%
(SS OP2)
(T13 D=0.375 CR=0. TAPER=45DEG - ZMIN=0.5394 - CHAMFER MILL)
(T32 D=0.1875 CR=0. - ZMIN=0.4434 - FLAT END MILL)
(T35 D=0.375 CR=0. - ZMIN=0.007 - FLAT END MILL)
(T72 D=0.1875 CR=0.0937 - ZMIN=0.0722 - BALL END MILL)
G90 G94 G17 G91.1
G20
G53 G0 Z0.
(ADAPTIVE8)
T35 M6
T32
S7500 M3
G17 G90 G94
G54
G64 P0.004 Q0.004
M8
G0 X12.237 Y0.2604
G43 Z1.3241 H35
G0 Z0.082
G1 Z0.0445 F60.
X12.2367 Y0.2605 Z0.04
X12.236 Y0.2609 Z0.0355
X12.2349 Y0.2616 Z0.0312
X12.2333 Y0.2626 Z0.0271
X12.2313 Y0.2638 Z0.0232
X12.2288 Y0.2652 Z0.0196
X12.2261 Y0.2668 Z0.0164
X12.223 Y0.2686 Z0.0136
X12.2197 Y0.2705 Z0.0113
X12.2161 Y0.2726 Z0.0094
X12.2124 Y0.2748 Z0.0081
X12.2085 Y0.2771 Z0.0073
X12.2046 Y0.2794 Z0.007
G3 X12.1111 Y0.2359 I-0.0317 J-0.0541
G1 X12.1109 Y0.2348
X12.111 Y0.2331
X12.1111 Y0.2316
G3 X12.1775 Y0.2078 I0.0998 J0.1733
X12.2702 Y0.1943 I0.126 J0.5425
G1 X12.2746 Y0.1948
X12.279 Y0.1957
X12.2832 Y0.1972
X12.2871 Y0.1991
X12.2909 Y0.2015
X12.2943 Y0.2043
X12.2973 Y0.2075
G3 X12.269 Y0.2695 I-0.0284 J0.0245 F300.
G1 X12.1486 Y0.2698
G3 X12.1236 Y0.2604 I-0.0001 J-0.0375
X12.111 Y0.2331 I0.0249 J-0.0281 F60.
G1 Y0.2292
X12.112 Y0.2236
X12.113 Y0.2205
X12.1134 Y0.2191
X12.1138 Y0.2179
X12.116 Y0.2139
X12.1184 Y0.2102
X12.1212 Y0.2067
G3 X12.1499 Y0.2053 I0.0153 J0.0179
X12.1242 Y0.2448 I-0.0134 J0.0193 F300.
G1 X12.1211 Y0.2425 F60.
X12.1184 Y0.2398
G3 X12.1138 Y0.2179 I0.0181 J-0.0152
X12.1223 Y0.2056 I0.0329 J0.0136
G1 X12.1232 Y0.2049
X12.1242 Y0.2039
X12.1256 Y0.2028
G3 X12.1363 Y0.2045 I0.0043 J0.007
X12.1237 Y0.2149 I-0.0063 J0.0052
X12.1242 Y0.2039 I0.0063 J-0.0052
G1 X12.1251 Y0.2031
X12.1261 Y0.2025
X12.1275 Y0.2015
X12.1285 Y0.2009
X12.1308 Y0.1995
X12.1331 Y0.1983
X12.1355 Y0.1971
G3 X12.163 Y0.205 I0.0089 J0.0212
X12.1541 Y0.2392 I-0.0187 J0.0134 F300.
G1 X12.1516 Y0.2403
G3 X12.1207 Y0.2284 I-0.0097 J-0.0208
X12.1285 Y0.2009 I0.0212 J-0.009 F60.
X12.1476 Y0.1945 I0.0205 J0.03
G1 X12.1701
X12.6761
G2 X12.7436 Y0.192 I0.0034 J-0.8302
G1 X12.788 Y0.1914
G3 X13.0541 Y0.185 I0.2385 J4.3973
G1 X13.0985 Y0.1846
X13.1424 Y0.1784
X13.1832 Y0.1609
X13.2191 Y0.1348
X13.2494 Y0.1024
X13.2739 Y0.0654
X13.2932 Y0.0255
X13.3079 Y-0.0164
X13.3186 Y-0.0595
G2 X13.3379 Y-0.2357 I-1.0843 J-0.2076
G1 X13.3397 Y-0.2801
X13.3407 Y-0.3192
X13.3411 Y-0.3266
X13.3419 Y-0.334
X13.3432 Y-0.3414
G2 X13.3533 Y-0.5342 I-0.6471 J-0.1308
G1 X13.3512 Y-0.5785
G3 X13.3437 Y-0.8446 I3.647 J-0.2349
G1 X13.3433 Y-0.8889
X13.3358 Y-0.9327
X13.3174 Y-0.973
X13.2905 Y-1.0084
X13.2576 Y-1.0381
X13.2203 Y-1.0621
X13.1801 Y-1.0809
X13.1381 Y-1.0952
X13.0949 Y-1.1056
G2 X12.9186 Y-1.1243 I-0.2083 J1.123
G1 X12.8191 Y-1.1276
X12.8127 Y-1.1281
X12.8063 Y-1.1291
G2 X12.6874 Y-1.1393 I-0.1178 J0.6742
G1 X12.5524 Y-1.1394
X12.1589
G3 X12.1364 Y-1.1416 I-0.0062 J-0.0519
G1 X12.1307 Y-1.1442
X12.1251 Y-1.148
G3 X12.1139 Y-1.1748 I0.0262 J-0.0268
G1 X12.1142 Y-1.1758
X12.1208 Y-1.1965 F300.
X12.1476 Y-1.2156
X12.2263 Y-1.2594
G3 X12.2713 Y-1.269 I0.0425 J0.0888
G1 X12.7099 Y-1.2697
X13.0023 Y-1.2488
X13.1147 Y-1.2332
X13.2061 Y-1.2101
X13.2722 Y-1.1812
X13.3396 Y-1.1388
X13.4044 Y-1.073
X13.4345 Y-1.0281
X13.4633 Y-0.9577
X13.4725 Y-0.9046
X13.4773 Y-0.5454
G3 X13.3647 Y-0.5058 I-0.0622 J0.003
X13.3533 Y-0.5342 I0.0504 J-0.0367 F60.
G2 X13.3232 Y-0.6801 I-0.652 J0.0582
G3 X13.308 Y-0.7529 I0.4607 J-0.1342
G1 X13.3025 Y-0.797
X13.2927 Y-0.8402
X13.2753 Y-0.8811
X13.2512 Y-0.9183
X13.2214 Y-0.9512
X13.187 Y-0.9793
X13.1493 Y-1.0027
X13.1092 Y-1.0216
X13.0675 Y-1.0366
X13.0449 Y-1.0428
X13.0342 Y-1.0461
X13.0238 Y-1.0504
X13.0139 Y-1.0556
G2 X12.8063 Y-1.1291 I-0.3172 J0.5662
G1 X12.802 Y-1.1302
X12.7979 Y-1.1318
X12.794 Y-1.1339
X12.7904 Y-1.1365
X12.7871 Y-1.1394
X12.7842 Y-1.1427
X12.7817 Y-1.1463
G3 X12.8111 Y-1.2032 I0.0321 J-0.0195 F300.
G1 X12.9376 Y-1.2189
G3 X12.991 Y-1.2118 I0.0141 J0.0974
G1 X13.1849 Y-1.1291
X13.2497 Y-1.0922
X13.3171 Y-1.0386
X13.3621 Y-0.986
X13.3914 Y-0.9383
X13.4426 Y-0.7138
G3 X13.3406 Y-0.655 I-0.0612 J0.0117
X13.3231 Y-0.6801 I0.0408 J-0.0471 F60.
G2 X13.014 Y-1.0558 I-0.6325 J0.2055
G1 X13.0104 Y-1.0583
X13.0071 Y-1.0612
X13.0042 Y-1.0645
X13.0017 Y-1.0681
X12.9996 Y-1.072
X12.998 Y-1.0761
X12.9969 Y-1.0804
G3 X13.0472 Y-1.1224 I0.0368 J-0.007 F300.
G1 X13.1934 Y-1.0802
G3 X13.2382 Y-1.0506 I-0.0299 J0.0938
G1 X13.3171 Y-0.9645
X13.38 Y-0.8709
X13.421 Y-0.7924
X13.4602 Y-0.6801
X13.4838 Y-0.5454
X13.4854 Y-0.4331
X13.4558 Y-0.0924
X13.4425 Y-0.0178
X13.4183 Y0.0614
X13.3799 Y0.1394
X13.3499 Y0.1843
X13.2783 Y0.2532
X13.2272 Y0.2833
X13.1822 Y0.3016
X13.1372 Y0.3117
X12.7549 Y0.3162
G3 X12.7149 Y0.2025 I-0.005 J-0.0621
X12.7436 Y0.1921 I0.035 J0.0515 F60.
G2 X12.8898 Y0.164 I-0.0482 J-0.6465
G3 X12.9613 Y0.1493 I0.1413 J0.5058
G1 X13.0053 Y0.1439
X13.0488 Y0.1351
X13.09 Y0.1187
X13.1278 Y0.0954
X13.1612 Y0.0662
X13.19 Y0.0324
X13.2139 Y-0.0049
X13.2334 Y-0.0448
X13.2489 Y-0.0864
X13.2562 Y-0.1127
X13.2595 Y-0.1226
X13.2636 Y-0.1321
X13.2685 Y-0.1413
G2 X13.3432 Y-0.3414 I-0.5701 J-0.3267
G1 X13.3445 Y-0.3456
X13.3462 Y-0.3497
X13.3484 Y-0.3535
X13.3511 Y-0.357
X13.3541 Y-0.3602
X13.3575 Y-0.363
X13.3612 Y-0.3654
G3 X13.4171 Y-0.3321 I0.0184 J0.0327 F300.
G1 X13.4294 Y-0.1974
G3 X13.4207 Y-0.1525 I-0.0983 J0.0044
G1 X13.3429 Y0.0271
X13.2946 Y0.1083
X13.2488 Y0.1618
X13.2047 Y0.2
X13.1485 Y0.2346
X13.0795 Y0.2516
X12.9235 Y0.2836
G3 X12.8647 Y0.1816 I-0.0118 J-0.0612
X12.8786 Y0.1697 I0.0471 J0.0408 F60.
G1 X12.8898 Y0.1641
G2 X13.2685 Y-0.1413 I-0.1979 J-0.6329
G1 X13.2711 Y-0.1449 Z0.0071
X13.2741 Y-0.1481 Z0.0073
X13.2775 Y-0.1509 Z0.0074
X13.2812 Y-0.1533 Z0.0075
X13.2852 Y-0.1553 Z0.0076
X13.2893 Y-0.1568 Z0.0078
X13.2936 Y-0.1578 Z0.0079
G3 X13.3351 Y-0.1076 Z0.0102 I0.0064 J0.037 F300.
G1 X13.2906 Y0.0383 Z0.0341
G3 X13.2609 Y0.083 Z0.0471 I-0.0937 J-0.0301
G1 X13.1709 Y0.1646 Z0.083
X13.0863 Y0.2198 Z0.1178
X13.0248 Y0.2497 Z0.1428
X12.6785 Y0.3863 Z0.2707
X12.6773 Y0.3868 Z0.271
X12.6761 Y0.3872 Z0.2714
G3 X12.6649 Y0.3905 Z0.2745 I-0.033 J-0.0927
X12.6537 Y0.3923 Z0.2775 I-0.0217 J-0.096
X12.6424 Y0.3929 Z0.2803 I-0.0105 J-0.0979
X12.6312 Y0.3922 Z0.2831 I0.0008 J-0.0984
X12.6199 Y0.3901 Z0.2858 I0.012 J-0.0977
X12.6087 Y0.3866 Z0.2885 I0.0233 J-0.0956
G1 X12.6078 Y0.3863 Z0.2887
G3 X12.5974 Y0.3816 Z0.2912 I0.0353 J-0.0919
X12.5867 Y0.3751 Z0.2938 I0.0457 J-0.0871
G1 X12.5862 Y0.3747 Z0.2939
G3 X12.5749 Y0.3654 Z0.2968 I0.057 J-0.0802
G1 X12.5734 Y0.3639 Z0.2972
G3 X12.5638 Y0.3526 Z0.3 I0.0698 J-0.0694
G1 X12.5637 Y0.3525
G3 X12.634 Y0.1965 Z0.3159 I0.0795 J-0.058
G1 X12.6354 Y0.1963 Z0.316 F60.
G3 X12.6649 Y0.1945 I0.0753 J0.9544
G2 X12.9479 Y0.1397 I0.0121 J-0.696
X13.2429 Y-0.1075 I-0.2683 J-0.6197
X12.9346 Y-1.0896 I-0.5562 J-0.3648
X12.8223 Y-1.1241 I-0.2257 J0.5346
X12.6649 Y-1.1392 I-0.1447 J0.6812
G1 X12.6613 Y-1.1399 Z0.3163
X12.6577 Y-1.1407 Z0.3169
X12.6543 Y-1.1414 Z0.318
X12.6508 Y-1.1432 Z0.3198
X12.6476 Y-1.1449 Z0.3221
X12.6447 Y-1.1464 Z0.3249
X12.6427 Y-1.1483 Z0.328
X12.6411 Y-1.1498 Z0.3314
X12.6397 Y-1.1511 Z0.335
X12.6388 Y-1.152 Z0.3389
X12.6382 Y-1.1525 Z0.3429
X12.638 Y-1.1527 Z0.3469
G0 Z0.9241
X12.4254 Y0.2389
Z0.461
G1 Z0.4235 F60.
X12.4257 Y0.2388 Z0.419
X12.4265 Y0.2386 Z0.4146
X12.4278 Y0.2382 Z0.4102
X12.4296 Y0.2377 Z0.4061
X12.4318 Y0.2371 Z0.4022
X12.4345 Y0.2363 Z0.3987
X12.4376 Y0.2355 Z0.3955
X12.441 Y0.2345 Z0.3927
X12.4447 Y0.2334 Z0.3903
X12.4487 Y0.2323 Z0.3885
X12.4529 Y0.2312 Z0.3871
X12.4572 Y0.2299 Z0.3863
X12.4615 Y0.2287 Z0.386
G3 X12.6649 Y0.1945 I0.2598 J0.9214
G2 X13.0135 Y0.1023 I0.0064 J-0.6811
X12.8785 Y-1.1068 I-0.3351 J-0.5747
X12.7549 Y-1.134 I-0.1908 J0.575
X12.67 Y-1.1391 I-0.0818 J0.648
G1 X12.6664 Y-1.1399 Z0.3863
X12.6628 Y-1.1406 Z0.3869
X12.6594 Y-1.1414 Z0.388
X12.6559 Y-1.1432 Z0.3898
X12.6527 Y-1.145 Z0.3921
X12.6499 Y-1.1465 Z0.3949
X12.6479 Y-1.1484 Z0.398
X12.6462 Y-1.1499 Z0.4014
X12.6449 Y-1.1512 Z0.405
X12.644 Y-1.1521 Z0.4089
X12.6434 Y-1.1527 Z0.4129
X12.6432 Y-1.1529 Z0.4169
G0 Z0.9241
X12.4259 Y0.2415
Z0.531
G1 Z0.4935 F60.
X12.4262 Z0.489
X12.427 Y0.2412 Z0.4846
X12.4283 Y0.2408 Z0.4802
X12.4301 Y0.2403 Z0.4761
X12.4323 Y0.2397 Z0.4722
X12.435 Y0.2389 Z0.4687
X12.4381 Y0.238 Z0.4655
X12.4415 Y0.237 Z0.4627
X12.4452 Y0.2359 Z0.4603
X12.4492 Y0.2347 Z0.4585
X12.4533 Y0.2335 Z0.4571
X12.4576 Y0.2322 Z0.4563
X12.4619 Y0.231 Z0.456
G3 X12.6649 Y0.1944 I0.2701 J0.9185
G2 X13.0361 Y0.0831 I-0.001 J-0.6779
X13.3252 Y-0.5903 I-0.3662 J-0.556
X12.67 Y-1.1388 I-0.6577 J0.1201
G1 X12.6664 Y-1.1397 Z0.4563
X12.6628 Y-1.1406 Z0.4569
X12.6594 Y-1.1414 Z0.458
X12.656 Y-1.1433 Z0.4598
X12.6528 Y-1.1451 Z0.4621
X12.6499 Y-1.1466 Z0.4649
X12.648 Y-1.1485 Z0.468
X12.6464 Y-1.1501 Z0.4714
X12.6451 Y-1.1514 Z0.475
X12.6441 Y-1.1523 Z0.4789
X12.6435 Y-1.1529 Z0.4829
X12.6433 Y-1.1531 Z0.4869
G0 Z0.9241
X12.173 Y0.2167
Z0.601
G1 Z0.5635 F60.
X12.1728 Y0.2166 Z0.559
X12.172 Y0.2164 Z0.5546
X12.1707 Y0.2161 Z0.5502
X12.1689 Y0.2156 Z0.5461
X12.1666 Y0.215 Z0.5422
X12.1639 Y0.2143 Z0.5387
X12.1608 Y0.2135 Z0.5355
X12.1574 Y0.2126 Z0.5327
X12.1536 Y0.2116 Z0.5303
X12.1496 Y0.2105 Z0.5285
X12.1455 Y0.2094 Z0.5271
X12.1411 Y0.2083 Z0.5263
X12.1368 Y0.2071 Z0.526
X12.1243 Y0.2038
G3 X12.1476 Y0.1945 I0.0249 J0.0286
G1 X12.1589
G3 X12.185 Y0.2064 I-0.0013 J0.0375
G1 X12.186 Y0.2075
G2 X12.2713 Y0.2714 I0.2266 J-0.2133 F300.
X12.2883 Y0.2755 I0.017 J-0.0334
G1 X12.5371 Y0.2754
G2 X12.5542 Y0.2713 I0. J-0.0375
X12.6383 Y0.2084 I-0.1416 J-0.2771
G1 X12.6404 Y0.2062 F60.
G3 X12.6649 Y0.1943 I0.0275 J0.0255
G2 X13.2865 Y-0.2423 I-0.0072 J-0.6711
X12.7998 Y-1.1235 I-0.6252 J-0.2297
X12.6649 Y-1.139 I-0.1411 J0.6323
G1 X12.6537 Y-1.1393
G3 X12.6277 Y-1.1515 I0.0017 J-0.0375
G1 X12.6267 Y-1.1526
G2 X12.5453 Y-1.215 I-0.2202 J0.2028 F300.
X12.5279 Y-1.2193 I-0.0174 J0.0332
G1 X12.285
G2 X12.2676 Y-1.2151 I0. J0.0375
X12.186 Y-1.1524 I0.1388 J0.2653
G1 X12.1852 Y-1.1516 F60.
G3 X12.1589 Y-1.1394 I-0.0277 J-0.0253
X12.1364 Y-1.1416 I-0.0062 J-0.0519
G1 X12.1307 Y-1.1442
X12.1251 Y-1.148
X12.1229 Y-1.1509 Z0.5263
X12.1207 Y-1.1538 Z0.5269
X12.1186 Y-1.1566 Z0.528
X12.1172 Y-1.1602 Z0.5298
X12.1159 Y-1.1636 Z0.5321
X12.1147 Y-1.1667 Z0.5349
X12.1145 Y-1.1694 Z0.538
X12.1142 Y-1.1716 Z0.5413
X12.114 Y-1.1734 Z0.545
X12.1139 Y-1.1748 Z0.5488
Y-1.1756 Z0.5529
Y-1.1758 Z0.557
G0 Z0.9241
X12.173 Y0.2167
Z0.671
G1 Z0.6335 F60.
X12.1728 Y0.2166 Z0.629
X12.172 Y0.2164 Z0.6246
X12.1707 Y0.2161 Z0.6202
X12.1689 Y0.2156 Z0.6161
X12.1666 Y0.215 Z0.6122
X12.1639 Y0.2143 Z0.6087
X12.1608 Y0.2135 Z0.6055
X12.1574 Y0.2126 Z0.6027
X12.1536 Y0.2116 Z0.6003
X12.1496 Y0.2105 Z0.5985
X12.1455 Y0.2094 Z0.5971
X12.1411 Y0.2083 Z0.5963
X12.1368 Y0.2071 Z0.596
X12.1243 Y0.2038
G3 X12.1476 Y0.1945 I0.0249 J0.0286
G1 X12.1589
G3 X12.185 Y0.2064 I-0.0013 J0.0375
G1 X12.186 Y0.2075
G2 X12.2875 Y0.2769 I0.2092 J-0.1971 F300.
X12.3016 Y0.2796 I0.014 J-0.0348
G1 X12.4889
G2 X12.5029 Y0.2769 I0. J-0.0375
X12.6042 Y0.2078 I-0.1077 J-0.2665
G1 X12.6055 Y0.2064 F60.
G3 X12.6312 Y0.1945 I0.0274 J0.0256
G2 X12.9152 Y0.1397 I0.0129 J-0.6967
X13.2102 Y-0.1075 I-0.2678 J-0.6191
X13.2962 Y-0.6464 I-0.5566 J-0.3651
X12.6537 Y-1.1388 I-0.6452 J0.1765
G1 X12.6312 Y-1.1394
G3 X12.6052 Y-1.1516 I0.0017 J-0.0375
G1 X12.6042 Y-1.1527
G2 X12.5047 Y-1.2224 I-0.209 J0.1924 F300.
X12.4902 Y-1.2253 I-0.0144 J0.0346
G1 X12.3002
G2 X12.2858 Y-1.2224 I0. J0.0375
X12.186 Y-1.1524 I0.1094 J0.2621
G1 X12.1853 Y-1.1516 F60.
G3 X12.1589 Y-1.1394 I-0.0277 J-0.0253
X12.1364 Y-1.1416 I-0.0062 J-0.0519
G1 X12.1307 Y-1.1442
X12.1251 Y-1.148
X12.1229 Y-1.1509 Z0.5963
X12.1207 Y-1.1538 Z0.5969
X12.1186 Y-1.1566 Z0.598
X12.1172 Y-1.1602 Z0.5998
X12.1159 Y-1.1636 Z0.6021
X12.1147 Y-1.1667 Z0.6049
X12.1145 Y-1.1694 Z0.608
X12.1142 Y-1.1716 Z0.6113
X12.114 Y-1.1734 Z0.615
X12.1139 Y-1.1748 Z0.6188
Y-1.1756 Z0.6229
Y-1.1758 Z0.627
G0 Z0.9241
X12.2565 Y0.4032
Z0.741
G1 Z0.7035 F60.
X12.2563 Y0.4031 Z0.699
X12.2556 Y0.4026 Z0.6946
X12.2546 Y0.4017 Z0.6902
X12.2531 Y0.4006 Z0.6861
X12.2512 Y0.3991 Z0.6822
X12.249 Y0.3974 Z0.6787
X12.2465 Y0.3955 Z0.6755
X12.2437 Y0.3933 Z0.6727
X12.2406 Y0.3909 Z0.6703
X12.2374 Y0.3883 Z0.6685
X12.234 Y0.3857 Z0.6671
X12.2305 Y0.3829 Z0.6663
X12.2269 Y0.3802 Z0.666
G3 X12.1009 Y0.2169 I0.2556 J-0.3277
G1 X12.0984 Y0.2105
X12.0981 Y0.2096
G3 X12.1361 Y0.1809 I0.0583 J0.0378
X12.2187 Y0.1604 I0.1256 J0.3282
X12.3154 Y0.1507 I0.1311 J0.8216
G1 X12.3198 Y0.1511
X12.3241 Y0.152
X12.3283 Y0.1535
X12.3323 Y0.1554
X12.336 Y0.1578
X12.3394 Y0.1606
X12.3425 Y0.1638
G3 X12.3156 Y0.2257 I-0.0284 J0.0245 F300.
G1 X12.1344 Y0.2332
G3 X12.1203 Y0.2311 I-0.0015 J-0.0375
X12.0984 Y0.2105 I0.0125 J-0.0354 F60.
G1 X12.0969 Y0.2067
X12.0948 Y0.2011
X12.0944 Y0.1994
X12.094 Y0.1979
G3 X12.1088 Y0.1791 I0.0641 J0.035
X12.1823 Y0.1508 I0.0735 J0.0811
X12.2103 Y0.1622 I-0.0015 J0.0437
X12.2159 Y0.2205 I-0.0295 J0.0322 F300.
X12.1096 Y0.226 I-0.0555 J-0.0412
X12.0944 Y0.1994 I0.0509 J-0.0467 F60.
G1 X12.0933 Y0.1955
X12.0927 Y0.1899
X12.0929 Y0.1843
X12.0944 Y0.1784
G3 X12.1436 Y0.1508 I0.0492 J0.0299
X12.1708 Y0.1636 I-0.0013 J0.038
X12.1713 Y0.2135 I-0.0285 J0.0252 F300.
X12.103 Y0.2128 I-0.0339 J-0.0288
X12.0929 Y0.1843 I0.0344 J-0.0282 F60.
X12.1251 Y0.1512 I0.0379 J0.0047
G1 X12.1364 Y0.1508
X12.6199
G2 X12.7324 Y0.144 I-0.0021 J-0.9753
X12.8223 Y0.1241 I-0.1728 J-0.9951
X12.9838 Y0.0495 I-0.211 J-0.6691
X13.0447 Y0.0047 I-0.6669 J-0.9693
X13.1039 Y-0.0515 I-0.9896 J-1.1012
X13.171 Y-0.1393 I-0.632 J-0.5532
X13.2047 Y-0.1986 I-1.5288 J-0.9069
X13.2433 Y-0.2984 I-0.693 J-0.3251
G1 X13.2516 Y-0.3321
G2 X13.2655 Y-0.4219 I-0.4849 J-0.1212
X13.2674 Y-0.4893 I-0.322 J-0.0427
X13.2565 Y-0.5903 I-0.4901 J0.002
X13.236 Y-0.6688 I-0.5017 J0.089
G1 X13.2327 Y-0.6801
G2 X13.1922 Y-0.7701 I-0.7197 J0.2696
X13.126 Y-0.8675 I-0.6045 J0.3397
X12.6537 Y-1.095 I-0.4837 J0.4002
G1 X12.6312 Y-1.0956
X12.6087
X12.2151
G3 X12.1627 Y-1.1032 I-0.003 J-0.1657
X12.1174 Y-1.1968 I0.0297 J-0.0722
G1 X12.1226 Y-1.21
G3 X12.1463 Y-1.2284 I0.0329 J0.018
X12.1822 Y-1.2184 I0.0092 J0.0364 F300.
G1 X12.2404 Y-1.1595
G3 X12.2422 Y-1.1086 I-0.0267 J0.0264
X12.2151 Y-1.0956 I-0.0284 J-0.0245 F60.
G1 X12.1667
G3 X12.1073 Y-1.1738 I0.0025 J-0.0635
G1 X12.1116 Y-1.1864
G3 X12.1319 Y-1.2092 I0.0532 J0.027
X12.1707 Y-1.2188 I0.0328 J0.0498 F300.
X12.1961 Y-1.1043 I-0.0062 J0.0614
X12.1667 Y-1.0956 I-0.0315 J-0.0531 F60.
G1 X12.1457
G3 X12.1046 Y-1.1216 I0.0021 J-0.0491
X12.1022 Y-1.165 I0.0446 J-0.0243
X12.123 Y-1.1871 I0.0422 J0.019
X12.1504 Y-1.1919 I0.0213 J0.041 F300.
X12.1742 Y-1.1062 I-0.0063 J0.0479
X12.1457 Y-1.0956 I-0.0302 J-0.0377 F60.
G1 X12.1364
X12.1286 Y-1.0959
X12.1267 Y-1.096
X12.1251 Y-1.0961
G3 X12.1139 Y-1.0997 I0.0214 J-0.0862
X12.1064 Y-1.127 I0.0116 J-0.0178
X12.1255 Y-1.1388 I0.0191 J0.0095 F300.
X12.1466 Y-1.1146 I0. J0.0213
X12.1429 Y-1.1052 I-0.0211 J-0.0029 F60.
X12.1251 Y-1.0961 I-0.0177 J-0.0125
X12.1014 Y-1.1096 I0.006 J-0.038
G1 X12.0997 Y-1.1128 Z0.6663
X12.0981 Y-1.1161 Z0.6669
X12.0965 Y-1.1192 Z0.668
X12.0957 Y-1.123 Z0.6698
X12.095 Y-1.1266 Z0.6721
X12.0944 Y-1.1298 Z0.6749
X12.0943 Y-1.1316 Z0.6769
X12.0946 Y-1.1342 Z0.6804
X12.0948 Y-1.1363 Z0.6843
X12.0949 Y-1.1378 Z0.6883
X12.095 Y-1.1387 Z0.6926
X12.0951 Y-1.139 Z0.697
G0 Z0.9241
X12.2296 Y0.3781
Z0.7802
G1 Z0.7427 F60.
X12.2294 Y0.3779 Z0.7381
X12.2288 Y0.3773 Z0.7337
X12.2278 Y0.3764 Z0.7294
X12.2264 Y0.3752 Z0.7252
X12.2247 Y0.3736 Z0.7213
X12.2226 Y0.3717 Z0.7178
X12.2202 Y0.3696 Z0.7146
X12.2176 Y0.3672 Z0.7118
X12.2147 Y0.3646 Z0.7094
X12.2116 Y0.3618 Z0.7076
X12.2084 Y0.3589 Z0.7062
X12.2051 Y0.3559 Z0.7054
X12.2018 Y0.3529 Z0.7052
G3 X12.088 Y0.1809 I0.2789 J-0.3081
G1 X12.0856 Y0.173
X12.0851 Y0.1713
G3 X12.1186 Y0.1393 I0.0486 J0.0174
X12.1873 Y0.1198 I0.1113 J0.261
X12.3342 Y0.1052 I0.174 J1.0009
X12.5561 Y0.1013 I0.2158 J6.0028
G1 X12.6004 Y0.1001
G2 X12.7758 Y0.0754 I-0.0185 J-0.7682
G1 X12.8182 Y0.0623
X12.8596 Y0.0462
X12.8997 Y0.0272
X12.9382 Y0.0051
X12.975 Y-0.0196
X13.0096 Y-0.0474
X13.0421 Y-0.0776
X13.0721 Y-0.1103
X13.0994 Y-0.1453
X13.124 Y-0.1822
X13.1455 Y-0.221
X13.164 Y-0.2614
X13.179 Y-0.3031
X13.1908 Y-0.3459
X13.1991 Y-0.3895
X13.204 Y-0.4336
X13.2054 Y-0.4779
X13.2031 Y-0.5222
X13.1974 Y-0.5662
X13.1882 Y-0.6097
X13.1756 Y-0.6522
X13.1596 Y-0.6936
X13.1404 Y-0.7336
X13.118 Y-0.7719
X13.0928 Y-0.8084
X13.0647 Y-0.8427
X13.0339 Y-0.8747
X13.0009 Y-0.9043
X12.9655 Y-0.9311
X12.9281 Y-0.955
X12.889 Y-0.976
X12.8483 Y-0.9937
X12.8064 Y-1.0083
X12.7635 Y-1.0195
G2 X12.5874 Y-1.0402 I-0.2086 J1.0184
X12.2769 Y-1.0452 I-0.2609 J6.5931
G3 X12.1833 Y-1.0475 I-0.02 J-1.0857
X12.1435 Y-1.0569 I0.0134 J-0.1449
X12.1011 Y-1.1617 I0.0348 J-0.0751
X12.123 Y-1.1823 I0.0345 J0.0147
G1 X12.1272 Y-1.1839 Z0.7054
X12.1314 Y-1.1854 Z0.7062
X12.1355 Y-1.1868 Z0.7076
X12.1394 Y-1.1882 Z0.7094
X12.143 Y-1.1895 Z0.7118
X12.1464 Y-1.1907 Z0.7146
X12.1494 Y-1.1918 Z0.7178
X12.152 Y-1.1927 Z0.7213
X12.1542 Y-1.1935 Z0.7252
X12.156 Y-1.1941 Z0.7294
X12.1573 Y-1.1946 Z0.7337
X12.158 Y-1.1948 Z0.7381
X12.1583 Y-1.1949 Z0.7427
G0 Z0.7802
X12.1304 Y0.224
G1 Z0.7427 F60.
X12.1302 Y0.2238 Z0.7381
X12.1296 Y0.2233 Z0.7337
X12.1286 Y0.2224 Z0.7294
X12.1273 Y0.2211 Z0.7252
X12.1255 Y0.2195 Z0.7213
X12.1234 Y0.2177 Z0.7178
X12.1211 Y0.2155 Z0.7146
X12.1184 Y0.2131 Z0.7118
X12.1156 Y0.2105 Z0.7094
X12.1125 Y0.2078 Z0.7076
X12.1093 Y0.2048 Z0.7062
X12.106 Y0.2019 Z0.7054
X12.1026 Y0.1988 Z0.7052
G3 X12.0856 Y0.173 I0.0418 J-0.0462
G1 X12.0825 Y0.1631
X12.0822 Y0.162
G3 X12.1017 Y0.1324 I0.0554 J0.0152
X12.1764 Y0.0926 I0.1352 J0.1636
X12.2853 Y0.0677 I0.1741 J0.5118
X12.4603 Y0.0546 I0.2019 J1.5162
G2 X12.6374 Y0.0444 I-0.0333 J-2.1163
G1 X12.6813 Y0.0376
X12.7247 Y0.0285
X12.7675 Y0.0166
X12.8093 Y0.0017
X12.8498 Y-0.0163
X12.8888 Y-0.0375
X12.926 Y-0.0618
X12.961 Y-0.089
X12.9936 Y-0.1191
X13.0236 Y-0.1518
X13.0505 Y-0.1871
X13.0742 Y-0.2246
X13.0946 Y-0.264
X13.1113 Y-0.3051
X13.1244 Y-0.3475
X13.1336 Y-0.3909
X13.139 Y-0.435
X13.1403 Y-0.4793
X13.1377 Y-0.5236
X13.131 Y-0.5675
X13.1204 Y-0.6106
X13.1061 Y-0.6526
X13.088 Y-0.6931
X13.0664 Y-0.7318
X13.0414 Y-0.7685
X13.0132 Y-0.8028
X12.9821 Y-0.8344
X12.9483 Y-0.8631
X12.912 Y-0.8887
X12.8736 Y-0.911
X12.8335 Y-0.9298
X12.7919 Y-0.9454
X12.7493 Y-0.9579
G2 X12.5741 Y-0.9851 I-0.2442 J0.9968
X12.3081 Y-0.9943 I-0.2615 J3.7024
G3 X12.2135 Y-1.0003 I-0.0044 J-0.6831
X12.1331 Y-1.0289 I0.0295 J-0.2104
X12.09 Y-1.0985 I0.0577 J-0.0838
G1 X12.0891 Y-1.1153
X12.0911 Y-1.132
X12.0958 Y-1.1481
G3 X12.1177 Y-1.1687 I0.0345 J0.0147
G1 X12.122 Y-1.1702 Z0.7054
X12.1262 Y-1.1717 Z0.7062
X12.1302 Y-1.1732 Z0.7076
X12.1341 Y-1.1746 Z0.7094
X12.1378 Y-1.1759 Z0.7118
X12.1411 Y-1.1771 Z0.7146
X12.1441 Y-1.1781 Z0.7178
X12.1468 Y-1.1791 Z0.7213
X12.149 Y-1.1799 Z0.7252
X12.1507 Y-1.1805 Z0.7294
X12.152 Y-1.1809 Z0.7337
X12.1528 Y-1.1812 Z0.7381
X12.153 Y-1.1813 Z0.7427
G0 Z0.7802
X12.1274 Y0.2141
G1 Z0.7427 F60.
X12.1272 Y0.2139 Z0.7381
X12.1266 Y0.2134 Z0.7337
X12.1256 Y0.2125 Z0.7294
X12.1242 Y0.2112 Z0.7252
X12.1225 Y0.2096 Z0.7213
X12.1204 Y0.2078 Z0.7178
X12.118 Y0.2056 Z0.7146
X12.1154 Y0.2032 Z0.7118
X12.1125 Y0.2006 Z0.7094
X12.1094 Y0.1978 Z0.7076
X12.1062 Y0.1949 Z0.7062
X12.1029 Y0.192 Z0.7054
X12.0996 Y0.1889 Z0.7052
G3 X12.0825 Y0.1631 I0.0418 J-0.0462
G1 X12.0821 Y0.1618
X12.0801 Y0.1547
X12.0791 Y0.1506
X12.0785 Y0.1476
G3 X12.1134 Y0.0991 I0.0991 J0.0344
X12.2112 Y0.0477 I0.1798 J0.2238
X12.3437 Y0.0184 I0.2091 J0.6308
X12.5205 Y0.0034 I0.3148 J2.6571
G1 X12.5647 Y-0.0007
X12.6087 Y-0.0061
X12.6525 Y-0.0134
X12.6958 Y-0.0232
X12.7383 Y-0.0358
X12.7799 Y-0.0514
X12.82 Y-0.0702
X12.8585 Y-0.0924
X12.8949 Y-0.1178
X12.9287 Y-0.1465
X12.9598 Y-0.1782
X12.9876 Y-0.2127
X13.012 Y-0.2498
X13.0325 Y-0.2891
X13.049 Y-0.3304
X13.0612 Y-0.373
X13.069 Y-0.4167
X13.0722 Y-0.461
X13.071 Y-0.5053
X13.0651 Y-0.5493
X13.0546 Y-0.5924
X13.0398 Y-0.6342
X13.0208 Y-0.6743
X12.9977 Y-0.7122
X12.9708 Y-0.7475
X12.9404 Y-0.7799
X12.9069 Y-0.8089
X12.8706 Y-0.8345
X12.8321 Y-0.8566
X12.7919 Y-0.8753
X12.7503 Y-0.8908
X12.7078 Y-0.9035
X12.6646 Y-0.9136
X12.621 Y-0.9216
G2 X12.4 Y-0.9405 I-0.265 J1.7973
G3 X12.259 Y-0.9489 I0.0303 J-1.6894
X12.1538 Y-0.979 I0.0418 J-0.3451
X12.1052 Y-1.0162 I0.0765 J-0.1503
X12.0817 Y-1.1005 I0.0869 J-0.0697
G1 X12.0856 Y-1.118
G3 X12.106 Y-1.1401 I0.0354 J0.0123
G1 X12.1102 Y-1.1419 Z0.7054
X12.1142 Y-1.1437 Z0.7062
X12.1182 Y-1.1455 Z0.7076
X12.122 Y-1.1471 Z0.7094
X12.1255 Y-1.1487 Z0.7118
X12.1288 Y-1.1501 Z0.7146
X12.1317 Y-1.1514 Z0.7178
X12.1343 Y-1.1525 Z0.7213
X12.1364 Y-1.1534 Z0.7252
X12.1381 Y-1.1542 Z0.7294
X12.1394 Y-1.1547 Z0.7337
X12.1401 Y-1.155 Z0.7381
X12.1404 Y-1.1552 Z0.7427
G0 Z0.7802
X12.1209 Y0.2041
G1 Z0.7427 F60.
X12.1207 Y0.2039 Z0.7381
X12.1202 Y0.2033 Z0.7337
X12.1192 Y0.2023 Z0.7294
X12.1179 Y0.201 Z0.7252
X12.1163 Y0.1993 Z0.7213
X12.1143 Y0.1973 Z0.7178
X12.1121 Y0.1951 Z0.7146
X12.1096 Y0.1925 Z0.7118
X12.1069 Y0.1897 Z0.7094
X12.104 Y0.1868 Z0.7076
X12.1009 Y0.1837 Z0.7062
X12.0978 Y0.1805 Z0.7054
X12.0946 Y0.1773 Z0.7052
G3 X12.0791 Y0.1506 I0.0444 J-0.0437
G1 X12.0759 Y0.1375
X12.0748 Y0.1316
G3 X12.115 Y0.0696 I0.1156 J0.0311
X12.1871 Y0.0224 I0.1747 J0.1879
X12.3084 Y-0.017 I0.2245 J0.4845
X12.4756 Y-0.0411 I0.2904 J1.4231
G2 X12.6506 Y-0.0696 I-0.1222 J-1.3014
G1 X12.6932 Y-0.0822
X12.7348 Y-0.0977
X12.7749 Y-0.1165
X12.8133 Y-0.1388
X12.8494 Y-0.1646
X12.8826 Y-0.194
X12.9126 Y-0.2267
X12.9388 Y-0.2625
X12.9608 Y-0.3011
X12.9782 Y-0.3419
X12.9907 Y-0.3845
X12.998 Y-0.4282
X13.0001 Y-0.4726
X12.9967 Y-0.5168
X12.9878 Y-0.5603
X12.9737 Y-0.6024
X12.9546 Y-0.6424
X12.9307 Y-0.6798
X12.9026 Y-0.7141
X12.8706 Y-0.7449
X12.8356 Y-0.7721
X12.798 Y-0.7957
X12.7584 Y-0.8158
X12.7174 Y-0.8326
G2 X12.545 Y-0.8735 I-0.2776 J0.7854
G1 X12.501 Y-0.8791
X12.4568 Y-0.8833
G3 X12.2919 Y-0.8975 I0.2474 J-3.8393
X12.1747 Y-0.9282 I0.0636 J-0.4821
X12.1127 Y-0.9665 I0.0903 J-0.2154
X12.0764 Y-1.0842 I0.0799 J-0.0892
X12.0954 Y-1.1075 I0.0361 J0.0102
G1 X12.0995 Y-1.1095 Z0.7054
X12.1034 Y-1.1115 Z0.7062
X12.1073 Y-1.1135 Z0.7076
X12.111 Y-1.1154 Z0.7094
X12.1144 Y-1.1171 Z0.7118
X12.1176 Y-1.1187 Z0.7146
X12.1204 Y-1.1202 Z0.7178
X12.1229 Y-1.1215 Z0.7213
X12.125 Y-1.1225 Z0.7252
X12.1267 Y-1.1234 Z0.7294
X12.1279 Y-1.124 Z0.7337
X12.1286 Y-1.1243 Z0.7381
X12.1289 Y-1.1245 Z0.7427
G0 Z0.7802
X12.1177 Y0.191
G1 Z0.7427 F60.
X12.1175 Y0.1908 Z0.7381
X12.117 Y0.1902 Z0.7337
X12.116 Y0.1892 Z0.7294
X12.1147 Y0.1879 Z0.7252
X12.1131 Y0.1862 Z0.7213
X12.1111 Y0.1842 Z0.7178
X12.1089 Y0.182 Z0.7146
X12.1064 Y0.1794 Z0.7118
X12.1036 Y0.1767 Z0.7094
X12.1008 Y0.1737 Z0.7076
X12.0977 Y0.1706 Z0.7062
X12.0946 Y0.1675 Z0.7054
X12.0914 Y0.1642 Z0.7052
G3 X12.0759 Y0.1375 I0.0444 J-0.0437
G1 X12.0736 Y0.1281
X12.0717 Y0.1192
X12.0707 Y0.1133
G3 X12.1053 Y0.0477 I0.1208 J0.0218
X12.1817 Y-0.0107 I0.1977 J0.1795
X12.3265 Y-0.0626 I0.2594 J0.4959
G1 X12.3698 Y-0.0721
X12.4135 Y-0.0798
G2 X12.5883 Y-0.1105 I-0.3469 J-2.4848
G1 X12.6311 Y-0.1223
X12.6731 Y-0.1368
X12.7137 Y-0.1545
X12.7526 Y-0.1759
X12.789 Y-0.2012
X12.8224 Y-0.2305
X12.852 Y-0.2635
X12.8772 Y-0.3001
X12.8971 Y-0.3397
X12.9114 Y-0.3817
X12.9195 Y-0.4254
X12.921 Y-0.4697
X12.9158 Y-0.5138
X12.9043 Y-0.5566
X12.8866 Y-0.5973
X12.8633 Y-0.6351
X12.8352 Y-0.6695
X12.8031 Y-0.7001
X12.7678 Y-0.7269
X12.7298 Y-0.7499
X12.6899 Y-0.7693
X12.6486 Y-0.7855
G2 X12.4757 Y-0.8246 I-0.2842 J0.8546
G1 X12.4318 Y-0.8305
X12.3877 Y-0.8358
G3 X12.2521 Y-0.8585 I0.1096 J-1.0722
X12.1317 Y-0.9086 I0.0932 J-0.3938
X12.0831 Y-0.9576 I0.0883 J-0.1362
X12.068 Y-1.0443 I0.1123 J-0.0643
G1 X12.0692 Y-1.0486
X12.0709 Y-1.0526
X12.073 Y-1.0565
X12.0756 Y-1.0601
X12.0786 Y-1.0633
X12.082 Y-1.0662
X12.0856 Y-1.0687
X12.0895 Y-1.071 Z0.7054
X12.0934 Y-1.0732 Z0.7062
X12.0971 Y-1.0754 Z0.7076
X12.1006 Y-1.0775 Z0.7094
X12.104 Y-1.0795 Z0.7118
X12.107 Y-1.0813 Z0.7146
X12.1098 Y-1.0829 Z0.7178
X12.1122 Y-1.0844 Z0.7213
X12.1142 Y-1.0855 Z0.7252
X12.1158 Y-1.0865 Z0.7294
X12.117 Y-1.0872 Z0.7337
X12.1177 Y-1.0876 Z0.7381
X12.1179 Y-1.0877 Z0.7427
G0 Z0.7802
X12.112 Y0.1738
G1 Z0.7427 F60.
X12.1118 Y0.1736 Z0.7381
X12.1112 Y0.173 Z0.7337
X12.1103 Y0.172 Z0.7294
X12.1091 Y0.1707 Z0.7252
X12.1075 Y0.1689 Z0.7213
X12.1056 Y0.1669 Z0.7178
X12.1034 Y0.1646 Z0.7146
X12.101 Y0.1619 Z0.7118
X12.0983 Y0.1591 Z0.7094
X12.0955 Y0.1561 Z0.7076
X12.0926 Y0.1529 Z0.7062
X12.0895 Y0.1497 Z0.7054
X12.0864 Y0.1463 Z0.7052
G3 X12.0717 Y0.1192 I0.0456 J-0.0424
G1 X12.0712 Y0.1169
X12.0677 Y0.0975
G3 X12.0698 Y0.0738 I0.0542 J-0.0072
X12.1197 Y-0.002 I0.1599 J0.0509
X12.2252 Y-0.0699 I0.2357 J0.2503
X12.3253 Y-0.1052 I0.2599 J0.5785
G1 X12.3683 Y-0.1161
X12.4117 Y-0.1255
G2 X12.5845 Y-0.1657 I-0.3068 J-1.7089
G1 X12.6262 Y-0.1809
X12.6665 Y-0.1994
X12.7047 Y-0.222
X12.7399 Y-0.249
X12.7709 Y-0.2808
X12.7967 Y-0.3169
X12.8158 Y-0.3569
X12.8274 Y-0.3997
X12.831 Y-0.444
X12.8266 Y-0.4881
X12.8145 Y-0.5308
X12.7955 Y-0.5709
X12.7706 Y-0.6076
X12.7407 Y-0.6405
X12.7069 Y-0.6692
X12.67 Y-0.6939
X12.6308 Y-0.7146
X12.5899 Y-0.7318
X12.5478 Y-0.746
G2 X12.3745 Y-0.7837 I-0.4068 J1.4517
G3 X12.2374 Y-0.8155 I0.1934 J-1.1458
X12.1256 Y-0.868 I0.1265 J-0.4145
X12.0724 Y-0.9206 I0.128 J-0.1828
X12.0596 Y-0.9616 I0.0492 J-0.0379
G1 X12.0608 Y-0.9832
G3 X12.0753 Y-1.0095 I0.0373 J0.0034
G1 X12.0788 Y-1.0123 Z0.7054
X12.0824 Y-1.015 Z0.7062
X12.0858 Y-1.0176 Z0.7076
X12.0891 Y-1.0202 Z0.7094
X12.0921 Y-1.0225 Z0.7118
X12.095 Y-1.0247 Z0.7146
X12.0975 Y-1.0267 Z0.7178
X12.0997 Y-1.0284 Z0.7213
X12.1016 Y-1.0298 Z0.7252
X12.1031 Y-1.0309 Z0.7294
X12.1041 Y-1.0317 Z0.7337
X12.1048 Y-1.0322 Z0.7381
X12.105 Y-1.0324 Z0.7427
G0 Z0.7802
X12.1061 Y0.1535
G1 Z0.7427 F60.
X12.1059 Y0.1533 Z0.7381
X12.1054 Y0.1527 Z0.7337
X12.1045 Y0.1516 Z0.7294
X12.1033 Y0.1502 Z0.7252
X12.1017 Y0.1485 Z0.7213
X12.0999 Y0.1464 Z0.7178
X12.0978 Y0.1439 Z0.7146
X12.0955 Y0.1412 Z0.7118
X12.0929 Y0.1383 Z0.7094
X12.0902 Y0.1352 Z0.7076
X12.0874 Y0.1319 Z0.7062
X12.0845 Y0.1286 Z0.7054
X12.0815 Y0.1252 Z0.7052
G3 X12.0677 Y0.0975 I0.0471 J-0.0408
G1 X12.0671 Y0.0945
X12.0653 Y0.0832
X12.0638 Y0.0701
G3 X12.076 Y0.0182 I0.1029 J-0.0032
X12.1587 Y-0.0714 I0.2159 J0.1163
X12.2843 Y-0.1347 I0.2811 J0.4012
X12.4451 Y-0.1808 I0.4729 J1.3484
G1 X12.4879 Y-0.1923
X12.5303 Y-0.2054
X12.5719 Y-0.221
X12.6117 Y-0.2405
X12.6485 Y-0.2654
X12.6799 Y-0.2967
X12.7036 Y-0.3342
X12.7181 Y-0.3761
X12.723 Y-0.4202
X12.7185 Y-0.4644
X12.7053 Y-0.5068
X12.6848 Y-0.5461
X12.658 Y-0.5815
X12.6263 Y-0.6126
X12.5909 Y-0.6393
X12.5528 Y-0.662
X12.5127 Y-0.681
X12.4713 Y-0.6971
X12.4291 Y-0.7108
X12.3865 Y-0.7231
X12.3437 Y-0.7346
G3 X12.2095 Y-0.7771 I0.2695 J-1.0848
X12.1078 Y-0.8343 I0.1615 J-0.4058
X12.0643 Y-0.8993 I0.083 J-0.1025
G1 X12.0602 Y-0.9187
X12.0591 Y-0.9384
X12.0595 Y-0.9607
X12.0596 Y-0.9616
G3 X12.0741 Y-0.988 I0.0373 J0.0034
G1 X12.0777 Y-0.9907 Z0.7054
X12.0812 Y-0.9935 Z0.7062
X12.0846 Y-0.9961 Z0.7076
X12.0879 Y-0.9986 Z0.7094
X12.091 Y-1.001 Z0.7118
X12.0938 Y-1.0032 Z0.7146
X12.0963 Y-1.0051 Z0.7178
X12.0985 Y-1.0068 Z0.7213
X12.1004 Y-1.0082 Z0.7252
X12.1019 Y-1.0094 Z0.7294
X12.1029 Y-1.0102 Z0.7337
X12.1036 Y-1.0107 Z0.7381
X12.1038 Y-1.0109 Z0.7427
G0 Z0.7802
X12.0987 Y0.1284
G1 Z0.7427 F60.
X12.0985 Y0.1282 Z0.7381
X12.098 Y0.1275 Z0.7337
X12.0972 Y0.1264 Z0.7294
X12.096 Y0.125 Z0.7252
X12.0946 Y0.1231 Z0.7213
X12.0929 Y0.1209 Z0.7178
X12.091 Y0.1183 Z0.7146
X12.0888 Y0.1155 Z0.7118
X12.0865 Y0.1124 Z0.7094
X12.084 Y0.1092 Z0.7076
X12.0813 Y0.1057 Z0.7062
X12.0786 Y0.1022 Z0.7054
X12.0759 Y0.0986 Z0.7052
G3 X12.0638 Y0.0701 I0.0495 J-0.0379
G1 X12.0627 Y0.0608
X12.0614 Y0.0496
X12.0608 Y0.0383
G3 X12.0793 Y-0.0302 I0.1245 J-0.0031
X12.1668 Y-0.1193 I0.2375 J0.1457
X12.2893 Y-0.182 I0.3017 J0.4384
X12.416 Y-0.2255 I0.6139 J1.5796
G1 X12.458 Y-0.2399
X12.4991 Y-0.2565
G2 X12.562 Y-0.345 I-0.0862 J-0.1278
G1 X12.5718 Y-0.3883
X12.569 Y-0.4326
X12.5564 Y-0.4751
X12.5358 Y-0.5145
X12.5088 Y-0.5497
X12.477 Y-0.5806
X12.4417 Y-0.6074
X12.4039 Y-0.6307
X12.3645 Y-0.6511
X12.3241 Y-0.6695
G3 X12.1874 Y-0.7308 I0.7519 J-1.8597
X12.1009 Y-0.7875 I0.2047 J-0.4068
X12.0581 Y-0.8855 I0.089 J-0.0972
G1 X12.0582 Y-0.8934
X12.0591 Y-0.9384
G3 X12.0726 Y-0.9653 I0.0374 J0.002
G1 X12.0761 Y-0.9682 Z0.7054
X12.0795 Y-0.971 Z0.7062
X12.0828 Y-0.9738 Z0.7076
X12.086 Y-0.9764 Z0.7094
X12.089 Y-0.9789 Z0.7118
X12.0917 Y-0.9812 Z0.7146
X12.0942 Y-0.9832 Z0.7178
X12.0964 Y-0.985 Z0.7213
X12.0982 Y-0.9865 Z0.7252
X12.0996 Y-0.9877 Z0.7294
X12.1006 Y-0.9885 Z0.7337
X12.1013 Y-0.989 Z0.7381
X12.1015 Y-0.9892 Z0.7427
G0 Z0.7802
X12.0921 Y0.0986
G1 Z0.7427 F60.
X12.0919 Y0.0984 Z0.7381
X12.0914 Y0.0977 Z0.7337
X12.0907 Y0.0966 Z0.7294
X12.0897 Y0.095 Z0.7252
X12.0884 Y0.0931 Z0.7213
X12.0868 Y0.0908 Z0.7178
X12.085 Y0.0881 Z0.7146
X12.083 Y0.0851 Z0.7118
X12.0809 Y0.0819 Z0.7094
X12.0786 Y0.0785 Z0.7076
X12.0761 Y0.0749 Z0.7062
X12.0737 Y0.0712 Z0.7054
X12.0711 Y0.0675 Z0.7052
G3 X12.0608 Y0.0383 I0.0517 J-0.0348
G1 X12.0595 Y0.0159
X12.0591 Y-0.0043
G3 X12.0858 Y-0.0825 I0.1332 J0.0018
X12.1612 Y-0.1588 I0.2366 J0.1583
X12.2705 Y-0.2209 I0.3207 J0.4371
G1 X12.3236 Y-0.2447
G2 X12.4047 Y-0.3918 I-0.0731 J-0.1362
G1 X12.3999 Y-0.4359
X12.383 Y-0.4769
X12.3595 Y-0.5145
X12.331 Y-0.5486
X12.2989 Y-0.5792
X12.2644 Y-0.6071
X12.2283 Y-0.6329
G3 X12.1218 Y-0.7086 I0.7696 J-1.1961
X12.0868 Y-0.7431 I0.1844 J-0.2222
X12.0609 Y-0.8083 I0.1052 J-0.0795
X12.0581 Y-0.8855 I0.5763 J-0.0591
X12.0714 Y-0.9125 I0.0375 J0.0017
G1 X12.0749 Y-0.9154 Z0.7054
X12.0783 Y-0.9183 Z0.7062
X12.0816 Y-0.9211 Z0.7076
X12.0848 Y-0.9237 Z0.7094
X12.0877 Y-0.9262 Z0.7118
X12.0904 Y-0.9285 Z0.7146
X12.0929 Y-0.9306 Z0.7178
X12.095 Y-0.9324 Z0.7213
X12.0968 Y-0.9339 Z0.7252
X12.0982 Y-0.9351 Z0.7294
X12.0993 Y-0.936 Z0.7337
X12.0999 Y-0.9365 Z0.7381
X12.1001 Y-0.9367 Z0.7427
G0 Z0.7802
X12.0882 Y0.0571
G1 Z0.7427 F60.
X12.088 Y0.0568 Z0.7381
X12.0876 Y0.0561 Z0.7337
X12.0869 Y0.055 Z0.7294
X12.0859 Y0.0534 Z0.7252
X12.0847 Y0.0514 Z0.7213
X12.0832 Y0.049 Z0.7178
X12.0815 Y0.0463 Z0.7146
X12.0796 Y0.0433 Z0.7118
X12.0776 Y0.04 Z0.7094
X12.0754 Y0.0365 Z0.7076
X12.0731 Y0.0328 Z0.7062
X12.0708 Y0.029 Z0.7054
X12.0684 Y0.0252 Z0.7052
G3 X12.0591 Y-0.0043 I0.0529 J-0.0329
G1 X12.0583 Y-0.0464
G3 X12.0833 Y-0.119 I0.1342 J0.0056
X12.1565 Y-0.1971 I0.2458 J0.157
G1 X12.1706 Y-0.2081
X12.2071 Y-0.2334
X12.2146 Y-0.2415
X12.2425 Y-0.276
X12.2596 Y-0.317
X12.2662 Y-0.3608
X12.2634 Y-0.4051
X12.2524 Y-0.4481
X12.2347 Y-0.4888
X12.2118 Y-0.5268
X12.1851 Y-0.5623
X12.156 Y-0.5958
X12.1257 Y-0.6282
X12.1131 Y-0.6418
X12.1011 Y-0.6571
X12.0914 Y-0.674
X12.0844 Y-0.6922
G3 X12.0609 Y-0.8083 I0.5273 J-0.1672
X12.0709 Y-0.8367 I0.0374 J-0.0027
G1 X12.074 Y-0.84 Z0.7054
X12.0771 Y-0.8432 Z0.7062
X12.08 Y-0.8464 Z0.7076
X12.0829 Y-0.8494 Z0.7094
X12.0855 Y-0.8522 Z0.7118
X12.0879 Y-0.8548 Z0.7146
X12.0901 Y-0.8571 Z0.7178
X12.092 Y-0.8592 Z0.7213
X12.0936 Y-0.8609 Z0.7252
X12.0949 Y-0.8622 Z0.7294
X12.0958 Y-0.8632 Z0.7337
X12.0964 Y-0.8638 Z0.7381
X12.0966 Y-0.864 Z0.7427
G0 Z0.7802
X12.0874 Y0.0149
G1 Z0.7427 F60.
X12.0872 Y0.0147 Z0.7381
X12.0868 Y0.014 Z0.7337
X12.0861 Y0.0129 Z0.7294
X12.0851 Y0.0113 Z0.7252
X12.0839 Y0.0093 Z0.7213
X12.0824 Y0.0069 Z0.7178
X12.0807 Y0.0042 Z0.7146
X12.0788 Y0.0012 Z0.7118
X12.0768 Y-0.0021 Z0.7094
X12.0746 Y-0.0056 Z0.7076
X12.0723 Y-0.0093 Z0.7062
X12.07 Y-0.0131 Z0.7054
X12.0676 Y-0.0169 Z0.7052
G3 X12.0583 Y-0.0464 I0.0529 J-0.0329
G1 X12.0582 Y-0.0515
X12.0579 Y-0.0852
G3 X12.0861 Y-0.1644 I0.1479 J0.0081
G1 X12.0911 Y-0.1723
X12.0971 Y-0.1805
X12.1248 Y-0.2151
X12.1473 Y-0.2534
X12.1616 Y-0.2954
X12.1675 Y-0.3393
X12.1663 Y-0.3689
G3 X12.198 Y-0.4595 I0.1298 J-0.0055
X12.2072 Y-0.4667 I0.0275 J0.0255
G2 X12.2051 Y-0.4866 I-0.0053 J-0.0095
G3 X12.1877 Y-0.4978 I0.0108 J-0.0359
X12.0843 Y-0.6921 I0.4557 J-0.3671
G1 X12.0834 Y-0.6965
X12.0831 Y-0.7009
X12.0833 Y-0.7053
X12.084 Y-0.7097
X12.0852 Y-0.7139
X12.0869 Y-0.718
X12.089 Y-0.7219
X12.0914 Y-0.7257 Z0.7054
X12.0938 Y-0.7295 Z0.7062
X12.0961 Y-0.7331 Z0.7076
X12.0984 Y-0.7366 Z0.7094
X12.1004 Y-0.7399 Z0.7118
X12.1024 Y-0.7429 Z0.7146
X12.1041 Y-0.7456 Z0.7178
X12.1056 Y-0.7479 Z0.7213
X12.1068 Y-0.7499 Z0.7252
X12.1078 Y-0.7515 Z0.7294
X12.1085 Y-0.7526 Z0.7337
X12.109 Y-0.7533 Z0.7381
X12.1091 Y-0.7535 Z0.7427
G0 Z0.7802
X12.0864 Y-0.0235
G1 Z0.7427 F60.
X12.0862 Y-0.0238 Z0.7381
X12.0858 Y-0.0245 Z0.7337
X12.0851 Y-0.0256 Z0.7294
X12.0841 Y-0.0272 Z0.7252
X12.0829 Y-0.0292 Z0.7213
X12.0815 Y-0.0316 Z0.7178
X12.0798 Y-0.0343 Z0.7146
X12.078 Y-0.0374 Z0.7118
X12.0759 Y-0.0407 Z0.7094
X12.0738 Y-0.0442 Z0.7076
X12.0716 Y-0.0479 Z0.7062
X12.0692 Y-0.0517 Z0.7054
X12.0669 Y-0.0556 Z0.7052
G3 X12.0579 Y-0.0852 I0.0532 J-0.0324
X12.0614 Y-0.1413 I0.5882 J0.0083
G1 X12.0624 Y-0.1478
X12.0636 Y-0.1537
X12.0651 Y-0.1595
X12.0775 Y-0.2021
X12.0894 Y-0.2449
X12.0971 Y-0.2836
X12.0994 Y-0.2931
X12.1024 Y-0.3024
X12.1061 Y-0.3115
G3 X12.1291 Y-0.3308 I0.0336 J0.0166
X12.176 Y-0.2854 I0.0106 J0.036 F300.
G1 X12.1351 Y-0.1291
G3 X12.0714 Y-0.113 I-0.0363 J-0.0095
X12.0614 Y-0.1413 I0.0274 J-0.0256 F60.
X12.1379 Y-0.3749 I0.579 J0.0604
X12.163 Y-0.3914 I0.0315 J0.0204
G1 X12.1675 Y-0.3922 Z0.7054
X12.1719 Y-0.393 Z0.7062
X12.1761 Y-0.3937 Z0.7076
X12.1802 Y-0.3944 Z0.7094
X12.184 Y-0.3951 Z0.7118
X12.1875 Y-0.3957 Z0.7146
X12.1907 Y-0.3962 Z0.7178
X12.1934 Y-0.3967 Z0.7213
X12.1957 Y-0.3971 Z0.7252
X12.1976 Y-0.3974 Z0.7294
X12.1989 Y-0.3977 Z0.7337
X12.1997 Y-0.3978 Z0.7381
X12.2 Z0.7427
G0 Z1.3241
(FACE2)
G64 P0.0004 Q0.0004
G0 X13.4493 Y-1.0037
Z1.3241
Z0.9241
G1 Z0.7357 F80.
G18 G3 X13.4118 Z0.6982 I-0.0375 K0. F60.
G1 X13.3061
X-0.1439
G3 X-0.1814 Z0.7357 I0. K0.0375
G0 Z0.9241
X13.4498 Y-0.8295
G1 Z0.7357 F80.
G3 X13.4123 Z0.6982 I-0.0375 K0. F60.
G1 X13.3061
X-0.1439
G3 X-0.1814 Z0.7357 I0. K0.0375
G0 Z0.9241
X13.4498 Y-0.6553
G1 Z0.7357 F80.
G3 X13.4123 Z0.6982 I-0.0375 K0. F60.
G1 X13.3061
X-0.1439
G3 X-0.1814 Z0.7357 I0. K0.0375
G0 Z0.9241
X13.4498 Y-0.481
G1 Z0.7357 F80.
G3 X13.4123 Z0.6982 I-0.0375 K0. F60.
G1 X13.3061
X-0.1439
G3 X-0.1814 Z0.7357 I0. K0.0375
G0 Z0.9241
X13.4498 Y-0.3068
G1 Z0.7357 F80.
G3 X13.4123 Z0.6982 I-0.0375 K0. F60.
G1 X13.3061
X-0.1439
G3 X-0.1814 Z0.7357 I0. K0.0375
G0 Z0.9241
X13.4498 Y-0.1326
G1 Z0.7357 F80.
G3 X13.4123 Z0.6982 I-0.0375 K0. F60.
G1 X13.3061
X-0.1439
G3 X-0.1814 Z0.7357 I0. K0.0375
G0 Z1.3241
G17
(2D CONTOUR28)
G0 X13.4622 Y-0.4292
Z1.3241
Z0.9241
G1 Z0.0669 F80.
X13.4619 Z0.0623 F60.
X13.4611 Z0.0579
X13.4597 Z0.0536
X13.4579 Z0.0494
X13.4555 Z0.0456
X13.4527 Y-0.4291 Z0.042
X13.4495 Z0.0388
X13.446 Z0.036
X13.4421 Z0.0337
X13.438 Z0.0318
X13.4336 Z0.0305
X13.4292 Z0.0296
X13.4247 Z0.0294
X13.3872
G3 X13.3496 Y-0.4666 I0. J-0.0375
G1 Y-0.4697
X13.3491 Y-0.497
G2 X13.3486 Y-0.5075 I-0.1875 J0.0032
G1 X13.3466 Y-0.5348
G2 X13.3456 Y-0.5453 I-0.187 J0.0138
G1 X13.342 Y-0.5724
G2 X13.3403 Y-0.5832 I-0.1859 J0.0243
G1 X13.3352 Y-0.61
G2 X13.3328 Y-0.6206 I-0.1842 J0.0351
G1 X13.3262 Y-0.647
G2 X13.3233 Y-0.6573 I-0.1818 J0.0457
G1 X13.3151 Y-0.6834
G2 X13.3117 Y-0.6934 I-0.1789 J0.056
G1 X13.3021 Y-0.719
G2 X13.2978 Y-0.7292 I-0.1755 J0.0661
G1 X13.2867 Y-0.7541
G2 X13.2822 Y-0.7637 I-0.1713 J0.0763
G1 X13.2697 Y-0.7879
G2 X13.2645 Y-0.7972 I-0.1667 J0.0859
G1 X13.2507 Y-0.8207
G2 X13.2448 Y-0.8301 I-0.1615 J0.0952
G1 X13.2296 Y-0.8527
G2 X13.2235 Y-0.8613 I-0.1556 J0.1046
G1 X13.207 Y-0.883
G2 X13.2002 Y-0.8914 I-0.1495 J0.1132
G1 X13.1826 Y-0.9121
G2 X13.1753 Y-0.9202 I-0.1427 J0.1216
G1 X13.1564 Y-0.9399
G2 X13.1488 Y-0.9474 I-0.1353 J0.1298
G1 X13.1289 Y-0.9659
G2 X13.1208 Y-0.973 I-0.1277 J0.1373
G1 X13.0999 Y-0.9903
G2 X13.0912 Y-0.9971 I-0.1196 J0.1444
G1 X13.0694 Y-1.0131
G2 X13.0605 Y-1.0193 I-0.1109 J0.1512
G1 X13.0377 Y-1.034
G2 X13.0285 Y-1.0396 I-0.1021 J0.1573
G1 X13.005 Y-1.053
G2 X12.9954 Y-1.0581 I-0.0928 J0.1629
G1 X12.9712 Y-1.0702
G2 X12.9613 Y-1.0747 I-0.0833 J0.168
G1 X12.9363 Y-1.0853
G2 X12.9262 Y-1.0893 I-0.0734 J0.1725
G1 X12.9008 Y-1.0984
G2 X12.8904 Y-1.1018 I-0.0633 J0.1765
G1 X12.8644 Y-1.1094
G2 X12.8539 Y-1.1122 I-0.0529 J0.1799
G1 X12.8276 Y-1.1183
G2 X12.8169 Y-1.1204 I-0.0424 J0.1826
G1 X12.7903 Y-1.125
G2 X12.7795 Y-1.1266 I-0.0318 J0.1848
G1 X12.7527 Y-1.1296
G2 X12.7418 Y-1.1305 I-0.021 J0.1863
G1 X12.7148 Y-1.132
X12.707 Y-1.1322
X12.6953 Y-1.1324
X12.6929
X0.0092
G2 X-0.1771 Y-0.9666 I0. J0.1875
G1 X-0.1862 Y-0.8878
G2 X-0.1875 Y-0.8661 I0.1862 J0.0217
G1 Y-0.0787
G2 X-0.1862 Y-0.0571 I0.1875 J0.
G1 X-0.1771 Y0.0217
G2 X0.0092 Y0.1875 I0.1862 J-0.0217
G1 X12.6929
X12.6947
X12.6965
X12.6983 Y0.1874
X12.7253 Y0.1866
G2 X12.7362 Y0.186 I-0.0054 J-0.1874
G1 X12.7631 Y0.1837
G2 X12.774 Y0.1824 I-0.0163 J-0.1868
G1 X12.8007 Y0.1785
G2 X12.8114 Y0.1766 I-0.0271 J-0.1855
G1 X12.8379 Y0.1712
G2 X12.8484 Y0.1687 I-0.0378 J-0.1837
G1 X12.8746 Y0.1617
G2 X12.8851 Y0.1586 I-0.0484 J-0.1812
G1 X12.9107 Y0.1501
G2 X12.9208 Y0.1464 I-0.0588 J-0.178
G1 X12.946 Y0.1365
G2 X12.9561 Y0.1321 I-0.0689 J-0.1744
G1 X12.9807 Y0.1207
G2 X12.9902 Y0.1159 I-0.0791 J-0.17
G1 X13.0141 Y0.1031
G2 X13.0236 Y0.0977 I-0.0886 J-0.1652
G1 X13.0467 Y0.0835
G2 X13.0558 Y0.0775 I-0.0981 J-0.1598
G1 X13.0781 Y0.062
G2 X13.0867 Y0.0556 I-0.1072 J-0.1538
G1 X13.1081 Y0.0389
G2 X13.1165 Y0.0318 I-0.1158 J-0.1474
G1 X13.1368 Y0.0138
G2 X13.1446 Y0.0066 I-0.1243 J-0.1404
G1 X13.1639 Y-0.0126
G2 X13.1714 Y-0.0205 I-0.132 J-0.1331
G1 X13.1895 Y-0.0407
G2 X13.1965 Y-0.0489 I-0.1396 J-0.1252
G1 X13.2135 Y-0.0702
G2 X13.2199 Y-0.0787 I-0.1465 J-0.117
G1 X13.2356 Y-0.1009
G2 X13.2417 Y-0.1101 I-0.1529 J-0.1085
G1 X13.2562 Y-0.1332
G2 X13.2615 Y-0.1423 I-0.1591 J-0.0993
G1 X13.2746 Y-0.1662
G2 X13.2796 Y-0.1759 I-0.1644 J-0.0902
G1 X13.2913 Y-0.2005
G2 X13.2956 Y-0.2103 I-0.1694 J-0.0804
G1 X13.3058 Y-0.2356
G2 X13.3097 Y-0.2459 I-0.1737 J-0.0707
G1 X13.3185 Y-0.2717
G2 X13.3216 Y-0.2817 I-0.1775 J-0.0604
G1 X13.3289 Y-0.308
G2 X13.3315 Y-0.3186 I-0.1806 J-0.0503
G1 X13.3373 Y-0.3453
G2 X13.3393 Y-0.3558 I-0.1832 J-0.0398
G1 X13.3435 Y-0.3828
G2 X13.3449 Y-0.3936 I-0.1852 J-0.0292
G1 X13.3476 Y-0.4208
G2 X13.3483 Y-0.4313 I-0.1866 J-0.0184
G1 X13.3495 Y-0.4586
G2 X13.3496 Y-0.4697 I-0.1873 J-0.0078
G1 X13.3491 Y-0.497
G2 X13.3486 Y-0.5075 I-0.1875 J0.0032
G1 X13.3466 Y-0.5348
G2 X13.3456 Y-0.5453 I-0.187 J0.0138
G1 X13.342 Y-0.5724
G2 X13.3403 Y-0.5832 I-0.1859 J0.0243
G1 X13.3352 Y-0.61
G2 X13.3328 Y-0.6206 I-0.1842 J0.0351
G1 X13.3262 Y-0.647
G2 X13.3233 Y-0.6573 I-0.1818 J0.0457
G1 X13.3151 Y-0.6834
G2 X13.3117 Y-0.6934 I-0.1789 J0.056
G1 X13.3021 Y-0.719
G2 X13.2978 Y-0.7292 I-0.1755 J0.0661
G1 X13.2867 Y-0.7541
G2 X13.2822 Y-0.7637 I-0.1713 J0.0763
G1 X13.2697 Y-0.7879
G2 X13.2645 Y-0.7972 I-0.1667 J0.0859
G1 X13.2507 Y-0.8207
G2 X13.2448 Y-0.8301 I-0.1615 J0.0952
G1 X13.2296 Y-0.8527
G2 X13.2235 Y-0.8613 I-0.1556 J0.1046
G1 X13.207 Y-0.883
G2 X13.2002 Y-0.8914 I-0.1495 J0.1132
G1 X13.1826 Y-0.9121
G2 X13.1753 Y-0.9202 I-0.1427 J0.1216
G1 X13.1564 Y-0.9399
G2 X13.1488 Y-0.9474 I-0.1353 J0.1298
G1 X13.1289 Y-0.9659
G2 X13.1208 Y-0.973 I-0.1277 J0.1373
G1 X13.0999 Y-0.9903
G2 X13.0912 Y-0.9971 I-0.1196 J0.1444
G1 X13.0694 Y-1.0131
G2 X13.0605 Y-1.0193 I-0.1109 J0.1512
G1 X13.0377 Y-1.034
G2 X13.0285 Y-1.0396 I-0.1021 J0.1573
G1 X13.005 Y-1.053
G2 X12.9954 Y-1.0581 I-0.0928 J0.1629
G1 X12.9712 Y-1.0702
G2 X12.9613 Y-1.0747 I-0.0833 J0.168
G1 X12.9363 Y-1.0853
G2 X12.9262 Y-1.0893 I-0.0734 J0.1725
G1 X12.9008 Y-1.0984
G2 X12.8904 Y-1.1018 I-0.0633 J0.1765
G1 X12.8644 Y-1.1094
G2 X12.8539 Y-1.1122 I-0.0529 J0.1799
G1 X12.8276 Y-1.1183
G2 X12.8169 Y-1.1204 I-0.0424 J0.1826
G1 X12.7903 Y-1.125
G2 X12.7795 Y-1.1266 I-0.0318 J0.1848
G1 X12.7527 Y-1.1296
G2 X12.7418 Y-1.1305 I-0.021 J0.1863
G1 X12.7148 Y-1.132
X12.707 Y-1.1322
X12.6953 Y-1.1324
X12.6929
X0.0092
G2 X-0.1771 Y-0.9666 I0. J0.1875
G1 X-0.1862 Y-0.8878
G2 X-0.1875 Y-0.8661 I0.1862 J0.0217
G1 Y-0.0787
G2 X-0.1862 Y-0.0571 I0.1875 J0.
G1 X-0.1771 Y0.0217
G2 X0.0092 Y0.1875 I0.1862 J-0.0217
G1 X12.6929
X12.6947
X12.6965
X12.6983 Y0.1874
X12.7253 Y0.1866
G2 X12.7362 Y0.186 I-0.0054 J-0.1874
G1 X12.7631 Y0.1837
G2 X12.774 Y0.1824 I-0.0163 J-0.1868
G1 X12.8007 Y0.1785
G2 X12.8114 Y0.1766 I-0.0271 J-0.1855
G1 X12.8379 Y0.1712
G2 X12.8484 Y0.1687 I-0.0378 J-0.1837
G1 X12.8746 Y0.1617
G2 X12.8851 Y0.1586 I-0.0484 J-0.1812
G1 X12.9107 Y0.1501
G2 X12.9208 Y0.1464 I-0.0588 J-0.178
G1 X12.946 Y0.1365
G2 X12.9561 Y0.1321 I-0.0689 J-0.1744
G1 X12.9807 Y0.1207
G2 X12.9902 Y0.1159 I-0.0791 J-0.17
G1 X13.0141 Y0.1031
G2 X13.0236 Y0.0977 I-0.0886 J-0.1652
G1 X13.0467 Y0.0835
G2 X13.0558 Y0.0775 I-0.0981 J-0.1598
G1 X13.0781 Y0.062
G2 X13.0867 Y0.0556 I-0.1072 J-0.1538
G1 X13.1081 Y0.0389
G2 X13.1165 Y0.0318 I-0.1158 J-0.1474
G1 X13.1368 Y0.0138
G2 X13.1446 Y0.0066 I-0.1243 J-0.1404
G1 X13.1639 Y-0.0126
G2 X13.1714 Y-0.0205 I-0.132 J-0.1331
G1 X13.1895 Y-0.0407
G2 X13.1965 Y-0.0489 I-0.1396 J-0.1252
G1 X13.2135 Y-0.0702
G2 X13.2199 Y-0.0787 I-0.1465 J-0.117
G1 X13.2356 Y-0.1009
G2 X13.2417 Y-0.1101 I-0.1529 J-0.1085
G1 X13.2562 Y-0.1332
G2 X13.2615 Y-0.1423 I-0.1591 J-0.0993
G1 X13.2746 Y-0.1662
G2 X13.2796 Y-0.1759 I-0.1644 J-0.0902
G1 X13.2913 Y-0.2005
G2 X13.2956 Y-0.2103 I-0.1694 J-0.0804
G1 X13.3058 Y-0.2356
G2 X13.3097 Y-0.2459 I-0.1737 J-0.0707
G1 X13.3185 Y-0.2717
G2 X13.3216 Y-0.2817 I-0.1775 J-0.0604
G1 X13.3289 Y-0.308
G2 X13.3315 Y-0.3186 I-0.1806 J-0.0503
G1 X13.3373 Y-0.3453
G2 X13.3393 Y-0.3558 I-0.1832 J-0.0398
G1 X13.3435 Y-0.3828
G2 X13.3449 Y-0.3936 I-0.1852 J-0.0292
G1 X13.3476 Y-0.4208
G2 X13.3483 Y-0.4313 I-0.1866 J-0.0184
G1 X13.3495 Y-0.4586
X13.3496 Y-0.4666
G3 X13.3871 Y-0.5041 I0.0375 J0.
G1 X13.4246
X13.4291 Z0.0296
X13.4336 Z0.0305
X13.4379 Z0.0318
X13.442 Z0.0337
X13.4459 Z0.036
X13.4495 Z0.0388
X13.4527 Z0.042
X13.4555 Y-0.5042 Z0.0456
X13.4578 Z0.0494
X13.4597 Z0.0536
X13.461 Z0.0579
X13.4618 Z0.0624
X13.4621 Z0.0669
G0 Z1.3241
M5
G53 G0 Z0.
(ADAPTIVE10)
M9
M1
T32 M6
T13
S7500 M3
G17 G90 G94
G54
G64 P0.004 Q0.004
M8
G0 X11.6489 Y-0.5146
G43 Z1.3241 H32
G0 Z0.7681
G3 X11.7191 Y-0.4757 Z0.7598 I0.0224 J0.0423 F40.
X11.6554 Y-0.4273 Z0.7514 I-0.0476 J0.0034
X11.6368 Y-0.5049 Z0.7431 I0.016 J-0.0448
X11.7151 Y-0.4906 Z0.7348 I0.0345 J0.0327
X11.6706 Y-0.425 Z0.7265 I-0.0436 J0.0183
X11.6286 Y-0.492 Z0.7181 I0.0009 J-0.0472
X11.7066 Y-0.5033 Z0.7098 I0.0427 J0.0198
X11.6856 Y-0.4276 Z0.7015 I-0.0352 J0.031
X11.625 Y-0.4773 Z0.6932 I-0.0141 J-0.0446
X11.6946 Y-0.5126 Z0.6848 I0.0463 J0.0051
X11.6988 Y-0.4348 Z0.6765 I-0.0232 J0.0402
X11.6262 Y-0.4623 Z0.6682 I-0.0273 J-0.0374
X11.6804 Y-0.5174 Z0.6599 I0.0451 J-0.0099
X11.709 Y-0.4458 Z0.6515 I-0.0091 J0.0451
X11.6321 Y-0.4486 Z0.6432 I-0.0375 J-0.0264
X11.6656 Y-0.5175 Z0.6349 I0.0392 J-0.0236
X11.715 Y-0.4593 Z0.6266 I0.0057 J0.0452
X11.642 Y-0.4376 Z0.6182 I-0.0436 J-0.013
X11.6516 Y-0.5129 Z0.6099 I0.0293 J-0.0345
X11.7164 Y-0.4739 Z0.6016 I0.0197 J0.0406
X11.6548 Y-0.4305 Z0.5933 I-0.045 J0.0016
X11.64 Y-0.5042 Z0.5849 I0.0166 J-0.0417
X11.7131 Y-0.4881 Z0.5766 I0.0313 J0.0319
X11.669 Y-0.4278 Z0.5683 I-0.0417 J0.0157
X11.6318 Y-0.4923 Z0.56 I0.0024 J-0.0444
X11.7056 Y-0.5003 Z0.5516 I0.0395 J0.02
X11.6832 Y-0.4298 Z0.5433 I-0.0341 J0.028
X11.6279 Y-0.4785 Z0.535 I-0.0118 J-0.0424
X11.6946 Y-0.5094 Z0.5267 I0.0434 J0.0063
X11.6959 Y-0.4362 Z0.5183 I-0.0232 J0.037
X11.6286 Y-0.4644 Z0.51 I-0.0244 J-0.036
X11.6814 Y-0.5144 Z0.5017 I0.0427 J-0.0078
X11.7058 Y-0.4461 Z0.4934 I-0.0101 J0.0421
X11.6337 Y-0.4514 Z0.485 I-0.0343 J-0.0261
X11.6675 Y-0.515 Z0.4767 I0.0376 J-0.0208
X11.7119 Y-0.4586 Z0.4684 I0.0039 J0.0427
X11.6427 Y-0.4408 Z0.4601 I-0.0404 J-0.0136
X11.6542 Y-0.5111 Z0.4517 I0.0287 J-0.0314
X11.7137 Y-0.4723 Z0.4434 I0.0171 J0.0388
X11.6289 I-0.0424 J0.
X11.7137 I0.0424 J0.
G1 X11.7156 Y-0.4411
G3 X11.7009 Y-0.3998 I-0.0416 J0.0084
X11.6732 Y-0.3869 I-0.0289 J-0.0259
G1 X11.666 Y-0.3885
X11.6594 Y-0.3919
G3 X11.6432 Y-0.5397 I0.0536 J-0.0806
X11.7113 Y-0.5562 I0.047 J0.0453
X11.7264 Y-0.5317 I-0.0127 J0.0247
X11.7095 Y-0.5137 I-0.0188 J-0.0007
G1 X11.7055 Y-0.5133
X11.6594 Y-0.5088 F300.
G3 X11.6466 Y-0.5122 I-0.0019 J-0.0187
X11.6433 Y-0.5396 I0.011 J-0.0152 F40.
X11.7073 Y-0.5704 I0.0704 J0.0642
X11.7264 Y-0.5506 I-0.001 J0.0201
G1 Y-0.3943
G3 X11.7003 Y-0.3753 I-0.0204 J-0.0007
X11.6593 Y-0.3918 I0.0112 J-0.0872
G1 X11.657 Y-0.3938
X11.6551 Y-0.3962
X11.6536 Y-0.3989
X11.6526 Y-0.4017
X11.6522 Y-0.4043 Z0.4436
X11.6519 Y-0.4069 Z0.4441
X11.6524 Y-0.4096 Z0.4452
X11.6529 Y-0.4121 Z0.4467
X11.6534 Y-0.4143 Z0.4485
X11.6545 Y-0.416 Z0.4508
X11.6554 Y-0.4174 Z0.4533
X11.656 Y-0.4184 Z0.4561
X11.6564 Y-0.419 Z0.4591
X11.6565 Y-0.4193 Z0.4621
G0 Z0.9241
X11.6195 Y-0.4632
Z0.5709
G1 Z0.4734 F40.
G3 X11.7223 Y-0.471 I0.0878 J0.4706
X11.7557 Y-0.4575 I0.0005 J0.0469
X11.7758 Y-0.4303 I-0.0342 J0.0463
G1 X11.776 Y-0.422
X11.7739 Y-0.414
X11.7694 Y-0.4071
X11.7642 Y-0.4011
X11.7624 Y-0.3995
X11.7606 Y-0.3982
X11.7357 Y-0.3839
G3 X11.7002 Y-0.3746 I-0.0364 J-0.0664
X11.6136 Y-0.4867 I0.0115 J-0.0983
X11.7037 Y-0.5705 I0.0979 J0.0148
X11.7643 Y-0.5433 I-0.01 J0.1033
G1 X11.781 Y-0.5222
G3 X11.7885 Y-0.508 I-0.0255 J0.0224
X11.7855 Y-0.4297 I-0.0885 J0.0358
G1 X11.7784 Y-0.4179
X11.7769 Y-0.4156
X11.7694 Y-0.4071
G3 X11.7589 Y-0.4015 I-0.0136 J-0.0129
G1 X11.7558 Y-0.4012 Z0.4737
X11.7532 Y-0.4017 Z0.4743
X11.7507 Y-0.4023 Z0.4754
X11.7484 Y-0.4027 Z0.4768
X11.7466 Y-0.404 Z0.4786
X11.745 Y-0.4051 Z0.4808
X11.7437 Y-0.406 Z0.4832
X11.7428 Y-0.4067 Z0.4858
X11.7421 Y-0.4071 Z0.4886
X11.742 Y-0.4073 Z0.4904
X11.7419 Y-0.4074 Z0.4922
G0 Z0.9241
X11.7672 Y-0.4108
Z0.5409
G1 Z0.5222 F40.
X11.767 Y-0.4106 Z0.5189
X11.7663 Y-0.41 Z0.5157
X11.7653 Y-0.4091 Z0.5128
X11.7639 Y-0.4079 Z0.5101
X11.7622 Y-0.4063 Z0.5078
X11.7602 Y-0.4046 Z0.5059
X11.7579 Y-0.4026 Z0.5045
X11.7556 Y-0.4005 Z0.5037
X11.7532 Y-0.3983 Z0.5034
G3 X11.7073 Y-0.3748 I-0.069 J-0.0777
X11.686 Y-0.3768 I-0.0067 J-0.0428
X11.6967 Y-0.5701 I0.0214 J-0.0958
G1 X11.7002 Y-0.5707
X11.7014 Y-0.5706
G3 X11.7121 Y-0.5654 I-0.0023 J0.0186
G1 X11.7136 Y-0.5633 Z0.5036
X11.715 Y-0.5612 Z0.5041
X11.7164 Y-0.5591 Z0.505
X11.7169 Y-0.5565 Z0.5066
X11.7174 Y-0.5541 Z0.5085
X11.7178 Y-0.552 Z0.5108
X11.7176 Y-0.5504 Z0.5134
X11.7175 Y-0.5492 Z0.5162
X11.7174 Y-0.5485 Z0.5191
Y-0.5482 Z0.5222
G0 Z0.5709
X11.7644 Y-0.4049
G1 Z0.5522 F40.
X11.7641 Y-0.4048 Z0.5489
X11.7635 Y-0.4043 Z0.5457
X11.7624 Y-0.4034 Z0.5428
X11.7609 Y-0.4023 Z0.5401
X11.759 Y-0.4009 Z0.5378
X11.7569 Y-0.3993 Z0.5359
X11.7545 Y-0.3976 Z0.5345
X11.7519 Y-0.3957 Z0.5337
X11.7493 Y-0.3937 Z0.5334
G3 X11.7016 Y-0.3742 I-0.0621 J-0.0833
X11.6575 Y-0.3859 I0.0028 J-0.0995
G1 X11.6433 Y-0.3959
X11.6362 Y-0.4012
G3 X11.6149 Y-0.4307 I0.0967 J-0.0925
X11.6645 Y-0.5622 I0.0891 J-0.0415
X11.7002 Y-0.5708 I0.0377 J0.0784
G1 X11.7023 Y-0.5706
G3 X11.7131 Y-0.5653 I-0.0026 J0.0186
G1 X11.7145 Y-0.5631 Z0.5336
X11.7159 Y-0.561 Z0.5341
X11.7172 Y-0.5589 Z0.535
X11.7177 Y-0.5563 Z0.5365
X11.7182 Y-0.554 Z0.5383
X11.7185 Y-0.552 Z0.5405
X11.7184 Y-0.5503 Z0.5431
X11.7182 Y-0.549 Z0.546
X11.7181 Y-0.5483 Z0.549
Y-0.548 Z0.5522
G0 Z0.6009
X11.7644 Y-0.4049
G1 Z0.5822 F40.
X11.7641 Y-0.4048 Z0.5789
X11.7635 Y-0.4043 Z0.5757
X11.7624 Y-0.4034 Z0.5728
X11.7609 Y-0.4023 Z0.5701
X11.759 Y-0.4009 Z0.5678
X11.7569 Y-0.3993 Z0.5659
X11.7545 Y-0.3976 Z0.5645
X11.7519 Y-0.3957 Z0.5637
X11.7493 Y-0.3937 Z0.5634
G3 X11.7016 Y-0.3742 I-0.0621 J-0.0833
X11.6526 Y-0.3871 I-0.0021 J-0.0914
G1 X11.6362 Y-0.3988
X11.6329 Y-0.4014
X11.6291 Y-0.4059
X11.6158 Y-0.4227
G3 X11.6263 Y-0.5366 I0.084 J-0.0496
X11.6986 Y-0.5708 I0.0745 J0.0638
X11.7095 Y-0.5659 I-0.0019 J0.0187
G1 X11.711 Y-0.5638 Z0.5636
X11.7125 Y-0.5617 Z0.5641
X11.7139 Y-0.5597 Z0.565
X11.7145 Y-0.5569 Z0.5667
X11.715 Y-0.5544 Z0.5688
X11.7155 Y-0.5523 Z0.5713
Y-0.5522 Z0.5714
Y-0.5521 Z0.5715
X11.7154 Y-0.5507 Z0.5739
X11.7153 Y-0.5497 Z0.5766
X11.7152 Y-0.549 Z0.5793
Y-0.5488 Z0.5822
G0 Z0.6309
X11.7626 Y-0.4056
G1 Z0.6122 F40.
X11.7624 Y-0.4054 Z0.6089
X11.7617 Y-0.4049 Z0.6057
X11.7606 Y-0.404 Z0.6028
X11.7591 Y-0.4029 Z0.6001
X11.7573 Y-0.4015 Z0.5978
X11.7552 Y-0.3999 Z0.5959
X11.7528 Y-0.3981 Z0.5945
X11.7503 Y-0.3962 Z0.5937
X11.7477 Y-0.3942 Z0.5934
G3 X11.7002 Y-0.3742 I-0.0629 J-0.0827
X11.6496 Y-0.387 I-0.0041 J-0.0902
G1 X11.6362 Y-0.3967
X11.6298 Y-0.4014
G3 X11.6102 Y-0.4263 I0.2998 J-0.2568
X11.6931 Y-0.5706 I0.087 J-0.046
G1 X11.6966 Y-0.571
X11.6986 Y-0.5709
G3 X11.7095 Y-0.5659 I-0.0019 J0.0187
G1 X11.711 Y-0.5638 Z0.5936
X11.7124 Y-0.5617 Z0.5941
X11.7139 Y-0.5597 Z0.595
X11.7145 Y-0.5569 Z0.5967
X11.715 Y-0.5544 Z0.5988
X11.7154 Y-0.5523 Z0.6013
Y-0.5522 Z0.6014
X11.7153 Y-0.5508 Z0.6039
X11.7152 Y-0.5497 Z0.6065
X11.7151 Y-0.5491 Z0.6093
Y-0.5489 Z0.6122
G0 Z0.6609
X11.7598 Y-0.3991
G1 Z0.6422 F40.
X11.7595 Y-0.3989 Z0.6389
X11.7588 Y-0.3985 Z0.6357
X11.7576 Y-0.3978 Z0.6328
X11.756 Y-0.3968 Z0.6301
X11.7541 Y-0.3956 Z0.6278
X11.7518 Y-0.3942 Z0.6259
X11.7493 Y-0.3926 Z0.6245
X11.7466 Y-0.391 Z0.6237
X11.7438 Y-0.3893 Z0.6234
G3 X11.6945 Y-0.3741 I-0.0543 J-0.0886
X11.6503 Y-0.3845 I-0.0008 J-0.0959
G1 X11.6291 Y-0.3996
X11.6267 Y-0.4014
G3 X11.5978 Y-0.4367 I0.4294 J-0.3812
G2 X11.578 Y-0.4634 I-0.1417 J0.0846
G1 X11.5773 Y-0.4653
X11.5767 Y-0.4671
X11.5763 Y-0.4689
X11.576 Y-0.4707
X11.5759 Y-0.4725
X11.576 Y-0.4742
X11.5763 Y-0.476
G3 X11.5822 Y-0.4867 I0.0198 J0.0041
G2 X11.613 Y-0.5295 I-0.2195 J-0.1901
G3 X11.6315 Y-0.549 I0.3921 J0.354
X11.7041 Y-0.5706 I0.0644 J0.0833
G1 X11.7117 Y-0.5692
X11.7192 Y-0.5673
X11.7266 Y-0.5649
X11.7338 Y-0.562
X11.7413 Y-0.5585 F300.
X11.7459 Y-0.5559
G3 X11.7697 Y-0.5364 I-0.0497 J0.0847 F40.
X11.7933 Y-0.5082 I-0.4369 J0.3892
G2 X11.813 Y-0.4814 I0.1801 J-0.1125
G1 X11.8138 Y-0.4796
X11.814 Y-0.4792
X11.8145 Y-0.4775
X11.8149 Y-0.4758
X11.8151 Y-0.4741
X11.8152 Y-0.4725
X11.8151 Y-0.4708
X11.8149 Y-0.4691
X11.8145 Y-0.4674
G3 X11.8089 Y-0.4582 I-0.0196 J-0.0057
G2 X11.781 Y-0.4198 I0.1886 J0.1662
G3 X11.7624 Y-0.3995 I-1.3017 J-1.1712
G1 X11.7606 Y-0.3982
G3 X11.7488 Y-0.3962 I-0.0088 J-0.0165
G1 X11.7464 Y-0.3971 Z0.6236
X11.744 Y-0.398 Z0.6241
X11.7417 Y-0.3989 Z0.625
X11.7397 Y-0.4009 Z0.6267
X11.7378 Y-0.4027 Z0.6288
X11.7363 Y-0.4042 Z0.6313
X11.7356 Y-0.4055 Z0.6338
X11.735 Y-0.4064 Z0.6365
X11.7347 Y-0.407 Z0.6393
X11.7346 Y-0.4072 Z0.6422
G0 Z0.6636
X11.6751 Y-0.5593
G1 Z0.6449 F40.
X11.6754 Y-0.5594 Z0.6416
X11.6762 Y-0.5596 Z0.6385
X11.6776 Y-0.5599 Z0.6355
X11.6794 Y-0.5604 Z0.6328
X11.6816 Y-0.5611 Z0.6305
X11.6842 Y-0.5618 Z0.6287
X11.687 Y-0.5625 Z0.6273
X11.6901 Y-0.5634 Z0.6264
X11.6932 Y-0.5642 Z0.6261
G3 X11.7444 Y-0.5577 I0.0177 J0.0649
G1 X11.75 Y-0.5542
X11.7557 Y-0.5506
X11.7646 Y-0.5435
G2 X11.7997 Y-0.5127 I0.1262 J-0.1084
X11.825 Y-0.5022 I0.0456 J-0.0744
G3 X11.8483 Y-0.4564 I-0.0108 J0.0343
G1 X11.8437 Y-0.45
X11.8379 Y-0.445
X11.8308 Y-0.4417
G3 X11.8193 Y-0.4396 I-0.0184 J-0.0693
X11.8008 Y-0.4435 I-0.0031 J-0.0318
X11.7959 Y-0.4961 I0.0154 J-0.028 F300.
X11.825 Y-0.5022 I0.0204 J0.0247 F40.
G1 X11.8307 Y-0.5004
X11.8315 Y-0.5002
X11.8495 Y-0.4985
X11.8534 Y-0.4979
G3 X11.8763 Y-0.4808 I-0.0016 J0.026
X11.8592 Y-0.4455 I-0.0253 J0.0096
G1 X11.8564 Y-0.4448
X11.8535 Y-0.4444
G3 X11.8308 Y-0.4529 I-0.0029 J-0.0268
X11.8273 Y-0.4847 I0.0198 J-0.0183 F300.
X11.8534 Y-0.4979 I0.0233 J0.0136 F40.
G2 X11.8818 Y-0.4927 I0.156 J-0.768
G1 X11.8878 Y-0.4916
G3 X11.8816 Y-0.452 I-0.0094 J0.0188
G1 X11.8793 Y-0.4519
X11.8771 Y-0.4521
G3 X11.8596 Y-0.4694 I0.0027 J-0.0203
G1 X11.8593 Y-0.4725 F300.
X11.8596 Y-0.4756
G3 X11.8819 Y-0.4927 I0.0202 J0.0033 F40.
X11.8993 Y-0.4898 I-0.006 J0.0898
G1 X11.9018 Y-0.4885
X11.9043 Y-0.4867
X11.9064 Y-0.4845
X11.9082 Y-0.4821
X11.9094 Y-0.4796
X11.91 Y-0.4778
X11.9105 Y-0.476
X11.9107 Y-0.4742
X11.9108 Y-0.4725
X11.9107 Y-0.4707
X11.9105 Y-0.4689
X11.91 Y-0.4671
X11.9094 Y-0.4653
X11.9082 Y-0.4629
X11.9064 Y-0.4604
X11.9043 Y-0.4582
G3 X11.8922 Y-0.4536 I-0.0129 J-0.0155
G1 X11.8851 Y-0.4526
X11.8779 Y-0.4515
X11.8566 Y-0.4447
X11.8541 Y-0.444
X11.8495 Y-0.4435
G2 X11.7715 Y-0.4071 I0.0033 J0.1088
G1 X11.7649 Y-0.4014
X11.7642 Y-0.4008
X11.7612 Y-0.3993
X11.7579 Y-0.3984
X11.7342 Y-0.3939
X11.6869 Y-0.3849 F300.
X11.6658 Y-0.3809 F40.
X11.6626 Y-0.3806
X11.6595 Y-0.3808
X11.6565 Y-0.3815
X11.654 Y-0.3824
X11.6522 Y-0.3833
X11.6504 Y-0.3844
X11.6262 Y-0.4014
G3 X11.6079 Y-0.4194 I0.2252 J-0.2479
G2 X11.5651 Y-0.443 I-0.0733 J0.0824
G3 X11.5403 Y-0.484 I0.0137 J-0.0363
X11.5624 Y-0.5038 I0.0255 J0.0063
G2 X11.6217 Y-0.5409 I-0.0276 J-0.11
G3 X11.6717 Y-0.5684 I0.08 J0.0863
X11.7041 Y-0.5704 I0.0222 J0.0952
X11.7197 Y-0.5477 I-0.0027 J0.0186
X11.7121 Y-0.5365 I-0.0183 J-0.0042 F300.
G1 X11.5928 Y-0.4533
X11.5815 Y-0.4455 F40.
G3 X11.5651 Y-0.443 I-0.0107 J-0.0154
G1 X11.5623 Y-0.444
X11.5438 Y-0.4463
X11.5399 Y-0.4465
G3 X11.5151 Y-0.4899 I-0.0013 J-0.028
G1 X11.5211 Y-0.4958
X11.5284 Y-0.4998
X11.5367 Y-0.5014
X11.5438 Y-0.5016
X11.5624 Y-0.5038
G3 X11.5778 Y-0.4921 I0.0012 J0.0143
G1 X11.5784 Y-0.4873
Y-0.4824
G3 X11.5676 Y-0.4582 I-0.0384 J-0.0026 F300.
X11.5399 Y-0.4465 I-0.0276 J-0.0268 F40.
G1 X11.5367 Y-0.4466
X11.5114
G3 X11.4818 Y-0.4805 I-0.002 J-0.0282
X11.5082 Y-0.5014 I0.0266 J0.0066
G1 X11.5367
G3 X11.5496 Y-0.4887 I-0.0005 J0.0135
X11.5488 Y-0.4777 I-0.0396 J0.0024
X11.5389 Y-0.459 I-0.0387 J-0.0085 F300.
X11.5114 Y-0.4466 I-0.0289 J-0.0272 F40.
G1 X11.4812
G3 X11.4524 Y-0.4808 I-0.0014 J-0.0281
X11.4788 Y-0.5014 I0.0265 J0.0069
G1 X11.5082
G3 X11.5212 Y-0.4878 I-0.0005 J0.0134
X11.5199 Y-0.4778 I-0.0414 J-0.0002
X11.509 Y-0.4586 I-0.0401 J-0.0103 F300.
X11.4812 Y-0.4466 I-0.0292 J-0.0294 F40.
G1 X11.4513
G3 X11.4228 Y-0.481 I-0.0011 J-0.0281
X11.4492 Y-0.5014 I0.0265 J0.007
G1 X11.4788
G3 X11.4917 Y-0.4876 I-0.0005 J0.0134
X11.4904 Y-0.4778 I-0.0419 J-0.0008
X11.4791 Y-0.4585 I-0.0405 J-0.0107 F300.
X11.4513 Y-0.4466 I-0.0293 J-0.03 F40.
G1 X11.4229
G3 X11.3934 Y-0.4806 I-0.0018 J-0.0282
X11.4199 Y-0.5014 I0.0266 J0.0067
G1 X11.4492
G3 X11.4622 Y-0.4882 I-0.0005 J0.0135
X11.461 Y-0.4777 I-0.0407 J0.0009
X11.4505 Y-0.4588 I-0.0396 J-0.0095 F300.
X11.4229 Y-0.4466 I-0.029 J-0.0285 F40.
G1 X11.3945
G3 X11.3656 Y-0.4847 I-0.0024 J-0.0281
X11.3908 Y-0.5014 I0.0255 J0.0111
G1 X11.4199
G3 X11.4329 Y-0.4886 I-0.0005 J0.0135
X11.432 Y-0.4777 I-0.0398 J0.0022
X11.422 Y-0.459 I-0.0389 J-0.0087 F300.
X11.3945 Y-0.4466 I-0.0289 J-0.0274 F40.
G1 X11.3639
G3 X11.3349 Y-0.4807 I-0.0015 J-0.0281
X11.3613 Y-0.5014 I0.0265 J0.0068
G1 X11.3908
G3 X11.4038 Y-0.4879 I-0.0005 J0.0134
X11.4025 Y-0.4778 I-0.0414 J-0.0001
X11.3916 Y-0.4586 I-0.0401 J-0.0102 F300.
X11.3639 Y-0.4466 I-0.0292 J-0.0293 F40.
G1 X11.3337
G3 X11.3053 Y-0.481 I-0.001 J-0.028
X11.3316 Y-0.5014 I0.0264 J0.007
G1 X11.3613
G3 X11.3743 Y-0.4876 I-0.0005 J0.0134
X11.3728 Y-0.4778 I-0.0421 J-0.0011
X11.3615 Y-0.4585 I-0.0406 J-0.0109 F300.
X11.3337 Y-0.4466 I-0.0293 J-0.0302 F40.
G1 X11.3052
G3 X11.2759 Y-0.4807 I-0.0018 J-0.0282
X11.3023 Y-0.5014 I0.0266 J0.0067
G1 X11.3316
G3 X11.3446 Y-0.4881 I-0.0005 J0.0135
X11.3435 Y-0.4777 I-0.0408 J0.0007
X11.3329 Y-0.4588 I-0.0397 J-0.0097 F300.
X11.3052 Y-0.4466 I-0.0291 J-0.0287 F40.
G1 X11.2768
G3 X11.2462 Y-0.4712 I-0.0021 J-0.0288
X11.2643 Y-0.4998 I0.0272 J-0.0028
G1 X11.2732 Y-0.5014
X11.3023
G3 X11.3153 Y-0.4886 I-0.0005 J0.0135
X11.3144 Y-0.4777 I-0.0399 J0.002
X11.3043 Y-0.459 I-0.039 J-0.0088 F300.
X11.2768 Y-0.4466 I-0.0289 J-0.0276 F40.
G1 X11.2466
G3 X11.2174 Y-0.4807 I-0.0016 J-0.0281
X11.2439 Y-0.5014 I0.0266 J0.0067
G1 X11.2732
G3 X11.2862 Y-0.488 I-0.0005 J0.0134
X11.285 Y-0.4778 I-0.041 J0.0004
X11.2743 Y-0.4587 I-0.0398 J-0.0099 F300.
X11.2466 Y-0.4466 I-0.0291 J-0.0289 F40.
G1 X11.2167
G3 X11.188 Y-0.4809 I-0.0013 J-0.0281
X11.2144 Y-0.5014 I0.0265 J0.0069
G1 X11.2439
G3 X11.2568 Y-0.4878 I-0.0005 J0.0134
X11.2555 Y-0.4778 I-0.0416 J-0.0004
X11.2445 Y-0.4586 I-0.0403 J-0.0104 F300.
X11.2167 Y-0.4466 I-0.0292 J-0.0296 F40.
G1 X11.1883
G3 X11.1586 Y-0.4805 I-0.0019 J-0.0282
X11.1851 Y-0.5014 I0.0267 J0.0066
G1 X11.2144
G3 X11.2273 Y-0.4883 I-0.0005 J0.0135
X11.2263 Y-0.4777 I-0.0405 J0.0012
X11.2159 Y-0.4588 I-0.0394 J-0.0094 F300.
X11.1883 Y-0.4466 I-0.029 J-0.0283 F40.
G1 X11.1577
G3 X11.1292 Y-0.481 I-0.0011 J-0.0281
X11.1555 Y-0.5014 I0.0265 J0.007
G1 X11.1851
G3 X11.1981 Y-0.4876 I-0.0005 J0.0134
X11.1967 Y-0.4778 I-0.0419 J-0.0008
X11.1855 Y-0.4585 I-0.0405 J-0.0107 F300.
X11.1577 Y-0.4466 I-0.0293 J-0.03 F40.
G1 X11.1292
G3 X11.0998 Y-0.4806 I-0.0018 J-0.0282
X11.1262 Y-0.5014 I0.0266 J0.0067
G1 X11.1555
G3 X11.1685 Y-0.4882 I-0.0005 J0.0135
X11.1674 Y-0.4777 I-0.0407 J0.0009
X11.1569 Y-0.4588 I-0.0396 J-0.0096 F300.
X11.1292 Y-0.4466 I-0.029 J-0.0285 F40.
G1 X11.099
G3 X11.0704 Y-0.4809 I-0.0013 J-0.0281
X11.0967 Y-0.5014 I0.0265 J0.0069
G1 X11.1262
G3 X11.1392 Y-0.4878 I-0.0005 J0.0134
X11.1379 Y-0.4778 I-0.0416 J-0.0005
X11.1268 Y-0.4586 I-0.0403 J-0.0105 F300.
X11.099 Y-0.4466 I-0.0292 J-0.0297 F40.
G1 X11.0706
G3 X11.041 Y-0.4805 I-0.0019 J-0.0282
X11.0675 Y-0.5014 I0.0267 J0.0066
G1 X11.0967
G3 X11.1097 Y-0.4883 I-0.0005 J0.0135
X11.1086 Y-0.4777 I-0.0405 J0.0012
X11.0982 Y-0.4588 I-0.0394 J-0.0094 F300.
X11.0706 Y-0.4466 I-0.029 J-0.0283 F40.
G1 X11.0422
G3 X11.0132 Y-0.4846 I-0.0025 J-0.0281
X11.0384 Y-0.5014 I0.0255 J0.011
G1 X11.0675
G3 X11.0804 Y-0.4887 I-0.0005 J0.0135
X11.0796 Y-0.4777 I-0.0397 J0.0024
X11.0696 Y-0.459 I-0.0388 J-0.0086 F300.
X11.0422 Y-0.4466 I-0.0289 J-0.0273 F40.
G1 X11.012
G3 X10.9826 Y-0.4806 I-0.0018 J-0.0282
X11.009 Y-0.5014 I0.0266 J0.0066
G1 X11.0384
G3 X11.0514 Y-0.4881 I-0.0005 J0.0135
X11.0502 Y-0.4777 I-0.0409 J0.0007
X11.0396 Y-0.4588 I-0.0397 J-0.0097 F300.
X11.012 Y-0.4466 I-0.0291 J-0.0287 F40.
G1 X10.9821
G3 X10.9532 Y-0.4808 I-0.0014 J-0.0281
X10.9796 Y-0.5014 I0.0265 J0.0068
G1 X11.009
G3 X11.022 Y-0.4879 I-0.0005 J0.0134
X11.0207 Y-0.4778 I-0.0414 J-0.0001
X11.0098 Y-0.4586 I-0.0401 J-0.0102 F300.
X10.9821 Y-0.4466 I-0.0292 J-0.0294 F40.
G1 X10.9537
G3 X10.9239 Y-0.4805 I-0.002 J-0.0282
X10.9504 Y-0.5014 I0.0267 J0.0066
G1 X10.9796
G3 X10.9926 Y-0.4884 I-0.0005 J0.0135
X10.9915 Y-0.4777 I-0.0403 J0.0014
X10.9812 Y-0.4589 I-0.0393 J-0.0092 F300.
X10.9537 Y-0.4466 I-0.029 J-0.0281 F40.
G1 X10.9231
G3 X10.8945 Y-0.4809 I-0.0012 J-0.0281
X10.9208 Y-0.5014 I0.0265 J0.0069
G1 X10.9504
G3 X10.9634 Y-0.4877 I-0.0005 J0.0134
X10.962 Y-0.4778 I-0.0418 J-0.0007
X10.9508 Y-0.4585 I-0.0404 J-0.0106 F300.
X10.9231 Y-0.4466 I-0.0292 J-0.0298 F40.
G1 X10.8946
G3 X10.8651 Y-0.4806 I-0.0019 J-0.0282
X10.8916 Y-0.5014 I0.0266 J0.0067
G1 X10.9208
G3 X10.9338 Y-0.4882 I-0.0005 J0.0135
X10.9327 Y-0.4777 I-0.0406 J0.001
X10.9222 Y-0.4588 I-0.0395 J-0.0095 F300.
X10.8946 Y-0.4466 I-0.029 J-0.0284 F40.
G1 X10.8644
G3 X10.8357 Y-0.4809 I-0.0013 J-0.0281
X10.8621 Y-0.5014 I0.0265 J0.0069
G1 X10.8916
G3 X10.9045 Y-0.4878 I-0.0005 J0.0134
X10.9032 Y-0.4778 I-0.0416 J-0.0004
X10.8922 Y-0.4586 I-0.0402 J-0.0104 F300.
X10.8644 Y-0.4466 I-0.0292 J-0.0296 F40.
G1 X10.836
G3 X10.8063 Y-0.4805 I-0.0019 J-0.0282
X10.8328 Y-0.5014 I0.0267 J0.0066
G1 X10.8621
G3 X10.875 Y-0.4883 I-0.0005 J0.0135
X10.874 Y-0.4777 I-0.0405 J0.0012
X10.8636 Y-0.4588 I-0.0394 J-0.0094 F300.
X10.836 Y-0.4466 I-0.029 J-0.0283 F40.
G1 X10.8058
G3 X10.777 Y-0.4808 I-0.0014 J-0.0281
X10.8033 Y-0.5014 I0.0265 J0.0069
G1 X10.8328
G3 X10.8458 Y-0.4878 I-0.0005 J0.0134
X10.8445 Y-0.4778 I-0.0415 J-0.0002
X10.8335 Y-0.4586 I-0.0402 J-0.0103 F300.
X10.8058 Y-0.4466 I-0.0292 J-0.0295 F40.
G1 X10.7759
G3 X10.7474 Y-0.481 I-0.0011 J-0.0281
X10.7738 Y-0.5014 I0.0265 J0.007
G1 X10.8033
G3 X10.8163 Y-0.4876 I-0.0005 J0.0134
X10.8149 Y-0.4778 I-0.0419 J-0.0009
X10.8037 Y-0.4585 I-0.0405 J-0.0107 F300.
X10.7759 Y-0.4466 I-0.0293 J-0.03 F40.
G1 X10.7475
G3 X10.718 Y-0.4806 I-0.0018 J-0.0282
X10.7445 Y-0.5014 I0.0266 J0.0067
G1 X10.7738
G3 X10.7867 Y-0.4882 I-0.0005 J0.0135
X10.7856 Y-0.4777 I-0.0407 J0.0009
X10.7751 Y-0.4588 I-0.0396 J-0.0096 F300.
X10.7475 Y-0.4466 I-0.029 J-0.0285 F40.
G1 X10.719
G3 X10.6902 Y-0.4847 I-0.0024 J-0.0281
X10.7154 Y-0.5014 I0.0255 J0.0111
G1 X10.7445
G3 X10.7574 Y-0.4886 I-0.0005 J0.0135
X10.7565 Y-0.4777 I-0.0398 J0.0022
X10.7465 Y-0.459 I-0.0389 J-0.0087 F300.
X10.719 Y-0.4466 I-0.0289 J-0.0275 F40.
G1 X10.6884
G3 X10.6594 Y-0.4807 I-0.0015 J-0.0281
X10.6859 Y-0.5014 I0.0265 J0.0068
G1 X10.7154
G3 X10.7284 Y-0.4879 I-0.0005 J0.0134
X10.7271 Y-0.4778 I-0.0414 J-0.0001
X10.7162 Y-0.4586 I-0.0401 J-0.0102 F300.
X10.6884 Y-0.4466 I-0.0292 J-0.0293 F40.
G1 X10.6582
G3 X10.6299 Y-0.481 I-0.001 J-0.028
X10.6562 Y-0.5014 I0.0264 J0.007
G1 X10.6859
G3 X10.6988 Y-0.4876 I-0.0005 J0.0134
X10.6974 Y-0.4778 I-0.0421 J-0.0011
X10.686 Y-0.4585 I-0.0406 J-0.0109 F300.
X10.6582 Y-0.4466 I-0.0293 J-0.0302 F40.
G1 X10.6298
G3 X10.6004 Y-0.4807 I-0.0018 J-0.0282
X10.6269 Y-0.5014 I0.0266 J0.0067
G1 X10.6562
G3 X10.6692 Y-0.4881 I-0.0005 J0.0135
X10.668 Y-0.4777 I-0.0408 J0.0007
X10.6574 Y-0.4588 I-0.0397 J-0.0097 F300.
X10.6298 Y-0.4466 I-0.0291 J-0.0287 F40.
G1 X10.6014
G3 X10.5707 Y-0.4712 I-0.0021 J-0.0288
X10.5888 Y-0.4998 I0.0272 J-0.0028
G1 X10.5978 Y-0.5014
X10.6269
G3 X10.6399 Y-0.4886 I-0.0005 J0.0135
X10.6389 Y-0.4777 I-0.0399 J0.002
X10.6289 Y-0.459 I-0.039 J-0.0088 F300.
X10.6014 Y-0.4466 I-0.0289 J-0.0276 F40.
G1 X10.5712
G3 X10.542 Y-0.4807 I-0.0016 J-0.0282
X10.5684 Y-0.5014 I0.0266 J0.0067
G1 X10.5978
G3 X10.6108 Y-0.488 I-0.0005 J0.0134
X10.6095 Y-0.4778 I-0.041 J0.0004
X10.5988 Y-0.4587 I-0.0398 J-0.0099 F300.
X10.5712 Y-0.4466 I-0.0291 J-0.0289 F40.
G1 X10.5413
G3 X10.5125 Y-0.4809 I-0.0013 J-0.0281
X10.5389 Y-0.5014 I0.0265 J0.0069
G1 X10.5684
G3 X10.5814 Y-0.4878 I-0.0005 J0.0134
X10.5801 Y-0.4778 I-0.0416 J-0.0004
X10.569 Y-0.4586 I-0.0403 J-0.0104 F300.
X10.5413 Y-0.4466 I-0.0292 J-0.0296 F40.
G1 X10.5128
G3 X10.4832 Y-0.4805 I-0.0019 J-0.0282
X10.5097 Y-0.5014 I0.0267 J0.0066
G1 X10.5389
G3 X10.5519 Y-0.4883 I-0.0005 J0.0135
X10.5508 Y-0.4777 I-0.0405 J0.0012
X10.5404 Y-0.4588 I-0.0394 J-0.0094 F300.
X10.5128 Y-0.4466 I-0.029 J-0.0283 F40.
G1 X10.4822
G3 X10.4537 Y-0.481 I-0.0011 J-0.0281
X10.4801 Y-0.5014 I0.0265 J0.007
G1 X10.5097
G3 X10.5226 Y-0.4876 I-0.0005 J0.0134
X10.5213 Y-0.4778 I-0.0419 J-0.0008
X10.51 Y-0.4585 I-0.0405 J-0.0107 F300.
X10.4822 Y-0.4466 I-0.0293 J-0.03 F40.
G1 X10.4538
G3 X10.4243 Y-0.4806 I-0.0018 J-0.0282
X10.4508 Y-0.5014 I0.0266 J0.0067
G1 X10.4801
G3 X10.4931 Y-0.4882 I-0.0005 J0.0135
X10.4919 Y-0.4777 I-0.0407 J0.0009
X10.4814 Y-0.4588 I-0.0396 J-0.0096 F300.
X10.4538 Y-0.4466 I-0.029 J-0.0285 F40.
G1 X10.4236
G3 X10.3949 Y-0.4809 I-0.0013 J-0.0281
X10.4213 Y-0.5014 I0.0265 J0.0069
G1 X10.4508
G3 X10.4638 Y-0.4878 I-0.0005 J0.0134
X10.4624 Y-0.4778 I-0.0416 J-0.0005
X10.4514 Y-0.4586 I-0.0403 J-0.0105 F300.
X10.4236 Y-0.4466 I-0.0292 J-0.0297 F40.
G1 X10.3952
G3 X10.3655 Y-0.4805 I-0.0019 J-0.0282
X10.392 Y-0.5014 I0.0267 J0.0066
G1 X10.4213
G3 X10.4343 Y-0.4883 I-0.0005 J0.0135
X10.4332 Y-0.4777 I-0.0405 J0.0012
X10.4228 Y-0.4588 I-0.0394 J-0.0094 F300.
X10.3952 Y-0.4466 I-0.029 J-0.0283 F40.
G1 X10.3667
G3 X10.3378 Y-0.4846 I-0.0025 J-0.0281
X10.363 Y-0.5014 I0.0255 J0.011
G1 X10.392
G3 X10.405 Y-0.4887 I-0.0005 J0.0135
X10.4041 Y-0.4777 I-0.0397 J0.0024
X10.3942 Y-0.459 I-0.0388 J-0.0086 F300.
X10.3667 Y-0.4466 I-0.0289 J-0.0273 F40.
G1 X10.3365
G3 X10.3071 Y-0.4806 I-0.0018 J-0.0282
X10.3336 Y-0.5014 I0.0266 J0.0066
G1 X10.363
G3 X10.376 Y-0.4881 I-0.0005 J0.0135
X10.3748 Y-0.4777 I-0.0409 J0.0007
X10.3642 Y-0.4588 I-0.0397 J-0.0097 F300.
X10.3365 Y-0.4466 I-0.0291 J-0.0287 F40.
G1 X10.3066
G3 X10.2778 Y-0.4808 I-0.0014 J-0.0281
X10.3041 Y-0.5014 I0.0265 J0.0068
G1 X10.3336
G3 X10.3466 Y-0.4879 I-0.0005 J0.0134
X10.3453 Y-0.4778 I-0.0414 J-0.0001
X10.3344 Y-0.4586 I-0.0401 J-0.0102 F300.
X10.3066 Y-0.4466 I-0.0292 J-0.0293 F40.
G1 X10.2782
G3 X10.2484 Y-0.4805 I-0.002 J-0.0282
X10.2749 Y-0.5014 I0.0267 J0.0066
G1 X10.3041
G3 X10.3171 Y-0.4884 I-0.0005 J0.0135
X10.3161 Y-0.4777 I-0.0403 J0.0014
X10.3058 Y-0.4589 I-0.0393 J-0.0092 F300.
X10.2782 Y-0.4466 I-0.029 J-0.0281 F40.
G1 X10.2476
G3 X10.219 Y-0.4809 I-0.0012 J-0.0281
X10.2454 Y-0.5014 I0.0265 J0.0069
G1 X10.2749
G3 X10.2879 Y-0.4877 I-0.0005 J0.0134
X10.2866 Y-0.4778 I-0.0418 J-0.0007
X10.2754 Y-0.4585 I-0.0404 J-0.0106 F300.
X10.2476 Y-0.4466 I-0.0292 J-0.0298 F40.
G1 X10.2192
G3 X10.1896 Y-0.4806 I-0.0019 J-0.0282
X10.2161 Y-0.5014 I0.0266 J0.0067
G1 X10.2454
G3 X10.2584 Y-0.4882 I-0.0005 J0.0135
X10.2573 Y-0.4777 I-0.0406 J0.001
X10.2468 Y-0.4588 I-0.0395 J-0.0095 F300.
X10.2192 Y-0.4466 I-0.029 J-0.0284 F40.
G1 X10.189
G3 X10.1602 Y-0.4809 I-0.0013 J-0.0281
X10.1866 Y-0.5014 I0.0265 J0.0069
G1 X10.2161
G3 X10.2291 Y-0.4878 I-0.0005 J0.0134
X10.2278 Y-0.4778 I-0.0416 J-0.0004
X10.2167 Y-0.4586 I-0.0402 J-0.0104 F300.
X10.189 Y-0.4466 I-0.0292 J-0.0296 F40.
G1 X10.1605
G3 X10.1309 Y-0.4805 I-0.002 J-0.0282
X10.1574 Y-0.5014 I0.0267 J0.0066
G1 X10.1866
G3 X10.1996 Y-0.4883 I-0.0005 J0.0135
X10.1985 Y-0.4777 I-0.0405 J0.0012
X10.1881 Y-0.4588 I-0.0394 J-0.0094 F300.
X10.1605 Y-0.4466 I-0.029 J-0.0283 F40.
G1 X10.1303
G3 X10.1015 Y-0.4808 I-0.0014 J-0.0281
X10.1279 Y-0.5014 I0.0265 J0.0069
G1 X10.1574
G3 X10.1704 Y-0.4878 I-0.0005 J0.0134
X10.1691 Y-0.4778 I-0.0415 J-0.0002
X10.1581 Y-0.4586 I-0.0402 J-0.0103 F300.
X10.1303 Y-0.4466 I-0.0292 J-0.0295 F40.
G1 X10.1005
G3 X10.072 Y-0.481 I-0.0011 J-0.0281
X10.0983 Y-0.5014 I0.0265 J0.007
G1 X10.1279
G3 X10.1409 Y-0.4876 I-0.0005 J0.0134
X10.1395 Y-0.4778 I-0.0419 J-0.0009
X10.1282 Y-0.4585 I-0.0405 J-0.0107 F300.
X10.1005 Y-0.4466 I-0.0293 J-0.03 F40.
G1 X10.072
G3 X10.0425 Y-0.4806 I-0.0018 J-0.0282
X10.069 Y-0.5014 I0.0266 J0.0067
G1 X10.0983
G3 X10.1113 Y-0.4882 I-0.0005 J0.0135
X10.1102 Y-0.4777 I-0.0407 J0.0009
X10.0996 Y-0.4588 I-0.0396 J-0.0096 F300.
X10.072 Y-0.4466 I-0.029 J-0.0285 F40.
G1 X10.0436
G3 X10.0147 Y-0.4847 I-0.0024 J-0.0281
X10.0399 Y-0.5014 I0.0255 J0.0111
G1 X10.069
G3 X10.082 Y-0.4886 I-0.0005 J0.0135
X10.0811 Y-0.4777 I-0.0398 J0.0022
X10.0711 Y-0.459 I-0.0389 J-0.0087 F300.
X10.0436 Y-0.4466 I-0.0289 J-0.0275 F40.
G1 X10.013
G3 X9.984 Y-0.4807 I-0.0015 J-0.0281
X10.0104 Y-0.5014 I0.0265 J0.0068
G1 X10.0399
G3 X10.0529 Y-0.4879 I-0.0005 J0.0134
X10.0516 Y-0.4778 I-0.0414 J-0.0001
X10.0407 Y-0.4586 I-0.0401 J-0.0102 F300.
X10.013 Y-0.4466 I-0.0292 J-0.0293 F40.
G1 X9.9828
G3 X9.9544 Y-0.481 I-0.001 J-0.028
X9.9808 Y-0.5014 I0.0264 J0.007
G1 X10.0104
G3 X10.0234 Y-0.4876 I-0.0005 J0.0134
X10.022 Y-0.4778 I-0.0421 J-0.0011
X10.0106 Y-0.4585 I-0.0406 J-0.0109 F300.
X9.9828 Y-0.4466 I-0.0293 J-0.0302 F40.
G1 X9.9543
G3 X9.925 Y-0.4807 I-0.0018 J-0.0282
X9.9514 Y-0.5014 I0.0266 J0.0067
G1 X9.9808
G3 X9.9937 Y-0.4881 I-0.0005 J0.0135
X9.9926 Y-0.4777 I-0.0408 J0.0007
X9.982 Y-0.4588 I-0.0397 J-0.0097 F300.
X9.9543 Y-0.4466 I-0.0291 J-0.0287 F40.
G1 X9.9259
G3 X9.8953 Y-0.4712 I-0.0021 J-0.0288
X9.9134 Y-0.4998 I0.0272 J-0.0028
G1 X9.9223 Y-0.5014
X9.9514
G3 X9.9644 Y-0.4886 I-0.0005 J0.0135
X9.9635 Y-0.4777 I-0.0399 J0.002
X9.9534 Y-0.459 I-0.039 J-0.0088 F300.
X9.9259 Y-0.4466 I-0.0289 J-0.0276 F40.
G1 X9.8957
G3 X9.8665 Y-0.4807 I-0.0016 J-0.0282
X9.893 Y-0.5014 I0.0266 J0.0067
G1 X9.9223
G3 X9.9353 Y-0.488 I-0.0005 J0.0134
X9.9341 Y-0.4778 I-0.041 J0.0004
X9.9234 Y-0.4587 I-0.0398 J-0.0099 F300.
X9.8957 Y-0.4466 I-0.0291 J-0.0289 F40.
G1 X9.8658
G3 X9.8371 Y-0.4809 I-0.0013 J-0.0281
X9.8635 Y-0.5014 I0.0265 J0.0069
G1 X9.893
G3 X9.906 Y-0.4878 I-0.0005 J0.0134
X9.9046 Y-0.4778 I-0.0416 J-0.0004
X9.8936 Y-0.4586 I-0.0403 J-0.0104 F300.
X9.8658 Y-0.4466 I-0.0292 J-0.0296 F40.
G1 X9.8374
G3 X9.8077 Y-0.4805 I-0.0019 J-0.0282
X9.8342 Y-0.5014 I0.0267 J0.0066
G1 X9.8635
G3 X9.8765 Y-0.4883 I-0.0005 J0.0135
X9.8754 Y-0.4777 I-0.0405 J0.0012
X9.865 Y-0.4588 I-0.0394 J-0.0094 F300.
X9.8374 Y-0.4466 I-0.029 J-0.0283 F40.
G1 X9.8068
G3 X9.7783 Y-0.481 I-0.0011 J-0.0281
X9.8046 Y-0.5014 I0.0265 J0.007
G1 X9.8342
G3 X9.8472 Y-0.4876 I-0.0005 J0.0134
X9.8458 Y-0.4778 I-0.0419 J-0.0008
X9.8346 Y-0.4585 I-0.0405 J-0.0107 F300.
X9.8068 Y-0.4466 I-0.0293 J-0.03 F40.
G1 X9.7784
G3 X9.7489 Y-0.4806 I-0.0018 J-0.0282
X9.7753 Y-0.5014 I0.0266 J0.0067
G1 X9.8046
G3 X9.8176 Y-0.4882 I-0.0005 J0.0135
X9.8165 Y-0.4777 I-0.0407 J0.0009
X9.806 Y-0.4588 I-0.0396 J-0.0096 F300.
X9.7784 Y-0.4466 I-0.029 J-0.0285 F40.
G1 X9.7482
G3 X9.7195 Y-0.4809 I-0.0013 J-0.0281
X9.7458 Y-0.5014 I0.0265 J0.0069
G1 X9.7753
G3 X9.7883 Y-0.4878 I-0.0005 J0.0134
X9.787 Y-0.4778 I-0.0416 J-0.0005
X9.7759 Y-0.4586 I-0.0403 J-0.0105 F300.
X9.7482 Y-0.4466 I-0.0292 J-0.0297 F40.
G1 X9.7197
G3 X9.6901 Y-0.4805 I-0.0019 J-0.0282
X9.7166 Y-0.5014 I0.0267 J0.0066
G1 X9.7458
G3 X9.7588 Y-0.4883 I-0.0005 J0.0135
X9.7577 Y-0.4777 I-0.0405 J0.0012
X9.7473 Y-0.4588 I-0.0394 J-0.0094 F300.
X9.7197 Y-0.4466 I-0.029 J-0.0283 F40.
G1 X9.6913
G3 X9.6623 Y-0.4846 I-0.0025 J-0.0281
X9.6875 Y-0.5014 I0.0255 J0.011
G1 X9.7166
G3 X9.7296 Y-0.4887 I-0.0005 J0.0135
X9.7287 Y-0.4777 I-0.0397 J0.0024
X9.7188 Y-0.459 I-0.0388 J-0.0086 F300.
X9.6913 Y-0.4466 I-0.0289 J-0.0273 F40.
G1 X9.6611
G3 X9.6317 Y-0.4806 I-0.0018 J-0.0282
X9.6581 Y-0.5014 I0.0266 J0.0066
G1 X9.6875
G3 X9.7005 Y-0.4881 I-0.0005 J0.0135
X9.6993 Y-0.4777 I-0.0409 J0.0007
X9.6887 Y-0.4588 I-0.0397 J-0.0097 F300.
X9.6611 Y-0.4466 I-0.0291 J-0.0287 F40.
G1 X9.6312
G3 X9.6023 Y-0.4808 I-0.0014 J-0.0281
X9.6287 Y-0.5014 I0.0265 J0.0068
G1 X9.6581
G3 X9.6711 Y-0.4879 I-0.0005 J0.0134
X9.6699 Y-0.4778 I-0.0414 J-0.0001
X9.6589 Y-0.4586 I-0.0401 J-0.0102 F300.
X9.6312 Y-0.4466 I-0.0292 J-0.0293 F40.
G1 X9.6028
G3 X9.573 Y-0.4805 I-0.002 J-0.0282
X9.5995 Y-0.5014 I0.0267 J0.0066
G1 X9.6287
G3 X9.6417 Y-0.4884 I-0.0005 J0.0135
X9.6406 Y-0.4777 I-0.0403 J0.0014
X9.6303 Y-0.4589 I-0.0393 J-0.0092 F300.
X9.6028 Y-0.4466 I-0.029 J-0.0281 F40.
G1 X9.5722
G3 X9.5436 Y-0.4809 I-0.0012 J-0.0281
X9.5699 Y-0.5014 I0.0265 J0.0069
G1 X9.5995
G3 X9.6125 Y-0.4877 I-0.0005 J0.0134
X9.6111 Y-0.4778 I-0.0418 J-0.0007
X9.5999 Y-0.4585 I-0.0404 J-0.0106 F300.
X9.5722 Y-0.4466 I-0.0292 J-0.0298 F40.
G1 X9.5437
G3 X9.5142 Y-0.4806 I-0.0019 J-0.0282
X9.5407 Y-0.5014 I0.0266 J0.0067
G1 X9.5699
G3 X9.5829 Y-0.4882 I-0.0005 J0.0135
X9.5818 Y-0.4777 I-0.0406 J0.001
X9.5713 Y-0.4588 I-0.0395 J-0.0095 F300.
X9.5437 Y-0.4466 I-0.029 J-0.0284 F40.
G1 X9.5135
G3 X9.4848 Y-0.4809 I-0.0013 J-0.0281
X9.5112 Y-0.5014 I0.0265 J0.0069
G1 X9.5407
G3 X9.5536 Y-0.4878 I-0.0005 J0.0134
X9.5523 Y-0.4778 I-0.0416 J-0.0004
X9.5413 Y-0.4586 I-0.0402 J-0.0104 F300.
X9.5135 Y-0.4466 I-0.0292 J-0.0296 F40.
G1 X9.4851
G3 X9.4554 Y-0.4805 I-0.002 J-0.0282
X9.4819 Y-0.5014 I0.0267 J0.0066
G1 X9.5112
G3 X9.5242 Y-0.4883 I-0.0005 J0.0135
X9.5231 Y-0.4777 I-0.0405 J0.0012
X9.5127 Y-0.4588 I-0.0394 J-0.0093 F300.
X9.4851 Y-0.4466 I-0.029 J-0.0283 F40.
G1 X9.4549
G3 X9.4261 Y-0.4808 I-0.0014 J-0.0281
X9.4525 Y-0.5014 I0.0265 J0.0069
G1 X9.4819
G3 X9.4949 Y-0.4878 I-0.0005 J0.0134
X9.4936 Y-0.4778 I-0.0415 J-0.0002
X9.4826 Y-0.4586 I-0.0402 J-0.0103 F300.
X9.4549 Y-0.4466 I-0.0292 J-0.0295 F40.
G1 X9.425
G3 X9.3965 Y-0.481 I-0.0011 J-0.0281
X9.4229 Y-0.5014 I0.0265 J0.007
G1 X9.4525
G3 X9.4654 Y-0.4876 I-0.0005 J0.0134
X9.464 Y-0.4778 I-0.0419 J-0.0009
X9.4528 Y-0.4585 I-0.0405 J-0.0107 F300.
X9.425 Y-0.4466 I-0.0293 J-0.03 F40.
G1 X9.3966
G3 X9.3671 Y-0.4806 I-0.0018 J-0.0282
X9.3936 Y-0.5014 I0.0266 J0.0067
G1 X9.4229
G3 X9.4358 Y-0.4882 I-0.0005 J0.0135
X9.4347 Y-0.4777 I-0.0407 J0.0009
X9.4242 Y-0.4588 I-0.0396 J-0.0096 F300.
X9.3966 Y-0.4466 I-0.029 J-0.0285 F40.
G1 X9.3681
G3 X9.3393 Y-0.4847 I-0.0024 J-0.0281
X9.3645 Y-0.5014 I0.0255 J0.0111
G1 X9.3936
G3 X9.4065 Y-0.4886 I-0.0005 J0.0135
X9.4056 Y-0.4777 I-0.0398 J0.0022
X9.3956 Y-0.459 I-0.0389 J-0.0087 F300.
X9.3681 Y-0.4466 I-0.0289 J-0.0275 F40.
G1 X9.3375
G3 X9.3086 Y-0.4807 I-0.0015 J-0.0281
X9.335 Y-0.5014 I0.0265 J0.0068
G1 X9.3645
G3 X9.3775 Y-0.4879 I-0.0005 J0.0134
X9.3762 Y-0.4778 I-0.0414 J-0.0001
X9.3653 Y-0.4586 I-0.0401 J-0.0102 F300.
X9.3375 Y-0.4466 I-0.0292 J-0.0293 F40.
G1 X9.3073
G3 X9.279 Y-0.481 I-0.001 J-0.028
X9.3053 Y-0.5014 I0.0264 J0.007
G1 X9.335
G3 X9.3479 Y-0.4876 I-0.0005 J0.0134
X9.3465 Y-0.4778 I-0.0421 J-0.0011
X9.3352 Y-0.4585 I-0.0406 J-0.0109 F300.
X9.3073 Y-0.4466 I-0.0293 J-0.0302 F40.
G1 X9.2789
G3 X9.2495 Y-0.4807 I-0.0018 J-0.0282
X9.276 Y-0.5014 I0.0266 J0.0067
G1 X9.3053
G3 X9.3183 Y-0.4881 I-0.0005 J0.0135
X9.3171 Y-0.4777 I-0.0408 J0.0007
X9.3065 Y-0.4588 I-0.0397 J-0.0097 F300.
X9.2789 Y-0.4466 I-0.0291 J-0.0287 F40.
G1 X9.2505
G3 X9.2199 Y-0.4712 I-0.0021 J-0.0288
X9.2379 Y-0.4998 I0.0272 J-0.0028
G1 X9.2469 Y-0.5014
X9.276
G3 X9.289 Y-0.4886 I-0.0005 J0.0135
X9.288 Y-0.4777 I-0.0399 J0.002
X9.278 Y-0.459 I-0.039 J-0.0088 F300.
X9.2505 Y-0.4466 I-0.0289 J-0.0276 F40.
G1 X9.2203
G3 X9.1911 Y-0.4807 I-0.0016 J-0.0282
X9.2175 Y-0.5014 I0.0266 J0.0067
G1 X9.2469
G3 X9.2599 Y-0.488 I-0.0005 J0.0134
X9.2587 Y-0.4778 I-0.041 J0.0004
X9.2479 Y-0.4587 I-0.0398 J-0.0099 F300.
X9.2203 Y-0.4466 I-0.0291 J-0.0289 F40.
G1 X9.1904
G3 X9.1616 Y-0.4809 I-0.0013 J-0.0281
X9.188 Y-0.5014 I0.0265 J0.0069
G1 X9.2175
G3 X9.2305 Y-0.4878 I-0.0005 J0.0134
X9.2292 Y-0.4778 I-0.0416 J-0.0004
X9.2181 Y-0.4586 I-0.0403 J-0.0104 F300.
X9.1904 Y-0.4466 I-0.0292 J-0.0296 F40.
G1 X9.1619
G3 X9.1323 Y-0.4805 I-0.0019 J-0.0282
X9.1588 Y-0.5014 I0.0267 J0.0066
G1 X9.188
G3 X9.201 Y-0.4883 I-0.0005 J0.0135
X9.1999 Y-0.4777 I-0.0405 J0.0012
X9.1895 Y-0.4588 I-0.0394 J-0.0094 F300.
X9.1619 Y-0.4466 I-0.029 J-0.0283 F40.
G1 X9.1314
G3 X9.1029 Y-0.481 I-0.0011 J-0.0281
X9.1292 Y-0.5014 I0.0265 J0.007
G1 X9.1588
G3 X9.1718 Y-0.4876 I-0.0005 J0.0134
X9.1704 Y-0.4778 I-0.0419 J-0.0008
X9.1591 Y-0.4585 I-0.0405 J-0.0107 F300.
X9.1314 Y-0.4466 I-0.0292 J-0.03 F40.
G1 X9.1029
G3 X9.0734 Y-0.4806 I-0.0018 J-0.0282
X9.0999 Y-0.5014 I0.0266 J0.0067
G1 X9.1292
G3 X9.1422 Y-0.4882 I-0.0005 J0.0135
X9.1411 Y-0.4777 I-0.0407 J0.0009
X9.1305 Y-0.4588 I-0.0396 J-0.0096 F300.
X9.1029 Y-0.4466 I-0.029 J-0.0285 F40.
G1 X9.0727
G3 X9.044 Y-0.4809 I-0.0013 J-0.0281
X9.0704 Y-0.5014 I0.0265 J0.0069
G1 X9.0999
G3 X9.1129 Y-0.4878 I-0.0005 J0.0134
X9.1115 Y-0.4778 I-0.0416 J-0.0005
X9.1005 Y-0.4586 I-0.0403 J-0.0105 F300.
X9.0727 Y-0.4466 I-0.0292 J-0.0297 F40.
G1 X9.0443
G3 X9.0147 Y-0.4805 I-0.0019 J-0.0282
X9.0411 Y-0.5014 I0.0267 J0.0066
G1 X9.0704
G3 X9.0834 Y-0.4883 I-0.0005 J0.0135
X9.0823 Y-0.4777 I-0.0405 J0.0012
X9.0719 Y-0.4588 I-0.0394 J-0.0094 F300.
X9.0443 Y-0.4466 I-0.029 J-0.0283 F40.
G1 X9.0158
G3 X8.9869 Y-0.4846 I-0.0025 J-0.0281
X9.0121 Y-0.5014 I0.0255 J0.011
G1 X9.0411
G3 X9.0541 Y-0.4887 I-0.0005 J0.0135
X9.0532 Y-0.4777 I-0.0397 J0.0024
X9.0433 Y-0.459 I-0.0388 J-0.0086 F300.
X9.0158 Y-0.4466 I-0.0289 J-0.0273 F40.
G1 X8.9856
G3 X8.9562 Y-0.4806 I-0.0018 J-0.0282
X8.9827 Y-0.5014 I0.0266 J0.0066
G1 X9.0121
G3 X9.0251 Y-0.4881 I-0.0005 J0.0135
X9.0239 Y-0.4778 I-0.0409 J0.0007
X9.0133 Y-0.4588 I-0.0397 J-0.0097 F300.
X8.9856 Y-0.4466 I-0.0291 J-0.0287 F40.
G1 X8.9558
G3 X8.9269 Y-0.4808 I-0.0014 J-0.0281
X8.9533 Y-0.5014 I0.0265 J0.0068
G1 X8.9827
G3 X8.9957 Y-0.4879 I-0.0005 J0.0134
X8.9944 Y-0.4778 I-0.0414 J-0.0001
X8.9835 Y-0.4586 I-0.0401 J-0.0102 F300.
X8.9558 Y-0.4466 I-0.0292 J-0.0293 F40.
G1 X8.9273
G3 X8.8975 Y-0.4805 I-0.002 J-0.0282
X8.924 Y-0.5014 I0.0267 J0.0066
G1 X8.9533
G3 X8.9662 Y-0.4884 I-0.0005 J0.0135
X8.9652 Y-0.4777 I-0.0403 J0.0014
X8.9549 Y-0.4589 I-0.0393 J-0.0092 F300.
X8.9273 Y-0.4466 I-0.029 J-0.0281 F40.
G1 X8.8967
G3 X8.8681 Y-0.4809 I-0.0012 J-0.0281
X8.8945 Y-0.5014 I0.0265 J0.0069
G1 X8.924
G3 X8.937 Y-0.4877 I-0.0005 J0.0134
X8.9357 Y-0.4778 I-0.0418 J-0.0007
X8.9245 Y-0.4585 I-0.0404 J-0.0106 F300.
X8.8967 Y-0.4466 I-0.0292 J-0.0298 F40.
G1 X8.8683
G3 X8.8387 Y-0.4806 I-0.0019 J-0.0282
X8.8652 Y-0.5014 I0.0266 J0.0067
G1 X8.8945
G3 X8.9075 Y-0.4882 I-0.0005 J0.0135
X8.9064 Y-0.4777 I-0.0406 J0.001
X8.8959 Y-0.4588 I-0.0395 J-0.0095 F300.
X8.8683 Y-0.4466 I-0.029 J-0.0284 F40.
G1 X8.8381
G3 X8.8093 Y-0.4809 I-0.0013 J-0.0281
X8.8357 Y-0.5014 I0.0265 J0.0069
G1 X8.8652
G3 X8.8782 Y-0.4878 I-0.0005 J0.0134
X8.8769 Y-0.4778 I-0.0416 J-0.0004
X8.8658 Y-0.4586 I-0.0402 J-0.0104 F300.
X8.8381 Y-0.4466 I-0.0292 J-0.0296 F40.
G1 X8.8096
G3 X8.78 Y-0.4805 I-0.002 J-0.0282
X8.8065 Y-0.5014 I0.0267 J0.0066
G1 X8.8357
G3 X8.8487 Y-0.4883 I-0.0005 J0.0135
X8.8476 Y-0.4777 I-0.0405 J0.0012
X8.8372 Y-0.4588 I-0.0394 J-0.0093 F300.
X8.8096 Y-0.4466 I-0.029 J-0.0282 F40.
G1 X8.7794
G3 X8.7506 Y-0.4808 I-0.0014 J-0.0281
X8.777 Y-0.5014 I0.0265 J0.0069
G1 X8.8065
G3 X8.8195 Y-0.4878 I-0.0005 J0.0134
X8.8182 Y-0.4778 I-0.0415 J-0.0002
X8.8072 Y-0.4586 I-0.0402 J-0.0103 F300.
X8.7794 Y-0.4466 I-0.0292 J-0.0295 F40.
G1 X8.7496
G3 X8.7211 Y-0.481 I-0.0011 J-0.0281
X8.7474 Y-0.5014 I0.0265 J0.007
G1 X8.777
G3 X8.79 Y-0.4876 I-0.0005 J0.0134
X8.7886 Y-0.4778 I-0.0419 J-0.0008
X8.7774 Y-0.4585 I-0.0405 J-0.0107 F300.
X8.7496 Y-0.4466 I-0.0293 J-0.03 F40.
G1 X8.7211
G3 X8.6917 Y-0.4806 I-0.0018 J-0.0282
X8.7181 Y-0.5014 I0.0266 J0.0067
G1 X8.7474
G3 X8.7604 Y-0.4882 I-0.0005 J0.0135
X8.7593 Y-0.4777 I-0.0407 J0.0009
X8.7488 Y-0.4588 I-0.0396 J-0.0096 F300.
X8.7211 Y-0.4466 I-0.029 J-0.0285 F40.
G1 X8.6927
G3 X8.6638 Y-0.4847 I-0.0024 J-0.0281
X8.689 Y-0.5014 I0.0255 J0.0111
G1 X8.7181
G3 X8.7311 Y-0.4886 I-0.0005 J0.0135
X8.7302 Y-0.4777 I-0.0398 J0.0022
X8.7202 Y-0.459 I-0.0389 J-0.0087 F300.
X8.6927 Y-0.4466 I-0.0289 J-0.0275 F40.
G1 X8.6621
G3 X8.6331 Y-0.4807 I-0.0015 J-0.0281
X8.6595 Y-0.5014 I0.0265 J0.0068
G1 X8.689
G3 X8.702 Y-0.4879 I-0.0005 J0.0134
X8.7007 Y-0.4778 I-0.0414 J-0.0001
X8.6898 Y-0.4586 I-0.0401 J-0.0102 F300.
X8.6621 Y-0.4466 I-0.0292 J-0.0293 F40.
G1 X8.6319
G3 X8.6035 Y-0.481 I-0.001 J-0.028
X8.6299 Y-0.5014 I0.0264 J0.007
G1 X8.6595
G3 X8.6725 Y-0.4876 I-0.0005 J0.0134
X8.6711 Y-0.4778 I-0.0421 J-0.0011
X8.6597 Y-0.4585 I-0.0406 J-0.0109 F300.
X8.6319 Y-0.4466 I-0.0293 J-0.0302 F40.
G1 X8.6035
G3 X8.5741 Y-0.4806 I-0.0018 J-0.0282
X8.6005 Y-0.5014 I0.0266 J0.0067
G1 X8.6299
G3 X8.6429 Y-0.4881 I-0.0005 J0.0135
X8.6417 Y-0.4777 I-0.0408 J0.0007
X8.6311 Y-0.4588 I-0.0397 J-0.0097 F300.
X8.6035 Y-0.4466 I-0.0291 J-0.0287 F40.
G1 X8.575
G3 X8.5444 Y-0.4712 I-0.0021 J-0.0288
X8.5625 Y-0.4998 I0.0272 J-0.0028
G1 X8.5714 Y-0.5014
X8.6005
G3 X8.6135 Y-0.4886 I-0.0005 J0.0135
X8.6126 Y-0.4777 I-0.0399 J0.002
X8.6025 Y-0.459 I-0.039 J-0.0088 F300.
X8.575 Y-0.4466 I-0.0289 J-0.0276 F40.
G1 X8.5448
G3 X8.5156 Y-0.4807 I-0.0016 J-0.0282
X8.5421 Y-0.5014 I0.0266 J0.0067
G1 X8.5714
G3 X8.5844 Y-0.488 I-0.0005 J0.0135
X8.5832 Y-0.4778 I-0.041 J0.0004
X8.5725 Y-0.4587 I-0.0398 J-0.0099 F300.
X8.5448 Y-0.4466 I-0.0291 J-0.0289 F40.
G1 X8.5149
G3 X8.4862 Y-0.4809 I-0.0013 J-0.0281
X8.5126 Y-0.5014 I0.0265 J0.0069
G1 X8.5421
G3 X8.5551 Y-0.4878 I-0.0005 J0.0134
X8.5537 Y-0.4778 I-0.0416 J-0.0004
X8.5427 Y-0.4586 I-0.0403 J-0.0104 F300.
X8.5149 Y-0.4466 I-0.0292 J-0.0296 F40.
G1 X8.4865
G3 X8.4568 Y-0.4805 I-0.002 J-0.0282
X8.4833 Y-0.5014 I0.0267 J0.0066
G1 X8.5126
G3 X8.5256 Y-0.4883 I-0.0005 J0.0135
X8.5245 Y-0.4777 I-0.0405 J0.0012
X8.5141 Y-0.4588 I-0.0394 J-0.0093 F300.
X8.4865 Y-0.4466 I-0.029 J-0.0283 F40.
G1 X8.4559
G3 X8.4274 Y-0.481 I-0.0011 J-0.0281
X8.4537 Y-0.5014 I0.0265 J0.007
G1 X8.4833
G3 X8.4963 Y-0.4877 I-0.0005 J0.0134
X8.4949 Y-0.4778 I-0.0419 J-0.0008
X8.4837 Y-0.4585 I-0.0405 J-0.0107 F300.
X8.4559 Y-0.4466 I-0.0292 J-0.03 F40.
G1 X8.4275
G3 X8.398 Y-0.4806 I-0.0018 J-0.0282
X8.4245 Y-0.5014 I0.0266 J0.0067
G1 X8.4537
G3 X8.4667 Y-0.4882 I-0.0005 J0.0135
X8.4656 Y-0.4777 I-0.0407 J0.0009
X8.4551 Y-0.4588 I-0.0396 J-0.0095 F300.
X8.4275 Y-0.4466 I-0.029 J-0.0285 F40.
G1 X8.3973
G3 X8.3686 Y-0.4809 I-0.0013 J-0.0281
X8.3949 Y-0.5014 I0.0265 J0.0069
G1 X8.4245
G3 X8.4374 Y-0.4878 I-0.0005 J0.0134
X8.4361 Y-0.4778 I-0.0416 J-0.0005
X8.425 Y-0.4586 I-0.0403 J-0.0105 F300.
X8.3973 Y-0.4466 I-0.0292 J-0.0296 F40.
G1 X8.3688
G3 X8.3392 Y-0.4805 I-0.0019 J-0.0282
X8.3657 Y-0.5014 I0.0267 J0.0066
G1 X8.3949
G3 X8.4079 Y-0.4883 I-0.0005 J0.0135
X8.4068 Y-0.4777 I-0.0405 J0.0012
X8.3964 Y-0.4588 I-0.0394 J-0.0094 F300.
X8.3688 Y-0.4466 I-0.029 J-0.0283 F40.
G1 X8.3404
G3 X8.3114 Y-0.4846 I-0.0025 J-0.0281
X8.3366 Y-0.5014 I0.0255 J0.011
G1 X8.3657
G3 X8.3787 Y-0.4887 I-0.0005 J0.0135
X8.3778 Y-0.4777 I-0.0397 J0.0024
X8.3679 Y-0.459 I-0.0388 J-0.0086 F300.
X8.3404 Y-0.4466 I-0.0289 J-0.0273 F40.
G1 X8.3102
G3 X8.2808 Y-0.4806 I-0.0018 J-0.0282
X8.3073 Y-0.5014 I0.0266 J0.0066
G1 X8.3366
G3 X8.3496 Y-0.4881 I-0.0005 J0.0135
X8.3485 Y-0.4778 I-0.0408 J0.0007
X8.3378 Y-0.4588 I-0.0397 J-0.0097 F300.
X8.3102 Y-0.4466 I-0.0291 J-0.0287 F40.
G1 X8.2803
G3 X8.2514 Y-0.4808 I-0.0014 J-0.0281
X8.2778 Y-0.5014 I0.0265 J0.0068
G1 X8.3073
G3 X8.3202 Y-0.4879 I-0.0005 J0.0134
X8.319 Y-0.4778 I-0.0414 J-0.0001
X8.308 Y-0.4586 I-0.0401 J-0.0102 F300.
X8.2803 Y-0.4466 I-0.0292 J-0.0293 F40.
G1 X8.2519
G3 X8.2221 Y-0.4805 I-0.002 J-0.0282
X8.2486 Y-0.5014 I0.0267 J0.0066
G1 X8.2778
G3 X8.2908 Y-0.4884 I-0.0005 J0.0135
X8.2898 Y-0.4777 I-0.0403 J0.0014
X8.2794 Y-0.4589 I-0.0393 J-0.0092 F300.
X8.2519 Y-0.4466 I-0.029 J-0.0281 F40.
G1 X8.2213
G3 X8.1927 Y-0.4809 I-0.0012 J-0.0281
X8.219 Y-0.5014 I0.0265 J0.0069
G1 X8.2486
G3 X8.2616 Y-0.4877 I-0.0005 J0.0134
X8.2602 Y-0.4778 I-0.0418 J-0.0007
X8.2491 Y-0.4585 I-0.0404 J-0.0106 F300.
X8.2213 Y-0.4466 I-0.0292 J-0.0298 F40.
G1 X8.1928
G3 X8.1633 Y-0.4806 I-0.0019 J-0.0282
X8.1898 Y-0.5014 I0.0266 J0.0067
G1 X8.219
G3 X8.232 Y-0.4882 I-0.0005 J0.0135
X8.2309 Y-0.4777 I-0.0406 J0.001
X8.2205 Y-0.4588 I-0.0395 J-0.0095 F300.
X8.1928 Y-0.4466 I-0.029 J-0.0284 F40.
G1 X8.1626
G3 X8.1339 Y-0.4809 I-0.0013 J-0.0281
X8.1603 Y-0.5014 I0.0265 J0.0069
G1 X8.1898
G3 X8.2028 Y-0.4878 I-0.0005 J0.0134
X8.2014 Y-0.4778 I-0.0416 J-0.0004
X8.1904 Y-0.4586 I-0.0402 J-0.0104 F300.
X8.1626 Y-0.4466 I-0.0292 J-0.0296 F40.
G1 X8.1342
G3 X8.1045 Y-0.4805 I-0.002 J-0.0282
X8.131 Y-0.5014 I0.0267 J0.0066
G1 X8.1603
G3 X8.1733 Y-0.4883 I-0.0005 J0.0135
X8.1722 Y-0.4777 I-0.0405 J0.0012
X8.1618 Y-0.4588 I-0.0394 J-0.0093 F300.
X8.1342 Y-0.4466 I-0.029 J-0.0282 F40.
G1 X8.104
G3 X8.0752 Y-0.4808 I-0.0014 J-0.0281
X8.1016 Y-0.5014 I0.0265 J0.0069
G1 X8.131
G3 X8.144 Y-0.4878 I-0.0005 J0.0134
X8.1427 Y-0.4778 I-0.0415 J-0.0002
X8.1317 Y-0.4586 I-0.0402 J-0.0103 F300.
X8.104 Y-0.4466 I-0.0292 J-0.0294 F40.
G1 X8.0741
G3 X8.0456 Y-0.481 I-0.0011 J-0.0281
X8.072 Y-0.5014 I0.0265 J0.007
G1 X8.1016
G3 X8.1145 Y-0.4876 I-0.0005 J0.0134
X8.1132 Y-0.4778 I-0.0419 J-0.0008
X8.1019 Y-0.4585 I-0.0405 J-0.0107 F300.
X8.0741 Y-0.4466 I-0.0293 J-0.03 F40.
G1 X8.0457
G3 X8.0162 Y-0.4806 I-0.0018 J-0.0282
X8.0427 Y-0.5014 I0.0266 J0.0067
G1 X8.072
G3 X8.085 Y-0.4882 I-0.0005 J0.0135
X8.0838 Y-0.4777 I-0.0407 J0.0009
X8.0733 Y-0.4588 I-0.0396 J-0.0096 F300.
X8.0457 Y-0.4466 I-0.029 J-0.0285 F40.
G1 X8.0172
G3 X7.9884 Y-0.4847 I-0.0024 J-0.0281
X8.0136 Y-0.5014 I0.0255 J0.0111
G1 X8.0427
G3 X8.0556 Y-0.4886 I-0.0005 J0.0135
X8.0547 Y-0.4777 I-0.0398 J0.0022
X8.0447 Y-0.459 I-0.0389 J-0.0087 F300.
X8.0172 Y-0.4466 I-0.0289 J-0.0275 F40.
G1 X7.9867
G3 X7.9577 Y-0.4807 I-0.0015 J-0.0281
X7.9841 Y-0.5014 I0.0265 J0.0068
G1 X8.0136
G3 X8.0266 Y-0.4879 I-0.0005 J0.0134
X8.0253 Y-0.4778 I-0.0414 J-0.0001
X8.0144 Y-0.4586 I-0.0401 J-0.0102 F300.
X7.9867 Y-0.4466 I-0.0292 J-0.0293 F40.
G1 X7.9565
G3 X7.9281 Y-0.481 I-0.001 J-0.028
X7.9544 Y-0.5014 I0.0264 J0.007
G1 X7.9841
G3 X7.997 Y-0.4876 I-0.0005 J0.0134
X7.9956 Y-0.4778 I-0.0421 J-0.0011
X7.9843 Y-0.4585 I-0.0406 J-0.0109 F300.
X7.9565 Y-0.4466 I-0.0293 J-0.0302 F40.
G1 X7.928
G3 X7.8986 Y-0.4806 I-0.0018 J-0.0282
X7.9251 Y-0.5014 I0.0266 J0.0067
G1 X7.9544
G3 X7.9674 Y-0.4881 I-0.0005 J0.0135
X7.9663 Y-0.4777 I-0.0408 J0.0007
X7.9557 Y-0.4588 I-0.0397 J-0.0097 F300.
X7.928 Y-0.4466 I-0.0291 J-0.0287 F40.
G1 X7.8996
G3 X7.869 Y-0.4712 I-0.0021 J-0.0288
X7.887 Y-0.4998 I0.0272 J-0.0028
G1 X7.896 Y-0.5014
X7.9251
G3 X7.9381 Y-0.4886 I-0.0005 J0.0135
X7.9371 Y-0.4777 I-0.0399 J0.002
X7.9271 Y-0.459 I-0.039 J-0.0088 F300.
X7.8996 Y-0.4466 I-0.0289 J-0.0276 F40.
G1 X7.8694
G3 X7.8402 Y-0.4807 I-0.0016 J-0.0282
X7.8666 Y-0.5014 I0.0266 J0.0067
G1 X7.896
G3 X7.909 Y-0.488 I-0.0005 J0.0135
X7.9078 Y-0.4778 I-0.041 J0.0004
X7.897 Y-0.4587 I-0.0398 J-0.0099 F300.
X7.8694 Y-0.4466 I-0.0291 J-0.0289 F40.
G1 X7.8395
G3 X7.8108 Y-0.4808 I-0.0013 J-0.0281
X7.8371 Y-0.5014 I0.0265 J0.0069
G1 X7.8666
G3 X7.8796 Y-0.4878 I-0.0005 J0.0134
X7.8783 Y-0.4778 I-0.0416 J-0.0004
X7.8672 Y-0.4586 I-0.0402 J-0.0104 F300.
X7.8395 Y-0.4466 I-0.0292 J-0.0296 F40.
G1 X7.8111
G3 X7.7815 Y-0.4805 I-0.002 J-0.0281
X7.8079 Y-0.5013 I0.0267 J0.0066
G1 X7.8371
G3 X7.8501 Y-0.4883 I-0.0005 J0.0135
X7.849 Y-0.4777 I-0.0405 J0.0012
X7.8386 Y-0.4588 I-0.0394 J-0.0093 F300.
X7.8111 Y-0.4466 I-0.029 J-0.0282 F40.
G1 X7.7826
G3 X7.7538 Y-0.4845 I-0.0025 J-0.028
X7.7789 Y-0.5013 I0.0255 J0.011
G1 X7.8079
G3 X7.8209 Y-0.4886 I-0.0005 J0.0134
X7.82 Y-0.4777 I-0.0397 J0.0023
X7.8101 Y-0.459 I-0.0388 J-0.0086 F300.
X7.7826 Y-0.4466 I-0.0289 J-0.0273 F40.
G1 X7.752
G3 X7.7232 Y-0.4806 I-0.0015 J-0.0279
X7.7496 Y-0.5012 I0.0265 J0.0068
G1 X7.7789 Y-0.5013
G3 X7.7919 Y-0.4878 I-0.0004 J0.0134
X7.7906 Y-0.4777 I-0.0413 J-0.0002
X7.7797 Y-0.4586 I-0.04 J-0.0103 F300.
X7.752 Y-0.4466 I-0.0292 J-0.0293 F40.
G1 X7.7218
G3 X7.6974 Y-0.489 I-0.0011 J-0.0276
G1 X7.7035 Y-0.4955
X7.7113 Y-0.4997
X7.72 Y-0.5012
X7.7496
G3 X7.7625 Y-0.4874 I-0.0004 J0.0134
G1 X7.7621 Y-0.4825
X7.761 Y-0.4776
G3 X7.7497 Y-0.4584 I-0.0407 J-0.0111 F300.
X7.7218 Y-0.4466 I-0.0293 J-0.0303 F40.
G1 X7.6934
G3 X7.6645 Y-0.4805 I-0.0016 J-0.0278
X7.6909 Y-0.5011 I0.0265 J0.0068
G1 X7.72 Y-0.5012
G3 X7.733 Y-0.4878 I-0.0004 J0.0134
X7.7318 Y-0.4776 I-0.0411 J0.0002
X7.7211 Y-0.4587 I-0.0398 J-0.0101 F300.
X7.6934 Y-0.4466 I-0.0291 J-0.029 F40.
G1 X7.6649
G3 X7.6374 Y-0.4625 I-0.0016 J-0.0291
X7.6531 Y-0.4996 I0.0247 J-0.0114
G1 X7.6619 Y-0.5011
X7.6909
G3 X7.7038 Y-0.4881 I-0.0004 J0.0134
X7.7027 Y-0.4775 I-0.0403 J0.0012
X7.6925 Y-0.4589 I-0.0392 J-0.0094 F300.
X7.6649 Y-0.4466 I-0.029 J-0.028 F40.
G1 X7.6365
G3 X7.6087 Y-0.4622 I-0.0019 J-0.0292
X7.6163 Y-0.4951 I0.0248 J-0.0116
G1 X7.6243 Y-0.4995
X7.6332 Y-0.5011
X7.6619
G3 X7.6749 Y-0.4884 I-0.0004 J0.0134
X7.6739 Y-0.4775 I-0.0398 J0.0019
X7.664 Y-0.459 I-0.0388 J-0.009 F300.
X7.6365 Y-0.4466 I-0.0289 J-0.0274 F40.
G1 X7.6063
G3 X7.5778 Y-0.4805 I-0.0015 J-0.0277
X7.6041 Y-0.501 I0.0265 J0.0068
G1 X7.6332 Y-0.5011
G3 X7.6461 Y-0.4876 I-0.0004 J0.0134
X7.6448 Y-0.4774 I-0.0413 J-0.0003
X7.634 Y-0.4587 I-0.0399 J-0.0104 F300.
X7.6063 Y-0.4466 I-0.0291 J-0.0292 F40.
G1 X7.5764
G3 X7.5522 Y-0.4888 I-0.0012 J-0.0274
G1 X7.5583 Y-0.4953
X7.5661 Y-0.4995
X7.5748 Y-0.501
X7.6041
G3 X7.617 Y-0.4872 I-0.0004 J0.0134
X7.6155 Y-0.4774 I-0.0421 J-0.0015
X7.6042 Y-0.4585 I-0.0406 J-0.0113 F300.
X7.5764 Y-0.4466 I-0.0293 J-0.0302 F40.
G1 X7.548
G3 X7.5195 Y-0.4804 I-0.0016 J-0.0275
X7.5458 Y-0.5009 I0.0265 J0.0068
G1 X7.5748 Y-0.501
G3 X7.5878 Y-0.4875 I-0.0004 J0.0134
X7.5864 Y-0.4773 I-0.0412 J-0.0003
X7.5757 Y-0.4587 I-0.0399 J-0.0105 F300.
X7.548 Y-0.4466 I-0.0291 J-0.0291 F40.
G1 X7.5195
G3 X7.4924 Y-0.4625 I-0.0015 J-0.0286
X7.5171 Y-0.5009 I0.0248 J-0.0112
G1 X7.5458
G3 X7.5588 Y-0.4878 I-0.0004 J0.0133
X7.5575 Y-0.4773 I-0.0406 J0.0005
X7.5472 Y-0.4588 I-0.0394 J-0.0099 F300.
X7.5195 Y-0.4466 I-0.029 J-0.0284 F40.
G1 X7.4911
G3 X7.4638 Y-0.4623 I-0.0017 J-0.0287
X7.4795 Y-0.4993 I0.0248 J-0.0113
G1 X7.4884 Y-0.5008
X7.5171 Y-0.5009
G3 X7.53 Y-0.4879 I-0.0004 J0.0133
X7.5288 Y-0.4772 I-0.0402 J0.001
X7.5187 Y-0.4589 I-0.0391 J-0.0096 F300.
X7.4911 Y-0.4466 I-0.029 J-0.028 F40.
G1 X7.4627
G3 X7.4353 Y-0.4622 I-0.0018 J-0.0287
X7.4431 Y-0.4949 I0.0249 J-0.0114
G1 X7.451 Y-0.4993
X7.4599 Y-0.5008
X7.4884
G3 X7.5013 Y-0.4879 I-0.0004 J0.0133
X7.5002 Y-0.4772 I-0.04 J0.0013
X7.4902 Y-0.459 I-0.0389 J-0.0095 F300.
X7.4627 Y-0.4466 I-0.0289 J-0.0277 F40.
G1 X7.4342
G3 X7.4044 Y-0.4708 I-0.0021 J-0.0279
X7.4225 Y-0.4993 I0.0273 J-0.0026
G1 X7.4314 Y-0.5008
X7.4599
G3 X7.4727 Y-0.488 I-0.0004 J0.0133
X7.4716 Y-0.4771 I-0.0399 J0.0014
X7.4617 Y-0.459 I-0.0388 J-0.0094 F300.
X7.4342 Y-0.4466 I-0.0289 J-0.0276 F40.
G1 X7.4058
G3 X7.376 Y-0.4708 I-0.0021 J-0.0279
X7.3941 Y-0.4992 I0.0273 J-0.0026
G1 X7.403 Y-0.5007
X7.4314 Y-0.5008
G3 X7.4443 Y-0.4879 I-0.0004 J0.0133
X7.4432 Y-0.4771 I-0.0399 J0.0014
X7.4333 Y-0.459 I-0.0388 J-0.0094 F300.
X7.4058 Y-0.4466 I-0.0289 J-0.0275 F40.
G1 X7.3774
G3 X7.3476 Y-0.4707 I-0.0021 J-0.0278
X7.3657 Y-0.4992 I0.0273 J-0.0026
G1 X7.3746 Y-0.5007
X7.403
G3 X7.4158 Y-0.4879 I-0.0004 J0.0133
X7.4147 Y-0.477 I-0.0399 J0.0014
X7.4049 Y-0.459 I-0.0388 J-0.0095 F300.
X7.3774 Y-0.4466 I-0.0289 J-0.0275 F40.
G1 X7.3489
G3 X7.3199 Y-0.4726 I-0.002 J-0.027
X7.3469 Y-0.5006 I0.027 J-0.001
G1 X7.3746 Y-0.5007
G3 X7.3875 Y-0.4878 I-0.0004 J0.0133
X7.3863 Y-0.477 I-0.0399 J0.0012
X7.3764 Y-0.459 I-0.0388 J-0.0096 F300.
X7.3489 Y-0.4466 I-0.0289 J-0.0276 F40.
G1 X7.3205
G3 X7.2919 Y-0.4728 I-0.0016 J-0.0269
X7.3189 Y-0.5005 I0.027 J-0.0008
G1 X7.3469 Y-0.5006
G3 X7.3597 Y-0.4874 I-0.0004 J0.0133
X7.3584 Y-0.477 I-0.0407 J0.0001
X7.3481 Y-0.4588 I-0.0393 J-0.0103 F300.
X7.3205 Y-0.4466 I-0.029 J-0.0285 F40.
G1 X7.292
G3 X7.2638 Y-0.473 I-0.0013 J-0.0269
X7.2909 Y-0.5005 I0.0269 J-0.0006
G1 X7.3189 Y-0.5006
G3 X7.3318 Y-0.4871 I-0.0004 J0.0133
X7.3303 Y-0.4769 I-0.0412 J-0.0006
X7.3197 Y-0.4587 I-0.0397 J-0.0108 F300.
X7.292 Y-0.4466 I-0.0291 J-0.0291 F40.
G1 X7.2636
G3 X7.2356 Y-0.4731 I-0.001 J-0.0269
X7.2627 Y-0.5004 I0.0269 J-0.0004
G1 X7.2909 Y-0.5006
G3 X7.3037 Y-0.4869 I-0.0004 J0.0132
X7.3022 Y-0.4769 I-0.0416 J-0.0013
X7.2913 Y-0.4586 I-0.04 J-0.0113 F300.
X7.2636 Y-0.4466 I-0.0292 J-0.0296 F40.
G1 X7.2352
G3 X7.219 Y-0.4954 I-0.0009 J-0.0268
G1 X7.2264 Y-0.4992
X7.2345 Y-0.5005
X7.2627
G3 X7.2755 Y-0.4867 I-0.0004 J0.0132
X7.2739 Y-0.4769 I-0.0418 J-0.0017
X7.2629 Y-0.4585 I-0.0402 J-0.0116 F300.
X7.2352 Y-0.4466 I-0.0293 J-0.03 F40.
G1 X7.2082
G3 X7.1911 Y-0.4953 I-0.0016 J-0.0267
G1 X7.1986 Y-0.4991
X7.2069 Y-0.5004
X7.2345 Y-0.5005
G3 X7.2473 Y-0.4873 I-0.0004 J0.0132
X7.246 Y-0.4768 I-0.0406 J0.
X7.2358 Y-0.4588 I-0.0393 J-0.0104 F300.
X7.2082 Y-0.4466 I-0.029 J-0.0284 F40.
G1 X7.1815
G3 X7.1637 Y-0.4951 I-0.0022 J-0.0267
G1 X7.1712 Y-0.4991
X7.1795 Y-0.5004
X7.2069
G3 X7.2196 Y-0.4877 I-0.0004 J0.0132
X7.2185 Y-0.4767 I-0.0395 J0.0015
X7.2089 Y-0.4591 I-0.0384 J-0.0095 F300.
X7.1815 Y-0.4466 I-0.0288 J-0.0271 F40.
G1 X7.153
G3 X7.1263 Y-0.4819 I-0.0017 J-0.0265
X7.1519 Y-0.5004 I0.0255 J0.0085
G1 X7.1795
G3 X7.1923 Y-0.4871 I-0.0004 J0.0132
X7.1909 Y-0.4767 I-0.0407 J-0.0002
X7.1807 Y-0.4588 I-0.0393 J-0.0106 F300.
X7.153 Y-0.4466 I-0.029 J-0.0285 F40.
G1 X7.1246
G3 X7.0986 Y-0.4822 I-0.0012 J-0.0264
X7.124 Y-0.5003 I0.0254 J0.0087
G1 X7.1519 Y-0.5004
G3 X7.1647 Y-0.4867 I-0.0004 J0.0132
X7.1631 Y-0.4767 I-0.0415 J-0.0014
X7.1523 Y-0.4586 I-0.0399 J-0.0115 F300.
X7.1246 Y-0.4466 I-0.0292 J-0.0296 F40.
G1 X7.0979
G3 X7.0711 Y-0.4817 I-0.0019 J-0.0264
X7.0967 Y-0.5003 I0.0256 J0.0084
G1 X7.124
G3 X7.1368 Y-0.4872 I-0.0004 J0.0132
X7.1355 Y-0.4766 I-0.0403 J0.0004
X7.1255 Y-0.4589 I-0.039 J-0.0103 F300.
X7.0979 Y-0.4466 I-0.029 J-0.028 F40.
G1 X7.0695
G3 X7.0419 Y-0.4739 I-0.0014 J-0.0261
X7.0689 Y-0.5002 I0.027 J0.0006
G1 X7.0967 Y-0.5003
G3 X7.1094 Y-0.4867 I-0.0004 J0.0132
X7.1078 Y-0.4766 I-0.0414 J-0.0013
X7.0972 Y-0.4586 I-0.0398 J-0.0114 F300.
X7.0695 Y-0.4466 I-0.0292 J-0.0294 F40.
G1 X7.0432
G3 X7.0148 Y-0.4732 I-0.0022 J-0.0261
X7.0418 Y-0.5002 I0.027 J0.0001
G1 X7.0689
G3 X7.0817 Y-0.4873 I-0.0004 J0.0132
X7.0804 Y-0.4765 I-0.0399 J0.0009
X7.0707 Y-0.459 I-0.0386 J-0.01 F300.
X7.0432 Y-0.4466 I-0.0289 J-0.0275 F40.
G1 X7.0147
G3 X6.9872 Y-0.4738 I-0.0015 J-0.026
X7.0142 Y-0.5002 I0.027 J0.0006
G1 X7.0418
G3 X7.0545 Y-0.4867 I-0.0004 J0.0132
X7.0529 Y-0.4765 I-0.0412 J-0.0012
X7.0424 Y-0.4587 I-0.0396 J-0.0113 F300.
X7.0147 Y-0.4466 I-0.0291 J-0.0292 F40.
G1 X6.9877
G3 X6.9599 Y-0.4735 I-0.0018 J-0.0259
X6.9869 Y-0.5001 I0.027 J0.0004
G1 X7.0142 Y-0.5002
G3 X7.0269 Y-0.4869 I-0.0004 J0.0132
X7.0255 Y-0.4764 I-0.0406 J-0.0003
X7.0154 Y-0.4588 I-0.0392 J-0.0108 F300.
X6.9877 Y-0.4466 I-0.029 J-0.0284 F40.
G1 X6.9611
G3 X6.9329 Y-0.4732 I-0.0022 J-0.0259
X6.9599 Y-0.5001 I0.027 J0.0001
G1 X6.9869
G3 X6.9997 Y-0.4872 I-0.0004 J0.0131
X6.9983 Y-0.4764 I-0.04 J0.0006
X6.9886 Y-0.459 I-0.0387 J-0.0102 F300.
X6.9611 Y-0.4466 I-0.0289 J-0.0276 F40.
G1 X6.9326
G3 X6.9064 Y-0.4656 I-0.0016 J-0.0254
X6.9324 Y-0.5 I0.026 J-0.0074
G1 X6.9599 Y-0.5001
G3 X6.9726 Y-0.4864 I-0.0004 J0.0131
X6.971 Y-0.4764 I-0.0414 J-0.0016
X6.9604 Y-0.4586 I-0.0398 J-0.0117 F300.
X6.9326 Y-0.4466 I-0.0292 J-0.0295 F40.
G1 X6.9059
G3 X6.8783 Y-0.4734 I-0.0018 J-0.0258
X6.9053 Y-0.5 I0.027 J0.0004
G1 X6.9324
G3 X6.9451 Y-0.4868 I-0.0004 J0.0131
X6.9436 Y-0.4763 I-0.0406 J-0.0004
X6.9335 Y-0.4588 I-0.0391 J-0.0109 F300.
X6.9059 Y-0.4466 I-0.029 J-0.0284 F40.
G1 X6.8797
X6.8737 Y-0.4469
X6.8678 Y-0.4484
G3 X6.8794 Y-0.5 I0.0116 J-0.0245
G1 X6.9053
G3 X6.918 Y-0.4872 I-0.0004 J0.0131
X6.9167 Y-0.4763 I-0.0397 J0.0008
X6.9071 Y-0.459 I-0.0384 J-0.0101 F300.
X6.8797 Y-0.4466 I-0.0289 J-0.0273 F40.
G1 X6.8527
G3 X6.8263 Y-0.4653 I-0.0018 J-0.0253
X6.8523 Y-0.4999 I0.026 J-0.0075
G1 X6.8794 Y-0.5
G3 X6.8921 Y-0.4866 I-0.0004 J0.0131
X6.8905 Y-0.4762 I-0.0409 J-0.0009
X6.8803 Y-0.4587 I-0.0393 J-0.0112 F300.
X6.8527 Y-0.4466 I-0.0291 J-0.0287 F40.
G1 X6.826
X6.82 Y-0.4469
X6.8142 Y-0.4486
G3 X6.8263 Y-0.4999 I0.0121 J-0.0242
G1 X6.8523
G3 X6.865 Y-0.4867 I-0.0004 J0.0131
X6.8635 Y-0.4762 I-0.0404 J-0.0003
X6.8536 Y-0.4589 I-0.0389 J-0.0108 F300.
X6.826 Y-0.4466 I-0.029 J-0.0282 F40.
G1 X6.7993
G3 X6.7732 Y-0.4654 I-0.0017 J-0.0253
X6.7992 Y-0.4998 I0.026 J-0.0074
G1 X6.8263 Y-0.4999
G3 X6.8389 Y-0.4864 I-0.0004 J0.0131
X6.8373 Y-0.4762 I-0.041 J-0.0012
X6.827 Y-0.4587 I-0.0394 J-0.0115 F300.
X6.7993 Y-0.4466 I-0.0291 J-0.029 F40.
G1 X6.773
X6.767 Y-0.4469
X6.7612 Y-0.4485
G3 X6.7733 Y-0.4998 I0.0122 J-0.0242
G1 X6.7992
G3 X6.8118 Y-0.4867 I-0.0004 J0.0131
X6.8104 Y-0.4761 I-0.0402 J-0.0001
X6.8006 Y-0.4589 I-0.0388 J-0.0107 F300.
X6.773 Y-0.4466 I-0.029 J-0.0279 F40.
G1 X6.7478
X6.7418 Y-0.4469
X6.736 Y-0.4485
G3 X6.7478 Y-0.4998 I0.0119 J-0.0243
G1 X6.7733
G3 X6.786 Y-0.487 I-0.0004 J0.0131
X6.7847 Y-0.476 I-0.0396 J0.0008
X6.7752 Y-0.4591 I-0.0383 J-0.0102 F300.
X6.7478 Y-0.4466 I-0.0288 J-0.0272 F40.
G1 X6.7211
X6.7151 Y-0.4469
X6.7093 Y-0.4488
G3 X6.722 Y-0.4997 I0.0128 J-0.0239
G1 X6.7478 Y-0.4998
G3 X6.7604 Y-0.4864 I-0.0004 J0.0131
X6.7588 Y-0.476 I-0.0408 J-0.001
X6.7487 Y-0.4588 I-0.0392 J-0.0114 F300.
X6.7211 Y-0.4466 I-0.0291 J-0.0286 F40.
G1 X6.6948
X6.6888 Y-0.4469
X6.6831 Y-0.4488
G3 X6.696 Y-0.4997 I0.0129 J-0.0238
G1 X6.722
G3 X6.7346 Y-0.4861 I-0.0004 J0.013
X6.7329 Y-0.476 I-0.0413 J-0.0018
X6.7225 Y-0.4586 I-0.0395 J-0.0119 F300.
X6.6948 Y-0.4466 I-0.0292 J-0.0293 F40.
G1 X6.6696
X6.6636 Y-0.4469
X6.6578 Y-0.4486
G3 X6.6703 Y-0.4997 I0.0125 J-0.024
G1 X6.696
G3 X6.7086 Y-0.4865 I-0.0004 J0.013
X6.707 Y-0.4759 I-0.0405 J-0.0006
X6.6971 Y-0.4588 I-0.0389 J-0.0111 F300.
X6.6696 Y-0.4466 I-0.029 J-0.0282 F40.
G1 X6.6429
X6.6369 Y-0.4469
X6.6312 Y-0.4489
G3 X6.6443 Y-0.4996 I0.0131 J-0.0237
G1 X6.6703 Y-0.4997
G3 X6.6829 Y-0.486 I-0.0004 J0.013
X6.6811 Y-0.4759 I-0.0415 J-0.0022
X6.6706 Y-0.4586 I-0.0397 J-0.0122 F300.
X6.6429 Y-0.4466 I-0.0292 J-0.0295 F40.
G1 X6.6166
X6.6106 Y-0.4469
X6.6049 Y-0.4489
G3 X6.6182 Y-0.4996 I0.0133 J-0.0236
G1 X6.6443
G3 X6.6569 Y-0.4858 I-0.0004 J0.013
X6.655 Y-0.4759 I-0.0417 J-0.0026
X6.6444 Y-0.4585 I-0.0399 J-0.0125 F300.
X6.6166 Y-0.4466 I-0.0292 J-0.0299 F40.
G1 X6.5913
X6.5854 Y-0.4469
X6.5796 Y-0.4487
G3 X6.5924 Y-0.4995 I0.0129 J-0.0238
G1 X6.6182 Y-0.4996
G3 X6.6308 Y-0.4862 I-0.0004 J0.013
X6.6291 Y-0.4758 I-0.0409 J-0.0013
X6.619 Y-0.4587 I-0.0392 J-0.0116 F300.
X6.5913 Y-0.4466 I-0.0291 J-0.0287 F40.
G1 X6.5668
X6.5608 Y-0.4469
X6.555 Y-0.4485
G3 X6.5669 Y-0.4995 I0.012 J-0.0241
G1 X6.5924
G3 X6.605 Y-0.4867 I-0.0004 J0.013
X6.6036 Y-0.4758 I-0.0396 J0.0005
X6.5943 Y-0.4591 I-0.0382 J-0.0104 F300.
X6.5668 Y-0.4466 I-0.0288 J-0.0271 F40.
G1 X6.5398
X6.5338 Y-0.4469
X6.5281 Y-0.4488
G3 X6.5412 Y-0.4995 I0.0131 J-0.0236
G1 X6.5669
G3 X6.5795 Y-0.486 I-0.0004 J0.013
X6.5777 Y-0.4758 I-0.0411 J-0.0018
X6.5675 Y-0.4587 I-0.0394 J-0.012 F300.
X6.5398 Y-0.4466 I-0.0291 J-0.0291 F40.
G1 X6.5149
X6.5089 Y-0.4469
X6.5032 Y-0.4486
G3 X6.5156 Y-0.4994 I0.0125 J-0.0239
G1 X6.5412 Y-0.4995
G3 X6.5538 Y-0.4863 I-0.0004 J0.013
X6.5522 Y-0.4757 I-0.0403 J-0.0006
X6.5425 Y-0.4589 I-0.0387 J-0.0112 F300.
X6.5149 Y-0.4466 I-0.029 J-0.028 F40.
G1 X6.4886
X6.4826 Y-0.4469
X6.4769 Y-0.4488
G3 X6.4899 Y-0.4994 I0.013 J-0.0236
G1 X6.5156
G3 X6.5281 Y-0.486 I-0.0004 J0.013
X6.5264 Y-0.4757 I-0.0409 J-0.0016
X6.5163 Y-0.4587 I-0.0392 J-0.0119 F300.
X6.4886 Y-0.4466 I-0.0291 J-0.0288 F40.
G1 X6.4634
X6.4574 Y-0.4469
X6.4516 Y-0.4487
G3 X6.4642 Y-0.4994 I0.0126 J-0.0238
G1 X6.4899
G3 X6.5024 Y-0.4861 I-0.0004 J0.013
X6.5008 Y-0.4756 I-0.0405 J-0.0009
X6.491 Y-0.4588 I-0.0388 J-0.0115 F300.
X6.4634 Y-0.4466 I-0.029 J-0.0282 F40.
G1 X6.4388
X6.4328 Y-0.4469
X6.427 Y-0.4484
G3 X6.4388 Y-0.4993 I0.0118 J-0.0241
G1 X6.4642 Y-0.4994
G3 X6.4768 Y-0.4866 I-0.0004 J0.013
X6.4754 Y-0.4755 I-0.0393 J0.0007
X6.4662 Y-0.4591 I-0.0379 J-0.0104 F300.
X6.4388 Y-0.4466 I-0.0288 J-0.0268 F40.
G1 X6.4118
X6.4058 Y-0.4469
X6.4002 Y-0.4488
G3 X6.4132 Y-0.4993 I0.0131 J-0.0235
G1 X6.4388
G3 X6.4513 Y-0.4858 I-0.0004 J0.0129
X6.4496 Y-0.4755 I-0.0409 J-0.0017
X6.4395 Y-0.4587 I-0.0392 J-0.012 F300.
X6.4118 Y-0.4466 I-0.0291 J-0.0288 F40.
G1 X6.3869
X6.3809 Y-0.4469
X6.3752 Y-0.4486
G3 X6.3876 Y-0.4993 I0.0125 J-0.0238
G1 X6.4132
G3 X6.4257 Y-0.4861 I-0.0004 J0.0129
X6.4241 Y-0.4755 I-0.0402 J-0.0006
X6.4145 Y-0.4589 I-0.0386 J-0.0113 F300.
X6.3869 Y-0.4466 I-0.0289 J-0.0279 F40.
G1 X6.3606
X6.3546 Y-0.4469
X6.3489 Y-0.4488
G3 X6.362 Y-0.4992 I0.013 J-0.0235
G1 X6.3876 Y-0.4993
G3 X6.4001 Y-0.4858 I-0.0004 J0.0129
X6.3983 Y-0.4755 I-0.0409 J-0.0018
X6.3883 Y-0.4587 I-0.0391 J-0.0121 F300.
X6.3606 Y-0.4466 I-0.0291 J-0.0288 F40.
G1 X6.3354
X6.3294 Y-0.4469
G3 X6.3104 Y-0.4789 I0.0062 J-0.0254
X6.3363 Y-0.4992 I0.026 J0.0065
G1 X6.362
G3 X6.3744 Y-0.4859 I-0.0004 J0.0129
X6.3727 Y-0.4754 I-0.0405 J-0.0011
X6.363 Y-0.4588 I-0.0388 J-0.0117 F300.
X6.3354 Y-0.4466 I-0.029 J-0.0282 F40.
G1 X6.3109
X6.3049 Y-0.4469
X6.2991 Y-0.4485
G3 X6.311 Y-0.4991 I0.0119 J-0.0239
G1 X6.3363 Y-0.4992
G3 X6.3488 Y-0.4864 I-0.0004 J0.0129
X6.3474 Y-0.4753 I-0.0393 J0.0005
X6.3383 Y-0.4591 I-0.0379 J-0.0106 F300.
X6.3109 Y-0.4466 I-0.0288 J-0.0268 F40.
G1 X6.2856 Y-0.4467
X6.2796 Y-0.447
X6.2738 Y-0.4485
G3 X6.2857 Y-0.4991 I0.0119 J-0.0239
G1 X6.311
G3 X6.3234 Y-0.4865 I-0.0004 J0.0129
X6.322 Y-0.4753 I-0.0391 J0.0007
X6.313 Y-0.4592 I-0.0377 J-0.0105 F300.
X6.2856 Y-0.4467 I-0.0287 J-0.0266 F40.
G1 X6.2589
X6.2529 Y-0.447
X6.2472 Y-0.4489
G3 X6.2601 Y-0.4991 I0.0129 J-0.0234
G1 X6.2857
G3 X6.2981 Y-0.4858 I-0.0004 J0.0129
X6.2963 Y-0.4753 I-0.0405 J-0.0015
X6.2866 Y-0.4589 I-0.0388 J-0.0119 F300.
X6.2589 Y-0.4467 I-0.029 J-0.0284 F40.
G1 X6.2327
X6.2267 Y-0.447
X6.221 Y-0.4491
G3 X6.2344 Y-0.499 I0.0134 J-0.0232
G1 X6.2601 Y-0.4991
G3 X6.2725 Y-0.4854 I-0.0004 J0.0129
X6.2706 Y-0.4753 I-0.0413 J-0.0027
X6.2604 Y-0.4587 I-0.0393 J-0.0128 F300.
X6.2327 Y-0.4467 I-0.0291 J-0.0294 F40.
G1 X6.2074 Y-0.4468
X6.2014 Y-0.4471
X6.1957 Y-0.449
G3 X6.2088 Y-0.499 I0.0131 J-0.0233
G1 X6.2344
G3 X6.2468 Y-0.4856 I-0.0004 J0.0128
X6.245 Y-0.4752 I-0.0408 J-0.002
X6.2351 Y-0.4589 I-0.0389 J-0.0124 F300.
X6.2074 Y-0.4468 I-0.029 J-0.0287 F40.
G1 X6.1829
X6.1769 Y-0.4471
X6.1711 Y-0.4488
G3 X6.1834 Y-0.499 I0.0123 J-0.0236
G1 X6.2088
G3 X6.2212 Y-0.4861 I-0.0004 J0.0128
X6.2195 Y-0.4751 I-0.0396 J-0.0003
X6.2104 Y-0.4592 I-0.038 J-0.0113 F300.
X6.1829 Y-0.4468 I-0.0288 J-0.0272 F40.
G1 X6.1576
X6.1516 Y-0.4471
G3 X6.1323 Y-0.4787 I0.0057 J-0.0252
X6.1581 Y-0.4989 I0.0258 J0.0063
G1 X6.1834 Y-0.499
G3 X6.1958 Y-0.4861 I-0.0004 J0.0128
X6.1941 Y-0.4751 I-0.0394 J-0.0002
X6.1851 Y-0.4593 I-0.0378 J-0.0112 F300.
X6.1576 Y-0.4468 I-0.0288 J-0.027 F40.
G1 X6.131 Y-0.4469
X6.125 Y-0.4472
X6.1193 Y-0.4491
G3 X6.1325 Y-0.4989 I0.0133 J-0.0231
G1 X6.1581
G3 X6.1704 Y-0.4854 I-0.0004 J0.0128
X6.1685 Y-0.4751 I-0.0408 J-0.0023
X6.1586 Y-0.4589 I-0.0389 J-0.0126 F300.
X6.131 Y-0.4469 I-0.029 J-0.0288 F40.
G1 X6.1061
X6.1001 Y-0.4472
G3 X6.0814 Y-0.4789 I0.0062 J-0.025
X6.1071 Y-0.4988 I0.0257 J0.0065
G1 X6.1325 Y-0.4989
G3 X6.1449 Y-0.4857 I-0.0004 J0.0128
X6.1431 Y-0.475 I-0.0401 J-0.0013
X6.1337 Y-0.4592 I-0.0383 J-0.012 F300.
X6.1061 Y-0.4469 I-0.0289 J-0.0279 F40.
G1 X6.0812
X6.0752 Y-0.4472
G3 X6.0561 Y-0.4787 I0.0058 J-0.0251
X6.0818 Y-0.4988 I0.0257 J0.0063
G1 X6.1071
G3 X6.1194 Y-0.4859 I-0.0004 J0.0128
X6.1177 Y-0.475 I-0.0396 J-0.0006
X6.1087 Y-0.4593 I-0.0379 J-0.0115 F300.
X6.0812 Y-0.4469 I-0.0288 J-0.0271 F40.
G1 X6.0549 Y-0.447
X6.0489 Y-0.4473
X6.0432 Y-0.4492
G3 X6.0563 Y-0.4988 I0.0131 J-0.023
G1 X6.0818
G3 X6.0941 Y-0.4854 I-0.0004 J0.0127
X6.0921 Y-0.475 I-0.0405 J-0.0021
X6.0825 Y-0.4591 I-0.0386 J-0.0126 F300.
X6.0549 Y-0.447 I-0.029 J-0.0284 F40.
G1 X6.0297
X6.0237 Y-0.4473
X6.018 Y-0.4492
G3 X6.0309 Y-0.4987 I0.0129 J-0.0231
G1 X6.0563 Y-0.4988
G3 X6.0686 Y-0.4855 I-0.0004 J0.0127
X6.0667 Y-0.4749 I-0.0403 J-0.0019
X6.0572 Y-0.4592 I-0.0384 J-0.0124 F300.
X6.0297 Y-0.447 I-0.0289 J-0.0281 F40.
G1 X6.0051
X5.9991 Y-0.4473
G3 X5.9801 Y-0.4787 I0.0058 J-0.0249
X6.0056 Y-0.4987 I0.0256 J0.0063
G1 X6.0309
G3 X6.0432 Y-0.4859 I-0.0004 J0.0127
X6.0414 Y-0.4748 I-0.0394 J-0.0005
X6.0326 Y-0.4595 I-0.0376 J-0.0115 F300.
X6.0051 Y-0.447 I-0.0288 J-0.0269 F40.
G1 X5.9799 Y-0.4471
X5.9739 Y-0.4474
G3 X5.955 Y-0.4787 I0.0058 J-0.0249
X5.9805 Y-0.4987 I0.0255 J0.0063
G1 X6.0056
G3 X6.0179 Y-0.4858 I-0.0004 J0.0127
X6.0162 Y-0.4748 I-0.0394 J-0.0006
X6.0073 Y-0.4595 I-0.0376 J-0.0116 F300.
X5.9799 Y-0.4471 I-0.0288 J-0.0269 F40.
G1 X5.9554
X5.9494 Y-0.4474
G3 X5.9299 Y-0.4785 I0.0053 J-0.0249
X5.9554 Y-0.4986 I0.0255 J0.0061
G1 X5.9805 Y-0.4987
G3 X5.9927 Y-0.4861 I-0.0004 J0.0127
X5.9911 Y-0.4747 I-0.0387 J0.0004
X5.9827 Y-0.4597 I-0.0371 J-0.011 F300.
X5.9554 Y-0.4471 I-0.0286 J-0.026 F40.
G1 X5.9301
X5.9241 Y-0.4474
G3 X5.9049 Y-0.4786 I0.0055 J-0.0249
X5.9304 Y-0.4986 I0.0255 J0.0062
G1 X5.9554
G3 X5.9677 Y-0.486 I-0.0004 J0.0127
X5.966 Y-0.4747 I-0.0388 J0.
X5.9575 Y-0.4597 I-0.0372 J-0.0113 F300.
X5.9301 Y-0.4471 I-0.0287 J-0.0262 F40.
G1 X5.9034 Y-0.4472
X5.8974 Y-0.4475
X5.8918 Y-0.4495
G3 X5.9051 Y-0.4986 I0.0133 J-0.0227
G1 X5.9304
G3 X5.9426 Y-0.4852 I-0.0004 J0.0126
X5.9405 Y-0.4747 I-0.0405 J-0.0025
X5.9311 Y-0.4593 I-0.0384 J-0.013 F300.
X5.9034 Y-0.4472 I-0.029 J-0.0284 F40.
G1 X5.8786
X5.8726 Y-0.4475
G3 X5.8544 Y-0.4789 I0.0064 J-0.0247
X5.8797 Y-0.4985 I0.0254 J0.0066
G1 X5.9051 Y-0.4986
G3 X5.9172 Y-0.4854 I-0.0004 J0.0126
X5.9153 Y-0.4746 I-0.04 J-0.0019
X5.9061 Y-0.4595 I-0.038 J-0.0126 F300.
X5.8786 Y-0.4472 I-0.0289 J-0.0277 F40.
G1 X5.8537
X5.8477 Y-0.4475
G3 X5.8292 Y-0.4788 I0.0061 J-0.0247
X5.8545 Y-0.4985 I0.0254 J0.0065
G1 X5.8797
G3 X5.8919 Y-0.4855 I-0.0004 J0.0126
X5.89 Y-0.4746 I-0.0396 J-0.0013
X5.8811 Y-0.4596 I-0.0377 J-0.0122 F300.
X5.8537 Y-0.4472 I-0.0288 J-0.0272 F40.
G1 X5.8274 Y-0.4473
X5.8214 Y-0.4476
X5.8158 Y-0.4496
G3 X5.8292 Y-0.4984 I0.0135 J-0.0226
G1 X5.8545 Y-0.4985
G3 X5.8667 Y-0.485 I-0.0004 J0.0126
X5.8645 Y-0.4746 I-0.0407 J-0.003
X5.855 Y-0.4594 I-0.0385 J-0.0134 F300.
X5.8274 Y-0.4473 I-0.029 J-0.0286 F40.
G1 X5.8021
X5.7962 Y-0.4476
X5.7905 Y-0.4496
G3 X5.8038 Y-0.4984 I0.0133 J-0.0226
G1 X5.8292
G3 X5.8413 Y-0.485 I-0.0004 J0.0126
X5.8391 Y-0.4745 I-0.0405 J-0.0029
X5.8298 Y-0.4594 I-0.0384 J-0.0133 F300.
X5.8021 Y-0.4473 I-0.029 J-0.0284 F40.
G1 X5.7776
X5.7716 Y-0.4476
G3 X5.7534 Y-0.4788 I0.0062 J-0.0246
X5.7786 Y-0.4984 I0.0253 J0.0065
G1 X5.8038
G3 X5.8159 Y-0.4853 I-0.0004 J0.0126
X5.8139 Y-0.4745 I-0.0396 J-0.0016
X5.8051 Y-0.4597 I-0.0376 J-0.0125 F300.
X5.7776 Y-0.4473 I-0.0288 J-0.0272 F40.
G1 X5.7524 Y-0.4474
X5.7464 Y-0.4477
X5.7407 Y-0.4496
G3 X5.7534 Y-0.4983 I0.0128 J-0.0227
G1 X5.7786 Y-0.4984
G3 X5.7907 Y-0.4853 I-0.0004 J0.0125
X5.7887 Y-0.4744 I-0.0397 J-0.0017
X5.7799 Y-0.4597 I-0.0376 J-0.0126 F300.
X5.7524 Y-0.4474 I-0.0288 J-0.0273 F40.
G1 X5.7278
X5.7219 Y-0.4477
G3 X5.7033 Y-0.4787 I0.0059 J-0.0246
X5.7284 Y-0.4983 I0.0252 J0.0064
G1 X5.7534
G3 X5.7655 Y-0.4855 I-0.0004 J0.0125
X5.7637 Y-0.4744 I-0.039 J-0.0008
X5.7552 Y-0.4599 I-0.0371 J-0.012 F300.
X5.7278 Y-0.4474 I-0.0287 J-0.0265 F40.
G1 X5.7026
X5.6966 Y-0.4477
G3 X5.6783 Y-0.4788 I0.0061 J-0.0245
X5.7034 Y-0.4983 I0.0252 J0.0065
G1 X5.7284
G3 X5.7405 Y-0.4854 I-0.0004 J0.0125
X5.7386 Y-0.4743 I-0.0392 J-0.0012
X5.73 Y-0.4599 I-0.0373 J-0.0123 F300.
X5.7026 Y-0.4474 I-0.0287 J-0.0267 F40.
G1 X5.6781
X5.6721 Y-0.4478
G3 X5.6534 Y-0.4786 I0.0057 J-0.0245
X5.6785 Y-0.4982 I0.0251 J0.0063
G1 X5.7034 Y-0.4983
G3 X5.7155 Y-0.4856 I-0.0004 J0.0125
X5.7136 Y-0.4743 I-0.0387 J-0.0006
X5.7054 Y-0.4601 I-0.0369 J-0.0119 F300.
X5.6781 Y-0.4474 I-0.0286 J-0.0261 F40.
G1 X5.6528 Y-0.4475
X5.6468 Y-0.4478
G3 X5.6285 Y-0.4787 I0.006 J-0.0245
X5.6536 Y-0.4982 I0.0251 J0.0064
G1 X5.6785
G3 X5.6906 Y-0.4854 I-0.0004 J0.0125
X5.6886 Y-0.4742 I-0.039 J-0.0011
X5.6802 Y-0.46 I-0.0371 J-0.0123 F300.
X5.6528 Y-0.4475 I-0.0287 J-0.0265 F40.
G1 X5.6283
X5.6223 Y-0.4478
G3 X5.6037 Y-0.4786 I0.0057 J-0.0244
X5.6287 Y-0.4982 I0.0251 J0.0063
G1 X5.6536
G3 X5.6656 Y-0.4856 I-0.0004 J0.0125
X5.6637 Y-0.4742 I-0.0386 J-0.0006
X5.6556 Y-0.4602 I-0.0367 J-0.0119 F300.
X5.6283 Y-0.4475 I-0.0286 J-0.0259 F40.
G1 X5.6031
X5.5971 Y-0.4479
G3 X5.5789 Y-0.4787 I0.006 J-0.0244
X5.6038 Y-0.4981 I0.025 J0.0064
G1 X5.6287 Y-0.4982
G3 X5.6407 Y-0.4853 I-0.0004 J0.0124
X5.6387 Y-0.4741 I-0.039 J-0.0012
X5.6304 Y-0.4601 I-0.037 J-0.0124 F300.
X5.6031 Y-0.4475 I-0.0287 J-0.0264 F40.
G1 X5.5785 Y-0.4476
X5.5725 Y-0.4479
G3 X5.5541 Y-0.4786 I0.0057 J-0.0244
X5.579 Y-0.4981 I0.025 J0.0063
G1 X5.6038
G3 X5.6158 Y-0.4855 I-0.0004 J0.0124
X5.6139 Y-0.4741 I-0.0386 J-0.0007
X5.6058 Y-0.4602 I-0.0367 J-0.0121 F300.
X5.5785 Y-0.4476 I-0.0286 J-0.0259 F40.
G1 X5.5533
X5.5473 Y-0.4479
G3 X5.5292 Y-0.4788 I0.0061 J-0.0243
X5.5541 Y-0.498 I0.0249 J0.0065
G1 X5.579 Y-0.4981
G3 X5.591 Y-0.4852 I-0.0004 J0.0124
X5.5889 Y-0.4741 I-0.039 J-0.0014
X5.5807 Y-0.4602 I-0.037 J-0.0125 F300.
X5.5533 Y-0.4476 I-0.0287 J-0.0265 F40.
G1 X5.5288
X5.5228 Y-0.4479
G3 X5.5044 Y-0.4786 I0.0058 J-0.0243
X5.5293 Y-0.498 I0.0249 J0.0063
G1 X5.5541
G3 X5.5661 Y-0.4854 I-0.0004 J0.0124
X5.5641 Y-0.474 I-0.0386 J-0.0009
X5.5561 Y-0.4603 I-0.0367 J-0.0123 F300.
X5.5288 Y-0.4476 I-0.0286 J-0.026 F40.
G1 X5.5035 Y-0.4477
X5.4975 Y-0.448
G3 X5.4796 Y-0.4788 I0.0062 J-0.0242
X5.5045 Y-0.498 I0.0249 J0.0065
G1 X5.5293
G3 X5.5413 Y-0.4851 I-0.0004 J0.0124
X5.5392 Y-0.474 I-0.0391 J-0.0016
X5.5309 Y-0.4602 I-0.037 J-0.0128 F300.
X5.5035 Y-0.4477 I-0.0287 J-0.0265 F40.
G1 X5.479
X5.473 Y-0.448
G3 X5.4548 Y-0.4787 I0.0059 J-0.0242
X5.4797 Y-0.4979 I0.0248 J0.0064
G1 X5.5045 Y-0.498
G3 X5.5164 Y-0.4853 I-0.0004 J0.0124
X5.5144 Y-0.4739 I-0.0387 J-0.0011
X5.5063 Y-0.4603 I-0.0367 J-0.0125 F300.
X5.479 Y-0.4477 I-0.0286 J-0.0261 F40.
G1 X5.4538
X5.4478 Y-0.448
G3 X5.43 Y-0.4788 I0.0063 J-0.0242
X5.4548 Y-0.4979 I0.0248 J0.0066
G1 X5.4797
G3 X5.4916 Y-0.485 I-0.0004 J0.0123
X5.4894 Y-0.4739 I-0.0391 J-0.0019
X5.4812 Y-0.4602 I-0.037 J-0.013 F300.
X5.4538 Y-0.4477 I-0.0287 J-0.0266 F40.
G1 X5.4292 Y-0.4478
X5.4232 Y-0.4481
G3 X5.4053 Y-0.4787 I0.0061 J-0.0241
X5.43 Y-0.4979 I0.0248 J0.0064
G1 X5.4548
G3 X5.4667 Y-0.4851 I-0.0004 J0.0123
X5.4646 Y-0.4739 I-0.0388 J-0.0014
X5.4566 Y-0.4604 I-0.0367 J-0.0127 F300.
X5.4292 Y-0.4478 I-0.0286 J-0.0262 F40.
G1 X5.404
X5.398 Y-0.4481
G3 X5.3804 Y-0.4789 I0.0065 J-0.0241
X5.4051 Y-0.4978 I0.0247 J0.0066
G1 X5.43 Y-0.4979
G3 X5.4419 Y-0.4849 I-0.0004 J0.0123
X5.4396 Y-0.4738 I-0.0392 J-0.0021
X5.4314 Y-0.4603 I-0.037 J-0.0132 F300.
X5.404 Y-0.4478 I-0.0287 J-0.0268 F40.
G1 X5.3795
X5.3735 Y-0.4481
G3 X5.3557 Y-0.4788 I0.0062 J-0.0241
X5.3803 Y-0.4978 I0.0247 J0.0065
G1 X5.4051
G3 X5.417 Y-0.485 I-0.0004 J0.0123
X5.4148 Y-0.4738 I-0.0389 J-0.0017
X5.4068 Y-0.4604 I-0.0367 J-0.0129 F300.
X5.3795 Y-0.4478 I-0.0287 J-0.0263 F40.
G1 X5.3542 Y-0.4479
X5.3482 Y-0.4482
G3 X5.3309 Y-0.4789 I0.0066 J-0.024
X5.3555 Y-0.4978 I0.0247 J0.0067
G1 X5.3803
G3 X5.3922 Y-0.4848 I-0.0004 J0.0123
X5.3899 Y-0.4738 I-0.0393 J-0.0024
X5.3817 Y-0.4603 I-0.037 J-0.0135 F300.
X5.3542 Y-0.4479 I-0.0288 J-0.0269 F40.
G1 X5.3297
X5.3237 Y-0.4482
G3 X5.3061 Y-0.4788 I0.0063 J-0.024
X5.3307 Y-0.4977 I0.0246 J0.0066
G1 X5.3555 Y-0.4978
G3 X5.3673 Y-0.4849 I-0.0004 J0.0123
X5.3651 Y-0.4737 I-0.0389 J-0.002
X5.3571 Y-0.4605 I-0.0367 J-0.0132 F300.
X5.3297 Y-0.4479 I-0.0287 J-0.0264 F40.
G1 X5.3044
X5.2985 Y-0.4482
G3 X5.2813 Y-0.4789 I0.0067 J-0.0239
X5.3058 Y-0.4977 I0.0246 J0.0068
G1 X5.3307
G3 X5.3425 Y-0.4847 I-0.0004 J0.0122
X5.3401 Y-0.4737 I-0.0394 J-0.0027
X5.3319 Y-0.4604 I-0.037 J-0.0137 F300.
X5.3044 Y-0.4479 I-0.0288 J-0.027 F40.
G1 X5.2799 Y-0.448
X5.2739 Y-0.4483
G3 X5.2565 Y-0.4788 I0.0064 J-0.0239
X5.281 Y-0.4977 I0.0246 J0.0066
G1 X5.3058
G3 X5.3176 Y-0.4848 I-0.0004 J0.0122
X5.3153 Y-0.4736 I-0.039 J-0.0023
X5.3073 Y-0.4605 I-0.0367 J-0.0134 F300.
X5.2799 Y-0.448 I-0.0287 J-0.0265 F40.
G1 X5.2547
X5.2487 Y-0.4483
X5.2431 Y-0.4504
G3 X5.2562 Y-0.4976 I0.0132 J-0.0218
G1 X5.281 Y-0.4977
G3 X5.2928 Y-0.4845 I-0.0004 J0.0122
X5.2904 Y-0.4736 I-0.0395 J-0.003
X5.2821 Y-0.4604 I-0.037 J-0.0139 F300.
X5.2547 Y-0.448 I-0.0288 J-0.0271 F40.
G1 X5.2301
X5.2242 Y-0.4483
G3 X5.2069 Y-0.4789 I0.0065 J-0.0238
X5.2314 Y-0.4976 I0.0245 J0.0067
G1 X5.2562
G3 X5.2679 Y-0.4846 I-0.0004 J0.0122
X5.2656 Y-0.4735 I-0.0391 J-0.0025
X5.2576 Y-0.4605 I-0.0367 J-0.0136 F300.
X5.2301 Y-0.448 I-0.0287 J-0.0267 F40.
G1 X5.2049 Y-0.4481
X5.1989 Y-0.4484
X5.1933 Y-0.4505
G3 X5.2065 Y-0.4975 I0.0133 J-0.0217
G1 X5.2314 Y-0.4976
G3 X5.2431 Y-0.4844 I-0.0004 J0.0122
X5.2406 Y-0.4735 I-0.0395 J-0.0033
X5.2324 Y-0.4604 I-0.037 J-0.0142 F300.
X5.2049 Y-0.4481 I-0.0288 J-0.0273 F40.
G1 X5.1804
X5.1744 Y-0.4484
G3 X5.1573 Y-0.4789 I0.0067 J-0.0237
X5.1817 Y-0.4975 I0.0244 J0.0067
G1 X5.2065
G3 X5.2182 Y-0.4845 I-0.0004 J0.0121
X5.2158 Y-0.4735 I-0.0392 J-0.0028
X5.2078 Y-0.4606 I-0.0368 J-0.0139 F300.
X5.1804 Y-0.4481 I-0.0287 J-0.0268 F40.
G1 X5.1569
X5.1509 Y-0.4484
G3 X5.1329 Y-0.4785 I0.0056 J-0.0238
X5.1572 Y-0.4975 I0.0244 J0.0062
G1 X5.1817
G3 X5.1935 Y-0.4851 I-0.0004 J0.0121
X5.1913 Y-0.4734 I-0.0378 J-0.0008
X5.1841 Y-0.461 I-0.0357 J-0.0126 F300.
X5.1569 Y-0.4481 I-0.0285 J-0.025 F40.
G1 X5.132
X5.1261 Y-0.4485
G3 X5.1084 Y-0.4787 I0.006 J-0.0237
X5.1328 Y-0.4974 I0.0244 J0.0064
G1 X5.1572 Y-0.4975
G3 X5.169 Y-0.4849 I-0.0004 J0.0121
X5.1667 Y-0.4733 I-0.0382 J-0.0014
X5.1593 Y-0.4609 I-0.0359 J-0.013 F300.
X5.132 Y-0.4481 I-0.0285 J-0.0254 F40.
G1 X5.1071 Y-0.4482
X5.1011 Y-0.4485
G3 X5.0839 Y-0.4788 I0.0064 J-0.0237
X5.1082 Y-0.4974 I0.0243 J0.0066
G1 X5.1328
G3 X5.1444 Y-0.4847 I-0.0004 J0.0121
X5.1421 Y-0.4733 I-0.0386 J-0.0022
X5.1344 Y-0.4608 I-0.0362 J-0.0135 F300.
X5.1071 Y-0.4482 I-0.0286 J-0.026 F40.
G1 X5.084
X5.078 Y-0.4485
G3 X5.0596 Y-0.4783 I0.0051 J-0.0237
X5.0839 Y-0.4974 I0.0243 J0.006
G1 X5.1082
G3 X5.1199 Y-0.4853 I-0.0004 J0.0121
X5.1179 Y-0.4732 I-0.0371 J0.
X5.1111 Y-0.4613 I-0.0351 J-0.0121 F300.
X5.084 Y-0.4482 I-0.0283 J-0.024 F40.
G1 X5.0595
X5.0535 Y-0.4485
G3 X5.0354 Y-0.4784 I0.0054 J-0.0237
X5.0597 Y-0.4973 I0.0243 J0.0061
G1 X5.0839 Y-0.4974
G3 X5.0956 Y-0.4852 I-0.0004 J0.0121
X5.0935 Y-0.4732 I-0.0373 J-0.0004
X5.0866 Y-0.4612 I-0.0352 J-0.0124 F300.
X5.0595 Y-0.4482 I-0.0283 J-0.0243 F40.
G1 X5.0343 Y-0.4483
X5.0283 Y-0.4486
G3 X5.011 Y-0.4787 I0.0062 J-0.0236
X5.0352 Y-0.4973 I0.0242 J0.0065
G1 X5.0597
G3 X5.0713 Y-0.4847 I-0.0004 J0.0121
X5.0689 Y-0.4732 I-0.0383 J-0.0019
X5.0615 Y-0.461 I-0.0359 J-0.0134 F300.
X5.0343 Y-0.4483 I-0.0286 J-0.0256 F40.
G1 X5.0097
X5.0037 Y-0.4486
G3 X4.9866 Y-0.4788 I0.0063 J-0.0235
X5.0107 Y-0.4973 I0.0242 J0.0066
G1 X5.0352
G3 X5.0468 Y-0.4846 I-0.0004 J0.012
X5.0444 Y-0.4732 I-0.0384 J-0.0021
X5.037 Y-0.461 I-0.036 J-0.0136 F300.
X5.0097 Y-0.4483 I-0.0286 J-0.0257 F40.
G1 X4.9845
X4.9785 Y-0.4486
G3 X4.962 Y-0.479 I0.0069 J-0.0234
X4.9861 Y-0.4972 I0.0242 J0.0069
G1 X5.0107 Y-0.4973
G3 X5.0223 Y-0.4842 I-0.0004 J0.012
X5.0197 Y-0.4732 I-0.0391 J-0.0033
X5.0119 Y-0.4608 I-0.0365 J-0.0144 F300.
X4.9845 Y-0.4483 I-0.0287 J-0.0268 F40.
G1 X4.96 Y-0.4484
X4.954 Y-0.4487
G3 X4.9374 Y-0.4789 I0.0068 J-0.0234
X4.9614 Y-0.4972 I0.0241 J0.0068
G1 X4.9861
G3 X4.9976 Y-0.4842 I-0.0004 J0.012
X4.995 Y-0.4731 I-0.039 J-0.0032
X4.9874 Y-0.4609 I-0.0364 J-0.0144 F300.
X4.96 Y-0.4484 I-0.0287 J-0.0266 F40.
G1 X4.9365
X4.9305 Y-0.4487
G3 X4.913 Y-0.4786 I0.0058 J-0.0235
X4.9371 Y-0.4972 I0.0241 J0.0063
G1 X4.9614
G3 X4.973 Y-0.4847 I-0.0004 J0.012
X4.9707 Y-0.473 I-0.0378 J-0.0015
X4.9637 Y-0.4613 I-0.0355 J-0.0132 F300.
X4.9365 Y-0.4484 I-0.0284 J-0.0249 F40.
G1 X4.9116
X4.9056 Y-0.4487
G3 X4.8886 Y-0.4788 I0.0063 J-0.0234
X4.9127 Y-0.4971 I0.0241 J0.0066
G1 X4.9371 Y-0.4972
G3 X4.9486 Y-0.4845 I-0.0004 J0.012
X4.9461 Y-0.473 I-0.0383 J-0.0022
X4.9389 Y-0.4612 I-0.0358 J-0.0137 F300.
X4.9116 Y-0.4484 I-0.0285 J-0.0256 F40.
G1 X4.8889 Y-0.4485
X4.8829 Y-0.4488
G3 X4.8646 Y-0.4782 I0.0049 J-0.0235
X4.8886 Y-0.4971 I0.0241 J0.0059
G1 X4.9127
G3 X4.9242 Y-0.4852 I-0.0004 J0.012
X4.9222 Y-0.4729 I-0.0366 J0.0002
X4.9158 Y-0.4617 I-0.0345 J-0.0122 F300.
X4.8889 Y-0.4485 I-0.0282 J-0.0234 F40.
G1 X4.8636
X4.8576 Y-0.4488
G3 X4.8404 Y-0.4786 I0.006 J-0.0234
X4.8644 Y-0.4971 I0.024 J0.0064
G1 X4.8886
G3 X4.9001 Y-0.4846 I-0.0004 J0.0119
X4.8977 Y-0.4729 I-0.0378 J-0.0016
X4.8908 Y-0.4614 I-0.0354 J-0.0134 F300.
X4.8636 Y-0.4485 I-0.0284 J-0.0249 F40.
G1 X4.8391
X4.8331 Y-0.4488
G3 X4.8161 Y-0.4787 I0.0062 J-0.0233
X4.8401 Y-0.497 I0.024 J0.0065
G1 X4.8644 Y-0.4971
G3 X4.8759 Y-0.4845 I-0.0004 J0.0119
X4.8734 Y-0.4729 I-0.0381 J-0.0022
X4.8663 Y-0.4613 I-0.0356 J-0.0138 F300.
X4.8391 Y-0.4485 I-0.0285 J-0.0253 F40.
G1 X4.8156 Y-0.4486
X4.8096 Y-0.4489
G3 X4.792 Y-0.4785 I0.0055 J-0.0233
X4.8159 Y-0.497 I0.0239 J0.0062
G1 X4.8401
G3 X4.8516 Y-0.4848 I-0.0004 J0.0119
X4.8492 Y-0.4728 I-0.0372 J-0.0009
X4.8427 Y-0.4616 I-0.0349 J-0.013 F300.
X4.8156 Y-0.4486 I-0.0283 J-0.0241 F40.
G1 X4.7908
X4.7848 Y-0.4489
G3 X4.7678 Y-0.4787 I0.0062 J-0.0233
X4.7917 Y-0.4969 I0.0239 J0.0065
G1 X4.8159 Y-0.497
G3 X4.8274 Y-0.4845 I-0.0004 J0.0119
X4.8249 Y-0.4728 I-0.0379 J-0.0021
X4.818 Y-0.4614 I-0.0354 J-0.0137 F300.
X4.7908 Y-0.4486 I-0.0285 J-0.0251 F40.
G1 X4.768
X4.762 Y-0.4489
G3 X4.7439 Y-0.4782 I0.0049 J-0.0233
X4.7677 Y-0.4969 I0.0239 J0.0059
G1 X4.7917
G3 X4.8032 Y-0.4851 I-0.0004 J0.0119
X4.801 Y-0.4727 I-0.0364 J0.0001
X4.7949 Y-0.4619 I-0.0342 J-0.0123 F300.
X4.768 Y-0.4486 I-0.0281 J-0.0231 F40.
G1 X4.7428
X4.7368 Y-0.449
G3 X4.7198 Y-0.4787 I0.0061 J-0.0232
X4.7436 Y-0.4969 I0.0238 J0.0065
G1 X4.7677
G3 X4.7792 Y-0.4845 I-0.0004 J0.0119
X4.7767 Y-0.4727 I-0.0377 J-0.0019
X4.7699 Y-0.4615 I-0.0352 J-0.0137 F300.
X4.7428 Y-0.4486 I-0.0284 J-0.0248 F40.
G1 X4.7182 Y-0.4487
X4.7122 Y-0.449
G3 X4.6956 Y-0.4788 I0.0064 J-0.0231
X4.7193 Y-0.4968 I0.0238 J0.0066
G1 X4.7436 Y-0.4969
G3 X4.755 Y-0.4842 I-0.0004 J0.0118
X4.7524 Y-0.4727 I-0.0381 J-0.0026
X4.7455 Y-0.4615 I-0.0354 J-0.0141 F300.
X4.7182 Y-0.4487 I-0.0285 J-0.0253 F40.
G1 X4.6948
X4.6888 Y-0.449
G3 X4.6715 Y-0.4785 I0.0057 J-0.0232
X4.6952 Y-0.4968 I0.0238 J0.0063
G1 X4.7193
G3 X4.7307 Y-0.4846 I-0.0004 J0.0118
X4.7283 Y-0.4726 I-0.0372 J-0.0014
X4.7218 Y-0.4617 I-0.0348 J-0.0134 F300.
X4.6948 Y-0.4487 I-0.0283 J-0.0242 F40.
G1 X4.6717
X4.6657 Y-0.449
G3 X4.6477 Y-0.4782 I0.0049 J-0.0232
X4.6714 Y-0.4968 I0.0237 J0.0059
G1 X4.6952
G3 X4.7066 Y-0.485 I-0.0004 J0.0118
X4.7044 Y-0.4725 I-0.0362 J0.0001
X4.6985 Y-0.4621 I-0.034 J-0.0124 F300.
X4.6717 Y-0.4487 I-0.0281 J-0.0228 F40.
G1 X4.6471 Y-0.4488
X4.6411 Y-0.4491
G3 X4.6238 Y-0.4785 I0.0056 J-0.0231
X4.6475 Y-0.4967 I0.0237 J0.0062
G1 X4.6714 Y-0.4968
G3 X4.6828 Y-0.4847 I-0.0004 J0.0118
X4.6804 Y-0.4725 I-0.0369 J-0.001
X4.6741 Y-0.4619 I-0.0345 J-0.0131 F300.
X4.6471 Y-0.4488 I-0.0282 J-0.0237 F40.
G1 X4.6219
X4.6159 Y-0.4491
G3 X4.5996 Y-0.4788 I0.0066 J-0.023
X4.6232 Y-0.4967 I0.0237 J0.0067
G1 X4.6475
G3 X4.6588 Y-0.484 I-0.0004 J0.0118
X4.656 Y-0.4725 I-0.0382 J-0.0031
X4.6492 Y-0.4615 I-0.0354 J-0.0146 F300.
X4.6219 Y-0.4488 I-0.0285 J-0.0256 F40.
G1 X4.5988
X4.5928 Y-0.4491
G3 X4.5756 Y-0.4785 I0.0057 J-0.023
X4.5992 Y-0.4967 I0.0236 J0.0063
G1 X4.6232
G3 X4.6346 Y-0.4845 I-0.0004 J0.0118
X4.6321 Y-0.4724 I-0.0371 J-0.0014
X4.6258 Y-0.4619 I-0.0346 J-0.0135 F300.
X4.5988 Y-0.4488 I-0.0283 J-0.024 F40.
G1 X4.5739 Y-0.4489
X4.5679 Y-0.4492
G3 X4.5515 Y-0.4788 I0.0065 J-0.0229
X4.5751 Y-0.4966 I0.0236 J0.0067
G1 X4.5992 Y-0.4967
G3 X4.6105 Y-0.4841 I-0.0004 J0.0117
X4.6078 Y-0.4724 I-0.0379 J-0.0028
X4.6011 Y-0.4617 I-0.0352 J-0.0144 F300.
X4.5739 Y-0.4489 I-0.0285 J-0.0252 F40.
G1 X4.5508
X4.5448 Y-0.4492
G3 X4.5276 Y-0.4784 I0.0056 J-0.023
X4.5511 Y-0.4966 I0.0236 J0.0062
G1 X4.5751
G3 X4.5864 Y-0.4845 I-0.0004 J0.0117
X4.5839 Y-0.4723 I-0.0369 J-0.0012
X4.5778 Y-0.462 I-0.0344 J-0.0134 F300.
X4.5508 Y-0.4489 I-0.0282 J-0.0237 F40.
G1 X4.5263
X4.5203 Y-0.4492
G3 X4.5036 Y-0.4786 I0.0061 J-0.0229
X4.5271 Y-0.4966 I0.0235 J0.0065
G1 X4.5511
G3 X4.5624 Y-0.4842 I-0.0004 J0.0117
X4.5597 Y-0.4723 I-0.0374 J-0.0022
X4.5534 Y-0.4619 I-0.0347 J-0.014 F300.
X4.5263 Y-0.4489 I-0.0284 J-0.0245 F40.
G1 X4.5028 Y-0.449
X4.4968 Y-0.4493
G3 X4.4797 Y-0.4785 I0.0057 J-0.0229
X4.5032 Y-0.4965 I0.0235 J0.0063
G1 X4.5271 Y-0.4966
G3 X4.5384 Y-0.4844 I-0.0004 J0.0117
X4.5359 Y-0.4723 I-0.0369 J-0.0014
X4.5298 Y-0.4621 I-0.0343 J-0.0136 F300.
X4.5028 Y-0.449 I-0.0282 J-0.0237 F40.
G1 X4.4797
G3 X4.4554 Y-0.4703 I-0.0016 J-0.0227
X4.4795 Y-0.4965 I0.0241 J-0.002
G1 X4.5032
G3 X4.5145 Y-0.4848 I-0.0004 J0.0117
X4.5122 Y-0.4722 I-0.036 J-0.0002
X4.5065 Y-0.4624 I-0.0337 J-0.0128 F300.
X4.4797 Y-0.449 I-0.028 J-0.0226 F40.
G1 X4.4552
X4.4492 Y-0.4493
G3 X4.4323 Y-0.4785 I0.0058 J-0.0228
X4.4557 Y-0.4965 I0.0234 J0.0063
G1 X4.4795
G3 X4.4908 Y-0.4843 I-0.0004 J0.0117
X4.4882 Y-0.4722 I-0.0368 J-0.0015
X4.4822 Y-0.4622 I-0.0342 J-0.0137 F300.
X4.4552 Y-0.449 I-0.0282 J-0.0237 F40.
G1 X4.4317
X4.4257 Y-0.4494
G3 X4.4086 Y-0.4784 I0.0055 J-0.0228
X4.4319 Y-0.4964 I0.0234 J0.0062
G1 X4.4557 Y-0.4965
G3 X4.467 Y-0.4845 I-0.0004 J0.0117
X4.4644 Y-0.4721 I-0.0365 J-0.0011
X4.4586 Y-0.4623 I-0.034 J-0.0134 F300.
X4.4317 Y-0.449 I-0.0282 J-0.0233 F40.
G1 X4.4086 Y-0.4491
X4.4026 Y-0.4494
G3 X4.385 Y-0.4782 I0.005 J-0.0228
X4.4083 Y-0.4964 I0.0234 J0.0059
G1 X4.4319
G3 X4.4432 Y-0.4848 I-0.0004 J0.0116
X4.4408 Y-0.4721 I-0.0358 J-0.0001
X4.4354 Y-0.4625 I-0.0334 J-0.0128 F300.
X4.4086 Y-0.4491 I-0.028 J-0.0223 F40.
G1 X4.3841
X4.3781 Y-0.4494
G3 X4.3613 Y-0.4785 I0.0058 J-0.0227
X4.3846 Y-0.4964 I0.0233 J0.0063
G1 X4.4083
G3 X4.4195 Y-0.4843 I-0.0004 J0.0116
X4.4169 Y-0.4721 I-0.0367 J-0.0016
X4.411 Y-0.4623 I-0.0341 J-0.0138 F300.
X4.3841 Y-0.4491 I-0.0282 J-0.0236 F40.
G1 X4.3606
G3 X4.3368 Y-0.4706 I-0.0013 J-0.0224
X4.3609 Y-0.4963 I0.024 J-0.0016
G1 X4.3846 Y-0.4964
G3 X4.3958 Y-0.4844 I-0.0004 J0.0116
X4.3932 Y-0.472 I-0.0364 J-0.0012
X4.3875 Y-0.4624 I-0.0338 J-0.0136 F300.
X4.3606 Y-0.4491 I-0.0281 J-0.0232 F40.
G1 X4.3375 Y-0.4492
G3 X4.3134 Y-0.4704 I-0.0016 J-0.0225
X4.3373 Y-0.4963 I0.0239 J-0.0019
G1 X4.3609
G3 X4.3721 Y-0.4846 I-0.0004 J0.0116
X4.3696 Y-0.4719 I-0.0358 J-0.0003
X4.3643 Y-0.4626 I-0.0333 J-0.013 F300.
X4.3375 Y-0.4492 I-0.028 J-0.0223 F40.
G1 X4.313
X4.307 Y-0.4495
G3 X4.2904 Y-0.4785 I0.0059 J-0.0226
X4.3136 Y-0.4963 I0.0232 J0.0064
G1 X4.3373
G3 X4.3485 Y-0.4842 I-0.0004 J0.0116
X4.3457 Y-0.472 I-0.0367 J-0.0018
X4.3399 Y-0.4624 I-0.034 J-0.014 F300.
X4.313 Y-0.4492 I-0.0282 J-0.0236 F40.
G1 X4.2895
G3 X4.2659 Y-0.4707 I-0.0012 J-0.0223
X4.2899 Y-0.4962 I0.024 J-0.0015
G1 X4.3136 Y-0.4963
G3 X4.3248 Y-0.4842 I-0.0004 J0.0116
X4.3221 Y-0.4719 I-0.0365 J-0.0015
X4.3164 Y-0.4625 I-0.0338 J-0.0138 F300.
X4.2895 Y-0.4492 I-0.0282 J-0.0233 F40.
G1 X4.2664 Y-0.4493
G3 X4.2425 Y-0.4705 I-0.0015 J-0.0224
X4.2663 Y-0.4962 I0.0239 J-0.0018
G1 X4.2899
G3 X4.301 Y-0.4845 I-0.0004 J0.0115
X4.2985 Y-0.4718 I-0.0359 J-0.0006
X4.2932 Y-0.4627 I-0.0333 J-0.0133 F300.
X4.2664 Y-0.4493 I-0.028 J-0.0224 F40.
G1 X4.2419
X4.2359 Y-0.4496
G3 X4.2195 Y-0.4786 I0.0061 J-0.0225
X4.2426 Y-0.4962 I0.0231 J0.0064
G1 X4.2663
G3 X4.2775 Y-0.484 I-0.0004 J0.0115
X4.2746 Y-0.4719 I-0.0368 J-0.0022
X4.2689 Y-0.4624 I-0.034 J-0.0143 F300.
X4.2419 Y-0.4493 I-0.0282 J-0.0237 F40.
G1 X4.2184
G3 X4.1951 Y-0.4708 I-0.0011 J-0.0222
X4.2189 Y-0.4961 I0.0239 J-0.0014
G1 X4.2426 Y-0.4962
G3 X4.2538 Y-0.4841 I-0.0004 J0.0115
X4.251 Y-0.4718 I-0.0366 J-0.0019
X4.2453 Y-0.4625 I-0.0338 J-0.0141 F300.
X4.2184 Y-0.4493 I-0.0282 J-0.0234 F40.
G1 X4.1953
G3 X4.1716 Y-0.4706 I-0.0014 J-0.0222
X4.1954 Y-0.4961 I0.0238 J-0.0016
G1 X4.2189
G3 X4.23 Y-0.4843 I-0.0004 J0.0115
X4.2274 Y-0.4717 I-0.036 J-0.001
X4.2221 Y-0.4627 I-0.0333 J-0.0136 F300.
X4.1953 Y-0.4493 I-0.028 J-0.0226 F40.
G1 X4.1708 Y-0.4494
X4.1648 Y-0.4497
G3 X4.1487 Y-0.4786 I0.0062 J-0.0224
X4.1717 Y-0.4961 I0.023 J0.0065
G1 X4.1954
G3 X4.2065 Y-0.4838 I-0.0004 J0.0115
X4.2035 Y-0.4717 I-0.0369 J-0.0026
X4.1978 Y-0.4625 I-0.034 J-0.0146 F300.
X4.1708 Y-0.4494 I-0.0283 J-0.0239 F40.
G1 X4.1473
G3 X4.1242 Y-0.4709 I-0.0011 J-0.022
X4.148 Y-0.496 I0.0238 J-0.0013
G1 X4.1717 Y-0.4961
G3 X4.1828 Y-0.4839 I-0.0004 J0.0115
X4.1799 Y-0.4717 I-0.0367 J-0.0023
X4.1743 Y-0.4626 I-0.0338 J-0.0145 F300.
X4.1473 Y-0.4494 I-0.0282 J-0.0236 F40.
G1 X4.1242
G3 X4.1008 Y-0.4707 I-0.0013 J-0.0221
X4.1245 Y-0.496 I0.0237 J-0.0015
G1 X4.148
G3 X4.159 Y-0.4841 I-0.0004 J0.0114
X4.1563 Y-0.4716 I-0.0361 J-0.0014
X4.151 Y-0.4628 I-0.0333 J-0.0139 F300.
X4.1242 Y-0.4494 I-0.0281 J-0.0227 F40.
G1 X4.0997 Y-0.4495
X4.0937 Y-0.4498
G3 X4.0812 Y-0.4856 I0.0063 J-0.0222
G1 X4.0864 Y-0.4911
X4.0932 Y-0.4947
X4.1008 Y-0.4959
X4.1245 Y-0.496
G3 X4.1355 Y-0.4837 I-0.0004 J0.0114
X4.1324 Y-0.4716 I-0.037 J-0.003
X4.1267 Y-0.4625 I-0.034 J-0.015 F300.
X4.0997 Y-0.4495 I-0.0283 J-0.0241 F40.
G1 X4.0762
G3 X4.0533 Y-0.471 I-0.001 J-0.0219
X4.077 Y-0.4959 I0.0238 J-0.0011
G1 X4.1008
G3 X4.1118 Y-0.4837 I-0.0004 J0.0114
X4.1088 Y-0.4716 I-0.0368 J-0.0027
X4.1032 Y-0.4626 I-0.0338 J-0.0148 F300.
X4.0762 Y-0.4495 I-0.0282 J-0.0238 F40.
G1 X4.0531
G3 X4.0299 Y-0.4708 I-0.0012 J-0.022
X4.0535 Y-0.4959 I0.0237 J-0.0014
G1 X4.077
G3 X4.0881 Y-0.484 I-0.0004 J0.0114
X4.0852 Y-0.4715 I-0.0362 J-0.0018
X4.08 Y-0.4629 I-0.0333 J-0.0142 F300.
X4.0531 Y-0.4495 I-0.0281 J-0.0229 F40.
G1 X4.0286 Y-0.4496
X4.0226 Y-0.4499
G3 X4.0104 Y-0.4856 I0.0064 J-0.0221
G1 X4.0156 Y-0.4911
X4.0223 Y-0.4946
X4.0298 Y-0.4958
X4.0535 Y-0.4959
G3 X4.0645 Y-0.4835 I-0.0004 J0.0114
X4.0613 Y-0.4715 I-0.0371 J-0.0033
X4.0556 Y-0.4626 I-0.034 J-0.0153 F300.
X4.0286 Y-0.4496 I-0.0283 J-0.0243 F40.
G1 X4.0051
G3 X3.9824 Y-0.4711 I-0.0009 J-0.0218
X4.0061 Y-0.4958 I0.0237 J-0.001
G1 X4.0298
G3 X4.0408 Y-0.4836 I-0.0004 J0.0114
X4.0377 Y-0.4715 I-0.0369 J-0.0031
X4.0321 Y-0.4627 I-0.0338 J-0.0151 F300.
X4.0051 Y-0.4496 I-0.0283 J-0.0239 F40.
G1 X3.982
G3 X3.959 Y-0.4709 I-0.0011 J-0.0218
X3.9826 Y-0.4958 I0.0236 J-0.0012
G1 X4.0061
G3 X4.017 Y-0.4838 I-0.0004 J0.0113
X4.0141 Y-0.4714 I-0.0363 J-0.0021
X4.0089 Y-0.4629 I-0.0333 J-0.0145 F300.
X3.982 Y-0.4496 I-0.0281 J-0.023 F40.
G1 X3.9589 Y-0.4497
G3 X3.9357 Y-0.4708 I-0.0013 J-0.0219
X3.9592 Y-0.4957 I0.0235 J-0.0014
G1 X3.9826 Y-0.4958
G3 X3.9935 Y-0.484 I-0.0004 J0.0113
X3.9906 Y-0.4713 I-0.0358 J-0.0015
G1 X3.9892 Y-0.4685 F300.
X3.9876 Y-0.4657
X3.9857 Y-0.4631
G3 X3.9589 Y-0.4497 I-0.028 J-0.0224 F40.
G1 X3.9361
G3 X3.9126 Y-0.4706 I-0.0016 J-0.0219
X3.936 Y-0.4957 I0.0234 J-0.0017
G1 X3.9592
G3 X3.9701 Y-0.4842 I-0.0004 J0.0113
X3.9674 Y-0.4713 I-0.0352 J-0.0006
G1 X3.9654 Y-0.4671 F300.
X3.9628 Y-0.4633
G3 X3.9361 Y-0.4497 I-0.0278 J-0.0215 F40.
G1 X3.9127
G3 X3.8893 Y-0.4707 I-0.0014 J-0.0218
X3.9127 Y-0.4957 I0.0234 J-0.0015
G1 X3.936
G3 X3.9469 Y-0.4841 I-0.0004 J0.0113
X3.9441 Y-0.4713 I-0.0354 J-0.0011
G1 X3.942 Y-0.4671 F300.
X3.9394 Y-0.4633
G3 X3.9127 Y-0.4497 I-0.0279 J-0.0219 F40.
G1 X3.8896
G3 X3.8662 Y-0.4707 I-0.0015 J-0.0218
X3.8895 Y-0.4956 I0.0234 J-0.0016
G1 X3.9127 Y-0.4957
G3 X3.9237 Y-0.4841 I-0.0004 J0.0113
X3.9209 Y-0.4712 I-0.0353 J-0.0009
G1 X3.9188 Y-0.4671 F300.
X3.9162 Y-0.4633
G3 X3.8896 Y-0.4497 I-0.0279 J-0.0217 F40.
G1 X3.865 Y-0.4498
G3 X3.8426 Y-0.4712 I-0.0009 J-0.0215
X3.8661 Y-0.4956 I0.0235 J-0.0009
G1 X3.8895
G3 X3.9004 Y-0.4835 I-0.0004 J0.0113
X3.8972 Y-0.4713 I-0.0366 J-0.003
G1 X3.8957 Y-0.4683 F300.
X3.894 Y-0.4656
X3.892 Y-0.463
G3 X3.865 Y-0.4498 I-0.0282 J-0.0235 F40.
G1 X3.8416
G3 X3.8191 Y-0.4711 I-0.0009 J-0.0215
X3.8425 Y-0.4956 I0.0235 J-0.0009
G1 X3.8661
G3 X3.8769 Y-0.4834 I-0.0004 J0.0112
X3.8737 Y-0.4712 I-0.0366 J-0.0031
G1 X3.8722 Y-0.4683 F300.
X3.8705 Y-0.4656
X3.8685 Y-0.463
G3 X3.8416 Y-0.4498 I-0.0282 J-0.0235 F40.
G1 X3.8185
G3 X3.7957 Y-0.471 I-0.0011 J-0.0216
X3.8191 Y-0.4955 I0.0234 J-0.0011
G1 X3.8425 Y-0.4956
G3 X3.8534 Y-0.4836 I-0.0004 J0.0112
X3.8503 Y-0.4712 I-0.0361 J-0.0024
G1 X3.8481 Y-0.467 F300.
X3.8453 Y-0.4632
G3 X3.8185 Y-0.4498 I-0.0281 J-0.0228 F40.
G1 X3.7954 Y-0.4499
G3 X3.7725 Y-0.4709 I-0.0012 J-0.0216
X3.7958 Y-0.4955 I0.0233 J-0.0012
G1 X3.8191
G3 X3.8299 Y-0.4837 I-0.0004 J0.0112
X3.8269 Y-0.4711 I-0.0358 J-0.002
G1 X3.8248 Y-0.467 F300.
X3.8222 Y-0.4633
G3 X3.7954 Y-0.4499 I-0.028 J-0.0224 F40.
G1 X3.7726
G3 X3.7494 Y-0.4707 I-0.0015 J-0.0217
X3.7727 Y-0.4955 I0.0232 J-0.0014
G1 X3.7958
G3 X3.8066 Y-0.4839 I-0.0004 J0.0112
X3.8037 Y-0.471 I-0.0352 J-0.0012
G1 X3.8017 Y-0.4671 F300.
X3.7993 Y-0.4635
G3 X3.7726 Y-0.4499 I-0.0278 J-0.0216 F40.
G1 X3.7491
G3 X3.7263 Y-0.4709 I-0.0013 J-0.0216
X3.7495 Y-0.4954 I0.0233 J-0.0013
G1 X3.7727 Y-0.4955
G3 X3.7835 Y-0.4837 I-0.0004 J0.0112
X3.7804 Y-0.471 I-0.0355 J-0.0017
G1 X3.7784 Y-0.4671 F300.
X3.7759 Y-0.4634
G3 X3.7491 Y-0.4499 I-0.0279 J-0.022 F40.
G1 X3.726 Y-0.45
G3 X3.7031 Y-0.4709 I-0.0013 J-0.0215
X3.7263 Y-0.4954 I0.0232 J-0.0013
G1 X3.7495
G3 X3.7603 Y-0.4837 I-0.0004 J0.0112
X3.7572 Y-0.471 I-0.0354 J-0.0017
G1 X3.7552 Y-0.4671 F300.
X3.7527 Y-0.4635
G3 X3.726 Y-0.45 I-0.0279 J-0.0219 F40.
G1 X3.703
G3 X3.68 Y-0.4709 I-0.0014 J-0.0215
X3.7032 Y-0.4954 I0.0232 J-0.0013
G1 X3.7263
G3 X3.7371 Y-0.4837 I-0.0004 J0.0112
X3.7341 Y-0.4709 I-0.0353 J-0.0016
G1 X3.7321 Y-0.4671 F300.
X3.7296 Y-0.4636
G3 X3.703 Y-0.45 I-0.0279 J-0.0218 F40.
G1 X3.6802
G3 X3.6571 Y-0.4707 I-0.0015 J-0.0216
X3.6801 Y-0.4953 I0.0231 J-0.0014
G1 X3.7032 Y-0.4954
G3 X3.714 Y-0.4839 I-0.0004 J0.0111
X3.711 Y-0.4709 I-0.035 J-0.0011
G1 X3.7091 Y-0.4672 F300.
X3.7068 Y-0.4637
G3 X3.6802 Y-0.45 I-0.0278 J-0.0212 F40.
G1 X3.6567
G3 X3.6339 Y-0.4709 I-0.0013 J-0.0214
X3.6571 Y-0.4953 I0.0231 J-0.0012
G1 X3.6801
G3 X3.6909 Y-0.4836 I-0.0004 J0.0111
X3.6878 Y-0.4709 I-0.0354 J-0.0018
G1 X3.6858 Y-0.4671 F300.
X3.6834 Y-0.4636
G3 X3.6567 Y-0.45 I-0.0279 J-0.0219 F40.
G1 X3.6336 Y-0.4501
G3 X3.6109 Y-0.4709 I-0.0013 J-0.0214
X3.6339 Y-0.4953 I0.0231 J-0.0012
G1 X3.6571
G3 X3.6678 Y-0.4836 I-0.0004 J0.0111
X3.6647 Y-0.4708 I-0.0354 J-0.0019
G1 X3.6627 Y-0.4671 F300.
X3.6603 Y-0.4636
G3 X3.6336 Y-0.4501 I-0.0279 J-0.0218 F40.
G1 X3.6105
G3 X3.5878 Y-0.4709 I-0.0013 J-0.0214
X3.6109 Y-0.4952 I0.0231 J-0.0012
G1 X3.6339 Y-0.4953
G3 X3.6447 Y-0.4836 I-0.0004 J0.0111
X3.6415 Y-0.4708 I-0.0353 J-0.0019
G1 X3.6396 Y-0.4671 F300.
X3.6372 Y-0.4637
G3 X3.6105 Y-0.4501 I-0.0279 J-0.0218 F40.
G1 X3.5878
G3 X3.5649 Y-0.4708 I-0.0014 J-0.0214
X3.5879 Y-0.4952 I0.023 J-0.0013
G1 X3.6109
G3 X3.6216 Y-0.4837 I-0.0004 J0.0111
X3.6185 Y-0.4707 I-0.035 J-0.0014
G1 X3.6166 Y-0.4672 F300.
X3.6144 Y-0.4638
G3 X3.5878 Y-0.4501 I-0.0278 J-0.0213 F40.
G1 X3.5643 Y-0.4502
G3 X3.5418 Y-0.471 I-0.0012 J-0.0213
X3.5648 Y-0.4952 I0.023 J-0.0011
G1 X3.5879
G3 X3.5985 Y-0.4835 I-0.0004 J0.0111
X3.5953 Y-0.4707 I-0.0355 J-0.0022
G1 X3.5934 Y-0.4671 F300.
X3.591 Y-0.4637
G3 X3.5643 Y-0.4502 I-0.0279 J-0.022 F40.
G1 X3.5412
G3 X3.5187 Y-0.4711 I-0.0012 J-0.0212
X3.5417 Y-0.4951 I0.023 J-0.001
G1 X3.5648 Y-0.4952
G3 X3.5754 Y-0.4834 I-0.0004 J0.011
X3.5722 Y-0.4707 I-0.0355 J-0.0023
G1 X3.5702 Y-0.4671 F300.
X3.5679 Y-0.4637
G3 X3.5412 Y-0.4502 I-0.0279 J-0.022 F40.
G1 X3.5181
G3 X3.4957 Y-0.4711 I-0.0012 J-0.0212
X3.5186 Y-0.4951 I0.023 J-0.001
G1 X3.5417
G3 X3.5523 Y-0.4834 I-0.0004 J0.011
X3.5491 Y-0.4706 I-0.0354 J-0.0023
G1 X3.5471 Y-0.4671 F300.
X3.5448 Y-0.4638
G3 X3.5181 Y-0.4502 I-0.0279 J-0.0219 F40.
G1 X3.4953
G3 X3.4727 Y-0.471 I-0.0013 J-0.0212
X3.4956 Y-0.4951 I0.0229 J-0.0012
G1 X3.5186
G3 X3.5292 Y-0.4835 I-0.0004 J0.011
X3.526 Y-0.4706 I-0.0351 J-0.0019
G1 X3.5242 Y-0.4671 F300.
X3.522 Y-0.4639
G3 X3.4953 Y-0.4502 I-0.0278 J-0.0215 F40.
G1 X3.4718 Y-0.4503
G3 X3.4496 Y-0.4712 I-0.0011 J-0.0211
X3.4725 Y-0.495 I0.023 J-0.0009
G1 X3.4956 Y-0.4951
G3 X3.5062 Y-0.4832 I-0.0004 J0.011
X3.5028 Y-0.4706 I-0.0356 J-0.0027
G1 X3.5009 Y-0.4671 F300.
X3.4986 Y-0.4638
G3 X3.4718 Y-0.4503 I-0.028 J-0.0222 F40.
G1 X3.4488
G3 X3.4265 Y-0.4712 I-0.0011 J-0.0211
X3.4494 Y-0.495 I0.0229 J-0.0009
G1 X3.4725
G3 X3.4831 Y-0.4832 I-0.0004 J0.011
X3.4797 Y-0.4706 I-0.0356 J-0.0028
G1 X3.4778 Y-0.4671 F300.
X3.4755 Y-0.4638
G3 X3.4488 Y-0.4503 I-0.028 J-0.0222 F40.
G1 X3.4274
X3.4214 Y-0.4506
G3 X3.4048 Y-0.4779 I0.0046 J-0.0215
X3.4268 Y-0.495 I0.022 J0.0057
G1 X3.4494
G3 X3.4601 Y-0.484 I-0.0004 J0.011
X3.4572 Y-0.4704 I-0.0338 J-0.0001
G1 X3.4556 Y-0.4673 F300.
X3.4537 Y-0.4644
G3 X3.4274 Y-0.4503 I-0.0275 J-0.0197 F40.
G1 X3.4029 Y-0.4504
G3 X3.3809 Y-0.4713 I-0.001 J-0.0209
X3.4038 Y-0.4949 I0.0229 J-0.0007
G1 X3.4268 Y-0.495
G3 X3.4373 Y-0.4831 I-0.0004 J0.011
X3.4338 Y-0.4705 I-0.0356 J-0.003
G1 X3.4319 Y-0.467 F300.
X3.4297 Y-0.4638
G3 X3.4029 Y-0.4504 I-0.028 J-0.0222 F40.
G1 X3.3816
X3.3756 Y-0.4507
G3 X3.3591 Y-0.478 I0.0047 J-0.0214
X3.3811 Y-0.4949 I0.022 J0.0058
G1 X3.4038
G3 X3.4144 Y-0.4838 I-0.0004 J0.011
X3.4114 Y-0.4703 I-0.034 J-0.0005
G1 X3.4098 Y-0.4673 F300.
X3.4079 Y-0.4644
G3 X3.3816 Y-0.4504 I-0.0275 J-0.0199 F40.
G1 X3.3581
G3 X3.3356 Y-0.471 I-0.0014 J-0.021
X3.3583 Y-0.4949 I0.0227 J-0.0011
G1 X3.3811
G3 X3.3916 Y-0.4834 I-0.0004 J0.0109
X3.3884 Y-0.4704 I-0.0347 J-0.0017
G1 X3.3867 Y-0.4672 F300.
X3.3846 Y-0.4642
G3 X3.3581 Y-0.4504 I-0.0277 J-0.021 F40.
G1 X3.335 Y-0.4505
G3 X3.3127 Y-0.4711 I-0.0013 J-0.021
X3.3354 Y-0.4948 I0.0227 J-0.001
G1 X3.3583 Y-0.4949
G3 X3.3688 Y-0.4833 I-0.0004 J0.0109
X3.3655 Y-0.4703 I-0.035 J-0.0023
G1 X3.3637 Y-0.4671 F300.
X3.3616 Y-0.4641
G3 X3.335 Y-0.4505 I-0.0278 J-0.0214 F40.
G1 X3.3119
X3.3059 Y-0.4508
X3.3003 Y-0.4529
G3 X3.3125 Y-0.4948 I0.0122 J-0.0192
G1 X3.3354
G3 X3.3459 Y-0.4831 I-0.0004 J0.0109
X3.3425 Y-0.4703 I-0.0352 J-0.0026
G1 X3.3407 Y-0.4671 F300.
X3.3386 Y-0.4641
G3 X3.3119 Y-0.4505 I-0.0279 J-0.0217 F40.
G1 X3.2891
X3.2831 Y-0.4508
X3.2775 Y-0.4528
G3 X3.2898 Y-0.4948 I0.0124 J-0.0191
G1 X3.3125
G3 X3.323 Y-0.4832 I-0.0004 J0.0109
X3.3196 Y-0.4703 I-0.035 J-0.0024
G1 X3.3178 Y-0.4671 F300.
X3.3158 Y-0.4642
G3 X3.2891 Y-0.4505 I-0.0278 J-0.0214 F40.
G1 X3.2678
G3 X3.2449 Y-0.4707 I-0.0019 J-0.0209
X3.2675 Y-0.4947 I0.0226 J-0.0014
G1 X3.2898 Y-0.4948
G3 X3.3003 Y-0.4838 I-0.0004 J0.0109
X3.2973 Y-0.4702 I-0.0337 J-0.0004
G1 X3.2958 Y-0.4673 F300.
X3.2941 Y-0.4647
G3 X3.2678 Y-0.4505 I-0.0274 J-0.0195 F40.
G1 X3.2443 Y-0.4506
X3.2383 Y-0.4509
X3.2327 Y-0.4529
G3 X3.2447 Y-0.4947 I0.0121 J-0.0192
G1 X3.2675
G3 X3.278 Y-0.4832 I-0.0004 J0.0108
X3.2745 Y-0.4702 I-0.0348 J-0.0023
G1 X3.2729 Y-0.4672 F300.
X3.2709 Y-0.4643
G3 X3.2443 Y-0.4506 I-0.0278 J-0.0212 F40.
G1 X3.2212
X3.2152 Y-0.4509
X3.2096 Y-0.453
G3 X3.222 Y-0.4947 I0.0125 J-0.019
G1 X3.2447
G3 X3.2552 Y-0.483 I-0.0004 J0.0108
X3.2516 Y-0.4702 I-0.0351 J-0.0028
G1 X3.2499 Y-0.4671 F300.
X3.2479 Y-0.4642
G3 X3.2212 Y-0.4506 I-0.0278 J-0.0216 F40.
G1 X3.1999
G3 X3.1772 Y-0.4708 I-0.0019 J-0.0207
X3.1997 Y-0.4946 I0.0225 J-0.0013
G1 X3.222 Y-0.4947
G3 X3.2325 Y-0.4836 I-0.0004 J0.0108
X3.2293 Y-0.4701 I-0.0337 J-0.0007
G1 X3.2279 Y-0.4673 F300.
X3.2262 Y-0.4647
G3 X3.1999 Y-0.4506 I-0.0274 J-0.0196 F40.
G1 X3.1768 Y-0.4507
X3.1708 Y-0.451
X3.1652 Y-0.453
G3 X3.177 Y-0.4946 I0.0119 J-0.0191
G1 X3.1997
G3 X3.2102 Y-0.4832 I-0.0004 J0.0108
X3.2067 Y-0.4701 I-0.0345 J-0.002
G1 X3.2052 Y-0.4672 F300.
X3.2033 Y-0.4645
G3 X3.1768 Y-0.4507 I-0.0277 J-0.0207 F40.
G1 X3.154
X3.1481 Y-0.451
X3.1424 Y-0.453
G3 X3.1545 Y-0.4946 I0.0122 J-0.019
G1 X3.177
G3 X3.1874 Y-0.4832 I-0.0004 J0.0108
X3.184 Y-0.47 I-0.0346 J-0.0021
G1 X3.1824 Y-0.4672 F300.
X3.1806 Y-0.4645
G3 X3.154 Y-0.4507 I-0.0277 J-0.0208 F40.
G1 X3.1327
X3.1267 Y-0.451
G3 X3.11 Y-0.4707 I0.004 J-0.0204
X3.1324 Y-0.4945 I0.0224 J-0.0013
G1 X3.1545 Y-0.4946
G3 X3.165 Y-0.4837 I-0.0004 J0.0108
X3.1618 Y-0.4699 I-0.0334 J-0.0004
G1 X3.1605 Y-0.4674 F300.
X3.1589 Y-0.4649
G3 X3.1327 Y-0.4507 I-0.0273 J-0.0192 F40.
G1 X3.1092
X3.1032 Y-0.451
X3.0976 Y-0.4531
G3 X3.1097 Y-0.4945 I0.0121 J-0.0189
G1 X3.1324
G3 X3.1428 Y-0.483 I-0.0004 J0.0108
X3.1392 Y-0.47 I-0.0347 J-0.0025
G1 X3.1376 Y-0.4672 F300.
X3.1358 Y-0.4645
G3 X3.1092 Y-0.4507 I-0.0277 J-0.021 F40.
G1 X3.0879 Y-0.4508
X3.0819 Y-0.4511
G3 X3.0652 Y-0.4708 I0.004 J-0.0203
X3.0876 Y-0.4945 I0.0224 J-0.0013
G1 X3.1097
G3 X3.1201 Y-0.4836 I-0.0004 J0.0108
X3.1169 Y-0.4699 I-0.0333 J-0.0004
G1 X3.1156 Y-0.4674 F300.
X3.1141 Y-0.465
G3 X3.0879 Y-0.4508 I-0.0273 J-0.019 F40.
G1 X3.0648
X3.0588 Y-0.4511
X3.0532 Y-0.4531
G3 X3.065 Y-0.4945 I0.0119 J-0.019
G1 X3.0876
G3 X3.0979 Y-0.4831 I-0.0004 J0.0107
X3.0944 Y-0.4699 I-0.0343 J-0.002
G1 X3.093 Y-0.4672 F300.
X3.0913 Y-0.4647
G3 X3.0648 Y-0.4508 I-0.0276 J-0.0204 F40.
G1 X3.0435
X3.0375 Y-0.4511
G3 X3.0208 Y-0.4707 I0.0039 J-0.0203
X3.043 Y-0.4944 I0.0223 J-0.0014
G1 X3.065 Y-0.4945
G3 X3.0754 Y-0.4837 I-0.0004 J0.0107
X3.0722 Y-0.4698 I-0.033 J-0.0001
G1 X3.071 Y-0.4674 F300.
X3.0696 Y-0.4652
G3 X3.0435 Y-0.4508 I-0.0272 J-0.0186 F40.
G1 X3.0204 Y-0.4509
X3.0144 Y-0.4512
X3.0087 Y-0.4532
G3 X3.0205 Y-0.4944 I0.0118 J-0.0189
G1 X3.043
G3 X3.0534 Y-0.4831 I-0.0004 J0.0107
X3.0498 Y-0.4698 I-0.0341 J-0.0018
G1 X3.0484 Y-0.4672 F300.
X3.0468 Y-0.4648
G3 X3.0204 Y-0.4509 I-0.0276 J-0.0202 F40.
G1 X2.9976
X2.9916 Y-0.4512
X2.986 Y-0.4532
G3 X2.9981 Y-0.4944 I0.0122 J-0.0188
G1 X3.0205
G3 X3.0308 Y-0.483 I-0.0004 J0.0107
X3.0272 Y-0.4698 I-0.0344 J-0.0023
G1 X3.0258 Y-0.4672 F300.
X3.0241 Y-0.4648
G3 X2.9976 Y-0.4509 I-0.0276 J-0.0205 F40.
G1 X2.9763
X2.9703 Y-0.4512
X2.9646 Y-0.453
G3 X2.9761 Y-0.4943 I0.0115 J-0.0191
G1 X2.9981 Y-0.4944
G3 X3.0085 Y-0.4834 I-0.0004 J0.0107
X3.0051 Y-0.4697 I-0.0333 J-0.0007
G1 X3.0039 Y-0.4674 F300.
X3.0025 Y-0.4652
G3 X2.9763 Y-0.4509 I-0.0273 J-0.019 F40.
G1 X2.9528
X2.9468 Y-0.4513
X2.9412 Y-0.4534
G3 X2.9535 Y-0.4943 I0.0124 J-0.0186
G1 X2.9761
G3 X2.9863 Y-0.4828 I-0.0004 J0.0106
X2.9826 Y-0.4698 I-0.0347 J-0.0029
G1 X2.9811 Y-0.4672 F300.
X2.9794 Y-0.4647
G3 X2.9528 Y-0.4509 I-0.0277 J-0.021 F40.
G1 X2.9315 Y-0.451
X2.9255 Y-0.4513
X2.9198 Y-0.4531
G3 X2.9314 Y-0.4943 I0.0117 J-0.0189
G1 X2.9535
G3 X2.9638 Y-0.4833 I-0.0004 J0.0106
X2.9604 Y-0.4696 I-0.0335 J-0.0012
G1 X2.9592 Y-0.4673 F300.
X2.9577 Y-0.4651
G3 X2.9315 Y-0.451 I-0.0274 J-0.0193 F40.
G1 X2.9084
X2.9024 Y-0.4513
X2.8968 Y-0.4534
G3 X2.909 Y-0.4942 I0.0123 J-0.0186
G1 X2.9314 Y-0.4943
G3 X2.9417 Y-0.4828 I-0.0004 J0.0106
X2.9379 Y-0.4697 I-0.0344 J-0.0027
G1 X2.9365 Y-0.4672 F300.
X2.9349 Y-0.4648
G3 X2.9084 Y-0.451 I-0.0277 J-0.0207 F40.
G1 X2.8871
X2.8811 Y-0.4513
X2.8754 Y-0.4532
G3 X2.8869 Y-0.4942 I0.0116 J-0.0189
G1 X2.909
G3 X2.9193 Y-0.4833 I-0.0004 J0.0106
X2.9158 Y-0.4696 I-0.0333 J-0.0011
G1 X2.9146 Y-0.4674 F300.
X2.9133 Y-0.4653
G3 X2.8871 Y-0.451 I-0.0273 J-0.0191 F40.
G1 X2.8657 Y-0.4511
X2.8597 Y-0.4514
X2.854 Y-0.453
G3 X2.8651 Y-0.4942 I0.0112 J-0.0191
G1 X2.8869
G3 X2.8972 Y-0.4836 I-0.0004 J0.0106
X2.894 Y-0.4695 I-0.0326 J0.
G1 X2.8917 Y-0.4656 F300.
G3 X2.8657 Y-0.4511 I-0.0271 J-0.018 F40.
G1 X2.8426
X2.8367 Y-0.4514
X2.831 Y-0.4534
G3 X2.8429 Y-0.4941 I0.0119 J-0.0186
G1 X2.8651 Y-0.4942
G3 X2.8753 Y-0.483 I-0.0004 J0.0106
X2.8717 Y-0.4695 I-0.0338 J-0.002
G1 X2.8704 Y-0.4673 F300.
X2.869 Y-0.4651
G3 X2.8426 Y-0.4511 I-0.0275 J-0.0198 F40.
G1 X2.8199
X2.8139 Y-0.4514
X2.8083 Y-0.4535
G3 X2.8205 Y-0.4941 I0.0123 J-0.0184
G1 X2.8429
G3 X2.8531 Y-0.4827 I-0.0004 J0.0106
X2.8492 Y-0.4695 I-0.0344 J-0.0029
G1 X2.8479 Y-0.4672 F300.
X2.8464 Y-0.465
G3 X2.8199 Y-0.4511 I-0.0276 J-0.0206 F40.
G1 X2.7987
X2.7927 Y-0.4514
X2.787 Y-0.4533
G3 X2.7986 Y-0.4941 I0.0116 J-0.0188
G1 X2.8205
G3 X2.8307 Y-0.4832 I-0.0004 J0.0106
X2.8272 Y-0.4694 I-0.0331 J-0.001
G1 X2.8261 Y-0.4674 F300.
X2.8249 Y-0.4654
G3 X2.7987 Y-0.4511 I-0.0273 J-0.0188 F40.
G1 X2.7772 Y-0.4512
X2.7712 Y-0.4515
X2.7655 Y-0.4532
G3 X2.7767 Y-0.494 I0.0113 J-0.0189
G1 X2.7986 Y-0.4941
G3 X2.8087 Y-0.4834 I-0.0004 J0.0105
X2.8054 Y-0.4693 I-0.0326 J-0.0004
G1 X2.8032 Y-0.4656 F300.
G3 X2.7772 Y-0.4512 I-0.0271 J-0.0181 F40.
G1 X2.7537
X2.7477 Y-0.4515
X2.7421 Y-0.4537
G3 X2.7544 Y-0.494 I0.0123 J-0.0183
G1 X2.7767
G3 X2.7869 Y-0.4826 I-0.0004 J0.0105
X2.783 Y-0.4694 I-0.0343 J-0.003
G1 X2.7817 Y-0.4672 F300.
X2.7802 Y-0.4651
G3 X2.7537 Y-0.4512 I-0.0276 J-0.0205 F40.
G1 X2.7324
X2.7264 Y-0.4515
X2.7207 Y-0.4534
G3 X2.7324 Y-0.494 I0.0117 J-0.0186
G1 X2.7544
G3 X2.7645 Y-0.483 I-0.0004 J0.0105
X2.7609 Y-0.4693 I-0.0333 J-0.0015
G1 X2.7586 Y-0.4655 F300.
G3 X2.7324 Y-0.4512 I-0.0273 J-0.019 F40.
G1 X2.7111 Y-0.4513
X2.7051 Y-0.4516
X2.6993 Y-0.4533
G3 X2.7106 Y-0.4939 I0.0113 J-0.0187
G1 X2.7324 Y-0.494
G3 X2.7426 Y-0.4833 I-0.0004 J0.0105
X2.7391 Y-0.4692 I-0.0326 J-0.0005
G1 X2.7371 Y-0.4657 F300.
G3 X2.7111 Y-0.4513 I-0.0271 J-0.0181 F40.
G1 X2.688
X2.682 Y-0.4516
X2.6764 Y-0.4537
G3 X2.6884 Y-0.4939 I0.0121 J-0.0183
G1 X2.7106
G3 X2.7207 Y-0.4827 I-0.0004 J0.0105
X2.7168 Y-0.4693 I-0.0339 J-0.0025
G1 X2.7157 Y-0.4673 F300.
X2.7144 Y-0.4653
G3 X2.688 Y-0.4513 I-0.0275 J-0.0199 F40.
G1 X2.6667
X2.6607 Y-0.4516
X2.655 Y-0.4535
G3 X2.6665 Y-0.4939 I0.0116 J-0.0185
G1 X2.6884
G3 X2.6985 Y-0.483 I-0.0004 J0.0105
X2.6949 Y-0.4692 I-0.033 J-0.0013
G1 X2.6928 Y-0.4656 F300.
G3 X2.6667 Y-0.4513 I-0.0272 J-0.0187 F40.
G1 X2.6453
X2.6393 Y-0.4516
X2.6336 Y-0.4534
G3 X2.6448 Y-0.4938 I0.0113 J-0.0187
G1 X2.6665 Y-0.4939
G3 X2.6766 Y-0.4833 I-0.0004 J0.0105
X2.6732 Y-0.4691 I-0.0324 J-0.0005
G1 X2.6713 Y-0.4659 F300.
G3 X2.6453 Y-0.4513 I-0.0271 J-0.0178 F40.
G1 X2.624 Y-0.4514
X2.618 Y-0.4517
X2.6122 Y-0.4533
G3 X2.6232 Y-0.4938 I0.011 J-0.0187
G1 X2.6448
G3 X2.6549 Y-0.4834 I-0.0003 J0.0104
X2.6516 Y-0.4691 I-0.032 J0.0001
G1 X2.6498 Y-0.4661 F300.
G3 X2.624 Y-0.4514 I-0.0269 J-0.0173 F40.
G1 X2.6009
X2.5949 Y-0.4517
X2.5893 Y-0.4538
G3 X2.6012 Y-0.4938 I0.0119 J-0.0182
G1 X2.6232
G3 X2.6333 Y-0.4827 I-0.0003 J0.0104
X2.6294 Y-0.4691 I-0.0335 J-0.0023
G1 X2.6272 Y-0.4655 F300.
G3 X2.6009 Y-0.4514 I-0.0274 J-0.0194 F40.
G1 X2.5796
X2.5736 Y-0.4517
X2.5679 Y-0.4536
G3 X2.5794 Y-0.4938 I0.0115 J-0.0184
G1 X2.6012
G3 X2.6113 Y-0.483 I-0.0003 J0.0104
X2.6076 Y-0.4691 I-0.0328 J-0.0012
G1 X2.6056 Y-0.4658 F300.
G3 X2.5796 Y-0.4514 I-0.0272 J-0.0184 F40.
G1 X2.5568 Y-0.4515
X2.5508 Y-0.4518
G3 X2.538 Y-0.4819 I0.0058 J-0.0203
G1 X2.5428 Y-0.4882
X2.5495 Y-0.4923
X2.5573 Y-0.4937
X2.5794 Y-0.4938
G3 X2.5894 Y-0.4825 I-0.0003 J0.0104
X2.5854 Y-0.4691 I-0.0337 J-0.0028
G1 X2.5831 Y-0.4655 F300.
G3 X2.5568 Y-0.4515 I-0.0275 J-0.0198 F40.
G1 X2.5355
X2.5295 Y-0.4518
X2.5238 Y-0.4537
G3 X2.5354 Y-0.4937 I0.0117 J-0.0183
G1 X2.5573
G3 X2.5673 Y-0.4828 I-0.0003 J0.0104
X2.5635 Y-0.469 I-0.0329 J-0.0016
G1 X2.5616 Y-0.4658 F300.
G3 X2.5355 Y-0.4515 I-0.0272 J-0.0186 F40.
G1 X2.5142
X2.5082 Y-0.4518
X2.5024 Y-0.4536
G3 X2.5138 Y-0.4937 I0.0114 J-0.0184
G1 X2.5354
G3 X2.5455 Y-0.483 I-0.0003 J0.0104
X2.5418 Y-0.4689 I-0.0324 J-0.0008
G1 X2.5401 Y-0.4661 F300.
G3 X2.5142 Y-0.4515 I-0.0271 J-0.0178 F40.
G1 X2.4928
X2.4868 Y-0.4518
X2.4811 Y-0.4536
G3 X2.4922 Y-0.4936 I0.0112 J-0.0185
G1 X2.5138 Y-0.4937
G3 X2.5238 Y-0.4832 I-0.0003 J0.0104
X2.5202 Y-0.4689 I-0.032 J-0.0004
G1 X2.5187 Y-0.4662 F300.
G3 X2.4928 Y-0.4515 I-0.0269 J-0.0173 F40.
G1 X2.4715 Y-0.4516
X2.4655 Y-0.4519
X2.4597 Y-0.4536
G3 X2.4707 Y-0.4936 I0.011 J-0.0185
G1 X2.4922
G3 X2.5022 Y-0.4833 I-0.0003 J0.0103
X2.4987 Y-0.4688 I-0.0318 J-0.0001
G1 X2.4973 Y-0.4663 F300.
G3 X2.4715 Y-0.4516 I-0.0269 J-0.017 F40.
G1 X2.4502
X2.4442 Y-0.4519
X2.4384 Y-0.4536
G3 X2.4493 Y-0.4936 I0.0109 J-0.0185
G1 X2.4707
G3 X2.4807 Y-0.4833 I-0.0003 J0.0103
X2.4773 Y-0.4688 I-0.0316 J0.0001
G1 X2.4759 Y-0.4664 F300.
G3 X2.4502 Y-0.4516 I-0.0268 J-0.0168 F40.
G1 X2.4288
X2.4228 Y-0.4519
X2.4171 Y-0.4536
G3 X2.4279 Y-0.4935 I0.0109 J-0.0185
G1 X2.4493 Y-0.4936
G3 X2.4593 Y-0.4833 I-0.0003 J0.0103
X2.4558 Y-0.4687 I-0.0315 J0.0002
G1 X2.4545 Y-0.4665 F300.
G3 X2.4288 Y-0.4516 I-0.0268 J-0.0167 F40.
G1 X2.4075
X2.4015 Y-0.4519
X2.3957 Y-0.4536
G3 X2.4066 Y-0.4935 I0.0109 J-0.0185
G1 X2.4279
G3 X2.4379 Y-0.4833 I-0.0003 J0.0103
X2.4344 Y-0.4687 I-0.0315 J0.0002
G1 X2.4332 Y-0.4665 F300.
G3 X2.4075 Y-0.4516 I-0.0268 J-0.0166 F40.
G1 X2.3862 Y-0.4517
X2.3802 Y-0.452
X2.3744 Y-0.4536
G3 X2.3853 Y-0.4935 I0.0109 J-0.0184
G1 X2.4066
G3 X2.4165 Y-0.4833 I-0.0003 J0.0103
X2.413 Y-0.4687 I-0.0314 J0.0002
G1 X2.4119 Y-0.4666 F300.
G3 X2.3862 Y-0.4517 I-0.0267 J-0.0165 F40.
G1 X2.3648
X2.3588 Y-0.452
X2.3531 Y-0.4537
G3 X2.3639 Y-0.4934 I0.0109 J-0.0184
G1 X2.3853 Y-0.4935
G3 X2.3952 Y-0.4833 I-0.0003 J0.0103
X2.3917 Y-0.4686 I-0.0314 J0.0002
G1 X2.3905 Y-0.4666 F300.
G3 X2.3648 Y-0.4517 I-0.0267 J-0.0165 F40.
G1 X2.3435
X2.3375 Y-0.452
X2.3318 Y-0.4537
G3 X2.3426 Y-0.4934 I0.0109 J-0.0183
G1 X2.3639
G3 X2.3739 Y-0.4832 I-0.0003 J0.0103
X2.3703 Y-0.4686 I-0.0314 J0.0001
G1 X2.3692 Y-0.4666 F300.
G3 X2.3435 Y-0.4517 I-0.0267 J-0.0165 F40.
G1 X2.3222 Y-0.4518
X2.3162 Y-0.4521
X2.3104 Y-0.4538
G3 X2.3213 Y-0.4934 I0.0109 J-0.0183
G1 X2.3426
G3 X2.3525 Y-0.4832 I-0.0003 J0.0102
X2.349 Y-0.4686 I-0.0314 J0.
G1 X2.3479 Y-0.4667 F300.
G3 X2.3222 Y-0.4518 I-0.0267 J-0.0165 F40.
G1 X2.3009
X2.2949 Y-0.4521
X2.2891 Y-0.4538
G3 X2.3 Y-0.4933 I0.0109 J-0.0183
G1 X2.3213 Y-0.4934
G3 X2.3312 Y-0.4831 I-0.0003 J0.0102
X2.3276 Y-0.4685 I-0.0314 J0.
G1 X2.3265 Y-0.4667 F300.
G3 X2.3009 Y-0.4518 I-0.0267 J-0.0165 F40.
G1 X2.2795
X2.2735 Y-0.4521
X2.2678 Y-0.4538
G3 X2.2787 Y-0.4933 I0.011 J-0.0182
G1 X2.3
G3 X2.3099 Y-0.4831 I-0.0003 J0.0102
X2.3062 Y-0.4685 I-0.0314 J-0.0001
G1 X2.3052 Y-0.4667 F300.
G3 X2.2795 Y-0.4518 I-0.0267 J-0.0165 F40.
G1 X2.2582
X2.2522 Y-0.4521
X2.2465 Y-0.4539
G3 X2.2574 Y-0.4933 I0.011 J-0.0182
G1 X2.2787
G3 X2.2886 Y-0.4831 I-0.0003 J0.0102
X2.2849 Y-0.4685 I-0.0314 J-0.0002
G1 X2.2839 Y-0.4667 F300.
G3 X2.2582 Y-0.4518 I-0.0267 J-0.0165 F40.
G1 X2.2369 Y-0.4519
X2.2309 Y-0.4522
X2.2251 Y-0.4539
G3 X2.2361 Y-0.4933 I0.011 J-0.0181
G1 X2.2574
G3 X2.2673 Y-0.483 I-0.0003 J0.0102
X2.2635 Y-0.4685 I-0.0315 J-0.0003
G1 X2.2626 Y-0.4667 F300.
G3 X2.2369 Y-0.4519 I-0.0267 J-0.0166 F40.
G1 X2.2155
X2.2095 Y-0.4522
X2.2038 Y-0.454
G3 X2.2148 Y-0.4932 I0.011 J-0.0181
G1 X2.2361 Y-0.4933
G3 X2.2459 Y-0.483 I-0.0003 J0.0102
X2.2422 Y-0.4684 I-0.0315 J-0.0004
G1 X2.2412 Y-0.4668 F300.
G3 X2.2155 Y-0.4519 I-0.0268 J-0.0166 F40.
G1 X2.1942
X2.1882 Y-0.4522
X2.1825 Y-0.454
G3 X2.1935 Y-0.4932 I0.0111 J-0.018
G1 X2.2148
G3 X2.2246 Y-0.4829 I-0.0003 J0.0102
X2.2208 Y-0.4684 I-0.0315 J-0.0005
G1 X2.2199 Y-0.4668 F300.
G3 X2.1942 Y-0.4519 I-0.0268 J-0.0166 F40.
G1 X2.1729
X2.1669 Y-0.4523
X2.1612 Y-0.4541
G3 X2.1722 Y-0.4932 I0.0111 J-0.018
G1 X2.1935
G3 X2.2033 Y-0.4829 I-0.0003 J0.0101
X2.1995 Y-0.4684 I-0.0315 J-0.0006
G1 X2.1986 Y-0.4668 F300.
G3 X2.1729 Y-0.4519 I-0.0268 J-0.0166 F40.
G1 X2.1515 Y-0.452
X2.1456 Y-0.4523
X2.1398 Y-0.4541
G3 X2.1509 Y-0.4931 I0.0111 J-0.0179
G1 X2.1722 Y-0.4932
G3 X2.182 Y-0.4828 I-0.0003 J0.0101
X2.1781 Y-0.4683 I-0.0315 J-0.0007
G1 X2.1773 Y-0.4668 F300.
G3 X2.1515 Y-0.452 I-0.0268 J-0.0167 F40.
G1 X2.1302
X2.1242 Y-0.4523
G3 X2.1108 Y-0.4814 I0.0046 J-0.0198
G1 X2.1155 Y-0.4876
X2.122 Y-0.4917
X2.1296 Y-0.4931
X2.1509
G3 X2.1607 Y-0.4828 I-0.0003 J0.0101
X2.1568 Y-0.4683 I-0.0315 J-0.0008
G1 X2.1559 Y-0.4668 F300.
G3 X2.1302 Y-0.452 I-0.0268 J-0.0167 F40.
G1 X2.1089
X2.1029 Y-0.4523
G3 X2.0895 Y-0.4814 I0.0047 J-0.0198
G1 X2.0942 Y-0.4876
X2.1008 Y-0.4916
X2.1083 Y-0.4931
X2.1296
G3 X2.1394 Y-0.4827 I-0.0003 J0.0101
X2.1354 Y-0.4683 I-0.0316 J-0.0009
G1 X2.1346 Y-0.4669 F300.
G3 X2.1089 Y-0.452 I-0.0268 J-0.0167 F40.
G1 X2.0876 Y-0.4521
X2.0816 Y-0.4524
G3 X2.0683 Y-0.4814 I0.0047 J-0.0197
G1 X2.0729 Y-0.4876
X2.0795 Y-0.4916
X2.087 Y-0.493
X2.1083 Y-0.4931
G3 X2.1181 Y-0.4827 I-0.0003 J0.0101
X2.1141 Y-0.4683 I-0.0316 J-0.0009
G1 X2.1133 Y-0.4669 F300.
G3 X2.0876 Y-0.4521 I-0.0268 J-0.0168 F40.
G1 X2.0662
X2.0602 Y-0.4524
G3 X2.047 Y-0.4814 I0.0048 J-0.0197
G1 X2.0517 Y-0.4876
X2.0582 Y-0.4916
X2.0657 Y-0.493
X2.087
G3 X2.0968 Y-0.4826 I-0.0003 J0.0101
X2.0927 Y-0.4682 I-0.0316 J-0.001
G1 X2.092 Y-0.4669 F300.
G3 X2.0662 Y-0.4521 I-0.0268 J-0.0168 F40.
G1 X2.0449
X2.0389 Y-0.4524
G3 X2.0257 Y-0.4814 I0.0048 J-0.0197
G1 X2.0304 Y-0.4875
X2.0369 Y-0.4916
X2.0444 Y-0.493
X2.0657
G3 X2.0755 Y-0.4826 I-0.0003 J0.01
X2.0714 Y-0.4682 I-0.0316 J-0.0011
G1 X2.0706 Y-0.4669 F300.
G3 X2.0449 Y-0.4521 I-0.0268 J-0.0168 F40.
G1 X2.0236
X2.0176 Y-0.4524
G3 X2.0045 Y-0.4814 I0.0048 J-0.0196
G1 X2.0091 Y-0.4875
X2.0156 Y-0.4915
X2.0231 Y-0.4929
X2.0444 Y-0.493
G3 X2.0541 Y-0.4826 I-0.0003 J0.01
X2.05 Y-0.4682 I-0.0316 J-0.0012
G1 X2.0493 Y-0.4669 F300.
G3 X2.0236 Y-0.4521 I-0.0268 J-0.0168 F40.
G1 X2.0022 Y-0.4522
X1.9962 Y-0.4525
G3 X1.9832 Y-0.4814 I0.0049 J-0.0196
G1 X1.9878 Y-0.4875
X1.9943 Y-0.4915
X2.0018 Y-0.4929
X2.0231
G3 X2.0328 Y-0.4825 I-0.0003 J0.01
X2.0287 Y-0.4681 I-0.0317 J-0.0013
G1 X2.028 Y-0.467 F300.
G3 X2.0022 Y-0.4522 I-0.0268 J-0.0169 F40.
G1 X1.9809
X1.9749 Y-0.4525
G3 X1.9619 Y-0.4814 I0.0049 J-0.0196
G1 X1.9666 Y-0.4875
X1.9731 Y-0.4915
X1.9805 Y-0.4929
X2.0018
G3 X2.0115 Y-0.4825 I-0.0003 J0.01
X2.0073 Y-0.4681 I-0.0317 J-0.0014
G1 X2.0067 Y-0.467 F300.
G3 X1.9809 Y-0.4522 I-0.0268 J-0.0169 F40.
G1 X1.9596
X1.9536 Y-0.4525
G3 X1.9407 Y-0.4814 I0.0049 J-0.0195
G1 X1.9453 Y-0.4875
X1.9518 Y-0.4915
X1.9593 Y-0.4929
X1.9805
G3 X1.9902 Y-0.4824 I-0.0003 J0.01
X1.986 Y-0.4681 I-0.0317 J-0.0015
G1 X1.9853 Y-0.467 F300.
G3 X1.9596 Y-0.4522 I-0.0268 J-0.0169 F40.
G1 X1.9382
X1.9323 Y-0.4526
G3 X1.9194 Y-0.4814 I0.005 J-0.0195
G1 X1.924 Y-0.4875
X1.9305 Y-0.4914
X1.938 Y-0.4928
X1.9593 Y-0.4929
G3 X1.9689 Y-0.4824 I-0.0003 J0.01
X1.9646 Y-0.4681 I-0.0317 J-0.0016
G1 X1.964 Y-0.467 F300.
G3 X1.9382 Y-0.4522 I-0.0268 J-0.0169 F40.
G1 X1.9169 Y-0.4523
X1.9109 Y-0.4526
G3 X1.8981 Y-0.4814 I0.005 J-0.0195
G1 X1.9028 Y-0.4875
X1.9092 Y-0.4914
X1.9167 Y-0.4928
X1.938
G3 X1.9476 Y-0.4823 I-0.0003 J0.01
X1.9433 Y-0.468 I-0.0317 J-0.0017
G1 X1.9427 Y-0.467 F300.
G3 X1.9169 Y-0.4523 I-0.0269 J-0.017 F40.
G1 X1.8956
X1.8896 Y-0.4526
G3 X1.8769 Y-0.4815 I0.005 J-0.0194
G1 X1.8815 Y-0.4874
X1.8879 Y-0.4914
X1.8954 Y-0.4928
X1.9167
G3 X1.9263 Y-0.4823 I-0.0003 J0.0099
X1.9219 Y-0.468 I-0.0317 J-0.0018
G1 X1.9214 Y-0.4671 F300.
G3 X1.8956 Y-0.4523 I-0.0269 J-0.017 F40.
G1 X1.8743
X1.8683 Y-0.4526
G3 X1.8556 Y-0.4815 I0.0051 J-0.0194
G1 X1.8602 Y-0.4874
X1.8666 Y-0.4914
X1.8741 Y-0.4927
X1.8954 Y-0.4928
G3 X1.9049 Y-0.4822 I-0.0003 J0.0099
X1.9006 Y-0.468 I-0.0318 J-0.0019
G1 X1.9001 Y-0.4671 F300.
G3 X1.8743 Y-0.4523 I-0.0269 J-0.017 F40.
G1 X1.8529 Y-0.4524
X1.8469 Y-0.4527
G3 X1.8343 Y-0.4815 I0.0051 J-0.0194
G1 X1.8389 Y-0.4874
X1.8454 Y-0.4913
X1.8528 Y-0.4927
X1.8741
G3 X1.8836 Y-0.4822 I-0.0003 J0.0099
X1.8792 Y-0.4679 I-0.0318 J-0.002
G1 X1.8787 Y-0.4671 F300.
G3 X1.8529 Y-0.4524 I-0.0269 J-0.0171 F40.
G1 X1.8316
X1.8256 Y-0.4527
X1.82 Y-0.4547
G3 X1.8315 Y-0.4927 I0.0115 J-0.0172
G1 X1.8528
G3 X1.8623 Y-0.4822 I-0.0003 J0.0099
X1.8579 Y-0.4679 I-0.0318 J-0.0021
G1 X1.8574 Y-0.4671 F300.
G3 X1.8316 Y-0.4524 I-0.0269 J-0.0171 F40.
G1 X1.8103
X1.8043 Y-0.4527
X1.7986 Y-0.4548
G3 X1.8102 Y-0.4926 I0.0115 J-0.0172
G1 X1.8315 Y-0.4927
G3 X1.841 Y-0.4821 I-0.0003 J0.0099
X1.8365 Y-0.4679 I-0.0318 J-0.0021
G1 X1.8361 Y-0.4671 F300.
G3 X1.8103 Y-0.4524 I-0.0269 J-0.0171 F40.
G1 X1.7889
X1.7829 Y-0.4527
X1.7773 Y-0.4548
G3 X1.7889 Y-0.4926 I0.0116 J-0.0171
G1 X1.8102
G3 X1.8197 Y-0.4821 I-0.0003 J0.0099
X1.8152 Y-0.4679 I-0.0318 J-0.0022
G1 X1.8148 Y-0.4672 F300.
G3 X1.7889 Y-0.4524 I-0.0269 J-0.0171 F40.
G1 X1.7676 Y-0.4525
X1.7616 Y-0.4528
X1.756 Y-0.4549
G3 X1.7676 Y-0.4926 I0.0116 J-0.0171
G1 X1.7889
G3 X1.7984 Y-0.482 I-0.0003 J0.0099
X1.7938 Y-0.4678 I-0.0318 J-0.0023
G1 X1.7934 Y-0.4672 F300.
G3 X1.7676 Y-0.4525 I-0.0269 J-0.0172 F40.
G1 X1.7463
X1.7403 Y-0.4528
X1.7347 Y-0.4549
G3 X1.7462 Y-0.4925 I0.0116 J-0.017
G1 X1.7676 Y-0.4926
G3 X1.777 Y-0.482 I-0.0003 J0.0098
X1.7725 Y-0.4678 I-0.0318 J-0.0024
G1 X1.7721 Y-0.4672 F300.
G3 X1.7463 Y-0.4525 I-0.0269 J-0.0172 F40.
G1 X1.7249
X1.719 Y-0.4528
X1.7133 Y-0.455
G3 X1.7249 Y-0.4925 I0.0116 J-0.017
G1 X1.7462
G3 X1.7557 Y-0.4819 I-0.0003 J0.0098
X1.7511 Y-0.4678 I-0.0319 J-0.0025
G1 X1.7508 Y-0.4672 F300.
G3 X1.7249 Y-0.4525 I-0.0269 J-0.0172 F40.
G1 X1.7036
X1.6976 Y-0.4529
X1.692 Y-0.455
G3 X1.7036 Y-0.4925 I0.0117 J-0.0169
G1 X1.7249
G3 X1.7344 Y-0.4819 I-0.0003 J0.0098
X1.7298 Y-0.4678 I-0.0319 J-0.0026
G1 X1.7295 Y-0.4672 F300.
G3 X1.7036 Y-0.4525 I-0.0269 J-0.0172 F40.
G1 X1.6823 Y-0.4526
X1.6763 Y-0.4529
X1.6707 Y-0.455
G3 X1.6823 Y-0.4925 I0.0117 J-0.0169
G1 X1.7036
G3 X1.7131 Y-0.4819 I-0.0003 J0.0098
X1.7084 Y-0.4677 I-0.0319 J-0.0027
G1 X1.7081 Y-0.4673 F300.
G3 X1.6823 Y-0.4526 I-0.0269 J-0.0173 F40.
G1 X1.661
X1.655 Y-0.4529
X1.6494 Y-0.4551
G3 X1.661 Y-0.4924 I0.0117 J-0.0168
G1 X1.6823 Y-0.4925
G3 X1.6918 Y-0.4818 I-0.0003 J0.0098
X1.6871 Y-0.4677 I-0.0319 J-0.0028
G1 X1.6868 Y-0.4673 F300.
G3 X1.661 Y-0.4526 I-0.0269 J-0.0173 F40.
G1 X1.6396
X1.6336 Y-0.4529
X1.628 Y-0.4551
G3 X1.6397 Y-0.4924 I0.0117 J-0.0168
G1 X1.661
G3 X1.6705 Y-0.4818 I-0.0003 J0.0098
X1.6657 Y-0.4677 I-0.0319 J-0.0029
G1 X1.6655 Y-0.4673 F300.
G3 X1.6396 Y-0.4526 I-0.0269 J-0.0173 F40.
G1 X1.6183 Y-0.4527
X1.6123 Y-0.453
X1.6067 Y-0.4552
G3 X1.6184 Y-0.4924 I0.0117 J-0.0167
G1 X1.6397
G3 X1.6491 Y-0.4817 I-0.0003 J0.0098
X1.6444 Y-0.4676 I-0.0319 J-0.0029
G1 X1.6442 Y-0.4673 F300.
G3 X1.6183 Y-0.4527 I-0.0269 J-0.0174 F40.
G1 X1.597
X1.591 Y-0.453
X1.5854 Y-0.4552
G3 X1.5971 Y-0.4923 I0.0118 J-0.0167
G1 X1.6184 Y-0.4924
G3 X1.6278 Y-0.4817 I-0.0003 J0.0097
X1.623 Y-0.4676 I-0.0319 J-0.003
G1 X1.6228 Y-0.4673 F300.
G3 X1.597 Y-0.4527 I-0.0269 J-0.0174 F40.
G1 X1.5756
X1.5696 Y-0.453
X1.5641 Y-0.4552
G3 X1.5758 Y-0.4923 I0.0118 J-0.0167
G1 X1.5971
G3 X1.6065 Y-0.4817 I-0.0003 J0.0097
X1.6017 Y-0.4676 I-0.0319 J-0.0031
G1 X1.6015 Y-0.4674 F300.
G3 X1.5756 Y-0.4527 I-0.027 J-0.0174 F40.
G1 X1.5557
X1.5498 Y-0.453
X1.5441 Y-0.4549
G3 X1.555 Y-0.4923 I0.011 J-0.0171
G1 X1.5758
G3 X1.5852 Y-0.4823 I-0.0003 J0.0097
X1.5557 Y-0.4527 I-0.0305 J-0.001
G1 X1.5344 Y-0.4528
X1.5284 Y-0.4531
X1.5228 Y-0.4551
G3 X1.534 Y-0.4922 I0.0113 J-0.0168
G1 X1.555 Y-0.4923
G3 X1.5644 Y-0.482 I-0.0003 J0.0097
X1.5344 Y-0.4528 I-0.031 J-0.0018
G1 X1.5131
X1.5071 Y-0.4531
X1.5015 Y-0.4552
G3 X1.513 Y-0.4922 I0.0115 J-0.0167
G1 X1.534
G3 X1.5434 Y-0.4818 I-0.0003 J0.0097
X1.5131 Y-0.4528 I-0.0313 J-0.0024
G1 X1.4918
X1.4858 Y-0.4531
X1.4802 Y-0.4553
G3 X1.4918 Y-0.4922 I0.0116 J-0.0166
G1 X1.513
G3 X1.5223 Y-0.4817 I-0.0003 J0.0097
X1.4918 Y-0.4528 I-0.0316 J-0.0028
G1 X1.4722
X1.4662 Y-0.4531
X1.4605 Y-0.455
G3 X1.4712 Y-0.4921 I0.0107 J-0.017
G1 X1.4918 Y-0.4922
G3 X1.5012 Y-0.4824 I-0.0003 J0.0097
X1.4722 Y-0.4528 I-0.03 J-0.0004
G1 X1.4509 Y-0.4529
X1.4449 Y-0.4532
X1.4392 Y-0.4552
G3 X1.4503 Y-0.4921 I0.0112 J-0.0168
G1 X1.4712
G3 X1.4805 Y-0.482 I-0.0003 J0.0096
X1.4509 Y-0.4529 I-0.0307 J-0.0016
G1 X1.4295
X1.4235 Y-0.4532
X1.4179 Y-0.4553
G3 X1.4294 Y-0.4921 I0.0114 J-0.0166
G1 X1.4503
G3 X1.4596 Y-0.4818 I-0.0003 J0.0096
X1.4295 Y-0.4529 I-0.0312 J-0.0024
G1 X1.4082
X1.4022 Y-0.4532
X1.3966 Y-0.4555
G3 X1.4083 Y-0.4921 I0.0116 J-0.0164
G1 X1.4294
G3 X1.4386 Y-0.4816 I-0.0003 J0.0096
X1.4082 Y-0.4529 I-0.0315 J-0.0029
G1 X1.3886
X1.3826 Y-0.4533
X1.3769 Y-0.4551
G3 X1.3877 Y-0.492 I0.0108 J-0.0169
G1 X1.4083 Y-0.4921
G3 X1.4175 Y-0.4822 I-0.0003 J0.0096
X1.3886 Y-0.4529 I-0.0299 J-0.0006
G1 X1.3673 Y-0.453
X1.3613 Y-0.4533
X1.3557 Y-0.4554
G3 X1.3669 Y-0.492 I0.0112 J-0.0166
G1 X1.3877
G3 X1.3969 Y-0.4819 I-0.0003 J0.0096
X1.3673 Y-0.453 I-0.0307 J-0.0018
G1 X1.346
X1.34 Y-0.4533
X1.3344 Y-0.4555
G3 X1.3459 Y-0.492 I0.0115 J-0.0164
G1 X1.3669
G3 X1.3761 Y-0.4816 I-0.0003 J0.0096
X1.346 Y-0.453 I-0.0312 J-0.0026
G1 X1.3256
X1.3196 Y-0.4533
X1.314 Y-0.4554
X1.3088 Y-0.4604
X1.3058 Y-0.467
X1.3053 Y-0.4742
X1.3074 Y-0.4811
X1.3118 Y-0.4869
X1.318 Y-0.4906
X1.3251 Y-0.4919
X1.3459 Y-0.492
G3 X1.3551 Y-0.4819 I-0.0003 J0.0096
X1.3256 Y-0.453 I-0.0305 J-0.0017
G1 X1.3055 Y-0.4531
X1.2995 Y-0.4534
X1.2938 Y-0.4553
X1.2885 Y-0.4602
X1.2854 Y-0.4668
X1.2848 Y-0.474
X1.2868 Y-0.481
X1.2912 Y-0.4868
X1.2974 Y-0.4906
X1.3046 Y-0.4919
X1.3251
G3 X1.3344 Y-0.4821 I-0.0003 J0.0096
X1.3055 Y-0.4531 I-0.0299 J-0.0008
G1 X1.2841
X1.2781 Y-0.4534
X1.2725 Y-0.4555
X1.2674 Y-0.4606
X1.2645 Y-0.4671
X1.264 Y-0.4743
X1.2661 Y-0.4812
X1.2706 Y-0.4868
X1.2767 Y-0.4906
X1.2838 Y-0.4919
X1.3046
G3 X1.3138 Y-0.4817 I-0.0003 J0.0095
X1.2841 Y-0.4531 I-0.0307 J-0.0021
G1 X1.2628
X1.2568 Y-0.4534
X1.2512 Y-0.4557
X1.2463 Y-0.4608
X1.2434 Y-0.4673
X1.243 Y-0.4745
X1.2452 Y-0.4813
X1.2497 Y-0.4869
X1.2558 Y-0.4906
X1.2628 Y-0.4918
X1.2838 Y-0.4919
G3 X1.2929 Y-0.4815 I-0.0003 J0.0095
X1.2628 Y-0.4531 I-0.0312 J-0.0029
G1 X1.2429
X1.2369 Y-0.4534
X1.2313 Y-0.4554
X1.2261 Y-0.4604
X1.223 Y-0.4669
X1.2225 Y-0.4741
X1.2246 Y-0.481
X1.229 Y-0.4867
X1.2351 Y-0.4905
X1.2422 Y-0.4918
X1.2628
G3 X1.272 Y-0.4819 I-0.0003 J0.0095
X1.2429 Y-0.4531 I-0.0301 J-0.0013
G1 X1.2216 Y-0.4532
X1.2156 Y-0.4535
X1.21 Y-0.4557
X1.205 Y-0.4607
X1.2021 Y-0.4673
X1.2017 Y-0.4744
X1.2038 Y-0.4812
X1.2082 Y-0.4868
X1.2143 Y-0.4905
X1.2214 Y-0.4918
X1.2422
G3 X1.2514 Y-0.4816 I-0.0003 J0.0095
X1.2216 Y-0.4532 I-0.0308 J-0.0025
G1 X1.202
X1.196 Y-0.4535
X1.1903 Y-0.4553
X1.1851 Y-0.4603
X1.1819 Y-0.4668
X1.1813 Y-0.474
X1.1834 Y-0.4809
X1.1877 Y-0.4866
X1.1939 Y-0.4904
X1.201 Y-0.4918
X1.2214
G3 X1.2305 Y-0.4821 I-0.0003 J0.0095
X1.202 Y-0.4532 I-0.0295 J-0.0006
G1 X1.1807
X1.1747 Y-0.4535
X1.1691 Y-0.4556
X1.164 Y-0.4607
X1.1611 Y-0.4672
X1.1607 Y-0.4743
X1.1628 Y-0.4811
X1.1672 Y-0.4867
X1.1733 Y-0.4904
X1.1803 Y-0.4917
X1.201 Y-0.4918
G3 X1.2101 Y-0.4817 I-0.0003 J0.0095
X1.1807 Y-0.4532 I-0.0305 J-0.0021
G1 X1.1594
X1.1534 Y-0.4536
X1.1469 Y-0.4578
X1.1426 Y-0.4642
X1.1411 Y-0.4718
X1.1426 Y-0.4794
X1.1468 Y-0.4859
X1.1533 Y-0.4902
X1.1608 Y-0.4917
X1.1803
G3 X1.1894 Y-0.4813 I-0.0003 J0.0094
X1.1594 Y-0.4532 I-0.0311 J-0.0031
G1 X1.1398 Y-0.4533
X1.1338 Y-0.4536
X1.1274 Y-0.4579
X1.1232 Y-0.4644
X1.1218 Y-0.472
X1.1233 Y-0.4795
X1.1276 Y-0.4859
X1.134 Y-0.4902
X1.1416 Y-0.4917
X1.1608
G3 X1.1699 Y-0.4813 I-0.0003 J0.0094
X1.1398 Y-0.4533 I-0.0312 J-0.0034
G1 X1.1206
X1.1146 Y-0.4536
X1.1082 Y-0.4579
X1.104 Y-0.4644
X1.1026 Y-0.4719
X1.1041 Y-0.4795
X1.1084 Y-0.4859
X1.1148 Y-0.4901
X1.1224 Y-0.4916
X1.1416 Y-0.4917
G3 X1.1507 Y-0.4813 I-0.0003 J0.0094
X1.1206 Y-0.4533 I-0.0311 J-0.0033
G1 X1.1025
X1.0965 Y-0.4536
X1.0906 Y-0.4571
X1.0863 Y-0.4623
X1.084 Y-0.4687
Y-0.4755
X1.0864 Y-0.4818
X1.0907 Y-0.487
X1.0966 Y-0.4904
X1.1033 Y-0.4916
X1.1224
G3 X1.1314 Y-0.4817 I-0.0003 J0.0094
X1.1025 Y-0.4533 I-0.03 J-0.0016
G1 X1.0829
X1.0769 Y-0.4536
X1.0713 Y-0.4558
X1.0664 Y-0.4609
X1.0636 Y-0.4674
X1.0632 Y-0.4744
X1.0653 Y-0.4811
X1.0697 Y-0.4867
X1.0758 Y-0.4903
X1.0827 Y-0.4916
X1.1033
G3 X1.1124 Y-0.4815 I-0.0003 J0.0094
X1.0829 Y-0.4533 I-0.0305 J-0.0024
G1 X1.0625 Y-0.4534
X1.0565 Y-0.4537
X1.0509 Y-0.4558
X1.0459 Y-0.4608
X1.0431 Y-0.4672
X1.0426 Y-0.4743
X1.0447 Y-0.4811
X1.0491 Y-0.4866
X1.0551 Y-0.4903
X1.0621 Y-0.4916
X1.0827
G3 X1.0918 Y-0.4815 I-0.0003 J0.0094
X1.0625 Y-0.4534 I-0.0302 J-0.0021
G1 X1.0424
X1.0364 Y-0.4537
X1.0307 Y-0.4557
X1.0257 Y-0.4607
X1.0227 Y-0.4671
X1.0222 Y-0.4742
X1.0243 Y-0.481
X1.0286 Y-0.4865
X1.0347 Y-0.4902
X1.0417 Y-0.4915
X1.0621 Y-0.4916
G3 X1.0712 Y-0.4817 I-0.0003 J0.0094
X1.0424 Y-0.4534 I-0.0298 J-0.0014
G1 X1.0211
X1.0151 Y-0.4537
X1.0087 Y-0.4579
X1.0044 Y-0.4643
X1.0028 Y-0.4718
X1.0043 Y-0.4793
X1.0085 Y-0.4857
X1.0149 Y-0.49
X1.0224 Y-0.4915
X1.0417
G3 X1.0507 Y-0.4813 I-0.0003 J0.0094
X1.0211 Y-0.4534 I-0.0306 J-0.0029
G1 X1.0029
X0.9969 Y-0.4538
X0.9911 Y-0.4571
X0.9868 Y-0.4623
X0.9845 Y-0.4686
Y-0.4754
X0.9868 Y-0.4817
X0.9911 Y-0.4869
X0.9969 Y-0.4903
X1.0036 Y-0.4915
X1.0224
G3 X1.0315 Y-0.4818 I-0.0003 J0.0094
X1.0029 Y-0.4534 I-0.0295 J-0.0012
G1 X0.9834 Y-0.4535
X0.9774 Y-0.4538
X0.9718 Y-0.456
X0.9669 Y-0.461
X0.9641 Y-0.4674
X0.9637 Y-0.4744
X0.9659 Y-0.4811
X0.9702 Y-0.4866
X0.9762 Y-0.4902
X0.9831 Y-0.4914
X1.0036 Y-0.4915
G3 X1.0126 Y-0.4814 I-0.0003 J0.0093
X0.9834 Y-0.4535 I-0.0302 J-0.0024
G1 X0.963
X0.957 Y-0.4538
X0.9514 Y-0.4559
X0.9465 Y-0.4609
X0.9436 Y-0.4673
X0.9432 Y-0.4743
X0.9453 Y-0.481
X0.9497 Y-0.4865
X0.9557 Y-0.4901
X0.9626 Y-0.4914
X0.9831
G3 X0.9921 Y-0.4814 I-0.0003 J0.0093
X0.963 Y-0.4535 I-0.0301 J-0.0022
G1 X0.9429
X0.9369 Y-0.4538
X0.9312 Y-0.4559
X0.9262 Y-0.4608
X0.9233 Y-0.4672
X0.9229 Y-0.4742
X0.925 Y-0.4809
X0.9293 Y-0.4865
X0.9353 Y-0.4901
X0.9422 Y-0.4914
X0.9626
G3 X0.9715 Y-0.4816 I-0.0003 J0.0093
X0.9429 Y-0.4535 I-0.0297 J-0.0016
G1 X0.923
X0.917 Y-0.4539
X0.9113 Y-0.4558
X0.9062 Y-0.4607
X0.9032 Y-0.4671
X0.9027 Y-0.4741
X0.9047 Y-0.4808
X0.909 Y-0.4864
X0.915 Y-0.4901
X0.922 Y-0.4914
X0.9422
G3 X0.9512 Y-0.4818 I-0.0003 J0.0093
X0.923 Y-0.4535 I-0.0292 J-0.0009
G1 X0.9016 Y-0.4536
X0.8956 Y-0.4539
X0.8893 Y-0.4581
X0.885 Y-0.4643
X0.8835 Y-0.4718
X0.8849 Y-0.4793
X0.8891 Y-0.4856
X0.8955 Y-0.4898
X0.9029 Y-0.4913
X0.922 Y-0.4914
G3 X0.9309 Y-0.4813 I-0.0003 J0.0093
X0.9016 Y-0.4536 I-0.0303 J-0.0027
G1 X0.8838
X0.8778 Y-0.4539
X0.8722 Y-0.4559
X0.8671 Y-0.4607
X0.8641 Y-0.4671
X0.8635 Y-0.4741
X0.8655 Y-0.4808
X0.8698 Y-0.4863
X0.8757 Y-0.49
X0.8826 Y-0.4913
X0.9029
G3 X0.9119 Y-0.4818 I-0.0003 J0.0093
X0.8838 Y-0.4536 I-0.029 J-0.0008
G1 X0.8625
X0.8565 Y-0.4539
X0.8502 Y-0.4581
X0.8459 Y-0.4644
X0.8444 Y-0.4718
X0.8458 Y-0.4792
X0.85 Y-0.4855
X0.8563 Y-0.4898
X0.8637 Y-0.4913
X0.8826
G3 X0.8915 Y-0.4813 I-0.0003 J0.0092
X0.8625 Y-0.4536 I-0.0301 J-0.0025
G1 X0.8433
X0.8373 Y-0.454
X0.8311 Y-0.4582
X0.8269 Y-0.4645
X0.8255 Y-0.4719
X0.827 Y-0.4793
X0.8312 Y-0.4856
X0.8374 Y-0.4898
X0.8448 Y-0.4912
X0.8637 Y-0.4913
G3 X0.8726 Y-0.4811 I-0.0003 J0.0092
X0.8433 Y-0.4536 I-0.0303 J-0.0029
G1 X0.8252 Y-0.4537
X0.8192 Y-0.454
X0.8128 Y-0.458
X0.8085 Y-0.4643
X0.8069 Y-0.4717
X0.8083 Y-0.4791
X0.8124 Y-0.4855
X0.8187 Y-0.4897
X0.8261 Y-0.4912
X0.8448
G3 X0.8537 Y-0.4814 I-0.0003 J0.0092
X0.8252 Y-0.4537 I-0.0296 J-0.0018
X0.8077 Y-0.4546 I-0.0057 J-0.0561
G1 X0.8062 Y-0.4553
X0.8047 Y-0.4561
X0.8032 Y-0.4571
X0.8016 Y-0.4582
X0.8007 Y-0.4592
X0.7993 Y-0.4607
X0.7982 Y-0.4623
X0.7973 Y-0.4638
X0.7965 Y-0.4653
X0.7959 Y-0.4671
X0.7955 Y-0.4689
X0.7952 Y-0.4707
Y-0.4725
Y-0.4742
X0.7955 Y-0.476
X0.7959 Y-0.4778
X0.7965 Y-0.4796
X0.7973 Y-0.4811
X0.7982 Y-0.4826
X0.7993 Y-0.4842
X0.8007 Y-0.4857
X0.8017 Y-0.4867
X0.8032 Y-0.4878
X0.8047 Y-0.4888
X0.8062 Y-0.4896
X0.8078 Y-0.4902
G3 X0.8261 Y-0.4912 I0.0121 J0.051
X0.8373 Y-0.487 I-0.0006 J0.0187
G1 X0.8389 Y-0.485 Z0.6263
X0.8406 Y-0.483 Z0.6269
X0.8421 Y-0.4811 Z0.6278
X0.8429 Y-0.4784 Z0.6294
X0.8436 Y-0.4759 Z0.6315
X0.8442 Y-0.4738 Z0.634
Y-0.4725 Z0.6363
Y-0.4713 Z0.639
X0.8441 Y-0.4706 Z0.6419
Y-0.4704 Z0.6449
G0 Z0.9241
X11.6806 Y-0.4461
Z0.6756
G1 Z0.6568 F40.
Y-0.4464 Z0.6536
Y-0.4472 Z0.6504
X11.6807 Y-0.4486 Z0.6474
Y-0.4505 Z0.6448
X11.6808 Y-0.4528 Z0.6425
X11.6809 Y-0.4555 Z0.6406
X11.681 Y-0.4584 Z0.6392
X11.6811 Y-0.4616 Z0.6384
X11.6812 Y-0.4648 Z0.6381
G3 X11.6954 Y-0.567 I0.4785 J0.0147
G1 X11.696 Y-0.569
X11.6975 Y-0.5705
X11.6996 Y-0.571
G3 X11.7357 Y-0.5654 I-0.0148 J0.2148
G2 X11.7571 Y-0.5633 I0.0407 J-0.3115
G3 X11.8851 Y-0.5593 I-0.0054 J2.2262
X11.9625 Y-0.5102 I-0.0023 J0.0892
X11.9536 Y-0.4261 I-0.0738 J0.0347
X11.9177 Y-0.3913 I-0.1133 J-0.081
G1 X11.9136 Y-0.3894
X11.9093 Y-0.3882
X11.9065 Y-0.388
G3 X11.888 Y-0.4037 I0. J-0.0188
G1 X11.8877 Y-0.4054
X11.866 Y-0.5375 F300.
X11.8659 Y-0.5382
X11.8658 Y-0.539
X11.8657 Y-0.5397
G3 X11.8851 Y-0.5593 I0.0187 J-0.0009 F40.
X11.9302 Y-0.5521 I-0.006 J0.1824
G1 X11.9326 Y-0.5506
X11.9562 Y-0.5348
X11.9577 Y-0.5336
X11.9593 Y-0.5321
X11.9614 Y-0.5293
X11.975 Y-0.508
X11.9775 Y-0.5037
G3 X11.9833 Y-0.4742 I-0.2423 J0.0634
G1 X11.9834 Y-0.4725
G3 X11.9775 Y-0.4412 I-0.2276 J-0.0269
G1 X11.975 Y-0.4369
X11.9615 Y-0.4156
X11.9593 Y-0.4128
X11.9577 Y-0.4113
X11.9562 Y-0.4101
X11.9326 Y-0.3943
X11.9302 Y-0.3929
G3 X11.8708 Y-0.3851 I-0.0558 J-0.1942
X11.75 Y-0.3813 I-0.172 J-3.5953
G2 X11.7215 Y-0.3766 I0.0188 J0.202
G3 X11.6576 Y-0.3785 I-0.0278 J-0.1426
G2 X11.6149 Y-0.3816 I-0.0358 J0.1988
G1 X7.9035 Y-0.3825
X0.822 Y-0.3859
G3 X0.736 Y-0.4802 I-0.0009 J-0.0855
X0.7677 Y-0.534 I0.0845 J0.0135
X0.8085 Y-0.5579 I0.0903 J0.1075
G1 X0.8122 Y-0.5587
X0.8161 Y-0.5589
X7.0432 Y-0.562
X10.1218 Y-0.5631
X11.6149 Y-0.5633
G2 X11.6646 Y-0.5681 I0.0086 J-0.1687
G3 X11.6996 Y-0.571 I0.0298 J0.1479
G1 X11.7027 Y-0.5706
X11.7056 Y-0.5697
X11.7084 Y-0.5683
X11.7109 Y-0.5665
X11.713 Y-0.5642
X11.7148 Y-0.5617
X11.7161 Y-0.5589
X11.717 Y-0.5559
X11.7173 Y-0.5529
X11.7172 Y-0.5498
X11.7167 Y-0.5466 Z0.6384
X11.7163 Y-0.5434 Z0.6392
X11.7159 Y-0.5405 Z0.6406
X11.7156 Y-0.5378 Z0.6425
X11.7153 Y-0.5356 Z0.6448
X11.715 Y-0.5337 Z0.6474
X11.7148 Y-0.5323 Z0.6504
X11.7147 Y-0.5315 Z0.6536
Y-0.5312 Z0.6568
G0 Z0.6756
X0.8678 Y-0.4042
G1 Z0.6568 F40.
X0.8675 Y-0.4041 Z0.6536
X0.8668 Y-0.4036 Z0.6504
X0.8656 Y-0.4029 Z0.6474
X0.864 Y-0.402 Z0.6448
X0.862 Y-0.4008 Z0.6425
X0.8597 Y-0.3994 Z0.6406
X0.8572 Y-0.3979 Z0.6392
X0.8545 Y-0.3963 Z0.6384
X0.8517 Y-0.3946 Z0.6381
G3 X0.822 Y-0.3859 I-0.0318 J-0.0536
G1 X0.8149
G3 X0.7579 Y-0.3923 I-0.0091 J-0.177
X0.7295 Y-0.4103 I0.2495 J-0.4258
G1 X0.7272 Y-0.413
G3 X0.7088 Y-0.4421 I0.1951 J-0.1438
X0.7031 Y-0.4742 I0.1956 J-0.0508
X0.7087 Y-0.5028 I0.7455 J0.1304
X0.7272 Y-0.5319 I0.2486 J0.137
G1 X0.7296 Y-0.5345
G3 X0.7598 Y-0.5532 I0.1276 J0.1719
X0.8161 Y-0.5589 I0.0466 J0.1788
G1 X0.831 Y-0.5506 Z0.6388
X0.8337 Y-0.5372 Z0.6405
X0.8339 Y-0.5364 Z0.6406 F300.
X0.8244 Y-0.4197 Z0.6624
X0.822 Y-0.3894 Z0.6681 F40.
G3 X0.8068 Y-0.3573 I-0.0377 J0.0019
X0.7511 Y-0.3381 I-0.0517 J-0.0597
X0.6628 Y-0.3818 I0.0036 J-0.1182
X0.6298 Y-0.4995 I0.1099 J-0.0943
X0.7181 Y-0.62 I0.1576 J0.0228
G1 X0.7397 Y-0.6299
X0.7411 Y-0.6303
G3 X0.7935 Y-0.6381 I0.0539 J0.1814
G1 X0.8149 Y-0.6385
X11.8708
X11.8779 Y-0.6384
X11.8922 Y-0.6381
X11.9166 Y-0.6363
G3 X12.056 Y-0.4291 I-0.0199 J0.1639
X11.9651 Y-0.3224 I-0.1611 J-0.045
X11.9223 Y-0.3091 I-0.0624 J-0.126
G1 X11.8993 Y-0.3069
X11.8779 Y-0.3064
X11.8708
X0.8149
G3 X0.7437 Y-0.3137 I-0.0098 J-0.2553
X0.6846 Y-0.3446 I0.051 J-0.1693
X0.6566 Y-0.373 I0.1873 J-0.2129
X0.6315 Y-0.4228 I0.1643 J-0.1143
X0.6313 Y-0.5222 I0.1706 J-0.0501
G1 X0.6343 Y-0.5293
G3 X0.6584 Y-0.5741 I0.1616 J0.0583
X0.6868 Y-0.6021 I0.2139 J0.1884
X0.7411 Y-0.6304 I0.11 J0.1447
G1 X0.7441 Y-0.6309
X0.7473
X0.7503 Y-0.6304
X0.7532 Y-0.6294
X0.756 Y-0.6279
X0.7584 Y-0.626
X0.7605 Y-0.6237
X0.7622 Y-0.6211
X0.7634 Y-0.6183
X0.7642 Y-0.6153
X0.7647 Y-0.6121 Z0.6684
X0.7653 Y-0.6089 Z0.6692
X0.7657 Y-0.606 Z0.6706
X0.7662 Y-0.6034 Z0.6725
X0.7666 Y-0.6011 Z0.6748
X0.7669 Y-0.5993 Z0.6774
X0.7671 Y-0.5979 Z0.6804
X0.7673 Y-0.5971 Z0.6836
Y-0.5968 Z0.6868
G0 Z0.7056
X11.846 Y-0.6209
G1 Z0.6868 F40.
X11.8462 Y-0.621 Z0.6836
X11.847 Y-0.6214 Z0.6804
X11.8482 Y-0.6221 Z0.6774
X11.8498 Y-0.623 Z0.6748
X11.8518 Y-0.6242 Z0.6725
X11.8541 Y-0.6255 Z0.6706
X11.8567 Y-0.6269 Z0.6692
X11.8595 Y-0.6285 Z0.6684
X11.8623 Y-0.6301 Z0.6681
G3 X11.8922 Y-0.6381 I0.0306 J0.0543
X11.9511 Y-0.6287 I0.001 J0.1827
G1 X11.9562 Y-0.6266
G3 X12.0059 Y-0.5973 I-0.0673 J0.1711
G1 X12.0237 Y-0.579
G3 X12.0602 Y-0.5009 I-0.1307 J0.1085
X12.0526 Y-0.4156 I-0.1689 J0.028
X12.0295 Y-0.373 I-0.1558 J-0.0569
X11.9775 Y-0.3279 I-0.1368 J-0.1052
G1 X11.9651 Y-0.3223
G3 X11.9532 Y-0.3215 I-0.0071 J-0.0174
G1 X11.9509 Y-0.3227 Z0.6683
X11.9486 Y-0.3238 Z0.6688
X11.9464 Y-0.3249 Z0.6697
X11.9445 Y-0.3271 Z0.6713
X11.9429 Y-0.3291 Z0.6734
X11.9415 Y-0.3307 Z0.676
X11.9409 Y-0.3321 Z0.6784
X11.9405 Y-0.3331 Z0.6811
X11.9402 Y-0.3337 Z0.6839
Y-0.3339 Z0.6868
G0 Z0.7356
X0.8027 Y-0.428
G1 Z0.7168 F40.
Y-0.4278 Z0.7136
X0.8029 Y-0.4269 Z0.7104
X0.8033 Y-0.4256 Z0.7074
X0.8037 Y-0.4238 Z0.7048
X0.8043 Y-0.4215 Z0.7025
X0.805 Y-0.419 Z0.7006
X0.8057 Y-0.4161 Z0.6992
X0.8065 Y-0.413 Z0.6984
X0.8073 Y-0.4099 Z0.6981
G3 X0.822 Y-0.3078 I-0.4637 J0.1188
X0.8104 Y-0.2805 I-0.0358 J0.001
X0.7845 Y-0.2618 I-0.0497 J-0.0416
G1 X0.7793 Y-0.261
X0.774
G3 X0.7364 Y-0.2663 I0.0201 J-0.2784
X0.6584 Y-0.3047 I0.0728 J-0.2466
X0.6193 Y-0.3446 I0.2305 J-0.2651
X0.5824 Y-0.4227 I0.2115 J-0.1477
X0.576 Y-0.4725 I0.6451 J-0.1082
X0.5823 Y-0.5222 I0.7057 J0.0644
X0.6227 Y-0.6047 I0.2433 J0.0681
X0.6622 Y-0.643 I0.2641 J0.2324
X0.7402 Y-0.6794 I0.1461 J0.2111
X0.8149 Y-0.686 I0.074 J0.4124
G1 X11.8708
G3 X11.95 Y-0.6784 I0.0002 J0.4144
X12.0334 Y-0.6361 I-0.0681 J0.2374
X12.0674 Y-0.6004 I-0.3142 J0.3329
X12.106 Y-0.5151 I-0.2062 J0.1447
G1 X12.1068 Y-0.508
X12.11 Y-0.4796
X12.1107 Y-0.4725
G3 X12.1044 Y-0.4227 I-0.3925 J-0.0244
X12.0674 Y-0.3446 I-0.247 J-0.0693
X12.0273 Y-0.3037 I-0.2804 J-0.2352
X11.949 Y-0.2662 I-0.1558 J-0.2244
X11.8708 Y-0.2588 I-0.0785 J-0.4149
G1 X0.8149
X0.7899 Y-0.2593
X0.7864 Y-0.2596
X0.774 Y-0.261
G3 X0.7585 Y-0.2838 I0.0027 J-0.0185
G1 X0.7592 Y-0.287 Z0.6984
X0.7599 Y-0.29 Z0.6992
X0.7606 Y-0.2929 Z0.7006
X0.7612 Y-0.2955 Z0.7025
X0.7617 Y-0.2978 Z0.7048
X0.7621 Y-0.2996 Z0.7074
X0.7624 Y-0.301 Z0.7104
X0.7626 Y-0.3018 Z0.7136
X0.7627 Y-0.3021 Z0.7168
G0 Z1.3241
M5
G53 G0 Z0.
(2D CONTOUR35)
M9
M1
T13 M6
T72
S7500 M3
G17 G90 G94
G54
G64 P0.0004 Q0.0004
M8
G0 X-0.1283 Y0.209
G43 Z1.3241 H13
G0 Z0.9241
G1 Z0.5769 F80.
G19 G2 Y0.1715 Z0.5394 J-0.0375 K0. F50.
G1 Y0.134
G17 G3 X-0.0908 Y0.0965 I0.0375 J0.
G1 X12.6377
G2 X13.2166 Y-0.4186 I0.0099 J-0.5718
X12.6468 Y-1.0414 I-0.5684 J-0.052
G1 X-0.0908
G3 X-0.1283 Y-1.0789 I0. J-0.0375
G1 Y-1.1164
G19 G2 Y-1.1539 Z0.5769 J0. K0.0375
G0 Z0.9241
Y0.209
G1 Z0.5769 F80.
G2 Y0.1715 Z0.5394 J-0.0375 K0. F50.
G1 Y0.134
G17 G3 X-0.0908 Y0.0965 I0.0375 J0.
G1 X12.6377
G2 X13.2166 Y-0.4186 I0.0099 J-0.5718
X12.6468 Y-1.0414 I-0.5684 J-0.052
G1 X-0.0908
G3 X-0.1283 Y-1.0789 I0. J-0.0375
G1 Y-1.1164
G19 G2 Y-1.1539 Z0.5769 J0. K0.0375
G0 Z1.3241
G17
M5
G53 G0 Z0.
(SCALLOP6)
M9
M1
T72 M6
T35
S7500 M3
G17 G90 G94
G54
M8
G0 X12.8739 Y0.0669
G43 Z1.3241 H72
G0 Z0.6597
G1 Z0.0921 F200.
X12.8737 Z0.0889 F30.
X12.8728 Y0.0671 Z0.0858
X12.8715 Y0.0674 Z0.0828
X12.8697 Y0.0678 Z0.0802
X12.8675 Y0.0683 Z0.0778
X12.8649 Y0.0688 Z0.076
X12.862 Y0.0694 Z0.0746
X12.859 Y0.0701 Z0.0737
X12.8558 Y0.0707 Z0.0734
X12.8526 Y0.0714 Z0.0736
X12.8496 Y0.072 Z0.0744
X12.8467 Y0.0727 Z0.0758
X12.844 Y0.0732 Z0.0776
X12.8418 Y0.0737 Z0.0798
X12.8399 Y0.0741 Z0.0824
X12.8385 Y0.0744 Z0.0854
X12.8376 Y0.0746 Z0.0885
X12.8372 Z0.0917
X12.8368 Y0.0747 Z0.1126
X12.8365 Y0.0748 Z0.1189
X12.8356 Y0.0751 Z0.1218
X12.8341 Y0.0754 Z0.124
X12.8318 Y0.0761 Z0.1267
X12.8293 Y0.0767 Z0.1282
X12.8254 Y0.0778 Z0.129
X12.8216 Y0.0788 Z0.1288
X12.8173 Y0.0797 Z0.128
X12.8062 Y0.082 Z0.1259
X12.8003 Y0.0832 Z0.1256
X12.7985 Y0.0836
X12.7908 Y0.0851 Z0.1252
X12.783 Y0.0863 Z0.1242
X12.7753 Y0.0875 Z0.1227
X12.7715 Y0.088 Z0.1219
X12.7676 Y0.0886 Z0.1215
X12.7599 Y0.0897
X12.7522 Y0.0905 Z0.1208
X12.748 Y0.0909 Z0.1204
X12.7445 Y0.0912 Z0.1198
X12.7368 Y0.0919 Z0.1179
X12.7291 Y0.0925 Z0.1178
X12.7214 Y0.093 Z0.1194
X12.7137 Y0.0932 Z0.121
X12.6983 Y0.0936 Z0.1162
X12.6944 Y0.0937 Z0.116
X12.6905 Y0.0938 Z0.1167
X12.6867 Z0.1181
X12.6828 Z0.121
X12.6809 Z0.1228
X12.679 Z0.1259
X12.6771 Z0.1308
X12.6766 Z0.1344
X12.6761 Z0.14
X12.6722 Z0.1726
X12.6433 Z0.4208
X12.638 Z0.4687
X12.6347 Z0.4942
X12.6324 Z0.5098
X12.6321 Z0.516
X12.6318 Z0.5272
X12.6316 Y0.0935 Z0.5336
Y0.0932 Z0.5365
Y0.0926 Z0.5412
Y0.0917 Z0.5459
X12.6315 Y0.0909 Z0.5497
X12.6314 Y0.089 Z0.5563
Y0.087 Z0.5615
X12.6313 Y0.0832 Z0.5699
X12.6312 Y0.0793 Z0.5767
X12.6311 Y0.0754 Z0.5823
X12.6309 Y0.0716 Z0.5872
X12.6305 Y0.0677 Z0.5915
X12.6295 Y0.06 Z0.5992
X12.6289 Y0.0369 Z0.6224
X12.629 Y-0.0075 Z0.6668
X12.6307 Y-0.0114 Z0.6706
X12.6325 Y-0.0133 Z0.6725
X12.6347 Y-0.0155 Z0.6746
X12.6372 Y-0.0172 Z0.6761
X12.6443 Y-0.0221 Z0.68
X12.6482 Y-0.0249 Z0.682
X12.652 Y-0.0262 Z0.6828
X12.6597 Y-0.0281 Z0.6839
X12.6674 Y-0.0286 Z0.684
X12.6751 Y-0.0293
X12.6828 Y-0.03
X12.6905 Y-0.0309 Z0.6841
X12.706 Y-0.0332
X12.7137 Y-0.0343
X12.7214 Y-0.0359 Z0.6842
X12.7291 Y-0.0375 Z0.6843
X12.7406 Y-0.0403 Z0.6844
X12.7522 Y-0.0433 Z0.6845
X12.7681 Y-0.048 Z0.6846
X12.7753 Y-0.0503 Z0.6847
X12.783 Y-0.053
X12.7908 Y-0.0558 Z0.6848
X12.7985 Y-0.0588
X12.8062 Y-0.0618
X12.8104 Y-0.0635
X12.8139 Y-0.065
X12.8293 Y-0.0719
X12.837 Y-0.0757
X12.8447 Y-0.0797 Z0.6849
X12.8524 Y-0.084 Z0.685
X12.8678 Y-0.0931 Z0.6852
X12.8756 Y-0.098 Z0.6853
X12.8833 Y-0.103
X12.891 Y-0.1083 Z0.6854
X12.8987 Y-0.1138
X12.9038 Y-0.1175
X12.9064 Y-0.1195 Z0.6855
X12.9232 Y-0.1329
X12.9295 Y-0.1383
X12.9372 Y-0.1451
X12.9406 Y-0.1483 Z0.6856
X12.9562 Y-0.1638 Z0.6858
X12.9703 Y-0.1792 Z0.686
X12.9769 Y-0.1869
X12.9835 Y-0.1949
X12.9953 Y-0.2101
X13.0008 Y-0.2178
X13.0066 Y-0.226
X13.0112 Y-0.2332 Z0.6861
X13.0205 Y-0.2487 Z0.6863
X13.025 Y-0.2564 Z0.6862
X13.0297 Y-0.2651 Z0.6863
X13.0332 Y-0.2718
X13.0406 Y-0.2873 Z0.6864
X13.044 Y-0.295
X13.0473 Y-0.3027 Z0.6865
X13.0505 Y-0.3104 Z0.6864
X13.0528 Y-0.3162
X13.0563 Y-0.3258 Z0.6865
X13.0606 Y-0.3382 Z0.6864
X13.0638 Y-0.349 Z0.6865
X13.0661 Y-0.3567 Z0.6864
X13.0683 Y-0.365
X13.07 Y-0.3721
X13.0731 Y-0.3876 Z0.6866
X13.0745 Y-0.3953 Z0.6865
X13.077 Y-0.4107 Z0.6866
X13.0781 Y-0.4184 Z0.6865
X13.079 Y-0.4262
X13.0796 Y-0.4339 Z0.6866
X13.0808 Y-0.4493
X13.0812 Y-0.457 Z0.6865
X13.0814 Y-0.4647
Y-0.4725 Z0.6866
X13.0811 Y-0.4879
X13.0807 Y-0.4956
X13.0795 Y-0.511 Z0.6867
X13.0789 Y-0.5188 Z0.6866
X13.078 Y-0.5265
X13.077 Y-0.5342
X13.0757 Y-0.5419
X13.0731 Y-0.5574
X13.0715 Y-0.5651 Z0.6865
X13.0681 Y-0.5805
X13.066 Y-0.5882 Z0.6864
X13.0638 Y-0.5959 Z0.6865
X13.0606 Y-0.6067 Z0.6864
X13.0562 Y-0.6191 Z0.6865
X13.0528 Y-0.6284 Z0.6864
X13.0505 Y-0.6345
X13.0473 Y-0.6422
X13.0441 Y-0.65 Z0.6863
X13.0407 Y-0.6577 Z0.6864
X13.037 Y-0.6654 Z0.6863
X13.0291 Y-0.6808
X13.025 Y-0.6885 Z0.6862
X13.0205 Y-0.6963 Z0.6863
X13.0112 Y-0.7117 Z0.6861
X13.0062 Y-0.7194 Z0.686
X12.9989 Y-0.7297 Z0.6861
X12.9951 Y-0.7348
X12.9893 Y-0.7426 Z0.686
X12.9833 Y-0.7503
X12.9758 Y-0.7594 Z0.6859
X12.9702 Y-0.7657 Z0.686
X12.9562 Y-0.7811 Z0.6858
X12.9485 Y-0.7889 Z0.6857
X12.9406 Y-0.7966 Z0.6856
X12.9372 Y-0.7998
X12.9218 Y-0.813
X12.9136 Y-0.8197 Z0.6855
X12.9064 Y-0.8254
X12.9037 Y-0.8274 Z0.6854
X12.891 Y-0.8366
X12.8756 Y-0.8468 Z0.6853
X12.8678 Y-0.8518 Z0.6851
X12.8567 Y-0.8583
X12.8524 Y-0.8607
X12.837 Y-0.869 Z0.6849
X12.8293 Y-0.8729 Z0.6848
X12.8139 Y-0.8799 Z0.6849
X12.8103 Y-0.8815 Z0.6848
X12.8062 Y-0.8831
X12.7985 Y-0.8861
X12.7904 Y-0.8892
X12.783 Y-0.8918 Z0.6847
X12.7753 Y-0.8945 Z0.6848
X12.7676 Y-0.897 Z0.6846
X12.7599 Y-0.8994 Z0.6845
X12.7522 Y-0.9015 Z0.6846
X12.7406 Y-0.9046 Z0.6844
X12.7368 Y-0.9056
X12.7291 Y-0.9073 Z0.6843
X12.7214 Y-0.909 Z0.6842
X12.7137 Y-0.9106 Z0.6841
X12.7021 Y-0.9123
X12.6905 Y-0.9139
X12.6828 Y-0.9148 Z0.684
X12.6751 Y-0.9156
X12.6674 Y-0.9162
X12.6597 Y-0.9168 Z0.6839
X12.652 Y-0.9187 Z0.6828
X12.6481 Y-0.9201 Z0.682
X12.6443 Y-0.9227 Z0.6801
X12.6366 Y-0.928 Z0.6758
X12.6345 Y-0.9294 Z0.6746
X12.6322 Y-0.9316 Z0.6725
X12.6305 Y-0.9336 Z0.6706
X12.6297 Y-0.9355 Z0.6686
X12.6289 Y-0.9378 Z0.6663
X12.6286 Y-0.9586 Z0.6455
X12.6292 Y-0.9972 Z0.6069
X12.6293 Y-1.0049 Z0.5992
X12.6304 Y-1.0127 Z0.5914
X12.6309 Y-1.0165 Z0.5871
X12.6311 Y-1.0204 Z0.5823
X12.6312 Y-1.0242 Z0.5766
X12.6313 Y-1.0281 Z0.5699
X12.6314 Y-1.0319 Z0.5614
Y-1.0339 Z0.5561
X12.6316 Y-1.0358 Z0.5495
Y-1.0367 Z0.5457
Y-1.0375 Z0.5409
X12.6317 Y-1.0381 Z0.5362
Y-1.0385 Z0.5324
X12.6319 Y-1.0386 Z0.5254
X12.6321 Y-1.0387 Z0.5172
X12.6324 Y-1.0386 Z0.5096
X12.6334 Y-1.0387 Z0.5026
X12.6353 Y-1.0386 Z0.4904
X12.636 Z0.486
X12.6419 Y-1.0387 Z0.4338
X12.6569 Z0.304
X12.6751 Y-1.0386 Z0.1495
X12.6756 Z0.1427
X12.6761 Z0.1333
X12.6774 Z0.0916
X12.6775 Y-1.0387 Z0.0908
X12.678 Z0.09
X12.6786 Z0.0892
X12.6796 Z0.0885
X12.6807 Z0.0879
X12.6819 Z0.0875
X12.6838 Z0.0871
X12.6857 Z0.0869
X12.6876 Y-1.0386 Z0.087
X12.6896 Z0.0872
X12.6921 Z0.0877
X12.6946 Z0.0883
X12.6995 Y-1.0385 Z0.0896
X12.7045 Y-1.0383 Z0.0907
X12.707 Z0.0911
X12.7096 Y-1.0382 Z0.0914
X12.7137 Y-1.0381 Z0.0916
X12.7175 Y-1.038 Z0.095
X12.7214 Y-1.0379 Z0.0974
X12.7291 Y-1.0374 Z0.1018
X12.7368 Y-1.0367 Z0.1044
X12.7445 Y-1.0361 Z0.1047
X12.7475 Y-1.0358 Z0.1045
X12.7522 Y-1.0354 Z0.1031
X12.7561 Y-1.0351 Z0.1015
X12.7599 Y-1.0346 Z0.0991
X12.7676 Y-1.0335 Z0.0916
X12.7753 Y-1.0323 Z0.0913
X12.783 Y-1.0312 Z0.0916
X12.7908 Y-1.03 Z0.0915
X12.8001 Y-1.0281 Z0.0913
X12.8062 Y-1.0269
X12.8139 Y-1.0253 Z0.0919
X12.8216 Y-1.0236 Z0.0917
X12.8293 Y-1.0216 Z0.0912
X12.834 Y-1.0204 Z0.0911
X12.837 Y-1.0196 Z0.0912
X12.8409 Y-1.0186 Z0.0921
X12.8447 Y-1.0175 Z0.0958
X12.8524 Y-1.0154 Z0.1005
X12.8563 Y-1.0142 Z0.1018
X12.8601 Y-1.0129 Z0.1024
X12.861 Y-1.0127 Z0.1025
X12.8678 Y-1.0104 Z0.1022
X12.8756 Y-1.0079 Z0.0997
X12.8833 Y-1.0053 Z0.0964
X12.8929 Y-1.0015 Z0.0915
X12.8987 Y-0.9993 Z0.0913
X12.9064 Y-0.9962 Z0.092
X12.9141 Y-0.9931 Z0.0926
X12.9219 Y-0.9895 Z0.0914
X12.9295 Y-0.986 Z0.0913
X12.9305 Y-0.9856 Z0.0915
X12.9314 Y-0.9851 Z0.0924
X12.9334 Y-0.9842 Z0.0957
X12.9372 Y-0.9824 Z0.1007
X12.9387 Y-0.9818 Z0.1019
X12.9449 Y-0.9787 Z0.1059
X12.9488 Y-0.9766 Z0.1074
X12.9526 Y-0.9746 Z0.1081
X12.9536 Y-0.9741
X12.9603 Y-0.9705 Z0.1075
X12.9642 Y-0.9684 Z0.1062
X12.9681 Y-0.9664 Z0.104
X12.9719 Y-0.9642 Z0.1011
X12.9791 Y-0.9598 Z0.0926
X12.981 Y-0.9586 Z0.0915
X12.9835 Y-0.9572 Z0.0912
X12.9873 Y-0.9548 Z0.0915
X12.9938 Y-0.9509 Z0.097
X12.9989 Y-0.9477 Z0.1011
X13.0054 Y-0.9432 Z0.1049
X13.0066 Y-0.9424 Z0.1053
X13.0143 Y-0.9371 Z0.1059
X13.0166 Y-0.9355 Z0.1057
X13.022 Y-0.9318 Z0.1036
X13.0244 Y-0.9301 Z0.1023
X13.0274 Y-0.9278 Z0.0997
X13.0297 Y-0.926 Z0.0969
X13.0333 Y-0.9232 Z0.0918
X13.0354 Y-0.9215 Z0.0912
X13.0473 Y-0.9123 Z0.0918
X13.0528 Y-0.9077 Z0.0915
X13.0564 Y-0.9046 Z0.0913
X13.0606 Y-0.901 Z0.0912
X13.0652 Y-0.8969 Z0.0914
X13.0683 Y-0.8943 Z0.0916
X13.074 Y-0.8892 Z0.0924
X13.076 Y-0.8873 Z0.0922
X13.0819 Y-0.8815 Z0.0913
X13.0837 Y-0.8798 Z0.0912
X13.0898 Y-0.8737 Z0.0914
X13.0914 Y-0.8722 Z0.0918
X13.0976 Y-0.866 Z0.0925
X13.0991 Y-0.8644 Z0.0923
X13.1047 Y-0.8583 Z0.0913
X13.1068 Y-0.856 Z0.0912
X13.1145 Y-0.8475 Z0.0916
X13.1187 Y-0.8429 Z0.0919
X13.125 Y-0.8352 Z0.0913
X13.1299 Y-0.8291 Z0.0912
X13.1313 Y-0.8274 Z0.0913
X13.1376 Y-0.8196 Z0.0925
X13.1433 Y-0.812 Z0.0918
X13.1454 Y-0.8091 Z0.0913
X13.1488 Y-0.8043 Z0.0912
X13.1531 Y-0.7984
X13.1597 Y-0.7889 Z0.0918
X13.1608 Y-0.7872 Z0.0919
X13.1646 Y-0.7811 Z0.0914
X13.1685 Y-0.7751 Z0.0912
X13.1696 Y-0.7734 Z0.0913
X13.1745 Y-0.7657 Z0.0925
X13.1762 Y-0.7629
X13.1833 Y-0.7503 Z0.0912
X13.1839 Y-0.7491
X13.186 Y-0.7453 Z0.0918
X13.1876 Y-0.7426 Z0.0939
X13.1918 Y-0.7348 Z0.1002
X13.1937 Y-0.731 Z0.1029
X13.1955 Y-0.7271 Z0.1048
X13.1974 Y-0.7233 Z0.1059
X13.1993 Y-0.7194 Z0.1063
X13.2031 Y-0.7117 Z0.1053
X13.2054 Y-0.7069 Z0.1034
X13.2066 Y-0.704 Z0.1016
X13.207 Y-0.703 Z0.1008
X13.2087 Y-0.699 Z0.0972
X13.2099 Y-0.6963 Z0.0937
X13.2105 Y-0.6948 Z0.0917
X13.2111 Y-0.6934 Z0.0912
X13.2131 Y-0.6885 Z0.0911
X13.2147 Y-0.6846 Z0.0913
X13.2163 Y-0.6808 Z0.0917
X13.2193 Y-0.6731 Z0.0924
X13.2224 Y-0.6642 Z0.0916
X13.2247 Y-0.6577 Z0.0913
X13.2254 Y-0.6557 Z0.0919
X13.2275 Y-0.65 Z0.0977
X13.2299 Y-0.6422 Z0.1019
X13.2301 Y-0.6414 Z0.1023
X13.2322 Y-0.6345 Z0.1043
X13.2344 Y-0.6268 Z0.1054
X13.2367 Y-0.6191 Z0.1041
X13.2379 Y-0.6146 Z0.1025
X13.2386 Y-0.6114 Z0.1006
X13.2393 Y-0.6085 Z0.0985
X13.2399 Y-0.6056 Z0.0955
X13.2407 Y-0.6022 Z0.0916
X13.2411 Y-0.6008 Z0.0913
X13.2417 Y-0.5979 Z0.0912
X13.2422 Y-0.5959
X13.244 Y-0.5882 Z0.0921
X13.2455 Y-0.5805 Z0.0929
X13.2456 Y-0.58
X13.2468 Y-0.5728 Z0.0919
X13.2481 Y-0.5651 Z0.0912
X13.2485 Y-0.5631
X13.2486 Y-0.5627
Y-0.5622 Z0.0949
X13.2488 Y-0.5616 Z0.1617
Y-0.5614 Z0.1671
Y-0.5612 Z0.1693
X13.249 Y-0.5602 Z0.1741
X13.2491 Y-0.5593 Z0.1773
X13.2495 Y-0.5574 Z0.1822
X13.2501 Y-0.5535 Z0.1878
X13.2504 Y-0.5496 Z0.1914
X13.2509 Y-0.5419 Z0.196
X13.2512 Y-0.5381 Z0.1971
X13.2516 Y-0.5342 Z0.1977
X13.2524 Y-0.5265 Z0.198
X13.2532 Y-0.5188
X13.2536 Y-0.511
X13.254 Y-0.5033 Z0.1982
X13.2546 Y-0.4956 Z0.1969
X13.255 Y-0.4918 Z0.1957
X13.2554 Y-0.4879 Z0.1935
X13.2556 Y-0.484 Z0.1907
X13.2557 Y-0.4802 Z0.1865
Y-0.4763 Z0.18
Y-0.4744 Z0.1734
Y-0.4742 Z0.1709
Y-0.4739 Z0.1652
Y-0.4733 Z0.0958
Y-0.4732 Z0.0913
Y-0.4725 Z0.0912
Y-0.4647 Z0.0915
Y-0.457 Z0.0921
X13.2553 Y-0.4493 Z0.0918
X13.2549 Y-0.4416 Z0.0912
X13.2544 Y-0.4339
X13.254 Y-0.4262 Z0.0924
X13.2537 Y-0.4225 Z0.093
X13.2532 Y-0.4184 Z0.0929
X13.2524 Y-0.4107 Z0.0917
X13.2515 Y-0.403 Z0.0911
X13.251 Y-0.3992 Z0.0917
X13.2506 Y-0.3953 Z0.0954
X13.2501 Y-0.3914 Z0.0988
X13.2495 Y-0.3876 Z0.101
X13.2481 Y-0.3799 Z0.1034
X13.2468 Y-0.3721 Z0.1036
X13.2456 Y-0.3649 Z0.1019
X13.2455 Y-0.3644 Z0.1017
X13.244 Y-0.3567 Z0.0977
X13.2422 Y-0.349 Z0.0936
X13.2408 Y-0.3432 Z0.0912
X13.2404 Y-0.3413 Z0.0911
X13.2379 Y-0.3303 Z0.0917
X13.2367 Y-0.3258 Z0.0916
X13.2322 Y-0.3104 Z0.0912
X13.2299 Y-0.3027 Z0.0918
X13.2275 Y-0.295 Z0.0926
X13.2224 Y-0.2807 Z0.0912
X13.222 Y-0.2795 Z0.0911
X13.2193 Y-0.2718 Z0.0913
X13.2164 Y-0.2641 Z0.0921
X13.2147 Y-0.2602 Z0.0924
X13.2131 Y-0.2564 Z0.092
X13.2099 Y-0.2487 Z0.0912
X13.2066 Y-0.241 Z0.0914
X13.2031 Y-0.2332 Z0.0916
X13.1956 Y-0.2178 Z0.0912
X13.1937 Y-0.2139 Z0.0918
X13.1918 Y-0.2101 Z0.0962
X13.1898 Y-0.2062 Z0.0997
X13.1876 Y-0.2024 Z0.1022
X13.1854 Y-0.1984 Z0.1038
X13.1839 Y-0.1958 Z0.1042
X13.1811 Y-0.1908 Z0.1046
X13.1789 Y-0.1869 Z0.1041
X13.1762 Y-0.182 Z0.1025
X13.1745 Y-0.1792 Z0.1008
X13.1685 Y-0.1697 Z0.0946
X13.1647 Y-0.1638 Z0.0913
X13.1634 Y-0.1617
X13.162 Y-0.1596 Z0.0916
X13.1614 Y-0.1587 Z0.092
X13.1608 Y-0.1577 Z0.094
X13.1597 Y-0.1561 Z0.0982
X13.1572 Y-0.1522 Z0.1044
X13.1544 Y-0.1483 Z0.1082
X13.1531 Y-0.1465 Z0.1098
X13.1489 Y-0.1406 Z0.1125
X13.1454 Y-0.1358 Z0.1134
X13.1433 Y-0.1329
X13.1402 Y-0.1286 Z0.1125
X13.1376 Y-0.1252 Z0.111
X13.134 Y-0.1209 Z0.1077
X13.1313 Y-0.1175 Z0.1041
X13.1299 Y-0.1158 Z0.1015
X13.1278 Y-0.1131 Z0.0956
X13.1266 Y-0.1117 Z0.0919
X13.125 Y-0.1098 Z0.0914
X13.1231 Y-0.1074 Z0.0916
X13.1229 Y-0.1071 Z0.0971
X13.1228 Y-0.107 Z0.1011
X13.1225 Y-0.1067 Z0.1488
X13.1224 Y-0.1066 Z0.1531
X13.1222 Y-0.1063 Z0.1551
X13.1215 Y-0.1054 Z0.16
X13.1203 Y-0.104 Z0.1641
X13.1187 Y-0.102 Z0.1683
X13.1145 Y-0.0974 Z0.1745
X13.1115 Y-0.0943 Z0.177
X13.1086 Y-0.0914 Z0.1789
X13.1068 Y-0.0895 Z0.1795
X13.1041 Y-0.0866 Z0.18
X13.0991 Y-0.0812 Z0.1804
X13.0969 Y-0.0789
X13.0914 Y-0.0733 Z0.1798
X13.0892 Y-0.0712 Z0.1793
X13.0813 Y-0.0635 Z0.1783
X13.076 Y-0.0582 Z0.1772
X13.0735 Y-0.0557 Z0.1762
X13.0683 Y-0.0508 Z0.172
X13.0653 Y-0.048 Z0.1687
X13.0625 Y-0.0456 Z0.1638
X13.0606 Y-0.0439 Z0.1587
X13.0596 Y-0.0431 Z0.1543
X13.0591 Y-0.0426 Z0.1475
X13.0587 Y-0.0423 Z0.0965
X13.0586 Y-0.0422 Z0.0917
X13.0565 Y-0.0403 Z0.0915
X13.0542 Y-0.0383 Z0.0917
X13.0528 Y-0.0372 Z0.0945
X13.05 Y-0.0347 Z0.101
X13.0474 Y-0.0326 Z0.1046
X13.0451 Y-0.0309 Z0.1068
X13.0413 Y-0.0279 Z0.1096
X13.0374 Y-0.0249 Z0.1113
X13.033 Y-0.0215 Z0.1122
X13.0297 Y-0.0189
X13.0275 Y-0.0172 Z0.1118
X13.022 Y-0.0131 Z0.1097
X13.0167 Y-0.0094 Z0.106
X13.0143 Y-0.0078 Z0.1035
X13.0105 Y-0.0051 Z0.0974
X13.0085 Y-0.0038 Z0.093
X13.0076 Y-0.0031 Z0.0914
X13.0055 Y-0.0017
X13.0017 Y0.0009 Z0.0918
X12.9989 Y0.0028 Z0.0977
X12.9938 Y0.006 Z0.1042
X12.9912 Y0.0076 Z0.1062
X12.9873 Y0.01 Z0.1086
X12.9835 Y0.0123 Z0.11
X12.9811 Y0.0137 Z0.1104
X12.9758 Y0.017 Z0.1105
X12.9719 Y0.0193 Z0.1099
X12.9681 Y0.0215 Z0.1084
X12.9603 Y0.0256 Z0.1037
X12.9537 Y0.0291 Z0.0983
X12.9526 Y0.0297 Z0.097
X12.9488 Y0.0317 Z0.0915
X12.9469 Y0.0328 Z0.0914
X12.942 Y0.0353 Z0.1009
X12.9388 Y0.0369 Z0.1049
X12.9372 Y0.0376 Z0.1063
X12.9334 Y0.0393 Z0.109
X12.9295 Y0.0411 Z0.1108
X12.9257 Y0.0429 Z0.1121
X12.9218 Y0.0447 Z0.1126
X12.9141 Y0.0482 Z0.1119
X12.9064 Y0.0514 Z0.1084
X12.904 Y0.0523 Z0.107
X12.8987 Y0.0544 Z0.1036
X12.8948 Y0.0559 Z0.1004
X12.891 Y0.0574 Z0.096
X12.8881 Y0.0585 Z0.0918
X12.8843 Y0.06 Z0.092
X12.8833 Y0.0604 Z0.0923
X12.8756 Y0.063 Z0.0936
X12.8678 Y0.0655 Z0.0928
X12.8601 Y0.0681 Z0.0916
X12.8572 Y0.069 Z0.0914
X12.8565 Y0.0692
X12.856 Y0.0694 Z0.1125
X12.8558 Y0.0695 Z0.1191
X12.8553 Y0.0696 Z0.1233
X12.8544 Y0.0699 Z0.1266
X12.8524 Y0.0705 Z0.1316
X12.8486 Y0.0716 Z0.1373
X12.8447 Y0.0727 Z0.1415
X12.837 Y0.0747 Z0.1465
X12.834 Y0.0754 Z0.1476
X12.8293 Y0.0766 Z0.1486
X12.8216 Y0.0786 Z0.1488
X12.8139 Y0.0803 Z0.1477
X12.8062 Y0.0819 Z0.1462
X12.8 Y0.0832 Z0.1456
X12.7985 Y0.0835
X12.7908 Y0.085 Z0.1452
X12.783 Y0.0863 Z0.1444
X12.7753 Y0.0874 Z0.1431
X12.7676 Y0.0885 Z0.1416
X12.7599 Y0.0896 Z0.1415
X12.7522 Y0.0905 Z0.1409
X12.7476 Y0.0909 Z0.1404
X12.7445 Y0.0911 Z0.14
X12.7368 Y0.0918 Z0.1385
X12.7329 Y0.0922 Z0.1379
X12.7291 Y0.0925 Z0.1382
X12.7214 Y0.093 Z0.1398
X12.7137 Y0.0932 Z0.141
X12.7098 Y0.0933 Z0.1406
X12.706 Y0.0934 Z0.1395
X12.6968 Y0.0937 Z0.1367
X12.6963 Z0.1381
X12.6958 Z0.1433
X12.6905 Z0.1883
X12.6631 Z0.4241
X12.6578 Z0.4719
X12.6549 Z0.4941
X12.6525 Z0.5109
X12.6522 Z0.5141
X12.6517 Y0.0936 Z0.5294
X12.6516 Y0.0933 Z0.5349
Y0.0929 Z0.5384
Y0.0919 Z0.5447
X12.6515 Y0.0909 Z0.5493
X12.6514 Y0.089 Z0.5558
Y0.0872 Z0.5609
X12.6513 Y0.0832 Z0.5698
X12.6512 Y0.0793 Z0.5765
X12.6511 Y0.0754 Z0.5822
X12.651 Y0.0731 Z0.5853
X12.6505 Y0.0677 Z0.5914
X12.6496 Y0.06 Z0.5992
X12.6493 Y0.0523 Z0.6069
X12.6489 Y0.0369 Z0.6223
X12.649 Y-0.0017 Z0.6608
X12.6495 Y-0.0059 Z0.665
X12.655 Y-0.0094 Z0.6683
X12.6597 Y-0.0121 Z0.6707
X12.6636 Y-0.0128 Z0.6713
X12.6674 Y-0.0131 Z0.6714
X12.6751 Y-0.0137
X12.6828 Y-0.0145
X12.6905 Y-0.0153 Z0.6715
X12.706 Y-0.0175 Z0.6716
X12.7137 Y-0.0186
X12.7214 Y-0.02
X12.7291 Y-0.0216 Z0.6717
X12.7368 Y-0.0233 Z0.6719
X12.7522 Y-0.0271 Z0.672
X12.7599 Y-0.0292 Z0.6721
X12.7753 Y-0.0339 Z0.6722
X12.783 Y-0.0364 Z0.6723
X12.794 Y-0.0403 Z0.6724
X12.7985 Y-0.0419 Z0.6725
X12.8141 Y-0.048 Z0.6724
X12.8216 Y-0.0512 Z0.6725
X12.837 Y-0.0581 Z0.6724
X12.8447 Y-0.0619 Z0.6725
X12.8524 Y-0.066
X12.8617 Y-0.0712 Z0.6728
X12.8756 Y-0.0793 Z0.6729
X12.8833 Y-0.0842 Z0.673
X12.891 Y-0.0892
X12.8987 Y-0.0943 Z0.6732
X12.9095 Y-0.102
X12.9141 Y-0.1054
X12.9218 Y-0.1115 Z0.6734
X12.9295 Y-0.1176
X12.9386 Y-0.1252
X12.9474 Y-0.1329
X12.9526 Y-0.1378 Z0.6736
X12.9633 Y-0.1483 Z0.6737
X12.9681 Y-0.1531 Z0.6738
X12.9778 Y-0.1638 Z0.6739
X12.9848 Y-0.1715 Z0.674
X12.9913 Y-0.1792
X12.9976 Y-0.1869 Z0.6741
X13.0066 Y-0.1985 Z0.674
X13.0095 Y-0.2024 Z0.6741
X13.0203 Y-0.2178 Z0.674
X13.022 Y-0.2203 Z0.6741
X13.0253 Y-0.2255 Z0.6742
X13.0346 Y-0.241 Z0.6744
X13.0391 Y-0.2487 Z0.6743
X13.0451 Y-0.2599 Z0.6744
X13.0473 Y-0.2641
X13.0547 Y-0.2795 Z0.6746
X13.0582 Y-0.2873
X13.0615 Y-0.295
X13.0648 Y-0.3027
X13.0683 Y-0.3115 Z0.6745
X13.0707 Y-0.3181 Z0.6747
X13.076 Y-0.3336 Z0.6746
X13.0784 Y-0.3413 Z0.6747
X13.0806 Y-0.349 Z0.6746
X13.0837 Y-0.3602
X13.0847 Y-0.3644
X13.0864 Y-0.3721
X13.088 Y-0.3799 Z0.6748
X13.0895 Y-0.3876
X13.0909 Y-0.3953
X13.0921 Y-0.403
X13.0933 Y-0.4107
X13.0943 Y-0.4184 Z0.6747
X13.0952 Y-0.4262 Z0.6748
X13.0964 Y-0.4416
X13.097 Y-0.4493
X13.0973 Y-0.457 Z0.6747
X13.0976 Y-0.4647
Y-0.4725 Z0.6748
X13.0973 Y-0.4879
X13.0969 Y-0.4956 Z0.6749
X13.0958 Y-0.511
X13.0951 Y-0.5188 Z0.6748
X13.0943 Y-0.5265
X13.0933 Y-0.5342
X13.0921 Y-0.5419 Z0.6749
X13.0895 Y-0.5574 Z0.6748
X13.088 Y-0.5651
X13.0846 Y-0.5805 Z0.6747
X13.0837 Y-0.5845 Z0.6746
X13.0805 Y-0.5959
X13.0783 Y-0.6037 Z0.6747
X13.076 Y-0.6114 Z0.6746
X13.0706 Y-0.6268 Z0.6747
X13.0678 Y-0.6345 Z0.6746
X13.0648 Y-0.6422
X13.0606 Y-0.6524 Z0.6745
X13.0583 Y-0.6577
X13.0548 Y-0.6654
X13.0511 Y-0.6731 Z0.6744
X13.0451 Y-0.6848 Z0.6745
X13.0391 Y-0.6963 Z0.6743
X13.0346 Y-0.704 Z0.6744
X13.0252 Y-0.7194 Z0.6742
X13.022 Y-0.7245 Z0.6741
X13.0203 Y-0.7271
X13.0094 Y-0.7426
X13.0036 Y-0.7503
X12.9976 Y-0.758 Z0.674
X12.9912 Y-0.7659 Z0.6739
X12.9835 Y-0.7748 Z0.674
X12.9758 Y-0.7834 Z0.6739
X12.9681 Y-0.7919 Z0.6737
X12.9634 Y-0.7966 Z0.6736
X12.9526 Y-0.8071 Z0.6735
X12.9474 Y-0.812 Z0.6734
X12.9372 Y-0.8208 Z0.6735
X12.9293 Y-0.8274 Z0.6734
X12.9196 Y-0.8352 Z0.6733
X12.9141 Y-0.8395 Z0.6732
X12.9064 Y-0.845
X12.8986 Y-0.8506
X12.8833 Y-0.8607 Z0.6731
X12.8756 Y-0.8656 Z0.6729
X12.8615 Y-0.8737
X12.8447 Y-0.8828 Z0.6726
X12.837 Y-0.8867 Z0.6725
X12.8216 Y-0.8937
X12.8139 Y-0.897 Z0.6724
X12.7985 Y-0.903 Z0.6725
X12.7908 Y-0.9058 Z0.6724
X12.783 Y-0.9084
X12.7753 Y-0.911 Z0.6723
X12.7676 Y-0.9134 Z0.6721
X12.7599 Y-0.9156
X12.7522 Y-0.9177 Z0.672
X12.7432 Y-0.9201 Z0.6719
X12.7368 Y-0.9216
X12.7214 Y-0.9249 Z0.6716
X12.7137 Y-0.9263
X12.7039 Y-0.9278 Z0.6715
X12.6905 Y-0.9296
X12.6828 Y-0.9304 Z0.6714
X12.6751 Y-0.9312
X12.6674 Y-0.9318
X12.6636 Y-0.9321 Z0.6713
X12.6597 Y-0.9328 Z0.6707
X12.6548 Y-0.9355 Z0.6683
X12.6493 Y-0.939 Z0.665
X12.6488 Y-0.9432 Z0.6608
X12.6486 Y-0.9586 Z0.6454
X12.6492 Y-0.9972 Z0.6069
X12.6494 Y-1.0049 Z0.5991
X12.6505 Y-1.0127 Z0.5914
X12.651 Y-1.018 Z0.5853
X12.6511 Y-1.0204 Z0.5821
X12.6512 Y-1.0242 Z0.5764
X12.6513 Y-1.0281 Z0.5697
X12.6514 Y-1.0321 Z0.5608
X12.6515 Y-1.034 Z0.5556
X12.6516 Y-1.0358 Z0.5491
Y-1.0366 Z0.5456
Y-1.0374 Z0.5412
Y-1.0378 Z0.5382
X12.6517 Y-1.0382 Z0.5347
X12.6518 Y-1.0384 Z0.5306
X12.652 Y-1.0385 Z0.5218
X12.6522 Y-1.0386 Z0.5148
X12.6525 Z0.5105
X12.6549 Y-1.0385 Z0.4947
X12.6559 Z0.488
X12.6626 Z0.4288
X12.6785 Z0.292
X12.6949 Z0.1528
X12.6956 Y-1.0386 Z0.1433
X12.6961 Z0.1338
X12.6973 Z0.094
X12.6978 Y-1.0385 Z0.0912
X12.706 Y-1.0383
X12.7096 Y-1.0382 Z0.0914
X12.7147 Y-1.0381 Z0.0919
X12.7198 Y-1.0379 Z0.0928
X12.7248 Y-1.0377 Z0.0939
X12.7297 Y-1.0373 Z0.0953
X12.7347 Y-1.037 Z0.0969
X12.7395 Y-1.0366 Z0.0986
X12.7541 Y-1.0352 Z0.1039
X12.7589 Y-1.0347 Z0.1057
X12.7638 Y-1.034 Z0.1072
X12.7687 Y-1.0333 Z0.1087
X12.7736 Y-1.0326 Z0.1098
X12.7786 Y-1.0319 Z0.1108
X12.7836 Y-1.0311 Z0.1113
X12.7887 Y-1.0303 Z0.1115
X12.7908 Y-1.03
X12.8001 Y-1.0281 Z0.1113
X12.8062 Y-1.0269
X12.8139 Y-1.0253 Z0.1119
X12.8216 Y-1.0236 Z0.1118
X12.8293 Y-1.0216 Z0.1113
X12.8315 Y-1.021 Z0.1112
X12.834 Y-1.0204 Z0.1124
X12.837 Y-1.0196 Z0.1143
X12.8447 Y-1.0175 Z0.1188
X12.8524 Y-1.0154 Z0.1214
X12.8601 Y-1.0129 Z0.1224
X12.861 Y-1.0127 Z0.1225
X12.8678 Y-1.0104 Z0.1222
X12.8717 Y-1.0091 Z0.1218
X12.8756 Y-1.0079 Z0.1206
X12.8833 Y-1.0053 Z0.118
X12.891 Y-1.0023 Z0.1146
X12.8967 Y-1. Z0.1117
X12.8987 Y-0.9993 Z0.1114
X12.9064 Y-0.9962 Z0.1121
X12.9141 Y-0.9931 Z0.1126
X12.9218 Y-0.9895 Z0.1116
X12.9257 Y-0.9878 Z0.1161
X12.9295 Y-0.986 Z0.1192
X12.9372 Y-0.9824 Z0.1239
X12.9387 Y-0.9818 Z0.1246
X12.9449 Y-0.9787 Z0.1269
X12.9526 Y-0.9746 Z0.1281
X12.9536 Y-0.9741
X12.9603 Y-0.9705 Z0.1276
X12.9642 Y-0.9684 Z0.1271
X12.9681 Y-0.9664 Z0.1257
X12.9758 Y-0.9619 Z0.1219
X12.981 Y-0.9586 Z0.118
X12.9835 Y-0.9572 Z0.1158
X12.9849 Y-0.9563 Z0.1142
X12.9873 Y-0.9548 Z0.1161
X12.9912 Y-0.9525 Z0.119
X12.9989 Y-0.9477 Z0.1233
X13.0054 Y-0.9432 Z0.1253
X13.0143 Y-0.9371 Z0.1259
X13.0166 Y-0.9355 Z0.1257
X13.022 Y-0.9318 Z0.1246
X13.0274 Y-0.9278 Z0.1225
X13.0297 Y-0.926 Z0.1212
X13.0333 Y-0.9232 Z0.1188
X13.0374 Y-0.92 Z0.1151
X13.0413 Y-0.917 Z0.1115
X13.0473 Y-0.9123 Z0.1118
X13.0528 Y-0.9077 Z0.1115
X13.0564 Y-0.9046 Z0.1113
X13.0606 Y-0.901 Z0.1112
X13.0652 Y-0.8969 Z0.1114
X13.074 Y-0.8892 Z0.1124
X13.076 Y-0.8873 Z0.1122
X13.0819 Y-0.8815 Z0.1114
X13.0837 Y-0.8798 Z0.1112
X13.0898 Y-0.8737 Z0.1117
X13.0976 Y-0.866 Z0.1125
X13.0991 Y-0.8644 Z0.1124
X13.1047 Y-0.8583 Z0.1115
X13.1068 Y-0.856 Z0.1112
X13.1145 Y-0.8475 Z0.1116
X13.1187 Y-0.8429 Z0.1119
X13.125 Y-0.8352 Z0.1114
X13.1299 Y-0.8291 Z0.1113
X13.1376 Y-0.8196 Z0.1125
X13.1433 Y-0.812 Z0.1119
X13.1454 Y-0.8091 Z0.1115
X13.1488 Y-0.8043 Z0.1112
X13.1531 Y-0.7984
X13.1597 Y-0.7889 Z0.1118
X13.1608 Y-0.7872 Z0.1119
X13.1646 Y-0.7811 Z0.1114
X13.1685 Y-0.7751 Z0.1112
X13.1745 Y-0.7657 Z0.1125
X13.1762 Y-0.7629
X13.1827 Y-0.7512 Z0.1114
X13.1839 Y-0.7491 Z0.1131
X13.1876 Y-0.7426 Z0.1183
X13.1918 Y-0.7348 Z0.1228
X13.1955 Y-0.7271 Z0.1254
X13.1993 Y-0.7194 Z0.1263
X13.2031 Y-0.7117 Z0.1255
X13.2054 Y-0.7069 Z0.1246
X13.207 Y-0.703 Z0.1231
X13.2099 Y-0.6963 Z0.1199
X13.2131 Y-0.6885 Z0.1138
X13.2143 Y-0.6856 Z0.1112
X13.2163 Y-0.6808 Z0.1117
X13.2193 Y-0.6731 Z0.1124
X13.2224 Y-0.6642 Z0.1116
X13.2247 Y-0.6577 Z0.116
X13.2275 Y-0.65 Z0.1202
X13.2301 Y-0.6414 Z0.1231
X13.2322 Y-0.6345 Z0.1245
X13.2344 Y-0.6268 Z0.1254
X13.2367 Y-0.6191 Z0.1243
X13.2379 Y-0.6146 Z0.1235
X13.2386 Y-0.6114 Z0.1225
X13.2404 Y-0.6037 Z0.1191
X13.2422 Y-0.5959 Z0.1138
X13.2429 Y-0.593 Z0.1116
X13.2448 Y-0.5844 Z0.1126
X13.2452 Y-0.5819 Z0.1128
X13.2453 Y-0.5817 Z0.115
X13.2454 Y-0.5813 Z0.1611
Y-0.5812 Z0.1643
Y-0.581 Z0.1698
X13.2455 Y-0.5805 Z0.1734
X13.2456 Y-0.58 Z0.1759
X13.2458 Y-0.5789 Z0.1807
X13.246 Y-0.5777 Z0.1844
X13.2462 Y-0.5755 Z0.19
X13.2463 Y-0.5728 Z0.1946
Y-0.5689 Z0.2
X13.2466 Y-0.5651 Z0.2039
X13.2468 Y-0.5612 Z0.2074
X13.2472 Y-0.5574 Z0.2098
X13.2479 Y-0.5496 Z0.2142
X13.2485 Y-0.5419 Z0.2166
X13.2492 Y-0.5342 Z0.2176
X13.2501 Y-0.5265 Z0.2179
X13.2509 Y-0.5188
X13.2513 Y-0.511
X13.2517 Y-0.5033 Z0.2181
X13.2523 Y-0.4956 Z0.2171
X13.2529 Y-0.4879 Z0.2153
X13.2533 Y-0.4802 Z0.212
X13.2539 Y-0.4725 Z0.2069
X13.2543 Y-0.4686 Z0.2034
X13.2548 Y-0.4647 Z0.1992
X13.2554 Y-0.4609 Z0.1932
X13.2556 Y-0.459 Z0.1899
X13.2557 Y-0.457 Z0.1853
X13.2556 Y-0.4551 Z0.1787
Y-0.4541 Z0.171
Y-0.4539 Z0.1633
X13.2555 Y-0.4534 Z0.112
X13.2553 Y-0.4493 Z0.1118
X13.2549 Y-0.4416 Z0.1113
X13.2544 Y-0.4339 Z0.1114
X13.254 Y-0.4262 Z0.1126
X13.2532 Y-0.4184 Z0.1129
X13.2524 Y-0.4107 Z0.112
X13.2519 Y-0.4069 Z0.1118
X13.2515 Y-0.403 Z0.115
X13.2506 Y-0.3953 Z0.1194
X13.2495 Y-0.3876 Z0.1219
X13.2488 Y-0.3837 Z0.123
X13.2481 Y-0.3799 Z0.1234
X13.2468 Y-0.3721 Z0.1236
X13.2455 Y-0.3644 Z0.1223
X13.244 Y-0.3567 Z0.1201
X13.2422 Y-0.349 Z0.1161
X13.2404 Y-0.3413 Z0.112
X13.2397 Y-0.3384 Z0.1113
X13.2379 Y-0.3303 Z0.1117
X13.2367 Y-0.3258 Z0.1116
X13.2322 Y-0.3104 Z0.1113
X13.2299 Y-0.3027 Z0.1119
X13.2275 Y-0.295 Z0.1126
X13.222 Y-0.2795 Z0.1111
X13.2193 Y-0.2718 Z0.1114
X13.2164 Y-0.2641 Z0.1121
X13.2147 Y-0.2602 Z0.1124
X13.2131 Y-0.2564 Z0.1121
X13.2099 Y-0.2487 Z0.1113
X13.2066 Y-0.241 Z0.1114
X13.2031 Y-0.2332 Z0.1116
X13.1993 Y-0.2255 Z0.1114
X13.1974 Y-0.2217 Z0.1115
X13.1956 Y-0.2178 Z0.115
X13.1918 Y-0.2101 Z0.1202
X13.1916 Y-0.2097 Z0.1204
X13.1876 Y-0.2024 Z0.1232
X13.1839 Y-0.1958 Z0.1243
X13.1833 Y-0.1946 Z0.1244
X13.1789 Y-0.1869 Z0.1243
X13.1762 Y-0.182 Z0.1233
X13.1745 Y-0.1792 Z0.1223
X13.1721 Y-0.1754 Z0.1209
X13.1696 Y-0.1715 Z0.1186
X13.1665 Y-0.1667 Z0.1154
X13.1659 Y-0.1657 Z0.1163
X13.1647 Y-0.1638 Z0.1189
X13.1608 Y-0.1577 Z0.1247
X13.1597 Y-0.1561 Z0.126
X13.1572 Y-0.1522 Z0.1285
X13.1531 Y-0.1465 Z0.1312
X13.1489 Y-0.1406 Z0.1327
X13.1454 Y-0.1358 Z0.1334
X13.1433 Y-0.1329
X13.1376 Y-0.1252 Z0.132
X13.1364 Y-0.1237 Z0.1315
X13.1355 Y-0.1227 Z0.131
X13.1352 Y-0.1223 Z0.1352
X13.1351 Y-0.1222 Z0.1475
Y-0.1221 Z0.1521
X13.1349 Y-0.1219 Z0.1559
X13.1346 Y-0.1216 Z0.1588
X13.134 Y-0.1209 Z0.1628
X13.1329 Y-0.1194 Z0.1687
X13.1313 Y-0.1175 Z0.174
X13.1299 Y-0.1159 Z0.1774
X13.1272 Y-0.1131 Z0.1826
X13.1222 Y-0.1081 Z0.1895
X13.1166 Y-0.102 Z0.1947
X13.1145 Y-0.0999 Z0.1961
X13.1091 Y-0.0943 Z0.1988
X13.1068 Y-0.092 Z0.1994
X13.1018 Y-0.0866 Z0.2
X13.0991 Y-0.0837 Z0.2002
X13.0946 Y-0.0789 Z0.2003
X13.0914 Y-0.0756 Z0.1999
X13.0837 Y-0.068 Z0.1988
X13.079 Y-0.0635 Z0.1982
X13.076 Y-0.0605 Z0.1976
X13.0712 Y-0.0557 Z0.1965
X13.0683 Y-0.053 Z0.1953
X13.0629 Y-0.048 Z0.1917
X13.0606 Y-0.0459 Z0.1898
X13.0548 Y-0.0403 Z0.1839
X13.0528 Y-0.0383 Z0.181
X13.0501 Y-0.0355 Z0.1759
X13.0473 Y-0.0326 Z0.1685
X13.0451 Y-0.0309 Z0.161
X13.0442 Y-0.0301 Z0.1541
X13.0438 Y-0.0298 Z0.1493
X13.0437 Z0.1422
X13.0436 Y-0.0297 Z0.132
Y-0.0296 Z0.1298
X13.0413 Y-0.0279 Z0.1307
X13.0374 Y-0.0249 Z0.1316
X13.0297 Y-0.0189 Z0.1322
X13.0275 Y-0.0172 Z0.132
X13.022 Y-0.0131 Z0.1307
X13.0167 Y-0.0094 Z0.1287
X13.0143 Y-0.0078 Z0.1274
X13.0066 Y-0.0025 Z0.1218
X13.0045 Y-0.001 Z0.1196
X13.0031 Y-0.0001 Z0.1209
X12.9989 Y0.0028 Z0.124
X12.9938 Y0.006 Z0.1271
X12.9912 Y0.0076 Z0.1281
X12.9835 Y0.0123 Z0.1302
X12.9811 Y0.0137 Z0.1304
X12.9758 Y0.017 Z0.1305
X12.9681 Y0.0215 Z0.1294
X12.9603 Y0.0256 Z0.1264
X12.9526 Y0.0297 Z0.1218
X12.9507 Y0.0307 Z0.1205
X12.9488 Y0.0317 Z0.1215
X12.9449 Y0.0338 Z0.1245
X12.9388 Y0.0369 Z0.1282
X12.9372 Y0.0376 Z0.1289
X12.9295 Y0.0411 Z0.1317
X12.9218 Y0.0447 Z0.1326
X12.9141 Y0.0482 Z0.1319
X12.9102 Y0.0498 Z0.1314
X12.9064 Y0.0514 Z0.1301
X12.8987 Y0.0544 Z0.1266
X12.891 Y0.0574 Z0.122
X12.8833 Y0.0604 Z0.1161
X12.8794 Y0.0618 Z0.1132
X12.8756 Y0.063 Z0.1136
X12.8751 Y0.0632
X12.8748 Z0.1187
X12.8746 Y0.0633 Z0.1222
X12.8736 Y0.0636 Z0.1287
X12.8717 Y0.0643 Z0.1348
X12.8698 Y0.0649 Z0.1397
X12.8678 Y0.0655 Z0.1433
X12.864 Y0.0668 Z0.149
X12.8601 Y0.0679 Z0.1535
X12.856 Y0.069 Z0.1576
X12.8524 Y0.0701 Z0.16
X12.8447 Y0.0721 Z0.1648
X12.837 Y0.0741 Z0.1673
X12.8315 Y0.0754 Z0.1684
X12.8293 Y0.076 Z0.1686
X12.8216 Y0.078 Z0.1688
X12.8139 Y0.0798 Z0.1679
X12.8062 Y0.0814 Z0.1666
X12.7985 Y0.083 Z0.1656
X12.7908 Y0.0846 Z0.1653
X12.783 Y0.0859 Z0.1645
X12.7753 Y0.0871 Z0.1634
X12.7676 Y0.0882 Z0.162
X12.7599 Y0.0893 Z0.1615
X12.7522 Y0.0903 Z0.1609
X12.7445 Y0.0909 Z0.1602
X12.7368 Y0.0916 Z0.1589
X12.7329 Y0.092 Z0.1581
X12.7291 Y0.0923 Z0.1586
X12.7214 Y0.0929 Z0.16
X12.7156 Y0.093 Z0.1609
X12.7142 Y0.0931 Z0.161
X12.7137 Z0.1625
X12.6828 Z0.4274
X12.6775 Z0.475
X12.6741 Z0.5012
X12.6723 Z0.5141
X12.6719 Z0.5228
X12.6718 Z0.528
X12.6716 Y0.0929 Z0.5332
Y0.0924 Z0.5382
Y0.0916 Z0.5431
X12.6715 Y0.0909 Z0.5469
Y0.09 Z0.5507
X12.6714 Y0.0872 Z0.5595
X12.6713 Y0.0832 Z0.5686
X12.6712 Y0.0793 Z0.5756
X12.6711 Y0.0754 Z0.5814
X12.671 Y0.073 Z0.5846
X12.6706 Y0.0677 Z0.5908
X12.6697 Y0.06 Z0.5986
X12.6693 Y0.0523 Z0.6064
X12.6689 Y0.0369 Z0.6217
X12.669 Y0.0015 Z0.6567
X12.6695 Y0.001 Z0.6573
X12.6751 Y0.0005
X12.6828 Y-0.0001 Z0.6574
X12.6905 Y-0.001
X12.6983 Y-0.0019 Z0.6575
X12.7137 Y-0.0041 Z0.6576
X12.7214 Y-0.0055
X12.7291 Y-0.007 Z0.6577
X12.7403 Y-0.0094 Z0.6579
X12.7445 Y-0.0104 Z0.658
X12.7522 Y-0.0123
X12.7599 Y-0.0143 Z0.6581
X12.7698 Y-0.0172 Z0.6583
X12.7753 Y-0.0188
X12.783 Y-0.0212 Z0.6584
X12.7908 Y-0.0238 Z0.6585
X12.8062 Y-0.0294 Z0.6587
X12.8144 Y-0.0326 Z0.6586
X12.8216 Y-0.0355
X12.8328 Y-0.0403 Z0.6587
X12.837 Y-0.0422
X12.8447 Y-0.0458
X12.8524 Y-0.0496
X12.8601 Y-0.0537 Z0.6588
X12.8678 Y-0.0579 Z0.659
X12.8774 Y-0.0635 Z0.6592
X12.8833 Y-0.0669
X12.891 Y-0.0718 Z0.6593
X12.8987 Y-0.0767 Z0.6594
X12.9064 Y-0.0819 Z0.6595
X12.9141 Y-0.0873
X12.9218 Y-0.0929 Z0.6596
X12.9335 Y-0.102 Z0.6598
X12.9449 Y-0.1113
X12.9526 Y-0.1179
X12.9607 Y-0.1252 Z0.6599
X12.9687 Y-0.1329 Z0.6601
X12.9764 Y-0.1406 Z0.6602
X12.9837 Y-0.1483 Z0.6603
X12.9912 Y-0.1565 Z0.6604
X12.9989 Y-0.1653 Z0.6605
X13.0041 Y-0.1715 Z0.6606
X13.0103 Y-0.1792
X13.0164 Y-0.1869
X13.0221 Y-0.1946
X13.033 Y-0.2101
X13.0379 Y-0.2178 Z0.6607
X13.0426 Y-0.2255 Z0.6609
X13.0472 Y-0.2332
X13.0518 Y-0.241
X13.056 Y-0.2487 Z0.661
X13.0606 Y-0.2574
X13.0638 Y-0.2641 Z0.6611
X13.0683 Y-0.2734 Z0.6612
X13.0711 Y-0.2795
X13.0777 Y-0.295 Z0.6613
X13.0808 Y-0.3027 Z0.6612
X13.0837 Y-0.3104 Z0.6613
X13.0865 Y-0.3181
X13.0891 Y-0.3258
X13.0916 Y-0.3336
X13.0939 Y-0.3413
X13.0961 Y-0.349
X13.0982 Y-0.3567
X13.1 Y-0.3644
X13.1017 Y-0.3721 Z0.6614
X13.1047 Y-0.3876 Z0.6615
X13.106 Y-0.3953
X13.1072 Y-0.403 Z0.6616
X13.1084 Y-0.4107 Z0.6615
X13.1094 Y-0.4184
X13.1102 Y-0.4262
X13.1108 Y-0.4339 Z0.6616
X13.1114 Y-0.4416
X13.1119 Y-0.4493 Z0.6615
X13.1123 Y-0.457 Z0.6614
X13.1125 Y-0.4647
Y-0.4725 Z0.6615
X13.1122 Y-0.4879
X13.1118 Y-0.4956 Z0.6616
X13.1113 Y-0.5033
X13.1101 Y-0.5188
X13.1093 Y-0.5265 Z0.6615
X13.1084 Y-0.5342
X13.1068 Y-0.5446 Z0.6616
X13.1047 Y-0.5574 Z0.6615
X13.1032 Y-0.5651
X13.1016 Y-0.5728 Z0.6614
X13.0981 Y-0.5882 Z0.6613
X13.096 Y-0.5959
X13.0939 Y-0.6037 Z0.6614
X13.0914 Y-0.6119 Z0.6613
X13.0891 Y-0.6191
X13.0864 Y-0.6268
X13.0837 Y-0.6345
X13.0808 Y-0.6422
X13.076 Y-0.6541 Z0.6612
X13.0745 Y-0.6577
X13.0712 Y-0.6654 Z0.6611
X13.0676 Y-0.6731
X13.0639 Y-0.6808
X13.0599 Y-0.6885
X13.0559 Y-0.6963
X13.0518 Y-0.704 Z0.6609
X13.0472 Y-0.7117 Z0.661
X13.0426 Y-0.7194 Z0.6609
X13.0374 Y-0.7279 Z0.6607
X13.033 Y-0.7348 Z0.6606
X13.0276 Y-0.7426 Z0.6607
X13.022 Y-0.7503
X13.0143 Y-0.7606 Z0.6606
X13.0066 Y-0.7704 Z0.6605
X13.0041 Y-0.7734
X12.9976 Y-0.7811
X12.9907 Y-0.7889
X12.9835 Y-0.7968 Z0.6603
X12.9758 Y-0.805 Z0.6601
X12.9681 Y-0.8126
X12.9603 Y-0.82 Z0.6599
X12.952 Y-0.8274
X12.9429 Y-0.8352
X12.9372 Y-0.8399 Z0.6598
X12.9295 Y-0.846 Z0.6597
X12.9218 Y-0.8519 Z0.6596
X12.913 Y-0.8583
X12.9064 Y-0.8629 Z0.6595
X12.8987 Y-0.868
X12.8899 Y-0.8737 Z0.6594
X12.8833 Y-0.8779 Z0.6592
X12.8756 Y-0.8825
X12.8635 Y-0.8892 Z0.6591
X12.8524 Y-0.8951 Z0.6589
X12.8447 Y-0.899 Z0.6588
X12.837 Y-0.9026 Z0.6587
X12.8293 Y-0.9061
X12.8216 Y-0.9094 Z0.6586
X12.8139 Y-0.9125
X12.8062 Y-0.9155
X12.7985 Y-0.9183
X12.7908 Y-0.921 Z0.6585
X12.783 Y-0.9236 Z0.6584
X12.7753 Y-0.9261 Z0.6583
X12.7676 Y-0.9284 Z0.6582
X12.7599 Y-0.9305
X12.7445 Y-0.9345 Z0.6579
X12.7291 Y-0.9379 Z0.6577
X12.7214 Y-0.9394 Z0.6576
X12.7137 Y-0.9407
X12.706 Y-0.9419 Z0.6575
X12.696 Y-0.9432
X12.6905 Y-0.9439
X12.6828 Y-0.9447 Z0.6573
X12.6751 Y-0.9454
X12.6693 Y-0.9459
X12.6688 Y-0.9471 Z0.6561
X12.6686 Y-0.9586 Z0.6446
X12.6692 Y-0.9972 Z0.6063
X12.6696 Y-1.0049 Z0.5986
X12.6701 Y-1.0088 Z0.5947
X12.6706 Y-1.0127 Z0.5908
X12.671 Y-1.0179 Z0.5846
X12.6711 Y-1.0204 Z0.5813
X12.6712 Y-1.0242 Z0.5755
X12.6713 Y-1.0281 Z0.5686
Y-1.0303 Z0.5639
X12.6715 Y-1.0339 Z0.5538
X12.6716 Y-1.0358 Z0.5467
Y-1.0364 Z0.5437
Y-1.0373 Z0.5378
X12.6717 Y-1.0376 Z0.5347
X12.6719 Y-1.0379 Z0.5279
X12.6722 Y-1.038 Z0.517
X12.6725 Z0.5119
X12.6751 Z0.4944
X12.6948 Z0.3252
X12.7146 Z0.156
X12.7151 Z0.1506
X12.7156 Z0.1438
X12.7161 Z0.134
X12.7166 Z0.1181
X12.7175 Z0.1182
X12.7214 Y-1.0379 Z0.1203
X12.7291 Y-1.0374 Z0.1229
X12.7329 Y-1.0371 Z0.1241
X12.7368 Y-1.0367 Z0.1244
X12.7445 Y-1.0361 Z0.1247
X12.7475 Y-1.0358 Z0.1245
X12.7522 Y-1.0354 Z0.1239
X12.7599 Y-1.0346 Z0.1216
X12.7676 Y-1.0335 Z0.1178
X12.7715 Y-1.0329 Z0.1153
X12.7753 Y-1.0323 Z0.1118
X12.783 Y-1.0312 Z0.1116
X12.7887 Y-1.0303 Z0.1115
X12.7923 Y-1.0298 Z0.1117
X12.7941 Y-1.0294 Z0.112
X12.7959 Y-1.0291 Z0.1124
X12.7993 Y-1.0285 Z0.1135
X12.8027 Y-1.0278 Z0.1149
X12.8092 Y-1.0265 Z0.1184
X12.8123 Y-1.0258 Z0.1205
X12.8153 Y-1.0251 Z0.1226
X12.8215 Y-1.0237 Z0.1271
X12.8277 Y-1.022 Z0.1316
X12.8341 Y-1.0204 Z0.1355
X12.8374 Y-1.0195 Z0.1372
X12.8409 Y-1.0185 Z0.1385
X12.8447 Y-1.0175 Z0.1399
X12.8524 Y-1.0154 Z0.1416
X12.8601 Y-1.0129 Z0.1424
X12.8678 Y-1.0104 Z0.1422
X12.8756 Y-1.0079 Z0.1414
X12.8842 Y-1.0049 Z0.1387
X12.891 Y-1.0023 Z0.1362
X12.8987 Y-0.9993 Z0.1328
X12.9019 Y-0.998 Z0.1318
X12.9064 Y-0.9962 Z0.1321
X12.9141 Y-0.9931 Z0.1326
X12.9295 Y-0.986 Z0.142
X12.9372 Y-0.9824 Z0.1451
X12.9387 Y-0.9818 Z0.1457
X12.9449 Y-0.9787 Z0.1471
X12.9526 Y-0.9746 Z0.1481
X12.9536 Y-0.9741
X12.9603 Y-0.9705 Z0.1476
X12.9681 Y-0.9664 Z0.1466
X12.9758 Y-0.9619 Z0.1437
X12.981 Y-0.9586 Z0.141
X12.9835 Y-0.9572 Z0.1398
X12.9854 Y-0.956 Z0.1385
X12.9873 Y-0.9548 Z0.139
X12.9912 Y-0.9525 Z0.1411
X12.9938 Y-0.9509 Z0.1424
X12.9989 Y-0.9477 Z0.1439
X13.0054 Y-0.9432 Z0.1453
X13.0143 Y-0.9371 Z0.1459
X13.0166 Y-0.9355 Z0.1457
X13.022 Y-0.9318 Z0.1449
X13.0274 Y-0.9278 Z0.1434
X13.0297 Y-0.926 Z0.1425
X13.0374 Y-0.92 Z0.1387
X13.0413 Y-0.917 Z0.1361
X13.0463 Y-0.9131 Z0.1317
X13.0473 Y-0.9123 Z0.1318
X13.0528 Y-0.9077 Z0.1315
X13.0564 Y-0.9046 Z0.1313
X13.0606 Y-0.901 Z0.1312
X13.0652 Y-0.8969 Z0.1315
X13.074 Y-0.8892 Z0.1324
X13.076 Y-0.8873 Z0.1322
X13.0837 Y-0.8798 Z0.1313
X13.0914 Y-0.8722 Z0.1319
X13.0976 Y-0.866 Z0.1325
X13.0991 Y-0.8644 Z0.1324
X13.1068 Y-0.856 Z0.1313
X13.1117 Y-0.8506 Z0.1314
X13.1187 Y-0.8429 Z0.1319
X13.125 Y-0.8352 Z0.1314
X13.1299 Y-0.8291 Z0.1313
X13.1376 Y-0.8196 Z0.1325
X13.1433 Y-0.812 Z0.1319
X13.1488 Y-0.8043 Z0.1312
X13.1531 Y-0.7984
X13.1597 Y-0.7889 Z0.1318
X13.1608 Y-0.7872 Z0.1319
X13.1646 Y-0.7811 Z0.1314
X13.1685 Y-0.7751
X13.1745 Y-0.7657 Z0.1325
X13.1762 Y-0.7629
X13.18 Y-0.7561 Z0.132
X13.1811 Y-0.7541 Z0.1334
X13.1833 Y-0.7503 Z0.1362
X13.1876 Y-0.7426 Z0.1408
X13.1918 Y-0.7348 Z0.1437
X13.1955 Y-0.7271 Z0.1455
X13.1993 Y-0.7194 Z0.1463
X13.2031 Y-0.7117 Z0.1456
X13.2066 Y-0.704 Z0.1444
X13.207 Y-0.703 Z0.1441
X13.2099 Y-0.6963 Z0.1418
X13.2131 Y-0.6885 Z0.138
X13.2147 Y-0.6846 Z0.1354
X13.2163 Y-0.6808 Z0.1325
X13.2193 Y-0.6731 Z0.1324
X13.2206 Y-0.6692 Z0.1321
X13.2224 Y-0.6642 Z0.1349
X13.2247 Y-0.6577 Z0.1384
X13.2275 Y-0.65 Z0.1412
X13.2299 Y-0.6422 Z0.1433
X13.2322 Y-0.6345 Z0.1446
X13.2344 Y-0.6268 Z0.1454
X13.2367 Y-0.6191 Z0.1445
X13.2379 Y-0.6146 Z0.1438
X13.2386 Y-0.6114 Z0.1432
X13.2404 Y-0.6037 Z0.1408
X13.241 Y-0.601 Z0.1397
X13.2411 Y-0.6008 Z0.1639
Y-0.6004 Z0.172
X13.2412 Y-0.6 Z0.1748
X13.2414 Y-0.5993 Z0.1791
X13.2417 Y-0.5979 Z0.1854
X13.2419 Y-0.5959 Z0.1916
X13.2418 Y-0.593 Z0.1985
X13.2419 Y-0.5901 Z0.2036
X13.242 Y-0.5882 Z0.2066
X13.2422 Y-0.5844 Z0.212
X13.2424 Y-0.5805 Z0.2161
X13.243 Y-0.5728 Z0.2232
X13.2438 Y-0.5651 Z0.228
X13.2446 Y-0.5574 Z0.2323
X13.2454 Y-0.5496 Z0.2349
X13.2456 Y-0.5481 Z0.2354
X13.2461 Y-0.5419 Z0.2366
X13.2469 Y-0.5342 Z0.2375
X13.2478 Y-0.5265 Z0.2378
X13.2486 Y-0.5188 Z0.2377
X13.249 Y-0.511 Z0.2378
X13.2494 Y-0.5033 Z0.238
X13.25 Y-0.4956 Z0.2371
X13.2505 Y-0.4879 Z0.2357
X13.2508 Y-0.4802 Z0.2337
X13.2511 Y-0.4725 Z0.2304
X13.2517 Y-0.4647 Z0.2257
X13.2524 Y-0.457 Z0.2198
X13.2526 Y-0.4532 Z0.2161
X13.2529 Y-0.4493 Z0.2118
X13.2533 Y-0.4462 Z0.2071
X13.2539 Y-0.4416 Z0.1997
X13.2542 Y-0.4397 Z0.1955
X13.2545 Y-0.4377 Z0.1904
X13.2546 Y-0.4358 Z0.1838
X13.2545 Y-0.4348 Z0.1776
Y-0.4344 Z0.1737
X13.2544 Y-0.4341 Z0.1697
Y-0.4339 Z0.164
Y-0.4336 Z0.1317
X13.2542 Y-0.43 Z0.1323
X13.254 Y-0.4262 Z0.1327
X13.2532 Y-0.4184 Z0.1329
X13.2526 Y-0.4127 Z0.1325
X13.2515 Y-0.403 Z0.1378
X13.2506 Y-0.3953 Z0.1404
X13.2495 Y-0.3876 Z0.1426
X13.2481 Y-0.3799 Z0.1434
X13.2468 Y-0.3721 Z0.1436
X13.2455 Y-0.3644 Z0.1426
X13.244 Y-0.3567 Z0.1409
X13.2422 Y-0.349 Z0.1385
X13.2404 Y-0.3413 Z0.1345
X13.2391 Y-0.3355 Z0.1315
X13.2379 Y-0.3303 Z0.1317
X13.2367 Y-0.3258 Z0.1316
X13.2344 Y-0.3181 Z0.1314
X13.2322 Y-0.3104 Z0.1313
X13.2299 Y-0.3027 Z0.132
X13.2275 Y-0.295 Z0.1326
X13.2248 Y-0.2873 Z0.132
X13.222 Y-0.2795 Z0.1312
X13.2193 Y-0.2718 Z0.1315
X13.2164 Y-0.2641 Z0.1322
X13.2147 Y-0.2602 Z0.1324
X13.2131 Y-0.2564 Z0.1321
X13.2099 Y-0.2487 Z0.1314
X13.2066 Y-0.241
X13.2031 Y-0.2332 Z0.1316
X13.2012 Y-0.2294 Z0.1315
X13.2003 Y-0.2274 Z0.1319
X13.1956 Y-0.2178 Z0.1383
X13.1916 Y-0.2097 Z0.1415
X13.1898 Y-0.2062 Z0.1428
X13.1876 Y-0.2024 Z0.1434
X13.1839 Y-0.1958 Z0.1443
X13.1833 Y-0.1946 Z0.1444
X13.1789 Y-0.1869 Z0.1443
X13.1762 Y-0.182 Z0.1436
X13.1745 Y-0.1792 Z0.1431
X13.1696 Y-0.1715 Z0.1404
X13.1685 Y-0.1697 Z0.1397
X13.1647 Y-0.1638 Z0.1438
X13.1608 Y-0.1577 Z0.1474
X13.1597 Y-0.1561 Z0.1481
X13.1544 Y-0.1483 Z0.1511
X13.1531 Y-0.1465 Z0.1516
X13.1489 Y-0.1406 Z0.1529
X13.1472 Y-0.1383 Z0.1532
X13.1466 Y-0.1375 Z0.1607
X13.146 Y-0.1367 Z0.1659
X13.1454 Y-0.1358 Z0.1699
X13.1447 Y-0.1348 Z0.1736
X13.1431 Y-0.1329 Z0.1797
X13.1405 Y-0.1302 Z0.1867
X13.1376 Y-0.1274 Z0.1924
X13.1355 Y-0.1252 Z0.1962
X13.1299 Y-0.1195 Z0.204
X13.128 Y-0.1175 Z0.2062
X13.1222 Y-0.1112 Z0.2116
X13.1209 Y-0.1098 Z0.2127
X13.114 Y-0.102 Z0.2168
X13.1099 Y-0.0977 Z0.2185
X13.1067 Y-0.0943 Z0.2192
X13.0991 Y-0.0862 Z0.2201
X13.0923 Y-0.0789
X13.0914 Y-0.0779 Z0.22
X13.076 Y-0.0628 Z0.2179
X13.0683 Y-0.0552 Z0.2163
X13.0606 Y-0.0482 Z0.2131
X13.0567 Y-0.0446 Z0.2105
X13.0521 Y-0.0403 Z0.2071
X13.049 Y-0.0373 Z0.204
X13.0451 Y-0.0337 Z0.2001
X13.0439 Y-0.0326 Z0.1988
X13.0403 Y-0.0294 Z0.1938
X13.0374 Y-0.0267 Z0.1887
X13.0355 Y-0.0249 Z0.1845
X13.0325 Y-0.0219 Z0.1769
X13.0308 Y-0.02 Z0.17
X13.0297 Y-0.0189 Z0.1654
X13.0278 Y-0.0174 Z0.1521
X13.022 Y-0.0131 Z0.1511
X13.0167 Y-0.0094 Z0.1496
X13.0143 Y-0.0078 Z0.1487
X13.0066 Y-0.0025 Z0.1451
X13.0045 Y-0.001 Z0.1436
X13.0031 Y-0.0001 Z0.1439
X13.0017 Y0.0009 Z0.1448
X12.9989 Y0.0028 Z0.1462
X12.9938 Y0.006 Z0.1479
X12.9912 Y0.0076 Z0.1487
X12.9835 Y0.0123 Z0.1503
X12.9811 Y0.0137 Z0.1504
X12.9758 Y0.017 Z0.1505
X12.9681 Y0.0215 Z0.1495
X12.9642 Y0.0236 Z0.1489
X12.9603 Y0.0256 Z0.1475
X12.9537 Y0.0291 Z0.1449
X12.9526 Y0.0297 Z0.1444
X12.9507 Y0.0307 Z0.1437
X12.9488 Y0.0317 Z0.1448
X12.9449 Y0.0338 Z0.147
X12.9388 Y0.0369 Z0.1494
X12.9334 Y0.0393 Z0.1512
X12.9295 Y0.0411 Z0.1518
X12.9218 Y0.0447 Z0.1526
X12.9141 Y0.0482 Z0.152
X12.9064 Y0.0514 Z0.151
X12.904 Y0.0523 Z0.1503
X12.8987 Y0.0544 Z0.1483
X12.891 Y0.0574 Z0.1449
X12.889 Y0.0582 Z0.1438
X12.8871 Y0.0589 Z0.1477
X12.884 Y0.06 Z0.1537
X12.8794 Y0.0614 Z0.1606
X12.8756 Y0.0624 Z0.1653
X12.8717 Y0.0635 Z0.1694
X12.8678 Y0.0646 Z0.1731
X12.8601 Y0.0669 Z0.1784
X12.8575 Y0.0677 Z0.18
X12.8524 Y0.0692 Z0.183
X12.8447 Y0.0715 Z0.1857
X12.837 Y0.0734 Z0.1876
X12.8292 Y0.0754 Z0.1886
X12.8216 Y0.0774 Z0.1888
X12.8139 Y0.0794 Z0.188
X12.7985 Y0.0825 Z0.1857
X12.7953 Y0.0832 Z0.1855
X12.7908 Y0.0841 Z0.1853
X12.783 Y0.0856 Z0.1846
X12.7753 Y0.0867 Z0.1836
X12.7676 Y0.0879 Z0.1823
X12.7599 Y0.089 Z0.1815
X12.7522 Y0.09 Z0.181
X12.743 Y0.0909 Z0.1801
X12.7329 Y0.0918 Z0.1785
X12.732 Z0.1784
X12.7296 Z0.1985
X12.7025 Z0.4314
X12.6973 Z0.4779
X12.6944 Z0.4999
X12.6923 Y0.0919 Z0.5152
X12.6921 Z0.5184
X12.6917 Y0.0918 Z0.5292
X12.6916 Y0.0916 Z0.5333
X12.6915 Y0.0909 Z0.5399
Y0.0899 Z0.5453
Y0.0885 Z0.5512
X12.6914 Y0.0871 Z0.5559
X12.6913 Y0.0832 Z0.566
X12.6912 Y0.0793 Z0.5734
X12.6911 Y0.0754 Z0.5796
X12.691 Y0.0724 Z0.5837
X12.6907 Y0.0677 Z0.5894
X12.6905 Y0.0664 Z0.5908
X12.6898 Y0.06 Z0.5973
X12.6893 Y0.0523 Z0.605
X12.6889 Y0.0369 Z0.6203
Y0.0137 Z0.6431
X12.6905 Y0.0133 Z0.6434
X12.6983 Y0.0124 Z0.6435
X12.7137 Y0.0103 Z0.6436
X12.7214 Y0.009
X12.7291 Y0.0076 Z0.6437
X12.7368 Y0.006 Z0.6438
X12.7445 Y0.0043 Z0.6439
X12.7522 Y0.0024 Z0.644
X12.7599 Y0.0005 Z0.6441
X12.7681 Y-0.0017 Z0.6443
X12.7753 Y-0.0038 Z0.6444
X12.783 Y-0.0062
X12.7932 Y-0.0094 Z0.6446
X12.7985 Y-0.0112
X12.8145 Y-0.0172 Z0.6448
X12.8216 Y-0.0199
X12.8293 Y-0.023
X12.8447 Y-0.0298 Z0.6449
X12.8524 Y-0.0334
X12.8601 Y-0.0373 Z0.645
X12.8678 Y-0.0413 Z0.6451
X12.8756 Y-0.0456 Z0.6453
X12.8833 Y-0.0501 Z0.6454
X12.891 Y-0.0546 Z0.6455
X12.905 Y-0.0635 Z0.6457
X12.9165 Y-0.0712 Z0.6458
X12.9274 Y-0.0789 Z0.6459
X12.9295 Y-0.0804
X12.9375 Y-0.0866 Z0.6461
X12.9473 Y-0.0943 Z0.6462
X12.9567 Y-0.102
X12.9603 Y-0.1052
X12.9681 Y-0.1121 Z0.6463
X12.9758 Y-0.1193 Z0.6465
X12.9835 Y-0.1269 Z0.6466
X12.9912 Y-0.1348 Z0.6467
X12.9989 Y-0.1431 Z0.6469
X13.0066 Y-0.1517 Z0.647
X13.0143 Y-0.1607 Z0.6471
X13.023 Y-0.1715
X13.0297 Y-0.1801
X13.0348 Y-0.1869 Z0.6472
X13.0403 Y-0.1946
X13.0457 Y-0.2024
X13.0506 Y-0.2101 Z0.6473
X13.0553 Y-0.2178 Z0.6475
X13.0606 Y-0.2266
X13.0645 Y-0.2332
X13.0687 Y-0.241 Z0.6476
X13.0728 Y-0.2487
X13.0766 Y-0.2564 Z0.6477
X13.0803 Y-0.2641 Z0.6478
X13.0839 Y-0.2718 Z0.6479
X13.0873 Y-0.2795
X13.0914 Y-0.2891
X13.0938 Y-0.295
X13.0967 Y-0.3027
X13.0995 Y-0.3104 Z0.648
X13.1022 Y-0.3181
X13.1048 Y-0.3258
X13.1071 Y-0.3336
X13.1094 Y-0.3413
X13.1115 Y-0.349
X13.1135 Y-0.3567
X13.1153 Y-0.3644
X13.1169 Y-0.3721 Z0.6481
X13.1199 Y-0.3876 Z0.6482
X13.1211 Y-0.3953
X13.1223 Y-0.403 Z0.6483
X13.1234 Y-0.4107 Z0.6482
X13.1244 Y-0.4184
X13.1252 Y-0.4262
X13.1258 Y-0.4339 Z0.6483
X13.1269 Y-0.4493 Z0.6482
X13.1273 Y-0.457 Z0.6481
X13.1275 Y-0.4647
Y-0.4725 Z0.6482
X13.1272 Y-0.4879
X13.1268 Y-0.4956 Z0.6483
X13.1263 Y-0.5033
X13.1251 Y-0.5188
X13.1243 Y-0.5265 Z0.6482
X13.1234 Y-0.5342
X13.1211 Y-0.5496 Z0.6483
X13.1184 Y-0.5651 Z0.6482
X13.1169 Y-0.5728 Z0.6481
X13.1145 Y-0.5835
X13.1134 Y-0.5882 Z0.648
X13.1115 Y-0.5959
X13.1094 Y-0.6037
X13.1068 Y-0.6124
X13.1048 Y-0.6191
X13.1022 Y-0.6268
X13.0991 Y-0.6356
X13.0967 Y-0.6422 Z0.6479
X13.0937 Y-0.65
X13.0874 Y-0.6654 Z0.6478
X13.0837 Y-0.6737
X13.0804 Y-0.6808 Z0.6477
X13.076 Y-0.6898
X13.0683 Y-0.7047 Z0.6476
X13.0645 Y-0.7117 Z0.6475
X13.0599 Y-0.7194
X13.0528 Y-0.7311 Z0.6474
X13.0505 Y-0.7348 Z0.6473
X13.0451 Y-0.7433 Z0.6472
X13.0374 Y-0.7542
X13.029 Y-0.7657
X13.022 Y-0.7747 Z0.6471
X13.0169 Y-0.7811 Z0.647
X13.0104 Y-0.7889
X12.9989 Y-0.8018 Z0.6469
X12.9894 Y-0.812 Z0.6467
X12.9818 Y-0.8197 Z0.6465
X12.9738 Y-0.8274 Z0.6464
X12.9681 Y-0.8328
X12.9603 Y-0.8396 Z0.6463
X12.9565 Y-0.8429
X12.9449 Y-0.8525 Z0.6462
X12.9372 Y-0.8585 Z0.6461
X12.9295 Y-0.8644 Z0.6459
X12.9218 Y-0.87
X12.9141 Y-0.8753 Z0.6458
X12.9047 Y-0.8815
X12.8987 Y-0.8854 Z0.6457
X12.891 Y-0.8903 Z0.6455
X12.8833 Y-0.8948
X12.8756 Y-0.8991 Z0.6454
X12.8654 Y-0.9046 Z0.6452
X12.8601 Y-0.9074 Z0.6451
X12.8504 Y-0.9123 Z0.645
X12.8447 Y-0.915
X12.8293 Y-0.9218 Z0.6448
X12.8216 Y-0.925
X12.8139 Y-0.928
X12.8062 Y-0.9308 Z0.6447
X12.7985 Y-0.9336 Z0.6446
X12.7908 Y-0.9362
X12.783 Y-0.9387 Z0.6444
X12.7753 Y-0.9411
X12.7599 Y-0.9453 Z0.6442
X12.7522 Y-0.9473 Z0.644
X12.7445 Y-0.9492 Z0.6439
X12.7365 Y-0.9509 Z0.6438
X12.7291 Y-0.9524 Z0.6437
X12.7214 Y-0.9539 Z0.6436
X12.7137 Y-0.9552 Z0.6435
X12.706 Y-0.9563
X12.6905 Y-0.9582 Z0.6434
X12.6886 Y-0.9586 Z0.6431
X12.6891 Y-0.9895 Z0.6127
X12.6892 Y-0.9972 Z0.605
X12.6897 Y-1.0049 Z0.5973
X12.6905 Y-1.0116 Z0.5905
X12.6906 Y-1.0127 Z0.5893
X12.691 Y-1.0173 Z0.5837
X12.6911 Y-1.0204 Z0.5795
X12.6912 Y-1.0242 Z0.5734
X12.6913 Y-1.0281 Z0.5659
Y-1.0302 Z0.5609
X12.6915 Y-1.0329 Z0.5529
Y-1.0339 Z0.5492
Y-1.0349 Z0.5452
X12.6916 Y-1.0358 Z0.5395
X12.6917 Y-1.0365 Z0.5331
X12.6918 Y-1.0367 Z0.5271
X12.6921 Z0.5194
X12.6923 Y-1.0368 Z0.5152
X12.6933 Y-1.0367 Z0.5075
X12.6944 Z0.5006
X12.6958 Z0.4898
X12.7036 Z0.4224
X12.718 Z0.2981
X12.7344 Z0.1589
X12.7349 Z0.1538
X12.7353 Z0.1474
X12.7358 Z0.1444
X12.7445 Y-1.036 Z0.1447
X12.7466 Y-1.0358 Z0.1446
X12.7522 Y-1.0353 Z0.1441
X12.7599 Y-1.0345 Z0.1424
X12.7676 Y-1.0334 Z0.14
X12.7753 Y-1.0323 Z0.1362
X12.783 Y-1.0312 Z0.1316
X12.7908 Y-1.03 Z0.1315
X12.8001 Y-1.0281 Z0.1313
X12.8062 Y-1.0269 Z0.1314
X12.8139 Y-1.0253 Z0.1319
X12.8216 Y-1.0236 Z0.1318
X12.8254 Y-1.0226 Z0.1315
X12.8274 Y-1.0221 Z0.1316
X12.834 Y-1.0204 Z0.1355
X12.837 Y-1.0196 Z0.1372
X12.8409 Y-1.0185 Z0.1385
X12.846 Y-1.0172 Z0.1402
X12.8512 Y-1.0158 Z0.1415
X12.8563 Y-1.0142 Z0.1427
X12.8615 Y-1.0126 Z0.1438
X12.8667 Y-1.0109 Z0.1447
X12.8771 Y-1.0075 Z0.1464
X12.8823 Y-1.0057 Z0.1473
X12.8873 Y-1.0038 Z0.1482
X12.8924 Y-1.0019 Z0.1492
X12.8974 Y-1. Z0.1503
X12.9023 Y-0.998 Z0.1517
X12.9071 Y-0.996 Z0.1532
X12.9119 Y-0.994 Z0.155
X12.9164 Y-0.9919 Z0.1572
X12.9208 Y-0.9898 Z0.1596
X12.9218 Y-0.9893 Z0.1602
X12.9295 Y-0.9856 Z0.1634
X12.9377 Y-0.9818 Z0.1659
X12.9449 Y-0.9781 Z0.1672
X12.9526 Y-0.974 Z0.1681
X12.9603 Y-0.97 Z0.1677
X12.9681 Y-0.966 Z0.1667
X12.9719 Y-0.9638 Z0.166
X12.9809 Y-0.9586 Z0.1627
X12.9854 Y-0.956 Z0.1606
X12.9873 Y-0.9548 Z0.1609
X12.9912 Y-0.9525 Z0.1622
X12.9937 Y-0.9509 Z0.163
X12.9989 Y-0.9476 Z0.1642
X13.0053 Y-0.9432 Z0.1653
X13.0143 Y-0.937 Z0.1659
X13.0165 Y-0.9355 Z0.1658
X13.022 Y-0.9318 Z0.165
X13.0274 Y-0.9278 Z0.1639
X13.0297 Y-0.926 Z0.1633
X13.0374 Y-0.92 Z0.1602
X13.0451 Y-0.914 Z0.1561
X13.0473 Y-0.9123 Z0.1547
X13.05 Y-0.9102 Z0.1528
X13.0519 Y-0.9085 Z0.1516
X13.0564 Y-0.9046 Z0.1513
X13.0606 Y-0.901 Z0.1512
X13.0652 Y-0.8969 Z0.1515
X13.074 Y-0.8892 Z0.1524
X13.076 Y-0.8873 Z0.1523
X13.0837 Y-0.8798 Z0.1513
X13.0914 Y-0.8722 Z0.152
X13.0976 Y-0.866 Z0.1525
X13.0991 Y-0.8644 Z0.1524
X13.1068 Y-0.856 Z0.1514
X13.1117 Y-0.8506 Z0.1515
X13.1187 Y-0.8429 Z0.1519
X13.125 Y-0.8352 Z0.1514
X13.1299 Y-0.8291
X13.1376 Y-0.8196 Z0.1525
X13.1433 Y-0.812 Z0.1519
X13.1488 Y-0.8043 Z0.1513
X13.1531 Y-0.7984
X13.1597 Y-0.7889 Z0.1518
X13.1608 Y-0.7872 Z0.1519
X13.1646 Y-0.7811 Z0.1515
X13.1685 Y-0.7751
X13.1745 Y-0.7657 Z0.1525
X13.1762 Y-0.7629
X13.1778 Y-0.7599 Z0.1529
X13.1789 Y-0.758 Z0.1542
X13.1833 Y-0.7503 Z0.1588
X13.1839 Y-0.7491 Z0.1594
X13.1876 Y-0.7426 Z0.1619
X13.1918 Y-0.7348 Z0.1641
X13.1955 Y-0.7271 Z0.1656
X13.1993 Y-0.7194 Z0.1663
X13.2031 Y-0.7117 Z0.1656
X13.207 Y-0.703 Z0.1644
X13.2099 Y-0.6963 Z0.1628
X13.2131 Y-0.6885 Z0.1599
X13.2163 Y-0.6808 Z0.1562
X13.2175 Y-0.6779 Z0.1544
X13.2186 Y-0.675 Z0.1525
X13.2193 Y-0.6731
X13.222 Y-0.6654 Z0.1567
X13.2224 Y-0.6642 Z0.1572
X13.2247 Y-0.6577 Z0.1595
X13.2275 Y-0.65 Z0.1618
X13.2299 Y-0.6422 Z0.1636
X13.2322 Y-0.6345 Z0.1647
X13.2344 Y-0.6268 Z0.1654
X13.2361 Y-0.621 Z0.1648
X13.2362 Y-0.6205
X13.2364 Y-0.6201 Z0.168
X13.2365 Y-0.6196 Z0.1753
X13.2367 Y-0.6191 Z0.1788
X13.2369 Y-0.6181 Z0.1843
X13.2371 Y-0.6172 Z0.1884
X13.237 Y-0.6152 Z0.1949
X13.2369 Y-0.6133 Z0.2003
X13.2368 Y-0.6114 Z0.2048
Y-0.6085 Z0.2105
X13.2369 Y-0.6056 Z0.2154
X13.237 Y-0.6037 Z0.2183
X13.2374 Y-0.5992 Z0.2245
X13.2379 Y-0.5945 Z0.2297
X13.2386 Y-0.5882 Z0.2356
X13.2391 Y-0.5844 Z0.239
X13.2395 Y-0.5805 Z0.2416
X13.2403 Y-0.5728 Z0.2462
X13.2411 Y-0.5651 Z0.2505
X13.2422 Y-0.5574 Z0.2532
X13.2431 Y-0.5496 Z0.2553
X13.2438 Y-0.5419 Z0.2565
X13.2446 Y-0.5342 Z0.2573
X13.2456 Y-0.5257 Z0.2576
X13.2462 Y-0.5188
X13.2467 Y-0.511
X13.2471 Y-0.5033 Z0.2578
X13.2476 Y-0.4956 Z0.2571
X13.2481 Y-0.4879 Z0.2559
X13.2484 Y-0.4802 Z0.2542
X13.2486 Y-0.4725 Z0.252
X13.249 Y-0.4647 Z0.2487
X13.2495 Y-0.457 Z0.2443
X13.2498 Y-0.4493 Z0.2389
X13.2501 Y-0.4416 Z0.2325
X13.2503 Y-0.4377 Z0.2286
X13.2506 Y-0.4339 Z0.2243
X13.251 Y-0.43 Z0.2187
X13.2515 Y-0.4262 Z0.2125
X13.252 Y-0.4223 Z0.2053
X13.2523 Y-0.4204 Z0.2007
X13.2527 Y-0.4184 Z0.1954
X13.253 Y-0.4165 Z0.1888
X13.2529 Y-0.4155 Z0.1833
X13.2528 Y-0.4146 Z0.1762
Y-0.4143 Z0.1729
X13.2527 Y-0.4141 Z0.1672
Y-0.4139 Z0.1546
X13.2524 Y-0.4107 Z0.1562
X13.2515 Y-0.403 Z0.1589
X13.2506 Y-0.3953 Z0.1612
X13.2495 Y-0.3876 Z0.1627
X13.2481 Y-0.3799 Z0.1634
X13.2468 Y-0.3721 Z0.1636
X13.2455 Y-0.3644 Z0.1628
X13.244 Y-0.3567 Z0.1614
X13.2422 Y-0.349 Z0.1594
X13.2404 Y-0.3413 Z0.1568
X13.2386 Y-0.3336 Z0.1529
X13.2379 Y-0.3303 Z0.1517
X13.2367 Y-0.3258 Z0.1516
X13.2344 Y-0.3181 Z0.1514
X13.2322 Y-0.3104
X13.2299 Y-0.3027 Z0.152
X13.2275 Y-0.295 Z0.1526
X13.2248 Y-0.2873 Z0.152
X13.222 Y-0.2795 Z0.1513
X13.2193 Y-0.2718 Z0.1516
X13.2164 Y-0.2641 Z0.1522
X13.2147 Y-0.2602 Z0.1524
X13.2131 Y-0.2564 Z0.1522
X13.2099 Y-0.2487 Z0.1515
X13.2066 Y-0.241 Z0.1514
X13.2031 Y-0.2332 Z0.1516
X13.1993 Y-0.2255 Z0.1563
X13.1956 Y-0.2178 Z0.1595
X13.1918 Y-0.2101 Z0.1623
X13.1876 Y-0.2024 Z0.1636
X13.1839 Y-0.1958 Z0.1643
X13.1789 Y-0.1869
X13.1762 Y-0.182 Z0.1637
X13.1745 Y-0.1792 Z0.1633
X13.1696 Y-0.1715 Z0.1616
X13.1647 Y-0.1638 Z0.166
X13.1597 Y-0.1561 Z0.1691
X13.1575 Y-0.1527 Z0.1704
X13.1572 Y-0.1522 Z0.1717
X13.1565 Y-0.1512 Z0.176
X13.1557 Y-0.1503 Z0.1799
X13.1537 Y-0.1483 Z0.1868
X13.1531 Y-0.1478 Z0.1886
X13.1511 Y-0.1459 Z0.1936
X13.1492 Y-0.144 Z0.1983
X13.1459 Y-0.1406 Z0.2049
X13.1454 Y-0.14 Z0.2059
X13.142 Y-0.1363 Z0.2117
X13.1376 Y-0.1314 Z0.2181
X13.1322 Y-0.1252 Z0.2243
X13.1299 Y-0.1227 Z0.2265
X13.1251 Y-0.1175 Z0.2306
X13.1183 Y-0.1098 Z0.2348
X13.1145 Y-0.1054 Z0.2367
X13.1116 Y-0.102 Z0.2379
X13.1068 Y-0.097 Z0.2391
X13.0991 Y-0.0887 Z0.24
X13.0971 Y-0.0866
X13.0914 Y-0.0804
X13.09 Y-0.0789
X13.0823 Y-0.0712 Z0.239
X13.0744 Y-0.0635 Z0.2379
X13.0665 Y-0.0557 Z0.2363
X13.0606 Y-0.0503 Z0.2344
X13.058 Y-0.048 Z0.2334
X13.0528 Y-0.0433 Z0.2309
X13.0496 Y-0.0403 Z0.2287
X13.0451 Y-0.0362 Z0.2255
X13.0412 Y-0.0326 Z0.2221
X13.0374 Y-0.0294 Z0.2185
X13.0321 Y-0.0249 Z0.213
X13.0297 Y-0.0227 Z0.2097
X13.0268 Y-0.0201 Z0.2053
X13.0236 Y-0.0172 Z0.1995
X13.022 Y-0.0156 Z0.1961
X13.0191 Y-0.0129 Z0.1891
X13.0172 Y-0.0112 Z0.1839
X13.0154 Y-0.0094 Z0.1771
X13.0143 Y-0.0084 Z0.1726
X13.0133 Y-0.0074 Z0.1692
X13.0124 Y-0.0068 Z0.169
X13.0105 Y-0.0054 Z0.1682
X13.0066 Y-0.0027 Z0.1666
X13.0053 Y-0.0017 Z0.1659
X13.0031 Y-0.0002 Z0.1655
X12.9989 Y0.0025 Z0.167
X12.9932 Y0.006 Z0.1685
X12.9912 Y0.0072 Z0.1689
X12.9835 Y0.0117 Z0.1703
X12.9801 Y0.0137 Z0.1704
X12.9758 Y0.0163 Z0.1705
X12.9671 Y0.0214 Z0.1696
X12.9603 Y0.0251 Z0.1685
X12.9517 Y0.0298 Z0.1654
X12.9449 Y0.0332 Z0.1681
X12.9372 Y0.0369 Z0.1707
X12.9295 Y0.0403 Z0.1718
X12.9218 Y0.0438 Z0.1726
X12.92 Y0.0446 Z0.1725
X12.9141 Y0.0473 Z0.172
X12.9064 Y0.0506 Z0.1712
X12.902 Y0.0523 Z0.1705
X12.8987 Y0.0536 Z0.1695
X12.8967 Y0.0544 Z0.1688
X12.8948 Y0.055 Z0.1716
X12.891 Y0.0563 Z0.1766
X12.8871 Y0.0576 Z0.1811
X12.8833 Y0.0589 Z0.1851
X12.88 Y0.06 Z0.1883
X12.8756 Y0.0615 Z0.1916
X12.8678 Y0.0638 Z0.1967
X12.8601 Y0.0661 Z0.2012
X12.8524 Y0.0685 Z0.204
X12.8447 Y0.0708 Z0.2063
X12.837 Y0.0728 Z0.2077
X12.8293 Y0.0748 Z0.2085
X12.8216 Y0.0768 Z0.2088
X12.8139 Y0.0788 Z0.2081
X12.8062 Y0.0805 Z0.2071
X12.7985 Y0.0821 Z0.206
X12.793 Y0.0832 Z0.2054
X12.7908 Y0.0836 Z0.2053
X12.783 Y0.0852 Z0.2047
X12.7753 Y0.0864 Z0.2038
X12.7676 Y0.0875 Z0.2026
X12.7599 Y0.0886 Z0.2016
X12.7503 Y0.09 Z0.2009
X12.7493 Y0.0901 Z0.2011
X12.7223 Z0.433
X12.7175 Z0.4764
X12.7146 Z0.4989
X12.7121 Z0.5178
X12.7117 Z0.5257
X12.7116 Y0.0899 Z0.532
X12.7115 Y0.0894 Z0.5376
X12.7114 Y0.089 Z0.5411
Y0.088 Z0.5463
Y0.087 Z0.5504
X12.7113 Y0.0851 Z0.5568
X12.7112 Y0.0832 Z0.562
Y0.0793 Z0.5702
X12.7111 Y0.0754 Z0.5769
X12.7109 Y0.0712 Z0.583
X12.7107 Y0.0677 Z0.5873
X12.7104 Y0.0639 Z0.5916
X12.71 Y0.06 Z0.5955
X12.7094 Y0.0523 Z0.6031
X12.7091 Y0.0446 Z0.6107
X12.7089 Y0.0369 Z0.6182
Y0.0261 Z0.6287
X12.7094 Y0.0253 Z0.6295
X12.7137 Y0.0247
X12.7214 Y0.0235 Z0.6296
X12.7328 Y0.0214 Z0.6297
X12.7445 Y0.0189 Z0.6299
X12.7522 Y0.0172 Z0.6301
X12.766 Y0.0137 Z0.6303
X12.7753 Y0.0111 Z0.6304
X12.783 Y0.0089 Z0.6305
X12.7922 Y0.006 Z0.6306
X12.7985 Y0.004 Z0.6307
X12.8062 Y0.0013 Z0.6308
X12.8144 Y-0.0017 Z0.6309
X12.8216 Y-0.0044 Z0.631
X12.8293 Y-0.0074
X12.837 Y-0.0106
X12.8519 Y-0.0172 Z0.6311
X12.8601 Y-0.0211
X12.8678 Y-0.0249 Z0.6312
X12.8756 Y-0.029 Z0.6314
X12.8833 Y-0.0333 Z0.6315
X12.8954 Y-0.0403 Z0.6317
X12.8987 Y-0.0423 Z0.6318
X12.9079 Y-0.048 Z0.6319
X12.9141 Y-0.052 Z0.632
X12.9218 Y-0.0571 Z0.6321
X12.9309 Y-0.0635 Z0.6322
X12.9372 Y-0.068 Z0.6323
X12.9449 Y-0.0739 Z0.6324
X12.9526 Y-0.0799 Z0.6326
X12.961 Y-0.0866
X12.9702 Y-0.0943
X12.9788 Y-0.102 Z0.6328
X12.987 Y-0.1098 Z0.6329
X12.9912 Y-0.1138 Z0.633
X12.9989 Y-0.1216 Z0.6331
X13.0024 Y-0.1252 Z0.6332
X13.0095 Y-0.1329 Z0.6333
X13.0165 Y-0.1406 Z0.6335
X13.0232 Y-0.1483
X13.0297 Y-0.1563 Z0.6336
X13.0374 Y-0.1659 Z0.6337
X13.0417 Y-0.1715 Z0.6336
X13.0475 Y-0.1792 Z0.6337
X13.0529 Y-0.1869
X13.0583 Y-0.1946 Z0.6338
X13.0632 Y-0.2024 Z0.6339
X13.0683 Y-0.2106 Z0.634
X13.076 Y-0.2235 Z0.6341
X13.0772 Y-0.2255
X13.0814 Y-0.2332
X13.0855 Y-0.241 Z0.6342
X13.0914 Y-0.2528 Z0.6344
X13.0967 Y-0.2641 Z0.6345
X13.1002 Y-0.2718
X13.1068 Y-0.2875 Z0.6346
X13.1097 Y-0.295 Z0.6345
X13.1126 Y-0.3027 Z0.6346
X13.1179 Y-0.3181
X13.1204 Y-0.3258
X13.1227 Y-0.3336 Z0.6347
X13.127 Y-0.349
X13.1288 Y-0.3567
X13.1305 Y-0.3644 Z0.6348
X13.1321 Y-0.3721
X13.135 Y-0.3876 Z0.6349
X13.1374 Y-0.403
X13.1385 Y-0.4107
X13.1394 Y-0.4184
X13.1401 Y-0.4262
X13.1408 Y-0.4339 Z0.635
X13.1418 Y-0.4493 Z0.6349
X13.1422 Y-0.457 Z0.6348
X13.1424 Y-0.4647
Y-0.4725 Z0.6349
X13.1421 Y-0.4879
X13.1417 Y-0.4956
X13.1413 Y-0.5033 Z0.635
X13.1401 Y-0.5188
X13.1393 Y-0.5265 Z0.6349
X13.1385 Y-0.5342
X13.1374 Y-0.5419
X13.1362 Y-0.5496 Z0.635
X13.135 Y-0.5574 Z0.6349
X13.1336 Y-0.5651
X13.1321 Y-0.5728 Z0.6348
X13.1299 Y-0.5831
X13.1269 Y-0.5959 Z0.6347
X13.1248 Y-0.6037
X13.1222 Y-0.6129
X13.1203 Y-0.6191 Z0.6346
X13.1179 Y-0.6268 Z0.6347
X13.1145 Y-0.6366
X13.1125 Y-0.6422 Z0.6346
X13.1097 Y-0.65
X13.1067 Y-0.6577
X13.1035 Y-0.6654 Z0.6345
X13.0991 Y-0.6757 Z0.6344
X13.0968 Y-0.6808
X13.0914 Y-0.6922 Z0.6343
X13.0894 Y-0.6963
X13.0813 Y-0.7117 Z0.6342
X13.0771 Y-0.7194 Z0.6341
X13.0725 Y-0.7271
X13.0679 Y-0.7348 Z0.634
X13.0632 Y-0.7426 Z0.6339
X13.0583 Y-0.7503 Z0.6338
X13.0528 Y-0.758
X13.0474 Y-0.7657
X13.0417 Y-0.7734 Z0.6337
X13.0357 Y-0.7811 Z0.6336
X13.0296 Y-0.7889 Z0.6335
X13.022 Y-0.7979
X13.0143 Y-0.8067 Z0.6334
X13.0095 Y-0.812
X13.0024 Y-0.8197 Z0.6332
X12.9989 Y-0.8234 Z0.6331
X12.9912 Y-0.8311 Z0.633
X12.9835 Y-0.8385 Z0.6328
X12.9788 Y-0.8429
X12.9681 Y-0.8523 Z0.6327
X12.9603 Y-0.8587 Z0.6326
X12.9514 Y-0.866 Z0.6325
X12.9414 Y-0.8737 Z0.6324
X12.9308 Y-0.8815 Z0.6322
X12.9218 Y-0.8877 Z0.6321
X12.9141 Y-0.8928
X12.9064 Y-0.8977 Z0.632
X12.8987 Y-0.9026 Z0.6317
X12.891 Y-0.9071
X12.8817 Y-0.9123 Z0.6316
X12.8756 Y-0.9157
X12.8673 Y-0.9201 Z0.6314
X12.8601 Y-0.9237 Z0.6312
X12.8516 Y-0.9278
X12.837 Y-0.9343 Z0.6311
X12.8293 Y-0.9374 Z0.631
X12.8216 Y-0.9405
X12.8139 Y-0.9434 Z0.6309
X12.8062 Y-0.9461 Z0.6308
X12.792 Y-0.9509 Z0.6307
X12.783 Y-0.9537 Z0.6305
X12.7753 Y-0.956 Z0.6304
X12.7658 Y-0.9586 Z0.6303
X12.7522 Y-0.9621 Z0.6301
X12.7445 Y-0.9638 Z0.6299
X12.7368 Y-0.9655 Z0.6298
X12.7291 Y-0.967 Z0.6297
X12.7214 Y-0.9684 Z0.6296
X12.7093 Y-0.9702 Z0.6295
X12.7087 Y-0.9711 Z0.6287
X12.709 Y-0.9895 Z0.6107
X12.7092 Y-0.9972 Z0.6031
X12.7099 Y-1.0049 Z0.5955
X12.7103 Y-1.0088 Z0.5916
X12.7107 Y-1.0127 Z0.5873
X12.7109 Y-1.0161 Z0.583
X12.7111 Y-1.0204 Z0.5768
X12.7112 Y-1.0242 Z0.5702
X12.7113 Y-1.0281 Z0.5618
Y-1.03 Z0.5567
X12.7114 Y-1.0319 Z0.5502
Y-1.0329 Z0.5461
X12.7115 Y-1.0339 Z0.5408
Y-1.0344 Z0.5372
X12.7117 Y-1.0348 Z0.5309
X12.7121 Y-1.035 Z0.5178
X12.7127 Z0.5129
X12.7151 Z0.4962
X12.7169 Z0.4808
X12.7252 Z0.4084
X12.7382 Z0.2966
X12.7537 Z0.1656
X12.7544 Y-1.0349 Z0.1639
X12.7561 Y-1.0347 Z0.1637
X12.7599 Y-1.0342 Z0.1629
X12.7676 Y-1.0331 Z0.1609
X12.7753 Y-1.032 Z0.1584
X12.783 Y-1.031 Z0.1547
X12.7888 Y-1.0301 Z0.1515
X12.7991 Y-1.0281 Z0.1513
X12.8062 Y-1.0267 Z0.1514
X12.8139 Y-1.0251 Z0.1519
X12.8216 Y-1.0234 Z0.1518
X12.8293 Y-1.0213 Z0.1556
X12.837 Y-1.0192 Z0.1583
X12.8447 Y-1.0171 Z0.1603
X12.8524 Y-1.0149 Z0.1617
X12.8594 Y-1.0127 Z0.1624
X12.8678 Y-1.0099 Z0.1622
X12.8756 Y-1.0075 Z0.1615
X12.8833 Y-1.0049 Z0.1598
X12.891 Y-1.002 Z0.1573
X12.8987 Y-0.9992 Z0.1544
X12.9038 Y-0.9972 Z0.1522
X12.9064 Y-0.9962 Z0.1521
X12.9083 Y-0.9955 Z0.1523
X12.9102 Y-0.9947 Z0.1532
X12.9141 Y-0.993 Z0.1555
X12.9208 Y-0.9898 Z0.1596
X12.9251 Y-0.9877 Z0.1621
X12.9295 Y-0.9857 Z0.1644
X12.934 Y-0.9835 Z0.1665
X12.9385 Y-0.9813 Z0.1685
X12.943 Y-0.9789 Z0.1703
X12.9475 Y-0.9765 Z0.1719
X12.952 Y-0.974 Z0.1734
X12.9566 Y-0.9715 Z0.1748
X12.9612 Y-0.969 Z0.1761
X12.9659 Y-0.9665 Z0.1773
X12.9705 Y-0.9638 Z0.1784
X12.9796 Y-0.9583 Z0.1805
X12.9887 Y-0.9527 Z0.1824
X12.9932 Y-0.9498 Z0.1833
X12.9989 Y-0.946 Z0.1845
X13.003 Y-0.9432 Z0.1852
X13.0066 Y-0.9407 Z0.1854
X13.0143 Y-0.9355 Z0.1858
X13.022 Y-0.9302 Z0.185
X13.0253 Y-0.9278 Z0.1844
X13.0297 Y-0.9245 Z0.1835
X13.0358 Y-0.9201 Z0.1815
X13.0374 Y-0.9188 Z0.1809
X13.0451 Y-0.9132 Z0.1775
X13.0464 Y-0.9123 Z0.1769
X13.0528 Y-0.9073 Z0.1733
X13.0562 Y-0.9046 Z0.1713
X13.0606 Y-0.9008
X13.0651 Y-0.8969 Z0.1716
X13.0739 Y-0.8892 Z0.1724
X13.076 Y-0.8872 Z0.1723
X13.0837 Y-0.8797 Z0.1714
X13.0914 Y-0.8722 Z0.172
X13.0976 Y-0.866 Z0.1725
X13.0991 Y-0.8644 Z0.1724
X13.1068 Y-0.856 Z0.1715
X13.1117 Y-0.8506
X13.1187 Y-0.8429 Z0.1719
X13.125 Y-0.8352 Z0.1715
X13.1299 Y-0.8291
X13.1376 Y-0.8196 Z0.1725
X13.1433 Y-0.812 Z0.172
X13.1488 Y-0.8043 Z0.1713
X13.1531 Y-0.7984
X13.1597 Y-0.7889 Z0.1718
X13.1608 Y-0.7872 Z0.1719
X13.1646 Y-0.7811 Z0.1715
X13.1685 Y-0.7751 Z0.1716
X13.1745 Y-0.7657 Z0.1725
X13.1762 Y-0.7629 Z0.1738
X13.1789 Y-0.758 Z0.1767
X13.1832 Y-0.7503 Z0.18
X13.1839 Y-0.7491 Z0.1805
X13.1875 Y-0.7426 Z0.1825
X13.1916 Y-0.7348 Z0.1844
X13.1953 Y-0.7271 Z0.1857
X13.1993 Y-0.719 Z0.1863
X13.2029 Y-0.7117 Z0.1857
X13.207 Y-0.7028 Z0.1845
X13.2098 Y-0.6963 Z0.1833
X13.2131 Y-0.6885 Z0.1811
X13.2147 Y-0.6846 Z0.1796
X13.2163 Y-0.6808 Z0.1781
X13.2193 Y-0.6731 Z0.1749
X13.2224 Y-0.6642 Z0.1783
X13.2247 Y-0.6577 Z0.1803
X13.2275 Y-0.65 Z0.1823
X13.2301 Y-0.6414 Z0.1839
X13.2311 Y-0.6379 Z0.1844
X13.2313 Y-0.6374 Z0.1854
Y-0.6365 Z0.1901
X13.2312 Y-0.6345 Z0.1971
X13.231 Y-0.6326 Z0.2031
Y-0.6307 Z0.2083
Y-0.6287 Z0.2129
X13.2312 Y-0.6268 Z0.2168
X13.2315 Y-0.6229 Z0.2238
X13.2319 Y-0.6191 Z0.2299
X13.2323 Y-0.6152 Z0.2354
X13.2327 Y-0.6114 Z0.24
X13.2334 Y-0.6056 Z0.2459
X13.2336 Y-0.6037 Z0.2477
X13.2346 Y-0.5959 Z0.2547
X13.2358 Y-0.5882 Z0.2598
X13.2368 Y-0.5805 Z0.2644
X13.2377 Y-0.5728 Z0.2686
X13.2379 Y-0.5714 Z0.2691
X13.2387 Y-0.5651 Z0.2714
X13.2398 Y-0.5574 Z0.2737
X13.2407 Y-0.5496 Z0.2754
X13.2415 Y-0.5419 Z0.2765
X13.2423 Y-0.5342 Z0.2772
X13.2432 Y-0.5265 Z0.2775
X13.2439 Y-0.5188
X13.2444 Y-0.511
X13.2448 Y-0.5033 Z0.2777
X13.2453 Y-0.4956 Z0.2771
X13.2456 Y-0.4919 Z0.2767
X13.2458 Y-0.4879 Z0.2761
X13.246 Y-0.4802 Z0.2746
X13.2462 Y-0.4725 Z0.2727
X13.2465 Y-0.4647 Z0.2703
X13.2469 Y-0.457 Z0.267
X13.247 Y-0.4493 Z0.2627
X13.2471 Y-0.4416 Z0.2577
X13.2474 Y-0.4339 Z0.2519
X13.2477 Y-0.4262 Z0.2451
X13.2478 Y-0.4223 Z0.2411
X13.2479 Y-0.4184 Z0.2367
X13.2481 Y-0.4146 Z0.2312
X13.2484 Y-0.4107 Z0.2252
X13.2487 Y-0.4069 Z0.2184
X13.2489 Y-0.4049 Z0.2148
X13.2492 Y-0.403 Z0.2104
X13.2495 Y-0.4011 Z0.2055
X13.25 Y-0.3992 Z0.2
X13.2505 Y-0.3972 Z0.1935
X13.2507 Y-0.3963 Z0.1883
X13.2506 Y-0.3953 Z0.1818
X13.2495 Y-0.3876 Z0.1828
X13.2481 Y-0.3799 Z0.1834
X13.2468 Y-0.3721 Z0.1836
X13.2455 Y-0.3644 Z0.1829
X13.244 Y-0.3567 Z0.1817
X13.2422 Y-0.349 Z0.18
X13.2404 Y-0.3413 Z0.1778
X13.2386 Y-0.3336 Z0.1752
X13.2379 Y-0.3303 Z0.1736
X13.2367 Y-0.3258 Z0.1716
X13.2344 Y-0.3181 Z0.1714
X13.2322 Y-0.3104 Z0.1715
X13.2299 Y-0.3027 Z0.1721
X13.2275 Y-0.295 Z0.1726
X13.2248 Y-0.2873 Z0.1721
X13.222 Y-0.2795 Z0.1714
X13.2193 Y-0.2718 Z0.1716
X13.2164 Y-0.2641 Z0.1722
X13.2147 Y-0.2602 Z0.1724
X13.2131 Y-0.2564 Z0.1722
X13.2099 Y-0.2487 Z0.1715
X13.2066 Y-0.241 Z0.1714
X13.2054 Y-0.2381 Z0.1715
X13.2031 Y-0.2332 Z0.1744
X13.1993 Y-0.2255 Z0.1777
X13.1956 Y-0.2178 Z0.1805
X13.1916 Y-0.2098 Z0.1826
X13.1875 Y-0.2024 Z0.1837
X13.1839 Y-0.1961 Z0.1843
X13.1831 Y-0.1946 Z0.1844
X13.1787 Y-0.1869 Z0.1843
X13.1762 Y-0.1824 Z0.1839
X13.1743 Y-0.1792 Z0.1835
X13.1719 Y-0.1754 Z0.1828
X13.1707 Y-0.1734
X13.1685 Y-0.1703 Z0.1846
X13.166 Y-0.1667 Z0.1861
X13.1651 Y-0.1657 Z0.1887
X13.163 Y-0.1638 Z0.1954
X13.1608 Y-0.1614 Z0.2018
X13.1591 Y-0.1596 Z0.2062
X13.1576 Y-0.158 Z0.2098
X13.1559 Y-0.1561 Z0.2134
X13.1531 Y-0.1527 Z0.2193
X13.1491 Y-0.1483 Z0.226
X13.1454 Y-0.1441 Z0.2316
X13.1424 Y-0.1406 Z0.2354
X13.1376 Y-0.135 Z0.2409
X13.1359 Y-0.1329 Z0.2427
X13.1299 Y-0.1258 Z0.2482
X13.1294 Y-0.1252 Z0.2486
X13.126 Y-0.1214 Z0.2507
X13.1222 Y-0.1171 Z0.253
X13.1158 Y-0.1098 Z0.2562
X13.1145 Y-0.1083 Z0.2568
X13.1092 Y-0.102 Z0.2584
X13.1068 Y-0.0995 Z0.2589
X13.0991 Y-0.0912 Z0.2598
X13.0948 Y-0.0866 Z0.26
X13.0914 Y-0.0829
X13.0877 Y-0.0789 Z0.2598
X13.0837 Y-0.0748 Z0.2593
X13.0721 Y-0.0635 Z0.2578
X13.0642 Y-0.0557 Z0.2562
X13.0606 Y-0.0524 Z0.2552
X13.0556 Y-0.048 Z0.2536
X13.0528 Y-0.0455 Z0.2525
X13.0471 Y-0.0403 Z0.2499
X13.0451 Y-0.0385 Z0.2488
X13.0386 Y-0.0326 Z0.2442
X13.0374 Y-0.0316 Z0.2434
X13.0336 Y-0.0284 Z0.2403
X13.0294 Y-0.0249 Z0.2366
X13.0259 Y-0.0219 Z0.2331
X13.022 Y-0.0185 Z0.2291
X13.0204 Y-0.0172 Z0.2273
X13.0172 Y-0.0144 Z0.2228
X13.0143 Y-0.012 Z0.2186
X13.0111 Y-0.0094 Z0.2133
X13.0085 Y-0.0073 Z0.2084
X13.0066 Y-0.0056 Z0.2042
X13.0045 Y-0.0038 Z0.1992
X13.0021 Y-0.0017 Z0.193
X13.0003 Y0. Z0.1869
X12.9989 Y0.0009 Z0.1873
X12.9908 Y0.006 Z0.1891
X12.9835 Y0.0103 Z0.1902
X12.9758 Y0.0149 Z0.1904
X12.9681 Y0.0196 Z0.1898
X12.9648 Y0.0214 Z0.1894
X12.9603 Y0.0238 Z0.1887
X12.9526 Y0.028 Z0.1868
X12.9514 Y0.0286 Z0.1865
X12.9449 Y0.0319 Z0.1888
X12.9372 Y0.0358 Z0.1908
X12.9295 Y0.0392 Z0.1918
X12.9218 Y0.0427 Z0.1925
X12.9177 Y0.0446 Z0.1924
X12.9141 Y0.0462 Z0.1921
X12.9064 Y0.0497 Z0.1913
X12.9045 Y0.0504 Z0.1911
X12.9025 Y0.0511 Z0.1924
X12.8987 Y0.0524 Z0.1967
X12.8948 Y0.0537 Z0.2006
X12.891 Y0.055 Z0.2043
X12.8833 Y0.0578 Z0.2098
X12.877 Y0.06 Z0.2141
X12.8756 Y0.0605 Z0.2149
X12.8678 Y0.0629 Z0.2194
X12.8601 Y0.0653 Z0.2223
X12.8523 Y0.0677 Z0.2247
X12.8447 Y0.0701 Z0.2266
X12.837 Y0.0722 Z0.2278
X12.8293 Y0.0742 Z0.2285
X12.8216 Y0.0762 Z0.2288
X12.8139 Y0.0782 Z0.2282
X12.8062 Y0.08 Z0.2273
X12.7985 Y0.0816 Z0.2262
X12.7907 Y0.0832 Z0.2253
X12.783 Y0.0847 Z0.2247
X12.7753 Y0.0861 Z0.2239
X12.7671 Y0.0872 Z0.2227
X12.7667 Y0.0873 Z0.2234
X12.7426 Z0.4301
X12.7373 Z0.4779
X12.7349 Z0.497
X12.732 Z0.5183
X12.7316 Z0.5239
X12.7314 Y0.0872 Z0.5307
X12.7313 Y0.087 Z0.5342
Y0.0867 Z0.5375
X12.7312 Y0.0861 Z0.5418
Y0.0851 Z0.5468
Y0.0832 Z0.5541
X12.7311 Y0.0816 Z0.5588
X12.731 Y0.0788 Z0.5655
Y0.0754 Z0.5722
X12.7309 Y0.0716 Z0.5785
X12.7307 Y0.0677 Z0.5838
X12.7304 Y0.0639 Z0.5885
X12.7301 Y0.06 Z0.5927
X12.7294 Y0.0523 Z0.6004
X12.729 Y0.0446 Z0.6079
X12.7288 Y0.0369 Z0.6154
X12.7291 Y0.0366 Z0.6156
X12.7368 Y0.0352 Z0.6157
X12.7522 Y0.0319 Z0.6161
X12.7676 Y0.0281 Z0.6163
X12.7753 Y0.026 Z0.6164
X12.783 Y0.0238 Z0.6165
X12.7911 Y0.0214 Z0.6166
X12.7985 Y0.0191 Z0.6167
X12.8062 Y0.0165 Z0.6169
X12.8216 Y0.011 Z0.6171
X12.837 Y0.005 Z0.6172
X12.8447 Y0.0018
X12.8528 Y-0.0017 Z0.6173
X12.8601 Y-0.005
X12.8693 Y-0.0094 Z0.6174
X12.8756 Y-0.0126 Z0.6175
X12.8842 Y-0.0172 Z0.6176
X12.8978 Y-0.0249 Z0.6179
X12.9064 Y-0.0299 Z0.618
X12.9141 Y-0.0347 Z0.6182
X12.9228 Y-0.0403 Z0.6183
X12.9295 Y-0.0447 Z0.6184
X12.9372 Y-0.0501 Z0.6185
X12.9452 Y-0.0557 Z0.6186
X12.9554 Y-0.0635 Z0.6188
X12.9603 Y-0.0673 Z0.6189
X12.9747 Y-0.0789 Z0.619
X12.9836 Y-0.0866 Z0.6191
X12.9921 Y-0.0943 Z0.6193
X13.0001 Y-0.102 Z0.6194
X13.0079 Y-0.1098 Z0.6196
X13.0153 Y-0.1175 Z0.6197
X13.0224 Y-0.1252 Z0.6199
X13.0297 Y-0.1334 Z0.62
X13.0374 Y-0.1424 Z0.6201
X13.0451 Y-0.1519
X13.0485 Y-0.1561 Z0.6202
X13.0544 Y-0.1638
X13.0606 Y-0.1721 Z0.6203
X13.0683 Y-0.1831
X13.0709 Y-0.1869
X13.076 Y-0.1949 Z0.6204
X13.0806 Y-0.2024 Z0.6206
X13.0852 Y-0.2101 Z0.6207
X13.0898 Y-0.2178
X13.0941 Y-0.2255
X13.0991 Y-0.235 Z0.6208
X13.1059 Y-0.2487 Z0.621
X13.1095 Y-0.2564 Z0.6211
X13.113 Y-0.2641 Z0.6212
X13.1196 Y-0.2795
X13.1227 Y-0.2873
X13.1256 Y-0.295 Z0.6213
X13.131 Y-0.3104
X13.1336 Y-0.3181
X13.1376 Y-0.3316 Z0.6214
X13.1403 Y-0.3413 Z0.6213
X13.1423 Y-0.349 Z0.6214
X13.1441 Y-0.3567
X13.1458 Y-0.3644 Z0.6215
X13.1488 Y-0.3799 Z0.6216
X13.1501 Y-0.3876
X13.1514 Y-0.3953
X13.1531 Y-0.4073
X13.1544 Y-0.4184
X13.1551 Y-0.4262
X13.1558 Y-0.4339 Z0.6217
X13.1568 Y-0.4493 Z0.6216
X13.1571 Y-0.457 Z0.6215
X13.1573 Y-0.4647
Y-0.4725 Z0.6216
X13.1571 Y-0.4879
X13.1567 Y-0.4956
X13.1562 Y-0.5033 Z0.6217
X13.1551 Y-0.5188
X13.1544 Y-0.5265 Z0.6216
X13.1531 Y-0.5377
X13.1513 Y-0.5496
X13.1501 Y-0.5574
X13.1487 Y-0.5651
X13.1473 Y-0.5728
X13.1454 Y-0.5823 Z0.6215
X13.1441 Y-0.5882
X13.1422 Y-0.5959 Z0.6214
X13.1403 Y-0.6037
X13.1376 Y-0.6132
X13.1359 Y-0.6191 Z0.6213
X13.1335 Y-0.6268
X13.131 Y-0.6345
X13.1283 Y-0.6422
X13.1256 Y-0.65
X13.1222 Y-0.6588 Z0.6212
X13.1196 Y-0.6654
X13.1145 Y-0.6775 Z0.6211
X13.1096 Y-0.6885 Z0.621
X13.1059 Y-0.6963
X13.1021 Y-0.704 Z0.6209
X13.094 Y-0.7194 Z0.6208
X13.0898 Y-0.7271 Z0.6206
X13.0837 Y-0.7374 Z0.6207
X13.0805 Y-0.7426 Z0.6206
X13.0758 Y-0.7503 Z0.6204
X13.0709 Y-0.758 Z0.6203
X13.0655 Y-0.7657
X13.06 Y-0.7734
X13.0528 Y-0.7831 Z0.6202
X13.0451 Y-0.7931 Z0.6201
X13.0424 Y-0.7966
X13.0359 Y-0.8043 Z0.62
X13.0293 Y-0.812 Z0.6199
X13.022 Y-0.8202
X13.0143 Y-0.8285 Z0.6197
X13.0066 Y-0.8365 Z0.6195
X12.9989 Y-0.8441 Z0.6194
X12.9912 Y-0.8514 Z0.6192
X12.9835 Y-0.8583
X12.9745 Y-0.866 Z0.6191
X12.9652 Y-0.8737 Z0.619
X12.9603 Y-0.8776 Z0.6189
X12.9526 Y-0.8836 Z0.6188
X12.9449 Y-0.8893 Z0.6186
X12.9372 Y-0.8948
X12.9295 Y-0.9001 Z0.6185
X12.9218 Y-0.9051 Z0.6184
X12.9106 Y-0.9123 Z0.6182
X12.9064 Y-0.915 Z0.618
X12.8977 Y-0.9201
X12.8837 Y-0.9278 Z0.6178
X12.8756 Y-0.9321 Z0.6176
X12.8678 Y-0.936 Z0.6175
X12.8601 Y-0.9398 Z0.6174
X12.8524 Y-0.9433 Z0.6173
X12.8447 Y-0.9467 Z0.6172
X12.8345 Y-0.9509 Z0.6171
X12.8293 Y-0.953
X12.8139 Y-0.9587 Z0.617
X12.8062 Y-0.9614 Z0.6169
X12.7985 Y-0.9639 Z0.6168
X12.7908 Y-0.9664 Z0.6166
X12.783 Y-0.9687
X12.7676 Y-0.973 Z0.6163
X12.7599 Y-0.9749 Z0.6162
X12.7522 Y-0.9768 Z0.616
X12.7368 Y-0.9801 Z0.6158
X12.7291 Y-0.9815 Z0.6156
X12.7288 Y-0.9818 Z0.6154
X12.7291 Y-0.9936 Z0.6039
X12.7293 Y-0.9972 Z0.6003
X12.73 Y-1.0049 Z0.5926
X12.7304 Y-1.0088 Z0.5885
X12.7307 Y-1.0127 Z0.5838
X12.7309 Y-1.0165 Z0.5784
X12.731 Y-1.0204 Z0.5721
X12.7311 Y-1.0237 Z0.5654
Y-1.0264 Z0.559
X12.7312 Y-1.0281 Z0.554
Y-1.03 Z0.5466
X12.7313 Y-1.0313 Z0.5392
X12.7314 Y-1.0319 Z0.5338
X12.7315 Y-1.032 Z0.5312
X12.7317 Y-1.0322 Z0.5226
X12.7322 Z0.5169
X12.7347 Z0.4992
X12.7361 Z0.4875
X12.7435 Z0.4225
X12.7565 Z0.3105
X12.7715 Z0.1836
X12.7724 Y-1.0321 Z0.1803
X12.7753 Y-1.0317 Z0.1794
X12.783 Y-1.0306 Z0.1768
X12.7908 Y-1.0293 Z0.1731
X12.7936 Y-1.0287 Z0.1715
X12.7985 Y-1.0277 Z0.1713
X12.8062 Y-1.0262 Z0.1714
X12.8177 Y-1.0238 Z0.1721
X12.8216 Y-1.0228 Z0.174
X12.8304 Y-1.0204 Z0.1771
X12.837 Y-1.0186 Z0.179
X12.8447 Y-1.0165 Z0.1806
X12.8524 Y-1.0142 Z0.1818
X12.8571 Y-1.0127 Z0.1823
X12.8601 Y-1.0117 Z0.1824
X12.8678 Y-1.0092 Z0.1822
X12.8756 Y-1.0067 Z0.1815
X12.8807 Y-1.0049 Z0.1807
X12.8833 Y-1.004 Z0.1801
X12.891 Y-1.0011 Z0.1781
X12.8987 Y-0.9982 Z0.1755
X12.9038 Y-0.9963 Z0.1735
X12.9054 Y-0.9957 Z0.1733
X12.9141 Y-0.9918 Z0.1785
X12.9218 Y-0.9882 Z0.1817
X12.9295 Y-0.9845 Z0.1843
X12.9354 Y-0.9818 Z0.1858
X12.9372 Y-0.9809 Z0.1861
X12.9449 Y-0.9769 Z0.1874
X12.9502 Y-0.9741 Z0.188
X12.9526 Y-0.9728 Z0.1881
X12.9603 Y-0.9688 Z0.1876
X12.965 Y-0.9664 Z0.1871
X12.9681 Y-0.9647 Z0.1867
X12.9758 Y-0.9602 Z0.1853
X12.9854 Y-0.9546 Z0.1818
X12.9873 Y-0.9535 Z0.1819
X12.9915 Y-0.9509 Z0.183
X12.9932 Y-0.9498 Z0.1833
X12.9976 Y-0.9469 Z0.1842
X13.0064 Y-0.9409 Z0.1858
X13.0152 Y-0.9348 Z0.1871
X13.0196 Y-0.9317 Z0.1876
X13.0239 Y-0.9285 Z0.1882
X13.0324 Y-0.922 Z0.1891
X13.0409 Y-0.9155 Z0.1898
X13.0451 Y-0.9121 Z0.1902
X13.0493 Y-0.9087 Z0.1905
X13.0615 Y-0.8981 Z0.1914
X13.0716 Y-0.8892 Z0.1922
X13.076 Y-0.885 Z0.1921
X13.0797 Y-0.8815 Z0.1918
X13.0837 Y-0.8777 Z0.1915
X13.0914 Y-0.8702 Z0.192
X13.0955 Y-0.866 Z0.1924
X13.0991 Y-0.8622 Z0.1923
X13.1068 Y-0.8539 Z0.1914
X13.1099 Y-0.8506
X13.1169 Y-0.8429 Z0.1918
X13.1233 Y-0.8352 Z0.1915
X13.1299 Y-0.8271 Z0.1917
X13.1359 Y-0.8197 Z0.1924
X13.1376 Y-0.8175
X13.1454 Y-0.8071 Z0.1916
X13.1475 Y-0.8043 Z0.1914
X13.1531 Y-0.7966
X13.1584 Y-0.7889 Z0.1918
X13.1608 Y-0.7853
X13.1635 Y-0.7811 Z0.1915
X13.1685 Y-0.7734 Z0.1918
X13.1709 Y-0.7696 Z0.1921
X13.1731 Y-0.7657 Z0.1942
X13.1762 Y-0.7599 Z0.1969
X13.1772 Y-0.758 Z0.1977
X13.1812 Y-0.7503 Z0.2005
X13.1839 Y-0.7453 Z0.202
X13.1854 Y-0.7426 Z0.2027
X13.1894 Y-0.7348 Z0.2044
X13.1916 Y-0.7303 Z0.2051
X13.1931 Y-0.7271 Z0.2055
X13.1969 Y-0.7194 Z0.2062
X13.1993 Y-0.7145 Z0.206
X13.2007 Y-0.7117 Z0.2057
X13.2044 Y-0.704 Z0.2049
X13.207 Y-0.6981 Z0.204
X13.2078 Y-0.6963 Z0.2036
X13.2113 Y-0.6885 Z0.2019
X13.2149 Y-0.6808 Z0.1995
X13.2182 Y-0.6731 Z0.1965
X13.2224 Y-0.6601 Z0.2001
X13.2248 Y-0.6528 Z0.202
Y-0.65 Z0.2109
X13.2249 Y-0.648 Z0.2161
X13.225 Y-0.6461 Z0.2208
X13.2252 Y-0.6422 Z0.2283
X13.2256 Y-0.6384 Z0.2351
X13.226 Y-0.6345 Z0.2412
X13.2265 Y-0.6307 Z0.2467
X13.2271 Y-0.6268 Z0.2515
X13.2278 Y-0.6229 Z0.2558
X13.2284 Y-0.6191 Z0.2598
X13.2296 Y-0.6114 Z0.267
X13.2301 Y-0.607 Z0.2708
X13.2307 Y-0.6037 Z0.273
X13.2319 Y-0.5959 Z0.278
X13.2332 Y-0.5882 Z0.2826
X13.2342 Y-0.5805 Z0.2867
X13.2352 Y-0.5728 Z0.2896
X13.2363 Y-0.5651 Z0.292
X13.2374 Y-0.5574 Z0.2939
X13.2379 Y-0.5543 Z0.2946
X13.2384 Y-0.5496 Z0.2954
X13.2392 Y-0.5419 Z0.2964
X13.24 Y-0.5342 Z0.2971
X13.2408 Y-0.5265 Z0.2974
X13.2416 Y-0.5188 Z0.2973
X13.2421 Y-0.511 Z0.2974
X13.2425 Y-0.5033 Z0.2976
X13.243 Y-0.4956 Z0.297
X13.2435 Y-0.4879 Z0.2962
X13.2436 Y-0.4802 Z0.2948
X13.2438 Y-0.4725 Z0.2932
X13.2441 Y-0.4647 Z0.2911
X13.2443 Y-0.457 Z0.2886
X13.2444 Y-0.4493 Z0.2853
Y-0.4416 Z0.2811
X13.2445 Y-0.4339 Z0.2764
X13.2447 Y-0.4262 Z0.2709
Y-0.4184 Z0.2647
X13.2446 Y-0.4107 Z0.2576
Y-0.4069 Z0.2534
X13.2447 Y-0.403 Z0.249
X13.2449 Y-0.3992 Z0.2436
X13.2451 Y-0.3953 Z0.2377
X13.2454 Y-0.3914 Z0.2312
X13.2456 Y-0.3875 Z0.224
X13.2459 Y-0.3841 Z0.2162
X13.2462 Y-0.382 Z0.2106
X13.2465 Y-0.3799 Z0.2042
Y-0.3794 Z0.2034
X13.2453 Y-0.3721 Z0.2036
X13.244 Y-0.3644 Z0.2029
X13.2426 Y-0.3567 Z0.2018
X13.2409 Y-0.349 Z0.2004
X13.2394 Y-0.3413 Z0.1985
X13.2378 Y-0.3336 Z0.1962
X13.2362 Y-0.3258 Z0.1935
X13.2352 Y-0.322 Z0.1916
X13.2341 Y-0.3181 Z0.1914
X13.2318 Y-0.3104 Z0.1915
X13.2295 Y-0.3027 Z0.1921
X13.227 Y-0.295 Z0.1926
X13.2243 Y-0.2873 Z0.1921
X13.2216 Y-0.2795 Z0.1915
X13.2188 Y-0.2718 Z0.1917
X13.2157 Y-0.2641 Z0.1922
X13.2147 Y-0.2617 Z0.1923
X13.2125 Y-0.2564 Z0.1922
X13.2093 Y-0.2487 Z0.1916
X13.207 Y-0.2434 Z0.1914
X13.2058 Y-0.241 Z0.1926
X13.2019 Y-0.2332 Z0.196
X13.1977 Y-0.2255 Z0.1989
X13.1937 Y-0.2178 Z0.2012
X13.1916 Y-0.2139 Z0.2021
X13.1896 Y-0.2101 Z0.2027
X13.1853 Y-0.2024 Z0.2038
X13.1839 Y-0.2 Z0.204
X13.1808 Y-0.1946 Z0.2043
X13.1762 Y-0.1864 Z0.2041
X13.1727 Y-0.1802 Z0.2035
X13.1719 Y-0.1792 Z0.2045
X13.1701 Y-0.1773 Z0.2097
X13.1685 Y-0.1756 Z0.2141
X13.1665 Y-0.1734 Z0.219
X13.1648 Y-0.1715 Z0.2229
X13.1632 Y-0.1696 Z0.2264
X13.1608 Y-0.1667 Z0.2313
X13.1583 Y-0.1638 Z0.2358
X13.1552 Y-0.1599 Z0.2412
X13.1521 Y-0.1561 Z0.2461
X13.1495 Y-0.1527 Z0.2497
X13.1454 Y-0.1478 Z0.2547
X13.1423 Y-0.1441 Z0.2581
X13.1376 Y-0.1385 Z0.2626
X13.1331 Y-0.1329 Z0.2666
X13.1299 Y-0.129 Z0.2688
X13.1268 Y-0.1252 Z0.2708
X13.1222 Y-0.12 Z0.2732
X13.1201 Y-0.1175 Z0.2743
X13.1145 Y-0.1111 Z0.2766
X13.1068 Y-0.102 Z0.2787
X13.0991 Y-0.0937 Z0.2796
X13.0914 Y-0.0854 Z0.2799
X13.0854 Y-0.0789 Z0.2797
X13.0837 Y-0.0771 Z0.2795
X13.0698 Y-0.0635 Z0.2776
X13.0619 Y-0.0557 Z0.2761
X13.0606 Y-0.0545 Z0.2758
X13.0528 Y-0.0476 Z0.2736
X13.0447 Y-0.0403 Z0.2703
X13.0374 Y-0.0337 Z0.2666
X13.0297 Y-0.0273 Z0.2614
X13.0268 Y-0.0249 Z0.2591
X13.022 Y-0.0209 Z0.2551
X13.0176 Y-0.0172 Z0.251
X13.0143 Y-0.0144 Z0.2477
X13.0079 Y-0.0094 Z0.2408
X13.0027 Y-0.0054 Z0.2338
X12.9982 Y-0.0017 Z0.2266
X12.995 Y0.0009 Z0.2208
X12.9931 Y0.0025 Z0.2168
X12.9912 Y0.0041 Z0.2125
X12.99 Y0.005 Z0.2099
X12.9893 Y0.0055 Z0.2094
X12.9835 Y0.0089 Z0.2102
X12.9755 Y0.0137 Z0.2104
X12.9681 Y0.0182 Z0.2099
X12.9625 Y0.0214 Z0.2093
X12.9603 Y0.0226 Z0.209
X12.9526 Y0.0267 Z0.2074
X12.9479 Y0.0291 Z0.2084
X12.9449 Y0.0306 Z0.2091
X12.9372 Y0.0346 Z0.2109
X12.9324 Y0.0369 Z0.2115
X12.9295 Y0.0382 Z0.2118
X12.9218 Y0.0416 Z0.2125
X12.9141 Y0.0452 Z0.2122
X12.9102 Y0.0469 Z0.2121
X12.9064 Y0.0484 Z0.2161
X12.8987 Y0.0512 Z0.2226
X12.891 Y0.054 Z0.2281
X12.8833 Y0.0567 Z0.233
X12.8756 Y0.0595 Z0.2375
X12.8742 Y0.06 Z0.2381
X12.8678 Y0.0621 Z0.2406
X12.8601 Y0.0645 Z0.2431
X12.8524 Y0.0669 Z0.2452
X12.8498 Y0.0677 Z0.2458
X12.8447 Y0.0693 Z0.2468
X12.837 Y0.0716 Z0.2479
X12.8293 Y0.0736 Z0.2485
X12.8216 Y0.0756 Z0.2488
X12.8139 Y0.0776 Z0.2483
X12.8062 Y0.0795 Z0.2474
X12.7985 Y0.0811 Z0.2464
X12.7884 Y0.0832 Z0.2452
X12.785 Y0.0839 Z0.2449
X12.784 Y0.084 Z0.245
X12.7618 Z0.4354
X12.7565 Z0.4828
X12.7541 Z0.5017
X12.7518 Y0.0841 Z0.5191
X12.7513 Z0.5244
X12.7511 Y0.0839 Z0.5314
X12.751 Y0.0836 Z0.5353
Y0.0832 Z0.5395
Y0.0824 Z0.544
X12.7509 Y0.0809 Z0.5505
Y0.0802 Z0.5532
Y0.0778 Z0.5601
X12.7508 Y0.0754 Z0.5656
X12.7507 Y0.0716 Z0.5731
X12.7506 Y0.0677 Z0.5792
X12.7504 Y0.0639 Z0.5844
X12.7501 Y0.06 Z0.589
X12.7498 Y0.0562 Z0.5931
X12.7491 Y0.0475 Z0.6016
X12.7503 Y0.0469 Z0.6019
X12.7607 Y0.0446 Z0.6022
X12.7676 Y0.0429 Z0.6023
X12.7753 Y0.0409 Z0.6024
X12.7908 Y0.0365 Z0.6027
X12.7985 Y0.0342 Z0.6028
X12.8062 Y0.0317 Z0.6029
X12.8139 Y0.0291 Z0.603
X12.8216 Y0.0263 Z0.6032
X12.8293 Y0.0235
X12.837 Y0.0205 Z0.6033
X12.8447 Y0.0174
X12.8536 Y0.0137 Z0.6035
X12.8601 Y0.0108
X12.8706 Y0.006
X12.8756 Y0.0036 Z0.6036
X12.8833 Y-0.0002 Z0.6037
X12.891 Y-0.0044 Z0.6039
X12.9001 Y-0.0094 Z0.6041
X12.9064 Y-0.0131 Z0.6042
X12.9141 Y-0.0176 Z0.6043
X12.9295 Y-0.0272 Z0.6046
X12.9376 Y-0.0326 Z0.6048
X12.9487 Y-0.0403 Z0.6049
X12.9526 Y-0.0431
X12.9603 Y-0.0488 Z0.6051
X12.9693 Y-0.0557 Z0.6052
X12.9758 Y-0.0609 Z0.6054
X12.9835 Y-0.0672
X12.9912 Y-0.0738 Z0.6055
X12.9989 Y-0.0806 Z0.6056
X13.0066 Y-0.0879 Z0.6058
X13.0143 Y-0.0954 Z0.6059
X13.022 Y-0.1032 Z0.6061
X13.0297 Y-0.1114 Z0.6063
X13.0374 Y-0.1199 Z0.6064
X13.0421 Y-0.1252 Z0.6065
X13.0487 Y-0.1329 Z0.6066
X13.055 Y-0.1406
X13.0612 Y-0.1483 Z0.6067
X13.0683 Y-0.1576
X13.076 Y-0.1683 Z0.6068
X13.0836 Y-0.1792 Z0.6069
X13.0885 Y-0.1869 Z0.607
X13.0932 Y-0.1946 Z0.6072
X13.0991 Y-0.2044 Z0.6073
X13.1025 Y-0.2101 Z0.6072
X13.1068 Y-0.2179 Z0.6073
X13.1109 Y-0.2255 Z0.6074
X13.1148 Y-0.2332 Z0.6075
X13.1223 Y-0.2487 Z0.6077
X13.1258 Y-0.2564 Z0.6078
X13.1325 Y-0.2718
X13.1357 Y-0.2795 Z0.6079
X13.1386 Y-0.2873
X13.1441 Y-0.3027
X13.1467 Y-0.3104 Z0.608
X13.1492 Y-0.3181
X13.1531 Y-0.3314
X13.1557 Y-0.3413
X13.1576 Y-0.349
X13.1594 Y-0.3567 Z0.6081
X13.161 Y-0.3644 Z0.6082
X13.1625 Y-0.3721
X13.1652 Y-0.3876 Z0.6083
X13.1665 Y-0.3953
X13.1676 Y-0.403
X13.1685 Y-0.4107
X13.1694 Y-0.4184
X13.1701 Y-0.4262
X13.1707 Y-0.4339 Z0.6084
X13.1717 Y-0.4493 Z0.6083
X13.1721 Y-0.457 Z0.6082
X13.1723 Y-0.4647
X13.1721 Y-0.4802 Z0.6083
X13.172 Y-0.4879
X13.1716 Y-0.4956
X13.1707 Y-0.511 Z0.6084
X13.1701 Y-0.5188
X13.1693 Y-0.5265 Z0.6083
X13.1685 Y-0.5342
X13.1675 Y-0.5419
X13.1664 Y-0.5496
X13.1639 Y-0.5651
X13.1625 Y-0.5728
X13.1608 Y-0.5815 Z0.6082
X13.1593 Y-0.5882 Z0.6081
X13.1575 Y-0.5959
X13.1557 Y-0.6037
X13.1531 Y-0.6134 Z0.608
X13.1491 Y-0.6268
X13.1467 Y-0.6345
X13.1441 Y-0.6422 Z0.6079
X13.1386 Y-0.6577
X13.1356 Y-0.6654
X13.1299 Y-0.6792 Z0.6077
X13.1259 Y-0.6885
X13.1222 Y-0.6966 Z0.6076
X13.1187 Y-0.704 Z0.6075
X13.1145 Y-0.7123
X13.1108 Y-0.7194
X13.1067 Y-0.7271 Z0.6073
X13.1024 Y-0.7348 Z0.6072
X13.0979 Y-0.7426 Z0.6073
X13.0914 Y-0.7532 Z0.6071
X13.0884 Y-0.758 Z0.607
X13.0835 Y-0.7657 Z0.6069
X13.076 Y-0.7766 Z0.6068
X13.067 Y-0.7889
X13.0606 Y-0.7973 Z0.6067
X13.0528 Y-0.807 Z0.6066
X13.0487 Y-0.812 Z0.6065
X13.0421 Y-0.8197
X13.0297 Y-0.8335 Z0.6062
X13.0209 Y-0.8429 Z0.606
X13.0132 Y-0.8506 Z0.6059
X13.0053 Y-0.8583 Z0.6058
X12.9968 Y-0.866 Z0.6056
X12.988 Y-0.8737 Z0.6055
X12.9835 Y-0.8776
X12.9758 Y-0.884 Z0.6054
X12.9681 Y-0.8901 Z0.6052
X12.9592 Y-0.8969 Z0.6051
X12.9526 Y-0.9018 Z0.605
X12.9449 Y-0.9072 Z0.6048
X12.9372 Y-0.9125
X12.9256 Y-0.9201 Z0.6046
X12.9133 Y-0.9278 Z0.6043
X12.9064 Y-0.9318
X12.8987 Y-0.9361 Z0.6041
X12.8833 Y-0.9444 Z0.6039
X12.8756 Y-0.9484 Z0.6037
X12.8678 Y-0.9521 Z0.6036
X12.8601 Y-0.9556 Z0.6035
X12.8524 Y-0.9591
X12.8447 Y-0.9623 Z0.6033
X12.8345 Y-0.9664
X12.8293 Y-0.9684 Z0.6032
X12.8216 Y-0.9712
X12.8134 Y-0.9741 Z0.603
X12.7985 Y-0.9791 Z0.6028
X12.7895 Y-0.9818 Z0.6027
X12.7753 Y-0.9857 Z0.6024
X12.7676 Y-0.9878 Z0.6023
X12.7599 Y-0.9896 Z0.6022
X12.7503 Y-0.9918 Z0.6019
X12.749 Y-0.9924 Z0.6016
X12.7497 Y-1.0011 Z0.5931
X12.7501 Y-1.0049 Z0.589
X12.7504 Y-1.0088 Z0.5844
X12.7506 Y-1.0127 Z0.5791
X12.7507 Y-1.0165 Z0.573
X12.7508 Y-1.0204 Z0.5655
X12.7509 Y-1.0227 Z0.5601
Y-1.025 Z0.5533
X12.751 Y-1.0265 Z0.5475
Y-1.0273 Z0.5438
Y-1.0281 Z0.5391
X12.7511 Y-1.0285 Z0.5356
X12.7512 Y-1.0287 Z0.5326
X12.7514 Y-1.0289 Z0.5257
X12.7516 Y-1.029 Z0.5212
X12.7522 Z0.516
X12.7544 Y-1.0289 Z0.5007
X12.7565 Z0.4821
X12.7657 Z0.4026
X12.7763 Z0.3114
X12.7898 Z0.1968
X12.7903 Y-1.0288 Z0.1953
X12.7985 Y-1.0273 Z0.1914
X12.8062 Y-1.0257 Z0.1915
X12.8139 Y-1.0241 Z0.1924
X12.8216 Y-1.0221 Z0.1952
X12.8293 Y-1.02 Z0.1976
X12.837 Y-1.018 Z0.1994
X12.8447 Y-1.0159 Z0.2009
X12.8524 Y-1.0134 Z0.2019
X12.8548 Y-1.0127 Z0.2022
X12.8601 Y-1.0109 Z0.2024
X12.8678 Y-1.0084 Z0.2022
X12.8756 Y-1.0059 Z0.2016
X12.8784 Y-1.0049 Z0.2012
X12.8833 Y-1.0031 Z0.2005
X12.891 Y-1.0002 Z0.1986
X12.8989 Y-0.9972 Z0.1963
X12.9025 Y-0.9959 Z0.195
X12.9064 Y-0.9943 Z0.1968
X12.9141 Y-0.9907 Z0.2
X12.9166 Y-0.9895 Z0.201
X12.9218 Y-0.987 Z0.2027
X12.9295 Y-0.9834 Z0.2049
X12.933 Y-0.9818 Z0.2057
X12.9372 Y-0.9797 Z0.2064
X12.9449 Y-0.9756 Z0.2075
X12.9479 Y-0.9741 Z0.2078
X12.9526 Y-0.9716 Z0.208
X12.9603 Y-0.9675 Z0.2076
X12.9626 Y-0.9664 Z0.2074
X12.9681 Y-0.9633 Z0.2067
X12.976 Y-0.9586 Z0.2054
X12.9835 Y-0.9543 Z0.2032
X12.9864 Y-0.9526 Z0.2023
X12.9912 Y-0.9497 Z0.2033
X12.9989 Y-0.9444 Z0.2048
X13.0007 Y-0.9432 Z0.2051
X13.0066 Y-0.9391 Z0.2054
X13.012 Y-0.9355 Z0.2057
X13.0143 Y-0.9339
X13.023 Y-0.9278 Z0.2049
X13.0297 Y-0.9227 Z0.2035
X13.0333 Y-0.9201 Z0.2027
X13.0374 Y-0.917 Z0.2013
X13.0438 Y-0.9123 Z0.1989
X13.0451 Y-0.9113 Z0.1983
X13.0528 Y-0.9052 Z0.1945
X13.0586 Y-0.9005 Z0.1913
X13.0615 Y-0.8981 Z0.1914
X13.0657 Y-0.8945 Z0.1918
X13.0698 Y-0.8908 Z0.1927
X13.0737 Y-0.887 Z0.1939
X13.0775 Y-0.8833 Z0.1953
X13.0814 Y-0.8795 Z0.1969
X13.0851 Y-0.8757 Z0.1986
X13.0924 Y-0.868 Z0.2022
X13.096 Y-0.8641 Z0.204
X13.0995 Y-0.8602 Z0.2058
X13.1031 Y-0.8562 Z0.2074
X13.1066 Y-0.8521 Z0.2088
X13.1102 Y-0.8481 Z0.21
X13.1138 Y-0.8439 Z0.2109
X13.1173 Y-0.8397 Z0.2114
X13.1208 Y-0.8354 Z0.2115
X13.1222 Y-0.8337 Z0.2114
X13.1273 Y-0.8274 Z0.2115
X13.1336 Y-0.8197 Z0.2122
X13.1376 Y-0.8144
X13.1454 Y-0.804 Z0.2114
X13.1508 Y-0.7966 Z0.2113
X13.1531 Y-0.7934 Z0.2114
X13.1561 Y-0.7889 Z0.2116
X13.1611 Y-0.7811 Z0.2115
X13.1661 Y-0.7734 Z0.2116
X13.1685 Y-0.7694 Z0.2134
X13.1707 Y-0.7657 Z0.2152
X13.1748 Y-0.758 Z0.2182
X13.1762 Y-0.7553 Z0.2192
X13.1789 Y-0.7503 Z0.2208
X13.1839 Y-0.741 Z0.2231
X13.1871 Y-0.7348 Z0.2243
X13.1908 Y-0.7271 Z0.2254
X13.1946 Y-0.7194 Z0.226
X13.1984 Y-0.7117 Z0.2257
X13.1993 Y-0.7099 Z0.2256
X13.2021 Y-0.704 Z0.2249
X13.2055 Y-0.6963 Z0.2239
X13.207 Y-0.6928 Z0.2233
X13.2089 Y-0.6885 Z0.2224
X13.2124 Y-0.6808 Z0.2204
X13.2147 Y-0.6755 Z0.2188
X13.2157 Y-0.6731 Z0.2179
X13.2165 Y-0.6712 Z0.2174
X13.2177 Y-0.6673 Z0.2184
X13.218 Y-0.6635 Z0.2279
X13.2182 Y-0.6615 Z0.2319
X13.2187 Y-0.6577 Z0.2394
X13.2193 Y-0.6538 Z0.2462
X13.22 Y-0.65 Z0.2524
X13.2206 Y-0.6461 Z0.258
X13.2212 Y-0.6422 Z0.2628
X13.2219 Y-0.6384 Z0.2673
X13.2225 Y-0.6345 Z0.2714
X13.2239 Y-0.6268 Z0.279
X13.2254 Y-0.6191 Z0.286
X13.2267 Y-0.6114 Z0.2913
X13.228 Y-0.6037 Z0.2961
X13.2293 Y-0.5959 Z0.3006
X13.2306 Y-0.5882 Z0.3048
X13.2318 Y-0.5805 Z0.3077
X13.2328 Y-0.5728 Z0.3102
X13.2339 Y-0.5651 Z0.3124
X13.2351 Y-0.5574 Z0.3142
X13.2361 Y-0.5496 Z0.3154
X13.2368 Y-0.5419 Z0.3163
X13.2377 Y-0.5342 Z0.3169
X13.2385 Y-0.5265 Z0.3172
X13.2393 Y-0.5188
X13.2397 Y-0.511
X13.2402 Y-0.5033 Z0.3174
X13.2407 Y-0.4956 Z0.3169
X13.2411 Y-0.4879 Z0.3162
X13.2413 Y-0.4802 Z0.315
X13.2415 Y-0.4725 Z0.3135
X13.2417 Y-0.4647 Z0.3117
X13.2419 Y-0.457 Z0.3095
X13.2418 Y-0.4493 Z0.3069
Y-0.4416 Z0.3036
Y-0.4339 Z0.2995
X13.2419 Y-0.4262 Z0.2949
X13.2417 Y-0.4184 Z0.2897
X13.2415 Y-0.4107 Z0.2838
X13.2414 Y-0.403 Z0.2773
Y-0.3953 Z0.27
Y-0.3914 Z0.2658
X13.2412 Y-0.3876 Z0.2613
Y-0.3837 Z0.2558
Y-0.3799 Z0.2499
X13.2413 Y-0.376 Z0.2436
X13.2414 Y-0.3721 Z0.2367
X13.2416 Y-0.3683 Z0.2289
X13.2418 Y-0.3664 Z0.2245
Y-0.3654 Z0.2229
X13.2417 Y-0.3644 Z0.2228
X13.2402 Y-0.3567 Z0.2218
X13.2386 Y-0.349 Z0.2205
X13.2379 Y-0.3455 Z0.2198
X13.237 Y-0.3413 Z0.2188
X13.2354 Y-0.3336 Z0.2167
X13.2337 Y-0.3258 Z0.2143
X13.2318 Y-0.3181 Z0.2114
X13.2301 Y-0.3125
X13.2272 Y-0.3027 Z0.2121
X13.2247 Y-0.295 Z0.2125
X13.222 Y-0.2873 Z0.212
X13.2193 Y-0.2795 Z0.2114
X13.2164 Y-0.2718 Z0.2117
X13.2147 Y-0.2672 Z0.212
X13.2134 Y-0.2641 Z0.2122
X13.2102 Y-0.2564 Z0.2121
X13.2069 Y-0.2487 Z0.2114
X13.2033 Y-0.241 Z0.2144
X13.1993 Y-0.2331 Z0.2174
X13.1953 Y-0.2255 Z0.2198
X13.1913 Y-0.2178 Z0.2217
X13.1873 Y-0.2101 Z0.2229
X13.1829 Y-0.2024 Z0.2238
X13.1785 Y-0.1946 Z0.2241
X13.1766 Y-0.1912
X13.1762 Y-0.1907 Z0.2247
X13.1731 Y-0.1869 Z0.2326
X13.17 Y-0.1829 Z0.2398
X13.1685 Y-0.1809 Z0.2431
X13.1671 Y-0.1792 Z0.2457
X13.1642 Y-0.1756 Z0.2511
X13.1608 Y-0.1713 Z0.2568
X13.1578 Y-0.1676 Z0.2614
X13.1549 Y-0.1638 Z0.2655
X13.1531 Y-0.1614 Z0.2678
X13.149 Y-0.1561 Z0.2729
X13.1454 Y-0.1513 Z0.2768
X13.1429 Y-0.1483 Z0.2792
X13.1376 Y-0.1419 Z0.2839
X13.1366 Y-0.1406 Z0.2848
X13.1299 Y-0.1322 Z0.2893
X13.1243 Y-0.1252 Z0.2925
X13.1222 Y-0.1228 Z0.2935
X13.1176 Y-0.1175 Z0.2954
X13.1145 Y-0.1139 Z0.2965
X13.1068 Y-0.1048 Z0.2985
X13.1045 Y-0.102 Z0.2989
X13.0991 Y-0.0962 Z0.2995
X13.0902 Y-0.0866 Z0.2998
X13.0831 Y-0.0789 Z0.2996
X13.0753 Y-0.0712 Z0.2986
X13.0674 Y-0.0635 Z0.2975
X13.0596 Y-0.0557 Z0.296
X13.0528 Y-0.0497 Z0.2943
X13.051 Y-0.048 Z0.2937
X13.0451 Y-0.0428 Z0.2917
X13.0424 Y-0.0403 Z0.2906
X13.0374 Y-0.0359 Z0.2885
X13.0337 Y-0.0326 Z0.2865
X13.0297 Y-0.0294 Z0.2845
X13.022 Y-0.023 Z0.2793
X13.0143 Y-0.0166 Z0.2732
X13.0109 Y-0.0138 Z0.2703
X13.0066 Y-0.0106 Z0.2663
X13.0051 Y-0.0094 Z0.2649
X12.9989 Y-0.0047 Z0.2584
X12.995 Y-0.0017 Z0.2541
X12.9912 Y0.0013 Z0.2488
X12.9877 Y0.004 Z0.2437
X12.9849 Y0.006 Z0.2394
X12.9796 Y0.0098 Z0.2303
X12.9758 Y0.0121 Z0.2304
X12.9731 Y0.0137 Z0.2303
X12.9681 Y0.0168 Z0.2299
X12.9602 Y0.0214 Z0.2292
X12.9526 Y0.0255 Z0.2278
X12.9372 Y0.0334 Z0.2309
X12.9295 Y0.0371 Z0.2318
X12.9218 Y0.0406 Z0.2325
X12.917 Y0.0428 Z0.2323
X12.916 Y0.0432 Z0.2329
X12.9126 Y0.0446 Z0.2359
X12.9064 Y0.0471 Z0.2409
X12.8987 Y0.0502 Z0.2463
X12.8927 Y0.0523 Z0.2501
X12.8833 Y0.0557 Z0.2556
X12.8756 Y0.0585 Z0.2588
X12.8716 Y0.06 Z0.2602
X12.8678 Y0.0613 Z0.2614
X12.8601 Y0.0637 Z0.2637
X12.8524 Y0.0661 Z0.2656
X12.8474 Y0.0677 Z0.2665
X12.837 Y0.071 Z0.2679
X12.8293 Y0.073 Z0.2685
X12.8216 Y0.075 Z0.2688
X12.8139 Y0.077 Z0.2683
X12.8062 Y0.079 Z0.2675
X12.8014 Y0.08 Z0.2669
X12.8004 Y0.0801 Z0.2738
X12.7811 Z0.4395
X12.7763 Y0.08 Z0.4827
X12.7744 Z0.4981
X12.7715 Y0.0801 Z0.5197
X12.771 Z0.5244
X12.7707 Y0.0799 Z0.532
X12.7706 Y0.0795 Z0.5375
Y0.0788 Z0.542
Y0.0774 Z0.549
X12.7705 Y0.0754 Z0.5557
Y0.0716 Z0.5654
X12.7704 Y0.0677 Z0.5729
X12.7703 Y0.0634 Z0.5797
X12.7701 Y0.06 Z0.5843
X12.7699 Y0.0571 Z0.5878
X12.7715 Y0.0565 Z0.5881
X12.7869 Y0.0523 Z0.5883
X12.7985 Y0.049 Z0.5886
X12.8062 Y0.0466 Z0.5887
X12.8139 Y0.044 Z0.5888
X12.8293 Y0.0387 Z0.5892
X12.8447 Y0.0327
X12.8536 Y0.0291 Z0.5894
X12.8601 Y0.0264 Z0.5895
X12.8756 Y0.0194
X12.8875 Y0.0137 Z0.5898
X12.8987 Y0.0077 Z0.5899
X12.9141 Y-0.0009 Z0.5904
X12.9218 Y-0.0055
X12.9372 Y-0.0151 Z0.5907
X12.9405 Y-0.0172 Z0.5909
X12.9526 Y-0.0255 Z0.591
X12.9628 Y-0.0326 Z0.5912
X12.9681 Y-0.0365 Z0.5913
X12.9758 Y-0.0425 Z0.5914
X12.9835 Y-0.0485 Z0.5915
X12.9912 Y-0.0547 Z0.5917
X13.0014 Y-0.0635
X13.0101 Y-0.0712 Z0.5919
X13.0143 Y-0.0751 Z0.5921
X13.0261 Y-0.0866 Z0.5923
X13.0338 Y-0.0943 Z0.5925
X13.0374 Y-0.0982 Z0.5926
X13.048 Y-0.1098 Z0.5927
X13.0548 Y-0.1175 Z0.5929
X13.0613 Y-0.1252 Z0.593
X13.0683 Y-0.1337
X13.076 Y-0.1434 Z0.5932
X13.0797 Y-0.1483 Z0.5931
X13.0853 Y-0.1561 Z0.5932
X13.0914 Y-0.1646 Z0.5933
X13.0961 Y-0.1715
X13.101 Y-0.1792 Z0.5934
X13.1105 Y-0.1946 Z0.5938
X13.115 Y-0.2024 Z0.5937
X13.1193 Y-0.2101 Z0.5938
X13.1235 Y-0.2178 Z0.5939
X13.1275 Y-0.2255 Z0.594
X13.135 Y-0.241 Z0.5942
X13.1386 Y-0.2487 Z0.5944
X13.1454 Y-0.2643 Z0.5943
X13.1485 Y-0.2718 Z0.5944
X13.1516 Y-0.2795 Z0.5945
X13.1571 Y-0.295
X13.1608 Y-0.3055 Z0.5946
X13.1646 Y-0.3181 Z0.5945
X13.1685 Y-0.3315 Z0.5946
X13.1691 Y-0.3336 Z0.5947
X13.171 Y-0.3413 Z0.5946
X13.1728 Y-0.349
X13.1745 Y-0.3567 Z0.5947
X13.1762 Y-0.3644 Z0.5949
X13.179 Y-0.3799
X13.1815 Y-0.3953 Z0.595
X13.1825 Y-0.403 Z0.5949
X13.1839 Y-0.4145
X13.1851 Y-0.4262 Z0.595
X13.1866 Y-0.4493 Z0.5949
X13.187 Y-0.457
X13.1871 Y-0.4647 Z0.5948
X13.1869 Y-0.4879 Z0.595
X13.1865 Y-0.4956
X13.185 Y-0.5188 Z0.5951
X13.1839 Y-0.5299 Z0.5949
X13.1825 Y-0.5419
X13.1815 Y-0.5496 Z0.595
X13.1789 Y-0.5651 Z0.5949
X13.1776 Y-0.5728
X13.1761 Y-0.5805
X13.1745 Y-0.5882 Z0.5948
X13.171 Y-0.6037 Z0.5947
X13.169 Y-0.6114
X13.1668 Y-0.6191 Z0.5946
X13.1623 Y-0.6345
X13.1608 Y-0.6394
X13.1571 Y-0.65 Z0.5945
X13.1515 Y-0.6654
X13.1485 Y-0.6731 Z0.5944
X13.1453 Y-0.6808 Z0.5943
X13.142 Y-0.6885
X13.1387 Y-0.6963
X13.1351 Y-0.704 Z0.5941
X13.1299 Y-0.7144
X13.1275 Y-0.7194 Z0.594
X13.1234 Y-0.7271
X13.1193 Y-0.7348 Z0.5938
X13.1145 Y-0.7434 Z0.5937
X13.1105 Y-0.7503 Z0.5938
X13.101 Y-0.7657 Z0.5934
X13.0961 Y-0.7734 Z0.5933
X13.0907 Y-0.7811
X13.0796 Y-0.7966 Z0.5932
X13.076 Y-0.8014
X13.0676 Y-0.812 Z0.593
X13.0606 Y-0.8207 Z0.5929
X13.0548 Y-0.8274
X13.0451 Y-0.8382 Z0.5927
X13.0374 Y-0.8467 Z0.5926
X13.0338 Y-0.8506 Z0.5925
X13.0261 Y-0.8583 Z0.5922
X13.0182 Y-0.866 Z0.5921
X13.0143 Y-0.8698
X13.0066 Y-0.8768 Z0.5919
X12.9989 Y-0.8835 Z0.5918
X12.9912 Y-0.8902
X12.9828 Y-0.8969 Z0.5915
X12.9729 Y-0.9046 Z0.5914
X12.9681 Y-0.9084 Z0.5913
X12.9603 Y-0.914 Z0.5911
X12.9517 Y-0.9201 Z0.591
X12.9449 Y-0.9247 Z0.5909
X12.9402 Y-0.9278
X12.9218 Y-0.9394 Z0.5904
X12.9141 Y-0.944
X12.8987 Y-0.9524 Z0.5901
X12.8871 Y-0.9586 Z0.5899
X12.8833 Y-0.9605 Z0.5898
X12.8756 Y-0.9642 Z0.5896
X12.8601 Y-0.9713 Z0.5895
X12.8524 Y-0.9745 Z0.5893
X12.8447 Y-0.9776 Z0.5892
X12.834 Y-0.9818
X12.8293 Y-0.9836
X12.8119 Y-0.9895 Z0.5888
X12.8062 Y-0.9914 Z0.5887
X12.7985 Y-0.9939 Z0.5886
X12.7867 Y-0.9972 Z0.5883
X12.7715 Y-1.0013 Z0.5881
X12.7698 Y-1.002 Z0.5878
X12.7701 Y-1.0049 Z0.5843
X12.7703 Y-1.0083 Z0.5797
X12.7704 Y-1.0127 Z0.5728
X12.7705 Y-1.0165 Z0.5653
X12.7706 Y-1.0204 Z0.5555
Y-1.0223 Z0.5488
Y-1.023 Z0.5455
Y-1.0239 Z0.5408
X12.7707 Y-1.0244 Z0.5373
Y-1.0247 Z0.5342
X12.7708 Y-1.0248 Z0.5317
X12.771 Y-1.025 Z0.5256
X12.7715 Z0.52
X12.7734 Y-1.0249 Z0.5062
X12.7749 Z0.4947
X12.7826 Z0.4274
X12.7961 Y-1.025 Z0.3113
X12.8071 Y-1.0249 Z0.2171
X12.8081 Z0.2118
X12.81 Y-1.0245 Z0.2122
X12.8139 Y-1.0236 Z0.2136
X12.8216 Y-1.0215 Z0.2161
X12.8257 Y-1.0204 Z0.2173
X12.8293 Y-1.0194 Z0.2181
X12.837 Y-1.0173 Z0.2198
X12.8447 Y-1.0152 Z0.2211
X12.8524 Y-1.0127 Z0.222
X12.8601 Y-1.0102 Z0.2224
X12.8678 Y-1.0077 Z0.2222
X12.876 Y-1.0049 Z0.2215
X12.8833 Y-1.0022 Z0.2206
X12.891 Y-0.9993 Z0.219
X12.8964 Y-0.9972 Z0.2176
X12.9006 Y-0.9956 Z0.2164
X12.9025 Y-0.9949 Z0.2167
X12.9064 Y-0.9932 Z0.2183
X12.9142 Y-0.9895 Z0.2212
X12.9218 Y-0.9859 Z0.2234
X12.9295 Y-0.9823 Z0.2254
X12.9372 Y-0.9785 Z0.2266
X12.9455 Y-0.9741 Z0.2277
X12.9526 Y-0.9703 Z0.228
X12.9603 Y-0.9663 Z0.2276
X12.9681 Y-0.9619 Z0.2267
X12.9758 Y-0.9574 Z0.2255
X12.9868 Y-0.9509 Z0.2228
X12.9912 Y-0.9482 Z0.2237
X12.9989 Y-0.9428 Z0.225
X13.0096 Y-0.9355 Z0.2256
X13.0143 Y-0.9323 Z0.2257
X13.022 Y-0.9267 Z0.2249
X13.0309 Y-0.9201 Z0.2233
X13.0374 Y-0.9152 Z0.2217
X13.0413 Y-0.9123 Z0.2204
X13.0451 Y-0.9094 Z0.2189
X13.051 Y-0.9046 Z0.2163
X13.0606 Y-0.8969 Z0.2114
X13.0693 Y-0.8892 Z0.2121
X13.076 Y-0.8828 Z0.212
X13.0774 Y-0.8815 Z0.2119
X13.0837 Y-0.8754 Z0.2115
X13.0914 Y-0.8679 Z0.2121
X13.0932 Y-0.866 Z0.2122
X13.0991 Y-0.8597 Z0.2121
X13.1068 Y-0.8514 Z0.2113
X13.1146 Y-0.8429 Z0.2117
X13.1208 Y-0.8354 Z0.2115
X13.1243 Y-0.8311 Z0.2116
X13.1278 Y-0.8268 Z0.2121
X13.1313 Y-0.8225 Z0.2128
X13.1346 Y-0.8182 Z0.2139
X13.1378 Y-0.8139 Z0.2152
X13.1409 Y-0.8095 Z0.2167
X13.144 Y-0.8051 Z0.2184
X13.147 Y-0.8007 Z0.2203
X13.1499 Y-0.7963 Z0.2222
X13.1556 Y-0.7875 Z0.2264
X13.1611 Y-0.7785 Z0.2305
X13.1637 Y-0.7739 Z0.2325
X13.1663 Y-0.7692 Z0.2345
X13.1689 Y-0.7645 Z0.2363
X13.1724 Y-0.758 Z0.2387
X13.1765 Y-0.7503 Z0.2409
X13.1807 Y-0.7426 Z0.2428
X13.1839 Y-0.7366 Z0.244
X13.1885 Y-0.7271 Z0.2453
X13.1922 Y-0.7194 Z0.2459
X13.1961 Y-0.7117 Z0.2457
X13.1997 Y-0.704 Z0.245
X13.2031 Y-0.6963 Z0.2441
X13.2065 Y-0.6885 Z0.2429
X13.2111 Y-0.6785 Z0.2405
X13.2115 Y-0.6761 Z0.2445
X13.2119 Y-0.6731 Z0.2502
X13.2125 Y-0.6692 Z0.257
X13.2132 Y-0.6654 Z0.2632
X13.2139 Y-0.6615 Z0.2688
X13.2147 Y-0.6577 Z0.2739
X13.2156 Y-0.6538 Z0.2786
X13.2164 Y-0.65 Z0.283
X13.2173 Y-0.6461 Z0.287
X13.218 Y-0.6422 Z0.2908
X13.2194 Y-0.6345 Z0.298
X13.221 Y-0.6268 Z0.3042
X13.2226 Y-0.6191 Z0.3094
X13.2241 Y-0.6114 Z0.3143
X13.2253 Y-0.6037 Z0.3187
X13.2267 Y-0.5959 Z0.3228
X13.2281 Y-0.5882 Z0.3259
X13.2294 Y-0.5805 Z0.3285
X13.2304 Y-0.5728 Z0.3307
X13.2316 Y-0.5651 Z0.3327
X13.2327 Y-0.5574 Z0.3342
X13.2337 Y-0.5496 Z0.3354
X13.2345 Y-0.5419 Z0.3362
X13.2354 Y-0.5342 Z0.3368
X13.2362 Y-0.5265 Z0.3371
X13.237 Y-0.5188
X13.2374 Y-0.511
X13.2379 Y-0.5032 Z0.3373
X13.2383 Y-0.4956 Z0.3368
X13.2388 Y-0.4879 Z0.3362
X13.239 Y-0.4802 Z0.3351
X13.2391 Y-0.4725 Z0.3337
X13.2393 Y-0.4647 Z0.3321
X13.2395 Y-0.457 Z0.3301
X13.2394 Y-0.4493 Z0.3278
X13.2393 Y-0.4416 Z0.3252
X13.2392 Y-0.4339 Z0.3218
Y-0.4262 Z0.3179
X13.239 Y-0.4184 Z0.3133
X13.2387 Y-0.4107 Z0.3083
X13.2384 Y-0.403 Z0.3028
X13.2383 Y-0.3953 Z0.2966
X13.2379 Y-0.3876 Z0.2898
X13.2375 Y-0.3799 Z0.2821
X13.2373 Y-0.376 Z0.2778
X13.2371 Y-0.3721 Z0.2733
Y-0.3683 Z0.2679
Y-0.3644 Z0.2621
Y-0.3606 Z0.2559
Y-0.3567 Z0.2491
X13.237 Y-0.3528 Z0.2417
X13.2363 Y-0.349 Z0.2406
X13.2346 Y-0.3413 Z0.2391
X13.233 Y-0.3336 Z0.2371
X13.2313 Y-0.3258 Z0.2349
X13.2301 Y-0.3212 Z0.2334
X13.2294 Y-0.3181 Z0.2323
X13.2283 Y-0.3143 Z0.2313
X13.2248 Y-0.3027 Z0.232
X13.2224 Y-0.295 Z0.2323
X13.2169 Y-0.2795 Z0.2313
X13.2147 Y-0.2735 Z0.2315
X13.2111 Y-0.2641 Z0.232
X13.2078 Y-0.2564 Z0.2319
X13.207 Y-0.2544 Z0.2318
X13.2054 Y-0.2506 Z0.2321
X13.2008 Y-0.241 Z0.2358
X13.1993 Y-0.2378 Z0.2369
X13.197 Y-0.2332 Z0.2383
X13.1916 Y-0.2231 Z0.2411
X13.1889 Y-0.2178 Z0.242
X13.1839 Y-0.2081 Z0.2433
X13.1806 Y-0.2024 Z0.2438
X13.1777 Y-0.1985 Z0.2498
X13.1762 Y-0.1965 Z0.2532
X13.1748 Y-0.1946 Z0.2563
X13.1718 Y-0.1907 Z0.262
X13.1685 Y-0.1861 Z0.2683
X13.1662 Y-0.1829 Z0.2723
X13.1635 Y-0.1792 Z0.2767
X13.1608 Y-0.1756 Z0.2805
X13.1576 Y-0.1715 Z0.2845
X13.1531 Y-0.1654 Z0.2901
X13.149 Y-0.1599 Z0.2946
X13.1454 Y-0.155 Z0.2982
X13.1401 Y-0.1483 Z0.3029
X13.134 Y-0.1406 Z0.307
X13.128 Y-0.1329 Z0.3106
X13.1218 Y-0.1252 Z0.3137
X13.1152 Y-0.1175 Z0.3162
X13.1068 Y-0.1076 Z0.3183
X13.1021 Y-0.102 Z0.319
X13.0991 Y-0.0987 Z0.3193
X13.0914 Y-0.0904 Z0.3197
X13.0879 Y-0.0866
X13.0837 Y-0.0821 Z0.3196
X13.0807 Y-0.0789 Z0.3194
X13.073 Y-0.0712 Z0.3184
X13.0651 Y-0.0635 Z0.3174
X13.0573 Y-0.0557 Z0.3159
X13.0528 Y-0.0518 Z0.3149
X13.0486 Y-0.048 Z0.3138
X13.0451 Y-0.0449 Z0.3127
X13.04 Y-0.0403 Z0.3109
X13.0374 Y-0.038 Z0.3099
X13.0312 Y-0.0326 Z0.3072
X13.0217 Y-0.0249 Z0.3023
X13.0143 Y-0.0187 Z0.2973
X13.0124 Y-0.0172 Z0.2959
X13.0066 Y-0.0125 Z0.2914
X13.0024 Y-0.0094 Z0.288
X12.9989 Y-0.0068 Z0.2849
X12.9922 Y-0.0017 Z0.2784
X12.9877 Y0.0016 Z0.2738
X12.9835 Y0.0048 Z0.269
X12.9817 Y0.006 Z0.2669
X12.9787 Y0.0081 Z0.2628
X12.9758 Y0.0101 Z0.2588
X12.97 Y0.0142 Z0.2501
X12.9603 Y0.02 Z0.2493
X12.9579 Y0.0214 Z0.249
X12.9526 Y0.0242 Z0.2481
X12.943 Y0.0291 Z0.2499
X12.9372 Y0.0321 Z0.251
X12.9295 Y0.036 Z0.2518
X12.9277 Y0.0369 Z0.252
X12.9218 Y0.0395 Z0.253
X12.9141 Y0.0427 Z0.259
X12.9064 Y0.0459 Z0.2643
X12.8987 Y0.0491 Z0.2692
X12.891 Y0.0519 Z0.2736
X12.8899 Y0.0523 Z0.2741
X12.8833 Y0.0547 Z0.2769
X12.8756 Y0.0576 Z0.2797
X12.8678 Y0.0605 Z0.2821
X12.8601 Y0.063 Z0.2841
X12.8524 Y0.0654 Z0.2858
X12.8447 Y0.0678 Z0.287
X12.837 Y0.0703 Z0.288
X12.8293 Y0.0724 Z0.2885
X12.8216 Y0.0744 Z0.2887
X12.8187 Y0.0751
X12.8177 Y0.0753 Z0.2926
X12.8004 Z0.4418
X12.7956 Y0.0752 Z0.485
X12.7936 Z0.5005
X12.7908 Y0.0753 Z0.5221
X12.7903 Z0.5286
X12.7901 Y0.075 Z0.5347
Y0.0746 Z0.5382
X12.79 Y0.0735 Z0.5448
Y0.0716 Z0.5526
Y0.0697 Z0.5584
Y0.0677 Z0.5632
Y0.0647 Z0.5695
Y0.0639 Z0.571
X12.7903 Y0.0633 Z0.5719
X12.802 Y0.06 Z0.5723
X12.8062 Y0.0587 Z0.5724
X12.8139 Y0.0562
X12.8293 Y0.051 Z0.5728
X12.837 Y0.0482 Z0.5729
X12.8524 Y0.0422 Z0.573
X12.8601 Y0.0391 Z0.5732
X12.8655 Y0.0369 Z0.5733
X12.8756 Y0.0323 Z0.5732
X12.8833 Y0.0288 Z0.5734
X12.891 Y0.0251 Z0.5736
X12.8987 Y0.0211 Z0.5737
X12.9064 Y0.017 Z0.5738
X12.9141 Y0.0127 Z0.5741
X12.9218 Y0.0084 Z0.5743
X12.9295 Y0.0038 Z0.5744
X12.9449 Y-0.0057 Z0.5748
X12.9526 Y-0.0109 Z0.5749
X12.9618 Y-0.0172 Z0.575
X12.9681 Y-0.0215 Z0.5752
X12.9728 Y-0.0249 Z0.5754
X12.9835 Y-0.0331 Z0.5755
X12.9989 Y-0.0452 Z0.5759
X13.0066 Y-0.0518
X13.0143 Y-0.0585 Z0.576
X13.022 Y-0.0654 Z0.5763
X13.0297 Y-0.0729 Z0.5764
X13.0374 Y-0.0805 Z0.5766
X13.0451 Y-0.0883 Z0.5769
X13.0577 Y-0.102 Z0.5771
X13.0647 Y-0.1098 Z0.5773
X13.0711 Y-0.1175
X13.0774 Y-0.1252 Z0.5774
X13.0837 Y-0.133 Z0.5775
X13.0895 Y-0.1406 Z0.5776
X13.0952 Y-0.1483
X13.1007 Y-0.1561 Z0.5777
X13.1068 Y-0.1649 Z0.5778
X13.1158 Y-0.1792 Z0.5781
X13.1206 Y-0.1869 Z0.5783
X13.1252 Y-0.1946 Z0.5782
X13.1299 Y-0.2031 Z0.5783
X13.1338 Y-0.2101 Z0.5784
X13.1379 Y-0.2178 Z0.5786
X13.1454 Y-0.2332 Z0.5788
X13.1491 Y-0.241 Z0.5789
X13.1531 Y-0.2498
X13.1559 Y-0.2564
X13.1623 Y-0.2718 Z0.5791
X13.1652 Y-0.2795
X13.1707 Y-0.295 Z0.5792
X13.1733 Y-0.3027 Z0.5793
X13.178 Y-0.3181 Z0.5792
X13.1802 Y-0.3258 Z0.5793
X13.1824 Y-0.3336
X13.1842 Y-0.3413
X13.186 Y-0.349
X13.1877 Y-0.3567 Z0.5795
X13.1893 Y-0.3644 Z0.5796
X13.192 Y-0.3799
X13.1946 Y-0.3953 Z0.5797
X13.1955 Y-0.403 Z0.5796
X13.1964 Y-0.4107
X13.1973 Y-0.4184 Z0.5797
X13.198 Y-0.4262 Z0.5798
X13.1995 Y-0.4493 Z0.5796
X13.1999 Y-0.457
X13.2 Y-0.4647 Z0.5795
X13.1998 Y-0.4879 Z0.5797
X13.1993 Y-0.4978
X13.198 Y-0.5188 Z0.5798
X13.1972 Y-0.5265 Z0.5797
X13.1964 Y-0.5342 Z0.5796
X13.1955 Y-0.5419 Z0.5797
X13.1945 Y-0.5496
X13.192 Y-0.5651 Z0.5796
X13.1893 Y-0.5805
X13.1877 Y-0.5882 Z0.5795
X13.1859 Y-0.5959 Z0.5794
X13.1839 Y-0.6047
X13.1823 Y-0.6114
X13.1802 Y-0.6191 Z0.5793
X13.1757 Y-0.6345 Z0.5792
X13.1733 Y-0.6422 Z0.5793
X13.1685 Y-0.6561 Z0.5791
X13.1651 Y-0.6654
X13.1623 Y-0.6731
X13.1559 Y-0.6885 Z0.5789
X13.1526 Y-0.6963
X13.1492 Y-0.704 Z0.5788
X13.1454 Y-0.7119 Z0.5787
X13.1417 Y-0.7194 Z0.5786
X13.1376 Y-0.7275
X13.1337 Y-0.7348 Z0.5785
X13.1295 Y-0.7426 Z0.5783
X13.1251 Y-0.7503 Z0.5782
X13.1222 Y-0.7552 Z0.5783
X13.1206 Y-0.758
X13.111 Y-0.7734 Z0.5779
X13.106 Y-0.7811 Z0.5778
X13.0991 Y-0.791 Z0.5777
X13.0894 Y-0.8043 Z0.5776
X13.0836 Y-0.812
X13.076 Y-0.8215 Z0.5773
X13.0711 Y-0.8274
X13.0647 Y-0.8352
X13.0577 Y-0.8429 Z0.5771
X13.0451 Y-0.8567 Z0.5769
X13.0358 Y-0.866 Z0.5765
X13.0279 Y-0.8737 Z0.5763
X13.022 Y-0.8795
X13.011 Y-0.8892 Z0.576
X12.9989 Y-0.8996 Z0.5759
X12.9912 Y-0.9058 Z0.5757
X12.9828 Y-0.9123 Z0.5755
X12.9727 Y-0.9201 Z0.5754
X12.9603 Y-0.9287 Z0.575
X12.9504 Y-0.9355
X12.9449 Y-0.9391 Z0.5749
X12.9295 Y-0.9487 Z0.5744
X12.9218 Y-0.9533
X12.9121 Y-0.9586 Z0.5741
X12.8977 Y-0.9664 Z0.5739
X12.891 Y-0.9699 Z0.5737
X12.8822 Y-0.9741 Z0.5734
X12.8678 Y-0.9807 Z0.5733
X12.8654 Y-0.9818
X12.8601 Y-0.984 Z0.5732
X12.8524 Y-0.9871 Z0.573
X12.837 Y-0.9931 Z0.5729
X12.8293 Y-0.9959 Z0.5728
X12.8139 Y-1.001 Z0.5725
X12.8062 Y-1.0036 Z0.5724
X12.8017 Y-1.0049 Z0.5723
X12.7908 Y-1.008 Z0.572
X12.79 Y-1.0083 Z0.5719
Y-1.0099 Z0.5688
Y-1.0127 Z0.5631
Y-1.0146 Z0.5582
Y-1.0165 Z0.5524
X12.7901 Y-1.0184 Z0.5446
Y-1.0195 Z0.538
X12.7902 Y-1.0199 Z0.5345
Y-1.02 Z0.532
X12.7905 Y-1.0202 Z0.5261
X12.7908 Z0.5225
X12.7937 Y-1.0201 Z0.5008
X12.8057 Z0.3965
X12.8163 Z0.3055
X12.8235 Z0.244
X12.8245 Z0.2375
X12.8293 Y-1.0188 Z0.2386
X12.837 Y-1.0167 Z0.24
X12.8447 Y-1.0144 Z0.2412
X12.8501 Y-1.0127 Z0.2419
X12.8601 Y-1.0094 Z0.2424
X12.8678 Y-1.0069 Z0.2422
X12.8736 Y-1.0049 Z0.2418
X12.8756 Y-1.0042 Z0.2416
X12.8833 Y-1.0013 Z0.2407
X12.891 Y-0.9983 Z0.2393
X12.8939 Y-0.9972 Z0.2387
X12.8987 Y-0.9954 Z0.2375
X12.9006 Y-0.9947 Z0.2374
X12.9025 Y-0.9939 Z0.2381
X12.9064 Y-0.9921 Z0.2395
X12.9141 Y-0.9885 Z0.242
X12.9218 Y-0.9849 Z0.244
X12.9284 Y-0.9818 Z0.2454
X12.9295 Y-0.9813 Z0.2456
X12.9372 Y-0.9773 Z0.2468
X12.9432 Y-0.9741 Z0.2476
X12.9449 Y-0.9732 Z0.2477
X12.9526 Y-0.9691 Z0.248
X12.9603 Y-0.965 Z0.2475
X12.9681 Y-0.9605 Z0.2467
X12.9758 Y-0.9559 Z0.2456
X12.9844 Y-0.9509 Z0.2436
X12.9877 Y-0.9489 Z0.2433
X12.996 Y-0.9432 Z0.2448
X13.0073 Y-0.9355 Z0.2455
X13.0143 Y-0.9307 Z0.2456
X13.022 Y-0.9249 Z0.2448
X13.0297 Y-0.9191 Z0.2436
X13.0389 Y-0.9123 Z0.2414
X13.0451 Y-0.9073 Z0.2394
X13.0484 Y-0.9046 Z0.238
X13.0528 Y-0.901 Z0.2361
X13.0579 Y-0.8969 Z0.2337
X13.0615 Y-0.894 Z0.2318
X13.0634 Y-0.8923 Z0.2317
X13.067 Y-0.8892 Z0.232
X13.0683 Y-0.888
X13.076 Y-0.8806 Z0.2319
X13.0831 Y-0.8737 Z0.2315
X13.0914 Y-0.8655 Z0.2321
X13.098 Y-0.8583
X13.1052 Y-0.8506 Z0.2314
X13.1068 Y-0.8489 Z0.2313
X13.1123 Y-0.8429 Z0.2316
X13.1145 Y-0.8402
X13.1222 Y-0.8308 Z0.2314
X13.125 Y-0.8274
X13.1313 Y-0.8197 Z0.2321
X13.1376 Y-0.8113 Z0.232
X13.1428 Y-0.8043 Z0.2315
X13.1454 Y-0.8008 Z0.2313
X13.1485 Y-0.7966 Z0.2312
X13.1531 Y-0.79 Z0.2315
X13.1538 Y-0.7889
X13.1608 Y-0.7781
X13.1625 Y-0.7754 Z0.2316
X13.1637 Y-0.7734 Z0.2325
X13.1685 Y-0.7653 Z0.236
X13.1689 Y-0.7645 Z0.2363
X13.1706 Y-0.7614 Z0.2377
X13.1714 Y-0.7598 Z0.2385
X13.1722 Y-0.7583 Z0.2394
X13.1737 Y-0.7553 Z0.2414
X13.1751 Y-0.7524 Z0.2436
X13.1777 Y-0.7469 Z0.2484
X13.1802 Y-0.7413 Z0.2534
X13.1827 Y-0.7359 Z0.258
X13.1839 Y-0.733 Z0.26
X13.1852 Y-0.7299 Z0.2619
X13.1865 Y-0.7269 Z0.2635
X13.1872 Y-0.7253 Z0.2641
X13.1879 Y-0.7237 Z0.2647
X13.1887 Y-0.7221 Z0.2651
X13.1894 Y-0.7205 Z0.2655
X13.1902 Y-0.7188 Z0.2657
X13.191 Y-0.7172
X13.1938 Y-0.7117 Z0.2656
X13.1974 Y-0.704 Z0.2651
X13.2008 Y-0.6963 Z0.2642
X13.2047 Y-0.6875 Z0.2629
X13.2049 Y-0.6866 Z0.264
X13.2053 Y-0.6847 Z0.2675
X13.2062 Y-0.6808 Z0.2738
X13.207 Y-0.6774 Z0.2788
X13.2079 Y-0.6731 Z0.2847
X13.2087 Y-0.6692 Z0.2895
X13.2096 Y-0.6654 Z0.294
X13.2105 Y-0.6615 Z0.2983
X13.2114 Y-0.6577 Z0.3023
X13.2133 Y-0.65 Z0.3098
X13.2147 Y-0.6435 Z0.3155
X13.215 Y-0.6422 Z0.3165
X13.2166 Y-0.6345 Z0.3224
X13.2183 Y-0.6268 Z0.3275
X13.22 Y-0.6191 Z0.3323
X13.2214 Y-0.6114 Z0.3368
X13.2228 Y-0.6037 Z0.3409
X13.2242 Y-0.5959 Z0.3439
X13.2257 Y-0.5882 Z0.3467
X13.227 Y-0.5805 Z0.3491
X13.2281 Y-0.5728 Z0.3511
X13.2292 Y-0.5651 Z0.3529
X13.2301 Y-0.5589 Z0.354
X13.2314 Y-0.5496 Z0.3553
X13.2322 Y-0.5419 Z0.3561
X13.233 Y-0.5342 Z0.3567
X13.2339 Y-0.5265 Z0.357
X13.2347 Y-0.5188 Z0.3569
X13.2351 Y-0.511 Z0.357
X13.2355 Y-0.5033 Z0.3572
X13.236 Y-0.4956 Z0.3568
X13.2365 Y-0.4879 Z0.3561
X13.2366 Y-0.4802 Z0.3552
X13.2368 Y-0.4725 Z0.3539
X13.2369 Y-0.4647 Z0.3524
X13.2371 Y-0.457 Z0.3506
X13.237 Y-0.4493 Z0.3486
X13.2368 Y-0.4416 Z0.3462
X13.2367 Y-0.4339 Z0.3435
X13.2366 Y-0.4262 Z0.3401
X13.2363 Y-0.4184 Z0.3361
X13.236 Y-0.4107 Z0.3317
X13.2356 Y-0.403 Z0.3269
X13.2354 Y-0.3953 Z0.3215
X13.2349 Y-0.3876 Z0.3157
X13.2343 Y-0.3799 Z0.3092
X13.2338 Y-0.3721 Z0.3021
X13.2336 Y-0.3683 Z0.2983
X13.2334 Y-0.3644 Z0.2943
X13.2332 Y-0.3606 Z0.2899
X13.2329 Y-0.3567 Z0.2853
X13.2326 Y-0.3528 Z0.2798
X13.2324 Y-0.349 Z0.274
X13.2322 Y-0.3457 Z0.2687
X13.2321 Y-0.3413 Z0.2611
X13.232 Y-0.3398 Z0.2589
X13.2317 Y-0.3384 Z0.2587
X13.2301 Y-0.331 Z0.2568
X13.2289 Y-0.3258 Z0.2554
X13.2269 Y-0.3181 Z0.2531
X13.2259 Y-0.3139 Z0.2516
X13.2248 Y-0.3104 Z0.2515
X13.2224 Y-0.3024 Z0.2519
X13.22 Y-0.295 Z0.2522
X13.2146 Y-0.2795 Z0.2512
X13.2118 Y-0.2718 Z0.2516
X13.2088 Y-0.2641 Z0.2519
X13.2055 Y-0.2564 Z0.2518
X13.202 Y-0.2487 Z0.2542
X13.1993 Y-0.243 Z0.2562
X13.1984 Y-0.241 Z0.2568
X13.1945 Y-0.2332 Z0.259
X13.1916 Y-0.2276 Z0.2605
X13.1905 Y-0.2255 Z0.2609
X13.1865 Y-0.2178 Z0.2621
X13.1839 Y-0.2126 Z0.2629
X13.1822 Y-0.2101 Z0.2668
X13.1797 Y-0.2066 Z0.272
X13.1762 Y-0.2018 Z0.2788
X13.1738 Y-0.1985 Z0.2831
X13.1711 Y-0.1946 Z0.2878
X13.1685 Y-0.1909 Z0.2921
X13.1657 Y-0.1869 Z0.2962
X13.163 Y-0.1829 Z0.3001
X13.1604 Y-0.1792 Z0.3034
X13.1575 Y-0.1754 Z0.3069
X13.1531 Y-0.1693 Z0.3118
X13.149 Y-0.1638 Z0.3158
X13.1454 Y-0.1588 Z0.3193
X13.1434 Y-0.1561 Z0.321
X13.1375 Y-0.1483 Z0.3251
X13.1315 Y-0.1406 Z0.3288
X13.1299 Y-0.1387 Z0.3297
X13.1255 Y-0.1329 Z0.332
X13.1222 Y-0.1287 Z0.3335
X13.1194 Y-0.1252 Z0.3346
X13.1145 Y-0.1195 Z0.3362
X13.1068 Y-0.1104 Z0.3381
X13.0991 Y-0.1013 Z0.3392
X13.0914 Y-0.0929 Z0.3396
X13.0855 Y-0.0866
X13.0784 Y-0.0789 Z0.3393
X13.076 Y-0.0764 Z0.339
X13.0628 Y-0.0635 Z0.3372
X13.055 Y-0.0557 Z0.3358
X13.0528 Y-0.0538 Z0.3354
X13.0451 Y-0.047 Z0.3334
X13.0374 Y-0.0401 Z0.331
X13.0297 Y-0.0333 Z0.3279
X13.022 Y-0.0271 Z0.3244
X13.0143 Y-0.0208 Z0.3204
X13.0066 Y-0.0145 Z0.3152
X12.9989 Y-0.0088 Z0.3096
X12.9948 Y-0.0057 Z0.3064
X12.9895 Y-0.0017 Z0.3018
X12.9835 Y0.0028 Z0.2961
X12.9789 Y0.006 Z0.2916
X12.9758 Y0.0081 Z0.2885
X12.9717 Y0.0108 Z0.2841
X12.9675 Y0.0137 Z0.2788
X12.9639 Y0.0162 Z0.274
X12.9603 Y0.0186 Z0.2693
X12.9555 Y0.0214 Z0.2689
X12.9526 Y0.023 Z0.2684
X12.9406 Y0.0291 Z0.2705
X12.9372 Y0.0309 Z0.271
X12.9295 Y0.0349 Z0.2718
X12.9251 Y0.0369 Z0.2747
X12.9218 Y0.0382 Z0.277
X12.9141 Y0.0414 Z0.2823
X12.9064 Y0.0447 Z0.2872
X12.8987 Y0.0479 Z0.2917
X12.891 Y0.051 Z0.295
X12.8833 Y0.0538 Z0.2979
X12.8756 Y0.0567 Z0.3004
X12.8666 Y0.06 Z0.303
X12.8601 Y0.0622 Z0.3045
X12.8524 Y0.0646 Z0.306
X12.8426 Y0.0677 Z0.3074
X12.8356 Y0.07 Z0.3081
X12.8351 Z0.3106
X12.8197 Z0.4431
X12.8146 Z0.4884
X12.8116 Y0.0701 Z0.5117
X12.8103 Z0.5219
X12.8098 Z0.5269
X12.8095 Y0.0699 Z0.533
X12.8094 Y0.0695 Z0.5372
Y0.0687 Z0.5428
Y0.0677 Z0.5474
Y0.0664 Z0.5522
X12.8098 Y0.0658 Z0.554
X12.8273 Y0.06 Z0.5543
X12.837 Y0.0567 Z0.5546
X12.8524 Y0.0508
X12.8601 Y0.0477 Z0.5548
X12.8679 Y0.0446 Z0.5549
X12.8833 Y0.0376 Z0.555
X12.891 Y0.034 Z0.5552
X12.8987 Y0.0303 Z0.5553
X12.9064 Y0.0262 Z0.5555
X12.9153 Y0.0214 Z0.5557
X12.9218 Y0.0179 Z0.556
X12.9295 Y0.0134 Z0.5561
X12.9417 Y0.006 Z0.5564
X12.9526 Y-0.0007 Z0.5567
X12.9681 Y-0.0113 Z0.5569
X12.9766 Y-0.0172 Z0.5572
X12.9867 Y-0.0249 Z0.5574
X12.9989 Y-0.0343 Z0.5577
X13.0066 Y-0.0405 Z0.5578
X13.0153 Y-0.048
X13.0242 Y-0.0557 Z0.5581
X13.0297 Y-0.0608 Z0.5583
X13.0404 Y-0.0712 Z0.5585
X13.0482 Y-0.0789 Z0.5588
X13.0528 Y-0.0836 Z0.5589
X13.0626 Y-0.0943 Z0.5591
X13.0697 Y-0.102 Z0.5593
X13.0763 Y-0.1098 Z0.5594
X13.0837 Y-0.1188 Z0.5595
X13.0914 Y-0.1283 Z0.5597
X13.0949 Y-0.1329
X13.1006 Y-0.1406
X13.1117 Y-0.1561 Z0.5599
X13.1145 Y-0.1603
X13.1222 Y-0.1725 Z0.5602
X13.1265 Y-0.1792 Z0.5604
X13.1299 Y-0.1848 Z0.5605
X13.1376 Y-0.1983
X13.1442 Y-0.2101 Z0.5608
X13.1481 Y-0.2178
X13.1556 Y-0.2332 Z0.5611
X13.1593 Y-0.241 Z0.5612
X13.1659 Y-0.2564
X13.1691 Y-0.2641 Z0.5613
X13.1722 Y-0.2718 Z0.5614
X13.1778 Y-0.2873
X13.1805 Y-0.295 Z0.5615
X13.183 Y-0.3027
X13.1876 Y-0.3181
X13.1899 Y-0.3258 Z0.5616
X13.1919 Y-0.3336
X13.1937 Y-0.3413
X13.1955 Y-0.349 Z0.5617
X13.1973 Y-0.3567 Z0.5618
X13.1988 Y-0.3644 Z0.5619
X13.2015 Y-0.3799
X13.2028 Y-0.3876 Z0.562
X13.204 Y-0.3953
X13.2049 Y-0.403 Z0.5619
X13.2058 Y-0.4107
X13.207 Y-0.4214 Z0.5621
X13.2075 Y-0.4262
X13.2089 Y-0.4493 Z0.5619
X13.2093 Y-0.457
Y-0.4647 Z0.5618
X13.2092 Y-0.4879 Z0.5621
X13.2088 Y-0.4956 Z0.562
X13.2074 Y-0.5188 Z0.5622
X13.2067 Y-0.5265 Z0.5621
X13.2058 Y-0.5342 Z0.562
X13.2049 Y-0.5419
X13.204 Y-0.5496 Z0.5621
X13.2028 Y-0.5574 Z0.562
X13.1993 Y-0.5776 Z0.5619
X13.1988 Y-0.5805 Z0.562
X13.1972 Y-0.5882 Z0.5619
X13.1937 Y-0.6037 Z0.5617
X13.1916 Y-0.6125
X13.1898 Y-0.6191 Z0.5616
X13.1876 Y-0.6268 Z0.5615
X13.183 Y-0.6422
X13.1805 Y-0.65
X13.175 Y-0.6654 Z0.5614
X13.1722 Y-0.6731
X13.1685 Y-0.6823 Z0.5613
X13.1608 Y-0.7006 Z0.5611
X13.1593 Y-0.704
X13.1531 Y-0.717 Z0.5609
X13.1454 Y-0.7325 Z0.5608
X13.1441 Y-0.7348
X13.1376 Y-0.7465 Z0.5605
X13.1299 Y-0.7601
X13.1265 Y-0.7657 Z0.5604
X13.1167 Y-0.7811 Z0.56
X13.1117 Y-0.7889 Z0.5599
X13.1005 Y-0.8043 Z0.5598
X13.0949 Y-0.812 Z0.5597
X13.0914 Y-0.8166
X13.0826 Y-0.8274 Z0.5594
X13.076 Y-0.8355
X13.0696 Y-0.8429 Z0.5593
X13.0606 Y-0.8529 Z0.559
X13.0528 Y-0.8613 Z0.5589
X13.0482 Y-0.866 Z0.5588
X13.0404 Y-0.8737 Z0.5585
X13.0297 Y-0.8841 Z0.5583
X13.022 Y-0.891 Z0.5581
X13.0143 Y-0.8977 Z0.5579
X13.0063 Y-0.9046
X12.9989 Y-0.9106 Z0.5577
X12.9867 Y-0.9201 Z0.5574
X12.9765 Y-0.9278 Z0.5572
X12.9653 Y-0.9355 Z0.5569
X12.9526 Y-0.9441 Z0.5568
X12.9372 Y-0.9536 Z0.5563
X12.9289 Y-0.9586 Z0.5561
X12.9218 Y-0.9628
X12.9064 Y-0.971 Z0.5557
X12.8987 Y-0.9751 Z0.5556
X12.891 Y-0.9789 Z0.5553
X12.8833 Y-0.9824 Z0.5551
X12.8678 Y-0.9895 Z0.555
X12.8524 Y-0.9957 Z0.5546
X12.837 Y-1.0016
X12.8216 Y-1.0068 Z0.5542
X12.8095 Y-1.0107 Z0.554
X12.8094 Y-1.0127 Z0.5472
Y-1.014 Z0.5405
Y-1.0145 Z0.5359
X12.8095 Y-1.0148 Z0.5332
X12.8098 Y-1.015 Z0.5269
X12.8103 Z0.5221
X12.8128 Y-1.0149 Z0.5037
X12.8268 Z0.3823
X12.8365 Z0.2987
X12.8409 Z0.2618
X12.8413 Y-1.0148 Z0.2609
X12.8478 Y-1.0127 Z0.2618
X12.8524 Y-1.0112 Z0.2621
X12.8601 Y-1.0087 Z0.2624
X12.8678 Y-1.0062 Z0.2622
X12.8713 Y-1.0049 Z0.2619
X12.8756 Y-1.0033 Z0.2616
X12.8833 Y-1.0004 Z0.2608
X12.8915 Y-0.9972 Z0.2594
X12.8987 Y-0.9945 Z0.2579
X12.9064 Y-0.991 Z0.2605
X12.9095 Y-0.9895 Z0.2614
X12.9141 Y-0.9874 Z0.2626
X12.9218 Y-0.9838 Z0.2645
X12.9261 Y-0.9818 Z0.2653
X12.9295 Y-0.9801 Z0.2658
X12.9409 Y-0.9741 Z0.2674
X12.9449 Y-0.9719 Z0.2677
X12.9526 Y-0.9679 Z0.2679
X12.9556 Y-0.9664 Z0.2678
X12.9603 Y-0.9636 Z0.2675
X12.9688 Y-0.9586 Z0.2666
X12.9758 Y-0.9545 Z0.2656
X12.9835 Y-0.95 Z0.264
X12.9877 Y-0.9473 Z0.2637
X12.9937 Y-0.9432 Z0.2647
X13.005 Y-0.9355 Z0.2654
X13.0066 Y-0.9344 Z0.2655
X13.0143 Y-0.929
X13.022 Y-0.9231 Z0.2648
X13.0297 Y-0.9174 Z0.2635
X13.0374 Y-0.9116 Z0.2619
X13.046 Y-0.9046 Z0.2593
X13.0528 Y-0.899 Z0.2567
X13.0606 Y-0.8927 Z0.2532
X13.0647 Y-0.8892 Z0.2518
X13.0683 Y-0.8857 Z0.252
X13.0727 Y-0.8815 Z0.2519
X13.0807 Y-0.8737 Z0.2515
X13.0837 Y-0.8709 Z0.2516
X13.0886 Y-0.866 Z0.252
X13.0914 Y-0.863 Z0.2521
X13.0957 Y-0.8583 Z0.252
X13.0991 Y-0.8547 Z0.2518
X13.1029 Y-0.8506 Z0.2514
X13.1068 Y-0.8464 Z0.2513
X13.1099 Y-0.8429 Z0.2515
X13.1163 Y-0.8352 Z0.2514
X13.1227 Y-0.8274 Z0.2513
X13.129 Y-0.8197 Z0.252
X13.1299 Y-0.8185
X13.1348 Y-0.812 Z0.2519
X13.1376 Y-0.8081 Z0.2518
X13.1405 Y-0.8043 Z0.2515
X13.1461 Y-0.7966 Z0.2511
X13.1515 Y-0.7889 Z0.2514
X13.1565 Y-0.7811
X13.159 Y-0.7773 Z0.2516
X13.1613 Y-0.7734 Z0.2533
X13.1659 Y-0.7657 Z0.2564
X13.1685 Y-0.7609 Z0.2581
X13.17 Y-0.758 Z0.259
X13.1742 Y-0.7503 Z0.261
X13.1784 Y-0.7426 Z0.2628
X13.1825 Y-0.7348 Z0.2642
X13.1862 Y-0.7271 Z0.2651
X13.1899 Y-0.7194 Z0.2658
X13.191 Y-0.7172 Z0.2657
X13.1918 Y-0.7156 Z0.2658
X13.1926 Y-0.714 Z0.2661
X13.1936 Y-0.7116 Z0.2669
X13.1946 Y-0.7094 Z0.2679
X13.1952 Y-0.7079 Z0.2688
X13.1958 Y-0.7065 Z0.2697
X13.1962 Y-0.7051 Z0.2708
X13.1972 Y-0.7024 Z0.2732
X13.198 Y-0.6999 Z0.2758
X13.1987 Y-0.6976 Z0.2787
X13.1993 Y-0.6954 Z0.2817
X13.2004 Y-0.691 Z0.2886
X13.2013 Y-0.6868 Z0.2956
X13.2023 Y-0.6824 Z0.3025
X13.2035 Y-0.6774 Z0.3089
X13.2046 Y-0.6731 Z0.3136
X13.2055 Y-0.6692 Z0.3175
X13.207 Y-0.663 Z0.3236
X13.2084 Y-0.6577 Z0.3285
X13.2104 Y-0.65 Z0.3349
X13.2122 Y-0.6422 Z0.3405
X13.2139 Y-0.6345 Z0.3456
X13.2156 Y-0.6268 Z0.3503
X13.2174 Y-0.6191 Z0.3548
X13.2189 Y-0.6114 Z0.3589
X13.2203 Y-0.6037 Z0.362
X13.2218 Y-0.5959 Z0.3648
X13.2224 Y-0.5926 Z0.366
X13.2233 Y-0.5882 Z0.3673
X13.2246 Y-0.5805 Z0.3695
X13.2257 Y-0.5728 Z0.3714
X13.2269 Y-0.5651 Z0.373
X13.2281 Y-0.5574 Z0.3743
X13.2291 Y-0.5496 Z0.3753
X13.2299 Y-0.5419 Z0.376
X13.2307 Y-0.5342 Z0.3765
X13.2316 Y-0.5265 Z0.3768
X13.2324 Y-0.5188
X13.2328 Y-0.511
X13.2332 Y-0.5033 Z0.377
X13.2337 Y-0.4956 Z0.3767
X13.2342 Y-0.4879 Z0.3761
X13.2343 Y-0.4802 Z0.3752
X13.2344 Y-0.4725 Z0.374
X13.2346 Y-0.4647 Z0.3726
X13.2348 Y-0.457 Z0.371
X13.2346 Y-0.4493 Z0.3691
X13.2344 Y-0.4416 Z0.3669
X13.2342 Y-0.4339 Z0.3645
X13.2341 Y-0.4262 Z0.3617
X13.2337 Y-0.4184 Z0.3583
X13.2333 Y-0.4107 Z0.3544
X13.2329 Y-0.403 Z0.3501
X13.2326 Y-0.3953 Z0.3453
X13.232 Y-0.3876 Z0.3401
X13.2314 Y-0.3799 Z0.3345
X13.2307 Y-0.3721 Z0.3283
X13.2301 Y-0.3641 Z0.3213
X13.2295 Y-0.3567 Z0.3143
X13.229 Y-0.3528 Z0.3104
X13.2286 Y-0.349 Z0.3062
X13.2282 Y-0.3451 Z0.3017
X13.2279 Y-0.3413 Z0.297
X13.2276 Y-0.3374 Z0.2915
X13.2274 Y-0.3336 Z0.2857
X13.2272 Y-0.3297 Z0.2796
X13.2271 Y-0.3278 Z0.2764
X13.2225 Y-0.3104 Z0.2714
X13.2202 Y-0.3027 Z0.2719
X13.2177 Y-0.295 Z0.2721
X13.2123 Y-0.2795 Z0.2711
X13.2095 Y-0.2718 Z0.2715
X13.207 Y-0.2654 Z0.2718
X13.2048 Y-0.2602 Z0.2717
X13.2031 Y-0.2564 Z0.2728
X13.1993 Y-0.2483 Z0.2755
X13.1959 Y-0.241 Z0.2776
X13.1916 Y-0.2322 Z0.28
X13.1872 Y-0.2236 Z0.2815
X13.1859 Y-0.2217 Z0.2836
X13.1834 Y-0.2178 Z0.289
X13.1809 Y-0.2139 Z0.2941
X13.1784 Y-0.2101 Z0.299
X13.1762 Y-0.2067 Z0.303
X13.1731 Y-0.2024 Z0.3079
X13.1679 Y-0.1946 Z0.3155
X13.1627 Y-0.1869 Z0.3224
X13.1608 Y-0.1841 Z0.3247
X13.1575 Y-0.1792 Z0.3286
X13.1531 Y-0.1732 Z0.333
X13.1463 Y-0.1638 Z0.3393
X13.1408 Y-0.1561 Z0.3433
X13.1376 Y-0.1517 Z0.3454
X13.135 Y-0.1483 Z0.347
X13.129 Y-0.1406 Z0.3502
X13.1222 Y-0.1319 Z0.3534
X13.117 Y-0.1252 Z0.3553
X13.1145 Y-0.1223 Z0.356
X13.1068 Y-0.1132 Z0.3579
X13.0991 Y-0.104 Z0.359
X13.0974 Y-0.102 Z0.3591
X13.0903 Y-0.0943 Z0.3595
X13.0832 Y-0.0866
X13.076 Y-0.0787 Z0.3592
X13.0683 Y-0.0711 Z0.3581
X13.0605 Y-0.0635 Z0.3571
X13.0526 Y-0.0557 Z0.3557
X13.044 Y-0.048 Z0.3537
X13.0374 Y-0.0422 Z0.3518
X13.0353 Y-0.0403 Z0.3511
X13.0297 Y-0.0353 Z0.3491
X13.0265 Y-0.0326 Z0.3479
X13.022 Y-0.029 Z0.346
X13.0169 Y-0.0249 Z0.3437
X13.0143 Y-0.0228 Z0.3424
X13.0066 Y-0.0165 Z0.3384
X12.9989 Y-0.0106 Z0.3333
X12.9973 Y-0.0094 Z0.3322
X12.9912 Y-0.005 Z0.3278
X12.9868 Y-0.0017 Z0.3244
X12.9835 Y0.0008 Z0.3217
X12.9796 Y0.0036 Z0.3184
X12.9717 Y0.0089 Z0.3111
X12.9681 Y0.0113 Z0.3076
X12.9645 Y0.0137 Z0.304
X12.9603 Y0.0165 Z0.2995
X12.9565 Y0.0192 Z0.2949
X12.9526 Y0.0217 Z0.29
X12.9514 Y0.0224 Z0.2887
X12.9449 Y0.0257 Z0.2899
X12.9372 Y0.0297 Z0.291
X12.9337 Y0.0315 Z0.292
X12.9295 Y0.0335 Z0.295
X12.9218 Y0.037 Z0.3003
X12.9141 Y0.0402 Z0.3051
X12.9064 Y0.0435 Z0.3096
X12.8987 Y0.0468 Z0.313
X12.891 Y0.05 Z0.3161
X12.8833 Y0.0529 Z0.3187
X12.8756 Y0.0557 Z0.321
X12.8678 Y0.0586 Z0.3231
X12.8642 Y0.06 Z0.324
X12.8601 Y0.0614 Z0.3248
X12.8524 Y0.0639 Z0.3261
X12.8385 Z0.4462
X12.8336 Y0.0638 Z0.4894
X12.8312 Z0.5087
X12.8293 Y0.0639 Z0.5231
X12.8288 Z0.5275
X12.8285 Y0.0636 Z0.5345
X12.8293 Y0.0634 Z0.5347
X12.8385 Y0.0603 Z0.5349
X12.8524 Y0.0549 Z0.535
X12.8678 Y0.0489 Z0.5353
X12.8833 Y0.0419 Z0.5354
X12.8944 Y0.0369 Z0.5356
X12.8987 Y0.0348 Z0.5357
X12.9095 Y0.0291 Z0.5359
X12.9241 Y0.0214 Z0.5364
X12.9295 Y0.0183 Z0.5365
X12.9449 Y0.009 Z0.5369
X12.9526 Y0.0044 Z0.5371
X12.9618 Y-0.0017 Z0.5373
X12.9681 Y-0.006
X12.9758 Y-0.0113 Z0.5376
X12.984 Y-0.0172 Z0.5378
X13.0041 Y-0.0326 Z0.5382
X13.0066 Y-0.0346 Z0.5383
X13.0143 Y-0.0411
X13.0223 Y-0.048 Z0.5385
X13.0311 Y-0.0557 Z0.5388
X13.0451 Y-0.0693 Z0.5391
X13.0528 Y-0.0767 Z0.5394
X13.055 Y-0.0789 Z0.5395
X13.0692 Y-0.0943 Z0.5398
X13.0762 Y-0.102 Z0.54
X13.0914 Y-0.1205 Z0.5402
X13.0952 Y-0.1252 Z0.5403
X13.0991 Y-0.1303
X13.1068 Y-0.1408
X13.1145 Y-0.1514 Z0.5405
X13.1177 Y-0.1561
X13.1226 Y-0.1638 Z0.5407
X13.1325 Y-0.1792 Z0.5411
X13.1376 Y-0.188
X13.1414 Y-0.1946
X13.1458 Y-0.2024 Z0.5413
X13.15 Y-0.2101 Z0.5415
X13.1576 Y-0.2255 Z0.5416
X13.1614 Y-0.2332 Z0.5418
X13.165 Y-0.241 Z0.5419
X13.1716 Y-0.2564
X13.1762 Y-0.2674 Z0.5421
X13.1806 Y-0.2795
X13.1861 Y-0.295 Z0.5422
X13.1886 Y-0.3027
X13.1931 Y-0.3181
X13.1954 Y-0.3258 Z0.5423
X13.1974 Y-0.3336
X13.1993 Y-0.3418
X13.201 Y-0.349 Z0.5424
X13.2028 Y-0.3567 Z0.5426
X13.2043 Y-0.3644 Z0.5427
X13.207 Y-0.3801
X13.2083 Y-0.3876 Z0.5428
X13.2095 Y-0.3953
X13.2104 Y-0.403 Z0.5427
X13.2113 Y-0.4107
X13.2121 Y-0.4184 Z0.5428
X13.2129 Y-0.4262
X13.2143 Y-0.4493 Z0.5427
X13.2146 Y-0.457
X13.2147 Y-0.4647 Z0.5426
X13.2146 Y-0.4879 Z0.5428
X13.2142 Y-0.4956
X13.2129 Y-0.5188 Z0.5429
X13.2121 Y-0.5265 Z0.5428
X13.2112 Y-0.5342 Z0.5427
X13.2104 Y-0.5419
X13.2095 Y-0.5496 Z0.5428
X13.2083 Y-0.5574
X13.2056 Y-0.5728 Z0.5427
X13.2043 Y-0.5805
X13.2027 Y-0.5882 Z0.5426
X13.1992 Y-0.6037 Z0.5424
X13.1974 Y-0.6114
X13.1954 Y-0.6191
X13.1909 Y-0.6345 Z0.5422
X13.1886 Y-0.6422 Z0.5423
X13.1861 Y-0.65 Z0.5422
X13.1806 Y-0.6654 Z0.5421
X13.1762 Y-0.6775
X13.1685 Y-0.6958 Z0.5418
X13.165 Y-0.704
X13.1608 Y-0.713 Z0.5417
X13.1576 Y-0.7194 Z0.5416
X13.15 Y-0.7348 Z0.5415
X13.1454 Y-0.7432 Z0.5413
X13.1414 Y-0.7503 Z0.5411
X13.137 Y-0.758
X13.1325 Y-0.7657
X13.1222 Y-0.7817 Z0.5406
X13.1176 Y-0.7889 Z0.5405
X13.1145 Y-0.7935
X13.101 Y-0.812 Z0.5404
X13.0991 Y-0.8146
X13.0952 Y-0.8197 Z0.5403
X13.0889 Y-0.8274 Z0.5401
X13.076 Y-0.8431 Z0.5399
X13.0606 Y-0.8599 Z0.5395
X13.0549 Y-0.866 Z0.5394
X13.0528 Y-0.8681
X13.0451 Y-0.8756 Z0.5391
X13.0311 Y-0.8892 Z0.5388
X13.022 Y-0.8971 Z0.5385
X13.0066 Y-0.9103 Z0.5383
X12.994 Y-0.9201 Z0.538
X12.9835 Y-0.9281 Z0.5378
X12.9758 Y-0.9336 Z0.5376
X12.9681 Y-0.9389 Z0.5374
X12.9603 Y-0.9441 Z0.5373
X12.9526 Y-0.9492 Z0.5372
X12.9371 Y-0.9586 Z0.5367
X12.9295 Y-0.9632 Z0.5366
X12.924 Y-0.9664 Z0.5365
X12.9064 Y-0.9756 Z0.5361
X12.8987 Y-0.9797 Z0.5359
X12.891 Y-0.9833 Z0.5357
X12.8833 Y-0.9868 Z0.5355
X12.8678 Y-0.9938 Z0.5353
X12.8524 Y-0.9998 Z0.535
X12.8375 Y-1.0056 Z0.5349
X12.8293 Y-1.0083 Z0.5347
X12.8285 Y-1.0085 Z0.5345
X12.8288 Y-1.0088 Z0.5275
X12.8293 Z0.5234
X12.8317 Y-1.0087 Z0.5054
X12.8433 Z0.4051
X12.8529 Z0.3222
X12.8572 Z0.2854
X12.8582 Y-1.0085 Z0.2823
X12.8601 Y-1.0079 Z0.2824
X12.8689 Y-1.0049 Z0.2821
X12.8756 Y-1.0024 Z0.2816
X12.8833 Y-0.9995 Z0.2808
X12.891 Y-0.9965 Z0.2797
X12.8987 Y-0.9935 Z0.2789
X12.9072 Y-0.9895 Z0.2814
X12.9141 Y-0.9863 Z0.2832
X12.9218 Y-0.9827 Z0.2849
X12.9237 Y-0.9818 Z0.2852
X12.9295 Y-0.9789 Z0.286
X12.9386 Y-0.9741 Z0.2873
X12.9449 Y-0.9707 Z0.2877
X12.9532 Y-0.9664 Z0.2878
X12.9603 Y-0.9623 Z0.2874
X12.9681 Y-0.9577 Z0.2867
X12.9758 Y-0.9531 Z0.2856
X12.9796 Y-0.9509 Z0.285
X12.9835 Y-0.9486 Z0.2842
X12.9877 Y-0.9457 Z0.2839
X12.9914 Y-0.9432 Z0.2845
X13.0027 Y-0.9355 Z0.2853
X13.0066 Y-0.9328 Z0.2854
X13.0143 Y-0.9272 Z0.2855
X13.022 Y-0.9214 Z0.2847
X13.0297 Y-0.9156 Z0.2835
X13.034 Y-0.9123 Z0.2827
X13.0374 Y-0.9097 Z0.2819
X13.0451 Y-0.9033 Z0.2798
X13.0529 Y-0.8969 Z0.2771
X13.0606 Y-0.8906 Z0.2739
X13.0622 Y-0.8892 Z0.2731
X13.0655 Y-0.8862 Z0.2718
X13.0704 Y-0.8815 Z0.2719
X13.0784 Y-0.8737 Z0.2715
X13.0837 Y-0.8686 Z0.2716
X13.0862 Y-0.866 Z0.2718
X13.0914 Y-0.8605 Z0.272
X13.0934 Y-0.8583 Z0.2719
X13.0991 Y-0.8521 Z0.2717
X13.1006 Y-0.8506 Z0.2715
X13.1068 Y-0.8438 Z0.2713
X13.1076 Y-0.8429 Z0.2714
X13.1145 Y-0.8345
X13.1204 Y-0.8274 Z0.2713
X13.1267 Y-0.8197 Z0.2718
X13.1299 Y-0.8154 Z0.2719
X13.1324 Y-0.812
X13.1381 Y-0.8043 Z0.2715
X13.1438 Y-0.7966 Z0.2711
X13.1454 Y-0.7945
X13.1492 Y-0.7889 Z0.2713
X13.1542 Y-0.7811
X13.1588 Y-0.7734 Z0.2739
X13.1608 Y-0.7702 Z0.2752
X13.1635 Y-0.7657 Z0.2769
X13.1685 Y-0.7565 Z0.2795
X13.1718 Y-0.7503 Z0.2811
X13.1762 Y-0.7423 Z0.2828
X13.1801 Y-0.7348 Z0.2841
X13.1839 Y-0.727 Z0.285
X13.1876 Y-0.7194 Z0.2856
X13.1916 Y-0.7114 Z0.2855
X13.1951 Y-0.704 Z0.2851
X13.1984 Y-0.6963 Z0.2843
X13.2005 Y-0.6885 Z0.2951
X13.2015 Y-0.6847 Z0.3002
X13.2026 Y-0.6808 Z0.305
X13.2035 Y-0.6774 Z0.3089
X13.2041 Y-0.6751 Z0.3119
X13.2046 Y-0.673 Z0.3151
X13.2052 Y-0.6695 Z0.3219
X13.2054 Y-0.6679 Z0.3254
X13.2057 Y-0.6636 Z0.3362
X13.206 Y-0.6606 Z0.3432
X13.2062 Y-0.6589 Z0.3465
X13.2064 Y-0.657 Z0.3498
X13.2067 Y-0.6549 Z0.3528
X13.2069 Y-0.6538 Z0.3543
X13.2071 Y-0.6526 Z0.3557
X13.2077 Y-0.65 Z0.3582
X13.208 Y-0.6486 Z0.3594
X13.2083 Y-0.6471 Z0.3604
X13.2095 Y-0.6422 Z0.3636
X13.2112 Y-0.6345 Z0.3683
X13.213 Y-0.6268 Z0.3727
X13.2148 Y-0.6191 Z0.3769
X13.2164 Y-0.6114 Z0.3801
X13.2179 Y-0.6037 Z0.3829
X13.2194 Y-0.5959 Z0.3855
X13.2209 Y-0.5882 Z0.3878
X13.2224 Y-0.579 Z0.3902
X13.2234 Y-0.5728 Z0.3916
X13.2245 Y-0.5651 Z0.3931
X13.2257 Y-0.5574 Z0.3943
X13.2268 Y-0.5496 Z0.3952
X13.2276 Y-0.5419 Z0.3959
X13.2284 Y-0.5342 Z0.3964
X13.2293 Y-0.5265 Z0.3967
X13.23 Y-0.5188
X13.2305 Y-0.511
X13.2309 Y-0.5033 Z0.3969
X13.2314 Y-0.4956 Z0.3965
X13.2318 Y-0.4879 Z0.396
X13.232 Y-0.4802 Z0.3952
X13.2321 Y-0.4725 Z0.3941
X13.2322 Y-0.4647 Z0.3928
X13.2324 Y-0.457 Z0.3913
X13.2322 Y-0.4493 Z0.3896
X13.232 Y-0.4416 Z0.3875
X13.2318 Y-0.4339 Z0.3853
X13.2317 Y-0.4262 Z0.3828
X13.2312 Y-0.4184 Z0.3799
X13.2307 Y-0.4107 Z0.3765
X13.2303 Y-0.403 Z0.3726
X13.2299 Y-0.3953 Z0.3684
X13.2293 Y-0.3876 Z0.3637
X13.2285 Y-0.3799 Z0.3586
X13.2278 Y-0.3721 Z0.3532
X13.2272 Y-0.3644 Z0.3472
X13.2264 Y-0.3567 Z0.3408
X13.2254 Y-0.349 Z0.3338
X13.2245 Y-0.3413 Z0.3263
X13.224 Y-0.3374 Z0.3222
X13.2236 Y-0.3336 Z0.318
X13.2233 Y-0.3297 Z0.3134
X13.2228 Y-0.3258 Z0.3086
X13.2224 Y-0.3234 Z0.305
X13.2218 Y-0.3181 Z0.2972
X13.2216 Y-0.3162 Z0.2941
X13.2212 Y-0.3143 Z0.2929
X13.2201 Y-0.3104 Z0.2918
X13.2179 Y-0.3027
X13.2154 Y-0.295 Z0.2919
X13.2127 Y-0.2873 Z0.2914
X13.21 Y-0.2795 Z0.2911
X13.207 Y-0.2715 Z0.2915
X13.2042 Y-0.2641 Z0.2917
X13.2006 Y-0.2564 Z0.2939
X13.1993 Y-0.2536 Z0.2948
X13.1935 Y-0.241 Z0.2984
X13.1916 Y-0.2369 Z0.2995
X13.1897 Y-0.2332 Z0.3002
X13.1872 Y-0.2294 Z0.3054
X13.1839 Y-0.2242 Z0.312
X13.1799 Y-0.2178 Z0.3195
X13.1762 Y-0.2118 Z0.3256
X13.1726 Y-0.2062 Z0.3311
X13.1685 Y-0.2001 Z0.3366
X13.1649 Y-0.1946 Z0.3412
X13.1608 Y-0.1884 Z0.346
X13.1547 Y-0.1792 Z0.3525
X13.1491 Y-0.1715 Z0.3575
X13.1437 Y-0.1638 Z0.3615
X13.1376 Y-0.1552 Z0.3656
X13.1325 Y-0.1483 Z0.3685
X13.1299 Y-0.1451 Z0.3698
X13.1265 Y-0.1406 Z0.3714
X13.1222 Y-0.1351 Z0.3732
X13.1206 Y-0.1329 Z0.3738
X13.1145 Y-0.1251 Z0.3759
X13.1068 Y-0.116 Z0.3777
X13.0991 Y-0.1068 Z0.3788
X13.0951 Y-0.102 Z0.3791
X13.0914 Y-0.098 Z0.3793
X13.088 Y-0.0943 Z0.3794
X13.0809 Y-0.0866
X13.0738 Y-0.0789 Z0.379
X13.0661 Y-0.0712 Z0.378
X13.0582 Y-0.0635 Z0.377
X13.0503 Y-0.0557 Z0.3756
X13.0417 Y-0.048 Z0.3737
X13.033 Y-0.0403 Z0.3712
X13.0297 Y-0.0374 Z0.3701
X13.0241 Y-0.0326 Z0.3681
X13.022 Y-0.0309 Z0.3673
X13.0143 Y-0.0247 Z0.3641
X13.0066 Y-0.0185 Z0.3604
X13.005 Y-0.0172 Z0.3596
X12.9989 Y-0.0125 Z0.3564
X12.9912 Y-0.0068 Z0.3514
X12.9835 Y-0.0012 Z0.3459
X12.9796 Y0.0017 Z0.343
X12.9758 Y0.0044 Z0.34
X12.9734 Y0.006 Z0.3381
X12.9681 Y0.0095 Z0.3336
X12.9603 Y0.0146 Z0.3265
X12.9565 Y0.0172 Z0.3228
X12.9526 Y0.0198 Z0.3189
X12.95 Y0.0214 Z0.3161
X12.9449 Y0.0244 Z0.3105
X12.9411 Y0.0265
X12.9372 Y0.0283 Z0.3128
X12.9295 Y0.0321 Z0.3181
X12.9218 Y0.0358 Z0.323
X12.9141 Y0.039 Z0.3275
X12.9064 Y0.0424 Z0.331
X12.8987 Y0.0457 Z0.3341
X12.891 Y0.049 Z0.337
X12.8823 Y0.0523 Z0.3397
X12.8713 Y0.0564 Z0.3426
X12.8696 Y0.0571 Z0.3431
X12.8687 Z0.349
X12.8572 Z0.4477
X12.8524 Y0.057 Z0.4908
X12.8501 Y0.0571 Z0.5091
X12.8498 Y0.057 Z0.515
X12.8678 Y0.05 Z0.5153
X12.8756 Y0.0466 Z0.5154
X12.8833 Y0.0431
X12.8987 Y0.0361 Z0.5157
X12.912 Y0.0291 Z0.516
X12.9266 Y0.0214 Z0.5165
X12.9295 Y0.0198 Z0.5166
X12.9449 Y0.0106 Z0.5169
X12.9526 Y0.0059 Z0.5171
X12.9603 Y0.001 Z0.5173
X12.9681 Y-0.0043 Z0.5174
X12.9835 Y-0.0149 Z0.5178
X13.0066 Y-0.0326 Z0.5183
X13.0158 Y-0.0403 Z0.5184
X13.0248 Y-0.048 Z0.5186
X13.0336 Y-0.0557 Z0.5189
X13.0451 Y-0.0668 Z0.5192
X13.0528 Y-0.0743 Z0.5194
X13.0574 Y-0.0789 Z0.5196
X13.0717 Y-0.0943 Z0.5199
X13.0787 Y-0.102 Z0.5201
X13.0914 Y-0.1175 Z0.5202
X13.0991 Y-0.1269 Z0.5204
X13.1091 Y-0.1406
X13.1148 Y-0.1483 Z0.5206
X13.1201 Y-0.1561 Z0.5207
X13.1301 Y-0.1715 Z0.521
X13.135 Y-0.1792 Z0.5212
X13.1395 Y-0.1869
X13.1454 Y-0.1973 Z0.5213
X13.1482 Y-0.2024 Z0.5214
X13.1525 Y-0.2101 Z0.5216
X13.1608 Y-0.2269 Z0.5218
X13.1639 Y-0.2332 Z0.522
X13.1674 Y-0.241
X13.174 Y-0.2564 Z0.5221
X13.1773 Y-0.2641 Z0.5222
X13.1803 Y-0.2718
X13.1858 Y-0.2873 Z0.5223
X13.1886 Y-0.295 Z0.5224
X13.1916 Y-0.3046
X13.1956 Y-0.3181
X13.1979 Y-0.3258 Z0.5225
X13.1993 Y-0.3314
X13.2016 Y-0.3413
X13.2034 Y-0.349 Z0.5226
X13.2052 Y-0.3567 Z0.5227
X13.207 Y-0.366 Z0.5228
X13.2094 Y-0.3799
X13.2108 Y-0.3876 Z0.5229
X13.2119 Y-0.3953
X13.2128 Y-0.403 Z0.5228
X13.2137 Y-0.4107
X13.2147 Y-0.4197 Z0.5229
X13.2153 Y-0.4262 Z0.523
X13.2167 Y-0.4493 Z0.5228
X13.2171 Y-0.457
Y-0.4647 Z0.5227
Y-0.4879 Z0.523
X13.2167 Y-0.4956 Z0.5229
X13.2153 Y-0.5188 Z0.5231
X13.2146 Y-0.5265 Z0.523
X13.2128 Y-0.5419 Z0.5229
X13.2119 Y-0.5496 Z0.523
X13.2108 Y-0.5574 Z0.5229
X13.2081 Y-0.5728 Z0.5228
X13.2067 Y-0.5805
X13.2052 Y-0.5882
X13.2016 Y-0.6037 Z0.5226
X13.1993 Y-0.6135
X13.1978 Y-0.6191 Z0.5225
X13.1933 Y-0.6345 Z0.5224
X13.191 Y-0.6422
X13.1886 Y-0.65
X13.183 Y-0.6654 Z0.5222
X13.1803 Y-0.6731 Z0.5223
X13.1773 Y-0.6808 Z0.5222
X13.1707 Y-0.6963 Z0.522
X13.1674 Y-0.704 Z0.5219
X13.1639 Y-0.7117 Z0.5218
X13.1601 Y-0.7194 Z0.5217
X13.1524 Y-0.7348 Z0.5216
X13.1482 Y-0.7426 Z0.5215
X13.1438 Y-0.7503 Z0.5213
X13.1376 Y-0.7612 Z0.5212
X13.135 Y-0.7657
X13.1251 Y-0.7811 Z0.5208
X13.1201 Y-0.7889 Z0.5207
X13.1145 Y-0.7968 Z0.5206
X13.0991 Y-0.8179 Z0.5204
X13.0914 Y-0.8274 Z0.5202
X13.0837 Y-0.8368 Z0.5201
X13.0787 Y-0.8429
X13.0683 Y-0.8543 Z0.5198
X13.0574 Y-0.866 Z0.5196
X13.0528 Y-0.8706 Z0.5194
X13.0416 Y-0.8815 Z0.519
X13.0336 Y-0.8892 Z0.5189
X13.022 Y-0.8992 Z0.5186
X13.0143 Y-0.9059 Z0.5185
X13.0066 Y-0.9123 Z0.5184
X12.9912 Y-0.9241 Z0.5179
X12.9835 Y-0.93 Z0.5178
X12.9681 Y-0.9406 Z0.5174
X12.9603 Y-0.9458
X12.9524 Y-0.9509 Z0.5172
X12.9372 Y-0.9601 Z0.5167
X12.9295 Y-0.9647 Z0.5166
X12.9265 Y-0.9664
X12.9064 Y-0.977 Z0.5161
X12.8987 Y-0.9809 Z0.5159
X12.8833 Y-0.988 Z0.5155
X12.8756 Y-0.9915 Z0.5154
X12.8678 Y-0.9948 Z0.5153
X12.8499 Y-1.0018 Z0.515
X12.8504 Y-1.0019 Z0.5078
X12.8635 Y-1.002 Z0.3941
X12.8722 Z0.3192
X12.874 Z0.3043
X12.8748 Y-1.0018 Z0.3017
X12.8833 Y-0.9985 Z0.3009
X12.891 Y-0.9956 Z0.2998
X12.8953 Y-0.9939 Z0.2993
X12.8987 Y-0.9924 Z0.2997
X12.9064 Y-0.9888 Z0.3018
X12.9141 Y-0.9852 Z0.3036
X12.9218 Y-0.9816 Z0.3051
X12.9295 Y-0.9777 Z0.3062
X12.9363 Y-0.9741 Z0.3072
X12.9449 Y-0.9695 Z0.3077
X12.9526 Y-0.9654 Z0.3078
X12.9603 Y-0.9609 Z0.3074
X12.9681 Y-0.9563 Z0.3067
X12.9772 Y-0.9509 Z0.3055
X12.9835 Y-0.947 Z0.3043
X12.9866 Y-0.9449 Z0.304
X12.9891 Y-0.9432 Z0.3044
X13.0004 Y-0.9355 Z0.3052
X13.0066 Y-0.9312 Z0.3054
X13.0112 Y-0.9278
X13.0143 Y-0.9254
X13.022 Y-0.9196 Z0.3046
X13.0317 Y-0.9123 Z0.3032
X13.0374 Y-0.9077 Z0.3019
X13.0411 Y-0.9046 Z0.301
X13.0451 Y-0.9013 Z0.2999
X13.0504 Y-0.8969 Z0.2982
X13.0528 Y-0.8949 Z0.2974
X13.0597 Y-0.8892 Z0.2948
X13.0663 Y-0.8831 Z0.2918
X13.0761 Y-0.8737 Z0.2916
X13.0839 Y-0.866 Z0.2917
X13.0914 Y-0.8579 Z0.2919
X13.0991 Y-0.8496 Z0.2915
X13.1053 Y-0.8429 Z0.2913
X13.1145 Y-0.8317
X13.1181 Y-0.8274 Z0.2912
X13.1222 Y-0.8223 Z0.2915
X13.1243 Y-0.8197 Z0.2917
X13.1301 Y-0.812 Z0.2918
X13.1376 Y-0.8018 Z0.2914
X13.1415 Y-0.7966 Z0.2911
X13.1454 Y-0.7912
X13.1469 Y-0.7889
X13.1518 Y-0.7811 Z0.2916
X13.1531 Y-0.779 Z0.2924
X13.1564 Y-0.7734 Z0.2945
X13.1611 Y-0.7657 Z0.2971
X13.1653 Y-0.758 Z0.2993
X13.1685 Y-0.7522 Z0.3008
X13.1737 Y-0.7426 Z0.3027
X13.1762 Y-0.738 Z0.3035
X13.1778 Y-0.7348 Z0.304
X13.1815 Y-0.7271 Z0.3049
X13.1853 Y-0.7194 Z0.3055
X13.1891 Y-0.7117 Z0.3054
X13.1916 Y-0.7065 Z0.3052
X13.1927 Y-0.704 Z0.3054
X13.1937 Y-0.7001 Z0.3106
X13.1948 Y-0.6963 Z0.3155
X13.1959 Y-0.6924 Z0.3201
X13.197 Y-0.6885 Z0.3245
X13.1982 Y-0.6847 Z0.3287
X13.1994 Y-0.6808 Z0.3327
X13.2015 Y-0.6731 Z0.3402
X13.2035 Y-0.6654 Z0.3469
X13.2055 Y-0.6577 Z0.353
X13.207 Y-0.6522 Z0.3571
X13.2076 Y-0.65 Z0.3586
X13.2083 Y-0.6471 Z0.3604
X13.2091 Y-0.6441 Z0.3627
X13.2094 Y-0.6426 Z0.3639
X13.2096 Y-0.6413 Z0.3652
X13.2101 Y-0.6386 Z0.3679
X13.2106 Y-0.6362 Z0.3709
X13.2113 Y-0.6316 Z0.3771
X13.2118 Y-0.6271 Z0.3834
X13.2124 Y-0.6226 Z0.3895
X13.2127 Y-0.6202 Z0.3923
X13.2131 Y-0.6176 Z0.3951
X13.2135 Y-0.6149 Z0.3976
X13.2137 Y-0.6134 Z0.3987
X13.214 Y-0.6119 Z0.3998
X13.2145 Y-0.6088 Z0.4017
X13.2148 Y-0.6072 Z0.4024
X13.2151 Y-0.6055 Z0.4031
X13.217 Y-0.5959 Z0.4061
X13.2185 Y-0.5882 Z0.4083
X13.2199 Y-0.5805 Z0.4102
X13.221 Y-0.5728 Z0.4118
X13.2224 Y-0.5635 Z0.4134
X13.2234 Y-0.5574 Z0.4142
X13.2244 Y-0.5496 Z0.4151
X13.2253 Y-0.5419 Z0.4158
X13.2261 Y-0.5342 Z0.4163
X13.227 Y-0.5265 Z0.4165
X13.2277 Y-0.5188
X13.2282 Y-0.511 Z0.4166
X13.2286 Y-0.5033 Z0.4167
X13.2291 Y-0.4956 Z0.4164
X13.2295 Y-0.4879 Z0.4159
X13.2296 Y-0.4802 Z0.4151
X13.2297 Y-0.4725 Z0.4142
X13.2299 Y-0.4647 Z0.413
X13.23 Y-0.457 Z0.4116
X13.2298 Y-0.4493 Z0.4099
X13.2296 Y-0.4416 Z0.408
X13.2294 Y-0.4339 Z0.406
X13.2292 Y-0.4262 Z0.4036
X13.2288 Y-0.4184 Z0.401
X13.2282 Y-0.4107 Z0.3982
X13.2277 Y-0.403 Z0.3947
X13.2273 Y-0.3953 Z0.3909
X13.2266 Y-0.3876 Z0.3867
X13.2258 Y-0.3799 Z0.382
X13.2251 Y-0.3721 Z0.3771
X13.2243 Y-0.3644 Z0.3718
X13.2235 Y-0.3567 Z0.366
X13.2224 Y-0.349 Z0.3598
X13.2214 Y-0.3413 Z0.3531
X13.2204 Y-0.3336 Z0.3459
X13.2199 Y-0.3297 Z0.3421
X13.2193 Y-0.3258 Z0.3382
X13.2186 Y-0.3213 Z0.3332
X13.218 Y-0.3181 Z0.3295
X13.2174 Y-0.3143 Z0.3248
X13.2169 Y-0.3104 Z0.3199
X13.2164 Y-0.3065 Z0.3143
X13.2161 Y-0.3046 Z0.3116
X13.2147 Y-0.2999 Z0.3117
X13.2131 Y-0.295 Z0.3118
X13.2104 Y-0.2873 Z0.3113
X13.2076 Y-0.2795 Z0.311
X13.2034 Y-0.268 Z0.3115
X13.2017 Y-0.2641 Z0.3125
X13.1982 Y-0.2564 Z0.3148
X13.1929 Y-0.2448 Z0.318
X13.1916 Y-0.2424 Z0.3201
X13.1885 Y-0.2371 Z0.3266
X13.1861 Y-0.2332 Z0.3311
X13.1839 Y-0.2296 Z0.3351
X13.1814 Y-0.2255 Z0.3394
X13.1767 Y-0.2178 Z0.3469
X13.172 Y-0.2101 Z0.3536
X13.1685 Y-0.2045 Z0.3583
X13.1671 Y-0.2024 Z0.3599
X13.162 Y-0.1946 Z0.3656
X13.157 Y-0.1869 Z0.3709
X13.1531 Y-0.1808 Z0.3747
X13.152 Y-0.1792 Z0.3757
X13.1465 Y-0.1715 Z0.3798
X13.1411 Y-0.1638 Z0.3834
X13.1357 Y-0.1561 Z0.3868
X13.1299 Y-0.1483 Z0.3898
X13.1241 Y-0.1406 Z0.3923
X13.1222 Y-0.1382 Z0.393
X13.1145 Y-0.1281 Z0.3957
X13.1122 Y-0.1252 Z0.3963
X13.1068 Y-0.1188 Z0.3975
X13.0991 Y-0.1096 Z0.3986
X13.0928 Y-0.102 Z0.3991
X13.0914 Y-0.1005 Z0.3992
X13.0837 Y-0.0921 Z0.3994
X13.0786 Y-0.0866 Z0.3993
X13.0715 Y-0.0789 Z0.3989
X13.0683 Y-0.0756 Z0.3985
X13.0559 Y-0.0635 Z0.3968
X13.048 Y-0.0557 Z0.3955
X13.0451 Y-0.0531 Z0.3949
X13.0374 Y-0.0463 Z0.3931
X13.0297 Y-0.0395 Z0.391
X13.0218 Y-0.0326 Z0.3883
X13.0143 Y-0.0266 Z0.3855
X13.0066 Y-0.0204 Z0.3822
X12.9989 Y-0.0142 Z0.3784
X12.9912 Y-0.0087 Z0.3744
X12.9835 Y-0.003 Z0.3695
X12.9758 Y0.0026 Z0.3641
X12.9708 Y0.006 Z0.3605
X12.9642 Y0.0103 Z0.3554
X12.959 Y0.0137 Z0.3511
X12.9526 Y0.0179 Z0.3453
X12.9472 Y0.0214 Z0.3403
X12.9411 Y0.025 Z0.3344
X12.9401 Y0.0255 Z0.3339
X12.9372 Y0.0269 Z0.3358
X12.9295 Y0.0307 Z0.3407
X12.9218 Y0.0344 Z0.3454
X12.9165 Y0.0369 Z0.3478
X12.9141 Y0.0379 Z0.3489
X12.9064 Y0.0412 Z0.3522
X12.8987 Y0.0446 Z0.3551
X12.891 Y0.048 Z0.3577
X12.8866 Y0.0497 Z0.359
X12.8861 Y0.0499 Z0.3604
X12.8756 Y0.0498 Z0.4516
X12.8713 Z0.4893
X12.8711 Y0.0496 Z0.4954
X12.877 Y0.047
X12.8833 Y0.0442
X12.8993 Y0.0369 Z0.4958
X12.9064 Y0.0333 Z0.4959
X12.9143 Y0.0291 Z0.4961
X12.9295 Y0.0211 Z0.4966
X12.942 Y0.0137 Z0.4968
X12.9548 Y0.006 Z0.4972
X12.9603 Y0.0025 Z0.4973
X12.9681 Y-0.0027 Z0.4974
X12.9835 Y-0.0132 Z0.4978
X12.9912 Y-0.019 Z0.498
X13.009 Y-0.0326 Z0.4984
X13.0143 Y-0.037
X13.0271 Y-0.048 Z0.4987
X13.0359 Y-0.0557 Z0.499
X13.0451 Y-0.0646 Z0.4992
X13.0528 Y-0.0721 Z0.4994
X13.0598 Y-0.0789 Z0.4997
X13.074 Y-0.0943 Z0.5
X13.081 Y-0.102 Z0.5002
X13.0937 Y-0.1175 Z0.5003
X13.1 Y-0.1252 Z0.5005
X13.1068 Y-0.1343
X13.1171 Y-0.1483 Z0.5007
X13.1224 Y-0.1561 Z0.5008
X13.1324 Y-0.1715 Z0.5011
X13.1376 Y-0.1797 Z0.5013
X13.1462 Y-0.1946 Z0.5014
X13.1531 Y-0.2068 Z0.5017
X13.1548 Y-0.2101
X13.1624 Y-0.2255 Z0.5019
X13.1662 Y-0.2332 Z0.5021
X13.1685 Y-0.238
X13.1763 Y-0.2564 Z0.5022
X13.1796 Y-0.2641 Z0.5023
X13.1826 Y-0.2718
X13.1881 Y-0.2873 Z0.5024
X13.1916 Y-0.297 Z0.5025
X13.1956 Y-0.3104
X13.2002 Y-0.3258 Z0.5026
X13.2021 Y-0.3336
X13.2057 Y-0.349 Z0.5027
X13.2075 Y-0.3567 Z0.5029
X13.2091 Y-0.3644
X13.2117 Y-0.3799 Z0.503
X13.2131 Y-0.3876
X13.2142 Y-0.3953
X13.216 Y-0.4107 Z0.5029
X13.2169 Y-0.4184 Z0.503
X13.2176 Y-0.4262 Z0.5031
X13.219 Y-0.4493 Z0.503
X13.2194 Y-0.457
Y-0.4647 Z0.5028
Y-0.4879 Z0.5031
X13.219 Y-0.4956
X13.2176 Y-0.5188 Z0.5032
X13.2169 Y-0.5265 Z0.5031
X13.2151 Y-0.5419 Z0.503
X13.2142 Y-0.5496 Z0.5031
X13.2131 Y-0.5574
X13.2104 Y-0.5728 Z0.503
X13.209 Y-0.5805
X13.2075 Y-0.5882 Z0.5029
X13.2039 Y-0.6037 Z0.5027
X13.2021 Y-0.6114
X13.2002 Y-0.6191 Z0.5026
X13.1956 Y-0.6345 Z0.5025
X13.1916 Y-0.6479
X13.1839 Y-0.6694 Z0.5024
X13.1826 Y-0.6731
X13.1796 Y-0.6808 Z0.5023
X13.173 Y-0.6963 Z0.5021
X13.1685 Y-0.7069 Z0.502
X13.1662 Y-0.7117
X13.1608 Y-0.7227 Z0.5018
X13.1547 Y-0.7348
X13.1531 Y-0.738 Z0.5017
X13.1454 Y-0.7517 Z0.5014
X13.1373 Y-0.7657 Z0.5013
X13.1274 Y-0.7811 Z0.5009
X13.1222 Y-0.7891 Z0.5008
X13.117 Y-0.7966 Z0.5007
X13.1058 Y-0.812 Z0.5006
X13.1 Y-0.8197 Z0.5005
X13.0874 Y-0.8352 Z0.5002
X13.081 Y-0.8429 Z0.5001
X13.0668 Y-0.8583 Z0.4998
X13.0597 Y-0.866 Z0.4996
X13.0519 Y-0.8737 Z0.4994
X13.0439 Y-0.8815 Z0.4991
X13.0359 Y-0.8892 Z0.499
X13.022 Y-0.9012 Z0.4986
X13.0143 Y-0.9079 Z0.4985
X13.0089 Y-0.9123 Z0.4984
X12.9988 Y-0.9201 Z0.4981
X12.9888 Y-0.9278 Z0.4979
X12.9835 Y-0.9317
X12.9665 Y-0.9432 Z0.4975
X12.9603 Y-0.9474 Z0.4974
X12.9526 Y-0.9522 Z0.4972
X12.9372 Y-0.9615 Z0.4967
X12.9289 Y-0.9664 Z0.4966
X12.9064 Y-0.9782 Z0.4961
X12.8987 Y-0.982 Z0.4959
X12.8808 Y-0.9901 Z0.4955
X12.8718 Y-0.9942 Z0.4954
X12.8709 Y-0.9946
X12.8713 Y-0.9947 Z0.4884
X12.8895 Z0.3316
X12.891 Z0.3199
X12.8953 Y-0.9929 Z0.3195
X12.9025 Y-0.9895 Z0.3214
X12.9064 Y-0.9877 Z0.3223
X12.9141 Y-0.9841 Z0.324
X12.9191 Y-0.9818 Z0.3249
X12.9218 Y-0.9805 Z0.3253
X12.9339 Y-0.9741 Z0.327
X12.9372 Y-0.9723 Z0.3273
X12.9449 Y-0.9683 Z0.3276
X12.9486 Y-0.9664 Z0.3277
X12.9526 Y-0.964 Z0.3278
X12.9617 Y-0.9586 Z0.3272
X12.9681 Y-0.9549 Z0.3266
X12.9758 Y-0.9503 Z0.3257
X12.9835 Y-0.9454 Z0.3244
X12.9868 Y-0.9432 Z0.3243
X12.9989 Y-0.9349 Z0.3251
X13.0066 Y-0.9295 Z0.3253
X13.0143 Y-0.9236
X13.022 Y-0.9178 Z0.3245
X13.0297 Y-0.912 Z0.3234
X13.0387 Y-0.9046 Z0.3217
X13.0451 Y-0.8992 Z0.32
X13.048 Y-0.8969 Z0.3192
X13.0528 Y-0.8928 Z0.3177
X13.0572 Y-0.8892 Z0.3161
X13.0606 Y-0.8861 Z0.3148
X13.0656 Y-0.8815 Z0.3126
X13.0683 Y-0.879 Z0.3117
X13.076 Y-0.8716 Z0.3115
X13.0816 Y-0.866 Z0.3116
X13.0887 Y-0.8583 Z0.3118
X13.0914 Y-0.8554
X13.103 Y-0.8429 Z0.3112
X13.1157 Y-0.8274 Z0.3111
X13.1222 Y-0.8195 Z0.3116
X13.1278 Y-0.812 Z0.3117
X13.1335 Y-0.8043 Z0.3115
X13.1392 Y-0.7966 Z0.3111
X13.1445 Y-0.7889 Z0.311
X13.1454 Y-0.7876 Z0.3111
X13.1494 Y-0.7811 Z0.3121
X13.1541 Y-0.7734 Z0.3149
X13.1588 Y-0.7657 Z0.3173
X13.1608 Y-0.7621 Z0.3183
X13.163 Y-0.758 Z0.3194
X13.1672 Y-0.7503 Z0.3212
X13.1714 Y-0.7426 Z0.3227
X13.1755 Y-0.7348 Z0.3239
X13.1792 Y-0.7271 Z0.3248
X13.183 Y-0.7194 Z0.3254
X13.1839 Y-0.7175
X13.1868 Y-0.7117 Z0.3257
X13.1881 Y-0.7078 Z0.3306
X13.1892 Y-0.704 Z0.3352
X13.1904 Y-0.7001 Z0.3395
X13.1916 Y-0.696 Z0.3439
X13.1939 Y-0.6885 Z0.3514
X13.1963 Y-0.6808 Z0.3586
X13.1986 Y-0.6731 Z0.3651
X13.1993 Y-0.6703 Z0.3674
X13.2006 Y-0.6654 Z0.3711
X13.2031 Y-0.6566 Z0.3772
X13.205 Y-0.65 Z0.3816
X13.207 Y-0.6415 Z0.3867
X13.2086 Y-0.6345 Z0.3907
X13.2104 Y-0.6268 Z0.3948
X13.2123 Y-0.6191 Z0.3981
X13.214 Y-0.6114 Z0.401
X13.2151 Y-0.6055 Z0.4031
X13.2158 Y-0.602 Z0.4045
X13.2161 Y-0.6003 Z0.4053
X13.2163 Y-0.5986 Z0.4062
X13.2169 Y-0.5954 Z0.4082
X13.2173 Y-0.5923 Z0.4104
X13.2181 Y-0.5864 Z0.4153
X13.2187 Y-0.5805 Z0.4203
X13.2192 Y-0.5747 Z0.4251
X13.2198 Y-0.5685 Z0.4294
X13.2202 Y-0.5652 Z0.4312
X13.2205 Y-0.5619 Z0.4327
X13.2208 Y-0.5601 Z0.4333
X13.221 Y-0.5584 Z0.4338
X13.2212 Y-0.5566 Z0.4342
X13.2214 Y-0.5548 Z0.4345
X13.2221 Y-0.5496 Z0.4351
X13.2229 Y-0.5419 Z0.4357
X13.2238 Y-0.5342 Z0.4361
X13.2246 Y-0.5265 Z0.4364
X13.2254 Y-0.5188
X13.2259 Y-0.511
X13.2263 Y-0.5033 Z0.4366
X13.2268 Y-0.4956 Z0.4363
X13.2272 Y-0.4879 Z0.4358
X13.2273 Y-0.4802 Z0.4351
X13.2274 Y-0.4725 Z0.4342
X13.2275 Y-0.4647 Z0.4331
X13.2277 Y-0.457 Z0.4318
X13.2275 Y-0.4493 Z0.4302
X13.2272 Y-0.4416 Z0.4285
X13.227 Y-0.4339 Z0.4265
X13.2268 Y-0.4262 Z0.4244
X13.2263 Y-0.4184 Z0.4219
X13.2258 Y-0.4107 Z0.4193
X13.2252 Y-0.403 Z0.4164
X13.2247 Y-0.3953 Z0.4129
X13.224 Y-0.3876 Z0.4091
X13.2232 Y-0.3799 Z0.4049
X13.2223 Y-0.3721 Z0.4003
X13.2216 Y-0.3644 Z0.3955
X13.2206 Y-0.3567 Z0.3902
X13.2195 Y-0.349 Z0.3846
X13.2184 Y-0.3413 Z0.3785
X13.2173 Y-0.3336 Z0.3721
X13.2162 Y-0.3258 Z0.3652
X13.2147 Y-0.318 Z0.3576
X13.2141 Y-0.3143 Z0.3538
X13.2134 Y-0.3104 Z0.3497
X13.2128 Y-0.3065 Z0.3454
X13.2122 Y-0.3027 Z0.3409
X13.2116 Y-0.2991 Z0.3365
X13.2108 Y-0.295 Z0.3317
X13.2081 Y-0.2873 Z0.3312
X13.2053 Y-0.2795 Z0.3309
X13.2025 Y-0.2718 Z0.3313
X13.1993 Y-0.2641 Z0.3334
X13.1949 Y-0.2545 Z0.3361
X13.1916 Y-0.2487 Z0.343
X13.1895 Y-0.2448 Z0.3473
X13.1873 Y-0.241 Z0.3514
X13.1839 Y-0.2349 Z0.3574
X13.1807 Y-0.2296 Z0.3625
X13.1762 Y-0.2221 Z0.3691
X13.1737 Y-0.2178 Z0.3726
X13.1685 Y-0.209 Z0.3794
X13.1642 Y-0.2024 Z0.3841
X13.1593 Y-0.1946 Z0.3893
X13.1543 Y-0.1869 Z0.394
X13.1494 Y-0.1792 Z0.398
X13.144 Y-0.1715 Z0.4017
X13.1376 Y-0.1624 Z0.4056
X13.1332 Y-0.1561 Z0.408
X13.1299 Y-0.1514 Z0.4097
X13.1276 Y-0.1483 Z0.4107
X13.1216 Y-0.1406 Z0.4131
X13.1145 Y-0.1312 Z0.4154
X13.1098 Y-0.1252 Z0.4167
X13.1068 Y-0.1216 Z0.4174
X13.0991 Y-0.1124 Z0.4184
X13.0905 Y-0.102 Z0.4191
X13.0834 Y-0.0943 Z0.4193
X13.076 Y-0.0863 Z0.4192
X13.0692 Y-0.0789 Z0.4188
X13.0606 Y-0.0703 Z0.4176
X13.0528 Y-0.0628 Z0.4166
X13.0451 Y-0.0552 Z0.4152
X13.037 Y-0.048 Z0.4135
X13.0283 Y-0.0403 Z0.4112
X13.022 Y-0.0347 Z0.4093
X13.0194 Y-0.0326 Z0.4084
X13.0143 Y-0.0285 Z0.4066
X13.0066 Y-0.0223 Z0.4036
X12.9989 Y-0.0161 Z0.4002
X12.9912 Y-0.0104 Z0.3965
X12.9835 Y-0.0049 Z0.3925
X12.9758 Y0.0008 Z0.3875
X12.9681 Y0.0061 Z0.3823
X12.9603 Y0.0111 Z0.3767
X12.9564 Y0.0137 Z0.3737
X12.9526 Y0.0162 Z0.3707
X12.9488 Y0.0187 Z0.3675
X12.9445 Y0.0214 Z0.3637
X12.9391 Y0.0245 Z0.359
X12.9382 Y0.0251 Z0.3581
X12.9372 Y0.0255 Z0.3585
X12.9295 Y0.0293 Z0.3631
X12.9218 Y0.0331 Z0.3668
X12.9139 Y0.0369 Z0.3702
X12.9035 Y0.0414 Z0.3742
X12.903 Y0.0416 Z0.3744
X12.9025 Y0.0417 Z0.3773
X12.8939 Y0.0416 Z0.4515
X12.8921 Z0.4679
X12.8917 Y0.0414 Z0.4756
X12.9016 Y0.0369 Z0.4758
X12.9064 Y0.0345 Z0.4759
X12.9166 Y0.0291 Z0.4762
X12.9313 Y0.0214 Z0.4766
X12.9372 Y0.018 Z0.4768
X12.9603 Y0.0041 Z0.4773
X12.9689 Y-0.0017 Z0.4775
X12.9835 Y-0.0116 Z0.4779
X12.9912 Y-0.0172 Z0.478
X13.0113 Y-0.0326 Z0.4785
X13.0143 Y-0.035
X13.022 Y-0.0416 Z0.4786
X13.0383 Y-0.0557 Z0.4791
X13.0528 Y-0.0698 Z0.4795
X13.0606 Y-0.0773 Z0.4797
X13.0621 Y-0.0789 Z0.4798
X13.0763 Y-0.0943 Z0.4801
X13.0837 Y-0.1025 Z0.4803
X13.1024 Y-0.1252 Z0.4806
X13.1081 Y-0.1329
X13.1222 Y-0.1523 Z0.4808
X13.1248 Y-0.1561 Z0.4809
X13.1396 Y-0.1792 Z0.4814
X13.1454 Y-0.1891
X13.1485 Y-0.1946 Z0.4815
X13.1531 Y-0.2027 Z0.4817
X13.1571 Y-0.2101 Z0.4818
X13.1647 Y-0.2255 Z0.482
X13.1685 Y-0.2332 Z0.4822
X13.1721 Y-0.241 Z0.4823
X13.1787 Y-0.2564
X13.1819 Y-0.2641 Z0.4824
X13.1839 Y-0.269
X13.1904 Y-0.2873 Z0.4825
X13.1932 Y-0.295 Z0.4826
X13.1957 Y-0.3027
X13.2002 Y-0.3181
X13.2025 Y-0.3258 Z0.4827
X13.2045 Y-0.3336
X13.208 Y-0.349 Z0.4828
X13.2098 Y-0.3567 Z0.483
X13.2114 Y-0.3644 Z0.4831
X13.2141 Y-0.3799
X13.2154 Y-0.3876 Z0.4832
X13.2165 Y-0.3953
X13.2183 Y-0.4107 Z0.4831
X13.2192 Y-0.4184 Z0.4832
X13.22 Y-0.4262 Z0.4833
X13.2213 Y-0.4493 Z0.4831
X13.2217 Y-0.457
Y-0.4647 Z0.483
Y-0.4879 Z0.4832
X13.2213 Y-0.4956
X13.22 Y-0.5188 Z0.4833
X13.2192 Y-0.5265 Z0.4832
X13.2174 Y-0.5419 Z0.4831
X13.2165 Y-0.5496 Z0.4832
X13.2154 Y-0.5574
X13.2127 Y-0.5728 Z0.4831
X13.2114 Y-0.5805
X13.2098 Y-0.5882 Z0.483
X13.2062 Y-0.6037 Z0.4828
X13.2044 Y-0.6114
X13.2025 Y-0.6191
X13.1979 Y-0.6345 Z0.4826
X13.1956 Y-0.6422
X13.1932 Y-0.65
X13.1877 Y-0.6654 Z0.4825
X13.1839 Y-0.6758
X13.1819 Y-0.6808 Z0.4824
X13.1754 Y-0.6963 Z0.4822
X13.1721 Y-0.704
X13.1685 Y-0.7118 Z0.4821
X13.1608 Y-0.7274 Z0.4819
X13.1571 Y-0.7348
X13.1528 Y-0.7426 Z0.4817
X13.1485 Y-0.7503 Z0.4815
X13.1441 Y-0.758
X13.1396 Y-0.7657 Z0.4814
X13.1297 Y-0.7811 Z0.481
X13.1247 Y-0.7889 Z0.4809
X13.1222 Y-0.7926
X13.1068 Y-0.8138 Z0.4807
X13.1023 Y-0.8197 Z0.4806
X13.0897 Y-0.8352 Z0.4803
X13.0833 Y-0.8429 Z0.4802
X13.062 Y-0.866 Z0.4797
X13.0606 Y-0.8676
X13.0451 Y-0.8825 Z0.4792
X13.0374 Y-0.8899 Z0.479
X13.0204 Y-0.9046 Z0.4786
X13.0143 Y-0.9099
X13.0112 Y-0.9123 Z0.4785
X12.9912 Y-0.9277 Z0.478
X12.9835 Y-0.9333 Z0.4779
X12.9681 Y-0.9438 Z0.4775
X12.9603 Y-0.9489 Z0.4774
X12.9526 Y-0.9536 Z0.4772
X12.9372 Y-0.9629 Z0.4768
X12.9312 Y-0.9664 Z0.4767
X12.9064 Y-0.9794 Z0.4761
X12.8996 Y-0.9826 Z0.476
X12.8916 Y-0.9863 Z0.4757
X12.892 Y-0.9865 Z0.468
X12.9064 Z0.3443
X12.9069 Y-0.9864 Z0.3429
X12.9102 Y-0.9848 Z0.3436
X12.9168 Y-0.9818 Z0.3448
X12.9218 Y-0.9793 Z0.3455
X12.9316 Y-0.9741 Z0.3469
X12.9372 Y-0.9711 Z0.3473
X12.9462 Y-0.9664 Z0.3477
X12.9526 Y-0.9627
X12.9603 Y-0.9581 Z0.3473
X12.9681 Y-0.9535 Z0.3466
X12.9758 Y-0.9489 Z0.3457
X12.9844 Y-0.9432 Z0.3443
X12.9989 Y-0.9333 Z0.3451
X13.0066 Y-0.9278 Z0.3453
X13.0143 Y-0.9219 Z0.3452
X13.022 Y-0.916 Z0.3445
X13.0269 Y-0.9123 Z0.3438
X13.0297 Y-0.9101 Z0.3434
X13.0374 Y-0.9037 Z0.3419
X13.0455 Y-0.8969 Z0.34
X13.0528 Y-0.8908 Z0.3379
X13.0547 Y-0.8892 Z0.3373
X13.0606 Y-0.8838 Z0.3351
X13.0683 Y-0.8768 Z0.3319
X13.0714 Y-0.8737 Z0.3315
X13.076 Y-0.8694
X13.0793 Y-0.866
X13.0864 Y-0.8583 Z0.3317
X13.0914 Y-0.8529 Z0.3316
X13.1007 Y-0.8429 Z0.3312
X13.1145 Y-0.8261 Z0.3311
X13.1197 Y-0.8197 Z0.3314
X13.1222 Y-0.8165 Z0.3315
X13.1255 Y-0.812 Z0.3316
X13.1311 Y-0.8043 Z0.3314
X13.1376 Y-0.7955 Z0.331
X13.1422 Y-0.7889 Z0.3309
X13.1454 Y-0.7839 Z0.3316
X13.1517 Y-0.7734 Z0.3352
X13.1564 Y-0.7657 Z0.3375
X13.1608 Y-0.7578 Z0.3395
X13.1648 Y-0.7503 Z0.3412
X13.1691 Y-0.7426 Z0.3426
X13.1732 Y-0.7348 Z0.3438
X13.1769 Y-0.7271 Z0.3446
X13.1806 Y-0.7194 Z0.3453
X13.182 Y-0.7155 Z0.3499
X13.1839 Y-0.7104 Z0.3558
X13.186 Y-0.704 Z0.3624
X13.1876 Y-0.699 Z0.3673
X13.1885 Y-0.6963 Z0.3699
X13.1909 Y-0.6885 Z0.3769
X13.1935 Y-0.6808 Z0.3834
X13.1958 Y-0.6731 Z0.3891
X13.1979 Y-0.6654 Z0.3945
X13.2001 Y-0.6577 Z0.3995
X13.2023 Y-0.65 Z0.4042
X13.2043 Y-0.6422 Z0.4086
X13.2061 Y-0.6345 Z0.4127
X13.208 Y-0.6268 Z0.416
X13.2099 Y-0.6191 Z0.4191
X13.2116 Y-0.6108 Z0.422
X13.213 Y-0.6037 Z0.4243
X13.2147 Y-0.5952 Z0.4268
X13.2162 Y-0.5882 Z0.4286
X13.2175 Y-0.5805 Z0.4304
X13.2187 Y-0.5728 Z0.4319
X13.2199 Y-0.5651 Z0.4332
X13.2211 Y-0.5574 Z0.4342
X13.2214 Y-0.5548 Z0.4345
X13.222 Y-0.5511 Z0.4351
X13.2221 Y-0.5492 Z0.4356
X13.2223 Y-0.5474 Z0.4361
X13.2226 Y-0.5439 Z0.4374
X13.2229 Y-0.5404 Z0.439
X13.2232 Y-0.5336 Z0.4426
X13.2234 Y-0.527 Z0.4465
X13.2237 Y-0.5203 Z0.4502
Y-0.5135 Z0.4534
X13.2238 Y-0.5099 Z0.4547
X13.2239 Y-0.5063 Z0.4556
X13.224 Y-0.5045 Z0.456
Y-0.5027 Z0.4562
X13.2241 Y-0.5008 Z0.4563
X13.2242 Y-0.499
X13.2244 Y-0.4956 Z0.4562
X13.2249 Y-0.4879 Z0.4557
X13.225 Y-0.4802 Z0.4551
X13.2251 Y-0.4725 Z0.4542
X13.2252 Y-0.4647 Z0.4532
X13.2253 Y-0.457 Z0.4519
X13.2251 Y-0.4493 Z0.4505
X13.2249 Y-0.4416 Z0.4488
X13.2246 Y-0.4339 Z0.447
X13.2244 Y-0.4262 Z0.445
X13.2239 Y-0.4184 Z0.4427
X13.2233 Y-0.4107 Z0.4402
X13.2227 Y-0.403 Z0.4375
X13.2222 Y-0.3953 Z0.4346
X13.2215 Y-0.3876 Z0.4311
X13.2206 Y-0.3799 Z0.4272
X13.2197 Y-0.3721 Z0.4231
X13.2189 Y-0.3644 Z0.4186
X13.2179 Y-0.3567 Z0.4138
X13.2167 Y-0.349 Z0.4086
X13.2155 Y-0.3413 Z0.4031
X13.2144 Y-0.3336 Z0.3972
X13.2132 Y-0.3258 Z0.391
X13.2117 Y-0.3181 Z0.3842
X13.2102 Y-0.3104 Z0.377
X13.2088 Y-0.3027 Z0.3694
X13.2082 Y-0.2991 Z0.3657
X13.207 Y-0.2935 Z0.3595
X13.2057 Y-0.2873 Z0.352
X13.2054 Y-0.2862 Z0.351
X13.203 Y-0.2795 Z0.3509
X13.2012 Y-0.2746 Z0.3512
X13.1986 Y-0.268 Z0.3531
X13.1975 Y-0.2655 Z0.3538
X13.1968 Y-0.2641 Z0.3549
X13.1945 Y-0.26 Z0.3596
X13.1916 Y-0.2547 Z0.3653
X13.1868 Y-0.2459 Z0.3741
X13.1839 Y-0.2404 Z0.3791
X13.1798 Y-0.2332 Z0.3853
X13.1762 Y-0.2271 Z0.3903
X13.1708 Y-0.2178 Z0.3973
X13.1663 Y-0.2101 Z0.4026
X13.1608 Y-0.2012 Z0.4084
X13.1566 Y-0.1946 Z0.4123
X13.1517 Y-0.1869 Z0.4163
X13.1468 Y-0.1792 Z0.4199
X13.1414 Y-0.1715 Z0.4233
X13.1361 Y-0.1638 Z0.4264
X13.1299 Y-0.1548 Z0.4296
X13.1251 Y-0.1483 Z0.4316
X13.1222 Y-0.1446 Z0.4327
X13.1145 Y-0.1344 Z0.4352
X13.1074 Y-0.1252 Z0.437
X13.0991 Y-0.1152 Z0.4382
X13.0914 Y-0.1059 Z0.4389
X13.0881 Y-0.102 Z0.4391
X13.0811 Y-0.0943 Z0.4392
X13.074 Y-0.0866 Z0.439
X13.0669 Y-0.0789 Z0.4386
X13.0591 Y-0.0712 Z0.4376
X13.0512 Y-0.0635 Z0.4366
X13.0434 Y-0.0557 Z0.4352
X13.0347 Y-0.048 Z0.4334
X13.026 Y-0.0403 Z0.4312
X13.022 Y-0.0368 Z0.4301
X13.0171 Y-0.0326 Z0.4285
X13.0143 Y-0.0304 Z0.4276
X13.0066 Y-0.0242 Z0.4248
X12.9978 Y-0.0172 Z0.4212
X12.9912 Y-0.0121 Z0.4183
X12.9835 Y-0.0066 Z0.4146
X12.9758 Y-0.0011 Z0.4105
X12.9681 Y0.0045 Z0.4056
X12.9603 Y0.0095 Z0.4005
X12.9526 Y0.0145 Z0.395
X12.9449 Y0.0195 Z0.3892
X12.9418 Y0.0214 Z0.3867
X12.9372 Y0.024 Z0.383
X12.9353 Y0.0251 Z0.3818
X12.9272 Y0.0291 Z0.3857
X12.9199 Y0.0328 Z0.3889
X12.9189 Y0.0331 Z0.3928
X12.9124 Y0.033 Z0.4483
X12.912 Y0.0328 Z0.4561
X12.9336 Y0.0214 Z0.4567
X12.9372 Y0.0194 Z0.4568
X12.9603 Y0.0055 Z0.4574
X12.9681 Y0.0005 Z0.4575
X12.9835 Y-0.01 Z0.4579
X12.9912 Y-0.0154 Z0.4581
X13.0143 Y-0.0331 Z0.4585
X13.0228 Y-0.0403 Z0.4586
X13.0374 Y-0.0529 Z0.4591
X13.0406 Y-0.0557 Z0.4592
X13.0528 Y-0.0676 Z0.4595
X13.0606 Y-0.075 Z0.4598
X13.0644 Y-0.0789 Z0.4599
X13.0837 Y-0.0998 Z0.4603
X13.0857 Y-0.102 Z0.4604
X13.1047 Y-0.1252 Z0.4607
X13.1068 Y-0.1279
X13.1161 Y-0.1406 Z0.4608
X13.1222 Y-0.1491 Z0.4609
X13.1271 Y-0.1561 Z0.461
X13.142 Y-0.1792 Z0.4615
X13.1464 Y-0.1869
X13.1531 Y-0.1986 Z0.4617
X13.1594 Y-0.2101 Z0.462
X13.1708 Y-0.2332 Z0.4623
X13.1744 Y-0.241 Z0.4624
X13.181 Y-0.2564 Z0.4625
X13.1843 Y-0.2641
X13.1872 Y-0.2718 Z0.4626
X13.1928 Y-0.2873
X13.1955 Y-0.295 Z0.4627
X13.198 Y-0.3027
X13.2025 Y-0.3181 Z0.4628
X13.2048 Y-0.3258 Z0.4629
X13.207 Y-0.3347
X13.2104 Y-0.349 Z0.463
X13.2121 Y-0.3567 Z0.4631
X13.2137 Y-0.3644 Z0.4632
X13.2164 Y-0.3799
X13.2177 Y-0.3876 Z0.4633
X13.2188 Y-0.3953
X13.2197 Y-0.403 Z0.4632
X13.2206 Y-0.4107
X13.2215 Y-0.4184 Z0.4633
X13.2223 Y-0.4262 Z0.4634
X13.2236 Y-0.4493 Z0.4632
X13.224 Y-0.457
Y-0.4647 Z0.4631
Y-0.4879 Z0.4634
X13.2236 Y-0.4956 Z0.4633
X13.2223 Y-0.5188 Z0.4635
X13.2215 Y-0.5265 Z0.4634
X13.2197 Y-0.5419 Z0.4633
X13.2188 Y-0.5496
X13.2177 Y-0.5574
X13.2147 Y-0.5744 Z0.4632
X13.2137 Y-0.5805
X13.2121 Y-0.5882
X13.2085 Y-0.6037 Z0.463
X13.2067 Y-0.6114 Z0.4629
X13.2048 Y-0.6191
X13.1993 Y-0.6376 Z0.4628
X13.198 Y-0.6422
X13.1955 Y-0.65 Z0.4627
X13.1872 Y-0.6731 Z0.4626
X13.1839 Y-0.6816
X13.1762 Y-0.6998 Z0.4623
X13.1744 Y-0.704
X13.1708 Y-0.7117 Z0.4622
X13.1632 Y-0.7271 Z0.462
X13.1594 Y-0.7348
X13.1552 Y-0.7426 Z0.4618
X13.1508 Y-0.7503 Z0.4617
X13.1454 Y-0.7598 Z0.4616
X13.1419 Y-0.7657 Z0.4615
X13.1299 Y-0.7844 Z0.4611
X13.127 Y-0.7889 Z0.461
X13.1217 Y-0.7966 Z0.4609
X13.1068 Y-0.8169 Z0.4607
X13.1046 Y-0.8197
X13.0914 Y-0.8359 Z0.4604
X13.0856 Y-0.8429 Z0.4603
X13.076 Y-0.8534 Z0.4601
X13.0644 Y-0.866 Z0.4598
X13.0606 Y-0.8698 Z0.4597
X13.0451 Y-0.8848 Z0.4592
X13.0405 Y-0.8892 Z0.4591
X13.0317 Y-0.8969 Z0.4589
X13.022 Y-0.9052 Z0.4587
X13.0135 Y-0.9123 Z0.4586
X12.9912 Y-0.9295 Z0.4581
X12.9825 Y-0.9355 Z0.4579
X12.9681 Y-0.9453 Z0.4575
X12.9594 Y-0.9509 Z0.4574
X12.9372 Y-0.9643 Z0.4568
X12.9335 Y-0.9664 Z0.4567
X12.912 Y-0.9777 Z0.4563
X12.9123 Y-0.9779 Z0.4504
X12.9218 Z0.3681
X12.9223 Y-0.9778 Z0.3658
X12.9295 Y-0.974 Z0.3668
X12.9372 Y-0.9699 Z0.3673
X12.9449 Y-0.9658 Z0.3676
X12.9526 Y-0.9613 Z0.3677
X12.9603 Y-0.9567 Z0.3672
X12.9701 Y-0.9509 Z0.3664
X12.9758 Y-0.9474 Z0.3657
X12.9835 Y-0.9423 Z0.3644
X12.9912 Y-0.937 Z0.3647
X12.9989 Y-0.9317 Z0.3651
X13.0043 Y-0.9278 Z0.3652
X13.0066 Y-0.926
X13.0144 Y-0.9201 Z0.3651
X13.022 Y-0.9143 Z0.3644
X13.0246 Y-0.9123 Z0.3641
X13.0297 Y-0.9082 Z0.3633
X13.0374 Y-0.9017 Z0.3619
X13.0451 Y-0.8952 Z0.3601
X13.0528 Y-0.8887 Z0.358
X13.0607 Y-0.8815 Z0.3553
X13.0691 Y-0.8737 Z0.3519
X13.076 Y-0.8671 Z0.3514
X13.0841 Y-0.8583 Z0.3516
X13.0914 Y-0.8504 Z0.3515
X13.0991 Y-0.842 Z0.3512
X13.1111 Y-0.8274 Z0.351
X13.1145 Y-0.8233 Z0.3511
X13.1174 Y-0.8197 Z0.3513
X13.1232 Y-0.812 Z0.3515
X13.1299 Y-0.8028 Z0.3513
X13.1345 Y-0.7966 Z0.351
X13.1376 Y-0.7922 Z0.3509
X13.1399 Y-0.7889
X13.1446 Y-0.7811 Z0.3529
X13.1493 Y-0.7734 Z0.3554
X13.1541 Y-0.7657 Z0.3577
X13.1583 Y-0.758 Z0.3595
X13.1625 Y-0.7503 Z0.3612
X13.1667 Y-0.7426 Z0.3625
X13.1685 Y-0.7394 Z0.363
X13.1709 Y-0.7348 Z0.3637
X13.1746 Y-0.7271 Z0.3645
X13.1762 Y-0.7227 Z0.3695
X13.1792 Y-0.7147 Z0.3779
X13.1803 Y-0.7117 Z0.381
X13.183 Y-0.704 Z0.3883
X13.1839 Y-0.7013 Z0.3907
X13.1855 Y-0.6963 Z0.395
X13.1881 Y-0.6885 Z0.4013
X13.1907 Y-0.6808 Z0.4071
X13.1916 Y-0.6781 Z0.409
X13.193 Y-0.6731 Z0.4124
X13.1952 Y-0.6654 Z0.4173
X13.1975 Y-0.6577 Z0.4221
X13.1997 Y-0.65 Z0.4265
X13.2017 Y-0.6422 Z0.4307
X13.2036 Y-0.6345 Z0.434
X13.2055 Y-0.6268 Z0.4371
X13.2075 Y-0.6191 Z0.44
X13.2091 Y-0.6114 Z0.4425
X13.2107 Y-0.6037 Z0.4448
X13.2122 Y-0.5959 Z0.447
X13.2138 Y-0.5882 Z0.4489
X13.2147 Y-0.5833 Z0.45
X13.2163 Y-0.5728 Z0.4519
X13.2175 Y-0.5651 Z0.4532
X13.2189 Y-0.5565 Z0.4543
X13.2198 Y-0.5496 Z0.455
X13.2206 Y-0.5419 Z0.4556
X13.2215 Y-0.5342 Z0.456
X13.2224 Y-0.5256 Z0.4563
X13.2231 Y-0.5188
X13.2235 Y-0.511
X13.224 Y-0.5033 Z0.4565
X13.2242 Y-0.499 Z0.4563
Y-0.4995 Z0.4561
X13.2241 Y-0.5022 Z0.4558
X13.2239 Y-0.507 Z0.4555
X13.2234 Y-0.5168 Z0.4551
X13.223 Y-0.5216 Z0.455
X13.2217 Y-0.5361 Z0.4545
X13.2212 Y-0.5409 Z0.4544
X13.2205 Y-0.5457 Z0.4542
X13.2192 Y-0.555 Z0.4537
X13.2155 Y-0.5775 Z0.4527
X13.2138 Y-0.5864 Z0.4522
X13.212 Y-0.5953 Z0.4517
X13.2099 Y-0.6041 Z0.4511
X13.2079 Y-0.6129 Z0.4502
X13.2068 Y-0.6173 Z0.4497
X13.2056 Y-0.6217 Z0.4491
X13.2045 Y-0.6259 Z0.4485
X13.2034 Y-0.6302 Z0.4478
X13.2023 Y-0.6344 Z0.447
X13.2011 Y-0.6386 Z0.4462
X13.1999 Y-0.6428 Z0.4452
X13.1987 Y-0.647 Z0.4441
X13.1975 Y-0.6511 Z0.4429
X13.1963 Y-0.6552 Z0.4417
X13.195 Y-0.6592 Z0.4403
X13.1938 Y-0.6632 Z0.4388
X13.1913 Y-0.6709 Z0.4354
X13.1888 Y-0.6785 Z0.4314
X13.1863 Y-0.6857 Z0.4269
X13.1853 Y-0.6885 Z0.4249
X13.1827 Y-0.6963 Z0.4192
X13.1801 Y-0.704 Z0.4131
X13.1773 Y-0.7117 Z0.4065
X13.1762 Y-0.7147 Z0.4037
X13.1728 Y-0.7235 Z0.3953
X13.1685 Y-0.7348 Z0.3835
X13.1644 Y-0.7426 Z0.3824
X13.1602 Y-0.7503 Z0.3811
X13.156 Y-0.758 Z0.3796
X13.1531 Y-0.7634 Z0.3783
X13.1517 Y-0.7657 Z0.3778
X13.1454 Y-0.7761 Z0.3749
X13.1423 Y-0.7811 Z0.3732
X13.1375 Y-0.7889 Z0.371
X13.1322 Y-0.7966
X13.1265 Y-0.8043 Z0.3713
X13.1208 Y-0.812 Z0.3714
X13.1145 Y-0.8204 Z0.3712
X13.1088 Y-0.8274 Z0.3709
X13.0991 Y-0.8392 Z0.3711
X13.096 Y-0.8429 Z0.3712
X13.0889 Y-0.8506 Z0.3715
X13.0818 Y-0.8583
X13.0747 Y-0.866 Z0.3714
X13.0712 Y-0.8695 Z0.3717
X13.0683 Y-0.8722 Z0.3726
X13.0606 Y-0.8793 Z0.3755
X13.0528 Y-0.8864 Z0.3781
X13.0499 Y-0.8892 Z0.3789
X13.0451 Y-0.8932 Z0.3802
X13.0374 Y-0.8997 Z0.3819
X13.0297 Y-0.9062 Z0.3832
X13.022 Y-0.9125 Z0.3843
X13.0143 Y-0.9183 Z0.385
X13.0066 Y-0.9242 Z0.3852
X12.9989 Y-0.9301 Z0.3851
X12.9911 Y-0.9355 Z0.3847
X12.9835 Y-0.9407 Z0.3844
X12.9758 Y-0.9458 Z0.3856
X12.9677 Y-0.9509 Z0.3866
X12.9603 Y-0.9553 Z0.3872
X12.9526 Y-0.9599 Z0.3876
X12.9449 Y-0.9645
X12.9416 Y-0.9664 Z0.3875
X12.9377 Y-0.9684 Z0.3873
X12.9372 Y-0.9686 Z0.3886
X12.9324 Z0.4305
X12.9321 Y-0.9683 Z0.4367
X12.9372 Y-0.9656 Z0.4368
X12.9489 Y-0.9586 Z0.4371
X12.9617 Y-0.9509 Z0.4375
X12.9681 Y-0.9469 Z0.4376
X12.9912 Y-0.9312 Z0.4381
X12.9989 Y-0.9254 Z0.4382
X13.0159 Y-0.9123 Z0.4387
X13.022 Y-0.9072
X13.0374 Y-0.8939 Z0.4391
X13.0429 Y-0.8892 Z0.4392
X13.0528 Y-0.8796 Z0.4395
X13.0606 Y-0.8721 Z0.4397
X13.0667 Y-0.866 Z0.4399
X13.0837 Y-0.8476 Z0.4403
X13.0879 Y-0.8429 Z0.4404
X13.1006 Y-0.8274 Z0.4406
X13.107 Y-0.8197 Z0.4408
X13.1145 Y-0.8096 Z0.4409
X13.124 Y-0.7966 Z0.441
X13.1299 Y-0.788 Z0.4411
X13.1443 Y-0.7657 Z0.4416
X13.1454 Y-0.7639 Z0.4417
X13.1531 Y-0.7503 Z0.4418
X13.1608 Y-0.7367 Z0.4421
X13.1694 Y-0.7194 Z0.4422
X13.1732 Y-0.7117 Z0.4423
X13.1767 Y-0.704 Z0.4424
X13.1839 Y-0.6871 Z0.4426
X13.1865 Y-0.6808 Z0.4427
X13.1895 Y-0.6731
X13.1936 Y-0.6616 Z0.4428
X13.1937 Y-0.6618 Z0.442
X13.1916 Y-0.6689 Z0.4378
X13.1904 Y-0.6731 Z0.4352
X13.188 Y-0.6808 Z0.4302
X13.1863 Y-0.6857 Z0.4269
X13.1853 Y-0.6887 Z0.4251
X13.1847 Y-0.6903 Z0.4243
X13.1841 Y-0.6919 Z0.4236
X13.1828 Y-0.6952 Z0.4225
X13.1815 Y-0.6985 Z0.4216
X13.1801 Y-0.702 Z0.421
X13.1786 Y-0.7054 Z0.4207
X13.1754 Y-0.7122 Z0.4205
X13.1721 Y-0.7193 Z0.4209
X13.1686 Y-0.7262 Z0.4215
X13.165 Y-0.7331 Z0.422
X13.1613 Y-0.74 Z0.4221
X13.151 Y-0.758 Z0.4218
X13.1466 Y-0.7657
X13.1317 Y-0.7889 Z0.4212
X13.1299 Y-0.7915
X13.1207 Y-0.8043 Z0.421
X13.1145 Y-0.8128 Z0.4209
X13.1093 Y-0.8197
X13.0914 Y-0.8415 Z0.4205
X13.0903 Y-0.8429
X13.069 Y-0.866 Z0.42
X13.0606 Y-0.8743 Z0.4198
X13.0528 Y-0.8818 Z0.4195
X13.0451 Y-0.8892 Z0.4193
X13.0274 Y-0.9046 Z0.4189
X13.022 Y-0.9092 Z0.4188
X13.0182 Y-0.9123 Z0.4187
X12.9981 Y-0.9278 Z0.4182
X12.9912 Y-0.9328 Z0.4181
X12.9681 Y-0.9485 Z0.4176
X12.9603 Y-0.9532 Z0.4175
X12.9514 Y-0.9586 Z0.4172
X12.9523 Z0.4087
X12.9526 Y-0.9585 Z0.4076
X12.9603 Y-0.9539 Z0.4071
X12.9681 Y-0.9493 Z0.4065
X12.9773 Y-0.9432 Z0.4054
X12.9835 Y-0.9391 Z0.4045
X12.9912 Y-0.9338 Z0.4047
X12.9996 Y-0.9278 Z0.405
X13.0066 Y-0.9224 Z0.4051
X13.0143 Y-0.9165 Z0.405
X13.022 Y-0.9106 Z0.4042
X13.0297 Y-0.9042 Z0.4032
X13.0384 Y-0.8969 Z0.4016
X13.0451 Y-0.8912 Z0.4002
X13.0475 Y-0.8892 Z0.3996
X13.0558 Y-0.8815 Z0.3972
X13.0606 Y-0.877 Z0.3957
X13.0683 Y-0.8699 Z0.3929
X13.0723 Y-0.866 Z0.3914
X13.076 Y-0.8621 Z0.3913
X13.0837 Y-0.8537 Z0.3914
X13.0914 Y-0.8454 Z0.3913
X13.0937 Y-0.8429 Z0.3912
X13.1001 Y-0.8352 Z0.3909
X13.1068 Y-0.827
X13.1128 Y-0.8197 Z0.3911
X13.1145 Y-0.8175
X13.1185 Y-0.812 Z0.3913
X13.1242 Y-0.8043
X13.1299 Y-0.7964 Z0.391
X13.1352 Y-0.7889 Z0.3912
X13.1376 Y-0.7848 Z0.3923
X13.1399 Y-0.7811 Z0.3935
X13.1454 Y-0.7722 Z0.3961
X13.1494 Y-0.7657 Z0.3978
X13.1536 Y-0.758 Z0.3996
X13.1579 Y-0.7503 Z0.4011
X13.1621 Y-0.7426 Z0.4024
X13.1641 Y-0.7382 Z0.4066
X13.1654 Y-0.7348 Z0.41
X13.1696 Y-0.724 Z0.4204
X13.17 Y-0.7229 Z0.4213
Y-0.7228 Z0.4223
X13.164 Y-0.7348 Z0.4222
X13.1613 Y-0.74 Z0.4221
X13.1596 Y-0.7428 Z0.4224
X13.1581 Y-0.7456 Z0.4232
X13.1566 Y-0.7482 Z0.4245
X13.1553 Y-0.7506 Z0.4264
X13.1541 Y-0.7527 Z0.4287
X13.1532 Y-0.7543 Z0.4314
X13.1525 Y-0.7555 Z0.4344
X13.152 Y-0.7563 Z0.4376
X13.1519 Y-0.7565 Z0.4409
G0 Z0.9241
X13.2479 Y-0.5797
Z0.6362
G1 Z0.092 F200.
X13.248 Y-0.5795 Z0.0888 F30.
Y-0.5786 Z0.0856
X13.2482 Y-0.5772 Z0.0827
X13.2483 Y-0.5754 Z0.08
X13.2486 Y-0.5731 Z0.0777
X13.2488 Y-0.5704 Z0.0758
X13.2491 Y-0.5675 Z0.0744
X13.2494 Y-0.5644 Z0.0736
X13.2497 Y-0.5611 Z0.0733
X13.25 Y-0.5579 Z0.0735
X13.2503 Y-0.5548 Z0.0744
X13.2505 Y-0.5518 Z0.0757
X13.2508 Y-0.5492 Z0.0776
X13.251 Y-0.5468 Z0.0799
X13.2512 Y-0.545 Z0.0825
X13.2513 Y-0.5436 Z0.0855
X13.2514 Y-0.5427 Z0.0886
Y-0.5424 Z0.0919
X13.2515 Y-0.5418 Z0.16
Y-0.5417 Z0.166
X13.2516 Y-0.541 Z0.1695
X13.2517 Y-0.54 Z0.1725
X13.2519 Y-0.5381 Z0.1752
X13.2524 Y-0.5342 Z0.1776
X13.2528 Y-0.5303 Z0.1781
X13.2539 Y-0.5208 Z0.178
X13.2543 Y-0.513
X13.2549 Y-0.5033 Z0.1782
X13.2551 Y-0.4995 Z0.1772
X13.2552 Y-0.4975 Z0.176
X13.2553 Y-0.4956 Z0.1738
X13.2554 Y-0.4946 Z0.172
Y-0.4942 Z0.1704
Y-0.4939 Z0.1673
Y-0.4933 Z0.0908
X13.2555 Y-0.493 Z0.0875
X13.2556 Y-0.4921 Z0.0844
X13.2558 Y-0.4907 Z0.0814
X13.2561 Y-0.4888 Z0.0788
X13.2565 Y-0.4866 Z0.0765
X13.2569 Y-0.4839 Z0.0746
X13.2573 Y-0.481 Z0.0733
X13.2578 Y-0.4779 Z0.0725
X13.2583 Y-0.4747 Z0.0722
X13.2588 Y-0.4714 Z0.0725
X13.2593 Y-0.4683 Z0.0733
X13.2597 Y-0.4654 Z0.0747
X13.2601 Y-0.4628 Z0.0766
X13.2605 Y-0.4605 Z0.0789
X13.2608 Y-0.4587 Z0.0816
X13.261 Y-0.4573 Z0.0845
X13.2611 Y-0.4565 Z0.0877
Y-0.4562 Z0.0909
G0 Z0.9241
X13.2083 Y-0.2993
Z0.6598
G1 Z0.3894 F200.
X13.2082 Y-0.2991 Z0.3861 F30.
X13.2079 Y-0.2983 Z0.3829
X13.2074 Y-0.2969 Z0.3799
X13.2067 Y-0.2952 Z0.3772
X13.2059 Y-0.293 Z0.3749
X13.2049 Y-0.2904 Z0.373
X13.2038 Y-0.2876 Z0.3717
X13.2026 Y-0.2846 Z0.3709
X13.2015 Y-0.2816 Z0.3706
X13.2003 Y-0.2785 Z0.371
X13.1993 Y-0.276 Z0.3716
X13.1973 Y-0.2718 Z0.3757
X13.1956 Y-0.2683 Z0.3794
X13.1916 Y-0.2607 Z0.387
X13.1878 Y-0.2535 Z0.3938
X13.1839 Y-0.2462 Z0.4001
X13.1812 Y-0.241 Z0.4043
X13.1762 Y-0.232 Z0.4112
X13.1724 Y-0.2255 Z0.4159
X13.168 Y-0.2178 Z0.4212
X13.1636 Y-0.2101 Z0.4261
X13.1608 Y-0.2054 Z0.4288
X13.1588 Y-0.2024 Z0.4306
X13.154 Y-0.1946 Z0.4346
X13.1492 Y-0.1869 Z0.4382
X13.1454 Y-0.1808 Z0.4409
X13.1453 Y-0.1809 Z0.4416
X13.1531 Y-0.1946 Z0.4417
X13.1608 Y-0.2082 Z0.442
X13.1694 Y-0.2255 Z0.4423
X13.1732 Y-0.2332 Z0.4424
X13.1767 Y-0.241 Z0.4425
X13.1839 Y-0.2578 Z0.4426
X13.1866 Y-0.2641 Z0.4427
X13.1895 Y-0.2718
X13.1951 Y-0.2873 Z0.4428
X13.1978 Y-0.295 Z0.4429
X13.1993 Y-0.2994
X13.2048 Y-0.3181
X13.2071 Y-0.3258 Z0.443
X13.2091 Y-0.3336
X13.2127 Y-0.349 Z0.4431
X13.2147 Y-0.3579 Z0.4433
X13.2165 Y-0.3673
Y-0.3668 Z0.4425
X13.2162 Y-0.3644 Z0.4412
X13.2152 Y-0.3567 Z0.4368
X13.2147 Y-0.3537 Z0.435
X13.214 Y-0.349 Z0.432
X13.2128 Y-0.3413 Z0.4269
X13.2116 Y-0.3336 Z0.4215
X13.2103 Y-0.3258 Z0.4158
X13.2087 Y-0.3181 Z0.4096
X13.207 Y-0.3095 Z0.4022
X13.2057 Y-0.3027 Z0.3961
X13.2041 Y-0.295 Z0.3887
X13.2034 Y-0.2917 Z0.3854
X13.2023 Y-0.2873 Z0.3808
X13.2016 Y-0.2843 Z0.3776
X13.2005 Y-0.2795 Z0.3722
X13.2003 Y-0.2785 Z0.371
X13.1998 Y-0.2772 Z0.3714
X13.1993 Y-0.276 Z0.3719
X13.1986 Y-0.2746 Z0.373
X13.198 Y-0.2733 Z0.3742
X13.1977 Y-0.2727 Z0.3749
X13.1972 Y-0.2715 Z0.3764
X13.1966 Y-0.2706 Z0.3781
X13.1961 Y-0.2697 Z0.3798
X13.1957 Y-0.2691 Z0.3816
X13.1948 Y-0.2679 Z0.3857
X13.194 Y-0.267 Z0.3898
X13.1925 Y-0.2656 Z0.3983
X13.1909 Y-0.2642 Z0.4063
X13.1901 Y-0.2633 Z0.4102
X13.1891 Y-0.262 Z0.414
X13.1886 Y-0.2613 Z0.4156
X13.188 Y-0.2604 Z0.4172
X13.1874 Y-0.2594 Z0.4186
X13.1866 Y-0.258 Z0.4202
X13.1861 Y-0.2571 Z0.421
X13.1855 Y-0.2558 Z0.4219
X13.1851 Y-0.255 Z0.4222
X13.1846 Y-0.2539 Z0.4225
X13.1841 Y-0.2527 Z0.4227
X13.1831 Y-0.2505 Z0.4226
X13.1832 Z0.4219
X13.1863 Y-0.2564 Z0.4172
X13.1903 Y-0.2641 Z0.4106
X13.1916 Y-0.2666 Z0.4084
X13.1941 Y-0.2718 Z0.4036
X13.1968 Y-0.2776 Z0.3981
X13.1984 Y-0.2843 Z0.4049
X13.1993 Y-0.2879 Z0.4083
X13.2011 Y-0.295 Z0.415
X13.2028 Y-0.3031 Z0.4221
Y-0.3033 Z0.423
X13.2002 Y-0.295
X13.1916 Y-0.2711 Z0.4228
X13.1889 Y-0.2641
X13.1841 Y-0.2527 Z0.4227
X13.1828 Y-0.2497 Z0.4229
X13.1815 Y-0.2468 Z0.4238
X13.1804 Y-0.2441 Z0.4251
X13.1793 Y-0.2416 Z0.427
X13.1784 Y-0.2394 Z0.4293
X13.1777 Y-0.2377 Z0.432
X13.1771 Y-0.2364 Z0.435
X13.1768 Y-0.2356 Z0.4381
X13.1767 Y-0.2353 Z0.4414
G0 Z0.9241
X13.1491 Y-0.1409
Z0.6452
G1 Z0.09 F200.
X13.1489 Y-0.1406 Z0.0904 F30.
X13.1472 Y-0.1383 Z0.0925
X13.1454 Y-0.1358 Z0.0934
X13.1443 Y-0.1344 Z0.0935
X13.1433 Y-0.1329 Z0.0932
X13.1418 Y-0.1309 Z0.0923
X13.1404 Y-0.1289 Z0.0904
X13.1402 Y-0.1286 Z0.09
X13.1391 Y-0.127 Z0.0881
X13.1379 Y-0.1253 Z0.0864
X13.137 Y-0.1241 Z0.0854
X13.136 Y-0.1228 Z0.0845
X13.135 Y-0.1215 Z0.0837
X13.1328 Y-0.1188 Z0.0823
X13.1305 Y-0.116 Z0.0813
X13.1281 Y-0.1132 Z0.0806
X13.1257 Y-0.1104 Z0.0802
X13.1233 Y-0.1075 Z0.08
X13.1212 Y-0.105
X13.1201 Y-0.1037 Z0.0802
X13.1191 Y-0.1025 Z0.0805
X13.117 Y-0.1001 Z0.0812
X13.1159 Y-0.0989 Z0.0818
X13.1149 Y-0.0978 Z0.0824
X13.1136 Y-0.0963 Z0.0834
X13.1124 Y-0.095 Z0.0847
X13.1113 Y-0.0938 Z0.0862
X13.1107 Y-0.0932 Z0.0874
X13.1102 Y-0.0927 Z0.0886
X13.11 Y-0.0924 Z0.09
X13.1099 Y-0.0923 Z0.0907
X13.1097 Y-0.0921 Z0.0943
X13.1096 Y-0.092 Z0.1
X13.1093 Y-0.0916 Z0.1512
X13.109 Y-0.0914 Z0.1531
X13.1081 Y-0.0904 Z0.156
X13.1068 Y-0.0889 Z0.1581
X13.1047 Y-0.0866 Z0.1598
X13.1017 Y-0.0833 Z0.1604
X13.0963 Y-0.0774
X13.0954 Y-0.0766 Z0.1603
X13.0914 Y-0.0727 Z0.1595
X13.082 Y-0.0635 Z0.1583
X13.0789 Y-0.0604 Z0.1575
X13.076 Y-0.0576 Z0.1548
X13.075 Y-0.0566 Z0.1528
X13.0745 Y-0.0562 Z0.1513
X13.0743 Y-0.0559 Z0.15
X13.0742 Y-0.0558 Z0.1487
X13.0737 Y-0.0554 Z0.0931
Z0.0921
X13.0734 Y-0.0551 Z0.0907
X13.0727 Y-0.0545 Z0.0892
X13.0721 Y-0.0539 Z0.088
X13.0709 Y-0.0529 Z0.0865
X13.0695 Y-0.0517 Z0.0852
X13.0685 Y-0.0508 Z0.0845
X13.0663 Y-0.0488 Z0.0833
X13.0651 Y-0.0478 Z0.0828
X13.0639 Y-0.0468 Z0.0824
X13.0615 Y-0.0447 Z0.0818
X13.0602 Y-0.0436 Z0.0817
X13.059 Y-0.0425 Z0.0816
X13.0532 Y-0.0374 Z0.082
X13.0503 Y-0.0349 Z0.0826
X13.0473 Y-0.0326 Z0.0834
X13.0445 Y-0.0303 Z0.0846
X13.0431 Y-0.0292 Z0.0852
X13.0417 Y-0.0281 Z0.086
X13.039 Y-0.0261 Z0.0878
X13.0377 Y-0.0251 Z0.0889
X13.0365 Y-0.0242 Z0.09
X13.0354 Y-0.0233 Z0.091
X13.0337 Y-0.022 Z0.0919
X13.0317 Y-0.0204 Z0.0923
X13.031 Y-0.0199
X13.0297 Y-0.0189 Z0.0921
X13.0275 Y-0.0172 Z0.0909
X13.0265 Y-0.0164 Z0.09
X13.0242 Y-0.0142 Z0.0879
X13.0217 Y-0.0119 Z0.0863
X13.019 Y-0.0095 Z0.0853
X13.0163 Y-0.0069 Z0.0848
X13.0136 Y-0.0043 Z0.085
X13.0109 Y-0.0018 Z0.0857
X13.0083 Y0.0006 Z0.0871
X13.0059 Y0.0028 Z0.089
X13.0038 Y0.0048 Z0.0914
X13.0019 Y0.0065 Z0.0942
X13.0005 Y0.0078 Z0.0974
X12.9994 Y0.0088 Z0.1008
X12.9987 Y0.0095 Z0.1045
X12.9985 Y0.0097 Z0.1082
Z0.4104
X12.9982 Y0.0098 Z0.4127
X12.9974 Y0.0101 Z0.4149
X12.996 Y0.0105 Z0.4168
X12.9942 Y0.0112 Z0.4183
X12.9921 Y0.0119 Z0.4192
X12.9899 Y0.0127 Z0.4195
X12.9877 Y0.0135 Z0.4192
X12.9856 Y0.0142 Z0.4183
X12.9838 Y0.0148 Z0.4168
X12.9824 Y0.0153 Z0.4149
X12.9816 Y0.0156 Z0.4127
X12.9813 Y0.0157 Z0.4104
X12.981 Y0.0158 Z0.4067
X12.9801 Y0.0159 Z0.4032
X12.9788 Y0.0161 Z0.3998
X12.9769 Y0.0165 Z0.3967
X12.9746 Y0.0169 Z0.3939
X12.9718 Y0.0173 Z0.3915
X12.9688 Y0.0179 Z0.3896
X12.9655 Y0.0184 Z0.3881
X12.962 Y0.019 Z0.3873
X12.9584 Y0.0196 Z0.3869
X12.9548 Y0.0202 Z0.3872
X12.9513 Y0.0209 Z0.388
X12.9479 Y0.0214 Z0.3894
X12.9448 Y0.022 Z0.3912
X12.9421 Y0.0224 Z0.3936
X12.9397 Y0.0228 Z0.3963
X12.9377 Y0.0232 Z0.3994
X12.9363 Y0.0234 Z0.4028
X12.9354 Y0.0236 Z0.4063
X12.9346 Y0.0237 Z0.4112
X12.9324 Z0.43
X12.9318 Y0.0236 Z0.4367
X12.9372 Y0.0207 Z0.4368
X12.9526 Y0.0115 Z0.4372
X12.9618 Y0.006 Z0.4374
X12.9681 Y0.002 Z0.4375
X12.985 Y-0.0095 Z0.4379
Y-0.0094 Z0.4371
X12.9758 Y-0.0028 Z0.4327
X12.9681 Y0.0027 Z0.4286
X12.9632 Y0.006 Z0.4256
X12.9603 Y0.0078 Z0.4238
X12.9512 Y0.0137 Z0.4178
X12.9449 Y0.0178 Z0.4133
X12.9392 Y0.0214 Z0.4091
X12.9354 Y0.0236 Z0.4063
X12.9328 Y0.025 Z0.4048
X12.9301 Y0.0266 Z0.4038
X12.9272 Y0.0282 Z0.4033
X12.9243 Y0.0299 Z0.4035
X12.9215 Y0.0315 Z0.4043
X12.9188 Y0.033 Z0.4056
X12.9164 Y0.0344 Z0.4075
X12.9143 Y0.0356 Z0.4098
X12.9126 Y0.0366 Z0.4125
X12.9113 Y0.0373 Z0.4155
X12.9106 Y0.0377 Z0.4188
X12.9103 Y0.0379 Z0.4221
G0 Z0.9241
X13.0043 Y0.0034
Z0.6508
G1 Z0.1075 F200.
X13.0041 Y0.0035 Z0.1042 F30.
X13.0033 Y0.0038 Z0.101
X13.002 Y0.0044 Z0.098
X13.0003 Y0.0052 Z0.0953
X12.9981 Y0.0062 Z0.093
X12.9956 Y0.0073 Z0.0911
X12.9929 Y0.0085 Z0.0898
X12.99 Y0.0098 Z0.089
X12.9869 Y0.0111 Z0.0887
X12.9839 Y0.0125 Z0.0891
X12.981 Y0.0138 Z0.09
X12.9801 Y0.0143 Z0.0904
X12.9795 Y0.0147 Z0.0905
X12.9782 Y0.0155 Z0.0907
X12.9758 Y0.017 Z0.0904
X12.9747 Y0.0176 Z0.09
X12.9718 Y0.0193 Z0.0887
X12.9689 Y0.021 Z0.0875
X12.9627 Y0.0243 Z0.0854
X12.9565 Y0.0277 Z0.084
X12.9533 Y0.0293 Z0.0835
X12.9501 Y0.031 Z0.0832
X12.947 Y0.0327 Z0.0831
X12.9439 Y0.0343 Z0.0832
X12.9409 Y0.0359 Z0.0836
X12.9378 Y0.0373 Z0.0843
X12.9348 Y0.0387 Z0.0852
X12.9333 Y0.0394 Z0.0858
X12.9319 Y0.04 Z0.0864
X12.9292 Y0.0413 Z0.088
X12.9279 Y0.0419 Z0.089
X12.9266 Y0.0425 Z0.09
X12.9257 Y0.0429 Z0.0909
X12.922 Y0.0446 Z0.0925
X12.9179 Y0.0464 Z0.0923
X12.9137 Y0.0484 Z0.09
G0 Z1.3241
(SCALLOP6 2)
G0 X0.5122 Y-0.4913
Z1.3241
Z0.7751
G1 Z0.7098 F200.
Y-0.4916 Z0.7065 F30.
X0.5123 Y-0.4924 Z0.7034
X0.5125 Y-0.4938 Z0.7004
X0.5128 Y-0.4956 Z0.6978
X0.5132 Y-0.4979 Z0.6955
X0.5135 Y-0.5005 Z0.6936
X0.514 Y-0.5035 Z0.6922
X0.5144 Y-0.5066 Z0.6913
X0.5149 Y-0.5098 Z0.691
X0.5169 Y-0.5227
X0.5184 Y-0.5305 Z0.6911
X0.5201 Y-0.5382
X0.5221 Y-0.546
X0.5244 Y-0.5537
X0.5269 Y-0.5614
X0.5327 Y-0.5769 Z0.691
X0.5398 Y-0.5924 Z0.6909
X0.5435 Y-0.6001 Z0.6911
X0.5477 Y-0.6079
X0.5523 Y-0.6156 Z0.691
X0.5572 Y-0.6234
X0.5613 Y-0.6297
X0.5691 Y-0.6407 Z0.6911
X0.5737 Y-0.6466 Z0.6912
X0.5803 Y-0.6543 Z0.6911
X0.5846 Y-0.659
X0.5923 Y-0.667 Z0.691
X0.5952 Y-0.6698
X0.6032 Y-0.6775 Z0.6911
X0.6122 Y-0.6853 Z0.691
X0.6155 Y-0.6881 Z0.6911
X0.6233 Y-0.6942
X0.631 Y-0.6996
X0.6387 Y-0.7046 Z0.691
X0.6465 Y-0.7096
X0.6542 Y-0.714
X0.6584 Y-0.7162 Z0.6909
X0.6697 Y-0.7221 Z0.6911
X0.6774 Y-0.7255 Z0.6909
X0.6929 Y-0.732 Z0.6911
X0.7007 Y-0.7348
X0.7084 Y-0.7373
X0.7164 Y-0.7394 Z0.691
X0.7239 Y-0.7414 Z0.6911
X0.7316 Y-0.7431 Z0.691
X0.7471 Y-0.7459
X0.7574 Y-0.7472
X0.7703 Y-0.7485
X0.7935 Y-0.7494 Z0.6911
X0.8013 Y-0.7496 Z0.6912
X0.809 Y-0.7498 Z0.6913
X11.8699
X11.8854 Y-0.7496 Z0.6912
X11.8931 Y-0.7495 Z0.6911
X11.9008 Y-0.7493
X11.9163 Y-0.7485 Z0.691
X11.9241 Y-0.7478
X11.9318 Y-0.7469
X11.9395 Y-0.7459
X11.9473 Y-0.7445
X11.955 Y-0.743 Z0.6909
X11.9628 Y-0.7414 Z0.6911
X11.9707 Y-0.7394
X11.9782 Y-0.7373
X11.986 Y-0.735 Z0.6912
X11.9947 Y-0.7317 Z0.6911
X12.0015 Y-0.7289
X12.0092 Y-0.7255 Z0.6909
X12.0169 Y-0.722 Z0.691
X12.0247 Y-0.7182
X12.0286 Y-0.7162
X12.0324 Y-0.7141 Z0.6911
X12.0419 Y-0.7085 Z0.691
X12.0479 Y-0.7047
X12.0541 Y-0.7007 Z0.6911
X12.0634 Y-0.6941
X12.0711 Y-0.6881
X12.0747 Y-0.6853
X12.0834 Y-0.6775
X12.0914 Y-0.6698 Z0.691
X12.0943 Y-0.6669
X12.1021 Y-0.6589
X12.1063 Y-0.6543 Z0.6911
X12.113 Y-0.6466
X12.1176 Y-0.6409 Z0.6912
X12.1191 Y-0.6388
X12.1253 Y-0.6298 Z0.691
X12.1296 Y-0.6234
X12.1344 Y-0.6156
X12.1389 Y-0.6079
X12.1408 Y-0.6045
X12.143 Y-0.6001
X12.1468 Y-0.5924 Z0.6909
X12.1504 Y-0.5847 Z0.691
X12.154 Y-0.5769
X12.1569 Y-0.5692 Z0.6911
X12.1597 Y-0.5614
X12.1623 Y-0.5537
X12.1646 Y-0.546
X12.1665 Y-0.5382 Z0.691
X12.1699 Y-0.5227 Z0.6911
X12.1721 Y-0.5073 Z0.691
X12.1732 Y-0.4995 Z0.6911
X12.1741 Y-0.484 Z0.691
X12.1744 Y-0.4763 Z0.6911
Y-0.4686
X12.1741 Y-0.4608 Z0.691
X12.1732 Y-0.4454 Z0.6911
X12.171 Y-0.4299 Z0.691
X12.1699 Y-0.4221 Z0.6911
X12.1665 Y-0.4067 Z0.691
X12.1646 Y-0.3989 Z0.6911
X12.1623 Y-0.3912
X12.1597 Y-0.3834
X12.1563 Y-0.3739
X12.154 Y-0.368
X12.1469 Y-0.3525 Z0.691
X12.1431 Y-0.3447 Z0.6911
X12.1389 Y-0.337 Z0.691
X12.133 Y-0.3271
X12.1296 Y-0.3215
X12.1244 Y-0.3138 Z0.6911
X12.1176 Y-0.3042
X12.113 Y-0.2983
X12.1098 Y-0.2947
X12.1021 Y-0.286 Z0.691
X12.0991 Y-0.2828
X12.0943 Y-0.278
X12.0914 Y-0.2751
X12.0834 Y-0.2674 Z0.6911
X12.0744 Y-0.2596 Z0.691
X12.0711 Y-0.2568 Z0.6911
X12.0634 Y-0.2509 Z0.691
X12.0556 Y-0.2451 Z0.6911
X12.0479 Y-0.2401 Z0.691
X12.042 Y-0.2364
X12.0324 Y-0.2308 Z0.6911
X12.0286 Y-0.2287 Z0.691
X12.0247 Y-0.2267
X12.0169 Y-0.2229
X12.0092 Y-0.2194 Z0.6909
X12.0015 Y-0.216 Z0.6911
X11.9937 Y-0.2128
X11.986 Y-0.2099 Z0.6912
X11.9782 Y-0.2075 Z0.6911
X11.9705 Y-0.2054
X11.9628 Y-0.2035
X11.955 Y-0.2019 Z0.6909
X11.9473 Y-0.2003 Z0.691
X11.9395 Y-0.199
X11.9291 Y-0.1977
X11.9241 Y-0.1971
X11.9163 Y-0.1964
X11.9086 Y-0.196 Z0.6911
X11.8931 Y-0.1954
X11.8854 Y-0.1952 Z0.6912
X0.809 Y-0.1951 Z0.6913
X0.8013 Y-0.1952 Z0.6912
X0.7858 Y-0.1957 Z0.6911
X0.7703 Y-0.1963 Z0.691
X0.7548 Y-0.198
X0.7471 Y-0.1989
X0.7316 Y-0.2018
X0.7239 Y-0.2034 Z0.6911
X0.7161 Y-0.2055 Z0.691
X0.7084 Y-0.2076 Z0.6911
X0.7007 Y-0.21 Z0.6912
X0.6929 Y-0.2128 Z0.6911
X0.6774 Y-0.2194 Z0.6909
X0.6697 Y-0.2229 Z0.691
X0.662 Y-0.2267
X0.6582 Y-0.2287
X0.6542 Y-0.2308
X0.6465 Y-0.2353 Z0.6911
X0.6387 Y-0.2402 Z0.691
X0.631 Y-0.2453 Z0.6911
X0.6233 Y-0.2507
X0.6155 Y-0.2569 Z0.691
X0.6123 Y-0.2596
X0.6033 Y-0.2674 Z0.6911
X0.5952 Y-0.2751 Z0.691
X0.5923 Y-0.2779
X0.5846 Y-0.2859 Z0.6911
X0.5803 Y-0.2906
X0.5737 Y-0.2983 Z0.6912
X0.5691 Y-0.3041
X0.5622 Y-0.3138 Z0.6911
X0.5572 Y-0.3215 Z0.691
X0.5523 Y-0.3293
X0.5477 Y-0.337 Z0.6911
X0.5435 Y-0.3447
X0.5398 Y-0.3525 Z0.6909
X0.5327 Y-0.368 Z0.691
X0.5269 Y-0.3834 Z0.6911
X0.5244 Y-0.3912
X0.5221 Y-0.3989
X0.5201 Y-0.4067
X0.5184 Y-0.4144
X0.5169 Y-0.4221 Z0.691
X0.5146 Y-0.4376
X0.5136 Y-0.4454 Z0.6911
X0.5126 Y-0.4608 Z0.691
X0.5122 Y-0.4686 Z0.6911
Y-0.4763
X0.5126 Y-0.484 Z0.691
X0.5136 Y-0.4995 Z0.6911
X0.5149 Y-0.5098 Z0.691
X0.5159 Y-0.5152 Z0.6909
X0.5166 Y-0.5179 Z0.6908
X0.5175 Y-0.5206 Z0.6907
X0.5194 Y-0.5258 Z0.6902
X0.5216 Y-0.5308 Z0.6897
X0.5241 Y-0.5358 Z0.689
X0.5268 Y-0.5406 Z0.6883
X0.5297 Y-0.5454 Z0.6874
X0.5327 Y-0.55 Z0.6865
X0.5423 Y-0.5639 Z0.6836
X0.5455 Y-0.5686 Z0.6827
X0.5486 Y-0.5734 Z0.682
X0.5516 Y-0.5782 Z0.6814
X0.5544 Y-0.5831 Z0.681
X0.557 Y-0.5882
X0.559 Y-0.5924 Z0.6811
X0.5632 Y-0.6001 Z0.681
X0.5691 Y-0.6098
X0.5728 Y-0.6156
X0.578 Y-0.6234 Z0.6811
X0.5835 Y-0.6311
X0.5846 Y-0.6324
X0.5898 Y-0.6388 Z0.6812
X0.5923 Y-0.6417 Z0.6811
X0.5966 Y-0.6466 Z0.681
X0.6041 Y-0.6543
X0.6078 Y-0.6579 Z0.6809
X0.6155 Y-0.6653 Z0.6811
X0.6233 Y-0.672 Z0.681
X0.631 Y-0.6782 Z0.6811
X0.6387 Y-0.6839 Z0.681
X0.6407 Y-0.6853
X0.6526 Y-0.693 Z0.6809
X0.6542 Y-0.694 Z0.681
X0.662 Y-0.6985
X0.6661 Y-0.7007 Z0.6809
X0.6697 Y-0.7026
X0.6774 Y-0.7066 Z0.681
X0.6852 Y-0.71 Z0.6809
X0.7007 Y-0.7165 Z0.6811
X0.7084 Y-0.7191
X0.7161 Y-0.7215 Z0.681
X0.7255 Y-0.724 Z0.6811
X0.7316 Y-0.7254 Z0.681
X0.7394 Y-0.7269
X0.7471 Y-0.7284
X0.7548 Y-0.7295 Z0.6809
X0.7703 Y-0.7312 Z0.681
X0.7822 Y-0.7317
X0.7935 Y-0.7321 Z0.6811
X0.8013 Y-0.7323 Z0.6813
X0.809 Y-0.7324
X11.8699
X11.8854 Y-0.7323 Z0.6812
X11.8931 Y-0.7322
X11.9008 Y-0.7319 Z0.6811
X11.9163 Y-0.7311 Z0.6809
X11.9241 Y-0.7304 Z0.681
X11.9318 Y-0.7295 Z0.6809
X11.9395 Y-0.7283 Z0.681
X11.9473 Y-0.7269 Z0.6809
X11.955 Y-0.7253 Z0.681
X11.9628 Y-0.7236 Z0.6811
X11.9705 Y-0.7215
X11.9782 Y-0.7192 Z0.6812
X11.9867 Y-0.7162 Z0.6811
X11.9937 Y-0.7134 Z0.681
X12.0015 Y-0.71 Z0.6809
X12.0049 Y-0.7085
X12.0092 Y-0.7065 Z0.681
X12.0169 Y-0.7028
X12.0209 Y-0.7007
X12.0247 Y-0.6986
X12.0341 Y-0.693 Z0.6809
X12.0402 Y-0.6891 Z0.681
X12.046 Y-0.6853
X12.0479 Y-0.6839
X12.0556 Y-0.6782 Z0.6811
X12.0634 Y-0.6721 Z0.681
X12.0711 Y-0.6653 Z0.6811
X12.0789 Y-0.6579 Z0.6809
X12.0825 Y-0.6543 Z0.681
X12.0899 Y-0.6466
X12.0943 Y-0.6417 Z0.6811
X12.1021 Y-0.6325
X12.1032 Y-0.6311 Z0.6812
X12.1087 Y-0.6234 Z0.6811
X12.114 Y-0.6156 Z0.681
X12.1188 Y-0.6079
X12.1234 Y-0.6001
X12.1253 Y-0.5967
X12.1276 Y-0.5924
X12.1313 Y-0.5847 Z0.6808
X12.135 Y-0.5769 Z0.681
X12.1384 Y-0.5692
X12.1413 Y-0.5614 Z0.6811
X12.1441 Y-0.5537 Z0.681
X12.1465 Y-0.546 Z0.6811
X12.1487 Y-0.5382
X12.1505 Y-0.5305 Z0.681
X12.1522 Y-0.5227 Z0.6811
X12.1536 Y-0.515 Z0.681
X12.1557 Y-0.4995
X12.1563 Y-0.4918
X12.1568 Y-0.484
X12.1571 Y-0.4763 Z0.6811
Y-0.4686
X12.1568 Y-0.4608 Z0.681
X12.1563 Y-0.4527
X12.1557 Y-0.4454
X12.1536 Y-0.4299
X12.1522 Y-0.4221 Z0.6811
X12.1505 Y-0.4144 Z0.681
X12.1485 Y-0.4061 Z0.6811
X12.1465 Y-0.3989
X12.1441 Y-0.3912 Z0.681
X12.1408 Y-0.3819 Z0.6811
X12.1384 Y-0.3757 Z0.681
X12.133 Y-0.3638 Z0.6809
X12.1314 Y-0.3602
X12.1277 Y-0.3525 Z0.681
X12.1234 Y-0.3447
X12.1176 Y-0.3349
X12.114 Y-0.3293
X12.1098 Y-0.3231 Z0.6811
X12.1031 Y-0.3138
X12.1021 Y-0.3125
X12.0968 Y-0.3061
X12.0899 Y-0.2983 Z0.6809
X12.0866 Y-0.2948 Z0.681
X12.0825 Y-0.2906
X12.0789 Y-0.287 Z0.6809
X12.0711 Y-0.2796 Z0.681
X12.0634 Y-0.2729
X12.0556 Y-0.2668
X12.0479 Y-0.2609
X12.0461 Y-0.2596 Z0.6811
X12.0342 Y-0.2519 Z0.681
X12.0324 Y-0.2508
X12.0247 Y-0.2463
X12.0209 Y-0.2441
X12.0169 Y-0.2421
X12.0092 Y-0.2383
X12.0049 Y-0.2364 Z0.6809
X12.0015 Y-0.2349
X11.9937 Y-0.2315 Z0.681
X11.986 Y-0.2284 Z0.6811
X11.9782 Y-0.2257 Z0.6812
X11.9705 Y-0.2233 Z0.6811
X11.9612 Y-0.2209
X11.955 Y-0.2195 Z0.681
X11.9473 Y-0.218 Z0.6809
X11.9395 Y-0.2165 Z0.681
X11.9318 Y-0.2154 Z0.6809
X11.9241 Y-0.2145 Z0.681
X11.9163 Y-0.2137 Z0.6809
X11.906 Y-0.2132 Z0.6811
X11.8931 Y-0.2128
X11.8854 Y-0.2126 Z0.6813
X0.809 Y-0.2125
X0.8013 Y-0.2126
X0.7858 Y-0.2131 Z0.681
X0.7781 Y-0.2133
X0.7703 Y-0.2137
X0.7548 Y-0.2154 Z0.6809
X0.7471 Y-0.2165 Z0.681
X0.7394 Y-0.2179
X0.7316 Y-0.2195
X0.7255 Y-0.2209 Z0.6811
X0.7161 Y-0.2234 Z0.681
X0.7084 Y-0.2257 Z0.6812
X0.6999 Y-0.2287 Z0.6811
X0.6852 Y-0.2349 Z0.6809
X0.6774 Y-0.2384 Z0.681
X0.6697 Y-0.2422
X0.6659 Y-0.2441
X0.662 Y-0.2463
X0.6542 Y-0.2509
X0.6526 Y-0.2519 Z0.6809
X0.6407 Y-0.2596 Z0.681
X0.6387 Y-0.261
X0.6302 Y-0.2674
X0.6233 Y-0.273 Z0.6809
X0.6155 Y-0.2796 Z0.6811
X0.6078 Y-0.2869 Z0.6809
X0.6041 Y-0.2906 Z0.681
X0.5966 Y-0.2983
X0.5923 Y-0.3032 Z0.6811
X0.5898 Y-0.3061 Z0.6812
X0.5846 Y-0.3124 Z0.6811
X0.5835 Y-0.3138 Z0.6812
X0.5768 Y-0.3232 Z0.6811
X0.5728 Y-0.3293 Z0.6809
X0.5679 Y-0.337 Z0.681
X0.5632 Y-0.3447
X0.559 Y-0.3525 Z0.6811
X0.5553 Y-0.3602 Z0.6809
X0.5517 Y-0.368 Z0.681
X0.5483 Y-0.3757
X0.5454 Y-0.3834 Z0.6811
X0.5425 Y-0.3912
X0.5402 Y-0.3989
X0.538 Y-0.4067
X0.5361 Y-0.4144
X0.5345 Y-0.4221
X0.5332 Y-0.4299 Z0.6809
X0.531 Y-0.4454 Z0.681
X0.5304 Y-0.4535
X0.5299 Y-0.4608
X0.5296 Y-0.4686 Z0.6811
Y-0.4763
X0.5299 Y-0.484 Z0.681
X0.5304 Y-0.4918
X0.531 Y-0.4995
X0.532 Y-0.5073
X0.5331 Y-0.515
X0.5345 Y-0.5227 Z0.6811
X0.5361 Y-0.5305
X0.5381 Y-0.5387
X0.5402 Y-0.546
X0.5425 Y-0.5537
X0.5459 Y-0.5627 Z0.681
X0.5483 Y-0.5692
X0.5517 Y-0.5769
X0.5553 Y-0.5847 Z0.6809
X0.557 Y-0.5882 Z0.681
X0.5596 Y-0.5931 Z0.6809
X0.5611 Y-0.5954 Z0.6808
X0.5627 Y-0.5977 Z0.6806
X0.5661 Y-0.602 Z0.6801
X0.5697 Y-0.6062 Z0.6794
X0.5736 Y-0.6101 Z0.6785
X0.5777 Y-0.6138 Z0.6776
X0.5819 Y-0.6174 Z0.6765
X0.5863 Y-0.6208 Z0.6755
X0.5953 Y-0.6275 Z0.6733
X0.5999 Y-0.6309 Z0.6723
X0.6044 Y-0.6342 Z0.6714
X0.6089 Y-0.6377 Z0.6706
X0.6134 Y-0.6412 Z0.67
X0.6177 Y-0.6449 Z0.6696
X0.6219 Y-0.6488 Z0.6695
X0.6233 Y-0.6501
X0.6278 Y-0.6543
X0.637 Y-0.662
X0.6387 Y-0.6634 Z0.6696
X0.6471 Y-0.6698 Z0.6695
X0.6542 Y-0.6745
X0.6588 Y-0.6775
X0.662 Y-0.6795
X0.6697 Y-0.6841
X0.6774 Y-0.6882
X0.6852 Y-0.6921
X0.6929 Y-0.6955 Z0.6694
X0.7054 Y-0.7007 Z0.6696
X0.7084 Y-0.7018
X0.7161 Y-0.7043
X0.7239 Y-0.7066
X0.7316 Y-0.7086 Z0.6695
X0.7394 Y-0.7102
X0.7471 Y-0.7117
X0.7548 Y-0.7129
X0.7626 Y-0.7139
X0.7703 Y-0.7147
X0.7781 Y-0.7152
X0.7935 Y-0.7157 Z0.6696
X0.8013 Y-0.7159 Z0.6698
X0.809 Y-0.716
X11.8699
X11.8854 Y-0.7159
X11.8931 Y-0.7158 Z0.6697
X11.9008 Y-0.7155 Z0.6696
X11.9086 Y-0.7152 Z0.6695
X11.9163 Y-0.7146
X11.9241 Y-0.7139 Z0.6694
X11.9318 Y-0.7129 Z0.6695
X11.9395 Y-0.7117 Z0.6694
X11.9473 Y-0.7102 Z0.6695
X11.9554 Y-0.7085
X11.9628 Y-0.7066 Z0.6696
X11.9705 Y-0.7044 Z0.6697
X11.9782 Y-0.7019 Z0.6696
X11.9813 Y-0.7007
X11.986 Y-0.6988
X11.9937 Y-0.6955 Z0.6694
X12.0015 Y-0.6921 Z0.6695
X12.0092 Y-0.6883
X12.0169 Y-0.6842
X12.0279 Y-0.6775
X12.0324 Y-0.6746
X12.0402 Y-0.6693
X12.0479 Y-0.6635 Z0.6696
X12.0497 Y-0.662
X12.0556 Y-0.6571
X12.0589 Y-0.6543
X12.0634 Y-0.6501 Z0.6695
X12.0711 Y-0.6425
X12.0789 Y-0.6344
X12.0819 Y-0.6311 Z0.6696
X12.0884 Y-0.6234 Z0.6697
X12.0943 Y-0.6153 Z0.6696
X12.0994 Y-0.6079 Z0.6695
X12.1044 Y-0.6001
X12.1098 Y-0.5909
X12.1131 Y-0.5847
X12.1176 Y-0.5754 Z0.6694
X12.1205 Y-0.5692 Z0.6695
X12.1239 Y-0.5614
X12.1253 Y-0.5576 Z0.6696
X12.1294 Y-0.546
X12.1317 Y-0.5382
X12.133 Y-0.5331
X12.1354 Y-0.5227 Z0.6695
X12.1369 Y-0.515 Z0.6696
X12.1381 Y-0.5073 Z0.6695
X12.1392 Y-0.4995 Z0.6696
X12.1399 Y-0.4918 Z0.6695
X12.1403 Y-0.484
X12.1407 Y-0.4763 Z0.6696
Y-0.4686
X12.1403 Y-0.4608 Z0.6695
X12.1399 Y-0.4531
X12.1392 Y-0.4454 Z0.6696
X12.1382 Y-0.4376 Z0.6695
X12.1369 Y-0.4299 Z0.6696
X12.1354 Y-0.4221 Z0.6695
X12.133 Y-0.4118 Z0.6696
X12.1317 Y-0.4067
X12.1294 Y-0.3989
X12.1253 Y-0.3872
X12.1239 Y-0.3834
X12.1205 Y-0.3757 Z0.6695
X12.1169 Y-0.368
X12.1132 Y-0.3602
X12.1089 Y-0.3525
X12.1044 Y-0.3447
X12.0995 Y-0.337
X12.0941 Y-0.3293 Z0.6696
X12.0883 Y-0.3215
X12.0866 Y-0.3194
X12.0818 Y-0.3138 Z0.6695
X12.0747 Y-0.3061
X12.0711 Y-0.3024
X12.0634 Y-0.2948
X12.0588 Y-0.2906
X12.0496 Y-0.2828
X12.0395 Y-0.2751
X12.0324 Y-0.2702
X12.028 Y-0.2674
X12.0247 Y-0.2653
X12.0169 Y-0.2607
X12.0092 Y-0.2566
X12.0015 Y-0.2528
X11.9937 Y-0.2494 Z0.6694
X11.986 Y-0.246 Z0.6696
X11.9813 Y-0.2441
X11.9782 Y-0.243
X11.9705 Y-0.2404 Z0.6697
X11.9628 Y-0.2382 Z0.6696
X11.955 Y-0.2363 Z0.6695
X11.9473 Y-0.2347
X11.9395 Y-0.2332 Z0.6694
X11.9318 Y-0.232 Z0.6695
X11.9241 Y-0.231 Z0.6694
X11.9163 Y-0.2302 Z0.6695
X11.9086 Y-0.2297
X11.8931 Y-0.2291 Z0.6697
X11.8854 Y-0.2289 Z0.6698
X0.809
X0.8013 Y-0.229
X0.7858 Y-0.2294 Z0.6696
X0.7781 Y-0.2297 Z0.6695
X0.7703 Y-0.2302
X0.7626 Y-0.231
X0.7548 Y-0.232
X0.7471 Y-0.2331
X0.7394 Y-0.2346
X0.7312 Y-0.2364 Z0.6696
X0.7239 Y-0.2383
X0.7161 Y-0.2405
X0.7084 Y-0.243
X0.7054 Y-0.2441
X0.6929 Y-0.2494 Z0.6694
X0.6852 Y-0.2529 Z0.6695
X0.6774 Y-0.2566
X0.6697 Y-0.2608
X0.662 Y-0.2654
X0.6588 Y-0.2674
X0.6542 Y-0.2703
X0.6465 Y-0.2756
X0.6387 Y-0.2815
X0.631 Y-0.2879
X0.6279 Y-0.2906
X0.6233 Y-0.2948
X0.6155 Y-0.3023
X0.6078 Y-0.3104 Z0.6696
X0.6047 Y-0.3138
X0.5983 Y-0.3215 Z0.6697
X0.5923 Y-0.3296 Z0.6696
X0.5873 Y-0.337 Z0.6695
X0.5824 Y-0.3447
X0.5776 Y-0.3525 Z0.6696
X0.5734 Y-0.3602 Z0.6695
X0.5691 Y-0.3694 Z0.6694
X0.5662 Y-0.3757 Z0.6695
X0.5629 Y-0.3834
X0.56 Y-0.3912 Z0.6696
X0.5573 Y-0.3989
X0.555 Y-0.4067
X0.5536 Y-0.4117
X0.5512 Y-0.4221
X0.5498 Y-0.4299 Z0.6695
X0.5486 Y-0.4376 Z0.6694
X0.5476 Y-0.4454 Z0.6695
X0.5468 Y-0.4531
X0.5463 Y-0.4608
X0.5459 Y-0.4686 Z0.6696
Y-0.4763
X0.5463 Y-0.484 Z0.6695
X0.5468 Y-0.4918
X0.5475 Y-0.4995
X0.5485 Y-0.5073
X0.5498 Y-0.515
X0.5512 Y-0.5227 Z0.6696
X0.5536 Y-0.5332
X0.555 Y-0.5382
X0.5573 Y-0.546
X0.56 Y-0.5537
X0.5629 Y-0.5614 Z0.6695
X0.5662 Y-0.5692
X0.5698 Y-0.5769 Z0.6694
X0.5734 Y-0.5847 Z0.6695
X0.5776 Y-0.5924 Z0.6696
X0.5823 Y-0.6001 Z0.6695
X0.5873 Y-0.6079
X0.5926 Y-0.6156 Z0.6696
X0.5983 Y-0.6234 Z0.6697
X0.6047 Y-0.6311 Z0.6696
X0.6078 Y-0.6345
X0.6119 Y-0.6388
X0.6155 Y-0.6426 Z0.6695
X0.6219 Y-0.6488
X0.6261 Y-0.6525 Z0.6694
X0.6283 Y-0.6541 Z0.6693
X0.6305 Y-0.6557 Z0.6691
X0.6353 Y-0.6586 Z0.6686
X0.6402 Y-0.6611 Z0.6679
X0.6452 Y-0.6634 Z0.6671
X0.6504 Y-0.6654 Z0.6661
X0.6556 Y-0.6672 Z0.6652
X0.6609 Y-0.6688 Z0.6642
X0.6719 Y-0.6717 Z0.6623
X0.6774 Y-0.6732 Z0.6614
X0.6829 Y-0.6746 Z0.6606
X0.6883 Y-0.6762 Z0.66
X0.6938 Y-0.6779 Z0.6595
X0.6992 Y-0.6797 Z0.6592
X0.7045 Y-0.6818 Z0.6591
X0.7129 Y-0.6853 Z0.6592
X0.7161 Y-0.6863
X0.7239 Y-0.6888
X0.7316 Y-0.6909
X0.7405 Y-0.693 Z0.6591
X0.7471 Y-0.6943
X0.7548 Y-0.6956
X0.7626 Y-0.6967
X0.7703 Y-0.6975
X0.7781 Y-0.698
X0.7935 Y-0.6986 Z0.6593
X0.8013 Y-0.6988 Z0.6594
X0.809 Y-0.6989 Z0.6595
X11.8699
X11.8854 Y-0.6988 Z0.6594
X11.8931 Y-0.6987 Z0.6593
X11.9008 Y-0.6984 Z0.6592
X11.9086 Y-0.698 Z0.6591
X11.9163 Y-0.6975
X11.9241 Y-0.6966
X11.9318 Y-0.6956
X11.9395 Y-0.6943
X11.9473 Y-0.6927
X11.955 Y-0.6909 Z0.6592
X11.9628 Y-0.6889
X11.9705 Y-0.6864 Z0.6593
X11.9738 Y-0.6853 Z0.6592
X11.9782 Y-0.6835
X11.986 Y-0.6802 Z0.6591
X11.9937 Y-0.6768
X12.0015 Y-0.673 Z0.6592
X12.0076 Y-0.6698
X12.0169 Y-0.6642 Z0.6591
X12.0204 Y-0.662
X12.0247 Y-0.6592 Z0.6592
X12.0324 Y-0.6537
X12.0402 Y-0.6478
X12.0479 Y-0.6411
X12.0504 Y-0.6388 Z0.6591
X12.0583 Y-0.6311
X12.0634 Y-0.6259 Z0.6592
X12.0657 Y-0.6234
X12.0711 Y-0.6173
X12.0726 Y-0.6156 Z0.6593
X12.0789 Y-0.6075 Z0.6592
X12.084 Y-0.6001
X12.089 Y-0.5924
X12.0943 Y-0.5835
X12.0979 Y-0.5769 Z0.6591
X12.1021 Y-0.5682
X12.1052 Y-0.5614
X12.1085 Y-0.5537 Z0.6592
X12.1113 Y-0.546
X12.1138 Y-0.5382
X12.1161 Y-0.5305
X12.1179 Y-0.5227
X12.1195 Y-0.515
X12.1208 Y-0.5073
X12.1219 Y-0.4995
X12.1227 Y-0.4918 Z0.6591
X12.1232 Y-0.484 Z0.6592
X12.1236 Y-0.4763
Y-0.4686
X12.1232 Y-0.4608
X12.1227 Y-0.4531 Z0.6591
X12.1219 Y-0.4454 Z0.6592
X12.1208 Y-0.4376
X12.1195 Y-0.4299
X12.1176 Y-0.4208
X12.1161 Y-0.4144
X12.1138 Y-0.4067
X12.1113 Y-0.3989
X12.1085 Y-0.3912
X12.1052 Y-0.3834 Z0.6591
X12.1016 Y-0.3757
X12.098 Y-0.368 Z0.6592
X12.0936 Y-0.3602
X12.0891 Y-0.3525
X12.0866 Y-0.3486
X12.084 Y-0.3447
X12.0785 Y-0.337
X12.0725 Y-0.3293
X12.0657 Y-0.3215
X12.0634 Y-0.319
X12.0583 Y-0.3138 Z0.6591
X12.0504 Y-0.3061
X12.0479 Y-0.3038 Z0.6592
X12.0402 Y-0.2972 Z0.6591
X12.0316 Y-0.2906 Z0.6592
X12.0247 Y-0.2857
X12.0204 Y-0.2828 Z0.6591
X12.0169 Y-0.2806 Z0.6592
X12.0076 Y-0.2751
X12.0015 Y-0.2718
X11.9937 Y-0.2681 Z0.6591
X11.986 Y-0.2646
X11.9782 Y-0.2614 Z0.6592
X11.9738 Y-0.2596
X11.9705 Y-0.2585 Z0.6593
X11.9628 Y-0.256 Z0.6592
X11.955 Y-0.2539
X11.9459 Y-0.2519 Z0.6591
X11.9395 Y-0.2506
X11.9318 Y-0.2493
X11.9241 Y-0.2482
X11.9163 Y-0.2474
X11.9086 Y-0.2468 Z0.6592
X11.9008 Y-0.2465
X11.8854 Y-0.246 Z0.6594
X0.809 Y-0.2459 Z0.6595
X0.8013 Y-0.2461 Z0.6594
X0.7858 Y-0.2466 Z0.6592
X0.7781 Y-0.2469 Z0.6591
X0.7703 Y-0.2474
X0.7626 Y-0.2482
X0.7548 Y-0.2493
X0.7471 Y-0.2506
X0.7394 Y-0.2521
X0.7316 Y-0.254 Z0.6592
X0.7239 Y-0.2561
X0.7161 Y-0.2585
X0.7128 Y-0.2596
X0.7007 Y-0.2647 Z0.6591
X0.6929 Y-0.2681
X0.6852 Y-0.2719 Z0.6592
X0.6774 Y-0.2761 Z0.6591
X0.6697 Y-0.2807
X0.6664 Y-0.2828
X0.662 Y-0.2857 Z0.6592
X0.6542 Y-0.2912
X0.6465 Y-0.2972 Z0.6591
X0.6387 Y-0.3038 Z0.6592
X0.6363 Y-0.3061 Z0.6591
X0.6283 Y-0.3138
X0.6208 Y-0.3215 Z0.6592
X0.6155 Y-0.3275 Z0.6593
X0.6141 Y-0.3293
X0.6078 Y-0.3374 Z0.6592
X0.6027 Y-0.3447 Z0.6591
X0.5977 Y-0.3525
X0.5923 Y-0.3613 Z0.6592
X0.5887 Y-0.368
X0.5846 Y-0.3767 Z0.6591
X0.5815 Y-0.3834 Z0.6592
X0.5782 Y-0.3912
X0.5754 Y-0.3989
X0.5728 Y-0.4067
X0.5706 Y-0.4144
X0.5688 Y-0.4221
X0.5672 Y-0.4299
X0.5659 Y-0.4376 Z0.6591
X0.5648 Y-0.4454
X0.564 Y-0.4531
X0.5635 Y-0.4608 Z0.6592
X0.5631 Y-0.4686
Y-0.4763
X0.5635 Y-0.484
X0.564 Y-0.4918 Z0.6591
X0.5648 Y-0.4995 Z0.6592
X0.5659 Y-0.5073 Z0.6591
X0.5672 Y-0.515 Z0.6592
X0.5691 Y-0.5242
X0.5706 Y-0.5305
X0.5728 Y-0.5382
X0.5754 Y-0.546
X0.5782 Y-0.5537
X0.5815 Y-0.5614
X0.585 Y-0.5692 Z0.6591
X0.5887 Y-0.5769 Z0.6592
X0.5923 Y-0.5835
X0.5977 Y-0.5924
X0.6027 Y-0.6001 Z0.6591
X0.6081 Y-0.6079 Z0.6592
X0.6141 Y-0.6156 Z0.6593
X0.6208 Y-0.6234 Z0.6592
X0.6282 Y-0.6311
X0.6363 Y-0.6388 Z0.6591
X0.6387 Y-0.6411 Z0.6592
X0.6465 Y-0.6477 Z0.6591
X0.655 Y-0.6543 Z0.6592
X0.662 Y-0.6591
X0.6664 Y-0.662 Z0.6591
X0.6697 Y-0.6642
X0.6774 Y-0.6688
X0.6852 Y-0.6729
X0.6929 Y-0.6768
X0.7007 Y-0.6802
X0.7045 Y-0.6818
X0.7097 Y-0.6837
X0.7124 Y-0.6844 Z0.659
X0.7151 Y-0.685 Z0.6588
X0.7206 Y-0.6859 Z0.6584
X0.7261 Y-0.6863 Z0.6578
X0.7316 Y-0.6865 Z0.6571
X0.7372 Y-0.6863 Z0.6563
X0.7427 Y-0.6859 Z0.6554
X0.7482 Y-0.6853 Z0.6546
X0.7595 Y-0.6838 Z0.6528
X0.7652 Y-0.683 Z0.652
X0.7708 Y-0.6822 Z0.6513
X0.7765 Y-0.6816 Z0.6508
X0.7822 Y-0.6811 Z0.6503
X0.7879 Y-0.6808 Z0.6501
X0.7937 Z0.65
X0.8013 Y-0.681 Z0.6502
X0.809 Y-0.6812
X11.8699
X11.8854 Y-0.681
X11.8931 Y-0.6809 Z0.6501
X11.9008 Y-0.6806 Z0.65
X11.9086 Y-0.6802 Z0.6499
X11.9163 Y-0.6796
X11.9241 Y-0.6787
X11.9322 Y-0.6775
X11.9395 Y-0.6762
X11.9473 Y-0.6745
X11.955 Y-0.6726 Z0.65
X11.9643 Y-0.6698
X11.9705 Y-0.6675
X11.9782 Y-0.6642 Z0.6499
X11.986 Y-0.6608
X11.9937 Y-0.6571 Z0.65
X11.9989 Y-0.6543
X12.0092 Y-0.6481 Z0.6499
X12.0116 Y-0.6466
X12.0169 Y-0.6429
X12.0227 Y-0.6388 Z0.65
X12.0247 Y-0.6373
X12.0324 Y-0.6311
X12.0409 Y-0.6234 Z0.6499
X12.0486 Y-0.6156
X12.0558 Y-0.6079 Z0.65
X12.0621 Y-0.6001
X12.0634 Y-0.5986
X12.0678 Y-0.5924
X12.0711 Y-0.5875
X12.0729 Y-0.5847
X12.0789 Y-0.5748
X12.0819 Y-0.5692 Z0.6499
X12.0866 Y-0.5594
X12.0892 Y-0.5537
X12.0924 Y-0.546 Z0.65
X12.0952 Y-0.5382
X12.0976 Y-0.5305
X12.0997 Y-0.5227
X12.1021 Y-0.5116
X12.1028 Y-0.5073
X12.104 Y-0.4995 Z0.6499
X12.1049 Y-0.4918
X12.1054 Y-0.484
X12.1058 Y-0.4763 Z0.65
Y-0.4686
X12.1054 Y-0.4608 Z0.6499
X12.1049 Y-0.4531
X12.104 Y-0.4454
X12.1028 Y-0.4376 Z0.65
X12.1021 Y-0.4333
X12.0997 Y-0.4221
X12.0976 Y-0.4144
X12.0952 Y-0.4067
X12.0924 Y-0.3989
X12.0892 Y-0.3912 Z0.6499
X12.0866 Y-0.3854
X12.082 Y-0.3757
X12.0789 Y-0.3701 Z0.65
X12.0729 Y-0.3602
X12.0711 Y-0.3574
X12.0678 Y-0.3525
X12.0634 Y-0.3464
X12.0621 Y-0.3447
X12.0556 Y-0.3369
X12.0479 Y-0.3285 Z0.6499
X12.0402 Y-0.3209
X12.0322 Y-0.3138
X12.0226 Y-0.3061
X12.0169 Y-0.3019 Z0.65
X12.0116 Y-0.2983 Z0.6499
X12.0092 Y-0.2967
X11.9989 Y-0.2906 Z0.65
X11.9937 Y-0.2878
X11.986 Y-0.2841 Z0.6499
X11.9782 Y-0.2807
X11.9705 Y-0.2774 Z0.65
X11.9643 Y-0.2751
X11.955 Y-0.2723
X11.9473 Y-0.2704 Z0.6499
X11.9395 Y-0.2687
X11.9318 Y-0.2673
X11.9241 Y-0.2662
X11.9163 Y-0.2653
X11.9086 Y-0.2646
X11.9008 Y-0.2643 Z0.65
X11.8854 Y-0.2638 Z0.6502
X0.809 Y-0.2637
X0.8013 Y-0.2638
X0.7858 Y-0.2643 Z0.65
X0.7781 Y-0.2647 Z0.6499
X0.7703 Y-0.2653
X0.7626 Y-0.2661
X0.7542 Y-0.2674
X0.7471 Y-0.2687
X0.7394 Y-0.2704
X0.7316 Y-0.2723 Z0.65
X0.7225 Y-0.2751
X0.7161 Y-0.2774
X0.7084 Y-0.2807 Z0.6499
X0.7007 Y-0.2841
X0.6929 Y-0.2879 Z0.65
X0.6878 Y-0.2906 Z0.6499
X0.6774 Y-0.2968
X0.6751 Y-0.2983
X0.6697 Y-0.302
X0.6641 Y-0.3061
X0.6542 Y-0.3139
X0.6458 Y-0.3215
X0.638 Y-0.3293 Z0.65
X0.6308 Y-0.337
X0.6233 Y-0.3463
X0.6189 Y-0.3525
X0.6139 Y-0.3602 Z0.6499
X0.6078 Y-0.37 Z0.65
X0.6047 Y-0.3757
X0.6 Y-0.3855 Z0.6499
X0.5975 Y-0.3912
X0.5943 Y-0.3989 Z0.65
X0.5915 Y-0.4067
X0.5891 Y-0.4144
X0.587 Y-0.4221
X0.5853 Y-0.4299 Z0.6499
X0.5846 Y-0.4337
X0.5827 Y-0.4454
X0.5818 Y-0.4531
X0.5813 Y-0.4608
X0.5808 Y-0.4686 Z0.65
Y-0.4763
X0.5813 Y-0.484 Z0.6499
X0.5818 Y-0.4918
X0.5828 Y-0.5001
X0.5846 Y-0.5114 Z0.65
X0.5853 Y-0.515 Z0.6499
X0.587 Y-0.5227 Z0.65
X0.5891 Y-0.5305
X0.5915 Y-0.5382
X0.5943 Y-0.546
X0.5975 Y-0.5537 Z0.6499
X0.601 Y-0.5614
X0.6047 Y-0.5692 Z0.65
X0.6078 Y-0.5748
X0.6138 Y-0.5847 Z0.6499
X0.6155 Y-0.5873
X0.619 Y-0.5924 Z0.65
X0.6233 Y-0.5985
X0.6245 Y-0.6001
X0.631 Y-0.6081
X0.6387 Y-0.6164
X0.6465 Y-0.624 Z0.6499
X0.6544 Y-0.6311
X0.664 Y-0.6388 Z0.65
X0.6697 Y-0.6429 Z0.6499
X0.6774 Y-0.648
X0.6852 Y-0.6527
X0.688 Y-0.6543
X0.6929 Y-0.6569
X0.7007 Y-0.6608
X0.7084 Y-0.6642
X0.7161 Y-0.6674 Z0.65
X0.7226 Y-0.6698
X0.7316 Y-0.6725
X0.7394 Y-0.6745 Z0.6499
X0.7471 Y-0.6762
X0.7548 Y-0.6776
X0.7626 Y-0.6788
X0.7703 Y-0.6796
X0.7781 Y-0.6802
X0.7937 Y-0.6808 Z0.65
X0.7992
X0.8047 Y-0.6803 Z0.6498
X0.8102 Y-0.6795 Z0.6495
X0.8156 Y-0.6784 Z0.649
X0.821 Y-0.677 Z0.6484
X0.8264 Y-0.6755 Z0.6477
X0.837 Y-0.6722 Z0.6463
X0.8476 Y-0.6688 Z0.6448
X0.853 Y-0.6673 Z0.6441
X0.8584 Y-0.6658 Z0.6435
X0.8638 Y-0.6647 Z0.6429
X0.8693 Y-0.6637 Z0.6425
X0.8748 Y-0.6631 Z0.6423
X0.8804 Y-0.6629 Z0.6422
X11.5546
X11.5566 Y-0.6625 Z0.642
X11.5525 Y-0.661 Z0.6414
X11.5448 Y-0.6579 Z0.6402
X11.5365 Y-0.6543 Z0.6387
X11.5293 Y-0.6508 Z0.6375
X11.5214 Y-0.6466 Z0.6361
X11.5138 Y-0.6421 Z0.6346
X11.5085 Y-0.6388 Z0.6335
X11.4971 Y-0.6311 Z0.6313
X11.4906 Y-0.6256 Z0.6298
X11.4881 Y-0.6234 Z0.6292
X11.4829 Y-0.6184 Z0.6281
X11.4751 Y-0.6104 Z0.6264
X11.4674 Y-0.6017 Z0.6247
X11.4662 Y-0.6001 Z0.6244
X11.4611 Y-0.5924 Z0.6233
X11.4596 Y-0.5901 Z0.623
X11.4565 Y-0.5847 Z0.6223
X11.4526 Y-0.5769 Z0.6216
X11.449 Y-0.5692 Z0.621
X11.4461 Y-0.5614 Z0.6206
X11.4434 Y-0.5537 Z0.6205
X11.4409 Y-0.546 Z0.6204
G2 X11.441 Y-0.3989 I0.2477 J0.0735
G1 X11.4434 Y-0.3912 Z0.6205
X11.446 Y-0.3834 Z0.6206
X11.449 Y-0.3757 Z0.621
X11.4524 Y-0.368 Z0.6216
X11.4563 Y-0.3602 Z0.6223
X11.4596 Y-0.3546 Z0.623
X11.4609 Y-0.3525 Z0.6233
X11.4661 Y-0.3447 Z0.6244
X11.4674 Y-0.343 Z0.6247
X11.4751 Y-0.3343 Z0.6264
X11.4829 Y-0.3264 Z0.6281
X11.4879 Y-0.3215 Z0.6292
X11.4906 Y-0.3192 Z0.6298
X11.497 Y-0.3138 Z0.6313
X11.5085 Y-0.3061 Z0.6335
X11.5138 Y-0.3028 Z0.6346
X11.5216 Y-0.2982 Z0.6361
X11.5293 Y-0.2941 Z0.6375
X11.537 Y-0.2903 Z0.6388
X11.5448 Y-0.287 Z0.6402
X11.5525 Y-0.2839 Z0.6414
X11.5566 Y-0.2824 Z0.642
X11.5546 Y-0.2821 Z0.6421
X0.809 Y-0.282 Z0.6422
X0.8013 Y-0.2822 Z0.6421
X0.7817 Y-0.2828 Z0.6419
X0.7781 Y-0.283
X0.7703 Y-0.2837
X0.7626 Y-0.2846
X0.7548 Y-0.2859
X0.7471 Y-0.2874
X0.7394 Y-0.2893
X0.7345 Y-0.2906
X0.7316 Y-0.2915 Z0.642
X0.7239 Y-0.2941
X0.7139 Y-0.2983 Z0.6419
X0.7084 Y-0.3007
X0.7007 Y-0.3045
X0.6977 Y-0.3061
X0.6929 Y-0.3088
X0.6849 Y-0.3138
X0.6774 Y-0.319
X0.674 Y-0.3215
X0.6697 Y-0.325
X0.6646 Y-0.3293
X0.662 Y-0.3316
X0.6562 Y-0.337
X0.6542 Y-0.3389
X0.6486 Y-0.3447
X0.6465 Y-0.347 Z0.642
X0.6418 Y-0.3525
X0.6387 Y-0.3563
X0.6359 Y-0.3602
X0.6307 Y-0.368 Z0.6419
X0.6258 Y-0.3757
X0.6233 Y-0.3799 Z0.642
X0.6213 Y-0.3834 Z0.6419
X0.6176 Y-0.3912
X0.6141 Y-0.3989
X0.6109 Y-0.4067 Z0.642
X0.6078 Y-0.4159
X0.6059 Y-0.4221
X0.604 Y-0.4299 Z0.6419
X0.6025 Y-0.4376
X0.6013 Y-0.4454
X0.6 Y-0.4552
X0.5996 Y-0.4608
X0.5992 Y-0.4686 Z0.642
Y-0.4763
X0.5996 Y-0.484 Z0.6419
X0.6 Y-0.4898
X0.6012 Y-0.4995
X0.6024 Y-0.5073
X0.604 Y-0.515
X0.6059 Y-0.5227 Z0.642
X0.6083 Y-0.5305 Z0.6419
X0.6109 Y-0.5382 Z0.642
X0.6141 Y-0.546 Z0.6419
X0.6176 Y-0.5537
X0.6213 Y-0.5614
X0.6233 Y-0.565 Z0.642
X0.6257 Y-0.5692 Z0.6419
X0.631 Y-0.5775
X0.6359 Y-0.5847
X0.6387 Y-0.5885 Z0.642
X0.6418 Y-0.5924
X0.6465 Y-0.5979
X0.6486 Y-0.6001 Z0.6419
X0.6542 Y-0.606
X0.6562 Y-0.6079
X0.662 Y-0.6133
X0.6645 Y-0.6156
X0.6697 Y-0.6199
X0.6739 Y-0.6234
X0.6774 Y-0.6259
X0.6852 Y-0.6312
X0.6929 Y-0.636
X0.6979 Y-0.6388
X0.7084 Y-0.6442
X0.7161 Y-0.6475
X0.7239 Y-0.6508
X0.7316 Y-0.6534 Z0.642
X0.7346 Y-0.6543 Z0.6419
X0.7394 Y-0.6556
X0.7471 Y-0.6575
X0.7548 Y-0.659
X0.7626 Y-0.6602
X0.7703 Y-0.6612
X0.7781 Y-0.6619
X0.7858 Y-0.6622
X0.8013 Y-0.6627 Z0.6421
X0.809 Y-0.6629 Z0.6422
X0.8804
X0.8859 Y-0.6627 Z0.6421
X0.8914 Y-0.6621 Z0.6419
X0.8969 Y-0.6611 Z0.6415
X0.9023 Y-0.6599 Z0.6411
X0.9077 Y-0.6585 Z0.6406
X0.913 Y-0.6569 Z0.64
X0.9342 Y-0.6501 Z0.6375
X0.9396 Y-0.6485 Z0.6369
X0.945 Y-0.6471 Z0.6364
X0.9504 Y-0.6459 Z0.636
X0.9559 Y-0.6449 Z0.6356
X0.9614 Y-0.6443 Z0.6354
X0.9669 Y-0.6441 Z0.6353
X11.4806
X11.4818 Y-0.6437 Z0.6351
X11.4751 Y-0.638 Z0.6332
X11.4674 Y-0.6308 Z0.6312
X11.4596 Y-0.6228 Z0.6291
X11.4519 Y-0.6141 Z0.6271
X11.4475 Y-0.6079 Z0.6259
X11.4442 Y-0.6029 Z0.6249
X11.4424 Y-0.6001 Z0.6244
X11.438 Y-0.5924 Z0.6233
X11.4341 Y-0.5847 Z0.6223
X11.4306 Y-0.5769 Z0.6216
X11.4276 Y-0.5692 Z0.621
X11.4249 Y-0.5614 Z0.6206
X11.4224 Y-0.5537 Z0.6205
X11.4202 Y-0.546 Z0.6204
G2 Y-0.3989 I0.2672 J0.0735
G1 X11.4224 Y-0.3912 Z0.6205
X11.4249 Y-0.3834 Z0.6206
X11.4276 Y-0.3757 Z0.621
X11.4287 Y-0.3729 Z0.6212
X11.4306 Y-0.368 Z0.6216
X11.434 Y-0.3602 Z0.6223
X11.4379 Y-0.3525 Z0.6233
X11.4423 Y-0.3447 Z0.6244
X11.4442 Y-0.3417 Z0.625
X11.4473 Y-0.337 Z0.6259
X11.4519 Y-0.3305 Z0.6272
X11.46 Y-0.3215 Z0.6292
X11.4676 Y-0.3138 Z0.6313
X11.4759 Y-0.3061 Z0.6335
X11.4817 Y-0.3012 Z0.6351
X11.4806 Y-0.3008 Z0.6352
X0.8168 Z0.6353
X0.809
X0.8013 Y-0.301
X0.7858 Y-0.3015 Z0.6351
X0.7781 Y-0.3019
X0.7703 Y-0.3026
X0.7626 Y-0.3037
X0.7548 Y-0.305
X0.75 Y-0.3061
X0.7394 Y-0.3088
X0.7316 Y-0.3113
X0.7239 Y-0.3145
X0.7161 Y-0.3179
X0.7084 Y-0.3217
X0.7007 Y-0.3262
X0.6956 Y-0.3293
X0.6929 Y-0.3311
X0.6847 Y-0.337
X0.6774 Y-0.343
X0.6754 Y-0.3447
X0.6697 Y-0.3501
X0.6673 Y-0.3525
X0.662 Y-0.358
X0.6599 Y-0.3602
X0.6535 Y-0.368 Z0.6352
X0.6481 Y-0.3757 Z0.6351
X0.6465 Y-0.3781
X0.6431 Y-0.3834
X0.6385 Y-0.3912
X0.6348 Y-0.3989
X0.631 Y-0.4072
X0.6281 Y-0.4144
X0.6255 Y-0.4221 Z0.6352
X0.6233 Y-0.4304 Z0.6351
X0.6216 Y-0.4376
X0.6203 Y-0.4454
X0.6192 Y-0.4531
X0.6185 Y-0.4608
X0.618 Y-0.4686
Y-0.4763
X0.6185 Y-0.484
X0.6192 Y-0.4918
X0.6203 Y-0.4995
X0.6216 Y-0.5073
X0.6234 Y-0.515
X0.6255 Y-0.5227 Z0.6352
X0.6281 Y-0.5305 Z0.6351
X0.6312 Y-0.5382
X0.6348 Y-0.546
X0.6387 Y-0.5541
X0.6431 Y-0.5614
X0.6465 Y-0.5668
X0.6535 Y-0.5769
X0.6599 Y-0.5847
X0.662 Y-0.5869
X0.6672 Y-0.5924
X0.6697 Y-0.5948
X0.6754 Y-0.6001
X0.6774 Y-0.6019
X0.6852 Y-0.6083
X0.6956 Y-0.6156
X0.7007 Y-0.6187
X0.7089 Y-0.6234
X0.7161 Y-0.627
X0.7256 Y-0.6311
X0.7316 Y-0.6335
X0.7394 Y-0.6361
X0.7471 Y-0.6381
X0.75 Y-0.6388
X0.7548 Y-0.6398
X0.7626 Y-0.6412
X0.7703 Y-0.6422
X0.7781 Y-0.643
X0.7858 Y-0.6434
X0.8013 Y-0.6439 Z0.6353
X0.809 Y-0.6441
X0.9669
X0.9725 Y-0.6439
X0.978 Y-0.6433 Z0.6351
X0.9835 Y-0.6423 Z0.6348
X0.9889 Y-0.6411 Z0.6345
X0.9943 Y-0.6396 Z0.634
X0.9996 Y-0.638 Z0.6336
X1.0208 Y-0.631 Z0.6315
X1.0261 Y-0.6294 Z0.6311
X1.0315 Y-0.6279 Z0.6306
X1.0369 Y-0.6267 Z0.6303
X1.0424 Y-0.6257 Z0.63
X1.0479 Y-0.6251 Z0.6298
X1.0535 Y-0.6249 Z0.6297
X11.4331 Y-0.625 Z0.6296
X11.4349 Y-0.6244 Z0.6295
X11.4287 Y-0.6155 Z0.6274
X11.4239 Y-0.6079 Z0.6259
X11.4209 Y-0.6027 Z0.6249
X11.4196 Y-0.6001 Z0.6244
X11.4157 Y-0.5924 Z0.6233
X11.4122 Y-0.5847 Z0.6223
X11.4092 Y-0.5769 Z0.6216
X11.4064 Y-0.5692 Z0.621
X11.4039 Y-0.5614 Z0.6206
X11.4016 Y-0.5537 Z0.6205
X11.3996 Y-0.546 Z0.6204
G2 Y-0.3989 I0.2866 J0.0735
G1 X11.4016 Y-0.3912 Z0.6205
X11.4039 Y-0.3834 Z0.6206
X11.4064 Y-0.3757 Z0.621
X11.4091 Y-0.368 Z0.6216
X11.4122 Y-0.3602 Z0.6223
X11.4155 Y-0.3525 Z0.6233
X11.4194 Y-0.3447 Z0.6244
X11.4209 Y-0.3419 Z0.6249
X11.4238 Y-0.337 Z0.6259
X11.4287 Y-0.3291 Z0.6275
X11.4347 Y-0.3205 Z0.6295
X11.433 Y-0.32 Z0.6296
X2.5506 Z0.6297
X0.809
X0.8013 Y-0.3202
X0.7858 Y-0.3207 Z0.6296
X0.7781 Y-0.3212 Z0.6295
X0.7746 Y-0.3215
X0.7703 Y-0.322
X0.7626 Y-0.3232
X0.7548 Y-0.3247
X0.7471 Y-0.3266 Z0.6296
X0.7385 Y-0.3293
X0.7316 Y-0.3321 Z0.6295
X0.7239 Y-0.3355
X0.7207 Y-0.337
X0.7161 Y-0.3394 Z0.6296
X0.7071 Y-0.3447 Z0.6295
X0.7007 Y-0.3492
X0.6962 Y-0.3525 Z0.6296
X0.6929 Y-0.3551 Z0.6295
X0.687 Y-0.3602
X0.6852 Y-0.3619
X0.679 Y-0.368 Z0.6296
X0.6774 Y-0.3696
X0.672 Y-0.3757
X0.6697 Y-0.3785
X0.6661 Y-0.3834
X0.662 Y-0.3896
X0.6563 Y-0.3989
X0.6542 Y-0.4028
X0.6524 Y-0.4067 Z0.6295
X0.6488 Y-0.4144 Z0.6296
X0.6465 Y-0.4203
X0.6458 Y-0.4221
X0.6433 Y-0.4299
X0.6413 Y-0.4376
X0.6398 Y-0.4454 Z0.6295
X0.6386 Y-0.4531
X0.6378 Y-0.4608
X0.6373 Y-0.4686 Z0.6296
Y-0.4763
X0.6378 Y-0.484
X0.6387 Y-0.4929 Z0.6295
X0.6398 Y-0.4995 Z0.6296
X0.6413 Y-0.5073
X0.6433 Y-0.515
X0.6458 Y-0.5227
X0.6465 Y-0.5246
X0.6488 Y-0.5305
X0.6524 Y-0.5382 Z0.6295
X0.6542 Y-0.5421 Z0.6296
X0.6562 Y-0.546
X0.662 Y-0.5553
X0.6661 Y-0.5614
X0.6697 Y-0.5664
X0.672 Y-0.5692
X0.6774 Y-0.5753
X0.679 Y-0.5769
X0.6852 Y-0.583 Z0.6295
X0.687 Y-0.5847
X0.6929 Y-0.5898
X0.6961 Y-0.5924 Z0.6296
X0.7007 Y-0.5957 Z0.6295
X0.7071 Y-0.6001
X0.7161 Y-0.6054
X0.7208 Y-0.6079
X0.7239 Y-0.6094 Z0.6296
X0.7316 Y-0.6128 Z0.6295
X0.7386 Y-0.6156 Z0.6296
X0.7471 Y-0.6183
X0.7548 Y-0.6202 Z0.6295
X0.7626 Y-0.6217
X0.7703 Y-0.6229
X0.7746 Y-0.6234
X0.7781 Y-0.6237
X0.7858 Y-0.6242 Z0.6296
X0.8013 Y-0.6247 Z0.6297
X0.809 Y-0.6249
X1.0535
X1.059 Y-0.6247
X1.0645 Y-0.624 Z0.6296
X1.07 Y-0.6231 Z0.6293
X1.0754 Y-0.6218 Z0.6291
X1.0808 Y-0.6203 Z0.6287
X1.0862 Y-0.6187 Z0.6284
X1.1074 Y-0.6116 Z0.6268
X1.1127 Y-0.6099 Z0.6264
X1.1181 Y-0.6085 Z0.6261
X1.1235 Y-0.6072 Z0.6258
X1.129 Y-0.6062 Z0.6256
X1.1345 Y-0.6056 Z0.6255
X1.14 Y-0.6054 Z0.6254
X11.3986
X11.3996 Y-0.6049 Z0.6253
X11.3973 Y-0.6001 Z0.6244
X11.3938 Y-0.5924 Z0.6233
X11.3907 Y-0.5847 Z0.6223
X11.3879 Y-0.5769 Z0.6216
X11.3854 Y-0.5692 Z0.621
X11.383 Y-0.5614 Z0.6206
X11.3822 Y-0.5588
X11.3809 Y-0.5537 Z0.6205
X11.379 Y-0.546 Z0.6204
G2 Y-0.3989 I0.306 J0.0734
G1 X11.3809 Y-0.3912 Z0.6205
X11.3822 Y-0.3862 Z0.6206
X11.383 Y-0.3834
X11.3854 Y-0.3757 Z0.621
X11.3879 Y-0.368 Z0.6216
X11.3907 Y-0.3602 Z0.6223
X11.3937 Y-0.3525 Z0.6233
X11.3971 Y-0.3447 Z0.6244
X11.3994 Y-0.3401 Z0.6253
X11.3987 Y-0.3396 Z0.6254
X7.8449 Y-0.3395
X7.7211
X0.809
X0.8013 Y-0.3397
X0.7858 Y-0.3403 Z0.6253
X0.7781 Y-0.3408
X0.7703 Y-0.3418
X0.7626 Y-0.3431
X0.7548 Y-0.3448
X0.7471 Y-0.347
X0.7394 Y-0.35
X0.7316 Y-0.3534
X0.7239 Y-0.3575
X0.7193 Y-0.3602
X0.7161 Y-0.3623
X0.7081 Y-0.368
X0.7007 Y-0.3743
X0.6991 Y-0.3757
X0.6929 Y-0.3817
X0.6913 Y-0.3834
X0.6852 Y-0.3904
X0.6792 Y-0.3989
X0.6774 Y-0.4017
X0.6744 Y-0.4067
X0.6703 Y-0.4144
X0.6668 Y-0.4221
X0.6638 Y-0.4299
X0.662 Y-0.4358
X0.6597 Y-0.4454
X0.6584 Y-0.4531
X0.6574 Y-0.4608
X0.6568 Y-0.4686
Y-0.4763
X0.6574 Y-0.484
X0.6583 Y-0.4918
X0.6597 Y-0.4995
X0.662 Y-0.509
X0.6638 Y-0.515
X0.6668 Y-0.5227
X0.6703 Y-0.5305
X0.6744 Y-0.5382
X0.6774 Y-0.5433
X0.6792 Y-0.546
X0.6852 Y-0.5544
X0.6913 Y-0.5614
X0.6929 Y-0.5632
X0.699 Y-0.5692
X0.7007 Y-0.5707
X0.7084 Y-0.5772
X0.7161 Y-0.5826
X0.7193 Y-0.5847
X0.7239 Y-0.5873
X0.7316 Y-0.5915
X0.7394 Y-0.5949
X0.7471 Y-0.5978
X0.7551 Y-0.6001
X0.7626 Y-0.6018
X0.7703 Y-0.6031
X0.7781 Y-0.6041
X0.7858 Y-0.6046
X0.8013 Y-0.6052 Z0.6254
X0.809 Y-0.6053
X1.14 Y-0.6054
X1.1456 Y-0.6051
X1.1511 Y-0.6045 Z0.6253
X1.1566 Y-0.6035 Z0.6252
X1.162 Y-0.6023 Z0.625
X1.1674 Y-0.6008 Z0.6247
X1.1727 Y-0.5991 Z0.6245
X1.1939 Y-0.5919 Z0.6234
X1.1993 Y-0.5902 Z0.6231
X1.2046 Y-0.5887 Z0.6229
X1.2101 Y-0.5875 Z0.6227
X1.2155 Y-0.5865 Z0.6226
X1.2211 Y-0.5858 Z0.6225
X1.2266 Y-0.5856 Z0.6224
X11.3688
X11.3697 Y-0.5852
X11.3668 Y-0.5765 Z0.6216
X11.3645 Y-0.5692 Z0.621
X11.3623 Y-0.5614 Z0.6206
X11.3603 Y-0.5537 Z0.6205
X11.3585 Y-0.546 Z0.6204
G2 X11.3591 Y-0.3966 I0.3253 J0.0734
G1 X11.3603 Y-0.3912 Z0.6205
X11.3623 Y-0.3834 Z0.6206
X11.3645 Y-0.3757 Z0.621
X11.3669 Y-0.368 Z0.6216
X11.3696 Y-0.3597 Z0.6224
X11.3688 Y-0.3593
X7.8449
X7.7056
X0.809
X0.8013 Y-0.3595
X0.7858 Y-0.3601
X0.7781 Y-0.3608
X0.7703 Y-0.3618
X0.7626 Y-0.3633
X0.7548 Y-0.3654
X0.7471 Y-0.3682
X0.7394 Y-0.3717
X0.7316 Y-0.3759
X0.7239 Y-0.381
X0.7205 Y-0.3834
X0.7161 Y-0.3871
X0.7115 Y-0.3912
X0.7084 Y-0.3942
X0.704 Y-0.3989
X0.7007 Y-0.4027
X0.6979 Y-0.4067
X0.6929 Y-0.4144
X0.6886 Y-0.4221
X0.685 Y-0.4299
X0.6821 Y-0.4376
X0.68 Y-0.4454
X0.6785 Y-0.4531
X0.6774 Y-0.4608
X0.6767 Y-0.4686
Y-0.4763
X0.6774 Y-0.4849
X0.6784 Y-0.4918
X0.68 Y-0.4995
X0.6821 Y-0.5073
X0.6852 Y-0.5154
X0.6886 Y-0.5227
X0.6929 Y-0.5306
X0.6979 Y-0.5382
X0.7007 Y-0.5421
X0.704 Y-0.546
X0.7084 Y-0.5507
X0.7115 Y-0.5537
X0.7161 Y-0.5578
X0.7204 Y-0.5614
X0.7239 Y-0.5639
X0.7321 Y-0.5692
X0.7394 Y-0.5732
X0.7479 Y-0.5769
X0.7548 Y-0.5795
X0.7626 Y-0.5815
X0.7703 Y-0.583
X0.7781 Y-0.5841
X0.7858 Y-0.5847
X0.7935 Y-0.5851
X0.809 Y-0.5856
X1.2266
X1.2322 Y-0.5854
X1.2377 Y-0.5847
X1.2431 Y-0.5837 Z0.6223
X1.2486 Y-0.5824 Z0.6222
X1.2539 Y-0.5809 Z0.6221
X1.2593 Y-0.5793 Z0.6219
X1.2805 Y-0.572 Z0.6214
X1.2858 Y-0.5703 Z0.6212
X1.2912 Y-0.5688 Z0.6211
X1.2966 Y-0.5675 Z0.621
X1.3021 Y-0.5665 Z0.6209
X1.3076 Y-0.5659
X1.3132 Y-0.5657
X10.3296 Z0.6208
X11.342
X11.3427 Y-0.5655
X11.3416 Y-0.5614 Z0.6206
X11.3397 Y-0.5537 Z0.6205
X11.3381 Y-0.546 Z0.6204
G2 Y-0.3989 I0.3439 J0.0734
G1 X11.3397 Y-0.3912 Z0.6205
X11.3416 Y-0.3834 Z0.6206
X11.3427 Y-0.3795 Z0.6208
X11.342 Y-0.3793
X7.8449
X7.6824 Y-0.3792
X0.8168 Z0.6209
X0.809 Y-0.3793
X0.8013 Y-0.3794
X0.7858 Y-0.3801
X0.7781 Y-0.3809 Z0.6208
X0.7703 Y-0.3821
X0.7645 Y-0.3834
G3 X0.7239 Y-0.407 Z0.6209 I0.025 J-0.09
G1 X0.717 Y-0.4144
X0.7161 Y-0.4154
X0.7116 Y-0.4221 Z0.6208
X0.7084 Y-0.4275
X0.7071 Y-0.4299
X0.7034 Y-0.4376 Z0.6209
X0.7007 Y-0.4454
X0.6988 Y-0.4531 Z0.6208
G3 Y-0.4918 I0.0863 J-0.0194
G1 X0.7007 Y-0.4995 Z0.6209
G3 X0.7331 Y-0.546 I0.0882 J0.027
G1 X0.7394 Y-0.5502 Z0.6208
X0.7453 Y-0.5537
G3 X0.7858 Y-0.5647 Z0.6209 I0.0439 J0.0815
G1 X0.7935 Y-0.5651
X0.8013 Y-0.5654
X0.809 Y-0.5656
X0.9251 Y-0.5657
X1.3132
X1.3187 Y-0.5654
X1.3242 Y-0.5648 Z0.6208
X1.3297 Y-0.5638
X1.3351 Y-0.5625
X1.3405 Y-0.561
X1.3458 Y-0.5593 Z0.6207
X1.367 Y-0.552 Z0.6206
X1.3724 Y-0.5503 Z0.6205
X1.3778 Y-0.5488
X1.3832 Y-0.5475
X1.3886 Y-0.5465 Z0.6204
X1.3942 Y-0.5459
X1.3997 Y-0.5457
X11.3171
X11.3175 Y-0.5451
G2 Y-0.3999 I0.3626 J0.0725
G1 X11.317 Y-0.3993
X7.8449
X7.6514 Y-0.3992
X0.8168
G3 X0.7625 Y-0.4047 I-0.0087 J-0.1838
X0.7176 Y-0.4608 I0.0284 J-0.0688
X0.7858 Y-0.5446 I0.0713 J-0.0116
G1 X0.7935 Y-0.5451
X0.8013 Y-0.5454
X0.809 Y-0.5456
X1.3997 Y-0.5457
G3 X1.4324 Y-0.5392 I-0.0032 J0.1024
G2 X1.4752 Y-0.5264 I0.095 J-0.24
G1 X1.4807 Y-0.5259
X1.4863 Y-0.5257
X11.2937
G2 Y-0.4193 I0.403 J0.0532
G1 X7.8449
X7.6205 Y-0.4192
X0.8168
G3 X0.7702 Y-0.4233 I-0.0075 J-0.1821
X0.738 Y-0.4841 I0.0199 J-0.0495
X0.7935 Y-0.5247 I0.0517 J0.0123
G1 X0.8013 Y-0.5254
X0.809 Y-0.5256
X0.8787 Y-0.5257
X1.4863
G3 X1.5189 Y-0.5192 I-0.0032 J0.1025
G2 X1.5617 Y-0.5065 I0.095 J-0.24
G1 X1.5673 Y-0.5059
X1.5728 Y-0.5057
X11.2711
X11.2717 Y-0.5051
G2 Y-0.4399 I0.3572 J0.0326
G1 X11.2711 Y-0.4393
X7.8449
X7.6205 Y-0.4392
X0.8168
G3 X0.778 Y-0.442 I-0.0059 J-0.1896
X0.7632 Y-0.4918 I0.0114 J-0.0305
X0.7935 Y-0.5049 I0.0277 J0.0224
G1 X0.8013 Y-0.5054
X0.809 Y-0.5056
X0.84 Y-0.5057
X1.5728
G3 X1.6055 Y-0.4992 I-0.0032 J0.1025
G2 X1.6483 Y-0.4865 I0.0951 J-0.2401
G1 X1.6538 Y-0.4859
X1.6594 Y-0.4857
X11.2502
G2 Y-0.4593 I14.9157 J0.0126
G1 X7.8449
X7.6205 Y-0.4592
X0.8168
G3 X0.7858 Y-0.4609 I-0.0042 J-0.2057
X0.7866 Y-0.4841 I0.0031 J-0.0115
X0.8322 Y-0.4857 I0.0333 J0.3016
G1 X1.6594
G18 G2 X1.6781 Z0.6392 I0. K0.0187
G0 Z0.9241
X11.4502 Y-0.4951
Z0.7004
G1 Z0.6392 F200.
Y-0.4948 Z0.6359 F30.
Y-0.4939 Z0.6327
Y-0.4925 Z0.6298
Y-0.4907 Z0.6271
Y-0.4884 Z0.6248
Y-0.4857 Z0.6229
Y-0.4827 Z0.6215
Y-0.4796 Z0.6207
Y-0.4763 Z0.6204
G17 G2 X11.4618 Y-0.3989 I0.2466 J0.0025
G1 X11.4645 Y-0.3912 Z0.6205
X11.4674 Y-0.3834 Z0.6206
X11.4708 Y-0.3757 Z0.621
X11.4751 Y-0.3675 Z0.6216
X11.4796 Y-0.3602 Z0.6223
X11.4829 Y-0.3555 Z0.6229
X11.4906 Y-0.3468 Z0.6241
X11.4983 Y-0.3388 Z0.6255
X11.5002 Y-0.337 Z0.6259
X11.5061 Y-0.3318 Z0.6269
X11.509 Y-0.3293 Z0.6275
X11.5138 Y-0.326 Z0.6282
X11.5216 Y-0.3208 Z0.6294
X11.5293 Y-0.3161 Z0.6306
X11.537 Y-0.3117 Z0.6318
X11.5448 Y-0.3078 Z0.633
X11.5525 Y-0.3044 Z0.634
X11.5603 Y-0.3012 Z0.6351
X11.568 Y-0.2982 Z0.6361
X11.5757 Y-0.2955 Z0.6371
X11.5835 Y-0.2929 Z0.6379
X11.5914 Y-0.2906 Z0.6387
X11.599 Y-0.2885 Z0.6396
X11.6067 Y-0.2866 Z0.6403
X11.6144 Y-0.2849 Z0.641
X11.625 Y-0.2828 Z0.6418
X11.6299 Y-0.282 Z0.6422
X11.6377 Y-0.2808 Z0.6426
X11.6454 Y-0.2798 Z0.6431
X11.6531 Y-0.2789 Z0.6434
X11.6609 Y-0.2782 Z0.6437
X11.6686 Y-0.2776 Z0.6439
X11.6764 Y-0.2772 Z0.6441
X11.6841 Y-0.2769 Z0.6442
X11.6918
X11.6996
X11.7073 Y-0.2771 Z0.6441
X11.7151 Y-0.2774 Z0.644
X11.7228 Y-0.2779 Z0.6438
X11.7305 Y-0.2786 Z0.6435
X11.7383 Y-0.2794 Z0.6432
X11.746 Y-0.2803 Z0.6428
X11.7538 Y-0.2814 Z0.6424
X11.7628 Y-0.2828 Z0.6418
X11.7693 Y-0.284 Z0.6414
X11.777 Y-0.2856 Z0.6407
X11.7847 Y-0.2874 Z0.64
X11.7972 Y-0.2906 Z0.6387
X11.808 Y-0.2937 Z0.6377
X11.8157 Y-0.2961 Z0.6368
X11.8234 Y-0.2988 Z0.636
X11.8312 Y-0.3018 Z0.635
X11.8389 Y-0.3049 Z0.6339
X11.8467 Y-0.3084 Z0.6328
X11.8544 Y-0.3123 Z0.6318
X11.8621 Y-0.3167 Z0.6306
X11.8703 Y-0.3215 Z0.6293
X11.8776 Y-0.3263 Z0.6282
X11.8821 Y-0.3293 Z0.6275
X11.8911 Y-0.337 Z0.6259
X11.8931 Y-0.3389 Z0.6256
X11.8991 Y-0.3447 Z0.6246
X11.9008 Y-0.3465 Z0.6243
X11.9086 Y-0.3549 Z0.6231
X11.9122 Y-0.3602 Z0.6225
X11.9163 Y-0.3669 Z0.6219
X11.9209 Y-0.3757 Z0.6212
X11.9241 Y-0.3835 Z0.6209
X11.9269 Y-0.3912 Z0.6207
X11.9295 Y-0.3989 Z0.6205
X11.9318 Y-0.4068 Z0.6204
G2 X11.9317 Y-0.5382 I-0.2377 J-0.0655
G1 X11.9295 Y-0.546 Z0.6205
X11.9269 Y-0.5537 Z0.6207
X11.9241 Y-0.5614 Z0.6209
X11.9209 Y-0.5692 Z0.6212
X11.9163 Y-0.578 Z0.6219
X11.9123 Y-0.5847 Z0.6225
X11.9086 Y-0.59 Z0.6231
X11.9008 Y-0.5985 Z0.6243
X11.8993 Y-0.6001 Z0.6246
X11.8931 Y-0.6061 Z0.6256
X11.8912 Y-0.6079 Z0.6259
X11.8821 Y-0.6156 Z0.6275
X11.8776 Y-0.6186 Z0.6282
X11.8699 Y-0.6236 Z0.6294
X11.8621 Y-0.6282 Z0.6306
X11.8544 Y-0.6326 Z0.6318
X11.8467 Y-0.6365 Z0.6328
X11.8389 Y-0.64 Z0.6339
X11.8312 Y-0.6431 Z0.635
X11.8234 Y-0.6461 Z0.636
X11.8157 Y-0.6487 Z0.6368
X11.808 Y-0.6511 Z0.6376
X11.797 Y-0.6543 Z0.6387
X11.7847 Y-0.6575 Z0.64
X11.777 Y-0.6592 Z0.6407
X11.7693 Y-0.6608 Z0.6413
X11.7615 Y-0.6623 Z0.6419
X11.7538 Y-0.6635 Z0.6424
X11.746 Y-0.6645 Z0.6428
X11.7383 Y-0.6655 Z0.6432
X11.7305 Y-0.6663 Z0.6435
X11.7228 Y-0.6669 Z0.6438
X11.7151 Y-0.6675 Z0.644
X11.7073 Y-0.6678 Z0.6441
X11.6996 Y-0.668 Z0.6442
X11.6918
X11.6841 Y-0.6679
X11.6764 Y-0.6677 Z0.6441
X11.6686 Y-0.6672 Z0.6439
X11.6609 Y-0.6666 Z0.6437
X11.6531 Y-0.6659 Z0.6434
X11.6454 Y-0.6651 Z0.6431
X11.6377 Y-0.6641 Z0.6426
X11.6299 Y-0.6629 Z0.6422
X11.6222 Y-0.6615 Z0.6416
X11.6144 Y-0.66 Z0.641
X11.6067 Y-0.6582 Z0.6403
X11.599 Y-0.6563 Z0.6396
X11.5912 Y-0.6542 Z0.6387
X11.5835 Y-0.6519 Z0.6379
X11.5757 Y-0.6494 Z0.637
X11.5679 Y-0.6466 Z0.6361
X11.5603 Y-0.6437 Z0.6351
X11.5525 Y-0.6405 Z0.634
X11.5448 Y-0.6371 Z0.633
X11.537 Y-0.6332 Z0.6318
X11.5293 Y-0.6288 Z0.6306
X11.5204 Y-0.6234 Z0.6292
X11.5138 Y-0.6189 Z0.6282
X11.5092 Y-0.6156 Z0.6275
X11.5061 Y-0.6129 Z0.6269
X11.5004 Y-0.6079 Z0.6259
X11.4983 Y-0.6059 Z0.6255
X11.4906 Y-0.598 Z0.6241
X11.4829 Y-0.5892 Z0.6229
X11.4798 Y-0.5847 Z0.6223
X11.475 Y-0.5769 Z0.6216
X11.471 Y-0.5692 Z0.621
X11.4674 Y-0.5612 Z0.6206
X11.4645 Y-0.5537 Z0.6205
X11.4618 Y-0.546 Z0.6204
G2 X11.4502 Y-0.4763 I0.2345 J0.0749
X11.4526 Y-0.4599 I0.0597 J-0.0002
X11.4752 Y-0.4143 I0.1793 J-0.0606
G1 X11.4778 Y-0.4092
X11.4804 Y-0.4041
X11.4828 Y-0.3989
X11.485 Y-0.3936 Z0.6205
X11.4859 Y-0.3912
X11.4893 Y-0.3834 Z0.6206
X11.4906 Y-0.3808 Z0.6207
X11.4934 Y-0.3757 Z0.621
X11.4984 Y-0.368 Z0.6216
X11.5061 Y-0.3594 Z0.6224
X11.5138 Y-0.3515 Z0.6234
X11.5216 Y-0.3446 Z0.6245
X11.5327 Y-0.337 Z0.6259
X11.537 Y-0.3343 Z0.6264
X11.5456 Y-0.3293 Z0.6275
X11.5525 Y-0.3257 Z0.6282
X11.5617 Y-0.3215 Z0.6292
X11.568 Y-0.3189 Z0.6299
X11.5757 Y-0.3159 Z0.6307
X11.5835 Y-0.3131 Z0.6315
X11.5912 Y-0.3105 Z0.6322
X11.599 Y-0.3082 Z0.6328
X11.6069 Y-0.3061 Z0.6335
X11.6144 Y-0.3042 Z0.6341
X11.6222 Y-0.3025 Z0.6347
X11.6299 Y-0.301 Z0.6352
X11.6377 Y-0.2998 Z0.6356
X11.6454 Y-0.2987 Z0.636
X11.6531 Y-0.2977 Z0.6363
X11.6609 Y-0.297 Z0.6366
X11.6686 Y-0.2963 Z0.6368
X11.6764 Y-0.2958 Z0.6369
X11.6841 Y-0.2956 Z0.637
X11.6918 Y-0.2955
X11.6996 Y-0.2956
X11.7073 Y-0.2958
X11.7151 Y-0.2961 Z0.6368
X11.7228 Y-0.2966 Z0.6367
X11.7305 Y-0.2973 Z0.6364
X11.7392 Y-0.2983 Z0.6361
X11.746 Y-0.2992 Z0.6358
X11.7538 Y-0.3004 Z0.6354
X11.7615 Y-0.3017 Z0.6349
X11.7693 Y-0.3033 Z0.6344
X11.777 Y-0.305 Z0.6339
X11.7847 Y-0.3069 Z0.6332
X11.7925 Y-0.309 Z0.6326
X11.8002 Y-0.3113 Z0.632
X11.8081 Y-0.3138 Z0.6313
X11.8157 Y-0.3165 Z0.6306
X11.8234 Y-0.3195 Z0.6298
X11.8312 Y-0.3226 Z0.629
X11.8389 Y-0.3262 Z0.6281
X11.8447 Y-0.3293 Z0.6275
X11.8544 Y-0.3349 Z0.6263
X11.858 Y-0.337 Z0.6259
X11.8621 Y-0.3397 Z0.6254
X11.8699 Y-0.3448 Z0.6245
X11.8786 Y-0.3525 Z0.6234
X11.8854 Y-0.3591 Z0.6224
X11.8865 Y-0.3602 Z0.6223
X11.8931 Y-0.3675 Z0.6217
X11.8935 Y-0.368
X11.8984 Y-0.3757 Z0.621
X11.9008 Y-0.3803 Z0.6208
X11.9024 Y-0.3834
X11.9056 Y-0.3912 Z0.6205
X11.9086 Y-0.3994 Z0.6204
G2 X11.9084 Y-0.546 I-0.2145 J-0.0731
G1 X11.9056 Y-0.5537 Z0.6205
X11.9025 Y-0.5614 Z0.6208
X11.9008 Y-0.5646
X11.8984 Y-0.5692 Z0.621
X11.8935 Y-0.5769 Z0.6217
X11.8854 Y-0.5859 Z0.6224
X11.8776 Y-0.5934 Z0.6235
X11.8698 Y-0.6001 Z0.6245
X11.8621 Y-0.6052 Z0.6254
X11.858 Y-0.6079 Z0.6259
X11.8544 Y-0.61 Z0.6263
X11.8447 Y-0.6156 Z0.6275
X11.8389 Y-0.6187 Z0.6281
X11.8312 Y-0.6222 Z0.629
X11.8234 Y-0.6254 Z0.6298
X11.8157 Y-0.6284 Z0.6306
X11.8078 Y-0.6311 Z0.6313
X11.8002 Y-0.6335 Z0.6319
X11.7925 Y-0.6358 Z0.6326
X11.7812 Y-0.6388 Z0.6335
X11.777 Y-0.6398 Z0.6338
X11.7693 Y-0.6416 Z0.6344
X11.7615 Y-0.6432 Z0.6349
X11.7538 Y-0.6445 Z0.6354
X11.746 Y-0.6456 Z0.6358
X11.7383 Y-0.6466 Z0.6361
X11.7305 Y-0.6475 Z0.6364
X11.7228 Y-0.6482 Z0.6366
X11.7151 Y-0.6488 Z0.6368
X11.7073 Y-0.6491 Z0.637
X11.6996 Y-0.6493
X11.6918 Y-0.6494
X11.6841 Y-0.6492
X11.6764 Y-0.649 Z0.6369
X11.6686 Y-0.6485 Z0.6368
X11.6609 Y-0.6479 Z0.6365
X11.6531 Y-0.6471 Z0.6363
X11.6454 Y-0.6462 Z0.636
X11.6377 Y-0.6451 Z0.6356
X11.6299 Y-0.6438 Z0.6351
X11.6222 Y-0.6423 Z0.6346
X11.6144 Y-0.6406 Z0.6341
X11.6067 Y-0.6388 Z0.6335
X11.599 Y-0.6367 Z0.6328
X11.5912 Y-0.6343 Z0.6322
X11.5835 Y-0.6318 Z0.6314
X11.5757 Y-0.629 Z0.6307
X11.568 Y-0.626 Z0.6299
X11.5603 Y-0.6227 Z0.6291
X11.5525 Y-0.6192 Z0.6282
X11.5448 Y-0.6152 Z0.6274
X11.537 Y-0.6106 Z0.6264
X11.5327 Y-0.6079 Z0.6259
X11.5293 Y-0.6056 Z0.6254
X11.5215 Y-0.6001 Z0.6244
X11.5138 Y-0.5933 Z0.6234
X11.5054 Y-0.5847 Z0.6223
X11.4983 Y-0.5766 Z0.6216
X11.4935 Y-0.5692 Z0.621
X11.4906 Y-0.5638 Z0.6207
X11.4894 Y-0.5614 Z0.6206
X11.4859 Y-0.5537 Z0.6205
X11.4829 Y-0.5457 Z0.6204
G2 X11.483 Y-0.3989 I0.2063 J0.0733
G1 X11.485 Y-0.3936 Z0.6205
X11.4868 Y-0.3899
X11.4875 Y-0.3887
X11.4886 Y-0.3872
X11.4897 Y-0.3858 Z0.6206
X11.491 Y-0.3845
X11.4936 Y-0.382 Z0.6207
X11.4966 Y-0.3797 Z0.6208
X11.4997 Y-0.3776 Z0.6209
X11.5062 Y-0.3739 Z0.6211
X11.5134 Y-0.3706 Z0.6214
X11.5207 Y-0.3673 Z0.6217
X11.5277 Y-0.3638 Z0.622
X11.5312 Y-0.3619 Z0.6221
X11.5345 Y-0.3597 Z0.6224
X11.537 Y-0.358 Z0.6226
X11.5452 Y-0.3525 Z0.6233
X11.5525 Y-0.348 Z0.6239
X11.5582 Y-0.3447 Z0.6244
X11.568 Y-0.3402 Z0.6252
X11.5757 Y-0.3368 Z0.6258
X11.5835 Y-0.3338 Z0.6264
X11.5912 Y-0.3309 Z0.6269
X11.599 Y-0.3284 Z0.6274
X11.6067 Y-0.3261 Z0.6278
X11.6144 Y-0.324 Z0.6282
X11.6247 Y-0.3215 Z0.6287
X11.6299 Y-0.3204 Z0.629
X11.6377 Y-0.319 Z0.6292
X11.6454 Y-0.3178 Z0.6295
X11.6531 Y-0.3167 Z0.6297
X11.6609 Y-0.3159 Z0.6299
X11.6686 Y-0.3152 Z0.63
X11.6764 Y-0.3147 Z0.6301
X11.6841 Y-0.3144 Z0.6302
X11.6918 Y-0.3143
X11.6996 Y-0.3144
X11.7073 Y-0.3146 Z0.6301
X11.7151 Y-0.315
X11.7228 Y-0.3155 Z0.6299
X11.7305 Y-0.3163 Z0.6298
X11.7383 Y-0.3173 Z0.6296
X11.746 Y-0.3184 Z0.6294
X11.7538 Y-0.3196 Z0.6291
X11.7633 Y-0.3215 Z0.6287
X11.7693 Y-0.3229 Z0.6285
X11.777 Y-0.3248 Z0.6281
X11.7847 Y-0.3269 Z0.6277
X11.7927 Y-0.3293 Z0.6272
X11.8002 Y-0.3316 Z0.6268
X11.808 Y-0.3344 Z0.6263
X11.8157 Y-0.3374 Z0.6257
X11.8234 Y-0.3407 Z0.6251
X11.832 Y-0.3447 Z0.6244
X11.8389 Y-0.3486 Z0.6238
X11.8467 Y-0.3533 Z0.6232
X11.8544 Y-0.3582 Z0.6225
X11.8573 Y-0.3602 Z0.6223
X11.8621 Y-0.3644 Z0.6219
X11.866 Y-0.368 Z0.6216
X11.8699 Y-0.3718 Z0.6213
X11.8737 Y-0.3757 Z0.621
X11.8776 Y-0.3801 Z0.6208
X11.8798 Y-0.3834 Z0.6207
X11.884 Y-0.3912 Z0.6205
X11.8872 Y-0.3989 Z0.6204
G2 Y-0.546 I-0.1929 J-0.0735
G1 X11.884 Y-0.5537
X11.8799 Y-0.5614 Z0.6206
X11.8776 Y-0.5648 Z0.6208
X11.8737 Y-0.5692 Z0.621
X11.8699 Y-0.5732 Z0.6213
X11.8661 Y-0.5769 Z0.6216
X11.8621 Y-0.5806 Z0.6219
X11.8573 Y-0.5847 Z0.6223
X11.8544 Y-0.5867 Z0.6225
X11.8454 Y-0.5924 Z0.6233
X11.8389 Y-0.5962 Z0.6238
X11.832 Y-0.6001 Z0.6244
X11.8234 Y-0.6042 Z0.6251
X11.8145 Y-0.6079 Z0.6258
X11.808 Y-0.6105 Z0.6263
X11.8002 Y-0.6131 Z0.6268
X11.7924 Y-0.6156 Z0.6272
X11.7847 Y-0.6179 Z0.6277
X11.777 Y-0.62 Z0.6281
X11.7693 Y-0.622 Z0.6285
X11.7615 Y-0.6237 Z0.6288
X11.7538 Y-0.6252 Z0.6291
X11.746 Y-0.6265 Z0.6294
X11.7383 Y-0.6276 Z0.6296
X11.7305 Y-0.6285 Z0.6298
X11.7228 Y-0.6293 Z0.6299
X11.7151 Y-0.6299 Z0.6301
X11.7073 Y-0.6303
X11.6996 Y-0.6305 Z0.6302
X11.6918 Y-0.6306
X11.6841 Y-0.6305
X11.6764 Y-0.6302 Z0.6301
X11.6686 Y-0.6296 Z0.63
X11.6609 Y-0.629 Z0.6298
X11.6531 Y-0.6281 Z0.6297
X11.6454 Y-0.6271 Z0.6295
X11.6377 Y-0.6259 Z0.6292
X11.6299 Y-0.6244 Z0.6289
X11.6222 Y-0.6228 Z0.6286
X11.6144 Y-0.6209 Z0.6282
X11.6067 Y-0.6188 Z0.6278
X11.5963 Y-0.6156 Z0.6272
X11.5912 Y-0.6139 Z0.6269
X11.5835 Y-0.611 Z0.6264
X11.5754 Y-0.6079 Z0.6258
X11.568 Y-0.6047 Z0.6252
X11.5582 Y-0.6001 Z0.6244
X11.5525 Y-0.5969 Z0.6239
X11.5448 Y-0.5921 Z0.6233
X11.537 Y-0.5869 Z0.6226
X11.534 Y-0.5847 Z0.6223
X11.5293 Y-0.5805 Z0.6219
X11.5256 Y-0.5769 Z0.6216
X11.5216 Y-0.5727 Z0.6212
X11.5183 Y-0.5692 Z0.621
X11.5138 Y-0.564 Z0.6207
X11.5121 Y-0.5614 Z0.6206
X11.5079 Y-0.5537 Z0.6205
X11.5044 Y-0.546 Z0.6204
G2 X11.5043 Y-0.3989 I0.1841 J0.0736
G1 X11.5077 Y-0.3912 Z0.6205
X11.5119 Y-0.3834 Z0.6206
X11.5138 Y-0.3807 Z0.6207
X11.5182 Y-0.3757 Z0.621
X11.5216 Y-0.372 Z0.6212
X11.5255 Y-0.368 Z0.6216
X11.5293 Y-0.3642 Z0.6219
X11.5338 Y-0.3602 Z0.6223
X11.5345 Y-0.3597 Z0.6224
X11.5392 Y-0.3568 Z0.6227
X11.5416 Y-0.3556 Z0.6229
X11.5442 Y-0.3544 Z0.623
X11.5493 Y-0.3524 Z0.6233
X11.5546 Y-0.3508 Z0.6235
X11.5601 Y-0.3494 Z0.6236
X11.5656 Y-0.3484
X11.5711 Y-0.3476 Z0.6234
X11.5767 Y-0.3469 Z0.6232
X11.5824 Y-0.3464 Z0.6228
X11.5939 Y-0.3454 Z0.6218
X11.5996 Y-0.3448 Z0.6213
X11.6053 Y-0.3441 Z0.6208
X11.6109 Y-0.3432 Z0.6203
X11.6166 Y-0.3421 Z0.6201
X11.6221 Y-0.3407 Z0.62
X11.6299 Y-0.3387
X11.6378 Y-0.337
X11.6454 Y-0.3356
X11.6531 Y-0.3344 Z0.6201
X11.6609 Y-0.3334 Z0.62
X11.6686 Y-0.3326
X11.6764 Y-0.332 Z0.6201
X11.6841 Y-0.3316
X11.6918 Y-0.3315 Z0.62
X11.6996 Y-0.3316
X11.7073 Y-0.3319
X11.7151 Y-0.3323 Z0.6201
X11.7228 Y-0.333
X11.7305 Y-0.3339 Z0.62
X11.7383 Y-0.335 Z0.6201
X11.7499 Y-0.337 Z0.62
X11.7538 Y-0.3378
X11.7615 Y-0.3396
X11.7693 Y-0.3416
X11.7801 Y-0.3447 Z0.6199
X11.7847 Y-0.3462
X11.7925 Y-0.3488
X11.8002 Y-0.3517
X11.808 Y-0.3549 Z0.6198
X11.8157 Y-0.3583
X11.8196 Y-0.3602
X11.8234 Y-0.3622
X11.8331 Y-0.368 Z0.6196
X11.8389 Y-0.3717 Z0.6197
X11.8449 Y-0.3757
X11.8467 Y-0.3771
X11.8544 Y-0.3844 Z0.6195
X11.8609 Y-0.3912 Z0.6196
X11.8621 Y-0.3927
X11.8656 Y-0.3989 Z0.6195
X11.8687 Y-0.4067
X11.8715 Y-0.4144 Z0.6196
X11.8739 Y-0.4221 Z0.6195
X11.8758 Y-0.4299
X11.8776 Y-0.4388
X11.8787 Y-0.4454
X11.8797 Y-0.4531
X11.8804 Y-0.4608
X11.8808 Y-0.4686
Y-0.4763
X11.8804 Y-0.484
X11.8797 Y-0.4918
X11.8787 Y-0.4995
X11.8774 Y-0.5073
X11.8759 Y-0.515
X11.8739 Y-0.5227 Z0.6196
X11.8715 Y-0.5305
X11.8687 Y-0.5382 Z0.6195
X11.8656 Y-0.546
X11.8621 Y-0.5522 Z0.6196
X11.8609 Y-0.5537
X11.8544 Y-0.5606 Z0.6195
X11.8467 Y-0.5678 Z0.6197
X11.845 Y-0.5692
X11.8389 Y-0.5732
X11.8331 Y-0.5769 Z0.6196
X11.8234 Y-0.5827 Z0.6198
X11.8157 Y-0.5865
X11.808 Y-0.59
X11.8002 Y-0.5932 Z0.6199
X11.7925 Y-0.596 Z0.6198
X11.78 Y-0.6001 Z0.6199
X11.777 Y-0.6011
X11.7693 Y-0.6032 Z0.62
X11.7615 Y-0.6053
X11.7538 Y-0.6071
X11.7499 Y-0.6079
X11.7383 Y-0.6098
X11.7305 Y-0.6109
X11.7228 Y-0.6118
X11.7151 Y-0.6126 Z0.6201
X11.7073 Y-0.613
X11.6996 Y-0.6133 Z0.62
X11.6918 Y-0.6134
X11.6841 Y-0.6132
X11.6764 Y-0.6129
X11.6686 Y-0.6123
X11.6609 Y-0.6115
X11.6531 Y-0.6105
X11.6454 Y-0.6093
X11.6377 Y-0.6078
X11.6299 Y-0.6061
X11.6222 Y-0.6042
X11.6144 Y-0.602 Z0.6199
X11.6067 Y-0.5996
X11.599 Y-0.5968
X11.5912 Y-0.5938 Z0.6198
X11.5835 Y-0.5906
X11.5757 Y-0.5871 Z0.6197
X11.568 Y-0.5833 Z0.6198
X11.5603 Y-0.5787 Z0.6197
X11.5574 Y-0.5769
X11.5525 Y-0.5737 Z0.6196
X11.5463 Y-0.5692 Z0.6197
X11.5448 Y-0.5679 Z0.6196
X11.5383 Y-0.5614 Z0.6194
X11.537 Y-0.5602
X11.5312 Y-0.5537 Z0.6195
X11.5293 Y-0.5513
X11.5263 Y-0.546
X11.5228 Y-0.5382
X11.5198 Y-0.5305
X11.5173 Y-0.5227
X11.5153 Y-0.515
X11.5136 Y-0.5073
X11.5122 Y-0.4995
X11.5112 Y-0.4918 Z0.6196
X11.5106 Y-0.484 Z0.6195
X11.5102 Y-0.4763 Z0.6196
Y-0.4686
X11.5106 Y-0.4608 Z0.6195
X11.5112 Y-0.4531 Z0.6196
X11.5122 Y-0.4454 Z0.6195
X11.5138 Y-0.4366
X11.5153 Y-0.4299
X11.5173 Y-0.4221
X11.5198 Y-0.4144
X11.5227 Y-0.4067
X11.5261 Y-0.3989
X11.5293 Y-0.3933
X11.5311 Y-0.3912
X11.5381 Y-0.3834 Z0.6194
X11.5448 Y-0.3768 Z0.6197
X11.5462 Y-0.3757
X11.5525 Y-0.3713 Z0.6196
X11.5574 Y-0.368 Z0.6197
X11.5603 Y-0.3662
X11.568 Y-0.3616 Z0.6198
X11.5757 Y-0.3578 Z0.6197
X11.5835 Y-0.3543 Z0.6198
X11.5912 Y-0.3511
X11.599 Y-0.348 Z0.6199
X11.6084 Y-0.3447
X11.6144 Y-0.3429
X11.6221 Y-0.3407 Z0.62
X11.6252 Y-0.3398 Z0.6203
X11.6283 Y-0.3389 Z0.6211
X11.6311 Y-0.3381 Z0.6225
X11.6337 Y-0.3374 Z0.6244
X11.6359 Y-0.3368 Z0.6267
X11.6377 Y-0.3363 Z0.6293
X11.639 Y-0.3359 Z0.6323
X11.6398 Y-0.3356 Z0.6355
X11.6401 Z0.6387
G0 Z0.9241
X11.8183 Y-0.2767
Z0.7343
G1 Z0.6606 F200.
X11.8186 Y-0.2768 Z0.6573 F30.
X11.8194 Y-0.2771 Z0.654
X11.8208 Y-0.2776 Z0.651
X11.8226 Y-0.2783 Z0.6483
X11.8249 Y-0.2791 Z0.646
X11.8275 Y-0.2801 Z0.6441
X11.8303 Y-0.2812 Z0.6428
X11.8334 Y-0.2824 Z0.642
X11.8389 Y-0.2844 Z0.6412
X11.8467 Y-0.2875 Z0.64
X11.8544 Y-0.2909 Z0.6386
X11.8621 Y-0.2947 Z0.6374
X11.8699 Y-0.2988 Z0.636
X11.8776 Y-0.3033 Z0.6345
X11.8822 Y-0.3061 Z0.6336
X11.8854 Y-0.308 Z0.633
X11.8941 Y-0.3138 Z0.6314
X11.9033 Y-0.3215 Z0.6294
X11.9086 Y-0.3264 Z0.6283
X11.9116 Y-0.3293 Z0.6277
X11.9163 Y-0.334 Z0.6269
X11.9241 Y-0.3424 Z0.6254
X11.9258 Y-0.3447 Z0.625
X11.9308 Y-0.3525 Z0.6241
X11.9318 Y-0.354 Z0.6239
X11.9353 Y-0.3602 Z0.6232
X11.9393 Y-0.368 Z0.6224
X11.9425 Y-0.3757 Z0.6219
X11.9453 Y-0.3834 Z0.6214
X11.948 Y-0.3912 Z0.6209
X11.9503 Y-0.3989 Z0.6208
X11.9524 Y-0.4067 Z0.6207
X11.955 Y-0.4182 Z0.6205
X11.9558 Y-0.4221 Z0.6204
G2 X11.9557 Y-0.5227 I-0.2517 J-0.0502
G1 X11.955 Y-0.5267 Z0.6205
X11.9542 Y-0.5305
X11.9524 Y-0.5382 Z0.6207
X11.9503 Y-0.546 Z0.6208
X11.948 Y-0.5537 Z0.6209
X11.9453 Y-0.5614 Z0.6214
X11.9425 Y-0.5692 Z0.6219
X11.9393 Y-0.5769 Z0.6224
X11.9354 Y-0.5847 Z0.6232
X11.9309 Y-0.5924 Z0.6241
X11.9258 Y-0.6001 Z0.625
X11.9241 Y-0.6025 Z0.6254
X11.9163 Y-0.6109 Z0.6269
X11.9117 Y-0.6156 Z0.6277
X11.9086 Y-0.6186 Z0.6283
X11.9034 Y-0.6234 Z0.6294
X11.8941 Y-0.6311 Z0.6314
X11.8854 Y-0.6369 Z0.633
X11.8776 Y-0.6416 Z0.6345
X11.869 Y-0.6466 Z0.6361
X11.8621 Y-0.6502 Z0.6374
X11.8537 Y-0.6543 Z0.6387
X11.8467 Y-0.6574 Z0.64
X11.8389 Y-0.6605 Z0.6412
X11.8334 Y-0.6625 Z0.642
X11.8352 Y-0.6629 Z0.6422
X11.8699
X11.8854 Y-0.6627 Z0.6421
X11.8931 Y-0.6626 Z0.642
X11.9008 Y-0.6623
X11.9086 Y-0.6619 Z0.6419
X11.9163 Y-0.6612
X11.9241 Y-0.6602
X11.9318 Y-0.659
X11.9395 Y-0.6575
X11.9473 Y-0.6556
X11.9523 Y-0.6543 Z0.642
X11.955 Y-0.6535
X11.9628 Y-0.6508
X11.9729 Y-0.6466 Z0.6419
X11.9782 Y-0.6442
X11.986 Y-0.6404
X11.989 Y-0.6388
X11.9937 Y-0.6361
X12.0018 Y-0.6311
X12.0092 Y-0.626
X12.0128 Y-0.6234
X12.0169 Y-0.62
X12.0222 Y-0.6156
X12.0247 Y-0.6134
X12.0324 Y-0.6059
X12.038 Y-0.6001
X12.0402 Y-0.5978
X12.0448 Y-0.5924 Z0.642
X12.0479 Y-0.5886
X12.0508 Y-0.5847
X12.0561 Y-0.5769 Z0.6419
X12.0609 Y-0.5692
X12.0634 Y-0.5649
X12.0652 Y-0.5614
X12.069 Y-0.5537
X12.0726 Y-0.546
X12.0757 Y-0.5382 Z0.642
X12.0784 Y-0.5305 Z0.6419
X12.0807 Y-0.5227
X12.0826 Y-0.515
X12.0842 Y-0.5073
X12.0855 Y-0.4995
X12.0866 Y-0.4904
X12.0871 Y-0.484
X12.0875 Y-0.4763
Y-0.4686
X12.0871 Y-0.4608
X12.0866 Y-0.4544
X12.0855 Y-0.4454
X12.0842 Y-0.4376
X12.0826 Y-0.4299
X12.0807 Y-0.4221
X12.0784 Y-0.4144
X12.0758 Y-0.4067 Z0.642
X12.0726 Y-0.3989 Z0.6419
X12.0691 Y-0.3912
X12.0653 Y-0.3834
X12.0634 Y-0.3799
X12.0609 Y-0.3757
X12.0556 Y-0.3672
X12.0508 Y-0.3602
X12.0479 Y-0.3563
X12.0447 Y-0.3525
X12.0402 Y-0.3471
X12.038 Y-0.3447
X12.0324 Y-0.339
X12.0304 Y-0.337
X12.0247 Y-0.3316
X12.0221 Y-0.3293
X12.0169 Y-0.325
X12.0127 Y-0.3215
X12.0092 Y-0.3189
X12.0015 Y-0.3135
X11.9937 Y-0.3088
X11.989 Y-0.3061
X11.986 Y-0.3044
X11.9782 Y-0.3007
X11.9705 Y-0.2973
X11.9628 Y-0.294 Z0.642
X11.955 Y-0.2914
X11.9523 Y-0.2906
X11.9473 Y-0.2892 Z0.6419
X11.9395 Y-0.2874
X11.9318 Y-0.2859
X11.9241 Y-0.2847
X11.9163 Y-0.2837
X11.9086 Y-0.283
X11.9008 Y-0.2826 Z0.642
X11.8854 Y-0.2821 Z0.6421
X11.835
X11.8334 Y-0.2824 Z0.642
X11.8398 Y-0.2846 Z0.6411
X11.8463 Y-0.2867 Z0.6403
X11.8529 Y-0.2886 Z0.6396
X11.8595 Y-0.2903 Z0.6389
X11.8662 Y-0.2919 Z0.6383
X11.8729 Y-0.2934 Z0.6378
X11.8864 Y-0.2961 Z0.6369
X11.9 Y-0.2986 Z0.6361
X11.9136 Y-0.3011 Z0.6356
X11.9203 Y-0.3024 Z0.6353
X11.9271 Y-0.3039 Z0.6352
X11.9338 Y-0.3054 Z0.6351
X11.9406 Y-0.307
X11.9473 Y-0.3087 Z0.6352
X11.955 Y-0.3113 Z0.6351
X11.9628 Y-0.3144
X11.9705 Y-0.3179
X11.9782 Y-0.3216
X11.986 Y-0.3261
X11.9911 Y-0.3293
X11.9937 Y-0.3311
X12.0019 Y-0.337
X12.0092 Y-0.343
X12.0112 Y-0.3447
X12.0169 Y-0.3501
X12.0193 Y-0.3525
X12.0247 Y-0.3581
X12.0266 Y-0.3602
X12.0331 Y-0.368
X12.0402 Y-0.3779
X12.0436 Y-0.3834
X12.0481 Y-0.3912
X12.0519 Y-0.3989
X12.0556 Y-0.4071
X12.0585 Y-0.4144
X12.0611 Y-0.4221
X12.0634 Y-0.4304
X12.065 Y-0.4376
X12.0664 Y-0.4454
X12.0675 Y-0.4531
X12.0682 Y-0.4608
X12.0686 Y-0.4686
Y-0.4763
X12.0682 Y-0.484
X12.0675 Y-0.4918
X12.0664 Y-0.4995
X12.065 Y-0.5073
X12.0633 Y-0.515
X12.0611 Y-0.5227
X12.0585 Y-0.5305
X12.0554 Y-0.5382
X12.0519 Y-0.546
X12.0479 Y-0.554
X12.0436 Y-0.5614
X12.0402 Y-0.567
X12.0386 Y-0.5692
X12.0332 Y-0.5769 Z0.6352
X12.0267 Y-0.5847 Z0.6351
X12.0247 Y-0.5868
X12.0193 Y-0.5924
X12.0169 Y-0.5948
X12.0113 Y-0.6001
X12.0092 Y-0.602
X12.0015 Y-0.6083
X11.9911 Y-0.6156
X11.986 Y-0.6188
X11.9781 Y-0.6234
X11.9705 Y-0.627
X11.9613 Y-0.6311
X11.955 Y-0.6336
X11.9473 Y-0.6362 Z0.6352
X11.9366 Y-0.6388 Z0.6351
X11.9318 Y-0.6398
X11.9241 Y-0.6412
X11.9153 Y-0.6423
X11.9122 Y-0.6427
X11.9111 Y-0.6423 Z0.6349
X11.9163 Y-0.638 Z0.6337
X11.9241 Y-0.6309 Z0.632
X11.9318 Y-0.6232 Z0.6303
X11.9395 Y-0.6147 Z0.6286
X11.9443 Y-0.6079 Z0.6276
X11.9473 Y-0.6035 Z0.6269
X11.9493 Y-0.6001 Z0.6264
X11.9537 Y-0.5924 Z0.6253
X11.955 Y-0.5899 Z0.625
X11.9576 Y-0.5847 Z0.6245
X11.9608 Y-0.5769 Z0.6237
X11.9637 Y-0.5692 Z0.623
X11.9664 Y-0.5614 Z0.6224
X11.9688 Y-0.5537 Z0.622
X11.971 Y-0.546 Z0.6216
X11.9729 Y-0.5382 Z0.6213
X11.9746 Y-0.5305 Z0.621
X11.9761 Y-0.5227 Z0.6209
X11.9773 Y-0.515 Z0.6208
X11.9784 Y-0.5073 Z0.6207
X11.9793 Y-0.4995
X11.98 Y-0.4918 Z0.6206
X11.9805 Y-0.484
X11.9808 Y-0.4763
Y-0.4686
X11.9805 Y-0.4608
X11.98 Y-0.4531
X11.9793 Y-0.4454 Z0.6207
X11.9782 Y-0.4362
X11.9773 Y-0.4299 Z0.6208
X11.9761 Y-0.4221 Z0.6209
X11.9746 Y-0.4144 Z0.621
X11.9729 Y-0.4067 Z0.6213
X11.9705 Y-0.3971 Z0.6217
X11.9688 Y-0.3912 Z0.622
X11.9664 Y-0.3834 Z0.6224
X11.9637 Y-0.3757 Z0.623
X11.9608 Y-0.368 Z0.6237
X11.9576 Y-0.3602 Z0.6245
X11.955 Y-0.3551 Z0.625
X11.9537 Y-0.3525 Z0.6253
X11.9493 Y-0.3447 Z0.6264
X11.9473 Y-0.3414 Z0.6269
X11.9443 Y-0.337 Z0.6276
X11.9395 Y-0.3302 Z0.6286
X11.9316 Y-0.3215 Z0.6304
X11.9238 Y-0.3138 Z0.632
X11.9163 Y-0.3069 Z0.6336
X11.911 Y-0.3025 Z0.635
X11.9121 Y-0.3022 Z0.6351
X11.9163 Y-0.3027
X11.9241 Y-0.3037
X11.9318 Y-0.3051
X11.9366 Y-0.3061
X11.9406 Y-0.307
X11.9458 Y-0.3087
X11.9484 Y-0.3098 Z0.635
X11.9509 Y-0.3109 Z0.6349
X11.9557 Y-0.3137 Z0.6346
X11.9603 Y-0.3168 Z0.6343
X11.9647 Y-0.3203 Z0.6339
X11.9688 Y-0.324 Z0.6334
X11.9728 Y-0.3279 Z0.6329
X11.9766 Y-0.3321 Z0.6324
X11.9804 Y-0.3364 Z0.6318
X11.9878 Y-0.3454 Z0.6309
X11.9952 Y-0.3544 Z0.6301
X11.9989 Y-0.3588 Z0.6298
X12.0028 Y-0.3632 Z0.6296
X12.0069 Y-0.3673 Z0.6295
X12.0092 Y-0.3697
X12.0145 Y-0.3757 Z0.6296
X12.0169 Y-0.3786
X12.0206 Y-0.3834
X12.0247 Y-0.3894
X12.0304 Y-0.3989
X12.0324 Y-0.4028
X12.0343 Y-0.4067 Z0.6295
X12.0378 Y-0.4144 Z0.6296
X12.0402 Y-0.4202
X12.0409 Y-0.4221
X12.0433 Y-0.4299
X12.0453 Y-0.4376
X12.0469 Y-0.4454
X12.0481 Y-0.4531
X12.0489 Y-0.4608
X12.0494 Y-0.4686
Y-0.4763
X12.0489 Y-0.484
X12.0479 Y-0.4933 Z0.6295
X12.0469 Y-0.4995 Z0.6296
X12.0453 Y-0.5073
X12.0433 Y-0.515
X12.0409 Y-0.5227
X12.0402 Y-0.5247
X12.0378 Y-0.5305
X12.0342 Y-0.5382 Z0.6295
X12.0324 Y-0.5419
X12.0303 Y-0.546 Z0.6296
X12.0247 Y-0.5555
X12.0206 Y-0.5614
X12.0169 Y-0.5664
X12.0146 Y-0.5692
X12.0092 Y-0.5752
X12.0076 Y-0.5769 Z0.6295
X12.0015 Y-0.583
X11.9997 Y-0.5847
X11.9937 Y-0.5898
X11.9906 Y-0.5924 Z0.6296
X11.986 Y-0.5957 Z0.6295
X11.9796 Y-0.6001 Z0.6296
X11.9695 Y-0.6061
X11.9687 Y-0.6058 Z0.6294
X11.9719 Y-0.6001 Z0.6285
X11.9758 Y-0.5924 Z0.6276
X11.979 Y-0.5847 Z0.6266
X11.982 Y-0.5769 Z0.6257
X11.9847 Y-0.5692 Z0.6249
X11.9872 Y-0.5614 Z0.6244
X11.9895 Y-0.5537 Z0.6238
X11.9915 Y-0.546 Z0.6233
X11.9937 Y-0.5365 Z0.6228
X11.9949 Y-0.5305 Z0.6225
X11.9963 Y-0.5227 Z0.6222
X11.9975 Y-0.515 Z0.622
X11.9985 Y-0.5073 Z0.6219
X11.9993 Y-0.4995 Z0.6218
X12. Y-0.4918 Z0.6217
X12.0005 Y-0.484 Z0.6216
X12.0008 Y-0.4763
Y-0.4686
X12.0005 Y-0.4608
X12. Y-0.4531 Z0.6217
X11.9993 Y-0.4454 Z0.6218
X11.9985 Y-0.4376 Z0.6219
X11.9975 Y-0.4299 Z0.622
X11.9963 Y-0.4221 Z0.6222
X11.9949 Y-0.4144 Z0.6225
X11.9933 Y-0.4067 Z0.6228
X11.9915 Y-0.3989 Z0.6233
X11.9895 Y-0.3912 Z0.6238
X11.9872 Y-0.3834 Z0.6243
X11.9847 Y-0.3757 Z0.6249
X11.982 Y-0.368 Z0.6257
X11.979 Y-0.3602 Z0.6266
X11.9758 Y-0.3525 Z0.6276
X11.9719 Y-0.3447 Z0.6285
X11.9691 Y-0.3397 Z0.6293
X11.9687 Y-0.3391 Z0.6294
X11.9691 Y-0.3385 Z0.6296
X11.9796 Y-0.3447
X11.986 Y-0.3492 Z0.6295
X11.9905 Y-0.3525 Z0.6296
X11.9937 Y-0.3551 Z0.6295
X11.9996 Y-0.3602
X12.0015 Y-0.362
X12.0069 Y-0.3673
X12.0095 Y-0.3705
X12.0103 Y-0.3716 Z0.6294
X12.0112 Y-0.3732 Z0.6293
X12.0121 Y-0.3748 Z0.6292
X12.0128 Y-0.3765 Z0.6291
X12.014 Y-0.3799 Z0.6288
X12.0149 Y-0.3835 Z0.6285
X12.0156 Y-0.3872 Z0.6281
X12.016 Y-0.3909 Z0.6277
X12.0162 Y-0.3946 Z0.6273
X12.0163 Y-0.4025 Z0.6264
X12.0162 Y-0.4105 Z0.6256
X12.0163 Y-0.4184 Z0.625
X12.017 Y-0.4263 Z0.6246
X12.0175 Y-0.4299 Z0.6245
X12.0185 Y-0.4376 Z0.6243
X12.0193 Y-0.4454 Z0.6241
X12.0199 Y-0.4531 Z0.624
X12.0203 Y-0.4608 Z0.6239
X12.0206 Y-0.4686
Y-0.4763
X12.0203 Y-0.484
X12.0199 Y-0.4918 Z0.624
X12.0193 Y-0.4995 Z0.6241
X12.0185 Y-0.5073 Z0.6243
X12.0169 Y-0.519 Z0.6246
X12.0149 Y-0.5311 Z0.6251
X12.0152 Y-0.5326 Z0.6253
X12.0169 Y-0.5291
X12.0199 Y-0.5227
X12.0228 Y-0.515
X12.0247 Y-0.5091
X12.027 Y-0.4995
X12.0284 Y-0.4918
X12.0293 Y-0.484
X12.0298 Y-0.4763
Y-0.4686
X12.0293 Y-0.4608
X12.0284 Y-0.4531
X12.027 Y-0.4454
X12.0247 Y-0.4358
X12.0228 Y-0.4299
X12.0199 Y-0.4221
X12.0157 Y-0.413
X12.0153 Y-0.4122
X12.0149 Y-0.4134 Z0.6251
X12.0164 Y-0.4221 Z0.6247
X12.017 Y-0.4263 Z0.6246
X12.0175 Y-0.4296 Z0.6248
X12.0179 Y-0.4328 Z0.6256
X12.0184 Y-0.4358 Z0.6269
X12.0187 Y-0.4385 Z0.6288
X12.0191 Y-0.4409 Z0.6311
X12.0194 Y-0.4428 Z0.6338
X12.0196 Y-0.4442 Z0.6368
X12.0197 Y-0.4451 Z0.64
Y-0.4454 Z0.6433
G0 Z1.3241
M5
M9
G53 G0 Z0.
M30
%
