%
(CS YOKE OP1)
(T36 D=0.375 CR=0. - ZMIN=0.1741 - FLAT END MILL)
(T50 D=0.25 CR=0. TAPER=140DEG - ZMIN=1.405 - DRILL)
(T72 D=0.1875 CR=0.0937 - ZMIN=0.3926 - BALL END MILL)
(T101 D=0.1 CR=0. TAPER=135DEG - ZMIN=1.0731 - DRILL)
G90 G94 G17 G91.1
G20
G53 G0 Z0.
(ADAPTIVE6)
T36 M6
T50
S7500 M3
G17 G90 G94
G54
G64 P0.004 Q0.004
M8
G0 X4.7313 Y-3.0379
G43 Z2.04 H36
G0 Z0.2593
G1 Z0.2218 F60.
X4.731 Y-3.0378 Z0.2173
X4.7302 Y-3.0376 Z0.2128
X4.7289 Y-3.0373 Z0.2085
X4.7271 Y-3.0368 Z0.2044
X4.7249 Y-3.0362 Z0.2005
X4.7222 Y-3.0355 Z0.1969
X4.7191 Y-3.0347 Z0.1937
X4.7156 Y-3.0339 Z0.191
X4.7118 Y-3.0329 Z0.1886
X4.7078 Y-3.0319 Z0.1868
X4.7037 Y-3.0308 Z0.1854
X4.6993 Y-3.0297 Z0.1846
X4.695 Y-3.0286 Z0.1843
G3 X4.4908 Y-2.9992 I-0.2376 J-0.9274
G1 X4.4853
X4.4578 Y-3.0341
X4.4243 Y-3.0632
G3 X4.3876 Y-3.092 I0.0695 J-0.1265
G2 X4.246 Y-3.1538 I-0.1435 J0.1356
G1 X4.2347 Y-3.1542
X0.0653
G2 X-0.0022 Y-3.1451 I-0.0045 J0.2209
X-0.1377 Y-2.9932 I0.0571 J0.1874
G1 X-0.1397 Y-2.982
X-0.1412 Y-2.9596
X-0.1415 Y-2.9483
G2 X-0.1463 Y-2.7266 I4.0881 J0.1988
G1 X-0.1466 Y-2.6822
X-0.1467 Y-2.6378
X-0.1469 Y-2.5491
Y-2.3272
Y-0.9516
Y-0.1085
X-0.1445 Y-0.0642
X-0.1429 Y-0.0586
X-0.1419 Y-0.0529
X-0.1414 Y-0.0471
G2 X-0.0809 Y0.099 I0.2003 J0.0027
X0.054 Y0.1539 I0.1375 J-0.1447
G1 X0.0653 Y0.1542
X4.2347
G2 X4.3022 Y0.1451 I0.0045 J-0.2209
X4.4377 Y-0.0068 I-0.0571 J-0.1874
G1 X4.4397 Y-0.018
X4.4412 Y-0.0404
X4.4415 Y-0.0517
G2 X4.4463 Y-0.2734 I-4.088 J-0.1989
G1 X4.4466 Y-0.3178
X4.4467 Y-0.3622
X4.4469 Y-0.4509
Y-0.6728
Y-2.0484
Y-2.8471
G3 X4.4415 Y-2.8887 I0.2092 J-0.0486
G1 Y-2.9483
G2 X4.4353 Y-3.0045 I-0.2235 J-0.0037
G1 X4.4321 Y-3.0157
X4.4279 Y-3.0269
G3 X4.4306 Y-3.0569 I0.0356 J-0.0119
X4.494 Y-3.0606 I0.0329 J0.018 F300.
G1 X4.5616 Y-2.9371
G3 X4.5736 Y-2.8922 I-0.0864 J0.0471
G1 X4.576 Y-2.7575
X4.5661 Y-0.0517
G3 X4.482 Y0.0045 I-0.0623 J-0.0022
G1 X4.4819
G3 X4.4501 Y-0.0223 I0.022 J-0.0583
X4.4415 Y-0.0517 I0.0537 J-0.0316 F60.
G1 Y-0.2088
X4.4413 Y-0.2201
G2 X4.437 Y-0.2667 I-0.1901 J-0.0059
G1 X4.4344 Y-0.2762
X4.4324 Y-0.2824
G3 X4.4165 Y-0.3718 I0.5005 J-0.1351
X4.4084 Y-0.5445 I1.838 J-0.1734
X4.407 Y-0.8107 I18.1876 J-0.2271
G1 X4.4069 Y-1.0326
Y-2.275
Y-2.6299
G3 X4.4204 Y-2.6876 I0.1299 J0.
G2 X4.4413 Y-2.7799 I-0.1668 J-0.0862
G1 X4.4415 Y-2.7912
Y-2.8887
G3 X4.4545 Y-2.9158 I0.0375 J0.0013
X4.5165 Y-2.8872 I0.0245 J0.0284 F300.
G1 X4.5053 Y-0.2948
G3 X4.453 Y-0.2605 I-0.0375 J-0.0002
X4.4324 Y-0.2824 I0.0148 J-0.0345 F60.
G1 X4.4273 Y-0.2987
X4.4145 Y-0.3243
X4.4138 Y-0.3257
G3 X4.387 Y-0.4102 I0.2552 J-0.1273
X4.3725 Y-0.5384 I0.8966 J-0.1666
X4.3674 Y-0.849 I6.1726 J-0.2559
G1 X4.367 Y-0.9377
X4.3669 Y-1.1152
Y-2.3133
Y-2.5352
X4.3672 Y-2.5642
X4.3675 Y-2.5724
G3 X4.3921 Y-2.6426 I0.1278 J0.0054
G1 X4.4098 Y-2.6677
X4.4145 Y-2.6757
X4.4204 Y-2.6876
G3 X4.4441 Y-2.7061 I0.033 J0.0178
X4.4909 Y-2.6696 I0.0093 J0.0363 F300.
G1 X4.4829 Y-0.3457
G3 X4.4387 Y-0.3089 I-0.0375 J-0.0001
X4.4138 Y-0.3257 I0.0067 J-0.0369 F60.
G1 X4.4098 Y-0.3323
X4.3921 Y-0.3574
X4.3902 Y-0.36
G3 X4.3567 Y-0.4409 I0.2067 J-0.1328
X4.3362 Y-0.5708 I0.7097 J-0.1789
X4.3282 Y-0.7925 I2.9291 J-0.2159
X4.327 Y-1.1475 I29.3055 J-0.2815
G1 X4.3269 Y-1.68
Y-2.3456
G3 X4.328 Y-2.5214 I4.988 J-0.0568
G1 X4.3285 Y-2.5236
G3 X4.353 Y-2.5892 I0.1294 J0.0111
G1 X4.3921 Y-2.6426
G3 X4.4186 Y-2.6568 I0.0295 J0.0232
X4.4591 Y-2.6194 I0.003 J0.0374 F300.
G1 X4.4572 Y-0.3832
G3 X4.4167 Y-0.3458 I-0.0375 J0.
X4.3902 Y-0.36 I0.003 J-0.0374 F60.
G1 X4.3584 Y-0.4035
G3 X4.3195 Y-0.4938 I0.2213 J-0.1488
X4.2975 Y-0.6265 I0.7215 J-0.1878
X4.2886 Y-0.8481 I2.7719 J-0.2226
X4.287 Y-1.2475 I29.1471 J-0.316
G1 X4.2869 Y-1.7799
X4.287 Y-2.4012
X4.2873 Y-2.4401
X4.2881 Y-2.4618
G3 X4.3093 Y-2.5289 I0.1323 J0.005
G1 X4.312 Y-2.5329
X4.3201 Y-2.5442
X4.353 Y-2.5892
G3 X4.3795 Y-2.6034 I0.0295 J0.0232
X4.42 Y-2.5661 I0.003 J0.0374 F300.
G1 X4.4253 Y-0.4268
G3 X4.3848 Y-0.3893 I-0.0375 J0.0001
X4.3584 Y-0.4035 I0.003 J-0.0374 F60.
G1 X4.3201 Y-0.4558
G3 X4.2801 Y-0.551 I0.2401 J-0.1569
X4.2616 Y-0.6511 I0.6541 J-0.1723
X4.2494 Y-0.8725 I2.1022 J-0.2275
X4.247 Y-1.3163 I23.6922 J-0.3498
G1 X4.2469 Y-1.76
Y-2.2925
G3 X4.2489 Y-2.4195 I1.8942 J-0.0335
G1 X4.2505 Y-2.4325
X4.2508 Y-2.4341
X4.2514 Y-2.4356
X4.2521 Y-2.4371
G3 X4.3094 Y-2.5288 I1.8042 J1.0621
G1 X4.3121 Y-2.5323
X4.3153 Y-2.5354
X4.3187 Y-2.5381
X4.3225 Y-2.5404
X4.3265 Y-2.5422
X4.3307 Y-2.5436
X4.3351 Y-2.5444
G3 X4.3775 Y-2.5074 I0.005 J0.0372 F300.
G1 X4.3871 Y-0.4792
G3 X4.3466 Y-0.4416 I-0.0375 J0.0002
X4.3201 Y-0.4558 I0.003 J-0.0374 F60.
X4.2761 Y-0.5232 I1.0719 J-0.7479
X4.2349 Y-0.6355 I0.3032 J-0.1751
X4.2166 Y-0.7656 I0.8897 J-0.1914
X4.2081 Y-1.0317 I4.0747 J-0.263
X4.207 Y-1.3866 I37.1523 J-0.2944
G1 X4.2069 Y-1.786
Y-2.2297
G3 X4.2083 Y-2.3421 I1.7519 J-0.0352
G1 X4.2117 Y-2.3571
X4.2165 Y-2.3716
X4.223 Y-2.3855
G3 X4.2521 Y-2.4371 I1.0261 J0.5461
X4.277 Y-2.4539 I0.0317 J0.0201
X4.3213 Y-2.4174 I0.0067 J0.0369 F300.
G1 X4.3445 Y-0.5448
G3 X4.3015 Y-0.5073 I-0.0375 J0.0005
X4.276 Y-0.5232 I0.0055 J-0.0371 F60.
X4.2265 Y-0.608 I1.6585 J-1.0275
X4.192 Y-0.7153 I0.3567 J-0.1736
X4.1748 Y-0.8576 I1.0201 J-0.1956
X4.1678 Y-1.1681 I5.4444 J-0.2784
X4.167 Y-1.4787 I33.9272 J-0.2446
G1 X4.1669 Y-1.9224
Y-2.1887
X4.167 Y-2.233
X4.1672 Y-2.2465
X4.1689 Y-2.2656
X4.1734 Y-2.2844
X4.1807 Y-2.3022
G3 X4.223 Y-2.3855 I1.5911 J0.7553
G1 X4.2254 Y-2.3892
X4.2283 Y-2.3925
X4.2315 Y-2.3955
X4.2351 Y-2.3981
X4.239 Y-2.4003
X4.2431 Y-2.402
X4.2473 Y-2.4032
G3 X4.2928 Y-2.3666 I0.008 J0.0366 F300.
G1 X4.2963 Y-0.627
G3 X4.2508 Y-0.5903 I-0.0375 J0.0001
X4.2265 Y-0.608 I0.008 J-0.0366 F60.
X4.1809 Y-0.6974 I1.5228 J-0.8335
X4.1469 Y-0.8189 I0.3994 J-0.177
X4.1322 Y-0.9811 I1.2654 J-0.1969
X4.1274 Y-1.3804 I10.3782 J-0.3243
G1 X4.127 Y-1.5135
X4.1269 Y-1.8242
Y-2.1348
X4.127 Y-2.1547
X4.1281 Y-2.1715
X4.1314 Y-2.188
X4.1368 Y-2.2039
G3 X4.1806 Y-2.3022 I1.3037 J0.5224
G1 X4.183 Y-2.306
X4.1857 Y-2.3094
X4.1889 Y-2.3125
X4.1923 Y-2.3153
X4.1961 Y-2.3176
X4.2001 Y-2.3194
X4.2043 Y-2.3207
G3 X4.2512 Y-2.2844 I0.0093 J0.0363 F300.
G1 X4.2514 Y-0.7152
G3 X4.2045 Y-0.6789 I-0.0375 J0.
X4.1809 Y-0.6974 I0.0093 J-0.0363 F60.
X4.1312 Y-0.8101 I1.2973 J-0.6395
X4.1051 Y-0.9154 I0.4583 J-0.1692
X4.0902 Y-1.1245 I1.594 J-0.2188
X4.087 Y-1.6126 I21.0438 J-0.3829
G1 X4.0869 Y-1.9676
Y-2.0478
X4.0877 Y-2.0615
X4.0898 Y-2.0751
X4.0934 Y-2.0883
G3 X4.1368 Y-2.2039 I1.5733 J0.5244
X4.1592 Y-2.224 I0.0342 J0.0155
X4.2085 Y-2.1883 I0.0118 J0.0356 F300.
G1 X4.2028 Y-0.8252
G3 X4.1533 Y-0.7898 I-0.0375 J-0.0002
X4.1311 Y-0.8101 I0.012 J-0.0355 F60.
X4.0779 Y-0.9611 I1.4644 J-0.6006
X4.0566 Y-1.0932 I0.7405 J-0.1874
X4.0485 Y-1.3149 I2.9723 J-0.2196
G1 X4.0474 Y-1.4659
X4.0469 Y-1.6169
X4.0468 Y-1.7679
X4.0472 Y-1.9189
X4.0484 Y-1.9288
X4.0503 Y-1.9385
G3 X4.0934 Y-2.0883 I1.9069 J0.4675
X4.1142 Y-2.11 I0.0352 J0.0129
X4.1661 Y-2.0749 I0.0144 J0.0346 F300.
G1 X4.151 Y-0.9725
G3 X4.0981 Y-0.9388 I-0.0375 J-0.0005
X4.078 Y-0.9611 I0.0154 J-0.0342 F60.
G1 X4.0746 Y-0.9723
X4.0586 Y-1.0284
X4.0554 Y-1.0397
X4.0476 Y-1.0734
X4.0288 Y-1.1632
G3 X4.0105 Y-1.3553 I1.248 J-0.2158
X4.0074 Y-1.6901 I10.2406 J-0.2626
G1 X4.0081 Y-1.6955
G3 X4.0264 Y-1.8256 I2.9393 J0.3472
G1 X4.0476 Y-1.9266
X4.0503 Y-1.9385
G3 X4.0691 Y-1.9619 I0.0362 J0.0098
X4.124 Y-1.9277 I0.0174 J0.0332 F300.
G1 X4.1027 Y-1.1711
G3 X4.0471 Y-1.1393 I-0.0375 J-0.0011
X4.0288 Y-1.1632 I0.0182 J-0.0328 F60.
X4.0032 Y-1.354 I1.9994 J-0.3652
X4.0079 Y-1.6955 I1.8892 J-0.1446
G1 X4.0089 Y-1.6999
X4.0104 Y-1.704
X4.0124 Y-1.708
X4.0148 Y-1.7117
X4.0176 Y-1.7151
X4.0208 Y-1.7182
X4.0244 Y-1.7208
X4.0281 Y-1.7233 Z0.1846
X4.0318 Y-1.7258 Z0.1854
X4.0354 Y-1.7282 Z0.1868
X4.0389 Y-1.7305 Z0.1886
X4.0421 Y-1.7326 Z0.191
X4.0451 Y-1.7346 Z0.1937
X4.0477 Y-1.7363 Z0.1969
X4.0501 Y-1.7379 Z0.2005
X4.052 Y-1.7392 Z0.2044
X4.0536 Y-1.7402 Z0.2085
X4.0547 Y-1.741 Z0.2128
X4.0554 Y-1.7414 Z0.2173
X4.0556 Y-1.7416 Z0.2218
G0 Z1.64
X-0.1694 Y-3.0102
Z0.2593
G1 Z0.2218 F60.
X-0.1693 Y-3.01 Z0.2173
X-0.1689 Y-3.0093 Z0.2128
X-0.1682 Y-3.0081 Z0.2085
X-0.1672 Y-3.0065 Z0.2044
X-0.166 Y-3.0045 Z0.2005
X-0.1646 Y-3.0021 Z0.1969
X-0.163 Y-2.9994 Z0.1937
X-0.1611 Y-2.9963 Z0.191
X-0.1592 Y-2.993 Z0.1886
X-0.1571 Y-2.9894 Z0.1868
X-0.1548 Y-2.9857 Z0.1854
X-0.1526 Y-2.9819 Z0.1846
X-0.1503 Y-2.978 Z0.1843
G3 X-0.1415 Y-2.9483 I-0.0536 J0.0318
G1 Y-2.7238
G2 X-0.1336 Y-2.6658 I0.2263 J-0.0016
G3 X-0.1156 Y-2.5628 I-0.4794 J0.1368
X-0.1081 Y-2.3856 I-2.1221 J0.1781
X-0.1069 Y-1.9862 I-34.0421 J0.3001
G1 Y-0.655
Y-0.4222
G3 X-0.1213 Y-0.366 I-0.1169 J0.
G2 X-0.1415 Y-0.2762 I0.1906 J0.0901
G1 Y-0.0517
X-0.1414 Y-0.0471
G3 X-0.1535 Y-0.0196 I-0.0375 J-0.0001
X-0.2118 Y-0.0292 I-0.0254 J-0.0276 F300.
G1 X-0.2621 Y-0.1415
G3 X-0.2712 Y-0.1864 I0.0893 J-0.0415
G1 X-0.254 Y-2.6452
G3 X-0.151 Y-2.6908 I0.0623 J0.0016
X-0.1335 Y-2.6658 I-0.0406 J0.0472 F60.
G2 X-0.1146 Y-2.6216 I0.21 J-0.0633
G3 X-0.0869 Y-2.5345 I-0.2524 J0.1284
X-0.0723 Y-2.4043 I-0.9044 J0.167
X-0.0674 Y-2.0938 I-6.3423 J0.2557
G1 X-0.067 Y-2.005
X-0.0669 Y-1.8275
Y-0.6294
Y-0.4963
G3 X-0.0788 Y-0.4329 I-0.1474 J0.0052
G1 X-0.087 Y-0.4179
X-0.097 Y-0.404
G3 X-0.1242 Y-0.3913 I-0.0281 J-0.0248
X-0.1625 Y-0.4285 I-0.0008 J-0.0375 F300.
G1 X-0.1838 Y-2.6013
G3 X-0.1394 Y-2.6385 I0.0375 J-0.0004
X-0.1145 Y-2.6216 I-0.007 J0.0368 F60.
G2 X-0.0958 Y-2.5947 I0.1243 J-0.0666
G3 X-0.0581 Y-2.5104 I-0.1788 J0.1306
X-0.0374 Y-2.3884 I-0.6388 J0.1713
X-0.0284 Y-2.1668 I-2.5927 J0.2159
X-0.0269 Y-1.7231 I-34.3043 J0.3338
G1 Y-0.6138
G3 X-0.0295 Y-0.5158 I-0.9203 J0.0253
X-0.0486 Y-0.4577 I-0.1358 J-0.0127
G1 X-0.0595 Y-0.4427
X-0.0724 Y-0.4293
G2 X-0.0969 Y-0.404 I0.1122 J0.1331
G3 X-0.1242 Y-0.3913 I-0.0281 J-0.0248
X-0.1625 Y-0.4289 I-0.0008 J-0.0375 F300.
G1 X-0.1614 Y-2.5699
G3 X-0.1231 Y-2.6073 I0.0375 J0.
X-0.0959 Y-2.5947 I-0.0008 J0.0375 F60.
G2 X-0.0749 Y-2.5728 I0.1265 J-0.1006
G3 X-0.0344 Y-2.506 I-0.1233 J0.1203
X-0.0083 Y-2.4079 I-0.4254 J0.1658
X0.0091 Y-2.2091 I-1.3547 J0.2182
X0.0127 Y-1.8542 I-10.9401 J0.2906
G1 X0.013 Y-1.7211
X0.0131 Y-1.3217
Y-0.6561
X0.0128 Y-0.6117
G3 X0.004 Y-0.5229 I-0.4516 J0.0002
X-0.0523 Y-0.4446 I-0.1247 J-0.0303
G2 X-0.0725 Y-0.4294 I0.1134 J0.1706
G1 X-0.076 Y-0.4267
X-0.0798 Y-0.4245
X-0.0839 Y-0.4228
X-0.0881 Y-0.4215
X-0.0925 Y-0.4208
X-0.0969 Y-0.4206
X-0.1013 Y-0.4209
G3 X-0.134 Y-0.458 I0.0048 J-0.0372 F300.
G1 X-0.1364 Y-2.544
G3 X-0.1037 Y-2.5813 I0.0375 J0.
X-0.0749 Y-2.5729 I0.0048 J0.0372 F60.
G2 X-0.055 Y-2.5573 I0.0989 J-0.1059
G3 X-0.0108 Y-2.5003 I-0.092 J0.1169
X0.0261 Y-2.3864 I-0.3737 J0.1842
X0.0445 Y-2.243 I-0.9988 J0.2011
X0.0522 Y-1.9325 I-4.9758 J0.278
X0.053 Y-1.6219 I-31.5653 J0.2422
G1 X0.0531 Y-1.1338
Y-0.7344
G3 X0.0497 Y-0.5986 I-1.5519 J0.0292
X0.0326 Y-0.5209 I-0.2889 J-0.0229
X-0.0293 Y-0.4572 I-0.1207 J-0.0555
G1 X-0.0335 Y-0.4557
X-0.0377 Y-0.4546
X-0.0421 Y-0.4541
X-0.0465
X-0.0509 Y-0.4546
X-0.0552 Y-0.4556
X-0.0594 Y-0.4571
G3 X-0.0821 Y-0.491 I0.0148 J-0.0345 F300.
G1 X-0.1132 Y-2.5254
G3 X-0.0847 Y-2.5624 I0.0375 J-0.0006
X-0.0551 Y-2.5573 I0.009 J0.0364 F60.
G1 X-0.0524 Y-2.5554
X-0.0471 Y-2.5521
X-0.0339 Y-2.545
G3 X0.0132 Y-2.4944 I-0.0707 J0.1131
X0.0519 Y-2.4027 I-0.292 J0.1772
X0.0782 Y-2.2633 I-0.7674 J0.217
X0.0903 Y-2.0418 I-2.3484 J0.2387
X0.093 Y-1.5538 I-25.203 J0.3859
G1 X0.0931 Y-1.11
Y-0.7994
G3 X0.0901 Y-0.6437 I-2.3927 J0.033
G1 X0.0879 Y-0.6223
X0.086 Y-0.6068
G3 X0.0626 Y-0.5253 I-0.2623 J-0.0309
X-0.0062 Y-0.4664 I-0.1158 J-0.0656
G1 X-0.0246 Y-0.4596
X-0.0293 Y-0.4573
G3 X-0.0594 Y-0.4571 I-0.0152 J-0.0343
X-0.0821 Y-0.4914 I0.0148 J-0.0345 F300.
G1 X-0.0879 Y-2.5112
G3 X-0.0639 Y-2.5463 I0.0375 J-0.0001
X-0.0339 Y-2.545 I0.0135 J0.035 F60.
G1 X-0.0323 Y-2.5442
X-0.0246 Y-2.5404
X-0.0157 Y-2.5371
G3 X0.0349 Y-2.4935 I-0.0482 J0.107
X0.0803 Y-2.4041 I-0.2462 J0.1812
X0.1137 Y-2.257 I-0.6728 J0.2305
X0.1291 Y-2.0357 I-1.9395 J0.2459
X0.1327 Y-1.6364 I-14.1904 J0.3278
G1 X0.133 Y-1.5033
X0.1331 Y-1.1483
X0.133 Y-0.8377
G3 X0.1297 Y-0.6752 I-2.5624 J0.0288
X0.1198 Y-0.603 I-0.6138 J-0.0478
X0.0929 Y-0.5287 I-0.2464 J-0.0471
X0.0094 Y-0.4709 I-0.1111 J-0.0713
G1 X0.005 Y-0.4704
X0.0006
X-0.0038 Y-0.471
X-0.0081 Y-0.472
X-0.0122 Y-0.4736
X-0.0161 Y-0.4756
X-0.0198 Y-0.4781
G3 X-0.0345 Y-0.5073 I0.0228 J-0.0298 F300.
G1 X-0.065 Y-2.501
G3 X-0.0456 Y-2.5344 I0.0375 J-0.0006
X-0.0157 Y-2.5371 I0.0181 J0.0328 F60.
G1 X-0.0022 Y-2.5321
X0.004 Y-2.5305
G3 X0.0574 Y-2.4922 I-0.0343 J0.1041
X0.1099 Y-2.4015 I-0.2205 J0.1884
X0.1458 Y-2.2707 I-0.5822 J0.23
X0.1667 Y-2.0592 I-1.4804 J0.2526
X0.1724 Y-1.7043 I-8.3988 J0.313
G1 X0.1728 Y-1.6155
X0.173 Y-1.4824
X0.1731 Y-1.2162
Y-0.9056
G3 X0.1688 Y-0.6964 I-3.134 J0.0414
X0.1541 Y-0.6049 I-0.6308 J-0.0547
X0.1158 Y-0.5191 I-0.2451 J-0.058
X0.0316 Y-0.4754 I-0.0931 J-0.0763
G1 X0.0271 Y-0.4753
X0.0227 Y-0.4756
X0.0184 Y-0.4765
X0.0142 Y-0.4778
X0.0102 Y-0.4797
X0.0064 Y-0.482
X0.0029 Y-0.4847
G3 X-0.0097 Y-0.5122 I0.0248 J-0.0281 F300.
G1 X-0.0418 Y-2.4933
G3 X-0.0255 Y-2.5248 I0.0375 J-0.0006
X0.004 Y-2.5305 I0.0212 J0.0309 F60.
G1 X0.0091 Y-2.5291
X0.0203 Y-2.5268
X0.0265 Y-2.5255
G3 X0.0818 Y-2.4901 I-0.0294 J0.1068
X0.1366 Y-2.4069 I-0.1995 J0.1909
X0.1806 Y-2.2662 I-0.5425 J0.2469
X0.2046 Y-2.0606 I-1.3357 J0.2599
X0.2121 Y-1.7057 I-6.7461 J0.3213
G1 X0.2126 Y-1.6613
X0.2128 Y-1.5726
X0.213 Y-1.4395
X0.2131 Y-1.1732
X0.213 Y-0.9514
G3 X0.2093 Y-0.7362 I-3.9743 J0.0388
X0.1899 Y-0.6119 I-0.6734 J-0.0417
X0.1559 Y-0.5326 I-0.2895 J-0.0769
X0.054 Y-0.4768 I-0.1049 J-0.0706
G1 X0.0428 Y-0.4762
X0.0316 Y-0.4755
G3 X0.0037 Y-0.4867 I-0.0012 J-0.0375
X-0.0071 Y-0.5128 I0.0267 J-0.0263 F300.
G1 X-0.0172 Y-2.4884
G3 X-0.0026 Y-2.5182 I0.0375 J-0.0002
X0.0265 Y-2.5255 I0.023 J0.0296 F60.
G1 X0.0316 Y-2.5245
X0.0428 Y-2.5238
G3 X0.0962 Y-2.4987 I-0.0113 J0.0935
X0.1566 Y-2.424 I-0.1556 J0.1877
X0.2093 Y-2.2874 I-0.4515 J0.2525
X0.239 Y-2.1025 I-1.0611 J0.2655
X0.251 Y-1.7922 I-4.0049 J0.3098
X0.253 Y-1.3928 I-27.0621 J0.3322
G1 Y-1.171
G3 X0.2515 Y-0.816 I-16.1304 J0.1059
X0.2366 Y-0.6628 I-0.9956 J-0.0195
G1 X0.2325 Y-0.6442
X0.2285 Y-0.628
X0.2243 Y-0.6134
G3 X0.1872 Y-0.5322 I-0.2809 J-0.0794
X0.0807 Y-0.477 I-0.1067 J-0.0755
G1 X0.0653
X0.054 Y-0.4768
G3 X0.0267 Y-0.4892 I0.0005 J-0.0375
X0.017 Y-0.514 I0.0279 J-0.0251 F300.
G1 X0.0048 Y-2.486
G3 X0.0151 Y-2.5121 I0.0375 J-0.0002
X0.0428 Y-2.5238 I0.0272 J0.0258 F60.
G1 X0.054 Y-2.5232
X0.0642 Y-2.523
G3 X0.1188 Y-2.5006 I-0.008 J0.0972
X0.1881 Y-2.4201 I-0.1507 J0.1998
X0.2436 Y-2.2841 I-0.445 J0.261
X0.2759 Y-2.1037 I-1.0141 J0.2745
X0.2904 Y-1.7936 I-3.4861 J0.3178
X0.293 Y-1.3498 I-25.132 J0.3683
G1 Y-1.128
G3 X0.2903 Y-0.8174 I-9.6446 J0.0714
X0.2729 Y-0.6664 I-0.9801 J-0.0365
G1 X0.2686 Y-0.648
X0.2641 Y-0.6311
G3 X0.2157 Y-0.527 I-0.306 J-0.0789
G1 X0.2023 Y-0.5126
G3 X0.113 Y-0.477 I-0.0893 J-0.0944
G1 X0.0807
G3 X0.0536 Y-0.49 I0.0013 J-0.0375
X0.0445 Y-0.5142 I0.0284 J-0.0245 F300.
G1 X0.0272 Y-2.4852
G3 X0.0369 Y-2.5106 I0.0375 J-0.0003
X0.0642 Y-2.523 I0.0279 J0.0251 F60.
G1 X0.0653
X0.0877
G3 X0.1482 Y-2.4987 I-0.0072 J0.1053
X0.215 Y-2.4254 I-0.1493 J0.2031
X0.2805 Y-2.273 I-0.4443 J0.2811
X0.3144 Y-2.0895 I-1.0146 J0.2826
X0.33 Y-1.7794 I-3.3687 J0.3245
X0.3328 Y-1.1138 I-33.9232 J0.4767
X0.3281 Y-0.8033 I-5.554 J0.0712
X0.303 Y-0.6438 I-0.8755 J-0.0561
G1 X0.298 Y-0.6276
G3 X0.2467 Y-0.5242 I-0.3111 J-0.0899
X0.1839 Y-0.4826 I-0.1026 J-0.0866
G1 X0.1652 Y-0.4784
X0.1462 Y-0.477
X0.113
G3 X0.0859 Y-0.49 I0.0013 J-0.0375
X0.0768 Y-0.514 I0.0284 J-0.0245 F300.
G1 X0.0516 Y-2.485
G3 X0.0606 Y-2.51 I0.0375 J-0.0005
X0.0877 Y-2.523 I0.0284 J0.0245 F60.
G1 X0.1136
G3 X0.1747 Y-2.4999 I-0.0065 J0.1094
X0.2512 Y-2.4168 I-0.1535 J0.2182
X0.3129 Y-2.2786 I-0.447 J0.2824
X0.3493 Y-2.1062 I-0.9642 J0.2935
X0.3677 Y-1.8407 I-2.5594 J0.3111
X0.3725 Y-1.3971 I-14.4697 J0.3781
X0.3714 Y-0.909 I-25.1339 J0.1878
X0.3598 Y-0.7471 I-1.6214 J-0.0353
X0.3354 Y-0.6343 I-0.7172 J-0.0963
X0.2812 Y-0.5249 I-0.3357 J-0.0982
G1 X0.2801 Y-0.5242
G3 X0.18 Y-0.477 I-0.1002 J-0.0827
G1 X0.1462
G3 X0.1191 Y-0.49 I0.0013 J-0.0375
X0.11 Y-0.5139 I0.0284 J-0.0245 F300.
G1 X0.0774 Y-2.4849
G3 X0.0865 Y-2.51 I0.0375 J-0.0006
X0.1136 Y-2.523 I0.0284 J0.0245 F60.
G1 X0.1417
G3 X0.2086 Y-2.4966 I-0.0079 J0.1182
X0.2752 Y-2.4281 I-0.1518 J0.2139
X0.3463 Y-2.2808 I-0.4288 J0.2981
X0.3852 Y-2.112 I-0.9193 J0.3003
X0.4064 Y-1.8467 I-2.3165 J0.3193
X0.4124 Y-1.3587 I-13.3356 J0.4072
X0.4107 Y-0.915 I-16.9288 J0.1582
X0.3978 Y-0.7532 I-1.6275 J-0.0486
X0.3716 Y-0.6368 I-0.7383 J-0.1049
X0.315 Y-0.5243 I-0.3465 J-0.1042
G1 X0.3138 Y-0.5235
G3 X0.2143 Y-0.477 I-0.0995 J-0.0835
G1 X0.18
G3 X0.1529 Y-0.49 I0.0013 J-0.0375
X0.1438 Y-0.5138 I0.0284 J-0.0245 F300.
G1 X0.1055 Y-2.4848
G3 X0.1146 Y-2.51 I0.0375 J-0.0007
X0.1417 Y-2.523 I0.0284 J0.0245 F60.
G1 X0.1698
G3 X0.2374 Y-2.4977 I-0.0067 J0.1205
X0.3132 Y-2.4192 I-0.1579 J0.2286
X0.3881 Y-2.2582 I-0.4649 J0.3141
X0.4268 Y-2.0785 I-0.9947 J0.3081
X0.4479 Y-1.7687 I-2.7997 J0.3465
X0.4526 Y-1.2363 I-18.1324 J0.4263
X0.4481 Y-0.8814 I-7.3642 J0.0856
X0.4258 Y-0.7039 I-1.1949 J-0.0602
G1 X0.4201 Y-0.6806
X0.4144 Y-0.6594
G3 X0.3599 Y-0.5378 I-0.4101 J-0.1108
X0.3037 Y-0.489 I-0.122 J-0.0835
G1 X0.2861 Y-0.4824
X0.2677 Y-0.4784
X0.249 Y-0.477
X0.2143
G3 X0.1872 Y-0.49 I0.0013 J-0.0375
X0.1781 Y-0.5137 I0.0284 J-0.0245 F300.
G1 X0.1336 Y-2.4847
G3 X0.1427 Y-2.51 I0.0375 J-0.0008
X0.1698 Y-2.523 I0.0284 J0.0245 F60.
G1 X0.2001
G3 X0.2681 Y-2.4978 I-0.0071 J0.1237
X0.3464 Y-2.4182 I-0.1597 J0.2354
X0.4235 Y-2.2566 I-0.4679 J0.3223
X0.464 Y-2.0769 I-0.9822 J0.3158
X0.487 Y-1.7673 I-2.6666 J0.3542
X0.4924 Y-1.2793 I-14.856 J0.4085
X0.4889 Y-0.9243 I-8.5605 J0.0935
X0.4682 Y-0.7309 I-1.4068 J-0.0528
G1 X0.4623 Y-0.7039
X0.4564 Y-0.6802
X0.4503 Y-0.6585
G3 X0.394 Y-0.5364 I-0.4137 J-0.1165
X0.3208 Y-0.4821 I-0.116 J-0.08
G1 X0.3026 Y-0.4784
X0.284 Y-0.477
X0.249
G3 X0.2219 Y-0.49 I0.0013 J-0.0375
X0.2128 Y-0.5136 I0.0284 J-0.0245 F300.
G1 X0.1639 Y-2.4846
G3 X0.173 Y-2.51 I0.0375 J-0.0009
X0.2001 Y-2.523 I0.0284 J0.0245 F60.
G1 X0.2316
G3 X0.2999 Y-2.4977 I-0.008 J0.1269
X0.3805 Y-2.4166 I-0.1625 J0.242
X0.46 Y-2.2523 I-0.4762 J0.3318
X0.5019 Y-2.0712 I-0.9902 J0.3242
X0.5263 Y-1.7617 I-2.611 J0.3617
X0.5323 Y-1.2737 I-13.7131 J0.4139
X0.5275 Y-0.9188 I-6.9615 J0.0824
X0.5045 Y-0.7273 I-1.3585 J-0.066
G1 X0.4983 Y-0.7008
X0.4921 Y-0.6771
X0.4856 Y-0.6553
G3 X0.4279 Y-0.5343 I-0.4115 J-0.1219
X0.3556 Y-0.482 I-0.1138 J-0.0812
G1 X0.3377 Y-0.4783
X0.3194 Y-0.477
X0.284
G3 X0.2569 Y-0.49 I0.0013 J-0.0375
X0.2479 Y-0.5135 I0.0284 J-0.0245 F300.
G1 X0.1954 Y-2.4845
G3 X0.2045 Y-2.51 I0.0375 J-0.001
X0.2316 Y-2.523 I0.0284 J0.0245 F60.
G1 X0.2625
G3 X0.3313 Y-2.4983 I-0.0073 J0.1284
X0.4132 Y-2.4177 I-0.1617 J0.246
X0.4952 Y-2.2526 I-0.4754 J0.3393
X0.5386 Y-2.0736 I-0.978 J0.3316
X0.5652 Y-1.7643 I-2.4798 J0.3693
X0.572 Y-1.365 I-10.3569 J0.3756
X0.5686 Y-0.9657 I-9.7772 J0.118
X0.548 Y-0.7592 I-1.6754 J-0.0634
X0.5222 Y-0.6555 I-0.8508 J-0.1565
X0.4629 Y-0.5333 I-0.4184 J-0.1275
X0.391 Y-0.4819 I-0.1123 J-0.0813
G1 X0.3732 Y-0.4783
X0.3551 Y-0.477
X0.3194
G3 X0.2923 Y-0.49 I0.0013 J-0.0375
X0.2833 Y-0.5134 I0.0284 J-0.0245 F300.
G1 X0.2263 Y-2.4844
G3 X0.2354 Y-2.51 I0.0375 J-0.0011
X0.2625 Y-2.523 I0.0284 J0.0245 F60.
G1 X0.2934
G3 X0.3625 Y-2.4992 I-0.0058 J0.129
X0.4454 Y-2.4196 I-0.1591 J0.2488
X0.5295 Y-2.2559 I-0.4701 J0.3449
X0.5746 Y-2.0795 I-0.9626 J0.3402
X0.6039 Y-1.7705 I-2.3384 J0.3772
X0.6117 Y-1.3713 I-9.2843 J0.3821
X0.6079 Y-0.972 I-8.7137 J0.1154
X0.5861 Y-0.7631 I-1.686 J-0.0702
X0.5594 Y-0.6574 I-0.8686 J-0.163
X0.4987 Y-0.533 I-0.4268 J-0.1315
X0.4267 Y-0.4819 I-0.1124 J-0.0819
G1 X0.4091 Y-0.4783
X0.391 Y-0.477
X0.3551
G3 X0.328 Y-0.49 I0.0013 J-0.0375
X0.319 Y-0.5133 I0.0284 J-0.0245 F300.
G1 X0.2573 Y-2.4843
G3 X0.2663 Y-2.51 I0.0375 J-0.0012
X0.2934 Y-2.523 I0.0284 J0.0245 F60.
G1 X0.3272
G3 X0.3966 Y-2.4986 I-0.0075 J0.1323
X0.4819 Y-2.4163 I-0.1639 J0.2554
X0.5676 Y-2.2489 I-0.4842 J0.3535
X0.6138 Y-2.0678 I-0.9895 J0.3489
X0.6434 Y-1.7588 I-2.3863 J0.3839
X0.6516 Y-1.3595 I-9.0491 J0.3856
X0.6462 Y-0.9603 I-7.2245 J0.1022
X0.6221 Y-0.7556 I-1.6065 J-0.0854
G1 X0.6151 Y-0.7245
X0.6082 Y-0.6974
X0.6013 Y-0.6733
G3 X0.5426 Y-0.5439 I-0.4786 J-0.1388
X0.4971 Y-0.4973 I-0.1477 J-0.0989
X0.4271 Y-0.477 I-0.0705 J-0.1121
G1 X0.391
G3 X0.3639 Y-0.49 I0.0013 J-0.0375
X0.3549 Y-0.5133 I0.0284 J-0.0245 F300.
G1 X0.291 Y-2.4843
G3 X0.3001 Y-2.51 I0.0375 J-0.0012
X0.3272 Y-2.523 I0.0284 J0.0245 F60.
G1 X0.3609
G3 X0.4308 Y-2.4982 I-0.0085 J0.1348
X0.5176 Y-2.4145 I-0.1673 J0.2606
X0.5958 Y-2.2695 I-0.4699 J0.3468
X0.6526 Y-2.0589 I-0.9784 J0.3768
X0.6827 Y-1.75 I-2.3893 J0.389
X0.6915 Y-1.262 I-9.8603 J0.4216
X0.681 Y-0.9073 I-4.3537 J0.0483
X0.6509 Y-0.7179 I-1.2838 J-0.1067
G1 X0.6436 Y-0.6913
X0.6364 Y-0.6676
G3 X0.5773 Y-0.5415 I-0.4679 J-0.1425
X0.5324 Y-0.4967 I-0.1421 J-0.0974
X0.4634 Y-0.477 I-0.0694 J-0.1125
G1 X0.4271
G3 X0.4 Y-0.49 I0.0013 J-0.0375
X0.3909 Y-0.5132 I0.0284 J-0.0245 F300.
G1 X0.3247 Y-2.4842
G3 X0.3338 Y-2.51 I0.0375 J-0.0013
X0.3609 Y-2.523 I0.0284 J0.0245 F60.
G1 X0.3931
G3 X0.463 Y-2.4992 I-0.0067 J0.1343
X0.5504 Y-2.417 I-0.1638 J0.2618
X0.6301 Y-2.2732 I-0.4638 J0.3511
X0.6886 Y-2.0658 I-0.9583 J0.3824
X0.7213 Y-1.7571 I-2.2714 J0.3962
X0.7312 Y-1.3135 I-8.4153 J0.4099
X0.7235 Y-0.9587 I-5.2482 J0.064
X0.6964 Y-0.7521 I-1.5301 J-0.0958
G1 X0.6891 Y-0.7218
X0.6816 Y-0.6942
X0.6741 Y-0.6694
G3 X0.6138 Y-0.5415 I-0.4758 J-0.1459
X0.5688 Y-0.4967 I-0.1432 J-0.0988
X0.4999 Y-0.477 I-0.0694 J-0.1127
G1 X0.4634
G3 X0.4363 Y-0.49 I0.0013 J-0.0375
X0.4272 Y-0.5132 I0.0284 J-0.0245 F300.
G1 X0.3569 Y-2.4842
G3 X0.366 Y-2.51 I0.0375 J-0.0013
X0.3931 Y-2.523 I0.0284 J0.0245 F60.
G1 X0.4283
G3 X0.4987 Y-2.4982 I-0.0088 J0.1377
X0.5883 Y-2.413 I-0.17 J0.2682
X0.6694 Y-2.2648 I-0.4817 J0.3601
X0.7288 Y-2.0506 I-0.9998 J0.3925
X0.761 Y-1.7418 I-2.3615 J0.4022
X0.7667 Y-1.0321 I-8.8783 J0.4264
X0.7456 Y-0.8126 I-2.1648 J-0.0976
X0.7089 Y-0.6621 I-0.9667 J-0.1559
X0.6484 Y-0.5386 I-0.4663 J-0.1518
X0.6043 Y-0.496 I-0.1364 J-0.0969
X0.5365 Y-0.477 I-0.0681 J-0.1131
G1 X0.4999
G3 X0.4728 Y-0.49 I0.0013 J-0.0375
X0.4637 Y-0.5131 I0.0284 J-0.0245 F300.
G1 X0.3921 Y-2.4841
G3 X0.4012 Y-2.51 I0.0375 J-0.0014
X0.4283 Y-2.523 I0.0284 J0.0245 F60.
G1 X0.462
G3 X0.5326 Y-2.4986 I-0.0082 J0.1381
X0.6228 Y-2.4138 I-0.1692 J0.2704
X0.7056 Y-2.2647 I-0.481 J0.3645
X0.7662 Y-2.0509 I-0.9895 J0.396
X0.7999 Y-1.7423 I-2.3142 J0.4088
X0.8101 Y-1.21 I-8.2191 J0.424
X0.7903 Y-0.8558 I-3.0398 J0.0078
X0.7535 Y-0.6845 I-1.1279 J-0.1524
G1 X0.7457 Y-0.6611
G3 X0.6845 Y-0.5376 I-0.4619 J-0.152
X0.6407 Y-0.4957 I-0.1352 J-0.0975
X0.5734 Y-0.477 I-0.0678 J-0.1134
G1 X0.5365
G3 X0.5094 Y-0.49 I0.0013 J-0.0375
X0.5004 Y-0.5131 I0.0284 J-0.0245 F300.
G1 X0.4258 Y-2.4841
G3 X0.4349 Y-2.51 I0.0375 J-0.0014
X0.462 Y-2.523 I0.0284 J0.0245 F60.
G1 X0.4957
G3 X0.5663 Y-2.4992 I-0.0072 J0.1382
X0.6573 Y-2.4149 I-0.1677 J0.272
X0.7412 Y-2.2662 I-0.4799 J0.3689
X0.8032 Y-2.0533 I-0.9846 J0.4021
X0.8386 Y-1.745 I-2.2609 J0.4158
X0.8466 Y-1.0796 I-7.6657 J0.4256
X0.822 Y-0.8155 I-2.2178 J-0.0731
X0.7912 Y-0.6857 I-1.0489 J-0.1805
X0.7269 Y-0.5451 I-0.5271 J-0.1562
X0.6776 Y-0.4955 I-0.1515 J-0.1014
X0.6103 Y-0.477 I-0.0679 J-0.1153
G1 X0.5734
G3 X0.5463 Y-0.49 I0.0013 J-0.0375
X0.5372 Y-0.513 I0.0284 J-0.0245 F300.
G1 X0.4596 Y-2.484
G3 X0.4686 Y-2.51 I0.0375 J-0.0015
X0.4957 Y-2.523 I0.0284 J0.0245 F60.
G1 X0.5294
G3 X0.6006 Y-2.4996 I-0.006 J0.1385
X0.6921 Y-2.4157 I-0.1665 J0.2735
X0.7771 Y-2.2673 I-0.4789 J0.3727
X0.8404 Y-2.0547 I-0.9823 J0.4081
X0.8773 Y-1.7466 I-2.2228 J0.4226
X0.8858 Y-1.0813 I-7.1257 J0.4235
X0.8603 Y-0.8167 I-2.2148 J-0.08
X0.8288 Y-0.6859 I-1.0553 J-0.1848
X0.7637 Y-0.5447 I-0.5303 J-0.1588
X0.7144 Y-0.4954 I-0.151 J-0.1018
X0.6474 Y-0.477 I-0.0677 J-0.1154
G1 X0.6103
G3 X0.5832 Y-0.49 I0.0013 J-0.0375
X0.5741 Y-0.513 I0.0284 J-0.0245 F300.
G1 X0.4933 Y-2.484
G3 X0.5023 Y-2.51 I0.0375 J-0.0015
X0.5294 Y-2.523 I0.0284 J0.0245 F60.
G1 X0.5659
G3 X0.6372 Y-2.4988 I-0.0083 J0.1413
X0.7303 Y-2.4126 I-0.1718 J0.2788
X0.8166 Y-2.2601 I-0.4937 J0.3802
X0.8806 Y-2.0417 I-1.0165 J0.4164
X0.917 Y-1.7334 I-2.2998 J0.4281
X0.9243 Y-1.0682 I-6.7006 J0.4063
X0.8962 Y-0.8048 I-2.1333 J-0.095
X0.8639 Y-0.6784 I-1.0371 J-0.1973
X0.7988 Y-0.5417 I-0.5141 J-0.1611
X0.753 Y-0.4964 I-0.1478 J-0.1036
X0.6844 Y-0.477 I-0.069 J-0.1133
G1 X0.6474
G3 X0.6203 Y-0.49 I0.0013 J-0.0375
X0.6112 Y-0.513 I0.0284 J-0.0245 F300.
G1 X0.5298 Y-2.4839
G3 X0.5388 Y-2.51 I0.0375 J-0.0015
X0.5659 Y-2.523 I0.0284 J0.0245 F60.
G1 X0.5997
G3 X0.6709 Y-2.4998 I-0.0062 J0.1402
X0.7643 Y-2.4149 I-0.168 J0.2786
X0.8518 Y-2.2634 I-0.4868 J0.3822
X0.9169 Y-2.0483 I-0.9958 J0.4187
X0.9554 Y-1.7403 I-2.2214 J0.4344
X0.9636 Y-1.0751 I-6.2985 J0.4106
X0.9355 Y-0.8115 I-2.1637 J-0.0976
X0.9025 Y-0.6813 I-1.0597 J-0.1992
X0.8364 Y-0.5422 I-0.5223 J-0.1629
X0.7902 Y-0.4964 I-0.1501 J-0.1052
X0.7216 Y-0.477 I-0.0691 J-0.1134
G1 X0.6844
G3 X0.6573 Y-0.49 I0.0013 J-0.0375
X0.6483 Y-0.5129 I0.0284 J-0.0245 F300.
G1 X0.5635 Y-2.4839
G3 X0.5726 Y-2.51 I0.0375 J-0.0016
X0.5997 Y-2.523 I0.0284 J0.0245 F60.
G1 X0.6362
G3 X0.7077 Y-2.4991 I-0.0079 J0.1426
X0.8022 Y-2.4125 I-0.1722 J0.2828
X0.8907 Y-2.2583 I-0.499 J0.3888
X0.9566 Y-2.0382 I-1.0228 J0.4264
X0.9949 Y-1.7302 I-2.2784 J0.4399
X1.0021 Y-1.065 I-5.9653 J0.397
X0.9792 Y-0.8444 I-2.32 J-0.1291
X0.9381 Y-0.6751 I-1.0638 J-0.1686
X0.8782 Y-0.5487 I-0.5306 J-0.1743
X0.8268 Y-0.4959 I-0.1581 J-0.1023
X0.759 Y-0.477 I-0.0686 J-0.1152
G1 X0.7216
G3 X0.6945 Y-0.49 I0.0013 J-0.0375
X0.6855 Y-0.5129 I0.0284 J-0.0245 F300.
G1 X0.6 Y-2.4839
G3 X0.6091 Y-2.51 I0.0375 J-0.0016
X0.6362 Y-2.523 I0.0284 J0.0245 F60.
G1 X0.6721
G3 X0.7438 Y-2.4989 I-0.0085 J0.1438
X0.8393 Y-2.4112 I-0.1742 J0.2858
X0.9291 Y-2.2543 I-0.5054 J0.3934
X0.9955 Y-2.0327 I-1.0311 J0.4293
X1.0342 Y-1.7247 I-2.2953 J0.4449
X1.0407 Y-1.0596 I-5.6633 J0.3886
X1.0166 Y-0.8391 I-2.2933 J-0.14
X0.9746 Y-0.6716 I-1.0546 J-0.1749
X0.9146 Y-0.5471 I-0.5238 J-0.1762
X0.8637 Y-0.4956 I-0.1544 J-0.1014
X0.7964 Y-0.477 I-0.0681 J-0.1154
G1 X0.759
G3 X0.7319 Y-0.49 I0.0013 J-0.0375
X0.7228 Y-0.5129 I0.0284 J-0.0245 F300.
G1 X0.636 Y-2.4838
G3 X0.645 Y-2.51 I0.0375 J-0.0017
X0.6721 Y-2.523 I0.0284 J0.0245 F60.
G1 X0.7077
G3 X0.7794 Y-2.499 I-0.0083 J0.1441
X0.8757 Y-2.4111 I-0.1745 J0.2877
X0.9665 Y-2.2532 I-0.5087 J0.3976
X1.0335 Y-2.0312 I-1.0348 J0.4335
X1.0731 Y-1.7233 I-2.286 J0.4502
X1.0795 Y-1.0582 I-5.4009 J0.3848
X1.0546 Y-0.8378 I-2.2843 J-0.1472
X1.012 Y-0.6703 I-1.0564 J-0.1795
X0.9516 Y-0.5464 I-0.5228 J-0.1782
X0.901 Y-0.4954 I-0.1528 J-0.1011
X0.8339 Y-0.477 I-0.0678 J-0.1155
G1 X0.7964
G3 X0.7693 Y-0.49 I0.0013 J-0.0375
X0.7602 Y-0.5128 I0.0284 J-0.0245 F300.
G1 X0.6716 Y-2.4838
G3 X0.6806 Y-2.51 I0.0375 J-0.0017
X0.7077 Y-2.523 I0.0284 J0.0245 F60.
G1 X0.743
G3 X0.8146 Y-2.4995 I-0.0073 J0.1438
X0.9113 Y-2.4122 I-0.1727 J0.2882
X1.0028 Y-2.255 I-0.5063 J0.3999
X1.0708 Y-2.0337 I-1.0309 J0.4381
X1.1117 Y-1.726 I-2.2524 J0.4559
X1.1186 Y-1.0609 I-5.1753 J0.3857
X1.0933 Y-0.8406 I-2.2901 J-0.1506
X1.0502 Y-0.6715 I-1.0697 J-0.1826
X0.9893 Y-0.5465 I-0.5278 J-0.1801
X0.9385 Y-0.4954 I-0.1534 J-0.1015
X0.8715 Y-0.477 I-0.0677 J-0.1156
G1 X0.8339
G3 X0.8068 Y-0.49 I0.0013 J-0.0375
X0.7978 Y-0.5128 I0.0284 J-0.0245 F300.
G1 X0.7068 Y-2.4838
G3 X0.7159 Y-2.51 I0.0375 J-0.0017
X0.743 Y-2.523 I0.0284 J0.0245 F60.
G1 X0.7795
G3 X0.8514 Y-2.4992 I-0.0081 J0.1452
X0.9488 Y-2.411 I-0.1751 J0.2909
X1.0412 Y-2.252 I-0.5129 J0.4044
X1.1099 Y-2.028 I-1.0463 J0.4437
X1.1541 Y-1.6761 I-2.4026 J0.4802
X1.157 Y-1.0553 I-4.9417 J0.3341
X1.1306 Y-0.8351 I-2.2421 J-0.1574
X1.0958 Y-0.6944 I-1.1082 J-0.199
X1.0325 Y-0.5547 I-0.5851 J-0.1811
X0.99 Y-0.505 I-0.203 J-0.1306
X0.9092 Y-0.477 I-0.0813 J-0.1039
G1 X0.8715
G3 X0.8444 Y-0.49 I0.0013 J-0.0375
X0.8353 Y-0.5128 I0.0284 J-0.0245 F300.
G1 X0.7433 Y-2.4837
G3 X0.7524 Y-2.51 I0.0375 J-0.0017
X0.7795 Y-2.523 I0.0284 J0.0245 F60.
G1 X0.816
G3 X0.8881 Y-2.499 I-0.0085 J0.1461
X0.9864 Y-2.4098 I-0.1769 J0.2935
X1.0797 Y-2.2487 I-0.5188 J0.4082
X1.1488 Y-2.0231 I-1.0568 J0.4472
X1.1933 Y-1.6712 I-2.4168 J0.4841
X1.1955 Y-1.0504 I-4.7548 J0.3272
X1.168 Y-0.8304 I-2.2138 J-0.1651
X1.1327 Y-0.6911 I-1.098 J-0.2039
X1.0692 Y-0.5532 I-0.5782 J-0.1827
X1.03 Y-0.507 I-0.2053 J-0.1346
X0.9468 Y-0.477 I-0.0835 J-0.1013
G1 X0.9092
G3 X0.8821 Y-0.49 I0.0013 J-0.0375
X0.873 Y-0.5127 I0.0284 J-0.0245 F300.
G1 X0.7798 Y-2.4837
G3 X0.7889 Y-2.51 I0.0375 J-0.0018
X0.816 Y-2.523 I0.0284 J0.0245 F60.
G1 X0.852
G3 X0.9241 Y-2.4993 I-0.008 J0.1461
X1.0228 Y-2.4102 I-0.1762 J0.2945
X1.117 Y-2.2487 I-0.5198 J0.4113
X1.1867 Y-2.0234 I-1.0568 J0.4507
X1.2322 Y-1.6717 I-2.396 J0.4885
X1.2343 Y-1.0509 I-4.601 J0.3262
X1.2064 Y-0.8309 I-2.2137 J-0.1692
X1.1707 Y-0.691 I-1.1082 J-0.2082
X1.1068 Y-0.5529 I-0.5788 J-0.1839
X1.0648 Y-0.5045 I-0.1993 J-0.1306
X0.9846 Y-0.477 I-0.0807 J-0.1045
G1 X0.9468
G3 X0.9197 Y-0.49 I0.0013 J-0.0375
X0.9107 Y-0.5127 I0.0284 J-0.0245 F300.
G1 X0.8158 Y-2.4837
G3 X0.8249 Y-2.51 I0.0375 J-0.0018
X0.852 Y-2.523 I0.0284 J0.0245 F60.
G1 X0.8891
G3 X0.9615 Y-2.4988 I-0.009 J0.1476
X1.061 Y-2.4085 I-0.1793 J0.2974
X1.1561 Y-2.2446 I-0.5286 J0.416
X1.2263 Y-2.0159 I-1.0765 J0.4559
X1.2716 Y-1.6642 I-2.4289 J0.4915
X1.2725 Y-1.0434 I-4.448 J0.3169
X1.2433 Y-0.8236 I-2.1668 J-0.1766
X1.2071 Y-0.6861 I-1.0831 J-0.2114
X1.1434 Y-0.551 I-0.5676 J-0.1851
X1.1048 Y-0.5063 I-0.1987 J-0.1327
X1.0224 Y-0.477 I-0.0827 J-0.102
G1 X0.9846
G3 X0.9575 Y-0.49 I0.0013 J-0.0375
X0.9485 Y-0.5127 I0.0284 J-0.0245 F300.
G1 X0.8529 Y-2.4837
G3 X0.862 Y-2.51 I0.0375 J-0.0018
X0.8891 Y-2.523 I0.0284 J0.0245 F60.
G1 X0.9256
G3 X0.998 Y-2.4989 I-0.0089 J0.1479
X1.0872 Y-2.4216 I-0.1696 J0.2858
X1.1813 Y-2.2716 I-0.4834 J0.4078
X1.2549 Y-2.0576 I-0.9861 J0.4585
X1.3034 Y-1.7511 I-2.0565 J0.4826
X1.3112 Y-1.0419 I-4.3279 J0.402
X1.2813 Y-0.8222 I-2.1594 J-0.1815
X1.2447 Y-0.6848 I-1.0873 J-0.216
X1.1807 Y-0.5501 I-0.5649 J-0.186
X1.1423 Y-0.5061 I-0.1979 J-0.1336
X1.0602 Y-0.477 I-0.0825 J-0.1023
G1 X1.0224
G3 X0.9953 Y-0.49 I0.0013 J-0.0375
X0.9862 Y-0.5127 I0.0284 J-0.0245 F300.
G1 X0.8894 Y-2.4837
G3 X0.8985 Y-2.51 I0.0375 J-0.0018
X0.9256 Y-2.523 I0.0284 J0.0245 F60.
G1 X0.9621
G3 X1.0346 Y-2.499 I-0.0086 J0.148
X1.1241 Y-2.4218 I-0.1695 J0.2868
X1.2187 Y-2.2715 I-0.4848 J0.4104
X1.293 Y-2.057 I-0.9891 J0.4622
X1.3461 Y-1.7064 I-2.1563 J0.5059
X1.3499 Y-1.0415 I-4.2119 J0.3566
X1.3196 Y-0.8218 I-2.1482 J-0.1843
X1.2826 Y-0.6842 I-1.0899 J-0.2189
X1.2184 Y-0.5498 I-0.5642 J-0.187
X1.1801 Y-0.506 I-0.1969 J-0.1335
X1.0981 Y-0.477 I-0.0823 J-0.1025
G1 X1.0602
G3 X1.0331 Y-0.49 I0.0013 J-0.0375
X1.0241 Y-0.5126 I0.0284 J-0.0245 F300.
G1 X0.9259 Y-2.4836
G3 X0.935 Y-2.51 I0.0375 J-0.0019
X0.9621 Y-2.523 I0.0284 J0.0245 F60.
G1 X0.9981
G3 X1.0705 Y-2.4996 I-0.0075 J0.1473
X1.171 Y-2.4099 I-0.1769 J0.2993
X1.2549 Y-2.2743 I-0.4983 J0.4024
X1.3299 Y-2.0613 I-0.9881 J0.4672
X1.3845 Y-1.7109 I-2.1238 J0.5103
X1.389 Y-1.046 I-4.1191 J0.3604
X1.3589 Y-0.8263 I-2.1618 J-0.1841
X1.3216 Y-0.6867 I-1.1099 J-0.2213
X1.2569 Y-0.5505 I-0.572 J-0.1886
X1.2182 Y-0.5061 I-0.1996 J-0.1348
X1.1361 Y-0.477 I-0.0824 J-0.1023
G1 X1.0981
G3 X1.071 Y-0.49 I0.0013 J-0.0375
X1.062 Y-0.5126 I0.0284 J-0.0245 F300.
G1 X0.9619 Y-2.4836
G3 X0.971 Y-2.51 I0.0375 J-0.0019
X0.9981 Y-2.523 I0.0284 J0.0245 F60.
G1 X1.0352
G3 X1.1078 Y-2.4994 I-0.008 J0.1482
X1.2087 Y-2.4093 I-0.1783 J0.301
X1.2932 Y-2.2726 I-0.5021 J0.4053
X1.3689 Y-2.0574 I-0.9991 J0.4719
X1.4236 Y-1.707 I-2.1401 J0.5137
X1.4274 Y-1.0422 I-4.0272 J0.3554
X1.3965 Y-0.8226 I-2.1312 J-0.188
X1.3589 Y-0.6841 I-1.0938 J-0.2223
X1.294 Y-0.5493 I-0.5658 J-0.1891
X1.2558 Y-0.5058 I-0.1963 J-0.1339
X1.1741 Y-0.477 I-0.0821 J-0.1027
G1 X1.1361
G3 X1.109 Y-0.49 I0.0013 J-0.0375
X1.0999 Y-0.5126 I0.0284 J-0.0245 F300.
G1 X0.999 Y-2.4836
G3 X1.0081 Y-2.51 I0.0375 J-0.0019
X1.0352 Y-2.523 I0.0284 J0.0245 F60.
G1 X1.0717
G3 X1.1442 Y-2.4998 I-0.0073 J0.1478
X1.2454 Y-2.4099 I-0.177 J0.3013
X1.3303 Y-2.2736 I-0.5003 J0.4063
X1.4064 Y-2.0592 I-0.9945 J0.4738
X1.4622 Y-1.7091 I-2.1206 J0.5171
X1.4663 Y-1.0443 I-3.9486 J0.3567
X1.4262 Y-0.7834 I-1.9581 J-0.1671
G1 X1.4164 Y-0.746
X1.4069 Y-0.7138
X1.3974 Y-0.6852
G3 X1.3323 Y-0.5496 I-0.5666 J-0.1887
X1.2939 Y-0.5058 I-0.1969 J-0.134
X1.2121 Y-0.477 I-0.0821 J-0.1027
G1 X1.1741
G3 X1.147 Y-0.49 I0.0013 J-0.0375
X1.1379 Y-0.5126 I0.0284 J-0.0245 F300.
G1 X1.0355 Y-2.4835
G3 X1.0446 Y-2.51 I0.0374 J-0.0019
X1.0717 Y-2.523 I0.0284 J0.0245 F60.
G1 X1.1082
G3 X1.1812 Y-2.4998 I-0.0067 J0.148
X1.2825 Y-2.4101 I-0.1769 J0.3018
X1.3679 Y-2.2736 I-0.5016 J0.4087
X1.4447 Y-2.0584 I-0.9983 J0.4775
X1.501 Y-1.7083 I-2.1189 J0.5203
X1.5049 Y-1.0435 I-3.8751 J0.3552
X1.4643 Y-0.7825 I-1.9512 J-0.1696
G1 X1.4544 Y-0.7452
X1.445 Y-0.7133
X1.4354 Y-0.6846
G3 X1.3701 Y-0.5491 I-0.5656 J-0.1894
X1.3318 Y-0.5057 I-0.1958 J-0.1339
X1.2502 Y-0.477 I-0.0819 J-0.1028
G1 X1.2121
G3 X1.185 Y-0.49 I0.0013 J-0.0375
X1.176 Y-0.5125 I0.0284 J-0.0245 F300.
G1 X1.072 Y-2.4835
G3 X1.0811 Y-2.51 I0.0374 J-0.002
X1.1082 Y-2.523 I0.0284 J0.0245 F60.
G1 X1.146
G3 X1.2188 Y-2.4996 I-0.0077 J0.149
X1.3207 Y-2.4092 I-0.1785 J0.3037
X1.4067 Y-2.2714 I-0.5059 J0.4113
X1.4839 Y-2.0543 I-1.0079 J0.4808
X1.5402 Y-1.7042 I-2.1343 J0.5227
X1.5433 Y-1.0395 I-3.8057 J0.3503
X1.5018 Y-0.7788 I-1.9338 J-0.1741
G1 X1.4919 Y-0.7422
X1.4824 Y-0.7107
X1.4728 Y-0.682
G3 X1.4074 Y-0.548 I-0.5593 J-0.1899
X1.3698 Y-0.5056 I-0.1935 J-0.1337
X1.2903 Y-0.477 I-0.0819 J-0.1029
G1 X1.2502
G3 X1.2231 Y-0.49 I0.0013 J-0.0375
X1.2141 Y-0.5125 I0.0284 J-0.0245 F300.
G1 X1.1099 Y-2.4835
G3 X1.1189 Y-2.51 I0.0374 J-0.002
X1.146 Y-2.523 I0.0284 J0.0245 F60.
G1 X1.1841
G3 X1.2571 Y-2.499 I-0.0088 J0.1504
X1.3486 Y-2.4207 I-0.1719 J0.2934
X1.4466 Y-2.2666 I-0.4973 J0.4245
X1.524 Y-2.0467 I-1.0194 J0.4821
X1.5797 Y-1.6965 I-2.1648 J0.5238
X1.5813 Y-1.0318 I-3.7387 J0.3416
X1.5479 Y-0.8125 I-2.074 J-0.2036
G1 X1.5382 Y-0.7718
X1.5287 Y-0.7368
X1.5191 Y-0.7055
G3 X1.4511 Y-0.5561 I-0.6225 J-0.193
X1.4101 Y-0.5077 I-0.2065 J-0.1335
X1.338 Y-0.4789 I-0.0828 J-0.1026
X1.2903 Y-0.477 I-0.0536 J-0.769
X1.263 Y-0.4896 I0.0007 J-0.0375
X1.2536 Y-0.5125 I0.028 J-0.0249 F300.
G1 X1.1479 Y-2.4835
G3 X1.157 Y-2.51 I0.0374 J-0.002
X1.1841 Y-2.523 I0.0284 J0.0245 F60.
G1 X1.2206
G3 X1.2934 Y-2.4997 I-0.0076 J0.1493
X1.3848 Y-2.4222 I-0.1693 J0.2924
X1.4832 Y-2.269 I-0.4925 J0.4247
X1.561 Y-2.0512 I-1.0076 J0.4825
X1.618 Y-1.7013 I-2.1314 J0.5269
X1.6204 Y-1.0366 I-3.6876 J0.346
X1.5781 Y-0.7766 I-1.9206 J-0.1796
G1 X1.5679 Y-0.7396
X1.5581 Y-0.7077
X1.5485 Y-0.6796
G3 X1.4832 Y-0.5472 I-0.5524 J-0.1902
X1.4267 Y-0.4963 I-0.1291 J-0.0864
G1 X1.4097 Y-0.4897
X1.392 Y-0.4854
X1.3689 Y-0.4814
X1.3577 Y-0.4804
X1.338 Y-0.4789
G3 X1.3099 Y-0.4897 I-0.0016 J-0.0375
X1.2989 Y-0.5142 I0.0264 J-0.0266 F300.
G1 X1.1844 Y-2.4833
G3 X1.1935 Y-2.51 I0.0374 J-0.0022
X1.2206 Y-2.523 I0.0284 J0.0245 F60.
G1 X1.2584
G3 X1.3315 Y-2.4993 I-0.0084 J0.1505
X1.4235 Y-2.4209 I-0.1717 J0.2946
X1.5223 Y-2.2664 I-0.4992 J0.4282
X1.6005 Y-2.046 I-1.0227 J0.487
X1.6572 Y-1.696 I-2.153 J0.5285
X1.6586 Y-1.0313 I-3.6331 J0.34
X1.6247 Y-0.8121 I-2.0628 J-0.2069
G1 X1.6149 Y-0.7713
X1.6051 Y-0.7357
X1.5954 Y-0.7046
G3 X1.5284 Y-0.5578 I-0.6151 J-0.1921
X1.4831 Y-0.5145 I-0.1161 J-0.0762
G1 X1.4671 Y-0.5068
X1.4476 Y-0.4988
G3 X1.392 Y-0.4854 I-0.114 J-0.3502
X1.3631 Y-0.4936 I-0.0051 J-0.0371
X1.3495 Y-0.5201 I0.0238 J-0.0289 F300.
G1 X1.2223 Y-2.4831
G3 X1.2313 Y-2.51 I0.0374 J-0.0024
X1.2584 Y-2.523 I0.0284 J0.0245 F60.
G1 X1.2903
X1.2964 Y-2.5229
G3 X1.3698 Y-2.4988 I-0.0097 J0.1532
X1.4623 Y-2.4195 I-0.1745 J0.2972
X1.5619 Y-2.2628 I-0.5053 J0.4311
X1.6401 Y-2.0407 I-1.0334 J0.4888
X1.6965 Y-1.6906 I-2.1712 J0.5294
X1.6968 Y-1.026 I-3.5821 J0.3339
X1.662 Y-0.807 I-2.0402 J-0.2117
G1 X1.6521 Y-0.7667
X1.6423 Y-0.7317
X1.6326 Y-0.701
G3 X1.5869 Y-0.5927 I-0.6574 J-0.2138
G1 X1.5768 Y-0.5774
X1.5647 Y-0.5636
X1.5508 Y-0.5517
G3 X1.4671 Y-0.5066 I-0.2592 J-0.3812
G1 X1.4629 Y-0.5054
X1.4585 Y-0.5046
X1.4541 Y-0.5044
X1.4497 Y-0.5047
X1.4454 Y-0.5055
X1.4411 Y-0.5068
X1.4371 Y-0.5086
G3 X1.4168 Y-0.5389 I0.0171 J-0.0334 F300.
G1 X1.2598 Y-2.4824
G3 X1.2691 Y-2.5103 I0.0374 J-0.003
X1.2964 Y-2.5229 I0.028 J0.0249 F60.
X1.3414 Y-2.5209 I-0.0081 J0.6792
X1.426 Y-2.4864 I-0.0217 J0.1743
X1.5148 Y-2.4015 I-0.2143 J0.313
X1.6171 Y-2.2244 I-0.5805 J0.4536
X1.6915 Y-1.9852 I-1.1651 J0.4933
X1.7152 Y-1.8542 I-1.45 J0.3306
G1 Y-1.8472
Y-0.9723
G3 X1.7 Y-0.8195 I-0.9953 J-0.0217
X1.6618 Y-0.678 I-0.863 J-0.1566
G1 X1.6574 Y-0.6692
X1.6524 Y-0.6606
G3 X1.627 Y-0.6446 I-0.031 J-0.0211
X1.5846 Y-0.6888 I-0.0056 J-0.0371 F300.
G1 X1.6409 Y-0.9782
G3 X1.7022 Y-0.9994 I0.0368 J0.0072
X1.7152 Y-0.9723 I-0.0245 J0.0284 F60.
G1 Y-0.8825
X1.7145 Y-0.8713
X1.7129 Y-0.8488
X1.7102 Y-0.8151
G3 X1.6649 Y-0.6803 I-0.4221 J-0.0668
X1.6163 Y-0.6118 I-0.444 J-0.2635
G1 X1.6071 Y-0.6018
X1.5937 Y-0.5878
X1.5841 Y-0.5794
X1.5578 Y-0.5569
X1.5508 Y-0.5517
G3 X1.5213 Y-0.5459 I-0.0213 J-0.0308
X1.4922 Y-0.5788 I0.0082 J-0.0366 F300.
G1 X1.3024 Y-2.4797
G3 X1.3134 Y-2.51 I0.0373 J-0.0037
X1.3414 Y-2.5208 I0.0264 J0.0266 F60.
G1 X1.3577 Y-2.5196
X1.3689 Y-2.5186
X1.3976 Y-2.5137
G3 X1.4838 Y-2.47 I-0.0444 J0.1944
X1.5662 Y-2.3831 I-0.2552 J0.3248
X1.6571 Y-2.2199 I-0.6211 J0.4528
X1.7135 Y-2.0519 I-1.0222 J0.4371
G1 X1.7147 Y-2.041
X1.7152 Y-2.03
Y-1.8472
G3 X1.7022 Y-1.8201 I-0.0375 J-0.0013
X1.6435 Y-1.833 I-0.0245 J-0.0284 F300.
G1 X1.3584 Y-2.461
G3 X1.355 Y-2.4765 I0.0341 J-0.0155
X1.3687 Y-2.5055 I0.0375 J0.
X1.3976 Y-2.5137 I0.0238 J0.0289 F60.
X1.4476 Y-2.5012 I-0.0906 J0.4692
G1 X1.4799 Y-2.488
X1.4813 Y-2.4874
X1.4926 Y-2.4818
G3 X1.5864 Y-2.4025 I-0.1497 J0.2724
X1.6828 Y-2.2467 I-0.503 J0.419
G1 X1.6968 Y-2.2157
G3 X1.7121 Y-2.162 I-0.1476 J0.071
G1 X1.7129 Y-2.1512
X1.7145 Y-2.1287
X1.7152 Y-2.1175
Y-2.03
G3 X1.7022 Y-2.0029 I-0.0375 J-0.0013
X1.6439 Y-2.015 I-0.0245 J-0.0284 F300.
G1 X1.4432 Y-2.4314
G3 X1.4625 Y-2.4823 I0.0338 J-0.0163
X1.4926 Y-2.4818 I0.0144 J0.0346 F60.
X1.5579 Y-2.4432 I-0.1751 J0.3709
G1 X1.5841 Y-2.4206
G3 X1.6274 Y-2.3748 I-0.238 J0.2677
X1.6646 Y-2.3196 I-0.387 J0.3012
X1.6899 Y-2.2634 I-0.2777 J0.159
X1.7103 Y-2.1849 I-0.4508 J0.1591
G1 X1.712 Y-2.162
Y-2.1604 Z0.1844
X1.7115 Y-2.1567 Z0.1848
X1.711 Y-2.1531 Z0.1856
X1.7105 Y-2.1497 Z0.1869
X1.7092 Y-2.147 Z0.1885
X1.708 Y-2.1444 Z0.1903
X1.7069 Y-2.142 Z0.1925
X1.706 Y-2.1399 Z0.1949
X1.7045 Y-2.1381 Z0.1978
X1.7033 Y-2.1367 Z0.201
X1.7024 Y-2.1355 Z0.2044
X1.7017 Y-2.1346 Z0.2079
X1.7013 Y-2.1341 Z0.2115
X1.7012 Y-2.134 Z0.2152
G0 Z1.64
X4.0826 Y-1.0424
Z0.5205
G1 Z0.483 F60.
X4.0825 Y-1.0427 Z0.4785
X4.0822 Y-1.0434 Z0.474
X4.0817 Y-1.0447 Z0.4697
X4.081 Y-1.0464 Z0.4656
X4.0801 Y-1.0486 Z0.4617
X4.0791 Y-1.0512 Z0.4582
X4.0779 Y-1.0541 Z0.455
X4.0765 Y-1.0574 Z0.4522
X4.0751 Y-1.061 Z0.4498
X4.0735 Y-1.0648 Z0.448
X4.0719 Y-1.0688 Z0.4466
X4.0702 Y-1.073 Z0.4458
X4.0685 Y-1.0772 Z0.4455
G3 X4.0118 Y-1.2755 I0.8867 J-0.3609
X3.9976 Y-1.399 I3.6406 J-0.4794
Y-1.601 I0.5765 J-0.1011
X4.0117 Y-1.7246 I3.4165 J0.328
G1 X4.0129 Y-1.728 Z0.4457
X4.014 Y-1.7315 Z0.4464
X4.0151 Y-1.7348 Z0.4475
X4.0173 Y-1.738 Z0.4493
X4.0194 Y-1.741 Z0.4516
X4.0213 Y-1.7437 Z0.4544
X4.0233 Y-1.7455 Z0.4574
X4.0251 Y-1.7469 Z0.4608
X4.0265 Y-1.7481 Z0.4645
X4.0275 Y-1.7489 Z0.4684
X4.0281 Y-1.7495 Z0.4724
X4.0283 Y-1.7496 Z0.4764
G0 Z1.64
X1.2377 Y-2.5035
Z0.5705
G1 Z0.533 F60.
X1.2379 Z0.5285
X1.2387 Y-2.5037 Z0.524
X1.2401 Y-2.5038 Z0.5197
X1.2419 Y-2.5041 Z0.5156
X1.2442 Y-2.5045 Z0.5117
X1.247 Y-2.5049 Z0.5081
X1.2502 Y-2.5054 Z0.5049
X1.2537 Y-2.5059 Z0.5022
X1.2575 Y-2.5065 Z0.4998
X1.2616 Y-2.5071 Z0.4979
X1.2659 Y-2.5077 Z0.4966
X1.2703 Y-2.5084 Z0.4958
X1.2748 Y-2.509 Z0.4955
G3 X1.4799 Y-2.488 I0.0615 J0.411
G1 X1.4813 Y-2.4874
X1.4926 Y-2.4818
G3 X1.5109 Y-2.458 I-0.018 J0.0329
G1 X1.512 Y-2.4536 Z0.4958
X1.5131 Y-2.4493 Z0.4966
X1.5141 Y-2.4451 Z0.4979
X1.5152 Y-2.4411 Z0.4998
X1.5161 Y-2.4373 Z0.5022
X1.517 Y-2.4339 Z0.5049
X1.5177 Y-2.4308 Z0.5081
X1.5184 Y-2.4281 Z0.5117
X1.519 Y-2.4258 Z0.5156
X1.5194 Y-2.424 Z0.5197
X1.5198 Y-2.4227 Z0.524
X1.52 Y-2.4219 Z0.5285
Y-2.4216 Z0.533
G0 Z1.64
X4.2555 Y-0.607
Z0.5705
G1 Z0.533 F60.
X4.2554 Y-0.6072 Z0.5285
X4.2549 Y-0.6079 Z0.524
X4.2541 Y-0.609 Z0.5197
X4.253 Y-0.6105 Z0.5156
X4.2516 Y-0.6123 Z0.5117
X4.2499 Y-0.6146 Z0.5081
X4.248 Y-0.6172 Z0.5049
X4.2459 Y-0.62 Z0.5022
X4.2436 Y-0.6231 Z0.4998
X4.2411 Y-0.6264 Z0.4979
X4.2385 Y-0.6299 Z0.4966
X4.2359 Y-0.6335 Z0.4958
X4.2332 Y-0.6371 Z0.4955
G3 X4.129 Y-0.8151 I0.7693 J-0.5698
X4.0778 Y-0.9611 I1.4404 J-0.5869
G1 X4.0773 Y-0.964
X4.0769 Y-0.9669
G2 X4.0736 Y-0.9917 I-0.3047 J0.0285
G1 X4.0733 Y-0.9933 F300.
X4.0726 Y-0.9964
X4.0609 Y-1.0397
X4.0606 Y-1.0407
X4.0603 Y-1.0417
X4.0599 Y-1.0426
X4.0592 Y-1.0447
G2 X4.0498 Y-1.0673 I-0.287 J0.1063 F60.
G1 X4.0485 Y-1.0703
X4.0476 Y-1.0734
G2 X4.0156 Y-1.1632 I-0.314 J0.0612
G3 X3.9826 Y-1.2643 I0.4013 J-0.1869
X3.9557 Y-1.4395 I1.1684 J-0.2688
X3.9571 Y-1.5636 I0.905 J-0.0516
X3.9754 Y-1.7448 I2.6372 J0.1748
G1 X3.9783 Y-1.7589
X3.9826 Y-1.7725
X3.9885 Y-1.7856
G2 X4.0267 Y-1.8592 I-2.2672 J-1.224
X4.0476 Y-1.9266 I-0.3211 J-0.1363
G1 X4.0484 Y-1.9295
X4.0495 Y-1.9322
G2 X4.0589 Y-1.9554 I-0.3018 J-0.135
G1 X4.0602 Y-1.959 F300.
X4.0609 Y-1.9615
X4.0715 Y-2.0008
X4.0717 Y-2.0016
X4.0719 Y-2.0025
X4.0721 Y-2.0033
X4.0724 Y-2.005
X4.0727 Y-2.0066
G2 X4.0764 Y-2.0319 I-0.325 J-0.0606 F60.
G1 X4.0768 Y-2.0345
X4.0774 Y-2.0371
G3 X4.129 Y-2.1849 I1.4652 J0.4286
G1 X4.131 Y-2.1888
X4.1335 Y-2.1924
X4.1364 Y-2.1958
X4.1397 Y-2.1987
X4.1433 Y-2.2013
X4.1472 Y-2.2034
X4.1513 Y-2.2051
G3 X4.2005 Y-2.1652 I0.012 J0.0355 F300.
G1 X4.0852 Y-1.1776
G3 X4.0397 Y-1.1454 I-0.0372 J-0.0043
X4.0155 Y-1.1632 I0.0083 J-0.0366 F60.
G1 X3.9975 Y-1.1969
X3.9802 Y-1.2305
X3.9762 Y-1.2401
X3.9486 Y-1.3204
G3 X3.9343 Y-1.3765 I0.2474 J-0.0928
G1 X3.9293 Y-1.4102
G3 X3.9223 Y-1.5005 I1.071 J-0.1287
G1 X3.9227 Y-1.5049
X3.9236 Y-1.5092
X3.9251 Y-1.5134
X3.927 Y-1.5174
X3.9293 Y-1.5211
X3.9321 Y-1.5245
X3.9353 Y-1.5276
G3 X3.9972 Y-1.5021 I0.0245 J0.0284 F300.
G1 X4.0035 Y-1.4199
G3 X3.9461 Y-1.3853 I-0.0374 J0.0029
X3.9293 Y-1.4102 I0.0201 J-0.0317 F60.
X3.9227 Y-1.5224 I0.5001 J-0.0855
G1 X3.9235 Y-1.5449
X3.9243 Y-1.5561
X3.9343 Y-1.6235
G3 X3.9425 Y-1.6619 I0.3713 J0.0599
G1 X3.9762 Y-1.7599
X3.9802 Y-1.7695
X3.9885 Y-1.7856
X3.9907 Y-1.7885 Z0.4957
X3.9929 Y-1.7914 Z0.4964
X3.995 Y-1.7941 Z0.4975
X3.9982 Y-1.7964 Z0.4993
X4.0011 Y-1.7986 Z0.5016
X4.0038 Y-1.8005 Z0.5044
X4.0063 Y-1.8014 Z0.5074
X4.0085 Y-1.8022 Z0.5108
X4.0102 Y-1.8029 Z0.5145
X4.0114 Y-1.8033 Z0.5183
X4.0122 Y-1.8036 Z0.5223
X4.0124 Y-1.8037 Z0.5264
G0 Z1.64
X1.2377 Y-2.5035
Z0.6886
G1 Z0.6511 F60.
X1.2379 Z0.6466
X1.2387 Y-2.5037 Z0.6421
X1.2401 Y-2.5038 Z0.6378
X1.2419 Y-2.5041 Z0.6337
X1.2442 Y-2.5045 Z0.6298
X1.247 Y-2.5049 Z0.6263
X1.2502 Y-2.5054 Z0.6231
X1.2537 Y-2.5059 Z0.6203
X1.2575 Y-2.5065 Z0.6179
X1.2616 Y-2.5071 Z0.6161
X1.2659 Y-2.5077 Z0.6147
X1.2703 Y-2.5084 Z0.6139
X1.2748 Y-2.509 Z0.6136
G3 X1.4799 Y-2.488 I0.0615 J0.411
X1.5579 Y-2.4432 I-0.1972 J0.4337
G1 X1.561 Y-2.44
X1.5637 Y-2.4365
X1.5659 Y-2.4327
X1.5677 Y-2.4286
X1.569 Y-2.4244
X1.5697 Y-2.42
X1.57 Y-2.4156
Y-2.4148 F300.
X1.54 Y-0.5651
X1.5398 Y-0.5624
X1.5395 Y-0.5597
G3 X1.5232 Y-0.5344 I-0.037 J-0.006 F60.
X1.4364 Y-0.4952 I-0.219 J-0.3683
G1 X1.4129 Y-0.4895
X1.4026 Y-0.4872
X1.3914 Y-0.4853
G3 X1.3625 Y-0.4935 I-0.0051 J-0.0372
G1 X1.359 Y-0.4964 Z0.6139
X1.3556 Y-0.4992 Z0.6147
X1.3522 Y-0.5019 Z0.6161
X1.349 Y-0.5046 Z0.6179
X1.3461 Y-0.507 Z0.6203
X1.3433 Y-0.5093 Z0.6231
X1.3408 Y-0.5113 Z0.6263
X1.3387 Y-0.5131 Z0.6298
X1.3369 Y-0.5146 Z0.6337
X1.3354 Y-0.5158 Z0.6378
X1.3344 Y-0.5166 Z0.6421
X1.3338 Y-0.5172 Z0.6466
X1.3336 Y-0.5173 Z0.6511
G0 Z1.64
X4.3185 Y-0.5052
Z0.6886
G1 Z0.6511 F60.
X4.3183 Y-0.5054 Z0.6466
X4.3178 Y-0.506 Z0.6421
X4.3169 Y-0.507 Z0.6378
X4.3157 Y-0.5084 Z0.6337
X4.3142 Y-0.5102 Z0.6298
X4.3124 Y-0.5123 Z0.6263
X4.3103 Y-0.5148 Z0.6231
X4.308 Y-0.5175 Z0.6203
X4.3055 Y-0.5204 Z0.6179
X4.3028 Y-0.5236 Z0.6161
X4.3 Y-0.5268 Z0.6147
X4.2971 Y-0.5302 Z0.6139
X4.2941 Y-0.5337 Z0.6136
G3 X4.1777 Y-0.7039 I0.7273 J-0.6226
X4.1289 Y-0.8152 I1.3366 J-0.6513
G2 X4.0965 Y-0.8678 I-0.2075 J0.0918
G3 X4.0453 Y-0.9662 I0.3282 J-0.2333
G1 X4.0297 Y-1.0078
X4.0154 Y-1.0498
X3.9989 Y-1.091
X3.964 Y-1.1702
G3 X3.918 Y-1.2955 I1.1546 J-0.4946
X3.8885 Y-1.5111 I0.7025 J-0.2058
X3.9199 Y-1.702 I0.6912 J0.0155
X3.9671 Y-1.8236 I0.9669 J0.3053
G2 X4.0219 Y-1.9924 I-2.4478 J-0.8885
G1 X4.035 Y-2.0348
X4.0419 Y-2.0562
G3 X4.0769 Y-2.1112 I0.1236 J0.04
G2 X4.1264 Y-2.1798 I-0.1525 J-0.1619
G1 X4.1278 Y-2.1824
X4.1295 Y-2.1848
X4.1338 Y-2.1911
X4.1352 Y-2.1935
X4.1364 Y-2.1961
X4.1382 Y-2.2004
X4.1423 Y-2.2099
X4.1433 Y-2.2126
X4.1441 Y-2.2153
X4.145 Y-2.219
X4.1457 Y-2.2227
X4.1464 Y-2.2263
X4.1476 Y-2.2298
G3 X4.1726 Y-2.2859 I0.843 J0.3424
G1 X4.1749 Y-2.2897
X4.1777 Y-2.2932
X4.1808 Y-2.2963
X4.1843 Y-2.299
X4.1881 Y-2.3013
X4.1921 Y-2.3031
X4.1963 Y-2.3045
G3 X4.2431 Y-2.266 I0.0094 J0.0363 F300.
G1 X4.1624 Y-0.8899
G3 X4.1235 Y-0.8546 I-0.0374 J-0.0022
X4.0965 Y-0.8678 I0.0015 J-0.0375 F60.
G2 X4.0661 Y-0.8989 I-0.2094 J0.1738
G3 X4.0225 Y-0.9588 I0.1816 J-0.1781
X3.9036 Y-1.2205 I1.727 J-0.9422
X3.8545 Y-1.4697 I0.8006 J-0.2873
X3.9036 Y-1.762 I0.7725 J-0.0206
G2 X3.9815 Y-1.9978 I-6.4376 J-2.2573
G1 X3.9886 Y-2.0151
X3.9981 Y-2.0312
X4.0097 Y-2.0458
X4.0477 Y-2.0838
X4.0597 Y-2.0951
X4.0769 Y-2.1112
G3 X4.1056 Y-2.1201 I0.0246 J0.0283
X4.139 Y-2.0825 I-0.0041 J0.0373 F300.
G1 X4.1283 Y-0.9268
G3 X4.0948 Y-0.8899 I-0.0375 J-0.0004
X4.0662 Y-0.8989 I-0.0041 J-0.0373 F60.
G1 X4.0549 Y-0.9094
X4.0477 Y-0.9162
X4.01 Y-0.9539
G3 X3.9246 Y-1.0823 I0.4381 J-0.3837
X3.8216 Y-1.433 I0.8199 J-0.4311
X3.8503 Y-1.711 I0.8204 J-0.056
X3.9135 Y-1.9156 I4.8185 J1.3763
G1 X3.9186 Y-1.9292
X3.9252 Y-1.9422
X3.9333 Y-1.9543
G3 X4.0097 Y-2.0458 I0.7866 J0.5792
G1 X4.013 Y-2.0488
X4.0166 Y-2.0513
X4.0205 Y-2.0534
X4.0246 Y-2.055
X4.0289 Y-2.0562
X4.0332 Y-2.0568
X4.0376 Y-2.0569
G3 X4.0739 Y-2.0194 I-0.0013 J0.0375 F300.
G1 X4.073 Y-0.9813
G3 X4.0383 Y-0.9439 I-0.0375 J0.
X4.01 Y-0.9539 I-0.0028 J-0.0374 F60.
X3.9463 Y-1.0285 I0.7357 J-0.6927
G1 X3.8976 Y-1.0933
X3.8959 Y-1.0958
X3.8751 Y-1.1298
X3.8639 Y-1.1508
G3 X3.7856 Y-1.5023 I0.6714 J-0.3339
X3.8068 Y-1.6831 I0.8377 J0.0065
X3.8386 Y-1.802 I0.9784 J0.1977
G1 X3.843 Y-1.8101
X3.8693 Y-1.8593
X3.8753 Y-1.8705
X3.8959 Y-1.9042
X3.8976 Y-1.9067
X3.9333 Y-1.9543
G3 X3.9599 Y-1.9681 I0.0292 J0.0235
X3.9998 Y-1.9275 I0.0025 J0.0374 F300.
G1 X3.9337 Y-1.1664
G3 X3.8881 Y-1.133 I-0.0374 J-0.0032
X3.8639 Y-1.1508 I0.0082 J-0.0366 F60.
G1 X3.8392 Y-1.1969
X3.822 Y-1.2305
X3.8189 Y-1.2375
X3.7964 Y-1.3029
X3.7852 Y-1.3361
X3.7833 Y-1.3428
G3 X3.7655 Y-1.4551 I0.8443 J-0.1915
X3.7663 Y-1.5561 I0.8175 J-0.044
G1 X3.7696 Y-1.5786
X3.7762 Y-1.6235
X3.7833 Y-1.6572
X3.7852 Y-1.6639
X3.7964 Y-1.6971
X3.8189 Y-1.7625
X3.822 Y-1.7695
X3.8392 Y-1.8031
X3.843 Y-1.8101
X3.8452 Y-1.8129 Z0.6138
X3.8475 Y-1.8158 Z0.6145
X3.8497 Y-1.8185 Z0.6156
X3.8529 Y-1.8208 Z0.6174
X3.8558 Y-1.8229 Z0.6197
X3.8585 Y-1.8247 Z0.6225
X3.8611 Y-1.8256 Z0.6255
X3.8632 Y-1.8264 Z0.6289
X3.8649 Y-1.827 Z0.6326
X3.8662 Y-1.8275 Z0.6364
X3.8669 Y-1.8277 Z0.6405
X3.8672 Y-1.8278 Z0.6445
G0 Z1.64
X1.1515 Y-2.4775
Z0.7517
G1 Z0.7142 F60.
X1.1518 Y-2.4776 Z0.7096
X1.1525 Y-2.4779 Z0.7052
X1.1538 Y-2.4784 Z0.7009
X1.1555 Y-2.4791 Z0.6967
X1.1577 Y-2.4799 Z0.6929
X1.1603 Y-2.4809 Z0.6893
X1.1633 Y-2.4821 Z0.6861
X1.1666 Y-2.4833 Z0.6833
X1.1703 Y-2.4847 Z0.681
X1.1741 Y-2.4862 Z0.6791
X1.1781 Y-2.4878 Z0.6778
X1.1823 Y-2.4894 Z0.6769
X1.1865 Y-2.491 Z0.6767
G3 X1.3914 Y-2.5147 I0.1488 J0.388
X1.4476 Y-2.5013 I-0.0637 J0.3897
X1.5579 Y-2.4432 I-0.1644 J0.4462
G1 X1.561 Y-2.44
X1.5637 Y-2.4365
X1.5659 Y-2.4327
X1.5677 Y-2.4286
X1.569 Y-2.4244
X1.5697 Y-2.42
X1.57 Y-2.4156
Y-0.5844 F300.
G3 X1.5578 Y-0.5569 I-0.0375 J-0.0002 F60.
X1.4364 Y-0.4951 I-0.2623 J-0.3652
G1 X1.4129 Y-0.4895
X1.4026 Y-0.4872
X1.3914 Y-0.4853
G3 X1.3625 Y-0.4935 I-0.0051 J-0.0372
G1 X1.359 Y-0.4964 Z0.6769
X1.3556 Y-0.4992 Z0.6778
X1.3522 Y-0.5019 Z0.6791
X1.349 Y-0.5046 Z0.681
X1.3461 Y-0.507 Z0.6833
X1.3433 Y-0.5093 Z0.6861
X1.3408 Y-0.5113 Z0.6893
X1.3387 Y-0.5131 Z0.6929
X1.3369 Y-0.5146 Z0.6967
X1.3354 Y-0.5158 Z0.7009
X1.3344 Y-0.5166 Z0.7052
X1.3338 Y-0.5172 Z0.7096
X1.3336 Y-0.5173 Z0.7142
G0 Z1.64
X4.3899 Y-0.4017
Z0.7517
G1 Z0.7142 F60.
X4.3897 Y-0.4019 Z0.7096
X4.3891 Y-0.4025 Z0.7052
X4.3882 Y-0.4034 Z0.7009
X4.3869 Y-0.4048 Z0.6967
X4.3852 Y-0.4064 Z0.6929
X4.3833 Y-0.4084 Z0.6893
X4.381 Y-0.4107 Z0.6861
X4.3785 Y-0.4133 Z0.6833
X4.3758 Y-0.416 Z0.681
X4.3729 Y-0.419 Z0.6791
X4.3699 Y-0.4221 Z0.6778
X4.3668 Y-0.4253 Z0.6769
X4.3636 Y-0.4285 Z0.6767
G3 X4.2361 Y-0.5906 I0.6842 J-0.6696
X4.2059 Y-0.6467 I0.8958 J-0.517
G1 X4.2048 Y-0.6494
X4.204 Y-0.6523
X4.2003 Y-0.6636
X4.1987 Y-0.6672
X4.1947 Y-0.6754
X4.1937 Y-0.6775 F300.
X4.1895 Y-0.686 F60.
X4.1875 Y-0.6894
X4.1807 Y-0.6992
X4.1791 Y-0.7015
X4.1776 Y-0.7039
G2 X4.1326 Y-0.7717 I-0.2231 J0.0992
X4.0087 Y-0.8988 I-9.784 J9.4129
G3 X3.8861 Y-1.0467 I1.0156 J-0.967
X3.8058 Y-1.1831 I0.8545 J-0.5952
X3.7449 Y-1.3607 I0.7063 J-0.3416
X3.7627 Y-1.705 I0.668 J-0.1379
X3.8993 Y-1.9691 I0.8442 J0.2691
X3.998 Y-2.0858 I0.8514 J0.6197
G1 X4.0268 Y-2.1196
X4.0524 Y-2.1558
X4.0618 Y-2.1677
X4.0723 Y-2.1786
X4.0838 Y-2.1885
X4.0886 Y-2.1922
X4.1111 Y-2.2092
G2 X4.1724 Y-2.286 I-0.1293 J-0.1662
G1 X4.1756 Y-2.2921
X4.1771 Y-2.2946
X4.1788 Y-2.297
X4.1846 Y-2.3051
X4.1867 Y-2.3088
X4.1896 Y-2.3147
X4.1943 Y-2.3242
X4.196 Y-2.328
G2 X4.199 Y-2.3375 I-0.1074 J-0.039
G1 X4.1999 Y-2.3405
X4.201 Y-2.3433
G3 X4.2298 Y-2.3982 I0.8504 J0.4108
X4.2543 Y-2.4156 I0.0321 J0.0194
X4.2993 Y-2.3764 I0.0076 J0.0367 F300.
G1 X4.1949 Y-0.7972
G3 X4.1611 Y-0.7624 I-0.0374 J-0.0025
X4.1326 Y-0.7717 I-0.0037 J-0.0373 F60.
G1 X4.1223 Y-0.7814
X4.1111 Y-0.7908
X4.0886 Y-0.8078
X4.0774 Y-0.8165
X4.0657 Y-0.8264
X3.9871 Y-0.8937
G3 X3.8889 Y-0.9947 I0.8581 J-0.9327
X3.8535 Y-1.0397 I0.3698 J-0.327
X3.7895 Y-1.1406 I0.876 J-0.6266
X3.7005 Y-1.5724 I0.6534 J-0.3598
X3.8269 Y-1.9252 I0.8286 J0.0978
G1 X3.8639 Y-1.9743
X3.8751 Y-1.9891
G3 X3.9875 Y-2.1066 I0.9349 J0.7818
G1 X4.0662 Y-2.1741
X4.0774 Y-2.1835
X4.0838 Y-2.1885
G3 X4.1132 Y-2.1948 I0.0219 J0.0304
X4.1425 Y-2.1506 I-0.0075 J0.0368 F300.
G1 X3.9193 Y-1.0557
G3 X3.8801 Y-1.0258 I-0.0367 J-0.0075
X3.8534 Y-1.0397 I0.0025 J-0.0374 F60.
G1 X3.8189 Y-1.0856
X3.8114 Y-1.0958
X3.8077 Y-1.1014
X3.7908 Y-1.1295
G3 X3.7372 Y-1.2305 I3.7653 J-2.0629
X3.6989 Y-1.3428 I2.607 J-0.9529
X3.6812 Y-1.4551 I0.9033 J-0.1997
X3.6821 Y-1.5561 I0.8304 J-0.0436
G1 X3.6869 Y-1.5898
X3.6919 Y-1.6235
X3.6991 Y-1.6572
G3 X3.7374 Y-1.7695 I1.7747 J0.543
X3.7909 Y-1.8705 I2.8136 J1.4248
X3.827 Y-1.9251 I0.3146 J0.1692
G1 X3.8297 Y-1.9276 Z0.6769
X3.8324 Y-1.9301 Z0.6776
X3.8349 Y-1.9325 Z0.6786
X3.8384 Y-1.9342 Z0.6804
X3.8417 Y-1.9358 Z0.6827
X3.8446 Y-1.9373 Z0.6855
X3.8473 Y-1.9378 Z0.6886
X3.8495 Y-1.9382 Z0.692
X3.8513 Y-1.9386 Z0.6956
X3.8526 Y-1.9388 Z0.6995
X3.8534 Y-1.939 Z0.7035
X3.8537 Z0.7076
G0 Z1.64
X1.2377 Y-2.5035
Z0.8567
G1 Z0.8192 F60.
X1.2379 Z0.8147
X1.2387 Y-2.5037 Z0.8103
X1.2401 Y-2.5038 Z0.806
X1.2419 Y-2.5041 Z0.8018
X1.2442 Y-2.5045 Z0.7979
X1.247 Y-2.5049 Z0.7944
X1.2502 Y-2.5054 Z0.7912
X1.2537 Y-2.5059 Z0.7884
X1.2575 Y-2.5065 Z0.786
X1.2616 Y-2.5071 Z0.7842
X1.2659 Y-2.5077 Z0.7828
X1.2703 Y-2.5084 Z0.782
X1.2748 Y-2.509 Z0.7817
G3 X1.4799 Y-2.488 I0.0615 J0.411
X1.5579 Y-2.4432 I-0.1972 J0.4337
G1 X1.561 Y-2.44
X1.5637 Y-2.4365
X1.5659 Y-2.4327
X1.5677 Y-2.4286
X1.569 Y-2.4244
X1.5697 Y-2.42
X1.57 Y-2.4156
Y-2.4148 F300.
X1.54 Y-0.5651
X1.5398 Y-0.5624
X1.5395 Y-0.5597
G3 X1.5232 Y-0.5344 I-0.037 J-0.006 F60.
X1.4364 Y-0.4952 I-0.219 J-0.3683
X1.3577 Y-0.4803 I-0.1338 J-0.492
G1 X1.3533 Y-0.4804
X1.3489 Y-0.481
X1.3446 Y-0.4821
X1.3405 Y-0.4837
X1.3366 Y-0.4858
X1.333 Y-0.4883
X1.3297 Y-0.4913
X1.3264 Y-0.4945 Z0.782
X1.3233 Y-0.4976 Z0.7828
X1.3202 Y-0.5006 Z0.7842
X1.3173 Y-0.5035 Z0.786
X1.3145 Y-0.5063 Z0.7884
X1.312 Y-0.5088 Z0.7912
X1.3097 Y-0.511 Z0.7944
X1.3077 Y-0.513 Z0.7979
X1.3061 Y-0.5146 Z0.8018
X1.3048 Y-0.516 Z0.806
X1.3038 Y-0.5169 Z0.8103
X1.3032 Y-0.5175 Z0.8147
X1.303 Y-0.5177 Z0.8192
G0 Z1.64
X4.4913 Y-0.2853
Z0.8567
G1 Z0.8192 F60.
X4.4911 Y-0.2854 Z0.8147
X4.4905 Y-0.286 Z0.8103
X4.4894 Y-0.2868 Z0.806
X4.488 Y-0.288 Z0.8018
X4.4862 Y-0.2895 Z0.7979
X4.4841 Y-0.2913 Z0.7944
X4.4816 Y-0.2933 Z0.7912
X4.4789 Y-0.2956 Z0.7884
X4.4759 Y-0.2981 Z0.786
X4.4727 Y-0.3007 Z0.7842
X4.4694 Y-0.3035 Z0.7828
X4.466 Y-0.3064 Z0.782
X4.4625 Y-0.3092 Z0.7817
G3 X4.319 Y-0.4574 I0.6119 J-0.7363
G1 X4.312 Y-0.4671
X4.3047 Y-0.4783
X4.3033 Y-0.4809
X4.3021 Y-0.4836
G2 X4.292 Y-0.5065 I-0.333 J0.1332
G1 X4.2892 Y-0.5121 F300.
X4.2877 Y-0.5147
X4.2608 Y-0.5588
X4.2602 Y-0.5597
X4.2597 Y-0.5605
X4.2591 Y-0.5613
X4.2572 Y-0.5639
X4.2553 Y-0.5664
G2 X4.2396 Y-0.5858 I-0.2863 J0.2161 F60.
G1 X4.2377 Y-0.5881
X4.2361 Y-0.5906
G2 X4.1978 Y-0.6399 I-0.1886 J0.1068
G1 X4.1897 Y-0.6481
G2 X4.0634 Y-0.7726 I-1.0169 J0.905
G1 X3.9972 Y-0.8317
G3 X3.8286 Y-1.0107 I0.9113 J-1.0275
X3.716 Y-1.1944 I0.7827 J-0.606
X3.6518 Y-1.413 I0.6817 J-0.3191
X3.6755 Y-1.6956 I0.6792 J-0.0853
X3.7838 Y-1.9248 I0.8156 J0.2453
X3.9493 Y-2.1207 I0.8986 J0.5911
G1 X3.9818 Y-2.1509
X4.015 Y-2.1803
X4.0482 Y-2.2098
X4.0781 Y-2.2426
X4.1052 Y-2.2777
X4.114 Y-2.2908
G3 X4.1561 Y-2.3288 I0.0987 J0.0668
G2 X4.2078 Y-2.3704 I-0.1068 J-0.1858
G1 X4.2111 Y-2.3733
X4.2147 Y-2.3759
X4.2186 Y-2.378
X4.2227 Y-2.3796
X4.2269 Y-2.3807
X4.2313 Y-2.3814
X4.2357 Y-2.3815
G3 X4.2718 Y-2.3437 I-0.0014 J0.0375 F300.
G1 X4.2598 Y-0.6679
G3 X4.2265 Y-0.6309 I-0.0375 J-0.0003
X4.1978 Y-0.6398 I-0.0042 J-0.0373 F60.
G2 X4.139 Y-0.6804 I-0.1559 J0.1633
G3 X3.8634 Y-0.9119 I0.6769 J-1.0852
X3.686 Y-1.1744 I0.7802 J-0.7186
X3.6126 Y-1.4748 I0.7098 J-0.3325
X3.6771 Y-1.8007 I0.7625 J-0.0185
X3.8369 Y-2.0551 I0.8992 J0.3874
X3.9577 Y-2.1798 I1.043 J0.8897
G1 X3.9893 Y-2.211
X4.0039 Y-2.227
X4.011 Y-2.2341
X4.0187 Y-2.2407
X4.0268 Y-2.2467
G3 X4.1336 Y-2.3165 I0.9572 J1.3475
G1 X4.139 Y-2.3196
X4.1561 Y-2.3288
G3 X4.1861 Y-2.3303 I0.0167 J0.0336
X4.2102 Y-2.2948 I-0.0134 J0.035 F300.
G1 X4.1932 Y-0.7136
G3 X4.169 Y-0.679 I-0.0375 J-0.0004
X4.139 Y-0.6804 I-0.0134 J-0.035 F60.
X4.0846 Y-0.7141 I0.5085 J-0.8819
G1 X3.9853 Y-0.7814
G3 X3.8976 Y-0.8498 I0.4129 J-0.6196
G1 X3.8526 Y-0.8883
X3.8465 Y-0.8937
X3.8231 Y-0.9162
G3 X3.5819 Y-1.4182 I0.6023 J-0.5983
X3.6452 Y-1.8149 I0.7978 J-0.0762
X3.7723 Y-2.0324 I0.8849 J0.3713
X3.8526 Y-2.1117 I1.1633 J1.097
X3.9425 Y-2.1879 I1.801 J2.0337
X4.0268 Y-2.2467 I1.0764 J1.4548
G1 X4.0307 Y-2.2488
X4.0347 Y-2.2505
X4.039 Y-2.2516
X4.0434 Y-2.2523
X4.0478 Y-2.2524
X4.0522 Y-2.252
X4.0565 Y-2.2511
G3 X4.0842 Y-2.215 I-0.0098 J0.0362 F300.
G1 Y-2.2149
X4.0841 Y-2.212
X4.0838 Y-2.2091
X3.8851 Y-0.9384
G3 X3.8517 Y-0.9068 I-0.0371 J-0.0058
X3.8231 Y-0.9162 I-0.0036 J-0.0373 F60.
X3.7211 Y-1.0284 I0.6744 J-0.7151
G1 X3.679 Y-1.0846
X3.6728 Y-1.0931
X3.671 Y-1.0958
X3.65 Y-1.1295
X3.644 Y-1.1407
X3.6079 Y-1.2081
X3.6054 Y-1.213
X3.5971 Y-1.2305
X3.5941 Y-1.2374
X3.5829 Y-1.269
G3 X3.5561 Y-1.3715 I0.9239 J-0.2962
X3.5646 Y-1.6778 I0.7447 J-0.1327
X3.5969 Y-1.7695 I3.1337 J1.0521
G1 X3.6054 Y-1.787
X3.6079 Y-1.7919
X3.644 Y-1.8593
X3.65 Y-1.8705
X3.671 Y-1.9042
G3 X3.7402 Y-1.9955 I1.3234 J0.932
G1 X3.7485 Y-2.0052
X3.7725 Y-2.0323
G3 X3.8002 Y-2.0439 I0.0272 J0.0259
X3.836 Y-1.9973 I-0.0005 J0.0375 F300.
G1 X3.6541 Y-1.2736
G3 X3.6042 Y-1.2478 I-0.0364 J-0.0091
X3.5829 Y-1.269 I0.0135 J-0.035 F60.
X3.5585 Y-1.3428 I1.5252 J-0.545
X3.5408 Y-1.4551 I0.806 J-0.1848
X3.5416 Y-1.5561 I0.8203 J-0.0439
X3.5585 Y-1.6572 I0.9203 J0.1023
G1 X3.5604 Y-1.6639
X3.5649 Y-1.6777
G3 X3.5856 Y-1.6995 I0.0353 J0.0128
X3.6014 Y-1.7024 I0.0146 J0.0346 F300.
G2 X3.7205 Y-1.7088 I0.0229 J-0.6841
X3.7434 Y-1.7212 I-0.0053 J-0.0371
G1 X4.2993 Y-2.3532
G2 X4.3087 Y-2.3775 I-0.0282 J-0.0248
X4.3006 Y-2.4918 I-0.6844 J-0.009
G1 X4.2999 Y-2.4965 F60.
G3 X4.3047 Y-2.5217 I0.037 J-0.006
G1 X4.312 Y-2.5329
X4.3134 Y-2.5349
X4.3161 Y-2.5374 Z0.782
X4.3187 Y-2.54 Z0.7826
X4.3212 Y-2.5424 Z0.7837
X4.3247 Y-2.5442 Z0.7855
X4.3279 Y-2.5458 Z0.7878
X4.3308 Y-2.5473 Z0.7906
X4.3335 Y-2.5479 Z0.7937
X4.3357 Y-2.5484 Z0.7971
X4.3375 Y-2.5487 Z0.8007
X4.3388 Y-2.549 Z0.8046
X4.3396 Y-2.5492 Z0.8086
X4.3398 Z0.8127
G0 Z1.64
X1.1833 Y-2.4861
Z0.8954
G1 Z0.8579 F60.
X1.1836 Y-2.4862 Z0.8533
X1.1844 Y-2.4864 Z0.8489
X1.1856 Y-2.4868 Z0.8446
X1.1874 Y-2.4874 Z0.8404
X1.1897 Y-2.4881 Z0.8366
X1.1923 Y-2.4889 Z0.833
X1.1954 Y-2.4899 Z0.8298
X1.1988 Y-2.4909 Z0.827
X1.2025 Y-2.4921 Z0.8247
X1.2064 Y-2.4933 Z0.8228
X1.2106 Y-2.4946 Z0.8214
X1.2148 Y-2.4959 Z0.8206
X1.2191 Y-2.4972 Z0.8204
G3 X1.4251 Y-2.5075 I0.1231 J0.3969
G1 X1.4364 Y-2.5048
G3 X1.5232 Y-2.4656 I-0.1342 J0.4122
X1.5395 Y-2.4403 I-0.0207 J0.0313
G1 X1.5402 Y-2.4359 Z0.8206
X1.5409 Y-2.4315 Z0.8214
X1.5416 Y-2.4272 Z0.8228
X1.5423 Y-2.4231 Z0.8247
X1.5429 Y-2.4193 Z0.827
X1.5435 Y-2.4158 Z0.8298
X1.544 Y-2.4126 Z0.833
X1.5444 Y-2.4099 Z0.8366
X1.5448 Y-2.4075 Z0.8404
X1.5451 Y-2.4057 Z0.8446
X1.5453 Y-2.4044 Z0.8489
X1.5455 Y-2.4036 Z0.8533
Y-2.4033 Z0.8579
G0 Z1.64
X4.4918 Y-0.2857
Z0.8954
G1 Z0.8579 F60.
X4.4916 Y-0.2859 Z0.8533
X4.4909 Y-0.2864 Z0.8489
X4.4899 Y-0.2873 Z0.8446
X4.4885 Y-0.2885 Z0.8404
X4.4867 Y-0.29 Z0.8366
X4.4845 Y-0.2917 Z0.833
X4.482 Y-0.2938 Z0.8298
X4.4793 Y-0.296 Z0.827
X4.4763 Y-0.2985 Z0.8247
X4.4731 Y-0.3011 Z0.8228
X4.4698 Y-0.3039 Z0.8214
X4.4664 Y-0.3067 Z0.8206
X4.4629 Y-0.3096 Z0.8204
G3 X4.319 Y-0.4574 I0.6099 J-0.7379
G1 X4.3119 Y-0.4671
X4.3022 Y-0.4821
X4.3008 Y-0.4847
X4.2996 Y-0.4874
X4.2959 Y-0.4955
X4.2941 Y-0.4988
X4.2937 Y-0.4994
X4.2872 Y-0.5096
X4.285 Y-0.5126
X4.2792 Y-0.5194
X4.2772 Y-0.5217
X4.2754 Y-0.5242
G2 X4.2396 Y-0.5795 I-0.4712 J0.2659
X4.1786 Y-0.6311 I-0.1629 J0.1309
G1 X4.1561 Y-0.6434
X4.0886 Y-0.6797
G3 X4.0163 Y-0.7253 I0.4542 J-0.8003
G1 X3.9201 Y-0.7905
G3 X3.834 Y-0.8601 I0.5813 J-0.807
G1 X3.8017 Y-0.8906
G3 X3.5791 Y-1.1866 I0.6462 J-0.7175
X3.5158 Y-1.3826 I0.6955 J-0.333
X3.5385 Y-1.7076 I0.6777 J-0.1158
X3.6743 Y-1.9692 I0.8379 J0.2688
X3.7699 Y-2.0824 I0.8355 J0.6088
X3.847 Y-2.1512 I0.7797 J0.7963
X3.9201 Y-2.2095 I0.5711 J0.6407
G1 X4.0212 Y-2.2781
G3 X4.1111 Y-2.3324 I0.4788 J0.6902
G1 X4.1561 Y-2.3566
X4.1785 Y-2.3691
G2 X4.2553 Y-2.4432 I-0.0996 J-0.18
G1 X4.2691 Y-2.4656
X4.276 Y-2.4768
X4.2778 Y-2.4792
X4.2797 Y-2.4814
X4.286 Y-2.4886
X4.2882 Y-2.4918
X4.29 Y-2.4945
X4.2962 Y-2.5042
X4.2981 Y-2.5076
X4.3001 Y-2.5119
X4.302 Y-2.5163
X4.3032 Y-2.5191
X4.3046 Y-2.5217
X4.3119 Y-2.5329
X4.3134 Y-2.535
G3 X4.3399 Y-2.5492 I0.0295 J0.0231
X4.3789 Y-2.5011 I0.0031 J0.0374 F300.
G1 X3.8932 Y-0.8786
G3 X3.8629 Y-0.8523 I-0.0359 J-0.0108
X3.8339 Y-0.86 I-0.0056 J-0.0371 F60.
X3.644 Y-1.062 I0.7031 J-0.8512
X3.5921 Y-1.1406 I0.452 J-0.355
G1 X3.5622 Y-1.1969
X3.5604 Y-1.2003
X3.5455 Y-1.2305
G3 X3.504 Y-1.3548 I1.0039 J-0.4047
X3.4892 Y-1.4551 I0.8923 J-0.1833
X3.49 Y-1.5561 I0.8298 J-0.0437
X3.5069 Y-1.6572 I0.8726 J0.0936
X3.5453 Y-1.7695 I1.5115 J0.4545
X3.6053 Y-1.8827 I1.6904 J0.8247
X3.6729 Y-1.976 I1.0683 J0.7022
X3.7699 Y-2.0824 I0.8333 J0.6621
G1 X3.7729 Y-2.0845 Z0.8206
X3.7758 Y-2.0865 Z0.8212
X3.7787 Y-2.0885 Z0.8223
X3.7825 Y-2.0897 Z0.8241
X3.7859 Y-2.0909 Z0.8264
X3.789 Y-2.0919 Z0.8292
X3.7915 Y-2.0921 Z0.832
X3.7937 Y-2.0923 Z0.8351
X3.7954 Y-2.0924 Z0.8385
X3.797 Z0.8426
X3.7979 Z0.8469
X3.7982 Y-2.0923 Z0.8513
G0 Z1.64
X1.1515 Y-2.4775
Z0.9376
G1 Z0.9001 F60.
X1.1518 Y-2.4776 Z0.8956
X1.1525 Y-2.4779 Z0.8911
X1.1538 Y-2.4784 Z0.8868
X1.1555 Y-2.4791 Z0.8827
X1.1577 Y-2.4799 Z0.8788
X1.1603 Y-2.4809 Z0.8752
X1.1633 Y-2.4821 Z0.872
X1.1666 Y-2.4833 Z0.8692
X1.1703 Y-2.4847 Z0.8669
X1.1741 Y-2.4862 Z0.865
X1.1781 Y-2.4878 Z0.8637
X1.1823 Y-2.4894 Z0.8629
X1.1865 Y-2.491 Z0.8626
G3 X1.3914 Y-2.5147 I0.1488 J0.388
G1 X1.4026 Y-2.5128
X1.4129 Y-2.5105
X1.4148 Y-2.5099
X1.4422 Y-2.5007
X1.4506 Y-2.4979 F300.
X1.4799 Y-2.488 F60.
G3 X1.5579 Y-2.4432 I-0.1972 J0.4337
G1 X1.561 Y-2.44
X1.5637 Y-2.4365
X1.5659 Y-2.4327
X1.5677 Y-2.4286
X1.569 Y-2.4244
X1.5697 Y-2.42
X1.57 Y-2.4156
Y-0.5844 F300.
G3 X1.5578 Y-0.5569 I-0.0375 J-0.0002 F60.
X1.4364 Y-0.4951 I-0.2623 J-0.3652
G1 X1.4129 Y-0.4895
X1.4026 Y-0.4872
X1.3914 Y-0.4853
G3 X1.3625 Y-0.4935 I-0.0051 J-0.0372
G1 X1.359 Y-0.4964 Z0.8629
X1.3556 Y-0.4992 Z0.8637
X1.3522 Y-0.5019 Z0.865
X1.349 Y-0.5046 Z0.8669
X1.3461 Y-0.507 Z0.8692
X1.3433 Y-0.5093 Z0.872
X1.3408 Y-0.5113 Z0.8752
X1.3387 Y-0.5131 Z0.8788
X1.3369 Y-0.5146 Z0.8827
X1.3354 Y-0.5158 Z0.8868
X1.3344 Y-0.5166 Z0.8911
X1.3338 Y-0.5172 Z0.8956
X1.3336 Y-0.5173 Z0.9001
G0 Z1.64
X4.4866 Y-0.2937
Z0.9376
G1 Z0.9001 F60.
X4.4864 Y-0.2939 Z0.8956
X4.4857 Y-0.2944 Z0.8911
X4.4847 Y-0.2953 Z0.8868
X4.4833 Y-0.2964 Z0.8827
X4.4814 Y-0.2979 Z0.8788
X4.4793 Y-0.2997 Z0.8752
X4.4768 Y-0.3017 Z0.872
X4.4741 Y-0.304 Z0.8692
X4.4711 Y-0.3065 Z0.8669
X4.4679 Y-0.3091 Z0.865
X4.4645 Y-0.3118 Z0.8637
X4.4611 Y-0.3147 Z0.8629
X4.4576 Y-0.3175 Z0.8626
G3 X4.3134 Y-0.465 I0.6084 J-0.7392
G1 X4.3119 Y-0.4671
X4.3046 Y-0.4783
X4.3032 Y-0.4809
X4.302 Y-0.4836
X4.2986 Y-0.4912
X4.2973 Y-0.4935
X4.2967 Y-0.4945
X4.2903 Y-0.5045
X4.2881 Y-0.5076
X4.2855 Y-0.5109
X4.2827 Y-0.514
X4.2808 Y-0.5161
X4.2791 Y-0.5184
G2 X4.1897 Y-0.5981 I-0.1773 J0.1089
G1 X4.1572 Y-0.613
G3 X4.0212 Y-0.686 I1.9821 J-3.8581
G1 X3.9875 Y-0.7065
X3.9761 Y-0.7141
X3.8976 Y-0.7673
X3.8621 Y-0.794
G3 X3.5436 Y-1.1538 I0.6237 J-0.8732
X3.4764 Y-1.3254 I0.7522 J-0.3933
X3.49 Y-1.7175 I0.6682 J-0.1731
X3.6136 Y-1.9568 I0.8313 J0.2776
X3.7835 Y-2.1453 I0.9165 J0.6559
X3.8751 Y-2.2175 I0.5776 J0.6377
G1 X3.9762 Y-2.286
G3 X4.0549 Y-2.3326 I0.4781 J0.7174
G1 X4.1223 Y-2.3689
X4.1561 Y-2.3864
X4.1572 Y-2.387
G2 X4.2222 Y-2.4207 I-0.1396 J-0.349
G1 X4.2347 Y-2.4302
X4.2489 Y-2.4431
X4.2572 Y-2.4523
X4.2593 Y-2.4544
X4.2616 Y-2.4562
X4.2654 Y-2.4592
X4.269 Y-2.4622
X4.2721 Y-2.4654
X4.2748 Y-2.4689
X4.2786 Y-2.4744
X4.2919 Y-2.4937 F300.
X4.2937 Y-2.4962 F60.
X4.296 Y-2.5
X4.2978 Y-2.504
X4.2994 Y-2.5085
X4.3008 Y-2.513
X4.3025 Y-2.5175
X4.3046 Y-2.5217
X4.3119 Y-2.5329
X4.3171 Y-2.54
G3 X4.3436 Y-2.5542 I0.0295 J0.0232
X4.3829 Y-2.5078 I0.003 J0.0374 F300.
G1 X3.9539 Y-0.79
G3 X3.9273 Y-0.7629 I-0.0364 J-0.0091
X3.8976 Y-0.7673 I-0.0098 J-0.0362 F60.
X3.8166 Y-0.8263 I0.4955 J-0.7648
G1 X3.7511 Y-0.8825
G3 X3.5791 Y-1.0733 I0.7516 J-0.8504
X3.5379 Y-1.1363 I0.4599 J-0.3456
G1 X3.5056 Y-1.1969
G3 X3.4649 Y-1.298 I0.4999 J-0.2599
X3.4381 Y-1.4102 I0.4412 J-0.1646
X3.432 Y-1.5224 I0.5369 J-0.0855
X3.4381 Y-1.5898 I0.4034 J0.0026
X3.4727 Y-1.7244 I0.5366 J0.066
X3.5056 Y-1.8031 I0.3924 J0.1179
G1 X3.5379 Y-1.8636
G3 X3.5792 Y-1.9266 I0.4661 J0.2602
X3.7836 Y-2.1452 I0.9216 J0.6573
G1 X3.7868 Y-2.1471 Z0.8628
X3.7898 Y-2.1489 Z0.8635
X3.7928 Y-2.1507 Z0.8646
X3.7966 Y-2.1517 Z0.8664
X3.8002 Y-2.1525 Z0.8687
X3.8033 Y-2.1533 Z0.8715
X3.8052 Y-2.1534 Z0.8735
X3.8069 Y-2.1535 Z0.8757
X3.8089 Y-2.1533 Z0.8789
X3.8105 Y-2.1532 Z0.8824
X3.8116 Y-2.1531 Z0.886
X3.8123 Z0.8897
X3.8125 Z0.8935
G0 Z1.64
X1.1149 Y-2.4999
Z0.9844
G1 Z0.9469 F60.
X1.1152 Z0.9424
X1.116 Y-2.5001 Z0.9379
X1.1173 Y-2.5003 Z0.9336
X1.1192 Y-2.5006 Z0.9295
X1.1215 Y-2.501 Z0.9256
X1.1242 Y-2.5015 Z0.922
X1.1274 Y-2.502 Z0.9188
X1.1309 Y-2.5027 Z0.916
X1.1347 Y-2.5033 Z0.9137
X1.1388 Y-2.504 Z0.9118
X1.143 Y-2.5048 Z0.9105
X1.1474 Y-2.5055 Z0.9097
X1.1519 Y-2.5063 Z0.9094
G3 X1.3577 Y-2.5196 I0.1641 J0.9432
G1 X1.3689 Y-2.5186
X1.3802 Y-2.5167
X1.3829 Y-2.516
X1.4099 Y-2.5082
X1.4502 Y-2.4966 F300.
G3 X1.4799 Y-2.488 I-0.0921 J0.3724 F60.
X1.5232 Y-2.4656 I-0.2775 J0.5869
X1.5395 Y-2.4403 I-0.0207 J0.0313
G1 X1.5398 Y-2.4373 F300.
X1.54 Y-2.4343
Y-0.5657
X1.5398 Y-0.5627
X1.5395 Y-0.5597
G3 X1.5232 Y-0.5344 I-0.037 J-0.006 F60.
X1.4364 Y-0.4952 I-0.219 J-0.3683
X1.407 Y-0.5015 I-0.0075 J-0.0367
G1 X1.4033 Y-0.5041 Z0.9097
X1.3997 Y-0.5067 Z0.9105
X1.3962 Y-0.5092 Z0.9118
X1.3928 Y-0.5117 Z0.9137
X1.3897 Y-0.5139 Z0.916
X1.3868 Y-0.516 Z0.9188
X1.3842 Y-0.5179 Z0.922
X1.3819 Y-0.5195 Z0.9256
X1.38 Y-0.5209 Z0.9295
X1.3785 Y-0.522 Z0.9336
X1.3774 Y-0.5227 Z0.9379
X1.3768 Y-0.5232 Z0.9424
X1.3765 Y-0.5234 Z0.9469
G0 Z1.64
X3.9274 Y0.1963
Z0.9844
G1 Z0.9469 F60.
X3.9277 Y0.1962 Z0.9424
X3.9285 Y0.196 Z0.9379
X3.9298 Y0.1956 Z0.9336
X3.9315 Y0.1952 Z0.9295
X3.9338 Y0.1945 Z0.9256
X3.9365 Y0.1938 Z0.922
X3.9396 Y0.193 Z0.9188
X3.943 Y0.192 Z0.916
X3.9468 Y0.191 Z0.9137
X3.9508 Y0.1899 Z0.9118
X3.9549 Y0.1888 Z0.9105
X3.9592 Y0.1876 Z0.9097
X3.9636 Y0.1865 Z0.9094
G3 X4.1673 Y0.1542 I0.2508 J0.9239
G1 X4.1785 Y0.154
G2 X4.2909 Y0.125 I0.0049 J-0.2128
X4.3302 Y0.0944 I-0.1404 J-0.2211
X4.3693 Y0.0381 I-0.152 J-0.1472
X4.3858 Y-0.0199 I-0.1756 J-0.0813
G1 X4.391 Y-0.0639
X4.3948 Y-0.1081
X4.3966 Y-0.1525
G2 X4.3878 Y-0.2189 I-0.6438 J0.0515
G1 X4.3876 Y-0.2294
G3 X4.4006 Y-0.2565 I0.0375 J0.0013
X4.4625 Y-0.2277 I0.0245 J0.0284 F300.
G1 X4.4608 Y-0.0184
G3 X4.397 Y0.008 I-0.0375 J-0.0003
X4.3858 Y-0.0198 I0.0263 J-0.0267 F60.
G1 X4.3872 Y-0.0404
X4.3876 Y-0.0517
Y-0.2762
G2 X4.3783 Y-0.3548 I-0.2636 J-0.0087
G1 X4.3744 Y-0.366
X4.3737 Y-0.3689
X4.3732 Y-0.3718
X4.3713 Y-0.3826
G2 X4.3667 Y-0.3941 I-0.0366 J0.008
G1 X4.3659 Y-0.3955
X4.3368 Y-0.4434 F300.
X4.3348 Y-0.4465
X4.3319 Y-0.4498 F60.
X4.3287 Y-0.4528
X4.32 Y-0.4594
G3 X4.3119 Y-0.4671 I0.0214 J-0.0308
G2 X4.2686 Y-0.5224 I-0.2288 J0.1347
X4.2235 Y-0.5542 I-0.1559 J0.1727
G1 X4.1937 Y-0.5681
X4.0943 Y-0.613
G3 X3.9537 Y-0.6889 I1.7784 J-3.4664
G1 X3.9201 Y-0.7096
X3.9088 Y-0.7171
X3.8639 Y-0.7476
X3.8284 Y-0.7743
G3 X3.5385 Y-1.068 I0.6756 J-0.9569
X3.441 Y-1.2581 I0.7642 J-0.5121
X3.4416 Y-1.7408 I0.6501 J-0.2404
X3.5805 Y-1.9882 I0.8462 J0.3123
X3.7125 Y-2.1321 I0.8948 J0.6885
X3.8182 Y-2.2216 I0.7957 J0.8324
G1 X3.9088 Y-2.2829
G3 X3.9889 Y-2.3308 I0.5442 J0.8179
G1 X4.0549 Y-2.3663
X4.0886 Y-2.3842
X4.0943 Y-2.387
X4.1937 Y-2.4319
X4.2235 Y-2.4458
G2 X4.2969 Y-2.5105 I-0.0966 J-0.1835
G1 X4.3119 Y-2.5329
X4.3138 Y-2.5352
X4.3159 Y-2.5373
X4.3231 Y-2.5446
X4.3256 Y-2.5477
X4.3285 Y-2.5516
X4.3357 Y-2.5615
X4.3379 Y-2.5649
X4.3426 Y-2.574
X4.3447 Y-2.5778
G2 X4.3869 Y-2.692 I-0.1848 J-0.1333
X4.3992 Y-2.875 I-1.6793 J-0.204
G1 X4.3924 Y-2.9188
X4.3897 Y-2.9263
X4.3881 Y-2.9341
X4.3876 Y-2.9421
G3 X4.4085 Y-2.9598 I0.0186 J0.0006
X4.4247 Y-2.9414 I-0.0024 J0.0184 F300.
G1 X4.424 Y-2.692
G3 X4.4073 Y-2.6736 I-0.0186 J-0.0001
X4.3868 Y-2.692 I-0.0019 J-0.0185 F60.
G1 X4.3871 Y-2.7013
X4.3874 Y-2.7126
X4.3876 Y-2.7238
Y-2.9483
G2 X4.3696 Y-3.0382 I-0.2148 J-0.0039
X4.3472 Y-3.0752 I-0.5114 J0.2848
X4.3181 Y-3.1056 I-0.2196 J0.1814
G1 X4.3022 Y-3.117
G2 X4.2219 Y-3.1504 I-0.1108 J0.153
G1 X4.2123 Y-3.1522
X4.201 Y-3.1532
X4.1785 Y-3.154
G3 X4.1519 Y-3.168 I0.0027 J-0.0374
X4.1785 Y-3.2288 I0.0293 J-0.0234 F300.
G1 X4.3022 Y-3.2426
G3 X4.3853 Y-3.2178 I0.0163 J0.0971
G1 X4.438 Y-3.1688
X4.4707 Y-3.1233
X4.4956 Y-3.0718
X4.5138 Y-3.0045
X4.5169 Y-2.6901
X4.5041 Y-2.6115
X3.9564 Y-0.7814
G3 X3.893 Y-0.7382 I-0.0594 J-0.0189
X3.8751 Y-0.742 I0.004 J-0.0622 F60.
G1 X3.8639 Y-0.7476
G3 X3.7681 Y-0.815 I0.8065 J-1.2483
X3.6635 Y-0.9049 I1.6189 J-1.9889
X3.5778 Y-0.9947 I0.933 J-0.9753
X3.5004 Y-1.0958 I1.1241 J-0.9413
G1 X3.4793 Y-1.1295
X3.4729 Y-1.1407
X3.4429 Y-1.1969
G3 X3.4022 Y-1.298 I0.5099 J-0.2638
X3.3755 Y-1.4102 I0.4456 J-0.1654
X3.3754 Y-1.5898 I0.6015 J-0.0902
X3.41 Y-1.7244 I0.5572 J0.0714
X3.4429 Y-1.8031 I0.4178 J0.1286
G1 X3.4729 Y-1.8593
G3 X3.5267 Y-1.9402 I0.5319 J0.295
X3.6411 Y-2.0727 I0.8228 J0.595
G1 X3.6636 Y-2.0951
G3 X3.7739 Y-2.1894 I1.3647 J1.484
X3.8183 Y-2.2214 I0.4444 J0.5693
G1 X3.8216 Y-2.2229 Z0.9096
X3.8249 Y-2.2244 Z0.9103
X3.8281 Y-2.2258 Z0.9113
X3.8317 Y-2.2263 Z0.913
X3.8351 Y-2.2268 Z0.9151
X3.8382 Y-2.2272 Z0.9176
X3.8411 Y-2.2268 Z0.9207
X3.8435 Y-2.2265 Z0.9242
X3.8454 Y-2.2263 Z0.9279
X3.8468 Y-2.2261 Z0.9319
X3.8477 Y-2.226 Z0.9361
X3.848 Y-2.2259 Z0.9403
G0 Z1.64
X-0.1624 Y-3.2226
Z1.043
G1 Z1.0055 F60.
Y-3.2224 Z1.0009
X-0.1622 Y-3.2216 Z0.9965
X-0.162 Y-3.2202 Z0.9922
X-0.1616 Y-3.2184 Z0.988
X-0.1612 Y-3.2161 Z0.9842
X-0.1607 Y-3.2134 Z0.9806
X-0.1601 Y-3.2102 Z0.9774
X-0.1594 Y-3.2067 Z0.9746
X-0.1587 Y-3.2029 Z0.9722
X-0.1579 Y-3.1988 Z0.9704
X-0.1571 Y-3.1946 Z0.969
X-0.1563 Y-3.1902 Z0.9682
X-0.1555 Y-3.1858 Z0.968
G3 X-0.1394 Y-2.9802 I-0.9408 J0.1771
G1 X-0.1407 Y-2.9596
X-0.1411 Y-2.9483
Y-2.7238
G2 X-0.1299 Y-2.6564 I0.2158 J-0.001
G1 X-0.1276 Y-2.6506
X-0.1267 Y-2.6478
X-0.1261 Y-2.6449
G2 X-0.1215 Y-2.6203 I0.7772 J-0.1341
X-0.0649 Y-2.4483 I0.7726 J-0.1587 F300.
X-0.0348 Y-2.4268 I0.034 J-0.0157
G1 X1.2478 Y-2.2906
G2 X1.2818 Y-2.3054 I0.004 J-0.0373
X1.3829 Y-2.4848 I-0.6307 J-0.4736
G3 X1.3957 Y-2.5012 I0.0348 J0.014
X1.4251 Y-2.5075 I0.0219 J0.0304 F60.
G1 X1.4364 Y-2.5048
G3 X1.5579 Y-2.4432 I-0.1414 J0.4293
G1 X1.561 Y-2.44
X1.5636 Y-2.4365
X1.5659 Y-2.4327
X1.5677 Y-2.4286
X1.5689 Y-2.4244
X1.5697 Y-2.42
X1.57 Y-2.4156
Y-2.4148 F300.
X1.54 Y-0.5651
X1.5398 Y-0.5624
X1.5395 Y-0.5597
G3 X1.5232 Y-0.5344 I-0.037 J-0.006 F60.
X1.4364 Y-0.4952 I-0.219 J-0.3683
G1 X1.4129 Y-0.4895
X1.4026 Y-0.4872
X1.3914 Y-0.4853
G3 X1.3625 Y-0.4935 I-0.0051 J-0.0372
X1.3503 Y-0.512 I0.0238 J-0.0289 F300.
G1 X1.3434 Y-0.5344
G2 X1.2453 Y-0.6067 I-0.0949 J0.0261
G1 X0.0428 Y-0.6074
X-0.0433 Y-0.5906
X-0.0995 Y-0.5681
X-0.1496 Y-0.5344
X-0.1595 Y-0.5254
G2 X-0.1838 Y-0.3997 I0.0612 J0.077
G1 X-0.1481 Y-0.3323
X-0.1428 Y-0.3071
X-0.1426 Y-0.3057 F60.
G3 X-0.1411 Y-0.2762 I-0.9553 J0.0629
G1 Y-0.0517
G2 X-0.1317 Y0.0157 I0.2185 J0.0038
G1 X-0.1274 Y0.0269
X-0.1266 Y0.0298
X-0.126 Y0.0326
G2 X-0.1218 Y0.0573 I2.111 J-0.3528
X-0.0872 Y0.2153 I2.1067 J-0.3774 F300.
X-0.0523 Y0.2434 I0.0363 J-0.0094
G1 X3.9767 Y0.3877
G2 X4.0136 Y0.3622 I0.0013 J-0.0375
X4.0653 Y0.1828 I-2.0286 J-0.6823
G3 X4.073 Y0.1676 I0.0364 J0.0088
X4.0999 Y0.1542 I0.0288 J0.024 F60.
G2 X4.279 Y0.0608 I0.0061 J-0.2068
X4.3021 Y0.008 I-0.204 J-0.1209
G1 X4.3162 Y-0.0341
X4.3266 Y-0.0772
X4.3339 Y-0.121
X4.3388 Y-0.1651
X4.3419 Y-0.2093
X4.3397 Y-0.2537
X4.3313 Y-0.2972
X4.3179 Y-0.3395
G3 X4.3079 Y-0.3773 I0.0879 J-0.0436
G2 X4.2925 Y-0.4333 I-0.1952 J0.0236
G1 X4.2782 Y-0.4607
X4.2572 Y-0.4875
X4.2554 Y-0.4895
X4.246 Y-0.4984
X4.2235 Y-0.5168
G2 X4.1648 Y-0.5457 I-0.151 J0.2325
G1 X4.1561 Y-0.5496
X4.0662 Y-0.5902
X4.0267 Y-0.6105
G3 X3.853 Y-0.7092 I0.5511 J-1.171
X3.5873 Y-0.929 I0.7828 J-1.2174
X3.4542 Y-1.1021 I0.7886 J-0.7436
X3.3468 Y-1.3725 I0.6872 J-0.4297
X3.3888 Y-1.766 I0.6864 J-0.1256
X3.5167 Y-1.9867 I0.8325 J0.3351
X3.6812 Y-2.1606 I0.9444 J0.7285
X3.8157 Y-2.2655 I0.9204 J1.0407
X3.9542 Y-2.3544 I0.8597 J1.1877
X4.0324 Y-2.3947 I0.6299 J1.1261
X4.2011 Y-2.4699 I2.4801 J5.3404
G1 X4.2123 Y-2.4763
X4.2235 Y-2.4832
X4.246 Y-2.5016
X4.2554 Y-2.5105
X4.2572 Y-2.5125
X4.2782 Y-2.5393
X4.2926 Y-2.5666
X4.2968 Y-2.5778
X4.3131 Y-2.6191
X4.3244 Y-2.662
X4.3324 Y-2.7056
G2 X4.3448 Y-2.8826 I-1.3812 J-0.1855
G1 X4.3359 Y-2.9261
X4.317 Y-2.9656
X4.3114 Y-2.9783
X4.3068 Y-2.9912
X4.303 Y-3.0045
G2 X4.156 Y-3.1478 I-0.1922 J0.0501
X4.1041 Y-3.1541 I-0.0496 J0.1906
G1 X4.0997 Y-3.1546
X4.0954 Y-3.1556
X4.0912 Y-3.1571
X4.0873 Y-3.159
X4.0836 Y-3.1615
X4.0802 Y-3.1643
X4.0772 Y-3.1675
G3 X4.0999 Y-3.2286 I0.0288 J-0.024 F300.
G1 X4.246 Y-3.2373
G3 X4.3134 Y-3.2139 I0.0036 J0.0984
G1 X4.3706 Y-3.1566
X4.4033 Y-3.1048
X4.4571 Y-2.9708
X4.4694 Y-2.9259
X4.4664 Y-2.881
X4.4186 Y-2.5554
G3 X4.2954 Y-2.5473 I-0.0621 J-0.0045
X4.2968 Y-2.5778 I0.061 J-0.0126 F60.
G2 X4.3088 Y-2.6452 I-0.1598 J-0.0633
G1 X4.3093 Y-2.6564
Y-2.9483
X4.3089 Y-2.9596
X4.3074 Y-2.982
X4.3057 Y-2.9932
X4.303 Y-3.0045
G3 X4.3094 Y-3.0339 I0.0368 J-0.0074
X4.3742 Y-3.0269 I0.0304 J0.0219 F300.
G1 X4.4377 Y-2.8361
X4.437 Y-2.6086
X4.1509 Y-0.6355
G3 X4.0965 Y-0.5859 I-0.0611 J-0.0123
X4.0774 Y-0.5868 I-0.0067 J-0.0619 F60.
G1 X4.0662 Y-0.5902
G3 X3.9875 Y-0.6277 I0.3972 J-0.9335
X3.8523 Y-0.7027 I1.2213 J-2.3597
X3.729 Y-0.7859 I2.0896 J-3.2311
X3.5739 Y-0.9162 I0.8775 J-1.2024
X3.4383 Y-1.0734 I0.7628 J-0.795
X3.3811 Y-1.1679 I0.8046 J-0.5511
X3.3438 Y-1.7438 I0.6489 J-0.3312
X3.3787 Y-1.83 I0.6695 J0.2207
X3.4222 Y-1.9042 I0.6254 J0.317
X3.6504 Y-2.152 I0.971 J0.6655
X3.7354 Y-2.2186 I0.6381 J0.7261
X3.8526 Y-2.2974 I2.7585 J3.9763
X3.9542 Y-2.3543 I0.9417 J1.5622
G1 X3.9583 Y-2.356
X3.9625 Y-2.3573
X3.9668 Y-2.358
X3.9713 Y-2.3582
X3.9757 Y-2.3579
X3.98 Y-2.3571
X3.9842 Y-2.3557
G3 X4.0054 Y-2.3065 I-0.0134 J0.035 F300.
G1 X3.5023 Y-1.0824
G3 X3.4648 Y-1.0592 I-0.0347 J-0.0143
X3.4382 Y-1.0734 I0.0029 J-0.0374 F60.
X3.3824 Y-1.1632 I0.4965 J-0.3708
X3.3235 Y-1.2979 I0.569 J-0.3291
X3.2971 Y-1.4102 I0.5003 J-0.1767
X3.297 Y-1.5898 I0.6091 J-0.0902
X3.3236 Y-1.7021 I0.5353 J0.0673
X3.3788 Y-1.8299 I0.6006 J0.1836
G1 X3.3812 Y-1.8336
X3.3841 Y-1.837
X3.3873 Y-1.84
X3.3908 Y-1.8426
X3.3947 Y-1.8448
X3.3987 Y-1.8465
X3.403 Y-1.8477
X3.4256 Y-1.8458 F300.
X3.4385 Y-1.8368
X4.3921 Y-0.5231
X4.4106 Y-0.4895
X4.4353 Y-0.4109
X4.4669 Y-0.2874
X4.4716 Y-0.2313
G3 X4.4708 Y-0.2088 I-0.0981 J0.0077
G1 X4.423 Y0.0382
G3 X4.3034 Y0.0386 I-0.0599 J-0.0173
X4.3022 Y0.008 I0.0597 J-0.0178 F60.
G1 X4.303 Y0.0045
X4.3057 Y-0.0068
X4.3074 Y-0.018
X4.3089 Y-0.0404
X4.3093 Y-0.0517
Y-0.3436
X4.3089 Y-0.3548
X4.3085 Y-0.366
X4.3079 Y-0.3773
Y-0.3779
X4.3084 Y-0.3815 Z0.9683
X4.309 Y-0.3851 Z0.969
X4.3095 Y-0.3886 Z0.9702
X4.3111 Y-0.3921 Z0.9721
X4.3126 Y-0.3954 Z0.9745
X4.314 Y-0.3984 Z0.9774
X4.3156 Y-0.4003 Z0.9805
X4.317 Y-0.402 Z0.9838
X4.3181 Y-0.4033 Z0.9873
X4.3189 Y-0.4042 Z0.9911
X4.3193 Y-0.4048 Z0.9949
X4.3195 Y-0.405 Z0.9989
G0 Z1.64
X0.2567 Y-3.2447
Z1.1034
G1 Z1.0659 F60.
X0.2565 Y-3.2445 Z1.0614
X0.2558 Y-3.2442 Z1.057
X0.2546 Y-3.2435 Z1.0526
X0.2529 Y-3.2427 Z1.0485
X0.2509 Y-3.2416 Z1.0446
X0.2484 Y-3.2403 Z1.0411
X0.2455 Y-3.2388 Z1.0379
X0.2424 Y-3.2372 Z1.0351
X0.239 Y-3.2354 Z1.0327
X0.2353 Y-3.2334 Z1.0309
X0.2315 Y-3.2314 Z1.0295
X0.2275 Y-3.2294 Z1.0287
X0.2235 Y-3.2273 Z1.0284
G3 X0.0316 Y-3.1518 I-0.4441 J-0.8481
G2 X-0.0471 Y-3.1214 I0.0367 J0.2119
X-0.0808 Y-3.0934 I0.2166 J0.2946
G1 X-0.0982 Y-3.0718
G2 X-0.1353 Y-2.9596 I0.156 J0.1139
G1 X-0.1358 Y-2.9483
Y-2.7238
G2 X-0.1099 Y-2.6227 I0.2124 J-0.0006
X-0.0745 Y-2.5777 I0.1945 J-0.1166
G1 X-0.0649 Y-2.5698
X-0.0628 Y-2.5678
X-0.0609 Y-2.5656
G2 X-0.045 Y-2.5462 I0.7373 J-0.5911
X0.053 Y-2.4465 I0.7213 J-0.6104 F300.
X0.0761 Y-2.4372 I0.0247 J-0.0282
G1 X1.2116 Y-2.3876
G2 X1.2355 Y-2.3948 I0.0016 J-0.0375
X1.3592 Y-2.5035 I-0.5591 J-0.7618
G1 X1.3625 Y-2.5065
G3 X1.3914 Y-2.5147 I0.0238 J0.0289 F60.
X1.4476 Y-2.5013 I-0.0637 J0.3897
X1.5579 Y-2.4432 I-0.1644 J0.4462
G1 X1.561 Y-2.44
X1.5637 Y-2.4365
X1.5659 Y-2.4327
X1.5677 Y-2.4286
X1.569 Y-2.4244
X1.5697 Y-2.42
X1.57 Y-2.4156
Y-0.5844 F300.
G3 X1.5578 Y-0.5569 I-0.0375 J-0.0002 F60.
X1.4364 Y-0.4951 I-0.2623 J-0.3652
G1 X1.4251 Y-0.4925
G3 X1.3969 Y-0.4979 I-0.0075 J-0.0367
G1 X1.3957 Y-0.4987
G2 X1.2127 Y-0.598 I-0.6626 J1.0037 F300.
X1.1973 Y-0.6011 I-0.015 J0.0344
G1 X0.2401 Y-0.5885
G2 X0.2248 Y-0.585 I0.0005 J0.0375
X0.058 Y-0.4903 I0.5084 J1.0899
G1 X0.0432 Y-0.4801 F60.
G3 X0.0316 Y-0.4747 I-0.0215 J-0.0307
G2 X-0.027 Y-0.4558 I0.0391 J0.2222
X-0.1158 Y-0.3661 I0.0923 J0.1801
X-0.1358 Y-0.2762 I0.1968 J0.0911
G1 Y-0.0517
G2 X-0.1146 Y0.0454 I0.2137 J0.0042
X-0.0982 Y0.0719 I0.1422 J-0.0699
G1 X-0.0808 Y0.0934
X-0.0799 Y0.0943
X-0.0669 Y0.1055
X-0.0643 Y0.1077
X-0.0622 Y0.1098
X-0.0603 Y0.112
G2 X-0.0446 Y0.1315 I2.0395 J-1.6235
X0.0889 Y0.2836 I2.0239 J-1.6431 F300.
X0.1156 Y0.2953 I0.0272 J-0.0258
G1 X3.7925 Y0.3459
G2 X3.8194 Y0.3349 I0.0005 J-0.0375
X3.9734 Y0.1675 I-1.8402 J-1.8464
G1 X3.9736 Y0.1673
G3 X4.0006 Y0.1542 I0.0285 J0.0244 F60.
G2 X4.0662 Y0.1502 I0.0126 J-0.3315
X4.211 Y0.0366 I-0.039 J-0.1988
G1 X4.2287 Y-0.0041
X4.2417 Y-0.0465
X4.251 Y-0.0899
G2 X4.2661 Y-0.2666 I-1.2277 J-0.1938
G1 X4.2616 Y-0.3107
X4.248 Y-0.3529
X4.228 Y-0.3906
X4.2247 Y-0.3972
X4.222 Y-0.404
X4.2197 Y-0.4109
G2 X4.1838 Y-0.4782 I-0.172 J0.0485
G1 X4.1785 Y-0.4853
G2 X4.1449 Y-0.5153 I-0.2589 J0.2566
X4.0841 Y-0.5455 I-0.1663 J0.2585
G1 X4.0586 Y-0.5569
X4.01 Y-0.5789
X3.9705 Y-0.5991
G3 X3.7927 Y-0.6973 I0.5173 J-1.1471
X3.4961 Y-0.9428 I0.783 J-1.2478
X3.3518 Y-1.1435 I0.7848 J-0.7165
X3.2663 Y-1.385 I0.6907 J-0.3805
X3.3176 Y-1.7829 I0.6912 J-0.1131
X3.4501 Y-2.0016 I0.8328 J0.3554
X3.5905 Y-2.1495 I0.9221 J0.7344
X3.7623 Y-2.283 I1.0231 J1.1387
X3.9132 Y-2.3757 I0.9602 J1.3949
X3.9592 Y-2.3982 I0.3118 J0.5789
X4.1223 Y-2.4712 I13.618 J30.2142
G2 X4.1561 Y-2.4938 I-0.0791 J-0.1549
X4.2129 Y-2.569 I-0.1261 J-0.1543
G1 X4.2294 Y-2.6102
X4.2422 Y-2.6526
X4.2514 Y-2.6961
G2 X4.2662 Y-2.8728 I-1.2452 J-0.1931
G1 X4.26 Y-2.9167
X4.2429 Y-2.9577
G3 X4.2219 Y-3.0045 I0.0998 J-0.0729
G2 X4.0324 Y-3.1535 I-0.1929 J0.0504
G1 X4.01 Y-3.1541
G3 X3.9831 Y-3.1676 I0.0019 J-0.0375
X4.0096 Y-3.229 I0.0288 J-0.024 F300.
G1 X4.1223 Y-3.2497
G3 X4.192 Y-3.2399 I0.0221 J0.0959
G1 X4.2416 Y-3.2066
X4.2847 Y-3.1617
X4.3246 Y-3.1022
X4.3853 Y-2.9483
X4.3939 Y-2.8922
X4.3933 Y-2.8136
X4.3321 Y-2.5329
G3 X4.2114 Y-2.5384 I-0.0597 J-0.0178
X4.2129 Y-2.569 I0.0611 J-0.0124 F60.
G2 X4.227 Y-2.6227 I-0.2179 J-0.0861
G1 X4.2277 Y-2.634
X4.2281 Y-2.6452
X4.2284 Y-2.6564
Y-2.9483
X4.228 Y-2.9596
X4.2266 Y-2.982
X4.2243 Y-2.9932
X4.2219 Y-3.0045
G3 X4.2289 Y-3.0337 I0.0369 J-0.0066
X4.2928 Y-3.0269 I0.0299 J0.0226 F300.
G1 X4.3471 Y-2.9051
G3 X4.358 Y-2.8585 I-0.0875 J0.0451
G1 X4.3581 Y-2.6227
X4.0947 Y-0.6243
G3 X4.0403 Y-0.5745 I-0.0611 J-0.0122
X4.0212 Y-0.5754 I-0.0067 J-0.0619 F60.
G1 X4.01 Y-0.5789
G3 X3.92 Y-0.6205 I0.7663 J-1.7713
X3.7851 Y-0.6946 I1.2841 J-2.4993
X3.6052 Y-0.8179 I1.2694 J-2.0454
X3.4816 Y-0.9273 I1.0351 J-1.2929
X3.3739 Y-1.0509 I0.716 J-0.7329
X3.3134 Y-1.146 I0.8915 J-0.6344
X3.2773 Y-1.7759 I0.6451 J-0.3529
X3.3265 Y-1.8809 I0.6849 J0.2573
X3.5157 Y-2.105 I0.9311 J0.5939
X3.6544 Y-2.2186 I0.9525 J1.0216
X3.7902 Y-2.3085 I1.6676 J2.3722
X3.9132 Y-2.3756 I1.2702 J2.1812
G1 X3.9173 Y-2.3773
X3.9215 Y-2.3786
X3.9259 Y-2.3793
X3.9303 Y-2.3795
X3.9347 Y-2.3791
X3.939 Y-2.3783
X3.9432 Y-2.3769
G3 X3.9642 Y-2.3276 I-0.0136 J0.0349 F300.
G1 X3.4376 Y-1.0603
G3 X3.4007 Y-1.0372 I-0.0346 J-0.0144
X3.3739 Y-1.0509 I0.0023 J-0.0374 F60.
X3.2836 Y-1.197 I0.6757 J-0.5188
X3.2391 Y-1.3092 I0.5526 J-0.2842
X3.2163 Y-1.4102 I0.4678 J-0.1587
X3.2161 Y-1.5898 I0.6127 J-0.0904
X3.2545 Y-1.7357 I0.615 J0.0839
X3.2835 Y-1.8031 I0.4264 J0.1432
X3.3265 Y-1.8809 I1.1412 J0.5808
G1 X3.3292 Y-1.8844
X3.3323 Y-1.8876
X3.3358 Y-1.8903
X3.3395 Y-1.8927
X3.3435 Y-1.8945
X3.3477 Y-1.8959
X3.3521 Y-1.8968
G3 X3.388 Y-1.8817 I0.0056 J0.0371 F300.
G1 X4.3181 Y-0.512
X4.3776 Y-0.3773
X4.3921 Y-0.3166
X4.3947 Y-0.2201
X4.3302 Y0.0718
G3 X4.2084 Y0.0671 I-0.0604 J-0.0152
X4.2108 Y0.0365 I0.0614 J-0.0104 F60.
G2 X4.2284 Y-0.0517 I-0.1966 J-0.085
G1 Y-0.3436
X4.2281 Y-0.3548
X4.2278 Y-0.361
Y-0.3611
X4.2284 Y-0.3647 Z1.0287
X4.2289 Y-0.3683 Z1.0293
X4.2294 Y-0.3718 Z1.0304
X4.231 Y-0.3753 Z1.0322
X4.2326 Y-0.3786 Z1.0346
X4.2339 Y-0.3816 Z1.0374
X4.2357 Y-0.3836 Z1.0404
X4.2371 Y-0.3853 Z1.0438
X4.2383 Y-0.3867 Z1.0475
X4.2391 Y-0.3877 Z1.0513
X4.2396 Y-0.3883 Z1.0553
X4.2398 Y-0.3885 Z1.0593
G0 Z1.64
X0.339 Y-3.1956
Z1.1784
G1 Z1.1409 F60.
X0.3387 Y-3.1955 Z1.1363
X0.338 Y-3.1953 Z1.1319
X0.3366 Y-3.195 Z1.1276
X0.3349 Y-3.1945 Z1.1234
X0.3326 Y-3.1939 Z1.1196
X0.3299 Y-3.1931 Z1.116
X0.3268 Y-3.1923 Z1.1128
X0.3234 Y-3.1914 Z1.11
X0.3196 Y-3.1904 Z1.1077
X0.3156 Y-3.1893 Z1.1058
X0.3115 Y-3.1882 Z1.1045
X0.3071 Y-3.187 Z1.1036
X0.3028 Y-3.1859 Z1.1034
G3 X0.099 Y-3.1542 I-0.2481 J-0.9247
G2 X0.0423 Y-3.1506 I-0.0098 J0.2919
G1 X0.0316 Y-3.1481
X0.0091 Y-3.1409
X0.0044 Y-3.1392
X-0.0242 Y-3.1249
X-0.0246 Y-3.1247
X-0.0504 Y-3.1055
G2 X-0.0883 Y-3.0607 I0.1239 J0.1434
X-0.1181 Y-2.9596 I0.1643 J0.1034
G1 X-0.1185 Y-2.9483
Y-2.7238
G2 X-0.1034 Y-2.6451 I0.2179 J-0.001
G1 X-0.0981 Y-2.634
X-0.0852 Y-2.6115
G2 X-0.0573 Y-2.5779 I0.1755 J-0.1172
G1 X-0.0471 Y-2.5692
X-0.0246 Y-2.5527
X-0.0134 Y-2.5468
X-0.008 Y-2.5442
X-0.0055 Y-2.5426
X-0.0031 Y-2.5409
G2 X0.0169 Y-2.5259 I0.7649 J-0.996
X0.1815 Y-2.4233 I0.7449 J-1.011 F300.
X0.1973 Y-2.419 I0.0173 J-0.0333
G1 X1.2372 Y-2.3784
G2 X1.2533 Y-2.3813 I0.0015 J-0.0375
X1.4465 Y-2.4843 I-0.4916 J-1.1556
G1 X1.4499 Y-2.4862
G3 X1.4799 Y-2.488 I0.017 J0.0334 F60.
X1.5579 Y-2.4432 I-0.1972 J0.4337
G1 X1.561 Y-2.44
X1.5637 Y-2.4365
X1.5659 Y-2.4327
X1.5677 Y-2.4286
X1.569 Y-2.4244
X1.5697 Y-2.42
X1.57 Y-2.4156
Y-2.4148 F300.
X1.54 Y-0.5651
X1.5398 Y-0.5624
X1.5395 Y-0.5597
G3 X1.5232 Y-0.5344 I-0.037 J-0.006 F60.
X1.4364 Y-0.4952 I-0.219 J-0.3683
X1.3577 Y-0.4803 I-0.1338 J-0.492
G1 X1.3535 Y-0.4804
X1.3493 Y-0.4809
X1.3452 Y-0.4819
X1.3412 Y-0.4834
X1.3375 Y-0.4853
X1.334 Y-0.4876
X1.3307 Y-0.4903
X1.3296 Y-0.4912
G2 X1.2074 Y-0.5848 I-0.6011 J0.6582 F300.
X1.1872 Y-0.5907 I-0.0201 J0.0316
G1 X0.2657 Y-0.5882
G2 X0.2455 Y-0.5822 I0.0001 J0.0375
X0.1261 Y-0.4901 I0.483 J0.7492
G1 X0.1227 Y-0.487 F60.
G3 X0.099 Y-0.477 I-0.0255 J-0.0275
G2 X0.0315 Y-0.4709 I-0.0101 J0.2644
X-0.0472 Y-0.4308 I0.0519 J0.199
X-0.0807 Y-0.3953 I0.1236 J0.1503
X-0.1078 Y-0.3436 I0.1877 J0.1312
X-0.1185 Y-0.2762 I0.2246 J0.0704
G1 Y-0.0517
G2 X-0.1009 Y0.0382 I0.2167 J0.0041
X-0.0809 Y0.0725 I0.6508 J-0.3559
X-0.0505 Y0.1056 I0.2077 J-0.1603
G1 X-0.0246 Y0.1247
X-0.0238 Y0.1251
X0.0044 Y0.1392
X0.0091 Y0.1409
X0.0203 Y0.1445
G3 X0.0306 Y0.1501 I-0.0126 J0.0353
G1 X0.0458 Y0.1618
G2 X0.2563 Y0.3093 I1.9211 J-2.5166 F300.
X0.2764 Y0.3153 I0.0203 J-0.0316
G1 X3.6411 Y0.3255
G2 X3.6613 Y0.3197 I0.0001 J-0.0375
X3.8813 Y0.1669 I-1.6944 J-2.6745
G1 X3.888 Y0.1618 F60.
G3 X3.9088 Y0.1542 I0.0228 J0.0298
G2 X3.9763 Y0.1477 I0.01 J-0.2526
X4.0977 Y0.0607 I-0.0487 J-0.1961
G1 X4.1219 Y0.0236
X4.1416 Y-0.0162
X4.1563 Y-0.058
X4.167 Y-0.1011
G2 X4.1845 Y-0.2775 I-1.0421 J-0.1928
G1 X4.1777 Y-0.3213
X4.1622 Y-0.3629
X4.1398 Y-0.4012
X4.1162 Y-0.4306
X4.1119 Y-0.4362
X4.108 Y-0.442
X4.1044 Y-0.448
G2 X4.0741 Y-0.4896 I-0.1985 J0.1124
G1 X4.0549 Y-0.507
G2 X4.01 Y-0.5343 I-0.1076 J0.1266
G1 X3.9704 Y-0.5545
G3 X3.5558 Y-0.8096 I0.7995 J-1.7637
X3.4042 Y-0.9552 I0.8962 J-1.085
X3.241 Y-1.2036 I0.7473 J-0.6688
X3.1761 Y-1.4855 I0.6674 J-0.3022
X3.2538 Y-1.8206 I0.7235 J-0.0086
X3.4024 Y-2.0413 I0.8668 J0.4231
G1 X3.4295 Y-2.0714
G3 X3.6616 Y-2.2693 I1.0401 J0.9848
X3.9695 Y-2.445 I1.0959 J1.5638
G1 X4.0097 Y-2.4638
X4.0487 Y-2.4851
X4.0824 Y-2.5139
X4.1104 Y-2.5483
X4.1327 Y-2.5867
X4.1497 Y-2.6277
X4.1622 Y-2.6702
X4.1711 Y-2.7137
G2 X4.1842 Y-2.8905 I-1.0317 J-0.1651
G1 X4.1733 Y-2.9335
X4.1525 Y-2.9727
X4.1345 Y-2.9942
X4.1258 Y-3.0058
X4.1185 Y-3.0182
X4.1126 Y-3.0314
X4.1118 Y-3.0343
X4.1112 Y-3.0371
X4.1097 Y-3.044
G2 X4.1046 Y-3.0552 I-0.0363 J0.0096
G1 X4.1015 Y-3.0599
X4.0928 Y-3.0729 F300.
X4.0892 Y-3.0783 F60.
G2 X4.0808 Y-3.0873 I-0.0312 J0.0208
G1 X4.075 Y-3.0913
X4.073 Y-3.0927
X4.071 Y-3.0943
G2 X3.9313 Y-3.1538 I-0.145 J0.1467
G1 X3.9088 Y-3.1542
G3 X3.8819 Y-3.1676 I0.0019 J-0.0375
X3.9082 Y-3.229 I0.0288 J-0.024 F300.
G1 X4.03 Y-3.2515
G3 X4.0999 Y-3.2349 I0.0138 J0.0975
G1 X4.1651 Y-3.1841
X4.2102 Y-3.128
X4.2835 Y-3.0045
X4.3048 Y-2.9456
X4.313 Y-2.8922
X4.312 Y-2.8136
X4.0958 Y-0.5906
G3 X4.0403 Y-0.5301 I-0.0623 J-0.0014
X4.0212 Y-0.5309 I-0.0068 J-0.0619 F60.
G1 X4.01 Y-0.5343
G3 X3.8188 Y-0.6209 I1.9545 J-4.5687
X3.6537 Y-0.7138 I1.1612 J-2.2559
X3.5154 Y-0.8099 I1.6001 J-2.4514
G1 X3.493 Y-0.8279
X3.4818 Y-0.8369
X3.448 Y-0.8658
G3 X3.3609 Y-0.9533 I1.1136 J-1.1968
X3.1728 Y-1.2867 I0.6801 J-0.6035
X3.1499 Y-1.605 I0.7169 J-0.2116
X3.2694 Y-1.9218 I0.8287 J0.1318
X3.3815 Y-2.0725 I0.8543 J0.5182
X3.62 Y-2.2632 I1.0074 J1.0153
X3.7965 Y-2.3668 I0.8514 J1.2482
X3.8976 Y-2.4158 I0.5428 J0.9907
X3.9987 Y-2.4606 I1.3041 J2.8078
G2 X4.055 Y-2.4929 I-0.0735 J-0.1936
G1 X4.074 Y-2.5105
G2 X4.1276 Y-2.634 I-0.1396 J-0.1339
G1 X4.1314 Y-2.6782
X4.1348 Y-2.7224
X4.1381 Y-2.7667
X4.1368 Y-2.811
X4.1302 Y-2.8481
X4.1291 Y-2.8556
X4.1285 Y-2.8631
X4.1283 Y-2.8707
G3 X4.1413 Y-2.8978 I0.0375 J0.0013
X4.2032 Y-2.8693 I0.0245 J0.0284 F300.
G1 X4.2025 Y-2.6338
G3 X4.1395 Y-2.6064 I-0.0375 J-0.0001
X4.1275 Y-2.634 I0.0255 J-0.0275 F60.
G1 X4.1279 Y-2.6452
X4.1283 Y-2.6564
Y-2.9483
X4.1279 Y-2.9596
X4.1273 Y-2.9685
G3 X4.1385 Y-2.9964 I0.0375 J-0.0012
X4.2002 Y-2.982 I0.0263 J0.0267 F300.
G1 X4.2488 Y-2.8697
G3 X4.2579 Y-2.8248 I-0.0892 J0.0416
G1 X4.2569 Y-2.6115
X4.2435 Y-2.5442
X3.5457 Y-0.8937
G3 X3.4759 Y-0.8532 I-0.0587 J-0.0208
X3.4567 Y-0.86 I0.011 J-0.0613 F60.
G1 X3.448 Y-0.8658
G3 X3.2413 Y-1.0958 I0.7512 J-0.8832
X3.1536 Y-1.2641 I0.7398 J-0.4926
X3.1219 Y-1.3729 I0.7666 J-0.2822
G1 X3.1214 Y-1.3765
X3.1178 Y-1.399
G3 X3.1097 Y-1.4958 I0.9207 J-0.1254
G1 X3.1102 Y-1.5002
X3.1111 Y-1.5045
X3.1125 Y-1.5087
X3.1145 Y-1.5127
X3.1168 Y-1.5164
X3.1196 Y-1.5198
X3.1228 Y-1.5229
G3 X3.1847 Y-1.4976 I0.0245 J0.0284 F300.
G1 X3.192 Y-1.4093
G3 X3.1349 Y-1.3742 I-0.0374 J0.0031
X3.1178 Y-1.399 I0.0197 J-0.0319 F60.
X3.1215 Y-1.6235 I0.6243 J-0.102
X3.1541 Y-1.7357 I0.6441 J0.1262
X3.201 Y-1.8368 I0.6004 J0.2175
X3.3133 Y-1.9991 I0.8286 J0.4533
X3.3815 Y-2.0724 I0.7525 J0.6314
G1 X3.3918 Y-2.0792
G3 X3.41 Y-2.0823 I0.0152 J0.0343
X3.4408 Y-2.0614 I-0.0029 J0.0374 F300.
G1 X4.2881 Y-0.3997
X4.3022 Y-0.3548
X4.3136 Y-0.2874
X4.3095 Y-0.1752
X4.2995 Y-0.1078
X4.2086 Y0.1168
G3 X4.0898 Y0.0903 I-0.0565 J-0.0263
X4.0974 Y0.0606 I0.0623 J0.0002 F60.
G2 X4.128 Y-0.0438 I-0.163 J-0.1043
G1 X4.1317 Y-0.088
X4.135 Y-0.1323
X4.1382 Y-0.1766
X4.1372 Y-0.2209
X4.1301 Y-0.2626
X4.1291 Y-0.2698
X4.1285 Y-0.2771
X4.1283 Y-0.2844
G3 X4.1413 Y-0.3115 I0.0375 J0.0013
X4.2032 Y-0.2831 I0.0245 J0.0284 F300.
G1 X4.203 Y-0.0438
G3 X4.1401 Y-0.0163 I-0.0375 J0.
X4.128 Y-0.0438 I0.0254 J-0.0276 F60.
G1 X4.1283 Y-0.0517
Y-0.3436
X4.1279 Y-0.3548
X4.1277 Y-0.361
Y-0.3611
X4.1282 Y-0.3647 Z1.1036
X4.1287 Y-0.3683 Z1.1043
X4.1292 Y-0.3718 Z1.1054
X4.1309 Y-0.3753 Z1.1072
X4.1324 Y-0.3786 Z1.1095
X4.1338 Y-0.3816 Z1.1123
X4.1355 Y-0.3836 Z1.1154
X4.137 Y-0.3853 Z1.1187
X4.1381 Y-0.3867 Z1.1224
X4.139 Y-0.3877 Z1.1262
X4.1395 Y-0.3883 Z1.1302
X4.1397 Y-0.3885 Z1.1343
G0 Z1.64
X0.3712 Y-3.1936
Z1.2398
G1 Z1.2023 F60.
X0.3709 Z1.1978
X0.3701 Y-3.1934 Z1.1933
X0.3688 Y-3.193 Z1.189
X0.367 Y-3.1926 Z1.1849
X0.3648 Y-3.192 Z1.181
X0.362 Y-3.1913 Z1.1774
X0.3589 Y-3.1905 Z1.1742
X0.3555 Y-3.1896 Z1.1714
X0.3517 Y-3.1886 Z1.1691
X0.3478 Y-3.1876 Z1.1672
X0.3436 Y-3.1865 Z1.1659
X0.3393 Y-3.1854 Z1.1651
X0.3349 Y-3.1842 Z1.1648
G3 X0.1308 Y-3.1542 I-0.2406 J-0.9266
G2 X0.0658 Y-3.1506 I-0.0138 J0.339
X-0.0022 Y-3.1235 I0.0507 J0.2269
X-0.0942 Y-2.9596 I0.1072 J0.1679
G1 X-0.0944 Y-2.9483
Y-2.7238
G2 X-0.074 Y-2.634 I0.2095 J-0.0004
G1 X-0.0611 Y-2.6115
G2 X0.0265 Y-2.5393 I0.1585 J-0.1029
G1 X0.0291 Y-2.5379
X0.0316 Y-2.5364
G2 X0.0522 Y-2.5223 I0.6876 J-0.9814
X0.2124 Y-2.4319 I0.6669 J-0.9955 F300.
X0.2275 Y-2.4284 I0.0159 J-0.034
G1 X1.1659 Y-2.4092
G2 X1.1811 Y-2.4121 I0.0008 J-0.0375
X1.3623 Y-2.5067 I-0.462 J-1.1057
G1 X1.3661 Y-2.5091 F60.
G3 X1.3914 Y-2.5147 I0.0202 J0.0316
X1.4476 Y-2.5013 I-0.0637 J0.3897
X1.5579 Y-2.4432 I-0.1644 J0.4462
G1 X1.561 Y-2.44
X1.5637 Y-2.4365
X1.5659 Y-2.4327
X1.5677 Y-2.4286
X1.569 Y-2.4244
X1.5697 Y-2.42
X1.57 Y-2.4156
Y-2.4148 F300.
X1.54 Y-0.5651
X1.5398 Y-0.5624
X1.5395 Y-0.5597
G3 X1.5232 Y-0.5344 I-0.037 J-0.006 F60.
X1.4252 Y-0.4921 I-0.208 J-0.3469
G1 X1.4208 Y-0.4915
X1.4163
X1.4119 Y-0.4919
X1.4076 Y-0.4929
X1.4034 Y-0.4944
X1.3994 Y-0.4964
X1.3957 Y-0.4988
X1.3923 Y-0.5016 F300.
G2 X1.2673 Y-0.5975 I-0.6109 J0.6667
X1.2467 Y-0.6034 I-0.0201 J0.0316
G1 X0.2986 Y-0.5926
G2 X0.2782 Y-0.5862 I0.0004 J0.0375
X0.158 Y-0.49 I0.5032 J0.7514
G1 X0.1554 Y-0.4874 F60.
G3 X0.1308 Y-0.477 I-0.026 J-0.0271
G2 X0.0765 Y-0.475 I-0.013 J0.3845
X-0.0202 Y-0.4334 I0.0297 J0.2022
X-0.0611 Y-0.3885 I0.1132 J0.1443
X-0.0938 Y-0.2874 I0.1657 J0.1094
G1 X-0.0944 Y-0.2762
Y-0.0517
X-0.0941 Y-0.0404
G2 X-0.026 Y0.1057 I0.1978 J-0.0032
G1 X-0.0239 Y0.1077
X-0.0219 Y0.1099
G2 X-0.0066 Y0.1297 I1.936 J-1.4782
X0.1143 Y0.273 I1.9207 J-1.498 F300.
X0.1414 Y0.2852 I0.0277 J-0.0253
G1 X3.6358 Y0.3383
G2 X3.6633 Y0.3269 I0.0006 J-0.0375
X3.8044 Y0.168 I-1.7492 J-1.6952
G1 X3.805 Y0.1673
G3 X3.832 Y0.1542 I0.0285 J0.0244 F60.
G2 X3.9876 Y0.0957 I0.009 J-0.2121
G1 X4.0109 Y0.0681
X4.0217 Y0.0494
X4.0279 Y0.0382
X4.0322 Y0.0269
X4.0501 Y-0.0137
X4.0624 Y-0.0563
X4.0712 Y-0.0998
G2 X4.0852 Y-0.2766 I-1.2781 J-0.1903
G1 X4.0785 Y-0.3204
X4.0631 Y-0.3621
G3 X4.0378 Y-0.4109 I0.2238 J-0.1471
G1 X4.0324 Y-0.4261
G2 X4.0107 Y-0.4671 I-0.2097 J0.0847
X3.92 Y-0.5381 I-0.167 J0.1198
G3 X3.8301 Y-0.5773 I1.0866 J-2.6179
G1 X3.7907 Y-0.5976
G3 X3.5671 Y-0.7265 I0.6136 J-1.3222
X3.2805 Y-0.9823 I0.7855 J-1.1683
X3.1428 Y-1.199 I0.7724 J-0.6429
X3.0759 Y-1.4824 I0.667 J-0.307
X3.1514 Y-1.8161 I0.7219 J-0.0121
X3.2978 Y-2.0362 I0.8648 J0.4163
G1 X3.3257 Y-2.0676
X3.3539 Y-2.0969
X3.3857 Y-2.1278
G3 X3.5944 Y-2.2921 I1.052 J1.1222
X3.7459 Y-2.3834 I1.0053 J1.4966
X3.9314 Y-2.4667 I1.5099 J3.1149
G2 X4.0178 Y-2.544 I-0.0862 J-0.1834
G1 X4.0294 Y-2.5666
X4.0324 Y-2.5739
X4.0494 Y-2.6149
X4.062 Y-2.6575
X4.0709 Y-2.701
G2 X4.0852 Y-2.8777 I-1.2572 J-0.1904
G1 X4.0777 Y-2.9215
X4.0595 Y-2.9619
G3 X4.0397 Y-3.0045 I0.0832 J-0.0646
G1 X4.0365 Y-3.0157
X4.0279 Y-3.0382
X4.0212 Y-3.0502
X4.0109 Y-3.0681
X3.9875 Y-3.0956
G2 X3.8568 Y-3.1536 I-0.1445 J0.1493
G1 X3.8525 Y-3.1543
X3.8483 Y-3.1556
X3.8442 Y-3.1573
X3.8404 Y-3.1595
X3.8369 Y-3.1622
X3.8337 Y-3.1652
X3.8309 Y-3.1686
G3 X3.8639 Y-3.2282 I0.0303 J-0.0221 F300.
G1 X4.01 Y-3.2198
G3 X4.081 Y-3.1841 I-0.0049 J0.0983
G1 X4.1269 Y-3.128
X4.1938 Y-2.982
X4.2127 Y-2.9034
X4.2111 Y-2.8697
X4.1532 Y-2.5442
G3 X4.0306 Y-2.5434 I-0.0613 J-0.0109
Y-2.5666 I0.0612 J-0.0117 F60.
G1 X4.0324 Y-2.5739
G2 X4.0457 Y-2.6452 I-0.1743 J-0.0693
G1 X4.0461 Y-2.6564
Y-2.9483
X4.0458 Y-2.9596
X4.0443 Y-2.982
X4.0437 Y-2.9858
X4.0397 Y-3.0045
G3 X4.0467 Y-3.0337 I0.0369 J-0.0065
X4.1106 Y-3.0269 I0.0299 J0.0227 F300.
G1 X4.1655 Y-2.9147
G3 X4.1757 Y-2.8697 I-0.0882 J0.0437
G1 X4.1763 Y-2.6227
X3.894 Y-0.613
G3 X3.8605 Y-0.5755 I-0.0461 J-0.0075
X3.8414 Y-0.5742 I-0.0126 J-0.045 F60.
G1 X3.8301 Y-0.5773
G3 X3.4254 Y-0.8161 I0.7847 J-1.7924
X3.2682 Y-0.959 I0.9728 J-1.2282
X3.2007 Y-1.0387 I1.0358 J-0.9452
X3.1392 Y-1.1326 I0.9806 J-0.7097
X3.1016 Y-1.7895 I0.6435 J-0.3664
X3.153 Y-1.8945 I0.7019 J0.2786
X3.3471 Y-2.1173 I0.9299 J0.6139
X3.5545 Y-2.2744 I0.9986 J1.1031
X3.7179 Y-2.3687 I0.8766 J1.3306
G1 X3.731 Y-2.3757
X3.7459 Y-2.3834
G3 X3.776 Y-2.3843 I0.016 J0.0339
X3.7966 Y-2.3352 I-0.0141 J0.0348 F300.
G1 X3.2644 Y-1.0483
G3 X3.2276 Y-1.0252 I-0.0347 J-0.0143
X3.2008 Y-1.0388 I0.0021 J-0.0374 F60.
X3.0674 Y-1.2754 I0.6812 J-0.5401
X3.0288 Y-1.4551 I0.6423 J-0.2318
X3.0808 Y-1.7581 I0.6585 J-0.043
X3.1531 Y-1.8944 I0.7586 J0.315
X3.1786 Y-1.9103 I0.0308 J0.0213
X3.2158 Y-1.893 I0.0053 J0.0371 F300.
G1 X4.1348 Y-0.512
X4.1933 Y-0.3885
X4.2105 Y-0.3211
X4.2145 Y-0.2538
X4.152 Y0.0606
G3 X4.0298 Y0.0574 I-0.0608 J-0.0136
X4.0322 Y0.0269 I0.0614 J-0.0104 F60.
G2 X4.0458 Y-0.0404 I-0.1661 J-0.0685
G1 X4.0461 Y-0.0517
Y-0.3436
X4.0458 Y-0.3548
X4.0456 Y-0.361
Y-0.3611
X4.0461 Y-0.3647 Z1.165
X4.0466 Y-0.3683 Z1.1657
X4.0471 Y-0.3718 Z1.1668
X4.0488 Y-0.3753 Z1.1686
X4.0503 Y-0.3786 Z1.1709
X4.0516 Y-0.3816 Z1.1738
X4.0534 Y-0.3836 Z1.1768
X4.0548 Y-0.3853 Z1.1802
X4.056 Y-0.3867 Z1.1838
X4.0568 Y-0.3877 Z1.1877
X4.0574 Y-0.3883 Z1.1917
X4.0575 Y-0.3885 Z1.1957
G0 Z1.64
X0.3955 Y-3.1935
Z1.2885
G1 Z1.251 F60.
X0.3953 Y-3.1934 Z1.2464
X0.3945 Y-3.1932 Z1.242
X0.3932 Y-3.1929 Z1.2377
X0.3914 Y-3.1924 Z1.2335
X0.3891 Y-3.1918 Z1.2297
X0.3864 Y-3.1911 Z1.2261
X0.3833 Y-3.1903 Z1.2229
X0.3799 Y-3.1894 Z1.2201
X0.3761 Y-3.1885 Z1.2178
X0.3721 Y-3.1874 Z1.2159
X0.3679 Y-3.1863 Z1.2146
X0.3636 Y-3.1852 Z1.2137
X0.3592 Y-3.1841 Z1.2135
G3 X0.1552 Y-3.1542 I-0.2401 J-0.9268
G2 X0.099 Y-3.1515 I-0.0106 J0.3699
X0.0203 Y-3.1206 I0.0389 J0.2144
X-0.0134 Y-3.0924 I0.1967 J0.2696
X-0.0472 Y-3.0444 I0.1759 J0.1597
X-0.068 Y-2.9483 I0.1943 J0.0922
G1 Y-2.7238
G2 X-0.0418 Y-2.6227 I0.2093 J-0.0003
X0.0419 Y-2.5441 I0.1762 J-0.1038
G1 X0.0694 Y-2.5329
X0.0765 Y-2.5311
X0.0877 Y-2.5284
G3 X0.0984 Y-2.5235 I-0.0102 J0.0361
G1 X0.1144 Y-2.513
G2 X0.2924 Y-2.417 I0.6893 J-1.0661 F300.
X0.3065 Y-2.4139 I0.0151 J-0.0343
G1 X1.234 Y-2.3875
G2 X1.2482 Y-2.3899 I0.0011 J-0.0375
X1.4479 Y-2.4851 I-0.4445 J-1.1892
G1 X1.4499 Y-2.4862
G3 X1.4799 Y-2.488 I0.017 J0.0334 F60.
X1.5232 Y-2.4656 I-0.2757 J0.5837
X1.5395 Y-2.4403 I-0.0207 J0.0313
G1 X1.5398 Y-2.4376 F300.
X1.54 Y-2.4349
X1.57 Y-0.5852
Y-0.5844
G3 X1.5578 Y-0.5569 I-0.0375 J-0.0002 F60.
X1.4364 Y-0.4951 I-0.2623 J-0.3652
G1 X1.4129 Y-0.4895
X1.4026 Y-0.4872
X1.3914 Y-0.4853
G3 X1.3636 Y-0.4926 I-0.0051 J-0.0372
G1 X1.3625 Y-0.4935
G2 X1.2203 Y-0.583 I-0.5873 J0.7748 F300.
X1.2029 Y-0.5872 I-0.0172 J0.0333
G1 X0.3363 Y-0.5816
G2 X0.319 Y-0.5772 I0.0002 J0.0375
X0.1827 Y-0.4895 I0.4562 J0.8585
G1 X0.1768 Y-0.4849 F60.
G3 X0.1552 Y-0.477 I-0.0231 J-0.0296
G2 X0.099 Y-0.4744 I-0.0132 J0.315
G1 X0.0765 Y-0.4689
X0.0694 Y-0.4671
X0.042 Y-0.4558
G2 X-0.0526 Y-0.3549 I0.0891 J0.1783
X-0.068 Y-0.2762 I0.1985 J0.0796
G1 Y-0.0517
G2 X-0.0471 Y0.0443 I0.213 J0.004
X-0.0023 Y0.1027 I0.1779 J-0.0903
G1 X0.0056 Y0.1091
X0.0077 Y0.1112
X0.0097 Y0.1134
G2 X0.0253 Y0.1329 I1.891 J-1.5044
X0.148 Y0.2725 I1.8753 J-1.5239 F300.
X0.1746 Y0.2842 I0.0272 J-0.0258
G1 X3.5775 Y0.3334
G2 X3.6045 Y0.3225 I0.0005 J-0.0375
X3.7471 Y0.1677 I-1.7039 J-1.7135
G1 X3.7474 Y0.1674 F60.
G3 X3.774 Y0.1542 I0.0287 J0.0242
G2 X3.9237 Y0.0944 I0.0036 J-0.2085
G1 X3.9429 Y0.0718
G2 X3.9718 Y0.0157 I-0.1793 J-0.1279
G1 X3.9746 Y0.0045
X3.9762 Y-0.0032
X3.9878 Y-0.0461
G2 X4.003 Y-0.2228 I-1.226 J-0.1948
G1 X4.0042 Y-0.2671
X3.9994 Y-0.3113
X3.9856 Y-0.3534
X3.9833 Y-0.3614
X3.9812 Y-0.3694
X3.9796 Y-0.3775
G3 X3.9876 Y-0.4065 I0.0371 J-0.0053
G1 X4.0086 Y-0.4222 F300.
G3 X4.1475 Y-0.3323 I0.0507 J0.0739
G1 X4.0994 Y0.0157
G3 X3.9784 Y0.0273 I-0.0618 J-0.008
X3.9762 Y-0.0032 I0.0592 J-0.0195 F60.
G2 X3.9811 Y-0.0517 I-0.1972 J-0.0442
G1 Y-0.3436
G2 X3.9692 Y-0.4222 I-0.2271 J-0.0058
G1 X3.965 Y-0.4322
X3.9526 Y-0.4558
G2 X3.8526 Y-0.539 I-0.1687 J0.1012
G3 X3.623 Y-0.6464 I1.0454 J-2.5325
G1 X3.5941 Y-0.6623
X3.5829 Y-0.6685
X3.5624 Y-0.6804
X3.5252 Y-0.7046
G3 X3.1651 Y-1.0246 I0.6548 J-1.0994
X3.0438 Y-1.239 I0.7506 J-0.566
X3.0507 Y-1.7747 I0.6511 J-0.2596
X3.1806 Y-1.9936 I0.8384 J0.3496
X3.4211 Y-2.2272 I1.0183 J0.8078
G1 X3.4445 Y-2.2447
X3.4467 Y-2.2462
G3 X3.7853 Y-2.4316 I1.1064 J1.6194
X3.8639 Y-2.4656 I1.0352 J2.2812
G2 X3.9527 Y-2.5441 I-0.0812 J-0.1814
G1 X3.965 Y-2.5678
G2 X3.9758 Y-2.6014 I-0.1543 J-0.0682
G1 X3.9858 Y-2.6446
G2 X4.0026 Y-2.8211 I-1.1209 J-0.1959
G1 X4.004 Y-2.8655
X3.9997 Y-2.9096
X3.9873 Y-2.943
X3.9834 Y-2.955
X3.9808 Y-2.9673
X3.9794 Y-2.9798
G3 X3.9906 Y-3.0077 I0.0375 J-0.0012
X4.0461 Y-3.0045 I0.0263 J0.0267 F300.
G1 X4.1174 Y-2.881
G3 X4.1257 Y-2.8361 I-0.0755 J0.0371
G1 X4.0997 Y-2.5891
G3 X3.9875 Y-2.5553 I-0.0622 J-0.0035
G1 X3.9874 Y-2.5554
G3 X3.979 Y-2.5709 I0.05 J-0.0371
X3.9758 Y-2.6014 I0.0585 J-0.0216 F60.
G2 X3.9811 Y-2.6564 I-0.243 J-0.0511
G1 Y-2.9483
G2 X3.9717 Y-3.0157 I-0.231 J-0.0022
X3.9426 Y-3.0724 I-0.2077 J0.0708
G1 X3.9236 Y-3.0943
G2 X3.7894 Y-3.1536 I-0.1443 J0.1449
G1 X3.7851 Y-3.1543
X3.7808 Y-3.1556
X3.7767 Y-3.1573
X3.7729 Y-3.1595
X3.7693 Y-3.1621
X3.7661 Y-3.1651
X3.7633 Y-3.1685
G3 X3.7964 Y-3.2283 I0.03 J-0.0225 F300.
G1 X3.9313 Y-3.2267
G3 X4.01 Y-3.1914 I0.0031 J0.0984
G1 X4.0614 Y-3.128
X4.0904 Y-3.0718
X4.1059 Y-3.0157
X4.1114 Y-2.9483
X4.1107 Y-2.6227
X4.0966 Y-2.5442
X3.6306 Y-0.7141
G3 X3.5924 Y-0.6756 I-0.0461 J-0.0075
X3.5624 Y-0.6804 I-0.0079 J-0.0461 F60.
X3.3468 Y-0.827 I0.9336 J-1.6055
X3.1714 Y-0.9946 I0.8724 J-1.0882
X3.0416 Y-1.1855 I0.7442 J-0.6457
X2.9742 Y-1.3765 I0.6587 J-0.3398
G1 X2.9688 Y-1.4102
G3 X2.9625 Y-1.4953 I1.9644 J-0.1884
G1 X2.9629 Y-1.4997
X2.9639 Y-1.504
X2.9653 Y-1.5082
X2.9673 Y-1.5122
X2.9696 Y-1.5159
X2.9724 Y-1.5193
X2.9756 Y-1.5224
G3 X3.0375 Y-1.4967 I0.0245 J0.0284 F300.
G1 X3.043 Y-1.4202
G3 X2.986 Y-1.3855 I-0.0374 J0.0027
X2.9688 Y-1.4102 I0.0196 J-0.032 F60.
X2.9987 Y-1.7133 I0.6334 J-0.0905
X3.118 Y-1.9378 I0.7842 J0.2726
X3.3134 Y-2.1448 I0.9473 J0.6985
X3.4467 Y-2.2461 I0.8468 J0.9759
G1 X3.45 Y-2.2477 Z1.2137
X3.4533 Y-2.2492 Z1.2143
X3.4565 Y-2.2507 Z1.2154
X3.4602 Y-2.2512 Z1.2172
X3.4637 Y-2.2517 Z1.2194
X3.4669 Y-2.2522 Z1.2221
X3.4697 Y-2.2518 Z1.2251
X3.472 Y-2.2515 Z1.2286
X3.4739 Y-2.2513 Z1.2323
X3.4752 Y-2.2511 Z1.2362
X3.4761 Y-2.251 Z1.2402
X3.4763 Z1.2444
G0 Z1.64
X0.4291 Y-3.1943
Z1.338
G1 Z1.3005 F60.
X0.4289 Z1.2959
X0.4281 Y-3.194 Z1.2915
X0.4268 Y-3.1937 Z1.2872
X0.425 Y-3.1932 Z1.283
X0.4227 Y-3.1926 Z1.2792
X0.42 Y-3.1919 Z1.2756
X0.4169 Y-3.1911 Z1.2724
X0.4135 Y-3.1902 Z1.2696
X0.4097 Y-3.1892 Z1.2673
X0.4057 Y-3.1882 Z1.2654
X0.4015 Y-3.1871 Z1.2641
X0.3972 Y-3.1859 Z1.2632
X0.3929 Y-3.1848 Z1.263
G3 X0.1889 Y-3.1542 I-0.2433 J-0.9259
G2 X0.1214 Y-3.1487 I-0.0117 J0.2759
X-0.0301 Y-2.982 I0.046 J0.1941
G1 X-0.0316 Y-2.9596
X-0.0319 Y-2.9483
Y-2.7238
G2 X-0.0055 Y-2.6226 I0.2074 J-0.0001
X0.1664 Y-2.5231 I0.1735 J-0.1015
G1 X0.1889 Y-2.523
G3 X0.2057 Y-2.5182 I-0.0015 J0.0375
G1 X0.2173 Y-2.5118
G2 X0.417 Y-2.4226 I0.6407 J-1.1662 F300.
X0.4285 Y-2.4204 I0.0124 J-0.0354
G1 X1.2228 Y-2.4002
G2 X1.2344 Y-2.4017 I0.001 J-0.0375
X1.4499 Y-2.4862 I-0.3763 J-1.2764
G1 X1.4503 Y-2.4864 F60.
G3 X1.4799 Y-2.488 I0.0167 J0.0336
X1.5579 Y-2.4432 I-0.1972 J0.4337
G1 X1.561 Y-2.44
X1.5637 Y-2.4365
X1.5659 Y-2.4327
X1.5677 Y-2.4286
X1.569 Y-2.4244
X1.5697 Y-2.42
X1.57 Y-2.4156
Y-2.4148 F300.
X1.54 Y-0.5651
X1.5398 Y-0.5624
X1.5395 Y-0.5597
G3 X1.5232 Y-0.5344 I-0.037 J-0.006 F60.
X1.4364 Y-0.4952 I-0.219 J-0.3683
X1.4082 Y-0.5006 I-0.0075 J-0.0367
G1 X1.407 Y-0.5014
G2 X1.1585 Y-0.6224 I-0.5861 J0.8881 F300.
X1.1461 Y-0.6243 I-0.0119 J0.0356
G1 X0.4674 Y-0.6148
G2 X0.4551 Y-0.6125 I0.0005 J0.0375
X0.2167 Y-0.4892 I0.3658 J0.9992
G1 X0.2089 Y-0.4838 F60.
G3 X0.1889 Y-0.477 I-0.0216 J-0.0307
G2 X0.1214 Y-0.4715 I-0.0124 J0.2647
X-0.0315 Y-0.2874 I0.0453 J0.1932
G1 X-0.0319 Y-0.2762
Y-0.0517
G2 X-0.0224 Y0.0157 I0.2193 J0.0035
X0.0404 Y0.1081 I0.1831 J-0.057
G1 X0.0425 Y0.1101
X0.0444 Y0.1124
G2 X0.06 Y0.132 I1.8401 J-1.4465
X0.1775 Y0.2672 I1.8245 J-1.4661 F300.
X0.2043 Y0.2791 I0.0273 J-0.0257
G1 X3.5149 Y0.3293
G2 X3.542 Y0.3183 I0.0006 J-0.0375
X3.6797 Y0.1676 I-1.6576 J-1.6525
G3 X3.7065 Y0.1542 I0.0288 J0.0241 F60.
G2 X3.8575 Y0.0944 I0.0046 J-0.209
G1 X3.8769 Y0.0718
G2 X3.9057 Y0.0157 I-0.1892 J-0.1325
G1 X3.9084 Y0.0045
X3.9199 Y-0.0384
G2 X3.9374 Y-0.2148 I-1.0819 J-0.1963
G1 X3.9389 Y-0.2592
X3.9359 Y-0.3034
X3.9236 Y-0.3461
G3 X3.9135 Y-0.3773 I0.0598 J-0.0366
X3.9229 Y-0.4058 I0.0373 J-0.0035
G1 X3.9425 Y-0.4191 F300.
G3 X4.0774 Y-0.3773 I0.0503 J0.0761
X4.0835 Y-0.3323 I-0.0846 J0.0342
G1 X4.031 Y0.0269
G3 X3.9106 Y0.035 I-0.0612 J-0.0115
X3.9084 Y0.0045 I0.0592 J-0.0195 F60.
G2 X3.9149 Y-0.0517 I-0.2088 J-0.0526
G1 Y-0.3436
G2 X3.9031 Y-0.4222 I-0.2273 J-0.0059
X3.8752 Y-0.4729 I-0.2158 J0.0858
X3.7852 Y-0.5396 I-0.1621 J0.1246
G3 X3.4962 Y-0.6802 I0.9247 J-2.2681
G1 X3.4592 Y-0.7046
G3 X3.0976 Y-1.0279 I0.6644 J-1.1071
X2.9778 Y-1.2415 I0.7524 J-0.5623
X2.9419 Y-1.6335 I0.6545 J-0.2576
X3.0738 Y-1.9364 I0.8069 J0.1713
X3.258 Y-2.1457 I0.9432 J0.6444
X3.3978 Y-2.258 I0.9356 J1.0211
X3.7291 Y-2.4362 I1.1203 J1.6867
G2 X3.8077 Y-2.4704 I-1.4393 J-3.4113
X3.8865 Y-2.5441 I-0.0924 J-0.1778
G1 X3.8982 Y-2.5666
G2 X3.9092 Y-2.5987 I-0.146 J-0.0676
X3.9351 Y-2.774 I-0.8311 J-0.2128
G1 X3.9374 Y-2.8183
X3.9388 Y-2.8627
X3.9352 Y-2.9069
X3.9203 Y-2.9487
X3.9172 Y-2.9548
X3.915 Y-2.9613
X3.914 Y-2.9681
G3 X3.9252 Y-2.996 I0.0375 J-0.0012
G1 X3.9399 Y-3.0045 F300.
G3 X4.0758 Y-2.9147 I0.0491 J0.0734
G1 X4.0324 Y-2.5806
G3 X3.9124 Y-2.5683 I-0.0616 J-0.0093
X3.9092 Y-2.5987 I0.0585 J-0.0216 F60.
G2 X3.9149 Y-2.6564 I-0.2483 J-0.054
G1 Y-2.9483
G2 X3.9015 Y-3.027 I-0.2134 J-0.004
X3.8769 Y-3.0719 I-0.2285 J0.0957
G1 X3.8574 Y-3.0943
G2 X3.722 Y-3.1537 I-0.1444 J0.1452
G1 X3.7176 Y-3.1544
X3.7134 Y-3.1556
X3.7093 Y-3.1573
X3.7054 Y-3.1594
X3.7019 Y-3.162
X3.6986 Y-3.165
X3.6957 Y-3.1684
G3 X3.729 Y-3.2284 I0.0299 J-0.0227 F300.
G1 X3.8751 Y-3.2225
G3 X3.9504 Y-3.1841 I-0.0027 J0.0984
G1 X3.9964 Y-3.128
X4.0274 Y-3.0606
X4.0424 Y-3.0005
X4.0451 Y-2.8024
X4.0435 Y-2.6115
X3.5873 Y-0.7253
G3 X3.526 Y-0.673 I-0.0615 J-0.01
X3.4964 Y-0.6804 I-0.0002 J-0.0623 F60.
X3.2816 Y-0.8262 I0.9149 J-1.5782
X3.1107 Y-0.9882 I0.882 J-1.1021
X3.028 Y-1.0957 I0.8979 J-0.7755
X2.925 Y-1.3091 I0.6837 J-0.4617
X2.9031 Y-1.4077 I1.2488 J-0.3286
X2.8972 Y-1.465 I0.6286 J-0.0942
X2.909 Y-1.4927 I0.0375 J-0.0003
X2.9716 Y-1.472 I0.0257 J0.0273 F300.
G1 X2.9976 Y-1.3282
G3 X2.9458 Y-1.2871 I-0.0369 J0.0067
X2.9253 Y-1.3091 I0.0149 J-0.0344 F60.
X2.9407 Y-1.7357 I0.6152 J-0.1913
X3.0437 Y-1.9266 I0.7713 J0.293
X3.2285 Y-2.1286 I0.9348 J0.6694
X3.3979 Y-2.2579 I0.9486 J1.0671
G1 X3.4012 Y-2.2594 Z1.2632
X3.4045 Y-2.2609 Z1.2638
X3.4077 Y-2.2623 Z1.2649
X3.4112 Y-2.2627 Z1.2665
X3.4144 Y-2.2632 Z1.2685
X3.4174 Y-2.2635 Z1.2708
X3.4204 Y-2.2631 Z1.2739
X3.4229 Y-2.2628 Z1.2774
X3.4249 Y-2.2625 Z1.2813
X3.4264 Y-2.2623 Z1.2853
X3.4273 Y-2.2622 Z1.2896
X3.4276 Y-2.2621 Z1.2939
G0 Z1.64
X0.4737 Y-3.1966
Z1.3973
G1 Z1.3598 F60.
X0.4734 Y-3.1965 Z1.3553
X0.4726 Y-3.1963 Z1.3508
X0.4713 Y-3.1959 Z1.3465
X0.4695 Y-3.1955 Z1.3424
X0.4673 Y-3.1948 Z1.3385
X0.4646 Y-3.1941 Z1.3349
X0.4615 Y-3.1933 Z1.3317
X0.4581 Y-3.1923 Z1.3289
X0.4543 Y-3.1913 Z1.3266
X0.4503 Y-3.1902 Z1.3247
X0.4462 Y-3.1891 Z1.3234
X0.4419 Y-3.1879 Z1.3226
X0.4375 Y-3.1867 Z1.3223
G3 X0.2338 Y-3.1542 I-0.252 J-0.9236
G2 X0.0559 Y-3.0607 I-0.0056 J0.2056
X0.0274 Y-2.9802 I0.1794 J0.1088
X0.0114 Y-2.7975 I1.2586 J0.2021
G1 X0.0194 Y-2.7539
X0.0229 Y-2.7447
X0.025 Y-2.735
X0.0257 Y-2.7252
G3 X0.0048 Y-2.7074 I-0.0186 J-0.0006
X-0.0114 Y-2.7259 I0.0024 J-0.0184 F300.
G1 X-0.0097 Y-2.9809
G3 X0.0077 Y-2.9992 I0.0186 J0.0001
X0.0275 Y-2.9802 I0.0012 J0.0185 F60.
G1 X0.0261 Y-2.9596
X0.0257 Y-2.9483
Y-2.7238
G2 X0.0332 Y-2.6676 I0.2305 J-0.0022
X0.0592 Y-2.6115 I0.2175 J-0.0666
X0.0989 Y-2.5682 I0.2364 J-0.1768
G1 X0.1102 Y-2.56
X0.1125 Y-2.5581
X0.1145 Y-2.556
G2 X0.1317 Y-2.5378 I0.6485 J-0.5949
X0.2906 Y-2.4084 I0.6313 J-0.6131 F300.
X0.3092 Y-2.4026 I0.0201 J-0.0316
G1 X1.1543 Y-2.3681
G2 X1.1733 Y-2.3724 I0.0015 J-0.0375
X1.3609 Y-2.5051 I-0.4103 J-0.7786
G1 X1.3625 Y-2.5065
G3 X1.3863 Y-2.5151 I0.0238 J0.0289 F60.
G1 X1.3889 Y-2.515
X1.3914 Y-2.5147
G3 X1.4476 Y-2.5013 I-0.0637 J0.3897
X1.5579 Y-2.4432 I-0.1644 J0.4462
G1 X1.561 Y-2.44
X1.5637 Y-2.4365
X1.5659 Y-2.4327
X1.5677 Y-2.4286
X1.569 Y-2.4244
X1.5697 Y-2.42
X1.57 Y-2.4156
Y-2.4148 F300.
X1.54 Y-0.5651
X1.5398 Y-0.5624
X1.5395 Y-0.5597
G3 X1.5232 Y-0.5344 I-0.037 J-0.006 F60.
X1.4364 Y-0.4952 I-0.219 J-0.3683
X1.3577 Y-0.4803 I-0.1338 J-0.492
G1 X1.3535 Y-0.4804
X1.3493 Y-0.4809
X1.3452 Y-0.4819
X1.3412 Y-0.4834
X1.3375 Y-0.4853
X1.334 Y-0.4876
X1.3307 Y-0.4903
X1.3296 Y-0.4912
G2 X1.2212 Y-0.5743 I-0.5339 J0.5848 F300.
X1.201 Y-0.5802 I-0.0201 J0.0316
G1 X0.3865 Y-0.5777
G2 X0.3662 Y-0.5717 I0.0001 J0.0375
X0.2609 Y-0.4903 I0.4295 J0.6652
G1 X0.2573 Y-0.487 F60.
G3 X0.2338 Y-0.477 I-0.0255 J-0.0275
G2 X0.0876 Y-0.4219 I-0.0049 J0.2086
X0.0538 Y-0.38 I0.2187 J0.211
X0.0279 Y-0.308 I0.1874 J0.1082
X0.0116 Y-0.1314 I1.4872 J0.226
G1 X0.0167 Y-0.0873
G3 X0.026 Y-0.0433 I-0.1208 J0.0484
X0.0057 Y-0.0248 I-0.0186 J0.
X-0.0111 Y-0.0435 I0.0018 J-0.0185 F300.
G1 X-0.0091 Y-0.3091
G3 X0.0086 Y-0.3275 I0.0186 J0.0001
X0.028 Y-0.308 I0.0008 J0.0185 F60.
G1 X0.0272 Y-0.2987
X0.0264 Y-0.2874
X0.0257 Y-0.2762
Y-0.0517
G2 X0.032 Y0.0045 I0.2196 J0.0037
X0.1889 Y0.15 I0.192 J-0.0496
X0.2296 Y0.1541 I0.0376 J-0.1724
G1 X0.2343 Y0.1546
X0.2389 Y0.1557
X0.2433 Y0.1574
X0.2474 Y0.1596
X0.2513 Y0.1624
X0.257 Y0.167
G2 X0.4377 Y0.2998 I1.6613 J-2.0711 F300.
X0.4586 Y0.3062 I0.0209 J-0.0311
G1 X3.3778 Y0.3063
G2 X3.3987 Y0.2999 I0. J-0.0375
X3.5798 Y0.1668 I-1.4804 J-2.204
G1 X3.5851 Y0.1625 F60.
G3 X3.6072 Y0.1542 I0.0235 J0.0292
G2 X3.6728 Y0.1502 I0.0142 J-0.3045
X3.7515 Y0.1168 I-0.0411 J-0.2062
G1 X3.774 Y0.0981
X3.7784 Y0.0943
G2 X3.812 Y0.0495 I-0.1944 J-0.1804
G1 X3.8174 Y0.0382
X3.826 Y0.0157
X3.8265 Y0.0138
X3.8406 Y-0.0282
X3.8519 Y-0.0711
X3.8598 Y-0.1148
G2 X3.8708 Y-0.2918 I-1.084 J-0.1562
G1 X3.8608 Y-0.335
X3.8428 Y-0.3756
X3.8366 Y-0.3861
X3.8315 Y-0.3971
X3.8276 Y-0.4086
G2 X3.8076 Y-0.4559 I-0.1938 J0.0543
G1 X3.8067 Y-0.4573
X3.8058 Y-0.4587
X3.7852 Y-0.4854
G2 X3.7178 Y-0.5345 I-0.1437 J0.1265
G3 X3.5941 Y-0.5884 I1.8109 J-4.3186
G1 X3.5549 Y-0.6093
G3 X3.1047 Y-0.9393 I0.6641 J-1.378
X2.9604 Y-1.1377 I0.7968 J-0.7315
X2.8692 Y-1.4026 I0.6818 J-0.3829
X2.921 Y-1.7785 I0.6982 J-0.0951
X3.0521 Y-1.9971 I0.8396 J0.3548
X3.1921 Y-2.1461 I0.9427 J0.7453
X3.4954 Y-2.3627 I1.1269 J1.2579
X3.718 Y-2.4652 I1.1242 J2.1474
G2 X3.7853 Y-2.5145 I-0.0867 J-0.1891
G1 X3.8058 Y-2.5413
X3.8067 Y-2.5427
X3.8077 Y-2.5444
X3.819 Y-2.5666
X3.8231 Y-2.5778
X3.8395 Y-2.6191
X3.8511 Y-2.6619
X3.8593 Y-2.7055
G2 X3.872 Y-2.8824 I-1.3439 J-0.186
G1 X3.8633 Y-2.9259
X3.8442 Y-2.966
G3 X3.8316 Y-2.9932 I0.0501 J-0.0397
G2 X3.8053 Y-3.0606 I-0.1895 J0.0351
X3.7741 Y-3.0982 I-0.2223 J0.1525
G1 X3.7515 Y-3.1168
G2 X3.6279 Y-3.1541 I-0.1195 J0.1726
G1 X3.6166 Y-3.1542
G3 X3.5896 Y-3.1672 I0.0014 J-0.0375
X3.6153 Y-3.229 I0.0285 J-0.0244 F300.
G1 X3.729 Y-3.2497
G3 X3.8077 Y-3.2345 I0.0222 J0.0959
G1 X3.8605 Y-3.1953
X3.8976 Y-3.1537
X3.9425 Y-3.0791
X3.9965 Y-2.9259
X4.0011 Y-2.8361
X3.9431 Y-2.5442
G3 X3.8976 Y-2.4993 I-0.0603 J-0.0157
G1 X3.8863 Y-2.4977
G3 X3.8218 Y-2.5473 I-0.0036 J-0.0622
X3.8231 Y-2.5778 I0.061 J-0.0126 F60.
G2 X3.8352 Y-2.6452 I-0.1708 J-0.0655
G1 X3.8356 Y-2.6564
Y-2.9483
X3.8353 Y-2.9596
X3.8338 Y-2.982
X3.8316 Y-2.9932
G3 X3.839 Y-3.0224 I0.037 J-0.006
X3.9023 Y-3.0157 I0.0295 J0.0231 F300.
G1 X3.9632 Y-2.8697
X3.9644 Y-2.6115
X3.6799 Y-0.6355
G3 X3.6244 Y-0.5839 I-0.0614 J-0.0104
X3.6054 Y-0.585 I-0.0059 J-0.062 F60.
G1 X3.5941 Y-0.5886
G3 X3.2457 Y-0.7928 I0.8151 J-1.7901
X3.0069 Y-1.0171 I0.8147 J-1.1065
G1 X2.976 Y-1.0569
X2.9721 Y-1.0621
X2.9566 Y-1.0846
G3 X2.8999 Y-1.184 I0.7527 J-0.4951
X2.8789 Y-1.7659 I0.6625 J-0.3153
X2.918 Y-1.8546 I0.6698 J0.2417
X3.0779 Y-2.0613 I0.8781 J0.5141
X3.2933 Y-2.2408 I1.007 J0.9893
X3.4954 Y-2.3626 I1.0018 J1.4337
G1 X3.4995 Y-2.3643
X3.5037 Y-2.3655
X3.5081 Y-2.3662
X3.5125 Y-2.3664
X3.5169 Y-2.366
X3.5212 Y-2.3651
X3.5254 Y-2.3638
G3 X3.5461 Y-2.3141 I-0.0138 J0.0349 F300.
G1 X3.0212 Y-1.0921
G3 X2.9827 Y-1.0697 I-0.0345 J-0.0148
X2.9566 Y-1.0846 I0.004 J-0.0373 F60.
X2.8362 Y-1.3428 I0.6587 J-0.4644
X2.8189 Y-1.5525 I0.6408 J-0.1584
X2.8907 Y-1.8031 I0.6937 J0.0631
G1 X2.9017 Y-1.8256
X2.9077 Y-1.8368
X2.918 Y-1.8546
G3 X2.9429 Y-1.8714 I0.0317 J0.02
X2.978 Y-1.8593 I0.0069 J0.0369 F300.
G1 X3.9251 Y-0.512
X3.9831 Y-0.3773
X3.9989 Y-0.3099
X3.9999 Y-0.2425
X3.9486 Y0.0382
G3 X3.8268 Y0.0444 I-0.0616 J-0.0096
X3.8265 Y0.0138 I0.0602 J-0.0159 F60.
G2 X3.8356 Y-0.0517 I-0.2037 J-0.0618
G1 Y-0.3436
X3.8353 Y-0.3548
X3.835 Y-0.361
G3 X3.847 Y-0.3885 I0.0375 J-0.0001
G1 X3.8503 Y-0.3916 Z1.3226
X3.8536 Y-0.3946 Z1.3234
X3.8568 Y-0.3976 Z1.3247
X3.8598 Y-0.4004 Z1.3266
X3.8626 Y-0.403 Z1.3289
X3.8652 Y-0.4055 Z1.3317
X3.8676 Y-0.4076 Z1.3349
X3.8696 Y-0.4095 Z1.3385
X3.8714 Y-0.4111 Z1.3424
X3.8727 Y-0.4124 Z1.3465
X3.8737 Y-0.4133 Z1.3508
X3.8743 Y-0.4139 Z1.3553
X3.8745 Y-0.4141 Z1.3598
G0 Z2.04
(2D CONTOUR13)
S5000 M3
G64 P0.0004 Q0.0004
G0 X-0.1815 Y-2.4205
Z2.04
Z1.64
G1 Z0.5226 F80.
G19 G2 Y-2.458 Z0.4851 J-0.0375 K0. F50.
G1 Y-2.4955
G17 G3 X-0.144 Y-2.533 I0.0375 J0.
G1 X1.3221
G3 X1.7252 Y-2.1299 I0. J0.4031
G1 Y-0.8701
G3 X1.3221 Y-0.467 I-0.4031 J0.
G1 X-0.144
G3 X-0.1815 Y-0.5045 I0. J-0.0375
G1 Y-0.542
G19 G2 Y-0.5795 Z0.5226 J0. K0.0375
G0 Z1.64
Y-2.4205
G1 Z0.5226 F80.
G2 Y-2.458 Z0.4851 J-0.0375 K0. F50.
G1 Y-2.4955
G17 G3 X-0.144 Y-2.533 I0.0375 J0.
G1 X1.3221
G3 X1.7252 Y-2.1299 I0. J0.4031
G1 Y-0.8701
G3 X1.3221 Y-0.467 I-0.4031 J0.
G1 X-0.144
G3 X-0.1815 Y-0.5045 I0. J-0.0375
G1 Y-0.542
G19 G2 Y-0.5795 Z0.5226 J0. K0.0375
G0 Z2.04
Y0.2567
Z1.64
G1 Z0.2116 F80.
G2 Y0.2192 Z0.1741 J-0.0375 K0. F50.
G1 Y0.1817
G17 G3 X-0.144 Y0.1442 I0.0375 J0.
G1 X4.2441
G2 X4.4316 Y-0.0433 I0. J-0.1875
G1 Y-0.2253
G2 X4.3909 Y-0.3418 I-0.1875 J0.
G3 X4.3048 Y-0.4596 I1.4596 J-1.1581
Y-2.5404 I1.5458 J-1.0404
X4.3909 Y-2.6582 I1.5458 J1.0403
G2 X4.4316 Y-2.7747 I-0.1469 J-0.1165
G1 Y-2.9567
G2 X4.2441 Y-3.1442 I-0.1875 J0.
G1 X-0.144
G3 X-0.1815 Y-3.1817 I0. J-0.0375
G1 Y-3.2192
G19 G2 Y-3.2567 Z0.2116 J0. K0.0375
G0 Z1.64
Y0.2567
G1 Z0.2116 F80.
G2 Y0.2192 Z0.1741 J-0.0375 K0. F50.
G1 Y0.1817
G17 G3 X-0.144 Y0.1442 I0.0375 J0.
G1 X4.2441
G2 X4.4316 Y-0.0433 I0. J-0.1875
G1 Y-0.2253
G2 X4.3909 Y-0.3418 I-0.1875 J0.
G3 X4.3048 Y-0.4596 I1.4596 J-1.1581
Y-2.5404 I1.5458 J-1.0404
X4.3909 Y-2.6582 I1.5458 J1.0403
G2 X4.4316 Y-2.7747 I-0.1469 J-0.1165
G1 Y-2.9567
G2 X4.2441 Y-3.1442 I-0.1875 J0.
G1 X-0.144
G3 X-0.1815 Y-3.1817 I0. J-0.0375
G1 Y-3.2192
G19 G2 Y-3.2567 Z0.2116 J0. K0.0375
G0 Z2.04
G17
(2D ADAPTIVE6)
G0 X0.4897 Y-0.7078
Z2.04
Z1.505
G1 Z1.4675 F50.
X0.4898 Y-0.7075 Z1.463
X0.49 Y-0.7067 Z1.4585
X0.4903 Y-0.7054 Z1.4542
X0.4908 Y-0.7036 Z1.4501
X0.4914 Y-0.7013 Z1.4462
X0.4921 Y-0.6986 Z1.4426
X0.4929 Y-0.6955 Z1.4394
X0.4937 Y-0.6921 Z1.4366
X0.4947 Y-0.6883 Z1.4343
X0.4957 Y-0.6843 Z1.4324
X0.4968 Y-0.6801 Z1.4311
X0.4979 Y-0.6758 Z1.4303
X0.499 Y-0.6714 Z1.43
G3 X0.5284 Y-0.4673 I-0.9274 J0.2376
G1 Y-0.4669
G2 X0.5173 Y-0.3549 I1.7813 J0.2336
X0.5108 Y-0.2285 I3.3264 J0.2344
G1 X0.5111 Y-0.2145
X0.5138 Y-0.2006
X0.5186 Y-0.1874
X0.522 Y-0.1813
X0.5299 Y-0.1696
X0.539 Y-0.1589
X0.5489 Y-0.1489
X0.5594 Y-0.1395
X0.5704 Y-0.1308
X0.5819 Y-0.1227
X0.5938 Y-0.1152
X0.606 Y-0.1082
X0.6185 Y-0.1017
X0.6311 Y-0.0956
X0.644 Y-0.09
X0.6571 Y-0.0848
X0.6703 Y-0.0799
X0.6836 Y-0.0754
X0.6971 Y-0.0713
G2 X0.7516 Y-0.0574 I0.2057 J-0.6969
X0.8208 Y-0.0452 I0.2128 J-0.9986
X0.9187 Y-0.0343 I0.2257 J-1.5852
X1.045 Y-0.0267 I0.2364 J-2.8901
X1.2138 Y-0.0222 I0.2531 J-6.3168
X1.4199 Y-0.0202 I0.2638 J-16.7515
G1 X1.5043 Y-0.0199
X1.5887 Y-0.0197
X1.6309 Y-0.0196
X1.6731 Y-0.0195
X1.7153
X1.7715 Y-0.0194
X1.8419
X1.9263
X2.0388 Y-0.0193
X2.1654
X2.4326
X3.3047
X3.3187 Y-0.0207
X3.3323 Y-0.0243
X3.3452 Y-0.03
X3.3573 Y-0.038
X3.3683 Y-0.0468
X3.3785 Y-0.0564
X3.3881 Y-0.0667
X3.397 Y-0.0776
X3.4053 Y-0.0889
X3.413 Y-0.1007
X3.4202 Y-0.1128
X3.4269 Y-0.1252
X3.4331 Y-0.1378
X3.4389 Y-0.1506
X3.4442 Y-0.1636
X3.4492 Y-0.1768
X3.4524 Y-0.1905
X3.4534 Y-0.2045
X3.4533 Y-0.2054
X3.4519 Y-0.2194
X3.449 Y-0.2332
X3.445 Y-0.2466
X3.44 Y-0.2598
X3.4342 Y-0.2726
X3.4277 Y-0.2851
X3.4206 Y-0.2972
X3.4129 Y-0.309
X3.4048 Y-0.3204
X3.3962 Y-0.3316
X3.3873 Y-0.3425
X3.378 Y-0.3531
X3.3685 Y-0.3634
X3.3587 Y-0.3735
X3.3486 Y-0.3834
G2 X3.296 Y-0.43 I-0.6187 J0.6458
X3.2294 Y-0.4818 I-1.079 J1.3163
X3.1727 Y-0.5234 I-2.7486 J3.6868
G1 X3.1386 Y-0.5482
G3 X3.0592 Y-0.6065 I3.3461 J-4.6345
G1 X3.048 Y-0.615
G3 X2.9638 Y-0.6896 I10.9703 J-12.4707
X2.8916 Y-0.7566 I2.0556 J-2.2883
X2.8033 Y-0.8473 I1.2913 J-1.3447
X2.7312 Y-0.9336 I1.063 J-0.9619
X2.6668 Y-1.0259 I0.9529 J-0.733
X2.6122 Y-1.1242 I0.8852 J-0.5561
X2.5692 Y-1.2281 I0.8401 J-0.4082
X2.5427 Y-1.3229 I0.8167 J-0.2802
X2.5262 Y-1.4341 I0.7986 J-0.175
X2.5351 Y-1.6303 I0.802 J-0.062
X2.5654 Y-1.7531 I0.8345 J0.1408
X2.6129 Y-1.8704 I0.8749 J0.286
X2.6828 Y-1.9923 I0.9275 J0.4509
X2.7675 Y-2.1044 I0.981 J0.6532
X2.8846 Y-2.2259 I1.0466 J0.8919
X2.9267 Y-2.2633 I0.9776 J1.0566
G1 X2.9374 Y-2.2724
G3 X3.0338 Y-2.3559 I0.7959 J0.8215
X3.1327 Y-2.4265 I0.899 J1.1544
X3.2836 Y-2.5156 I1.0192 J1.5549
X3.3336 Y-2.5413 I0.8977 J1.6803
G1 X3.3461 Y-2.5478
X3.3578 Y-2.5556
X3.3687 Y-2.5645
X3.379 Y-2.5741
X3.3885 Y-2.5845
X3.3974 Y-2.5954
X3.4057 Y-2.6067
X3.4134 Y-2.6185
X3.4206 Y-2.6306
X3.4272 Y-2.643
X3.4334 Y-2.6556
X3.4391 Y-2.6685
X3.4445 Y-2.6815
X3.4494 Y-2.6946
X3.454 Y-2.7079
X3.4583 Y-2.7213
G2 X3.4724 Y-2.7758 I-0.6795 J-0.2056
G1 X3.4733 Y-2.7898
X3.472 Y-2.8038
X3.4684 Y-2.8174
X3.4627 Y-2.8303
X3.455 Y-2.8421
X3.4455 Y-2.8524
X3.4349 Y-2.8617
X3.4238 Y-2.8703
X3.4122 Y-2.8783
X3.4003 Y-2.8858
X3.3881 Y-2.8927
X3.3756 Y-2.8992
X3.3629 Y-2.9052
X3.3499 Y-2.9107
X3.3369 Y-2.9159
X3.3236 Y-2.9207
X3.3103 Y-2.9251
X3.2968 Y-2.9293
G2 X3.2423 Y-2.943 I-0.2058 J0.7051
X3.1591 Y-2.957 I-0.2195 J1.0456
X3.0471 Y-2.968 I-0.2313 J1.7812
X2.9207 Y-2.9744 I-0.2338 J3.36
X2.7379 Y-2.9784 I-0.2598 J7.7121
X2.5269 Y-2.98 I-0.2621 J21.0154
G1 X2.3581 Y-2.9804
X2.3159 Y-2.9805
X2.2737
X2.2175 Y-2.9806
X2.1471
X2.0627
X1.9502 Y-2.9807
X1.7814
X1.4588
X0.7133
X0.6992 Y-2.9802
X0.6854 Y-2.9774
X0.6723 Y-2.9724
X0.6662 Y-2.9689
X0.6546 Y-2.9609
X0.6439 Y-2.9518
X0.6339 Y-2.942
X0.6245 Y-2.9314
X0.6158 Y-2.9204
X0.6077 Y-2.9089
X0.6 Y-2.8966
X0.593 Y-2.8844
X0.588 Y-2.8712
X0.5853 Y-2.8575
X0.5847 Y-2.8434
X0.5865 Y-2.8294
X0.5904 Y-2.8159
X0.5965 Y-2.8032
X0.6045 Y-2.7917
X0.6143 Y-2.7816
X0.6255 Y-2.7731
X0.638 Y-2.7666
X0.6511 Y-2.7614
X0.6643 Y-2.7566
X0.6776 Y-2.7522
X0.6911 Y-2.748
G2 X0.7456 Y-2.7343 I0.2058 J-0.7026
X0.8288 Y-2.7202 I0.2195 J-1.0423
X0.9408 Y-2.7092 I0.2313 J-1.776
X1.0672 Y-2.7028 I0.2338 J-3.3497
X1.1797 Y-2.6998 I0.253 J-7.3321
G3 X1.25 Y-2.697 I-0.0538 J2.267
X1.32 Y-2.6908 I-0.0652 J1.1319
X1.3894 Y-2.6794 I-0.1019 J0.8349
X1.4439 Y-2.6657 I-0.1481 J0.7064
X1.4972 Y-2.6476 I-0.1853 J0.6322
G1 X1.5103 Y-2.6423
G3 X1.5812 Y-2.6068 I-0.2245 J0.5377
X1.7292 Y-2.4832 I-0.2893 J0.4966
X1.8043 Y-2.3684 I-0.424 J0.3592
X1.8427 Y-2.264 I-0.4994 J0.243
X1.8596 Y-2.1832 I-0.8101 J0.2112
X1.8702 Y-2.1021 I-1.2976 J0.2118
X1.8796 Y-1.9765 I-2.2965 J0.2335
X1.8842 Y-1.85 I-4.5186 J0.2283
X1.887 Y-1.6671 I-10.6816 J0.258
X1.8883 Y-1.3718 I-38.6857 J0.3209
G1 X1.8884 Y-1.3296
X1.8885 Y-1.2874
Y-1.2452
Y-1.1889
X1.8886 Y-1.1186
Y-1.0483
G3 X1.8879 Y-0.9721 I-3.083 J0.0105
X1.883 Y-0.8884 I-1.1801 J-0.028
X1.866 Y-0.7846 I-0.8098 J-0.0788
X1.8386 Y-0.6958 I-0.662 J-0.1556
X1.7659 Y-0.5615 I-0.5606 J-0.2169
X1.6889 Y-0.4753 I-0.4618 J-0.3352
X1.4584 Y-0.3501 I-0.3692 J-0.4051
X1.3792 Y-0.3333 I-0.2088 J-0.7865
X1.3006 Y-0.3226 I-0.2099 J-1.2544
X1.1896 Y-0.3138 I-0.2264 J-2.1326
X1.0491 Y-0.3082 I-0.2391 J-4.2591
X0.9928 Y-0.3069 I-0.1584 J-5.72
X0.8843 Y-0.3054 I-0.2405 J-13.009
G1 X0.8681 Y-0.3004
G2 X0.8546 Y-0.2965 I0.02 J0.0964
X0.8575 Y-0.1105 I0.0335 J0.0925 F300.
G1 X1.5499 Y0.1039
X1.6031 Y0.1094
X3.2649 Y0.1237
G2 X3.3555 Y-0.001 I-0.0042 J-0.0983
G1 X3.3542 Y-0.0053 F50.
X3.3527 Y-0.0095
X3.3455 Y-0.0302
X3.3395 Y-0.0394
X3.3349 Y-0.0527
X3.3299 Y-0.0659
X3.3246 Y-0.0789
X3.3189 Y-0.0918
X3.3129 Y-0.1045
X3.3065 Y-0.117
X3.2997 Y-0.1293
X3.2927 Y-0.1415
X3.2853 Y-0.1535
X3.2776 Y-0.1652
X3.2696 Y-0.1768
X3.2614 Y-0.1882
G2 X3.2261 Y-0.232 I-0.5734 J0.4256
X3.1779 Y-0.2833 I-0.7168 J0.6254
X3.1057 Y-0.3502 I-1.0809 J1.0943
X3.0631 Y-0.3869 I-2.5644 J2.9322
G3 X2.9252 Y-0.507 I7.5746 J-8.8373
X2.8319 Y-0.5925 I2.8275 J-3.1788
X2.7422 Y-0.6819 I1.7576 J-1.8534
X2.6569 Y-0.7779 I1.3474 J-1.2824
X2.5662 Y-0.8997 I1.1564 J-0.9556
X2.4958 Y-1.019 I1.0672 J-0.71
X2.4289 Y-1.1768 I0.9983 J-0.5168
X2.3894 Y-1.3361 I0.9753 J-0.3262
X2.3907 Y-1.6583 I0.965 J-0.1572
X2.4453 Y-1.856 I1.0159 J0.1741
X2.5213 Y-2.0151 I1.0534 J0.4052
X2.6153 Y-2.156 I1.0957 J0.6292
X2.7054 Y-2.2625 I1.1234 J0.8591
X2.8036 Y-2.3622 I1.6195 J1.4974
X3.0297 Y-2.5437 I1.2254 J1.2947
X3.1084 Y-2.5944 I1.0502 J1.5418
G1 X3.1202 Y-2.602
X3.1318 Y-2.61
X3.143 Y-2.6184
X3.1528 Y-2.6286
X3.1608 Y-2.6402
X3.1668 Y-2.6529
X3.1708 Y-2.6664
X3.1725 Y-2.6803
X3.1719 Y-2.6944
X3.1692 Y-2.7082
X3.1642 Y-2.7213
X3.1572 Y-2.7335
X3.1483 Y-2.7444
X3.1378 Y-2.7538
X3.1259 Y-2.7613
X3.113 Y-2.7669
X3.0994 Y-2.7703
G2 X3.0025 Y-2.788 I-0.2585 J1.1431
X2.8907 Y-2.8003 I-0.2587 J1.8306
X2.7503 Y-2.8088 I-0.2672 J3.2674
X2.5816 Y-2.8136 I-0.2735 J6.6471
X2.3425 Y-2.8161 I-0.3017 J17.2344
G1 X2.244 Y-2.8166
X2.1456 Y-2.8168
X2.1034 Y-2.8169
X2.0612
X2.019 Y-2.817
X1.9627
X1.8981 Y-2.8171
X1.8168
X1.8163
X1.7949 Y-2.8248
X1.788 Y-2.8291
X1.7416 Y-2.8584 F300.
G2 X1.6049 Y-2.8308 I-0.0546 J0.0819
G1 X1.5693 Y-2.7775
X1.5438 Y-2.7137
X1.5325 Y-2.6285
X1.5361 Y-2.5753
X1.5517 Y-2.5181
X1.5877 Y-2.4475
X1.6719 Y-2.3411
X1.7629 Y-2.2802
G2 X1.7949 Y-2.2665 I0.054 J-0.0823
G1 X1.8118 Y-2.2658
X1.8427 Y-2.2643 F50.
X1.8432 Y-2.2645
G3 X1.855 Y-2.2628 I0.0005 J0.0386
G1 X1.8556 Y-2.2626
X1.8562 Y-2.2625
X1.8567 Y-2.2623
X1.8573 Y-2.2621
X1.8579 Y-2.262
X1.8584 Y-2.2618
X1.859 Y-2.2616
X1.8596 Y-2.2614
X1.8729 Y-2.2568
X1.8863 Y-2.2528
X1.8999 Y-2.2491
G3 X1.9238 Y-2.2428 I-0.183 J0.7364
X1.9558 Y-2.1931 I-0.2509 J0.1971
X1.9795 Y-2.1405 I-0.3899 J0.2069
X2.0012 Y-2.0713 I-0.5929 J0.2245
X2.0191 Y-1.9859 I-0.9194 J0.2367
X2.0311 Y-1.8965 I-1.4396 J0.2393
X2.0413 Y-1.7659 I-2.4475 J0.2564
X2.0468 Y-1.6254 I-4.6667 J0.2547
X2.0503 Y-1.4144 I-11.0914 J0.2889
X2.0516 Y-1.1331 I-29.4031 J0.2757
X2.0508 Y-1.0628 I-4.3841 J-0.0174
G1 X2.0527 Y-1.0489
X2.0554 Y-1.0351
X2.0587 Y-1.0214
G3 X2.0658 Y-0.9916 I-0.7777 J0.2015
X2.0695 Y-0.9667 I-0.1856 J0.0406
G1 Y-0.9661
Y-0.9655
X2.0696 Y-0.9649
Y-0.9643
Y-0.9636
Y-0.963
Y-0.9624
Y-0.9618
Y-0.9612
Y-0.9606
G3 X2.0492 Y-0.8643 I-5.5041 J-1.1165
X2.029 Y-0.784 I-1.6682 J-0.3755
X1.9929 Y-0.6756 I-1.0905 J-0.3031
X1.9458 Y-0.5745 I-0.8488 J-0.3344
X1.8583 Y-0.446 I-0.6961 J-0.3797
G1 X1.8548 Y-0.4419
X1.8512 Y-0.4377
X1.8476 Y-0.4336
G3 X1.7483 Y-0.3398 I-0.5469 J-0.4796
X1.7189 Y-0.3335 I-0.0219 J-0.0304
G1 X1.7145 Y-0.3344 Z1.4303
X1.7101 Y-0.3353 Z1.4311
X1.7059 Y-0.3362 Z1.4324
X1.7018 Y-0.337 Z1.4343
X1.698 Y-0.3378 Z1.4366
X1.6945 Y-0.3385 Z1.4394
X1.6914 Y-0.3391 Z1.4426
X1.6887 Y-0.3397 Z1.4462
X1.6864 Y-0.3401 Z1.4501
X1.6846 Y-0.3405 Z1.4542
X1.6832 Y-0.3408 Z1.4585
X1.6824 Y-0.3409 Z1.463
X1.6822 Y-0.341 Z1.4675
G0 Z1.64
X3.1616 Y-0.3903
Z1.505
G1 Z1.4675 F50.
X3.1615 Y-0.39 Z1.463
X3.1611 Y-0.3893 Z1.4585
X3.1605 Y-0.3881 Z1.4542
X3.1596 Y-0.3865 Z1.4501
X3.1585 Y-0.3844 Z1.4462
X3.1572 Y-0.3819 Z1.4426
X3.1557 Y-0.3791 Z1.4394
X3.154 Y-0.376 Z1.4366
X3.1522 Y-0.3725 Z1.4343
X3.1503 Y-0.3689 Z1.4324
X3.1483 Y-0.3651 Z1.4311
X3.1462 Y-0.3611 Z1.4303
X3.1441 Y-0.3571 Z1.43
G3 X3.1268 Y-0.3315 I-0.1269 J-0.0671
G1 X3.1256 Y-0.3302
G3 X3.1113 Y-0.3238 I-0.0308 J-0.0493
X3.0863 Y-0.3188 I-0.0345 J-0.1073
X3.0534 Y-0.3186 I-0.0177 J-0.1756
X3.0075 Y-0.3262 I0.0205 J-0.2639
X2.9574 Y-0.3425 I0.0921 J-0.3689
X2.8968 Y-0.3709 I0.2019 J-0.509
X2.8251 Y-0.4147 I0.3748 J-0.6942
X2.7377 Y-0.4807 I0.6284 J-0.9233
X2.6184 Y-0.5915 I0.9316 J-1.1226
X2.447 Y-0.8024 I1.1136 J-1.0797
X2.3566 Y-0.957 I1.1717 J-0.7891
X2.3379 Y-0.9961 I1.2737 J-0.6336
G1 X2.3351 Y-1.0105
X2.3398 Y-1.0261
X2.3414 Y-1.0316 F300.
X3.1085 Y-2.5007
X3.1253 Y-2.5646
X3.1307 Y-2.6115
X3.1288 Y-2.6642
X3.1048 Y-2.7456
X3.0802 Y-2.7882
X3.0305 Y-2.8527
G2 X2.956 Y-2.8946 I-0.0807 J0.0563
G1 X2.9453 Y-2.8947
G2 X2.8584 Y-2.8328 I0.0045 J0.0983
G1 X2.8576 Y-2.8308 F50.
X2.8486 Y-2.8035
X2.8485 Y-2.8017
G3 X2.8412 Y-2.7879 I-0.0541 J-0.0198
X2.8257 Y-2.7697 I-0.0931 J-0.0635
X2.7982 Y-2.7476 I-0.1277 J-0.1307
X2.7592 Y-2.7258 I-0.1538 J-0.2292
X2.7056 Y-2.7051 I-0.1755 J-0.376
X2.6452 Y-2.6894 I-0.1864 J-0.5907
X2.5636 Y-2.6756 I-0.2038 J-0.9606
X2.4644 Y-2.6658 I-0.2132 J-1.6466
X2.338 Y-2.6594 I-0.2229 J-3.1371
X2.1692 Y-2.6558 I-0.2403 J-7.2888
X2.0273 Y-2.6546 I-0.2088 J-16.2985
G1 X2.0134 Y-2.6522
X2.0001 Y-2.6477
X1.9876 Y-2.6411
X1.9764 Y-2.6326
X1.9667 Y-2.6224
X1.9588 Y-2.6108
X1.9528 Y-2.5981
X1.949 Y-2.5845
X1.9473 Y-2.5706
X1.9479 Y-2.5565
X1.9508 Y-2.5427
X1.9558 Y-2.5296
X1.962 Y-2.517
G2 X1.9886 Y-2.4674 I1.111 J-0.5635
G1 X2.0231 Y-2.4061
G3 X2.062 Y-2.3329 I-1.4934 J0.8402
X2.1261 Y-2.1764 I-1.0263 J0.5114
X2.1624 Y-2.0378 I-1.2281 J0.3956
X2.1747 Y-1.9707 I-1.4646 J0.3045
X2.1737 Y-1.9563 I-0.0372 J0.0046
G1 X2.1695 Y-1.9404
X1.7694 Y-0.4552 F300.
G2 X1.7862 Y-0.4134 I0.0362 J0.0098
G3 X1.8107 Y-0.3946 I-0.0745 J0.1227 F50.
G1 X1.8111 Y-0.3942
G3 X1.8155 Y-0.3831 I-0.033 J0.0194
G1 X1.8157 Y-0.3825
X1.819 Y-0.3689
X1.8245 Y-0.3559
X1.8315 Y-0.3437
X1.8397 Y-0.3323
X1.8489 Y-0.3216
X1.8588 Y-0.3117
X1.8694 Y-0.3024
X1.8805 Y-0.2937
X1.892 Y-0.2857
X1.9039 Y-0.2782
X1.9161 Y-0.2712
X1.9286 Y-0.2647
X1.9413 Y-0.2587
X1.9542 Y-0.2531
X1.9673 Y-0.2479
X1.9805 Y-0.2431
X1.9938 Y-0.2386
X2.0073 Y-0.2345
G2 X2.0618 Y-0.2207 I0.2058 J-0.7014
X2.145 Y-0.2066 I0.2195 J-1.0405
X2.257 Y-0.1956 I0.2313 J-1.7725
X2.3834 Y-0.1891 I0.2339 J-3.3429
X2.5622 Y-0.1852 I0.2574 J-7.584
X2.6203 Y-0.1845 I0.1251 J-8.2432
G1 X2.6505 Y-0.1782
X2.7536 Y-0.1569 F300.
G2 X2.8705 Y-0.2331 I0.0206 J-0.0963
G1 X2.8907 Y-0.3396
X2.8933 Y-0.3821
X2.8824 Y-0.4567
X2.8494 Y-0.534
X2.8115 Y-0.5738
X2.5512 Y-0.8169
G2 X2.4558 Y-0.8436 I-0.0706 J0.0686
G1 X2.4553 Y-0.8434 F50.
X2.4264 Y-0.8341
X2.4259 Y-0.8338
G3 X2.4135 Y-0.8316 I-0.0133 J-0.0396
G1 X2.4129 Y-0.8315
X2.4123
X2.3983 Y-0.831
X2.3845 Y-0.8284
X2.371 Y-0.8242
X2.3581 Y-0.8188
X2.3455 Y-0.8124
X2.3335 Y-0.8051
X2.3219 Y-0.7972
X2.3107 Y-0.7887
X2.2999 Y-0.7796
X2.2895 Y-0.7702
X2.2795 Y-0.7603
X2.2698 Y-0.7501
X2.2603 Y-0.7397
X2.2512 Y-0.729
G2 X2.2168 Y-0.6845 I0.6075 J0.505
X2.177 Y-0.6265 I1.2867 J0.924
X2.1463 Y-0.5793 I4.975 J3.2727
G1 X2.1407 Y-0.5665
X2.1372 Y-0.5528
X2.1359 Y-0.5388
X2.1368 Y-0.5248
X2.1401 Y-0.5111
X2.1454 Y-0.4981
X2.1528 Y-0.4861
X2.162 Y-0.4755
X2.1728 Y-0.4665
X2.1842 Y-0.4583
X2.1961 Y-0.4507
X2.2082 Y-0.4436
X2.2206 Y-0.4369
X2.2332 Y-0.4307
X2.246 Y-0.4249
X2.259 Y-0.4195
X2.2721 Y-0.4144
X2.2854 Y-0.4097
X2.2987 Y-0.4053
G2 X2.353 Y-0.3905 I0.2184 J-0.6927
X2.3891 Y-0.3828 I0.1893 J-0.8048
G3 X2.4134 Y-0.3651 I-0.0081 J0.0366
G1 X2.4156 Y-0.3612 Z1.4303
X2.4179 Y-0.3573 Z1.4311
X2.4201 Y-0.3536 Z1.4324
X2.4221 Y-0.35 Z1.4343
X2.4241 Y-0.3467 Z1.4366
X2.4259 Y-0.3436 Z1.4394
X2.4275 Y-0.3408 Z1.4426
X2.4289 Y-0.3384 Z1.4462
X2.4301 Y-0.3364 Z1.4501
X2.431 Y-0.3348 Z1.4542
X2.4317 Y-0.3336 Z1.4585
X2.4321 Y-0.3329 Z1.463
X2.4322 Y-0.3327 Z1.4675
G0 Z1.64
X2.6326 Y-2.7549
Z1.505
G1 Z1.4675 F50.
X2.6328 Y-2.7547 Z1.463
X2.6331 Y-2.7539 Z1.4585
X2.6338 Y-2.7527 Z1.4542
X2.6346 Y-2.7511 Z1.4501
X2.6357 Y-2.749 Z1.4462
X2.637 Y-2.7466 Z1.4426
X2.6385 Y-2.7437 Z1.4394
X2.6402 Y-2.7406 Z1.4366
X2.642 Y-2.7372 Z1.4343
X2.644 Y-2.7335 Z1.4324
X2.646 Y-2.7297 Z1.4311
X2.6481 Y-2.7258 Z1.4303
X2.6502 Y-2.7218 Z1.43
G3 X2.6616 Y-2.693 I-0.1268 J0.0672
G1 X2.6619 Y-2.6918
G3 X2.6592 Y-2.6783 I-0.0457 J-0.0024
X2.6494 Y-2.6581 I-0.0872 J-0.0296
X2.6307 Y-2.634 I-0.1236 J-0.0767
X2.5998 Y-2.6069 I-0.1563 J-0.1469
X2.558 Y-2.5811 I-0.1807 J-0.2458
X2.5031 Y-2.5572 I-0.2007 J-0.386
X2.433 Y-2.5363 I-0.2166 J-0.5986
X2.3728 Y-2.5237 I-0.2193 J-0.9018
G1 X2.3595 Y-2.5189
X2.3472 Y-2.5121
X2.3362 Y-2.5034
X2.3266 Y-2.4931
X2.3189 Y-2.4813
X2.3131 Y-2.4685
X2.3094 Y-2.4549
X2.3064 Y-2.4412
X2.304 Y-2.4273
X2.3021 Y-2.4134
X2.3007 Y-2.3994
X2.2997 Y-2.3854
X2.299 Y-2.3713
G2 X2.3004 Y-2.3028 I0.8137 J0.0185
X2.3032 Y-2.266 I1.0927 J-0.0643
G3 X2.2928 Y-2.2378 I-0.0374 J0.0022
X2.2423 Y-2.2345 I-0.027 J-0.026 F300.
G1 X2.2316 Y-2.2482
X2.1879 Y-2.3943
G3 X2.189 Y-2.4402 I0.0771 J-0.0211
G1 X2.214 Y-2.5007
X2.2448 Y-2.5464
X2.2849 Y-2.5893
X2.3275 Y-2.6203
G3 X2.3914 Y-2.6284 I0.0411 J0.0685
G1 X2.466 Y-2.603
G3 X2.4932 Y-2.5853 I-0.0291 J0.0744
X2.5104 Y-2.5598 I-0.0563 J0.0567 F50.
G1 X2.5109 Y-2.5586
G3 X2.5097 Y-2.5449 I-0.0439 J0.0032
G1 X2.5096 Y-2.5443
X2.5095 Y-2.5437
X2.5094 Y-2.5432
G2 X2.4996 Y-2.5015 I0.7835 J0.2061
G1 X2.4969 Y-2.4877
X2.4965 Y-2.4855
G3 X2.4791 Y-2.461 I-0.0367 J-0.0077
G1 X2.4752 Y-2.4587 Z1.4303
X2.4714 Y-2.4564 Z1.4311
X2.4677 Y-2.4542 Z1.4324
X2.4641 Y-2.4521 Z1.4343
X2.4608 Y-2.4501 Z1.4366
X2.4578 Y-2.4482 Z1.4394
X2.455 Y-2.4466 Z1.4426
X2.4526 Y-2.4452 Z1.4462
X2.4506 Y-2.444 Z1.4501
X2.449 Y-2.443 Z1.4542
X2.4479 Y-2.4423 Z1.4585
X2.4472 Y-2.4419 Z1.463
X2.4469 Y-2.4417 Z1.4675
G0 Z2.04
(2D CONTOUR14)
S7500 M3
G0 X0.1909 Y-2.7267
Z2.04
Z1.64
G1 Z1.4675 F80.
G19 G2 Y-2.7642 Z1.43 J-0.0375 K0. F50.
G1 Y-2.8017
G17 G3 X0.2284 Y-2.8392 I0.0375 J0.
G1 X3.37
Y-2.7226
G2 X2.9208 Y-2.4693 I0.9318 J2.1767
X2.6546 Y-2.231 I1.0388 J1.4281
X2.4701 Y-1.9685 I0.9871 J0.8902
X2.362 Y-1.648 I0.9294 J0.4917
X2.4291 Y-1.1195 I0.9542 J0.1474
X2.6149 Y-0.8158 I1.0968 J-0.4627
X2.906 Y-0.5423 I1.2437 J-1.0316
X3.3013 Y-0.3085 I1.3242 J-1.788
X3.37 Y-0.2774 I0.6387 J-1.3167
G1 Y-0.1608
X0.2284
G3 X0.1909 Y-0.1983 I0. J-0.0375
G1 Y-0.2358
G19 G2 Y-0.2733 Z1.4675 J0. K0.0375
G0 Z1.64
Y-2.7267
G1 Z1.4675 F80.
G2 Y-2.7642 Z1.43 J-0.0375 K0. F50.
G1 Y-2.8017
G17 G3 X0.2284 Y-2.8392 I0.0375 J0.
G1 X3.37
Y-2.7226
G2 X2.9208 Y-2.4693 I0.9318 J2.1767
X2.6546 Y-2.231 I1.0388 J1.4281
X2.4701 Y-1.9685 I0.9871 J0.8902
X2.362 Y-1.648 I0.9294 J0.4917
X2.4291 Y-1.1195 I0.9542 J0.1474
X2.6149 Y-0.8158 I1.0968 J-0.4627
X2.906 Y-0.5423 I1.2437 J-1.0316
X3.3013 Y-0.3085 I1.3242 J-1.788
X3.37 Y-0.2774 I0.6387 J-1.3167
G1 Y-0.1608
X0.2284
G3 X0.1909 Y-0.1983 I0. J-0.0375
G1 Y-0.2358
G19 G2 Y-0.2733 Z1.4675 J0. K0.0375
G0 Z2.04
G17
M5
G53 G0 Z0.
(DRILL9)
M9
M1
T50 M6
T101
S4000 M3
G17 G90 G94
G54
M8
G0 X1.4402 Y-2.8386
G43 Z2.04 H50
G0 Z1.64
G98 G81 X1.4402 Y-2.8386 Z1.405 R1.63 F11.2
X2.0701 Y-2.1693
Y-0.8307
X1.4402 Y-0.1614
G80
G0 Z2.04
M5
G53 G0 Z0.
(DRILL10)
M9
M1
T101 M6
T72
S5000 M3
G17 G90 G94
G54
M8
G0 X1.4402 Y-2.8386
G43 Z2.04 H101
G0 Z1.64
Z1.63
G1 Z1.33 F15.
G0 Z1.63
Z1.41
G1 Z1.23 F15.
G0 Z1.63
Z1.31
G1 Z1.13 F15.
G0 Z1.63
Z1.21
G1 Z1.0731 F15.
G4 P0.05
G0 Z1.64
X2.0701 Y-2.1693
Z1.63
G1 Z1.33 F15.
G0 Z1.63
Z1.41
G1 Z1.23 F15.
G0 Z1.63
Z1.31
G1 Z1.13 F15.
G0 Z1.63
Z1.21
G1 Z1.0731 F15.
G4 P0.05
G0 Z1.64
Y-0.8307
Z1.63
G1 Z1.33 F15.
G0 Z1.63
Z1.41
G1 Z1.23 F15.
G0 Z1.63
Z1.31
G1 Z1.13 F15.
G0 Z1.63
Z1.21
G1 Z1.0731 F15.
G4 P0.05
G0 Z1.64
X1.4402 Y-0.1614
Z1.63
G1 Z1.33 F15.
G0 Z1.63
Z1.41
G1 Z1.23 F15.
G0 Z1.63
Z1.31
G1 Z1.13 F15.
G0 Z1.63
Z1.21
G1 Z1.0731 F15.
G4 P0.05
G0 Z1.64
Z2.04
M5
G53 G0 Z0.
(SCALLOP4)
M9
M1
T72 M6
T36
S7500 M3
G17 G90 G94
G54
G64 P0.0004 Q0.0004
M8
G0 X2.4533 Y-1.5954
G43 Z2.04 H72
G0 Z1.512
G1 Z1.4508 F200.
Y-1.5956 Z1.4475 F30.
X2.4535 Y-1.5965 Z1.4443
X2.4536 Y-1.5978 Z1.4414
X2.4539 Y-1.5997 Z1.4387
X2.4542 Y-1.602 Z1.4364
X2.4546 Y-1.6046 Z1.4345
X2.455 Y-1.6076 Z1.4331
X2.4555 Y-1.6107 Z1.4323
X2.4559 Y-1.6139 Z1.432
G3 X2.5892 Y-1.9798 I0.9288 J0.1311
X2.7298 Y-2.1682 I0.9984 J0.5988
X3.0129 Y-2.4144 I1.1809 J1.0715
X3.4277 Y-2.6411 I1.2772 J1.8446
G1 X3.4728 Y-2.6601
X3.4806 Y-2.663
X3.4884 Y-2.6644
X3.4962 Y-2.6646 Z1.4316
G18 G3 X3.5431 Z1.4141 I-0.0088 K-0.0953
G1 X4.1454 Y-2.6645 Z0.9636
X4.1532 Y-2.6641 Z0.9577
X4.1611 Y-2.6623 Z0.9519
X4.1689 Y-2.6589 Z0.946
X4.1719 Y-2.657 Z0.9438
X4.1749 Y-2.6544 Z0.9416
X4.1767 Y-2.6523 Z0.9402
X4.179 Y-2.6492 Z0.9385
X4.1817 Y-2.6414 Z0.9364
X4.1827 Y-2.6336 Z0.9349
X4.1801 Y-2.6257 Z0.9353
X4.1762 Y-2.6179 Z0.9358
X4.1721 Y-2.6101 Z0.9356
X4.1689 Y-2.6041 Z0.9348
X4.1679 Y-2.6023 Z0.9345
X4.1636 Y-2.5945 Z0.9324
X4.1611 Y-2.5901 Z0.9307
X4.1591 Y-2.5867 Z0.929
X4.1541 Y-2.5788 Z0.9245
X4.1532 Y-2.5774 Z0.9234
X4.1492 Y-2.571 Z0.9178
X4.1454 Y-2.5654 Z0.9114
X4.1438 Y-2.5632 Z0.9085
X4.1412 Y-2.5593 Z0.9032
X4.1315 Y-2.544 Z0.8832
X4.1289 Y-2.5397 Z0.8776
X4.1242 Y-2.5319 Z0.8678
X4.122 Y-2.5282 Z0.8632
X4.1141 Y-2.5151 Z0.8475
X4.1103 Y-2.5085 Z0.8398
X4.1056 Y-2.5007 Z0.8309
X4.0985 Y-2.4883 Z0.8172
X4.0945 Y-2.4811 Z0.8096
X4.0878 Y-2.4694 Z0.7974
X4.0828 Y-2.4604 Z0.7882
X4.0792 Y-2.4538 Z0.7817
X4.0749 Y-2.4459 Z0.7741
X4.0666 Y-2.4303 Z0.7593
X4.0645 Y-2.4264 Z0.7557
X4.0564 Y-2.4108 Z0.742
X4.0504 Y-2.399 Z0.7317
X4.0425 Y-2.3834 Z0.7187
X4.0387 Y-2.3756 Z0.7124
X4.0349 Y-2.3678 Z0.7061
X4.0281 Y-2.3537 Z0.6953
X4.02 Y-2.3365 Z0.6825
X4.0164 Y-2.3287 Z0.677
X4.0046 Y-2.3026 Z0.6588
X3.9968 Y-2.2845 Z0.6469
X3.9923 Y-2.2739 Z0.6402
X3.9889 Y-2.2661 Z0.6354
X3.9794 Y-2.2427 Z0.6213
X3.9762 Y-2.2349 Z0.6167
X3.9701 Y-2.2192 Z0.6078
X3.9655 Y-2.2072 Z0.6012
X3.9612 Y-2.1958 Z0.5951
X3.9577 Y-2.1862 Z0.5901
X3.9498 Y-2.1645 Z0.5793
X3.9471 Y-2.1567 Z0.5754
X3.9417 Y-2.141 Z0.5679
X3.9364 Y-2.1254 Z0.5608
X3.9339 Y-2.1176 Z0.5574
X3.9263 Y-2.0941 Z0.5473
X3.9239 Y-2.0863 Z0.5439
X3.9145 Y-2.0551 Z0.5318
X3.9108 Y-2.0418 Z0.5265
X3.9057 Y-2.0238 Z0.5202
X3.9035 Y-2.016 Z0.5175
X3.9015 Y-2.0081 Z0.5146
X3.8976 Y-1.9925 Z0.5093
X3.8935 Y-1.9769 Z0.5044
X3.8917 Y-1.9691 Z0.5019
X3.8898 Y-1.9612 Z0.4994
X3.8843 Y-1.9378 Z0.4926
X3.8826 Y-1.93 Z0.4903
X3.881 Y-1.9222 Z0.4882
X3.8759 Y-1.8987 Z0.4822
X3.8744 Y-1.8909 Z0.48
X3.8729 Y-1.8831 Z0.478
X3.8683 Y-1.8596 Z0.4728
X3.8656 Y-1.844 Z0.4691
X3.8638 Y-1.8336 Z0.4669
X3.8615 Y-1.8205 Z0.4644
X3.8592 Y-1.8049 Z0.4612
X3.858 Y-1.7971 Z0.4596
X3.856 Y-1.7844 Z0.4574
X3.8545 Y-1.7736 Z0.4556
X3.8525 Y-1.758 Z0.4529
X3.8504 Y-1.7423 Z0.4506
X3.8495 Y-1.7345 Z0.4494
X3.8478 Y-1.7189 Z0.4472
X3.846 Y-1.7033 Z0.4453
X3.8452 Y-1.6954 Z0.4444
X3.8439 Y-1.6798 Z0.4424
X3.8432 Y-1.672 Z0.4416
X3.8424 Y-1.6642 Z0.441
X3.8417 Y-1.6564 Z0.4404
X3.8402 Y-1.6329 Z0.438
X3.8391 Y-1.6173 Z0.4369
X3.8387 Y-1.6094 Z0.4363
X3.8376 Y-1.586 Z0.4349
X3.8372 Y-1.5782 Z0.4346
X3.8362 Y-1.5469 Z0.4334
X3.836 Y-1.5391 Z0.4332
X3.8359 Y-1.5235 Z0.4329
X3.8356 Y-1.5 Z0.4328
X3.8359 Y-1.4765 Z0.4329
X3.836 Y-1.4609 Z0.4332
X3.8362 Y-1.4531 Z0.4334
X3.8372 Y-1.4218 Z0.4346
X3.8376 Y-1.414 Z0.4349
X3.8387 Y-1.3906 Z0.4363
X3.8391 Y-1.3827 Z0.4369
X3.8402 Y-1.3671 Z0.438
X3.8417 Y-1.3436 Z0.4404
X3.8424 Y-1.3358 Z0.441
X3.8432 Y-1.328 Z0.4416
X3.8439 Y-1.3202 Z0.4424
X3.8452 Y-1.3046 Z0.4444
X3.846 Y-1.2967 Z0.4453
X3.8478 Y-1.2811 Z0.4472
X3.8495 Y-1.2655 Z0.4494
X3.8504 Y-1.2577 Z0.4506
X3.8525 Y-1.242 Z0.4529
X3.8556 Y-1.2186 Z0.4569
X3.8568 Y-1.2107 Z0.4582
X3.858 Y-1.2029 Z0.4596
X3.8603 Y-1.1873 Z0.4628
X3.8615 Y-1.1795 Z0.4644
X3.8643 Y-1.1638 Z0.4674
X3.8656 Y-1.156 Z0.4691
X3.8683 Y-1.1404 Z0.4728
X3.8729 Y-1.1169 Z0.478
X3.8744 Y-1.1091 Z0.48
X3.8759 Y-1.1013 Z0.4822
X3.881 Y-1.0778 Z0.4882
X3.8826 Y-1.07 Z0.4903
X3.8843 Y-1.0622 Z0.4926
X3.8898 Y-1.0388 Z0.4994
X3.8917 Y-1.0309 Z0.5019
X3.8935 Y-1.0231 Z0.5044
X3.8976 Y-1.0075 Z0.5093
X3.9015 Y-0.9919 Z0.5146
X3.9035 Y-0.984 Z0.5175
X3.9101 Y-0.9606 Z0.5257
X3.9108 Y-0.9582 Z0.5265
X3.9145 Y-0.9449 Z0.5318
X3.9239 Y-0.9137 Z0.5439
X3.9264 Y-0.9056 Z0.5474
X3.9342 Y-0.8813 Z0.5578
X3.9364 Y-0.8746 Z0.5608
X3.9421 Y-0.858 Z0.5684
X3.9471 Y-0.8433 Z0.5754
X3.9499 Y-0.8352 Z0.5794
X3.9583 Y-0.812 Z0.591
X3.9612 Y-0.8042 Z0.5951
X3.9671 Y-0.7886 Z0.6035
X3.9701 Y-0.7808 Z0.6078
X3.9762 Y-0.7651 Z0.6167
X3.9812 Y-0.7529 Z0.6239
X3.989 Y-0.7338 Z0.6355
X3.9957 Y-0.7182 Z0.6452
X3.999 Y-0.7104 Z0.6502
X4.0046 Y-0.6974 Z0.6588
X4.0164 Y-0.6713 Z0.677
X4.0203 Y-0.6629 Z0.683
X4.0281 Y-0.6463 Z0.6953
X4.0349 Y-0.6322 Z0.7061
X4.0387 Y-0.6244 Z0.7124
X4.0437 Y-0.6142 Z0.7207
X4.0504 Y-0.601 Z0.7317
X4.0594 Y-0.5834 Z0.7472
X4.0645 Y-0.5736 Z0.7557
X4.0672 Y-0.5685 Z0.7604
X4.075 Y-0.5539 Z0.7743
X4.0792 Y-0.5462 Z0.7817
X4.0835 Y-0.5384 Z0.7894
X4.0878 Y-0.5306 Z0.7974
X4.0945 Y-0.5189 Z0.8096
X4.0985 Y-0.5117 Z0.8172
X4.1063 Y-0.4982 Z0.8322
X4.1103 Y-0.4915 Z0.8398
X4.1148 Y-0.4837 Z0.8489
X4.122 Y-0.4718 Z0.8632
X4.1266 Y-0.4642 Z0.8727
X4.1298 Y-0.4589 Z0.8794
X4.1412 Y-0.4407 Z0.9032
X4.1438 Y-0.4368 Z0.9085
X4.1454 Y-0.4345 Z0.9114
X4.1492 Y-0.429 Z0.9178
X4.1532 Y-0.4226 Z0.9234
X4.1541 Y-0.4212 Z0.9245
X4.1591 Y-0.4133 Z0.929
X4.1611 Y-0.4099 Z0.9307
X4.1636 Y-0.4055 Z0.9324
X4.1679 Y-0.3977 Z0.9345
X4.1689 Y-0.3959 Z0.9348
X4.1721 Y-0.3899 Z0.9356
X4.1762 Y-0.3821 Z0.9358
X4.1801 Y-0.3743 Z0.9353
X4.1827 Y-0.3664 Z0.9349
X4.1817 Y-0.3586 Z0.9364
X4.179 Y-0.3508 Z0.9385
X4.1767 Y-0.3477 Z0.9402
X4.1749 Y-0.3456 Z0.9416
X4.1719 Y-0.343 Z0.9438
X4.1689 Y-0.3411 Z0.946
X4.1611 Y-0.3377 Z0.9519
X4.1532 Y-0.3359 Z0.9577
X4.1454 Y-0.3355 Z0.9636
X3.5431 Y-0.3354 Z1.4141
G2 X3.4962 Z1.4316 I-0.0557 K-0.0779
G1 X3.4884 Y-0.3356 Z1.432
X3.4806 Y-0.337
G17 G3 X3.0014 Y-0.5929 I0.8536 J-2.1747
X2.7191 Y-0.8431 I0.9723 J-1.3816
X2.5868 Y-1.0231 I0.9808 J-0.8594
X2.461 Y-1.3514 I0.8338 J-0.5079
X2.4558 Y-1.6139 I0.8546 J-0.1481
X2.4699 Y-1.6501 I0.1123 J0.0229
G2 X2.4917 Y-1.6956 I-0.1657 J-0.1075
G3 X2.6204 Y-1.9924 I0.9194 J0.2224
X2.8395 Y-2.2502 I1.0713 J0.688
X3.1444 Y-2.4755 I1.2005 J1.3062
X3.4806 Y-2.6415 I1.2017 J2.0099
G1 X3.4884 Y-2.6441
X3.4962 Y-2.6446 Z1.4316
G18 G3 X3.5431 Z1.4141 I-0.0088 K-0.0953
G1 X4.1454 Y-2.6445 Z0.9636
X4.1532 Y-2.6437 Z0.9577
X4.1574 Y-2.6427 Z0.9546
X4.1611 Y-2.6411 Z0.9518
X4.1632 Y-2.6401 Z0.9502
X4.1653 Y-2.6379 Z0.9484
X4.166 Y-2.6357 Z0.9477
Y-2.6336 Z0.9474
X4.1627 Y-2.6257 Z0.9483
X4.1611 Y-2.6221 Z0.9485
X4.1591 Y-2.6179 Z0.9487
X4.1553 Y-2.6101 Z0.9482
X4.1532 Y-2.6059 Z0.9476
X4.1514 Y-2.6023 Z0.9468
X4.1473 Y-2.5945 Z0.9446
X4.1454 Y-2.5911 Z0.9432
X4.143 Y-2.5867 Z0.9411
X4.1381 Y-2.5788 Z0.9365
X4.1376 Y-2.578 Z0.9359
X4.1332 Y-2.571 Z0.9297
X4.1298 Y-2.566 Z0.9241
X4.1277 Y-2.5632 Z0.9205
X4.125 Y-2.5593 Z0.9153
X4.1127 Y-2.5397 Z0.8898
X4.108 Y-2.5319 Z0.8799
X4.1063 Y-2.5291 Z0.8764
X4.0985 Y-2.516 Z0.8607
X4.0941 Y-2.5085 Z0.8519
X4.0895 Y-2.5007 Z0.843
X4.0828 Y-2.4891 Z0.8302
X4.0783 Y-2.4811 Z0.8217
X4.0717 Y-2.4694 Z0.8094
X4.0652 Y-2.4577 Z0.7975
X4.0588 Y-2.4459 Z0.7861
X4.0505 Y-2.4303 Z0.7713
X4.0484 Y-2.4264 Z0.7677
X4.0383 Y-2.4068 Z0.7506
X4.0343 Y-2.399 Z0.7437
X4.0265 Y-2.3834 Z0.7307
X4.0203 Y-2.3707 Z0.7205
X4.0188 Y-2.3678 Z0.7181
X4.0113 Y-2.3521 Z0.7061
X4.004 Y-2.3365 Z0.6945
X4.0004 Y-2.3287 Z0.689
X3.989 Y-2.3034 Z0.6714
X3.9812 Y-2.2854 Z0.6594
X3.9763 Y-2.2739 Z0.6522
X3.9729 Y-2.2661 Z0.6474
X3.9634 Y-2.2427 Z0.6333
X3.9602 Y-2.2349 Z0.6286
X3.9541 Y-2.2192 Z0.6198
X3.9499 Y-2.2081 Z0.6137
X3.9451 Y-2.1958 Z0.6071
X3.9421 Y-2.1872 Z0.6026
X3.9338 Y-2.1645 Z0.5913
X3.931 Y-2.1567 Z0.5874
X3.9257 Y-2.141 Z0.5799
X3.9204 Y-2.1254 Z0.5728
X3.9179 Y-2.1176 Z0.5693
X3.9103 Y-2.0941 Z0.5592
X3.9079 Y-2.0863 Z0.5559
X3.8985 Y-2.0551 Z0.5438
X3.8951 Y-2.0432 Z0.539
X3.8941 Y-2.0394 Z0.5376
X3.8873 Y-2.0151 Z0.5291
X3.8855 Y-2.0081 Z0.5266
X3.8836 Y-2.0003 Z0.5239
X3.8815 Y-1.9925 Z0.5212
X3.8775 Y-1.9769 Z0.5164
X3.8757 Y-1.9691 Z0.5138
X3.8738 Y-1.9612 Z0.5114
X3.8683 Y-1.9378 Z0.5046
X3.8666 Y-1.93 Z0.5023
X3.8649 Y-1.9222 Z0.5002
X3.8599 Y-1.8987 Z0.4941
X3.8584 Y-1.8909 Z0.492
X3.8569 Y-1.8831 Z0.49
X3.8523 Y-1.8596 Z0.4848
X3.8496 Y-1.844 Z0.481
X3.8482 Y-1.8358 Z0.4793
X3.8455 Y-1.8205 Z0.4764
X3.8431 Y-1.8049 Z0.4731
X3.842 Y-1.7971 Z0.4716
X3.8404 Y-1.7868 Z0.4698
X3.8396 Y-1.7814 Z0.4689
X3.8365 Y-1.758 Z0.4649
X3.8344 Y-1.7423 Z0.4626
X3.8335 Y-1.7345 Z0.4614
X3.8318 Y-1.7189 Z0.4592
X3.83 Y-1.7033 Z0.4573
X3.8292 Y-1.6954 Z0.4564
X3.8279 Y-1.6798 Z0.4544
X3.8271 Y-1.672 Z0.4536
X3.8264 Y-1.6642 Z0.453
X3.8257 Y-1.6564 Z0.4523
X3.8242 Y-1.6329 Z0.45
X3.8231 Y-1.6173 Z0.4489
X3.8227 Y-1.6094 Z0.4483
X3.8215 Y-1.586 Z0.4469
X3.8211 Y-1.5782 Z0.4466
X3.8202 Y-1.5469 Z0.4454
X3.82 Y-1.5391 Z0.4452
X3.8199 Y-1.5235 Z0.4448
X3.8196 Y-1.5 Z0.4447
X3.8199 Y-1.4765 Z0.4448
X3.82 Y-1.4609 Z0.4452
X3.8202 Y-1.4531 Z0.4454
X3.8211 Y-1.4218 Z0.4466
X3.8215 Y-1.414 Z0.4469
X3.8227 Y-1.3906 Z0.4483
X3.8231 Y-1.3827 Z0.4489
X3.8242 Y-1.3671 Z0.45
X3.8257 Y-1.3436 Z0.4523
X3.8264 Y-1.3358 Z0.453
X3.8271 Y-1.328 Z0.4536
X3.8279 Y-1.3202 Z0.4544
X3.8292 Y-1.3046 Z0.4564
X3.83 Y-1.2967 Z0.4573
X3.8318 Y-1.2811 Z0.4592
X3.8335 Y-1.2655 Z0.4614
X3.8344 Y-1.2577 Z0.4626
X3.8365 Y-1.242 Z0.4649
X3.8396 Y-1.2186 Z0.4689
X3.8408 Y-1.2107 Z0.4702
X3.842 Y-1.2029 Z0.4716
X3.8443 Y-1.1873 Z0.4748
X3.8455 Y-1.1795 Z0.4764
X3.8483 Y-1.1638 Z0.4794
X3.8496 Y-1.156 Z0.481
X3.8523 Y-1.1404 Z0.4848
X3.8569 Y-1.1169 Z0.49
X3.8584 Y-1.1091 Z0.492
X3.8599 Y-1.1013 Z0.4941
X3.8649 Y-1.0778 Z0.5002
X3.8666 Y-1.07 Z0.5023
X3.8683 Y-1.0622 Z0.5046
X3.8738 Y-1.0388 Z0.5114
X3.8757 Y-1.0309 Z0.5138
X3.8775 Y-1.0231 Z0.5164
X3.8815 Y-1.0075 Z0.5212
X3.8836 Y-0.9997 Z0.5239
X3.8855 Y-0.9919 Z0.5266
X3.8875 Y-0.984 Z0.5294
X3.8941 Y-0.9606 Z0.5376
X3.8951 Y-0.9568 Z0.539
X3.8985 Y-0.9449 Z0.5438
X3.9079 Y-0.9137 Z0.5559
X3.9108 Y-0.9045 Z0.5598
X3.9186 Y-0.8801 Z0.5703
X3.9204 Y-0.8746 Z0.5728
X3.9257 Y-0.859 Z0.5799
X3.931 Y-0.8433 Z0.5874
X3.9342 Y-0.8342 Z0.5919
X3.9423 Y-0.812 Z0.603
X3.9451 Y-0.8042 Z0.6071
X3.9511 Y-0.7886 Z0.6155
X3.9541 Y-0.7808 Z0.6198
X3.9602 Y-0.7651 Z0.6286
X3.9634 Y-0.7573 Z0.6333
X3.9733 Y-0.7329 Z0.648
X3.9796 Y-0.7182 Z0.6571
X3.983 Y-0.7104 Z0.6622
X3.989 Y-0.6966 Z0.6714
X4.0004 Y-0.6713 Z0.689
X4.0046 Y-0.6621 Z0.6955
X4.0113 Y-0.6479 Z0.7061
X4.0188 Y-0.6322 Z0.7181
X4.0226 Y-0.6244 Z0.7244
X4.0281 Y-0.6134 Z0.7334
X4.0343 Y-0.601 Z0.7437
X4.0423 Y-0.5853 Z0.7575
X4.0484 Y-0.5736 Z0.7677
X4.0516 Y-0.5677 Z0.7732
X4.0594 Y-0.553 Z0.7871
X4.0652 Y-0.5423 Z0.7975
X4.0717 Y-0.5306 Z0.8094
X4.0783 Y-0.5189 Z0.8217
X4.0828 Y-0.5109 Z0.8302
X4.0895 Y-0.4993 Z0.843
X4.0966 Y-0.4872 Z0.8569
X4.101 Y-0.4798 Z0.8657
X4.1063 Y-0.4709 Z0.8764
X4.1104 Y-0.4642 Z0.8848
X4.1141 Y-0.4579 Z0.8928
X4.125 Y-0.4407 Z0.9153
X4.1277 Y-0.4368 Z0.9205
X4.1298 Y-0.434 Z0.9241
X4.1332 Y-0.429 Z0.9297
X4.1376 Y-0.422 Z0.9359
X4.1381 Y-0.4212 Z0.9365
X4.143 Y-0.4133 Z0.9411
X4.1454 Y-0.4089 Z0.9432
X4.1473 Y-0.4055 Z0.9446
X4.1514 Y-0.3977 Z0.9468
X4.1532 Y-0.3941 Z0.9476
X4.1553 Y-0.3899 Z0.9482
X4.1591 Y-0.3821 Z0.9487
X4.1611 Y-0.3779 Z0.9485
X4.1627 Y-0.3743 Z0.9483
X4.166 Y-0.3664 Z0.9474
Y-0.3643 Z0.9477
X4.1653 Y-0.3621 Z0.9484
X4.1632 Y-0.3599 Z0.9502
X4.1605 Y-0.3586 Z0.9523
X4.1574 Y-0.3573 Z0.9546
X4.1532 Y-0.3563 Z0.9577
X4.1454 Y-0.3555 Z0.9636
X3.5431 Y-0.3554 Z1.4141
G2 X3.4962 Z1.4316 I-0.0557 K-0.0779
G1 X3.4884 Y-0.3559 Z1.432
X3.4806 Y-0.3583
G17 G3 X3.0365 Y-0.5929 I0.8729 J-2.1897
X2.7677 Y-0.8197 I0.9698 J-1.422
X2.5872 Y-1.0621 I0.912 J-0.8677
X2.4763 Y-1.3827 I0.8171 J-0.4621
X2.4915 Y-1.6957 I0.8336 J-0.1163
G1 X2.4931 Y-1.701
X2.495 Y-1.7062
X2.4973 Y-1.7112
X2.4999 Y-1.7162 Z1.4319
X2.5028 Y-1.721
X2.5058 Y-1.7257 Z1.4318
X2.509 Y-1.7303 Z1.4317
X2.5187 Y-1.7441 Z1.431
X2.5219 Y-1.7487 Z1.4308
X2.525 Y-1.7535 Z1.4305
X2.5279 Y-1.7583 Z1.4303
X2.5305 Y-1.7632 Z1.4301
X2.5329 Y-1.7683 Z1.4299
X2.535 Y-1.7735
X2.5435 Y-1.7971
X2.5465 Y-1.8049
X2.5528 Y-1.8205
X2.5592 Y-1.8362
X2.5663 Y-1.8518
X2.5734 Y-1.8674
X2.5771 Y-1.8752
X2.5889 Y-1.8987
X2.593 Y-1.9065
X2.5972 Y-1.9143
X2.6102 Y-1.9378
X2.6148 Y-1.9456
X2.6289 Y-1.9691
X2.6358 Y-1.9801
X2.649 Y-2.0003
X2.6542 Y-2.0081
X2.6671 Y-2.0266
X2.6762 Y-2.0394
X2.6879 Y-2.0551
X2.6998 Y-2.0707
X2.7062 Y-2.0789
X2.725 Y-2.102
X2.7297 Y-2.1076
X2.7453 Y-2.1257
X2.7532 Y-2.1346
X2.761 Y-2.1434
X2.7805 Y-2.1645
X2.7879 Y-2.1723
X2.8079 Y-2.1927
X2.8188 Y-2.2036
X2.8351 Y-2.2192
X2.8516 Y-2.2349
X2.8627 Y-2.2448
X2.8865 Y-2.2661
X2.9018 Y-2.2791
X2.9235 Y-2.2974
X2.9487 Y-2.3175
X2.9627 Y-2.3287
X2.9956 Y-2.3534
X3.0045 Y-2.3599
X3.0376 Y-2.3834
X3.0504 Y-2.3922
X3.0817 Y-2.4131
X3.0895 Y-2.4183
X3.1209 Y-2.4381
X3.1364 Y-2.4478
X3.1727 Y-2.4694
X3.1861 Y-2.4772
X3.2225 Y-2.4976
X3.2303 Y-2.5019
X3.2616 Y-2.5186
X3.2772 Y-2.5268
X3.2873 Y-2.5319
X3.3241 Y-2.5503
X3.3345 Y-2.5554
X3.3789 Y-2.5763
X3.3867 Y-2.5798
X3.4336 Y-2.6006
X3.4415 Y-2.604
X3.4806 Y-2.6202
X3.4884 Y-2.6233
X3.4923 Y-2.6244 Z1.4298
X3.4962 Y-2.6246 Z1.4295
X3.504 Y-2.6247 Z1.4284
G18 G3 X3.5431 Z1.4116 I-0.0166 K-0.0922
G1 X4.1435 Y-2.6246 Z0.9624
X4.1448 Y-2.624 Z0.9613
X4.1435 Y-2.621
X4.1422 Y-2.6179
X4.1387 Y-2.6101 Z0.9606
X4.1376 Y-2.6078 Z0.9603
X4.135 Y-2.6023 Z0.9591
X4.131 Y-2.5945 Z0.9567
X4.1298 Y-2.592 Z0.9557
X4.1269 Y-2.5867 Z0.9531
X4.122 Y-2.5787 Z0.9483
X4.1198 Y-2.5749 Z0.9453
X4.1172 Y-2.571 Z0.9417
X4.1141 Y-2.5666 Z0.9368
X4.1116 Y-2.5632 Z0.9326
X4.1088 Y-2.5593 Z0.9274
X4.1063 Y-2.5554 Z0.9224
X4.0964 Y-2.5397 Z0.9019
X4.0907 Y-2.53 Z0.8897
X4.0825 Y-2.5163 Z0.8731
X4.0779 Y-2.5085 Z0.864
X4.0733 Y-2.5007 Z0.855
X4.0672 Y-2.49 Z0.8433
X4.0622 Y-2.4811 Z0.8337
X4.0555 Y-2.4694 Z0.8215
X4.0491 Y-2.4577 Z0.8096
X4.0427 Y-2.4459 Z0.7981
X4.0344 Y-2.4303 Z0.7834
X4.0324 Y-2.4264 Z0.7798
X4.0222 Y-2.4068 Z0.7626
X4.0182 Y-2.399 Z0.7557
X4.0104 Y-2.3834 Z0.7427
X4.0046 Y-2.3715 Z0.7331
X4.0028 Y-2.3678 Z0.7301
X3.9953 Y-2.3521 Z0.7181
X3.9879 Y-2.3365 Z0.7065
X3.9843 Y-2.3287 Z0.701
X3.9733 Y-2.3043 Z0.684
X3.9655 Y-2.2863 Z0.672
X3.9603 Y-2.2739 Z0.6642
X3.9569 Y-2.2661 Z0.6594
X3.9473 Y-2.2427 Z0.6452
X3.9442 Y-2.2349 Z0.6406
X3.9381 Y-2.2192 Z0.6318
X3.9342 Y-2.2091 Z0.6262
X3.9291 Y-2.1958 Z0.6191
X3.9263 Y-2.188 Z0.6149
X3.9177 Y-2.1645 Z0.6032
X3.915 Y-2.1567 Z0.5994
X3.9097 Y-2.141 Z0.5919
X3.9044 Y-2.1254 Z0.5848
X3.9018 Y-2.1176 Z0.5813
X3.8943 Y-2.0941 Z0.5712
X3.8919 Y-2.0863 Z0.5679
X3.8824 Y-2.0551 Z0.5557
X3.8795 Y-2.0445 Z0.5515
X3.8781 Y-2.0394 Z0.5496
X3.8715 Y-2.016 Z0.5414
X3.8695 Y-2.0081 Z0.5386
X3.8675 Y-2.0003 Z0.5358
X3.8655 Y-1.9925 Z0.5332
X3.8615 Y-1.9769 Z0.5284
X3.8596 Y-1.9691 Z0.5258
X3.8578 Y-1.9612 Z0.5234
X3.8523 Y-1.9378 Z0.5165
X3.8506 Y-1.93 Z0.5143
X3.8482 Y-1.9188 Z0.5113
X3.8439 Y-1.8987 Z0.5061
X3.8424 Y-1.8909 Z0.504
X3.8409 Y-1.8831 Z0.502
X3.8363 Y-1.8596 Z0.4968
X3.8336 Y-1.844 Z0.493
X3.8322 Y-1.8362 Z0.4913
X3.8295 Y-1.8205 Z0.4884
X3.8271 Y-1.8049 Z0.4851
X3.826 Y-1.7971 Z0.4836
X3.8247 Y-1.7891 Z0.4821
X3.8236 Y-1.7814 Z0.4809
X3.8205 Y-1.758 Z0.4768
X3.8184 Y-1.7423 Z0.4746
X3.8175 Y-1.7345 Z0.4733
X3.8158 Y-1.7189 Z0.4711
X3.814 Y-1.7033 Z0.4693
X3.8132 Y-1.6954 Z0.4684
X3.8118 Y-1.6798 Z0.4664
X3.8111 Y-1.672 Z0.4656
X3.8104 Y-1.6642 Z0.465
X3.8097 Y-1.6564 Z0.4643
X3.8081 Y-1.6329 Z0.462
X3.8071 Y-1.6173 Z0.4609
X3.8067 Y-1.6094 Z0.4603
X3.8055 Y-1.586 Z0.4589
X3.8051 Y-1.5782 Z0.4586
X3.8042 Y-1.5469 Z0.4574
X3.804 Y-1.5391 Z0.4572
X3.8038 Y-1.5235 Z0.4568
X3.8036 Y-1.5 Z0.4567
X3.8038 Y-1.4765 Z0.4568
X3.804 Y-1.4609 Z0.4572
X3.8042 Y-1.4531 Z0.4574
X3.8051 Y-1.4218 Z0.4586
X3.8055 Y-1.414 Z0.4589
X3.8067 Y-1.3906 Z0.4603
X3.8071 Y-1.3827 Z0.4609
X3.8081 Y-1.3671 Z0.462
X3.8097 Y-1.3436 Z0.4643
X3.8104 Y-1.3358 Z0.465
X3.8111 Y-1.328 Z0.4656
X3.8118 Y-1.3202 Z0.4664
X3.8132 Y-1.3046 Z0.4684
X3.814 Y-1.2967 Z0.4693
X3.8158 Y-1.2811 Z0.4711
X3.8175 Y-1.2655 Z0.4733
X3.8184 Y-1.2577 Z0.4746
X3.8205 Y-1.242 Z0.4768
X3.8236 Y-1.2186 Z0.4809
X3.8248 Y-1.2107 Z0.4822
X3.826 Y-1.2029 Z0.4836
X3.8271 Y-1.1951 Z0.4851
X3.8295 Y-1.1795 Z0.4884
X3.8326 Y-1.1619 Z0.4917
X3.8336 Y-1.156 Z0.493
X3.8363 Y-1.1404 Z0.4968
X3.8409 Y-1.1169 Z0.502
X3.8424 Y-1.1091 Z0.504
X3.8439 Y-1.1013 Z0.5061
X3.8489 Y-1.0778 Z0.5121
X3.8506 Y-1.07 Z0.5143
X3.8523 Y-1.0622 Z0.5165
X3.8578 Y-1.0388 Z0.5234
X3.8596 Y-1.0309 Z0.5258
X3.8615 Y-1.0231 Z0.5284
X3.8655 Y-1.0075 Z0.5332
X3.8675 Y-0.9997 Z0.5358
X3.8695 Y-0.9919 Z0.5386
X3.8717 Y-0.9835 Z0.5416
X3.8781 Y-0.9606 Z0.5496
X3.8795 Y-0.9555 Z0.5515
X3.8824 Y-0.9449 Z0.5557
X3.8919 Y-0.9137 Z0.5679
X3.8951 Y-0.9033 Z0.5723
X3.9029 Y-0.879 Z0.5828
X3.907 Y-0.8668 Z0.5883
X3.9097 Y-0.859 Z0.5919
X3.915 Y-0.8433 Z0.5994
X3.9186 Y-0.8332 Z0.6044
X3.9264 Y-0.8117 Z0.6151
X3.9291 Y-0.8042 Z0.6191
X3.9351 Y-0.7886 Z0.6274
X3.9381 Y-0.7808 Z0.6318
X3.9442 Y-0.7651 Z0.6406
X3.9473 Y-0.7573 Z0.6452
X3.9577 Y-0.732 Z0.6605
X3.9636 Y-0.7182 Z0.6691
X3.9669 Y-0.7104 Z0.6742
X3.9733 Y-0.6957 Z0.684
X3.9843 Y-0.6713 Z0.701
X3.9879 Y-0.6635 Z0.7065
X3.9953 Y-0.6479 Z0.7181
X4.0028 Y-0.6322 Z0.7301
X4.0066 Y-0.6244 Z0.7364
X4.0125 Y-0.6125 Z0.7461
X4.0182 Y-0.601 Z0.7557
X4.0262 Y-0.5853 Z0.7695
X4.0324 Y-0.5736 Z0.7798
X4.0359 Y-0.5669 Z0.786
X4.0427 Y-0.5541 Z0.7981
X4.0491 Y-0.5423 Z0.8096
X4.0555 Y-0.5306 Z0.8215
X4.0622 Y-0.5189 Z0.8337
X4.0672 Y-0.51 Z0.8433
X4.0733 Y-0.4993 Z0.855
X4.0802 Y-0.4876 Z0.8685
X4.0848 Y-0.4798 Z0.8778
X4.0907 Y-0.47 Z0.8897
X4.0964 Y-0.4603 Z0.9019
X4.1063 Y-0.4445 Z0.9225
X4.1088 Y-0.4407 Z0.9274
X4.1116 Y-0.4368 Z0.9326
X4.1141 Y-0.4334 Z0.9368
X4.1172 Y-0.429 Z0.9417
X4.1198 Y-0.4251 Z0.9453
X4.1221 Y-0.4212 Z0.9485
X4.1269 Y-0.4133 Z0.9531
X4.1298 Y-0.408 Z0.9557
X4.131 Y-0.4055 Z0.9567
X4.135 Y-0.3977 Z0.9591
X4.1376 Y-0.3922 Z0.9603
X4.1387 Y-0.3899 Z0.9606
X4.1422 Y-0.3821 Z0.9613
X4.1445 Y-0.3767
X4.1448 Y-0.376
X4.1435 Y-0.3754 Z0.9624
X3.5431 Y-0.3753 Z1.4116
G2 X3.504 Z1.4284 I-0.0557 K-0.0753
G1 X3.4962 Y-0.3754 Z1.4295
X3.4923 Y-0.3756 Z1.4298
X3.4884 Y-0.3767 Z1.4299
X3.4806 Y-0.3797
X3.4649 Y-0.3861
X3.418 Y-0.4062
X3.4102 Y-0.4096
X3.3633 Y-0.431
X3.3554 Y-0.4346
X3.3085 Y-0.4573
X3.3007 Y-0.4613
X3.2616 Y-0.4813
X3.2537 Y-0.4855
X3.2138 Y-0.5072
X3.2068 Y-0.511
X3.1834 Y-0.5245
X3.1593 Y-0.5384
X3.1364 Y-0.5523
X3.1208 Y-0.5619
X3.1083 Y-0.5697
X3.0817 Y-0.5869
X3.066 Y-0.5972
X3.0347 Y-0.6186
X3.0264 Y-0.6244
X3.0035 Y-0.641
X2.9878 Y-0.6524
X2.98 Y-0.6583
X2.9528 Y-0.6791
X2.9428 Y-0.687
X2.9141 Y-0.7104
X2.9018 Y-0.7208
X2.8776 Y-0.7417
X2.8689 Y-0.7495
X2.8433 Y-0.773
X2.835 Y-0.7808
X2.8109 Y-0.8042
X2.8032 Y-0.812
X2.7805 Y-0.8355
X2.7732 Y-0.8433
X2.7519 Y-0.8668
X2.745 Y-0.8746
X2.7375 Y-0.8833
X2.7219 Y-0.9018
X2.7123 Y-0.9137
X2.6984 Y-0.9311
X2.6906 Y-0.9413
X2.6749 Y-0.9624
X2.6671 Y-0.9733
X2.649 Y-0.9997
X2.6437 Y-1.0078
X2.628 Y-1.0323
X2.6241 Y-1.0388
X2.6194 Y-1.0466
X2.6102 Y-1.0622
X2.6045 Y-1.0722
X2.5967 Y-1.0866
X2.5889 Y-1.1013
X2.5849 Y-1.1091
X2.5733 Y-1.1329
X2.5697 Y-1.1404
X2.5654 Y-1.15
X2.5559 Y-1.1717
X2.5527 Y-1.1795
X2.542 Y-1.2069
X2.5405 Y-1.2107
X2.5324 Y-1.2342
X2.5297 Y-1.242
X2.5263 Y-1.2529
X2.5202 Y-1.2733
X2.518 Y-1.2811
X2.5139 Y-1.2967
X2.5107 Y-1.3093
X2.5082 Y-1.3202
X2.5029 Y-1.3458
X2.5004 Y-1.3593
X2.4978 Y-1.3749
X2.4966 Y-1.3827
X2.495 Y-1.3944
X2.4927 Y-1.414
X2.4919 Y-1.4218
X2.4906 Y-1.4375
X2.4899 Y-1.4453
X2.4894 Y-1.4531
X2.489 Y-1.4609
X2.4882 Y-1.4844
X2.4881 Y-1.4922
X2.4882 Y-1.5156
X2.4884 Y-1.5235
X2.4891 Y-1.5391
X2.4899 Y-1.5547
X2.4905 Y-1.5625
X2.4919 Y-1.5782
X2.4935 Y-1.5938
X2.495 Y-1.6055
X2.4967 Y-1.6173
X2.499 Y-1.6329
X2.5033 Y-1.6564
X2.5049 Y-1.6642
X2.5065 Y-1.672
X2.5109 Y-1.691
X2.5139 Y-1.7033
X2.5202 Y-1.7267
X2.5225 Y-1.7345
X2.5273 Y-1.7502
X2.5323 Y-1.7658
X2.535 Y-1.7735
X2.537 Y-1.7786
X2.5394 Y-1.7836 Z1.4297
X2.5422 Y-1.7884 Z1.4295
X2.5452 Y-1.7931 Z1.4292
X2.5485 Y-1.7976 Z1.4288
X2.5519 Y-1.802 Z1.4284
X2.5554 Y-1.8063 Z1.4279
X2.5663 Y-1.8192 Z1.4262
X2.5698 Y-1.8235 Z1.4255
X2.5733 Y-1.828 Z1.425
X2.5766 Y-1.8325 Z1.4245
X2.5796 Y-1.8371 Z1.4241
X2.5825 Y-1.842 Z1.4238
X2.585 Y-1.847 Z1.4237
X2.5907 Y-1.8596
X2.5945 Y-1.8674
X2.6045 Y-1.8874
X2.6103 Y-1.8987
X2.6146 Y-1.9065
X2.6233 Y-1.9222
X2.628 Y-1.9306
X2.6322 Y-1.9378
X2.6437 Y-1.9568
X2.6515 Y-1.9693
X2.6615 Y-1.9847
X2.6671 Y-1.9932
X2.6749 Y-2.0047
X2.6906 Y-2.0269
X2.6999 Y-2.0394
X2.714 Y-2.058
X2.7219 Y-2.068
X2.7375 Y-2.0872
X2.7453 Y-2.0966
X2.7567 Y-2.1098
X2.7704 Y-2.1254
X2.7775 Y-2.1332
X2.7923 Y-2.1492
X2.8001 Y-2.1575
X2.8079 Y-2.1656
X2.8236 Y-2.1814
X2.8314 Y-2.1893
X2.847 Y-2.2043
X2.8628 Y-2.2192
X2.8713 Y-2.227
X2.8887 Y-2.2427
X2.8975 Y-2.2505
X2.9096 Y-2.2608
X2.9344 Y-2.2818
X2.9487 Y-2.2932
X2.9736 Y-2.313
X2.9956 Y-2.3296
X3.0113 Y-2.3413
X3.0191 Y-2.347
X3.0504 Y-2.3691
X3.0597 Y-2.3756
X3.0738 Y-2.3851
X3.0973 Y-2.4007
X3.113 Y-2.4106
X3.1364 Y-2.4254
X3.1443 Y-2.4303
X3.1755 Y-2.449
X3.1912 Y-2.4582
X3.211 Y-2.4694
X3.2303 Y-2.4802
X3.239 Y-2.485
X3.2683 Y-2.5007
X3.285 Y-2.5094
X3.3007 Y-2.5174
X3.3241 Y-2.5291
X3.3398 Y-2.5368
X3.3711 Y-2.5516
X3.3867 Y-2.5589
X3.4024 Y-2.566
X3.4415 Y-2.5832
X3.4494 Y-2.5867
X3.4728 Y-2.5963
X3.4884 Y-2.6028
X3.4962 Y-2.6055 Z1.4235
X3.504 Y-2.6056 Z1.4221
X3.5119 Z1.4203
X3.5197 Z1.4176
X3.5275 Z1.414
X3.5353 Z1.4095
X3.5431 Z1.4038
X4.1196 Z0.9726
X4.1201 Y-2.6053 Z0.9721
X4.1187 Y-2.6023 Z0.9713
X4.1149 Y-2.5945 Z0.9688
X4.1141 Y-2.593 Z0.9682
X4.1108 Y-2.5867 Z0.9652
X4.1063 Y-2.5793 Z0.9608
X4.1037 Y-2.5749 Z0.9573
X4.1012 Y-2.571 Z0.9537
X4.0985 Y-2.5671 Z0.9495
X4.0955 Y-2.5632 Z0.9446
X4.0929 Y-2.5596 Z0.9399
X4.0901 Y-2.5554 Z0.9345
X4.0802 Y-2.5397 Z0.9141
X4.0735 Y-2.5284 Z0.8998
X4.0663 Y-2.5163 Z0.8852
X4.0594 Y-2.5044 Z0.8714
X4.0572 Y-2.5007 Z0.8671
X4.0516 Y-2.4908 Z0.8563
X4.0483 Y-2.485 Z0.85
X4.0416 Y-2.4733 Z0.8376
X4.0351 Y-2.4616 Z0.8256
X4.0309 Y-2.4538 Z0.8178
X4.0267 Y-2.4459 Z0.8102
X4.0183 Y-2.4303 Z0.7954
X4.0163 Y-2.4264 Z0.7918
X4.0046 Y-2.4039 Z0.772
X4.0022 Y-2.399 Z0.7677
X3.9944 Y-2.3834 Z0.7548
X3.989 Y-2.3724 Z0.7458
X3.9868 Y-2.3678 Z0.7421
X3.9792 Y-2.3521 Z0.7301
X3.9719 Y-2.3365 Z0.7185
X3.9655 Y-2.3225 Z0.7087
X3.9577 Y-2.3052 Z0.6966
X3.9543 Y-2.2974 Z0.6914
X3.9499 Y-2.2871 Z0.6846
X3.9443 Y-2.2739 Z0.6762
X3.9409 Y-2.2661 Z0.6713
X3.9313 Y-2.2427 Z0.6572
X3.9281 Y-2.2349 Z0.6526
X3.9221 Y-2.2192 Z0.6437
X3.9186 Y-2.2101 Z0.6387
X3.9131 Y-2.1958 Z0.631
X3.9103 Y-2.188 Z0.6269
X3.9017 Y-2.1645 Z0.6152
X3.899 Y-2.1567 Z0.6113
X3.8937 Y-2.141 Z0.6038
X3.8873 Y-2.1222 Z0.5953
X3.8783 Y-2.0941 Z0.5832
X3.8759 Y-2.0863 Z0.5799
X3.8664 Y-2.0551 Z0.5677
X3.8638 Y-2.0459 Z0.564
X3.8621 Y-2.0394 Z0.5616
X3.8555 Y-2.016 Z0.5534
X3.8535 Y-2.0081 Z0.5505
X3.8515 Y-2.0003 Z0.5478
X3.8495 Y-1.9925 Z0.5452
X3.8455 Y-1.9769 Z0.5403
X3.8436 Y-1.9691 Z0.5378
X3.8404 Y-1.9552 Z0.5336
X3.8363 Y-1.9378 Z0.5285
X3.8329 Y-1.9222 Z0.5241
X3.8278 Y-1.8987 Z0.5181
X3.8263 Y-1.8909 Z0.516
X3.8247 Y-1.8825 Z0.5139
X3.8202 Y-1.8596 Z0.5088
X3.8176 Y-1.844 Z0.505
X3.8162 Y-1.8362 Z0.5033
X3.8135 Y-1.8205 Z0.5004
X3.8111 Y-1.8049 Z0.4971
X3.81 Y-1.7971 Z0.4955
X3.8087 Y-1.7893 Z0.4942
X3.8075 Y-1.7814 Z0.4929
X3.8044 Y-1.758 Z0.4888
X3.8024 Y-1.7423 Z0.4865
X3.8013 Y-1.7328 Z0.4851
X3.7997 Y-1.7189 Z0.4831
X3.798 Y-1.7033 Z0.4813
X3.7972 Y-1.6954 Z0.4803
X3.7958 Y-1.6798 Z0.4784
X3.7951 Y-1.672 Z0.4776
X3.7944 Y-1.6642 Z0.477
X3.7937 Y-1.6564 Z0.4763
X3.7921 Y-1.6329 Z0.474
X3.791 Y-1.6173 Z0.4729
X3.7907 Y-1.6094 Z0.4723
X3.7895 Y-1.586 Z0.4709
X3.7891 Y-1.5782 Z0.4705
X3.7882 Y-1.5469 Z0.4694
X3.7879 Y-1.5391 Z0.4692
X3.7878 Y-1.5235 Z0.4688
X3.7876 Y-1.5 Z0.4687
X3.7878 Y-1.4765 Z0.4688
X3.7879 Y-1.4609 Z0.4692
X3.7882 Y-1.4531 Z0.4694
X3.7891 Y-1.4218 Z0.4705
X3.7895 Y-1.414 Z0.4709
X3.7907 Y-1.3906 Z0.4723
X3.791 Y-1.3827 Z0.4729
X3.7921 Y-1.3671 Z0.474
X3.7937 Y-1.3436 Z0.4763
X3.7944 Y-1.3358 Z0.477
X3.7951 Y-1.328 Z0.4776
X3.7958 Y-1.3202 Z0.4784
X3.7972 Y-1.3046 Z0.4803
X3.798 Y-1.2967 Z0.4813
X3.7997 Y-1.2811 Z0.4831
X3.8014 Y-1.2655 Z0.4853
X3.8024 Y-1.2577 Z0.4865
X3.8044 Y-1.242 Z0.4888
X3.8075 Y-1.2186 Z0.4929
X3.8091 Y-1.2085 Z0.4946
X3.81 Y-1.2029 Z0.4955
X3.8111 Y-1.1951 Z0.4971
X3.8135 Y-1.1795 Z0.5004
X3.8162 Y-1.1638 Z0.5033
X3.8176 Y-1.156 Z0.505
X3.8202 Y-1.1404 Z0.5088
X3.8248 Y-1.1169 Z0.514
X3.8263 Y-1.1091 Z0.516
X3.8278 Y-1.1013 Z0.5181
X3.8329 Y-1.0778 Z0.5241
X3.8363 Y-1.0622 Z0.5285
X3.8418 Y-1.0388 Z0.5354
X3.8436 Y-1.0309 Z0.5378
X3.8455 Y-1.0231 Z0.5403
X3.8495 Y-1.0075 Z0.5452
X3.8515 Y-0.9997 Z0.5478
X3.8535 Y-0.9919 Z0.5505
X3.856 Y-0.9822 Z0.554
X3.8621 Y-0.9606 Z0.5616
X3.8642 Y-0.9528 Z0.5646
X3.8664 Y-0.9449 Z0.5677
X3.8759 Y-0.9137 Z0.5799
X3.8795 Y-0.9022 Z0.5848
X3.8873 Y-0.8778 Z0.5953
X3.8937 Y-0.859 Z0.6038
X3.899 Y-0.8433 Z0.6113
X3.9029 Y-0.8322 Z0.6169
X3.9108 Y-0.8107 Z0.6276
X3.9131 Y-0.8042 Z0.631
X3.9191 Y-0.7886 Z0.6394
X3.9221 Y-0.7808 Z0.6437
X3.9281 Y-0.7651 Z0.6526
X3.9313 Y-0.7573 Z0.6572
X3.9409 Y-0.7339 Z0.6713
X3.9443 Y-0.7261 Z0.6762
X3.9499 Y-0.7129 Z0.6846
X3.9543 Y-0.7026 Z0.6914
X3.9577 Y-0.6948 Z0.6967
X3.9683 Y-0.6713 Z0.713
X3.9719 Y-0.6635 Z0.7185
X3.9792 Y-0.6479 Z0.7301
X3.9868 Y-0.6322 Z0.7421
X3.9905 Y-0.6244 Z0.7484
X3.9968 Y-0.6117 Z0.7588
X4.0022 Y-0.601 Z0.7677
X4.0102 Y-0.5853 Z0.7815
X4.0163 Y-0.5736 Z0.7918
X4.0225 Y-0.5619 Z0.8028
X4.0281 Y-0.5514 Z0.8127
X4.033 Y-0.5423 Z0.8216
X4.0394 Y-0.5306 Z0.8335
X4.0461 Y-0.5189 Z0.8458
X4.0483 Y-0.515 Z0.85
X4.055 Y-0.5032 Z0.8628
X4.0572 Y-0.4993 Z0.8671
X4.064 Y-0.4876 Z0.8806
X4.0672 Y-0.4821 Z0.8871
X4.0735 Y-0.4716 Z0.8998
X4.0802 Y-0.4603 Z0.914
X4.0901 Y-0.4446 Z0.9345
X4.0929 Y-0.4404 Z0.9399
X4.0955 Y-0.4368 Z0.9446
X4.0985 Y-0.4329 Z0.9495
X4.1012 Y-0.429 Z0.9537
X4.1037 Y-0.4251 Z0.9573
X4.1063 Y-0.4207 Z0.9608
X4.1108 Y-0.4133 Z0.9652
X4.1141 Y-0.407 Z0.9682
X4.1149 Y-0.4055 Z0.9688
X4.1187 Y-0.3977 Z0.9713
X4.1201 Y-0.3947 Z0.9721
X4.1196 Y-0.3944 Z0.9726
X3.5431 Z1.4038
X3.5353 Z1.4095
X3.5275 Z1.414
X3.5197 Z1.4176
X3.5119 Z1.4203
X3.504 Z1.4221
X3.4962 Y-0.3945 Z1.4235
X3.4884 Y-0.3971 Z1.4237
X3.4728 Y-0.4035
X3.4314 Y-0.4212
X3.418 Y-0.427 Z1.4238
X3.3867 Y-0.4412 Z1.4237
X3.3711 Y-0.4483
X3.3622 Y-0.4524 Z1.4238
X3.3398 Y-0.4633 Z1.4237
X3.3139 Y-0.4759
X3.2833 Y-0.4915
X3.2682 Y-0.4993
X3.2616 Y-0.5028
X3.2303 Y-0.5198
X3.2146 Y-0.5284
X3.1912 Y-0.5419
X3.1702 Y-0.5541
X3.1521 Y-0.565
X3.1286 Y-0.5794
X3.1192 Y-0.5853
X3.0949 Y-0.601
X3.0817 Y-0.6096
X3.066 Y-0.6202
X3.0426 Y-0.6363
X3.0347 Y-0.6418
X3.0113 Y-0.6588
X2.9942 Y-0.6713
X2.9722 Y-0.6883
X2.9637 Y-0.6948
X2.9538 Y-0.7026
X2.925 Y-0.7261
X2.9158 Y-0.7339
X2.9018 Y-0.7459
X2.8886 Y-0.7573
X2.8783 Y-0.7666
X2.8627 Y-0.781
X2.8544 Y-0.7886
X2.8462 Y-0.7964
X2.8236 Y-0.8185
X2.8145 Y-0.8277
X2.7994 Y-0.8433
X2.7919 Y-0.8511
X2.7844 Y-0.8592
X2.7688 Y-0.8764
X2.761 Y-0.8852
X2.7499 Y-0.898
X2.7367 Y-0.9137
X2.7297 Y-0.9223
X2.7179 Y-0.9371
X2.7118 Y-0.9449
X2.7057 Y-0.9528
X2.6906 Y-0.9733
X2.6828 Y-0.9841
X2.672 Y-0.9997
X2.6667 Y-1.0075
X2.6593 Y-1.0186
X2.6437 Y-1.0432
X2.6358 Y-1.0561
X2.6277 Y-1.07
X2.6232 Y-1.0778
X2.6188 Y-1.0857
X2.6104 Y-1.1013
X2.6045 Y-1.1124
X2.5984 Y-1.1248
X2.5889 Y-1.1443
X2.5871 Y-1.1482
X2.5835 Y-1.156
X2.5767 Y-1.1717
X2.5733 Y-1.1795
X2.5701 Y-1.1873
X2.5609 Y-1.2107
X2.5576 Y-1.2195
X2.5525 Y-1.2342
X2.5498 Y-1.242
X2.5472 Y-1.2498
X2.5448 Y-1.2577
X2.54 Y-1.2733
X2.5377 Y-1.2811
X2.5335 Y-1.2967
X2.5295 Y-1.3124
X2.5263 Y-1.3266
X2.5227 Y-1.3436
X2.5211 Y-1.3515
X2.5184 Y-1.3671
X2.5159 Y-1.3827
X2.5147 Y-1.3906
X2.5127 Y-1.4062
X2.5118 Y-1.414
X2.5107 Y-1.425
X2.509 Y-1.4453
X2.5085 Y-1.4531
X2.5081 Y-1.4609
X2.5075 Y-1.4765
X2.5072 Y-1.4844
X2.5071 Y-1.4922
Y-1.5
X2.5073 Y-1.5156
X2.5074 Y-1.5235
X2.5085 Y-1.5469
X2.509 Y-1.5547
X2.5096 Y-1.5625
X2.511 Y-1.5782
X2.5118 Y-1.586
X2.5127 Y-1.5938
X2.5148 Y-1.6094
X2.5159 Y-1.6173
X2.5171 Y-1.6251
X2.5185 Y-1.6338
X2.5212 Y-1.6485
X2.5227 Y-1.6564
X2.5243 Y-1.6642
X2.5278 Y-1.6798
X2.5296 Y-1.6876
X2.5315 Y-1.6954
X2.5357 Y-1.7111
X2.5378 Y-1.7189
X2.54 Y-1.7267
X2.5423 Y-1.7345
X2.5473 Y-1.7502
X2.5498 Y-1.758
X2.5529 Y-1.7671
X2.5609 Y-1.7893
X2.5638 Y-1.7971
X2.5701 Y-1.8127
X2.5766 Y-1.8283
X2.5836 Y-1.844
X2.585 Y-1.847
X2.5875 Y-1.8519 Z1.4236
X2.5903 Y-1.8567 Z1.4234
X2.5934 Y-1.8613 Z1.423
X2.5968 Y-1.8657 Z1.4224
X2.6003 Y-1.87 Z1.4218
X2.604 Y-1.8741 Z1.421
X2.6077 Y-1.8782 Z1.4202
X2.6193 Y-1.8902 Z1.4174
X2.6231 Y-1.8942 Z1.4165
X2.6268 Y-1.8984 Z1.4156
X2.6304 Y-1.9026 Z1.4149
X2.6338 Y-1.9071 Z1.4142
X2.637 Y-1.9116 Z1.4138
X2.6399 Y-1.9164 Z1.4137
X2.6437 Y-1.923
X2.6477 Y-1.93
X2.6593 Y-1.9492
X2.6671 Y-1.9616
X2.6749 Y-1.9736
X2.6828 Y-1.9854
X2.6906 Y-1.9968
X2.6985 Y-2.0081
X2.7041 Y-2.016
X2.7157 Y-2.0316
X2.7297 Y-2.0499
X2.7375 Y-2.0598
X2.7464 Y-2.0707
X2.7593 Y-2.0863
X2.7688 Y-2.0973
X2.7797 Y-2.1098
X2.7867 Y-2.1176
X2.8011 Y-2.1332
X2.8084 Y-2.141
X2.8158 Y-2.1489
X2.8389 Y-2.1723
X2.847 Y-2.1803
X2.855 Y-2.188
X2.8714 Y-2.2036
X2.8799 Y-2.2114
X2.8972 Y-2.227
X2.9096 Y-2.238
X2.9174 Y-2.2448
X2.9427 Y-2.2661
X2.9523 Y-2.2739
X2.9643 Y-2.2835
X2.9818 Y-2.2974
X2.992 Y-2.3052
X3.0128 Y-2.3209
X3.0269 Y-2.3313
X3.0453 Y-2.3443
X3.0582 Y-2.3535
X3.0676 Y-2.3599
X3.0817 Y-2.3695
X3.1051 Y-2.3851
X3.1208 Y-2.3951
X3.1394 Y-2.4068
X3.1521 Y-2.4148
X3.1677 Y-2.4242
X3.1834 Y-2.4335
X3.1912 Y-2.4381
X3.2068 Y-2.4472
X3.2324 Y-2.4616
X3.2465 Y-2.4694
X3.2694 Y-2.4816
X3.2907 Y-2.4928
X3.3085 Y-2.5019
X3.3241 Y-2.5098
X3.3398 Y-2.5175
X3.3534 Y-2.5241
X3.3867 Y-2.5398
X3.3945 Y-2.5434
X3.4036 Y-2.5476
X3.4258 Y-2.5574
X3.4493 Y-2.5677
X3.4571 Y-2.5711 Z1.4138
X3.4806 Y-2.5809 Z1.4137
X3.4884 Y-2.5841
X3.4947 Y-2.5867
X3.4982 Y-2.5879 Z1.4136
X3.5001 Y-2.588 Z1.4131
X3.504 Y-2.5882 Z1.4121
X3.5119 Y-2.5883 Z1.4098
X3.5197 Z1.4067
X3.5275 Z1.4025
X3.5353 Z1.3972
X4.0949 Z0.9786
X4.0954 Y-2.5881 Z0.978
X4.0947 Y-2.5867 Z0.9772
X4.0907 Y-2.5799 Z0.9732
X4.09 Y-2.5788 Z0.9724
X4.0877 Y-2.5749 Z0.9693
X4.0852 Y-2.571 Z0.9657
X4.0828 Y-2.5677 Z0.9621
X4.0794 Y-2.5632 Z0.9566
X4.075 Y-2.5571 Z0.9487
X4.0714 Y-2.5515 Z0.9415
X4.064 Y-2.5397 Z0.9262
X4.057 Y-2.528 Z0.9114
X4.0501 Y-2.5163 Z0.8973
X4.0437 Y-2.5053 Z0.8845
X4.041 Y-2.5007 Z0.8792
X4.0359 Y-2.4917 Z0.8693
X4.0321 Y-2.485 Z0.862
X4.0255 Y-2.4733 Z0.8496
X4.0203 Y-2.4638 Z0.8399
X4.0169 Y-2.4577 Z0.8337
X4.0106 Y-2.4459 Z0.8222
X4.0023 Y-2.4303 Z0.8074
X4.0002 Y-2.4264 Z0.8038
X3.9941 Y-2.4147 Z0.7935
X3.989 Y-2.4047 Z0.7848
X3.9861 Y-2.399 Z0.7797
X3.9783 Y-2.3834 Z0.7668
X3.9733 Y-2.3732 Z0.7585
X3.9707 Y-2.3678 Z0.7541
X3.9632 Y-2.3521 Z0.7421
X3.9559 Y-2.3365 Z0.7305
X3.9499 Y-2.3234 Z0.7213
X3.9417 Y-2.3052 Z0.7086
X3.9383 Y-2.2974 Z0.7034
X3.9342 Y-2.288 Z0.6971
X3.9316 Y-2.2818 Z0.6931
X3.9264 Y-2.2697 Z0.6855
X3.9249 Y-2.2661 Z0.6833
X3.9153 Y-2.2427 Z0.6692
X3.9121 Y-2.2349 Z0.6646
X3.9061 Y-2.2192 Z0.6557
X3.9029 Y-2.2111 Z0.6512
X3.8971 Y-2.1958 Z0.643
X3.8943 Y-2.188 Z0.6389
X3.8857 Y-2.1645 Z0.6272
X3.883 Y-2.1567 Z0.6233
X3.8777 Y-2.141 Z0.6158
X3.8717 Y-2.1233 Z0.6078
X3.8623 Y-2.0941 Z0.5952
X3.8599 Y-2.0863 Z0.5919
X3.8504 Y-2.0551 Z0.5797
X3.8482 Y-2.0472 Z0.5765
X3.8461 Y-2.0394 Z0.5736
X3.8395 Y-2.016 Z0.5654
X3.8375 Y-2.0081 Z0.5625
X3.8355 Y-2.0003 Z0.5598
X3.8326 Y-1.9889 Z0.556
X3.8295 Y-1.9769 Z0.5523
X3.8276 Y-1.9691 Z0.5498
X3.8247 Y-1.9568 Z0.5461
X3.8202 Y-1.9378 Z0.5405
X3.8169 Y-1.9222 Z0.5361
X3.8118 Y-1.8987 Z0.5301
X3.8103 Y-1.8909 Z0.5279
X3.8088 Y-1.8831 Z0.526
X3.8042 Y-1.8596 Z0.5207
X3.8013 Y-1.8423 Z0.5166
X3.8002 Y-1.8362 Z0.5153
X3.7975 Y-1.8205 Z0.5123
X3.7951 Y-1.8049 Z0.5091
X3.7934 Y-1.7939 Z0.5069
X3.7915 Y-1.7814 Z0.5048
X3.7884 Y-1.758 Z0.5008
X3.7864 Y-1.7423 Z0.4985
X3.7854 Y-1.7345 Z0.4973
X3.7837 Y-1.7189 Z0.4951
X3.782 Y-1.7033 Z0.4933
X3.7812 Y-1.6954 Z0.4923
X3.7798 Y-1.6798 Z0.4903
X3.7791 Y-1.672 Z0.4895
X3.7783 Y-1.6642 Z0.4889
X3.7777 Y-1.6564 Z0.4883
X3.7761 Y-1.6329 Z0.4859
X3.775 Y-1.6173 Z0.4849
X3.7747 Y-1.6094 Z0.4842
X3.7735 Y-1.586 Z0.4828
X3.7731 Y-1.5782 Z0.4825
X3.7722 Y-1.5469 Z0.4813
X3.7719 Y-1.5391 Z0.4812
X3.7718 Y-1.5235 Z0.4808
X3.7715 Y-1.5 Z0.4807
X3.7718 Y-1.4765 Z0.4808
X3.7719 Y-1.4609 Z0.4812
X3.7722 Y-1.4531 Z0.4813
X3.7731 Y-1.4218 Z0.4825
X3.7735 Y-1.414 Z0.4828
X3.7747 Y-1.3906 Z0.4842
X3.775 Y-1.3827 Z0.4849
X3.7761 Y-1.3671 Z0.4859
X3.7778 Y-1.3422 Z0.4884
X3.7783 Y-1.3358 Z0.4889
X3.7791 Y-1.328 Z0.4895
X3.7798 Y-1.3202 Z0.4903
X3.7812 Y-1.3046 Z0.4923
X3.782 Y-1.2967 Z0.4933
X3.7837 Y-1.2811 Z0.4951
X3.7856 Y-1.2639 Z0.4975
X3.7864 Y-1.2577 Z0.4985
X3.7884 Y-1.242 Z0.5008
X3.7915 Y-1.2186 Z0.5048
X3.7934 Y-1.2061 Z0.5069
X3.7951 Y-1.1951 Z0.5091
X3.7975 Y-1.1795 Z0.5123
X3.8002 Y-1.1638 Z0.5153
X3.8016 Y-1.156 Z0.517
X3.8042 Y-1.1404 Z0.5207
X3.8091 Y-1.1155 Z0.5263
X3.8103 Y-1.1091 Z0.5279
X3.8118 Y-1.1013 Z0.5301
X3.8169 Y-1.0778 Z0.5361
X3.8202 Y-1.0622 Z0.5405
X3.8258 Y-1.0388 Z0.5474
X3.8276 Y-1.0309 Z0.5498
X3.8295 Y-1.0231 Z0.5523
X3.8335 Y-1.0075 Z0.5572
X3.8355 Y-0.9997 Z0.5598
X3.8375 Y-0.9919 Z0.5625
X3.8395 Y-0.984 Z0.5654
X3.8461 Y-0.9606 Z0.5736
X3.8482 Y-0.9528 Z0.5765
X3.8504 Y-0.9449 Z0.5797
X3.8599 Y-0.9137 Z0.5919
X3.8638 Y-0.901 Z0.5973
X3.8717 Y-0.8767 Z0.6078
X3.8777 Y-0.859 Z0.6158
X3.883 Y-0.8433 Z0.6233
X3.8873 Y-0.8312 Z0.6294
X3.8951 Y-0.8097 Z0.6401
X3.8971 Y-0.8042 Z0.643
X3.9031 Y-0.7886 Z0.6514
X3.9061 Y-0.7808 Z0.6557
X3.9121 Y-0.7651 Z0.6646
X3.9153 Y-0.7573 Z0.6692
X3.9249 Y-0.7339 Z0.6833
X3.9282 Y-0.7261 Z0.6882
X3.9316 Y-0.7182 Z0.6931
X3.9349 Y-0.7104 Z0.6982
X3.9383 Y-0.7026 Z0.7034
X3.9421 Y-0.694 Z0.7092
X3.9523 Y-0.6713 Z0.725
X3.9559 Y-0.6635 Z0.7305
X3.9632 Y-0.6479 Z0.7421
X3.9707 Y-0.6322 Z0.7541
X3.9745 Y-0.6244 Z0.7604
X3.9812 Y-0.6109 Z0.7715
X3.9861 Y-0.601 Z0.7797
X3.9921 Y-0.5892 Z0.7901
X3.9982 Y-0.5775 Z0.8003
X4.0002 Y-0.5736 Z0.8038
X4.0085 Y-0.558 Z0.8185
X4.0125 Y-0.5506 Z0.8255
X4.0169 Y-0.5423 Z0.8337
X4.0233 Y-0.5306 Z0.8456
X4.0281 Y-0.5222 Z0.8544
X4.0321 Y-0.515 Z0.862
X4.0388 Y-0.5032 Z0.8749
X4.041 Y-0.4993 Z0.8792
X4.0478 Y-0.4876 Z0.8927
X4.0516 Y-0.4812 Z0.9003
X4.057 Y-0.472 Z0.9114
X4.064 Y-0.4603 Z0.9262
X4.0714 Y-0.4485 Z0.9415
X4.075 Y-0.4429 Z0.9487
X4.0794 Y-0.4368 Z0.9566
X4.0828 Y-0.4323 Z0.9621
X4.0852 Y-0.429 Z0.9657
X4.0877 Y-0.4251 Z0.9693
X4.09 Y-0.4212 Z0.9724
X4.0907 Y-0.4201 Z0.9732
X4.0947 Y-0.4133 Z0.9772
X4.0954 Y-0.4119 Z0.978
X4.0949 Y-0.4117 Z0.9786
X3.5353 Z1.3972
X3.5275 Z1.4025
X3.5197 Z1.4067
X3.5119 Z1.4098
X3.504 Y-0.4118 Z1.4121
X3.4982 Y-0.4121 Z1.4136
X3.4944 Y-0.4133 Z1.4138
X3.4806 Y-0.419
X3.4415 Y-0.4357 Z1.4137
X3.4258 Y-0.4425 Z1.4138
X3.4024 Y-0.4531 Z1.4137
X3.3789 Y-0.4638
X3.3697 Y-0.4681 Z1.4138
X3.3535 Y-0.4759 Z1.4137
X3.3214 Y-0.4915
X3.2929 Y-0.5061
X3.2757 Y-0.515
X3.261 Y-0.5228
X3.2381 Y-0.5353
X3.2225 Y-0.5439
X3.2047 Y-0.5541
X3.1834 Y-0.5665
X3.1755 Y-0.5711
X3.1599 Y-0.5805
X3.1364 Y-0.595
X3.1269 Y-0.601
X3.1026 Y-0.6166
X3.0895 Y-0.6252
X3.0791 Y-0.6322
X3.0563 Y-0.6479
X3.0426 Y-0.6575
X3.0269 Y-0.6688
X3.0113 Y-0.6803
X3.0023 Y-0.687
X2.98 Y-0.7041
X2.9718 Y-0.7104 Z1.4138
X2.962 Y-0.7182 Z1.4137
X2.9409 Y-0.7354
X2.9331 Y-0.7419
X2.9241 Y-0.7495
X2.9151 Y-0.7573
X2.9018 Y-0.7689
X2.8939 Y-0.7758
X2.8783 Y-0.7901
X2.8627 Y-0.8046
X2.8548 Y-0.8122
X2.8389 Y-0.8277
X2.8311 Y-0.8355
X2.8157 Y-0.8513
X2.8079 Y-0.8594
X2.8001 Y-0.8678
X2.7797 Y-0.8902
X2.7728 Y-0.898
X2.761 Y-0.9118
X2.7528 Y-0.9215
X2.7453 Y-0.9305
X2.7297 Y-0.9501
X2.7216 Y-0.9606
X2.714 Y-0.9706
X2.7041 Y-0.984
X2.6984 Y-0.992
X2.6876 Y-1.0075
X2.6823 Y-1.0153
X2.6749 Y-1.0263
X2.667 Y-1.0388
X2.6593 Y-1.0508
X2.6515 Y-1.0637
X2.6478 Y-1.07
X2.6387 Y-1.0857
X2.6343 Y-1.0935
X2.6259 Y-1.1091
X2.6202 Y-1.1199
X2.6177 Y-1.1248
X2.6124 Y-1.1356
X2.6025 Y-1.156
X2.5956 Y-1.1717
X2.5889 Y-1.187 Z1.4138
X2.5856 Y-1.1951 Z1.4137
X2.5764 Y-1.2186
X2.5733 Y-1.2273
X2.5681 Y-1.242
X2.5654 Y-1.2499
X2.5629 Y-1.2577
X2.5576 Y-1.2749
X2.5535 Y-1.2889
X2.5494 Y-1.3046
X2.5455 Y-1.3202
X2.5437 Y-1.328
X2.5388 Y-1.3515
X2.5373 Y-1.3593
X2.536 Y-1.3671
X2.5334 Y-1.3827
X2.5322 Y-1.3906
X2.5302 Y-1.4062
X2.5292 Y-1.414
X2.5284 Y-1.4218
X2.5277 Y-1.4296
X2.527 Y-1.4375
X2.5263 Y-1.446
X2.5258 Y-1.4531
X2.5254 Y-1.4609
X2.5248 Y-1.4765
X2.5245 Y-1.4844
X2.5244 Y-1.4922
Y-1.5 Z1.4136
X2.5246 Y-1.5156 Z1.4137
X2.5247 Y-1.5235
X2.5254 Y-1.5391
X2.5264 Y-1.5547
X2.527 Y-1.5625
X2.5284 Y-1.5782
X2.5292 Y-1.586
X2.5302 Y-1.5938
X2.5323 Y-1.6094
X2.5341 Y-1.6223
X2.5359 Y-1.6329
X2.5388 Y-1.6485
X2.5404 Y-1.6564
X2.5437 Y-1.672
X2.5474 Y-1.6876
X2.5498 Y-1.697
X2.5536 Y-1.7111
X2.5558 Y-1.7189
X2.5581 Y-1.7267
X2.5629 Y-1.7423
X2.5655 Y-1.7502
X2.568 Y-1.758
X2.5765 Y-1.7814
X2.5811 Y-1.7936
X2.5856 Y-1.8049
X2.5921 Y-1.8205
X2.5967 Y-1.831
X2.6026 Y-1.844
X2.6062 Y-1.8518
X2.6099 Y-1.8596
X2.6138 Y-1.8674
X2.6218 Y-1.8831
X2.6258 Y-1.8909
X2.63 Y-1.8987
X2.6358 Y-1.9092
X2.6399 Y-1.9164
X2.6428 Y-1.9211 Z1.4136
X2.646 Y-1.9257 Z1.4132
X2.6494 Y-1.93 Z1.4127
X2.653 Y-1.9342 Z1.4119
X2.6568 Y-1.9382 Z1.411
X2.6606 Y-1.9421 Z1.41
X2.6646 Y-1.9459 Z1.4088
X2.6766 Y-1.9572 Z1.4052
X2.6806 Y-1.961 Z1.404
X2.6845 Y-1.9649 Z1.403
X2.6883 Y-1.9689 Z1.4021
X2.692 Y-1.9731 Z1.4014
X2.6955 Y-1.9774 Z1.4009
X2.6988 Y-1.9819 Z1.4007
X2.7062 Y-1.9927
X2.7171 Y-2.0081
X2.7287 Y-2.0238 Z1.4006
X2.7406 Y-2.0394
X2.7467 Y-2.0472 Z1.4005
X2.761 Y-2.0648
X2.7688 Y-2.0743
X2.7791 Y-2.0863 Z1.4004
X2.7927 Y-2.102
X2.8001 Y-2.1101
X2.8141 Y-2.1254
X2.8236 Y-2.1354
X2.8314 Y-2.1435 Z1.4003
X2.847 Y-2.1594
X2.8548 Y-2.1671 Z1.4004
X2.8683 Y-2.1801 Z1.4003
X2.8861 Y-2.197
X2.8939 Y-2.2041
X2.9096 Y-2.2182
X2.9196 Y-2.227 Z1.4004
X2.9287 Y-2.2349 Z1.4003
X2.9487 Y-2.2517
X2.9567 Y-2.2583 Z1.4004
X2.9663 Y-2.2661 Z1.4003
X2.9761 Y-2.2739
X2.9878 Y-2.2832
X2.996 Y-2.2896 Z1.4004
X3.0191 Y-2.307 Z1.4003
X3.0347 Y-2.3186 Z1.4004
X3.0489 Y-2.3287 Z1.4003
X3.066 Y-2.3408
X3.0738 Y-2.3462 Z1.4004
X3.0895 Y-2.3568 Z1.4003
X3.113 Y-2.3724
X3.1364 Y-2.3874
X3.1549 Y-2.399 Z1.4004
X3.1677 Y-2.4069 Z1.4003
X3.1939 Y-2.4225
X3.2073 Y-2.4303 Z1.4004
X3.2225 Y-2.439 Z1.4003
X3.2489 Y-2.4538
X3.2634 Y-2.4616
X3.278 Y-2.4694
X3.2929 Y-2.4772 Z1.4004
X3.3085 Y-2.4853 Z1.4003
X3.332 Y-2.4971
X3.3551 Y-2.5085 Z1.4004
X3.3717 Y-2.5163 Z1.4003
X3.3945 Y-2.5271
X3.4102 Y-2.5342 Z1.4004
X3.4258 Y-2.5412 Z1.4003
X3.4493 Y-2.5515
X3.4649 Y-2.5583 Z1.4004
X3.4806 Y-2.5648 Z1.4003
X3.4962 Y-2.5713
X3.5001 Y-2.5726 Z1.4001
X3.504 Y-2.5729 Z1.3987
X3.5119 Y-2.5733 Z1.3955
X3.5197 Y-2.5734 Z1.3916
X3.5275 Z1.3864
X4.0697 Y-2.5735 Z0.9807
X4.0706 Y-2.5732 Z0.9797
X4.0691 Y-2.571 Z0.9777
X4.0672 Y-2.5682 Z0.9747
X4.0634 Y-2.5632 Z0.9686
X4.0594 Y-2.5577 Z0.9616
X4.0578 Y-2.5554 Z0.9586
X4.0552 Y-2.5515 Z0.9536
X4.0478 Y-2.5397 Z0.9383
X4.0408 Y-2.528 Z0.9236
X4.0339 Y-2.5163 Z0.9094
X4.0249 Y-2.5007 Z0.8913
X4.0182 Y-2.4889 Z0.8783
X4.0116 Y-2.4772 Z0.8658
X4.0072 Y-2.4694 Z0.8576
X4.0008 Y-2.4577 Z0.8458
X3.9945 Y-2.4459 Z0.8342
X3.9862 Y-2.4303 Z0.8195
X3.9841 Y-2.4264 Z0.8159
X3.9781 Y-2.4147 Z0.8055
X3.97 Y-2.399 Z0.7918
X3.9623 Y-2.3834 Z0.7788
X3.9577 Y-2.374 Z0.7712
X3.9547 Y-2.3678 Z0.7661
X3.9472 Y-2.3521 Z0.7541
X3.9398 Y-2.3365 Z0.7425
X3.9342 Y-2.3242 Z0.7338
X3.9257 Y-2.3052 Z0.7206
X3.9189 Y-2.2896 Z0.7102
X3.9155 Y-2.2818 Z0.7051
X3.9108 Y-2.2706 Z0.698
X3.9089 Y-2.2661 Z0.6953
X3.8993 Y-2.2427 Z0.6812
X3.8951 Y-2.2324 Z0.6751
X3.89 Y-2.2192 Z0.6677
X3.8871 Y-2.2114 Z0.6634
X3.8811 Y-2.1958 Z0.655
X3.8782 Y-2.188 Z0.6509
X3.8697 Y-2.1645 Z0.6392
X3.867 Y-2.1567 Z0.6353
X3.8616 Y-2.141 Z0.6278
X3.856 Y-2.1244 Z0.6203
X3.8513 Y-2.1098 Z0.6139
X3.8463 Y-2.0941 Z0.6072
X3.8438 Y-2.0863 Z0.6038
X3.8368 Y-2.0629 Z0.5947
X3.8344 Y-2.0551 Z0.5917
X3.8322 Y-2.0472 Z0.5885
X3.8301 Y-2.0394 Z0.5855
X3.8235 Y-2.016 Z0.5774
X3.8215 Y-2.0081 Z0.5745
X3.8195 Y-2.0003 Z0.5718
X3.8169 Y-1.9903 Z0.5684
X3.8134 Y-1.9769 Z0.5643
X3.8116 Y-1.9691 Z0.5618
X3.8091 Y-1.9584 Z0.5585
X3.8042 Y-1.9378 Z0.5525
X3.8009 Y-1.9222 Z0.5481
X3.7958 Y-1.8987 Z0.5421
X3.7934 Y-1.8864 Z0.5388
X3.7928 Y-1.8831 Z0.538
X3.7882 Y-1.8596 Z0.5327
X3.7856 Y-1.844 Z0.5289
X3.7842 Y-1.8362 Z0.5273
X3.7814 Y-1.8205 Z0.5243
X3.7791 Y-1.8049 Z0.521
X3.7778 Y-1.7963 Z0.5194
X3.7767 Y-1.7893 Z0.5181
X3.7755 Y-1.7814 Z0.5168
X3.7724 Y-1.758 Z0.5128
X3.7703 Y-1.7423 Z0.5105
X3.7694 Y-1.7345 Z0.5093
X3.7677 Y-1.7189 Z0.5071
X3.766 Y-1.7033 Z0.5052
X3.7652 Y-1.6954 Z0.5043
X3.7638 Y-1.6798 Z0.5023
X3.7631 Y-1.672 Z0.5015
X3.7622 Y-1.6623 Z0.5008
X3.7617 Y-1.6564 Z0.5002
X3.7601 Y-1.6329 Z0.4979
X3.759 Y-1.6173 Z0.4968
X3.7586 Y-1.6094 Z0.4962
X3.7575 Y-1.586 Z0.4948
X3.7571 Y-1.5782 Z0.4945
X3.7562 Y-1.5469 Z0.4933
X3.7559 Y-1.5391 Z0.4931
X3.7558 Y-1.5235 Z0.4928
X3.7555 Y-1.5 Z0.4927
X3.7558 Y-1.4765 Z0.4928
X3.7559 Y-1.4609 Z0.4931
X3.7562 Y-1.4531 Z0.4933
X3.7571 Y-1.4218 Z0.4945
X3.7575 Y-1.414 Z0.4948
X3.7586 Y-1.3906 Z0.4962
X3.759 Y-1.3827 Z0.4968
X3.7601 Y-1.3671 Z0.4979
X3.7617 Y-1.3436 Z0.5002
X3.7623 Y-1.3358 Z0.5009
X3.7631 Y-1.328 Z0.5015
X3.7638 Y-1.3202 Z0.5023
X3.7652 Y-1.3046 Z0.5043
X3.766 Y-1.2967 Z0.5052
X3.7677 Y-1.2811 Z0.5071
X3.7694 Y-1.2655 Z0.5093
X3.7703 Y-1.2577 Z0.5105
X3.7724 Y-1.242 Z0.5128
X3.7755 Y-1.2186 Z0.5168
X3.7767 Y-1.2107 Z0.5181
X3.7779 Y-1.2029 Z0.5195
X3.7791 Y-1.1951 Z0.521
X3.7814 Y-1.1795 Z0.5243
X3.7842 Y-1.1638 Z0.5273
X3.7856 Y-1.1555 Z0.5291
X3.7882 Y-1.1404 Z0.5327
X3.7928 Y-1.1169 Z0.538
X3.7943 Y-1.1091 Z0.5399
X3.7958 Y-1.1013 Z0.5421
X3.8013 Y-1.076 Z0.5486
X3.8042 Y-1.0622 Z0.5525
X3.8098 Y-1.0388 Z0.5593
X3.8116 Y-1.0309 Z0.5618
X3.8134 Y-1.0231 Z0.5643
X3.8175 Y-1.0075 Z0.5692
X3.8195 Y-0.9997 Z0.5718
X3.8215 Y-0.9919 Z0.5745
X3.8235 Y-0.984 Z0.5774
X3.8301 Y-0.9606 Z0.5855
X3.8326 Y-0.9515 Z0.589
X3.8344 Y-0.9449 Z0.5917
X3.8415 Y-0.9215 Z0.6008
X3.8438 Y-0.9137 Z0.6038
X3.8463 Y-0.9059 Z0.6072
X3.8538 Y-0.8824 Z0.6172
X3.8563 Y-0.8746 Z0.6207
X3.8616 Y-0.859 Z0.6278
X3.867 Y-0.8433 Z0.6353
X3.8697 Y-0.8355 Z0.6392
X3.8782 Y-0.812 Z0.6509
X3.8811 Y-0.8042 Z0.655
X3.8873 Y-0.7879 Z0.6637
X3.8931 Y-0.773 Z0.6721
X3.8961 Y-0.7651 Z0.6766
X3.8993 Y-0.7573 Z0.6812
X3.9089 Y-0.7339 Z0.6953
X3.9122 Y-0.7261 Z0.7001
X3.9155 Y-0.7182 Z0.7051
X3.9189 Y-0.7104 Z0.7102
X3.9257 Y-0.6948 Z0.7206
X3.9362 Y-0.6713 Z0.737
X3.9398 Y-0.6635 Z0.7425
X3.9472 Y-0.6479 Z0.7541
X3.9547 Y-0.6322 Z0.7661
X3.9584 Y-0.6244 Z0.7724
X3.9623 Y-0.6166 Z0.7788
X3.97 Y-0.601 Z0.7918
X3.9781 Y-0.5853 Z0.8055
X3.9841 Y-0.5736 Z0.8159
X3.9924 Y-0.558 Z0.8305
X3.9968 Y-0.5498 Z0.8384
X4.0029 Y-0.5384 Z0.8497
X4.0094 Y-0.5267 Z0.8617
X4.016 Y-0.515 Z0.8741
X4.0204 Y-0.5072 Z0.8826
X4.0249 Y-0.4993 Z0.8913
X4.0316 Y-0.4876 Z0.9048
X4.0359 Y-0.4803 Z0.9135
X4.0408 Y-0.472 Z0.9236
X4.0478 Y-0.4603 Z0.9383
X4.0552 Y-0.4485 Z0.9536
X4.0578 Y-0.4446 Z0.9586
X4.0594 Y-0.4423 Z0.9616
X4.0634 Y-0.4368 Z0.9686
X4.0672 Y-0.4318 Z0.9747
X4.0691 Y-0.429 Z0.9777
X4.0706 Y-0.4268 Z0.9797
X4.0697 Y-0.4265 Z0.9807
X3.5275 Y-0.4266 Z1.3864
X3.5197 Z1.3916
X3.5119 Y-0.4267 Z1.3955
X3.504 Y-0.4271 Z1.3987
X3.5001 Y-0.4274 Z1.4001
X3.4962 Y-0.4287 Z1.4004
X3.4806 Y-0.4351 Z1.4003
X3.4493 Y-0.4485
X3.4336 Y-0.4553 Z1.4004
X3.418 Y-0.4623 Z1.4003
X3.3867 Y-0.4766
X3.3789 Y-0.4802 Z1.4004
X3.3633 Y-0.4877 Z1.4003
X3.332 Y-0.5029
X3.3234 Y-0.5072 Z1.4004
X3.3007 Y-0.5188 Z1.4003
X3.285 Y-0.5269 Z1.4004
X3.2694 Y-0.5352 Z1.4003
X3.2459 Y-0.5479
X3.2303 Y-0.5566 Z1.4004
X3.2146 Y-0.5655 Z1.4003
X3.1912 Y-0.5791
X3.1807 Y-0.5853 Z1.4004
X3.1677 Y-0.5932 Z1.4003
X3.1423 Y-0.6088
X3.1286 Y-0.6175
X3.113 Y-0.6276
X3.0973 Y-0.6379 Z1.4004
X3.0895 Y-0.6431 Z1.4003
X3.066 Y-0.6592
X3.0582 Y-0.6647
X3.038 Y-0.6791
X3.0166 Y-0.6948
X3.0035 Y-0.7048
X2.9956 Y-0.7108
X2.98 Y-0.7229 Z1.4004
X2.9722 Y-0.7291 Z1.4003
X2.9472 Y-0.7495
X2.9331 Y-0.7614
X2.9252 Y-0.7682
X2.9096 Y-0.7818
X2.9018 Y-0.7888
X2.8849 Y-0.8042
X2.8765 Y-0.812
X2.8683 Y-0.8199
X2.847 Y-0.8406
X2.8366 Y-0.8511
X2.829 Y-0.859
X2.8141 Y-0.8746 Z1.4004
X2.7998 Y-0.8902
X2.7923 Y-0.8986
X2.7844 Y-0.9074 Z1.4005
X2.7766 Y-0.9165 Z1.4004
X2.761 Y-0.9351 Z1.4005
X2.753 Y-0.9449
X2.7453 Y-0.9546
X2.7375 Y-0.9646 Z1.4006
X2.7287 Y-0.9762
X2.714 Y-0.9962
X2.7061 Y-1.0075 Z1.4007
X2.6984 Y-1.0186
X2.6901 Y-1.0309
X2.6828 Y-1.0424
X2.6749 Y-1.0547 Z1.4008
X2.6703 Y-1.0622 Z1.4009
X2.6655 Y-1.07
X2.6593 Y-1.0807
X2.6515 Y-1.0942
X2.6434 Y-1.1091 Z1.401
X2.6392 Y-1.1169
X2.6351 Y-1.1248
X2.6311 Y-1.1326 Z1.4011
X2.6273 Y-1.1404 Z1.401
X2.6197 Y-1.156 Z1.4011
X2.6161 Y-1.1638 Z1.4012
X2.6092 Y-1.1795 Z1.4011
X2.6025 Y-1.1951 Z1.4013
X2.5993 Y-1.2029 Z1.4012
X2.5932 Y-1.2186 Z1.4013
X2.5889 Y-1.2302
X2.5847 Y-1.242
X2.5795 Y-1.2577 Z1.4014
X2.577 Y-1.2655
X2.5722 Y-1.2811
X2.57 Y-1.2889 Z1.4015
X2.5654 Y-1.3057
X2.5618 Y-1.3202 Z1.4016
X2.56 Y-1.328 Z1.4015
X2.5566 Y-1.3436 Z1.4016
X2.555 Y-1.3515
X2.5535 Y-1.3593
X2.5521 Y-1.3671
X2.5495 Y-1.3827
X2.5484 Y-1.3906
X2.5463 Y-1.4062 Z1.4017
X2.5453 Y-1.414 Z1.4016
X2.5445 Y-1.4218 Z1.4017
X2.5437 Y-1.4296
X2.5431 Y-1.4375
X2.5419 Y-1.4531
X2.5414 Y-1.4609
X2.5408 Y-1.4765
X2.5406 Y-1.4844 Z1.4018
X2.5404 Y-1.4922
X2.5405 Y-1.5 Z1.4017
X2.5406 Y-1.5156
X2.5408 Y-1.5235
X2.5415 Y-1.5391
X2.542 Y-1.548
X2.5424 Y-1.5547
X2.543 Y-1.5625
X2.5445 Y-1.5782
X2.5453 Y-1.586 Z1.4016
X2.5463 Y-1.5938 Z1.4017
X2.5484 Y-1.6094 Z1.4016
X2.5498 Y-1.619 Z1.4017
X2.5521 Y-1.6329 Z1.4016
X2.5551 Y-1.6485
X2.5576 Y-1.661
X2.56 Y-1.672 Z1.4015
X2.5638 Y-1.6876
X2.5658 Y-1.6954
X2.57 Y-1.7111 Z1.4014
X2.5733 Y-1.7224 Z1.4015
X2.577 Y-1.7345 Z1.4014
X2.5821 Y-1.7502
X2.5847 Y-1.758 Z1.4013
X2.5932 Y-1.7814
X2.5967 Y-1.7905
X2.6025 Y-1.8049 Z1.4012
X2.6057 Y-1.8127
X2.6091 Y-1.8205
X2.6197 Y-1.844 Z1.4011
X2.6234 Y-1.8518
X2.628 Y-1.8612 Z1.401
X2.6358 Y-1.8767
X2.6391 Y-1.8831
X2.6437 Y-1.8915
X2.652 Y-1.9065 Z1.4009
X2.6564 Y-1.9143
X2.6609 Y-1.9222
X2.6703 Y-1.9378 Z1.4008
X2.6751 Y-1.9456
X2.6851 Y-1.9612 Z1.4007
X2.6953 Y-1.9769
X2.6988 Y-1.9819
X2.702 Y-1.9864 Z1.4005
X2.7056 Y-1.9907 Z1.4001
X2.7093 Y-1.9948 Z1.3994
X2.7132 Y-1.9986 Z1.3986
X2.7172 Y-2.0024 Z1.3976
X2.7213 Y-2.006 Z1.3964
X2.7297 Y-2.013 Z1.3939
X2.7382 Y-2.0199 Z1.3914
X2.7424 Y-2.0235 Z1.3902
X2.7466 Y-2.0271 Z1.3891
X2.7506 Y-2.0308 Z1.3882
X2.7546 Y-2.0347 Z1.3875
X2.7584 Y-2.0388 Z1.387
X2.7619 Y-2.0431 Z1.3867
X2.7766 Y-2.0612 Z1.3866
X2.7845 Y-2.0707 Z1.3865
X2.7979 Y-2.0863 Z1.3863
X2.8079 Y-2.0977
X2.8157 Y-2.1064 Z1.3862
X2.8314 Y-2.1234 Z1.386
X2.8408 Y-2.1332
X2.8483 Y-2.141 Z1.3859
X2.8638 Y-2.1567 Z1.3858
X2.8717 Y-2.1645 Z1.3857
X2.8879 Y-2.1801 Z1.3856
X2.9018 Y-2.1931 Z1.3855
X2.9133 Y-2.2036 Z1.3854
X2.9252 Y-2.2143
X2.9331 Y-2.2212 Z1.3853
X2.949 Y-2.2349 Z1.3852
X2.9676 Y-2.2505 Z1.3851
X2.9878 Y-2.2668 Z1.385
X3.0035 Y-2.2792
X3.0113 Y-2.2852 Z1.3849
X3.0347 Y-2.303 Z1.3848
X3.0426 Y-2.3087
X3.0594 Y-2.3209 Z1.3846
X3.0817 Y-2.3366
X3.1051 Y-2.3525 Z1.3845
X3.1208 Y-2.3629
X3.1286 Y-2.3681
X3.1527 Y-2.3834 Z1.3844
X3.1677 Y-2.3927
X3.178 Y-2.399 Z1.3843
X3.2068 Y-2.4162
X3.2225 Y-2.4253
X3.2313 Y-2.4303 Z1.3842
X3.2593 Y-2.4459
X3.285 Y-2.4598 Z1.3841
X3.3085 Y-2.4721 Z1.3842
X3.3398 Y-2.4878 Z1.3841
X3.3554 Y-2.4955 Z1.3842
X3.3711 Y-2.503 Z1.3841
X3.3945 Y-2.5141
X3.4164 Y-2.5241 Z1.3842
X3.4258 Y-2.5283 Z1.3841
X3.4571 Y-2.5421 Z1.3842
X3.4728 Y-2.5488
X3.4886 Y-2.5554 Z1.3841
X3.4962 Y-2.5585
X3.5001 Y-2.56 Z1.3839
X3.504 Y-2.5605 Z1.382
X3.5119 Y-2.5613 Z1.3777
X3.5197 Y-2.5615 Z1.3722
X4.0452 Z0.9791
X4.0458 Y-2.5611 Z0.978
X4.0416 Y-2.5554 Z0.9707
X4.039 Y-2.5515 Z0.9657
X4.0338 Y-2.5434 Z0.9552
X4.0316 Y-2.5397 Z0.9505
X4.0246 Y-2.528 Z0.9357
X4.0177 Y-2.5163 Z0.9215
X4.0087 Y-2.5007 Z0.9034
X4.0021 Y-2.4889 Z0.8904
X3.9955 Y-2.4772 Z0.8779
X3.9911 Y-2.4694 Z0.8697
X3.9847 Y-2.4577 Z0.8578
X3.9784 Y-2.4459 Z0.8463
X3.9701 Y-2.4303 Z0.8315
X3.966 Y-2.4225 Z0.8244
X3.954 Y-2.399 Z0.8038
X3.9462 Y-2.3834 Z0.7908
X3.9421 Y-2.3749 Z0.7838
X3.9386 Y-2.3678 Z0.7781
X3.9311 Y-2.3521 Z0.7661
X3.9238 Y-2.3365 Z0.7545
X3.9186 Y-2.3251 Z0.7464
X3.9096 Y-2.3052 Z0.7326
X3.9029 Y-2.2896 Z0.7222
X3.8995 Y-2.2818 Z0.7171
X3.8951 Y-2.2715 Z0.7106
X3.8928 Y-2.2661 Z0.7073
X3.8833 Y-2.2427 Z0.6932
X3.8795 Y-2.2333 Z0.6876
X3.8717 Y-2.213 Z0.6762
X3.8651 Y-2.1958 Z0.667
X3.8622 Y-2.188 Z0.6629
X3.8537 Y-2.1645 Z0.6511
X3.851 Y-2.1567 Z0.6473
X3.8456 Y-2.141 Z0.6398
X3.8403 Y-2.1254 Z0.6327
X3.8378 Y-2.1176 Z0.6292
X3.8303 Y-2.0941 Z0.6191
X3.8278 Y-2.0863 Z0.6158
X3.8207 Y-2.0629 Z0.6067
X3.8184 Y-2.0551 Z0.6036
X3.8162 Y-2.0472 Z0.6005
X3.814 Y-2.0394 Z0.5975
X3.8075 Y-2.016 Z0.5893
X3.8054 Y-2.0081 Z0.5865
X3.8035 Y-2.0003 Z0.5838
X3.8013 Y-1.9917 Z0.5809
X3.7974 Y-1.9769 Z0.5763
X3.7956 Y-1.9691 Z0.5737
X3.7934 Y-1.96 Z0.5709
X3.7882 Y-1.9378 Z0.5645
X3.7856 Y-1.9258 Z0.561
X3.7798 Y-1.8987 Z0.554
X3.7778 Y-1.8883 Z0.5512
X3.7768 Y-1.8831 Z0.5499
X3.7722 Y-1.8596 Z0.5447
X3.7695 Y-1.844 Z0.5409
X3.7682 Y-1.8362 Z0.5393
X3.7654 Y-1.8205 Z0.5363
X3.7622 Y-1.7988 Z0.5318
X3.7607 Y-1.7893 Z0.5301
X3.7595 Y-1.7814 Z0.5288
X3.7564 Y-1.758 Z0.5248
X3.7543 Y-1.7423 Z0.5225
X3.7534 Y-1.7345 Z0.5213
X3.7526 Y-1.7267 Z0.5201
X3.7517 Y-1.7189 Z0.5191
X3.7499 Y-1.7033 Z0.5172
X3.7492 Y-1.6954 Z0.5163
X3.7478 Y-1.6798 Z0.5143
X3.747 Y-1.672 Z0.5135
X3.7463 Y-1.6642 Z0.5129
X3.7456 Y-1.6564 Z0.5122
X3.7441 Y-1.6329 Z0.5099
X3.743 Y-1.6173 Z0.5088
X3.7426 Y-1.6094 Z0.5082
X3.7415 Y-1.586 Z0.5068
X3.7411 Y-1.5782 Z0.5065
X3.7401 Y-1.5469 Z0.5053
X3.7399 Y-1.5391 Z0.5051
X3.7398 Y-1.5235 Z0.5047
X3.7395 Y-1.5 Z0.5046
X3.7398 Y-1.4765 Z0.5047
X3.7399 Y-1.4609 Z0.5051
X3.7401 Y-1.4531 Z0.5053
X3.7411 Y-1.4218 Z0.5065
X3.7415 Y-1.414 Z0.5068
X3.7426 Y-1.3906 Z0.5082
X3.743 Y-1.3827 Z0.5088
X3.7441 Y-1.3671 Z0.5099
X3.7456 Y-1.3436 Z0.5122
X3.7465 Y-1.3336 Z0.5131
X3.747 Y-1.328 Z0.5135
X3.7478 Y-1.3202 Z0.5143
X3.7492 Y-1.3046 Z0.5163
X3.7499 Y-1.2967 Z0.5172
X3.7517 Y-1.2811 Z0.5191
X3.7526 Y-1.2733 Z0.5201
X3.7534 Y-1.2655 Z0.5213
X3.7543 Y-1.2575 Z0.5225
X3.7564 Y-1.242 Z0.5248
X3.7595 Y-1.2186 Z0.5288
X3.7607 Y-1.2107 Z0.5301
X3.7622 Y-1.2012 Z0.5318
X3.7654 Y-1.1795 Z0.5363
X3.7682 Y-1.1638 Z0.5393
X3.7695 Y-1.156 Z0.5409
X3.7722 Y-1.1404 Z0.5447
X3.7768 Y-1.1169 Z0.5499
X3.7783 Y-1.1091 Z0.5519
X3.7798 Y-1.1013 Z0.554
X3.7856 Y-1.0742 Z0.561
X3.7882 Y-1.0622 Z0.5645
X3.7937 Y-1.0388 Z0.5713
X3.7956 Y-1.0309 Z0.5737
X3.7974 Y-1.0231 Z0.5763
X3.8015 Y-1.0075 Z0.5811
X3.8035 Y-0.9997 Z0.5838
X3.8054 Y-0.9919 Z0.5865
X3.8075 Y-0.984 Z0.5893
X3.814 Y-0.9606 Z0.5975
X3.8169 Y-0.9502 Z0.6015
X3.8184 Y-0.9449 Z0.6036
X3.8255 Y-0.9215 Z0.6127
X3.8278 Y-0.9137 Z0.6158
X3.8303 Y-0.9059 Z0.6191
X3.8378 Y-0.8824 Z0.6292
X3.8404 Y-0.8744 Z0.6328
X3.8456 Y-0.859 Z0.6398
X3.851 Y-0.8433 Z0.6473
X3.8537 Y-0.8355 Z0.6511
X3.8622 Y-0.812 Z0.6629
X3.8651 Y-0.8042 Z0.667
X3.8717 Y-0.787 Z0.6762
X3.8801 Y-0.7651 Z0.6886
X3.8833 Y-0.7573 Z0.6932
X3.8928 Y-0.7339 Z0.7073
X3.8962 Y-0.7261 Z0.7121
X3.8995 Y-0.7182 Z0.7171
X3.9029 Y-0.7102 Z0.7223
X3.9096 Y-0.6948 Z0.7326
X3.9202 Y-0.6713 Z0.749
X3.9238 Y-0.6635 Z0.7545
X3.9311 Y-0.6479 Z0.7661
X3.9386 Y-0.6322 Z0.7781
X3.9424 Y-0.6244 Z0.7844
X3.9462 Y-0.6166 Z0.7908
X3.954 Y-0.601 Z0.8038
X3.966 Y-0.5775 Z0.8244
X3.9701 Y-0.5697 Z0.8315
X3.9784 Y-0.5541 Z0.8463
X3.9847 Y-0.5423 Z0.8578
X3.9911 Y-0.5306 Z0.8697
X3.9968 Y-0.5204 Z0.8804
X4.0021 Y-0.5111 Z0.8904
X4.0087 Y-0.4993 Z0.9034
X4.0155 Y-0.4876 Z0.9169
X4.0203 Y-0.4794 Z0.9267
X4.0246 Y-0.472 Z0.9357
X4.0316 Y-0.4603 Z0.9505
X4.0365 Y-0.4524 Z0.9606
X4.039 Y-0.4485 Z0.9657
X4.0416 Y-0.4446 Z0.9707
X4.0458 Y-0.4389 Z0.978
X4.0452 Y-0.4385 Z0.9791
X3.5197 Z1.3722
X3.5119 Y-0.4387 Z1.3777
X3.504 Y-0.4395 Z1.382
X3.5001 Y-0.44 Z1.3839
X3.4962 Y-0.4414 Z1.3842
X3.4806 Y-0.4479
X3.4571 Y-0.4579 Z1.3841
X3.4415 Y-0.4647 Z1.3842
X3.4258 Y-0.4716 Z1.3841
X3.3945 Y-0.4859
X3.3789 Y-0.4932 Z1.3842
X3.3633 Y-0.5007 Z1.3841
X3.3398 Y-0.5121 Z1.3842
X3.3241 Y-0.52
X3.3085 Y-0.528 Z1.3841
X3.285 Y-0.5402 Z1.3842
X3.2594 Y-0.5541
X3.2381 Y-0.5658 Z1.3843
X3.2303 Y-0.5702 Z1.3842
X3.2041 Y-0.5853 Z1.3843
X3.191 Y-0.5932
X3.1755 Y-0.6025
X3.1521 Y-0.617 Z1.3844
X3.1364 Y-0.6269
X3.1282 Y-0.6322
X3.1044 Y-0.6479 Z1.3845
X3.0816 Y-0.6635 Z1.3846
X3.066 Y-0.6744 Z1.3847
X3.0582 Y-0.6799
X3.0347 Y-0.6971 Z1.3848
X3.0191 Y-0.7088 Z1.3849
X3.0113 Y-0.7148 Z1.3848
X2.9868 Y-0.7339 Z1.385
X2.9676 Y-0.7495 Z1.3851
X2.9565 Y-0.7587 Z1.3852
X2.9487 Y-0.7653
X2.9309 Y-0.7808 Z1.3853
X2.922 Y-0.7886 Z1.3854
X2.9096 Y-0.7997 Z1.3855
X2.9018 Y-0.807
X2.8861 Y-0.8216 Z1.3856
X2.8705 Y-0.8367 Z1.3857
X2.8548 Y-0.8523 Z1.3859
X2.847 Y-0.8603
X2.8314 Y-0.8766 Z1.386
X2.8236 Y-0.8851 Z1.3861
X2.8117 Y-0.898 Z1.3862
X2.7978 Y-0.9137 Z1.3864
X2.7911 Y-0.9215
X2.7766 Y-0.9388 Z1.3866
X2.7688 Y-0.9484 Z1.3867
X2.761 Y-0.9582
X2.753 Y-0.9684 Z1.3868
X2.7453 Y-0.9784 Z1.3869
X2.7354 Y-0.9919 Z1.387
X2.7297 Y-0.9997 Z1.3871
X2.7219 Y-1.0107 Z1.3872
X2.714 Y-1.0221 Z1.3873
X2.7062 Y-1.0336
X2.7028 Y-1.0388 Z1.3874
X2.6928 Y-1.0544 Z1.3875
X2.6828 Y-1.0706 Z1.3877
X2.6785 Y-1.0778
X2.6671 Y-1.0975 Z1.3879
X2.665 Y-1.1013 Z1.388
X2.6565 Y-1.1169
X2.6483 Y-1.1326 Z1.3882
X2.6437 Y-1.1419
X2.6358 Y-1.158 Z1.3883
X2.6295 Y-1.1717 Z1.3885
X2.6261 Y-1.1795
X2.6193 Y-1.1951 Z1.3886
X2.6161 Y-1.2029 Z1.3887
X2.61 Y-1.2186
X2.6041 Y-1.2342 Z1.3889
X2.6013 Y-1.242
X2.596 Y-1.2577 Z1.389
X2.5935 Y-1.2655
X2.5887 Y-1.2811 Z1.3891
X2.5864 Y-1.2889 Z1.3892
X2.5842 Y-1.2967
X2.5811 Y-1.3085 Z1.3893
X2.5782 Y-1.3202
X2.5763 Y-1.328 Z1.3894
X2.5729 Y-1.3436
X2.5713 Y-1.3515
X2.5697 Y-1.3593 Z1.3895
X2.5683 Y-1.3671
X2.5654 Y-1.3843 Z1.3896
X2.5645 Y-1.3906
X2.5624 Y-1.4062
X2.5614 Y-1.414
X2.5606 Y-1.4218 Z1.3897
X2.5598 Y-1.4296
X2.5591 Y-1.4375
X2.5579 Y-1.4531
X2.5575 Y-1.4609
X2.5568 Y-1.4765
X2.5566 Y-1.4844 Z1.3898
X2.5564 Y-1.4922
X2.5565 Y-1.5 Z1.3897
X2.5566 Y-1.5156
X2.5568 Y-1.5235
X2.5576 Y-1.5411
X2.5585 Y-1.5547
X2.5591 Y-1.5625
X2.5606 Y-1.5782
X2.5614 Y-1.586 Z1.3896
X2.5624 Y-1.5938
X2.5645 Y-1.6094 Z1.3895
X2.5657 Y-1.6173 Z1.3896
X2.5683 Y-1.6329 Z1.3895
X2.5713 Y-1.6485 Z1.3894
X2.5733 Y-1.6582
X2.5763 Y-1.672 Z1.3893
X2.5801 Y-1.6876
X2.5821 Y-1.6954 Z1.3892
X2.5864 Y-1.7111
X2.5889 Y-1.7197 Z1.3891
X2.5935 Y-1.7345 Z1.389
X2.5967 Y-1.7445
X2.6013 Y-1.758 Z1.3889
X2.607 Y-1.7736 Z1.3888
X2.6099 Y-1.7814
X2.6162 Y-1.7971 Z1.3886
X2.6202 Y-1.807
X2.626 Y-1.8205 Z1.3885
X2.6358 Y-1.8421 Z1.3884
X2.6437 Y-1.8581 Z1.3882
X2.6515 Y-1.8736
X2.6564 Y-1.8831 Z1.388
X2.6694 Y-1.9065 Z1.3879
X2.6785 Y-1.9222 Z1.3877
X2.6879 Y-1.9378 Z1.3876
X2.6928 Y-1.9456 Z1.3875
X2.7062 Y-1.9664 Z1.3874
X2.711 Y-1.9735 Z1.3873
X2.7187 Y-1.9847 Z1.3872
X2.7297 Y-2.0004 Z1.3871
X2.7375 Y-2.0111 Z1.387
X2.747 Y-2.0238 Z1.3869
X2.7532 Y-2.0318 Z1.3868
X2.7619 Y-2.0431 Z1.3867
X2.7655 Y-2.0473 Z1.3865
X2.7694 Y-2.0513 Z1.386
X2.7734 Y-2.0551 Z1.3853
X2.7775 Y-2.0587 Z1.3844
X2.7818 Y-2.0621 Z1.3833
X2.7861 Y-2.0655 Z1.3821
X2.7949 Y-2.0719 Z1.3795
X2.8038 Y-2.0782 Z1.3768
X2.8082 Y-2.0815 Z1.3756
X2.8126 Y-2.0849 Z1.3745
X2.8168 Y-2.0883 Z1.3735
X2.821 Y-2.092 Z1.3727
X2.825 Y-2.0958 Z1.3722
X2.8289 Y-2.0998 Z1.372
X2.8392 Y-2.1111 Z1.3718
X2.847 Y-2.1196 Z1.3717
X2.8627 Y-2.1358 Z1.3714
X2.8705 Y-2.1439 Z1.3713
X2.8833 Y-2.1567 Z1.3712
X2.8939 Y-2.167 Z1.371
X2.9077 Y-2.1801 Z1.3708
X2.9252 Y-2.1963 Z1.3705
X2.9409 Y-2.2104 Z1.3704
X2.951 Y-2.2192 Z1.3702
X2.9692 Y-2.2349 Z1.37
X2.98 Y-2.2438 Z1.3699
X2.9881 Y-2.2505 Z1.3697
X3.0075 Y-2.2661 Z1.3696
X3.0175 Y-2.2739 Z1.3695
X3.0347 Y-2.2872 Z1.3692
X3.0482 Y-2.2974
X3.0589 Y-2.3052 Z1.369
X3.0817 Y-2.3217 Z1.3688
X3.0973 Y-2.3326 Z1.3687
X3.113 Y-2.3433 Z1.3685
X3.1286 Y-2.3539 Z1.3684
X3.1521 Y-2.3691 Z1.3682
X3.1677 Y-2.3791 Z1.3681
X3.1755 Y-2.384 Z1.368
X3.2 Y-2.399 Z1.3678
X3.2146 Y-2.4077
X3.2264 Y-2.4147 Z1.3677
X3.2537 Y-2.4304 Z1.3675
X3.2694 Y-2.4391 Z1.3674
X3.285 Y-2.4476 Z1.3673
X3.3085 Y-2.4602 Z1.3672
X3.332 Y-2.4723 Z1.367
X3.3571 Y-2.485
X3.3711 Y-2.4919 Z1.3669
X3.3893 Y-2.5007 Z1.3667
X3.418 Y-2.5142
X3.4493 Y-2.5283 Z1.3665
X3.4728 Y-2.5386
X3.4962 Y-2.5485 Z1.3664
X3.4982 Y-2.5493
X3.504 Y-2.55 Z1.3631
X3.5119 Y-2.5501 Z1.3575
X4.0209 Z0.9767
X4.0217 Y-2.5498 Z0.9757
X4.0153 Y-2.5397 Z0.9626
X4.0083 Y-2.528 Z0.9479
X4.0046 Y-2.5216 Z0.94
X4.0015 Y-2.5163 Z0.9336
X3.9925 Y-2.5007 Z0.9155
X3.9859 Y-2.4889 Z0.9025
X3.9794 Y-2.4772 Z0.8899
X3.975 Y-2.4694 Z0.8817
X3.9686 Y-2.4577 Z0.8699
X3.9623 Y-2.4459 Z0.8583
X3.954 Y-2.4303 Z0.8435
X3.9499 Y-2.4223 Z0.8363
X3.9379 Y-2.399 Z0.8158
X3.9302 Y-2.3834 Z0.8028
X3.9263 Y-2.3756 Z0.7964
X3.9226 Y-2.3678 Z0.7902
X3.9151 Y-2.3521 Z0.7781
X3.9078 Y-2.3365 Z0.7665
X3.9029 Y-2.3259 Z0.759
X3.8936 Y-2.3052 Z0.7446
X3.8868 Y-2.2896 Z0.7341
X3.8835 Y-2.2818 Z0.7291
X3.8795 Y-2.2723 Z0.7231
X3.8768 Y-2.2661 Z0.7193
X3.8672 Y-2.2427 Z0.7052
X3.8638 Y-2.2343 Z0.7002
X3.856 Y-2.214 Z0.6888
X3.8482 Y-2.1934 Z0.6777
X3.8462 Y-2.188 Z0.6748
X3.8377 Y-2.1645 Z0.6631
X3.8349 Y-2.1567 Z0.6593
X3.8296 Y-2.141 Z0.6518
X3.8243 Y-2.1254 Z0.6447
X3.8218 Y-2.1176 Z0.6412
X3.8142 Y-2.0941 Z0.6311
X3.8118 Y-2.0863 Z0.6278
X3.8047 Y-2.0629 Z0.6187
X3.8024 Y-2.0551 Z0.6156
X3.8002 Y-2.0472 Z0.6125
X3.798 Y-2.0394 Z0.6095
X3.7914 Y-2.016 Z0.6013
X3.7894 Y-2.0081 Z0.5985
X3.7875 Y-2.0003 Z0.5957
X3.7855 Y-1.9925 Z0.5931
X3.7814 Y-1.9769 Z0.5883
X3.7796 Y-1.9691 Z0.5857
X3.7777 Y-1.9612 Z0.5833
X3.7722 Y-1.9378 Z0.5764
X3.77 Y-1.9274 Z0.5735
X3.7672 Y-1.9143 Z0.57
X3.7638 Y-1.8987 Z0.566
X3.7622 Y-1.8903 Z0.5637
X3.7608 Y-1.8831 Z0.5619
X3.7562 Y-1.8596 Z0.5567
X3.7535 Y-1.844 Z0.5529
X3.7522 Y-1.8362 Z0.5512
X3.7494 Y-1.8205 Z0.5483
X3.7465 Y-1.8014 Z0.5443
X3.7459 Y-1.7971 Z0.5435
X3.7447 Y-1.7893 Z0.5421
X3.7435 Y-1.7814 Z0.5408
X3.7404 Y-1.758 Z0.5367
X3.7383 Y-1.7423 Z0.5345
X3.7374 Y-1.7345 Z0.5332
X3.7366 Y-1.7267 Z0.5321
X3.7357 Y-1.7189 Z0.531
X3.7339 Y-1.7033 Z0.5292
X3.7331 Y-1.6954 Z0.5283
X3.7318 Y-1.6798 Z0.5263
X3.7309 Y-1.6704 Z0.5254
X3.7303 Y-1.6642 Z0.5249
X3.7296 Y-1.6564 Z0.5242
X3.7281 Y-1.6329 Z0.5219
X3.727 Y-1.6173 Z0.5208
X3.7266 Y-1.6094 Z0.5202
X3.7255 Y-1.586 Z0.5188
X3.7251 Y-1.5782 Z0.5185
X3.7241 Y-1.5469 Z0.5173
X3.7239 Y-1.5391 Z0.5171
X3.7238 Y-1.5235 Z0.5167
X3.7235 Y-1.5 Z0.5166
X3.7238 Y-1.4765 Z0.5167
X3.7239 Y-1.4609 Z0.5171
X3.7241 Y-1.4531 Z0.5173
X3.7251 Y-1.4218 Z0.5185
X3.7255 Y-1.414 Z0.5188
X3.7266 Y-1.3906 Z0.5202
X3.727 Y-1.3827 Z0.5208
X3.7281 Y-1.3671 Z0.5219
X3.7296 Y-1.3436 Z0.5242
X3.7303 Y-1.3358 Z0.5249
X3.731 Y-1.328 Z0.5255
X3.7318 Y-1.3202 Z0.5263
X3.7331 Y-1.3046 Z0.5283
X3.7348 Y-1.2889 Z0.5301
X3.7357 Y-1.2811 Z0.531
X3.7366 Y-1.2733 Z0.5321
X3.7374 Y-1.2655 Z0.5332
X3.7387 Y-1.2547 Z0.5349
X3.7404 Y-1.242 Z0.5367
X3.7435 Y-1.2186 Z0.5408
X3.7447 Y-1.2107 Z0.5421
X3.7459 Y-1.2029 Z0.5435
X3.7471 Y-1.1951 Z0.545
X3.7494 Y-1.1795 Z0.5483
X3.7522 Y-1.1638 Z0.5512
X3.7535 Y-1.156 Z0.5529
X3.7562 Y-1.1404 Z0.5567
X3.7608 Y-1.1169 Z0.5619
X3.7623 Y-1.1091 Z0.5639
X3.7638 Y-1.1013 Z0.566
X3.7688 Y-1.0778 Z0.572
X3.7705 Y-1.07 Z0.5742
X3.7722 Y-1.0622 Z0.5764
X3.7778 Y-1.0385 Z0.5834
X3.7796 Y-1.0309 Z0.5857
X3.7814 Y-1.0231 Z0.5883
X3.7856 Y-1.0069 Z0.5933
X3.7875 Y-0.9997 Z0.5957
X3.7894 Y-0.9919 Z0.5985
X3.7914 Y-0.984 Z0.6013
X3.798 Y-0.9606 Z0.6095
X3.8002 Y-0.9528 Z0.6125
X3.8024 Y-0.9449 Z0.6156
X3.8094 Y-0.9215 Z0.6247
X3.8118 Y-0.9137 Z0.6278
X3.8142 Y-0.9059 Z0.6311
X3.8218 Y-0.8824 Z0.6412
X3.8247 Y-0.8734 Z0.6452
X3.8296 Y-0.859 Z0.6518
X3.8349 Y-0.8433 Z0.6593
X3.8377 Y-0.8355 Z0.6631
X3.8462 Y-0.812 Z0.6748
X3.8491 Y-0.8042 Z0.679
X3.856 Y-0.786 Z0.6888
X3.8641 Y-0.7651 Z0.7005
X3.8704 Y-0.7495 Z0.7099
X3.8768 Y-0.7339 Z0.7193
X3.8802 Y-0.7261 Z0.7241
X3.8835 Y-0.7182 Z0.7291
X3.8873 Y-0.7093 Z0.7349
X3.8936 Y-0.6948 Z0.7446
X3.9042 Y-0.6713 Z0.7609
X3.9078 Y-0.6635 Z0.7665
X3.9151 Y-0.6479 Z0.7781
X3.9226 Y-0.6322 Z0.7902
X3.9264 Y-0.6243 Z0.7966
X3.9302 Y-0.6166 Z0.8028
X3.9379 Y-0.601 Z0.8158
X3.95 Y-0.5775 Z0.8364
X3.954 Y-0.5697 Z0.8435
X3.9623 Y-0.5541 Z0.8583
X3.9686 Y-0.5423 Z0.8699
X3.975 Y-0.5306 Z0.8817
X3.9794 Y-0.5228 Z0.8899
X3.9859 Y-0.5111 Z0.9025
X3.9925 Y-0.4993 Z0.9155
X3.9993 Y-0.4876 Z0.929
X4.0015 Y-0.4837 Z0.9336
X4.0061 Y-0.4759 Z0.9431
X4.0084 Y-0.472 Z0.9478
X4.0153 Y-0.4603 Z0.9626
X4.0218 Y-0.4502 Z0.9757
X4.0213 Y-0.4499 Z0.9765
X3.5119 Z1.3575
X3.504 Y-0.45 Z1.3631
X3.4982 Y-0.4506 Z1.3664
X3.4962 Y-0.4514 Z1.3665
X3.4728 Y-0.4614
X3.4493 Y-0.4717 Z1.3666
X3.4399 Y-0.4759 Z1.3667
X3.418 Y-0.4859
X3.3892 Y-0.4993 Z1.3668
X3.3633 Y-0.512 Z1.3669
X3.3398 Y-0.5237 Z1.3671
X3.3262 Y-0.5306
X3.3085 Y-0.5398
X3.2929 Y-0.5481 Z1.3673
X3.2772 Y-0.5566
X3.2537 Y-0.5697 Z1.3675
X3.2381 Y-0.5786 Z1.3676
X3.2225 Y-0.5877 Z1.3677
X3.199 Y-0.6016 Z1.3679
X3.1746 Y-0.6166 Z1.368
X3.1498 Y-0.6322 Z1.3682
X3.126 Y-0.6479 Z1.3684
X3.113 Y-0.6567 Z1.3686
X3.1029 Y-0.6635
X3.0806 Y-0.6791 Z1.3688
X3.066 Y-0.6896 Z1.369
X3.0504 Y-0.7011 Z1.3691
X3.0347 Y-0.7128 Z1.3693
X3.0269 Y-0.7187 Z1.3694
X3.0076 Y-0.7339 Z1.3695
X2.9956 Y-0.7434 Z1.3698
X2.9878 Y-0.7497
X2.9643 Y-0.7693 Z1.3701
X2.9487 Y-0.7828 Z1.3702
X2.9331 Y-0.7966 Z1.3705
X2.9246 Y-0.8042 Z1.3706
X2.9077 Y-0.8199 Z1.3708
X2.8939 Y-0.833 Z1.371
X2.8834 Y-0.8433 Z1.3711
X2.8677 Y-0.859 Z1.3714
X2.8548 Y-0.8722 Z1.3716
X2.8452 Y-0.8824 Z1.3717
X2.8379 Y-0.8902 Z1.3719
X2.8308 Y-0.898 Z1.372
X2.8157 Y-0.9149 Z1.3722
X2.8079 Y-0.9239 Z1.3724
X2.7967 Y-0.9371 Z1.3725
X2.7838 Y-0.9528 Z1.3728
X2.7766 Y-0.9618 Z1.3729
X2.7654 Y-0.9762 Z1.3731
X2.7594 Y-0.984 Z1.3733
X2.7532 Y-0.9924 Z1.3734
X2.7375 Y-1.0141 Z1.3737
X2.7297 Y-1.0255 Z1.3739
X2.7208 Y-1.0388 Z1.374
X2.714 Y-1.049 Z1.3742
X2.7106 Y-1.0544
X2.6984 Y-1.074 Z1.3745
X2.6961 Y-1.0778 Z1.3746
X2.6906 Y-1.0871 Z1.3747
X2.6869 Y-1.0935
X2.6781 Y-1.1091 Z1.375
X2.6738 Y-1.1169 Z1.3751
X2.6656 Y-1.1326 Z1.3753
X2.6616 Y-1.1404 Z1.3754
X2.6577 Y-1.1482 Z1.3755
X2.6515 Y-1.1611 Z1.3756
X2.6465 Y-1.1717 Z1.3758
X2.643 Y-1.1795
X2.6358 Y-1.1961 Z1.376
X2.6329 Y-1.2029 Z1.3761
X2.628 Y-1.2152 Z1.3762
X2.6237 Y-1.2264 Z1.3763
X2.6202 Y-1.2358 Z1.3764
X2.6179 Y-1.242 Z1.3765
X2.6124 Y-1.2584 Z1.3766
X2.61 Y-1.2655 Z1.3767
X2.6045 Y-1.2831 Z1.3768
X2.6006 Y-1.2967 Z1.377
X2.5985 Y-1.3046
X2.5945 Y-1.3202 Z1.3771
X2.5926 Y-1.328 Z1.3772
X2.5889 Y-1.3447 Z1.3773
X2.5875 Y-1.3515
X2.5845 Y-1.3671 Z1.3774
X2.5818 Y-1.3827 Z1.3775
X2.5806 Y-1.3906
X2.5785 Y-1.4062 Z1.3776
X2.5775 Y-1.414
X2.5766 Y-1.4218
X2.5758 Y-1.4296 Z1.3777
X2.5751 Y-1.4375 Z1.3776
X2.574 Y-1.4531 Z1.3777
X2.5735 Y-1.4609
X2.5729 Y-1.4765
X2.5726 Y-1.4844 Z1.3778
X2.5725 Y-1.4922
Y-1.5 Z1.3777
X2.5726 Y-1.5156 Z1.3778
X2.5728 Y-1.5235
X2.5735 Y-1.5391 Z1.3777
X2.574 Y-1.5469
X2.5745 Y-1.5547
X2.5751 Y-1.5625
X2.5767 Y-1.5782 Z1.3776
X2.5775 Y-1.586
X2.5795 Y-1.6016 Z1.3775
X2.5811 Y-1.6127
X2.5831 Y-1.6251 Z1.3774
X2.5845 Y-1.6329
X2.5875 Y-1.6485 Z1.3773
X2.5891 Y-1.6564
X2.5926 Y-1.672 Z1.3771
X2.5967 Y-1.6886 Z1.377
X2.5985 Y-1.6954
X2.6028 Y-1.7111 Z1.3769
X2.6052 Y-1.7189 Z1.3768
X2.61 Y-1.7345 Z1.3767
X2.6126 Y-1.7423 Z1.3766
X2.6152 Y-1.7502
X2.618 Y-1.758 Z1.3764
X2.6237 Y-1.7736 Z1.3763
X2.628 Y-1.7847 Z1.3762
X2.633 Y-1.7971 Z1.3761
X2.6362 Y-1.8049 Z1.376
X2.6437 Y-1.8219 Z1.3758
X2.6501 Y-1.8362 Z1.3757
X2.6539 Y-1.844 Z1.3755
X2.6616 Y-1.8596 Z1.3754
X2.6671 Y-1.8705 Z1.3753
X2.6749 Y-1.8851 Z1.375
X2.6828 Y-1.8993 Z1.3749
X2.6869 Y-1.9065 Z1.3748
X2.6984 Y-1.926 Z1.3745
X2.7062 Y-1.9387 Z1.3743
X2.7106 Y-1.9456 Z1.3742
X2.7219 Y-1.963 Z1.374
X2.7313 Y-1.9769 Z1.3738
X2.7375 Y-1.9859 Z1.3737
X2.7422 Y-1.9925 Z1.3736
X2.7536 Y-2.0081 Z1.3733
X2.7654 Y-2.0238 Z1.3731
X2.7766 Y-2.0382 Z1.3729
X2.7844 Y-2.048 Z1.3728
X2.7923 Y-2.0575 Z1.3727
X2.8001 Y-2.0669 Z1.3725
X2.8168 Y-2.0863 Z1.3722
X2.8289 Y-2.0998 Z1.372
X2.8327 Y-2.1038 Z1.3717
X2.8368 Y-2.1076 Z1.3712
X2.841 Y-2.1111 Z1.3705
X2.8453 Y-2.1145 Z1.3695
X2.8498 Y-2.1176 Z1.3683
X2.8543 Y-2.1207 Z1.367
X2.8635 Y-2.1266 Z1.3643
X2.8727 Y-2.1324 Z1.3615
X2.8772 Y-2.1354 Z1.3603
X2.8818 Y-2.1386 Z1.3591
X2.8862 Y-2.1418 Z1.3581
X2.8906 Y-2.1452 Z1.3573
X2.8948 Y-2.1488 Z1.3568
X2.8989 Y-2.1526 Z1.3565
X2.9111 Y-2.1645 Z1.3563
X2.9252 Y-2.1779 Z1.356
X2.9446 Y-2.1958 Z1.3556
X2.9534 Y-2.2036 Z1.3554
X2.9643 Y-2.2132 Z1.3552
X2.9804 Y-2.227 Z1.3549
X2.9897 Y-2.2349 Z1.3547
X3.0087 Y-2.2505 Z1.3544
X3.0191 Y-2.2589 Z1.3543
X3.0347 Y-2.2711 Z1.3539
X3.0504 Y-2.2832 Z1.3537
X3.0588 Y-2.2896 Z1.3536
X3.0738 Y-2.3007 Z1.3533
X3.0973 Y-2.3177 Z1.353
X3.1244 Y-2.3365 Z1.3525
X3.1364 Y-2.3446 Z1.3524
X3.1477 Y-2.3521 Z1.3522
X3.1717 Y-2.3678 Z1.3519
X3.184 Y-2.3756 Z1.3518
X3.199 Y-2.3849 Z1.3515
X3.2225 Y-2.3992 Z1.3513
X3.2487 Y-2.4147 Z1.3509
X3.2694 Y-2.4265 Z1.3508
X3.2772 Y-2.4309 Z1.3506
X3.3046 Y-2.4459 Z1.3504
X3.3192 Y-2.4538 Z1.3502
X3.3341 Y-2.4616 Z1.35
X3.3554 Y-2.4726 Z1.3499
X3.3711 Y-2.4805 Z1.3497
X3.3867 Y-2.4882 Z1.3495
X3.4125 Y-2.5007 Z1.3494
X3.4293 Y-2.5085 Z1.3492
X3.4462 Y-2.5163 Z1.3491
X3.4728 Y-2.5283 Z1.3489
X3.4884 Y-2.535 Z1.3488
X3.4962 Y-2.5384 Z1.3486
X3.504 Y-2.5385 Z1.343
X3.9974 Z0.9739
X3.9983 Y-2.5383 Z0.973
X3.9921 Y-2.528 Z0.96
X3.9853 Y-2.5163 Z0.9458
X3.9786 Y-2.5046 Z0.9321
X3.9764 Y-2.5007 Z0.9276
X3.9698 Y-2.4889 Z0.9146
X3.9632 Y-2.4772 Z0.902
X3.9589 Y-2.4694 Z0.8938
X3.9525 Y-2.4577 Z0.8819
X3.9462 Y-2.4459 Z0.8704
X3.9379 Y-2.4303 Z0.8556
X3.9339 Y-2.4225 Z0.8484
X3.9218 Y-2.399 Z0.8278
X3.9141 Y-2.3834 Z0.8148
X3.9103 Y-2.3756 Z0.8084
X3.9065 Y-2.3678 Z0.8022
X3.899 Y-2.3521 Z0.7901
X3.8918 Y-2.3365 Z0.7785
X3.8873 Y-2.3268 Z0.7716
X3.8776 Y-2.3052 Z0.7566
X3.8708 Y-2.2896 Z0.7461
X3.8675 Y-2.2818 Z0.7411
X3.8638 Y-2.2732 Z0.7356
X3.8608 Y-2.2661 Z0.7312
X3.8512 Y-2.2427 Z0.7171
X3.8481 Y-2.2349 Z0.7125
X3.8404 Y-2.215 Z0.7013
X3.8326 Y-2.1944 Z0.6902
X3.8302 Y-2.188 Z0.6868
X3.8217 Y-2.1645 Z0.6751
X3.8189 Y-2.1567 Z0.6712
X3.8136 Y-2.141 Z0.6637
X3.8083 Y-2.1254 Z0.6566
X3.8058 Y-2.1176 Z0.6532
X3.7982 Y-2.0941 Z0.6431
X3.7958 Y-2.0863 Z0.6398
X3.7911 Y-2.0707 Z0.6337
X3.7864 Y-2.0551 Z0.6276
X3.7841 Y-2.0472 Z0.6245
X3.782 Y-2.0394 Z0.6215
X3.7754 Y-2.016 Z0.6133
X3.7734 Y-2.0081 Z0.6104
X3.77 Y-1.9946 Z0.6058
X3.7654 Y-1.9769 Z0.6002
X3.7635 Y-1.9691 Z0.5977
X3.7617 Y-1.9612 Z0.5953
X3.7562 Y-1.9378 Z0.5884
X3.7543 Y-1.9291 Z0.5859
X3.7528 Y-1.9222 Z0.584
X3.7478 Y-1.8987 Z0.578
X3.7463 Y-1.8909 Z0.5759
X3.7447 Y-1.8831 Z0.5739
X3.7402 Y-1.8596 Z0.5687
X3.7375 Y-1.844 Z0.5649
X3.7361 Y-1.8362 Z0.5632
X3.7334 Y-1.8205 Z0.5602
X3.7309 Y-1.8038 Z0.5568
X3.7299 Y-1.7971 Z0.5554
X3.7275 Y-1.7814 Z0.5528
X3.7244 Y-1.758 Z0.5487
X3.7223 Y-1.7423 Z0.5464
X3.7214 Y-1.7345 Z0.5452
X3.7197 Y-1.7189 Z0.543
X3.7179 Y-1.7033 Z0.5412
X3.7171 Y-1.6954 Z0.5402
X3.7158 Y-1.6798 Z0.5383
X3.715 Y-1.672 Z0.5375
X3.7136 Y-1.6564 Z0.5362
X3.7121 Y-1.6329 Z0.5339
X3.711 Y-1.6173 Z0.5328
X3.7106 Y-1.6094 Z0.5322
X3.7094 Y-1.586 Z0.5308
X3.7091 Y-1.5782 Z0.5304
X3.7081 Y-1.5469 Z0.5293
X3.7079 Y-1.5391 Z0.5291
X3.7078 Y-1.5235 Z0.5287
X3.7075 Y-1.5 Z0.5286
X3.7078 Y-1.4765 Z0.5287
X3.7079 Y-1.4609 Z0.5291
X3.7081 Y-1.4531 Z0.5293
X3.7091 Y-1.4218 Z0.5304
X3.7094 Y-1.414 Z0.5308
X3.7106 Y-1.3906 Z0.5322
X3.711 Y-1.3827 Z0.5328
X3.7121 Y-1.3671 Z0.5339
X3.7136 Y-1.3436 Z0.5362
X3.715 Y-1.328 Z0.5375
X3.7158 Y-1.3202 Z0.5383
X3.7171 Y-1.3046 Z0.5402
X3.7188 Y-1.2889 Z0.5421
X3.7197 Y-1.2811 Z0.543
X3.7214 Y-1.2655 Z0.5452
X3.7223 Y-1.2577 Z0.5464
X3.7244 Y-1.242 Z0.5487
X3.7275 Y-1.2186 Z0.5528
X3.7299 Y-1.2029 Z0.5554
X3.731 Y-1.1951 Z0.557
X3.7334 Y-1.1795 Z0.5602
X3.7361 Y-1.1638 Z0.5632
X3.7375 Y-1.156 Z0.5649
X3.7402 Y-1.1404 Z0.5687
X3.7447 Y-1.1169 Z0.5739
X3.7465 Y-1.1078 Z0.5762
X3.7478 Y-1.1013 Z0.578
X3.7528 Y-1.0778 Z0.584
X3.7545 Y-1.07 Z0.5862
X3.7562 Y-1.0622 Z0.5884
X3.7622 Y-1.0368 Z0.5959
X3.7635 Y-1.0309 Z0.5977
X3.7654 Y-1.0231 Z0.6002
X3.77 Y-1.0054 Z0.6058
X3.7734 Y-0.9919 Z0.6104
X3.7754 Y-0.984 Z0.6133
X3.782 Y-0.9606 Z0.6215
X3.7841 Y-0.9528 Z0.6245
X3.7864 Y-0.9449 Z0.6276
X3.7934 Y-0.9214 Z0.6367
X3.7958 Y-0.9137 Z0.6398
X3.7982 Y-0.9059 Z0.6431
X3.8058 Y-0.8824 Z0.6532
X3.8091 Y-0.8723 Z0.6577
X3.8136 Y-0.859 Z0.6637
X3.8189 Y-0.8433 Z0.6712
X3.8217 Y-0.8355 Z0.6751
X3.8302 Y-0.812 Z0.6868
X3.833 Y-0.8042 Z0.6909
X3.8404 Y-0.785 Z0.7013
X3.8482 Y-0.7648 Z0.7127
X3.8544 Y-0.7495 Z0.7218
X3.8608 Y-0.7339 Z0.7312
X3.8641 Y-0.7261 Z0.7361
X3.8675 Y-0.7182 Z0.7411
X3.8717 Y-0.7084 Z0.7475
X3.8776 Y-0.6948 Z0.7566
X3.8882 Y-0.6713 Z0.7729
X3.8918 Y-0.6635 Z0.7785
X3.899 Y-0.6479 Z0.7901
X3.9065 Y-0.6322 Z0.8022
X3.9108 Y-0.6234 Z0.8092
X3.9141 Y-0.6166 Z0.8148
X3.9218 Y-0.601 Z0.8278
X3.9342 Y-0.5768 Z0.849
X3.9379 Y-0.5697 Z0.8556
X3.9462 Y-0.5541 Z0.8704
X3.9525 Y-0.5423 Z0.8819
X3.9589 Y-0.5306 Z0.8938
X3.9655 Y-0.5187 Z0.9064
X3.9698 Y-0.5111 Z0.9146
X3.9764 Y-0.4993 Z0.9276
X3.9831 Y-0.4876 Z0.9412
X3.9853 Y-0.4837 Z0.9458
X3.9899 Y-0.4759 Z0.9552
X3.9921 Y-0.472 Z0.96
X3.9983 Y-0.4617 Z0.973
X3.9974 Y-0.4615 Z0.9739
X3.504 Z1.343
X3.4962 Y-0.4616 Z1.3486
X3.4884 Y-0.4649 Z1.3488
X3.4728 Y-0.4718
X3.4461 Y-0.4837 Z1.3492
X3.4258 Y-0.4931 Z1.3493
X3.4102 Y-0.5005 Z1.3494
X3.3945 Y-0.508 Z1.3496
X3.3803 Y-0.515
X3.3554 Y-0.5274 Z1.3498
X3.334 Y-0.5384 Z1.3501
X3.3085 Y-0.552 Z1.3503
X3.3007 Y-0.5561 Z1.3504
X3.2762 Y-0.5697 Z1.3506
X3.2487 Y-0.5853 Z1.351
X3.2222 Y-0.601 Z1.3512
X3.2068 Y-0.6103 Z1.3515
X3.1965 Y-0.6166 Z1.3516
X3.1717 Y-0.6322 Z1.3519
X3.1596 Y-0.6401 Z1.3521
X3.1442 Y-0.6502 Z1.3522
X3.1208 Y-0.666 Z1.3526
X3.0973 Y-0.6824 Z1.3529
X3.08 Y-0.6948 Z1.3532
X3.0694 Y-0.7026 Z1.3534
X3.0504 Y-0.7168 Z1.3537
X3.0347 Y-0.7288 Z1.354
X3.0191 Y-0.7412 Z1.3542
X3.0086 Y-0.7495 Z1.3544
X3.0035 Y-0.7537 Z1.3545
X2.9878 Y-0.7667 Z1.3547
X2.9712 Y-0.7808 Z1.3551
X2.9622 Y-0.7886 Z1.3553
X2.9446 Y-0.8042 Z1.3556
X2.9331 Y-0.8148 Z1.3559
X2.9252 Y-0.8221 Z1.356
X2.9096 Y-0.8369 Z1.3563
X2.9018 Y-0.8445 Z1.3565
X2.8861 Y-0.8601 Z1.3568
X2.8705 Y-0.8761 Z1.3572
X2.8548 Y-0.8927 Z1.3575
X2.847 Y-0.9012 Z1.3577
X2.8358 Y-0.9137 Z1.358
X2.8222 Y-0.9293 Z1.3583
X2.8155 Y-0.9371 Z1.3585
X2.8001 Y-0.9557 Z1.3589
X2.79 Y-0.9684 Z1.3592
X2.7839 Y-0.9762 Z1.3593
X2.7719 Y-0.9919 Z1.3597
X2.7661 Y-0.9997 Z1.3598
X2.7532 Y-1.0177 Z1.3602
X2.744 Y-1.0309 Z1.3604
X2.7336 Y-1.0466 Z1.3607
X2.7284 Y-1.0544 Z1.3609
X2.7186 Y-1.07 Z1.3612
X2.7138 Y-1.0778 Z1.3613
X2.709 Y-1.0857 Z1.3615
X2.7044 Y-1.0935 Z1.3616
X2.6912 Y-1.1169 Z1.3621
X2.6828 Y-1.1328 Z1.3623
X2.6749 Y-1.1482 Z1.3626
X2.671 Y-1.156 Z1.3627
X2.6636 Y-1.1717 Z1.363
X2.6593 Y-1.181 Z1.3632
X2.6565 Y-1.1873 Z1.3633
X2.6515 Y-1.199 Z1.3634
X2.6466 Y-1.2107 Z1.3636
X2.6435 Y-1.2186 Z1.3637
X2.6346 Y-1.242 Z1.364
X2.6292 Y-1.2577 Z1.3642
X2.6266 Y-1.2655 Z1.3643
X2.6217 Y-1.2811 Z1.3645
X2.6193 Y-1.2889 Z1.3646
X2.6149 Y-1.3046 Z1.3647
X2.6108 Y-1.3202 Z1.3649
X2.6089 Y-1.328 Z1.365
X2.6071 Y-1.3358
X2.6045 Y-1.3475 Z1.3651
X2.6007 Y-1.3671 Z1.3653
X2.598 Y-1.3827 Z1.3654
X2.5967 Y-1.3906
X2.5946 Y-1.4062 Z1.3655
X2.5936 Y-1.414
X2.5927 Y-1.4218 Z1.3656
X2.5919 Y-1.4296
X2.5912 Y-1.4375
X2.5906 Y-1.4453 Z1.3657
X2.59 Y-1.4531
X2.5895 Y-1.4609
X2.5889 Y-1.4765
X2.5886 Y-1.4844 Z1.3658
X2.5885 Y-1.4922
Y-1.5 Z1.3657
X2.5887 Y-1.5156 Z1.3658
X2.5889 Y-1.5252
X2.5896 Y-1.5391 Z1.3657
X2.59 Y-1.5469
X2.5906 Y-1.5547
X2.5912 Y-1.5625 Z1.3656
X2.5927 Y-1.5782
X2.5936 Y-1.586 Z1.3655
X2.5956 Y-1.6016
X2.5967 Y-1.6094 Z1.3654
X2.5993 Y-1.6251 Z1.3653
X2.6007 Y-1.6329
X2.6037 Y-1.6485 Z1.3652
X2.6054 Y-1.6564 Z1.3651
X2.6089 Y-1.672 Z1.3649
X2.6128 Y-1.6876 Z1.3648
X2.6149 Y-1.6954 Z1.3647
X2.6193 Y-1.7111 Z1.3646
X2.6217 Y-1.7189 Z1.3645
X2.6266 Y-1.7345 Z1.3643
X2.6292 Y-1.7423 Z1.3642
X2.6346 Y-1.758 Z1.364
X2.6375 Y-1.7658 Z1.3639
X2.6437 Y-1.7818 Z1.3637
X2.6498 Y-1.7971 Z1.3635
X2.6531 Y-1.8049 Z1.3634
X2.66 Y-1.8205 Z1.3631
X2.6636 Y-1.8283 Z1.363
X2.671 Y-1.844 Z1.3627
X2.6788 Y-1.8596 Z1.3625
X2.6828 Y-1.8674 Z1.3624
X2.6912 Y-1.8831 Z1.362
X2.6955 Y-1.8909 Z1.3619
X2.7045 Y-1.9065 Z1.3616
X2.714 Y-1.9227 Z1.3613
X2.7235 Y-1.9378 Z1.361
X2.7297 Y-1.9476 Z1.3608
X2.7335 Y-1.9534
X2.744 Y-1.9691 Z1.3604
X2.7548 Y-1.9847 Z1.3601
X2.7688 Y-2.0039 Z1.3597
X2.7779 Y-2.016 Z1.3595
X2.7844 Y-2.0246 Z1.3593
X2.8001 Y-2.0443 Z1.3589
X2.809 Y-2.0551 Z1.3587
X2.8157 Y-2.0631 Z1.3585
X2.8236 Y-2.0723 Z1.3583
X2.8358 Y-2.0863 Z1.358
X2.8499 Y-2.102 Z1.3576
X2.8571 Y-2.1098 Z1.3575
X2.872 Y-2.1254 Z1.3571
X2.8795 Y-2.1332 Z1.357
X2.8872 Y-2.141 Z1.3568
X2.8989 Y-2.1526 Z1.3565
X2.9029 Y-2.1564 Z1.3563
X2.9072 Y-2.1599 Z1.3557
X2.9116 Y-2.1632 Z1.3549
X2.9161 Y-2.1662 Z1.3539
X2.9207 Y-2.1692 Z1.3526
X2.9254 Y-2.172 Z1.3513
X2.9347 Y-2.1775 Z1.3485
X2.9442 Y-2.1828 Z1.3456
X2.9489 Y-2.1856 Z1.3443
X2.9536 Y-2.1884 Z1.3431
X2.9582 Y-2.1915 Z1.342
X2.9627 Y-2.1946 Z1.3412
X2.9671 Y-2.198 Z1.3406
X2.9714 Y-2.2016 Z1.3403
X2.9878 Y-2.216 Z1.34
X2.9956 Y-2.2227 Z1.3398
X3.0113 Y-2.2357 Z1.3393
X3.0269 Y-2.2486 Z1.339
X3.0504 Y-2.2671 Z1.3384
X3.0592 Y-2.2739 Z1.3383
X3.0695 Y-2.2818 Z1.338
X3.08 Y-2.2896 Z1.3378
X3.0973 Y-2.3024 Z1.3374
X3.113 Y-2.3136 Z1.3371
X3.1233 Y-2.3209 Z1.3368
X3.1442 Y-2.3353 Z1.3364
X3.1694 Y-2.3521 Z1.3359
X3.1834 Y-2.3612 Z1.3357
X3.1936 Y-2.3678 Z1.3355
X3.2186 Y-2.3834 Z1.335
X3.2381 Y-2.3952 Z1.3347
X3.2459 Y-2.3999 Z1.3346
X3.2711 Y-2.4147 Z1.3342
X3.2929 Y-2.427 Z1.3338
X3.3085 Y-2.4357 Z1.3336
X3.3273 Y-2.4459 Z1.3333
X3.3554 Y-2.4607 Z1.3329
X3.3722 Y-2.4694 Z1.3327
X3.3789 Y-2.4728 Z1.3326
X3.4102 Y-2.4883 Z1.3322
X3.4258 Y-2.4958 Z1.332
X3.4415 Y-2.5032 Z1.3318
X3.4649 Y-2.5141 Z1.3315
X3.4872 Y-2.5241 Z1.3313
X3.4923 Y-2.5264 Z1.3312
X3.4962 Y-2.5267 Z1.3288
X3.9743 Z0.9711
X3.975 Y-2.5264 Z0.9702
X3.9691 Y-2.5163 Z0.9579
X3.9624 Y-2.5046 Z0.9442
X3.9602 Y-2.5007 Z0.9397
X3.9536 Y-2.4889 Z0.9266
X3.9471 Y-2.4772 Z0.9141
X3.9421 Y-2.4681 Z0.9045
X3.9363 Y-2.4577 Z0.894
X3.9301 Y-2.4459 Z0.8824
X3.9239 Y-2.4342 Z0.8713
X3.9218 Y-2.4303 Z0.8676
X3.9178 Y-2.4225 Z0.8605
X3.9058 Y-2.399 Z0.8398
X3.8981 Y-2.3834 Z0.8268
X3.8942 Y-2.3756 Z0.8204
X3.8905 Y-2.3678 Z0.8142
X3.883 Y-2.3521 Z0.8021
X3.8757 Y-2.3365 Z0.7905
X3.8717 Y-2.3277 Z0.7842
X3.8615 Y-2.3052 Z0.7686
X3.8548 Y-2.2896 Z0.7581
X3.8514 Y-2.2818 Z0.753
X3.8448 Y-2.2661 Z0.7432
X3.8352 Y-2.2427 Z0.7291
X3.8321 Y-2.2349 Z0.7245
X3.8247 Y-2.216 Z0.7138
X3.8169 Y-2.1954 Z0.7027
X3.8142 Y-2.188 Z0.6988
X3.8056 Y-2.1645 Z0.6871
X3.8013 Y-2.1518 Z0.6809
X3.7976 Y-2.141 Z0.6757
X3.7923 Y-2.1254 Z0.6686
X3.7897 Y-2.1176 Z0.6652
X3.7822 Y-2.0941 Z0.6551
X3.7798 Y-2.0863 Z0.6518
X3.7751 Y-2.0707 Z0.6456
X3.77 Y-2.0538 Z0.6391
X3.7681 Y-2.0472 Z0.6364
X3.766 Y-2.0394 Z0.6335
X3.7594 Y-2.016 Z0.6253
X3.7574 Y-2.0081 Z0.6224
X3.7543 Y-1.996 Z0.6183
X3.7534 Y-1.9925 Z0.6171
X3.7494 Y-1.9769 Z0.6122
X3.7465 Y-1.9648 Z0.6083
X3.7402 Y-1.9378 Z0.6004
X3.7368 Y-1.9222 Z0.596
X3.7318 Y-1.8987 Z0.59
X3.7302 Y-1.8909 Z0.5878
X3.7287 Y-1.8831 Z0.5859
X3.7242 Y-1.8596 Z0.5806
X3.7215 Y-1.844 Z0.5769
X3.7201 Y-1.8362 Z0.5752
X3.7174 Y-1.8205 Z0.5722
X3.715 Y-1.8049 Z0.569
X3.7139 Y-1.7971 Z0.5674
X3.7115 Y-1.7814 Z0.5647
X3.7083 Y-1.758 Z0.5607
X3.7063 Y-1.7423 Z0.5584
X3.7054 Y-1.7345 Z0.5572
X3.7037 Y-1.7189 Z0.555
X3.7019 Y-1.7033 Z0.5532
X3.7011 Y-1.6954 Z0.5522
X3.6997 Y-1.6798 Z0.5502
X3.699 Y-1.672 Z0.5495
X3.6976 Y-1.6564 Z0.5482
X3.696 Y-1.6329 Z0.5458
X3.695 Y-1.6173 Z0.5448
X3.6946 Y-1.6094 Z0.5441
X3.6934 Y-1.586 Z0.5427
X3.693 Y-1.5782 Z0.5424
X3.6921 Y-1.5469 Z0.5412
X3.6919 Y-1.5391 Z0.5411
X3.6917 Y-1.5235 Z0.5407
X3.6915 Y-1.5 Z0.5406
X3.6918 Y-1.473 Z0.5407
X3.6919 Y-1.4609 Z0.5411
X3.6921 Y-1.4531 Z0.5412
X3.693 Y-1.4218 Z0.5424
X3.6934 Y-1.414 Z0.5427
X3.6946 Y-1.3906 Z0.5441
X3.695 Y-1.3827 Z0.5448
X3.696 Y-1.3671 Z0.5458
X3.6976 Y-1.3436 Z0.5482
X3.699 Y-1.328 Z0.5495
X3.6997 Y-1.3202 Z0.5502
X3.7011 Y-1.3046 Z0.5522
X3.7027 Y-1.2889 Z0.5541
X3.7037 Y-1.2811 Z0.555
X3.7054 Y-1.2655 Z0.5572
X3.7063 Y-1.2577 Z0.5584
X3.7083 Y-1.242 Z0.5607
X3.7115 Y-1.2186 Z0.5647
X3.7139 Y-1.2029 Z0.5674
X3.7152 Y-1.1937 Z0.5692
X3.7174 Y-1.1795 Z0.5722
X3.7201 Y-1.1638 Z0.5752
X3.7215 Y-1.156 Z0.5769
X3.7242 Y-1.1404 Z0.5806
X3.7287 Y-1.1169 Z0.5859
X3.7302 Y-1.1091 Z0.5878
X3.7318 Y-1.1013 Z0.59
X3.7368 Y-1.0778 Z0.596
X3.7402 Y-1.0622 Z0.6004
X3.7465 Y-1.0352 Z0.6083
X3.7494 Y-1.0231 Z0.6122
X3.7534 Y-1.0075 Z0.6171
X3.7554 Y-0.9997 Z0.6197
X3.7574 Y-0.9919 Z0.6224
X3.7594 Y-0.984 Z0.6253
X3.766 Y-0.9606 Z0.6335
X3.7681 Y-0.9528 Z0.6364
X3.7703 Y-0.9449 Z0.6396
X3.7778 Y-0.9202 Z0.6492
X3.7798 Y-0.9137 Z0.6518
X3.7822 Y-0.9059 Z0.6551
X3.7897 Y-0.8824 Z0.6652
X3.7934 Y-0.8712 Z0.6702
X3.7976 Y-0.859 Z0.6757
X3.8029 Y-0.8433 Z0.6832
X3.8056 Y-0.8355 Z0.6871
X3.8142 Y-0.812 Z0.6988
X3.817 Y-0.8042 Z0.7029
X3.8247 Y-0.784 Z0.7138
X3.8326 Y-0.7639 Z0.7252
X3.8416 Y-0.7417 Z0.7385
X3.8448 Y-0.7339 Z0.7432
X3.8514 Y-0.7182 Z0.753
X3.856 Y-0.7075 Z0.76
X3.8615 Y-0.6948 Z0.7686
X3.8721 Y-0.6713 Z0.7849
X3.8757 Y-0.6635 Z0.7905
X3.883 Y-0.6479 Z0.8021
X3.8905 Y-0.6322 Z0.8142
X3.8951 Y-0.6226 Z0.8219
X3.9029 Y-0.6067 Z0.835
X3.9058 Y-0.601 Z0.8398
X3.9178 Y-0.5775 Z0.8605
X3.9218 Y-0.5697 Z0.8676
X3.9264 Y-0.561 Z0.8757
X3.9301 Y-0.5541 Z0.8824
X3.9363 Y-0.5423 Z0.894
X3.9428 Y-0.5306 Z0.9059
X3.9499 Y-0.5178 Z0.9194
X3.9536 Y-0.5111 Z0.9266
X3.9602 Y-0.4993 Z0.9397
X3.9691 Y-0.4837 Z0.9579
X3.975 Y-0.4736 Z0.9702
X3.9743 Y-0.4733 Z0.9711
X3.4962 Z1.3287
X3.4923 Y-0.4736 Z1.3312
X3.4649 Y-0.4859 Z1.3315
X3.4493 Y-0.4931 Z1.3318
X3.4336 Y-0.5004 Z1.3319
X3.4102 Y-0.5117 Z1.3322
X3.3945 Y-0.5194 Z1.3324
X3.3789 Y-0.5272 Z1.3325
X3.3554 Y-0.5392 Z1.3329
X3.3398 Y-0.5475 Z1.3332
X3.3241 Y-0.5558 Z1.3333
X3.2987 Y-0.5697 Z1.3337
X3.2694 Y-0.5864 Z1.3342
X3.2537 Y-0.5955 Z1.3345
X3.2444 Y-0.601 Z1.3346
X3.2186 Y-0.6166 Z1.335
X3.199 Y-0.6289 Z1.3354
X3.1912 Y-0.6338 Z1.3355
X3.1677 Y-0.649 Z1.336
X3.1442 Y-0.6647 Z1.3364
X3.1233 Y-0.6791 Z1.3369
X3.1013 Y-0.6948 Z1.3373
X3.0895 Y-0.7034 Z1.3376
X3.0799 Y-0.7104 Z1.3378
X3.0695 Y-0.7182 Z1.338
X3.0491 Y-0.7339 Z1.3385
X3.0392 Y-0.7417 Z1.3387
X3.0269 Y-0.7515 Z1.3389
X3.0101 Y-0.7651 Z1.3394
X2.9878 Y-0.784 Z1.3399
X2.9736 Y-0.7964 Z1.3403
X2.9643 Y-0.8046 Z1.3405
X2.9475 Y-0.8199 Z1.341
X2.9392 Y-0.8277 Z1.3412
X2.9252 Y-0.8409 Z1.3416
X2.9096 Y-0.8562 Z1.3421
X2.8914 Y-0.8746 Z1.3426
X2.8783 Y-0.8883 Z1.343
X2.8692 Y-0.898 Z1.3432
X2.8548 Y-0.9137 Z1.3437
X2.8392 Y-0.9315 Z1.3442
X2.8314 Y-0.9407 Z1.3445
X2.8213 Y-0.9528 Z1.3448
X2.8079 Y-0.9692 Z1.3453
X2.8001 Y-0.9792 Z1.3456
X2.7904 Y-0.9919 Z1.3459
X2.7844 Y-0.9997 Z1.3461
X2.7766 Y-1.0104 Z1.3464
X2.7688 Y-1.0213 Z1.3467
X2.761 Y-1.0325 Z1.347
X2.7567 Y-1.0388 Z1.3471
X2.7453 Y-1.0559 Z1.3475
X2.7413 Y-1.0622 Z1.3477
X2.7315 Y-1.0778 Z1.3481
X2.7219 Y-1.0937 Z1.3485
X2.7175 Y-1.1013 Z1.3487
X2.7087 Y-1.1169 Z1.349
X2.7044 Y-1.1248 Z1.3492
X2.6984 Y-1.1359 Z1.3494
X2.6882 Y-1.156 Z1.3499
X2.6807 Y-1.1717 Z1.3502
X2.677 Y-1.1795 Z1.3503
X2.6735 Y-1.1873 Z1.3506
X2.6701 Y-1.1951 Z1.3507
X2.6667 Y-1.2029 Z1.3508
X2.6603 Y-1.2186 Z1.3511
X2.6572 Y-1.2264 Z1.3513
X2.6513 Y-1.242 Z1.3515
X2.6485 Y-1.2498 Z1.3517
X2.6432 Y-1.2655 Z1.3519
X2.6406 Y-1.2733 Z1.352
X2.6382 Y-1.2811 Z1.3521
X2.6358 Y-1.2889 Z1.3522
X2.6313 Y-1.3046 Z1.3524
X2.6272 Y-1.3202 Z1.3527
X2.6252 Y-1.328
X2.6217 Y-1.3436 Z1.3529
X2.62 Y-1.3515 Z1.353
X2.6169 Y-1.3671 Z1.3531
X2.6155 Y-1.3749 Z1.3532
X2.6129 Y-1.3906 Z1.3533
X2.6107 Y-1.4062 Z1.3535
X2.6097 Y-1.414
X2.608 Y-1.4296 Z1.3536
X2.6073 Y-1.4375
X2.6066 Y-1.4453 Z1.3537
X2.606 Y-1.4531
X2.6056 Y-1.4609
X2.6049 Y-1.4765
X2.6046 Y-1.4844 Z1.3538
X2.6045 Y-1.4922
Y-1.5
X2.6047 Y-1.5156
X2.6049 Y-1.5235
X2.6056 Y-1.5391 Z1.3537
X2.606 Y-1.5469
X2.6066 Y-1.5547
X2.6073 Y-1.5625 Z1.3536
X2.6088 Y-1.5782
X2.6097 Y-1.586 Z1.3535
X2.6124 Y-1.6061 Z1.3534
X2.6142 Y-1.6173 Z1.3533
X2.6169 Y-1.6329 Z1.3531
X2.6202 Y-1.6496 Z1.353
X2.6234 Y-1.6642 Z1.3528
X2.6253 Y-1.672 Z1.3527
X2.628 Y-1.683 Z1.3526
X2.6313 Y-1.6954 Z1.3524
X2.6335 Y-1.7033
X2.6358 Y-1.7113 Z1.3523
X2.6406 Y-1.7267 Z1.352
X2.6437 Y-1.7361 Z1.3519
X2.6513 Y-1.758 Z1.3515
X2.6572 Y-1.7736 Z1.3512
X2.6603 Y-1.7814 Z1.3511
X2.6635 Y-1.7893 Z1.351
X2.6671 Y-1.798 Z1.3508
X2.677 Y-1.8205 Z1.3504
X2.6844 Y-1.8362 Z1.35
X2.6882 Y-1.844 Z1.3499
X2.6921 Y-1.8518 Z1.3497
X2.6984 Y-1.8641 Z1.3494
X2.7086 Y-1.8831 Z1.349
X2.7175 Y-1.8987 Z1.3486
X2.7221 Y-1.9065 Z1.3484
X2.7267 Y-1.9143 Z1.3483
X2.7315 Y-1.9222 Z1.3481
X2.7413 Y-1.9378 Z1.3477
X2.7463 Y-1.9456 Z1.3475
X2.761 Y-1.9675 Z1.3469
X2.7688 Y-1.9787 Z1.3467
X2.7766 Y-1.9896 Z1.3464
X2.7845 Y-2.0003 Z1.3461
X2.7923 Y-2.0107 Z1.3458
X2.8024 Y-2.0238 Z1.3454
X2.8086 Y-2.0316 Z1.3453
X2.8157 Y-2.0405 Z1.345
X2.8236 Y-2.05 Z1.3447
X2.8344 Y-2.0629 Z1.3444
X2.848 Y-2.0785 Z1.3439
X2.8549 Y-2.0863 Z1.3437
X2.8627 Y-2.0949 Z1.3435
X2.8705 Y-2.1034 Z1.3432
X2.8861 Y-2.12 Z1.3427
X2.8939 Y-2.128 Z1.3425
X2.9084 Y-2.1426 Z1.3421
X2.9252 Y-2.1591 Z1.3416
X2.9476 Y-2.1801 Z1.341
X2.9565 Y-2.1883 Z1.3408
X2.9648 Y-2.1958 Z1.3405
X2.9714 Y-2.2016 Z1.3403
X2.9756 Y-2.2051 Z1.3401
X2.98 Y-2.2084 Z1.3395
X2.9846 Y-2.2115 Z1.3386
X2.9892 Y-2.2144 Z1.3376
X2.994 Y-2.2171 Z1.3363
X2.9987 Y-2.2197 Z1.335
X3.0083 Y-2.2247 Z1.332
X3.018 Y-2.2296 Z1.3291
X3.0228 Y-2.2322 Z1.3277
X3.0275 Y-2.2349 Z1.3264
X3.0323 Y-2.2376 Z1.3253
X3.0369 Y-2.2406 Z1.3245
X3.0415 Y-2.2437 Z1.3238
X3.0459 Y-2.2471 Z1.3235
X3.0504 Y-2.2507 Z1.3233
X3.07 Y-2.2661 Z1.3228
X3.0817 Y-2.275 Z1.3225
X3.0973 Y-2.2868 Z1.322
X3.113 Y-2.2983 Z1.3216
X3.1226 Y-2.3052 Z1.3213
X3.1448 Y-2.3209 Z1.3208
X3.1599 Y-2.3312 Z1.3204
X3.1677 Y-2.3365 Z1.3201
X3.1912 Y-2.3521 Z1.3196
X3.2157 Y-2.3678 Z1.319
X3.2408 Y-2.3834 Z1.3184
X3.2694 Y-2.4005 Z1.3178
X3.285 Y-2.4097 Z1.3175
X3.2937 Y-2.4147 Z1.3173
X3.3214 Y-2.4303 Z1.3168
X3.3398 Y-2.4403 Z1.3164
X3.3503 Y-2.4459 Z1.3161
X3.3711 Y-2.4569 Z1.3158
X3.3867 Y-2.465 Z1.3155
X3.4024 Y-2.4729 Z1.3152
X3.4268 Y-2.485 Z1.3148
X3.4431 Y-2.4928 Z1.3145
X3.4595 Y-2.5007 Z1.3142
X3.4806 Y-2.5104 Z1.314
X3.4884 Y-2.514 Z1.3138
X3.4904 Y-2.5146 Z1.3133
X3.9509 Z0.9687
X3.9518 Y-2.5143 Z0.9676
X3.944 Y-2.5007 Z0.9518
X3.9374 Y-2.4889 Z0.9387
X3.931 Y-2.4772 Z0.9261
X3.9264 Y-2.469 Z0.9175
X3.9224 Y-2.4616 Z0.91
X3.9161 Y-2.4498 Z0.8983
X3.914 Y-2.4459 Z0.8945
X3.9078 Y-2.4342 Z0.8833
X3.9029 Y-2.4249 Z0.8747
X3.8977 Y-2.4147 Z0.8656
X3.8897 Y-2.399 Z0.8519
X3.882 Y-2.3834 Z0.8388
X3.8782 Y-2.3756 Z0.8324
X3.8744 Y-2.3678 Z0.8262
X3.867 Y-2.3521 Z0.8141
X3.8597 Y-2.3365 Z0.8025
X3.856 Y-2.3285 Z0.7968
X3.8455 Y-2.3052 Z0.7806
X3.8387 Y-2.2896 Z0.7701
X3.8354 Y-2.2818 Z0.765
X3.8288 Y-2.2661 Z0.7552
X3.8169 Y-2.237 Z0.7377
X3.8091 Y-2.217 Z0.7264
X3.804 Y-2.2036 Z0.7191
X3.801 Y-2.1958 Z0.7149
X3.7982 Y-2.188 Z0.7108
X3.7896 Y-2.1645 Z0.6991
X3.7856 Y-2.1529 Z0.6934
X3.7816 Y-2.141 Z0.6877
X3.7763 Y-2.1254 Z0.6806
X3.7737 Y-2.1176 Z0.6771
X3.7662 Y-2.0941 Z0.667
X3.7638 Y-2.0863 Z0.6637
X3.759 Y-2.0707 Z0.6576
X3.7543 Y-2.0551 Z0.6516
X3.7521 Y-2.0472 Z0.6484
X3.75 Y-2.0394 Z0.6454
X3.7434 Y-2.016 Z0.6372
X3.7414 Y-2.0081 Z0.6344
X3.7387 Y-1.9975 Z0.6307
X3.7374 Y-1.9925 Z0.6291
X3.7334 Y-1.9769 Z0.6242
X3.7309 Y-1.9664 Z0.6208
X3.726 Y-1.9456 Z0.6146
X3.7242 Y-1.9378 Z0.6124
X3.7208 Y-1.9222 Z0.608
X3.7157 Y-1.8987 Z0.602
X3.7142 Y-1.8909 Z0.5998
X3.7127 Y-1.8831 Z0.5979
X3.7081 Y-1.8596 Z0.5926
X3.7055 Y-1.844 Z0.5888
X3.7041 Y-1.8362 Z0.5872
X3.7014 Y-1.8205 Z0.5842
X3.699 Y-1.8049 Z0.5809
X3.6978 Y-1.7971 Z0.5794
X3.6954 Y-1.7814 Z0.5767
X3.6923 Y-1.758 Z0.5727
X3.6903 Y-1.7423 Z0.5704
X3.6894 Y-1.7345 Z0.5692
X3.6885 Y-1.7267 Z0.5681
X3.6876 Y-1.7189 Z0.567
X3.6859 Y-1.7033 Z0.5651
X3.6851 Y-1.6954 Z0.5642
X3.6837 Y-1.6798 Z0.5622
X3.683 Y-1.672 Z0.5614
X3.6816 Y-1.6564 Z0.5601
X3.68 Y-1.6329 Z0.5578
X3.6789 Y-1.6173 Z0.5567
X3.6786 Y-1.6094 Z0.5561
X3.6774 Y-1.586 Z0.5547
X3.677 Y-1.5782 Z0.5544
X3.6761 Y-1.5469 Z0.5532
X3.6758 Y-1.5391 Z0.5531
X3.6757 Y-1.5235 Z0.5527
X3.6755 Y-1.5 Z0.5526
X3.6757 Y-1.4765 Z0.5527
X3.6758 Y-1.4609 Z0.5531
X3.6761 Y-1.4521 Z0.5532
X3.677 Y-1.4218 Z0.5544
X3.6774 Y-1.414 Z0.5547
X3.6786 Y-1.3906 Z0.5561
X3.6789 Y-1.3827 Z0.5567
X3.68 Y-1.3671 Z0.5578
X3.6816 Y-1.3436 Z0.5601
X3.683 Y-1.328 Z0.5614
X3.6839 Y-1.3176 Z0.5625
X3.6851 Y-1.3046 Z0.5642
X3.6867 Y-1.2889 Z0.566
X3.6876 Y-1.2811 Z0.567
X3.6885 Y-1.2733 Z0.5681
X3.6894 Y-1.2655 Z0.5692
X3.6903 Y-1.2577 Z0.5704
X3.6923 Y-1.242 Z0.5727
X3.6954 Y-1.2186 Z0.5767
X3.6978 Y-1.2029 Z0.5794
X3.6996 Y-1.1913 Z0.5817
X3.7014 Y-1.1795 Z0.5842
X3.7041 Y-1.1638 Z0.5872
X3.7055 Y-1.156 Z0.5888
X3.7081 Y-1.1404 Z0.5926
X3.7127 Y-1.1169 Z0.5979
X3.7142 Y-1.1091 Z0.5998
X3.7157 Y-1.1013 Z0.602
X3.7208 Y-1.0778 Z0.608
X3.7242 Y-1.0622 Z0.6124
X3.7297 Y-1.0388 Z0.6192
X3.7315 Y-1.0309 Z0.6217
X3.7334 Y-1.0231 Z0.6242
X3.7374 Y-1.0075 Z0.6291
X3.7394 Y-0.9997 Z0.6317
X3.7414 Y-0.9919 Z0.6344
X3.7434 Y-0.984 Z0.6372
X3.75 Y-0.9606 Z0.6454
X3.7521 Y-0.9528 Z0.6484
X3.7543 Y-0.9449 Z0.6516
X3.7622 Y-0.9189 Z0.6616
X3.7638 Y-0.9137 Z0.6637
X3.7662 Y-0.9059 Z0.667
X3.7737 Y-0.8824 Z0.6771
X3.7763 Y-0.8746 Z0.6806
X3.7816 Y-0.859 Z0.6877
X3.7869 Y-0.8433 Z0.6952
X3.7896 Y-0.8355 Z0.6991
X3.7982 Y-0.812 Z0.7108
X3.8013 Y-0.8036 Z0.7152
X3.807 Y-0.7886 Z0.7233
X3.81 Y-0.7808 Z0.7276
X3.8169 Y-0.763 Z0.7377
X3.8288 Y-0.7339 Z0.7552
X3.8354 Y-0.7182 Z0.765
X3.8404 Y-0.7067 Z0.7726
X3.8455 Y-0.6948 Z0.7806
X3.8561 Y-0.6713 Z0.7969
X3.8597 Y-0.6635 Z0.8025
X3.867 Y-0.6479 Z0.8141
X3.8744 Y-0.6322 Z0.8262
X3.8795 Y-0.6217 Z0.8346
X3.8873 Y-0.6059 Z0.8478
X3.8897 Y-0.601 Z0.8519
X3.8997 Y-0.5814 Z0.869
X3.9029 Y-0.5751 Z0.8747
X3.9078 Y-0.5658 Z0.8833
X3.914 Y-0.5541 Z0.8945
X3.9186 Y-0.5455 Z0.9029
X3.9245 Y-0.5345 Z0.9139
X3.9288 Y-0.5267 Z0.922
X3.9353 Y-0.515 Z0.9345
X3.9397 Y-0.5072 Z0.9431
X3.944 Y-0.4993 Z0.9518
X3.9518 Y-0.4857 Z0.9676
X3.9509 Y-0.4854 Z0.9687
X3.4904 Z1.3132
X3.4884 Y-0.486 Z1.3138
X3.4571 Y-0.5004 Z1.3143
X3.4336 Y-0.5117 Z1.3147
X3.4024 Y-0.527 Z1.3153
X3.3789 Y-0.5391 Z1.3156
X3.3502 Y-0.5541 Z1.3162
X3.3215 Y-0.5697 Z1.3167
X3.3075 Y-0.5775 Z1.3171
X3.2929 Y-0.5858 Z1.3173
X3.2668 Y-0.601 Z1.3179
X3.2459 Y-0.6135 Z1.3183
X3.2381 Y-0.6183 Z1.3185
X3.2146 Y-0.6329 Z1.319
X3.1912 Y-0.648 Z1.3196
X3.1755 Y-0.6583 Z1.32
X3.1676 Y-0.6635 Z1.3202
X3.1442 Y-0.6795 Z1.3208
X3.1286 Y-0.6905 Z1.3212
X3.1208 Y-0.6961 Z1.3214
X3.0973 Y-0.7132 Z1.322
X3.0738 Y-0.731 Z1.3227
X3.0501 Y-0.7495 Z1.3234
X3.0308 Y-0.7651 Z1.3239
X3.0191 Y-0.7748 Z1.3244
X3.0029 Y-0.7886 Z1.3248
X2.9878 Y-0.8017 Z1.3253
X2.9722 Y-0.8158 Z1.3258
X2.9643 Y-0.8229 Z1.3261
X2.9508 Y-0.8355 Z1.3266
X2.9409 Y-0.845 Z1.3269
X2.9252 Y-0.8602 Z1.3274
X2.911 Y-0.8746 Z1.3279
X2.9018 Y-0.884 Z1.3283
X2.8885 Y-0.898 Z1.3288
X2.8741 Y-0.9137 Z1.3293
X2.8627 Y-0.9265 Z1.3298
X2.8534 Y-0.9371 Z1.3302
X2.8467 Y-0.9449 Z1.3305
X2.8392 Y-0.9538 Z1.3308
X2.8236 Y-0.973 Z1.3314
X2.8149 Y-0.984 Z1.3318
X2.8079 Y-0.9931 Z1.3321
X2.7971 Y-1.0075 Z1.3326
X2.7913 Y-1.0153 Z1.3328
X2.7802 Y-1.0309 Z1.3333
X2.7748 Y-1.0388 Z1.3336
X2.7688 Y-1.0476 Z1.3339
X2.7643 Y-1.0544 Z1.334
X2.7532 Y-1.0716 Z1.3346
X2.7445 Y-1.0857 Z1.335
X2.7375 Y-1.0972 Z1.3353
X2.7351 Y-1.1013 Z1.3355
X2.7297 Y-1.1107 Z1.3358
X2.7262 Y-1.1169 Z1.3359
X2.7176 Y-1.1326 Z1.3364
X2.7134 Y-1.1404 Z1.3366
X2.7054 Y-1.156 Z1.337
X2.7015 Y-1.1638 Z1.3372
X2.6941 Y-1.1795 Z1.3376
X2.687 Y-1.1951 Z1.338
X2.6828 Y-1.205 Z1.3382
X2.6771 Y-1.2186 Z1.3385
X2.674 Y-1.2264 Z1.3387
X2.6681 Y-1.242 Z1.339
X2.6624 Y-1.2577 Z1.3393
X2.6593 Y-1.2669 Z1.3395
X2.6547 Y-1.2811 Z1.3398
X2.6515 Y-1.2917 Z1.34
X2.6477 Y-1.3046 Z1.3402
X2.6435 Y-1.3202 Z1.3404
X2.6416 Y-1.328 Z1.3405
X2.6379 Y-1.3436 Z1.3407
X2.6358 Y-1.3533 Z1.3409
X2.6331 Y-1.3671 Z1.341
X2.6317 Y-1.3749 Z1.3411
X2.629 Y-1.3906 Z1.3413
X2.6279 Y-1.3984 Z1.3414
X2.6258 Y-1.414
X2.6241 Y-1.4296 Z1.3416
X2.6233 Y-1.4375
X2.6221 Y-1.4531 Z1.3417
X2.6216 Y-1.4609 Z1.3418
X2.6209 Y-1.4765
X2.6207 Y-1.4844
X2.6205 Y-1.4922 Z1.3419
Y-1.5 Z1.3418
X2.6207 Y-1.5156
X2.6209 Y-1.5235
X2.6216 Y-1.5391 Z1.3417
X2.6221 Y-1.5469
X2.6233 Y-1.5625 Z1.3416
X2.6249 Y-1.5782 Z1.3415
X2.6258 Y-1.586 Z1.3414
X2.628 Y-1.6027
X2.629 Y-1.6094 Z1.3413
X2.6317 Y-1.6251 Z1.3411
X2.6331 Y-1.6329 Z1.341
X2.6362 Y-1.6485 Z1.3408
X2.6397 Y-1.6642 Z1.3406
X2.6416 Y-1.672 Z1.3405
X2.6437 Y-1.6802 Z1.3404
X2.6477 Y-1.6954 Z1.3402
X2.6523 Y-1.7111 Z1.3399
X2.6547 Y-1.7189 Z1.3398
X2.6593 Y-1.7332 Z1.3395
X2.6652 Y-1.7502 Z1.3392
X2.668 Y-1.758 Z1.339
X2.6749 Y-1.7759 Z1.3386
X2.6771 Y-1.7814 Z1.3385
X2.6828 Y-1.795 Z1.3382
X2.6871 Y-1.8049 Z1.338
X2.6906 Y-1.8128 Z1.3378
X2.6941 Y-1.8205 Z1.3376
X2.7016 Y-1.8362 Z1.3372
X2.7062 Y-1.8456 Z1.337
X2.7094 Y-1.8518 Z1.3368
X2.714 Y-1.8608 Z1.3365
X2.7219 Y-1.8754 Z1.3362
X2.7261 Y-1.8831 Z1.3359
X2.7375 Y-1.9028 Z1.3353
X2.7397 Y-1.9065
X2.7493 Y-1.9222 Z1.3348
X2.7542 Y-1.93 Z1.3345
X2.761 Y-1.9406 Z1.3342
X2.7643 Y-1.9456 Z1.334
X2.7766 Y-1.9639 Z1.3335
X2.7844 Y-1.975 Z1.3332
X2.7923 Y-1.9859 Z1.3327
X2.8029 Y-2.0003 Z1.3323
X2.8088 Y-2.0081 Z1.332
X2.8236 Y-2.027 Z1.3314
X2.8336 Y-2.0394 Z1.331
X2.8401 Y-2.0472 Z1.3307
X2.847 Y-2.0555 Z1.3305
X2.8548 Y-2.0646 Z1.3301
X2.8705 Y-2.0824 Z1.3295
X2.8783 Y-2.091 Z1.3292
X2.8885 Y-2.102 Z1.3288
X2.9018 Y-2.116 Z1.3283
X2.9109 Y-2.1254 Z1.328
X2.9265 Y-2.141 Z1.3274
X2.9409 Y-2.155 Z1.3269
X2.9508 Y-2.1645 Z1.3265
X2.9643 Y-2.1772 Z1.3261
X2.985 Y-2.1958 Z1.3254
X2.9956 Y-2.2051 Z1.3251
X3.0035 Y-2.2119 Z1.3248
X3.0191 Y-2.2251 Z1.3243
X3.0308 Y-2.2349 Z1.324
X3.0426 Y-2.2444 Z1.3236
X3.0459 Y-2.2471 Z1.3235
X3.0503 Y-2.2504 Z1.3232
X3.0549 Y-2.2535 Z1.3225
X3.0596 Y-2.2563 Z1.3216
X3.0644 Y-2.259 Z1.3205
X3.0692 Y-2.2615 Z1.3192
X3.074 Y-2.2639 Z1.3178
X3.0838 Y-2.2686 Z1.3148
X3.0936 Y-2.2731 Z1.3117
X3.0985 Y-2.2754 Z1.3103
X3.1033 Y-2.2779 Z1.309
X3.1081 Y-2.2805 Z1.3079
X3.1129 Y-2.2833 Z1.307
X3.1176 Y-2.2862 Z1.3063
X3.1221 Y-2.2894 Z1.306
X3.1364 Y-2.2997 Z1.3055
X3.1552 Y-2.313 Z1.3049
X3.1677 Y-2.3217 Z1.3045
X3.1912 Y-2.3376 Z1.3038
X3.2068 Y-2.3479 Z1.3034
X3.2146 Y-2.353 Z1.3031
X3.2381 Y-2.368 Z1.3024
X3.2537 Y-2.3776 Z1.302
X3.2631 Y-2.3834 Z1.3017
X3.2893 Y-2.399 Z1.3011
X3.3164 Y-2.4147 Z1.3003
X3.3398 Y-2.4278 Z1.2998
X3.3711 Y-2.4448 Z1.299
X3.3882 Y-2.4538 Z1.2986
X3.4033 Y-2.4616 Z1.2983
X3.4258 Y-2.473 Z1.2978
X3.4503 Y-2.485 Z1.2972
X3.4728 Y-2.4958 Z1.2968
X3.4864 Y-2.5022 Z1.2966
X3.9279 Z0.9663
X3.9285 Y-2.5019 Z0.9653
X3.9213 Y-2.4889 Z0.9508
X3.9148 Y-2.4772 Z0.9382
X3.9105 Y-2.4694 Z0.93
X3.9062 Y-2.4616 Z0.922
X3.9 Y-2.4498 Z0.9103
X3.8979 Y-2.4459 Z0.9065
X3.8917 Y-2.4342 Z0.8953
X3.8873 Y-2.4257 Z0.8875
X3.8817 Y-2.4147 Z0.8776
X3.8736 Y-2.399 Z0.8639
X3.8659 Y-2.3834 Z0.8508
X3.8621 Y-2.3756 Z0.8445
X3.8584 Y-2.3678 Z0.8382
X3.8509 Y-2.3521 Z0.8261
X3.8436 Y-2.3365 Z0.8145
X3.8401 Y-2.3287 Z0.8089
X3.8295 Y-2.3052 Z0.7926
X3.8247 Y-2.2942 Z0.7852
X3.8194 Y-2.2818 Z0.777
X3.8127 Y-2.2661 Z0.7672
X3.8013 Y-2.238 Z0.7503
X3.7939 Y-2.2192 Z0.7396
X3.791 Y-2.2114 Z0.7353
X3.785 Y-2.1958 Z0.7269
X3.7822 Y-2.188 Z0.7228
X3.7736 Y-2.1645 Z0.711
X3.77 Y-2.154 Z0.7059
X3.7656 Y-2.141 Z0.6997
X3.7603 Y-2.1254 Z0.6926
X3.7577 Y-2.1176 Z0.6891
X3.7502 Y-2.0941 Z0.679
X3.7465 Y-2.0823 Z0.6741
X3.7383 Y-2.0551 Z0.6635
X3.7361 Y-2.0472 Z0.6604
X3.734 Y-2.0394 Z0.6574
X3.7274 Y-2.016 Z0.6492
X3.7254 Y-2.0081 Z0.6464
X3.723 Y-1.9989 Z0.6432
X3.7214 Y-1.9925 Z0.6411
X3.7174 Y-1.9769 Z0.6362
X3.7152 Y-1.9679 Z0.6333
X3.7118 Y-1.9534 Z0.6289
X3.7082 Y-1.9378 Z0.6244
X3.7048 Y-1.9222 Z0.62
X3.7014 Y-1.9065 Z0.616
X3.6996 Y-1.8979 Z0.6137
X3.6982 Y-1.8909 Z0.6118
X3.6967 Y-1.8831 Z0.6098
X3.6921 Y-1.8596 Z0.6046
X3.6895 Y-1.844 Z0.6008
X3.6881 Y-1.8362 Z0.5992
X3.6854 Y-1.8205 Z0.5962
X3.683 Y-1.8049 Z0.5929
X3.6818 Y-1.7971 Z0.5914
X3.6794 Y-1.7814 Z0.5887
X3.6763 Y-1.758 Z0.5847
X3.6743 Y-1.7423 Z0.5824
X3.6734 Y-1.7345 Z0.5811
X3.6725 Y-1.7267 Z0.58
X3.6716 Y-1.7189 Z0.579
X3.6699 Y-1.7033 Z0.5771
X3.6691 Y-1.6954 Z0.5762
X3.6677 Y-1.6798 Z0.5742
X3.6669 Y-1.672 Z0.5734
X3.6656 Y-1.6564 Z0.5721
X3.664 Y-1.6329 Z0.5698
X3.6629 Y-1.6173 Z0.5687
X3.6626 Y-1.6094 Z0.5681
X3.6614 Y-1.586 Z0.5667
X3.661 Y-1.5782 Z0.5664
X3.6601 Y-1.5469 Z0.5652
X3.6598 Y-1.5391 Z0.565
X3.6597 Y-1.5235 Z0.5646
X3.6595 Y-1.5 Z0.5645
X3.6597 Y-1.4765 Z0.5646
X3.6598 Y-1.4609 Z0.565
X3.6601 Y-1.4531 Z0.5652
X3.661 Y-1.4218 Z0.5664
X3.6614 Y-1.414 Z0.5667
X3.6626 Y-1.3906 Z0.5681
X3.6629 Y-1.3827 Z0.5687
X3.664 Y-1.3671 Z0.5698
X3.6656 Y-1.3436 Z0.5721
X3.6669 Y-1.328 Z0.5734
X3.6677 Y-1.3202 Z0.5742
X3.6684 Y-1.3124 Z0.5752
X3.6691 Y-1.3046 Z0.5762
X3.6707 Y-1.2889 Z0.578
X3.6716 Y-1.2811 Z0.579
X3.6725 Y-1.2733 Z0.58
X3.6734 Y-1.2655 Z0.5811
X3.6743 Y-1.2577 Z0.5824
X3.6763 Y-1.242 Z0.5847
X3.6794 Y-1.2186 Z0.5887
X3.6818 Y-1.2029 Z0.5914
X3.683 Y-1.1951 Z0.5929
X3.6854 Y-1.1795 Z0.5962
X3.6881 Y-1.1638 Z0.5992
X3.6895 Y-1.156 Z0.6008
X3.6921 Y-1.1404 Z0.6046
X3.6967 Y-1.1169 Z0.6098
X3.6982 Y-1.1091 Z0.6118
X3.6997 Y-1.1013 Z0.6139
X3.7031 Y-1.0857 Z0.618
X3.7048 Y-1.0778 Z0.62
X3.7082 Y-1.0622 Z0.6244
X3.7137 Y-1.0388 Z0.6312
X3.7155 Y-1.0309 Z0.6336
X3.7174 Y-1.0231 Z0.6362
X3.7214 Y-1.0075 Z0.6411
X3.7234 Y-0.9997 Z0.6437
X3.7254 Y-0.9919 Z0.6464
X3.7274 Y-0.984 Z0.6492
X3.734 Y-0.9606 Z0.6574
X3.7361 Y-0.9528 Z0.6604
X3.7387 Y-0.9437 Z0.664
X3.7465 Y-0.9177 Z0.6741
X3.7502 Y-0.9059 Z0.679
X3.7577 Y-0.8824 Z0.6891
X3.7603 Y-0.8746 Z0.6926
X3.7656 Y-0.859 Z0.6997
X3.7709 Y-0.8433 Z0.7072
X3.7736 Y-0.8355 Z0.711
X3.7822 Y-0.812 Z0.7228
X3.7856 Y-0.8026 Z0.7277
X3.791 Y-0.7886 Z0.7353
X3.7939 Y-0.7808 Z0.7396
X3.8013 Y-0.762 Z0.7503
X3.8127 Y-0.7339 Z0.7672
X3.8194 Y-0.7182 Z0.777
X3.8247 Y-0.7058 Z0.7852
X3.8295 Y-0.6948 Z0.7926
X3.8404 Y-0.6706 Z0.8094
X3.8436 Y-0.6635 Z0.8145
X3.8509 Y-0.6479 Z0.8261
X3.8584 Y-0.6322 Z0.8382
X3.8638 Y-0.6209 Z0.8473
X3.8717 Y-0.605 Z0.8605
X3.8736 Y-0.601 Z0.8639
X3.8837 Y-0.5814 Z0.881
X3.8873 Y-0.5743 Z0.8875
X3.8917 Y-0.5658 Z0.8953
X3.8979 Y-0.5541 Z0.9065
X3.9029 Y-0.5446 Z0.9158
X3.9084 Y-0.5345 Z0.926
X3.9126 Y-0.5267 Z0.9341
X3.9191 Y-0.515 Z0.9466
X3.9235 Y-0.5072 Z0.9551
X3.9285 Y-0.4981 Z0.9653
X3.9279 Y-0.4978 Z0.9663
X3.4884 Z1.2951
X3.4864 Z1.2965
X3.4571 Y-0.5116 Z1.2972
X3.4258 Y-0.527 Z1.2978
X3.4024 Y-0.5389 Z1.2983
X3.3711 Y-0.5552 Z1.299
X3.3554 Y-0.5636 Z1.2994
X3.3398 Y-0.5722 Z1.2997
X3.3163 Y-0.5853 Z1.3004
X3.2929 Y-0.5989 Z1.3009
X3.2631 Y-0.6166 Z1.3018
X3.2378 Y-0.6322 Z1.3024
X3.2225 Y-0.642 Z1.3029
X3.2132 Y-0.6479 Z1.3031
X3.1895 Y-0.6635 Z1.3038
X3.1755 Y-0.6729 Z1.3043
X3.1599 Y-0.6837 Z1.3047
X3.1441 Y-0.6948 Z1.3053
X3.1286 Y-0.7059 Z1.3058
X3.1119 Y-0.7182 Z1.3063
X3.0973 Y-0.7291 Z1.3068
X3.081 Y-0.7417 Z1.3074
X3.066 Y-0.7535 Z1.3079
X3.0582 Y-0.7597 Z1.3082
X3.0504 Y-0.7661 Z1.3085
X3.0269 Y-0.7855 Z1.3094
X3.0035 Y-0.8059 Z1.3103
X2.9878 Y-0.8199 Z1.3109
X2.9643 Y-0.8416 Z1.3118
X2.9487 Y-0.8566 Z1.3125
X2.9331 Y-0.8721 Z1.3132
X2.9229 Y-0.8824 Z1.3136
X2.9079 Y-0.898 Z1.3143
X2.8933 Y-0.9137 Z1.3149
X2.8783 Y-0.9304 Z1.3157
X2.8705 Y-0.9393 Z1.316
X2.859 Y-0.9528 Z1.3166
X2.8524 Y-0.9606 Z1.3169
X2.8392 Y-0.9768 Z1.3176
X2.8274 Y-0.9919 Z1.3182
X2.8155 Y-1.0075 Z1.3188
X2.8079 Y-1.0178 Z1.3192
X2.7985 Y-1.0309 Z1.3197
X2.7923 Y-1.0398 Z1.32
X2.7823 Y-1.0544 Z1.3206
X2.7688 Y-1.0752 Z1.3213
X2.761 Y-1.0877 Z1.3218
X2.7575 Y-1.0935 Z1.322
X2.7482 Y-1.1091 Z1.3226
X2.7437 Y-1.1169 Z1.3228
X2.735 Y-1.1326 Z1.3233
X2.7297 Y-1.1425 Z1.3236
X2.7219 Y-1.1577 Z1.3241
X2.714 Y-1.1736 Z1.3246
X2.7113 Y-1.1795 Z1.3248
X2.7041 Y-1.1951 Z1.3252
X2.7006 Y-1.2029 Z1.3255
X2.6973 Y-1.2107 Z1.3257
X2.694 Y-1.2186 Z1.3258
X2.6906 Y-1.2271 Z1.3261
X2.6848 Y-1.242 Z1.3264
X2.6791 Y-1.2577 Z1.3269
X2.6749 Y-1.2698 Z1.3271
X2.6712 Y-1.2811 Z1.3274
X2.6671 Y-1.2945 Z1.3277
X2.6642 Y-1.3046 Z1.3278
X2.6599 Y-1.3202 Z1.3282
X2.6579 Y-1.328 Z1.3283
X2.6542 Y-1.3436 Z1.3286
X2.6515 Y-1.3563 Z1.3288
X2.6493 Y-1.3671 Z1.3289
X2.6479 Y-1.3749 Z1.329
X2.6452 Y-1.3906 Z1.3292
X2.6437 Y-1.4008 Z1.3293
X2.6419 Y-1.414 Z1.3294
X2.641 Y-1.4218 Z1.3295
X2.6401 Y-1.4296 Z1.3296
X2.6394 Y-1.4375
X2.6381 Y-1.4531 Z1.3297
X2.6376 Y-1.4609 Z1.3298
X2.6369 Y-1.4765
X2.6367 Y-1.4844 Z1.3299
X2.6365 Y-1.4922
Y-1.5 Z1.3298
X2.6367 Y-1.5156
X2.6369 Y-1.5235
X2.6377 Y-1.5391 Z1.3297
X2.6381 Y-1.5469
X2.6394 Y-1.5625 Z1.3296
X2.641 Y-1.5782 Z1.3295
X2.6423 Y-1.5889 Z1.3294
X2.644 Y-1.6016 Z1.3293
X2.6452 Y-1.6094 Z1.3292
X2.6479 Y-1.6251 Z1.329
X2.6493 Y-1.6329 Z1.3289
X2.6515 Y-1.6437 Z1.3288
X2.6543 Y-1.6564 Z1.3285
X2.6579 Y-1.672 Z1.3283
X2.6599 Y-1.6798 Z1.3282
X2.6642 Y-1.6954 Z1.3278
X2.6671 Y-1.7055 Z1.3277
X2.6712 Y-1.7189 Z1.3274
X2.6749 Y-1.7302 Z1.3271
X2.6791 Y-1.7423 Z1.3269
X2.6828 Y-1.7525 Z1.3266
X2.6848 Y-1.758 Z1.3264
X2.6909 Y-1.7736 Z1.3261
X2.694 Y-1.7814 Z1.3259
X2.6984 Y-1.7918 Z1.3256
X2.7041 Y-1.8049 Z1.3252
X2.7076 Y-1.8127 Z1.325
X2.7113 Y-1.8205 Z1.3248
X2.7188 Y-1.8362 Z1.3243
X2.7227 Y-1.844 Z1.3241
X2.7308 Y-1.8596 Z1.3236
X2.735 Y-1.8674 Z1.3233
X2.7437 Y-1.8831 Z1.3228
X2.7532 Y-1.8994 Z1.3223
X2.7574 Y-1.9065 Z1.322
X2.7688 Y-1.9249 Z1.3213
X2.7766 Y-1.937 Z1.3209
X2.7844 Y-1.9488 Z1.3205
X2.793 Y-1.9612 Z1.32
X2.8001 Y-1.9713 Z1.3196
X2.8097 Y-1.9847 Z1.3191
X2.8157 Y-1.9928 Z1.3188
X2.8274 Y-2.0081 Z1.3182
X2.8397 Y-2.0238 Z1.3175
X2.8525 Y-2.0394 Z1.3169
X2.859 Y-2.0472 Z1.3166
X2.8724 Y-2.0629 Z1.3159
X2.8793 Y-2.0707 Z1.3156
X2.8862 Y-2.0785 Z1.3153
X2.8939 Y-2.087 Z1.3149
X2.9096 Y-2.1038 Z1.3142
X2.9252 Y-2.12 Z1.3135
X2.9409 Y-2.1357 Z1.3129
X2.9487 Y-2.1434 Z1.3125
X2.9643 Y-2.1584 Z1.3118
X2.9722 Y-2.1658 Z1.3116
X2.9878 Y-2.1801 Z1.3109
X3.0053 Y-2.1958 Z1.3102
X3.0143 Y-2.2036 Z1.3098
X3.0269 Y-2.2144 Z1.3093
X3.0426 Y-2.2275 Z1.3088
X3.0537 Y-2.2366 Z1.3084
X3.0738 Y-2.2527 Z1.3077
X3.0895 Y-2.2649 Z1.3071
X3.1051 Y-2.2767 Z1.3066
X3.113 Y-2.2826 Z1.3063
X3.1221 Y-2.2894 Z1.306
X3.1267 Y-2.2925 Z1.3056
X3.1314 Y-2.2954 Z1.305
X3.1362 Y-2.298 Z1.304
X3.1411 Y-2.3005 Z1.3029
X3.146 Y-2.3029 Z1.3015
X3.1509 Y-2.3051 Z1.3001
X3.1608 Y-2.3093 Z1.2969
X3.1707 Y-2.3135 Z1.2938
X3.1757 Y-2.3157 Z1.2923
X3.1806 Y-2.318 Z1.291
X3.1855 Y-2.3204 Z1.2898
X3.1904 Y-2.323 Z1.2889
X3.1951 Y-2.3257 Z1.2882
X3.1998 Y-2.3287 Z1.2879
X3.2114 Y-2.3365 Z1.2875
X3.2381 Y-2.3539 Z1.2865
X3.2537 Y-2.3638 Z1.286
X3.2616 Y-2.3687 Z1.2857
X3.2855 Y-2.3834 Z1.285
X3.3007 Y-2.3924 Z1.2845
X3.3163 Y-2.4016 Z1.284
X3.3398 Y-2.4151 Z1.2833
X3.3673 Y-2.4303 Z1.2825
X3.3867 Y-2.4408 Z1.282
X3.3964 Y-2.4459 Z1.2817
X3.4258 Y-2.4612 Z1.2809
X3.4493 Y-2.473 Z1.2803
X3.4825 Y-2.4892 Z1.2795
X3.4845 Y-2.4896 Z1.2786
X3.9048 Z0.9642
X3.9053 Y-2.4893 Z0.9633
X3.9029 Y-2.485 Z0.9586
X3.8951 Y-2.4708 Z0.9435
X3.8901 Y-2.4616 Z0.9341
X3.8839 Y-2.4498 Z0.9224
X3.8795 Y-2.4416 Z0.9144
X3.8736 Y-2.4303 Z0.9037
X3.8696 Y-2.4225 Z0.8965
X3.8638 Y-2.4112 Z0.8866
X3.8576 Y-2.399 Z0.8759
X3.8482 Y-2.38 Z0.86
X3.8423 Y-2.3678 Z0.8502
X3.8349 Y-2.3521 Z0.8381
X3.8276 Y-2.3365 Z0.8265
X3.824 Y-2.3287 Z0.8209
X3.8134 Y-2.3052 Z0.8045
X3.8067 Y-2.2896 Z0.7941
X3.8034 Y-2.2818 Z0.789
X3.8001 Y-2.2739 Z0.784
X3.7967 Y-2.2661 Z0.7792
X3.7856 Y-2.2389 Z0.7628
X3.7809 Y-2.227 Z0.756
X3.7778 Y-2.2189 Z0.7514
X3.7749 Y-2.2114 Z0.7473
X3.769 Y-2.1958 Z0.7389
X3.7661 Y-2.188 Z0.7347
X3.7576 Y-2.1645 Z0.723
X3.7543 Y-2.1551 Z0.7184
X3.7495 Y-2.141 Z0.7117
X3.7443 Y-2.1254 Z0.7046
X3.7417 Y-2.1176 Z0.7011
X3.7342 Y-2.0941 Z0.691
X3.7309 Y-2.0835 Z0.6865
X3.7223 Y-2.0551 Z0.6755
X3.7201 Y-2.0472 Z0.6724
X3.7179 Y-2.0394 Z0.6694
X3.7114 Y-2.016 Z0.6612
X3.7093 Y-2.0081 Z0.6584
X3.7074 Y-2.0003 Z0.6556
X3.7054 Y-1.9925 Z0.653
X3.7013 Y-1.9769 Z0.6482
X3.6995 Y-1.9691 Z0.6456
X3.6977 Y-1.9612 Z0.6432
X3.6922 Y-1.9378 Z0.6363
X3.6888 Y-1.9222 Z0.6319
X3.6854 Y-1.9065 Z0.6279
X3.6837 Y-1.8987 Z0.6259
X3.6822 Y-1.8909 Z0.6238
X3.6807 Y-1.8831 Z0.6218
X3.6761 Y-1.8596 Z0.6166
X3.6734 Y-1.844 Z0.6128
X3.6721 Y-1.8362 Z0.6112
X3.6693 Y-1.8205 Z0.6082
X3.667 Y-1.8049 Z0.6049
X3.6658 Y-1.7971 Z0.6034
X3.6634 Y-1.7814 Z0.6007
X3.6603 Y-1.758 Z0.5967
X3.6582 Y-1.7423 Z0.5944
X3.6573 Y-1.7345 Z0.5931
X3.6565 Y-1.7267 Z0.592
X3.6556 Y-1.7189 Z0.591
X3.6538 Y-1.7033 Z0.5891
X3.6531 Y-1.6954 Z0.5882
X3.6517 Y-1.6798 Z0.5862
X3.6509 Y-1.672 Z0.5854
X3.6496 Y-1.6564 Z0.5841
X3.648 Y-1.6329 Z0.5818
X3.6469 Y-1.6173 Z0.5807
X3.6465 Y-1.6094 Z0.5801
X3.6454 Y-1.586 Z0.5787
X3.645 Y-1.5782 Z0.5784
X3.644 Y-1.5469 Z0.5772
X3.6438 Y-1.5391 Z0.577
X3.6437 Y-1.5235 Z0.5766
X3.6434 Y-1.5 Z0.5765
X3.6437 Y-1.4765 Z0.5766
X3.6438 Y-1.4609 Z0.577
X3.644 Y-1.4531 Z0.5772
X3.645 Y-1.4218 Z0.5784
X3.6454 Y-1.414 Z0.5787
X3.6465 Y-1.3906 Z0.5801
X3.6469 Y-1.3827 Z0.5807
X3.648 Y-1.3671 Z0.5818
X3.6496 Y-1.3436 Z0.5841
X3.6509 Y-1.328 Z0.5854
X3.6517 Y-1.3202 Z0.5862
X3.6531 Y-1.3046 Z0.5882
X3.6547 Y-1.2889 Z0.59
X3.6556 Y-1.2811 Z0.591
X3.6565 Y-1.2733 Z0.592
X3.6573 Y-1.2655 Z0.5931
X3.6582 Y-1.2577 Z0.5944
X3.6605 Y-1.2407 Z0.5969
X3.6634 Y-1.2186 Z0.6007
X3.6658 Y-1.2029 Z0.6034
X3.667 Y-1.1951 Z0.6049
X3.6693 Y-1.1795 Z0.6082
X3.6721 Y-1.1638 Z0.6112
X3.6734 Y-1.156 Z0.6128
X3.6761 Y-1.1403 Z0.6166
X3.6807 Y-1.1169 Z0.6218
X3.6822 Y-1.1091 Z0.6238
X3.6839 Y-1.1003 Z0.6262
X3.6871 Y-1.0857 Z0.6299
X3.6888 Y-1.0778 Z0.6319
X3.6922 Y-1.0622 Z0.6363
X3.6977 Y-1.0388 Z0.6432
X3.6996 Y-1.0306 Z0.6457
X3.7013 Y-1.0231 Z0.6482
X3.7054 Y-1.0075 Z0.653
X3.7074 Y-0.9996 Z0.6557
X3.7093 Y-0.9919 Z0.6584
X3.7114 Y-0.984 Z0.6612
X3.7179 Y-0.9606 Z0.6694
X3.7201 Y-0.9528 Z0.6724
X3.7223 Y-0.9449 Z0.6755
X3.7309 Y-0.9165 Z0.6865
X3.7342 Y-0.9059 Z0.691
X3.7417 Y-0.8824 Z0.7011
X3.7443 Y-0.8746 Z0.7046
X3.7495 Y-0.859 Z0.7117
X3.7549 Y-0.8433 Z0.7192
X3.7576 Y-0.8355 Z0.723
X3.7661 Y-0.812 Z0.7347
X3.77 Y-0.8016 Z0.7402
X3.7749 Y-0.7886 Z0.7473
X3.7779 Y-0.7808 Z0.7516
X3.784 Y-0.7651 Z0.7604
X3.7871 Y-0.7573 Z0.7651
X3.7967 Y-0.7339 Z0.7792
X3.8013 Y-0.7232 Z0.7858
X3.8034 Y-0.7182 Z0.789
X3.8091 Y-0.7049 Z0.7978
X3.8134 Y-0.6948 Z0.8045
X3.8247 Y-0.6698 Z0.822
X3.8276 Y-0.6635 Z0.8265
X3.8349 Y-0.6479 Z0.8381
X3.8423 Y-0.6322 Z0.8502
X3.8482 Y-0.62 Z0.86
X3.8576 Y-0.601 Z0.8759
X3.8676 Y-0.5814 Z0.8931
X3.8717 Y-0.5734 Z0.9003
X3.8777 Y-0.5619 Z0.9111
X3.8818 Y-0.5541 Z0.9185
X3.8901 Y-0.5384 Z0.9341
X3.8951 Y-0.5292 Z0.9435
X3.903 Y-0.515 Z0.9586
X3.9054 Y-0.5106 Z0.9634
X3.9046 Y-0.5104 Z0.9643
X3.4835 Z1.2793
X3.4806 Y-0.5117 Z1.2795
X3.4571 Y-0.5231 Z1.2801
X3.4493 Y-0.5269 Z1.2803
X3.4258 Y-0.5388 Z1.2809
X3.4102 Y-0.5468 Z1.2813
X3.3945 Y-0.555 Z1.2817
X3.3633 Y-0.5719 Z1.2826
X3.3391 Y-0.5853 Z1.2833
X3.3163 Y-0.5984 Z1.284
X3.3007 Y-0.6076 Z1.2845
X3.285 Y-0.6169 Z1.285
X3.2694 Y-0.6265 Z1.2855
X3.26 Y-0.6322 Z1.2858
X3.2353 Y-0.6479 Z1.2866
X3.2114 Y-0.6635 Z1.2874
X3.1881 Y-0.6791 Z1.2883
X3.1657 Y-0.6948 Z1.2891
X3.1521 Y-0.7045 Z1.2897
X3.1364 Y-0.7158 Z1.2902
X3.1123 Y-0.7339 Z1.2912
X3.0973 Y-0.7454 Z1.2918
X3.0895 Y-0.7515 Z1.2921
X3.0723 Y-0.7651 Z1.2929
X3.0628 Y-0.773 Z1.2933
X3.0504 Y-0.7833 Z1.2938
X3.0347 Y-0.7965 Z1.2945
X3.0258 Y-0.8042 Z1.2949
X3.008 Y-0.8199 Z1.2957
X2.9956 Y-0.8312 Z1.2963
X2.9826 Y-0.8433 Z1.2969
X2.9722 Y-0.8532 Z1.2975
X2.9643 Y-0.8607 Z1.2978
X2.9487 Y-0.8762 Z1.2986
X2.9349 Y-0.8902 Z1.2993
X2.9252 Y-0.9003 Z1.2998
X2.9127 Y-0.9137 Z1.3004
X2.8985 Y-0.9293 Z1.3012
X2.8915 Y-0.9371 Z1.3016
X2.8847 Y-0.9449 Z1.302
X2.878 Y-0.9528 Z1.3023
X2.8627 Y-0.9711 Z1.3032
X2.8522 Y-0.984 Z1.3039
X2.846 Y-0.9919 Z1.3042
X2.8392 Y-1.0007 Z1.3046
X2.8282 Y-1.0153 Z1.3053
X2.8157 Y-1.0323 Z1.3061
X2.8058 Y-1.0466 Z1.3067
X2.8001 Y-1.0549 Z1.307
X2.7923 Y-1.0667 Z1.3076
X2.7844 Y-1.0788 Z1.3081
X2.7752 Y-1.0935 Z1.3087
X2.7659 Y-1.1091 Z1.3093
X2.761 Y-1.1174 Z1.3096
X2.7569 Y-1.1248 Z1.31
X2.7483 Y-1.1404 Z1.3105
X2.7441 Y-1.1482 Z1.3108
X2.7375 Y-1.161 Z1.3113
X2.7284 Y-1.1795 Z1.3119
X2.7212 Y-1.1951 Z1.3125
X2.7176 Y-1.2029 Z1.3127
X2.714 Y-1.2112 Z1.313
X2.7109 Y-1.2186 Z1.3132
X2.7046 Y-1.2342 Z1.3137
X2.7016 Y-1.242 Z1.3139
X2.6958 Y-1.2577 Z1.3144
X2.693 Y-1.2655 Z1.3146
X2.6904 Y-1.2733 Z1.3148
X2.6878 Y-1.2811 Z1.315
X2.6828 Y-1.2974 Z1.3154
X2.6806 Y-1.3046 Z1.3155
X2.6763 Y-1.3202 Z1.3159
X2.6743 Y-1.328 Z1.316
X2.6705 Y-1.3436 Z1.3164
X2.6688 Y-1.3515 Z1.3165
X2.6671 Y-1.3593 Z1.3167
X2.6656 Y-1.3671
X2.6641 Y-1.3749 Z1.3169
X2.6614 Y-1.3906 Z1.3171
X2.6593 Y-1.4042 Z1.3173
X2.658 Y-1.414
X2.6562 Y-1.4296 Z1.3175
X2.6554 Y-1.4375 Z1.3176
X2.6542 Y-1.4531 Z1.3177
X2.6537 Y-1.4609 Z1.3178
X2.653 Y-1.4765
X2.6527 Y-1.4844 Z1.3179
X2.6525 Y-1.4922
Y-1.5 Z1.3178
X2.6527 Y-1.5156 Z1.3179
X2.6529 Y-1.5235 Z1.3178
X2.6537 Y-1.5391 Z1.3177
X2.6542 Y-1.5469
X2.6554 Y-1.5625 Z1.3176
X2.6571 Y-1.5782 Z1.3175
X2.6581 Y-1.5868 Z1.3173
X2.6593 Y-1.5958
X2.6614 Y-1.6094 Z1.3171
X2.6641 Y-1.6251 Z1.3169
X2.6656 Y-1.6329 Z1.3167
X2.6671 Y-1.6408
X2.6688 Y-1.6485 Z1.3165
X2.6724 Y-1.6642 Z1.3162
X2.6749 Y-1.6745 Z1.316
X2.6785 Y-1.6876 Z1.3157
X2.6806 Y-1.6954 Z1.3155
X2.683 Y-1.7033 Z1.3154
X2.6878 Y-1.7189 Z1.315
X2.6906 Y-1.7273 Z1.3148
X2.693 Y-1.7345 Z1.3146
X2.6958 Y-1.7423 Z1.3144
X2.7016 Y-1.758 Z1.3139
X2.7062 Y-1.7699 Z1.3136
X2.7109 Y-1.7814 Z1.3132
X2.7176 Y-1.7971 Z1.3127
X2.7219 Y-1.8065 Z1.3124
X2.7297 Y-1.8232 Z1.3118
X2.7361 Y-1.8362 Z1.3114
X2.74 Y-1.844 Z1.3111
X2.7482 Y-1.8596 Z1.3105
X2.7532 Y-1.8686 Z1.3102
X2.7613 Y-1.8831 Z1.3096
X2.7658 Y-1.8909 Z1.3093
X2.7753 Y-1.9065 Z1.3087
X2.785 Y-1.9222 Z1.308
X2.7952 Y-1.9378 Z1.3074
X2.8004 Y-1.9456 Z1.307
X2.8079 Y-1.9565 Z1.3066
X2.8168 Y-1.9691 Z1.306
X2.8236 Y-1.9784 Z1.3056
X2.8314 Y-1.989 Z1.3051
X2.84 Y-2.0003 Z1.3046
X2.847 Y-2.0094 Z1.3042
X2.8585 Y-2.0238 Z1.3035
X2.8714 Y-2.0394 Z1.3027
X2.8783 Y-2.0476 Z1.3023
X2.8915 Y-2.0629 Z1.3016
X2.9056 Y-2.0785 Z1.3008
X2.9127 Y-2.0863 Z1.3004
X2.9274 Y-2.102 Z1.2997
X2.9425 Y-2.1176 Z1.2989
X2.9503 Y-2.1254 Z1.2985
X2.9662 Y-2.141 Z1.2977
X2.9825 Y-2.1567 Z1.2969
X2.991 Y-2.1645 Z1.2965
X3.0081 Y-2.1801 Z1.2957
X3.0191 Y-2.1899 Z1.2952
X3.0269 Y-2.1968 Z1.2948
X3.044 Y-2.2114 Z1.2941
X3.0533 Y-2.2192 Z1.2937
X3.0738 Y-2.236 Z1.2928
X3.0821 Y-2.2427 Z1.2925
X3.092 Y-2.2505 Z1.292
X3.113 Y-2.2666 Z1.2912
X3.1292 Y-2.2789 Z1.2906
X3.1364 Y-2.2842 Z1.2902
X3.1599 Y-2.3012 Z1.2894
X3.1834 Y-2.3175 Z1.2885
X3.1998 Y-2.3287 Z1.2879
X3.2045 Y-2.3317 Z1.2875
X3.2093 Y-2.3344 Z1.2869
X3.2142 Y-2.3369 Z1.2859
X3.2191 Y-2.3392 Z1.2847
X3.2241 Y-2.3414 Z1.2833
X3.229 Y-2.3434 Z1.2818
X3.239 Y-2.3473 Z1.2786
X3.2491 Y-2.3512 Z1.2754
X3.2541 Y-2.3532 Z1.2739
X3.2591 Y-2.3553 Z1.2725
X3.2641 Y-2.3575 Z1.2713
X3.269 Y-2.36 Z1.2703
X3.2739 Y-2.3626 Z1.2696
X3.2786 Y-2.3654 Z1.2692
X3.2952 Y-2.3756 Z1.2686
X3.3085 Y-2.3836 Z1.2681
X3.3346 Y-2.399 Z1.2672
X3.3482 Y-2.4068 Z1.2667
X3.3633 Y-2.4154 Z1.2661
X3.3903 Y-2.4303 Z1.2653
X3.4196 Y-2.4459 Z1.2643
X3.4415 Y-2.4573 Z1.2637
X3.4728 Y-2.473 Z1.2627
X3.4806 Y-2.4768 Z1.2624
X3.8812 Z0.9627
X3.8821 Y-2.4765 Z0.9616
X3.8783 Y-2.4694 Z0.9541
X3.8717 Y-2.4572 Z0.9417
X3.8657 Y-2.4459 Z0.9306
X3.8575 Y-2.4303 Z0.9157
X3.8535 Y-2.4225 Z0.9086
X3.8482 Y-2.4121 Z0.8993
X3.8415 Y-2.399 Z0.8879
X3.8326 Y-2.3808 Z0.8727
X3.8263 Y-2.3678 Z0.8622
X3.8188 Y-2.3521 Z0.8501
X3.8116 Y-2.3365 Z0.8385
X3.808 Y-2.3287 Z0.8329
X3.7974 Y-2.3052 Z0.8165
X3.7907 Y-2.2896 Z0.8061
X3.7856 Y-2.2777 Z0.7984
X3.7807 Y-2.2661 Z0.7912
X3.77 Y-2.2399 Z0.7753
X3.768 Y-2.2349 Z0.7724
X3.7619 Y-2.2192 Z0.7636
X3.7589 Y-2.2114 Z0.7592
X3.753 Y-2.1958 Z0.7508
X3.7501 Y-2.188 Z0.7467
X3.7416 Y-2.1645 Z0.735
X3.7387 Y-2.1562 Z0.7309
X3.7335 Y-2.141 Z0.7236
X3.7282 Y-2.1254 Z0.7165
X3.7257 Y-2.1176 Z0.7131
X3.7181 Y-2.0941 Z0.703
X3.7152 Y-2.0847 Z0.699
X3.7063 Y-2.0551 Z0.6875
X3.7041 Y-2.0472 Z0.6844
X3.7019 Y-2.0394 Z0.6814
X3.6954 Y-2.016 Z0.6732
X3.6933 Y-2.0081 Z0.6703
X3.6914 Y-2.0003 Z0.6676
X3.6894 Y-1.9925 Z0.665
X3.6853 Y-1.9769 Z0.6601
X3.6835 Y-1.9691 Z0.6576
X3.6816 Y-1.9612 Z0.6552
X3.6761 Y-1.9377 Z0.6483
X3.6727 Y-1.9222 Z0.6439
X3.6693 Y-1.9065 Z0.6399
X3.6677 Y-1.8987 Z0.6379
X3.6662 Y-1.8909 Z0.6358
X3.6647 Y-1.8831 Z0.6338
X3.6601 Y-1.8596 Z0.6285
X3.6574 Y-1.844 Z0.6248
X3.656 Y-1.8362 Z0.6231
X3.6533 Y-1.8205 Z0.6201
X3.651 Y-1.8049 Z0.6169
X3.6498 Y-1.7971 Z0.6154
X3.6474 Y-1.7814 Z0.6127
X3.6453 Y-1.7658 Z0.61
X3.6443 Y-1.758 Z0.6086
X3.6422 Y-1.7423 Z0.6063
X3.6413 Y-1.7345 Z0.6051
X3.6405 Y-1.7267 Z0.604
X3.6396 Y-1.7189 Z0.6029
X3.6387 Y-1.7111 Z0.602
X3.637 Y-1.695 Z0.6001
X3.6357 Y-1.6798 Z0.5982
X3.6349 Y-1.672 Z0.5974
X3.6335 Y-1.6564 Z0.5961
X3.632 Y-1.6329 Z0.5938
X3.6309 Y-1.6173 Z0.5927
X3.6305 Y-1.6094 Z0.5921
X3.6294 Y-1.586 Z0.5907
X3.629 Y-1.5782 Z0.5903
X3.628 Y-1.5469 Z0.5892
X3.6278 Y-1.5391 Z0.589
X3.6277 Y-1.5235 Z0.5886
X3.6274 Y-1.5 Z0.5885
X3.6277 Y-1.4765 Z0.5886
X3.6278 Y-1.4609 Z0.589
X3.628 Y-1.4531 Z0.5892
X3.629 Y-1.4218 Z0.5903
X3.6294 Y-1.414 Z0.5907
X3.6305 Y-1.3906 Z0.5921
X3.6309 Y-1.3827 Z0.5927
X3.632 Y-1.3671 Z0.5938
X3.6335 Y-1.3436 Z0.5961
X3.6349 Y-1.328 Z0.5974
X3.6357 Y-1.3202 Z0.5982
X3.6371 Y-1.3046 Z0.6001
X3.6387 Y-1.2889 Z0.602
X3.6396 Y-1.2811 Z0.6029
X3.6405 Y-1.2733 Z0.604
X3.6413 Y-1.2655 Z0.6051
X3.6422 Y-1.2577 Z0.6063
X3.6443 Y-1.242 Z0.6086
X3.6474 Y-1.2186 Z0.6126
X3.6498 Y-1.2029 Z0.6154
X3.651 Y-1.1951 Z0.6169
X3.6533 Y-1.1795 Z0.6201
X3.656 Y-1.1638 Z0.6231
X3.6574 Y-1.156 Z0.6248
X3.6601 Y-1.1404 Z0.6285
X3.6647 Y-1.1169 Z0.6338
X3.6662 Y-1.1091 Z0.6358
X3.6677 Y-1.1013 Z0.6379
X3.671 Y-1.0857 Z0.6419
X3.6727 Y-1.0778 Z0.6439
X3.6761 Y-1.0622 Z0.6483
X3.6816 Y-1.0388 Z0.6552
X3.6839 Y-1.029 Z0.6582
X3.6853 Y-1.0231 Z0.6601
X3.6894 Y-1.0075 Z0.665
X3.6918 Y-0.9982 Z0.6681
X3.6933 Y-0.9919 Z0.6703
X3.6954 Y-0.984 Z0.6732
X3.7019 Y-0.9606 Z0.6814
X3.7041 Y-0.9528 Z0.6844
X3.7063 Y-0.9449 Z0.6875
X3.7152 Y-0.9153 Z0.699
X3.7181 Y-0.9059 Z0.703
X3.7257 Y-0.8824 Z0.7131
X3.7282 Y-0.8746 Z0.7165
X3.7335 Y-0.859 Z0.7236
X3.7389 Y-0.8433 Z0.7311
X3.7416 Y-0.8355 Z0.735
X3.7501 Y-0.812 Z0.7467
X3.7543 Y-0.8006 Z0.7527
X3.7589 Y-0.7886 Z0.7592
X3.7622 Y-0.7802 Z0.7639
X3.768 Y-0.7651 Z0.7724
X3.7711 Y-0.7573 Z0.777
X3.7807 Y-0.7339 Z0.7912
X3.7856 Y-0.7223 Z0.7984
X3.7907 Y-0.7104 Z0.8061
X3.7974 Y-0.6948 Z0.8165
X3.8091 Y-0.6689 Z0.8346
X3.8116 Y-0.6635 Z0.8385
X3.8188 Y-0.6479 Z0.8501
X3.8263 Y-0.6322 Z0.8622
X3.8326 Y-0.6192 Z0.8727
X3.8415 Y-0.601 Z0.8879
X3.8515 Y-0.5814 Z0.9051
X3.856 Y-0.5725 Z0.9131
X3.8638 Y-0.5576 Z0.9272
X3.8698 Y-0.5462 Z0.9383
X3.874 Y-0.5384 Z0.9461
X3.8795 Y-0.5283 Z0.9565
X3.8821 Y-0.5235 Z0.9616
X3.8812 Y-0.5232 Z0.9627
X3.4806 Z1.2624
X3.4728 Y-0.527 Z1.2627
X3.4493 Y-0.5387 Z1.2634
X3.418 Y-0.5549 Z1.2644
X3.3867 Y-0.5717 Z1.2654
X3.362 Y-0.5853 Z1.2662
X3.3346 Y-0.601 Z1.2671
X3.3163 Y-0.6117 Z1.2678
X3.3081 Y-0.6166 Z1.2681
X3.2824 Y-0.6322 Z1.2691
X3.2694 Y-0.6404 Z1.2696
X3.2537 Y-0.6503 Z1.2702
X3.2334 Y-0.6635 Z1.271
X3.2068 Y-0.6814 Z1.2721
X3.1874 Y-0.6948 Z1.2729
X3.1755 Y-0.7032 Z1.2734
X3.1599 Y-0.7144 Z1.2741
X3.144 Y-0.7261 Z1.2748
X3.1336 Y-0.7339 Z1.2753
X3.113 Y-0.7496 Z1.2763
X3.0895 Y-0.7682 Z1.2773
X3.0741 Y-0.7808 Z1.2782
X3.0647 Y-0.7886 Z1.2786
X3.0463 Y-0.8042 Z1.2795
X3.0269 Y-0.8213 Z1.2805
X3.0191 Y-0.8283 Z1.281
X3.0111 Y-0.8355 Z1.2814
X3.0027 Y-0.8433 Z1.2818
X2.9862 Y-0.859 Z1.2827
X2.9781 Y-0.8668 Z1.2832
X2.9643 Y-0.8804 Z1.284
X2.9546 Y-0.8902 Z1.2846
X2.947 Y-0.898 Z1.285
X2.9322 Y-0.9137 Z1.2859
X2.9249 Y-0.9215 Z1.2864
X2.9108 Y-0.9371 Z1.2872
X2.8971 Y-0.9528 Z1.2881
X2.8839 Y-0.9684 Z1.2889
X2.8774 Y-0.9762 Z1.2894
X2.8705 Y-0.9847 Z1.2898
X2.8627 Y-0.9945 Z1.2903
X2.8526 Y-1.0075 Z1.291
X2.8467 Y-1.0153 Z1.2914
X2.8351 Y-1.0309 Z1.2922
X2.8295 Y-1.0388 Z1.2927
X2.8186 Y-1.0544 Z1.2934
X2.8079 Y-1.0703 Z1.2942
X2.8001 Y-1.0824 Z1.2948
X2.7923 Y-1.0948 Z1.2954
X2.7836 Y-1.1091 Z1.296
X2.7766 Y-1.121 Z1.2966
X2.7745 Y-1.1248 Z1.2968
X2.7688 Y-1.1348 Z1.2972
X2.7574 Y-1.156 Z1.2981
X2.7495 Y-1.1717 Z1.2987
X2.7453 Y-1.1801 Z1.2991
X2.7419 Y-1.1873 Z1.2994
X2.7347 Y-1.2029 Z1.2999
X2.7279 Y-1.2186 Z1.3005
X2.7215 Y-1.2342 Z1.3011
X2.7184 Y-1.242 Z1.3013
X2.714 Y-1.2535 Z1.3017
X2.7097 Y-1.2655 Z1.3021
X2.7062 Y-1.2757 Z1.3024
X2.7019 Y-1.2889 Z1.3028
X2.6971 Y-1.3046 Z1.3032
X2.6928 Y-1.3202 Z1.3036
X2.6906 Y-1.3283 Z1.3038
X2.6869 Y-1.3436 Z1.3041
X2.6851 Y-1.3515 Z1.3043
X2.6828 Y-1.3622 Z1.3046
X2.6803 Y-1.3749 Z1.3047
X2.6775 Y-1.3906 Z1.305
X2.6752 Y-1.4062 Z1.3053
X2.6741 Y-1.414
X2.6723 Y-1.4296 Z1.3055
X2.6715 Y-1.4375 Z1.3056
X2.6702 Y-1.4531 Z1.3057
X2.6697 Y-1.4609 Z1.3058
X2.6693 Y-1.4687
X2.669 Y-1.4765
X2.6687 Y-1.4844 Z1.3059
X2.6686 Y-1.4922
Y-1.5 Z1.3058
X2.6687 Y-1.5156 Z1.3059
X2.6689 Y-1.5235 Z1.3058
X2.6697 Y-1.5391 Z1.3057
X2.6702 Y-1.5469
X2.6708 Y-1.5547
X2.6715 Y-1.5625 Z1.3056
X2.6723 Y-1.5704 Z1.3055
X2.6741 Y-1.586 Z1.3053
X2.6752 Y-1.5938
X2.6775 Y-1.6094 Z1.305
X2.6803 Y-1.6251 Z1.3047
X2.6828 Y-1.6378 Z1.3046
X2.6851 Y-1.6485 Z1.3043
X2.6869 Y-1.6564 Z1.3041
X2.6907 Y-1.672 Z1.3038
X2.6949 Y-1.6876 Z1.3034
X2.6984 Y-1.6997 Z1.3031
X2.7019 Y-1.7111 Z1.3028
X2.7044 Y-1.7189 Z1.3026
X2.7097 Y-1.7345 Z1.3021
X2.714 Y-1.7465 Z1.3017
X2.7184 Y-1.758 Z1.3013
X2.7246 Y-1.7736 Z1.3008
X2.7297 Y-1.7856 Z1.3004
X2.7347 Y-1.7971 Z1.3
X2.7419 Y-1.8127 Z1.2994
X2.7456 Y-1.8205 Z1.2991
X2.7494 Y-1.8283 Z1.2988
X2.7574 Y-1.844 Z1.2981
X2.7615 Y-1.8518 Z1.2978
X2.7688 Y-1.8651 Z1.2972
X2.779 Y-1.8831 Z1.2964
X2.7883 Y-1.8987 Z1.2957
X2.7931 Y-1.9065 Z1.2953
X2.8001 Y-1.9176 Z1.2948
X2.8081 Y-1.93 Z1.2942
X2.8157 Y-1.9414 Z1.2936
X2.8186 Y-1.9456 Z1.2934
X2.8314 Y-1.9638 Z1.2925
X2.8351 Y-1.9691 Z1.2923
X2.847 Y-1.9852 Z1.2914
X2.8586 Y-2.0003 Z1.2906
X2.8648 Y-2.0081 Z1.2902
X2.8783 Y-2.0249 Z1.2893
X2.8904 Y-2.0394 Z1.2885
X2.8971 Y-2.0472 Z1.2881
X2.9096 Y-2.0616 Z1.2873
X2.9249 Y-2.0785 Z1.2864
X2.9331 Y-2.0873 Z1.2858
X2.9409 Y-2.0956 Z1.2854
X2.9487 Y-2.1037 Z1.2849
X2.9643 Y-2.1197 Z1.284
X2.98 Y-2.135 Z1.2831
X2.9878 Y-2.1426 Z1.2827
X3.0035 Y-2.1574 Z1.2818
X3.0198 Y-2.1723 Z1.281
X3.0284 Y-2.1801 Z1.2805
X3.0463 Y-2.1958 Z1.2795
X3.0582 Y-2.2059 Z1.279
X3.066 Y-2.2125 Z1.2785
X3.0837 Y-2.227 Z1.2777
X3.0933 Y-2.2349 Z1.2772
X3.1132 Y-2.2505 Z1.2762
X3.1286 Y-2.2624 Z1.2755
X3.1364 Y-2.2683 Z1.2752
X3.1599 Y-2.2856 Z1.2741
X3.1763 Y-2.2974 Z1.2734
X3.1874 Y-2.3052 Z1.2729
X3.21 Y-2.3209 Z1.272
X3.2334 Y-2.3365 Z1.271
X3.2575 Y-2.3521 Z1.27
X3.2786 Y-2.3654 Z1.2692
X3.2834 Y-2.3682 Z1.2688
X3.2883 Y-2.3707 Z1.2681
X3.2933 Y-2.3731 Z1.2671
X3.2982 Y-2.3752 Z1.2659
X3.3033 Y-2.3772 Z1.2645
X3.3083 Y-2.3791 Z1.2629
X3.3184 Y-2.3827 Z1.2596
X3.3285 Y-2.3863 Z1.2563
X3.3335 Y-2.3881 Z1.2548
X3.3386 Y-2.3901 Z1.2534
X3.3436 Y-2.3922 Z1.2521
X3.3486 Y-2.3945 Z1.2511
X3.3536 Y-2.3969 Z1.2504
X3.3584 Y-2.3996 Z1.2501
X3.3867 Y-2.4156 Z1.249
X3.4024 Y-2.4243 Z1.2484
X3.4134 Y-2.4303 Z1.2479
X3.4429 Y-2.4459 Z1.2469
X3.4728 Y-2.4612 Z1.2458
X3.4776 Y-2.4637 Z1.2456
X3.8013 Z1.0036
X3.8584 Z0.9609
X3.859 Y-2.4636 Z0.9602
X3.856 Y-2.4581 Z0.9547
X3.8482 Y-2.4433 Z0.9401
X3.8404 Y-2.4283 Z0.926
X3.8374 Y-2.4225 Z0.9206
X3.8326 Y-2.4129 Z0.9121
X3.8255 Y-2.399 Z0.8999
X3.8169 Y-2.3816 Z0.8854
X3.8102 Y-2.3678 Z0.8742
X3.8028 Y-2.3521 Z0.8621
X3.7955 Y-2.3365 Z0.8505
X3.792 Y-2.3287 Z0.8449
X3.7814 Y-2.3052 Z0.8285
X3.7746 Y-2.2896 Z0.8181
X3.77 Y-2.2785 Z0.8109
X3.7647 Y-2.2661 Z0.8031
X3.7543 Y-2.2408 Z0.7879
X3.752 Y-2.2349 Z0.7844
X3.7459 Y-2.2192 Z0.7756
X3.7429 Y-2.2114 Z0.7712
X3.737 Y-2.1958 Z0.7628
X3.7341 Y-2.188 Z0.7587
X3.7256 Y-2.1645 Z0.747
X3.7228 Y-2.1567 Z0.7431
X3.7175 Y-2.141 Z0.7356
X3.7122 Y-2.1254 Z0.7285
X3.7097 Y-2.1176 Z0.725
X3.7021 Y-2.0941 Z0.715
X3.6996 Y-2.0858 Z0.7115
X3.695 Y-2.0707 Z0.7055
X3.6903 Y-2.0551 Z0.6995
X3.6881 Y-2.0472 Z0.6963
X3.6859 Y-2.0394 Z0.6934
X3.6793 Y-2.016 Z0.6852
X3.6773 Y-2.0081 Z0.6823
X3.6754 Y-2.0003 Z0.6796
X3.6733 Y-1.9925 Z0.677
X3.6693 Y-1.9769 Z0.6721
X3.6675 Y-1.9691 Z0.6696
X3.6656 Y-1.9612 Z0.6672
X3.6601 Y-1.9378 Z0.6603
X3.6567 Y-1.9222 Z0.6559
X3.6517 Y-1.8987 Z0.6499
X3.6502 Y-1.8909 Z0.6477
X3.6486 Y-1.8831 Z0.6458
X3.6441 Y-1.8596 Z0.6405
X3.6414 Y-1.844 Z0.6368
X3.64 Y-1.8362 Z0.6351
X3.6373 Y-1.8205 Z0.6321
X3.635 Y-1.8049 Z0.6288
X3.6338 Y-1.7971 Z0.6273
X3.6314 Y-1.7814 Z0.6246
X3.6283 Y-1.758 Z0.6206
X3.6262 Y-1.7423 Z0.6183
X3.6253 Y-1.7345 Z0.6171
X3.6245 Y-1.7267 Z0.616
X3.6236 Y-1.7189 Z0.6149
X3.6227 Y-1.7111 Z0.614
X3.621 Y-1.6954 Z0.6121
X3.6197 Y-1.6798 Z0.6101
X3.6189 Y-1.672 Z0.6094
X3.6175 Y-1.6564 Z0.6081
X3.616 Y-1.6329 Z0.6057
X3.6149 Y-1.6173 Z0.6047
X3.6145 Y-1.6094 Z0.604
X3.6134 Y-1.586 Z0.6026
X3.613 Y-1.5782 Z0.6023
X3.612 Y-1.5469 Z0.6011
X3.6118 Y-1.5391 Z0.601
X3.6117 Y-1.5235 Z0.6006
X3.6114 Y-1.5 Z0.6005
X3.6117 Y-1.4765 Z0.6006
X3.6118 Y-1.4609 Z0.601
X3.612 Y-1.4531 Z0.6011
X3.613 Y-1.4218 Z0.6023
X3.6135 Y-1.4102 Z0.6029
X3.6145 Y-1.3906 Z0.604
X3.6149 Y-1.3827 Z0.6047
X3.616 Y-1.3671 Z0.6057
X3.6175 Y-1.3436 Z0.6081
X3.6189 Y-1.328 Z0.6094
X3.6197 Y-1.3202 Z0.6101
X3.621 Y-1.3046 Z0.6121
X3.6227 Y-1.2889 Z0.614
X3.6236 Y-1.2811 Z0.6149
X3.6245 Y-1.2733 Z0.616
X3.6253 Y-1.2655 Z0.6171
X3.6262 Y-1.2577 Z0.6183
X3.6283 Y-1.242 Z0.6206
X3.6314 Y-1.2186 Z0.6246
X3.6338 Y-1.2029 Z0.6273
X3.635 Y-1.1951 Z0.6288
X3.6373 Y-1.1795 Z0.6321
X3.64 Y-1.1638 Z0.6351
X3.6414 Y-1.156 Z0.6368
X3.6441 Y-1.1404 Z0.6405
X3.6486 Y-1.1169 Z0.6458
X3.6502 Y-1.1091 Z0.6477
X3.6517 Y-1.1013 Z0.6499
X3.6567 Y-1.0778 Z0.6559
X3.6605 Y-1.0607 Z0.6607
X3.6656 Y-1.0388 Z0.6672
X3.6683 Y-1.0275 Z0.6707
X3.6693 Y-1.0231 Z0.6721
X3.6733 Y-1.0075 Z0.677
X3.6761 Y-0.9967 Z0.6806
X3.6773 Y-0.9919 Z0.6823
X3.6793 Y-0.984 Z0.6852
X3.6859 Y-0.9606 Z0.6934
X3.6881 Y-0.9528 Z0.6963
X3.6903 Y-0.9449 Z0.6995
X3.6973 Y-0.9215 Z0.7085
X3.6997 Y-0.9137 Z0.7117
X3.7021 Y-0.9059 Z0.715
X3.7097 Y-0.8824 Z0.725
X3.7122 Y-0.8746 Z0.7285
X3.7175 Y-0.859 Z0.7356
X3.723 Y-0.8427 Z0.7434
X3.7256 Y-0.8355 Z0.747
X3.7341 Y-0.812 Z0.7587
X3.7387 Y-0.7997 Z0.7653
X3.7429 Y-0.7886 Z0.7712
X3.7465 Y-0.7792 Z0.7764
X3.752 Y-0.7651 Z0.7844
X3.7551 Y-0.7573 Z0.789
X3.7647 Y-0.7339 Z0.8031
X3.77 Y-0.7215 Z0.8109
X3.7746 Y-0.7104 Z0.8181
X3.7814 Y-0.6948 Z0.8285
X3.7934 Y-0.6681 Z0.8472
X3.7992 Y-0.6557 Z0.8563
X3.8028 Y-0.6479 Z0.8621
X3.8102 Y-0.6322 Z0.8742
X3.8169 Y-0.6184 Z0.8854
X3.8255 Y-0.601 Z0.8999
X3.8334 Y-0.5853 Z0.9137
X3.8374 Y-0.5775 Z0.9206
X3.8414 Y-0.5697 Z0.9278
X3.8496 Y-0.5541 Z0.9426
X3.856 Y-0.5419 Z0.9547
X3.859 Y-0.5364 Z0.9602
X3.8584 Y-0.5363 Z0.9609
X3.4776 Z1.2457
X3.4649 Y-0.5427 Z1.2461
X3.4415 Y-0.5548 Z1.2469
X3.418 Y-0.5672 Z1.2478
X3.4102 Y-0.5715 Z1.2481
X3.385 Y-0.5853 Z1.249
X3.3633 Y-0.5976 Z1.2499
X3.3554 Y-0.6021 Z1.2502
X3.3307 Y-0.6166 Z1.2512
X3.3049 Y-0.6322 Z1.2522
X3.2798 Y-0.6479 Z1.2533
X3.2537 Y-0.6647 Z1.2545
X3.2381 Y-0.6751 Z1.2552
X3.2206 Y-0.687 Z1.256
X3.2068 Y-0.6964 Z1.2567
X3.198 Y-0.7026 Z1.2572
X3.1834 Y-0.713 Z1.2578
X3.1599 Y-0.7302 Z1.259
X3.1344 Y-0.7495 Z1.2603
X3.1208 Y-0.7601 Z1.2611
X3.113 Y-0.7663 Z1.2615
X3.0895 Y-0.7853 Z1.2628
X3.0738 Y-0.7984 Z1.2637
X3.066 Y-0.805 Z1.2641
X3.0504 Y-0.8186 Z1.2651
X3.0269 Y-0.8396 Z1.2665
X3.0146 Y-0.8511 Z1.2672
X3.0035 Y-0.8617 Z1.2679
X2.9878 Y-0.8768 Z1.2689
X2.9667 Y-0.898 Z1.2703
X2.9517 Y-0.9137 Z1.2713
X2.9372 Y-0.9293 Z1.2723
X2.9301 Y-0.9371 Z1.2727
X2.9162 Y-0.9528 Z1.2737
X2.9095 Y-0.9606 Z1.2742
X2.8963 Y-0.9762 Z1.2752
X2.8836 Y-0.9919 Z1.2761
X2.8705 Y-1.0085 Z1.2771
X2.8627 Y-1.0188 Z1.2777
X2.8536 Y-1.0309 Z1.2784
X2.847 Y-1.04 Z1.279
X2.8368 Y-1.0544 Z1.2798
X2.8262 Y-1.07 Z1.2806
X2.8211 Y-1.0778 Z1.2811
X2.811 Y-1.0935 Z1.2819
X2.8062 Y-1.1013 Z1.2823
X2.7967 Y-1.1169 Z1.2831
X2.7877 Y-1.1326 Z1.2839
X2.7833 Y-1.1404 Z1.2843
X2.7748 Y-1.156 Z1.285
X2.7707 Y-1.1638 Z1.2854
X2.7629 Y-1.1795 Z1.2861
X2.7554 Y-1.1951 Z1.2868
X2.7518 Y-1.2029 Z1.2872
X2.7449 Y-1.2186 Z1.2878
X2.7416 Y-1.2264 Z1.2881
X2.7352 Y-1.242 Z1.2887
X2.7293 Y-1.2577 Z1.2893
X2.7264 Y-1.2655 Z1.2896
X2.721 Y-1.2811 Z1.2901
X2.7185 Y-1.2889 Z1.2904
X2.7136 Y-1.3046 Z1.2908
X2.7114 Y-1.3124 Z1.2911
X2.7071 Y-1.328 Z1.2915
X2.7051 Y-1.3358 Z1.2917
X2.7032 Y-1.3436 Z1.2919
X2.7014 Y-1.3515 Z1.2921
X2.6984 Y-1.3651 Z1.2924
X2.6965 Y-1.3749 Z1.2926
X2.6937 Y-1.3906 Z1.2929
X2.6913 Y-1.4062 Z1.2932
X2.6902 Y-1.414
X2.6884 Y-1.4296 Z1.2935
X2.6876 Y-1.4375
X2.6863 Y-1.4531 Z1.2937
X2.6857 Y-1.4609 Z1.2938
X2.6853 Y-1.4687
X2.685 Y-1.4765
X2.6847 Y-1.4844 Z1.2939
X2.6846 Y-1.4922
Y-1.5
X2.6847 Y-1.5156
X2.685 Y-1.5235 Z1.2938
X2.6858 Y-1.5391 Z1.2937
X2.6863 Y-1.5469
X2.6869 Y-1.5547 Z1.2936
X2.6876 Y-1.5625 Z1.2935
X2.6884 Y-1.5704
X2.6902 Y-1.586 Z1.2932
X2.6913 Y-1.5938
X2.6937 Y-1.6094 Z1.2929
X2.6965 Y-1.6251 Z1.2926
X2.6984 Y-1.6348 Z1.2924
X2.7014 Y-1.6485 Z1.2921
X2.7051 Y-1.6642 Z1.2917
X2.7071 Y-1.672 Z1.2915
X2.7114 Y-1.6876 Z1.2911
X2.714 Y-1.6968 Z1.2908
X2.7185 Y-1.7111 Z1.2904
X2.7219 Y-1.7214 Z1.29
X2.7264 Y-1.7345 Z1.2896
X2.7297 Y-1.7434 Z1.2893
X2.7352 Y-1.758 Z1.2887
X2.7384 Y-1.7658 Z1.2884
X2.7453 Y-1.7825 Z1.2878
X2.7483 Y-1.7893 Z1.2875
X2.7532 Y-1.8001 Z1.287
X2.761 Y-1.8166 Z1.2863
X2.7629 Y-1.8205 Z1.2861
X2.7708 Y-1.8362 Z1.2854
X2.7748 Y-1.844 Z1.2851
X2.7833 Y-1.8596 Z1.2843
X2.7923 Y-1.8754 Z1.2835
X2.7967 Y-1.8831 Z1.2831
X2.8079 Y-1.9016 Z1.2822
X2.816 Y-1.9143 Z1.2815
X2.8236 Y-1.926 Z1.2809
X2.8315 Y-1.9378 Z1.2802
X2.8392 Y-1.9489 Z1.2796
X2.8479 Y-1.9612 Z1.2789
X2.8548 Y-1.9707 Z1.2783
X2.8653 Y-1.9847 Z1.2775
X2.8713 Y-1.9925 Z1.2771
X2.8836 Y-2.0081 Z1.2761
X2.8963 Y-2.0238 Z1.2752
X2.9096 Y-2.0395 Z1.2742
X2.9174 Y-2.0486 Z1.2737
X2.9331 Y-2.0661 Z1.2725
X2.9487 Y-2.0832 Z1.2715
X2.9643 Y-2.0995 Z1.2704
X2.9744 Y-2.1098 Z1.2698
X2.9901 Y-2.1254 Z1.2687
X3.0035 Y-2.1384 Z1.2679
X3.0191 Y-2.1531 Z1.2669
X3.0269 Y-2.1603 Z1.2664
X3.0347 Y-2.1674 Z1.266
X3.0504 Y-2.1814 Z1.265
X3.0669 Y-2.1958 Z1.2641
X3.0895 Y-2.2147 Z1.2628
X3.0973 Y-2.2211 Z1.2624
X3.1051 Y-2.2275 Z1.262
X3.1144 Y-2.2349 Z1.2614
X3.1364 Y-2.2521 Z1.2603
X3.155 Y-2.2661 Z1.2593
X3.1761 Y-2.2818 Z1.2582
X3.187 Y-2.2896 Z1.2577
X3.2092 Y-2.3052 Z1.2566
X3.2225 Y-2.3144 Z1.256
X3.2381 Y-2.3249 Z1.2552
X3.2556 Y-2.3365 Z1.2544
X3.2694 Y-2.3454 Z1.2538
X3.2798 Y-2.3521 Z1.2533
X3.3049 Y-2.3678 Z1.2523
X3.332 Y-2.3841 Z1.2511
X3.3554 Y-2.3979 Z1.2502
X3.3584 Y-2.3996 Z1.2501
X3.3633 Y-2.4022 Z1.2497
X3.3683 Y-2.4046 Z1.2489
X3.3733 Y-2.4068 Z1.2479
X3.3783 Y-2.4088 Z1.2466
X3.3834 Y-2.4107 Z1.2452
X3.3885 Y-2.4124 Z1.2436
X3.4088 Y-2.419 Z1.2368
X3.4139 Y-2.4208 Z1.2352
X3.419 Y-2.4226 Z1.2338
X3.424 Y-2.4246 Z1.2325
X3.4291 Y-2.4267 Z1.2315
X3.4341 Y-2.429 Z1.2308
X3.439 Y-2.4315 Z1.2304
X3.4571 Y-2.4411 Z1.2297
X3.4663 Y-2.4459 Z1.2293
X3.4747 Y-2.4502 Z1.229
X3.4767 Y-2.4504 Z1.2278
X3.8352 Z0.9595
X3.8357 Y-2.4501 Z0.9588
X3.8326 Y-2.4442 Z0.953
X3.8247 Y-2.4292 Z0.9388
X3.8213 Y-2.4225 Z0.9326
X3.8169 Y-2.4138 Z0.9249
X3.8094 Y-2.399 Z0.9119
X3.8013 Y-2.3825 Z0.8981
X3.7942 Y-2.3678 Z0.8862
X3.7868 Y-2.3521 Z0.8741
X3.7778 Y-2.3328 Z0.8598
X3.7654 Y-2.3052 Z0.8405
X3.7586 Y-2.2896 Z0.8301
X3.7543 Y-2.2795 Z0.8235
X3.7487 Y-2.2661 Z0.8151
X3.7387 Y-2.2417 Z0.8004
X3.736 Y-2.2349 Z0.7964
X3.7299 Y-2.2192 Z0.7875
X3.7269 Y-2.2114 Z0.7832
X3.7209 Y-2.1958 Z0.7748
X3.7181 Y-2.188 Z0.7707
X3.7096 Y-2.1645 Z0.7589
X3.7068 Y-2.1567 Z0.7551
X3.7015 Y-2.141 Z0.7476
X3.6962 Y-2.1254 Z0.7405
X3.6937 Y-2.1176 Z0.737
X3.6861 Y-2.0941 Z0.7269
X3.6837 Y-2.0863 Z0.7236
X3.679 Y-2.0707 Z0.7175
X3.6742 Y-2.0551 Z0.7114
X3.6721 Y-2.0472 Z0.7083
X3.6699 Y-2.0394 Z0.7053
X3.6633 Y-2.016 Z0.6971
X3.6605 Y-2.0048 Z0.6931
X3.6573 Y-1.9925 Z0.689
X3.6533 Y-1.9769 Z0.6841
X3.6515 Y-1.9691 Z0.6815
X3.6496 Y-1.9612 Z0.6791
X3.6448 Y-1.9409 Z0.6731
X3.6424 Y-1.93 Z0.67
X3.6407 Y-1.9222 Z0.6679
X3.6357 Y-1.8987 Z0.6618
X3.6342 Y-1.8909 Z0.6597
X3.6326 Y-1.8831 Z0.6578
X3.6281 Y-1.8596 Z0.6525
X3.6254 Y-1.844 Z0.6487
X3.624 Y-1.8362 Z0.6471
X3.6213 Y-1.8205 Z0.6441
X3.6189 Y-1.8049 Z0.6408
X3.6178 Y-1.7971 Z0.6393
X3.6154 Y-1.7814 Z0.6366
X3.6122 Y-1.758 Z0.6326
X3.6102 Y-1.7423 Z0.6303
X3.6093 Y-1.7345 Z0.6291
X3.6085 Y-1.7267 Z0.628
X3.6075 Y-1.7189 Z0.6269
X3.6066 Y-1.7111 Z0.6259
X3.605 Y-1.6954 Z0.6241
X3.6036 Y-1.6798 Z0.6221
X3.6029 Y-1.672 Z0.6214
X3.6015 Y-1.6564 Z0.62
X3.5999 Y-1.6329 Z0.6177
X3.5989 Y-1.6173 Z0.6166
X3.5985 Y-1.6094 Z0.616
X3.5979 Y-1.597 Z0.6153
X3.5973 Y-1.586 Z0.6146
X3.597 Y-1.5782 Z0.6143
X3.596 Y-1.5469 Z0.6131
X3.5958 Y-1.5391 Z0.6129
X3.5957 Y-1.5235 Z0.6126
X3.5954 Y-1.5 Z0.6124
X3.5957 Y-1.4765 Z0.6126
X3.5958 Y-1.4609 Z0.6129
X3.596 Y-1.4531 Z0.6131
X3.597 Y-1.4218 Z0.6143
X3.5973 Y-1.414 Z0.6146
X3.5981 Y-1.3984 Z0.6155
X3.5985 Y-1.3906 Z0.616
X3.5989 Y-1.3827 Z0.6166
X3.5999 Y-1.3671 Z0.6177
X3.6015 Y-1.3436 Z0.62
X3.6029 Y-1.328 Z0.6214
X3.6036 Y-1.3202 Z0.6221
X3.605 Y-1.3046 Z0.6241
X3.6066 Y-1.2889 Z0.6259
X3.6075 Y-1.2811 Z0.6269
X3.6085 Y-1.2733 Z0.628
X3.6093 Y-1.2655 Z0.6291
X3.6102 Y-1.2577 Z0.6303
X3.6122 Y-1.242 Z0.6326
X3.6154 Y-1.2186 Z0.6366
X3.6178 Y-1.2029 Z0.6393
X3.6189 Y-1.1951 Z0.6408
X3.6214 Y-1.179 Z0.6442
X3.624 Y-1.1638 Z0.6471
X3.6254 Y-1.156 Z0.6487
X3.6281 Y-1.1404 Z0.6525
X3.6326 Y-1.1169 Z0.6578
X3.6342 Y-1.1091 Z0.6597
X3.6357 Y-1.1013 Z0.6618
X3.6407 Y-1.0778 Z0.6679
X3.6424 Y-1.07 Z0.67
X3.6448 Y-1.0591 Z0.6731
X3.6496 Y-1.0388 Z0.6791
X3.6515 Y-1.0309 Z0.6815
X3.6533 Y-1.0231 Z0.6841
X3.6573 Y-1.0075 Z0.689
X3.6605 Y-0.9952 Z0.6931
X3.6633 Y-0.984 Z0.6971
X3.6699 Y-0.9606 Z0.7053
X3.6721 Y-0.9528 Z0.7083
X3.6742 Y-0.9449 Z0.7114
X3.6813 Y-0.9215 Z0.7205
X3.6839 Y-0.9129 Z0.724
X3.6861 Y-0.9059 Z0.7269
X3.6937 Y-0.8824 Z0.737
X3.6962 Y-0.8746 Z0.7405
X3.7015 Y-0.859 Z0.7476
X3.7074 Y-0.8416 Z0.7559
X3.7096 Y-0.8355 Z0.7589
X3.7181 Y-0.812 Z0.7707
X3.7209 Y-0.8042 Z0.7748
X3.7269 Y-0.7886 Z0.7832
X3.7329 Y-0.773 Z0.792
X3.736 Y-0.7651 Z0.7964
X3.7391 Y-0.7573 Z0.801
X3.7487 Y-0.7339 Z0.8151
X3.7543 Y-0.7205 Z0.8235
X3.7586 Y-0.7104 Z0.8301
X3.7654 Y-0.6948 Z0.8405
X3.7778 Y-0.6672 Z0.8598
X3.7868 Y-0.6479 Z0.8741
X3.7942 Y-0.6322 Z0.8862
X3.8013 Y-0.6175 Z0.8981
X3.8094 Y-0.601 Z0.9119
X3.8194 Y-0.5814 Z0.9291
X3.8213 Y-0.5775 Z0.9326
X3.8253 Y-0.5697 Z0.9398
X3.8335 Y-0.5541 Z0.9547
X3.8357 Y-0.5499 Z0.9588
X3.8352 Y-0.5496 Z0.9595
X3.4767 Z1.2278
X3.4747 Y-0.5497 Z1.229
X3.4649 Y-0.5548 Z1.2294
X3.4336 Y-0.5713 Z1.2307
X3.418 Y-0.5799 Z1.2313
X3.4024 Y-0.5886 Z1.232
X3.3789 Y-0.6018 Z1.233
X3.3535 Y-0.6166 Z1.2341
X3.3275 Y-0.6322 Z1.2354
X3.3007 Y-0.6489 Z1.2366
X3.285 Y-0.6589 Z1.2374
X3.2772 Y-0.6639 Z1.2378
X3.2537 Y-0.6794 Z1.239
X3.2381 Y-0.69 Z1.2398
X3.2225 Y-0.7008 Z1.2406
X3.2068 Y-0.7118 Z1.2415
X3.1912 Y-0.7231 Z1.2424
X3.1755 Y-0.7345 Z1.2433
X3.166 Y-0.7417 Z1.2438
X3.1521 Y-0.7523 Z1.2446
X3.1355 Y-0.7651 Z1.2456
X3.1257 Y-0.773 Z1.2462
X3.113 Y-0.7833 Z1.2469
X3.097 Y-0.7964 Z1.248
X3.0877 Y-0.8042 Z1.2485
X3.066 Y-0.823 Z1.25
X3.0582 Y-0.8299 Z1.2505
X3.0433 Y-0.8433 Z1.2515
X3.0347 Y-0.8512 Z1.2521
X3.0264 Y-0.859 Z1.2526
X3.0101 Y-0.8746 Z1.2537
X3.0021 Y-0.8824 Z1.2543
X2.9878 Y-0.8967 Z1.2553
X2.9722 Y-0.9128 Z1.2565
X2.9565 Y-0.9295 Z1.2577
X2.9487 Y-0.938 Z1.2583
X2.9355 Y-0.9528 Z1.2593
X2.9252 Y-0.9646 Z1.2601
X2.9154 Y-0.9762 Z1.2609
X2.9018 Y-0.9927 Z1.262
X2.8939 Y-1.0025 Z1.2627
X2.884 Y-1.0153 Z1.2635
X2.878 Y-1.0231 Z1.2641
X2.8705 Y-1.0332 Z1.2647
X2.8608 Y-1.0466 Z1.2656
X2.8548 Y-1.0549 Z1.2661
X2.847 Y-1.0662 Z1.2668
X2.8392 Y-1.0778 Z1.2675
X2.8314 Y-1.0898 Z1.2682
X2.8236 Y-1.1022 Z1.269
X2.8157 Y-1.1149 Z1.2697
X2.8054 Y-1.1326 Z1.2707
X2.8001 Y-1.1418 Z1.2712
X2.7966 Y-1.1482 Z1.2716
X2.7923 Y-1.1562 Z1.272
X2.7841 Y-1.1717 Z1.2728
X2.7802 Y-1.1795 Z1.2732
X2.7726 Y-1.1951 Z1.274
X2.7688 Y-1.2032 Z1.2744
X2.761 Y-1.2207 Z1.2752
X2.7553 Y-1.2342 Z1.2758
X2.7521 Y-1.242 Z1.2761
X2.7453 Y-1.2596 Z1.2768
X2.7432 Y-1.2655 Z1.277
X2.7375 Y-1.2816 Z1.2777
X2.7351 Y-1.2889 Z1.2779
X2.7297 Y-1.3062 Z1.2785
X2.7257 Y-1.3202 Z1.279
X2.7235 Y-1.328 Z1.2792
X2.7215 Y-1.3358 Z1.2795
X2.7177 Y-1.3515 Z1.2799
X2.714 Y-1.3681 Z1.2803
X2.7113 Y-1.3827 Z1.2806
X2.7099 Y-1.3906 Z1.2808
X2.7074 Y-1.4062 Z1.2811
X2.7062 Y-1.4147 Z1.2812
X2.7045 Y-1.4296 Z1.2814
X2.7037 Y-1.4375 Z1.2815
X2.7023 Y-1.4531 Z1.2817
X2.7018 Y-1.4609 Z1.2818
X2.7013 Y-1.4687
X2.701 Y-1.4765
X2.7006 Y-1.4922 Z1.282
Y-1.5 Z1.2819
X2.7008 Y-1.5156
X2.701 Y-1.5235
X2.7018 Y-1.5391 Z1.2817
X2.7023 Y-1.5469
X2.703 Y-1.5547 Z1.2816
X2.7037 Y-1.5625 Z1.2815
X2.7045 Y-1.5704 Z1.2814
X2.7063 Y-1.586 Z1.2812
X2.7086 Y-1.6016 Z1.2809
X2.7099 Y-1.6094 Z1.2808
X2.7127 Y-1.6251 Z1.2805
X2.7143 Y-1.6329 Z1.2803
X2.7177 Y-1.6485 Z1.2799
X2.7196 Y-1.6564 Z1.2797
X2.7219 Y-1.6657 Z1.2794
X2.7235 Y-1.672 Z1.2792
X2.7279 Y-1.6876 Z1.2787
X2.7302 Y-1.6954 Z1.2785
X2.7351 Y-1.7111 Z1.2779
X2.7377 Y-1.7189 Z1.2776
X2.7432 Y-1.7345 Z1.277
X2.7461 Y-1.7423 Z1.2767
X2.7521 Y-1.758 Z1.2761
X2.7586 Y-1.7736 Z1.2754
X2.7619 Y-1.7814 Z1.2751
X2.7689 Y-1.7971 Z1.2743
X2.7766 Y-1.8133 Z1.2736
X2.7802 Y-1.8205 Z1.2732
X2.7882 Y-1.8362 Z1.2724
X2.7923 Y-1.844 Z1.272
X2.8009 Y-1.8596 Z1.2711
X2.8053 Y-1.8674 Z1.2707
X2.8157 Y-1.8851 Z1.2697
X2.8192 Y-1.8909 Z1.2694
X2.829 Y-1.9065 Z1.2684
X2.8341 Y-1.9143 Z1.268
X2.8392 Y-1.9222 Z1.2675
X2.847 Y-1.9337 Z1.2668
X2.8552 Y-1.9456 Z1.266
X2.8627 Y-1.9561 Z1.2654
X2.8722 Y-1.9691 Z1.2646
X2.8783 Y-1.9773 Z1.2641
X2.8861 Y-1.9875 Z1.2633
X2.8962 Y-2.0003 Z1.2625
X2.9025 Y-2.0081 Z1.262
X2.9154 Y-2.0238 Z1.2609
X2.9252 Y-2.0354 Z1.2601
X2.9355 Y-2.0472 Z1.2593
X2.9495 Y-2.0629 Z1.2582
X2.9567 Y-2.0707 Z1.2577
X2.9714 Y-2.0863 Z1.2566
X2.98 Y-2.0953 Z1.256
X2.9878 Y-2.1033 Z1.2554
X3.0035 Y-2.1189 Z1.2542
X3.0113 Y-2.1265 Z1.2537
X3.0269 Y-2.1415 Z1.2526
X3.0433 Y-2.1567 Z1.2515
X3.0607 Y-2.1723 Z1.2503
X3.0738 Y-2.1839 Z1.2495
X3.0895 Y-2.1972 Z1.2484
X3.1064 Y-2.2114 Z1.2474
X3.116 Y-2.2192 Z1.2468
X3.1364 Y-2.2355 Z1.2455
X3.1521 Y-2.2477 Z1.2446
X3.1764 Y-2.2661 Z1.2432
X3.1912 Y-2.2769 Z1.2424
X3.2088 Y-2.2896 Z1.2414
X3.2225 Y-2.2993 Z1.2407
X3.2381 Y-2.31 Z1.2398
X3.2541 Y-2.3209 Z1.239
X3.2694 Y-2.331 Z1.2382
X3.2778 Y-2.3365 Z1.2378
X3.3022 Y-2.3521 Z1.2366
X3.3163 Y-2.3609 Z1.2359
X3.332 Y-2.3705 Z1.2351
X3.3554 Y-2.3845 Z1.2341
X3.3803 Y-2.399 Z1.2329
X3.4024 Y-2.4115 Z1.232
X3.4258 Y-2.4244 Z1.231
X3.439 Y-2.4315 Z1.2304
X3.4443 Y-2.434 Z1.2298
X3.4464 Y-2.4349 Z1.2293
X3.4489 Y-2.4357 Z1.2286
X3.4514 Y-2.4365 Z1.2278
X3.4539 Y-2.4372 Z1.2268
X3.4588 Y-2.4382 Z1.2246
X3.4612 Y-2.4386 Z1.2233
X3.4637 Y-2.4389 Z1.2219
X3.4684 Y-2.4394 Z1.2189
X3.473 Y-2.4395 Z1.2157
X3.4775 Z1.2123
X3.4821 Y-2.4392 Z1.2085
X3.4867 Y-2.4389 Z1.2046
X3.5002 Y-2.4376 Z1.1928
X3.5047 Y-2.4372 Z1.1889
X3.5094 Y-2.4369 Z1.1851
X3.5141 Z1.1814
X3.8118 Y-2.4368 Z0.9587
X3.8125 Y-2.4367 Z0.9579
X3.8091 Y-2.4301 Z0.9516
X3.8052 Y-2.4225 Z0.9447
X3.7995 Y-2.4111 Z0.9346
X3.7933 Y-2.399 Z0.924
X3.7856 Y-2.3834 Z0.9108
X3.7819 Y-2.3756 Z0.9045
X3.7778 Y-2.3671 Z0.8977
X3.77 Y-2.3505 Z0.8849
X3.7622 Y-2.3336 Z0.8724
X3.7543 Y-2.3163 Z0.8602
X3.7494 Y-2.3052 Z0.8525
X3.7426 Y-2.2896 Z0.842
X3.7387 Y-2.2804 Z0.8361
X3.7326 Y-2.2661 Z0.8271
X3.723 Y-2.2426 Z0.813
X3.7199 Y-2.2349 Z0.8084
X3.7139 Y-2.2192 Z0.7995
X3.7109 Y-2.2114 Z0.7952
X3.7049 Y-2.1958 Z0.7868
X3.7021 Y-2.188 Z0.7827
X3.6935 Y-2.1645 Z0.7709
X3.6908 Y-2.1567 Z0.7671
X3.6855 Y-2.141 Z0.7596
X3.6802 Y-2.1254 Z0.7525
X3.6761 Y-2.1128 Z0.747
X3.6701 Y-2.0941 Z0.7389
X3.6677 Y-2.0863 Z0.7356
X3.663 Y-2.0707 Z0.7295
X3.6582 Y-2.0551 Z0.7234
X3.656 Y-2.0472 Z0.7203
X3.6539 Y-2.0394 Z0.7173
X3.6473 Y-2.016 Z0.7091
X3.6448 Y-2.0063 Z0.7056
X3.6413 Y-1.9925 Z0.701
X3.6373 Y-1.9769 Z0.6961
X3.6355 Y-1.9691 Z0.6935
X3.6336 Y-1.9612 Z0.6911
X3.6292 Y-1.9425 Z0.6856
X3.6281 Y-1.9378 Z0.6842
X3.6264 Y-1.93 Z0.682
X3.6247 Y-1.9222 Z0.6799
X3.6197 Y-1.8987 Z0.6738
X3.6181 Y-1.8909 Z0.6717
X3.6166 Y-1.8831 Z0.6698
X3.612 Y-1.8596 Z0.6645
X3.6094 Y-1.844 Z0.6607
X3.608 Y-1.8362 Z0.6591
X3.6053 Y-1.8205 Z0.6561
X3.6029 Y-1.8049 Z0.6528
X3.6018 Y-1.7971 Z0.6513
X3.5994 Y-1.7814 Z0.6486
X3.5962 Y-1.758 Z0.6446
X3.5942 Y-1.7423 Z0.6423
X3.5933 Y-1.7345 Z0.641
X3.5925 Y-1.7267 Z0.6399
X3.5915 Y-1.7189 Z0.6389
X3.5901 Y-1.7059 Z0.6373
X3.589 Y-1.6954 Z0.6361
X3.5876 Y-1.6798 Z0.6341
X3.5869 Y-1.672 Z0.6333
X3.5855 Y-1.6564 Z0.632
X3.5839 Y-1.6329 Z0.6297
X3.5829 Y-1.6173 Z0.6286
X3.5825 Y-1.6094 Z0.628
X3.5821 Y-1.6016 Z0.6275
X3.5813 Y-1.586 Z0.6266
X3.5809 Y-1.5782 Z0.6263
X3.58 Y-1.5469 Z0.6251
X3.5798 Y-1.5391 Z0.6249
X3.5796 Y-1.5235 Z0.6245
X3.5794 Y-1.5 Z0.6244
X3.5796 Y-1.4765 Z0.6245
X3.5798 Y-1.4609 Z0.6249
X3.58 Y-1.4531 Z0.6251
X3.5809 Y-1.4218 Z0.6263
X3.5813 Y-1.414 Z0.6266
X3.5823 Y-1.3956 Z0.6277
X3.5829 Y-1.3827 Z0.6286
X3.5839 Y-1.3671 Z0.6297
X3.5855 Y-1.3436 Z0.632
X3.5869 Y-1.328 Z0.6333
X3.5876 Y-1.3202 Z0.6341
X3.589 Y-1.3046 Z0.6361
X3.5906 Y-1.2889 Z0.6379
X3.5915 Y-1.2811 Z0.6389
X3.5925 Y-1.2733 Z0.6399
X3.5933 Y-1.2655 Z0.641
X3.5942 Y-1.2577 Z0.6423
X3.5962 Y-1.242 Z0.6446
X3.5994 Y-1.2186 Z0.6486
X3.6018 Y-1.2029 Z0.6513
X3.6029 Y-1.1951 Z0.6528
X3.6053 Y-1.1795 Z0.6561
X3.608 Y-1.1638 Z0.6591
X3.6094 Y-1.156 Z0.6607
X3.612 Y-1.1404 Z0.6645
X3.6166 Y-1.1169 Z0.6698
X3.6181 Y-1.1091 Z0.6717
X3.6197 Y-1.1013 Z0.6738
X3.6247 Y-1.0778 Z0.6799
X3.6264 Y-1.07 Z0.682
X3.6281 Y-1.0622 Z0.6842
X3.6299 Y-1.0544 Z0.6865
X3.6336 Y-1.0388 Z0.6911
X3.6355 Y-1.0309 Z0.6935
X3.6373 Y-1.0231 Z0.6961
X3.6413 Y-1.0075 Z0.701
X3.6448 Y-0.9937 Z0.7056
X3.6473 Y-0.984 Z0.7091
X3.6539 Y-0.9606 Z0.7173
X3.656 Y-0.9528 Z0.7203
X3.6582 Y-0.9449 Z0.7234
X3.6653 Y-0.9215 Z0.7325
X3.6683 Y-0.9117 Z0.7364
X3.6701 Y-0.9059 Z0.7389
X3.6776 Y-0.8824 Z0.749
X3.6802 Y-0.8746 Z0.7525
X3.6855 Y-0.859 Z0.7596
X3.6918 Y-0.8406 Z0.7684
X3.6964 Y-0.8277 Z0.7748
X3.7021 Y-0.812 Z0.7827
X3.7049 Y-0.8042 Z0.7868
X3.7109 Y-0.7886 Z0.7952
X3.7169 Y-0.773 Z0.8039
X3.7199 Y-0.7651 Z0.8084
X3.7231 Y-0.7573 Z0.813
X3.7326 Y-0.7339 Z0.8271
X3.7387 Y-0.7196 Z0.8361
X3.7426 Y-0.7104 Z0.842
X3.7494 Y-0.6948 Z0.8525
X3.7599 Y-0.6713 Z0.8688
X3.7635 Y-0.6635 Z0.8745
X3.7707 Y-0.6479 Z0.8861
X3.7781 Y-0.6322 Z0.8982
X3.7819 Y-0.6244 Z0.9045
X3.7856 Y-0.6166 Z0.9109
X3.7934 Y-0.6007 Z0.9242
X3.8013 Y-0.5853 Z0.9377
X3.8052 Y-0.5775 Z0.9447
X3.8092 Y-0.5697 Z0.9518
X3.8125 Y-0.5634 Z0.9578
X3.8119 Y-0.5631 Z0.9586
X3.4728 Z1.2123
X3.4649 Y-0.5671 Z1.2129
X3.4571 Y-0.5713 Z1.2132
X3.4313 Y-0.5853 Z1.2144
X3.4102 Y-0.5971 Z1.2154
X3.4024 Y-0.6016 Z1.2157
X3.3763 Y-0.6166 Z1.217
X3.3502 Y-0.6322 Z1.2184
X3.332 Y-0.6434 Z1.2193
X3.3241 Y-0.6483 Z1.2197
X3.3002 Y-0.6635 Z1.2211
X3.2772 Y-0.6786 Z1.2223
X3.2616 Y-0.689 Z1.2232
X3.2459 Y-0.6997 Z1.2241
X3.2225 Y-0.7162 Z1.2255
X3.2068 Y-0.7275 Z1.2265
X3.1981 Y-0.7339 Z1.227
X3.1755 Y-0.7507 Z1.2285
X3.1569 Y-0.7651 Z1.2296
X3.1364 Y-0.7813 Z1.231
X3.1208 Y-0.7941 Z1.2321
X3.1086 Y-0.8042 Z1.2329
X3.0973 Y-0.8138 Z1.2337
X3.0895 Y-0.8206 Z1.2343
X3.0725 Y-0.8355 Z1.2355
X3.0638 Y-0.8433 Z1.2362
X3.0468 Y-0.859 Z1.2374
X3.0347 Y-0.8703 Z1.2384
X3.0269 Y-0.8778 Z1.2389
X3.0113 Y-0.8932 Z1.2402
X3.0035 Y-0.901 Z1.2408
X2.9878 Y-0.9171 Z1.2421
X2.9722 Y-0.9338 Z1.2434
X2.962 Y-0.9449 Z1.2442
X2.9549 Y-0.9528 Z1.2448
X2.948 Y-0.9606 Z1.2454
X2.9409 Y-0.9688 Z1.246
X2.9331 Y-0.978 Z1.2467
X2.9252 Y-0.9873 Z1.2474
X2.9152 Y-0.9997 Z1.2483
X2.9089 Y-1.0075 Z1.2489
X2.9018 Y-1.0165 Z1.2496
X2.8908 Y-1.0309 Z1.2506
X2.885 Y-1.0388 Z1.2512
X2.8736 Y-1.0544 Z1.2523
X2.8627 Y-1.0701 Z1.2534
X2.8548 Y-1.0817 Z1.2541
X2.847 Y-1.0936 Z1.2549
X2.8372 Y-1.1091 Z1.2559
X2.8314 Y-1.1186 Z1.2565
X2.8231 Y-1.1326 Z1.2574
X2.8142 Y-1.1482 Z1.2584
X2.8099 Y-1.156 Z1.2588
X2.8001 Y-1.1745 Z1.2599
X2.7976 Y-1.1795 Z1.2602
X2.7899 Y-1.1951 Z1.2611
X2.7844 Y-1.2066 Z1.2617
X2.779 Y-1.2186 Z1.2623
X2.7723 Y-1.2342 Z1.2631
X2.7688 Y-1.2426 Z1.2635
X2.7629 Y-1.2577 Z1.2642
X2.7599 Y-1.2655 Z1.2645
X2.7532 Y-1.2847 Z1.2653
X2.7492 Y-1.2967 Z1.2658
X2.7453 Y-1.3092 Z1.2663
X2.7421 Y-1.3202 Z1.2667
X2.74 Y-1.328 Z1.2669
X2.7375 Y-1.3373 Z1.2673
X2.7359 Y-1.3436 Z1.2674
X2.734 Y-1.3515 Z1.2677
X2.7297 Y-1.3711 Z1.2682
X2.7261 Y-1.3906 Z1.2686
X2.7236 Y-1.4062 Z1.269
X2.7225 Y-1.414 Z1.2691
X2.7215 Y-1.4218 Z1.2693
X2.7197 Y-1.4375 Z1.2695
X2.7184 Y-1.4531 Z1.2697
X2.7178 Y-1.4609 Z1.2698
X2.7174 Y-1.4687
X2.7171 Y-1.4765
X2.7166 Y-1.4922 Z1.27
Y-1.5 Z1.2699
X2.7168 Y-1.5156
X2.717 Y-1.5235
X2.7178 Y-1.5391 Z1.2697
X2.7184 Y-1.5469
X2.7197 Y-1.5625 Z1.2695
X2.7206 Y-1.5704 Z1.2694
X2.7219 Y-1.5815 Z1.2692
X2.7225 Y-1.586 Z1.2691
X2.7236 Y-1.5938 Z1.269
X2.7261 Y-1.6094 Z1.2686
X2.7297 Y-1.6288 Z1.2682
X2.7341 Y-1.6485 Z1.2676
X2.7375 Y-1.6627 Z1.2673
X2.74 Y-1.672 Z1.2669
X2.7444 Y-1.6876 Z1.2664
X2.7467 Y-1.6954 Z1.2661
X2.7517 Y-1.7111 Z1.2655
X2.7544 Y-1.7189 Z1.2652
X2.76 Y-1.7345 Z1.2645
X2.7659 Y-1.7502 Z1.2638
X2.7691 Y-1.758 Z1.2634
X2.7766 Y-1.776 Z1.2626
X2.7826 Y-1.7893 Z1.2619
X2.7861 Y-1.7971 Z1.2615
X2.7899 Y-1.8049 Z1.2611
X2.7976 Y-1.8205 Z1.2602
X2.8016 Y-1.8283 Z1.2598
X2.8079 Y-1.8403 Z1.259
X2.8157 Y-1.8545 Z1.2582
X2.8186 Y-1.8596 Z1.2579
X2.8236 Y-1.8682 Z1.2574
X2.8324 Y-1.8831 Z1.2564
X2.8421 Y-1.8987 Z1.2554
X2.8471 Y-1.9065 Z1.2549
X2.8548 Y-1.9183 Z1.2542
X2.8627 Y-1.93 Z1.2533
X2.8736 Y-1.9456 Z1.2523
X2.8861 Y-1.9628 Z1.2511
X2.8939 Y-1.9732 Z1.2503
X2.9027 Y-1.9847 Z1.2495
X2.9096 Y-1.9934 Z1.2489
X2.9215 Y-2.0081 Z1.2478
X2.9345 Y-2.0238 Z1.2466
X2.9487 Y-2.0402 Z1.2454
X2.9565 Y-2.049 Z1.2447
X2.969 Y-2.0629 Z1.2436
X2.9837 Y-2.0785 Z1.2424
X2.9911 Y-2.0863 Z1.2418
X3.0064 Y-2.102 Z1.2405
X3.0191 Y-2.1146 Z1.2396
X3.0269 Y-2.1222 Z1.2389
X3.0467 Y-2.141 Z1.2374
X3.0552 Y-2.1489 Z1.2368
X3.066 Y-2.1587 Z1.2359
X3.0817 Y-2.1726 Z1.2349
X3.0903 Y-2.1801 Z1.2342
X3.1086 Y-2.1958 Z1.2329
X3.118 Y-2.2036 Z1.2323
X3.1286 Y-2.2123 Z1.2315
X3.1469 Y-2.227 Z1.2303
X3.1568 Y-2.2349 Z1.2297
X3.1772 Y-2.2505 Z1.2283
X3.1912 Y-2.261 Z1.2275
X3.199 Y-2.2668 Z1.227
X3.2225 Y-2.2838 Z1.2255
X3.2418 Y-2.2974 Z1.2244
X3.2537 Y-2.3056 Z1.2237
X3.2694 Y-2.3162 Z1.2228
X3.2882 Y-2.3287 Z1.2217
X3.3007 Y-2.3368 Z1.221
X3.3163 Y-2.3468 Z1.2202
X3.3248 Y-2.3521 Z1.2197
X3.3502 Y-2.3678 Z1.2184
X3.3711 Y-2.3803 Z1.2173
X3.3898 Y-2.3912 Z1.2164
X3.4033 Y-2.399 Z1.2157
X3.4313 Y-2.4147 Z1.2144
X3.4571 Y-2.4287 Z1.2132
X3.4649 Y-2.4329 Z1.2128
X3.4728 Y-2.4369 Z1.2123
X3.5141 Z1.1814
X3.5184 Y-2.4367 Z1.1779
X3.5226 Y-2.4362 Z1.1742
X3.5265 Y-2.4356 Z1.1704
X3.5303 Y-2.4347 Z1.1664
X3.534 Y-2.4336 Z1.1623
X3.5375 Y-2.4325 Z1.1581
X3.5513 Y-2.4275 Z1.1412
X3.5549 Y-2.4263 Z1.137
X3.5585 Y-2.4253 Z1.1329
X3.5623 Y-2.4244 Z1.1289
X3.5662 Y-2.4237 Z1.1251
X3.5704 Y-2.4233 Z1.1214
X3.5747 Y-2.4231 Z1.1179
X3.7887 Z0.9578
X3.7893 Y-2.4228 Z0.957
X3.7832 Y-2.4108 Z0.9463
X3.7773 Y-2.399 Z0.936
X3.7696 Y-2.3834 Z0.9229
X3.7658 Y-2.3756 Z0.9165
X3.7621 Y-2.3678 Z0.9102
X3.7584 Y-2.3599 Z0.9041
X3.7543 Y-2.3514 Z0.8975
X3.7465 Y-2.3345 Z0.885
X3.7439 Y-2.3287 Z0.8808
X3.7333 Y-2.3052 Z0.8645
X3.7266 Y-2.2896 Z0.854
X3.723 Y-2.2813 Z0.8486
X3.72 Y-2.2739 Z0.844
X3.7166 Y-2.2661 Z0.8391
X3.707 Y-2.2427 Z0.825
X3.7039 Y-2.2349 Z0.8204
X3.6978 Y-2.2192 Z0.8115
X3.6949 Y-2.2114 Z0.8072
X3.6889 Y-2.1958 Z0.7988
X3.6861 Y-2.188 Z0.7947
X3.6775 Y-2.1645 Z0.7829
X3.6748 Y-2.1567 Z0.7791
X3.6695 Y-2.141 Z0.7716
X3.6642 Y-2.1254 Z0.7645
X3.6605 Y-2.114 Z0.7594
X3.6541 Y-2.0941 Z0.7509
X3.6517 Y-2.0863 Z0.7476
X3.6493 Y-2.0785 Z0.7445
X3.6422 Y-2.0551 Z0.7354
X3.64 Y-2.0472 Z0.7323
X3.6379 Y-2.0394 Z0.7293
X3.6313 Y-2.016 Z0.7211
X3.6292 Y-2.0078 Z0.7181
X3.6273 Y-2.0003 Z0.7155
X3.6253 Y-1.9925 Z0.7129
X3.6213 Y-1.9769 Z0.708
X3.6194 Y-1.9691 Z0.7055
X3.6176 Y-1.9612 Z0.7031
X3.6135 Y-1.9441 Z0.698
X3.6121 Y-1.9378 Z0.6962
X3.6104 Y-1.93 Z0.694
X3.6087 Y-1.9222 Z0.6919
X3.6036 Y-1.8987 Z0.6858
X3.6021 Y-1.8909 Z0.6837
X3.6006 Y-1.8831 Z0.6817
X3.596 Y-1.8596 Z0.6765
X3.5934 Y-1.844 Z0.6727
X3.592 Y-1.8362 Z0.6711
X3.5893 Y-1.8205 Z0.668
X3.5869 Y-1.8049 Z0.6648
X3.5857 Y-1.7971 Z0.6633
X3.5833 Y-1.7814 Z0.6606
X3.5802 Y-1.758 Z0.6566
X3.5782 Y-1.7423 Z0.6543
X3.5773 Y-1.7345 Z0.653
X3.5764 Y-1.7267 Z0.6519
X3.5746 Y-1.7111 Z0.6499
X3.573 Y-1.6954 Z0.648
X3.5716 Y-1.6798 Z0.6461
X3.5708 Y-1.672 Z0.6453
X3.5701 Y-1.6642 Z0.6447
X3.5695 Y-1.6564 Z0.644
X3.5679 Y-1.6329 Z0.6417
X3.5669 Y-1.6173 Z0.6406
X3.5665 Y-1.6094 Z0.64
X3.5661 Y-1.6016 Z0.6395
X3.5653 Y-1.586 Z0.6386
X3.5649 Y-1.5782 Z0.6383
X3.564 Y-1.5469 Z0.6371
X3.5638 Y-1.5391 Z0.6369
X3.5636 Y-1.5235 Z0.6365
X3.5634 Y-1.5 Z0.6364
X3.5636 Y-1.4765 Z0.6365
X3.5638 Y-1.4609 Z0.6369
X3.564 Y-1.4531 Z0.6371
X3.5649 Y-1.4218 Z0.6383
X3.5653 Y-1.414 Z0.6386
X3.5661 Y-1.3984 Z0.6395
X3.5666 Y-1.3876 Z0.6402
X3.5669 Y-1.3827 Z0.6406
X3.5679 Y-1.3671 Z0.6417
X3.5695 Y-1.3436 Z0.644
X3.5708 Y-1.328 Z0.6453
X3.5716 Y-1.3202 Z0.6461
X3.573 Y-1.3046 Z0.648
X3.5746 Y-1.2889 Z0.6499
X3.5764 Y-1.2733 Z0.6519
X3.5773 Y-1.2655 Z0.653
X3.5782 Y-1.2577 Z0.6543
X3.5802 Y-1.242 Z0.6566
X3.5833 Y-1.2186 Z0.6606
X3.5857 Y-1.2029 Z0.6633
X3.5869 Y-1.1951 Z0.6648
X3.5893 Y-1.1795 Z0.668
X3.592 Y-1.1638 Z0.6711
X3.5934 Y-1.156 Z0.6727
X3.596 Y-1.1404 Z0.6765
X3.6006 Y-1.1169 Z0.6817
X3.6021 Y-1.1091 Z0.6837
X3.6036 Y-1.1013 Z0.6858
X3.6087 Y-1.0778 Z0.6919
X3.6104 Y-1.07 Z0.694
X3.6121 Y-1.0622 Z0.6962
X3.6157 Y-1.0466 Z0.7008
X3.6176 Y-1.0388 Z0.7031
X3.6194 Y-1.0309 Z0.7055
X3.6214 Y-1.0228 Z0.7081
X3.6253 Y-1.0075 Z0.7129
X3.6273 Y-0.9997 Z0.7155
X3.6293 Y-0.9919 Z0.7183
X3.6313 Y-0.984 Z0.7211
X3.6379 Y-0.9606 Z0.7293
X3.64 Y-0.9528 Z0.7323
X3.6422 Y-0.9449 Z0.7354
X3.6493 Y-0.9215 Z0.7445
X3.6527 Y-0.9105 Z0.7489
X3.6566 Y-0.898 Z0.7543
X3.6616 Y-0.8824 Z0.761
X3.6642 Y-0.8746 Z0.7645
X3.6695 Y-0.859 Z0.7716
X3.6761 Y-0.8395 Z0.7809
X3.6804 Y-0.8277 Z0.7868
X3.6861 Y-0.812 Z0.7947
X3.6889 Y-0.8042 Z0.7988
X3.6949 Y-0.7886 Z0.8072
X3.7009 Y-0.773 Z0.8159
X3.7039 Y-0.7651 Z0.8204
X3.7074 Y-0.7564 Z0.8255
X3.7166 Y-0.7339 Z0.8391
X3.72 Y-0.7261 Z0.844
X3.7232 Y-0.7182 Z0.8489
X3.7299 Y-0.7026 Z0.8592
X3.7333 Y-0.6948 Z0.8645
X3.7439 Y-0.6713 Z0.8808
X3.7474 Y-0.6635 Z0.8865
X3.7547 Y-0.6479 Z0.8981
X3.7584 Y-0.6401 Z0.9041
X3.7622 Y-0.632 Z0.9104
X3.7658 Y-0.6244 Z0.9165
X3.77 Y-0.6158 Z0.9236
X3.7778 Y-0.5999 Z0.9369
X3.7856 Y-0.5845 Z0.9504
X3.7893 Y-0.5772 Z0.957
X3.7887 Y-0.5769 Z0.9578
X3.4706 Z1.1958
X3.469 Y-0.5775 Z1.1962
X3.4493 Y-0.5883 Z1.1972
X3.4336 Y-0.597 Z1.198
X3.4258 Y-0.6014 Z1.1984
X3.3993 Y-0.6166 Z1.1998
X3.3789 Y-0.6287 Z1.201
X3.3633 Y-0.6382 Z1.2019
X3.3474 Y-0.6479 Z1.2028
X3.3227 Y-0.6635 Z1.2042
X3.2986 Y-0.6791 Z1.2057
X3.2753 Y-0.6948 Z1.2071
X3.2639 Y-0.7026 Z1.2079
X3.2459 Y-0.7151 Z1.209
X3.2225 Y-0.7319 Z1.2106
X3.1987 Y-0.7495 Z1.2122
X3.1834 Y-0.7612 Z1.2133
X3.1755 Y-0.7672 Z1.2138
X3.1521 Y-0.7858 Z1.2155
X3.1391 Y-0.7964 Z1.2165
X3.1286 Y-0.8051 Z1.2173
X3.1111 Y-0.8199 Z1.2187
X3.0895 Y-0.8387 Z1.2203
X3.0757 Y-0.8511 Z1.2215
X3.066 Y-0.86 Z1.2222
X3.0504 Y-0.8747 Z1.2235
X3.0424 Y-0.8824 Z1.2242
X3.0264 Y-0.898 Z1.2256
X3.0187 Y-0.9059 Z1.2263
X3.011 Y-0.9137 Z1.2269
X2.9956 Y-0.9297 Z1.2283
X2.9878 Y-0.9381 Z1.229
X2.9722 Y-0.9552 Z1.2304
X2.9605 Y-0.9684 Z1.2316
X2.9487 Y-0.9822 Z1.2327
X2.9406 Y-0.9919 Z1.2335
X2.9278 Y-1.0075 Z1.2347
X2.9216 Y-1.0153 Z1.2354
X2.9095 Y-1.0309 Z1.2366
X2.9018 Y-1.0412 Z1.2374
X2.8921 Y-1.0544 Z1.2384
X2.8811 Y-1.07 Z1.2396
X2.8757 Y-1.0778 Z1.2402
X2.8704 Y-1.0857 Z1.2408
X2.8627 Y-1.0974 Z1.2416
X2.8548 Y-1.1097 Z1.2425
X2.8503 Y-1.1169 Z1.243
X2.8456 Y-1.1248 Z1.2436
X2.8392 Y-1.1355 Z1.2443
X2.8275 Y-1.156 Z1.2457
X2.8232 Y-1.1638 Z1.2462
X2.815 Y-1.1795 Z1.2472
X2.811 Y-1.1873 Z1.2477
X2.8034 Y-1.2029 Z1.2486
X2.7997 Y-1.2107 Z1.249
X2.7961 Y-1.2186 Z1.2495
X2.7923 Y-1.2273 Z1.25
X2.786 Y-1.242 Z1.2507
X2.7798 Y-1.2577 Z1.2515
X2.7766 Y-1.2659 Z1.2519
X2.7739 Y-1.2733 Z1.2523
X2.7688 Y-1.2878 Z1.253
X2.7658 Y-1.2967 Z1.2534
X2.7633 Y-1.3046 Z1.2537
X2.7586 Y-1.3202 Z1.2543
X2.7564 Y-1.328 Z1.2546
X2.7523 Y-1.3436 Z1.2552
X2.7504 Y-1.3515 Z1.2554
X2.7469 Y-1.3671 Z1.2559
X2.7452 Y-1.3749 Z1.2562
X2.7423 Y-1.3906 Z1.2565
X2.7398 Y-1.4062 Z1.2569
X2.7386 Y-1.414 Z1.2571
X2.7375 Y-1.4223 Z1.2572
X2.7358 Y-1.4375 Z1.2575
X2.7351 Y-1.4453 Z1.2576
X2.7344 Y-1.4531 Z1.2577
X2.7339 Y-1.4609 Z1.2578
X2.7334 Y-1.4687
X2.7331 Y-1.4765 Z1.2579
X2.7326 Y-1.4922 Z1.258
Y-1.5 Z1.2579
X2.7328 Y-1.5156
X2.733 Y-1.5235
X2.7339 Y-1.5391 Z1.2577
X2.7344 Y-1.5469
X2.7358 Y-1.5625 Z1.2575
X2.7376 Y-1.5782 Z1.2572
X2.7386 Y-1.586 Z1.2571
X2.7398 Y-1.5938 Z1.2569
X2.7423 Y-1.6094 Z1.2565
X2.7453 Y-1.6257 Z1.2562
X2.7486 Y-1.6407 Z1.2557
X2.7504 Y-1.6485 Z1.2554
X2.7532 Y-1.6597 Z1.2551
X2.7564 Y-1.672 Z1.2546
X2.7586 Y-1.6798 Z1.2543
X2.761 Y-1.6878 Z1.254
X2.7633 Y-1.6954 Z1.2537
X2.7684 Y-1.7111 Z1.253
X2.7711 Y-1.7189 Z1.2526
X2.7739 Y-1.7267 Z1.2523
X2.7768 Y-1.7345 Z1.2519
X2.7798 Y-1.7423 Z1.2515
X2.7844 Y-1.7541 Z1.2509
X2.786 Y-1.758 Z1.2507
X2.7893 Y-1.7658 Z1.2503
X2.7962 Y-1.7814 Z1.2494
X2.8001 Y-1.79 Z1.249
X2.8034 Y-1.7971 Z1.2486
X2.8111 Y-1.8127 Z1.2476
X2.8157 Y-1.8219 Z1.2471
X2.8236 Y-1.8367 Z1.2461
X2.8275 Y-1.844 Z1.2456
X2.8319 Y-1.8518 Z1.2452
X2.8392 Y-1.8645 Z1.2443
X2.847 Y-1.8776 Z1.2434
X2.8503 Y-1.8831 Z1.243
X2.8602 Y-1.8987 Z1.2419
X2.8652 Y-1.9065 Z1.2414
X2.8757 Y-1.9222 Z1.2402
X2.8811 Y-1.93 Z1.2396
X2.8866 Y-1.9378 Z1.239
X2.8939 Y-1.9481 Z1.2382
X2.9036 Y-1.9612 Z1.2372
X2.9096 Y-1.9692 Z1.2366
X2.9216 Y-1.9847 Z1.2354
X2.9342 Y-2.0003 Z1.2341
X2.9409 Y-2.0085 Z1.2335
X2.9538 Y-2.0238 Z1.2322
X2.9643 Y-2.0359 Z1.2312
X2.9744 Y-2.0472 Z1.2302
X2.9878 Y-2.0619 Z1.229
X2.996 Y-2.0707 Z1.2283
X3.0035 Y-2.0785 Z1.2276
X3.0113 Y-2.0866 Z1.2269
X3.0269 Y-2.1025 Z1.2255
X3.0426 Y-2.1177 Z1.2242
X3.0505 Y-2.1254 Z1.2235
X3.0588 Y-2.1332 Z1.2229
X3.0672 Y-2.141 Z1.2221
X3.0895 Y-2.1613 Z1.2204
X3.1021 Y-2.1723 Z1.2194
X3.113 Y-2.1817 Z1.2185
X3.1208 Y-2.1884 Z1.2179
X3.1296 Y-2.1958 Z1.2172
X3.1521 Y-2.2142 Z1.2155
X3.1677 Y-2.2266 Z1.2144
X3.1782 Y-2.2349 Z1.2136
X3.199 Y-2.2507 Z1.2122
X3.2225 Y-2.2681 Z1.2106
X3.2415 Y-2.2818 Z1.2093
X3.2537 Y-2.2904 Z1.2085
X3.2694 Y-2.3012 Z1.2075
X3.2929 Y-2.317 Z1.2061
X3.3163 Y-2.3324 Z1.2046
X3.3241 Y-2.3374 Z1.2042
X3.3476 Y-2.3522 Z1.2027
X3.373 Y-2.3678 Z1.2013
X3.4024 Y-2.3852 Z1.1997
X3.4265 Y-2.399 Z1.1984
X3.4571 Y-2.4161 Z1.1968
X3.469 Y-2.4225 Z1.1962
X3.4706 Y-2.4231 Z1.1958
X3.5747 Z1.1179
X3.5791 Y-2.4229 Z1.1145
X3.5832 Y-2.4225 Z1.1108
X3.5872 Y-2.4218 Z1.1069
X3.5909 Y-2.4209 Z1.103
X3.5946 Y-2.4198 Z1.0989
X3.5982 Y-2.4186 Z1.0947
X3.612 Y-2.4135 Z1.0778
X3.6156 Y-2.4124 Z1.0737
X3.6192 Y-2.4113 Z1.0696
X3.623 Y-2.4104 Z1.0656
X3.627 Y-2.4097 Z1.0618
X3.6311 Y-2.4092 Z1.0581
X3.6355 Y-2.4091 Z1.0546
X3.7655 Z0.9574
X3.7662 Y-2.4089 Z0.9566
X3.7612 Y-2.399 Z0.948
X3.7535 Y-2.3834 Z0.9349
X3.7465 Y-2.3688 Z0.9231
X3.7424 Y-2.3599 Z0.9161
X3.7386 Y-2.3521 Z0.9101
X3.7309 Y-2.3354 Z0.8976
X3.7278 Y-2.3287 Z0.8928
X3.7173 Y-2.3052 Z0.8765
X3.7139 Y-2.2974 Z0.8712
X3.7072 Y-2.2818 Z0.8609
X3.7039 Y-2.2739 Z0.856
X3.6996 Y-2.2637 Z0.8496
X3.691 Y-2.2427 Z0.8369
X3.6879 Y-2.2349 Z0.8323
X3.6818 Y-2.2192 Z0.8235
X3.6788 Y-2.2114 Z0.8192
X3.6729 Y-2.1958 Z0.8107
X3.67 Y-2.188 Z0.8066
X3.6615 Y-2.1645 Z0.7949
X3.6588 Y-2.1567 Z0.791
X3.6527 Y-2.1386 Z0.7824
X3.6482 Y-2.1254 Z0.7764
X3.6448 Y-2.1151 Z0.7719
X3.637 Y-2.0907 Z0.7614
X3.6357 Y-2.0863 Z0.7596
X3.6333 Y-2.0785 Z0.7565
X3.6262 Y-2.0551 Z0.7474
X3.624 Y-2.0472 Z0.7443
X3.6214 Y-2.0377 Z0.7407
X3.6153 Y-2.016 Z0.7331
X3.6133 Y-2.0081 Z0.7302
X3.6113 Y-2.0003 Z0.7275
X3.6093 Y-1.9925 Z0.7249
X3.6053 Y-1.9769 Z0.72
X3.6034 Y-1.9691 Z0.7175
X3.6016 Y-1.9612 Z0.7151
X3.5961 Y-1.9378 Z0.7082
X3.5944 Y-1.93 Z0.706
X3.5927 Y-1.9222 Z0.7038
X3.5876 Y-1.8987 Z0.6978
X3.5861 Y-1.8909 Z0.6957
X3.5846 Y-1.8831 Z0.6937
X3.58 Y-1.8596 Z0.6884
X3.5774 Y-1.844 Z0.6847
X3.576 Y-1.8362 Z0.683
X3.5733 Y-1.8205 Z0.68
X3.5709 Y-1.8049 Z0.6768
X3.5697 Y-1.7971 Z0.6753
X3.5673 Y-1.7814 Z0.6725
X3.5642 Y-1.758 Z0.6685
X3.5622 Y-1.7423 Z0.6662
X3.5613 Y-1.7345 Z0.665
X3.5595 Y-1.7189 Z0.6628
X3.5586 Y-1.7111 Z0.6619
X3.557 Y-1.6954 Z0.66
X3.5556 Y-1.6798 Z0.6581
X3.5548 Y-1.672 Z0.6573
X3.5541 Y-1.6642 Z0.6566
X3.5535 Y-1.6564 Z0.656
X3.5519 Y-1.6329 Z0.6537
X3.5509 Y-1.6173 Z0.6526
X3.5505 Y-1.6094 Z0.652
X3.5501 Y-1.6016 Z0.6514
X3.5493 Y-1.586 Z0.6506
X3.5489 Y-1.5782 Z0.6502
X3.548 Y-1.5469 Z0.6491
X3.5477 Y-1.5391 Z0.6489
X3.5476 Y-1.5235 Z0.6485
X3.5474 Y-1.5 Z0.6484
X3.5476 Y-1.4765 Z0.6485
X3.5477 Y-1.4609 Z0.6489
X3.548 Y-1.4531 Z0.6491
X3.5489 Y-1.4218 Z0.6502
X3.5493 Y-1.414 Z0.6506
X3.5501 Y-1.3984 Z0.6514
X3.5505 Y-1.3906 Z0.652
X3.551 Y-1.3807 Z0.6527
X3.5519 Y-1.3671 Z0.6537
X3.5535 Y-1.3436 Z0.656
X3.5541 Y-1.3358 Z0.6566
X3.5548 Y-1.328 Z0.6573
X3.5556 Y-1.3202 Z0.6581
X3.557 Y-1.3046 Z0.66
X3.5588 Y-1.2872 Z0.6621
X3.5604 Y-1.2733 Z0.6639
X3.5613 Y-1.2655 Z0.665
X3.5622 Y-1.2577 Z0.6662
X3.5642 Y-1.242 Z0.6685
X3.5673 Y-1.2186 Z0.6725
X3.5697 Y-1.2029 Z0.6753
X3.5709 Y-1.1951 Z0.6768
X3.5733 Y-1.1795 Z0.68
X3.576 Y-1.1638 Z0.683
X3.5774 Y-1.156 Z0.6847
X3.58 Y-1.1404 Z0.6884
X3.5846 Y-1.1169 Z0.6937
X3.5861 Y-1.1091 Z0.6957
X3.5876 Y-1.1013 Z0.6978
X3.5927 Y-1.0778 Z0.7038
X3.5944 Y-1.07 Z0.706
X3.5961 Y-1.0622 Z0.7082
X3.6016 Y-1.0388 Z0.7151
X3.6034 Y-1.0309 Z0.7175
X3.6057 Y-1.0213 Z0.7206
X3.6093 Y-1.0075 Z0.7249
X3.6113 Y-0.9997 Z0.7275
X3.6135 Y-0.9908 Z0.7306
X3.6153 Y-0.984 Z0.7331
X3.6219 Y-0.9606 Z0.7413
X3.624 Y-0.9528 Z0.7443
X3.6262 Y-0.9449 Z0.7474
X3.6333 Y-0.9215 Z0.7565
X3.6357 Y-0.9137 Z0.7596
X3.6381 Y-0.9059 Z0.7629
X3.6456 Y-0.8824 Z0.773
X3.6482 Y-0.8746 Z0.7764
X3.6534 Y-0.859 Z0.7835
X3.6605 Y-0.8385 Z0.7934
X3.6644 Y-0.8277 Z0.7988
X3.67 Y-0.812 Z0.8066
X3.6729 Y-0.8042 Z0.8107
X3.6788 Y-0.7886 Z0.8192
X3.6848 Y-0.773 Z0.8279
X3.6879 Y-0.7651 Z0.8323
X3.6918 Y-0.7555 Z0.838
X3.7006 Y-0.7339 Z0.8511
X3.7039 Y-0.7261 Z0.856
X3.7074 Y-0.7178 Z0.8612
X3.7139 Y-0.7026 Z0.8712
X3.7173 Y-0.6948 Z0.8765
X3.7278 Y-0.6713 Z0.8928
X3.7314 Y-0.6635 Z0.8984
X3.7387 Y-0.6477 Z0.9102
X3.7424 Y-0.6401 Z0.9161
X3.7465 Y-0.6312 Z0.9231
X3.7535 Y-0.6166 Z0.9349
X3.7622 Y-0.599 Z0.9497
X3.7662 Y-0.5911 Z0.9566
X3.7655 Y-0.5909 Z0.9574
X3.4679 Z1.18
X3.4493 Y-0.6012 Z1.181
X3.4336 Y-0.6101 Z1.182
X3.418 Y-0.6192 Z1.1828
X3.3945 Y-0.6331 Z1.1842
X3.3702 Y-0.6479 Z1.1857
X3.3452 Y-0.6635 Z1.1873
X3.3211 Y-0.6791 Z1.1889
X3.3007 Y-0.6927 Z1.1903
X3.2929 Y-0.6979 Z1.1908
X3.2694 Y-0.7141 Z1.1924
X3.2459 Y-0.7308 Z1.1941
X3.2303 Y-0.7422 Z1.1953
X3.2146 Y-0.7538 Z1.1964
X3.199 Y-0.7657 Z1.1976
X3.1897 Y-0.773 Z1.1984
X3.1755 Y-0.7841 Z1.1994
X3.1521 Y-0.8031 Z1.2013
X3.1321 Y-0.8199 Z1.203
X3.1208 Y-0.8295 Z1.204
X3.113 Y-0.8363 Z1.2046
X3.0964 Y-0.8511 Z1.206
X3.0877 Y-0.859 Z1.2068
X3.0709 Y-0.8746 Z1.2083
X3.0582 Y-0.8867 Z1.2095
X3.0466 Y-0.898 Z1.2105
X3.0309 Y-0.9137 Z1.212
X3.0158 Y-0.9293 Z1.2135
X3.0035 Y-0.9424 Z1.2147
X2.994 Y-0.9528 Z1.2156
X2.98 Y-0.9684 Z1.217
X2.9722 Y-0.9773 Z1.2178
X2.9598 Y-0.9919 Z1.2191
X2.9487 Y-1.0052 Z1.2203
X2.9406 Y-1.0153 Z1.2212
X2.9283 Y-1.0309 Z1.2225
X2.9224 Y-1.0388 Z1.2232
X2.9107 Y-1.0544 Z1.2245
X2.8995 Y-1.07 Z1.2258
X2.8939 Y-1.078 Z1.2265
X2.8861 Y-1.0895 Z1.2274
X2.8783 Y-1.1014 Z1.2283
X2.8705 Y-1.1136 Z1.2293
X2.8588 Y-1.1326 Z1.2307
X2.8542 Y-1.1404 Z1.2313
X2.8452 Y-1.156 Z1.2324
X2.8392 Y-1.1669 Z1.2332
X2.8366 Y-1.1717 Z1.2336
X2.8285 Y-1.1873 Z1.2346
X2.8236 Y-1.1971 Z1.2352
X2.817 Y-1.2107 Z1.2361
X2.8133 Y-1.2186 Z1.2366
X2.8064 Y-1.2342 Z1.2376
X2.803 Y-1.242 Z1.238
X2.7998 Y-1.2498 Z1.2385
X2.7936 Y-1.2655 Z1.2393
X2.7907 Y-1.2733 Z1.2397
X2.7879 Y-1.2811 Z1.2401
X2.7844 Y-1.291 Z1.2406
X2.78 Y-1.3046 Z1.2412
X2.7766 Y-1.3153 Z1.2417
X2.7729 Y-1.328 Z1.2423
X2.7687 Y-1.3436 Z1.2429
X2.7668 Y-1.3515 Z1.2432
X2.7649 Y-1.3593 Z1.2435
X2.7632 Y-1.3671 Z1.2437
X2.761 Y-1.3773 Z1.2441
X2.7585 Y-1.3906 Z1.2444
X2.7559 Y-1.4062 Z1.2448
X2.7547 Y-1.414 Z1.245
X2.7532 Y-1.4262 Z1.2453
X2.7519 Y-1.4375 Z1.2454
X2.7512 Y-1.4453 Z1.2456
X2.7505 Y-1.4531 Z1.2457
X2.7499 Y-1.4609 Z1.2458
X2.7494 Y-1.4687 Z1.2459
X2.7491 Y-1.4765
X2.7486 Y-1.4922 Z1.246
Y-1.5 Z1.2459
X2.7488 Y-1.5156 Z1.246
X2.7491 Y-1.5235 Z1.2459
X2.7499 Y-1.5391 Z1.2457
X2.7505 Y-1.5469
X2.7519 Y-1.5625 Z1.2454
X2.7533 Y-1.5754 Z1.2452
X2.7547 Y-1.586 Z1.245
X2.7572 Y-1.6016 Z1.2446
X2.7585 Y-1.6094 Z1.2444
X2.761 Y-1.6225 Z1.2441
X2.7632 Y-1.6329 Z1.2437
X2.7668 Y-1.6485 Z1.2432
X2.7688 Y-1.6567 Z1.2429
X2.7729 Y-1.672 Z1.2423
X2.7766 Y-1.6848 Z1.2418
X2.78 Y-1.6954 Z1.2412
X2.7844 Y-1.7091 Z1.2406
X2.7879 Y-1.7189 Z1.2401
X2.7936 Y-1.7345 Z1.2393
X2.8001 Y-1.7508 Z1.2384
X2.803 Y-1.758 Z1.238
X2.8079 Y-1.7693 Z1.2374
X2.8133 Y-1.7814 Z1.2366
X2.817 Y-1.7893 Z1.2361
X2.8236 Y-1.8029 Z1.2352
X2.8285 Y-1.8127 Z1.2346
X2.8325 Y-1.8205 Z1.2341
X2.8409 Y-1.8362 Z1.233
X2.847 Y-1.8472 Z1.2322
X2.8548 Y-1.8607 Z1.2312
X2.8588 Y-1.8674 Z1.2307
X2.8705 Y-1.8865 Z1.2293
X2.8783 Y-1.8987 Z1.2283
X2.8861 Y-1.9104 Z1.2274
X2.8941 Y-1.9222 Z1.2264
X2.9018 Y-1.9331 Z1.2256
X2.9107 Y-1.9456 Z1.2245
X2.9224 Y-1.9612 Z1.2232
X2.9283 Y-1.9691 Z1.2225
X2.9344 Y-1.9769 Z1.2219
X2.9409 Y-1.9851 Z1.2212
X2.9533 Y-2.0003 Z1.2198
X2.9598 Y-2.0081 Z1.2191
X2.9731 Y-2.0238 Z1.2177
X2.9869 Y-2.0394 Z1.2163
X2.9956 Y-2.0491 Z1.2154
X3.0084 Y-2.0629 Z1.2142
X3.0191 Y-2.0741 Z1.2131
X3.0309 Y-2.0863 Z1.212
X3.0426 Y-2.098 Z1.2109
X3.0582 Y-2.1133 Z1.2095
X3.066 Y-2.1208 Z1.2087
X3.0877 Y-2.141 Z1.2068
X3.0973 Y-2.1498 Z1.206
X3.1051 Y-2.1568 Z1.2053
X3.123 Y-2.1723 Z1.2037
X3.132 Y-2.1801 Z1.203
X3.1521 Y-2.1969 Z1.2013
X3.1677 Y-2.2097 Z1.2001
X3.1797 Y-2.2192 Z1.1991
X3.1997 Y-2.2349 Z1.1975
X3.2146 Y-2.2462 Z1.1964
X3.2416 Y-2.2661 Z1.1944
X3.2635 Y-2.2818 Z1.1928
X3.2747 Y-2.2896 Z1.1921
X3.2929 Y-2.3021 Z1.1908
X3.3163 Y-2.3177 Z1.1892
X3.3241 Y-2.3229 Z1.1887
X3.3476 Y-2.338 Z1.1872
X3.3711 Y-2.3527 Z1.1857
X3.3959 Y-2.3678 Z1.1841
X3.418 Y-2.3808 Z1.1829
X3.4415 Y-2.3943 Z1.1815
X3.4498 Y-2.399 Z1.181
X3.4679 Y-2.4091 Z1.18
X3.6355 Z1.0546
X3.6398 Y-2.4089 Z1.0512
X3.644 Y-2.4085 Z1.0475
X3.6479 Y-2.4078 Z1.0437
X3.6517 Y-2.4068 Z1.0397
X3.6554 Y-2.4058 Z1.0356
X3.659 Y-2.4046 Z1.0315
X3.6729 Y-2.3994 Z1.0147
X3.6764 Y-2.3982 Z1.0105
X3.6801 Y-2.3971 Z1.0065
X3.6839 Y-2.3962 Z1.0025
X3.6879 Y-2.3955 Z0.9986
X3.692 Y-2.3951 Z0.995
X3.6963 Y-2.3949 Z0.9915
X3.7422 Z0.9572
X3.7429 Y-2.3945 Z0.9562
X3.7375 Y-2.3834 Z0.9469
X3.7309 Y-2.3697 Z0.9358
X3.7263 Y-2.3599 Z0.9282
X3.7226 Y-2.3521 Z0.9221
X3.7152 Y-2.3362 Z0.9102
X3.7118 Y-2.3287 Z0.9048
X3.7013 Y-2.3052 Z0.8885
X3.6979 Y-2.2974 Z0.8832
X3.6912 Y-2.2818 Z0.8729
X3.6879 Y-2.2739 Z0.8679
X3.6839 Y-2.2646 Z0.8621
X3.675 Y-2.2427 Z0.8489
X3.6719 Y-2.2349 Z0.8443
X3.6658 Y-2.2192 Z0.8355
X3.6628 Y-2.2114 Z0.8311
X3.6569 Y-2.1958 Z0.8227
X3.6527 Y-2.1842 Z0.8167
X3.6448 Y-2.1626 Z0.8059
X3.6401 Y-2.1489 Z0.7993
X3.637 Y-2.1398 Z0.7949
X3.6322 Y-2.1254 Z0.7884
X3.6292 Y-2.1163 Z0.7844
X3.6214 Y-2.0919 Z0.7739
X3.6197 Y-2.0863 Z0.7716
X3.6173 Y-2.0785 Z0.7684
X3.6102 Y-2.0551 Z0.7594
X3.608 Y-2.0472 Z0.7562
X3.6057 Y-2.039 Z0.7531
X3.5993 Y-2.016 Z0.745
X3.5973 Y-2.0081 Z0.7422
X3.5953 Y-2.0003 Z0.7395
X3.5933 Y-1.9925 Z0.7369
X3.5893 Y-1.9769 Z0.732
X3.5874 Y-1.9691 Z0.7295
X3.5856 Y-1.9612 Z0.727
X3.5819 Y-1.9456 Z0.7224
X3.5801 Y-1.9378 Z0.7202
X3.5784 Y-1.93 Z0.7179
X3.5766 Y-1.9222 Z0.7158
X3.5716 Y-1.8987 Z0.7098
X3.5701 Y-1.8909 Z0.7076
X3.5685 Y-1.8831 Z0.7057
X3.564 Y-1.8596 Z0.7004
X3.5613 Y-1.844 Z0.6967
X3.5599 Y-1.8362 Z0.695
X3.5572 Y-1.8205 Z0.692
X3.5549 Y-1.8049 Z0.6887
X3.5537 Y-1.7971 Z0.6872
X3.5513 Y-1.7814 Z0.6845
X3.5482 Y-1.758 Z0.6805
X3.5462 Y-1.7423 Z0.6782
X3.5453 Y-1.7345 Z0.677
X3.5431 Y-1.7161 Z0.6744
X3.5418 Y-1.7033 Z0.6729
X3.541 Y-1.6954 Z0.672
X3.5403 Y-1.6876 Z0.671
X3.5396 Y-1.6798 Z0.6701
X3.5388 Y-1.672 Z0.6693
X3.5381 Y-1.6642 Z0.6686
X3.5375 Y-1.6564 Z0.6679
X3.5359 Y-1.6329 Z0.6656
X3.5348 Y-1.6173 Z0.6646
X3.5344 Y-1.6094 Z0.6639
X3.5341 Y-1.6016 Z0.6634
X3.5333 Y-1.586 Z0.6626
X3.5329 Y-1.5782 Z0.6622
X3.5319 Y-1.5469 Z0.661
X3.5317 Y-1.5391 Z0.6609
X3.5316 Y-1.5235 Z0.6605
X3.5314 Y-1.5 Z0.6604
X3.5316 Y-1.4765 Z0.6605
X3.5317 Y-1.4609 Z0.6609
X3.5319 Y-1.4531 Z0.661
X3.5329 Y-1.4218 Z0.6622
X3.5333 Y-1.414 Z0.6626
X3.5341 Y-1.3984 Z0.6634
X3.5344 Y-1.3906 Z0.6639
X3.5348 Y-1.3827 Z0.6646
X3.5359 Y-1.3671 Z0.6656
X3.5375 Y-1.3436 Z0.6679
X3.5381 Y-1.3358 Z0.6686
X3.5388 Y-1.328 Z0.6693
X3.5396 Y-1.3202 Z0.6701
X3.5403 Y-1.3124 Z0.671
X3.541 Y-1.3046 Z0.672
X3.5426 Y-1.2889 Z0.6739
X3.5435 Y-1.2811 Z0.6748
X3.5453 Y-1.2655 Z0.677
X3.5462 Y-1.2577 Z0.6782
X3.5482 Y-1.242 Z0.6805
X3.5513 Y-1.2186 Z0.6845
X3.5537 Y-1.2029 Z0.6872
X3.5549 Y-1.1951 Z0.6887
X3.5572 Y-1.1795 Z0.692
X3.5599 Y-1.1638 Z0.695
X3.5613 Y-1.156 Z0.6967
X3.564 Y-1.1404 Z0.7004
X3.5685 Y-1.1169 Z0.7057
X3.5701 Y-1.1091 Z0.7076
X3.5716 Y-1.1013 Z0.7098
X3.5766 Y-1.0778 Z0.7158
X3.5784 Y-1.07 Z0.7179
X3.5801 Y-1.0622 Z0.7202
X3.5837 Y-1.0466 Z0.7248
X3.5856 Y-1.0388 Z0.727
X3.5874 Y-1.0309 Z0.7295
X3.5901 Y-1.0199 Z0.733
X3.5933 Y-1.0075 Z0.7369
X3.5953 Y-0.9997 Z0.7395
X3.5979 Y-0.9893 Z0.7431
X3.5993 Y-0.984 Z0.745
X3.6058 Y-0.9606 Z0.7533
X3.608 Y-0.9528 Z0.7562
X3.6102 Y-0.9449 Z0.7594
X3.6173 Y-0.9215 Z0.7684
X3.6197 Y-0.9137 Z0.7716
X3.6221 Y-0.9059 Z0.7748
X3.6296 Y-0.8824 Z0.7849
X3.6322 Y-0.8746 Z0.7884
X3.6374 Y-0.859 Z0.7955
X3.6428 Y-0.8433 Z0.803
X3.6455 Y-0.8355 Z0.8069
X3.654 Y-0.812 Z0.8186
X3.6569 Y-0.8042 Z0.8227
X3.6628 Y-0.7886 Z0.8311
X3.6688 Y-0.773 Z0.8399
X3.6719 Y-0.7651 Z0.8443
X3.6761 Y-0.7546 Z0.8506
X3.6846 Y-0.7339 Z0.8631
X3.6879 Y-0.7261 Z0.8679
X3.6918 Y-0.7169 Z0.8738
X3.6996 Y-0.6986 Z0.8859
X3.7083 Y-0.6791 Z0.8993
X3.7118 Y-0.6713 Z0.9048
X3.7154 Y-0.6635 Z0.9104
X3.723 Y-0.6469 Z0.9229
X3.73 Y-0.6322 Z0.9342
X3.7337 Y-0.6244 Z0.9405
X3.7387 Y-0.6141 Z0.949
X3.743 Y-0.6054 Z0.9563
X3.7421 Y-0.6051 Z0.9573
X3.4659 Z1.1639
X3.4649 Y-0.6056 Z1.164
X3.4415 Y-0.619 Z1.1655
X3.418 Y-0.6328 Z1.167
X3.393 Y-0.6479 Z1.1687
X3.368 Y-0.6635 Z1.1703
X3.3476 Y-0.6765 Z1.1718
X3.3241 Y-0.692 Z1.1735
X3.3163 Y-0.6972 Z1.174
X3.2929 Y-0.7132 Z1.1758
X3.2694 Y-0.7297 Z1.1776
X3.2459 Y-0.7468 Z1.1794
X3.2381 Y-0.7525 Z1.18
X3.2214 Y-0.7651 Z1.1813
X3.199 Y-0.7825 Z1.1833
X3.1816 Y-0.7964 Z1.1847
X3.1719 Y-0.8042 Z1.1855
X3.1599 Y-0.8142 Z1.1866
X3.1439 Y-0.8277 Z1.1881
X3.1286 Y-0.8409 Z1.1895
X3.1084 Y-0.859 Z1.1913
X3.0973 Y-0.8691 Z1.1924
X3.0895 Y-0.8763 Z1.1931
X3.0668 Y-0.898 Z1.1954
X3.0504 Y-0.9143 Z1.197
X3.0347 Y-0.9303 Z1.1987
X3.0209 Y-0.9449 Z1.2001
X3.0113 Y-0.9553 Z1.2011
X2.9956 Y-0.9727 Z1.2028
X2.98 Y-0.9908 Z1.2046
X2.9722 Y-1.0001 Z1.2055
X2.9596 Y-1.0153 Z1.2069
X2.9472 Y-1.0309 Z1.2084
X2.9409 Y-1.0392 Z1.2092
X2.9294 Y-1.0544 Z1.2105
X2.9237 Y-1.0622 Z1.2113
X2.9174 Y-1.0709 Z1.212
X2.9096 Y-1.0821 Z1.213
X2.9018 Y-1.0935 Z1.214
X2.8939 Y-1.1053 Z1.215
X2.8861 Y-1.1175 Z1.216
X2.8783 Y-1.1301 Z1.2171
X2.8705 Y-1.1431 Z1.2181
X2.8675 Y-1.1482 Z1.2186
X2.8627 Y-1.1566 Z1.2192
X2.8543 Y-1.1717 Z1.2204
X2.85 Y-1.1795 Z1.221
X2.842 Y-1.1951 Z1.2221
X2.8381 Y-1.2029 Z1.2226
X2.8306 Y-1.2186 Z1.2237
X2.827 Y-1.2264 Z1.2242
X2.8235 Y-1.2342 Z1.2248
X2.8201 Y-1.242 Z1.2252
X2.8136 Y-1.2577 Z1.2262
X2.8105 Y-1.2655 Z1.2267
X2.8076 Y-1.2733 Z1.2271
X2.8047 Y-1.2811 Z1.2276
X2.7992 Y-1.2967 Z1.2284
X2.7966 Y-1.3046 Z1.2288
X2.7917 Y-1.3202 Z1.2296
X2.7894 Y-1.328 Z1.2299
X2.7852 Y-1.3436 Z1.2306
X2.7832 Y-1.3515 Z1.2309
X2.7813 Y-1.3593 Z1.2312
X2.7795 Y-1.3671 Z1.2315
X2.7766 Y-1.3805 Z1.232
X2.7747 Y-1.3906 Z1.2323
X2.7721 Y-1.4062 Z1.2327
X2.7709 Y-1.414 Z1.2329
X2.7698 Y-1.4218 Z1.2331
X2.7688 Y-1.4301 Z1.2333
X2.768 Y-1.4375 Z1.2334
X2.7672 Y-1.4453 Z1.2335
X2.7665 Y-1.4531 Z1.2336
X2.766 Y-1.4609 Z1.2337
X2.7655 Y-1.4687 Z1.2339
X2.7651 Y-1.4765
X2.7647 Y-1.4922 Z1.234
X2.7646 Y-1.5
X2.7648 Y-1.5156
X2.7651 Y-1.5235 Z1.2339
X2.766 Y-1.5391 Z1.2337
X2.7665 Y-1.5469 Z1.2336
X2.768 Y-1.5625 Z1.2334
X2.7692 Y-1.5734 Z1.2332
X2.7709 Y-1.586 Z1.2329
X2.7734 Y-1.6016 Z1.2325
X2.7748 Y-1.6094 Z1.2323
X2.7766 Y-1.6194 Z1.232
X2.7795 Y-1.6329 Z1.2315
X2.7832 Y-1.6485 Z1.2309
X2.7852 Y-1.6564 Z1.2306
X2.7894 Y-1.672 Z1.2299
X2.7923 Y-1.6817 Z1.2295
X2.7966 Y-1.6954 Z1.2288
X2.8001 Y-1.7058 Z1.2283
X2.8047 Y-1.7189 Z1.2275
X2.8079 Y-1.7276 Z1.2271
X2.8105 Y-1.7345 Z1.2267
X2.8168 Y-1.7502 Z1.2257
X2.8201 Y-1.758 Z1.2252
X2.827 Y-1.7736 Z1.2242
X2.8314 Y-1.7831 Z1.2236
X2.8392 Y-1.7994 Z1.2224
X2.846 Y-1.8127 Z1.2215
X2.8501 Y-1.8205 Z1.2209
X2.8585 Y-1.8362 Z1.2198
X2.8629 Y-1.844 Z1.2191
X2.872 Y-1.8596 Z1.2179
X2.8816 Y-1.8752 Z1.2167
X2.8864 Y-1.8831 Z1.216
X2.8966 Y-1.8987 Z1.2147
X2.9018 Y-1.9065 Z1.214
X2.9125 Y-1.9222 Z1.2126
X2.918 Y-1.93 Z1.2119
X2.9252 Y-1.9399 Z1.2111
X2.9331 Y-1.9505 Z1.2101
X2.9412 Y-1.9612 Z1.2091
X2.9487 Y-1.9709 Z1.2082
X2.9596 Y-1.9847 Z1.2069
X2.9725 Y-2.0003 Z1.2055
X2.98 Y-2.0092 Z1.2046
X2.9956 Y-2.0273 Z1.2029
X3.0113 Y-2.0447 Z1.2011
X3.0269 Y-2.0615 Z1.1995
X3.0433 Y-2.0785 Z1.1978
X3.051 Y-2.0863 Z1.197
X3.0668 Y-2.102 Z1.1954
X3.0749 Y-2.1098 Z1.1946
X3.0895 Y-2.1236 Z1.1931
X3.1083 Y-2.141 Z1.1913
X3.1286 Y-2.1591 Z1.1894
X3.1364 Y-2.1659 Z1.1888
X3.1442 Y-2.1726 Z1.1881
X3.1599 Y-2.1858 Z1.1866
X3.1719 Y-2.1958 Z1.1856
X3.1913 Y-2.2114 Z1.1839
X3.2068 Y-2.2236 Z1.1826
X3.2225 Y-2.2357 Z1.1813
X3.2422 Y-2.2505 Z1.1797
X3.2616 Y-2.2647 Z1.1782
X3.2772 Y-2.2758 Z1.177
X3.2929 Y-2.2868 Z1.1758
X3.3163 Y-2.3028 Z1.174
X3.332 Y-2.3132 Z1.1729
X3.3476 Y-2.3234 Z1.1718
X3.3679 Y-2.3365 Z1.1703
X3.3931 Y-2.3521 Z1.1686
X3.4189 Y-2.3678 Z1.1669
X3.4415 Y-2.381 Z1.1655
X3.4649 Y-2.3944 Z1.1641
X3.4659 Y-2.3949 Z1.1639
X3.6963 Z0.9915
X3.6997 Y-2.3946 Z0.9887
X3.7008 Y-2.3944 Z0.9876
X3.7021 Y-2.3941 Z0.9862
X3.7034 Y-2.3936 Z0.9847
X3.7045 Y-2.3931 Z0.9832
X3.7067 Y-2.3919 Z0.9801
X3.7077 Y-2.3912 Z0.9785
X3.7086 Y-2.3904 Z0.9769
X3.7102 Y-2.3887 Z0.9737
X3.7116 Y-2.3868 Z0.9704
X3.7127 Y-2.3847 Z0.9671
X3.7136 Y-2.3825 Z0.9637
X3.7142 Y-2.3801 Z0.9604
X3.7146 Y-2.3776 Z0.9572
X3.7147 Y-2.375 Z0.9541
X3.7145 Y-2.3722 Z0.951
X3.7143 Y-2.3708 Z0.9496
X3.714 Y-2.3694 Z0.9481
X3.7131 Y-2.3665 Z0.9454
X3.7126 Y-2.365 Z0.9441
X3.7119 Y-2.3635 Z0.9429
X3.7065 Y-2.3521 Z0.9341
X3.6993 Y-2.3365 Z0.9224
X3.6958 Y-2.3287 Z0.9168
X3.6839 Y-2.3023 Z0.8985
X3.6761 Y-2.2841 Z0.8864
X3.6719 Y-2.2739 Z0.8799
X3.6683 Y-2.2655 Z0.8746
X3.659 Y-2.2427 Z0.8609
X3.6559 Y-2.2349 Z0.8563
X3.6498 Y-2.2192 Z0.8475
X3.6448 Y-2.2062 Z0.8403
X3.6409 Y-2.1958 Z0.8347
X3.637 Y-2.1852 Z0.8292
X3.6292 Y-2.1637 Z0.8184
X3.6241 Y-2.1489 Z0.8112
X3.6214 Y-2.1409 Z0.8074
X3.6161 Y-2.1254 Z0.8004
X3.6135 Y-2.1175 Z0.7969
X3.6057 Y-2.0931 Z0.7864
X3.6036 Y-2.0863 Z0.7835
X3.6012 Y-2.0785 Z0.7804
X3.5942 Y-2.0551 Z0.7713
X3.592 Y-2.0472 Z0.7682
X3.5898 Y-2.0394 Z0.7653
X3.5833 Y-2.016 Z0.757
X3.5812 Y-2.0081 Z0.7542
X3.5793 Y-2.0003 Z0.7515
X3.5773 Y-1.9925 Z0.7489
X3.5744 Y-1.9816 Z0.7454
X3.5733 Y-1.9769 Z0.744
X3.5714 Y-1.9691 Z0.7414
X3.5696 Y-1.9612 Z0.739
X3.5641 Y-1.9378 Z0.7322
X3.5624 Y-1.93 Z0.7299
X3.5606 Y-1.9222 Z0.7278
X3.5556 Y-1.8987 Z0.7217
X3.5541 Y-1.8909 Z0.7196
X3.5525 Y-1.8831 Z0.7177
X3.548 Y-1.8596 Z0.7124
X3.5453 Y-1.844 Z0.7087
X3.5431 Y-1.8318 Z0.7062
X3.5412 Y-1.8205 Z0.704
X3.5389 Y-1.8049 Z0.7007
X3.5377 Y-1.7971 Z0.6992
X3.5353 Y-1.7814 Z0.6965
X3.5322 Y-1.758 Z0.6925
X3.5301 Y-1.7423 Z0.6902
X3.5293 Y-1.7345 Z0.689
X3.5275 Y-1.7189 Z0.6868
X3.5266 Y-1.7111 Z0.6858
X3.5249 Y-1.6954 Z0.684
X3.5243 Y-1.6876 Z0.683
X3.5236 Y-1.6798 Z0.682
X3.5228 Y-1.672 Z0.6813
X3.5214 Y-1.6564 Z0.6799
X3.5197 Y-1.6305 Z0.6774
X3.5188 Y-1.6173 Z0.6765
X3.5184 Y-1.6094 Z0.6759
X3.5181 Y-1.6016 Z0.6754
X3.5173 Y-1.586 Z0.6745
X3.5169 Y-1.5782 Z0.6742
X3.5159 Y-1.5469 Z0.673
X3.5157 Y-1.5391 Z0.6728
X3.5156 Y-1.5235 Z0.6725
X3.5154 Y-1.5 Z0.6723
X3.5156 Y-1.4765 Z0.6725
X3.5157 Y-1.4609 Z0.6728
X3.5159 Y-1.4531 Z0.673
X3.5169 Y-1.4218 Z0.6742
X3.5173 Y-1.414 Z0.6745
X3.5181 Y-1.3984 Z0.6754
X3.5184 Y-1.3906 Z0.6759
X3.5188 Y-1.3827 Z0.6765
X3.5199 Y-1.3671 Z0.6776
X3.5214 Y-1.3436 Z0.6799
X3.5228 Y-1.328 Z0.6813
X3.5236 Y-1.3202 Z0.682
X3.5243 Y-1.3124 Z0.683
X3.5249 Y-1.3046 Z0.684
X3.5266 Y-1.2889 Z0.6858
X3.5284 Y-1.2733 Z0.6879
X3.5293 Y-1.2655 Z0.689
X3.5301 Y-1.2577 Z0.6902
X3.5322 Y-1.242 Z0.6925
X3.5353 Y-1.2185 Z0.6965
X3.5377 Y-1.2029 Z0.6992
X3.5389 Y-1.1951 Z0.7007
X3.5412 Y-1.1795 Z0.704
X3.5439 Y-1.1638 Z0.707
X3.5453 Y-1.156 Z0.7087
X3.548 Y-1.1404 Z0.7124
X3.5525 Y-1.1169 Z0.7177
X3.5541 Y-1.1091 Z0.7196
X3.5556 Y-1.1013 Z0.7217
X3.5606 Y-1.0778 Z0.7278
X3.5624 Y-1.07 Z0.7299
X3.5641 Y-1.0622 Z0.7322
X3.5696 Y-1.0388 Z0.739
X3.5714 Y-1.0309 Z0.7414
X3.5733 Y-1.0231 Z0.744
X3.5773 Y-1.0075 Z0.7489
X3.5793 Y-0.9997 Z0.7515
X3.5823 Y-0.9879 Z0.7556
X3.5833 Y-0.984 Z0.757
X3.5901 Y-0.9596 Z0.7656
X3.592 Y-0.9528 Z0.7682
X3.5942 Y-0.9449 Z0.7713
X3.6012 Y-0.9215 Z0.7804
X3.6036 Y-0.9137 Z0.7835
X3.606 Y-0.9059 Z0.7868
X3.6136 Y-0.8824 Z0.7969
X3.6161 Y-0.8746 Z0.8004
X3.6214 Y-0.859 Z0.8075
X3.6268 Y-0.8433 Z0.815
X3.6295 Y-0.8355 Z0.8188
X3.638 Y-0.812 Z0.8306
X3.6409 Y-0.8042 Z0.8347
X3.6468 Y-0.7886 Z0.8431
X3.6528 Y-0.773 Z0.8519
X3.6559 Y-0.7651 Z0.8563
X3.6605 Y-0.7537 Z0.8631
X3.6686 Y-0.7339 Z0.875
X3.6719 Y-0.7261 Z0.8799
X3.6761 Y-0.7159 Z0.8864
X3.6839 Y-0.6977 Z0.8985
X3.6958 Y-0.6713 Z0.9168
X3.6996 Y-0.6629 Z0.9229
X3.7074 Y-0.6461 Z0.9355
X3.7139 Y-0.6322 Z0.9463
X3.7198 Y-0.6198 Z0.9563
X3.7192 Y-0.6195 Z0.9571
X3.464 Z1.148
X3.463 Y-0.62 Z1.1482
X3.4493 Y-0.628 Z1.1492
X3.4415 Y-0.6326 Z1.1497
X3.416 Y-0.6479 Z1.1514
X3.3907 Y-0.6635 Z1.1533
X3.3663 Y-0.6791 Z1.1551
X3.3476 Y-0.6914 Z1.1565
X3.3398 Y-0.6965 Z1.1571
X3.3192 Y-0.7104 Z1.1588
X3.3079 Y-0.7182 Z1.1597
X3.2857 Y-0.7339 Z1.1615
X3.2642 Y-0.7495 Z1.1633
X3.2431 Y-0.7651 Z1.1651
X3.2225 Y-0.781 Z1.1669
X3.2128 Y-0.7886 Z1.1678
X3.199 Y-0.7996 Z1.1691
X3.1912 Y-0.8059 Z1.1698
X3.1743 Y-0.8199 Z1.1714
X3.1599 Y-0.8321 Z1.1728
X3.1468 Y-0.8433 Z1.174
X3.1364 Y-0.8524 Z1.1751
X3.1286 Y-0.8594 Z1.1759
X3.1119 Y-0.8746 Z1.1776
X3.1036 Y-0.8824 Z1.1785
X3.0872 Y-0.898 Z1.1802
X3.0738 Y-0.9111 Z1.1816
X3.0635 Y-0.9215 Z1.1827
X3.0504 Y-0.9349 Z1.1842
X3.0408 Y-0.9449 Z1.1853
X3.0334 Y-0.9528 Z1.1861
X3.0262 Y-0.9606 Z1.1869
X3.0121 Y-0.9762 Z1.1886
X2.9985 Y-0.9919 Z1.1902
X2.9852 Y-1.0075 Z1.1918
X2.9788 Y-1.0153 Z1.1926
X2.9722 Y-1.0235 Z1.1934
X2.9643 Y-1.0333 Z1.1944
X2.9487 Y-1.0537 Z1.1964
X2.9367 Y-1.07 Z1.198
X2.9311 Y-1.0778 Z1.1988
X2.9252 Y-1.0862 Z1.1996
X2.9149 Y-1.1013 Z1.201
X2.9096 Y-1.1093 Z1.2017
X2.9046 Y-1.1169 Z1.2024
X2.8939 Y-1.134 Z1.2039
X2.8854 Y-1.1482 Z1.2052
X2.8808 Y-1.156 Z1.2058
X2.8705 Y-1.1744 Z1.2073
X2.8635 Y-1.1873 Z1.2084
X2.8548 Y-1.2042 Z1.2097
X2.8479 Y-1.2186 Z1.2108
X2.8407 Y-1.2342 Z1.2119
X2.8372 Y-1.242 Z1.2124
X2.8306 Y-1.2577 Z1.2135
X2.8275 Y-1.2655 Z1.214
X2.8215 Y-1.2811 Z1.215
X2.8187 Y-1.2889 Z1.2154
X2.8157 Y-1.2973 Z1.2159
X2.8133 Y-1.3046 Z1.2163
X2.8083 Y-1.3202 Z1.2172
X2.806 Y-1.328 Z1.2175
X2.8038 Y-1.3358 Z1.2179
X2.7996 Y-1.3515 Z1.2187
X2.7958 Y-1.3671 Z1.2193
X2.7923 Y-1.3837 Z1.22
X2.791 Y-1.3906 Z1.2201
X2.7896 Y-1.3984 Z1.2204
X2.7871 Y-1.414 Z1.2208
X2.786 Y-1.4218 Z1.221
X2.7844 Y-1.434 Z1.2213
X2.7833 Y-1.4453 Z1.2215
X2.7826 Y-1.4531 Z1.2216
X2.782 Y-1.4609 Z1.2217
X2.7815 Y-1.4687 Z1.2219
X2.7811 Y-1.4765
X2.7807 Y-1.4922 Z1.222
X2.7806 Y-1.5
X2.7809 Y-1.5156
X2.7811 Y-1.5235 Z1.2219
X2.782 Y-1.5391 Z1.2217
X2.7826 Y-1.5469 Z1.2216
X2.7841 Y-1.5625 Z1.2214
X2.7851 Y-1.5713 Z1.2212
X2.786 Y-1.5782 Z1.221
X2.7871 Y-1.586 Z1.2208
X2.7896 Y-1.6016 Z1.2204
X2.791 Y-1.6094 Z1.2201
X2.7925 Y-1.6173 Z1.2199
X2.7959 Y-1.6329 Z1.2193
X2.7996 Y-1.6485 Z1.2186
X2.8016 Y-1.6564 Z1.2183
X2.8059 Y-1.672 Z1.2175
X2.8083 Y-1.6798 Z1.2172
X2.8133 Y-1.6954 Z1.2163
X2.8187 Y-1.7111 Z1.2154
X2.8215 Y-1.7189 Z1.215
X2.8245 Y-1.7267 Z1.2145
X2.8275 Y-1.7345 Z1.214
X2.8314 Y-1.7441 Z1.2134
X2.8339 Y-1.7502 Z1.213
X2.8372 Y-1.758 Z1.2124
X2.8407 Y-1.7658 Z1.2119
X2.847 Y-1.7796 Z1.2109
X2.8555 Y-1.7971 Z1.2096
X2.8635 Y-1.8127 Z1.2084
X2.8705 Y-1.8257 Z1.2073
X2.8783 Y-1.8397 Z1.2062
X2.8861 Y-1.8531 Z1.205
X2.8948 Y-1.8674 Z1.2038
X2.9018 Y-1.8786 Z1.2028
X2.9046 Y-1.8831 Z1.2024
X2.9149 Y-1.8987 Z1.201
X2.9202 Y-1.9065 Z1.2002
X2.9331 Y-1.925 Z1.1985
X2.9424 Y-1.9378 Z1.1973
X2.9487 Y-1.9463 Z1.1964
X2.9601 Y-1.9612 Z1.195
X2.9662 Y-1.9691 Z1.1942
X2.9725 Y-1.9769 Z1.1934
X2.98 Y-1.9862 Z1.1924
X2.9918 Y-2.0003 Z1.191
X2.9984 Y-2.0081 Z1.1902
X3.0121 Y-2.0238 Z1.1886
X3.0191 Y-2.0316 Z1.1878
X3.0269 Y-2.0402 Z1.1868
X3.0347 Y-2.0487 Z1.1859
X3.0504 Y-2.0651 Z1.1842
X3.0582 Y-2.0732 Z1.1833
X3.0712 Y-2.0863 Z1.1818
X3.0817 Y-2.0966 Z1.1808
X3.0895 Y-2.1042 Z1.1799
X3.1051 Y-2.119 Z1.1783
X3.113 Y-2.1263 Z1.1775
X3.1208 Y-2.1335 Z1.1767
X3.1291 Y-2.141 Z1.1758
X3.1468 Y-2.1567 Z1.1741
X3.1558 Y-2.1645 Z1.1732
X3.1755 Y-2.1812 Z1.1713
X3.1837 Y-2.188 Z1.1705
X3.1932 Y-2.1958 Z1.1696
X3.2146 Y-2.2129 Z1.1676
X3.2303 Y-2.225 Z1.1663
X3.2459 Y-2.237 Z1.1649
X3.2641 Y-2.2505 Z1.1633
X3.2857 Y-2.2661 Z1.1615
X3.3007 Y-2.2767 Z1.1603
X3.3163 Y-2.2876 Z1.159
X3.3398 Y-2.3035 Z1.1571
X3.3633 Y-2.3189 Z1.1553
X3.3789 Y-2.329 Z1.1542
X3.3908 Y-2.3365 Z1.1533
X3.418 Y-2.3533 Z1.1513
X3.4421 Y-2.3678 Z1.1496
X3.463 Y-2.38 Z1.1482
X3.464 Y-2.3805 Z1.1481
X3.7192 Z0.9571
X3.7198 Y-2.3802 Z0.9563
X3.7139 Y-2.3678 Z0.9463
X3.7119 Y-2.3635 Z0.9429
X3.7098 Y-2.3594 Z0.9399
X3.7074 Y-2.3552 Z0.9371
X3.7046 Y-2.3511 Z0.9345
X3.7017 Y-2.347 Z0.9322
X3.6986 Y-2.3429 Z0.93
X3.6953 Y-2.3388 Z0.928
X3.6886 Y-2.3306 Z0.9242
X3.682 Y-2.3224 Z0.9205
X3.6788 Y-2.3182 Z0.9186
X3.6757 Y-2.314 Z0.9166
X3.6728 Y-2.3097 Z0.9144
X3.6701 Y-2.3055 Z0.9121
X3.6676 Y-2.3011 Z0.9096
X3.6655 Y-2.2968 Z0.9068
X3.6605 Y-2.285 Z0.899
X3.6559 Y-2.2739 Z0.8919
X3.6525 Y-2.2661 Z0.887
X3.643 Y-2.2427 Z0.8729
X3.6398 Y-2.2349 Z0.8683
X3.6338 Y-2.2192 Z0.8594
X3.6292 Y-2.2072 Z0.8528
X3.6249 Y-2.1958 Z0.8467
X3.6214 Y-2.1862 Z0.8417
X3.6135 Y-2.1645 Z0.8308
X3.6107 Y-2.1567 Z0.827
X3.6054 Y-2.141 Z0.8195
X3.6001 Y-2.1254 Z0.8124
X3.5976 Y-2.1176 Z0.8089
X3.59 Y-2.0941 Z0.7988
X3.5876 Y-2.0863 Z0.7955
X3.5852 Y-2.0785 Z0.7924
X3.5781 Y-2.0551 Z0.7833
X3.576 Y-2.0472 Z0.7802
X3.5738 Y-2.0394 Z0.7772
X3.5673 Y-2.016 Z0.769
X3.5652 Y-2.0081 Z0.7662
X3.5633 Y-2.0003 Z0.7635
X3.5612 Y-1.9925 Z0.7609
X3.5588 Y-1.983 Z0.7579
X3.5572 Y-1.9769 Z0.756
X3.5554 Y-1.9691 Z0.7534
X3.5535 Y-1.9612 Z0.751
X3.548 Y-1.9378 Z0.7441
X3.5463 Y-1.93 Z0.7419
X3.5446 Y-1.9222 Z0.7398
X3.5396 Y-1.8987 Z0.7337
X3.5381 Y-1.8909 Z0.7316
X3.5365 Y-1.8831 Z0.7297
X3.532 Y-1.8596 Z0.7244
X3.5293 Y-1.844 Z0.7206
X3.5275 Y-1.8339 Z0.7185
X3.5252 Y-1.8205 Z0.716
X3.5228 Y-1.8049 Z0.7127
X3.5217 Y-1.7971 Z0.7112
X3.5193 Y-1.7814 Z0.7085
X3.5162 Y-1.758 Z0.7045
X3.5141 Y-1.7423 Z0.7022
X3.5133 Y-1.7345 Z0.7009
X3.5114 Y-1.7189 Z0.6988
X3.5106 Y-1.7111 Z0.6978
X3.5089 Y-1.6954 Z0.696
X3.5082 Y-1.6876 Z0.6949
X3.5075 Y-1.6798 Z0.694
X3.5068 Y-1.672 Z0.6933
X3.5054 Y-1.6564 Z0.6919
X3.5039 Y-1.6329 Z0.6896
X3.5028 Y-1.6173 Z0.6885
X3.5024 Y-1.6094 Z0.6879
X3.5021 Y-1.6016 Z0.6874
X3.5012 Y-1.586 Z0.6865
X3.5009 Y-1.5782 Z0.6862
X3.4999 Y-1.5469 Z0.685
X3.4997 Y-1.5391 Z0.6848
X3.4996 Y-1.5235 Z0.6844
X3.4993 Y-1.5 Z0.6843
X3.4996 Y-1.4765 Z0.6844
X3.4997 Y-1.4609 Z0.6848
X3.4999 Y-1.4531 Z0.685
X3.5009 Y-1.4218 Z0.6862
X3.5012 Y-1.414 Z0.6865
X3.5021 Y-1.3984 Z0.6874
X3.5024 Y-1.3906 Z0.6879
X3.5028 Y-1.3827 Z0.6885
X3.5039 Y-1.3671 Z0.6896
X3.5054 Y-1.3436 Z0.6919
X3.5068 Y-1.328 Z0.6933
X3.5075 Y-1.3202 Z0.694
X3.5082 Y-1.3124 Z0.6949
X3.5089 Y-1.3046 Z0.696
X3.5106 Y-1.2889 Z0.6978
X3.5124 Y-1.2733 Z0.6998
X3.5133 Y-1.2655 Z0.7009
X3.5141 Y-1.2577 Z0.7022
X3.5162 Y-1.242 Z0.7045
X3.5197 Y-1.2158 Z0.7089
X3.5217 Y-1.2029 Z0.7112
X3.5228 Y-1.1951 Z0.7127
X3.5252 Y-1.1795 Z0.716
X3.5279 Y-1.1638 Z0.719
X3.5293 Y-1.156 Z0.7206
X3.532 Y-1.1404 Z0.7244
X3.5365 Y-1.1169 Z0.7297
X3.5381 Y-1.1091 Z0.7316
X3.5396 Y-1.1013 Z0.7337
X3.5446 Y-1.0778 Z0.7398
X3.5463 Y-1.07 Z0.7419
X3.548 Y-1.0622 Z0.7441
X3.5535 Y-1.0388 Z0.751
X3.5554 Y-1.0309 Z0.7534
X3.5572 Y-1.0231 Z0.756
X3.5592 Y-1.0153 Z0.7584
X3.5612 Y-1.0075 Z0.7609
X3.5633 Y-0.9997 Z0.7635
X3.5652 Y-0.9919 Z0.7662
X3.5673 Y-0.984 Z0.769
X3.5738 Y-0.9606 Z0.7772
X3.576 Y-0.9528 Z0.7802
X3.5781 Y-0.9449 Z0.7833
X3.5852 Y-0.9215 Z0.7924
X3.5876 Y-0.9137 Z0.7955
X3.5901 Y-0.9057 Z0.7989
X3.5979 Y-0.8814 Z0.8093
X3.6001 Y-0.8746 Z0.8124
X3.6057 Y-0.858 Z0.8199
X3.6107 Y-0.8433 Z0.827
X3.6135 Y-0.8353 Z0.8309
X3.6214 Y-0.8138 Z0.8417
X3.6249 Y-0.8042 Z0.8467
X3.6308 Y-0.7886 Z0.8551
X3.637 Y-0.7724 Z0.8642
X3.6398 Y-0.7651 Z0.8683
X3.6448 Y-0.7527 Z0.8757
X3.6527 Y-0.7336 Z0.8872
X3.6591 Y-0.7182 Z0.8969
X3.6624 Y-0.7104 Z0.902
X3.6692 Y-0.6948 Z0.9124
X3.6797 Y-0.6713 Z0.9288
X3.6839 Y-0.6621 Z0.9355
X3.6905 Y-0.6479 Z0.9461
X3.6968 Y-0.6344 Z0.9566
X3.6957 Y-0.6342 Z0.9577
X3.462 Z1.1325
X3.4493 Y-0.6418 Z1.1335
X3.4392 Y-0.6479 Z1.1341
X3.4102 Y-0.6657 Z1.1364
X3.3945 Y-0.6756 Z1.1377
X3.3711 Y-0.6908 Z1.1395
X3.3554 Y-0.7011 Z1.1408
X3.332 Y-0.717 Z1.1428
X3.3163 Y-0.7279 Z1.1442
X3.3079 Y-0.7339 Z1.1449
X3.285 Y-0.7503 Z1.1469
X3.265 Y-0.7651 Z1.1487
X3.2537 Y-0.7737 Z1.1498
X3.2381 Y-0.7857 Z1.1513
X3.2146 Y-0.8042 Z1.1536
X3.1956 Y-0.8199 Z1.1554
X3.1769 Y-0.8355 Z1.1574
X3.1599 Y-0.8503 Z1.1591
X3.15 Y-0.859 Z1.1602
X3.1364 Y-0.8712 Z1.1617
X3.1286 Y-0.8783 Z1.1625
X3.113 Y-0.8929 Z1.1643
X3.0995 Y-0.9059 Z1.1658
X3.0895 Y-0.9156 Z1.1669
X3.0738 Y-0.9314 Z1.1688
X3.0607 Y-0.9449 Z1.1703
X3.0504 Y-0.9559 Z1.1715
X3.0347 Y-0.9729 Z1.1735
X3.018 Y-0.9919 Z1.1756
X3.0046 Y-1.0075 Z1.1773
X2.9956 Y-1.0182 Z1.1785
X2.9853 Y-1.0309 Z1.1799
X2.9792 Y-1.0388 Z1.1807
X2.9671 Y-1.0544 Z1.1824
X2.9554 Y-1.07 Z1.184
X2.9487 Y-1.0793 Z1.185
X2.9387 Y-1.0935 Z1.1864
X2.9281 Y-1.1091 Z1.188
X2.9229 Y-1.1169 Z1.1887
X2.9129 Y-1.1326 Z1.1902
X2.9081 Y-1.1404 Z1.191
X2.8987 Y-1.156 Z1.1924
X2.8939 Y-1.1642 Z1.1932
X2.8854 Y-1.1795 Z1.1945
X2.8783 Y-1.1926 Z1.1957
X2.873 Y-1.2029 Z1.1965
X2.8691 Y-1.2107 Z1.1972
X2.8652 Y-1.2186 Z1.1978
X2.8579 Y-1.2342 Z1.199
X2.8544 Y-1.242 Z1.1996
X2.847 Y-1.2592 Z1.2009
X2.8445 Y-1.2655 Z1.2013
X2.8392 Y-1.2789 Z1.2022
X2.8355 Y-1.2889 Z1.2028
X2.83 Y-1.3046 Z1.2038
X2.8274 Y-1.3124 Z1.2043
X2.8225 Y-1.328 Z1.2051
X2.8203 Y-1.3358 Z1.2056
X2.8181 Y-1.3436 Z1.206
X2.8157 Y-1.3525 Z1.2064
X2.8141 Y-1.3593 Z1.2067
X2.8122 Y-1.3671 Z1.207
X2.8104 Y-1.3749 Z1.2074
X2.8079 Y-1.3868 Z1.2079
X2.8072 Y-1.3906 Z1.208
X2.8045 Y-1.4062 Z1.2085
X2.8032 Y-1.414 Z1.2087
X2.8021 Y-1.4218 Z1.209
X2.8011 Y-1.4296 Z1.2091
X2.8001 Y-1.4382 Z1.2093
X2.7987 Y-1.4531 Z1.2096
X2.7981 Y-1.4609 Z1.2097
X2.7976 Y-1.4687 Z1.2099
X2.7972 Y-1.4765
X2.7967 Y-1.4922 Z1.2101
Y-1.5 Z1.21
X2.7969 Y-1.5156
X2.7972 Y-1.5235 Z1.2099
X2.7981 Y-1.5391 Z1.2097
X2.7987 Y-1.5469 Z1.2096
X2.8002 Y-1.5625 Z1.2093
X2.8011 Y-1.5704 Z1.2091
X2.8021 Y-1.5782 Z1.209
X2.8032 Y-1.586 Z1.2087
X2.8058 Y-1.6016 Z1.2082
X2.8079 Y-1.6131 Z1.2079
X2.8105 Y-1.6251 Z1.2074
X2.8122 Y-1.6329 Z1.207
X2.8157 Y-1.6475 Z1.2064
X2.8181 Y-1.6564 Z1.206
X2.8203 Y-1.6642 Z1.2056
X2.8236 Y-1.6754 Z1.205
X2.8274 Y-1.6876 Z1.2043
X2.8314 Y-1.6995 Z1.2036
X2.8355 Y-1.7111 Z1.2028
X2.8392 Y-1.721 Z1.2022
X2.8445 Y-1.7345 Z1.2013
X2.8477 Y-1.7423 Z1.2007
X2.8548 Y-1.759 Z1.1995
X2.8615 Y-1.7736 Z1.1984
X2.8652 Y-1.7814 Z1.1978
X2.8705 Y-1.7921 Z1.1969
X2.877 Y-1.8049 Z1.1959
X2.8854 Y-1.8205 Z1.1945
X2.8942 Y-1.8362 Z1.1931
X2.8987 Y-1.844 Z1.1924
X2.9096 Y-1.8621 Z1.1908
X2.9174 Y-1.8745 Z1.1896
X2.9252 Y-1.8866 Z1.1884
X2.9333 Y-1.8987 Z1.1872
X2.9442 Y-1.9143 Z1.1856
X2.9497 Y-1.9222 Z1.1848
X2.9565 Y-1.9315 Z1.1839
X2.967 Y-1.9456 Z1.1824
X2.98 Y-1.9623 Z1.1806
X2.9878 Y-1.9721 Z1.1796
X2.998 Y-1.9847 Z1.1782
X3.0113 Y-2.0004 Z1.1765
X3.0191 Y-2.0095 Z1.1755
X3.0318 Y-2.0238 Z1.1739
X3.0426 Y-2.0357 Z1.1725
X3.0533 Y-2.0472 Z1.1712
X3.0683 Y-2.0629 Z1.1694
X3.0837 Y-2.0785 Z1.1676
X3.0915 Y-2.0863 Z1.1667
X3.1076 Y-2.102 Z1.1648
X3.1242 Y-2.1176 Z1.163
X3.1286 Y-2.1217 Z1.1625
X3.1521 Y-2.1429 Z1.16
X3.1678 Y-2.1567 Z1.1583
X3.1862 Y-2.1723 Z1.1564
X3.199 Y-2.183 Z1.1551
X3.2147 Y-2.1958 Z1.1535
X3.2344 Y-2.2114 Z1.1516
X3.2459 Y-2.2203 Z1.1505
X3.265 Y-2.2349 Z1.1487
X3.2772 Y-2.244 Z1.1476
X3.3007 Y-2.261 Z1.1455
X3.3085 Y-2.2666 Z1.1448
X3.332 Y-2.283 Z1.1428
X3.3476 Y-2.2936 Z1.1415
X3.365 Y-2.3052 Z1.14
X3.3789 Y-2.3143 Z1.1389
X3.3945 Y-2.3244 Z1.1376
X3.4137 Y-2.3365 Z1.1361
X3.4391 Y-2.3521 Z1.1342
X3.462 Y-2.3658 Z1.1325
X3.4649 Z1.1303
X3.6962 Z0.9573
X3.6968 Y-2.3655 Z0.9565
X3.6905 Y-2.3521 Z0.9461
X3.6833 Y-2.3365 Z0.9344
X3.6797 Y-2.3287 Z0.9288
X3.6683 Y-2.3032 Z0.911
X3.6655 Y-2.2968 Z0.9068
X3.6635 Y-2.2924 Z0.904
X3.6611 Y-2.2881 Z0.9016
X3.6584 Y-2.2837 Z0.8993
X3.6556 Y-2.2794 Z0.8973
X3.6526 Y-2.2751 Z0.8955
X3.6494 Y-2.2708 Z0.8938
X3.6429 Y-2.2622 Z0.8906
X3.6365 Y-2.2535 Z0.8875
X3.6334 Y-2.2491 Z0.8859
X3.6304 Y-2.2447 Z0.8842
X3.6276 Y-2.2403 Z0.8823
X3.6249 Y-2.2358 Z0.8803
X3.6226 Y-2.2313 Z0.8781
X3.6206 Y-2.2267 Z0.8756
X3.6148 Y-2.2114 Z0.8671
X3.6088 Y-2.1958 Z0.8587
X3.6057 Y-2.1873 Z0.8542
X3.6003 Y-2.1723 Z0.8467
X3.5975 Y-2.1645 Z0.8428
X3.5947 Y-2.1567 Z0.839
X3.5894 Y-2.141 Z0.8315
X3.5841 Y-2.1254 Z0.8243
X3.5816 Y-2.1176 Z0.8209
X3.574 Y-2.0941 Z0.8108
X3.5716 Y-2.0863 Z0.8075
X3.5692 Y-2.0785 Z0.8044
X3.5621 Y-2.0551 Z0.7953
X3.5588 Y-2.0431 Z0.7906
X3.5578 Y-2.0394 Z0.7892
X3.551 Y-2.0149 Z0.7806
X3.5492 Y-2.0081 Z0.7782
X3.5472 Y-2.0003 Z0.7755
X3.5452 Y-1.9925 Z0.7729
X3.5431 Y-1.9845 Z0.7703
X3.5412 Y-1.9769 Z0.7679
X3.5394 Y-1.9691 Z0.7654
X3.5375 Y-1.9612 Z0.763
X3.532 Y-1.9378 Z0.7561
X3.5303 Y-1.93 Z0.7539
X3.5275 Y-1.9172 Z0.7505
X3.5236 Y-1.8987 Z0.7457
X3.5221 Y-1.8909 Z0.7436
X3.5197 Y-1.879 Z0.7407
X3.516 Y-1.8596 Z0.7363
X3.5133 Y-1.844 Z0.7326
X3.5119 Y-1.836 Z0.7309
X3.5092 Y-1.8205 Z0.7279
X3.5068 Y-1.8049 Z0.7247
X3.5056 Y-1.7971 Z0.7232
X3.5033 Y-1.7814 Z0.7205
X3.5001 Y-1.758 Z0.7165
X3.4981 Y-1.7423 Z0.7142
X3.4972 Y-1.7345 Z0.7129
X3.4962 Y-1.7254 Z0.7116
X3.4945 Y-1.7111 Z0.7098
X3.4929 Y-1.6954 Z0.7079
X3.4922 Y-1.6876 Z0.7069
X3.4915 Y-1.6798 Z0.706
X3.4907 Y-1.672 Z0.7052
X3.4894 Y-1.6564 Z0.7039
X3.4878 Y-1.6329 Z0.7016
X3.4868 Y-1.6173 Z0.7005
X3.4864 Y-1.6094 Z0.6999
X3.486 Y-1.6016 Z0.6994
X3.4852 Y-1.586 Z0.6985
X3.4849 Y-1.5782 Z0.6982
X3.4839 Y-1.5469 Z0.697
X3.4837 Y-1.5391 Z0.6968
X3.4836 Y-1.5235 Z0.6964
X3.4833 Y-1.5 Z0.6963
X3.4836 Y-1.4765 Z0.6964
X3.4837 Y-1.4609 Z0.6968
X3.4839 Y-1.4531 Z0.697
X3.4849 Y-1.4218 Z0.6982
X3.4852 Y-1.414 Z0.6985
X3.486 Y-1.3984 Z0.6994
X3.4864 Y-1.3906 Z0.6999
X3.4868 Y-1.3827 Z0.7005
X3.4878 Y-1.3671 Z0.7016
X3.4894 Y-1.3436 Z0.7039
X3.4907 Y-1.328 Z0.7052
X3.4915 Y-1.3202 Z0.706
X3.4922 Y-1.3124 Z0.7069
X3.4929 Y-1.3046 Z0.7079
X3.4945 Y-1.2889 Z0.7098
X3.4964 Y-1.2733 Z0.7118
X3.4972 Y-1.2655 Z0.7129
X3.4981 Y-1.2577 Z0.7142
X3.5001 Y-1.242 Z0.7165
X3.5033 Y-1.2186 Z0.7205
X3.5056 Y-1.2029 Z0.7232
X3.5068 Y-1.1951 Z0.7247
X3.5092 Y-1.1795 Z0.7279
X3.5119 Y-1.1638 Z0.731
X3.5133 Y-1.156 Z0.7326
X3.516 Y-1.1404 Z0.7363
X3.5205 Y-1.1169 Z0.7417
X3.5221 Y-1.1091 Z0.7436
X3.5236 Y-1.1013 Z0.7457
X3.5275 Y-1.0828 Z0.7505
X3.5303 Y-1.07 Z0.7539
X3.532 Y-1.0622 Z0.7561
X3.5375 Y-1.0388 Z0.763
X3.5394 Y-1.0309 Z0.7654
X3.5412 Y-1.0231 Z0.7679
X3.5432 Y-1.0153 Z0.7704
X3.5452 Y-1.0075 Z0.7729
X3.5472 Y-0.9997 Z0.7755
X3.5492 Y-0.9919 Z0.7782
X3.5512 Y-0.984 Z0.781
X3.5578 Y-0.9606 Z0.7892
X3.5599 Y-0.9528 Z0.7922
X3.5621 Y-0.9449 Z0.7953
X3.5692 Y-0.9215 Z0.8044
X3.5716 Y-0.9137 Z0.8075
X3.5744 Y-0.9045 Z0.8113
X3.5823 Y-0.8803 Z0.8218
X3.5868 Y-0.8668 Z0.8279
X3.5901 Y-0.857 Z0.8324
X3.5947 Y-0.8433 Z0.839
X3.5979 Y-0.8343 Z0.8434
X3.6032 Y-0.8199 Z0.8506
X3.606 Y-0.812 Z0.8546
X3.6088 Y-0.8042 Z0.8587
X3.6148 Y-0.7886 Z0.8671
X3.6214 Y-0.7714 Z0.8767
X3.6238 Y-0.7651 Z0.8803
X3.6269 Y-0.7573 Z0.8849
X3.637 Y-0.7327 Z0.8997
X3.6431 Y-0.7182 Z0.9089
X3.6464 Y-0.7104 Z0.914
X3.6532 Y-0.6948 Z0.9244
X3.6637 Y-0.6713 Z0.9408
X3.6683 Y-0.6613 Z0.9481
X3.6738 Y-0.6492 Z0.9571
X3.6733 Y-0.649 Z0.9577
X3.461 Z1.1165
X3.4571 Y-0.651 Z1.1173
X3.4336 Y-0.6654 Z1.1191
X3.4119 Y-0.6791 Z1.121
X3.3997 Y-0.687 Z1.122
X3.3867 Y-0.6954 Z1.1231
X3.3711 Y-0.7058 Z1.1245
X3.3527 Y-0.7182 Z1.1261
X3.332 Y-0.7326 Z1.128
X3.3083 Y-0.7495 Z1.1303
X3.2929 Y-0.7608 Z1.1317
X3.285 Y-0.7666 Z1.1325
X3.2616 Y-0.7844 Z1.1348
X3.2363 Y-0.8042 Z1.1374
X3.2225 Y-0.8154 Z1.1389
X3.2068 Y-0.8283 Z1.1405
X3.189 Y-0.8433 Z1.1425
X3.171 Y-0.859 Z1.1445
X3.1535 Y-0.8746 Z1.1465
X3.1442 Y-0.8831 Z1.1476
X3.1282 Y-0.898 Z1.1495
X3.12 Y-0.9059 Z1.1505
X3.1119 Y-0.9137 Z1.1514
X3.0961 Y-0.9293 Z1.1534
X3.0808 Y-0.9449 Z1.1553
X3.0733 Y-0.9528 Z1.1562
X3.0659 Y-0.9606 Z1.1572
X3.0582 Y-0.9689 Z1.1582
X3.0445 Y-0.984 Z1.16
X3.0347 Y-0.9951 Z1.1613
X3.024 Y-1.0075 Z1.1628
X3.0174 Y-1.0153 Z1.1637
X3.0045 Y-1.0309 Z1.1655
X2.9956 Y-1.0421 Z1.1668
X2.986 Y-1.0544 Z1.1682
X2.9742 Y-1.07 Z1.1699
X2.9685 Y-1.0778 Z1.1708
X2.9565 Y-1.0946 Z1.1726
X2.9487 Y-1.1059 Z1.1738
X2.9409 Y-1.1175 Z1.175
X2.9311 Y-1.1326 Z1.1766
X2.9252 Y-1.1419 Z1.1776
X2.9167 Y-1.156 Z1.1789
X2.9075 Y-1.1717 Z1.1805
X2.8989 Y-1.1873 Z1.1819
X2.8939 Y-1.1964 Z1.1828
X2.8905 Y-1.2029 Z1.1834
X2.8826 Y-1.2186 Z1.1847
X2.8783 Y-1.2276 Z1.1855
X2.8716 Y-1.242 Z1.1867
X2.8682 Y-1.2498 Z1.1873
X2.8615 Y-1.2655 Z1.1885
X2.8553 Y-1.2811 Z1.1897
X2.8523 Y-1.2889 Z1.1902
X2.8467 Y-1.3046 Z1.1913
X2.8441 Y-1.3124 Z1.1918
X2.8391 Y-1.328 Z1.1927
X2.8346 Y-1.3436 Z1.1936
X2.8314 Y-1.3557 Z1.1943
X2.8286 Y-1.3671 Z1.1948
X2.8268 Y-1.3749 Z1.1952
X2.8234 Y-1.3906 Z1.1958
X2.8207 Y-1.4062 Z1.1964
X2.8194 Y-1.414 Z1.1966
X2.8183 Y-1.4218 Z1.1969
X2.8172 Y-1.4296 Z1.1971
X2.8157 Y-1.4426 Z1.1974
X2.8147 Y-1.4531 Z1.1976
X2.8141 Y-1.4609 Z1.1977
X2.8136 Y-1.4687 Z1.1979
X2.8132 Y-1.4765
X2.8127 Y-1.4922 Z1.1981
Y-1.5 Z1.198
Y-1.5078 Z1.1981
X2.8129 Y-1.5156 Z1.198
X2.8132 Y-1.5235 Z1.1979
X2.8141 Y-1.5391 Z1.1977
X2.8147 Y-1.5469 Z1.1976
X2.8163 Y-1.5625 Z1.1973
X2.8172 Y-1.5704 Z1.1971
X2.8183 Y-1.5782 Z1.1969
X2.8194 Y-1.586 Z1.1966
X2.822 Y-1.6016 Z1.1961
X2.8236 Y-1.61 Z1.1958
X2.8268 Y-1.6251 Z1.1951
X2.8286 Y-1.6329 Z1.1948
X2.8314 Y-1.6443 Z1.1943
X2.8346 Y-1.6564 Z1.1936
X2.8368 Y-1.6642 Z1.1932
X2.8392 Y-1.6722 Z1.1927
X2.8441 Y-1.6876 Z1.1918
X2.847 Y-1.6962 Z1.1912
X2.8523 Y-1.7111 Z1.1902
X2.8553 Y-1.7189 Z1.1897
X2.8615 Y-1.7345 Z1.1885
X2.8682 Y-1.7502 Z1.1873
X2.8716 Y-1.758 Z1.1867
X2.8783 Y-1.7724 Z1.1855
X2.8826 Y-1.7814 Z1.1847
X2.8906 Y-1.7971 Z1.1834
X2.8947 Y-1.8049 Z1.1827
X2.9018 Y-1.818 Z1.1815
X2.9096 Y-1.8319 Z1.1801
X2.9174 Y-1.8452 Z1.1788
X2.9262 Y-1.8596 Z1.1774
X2.9362 Y-1.8752 Z1.1758
X2.9413 Y-1.8831 Z1.175
X2.9518 Y-1.8987 Z1.1733
X2.9573 Y-1.9065 Z1.1725
X2.9685 Y-1.9222 Z1.1708
X2.9742 Y-1.93 Z1.1699
X2.9801 Y-1.9378 Z1.1691
X2.9878 Y-1.9479 Z1.1679
X2.9983 Y-1.9612 Z1.1664
X3.0045 Y-1.9691 Z1.1655
X3.0191 Y-1.9867 Z1.1635
X3.0307 Y-2.0003 Z1.1619
X3.0375 Y-2.0081 Z1.1609
X3.0515 Y-2.0238 Z1.1591
X3.0587 Y-2.0316 Z1.1581
X3.0738 Y-2.0478 Z1.1562
X3.0895 Y-2.0639 Z1.1542
X3.0973 Y-2.0719 Z1.1532
X3.1051 Y-2.0796 Z1.1523
X3.113 Y-2.0873 Z1.1513
X3.1286 Y-2.1024 Z1.1494
X3.1365 Y-2.1098 Z1.1485
X3.1535 Y-2.1254 Z1.1465
X3.1677 Y-2.1382 Z1.1449
X3.18 Y-2.1489 Z1.1435
X3.1912 Y-2.1585 Z1.1422
X3.199 Y-2.1652 Z1.1414
X3.217 Y-2.1801 Z1.1394
X3.2381 Y-2.1972 Z1.1372
X3.2616 Y-2.2156 Z1.1348
X3.285 Y-2.2334 Z1.1325
X3.3007 Y-2.2449 Z1.131
X3.3192 Y-2.2583 Z1.1292
X3.332 Y-2.2674 Z1.128
X3.3527 Y-2.2818 Z1.1261
X3.3759 Y-2.2974 Z1.1241
X3.3877 Y-2.3052 Z1.123
X3.4024 Y-2.3147 Z1.1218
X3.4258 Y-2.3297 Z1.1198
X3.4367 Y-2.3365 Z1.1189
X3.4571 Y-2.349 Z1.1172
X3.461 Y-2.351 Z1.1165
X3.6733 Z0.9577
X3.6738 Y-2.3508 Z0.9571
X3.6672 Y-2.3365 Z0.9464
X3.6637 Y-2.3287 Z0.9408
X3.6527 Y-2.304 Z0.9236
X3.6448 Y-2.2859 Z0.9115
X3.6398 Y-2.2739 Z0.9039
X3.6365 Y-2.2661 Z0.899
X3.6269 Y-2.2427 Z0.8849
X3.6238 Y-2.2349 Z0.8803
X3.6206 Y-2.2267 Z0.8756
X3.6187 Y-2.2221 Z0.8732
X3.6164 Y-2.2175 Z0.871
X3.6138 Y-2.213 Z0.8691
X3.6111 Y-2.2084 Z0.8674
X3.6081 Y-2.2039 Z0.8659
X3.6051 Y-2.1994 Z0.8645
X3.5988 Y-2.1905 Z0.862
X3.5926 Y-2.1815 Z0.8595
X3.5897 Y-2.1769 Z0.8582
X3.5868 Y-2.1723 Z0.8568
X3.5841 Y-2.1677 Z0.8552
X3.5816 Y-2.163 Z0.8535
X3.5794 Y-2.1582 Z0.8516
X3.5776 Y-2.1535 Z0.8494
X3.5734 Y-2.141 Z0.8434
X3.5681 Y-2.1254 Z0.8363
X3.5655 Y-2.1176 Z0.8329
X3.558 Y-2.0941 Z0.8228
X3.5556 Y-2.0863 Z0.8195
X3.5532 Y-2.0785 Z0.8163
X3.5461 Y-2.0551 Z0.8073
X3.5431 Y-2.0444 Z0.8031
X3.5418 Y-2.0394 Z0.8012
X3.5352 Y-2.016 Z0.793
X3.5332 Y-2.0081 Z0.7901
X3.5312 Y-2.0003 Z0.7874
X3.5292 Y-1.9925 Z0.7848
X3.5272 Y-1.9847 Z0.7824
X3.5252 Y-1.9769 Z0.7799
X3.5234 Y-1.9691 Z0.7774
X3.5215 Y-1.9612 Z0.775
X3.5178 Y-1.9456 Z0.7704
X3.516 Y-1.9378 Z0.7681
X3.5143 Y-1.93 Z0.7659
X3.5119 Y-1.9189 Z0.7629
X3.5076 Y-1.8987 Z0.7577
X3.506 Y-1.8909 Z0.7556
X3.504 Y-1.8808 Z0.7531
X3.4999 Y-1.8596 Z0.7483
X3.4973 Y-1.844 Z0.7446
X3.4959 Y-1.8362 Z0.743
X3.4932 Y-1.8205 Z0.7399
X3.4908 Y-1.8049 Z0.7367
X3.4896 Y-1.7971 Z0.7352
X3.4873 Y-1.7814 Z0.7324
X3.4841 Y-1.758 Z0.7284
X3.4821 Y-1.7423 Z0.7261
X3.4812 Y-1.7345 Z0.7249
X3.4794 Y-1.7189 Z0.7227
X3.4777 Y-1.7033 Z0.7209
X3.4769 Y-1.6954 Z0.7199
X3.4762 Y-1.6876 Z0.7189
X3.4755 Y-1.6798 Z0.718
X3.4747 Y-1.672 Z0.7172
X3.4734 Y-1.6564 Z0.7158
X3.4718 Y-1.6329 Z0.7136
X3.4708 Y-1.6173 Z0.7125
X3.4704 Y-1.6094 Z0.7119
X3.47 Y-1.6016 Z0.7113
X3.4692 Y-1.586 Z0.7105
X3.4689 Y-1.5782 Z0.7101
X3.4679 Y-1.5469 Z0.7089
X3.4677 Y-1.5391 Z0.7088
X3.4675 Y-1.5235 Z0.7084
X3.4673 Y-1.5 Z0.7083
X3.4675 Y-1.4765 Z0.7084
X3.4677 Y-1.4609 Z0.7088
X3.4679 Y-1.4531 Z0.7089
X3.4689 Y-1.4218 Z0.7101
X3.4692 Y-1.414 Z0.7105
X3.47 Y-1.3984 Z0.7113
X3.4704 Y-1.3906 Z0.7119
X3.4708 Y-1.3827 Z0.7125
X3.4718 Y-1.3671 Z0.7136
X3.4734 Y-1.3436 Z0.7158
X3.4747 Y-1.328 Z0.7172
X3.4755 Y-1.3202 Z0.718
X3.4762 Y-1.3124 Z0.7189
X3.4769 Y-1.3046 Z0.7199
X3.4785 Y-1.2889 Z0.7218
X3.4804 Y-1.2733 Z0.7238
X3.4812 Y-1.2655 Z0.7249
X3.4821 Y-1.2577 Z0.7261
X3.4841 Y-1.242 Z0.7284
X3.4873 Y-1.2186 Z0.7324
X3.4896 Y-1.2029 Z0.7352
X3.4908 Y-1.1951 Z0.7367
X3.4932 Y-1.1795 Z0.7399
X3.4962 Y-1.1619 Z0.7434
X3.4973 Y-1.156 Z0.7446
X3.4999 Y-1.1404 Z0.7483
X3.5045 Y-1.1169 Z0.7536
X3.506 Y-1.1091 Z0.7556
X3.5076 Y-1.1013 Z0.7577
X3.5126 Y-1.0778 Z0.7637
X3.5143 Y-1.07 Z0.7659
X3.516 Y-1.0622 Z0.7681
X3.5197 Y-1.0464 Z0.7727
X3.5215 Y-1.0388 Z0.775
X3.5234 Y-1.0309 Z0.7774
X3.5252 Y-1.0231 Z0.7799
X3.5275 Y-1.014 Z0.7828
X3.5292 Y-1.0075 Z0.7848
X3.5312 Y-0.9997 Z0.7874
X3.5332 Y-0.9919 Z0.7901
X3.5353 Y-0.9837 Z0.7931
X3.5418 Y-0.9606 Z0.8012
X3.5439 Y-0.9528 Z0.8042
X3.5461 Y-0.9449 Z0.8073
X3.5532 Y-0.9215 Z0.8163
X3.5556 Y-0.9137 Z0.8195
X3.5588 Y-0.9034 Z0.8238
X3.5666 Y-0.8791 Z0.8343
X3.5708 Y-0.8668 Z0.8399
X3.5744 Y-0.8559 Z0.8449
X3.5787 Y-0.8433 Z0.851
X3.5823 Y-0.8333 Z0.8559
X3.5871 Y-0.8199 Z0.8626
X3.5901 Y-0.8117 Z0.8667
X3.5928 Y-0.8042 Z0.8706
X3.5988 Y-0.7886 Z0.8791
X3.6048 Y-0.773 Z0.8878
X3.6078 Y-0.7651 Z0.8923
X3.6109 Y-0.7573 Z0.8969
X3.6214 Y-0.7318 Z0.9123
X3.6271 Y-0.7182 Z0.9209
X3.6304 Y-0.7104 Z0.926
X3.6372 Y-0.6948 Z0.9364
X3.6477 Y-0.6713 Z0.9528
X3.6508 Y-0.6645 Z0.9577
X3.6499 Y-0.6641 Z0.9588
X3.4591 Z1.1015
X3.4571 Y-0.6652 Z1.1018
X3.4336 Y-0.68 Z1.1039
X3.418 Y-0.69 Z1.1053
X3.4024 Y-0.7001 Z1.1067
X3.3789 Y-0.7158 Z1.1089
X3.3554 Y-0.7319 Z1.1111
X3.3398 Y-0.7429 Z1.1127
X3.3198 Y-0.7573 Z1.1147
X3.3085 Y-0.7656 Z1.1158
X3.285 Y-0.7832 Z1.1183
X3.2679 Y-0.7964 Z1.1201
X3.2537 Y-0.8076 Z1.1216
X3.2381 Y-0.8202 Z1.1234
X3.229 Y-0.8277 Z1.1244
X3.2146 Y-0.8396 Z1.126
X3.1921 Y-0.859 Z1.1287
X3.1745 Y-0.8746 Z1.1308
X3.1658 Y-0.8824 Z1.1319
X3.1521 Y-0.8951 Z1.1336
X3.1364 Y-0.9099 Z1.1356
X3.1286 Y-0.9174 Z1.1366
X3.113 Y-0.9329 Z1.1386
X3.101 Y-0.9449 Z1.1402
X3.0895 Y-0.9569 Z1.1417
X3.0738 Y-0.9736 Z1.1439
X3.0582 Y-0.9908 Z1.1461
X3.0504 Y-0.9997 Z1.1472
X3.0369 Y-1.0153 Z1.1491
X3.0239 Y-1.0309 Z1.1511
X3.0175 Y-1.0388 Z1.152
X3.0051 Y-1.0544 Z1.1539
X2.9931 Y-1.07 Z1.1558
X2.9873 Y-1.0778 Z1.1567
X2.98 Y-1.0879 Z1.1579
X2.9704 Y-1.1013 Z1.1594
X2.9643 Y-1.1101 Z1.1604
X2.9565 Y-1.1218 Z1.1617
X2.9487 Y-1.1337 Z1.1631
X2.9409 Y-1.146 Z1.1644
X2.9331 Y-1.1588 Z1.1657
X2.9252 Y-1.1721 Z1.1671
X2.921 Y-1.1795 Z1.1679
X2.9124 Y-1.1951 Z1.1694
X2.9082 Y-1.2029 Z1.1702
X2.9041 Y-1.2107 Z1.1709
X2.9001 Y-1.2186 Z1.1716
X2.8939 Y-1.2313 Z1.1728
X2.8889 Y-1.242 Z1.1738
X2.8819 Y-1.2577 Z1.1751
X2.8783 Y-1.2662 Z1.1758
X2.8722 Y-1.2811 Z1.177
X2.8692 Y-1.2889 Z1.1776
X2.8635 Y-1.3046 Z1.1787
X2.8608 Y-1.3124 Z1.1793
X2.8583 Y-1.3202 Z1.1798
X2.8548 Y-1.3311 Z1.1805
X2.8511 Y-1.3436 Z1.1812
X2.849 Y-1.3515 Z1.1817
X2.8469 Y-1.3593 Z1.1821
X2.845 Y-1.3671 Z1.1825
X2.8431 Y-1.3749 Z1.1829
X2.8392 Y-1.3932 Z1.1838
X2.8369 Y-1.4062 Z1.1843
X2.8356 Y-1.414 Z1.1845
X2.8344 Y-1.4218 Z1.1848
X2.8333 Y-1.4296 Z1.185
X2.8324 Y-1.4375 Z1.1852
X2.8314 Y-1.4471 Z1.1855
X2.8308 Y-1.4531 Z1.1856
X2.8302 Y-1.4609 Z1.1857
X2.8297 Y-1.4687 Z1.1858
X2.8292 Y-1.4765 Z1.1859
X2.8287 Y-1.4922 Z1.1861
Y-1.5 Z1.186
X2.8288 Y-1.5078 Z1.1861
X2.8289 Y-1.5156 Z1.186
X2.8292 Y-1.5235 Z1.1859
X2.8297 Y-1.5313 Z1.1858
X2.8302 Y-1.5391 Z1.1857
X2.8314 Y-1.5529 Z1.1855
X2.8328 Y-1.5656 Z1.1851
X2.8333 Y-1.5704 Z1.185
X2.8344 Y-1.5782 Z1.1848
X2.8356 Y-1.586 Z1.1845
X2.8383 Y-1.6016 Z1.184
X2.8392 Y-1.6067 Z1.1838
X2.8432 Y-1.6251 Z1.1829
X2.845 Y-1.6329 Z1.1825
X2.847 Y-1.6411 Z1.1821
X2.8511 Y-1.6564 Z1.1813
X2.8548 Y-1.669 Z1.1805
X2.8583 Y-1.6798 Z1.1798
X2.8627 Y-1.6929 Z1.1789
X2.8664 Y-1.7033 Z1.1782
X2.8705 Y-1.7143 Z1.1773
X2.8754 Y-1.7267 Z1.1764
X2.8786 Y-1.7345 Z1.1757
X2.8819 Y-1.7423 Z1.1751
X2.8861 Y-1.7519 Z1.1743
X2.8889 Y-1.758 Z1.1738
X2.8963 Y-1.7736 Z1.1724
X2.9018 Y-1.7846 Z1.1714
X2.9096 Y-1.7998 Z1.1699
X2.9166 Y-1.8127 Z1.1687
X2.9255 Y-1.8283 Z1.1671
X2.9347 Y-1.844 Z1.1654
X2.9445 Y-1.8596 Z1.1638
X2.9545 Y-1.8752 Z1.1621
X2.9597 Y-1.8831 Z1.1612
X2.9704 Y-1.8987 Z1.1594
X2.9816 Y-1.9143 Z1.1576
X2.9878 Y-1.9228 Z1.1566
X2.9991 Y-1.9378 Z1.1549
X3.0051 Y-1.9456 Z1.1539
X3.0191 Y-1.9632 Z1.1518
X3.0303 Y-1.9769 Z1.1501
X3.0369 Y-1.9847 Z1.1491
X3.0504 Y-2.0003 Z1.1472
X3.0582 Y-2.0092 Z1.1461
X3.0738 Y-2.0264 Z1.1439
X3.086 Y-2.0394 Z1.1422
X3.0973 Y-2.0512 Z1.1407
X3.1087 Y-2.0629 Z1.1392
X3.1208 Y-2.0749 Z1.1376
X3.1325 Y-2.0863 Z1.136
X3.1442 Y-2.0976 Z1.1346
X3.1658 Y-2.1176 Z1.1319
X3.1755 Y-2.1264 Z1.1307
X3.1921 Y-2.141 Z1.1287
X3.2102 Y-2.1567 Z1.1266
X3.2196 Y-2.1645 Z1.1255
X3.2385 Y-2.1801 Z1.1233
X3.258 Y-2.1958 Z1.1212
X3.278 Y-2.2114 Z1.119
X3.2882 Y-2.2192 Z1.118
X3.3091 Y-2.2349 Z1.1158
X3.3241 Y-2.2459 Z1.1142
X3.3476 Y-2.2626 Z1.1119
X3.3554 Y-2.2681 Z1.1111
X3.3789 Y-2.2842 Z1.1089
X3.4024 Y-2.2999 Z1.1067
X3.4227 Y-2.313 Z1.1048
X3.4473 Y-2.3287 Z1.1027
X3.4571 Y-2.3348 Z1.1018
X3.4591 Y-2.3359 Z1.1015
X3.6499 Z0.9588
X3.6508 Y-2.3356 Z0.9578
X3.6477 Y-2.3287 Z0.9528
X3.637 Y-2.3049 Z0.9362
X3.6292 Y-2.2868 Z0.9241
X3.6238 Y-2.2739 Z0.9159
X3.6205 Y-2.2661 Z0.911
X3.6109 Y-2.2427 Z0.8969
X3.6078 Y-2.2349 Z0.8923
X3.6017 Y-2.2192 Z0.8834
X3.5979 Y-2.2091 Z0.8778
X3.5928 Y-2.1958 Z0.8706
X3.59 Y-2.188 Z0.8666
X3.5871 Y-2.1801 Z0.8626
X3.5814 Y-2.1645 Z0.8548
X3.5776 Y-2.1535 Z0.8494
X3.5758 Y-2.1487 Z0.8473
X3.5737 Y-2.1439 Z0.8454
X3.5713 Y-2.1392 Z0.8438
X3.5687 Y-2.1345 Z0.8424
X3.5659 Y-2.1298 Z0.8411
X3.563 Y-2.1251 Z0.84
X3.557 Y-2.1159 Z0.8381
X3.5511 Y-2.1065 Z0.8362
X3.5482 Y-2.1018 Z0.8352
X3.5455 Y-2.0971 Z0.8341
X3.5429 Y-2.0923 Z0.8328
X3.5406 Y-2.0874 Z0.8314
X3.5386 Y-2.0825 Z0.8298
X3.5369 Y-2.0775 Z0.8279
X3.5301 Y-2.0551 Z0.8192
X3.5275 Y-2.0457 Z0.8155
X3.5258 Y-2.0394 Z0.8132
X3.5192 Y-2.016 Z0.8049
X3.5172 Y-2.0081 Z0.8021
X3.5152 Y-2.0003 Z0.7994
X3.5119 Y-1.9875 Z0.7952
X3.5092 Y-1.9769 Z0.7919
X3.5074 Y-1.9691 Z0.7894
X3.504 Y-1.9551 Z0.7851
X3.5 Y-1.9378 Z0.7801
X3.4983 Y-1.93 Z0.7779
X3.4962 Y-1.9206 Z0.7753
X3.4915 Y-1.8987 Z0.7696
X3.49 Y-1.8909 Z0.7675
X3.4884 Y-1.8827 Z0.7655
X3.4839 Y-1.8596 Z0.7603
X3.4813 Y-1.844 Z0.7566
X3.4799 Y-1.8362 Z0.7549
X3.4772 Y-1.8205 Z0.7519
X3.4748 Y-1.8049 Z0.7486
X3.4728 Y-1.7915 Z0.7462
X3.4713 Y-1.7814 Z0.7444
X3.4681 Y-1.758 Z0.7404
X3.4661 Y-1.7423 Z0.7381
X3.4649 Y-1.732 Z0.7365
X3.4634 Y-1.7189 Z0.7347
X3.4617 Y-1.7033 Z0.7328
X3.4609 Y-1.6954 Z0.7319
X3.4602 Y-1.6876 Z0.7309
X3.4595 Y-1.6798 Z0.73
X3.4587 Y-1.672 Z0.7292
X3.4574 Y-1.6564 Z0.7278
X3.4558 Y-1.6329 Z0.7256
X3.4548 Y-1.6173 Z0.7245
X3.4544 Y-1.6094 Z0.7238
X3.454 Y-1.6016 Z0.7233
X3.4532 Y-1.586 Z0.7225
X3.4528 Y-1.5782 Z0.7221
X3.4519 Y-1.5469 Z0.7209
X3.4517 Y-1.5391 Z0.7207
X3.4515 Y-1.5235 Z0.7204
X3.4513 Y-1.5 Z0.7202
X3.4515 Y-1.4765 Z0.7204
X3.4517 Y-1.4609 Z0.7207
X3.4519 Y-1.4531 Z0.7209
X3.4528 Y-1.4218 Z0.7221
X3.4532 Y-1.414 Z0.7225
X3.454 Y-1.3984 Z0.7233
X3.4544 Y-1.3906 Z0.7238
X3.4548 Y-1.3827 Z0.7245
X3.4558 Y-1.3671 Z0.7256
X3.4574 Y-1.3436 Z0.7278
X3.4587 Y-1.328 Z0.7292
X3.4595 Y-1.3202 Z0.73
X3.4602 Y-1.3124 Z0.7309
X3.4609 Y-1.3046 Z0.7319
X3.4625 Y-1.2889 Z0.7338
X3.4643 Y-1.2733 Z0.7358
X3.4652 Y-1.2655 Z0.7369
X3.4661 Y-1.2577 Z0.7381
X3.4681 Y-1.242 Z0.7404
X3.4713 Y-1.2186 Z0.7444
X3.4736 Y-1.2029 Z0.7472
X3.4748 Y-1.1951 Z0.7486
X3.4772 Y-1.1795 Z0.7519
X3.4806 Y-1.1598 Z0.7558
X3.4813 Y-1.156 Z0.7566
X3.4839 Y-1.1404 Z0.7603
X3.4885 Y-1.1169 Z0.7656
X3.49 Y-1.1091 Z0.7675
X3.4915 Y-1.1013 Z0.7696
X3.4966 Y-1.0778 Z0.7757
X3.4983 Y-1.07 Z0.7779
X3.5018 Y-1.0544 Z0.7823
X3.5055 Y-1.0388 Z0.787
X3.5074 Y-1.0309 Z0.7894
X3.5092 Y-1.0231 Z0.7919
X3.5119 Y-1.0125 Z0.7952
X3.5152 Y-0.9997 Z0.7994
X3.5172 Y-0.9919 Z0.8021
X3.5192 Y-0.984 Z0.8049
X3.5258 Y-0.9606 Z0.8132
X3.5279 Y-0.9528 Z0.8161
X3.5301 Y-0.9449 Z0.8192
X3.5372 Y-0.9215 Z0.8283
X3.5396 Y-0.9137 Z0.8314
X3.5431 Y-0.9022 Z0.8363
X3.551 Y-0.878 Z0.8467
X3.5574 Y-0.859 Z0.8554
X3.5627 Y-0.8433 Z0.8629
X3.5666 Y-0.8322 Z0.8684
X3.5739 Y-0.812 Z0.8785
X3.5768 Y-0.8042 Z0.8826
X3.5827 Y-0.7886 Z0.8911
X3.5887 Y-0.773 Z0.8998
X3.5918 Y-0.7651 Z0.9042
X3.5949 Y-0.7573 Z0.9088
X3.6045 Y-0.7339 Z0.923
X3.6078 Y-0.7261 Z0.9279
X3.6135 Y-0.7123 Z0.9367
X3.6214 Y-0.6942 Z0.9488
X3.6279 Y-0.6796 Z0.9589
X3.6272 Y-0.6794 Z0.9597
X3.4649 Z1.0811
X3.4571 Y-0.6797 Z1.0866
X3.4335 Y-0.6948 Z1.0888
X3.418 Y-0.7049 Z1.0903
X3.4024 Y-0.7153 Z1.0918
X3.3789 Y-0.7313 Z1.0941
X3.353 Y-0.7495 Z1.0969
X3.3398 Y-0.759 Z1.0982
X3.3313 Y-0.7651 Z1.0991
X3.3163 Y-0.7763 Z1.1008
X3.3 Y-0.7886 Z1.1026
X3.2772 Y-0.8062 Z1.1052
X3.2602 Y-0.8199 Z1.1071
X3.2381 Y-0.8379 Z1.1098
X3.2225 Y-0.8511 Z1.1117
X3.2133 Y-0.859 Z1.1128
X3.1955 Y-0.8746 Z1.1151
X3.1782 Y-0.8902 Z1.1173
X3.1677 Y-0.8999 Z1.1187
X3.1521 Y-0.9147 Z1.1207
X3.1364 Y-0.9299 Z1.1229
X3.1208 Y-0.9455 Z1.1251
X3.113 Y-0.9535 Z1.1261
X3.0973 Y-0.9699 Z1.1284
X3.0842 Y-0.984 Z1.1303
X3.0738 Y-0.9955 Z1.1318
X3.0582 Y-1.0133 Z1.1342
X3.0426 Y-1.0318 Z1.1366
X3.0305 Y-1.0466 Z1.1386
X3.0243 Y-1.0544 Z1.1396
X3.0182 Y-1.0622 Z1.1406
X3.0062 Y-1.0778 Z1.1425
X2.9948 Y-1.0935 Z1.1445
X2.9878 Y-1.1032 Z1.1457
X2.9783 Y-1.1169 Z1.1473
X2.9678 Y-1.1326 Z1.1492
X2.9628 Y-1.1404 Z1.1501
X2.9565 Y-1.1502 Z1.1512
X2.9529 Y-1.156 Z1.1518
X2.9435 Y-1.1717 Z1.1536
X2.9389 Y-1.1795 Z1.1545
X2.9331 Y-1.1899 Z1.1556
X2.9259 Y-1.2029 Z1.1569
X2.9174 Y-1.2191 Z1.1586
X2.9096 Y-1.235 Z1.1601
X2.9062 Y-1.242 Z1.1608
X2.8992 Y-1.2577 Z1.1622
X2.8957 Y-1.2655 Z1.1629
X2.8893 Y-1.2811 Z1.1643
X2.8861 Y-1.2891 Z1.1649
X2.8832 Y-1.2967 Z1.1655
X2.8783 Y-1.3104 Z1.1666
X2.875 Y-1.3202 Z1.1673
X2.8724 Y-1.328 Z1.1678
X2.87 Y-1.3358 Z1.1684
X2.8677 Y-1.3436 Z1.1688
X2.8655 Y-1.3515 Z1.1693
X2.8627 Y-1.3621 Z1.17
X2.8614 Y-1.3671 Z1.1702
X2.8595 Y-1.3749 Z1.1707
X2.8561 Y-1.3906 Z1.1714
X2.8545 Y-1.3984 Z1.1718
X2.8518 Y-1.414 Z1.1724
X2.8506 Y-1.4218 Z1.1727
X2.8495 Y-1.4296 Z1.1729
X2.8485 Y-1.4375 Z1.1732
X2.8476 Y-1.4453 Z1.1734
X2.8469 Y-1.4531 Z1.1736
X2.8462 Y-1.4609 Z1.1737
X2.8457 Y-1.4687 Z1.1738
X2.8453 Y-1.4765 Z1.1739
X2.8447 Y-1.4922 Z1.1741
Y-1.5
X2.8448 Y-1.5078
X2.845 Y-1.5156 Z1.174
X2.8453 Y-1.5235 Z1.1739
X2.8457 Y-1.5313 Z1.1738
X2.8462 Y-1.5391 Z1.1737
X2.847 Y-1.5484 Z1.1735
X2.8476 Y-1.5547 Z1.1734
X2.8486 Y-1.5637 Z1.1731
X2.8495 Y-1.5704 Z1.1729
X2.8506 Y-1.5782 Z1.1727
X2.8518 Y-1.586 Z1.1724
X2.8548 Y-1.6034 Z1.1717
X2.8561 Y-1.6094 Z1.1714
X2.8595 Y-1.6251 Z1.1706
X2.8614 Y-1.6329 Z1.1702
X2.8634 Y-1.6407 Z1.1698
X2.8655 Y-1.6485 Z1.1693
X2.8677 Y-1.6564 Z1.1689
X2.8705 Y-1.6657 Z1.1683
X2.8724 Y-1.672 Z1.1678
X2.8776 Y-1.6876 Z1.1667
X2.8804 Y-1.6954 Z1.1661
X2.8833 Y-1.7033 Z1.1655
X2.8862 Y-1.7111 Z1.1649
X2.8893 Y-1.7189 Z1.1642
X2.8957 Y-1.7345 Z1.1629
X2.9027 Y-1.7502 Z1.1615
X2.9063 Y-1.758 Z1.1608
X2.91 Y-1.7658 Z1.1601
X2.9177 Y-1.7814 Z1.1585
X2.9259 Y-1.7971 Z1.1569
X2.9331 Y-1.8101 Z1.1556
X2.9409 Y-1.8239 Z1.1541
X2.9487 Y-1.8371 Z1.1526
X2.9529 Y-1.844 Z1.1518
X2.9628 Y-1.8596 Z1.1501
X2.9722 Y-1.874 Z1.1484
X2.98 Y-1.8856 Z1.147
X2.9891 Y-1.8987 Z1.1454
X2.9956 Y-1.9077 Z1.1443
X3.0062 Y-1.9222 Z1.1425
X3.0121 Y-1.93 Z1.1415
X3.0191 Y-1.939 Z1.1404
X3.0269 Y-1.9489 Z1.1391
X3.0369 Y-1.9612 Z1.1376
X3.0433 Y-1.9691 Z1.1365
X3.0565 Y-1.9847 Z1.1345
X3.0701 Y-2.0003 Z1.1324
X3.0771 Y-2.0081 Z1.1313
X3.0914 Y-2.0238 Z1.1293
X3.0987 Y-2.0316 Z1.1282
X3.1137 Y-2.0472 Z1.126
X3.1213 Y-2.0551 Z1.125
X3.137 Y-2.0707 Z1.1228
X3.1531 Y-2.0863 Z1.1206
X3.1697 Y-2.102 Z1.1184
X3.1834 Y-2.1145 Z1.1166
X3.1955 Y-2.1254 Z1.115
X3.2146 Y-2.1422 Z1.1127
X3.2317 Y-2.1567 Z1.1106
X3.2459 Y-2.1685 Z1.1089
X3.2616 Y-2.1813 Z1.107
X3.2798 Y-2.1958 Z1.1049
X3.3007 Y-2.212 Z1.1025
X3.3207 Y-2.227 Z1.1003
X3.332 Y-2.2354 Z1.0991
X3.3476 Y-2.2467 Z1.0974
X3.364 Y-2.2583 Z1.0957
X3.3789 Y-2.2687 Z1.0941
X3.4024 Y-2.2847 Z1.0918
X3.4258 Y-2.3002 Z1.0895
X3.4457 Y-2.313 Z1.0876
X3.4571 Y-2.3203 Z1.0866
X3.4649 Y-2.3206 Z1.0811
X3.6272 Z0.9597
X3.6279 Y-2.3204 Z0.959
X3.6211 Y-2.3052 Z0.9484
X3.6135 Y-2.2877 Z0.9367
X3.6078 Y-2.2739 Z0.9279
X3.6045 Y-2.2661 Z0.923
X3.5949 Y-2.2427 Z0.9088
X3.5918 Y-2.2349 Z0.9042
X3.5857 Y-2.2192 Z0.8954
X3.5823 Y-2.2101 Z0.8903
X3.5768 Y-2.1958 Z0.8826
X3.5739 Y-2.188 Z0.8785
X3.5683 Y-2.1723 Z0.8707
X3.5654 Y-2.1645 Z0.8668
X3.5615 Y-2.1533 Z0.8613
X3.5574 Y-2.141 Z0.8554
X3.551 Y-2.122 Z0.8467
X3.542 Y-2.0941 Z0.8347
X3.5396 Y-2.0863 Z0.8314
X3.5369 Y-2.0775 Z0.8279
X3.5352 Y-2.0725 Z0.8261
X3.5332 Y-2.0676 Z0.8246
X3.531 Y-2.0626 Z0.8233
X3.5285 Y-2.0578 Z0.8222
X3.5259 Y-2.0529 Z0.8212
X3.5232 Y-2.0481 Z0.8204
X3.5176 Y-2.0385 Z0.819
X3.512 Y-2.0289 Z0.8176
X3.5093 Y-2.0241 Z0.8169
X3.5067 Y-2.0192 Z0.816
X3.5044 Y-2.0142 Z0.8151
X3.5022 Y-2.0092 Z0.8139
X3.5004 Y-2.0042 Z0.8125
X3.4989 Y-1.9991 Z0.811
X3.4962 Y-1.9889 Z0.8076
X3.4932 Y-1.9769 Z0.8039
X3.4913 Y-1.9691 Z0.8013
X3.4884 Y-1.9566 Z0.7976
X3.4858 Y-1.9456 Z0.7943
X3.4823 Y-1.93 Z0.7898
X3.4805 Y-1.9222 Z0.7877
X3.4755 Y-1.8987 Z0.7816
X3.474 Y-1.8909 Z0.7795
X3.4724 Y-1.8831 Z0.7776
X3.4679 Y-1.8596 Z0.7723
X3.4649 Y-1.8423 Z0.7682
X3.4625 Y-1.8283 Z0.7654
X3.4611 Y-1.8205 Z0.7639
X3.4588 Y-1.8049 Z0.7606
X3.4571 Y-1.7939 Z0.7586
X3.4552 Y-1.7814 Z0.7564
X3.4521 Y-1.758 Z0.7524
X3.4501 Y-1.7423 Z0.7501
X3.4492 Y-1.7345 Z0.7488
X3.4474 Y-1.7189 Z0.7467
X3.4457 Y-1.7033 Z0.7448
X3.4449 Y-1.6954 Z0.7439
X3.4442 Y-1.6876 Z0.7429
X3.4435 Y-1.6798 Z0.742
X3.4427 Y-1.672 Z0.7412
X3.4414 Y-1.6564 Z0.7398
X3.4398 Y-1.6329 Z0.7375
X3.4388 Y-1.6173 Z0.7364
X3.4384 Y-1.6094 Z0.7358
X3.438 Y-1.6016 Z0.7353
X3.4372 Y-1.586 Z0.7344
X3.4368 Y-1.5782 Z0.7341
X3.4361 Y-1.5547 Z0.7332
X3.4359 Y-1.5469 Z0.7329
X3.4357 Y-1.5391 Z0.7327
X3.4355 Y-1.5235 Z0.7324
X3.4353 Y-1.5 Z0.7322
X3.4355 Y-1.4765 Z0.7324
X3.4357 Y-1.4609 Z0.7327
X3.4359 Y-1.4531 Z0.7329
X3.4366 Y-1.4296 Z0.7338
X3.4368 Y-1.4218 Z0.7341
X3.4372 Y-1.414 Z0.7344
X3.438 Y-1.3984 Z0.7353
X3.4384 Y-1.3906 Z0.7358
X3.4388 Y-1.3827 Z0.7364
X3.4398 Y-1.3671 Z0.7375
X3.4415 Y-1.3424 Z0.7399
X3.4427 Y-1.328 Z0.7412
X3.4435 Y-1.3202 Z0.742
X3.4442 Y-1.3124 Z0.7429
X3.4449 Y-1.3046 Z0.7439
X3.4465 Y-1.2889 Z0.7457
X3.4483 Y-1.2733 Z0.7478
X3.4493 Y-1.2647 Z0.749
X3.4501 Y-1.2577 Z0.7501
X3.4521 Y-1.242 Z0.7524
X3.4552 Y-1.2186 Z0.7564
X3.4576 Y-1.2029 Z0.7591
X3.4588 Y-1.1951 Z0.7606
X3.4611 Y-1.1795 Z0.7639
X3.4638 Y-1.1638 Z0.7669
X3.4652 Y-1.156 Z0.7686
X3.4679 Y-1.1404 Z0.7723
X3.4724 Y-1.1169 Z0.7776
X3.474 Y-1.1091 Z0.7795
X3.4755 Y-1.1013 Z0.7816
X3.4806 Y-1.0777 Z0.7877
X3.4823 Y-1.07 Z0.7898
X3.4858 Y-1.0544 Z0.7943
X3.4895 Y-1.0388 Z0.7989
X3.4913 Y-1.0309 Z0.8013
X3.4932 Y-1.0231 Z0.8039
X3.4962 Y-1.0111 Z0.8076
X3.4992 Y-0.9997 Z0.8114
X3.5012 Y-0.9919 Z0.8141
X3.5032 Y-0.984 Z0.8169
X3.5098 Y-0.9606 Z0.8252
X3.5119 Y-0.9528 Z0.8281
X3.5141 Y-0.9449 Z0.8312
X3.5212 Y-0.9215 Z0.8403
X3.5236 Y-0.9137 Z0.8434
X3.5275 Y-0.9011 Z0.8487
X3.5353 Y-0.8769 Z0.8592
X3.5414 Y-0.859 Z0.8674
X3.5467 Y-0.8433 Z0.8749
X3.551 Y-0.8312 Z0.8809
X3.5579 Y-0.812 Z0.8905
X3.5608 Y-0.8042 Z0.8946
X3.5667 Y-0.7886 Z0.903
X3.5727 Y-0.773 Z0.9118
X3.5758 Y-0.7651 Z0.9162
X3.5789 Y-0.7573 Z0.9208
X3.5885 Y-0.7339 Z0.935
X3.5918 Y-0.7261 Z0.9399
X3.5979 Y-0.7114 Z0.9493
X3.6047 Y-0.6957 Z0.9598
X3.6049 Y-0.6952 Z0.9601
X3.6039 Y-0.6948 Z0.9613
X3.4571 Y-0.6949 Z1.071
X3.4493 Y-0.6995 Z1.0722
X3.4258 Y-0.7149 Z1.0747
X3.4024 Y-0.7307 Z1.0771
X3.3866 Y-0.7417 Z1.0788
X3.3633 Y-0.7582 Z1.0814
X3.3476 Y-0.7695 Z1.0831
X3.332 Y-0.7811 Z1.0849
X3.3163 Y-0.793 Z1.0867
X3.3007 Y-0.805 Z1.0886
X3.2819 Y-0.8199 Z1.0909
X3.2616 Y-0.8364 Z1.0934
X3.2459 Y-0.8494 Z1.0954
X3.2347 Y-0.859 Z1.0968
X3.2146 Y-0.8764 Z1.0995
X3.199 Y-0.8905 Z1.1016
X3.1822 Y-0.9059 Z1.1039
X3.1738 Y-0.9137 Z1.1051
X3.1576 Y-0.9293 Z1.1074
X3.1442 Y-0.9425 Z1.1093
X3.134 Y-0.9528 Z1.1108
X3.1208 Y-0.9664 Z1.1128
X3.1051 Y-0.9831 Z1.1152
X3.097 Y-0.9919 Z1.1164
X3.0895 Y-1.0002 Z1.1176
X3.0762 Y-1.0153 Z1.1197
X3.0628 Y-1.0309 Z1.1219
X3.0563 Y-1.0388 Z1.123
X3.0426 Y-1.0556 Z1.1253
X3.0313 Y-1.07 Z1.1272
X3.0253 Y-1.0778 Z1.1283
X3.0191 Y-1.0861 Z1.1294
X3.008 Y-1.1013 Z1.1314
X3.0024 Y-1.1091 Z1.1324
X2.9956 Y-1.1188 Z1.1336
X2.9863 Y-1.1326 Z1.1353
X2.9761 Y-1.1482 Z1.1373
X2.9711 Y-1.156 Z1.1382
X2.9643 Y-1.1671 Z1.1395
X2.9565 Y-1.1802 Z1.1411
X2.948 Y-1.1951 Z1.1428
X2.9437 Y-1.2029 Z1.1436
X2.9354 Y-1.2186 Z1.1453
X2.9313 Y-1.2264 Z1.1462
X2.9236 Y-1.242 Z1.1478
X2.92 Y-1.2498 Z1.1486
X2.913 Y-1.2655 Z1.15
X2.9096 Y-1.2733 Z1.1508
X2.9064 Y-1.2811 Z1.1515
X2.9018 Y-1.2926 Z1.1525
X2.8973 Y-1.3046 Z1.1535
X2.8939 Y-1.3138 Z1.1542
X2.8918 Y-1.3202 Z1.1547
X2.8891 Y-1.328 Z1.1553
X2.8861 Y-1.3376 Z1.156
X2.8821 Y-1.3515 Z1.157
X2.8778 Y-1.3671 Z1.1579
X2.8759 Y-1.3749 Z1.1584
X2.8724 Y-1.3906 Z1.1592
X2.8705 Y-1.3998 Z1.1597
X2.868 Y-1.414 Z1.1603
X2.8668 Y-1.4218 Z1.1606
X2.8656 Y-1.4296 Z1.1608
X2.8646 Y-1.4375 Z1.1611
X2.8637 Y-1.4453 Z1.1613
X2.8627 Y-1.456 Z1.1616
X2.8617 Y-1.4687 Z1.1618
X2.8613 Y-1.4765 Z1.1619
X2.8608 Y-1.4922 Z1.1621
X2.8607 Y-1.5
X2.8608 Y-1.5078
X2.861 Y-1.5156
X2.8613 Y-1.5235 Z1.1619
X2.8618 Y-1.5313 Z1.1618
X2.8627 Y-1.5437 Z1.1616
X2.8637 Y-1.5547 Z1.1613
X2.8646 Y-1.5625 Z1.1611
X2.8656 Y-1.5704 Z1.1608
X2.8668 Y-1.5782 Z1.1606
X2.868 Y-1.586 Z1.1602
X2.8705 Y-1.6001 Z1.1597
X2.8724 Y-1.6094 Z1.1592
X2.8759 Y-1.6251 Z1.1584
X2.8783 Y-1.6347 Z1.1578
X2.882 Y-1.6485 Z1.157
X2.8843 Y-1.6564 Z1.1564
X2.8867 Y-1.6642 Z1.1559
X2.8892 Y-1.672 Z1.1553
X2.8918 Y-1.6798 Z1.1547
X2.8945 Y-1.6876 Z1.1541
X2.8973 Y-1.6954 Z1.1535
X2.9018 Y-1.7073 Z1.1525
X2.9064 Y-1.7189 Z1.1515
X2.9096 Y-1.7267 Z1.1508
X2.9129 Y-1.7345 Z1.15
X2.9174 Y-1.7445 Z1.1491
X2.9236 Y-1.758 Z1.1478
X2.9314 Y-1.7736 Z1.1462
X2.9354 Y-1.7814 Z1.1453
X2.9437 Y-1.7971 Z1.1436
X2.9524 Y-1.8127 Z1.1419
X2.9616 Y-1.8283 Z1.1401
X2.9712 Y-1.844 Z1.1382
X2.9812 Y-1.8596 Z1.1363
X2.9916 Y-1.8752 Z1.1344
X2.9969 Y-1.8831 Z1.1334
X3.0079 Y-1.8987 Z1.1314
X3.0194 Y-1.9143 Z1.1293
X3.0269 Y-1.9243 Z1.128
X3.0374 Y-1.9378 Z1.1262
X3.0436 Y-1.9456 Z1.1251
X3.0582 Y-1.9636 Z1.1227
X3.0695 Y-1.9769 Z1.1209
X3.0762 Y-1.9847 Z1.1197
X3.09 Y-2.0003 Z1.1175
X3.0973 Y-2.0085 Z1.1164
X3.1115 Y-2.0238 Z1.1142
X3.1264 Y-2.0394 Z1.112
X3.1364 Y-2.0496 Z1.1105
X3.1521 Y-2.0652 Z1.1082
X3.1599 Y-2.0729 Z1.1071
X3.1755 Y-2.0879 Z1.1048
X3.1834 Y-2.0952 Z1.1038
X3.1912 Y-2.1024 Z1.1027
X3.2146 Y-2.1236 Z1.0995
X3.2303 Y-2.1373 Z1.0974
X3.2381 Y-2.144 Z1.0964
X3.2537 Y-2.1571 Z1.0944
X3.2694 Y-2.17 Z1.0924
X3.285 Y-2.1826 Z1.0905
X3.3017 Y-2.1958 Z1.0885
X3.3241 Y-2.213 Z1.0858
X3.3398 Y-2.2247 Z1.084
X3.3554 Y-2.2362 Z1.0822
X3.3755 Y-2.2505 Z1.08
X3.3978 Y-2.2661 Z1.0776
X3.4102 Y-2.2746 Z1.0763
X3.4258 Y-2.2851 Z1.0746
X3.4493 Y-2.3005 Z1.0722
X3.4571 Y-2.3051 Z1.071
X3.6038 Y-2.3052 Z0.9613
X3.6049 Y-2.3047 Z0.9601
X3.5983 Y-2.2896 Z0.95
X3.595 Y-2.2818 Z0.9449
X3.5901 Y-2.2699 Z0.9373
X3.5853 Y-2.2583 Z0.9302
X3.5789 Y-2.2427 Z0.9208
X3.5744 Y-2.2315 Z0.9143
X3.5697 Y-2.2192 Z0.9074
X3.5666 Y-2.2111 Z0.9029
X3.5608 Y-2.1958 Z0.8946
X3.5579 Y-2.188 Z0.8905
X3.551 Y-2.1688 Z0.8809
X3.5467 Y-2.1567 Z0.8749
X3.5414 Y-2.141 Z0.8674
X3.5388 Y-2.1332 Z0.8638
X3.5353 Y-2.1231 Z0.8592
X3.5275 Y-2.0989 Z0.8487
X3.5236 Y-2.0863 Z0.8434
X3.5197 Y-2.0735 Z0.8384
X3.5141 Y-2.0551 Z0.8312
X3.5119 Y-2.0471 Z0.8281
X3.5098 Y-2.0394 Z0.8252
X3.5032 Y-2.016 Z0.8169
X3.5012 Y-2.0081 Z0.8141
X3.4989 Y-1.9991 Z0.811
X3.4974 Y-1.9939 Z0.8094
X3.4955 Y-1.9888 Z0.8082
X3.4935 Y-1.9838 Z0.8071
X3.4912 Y-1.9788 Z0.8063
X3.4887 Y-1.9738 Z0.8057
X3.4862 Y-1.9688 Z0.8051
X3.4809 Y-1.959 Z0.8043
X3.4757 Y-1.9491 Z0.8035
X3.4732 Y-1.9441 Z0.8031
X3.4708 Y-1.9391 Z0.8025
X3.4686 Y-1.934 Z0.8018
X3.4667 Y-1.9288 Z0.801
X3.465 Y-1.9236 Z0.8
X3.4637 Y-1.9184 Z0.7987
X3.4595 Y-1.8987 Z0.7936
X3.458 Y-1.8909 Z0.7915
X3.4564 Y-1.8831 Z0.7896
X3.4519 Y-1.8596 Z0.7843
X3.4492 Y-1.844 Z0.7805
X3.4478 Y-1.8362 Z0.7789
X3.4451 Y-1.8205 Z0.7759
X3.4428 Y-1.8049 Z0.7726
X3.4415 Y-1.7963 Z0.771
X3.4392 Y-1.7814 Z0.7684
X3.4361 Y-1.758 Z0.7644
X3.4341 Y-1.7423 Z0.7621
X3.4332 Y-1.7345 Z0.7608
X3.4314 Y-1.7189 Z0.7587
X3.4297 Y-1.7033 Z0.7568
X3.4289 Y-1.6954 Z0.7558
X3.4282 Y-1.6876 Z0.7548
X3.4275 Y-1.6798 Z0.7539
X3.4267 Y-1.672 Z0.7532
X3.4253 Y-1.6564 Z0.7518
X3.4238 Y-1.6329 Z0.7495
X3.4227 Y-1.6173 Z0.7484
X3.4223 Y-1.6094 Z0.7478
X3.422 Y-1.6016 Z0.7473
X3.4212 Y-1.586 Z0.7464
X3.4208 Y-1.5782 Z0.7461
X3.4201 Y-1.5547 Z0.7452
X3.4199 Y-1.5469 Z0.7449
X3.4197 Y-1.5391 Z0.7447
X3.4195 Y-1.5235 Z0.7443
X3.4193 Y-1.5 Z0.7442
X3.4195 Y-1.4765 Z0.7443
X3.4197 Y-1.4609 Z0.7447
X3.4199 Y-1.4531 Z0.7449
X3.4206 Y-1.4296 Z0.7457
X3.4208 Y-1.4218 Z0.7461
X3.4212 Y-1.414 Z0.7464
X3.422 Y-1.3984 Z0.7473
X3.4223 Y-1.3906 Z0.7478
X3.4227 Y-1.3827 Z0.7484
X3.4238 Y-1.3671 Z0.7495
X3.4253 Y-1.3436 Z0.7518
X3.4267 Y-1.328 Z0.7532
X3.4275 Y-1.3202 Z0.7539
X3.4282 Y-1.3124 Z0.7548
X3.4289 Y-1.3046 Z0.7558
X3.4305 Y-1.2889 Z0.7577
X3.4323 Y-1.2733 Z0.7597
X3.4332 Y-1.2655 Z0.7608
X3.4341 Y-1.2577 Z0.7621
X3.4361 Y-1.242 Z0.7644
X3.4392 Y-1.2186 Z0.7684
X3.4416 Y-1.2029 Z0.7711
X3.4428 Y-1.1951 Z0.7726
X3.4451 Y-1.1795 Z0.7759
X3.4478 Y-1.1638 Z0.7789
X3.4493 Y-1.1557 Z0.7806
X3.4519 Y-1.1404 Z0.7843
X3.4564 Y-1.1169 Z0.7896
X3.458 Y-1.1091 Z0.7915
X3.4595 Y-1.1013 Z0.7936
X3.4649 Y-1.076 Z0.8002
X3.468 Y-1.0622 Z0.804
X3.4716 Y-1.0466 Z0.8086
X3.4735 Y-1.0388 Z0.8109
X3.4753 Y-1.0309 Z0.8133
X3.4772 Y-1.0231 Z0.8158
X3.4806 Y-1.0097 Z0.8201
X3.4832 Y-0.9997 Z0.8234
X3.4852 Y-0.9919 Z0.8261
X3.4872 Y-0.984 Z0.8289
X3.4937 Y-0.9606 Z0.8371
X3.4962 Y-0.9516 Z0.8406
X3.4981 Y-0.9449 Z0.8432
X3.5052 Y-0.9215 Z0.8523
X3.5076 Y-0.9137 Z0.8554
X3.5119 Y-0.8999 Z0.8612
X3.5175 Y-0.8824 Z0.8688
X3.5201 Y-0.8746 Z0.8723
X3.5253 Y-0.859 Z0.8794
X3.5307 Y-0.8433 Z0.8869
X3.5334 Y-0.8355 Z0.8907
X3.5391 Y-0.8199 Z0.8985
X3.5431 Y-0.8087 Z0.9043
X3.5448 Y-0.8042 Z0.9066
X3.551 Y-0.7879 Z0.9154
X3.5588 Y-0.7676 Z0.9268
X3.5629 Y-0.7573 Z0.9328
X3.5725 Y-0.7339 Z0.9469
X3.5757 Y-0.7261 Z0.9519
X3.579 Y-0.7182 Z0.9568
X3.5823 Y-0.7105 Z0.9619
X3.4571 Z1.0555
X3.4552 Y-0.7108 Z1.0567
X3.4493 Y-0.7146 Z1.0574
X3.4321 Y-0.7261 Z1.0593
X3.418 Y-0.7357 Z1.0608
X3.3945 Y-0.752 Z1.0635
X3.3761 Y-0.7651 Z1.0656
X3.3547 Y-0.7808 Z1.0682
X3.3443 Y-0.7886 Z1.0694
X3.3237 Y-0.8042 Z1.072
X3.3038 Y-0.8199 Z1.0745
X3.2844 Y-0.8355 Z1.077
X3.2749 Y-0.8433 Z1.0783
X3.2537 Y-0.861 Z1.0811
X3.238 Y-0.8746 Z1.0833
X3.2204 Y-0.8902 Z1.0858
X3.2068 Y-0.9025 Z1.0877
X3.1912 Y-0.917 Z1.09
X3.1755 Y-0.932 Z1.0923
X3.1599 Y-0.9474 Z1.0947
X3.1521 Y-0.9552 Z1.0959
X3.1364 Y-0.9713 Z1.0983
X3.1208 Y-0.9879 Z1.1008
X3.11 Y-0.9997 Z1.1026
X3.0973 Y-1.0138 Z1.1047
X3.0817 Y-1.0319 Z1.1074
X3.0694 Y-1.0466 Z1.1095
X3.0582 Y-1.0603 Z1.1115
X3.0504 Y-1.0702 Z1.1129
X3.0426 Y-1.0803 Z1.1143
X3.0326 Y-1.0935 Z1.1162
X3.0269 Y-1.1013 Z1.1172
X3.0156 Y-1.1169 Z1.1193
X3.0049 Y-1.1326 Z1.1215
X2.9997 Y-1.1404 Z1.1225
X2.9878 Y-1.1587 Z1.1248
X2.9798 Y-1.1717 Z1.1265
X2.9722 Y-1.1844 Z1.128
X2.9643 Y-1.1979 Z1.1296
X2.9565 Y-1.2121 Z1.1313
X2.9531 Y-1.2186 Z1.132
X2.945 Y-1.2342 Z1.1338
X2.9409 Y-1.2426 Z1.1347
X2.9337 Y-1.2577 Z1.1364
X2.9302 Y-1.2655 Z1.1371
X2.9235 Y-1.2811 Z1.1387
X2.9172 Y-1.2967 Z1.1401
X2.9142 Y-1.3046 Z1.1408
X2.9096 Y-1.3173 Z1.1419
X2.9059 Y-1.328 Z1.1428
X2.9018 Y-1.3409 Z1.1438
X2.8987 Y-1.3515 Z1.1445
X2.8964 Y-1.3593 Z1.1451
X2.8939 Y-1.3685 Z1.1457
X2.8923 Y-1.3749 Z1.1461
X2.8888 Y-1.3906 Z1.147
X2.8861 Y-1.4032 Z1.1477
X2.8842 Y-1.414 Z1.1481
X2.883 Y-1.4218 Z1.1485
X2.8818 Y-1.4296 Z1.1488
X2.8808 Y-1.4375 Z1.149
X2.8799 Y-1.4453 Z1.1493
X2.879 Y-1.4531 Z1.1495
X2.8783 Y-1.4615 Z1.1497
X2.8778 Y-1.4687 Z1.1498
X2.8773 Y-1.4765 Z1.1499
X2.877 Y-1.4844 Z1.1501
X2.8768 Y-1.4922
X2.8767 Y-1.5
X2.8768 Y-1.5078
X2.877 Y-1.5156
X2.8773 Y-1.5235 Z1.1499
X2.8778 Y-1.5313 Z1.1498
X2.8784 Y-1.5391 Z1.1497
X2.879 Y-1.5469 Z1.1495
X2.8799 Y-1.5547 Z1.1493
X2.8808 Y-1.5625 Z1.149
X2.8818 Y-1.5704 Z1.1488
X2.883 Y-1.5782 Z1.1485
X2.8842 Y-1.586 Z1.1481
X2.8861 Y-1.5968 Z1.1477
X2.8888 Y-1.6094 Z1.147
X2.8923 Y-1.6251 Z1.1461
X2.8943 Y-1.6329 Z1.1456
X2.8964 Y-1.6407 Z1.1451
X2.8986 Y-1.6485 Z1.1446
X2.9018 Y-1.659 Z1.1438
X2.9059 Y-1.672 Z1.1428
X2.9096 Y-1.6827 Z1.1419
X2.9142 Y-1.6954 Z1.1408
X2.9174 Y-1.7038 Z1.1401
X2.9203 Y-1.7111 Z1.1394
X2.9235 Y-1.7189 Z1.1387
X2.9302 Y-1.7345 Z1.1371
X2.9374 Y-1.7502 Z1.1355
X2.9412 Y-1.758 Z1.1347
X2.949 Y-1.7736 Z1.133
X2.9531 Y-1.7814 Z1.1321
X2.9573 Y-1.7893 Z1.1312
X2.9643 Y-1.8021 Z1.1296
X2.9722 Y-1.8156 Z1.128
X2.975 Y-1.8205 Z1.1275
X2.9846 Y-1.8362 Z1.1255
X2.9895 Y-1.844 Z1.1245
X2.9997 Y-1.8596 Z1.1225
X3.0049 Y-1.8674 Z1.1215
X3.0113 Y-1.8768 Z1.1202
X3.0191 Y-1.888 Z1.1187
X3.0269 Y-1.8988 Z1.1172
X3.0385 Y-1.9143 Z1.1151
X3.0444 Y-1.9222 Z1.114
X3.0505 Y-1.93 Z1.1129
X3.063 Y-1.9456 Z1.1106
X3.0738 Y-1.9588 Z1.1087
X3.0824 Y-1.9691 Z1.1072
X3.0973 Y-1.9862 Z1.1047
X3.1099 Y-2.0003 Z1.1026
X3.1208 Y-2.0121 Z1.1008
X3.1364 Y-2.0287 Z1.0983
X3.1521 Y-2.0448 Z1.0958
X3.1677 Y-2.0604 Z1.0935
X3.1834 Y-2.0755 Z1.0911
X3.1947 Y-2.0863 Z1.0894
X3.2068 Y-2.0975 Z1.0877
X3.2225 Y-2.1116 Z1.0855
X3.2303 Y-2.1186 Z1.0844
X3.2381 Y-2.1255 Z1.0833
X3.2562 Y-2.141 Z1.0808
X3.2772 Y-2.1586 Z1.0779
X3.294 Y-2.1723 Z1.0758
X3.3085 Y-2.1839 Z1.0739
X3.3241 Y-2.1961 Z1.0719
X3.3476 Y-2.2139 Z1.069
X3.3711 Y-2.2312 Z1.0662
X3.387 Y-2.2427 Z1.0644
X3.4102 Y-2.2589 Z1.0617
X3.4258 Y-2.2697 Z1.06
X3.4493 Y-2.2854 Z1.0574
X3.4552 Y-2.2893 Z1.0568
X3.4571 Y-2.2895 Z1.0555
X3.5823 Z0.9619
X3.579 Y-2.2818 Z0.9568
X3.5744 Y-2.2708 Z0.9499
X3.5725 Y-2.2661 Z0.9469
X3.5629 Y-2.2427 Z0.9328
X3.5588 Y-2.2324 Z0.9268
X3.551 Y-2.2121 Z0.9154
X3.5448 Y-2.1958 Z0.9066
X3.5419 Y-2.188 Z0.9025
X3.5353 Y-2.1698 Z0.8934
X3.5334 Y-2.1645 Z0.8907
X3.5307 Y-2.1567 Z0.8869
X3.5253 Y-2.141 Z0.8794
X3.5197 Y-2.1242 Z0.8717
X3.515 Y-2.1098 Z0.8654
X3.51 Y-2.0941 Z0.8587
X3.5076 Y-2.0863 Z0.8554
X3.504 Y-2.0748 Z0.8508
X3.4981 Y-2.0551 Z0.8432
X3.4959 Y-2.0472 Z0.8401
X3.4937 Y-2.0394 Z0.8371
X3.4872 Y-2.016 Z0.8289
X3.4852 Y-2.0081 Z0.8261
X3.4829 Y-1.9992 Z0.823
X3.4806 Y-1.9903 Z0.8201
X3.4772 Y-1.9769 Z0.8158
X3.4753 Y-1.9691 Z0.8133
X3.4728 Y-1.9582 Z0.81
X3.4698 Y-1.9456 Z0.8063
X3.4663 Y-1.93 Z0.8018
X3.4645 Y-1.9222 Z0.7997
X3.4637 Y-1.9184 Z0.7987
X3.4624 Y-1.9131 Z0.7975
X3.4608 Y-1.9079 Z0.7965
X3.4589 Y-1.9027 Z0.7958
X3.4568 Y-1.8976 Z0.7952
X3.4546 Y-1.8925 Z0.7948
X3.4522 Y-1.8875 Z0.7946
X3.4474 Y-1.8774 Z0.7942
X3.4425 Y-1.8673 Z0.7941
X3.4402 Y-1.8622 Z0.7939
X3.4381 Y-1.857 Z0.7936
X3.4361 Y-1.8519 Z0.7932
X3.4344 Y-1.8466 Z0.7926
X3.4329 Y-1.8413 Z0.7918
X3.4318 Y-1.8359 Z0.7908
X3.4291 Y-1.8205 Z0.7878
X3.4268 Y-1.8049 Z0.7846
X3.4256 Y-1.7971 Z0.7831
X3.4232 Y-1.7814 Z0.7803
X3.4201 Y-1.758 Z0.7764
X3.418 Y-1.7419 Z0.774
X3.4172 Y-1.7345 Z0.7728
X3.4154 Y-1.7189 Z0.7707
X3.4136 Y-1.7033 Z0.7688
X3.4129 Y-1.6954 Z0.7678
X3.4122 Y-1.6876 Z0.7668
X3.4114 Y-1.6798 Z0.7659
X3.4102 Y-1.6666 Z0.7647
X3.4093 Y-1.6564 Z0.7638
X3.4078 Y-1.6329 Z0.7615
X3.4067 Y-1.6173 Z0.7604
X3.4063 Y-1.6094 Z0.7598
X3.406 Y-1.6016 Z0.7593
X3.4052 Y-1.586 Z0.7584
X3.4048 Y-1.5782 Z0.7581
X3.4041 Y-1.5547 Z0.7571
X3.4038 Y-1.5469 Z0.7569
X3.4036 Y-1.5391 Z0.7567
X3.4035 Y-1.5235 Z0.7563
X3.4033 Y-1.5 Z0.7562
X3.4035 Y-1.4765 Z0.7563
X3.4036 Y-1.4609 Z0.7567
X3.4038 Y-1.4531 Z0.7569
X3.4046 Y-1.4296 Z0.7577
X3.4048 Y-1.4218 Z0.7581
X3.4052 Y-1.414 Z0.7584
X3.406 Y-1.3984 Z0.7593
X3.4063 Y-1.3906 Z0.7598
X3.4067 Y-1.3827 Z0.7604
X3.4078 Y-1.3671 Z0.7615
X3.4093 Y-1.3436 Z0.7638
X3.4107 Y-1.328 Z0.7652
X3.4114 Y-1.3202 Z0.7659
X3.4122 Y-1.3124 Z0.7668
X3.4129 Y-1.3046 Z0.7678
X3.4145 Y-1.2889 Z0.7697
X3.4163 Y-1.2733 Z0.7717
X3.4172 Y-1.2655 Z0.7728
X3.4181 Y-1.2577 Z0.774
X3.4201 Y-1.242 Z0.7764
X3.4232 Y-1.2186 Z0.7803
X3.4258 Y-1.2013 Z0.7834
X3.4268 Y-1.1951 Z0.7846
X3.4291 Y-1.1795 Z0.7878
X3.4318 Y-1.1638 Z0.7909
X3.4332 Y-1.156 Z0.7925
X3.4359 Y-1.1404 Z0.7962
X3.4404 Y-1.1169 Z0.8016
X3.442 Y-1.1091 Z0.8035
X3.4435 Y-1.1013 Z0.8056
X3.4485 Y-1.0778 Z0.8117
X3.4503 Y-1.07 Z0.8138
X3.4538 Y-1.0544 Z0.8183
X3.4575 Y-1.0388 Z0.8229
X3.4593 Y-1.0309 Z0.8253
X3.4612 Y-1.0231 Z0.8278
X3.4651 Y-1.0075 Z0.8328
X3.4672 Y-0.9997 Z0.8354
X3.4691 Y-0.9919 Z0.8381
X3.4712 Y-0.984 Z0.8409
X3.4777 Y-0.9606 Z0.8491
X3.4806 Y-0.9503 Z0.8531
X3.482 Y-0.9449 Z0.8552
X3.4892 Y-0.9215 Z0.8643
X3.4916 Y-0.9137 Z0.8674
X3.494 Y-0.9059 Z0.8707
X3.5015 Y-0.8824 Z0.8808
X3.5041 Y-0.8746 Z0.8842
X3.5093 Y-0.859 Z0.8914
X3.5147 Y-0.8433 Z0.8989
X3.5174 Y-0.8355 Z0.9027
X3.5231 Y-0.8199 Z0.9105
X3.5275 Y-0.8077 Z0.9168
X3.5347 Y-0.7886 Z0.927
X3.5407 Y-0.773 Z0.9358
X3.5437 Y-0.7651 Z0.9402
X3.5468 Y-0.7573 Z0.9448
X3.5564 Y-0.7339 Z0.9589
X3.5594 Y-0.7267 Z0.9634
X3.5588 Y-0.7264 Z0.9642
X3.4552 Z1.0418
X3.4532 Y-0.7273 Z1.0423
X3.4415 Y-0.7352 Z1.0437
X3.418 Y-0.7515 Z1.0464
X3.4024 Y-0.7625 Z1.0483
X3.3867 Y-0.7738 Z1.0502
X3.3711 Y-0.7852 Z1.0522
X3.3459 Y-0.8042 Z1.0554
X3.332 Y-0.815 Z1.0572
X3.3085 Y-0.8337 Z1.0604
X3.3007 Y-0.84 Z1.0614
X3.2772 Y-0.8594 Z1.0647
X3.2594 Y-0.8746 Z1.0672
X3.2459 Y-0.8864 Z1.0692
X3.2303 Y-0.9004 Z1.0715
X3.2146 Y-0.9147 Z1.0739
X3.199 Y-0.9295 Z1.0763
X3.191 Y-0.9371 Z1.0776
X3.1751 Y-0.9528 Z1.0801
X3.1673 Y-0.9606 Z1.0814
X3.1596 Y-0.9684 Z1.0826
X3.1442 Y-0.9844 Z1.0852
X3.1364 Y-0.9928 Z1.0865
X3.1208 Y-1.0099 Z1.0892
X3.109 Y-1.0231 Z1.0913
X3.0973 Y-1.0367 Z1.0933
X3.089 Y-1.0466 Z1.0949
X3.0817 Y-1.0554 Z1.0962
X3.0698 Y-1.07 Z1.0984
X3.0637 Y-1.0778 Z1.0995
X3.0504 Y-1.0952 Z1.1021
X3.0401 Y-1.1091 Z1.1041
X3.0345 Y-1.1169 Z1.1052
X3.0269 Y-1.1277 Z1.1068
X3.0183 Y-1.1404 Z1.1086
X3.0113 Y-1.1509 Z1.11
X3.0029 Y-1.1638 Z1.1118
X2.9956 Y-1.1756 Z1.1133
X2.9878 Y-1.1886 Z1.115
X2.9795 Y-1.2029 Z1.1168
X2.9722 Y-1.2162 Z1.1185
X2.9643 Y-1.231 Z1.1202
X2.9587 Y-1.242 Z1.1215
X2.9512 Y-1.2577 Z1.1233
X2.9475 Y-1.2655 Z1.1242
X2.9407 Y-1.2811 Z1.1258
X2.9374 Y-1.2889 Z1.1266
X2.9331 Y-1.2998 Z1.1277
X2.9283 Y-1.3124 Z1.1288
X2.9252 Y-1.3207 Z1.1296
X2.9227 Y-1.328 Z1.1302
X2.9174 Y-1.3443 Z1.1316
X2.9153 Y-1.3515 Z1.1321
X2.9108 Y-1.3671 Z1.1332
X2.9088 Y-1.3749 Z1.1338
X2.9069 Y-1.3827 Z1.1343
X2.9051 Y-1.3906 Z1.1347
X2.9018 Y-1.4065 Z1.1357
X2.9004 Y-1.414 Z1.136
X2.8992 Y-1.4218 Z1.1363
X2.898 Y-1.4296 Z1.1367
X2.8969 Y-1.4375 Z1.137
X2.896 Y-1.4453 Z1.1372
X2.8951 Y-1.4531 Z1.1375
X2.8944 Y-1.4609 Z1.1376
X2.8938 Y-1.4687 Z1.1378
X2.8934 Y-1.4765 Z1.1379
X2.893 Y-1.4844 Z1.1381
X2.8928 Y-1.4922 Z1.1382
X2.8927 Y-1.5 Z1.1381
X2.8928 Y-1.5078
X2.893 Y-1.5156
X2.8934 Y-1.5235 Z1.1379
X2.8939 Y-1.5326 Z1.1378
X2.8944 Y-1.5391 Z1.1376
X2.8951 Y-1.5469 Z1.1375
X2.8964 Y-1.5581 Z1.1371
X2.898 Y-1.5704 Z1.1367
X2.9004 Y-1.586 Z1.136
X2.9018 Y-1.5938 Z1.1357
X2.9051 Y-1.6094 Z1.1347
X2.9069 Y-1.6173 Z1.1343
X2.9096 Y-1.6282 Z1.1336
X2.913 Y-1.6407 Z1.1327
X2.9153 Y-1.6485 Z1.1321
X2.9176 Y-1.6564 Z1.1315
X2.9227 Y-1.672 Z1.1302
X2.9254 Y-1.6798 Z1.1295
X2.9283 Y-1.6876 Z1.1288
X2.9331 Y-1.7002 Z1.1277
X2.9374 Y-1.7111 Z1.1266
X2.9409 Y-1.7194 Z1.1258
X2.9487 Y-1.737 Z1.1239
X2.9549 Y-1.7502 Z1.1224
X2.9587 Y-1.758 Z1.1215
X2.9643 Y-1.769 Z1.1202
X2.9709 Y-1.7814 Z1.1187
X2.9751 Y-1.7893 Z1.1178
X2.98 Y-1.7979 Z1.1167
X2.9886 Y-1.8127 Z1.1149
X2.998 Y-1.8283 Z1.1128
X3.0079 Y-1.844 Z1.1107
X3.013 Y-1.8518 Z1.1096
X3.0236 Y-1.8674 Z1.1075
X3.0347 Y-1.8834 Z1.1052
X3.0426 Y-1.8942 Z1.1036
X3.0517 Y-1.9065 Z1.1019
X3.066 Y-1.9252 Z1.0991
X3.0761 Y-1.9378 Z1.0972
X3.0825 Y-1.9456 Z1.096
X3.0973 Y-1.9633 Z1.0933
X3.109 Y-1.9769 Z1.0912
X3.1208 Y-1.9901 Z1.0892
X3.13 Y-2.0003 Z1.0876
X3.1373 Y-2.0081 Z1.0863
X3.1446 Y-2.016 Z1.0851
X3.1599 Y-2.0319 Z1.0826
X3.1755 Y-2.0477 Z1.08
X3.1834 Y-2.0554 Z1.0788
X3.1992 Y-2.0707 Z1.0763
X3.2074 Y-2.0785 Z1.075
X3.2158 Y-2.0863 Z1.0737
X3.2329 Y-2.102 Z1.0711
X3.2459 Y-2.1136 Z1.0692
X3.2595 Y-2.1254 Z1.0672
X3.2777 Y-2.141 Z1.0646
X3.3007 Y-2.16 Z1.0614
X3.3163 Y-2.1726 Z1.0593
X3.332 Y-2.185 Z1.0572
X3.3476 Y-2.1971 Z1.0552
X3.3711 Y-2.2148 Z1.0522
X3.3945 Y-2.2319 Z1.0492
X3.4102 Y-2.243 Z1.0474
X3.4336 Y-2.2594 Z1.0446
X3.4493 Y-2.27 Z1.0427
X3.4532 Y-2.2727 Z1.0423
X3.4552 Y-2.2736 Z1.0418
X3.5588 Z0.9642
X3.5595 Y-2.2734 Z0.9635
X3.5564 Y-2.2661 Z0.9589
X3.5468 Y-2.2427 Z0.9448
X3.5431 Y-2.2334 Z0.9394
X3.5353 Y-2.2131 Z0.9279
X3.5275 Y-2.1923 Z0.9168
X3.5231 Y-2.1801 Z0.9105
X3.5174 Y-2.1645 Z0.9027
X3.5147 Y-2.1567 Z0.8989
X3.5093 Y-2.141 Z0.8914
X3.504 Y-2.1253 Z0.8842
X3.5015 Y-2.1176 Z0.8808
X3.494 Y-2.0941 Z0.8707
X3.4916 Y-2.0863 Z0.8674
X3.4884 Y-2.076 Z0.8633
X3.482 Y-2.0551 Z0.8552
X3.4799 Y-2.0472 Z0.8521
X3.4777 Y-2.0394 Z0.8491
X3.4712 Y-2.016 Z0.8409
X3.4691 Y-2.0081 Z0.8381
X3.4672 Y-2.0003 Z0.8354
X3.4649 Y-1.9917 Z0.8325
X3.4612 Y-1.9769 Z0.8278
X3.4593 Y-1.9691 Z0.8253
X3.4571 Y-1.9598 Z0.8225
X3.4538 Y-1.9456 Z0.8183
X3.4503 Y-1.93 Z0.8138
X3.4485 Y-1.9222 Z0.8117
X3.4435 Y-1.8987 Z0.8056
X3.442 Y-1.8909 Z0.8035
X3.4404 Y-1.8831 Z0.8016
X3.4359 Y-1.8596 Z0.7962
X3.4332 Y-1.844 Z0.7925
X3.4318 Y-1.8359 Z0.7908
X3.4307 Y-1.8306 Z0.7899
X3.4292 Y-1.8252 Z0.7893
X3.4276 Y-1.82 Z0.7888
X3.4257 Y-1.8147 Z0.7886
X3.4237 Y-1.8095 Z0.7884
X3.4215 Y-1.8043
X3.417 Y-1.7941 Z0.7887
X3.4127 Y-1.7838 Z0.789
X3.4106 Y-1.7786 Z0.7891
X3.4086 Y-1.7733
X3.4069 Y-1.7681 Z0.7889
X3.4054 Y-1.7627 Z0.7886
X3.4042 Y-1.7573 Z0.7881
X3.4033 Y-1.7519 Z0.7875
X3.402 Y-1.7423 Z0.786
X3.4012 Y-1.7345 Z0.7848
X3.3993 Y-1.7189 Z0.7827
X3.3976 Y-1.7033 Z0.7808
X3.3968 Y-1.6954 Z0.7798
X3.3961 Y-1.6876 Z0.7788
X3.3954 Y-1.6798 Z0.7779
X3.3945 Y-1.6707 Z0.777
X3.3933 Y-1.6564 Z0.7757
X3.3917 Y-1.6329 Z0.7735
X3.3907 Y-1.6173 Z0.7724
X3.3903 Y-1.6094 Z0.7718
X3.39 Y-1.6016 Z0.7713
X3.3892 Y-1.586 Z0.7704
X3.3888 Y-1.5782 Z0.77
X3.3881 Y-1.5547 Z0.7691
X3.3878 Y-1.5469 Z0.7688
X3.3876 Y-1.5391 Z0.7687
X3.3875 Y-1.5235 Z0.7683
X3.3873 Y-1.5 Z0.7682
X3.3875 Y-1.4765 Z0.7683
X3.3876 Y-1.4609 Z0.7687
X3.3878 Y-1.4531 Z0.7688
X3.3885 Y-1.4296 Z0.7697
X3.3888 Y-1.4218 Z0.77
X3.3892 Y-1.414 Z0.7704
X3.39 Y-1.3984 Z0.7713
X3.3903 Y-1.3906 Z0.7718
X3.3907 Y-1.3827 Z0.7724
X3.3917 Y-1.3671 Z0.7735
X3.3933 Y-1.3436 Z0.7757
X3.3946 Y-1.328 Z0.7771
X3.3954 Y-1.3202 Z0.7779
X3.3961 Y-1.3124 Z0.7788
X3.3968 Y-1.3046 Z0.7798
X3.3985 Y-1.2889 Z0.7817
X3.4003 Y-1.2733 Z0.7837
X3.4012 Y-1.2655 Z0.7848
X3.4024 Y-1.2552 Z0.7864
X3.4041 Y-1.242 Z0.7884
X3.4072 Y-1.2186 Z0.7923
X3.4096 Y-1.2029 Z0.7951
X3.4108 Y-1.1951 Z0.7966
X3.4131 Y-1.1795 Z0.7998
X3.4158 Y-1.1638 Z0.8029
X3.4172 Y-1.156 Z0.8045
X3.4199 Y-1.1404 Z0.8082
X3.4244 Y-1.1169 Z0.8135
X3.426 Y-1.1091 Z0.8155
X3.4275 Y-1.1013 Z0.8175
X3.4325 Y-1.0778 Z0.8237
X3.4342 Y-1.07 Z0.8258
X3.4377 Y-1.0544 Z0.8303
X3.4415 Y-1.0387 Z0.8349
X3.4433 Y-1.0309 Z0.8373
X3.4451 Y-1.0231 Z0.8398
X3.4491 Y-1.0075 Z0.8448
X3.4512 Y-0.9997 Z0.8473
X3.4531 Y-0.9919 Z0.85
X3.4551 Y-0.984 Z0.8528
X3.4617 Y-0.9606 Z0.8611
X3.4649 Y-0.9489 Z0.8656
X3.466 Y-0.9449 Z0.8672
X3.4731 Y-0.9215 Z0.8762
X3.4755 Y-0.9137 Z0.8794
X3.4779 Y-0.9059 Z0.8827
X3.4855 Y-0.8824 Z0.8928
X3.4884 Y-0.8736 Z0.8967
X3.4933 Y-0.859 Z0.9033
X3.4986 Y-0.8433 Z0.9108
X3.5014 Y-0.8355 Z0.9147
X3.5071 Y-0.8199 Z0.9225
X3.5119 Y-0.8066 Z0.9293
X3.5197 Y-0.7859 Z0.9405
X3.5277 Y-0.7651 Z0.9522
X3.5308 Y-0.7573 Z0.9568
X3.5368 Y-0.7427 Z0.9656
X3.5363 Y-0.7424 Z0.9662
X3.4542 Z1.0276
X3.4532 Y-0.743 Z1.0278
X3.4415 Y-0.751 Z1.0293
X3.4213 Y-0.7651 Z1.0318
X3.3997 Y-0.7808 Z1.0345
X3.3891 Y-0.7886 Z1.0359
X3.3682 Y-0.8042 Z1.0387
X3.3476 Y-0.8201 Z1.0415
X3.3282 Y-0.8355 Z1.0442
X3.3163 Y-0.8451 Z1.0459
X3.2995 Y-0.859 Z1.0484
X3.2772 Y-0.8778 Z1.0517
X3.2616 Y-0.8915 Z1.0541
X3.2455 Y-0.9059 Z1.0565
X3.2369 Y-0.9137 Z1.0579
X3.2225 Y-0.9272 Z1.0602
X3.2038 Y-0.9449 Z1.0633
X3.1912 Y-0.9573 Z1.0654
X3.1802 Y-0.9684 Z1.0672
X3.165 Y-0.984 Z1.0699
X3.1576 Y-0.9919 Z1.0712
X3.1502 Y-0.9997 Z1.0725
X3.136 Y-1.0153 Z1.075
X3.1208 Y-1.0324 Z1.0778
X3.1087 Y-1.0466 Z1.0801
X3.0973 Y-1.0602 Z1.0823
X3.0893 Y-1.07 Z1.0838
X3.0817 Y-1.0796 Z1.0853
X3.0709 Y-1.0935 Z1.0875
X3.065 Y-1.1013 Z1.0887
X3.0582 Y-1.1104 Z1.0901
X3.0504 Y-1.1212 Z1.0917
X3.0424 Y-1.1326 Z1.0934
X3.0317 Y-1.1482 Z1.0957
X3.0265 Y-1.156 Z1.0968
X3.0164 Y-1.1717 Z1.099
X3.0113 Y-1.1799 Z1.1002
X3.0035 Y-1.1929 Z1.102
X2.9956 Y-1.2063 Z1.1038
X2.9878 Y-1.2203 Z1.1056
X2.9845 Y-1.2264 Z1.1064
X2.9764 Y-1.242 Z1.1083
X2.9722 Y-1.2504 Z1.1094
X2.9643 Y-1.2668 Z1.1113
X2.9614 Y-1.2733 Z1.112
X2.9565 Y-1.2844 Z1.1132
X2.9514 Y-1.2967 Z1.1146
X2.9482 Y-1.3046 Z1.1154
X2.9452 Y-1.3124 Z1.1161
X2.9409 Y-1.3242 Z1.1172
X2.9369 Y-1.3358 Z1.1183
X2.9331 Y-1.3477 Z1.1194
X2.9296 Y-1.3593 Z1.1203
X2.9274 Y-1.3671 Z1.1209
X2.9252 Y-1.3752 Z1.1215
X2.9233 Y-1.3827 Z1.122
X2.9215 Y-1.3906 Z1.1225
X2.9174 Y-1.4098 Z1.1237
X2.9166 Y-1.414 Z1.1239
X2.9141 Y-1.4296 Z1.1246
X2.9131 Y-1.4375 Z1.1249
X2.9121 Y-1.4453 Z1.1252
X2.9112 Y-1.4531 Z1.1254
X2.9105 Y-1.4609 Z1.1256
X2.9099 Y-1.4687 Z1.1258
X2.9094 Y-1.4765 Z1.1259
X2.9091 Y-1.4844 Z1.1261
X2.9088 Y-1.4922 Z1.1262
Y-1.5 Z1.1261
Y-1.5078 Z1.1262
X2.9091 Y-1.5156 Z1.1261
X2.9096 Y-1.5265 Z1.1259
X2.9099 Y-1.5313 Z1.1258
X2.9105 Y-1.5391 Z1.1256
X2.9112 Y-1.5469 Z1.1254
X2.9123 Y-1.5561 Z1.1251
X2.9131 Y-1.5625 Z1.1249
X2.9142 Y-1.5704 Z1.1245
X2.9167 Y-1.586 Z1.1238
X2.9174 Y-1.5902 Z1.1237
X2.9215 Y-1.6094 Z1.1225
X2.9233 Y-1.6173 Z1.122
X2.9253 Y-1.6251 Z1.1215
X2.9274 Y-1.6329 Z1.1209
X2.9296 Y-1.6407 Z1.1203
X2.9331 Y-1.6522 Z1.1194
X2.9369 Y-1.6642 Z1.1183
X2.9409 Y-1.6758 Z1.1172
X2.9452 Y-1.6876 Z1.1161
X2.9487 Y-1.6966 Z1.1152
X2.9514 Y-1.7033 Z1.1146
X2.9565 Y-1.7156 Z1.1132
X2.9614 Y-1.7267 Z1.112
X2.965 Y-1.7345 Z1.1111
X2.9687 Y-1.7423 Z1.1102
X2.9764 Y-1.758 Z1.1083
X2.9845 Y-1.7736 Z1.1064
X2.9888 Y-1.7814 Z1.1053
X2.9975 Y-1.7971 Z1.1033
X3.0035 Y-1.8071 Z1.102
X3.0116 Y-1.8205 Z1.1001
X3.0191 Y-1.8326 Z1.0984
X3.0269 Y-1.8447 Z1.0967
X3.037 Y-1.8596 Z1.0946
X3.0426 Y-1.8677 Z1.0934
X3.0534 Y-1.8831 Z1.0911
X3.065 Y-1.8987 Z1.0887
X3.077 Y-1.9143 Z1.0863
X3.0831 Y-1.9222 Z1.0851
X3.0895 Y-1.9302 Z1.0838
X3.1021 Y-1.9456 Z1.0813
X3.1153 Y-1.9612 Z1.0788
X3.1221 Y-1.9691 Z1.0776
X3.1364 Y-1.9852 Z1.0749
X3.1521 Y-2.0023 Z1.0721
X3.165 Y-2.016 Z1.0699
X3.1802 Y-2.0316 Z1.0672
X3.1912 Y-2.0427 Z1.0654
X3.2068 Y-2.0579 Z1.0628
X3.2202 Y-2.0707 Z1.0606
X3.2381 Y-2.0874 Z1.0577
X3.2459 Y-2.0945 Z1.0565
X3.263 Y-2.1098 Z1.0539
X3.2772 Y-2.1222 Z1.0517
X3.2929 Y-2.1355 Z1.0494
X3.3007 Y-2.142 Z1.0482
X3.3185 Y-2.1567 Z1.0456
X3.332 Y-2.1675 Z1.0437
X3.348 Y-2.1801 Z1.0415
X3.3633 Y-2.192 Z1.0394
X3.3789 Y-2.2038 Z1.0373
X3.3945 Y-2.2155 Z1.0352
X3.4213 Y-2.2349 Z1.0318
X3.4336 Y-2.2435 Z1.0302
X3.4532 Y-2.257 Z1.0278
X3.4542 Y-2.2576 Z1.0276
X3.5359 Z0.9665
X3.5367 Y-2.2571 Z0.9654
X3.5308 Y-2.2427 Z0.9568
X3.5275 Y-2.2343 Z0.9519
X3.5197 Y-2.2141 Z0.9405
X3.5119 Y-2.1934 Z0.9293
X3.5071 Y-2.1801 Z0.9225
X3.5014 Y-2.1645 Z0.9147
X3.4986 Y-2.1567 Z0.9108
X3.4933 Y-2.141 Z0.9033
X3.4881 Y-2.1254 Z0.8962
X3.4855 Y-2.1176 Z0.8928
X3.4779 Y-2.0941 Z0.8827
X3.4755 Y-2.0863 Z0.8794
X3.4728 Y-2.0772 Z0.8757
X3.466 Y-2.0551 Z0.8672
X3.4639 Y-2.0472 Z0.8641
X3.4617 Y-2.0394 Z0.8611
X3.4551 Y-2.016 Z0.8528
X3.4531 Y-2.0081 Z0.85
X3.4512 Y-2.0003 Z0.8473
X3.4491 Y-1.9925 Z0.8448
X3.4451 Y-1.9769 Z0.8398
X3.4433 Y-1.9691 Z0.8373
X3.4414 Y-1.9612 Z0.8349
X3.4377 Y-1.9456 Z0.8303
X3.4336 Y-1.9273 Z0.825
X3.4308 Y-1.9143 Z0.8216
X3.4275 Y-1.8987 Z0.8175
X3.4258 Y-1.8901 Z0.8153
X3.4244 Y-1.8831 Z0.8135
X3.4199 Y-1.8596 Z0.8082
X3.4172 Y-1.844 Z0.8045
X3.4158 Y-1.8362 Z0.8029
X3.4131 Y-1.8205 Z0.7998
X3.4102 Y-1.8012 Z0.7958
X3.4072 Y-1.7814 Z0.7923
X3.4041 Y-1.758 Z0.7884
X3.4033 Y-1.7519 Z0.7875
X3.4024 Y-1.7464 Z0.7868
X3.4012 Y-1.741 Z0.7864
X3.3997 Y-1.7357 Z0.7862
X3.3981 Y-1.7304
X3.3962 Y-1.7251 Z0.7864
X3.3943 Y-1.7198 Z0.7867
X3.3903 Y-1.7094 Z0.7875
X3.3863 Y-1.699 Z0.7884
X3.3844 Y-1.6937 Z0.7888
X3.3827 Y-1.6884 Z0.789
X3.3812 Y-1.6831 Z0.7892
X3.3799 Y-1.6777
X3.3788 Y-1.6722 Z0.789
X3.3782 Y-1.6667 Z0.7886
X3.3773 Y-1.6564 Z0.7877
X3.3757 Y-1.6329 Z0.7855
X3.3747 Y-1.6173 Z0.7843
X3.3743 Y-1.6094 Z0.7837
X3.3739 Y-1.6016 Z0.7832
X3.3731 Y-1.586 Z0.7824
X3.3728 Y-1.5782 Z0.782
X3.372 Y-1.5547 Z0.7811
X3.3718 Y-1.5469 Z0.7808
X3.3716 Y-1.5391 Z0.7806
X3.3715 Y-1.5235 Z0.7803
X3.3712 Y-1.5 Z0.7802
X3.3715 Y-1.4765 Z0.7803
X3.3716 Y-1.4609 Z0.7806
X3.3718 Y-1.4531 Z0.7808
X3.3725 Y-1.4296 Z0.7817
X3.3728 Y-1.4218 Z0.782
X3.3731 Y-1.414 Z0.7824
X3.3739 Y-1.3984 Z0.7832
X3.3743 Y-1.3906 Z0.7837
X3.3747 Y-1.3827 Z0.7843
X3.3757 Y-1.3671 Z0.7855
X3.3773 Y-1.3436 Z0.7877
X3.3786 Y-1.328 Z0.7891
X3.3794 Y-1.3202 Z0.7899
X3.3801 Y-1.3124 Z0.7908
X3.3808 Y-1.3046 Z0.7918
X3.3824 Y-1.2889 Z0.7937
X3.3843 Y-1.2733 Z0.7957
X3.3851 Y-1.2655 Z0.7968
X3.386 Y-1.2577 Z0.798
X3.388 Y-1.242 Z0.8003
X3.3912 Y-1.2186 Z0.8043
X3.3935 Y-1.2029 Z0.8071
X3.3947 Y-1.1951 Z0.8085
X3.3971 Y-1.1795 Z0.8118
X3.3998 Y-1.1638 Z0.8149
X3.4012 Y-1.156 Z0.8165
X3.4039 Y-1.1404 Z0.8202
X3.4068 Y-1.1248 Z0.8237
X3.4084 Y-1.1169 Z0.8255
X3.4102 Y-1.108 Z0.8277
X3.4115 Y-1.1013 Z0.8295
X3.4165 Y-1.0778 Z0.8356
X3.4182 Y-1.07 Z0.8378
X3.4217 Y-1.0544 Z0.8422
X3.4258 Y-1.0371 Z0.8473
X3.4273 Y-1.0309 Z0.8493
X3.4291 Y-1.0231 Z0.8518
X3.4331 Y-1.0075 Z0.8567
X3.4351 Y-0.9997 Z0.8593
X3.4371 Y-0.9919 Z0.862
X3.4391 Y-0.984 Z0.8648
X3.4457 Y-0.9606 Z0.8731
X3.4493 Y-0.9476 Z0.8781
X3.45 Y-0.9449 Z0.8791
X3.4571 Y-0.9215 Z0.8882
X3.4595 Y-0.9137 Z0.8913
X3.4619 Y-0.9059 Z0.8946
X3.4695 Y-0.8824 Z0.9047
X3.4728 Y-0.8725 Z0.9091
X3.4773 Y-0.859 Z0.9153
X3.4826 Y-0.8433 Z0.9228
X3.4854 Y-0.8355 Z0.9267
X3.4911 Y-0.8199 Z0.9345
X3.4962 Y-0.8056 Z0.9418
X3.504 Y-0.7849 Z0.953
X3.5119 Y-0.7647 Z0.9644
X3.5142 Y-0.7589 Z0.9678
X3.5134 Y-0.7586 Z0.9687
X3.4571 Z1.0108
X3.4532 Y-0.7588 Z1.0135
X3.4415 Y-0.767 Z1.015
X3.418 Y-0.7839 Z1.0182
X3.3906 Y-0.8042 Z1.0219
X3.3789 Y-0.8131 Z1.0236
X3.3554 Y-0.8314 Z1.027
X3.3476 Y-0.8376 Z1.0281
X3.3241 Y-0.8566 Z1.0316
X3.3085 Y-0.8697 Z1.034
X3.3007 Y-0.8763 Z1.0352
X3.2845 Y-0.8902 Z1.0378
X3.2694 Y-0.9036 Z1.0402
X3.2582 Y-0.9137 Z1.042
X3.2413 Y-0.9293 Z1.0448
X3.2225 Y-0.9472 Z1.048
X3.2146 Y-0.9547 Z1.0493
X3.2008 Y-0.9684 Z1.0518
X3.1834 Y-0.9862 Z1.0549
X3.1755 Y-0.9944 Z1.0563
X3.1599 Y-1.0112 Z1.0592
X3.1442 Y-1.0285 Z1.0622
X3.1352 Y-1.0388 Z1.064
X3.1208 Y-1.0556 Z1.0668
X3.1089 Y-1.07 Z1.0692
X3.1026 Y-1.0778 Z1.0705
X3.0963 Y-1.0857 Z1.0718
X3.0842 Y-1.1013 Z1.0743
X3.0725 Y-1.1169 Z1.0768
X3.0613 Y-1.1326 Z1.0793
X3.0558 Y-1.1404 Z1.0805
X3.0451 Y-1.156 Z1.0829
X3.0399 Y-1.1638 Z1.0841
X3.0347 Y-1.1719 Z1.0853
X3.0251 Y-1.1873 Z1.0875
X3.0191 Y-1.1972 Z1.0889
X3.0112 Y-1.2107 Z1.0908
X3.0067 Y-1.2186 Z1.0919
X2.9982 Y-1.2342 Z1.094
X2.9941 Y-1.242 Z1.095
X2.9862 Y-1.2577 Z1.0971
X2.9825 Y-1.2655 Z1.098
X2.9788 Y-1.2733 Z1.099
X2.9753 Y-1.2811 Z1.0999
X2.9686 Y-1.2967 Z1.1017
X2.9643 Y-1.3071 Z1.1028
X2.9593 Y-1.3202 Z1.1042
X2.9564 Y-1.328 Z1.105
X2.9537 Y-1.3358 Z1.1057
X2.9511 Y-1.3436 Z1.1065
X2.9486 Y-1.3515 Z1.1072
X2.9462 Y-1.3593 Z1.1078
X2.944 Y-1.3671 Z1.1085
X2.9409 Y-1.3786 Z1.1094
X2.9379 Y-1.3906 Z1.1102
X2.9345 Y-1.4062 Z1.1112
X2.9329 Y-1.414 Z1.1117
X2.9303 Y-1.4296 Z1.1124
X2.9292 Y-1.4375 Z1.1128
X2.9282 Y-1.4453 Z1.1131
X2.9273 Y-1.4531 Z1.1134
X2.9266 Y-1.4609 Z1.1136
X2.9259 Y-1.4687 Z1.1138
X2.9254 Y-1.4765 Z1.1139
X2.9251 Y-1.4844 Z1.1141
X2.9248 Y-1.4922 Z1.1142
Y-1.5
X2.9249 Y-1.5078
X2.9252 Y-1.5191 Z1.114
X2.9254 Y-1.5235 Z1.1139
X2.926 Y-1.5313 Z1.1138
X2.9266 Y-1.5391 Z1.1136
X2.9273 Y-1.5469 Z1.1134
X2.9282 Y-1.5547 Z1.1131
X2.9292 Y-1.5625 Z1.1128
X2.9304 Y-1.5704 Z1.1124
X2.9331 Y-1.5869 Z1.1117
X2.9362 Y-1.6016 Z1.1107
X2.9379 Y-1.6094 Z1.1102
X2.9398 Y-1.6173 Z1.1097
X2.9418 Y-1.6251 Z1.1091
X2.944 Y-1.6329 Z1.1085
X2.9462 Y-1.6407 Z1.1078
X2.9487 Y-1.6488 Z1.1072
X2.9511 Y-1.6564 Z1.1065
X2.9537 Y-1.6642 Z1.1057
X2.9565 Y-1.6722 Z1.1049
X2.9593 Y-1.6798 Z1.1042
X2.9643 Y-1.6929 Z1.1028
X2.9686 Y-1.7033 Z1.1017
X2.9722 Y-1.7118 Z1.1007
X2.9753 Y-1.7189 Z1.0999
X2.98 Y-1.7292 Z1.0987
X2.9825 Y-1.7345 Z1.098
X2.9901 Y-1.7502 Z1.0961
X2.9956 Y-1.7609 Z1.0947
X3.0035 Y-1.7755 Z1.0927
X3.0067 Y-1.7814 Z1.0919
X3.0113 Y-1.7895 Z1.0908
X3.0191 Y-1.8028 Z1.0889
X3.0299 Y-1.8205 Z1.0864
X3.0349 Y-1.8283 Z1.0852
X3.0426 Y-1.8402 Z1.0834
X3.0504 Y-1.8518 Z1.0817
X3.0613 Y-1.8674 Z1.0793
X3.0738 Y-1.8849 Z1.0765
X3.0842 Y-1.8987 Z1.0743
X3.0973 Y-1.9156 Z1.0716
X3.1051 Y-1.9254 Z1.0699
X3.1208 Y-1.9444 Z1.0668
X3.1352 Y-1.9612 Z1.064
X3.1442 Y-1.9715 Z1.0622
X3.1599 Y-1.9888 Z1.0592
X3.1706 Y-2.0003 Z1.0572
X3.178 Y-2.0081 Z1.0559
X3.1931 Y-2.0238 Z1.0532
X3.2008 Y-2.0316 Z1.0518
X3.2167 Y-2.0472 Z1.049
X3.2303 Y-2.0603 Z1.0467
X3.2497 Y-2.0785 Z1.0434
X3.2582 Y-2.0863 Z1.042
X3.2757 Y-2.102 Z1.0392
X3.2936 Y-2.1176 Z1.0363
X3.3027 Y-2.1254 Z1.0349
X3.3241 Y-2.1434 Z1.0316
X3.3405 Y-2.1567 Z1.0292
X3.3503 Y-2.1645 Z1.0277
X3.3711 Y-2.1808 Z1.0247
X3.3906 Y-2.1958 Z1.0219
X3.4117 Y-2.2114 Z1.019
X3.4224 Y-2.2192 Z1.0176
X3.4442 Y-2.2349 Z1.0147
X3.4532 Y-2.2412 Z1.0135
X3.4571 Y-2.2414 Z1.0108
X3.5134 Z0.9686
X3.5142 Y-2.2411 Z0.9678
X3.5117 Y-2.2349 Z0.9642
X3.504 Y-2.2151 Z0.953
X3.4962 Y-2.1944 Z0.9418
X3.4911 Y-2.1801 Z0.9345
X3.4854 Y-2.1645 Z0.9267
X3.4826 Y-2.1567 Z0.9228
X3.4773 Y-2.141 Z0.9153
X3.472 Y-2.1254 Z0.9082
X3.4695 Y-2.1176 Z0.9047
X3.4619 Y-2.0941 Z0.8946
X3.4595 Y-2.0863 Z0.8913
X3.4548 Y-2.0707 Z0.8852
X3.45 Y-2.0551 Z0.8791
X3.4478 Y-2.0472 Z0.876
X3.4457 Y-2.0394 Z0.8731
X3.4391 Y-2.016 Z0.8648
X3.4371 Y-2.0081 Z0.862
X3.4351 Y-2.0003 Z0.8593
X3.4331 Y-1.9925 Z0.8567
X3.4291 Y-1.9769 Z0.8518
X3.4273 Y-1.9691 Z0.8493
X3.4254 Y-1.9612 Z0.8468
X3.4217 Y-1.9456 Z0.8422
X3.418 Y-1.9289 Z0.8375
X3.4148 Y-1.9143 Z0.8336
X3.4115 Y-1.8987 Z0.8295
X3.41 Y-1.8909 Z0.8274
X3.4084 Y-1.8831 Z0.8255
X3.4053 Y-1.8674 Z0.822
X3.4039 Y-1.8596 Z0.8202
X3.4012 Y-1.844 Z0.8165
X3.3998 Y-1.8362 Z0.8149
X3.3971 Y-1.8205 Z0.8118
X3.3945 Y-1.8036 Z0.8083
X3.3923 Y-1.7893 Z0.8057
X3.3901 Y-1.7736 Z0.803
X3.388 Y-1.758 Z0.8003
X3.386 Y-1.7423 Z0.798
X3.3851 Y-1.7345 Z0.7968
X3.3843 Y-1.7267 Z0.7957
X3.3824 Y-1.7111 Z0.7937
X3.3808 Y-1.6954 Z0.7918
X3.3801 Y-1.6876 Z0.7908
X3.3789 Y-1.6746 Z0.7894
X3.3782 Y-1.6667 Z0.7886
X3.3775 Y-1.6612 Z0.7883
X3.3765 Y-1.6557 Z0.7882
X3.3753 Y-1.6503 Z0.7883
X3.3739 Y-1.6449 Z0.7886
X3.3723 Y-1.6396 Z0.789
X3.3706 Y-1.6343 Z0.7895
X3.367 Y-1.6237 Z0.7909
X3.3635 Y-1.6132 Z0.7922
X3.3619 Y-1.6079 Z0.7929
X3.3604 Y-1.6025 Z0.7934
X3.3591 Y-1.5971 Z0.7939
X3.3581 Y-1.5916 Z0.7941
X3.3573 Y-1.5861 Z0.7942
X3.3569 Y-1.5806 Z0.7941
X3.3563 Y-1.5625 Z0.7934
X3.3558 Y-1.5469 Z0.7928
X3.3556 Y-1.5391 Z0.7926
X3.3554 Y-1.5213 Z0.7922
X3.3552 Y-1.5 Z0.7921
X3.3555 Y-1.4765 Z0.7922
X3.3556 Y-1.4609 Z0.7926
X3.3558 Y-1.4531 Z0.7928
X3.3565 Y-1.4296 Z0.7936
X3.3568 Y-1.4218 Z0.794
X3.3571 Y-1.414 Z0.7943
X3.3579 Y-1.3984 Z0.7952
X3.3583 Y-1.3906 Z0.7957
X3.3587 Y-1.3827 Z0.7963
X3.3597 Y-1.3671 Z0.7974
X3.3613 Y-1.3436 Z0.7997
X3.3626 Y-1.328 Z0.8011
X3.3634 Y-1.3202 Z0.8019
X3.3641 Y-1.3124 Z0.8028
X3.3648 Y-1.3046 Z0.8038
X3.3664 Y-1.2889 Z0.8056
X3.3683 Y-1.2733 Z0.8077
X3.3691 Y-1.2655 Z0.8087
X3.37 Y-1.2577 Z0.81
X3.372 Y-1.242 Z0.8123
X3.3752 Y-1.2186 Z0.8163
X3.3775 Y-1.2029 Z0.819
X3.3789 Y-1.194 Z0.8207
X3.3811 Y-1.1795 Z0.8238
X3.3838 Y-1.1638 Z0.8268
X3.3852 Y-1.156 Z0.8285
X3.3878 Y-1.1404 Z0.8322
X3.3908 Y-1.1248 Z0.8357
X3.3924 Y-1.1169 Z0.8375
X3.3945 Y-1.1061 Z0.8402
X3.3955 Y-1.1013 Z0.8415
X3.4005 Y-1.0778 Z0.8476
X3.4024 Y-1.0694 Z0.8499
X3.4057 Y-1.0544 Z0.8542
X3.4102 Y-1.0355 Z0.8598
X3.4131 Y-1.0231 Z0.8638
X3.4171 Y-1.0075 Z0.8687
X3.4191 Y-0.9997 Z0.8713
X3.4211 Y-0.9919 Z0.874
X3.4231 Y-0.984 Z0.8768
X3.4297 Y-0.9606 Z0.8851
X3.4318 Y-0.9528 Z0.888
X3.434 Y-0.9449 Z0.8911
X3.4415 Y-0.9203 Z0.9007
X3.4435 Y-0.9137 Z0.9033
X3.4459 Y-0.9059 Z0.9066
X3.4534 Y-0.8824 Z0.9167
X3.4571 Y-0.8714 Z0.9216
X3.4613 Y-0.859 Z0.9273
X3.4666 Y-0.8433 Z0.9348
X3.4694 Y-0.8355 Z0.9386
X3.475 Y-0.8199 Z0.9464
X3.4806 Y-0.8046 Z0.9543
X3.4884 Y-0.7839 Z0.9655
X3.4917 Y-0.7755 Z0.9703
X3.4911 Y-0.775 Z0.9711
X3.4532 Z0.9995
X3.4415 Y-0.7834 Z1.0011
X3.418 Y-0.8006 Z1.0044
X3.4024 Y-0.8124 Z1.0066
X3.3867 Y-0.8244 Z1.009
X3.3711 Y-0.8366 Z1.0113
X3.3554 Y-0.8491 Z1.0137
X3.3398 Y-0.8618 Z1.0161
X3.3241 Y-0.8749 Z1.0186
X3.3062 Y-0.8902 Z1.0216
X3.2929 Y-0.9018 Z1.0238
X3.2772 Y-0.9158 Z1.0264
X3.2616 Y-0.9302 Z1.0291
X3.2458 Y-0.9449 Z1.0319
X3.2376 Y-0.9528 Z1.0333
X3.2225 Y-0.9676 Z1.0361
X3.2061 Y-0.984 Z1.0391
X3.1985 Y-0.9919 Z1.0405
X3.191 Y-0.9997 Z1.042
X3.1755 Y-1.0162 Z1.0449
X3.1599 Y-1.0335 Z1.048
X3.1442 Y-1.0514 Z1.0512
X3.1351 Y-1.0622 Z1.0531
X3.1286 Y-1.07 Z1.0545
X3.1208 Y-1.0796 Z1.0561
X3.1097 Y-1.0935 Z1.0585
X3.1036 Y-1.1013 Z1.0598
X3.0917 Y-1.1169 Z1.0624
X3.0817 Y-1.1306 Z1.0647
X3.0692 Y-1.1482 Z1.0676
X3.0639 Y-1.156 Z1.0688
X3.0582 Y-1.1645 Z1.0702
X3.0535 Y-1.1717 Z1.0713
X3.0426 Y-1.1888 Z1.074
X3.0339 Y-1.2029 Z1.0761
X3.0248 Y-1.2186 Z1.0784
X3.0191 Y-1.2288 Z1.0799
X3.0113 Y-1.2433 Z1.0819
X3.0035 Y-1.2586 Z1.084
X3. Y-1.2655 Z1.0849
X2.9927 Y-1.2811 Z1.0869
X2.9892 Y-1.2889 Z1.0879
X2.9825 Y-1.3046 Z1.0897
X2.9794 Y-1.3124 Z1.0906
X2.9763 Y-1.3202 Z1.0915
X2.9722 Y-1.3314 Z1.0926
X2.9706 Y-1.3358 Z1.0931
X2.9679 Y-1.3436 Z1.0939
X2.9643 Y-1.3547 Z1.0949
X2.9606 Y-1.3671 Z1.096
X2.9565 Y-1.3819 Z1.0973
X2.9544 Y-1.3906 Z1.0979
X2.9526 Y-1.3984 Z1.0985
X2.9487 Y-1.4166 Z1.0997
X2.9465 Y-1.4296 Z1.1003
X2.9454 Y-1.4375 Z1.1007
X2.9444 Y-1.4453 Z1.101
X2.9434 Y-1.4531 Z1.1013
X2.9427 Y-1.4609 Z1.1016
X2.942 Y-1.4687 Z1.1018
X2.9415 Y-1.4765 Z1.1019
X2.9411 Y-1.4844 Z1.1021
X2.9409 Y-1.4922 Z1.1022
X2.9408 Y-1.5
X2.9409 Y-1.5078
X2.9411 Y-1.5156 Z1.1021
X2.9415 Y-1.5235 Z1.1019
X2.942 Y-1.5313 Z1.1018
X2.9427 Y-1.5391 Z1.1016
X2.9434 Y-1.5469 Z1.1013
X2.9444 Y-1.5547 Z1.101
X2.9454 Y-1.5625 Z1.1007
X2.9466 Y-1.5704 Z1.1003
X2.9487 Y-1.5834 Z1.0997
X2.9526 Y-1.6016 Z1.0985
X2.9543 Y-1.6094 Z1.0979
X2.9565 Y-1.6181 Z1.0973
X2.9606 Y-1.6329 Z1.096
X2.9643 Y-1.6453 Z1.0949
X2.9679 Y-1.6564 Z1.0939
X2.9722 Y-1.6686 Z1.0926
X2.9763 Y-1.6798 Z1.0915
X2.98 Y-1.6892 Z1.0904
X2.9858 Y-1.7033 Z1.0888
X2.9892 Y-1.7111 Z1.0878
X2.9927 Y-1.7189 Z1.0869
X3.0001 Y-1.7345 Z1.0849
X3.0039 Y-1.7423 Z1.0839
X3.0119 Y-1.758 Z1.0817
X3.0191 Y-1.7712 Z1.0799
X3.0248 Y-1.7814 Z1.0784
X3.0339 Y-1.7971 Z1.0761
X3.0435 Y-1.8127 Z1.0737
X3.0535 Y-1.8283 Z1.0713
X3.0639 Y-1.844 Z1.0688
X3.0738 Y-1.8584 Z1.0665
X3.0859 Y-1.8752 Z1.0638
X3.0917 Y-1.8831 Z1.0624
X3.1036 Y-1.8987 Z1.0598
X3.1159 Y-1.9143 Z1.0572
X3.1221 Y-1.9222 Z1.0558
X3.1286 Y-1.93 Z1.0544
X3.1417 Y-1.9456 Z1.0517
X3.1553 Y-1.9612 Z1.049
X3.1622 Y-1.9691 Z1.0476
X3.1764 Y-1.9847 Z1.0448
X3.1912 Y-2.0005 Z1.0419
X3.199 Y-2.0086 Z1.0404
X3.2068 Y-2.0167 Z1.039
X3.2225 Y-2.0324 Z1.0361
X3.2376 Y-2.0472 Z1.0333
X3.2541 Y-2.0629 Z1.0304
X3.2625 Y-2.0707 Z1.029
X3.2796 Y-2.0863 Z1.026
X3.2972 Y-2.102 Z1.0231
X3.3163 Y-2.1185 Z1.0199
X3.332 Y-2.1317 Z1.0174
X3.3433 Y-2.141 Z1.0156
X3.3633 Y-2.1572 Z1.0125
X3.3789 Y-2.1695 Z1.0101
X3.3945 Y-2.1817 Z1.0078
X3.4132 Y-2.1958 Z1.0051
X3.4343 Y-2.2114 Z1.0021
X3.4493 Y-2.2222 Z1.
X3.4532 Y-2.225 Z0.9995
X3.4911 Z0.9711
X3.4917 Y-2.2247 Z0.9704
X3.4884 Y-2.2161 Z0.9655
X3.4806 Y-2.1954 Z0.9543
X3.475 Y-2.1801 Z0.9464
X3.4694 Y-2.1645 Z0.9386
X3.4649 Y-2.1517 Z0.9324
X3.4613 Y-2.141 Z0.9273
X3.456 Y-2.1254 Z0.9202
X3.4509 Y-2.1098 Z0.9133
X3.4459 Y-2.0941 Z0.9066
X3.4435 Y-2.0863 Z0.9033
X3.4387 Y-2.0707 Z0.8971
X3.4336 Y-2.0538 Z0.8906
X3.4318 Y-2.0472 Z0.888
X3.4297 Y-2.0394 Z0.8851
X3.4231 Y-2.016 Z0.8768
X3.4211 Y-2.0081 Z0.874
X3.418 Y-1.9959 Z0.8698
X3.4151 Y-1.9847 Z0.8662
X3.4131 Y-1.9769 Z0.8638
X3.4102 Y-1.9645 Z0.8598
X3.4057 Y-1.9456 Z0.8542
X3.4022 Y-1.93 Z0.8497
X3.4005 Y-1.9222 Z0.8476
X3.3955 Y-1.8987 Z0.8415
X3.394 Y-1.8909 Z0.8394
X3.3924 Y-1.8831 Z0.8375
X3.3893 Y-1.8674 Z0.8339
X3.3878 Y-1.8596 Z0.8322
X3.3852 Y-1.844 Z0.8285
X3.3838 Y-1.8362 Z0.8268
X3.3811 Y-1.8205 Z0.8238
X3.3787 Y-1.8049 Z0.8205
X3.3775 Y-1.7971 Z0.819
X3.3752 Y-1.7814 Z0.8163
X3.372 Y-1.758 Z0.8123
X3.37 Y-1.7423 Z0.81
X3.3691 Y-1.7345 Z0.8087
X3.3673 Y-1.7189 Z0.8066
X3.3656 Y-1.7033 Z0.8047
X3.3648 Y-1.6954 Z0.8038
X3.3641 Y-1.6876 Z0.8028
X3.3633 Y-1.6784 Z0.8017
X3.3619 Y-1.6642 Z0.8004
X3.3613 Y-1.6564 Z0.7997
X3.3597 Y-1.6329 Z0.7974
X3.3587 Y-1.6173 Z0.7963
X3.3583 Y-1.6094 Z0.7957
X3.3579 Y-1.6016 Z0.7952
X3.3571 Y-1.586 Z0.7943
X3.3569 Y-1.5806 Z0.7941
X3.3565 Y-1.5751 Z0.794
X3.3557 Y-1.5696 Z0.7942
X3.3547 Y-1.5641 Z0.7946
X3.3535 Y-1.5587 Z0.7952
X3.3521 Y-1.5533 Z0.7959
X3.3506 Y-1.548 Z0.7968
X3.3475 Y-1.5374 Z0.7986
X3.3444 Y-1.5268 Z0.8006
X3.343 Y-1.5215 Z0.8016
X3.3418 Y-1.5161 Z0.8024
X3.3407 Y-1.5106 Z0.8031
X3.3399 Y-1.5052 Z0.8036
X3.3394 Y-1.4997 Z0.804
X3.3393 Y-1.4941 Z0.8041
X3.3394 Y-1.4765 Z0.8042
X3.3396 Y-1.4609 Z0.8046
X3.3398 Y-1.4531 Z0.8048
X3.3405 Y-1.4296 Z0.8056
X3.3408 Y-1.4218 Z0.806
X3.3411 Y-1.414 Z0.8063
X3.3419 Y-1.3984 Z0.8072
X3.3423 Y-1.3906 Z0.8077
X3.3427 Y-1.3827 Z0.8083
X3.3437 Y-1.3671 Z0.8094
X3.3453 Y-1.3436 Z0.8117
X3.3466 Y-1.328 Z0.8131
X3.3476 Y-1.3176 Z0.8141
X3.3481 Y-1.3124 Z0.8147
X3.3488 Y-1.3046 Z0.8157
X3.3504 Y-1.2889 Z0.8176
X3.3522 Y-1.2733 Z0.8196
X3.3531 Y-1.2655 Z0.8207
X3.354 Y-1.2577 Z0.822
X3.356 Y-1.242 Z0.8243
X3.3592 Y-1.2186 Z0.8283
X3.3603 Y-1.2107 Z0.8296
X3.3615 Y-1.2029 Z0.831
X3.3633 Y-1.1915 Z0.8332
X3.3651 Y-1.1795 Z0.8357
X3.3677 Y-1.1638 Z0.8388
X3.3691 Y-1.156 Z0.8405
X3.3718 Y-1.1404 Z0.8441
X3.3748 Y-1.1248 Z0.8477
X3.3764 Y-1.1169 Z0.8495
X3.378 Y-1.1091 Z0.8514
X3.3794 Y-1.1013 Z0.8535
X3.3845 Y-1.0778 Z0.8596
X3.3867 Y-1.0677 Z0.8624
X3.3897 Y-1.0544 Z0.8662
X3.3945 Y-1.0339 Z0.8723
X3.3971 Y-1.0231 Z0.8757
X3.3991 Y-1.0153 Z0.8782
X3.4024 Y-1.0027 Z0.8823
X3.4051 Y-0.9919 Z0.886
X3.4071 Y-0.984 Z0.8888
X3.4137 Y-0.9606 Z0.897
X3.4158 Y-0.9528 Z0.9
X3.418 Y-0.9449 Z0.9031
X3.4258 Y-0.9191 Z0.9131
X3.4275 Y-0.9137 Z0.9153
X3.4299 Y-0.9059 Z0.9186
X3.4374 Y-0.8824 Z0.9287
X3.4415 Y-0.8703 Z0.9341
X3.4453 Y-0.859 Z0.9393
X3.4506 Y-0.8433 Z0.9468
X3.4533 Y-0.8355 Z0.9506
X3.459 Y-0.8199 Z0.9584
X3.4647 Y-0.8042 Z0.9665
X3.4693 Y-0.7921 Z0.973
X3.4684 Y-0.7916 Z0.9742
X3.4532 Z0.9855
X3.4493 Y-0.7943 Z0.9862
X3.4336 Y-0.8058 Z0.9884
X3.4151 Y-0.8199 Z0.9913
X3.3945 Y-0.8357 Z0.9944
X3.3849 Y-0.8433 Z0.996
X3.3633 Y-0.8607 Z0.9994
X3.3464 Y-0.8746 Z1.0022
X3.332 Y-0.8868 Z1.0046
X3.3099 Y-0.9059 Z1.0084
X3.3007 Y-0.914 Z1.01
X3.2838 Y-0.9293 Z1.013
X3.267 Y-0.9449 Z1.016
X3.2537 Y-0.9575 Z1.0184
X3.2381 Y-0.9728 Z1.0214
X3.2269 Y-0.984 Z1.0236
X3.2146 Y-0.9965 Z1.0259
X3.2041 Y-1.0075 Z1.028
X3.1968 Y-1.0153 Z1.0295
X3.1824 Y-1.0309 Z1.0324
X3.1754 Y-1.0388 Z1.0339
X3.1599 Y-1.0565 Z1.0371
X3.1484 Y-1.07 Z1.0396
X3.1419 Y-1.0778 Z1.0411
X3.1286 Y-1.0943 Z1.044
X3.1208 Y-1.1042 Z1.0458
X3.111 Y-1.1169 Z1.048
X3.0994 Y-1.1326 Z1.0508
X3.0895 Y-1.1464 Z1.0531
X3.0817 Y-1.1575 Z1.055
X3.0722 Y-1.1717 Z1.0573
X3.066 Y-1.181 Z1.0589
X3.0571 Y-1.1951 Z1.0611
X3.0504 Y-1.2061 Z1.0629
X3.0426 Y-1.2193 Z1.0649
X3.0342 Y-1.2342 Z1.0672
X3.0299 Y-1.242 Z1.0683
X3.0257 Y-1.2498 Z1.0695
X3.0177 Y-1.2655 Z1.0716
X3.0139 Y-1.2733 Z1.0728
X3.0102 Y-1.2811 Z1.0738
X3.0066 Y-1.2889 Z1.0748
X3.0031 Y-1.2967 Z1.0759
X2.9965 Y-1.3124 Z1.0777
X2.9934 Y-1.3202 Z1.0787
X2.9904 Y-1.328 Z1.0795
X2.9876 Y-1.3358 Z1.0804
X2.9848 Y-1.3436 Z1.0813
X2.98 Y-1.3582 Z1.0827
X2.9773 Y-1.3671 Z1.0836
X2.975 Y-1.3749 Z1.0843
X2.9722 Y-1.3854 Z1.0852
X2.9708 Y-1.3906 Z1.0856
X2.969 Y-1.3984 Z1.0862
X2.9656 Y-1.414 Z1.0873
X2.9643 Y-1.4201 Z1.0877
X2.9628 Y-1.4296 Z1.0882
X2.9616 Y-1.4375 Z1.0886
X2.9605 Y-1.4453 Z1.0889
X2.9596 Y-1.4531 Z1.0892
X2.9587 Y-1.4609 Z1.0895
X2.9581 Y-1.4687 Z1.0898
X2.9575 Y-1.4765 Z1.0899
X2.9571 Y-1.4844 Z1.0901
X2.9569 Y-1.4922 Z1.0902
X2.9568 Y-1.5
X2.9569 Y-1.5078
X2.9572 Y-1.5156 Z1.0901
X2.9575 Y-1.5235 Z1.0899
X2.9581 Y-1.5313 Z1.0898
X2.9587 Y-1.5391 Z1.0895
X2.9596 Y-1.5469 Z1.0892
X2.9605 Y-1.5547 Z1.0889
X2.9616 Y-1.5625 Z1.0886
X2.9628 Y-1.5704 Z1.0882
X2.9643 Y-1.5799 Z1.0877
X2.9656 Y-1.586 Z1.0873
X2.969 Y-1.6016 Z1.0862
X2.9708 Y-1.6094 Z1.0856
X2.9729 Y-1.6173 Z1.085
X2.975 Y-1.6251 Z1.0843
X2.9773 Y-1.6329 Z1.0836
X2.98 Y-1.6418 Z1.0827
X2.9848 Y-1.6564 Z1.0813
X2.9878 Y-1.6649 Z1.0804
X2.9904 Y-1.672 Z1.0795
X2.9934 Y-1.6798 Z1.0787
X2.9965 Y-1.6876 Z1.0777
X2.9998 Y-1.6954 Z1.0768
X3.0066 Y-1.7111 Z1.0748
X3.0113 Y-1.7211 Z1.0735
X3.0177 Y-1.7345 Z1.0717
X3.0217 Y-1.7423 Z1.0706
X3.0299 Y-1.758 Z1.0683
X3.0385 Y-1.7736 Z1.066
X3.043 Y-1.7814 Z1.0648
X3.0504 Y-1.7939 Z1.0629
X3.0582 Y-1.8066 Z1.0609
X3.067 Y-1.8205 Z1.0587
X3.0738 Y-1.8309 Z1.0569
X3.0827 Y-1.844 Z1.0547
X3.0937 Y-1.8596 Z1.0521
X3.0994 Y-1.8674 Z1.0508
X3.111 Y-1.8831 Z1.048
X3.123 Y-1.8987 Z1.0453
X3.1364 Y-1.9155 Z1.0423
X3.1442 Y-1.925 Z1.0405
X3.155 Y-1.9378 Z1.0382
X3.1617 Y-1.9456 Z1.0368
X3.1755 Y-1.9614 Z1.0339
X3.1834 Y-1.9701 Z1.0322
X3.199 Y-1.987 Z1.029
X3.2146 Y-2.0035 Z1.0259
X3.2269 Y-2.016 Z1.0236
X3.2426 Y-2.0316 Z1.0206
X3.2587 Y-2.0472 Z1.0175
X3.2694 Y-2.0573 Z1.0156
X3.285 Y-2.0718 Z1.0128
X3.3011 Y-2.0863 Z1.0099
X3.3163 Y-2.0997 Z1.0073
X3.3398 Y-2.1199 Z1.0033
X3.3559 Y-2.1332 Z1.0006
X3.3654 Y-2.141 Z0.9991
X3.3867 Y-2.1581 Z0.9956
X3.4024 Y-2.1704 Z0.9932
X3.418 Y-2.1824 Z0.9908
X3.4358 Y-2.1958 Z0.9881
X3.4493 Y-2.2057 Z0.9862
X3.4532 Y-2.2084 Z0.9855
X3.4684 Z0.9742
X3.4693 Y-2.2079 Z0.973
X3.4647 Y-2.1958 Z0.9665
X3.459 Y-2.1801 Z0.9584
X3.4533 Y-2.1645 Z0.9506
X3.4493 Y-2.1528 Z0.9449
X3.4453 Y-2.141 Z0.9393
X3.44 Y-2.1254 Z0.9322
X3.4374 Y-2.1176 Z0.9287
X3.4299 Y-2.0941 Z0.9186
X3.4275 Y-2.0863 Z0.9153
X3.4227 Y-2.0707 Z0.9091
X3.418 Y-2.0551 Z0.9031
X3.4158 Y-2.0472 Z0.9
X3.4137 Y-2.0394 Z0.897
X3.4071 Y-2.016 Z0.8888
X3.4051 Y-2.0081 Z0.886
X3.4024 Y-1.9973 Z0.8823
X3.3991 Y-1.9847 Z0.8782
X3.3971 Y-1.9769 Z0.8757
X3.3945 Y-1.9661 Z0.8723
X3.3897 Y-1.9456 Z0.8662
X3.3862 Y-1.93 Z0.8617
X3.3845 Y-1.9222 Z0.8596
X3.3794 Y-1.8987 Z0.8535
X3.378 Y-1.8909 Z0.8514
X3.3764 Y-1.8831 Z0.8495
X3.3733 Y-1.8674 Z0.8459
X3.3718 Y-1.8596 Z0.8441
X3.3691 Y-1.844 Z0.8405
X3.3677 Y-1.8362 Z0.8388
X3.3651 Y-1.8205 Z0.8357
X3.3627 Y-1.8049 Z0.8325
X3.3615 Y-1.7971 Z0.831
X3.3603 Y-1.7893 Z0.8296
X3.3581 Y-1.7736 Z0.8269
X3.356 Y-1.758 Z0.8243
X3.354 Y-1.7423 Z0.822
X3.3531 Y-1.7345 Z0.8207
X3.3513 Y-1.7189 Z0.8186
X3.3496 Y-1.7033 Z0.8167
X3.3488 Y-1.6954 Z0.8157
X3.3481 Y-1.6876 Z0.8147
X3.3474 Y-1.6798 Z0.8139
X3.3466 Y-1.672 Z0.8131
X3.3453 Y-1.6564 Z0.8117
X3.3437 Y-1.6329 Z0.8094
X3.3427 Y-1.6173 Z0.8083
X3.3423 Y-1.6094 Z0.8077
X3.3415 Y-1.5938 Z0.8068
X3.3411 Y-1.586 Z0.8063
X3.3408 Y-1.5782 Z0.806
X3.3403 Y-1.5625 Z0.8053
X3.3398 Y-1.5465 Z0.8048
X3.3396 Y-1.5391 Z0.8046
X3.3394 Y-1.5235 Z0.8042
X3.3392 Y-1.5 Z0.8041
X3.3393 Y-1.4941
X3.3391 Y-1.4886 Z0.8043
X3.3387 Y-1.483 Z0.8048
X3.3379 Y-1.4776 Z0.8054
X3.337 Y-1.4721 Z0.8063
X3.3358 Y-1.4668 Z0.8073
X3.3346 Y-1.4614 Z0.8084
X3.3319 Y-1.4508 Z0.8108
X3.3292 Y-1.4402 Z0.8134
X3.328 Y-1.4349 Z0.8146
X3.327 Y-1.4295 Z0.8157
X3.3262 Y-1.4241 Z0.8167
X3.3256 Y-1.4186 Z0.8176
X3.3253 Y-1.4131 Z0.8182
X3.3254 Y-1.4076 Z0.8187
X3.3263 Y-1.3906 Z0.8197
X3.3267 Y-1.3827 Z0.8203
X3.3277 Y-1.3671 Z0.8214
X3.3288 Y-1.3515 Z0.8229
X3.3293 Y-1.3436 Z0.8236
X3.3299 Y-1.3358 Z0.8243
X3.3306 Y-1.328 Z0.825
X3.332 Y-1.3137 Z0.8266
X3.3336 Y-1.2967 Z0.8287
X3.3353 Y-1.2811 Z0.8306
X3.3371 Y-1.2655 Z0.8327
X3.338 Y-1.2577 Z0.8339
X3.34 Y-1.242 Z0.8363
X3.3432 Y-1.2186 Z0.8402
X3.3443 Y-1.2107 Z0.8416
X3.3455 Y-1.2029 Z0.843
X3.3467 Y-1.1951 Z0.8445
X3.349 Y-1.1795 Z0.8477
X3.3517 Y-1.1638 Z0.8508
X3.3531 Y-1.156 Z0.8524
X3.3558 Y-1.1404 Z0.8561
X3.3588 Y-1.1248 Z0.8597
X3.3603 Y-1.1169 Z0.8615
X3.3619 Y-1.1091 Z0.8634
X3.3634 Y-1.1013 Z0.8655
X3.3684 Y-1.0778 Z0.8716
X3.3702 Y-1.07 Z0.8737
X3.3737 Y-1.0544 Z0.8782
X3.3789 Y-1.0324 Z0.8847
X3.3811 Y-1.0231 Z0.8877
X3.383 Y-1.0153 Z0.8902
X3.3871 Y-0.9997 Z0.8953
X3.3891 Y-0.9919 Z0.898
X3.3911 Y-0.984 Z0.9008
X3.3977 Y-0.9606 Z0.909
X3.3998 Y-0.9528 Z0.912
X3.4024 Y-0.9437 Z0.9156
X3.4102 Y-0.9179 Z0.9256
X3.4115 Y-0.9137 Z0.9273
X3.4164 Y-0.898 Z0.9339
X3.4214 Y-0.8824 Z0.9407
X3.424 Y-0.8746 Z0.9441
X3.4267 Y-0.8668 Z0.9477
X3.4293 Y-0.859 Z0.9513
X3.4346 Y-0.8433 Z0.9588
X3.4373 Y-0.8355 Z0.9626
X3.4445 Y-0.8157 Z0.9725
X3.4447 Y-0.8152 Z0.9727
X3.4445 Y-0.8147 Z0.9733
X3.4258 Y-0.8289 Z0.9762
X3.4073 Y-0.8433 Z0.9792
X3.3945 Y-0.8534 Z0.9813
X3.3867 Y-0.8597 Z0.9826
X3.3685 Y-0.8746 Z0.9857
X3.3554 Y-0.8855 Z0.9879
X3.3398 Y-0.8988 Z0.9907
X3.3227 Y-0.9137 Z0.9937
X3.3053 Y-0.9293 Z0.9969
X3.285 Y-0.948 Z1.0007
X3.2772 Y-0.9553 Z1.0022
X3.2636 Y-0.9684 Z1.0048
X3.2459 Y-0.9859 Z1.0083
X3.2381 Y-0.9937 Z1.0099
X3.2225 Y-1.0099 Z1.0131
X3.21 Y-1.0231 Z1.0157
X3.199 Y-1.0351 Z1.018
X3.1887 Y-1.0466 Z1.0202
X3.1818 Y-1.0544 Z1.0217
X3.1677 Y-1.0707 Z1.0249
X3.1599 Y-1.08 Z1.0266
X3.1489 Y-1.0935 Z1.0292
X3.1426 Y-1.1013 Z1.0306
X3.1364 Y-1.1092 Z1.0321
X3.1286 Y-1.1193 Z1.0339
X3.1187 Y-1.1326 Z1.0364
X3.1072 Y-1.1482 Z1.0392
X3.1017 Y-1.156 Z1.0405
X3.091 Y-1.1717 Z1.0433
X3.0807 Y-1.1873 Z1.046
X3.0738 Y-1.1979 Z1.0477
X3.066 Y-1.2107 Z1.0498
X3.0613 Y-1.2186 Z1.0511
X3.0523 Y-1.2342 Z1.0536
X3.0479 Y-1.242 Z1.0548
X3.0426 Y-1.2519 Z1.0564
X3.0355 Y-1.2655 Z1.0584
X3.0278 Y-1.2811 Z1.0606
X3.0205 Y-1.2967 Z1.0628
X3.0171 Y-1.3046 Z1.0639
X3.0106 Y-1.3202 Z1.0658
X3.0075 Y-1.328 Z1.0668
X3.0035 Y-1.3388 Z1.0681
X2.999 Y-1.3515 Z1.0695
X2.9956 Y-1.3618 Z1.0705
X2.994 Y-1.3671 Z1.0711
X2.9916 Y-1.3749 Z1.0718
X2.9878 Y-1.3888 Z1.0731
X2.9854 Y-1.3984 Z1.0739
X2.9836 Y-1.4062 Z1.0745
X2.9819 Y-1.414 Z1.075
X2.98 Y-1.4236 Z1.0757
X2.979 Y-1.4296 Z1.0761
X2.9778 Y-1.4375 Z1.0765
X2.9767 Y-1.4453 Z1.0769
X2.9757 Y-1.4531 Z1.0772
X2.9748 Y-1.4609 Z1.0775
X2.9742 Y-1.4687 Z1.0777
X2.9736 Y-1.4765 Z1.0779
X2.9732 Y-1.4844 Z1.0781
X2.9729 Y-1.4922 Z1.0782
X2.9728 Y-1.5
X2.9729 Y-1.5078
X2.9732 Y-1.5156 Z1.0781
X2.9736 Y-1.5235 Z1.0779
X2.9742 Y-1.5313 Z1.0777
X2.9748 Y-1.5391 Z1.0775
X2.9759 Y-1.5484 Z1.0771
X2.9767 Y-1.5547 Z1.0769
X2.9778 Y-1.5625 Z1.0765
X2.979 Y-1.5704 Z1.076
X2.98 Y-1.5764 Z1.0757
X2.9819 Y-1.586 Z1.075
X2.9836 Y-1.5938 Z1.0745
X2.9854 Y-1.6016 Z1.0739
X2.9878 Y-1.6112 Z1.0731
X2.9917 Y-1.6251 Z1.0718
X2.994 Y-1.6329 Z1.0711
X2.9964 Y-1.6407 Z1.0703
X2.999 Y-1.6485 Z1.0695
X3.0035 Y-1.6611 Z1.0681
X3.0075 Y-1.672 Z1.0668
X3.0113 Y-1.6815 Z1.0656
X3.0138 Y-1.6876 Z1.0648
X3.0205 Y-1.7033 Z1.0628
X3.0269 Y-1.717 Z1.0609
X3.0316 Y-1.7267 Z1.0595
X3.0355 Y-1.7345 Z1.0584
X3.0426 Y-1.7481 Z1.0564
X3.0479 Y-1.758 Z1.0548
X3.0522 Y-1.7658 Z1.0536
X3.0613 Y-1.7814 Z1.0511
X3.0707 Y-1.7971 Z1.0486
X3.0756 Y-1.8049 Z1.0473
X3.0817 Y-1.8143 Z1.0457
X3.091 Y-1.8283 Z1.0433
X3.1017 Y-1.844 Z1.0405
X3.1072 Y-1.8518 Z1.0392
X3.1187 Y-1.8674 Z1.0364
X3.1304 Y-1.8831 Z1.0335
X3.1426 Y-1.8987 Z1.0306
X3.1553 Y-1.9143 Z1.0277
X3.1617 Y-1.9222 Z1.0262
X3.1683 Y-1.93 Z1.0247
X3.1818 Y-1.9456 Z1.0217
X3.1957 Y-1.9612 Z1.0187
X3.2028 Y-1.9691 Z1.0172
X3.2173 Y-1.9847 Z1.0141
X3.2248 Y-1.9925 Z1.0126
X3.24 Y-2.0081 Z1.0095
X3.2537 Y-2.0219 Z1.0068
X3.2637 Y-2.0316 Z1.0048
X3.2772 Y-2.0447 Z1.0022
X3.2929 Y-2.0593 Z0.9993
X3.314 Y-2.0785 Z0.9953
X3.3241 Y-2.0876 Z0.9934
X3.3407 Y-2.102 Z0.9905
X3.3591 Y-2.1176 Z0.9873
X3.3711 Y-2.1276 Z0.9852
X3.3876 Y-2.141 Z0.9824
X3.4073 Y-2.1567 Z0.9792
X3.418 Y-2.1651 Z0.9775
X3.4445 Y-2.1853 Z0.9733
X3.4447 Y-2.1848 Z0.9727
X3.4401 Y-2.1723 Z0.9665
X3.4373 Y-2.1645 Z0.9626
X3.4336 Y-2.1539 Z0.9574
X3.4293 Y-2.141 Z0.9513
X3.4258 Y-2.1308 Z0.9466
X3.424 Y-2.1254 Z0.9441
X3.4214 Y-2.1176 Z0.9407
X3.4164 Y-2.102 Z0.9339
X3.4115 Y-2.0863 Z0.9273
X3.4067 Y-2.0707 Z0.9211
X3.402 Y-2.0551 Z0.9151
X3.3998 Y-2.0472 Z0.912
X3.3977 Y-2.0394 Z0.909
X3.3911 Y-2.016 Z0.9008
X3.3891 Y-2.0081 Z0.898
X3.3867 Y-1.9988 Z0.8947
X3.383 Y-1.9847 Z0.8902
X3.3811 Y-1.9769 Z0.8877
X3.3789 Y-1.9676 Z0.8847
X3.3737 Y-1.9456 Z0.8782
X3.3702 Y-1.93 Z0.8737
X3.3684 Y-1.9222 Z0.8716
X3.3634 Y-1.8987 Z0.8655
X3.3619 Y-1.8909 Z0.8634
X3.3603 Y-1.8831 Z0.8615
X3.3573 Y-1.8674 Z0.8579
X3.3554 Y-1.8574 Z0.8556
X3.3531 Y-1.844 Z0.8524
X3.3517 Y-1.8362 Z0.8508
X3.349 Y-1.8205 Z0.8477
X3.3467 Y-1.8049 Z0.8445
X3.3455 Y-1.7971 Z0.843
X3.3443 Y-1.7893 Z0.8416
X3.3421 Y-1.7736 Z0.8389
X3.3398 Y-1.7564 Z0.8361
X3.338 Y-1.7423 Z0.8339
X3.3371 Y-1.7345 Z0.8327
X3.3353 Y-1.7189 Z0.8306
X3.3336 Y-1.7033 Z0.8287
X3.332 Y-1.6863 Z0.8266
X3.3306 Y-1.672 Z0.825
X3.3299 Y-1.6642 Z0.8243
X3.3293 Y-1.6564 Z0.8236
X3.3282 Y-1.6407 Z0.8221
X3.3277 Y-1.6329 Z0.8214
X3.3267 Y-1.6173 Z0.8203
X3.3263 Y-1.6094 Z0.8197
X3.3255 Y-1.5938 Z0.8187
X3.3251 Y-1.586 Z0.8183
X3.3247 Y-1.5782 Z0.8179
X3.3241 Y-1.5591 Z0.8172
X3.3238 Y-1.5469 Z0.8168
X3.3236 Y-1.5391 Z0.8166
X3.3234 Y-1.5235 Z0.8162
X3.3232 Y-1.5 Z0.8161
X3.3234 Y-1.4765 Z0.8162
X3.3236 Y-1.4609 Z0.8166
X3.3238 Y-1.4531 Z0.8168
X3.3245 Y-1.4296 Z0.8176
X3.3247 Y-1.4218 Z0.8179
X3.3251 Y-1.414 Z0.8183
X3.3254 Y-1.4076 Z0.8187
X3.3255 Y-1.4021 Z0.8191
X3.3253 Y-1.3965 Z0.8199
X3.3248 Y-1.3911 Z0.8208
X3.324 Y-1.3857 Z0.822
X3.3231 Y-1.3803 Z0.8233
X3.3221 Y-1.375 Z0.8247
X3.3198 Y-1.3644 Z0.8277
X3.3176 Y-1.3539 Z0.8308
X3.3167 Y-1.3486 Z0.8323
X3.3158 Y-1.3432 Z0.8337
X3.3153 Y-1.3379 Z0.835
X3.3149 Y-1.3324 Z0.8361
Y-1.327 Z0.837
X3.3152 Y-1.3215 Z0.8377
X3.3163 Y-1.3096 Z0.839
X3.3176 Y-1.2967 Z0.8406
X3.3193 Y-1.2811 Z0.8426
X3.3211 Y-1.2655 Z0.8447
X3.322 Y-1.2577 Z0.8459
X3.3241 Y-1.2408 Z0.8484
X3.3272 Y-1.2186 Z0.8522
X3.3283 Y-1.2107 Z0.8536
X3.3295 Y-1.2029 Z0.855
X3.3307 Y-1.1951 Z0.8565
X3.333 Y-1.1795 Z0.8597
X3.3357 Y-1.1638 Z0.8628
X3.3371 Y-1.156 Z0.8644
X3.3398 Y-1.1404 Z0.8681
X3.3428 Y-1.1248 Z0.8716
X3.3443 Y-1.1169 Z0.8734
X3.3459 Y-1.1091 Z0.8754
X3.3476 Y-1.1004 Z0.8777
X3.3524 Y-1.0778 Z0.8836
X3.3542 Y-1.07 Z0.8857
X3.3577 Y-1.0544 Z0.8902
X3.3614 Y-1.0388 Z0.8948
X3.3633 Y-1.0309 Z0.8972
X3.3651 Y-1.0231 Z0.8997
X3.367 Y-1.0153 Z0.9022
X3.3711 Y-0.9997 Z0.9072
X3.3731 Y-0.9919 Z0.9099
X3.3751 Y-0.984 Z0.9127
X3.3816 Y-0.9606 Z0.921
X3.3838 Y-0.9528 Z0.924
X3.386 Y-0.9449 Z0.927
X3.3931 Y-0.9215 Z0.9361
X3.3955 Y-0.9137 Z0.9393
X3.4004 Y-0.898 Z0.9459
X3.4054 Y-0.8824 Z0.9526
X3.408 Y-0.8746 Z0.9561
X3.4106 Y-0.8668 Z0.9597
X3.4139 Y-0.8571 Z0.9641
X3.4141 Y-0.8564 Z0.9645
X3.4139 Y-0.8558 Z0.9651
X3.4024 Y-0.8651 Z0.9671
X3.3867 Y-0.8778 Z0.9698
X3.3711 Y-0.8909 Z0.9726
X3.3535 Y-0.9059 Z0.9758
X3.3445 Y-0.9137 Z0.9774
X3.3269 Y-0.9293 Z0.9808
X3.3085 Y-0.9461 Z0.9843
X3.3007 Y-0.9533 Z0.9858
X3.2929 Y-0.9607 Z0.9874
X3.2768 Y-0.9762 Z0.9906
X3.2609 Y-0.9919 Z0.9938
X3.2531 Y-0.9997 Z0.9955
X3.2455 Y-1.0075 Z0.9971
X3.2306 Y-1.0231 Z1.0003
X3.2225 Y-1.0318 Z1.0021
X3.209 Y-1.0466 Z1.005
X3.199 Y-1.0578 Z1.0073
X3.1834 Y-1.0759 Z1.0109
X3.1751 Y-1.0857 Z1.0128
X3.1623 Y-1.1013 Z1.0159
X3.1521 Y-1.1142 Z1.0183
X3.1439 Y-1.1248 Z1.0204
X3.1364 Y-1.1347 Z1.0223
X3.1264 Y-1.1482 Z1.0248
X3.1208 Y-1.156 Z1.0262
X3.113 Y-1.1672 Z1.0283
X3.1046 Y-1.1795 Z1.0306
X3.0973 Y-1.1905 Z1.0325
X3.0893 Y-1.2029 Z1.0347
X3.0817 Y-1.2153 Z1.0368
X3.0738 Y-1.2284 Z1.039
X3.066 Y-1.242 Z1.0413
X3.0617 Y-1.2498 Z1.0426
X3.0575 Y-1.2577 Z1.0438
X3.0533 Y-1.2655 Z1.045
X3.0455 Y-1.2811 Z1.0474
X3.0417 Y-1.2889 Z1.0486
X3.0345 Y-1.3046 Z1.0508
X3.0311 Y-1.3124 Z1.0519
X3.0247 Y-1.328 Z1.0539
X3.0216 Y-1.3358 Z1.055
X3.0187 Y-1.3436 Z1.0559
X3.016 Y-1.3515 Z1.0568
X3.0113 Y-1.3654 Z1.0583
X3.0083 Y-1.3749 Z1.0593
X3.0061 Y-1.3827 Z1.0601
X3.0035 Y-1.3922 Z1.061
X3.0019 Y-1.3984 Z1.0615
X3.0001 Y-1.4062 Z1.0622
X2.9983 Y-1.414 Z1.0628
X2.9956 Y-1.4271 Z1.0638
X2.994 Y-1.4375 Z1.0644
X2.9928 Y-1.4453 Z1.0648
X2.9918 Y-1.4531 Z1.0651
X2.991 Y-1.4609 Z1.0654
X2.9902 Y-1.4687 Z1.0657
X2.9896 Y-1.4765 Z1.0659
X2.9892 Y-1.4844 Z1.0661
X2.9889 Y-1.4922 Z1.0663
X2.9888 Y-1.5 Z1.0662
X2.9889 Y-1.5078
X2.9892 Y-1.5156 Z1.0661
X2.9897 Y-1.5235 Z1.0659
X2.9902 Y-1.5313 Z1.0657
X2.991 Y-1.5391 Z1.0654
X2.9918 Y-1.5469 Z1.0651
X2.9928 Y-1.5547 Z1.0648
X2.9952 Y-1.5704 Z1.0639
X2.9956 Y-1.5729 Z1.0638
X2.9983 Y-1.586 Z1.0628
X3.0001 Y-1.5938 Z1.0622
X3.0019 Y-1.6016 Z1.0615
X3.0039 Y-1.6094 Z1.0608
X3.0061 Y-1.6173 Z1.0601
X3.0083 Y-1.6251 Z1.0593
X3.0113 Y-1.6346 Z1.0583
X3.016 Y-1.6485 Z1.0568
X3.0191 Y-1.6574 Z1.0558
X3.0216 Y-1.6642 Z1.055
X3.0246 Y-1.672 Z1.0539
X3.0278 Y-1.6798 Z1.0529
X3.0311 Y-1.6876 Z1.0519
X3.0347 Y-1.696 Z1.0508
X3.0417 Y-1.7111 Z1.0486
X3.0455 Y-1.7189 Z1.0474
X3.0504 Y-1.7287 Z1.0459
X3.0533 Y-1.7345 Z1.045
X3.0582 Y-1.7437 Z1.0436
X3.066 Y-1.758 Z1.0413
X3.075 Y-1.7736 Z1.0387
X3.0817 Y-1.7847 Z1.0368
X3.0895 Y-1.7974 Z1.0346
X3.0994 Y-1.8127 Z1.0319
X3.1099 Y-1.8283 Z1.0291
X3.1153 Y-1.8362 Z1.0277
X3.1208 Y-1.844 Z1.0263
X3.1322 Y-1.8596 Z1.0234
X3.138 Y-1.8674 Z1.0219
X3.1499 Y-1.8831 Z1.0189
X3.1599 Y-1.8957 Z1.0165
X3.1755 Y-1.9148 Z1.0127
X3.1834 Y-1.9241 Z1.0109
X3.199 Y-1.9422 Z1.0073
X3.2161 Y-1.9612 Z1.0035
X3.2233 Y-1.9691 Z1.0019
X3.2381 Y-1.9848 Z0.9987
X3.2532 Y-2.0003 Z0.9955
X3.2616 Y-2.0088 Z0.9937
X3.2768 Y-2.0238 Z0.9906
X3.285 Y-2.0318 Z0.9889
X3.293 Y-2.0394 Z0.9873
X3.3013 Y-2.0472 Z0.9857
X3.3163 Y-2.0611 Z0.9828
X3.332 Y-2.0752 Z0.9798
X3.3476 Y-2.089 Z0.9768
X3.3633 Y-2.1025 Z0.974
X3.3867 Y-2.1222 Z0.9698
X3.4102 Y-2.1413 Z0.9657
X3.4139 Y-2.1442 Z0.9651
X3.4141 Y-2.1436 Z0.9645
X3.4106 Y-2.1332 Z0.9597
X3.408 Y-2.1254 Z0.9561
X3.4029 Y-2.1098 Z0.9493
X3.3979 Y-2.0941 Z0.9426
X3.3945 Y-2.0833 Z0.938
X3.3867 Y-2.0576 Z0.928
X3.386 Y-2.0551 Z0.927
X3.3838 Y-2.0472 Z0.924
X3.3816 Y-2.0394 Z0.921
X3.3751 Y-2.016 Z0.9127
X3.3731 Y-2.0081 Z0.9099
X3.3711 Y-2.0002 Z0.9072
X3.367 Y-1.9847 Z0.9022
X3.3651 Y-1.9769 Z0.8997
X3.3632 Y-1.9691 Z0.8972
X3.3614 Y-1.9612 Z0.8948
X3.3577 Y-1.9456 Z0.8902
X3.3542 Y-1.93 Z0.8857
X3.3524 Y-1.9222 Z0.8836
X3.3474 Y-1.8987 Z0.8774
X3.3459 Y-1.8909 Z0.8754
X3.3443 Y-1.8831 Z0.8734
X3.3413 Y-1.8674 Z0.8699
X3.3398 Y-1.8595 Z0.8681
X3.3371 Y-1.844 Z0.8644
X3.3357 Y-1.8362 Z0.8628
X3.333 Y-1.8205 Z0.8597
X3.3307 Y-1.8049 Z0.8565
X3.3295 Y-1.7971 Z0.855
X3.3283 Y-1.7893 Z0.8536
X3.3261 Y-1.7736 Z0.8509
X3.324 Y-1.758 Z0.8483
X3.322 Y-1.7423 Z0.8459
X3.3211 Y-1.7345 Z0.8447
X3.3193 Y-1.7189 Z0.8426
X3.3176 Y-1.7033 Z0.8406
X3.3161 Y-1.6876 Z0.8387
X3.3153 Y-1.6798 Z0.8378
X3.3146 Y-1.672 Z0.837
X3.3139 Y-1.6642 Z0.8363
X3.3133 Y-1.6564 Z0.8356
X3.3122 Y-1.6407 Z0.8341
X3.3117 Y-1.6329 Z0.8334
X3.3107 Y-1.6173 Z0.8323
X3.3103 Y-1.6094 Z0.8316
X3.3095 Y-1.5938 Z0.8307
X3.3091 Y-1.586 Z0.8303
X3.3085 Y-1.5704 Z0.8296
X3.3078 Y-1.5469 Z0.8287
X3.3076 Y-1.5391 Z0.8286
X3.3074 Y-1.5235 Z0.8282
X3.3072 Y-1.5 Z0.8281
X3.3074 Y-1.4765 Z0.8282
X3.3076 Y-1.4609 Z0.8286
X3.3078 Y-1.4531 Z0.8287
X3.3085 Y-1.4292 Z0.8296
X3.3091 Y-1.414 Z0.8303
X3.3099 Y-1.3984 Z0.8312
X3.3103 Y-1.3906 Z0.8316
X3.3107 Y-1.3827 Z0.8323
X3.3117 Y-1.3671 Z0.8334
X3.3127 Y-1.3515 Z0.8348
X3.3133 Y-1.3436 Z0.8356
X3.3139 Y-1.3358 Z0.8363
X3.3152 Y-1.3215 Z0.8377
X3.3156 Y-1.316 Z0.8384
Y-1.3105 Z0.8394
X3.3153 Y-1.3051 Z0.8407
X3.3148 Y-1.2997 Z0.8421
X3.3142 Y-1.2944 Z0.8437
X3.3134 Y-1.2891 Z0.8453
X3.3116 Y-1.2786 Z0.8489
X3.3099 Y-1.2681 Z0.8525
X3.3091 Y-1.2629 Z0.8543
X3.3085 Y-1.2576 Z0.856
X3.3082 Y-1.2522 Z0.8576
X3.3081 Y-1.2469 Z0.859
X3.3082 Y-1.2415 Z0.8602
X3.3088 Y-1.236 Z0.8612
X3.3111 Y-1.2186 Z0.8642
X3.3123 Y-1.2107 Z0.8656
X3.3135 Y-1.2029 Z0.867
X3.3147 Y-1.1951 Z0.8684
X3.317 Y-1.1795 Z0.8717
X3.3197 Y-1.1638 Z0.8748
X3.3211 Y-1.156 Z0.8764
X3.3238 Y-1.1404 Z0.8801
X3.3268 Y-1.1248 Z0.8836
X3.3283 Y-1.1169 Z0.8854
X3.3299 Y-1.1091 Z0.8873
X3.332 Y-1.0986 Z0.8901
X3.3364 Y-1.0778 Z0.8955
X3.3382 Y-1.07 Z0.8976
X3.3417 Y-1.0544 Z0.9021
X3.3454 Y-1.0388 Z0.9068
X3.3476 Y-1.0293 Z0.9097
X3.3491 Y-1.0231 Z0.9117
X3.351 Y-1.0153 Z0.9142
X3.3551 Y-0.9997 Z0.9192
X3.357 Y-0.9919 Z0.9219
X3.3591 Y-0.984 Z0.9247
X3.3656 Y-0.9606 Z0.933
X3.3678 Y-0.9528 Z0.9359
X3.3699 Y-0.9449 Z0.939
X3.377 Y-0.9215 Z0.9481
X3.3795 Y-0.9137 Z0.9512
X3.3838 Y-0.8996 Z0.9572
X3.3836 Y-0.899 Z0.9578
X3.3711 Y-0.9096 Z0.9601
X3.3633 Y-0.9164 Z0.9616
X3.3476 Y-0.9303 Z0.9647
X3.3313 Y-0.9449 Z0.9679
X3.3228 Y-0.9528 Z0.9696
X3.3085 Y-0.9661 Z0.9725
X3.2899 Y-0.984 Z0.9764
X3.282 Y-0.9919 Z0.9781
X3.2664 Y-1.0075 Z0.9815
X3.2588 Y-1.0153 Z0.9831
X3.2439 Y-1.0309 Z0.9864
X3.2366 Y-1.0388 Z0.9881
X3.2294 Y-1.0466 Z0.9898
X3.2224 Y-1.0544 Z0.9914
X3.2085 Y-1.07 Z0.9946
X3.199 Y-1.0812 Z0.9969
X3.1886 Y-1.0935 Z0.9995
X3.1822 Y-1.1013 Z1.001
X3.1696 Y-1.1169 Z1.0042
X3.1575 Y-1.1326 Z1.0073
X3.1457 Y-1.1482 Z1.0104
X3.1364 Y-1.161 Z1.0128
X3.1286 Y-1.1721 Z1.015
X3.1183 Y-1.1873 Z1.0178
X3.113 Y-1.1953 Z1.0193
X3.1051 Y-1.2074 Z1.0215
X3.0973 Y-1.2199 Z1.0238
X3.0888 Y-1.2342 Z1.0263
X3.0842 Y-1.242 Z1.0276
X3.0755 Y-1.2577 Z1.0303
X3.0713 Y-1.2655 Z1.0316
X3.066 Y-1.2756 Z1.0332
X3.0594 Y-1.2889 Z1.0353
X3.0556 Y-1.2967 Z1.0366
X3.0485 Y-1.3124 Z1.0389
X3.0451 Y-1.3202 Z1.04
X3.0419 Y-1.328 Z1.041
X3.0388 Y-1.3358 Z1.0421
X3.0347 Y-1.3465 Z1.0435
X3.0302 Y-1.3593 Z1.045
X3.0269 Y-1.369 Z1.0461
X3.0251 Y-1.3749 Z1.0468
X3.0228 Y-1.3827 Z1.0476
X3.0205 Y-1.3906 Z1.0484
X3.0184 Y-1.3984 Z1.0492
X3.0165 Y-1.4062 Z1.0499
X3.0147 Y-1.414 Z1.0505
X3.0113 Y-1.4306 Z1.0518
X3.009 Y-1.4453 Z1.0526
X3.008 Y-1.4531 Z1.053
X3.0071 Y-1.4609 Z1.0534
X3.0063 Y-1.4687 Z1.0537
X3.0057 Y-1.4765 Z1.0539
X3.0052 Y-1.4844 Z1.0541
X3.0049 Y-1.4922 Z1.0543
X3.0048 Y-1.5
X3.005 Y-1.5078 Z1.0542
X3.0053 Y-1.5156 Z1.0541
X3.0057 Y-1.5235 Z1.0539
X3.0063 Y-1.5313 Z1.0537
X3.0071 Y-1.5391 Z1.0534
X3.008 Y-1.5469 Z1.053
X3.009 Y-1.5547 Z1.0526
X3.0113 Y-1.5694 Z1.0518
X3.0147 Y-1.586 Z1.0505
X3.0165 Y-1.5938 Z1.0499
X3.0191 Y-1.6042 Z1.0489
X3.0205 Y-1.6094 Z1.0484
X3.0228 Y-1.6173 Z1.0476
X3.0251 Y-1.6251 Z1.0468
X3.0276 Y-1.6329 Z1.0459
X3.0302 Y-1.6407 Z1.045
X3.0347 Y-1.6535 Z1.0435
X3.0388 Y-1.6642 Z1.0421
X3.0426 Y-1.6736 Z1.0408
X3.0485 Y-1.6876 Z1.0389
X3.052 Y-1.6954 Z1.0377
X3.0594 Y-1.7111 Z1.0353
X3.0632 Y-1.7189 Z1.0341
X3.0713 Y-1.7345 Z1.0316
X3.0755 Y-1.7423 Z1.0303
X3.0817 Y-1.7534 Z1.0284
X3.0842 Y-1.758 Z1.0276
X3.0934 Y-1.7736 Z1.0249
X3.0981 Y-1.7814 Z1.0235
X3.1051 Y-1.7926 Z1.0215
X3.113 Y-1.8049 Z1.0193
X3.1235 Y-1.8205 Z1.0164
X3.1289 Y-1.8283 Z1.0149
X3.1364 Y-1.839 Z1.0128
X3.1457 Y-1.8518 Z1.0104
X3.1575 Y-1.8674 Z1.0073
X3.1696 Y-1.8831 Z1.0042
X3.1834 Y-1.9001 Z1.0007
X3.1952 Y-1.9143 Z0.9978
X3.2068 Y-1.928 Z0.995
X3.2224 Y-1.9456 Z0.9914
X3.2381 Y-1.9628 Z0.9878
X3.2459 Y-1.9712 Z0.986
X3.2616 Y-1.9876 Z0.9825
X3.2741 Y-2.0003 Z0.9798
X3.285 Y-2.0112 Z0.9774
X3.3007 Y-2.0264 Z0.9742
X3.3144 Y-2.0394 Z0.9713
X3.3241 Y-2.0485 Z0.9693
X3.332 Y-2.0557 Z0.9678
X3.3575 Y-2.0785 Z0.9628
X3.3711 Y-2.0904 Z0.9602
X3.3836 Y-2.101 Z0.9578
X3.3838 Y-2.1004 Z0.9572
X3.3789 Y-2.0845 Z0.9505
X3.3711 Y-2.0588 Z0.9405
X3.3699 Y-2.0551 Z0.939
X3.3678 Y-2.0472 Z0.9359
X3.3656 Y-2.0394 Z0.933
X3.3612 Y-2.0238 Z0.9275
X3.3591 Y-2.016 Z0.9247
X3.3554 Y-2.0017 Z0.9197
X3.353 Y-1.9925 Z0.9166
X3.351 Y-1.9847 Z0.9142
X3.3491 Y-1.9769 Z0.9117
X3.3472 Y-1.9691 Z0.9092
X3.3454 Y-1.9612 Z0.9068
X3.3417 Y-1.9456 Z0.9021
X3.3382 Y-1.93 Z0.8976
X3.3364 Y-1.9222 Z0.8955
X3.3314 Y-1.8987 Z0.8894
X3.3299 Y-1.8909 Z0.8873
X3.3283 Y-1.8831 Z0.8854
X3.3252 Y-1.8674 Z0.8819
X3.3238 Y-1.8596 Z0.8801
X3.3211 Y-1.844 Z0.8764
X3.3183 Y-1.8283 Z0.8732
X3.317 Y-1.8205 Z0.8717
X3.3147 Y-1.8049 Z0.8684
X3.3135 Y-1.7971 Z0.867
X3.3123 Y-1.7893 Z0.8656
X3.3101 Y-1.7736 Z0.8629
X3.308 Y-1.758 Z0.8602
X3.306 Y-1.7423 Z0.8579
X3.3051 Y-1.7345 Z0.8567
X3.3033 Y-1.7189 Z0.8545
X3.3015 Y-1.7033 Z0.8526
X3.3001 Y-1.6876 Z0.8507
X3.2993 Y-1.6798 Z0.8498
X3.2986 Y-1.672 Z0.849
X3.2979 Y-1.6642 Z0.8483
X3.2973 Y-1.6564 Z0.8476
X3.2962 Y-1.6407 Z0.8461
X3.2957 Y-1.6329 Z0.8454
X3.2946 Y-1.6173 Z0.8442
X3.2942 Y-1.6094 Z0.8436
X3.2935 Y-1.5938 Z0.8427
X3.2929 Y-1.5812 Z0.842
X3.2922 Y-1.5625 Z0.8413
X3.2918 Y-1.5469 Z0.8407
X3.2915 Y-1.5391 Z0.8405
X3.2914 Y-1.5235 Z0.8402
X3.2912 Y-1.5 Z0.84
X3.2914 Y-1.4765 Z0.8402
X3.2915 Y-1.4609 Z0.8405
X3.2918 Y-1.4531 Z0.8407
X3.2925 Y-1.4296 Z0.8416
X3.2931 Y-1.414 Z0.8423
X3.2939 Y-1.3984 Z0.8431
X3.2942 Y-1.3906 Z0.8436
X3.2946 Y-1.3827 Z0.8442
X3.2957 Y-1.3671 Z0.8454
X3.2967 Y-1.3515 Z0.8468
X3.2973 Y-1.3436 Z0.8476
X3.2979 Y-1.3358 Z0.8483
X3.2992 Y-1.3211 Z0.8497
X3.3001 Y-1.3124 Z0.8507
X3.3015 Y-1.2967 Z0.8526
X3.3033 Y-1.2811 Z0.8545
X3.3051 Y-1.2655 Z0.8567
X3.306 Y-1.2577 Z0.8579
X3.308 Y-1.242 Z0.8602
X3.3088 Y-1.236 Z0.8612
X3.3093 Y-1.2306 Z0.8623
X3.3096 Y-1.2252 Z0.8636
X3.3095 Y-1.2199 Z0.8651
X3.3093 Y-1.2146 Z0.8668
X3.3088 Y-1.2093 Z0.8686
X3.3083 Y-1.2041 Z0.8706
X3.307 Y-1.1938 Z0.8746
X3.3057 Y-1.1835 Z0.8789
X3.3052 Y-1.1783 Z0.8809
X3.3048 Y-1.173 Z0.8829
X3.3046 Y-1.1678 Z0.8847
X3.3047 Y-1.1625 Z0.8864
X3.3051 Y-1.1572 Z0.888
X3.3058 Y-1.1519 Z0.8893
X3.3078 Y-1.1404 Z0.8921
X3.3107 Y-1.1248 Z0.8956
X3.3123 Y-1.1169 Z0.8974
X3.3139 Y-1.1091 Z0.8993
X3.3154 Y-1.1013 Z0.9014
X3.3204 Y-1.0778 Z0.9075
X3.3222 Y-1.07 Z0.9096
X3.3256 Y-1.0544 Z0.9141
X3.3293 Y-1.0388 Z0.9187
X3.332 Y-1.0278 Z0.9221
X3.3331 Y-1.0231 Z0.9237
X3.335 Y-1.0153 Z0.9261
X3.3391 Y-0.9997 Z0.9312
X3.341 Y-0.9919 Z0.9339
X3.3431 Y-0.984 Z0.9367
X3.3476 Y-0.9676 Z0.9424
X3.3496 Y-0.9606 Z0.945
X3.3518 Y-0.9528 Z0.9479
X3.3539 Y-0.9449 Z0.951
X3.3537 Y-0.9443 Z0.9515
X3.3398 Y-0.957 Z0.9544
X3.3241 Y-0.9717 Z0.9577
X3.3085 Y-0.9867 Z0.9611
X3.3007 Y-0.9943 Z0.9628
X3.285 Y-1.0099 Z0.9662
X3.2694 Y-1.026 Z0.9699
X3.2616 Y-1.0342 Z0.9716
X3.2459 Y-1.051 Z0.9753
X3.2358 Y-1.0622 Z0.9777
X3.2225 Y-1.0773 Z0.981
X3.2087 Y-1.0935 Z0.9845
X3.199 Y-1.1051 Z0.9869
X3.1894 Y-1.1169 Z0.9894
X3.1755 Y-1.1346 Z0.9931
X3.1652 Y-1.1482 Z0.9958
X3.1594 Y-1.156 Z0.9974
X3.1481 Y-1.1717 Z1.0005
X3.1364 Y-1.1885 Z1.0039
X3.1286 Y-1.2001 Z1.0061
X3.1208 Y-1.2122 Z1.0084
X3.1167 Y-1.2186 Z1.0096
X3.1072 Y-1.2342 Z1.0125
X3.1026 Y-1.242 Z1.0139
X3.0973 Y-1.2512 Z1.0156
X3.0894 Y-1.2655 Z1.0181
X3.0817 Y-1.2801 Z1.0206
X3.0772 Y-1.2889 Z1.022
X3.0696 Y-1.3046 Z1.0246
X3.066 Y-1.3124 Z1.0258
X3.0625 Y-1.3202 Z1.027
X3.0582 Y-1.3304 Z1.0284
X3.0529 Y-1.3436 Z1.0303
X3.05 Y-1.3515 Z1.0314
X3.0471 Y-1.3593 Z1.0323
X3.0426 Y-1.3728 Z1.034
X3.0395 Y-1.3827 Z1.0351
X3.0372 Y-1.3906 Z1.0359
X3.0347 Y-1.3994 Z1.0369
X3.033 Y-1.4062 Z1.0375
X3.0312 Y-1.414 Z1.0382
X3.0295 Y-1.4218 Z1.0389
X3.0269 Y-1.4342 Z1.0399
X3.0252 Y-1.4453 Z1.0405
X3.0241 Y-1.4531 Z1.0409
X3.0232 Y-1.4609 Z1.0413
X3.0224 Y-1.4687 Z1.0416
X3.0218 Y-1.4765 Z1.0419
X3.0213 Y-1.4844 Z1.0421
X3.021 Y-1.4922 Z1.0423
X3.0209 Y-1.5
X3.021 Y-1.5078
X3.0213 Y-1.5156 Z1.0421
X3.0218 Y-1.5235 Z1.0419
X3.0224 Y-1.5313 Z1.0416
X3.0232 Y-1.5391 Z1.0413
X3.0241 Y-1.5469 Z1.0409
X3.0252 Y-1.5547 Z1.0405
X3.0269 Y-1.5658 Z1.0399
X3.0295 Y-1.5782 Z1.0389
X3.0312 Y-1.586 Z1.0382
X3.033 Y-1.5938 Z1.0375
X3.035 Y-1.6016 Z1.0368
X3.0372 Y-1.6094 Z1.0359
X3.0395 Y-1.6173 Z1.0351
X3.0426 Y-1.6272 Z1.034
X3.0445 Y-1.6329 Z1.0333
X3.0472 Y-1.6407 Z1.0323
X3.0504 Y-1.6497 Z1.0312
X3.056 Y-1.6642 Z1.0292
X3.0592 Y-1.672 Z1.0281
X3.0625 Y-1.6798 Z1.027
X3.066 Y-1.6876 Z1.0258
X3.0696 Y-1.6954 Z1.0246
X3.0738 Y-1.7043 Z1.0231
X3.0772 Y-1.7111 Z1.022
X3.0817 Y-1.7199 Z1.0206
X3.0895 Y-1.7348 Z1.018
X3.0973 Y-1.7488 Z1.0156
X3.1026 Y-1.758 Z1.0139
X3.1072 Y-1.7658 Z1.0125
X3.1167 Y-1.7814 Z1.0096
X3.1268 Y-1.7971 Z1.0066
X3.1319 Y-1.8049 Z1.0052
X3.1426 Y-1.8205 Z1.0021
X3.1521 Y-1.8339 Z0.9994
X3.1599 Y-1.8447 Z0.9973
X3.1711 Y-1.8596 Z0.9943
X3.1771 Y-1.8674 Z0.9927
X3.1894 Y-1.8831 Z0.9894
X3.2021 Y-1.8987 Z0.9861
X3.2153 Y-1.9143 Z0.9828
X3.2225 Y-1.9227 Z0.981
X3.2303 Y-1.9316 Z0.9791
X3.2429 Y-1.9456 Z0.976
X3.2573 Y-1.9612 Z0.9726
X3.2647 Y-1.9691 Z0.9709
X3.2797 Y-1.9847 Z0.9675
X3.2929 Y-1.9979 Z0.9645
X3.3031 Y-2.0081 Z0.9622
X3.3194 Y-2.0238 Z0.9588
X3.3359 Y-2.0394 Z0.9552
X3.3444 Y-2.0472 Z0.9534
X3.3537 Y-2.0557 Z0.9515
X3.3539 Y-2.0551 Z0.951
X3.3518 Y-2.0472 Z0.9479
X3.3496 Y-2.0394 Z0.945
X3.3452 Y-2.0238 Z0.9394
X3.3431 Y-2.016 Z0.9367
X3.3398 Y-2.0032 Z0.9321
X3.337 Y-1.9925 Z0.9286
X3.335 Y-1.9847 Z0.9261
X3.3331 Y-1.9769 Z0.9237
X3.3312 Y-1.9691 Z0.9211
X3.3293 Y-1.9612 Z0.9187
X3.3256 Y-1.9456 Z0.9141
X3.3222 Y-1.93 Z0.9096
X3.3204 Y-1.9222 Z0.9075
X3.3154 Y-1.8987 Z0.9014
X3.3139 Y-1.8909 Z0.8993
X3.3123 Y-1.8831 Z0.8974
X3.3092 Y-1.8674 Z0.8938
X3.3078 Y-1.8596 Z0.8921
X3.3051 Y-1.844 Z0.8884
X3.3023 Y-1.8283 Z0.8852
X3.3007 Y-1.8184 Z0.8832
X3.2987 Y-1.8049 Z0.8804
X3.2975 Y-1.7971 Z0.8789
X3.2962 Y-1.7893 Z0.8776
X3.2951 Y-1.7814 Z0.8762
X3.292 Y-1.758 Z0.8722
X3.2899 Y-1.7423 Z0.8699
X3.2891 Y-1.7345 Z0.8686
X3.2872 Y-1.7189 Z0.8665
X3.2855 Y-1.7033 Z0.8646
X3.284 Y-1.6876 Z0.8627
X3.2826 Y-1.672 Z0.861
X3.2819 Y-1.6642 Z0.8603
X3.2812 Y-1.6564 Z0.8596
X3.2801 Y-1.6407 Z0.8581
X3.2797 Y-1.6329 Z0.8573
X3.2786 Y-1.6173 Z0.8562
X3.2782 Y-1.6094 Z0.8556
X3.2772 Y-1.5892 Z0.8544
X3.2767 Y-1.5782 Z0.8539
X3.2762 Y-1.5625 Z0.8533
X3.2757 Y-1.5469 Z0.8527
X3.2755 Y-1.5391 Z0.8525
X3.2754 Y-1.5235 Z0.8521
X3.2752 Y-1.5 Z0.852
X3.2754 Y-1.4765 Z0.8521
X3.2755 Y-1.4609 Z0.8525
X3.276 Y-1.4453 Z0.853
X3.2764 Y-1.4296 Z0.8535
X3.277 Y-1.414 Z0.8542
X3.2779 Y-1.3984 Z0.8551
X3.2782 Y-1.3906 Z0.8556
X3.2786 Y-1.3827 Z0.8562
X3.2797 Y-1.3671 Z0.8573
X3.2807 Y-1.3515 Z0.8588
X3.2812 Y-1.3436 Z0.8596
X3.2819 Y-1.3358 Z0.8603
X3.2826 Y-1.328 Z0.861
X3.284 Y-1.3124 Z0.8627
X3.2855 Y-1.2967 Z0.8646
X3.2872 Y-1.2811 Z0.8665
X3.2891 Y-1.2655 Z0.8686
X3.2899 Y-1.2577 Z0.8699
X3.292 Y-1.242 Z0.8722
X3.2951 Y-1.2186 Z0.8762
X3.2962 Y-1.2107 Z0.8776
X3.2975 Y-1.2029 Z0.8789
X3.2987 Y-1.1951 Z0.8804
X3.301 Y-1.1795 Z0.8837
X3.3037 Y-1.1638 Z0.8867
X3.3051 Y-1.156 Z0.8884
X3.3058 Y-1.1519 Z0.8893
X3.3065 Y-1.1465 Z0.8907
X3.3069 Y-1.1412 Z0.8924
X3.3071 Y-1.136 Z0.8942
X3.307 Y-1.1308 Z0.8961
X3.3068 Y-1.1256 Z0.8983
X3.3065 Y-1.1205 Z0.9005
X3.3056 Y-1.1103 Z0.9051
X3.3048 Y-1.1002 Z0.9098
X3.3045 Y-1.0951 Z0.9121
X3.3044 Y-1.09 Z0.9144
Y-1.0849 Z0.9165
X3.3048 Y-1.0797 Z0.9184
X3.3054 Y-1.0745 Z0.9202
X3.3063 Y-1.0692 Z0.9218
X3.3096 Y-1.0544 Z0.9261
X3.3133 Y-1.0388 Z0.9307
X3.3163 Y-1.0262 Z0.9346
X3.319 Y-1.0153 Z0.9381
X3.3231 Y-0.9997 Z0.9432
X3.325 Y-0.9919 Z0.9459
X3.3245 Z0.9463
X3.3085 Y-1.0076 Z0.9499
X3.3007 Y-1.0154 Z0.9517
X3.285 Y-1.0315 Z0.9554
X3.2772 Y-1.0397 Z0.9573
X3.2616 Y-1.0565 Z0.9611
X3.2459 Y-1.0738 Z0.965
X3.2356 Y-1.0857 Z0.9676
X3.2222 Y-1.1013 Z0.9711
X3.2093 Y-1.1169 Z0.9745
X3.199 Y-1.1298 Z0.9773
X3.1847 Y-1.1482 Z0.9812
X3.1755 Y-1.1604 Z0.9838
X3.1674 Y-1.1717 Z0.9861
X3.1563 Y-1.1873 Z0.9894
X3.1509 Y-1.1951 Z0.9909
X3.1442 Y-1.2051 Z0.9929
X3.1355 Y-1.2186 Z0.9956
X3.1257 Y-1.2342 Z0.9987
X3.1208 Y-1.2424 Z1.0002
X3.1119 Y-1.2577 Z1.0031
X3.1075 Y-1.2655 Z1.0045
X3.1033 Y-1.2733 Z1.0059
X3.0973 Y-1.2845 Z1.0079
X3.0912 Y-1.2967 Z1.01
X3.0836 Y-1.3124 Z1.0126
X3.0766 Y-1.328 Z1.0151
X3.0733 Y-1.3358 Z1.0163
X3.0671 Y-1.3515 Z1.0186
X3.0642 Y-1.3593 Z1.0196
X3.0614 Y-1.3671 Z1.0206
X3.0582 Y-1.3766 Z1.0218
X3.0563 Y-1.3827 Z1.0226
X3.0539 Y-1.3906 Z1.0234
X3.0504 Y-1.4031 Z1.0248
X3.0476 Y-1.414 Z1.0259
X3.0459 Y-1.4218 Z1.0266
X3.0442 Y-1.4296 Z1.0272
X3.0426 Y-1.4379 Z1.028
X3.0403 Y-1.4531 Z1.0288
X3.0393 Y-1.4609 Z1.0292
X3.0385 Y-1.4687 Z1.0296
X3.0378 Y-1.4765 Z1.0299
X3.0373 Y-1.4844 Z1.0301
X3.037 Y-1.4922 Z1.0303
X3.0369 Y-1.5
X3.037 Y-1.5078
X3.0374 Y-1.5156 Z1.0301
X3.0378 Y-1.5235 Z1.0298
X3.0385 Y-1.5313 Z1.0296
X3.0396 Y-1.5409 Z1.0291
X3.0403 Y-1.5469 Z1.0288
X3.0426 Y-1.5621 Z1.028
X3.0442 Y-1.5704 Z1.0272
X3.0459 Y-1.5782 Z1.0266
X3.0476 Y-1.586 Z1.0259
X3.0504 Y-1.5969 Z1.0248
X3.0539 Y-1.6094 Z1.0234
X3.0563 Y-1.6173 Z1.0226
X3.0588 Y-1.6251 Z1.0216
X3.0614 Y-1.6329 Z1.0206
X3.0642 Y-1.6407 Z1.0196
X3.0671 Y-1.6485 Z1.0186
X3.0702 Y-1.6564 Z1.0174
X3.0738 Y-1.6654 Z1.0161
X3.0766 Y-1.672 Z1.0151
X3.0817 Y-1.6833 Z1.0133
X3.0873 Y-1.6954 Z1.0113
X3.0912 Y-1.7033 Z1.01
X3.0973 Y-1.7155 Z1.0079
X3.1051 Y-1.7301 Z1.0053
X3.1075 Y-1.7345 Z1.0045
X3.1164 Y-1.7502 Z1.0016
X3.121 Y-1.758 Z1.0001
X3.1286 Y-1.7705 Z0.9978
X3.1364 Y-1.7829 Z0.9953
X3.1457 Y-1.7971 Z0.9925
X3.1521 Y-1.8065 Z0.9906
X3.1618 Y-1.8205 Z0.9878
X3.1677 Y-1.8288 Z0.986
X3.1755 Y-1.8396 Z0.9838
X3.1847 Y-1.8518 Z0.9812
X3.1912 Y-1.8602 Z0.9795
X3.203 Y-1.8752 Z0.9762
X3.2093 Y-1.8831 Z0.9745
X3.2225 Y-1.899 Z0.971
X3.2356 Y-1.9143 Z0.9676
X3.2459 Y-1.9262 Z0.965
X3.2616 Y-1.9435 Z0.9611
X3.2707 Y-1.9534 Z0.9589
X3.2856 Y-1.9691 Z0.9553
X3.3008 Y-1.9847 Z0.9517
X3.3165 Y-2.0003 Z0.9481
X3.3245 Y-2.0081 Z0.9463
X3.325 Z0.9459
X3.3231 Y-2.0003 Z0.9432
X3.319 Y-1.9847 Z0.9381
X3.3163 Y-1.9738 Z0.9346
X3.3133 Y-1.9612 Z0.9307
X3.3085 Y-1.9407 Z0.9247
X3.3061 Y-1.93 Z0.9216
X3.3044 Y-1.9222 Z0.9195
X3.2994 Y-1.8987 Z0.9134
X3.2979 Y-1.8909 Z0.9113
X3.2963 Y-1.8831 Z0.9094
X3.2929 Y-1.8656 Z0.9054
X3.2917 Y-1.8596 Z0.904
X3.2891 Y-1.844 Z0.9004
X3.2863 Y-1.8283 Z0.8972
X3.285 Y-1.8205 Z0.8956
X3.2827 Y-1.8049 Z0.8924
X3.2802 Y-1.7893 Z0.8895
X3.2791 Y-1.7814 Z0.8882
X3.2759 Y-1.758 Z0.8842
X3.2739 Y-1.7423 Z0.8819
X3.2731 Y-1.7345 Z0.8806
X3.2722 Y-1.7267 Z0.8795
X3.2703 Y-1.7111 Z0.8775
X3.2687 Y-1.6954 Z0.8756
X3.268 Y-1.6876 Z0.8746
X3.2673 Y-1.6798 Z0.8738
X3.2665 Y-1.672 Z0.873
X3.2658 Y-1.6642 Z0.8723
X3.2652 Y-1.6564 Z0.8715
X3.2641 Y-1.6407 Z0.87
X3.2636 Y-1.6329 Z0.8693
X3.2626 Y-1.6173 Z0.8682
X3.2622 Y-1.6094 Z0.8676
X3.2614 Y-1.5938 Z0.8666
X3.261 Y-1.586 Z0.8662
X3.2604 Y-1.5704 Z0.8655
X3.2597 Y-1.5469 Z0.8647
X3.2595 Y-1.5391 Z0.8645
X3.2594 Y-1.5235 Z0.8641
X3.2591 Y-1.5 Z0.864
X3.2594 Y-1.4765 Z0.8641
X3.2595 Y-1.4609 Z0.8645
X3.2599 Y-1.4453 Z0.865
X3.2604 Y-1.4296 Z0.8655
X3.261 Y-1.414 Z0.8662
X3.2618 Y-1.3984 Z0.8671
X3.2622 Y-1.3906 Z0.8676
X3.2626 Y-1.3827 Z0.8682
X3.2636 Y-1.3671 Z0.8693
X3.2647 Y-1.3515 Z0.8708
X3.2652 Y-1.3436 Z0.8715
X3.2658 Y-1.3358 Z0.8723
X3.2665 Y-1.328 Z0.873
X3.2673 Y-1.3202 Z0.8738
X3.268 Y-1.3124 Z0.8746
X3.2695 Y-1.2967 Z0.8766
X3.2712 Y-1.2811 Z0.8785
X3.2722 Y-1.2733 Z0.8795
X3.2731 Y-1.2655 Z0.8806
X3.2739 Y-1.2577 Z0.8819
X3.2759 Y-1.242 Z0.8842
X3.2791 Y-1.2186 Z0.8882
X3.2814 Y-1.2029 Z0.8909
X3.2827 Y-1.1951 Z0.8924
X3.285 Y-1.1792 Z0.8957
X3.2877 Y-1.1638 Z0.8987
X3.2891 Y-1.156 Z0.9004
X3.2917 Y-1.1404 Z0.904
X3.2947 Y-1.1248 Z0.9076
X3.2963 Y-1.1169 Z0.9094
X3.2979 Y-1.1091 Z0.9113
X3.2994 Y-1.1013 Z0.9134
X3.3044 Y-1.0778 Z0.9195
X3.3063 Y-1.0692 Z0.9218
X3.3064 Y-1.0685 Z0.9221
X3.3062 Y-1.0676 Z0.9226
X3.3059 Y-1.0668 Z0.9233
X3.3053 Y-1.0659 Z0.9241
X3.3045 Y-1.0653 Z0.9249
X3.3037 Y-1.0648 Z0.9258
X3.3023 Y-1.0642 Z0.9271
X3.3007 Y-1.0639 Z0.9284
X3.2992 Y-1.0638 Z0.9297
X3.2975 Y-1.0639 Z0.9308
X3.2934 Y-1.0646 Z0.9336
X3.2913 Y-1.0652 Z0.935
X3.2892 Y-1.0659 Z0.9362
X3.285 Y-1.0676 Z0.9386
X3.283 Y-1.0687 Z0.9396
X3.281 Y-1.0699 Z0.9406
X3.2752 Y-1.0738 Z0.9433
X3.2694 Y-1.0778 Z0.9458
X3.2638 Y-1.0821 Z0.9482
X3.2582 Y-1.0866 Z0.9504
X3.2528 Y-1.0913 Z0.9524
X3.2475 Y-1.0963 Z0.9542
X3.2425 Y-1.1015 Z0.9559
X3.2376 Y-1.107 Z0.9572
X3.2293 Y-1.1169 Z0.9595
X3.2167 Y-1.1326 Z0.9631
X3.2044 Y-1.1482 Z0.9665
X3.1984 Y-1.156 Z0.9682
X3.1867 Y-1.1717 Z0.9716
X3.1755 Y-1.1873 Z0.975
X3.1677 Y-1.1985 Z0.9773
X3.1595 Y-1.2107 Z0.9799
X3.1521 Y-1.2221 Z0.9822
X3.1442 Y-1.2344 Z0.9847
X3.1396 Y-1.242 Z0.9862
X3.1303 Y-1.2577 Z0.9893
X3.1258 Y-1.2655 Z0.9908
X3.1208 Y-1.2745 Z0.9925
X3.1172 Y-1.2811 Z0.9937
X3.113 Y-1.2891 Z0.9952
X3.109 Y-1.2967 Z0.9966
X3.1013 Y-1.3124 Z0.9993
X3.0973 Y-1.3209 Z1.0008
X3.0941 Y-1.328 Z1.002
X3.0907 Y-1.3358 Z1.0033
X3.0874 Y-1.3436 Z1.0045
X3.0813 Y-1.3593 Z1.0068
X3.0784 Y-1.3671 Z1.0079
X3.0738 Y-1.3804 Z1.0097
X3.0706 Y-1.3906 Z1.0109
X3.0684 Y-1.3984 Z1.0118
X3.066 Y-1.4067 Z1.0128
X3.0641 Y-1.414 Z1.0135
X3.0623 Y-1.4218 Z1.0143
X3.0606 Y-1.4296 Z1.015
X3.0582 Y-1.4416 Z1.0161
X3.0565 Y-1.4531 Z1.0167
X3.0555 Y-1.4609 Z1.0171
X3.0546 Y-1.4687 Z1.0175
X3.0539 Y-1.4765 Z1.0178
X3.0534 Y-1.4844 Z1.0181
X3.053 Y-1.4922 Z1.0183
X3.0529 Y-1.5
X3.0531 Y-1.5078
X3.0534 Y-1.5156 Z1.0181
X3.0539 Y-1.5235 Z1.0178
X3.0546 Y-1.5313 Z1.0175
X3.0555 Y-1.5391 Z1.0171
X3.0565 Y-1.5469 Z1.0167
X3.0582 Y-1.5584 Z1.0161
X3.0606 Y-1.5704 Z1.015
X3.0623 Y-1.5782 Z1.0143
X3.0641 Y-1.586 Z1.0135
X3.0662 Y-1.5938 Z1.0127
X3.0684 Y-1.6016 Z1.0118
X3.0706 Y-1.6094 Z1.0109
X3.0738 Y-1.6195 Z1.0097
X3.0784 Y-1.6329 Z1.0079
X3.0817 Y-1.6417 Z1.0067
X3.0843 Y-1.6485 Z1.0057
X3.0895 Y-1.6613 Z1.0037
X3.0907 Y-1.6642 Z1.0033
X3.0941 Y-1.672 Z1.002
X3.0977 Y-1.6798 Z1.0007
X3.1013 Y-1.6876 Z0.9993
X3.109 Y-1.7033 Z0.9966
X3.1131 Y-1.7111 Z0.9952
X3.1172 Y-1.7189 Z0.9937
X3.1215 Y-1.7267 Z0.9923
X3.1286 Y-1.7394 Z0.9899
X3.1364 Y-1.7527 Z0.9873
X3.1396 Y-1.758 Z0.9862
X3.1493 Y-1.7736 Z0.9831
X3.1543 Y-1.7814 Z0.9815
X3.1599 Y-1.7899 Z0.9798
X3.1677 Y-1.8015 Z0.9773
X3.1756 Y-1.8127 Z0.975
X3.1867 Y-1.8283 Z0.9716
X3.199 Y-1.8448 Z0.968
X3.2105 Y-1.8596 Z0.9648
X3.223 Y-1.8752 Z0.9613
X3.2303 Y-1.8842 Z0.9592
X3.2425 Y-1.8987 Z0.9559
X3.256 Y-1.9143 Z0.9524
X3.2699 Y-1.93 Z0.9487
X3.2772 Y-1.938 Z0.9469
X3.2916 Y-1.9534 Z0.9433
X3.2961 Y-1.9581 Z0.9422
X3.2964 Y-1.9575 Z0.9416
X3.2929 Y-1.9423 Z0.9371
X3.2901 Y-1.93 Z0.9336
X3.2867 Y-1.9143 Z0.9294
X3.2834 Y-1.8987 Z0.9253
X3.2819 Y-1.8909 Z0.9233
X3.2803 Y-1.8831 Z0.9214
X3.2772 Y-1.8674 Z0.9178
X3.2757 Y-1.8596 Z0.916
X3.2731 Y-1.844 Z0.9123
X3.2703 Y-1.8283 Z0.9092
X3.269 Y-1.8205 Z0.9076
X3.2667 Y-1.8049 Z0.9044
X3.2654 Y-1.7971 Z0.9029
X3.2631 Y-1.7814 Z0.9001
X3.2599 Y-1.758 Z0.8962
X3.2579 Y-1.7423 Z0.8938
X3.257 Y-1.7345 Z0.8926
X3.2562 Y-1.7267 Z0.8915
X3.2543 Y-1.7111 Z0.8895
X3.2527 Y-1.6954 Z0.8876
X3.252 Y-1.6876 Z0.8866
X3.2513 Y-1.6798 Z0.8857
X3.2505 Y-1.672 Z0.885
X3.2492 Y-1.6564 Z0.8835
X3.2476 Y-1.6329 Z0.8813
X3.2466 Y-1.6173 Z0.8802
X3.2462 Y-1.6094 Z0.8796
X3.2454 Y-1.5938 Z0.8786
X3.245 Y-1.586 Z0.8782
X3.2444 Y-1.5704 Z0.8775
X3.2437 Y-1.5469 Z0.8767
X3.2435 Y-1.5391 Z0.8765
X3.2434 Y-1.5235 Z0.8761
X3.2431 Y-1.5 Z0.876
X3.2434 Y-1.4765 Z0.8761
X3.2435 Y-1.4609 Z0.8765
X3.2439 Y-1.4453 Z0.8769
X3.2444 Y-1.4296 Z0.8775
X3.245 Y-1.414 Z0.8782
X3.2459 Y-1.3963 Z0.8792
X3.2462 Y-1.3906 Z0.8796
X3.2466 Y-1.3827 Z0.8802
X3.2476 Y-1.3671 Z0.8813
X3.2487 Y-1.3515 Z0.8828
X3.2492 Y-1.3436 Z0.8835
X3.2505 Y-1.328 Z0.885
X3.2513 Y-1.3202 Z0.8857
X3.252 Y-1.3124 Z0.8866
X3.2535 Y-1.2967 Z0.8886
X3.2552 Y-1.2811 Z0.8905
X3.2562 Y-1.2733 Z0.8915
X3.257 Y-1.2655 Z0.8926
X3.2579 Y-1.2577 Z0.8938
X3.2599 Y-1.242 Z0.8962
X3.2631 Y-1.2186 Z0.9001
X3.2654 Y-1.2029 Z0.9029
X3.2667 Y-1.1951 Z0.9044
X3.269 Y-1.1795 Z0.9076
X3.2716 Y-1.1638 Z0.9107
X3.2731 Y-1.156 Z0.9123
X3.2757 Y-1.1404 Z0.916
X3.2787 Y-1.1248 Z0.9196
X3.2803 Y-1.1169 Z0.9214
X3.2819 Y-1.1091 Z0.9233
X3.2834 Y-1.1013 Z0.9253
X3.2884 Y-1.0778 Z0.9315
X3.2903 Y-1.0692 Z0.9338
X3.2929 Y-1.0577 Z0.9371
X3.2964 Y-1.0425 Z0.9416
X3.2961 Y-1.0419 Z0.9421
X3.2842 Y-1.0544 Z0.9451
X3.277 Y-1.0622 Z0.9469
X3.2628 Y-1.0778 Z0.9506
X3.2537 Y-1.0882 Z0.953
X3.2425 Y-1.1013 Z0.9559
X3.2376 Y-1.107 Z0.9572
X3.2342 Y-1.1113 Z0.958
X3.2311 Y-1.1159 Z0.9586
X3.2282 Y-1.1206 Z0.9589
X3.2256 Y-1.1255 Z0.9591
X3.223 Y-1.1305
X3.2207 Y-1.1356 Z0.959
X3.2162 Y-1.1458 Z0.9586
X3.2118 Y-1.1562 Z0.9583
X3.2095 Y-1.1613 Z0.9582
X3.2072 Y-1.1664
X3.2047 Y-1.1714 Z0.9584
X3.202 Y-1.1763 Z0.9587
X3.1992 Y-1.1811 Z0.9593
X3.1961 Y-1.1857 Z0.9601
X3.1894 Y-1.1951 Z0.9622
X3.1834 Y-1.2037 Z0.9641
X3.1733 Y-1.2186 Z0.9673
X3.1632 Y-1.2342 Z0.9706
X3.1583 Y-1.242 Z0.9722
X3.1521 Y-1.2522 Z0.9744
X3.1442 Y-1.2655 Z0.977
X3.1398 Y-1.2733 Z0.9786
X3.1354 Y-1.2811 Z0.9801
X3.1286 Y-1.2938 Z0.9826
X3.1231 Y-1.3046 Z0.9846
X3.1192 Y-1.3124 Z0.986
X3.1154 Y-1.3202 Z0.9874
X3.1117 Y-1.328 Z0.9888
X3.1048 Y-1.3436 Z0.9915
X3.1016 Y-1.3515 Z0.9928
X3.0973 Y-1.3624 Z0.9944
X3.0955 Y-1.3671 Z0.9951
X3.0927 Y-1.3749 Z0.9962
X3.0895 Y-1.3843 Z0.9975
X3.0875 Y-1.3906 Z0.9983
X3.0851 Y-1.3984 Z0.9993
X3.0817 Y-1.4104 Z1.0007
X3.0807 Y-1.414 Z1.0011
X3.0788 Y-1.4218 Z1.0019
X3.077 Y-1.4296 Z1.0027
X3.0738 Y-1.4453 Z1.0042
X3.0727 Y-1.4531 Z1.0046
X3.0716 Y-1.4609 Z1.0051
X3.0707 Y-1.4687 Z1.0055
X3.07 Y-1.4765 Z1.0058
X3.0695 Y-1.4844 Z1.0061
X3.0691 Y-1.4922 Z1.0063
X3.0689 Y-1.5
X3.0691 Y-1.5078
X3.0695 Y-1.5156 Z1.0061
X3.07 Y-1.5235 Z1.0058
X3.0708 Y-1.5313 Z1.0055
X3.0716 Y-1.5391 Z1.0051
X3.0727 Y-1.5469 Z1.0046
X3.0738 Y-1.5548 Z1.0042
X3.077 Y-1.5704 Z1.0027
X3.0788 Y-1.5782 Z1.0019
X3.0807 Y-1.586 Z1.0011
X3.0829 Y-1.5938 Z1.0002
X3.0851 Y-1.6016 Z0.9993
X3.0875 Y-1.6094 Z0.9983
X3.09 Y-1.6173 Z0.9973
X3.0927 Y-1.6251 Z0.9962
X3.0955 Y-1.6329 Z0.9951
X3.0985 Y-1.6407 Z0.9939
X3.1048 Y-1.6564 Z0.9915
X3.1083 Y-1.6642 Z0.9901
X3.113 Y-1.6746 Z0.9883
X3.1154 Y-1.6798 Z0.9874
X3.1208 Y-1.6909 Z0.9854
X3.1271 Y-1.7033 Z0.9831
X3.1312 Y-1.7111 Z0.9816
X3.1364 Y-1.7207 Z0.9798
X3.1398 Y-1.7267 Z0.9786
X3.1442 Y-1.7346 Z0.977
X3.1521 Y-1.7478 Z0.9744
X3.1599 Y-1.7606 Z0.9717
X3.1682 Y-1.7736 Z0.969
X3.1733 Y-1.7814 Z0.9673
X3.1839 Y-1.7971 Z0.9639
X3.1949 Y-1.8127 Z0.9605
X3.2006 Y-1.8205 Z0.9588
X3.2068 Y-1.829 Z0.9568
X3.2181 Y-1.844 Z0.9534
X3.2304 Y-1.8596 Z0.9499
X3.2431 Y-1.8752 Z0.9462
X3.2537 Y-1.8881 Z0.9432
X3.2651 Y-1.9013 Z0.9401
X3.2681 Y-1.9048 Z0.9393
X3.2684 Y-1.9038 Z0.9387
X3.2673 Y-1.8987 Z0.9373
X3.2659 Y-1.8909 Z0.9353
X3.2642 Y-1.8831 Z0.9334
X3.2612 Y-1.8674 Z0.9298
X3.2597 Y-1.8596 Z0.928
X3.257 Y-1.844 Z0.9243
X3.2543 Y-1.8283 Z0.9211
X3.2529 Y-1.8205 Z0.9196
X3.2506 Y-1.8049 Z0.9164
X3.2494 Y-1.7971 Z0.9149
X3.2471 Y-1.7814 Z0.9121
X3.2439 Y-1.758 Z0.9082
X3.2419 Y-1.7423 Z0.9058
X3.241 Y-1.7345 Z0.9046
X3.2401 Y-1.7267 Z0.9035
X3.2383 Y-1.7111 Z0.9015
X3.2367 Y-1.6954 Z0.8996
X3.236 Y-1.6876 Z0.8986
X3.2345 Y-1.672 Z0.8969
X3.2332 Y-1.6564 Z0.8955
X3.2321 Y-1.6407 Z0.894
X3.2316 Y-1.6329 Z0.8933
X3.2306 Y-1.6173 Z0.8922
X3.2302 Y-1.6094 Z0.8916
X3.2294 Y-1.5938 Z0.8906
X3.229 Y-1.586 Z0.8902
X3.2284 Y-1.5704 Z0.8895
X3.2277 Y-1.5469 Z0.8886
X3.2275 Y-1.5391 Z0.8885
X3.2274 Y-1.5235 Z0.8881
X3.2271 Y-1.5 Z0.888
X3.2273 Y-1.4765 Z0.8881
X3.2275 Y-1.4609 Z0.8885
X3.2279 Y-1.4453 Z0.8889
X3.2284 Y-1.4296 Z0.8895
X3.229 Y-1.414 Z0.8902
X3.2298 Y-1.3984 Z0.8911
X3.2303 Y-1.3887 Z0.8917
X3.2306 Y-1.3827 Z0.8922
X3.2316 Y-1.3671 Z0.8933
X3.2327 Y-1.3515 Z0.8947
X3.2332 Y-1.3436 Z0.8955
X3.2345 Y-1.328 Z0.8969
X3.236 Y-1.3124 Z0.8986
X3.2375 Y-1.2967 Z0.9005
X3.2392 Y-1.2811 Z0.9025
X3.2401 Y-1.2733 Z0.9035
X3.241 Y-1.2655 Z0.9046
X3.2419 Y-1.2577 Z0.9058
X3.2439 Y-1.242 Z0.9082
X3.2471 Y-1.2186 Z0.9121
X3.2494 Y-1.2029 Z0.9149
X3.2506 Y-1.1951 Z0.9163
X3.2529 Y-1.1795 Z0.9196
X3.2556 Y-1.1638 Z0.9227
X3.257 Y-1.156 Z0.9243
X3.2597 Y-1.1404 Z0.928
X3.2627 Y-1.1248 Z0.9315
X3.2642 Y-1.1169 Z0.9334
X3.2659 Y-1.1091 Z0.9353
X3.2678 Y-1.0993 Z0.9378
X3.2685 Y-1.096 Z0.9387
X3.2682 Y-1.0951 Z0.9393
X3.2561 Y-1.1091 Z0.9426
X3.2459 Y-1.1213 Z0.9454
X3.2367 Y-1.1326 Z0.9481
X3.2303 Y-1.1405 Z0.9499
X3.2181 Y-1.156 Z0.9534
X3.2063 Y-1.1717 Z0.957
X3.199 Y-1.1816 Z0.9593
X3.1961 Y-1.1857 Z0.9601
X3.193 Y-1.1902 Z0.961
X3.1903 Y-1.195 Z0.9616
X3.1878 Y-1.2 Z0.9619
X3.1855 Y-1.205 Z0.9621
X3.1834 Y-1.2102 Z0.9622
X3.1814 Y-1.2155 Z0.9621
X3.1796 Y-1.2208 Z0.962
X3.1743 Y-1.2368 Z0.9616
X3.1725 Y-1.2421
X3.1706 Y-1.2474
X3.1686 Y-1.2526 Z0.9619
X3.1665 Y-1.2578 Z0.9622
X3.1641 Y-1.2628 Z0.9628
X3.1614 Y-1.2677 Z0.9636
X3.1521 Y-1.284 Z0.967
X3.1452 Y-1.2967 Z0.9696
X3.1371 Y-1.3124 Z0.9726
X3.1332 Y-1.3202 Z0.9741
X3.1286 Y-1.3299 Z0.9759
X3.1259 Y-1.3358 Z0.977
X3.119 Y-1.3515 Z0.9797
X3.1158 Y-1.3593 Z0.981
X3.1127 Y-1.3671 Z0.9822
X3.1098 Y-1.3749 Z0.9834
X3.107 Y-1.3827 Z0.9846
X3.1044 Y-1.3906 Z0.9857
X3.1019 Y-1.3984 Z0.9867
X3.0996 Y-1.4062 Z0.9877
X3.0973 Y-1.4141 Z0.9887
X3.0953 Y-1.4218 Z0.9896
X3.0935 Y-1.4296 Z0.9904
X3.0918 Y-1.4375 Z0.9912
X3.0895 Y-1.449 Z0.9923
X3.0878 Y-1.4609 Z0.993
X3.0869 Y-1.4687 Z0.9934
X3.0861 Y-1.4765 Z0.9938
X3.0855 Y-1.4844 Z0.9941
X3.0851 Y-1.4922 Z0.9943
X3.0849 Y-1.5 Z0.9944
X3.0851 Y-1.5078 Z0.9943
X3.0855 Y-1.5156 Z0.9941
X3.0861 Y-1.5235 Z0.9937
X3.0869 Y-1.5313 Z0.9934
X3.0878 Y-1.5391 Z0.993
X3.0895 Y-1.551 Z0.9923
X3.0918 Y-1.5625 Z0.9912
X3.0935 Y-1.5704 Z0.9904
X3.0953 Y-1.5782 Z0.9896
X3.0973 Y-1.586 Z0.9887
X3.0996 Y-1.5938 Z0.9877
X3.1019 Y-1.6016 Z0.9867
X3.1051 Y-1.6117 Z0.9854
X3.107 Y-1.6173 Z0.9846
X3.1098 Y-1.6251 Z0.9834
X3.113 Y-1.6335 Z0.9821
X3.1158 Y-1.6407 Z0.981
X3.119 Y-1.6485 Z0.9797
X3.1259 Y-1.6642 Z0.977
X3.1295 Y-1.672 Z0.9755
X3.1364 Y-1.6863 Z0.9729
X3.1442 Y-1.7015 Z0.9699
X3.1521 Y-1.716 Z0.967
X3.1627 Y-1.7345 Z0.9632
X3.1722 Y-1.7502 Z0.9599
X3.1771 Y-1.758 Z0.9582
X3.1872 Y-1.7736 Z0.9548
X3.1924 Y-1.7814 Z0.953
X3.199 Y-1.7911 Z0.9508
X3.2087 Y-1.8049 Z0.9477
X3.2201 Y-1.8205 Z0.9441
X3.2303 Y-1.834 Z0.9409
X3.2413 Y-1.8482 Z0.9376
X3.2416 Y-1.8474 Z0.9371
X3.241 Y-1.844 Z0.9363
X3.2381 Y-1.8276 Z0.933
X3.2369 Y-1.8205 Z0.9316
X3.2346 Y-1.8049 Z0.9283
X3.2334 Y-1.7971 Z0.9269
X3.2311 Y-1.7814 Z0.9241
X3.2279 Y-1.758 Z0.9201
X3.2259 Y-1.7423 Z0.9178
X3.225 Y-1.7345 Z0.9166
X3.2232 Y-1.7189 Z0.9144
X3.2215 Y-1.7033 Z0.9125
X3.22 Y-1.6876 Z0.9106
X3.2185 Y-1.672 Z0.9089
X3.2172 Y-1.6564 Z0.9075
X3.2161 Y-1.6407 Z0.906
X3.2156 Y-1.6329 Z0.9053
X3.2146 Y-1.6173 Z0.9041
X3.2142 Y-1.6094 Z0.9035
X3.2134 Y-1.5938 Z0.9026
X3.213 Y-1.586 Z0.9022
X3.2124 Y-1.5704 Z0.9014
X3.2117 Y-1.5469 Z0.9006
X3.2115 Y-1.5391 Z0.9004
X3.2113 Y-1.5235 Z0.9
X3.2111 Y-1.5 Z0.8999
X3.2113 Y-1.4765 Z0.9001
X3.2115 Y-1.4609 Z0.9004
X3.2117 Y-1.4531 Z0.9006
X3.2124 Y-1.4296 Z0.9014
X3.213 Y-1.414 Z0.9022
X3.2138 Y-1.3984 Z0.903
X3.2142 Y-1.3906 Z0.9035
X3.2146 Y-1.3818 Z0.9042
X3.2156 Y-1.3671 Z0.9053
X3.2166 Y-1.3515 Z0.9067
X3.2172 Y-1.3436 Z0.9075
X3.2185 Y-1.328 Z0.9089
X3.22 Y-1.3124 Z0.9106
X3.2215 Y-1.2967 Z0.9125
X3.2232 Y-1.2811 Z0.9144
X3.225 Y-1.2655 Z0.9166
X3.2259 Y-1.2577 Z0.9178
X3.2279 Y-1.242 Z0.9201
X3.2311 Y-1.2186 Z0.9241
X3.2334 Y-1.2029 Z0.9269
X3.2346 Y-1.1951 Z0.9283
X3.2369 Y-1.1795 Z0.9316
X3.2396 Y-1.1638 Z0.9347
X3.2414 Y-1.1541 Z0.9367
X3.2416 Y-1.1526 Z0.9371
X3.2413 Y-1.1518 Z0.9376
X3.2319 Y-1.1638 Z0.9404
X3.2225 Y-1.1764 Z0.9434
X3.2144 Y-1.1873 Z0.9459
X3.2068 Y-1.1978 Z0.9483
X3.1978 Y-1.2107 Z0.9512
X3.1912 Y-1.2204 Z0.9534
X3.1821 Y-1.2342 Z0.9565
X3.1755 Y-1.2445 Z0.9587
X3.1674 Y-1.2577 Z0.9615
X3.1614 Y-1.2677 Z0.9636
X3.1589 Y-1.2725 Z0.9645
X3.1566 Y-1.2775 Z0.9651
X3.1546 Y-1.2827 Z0.9655
X3.1529 Y-1.288 Z0.9657
X3.1514 Y-1.2934 Z0.9658
X3.15 Y-1.2988 Z0.9657
X3.1487 Y-1.3043 Z0.9656
X3.1453 Y-1.3208 Z0.9651
X3.1441 Y-1.3263
X3.1428 Y-1.3318
X3.1414 Y-1.3372 Z0.9653
X3.1398 Y-1.3426 Z0.9656
X3.138 Y-1.3479 Z0.9661
X3.1359 Y-1.353 Z0.9669
X3.1332 Y-1.3593 Z0.968
X3.13 Y-1.3671 Z0.9693
X3.127 Y-1.3749 Z0.9706
X3.1241 Y-1.3827 Z0.9718
X3.1208 Y-1.3922 Z0.9732
X3.1188 Y-1.3984 Z0.9741
X3.1164 Y-1.4062 Z0.9752
X3.113 Y-1.418 Z0.9767
X3.1119 Y-1.4218 Z0.9772
X3.11 Y-1.4296 Z0.978
X3.1083 Y-1.4375 Z0.9789
X3.1066 Y-1.4453 Z0.9796
X3.1051 Y-1.4531 Z0.9804
X3.104 Y-1.4609 Z0.9809
X3.103 Y-1.4687 Z0.9813
X3.1022 Y-1.4765 Z0.9817
X3.1016 Y-1.4844 Z0.9821
X3.1011 Y-1.4922 Z0.9823
X3.1009 Y-1.5 Z0.9824
X3.1012 Y-1.5078 Z0.9823
X3.1016 Y-1.5156 Z0.982
X3.1022 Y-1.5235 Z0.9817
X3.1033 Y-1.5334 Z0.9812
X3.104 Y-1.5391 Z0.9809
X3.1051 Y-1.5473 Z0.9804
X3.1083 Y-1.5625 Z0.9789
X3.11 Y-1.5704 Z0.978
X3.1119 Y-1.5782 Z0.9772
X3.1141 Y-1.586 Z0.9762
X3.1164 Y-1.5938 Z0.9752
X3.1188 Y-1.6016 Z0.9741
X3.1213 Y-1.6094 Z0.973
X3.1241 Y-1.6173 Z0.9718
X3.1286 Y-1.6293 Z0.9699
X3.1332 Y-1.6407 Z0.968
X3.14 Y-1.6564 Z0.9652
X3.1442 Y-1.6655 Z0.9634
X3.1473 Y-1.672 Z0.9622
X3.1521 Y-1.6816 Z0.9603
X3.1551 Y-1.6876 Z0.9591
X3.1599 Y-1.6967 Z0.9573
X3.1634 Y-1.7033 Z0.9559
X3.1678 Y-1.7111 Z0.9543
X3.1755 Y-1.7247 Z0.9514
X3.1834 Y-1.7378 Z0.9485
X3.1912 Y-1.7504 Z0.9457
X3.196 Y-1.758 Z0.944
X3.2064 Y-1.7736 Z0.9404
X3.2146 Y-1.7857 Z0.9376
X3.2154 Y-1.7868 Z0.9373
X3.2157 Y-1.7859 Z0.9369
X3.2129 Y-1.7658 Z0.9334
X3.2119 Y-1.758 Z0.9321
X3.2099 Y-1.7423 Z0.9298
X3.209 Y-1.7345 Z0.9285
X3.2068 Y-1.7159 Z0.926
X3.2054 Y-1.7033 Z0.9245
X3.204 Y-1.6876 Z0.9226
X3.2025 Y-1.672 Z0.9209
X3.2012 Y-1.6564 Z0.9195
X3.2001 Y-1.6407 Z0.9179
X3.1996 Y-1.6329 Z0.9172
X3.1986 Y-1.6173 Z0.9161
X3.1982 Y-1.6094 Z0.9155
X3.1974 Y-1.5938 Z0.9146
X3.197 Y-1.586 Z0.9141
X3.1964 Y-1.5704 Z0.9134
X3.1957 Y-1.5469 Z0.9126
X3.1955 Y-1.5391 Z0.9124
X3.1953 Y-1.5235 Z0.912
X3.1951 Y-1.5 Z0.9119
X3.1953 Y-1.4765 Z0.912
X3.1955 Y-1.4609 Z0.9124
X3.1957 Y-1.4531 Z0.9126
X3.1964 Y-1.4296 Z0.9134
X3.197 Y-1.414 Z0.9141
X3.1978 Y-1.3984 Z0.915
X3.1982 Y-1.3906 Z0.9155
X3.1986 Y-1.3827 Z0.9161
X3.1996 Y-1.3671 Z0.9172
X3.2006 Y-1.3515 Z0.9187
X3.2012 Y-1.3436 Z0.9195
X3.2025 Y-1.328 Z0.9209
X3.204 Y-1.3124 Z0.9226
X3.2054 Y-1.2967 Z0.9245
X3.2072 Y-1.2811 Z0.9264
X3.209 Y-1.2655 Z0.9285
X3.2099 Y-1.2577 Z0.9298
X3.2119 Y-1.242 Z0.9321
X3.2156 Y-1.2148 Z0.9367
X3.2157 Y-1.2138 Z0.9369
X3.2154 Y-1.2131 Z0.9373
X3.2064 Y-1.2264 Z0.9404
X3.196 Y-1.242 Z0.944
X3.1862 Y-1.2577 Z0.9475
X3.1814 Y-1.2655 Z0.9492
X3.1743 Y-1.2775 Z0.9519
X3.1677 Y-1.289 Z0.9543
X3.1634 Y-1.2967 Z0.9559
X3.1592 Y-1.3046 Z0.9575
X3.1551 Y-1.3124 Z0.9591
X3.1512 Y-1.3202 Z0.9606
X3.1473 Y-1.328 Z0.9622
X3.1436 Y-1.3358 Z0.9637
X3.14 Y-1.3436 Z0.9652
X3.1359 Y-1.353 Z0.9669
X3.1339 Y-1.3581 Z0.9676
X3.1323 Y-1.3634 Z0.9681
X3.131 Y-1.3688 Z0.9684
X3.13 Y-1.3743 Z0.9685
X3.1292 Y-1.3798 Z0.9684
X3.1286 Y-1.3854 Z0.9682
X3.1282 Y-1.391 Z0.9679
X3.1276 Y-1.4022 Z0.9672
X3.1271 Y-1.4135 Z0.9666
X3.1268 Y-1.4192 Z0.9664
X3.1263 Y-1.4248 Z0.9663
X3.1257 Y-1.4305
X3.1249 Y-1.4361 Z0.9665
X3.1238 Y-1.4416 Z0.967
X3.1215 Y-1.4531 Z0.9681
X3.1208 Y-1.4565 Z0.9685
X3.1192 Y-1.4687 Z0.9692
X3.1183 Y-1.4765 Z0.9696
X3.1177 Y-1.4844 Z0.97
X3.1172 Y-1.4922 Z0.9703
X3.117 Y-1.5 Z0.9704
X3.1172 Y-1.5078 Z0.9703
X3.1177 Y-1.5156 Z0.97
X3.1183 Y-1.5235 Z0.9696
X3.1192 Y-1.5314 Z0.9692
X3.1208 Y-1.5436 Z0.9685
X3.123 Y-1.5547 Z0.9674
X3.1247 Y-1.5625 Z0.9665
X3.1266 Y-1.5704 Z0.9656
X3.1286 Y-1.5782 Z0.9647
X3.1308 Y-1.586 Z0.9636
X3.1332 Y-1.5938 Z0.9626
X3.1364 Y-1.6036 Z0.9611
X3.1384 Y-1.6094 Z0.9602
X3.1413 Y-1.6173 Z0.959
X3.1443 Y-1.6251 Z0.9576
X3.1474 Y-1.6329 Z0.9563
X3.1521 Y-1.6437 Z0.9543
X3.1578 Y-1.6564 Z0.9519
X3.1615 Y-1.6642 Z0.9503
X3.1653 Y-1.672 Z0.9487
X3.1733 Y-1.6876 Z0.9455
X3.1775 Y-1.6954 Z0.9439
X3.1834 Y-1.706 Z0.9416
X3.1862 Y-1.7111 Z0.9405
X3.1912 Y-1.7196 Z0.9386
Y-1.7189 Z0.9384
X3.1894 Y-1.7033 Z0.9365
X3.188 Y-1.6876 Z0.9345
X3.1865 Y-1.672 Z0.9329
X3.1852 Y-1.6564 Z0.9314
X3.1841 Y-1.6407 Z0.9299
X3.1834 Y-1.63 Z0.929
X3.1825 Y-1.6173 Z0.9281
X3.1821 Y-1.6094 Z0.9275
X3.1814 Y-1.5938 Z0.9266
X3.181 Y-1.586 Z0.9261
X3.1804 Y-1.5704 Z0.9254
X3.1797 Y-1.5469 Z0.9246
X3.1794 Y-1.5391 Z0.9244
X3.1793 Y-1.5235 Z0.924
X3.1791 Y-1.5 Z0.9239
X3.1793 Y-1.4765 Z0.924
X3.1794 Y-1.4609 Z0.9244
X3.1797 Y-1.4531 Z0.9246
X3.1804 Y-1.4296 Z0.9254
X3.181 Y-1.414 Z0.9261
X3.1818 Y-1.3984 Z0.927
X3.1821 Y-1.3906 Z0.9275
X3.1825 Y-1.3827 Z0.9281
X3.1836 Y-1.3671 Z0.9292
X3.1846 Y-1.3515 Z0.9307
X3.1852 Y-1.3436 Z0.9314
X3.1865 Y-1.328 Z0.9329
X3.188 Y-1.3124 Z0.9345
X3.1894 Y-1.2967 Z0.9365
X3.1912 Y-1.281 Z0.9384
Y-1.2804 Z0.9386
X3.1862 Y-1.2889 Z0.9405
X3.1818 Y-1.2967 Z0.9422
X3.1755 Y-1.3082 Z0.9446
X3.1692 Y-1.3202 Z0.9471
X3.1653 Y-1.328 Z0.9487
X3.1599 Y-1.3392 Z0.951
X3.1542 Y-1.3515 Z0.9534
X3.1474 Y-1.3671 Z0.9563
X3.1442 Y-1.3749 Z0.9577
X3.1413 Y-1.3827 Z0.959
X3.1384 Y-1.3906 Z0.9602
X3.1357 Y-1.3984 Z0.9614
X3.1332 Y-1.4062 Z0.9626
X3.1308 Y-1.414 Z0.9636
X3.1286 Y-1.4218 Z0.9647
X3.1266 Y-1.4296 Z0.9656
X3.1247 Y-1.4375 Z0.9665
X3.1238 Y-1.4416 Z0.967
X3.1229 Y-1.447 Z0.9674
X3.1226 Y-1.4498 Z0.9675
X3.1224 Y-1.4526
X3.1223 Y-1.4581 Z0.9673
X3.1225 Y-1.4637 Z0.9669
X3.123 Y-1.4692 Z0.9664
X3.1238 Y-1.4747 Z0.9656
X3.1248 Y-1.4802 Z0.9648
X3.1259 Y-1.4856 Z0.9639
X3.1284 Y-1.4967 Z0.9619
X3.1311 Y-1.5077 Z0.9599
X3.1323 Y-1.5133 Z0.959
X3.1335 Y-1.5188 Z0.9582
X3.1344 Y-1.5245 Z0.9576
X3.1352 Y-1.5301 Z0.9572
X3.1364 Y-1.5395 Z0.9566
X3.1378 Y-1.5469 Z0.9559
X3.1395 Y-1.5547 Z0.955
X3.1413 Y-1.5625 Z0.9542
X3.1432 Y-1.5704 Z0.9532
X3.1442 Y-1.5743 Z0.9527
X3.1477 Y-1.586 Z0.951
X3.1502 Y-1.5938 Z0.9499
X3.1528 Y-1.6016 Z0.9487
X3.1556 Y-1.6094 Z0.9474
X3.1599 Y-1.6206 Z0.9454
X3.1616 Y-1.6251 Z0.9446
X3.165 Y-1.6329 Z0.9431
X3.1677 Y-1.6392 Z0.9419
Y-1.6354 Z0.9414
X3.167 Y-1.6251 Z0.9406
X3.1665 Y-1.6173 Z0.9401
X3.1661 Y-1.6094 Z0.9395
X3.1654 Y-1.5938 Z0.9385
X3.1649 Y-1.586 Z0.9381
X3.1643 Y-1.5704 Z0.9374
X3.1637 Y-1.5469 Z0.9366
X3.1634 Y-1.5391 Z0.9364
X3.1633 Y-1.5235 Z0.936
X3.1631 Y-1.5 Z0.9359
X3.1633 Y-1.4765 Z0.936
X3.1634 Y-1.4609 Z0.9364
X3.1639 Y-1.4453 Z0.9368
X3.1643 Y-1.4296 Z0.9374
X3.1649 Y-1.414 Z0.9381
X3.1658 Y-1.3984 Z0.939
X3.1661 Y-1.3906 Z0.9395
X3.1665 Y-1.3827 Z0.9401
X3.1675 Y-1.3671 Z0.9412
X3.1677 Y-1.3647 Z0.9414
Y-1.3608 Z0.9419
X3.1616 Y-1.3749 Z0.9446
X3.1585 Y-1.3827 Z0.9461
X3.1556 Y-1.3906 Z0.9474
X3.1521 Y-1.4005 Z0.949
X3.1501 Y-1.4062 Z0.9499
X3.1477 Y-1.414 Z0.951
X3.1442 Y-1.4257 Z0.9527
X3.1432 Y-1.4296 Z0.9532
X3.1413 Y-1.4375 Z0.9542
X3.1393 Y-1.4461 Z0.9551
X3.1379 Y-1.4531 Z0.9559
X3.1364 Y-1.4609 Z0.9566
X3.1354 Y-1.4687 Z0.9571
X3.1344 Y-1.4765 Z0.9576
X3.1337 Y-1.4844 Z0.958
X3.1332 Y-1.4922 Z0.9583
X3.133 Y-1.5 Z0.9584
X3.1333 Y-1.5078 Z0.9583
X3.1338 Y-1.5156 Z0.958
X3.1345 Y-1.5235 Z0.9576
X3.1352 Y-1.5301 Z0.9572
X3.1356 Y-1.5335 Z0.9573
X3.136 Y-1.5368 Z0.958
X3.1364 Y-1.5399 Z0.9593
X3.1367 Y-1.5427 Z0.9612
X3.137 Y-1.5451 Z0.9635
X3.1372 Y-1.5471 Z0.9662
X3.1374 Y-1.5486 Z0.9693
X3.1375 Y-1.5495 Z0.9726
Y-1.5498 Z0.9759
G0 Z1.64
X2.4391 Y-1.6381
Z1.512
G1 Z1.4507 F200.
X2.4392 Y-1.6384 Z1.4475 F30.
X2.4393 Y-1.6392 Z1.4443
X2.4396 Y-1.6406 Z1.4414
X2.4399 Y-1.6424 Z1.4387
X2.4403 Y-1.6447 Z1.4364
X2.4408 Y-1.6473 Z1.4345
X2.4413 Y-1.6502 Z1.4331
X2.4419 Y-1.6534 Z1.4323
X2.4425 Y-1.6566 Z1.432
G17 G3 X2.5892 Y-2.0176 I0.9632 J0.1811
X2.7532 Y-2.2224 I1.048 J0.6715
X3.0584 Y-2.4692 I1.224 J1.2011
X3.4728 Y-2.6815 I1.2843 J1.9968
G1 X3.4806 Y-2.6837
X3.4884 Y-2.6845
X3.4962 Y-2.6846 Z1.4316
G18 G3 X3.5431 Z1.4141 I-0.0088 K-0.0953
G1 X4.1454 Y-2.6845 Z0.9636
X4.1532 Y-2.6843 Z0.9577
X4.1611 Y-2.6829 Z0.9519
X4.1689 Y-2.6804 Z0.946
X4.1767 Y-2.6766 Z0.9402
X4.1822 Y-2.6726 Z0.9361
X4.1845 Y-2.6705 Z0.9343
X4.1894 Y-2.6648 Z0.9307
X4.1924 Y-2.6603 Z0.9285
X4.1941 Y-2.657 Z0.9272
X4.1967 Y-2.6492 Z0.9253
X4.1983 Y-2.6414 Z0.924
X4.1988 Y-2.6336 Z0.9228
X4.198 Y-2.6284 Z0.9225
X4.1971 Y-2.6257 Z0.9226
X4.1937 Y-2.6179 Z0.9228
X4.1924 Y-2.6155
X4.1893 Y-2.6101
X4.1845 Y-2.6022 Z0.922
X4.1799 Y-2.5945 Z0.9201
X4.1767 Y-2.5891 Z0.9181
X4.1752 Y-2.5867 Z0.9169
X4.1702 Y-2.5788 Z0.9125
X4.1689 Y-2.5768 Z0.911
X4.1652 Y-2.571 Z0.9058
X4.1611 Y-2.5649 Z0.8986
X4.1574 Y-2.5593 Z0.8911
X4.15 Y-2.5476 Z0.8757
X4.1452 Y-2.5397 Z0.8655
X4.1404 Y-2.5319 Z0.8557
X4.1376 Y-2.5273 Z0.85
X4.1298 Y-2.5142 Z0.8343
X4.1218 Y-2.5007 Z0.8188
X4.1141 Y-2.4874 Z0.8042
X4.1083 Y-2.4772 Z0.7935
X4.1039 Y-2.4694 Z0.7853
X4.0985 Y-2.4596 Z0.7753
X4.0907 Y-2.4453 Z0.7614
X4.0827 Y-2.4303 Z0.7473
X4.0806 Y-2.4264 Z0.7437
X4.0724 Y-2.4108 Z0.73
X4.0664 Y-2.399 Z0.7196
X4.0625 Y-2.3912 Z0.7132
X4.0586 Y-2.3834 Z0.7067
X4.0548 Y-2.3756 Z0.7003
X4.0509 Y-2.3678 Z0.6941
X4.0471 Y-2.3599 Z0.6882
X4.0434 Y-2.3521 Z0.6821
X4.0359 Y-2.3362 Z0.6704
X4.0289 Y-2.3209 Z0.6596
X4.0203 Y-2.3017 Z0.6463
X4.0125 Y-2.2836 Z0.6343
X4.0083 Y-2.2739 Z0.6283
X4.0046 Y-2.2654 Z0.623
X3.9954 Y-2.2427 Z0.6093
X3.9922 Y-2.2349 Z0.6047
X3.9862 Y-2.2192 Z0.5958
X3.9812 Y-2.2062 Z0.5887
X3.9772 Y-2.1958 Z0.5831
X3.9733 Y-2.1852 Z0.5776
X3.9655 Y-2.1638 Z0.5669
X3.9631 Y-2.1567 Z0.5634
X3.9577 Y-2.141 Z0.5559
X3.9524 Y-2.1254 Z0.5488
X3.9474 Y-2.1098 Z0.542
X3.9421 Y-2.0933 Z0.5349
X3.9399 Y-2.0863 Z0.532
X3.9305 Y-2.0551 Z0.5198
X3.9283 Y-2.0472 Z0.5167
X3.9261 Y-2.0394 Z0.5137
X3.9196 Y-2.016 Z0.5055
X3.9176 Y-2.0081 Z0.5026
X3.9156 Y-2.0003 Z0.4999
X3.9136 Y-1.9925 Z0.4973
X3.9095 Y-1.9769 Z0.4924
X3.9077 Y-1.9691 Z0.4899
X3.9058 Y-1.9612 Z0.4875
X3.9003 Y-1.9378 Z0.4806
X3.8986 Y-1.93 Z0.4784
X3.897 Y-1.9222 Z0.4762
X3.8919 Y-1.8987 Z0.4702
X3.8904 Y-1.8909 Z0.4681
X3.8889 Y-1.8831 Z0.4661
X3.8843 Y-1.8596 Z0.4609
X3.8816 Y-1.844 Z0.4571
X3.8803 Y-1.8362 Z0.4554
X3.8775 Y-1.8205 Z0.4524
X3.8752 Y-1.8049 Z0.4492
X3.874 Y-1.7971 Z0.4476
X3.8728 Y-1.7893 Z0.4462
X3.8716 Y-1.7814 Z0.4449
X3.8705 Y-1.7736 Z0.4436
X3.8685 Y-1.758 Z0.4409
X3.8664 Y-1.7423 Z0.4386
X3.8655 Y-1.7345 Z0.4374
X3.8638 Y-1.7189 Z0.4352
X3.8629 Y-1.7111 Z0.4342
X3.862 Y-1.7033 Z0.4334
X3.8612 Y-1.6954 Z0.4324
X3.8599 Y-1.6798 Z0.4304
X3.8592 Y-1.672 Z0.4296
X3.8584 Y-1.6642 Z0.429
X3.8578 Y-1.6564 Z0.4284
X3.856 Y-1.6308 Z0.4259
X3.8551 Y-1.6173 Z0.425
X3.8547 Y-1.6094 Z0.4243
X3.8536 Y-1.586 Z0.4229
X3.8532 Y-1.5782 Z0.4226
X3.8522 Y-1.5469 Z0.4214
X3.852 Y-1.5391 Z0.4213
Y-1.5313 Z0.421
X3.8519 Y-1.5235 Z0.4209
X3.8516 Y-1.5 Z0.4208
X3.8519 Y-1.4765 Z0.4209
X3.852 Y-1.4687 Z0.421
Y-1.4609 Z0.4213
X3.8522 Y-1.4531 Z0.4214
X3.8532 Y-1.4218 Z0.4226
X3.8536 Y-1.414 Z0.4229
X3.8547 Y-1.3906 Z0.4243
X3.8551 Y-1.3827 Z0.425
X3.856 Y-1.3692 Z0.4259
X3.8578 Y-1.3436 Z0.4284
X3.8584 Y-1.3358 Z0.429
X3.8592 Y-1.328 Z0.4296
X3.8599 Y-1.3202 Z0.4304
X3.8612 Y-1.3046 Z0.4324
X3.862 Y-1.2967 Z0.4334
X3.8629 Y-1.2889 Z0.4342
X3.8638 Y-1.2809 Z0.4352
X3.8655 Y-1.2655 Z0.4374
X3.8664 Y-1.2577 Z0.4386
X3.8685 Y-1.242 Z0.4409
X3.8705 Y-1.2264 Z0.4436
X3.8717 Y-1.2181 Z0.445
X3.8728 Y-1.2107 Z0.4462
X3.874 Y-1.2029 Z0.4476
X3.8752 Y-1.1951 Z0.4492
X3.8775 Y-1.1795 Z0.4524
X3.8803 Y-1.1638 Z0.4554
X3.8816 Y-1.156 Z0.4571
X3.8843 Y-1.1404 Z0.4609
X3.8889 Y-1.1169 Z0.4661
X3.8904 Y-1.1091 Z0.4681
X3.8919 Y-1.1013 Z0.4702
X3.897 Y-1.0778 Z0.4762
X3.8986 Y-1.07 Z0.4784
X3.9003 Y-1.0622 Z0.4806
X3.9058 Y-1.0388 Z0.4875
X3.9077 Y-1.0309 Z0.4899
X3.9095 Y-1.0231 Z0.4924
X3.9136 Y-1.0075 Z0.4973
X3.9156 Y-0.9997 Z0.4999
X3.9176 Y-0.9919 Z0.5026
X3.9196 Y-0.984 Z0.5055
X3.9264 Y-0.9595 Z0.5141
X3.9283 Y-0.9528 Z0.5167
X3.9305 Y-0.9449 Z0.5198
X3.9399 Y-0.9137 Z0.532
X3.9423 Y-0.9059 Z0.5353
X3.9499 Y-0.8824 Z0.5454
X3.9524 Y-0.8746 Z0.5488
X3.9577 Y-0.859 Z0.5559
X3.9631 Y-0.8433 Z0.5634
X3.9658 Y-0.8355 Z0.5673
X3.9743 Y-0.812 Z0.579
X3.9772 Y-0.8042 Z0.5831
X3.9832 Y-0.7886 Z0.5915
X3.9862 Y-0.7808 Z0.5958
X3.9922 Y-0.7651 Z0.6047
X3.9968 Y-0.7539 Z0.6114
X4.005 Y-0.7339 Z0.6234
X4.0117 Y-0.7182 Z0.6332
X4.015 Y-0.7104 Z0.6382
X4.0203 Y-0.6983 Z0.6463
X4.0324 Y-0.6713 Z0.6651
X4.036 Y-0.6635 Z0.6706
X4.0437 Y-0.6472 Z0.6827
X4.0471 Y-0.6401 Z0.6882
X4.0516 Y-0.631 Z0.6951
X4.0548 Y-0.6244 Z0.7003
X4.0594 Y-0.615 Z0.7081
X4.0625 Y-0.6088 Z0.7132
X4.0664 Y-0.601 Z0.7196
X4.075 Y-0.5842 Z0.7345
X4.0806 Y-0.5736 Z0.7437
X4.0828 Y-0.5694 Z0.7476
X4.091 Y-0.5541 Z0.762
X4.0985 Y-0.5404 Z0.7753
X4.1039 Y-0.5306 Z0.7853
X4.1083 Y-0.5228 Z0.7935
X4.1141 Y-0.5126 Z0.8042
X4.122 Y-0.499 Z0.8192
X4.1298 Y-0.4858 Z0.8343
X4.1376 Y-0.4727 Z0.85
X4.1428 Y-0.4642 Z0.8606
X4.1454 Y-0.4599 Z0.8659
X4.15 Y-0.4524 Z0.8757
X4.1574 Y-0.4407 Z0.8911
X4.1611 Y-0.4351 Z0.8986
X4.1652 Y-0.429 Z0.9058
X4.1689 Y-0.4232 Z0.911
X4.1702 Y-0.4212 Z0.9125
X4.1752 Y-0.4133 Z0.9169
X4.1767 Y-0.4109 Z0.9181
X4.1799 Y-0.4055 Z0.9201
X4.1846 Y-0.3977 Z0.922
X4.1893 Y-0.3899 Z0.9228
X4.1924 Y-0.3845
X4.1937 Y-0.3821
X4.1971 Y-0.3743 Z0.9226
X4.198 Y-0.3716 Z0.9225
X4.1988 Y-0.3664 Z0.9228
X4.1983 Y-0.3586 Z0.924
X4.1967 Y-0.3508 Z0.9253
X4.1941 Y-0.343 Z0.9272
X4.1924 Y-0.3397 Z0.9285
X4.1894 Y-0.3352 Z0.9307
X4.1845 Y-0.3295 Z0.9343
X4.1822 Y-0.3274 Z0.9361
X4.1767 Y-0.3234 Z0.9402
X4.1688 Y-0.3195 Z0.9461
X4.1611 Y-0.3171 Z0.9519
X4.1532 Y-0.3157 Z0.9577
X4.1454 Y-0.3155 Z0.9636
X3.5431 Y-0.3154 Z1.4141
G2 X3.4962 Z1.4316 I-0.0557 K-0.0779
G1 X3.4884 Y-0.3155 Z1.432
X3.4806 Y-0.3163
X3.4728 Y-0.3184
G17 G3 X3.0344 Y-0.5461 I0.8836 J-2.2368
X2.7275 Y-0.804 I0.9701 J-1.4656
X2.5339 Y-1.0766 I0.9321 J-0.8673
X2.452 Y-1.2967 I0.907 J-0.4627
X2.4424 Y-1.6566 I0.8549 J-0.2029
G2 X2.4408 Y-1.7065 I-0.1576 J-0.02
G3 X2.4422 Y-1.745 I0.12 J-0.0147
X2.6235 Y-2.1018 I1.0303 J0.2991
X2.8368 Y-2.3284 I1.1227 J0.8428
X3.1902 Y-2.5707 I1.2731 J1.4781
X3.4727 Y-2.7028 I1.1493 J2.0894
G1 X3.4797 Y-2.7039
X3.4806 Y-2.704
X3.4884 Y-2.7045
X3.4962 Y-2.7046 Z1.4316
G18 G3 X3.5431 Z1.4141 I-0.0088 K-0.0953
G1 X4.1454 Z0.9636
X4.1532 Y-2.7043 Z0.9577
X4.157 Y-2.7039 Z0.955
X4.1611 Y-2.7033 Z0.9519
X4.1689 Y-2.7014 Z0.946
X4.1767 Y-2.6983 Z0.9402
X4.181 Y-2.6961 Z0.937
X4.1845 Y-2.6941 Z0.9343
X4.1888 Y-2.6912 Z0.9311
X4.1924 Y-2.6883 Z0.9285
X4.1959 Y-2.6848 Z0.9258
X4.1998 Y-2.6805 Z0.9229
X4.2051 Y-2.6726 Z0.919
X4.208 Y-2.6669 Z0.9168
X4.2089 Y-2.6648 Z0.9161
X4.2115 Y-2.657 Z0.9142
X4.2133 Y-2.6492 Z0.9127
X4.2144 Y-2.6414 Z0.9114
X4.2145 Y-2.6336 Z0.9103
X4.2133 Y-2.6257 Z0.9097
X4.2106 Y-2.6179 Z0.9096
X4.208 Y-2.6127 Z0.9097
X4.2066 Y-2.6101 Z0.9096
X4.2017 Y-2.6023 Z0.9092
X4.2002 Y-2.6001 Z0.909
X4.1965 Y-2.5945 Z0.9077
X4.1924 Y-2.5881 Z0.9055
X4.1914 Y-2.5867 Z0.9048
X4.1862 Y-2.5788 Z0.9005
X4.1845 Y-2.5762 Z0.8985
X4.1813 Y-2.571 Z0.8938
X4.1787 Y-2.5671 Z0.8894
X4.1761 Y-2.5632 Z0.8843
X4.1736 Y-2.5593 Z0.879
X4.1662 Y-2.5476 Z0.8636
X4.1611 Y-2.5392 Z0.8526
X4.1566 Y-2.5319 Z0.8436
X4.1518 Y-2.5241 Z0.8341
X4.1454 Y-2.5133 Z0.8211
X4.1376 Y-2.5001 Z0.8062
X4.1298 Y-2.4865 Z0.7912
X4.122 Y-2.4729 Z0.7769
X4.1179 Y-2.4655 Z0.7693
X4.1141 Y-2.4587 Z0.7624
X4.1071 Y-2.4459 Z0.75
X4.0985 Y-2.4298 Z0.7348
X4.0946 Y-2.4225 Z0.7283
X4.0885 Y-2.4108 Z0.718
X4.0825 Y-2.399 Z0.7076
X4.0785 Y-2.3912 Z0.7012
X4.0746 Y-2.3834 Z0.6947
X4.0708 Y-2.3756 Z0.6883
X4.067 Y-2.3678 Z0.6821
X4.0632 Y-2.3599 Z0.6761
X4.0594 Y-2.352 Z0.67
X4.0516 Y-2.3354 Z0.6578
X4.0437 Y-2.3183 Z0.6458
X4.0359 Y-2.3009 Z0.6337
X4.0281 Y-2.2828 Z0.6218
X4.0209 Y-2.2661 Z0.6114
X4.0114 Y-2.2427 Z0.5972
X4.0082 Y-2.2349 Z0.5926
X4.0021 Y-2.2192 Z0.5837
X3.9991 Y-2.2114 Z0.5794
X3.9931 Y-2.1958 Z0.571
X3.9903 Y-2.188 Z0.5669
X3.9812 Y-2.1631 Z0.5545
X3.9789 Y-2.1567 Z0.5513
X3.9733 Y-2.1403 Z0.5434
X3.9683 Y-2.1254 Z0.5366
X3.9632 Y-2.1098 Z0.5298
X3.9577 Y-2.0927 Z0.5224
X3.9557 Y-2.0863 Z0.5197
X3.9463 Y-2.0551 Z0.5075
X3.9441 Y-2.0472 Z0.5044
X3.9419 Y-2.0394 Z0.5014
X3.9353 Y-2.016 Z0.4932
X3.9333 Y-2.0081 Z0.4903
X3.9313 Y-2.0003 Z0.4876
X3.9293 Y-1.9925 Z0.4849
X3.9252 Y-1.9769 Z0.4801
X3.9234 Y-1.9691 Z0.4775
X3.9215 Y-1.9612 Z0.4751
X3.916 Y-1.9378 Z0.4682
X3.9143 Y-1.93 Z0.4659
X3.9126 Y-1.9222 Z0.4638
X3.9076 Y-1.8987 Z0.4577
X3.906 Y-1.8909 Z0.4556
X3.9045 Y-1.8831 Z0.4536
X3.8999 Y-1.8596 Z0.4484
X3.8972 Y-1.844 Z0.4445
X3.8959 Y-1.8362 Z0.4429
X3.8931 Y-1.8205 Z0.4399
X3.8907 Y-1.8049 Z0.4366
X3.8896 Y-1.7971 Z0.435
X3.8884 Y-1.7893 Z0.4336
X3.8872 Y-1.7814 Z0.4324
X3.8851 Y-1.7658 Z0.4297
X3.884 Y-1.758 Z0.4283
X3.882 Y-1.7423 Z0.426
X3.881 Y-1.7345 Z0.4248
X3.8793 Y-1.7189 Z0.4226
X3.8784 Y-1.7111 Z0.4216
X3.8775 Y-1.7033 Z0.4208
X3.8768 Y-1.6954 Z0.4198
X3.8754 Y-1.6798 Z0.4178
X3.8747 Y-1.672 Z0.417
X3.8739 Y-1.6642 Z0.4164
X3.8733 Y-1.6564 Z0.4157
X3.8717 Y-1.6329 Z0.4134
X3.8706 Y-1.6173 Z0.4123
X3.8702 Y-1.6094 Z0.4116
X3.869 Y-1.586 Z0.4102
X3.8686 Y-1.5782 Z0.4099
X3.8677 Y-1.5469 Z0.4088
X3.8675 Y-1.5391 Z0.4086
X3.8673 Y-1.5235 Z0.4082
X3.8671 Y-1.5 Z0.4081
X3.8673 Y-1.4765 Z0.4082
X3.8675 Y-1.4609 Z0.4086
X3.8677 Y-1.4531 Z0.4088
X3.8686 Y-1.4218 Z0.4099
X3.869 Y-1.414 Z0.4102
X3.8702 Y-1.3906 Z0.4116
X3.8706 Y-1.3827 Z0.4123
X3.8717 Y-1.3671 Z0.4134
X3.8733 Y-1.3436 Z0.4157
X3.8739 Y-1.3358 Z0.4164
X3.8747 Y-1.328 Z0.417
X3.8754 Y-1.3202 Z0.4178
X3.8768 Y-1.3046 Z0.4198
X3.8775 Y-1.2967 Z0.4208
X3.8784 Y-1.2889 Z0.4216
X3.8795 Y-1.2796 Z0.4228
X3.881 Y-1.2655 Z0.4248
X3.882 Y-1.2577 Z0.426
X3.884 Y-1.242 Z0.4283
X3.8861 Y-1.2264 Z0.431
X3.8873 Y-1.2176 Z0.4325
X3.8884 Y-1.2107 Z0.4336
X3.8896 Y-1.2029 Z0.435
X3.8907 Y-1.1951 Z0.4366
X3.8931 Y-1.1795 Z0.4399
X3.8959 Y-1.1638 Z0.4429
X3.8972 Y-1.156 Z0.4445
X3.8999 Y-1.1404 Z0.4484
X3.9045 Y-1.1169 Z0.4536
X3.906 Y-1.1091 Z0.4556
X3.9076 Y-1.1013 Z0.4577
X3.9126 Y-1.0778 Z0.4638
X3.9143 Y-1.07 Z0.4659
X3.916 Y-1.0622 Z0.4682
X3.9215 Y-1.0388 Z0.4751
X3.9234 Y-1.0309 Z0.4775
X3.9252 Y-1.0231 Z0.4801
X3.9293 Y-1.0075 Z0.4849
X3.9313 Y-0.9997 Z0.4876
X3.9333 Y-0.9919 Z0.4903
X3.9353 Y-0.984 Z0.4932
X3.9421 Y-0.96 Z0.5016
X3.9441 Y-0.9528 Z0.5044
X3.9463 Y-0.9449 Z0.5075
X3.9557 Y-0.9137 Z0.5197
X3.9582 Y-0.9059 Z0.5231
X3.9657 Y-0.8824 Z0.5332
X3.9683 Y-0.8746 Z0.5366
X3.9736 Y-0.859 Z0.5437
X3.9789 Y-0.8433 Z0.5513
X3.9817 Y-0.8355 Z0.5552
X3.9903 Y-0.812 Z0.5669
X3.9931 Y-0.8042 Z0.571
X3.9991 Y-0.7886 Z0.5794
X4.0021 Y-0.7808 Z0.5837
X4.0082 Y-0.7651 Z0.5926
X4.0125 Y-0.7546 Z0.5988
X4.0209 Y-0.7339 Z0.6114
X4.0281 Y-0.7172 Z0.6218
X4.0359 Y-0.6991 Z0.6337
X4.0484 Y-0.6713 Z0.653
X4.0521 Y-0.6635 Z0.6585
X4.0594 Y-0.6479 Z0.6701
X4.0632 Y-0.6401 Z0.6761
X4.0672 Y-0.6318 Z0.6825
X4.0708 Y-0.6244 Z0.6883
X4.075 Y-0.6158 Z0.6954
X4.0785 Y-0.6088 Z0.7012
X4.0828 Y-0.6003 Z0.7082
X4.0907 Y-0.585 Z0.7217
X4.0946 Y-0.5775 Z0.7283
X4.0987 Y-0.5697 Z0.7352
X4.1071 Y-0.5541 Z0.75
X4.1141 Y-0.5413 Z0.7624
X4.12 Y-0.5306 Z0.7733
X4.1244 Y-0.5228 Z0.7814
X4.1298 Y-0.5135 Z0.7912
X4.1379 Y-0.4993 Z0.8067
X4.1454 Y-0.4867 Z0.8211
X4.1518 Y-0.4759 Z0.8341
X4.1566 Y-0.4681 Z0.8436
X4.1614 Y-0.4603 Z0.8533
X4.1689 Y-0.4482 Z0.8692
X4.1736 Y-0.4407 Z0.879
X4.1767 Y-0.4359 Z0.8854
X4.1787 Y-0.4329 Z0.8894
X4.1813 Y-0.429 Z0.8938
X4.1845 Y-0.4238 Z0.8985
X4.1862 Y-0.4212 Z0.9005
X4.1914 Y-0.4133 Z0.9048
X4.1924 Y-0.4119 Z0.9055
X4.1965 Y-0.4055 Z0.9077
X4.2002 Y-0.3999 Z0.909
X4.2017 Y-0.3977 Z0.9092
X4.2066 Y-0.3899 Z0.9096
X4.208 Y-0.3873 Z0.9097
X4.2106 Y-0.3821 Z0.9096
X4.2133 Y-0.3743 Z0.9097
X4.2145 Y-0.3664 Z0.9103
X4.2144 Y-0.3586 Z0.9114
X4.2133 Y-0.3508 Z0.9127
X4.2115 Y-0.343 Z0.9142
X4.2089 Y-0.3352 Z0.9161
X4.208 Y-0.3331 Z0.9168
X4.2051 Y-0.3274 Z0.919
X4.1998 Y-0.3195 Z0.9229
X4.1959 Y-0.3152 Z0.9258
X4.1924 Y-0.3117 Z0.9285
X4.1888 Y-0.3088 Z0.9311
X4.1845 Y-0.3059 Z0.9343
X4.181 Y-0.3039 Z0.937
X4.1767 Y-0.3017 Z0.9402
X4.1689 Y-0.2986 Z0.946
X4.1611 Y-0.2967 Z0.9519
X4.157 Y-0.2961 Z0.955
X4.1532 Y-0.2957 Z0.9577
X4.1454 Y-0.2954 Z0.9636
X3.5431 Z1.4141
G2 X3.4962 Z1.4316 I-0.0557 K-0.0779
G1 X3.4884 Y-0.2955 Z1.432
X3.4806 Y-0.296
X3.4797 Y-0.2961
X3.4728 Y-0.2974
X3.4649 Y-0.2999
G17 G3 X3.019 Y-0.5323 I0.8965 J-2.2639
X2.7217 Y-0.781 I0.9894 J-1.4844
X2.5149 Y-1.0699 I0.9346 J-0.8877
X2.4128 Y-1.4062 I0.8759 J-0.4495
X2.4424 Y-1.745 I0.9017 J-0.0921
G2 X2.4452 Y-1.7949 I-0.162 J-0.0343
G3 X2.4502 Y-1.8332 I0.1275 J-0.0029
X2.6538 Y-2.1721 I1.0886 J0.4235
X2.9019 Y-2.4076 I1.1906 J1.0057
X3.2852 Y-2.6422 I1.3017 J1.6966
X3.4649 Y-2.7214 I1.0349 J2.1023
G1 X3.4728 Y-2.7231
X3.4806 Y-2.7242
X3.4884 Y-2.7246
G18 G3 X3.5431 Z1.4141 I-0.0009 K-0.0957
G1 X4.1454 Z0.9636
X4.1532 Y-2.7244 Z0.9577
X4.1611 Y-2.7236 Z0.9519
X4.1689 Y-2.722 Z0.946
X4.1767 Y-2.7195 Z0.9402
X4.1845 Y-2.7161 Z0.9343
X4.1924 Y-2.7116 Z0.9285
X4.1963 Y-2.7089 Z0.9256
X4.2002 Y-2.7059 Z0.9226
X4.2024 Y-2.7039 Z0.921
X4.208 Y-2.6983 Z0.9168
X4.21 Y-2.6961 Z0.9153
X4.2158 Y-2.6882 Z0.9109
X4.2203 Y-2.6805 Z0.9076
X4.2237 Y-2.6726 Z0.905
X4.2262 Y-2.6648 Z0.903
X4.2278 Y-2.657 Z0.9009
X4.2286 Y-2.6492 Z0.8989
X4.2287 Y-2.6414 Z0.897
X4.2281 Y-2.6336 Z0.8955
X4.2266 Y-2.6257 Z0.8944
X4.2243 Y-2.6179 Z0.8941
X4.2236 Y-2.6163 Z0.8942
X4.221 Y-2.6101
X4.2167 Y-2.6023 Z0.8941
X4.2158 Y-2.6008
X4.2116 Y-2.5945 Z0.8936
X4.208 Y-2.589 Z0.8923
X4.2065 Y-2.5867 Z0.8914
X4.2013 Y-2.5788 Z0.8873
X4.2002 Y-2.5772 Z0.8861
X4.1962 Y-2.571 Z0.8804
X4.1924 Y-2.565 Z0.8726
X4.1912 Y-2.5632 Z0.8701
X4.1845 Y-2.5528 Z0.8563
X4.179 Y-2.5439 Z0.8445
X4.1764 Y-2.5397 Z0.8392
X4.1715 Y-2.5319 Z0.8294
X4.1668 Y-2.5241 Z0.8199
X4.1621 Y-2.5163 Z0.8105
X4.1532 Y-2.5015 Z0.7936
X4.1482 Y-2.4928 Z0.7839
X4.1454 Y-2.4881 Z0.7787
X4.1391 Y-2.4772 Z0.7673
X4.1376 Y-2.4746 Z0.7644
X4.1303 Y-2.4616 Z0.751
X4.1259 Y-2.4538 Z0.7434
X4.1216 Y-2.4459 Z0.7357
X4.1132 Y-2.4303 Z0.7209
X4.109 Y-2.4225 Z0.7141
X4.0985 Y-2.4023 Z0.696
X4.0928 Y-2.3912 Z0.6868
X4.0889 Y-2.3834 Z0.6802
X4.0828 Y-2.3712 Z0.6704
X4.0773 Y-2.3599 Z0.6617
X4.075 Y-2.3552 Z0.6579
X4.0661 Y-2.3365 Z0.644
X4.0625 Y-2.3287 Z0.6386
X4.0516 Y-2.3047 Z0.6216
X4.0483 Y-2.2974 Z0.6168
X4.0437 Y-2.2869 Z0.6097
X4.0359 Y-2.2689 Z0.5984
X4.0251 Y-2.2427 Z0.5824
X4.0219 Y-2.2349 Z0.5778
X4.0158 Y-2.2192 Z0.5689
X4.0125 Y-2.2108 Z0.5642
X4.0097 Y-2.2036 Z0.5604
X4.0067 Y-2.1958 Z0.5561
X4.0038 Y-2.188 Z0.552
X3.9952 Y-2.1645 Z0.5402
X3.9924 Y-2.1567 Z0.5363
X3.987 Y-2.141 Z0.5288
X3.9843 Y-2.1332 Z0.5252
X3.9812 Y-2.1239 Z0.5209
X3.9715 Y-2.0941 Z0.508
X3.969 Y-2.0863 Z0.5047
X3.9595 Y-2.0551 Z0.4925
X3.9573 Y-2.0472 Z0.4892
X3.9551 Y-2.0394 Z0.4863
X3.9485 Y-2.016 Z0.478
X3.9464 Y-2.0081 Z0.4751
X3.9421 Y-1.9913 Z0.4693
X3.9383 Y-1.9769 Z0.4649
X3.9364 Y-1.9691 Z0.4622
X3.9342 Y-1.9598 Z0.4594
X3.9308 Y-1.9456 Z0.4552
X3.929 Y-1.9378 Z0.453
X3.9264 Y-1.9259 Z0.4495
X3.9205 Y-1.8987 Z0.4425
X3.9186 Y-1.8889 Z0.4397
X3.9174 Y-1.8831 Z0.4383
X3.9128 Y-1.8596 Z0.4331
X3.9101 Y-1.844 Z0.4292
X3.9087 Y-1.8362 Z0.4275
X3.906 Y-1.8205 Z0.4246
X3.9029 Y-1.8008 Z0.4203
X3.9012 Y-1.7893 Z0.4182
X3.9 Y-1.7814 Z0.417
X3.8968 Y-1.758 Z0.4129
X3.8947 Y-1.7423 Z0.4106
X3.8938 Y-1.7345 Z0.4094
X3.892 Y-1.7189 Z0.4071
X3.8912 Y-1.7111 Z0.4062
X3.8903 Y-1.7033 Z0.4053
X3.8895 Y-1.6954 Z0.4044
X3.8881 Y-1.6798 Z0.4023
X3.8873 Y-1.6713 Z0.4015
X3.8867 Y-1.6642 Z0.401
X3.886 Y-1.6564 Z0.4003
X3.8843 Y-1.6329 Z0.3979
X3.8833 Y-1.6173 Z0.3968
X3.8829 Y-1.6094 Z0.3962
X3.8817 Y-1.586 Z0.3948
X3.8813 Y-1.5782 Z0.3945
X3.8804 Y-1.5469 Z0.3933
X3.8801 Y-1.5391 Z0.3931
Y-1.5313 Z0.3929
X3.88 Y-1.5235 Z0.3927
X3.8797 Y-1.5 Z0.3926
X3.88 Y-1.4765 Z0.3927
X3.8801 Y-1.4687 Z0.3929
Y-1.4609 Z0.3931
X3.8804 Y-1.4531 Z0.3933
X3.8813 Y-1.4218 Z0.3945
X3.8817 Y-1.414 Z0.3948
X3.8829 Y-1.3906 Z0.3962
X3.8833 Y-1.3827 Z0.3968
X3.8843 Y-1.3671 Z0.3979
X3.886 Y-1.3436 Z0.4003
X3.8867 Y-1.3358 Z0.401
X3.8874 Y-1.328 Z0.4015
X3.8881 Y-1.3202 Z0.4023
X3.8895 Y-1.3046 Z0.4044
X3.8903 Y-1.2967 Z0.4053
X3.8912 Y-1.2889 Z0.4062
X3.892 Y-1.2811 Z0.4071
X3.8938 Y-1.2655 Z0.4094
X3.8947 Y-1.2577 Z0.4106
X3.8968 Y-1.242 Z0.4129
X3.9 Y-1.2186 Z0.417
X3.9012 Y-1.2107 Z0.4182
X3.9029 Y-1.1992 Z0.4203
X3.906 Y-1.1795 Z0.4246
X3.9087 Y-1.1638 Z0.4275
X3.9101 Y-1.156 Z0.4292
X3.9128 Y-1.1404 Z0.4331
X3.9174 Y-1.1169 Z0.4383
X3.9186 Y-1.1111 Z0.4397
X3.9205 Y-1.1013 Z0.4425
X3.9264 Y-1.0741 Z0.4495
X3.929 Y-1.0622 Z0.453
X3.9327 Y-1.0466 Z0.4575
X3.9346 Y-1.0388 Z0.4598
X3.9364 Y-1.0309 Z0.4622
X3.9383 Y-1.0231 Z0.4649
X3.9424 Y-1.0075 Z0.4697
X3.9464 Y-0.9919 Z0.4751
X3.9485 Y-0.984 Z0.478
X3.9551 Y-0.9606 Z0.4863
X3.9573 Y-0.9528 Z0.4892
X3.9595 Y-0.9449 Z0.4925
X3.969 Y-0.9137 Z0.5047
X3.9715 Y-0.9059 Z0.508
X3.9812 Y-0.8761 Z0.5209
X3.9843 Y-0.8668 Z0.5252
X3.987 Y-0.859 Z0.5288
X3.9924 Y-0.8433 Z0.5363
X3.9952 Y-0.8355 Z0.5402
X4.0046 Y-0.8098 Z0.5532
X4.0067 Y-0.8042 Z0.5561
X4.0097 Y-0.7964 Z0.5604
X4.0127 Y-0.7886 Z0.5646
X4.0158 Y-0.7808 Z0.5689
X4.0219 Y-0.7651 Z0.5778
X4.0251 Y-0.7573 Z0.5824
X4.0359 Y-0.7311 Z0.5984
X4.0437 Y-0.7131 Z0.6097
X4.0483 Y-0.7026 Z0.6168
X4.0518 Y-0.6948 Z0.622
X4.0625 Y-0.6713 Z0.6386
X4.0661 Y-0.6635 Z0.644
X4.075 Y-0.6448 Z0.6579
X4.0773 Y-0.6401 Z0.6617
X4.0828 Y-0.6288 Z0.6704
X4.0889 Y-0.6166 Z0.6802
X4.0928 Y-0.6088 Z0.6868
X4.0985 Y-0.5977 Z0.696
X4.109 Y-0.5775 Z0.7141
X4.1132 Y-0.5697 Z0.7209
X4.122 Y-0.5535 Z0.7363
X4.1259 Y-0.5462 Z0.7434
X4.1303 Y-0.5384 Z0.751
X4.1376 Y-0.5254 Z0.7644
X4.1391 Y-0.5228 Z0.7673
X4.1454 Y-0.5119 Z0.7787
X4.1527 Y-0.4993 Z0.7926
X4.1574 Y-0.4915 Z0.8015
X4.1621 Y-0.4837 Z0.8105
X4.1689 Y-0.4724 Z0.8242
X4.1715 Y-0.4681 Z0.8294
X4.1767 Y-0.4598 Z0.8398
X4.179 Y-0.4561 Z0.8445
X4.1845 Y-0.4472 Z0.8563
X4.1912 Y-0.4368 Z0.8701
X4.1924 Y-0.435 Z0.8726
X4.1962 Y-0.429 Z0.8804
X4.2002 Y-0.4228 Z0.8861
X4.2013 Y-0.4212 Z0.8873
X4.2065 Y-0.4133 Z0.8914
X4.208 Y-0.411 Z0.8923
X4.2116 Y-0.4055 Z0.8936
X4.2158 Y-0.3992 Z0.8941
X4.2167 Y-0.3977
X4.221 Y-0.3899 Z0.8942
X4.2236 Y-0.3837
X4.2243 Y-0.3821 Z0.8941
X4.2266 Y-0.3743 Z0.8944
X4.2281 Y-0.3664 Z0.8955
X4.2287 Y-0.3586 Z0.897
X4.2286 Y-0.3508 Z0.8989
X4.2278 Y-0.343 Z0.9009
X4.2262 Y-0.3352 Z0.903
X4.2236 Y-0.327 Z0.9051
X4.2203 Y-0.3195 Z0.9076
X4.2158 Y-0.3117 Z0.911
X4.21 Y-0.3039 Z0.9153
X4.208 Y-0.3017 Z0.9168
X4.2024 Y-0.2961 Z0.921
X4.2002 Y-0.2941 Z0.9226
X4.1963 Y-0.2911 Z0.9256
X4.1922 Y-0.2883 Z0.9286
X4.1845 Y-0.2839 Z0.9343
X4.1766 Y-0.2804 Z0.9403
X4.1689 Y-0.278 Z0.946
X4.1611 Y-0.2764 Z0.9519
X4.1532 Y-0.2756 Z0.9577
X4.1454 Y-0.2754 Z0.9636
X3.5431 Z1.4141
G2 X3.4884 Z1.432 I-0.0557 K-0.0779
G1 X3.4806 Y-0.2758
G17 G3 X3.4571 Y-0.2814 I0.0078 J-0.0837
X3.0092 Y-0.5148 I0.9062 J-2.2862
X2.702 Y-0.7728 I0.9985 J-1.5008
X2.5004 Y-1.0542 I0.9581 J-0.8992
X2.4128 Y-1.2889 I0.9317 J-0.4816
X2.4506 Y-1.8331 I0.8963 J-0.2111
G1 X2.4517 Y-1.8362 Z1.4323
X2.4527 Y-1.8391 Z1.4331
X2.4537 Y-1.8419 Z1.4345
X2.4546 Y-1.8445 Z1.4364
X2.4553 Y-1.8466 Z1.4387
X2.456 Y-1.8484 Z1.4414
X2.4564 Y-1.8497 Z1.4443
X2.4567 Y-1.8505 Z1.4475
Y-1.8508 Z1.4507
G0 Z2.04
(TRACE4)
G0 X0.0284 Y-2.6649
Z2.04
Z1.5102
G1 Z1.3918 F30.
X1.3216
G3 X1.8571 Y-2.1295 I0.0004 J0.535
G1 Y-0.8705
G3 X1.3216 Y-0.3351 I-0.535 J0.0004
G1 X0.0284
Z1.5102
G0 Z1.64
Y0.0122
Z1.5102
G1 Z1.3918 F30.
X3.9874
Z1.5102
G0 Z1.64
X4.2289 Y-0.411
Z1.0862
G1 Z0.8371 F30.
X4.1489 Z0.897
X3.4074 Z1.4517
Z1.5701
G0 Z1.64
Y-2.589
Z1.5701
G1 Z1.4517 F30.
X4.1489 Z0.897
X4.2289 Z0.8371
Z1.0862
G0 Z1.64
X3.9874 Y-3.0122
Z1.5102
G1 Z1.3918 F30.
X0.0284
Z1.5102
G0 Z2.04
M5
M9
G53 G0 Z0.
M30
%
