%
(ROCKER R2 10,6X5)
(T11 D=0.125 CR=0. TAPER=45DEG - ZMIN=0.3175 - CHAMFER MILL)
(T13 D=0.375 CR=0. TAPER=45DEG - ZMIN=0.0664 - CHAMFER MILL)
(T33 D=0.25 CR=0. - ZMIN=-0.02 - FLAT END MILL)
(T51 D=0.201 CR=0. TAPER=118DEG - ZMIN=-0.0804 - DRILL)
(T52 D=0.5 CR=0. TAPER=135DEG - ZMIN=-0.1236 - DRILL)
(T72 D=0.1875 CR=0.0937 - ZMIN=0.348 - BALL END MILL)
G90 G94 G17 G91.1
G20
G53 G0 Z0.
(DRILL1)
T52 M6
T51
S1600 M3
G17 G90 G94
G54
M8
G0 X0.6406 Y-0.6406
G43 Z1.1 H52
G0 Z0.7
G98 G81 X0.6406 Y-0.6406 Z-0.1236 R0.7 F18.
X3.5644 Y-4.2977
X4.1922 Y-2.4632
X6.9419 Y-0.7836
X7.025 Y-2.3075
X9.8518 Y-3.8539
G80
G0 Z1.1
M5
G53 G0 Z0.
(DRILL2)
M9
M1
T51 M6
T33
S5000 M3
G17 G90 G94
G54
M8
G0 X1.2621 Y-1.0122
G43 Z1.1 H51
G0 Z0.7
G81 X1.2621 Y-1.0122 Z-0.0804 R0.7 F25.
X4.1675 Y-3.8968
X5.4379 Y-0.5508
X8.3606 Y-4.1582
G80
G0 Z1.1
M5
G53 G0 Z0.
(2D CONTOUR3)
M9
M1
T33 M6
T72
S7500 M3
G17 G90 G94
G54
G64 P0.0004 Q0.0004
M8
G0 X4.2595 Y-2.4975
G43 Z1.1 H33
G0 Z0.7
G1 Z0.01 F80.
X4.2598 Z0.0057 F20.
X4.2608 Y-2.4976 Z0.0015
X4.2622 Y-2.4977 Z-0.0025
X4.2643 Y-2.4978 Z-0.0062
X4.2669 Y-2.498 Z-0.0096
X4.2699 Y-2.4982 Z-0.0127
X4.2733 Y-2.4984 Z-0.0152
X4.277 Y-2.4986 Z-0.0173
X4.281 Y-2.4989 Z-0.0188
X4.2852 Y-2.4991 Z-0.0197
X4.2895 Y-2.4994 Z-0.02
X4.3893 Y-2.5057
G3 X4.4211 Y-2.4777 I0.0019 J0.0299
X3.9634 Y-2.4486 I-0.2289 J0.0145
X4.4211 Y-2.4777 I0.2289 J-0.0145
X3.9634 Y-2.4486 I-0.2289 J0.0145
X4.4211 Y-2.4777 I0.2289 J-0.0145
X4.3931 Y-2.4459 I-0.0299 J0.0019
G1 X4.2933 Y-2.4395
X4.289 Y-2.4393 Z-0.0197
X4.2848 Y-2.439 Z-0.0188
X4.2808 Y-2.4387 Z-0.0173
X4.2771 Y-2.4385 Z-0.0152
X4.2737 Y-2.4383 Z-0.0127
X4.2707 Y-2.4381 Z-0.0096
X4.2681 Y-2.4379 Z-0.0062
X4.266 Y-2.4378 Z-0.0025
X4.2646 Y-2.4377 Z0.0015
X4.2636 Y-2.4376 Z0.0057
X4.2633 Z0.01
G0 Z0.7
X3.6366 Y-4.3198
G1 Z0.01 F80.
X3.6369 Y-4.3197 Z0.0057 F20.
X3.6378 Y-4.3196 Z0.0015
X3.6393 Y-4.3195 Z-0.0025
X3.6414 Y-4.3192 Z-0.0062
X3.6439 Y-4.319 Z-0.0096
X3.6469 Y-4.3186 Z-0.0127
X3.6503 Y-4.3182 Z-0.0152
X3.6541 Y-4.3178 Z-0.0173
X3.658 Y-4.3174 Z-0.0188
X3.6622 Y-4.3169 Z-0.0197
X3.6664 Y-4.3164 Z-0.02
X3.7658 Y-4.3053
G3 X3.7923 Y-4.2722 I-0.0033 J0.0298
X3.3365 Y-4.3231 I-0.2279 J-0.0254
X3.7923 Y-4.2722 I0.2279 J0.0254
X3.3365 Y-4.3231 I-0.2279 J-0.0254
X3.7923 Y-4.2722 I0.2279 J0.0254
X3.7592 Y-4.2457 I-0.0298 J-0.0033
G1 X3.6598 Y-4.2568
X3.6555 Y-4.2573 Z-0.0197
X3.6514 Y-4.2577 Z-0.0188
X3.6474 Y-4.2582 Z-0.0173
X3.6437 Y-4.2586 Z-0.0152
X3.6403 Y-4.259 Z-0.0127
X3.6373 Y-4.2593 Z-0.0096
X3.6347 Y-4.2596 Z-0.0062
X3.6327 Y-4.2598 Z-0.0025
X3.6312 Y-4.26 Z0.0015
X3.6303 Y-4.2601 Z0.0057
X3.63 Z0.01
G0 Z0.7
X7.0943 Y-2.3375
G1 Z0.01 F80.
G18 G2 X7.1243 Z-0.02 I0.03 K0. F20.
G1 X7.2243
G17 G3 X7.2543 Y-2.3075 I0. J0.03
X6.7957 I-0.2293 J0.
X7.2543 I0.2293 J0.
X6.7957 I-0.2293 J0.
X7.2543 I0.2293 J0.
X7.2243 Y-2.2775 I-0.03 J0.
G1 X7.1243
G18 G3 X7.0943 Z0.01 I0. K0.03
G0 Z0.7
X7.0092 Y-0.8179
G1 Z0.01 F80.
X7.0095 Z0.0057 F20.
X7.0104 Y-0.818 Z0.0015
X7.0119 Y-0.8181 Z-0.0025
X7.014 Y-0.8182 Z-0.0062
X7.0165 Y-0.8184 Z-0.0096
X7.0196 Y-0.8185 Z-0.0127
X7.023 Y-0.8188 Z-0.0152
X7.0267 Y-0.819 Z-0.0173
X7.0307 Y-0.8193 Z-0.0188
X7.0349 Y-0.8195 Z-0.0197
X7.0392 Y-0.8198 Z-0.02
X7.139 Y-0.8261
G17 G3 X7.1708 Y-0.7981 I0.0019 J0.0299
X6.7131 Y-0.769 I-0.2289 J0.0145
X7.1708 Y-0.7981 I0.2289 J-0.0145
X6.7131 Y-0.769 I-0.2289 J0.0145
X7.1708 Y-0.7981 I0.2289 J-0.0145
X7.1428 Y-0.7662 I-0.0299 J0.0019
G1 X7.043 Y-0.7599
X7.0387 Y-0.7596 Z-0.0197
X7.0345 Y-0.7594 Z-0.0188
X7.0305 Y-0.7591 Z-0.0173
X7.0268 Y-0.7589 Z-0.0152
X7.0234 Y-0.7587 Z-0.0127
X7.0203 Y-0.7585 Z-0.0096
X7.0178 Y-0.7583 Z-0.0062
X7.0157 Y-0.7582 Z-0.0025
X7.0142 Y-0.7581 Z0.0015
X7.0133 Y-0.758 Z0.0057
X7.013 Z0.01
G0 Z0.7
X9.924 Y-3.876
G1 Z0.01 F80.
X9.9243 Z0.0057 F20.
X9.9252 Y-3.8759 Z0.0015
X9.9267 Y-3.8757 Z-0.0025
X9.9287 Y-3.8755 Z-0.0062
X9.9313 Y-3.8752 Z-0.0096
X9.9343 Y-3.8749 Z-0.0127
X9.9377 Y-3.8745 Z-0.0152
X9.9414 Y-3.8741 Z-0.0173
X9.9454 Y-3.8736 Z-0.0188
X9.9496 Y-3.8732 Z-0.0197
X9.9538 Y-3.8727 Z-0.02
X10.0532 Y-3.8616
G3 X10.0797 Y-3.8285 I-0.0033 J0.0298
X9.6238 Y-3.8794 I-0.2279 J-0.0255
X10.0797 Y-3.8285 I0.2279 J0.0255
X9.6238 Y-3.8794 I-0.2279 J-0.0255
X10.0797 Y-3.8285 I0.2279 J0.0255
X10.0465 Y-3.802 I-0.0298 J-0.0033
G1 X9.9471 Y-3.8131
X9.9429 Y-3.8135 Z-0.0197
X9.9387 Y-3.814 Z-0.0188
X9.9348 Y-3.8145 Z-0.0173
X9.931 Y-3.8149 Z-0.0152
X9.9276 Y-3.8153 Z-0.0127
X9.9246 Y-3.8156 Z-0.0096
X9.9221 Y-3.8159 Z-0.0062
X9.92 Y-3.8161 Z-0.0025
X9.9185 Y-3.8163 Z0.0015
X9.9176 Y-3.8164 Z0.0057
X9.9173 Z0.01
G0 Z0.7
X0.7105 Y-0.669
G1 Z0.01 F80.
X0.7108 Z0.0057 F20.
X0.7118 Y-0.6689 Z0.0015
X0.7133 Z-0.0025
X0.7153 Z-0.0062
X0.7179 Y-0.6688 Z-0.0096
X0.7209 Y-0.6687 Z-0.0127
X0.7243 Z-0.0152
X0.7281 Y-0.6686 Z-0.0173
X0.7321 Y-0.6685 Z-0.0188
X0.7363 Y-0.6684 Z-0.0197
X0.7405 Y-0.6683 Z-0.02
X0.8405 Y-0.666
G3 X0.8698 Y-0.6353 I-0.0007 J0.03
X0.4113 Y-0.6458 I-0.2293 J-0.0052
X0.8698 Y-0.6353 I0.2293 J0.0052
X0.4113 Y-0.6458 I-0.2293 J-0.0052
X0.8698 Y-0.6353 I0.2293 J0.0052
X0.8391 Y-0.606 I-0.03 J-0.0007
G1 X0.7392 Y-0.6083
X0.7349 Y-0.6084 Z-0.0197
X0.7307 Y-0.6085 Z-0.0188
X0.7267 Y-0.6086 Z-0.0173
X0.723 Y-0.6087 Z-0.0152
X0.7195 Y-0.6088 Z-0.0127
X0.7165 Z-0.0096
X0.7139 Y-0.6089 Z-0.0062
X0.7119 Z-0.0025
X0.7104 Y-0.609 Z0.0015
X0.7095 Z0.0057
X0.7092 Z0.01
G0 Z1.1
(2D CONTOUR4)
G0 X7.173 Y-0.8233
Z1.1
Z0.7
G1 Z0.2838 F80.
X7.1733 Z0.2799 F20.
X7.1742 Y-0.8234 Z0.2761
X7.1757 Z0.2724
X7.1777 Y-0.8236 Z0.2691
X7.1803 Y-0.8237 Z0.2661
X7.1832 Y-0.8239 Z0.2636
X7.1866 Y-0.8241 Z0.2615
X7.1902 Y-0.8244 Z0.26
X7.194 Y-0.8246 Z0.2591
X7.1979 Y-0.8249 Z0.2588
X7.2229 Y-0.8264
G3 X7.2494 Y-0.8031 I0.0016 J0.0249
X6.6345 Y-0.7641 I-0.3075 J0.0195
X7.2494 Y-0.8031 I0.3075 J-0.0195
X6.6345 Y-0.7641 I-0.3075 J0.0195
X7.2494 Y-0.8031 I0.3075 J-0.0195
X7.226 Y-0.7765 I-0.0249 J0.0016
G1 X7.2011 Y-0.775
X7.1972 Y-0.7747 Z0.2591
X7.1934 Y-0.7745 Z0.26
X7.1897 Y-0.7742 Z0.2615
X7.1864 Y-0.774 Z0.2636
X7.1834 Y-0.7738 Z0.2661
X7.1809 Y-0.7737 Z0.2691
X7.1788 Y-0.7735 Z0.2724
X7.1773 Z0.2761
X7.1764 Y-0.7734 Z0.2799
X7.1761 Z0.2838
G0 Z0.7
X10.0862 Y-3.8529
G1 Z0.2838 F80.
X10.0865 Y-3.8528 Z0.2799 F20.
X10.0874 Y-3.8527 Z0.2761
X10.0889 Y-3.8526 Z0.2724
X10.0909 Y-3.8524 Z0.2691
X10.0935 Y-3.8521 Z0.2661
X10.0964 Y-3.8517 Z0.2636
X10.0997 Y-3.8514 Z0.2615
X10.1033 Y-3.851 Z0.26
X10.1071 Y-3.8505 Z0.2591
X10.111 Y-3.8501 Z0.2588
X10.1359 Y-3.8473
G3 X10.1579 Y-3.8197 I-0.0028 J0.0248
X9.5456 Y-3.8881 I-0.3062 J-0.0342
X10.1579 Y-3.8197 I0.3062 J0.0342
X9.5456 Y-3.8881 I-0.3062 J-0.0342
X10.1579 Y-3.8197 I0.3062 J0.0342
X10.1303 Y-3.7976 I-0.0248 J-0.0028
G1 X10.1055 Y-3.8004
X10.1016 Y-3.8009 Z0.2591
X10.0978 Y-3.8013 Z0.26
X10.0942 Y-3.8017 Z0.2615
X10.0909 Y-3.802 Z0.2636
X10.0879 Y-3.8024 Z0.2661
X10.0854 Y-3.8027 Z0.2691
X10.0833 Y-3.8029 Z0.2724
X10.0818 Y-3.8031 Z0.2761
X10.0809 Y-3.8032 Z0.2799
X10.0806 Z0.2838
G0 Z1.1
X4.4254 Y-2.4878
Z0.7
G1 Z0.2444 F80.
X4.4257 Z0.2405 F20.
X4.4266 Z0.2367
X4.4281 Z0.2331
X4.4301 Z0.2297
X4.4327 Z0.2267
X4.4357 Z0.2242
X4.439 Z0.2221
X4.4426 Z0.2206
X4.4464 Z0.2197
X4.4504 Z0.2194
X4.4754
G3 X4.5003 Y-2.4627 I0. J0.025
X3.8842 Y-2.4636 I-0.3081 J-0.0004
X4.5003 Y-2.4627 I0.3081 J0.0004
X3.8842 Y-2.4636 I-0.3081 J-0.0004
X4.5003 Y-2.4627 I0.3081 J0.0004
X4.4753 Y-2.4378 I-0.025 J0.
G1 X4.4503
X4.4464 Z0.2197
X4.4426 Z0.2206
X4.4389 Z0.2221
X4.4356 Z0.2242
X4.4326 Z0.2267
X4.4301 Z0.2297
X4.428 Z0.2331
X4.4265 Z0.2367
X4.4256 Z0.2405
X4.4253 Z0.2444
G0 Z0.7
X3.7983 Y-4.2815
G1 Z0.2444 F80.
X3.7986 Y-4.2814 Z0.2405 F20.
X3.7995 Y-4.2812 Z0.2367
X3.8009 Y-4.281 Z0.2331
X3.803 Y-4.2806 Z0.2297
X3.8055 Y-4.2802 Z0.2267
X3.8084 Y-4.2797 Z0.2242
X3.8117 Y-4.2791 Z0.2221
X3.8153 Y-4.2784 Z0.2206
X3.819 Y-4.2778 Z0.2197
X3.8229 Y-4.2771 Z0.2194
X3.8475 Y-4.2727
G3 X3.8677 Y-4.2437 I-0.0044 J0.0246
X3.2611 Y-4.3516 I-0.3033 J-0.0539
X3.8677 Y-4.2437 I0.3033 J0.0539
X3.2611 Y-4.3516 I-0.3033 J-0.0539
X3.8677 Y-4.2437 I0.3033 J0.0539
X3.8387 Y-4.2235 I-0.0246 J-0.0044
G1 X3.8141 Y-4.2279
X3.8103 Y-4.2285 Z0.2197
X3.8065 Y-4.2292 Z0.2206
X3.8029 Y-4.2298 Z0.2221
X3.7996 Y-4.2304 Z0.2242
X3.7967 Y-4.231 Z0.2267
X3.7942 Y-4.2314 Z0.2297
X3.7922 Y-4.2318 Z0.2331
X3.7907 Y-4.232 Z0.2367
X3.7898 Y-4.2322 Z0.2405
X3.7895 Z0.2444
G0 Z0.7
X7.2581 Y-2.3325
G1 Z0.2444 F80.
G18 G2 X7.2831 Z0.2194 I0.025 K0. F20.
G1 X7.3081
G17 G3 X7.3331 Y-2.3075 I0. J0.025
X6.7169 I-0.3081 J0.
X7.3331 I0.3081 J0.
X6.7169 I-0.3081 J0.
X7.3331 I0.3081 J0.
X7.3081 Y-2.2825 I-0.025 J0.
G1 X7.2831
G18 G3 X7.2581 Z0.2444 I0. K0.025
G0 Z0.7
X0.8736 Y-0.6656
G1 Z0.2444 F80.
G2 X0.8986 Z0.2194 I0.025 K0. F20.
G1 X0.9236
G17 G3 X0.9486 Y-0.6406 I0. J0.025
X0.3325 I-0.3081 J0.
X0.9486 I0.3081 J0.
X0.3325 I-0.3081 J0.
X0.9486 I0.3081 J0.
X0.9236 Y-0.6156 I-0.025 J0.
G1 X0.8986
G18 G3 X0.8736 Z0.2444 I0. K0.025
G0 Z1.1
G17
(2D ADAPTIVE1)
G64 P0.004 Q0.004
G0 X3.8918 Y-1.4851
Z1.1
Z0.6
G3 X3.9176 Y-1.6403 Z0.585 I0.1028 J-0.0627 F40.
X4.0746 Y-1.6374 Z0.57 I0.0768 J0.0923
X4.0945 Y-1.482 Z0.555 I-0.08 J0.0892
X3.944 Y-1.4397 Z0.54 I-0.0997 J-0.066
X3.8804 Y-1.5821 Z0.525 I0.0507 J-0.108
X4.0118 Y-1.6656 Z0.51 I0.114 J0.0343
X4.1132 Y-1.5481 Z0.495 I-0.0173 J0.1175
X3.8757 I-0.1188 J0.
X4.1132 I0.1188 J0.
G1 X4.1133 Y-1.5436 F50.
X4.115 Y-1.5394
X4.1395 Y-1.5128
X4.1478 Y-1.5052
X4.1558 Y-1.495
X4.1627 Y-1.4822
X4.1681 Y-1.4668
X4.171 Y-1.4489
Y-1.4289
X4.1674 Y-1.4073
X4.1595 Y-1.3847
X4.147 Y-1.3618
X4.1295 Y-1.3395
X4.1068 Y-1.319
X4.0792 Y-1.3012
X4.047 Y-1.2875
X4.0118 Y-1.2789
X3.9758 Y-1.2762
X3.9397 Y-1.279
X3.9044 Y-1.287
X3.8706 Y-1.3
X3.839 Y-1.3175
X3.81 Y-1.3391
X3.7841 Y-1.3644
X3.7619 Y-1.393
X3.7436 Y-1.4242
X3.7296 Y-1.4575
X3.72 Y-1.4924
X3.715 Y-1.5283
X3.7147 Y-1.5644
X3.7191 Y-1.6004
X3.7281 Y-1.6354
X3.7415 Y-1.669
X3.7592 Y-1.7006
X3.7808 Y-1.7296
X3.8059 Y-1.7556
X3.8342 Y-1.7782
X3.8651 Y-1.7969
X3.8983 Y-1.8115
X3.933 Y-1.8217
X3.9687 Y-1.8273
X4.0049 Y-1.8283
X4.0409 Y-1.8247
X4.0761 Y-1.8164
X4.11 Y-1.8037
X4.1419 Y-1.7867
X4.1714 Y-1.7657
X4.1979 Y-1.7411
X4.2211 Y-1.7133
X4.2417 Y-1.6836
X4.2628 Y-1.6542
X4.2826 Y-1.6239
X4.3001 Y-1.5922
X4.3146 Y-1.5591
X4.3255 Y-1.5246
X4.3326 Y-1.4891
X4.3357 Y-1.453
X4.3346 Y-1.4169
X4.3291 Y-1.3811
X4.3198 Y-1.3461
X4.3065 Y-1.3125
X4.2895 Y-1.2806
X4.2692 Y-1.2506
X4.2457 Y-1.2231
X4.2195 Y-1.1981
X4.1909 Y-1.176
X4.1601 Y-1.1569
X4.1278 Y-1.1408
X4.0939 Y-1.1281
X4.059 Y-1.1185
X4.0233 Y-1.1123
X3.9873 Y-1.1094
X3.9511 Y-1.1097
X3.9151 Y-1.1134
X3.8795 Y-1.1201
X3.8447 Y-1.1299
X3.8109 Y-1.1427
X3.7782 Y-1.1582
G3 X3.6006 Y-1.3339 I0.2061 J-0.3861
X3.5664 Y-1.6843 I0.3909 J-0.2149
X3.8983 Y-1.987 I0.4277 J0.1356
X4.2135 Y-1.9405 I0.0962 J0.4387
X4.3267 Y-1.8511 I-0.2275 J0.4047
X4.452 Y-1.6748 I-0.5253 J0.5061
X4.503 Y-1.5021 I-0.4822 J0.236
X4.4135 Y-1.1597 I-0.4905 J0.0547
X4.2228 Y-0.9968 I-0.4239 J-0.3032
X3.8707 Y-0.9469 I-0.2507 J-0.5012
X3.5066 Y-1.1656 I0.1059 J-0.5887
G1 X3.4849 Y-1.1946
G3 X3.7354 Y-2.113 I0.5079 J-0.3548
X4.411 Y-2.0097 I0.2594 J0.5645
X4.5327 Y-1.8764 I-0.5395 J0.6148
X4.6576 Y-1.6171 I-0.6107 J0.4538
X4.6612 Y-1.2946 I-0.6561 J0.1686
X4.3787 Y-0.8881 I-0.6616 J-0.1584
X3.9332 Y-0.7653 I-0.4047 J-0.5988
X3.5588 Y-0.8865 I0.0386 J-0.7579
X3.2552 Y-1.8413 I0.429 J-0.6621
X3.9497 Y-2.3425 I0.7384 J0.2914
X4.5174 Y-2.1484 I0.0447 J0.7966
X4.8151 Y-1.703 I-0.6236 J0.7389
X4.8509 Y-1.3812 I-0.8349 J0.2558
X4.6659 Y-0.9177 I-0.8451 J-0.0686
X4.078 Y-0.5958 I-0.6861 J-0.5553
X3.3703 Y-0.8084 I-0.1076 J-0.926
X3.0706 Y-1.2522 I0.6096 J-0.7348
X4.1579 Y-2.505 I0.9233 J-0.2969
X4.6412 Y-2.2735 I-0.1659 J0.9666
X4.9892 Y-1.7337 I-0.7363 J0.8567
X4.9976 Y-1.1972 I-0.9964 J0.284
X4.9054 Y-0.9619 I-1.0065 J-0.2589
X4.2453 Y-0.4489 I-0.9199 J-0.5026
G1 X4.242 Y-0.4487
X4.2386 Y-0.4489
X4.0053 Y-0.4806
X3.9971 Y-0.4817
X3.9806 Y-0.4838
X3.9724 Y-0.4848
X3.6437 Y-0.5144
X3.619 Y-0.5165
X3.6026 Y-0.5173
X3.5666 Y-0.5207
X3.5309 Y-0.5267
X3.496 Y-0.5363
G3 X3.3652 Y-0.5976 I0.1967 J-0.5893
X3.0748 Y-0.8662 I0.5503 J-0.8863
X3.0051 Y-2.1276 I0.9146 J-0.6832
G1 X3.0237 Y-2.1586
X3.0297 Y-2.1679
X3.0319 Y-2.1708
X3.0345 Y-2.1733
X3.0374 Y-2.1755
X3.0519 Y-2.1846
X3.0601 Y-2.1898
X3.0848 Y-2.2068
X3.3339 Y-2.3786
X3.3396 Y-2.3827
X3.3565 Y-2.3951
X3.3675 Y-2.4033
X3.6026 Y-2.581
X3.6175 Y-2.5924
X3.6472 Y-2.613
X3.6786 Y-2.631
X3.7116 Y-2.6459
G3 X3.8871 Y-2.6877 I0.2452 J0.64
X4.4525 Y-2.5992 I0.1173 J1.1012
X4.695 Y-2.4568 I-0.4463 J1.0375
G1 X4.6974 Y-2.4537
X4.6994 Y-2.4504
G2 X4.7778 Y-2.2963 I6.4449 J-3.1825
G1 X4.7823 Y-2.2882
X4.8637 Y-2.1566
X4.869 Y-2.1484
X4.8744 Y-2.1402
G2 X4.9833 Y-1.9946 I5.7891 J-4.2172
G1 X5.0802 Y-1.8853
X5.1028 Y-1.857
X5.1227 Y-1.8268
X5.1394 Y-1.7947
G3 X5.1836 Y-1.6572 I-0.5794 J0.2619
X5.1838 Y-1.2257 I-1.0878 J0.2164
X4.6523 Y-0.438 I-1.1819 J-0.2243
X4.5786 Y-0.3939 I-0.3927 J-0.5719
G1 X4.5729 Y-0.3933
X4.5672 Y-0.3937
X4.3587 Y-0.4316
X4.3423 Y-0.4344
X4.3341 Y-0.4358
X4.3258 Y-0.4371
X4.2386 Y-0.4489
G3 X4.2182 Y-0.4695 I0.0042 J-0.0246
X4.2213 Y-0.4862 I0.0247 J-0.0041 F300.
G1 X5.0405 Y-1.8807
G3 X5.0517 Y-1.8908 I0.0216 J0.0127
X5.0802 Y-1.8853 I0.0103 J0.0228 F50.
G2 X5.1149 Y-1.8494 I0.3541 J-0.3078
G1 X5.2217 Y-1.7476
G2 X5.271 Y-1.7075 I0.7119 J-0.825
G1 X5.2965 Y-1.6849
X5.3192 Y-1.6567
X5.337 Y-1.6253
X5.3506 Y-1.5917
X5.3608 Y-1.557
G3 X5.3773 Y-1.4135 I-0.6177 J0.1435
X5.3135 Y-1.0225 I-1.2192 J0.002
X4.8317 Y-0.348 I-1.3099 J-0.4264
G1 X4.8255 Y-0.3445
X4.8184 Y-0.343
X4.8113 Y-0.3436
X4.7121 Y-0.3662
X4.6849 Y-0.3722
X4.6792 Y-0.3733
X4.5672 Y-0.3937
G3 X4.5477 Y-0.4151 I0.0053 J-0.0244
X4.5506 Y-0.4299 I0.0248 J-0.003 F300.
G1 X5.234 Y-1.6993
G3 X5.242 Y-1.7082 I0.022 J0.0119
X5.271 Y-1.7075 I0.014 J0.0207 F50.
G1 X5.357 Y-1.6386
G2 X5.4414 Y-1.581 I1.2295 J-1.7135
G1 X5.4634 Y-1.5645
X5.4846 Y-1.5424
X5.505 Y-1.5125
X5.5202 Y-1.4796
X5.531 Y-1.4451
X5.5383 Y-1.4097
G3 X5.5426 Y-1.2653 I-0.628 J0.091
X5.463 Y-0.9135 I-1.2922 J-0.1074
X5.0507 Y-0.3 I-1.4533 J-0.5313
G1 X5.044 Y-0.2955
X5.0363 Y-0.2934
X5.0283 Y-0.2939
X4.8113 Y-0.3436
G3 X4.7928 Y-0.3659 I0.0064 J-0.0242
X4.7954 Y-0.3791 I0.0249 J-0.0019 F300.
G1 X5.4059 Y-1.5712
G3 X5.4124 Y-1.5792 I0.0223 J0.0114
X5.4414 Y-1.581 I0.0157 J0.0194 F50.
G2 X5.5176 Y-1.5305 I1.2045 J-1.7351
G1 X5.5998 Y-1.485
X5.6208 Y-1.4719
X5.6414 Y-1.4537
X5.6619 Y-1.4285
X5.6798 Y-1.397
X5.6926 Y-1.3632
X5.7012 Y-1.328
X5.7064 Y-1.2922
G3 X5.7031 Y-1.1478 I-0.6518 J0.0573
X5.6089 Y-0.7996 I-1.3678 J-0.1831
X5.2584 Y-0.2553 I-1.5886 J-0.6381
G1 X5.2517 Y-0.2502
X5.2436 Y-0.2478
X5.2351 Y-0.2482
X5.0409 Y-0.2911
X5.0283 Y-0.2939
G3 X5.0098 Y-0.3162 I0.0064 J-0.0242
X5.0122 Y-0.329 I0.0249 J-0.0019 F300.
G1 X5.5659 Y-1.4736
X5.5673 Y-1.4762
X5.5691 Y-1.4785
X5.5711 Y-1.4807
G3 X5.5998 Y-1.485 I0.0173 J0.018 F50.
G1 X5.6573 Y-1.4531
X5.664 Y-1.4494
X5.6819 Y-1.441
X5.6902 Y-1.4373
X5.7549 Y-1.4083
X5.7745 Y-1.3983
X5.7952 Y-1.383
X5.8157 Y-1.3618
X5.8359 Y-1.3322
X5.8511 Y-1.2994
X5.8618 Y-1.2648
X5.8685 Y-1.2293
G3 X5.8682 Y-1.0849 I-0.5824 J0.071
X5.8001 Y-0.8042 I-1.2672 J-0.1586
X5.4667 Y-0.2221 I-1.7562 J-0.6194
X5.4437 Y-0.2133 I-0.019 J-0.0152
G1 X5.2874 Y-0.2381
X5.2628 Y-0.2422
X5.2546 Y-0.2439
X5.2351 Y-0.2482
G3 X5.2165 Y-0.2703 I0.0062 J-0.0242
X5.2186 Y-0.2827 I0.0249 J-0.002 F300.
G1 X5.7227 Y-1.3955
X5.7244 Y-1.3987
X5.7267 Y-1.4016
G3 X5.7549 Y-1.4083 I0.0188 J0.0165 F50.
G1 X5.8217 Y-1.3784
X5.8463 Y-1.369
X5.9039 Y-1.3489
X5.9269 Y-1.3395
X5.9474 Y-1.3269
X5.9686 Y-1.3084
X5.9898 Y-1.2825
X6.0077 Y-1.2511
X6.0207 Y-1.2173
X6.0295 Y-1.1822
X6.0348 Y-1.1464
G3 X6.0308 Y-1.002 I-0.6174 J0.0552
X5.9591 Y-0.7222 I-1.3188 J-0.189
X5.6759 Y-0.2 I-1.8845 J-0.6838
G1 X5.6699 Y-0.194
X5.6621 Y-0.1906
X5.6536 Y-0.19
X5.5093 Y-0.204
X5.4847 Y-0.207
X5.4785 Y-0.2078
X5.4437 Y-0.2133
G3 X5.4237 Y-0.2343 I0.0048 J-0.0245
X5.4253 Y-0.2474 I0.0247 J-0.0035 F300.
G1 X5.8733 Y-1.3345
X5.8747 Y-1.3373
X5.8763 Y-1.3398
G3 X5.9039 Y-1.3489 I0.0201 J0.0148 F50.
G1 X5.9778 Y-1.3231
X5.986 Y-1.3202
X6.0025 Y-1.3149
X6.0107 Y-1.3127
X6.0549 Y-1.3014
X6.0786 Y-1.2941
X6.0993 Y-1.2836
X6.1211 Y-1.2676
X6.1431 Y-1.245
X6.1637 Y-1.2152
X6.1792 Y-1.1825
X6.1903 Y-1.1481
X6.1977 Y-1.1126
G3 X6.1997 Y-0.9683 I-0.5665 J0.0803
X6.1458 Y-0.7213 I-1.1866 J-0.1298
X5.9142 Y-0.2322 I-1.9685 J-0.6325
G1 X5.8948 Y-0.2016
X5.8865 Y-0.1893
X5.8807 Y-0.1832
X5.8732 Y-0.1793
X5.8648 Y-0.1782
X5.7313 Y-0.1832
G3 X5.6536 Y-0.19 I0.104 J-1.6359
X5.6324 Y-0.2097 I0.0033 J-0.0248
X5.6334 Y-0.2234 I0.0245 J-0.005 F300.
G1 X6.0261 Y-1.2857
X6.027 Y-1.2879
X6.0282 Y-1.2901
G3 X6.0549 Y-1.3014 I0.0213 J0.0131 F50.
G2 X6.1751 Y-1.271 I1.4796 J-5.5967
G1 X6.208 Y-1.2655
X6.2302 Y-1.2606
X6.2511 Y-1.2522
X6.2735 Y-1.2386
X6.2963 Y-1.2188
X6.3189 Y-1.1914
X6.3369 Y-1.1601
X6.3505 Y-1.1266
X6.3602 Y-1.0917
X6.3664 Y-1.056
G3 X6.367 Y-0.9116 I-0.6243 J0.0746
X6.3024 Y-0.6301 I-1.2957 J-0.1492
X6.0979 Y-0.1903 I-2.073 J-0.6965
G1 X6.0926 Y-0.1839
X6.0854 Y-0.1797
X6.0772 Y-0.1781
X5.9532 Y-0.1753
X5.9449
X5.9203 Y-0.1762
X5.8648 Y-0.1782
G3 X5.8425 Y-0.1967 I0.0018 J-0.0249
X5.8429 Y-0.2109 I0.0241 J-0.0065 F300.
G1 X6.1809 Y-1.2485
X6.1823 Y-1.2519
G3 X6.208 Y-1.2655 I0.0224 J0.0112 F50.
G1 X6.3312 Y-1.2449
X6.3383 Y-1.2439
X6.3559 Y-1.2418
X6.3641 Y-1.2409
X6.3816 Y-1.2386
X6.4027 Y-1.2322
X6.4255 Y-1.2208
X6.4491 Y-1.2036
X6.473 Y-1.1791
X6.4937 Y-1.1495
X6.5099 Y-1.1171
X6.522 Y-1.083
X6.5306 Y-1.0479
G3 X6.5391 Y-0.9037 I-0.5712 J0.1058
X6.4951 Y-0.6548 I-1.1636 J-0.077
X6.3356 Y-0.2518 I-2.0411 J-0.5752
G1 X6.3192 Y-0.2196
X6.3103 Y-0.203
X6.3052 Y-0.1965
X6.2983 Y-0.192
X6.2903 Y-0.1899
X6.1997 Y-0.1824
X6.1751 Y-0.1806
X6.1669 Y-0.1802
X6.0772 Y-0.1781
G3 X6.0538 Y-0.1952 I0.0003 J-0.025
X6.0534 Y-0.2099 I0.0237 J-0.0079 F300.
G1 X6.3389 Y-1.2227
X6.3392 Y-1.2236
X6.3394 Y-1.2244
X6.3398 Y-1.2252
G3 X6.3641 Y-1.2409 I0.0232 J0.0093 F50.
G1 X6.4956 Y-1.2304
X6.5203 Y-1.2285
X6.5389 Y-1.2267
X6.5611 Y-1.2207
X6.5842 Y-1.21
X6.6094 Y-1.193
X6.6344 Y-1.1691
X6.656 Y-1.1401
X6.6733 Y-1.1083
X6.6868 Y-1.0747
X6.6968 Y-1.04
G3 X6.7109 Y-0.8963 I-0.5671 J0.1283
X6.6756 Y-0.646 I-1.1267 J-0.0316
X6.5429 Y-0.2715 I-2.0034 J-0.4989
G1 X6.5279 Y-0.2385
X6.5227 Y-0.2276
X6.518 Y-0.221
X6.5115 Y-0.2162
X6.5037 Y-0.2137
X6.4216 Y-0.2019
X6.4134 Y-0.2009
X6.397 Y-0.199
X6.3888 Y-0.1981
X6.2903 Y-0.1899
G3 X6.2659 Y-0.2056 I-0.0012 J-0.025
X6.2648 Y-0.2206 I0.0232 J-0.0093 F300.
G1 X6.4956 Y-1.2092
X6.4964 Y-1.212
G3 X6.5203 Y-1.2285 I0.0235 J0.0085 F50.
G1 X6.5285 Y-1.2281
X6.5531
X6.6682 Y-1.2287
X6.693 Y-1.2276
X6.7152 Y-1.2228
X6.7398 Y-1.2131
X6.7654 Y-1.1975
X6.7922 Y-1.1745
X6.8153 Y-1.1467
X6.8343 Y-1.1159
X6.8495 Y-1.0831
X6.8613 Y-1.0489
G3 X6.8828 Y-0.9061 I-0.5437 J0.1548
X6.8585 Y-0.6546 I-1.0759 J0.0229
X6.739 Y-0.2756 I-1.9619 J-0.4101
G1 X6.7347 Y-0.2645
X6.7304 Y-0.2577
X6.7242 Y-0.2526
X6.7167 Y-0.2497
X6.6436 Y-0.2347
X6.6353 Y-0.2331
X6.6107 Y-0.2292
X6.5037 Y-0.2137
G3 X6.4784 Y-0.2279 I-0.0027 J-0.0249
X6.4764 Y-0.2429 I0.0226 J-0.0107 F300.
G1 X6.6446 Y-1.208
X6.6453 Y-1.211
G3 X6.6682 Y-1.2287 I0.0239 J0.0072 F50.
G2 X6.7175 Y-1.2302 I0.0045 J-0.6636
G1 X6.8161 Y-1.2391
X6.8419 Y-1.2401
X6.8636 Y-1.2374
X6.8888 Y-1.2298
X6.9149 Y-1.2169
X6.9433 Y-1.1964
X6.9687 Y-1.1706
X6.99 Y-1.1414
X7.0077 Y-1.1098
X7.022 Y-1.0766
G3 X7.053 Y-0.9357 I-0.5091 J0.1858
X7.0428 Y-0.6833 I-1.0054 J0.0856
X6.9522 Y-0.3336 I-1.8214 J-0.2851
G1 X6.9453 Y-0.3136
X6.9414 Y-0.3066
X6.9356 Y-0.3013
X6.9283 Y-0.298
X6.8655 Y-0.281
X6.8572 Y-0.2789
X6.8322 Y-0.2735
X6.7167 Y-0.2497
G3 X6.6906 Y-0.2624 I-0.0042 J-0.0246
X6.6877 Y-0.2772 I0.0219 J-0.012 F300.
G1 X6.7944 Y-1.2171
X6.7945 Y-1.2179
X6.7947 Y-1.2187
X6.7948 Y-1.2195
G3 X6.8161 Y-1.2391 I0.0245 J0.0052 F50.
X6.9641 Y-1.2477 I0.1595 J1.4638
G1 X6.9723 Y-1.2466
X7.0134 Y-1.2424
X7.0216 Y-1.2415
X7.0558 Y-1.2317
X7.0824 Y-1.2191
X7.1109 Y-1.1991
X7.1366 Y-1.1737
X7.1584 Y-1.1448
X7.1765 Y-1.1135
X7.1914 Y-1.0805
G3 X7.2251 Y-0.9401 I-0.5284 J0.2011
X7.2214 Y-0.6875 I-1.0263 J0.1116
X7.1524 Y-0.3733 I-1.7222 J-0.2134
G1 X7.1481 Y-0.3684
X7.1429 Y-0.3646
X7.1419 Y-0.364
X7.1367 Y-0.3618
X7.0874 Y-0.3425
X7.0787 Y-0.3393
X7.0709 Y-0.3368
X7.0627 Y-0.3342
X6.9283 Y-0.298
G3 X6.9015 Y-0.309 I-0.0057 J-0.0244
X6.8978 Y-0.3251 I0.0211 J-0.0133 F300.
G1 X6.9984 Y-1.2183
G3 X7.0016 Y-1.2281 I0.0248 J0.0028
X7.0281 Y-1.24 I0.0216 J0.0126 F50.
X7.1695 Y-1.1885 I-0.1052 J0.5091
G1 X7.1986 Y-1.1699
X7.2237 Y-1.1534
G3 X7.2846 Y-1.0971 I-0.4592 J0.5579
G1 X7.3125 Y-1.063
G3 X7.3898 Y-0.9067 I-0.3881 J0.2894
G1 X7.4004 Y-0.8574
G3 X7.4063 Y-0.7669 I-0.6602 J0.0883
G1 X7.4014 Y-0.7176
X7.4004 Y-0.7094
G3 X7.3762 Y-0.6189 I-0.5501 J-0.0991
G1 X7.3544 Y-0.5696
G3 X7.3094 Y-0.4986 I-0.7008 J-0.3948
G1 X7.2682 Y-0.4527
G3 X7.1428 Y-0.3648 I-0.3577 J-0.377
G1 X7.1393 Y-0.3633
X7.1355 Y-0.3623
X7.1316 Y-0.362
X7.1277 Y-0.3622
X7.1239 Y-0.3631
X7.1202 Y-0.3646
X7.1169 Y-0.3666
X7.1141 Y-0.3686
G2 X6.8852 Y-0.5196 I-1.8647 J2.5782 F300.
X6.8735 Y-0.5231 I-0.0129 J0.0214
G1 X3.8719 Y-0.6553
G2 X3.8599 Y-0.6529 I-0.0011 J0.025
X3.6304 Y-0.5296 I1.3895 J2.8625
G1 X3.6157 Y-0.5209 F50.
G3 X3.6026 Y-0.5173 I-0.0128 J-0.0215
G1 X3.2656 Y-0.5325
X3.2323 Y-0.5347
X3.1971 Y-0.543
X3.1634 Y-0.5562
X3.1315 Y-0.5732
G3 X3.0189 Y-0.6637 I0.3086 J-0.4992
X2.8115 Y-0.9583 I0.8179 J-0.7964
X2.7462 Y-1.9868 I1.1757 J-0.591
G1 X2.7488 Y-1.9921
X2.7526 Y-1.9966
X2.7573 Y-2.0001
X2.7847 Y-2.0168
X3.0374 Y-2.1755
G3 X3.0662 Y-2.1728 I0.0125 J0.0216
X3.0747 Y-2.1572 I-0.0163 J0.0189 F300.
G1 X3.2899 Y-0.5608
G3 X3.2889 Y-0.5497 I-0.0248 J0.0033
X3.2656 Y-0.5325 I-0.0238 J-0.0077 F50.
G1 X3.2574 Y-0.5326
X3.2327 Y-0.5327
X3.0273 Y-0.5326
X2.9934 Y-0.5343
X2.9591 Y-0.5419
X2.9255 Y-0.5554
X2.8942 Y-0.5734
X2.8649 Y-0.5947
G3 X2.7654 Y-0.6994 I0.3908 J-0.4713
X2.593 Y-1.0161 I1.009 J-0.7546
X2.527 Y-1.8593 I1.3899 J-0.5329
G1 X2.5293 Y-1.8659
X2.5335 Y-1.8716
X2.5391 Y-1.8759
X2.7573 Y-2.0001
G3 X2.786 Y-1.9962 I0.0116 J0.0221
X2.7935 Y-1.9825 I-0.0171 J0.0182 F300.
G1 X3.051 Y-0.5621
G3 X3.0503 Y-0.5503 I-0.0246 J0.0045
X3.0273 Y-0.5326 I-0.0239 J-0.0074 F50.
G1 X2.9122
X2.904 Y-0.5325
X2.8793 Y-0.5317
X2.8136 Y-0.5287
X2.7843 Y-0.5288
X2.7539 Y-0.5341
X2.7197 Y-0.5461
X2.688 Y-0.5635
X2.6588 Y-0.5848
X2.6318 Y-0.6089
G3 X2.5423 Y-0.7223 I0.4573 J-0.4535
X2.3935 Y-1.0509 I1.158 J-0.7221
X2.3296 Y-1.7519 I1.5792 J-0.4974
G1 X2.3318 Y-1.7597
X2.3365 Y-1.7664
X2.343 Y-1.7712
X2.4601 Y-1.8314
X2.4686 Y-1.8359
X2.4848 Y-1.8451
X2.5391 Y-1.8759
G3 X2.5678 Y-1.872 I0.0116 J0.0221
X2.5752 Y-1.8587 I-0.0171 J0.0182 F300.
G1 X2.8361 Y-0.5585
G3 X2.8358 Y-0.5473 I-0.0245 J0.0049
X2.8136 Y-0.5287 I-0.0242 J-0.0063 F50.
G1 X2.6081 Y-0.5194
X2.5815 Y-0.5196
X2.5526 Y-0.5246
X2.5195 Y-0.5362
X2.4878 Y-0.5537
X2.4588 Y-0.5753
X2.4323 Y-0.6
G3 X2.3463 Y-0.7159 I0.4413 J-0.4172
X2.2191 Y-1.0149 I1.1838 J-0.68
X2.1427 Y-1.6545 I1.7373 J-0.5319
X2.1563 Y-1.6755 I0.0244 J0.0008
G1 X2.1807 Y-1.688
X2.343 Y-1.7712
G3 X2.3715 Y-1.7661 I0.0106 J0.0226
X2.3781 Y-1.7537 I-0.0179 J0.0175 F300.
G1 X2.6306 Y-0.5495
G3 X2.6303 Y-0.5381 I-0.0245 J0.0051
X2.6081 Y-0.5194 I-0.0242 J-0.0063 F50.
G1 X2.5588 Y-0.5172
X2.5506 Y-0.5168
X2.5259 Y-0.515
X2.4191 Y-0.5054
X2.3959 Y-0.5044
X2.3687 Y-0.5079
X2.3371 Y-0.5174
X2.3047 Y-0.5334
X2.2751 Y-0.5542
X2.2482 Y-0.5784
X2.2237 Y-0.6051
G3 X2.1448 Y-0.7261 I0.5169 J-0.4235
X2.0301 Y-1.0302 I1.3254 J-0.6736
X1.962 Y-1.5708 I1.9105 J-0.5152
X1.9765 Y-1.5929 I0.0248 J0.0005
G1 X2.1563 Y-1.6755
G3 X2.1848 Y-1.6702 I0.0105 J0.0227
X2.1912 Y-1.6583 I-0.018 J0.0174 F300.
G1 X2.4403 Y-0.5356
G3 X2.4404 Y-0.525 I-0.0244 J0.0054
X2.4191 Y-0.5054 I-0.0245 J-0.0052 F50.
G1 X2.23 Y-0.4883
X2.2078 Y-0.4874
X2.1811 Y-0.4908
X2.15 Y-0.5002
X2.1176 Y-0.5162
X2.088 Y-0.5371
X2.0613 Y-0.5614
X2.0371 Y-0.5883
G3 X1.9599 Y-0.7104 I0.5076 J-0.4063
X1.8502 Y-1.0164 I1.3575 J-0.6595
X1.7848 Y-1.4908 I2.0517 J-0.5246
X1.8004 Y-1.5141 I0.0252 J0.
G1 X1.8273 Y-1.5251
X1.8437 Y-1.5319
X1.852 Y-1.5356
X1.9765 Y-1.5929
G3 X2.0048 Y-1.5865 I0.0096 J0.0231
X2.0105 Y-1.5754 I-0.0186 J0.0167 F300.
G1 X2.2513 Y-0.5186
G3 X2.2514 Y-0.5079 I-0.0244 J0.0056
X2.23 Y-0.4883 I-0.0245 J-0.0052 F50.
G1 X2.1971 Y-0.4853
X2.1725 Y-0.4826
X2.1643 Y-0.4815
X2.0574 Y-0.467
X2.0327 Y-0.4649
X2.0064 Y-0.467
X1.977 Y-0.4744
X1.9438 Y-0.489
X1.9135 Y-0.5088
X1.8861 Y-0.5324
X1.8613 Y-0.5588
G3 X1.7832 Y-0.6802 I0.4697 J-0.3878
X1.6836 Y-0.9515 I1.2664 J-0.619
X1.6095 Y-1.4194 I2.1436 J-0.5793
X1.6252 Y-1.4426 I0.0253 J0.0001
G1 X1.8004 Y-1.5141
G3 X1.8283 Y-1.5065 I0.0086 J0.0235
X1.8333 Y-1.4966 I-0.0193 J0.0158 F300.
G1 X2.0775 Y-0.4975
G3 X2.0779 Y-0.4875 I-0.0243 J0.0059
X2.0574 Y-0.467 I-0.0247 J-0.0041 F50.
G1 X1.8766 Y-0.4424
X1.8526 Y-0.4403
X1.8266 Y-0.4425
X1.7969 Y-0.45
X1.7637 Y-0.4646
X1.7335 Y-0.4844
X1.7061 Y-0.5081
X1.6814 Y-0.5345
G3 X1.6039 Y-0.6563 I0.4622 J-0.3799
X1.5061 Y-0.9282 I1.2701 J-0.61
X1.4357 Y-1.3505 I2.2103 J-0.5857
X1.4524 Y-1.3756 I0.0256 J-0.0011
G2 X1.5314 Y-1.4043 I-0.8733 J-2.5271
G1 X1.6252 Y-1.4426
G3 X1.6531 Y-1.435 I0.0086 J0.0235
X1.658 Y-1.4252 I-0.0193 J0.0158 F300.
G1 X1.8966 Y-0.4731
G3 X1.897 Y-0.463 I-0.0243 J0.0061
X1.8766 Y-0.4424 I-0.0247 J-0.0041 F50.
G1 X1.8437 Y-0.4379
X1.8191 Y-0.4341
X1.8109 Y-0.4327
X1.7043 Y-0.4133
X1.6836 Y-0.4106
X1.658 Y-0.4116
X1.6295 Y-0.4174
X1.5967 Y-0.4301
X1.5656 Y-0.4486
X1.5374 Y-0.4712
X1.5119 Y-0.4969
G3 X1.4322 Y-0.6173 I0.4294 J-0.3713
X1.3426 Y-0.8537 I1.159 J-0.574
X1.2632 Y-1.2799 I2.2263 J-0.6356
G1 X1.2631 Y-1.2898
G3 X1.2797 Y-1.3137 I0.025 J-0.0004
G1 X1.4524 Y-1.3756
G3 X1.48 Y-1.3668 I0.0076 J0.0238
G1 X1.4818 Y-1.3641 F300.
X1.4832 Y-1.3612
X1.4842 Y-1.3581
X1.7231 Y-0.4441
X1.7237 Y-0.441
X1.724 Y-0.4379
X1.7238 Y-0.4348
G3 X1.7043 Y-0.4133 I-0.0248 J-0.003 F50.
G1 X1.5314 Y-0.3819
X1.5088 Y-0.3789
X1.4833 Y-0.3798
X1.4543 Y-0.3858
X1.4216 Y-0.3985
X1.3905 Y-0.4169
X1.3623 Y-0.4395
X1.3367 Y-0.4652
G3 X1.2569 Y-0.5854 I0.4242 J-0.3684
X1.1674 Y-0.8219 I1.148 J-0.5695
X1.0913 Y-1.2121 I2.2299 J-0.6377
G1 X1.0908 Y-1.2318
G3 X1.1083 Y-1.2565 I0.025 J-0.0009
G2 X1.2797 Y-1.3136 I-0.6573 J-2.2566
G1 X1.2835 Y-1.3145
X1.2873 Y-1.3148
X1.2911 Y-1.3145
X1.2949 Y-1.3137
X1.2985 Y-1.3122
X1.3018 Y-1.3102
X1.3048 Y-1.3077
X1.3073 Y-1.3048
X1.309 Y-1.3022 F300.
X1.3104 Y-1.2994
X1.3114 Y-1.2964
X1.5502 Y-0.4128
X1.5509 Y-0.4097
X1.5511 Y-0.4065
X1.5509 Y-0.4033
G3 X1.5314 Y-0.3819 I-0.0248 J-0.003 F50.
G2 X1.4574 Y-0.3677 I0.3077 J1.8072
G1 X1.3694 Y-0.3476
X1.3436 Y-0.343
X1.3186 Y-0.3428
X1.2906 Y-0.3472
X1.2581 Y-0.3581
X1.2262 Y-0.3752
X1.1971 Y-0.3967
X1.1709 Y-0.4216
X1.1471 Y-0.4489
G3 X1.072 Y-0.5722 I0.5026 J-0.3906
X0.9772 Y-0.8452 I1.3393 J-0.618
X0.9219 Y-1.1292 I2.2328 J-0.5819
G1 X0.9187 Y-1.1652
X0.9186 Y-1.179
G3 X0.9362 Y-1.203 I0.025 J-0.0002
G1 X1.1083 Y-1.2565
G3 X1.1355 Y-1.2465 I0.0066 J0.0241
G1 X1.1369 Y-1.2442 F300.
X1.1381 Y-1.2418
X1.1389 Y-1.2393
X1.387 Y-0.3786
X1.3877 Y-0.3758
X1.388 Y-0.3728
Y-0.3699
G3 X1.3694 Y-0.3476 I-0.0249 J-0.0018 F50.
G1 X1.1944 Y-0.3075
X1.1734 Y-0.3038
X1.1481 Y-0.3035
X1.1196 Y-0.3081
X1.0871 Y-0.319
X1.0552 Y-0.3361
X1.026 Y-0.3575
X0.9996 Y-0.3822
X0.9757 Y-0.4094
G3 X0.9 Y-0.5324 I0.5063 J-0.3965
X0.8041 Y-0.805 I1.3277 J-0.6204
X0.7483 Y-1.0888 I2.0607 J-0.5525
G1 X0.7461 Y-1.125
X0.7463 Y-1.1313
G3 X0.7649 Y-1.1546 I0.025 J0.0008
G1 X0.8493 Y-1.1769
X0.8575 Y-1.1791
X0.8739 Y-1.1837
X0.9362 Y-1.203
G3 X0.9634 Y-1.193 I0.0066 J0.0241
G1 X0.9648 Y-1.1908 F300.
X0.9659 Y-1.1884
X0.9668 Y-1.1859
X1.212 Y-0.3386
X1.2127 Y-0.3357
X1.213 Y-0.3328
X1.2129 Y-0.3298
G3 X1.1944 Y-0.3075 I-0.0249 J-0.0018 F50.
G2 X1.0301 Y-0.2655 I0.4691 J2.1773
G1 X1.0115 Y-0.2613
X0.9869 Y-0.26
X0.9591 Y-0.2631
X0.9268 Y-0.2724
X0.8942 Y-0.288
X0.8642 Y-0.3084
X0.837 Y-0.3322
X0.8124 Y-0.3587
G3 X0.734 Y-0.48 I0.468 J-0.3884
X0.6346 Y-0.7513 I1.2644 J-0.6172
X0.5765 Y-1.0346 I1.9891 J-0.5553
G1 X0.5739 Y-1.0707
X0.5741 Y-1.0854
G3 X0.5928 Y-1.1093 I0.025 J0.0004
G1 X0.7649 Y-1.1546
G3 X0.7917 Y-1.1435 I0.0055 J0.0244
G1 X0.7933 Y-1.1406 F300.
X0.7944 Y-1.1374
X1.0465 Y-0.2965
X1.0471 Y-0.2939
X1.0475 Y-0.2913
Y-0.2886
G3 X1.0301 Y-0.2655 I-0.025 J-0.0007 F50.
G1 X0.8657 Y-0.22
X0.8447 Y-0.2153
X0.8196 Y-0.2139
X0.7915 Y-0.2171
X0.759 Y-0.2264
X0.7263 Y-0.242
X0.6963 Y-0.2622
X0.669 Y-0.286
X0.6442 Y-0.3123
G3 X0.5649 Y-0.433 I0.4726 J-0.3969
X0.4734 Y-0.6688 I1.1951 J-0.5991
X0.4042 Y-0.9866 I1.9616 J-0.5941
G1 X0.4016 Y-1.0227
G3 X0.4151 Y-1.046 I0.0251 J-0.001
G1 X0.4547 Y-1.0664
G3 X0.5927 Y-1.1093 I0.3968 J1.034
X0.6195 Y-1.0981 I0.0055 J0.0244
G1 X0.621 Y-1.0953 F300.
X0.6222 Y-1.0923
X0.8821 Y-0.2512
X0.8827 Y-0.2485
X0.8831 Y-0.2458
X0.8832 Y-0.2431
G3 X0.8657 Y-0.22 I-0.025 J-0.0007 F50.
G1 X0.7835 Y-0.1972
X0.7753 Y-0.1953
X0.726 Y-0.1846
G3 X0.6602 Y-0.1773 I-0.0701 J-0.3291
G1 X0.6359 Y-0.1772
X0.6064 Y-0.1821
X0.5734 Y-0.1934
X0.5416 Y-0.2106
X0.5126 Y-0.2322
X0.4862 Y-0.2569
X0.4622 Y-0.284
G3 X0.3855 Y-0.4064 I0.5146 J-0.4074
X0.2863 Y-0.6779 I1.323 J-0.6373
X0.2429 Y-0.8674 I1.9005 J-0.5351
G1 X0.2426 Y-0.8733
X0.2437 Y-0.8792
X0.2461 Y-0.8846
G3 X0.2902 Y-0.9458 I0.5048 J0.3167
G1 X0.3232 Y-0.9792
X0.3249 Y-0.9807
X0.343 Y-0.9972
G3 X0.4002 Y-1.0383 I0.8149 J1.0712
G1 X0.4151 Y-1.046
G3 X0.4436 Y-1.0409 I0.0107 J0.0226
X0.4498 Y-1.0302 I-0.0179 J0.0175 F300.
G1 X0.6821 Y-0.209
G3 X0.6823 Y-0.1961 I-0.0241 J0.0068
X0.6602 Y-0.1773 I-0.0242 J-0.0061 F50.
G1 X0.6356 Y-0.176
G3 X0.5452 Y-0.186 I0.0311 J-0.6944
G1 X0.4955 Y-0.1995
G3 X0.4541 Y-0.2161 I0.0995 J-0.3085
X0.3102 Y-0.3147 I0.18 J-0.4168
G1 X0.2986 Y-0.3259
X0.294 Y-0.3311
X0.2575 Y-0.3777
G3 X0.2117 Y-0.4626 I0.5161 J-0.3332
G1 X0.1941 Y-0.512
G3 X0.1773 Y-0.6107 I0.5573 J-0.1457
G1 X0.1763 Y-0.66
G3 X0.1893 Y-0.7505 I0.7231 J0.0576
G1 X0.2044 Y-0.7998
G3 X0.246 Y-0.8847 I0.4827 J0.1843
G1 X0.2484 Y-0.8878
X0.2512 Y-0.8904
X0.2544 Y-0.8926
X0.2579 Y-0.8943
X0.2616 Y-0.8954
X0.2654 Y-0.896
X0.2693 Y-0.8959
X0.2731 Y-0.8952
X0.2752 Y-0.8946 F300.
X0.2773 Y-0.8938
G2 X0.6735 Y-0.7567 I0.9815 J-2.1957
X0.6908 Y-0.7587 I0.0061 J-0.0242
G1 X3.4727 Y-2.1653
G2 X3.4845 Y-2.1781 I-0.0113 J-0.0223
X3.6059 Y-2.5645 I-2.2257 J-0.9113
G1 X3.609 Y-2.5785 F50.
G3 X3.6175 Y-2.5924 I0.0244 J0.0053
G1 X3.6272 Y-2.6001
X3.8574 Y-2.7902
X3.8864 Y-2.8118
X3.9179 Y-2.8296
X3.9516 Y-2.8426
X3.9867 Y-2.8516
G3 X4.1308 Y-2.8596 I0.1033 J0.5583
X4.448 Y-2.791 I-0.0756 J1.1165
X4.5593 Y-2.7447 I-0.3509 J1.0009
G1 X4.5624 Y-2.7419
X4.565 Y-2.7389
G3 X4.6018 Y-2.6829 I-0.505 J0.3711
G1 X4.6314 Y-2.6171
G2 X4.6993 Y-2.4504 I13.0629 J-5.2286
G1 X4.7007 Y-2.4467
X4.7014 Y-2.443
X4.7016 Y-2.4391
X4.7012 Y-2.4353
X4.7002 Y-2.4316
X4.6986 Y-2.428
X4.6965 Y-2.4248
X4.6939 Y-2.4219
G3 X4.6671 Y-2.4169 I-0.0172 J-0.0181 F300.
G1 X3.8644 Y-2.7484
G3 X3.8508 Y-2.762 I0.0095 J-0.0231
X3.8574 Y-2.7902 I0.0231 J-0.0095 F50.
X3.9641 Y-2.8675 I0.5405 J0.6345
X4.0255 Y-2.8968 I0.451 J0.8636
G1 X4.0774 Y-2.9131
G3 X4.1697 Y-2.9272 I0.1481 J0.659
G1 X4.219 Y-2.9264
X4.2272 Y-2.926
X4.2519 Y-2.9234
X4.2601 Y-2.922
X4.3012 Y-2.9146
X4.3094 Y-2.9131
X4.3176 Y-2.9106
X4.3669 Y-2.8932
G3 X4.4953 Y-2.8145 I-0.1781 J0.435
G1 X4.514 Y-2.798
X4.5149 Y-2.7972
X4.5477 Y-2.7616
X4.5517 Y-2.7569
X4.565 Y-2.7389
X4.5666 Y-2.7363
X4.5678 Y-2.7336
X4.5684 Y-2.7307 Z0.4952
X4.5689 Y-2.7278 Z0.4957
X4.5695 Y-2.725 Z0.4966
Y-2.7247 Z0.4967
X4.5689 Y-2.7215 Z0.4983
X4.5684 Y-2.7186 Z0.5003
X4.5679 Y-2.716 Z0.5027
X4.5668 Y-2.7139 Z0.5056
X4.5658 Y-2.7122 Z0.5089
X4.5652 Y-2.7109 Z0.5124
X4.5647 Y-2.7101 Z0.5162
X4.5646 Y-2.7099 Z0.52
G0 Z0.7
X6.7685 Y-3.1687
Z0.6
G3 X6.7943 Y-3.3239 Z0.585 I0.1028 J-0.0627 F40.
X6.9512 Y-3.321 Z0.57 I0.0768 J0.0923
X6.9712 Y-3.1656 Z0.555 I-0.08 J0.0892
X6.8207 Y-3.1234 Z0.54 I-0.0997 J-0.066
X6.7571 Y-3.2657 Z0.525 I0.0507 J-0.108
X6.8884 Y-3.3492 Z0.51 I0.114 J0.0343
X6.9899 Y-3.2317 Z0.495 I-0.0173 J0.1175
X6.7524 I-0.1188 J0.
X6.9899 I0.1188 J0.
G1 X6.99 Y-3.2272 F50.
X6.9917 Y-3.223
X7.0162 Y-3.1964
X7.0245 Y-3.1888
X7.0325 Y-3.1786
X7.0394 Y-3.1658
X7.0447 Y-3.1504
X7.0477 Y-3.1325
Y-3.1125
X7.044 Y-3.0909
X7.0362 Y-3.0683
X7.0237 Y-3.0454
X7.0061 Y-3.0231
X6.9835 Y-3.0026
X6.9559 Y-2.9848
X6.9237 Y-2.9711
X6.8885 Y-2.9625
X6.8524 Y-2.9598
X6.8164 Y-2.9626
X6.7811 Y-2.9706
X6.7473 Y-2.9836
X6.7156 Y-3.0011
X6.6867 Y-3.0227
X6.6608 Y-3.0481
X6.6386 Y-3.0766
X6.6203 Y-3.1078
X6.6062 Y-3.1411
X6.5966 Y-3.176
X6.5917 Y-3.2119
X6.5914 Y-3.2481
X6.5958 Y-3.284
X6.6048 Y-3.319
X6.6182 Y-3.3526
X6.6359 Y-3.3842
X6.6574 Y-3.4132
X6.6826 Y-3.4392
X6.7109 Y-3.4618
X6.7418 Y-3.4805
X6.7749 Y-3.4951
X6.8097 Y-3.5053
X6.8454 Y-3.511
X6.8816 Y-3.5119
X6.9176 Y-3.5083
X6.9528 Y-3.5
X6.9866 Y-3.4873
X7.0186 Y-3.4703
X7.0481 Y-3.4493
X7.0746 Y-3.4247
X7.0978 Y-3.3969
X7.1184 Y-3.3672
X7.1395 Y-3.3378
X7.1593 Y-3.3075
X7.1768 Y-3.2758
X7.1913 Y-3.2427
X7.2022 Y-3.2082
X7.2093 Y-3.1727
X7.2124 Y-3.1366
X7.2112 Y-3.1005
X7.2058 Y-3.0647
X7.1965 Y-3.0297
X7.1832 Y-2.9961
X7.1662 Y-2.9642
X7.1459 Y-2.9342
X7.1224 Y-2.9067
X7.0962 Y-2.8817
X7.0676 Y-2.8596
X7.0368 Y-2.8405
X7.0044 Y-2.8244
X6.9706 Y-2.8117
X6.9357 Y-2.8021
X6.9 Y-2.7959
X6.864 Y-2.793
X6.8278 Y-2.7933
X6.7918 Y-2.797
X6.7562 Y-2.8037
X6.7214 Y-2.8135
X6.6876 Y-2.8263
X6.6549 Y-2.8418
G3 X6.4772 Y-3.0175 I0.2061 J-0.3861
X6.4431 Y-3.3679 I0.3909 J-0.2149
X6.775 Y-3.6706 I0.4277 J0.1356
X7.0902 Y-3.6241 I0.0962 J0.4387
X7.2034 Y-3.5348 I-0.2275 J0.4047
X7.3287 Y-3.3584 I-0.5252 J0.5061
X7.3797 Y-3.1857 I-0.4821 J0.236
X7.2902 Y-2.8433 I-0.4905 J0.0547
X7.0995 Y-2.6804 I-0.4239 J-0.3032
X6.7474 Y-2.6305 I-0.2507 J-0.5012
X6.3833 Y-2.8492 I0.1059 J-0.5887
G1 X6.3616 Y-2.8782
G3 X6.6121 Y-3.7966 I0.5079 J-0.3548
X7.2877 Y-3.6933 I0.2594 J0.5645
X7.4094 Y-3.56 I-0.5395 J0.6148
X7.5343 Y-3.3007 I-0.6108 J0.4538
X7.5379 Y-2.9782 I-0.6561 J0.1686
X7.2554 Y-2.5717 I-0.6616 J-0.1584
X6.8099 Y-2.4489 I-0.4047 J-0.5988
X6.4355 Y-2.5701 I0.0386 J-0.7579
X6.1319 Y-3.5249 I0.429 J-0.6621
X6.8264 Y-4.0261 I0.7384 J0.2914
X7.3941 Y-3.832 I0.0447 J0.7966
X7.6918 Y-3.3866 I-0.6236 J0.7389
X7.7276 Y-3.0648 I-0.8349 J0.2558
X7.5426 Y-2.6013 I-0.8451 J-0.0686
X6.9547 Y-2.2794 I-0.6861 J-0.5553
X6.247 Y-2.492 I-0.1076 J-0.926
X5.9473 Y-2.9358 I0.6096 J-0.7348
X7.0346 Y-4.1886 I0.9233 J-0.2969
X7.5179 Y-3.9572 I-0.1659 J0.9666
X7.8659 Y-3.4173 I-0.7363 J0.8567
X7.8743 Y-2.8808 I-0.9964 J0.284
X7.8138 Y-2.7096 I-0.9947 J-0.2555
G1 X7.8122 Y-2.7078
X7.7243 Y-2.6007
X7.7202 Y-2.5955
X7.7179 Y-2.5924
X7.712 Y-2.584
X7.6274 Y-2.4609
X7.6218 Y-2.4526
G3 X7.5272 Y-2.3436 I-0.464 J-0.3073
X7.2506 Y-2.175 I-0.6164 J-0.7
X6.5068 Y-2.1514 I-0.4043 J-1.008
G1 X6.5036 Y-2.1531
X6.5007 Y-2.1554
X6.4541 Y-2.1977
X6.4463 Y-2.2047
X6.1884 Y-2.4197
X6.1833 Y-2.4239
X6.1782 Y-2.428
X5.9696 Y-2.5871
X5.942 Y-2.6104
X5.9159 Y-2.6356
X5.8924 Y-2.6631
G3 X5.8185 Y-2.7871 I0.4978 J-0.3808
X5.7252 Y-3.2081 I0.9686 J-0.4355
X6.3666 Y-4.2615 I1.144 J-0.0254
G1 X6.3993 Y-4.2771
G3 X6.4105 Y-4.2796 I0.0112 J0.0234
G2 X6.5531 Y-4.2795 I0.0786 J-7.5946
G1 X6.8901 Y-4.2937
X6.9066 Y-4.2944
X6.9641 Y-4.2994
X7.1202 Y-4.3131
X7.1564 Y-4.3144
X7.1925 Y-4.3127
X7.2283 Y-4.3074
G3 X7.3657 Y-4.2629 I-0.1259 J0.6229
X7.6379 Y-4.0864 I-0.4446 J0.9839
X8.0479 Y-3.4186 I-0.8496 J0.9813
X8.0703 Y-2.9663 I-1.1862 J0.2854
G1 X8.0686 Y-2.9605
X8.0657 Y-2.9552
X8.0617 Y-2.9508
X7.9612 Y-2.8638
G2 X7.8326 Y-2.7322 I3.9451 J3.9839
G1 X7.8271 Y-2.7259
X7.8122 Y-2.7078
G3 X7.7839 Y-2.7012 I-0.0188 J-0.0165
X7.7704 Y-2.7145 I0.0095 J-0.0231 F300.
G1 X7.1003 Y-4.2784
G3 X7.0989 Y-4.2935 I0.023 J-0.0098
X7.1202 Y-4.3131 I0.0244 J0.0053 F50.
G1 X7.26 Y-4.3253
X7.2682 Y-4.3263
X7.2928 Y-4.3294
X7.4326 Y-4.348
X7.4686 Y-4.351
X7.5047 Y-4.3487
X7.5401 Y-4.3412
X7.5744 Y-4.3297
G3 X7.7001 Y-4.2587 I-0.2226 J0.5407
X7.9338 Y-4.0333 I-0.725 J0.9854
X8.2547 Y-3.2405 I-1.1124 J0.9116
X8.2583 Y-3.1086 I-1.5085 J0.1075
G1 X8.2567 Y-3.1003
X8.2525 Y-3.093
X8.2462 Y-3.0875
X8.238 Y-3.0826
X8.2306 Y-3.0776
X8.106 Y-2.9871
X8.0983 Y-2.9813
X8.0847 Y-2.9707
X8.0617 Y-2.9508
G3 X8.0327 Y-2.9491 I-0.0157 J-0.0195
X8.0232 Y-2.96 I0.0132 J-0.0212 F300.
G1 X7.4139 Y-4.3131
G3 X7.4121 Y-4.3275 I0.0228 J-0.0103
X7.4326 Y-4.348 I0.0247 J0.0042 F50.
G1 X7.6134 Y-4.372
X7.6216 Y-4.3733
X7.6463 Y-4.3775
X7.6709 Y-4.3819
X7.7067 Y-4.3865
X7.7411 Y-4.3852
X7.7765 Y-4.3778
X7.8106 Y-4.3655
X7.843 Y-4.3495
G3 X7.959 Y-4.2634 I-0.3085 J0.5364
X8.1673 Y-4.0142 I-0.9188 J0.9798
X8.4337 Y-3.2125 I-1.3296 J0.887
X8.4196 Y-3.1887 I-0.0259 J0.0007
G2 X8.3695 Y-3.162 I0.2619 J0.5512
G1 X8.2545 Y-3.0926
X8.2462 Y-3.0875
G3 X8.2174 Y-3.0907 I-0.0122 J-0.0218
X8.2112 Y-3.0992 I0.0166 J-0.0187 F300.
G1 X7.6533 Y-4.3473
G3 X7.6514 Y-4.3605 I0.0228 J-0.0102
X7.6709 Y-4.3819 I0.0248 J0.003 F50.
G1 X7.8928 Y-4.4217
X7.9217 Y-4.4254
X7.9536 Y-4.4241
X7.989 Y-4.4167
X8.0229 Y-4.404
X8.055 Y-4.3873
X8.0852 Y-4.3675
G3 X8.1921 Y-4.2702 I-0.4134 J0.5614
X8.3981 Y-3.9739 I-1.1164 J0.9961
X8.6055 Y-3.2939 I-1.5443 J0.8425
X8.5896 Y-3.2683 I-0.0254 J0.0019
G2 X8.5339 Y-3.2451 I0.2671 J0.72
G1 X8.4196 Y-3.1888
G3 X8.3911 Y-3.1944 I-0.0103 J-0.0228
G1 X8.3893 Y-3.1966 F300.
X8.3877 Y-3.1991
X8.3864 Y-3.2017
X7.8751 Y-4.3873
G3 X7.8733 Y-4.4003 I0.023 J-0.0099
X7.8928 Y-4.4217 I0.0248 J0.003 F50.
G1 X7.975 Y-4.4364
X8.0983 Y-4.4575
X8.1293 Y-4.4612
X8.1601 Y-4.4598
X8.1954 Y-4.4521
X8.2291 Y-4.4388
X8.2607 Y-4.4213
X8.2904 Y-4.4006
G3 X8.3934 Y-4.2994 I-0.407 J0.5172
X8.5709 Y-4.0271 I-1.17 J0.9567
X8.7753 Y-3.3745 I-1.7076 J0.893
G1 X8.7763 Y-3.3555
G3 X8.7584 Y-3.3301 I-0.025 J0.0015
G1 X8.7311 Y-3.322
X8.7229 Y-3.3195
X8.6983 Y-3.3108
X8.5895 Y-3.2683
G3 X8.5617 Y-3.2763 I-0.0083 J-0.0236
G1 X8.5597 Y-3.2791 F300.
X8.5582 Y-3.2822
X8.0803 Y-4.4233
G3 X8.0786 Y-4.4362 I0.0231 J-0.0097
X8.0983 Y-4.4575 I0.0248 J0.0032 F50.
G1 X8.1887 Y-4.473
X8.1969 Y-4.4742
X8.2216 Y-4.4774
X8.312 Y-4.4873
X8.3451 Y-4.4893
X8.376 Y-4.486
X8.4108 Y-4.4762
X8.4437 Y-4.4611
X8.4743 Y-4.4418
X8.5029 Y-4.4196
G3 X8.6006 Y-4.3132 I-0.4464 J0.5085
X8.766 Y-4.0334 I-1.264 J0.9358
X8.9446 Y-3.4472 I-1.8744 J0.8913
G1 X8.9475 Y-3.4111
X8.9473 Y-3.4003
G3 X8.9274 Y-3.3762 I-0.025 J-0.0003
G1 X8.8873 Y-3.3679
X8.8626 Y-3.3609
X8.7584 Y-3.3301
G3 X8.7313 Y-3.3404 I-0.0063 J-0.0242
G1 X8.73 Y-3.3427 F300.
X8.7289 Y-3.3451
X8.2923 Y-4.4534
G3 X8.291 Y-4.4673 I0.0233 J-0.0092
X8.312 Y-4.4873 I0.0246 J0.0047 F50.
G1 X8.4106 Y-4.4982
X8.4188 Y-4.4989
X8.4353 Y-4.5003
X8.4435 Y-4.5009
X8.5339 Y-4.5054
X8.5634
X8.5944 Y-4.5002
X8.6286 Y-4.4883
X8.6605 Y-4.4713
X8.69 Y-4.4504
X8.7173 Y-4.4267
G3 X8.8096 Y-4.3155 I-0.4836 J0.4957
X8.963 Y-4.0288 I-1.3756 J0.92
X9.1147 Y-3.5092 I-2.0205 J0.8719
G1 X9.1183 Y-3.4732
X9.1193 Y-3.437
X9.1187 Y-3.4302
G3 X9.0968 Y-3.4077 I-0.0249 J-0.0023
G2 X9.0349 Y-3.3983 I0.0409 J0.478
G1 X8.9274 Y-3.3762
G3 X8.9013 Y-3.3888 I-0.0042 J-0.0246
G1 X8.8997 Y-3.3924 F300.
X8.5125 Y-4.4721
G3 X8.5118 Y-4.4867 I0.0235 J-0.0084
X8.5339 Y-4.5054 I0.0242 J0.0062 F50.
G1 X8.6325 Y-4.5103
X8.6572 Y-4.5113
X8.6654 Y-4.5115
X8.7558 Y-4.5105
X8.7839 Y-4.5088
X8.8148 Y-4.5017
X8.8482 Y-4.4878
X8.8791 Y-4.4689
X8.9075 Y-4.4464
X8.9335 Y-4.4213
G3 X9.0202 Y-4.3057 I-0.5224 J0.4821
X9.1615 Y-4.0128 I-1.4909 J0.8997
X9.2802 Y-3.5959 I-2.1542 J0.8388
G1 X9.2857 Y-3.5601
X9.2899 Y-3.5242
X9.2921 Y-3.4881
X9.2909 Y-3.4519
X9.29 Y-3.4461
G3 X9.2661 Y-3.4251 I-0.0247 J-0.004
G2 X9.1996 Y-3.4197 I0.0072 J0.5065
G1 X9.0968 Y-3.4077
G3 X9.0718 Y-3.4225 I-0.0021 J-0.0249
G1 X9.0709 Y-3.4249 F300.
X8.7326 Y-4.4779
G3 Y-4.4931 I0.0238 J-0.0076
X8.7558 Y-4.5105 I0.0238 J0.0076 F50.
G1 X8.8791 Y-4.5092
X8.8873 Y-4.5088
X8.912 Y-4.5074
X8.9777 Y-4.5027
X9.0061 Y-4.4992
X9.0369 Y-4.4902
X9.0694 Y-4.4743
X9.0991 Y-4.4537
X9.1262 Y-4.4297
X9.1508 Y-4.4032
G3 X9.2318 Y-4.2835 I-0.563 J0.468
X9.361 Y-3.9851 I-1.6094 J0.874
X9.4535 Y-3.6357 I-2.1729 J0.762
X9.4658 Y-3.4916 I-0.7992 J0.1407
G1 X9.4622 Y-3.4556
X9.4605 Y-3.4482
G3 X9.4349 Y-3.4288 I-0.0244 J-0.0056
G2 X9.3969 Y-3.4293 I-0.0276 J0.5772
G1 X9.2661 Y-3.4251
G3 X9.2425 Y-3.4419 I0.0001 J-0.025
G1 X9.2421 Y-3.4433 F300.
X8.9527 Y-4.4709
G3 X8.9535 Y-4.4867 I0.0241 J-0.0068
X8.9777 Y-4.5027 I0.0233 J0.009 F50.
G1 X9.101 Y-4.4939
G3 X9.1996 Y-4.4819 I-0.1717 J1.8091
G1 X9.2294 Y-4.4764
X9.2599 Y-4.4654
X9.2915 Y-4.4476
X9.32 Y-4.4253
X9.3457 Y-4.3998
G3 X9.4273 Y-4.2807 I-0.452 J0.397
X9.5391 Y-4.0141 I-1.4675 J0.7722
X9.6286 Y-3.664 I-2.1331 J0.732
X9.6403 Y-3.5198 I-0.9521 J0.1498
G1 X9.6384 Y-3.4837
X9.633 Y-3.4479
X9.6298 Y-3.4368
G3 X9.6025 Y-3.4189 I-0.024 J-0.0069
G1 X9.5941 Y-3.42
X9.5859 Y-3.4207
X9.5613 Y-3.4221
X9.4349 Y-3.4288
G3 X9.4128 Y-3.4476 I0.0022 J-0.0249
G1 X9.4127 Y-3.4479 F300.
X9.1729 Y-4.4512
G3 X9.1745 Y-4.4674 I0.0243 J-0.0058
X9.1996 Y-4.4819 I0.0227 J0.0104 F50.
G1 X9.3229 Y-4.4656
X9.3476 Y-4.4619
X9.3558 Y-4.4605
X9.4215 Y-4.4478
X9.4533 Y-4.44
X9.4836 Y-4.4269
X9.5139 Y-4.4073
X9.5411 Y-4.3834
X9.5654 Y-4.3566
G3 X9.6411 Y-4.2336 I-0.4862 J0.3837
X9.7417 Y-3.9626 I-1.5756 J0.7396
X9.8099 Y-3.6445 I-1.8273 J0.5576
X9.814 Y-3.5 I-0.894 J0.098
G1 X9.8101 Y-3.464
X9.8028 Y-3.4286
X9.7974 Y-3.4128
G3 X9.771 Y-3.3961 I-0.0236 J-0.0081
G1 X9.7585 Y-3.3975
X9.7503 Y-3.3985
X9.6188 Y-3.4167
X9.6025 Y-3.4189
G3 X9.5821 Y-3.4388 I0.0042 J-0.0247
G1 X9.582 Y-3.4394
X9.3931 Y-4.4184 F300.
G3 X9.3956 Y-4.4349 I0.0245 J-0.0047
X9.4215 Y-4.4478 I0.0221 J0.0118 F50.
G1 X9.5448 Y-4.424
X9.5695 Y-4.419
X9.574 Y-4.4179
X9.6434 Y-4.4001
X9.6773 Y-4.3896
X9.7072 Y-4.3746
X9.7363 Y-4.3531
X9.7621 Y-4.3277
X9.7849 Y-4.2996
G3 X9.8544 Y-4.1731 I-0.5231 J0.3698
X9.9517 Y-3.8628 I-1.6829 J0.698
X9.9912 Y-3.5765 I-1.418 J0.3414
X9.9801 Y-3.4324 I-0.7196 J0.0171
G1 X9.9769 Y-3.4205
G3 X9.9579 Y-3.4024 I-0.0242 J-0.0063
X9.8653 Y-3.3903 I-0.0989 J-0.3965
G1 X9.8407 Y-3.389
X9.8325 Y-3.3897
X9.7832 Y-3.3948
X9.771 Y-3.3961
G3 X9.7501 Y-3.4161 I0.0036 J-0.0247
G1 X9.7499 Y-3.4173 F300.
X9.6133 Y-4.3722
G3 X9.6168 Y-4.3888 I0.0247 J-0.0035
X9.6434 Y-4.4001 I0.0213 J0.0131 F50.
G1 X9.7667 Y-4.3685
X9.7914 Y-4.362
X9.7967 Y-4.3604
X9.8734 Y-4.3357
X9.9005 Y-4.3254
X9.9299 Y-4.3083
X9.9577 Y-4.2852
X9.982 Y-4.2583
X10.0033 Y-4.229
G3 X10.0666 Y-4.0992 I-0.5596 J0.3531
X10.1651 Y-3.6408 I-1.6044 J0.5847
X10.1661 Y-3.5222 I-1.0548 J0.0684
G1 X10.1647 Y-3.5155
X10.1616 Y-3.5093
X10.1569 Y-3.5043
G3 X10.0461 Y-3.4319 I-0.3316 J-0.3866
G1 X9.9969 Y-3.4128
X9.9886 Y-3.4097
X9.9804 Y-3.4072
X9.9579 Y-3.4024
G3 X9.9317 Y-3.4148 I-0.0044 J-0.0246
X9.9287 Y-3.4245 I0.0218 J-0.0122 F300.
G1 X9.8417 Y-4.3092
G3 X9.8461 Y-4.326 I0.0249 J-0.0024
X9.8734 Y-4.3357 I0.0205 J0.0143 F50.
G1 X9.9804 Y-4.3013
X9.9886 Y-4.2985
X10.0133 Y-4.2895
G3 X10.0746 Y-4.2619 I-0.4678 J1.1184
G1 X10.1006 Y-4.2453
G3 X10.1612 Y-4.1993 I-0.1622 J0.2769
G1 X10.1869 Y-4.1737
X10.2095 Y-4.1455
X10.229 Y-4.115
G3 X10.2839 Y-3.9814 I-0.5693 J0.3122
X10.3161 Y-3.8497 I-1.1622 J0.3538
G1 Y-3.8483
X10.3159 Y-3.8453
X10.3154 Y-3.8424
X10.3142 Y-3.8397 Z0.4952
X10.313 Y-3.837 Z0.4957
X10.3119 Y-3.8344 Z0.4966
X10.3097 Y-3.8321 Z0.4981
X10.3076 Y-3.83 Z0.5
X10.3058 Y-3.828 Z0.5023
X10.3035 Y-3.8269 Z0.5053
X10.3017 Y-3.8259 Z0.5086
X10.3004 Y-3.8252 Z0.5123
X10.2996 Y-3.8248 Z0.5161
X10.2993 Y-3.8247 Z0.52
G0 Z0.545
X10.1088 Y-4.2176
G1 Z0.52 F50.
X10.1091 Y-4.2175 Z0.5161
X10.11 Y-4.2173 Z0.5123
X10.1115 Y-4.217 Z0.5087
X10.1135 Y-4.2166 Z0.5053
X10.116 Y-4.2161 Z0.5023
X10.1189 Y-4.2155 Z0.4998
X10.1222 Y-4.2149 Z0.4977
X10.1258 Y-4.2142 Z0.4962
X10.1295 Y-4.2134 Z0.4953
X10.1334 Y-4.2127 Z0.495
G3 X10.1612 Y-4.1993 I-0.0122 J0.0611
G1 X10.1859 Y-4.177
G3 X10.227 Y-4.1272 I-0.731 J0.6447
X10.2764 Y-4.0421 I-0.4537 J0.3204
X10.2986 Y-3.9821 I-2.1146 J0.8176
G1 X10.3092 Y-3.9324
G3 X10.316 Y-3.8341 I-0.5437 J0.0872
G1 X10.3108 Y-3.7848
G3 X10.2847 Y-3.6857 I-0.5359 J-0.0882
G1 X10.2627 Y-3.6367
G3 X10.2189 Y-3.569 I-0.8693 J-0.514
G1 X10.2136 Y-3.5627
X10.1767 Y-3.5216
X10.1694 Y-3.5151
X10.158 Y-3.5052
X10.1569 Y-3.5043
G3 X10.1279 Y-3.5034 I-0.0151 J-0.0199
G1 X10.1261 Y-3.5047 F300.
X10.1245 Y-3.5062
G2 X9.4552 Y-3.8751 I-1.023 J1.0644
X9.4396 Y-3.8739 I-0.006 J0.0243
G1 X7.8465 Y-3.2101
G2 X7.8346 Y-3.1999 I0.0096 J0.0231
X7.6257 Y-2.4829 I1.2668 J0.7581
G1 X7.6253 Y-2.4649 F50.
G3 X7.6218 Y-2.4526 I-0.025 J-0.0004
G1 X7.6166 Y-2.4444
G2 X7.5312 Y-2.2943 I7.5199 J4.3781
G1 X7.5283 Y-2.2882
X7.5168 Y-2.2635
X7.4751 Y-2.1731
X7.4583 Y-2.141
X7.4374 Y-2.1115
X7.4124 Y-2.0853
X7.3845 Y-2.0623
G3 X7.2573 Y-1.994 I-0.3241 J-0.451
X6.9404 Y-1.9246 I-0.3861 J-1.004
X6.7665 Y-1.9236 I-0.0934 J-1.1236
G1 X6.7626 Y-1.925
X6.7588 Y-1.9268
G3 X6.6982 Y-1.9757 I0.904 J-1.1854
G1 X6.68 Y-1.9922
X6.5007 Y-2.1554
G3 X6.4955 Y-2.1839 I0.0175 J-0.0179
X6.5179 Y-2.1983 I0.0226 J0.0106 F300.
G1 X7.4518 Y-2.2077
G3 X7.4687 Y-2.2013 I0.0003 J0.025
X7.4751 Y-2.1731 I-0.0167 J0.0186 F50.
X7.4222 Y-2.0661 I-1.7592 J-0.8028
X7.3656 Y-1.992 I-0.5579 J-0.3675
G1 X7.3572 Y-1.9839
G3 X7.2189 Y-1.8862 I-0.3232 J-0.3108
G1 X7.1942 Y-1.8747
X7.186 Y-1.8718
X7.1367 Y-1.857
G3 X7.0463 Y-1.8432 I-0.147 J-0.6592
G1 X7.0381
X6.9887 Y-1.8448
X6.9641 Y-1.8474
X6.9559 Y-1.8486
X6.9066 Y-1.8583
G3 X6.8078 Y-1.8974 I0.1464 J-0.5131
G1 X6.7863 Y-1.9099
X6.7588 Y-1.9268
G3 X6.7482 Y-1.9427 I0.0139 J-0.0208
G1 X6.7459 Y-1.9538
G2 X6.6812 Y-2.1394 I-0.7782 J0.1671 F300.
X6.6749 Y-2.1475 I-0.0224 J0.0111
G1 X6.1981 Y-2.5464
G2 X6.189 Y-2.5513 I-0.016 J0.0192
X5.9996 Y-2.582 I-0.2213 J0.7645
G1 X5.9836 Y-2.5825 F50.
G3 X5.9696 Y-2.5871 I0.0005 J-0.025
G1 X5.9087 Y-2.6335
X5.9039 Y-2.637
X5.7082 Y-2.7733
X5.6796 Y-2.7955
X5.6544 Y-2.8214
X5.6332 Y-2.8508
X5.6155 Y-2.8823
G3 X5.5702 Y-3.0194 I0.5172 J-0.247
X5.5532 Y-3.3434 I1.0975 J-0.2202
X6.0639 Y-4.2803 I1.3138 J0.1086
G1 X6.0689 Y-4.2833
X6.0745 Y-4.285
X6.0803 Y-4.2854
G2 X6.1997 Y-4.2802 I0.1998 J-3.2494
G1 X6.4105 Y-4.2796
G3 X6.4334 Y-4.262 I-0.0009 J0.025
X6.4322 Y-4.244 I-0.0239 J0.0073 F300.
G1 X5.7444 Y-2.7837
G3 X5.7372 Y-2.7746 I-0.0226 J-0.0107
X5.7082 Y-2.7733 I-0.0154 J-0.0197 F50.
G1 X5.6244 Y-2.8317
X5.608 Y-2.8422
X5.5093 Y-2.9048
X5.4798 Y-2.9256
X5.4553 Y-2.9499
X5.4341 Y-2.9793
X5.4173 Y-3.0113
X5.4041 Y-3.045
G3 X5.3772 Y-3.1869 I0.571 J-0.1818
X5.4048 Y-3.5464 I1.252 J-0.0847
X5.8081 Y-4.2904 I1.4581 J0.3091
G1 X5.8138 Y-4.2947
X5.8205 Y-4.2973
X5.8276 Y-4.2978
X5.8381 Y-4.297
X5.8463 Y-4.2966
X6.0803 Y-4.2854
G3 X6.1024 Y-4.2667 I-0.0021 J0.0249
X6.1013 Y-4.2509 I-0.0242 J0.0062 F300.
G1 X5.5451 Y-2.9167
G3 X5.5382 Y-2.9073 I-0.0231 J-0.0096
X5.5093 Y-2.9048 I-0.0162 J-0.019 F50.
G1 X5.3368 Y-3.0142
X5.3272 Y-3.02
X5.2999 Y-3.0378
X5.2774 Y-3.0587
X5.2553 Y-3.0873
X5.2381 Y-3.1191
X5.2252 Y-3.1529
X5.2158 Y-3.1879
G3 X5.2026 Y-3.3317 I0.6315 J-0.1305
X5.2481 Y-3.6533 I1.3413 J0.0256
X5.5854 Y-4.3091 I1.6086 J0.4127
G1 X5.5914 Y-4.3144
X5.5988 Y-4.3175
X5.6068 Y-4.318
X5.8134 Y-4.2988
X5.8276 Y-4.2978
G3 X5.8494 Y-4.2786 I-0.0026 J0.0249
X5.8483 Y-4.2637 I-0.0243 J0.0057 F300.
G1 X5.3623 Y-3.0328
G3 X5.3559 Y-3.0236 I-0.0233 J-0.0092
X5.3272 Y-3.02 I-0.0169 J-0.0184 F50.
G1 X5.3203 Y-3.024
X5.1477 Y-3.1233
X5.1263 Y-3.1371
X5.1049 Y-3.1566
X5.0833 Y-3.1841
X5.0659 Y-3.2158
X5.0531 Y-3.2497
X5.0441 Y-3.2847
G3 X5.0347 Y-3.4288 I0.5909 J-0.1111
X5.0808 Y-3.714 I1.3158 J0.0665
X5.3766 Y-4.3306 I1.7599 J0.4649
X5.3999 Y-4.3404 I0.0197 J0.0142
G1 X5.46 Y-4.3321
X5.4683 Y-4.3311
X5.4765 Y-4.3302
X5.6068 Y-4.318
G3 X5.6281 Y-4.2984 I-0.0032 J0.0248
X5.627 Y-4.2842 I-0.0245 J0.0051 F300.
G1 X5.1827 Y-3.1364
G3 X5.1765 Y-3.1271 I-0.0233 J-0.009
X5.1477 Y-3.1233 I-0.017 J-0.0183 F50.
G1 X5.0327 Y-3.1895
X4.9998 Y-3.2066
X4.9833 Y-3.2152
X4.9619 Y-3.2277
X4.9411 Y-3.245
X4.9199 Y-3.2698
X4.9012 Y-3.3008
X4.8875 Y-3.3342
X4.8779 Y-3.3691
X4.8719 Y-3.4048
G3 X4.8714 Y-3.5493 I0.6585 J-0.0744
X4.9409 Y-3.8667 I1.4771 J0.1568
X5.1783 Y-4.3572 I1.8857 J0.6101
X5.2023 Y-4.3679 I0.0206 J0.0139
G1 X5.3999 Y-4.3405
G3 X5.4203 Y-4.3198 I-0.0043 J0.0246
X5.4191 Y-4.3071 I-0.0247 J0.004 F300.
G1 X5.0175 Y-3.229
G3 X5.0119 Y-3.2202 I-0.0234 J-0.0087
X4.9833 Y-3.2152 I-0.0178 J-0.0175 F50.
G1 X4.8206 Y-3.2996
X4.7952 Y-3.3144
X4.7747 Y-3.3316
X4.7537 Y-3.3561
X4.735 Y-3.387
X4.7213 Y-3.4206
X4.712 Y-3.4555
X4.7063 Y-3.4912
G3 X4.7077 Y-3.6357 I0.6403 J-0.0658
X4.7821 Y-3.952 I1.4907 J0.1835
X4.9867 Y-4.3877 I2.0075 J0.6769
X5.0124 Y-4.3989 I0.0212 J0.0137
G2 X5.2023 Y-4.3679 I0.4901 J-2.4069
G3 X5.2227 Y-4.3473 I-0.0043 J0.0246
X5.2215 Y-4.3348 I-0.0247 J0.004 F300.
G1 X4.8549 Y-3.3137
G3 X4.8492 Y-3.3046 I-0.0235 J-0.0084
X4.8206 Y-3.2996 I-0.0178 J-0.0175 F50.
G1 X4.7368 Y-3.3431
X4.7254 Y-3.3489
X4.7203 Y-3.3515
X4.655 Y-3.3818
X4.6357 Y-3.392
X4.615 Y-3.4079
X4.5943 Y-3.4299
X4.5743 Y-3.4601
X4.5595 Y-3.4931
X4.5493 Y-3.5278
X4.5428 Y-3.5634
G3 X4.5433 Y-3.7078 I0.6008 J-0.0701
X4.6075 Y-3.9895 I1.3943 J0.1695
X4.8002 Y-4.4223 I2.1166 J0.6833
X4.8259 Y-4.4334 I0.0211 J0.0138
G1 X5.0124 Y-4.3989
G3 X5.0318 Y-4.3774 I-0.0054 J0.0244
X5.0306 Y-4.3661 I-0.0248 J0.0029 F300.
G1 X4.6884 Y-3.3965
X4.6871 Y-3.3935
X4.6854 Y-3.3907
X4.6833 Y-3.3881
G3 X4.655 Y-3.3818 I-0.0186 J-0.0168 F50.
G1 X4.4959 Y-3.4558
X4.4716 Y-3.4687
X4.4509 Y-3.4844
X4.4301 Y-3.5067
X4.4101 Y-3.5367
X4.3954 Y-3.5698
X4.3852 Y-3.6045
X4.3788 Y-3.6401
G3 X4.3797 Y-3.7845 I0.5907 J-0.0682
X4.4457 Y-4.0658 I1.3888 J0.1772
X4.6174 Y-4.4601 I2.174 J0.7123
X4.645 Y-4.4721 I0.0221 J0.0129
G1 X4.745 Y-4.449
X4.7532 Y-4.4472
X4.7758 Y-4.4426
X4.8259 Y-4.4333
G3 X4.8453 Y-4.4118 I-0.0054 J0.0244
X4.8442 Y-4.4009 I-0.0248 J0.0029 F300.
G1 X4.5293 Y-3.4709
G3 X4.5242 Y-3.4621 I-0.0237 J-0.008
X4.4959 Y-3.4558 I-0.0186 J-0.0168 F50.
G2 X4.3341 Y-3.5272 I-1.0218 J2.0972
G1 X4.3133 Y-3.537
X4.2924 Y-3.5516
X4.2718 Y-3.5718
X4.2512 Y-3.6001
X4.235 Y-3.6324
X4.2236 Y-3.6668
X4.2162 Y-3.7022
G3 X4.2147 Y-3.8465 I0.5592 J-0.078
X4.2684 Y-4.0936 I1.2791 J0.1487
X4.4339 Y-4.4943 I2.2159 J0.681
G1 X4.4392 Y-4.5025
G3 X4.466 Y-4.5136 I0.0212 J0.0133
G1 X4.645 Y-4.4721
G3 X4.6635 Y-4.4498 I-0.0065 J0.0241
G1 Y-4.4465 F300.
X4.6631 Y-4.4433
X4.6623 Y-4.4402
X4.3665 Y-3.5428
X4.3654 Y-3.5399
X4.3639 Y-3.5372
X4.3621 Y-3.5347
G3 X4.3341 Y-3.5272 I-0.0193 J-0.0159 F50.
G1 X4.1697 Y-3.5952
X4.1497 Y-3.6046
X4.1288 Y-3.6192
X4.1077 Y-3.6398
X4.0872 Y-3.6681
X4.071 Y-3.7005
X4.0595 Y-3.7348
X4.052 Y-3.7702
X4.0478 Y-3.8061
G3 X4.0546 Y-3.9504 I0.6733 J-0.0408
X4.1263 Y-4.2304 I1.5005 J0.235
X4.2524 Y-4.5303 I2.1856 J0.7428
G1 X4.2634 Y-4.5484
G3 X4.2916 Y-4.5596 I0.0214 J0.0128
G1 X4.3916 Y-4.5317
G2 X4.466 Y-4.5136 I0.4184 J-1.5625
G3 X4.4845 Y-4.4913 I-0.0065 J0.0241
G1 Y-4.4881 F300.
X4.4841 Y-4.4849
X4.4833 Y-4.4818
X4.2022 Y-3.6109
X4.201 Y-3.608
X4.1995 Y-3.6052
X4.1977 Y-3.6027
G3 X4.1697 Y-3.5952 I-0.0193 J-0.0159 F50.
G2 X4.0135 Y-3.656 I-0.905 J2.0949
G1 X3.9913 Y-3.6653
X3.9701 Y-3.6788
X3.9491 Y-3.6976
X3.9279 Y-3.7243
X3.9103 Y-3.7559
X3.8976 Y-3.7898
X3.8891 Y-3.8249
X3.884 Y-3.8608
G3 X3.8881 Y-4.0051 I0.6328 J-0.0541
X3.9574 Y-4.2857 I1.4586 J0.2111
X4.0657 Y-4.5539 I2.1855 J0.7271
G1 X4.0826 Y-4.5859
X4.0901 Y-4.5976
G3 X4.1179 Y-4.6083 I0.0211 J0.0134
G1 X4.2916 Y-4.5596
G3 X4.309 Y-4.5365 I-0.0076 J0.0238
G1 Y-4.5338 F300.
X4.3086 Y-4.5311
X4.3079 Y-4.5285
X4.0451 Y-3.6724
X4.0441 Y-3.6697
X4.0428 Y-3.6671
X4.0412 Y-3.6647
G3 X4.0135 Y-3.656 I-0.0199 J-0.0151 F50.
G1 X3.8491 Y-3.7157
X3.8272 Y-3.725
X3.8059 Y-3.7385
X3.7845 Y-3.7577
X3.7632 Y-3.7845
X3.7456 Y-3.8162
X3.7328 Y-3.85
X3.7241 Y-3.8851
X3.7188 Y-3.9209
G3 X3.7222 Y-4.0653 I0.6384 J-0.0571
X3.7903 Y-4.3462 I1.4496 J0.2025
X3.8981 Y-4.6145 I2.0313 J0.6601
G1 X3.9159 Y-4.646
X3.9199 Y-4.6518
G3 X3.9483 Y-4.6613 I0.0205 J0.0143
G1 X4.0382 Y-4.6317
X4.0637 Y-4.6235
X4.071 Y-4.6214
X4.1179 Y-4.6083
G3 X4.1353 Y-4.5851 I-0.0076 J0.0238
G1 X4.1352 Y-4.5824 F300.
X4.1349 Y-4.5798
X4.1343 Y-4.5773
X3.8808 Y-3.7323
X3.8798 Y-3.7296
X3.8784 Y-3.7269
X3.8768 Y-3.7244
G3 X3.8491 Y-3.7157 I-0.0199 J-0.0151 F50.
G2 X3.693 Y-3.7691 I-0.8283 J2.1692
G1 X3.6681 Y-3.7783
X3.6466 Y-3.7907
X3.6252 Y-3.8083
X3.6032 Y-3.8336
X3.5843 Y-3.8645
X3.5702 Y-3.8978
X3.5604 Y-3.9327
X3.5542 Y-3.9683
G3 X3.5546 Y-4.1127 I0.6036 J-0.0705
X3.6191 Y-4.3943 I1.3982 J0.1722
X3.7249 Y-4.6635 I1.9676 J0.6178
G1 X3.7424 Y-4.6952
X3.7505 Y-4.7072
G3 X3.779 Y-4.717 I0.0208 J0.0139
G1 X3.9483 Y-4.6613
G3 X3.9646 Y-4.6374 I-0.0086 J0.0235
G1 X3.9644 Y-4.6342 F300.
X3.9637 Y-4.631
X3.7237 Y-3.7864
X3.7228 Y-3.7838
X3.7217 Y-3.7813
X3.7202 Y-3.779
G3 X3.693 Y-3.7691 I-0.0206 J-0.0142 F50.
G1 X3.5204 Y-3.8235
X3.5033 Y-3.8299
X3.4815 Y-3.8424
X3.4597 Y-3.8604
X3.4374 Y-3.8859
X3.4186 Y-3.9168
X3.4044 Y-3.95
X3.3944 Y-3.9848
X3.3879 Y-4.0204
G3 X3.3871 Y-4.1648 I0.6112 J-0.0755
X3.4389 Y-4.4124 I1.3277 J0.1484
X3.5539 Y-4.7166 I1.9707 J0.5714
G1 X3.5714 Y-4.7483
G3 X3.5943 Y-4.7606 I0.0216 J0.0128
X3.6602 Y-4.7523 I-0.0471 J0.6362
X3.779 Y-4.717 I-0.3706 J1.4662
G1 X3.7826 Y-4.7154
X3.7858 Y-4.7133
X3.7886 Y-4.7106
X3.791 Y-4.7076
X3.793 Y-4.7043
X3.7944 Y-4.7007
X3.7952 Y-4.6969
X3.7954 Y-4.693
X3.7951 Y-4.6898 F300.
X3.7944 Y-4.6866
X3.5511 Y-3.8407
X3.5502 Y-3.8382
X3.549 Y-3.8357
X3.5476 Y-3.8334
G3 X3.5204 Y-3.8235 I-0.0206 J-0.0142 F50.
X3.3642 Y-3.8782 I0.4279 J-1.4732
G1 X3.356 Y-3.8826
X3.3313 Y-3.8968
X3.3073 Y-3.9124
X3.2852 Y-3.9325
X3.2637 Y-3.96
X3.2464 Y-3.9918
X3.2338 Y-4.0257
X3.2252 Y-4.0608
X3.2198 Y-4.0966
G3 X3.2223 Y-4.241 I0.6532 J-0.0609
X3.2871 Y-4.5227 I1.4577 J0.1872
X3.354 Y-4.705 I1.8848 J0.5875
G1 X3.3573 Y-4.7106
X3.362 Y-4.7152
X3.3677 Y-4.7184
X3.4218 Y-4.7399
G3 X3.5121 Y-4.7592 I0.1974 J0.7052
G1 X3.5615 Y-4.762
X3.5697 Y-4.7619
X3.5943 Y-4.7606
G3 X3.6164 Y-4.7418 I-0.0022 J0.0249
X3.616 Y-4.7284 I-0.0242 J0.0061 F300.
G1 X3.367 Y-3.9116
G3 X3.3601 Y-3.9006 I-0.0239 J-0.0073
X3.3313 Y-3.8968 I-0.017 J-0.0183 F50.
G1 X3.3067 Y-3.911
X3.2993 Y-3.9163
X3.282 Y-3.9296
X3.2479 Y-3.9574
X3.2409 Y-3.9644
X3.2327 Y-3.9729
X3.2318 Y-3.9739
X3.1952 Y-4.015
G3 X3.158 Y-4.0726 I0.9892 J-0.6802
X3.1201 Y-4.163 I0.5372 J-0.2784
G1 X3.1077 Y-4.2124
X3.1059 Y-4.2206
G3 X3.1003 Y-4.311 I0.694 J-0.0881
G1 X3.1041 Y-4.3604
G3 X3.1292 Y-4.4591 I0.5571 J0.0891
G1 X3.1464 Y-4.5002
X3.1498 Y-4.5084
G3 X3.1907 Y-4.5742 I1.9481 J1.1651
G1 X3.2119 Y-4.5988
X3.2331 Y-4.6235
G3 X3.3067 Y-4.6838 I0.436 J0.4569
G1 X3.3478 Y-4.7084
G3 X3.3677 Y-4.7184 I0.0764 J0.1263
G1 X3.3714 Y-4.7194
X3.3753 Y-4.7199
X3.3791 Y-4.7197
X3.3829 Y-4.7189
X3.3866 Y-4.7176
X3.3899 Y-4.7157
X3.393 Y-4.7134
X3.3956 Y-4.7106
X3.3981 Y-4.7075 Z0.4953
X3.4005 Y-4.7045 Z0.4962
X3.4028 Y-4.7017 Z0.4977
X3.4049 Y-4.6991 Z0.4998
X3.4067 Y-4.6968 Z0.5023
X3.4083 Y-4.6948 Z0.5053
X3.4096 Y-4.6932 Z0.5087
X3.4106 Y-4.692 Z0.5123
X3.4111 Y-4.6913 Z0.5161
X3.4113 Y-4.6911 Z0.52
G0 Z1.1
(2D ADAPTIVE2)
G0 X10.6196 Y0.2634
Z1.1
Z0.2444
G1 Z0.1407 F50.
G3 X10.6 Y0.1273 I0.6183 J-0.1584
G1 Y0.1213 F90.
X10.6217 Y0.0924
X10.6381 Y0.0601
X10.6499 Y0.0259
X10.6583 Y-0.0093
G2 X10.6719 Y-0.1532 I-0.9306 J-0.1607
X10.6748 Y-0.4427 I-8.4389 J-0.2283
G1 X10.675 Y-0.6236
Y-1.8538
Y-3.8438
Y-4.9292
X10.6634 Y-4.9635
X10.6421 Y-4.9927
X10.6145 Y-5.0161
X10.583 Y-5.0339
X10.5492 Y-5.0469
X10.5142 Y-5.0562
G2 X10.3705 Y-5.0715 I-0.1613 J0.8329
X10.0811 Y-5.0747 I-0.2285 J7.4597
G1 X9.9364 Y-5.075
X9.8278
X7.8378
X5.8478
X3.8578
X1.8678
X0.0949
X0.0858 Y-5.0744
X0.068 Y-5.0714
X0.034 Y-5.059
X0.0053 Y-5.037
X-0.0176 Y-5.009
X-0.035 Y-4.9773
X-0.0478 Y-4.9434
X-0.0568 Y-4.9084
G2 X-0.0716 Y-4.7646 I0.8581 J0.1611
X-0.0747 Y-4.4752 I7.7116 J0.2284
G1 X-0.075 Y-4.3304
Y-2.9555
Y-0.9655
Y-0.7554
X-0.0751 Y-0.7512
X-0.0754 Y-0.7471
X-0.0758 Y-0.743
X-0.0812 Y-0.7034
X-0.0838 Y-0.6788
G2 X-0.0814 Y-0.5705 I3.5562 J-0.0253
G3 X-0.076 Y-0.4259 I-1.6895 J0.135
X-0.075 Y-0.0913 I-26.2804 J0.2452
G1 X-0.0741 Y-0.0823
X-0.067 Y-0.0468
X-0.0483 Y-0.0158
X-0.0223 Y0.0094
X0.0082 Y0.0289
X0.0413 Y0.0433
X0.076 Y0.0536
G2 X0.2195 Y0.071 I0.162 J-0.7389
X0.5239 Y0.0748 I0.2422 J-7.1348
G1 X0.5272 Y0.0751
X0.5304 Y0.0754
X0.5966 Y0.0826
X0.6213 Y0.0847
G2 X0.72 Y0.0799 I-0.0994 J-3.0497
G1 X0.7562 Y0.0796
G3 X1.0094 Y0.0754 I0.2084 J4.8728
G1 X1.0817 Y0.0751
X1.2626 Y0.075
X2.7099
X4.6999
X5.6907
X5.6929
X5.6952 Y0.0751
X5.6974 Y0.0752
G2 X5.9331 Y0.0844 I0.5508 J-11.1061
G1 X5.9496 Y0.0846
X5.9578 Y0.0847
X6.1716 Y0.0798
X6.1798 Y0.0794
X6.188 Y0.079
X6.2242 Y0.0791
G3 X6.5136 Y0.0753 I0.2292 J6.4649
G1 X6.6584 Y0.075
X8.178
X10.168
X10.4575
X10.4923 Y0.0652
X10.5231 Y0.0463
X10.5489 Y0.0209
X10.5695 Y-0.0089
X10.5853 Y-0.0414
X10.5972 Y-0.0756
G2 X10.6189 Y-0.2184 I-0.6492 J-0.1718
X10.6244 Y-0.4716 I-4.0469 J-0.2153
G1 X10.6249 Y-0.5439
X10.625 Y-0.6525
Y-1.0867
Y-1.557
Y-3.547
Y-4.8134
X10.6235 Y-4.8496
X10.6129 Y-4.8842
X10.5943 Y-4.9152
X10.5696 Y-4.9416
X10.5405 Y-4.9631
X10.5085 Y-4.98
X10.4747 Y-4.9929
X10.4398 Y-5.0024
G2 X10.2963 Y-5.02 I-0.1734 J0.8231
X10.0069 Y-5.0246 I-0.2355 J5.7112
G1 X9.8984 Y-5.0249
X9.6089 Y-5.025
X8.0169
X6.0269
X4.0369
X2.0469
X0.1655
X0.13 Y-5.0178
X0.0974 Y-5.0022
X0.069 Y-4.9798
X0.0454 Y-4.9523
X0.0267 Y-4.9214
X0.0122 Y-4.8882
X0.0013 Y-4.8537
G2 X-0.019 Y-4.7106 I0.7196 J0.1752
X-0.0244 Y-4.4574 I4.2258 J0.2174
G1 X-0.0248 Y-4.3851
X-0.025 Y-4.2765
Y-3.8785
Y-3.0102
Y-1.0202
Y-0.9467
X-0.0258 Y-0.9349
X-0.028 Y-0.9234
X-0.0318 Y-0.9121
X-0.0331 Y-0.909
X-0.0392 Y-0.8926
X-0.0642 Y-0.8103
X-0.0665 Y-0.8021
X-0.0699 Y-0.7857
X-0.0711 Y-0.7774
X-0.0758 Y-0.743
X-0.0768 Y-0.7392
G2 X-0.0837 Y-0.7154 I0.2691 J0.0914
G1 X-0.0842 Y-0.7133
X-0.0845 Y-0.7102 F300.
X-0.0878 Y-0.6025
Y-0.6016
Y-0.6007
X-0.0874 Y-0.5972 F50.
G2 X-0.0819 Y-0.5731 I0.2797 J-0.0505
G1 X-0.0814 Y-0.5705
X-0.0805 Y-0.5637 F90.
X-0.0781 Y-0.5472
X-0.0776 Y-0.5442
X-0.0629 Y-0.465
X-0.0607 Y-0.4568
X-0.0563 Y-0.4403
X-0.0535 Y-0.4321
G3 X-0.0347 Y-0.3449 I-0.4118 J0.1343
X-0.0262 Y-0.1643 I-1.6665 J0.1691
G1 X-0.0187 Y-0.1289
X-0.0028 Y-0.0964
X0.0198 Y-0.0681
X0.0475 Y-0.0448
X0.0785 Y-0.0261
X0.1117 Y-0.0118
X0.1462 Y-0.001
G2 X0.2893 Y0.0191 I0.1746 J-0.7235
G1 X0.3254 Y0.0211
G3 X0.3658 Y0.0294 I0.001 J0.0967
G2 X0.4157 Y0.0482 I0.1188 J-0.2411
G1 X0.4897 Y0.0685
G2 X0.5304 Y0.0755 I0.0674 J-0.2694
G1 X0.5342 Y0.0763
G2 X0.5603 Y0.0832 I0.0985 J-0.3189
G1 X0.5624 Y0.0837 F300.
X0.5647 Y0.0841
X0.5671 Y0.0842
X0.6829 Y0.087
X0.6852 Y0.0869
X0.6876 Y0.0866
X0.6897 Y0.0863
G2 X0.716 Y0.0806 I-0.057 J-0.3288 F50.
G1 X0.718 Y0.0802
X0.72 Y0.0799
X0.7282 Y0.0794 F90.
G2 X0.868 Y0.0492 I-0.2334 J-1.4178
G3 X1.0003 Y0.0298 I0.1622 J0.6439
X1.2535 Y0.0254 I0.2089 J4.7911
G1 X1.3259 Y0.0251
X1.5068 Y0.025
X2.8456
X4.8356
X5.279
X5.2838 Y0.0251
X5.2886 Y0.0255
X5.2934 Y0.0261
X5.4398 Y0.0494
X5.4664 Y0.053
X5.4973 Y0.056
X5.6782 Y0.0737
X5.6865 Y0.0744
X5.6974 Y0.0752
G3 X5.7191 Y0.0945 I-0.0027 J0.0249
X5.7029 Y0.1237 I-0.0244 J0.0056 F300.
G1 X5.5713 Y0.1875
X5.522 Y0.1909
X0.8844 Y0.1709
G3 X0.8351 Y0.1435 I0.0023 J-0.0623
G1 X0.835 Y0.1434
G3 X0.8419 Y0.0652 I0.0517 J-0.0348
X0.868 Y0.0492 I0.0447 J0.0434 F50.
G1 X1.0489 Y-0.0009 F90.
G3 X1.1804 Y-0.0201 I0.1619 J0.6507
X1.4336 Y-0.0246 I0.2105 J4.707
G1 X1.506 Y-0.0249
X1.6507 Y-0.025
X3.0256
X5.0156
G3 X5.0497 Y-0.0229 I0.0084 J0.1422
G1 X5.1931 Y0.0088
X5.2013 Y0.0106
X5.2178 Y0.0139
X5.226 Y0.0154
X5.2934 Y0.0261
G3 X5.3133 Y0.0471 I-0.0048 J0.0245
X5.3 Y0.0729 I-0.0247 J0.0035 F300.
G1 X5.1684 Y0.1271
X5.078 Y0.1295
X1.0653 Y0.1208
G3 X1.0228 Y0.0152 I0.0023 J-0.0623
X1.0489 Y-0.0009 I0.0447 J0.0434 F50.
G1 X1.164 Y-0.0328 F90.
X1.1887 Y-0.0394
X1.1969 Y-0.0413
X1.2518 Y-0.0539
G3 X1.425 Y-0.0722 I0.1868 J0.9384
X1.7868 Y-0.075 I0.279 J12.8668
G1 X2.3296
X3.2341
X4.809
X4.8159 Y-0.0747
X4.8227 Y-0.074
X4.8294 Y-0.0727
X4.9793 Y-0.0384
X5.0497 Y-0.0228
G3 X5.0684 Y-0.0007 I-0.0062 J0.0242
X5.0451 Y0.0263 I-0.0249 J0.002 F300.
G1 X1.2709 Y0.0686
G3 X1.2133 Y0.0366 I-0.0031 J-0.0622
X1.225 Y-0.039 I0.0545 J-0.0302
X1.2518 Y-0.0539 I0.0428 J0.0453 F50.
G1 X1.4765 Y-0.1053 F90.
G3 X1.6531 Y-0.1225 I0.18 J0.9331
X2.0511 Y-0.125 I0.2959 J15.6599
G1 X3.4622
X4.5831
X4.5886 Y-0.1248
X4.594 Y-0.1243
X4.5995 Y-0.1235
X4.6207 Y-0.1197
X4.6422 Y-0.1154
X4.6504 Y-0.1137
X4.8294 Y-0.0727
G3 X4.848 Y-0.0504 I-0.0064 J0.0242
X4.8231 Y-0.0235 I-0.0249 J0.0019 F300.
G1 X1.4929 Y0.0172
G3 X1.4497 Y-0.0904 I-0.0004 J-0.0623
X1.47 Y-0.1032 I0.0428 J0.0453 F50.
G1 X1.4765 Y-0.1053
G3 X1.5587 Y-0.1226 I0.2897 J1.1775 F90.
G1 X1.756 Y-0.1585
G3 X1.9724 Y-0.1736 I0.2052 J1.3852
X2.3704 Y-0.175 I0.2863 J24.1727
G1 X3.7453
X4.3082
X4.3137 Y-0.1748
X4.3192 Y-0.1743
X4.3246 Y-0.1735
X4.5995 Y-0.1235
G3 X4.619 Y-0.1021 I-0.0053 J0.0244
X4.6011 Y-0.0751 I-0.0248 J0.003 F300.
G1 X4.4879 Y-0.0292
G3 X4.4448 Y-0.0205 I-0.0405 J-0.0897
G1 X1.7725 Y-0.0354
G3 X1.7149 Y-0.1279 I-0.0032 J-0.0622
G1 Y-0.128
G3 X1.7287 Y-0.1448 I0.0544 J0.0304
X1.756 Y-0.1585 I0.0407 J0.0472 F50.
G1 X1.8465 Y-0.1749 F90.
X1.8712 Y-0.1791
X1.8794 Y-0.1804
X2.1178 Y-0.2128
G3 X2.3707 Y-0.2242 I0.2278 J2.2461
X2.6602 Y-0.225 I0.212 J23.698
G1 X3.9488
X3.9522 Y-0.2249
X3.9555 Y-0.2248
X3.9589 Y-0.2244
X3.9679 Y-0.2233
X4.2886 Y-0.1798
X4.2968 Y-0.1784
X4.3246 Y-0.1735
G3 X4.3441 Y-0.1521 I-0.0053 J0.0244
X4.3297 Y-0.1264 I-0.0248 J0.003 F300.
G1 X4.2146 Y-0.0736
X4.2106 Y-0.0719
X4.2064 Y-0.0703
X4.1735 Y-0.0649
X2.1261 Y-0.0891
G3 X2.0899 Y-0.2004 I0.0023 J-0.0623
X2.1096 Y-0.2108 I0.0385 J0.049 F50.
G1 X2.1178 Y-0.2128
X2.2001 Y-0.224 F90.
X2.2083 Y-0.225
X2.2329 Y-0.2275
X2.5372 Y-0.2549
X2.5619 Y-0.2571
X2.8908 Y-0.2719
X2.9154 Y-0.2725
X2.9237 Y-0.2726
X3.2443 Y-0.2727
X3.2526 Y-0.2725
X3.2772 Y-0.2717
X3.5815 Y-0.258
X3.5979 Y-0.2572
X3.6061 Y-0.2567
X3.935 Y-0.2271
X3.9589 Y-0.2244
X3.9719 Y-0.2183
X3.9791 Y-0.2035
X4.0117 Y-0.1361 F300.
G2 X4.0336 Y-0.1032 I0.0912 J-0.037
G1 X4.0337 Y-0.1031
G2 X4.083 Y-0.0767 I0.0692 J-0.07
G1 X5.2178 Y0.1455
X5.4809 Y0.1853
X5.7029 Y0.2058
X5.9496 Y0.215
G2 X6.0154 Y0.1937 I0.0045 J-0.0983
G1 X6.1593 Y0.0896
X6.1644 Y0.0859 F50.
X6.188 Y0.079
X6.1963 Y0.0786 F90.
X6.2045 Y0.0781
X6.4183 Y0.0603
X6.4347 Y0.0585
X6.4429 Y0.0576
X6.4512 Y0.0565
X6.5827 Y0.0376
G3 X6.8356 Y0.0259 I0.224 J2.1084
X7.125 Y0.025 I0.2098 J21.6748
G1 X8.5723
X10.3452
X10.3814 Y0.0244
X10.4166 Y0.0159
X10.4489 Y-0.0004
X10.4771 Y-0.0231
X10.5006 Y-0.0506
X10.5196 Y-0.0813
X10.5345 Y-0.1143
X10.5459 Y-0.1487
G2 X10.5679 Y-0.2915 I-0.6944 J-0.1802
X10.5743 Y-0.5446 I-3.761 J-0.2219
G1 X10.5747 Y-0.5808
X10.5749 Y-0.6532
X10.575 Y-0.7617
Y-1.1597
Y-2.0643
Y-3.8073
Y-3.8103
X10.5752 Y-3.8133
X10.5754 Y-3.8164
G2 X10.5762 Y-3.8608 I-0.2581 J-0.0263
G1 X10.5754 Y-3.9814
X10.575 Y-4.102
Y-4.2226
Y-4.7291
X10.5747 Y-4.7653
X10.5682 Y-4.8009
X10.5542 Y-4.8343
X10.5337 Y-4.8641
X10.5079 Y-4.8895
X10.4784 Y-4.9104
X10.4463 Y-4.9271
X10.4125 Y-4.94
G2 X10.2704 Y-4.966 I-0.1847 J0.6076
X10.0174 Y-4.9741 I-0.2248 J3.0737
G1 X9.8726 Y-4.9749
X9.7279 Y-4.9751
X9.5832 Y-4.9749
X7.5932 Y-4.975
X5.6032
X3.8414
X3.8317 Y-4.9755
X3.8222 Y-4.977
X3.8128 Y-4.9796
X3.8035 Y-4.9826
X3.7953 Y-4.985
X3.787 Y-4.9872
X3.7048 Y-5.0091
X3.6966 Y-5.0107
X3.6884 Y-5.0121
X3.6801 Y-5.0133
X3.6061 Y-5.0208
G2 X3.5486 Y-5.0217 I-0.033 J0.2689
G1 X3.491 Y-5.0182
G2 X3.4424 Y-5.0118 I0.0077 J0.2463
G1 X3.3677 Y-4.9952
X3.3652 Y-4.9946
G3 X3.2455 Y-4.9793 I-0.1429 J-0.642
X2.9561 Y-4.9753 I-0.228 J-6.1065
G1 X2.8114 Y-4.975
X1.3641
X0.2424
X0.2066 Y-4.9699
X0.1727 Y-4.9574
X0.1421 Y-4.9381
X0.1157 Y-4.9133
X0.0939 Y-4.8844
X0.0764 Y-4.8528
X0.0627 Y-4.8193
X0.0522 Y-4.7847
G2 X0.0318 Y-4.6416 I0.7656 J0.1822
X0.0256 Y-4.3523 I4.5554 J0.2423
G1 X0.0251 Y-4.2799
Y-4.2075
X0.025 Y-3.9543
Y-2.2175
Y-1.0496
X0.0236 Y-1.0339
X0.0196 Y-1.0186
X0.013 Y-1.0043
G2 X-0.0318 Y-0.9121 I4.0515 J2.027
G3 X-0.0457 Y-0.899 I-0.0228 J-0.0102
G1 X-0.0561 Y-0.8948
G2 X-0.1624 Y-0.8067 I0.0984 J0.2269 F300.
X-0.1667 Y-0.7938 I0.0207 J0.014
G1 X-0.177 Y-0.5608
G2 X-0.1739 Y-0.5476 I0.025 J0.0011
X-0.0768 Y-0.4511 I0.2162 J-0.1203
G1 X-0.0658 Y-0.4453 F50.
G3 X-0.0535 Y-0.4321 I-0.0109 J0.0225
G1 X-0.0283 Y-0.3618 F90.
X-0.0269 Y-0.3581
X-0.0164 Y-0.3334
X-0.0151 Y-0.331
G3 X0.0049 Y-0.2729 I-0.2236 J0.1096
G1 X0.0123 Y-0.2375
X0.0206 Y-0.2023
X0.0353 Y-0.1692
X0.0559 Y-0.1395
X0.0815 Y-0.1138
X0.1107 Y-0.0926
X0.1426 Y-0.0755
X0.1762 Y-0.0621
X0.2109 Y-0.0519
X0.2202 Y-0.0486
X0.2291 Y-0.0445
X0.2376 Y-0.0395
X0.2777 Y-0.0128
X0.2842 Y-0.0092
X0.3006 Y-0.0004
X0.3091 Y0.0037
X0.3657 Y0.0295
X0.3746 Y0.0367
X0.3796 Y0.053
X0.3786 Y0.0552
X0.3724 Y0.0694 F300.
X0.3582 Y0.0766
X0.2102 Y0.0856
X0.1526 Y0.0682
X0.0786 Y0.0359
X0.0226 Y0.0037
X-0.0283 Y-0.0387
X-0.0713 Y-0.095
X-0.0859 Y-0.1279
X-0.1292 Y-0.2841
G3 X-0.0366 Y-0.3527 I0.0604 J-0.0153
X-0.0151 Y-0.331 I-0.0322 J0.0533 F50.
G1 X-0.0118 Y-0.325 F90.
X0.0243 Y-0.2594
X0.029 Y-0.2512
X0.0393 Y-0.2348
G2 X0.1041 Y-0.1525 I1.7761 J-1.3327
G1 X0.1116 Y-0.1443
G2 X0.1937 Y-0.0692 I1.3626 J-1.4061
G1 X0.202 Y-0.0632
X0.2376 Y-0.0395
G3 X0.247 Y-0.0121 I-0.0146 J0.0203
G1 X0.2459 Y-0.0083 Z0.141
X0.2448 Y-0.0046 Z0.1419
X0.2438 Y-0.0012 Z0.1434
X0.2428 Y0.002 Z0.1454
X0.242 Y0.0049 Z0.148
X0.2412 Y0.0073 Z0.151
X0.2406 Y0.0093 Z0.1543
X0.2402 Y0.0107 Z0.1579
X0.24 Y0.0116 Z0.1618
X0.2399 Y0.0119 Z0.1657
G0 Z0.7
X3.4091 Y-5.0285
Z0.1907
G1 Z0.1657 F50.
X3.4089 Y-5.0283 Z0.1618
X3.4082 Y-5.0276 Z0.1579
X3.4072 Y-5.0266 Z0.1543
X3.4058 Y-5.0251 Z0.151
X3.404 Y-5.0233 Z0.148
X3.4019 Y-5.0211 Z0.1454
X3.3996 Y-5.0187 Z0.1434
X3.397 Y-5.0162 Z0.1419
X3.3944 Y-5.0134 Z0.141
X3.3916 Y-5.0106 Z0.1407
G3 X3.3652 Y-4.9946 I-0.0445 J-0.0436
G1 X3.3595 Y-4.9931 F90.
X3.3404 Y-4.9872
X3.3348 Y-4.9852
X3.269 Y-4.9589
G3 X3.1901 Y-4.9385 I-0.1366 J-0.3646
X3.0471 Y-4.9275 I-0.1525 J-1.0499
X2.6492 Y-4.925 I-0.2987 J-16.0696
G1 X1.2742
X0.3335
X0.2973 Y-4.924
X0.2617 Y-4.9176
X0.2281 Y-4.9044
X0.1976 Y-4.8848
X0.1712 Y-4.8601
X0.1491 Y-4.8315
X0.1311 Y-4.8001
X0.1168 Y-4.7668
X0.1057 Y-4.7324
G2 X0.0833 Y-4.5896 I0.7337 J0.1887
X0.0759 Y-4.3365 I3.506 J0.2289
X0.0751 Y-4.0109 I29.5335 J0.2354
G1 X0.075 Y-2.0209
Y-1.1233
G3 X0.0582 Y-1.0704 I-0.0917 J0.
G1 X0.0255 Y-1.0241
X0.0211 Y-1.0175
X0.0149 Y-1.0077
X0.013 Y-1.0043
G3 X-0.0137 Y-0.993 I-0.0213 J-0.0131
G1 X-0.0175 Y-0.9938 Z0.141
X-0.0212 Y-0.9947 Z0.1419
X-0.0247 Y-0.9954 Z0.1434
X-0.028 Y-0.9962 Z0.1454
X-0.0309 Y-0.9968 Z0.148
X-0.0334 Y-0.9974 Z0.151
X-0.0354 Y-0.9978 Z0.1543
X-0.0369 Y-0.9981 Z0.1579
X-0.0378 Y-0.9983 Z0.1618
X-0.0381 Y-0.9984 Z0.1657
G0 Z0.7
X3.3086 Y-4.9979
Z0.1907
G1 Z0.1657 F50.
X3.3084 Y-4.9976 Z0.1618
X3.3078 Y-4.9969 Z0.1579
X3.3069 Y-4.9957 Z0.1543
X3.3056 Y-4.9941 Z0.151
X3.3041 Y-4.992 Z0.148
X3.3023 Y-4.9897 Z0.1454
X3.3002 Y-4.987 Z0.1434
X3.298 Y-4.9841 Z0.1419
X3.2957 Y-4.9811 Z0.141
X3.2933 Y-4.978 Z0.1407
G3 X3.269 Y-4.9589 I-0.0494 J-0.0379
G1 X3.2576 Y-4.9543 F90.
X3.2361 Y-4.9441
X3.2279 Y-4.9396
X3.1975 Y-4.9214
G3 X3.1253 Y-4.8954 I-0.1212 J-0.2234
X2.996 Y-4.8797 I-0.1531 J-0.7199
X2.7428 Y-4.8754 I-0.215 J-5.2265
G1 X2.6705 Y-4.8751
X2.5257 Y-4.875
X1.2232
X0.4272
X0.391 Y-4.8749
X0.3549 Y-4.8735
X0.3193 Y-4.8669
X0.2855 Y-4.8539
X0.2548 Y-4.8348
X0.2279 Y-4.8106
X0.2051 Y-4.7825
X0.1863 Y-4.7516
X0.1713 Y-4.7187
X0.1595 Y-4.6845
G2 X0.1348 Y-4.5421 I0.6929 J0.1937
X0.1261 Y-4.289 I3.1028 J0.2331
X0.1251 Y-3.8549 I37.9851 J0.3083
G1 X0.125 Y-1.8649
Y-1.2136
X0.1249 Y-1.1853
G3 X0.0987 Y-1.1215 I-0.0917 J-0.0004
G2 X0.0583 Y-1.0703 I0.2124 J0.2089
G1 X0.0557 Y-1.0674
X0.0527 Y-1.065
X0.0494 Y-1.063
X0.0458 Y-1.0616
X0.042 Y-1.0608
X0.0381 Y-1.0605
X0.0343 Y-1.0608
X0.0305 Y-1.0618
X0.0268 Y-1.063 Z0.141
X0.0232 Y-1.0642 Z0.1419
X0.0197 Y-1.0653 Z0.1434
X0.0166 Y-1.0663 Z0.1454
X0.0137 Y-1.0673 Z0.148
X0.0113 Y-1.0681 Z0.151
X0.0094 Y-1.0687 Z0.1543
X0.0079 Y-1.0692 Z0.1579
X0.0071 Y-1.0695 Z0.1618
X0.0068 Z0.1657
G0 Z0.7
X3.2304 Y-4.9662
Z0.1907
G1 Z0.1657 F50.
X3.2303 Y-4.9659 Z0.1618
X3.2298 Y-4.9651 Z0.1579
X3.2291 Y-4.9638 Z0.1543
X3.2281 Y-4.962 Z0.151
X3.2269 Y-4.9597 Z0.148
X3.2255 Y-4.9571 Z0.1454
X3.2239 Y-4.9541 Z0.1434
X3.2222 Y-4.951 Z0.1419
X3.2204 Y-4.9476 Z0.141
X3.2185 Y-4.9442 Z0.1407
G3 X3.1975 Y-4.9214 I-0.0548 J-0.0296
G1 X3.1539 Y-4.8953 F90.
X3.1457 Y-4.8894
X3.1374 Y-4.8834
G3 X3.0665 Y-4.8515 I-0.1216 J-0.176
X2.9517 Y-4.8326 I-0.1528 J-0.5706
X2.6986 Y-4.8258 I-0.2195 J-3.4177
G1 X2.6624 Y-4.8253
X2.5901 Y-4.8252
X2.4815 Y-4.825
X2.1197
X1.1428
X0.4915
X0.4554 Y-4.8249
X0.4192 Y-4.8238
X0.3834 Y-4.8186
X0.349 Y-4.8072
X0.3173 Y-4.7899
X0.2891 Y-4.7672
X0.2649 Y-4.7403
X0.2446 Y-4.7103
X0.2282 Y-4.6781
X0.2151 Y-4.6443
G2 X0.1869 Y-4.5027 I0.6246 J0.1982
X0.1764 Y-4.2497 I2.6591 J0.2369
X0.1751 Y-3.9603 I18.683 J0.2317
G1 X0.175 Y-3.707
Y-3.6708
Y-1.6808
Y-1.2828
X0.1749 Y-1.2466
X0.1743 Y-1.2324
G3 X0.1482 Y-1.1721 I-0.0916 J-0.0039
G1 X0.0987 Y-1.1215
G3 X0.07 Y-1.1174 I-0.0172 J-0.0181
G1 X0.0665 Y-1.1192 Z0.141
X0.0631 Y-1.121 Z0.1419
X0.0599 Y-1.1226 Z0.1434
X0.057 Y-1.1242 Z0.1454
X0.0543 Y-1.1255 Z0.148
X0.052 Y-1.1267 Z0.151
X0.0502 Y-1.1276 Z0.1543
X0.0489 Y-1.1283 Z0.1579
X0.0481 Y-1.1287 Z0.1618
X0.0478 Y-1.1289 Z0.1657
G0 Z0.7
X3.1657 Y-4.9311
Z0.1907
G1 Z0.1657 F50.
X3.1656 Y-4.9308 Z0.1618
X3.1653 Y-4.93 Z0.1579
X3.1647 Y-4.9286 Z0.1543
X3.1639 Y-4.9267 Z0.151
X3.1629 Y-4.9243 Z0.148
X3.1618 Y-4.9216 Z0.1454
X3.1605 Y-4.9185 Z0.1434
X3.1591 Y-4.9151 Z0.1419
X3.1576 Y-4.9116 Z0.141
X3.1561 Y-4.908 Z0.1407
G3 X3.1374 Y-4.8834 I-0.0575 J-0.0241
G1 X3.1292 Y-4.8772 F90.
X3.0881 Y-4.8427
G3 X3.0089 Y-4.8043 I-0.1304 J-0.168
X2.8953 Y-4.7841 I-0.1567 J-0.5522
X2.6784 Y-4.7761 I-0.2126 J-2.8188
X2.3889 Y-4.775 I-0.2386 J-26.7969
G1 X2.0271
X1.1226
X0.5437
X0.5075 Y-4.7748
X0.4713 Y-4.7734
X0.4356 Y-4.7676
X0.4013 Y-4.7561
X0.3697 Y-4.7385
X0.3415 Y-4.7159
X0.3172 Y-4.6891
X0.2968 Y-4.6591
X0.2802 Y-4.627
X0.2669 Y-4.5934
G2 X0.2378 Y-4.4519 I0.6187 J0.201
X0.2266 Y-4.199 I2.5474 J0.2396
X0.2251 Y-3.9095 I17.3684 J0.2344
G1 X0.225 Y-3.6924
Y-3.5477
Y-1.5577
Y-1.3406
X0.2249 Y-1.3044
X0.2242 Y-1.2824
X0.2233 Y-1.2711
G3 X0.1864 Y-1.2048 I-0.0914 J-0.0074
G2 X0.1482 Y-1.1721 I0.1416 J0.2044
G1 X0.1452 Y-1.1697
X0.1419 Y-1.1678
X0.1383 Y-1.1663
X0.1345 Y-1.1655
X0.1307 Y-1.1652
X0.1268 Y-1.1656
X0.1231 Y-1.1665
X0.1195 Y-1.168
X0.1161 Y-1.1698 Z0.141
X0.1127 Y-1.1715 Z0.1419
X0.1095 Y-1.1732 Z0.1434
X0.1065 Y-1.1747 Z0.1454
X0.1038 Y-1.1761 Z0.148
X0.1016 Y-1.1773 Z0.151
X0.0997 Y-1.1782 Z0.1543
X0.0984 Y-1.1789 Z0.1579
X0.0976 Y-1.1793 Z0.1618
X0.0973 Y-1.1795 Z0.1657
G0 Z0.7
X3.1134 Y-4.892
Z0.1907
G1 Z0.1657 F50.
X3.1133 Y-4.8917 Z0.1618
X3.113 Y-4.8909 Z0.1579
X3.1125 Y-4.8895 Z0.1543
X3.1119 Y-4.8875 Z0.151
X3.111 Y-4.8851 Z0.148
X3.1101 Y-4.8823 Z0.1454
X3.109 Y-4.8791 Z0.1434
X3.1078 Y-4.8757 Z0.1419
X3.1065 Y-4.8721 Z0.141
X3.1052 Y-4.8684 Z0.1407
G3 X3.0881 Y-4.8427 I-0.0588 J-0.0205
G2 X3.0458 Y-4.8045 I0.2795 J0.3524 F90.
G3 X2.9805 Y-4.7645 I-0.115 J-0.1145
X2.8982 Y-4.7427 I-0.1426 J-0.3707
X2.718 Y-4.7282 I-0.1896 J-1.2297
X2.3201 Y-4.7251 I-0.3133 J-14.5537
G1 X1.9944 Y-4.725
X1.0899
X0.6195
X0.5833
X0.5471 Y-4.7245
X0.5111 Y-4.7216
X0.4758 Y-4.7137
X0.4423 Y-4.6999
X0.4118 Y-4.6805
X0.3848 Y-4.6564
X0.3618 Y-4.6285
X0.3425 Y-4.5978
X0.3269 Y-4.5652
X0.3144 Y-4.5312
G2 X0.2872 Y-4.3894 I0.6694 J0.2021
X0.2766 Y-4.1364 I2.7236 J0.2414
X0.2751 Y-3.8469 I18.1466 J0.2365
G1 X0.275 Y-3.6299
Y-3.4128
Y-1.4228
G3 X0.2727 Y-1.3087 I-1.393 J0.029
X0.2556 Y-1.2615 I-0.1004 J-0.0096
G1 X0.2462 Y-1.2503
X0.235 Y-1.2406
X0.1937 Y-1.2102
X0.1864 Y-1.2048
G3 X0.1574 Y-1.2053 I-0.0142 J-0.0206
G1 X0.1543 Y-1.2076 Z0.141
X0.1512 Y-1.2099 Z0.1419
X0.1483 Y-1.212 Z0.1434
X0.1456 Y-1.214 Z0.1454
X0.1432 Y-1.2158 Z0.148
X0.1412 Y-1.2173 Z0.151
X0.1395 Y-1.2185 Z0.1543
X0.1383 Y-1.2194 Z0.1579
X0.1376 Y-1.2199 Z0.1618
X0.1373 Y-1.2201 Z0.1657
G0 Z0.7
X3.063 Y-4.8573
Z0.1907
G1 Z0.1657 F50.
Y-4.857 Z0.1618
X3.0628 Y-4.8561 Z0.1579
X3.0626 Y-4.8546 Z0.1543
X3.0622 Y-4.8526 Z0.151
X3.0618 Y-4.8501 Z0.148
X3.0612 Y-4.8471 Z0.1454
X3.0607 Y-4.8438 Z0.1434
X3.06 Y-4.8403 Z0.1419
X3.0594 Y-4.8365 Z0.141
X3.0587 Y-4.8326 Z0.1407
G3 X3.0459 Y-4.8045 I-0.0613 J-0.0109
G1 X3.0086 Y-4.7613 F90.
G3 X2.9423 Y-4.7189 I-0.1247 J-0.1221
X2.8634 Y-4.6961 I-0.1472 J-0.3606
X2.6846 Y-4.6791 I-0.1942 J-1.0945
X2.359 Y-4.6754 I-0.2645 J-8.8858
G1 X2.2505 Y-4.6751
X1.961 Y-4.675
X1.0565
X0.6585
X0.6223 Y-4.6749
X0.5861 Y-4.6737
X0.5502 Y-4.669
X0.5155 Y-4.659
X0.483 Y-4.6431
X0.4536 Y-4.6219
X0.4279 Y-4.5964
X0.4061 Y-4.5676
X0.3881 Y-4.5362
X0.3735 Y-4.5031
G2 X0.3406 Y-4.3625 I0.5632 J0.206
X0.3276 Y-4.1459 I1.9718 J0.2266
X0.3251 Y-3.7841 I16.5894 J0.2958
G1 X0.325 Y-3.567
Y-3.2776
Y-1.4685
G3 X0.3226 Y-1.3488 I-1.5843 J0.0275
X0.3131 Y-1.3012 I-0.2769 J-0.0303
G1 X0.3102 Y-1.2926
X0.3069 Y-1.2864
X0.3022 Y-1.2812
X0.2964 Y-1.2773
G2 X0.2512 Y-1.2527 I0.2141 J0.4465
G1 X0.235 Y-1.2406
X0.2325 Y-1.2391
X0.2298 Y-1.2379
X0.2269 Y-1.2374 Z0.1409
X0.224 Y-1.2368 Z0.1414
X0.2211 Y-1.2363 Z0.1423
X0.2209 Z0.1424
X0.2178 Y-1.2369 Z0.1439
X0.2149 Y-1.2374 Z0.1458
X0.2123 Y-1.2378 Z0.1482
X0.2101 Y-1.239 Z0.1512
X0.2084 Y-1.24 Z0.1545
X0.2071 Y-1.2407 Z0.158
X0.2063 Y-1.2411 Z0.1618
X0.206 Y-1.2412 Z0.1657
G0 Z0.7
X3.0258 Y-4.8141
Z0.1907
G1 Z0.1657 F50.
X3.0257 Y-4.8138 Z0.1618
X3.0256 Y-4.8129 Z0.1579
X3.0253 Y-4.8114 Z0.1543
X3.0249 Y-4.8094 Z0.151
X3.0245 Y-4.8069 Z0.148
X3.024 Y-4.8039 Z0.1454
X3.0234 Y-4.8006 Z0.1434
X3.0228 Y-4.7971 Z0.1419
X3.0221 Y-4.7933 Z0.141
X3.0214 Y-4.7895 Z0.1407
G3 X3.0086 Y-4.7613 I-0.0614 J-0.0109
G2 X2.9753 Y-4.7204 I0.4696 J0.4166 F90.
G3 X2.9042 Y-4.672 I-0.1278 J-0.1115
X2.8247 Y-4.648 I-0.1492 J-0.3505
X2.6466 Y-4.6298 I-0.1981 J-1.0557
X2.321 Y-4.6254 I-0.2687 J-7.9699
G1 X2.2124 Y-4.6251
X1.9954 Y-4.625
X1.0184
X0.729
X0.6928
X0.6566 Y-4.6245
X0.6205 Y-4.6218
X0.5851 Y-4.6146
X0.5513 Y-4.6017
X0.5202 Y-4.5832
X0.4924 Y-4.56
X0.4685 Y-4.5329
X0.4484 Y-4.5028
X0.4319 Y-4.4706
X0.4186 Y-4.4369
G2 X0.389 Y-4.2955 I0.6304 J0.2058
X0.3769 Y-4.0427 I2.4713 J0.2452
X0.3751 Y-3.717 I18.5739 J0.265
G1 X0.375 Y-3.5
Y-3.1381
Y-1.5099
G3 X0.3718 Y-1.3759 I-1.659 J0.027
G1 X0.369 Y-1.3558
G3 X0.3206 Y-1.2898 I-0.0904 J-0.0155
G1 X0.2964 Y-1.2773
X0.2937 Y-1.2762
X0.2908 Y-1.2755
X0.2883 Y-1.2752 Z0.1408
X0.2858 Y-1.2749 Z0.1412
X0.2827 Y-1.2755 Z0.1421
X0.2798 Y-1.276 Z0.1433
X0.2771 Y-1.2765 Z0.1449
X0.2748 Y-1.2779 Z0.147
X0.2727 Y-1.2791 Z0.1495
X0.2709 Y-1.2801 Z0.1523
X0.2695 Y-1.2809 Z0.1554
X0.2686 Y-1.2818 Z0.1587
X0.2681 Y-1.2823 Z0.1621
X0.2679 Y-1.2824 Z0.1657
G0 Z0.7
X2.989 Y-4.7742
Z0.1907
G1 Z0.1657 F50.
X2.9889 Y-4.7738 Z0.1618
X2.9888 Y-4.7729 Z0.1579
X2.9887 Y-4.7714 Z0.1543
X2.9884 Y-4.7694 Z0.151
X2.9882 Y-4.7669 Z0.148
X2.9878 Y-4.7639 Z0.1454
X2.9875 Y-4.7606 Z0.1434
X2.9871 Y-4.757 Z0.1419
X2.9867 Y-4.7532 Z0.141
X2.9862 Y-4.7493 Z0.1407
G3 X2.9753 Y-4.7204 I-0.0619 J-0.0069
G1 X2.973 Y-4.7173 F90.
X2.954 Y-4.6864
G3 X2.8937 Y-4.6353 I-0.1218 J-0.0824
X2.8088 Y-4.6041 I-0.159 J-0.3011
X2.6729 Y-4.5839 I-0.1831 J-0.7674
X2.3837 Y-4.576 I-0.2583 J-4.1263
G1 X2.3475 Y-4.5755
X2.2751 Y-4.5753
X2.1666 Y-4.5751
X1.9495 Y-4.575
X1.0088
X0.7917
X0.7555
X0.7193 Y-4.5747
X0.6832 Y-4.5729
X0.6474 Y-4.5672
X0.613 Y-4.556
X0.5809 Y-4.5393
X0.552 Y-4.5176
X0.5268 Y-4.4916
X0.5054 Y-4.4624
X0.4877 Y-4.4309
X0.4733 Y-4.3977
G2 X0.4408 Y-4.257 I0.5782 J0.2078
X0.4277 Y-4.0404 I1.9957 J0.229
X0.4252 Y-3.6786 I15.3584 J0.2881
G1 X0.425 Y-3.4977
Y-3.0273
Y-1.58
G3 X0.4221 Y-1.4123 I-2.7399 J0.036
X0.4106 Y-1.3578 I-0.2085 J-0.0155
X0.361 Y-1.31 I-0.0852 J-0.0387
G1 X0.3582 Y-1.3088
X0.3316 Y-1.2954
X0.3206 Y-1.2898
X0.3179 Y-1.2887
X0.315 Y-1.2879
X0.3125 Y-1.2877 Z0.1408
X0.31 Y-1.2874 Z0.1412
X0.3069 Y-1.288 Z0.1421
X0.304 Y-1.2885 Z0.1433
X0.3013 Y-1.289 Z0.1449
X0.299 Y-1.2903 Z0.147
X0.2969 Y-1.2915 Z0.1495
X0.2951 Y-1.2926 Z0.1523
X0.2937 Y-1.2934 Z0.1554
X0.2928 Y-1.2942 Z0.1587
X0.2923 Y-1.2947 Z0.1621
X0.2921 Y-1.2949 Z0.1657
G0 Z0.7
X2.9625 Y-4.7413
Z0.1907
G1 Z0.1657 F50.
Y-4.741 Z0.1618
Y-4.7401 Z0.1579
X2.9624 Y-4.7385 Z0.1543
Y-4.7365 Z0.151
Y-4.734 Z0.148
X2.9623 Y-4.731 Z0.1454
Y-4.7276 Z0.1434
X2.9622 Y-4.724 Z0.1419
X2.9621 Y-4.7202 Z0.141
Y-4.7163 Z0.1407
G3 X2.954 Y-4.6864 I-0.0623 J-0.001
G1 X2.9265 Y-4.6419 F90.
X2.9256 Y-4.6404
G3 X2.8661 Y-4.5894 I-0.1248 J-0.0852
X2.7827 Y-4.5572 I-0.1629 J-0.2982
X2.6474 Y-4.5354 I-0.1884 J-0.7389
X2.3582 Y-4.5262 I-0.263 J-3.7102
X2.1049 Y-4.5251 I-0.2047 J-18.0833
G1 X1.8878 Y-4.525
X0.9833
X0.8385
X0.8024 Y-4.5249
X0.7662 Y-4.5245
X0.7301 Y-4.5222
X0.6944 Y-4.5159
X0.6602 Y-4.5042
X0.6285 Y-4.4868
X0.6 Y-4.4646
X0.5751 Y-4.4382
X0.5541 Y-4.4088
X0.5367 Y-4.377
X0.5227 Y-4.3437
G2 X0.4907 Y-4.2029 I0.5931 J0.2086
X0.4778 Y-3.9863 I2.0286 J0.2299
X0.4752 Y-3.6245 I15.4248 J0.2891
G1 X0.475 Y-3.4436
Y-2.9008
Y-1.6345
G3 X0.4727 Y-1.4546 I-4.05 J0.0381
X0.4597 Y-1.3807 I-0.3202 J-0.0183
X0.4015 Y-1.3237 I-0.087 J-0.0307
G1 X0.3829 Y-1.3177
X0.3664 Y-1.3122
X0.361 Y-1.31
G3 X0.3331 Y-1.3177 I-0.0086 J-0.0235
G1 X0.3306 Y-1.3207 Z0.141
X0.3282 Y-1.3237 Z0.1419
X0.3259 Y-1.3265 Z0.1434
X0.3238 Y-1.329 Z0.1454
X0.3219 Y-1.3314 Z0.148
X0.3203 Y-1.3333 Z0.151
X0.319 Y-1.3349 Z0.1543
X0.318 Y-1.3361 Z0.1579
X0.3175 Y-1.3368 Z0.1618
X0.3173 Y-1.337 Z0.1657
G0 Z0.7
X2.9333 Y-4.6954
Z0.1907
G1 Z0.1657 F50.
Y-4.6951 Z0.1618
Y-4.6942 Z0.1579
Y-4.6927 Z0.1543
Y-4.6906 Z0.151
Y-4.6881 Z0.148
Y-4.6851 Z0.1454
Y-4.6817 Z0.1434
Y-4.6781 Z0.1419
Y-4.6743 Z0.141
Y-4.6704 Z0.1407
G3 X2.9256 Y-4.6404 I-0.0623 J0.
G2 X2.9092 Y-4.6069 I0.1713 J0.1049 F90.
G3 X2.8613 Y-4.555 I-0.1121 J-0.0554
X2.7773 Y-4.5156 I-0.1661 J-0.2446
X2.6544 Y-4.4901 I-0.191 J-0.6121
X2.4016 Y-4.4772 I-0.2503 J-2.4167
X1.9674 Y-4.475 I-0.337 J-24.0228
G1 X1.497
X0.9543
X0.882
X0.8458 Y-4.4749
X0.8096 Y-4.4742
X0.7735 Y-4.4712
X0.7381 Y-4.4638
X0.7043 Y-4.4508
X0.6732 Y-4.4324
X0.6454 Y-4.4092
X0.6213 Y-4.3822
X0.601 Y-4.3523
X0.5843 Y-4.3202
X0.5707 Y-4.2867
G2 X0.5401 Y-4.1455 I0.6222 J0.2089
X0.5271 Y-3.8927 I2.3665 J0.2483
X0.525 Y-3.3862 I29.1989 J0.3744
G1 Y-2.7711
Y-1.6494
G3 X0.5216 Y-1.4727 I-2.9163 J0.0331
X0.5064 Y-1.3946 I-0.3371 J-0.025
X0.4486 Y-1.3392 I-0.0863 J-0.0322
G1 X0.4015 Y-1.3238
G3 X0.3742 Y-1.3334 I-0.0069 J-0.024
G1 X0.3719 Y-1.3366 Z0.141
X0.3697 Y-1.3397 Z0.1419
X0.3676 Y-1.3426 Z0.1434
X0.3657 Y-1.3454 Z0.1454
X0.364 Y-1.3478 Z0.148
X0.3625 Y-1.3499 Z0.151
X0.3613 Y-1.3515 Z0.1543
X0.3605 Y-1.3528 Z0.1579
X0.3599 Y-1.3535 Z0.1618
X0.3597 Y-1.3538 Z0.1657
G0 Z0.7
X2.9089 Y-4.6624
Z0.1907
G1 Z0.1657 F50.
Y-4.6621 Z0.1618
X2.9091 Y-4.6612 Z0.1579
X2.9093 Y-4.6597 Z0.1543
X2.9096 Y-4.6577 Z0.151
X2.9099 Y-4.6552 Z0.148
X2.9104 Y-4.6522 Z0.1454
X2.9108 Y-4.6489 Z0.1434
X2.9114 Y-4.6453 Z0.1419
X2.9119 Y-4.6415 Z0.141
X2.9125 Y-4.6377 Z0.1407
G3 X2.9092 Y-4.6069 I-0.0617 J0.009
G1 X2.8918 Y-4.5648 F90.
G3 X2.844 Y-4.5113 I-0.1186 J-0.0578
X2.761 Y-4.4702 I-0.1716 J-0.2421
X2.6404 Y-4.4428 I-0.1979 J-0.5913
X2.4239 Y-4.4285 I-0.237 J-1.9374
X2.0259 Y-4.4253 I-0.3169 J-14.7056
G1 X1.845 Y-4.425
X0.9405
X0.9043 Y-4.4249
X0.8681 Y-4.4244
X0.832 Y-4.4221
X0.7964 Y-4.4157
X0.7622 Y-4.4039
X0.7304 Y-4.3867
X0.7018 Y-4.3645
X0.6769 Y-4.3383
X0.6557 Y-4.3089
X0.6382 Y-4.2773
X0.6239 Y-4.2441
G2 X0.5913 Y-4.1034 I0.588 J0.2102
X0.5779 Y-3.8868 I1.9821 J0.2312
X0.5751 Y-3.4888 I17.6108 J0.3246
G1 X0.575 Y-3.2717
Y-2.6566
Y-1.7159
G3 X0.5715 Y-1.4989 I-3.9617 J0.0448
X0.5559 Y-1.4143 I-0.3966 J-0.0295
X0.5294 Y-1.3722 I-0.0942 J-0.0299
G1 X0.5177 Y-1.3632
X0.5048 Y-1.3562
X0.4909 Y-1.3513
X0.4651 Y-1.3444
X0.4523 Y-1.3404
X0.4486 Y-1.3392
G3 X0.4213 Y-1.3489 I-0.0068 J-0.024
G1 X0.4191 Y-1.3521 Z0.141
X0.4169 Y-1.3552 Z0.1419
X0.4148 Y-1.3582 Z0.1434
X0.4129 Y-1.3609 Z0.1454
X0.4112 Y-1.3633 Z0.148
X0.4097 Y-1.3654 Z0.151
X0.4085 Y-1.3671 Z0.1543
X0.4077 Y-1.3683 Z0.1579
X0.4071 Y-1.3691 Z0.1618
X0.407 Y-1.3693 Z0.1657
G0 Z0.7
X2.8915 Y-4.6203
Z0.1907
G1 Z0.1657 F50.
Y-4.62 Z0.1618
X2.8917 Y-4.6191 Z0.1579
X2.8919 Y-4.6176 Z0.1543
X2.8922 Y-4.6156 Z0.151
X2.8925 Y-4.6131 Z0.148
X2.893 Y-4.6101 Z0.1454
X2.8934 Y-4.6068 Z0.1434
X2.894 Y-4.6032 Z0.1419
X2.8945 Y-4.5995 Z0.141
X2.8951 Y-4.5956 Z0.1407
G3 X2.8918 Y-4.5648 I-0.0617 J0.009
G1 X2.8795 Y-4.535 F90.
X2.8766 Y-4.5268
G3 X2.8346 Y-4.4725 I-0.1115 J-0.043
X2.7433 Y-4.4238 I-0.1793 J-0.226
X2.6243 Y-4.3951 I-0.2009 J-0.5716
X2.408 Y-4.3791 I-0.2416 J-1.8014
X1.9738 Y-4.3753 I-0.3405 J-14.1685
G1 X1.7929 Y-4.375
X0.9969
X0.9607 Y-4.3749
X0.9245 Y-4.3745
X0.8884 Y-4.3726
X0.8527 Y-4.367
X0.8182 Y-4.3561
X0.7859 Y-4.3397
X0.7567 Y-4.3183
X0.7312 Y-4.2927
X0.7094 Y-4.2638
X0.6912 Y-4.2325
X0.6764 Y-4.1995
G2 X0.6423 Y-4.0592 I0.5637 J0.2113
X0.6281 Y-3.8427 I1.8854 J0.2321
X0.6251 Y-3.4447 I16.5608 J0.3253
G1 X0.625 Y-3.2276
Y-2.5402
Y-1.7442
G3 X0.6215 Y-1.5271 I-4.1175 J0.0421
X0.6084 Y-1.4431 I-0.4905 J-0.0335
X0.5854 Y-1.3936 I-0.1286 J-0.0295
X0.5383 Y-1.3638 I-0.0713 J-0.0607
G1 X0.4909 Y-1.3513
G3 X0.4642 Y-1.3625 I-0.0055 J-0.0244
G1 X0.4621 Y-1.3658 Z0.141
X0.4601 Y-1.369 Z0.1419
X0.4582 Y-1.3721 Z0.1434
X0.4564 Y-1.3749 Z0.1454
X0.4548 Y-1.3775 Z0.148
X0.4535 Y-1.3796 Z0.151
X0.4524 Y-1.3814 Z0.1543
X0.4516 Y-1.3826 Z0.1579
X0.4511 Y-1.3834 Z0.1618
X0.4509 Y-1.3837 Z0.1657
G0 Z0.7
X2.8717 Y-4.582
Z0.1907
G1 Z0.1657 F50.
Y-4.5817 Z0.1618
X2.8719 Y-4.5809 Z0.1579
X2.8723 Y-4.5794 Z0.1543
X2.8727 Y-4.5774 Z0.151
X2.8733 Y-4.5749 Z0.148
X2.874 Y-4.572 Z0.1454
X2.8747 Y-4.5687 Z0.1434
X2.8756 Y-4.5652 Z0.1419
X2.8764 Y-4.5615 Z0.141
X2.8773 Y-4.5577 Z0.1407
G3 X2.8766 Y-4.5268 I-0.0607 J0.0141
G1 X2.8713 Y-4.5103 F90.
X2.8691 Y-4.5021
X2.8666 Y-4.4914
G3 X2.8301 Y-4.4361 I-0.1079 J-0.0315
X2.7499 Y-4.386 I-0.176 J-0.1924
X2.6155 Y-4.3483 I-0.2175 J-0.5178
X2.3993 Y-4.33 I-0.2456 J-1.6159
X2.0376 Y-4.3255 I-0.3056 J-9.9901
G1 X1.929 Y-4.3251
X1.7481 Y-4.325
X1.0607
X1.0245
X0.9883 Y-4.3247
X0.9521 Y-4.3235
X0.9162 Y-4.3195
X0.8811 Y-4.3106
X0.8479 Y-4.2962
X0.8175 Y-4.2766
X0.7906 Y-4.2524
X0.7673 Y-4.2247
X0.7478 Y-4.1943
X0.7318 Y-4.1618
X0.7188 Y-4.128
G2 X0.6896 Y-3.9866 I0.6555 J0.2092
X0.6771 Y-3.7337 I2.4897 J0.2496
X0.675 Y-3.2272 I29.9974 J0.3762
G1 Y-2.4312
Y-1.7799
G3 X0.6719 Y-1.5628 I-4.8525 J0.0397
X0.6584 Y-1.4628 I-0.5707 J-0.0263
X0.639 Y-1.4136 I-0.1632 J-0.0358
X0.5864 Y-1.3764 I-0.0767 J-0.0528
G1 X0.5383 Y-1.3638
G3 X0.5116 Y-1.375 I-0.0055 J-0.0244
G1 X0.5095 Y-1.3783 Z0.141
X0.5075 Y-1.3815 Z0.1419
X0.5056 Y-1.3846 Z0.1434
X0.5038 Y-1.3874 Z0.1454
X0.5022 Y-1.39 Z0.148
X0.5009 Y-1.3921 Z0.151
X0.4998 Y-1.3939 Z0.1543
X0.499 Y-1.3951 Z0.1579
X0.4985 Y-1.3959 Z0.1618
X0.4984 Y-1.3962 Z0.1657
G0 Z0.7
X2.8574 Y-4.5461
Z0.1907
G1 Z0.1657 F50.
X2.8575 Y-4.5458 Z0.1618
X2.8578 Y-4.5449 Z0.1579
X2.8583 Y-4.5435 Z0.1543
X2.8589 Y-4.5415 Z0.151
X2.8596 Y-4.5391 Z0.148
X2.8605 Y-4.5363 Z0.1454
X2.8615 Y-4.5331 Z0.1434
X2.8626 Y-4.5296 Z0.1419
X2.8638 Y-4.526 Z0.141
X2.8649 Y-4.5222 Z0.1407
G3 X2.8666 Y-4.4914 I-0.0594 J0.0187
G1 X2.8569 Y-4.4503 F90.
G3 X2.8136 Y-4.3872 I-0.1195 J-0.0356
X2.7232 Y-4.334 I-0.1893 J-0.218
X2.6099 Y-4.3019 I-0.2118 J-0.5326
X2.394 Y-4.2811 I-0.2525 J-1.4902
X2.0323 Y-4.2756 I-0.311 J-8.5796
G1 X1.9599 Y-4.2752
X1.8514 Y-4.2751
X1.5981 Y-4.275
X1.0915
X1.0554 Y-4.2749
X1.0192 Y-4.2743
X0.9831 Y-4.2718
X0.9475 Y-4.2653
X0.9133 Y-4.2534
X0.8815 Y-4.2361
X0.8529 Y-4.214
X0.8279 Y-4.1878
X0.8067 Y-4.1585
X0.789 Y-4.127
X0.7747 Y-4.0937
G2 X0.7418 Y-3.9531 I0.5853 J0.211
X0.7281 Y-3.7366 I1.9655 J0.233
X0.7251 Y-3.3386 I17.0004 J0.3265
G1 X0.725 Y-3.1215
Y-2.3255
Y-1.819
G3 X0.7205 Y-1.5658 I-4.4858 J0.0472
X0.7058 Y-1.4718 I-0.566 J-0.0402
X0.6817 Y-1.4189 I-0.1411 J-0.0325
X0.6346 Y-1.3891 I-0.0717 J-0.0612
G1 X0.5864 Y-1.3765
G3 X0.5596 Y-1.3876 I-0.0055 J-0.0244
G1 X0.5576 Y-1.3909 Z0.141
X0.5555 Y-1.3942 Z0.1419
X0.5536 Y-1.3973 Z0.1434
X0.5519 Y-1.4001 Z0.1454
X0.5503 Y-1.4026 Z0.148
X0.5489 Y-1.4048 Z0.151
X0.5479 Y-1.4065 Z0.1543
X0.5471 Y-1.4078 Z0.1579
X0.5466 Y-1.4086 Z0.1618
X0.5464 Y-1.4089 Z0.1657
G0 Z0.7
X2.8477 Y-4.505
Z0.1907
G1 Z0.1657 F50.
X2.8478 Y-4.5047 Z0.1618
X2.8481 Y-4.5039 Z0.1579
X2.8485 Y-4.5024 Z0.1543
X2.8492 Y-4.5005 Z0.151
X2.8499 Y-4.498 Z0.148
X2.8508 Y-4.4952 Z0.1454
X2.8518 Y-4.492 Z0.1434
X2.8529 Y-4.4885 Z0.1419
X2.854 Y-4.4849 Z0.141
X2.8552 Y-4.4812 Z0.1407
G3 X2.8569 Y-4.4503 I-0.0594 J0.0187
G1 X2.8516 Y-4.4281 F90.
X2.8496 Y-4.4181
X2.8484 Y-4.4117
G3 X2.8088 Y-4.3475 I-0.1168 J-0.0279
X2.7249 Y-4.2932 I-0.188 J-0.1982
X2.6225 Y-4.2595 I-0.2128 J-0.4744
X2.4434 Y-4.2355 I-0.2403 J-1.1103
X2.118 Y-4.2263 I-0.3038 J-5.0044
X1.6838 Y-4.225 I-0.3311 J-38.9708
G1 X1.141
X1.1049 Y-4.2249
X1.0687 Y-4.2242
X1.0326 Y-4.2216
X0.997 Y-4.215
X0.9629 Y-4.203
X0.9311 Y-4.1857
X0.9026 Y-4.1634
X0.8777 Y-4.1372
X0.8566 Y-4.1078
X0.839 Y-4.0762
X0.8247 Y-4.0429
G2 X0.7918 Y-3.9023 I0.5887 J0.2116
X0.7781 Y-3.6858 I1.9644 J0.2333
X0.7751 Y-3.2878 I16.9298 J0.3269
G1 X0.775 Y-3.0707
Y-2.2385
Y-1.8767
G3 X0.7723 Y-1.6234 I-7.325 J0.0494
X0.759 Y-1.5029 I-0.782 J-0.0253
X0.7432 Y-1.4523 I-0.287 J-0.0618
X0.6833 Y-1.402 I-0.0834 J-0.0386
G1 X0.6346 Y-1.3892
G3 X0.6078 Y-1.4003 I-0.0055 J-0.0244
G1 X0.6057 Y-1.4037 Z0.141
X0.6037 Y-1.4069 Z0.1419
X0.6018 Y-1.41 Z0.1434
X0.6 Y-1.4128 Z0.1454
X0.5985 Y-1.4153 Z0.148
X0.5971 Y-1.4175 Z0.151
X0.596 Y-1.4192 Z0.1543
X0.5952 Y-1.4205 Z0.1579
X0.5948 Y-1.4213 Z0.1618
X0.5946 Y-1.4216 Z0.1657
G0 Z0.7
X2.8368 Y-4.4659
Z0.1907
G1 Z0.1657 F50.
X2.8369 Y-4.4656 Z0.1618
X2.8372 Y-4.4648 Z0.1579
X2.8377 Y-4.4634 Z0.1543
X2.8384 Y-4.4614 Z0.151
X2.8393 Y-4.459 Z0.148
X2.8403 Y-4.4562 Z0.1454
X2.8415 Y-4.4531 Z0.1434
X2.8427 Y-4.4497 Z0.1419
X2.844 Y-4.4461 Z0.141
X2.8454 Y-4.4424 Z0.1407
G3 X2.8484 Y-4.4117 I-0.0585 J0.0214
G1 X2.8469 Y-4.4034 F90.
X2.846 Y-4.3952
X2.8447 Y-4.3788
G3 X2.8182 Y-4.3211 I-0.1032 J-0.0125
X2.7405 Y-4.2594 I-0.186 J-0.1545
X2.6275 Y-4.216 I-0.2261 J-0.4194
X2.449 Y-4.188 I-0.2457 J-0.9859
X2.1236 Y-4.1767 I-0.3097 J-4.2218
X1.6894 Y-4.1751 I-0.337 J-31.4679
G1 X1.2191 Y-4.175
X1.1829
X1.1467 Y-4.1748
X1.1105 Y-4.1739
X1.0745 Y-4.1705
X1.0392 Y-4.1627
X1.0055 Y-4.1494
X0.9745 Y-4.1308
X0.9468 Y-4.1075
X0.9228 Y-4.0805
X0.9024 Y-4.0505
X0.8856 Y-4.0185
X0.872 Y-3.985
G2 X0.8409 Y-3.8439 I0.6226 J0.2113
X0.8273 Y-3.5911 I2.3186 J0.2512
X0.8251 Y-3.2293 I18.685 J0.2965
G1 X0.825 Y-3.0122
Y-2.1439
Y-1.8906
G3 X0.8218 Y-1.6374 I-6.7293 J0.0425
X0.8078 Y-1.515 I-0.7951 J-0.0293
X0.7873 Y-1.4563 I-0.2254 J-0.0455
X0.732 Y-1.4148 I-0.0794 J-0.0484
G1 X0.6833 Y-1.402
G3 X0.6565 Y-1.4132 I-0.0055 J-0.0244
X0.6528 Y-1.427 I0.0212 J-0.0132 F300.
G1 X0.7041 Y-3.7703
X0.7201 Y-3.9183
X0.743 Y-4.0088
X0.772 Y-4.0828
X0.8207 Y-4.1607
X0.868 Y-4.2119
X0.9173 Y-4.2489
X0.9771 Y-4.2777
X1.0407 Y-4.2956
X1.1134 Y-4.3048
X2.7756 Y-4.4431
G3 X2.8384 Y-4.4087 I0.0068 J0.0619
X2.8448 Y-4.3812 I-0.0559 J0.0275 F50.
G1 X2.8447 Y-4.3788
X2.8417 Y-4.3377 F90.
G3 X2.8144 Y-4.2786 I-0.1093 J-0.0147
X2.7348 Y-4.2143 I-0.194 J-0.1587
X2.6183 Y-4.1685 I-0.2355 J-0.4282
X2.44 Y-4.1394 I-0.2509 J-0.9752
X2.1147 Y-4.127 I-0.315 J-3.9917
X1.7529 Y-4.1251 I-0.3006 J-23.4049
G1 X1.5358 Y-4.125
X1.2463
X1.2101 Y-4.1249
X1.174 Y-4.1244
X1.1378 Y-4.1222
X1.1022 Y-4.1161
X1.0678 Y-4.1048
X1.0357 Y-4.0881
X1.0067 Y-4.0664
X0.9813 Y-4.0407
X0.9596 Y-4.0118
X0.9415 Y-3.9804
X0.9267 Y-3.9474
G2 X0.8927 Y-3.8071 I0.5676 J0.2121
X0.8783 Y-3.5906 I1.8904 J0.2342
X0.8753 Y-3.1926 I15.1173 J0.3143
G1 X0.875 Y-3.0117
Y-2.0348
G3 X0.8724 Y-1.673 I-12.6558 J0.0904
G1 X0.8703 Y-1.6368
G3 X0.8555 Y-1.5227 I-0.6923 J-0.0314
X0.834 Y-1.4655 I-0.1963 J-0.0412
X0.7809 Y-1.4277 I-0.0773 J-0.0523
G1 X0.732 Y-1.4148
G3 X0.7052 Y-1.426 I-0.0055 J-0.0244
X0.7018 Y-1.4434 I0.0212 J-0.0132 F300.
G1 X0.7514 Y-3.6799
X0.7669 Y-3.8526
X0.7877 Y-3.943
X0.8221 Y-4.0334
X0.8568 Y-4.091
X0.9091 Y-4.152
X0.9547 Y-4.1897
G3 X0.9667 Y-4.1978 I0.0613 J0.077
G1 X1.0407 Y-4.2336
X1.1147 Y-4.2508
X2.7756 Y-4.4022
G3 X2.8353 Y-4.3676 I0.0038 J0.0622
X2.8418 Y-4.34 I-0.0559 J0.0276 F50.
G1 X2.8417 Y-4.3377
X2.8405 Y-4.3212 F90.
X2.839 Y-4.2966
G3 X2.8217 Y-4.2499 I-0.0939 J-0.0083
X2.7466 Y-4.1789 I-0.1907 J-0.1266
X2.6441 Y-4.1312 I-0.2336 J-0.3682
X2.4724 Y-4.0951 I-0.2574 J-0.7977
X2.1835 Y-4.0785 I-0.3056 J-2.7947
X1.7132 Y-4.0751 I-0.386 J-20.8503
G1 X1.4961 Y-4.075
X1.3152
X1.279
X1.2428 Y-4.0748
X1.2067 Y-4.0736
X1.1707 Y-4.0698
X1.1355 Y-4.0613
X1.1021 Y-4.0474
X1.0715 Y-4.0282
X1.0441 Y-4.0044
X1.0205 Y-3.9771
X1.0006 Y-3.9469
X0.9841 Y-3.9146
X0.9708 Y-3.881
G2 X0.9405 Y-3.7397 I0.6395 J0.211
X0.9273 Y-3.4869 I2.3893 J0.2516
X0.9251 Y-3.1251 I19.1145 J0.2972
G1 X0.925 Y-2.908
Y-1.9673
X0.9249 Y-1.9311
G3 X0.9195 Y-1.6418 I-5.2527 J0.0455
X0.9037 Y-1.5321 I-0.723 J-0.0478
X0.8855 Y-1.4833 I-0.1963 J-0.0457
X0.8345 Y-1.4437 I-0.0785 J-0.0485
X0.7809 Y-1.4277 I-0.3955 J-1.2251
G1 X0.7771 Y-1.4271
X0.7732 Y-1.4272
X0.7694 Y-1.4278
X0.7657 Y-1.429
X0.7623 Y-1.4308
X0.7591 Y-1.4331
X0.7564 Y-1.4358
X0.7541 Y-1.4389
G3 X0.7504 Y-1.4517 I0.0212 J-0.0132 F300.
G1 X0.8014 Y-3.6388
X0.8125 Y-3.7621
X0.8279 Y-3.8526
X0.8555 Y-3.943
X0.8916 Y-4.017
X0.9338 Y-4.0756
X0.994 Y-4.1321
X1.0489 Y-4.1651
X1.1229 Y-4.1916
X2.7674 Y-4.3541
G3 X2.8296 Y-4.3257 I0.0094 J0.0616
X2.8379 Y-4.3048 I-0.0527 J0.0332 F50.
G1 X2.839 Y-4.2966
X2.8393 Y-4.2883 F90.
X2.8403 Y-4.2719
X2.8406 Y-4.2674
G3 X2.8212 Y-4.2076 I-0.0994 J0.0008
X2.7553 Y-4.1415 I-0.1892 J-0.1229
X2.6345 Y-4.0829 I-0.2517 J-0.3651
X2.4606 Y-4.0462 I-0.2635 J-0.817
X2.1718 Y-4.0289 I-0.311 J-2.7732
X1.7015 Y-4.0254 I-0.3706 J-18.1491
G1 X1.5206 Y-4.025
X1.3397
X1.3035 Y-4.0249
X1.2673 Y-4.0241
X1.2312 Y-4.0213
X1.1957 Y-4.0143
X1.1617 Y-4.0019
X1.1302 Y-3.9842
X1.1018 Y-3.9618
X1.0771 Y-3.9354
X1.0561 Y-3.9059
X1.0387 Y-3.8742
X1.0245 Y-3.8409
G2 X0.9919 Y-3.7002 I0.5951 J0.212
X0.9782 Y-3.4837 I1.9842 J0.2342
X0.9751 Y-3.0857 I16.8425 J0.3283
G1 X0.975 Y-2.8686
Y-2.0002
X0.9749 Y-1.9279
X0.9748 Y-1.8917
X0.9746 Y-1.8555
G3 X0.9674 Y-1.6386 I-3.0407 J0.0079
X0.9506 Y-1.5368 I-0.5798 J-0.0435
X0.9344 Y-1.4972 I-0.1518 J-0.039
X0.8844 Y-1.4592 I-0.0774 J-0.0501
G1 X0.8345 Y-1.4437
X0.8187 Y-1.4446
X0.8088 Y-1.4517
X0.8078 Y-1.4545
X0.8029 Y-1.4681 F300.
X0.8552 Y-3.647
X0.8707 Y-3.7703
X0.894 Y-3.8608
X0.9276 Y-3.943
X0.9691 Y-4.0088
X1.0254 Y-4.0663
X1.0679 Y-4.0992
X1.1287 Y-4.1284
X1.1845 Y-4.1451
X1.3696 Y-4.1679
X2.7756 Y-4.3226
G3 X2.792 Y-4.3212 I0.0031 J0.0622
G1 X2.7921
G3 X2.8298 Y-4.296 I-0.0134 J0.0609
X2.8406 Y-4.2674 I-0.0511 J0.0357 F50.
G1 X2.8409 Y-4.2637 F90.
X2.8437 Y-4.2324
G3 X2.8222 Y-4.1648 I-0.1073 J0.0032
X2.7518 Y-4.0949 I-0.2 J-0.1313
X2.6238 Y-4.0337 I-0.264 J-0.3876
X2.4481 Y-3.997 I-0.2704 J-0.8543
X2.1594 Y-3.9792 I-0.3166 J-2.7872
X1.6528 Y-3.9751 I-0.4171 J-20.4356
G1 X1.3996 Y-3.975
X1.3634 Y-3.9749
X1.3272 Y-3.9744
X1.2911 Y-3.9724
X1.2554 Y-3.9666
X1.2208 Y-3.9558
X1.1885 Y-3.9395
X1.1592 Y-3.9183
X1.1335 Y-3.8928
X1.1115 Y-3.8641
X1.0931 Y-3.8329
X1.0781 Y-3.8
X1.066 Y-3.7659
G2 X1.0388 Y-3.624 I0.7101 J0.2098
X1.027 Y-3.3711 I2.6863 J0.2511
X1.025 Y-2.8646 I31.4572 J0.3787
G1 Y-2.0324
G3 X1.0232 Y-1.7791 I-12.8665 J0.0385
X1.0111 Y-1.603 I-1.6116 J-0.0222
X0.9926 Y-1.529 I-0.3667 J-0.0527
X0.9342 Y-1.4747 I-0.0861 J-0.0339
G1 X0.8844 Y-1.4592
G3 X0.8572 Y-1.4692 I-0.0066 J-0.0241
X0.8529 Y-1.4846 I0.0206 J-0.0141 F300.
G1 X0.9052 Y-3.5894
X0.9227 Y-3.7292
X0.9467 Y-3.8197
X0.9831 Y-3.9028
X1.0242 Y-3.965
X1.0389 Y-3.9821
X1.0397 Y-3.9831
X1.0406 Y-3.9841
X1.09 Y-4.0285
X1.1311 Y-4.0556
X1.1991 Y-4.086
X1.2627 Y-4.0989
X2.7756 Y-4.2868
G3 X2.8326 Y-4.261 I0.0062 J0.062
X2.8437 Y-4.2324 I-0.0508 J0.0361 F50.
G1 X2.8471 Y-4.1934 F90.
G3 X2.8261 Y-4.1247 I-0.1109 J0.0036
X2.7556 Y-4.0526 I-0.206 J-0.1311
X2.6272 Y-3.9888 I-0.2724 J-0.3871
X2.4521 Y-3.9498 I-0.2792 J-0.8413
X2.1635 Y-3.93 I-0.324 J-2.6015
X1.6932 Y-3.9255 I-0.3836 J-15.4648
G2 X1.3676 Y-3.9244 I-0.0445 J34.6941
G1 X1.3315 Y-3.9213
X1.296 Y-3.9142
X1.262 Y-3.902
X1.2304 Y-3.8843
X1.2021 Y-3.8618
X1.1774 Y-3.8353
X1.1564 Y-3.8059
X1.1389 Y-3.7742
X1.1247 Y-3.7409
X1.1133 Y-3.7066
X1.1043 Y-3.6715
G2 X1.0824 Y-3.4921 I1.0791 J0.2232
X1.0758 Y-3.1666 I5.9654 J0.283
G1 X1.0753 Y-3.0943
X1.0751 Y-2.9857
X1.075 Y-2.8048
Y-2.0812
G3 X1.072 Y-1.7556 I-11.2886 J0.0584
G1 X1.0701 Y-1.7194
X1.0677 Y-1.6833
G3 X1.052 Y-1.5744 I-0.6505 J-0.0385
X1.0348 Y-1.5294 I-0.1767 J-0.0418
X0.984 Y-1.4901 I-0.0783 J-0.0487
G1 X0.9342 Y-1.4747
G3 X0.907 Y-1.4847 I-0.0066 J-0.0241
X0.9027 Y-1.501 I0.0206 J-0.0141 F300.
G1 X0.9546 Y-3.5237
X0.9667 Y-3.6418
X0.989 Y-3.7457
X1.0199 Y-3.8279
X1.0737 Y-3.9134
X1.125 Y-3.9677
X1.1887 Y-4.0095
X1.2412 Y-4.0334
X1.2956 Y-4.0465
X2.7756 Y-4.2473
G3 X2.836 Y-4.2219 I0.0096 J0.0616
X2.8471 Y-4.1934 I-0.0508 J0.0361 F50.
G2 X2.852 Y-4.1636 I0.3041 J-0.0346 F90.
G3 X2.8416 Y-4.1028 I-0.0927 J0.0155
X2.7785 Y-4.0244 I-0.198 J-0.0948
X2.6695 Y-3.9589 I-0.266 J-0.3189
X2.5049 Y-3.9107 I-0.2893 J-0.6838
X2.2532 Y-3.8843 I-0.3186 J-1.8223
X1.8553 Y-3.8761 I-0.3627 J-7.9381
G1 X1.7227 Y-3.8754
X1.59 Y-3.875
X1.4573
X1.4211 Y-3.8742
X1.3851 Y-3.8717
X1.3495 Y-3.8652
X1.3153 Y-3.8534
X1.2834 Y-3.8362
X1.2547 Y-3.8141
X1.2297 Y-3.788
X1.2083 Y-3.7588
X1.1905 Y-3.7273
X1.176 Y-3.6942
X1.1644 Y-3.6599
X1.1552 Y-3.6249
X1.148 Y-3.5895
G2 X1.1294 Y-3.3734 I1.5063 J0.2384
X1.1254 Y-2.9392 I12.8426 J0.3359
G1 X1.125 Y-2.7583
Y-2.107
G3 X1.1208 Y-1.7453 I-9.9275 J0.0662
X1.107 Y-1.613 I-1.1513 J-0.053
X1.0852 Y-1.5457 I-0.2422 J-0.0413
G1 X1.0752 Y-1.5324
X1.0631 Y-1.521
X1.0491 Y-1.5119
X1.0337 Y-1.5056
X0.984 Y-1.4901
G3 X0.9568 Y-1.5001 I-0.0066 J-0.0241
X0.9526 Y-1.5174 I0.0206 J-0.0141 F300.
G1 X1.0058 Y-3.4908
X1.0162 Y-3.5894
X1.0351 Y-3.6799
X1.0661 Y-3.7703
X1.0984 Y-3.8279
X1.1476 Y-3.8894
X1.2133 Y-3.9451
X1.2744 Y-3.9759
X1.3285 Y-3.9932
X2.7839 Y-4.2092
G3 X2.837 Y-4.1903 I0.008 J0.0618
X2.852 Y-4.1636 I-0.0452 J0.0429 F50.
G1 X2.8536 Y-4.1568 F90.
X2.8598 Y-4.1321
G3 X2.8494 Y-4.0638 I-0.0987 J0.0199
X2.795 Y-3.9913 I-0.1973 J-0.0915
X2.695 Y-3.9241 I-0.269 J-0.2918
X2.5392 Y-3.8705 I-0.2979 J-0.6126
X2.2883 Y-3.8376 I-0.3292 J-1.5385
X1.9629 Y-3.8271 I-0.3349 J-5.3482
X1.4925 Y-3.825 I-0.4026 J-37.4563
G1 X1.4564 Y-3.8236
X1.4204 Y-3.8197
X1.3853 Y-3.811
X1.3519 Y-3.7969
X1.3213 Y-3.7776
X1.2941 Y-3.7538
X1.2706 Y-3.7263
X1.2507 Y-3.6961
X1.2343 Y-3.6638
X1.221 Y-3.6302
G2 X1.1907 Y-3.489 I0.642 J0.2117
X1.1773 Y-3.2362 I2.3832 J0.2522
X1.1751 Y-2.8743 I18.9264 J0.2981
G1 X1.175 Y-2.6573
Y-2.1507
G3 X1.1727 Y-1.8251 I-14.9321 J0.0603
X1.1602 Y-1.6484 I-1.6942 J-0.0311
X1.1418 Y-1.5753 I-0.3656 J-0.0532
X1.0835 Y-1.521 I-0.086 J-0.034
G1 X1.0337 Y-1.5056
G3 X1.0065 Y-1.5156 I-0.0066 J-0.0241
X1.0025 Y-1.5339 I0.0206 J-0.0141 F300.
G1 X1.0548 Y-3.4497
X1.0765 Y-3.5977
X1.1073 Y-3.6963
X1.143 Y-3.7703
X1.1804 Y-3.8211
X1.2387 Y-3.8772
X1.2873 Y-3.9103
X1.3531 Y-3.9361
X1.4107 Y-3.9498
X2.7921 Y-4.1766
G3 X2.8443 Y-4.1585 I0.0079 J0.0618
X2.8579 Y-4.1378 I-0.0443 J0.0438 F50.
G1 X2.8598 Y-4.1321
X2.8693 Y-4.0947 F90.
G3 X2.8585 Y-4.0252 I-0.104 J0.0195
X2.8023 Y-3.9493 I-0.2064 J-0.0941
X2.6993 Y-3.8791 I-0.2807 J-0.3009
X2.5427 Y-3.8239 I-0.3058 J-0.6186
X2.2921 Y-3.7891 I-0.3377 J-1.5131
X1.9668 Y-3.7775 I-0.3421 J-5.0051
X1.5326 Y-3.775 I-0.4042 J-32.5813
G1 X1.4965 Y-3.7729
X1.4606 Y-3.7678
X1.4259 Y-3.7577
X1.3932 Y-3.7421
X1.3635 Y-3.7214
X1.3373 Y-3.6965
X1.3148 Y-3.6682
X1.2959 Y-3.6373
X1.2804 Y-3.6046
G2 X1.2442 Y-3.4649 I0.5389 J0.2141
G1 X1.2395 Y-3.429
G2 X1.2272 Y-3.1761 I2.6163 J0.2538
X1.225 Y-2.6696 I30.0441 J0.38
G1 Y-2.163
G3 X1.2214 Y-1.8013 I-11.9923 J0.0625
X1.2095 Y-1.6612 I-1.4741 J-0.0545
X1.1919 Y-1.5915 I-0.3545 J-0.0527
X1.1374 Y-1.5389 I-0.0858 J-0.0343
G1 X1.1229 Y-1.5337
X1.1147 Y-1.5308
X1.0835 Y-1.521
X1.0653 Y-1.523
X1.0564 Y-1.532
X1.0546 Y-1.5339 F300.
X1.0526 Y-1.5586
X1.1081 Y-3.4168
X1.1251 Y-3.5401
X1.1496 Y-3.6223
X1.1808 Y-3.6963
X1.2235 Y-3.7621
X1.2791 Y-3.82
X1.3202 Y-3.8474
X1.3778 Y-3.8777
X2.8003 Y-4.139
G3 X2.8538 Y-4.1211 I0.0091 J0.0616
X2.8693 Y-4.0947 I-0.0443 J0.0438 F50.
G1 X2.8723 Y-4.0828 F90.
X2.8748 Y-4.0746
X2.8787 Y-4.0618
G3 X2.8712 Y-3.9925 I-0.1002 J0.0243
X2.8198 Y-3.9162 I-0.2049 J-0.0828
X2.6992 Y-3.8314 I-0.298 J-0.2956
X2.5373 Y-3.775 I-0.3148 J-0.6426
X2.2867 Y-3.74 I-0.3452 J-1.5556
X1.9252 Y-3.7273 I-0.3665 J-5.3039
X1.5996 Y-3.7252 I-0.3031 J-21.547
G1 X1.5634 Y-3.7241
X1.5274 Y-3.7209
X1.492 Y-3.7132
X1.4583 Y-3.7001
X1.4271 Y-3.6817
X1.3992 Y-3.6587
X1.3749 Y-3.6319
X1.3543 Y-3.6021
X1.3373 Y-3.5702
X1.3234 Y-3.5368
G2 X1.2916 Y-3.3959 I0.6125 J0.2124
G1 X1.2875 Y-3.36
X1.2844 Y-3.3239
G2 X1.276 Y-2.9984 I4.8799 J0.2885
G1 X1.2752 Y-2.8658
X1.2749 Y-2.7331
X1.275 Y-2.6004
Y-2.2024
G3 X1.2708 Y-1.8045 I-11.6033 J0.0761
X1.2578 Y-1.6678 I-1.2692 J-0.0519
X1.2435 Y-1.6124 I-0.336 J-0.0568
X1.1881 Y-1.557 I-0.0866 J-0.0312
G1 X1.1374 Y-1.5389
G3 X1.1098 Y-1.5477 I-0.0076 J-0.0238
X1.1052 Y-1.5668 I0.02 J-0.015 F300.
G1 X1.1541 Y-3.3263
X1.1673 Y-3.4497
X1.1974 Y-3.573
X1.2262 Y-3.6388
X1.2709 Y-3.7106
X1.3294 Y-3.7703
X1.386 Y-3.8091
X1.4544 Y-3.8361
X2.8085 Y-4.1027
G3 X2.8619 Y-4.0874 I0.0113 J0.0613
X2.8787 Y-4.0618 I-0.0421 J0.046 F50.
G1 X2.8798 Y-4.0581 F90.
X2.8825 Y-4.0514
X2.8895 Y-4.0351
G3 X2.8902 Y-3.9741 I-0.0866 J0.0314
X2.8444 Y-3.8909 I-0.1986 J-0.0551
X2.7389 Y-3.8045 I-0.2934 J-0.2507
X2.5914 Y-3.7417 I-0.3254 J-0.559
X2.3427 Y-3.6963 I-0.3579 J-1.2579
X2.0176 Y-3.6792 I-0.3609 J-3.7616
X1.6558 Y-3.6754 I-0.3792 J-18.76
G1 X1.6196 Y-3.6745
X1.5835 Y-3.6717
X1.548 Y-3.6649
X1.5139 Y-3.6528
X1.4822 Y-3.6353
X1.4537 Y-3.613
X1.4288 Y-3.5868
X1.4076 Y-3.5575
X1.39 Y-3.5259
X1.3756 Y-3.4927
G2 X1.3424 Y-3.3521 I0.5879 J0.2131
G1 X1.3381 Y-3.3162
X1.3348 Y-3.2802
G2 X1.3261 Y-2.9547 I4.6452 J0.2883
X1.325 Y-2.5567 I38.6786 J0.2984
G1 Y-2.1949
G3 X1.3211 Y-1.8331 I-11.6377 J0.057
X1.3092 Y-1.693 I-1.5089 J-0.0577
X1.293 Y-1.6278 I-0.351 J-0.0527
X1.2386 Y-1.5751 I-0.0856 J-0.0339
G1 X1.1881 Y-1.557
X1.1843 Y-1.5561
X1.1805 Y-1.5558
X1.164 Y-1.562
X1.1613 Y-1.5669
X1.1558 Y-1.5769 F300.
X1.206 Y-3.3099
X1.2226 Y-3.425
X1.251 Y-3.5319
X1.2857 Y-3.6059
X1.3241 Y-3.6634
X1.3702 Y-3.7128
X1.4107 Y-3.7441
X1.4117 Y-3.7449
X1.4127 Y-3.7457
X1.4809 Y-3.7786
X1.5505 Y-3.7995
X2.8168 Y-4.0686
G3 X2.87 Y-4.0587 I0.0164 J0.0601
X2.8895 Y-4.0351 I-0.0369 J0.0502 F50.
G1 X2.9037 Y-4.0022 F90.
G3 X2.905 Y-3.9405 I-0.0908 J0.0328
X2.8599 Y-3.8545 I-0.2053 J-0.0528
X2.7545 Y-3.7647 I-0.303 J-0.2488
X2.6086 Y-3.6991 I-0.3355 J-0.5511
X2.3606 Y-3.6497 I-0.3687 J-1.2053
X2.0357 Y-3.6301 I-0.3703 J-3.4346
X1.7101 Y-3.6257 I-0.3477 J-13.6348
G1 X1.6739 Y-3.6249
X1.6378 Y-3.6224
X1.6022 Y-3.6161
X1.5679 Y-3.6046
X1.5359 Y-3.5878
X1.5069 Y-3.566
X1.4816 Y-3.5402
X1.46 Y-3.5112
X1.442 Y-3.4798
X1.4272 Y-3.4468
G2 X1.393 Y-3.3065 I0.5714 J0.2136
G1 X1.3885 Y-3.2706
X1.3852 Y-3.2345
X1.3827 Y-3.1984
G2 X1.3758 Y-2.8729 I5.9448 J0.2877
G1 X1.3753 Y-2.8006
X1.3751 Y-2.692
X1.375 Y-2.5111
Y-2.2216
G3 X1.3714 Y-1.8599 I-12.7273 J0.0558
X1.3604 Y-1.7177 I-1.6857 J-0.0593
X1.3437 Y-1.647 I-0.36 J-0.0474
X1.2889 Y-1.5931 I-0.0862 J-0.033
G1 X1.2386 Y-1.5751
X1.238 Y-1.575
G3 X1.211 Y-1.5839 I-0.007 J-0.024
X1.206 Y-1.5997 I0.02 J-0.015 F300.
G1 X1.2529 Y-3.203
X1.2689 Y-3.351
X1.2893 Y-3.4414
X1.3268 Y-3.5409
X1.3684 Y-3.6059
X1.4117 Y-3.6552
X1.4682 Y-3.6986
X1.5422 Y-3.7329
X1.6985 Y-3.7718
X2.8332 Y-4.0362
G3 X2.8842 Y-4.0258 I0.0142 J0.0607
X2.9037 Y-4.0022 I-0.0368 J0.0503 F50.
G1 X2.9151 Y-3.9759 F90.
X2.9175 Y-3.9711
G3 X2.9213 Y-3.9098 I-0.0871 J0.0362
X2.8801 Y-3.8232 I-0.2045 J-0.0442
X2.7807 Y-3.7314 I-0.3066 J-0.232
X2.6395 Y-3.6613 I-0.3501 J-0.5277
X2.393 Y-3.6052 I-0.3796 J-1.1003
X2.1046 Y-3.5828 I-0.364 J-2.8194
X1.7428 Y-3.576 I-0.3805 J-10.5716
G1 X1.7067 Y-3.5744
X1.6707 Y-3.5703
X1.6356 Y-3.5616
X1.6023 Y-3.5474
X1.5717 Y-3.5281
X1.5445 Y-3.5043
X1.5209 Y-3.4768
X1.501 Y-3.4466
X1.4846 Y-3.4144
X1.4712 Y-3.3808
G2 X1.4408 Y-3.2395 I0.6407 J0.212
G1 X1.4369 Y-3.2036
X1.4339 Y-3.1675
X1.4317 Y-3.1314
G2 X1.4257 Y-2.8058 I6.7954 J0.2878
G1 X1.4253 Y-2.7335
X1.4251 Y-2.6249
X1.425 Y-2.4078
G3 X1.4222 Y-1.9013 I-23.4975 J0.1238
X1.4093 Y-1.7269 I-1.8053 J-0.0464
X1.3935 Y-1.6639 I-0.3572 J-0.0559
X1.3391 Y-1.6112 I-0.0855 J-0.0339
G1 X1.2889 Y-1.5932
G3 X1.2612 Y-1.602 I-0.0076 J-0.0238
X1.2563 Y-1.6161 I0.02 J-0.015 F300.
G1 X1.3034 Y-3.1701
X1.3142 Y-3.2778
X1.3404 Y-3.4003
X1.382 Y-3.499
X1.4189 Y-3.5573
X1.46 Y-3.6026
X1.5154 Y-3.647
X1.5834 Y-3.6811
X2.8496 Y-4.0027
G3 X2.8969 Y-3.9937 I0.0129 J0.061
X2.9175 Y-3.9711 I-0.0343 J0.052 F50.
G1 X2.9272 Y-3.9512 F90.
X2.9309 Y-3.9452
G3 X2.9399 Y-3.8856 I-0.077 J0.042
X2.9067 Y-3.8008 I-0.1952 J-0.0273
X2.82 Y-3.7083 I-0.3005 J-0.1951
X2.6947 Y-3.6346 I-0.3525 J-0.4561
X2.4873 Y-3.5722 I-0.376 J-0.8732
X2.2001 Y-3.5384 I-0.3879 J-2.0604
X1.8023 Y-3.5269 I-0.4041 J-7.0785
G1 X1.7661 Y-3.5253
X1.7301 Y-3.5221
X1.6947 Y-3.5147
X1.6608 Y-3.5019
X1.6294 Y-3.4839
X1.6013 Y-3.4612
X1.5767 Y-3.4346
X1.5559 Y-3.405
X1.5386 Y-3.3733
X1.5245 Y-3.3399
G2 X1.492 Y-3.1992 I0.6013 J0.2129
X1.4805 Y-3.055 I1.5845 J0.199
X1.4754 Y-2.6932 I10.0174 J0.3222
G1 X1.4751 Y-2.5847
X1.475 Y-2.2591
G3 X1.4714 Y-1.8973 I-13.0247 J0.0513
X1.4608 Y-1.7551 I-1.7724 J-0.0606
X1.4442 Y-1.6834 I-0.3611 J-0.0454
X1.3892 Y-1.6291 I-0.0864 J-0.0326
G1 X1.3391 Y-1.6112
G3 X1.3115 Y-1.62 I-0.0076 J-0.0238
X1.3066 Y-1.6326 I0.02 J-0.015 F300.
G1 X1.3577 Y-3.1619
X1.3723 Y-3.277
X1.386 Y-3.3306
X1.4204 Y-3.425
X1.4929 Y-3.5354
X1.5587 Y-3.5929
X1.6162 Y-3.6243
X1.7396 Y-3.6608
X2.8661 Y-3.9714
G3 X2.9081 Y-3.9657 I0.0131 J0.0609
X2.9309 Y-3.9452 I-0.0289 J0.0552 F50.
G1 X2.9428 Y-3.9266 F90.
X2.948 Y-3.9183
G3 X2.9584 Y-3.8516 I-0.083 J0.0471
X2.9301 Y-3.7732 I-0.1971 J-0.0267
X2.8308 Y-3.6641 I-0.3191 J-0.1907
X2.6992 Y-3.5872 I-0.3679 J-0.4788
X2.4562 Y-3.5181 I-0.4045 J-0.9609
X2.1685 Y-3.4874 I-0.3888 J-2.2818
X1.8431 Y-3.4774 I-0.3799 J-7.0119
G1 X1.807 Y-3.4755
X1.771 Y-3.4713
X1.7359 Y-3.4624
X1.7026 Y-3.4483
X1.672 Y-3.429
X1.6448 Y-3.4052
X1.6212 Y-3.3777
X1.6013 Y-3.3475
X1.5848 Y-3.3153
X1.5715 Y-3.2817
G2 X1.5409 Y-3.1405 I0.6393 J0.2123
X1.5301 Y-2.9962 I1.6901 J0.1988
X1.5253 Y-2.6345 I10.7058 J0.3222
G1 X1.5251 Y-2.5259
X1.5249 Y-2.2726
G3 X1.5212 Y-1.9108 I-12.6546 J0.0484
X1.5103 Y-1.7692 I-1.675 J-0.057
X1.4945 Y-1.7017 I-0.3565 J-0.048
X1.4425 Y-1.649 I-0.0861 J-0.0329
G1 X1.4271 Y-1.6429
X1.4217 Y-1.6408
X1.3892 Y-1.6291
G3 X1.3616 Y-1.638 I-0.0076 J-0.0238
X1.357 Y-1.6572 I0.02 J-0.015 F300.
G1 X1.4085 Y-3.1208
X1.4207 Y-3.2155
X1.4518 Y-3.3327
X1.4795 Y-3.3921
X1.5404 Y-3.4826
X1.5934 Y-3.5319
X1.6535 Y-3.5685
X1.7325 Y-3.5977
X2.8797 Y-3.943
G3 X2.925 Y-3.9385 I0.0169 J0.06
X2.9412 Y-3.9266 I-0.0283 J0.0555 F50.
G1 X2.948 Y-3.9183
X2.9671 Y-3.8884 F90.
G3 X2.9783 Y-3.8208 I-0.0864 J0.0492
X2.9434 Y-3.7275 I-0.2138 J-0.027
X2.8509 Y-3.6263 I-0.3276 J-0.2065
X2.7203 Y-3.547 I-0.3781 J-0.4754
X2.4786 Y-3.4737 I-0.4174 J-0.941
X2.1913 Y-3.4397 I-0.4007 J-2.1542
X1.9021 Y-3.4285 I-0.3698 J-5.8378
G1 X1.866 Y-3.4269
X1.83 Y-3.4235
X1.7946 Y-3.4159
X1.7608 Y-3.4029
X1.7295 Y-3.3848
X1.7013 Y-3.3621
X1.6768 Y-3.3355
X1.656 Y-3.3059
X1.6387 Y-3.2741
X1.6246 Y-3.2408
G2 X1.592 Y-3.1001 I0.6017 J0.2132
X1.5792 Y-2.9197 I1.7778 J0.2173
X1.5751 Y-2.4856 I14.8916 J0.3569
G1 X1.5749 Y-2.2685
G3 X1.5703 Y-1.9067 I-10.6434 J0.0444
X1.5578 Y-1.7709 I-1.3081 J-0.0517
X1.546 Y-1.724 I-0.3407 J-0.0611
X1.4942 Y-1.67 I-0.0866 J-0.0312
G1 X1.4518 Y-1.6527
X1.4425 Y-1.649
G3 X1.4146 Y-1.6569 I-0.0084 J-0.0235
X1.4091 Y-1.6737 I0.0195 J-0.0157 F300.
G1 X1.4554 Y-3.0386
X1.472 Y-3.1783
X1.4996 Y-3.277
X1.534 Y-3.3535
X1.5751 Y-3.4162
X1.6284 Y-3.4705
X1.6738 Y-3.5029
X1.7326 Y-3.5319
X2.899 Y-3.9131
G3 X2.9441 Y-3.9086 I0.0167 J0.06
X2.9671 Y-3.8884 I-0.0283 J0.0555 F50.
G1 X2.9742 Y-3.8772 F90.
X2.9796 Y-3.869
X2.9858 Y-3.8608
G3 X3.0002 Y-3.8016 I-0.0763 J0.0499
X2.9753 Y-3.7125 I-0.2006 J-0.0081
X2.8809 Y-3.5965 I-0.3322 J-0.1739
X2.755 Y-3.5134 I-0.3901 J-0.4539
X2.5509 Y-3.4407 I-0.4132 J-0.8373
X2.2291 Y-3.3934 I-0.4401 J-1.878
X1.9401 Y-3.3797 I-0.3789 J-4.9262
G1 X1.9039 Y-3.3773
X1.8681 Y-3.3725
X1.8331 Y-3.3631
X1.8001 Y-3.3484
X1.7698 Y-3.3286
X1.7429 Y-3.3044
X1.7196 Y-3.2767
X1.7 Y-3.2463
X1.6838 Y-3.2139
X1.6707 Y-3.1802
G2 X1.6406 Y-3.0389 I0.652 J0.2124
X1.6288 Y-2.8584 I1.9362 J0.2171
X1.6253 Y-2.4243 I15.2304 J0.3414
G3 X1.6215 Y-1.954 I-20.2447 J0.0711
X1.6112 Y-1.8105 I-1.943 J-0.0678
X1.5978 Y-1.7481 I-0.3732 J-0.0474
X1.5449 Y-1.6907 I-0.0879 J-0.0279
G1 X1.4942 Y-1.67
G3 X1.4663 Y-1.6776 I-0.0086 J-0.0235
X1.4611 Y-1.6983 I0.0193 J-0.0158 F300.
G1 X1.5013 Y-2.9317
X1.515 Y-3.0714
X1.5362 Y-3.1866
X1.5669 Y-3.272
X1.6133 Y-3.351
X1.6574 Y-3.4019
X1.7067 Y-3.443
X1.756 Y-3.4711
X1.904 Y-3.5256
X2.9154 Y-3.8798
G3 X2.9613 Y-3.8791 I0.022 J0.0583
X2.9812 Y-3.8658 I-0.0238 J0.0576 F50.
G1 X2.9858 Y-3.8608
X2.992 Y-3.8526 F90.
X2.9977 Y-3.8459
X3.0037 Y-3.8391
G3 X3.0227 Y-3.7821 I-0.0685 J0.0544
X2.9993 Y-3.6827 I-0.201 J0.0051
X2.9239 Y-3.5794 I-0.3234 J-0.1567
X2.7815 Y-3.4763 I-0.4112 J-0.418
X2.5792 Y-3.3991 I-0.426 J-0.813
X2.2582 Y-3.3468 I-0.4533 J-1.773
X2.0054 Y-3.3321 I-0.3609 J-4.0157
G1 X1.9693 Y-3.3301
X1.9333 Y-3.3265
X1.8979 Y-3.319
X1.8639 Y-3.3064
X1.8324 Y-3.2886
X1.804 Y-3.2662
X1.7792 Y-3.2399
X1.758 Y-3.2105
X1.7404 Y-3.1789
X1.726 Y-3.1458
G2 X1.6926 Y-3.0052 I0.5882 J0.2138
X1.6784 Y-2.7887 I1.9314 J0.2359
X1.6753 Y-2.4993 I11.7348 J0.2698
G1 X1.6749 Y-2.2822
G3 X1.6692 Y-1.9205 I-9.08 J0.0383
X1.6563 Y-1.7993 I-1.0315 J-0.0487
X1.6414 Y-1.7526 I-0.1903 J-0.0348
X1.5953 Y-1.7113 I-0.0812 J-0.0442
G1 X1.5449 Y-1.6907
G3 X1.5169 Y-1.6983 I-0.0086 J-0.0235
X1.5113 Y-1.7148 I0.0193 J-0.0158 F300.
G1 X1.5597 Y-2.9892
X1.5768 Y-3.0961
X1.6089 Y-3.203
X1.6574 Y-3.2939
X1.6693 Y-3.3099
G3 X1.682 Y-3.3263 I0.0837 J0.0518
G1 X1.733 Y-3.3757
X1.7807 Y-3.4095
X1.8547 Y-3.442
X2.9401 Y-3.8555
G3 X2.9778 Y-3.8554 I0.0186 J0.0595
X3.0037 Y-3.8391 I-0.0191 J0.0593 F50.
G1 X3.0256 Y-3.8145 F90.
G3 X3.0462 Y-3.7576 I-0.0708 J0.0578
X3.0259 Y-3.6566 I-0.2038 J0.0115
X2.9534 Y-3.5501 I-0.3303 J-0.147
X2.8156 Y-3.4433 I-0.4234 J-0.4041
X2.6156 Y-3.3602 I-0.4386 J-0.7725
X2.2958 Y-3.3015 I-0.469 J-1.6542
X2.0432 Y-3.2838 I-0.3867 J-3.7237
G1 X2.0071 Y-3.2812
X1.9713 Y-3.2763
X1.9363 Y-3.2669
X1.9031 Y-3.2525
X1.8726 Y-3.233
X1.8455 Y-3.2091
X1.8219 Y-3.1817
X1.802 Y-3.1515
X1.7854 Y-3.1193
X1.772 Y-3.0857
G2 X1.7412 Y-2.9446 I0.6382 J0.2133
X1.7281 Y-2.728 I2.1006 J0.2357
X1.725 Y-2.2938 I19.1484 J0.3524
G3 X1.7189 Y-1.9321 I-9.2223 J0.0241
X1.7056 Y-1.8151 I-0.9194 J-0.0449
X1.6914 Y-1.7724 I-0.1708 J-0.0331
X1.6458 Y-1.7318 I-0.0808 J-0.0449
G1 X1.5953 Y-1.7113
G3 X1.5674 Y-1.7189 I-0.0086 J-0.0235
X1.5621 Y-1.7394 I0.0193 J-0.0158 F300.
G1 X1.6123 Y-2.9563
X1.6306 Y-3.0632
X1.6555 Y-3.1454
X1.6876 Y-3.2112
X1.7259 Y-3.2688
X1.7725 Y-3.3184
X1.83 Y-3.3602
X1.8988 Y-3.3921
X2.9565 Y-3.8289
G3 X2.9997 Y-3.8308 I0.024 J0.0575
X3.0256 Y-3.8145 I-0.0191 J0.0593 F50.
G1 X3.047 Y-3.7905 F90.
X3.0503 Y-3.7868
G3 X3.0708 Y-3.729 I-0.0744 J0.0589
X3.0501 Y-3.6235 I-0.2125 J0.013
X2.9574 Y-3.4944 I-0.36 J-0.1606
X2.8328 Y-3.4009 I-0.4261 J-0.4378
X2.5987 Y-3.3063 I-0.4739 J-0.8363
X2.3142 Y-3.2544 I-0.4583 J-1.706
X2.0979 Y-3.237 I-0.3865 J-3.4568
G1 X2.0618 Y-3.2342
X2.0259 Y-3.2293
X1.9909 Y-3.2205
X1.9575 Y-3.2066
X1.9266 Y-3.1877
X1.899 Y-3.1643
X1.875 Y-3.1372
X1.8546 Y-3.1074
X1.8376 Y-3.0754
X1.8238 Y-3.0419
G2 X1.7919 Y-2.9011 I0.6184 J0.2142
X1.7782 Y-2.6845 I2.0193 J0.2359
X1.7749 Y-2.2504 I18.6584 J0.362
G3 X1.7693 Y-1.961 I-8.324 J-0.0143
X1.7569 Y-1.8404 I-0.9802 J-0.0401
X1.7422 Y-1.7938 I-0.1876 J-0.0337
X1.696 Y-1.7524 I-0.0812 J-0.0441
G1 X1.6458 Y-1.7318
G3 X1.6178 Y-1.7395 I-0.0086 J-0.0235
X1.6121 Y-1.7559 I0.0193 J-0.0158 F300.
G1 X1.6562 Y-2.8577
X1.6772 Y-2.9974
X1.6958 Y-3.0714
X1.697 Y-3.0756
X1.6984 Y-3.0797
X1.7274 Y-3.1454
X1.7685 Y-3.2112
G3 X1.7807 Y-3.2276 I0.0847 J0.0502
G1 X1.8383 Y-3.2837
X1.9065 Y-3.3263
X2.9812 Y-3.8007
G3 X3.0243 Y-3.8028 I0.0244 J0.0573
X3.047 Y-3.79 I-0.0187 J0.0594 F50.
G1 X3.0503 Y-3.7868
X3.0578 Y-3.7786 F90.
X3.0634 Y-3.7732
X3.0706 Y-3.7666
G3 X3.0955 Y-3.7117 I-0.0637 J0.0619
X3.0827 Y-3.6097 I-0.2008 J0.0267
X3.0031 Y-3.4807 I-0.3522 J-0.1284
X2.8925 Y-3.385 I-0.4276 J-0.3823
X2.6648 Y-3.2767 I-0.4885 J-0.7339
X2.3826 Y-3.214 I-0.4789 J-1.4889
X2.1306 Y-3.1893 I-0.4414 J-3.1987
G1 X2.0947 Y-3.1852
X2.0592 Y-3.1784
X2.0248 Y-3.167
X1.9926 Y-3.1505
X1.9633 Y-3.1293
X1.9374 Y-3.104
X1.9151 Y-3.0755
X1.8964 Y-3.0446
X1.8809 Y-3.0118
G2 X1.8447 Y-2.8721 I0.5454 J0.2162
X1.8288 Y-2.6557 I1.7552 J0.2373
G1 X1.8277 Y-2.6195
G2 X1.8241 Y-2.1492 I38.2584 J0.5287
G3 X1.8163 Y-1.9323 I-4.4539 J-0.0515
X1.8023 Y-1.8405 I-0.5351 J-0.0347
X1.7621 Y-1.7817 I-0.0934 J-0.0206
G1 X1.749 Y-1.7746
X1.7248 Y-1.7641
X1.696 Y-1.7524
G3 X1.6681 Y-1.76 I-0.0086 J-0.0235
X1.6628 Y-1.7806 I0.0193 J-0.0158 F300.
G1 X1.7091 Y-2.833
X1.7254 Y-2.9399
X1.7489 Y-3.0304
X1.7812 Y-3.1043
X1.8232 Y-3.1701
X1.8794 Y-3.2285
X1.9382 Y-3.2688
X3.0059 Y-3.7766
G3 X3.0432 Y-3.7801 I0.0243 J0.0574
X3.0706 Y-3.7666 I-0.013 J0.0609 F50.
G1 X3.0717 Y-3.7657 F90.
X3.0926 Y-3.7486
G3 X3.121 Y-3.6958 I-0.0587 J0.0656
X3.1152 Y-3.5964 I-0.1932 J0.0386
X3.0472 Y-3.468 I-0.3459 J-0.1009
X2.9201 Y-3.3493 I-0.4515 J-0.356
X2.6942 Y-3.2368 I-0.504 J-0.7293
X2.4131 Y-3.1695 I-0.4949 J-1.4461
X2.1975 Y-3.1449 I-0.4177 J-2.7024
G1 X2.1615 Y-3.1411
X2.1257 Y-3.1356
X2.0908 Y-3.1261
X2.0576 Y-3.1118
X2.0269 Y-3.0926
X1.9994 Y-3.0691
X1.9754 Y-3.0419
X1.9551 Y-3.0121
X1.9381 Y-2.9801
X1.9243 Y-2.9467
G2 X1.8922 Y-2.8058 I0.6185 J0.2151
X1.8776 Y-2.5531 I2.2305 J0.2551
X1.8739 Y-2.1551 I28.5136 J0.4649
G3 X1.8652 Y-1.9382 I-3.7943 J-0.0436
X1.8504 Y-1.854 I-0.4531 J-0.0363
X1.8012 Y-1.7984 I-0.0882 J-0.0286
G1 X1.756 Y-1.7777
X1.749 Y-1.7746
G3 X1.7208 Y-1.7814 I-0.0093 J-0.0232
X1.7147 Y-1.797 I0.0189 J-0.0164 F300.
G1 X1.7639 Y-2.833
X1.7842 Y-2.9317
X1.8105 Y-3.0139
X1.812 Y-3.018
X1.8136 Y-3.022
X1.8465 Y-3.084
G3 X1.8547 Y-3.0961 I0.0853 J0.0491
G1 X1.8958 Y-3.1475
X1.9452 Y-3.1924
X2.0109 Y-3.234
X3.0255 Y-3.7539
G3 X3.0644 Y-3.7606 I0.0294 J0.0549
X3.0926 Y-3.7486 I-0.0095 J0.0616 F50.
G1 X3.1189 Y-3.7272 F90.
G3 X3.1484 Y-3.6744 I-0.0608 J0.0686
X3.1447 Y-3.5725 I-0.1972 J0.044
X3.0785 Y-3.44 I-0.3551 J-0.0949
X2.98 Y-3.3382 I-0.4445 J-0.3314
X2.7632 Y-3.2125 I-0.5201 J-0.6472
X2.4854 Y-3.1329 I-0.5183 J-1.2842
X2.2346 Y-3.0987 I-0.4667 J-2.4855
G1 X2.1987 Y-3.0938
X2.1632 Y-3.0867
X2.1289 Y-3.0752
X2.0966 Y-3.059
X2.0671 Y-3.0381
X2.0409 Y-3.0131
X2.0182 Y-2.9849
X1.9991 Y-2.9542
X1.9833 Y-2.9217
G2 X1.9457 Y-2.7823 I0.5319 J0.218
X1.929 Y-2.566 I1.6891 J0.239
G1 X1.9279 Y-2.5298
G2 X1.9238 Y-2.168 I32.7423 J0.5478
G3 X1.9147 Y-1.9512 I-3.4025 J-0.0345
X1.9009 Y-1.8765 I-0.4163 J-0.0382
X1.852 Y-1.8218 I-0.0875 J-0.029
G1 X1.8012 Y-1.7984
G3 X1.7729 Y-1.8048 I-0.0096 J-0.0231
X1.7665 Y-1.8217 I0.0186 J-0.0167 F300.
G1 X1.8127 Y-2.7754
X1.834 Y-2.8828
X1.8599 Y-2.9646
X1.8932 Y-3.0303
X1.9278 Y-3.0797
X1.9698 Y-3.1234
X2.0297 Y-3.1701
X3.0552 Y-3.7341
G3 X3.0907 Y-3.7391 I0.0261 J0.0566
X3.1189 Y-3.7272 I-0.0095 J0.0616 F50.
G1 X3.1374 Y-3.7121 F90.
X3.1457 Y-3.7057
G3 X3.1782 Y-3.646 I-0.0633 J0.0731
X3.1754 Y-3.5499 I-0.2028 J0.0422
X3.1116 Y-3.4141 I-0.3644 J-0.0882
X2.9876 Y-3.2867 I-0.4809 J-0.3438
X2.7674 Y-3.1634 I-0.5364 J-0.6997
X2.4538 Y-3.0782 I-0.5467 J-1.3928
X2.2747 Y-3.053 I-0.4728 J-2.711
G1 X2.239 Y-3.0472
X2.2038 Y-3.0386
X2.1701 Y-3.0256
X2.1385 Y-3.0078
X2.1099 Y-2.9857
X2.0847 Y-2.9597
X2.0631 Y-2.9307
X2.0449 Y-2.8994
X2.0299 Y-2.8665
G2 X1.9945 Y-2.7265 I0.5677 J0.2181
X1.9788 Y-2.5101 I1.8041 J0.2398
G1 X1.9776 Y-2.4739
X1.9759 Y-2.3413
X1.9738 Y-2.2086
X1.9714 Y-2.076
G3 X1.961 Y-1.9417 I-1.5393 J-0.0513
X1.9469 Y-1.8885 I-0.2231 J-0.0305
X1.9026 Y-1.845 I-0.0832 J-0.0405
G1 X1.852 Y-1.8218
X1.8465 Y-1.8202
G3 X1.8238 Y-1.8282 I-0.0041 J-0.0247
X1.8174 Y-1.8463 I0.0186 J-0.0167 F300.
G1 X1.8638 Y-2.7261
X1.8824 Y-2.8248
X1.9208 Y-2.9399
X1.9625 Y-3.0139
X2.0034 Y-3.0632
X2.0621 Y-3.1126
X3.0799 Y-3.71
G3 X3.1172 Y-3.7169 I0.0295 J0.0549
X3.1457 Y-3.7057 I-0.0078 J0.0618 F50.
G1 X3.1471 Y-3.7046 F90.
X3.1539 Y-3.6996
X3.1687 Y-3.6907
G3 X3.2033 Y-3.6419 I-0.0486 J0.0711
X3.2096 Y-3.543 I-0.1852 J0.0614
X3.1586 Y-3.4095 I-0.3497 J-0.0571
X3.0498 Y-3.2799 I-0.478 J-0.2907
X2.8391 Y-3.1431 I-0.5512 J-0.6184
X2.5299 Y-3.0436 I-0.5712 J-1.2444
X2.3157 Y-3.0082 I-0.5277 J-2.5301
G1 X2.2802 Y-3.0011
X2.2455 Y-2.991
X2.2123 Y-2.9766
X2.1815 Y-2.9575
X2.1538 Y-2.9342
X2.1296 Y-2.9074
X2.1088 Y-2.8778
X2.0914 Y-2.8461
X2.0771 Y-2.8128
G2 X2.0435 Y-2.6724 I0.6015 J0.2183
X2.0285 Y-2.4559 I1.9182 J0.2415
G1 X2.0274 Y-2.4197
G3 X2.0213 Y-2.0942 I-30.5931 J-0.4123
X2.0112 Y-1.963 I-1.3539 J-0.0383
X1.9972 Y-1.9113 I-0.2141 J-0.0301
X1.953 Y-1.8682 I-0.083 J-0.041
G1 X1.9026 Y-1.845
G3 X1.8743 Y-1.8514 I-0.0096 J-0.0231
X1.8681 Y-1.871 I0.0186 J-0.0167 F300.
G1 X1.9164 Y-2.7014
X1.9351 Y-2.7919
X1.9369 Y-2.8001
X1.978 Y-2.9087
X2.0274 Y-2.9883
X2.085 Y-3.0468
X2.1672 Y-3.1018
X3.1046 Y-3.6884
G3 X3.1391 Y-3.6985 I0.0339 J0.0523
X3.1687 Y-3.6907 I-0.0006 J0.0623 F50.
G1 X3.1786 Y-3.6848 F90.
X3.195 Y-3.6753
G3 X3.2343 Y-3.6213 I-0.0498 J0.0775
X3.2428 Y-3.5302 I-0.1865 J0.0633
X3.1985 Y-3.3957 I-0.3511 J-0.041
X3.0733 Y-3.2403 I-0.5049 J-0.2787
X2.8622 Y-3.1021 I-0.5699 J-0.6404
X2.5539 Y-2.9994 I-0.5886 J-1.2531
X2.376 Y-2.9669 I-0.5238 J-2.361
G1 X2.3405 Y-2.96
X2.3056 Y-2.9505
X2.272 Y-2.937
X2.2406 Y-2.9191
X2.2121 Y-2.8968
X2.1868 Y-2.8709
X2.165 Y-2.842
X2.1466 Y-2.8108
X2.1314 Y-2.778
G2 X2.0952 Y-2.6382 I0.5617 J0.22
X2.0788 Y-2.4219 I1.7812 J0.2443
G1 X2.0775 Y-2.3857
G3 X2.069 Y-2.0602 I-13.7694 J-0.1972
X2.0567 Y-1.9615 I-0.6787 J-0.0347
X2.0388 Y-1.9199 I-0.1089 J-0.0223
G1 X2.0286 Y-1.9085
X2.0168 Y-1.8989
X2.0035 Y-1.8914
X1.953 Y-1.8682
G3 X1.9288 Y-1.871 I-0.0096 J-0.0231
G1 X1.9259 Y-1.8756
X1.9187 Y-1.8874 F300.
X1.9638 Y-2.6357
X1.9828 Y-2.7426
X2.017 Y-2.8412
X2.048 Y-2.8988
X2.1014 Y-2.9709
X2.1629 Y-3.0221
X3.1305 Y-3.6717
G3 X3.1653 Y-3.6826 I0.0353 J0.0514
X3.195 Y-3.6753 I0.0005 J0.0623 F50.
G1 X3.2262 Y-3.6573 F90.
G3 X3.2659 Y-3.6022 I-0.054 J0.0807
X3.2754 Y-3.5072 I-0.1944 J0.0674
X3.2304 Y-3.3669 I-0.3657 J-0.04
X3.1271 Y-3.229 I-0.5055 J-0.2709
X2.9239 Y-3.0808 I-0.5887 J-0.5934
X2.6201 Y-2.9657 I-0.6133 J-1.161
X2.4432 Y-2.9282 I-0.504 J-1.9409
G1 X2.4077 Y-2.9212
X2.3725 Y-2.9127
X2.3384 Y-2.9008
X2.3059 Y-2.8848
X2.276 Y-2.8644
X2.2492 Y-2.8401
X2.2258 Y-2.8125
X2.2058 Y-2.7824
X2.1891 Y-2.7503
X2.1753 Y-2.7168
G2 X2.1429 Y-2.5761 I0.6332 J0.2199
X2.128 Y-2.3596 I2.0529 J0.25
G3 X2.1205 Y-2.1064 I-33.3437 J-0.869
X2.1087 Y-1.9918 I-0.8533 J-0.0298
X2.091 Y-1.9461 I-0.1266 J-0.0226
G1 X2.0812 Y-1.9345
X2.0698 Y-1.9246
X2.0568 Y-1.9167
X2.0521 Y-1.9143
X2.0274 Y-1.9024
X2.0035 Y-1.8914
G3 X1.9752 Y-1.8978 I-0.0096 J-0.0231
X1.969 Y-1.9121 I0.0186 J-0.0167 F300.
G1 X2.0181 Y-2.6192
X2.0322 Y-2.6932
X2.0588 Y-2.7754
X2.0943 Y-2.8494
X2.1425 Y-2.9157
X2.2037 Y-2.9728
X3.1621 Y-3.6539
G3 X3.1965 Y-3.6646 I0.0349 J0.0516
X3.2262 Y-3.6573 I0.0005 J0.0623 F50.
G2 X3.2539 Y-3.6423 I0.2822 J-0.4904 F90.
G3 X3.2932 Y-3.5965 I-0.0439 J0.0773
X3.3096 Y-3.4962 I-0.1834 J0.0815
X3.2713 Y-3.3552 I-0.3619 J-0.0227
X3.1518 Y-3.1898 I-0.5287 J-0.2561
X2.9482 Y-3.0406 I-0.6075 J-0.6155
X2.6455 Y-2.9227 I-0.6325 J-1.1763
X2.4692 Y-2.8826 I-0.6131 J-2.2882
G1 X2.434 Y-2.8741
X2.3996 Y-2.8629
X2.3667 Y-2.8479
X2.336 Y-2.8287
X2.3083 Y-2.8055
X2.2838 Y-2.7788
X2.2627 Y-2.7495
X2.2449 Y-2.718
X2.2301 Y-2.6849
G2 X2.1949 Y-2.5449 I0.5882 J0.2225
X2.1781 Y-2.3285 I1.8999 J0.2557
G1 X2.1767 Y-2.2924
G3 X2.1674 Y-2.0755 I-5.1752 J-0.1134
X2.1558 Y-2.002 I-0.4503 J-0.033
X2.1088 Y-1.9433 I-0.0894 J-0.0234
G1 X2.0584 Y-1.9174
X2.0568 Y-1.9167
G3 X2.0284 Y-1.9221 I-0.0104 J-0.0227
X2.022 Y-1.945 I0.0181 J-0.0173 F300.
G1 X2.0667 Y-2.5699
X2.0951 Y-2.6932
X2.1294 Y-2.7754
X2.1571 Y-2.8248
X2.2172 Y-2.8988
X2.529 Y-3.1363
X3.195 Y-3.6379
G3 X3.2238 Y-3.6475 I0.0336 J0.0524
X3.2539 Y-3.6424 I0.0049 J0.0621 F50.
G1 X3.2608 Y-3.639 F90.
X3.2789 Y-3.632
G3 X3.3214 Y-3.5901 I-0.035 J0.0779
X3.3443 Y-3.495 I-0.1696 J0.0912
X3.3178 Y-3.3581 I-0.346 J0.004
X3.2364 Y-3.2174 I-0.5011 J-0.1958
X3.0531 Y-3.0494 I-0.6117 J-0.4837
X2.7611 Y-2.9077 I-0.6636 J-0.9958
X2.5872 Y-2.8581 I-0.534 J-1.5432
G1 X2.5167 Y-2.8419
X2.4817 Y-2.8326
X2.4475 Y-2.8206
X2.4149 Y-2.8049
X2.3846 Y-2.7852
X2.3571 Y-2.7616
X2.3329 Y-2.7348
X2.312 Y-2.7052
X2.2944 Y-2.6736
X2.2798 Y-2.6405
G2 X2.2448 Y-2.5004 I0.5996 J0.2245
X2.2275 Y-2.2841 I1.98 J0.2668
G3 X2.2183 Y-2.1034 I-6.1691 J-0.2241
X2.2069 Y-2.0284 I-0.4489 J-0.03
X2.1598 Y-1.9694 I-0.0895 J-0.0231
G1 X2.1088 Y-1.9433
G3 X2.0803 Y-1.9485 I-0.0106 J-0.0226
X2.0734 Y-1.9697 I0.0179 J-0.0175 F300.
G1 X2.1243 Y-2.5699
X2.1523 Y-2.6686
X2.1884 Y-2.7508
X2.2165 Y-2.7945
X2.2551 Y-2.8412
X2.3152 Y-2.896
X3.2197 Y-3.6216
G3 X3.2484 Y-3.6345 I0.0391 J0.0485
X3.2789 Y-3.632 I0.0104 J0.0614 F50.
G1 X3.3101 Y-3.6201 F90.
G3 X3.3536 Y-3.5783 I-0.037 J0.082
X3.3793 Y-3.4811 I-0.1727 J0.0978
X3.3553 Y-3.3402 I-0.3543 J0.012
X3.2757 Y-3.195 I-0.5139 J-0.1876
X3.0956 Y-3.022 I-0.6296 J-0.4748
X2.8071 Y-2.8733 I-0.685 J-0.9748
X2.5992 Y-2.8111 I-0.6014 J-1.6313
G1 X2.5642 Y-2.802
X2.5295 Y-2.7919
X2.4956 Y-2.7792
X2.4633 Y-2.7628
X2.4333 Y-2.7426
X2.4062 Y-2.7187
X2.3822 Y-2.6916
X2.3615 Y-2.6619
X2.3441 Y-2.6302
X2.3296 Y-2.597
G2 X2.2946 Y-2.4569 I0.6108 J0.2269
X2.2765 Y-2.2407 I2.1263 J0.2874
G3 X2.2663 Y-2.0994 I-2.9251 J-0.1389
X2.2529 Y-2.0401 I-0.2515 J-0.0258
X2.2109 Y-1.9957 I-0.0847 J-0.038
G1 X2.1598 Y-1.9695
G3 X2.1313 Y-1.9746 I-0.0106 J-0.0226
X2.1243 Y-1.9943 I0.0179 J-0.0175 F300.
G1 X2.1727 Y-2.5206
X2.2086 Y-2.6439
X2.2436 Y-2.7179
X2.2859 Y-2.7794
X2.3316 Y-2.8249
X3.2526 Y-3.611
G3 X3.2796 Y-3.6226 I0.0374 J0.0498
X3.3018 Y-3.6223 I0.0104 J0.0614 F50.
G1 X3.3101 Y-3.6201
X3.343 Y-3.6076 F90.
G3 X3.3872 Y-3.5656 I-0.0387 J0.085
X3.4151 Y-3.4657 I-0.1773 J0.1035
X3.3924 Y-3.3199 I-0.3661 J0.0176
X3.3126 Y-3.1694 I-0.5329 J-0.1862
X3.1345 Y-2.9925 I-0.6509 J-0.4769
X2.849 Y-2.838 I-0.7056 J-0.9629
X2.6425 Y-2.7717 I-0.6365 J-1.6297
G1 X2.6077 Y-2.7617
X2.5733 Y-2.7505
X2.5398 Y-2.7367
X2.5081 Y-2.7193
X2.4787 Y-2.6982
X2.4522 Y-2.6736
X2.4289 Y-2.6459
X2.4089 Y-2.6158
X2.392 Y-2.5838
G2 X2.3498 Y-2.4457 I0.5128 J0.2322
X2.3293 Y-2.2661 I1.5126 J0.2635
G1 X2.3266 Y-2.23
G3 X2.3143 Y-2.1028 I-1.3914 J-0.0704
X2.2966 Y-2.0524 I-0.1393 J-0.0207
G1 X2.2868 Y-2.0404
X2.2753 Y-2.0302
X2.2622 Y-2.022
X2.2109 Y-1.9957
G3 X2.1823 Y-2.0008 I-0.0106 J-0.0226
X2.1754 Y-2.0211 I0.0179 J-0.0175 F300.
G1 X2.2315 Y-2.5176
X2.2658 Y-2.6201
X2.307 Y-2.6973
X2.34 Y-2.7426
X2.3896 Y-2.7919
X3.2844 Y-3.5977
G3 X3.3125 Y-3.6101 I0.0384 J0.049
X3.343 Y-3.6076 I0.0104 J0.0614 F50.
G2 X3.3721 Y-3.5977 I0.1917 J-0.514 F90.
G3 X3.4182 Y-3.5587 I-0.0318 J0.0845
X3.4506 Y-3.4626 I-0.168 J0.1101
X3.4358 Y-3.3183 I-0.3584 J0.0361
X3.3461 Y-3.1387 I-0.5533 J-0.164
X3.1686 Y-2.9596 I-0.6722 J-0.4884
X2.8854 Y-2.8009 I-0.7288 J-0.9689
X2.6799 Y-2.7312 I-0.6864 J-1.6856
G1 X2.6455 Y-2.7201
X2.6116 Y-2.7075
X2.5789 Y-2.692
X2.5481 Y-2.673
X2.5198 Y-2.6505
X2.4945 Y-2.6246
X2.4724 Y-2.5959
X2.4534 Y-2.5651
X2.4375 Y-2.5326
G2 X2.3977 Y-2.3938 I0.5603 J0.2357
X2.3766 Y-2.2142 I1.9389 J0.3183
G1 X2.3729 Y-2.1782
G3 X2.3606 Y-2.1056 I-0.4439 J-0.0383
X2.314 Y-2.0486 I-0.0889 J-0.0251
G1 X2.2622 Y-2.022
G3 X2.2337 Y-2.0272 I-0.0106 J-0.0226
X2.2266 Y-2.0437 I0.0179 J-0.0175 F300.
G1 X2.2856 Y-2.4877
X2.306 Y-2.5534
X2.3448 Y-2.6357
X2.3727 Y-2.6794
X2.4138 Y-2.7278
X3.3109 Y-3.5812
G3 X3.3415 Y-3.5984 I0.0445 J0.0436
X3.3677 Y-3.5987 I0.0139 J0.0607 F50.
G1 X3.3721 Y-3.5977
X3.4051 Y-3.5873 F90.
G3 X3.4564 Y-3.5423 I-0.0349 J0.0916
X3.4873 Y-3.4513 I-0.1758 J0.1104
X3.4751 Y-3.3038 I-0.3668 J0.044
X3.4064 Y-3.1478 I-0.5447 J-0.1465
X3.2418 Y-2.9584 I-0.6811 J-0.426
X2.9676 Y-2.7847 I-0.754 J-0.887
X2.7309 Y-2.6954 I-0.7263 J-1.5658
G1 X2.6967 Y-2.6836
X2.663 Y-2.6704
X2.6304 Y-2.6545
X2.5998 Y-2.6353
X2.5716 Y-2.6127
X2.5463 Y-2.5868
X2.524 Y-2.5583
X2.5049 Y-2.5276
X2.4888 Y-2.4952
G2 X2.4479 Y-2.3567 I0.563 J0.2414
X2.4277 Y-2.2134 I2.0663 J0.3644
G1 X2.4227 Y-2.1776
G3 X2.4088 Y-2.1207 I-0.241 J-0.0289
X2.3707 Y-2.0793 I-0.0844 J-0.0393
X2.314 Y-2.0486 I-0.6011 J-1.0434
X2.2855 Y-2.0538 I-0.0106 J-0.0226
X2.2789 Y-2.0766 I0.0179 J-0.0175 F300.
G1 X2.3407 Y-2.4712
X2.3727 Y-2.5539
X2.4325 Y-2.6521
X3.343 Y-3.5699
G3 X3.3745 Y-3.5879 I0.0454 J0.0426
X3.4051 Y-3.5873 I0.0139 J0.0607 F50.
G1 X3.44 Y-3.5762 F90.
G3 X3.4877 Y-3.5377 I-0.0335 J0.0901
X3.5247 Y-3.4378 I-0.1732 J0.1211
X3.5138 Y-3.2855 I-0.3765 J0.0496
X3.4447 Y-3.1238 I-0.5641 J-0.1455
X3.282 Y-2.9315 I-0.7043 J-0.4307
X2.9785 Y-2.7371 I-0.7909 J-0.901
X2.7763 Y-2.6585 I-0.7536 J-1.6381
G1 X2.7424 Y-2.6458
X2.709 Y-2.6317
X2.6769 Y-2.615
X2.6468 Y-2.595
X2.6191 Y-2.5718
X2.5942 Y-2.5455
X2.5723 Y-2.5167
X2.5535 Y-2.4858
X2.5376 Y-2.4533
G2 X2.4966 Y-2.3148 I0.5981 J0.2522
G1 X2.49 Y-2.2792
X2.4781 Y-2.2078
G3 X2.4615 Y-2.1428 I-0.3464 J-0.0542
G1 X2.4571 Y-2.1323
X2.4552 Y-2.1291
X2.4526 Y-2.1264
X2.4496 Y-2.1242
X2.3707 Y-2.0793
G3 X2.342 Y-2.0832 I-0.0116 J-0.0221
X2.3354 Y-2.1094 I0.0171 J-0.0182 F300.
G1 X2.4014 Y-2.462
X2.4303 Y-2.5305
X2.4736 Y-2.6028
X2.5555 Y-2.6932
X3.3759 Y-3.5566
G3 X3.4094 Y-3.5769 I0.0475 J0.0404
X3.44 Y-3.5762 I0.0139 J0.0607 F50.
G1 X3.4746 Y-3.5653 F90.
G3 X3.5275 Y-3.5211 I-0.0352 J0.096
X3.5623 Y-3.4273 I-0.1806 J0.1205
X3.554 Y-3.2718 I-0.3849 J0.0573
X3.4867 Y-3.106 I-0.5775 J-0.1377
X3.328 Y-2.9098 I-0.7231 J-0.423
X3.0292 Y-2.7083 I-0.8156 J-0.8866
X2.8289 Y-2.6248 I-0.7858 J-1.6048
G1 X2.7952 Y-2.6116
X2.7621 Y-2.5971
X2.7301 Y-2.5801
X2.6999 Y-2.5602
X2.6721 Y-2.537
X2.6471 Y-2.5109
X2.6249 Y-2.4823
X2.6058 Y-2.4516
X2.5895 Y-2.4193
G2 X2.546 Y-2.2815 I0.6355 J0.2762
G1 X2.5381 Y-2.2462
X2.5302 Y-2.2109
X2.5272 Y-2.1998
G3 X2.484 Y-2.1437 I-0.0886 J-0.0236
G1 X2.4496 Y-2.1242
G3 X2.4209 Y-2.1281 I-0.0116 J-0.0221
X2.4134 Y-2.1506 I0.0171 J-0.0182 F300.
G1 X2.4396 Y-2.389
X2.475 Y-2.4794
X2.5008 Y-2.5288
X2.5413 Y-2.5863
X3.4128 Y-3.5483
G3 X3.444 Y-3.566 I0.0451 J0.043
X3.4746 Y-3.5653 I0.0139 J0.0607 F50.
G1 X3.512 Y-3.5536 F90.
G3 X3.5653 Y-3.5084 I-0.0374 J0.0981
X3.6012 Y-3.4116 I-0.1867 J0.1244
X3.5926 Y-3.2501 I-0.4005 J0.0597
X3.5225 Y-3.0769 I-0.6043 J-0.1439
X3.338 Y-2.8556 I-0.7683 J-0.453
X3.0361 Y-2.6583 I-0.8389 J-0.9541
X2.8697 Y-2.5874 I-0.8833 J-1.8429
G1 X2.8365 Y-2.5732
X2.8038 Y-2.5576
X2.7725 Y-2.5395
X2.7431 Y-2.5184
X2.7161 Y-2.4943
X2.6918 Y-2.4675
X2.6704 Y-2.4383
X2.6518 Y-2.4073
X2.6359 Y-2.3748
X2.6223 Y-2.3412
G2 X2.587 Y-2.2284 I2.0391 J0.6993
G1 X2.58 Y-2.2134
X2.5706 Y-2.1998
X2.559 Y-2.1882
X2.5455 Y-2.1787
X2.484 Y-2.1437
G3 X2.4553 Y-2.1477 I-0.0116 J-0.0221
X2.4492 Y-2.1752 I0.0171 J-0.0182 F300.
G1 X2.5291 Y-2.4548
X2.5749 Y-2.5288
X3.4499 Y-3.5362
G3 X3.4814 Y-3.5542 I0.0454 J0.0426
X3.512 Y-3.5536 I0.0139 J0.0607 F50.
G1 X3.5486 Y-3.542 F90.
G3 X3.6025 Y-3.4972 I-0.0372 J0.0996
X3.64 Y-3.3991 I-0.1888 J0.1285
X3.638 Y-3.2591 I-0.3917 J0.0644
X3.5801 Y-3.088 I-0.5932 J-0.1053
X3.4335 Y-2.8826 I-0.7571 J-0.3854
X3.1479 Y-2.6628 I-0.8648 J-0.8283
X2.9526 Y-2.5683 I-0.8027 J-1.4092
G1 X2.9194 Y-2.554
X2.8863 Y-2.5393
X2.854 Y-2.5231
X2.8229 Y-2.5045
X2.7937 Y-2.4832
X2.7668 Y-2.459
X2.7425 Y-2.4322
X2.721 Y-2.4031
X2.7022 Y-2.3722
X2.6858 Y-2.3399
X2.6713 Y-2.3068
X2.658 Y-2.2731
X2.6536 Y-2.2623
G3 X2.6143 Y-2.2179 I-0.0846 J-0.0352
G1 X2.5455 Y-2.1787
X2.5454
G3 X2.5167 Y-2.1827 I-0.0115 J-0.0222
X2.5099 Y-2.2081 I0.0171 J-0.0182 F300.
G1 X2.5903 Y-2.4383
X2.628 Y-2.4959
X3.4828 Y-3.5203
G3 X3.518 Y-3.5427 I0.0491 J0.0383
X3.5404 Y-3.5437 I0.0139 J0.0607 F50.
G1 X3.5486 Y-3.542
X3.586 Y-3.5302 F90.
G3 X3.6404 Y-3.4855 I-0.0374 J0.101
X3.6793 Y-3.386 I-0.1914 J0.1321
X3.6782 Y-3.2424 I-0.4021 J0.0689
X3.6202 Y-3.0664 I-0.6103 J-0.1037
X3.4509 Y-2.8331 I-0.7988 J-0.4015
X3.1629 Y-2.6163 I-0.8878 J-0.8797
X2.9678 Y-2.5213 I-0.9484 J-1.7005
G1 X2.9352 Y-2.5056
X2.9032 Y-2.4888
X2.8724 Y-2.4698
X2.8434 Y-2.4481
X2.8166 Y-2.4237
X2.7924 Y-2.3969
X2.7707 Y-2.3679
X2.7514 Y-2.3373
X2.7339 Y-2.3057
X2.7254 Y-2.2927
X2.7148 Y-2.2815
X2.7024 Y-2.2721
G3 X2.6143 Y-2.2178 I-1.1943 J-1.8383
G1 X2.6108 Y-2.2163
X2.607 Y-2.2153
X2.6031 Y-2.215
X2.5993 Y-2.2152
X2.5955 Y-2.2161
X2.5919 Y-2.2175
X2.5886 Y-2.2194
X2.5856 Y-2.2218
G3 X2.5829 Y-2.2553 I0.0171 J-0.0182 F300.
G1 X3.5587 Y-3.5204
X3.5595 Y-3.5214 F50.
G3 X3.5793 Y-3.5311 I0.0198 J0.0153
G1 X3.5827 Y-3.5309
X3.586 Y-3.5302
X3.6251 Y-3.5179 F90.
G3 X3.6798 Y-3.4722 I-0.0394 J0.1029
X3.7164 Y-3.3857 I-0.1863 J0.1297
X3.7179 Y-3.2209 I-0.4058 J0.0863
X3.6576 Y-3.0389 I-0.6295 J-0.1078
X3.5523 Y-2.8763 I-0.7654 J-0.3801
G1 X3.548 Y-2.8721
X3.5434 Y-2.8681
X3.481 Y-2.8166
X3.4581 Y-2.7979
X3.4499 Y-2.7915
X3.2002 Y-2.6028
X3.1868 Y-2.5932
X3.1786 Y-2.5873
X3.1457 Y-2.5646
X3.1149 Y-2.5456
X3.085 Y-2.5273
X3.0533 Y-2.5099
X2.9889 Y-2.4767
X2.9573 Y-2.4592
X2.9267 Y-2.4398
X2.8977 Y-2.4182
X2.8707 Y-2.3941
X2.8459 Y-2.3678
X2.8396 Y-2.3608
X2.8326 Y-2.3545
X2.8249 Y-2.3491
G3 X2.7961 Y-2.3517 I-0.0125 J-0.0216
G1 X2.7931 Y-2.3543 Z0.141
X2.7902 Y-2.3568 Z0.1419
X2.7875 Y-2.3591 Z0.1434
X2.7849 Y-2.3613 Z0.1454
X2.7827 Y-2.3633 Z0.148
X2.7807 Y-2.3649 Z0.151
X2.7792 Y-2.3663 Z0.1543
X2.778 Y-2.3673 Z0.1579
X2.7774 Y-2.3679 Z0.1618
X2.7771 Y-2.3681 Z0.1657
G0 Z0.1907
X3.1756 Y-2.6114
G1 Z0.1657 F50.
X3.1754 Y-2.6111 Z0.1618
X3.1751 Y-2.6103 Z0.1579
X3.1744 Y-2.6089 Z0.1543
X3.1736 Y-2.607 Z0.151
X3.1725 Y-2.6047 Z0.148
X3.1713 Y-2.602 Z0.1454
X3.1699 Y-2.599 Z0.1434
X3.1684 Y-2.5957 Z0.1419
X3.1668 Y-2.5922 Z0.141
X3.1651 Y-2.5887 Z0.1407
G3 X3.1457 Y-2.5646 I-0.0566 J-0.026
G1 X2.9237 Y-2.4115 F90.
X2.9072 Y-2.4008
X2.8885 Y-2.389
X2.7024 Y-2.2721
G3 X2.6736 Y-2.2748 I-0.0125 J-0.0216
X2.6701 Y-2.3091 I0.0163 J-0.0189 F300.
G1 X3.5978 Y-3.508
X3.5986 Y-3.5091 F50.
G3 X3.6251 Y-3.5179 I0.0198 J0.0153
G1 X3.6637 Y-3.5057 F90.
G3 X3.7188 Y-3.46 I-0.0405 J0.1049
X3.7596 Y-3.356 I-0.2009 J0.1387
X3.7586 Y-3.2025 I-0.4279 J0.0739
X3.6977 Y-3.0168 I-0.6471 J-0.1092
G1 X3.6875 Y-2.9966
X3.6811 Y-2.9861
X3.6734 Y-2.9765
X3.6644 Y-2.968
X3.5434 Y-2.8681
G3 X3.5145 Y-2.867 I-0.0152 J-0.0198
X3.5038 Y-2.8932 I0.0137 J-0.0209 F300.
G1 X3.6326 Y-3.4869
X3.6335 Y-3.49
X3.6348 Y-3.493
X3.6364 Y-3.4958
G3 X3.6637 Y-3.5057 I0.0206 J0.0142 F50.
X3.7048 Y-3.4916 I-0.3559 J1.1031 F90.
X3.7605 Y-3.4437 I-0.0446 J0.1083
X3.798 Y-3.352 I-0.2 J0.1353
X3.8022 Y-3.2027 I-0.4196 J0.0864
X3.7644 Y-3.0574 I-0.5673 J-0.0698
G1 X3.7568 Y-3.0461
X3.7479 Y-3.0359
X3.7376 Y-3.0272
X3.7295 Y-3.0212
X3.7212 Y-3.015
X3.6644 Y-2.968
G3 X3.6354 Y-2.967 I-0.0152 J-0.0198
X3.6243 Y-2.9903 I0.0137 J-0.0209 F300.
G1 X3.6722 Y-3.4703
G3 X3.6772 Y-3.4829 I0.0249 J0.0025
X3.7048 Y-3.4916 I0.0199 J0.0151 F50.
G1 X3.7459 Y-3.4766 F90.
G3 X3.801 Y-3.4289 I-0.0451 J0.1078
X3.8391 Y-3.3353 I-0.2033 J0.1371
X3.8429 Y-3.182 I-0.4296 J0.0874
G1 X3.8385 Y-3.1526
X3.8334 Y-3.1283
X3.8317 Y-3.1217
G3 X3.7963 Y-3.0701 I-0.0888 J-0.0229
G1 X3.7376 Y-3.0272
G3 X3.7086 Y-3.0278 I-0.014 J-0.0207
X3.6986 Y-3.0487 I0.0149 J-0.02 F300.
G1 X3.7132 Y-3.4537
G3 X3.7183 Y-3.4679 I0.025 J0.0009
X3.7459 Y-3.4766 I0.0199 J0.0151 F50.
G1 X3.787 Y-3.4617 F90.
G3 X3.8422 Y-3.4133 I-0.0463 J0.1084
X3.8805 Y-3.3177 I-0.2079 J0.1388
X3.8822 Y-3.1555 I-0.422 J0.0857
X3.836 Y-3.0938 I-0.0902 J-0.0195
G2 X3.7963 Y-3.0701 I0.1105 J0.2303
G1 X3.7929 Y-3.0683
X3.7893 Y-3.0669
X3.7856 Y-3.0661
X3.7817 Y-3.0659
X3.7779 Y-3.0664
X3.7742 Y-3.0674
X3.7706 Y-3.0689
X3.7674 Y-3.071
G3 X3.7575 Y-3.0907 I0.0151 J-0.0199 F300.
G1 X3.7543 Y-3.4377
G3 X3.7594 Y-3.453 I0.025 J-0.0002
X3.787 Y-3.4617 I0.0199 J0.0151 F50.
G1 X3.8281 Y-3.4467 F90.
G3 X3.8834 Y-3.3977 I-0.0475 J0.1092
X3.922 Y-3.3005 I-0.2117 J0.1402
X3.9269 Y-3.1818 I-0.3332 J0.0733
X3.8777 Y-3.115 I-0.0916 J-0.0159
G1 X3.8359 Y-3.0938
G3 X3.8073 Y-3.0984 I-0.0111 J-0.0224
X3.7999 Y-3.1159 I0.0175 J-0.0178 F300.
G1 X3.7954 Y-3.4226
G3 X3.8005 Y-3.438 I0.025 J-0.0004
X3.8281 Y-3.4467 I0.0199 J0.0151 F50.
G1 X3.8693 Y-3.4318 F90.
G3 X3.9247 Y-3.3822 I-0.0484 J0.1099
X3.9629 Y-3.2863 I-0.2103 J0.1392
X3.9677 Y-3.2058 I-0.2472 J0.0553
X3.9121 Y-3.132 I-0.0914 J-0.0111
G1 X3.9104 Y-3.1313
X3.8891 Y-3.1208
X3.8777 Y-3.115
G3 X3.8492 Y-3.1203 I-0.0105 J-0.0227
X3.8422 Y-3.1372 I0.018 J-0.0174 F300.
G1 X3.8365 Y-3.4075
G3 X3.8416 Y-3.4231 I0.025 J-0.0005
X3.8693 Y-3.4318 I0.0199 J0.0151 F50.
G1 X3.9104 Y-3.4168 F90.
G3 X3.9659 Y-3.367 I-0.0489 J0.1104
X4.0045 Y-3.2191 I-0.1936 J0.1296
X3.9426 Y-3.143 I-0.092 J-0.0117
G1 X3.935 Y-3.1405
X3.9186 Y-3.1348
X3.912 Y-3.132
G3 X3.884 Y-3.1394 I-0.0089 J-0.0234
X3.8782 Y-3.1554 I0.0192 J-0.016 F300.
G1 X3.8777 Y-3.393
G3 X3.8827 Y-3.4081 I0.025 J-0.0001
X3.9104 Y-3.4168 I0.0199 J0.0151 F50.
G1 X3.9515 Y-3.4019 F90.
G3 X4.006 Y-3.3532 I-0.0477 J0.1083
X4.0388 Y-3.2299 I-0.1598 J0.1086
X3.9755 Y-3.1535 I-0.0916 J-0.0116
G1 X3.9426 Y-3.1431
G3 X3.9151 Y-3.1524 I-0.0072 J-0.024
X3.9104 Y-3.168 I0.0203 J-0.0146 F300.
G1 X3.9188 Y-3.3791
G3 X3.9238 Y-3.3932 I0.025 J0.001
X3.9515 Y-3.4019 I0.0199 J0.0151 F50.
G1 X3.9909 Y-3.3875 F90.
G3 X4.0472 Y-3.3353 I-0.0447 J0.1046
X4.0712 Y-3.2428 I-0.1367 J0.0847
X4.009 Y-3.1642 I-0.0892 J-0.0067
G1 X3.9754 Y-3.1536
G3 X3.9482 Y-3.1634 I-0.0067 J-0.0241
X3.9438 Y-3.1796 I0.0205 J-0.0143 F300.
G1 X3.9583 Y-3.3657
G3 X3.9633 Y-3.3788 I0.0249 J0.0019
X3.9909 Y-3.3875 I0.0199 J0.0151 F50.
G1 X3.9926 Y-3.3869 F90.
X4.0008 Y-3.3837
X4.0337 Y-3.3701
G3 X4.0879 Y-3.3117 I-0.0465 J0.0975
X4.098 Y-3.2304 I-0.1116 J0.0551
X4.0484 Y-3.175 I-0.0823 J-0.0238
G1 X4.0337 Y-3.1705
X4.0255 Y-3.1688
X4.0173 Y-3.1668
X4.009 Y-3.1642
G3 X3.9818 Y-3.1741 I-0.0067 J-0.0241
X3.9776 Y-3.1918 I0.0206 J-0.0142 F300.
G1 X4.0002 Y-3.3502
G3 X4.0057 Y-3.3626 I0.0247 J0.0035
X4.0337 Y-3.3701 I0.0193 J0.0159 F50.
G1 X4.0711 Y-3.3546 F90.
G3 X4.1205 Y-3.2969 I-0.0417 J0.0856
X4.1197 Y-3.2188 I-0.0905 J0.0382
G1 X4.1112 Y-3.2057
G3 X4.0584 Y-3.1749 I-0.0647 J-0.0502
G1 X4.0502 Y-3.1737
X4.0419 Y-3.1722
X4.0337 Y-3.1705
G3 X4.0076 Y-3.1831 I-0.0042 J-0.0246
X4.0052 Y-3.2011 I0.0219 J-0.012 F300.
G1 X4.0381 Y-3.337
G3 X4.0431 Y-3.3471 I0.0243 J0.0059
X4.0711 Y-3.3546 I0.0193 J0.0159 F50.
G1 X4.1041 Y-3.341 F90.
G3 X4.1484 Y-3.2871 I-0.0365 J0.0751
X4.138 Y-3.2093 I-0.0776 J0.0292
X4.0866 Y-3.179 I-0.0633 J-0.0487
G1 X4.0584 Y-3.1749
G3 X4.033 Y-3.189 I-0.0028 J-0.0248
X4.0319 Y-3.2077 I0.0226 J-0.0108 F300.
G1 X4.0717 Y-3.3255
X4.0728 Y-3.3283
X4.0743 Y-3.331
X4.0761 Y-3.3335
G3 X4.1041 Y-3.341 I0.0193 J0.0159 F50.
G1 X4.1324 Y-3.3293 F90.
G3 X4.1745 Y-3.2744 I-0.0313 J0.0677
X4.1136 Y-3.1831 I-0.071 J0.0186
G1 X4.0866 Y-3.179
G3 X4.0613 Y-3.1931 I-0.0028 J-0.0248
X4.0606 Y-3.213 I0.0226 J-0.0108 F300.
G1 X4.1004 Y-3.3149
X4.1014 Y-3.3173
X4.1028 Y-3.3196
X4.1044 Y-3.3218
G3 X4.1324 Y-3.3293 I0.0193 J0.0159 F50.
G1 X4.1593 Y-3.3181 F90.
G3 X4.1978 Y-3.253 I-0.0283 J0.0607
G1 X4.1959 Y-3.2387
G3 X4.1341 Y-3.1857 I-0.0689 J-0.0177
G1 X4.1242 Y-3.1846
X4.1136 Y-3.183
G3 X4.0882 Y-3.1971 I-0.0028 J-0.0248
X4.0881 Y-3.2183 I0.0226 J-0.0108 F300.
G1 X4.1279 Y-3.3051
X4.1294 Y-3.308
X4.1313 Y-3.3106
G3 X4.1593 Y-3.3181 I0.0193 J0.0159 F50.
G1 X4.1842 Y-3.3078 F90.
G3 X4.217 Y-3.2609 I-0.0237 J0.0515
G1 X4.2174 Y-3.2473
G3 X4.1534 Y-3.1873 I-0.0659 J-0.0062
X4.1299 Y-3.2042 I0.0001 J-0.025
G1 X4.1292 Y-3.2068 F300.
X4.1287 Y-3.2095
X4.1286 Y-3.2122
Y-3.2123
X4.1288 Y-3.2159
X4.1296 Y-3.2195
X4.1515 Y-3.2917
G3 X4.1562 Y-3.3003 I0.0239 J0.0073
X4.1842 Y-3.3078 I0.0193 J0.0159 F50.
G1 X4.2064 Y-3.2987 F90.
G3 X4.2347 Y-3.2621 I-0.0216 J0.0459
X4.1715 Y-3.1872 I-0.0624 J0.0115
G1 X4.1571 Y-3.1874
X4.1534 Y-3.1873
G3 X4.1299 Y-3.2042 I0.0001 J-0.025
G1 X4.1292 Y-3.2068 F300.
X4.1287 Y-3.2095
X4.1286 Y-3.2122
Y-3.2123
G3 X4.1331 Y-3.2266 I0.025 J0.
G1 X4.1772 Y-3.2896
X4.1776 Y-3.2901
X4.178 Y-3.2907
X4.1784 Y-3.2912
G3 X4.2064 Y-3.2987 I0.0193 J0.0159 F50.
G1 X4.2253 Y-3.2908 F90.
G3 X4.2491 Y-3.2653 I-0.0158 J0.0385
X4.1913 Y-3.1869 I-0.0567 J0.0187
G1 X4.1715 Y-3.1872
G3 X4.1487 Y-3.2051 I0.0012 J-0.025
X4.1531 Y-3.2277 I0.024 J-0.0071 F300.
G1 X4.197 Y-3.283
X4.1973 Y-3.2833
G3 X4.2253 Y-3.2908 I0.0193 J0.0159 F50.
G1 X4.2438 Y-3.2832 F90.
G3 X4.2663 Y-3.2566 I-0.0165 J0.0368
X4.2112 Y-3.1866 I-0.0542 J0.0141
G1 X4.1913 Y-3.1869
G3 X4.1686 Y-3.2049 I0.0013 J-0.025
X4.1739 Y-3.2284 I0.024 J-0.007 F300.
G1 X4.2158 Y-3.2757
X4.2163 Y-3.2764 F50.
G3 X4.2438 Y-3.2832 I0.0187 J0.0166
G1 X4.2603 Y-3.2764 F90.
G3 X4.2803 Y-3.2551 I-0.0146 J0.0337
X4.2297 Y-3.1863 I-0.0498 J0.0164
G1 X4.2112 Y-3.1866
G3 X4.1885 Y-3.2046 I0.0013 J-0.025
X4.1943 Y-3.2287 I0.024 J-0.007 F300.
G1 X4.2323 Y-3.2689
X4.2334 Y-3.2701 F50.
G3 X4.2603 Y-3.2764 I0.0182 J0.0172
G1 X4.2757 Y-3.27 F90.
G3 X4.2928 Y-3.2539 I-0.011 J0.0288
X4.2468 Y-3.1859 I-0.0448 J0.0193
G1 X4.2297 Y-3.1863
G3 X4.2084 Y-3.2017 I0.0012 J-0.0242
G1 X4.2073 Y-3.2046
G3 X4.2453 Y-3.2719 I0.05 J-0.0161 F300.
X4.2757 Y-3.27 I0.012 J0.0512 F50.
G1 X4.29 Y-3.2641 F90.
G3 X4.3092 Y-3.2424 I-0.0129 J0.0308
X4.2596 Y-3.1853 I-0.0445 J0.0114
X4.2504 Y-3.1889 I0.003 J-0.0211
X4.2369 Y-3.2045 I0.0246 J-0.0351
X4.2597 Y-3.264 I0.0382 J-0.0194 F300.
X4.29 Y-3.2641 I0.0153 J0.04 F50.
G1 X4.2968 Y-3.2613 F90.
X4.3051 Y-3.2576
G3 X4.3211 Y-3.2407 I-0.0109 J0.0265
X4.2732 Y-3.1835 I-0.0416 J0.0138
G1 X4.2639 Y-3.1848
X4.2596 Y-3.1853
G3 X4.2423 Y-3.2 I0.003 J-0.0211
G1 X4.2414 Y-3.2034
X4.2407 Y-3.2067
G3 X4.2747 Y-3.2594 I0.0465 J-0.0073 F300.
X4.3051 Y-3.2576 I0.0125 J0.0454 F50.
G1 X4.3192 Y-3.2512 F90.
G3 X4.3344 Y-3.2337 I-0.0106 J0.0247
G1 X4.336 Y-3.228
G3 X4.2872 Y-3.1813 I-0.0419 J0.005
X4.2781 Y-3.1859 I0.0038 J-0.019
X4.267 Y-3.2029 I0.0262 J-0.0291
X4.289 Y-3.251 I0.0373 J-0.012 F300.
X4.3192 Y-3.2512 I0.0153 J0.0361 F50.
G1 X4.3322 Y-3.2452 F90.
G3 X4.3472 Y-3.2275 I-0.0109 J0.0245
X4.3316 Y-3.1853 I-0.0377 J0.01
G1 X4.3223 Y-3.1805
X4.312 Y-3.1782
X4.3016 Y-3.1787
X4.2986 Y-3.1796
X4.2959 Y-3.181
X4.2934 Y-3.1828
G3 X4.2819 Y-3.2009 I0.0244 J-0.0281
X4.3022 Y-3.2448 I0.0358 J-0.0101 F300.
X4.3322 Y-3.2452 I0.0155 J0.0338 F50.
G1 X4.3445 Y-3.2395 F90.
G3 X4.3595 Y-3.2218 I-0.0101 J0.0237
X4.3155 Y-3.1762 I-0.0372 J0.0081
G1 X4.3127 Y-3.1771
X4.3102 Y-3.1783
X4.3078 Y-3.18
G3 X4.2963 Y-3.1987 I0.0229 J-0.0269
X4.3146 Y-3.2384 I0.0344 J-0.0083 F300.
X4.3445 Y-3.2395 I0.0161 J0.0315 F50.
G1 X4.3569 Y-3.2338 F90.
G3 X4.3711 Y-3.2157 I-0.0092 J0.0218
X4.3288 Y-3.1739 I-0.0357 J0.0062
G1 X4.3261 Y-3.1747
X4.3235 Y-3.176
X4.3212 Y-3.1778
G3 X4.3106 Y-3.1968 I0.0226 J-0.025
X4.3271 Y-3.232 I0.0332 J-0.0059 F300.
X4.3569 Y-3.2338 I0.0167 J0.0293 F50.
G1 X4.3689 Y-3.2282 F90.
G3 X4.3826 Y-3.2097 I-0.0094 J0.0212
X4.342 Y-3.1715 I-0.0344 J0.0041
G1 X4.3393 Y-3.1723
X4.3368 Y-3.1736
X4.3345 Y-3.1754
G3 X4.3247 Y-3.195 I0.0219 J-0.0233
G1 X4.3245 Y-3.1987 F300.
G3 X4.3393 Y-3.2257 I0.032 J0.
X4.3689 Y-3.2282 I0.0172 J0.027 F50.
G1 X4.3791 Y-3.2234 F90.
G3 X4.393 Y-3.2052 I-0.0086 J0.021
X4.3548 Y-3.1692 I-0.0324 J0.004
G1 X4.3526 Y-3.1698
X4.3505 Y-3.1708
X4.3486 Y-3.1721
G3 X4.3374 Y-3.1926 I0.0187 J-0.0236
X4.3497 Y-3.2201 I0.03 J-0.0031 F300.
X4.3791 Y-3.2234 I0.0177 J0.0244 F50.
G1 X4.39 Y-3.2183 F90.
X4.3953 Y-3.2155
X4.3993 Y-3.2111
X4.402 Y-3.2057
G3 X4.3645 Y-3.1673 I-0.0301 J0.0081
G1 X4.3623 Y-3.1681
X4.3603 Y-3.1693
X4.3584 Y-3.1708
G3 X4.3497 Y-3.1922 I0.0203 J-0.0208
X4.3608 Y-3.2145 I0.029 J0.0006 F300.
X4.39 Y-3.2183 I0.0179 J0.0229 F50.
G1 X4.4011 Y-3.2132 F90.
X4.4065 Y-3.2104
X4.41 Y-3.2055
X4.4123 Y-3.2
G3 X4.3748 Y-3.1647 I-0.0299 J0.0058
G1 X4.3722 Y-3.1658
X4.3699 Y-3.1673
X4.368 Y-3.1693
G3 X4.3619 Y-3.1905 I0.0221 J-0.0177
X4.372 Y-3.2089 I0.0282 J0.0034 F300.
X4.4011 Y-3.2132 I0.0181 J0.0219 F50.
G1 X4.4106 Y-3.2088 F90.
X4.4159 Y-3.206
X4.4196 Y-3.2012
G3 X4.4157 Y-3.1719 I-0.0243 J0.0117
X4.3853 Y-3.162 I-0.0229 J-0.0187
G1 X4.3828 Y-3.163
X4.3807 Y-3.1645
X4.3788 Y-3.1663
G3 X4.373 Y-3.1879 I0.0212 J-0.0173
X4.3817 Y-3.2039 I0.027 J0.0043 F300.
X4.4106 Y-3.2088 I0.0182 J0.0203 F50.
G1 X4.4202 Y-3.2043 F90.
X4.4255 Y-3.2015
X4.4291 Y-3.1967
G3 X4.4243 Y-3.1677 I-0.024 J0.0109
X4.3937 Y-3.1594 I-0.0217 J-0.0192
G1 X4.3913 Y-3.1606
X4.3892 Y-3.1622
X4.3875 Y-3.1642
G3 X4.3835 Y-3.1861 I0.0222 J-0.0153
X4.3914 Y-3.1993 I0.0261 J0.0066 F300.
X4.4202 Y-3.2043 I0.0183 J0.0198 F50.
X4.4038 Y-3.156 I-0.0086 J0.024 F90.
G2 X4.3626 Y-3.1677 I-0.1117 J0.3144
G1 X4.2872 Y-3.1813
X4.2804 Y-3.1824
X4.2732 Y-3.1835
G3 X4.2529 Y-3.2042 I0.0044 J-0.0246
G1 X4.2523 Y-3.208 Z0.141
X4.2517 Y-3.2118 Z0.1419
X4.2512 Y-3.2154 Z0.1434
X4.2506 Y-3.2187 Z0.1454
X4.2502 Y-3.2216 Z0.148
X4.2498 Y-3.2242 Z0.151
X4.2495 Y-3.2262 Z0.1543
X4.2492 Y-3.2277 Z0.1579
X4.2491 Y-3.2286 Z0.1618
X4.249 Y-3.2289 Z0.1657
G0 Z0.7
X6.5352 Y0.0661
Z0.1907
G1 Z0.1657 F50.
X6.5354 Y0.0659 Z0.1618
X6.5361 Y0.0654 Z0.1579
X6.5373 Y0.0644 Z0.1543
X6.5389 Y0.0631 Z0.151
X6.5409 Y0.0615 Z0.148
X6.5432 Y0.0597 Z0.1454
X6.5458 Y0.0575 Z0.1434
X6.5486 Y0.0553 Z0.1419
X6.5516 Y0.0529 Z0.141
X6.5546 Y0.0504 Z0.1407
G3 X6.5827 Y0.0376 I0.0392 J0.0485
G1 X6.6567 Y0.0269 F90.
X6.665 Y0.0257
X6.6896 Y0.0213
X6.7061 Y0.0179
X6.8294 Y-0.0075
G3 X7.0095 Y-0.0229 I0.1821 J1.068
X7.2627 Y-0.0248 I0.2052 J10.4283
G1 X7.4436 Y-0.025
X8.8185
X10.2658
X10.302 Y-0.0251
X10.3378 Y-0.0304
X10.3718 Y-0.0428
X10.4026 Y-0.0618
X10.4293 Y-0.0861
X10.4517 Y-0.1146
X10.4698 Y-0.1459
X10.4841 Y-0.1791
X10.4951 Y-0.2136
G2 X10.5171 Y-0.3564 I-0.7327 J-0.1863
G1 X10.5196 Y-0.3925
X10.5212 Y-0.4287
G2 X10.5247 Y-0.7543 I-9.5442 J-0.265
G1 X10.525 Y-0.899
Y-2.0207
Y-2.4187
Y-3.5679
X10.5257 Y-3.5794
X10.5279 Y-3.5907
X10.5314 Y-3.6016
X10.5363 Y-3.6141
G2 X10.5664 Y-3.7292 I-1.5593 J-0.4699
G1 X10.5754 Y-3.8164
X10.5763 Y-3.8202
X10.5777 Y-3.8259
X10.5781 Y-3.828
X10.5782 Y-3.8301
Y-3.8305 F50.
X10.5785 Y-3.8462
X10.5784 Y-3.8486
X10.5781 Y-3.8509
X10.5769 Y-3.8566
X10.5764 Y-3.8587
X10.5762 Y-3.8608
X10.5722 Y-3.9348 F90.
X10.5712 Y-3.943
X10.5691 Y-3.9594
X10.5675 Y-3.9677
X10.5517 Y-4.0417
X10.5474 Y-4.0581
G3 X10.5292 Y-4.1924 I0.6778 J-0.1603
X10.5253 Y-4.4818 I6.2141 J-0.2284
G1 X10.525 Y-4.6266
Y-4.6628
X10.5244 Y-4.6989
X10.5188 Y-4.7347
X10.5063 Y-4.7687
X10.4874 Y-4.7995
X10.4632 Y-4.8264
X10.4349 Y-4.849
X10.4038 Y-4.8674
X10.3707 Y-4.882
X10.3364 Y-4.8934
G2 X10.1937 Y-4.9165 I-0.1887 J0.7118
X9.9406 Y-4.9241 I-0.2288 J3.4066
X9.6873 Y-4.925 I-0.1993 J21.3797
G1 X9.3255
X9.2893
X7.2993
X5.3093
X3.9934
X3.9837 Y-4.9255
X3.9741 Y-4.9271
X3.9647 Y-4.9296
X3.8128 Y-4.9796
G3 X3.7964 Y-5.0035 I0.0086 J-0.0235
G1 X3.7965 Y-5.0074 Z0.141
X3.7966 Y-5.0112 Z0.1419
Y-5.0148 Z0.1434
X3.7967 Y-5.0182 Z0.1454
X3.7968 Y-5.0212 Z0.148
Y-5.0237 Z0.151
Y-5.0258 Z0.1543
X3.7969 Y-5.0273 Z0.1579
Y-5.0282 Z0.1618
Y-5.0285 Z0.1657
G0 Z0.7
X6.7836 Y0.0239
Z0.1907
G1 Z0.1657 F50.
X6.7839 Y0.0237 Z0.1618
X6.7846 Y0.023 Z0.1579
X6.7857 Y0.022 Z0.1543
X6.7872 Y0.0206 Z0.151
X6.7891 Y0.0189 Z0.148
X6.7913 Y0.0169 Z0.1454
X6.7937 Y0.0147 Z0.1434
X6.7964 Y0.0122 Z0.1419
X6.7992 Y0.0097 Z0.141
X6.8021 Y0.007 Z0.1407
G3 X6.8294 Y-0.0075 I0.042 J0.046
G1 X6.9034 Y-0.0228 F90.
X6.9116 Y-0.0246
X6.9363 Y-0.0309
X7.0185 Y-0.053
G3 X7.1458 Y-0.0704 I0.1539 J0.6536
X7.399 Y-0.0746 I0.2094 J4.9687
G1 X7.4713 Y-0.0749
X7.6161 Y-0.075
X8.991
X10.185
X10.2212
X10.2573 Y-0.0771
X10.2926 Y-0.0852
X10.3256 Y-0.0999
X10.3553 Y-0.1205
X10.381 Y-0.146
X10.4025 Y-0.1751
X10.42 Y-0.2067
X10.4339 Y-0.2402
G2 X10.4633 Y-0.3815 I-0.5777 J-0.194
X10.4734 Y-0.5983 I-2.2857 J-0.2148
G1 X10.474 Y-0.6345
X10.4743 Y-0.6707
X10.4745 Y-0.7069
X10.4747 Y-0.743
X10.4748 Y-0.8154
X10.4749 Y-0.924
X10.475 Y-1.2496
Y-2.6969
Y-3.459
G3 X10.4883 Y-3.5065 I0.0917 J0.
G1 X10.4887 Y-3.5072
G2 X10.5314 Y-3.6016 I-1.4411 J-0.709
G1 X10.5333 Y-3.6051
X10.5356 Y-3.6082
X10.5385 Y-3.6109
X10.5417 Y-3.6132
X10.5452 Y-3.6149
X10.5556 Y-3.6193
G2 X10.6544 Y-3.7031 I-0.0957 J-0.2129 F300.
X10.6586 Y-3.716 I-0.0208 J-0.0138
G1 X10.6664 Y-3.9338
G2 X10.6632 Y-3.9469 I-0.025 J-0.0009
X10.5696 Y-4.0382 I-0.2033 J0.1148
G1 X10.5606 Y-4.0428 F50.
G3 X10.5474 Y-4.0581 I0.0108 J-0.0226
G1 X10.5453 Y-4.0663 F90.
G2 X10.5103 Y-4.1568 I-3.1372 J1.1609
G3 X10.4868 Y-4.2505 I0.3484 J-0.1373
X10.4772 Y-4.3949 I1.2107 J-0.1529
X10.4751 Y-4.6119 I9.6369 J-0.1993
G1 X10.4733 Y-4.6481
X10.4663 Y-4.6836
X10.4528 Y-4.7171
X10.4333 Y-4.7476
X10.4088 Y-4.7742
X10.3804 Y-4.7967
X10.3493 Y-4.8151
X10.3162 Y-4.8299
X10.282 Y-4.8414
G2 X10.1395 Y-4.8655 I-0.1932 J0.7084
X9.8864 Y-4.8739 I-0.2329 J3.1937
X9.6331 Y-4.8749 I-0.2033 J19.299
G1 X9.3799 Y-4.875
X9.0904
X7.1004
X5.1104
X4.1454
X4.1357 Y-4.8755
X4.1261 Y-4.877
X4.1167 Y-4.8796
X3.9647 Y-4.9296
G3 X3.9484 Y-4.9535 I0.0086 J-0.0235
G1 X3.9485 Y-4.9574 Z0.141
Y-4.9612 Z0.1419
X3.9486 Y-4.9649 Z0.1434
X3.9487 Y-4.9682 Z0.1454
Y-4.9712 Z0.148
X3.9488 Y-4.9737 Z0.151
Y-4.9758 Z0.1543
Y-4.9773 Z0.1579
Y-4.9782 Z0.1618
Y-4.9785 Z0.1657
G0 Z0.7
X6.9747 Y-0.019
Z0.1907
G1 Z0.1657 F50.
X6.975 Y-0.0192 Z0.1618
X6.9756 Y-0.0198 Z0.1579
X6.9766 Y-0.0209 Z0.1543
X6.9781 Y-0.0224 Z0.151
X6.9798 Y-0.0242 Z0.148
X6.9819 Y-0.0264 Z0.1454
X6.9843 Y-0.0288 Z0.1434
X6.9868 Y-0.0314 Z0.1419
X6.9894 Y-0.0341 Z0.141
X6.9922 Y-0.0369 Z0.1407
G3 X7.0185 Y-0.053 I0.0447 J0.0434
G1 X7.1254 Y-0.0819 F90.
X7.1501 Y-0.0886
X7.1583 Y-0.0914
X7.1665 Y-0.0945
G3 X7.2493 Y-0.1137 I0.1341 J0.3909
X7.3937 Y-0.123 I0.1521 J1.236
X7.7917 Y-0.125 I0.298 J19.4958
G1 X9.1666
X10.1435
X10.1797 Y-0.1257
X10.2155 Y-0.1303
X10.2501 Y-0.141
X10.2821 Y-0.158
X10.3106 Y-0.1803
X10.335 Y-0.2069
X10.3554 Y-0.2368
X10.372 Y-0.269
X10.3851 Y-0.3027
G2 X10.4133 Y-0.4444 I-0.6198 J-0.1968
X10.4236 Y-0.6973 I-2.6742 J-0.236
X10.4249 Y-0.9868 I-18.226 J-0.2242
G1 X10.425 Y-1.2762
Y-2.9768
Y-3.3748
G3 X10.4408 Y-3.4322 I0.0949 J-0.0047
G2 X10.4883 Y-3.5065 I-1.5024 J-1.0119
G3 X10.5003 Y-3.5162 I0.0209 J0.0137
G1 X10.5144 Y-3.5219
G2 X10.6436 Y-3.6193 I-0.135 J-0.3132 F300.
X10.6492 Y-3.6343 I-0.0194 J-0.0158
G1 X10.6627 Y-4.0166
G2 X10.6581 Y-4.0319 I-0.025 J-0.0009
X10.5346 Y-4.1389 I-0.2786 J0.1967
G1 X10.5224 Y-4.1448 F50.
G3 X10.5103 Y-4.1568 I0.0105 J-0.0227
G1 X10.5049 Y-4.1691 F90.
X10.5031 Y-4.1732
X10.4746 Y-4.2226
X10.4721 Y-4.227
G3 X10.444 Y-4.3076 I0.2423 J-0.1294
X10.4292 Y-4.442 I0.787 J-0.1549
G1 X10.4277 Y-4.4782
X10.4268 Y-4.5143
X10.4261 Y-4.5505
X10.4243 Y-4.5867
X10.418 Y-4.6223
X10.4056 Y-4.6563
X10.3872 Y-4.6875
X10.3638 Y-4.715
X10.3364 Y-4.7386
X10.3059 Y-4.7582
X10.2734 Y-4.7741
X10.2395 Y-4.7867
G2 X10.0976 Y-4.8137 I-0.1977 J0.6518
X9.8446 Y-4.8237 I-0.2364 J2.7843
X9.5552 Y-4.8249 I-0.2313 J19.6487
G1 X9.2657 Y-4.825
X8.9039
X6.9139
X4.9239
X4.3208
X4.3124 Y-4.8254
X4.3042 Y-4.8265
X4.2961 Y-4.8284
X4.1488 Y-4.8696
X4.14 Y-4.8721
X4.1324 Y-4.8744
X4.1167 Y-4.8796
G3 X4.1004 Y-4.9035 I0.0086 J-0.0235
G1 Y-4.9074 Z0.141
X4.1005 Y-4.9112 Z0.1419
X4.1006 Y-4.9149 Z0.1434
Y-4.9182 Z0.1454
X4.1007 Y-4.9212 Z0.148
Y-4.9237 Z0.151
X4.1008 Y-4.9258 Z0.1543
Y-4.9273 Z0.1579
Y-4.9282 Z0.1618
Y-4.9285 Z0.1657
G0 Z0.7
X7.1262 Y-0.0564
Z0.1907
G1 Z0.1657 F50.
X7.1264 Y-0.0567 Z0.1618
X7.1269 Y-0.0574 Z0.1579
X7.1279 Y-0.0586 Z0.1543
X7.1292 Y-0.0602 Z0.151
X7.1308 Y-0.0621 Z0.148
X7.1326 Y-0.0645 Z0.1454
X7.1347 Y-0.0671 Z0.1434
X7.137 Y-0.0699 Z0.1419
X7.1394 Y-0.0729 Z0.141
X7.1418 Y-0.0759 Z0.1407
G3 X7.1665 Y-0.0945 I0.0486 J0.039
G2 X7.257 Y-0.13 I-1.0308 J-2.7635 F90.
G1 X7.2652 Y-0.1345
G3 X7.3389 Y-0.1579 I0.118 J0.2446
X7.4747 Y-0.1715 I0.1521 J0.8344
X7.7641 Y-0.1747 I0.2328 J7.8191
G1 X7.9088 Y-0.175
X9.2475
X10.0797
X10.1159 Y-0.1756
X10.1519 Y-0.1792
X10.1869 Y-0.1883
X10.2197 Y-0.2035
X10.2494 Y-0.2243
X10.2752 Y-0.2497
X10.297 Y-0.2785
X10.3149 Y-0.31
X10.3293 Y-0.3432
G2 X10.3611 Y-0.484 I-0.5633 J-0.201
X10.3728 Y-0.7007 I-2.0707 J-0.2212
X10.3748 Y-1.171 I-24.0215 J-0.3352
G1 X10.375 Y-3.161
Y-3.3058
X10.3752 Y-3.3201
G3 X10.3987 Y-3.3797 I0.0916 J0.0016
G1 X10.4227 Y-3.4065
X10.4244 Y-3.4086
X10.4392 Y-3.4296
X10.4409 Y-3.4322
G3 X10.4534 Y-3.4412 I0.0202 J0.0148
G1 X10.4678 Y-3.4461
G2 X10.6562 Y-3.585 I-0.141 J-0.3886 F300.
X10.6613 Y-3.5991 I-0.0199 J-0.0151
G1 X10.6786 Y-4.0434
G2 X10.6747 Y-4.0579 I-0.025 J-0.001
X10.4979 Y-4.211 I-0.3479 J0.2232
G1 X10.4838 Y-4.2171 F50.
G3 X10.4721 Y-4.227 I0.0095 J-0.0231
G2 X10.4359 Y-4.2826 I-0.2936 J0.1511 F90.
G3 X10.4011 Y-4.3593 I0.1656 J-0.1215
X10.3823 Y-4.4771 I0.5815 J-0.1532
G1 X10.3795 Y-4.5132
X10.3748 Y-4.5491
X10.3651 Y-4.584
X10.3497 Y-4.6167
X10.329 Y-4.6464
X10.3038 Y-4.6723
X10.2751 Y-4.6944
X10.2439 Y-4.7126
X10.2109 Y-4.7274
G2 X10.0703 Y-4.7602 I-0.203 J0.552
X9.8536 Y-4.7727 I-0.223 J1.9852
X9.4918 Y-4.7749 I-0.2919 J17.7276
G1 X9.2386 Y-4.775
X8.7682
X6.7782
X4.7882
X4.5003
X4.4933 Y-4.7753
X4.4864 Y-4.7761
X4.4796 Y-4.7774
X4.4777 Y-4.7778
X4.4695 Y-4.7799
X4.2961 Y-4.8284
G3 X4.2787 Y-4.8516 I0.0076 J-0.0238
G1 X4.2785 Y-4.8555 Z0.141
X4.2784 Y-4.8593 Z0.1419
Y-4.8629 Z0.1434
X4.2783 Y-4.8663 Z0.1454
X4.2782 Y-4.8692 Z0.148
X4.2781 Y-4.8718 Z0.151
Y-4.8738 Z0.1543
X4.278 Y-4.8753 Z0.1579
Y-4.8762 Z0.1618
Y-4.8766 Z0.1657
G0 Z0.7
X7.2314 Y-0.0906
Z0.1907
G1 Z0.1657 F50.
X7.2315 Y-0.0908 Z0.1618
X7.232 Y-0.0916 Z0.1579
X7.2327 Y-0.0929 Z0.1543
X7.2337 Y-0.0947 Z0.151
X7.235 Y-0.0969 Z0.148
X7.2365 Y-0.0995 Z0.1454
X7.2381 Y-0.1024 Z0.1434
X7.2399 Y-0.1056 Z0.1419
X7.2418 Y-0.1089 Z0.141
X7.2437 Y-0.1123 Z0.1407
G3 X7.2652 Y-0.1345 I0.0541 J0.0308
G1 X7.2824 Y-0.1443 F90.
X7.2981 Y-0.1534
X7.3388 Y-0.1772
G3 X7.4184 Y-0.2052 I0.1297 J0.242
X7.5524 Y-0.2205 I0.1563 J0.7728
X7.878 Y-0.2246 I0.2557 J7.3463
G1 X8.0227 Y-0.225
X9.3252
X10.0127
X10.0489 Y-0.2253
X10.085 Y-0.2275
X10.1205 Y-0.2345
X10.1543 Y-0.2475
X10.1853 Y-0.2661
X10.2128 Y-0.2896
X10.2364 Y-0.3171
X10.256 Y-0.3474
X10.272 Y-0.3799
X10.2848 Y-0.4137
G2 X10.3127 Y-0.5555 I-0.6478 J-0.2009
X10.3234 Y-0.8084 I-2.6706 J-0.2406
X10.3249 Y-1.0979 I-17.9438 J-0.2358
G1 X10.325 Y-1.315
Y-1.3512
Y-3.2326
X10.3253 Y-3.2645
G3 X10.3405 Y-3.3144 I0.094 J0.0013
G1 X10.3504 Y-3.3269
X10.3653 Y-3.3428
X10.3734 Y-3.3515
X10.3987 Y-3.3797
G3 X10.4123 Y-3.387 I0.018 J0.0173
G1 X10.4272 Y-3.3899
G2 X10.6548 Y-3.5137 I-0.0947 J-0.445 F300.
X10.6621 Y-3.5304 I-0.0177 J-0.0176
G1 X10.6857 Y-4.1117
G2 X10.6798 Y-4.1288 I-0.025 J-0.001
X10.4637 Y-4.2705 I-0.3472 J0.294
G1 X10.4484 Y-4.2748 F50.
G3 X10.4359 Y-4.2826 I0.0064 J-0.0242
G1 X10.3913 Y-4.3377 F90.
G3 X10.3574 Y-4.4048 I0.1653 J-0.1256
G1 X10.3516 Y-4.4237
X10.3429 Y-4.4588
X10.3349 Y-4.4941
X10.3237 Y-4.5285
X10.3077 Y-4.5609
X10.287 Y-4.5906
X10.2621 Y-4.6168
X10.2337 Y-4.6393
X10.2028 Y-4.658
X10.17 Y-4.6734
X10.136 Y-4.6856
G2 X9.994 Y-4.7127 I-0.2039 J0.6836
X9.7411 Y-4.7234 I-0.2422 J2.7273
X9.343 Y-4.7251 I-0.3193 J29.3072
G1 X9.339 Y-4.7257
X9.1564 Y-4.7498
X9.1482 Y-4.7507
X9.1318 Y-4.7523
X9.1235 Y-4.753
X8.9097 Y-4.7681
X8.8851 Y-4.7691
X8.8686 Y-4.7693
X8.6713 Y-4.7714
X8.6631
X8.6384 Y-4.7709
X8.4246 Y-4.7603
X8.4164 Y-4.7598
X8.3999 Y-4.7584
X8.3917 Y-4.7577
X8.1862 Y-4.7351
X8.15 Y-4.7329
G3 X7.9693 Y-4.726 I-0.1693 J-2.0498
X7.6075 Y-4.725 I-0.2614 J-30.8536
G1 X6.1964
X4.716
X4.709 Y-4.7253
X4.7021 Y-4.7261
X4.6953 Y-4.7274
X4.4796 Y-4.7774
G3 X4.4612 Y-4.7997 I0.0065 J-0.0241
X4.486 Y-4.8265 I0.0249 J-0.0018 F300.
G1 X8.1779 Y-4.859
G3 X8.2144 Y-4.7468 I-0.0007 J0.0623
X8.1944 Y-4.7368 I-0.0373 J-0.0499 F50.
G1 X8.1862 Y-4.7351
G2 X8.145 Y-4.7293 I0.0809 J0.7241 F90.
G1 X7.9313 Y-4.6927
X7.9232 Y-4.6912
G3 X7.7068 Y-4.6764 I-0.2059 J-1.4182
X7.3088 Y-4.675 I-0.2862 J-24.9529
G1 X5.9339
X4.9574
X4.9518 Y-4.6752
X4.9462 Y-4.6757
X4.9407 Y-4.6765
X4.8313 Y-4.6968
X4.8066 Y-4.7017
X4.7984 Y-4.7035
X4.6953 Y-4.7274
G3 X4.6769 Y-4.7497 I0.0065 J-0.0241
X4.6997 Y-4.7764 I0.0249 J-0.0018 F300.
G1 X7.9066 Y-4.8144
G3 X7.9506 Y-4.7048 I0.0035 J0.0622
X7.9313 Y-4.6935 I-0.0405 J-0.0473 F50.
G1 X7.9232 Y-4.6912
X7.6435 Y-4.6412 F90.
G3 X7.4271 Y-4.6264 I-0.2052 J-1.4158
X7.0291 Y-4.625 I-0.2861 J-24.7786
G1 X5.6542
X5.2474
X5.2432 Y-4.6251
X5.239 Y-4.6254
X5.2348 Y-4.6259
X5.1602 Y-4.6362
X5.1438 Y-4.6391
X5.1273 Y-4.642
X4.9407 Y-4.6765
G3 X4.9213 Y-4.698 I0.0054 J-0.0244
X4.9367 Y-4.7241 I0.0248 J-0.0029 F300.
G1 X5.0698 Y-4.7768
X5.1602 Y-4.7789
X7.627 Y-4.7643
G3 X7.6709 Y-4.6548 I0.0033 J0.0622
X7.6465 Y-4.6419 I-0.0405 J-0.0473 F50.
G1 X7.6435 Y-4.6412
X7.6015 Y-4.6337 F90.
X7.5777 Y-4.6297
X7.5695 Y-4.6285
X7.257 Y-4.587
G3 X7.0041 Y-4.5758 I-0.2286 J-2.3089
X6.7146 Y-4.575 I-0.2124 J-24.594
G1 X5.6557
X5.6529
X5.65 Y-4.5752
X5.6472 Y-4.5754
X5.522 Y-4.587
X5.5138 Y-4.5879
X5.4891 Y-4.5906
X5.2348 Y-4.6259
G3 X5.2144 Y-4.6465 I0.0043 J-0.0246
X5.226 Y-4.6718 I0.0247 J-0.004 F300.
G1 X5.3576 Y-4.7328
X5.4069 Y-4.7356
X7.2488 Y-4.7107
G3 X7.285 Y-4.5993 I-0.0021 J0.0623
X7.2652 Y-4.5889 I-0.0384 J-0.0491 F50.
G1 X7.257 Y-4.587
X7.2488 Y-4.5859 F90.
X7.2405 Y-4.5849
X7.2159 Y-4.5824
X6.9116 Y-4.5559
X6.8952 Y-4.5544
X6.887 Y-4.5538
X6.5663 Y-4.5403
X6.5581 Y-4.54
X6.5334 Y-4.5393
X6.5252
X6.2045 Y-4.5402
X6.1963 Y-4.5404
X6.1798 Y-4.541
X6.1716 Y-4.5413
X5.8509 Y-4.5567
X5.8427 Y-4.5572
X5.6472 Y-4.5754
G3 X5.6259 Y-4.5951 I0.0032 J-0.0248
G1 X5.6251 Y-4.5989 Z0.141
X5.6243 Y-4.6026 Z0.1419
X5.6236 Y-4.6062 Z0.1434
X5.6229 Y-4.6095 Z0.1454
X5.6223 Y-4.6124 Z0.148
X5.6218 Y-4.6149 Z0.151
X5.6214 Y-4.6169 Z0.1543
X5.6211 Y-4.6183 Z0.1579
X5.6209 Y-4.6192 Z0.1618
X5.6208 Y-4.6195 Z0.1657
G0 Z0.7
X7.3055 Y-0.1329
Z0.1907
G1 Z0.1657 F50.
X7.3056 Y-0.1331 Z0.1618
X7.3061 Y-0.1339 Z0.1579
X7.3068 Y-0.1352 Z0.1543
X7.3078 Y-0.137 Z0.151
X7.309 Y-0.1393 Z0.148
X7.3105 Y-0.1419 Z0.1454
X7.3121 Y-0.1448 Z0.1434
X7.3139 Y-0.148 Z0.1419
X7.3157 Y-0.1513 Z0.141
X7.3176 Y-0.1547 Z0.1407
G3 X7.3388 Y-0.1772 I0.0545 J0.0302
G2 X7.3865 Y-0.2122 I-0.1744 J-0.2876 F90.
G3 X7.464 Y-0.2479 I0.126 J0.1716
X7.5812 Y-0.2672 I0.1549 J0.5763
X7.8343 Y-0.2742 I0.2217 J3.4222
G1 X7.8704 Y-0.2746
X7.9428 Y-0.2748
X8.0514 Y-0.2749
X8.377 Y-0.275
X9.3539
X9.9328
X9.969 Y-0.2751
X10.0052 Y-0.2757
X10.0412 Y-0.279
X10.0764 Y-0.2875
X10.1096 Y-0.3018
X10.1399 Y-0.3217
X10.1665 Y-0.3461
X10.1893 Y-0.3743
X10.2083 Y-0.4051
X10.2237 Y-0.4378
X10.2359 Y-0.4718
G2 X10.2628 Y-0.6138 I-0.6817 J-0.2026
X10.2734 Y-0.8668 I-2.7583 J-0.2423
X10.2749 Y-1.1562 I-18.1582 J-0.2376
G1 X10.275 Y-1.3733
Y-1.4819
Y-3.1462
G3 X10.2768 Y-3.2329 I0.9964 J-0.0224
X10.3103 Y-3.2939 I0.0925 J0.011
G1 X10.3405 Y-3.3185
X10.3487 Y-3.3254
X10.3498 Y-3.3263
X10.3504 Y-3.3269
G3 X10.3641 Y-3.3339 I0.0176 J0.0178
G1 X10.3791 Y-3.3364
G2 X10.6381 Y-3.4689 I-0.0921 J-0.4993 F300.
X10.6458 Y-3.4859 I-0.0173 J-0.0181
G1 X10.6728 Y-4.1555
G2 X10.6665 Y-4.1731 I-0.025 J-0.001
X10.4193 Y-4.326 I-0.3795 J0.3374
G1 X10.4043 Y-4.3298 F50.
G3 X10.3913 Y-4.3377 I0.0058 J-0.0243
G2 X10.3569 Y-4.3729 I-0.1832 J0.1444 F90.
G3 X10.3256 Y-4.4145 I0.1149 J-0.119
G1 X10.3085 Y-4.4463
X10.2922 Y-4.4787
X10.2735 Y-4.5096
X10.2512 Y-4.5381
X10.2255 Y-4.5636
X10.1969 Y-4.5858
X10.1659 Y-4.6045
X10.1333 Y-4.6201
G2 X9.9936 Y-4.6565 I-0.2141 J0.5343
X9.7772 Y-4.6718 I-0.2311 J1.7321
G1 X9.6172 Y-4.6747
X9.6117 Y-4.6759
X9.4031 Y-4.7162
G2 X9.339 Y-4.7258 I-0.1746 J0.948
G3 X9.3185 Y-4.7462 I0.0041 J-0.0247
X9.3335 Y-4.7734 I0.0246 J-0.0042 F300.
G1 X9.4544 Y-4.8228
G3 X9.5018 Y-4.8294 I0.037 J0.0912
G1 X9.9951 Y-4.7868
X10.102 Y-4.7664
X10.176 Y-4.7434
X10.1801 Y-4.7421
X10.1841 Y-4.7406
X10.2747 Y-4.6903
X10.324 Y-4.6491
X10.3569 Y-4.6126
X10.4504 Y-4.4528
G3 X10.3845 Y-4.3596 I-0.0534 J0.0322
X10.3599 Y-4.3706 I0.0125 J-0.061 F50.
G1 X10.3569 Y-4.3729
X10.3139 Y-4.4117 F90.
X10.3044 Y-4.4199
X10.2948 Y-4.4281
X10.2681 Y-4.4525
X10.2421 Y-4.4777
X10.215 Y-4.5016
X10.1862 Y-4.5235
X10.1556 Y-4.5428
X10.1234 Y-4.5593
G2 X9.9852 Y-4.601 I-0.2315 J0.5178
X9.8467 Y-4.6169 I-0.206 J1.1789
G1 X9.8413 Y-4.618
X9.8359 Y-4.6192
X9.6498 Y-4.6669
X9.6416 Y-4.669
X9.6173 Y-4.6748
X9.6117 Y-4.6759
G3 X9.5924 Y-4.6975 I0.0056 J-0.0244
X9.6087 Y-4.7237 I0.0249 J-0.0027 F300.
G1 X9.7288 Y-4.7652
G3 X9.7731 Y-4.7691 I0.0305 J0.0936
G1 X10.057 Y-4.7191
X10.1267 Y-4.698
X10.1308 Y-4.6967
X10.1348 Y-4.6952
X10.1843 Y-4.674
X10.371 Y-4.5268
G3 X10.3899 Y-4.4528 I-0.0382 J0.0492
G1 X10.3898 Y-4.4527
G3 X10.323 Y-4.416 I-0.0571 J-0.0249
X10.2994 Y-4.425 I0.0097 J-0.0615 F50.
G1 X10.2948 Y-4.4281
X10.2912 Y-4.4312 F90.
G2 X10.2007 Y-4.4898 I-1.5615 J2.3067
G1 X10.193 Y-4.4939
X10.1843 Y-4.498
X10.1103 Y-4.5311
X10.102 Y-4.5344
X10.0856 Y-4.5403
X10.0773 Y-4.5432
X9.88 Y-4.6067
X9.8636 Y-4.6119
X9.8554 Y-4.6141
X9.8359 Y-4.6192
G3 X9.818 Y-4.642 I0.0071 J-0.024
G1 X9.8178 Y-4.6459 Z0.141
X9.8176 Y-4.6497 Z0.1419
X9.8175 Y-4.6533 Z0.1434
X9.8173 Y-4.6567 Z0.1454
X9.8172 Y-4.6597 Z0.148
X9.817 Y-4.6622 Z0.151
Y-4.6642 Z0.1543
X9.8169 Y-4.6657 Z0.1579
X9.8168 Y-4.6667 Z0.1618
Y-4.667 Z0.1657
G0 Z0.7
X7.3605 Y-0.1631
Z0.1907
G1 Z0.1657 F50.
X7.3606 Y-0.1634 Z0.1618
X7.3609 Y-0.1643 Z0.1579
X7.3614 Y-0.1657 Z0.1543
X7.3621 Y-0.1676 Z0.151
X7.363 Y-0.17 Z0.148
X7.364 Y-0.1728 Z0.1454
X7.3652 Y-0.176 Z0.1434
X7.3664 Y-0.1794 Z0.1419
X7.3677 Y-0.183 Z0.141
X7.3691 Y-0.1866 Z0.1407
G3 X7.3865 Y-0.2122 I0.0586 J0.0213
G2 X7.4411 Y-0.2572 I-2.4587 J-3.0339 F90.
G3 X7.5172 Y-0.2944 I0.1286 J0.1665
X7.6287 Y-0.3151 I0.1575 J0.5379
X7.8455 Y-0.3238 I0.2139 J2.6327
X8.135 Y-0.3249 I0.2401 J24.3194
G1 X8.4606 Y-0.325
X9.4013
X9.8717
X9.9079
X9.9441 Y-0.3255
X9.9802 Y-0.3281
X10.0156 Y-0.3352
X10.0494 Y-0.348
X10.0806 Y-0.3664
X10.1083 Y-0.3897
X10.1322 Y-0.4169
X10.1522 Y-0.447
X10.1687 Y-0.4792
X10.1819 Y-0.5129
G2 X10.2113 Y-0.6544 I-0.6319 J-0.2051
X10.2232 Y-0.9072 I-2.4963 J-0.2442
X10.2249 Y-1.2329 I-19.0085 J-0.2642
G1 X10.225 Y-1.4861
Y-1.6309
Y-3.1143
G3 X10.2281 Y-3.1984 I0.6521 J-0.0181
X10.2665 Y-3.2587 I0.0853 J0.0118
G1 X10.2829 Y-3.2717
X10.3103 Y-3.2939
G3 X10.3393 Y-3.2948 I0.0151 J0.0199
G1 X10.3425 Y-3.2926 Z0.141
X10.3457 Y-3.2905 Z0.1419
X10.3487 Y-3.2885 Z0.1434
X10.3515 Y-3.2866 Z0.1454
X10.354 Y-3.2849 Z0.148
X10.3561 Y-3.2835 Z0.151
X10.3578 Y-3.2824 Z0.1543
X10.359 Y-3.2816 Z0.1579
X10.3598 Y-3.281 Z0.1618
X10.3601 Y-3.2809 Z0.1657
G0 Z0.7
X7.4161 Y-0.2077
Z0.1907
G1 Z0.1657 F50.
X7.4162 Y-0.208 Z0.1618
X7.4165 Y-0.2088 Z0.1579
X7.417 Y-0.2103 Z0.1543
X7.4176 Y-0.2122 Z0.151
X7.4185 Y-0.2146 Z0.148
X7.4194 Y-0.2174 Z0.1454
X7.4205 Y-0.2206 Z0.1434
X7.4217 Y-0.224 Z0.1419
X7.4229 Y-0.2276 Z0.141
X7.4241 Y-0.2313 Z0.1407
G3 X7.4411 Y-0.2572 I0.059 J0.0201
G1 X7.4436 Y-0.2594 F90.
X7.4662 Y-0.2841
X7.4736 Y-0.2923
G3 X7.54 Y-0.3336 I0.1222 J0.1225
X7.6217 Y-0.356 I0.1465 J0.3735
X7.8017 Y-0.3715 I0.1915 J1.1756
X8.1997 Y-0.3749 I0.3148 J13.3871
G1 X8.453 Y-0.375
X9.4299
X9.8279
X9.8641 Y-0.3751
X9.9003 Y-0.3759
X9.9363 Y-0.3793
X9.9715 Y-0.3877
X10.0048 Y-0.4018
X10.0353 Y-0.4213
X10.0622 Y-0.4454
X10.0854 Y-0.4732
X10.1048 Y-0.5038
X10.1206 Y-0.5363
X10.1333 Y-0.5702
G2 X10.1616 Y-0.7119 I-0.6616 J-0.2057
X10.1732 Y-0.9648 I-2.5933 J-0.2454
X10.1749 Y-1.2904 I-19.4554 J-0.2656
G1 X10.175 Y-1.5075
Y-1.7608
Y-3.0271
G3 X10.1772 Y-3.1503 I1.7727 J-0.0296
X10.1908 Y-3.1997 I0.1267 J0.0082
G1 X10.2 Y-3.2128
X10.2113 Y-3.2242
X10.2244 Y-3.2334
G2 X10.2665 Y-3.2587 I-0.3604 J-0.6463
G3 X10.2954 Y-3.2564 I0.0128 J0.0215
G1 X10.2984 Y-3.2539 Z0.141
X10.3013 Y-3.2514 Z0.1419
X10.3041 Y-3.2491 Z0.1434
X10.3066 Y-3.2469 Z0.1454
X10.3089 Y-3.245 Z0.148
X10.3109 Y-3.2434 Z0.151
X10.3124 Y-3.2421 Z0.1543
X10.3136 Y-3.2411 Z0.1579
X10.3143 Y-3.2405 Z0.1618
X10.3145 Y-3.2403 Z0.1657
G0 Z0.7
X7.4556 Y-0.2399
Z0.1907
G1 Z0.1657 F50.
Y-0.2402 Z0.1618
X7.4558 Y-0.2411 Z0.1579
X7.4561 Y-0.2425 Z0.1543
X7.4565 Y-0.2445 Z0.151
X7.457 Y-0.247 Z0.148
X7.4575 Y-0.25 Z0.1454
X7.4582 Y-0.2532 Z0.1434
X7.4589 Y-0.2568 Z0.1419
X7.4596 Y-0.2606 Z0.141
X7.4603 Y-0.2644 Z0.1407
G3 X7.4736 Y-0.2923 I0.0612 J0.0119
G1 X7.5119 Y-0.3353 F90.
X7.5128 Y-0.3364
G3 X7.5771 Y-0.3789 I0.1226 J0.1155
X7.6524 Y-0.4019 I0.1454 J0.3408
X7.8287 Y-0.4203 I0.1951 J1.0153
X8.1542 Y-0.4246 I0.2667 J7.9631
G1 X8.2628 Y-0.4249
X8.5161 Y-0.425
X9.493
X9.7462
X9.7824
X9.8186 Y-0.4252
X9.8548 Y-0.4263
X9.8907 Y-0.4305
X9.9257 Y-0.4398
X9.9586 Y-0.4548
X9.9886 Y-0.4751
X10.015 Y-0.4998
X10.0376 Y-0.528
X10.0565 Y-0.5589
X10.0719 Y-0.5916
X10.0843 Y-0.6256
G2 X10.1118 Y-0.7675 I-0.6847 J-0.2065
X10.1232 Y-1.0204 I-2.6632 J-0.2463
X10.1249 Y-1.346 I-19.7025 J-0.2666
G1 X10.125 Y-1.5631
Y-1.9249
Y-2.9742
G3 X10.127 Y-3.1071 I2.3814 J-0.0313
X10.1367 Y-3.1599 I0.1954 J0.0086
X10.1789 Y-3.2073 I0.0853 J0.0336
G1 X10.1843 Y-3.2101
X10.1862 Y-3.2112
X10.2244 Y-3.2334
G3 X10.2531 Y-3.2297 I0.0118 J0.022
G1 X10.256 Y-3.227 Z0.141
X10.2588 Y-3.2244 Z0.1419
X10.2615 Y-3.222 Z0.1434
X10.2639 Y-3.2197 Z0.1454
X10.2661 Y-3.2177 Z0.148
X10.268 Y-3.2159 Z0.151
X10.2695 Y-3.2146 Z0.1543
X10.2706 Y-3.2135 Z0.1579
X10.2713 Y-3.2129 Z0.1618
X10.2715 Y-3.2127 Z0.1657
G0 Z0.7
X7.4969 Y-0.2832
Z0.1907
G1 Z0.1657 F50.
X7.497 Y-0.2835 Z0.1618
X7.4971 Y-0.2844 Z0.1579
X7.4973 Y-0.2859 Z0.1543
X7.4976 Y-0.2879 Z0.151
X7.498 Y-0.2904 Z0.148
X7.4985 Y-0.2934 Z0.1454
X7.499 Y-0.2967 Z0.1434
X7.4995 Y-0.3003 Z0.1419
X7.5001 Y-0.304 Z0.141
X7.5007 Y-0.3079 Z0.1407
G3 X7.5128 Y-0.3364 I0.0616 J0.0094
G1 X7.5171 Y-0.3417 F90.
X7.5234 Y-0.3499
X7.5366 Y-0.3702
G3 X7.5973 Y-0.4189 I0.1193 J0.0865
X7.6852 Y-0.4491 I0.1573 J0.3145
X7.8242 Y-0.4674 I0.1809 J0.8359
X8.1497 Y-0.4743 I0.2743 J5.306
G1 X8.222 Y-0.4748
X8.3306 Y-0.4749
X8.5839 Y-0.475
X9.4884
X9.7055
X9.7417 Y-0.4751
X9.7779 Y-0.4754
X9.814 Y-0.4772
X9.8497 Y-0.4828
X9.8842 Y-0.4937
X9.9164 Y-0.5103
X9.9454 Y-0.5319
X9.9708 Y-0.5576
X9.9925 Y-0.5866
X10.0104 Y-0.6181
X10.025 Y-0.6512
G2 X10.0584 Y-0.7916 I-0.5706 J-0.2097
X10.0721 Y-1.0082 I-1.9337 J-0.2307
X10.0749 Y-1.4062 I-17.3451 J-0.3236
G1 X10.075 Y-1.6233
Y-2.0213
Y-2.9258
G3 X10.0784 Y-3.0898 I2.2035 J-0.0359
X10.0908 Y-3.1429 I0.2152 J0.0222
X10.1411 Y-3.1898 I0.0842 J0.0399
G1 X10.154 Y-3.1948
X10.1596 Y-3.197
X10.1789 Y-3.2073
G3 X10.2075 Y-3.2025 I0.011 J0.0225
G1 X10.2103 Y-3.1998 Z0.141
X10.213 Y-3.1971 Z0.1419
X10.2156 Y-3.1945 Z0.1434
X10.2179 Y-3.1922 Z0.1454
X10.22 Y-3.1901 Z0.148
X10.2218 Y-3.1883 Z0.151
X10.2233 Y-3.1868 Z0.1543
X10.2244 Y-3.1858 Z0.1579
X10.225 Y-3.1851 Z0.1618
X10.2252 Y-3.1849 Z0.1657
G0 Z0.7
X7.527 Y-0.3155
Z0.1907
G1 Z0.1657 F50.
Y-0.3158 Z0.1618
Y-0.3167 Z0.1579
X7.5271 Y-0.3182 Z0.1543
Y-0.3203 Z0.151
X7.5272 Y-0.3228 Z0.148
X7.5273 Y-0.3258 Z0.1454
X7.5275 Y-0.3292 Z0.1434
X7.5276 Y-0.3328 Z0.1419
X7.5277 Y-0.3366 Z0.141
X7.5279 Y-0.3405 Z0.1407
G3 X7.5366 Y-0.3702 I0.0623 J0.0022
G1 X7.5658 Y-0.4157 F90.
G3 X7.6293 Y-0.4662 I0.1268 J0.0941
X7.7209 Y-0.4979 I0.1653 J0.3297
X7.8607 Y-0.5168 I0.1858 J0.8496
X8.1862 Y-0.5242 I0.2784 J5.0588
G1 X8.2585 Y-0.5248
X8.3671 Y-0.5249
X8.5842 Y-0.525
X9.5249
X9.6696
X9.7058 Y-0.5251
X9.742 Y-0.5259
X9.778 Y-0.529
X9.8134 Y-0.5368
X9.847 Y-0.5501
X9.878 Y-0.5688
X9.9056 Y-0.5922
X9.9295 Y-0.6194
X9.9496 Y-0.6494
X9.9662 Y-0.6816
X9.9797 Y-0.7152
G2 X10.01 Y-0.8564 I-0.6296 J-0.209
X10.0229 Y-1.1092 I-2.3924 J-0.2488
X10.025 Y-1.6158 I-29.2908 J-0.3749
G1 Y-2.1585
Y-2.8821
G3 X10.0284 Y-3.056 I2.6247 J-0.0358
X10.0394 Y-3.1141 I0.3272 J0.0319
X10.0937 Y-3.1715 I0.0876 J0.0285
G1 X10.1411 Y-3.1898
G3 X10.1689 Y-3.1817 I0.0082 J0.0236
G1 X10.1713 Y-3.1786 Z0.141
X10.1737 Y-3.1756 Z0.1419
X10.1759 Y-3.1727 Z0.1434
X10.178 Y-3.1701 Z0.1454
X10.1798 Y-3.1678 Z0.148
X10.1814 Y-3.1658 Z0.151
X10.1827 Y-3.1642 Z0.1543
X10.1836 Y-3.163 Z0.1579
X10.1842 Y-3.1623 Z0.1618
X10.1844 Y-3.162 Z0.1657
G0 Z0.7
X7.5563 Y-0.361
Z0.1907
G1 Z0.1657 F50.
Y-0.3613 Z0.1618
Y-0.3622 Z0.1579
X7.5564 Y-0.3637 Z0.1543
Y-0.3658 Z0.151
X7.5565 Y-0.3683 Z0.148
X7.5566 Y-0.3713 Z0.1454
X7.5567 Y-0.3746 Z0.1434
X7.5569 Y-0.3783 Z0.1419
X7.557 Y-0.3821 Z0.141
X7.5571 Y-0.386 Z0.1407
G3 X7.5658 Y-0.4157 I0.0623 J0.0021
G2 X7.5859 Y-0.4505 I-0.151 J-0.1103 F90.
G3 X7.6364 Y-0.5013 I0.1119 J0.0608
X7.7271 Y-0.54 I0.1669 J0.2654
X7.8578 Y-0.563 I0.1884 J0.6865
X8.1108 Y-0.5733 I0.2469 J2.9578
X8.4364 Y-0.5749 I0.2679 J21.3733
G1 X8.6535 Y-0.575
X9.5219
X9.6304
X9.6666 Y-0.5753
X9.7028 Y-0.5766
X9.7387 Y-0.5811
X9.7736 Y-0.5906
X9.8065 Y-0.6056
X9.8365 Y-0.6259
X9.863 Y-0.6505
X9.8857 Y-0.6787
X9.9047 Y-0.7095
X9.9203 Y-0.7421
X9.9329 Y-0.776
G2 X9.9611 Y-0.9177 I-0.679 J-0.2087
X9.973 Y-1.1706 I-2.5868 J-0.249
X9.9749 Y-1.4963 I-18.5058 J-0.2697
G1 X9.975 Y-1.7134
Y-2.2561
Y-2.835
G3 X9.9778 Y-3.0159 I3.6374 J-0.0348
X9.9906 Y-3.0935 I0.3706 J0.0214
X10.0527 Y-3.157 I0.0918 J0.0277
G2 X10.0937 Y-3.1715 I-0.1699 J-0.5448
G3 X10.1215 Y-3.1633 I0.0082 J0.0236
G1 X10.1239 Y-3.1603 Z0.141
X10.1263 Y-3.1573 Z0.1419
X10.1285 Y-3.1544 Z0.1434
X10.1306 Y-3.1518 Z0.1454
X10.1324 Y-3.1495 Z0.148
X10.134 Y-3.1475 Z0.151
X10.1353 Y-3.1458 Z0.1543
X10.1362 Y-3.1447 Z0.1579
X10.1368 Y-3.1439 Z0.1618
X10.137 Y-3.1437 Z0.1657
G0 Z0.7
X7.5845 Y-0.3951
Z0.1907
G1 Z0.1657 F50.
Y-0.3954 Z0.1618
X7.5844 Y-0.3963 Z0.1579
X7.5842 Y-0.3978 Z0.1543
X7.584 Y-0.3998 Z0.151
X7.5837 Y-0.4023 Z0.148
X7.5833 Y-0.4053 Z0.1454
X7.583 Y-0.4086 Z0.1434
X7.5825 Y-0.4122 Z0.1419
X7.5821 Y-0.416 Z0.141
X7.5817 Y-0.4199 Z0.1407
G3 X7.5859 Y-0.4505 I0.0619 J-0.0071
G1 X7.5941 Y-0.4688 F90.
X7.6033 Y-0.4897
G3 X7.6515 Y-0.5425 I0.1171 J0.0584
X7.735 Y-0.5825 I0.1688 J0.2449
X7.8567 Y-0.6087 I0.1933 J0.602
X8.1094 Y-0.6226 I0.2525 J2.2989
X8.4712 Y-0.6249 I0.2972 J17.9992
G1 X8.6883 Y-0.625
X9.5567
X9.5929 Y-0.6251
X9.6291 Y-0.6255
X9.6652 Y-0.6278
X9.7008 Y-0.634
X9.7351 Y-0.6454
X9.7671 Y-0.6624
X9.7959 Y-0.6844
X9.821 Y-0.7104
X9.8425 Y-0.7395
X9.8603 Y-0.771
X9.8748 Y-0.8042
G2 X9.908 Y-0.9447 I-0.5786 J-0.2112
X9.9219 Y-1.1612 I-1.9381 J-0.2328
X9.9249 Y-1.5592 I-16.8325 J-0.326
G1 X9.925 Y-1.7763
Y-2.3914
Y-2.7894
G3 X9.929 Y-3.004 I3.45 J-0.0425
X9.9414 Y-3.0727 I0.375 J0.032
X9.9752 Y-3.1299 I0.1078 J0.0251
G1 X9.9873 Y-3.1381
X10.0004 Y-3.1444
X10.0143 Y-3.1486
X10.028 Y-3.1515
X10.0527 Y-3.1569
G3 X10.079 Y-3.1447 I0.0045 J0.0246
G1 X10.0809 Y-3.1413 Z0.141
X10.0828 Y-3.138 Z0.1419
X10.0846 Y-3.1348 Z0.1434
X10.0862 Y-3.1319 Z0.1454
X10.0877 Y-3.1293 Z0.148
X10.0889 Y-3.1271 Z0.151
X10.09 Y-3.1253 Z0.1543
X10.0907 Y-3.124 Z0.1579
X10.0911 Y-3.1232 Z0.1618
X10.0913 Y-3.1229 Z0.1657
G0 Z0.7
X7.6024 Y-0.4342
Z0.1907
G1 Z0.1657 F50.
X7.6023 Y-0.4345 Z0.1618
X7.6022 Y-0.4354 Z0.1579
X7.602 Y-0.4369 Z0.1543
X7.6018 Y-0.4389 Z0.151
X7.6015 Y-0.4415 Z0.148
X7.6011 Y-0.4444 Z0.1454
X7.6007 Y-0.4477 Z0.1434
X7.6003 Y-0.4513 Z0.1419
X7.5998 Y-0.4551 Z0.141
X7.5993 Y-0.459 Z0.1407
G3 X7.6033 Y-0.4897 I0.0618 J-0.0076
G1 X7.6178 Y-0.5226 F90.
X7.6188 Y-0.525
X7.6211 Y-0.5308
G3 X7.6672 Y-0.5851 I0.1173 J0.0528
X7.7687 Y-0.6337 I0.184 J0.2542
X7.8968 Y-0.6594 I0.1965 J0.6454
X8.1496 Y-0.6726 I0.2564 J2.4992
X8.6924 Y-0.675 I0.4036 J29.6488
G1 X9.4884
X9.5245
X9.5607 Y-0.6752
X9.5969 Y-0.6764
X9.6328 Y-0.6804
X9.6679 Y-0.6891
X9.7012 Y-0.7035
X9.7316 Y-0.723
X9.7586 Y-0.7471
X9.7819 Y-0.7748
X9.8016 Y-0.8052
X9.8177 Y-0.8376
X9.8307 Y-0.8713
G2 X9.8602 Y-1.0128 I-0.6536 J-0.2099
X9.8728 Y-1.2656 I-2.4646 J-0.2503
X9.875 Y-1.7721 I-29.3585 J-0.3769
G1 Y-2.4958
Y-2.749
G3 X9.8784 Y-2.9661 I4.3345 J-0.0408
X9.895 Y-3.065 I0.4577 J0.0259
X9.9194 Y-3.1113 I0.1185 J0.033
X9.9692 Y-3.139 I0.0681 J0.0637
G1 X9.9787 Y-3.1409
X10.0143 Y-3.1486
G3 X10.0405 Y-3.1362 I0.0044 J0.0246
G1 X10.0425 Y-3.1328 Z0.141
X10.0443 Y-3.1294 Z0.1419
X10.0461 Y-3.1263 Z0.1434
X10.0477 Y-3.1234 Z0.1454
X10.0492 Y-3.1208 Z0.148
X10.0504 Y-3.1185 Z0.151
X10.0514 Y-3.1167 Z0.1543
X10.0522 Y-3.1154 Z0.1579
X10.0526 Y-3.1146 Z0.1618
X10.0528 Y-3.1144 Z0.1657
G0 Z0.7
X7.6221 Y-0.4753
Z0.1907
G1 Z0.1657 F50.
X7.622 Y-0.4756 Z0.1618
X7.6219 Y-0.4765 Z0.1579
X7.6216 Y-0.478 Z0.1543
X7.6213 Y-0.48 Z0.151
X7.6209 Y-0.4825 Z0.148
X7.6205 Y-0.4855 Z0.1454
X7.6199 Y-0.4888 Z0.1434
X7.6194 Y-0.4924 Z0.1419
X7.6188 Y-0.4961 Z0.141
X7.6182 Y-0.5 Z0.1407
G3 X7.6211 Y-0.5308 I0.0616 J-0.0097
G1 X7.6277 Y-0.5472 F90.
X7.6302 Y-0.5554
X7.6331 Y-0.5662
G3 X7.6717 Y-0.6207 I0.1081 J0.0355
X7.7552 Y-0.6696 I0.1754 J0.2038
X7.8639 Y-0.7 I0.2015 J0.5111
X8.0799 Y-0.7197 I0.2443 J1.4839
X8.4417 Y-0.7245 I0.3038 J9.3767
G1 X8.5503 Y-0.7249
X8.7312 Y-0.725
X9.4548
X9.491 Y-0.7251
X9.5272 Y-0.7255
X9.5633 Y-0.7278
X9.5989 Y-0.7339
X9.6333 Y-0.7452
X9.6653 Y-0.7621
X9.6943 Y-0.7838
X9.7196 Y-0.8096
X9.7412 Y-0.8386
X9.7592 Y-0.87
X9.7738 Y-0.9031
G2 X9.8076 Y-1.0435 I-0.5723 J-0.2118
X9.8218 Y-1.26 I-1.9087 J-0.2337
X9.8249 Y-1.658 I-16.3374 J-0.3271
G1 X9.825 Y-1.8751
Y-2.5987
G3 X9.8275 Y-2.9243 I10.3836 J-0.0834
X9.841 Y-3.0316 I0.6633 J0.0293
X9.8666 Y-3.0962 I0.202 J0.0427
X9.9345 Y-3.1339 I0.0751 J0.0554
G1 X9.9458 Y-3.1346
X9.954 Y-3.136
X9.9692 Y-3.1389
X9.9731 Y-3.1393
X9.9732
X9.9738
X9.9745 Y-3.1392
X9.9751
X9.978 Y-3.1384 Z0.1409
X9.9808 Y-3.1377 Z0.1414
X9.9836 Y-3.137 Z0.1423
X9.9862 Y-3.1351 Z0.1438
X9.9887 Y-3.1335 Z0.1457
X9.9908 Y-3.1319 Z0.148
X9.9923 Y-3.1299 Z0.151
X9.9936 Y-3.1283 Z0.1543
X9.9945 Y-3.1271 Z0.1579
X9.995 Y-3.1263 Z0.1617
X9.9952 Y-3.1261 Z0.1657
G0 Z0.7
X7.6407 Y-0.5112
Z0.1907
G1 Z0.1657 F50.
X7.6406 Y-0.5115 Z0.1618
X7.6404 Y-0.5124 Z0.1579
X7.64 Y-0.5138 Z0.1543
X7.6394 Y-0.5158 Z0.151
X7.6387 Y-0.5182 Z0.148
X7.6379 Y-0.5211 Z0.1454
X7.637 Y-0.5243 Z0.1434
X7.636 Y-0.5278 Z0.1419
X7.6349 Y-0.5315 Z0.141
X7.6339 Y-0.5352 Z0.1407
G3 X7.6331 Y-0.5662 I0.0599 J-0.017
G1 X7.6435 Y-0.6055 F90.
G3 X7.6883 Y-0.6684 I0.1192 J0.0376
X7.7619 Y-0.7128 I0.1738 J0.2048
X7.8986 Y-0.7512 I0.2213 J0.5253
X8.1147 Y-0.7697 I0.2485 J1.625
X8.4765 Y-0.7745 I0.3078 J9.7144
G1 X8.585 Y-0.7749
X8.7659 Y-0.775
X9.4172
X9.4534 Y-0.7752
X9.4895 Y-0.7761
X9.5256 Y-0.7794
X9.5609 Y-0.7873
X9.5945 Y-0.8006
X9.6256 Y-0.8192
X9.6533 Y-0.8425
X9.6773 Y-0.8695
X9.6976 Y-0.8995
X9.7144 Y-0.9315
X9.728 Y-0.965
G2 X9.7591 Y-1.1061 I-0.6231 J-0.2112
X9.7727 Y-1.3589 I-2.3233 J-0.2513
X9.7749 Y-1.7207 I-18.6687 J-0.2967
G1 X9.775 Y-1.9378
Y-2.6614
Y-2.6976
G3 X9.7786 Y-2.9146 I4.5552 J-0.033
G1 X9.7816 Y-2.9507
G3 X9.7975 Y-3.0382 I0.4761 J0.0414
X9.8251 Y-3.0973 I0.1854 J0.0505
X9.8916 Y-3.1313 I0.0721 J0.059
G1 X9.9211 Y-3.1329
X9.9345 Y-3.1338
G3 X9.9587 Y-3.1179 I0.0009 J0.025
X9.96 Y-3.1043 I-0.0233 J0.0091 F300.
G1 X9.8974 Y-1.1968
X9.8856 Y-1.0652
X9.8622 Y-0.9583
X9.8344 Y-0.8843
X9.7995 Y-0.8186
X9.76 Y-0.7659
X9.7095 Y-0.7199
X9.6498 Y-0.6835
X9.584 Y-0.6595
X9.5347 Y-0.6492
X7.7092 Y-0.5296
G3 X7.6442 Y-0.5749 I-0.005 J-0.0621
X7.6433 Y-0.6048 I0.06 J-0.0168 F50.
G1 X7.6435 Y-0.6055
X7.6498 Y-0.6294 F90.
X7.6544 Y-0.6484
G3 X7.6983 Y-0.7118 I0.1213 J0.0372
X7.7905 Y-0.7657 I0.1921 J0.2226
X7.9057 Y-0.798 I0.2144 J0.5436
X8.1216 Y-0.8187 I0.2549 J1.5178
X8.5195 Y-0.8244 I0.3312 J9.3061
G1 X8.628 Y-0.8249
X8.8089 Y-0.825
X9.3517
X9.3879 Y-0.8251
X9.424 Y-0.8255
X9.4602 Y-0.8276
X9.4959 Y-0.8334
X9.5303 Y-0.8444
X9.5626 Y-0.8608
X9.5918 Y-0.8822
X9.6174 Y-0.9077
X9.6393 Y-0.9365
X9.6576 Y-0.9678
X9.6725 Y-1.0007
G2 X9.707 Y-1.1409 I-0.5611 J-0.2124
X9.7216 Y-1.3574 I-1.8639 J-0.2344
X9.7247 Y-1.7554 I-14.8564 J-0.3145
G1 X9.725 Y-1.9363
Y-2.6237
G3 X9.726 Y-2.8046 I11.9999 J-0.0284
X9.7377 Y-2.9779 I1.3207 J0.0022
X9.7567 Y-3.0505 I0.4009 J0.0662
X9.7808 Y-3.0956 I0.145 J0.0485
X9.8471 Y-3.1289 I0.0712 J0.0594
G1 X9.88 Y-3.1306
X9.8916 Y-3.1313
X9.9047 Y-3.1279
X9.9152 Y-3.114
X9.9163 Y-3.1126 F300.
X9.8384 Y-1.1474
X9.8191 Y-1.0314
X9.7888 Y-0.9419
X9.7485 Y-0.8655
X9.6909 Y-0.7981
X9.6333 Y-0.7517
X9.5676 Y-0.7191
X9.5018 Y-0.7027
X9.3127 Y-0.6869
X7.7175 Y-0.5734
G3 X7.6557 Y-0.6178 I-0.0021 J-0.0623
X7.6544 Y-0.6484 I0.0597 J-0.0179 F50.
G1 X7.6558 Y-0.6541 F90.
X7.6568 Y-0.6623
X7.6589 Y-0.6801
G3 X7.6881 Y-0.7375 I0.1047 J0.0172
X7.7706 Y-0.7983 I0.1869 J0.1672
X7.895 Y-0.841 I0.2275 J0.4604
X8.0742 Y-0.8645 I0.2417 J1.1474
X8.3997 Y-0.8737 I0.3057 J5.0796
X8.8338 Y-0.875 I0.3327 J38.9113
G1 X9.3042
X9.3404 Y-0.8751
X9.3766 Y-0.8757
X9.4127 Y-0.878
X9.4483 Y-0.8841
X9.4827 Y-0.8955
X9.5147 Y-0.9123
X9.5437 Y-0.934
X9.569 Y-0.9598
X9.5906 Y-0.9889
X9.6086 Y-1.0202
X9.6233 Y-1.0533
G2 X9.6573 Y-1.1936 I-0.572 J-0.2128
X9.6717 Y-1.4101 I-1.8924 J-0.2344
X9.6747 Y-1.8081 I-15.0773 J-0.3146
G1 X9.675 Y-1.989
Y-2.6041
G3 X9.6782 Y-2.8574 I6.8318 J-0.0414
G1 X9.6805 Y-2.8935
X9.6838 Y-2.9295
G3 X9.7034 Y-3.0286 I0.5263 J0.0528
X9.7308 Y-3.0883 I0.2275 J0.0681
X9.8142 Y-3.1302 I0.0772 J0.0497
G1 X9.8225 Y-3.1297
X9.8389 Y-3.1288
X9.8471 Y-3.1289
X9.865 Y-3.1208
X9.8692 Y-3.1102
X9.8715 Y-3.1043 F300.
X9.7912 Y-1.2214
X9.7771 Y-1.1228
X9.7543 Y-1.0323
X9.7175 Y-0.947
X9.6745 Y-0.8835
X9.6166 Y-0.8268
X9.5429 Y-0.7811
X9.4771 Y-0.7572
X9.4031 Y-0.7466
X7.7257 Y-0.6137
G3 X7.6643 Y-0.65 I-0.0046 J-0.0621
X7.6589 Y-0.6801 I0.0567 J-0.0258 F50.
G1 X7.6613 Y-0.7034 F90.
X7.6629 Y-0.7199
G3 X7.6917 Y-0.7785 I0.1096 J0.0174
X7.7744 Y-0.842 I0.1934 J0.166
X7.8951 Y-0.8862 I0.233 J0.4494
X8.0739 Y-0.9125 I0.2484 J1.0693
X8.3993 Y-0.9233 I0.3116 J4.4657
X8.8697 Y-0.925 I0.3589 J35.9272
G1 X9.2315
X9.2677
X9.3038 Y-0.9252
X9.34 Y-0.9262
X9.376 Y-0.9297
X9.4113 Y-0.9378
X9.4449 Y-0.9512
X9.4758 Y-0.97
X9.5034 Y-0.9934
X9.5274 Y-1.0205
X9.5476 Y-1.0505
X9.5644 Y-1.0826
X9.5779 Y-1.1161
G2 X9.609 Y-1.2572 I-0.6261 J-0.2117
X9.6226 Y-1.5099 I-2.3238 J-0.252
X9.6249 Y-1.8717 I-18.5089 J-0.2976
G1 X9.625 Y-2.0888
Y-2.5592
G3 X9.6289 Y-2.8486 I6.9666 J-0.0522
X9.6447 Y-2.9817 I0.9517 J0.0454
G1 X9.6503 Y-3.0048
X9.6559 Y-3.0239
G3 X9.6936 Y-3.1002 I0.2291 J0.0658
X9.7746 Y-3.1343 I0.0717 J0.0572
G1 X9.8142 Y-3.1302
X9.8307 Y-3.1206
X9.8342 Y-3.1093
X9.8358 Y-3.1043 F300.
X9.7418 Y-1.2708
X9.7238 Y-1.1624
X9.6951 Y-1.057
X9.658 Y-0.981
X9.6167 Y-0.9254
X9.5671 Y-0.8761
X9.5011 Y-0.835
X9.4442 Y-0.8127
X9.3702 Y-0.7978
X7.7339 Y-0.6541
G3 X7.6685 Y-0.6898 I-0.0088 J-0.0617
X7.6629 Y-0.7199 I0.0566 J-0.026 F50.
G1 X7.6646 Y-0.7363 F90.
X7.667 Y-0.761
G3 X7.685 Y-0.8074 I0.0992 J0.0119
X7.7619 Y-0.877 I0.1932 J0.136
X7.8664 Y-0.9232 I0.2311 J0.3813
X8.0402 Y-0.9571 I0.2542 J0.8422
X8.3292 Y-0.972 I0.3017 J3.0401
X8.7634 Y-0.9749 I0.3601 J21.2932
G1 X8.9805 Y-0.975
X9.1976
X9.2337 Y-0.9751
X9.2699 Y-0.9754
X9.306 Y-0.9773
X9.3418 Y-0.9827
X9.3765 Y-0.9931
X9.409 Y-1.0091
X9.4385 Y-1.03
X9.4645 Y-1.0551
X9.4868 Y-1.0836
X9.5054 Y-1.1146
X9.5207 Y-1.1474
G2 X9.5563 Y-1.2874 I-0.5472 J-0.2134
X9.5714 Y-1.5038 I-1.8025 J-0.2352
X9.5747 Y-1.9018 I-14.2148 J-0.3154
G1 X9.575 Y-2.0827
Y-2.5169
G3 X9.578 Y-2.8063 I8.9834 J-0.0513
X9.5914 Y-2.9498 I1.2795 J0.0467
X9.6151 Y-3.04 I0.4938 J0.0814
X9.6494 Y-3.1039 I0.2314 J0.0833
X9.7312 Y-3.1388 I0.0705 J0.0518
G1 X9.7402 Y-3.1378
X9.7746 Y-3.1343
X9.7896 Y-3.1265
X9.7955 Y-3.1137
X9.796 Y-3.1126 F300.
X9.6916 Y-1.3201
X9.6739 Y-1.205
X9.6511 Y-1.126
X9.6169 Y-1.0477
X9.5826 Y-0.9956
X9.5429 Y-0.9496
X9.4766 Y-0.8981
X9.4196 Y-0.8702
X9.3455 Y-0.8519
X7.7339 Y-0.7017
G3 X7.6758 Y-0.7317 I-0.0047 J-0.0621
X7.667 Y-0.761 I0.0534 J-0.0321 F50.
G1 X7.6668 Y-0.7774 F90.
X7.6667 Y-0.7857
X7.6664 Y-0.7902
G3 X7.6867 Y-0.8495 I0.0991 J0.0007
X7.7536 Y-0.9143 I0.187 J0.1262
X7.8767 Y-0.9714 I0.2482 J0.3738
X8.052 Y-1.006 I0.2592 J0.8528
X8.3409 Y-1.0216 I0.3069 J2.9897
X8.7389 Y-1.0247 I0.3306 J17.1951
G1 X8.8836 Y-1.0249
X9.1369 Y-1.025
X9.1731
X9.2092 Y-1.0253
X9.2454 Y-1.0266
X9.2813 Y-1.0307
X9.3164 Y-1.0396
X9.3496 Y-1.0539
X9.3801 Y-1.0734
X9.4072 Y-1.0974
X9.4306 Y-1.125
X9.4503 Y-1.1554
X9.4665 Y-1.1877
X9.4797 Y-1.2214
G2 X9.5096 Y-1.3627 I-0.6487 J-0.2112
X9.5227 Y-1.6156 I-2.4224 J-0.252
X9.5249 Y-1.9774 I-19.2632 J-0.298
G1 X9.525 Y-2.1945
Y-2.4839
G3 X9.5291 Y-2.8095 I8.3308 J-0.0593
X9.5443 Y-2.9519 I1.2707 J0.0638
X9.5833 Y-3.0742 I0.4575 J0.0784
X9.6185 Y-3.1232 I0.1626 J0.0797
X9.6909 Y-3.1443 I0.0601 J0.0714
G1 X9.7156 Y-3.1409
X9.7312 Y-3.1388
X9.7472 Y-3.129
X9.7506 Y-3.1174
X9.7521 Y-3.1126 F300.
X9.6378 Y-1.3434
X9.6237 Y-1.2543
X9.5917 Y-1.1474
X9.5511 Y-1.0714
X9.5018 Y-1.0085
X9.4524 Y-0.9664
X9.3949 Y-0.9326
X9.3127 Y-0.9044
X7.7339 Y-0.7334
G3 X7.6766 Y-0.761 I-0.0054 J-0.0621
G1 X7.6664 Y-0.7902 F50.
X7.6644 Y-0.8268 F90.
G3 X7.6831 Y-0.8869 I0.1032 J-0.0009
X7.7618 Y-0.9632 I0.202 J0.1296
X7.8651 Y-1.013 I0.2433 J0.3728
X8.0377 Y-1.0518 I0.2691 J0.7952
X8.3264 Y-1.0706 I0.3149 J2.5982
X8.7244 Y-1.0747 I0.355 J15.4552
G1 X8.8329 Y-1.0749
X9.05 Y-1.075
X9.1224
X9.1586 Y-1.0753
X9.1947 Y-1.0765
X9.2307 Y-1.0807
X9.2658 Y-1.0895
X9.2991 Y-1.1037
X9.3296 Y-1.1231
X9.3567 Y-1.147
X9.3801 Y-1.1746
X9.3999 Y-1.2049
X9.4162 Y-1.2372
X9.4294 Y-1.2709
X9.4399 Y-1.3055
G2 X9.4661 Y-1.4842 I-0.9129 J-0.2249
X9.4739 Y-1.7735 I-4.4535 J-0.265
X9.4749 Y-2.0268 I-20.9303 J-0.209
G1 X9.475 Y-2.2439
Y-2.461
G3 X9.4789 Y-2.7866 I8.8618 J-0.0562
X9.4988 Y-2.9629 I1.253 J0.0518
X9.5272 Y-3.0553 I0.52 J0.1094
X9.5657 Y-3.1199 I0.2216 J0.0883
X9.6473 Y-3.1503 I0.069 J0.0604
G1 X9.6909 Y-3.1442
X9.7043 Y-3.1372
X9.7107 Y-3.1228
X9.7116 Y-3.1208 F300.
X9.5862 Y-1.3777
X9.5716 Y-1.2954
X9.5429 Y-1.2022
X9.5076 Y-1.131
X9.4524 Y-1.0591
X9.3912 Y-1.0077
X9.3209 Y-0.9716
X9.2469 Y-0.9521
X7.7339 Y-0.7706
G3 X7.6746 Y-0.7979 I-0.0075 J-0.0619
X7.6644 Y-0.8268 I0.0519 J-0.0345 F50.
G1 X7.6626 Y-0.8597 F90.
X7.6621 Y-0.8679
G3 X7.6736 Y-0.9156 I0.0951 J-0.0023
X7.7496 Y-0.9993 I0.2042 J0.1091
X7.8448 Y-1.0509 I0.2441 J0.337
X8.0108 Y-1.0952 I0.2767 J0.7029
X8.2629 Y-1.1178 I0.3063 J2.0001
X8.6608 Y-1.1242 I0.3522 J9.5588
G1 X8.7332 Y-1.1247
X8.8417 Y-1.1248
X9.0588 Y-1.125
X9.095 Y-1.1251
X9.1311 Y-1.1259
X9.1672 Y-1.1286
X9.2027 Y-1.1355
X9.2368 Y-1.1477
X9.2684 Y-1.1653
X9.2969 Y-1.1876
X9.3218 Y-1.2139
X9.3429 Y-1.2433
X9.3605 Y-1.2749
X9.3748 Y-1.3081
X9.3863 Y-1.3424
X9.3954 Y-1.3775
X9.4024 Y-1.4129
G2 X9.4207 Y-1.6291 I-1.5364 J-0.2385
X9.4246 Y-2.0632 I-13.0542 J-0.3362
G1 X9.425 Y-2.2441
Y-2.4612
G3 X9.43 Y-2.7868 I7.4529 J-0.0504
X9.4518 Y-2.9656 I1.2562 J0.0624
X9.4814 Y-3.0595 I0.5313 J0.1161
X9.5219 Y-3.1265 I0.2282 J0.0922
X9.603 Y-3.1564 I0.0685 J0.0609
G1 X9.6473 Y-3.1503
X9.6583 Y-3.1454
X9.6677 Y-3.1291
Y-3.129 F300.
X9.5368 Y-1.4352
X9.5213 Y-1.3448
X9.4972 Y-1.2626
X9.4518 Y-1.1718
X9.4113 Y-1.1206
X9.3455 Y-1.0601
X9.2778 Y-1.0241
X9.2222 Y-1.0071
X7.7339 Y-0.8168
G3 X7.6744 Y-0.8399 I-0.0104 J-0.0614
X7.6621 Y-0.8679 I0.0491 J-0.0383 F50.
G1 X7.6588 Y-0.8926 F90.
X7.6583 Y-0.895
G3 X7.6694 Y-0.9554 I0.0915 J-0.0144
X7.7342 Y-1.033 I0.1962 J0.0981
X7.8458 Y-1.0971 I0.263 J0.3283
X8.0113 Y-1.1426 I0.2816 J0.7009
X8.2633 Y-1.1668 I0.3132 J1.9373
X8.625 Y-1.1739 I0.3398 J8.0893
G1 X8.7697 Y-1.1746
X8.9144 Y-1.175
X9.0592 Y-1.1751
X9.0953 Y-1.1766
X9.1313 Y-1.1807
X9.1663 Y-1.1896
X9.1995 Y-1.204
X9.23 Y-1.2235
X9.2571 Y-1.2475
X9.2805 Y-1.2751
X9.3002 Y-1.3055
X9.3164 Y-1.3378
X9.3296 Y-1.3715
X9.34 Y-1.4062
X9.3483 Y-1.4414
X9.3547 Y-1.477
G2 X9.3711 Y-1.6933 I-1.7025 J-0.2381
X9.3749 Y-2.1275 I-15.6352 J-0.3532
G1 X9.375 Y-2.4169
G3 X9.3788 Y-2.7425 I9.6547 J-0.0499
X9.3957 Y-2.9226 I1.6638 J0.0648
X9.4257 Y-3.04 I0.6535 J0.1045
X9.4683 Y-3.1216 I0.3007 J0.1049
X9.5508 Y-3.1623 I0.0772 J0.0527
G1 X9.5676 Y-3.1611
X9.5758 Y-3.1602
X9.603 Y-3.1564
X9.6169 Y-3.149
X9.6234 Y-3.1358
Y-3.1353
X9.4853 Y-1.4763 F300.
X9.4624 Y-1.3612
X9.436 Y-1.2852
X9.4031 Y-1.2257
X9.3702 Y-1.1796
X9.3538 Y-1.1611
X9.3485 Y-1.1558
X9.2962 Y-1.1118
X9.245 Y-1.0817
X9.1729 Y-1.0562
X7.7257 Y-0.8481
G3 X7.673 Y-0.8678 I-0.0069 J-0.0619
G1 X7.6583 Y-0.895 F50.
X7.6535 Y-0.9172 F90.
X7.6507 Y-0.9301
G3 X7.6611 Y-0.9915 I0.0973 J-0.0152
X7.7242 Y-1.0713 I0.2018 J0.0947
X7.8328 Y-1.1379 I0.2703 J0.3187
X7.9965 Y-1.1873 I0.2928 J0.6757
X8.2481 Y-1.215 I0.3222 J1.7696
X8.6459 Y-1.2238 I0.3657 J7.5133
G1 X8.7665 Y-1.2246
X8.8871 Y-1.225
X9.0077 Y-1.2251
X9.0439 Y-1.2265
X9.0798 Y-1.2305
X9.115 Y-1.2393
X9.1483 Y-1.2534
X9.1789 Y-1.2727
X9.2061 Y-1.2966
X9.2296 Y-1.3241
X9.2494 Y-1.3543
X9.2658 Y-1.3866
X9.279 Y-1.4202
G2 X9.3093 Y-1.5615 I-0.6438 J-0.212
X9.3226 Y-1.8143 I-2.3843 J-0.2523
X9.3249 Y-2.1761 I-18.9028 J-0.2984
G1 X9.325 Y-2.3932
G3 X9.3301 Y-2.755 I8.7798 J-0.0567
X9.3497 Y-2.9347 I1.5791 J0.0812
X9.3816 Y-3.0505 I0.6435 J0.115
X9.425 Y-3.13 I0.2901 J0.1067
X9.5019 Y-3.1649 I0.0721 J0.0568
G1 X9.5429 Y-3.1627
X9.5508 Y-3.1622
X9.5676 Y-3.1532
X9.5716 Y-3.142
X9.5733 Y-3.1372 F300.
X9.4337 Y-1.5092
X9.4093 Y-1.4023
X9.3732 Y-1.3119
X9.3275 Y-1.2379
X9.2747 Y-1.1833
X9.2737 Y-1.1823
X9.2726 Y-1.1813
X9.2715 Y-1.1804
X9.2058 Y-1.1371
X9.14 Y-1.1115
X9.0742 Y-1.0979
X7.7236 Y-0.8843
G3 X7.6653 Y-0.9032 I-0.0125 J-0.061
X7.6507 Y-0.9301 I0.0458 J-0.0422 F50.
G1 X7.6428 Y-0.9666 F90.
G3 X7.6523 Y-1.0286 I0.0999 J-0.0166
X7.7147 Y-1.1109 I0.2073 J0.0925
X7.8226 Y-1.1801 I0.2772 J0.3135
X7.9845 Y-1.2322 I0.3015 J0.6594
X8.2356 Y-1.2631 I0.3312 J1.6586
X8.6334 Y-1.2735 I0.3729 J6.6241
X8.959 Y-1.275 I0.3491 J39.1498
G1 X8.9952 Y-1.2765
X9.0311 Y-1.2807
X9.0662 Y-1.2897
X9.0994 Y-1.304
X9.1299 Y-1.3235
X9.1569 Y-1.3475
X9.1803 Y-1.3752
X9.2 Y-1.4055
X9.2162 Y-1.4378
X9.2294 Y-1.4715
G2 X9.2595 Y-1.6129 I-0.6495 J-0.212
G1 X9.2633 Y-1.6488
G2 X9.2733 Y-1.9018 I-3.2242 J-0.2531
G1 X9.2744 Y-2.0556
X9.2751 Y-2.2094
X9.2753 Y-2.3631
X9.2752 Y-2.5169
G3 X9.2821 Y-2.7701 I5.5598 J0.0268
X9.3045 Y-2.9495 I1.4148 J0.0851
X9.3382 Y-3.0626 I0.6248 J0.1244
X9.3772 Y-3.1322 I0.2677 J0.1045
X9.4543 Y-3.1674 I0.0723 J0.0563
G1 X9.5019 Y-3.1649
X9.5182 Y-3.1568
X9.5241 Y-3.1455
Y-3.1454 F300.
X9.3835 Y-1.5586
X9.3588 Y-1.4517
X9.3412 Y-1.4023
X9.3044 Y-1.3289
X9.2551 Y-1.2623
X9.2058 Y-1.2181
X9.135 Y-1.1768
X9.0824 Y-1.1593
X7.7175 Y-0.9216
G3 X7.6576 Y-0.9397 I-0.0143 J-0.0606
X7.6428 Y-0.9666 I0.0456 J-0.0425 F50.
G1 X7.641 Y-0.9748 F90.
X7.6352 Y-0.9965
X7.6344 Y-0.9994
G3 X7.6357 Y-1.0473 I0.0848 J-0.0217
X7.6979 Y-1.1443 I0.2058 J0.0636
X7.7978 Y-1.2152 I0.2752 J0.2823
X7.9531 Y-1.2725 I0.3116 J0.6044
X8.2033 Y-1.3095 I0.3418 J1.4482
X8.5287 Y-1.3222 I0.3459 J4.6877
X8.8905 Y-1.3247 I0.3326 J21.7246
G1 X8.9267 Y-1.3255
X8.9628 Y-1.328
X8.9984 Y-1.3344
X9.0327 Y-1.3459
X9.0646 Y-1.3629
X9.0935 Y-1.3847
X9.1187 Y-1.4106
X9.1403 Y-1.4397
X9.1583 Y-1.471
X9.173 Y-1.5041
G2 X9.2071 Y-1.6444 I-0.5732 J-0.2133
G1 X9.2115 Y-1.6803
X9.2148 Y-1.7164
G2 X9.2239 Y-2.0418 I-4.5127 J-0.2887
G1 X9.2247 Y-2.1865
X9.2252 Y-2.3313
Y-2.476
G3 X9.2329 Y-2.7653 I5.5185 J0.0007
X9.2553 Y-2.9447 I1.5182 J0.0986
X9.298 Y-3.0821 I0.6227 J0.1185
X9.3287 Y-3.1335 I0.2407 J0.1088
X9.3984 Y-3.1692 I0.0727 J0.0559
X9.4543 Y-3.1674 I0.0054 J0.6761
G1 X9.4689 Y-3.161
X9.4758 Y-3.1477
X9.477 Y-3.1454 F300.
X9.3238 Y-1.5586
X9.299 Y-1.4681
X9.2977 Y-1.464
X9.2962 Y-1.4599
X9.2633 Y-1.3933
X9.2222 Y-1.3324
X9.1706 Y-1.279
X9.0989 Y-1.233
X9.0331 Y-1.2091
X7.701 Y-0.9621
G3 X7.6533 Y-0.9748 I-0.0092 J-0.0616
G1 X7.6532 Y-0.9749
X7.6344 Y-0.9994 F50.
X7.6249 Y-1.0241 F90.
X7.624 Y-1.0266
G3 X7.6252 Y-1.0878 I0.0889 J-0.0289
X7.6737 Y-1.1705 I0.1994 J0.0615
X7.7835 Y-1.2554 I0.2916 J0.2639
X7.9354 Y-1.3155 I0.3189 J0.5845
X8.1849 Y-1.3566 I0.3514 J1.3547
X8.5102 Y-1.3715 I0.3546 J4.175
X8.872 Y-1.3749 I0.3977 J23.0089
G1 X8.9081 Y-1.3773
X8.9438 Y-1.3831
X8.9783 Y-1.3941
X9.0106 Y-1.4103
X9.0399 Y-1.4315
X9.0657 Y-1.457
X9.0877 Y-1.4856
X9.1061 Y-1.5168
X9.1212 Y-1.5497
G2 X9.1564 Y-1.6897 I-0.556 J-0.214
G1 X9.161 Y-1.7256
X9.1645 Y-1.7616
X9.1671 Y-1.7977
G2 X9.1742 Y-2.1232 I-5.7534 J-0.288
G1 X9.1749 Y-2.3403
X9.1762 Y-2.5574
G3 X9.1914 Y-2.8463 I3.165 J0.0217
X9.2259 Y-3.0202 I1.0681 J0.1218
X9.2664 Y-3.1146 I0.4369 J0.1316
X9.2956 Y-3.1491 I0.1113 J0.0647
X9.3479 Y-3.1676 I0.0553 J0.0731
G1 X9.3984 Y-3.1692
X9.416 Y-3.1619
X9.4208 Y-3.1511
X9.4233 Y-3.1454 F300.
X9.2878 Y-1.6901
X9.2687 Y-1.5914
X9.2425 Y-1.501
X9.2089 Y-1.4352
X9.1729 Y-1.3835
X9.1296 Y-1.3366
X9.0989 Y-1.3128
G3 X9.0908 Y-1.3071 I-0.0608 J-0.0774
G1 X9.0166 Y-1.2701
X8.9591 Y-1.254
X7.6928 Y-0.9899
G3 X7.6425 Y-1.0023 I-0.0116 J-0.0612
X7.624 Y-1.0266 I0.0387 J-0.0488 F50.
G1 X7.6106 Y-1.0611 F90.
G3 X7.6116 Y-1.1232 I0.0935 J-0.0294
X7.6608 Y-1.2093 I0.2073 J0.0612
X7.7726 Y-1.2979 I0.3028 J0.2672
X7.9244 Y-1.3601 I0.3279 J0.5837
X8.1734 Y-1.4041 I0.3615 J1.3212
X8.4986 Y-1.4208 I0.3631 J3.8785
X8.8242 Y-1.4248 I0.397 J19.283
G1 X8.8603 Y-1.4274
X8.8959 Y-1.4335
X8.9303 Y-1.4447
X8.9625 Y-1.4613
X8.9915 Y-1.4829
X9.0171 Y-1.5085
X9.0389 Y-1.5374
X9.0571 Y-1.5687
X9.072 Y-1.6016
G2 X9.1067 Y-1.7418 I-0.5644 J-0.214
X9.1191 Y-1.8859 I-1.4768 J-0.1998
X9.1244 Y-2.2477 I-8.4203 J-0.3058
G3 X9.1285 Y-2.6457 I17.246 J-0.0214
X9.1499 Y-2.8979 I2.252 J0.0638
X9.1817 Y-3.0336 I0.9406 J0.1489
X9.2137 Y-3.1077 I0.4014 J0.1291
X9.2511 Y-3.1515 I0.1065 J0.0532
G1 X9.2658 Y-3.159
X9.2815 Y-3.164
X9.2979 Y-3.166
X9.3479 Y-3.1676
G3 X9.3715 Y-3.1507 I-0.0001 J0.025
X9.3723 Y-3.1372 I-0.0236 J0.0081 F300.
G1 X9.2328 Y-1.7066
X9.2163 Y-1.6243
X9.1881 Y-1.5421
X9.1482 Y-1.4675
X9.1071 Y-1.4159
X9.0495 Y-1.3629
X8.9838 Y-1.3261
X8.918 Y-1.3053
X7.6846 Y-1.0256
G3 X7.6292 Y-1.0368 I-0.0167 J-0.06
X7.6125 Y-1.057 I0.0387 J-0.0489 F50.
G1 X7.6106 Y-1.0611
X7.6026 Y-1.0817 F90.
X7.5978 Y-1.0924
G3 X7.596 Y-1.1539 I0.0894 J-0.0334
X7.6405 Y-1.2403 I0.2058 J0.0513
X7.745 Y-1.3308 I0.3052 J0.2465
X7.8919 Y-1.3983 I0.3426 J0.5526
X8.1396 Y-1.4489 I0.3732 J1.1943
X8.4645 Y-1.4695 I0.3743 J3.3387
X8.7539 Y-1.4741 I0.3272 J11.5344
G1 X8.7901 Y-1.4755
X8.8261 Y-1.4792
X8.8613 Y-1.4875
X8.8948 Y-1.5012
X8.9256 Y-1.5201
X8.9532 Y-1.5436
X8.9771 Y-1.5707
X8.9973 Y-1.6007
X9.014 Y-1.6328
X9.0276 Y-1.6663
G2 X9.0588 Y-1.8074 I-0.6273 J-0.2125
X9.0698 Y-1.9517 I-1.657 J-0.199
X9.0749 Y-2.3858 I-12.0542 J-0.3587
G3 X9.0822 Y-2.7113 I7.9653 J0.0164
X9.1065 Y-2.9269 I1.8919 J0.1041
X9.1405 Y-3.0545 I0.7852 J0.1409
X9.1762 Y-3.1254 I0.288 J0.1008
X9.2426 Y-3.1629 I0.0742 J0.0538
G1 X9.2633 Y-3.1647
X9.2715 Y-3.1651
X9.2979 Y-3.166
X9.3127 Y-3.1611
X9.3208 Y-3.1481
X9.3225 Y-3.1454 F300.
X9.181 Y-1.7394
X9.1484 Y-1.6161
X9.1181 Y-1.5503
X9.0748 Y-1.4846
X9.0166 Y-1.4263
X8.9591 Y-1.3894
X8.8851 Y-1.3588
X7.6681 Y-1.0591
G3 X7.6176 Y-1.069 I-0.0143 J-0.0606
X7.5978 Y-1.0924 I0.0362 J-0.0507 F50.
G1 X7.5941 Y-1.1006 F90.
X7.5914 Y-1.1063
X7.5847 Y-1.1179
G3 X7.5778 Y-1.1782 I0.08 J-0.0397
X7.614 Y-1.2632 I0.1972 J0.0338
X7.7055 Y-1.3547 I0.3003 J0.2084
X7.8362 Y-1.4263 I0.3479 J0.4804
X8.0452 Y-1.4836 I0.369 J0.9361
X8.3329 Y-1.5136 I0.38 J2.2466
X8.6945 Y-1.5232 I0.3802 J7.5322
G1 X8.7307 Y-1.5246
X8.7668 Y-1.5275
X8.8023 Y-1.5345
X8.8363 Y-1.5469
X8.8679 Y-1.5645
X8.8964 Y-1.5868
X8.9212 Y-1.6131
X8.9424 Y-1.6424
X8.96 Y-1.674
X8.9744 Y-1.7072
G2 X9.0076 Y-1.8478 I-0.589 J-0.2134
X9.0207 Y-2.0281 I-1.7397 J-0.2174
X9.0253 Y-2.4261 I-14.0222 J-0.3605
G3 X9.0358 Y-2.7515 I5.5802 J0.0169
X9.066 Y-2.9663 I1.6371 J0.1211
X9.1009 Y-3.0767 I0.6399 J0.1413
X9.1217 Y-3.1159 I0.2506 J0.108
X9.1876 Y-3.1566 I0.0766 J0.0504
G1 X9.2324 Y-3.1619
X9.2387 Y-3.1626
X9.2426 Y-3.1629
G3 X9.2633 Y-3.1537 I0.0013 J0.025
G1 X9.2657 Y-3.1467
X9.2689 Y-3.1372 F300.
X9.1327 Y-1.8052
X9.1181 Y-1.7312
X9.093 Y-1.6572
X9.0624 Y-1.5914
X9.0166 Y-1.5248
X8.9728 Y-1.4822
X8.9262 Y-1.4484
X8.8686 Y-1.4214
X8.7946 Y-1.3984
X7.6517 Y-1.0904
G3 X7.6068 Y-1.0968 I-0.0142 J-0.0607
X7.5941 Y-1.1063 I0.0306 J-0.0543 F50.
G1 X7.5847 Y-1.1179
X7.5676 Y-1.1474 F90.
G3 X7.5594 Y-1.2081 I0.0838 J-0.0421
X7.602 Y-1.3073 I0.2118 J0.0321
X7.703 Y-1.4046 I0.3196 J0.2308
X7.8441 Y-1.4783 I0.3641 J0.525
X8.0894 Y-1.5392 I0.3961 J1.0712
X8.3776 Y-1.5651 I0.3785 J2.5931
X8.6669 Y-1.573 I0.3747 J8.4042
G1 X8.703 Y-1.5754
X8.7388 Y-1.5808
X8.7735 Y-1.5911
X8.8061 Y-1.6067
X8.8358 Y-1.6273
X8.8621 Y-1.6522
X8.8847 Y-1.6805
X8.9037 Y-1.7113
X8.9192 Y-1.7439
G2 X8.9556 Y-1.8837 I-0.5359 J-0.2141
X8.9713 Y-2.1 I-1.7599 J-0.2363
X8.9761 Y-2.498 I-20.7297 J-0.4513
G3 X8.9899 Y-2.7871 I4.3166 J0.0612
X9.026 Y-3.0009 I1.4193 J0.1294
X9.0634 Y-3.0987 I0.4658 J0.122
X9.092 Y-3.133 I0.0962 J0.0513
G1 X9.1056 Y-3.1414
X9.1204 Y-3.1473
X9.136 Y-3.1505
X9.1876 Y-3.1566
G3 X9.2125 Y-3.1418 I0.0021 J0.0249
G1 X9.2133 Y-3.1396 F300.
X9.214 Y-3.1373
X9.0714 Y-1.797
X9.037 Y-1.6901
X9.0072 Y-1.6309
X8.9738 Y-1.5832
G3 X8.9674 Y-1.575 I-0.0807 J-0.0564
G1 X8.9097 Y-1.5205
X8.8485 Y-1.4822
X8.7864 Y-1.4591
X7.6352 Y-1.1201
G3 X7.5897 Y-1.1263 I-0.0149 J-0.0605
X7.5676 Y-1.1474 I0.0306 J-0.0543 F50.
G1 X7.5494 Y-1.1787 F90.
G3 X7.5405 Y-1.2398 I0.0867 J-0.0437
X7.5826 Y-1.3424 I0.2179 J0.0295
X7.6844 Y-1.4435 I0.3299 J0.2303
X7.8247 Y-1.5197 I0.3734 J0.5201
X8.0691 Y-1.5845 I0.4088 J1.0493
X8.3569 Y-1.6133 I0.3897 J2.4414
X8.61 Y-1.6219 I0.3594 J6.8562
G1 X8.6461 Y-1.624
X8.682 Y-1.6287
X8.717 Y-1.6381
X8.75 Y-1.6527
X8.7804 Y-1.6724
X8.8073 Y-1.6966
X8.8306 Y-1.7243
X8.8502 Y-1.7547
X8.8664 Y-1.787
X8.8795 Y-1.8208
G2 X8.9095 Y-1.9621 I-0.6528 J-0.2122
X8.9221 Y-2.1787 I-2.1828 J-0.2358
X8.926 Y-2.4682 I-20.6043 J-0.4258
G3 X8.9416 Y-2.7933 I4.2445 J0.0394
X8.9702 Y-2.9719 I1.575 J0.161
G1 X8.9793 Y-3.0069
G3 X9.0139 Y-3.0954 I0.401 J0.1059
X9.0481 Y-3.1305 I0.0838 J0.0472
G1 X9.0617 Y-3.1371
X9.0762 Y-3.1413
X9.0989 Y-3.146
X9.1153 Y-3.148
X9.136 Y-3.1505
G3 X9.1609 Y-3.1357 I0.0021 J0.0249
X9.1626 Y-3.1208 I-0.0229 J0.0101 F300.
G1 X9.0327 Y-1.9039
X9.0166 Y-1.8286
X8.99 Y-1.7477
X8.9528 Y-1.6737
X8.8993 Y-1.6048
X8.8522 Y-1.5649
X8.7946 Y-1.5304
X8.7124 Y-1.4994
X7.6188 Y-1.1519
G3 X7.5715 Y-1.1576 I-0.0167 J-0.06
X7.5494 Y-1.1787 I0.0306 J-0.0543 F50.
G1 X7.5484 Y-1.1803 F90.
X7.5448 Y-1.1863
X7.5338 Y-1.2018
G3 X7.5195 Y-1.2605 I0.0757 J-0.0496
X7.5512 Y-1.3596 I0.206 J0.0113
X7.6379 Y-1.4608 I0.3225 J0.1888
X7.762 Y-1.5414 I0.3818 J0.4519
X7.9665 Y-1.6127 I0.4061 J0.8353
X8.2525 Y-1.6553 I0.4166 J1.8179
X8.5415 Y-1.6698 I0.3733 J4.5403
G1 X8.5777 Y-1.6715
X8.6137 Y-1.6747
X8.6492 Y-1.6817
X8.6834 Y-1.6936
X8.7152 Y-1.7109
X8.7439 Y-1.733
X8.769 Y-1.759
X8.7905 Y-1.7881
X8.8084 Y-1.8195
X8.8231 Y-1.8526
G2 X8.857 Y-1.993 I-0.5766 J-0.2138
X8.8717 Y-2.2094 I-1.9124 J-0.238
X8.8768 Y-2.4988 I-21.4184 J-0.5228
G3 X8.896 Y-2.8238 I3.7047 J0.0561
X8.929 Y-3.0016 I1.3746 J0.163
X8.9603 Y-3.0838 I0.4116 J0.1099
X9.0229 Y-3.1304 I0.0815 J0.0441
G1 X9.0762 Y-3.1413
G3 X9.1023 Y-3.1287 I0.0042 J0.0246
X9.105 Y-3.1126 I-0.0219 J0.012 F300.
G1 X8.9799 Y-1.9403
X8.9591 Y-1.8459
X8.9173 Y-1.7477
X8.8851 Y-1.6968
X8.8439 Y-1.649
X8.8029 Y-1.614
X8.7361 Y-1.575
X7.6023 Y-1.1803
G3 X7.5578 Y-1.1828 I-0.0191 J-0.0593
X7.5338 Y-1.2018 I0.0255 J-0.0568 F50.
G1 X7.5283 Y-1.2095 F90.
X7.5254 Y-1.2132
X7.515 Y-1.226
G3 X7.4976 Y-1.2836 I0.0715 J-0.0531
X7.5235 Y-1.3823 I0.2023 J0.0003
X7.6202 Y-1.5009 I0.3365 J0.1759
X7.7486 Y-1.5853 I0.3931 J0.4577
X7.9879 Y-1.6662 I0.4365 J0.8978
X8.2744 Y-1.706 I0.4195 J1.9642
X8.5273 Y-1.7197 I0.4784 J6.5006
G1 X8.5633 Y-1.7232
X8.5988 Y-1.7302
X8.6329 Y-1.7423
X8.6647 Y-1.7595
X8.6934 Y-1.7815
X8.7186 Y-1.8075
X8.7401 Y-1.8366
X8.758 Y-1.868
X8.7727 Y-1.9011
G2 X8.8069 Y-2.0414 I-0.5759 J-0.2146
X8.8218 Y-2.2579 I-1.9183 J-0.2408
G1 X8.8229 Y-2.294
G3 X8.8328 Y-2.6557 I11.9304 J0.1444
X8.8595 Y-2.9074 I2.3498 J0.1218
X8.8898 Y-3.031 I0.8638 J0.1464
X8.9088 Y-3.0744 I0.2774 J0.0954
X8.9704 Y-3.1196 I0.0801 J0.0445
G1 X9.0229 Y-3.1304
G3 X9.049 Y-3.1178 I0.0042 J0.0246
X9.052 Y-3.1043 I-0.0219 J0.012 F300.
G1 X8.9331 Y-2.0026
X8.9128 Y-1.9121
X8.8851 Y-1.8331
X8.8426 Y-1.7559
X8.7946 Y-1.6983
X8.7371 Y-1.6523
X8.6795 Y-1.6212
X7.5689 Y-1.205
X7.5612 Y-1.2047
G3 X7.5402 Y-1.2086 I0.0007 J-0.0623
X7.515 Y-1.226 I0.0217 J-0.0584 F50.
G1 X7.4935 Y-1.2524 F90.
G3 X7.4748 Y-1.31 I0.0741 J-0.0559
X7.4987 Y-1.4114 I0.2065 J-0.0049
X7.5756 Y-1.517 I0.3299 J0.1598
X7.6886 Y-1.6038 I0.3981 J0.4009
X7.8869 Y-1.689 I0.4344 J0.7373
X8.1705 Y-1.7448 I0.4472 J1.5248
X8.4591 Y-1.7663 I0.412 J3.5847
G1 X8.4951 Y-1.7692
X8.531 Y-1.7743
X8.5658 Y-1.7839
X8.5989 Y-1.7987
X8.6292 Y-1.8185
X8.6561 Y-1.8426
X8.6795 Y-1.8702
X8.6992 Y-1.9006
X8.7155 Y-1.9329
X8.7288 Y-1.9665
G2 X8.7592 Y-2.1078 I-0.6495 J-0.2137
X8.7726 Y-2.3244 I-2.2503 J-0.2484
G1 X8.7738 Y-2.3605
G3 X8.7854 Y-2.6859 I8.1572 J0.1282
X8.8163 Y-2.9372 I2.0908 J0.1296
X8.8452 Y-3.0392 I0.6209 J0.1206
X8.8705 Y-3.0807 I0.1172 J0.0429
G1 X8.8821 Y-3.0904
X8.8951 Y-3.0981
X8.9092 Y-3.1035
G3 X8.9704 Y-3.1196 I0.1546 J0.4652
G1 X8.9838 Y-3.1182
X8.9923 Y-3.1126
X8.9952 Y-3.1059
X8.9996 Y-3.0961 F300.
X8.8732 Y-2.0026
X8.8448 Y-1.9039
X8.8088 Y-1.8299
X8.7608 Y-1.7641
X8.7074 Y-1.7148
X8.6466 Y-1.6777
X7.5612 Y-1.2347
G3 X7.5187 Y-1.235 I-0.0208 J-0.0587
X7.4935 Y-1.2524 I0.0217 J-0.0584 F50.
G1 X7.4852 Y-1.2626 F90.
X7.4708 Y-1.2801
G3 X7.4512 Y-1.3378 I0.0719 J-0.0565
X7.4681 Y-1.4288 I0.1997 J-0.01
X7.5508 Y-1.5513 I0.3409 J0.1411
X7.6646 Y-1.6418 I0.4096 J0.3979
X7.862 Y-1.7306 I0.4498 J0.7366
X8.1447 Y-1.7905 I0.4617 J1.4804
X8.397 Y-1.8127 I0.3988 J3.0912
G1 X8.4331 Y-1.8155
X8.469 Y-1.8198
X8.5042 Y-1.828
X8.5379 Y-1.8412
X8.5691 Y-1.8595
X8.5973 Y-1.8823
X8.6218 Y-1.9088
X8.6428 Y-1.9383
X8.6602 Y-1.97
X8.6745 Y-2.0033
G2 X8.7076 Y-2.1438 I-0.5995 J-0.2153
X8.7227 Y-2.3603 I-2.0964 J-0.2552
G1 X8.7241 Y-2.3965
G3 X8.7418 Y-2.7578 I6.1372 J0.1194
X8.7676 Y-2.9368 I1.9562 J0.1908
X8.794 Y-3.0291 I0.5337 J0.1027
G1 X8.7976 Y-3.037
G3 X8.8554 Y-3.0876 I0.0838 J0.0372
G1 X8.9092 Y-3.1035
G3 X8.9362 Y-3.0932 I0.0063 J0.0242
X8.9404 Y-3.0797 I-0.0208 J0.0138 F300.
G1 X8.8269 Y-2.0683
X8.8034 Y-1.9779
X8.7617 Y-1.8836
X8.719 Y-1.8217
X8.6631 Y-1.7688
X8.621 Y-1.7394
X8.5644 Y-1.7109
X7.5366 Y-1.2667
G3 X7.4973 Y-1.2648 I-0.0224 J-0.0581
X7.4719 Y-1.279 I0.0168 J-0.06 F50.
G1 X7.4708 Y-1.2801
X7.4626 Y-1.2886 F90.
X7.4543 Y-1.2962
X7.4518 Y-1.2984
G3 X7.4272 Y-1.353 I0.0611 J-0.0605
X7.4401 Y-1.4526 I0.196 J-0.0251
X7.5184 Y-1.578 I0.3437 J0.1275
X7.6574 Y-1.6904 I0.4413 J0.4033
X7.8902 Y-1.7884 I0.478 J0.8103
X8.1741 Y-1.8431 I0.4645 J1.6467
X8.3903 Y-1.8626 I0.5062 J4.4093
G1 X8.426 Y-1.8683
X8.4609 Y-1.8777
X8.4942 Y-1.892
X8.5248 Y-1.9113
X8.5522 Y-1.9349
X8.576 Y-1.9622
X8.5962 Y-1.9922
X8.613 Y-2.0243
X8.6267 Y-2.0577
G2 X8.6585 Y-2.1987 I-0.6325 J-0.2169
X8.6737 Y-2.4151 I-2.3024 J-0.2709
G1 X8.6754 Y-2.4513
G3 X8.6946 Y-2.7763 I5.2227 J0.1455
X8.7228 Y-2.9546 I1.6511 J0.1704
X8.7457 Y-3.0239 I0.3649 J0.0822
X8.801 Y-3.0712 I0.0824 J0.0402
G1 X8.8193 Y-3.0769
X8.8357 Y-3.0818
X8.8554 Y-3.0876
X8.8686 Y-3.0874
X8.8806 Y-3.0797
X8.8818 Y-3.0765
X8.8866 Y-3.0632 F300.
X8.7749 Y-2.1094
X8.759 Y-2.0437
X8.7264 Y-1.9614
X8.6753 Y-1.8778
X8.6208 Y-1.8217
X8.5609 Y-1.7806
X7.5201 Y-1.2907
X7.5161 Y-1.2888
X7.5119 Y-1.2872
G3 X7.4794 Y-1.2852 I-0.0201 J-0.059
X7.4518 Y-1.2984 I0.0124 J-0.0611 F50.
G1 X7.4277 Y-1.3201 F90.
G3 X7.4014 Y-1.3743 I0.0632 J-0.0642
X7.4111 Y-1.4755 I0.1984 J-0.0319
X7.4854 Y-1.6039 I0.3495 J0.1165
X7.6203 Y-1.7207 I0.4537 J0.3875
X7.8499 Y-1.8257 I0.4917 J0.7722
X8.1324 Y-1.8867 I0.4825 J1.5496
X8.3123 Y-1.906 I0.41 J2.9748
G1 X8.3482 Y-1.9101
X8.3838 Y-1.9166
X8.4184 Y-1.9273
X8.451 Y-1.9429
X8.4809 Y-1.9633
X8.5075 Y-1.9879
X8.5304 Y-2.0159
X8.5499 Y-2.0464
X8.566 Y-2.0788
G2 X8.6044 Y-2.2179 I-0.5272 J-0.2207
X8.6235 Y-2.4341 I-1.8625 J-0.2732
G1 X8.6255 Y-2.4702
X8.6272 Y-2.5063
G3 X8.6519 Y-2.831 I4.0655 J0.1461
X8.6771 Y-2.9641 I1.1765 J0.1543
G1 X8.6825 Y-2.981
G3 X8.7041 Y-3.0228 I0.112 J0.0316
G1 X8.7147 Y-3.033
X8.7267 Y-3.0415
X8.7399 Y-3.0479
X8.7864 Y-3.0661
X8.7946 Y-3.0693
X8.801 Y-3.0712
X8.8029 Y-3.0717
G3 X8.8282 Y-3.0612 I0.0047 J0.0245
X8.8326 Y-3.0468 I-0.0206 J0.0141 F300.
G1 X8.7307 Y-2.1834
X8.7048 Y-2.0766
X8.666 Y-1.9903
X8.6266 Y-1.927
X8.5726 Y-1.8706
X8.5068 Y-1.8249
X7.4954 Y-1.3122
G3 X7.4553 Y-1.3069 I-0.0279 J-0.0557
X7.4277 Y-1.3201 I0.0123 J-0.0611 F50.
G1 X7.4011 Y-1.3439 F90.
G3 X7.3743 Y-1.3986 I0.0663 J-0.0665
X7.383 Y-1.5031 I0.2048 J-0.0356
X7.4577 Y-1.6364 I0.3613 J0.115
X7.5943 Y-1.758 I0.4663 J0.3862
X7.8223 Y-1.8665 I0.5102 J0.7786
X8.1397 Y-1.9366 I0.514 J1.5727
X8.2835 Y-1.9535 I0.5588 J4.1444
G1 X8.3192 Y-1.9593
X8.3542 Y-1.9685
X8.3876 Y-1.9823
X8.4186 Y-2.001
X8.4465 Y-2.024
X8.471 Y-2.0506
X8.4919 Y-2.0802
X8.5094 Y-2.1118
X8.5238 Y-2.145
G2 X8.5578 Y-2.2854 I-0.6114 J-0.2226
X8.5762 Y-2.5017 I-2.5059 J-0.3214
G1 X8.5783 Y-2.5378
X8.5804 Y-2.5739
G3 X8.6075 Y-2.862 I3.2427 J0.1591
X8.6304 Y-2.9652 I0.7022 J0.102
G1 X8.6335 Y-2.9732
G3 X8.6862 Y-3.0269 I0.086 J0.0316
G1 X8.7399 Y-3.0479
G3 X8.7678 Y-3.0399 I0.0083 J0.0236
X8.7731 Y-3.0221 I-0.0196 J0.0156 F300.
G1 X8.676 Y-2.2081
X8.6497 Y-2.1094
X8.6137 Y-2.0311
X8.5726 Y-1.9695
X8.5233 Y-1.9196
X8.4821 Y-1.8874
X7.4708 Y-1.337
G3 X7.4287 Y-1.3307 I-0.0297 J-0.0547
X7.4011 Y-1.3439 I0.0123 J-0.0611 F50.
G1 X7.3909 Y-1.353 F90.
X7.3785 Y-1.3622
G3 X7.348 Y-1.4139 I0.0561 J-0.068
X7.3498 Y-1.5148 I0.1936 J-0.0471
X7.4131 Y-1.6474 I0.3532 J0.0872
X7.5356 Y-1.7717 I0.4673 J0.338
X7.7569 Y-1.893 I0.5262 J0.6972
X8.0712 Y-1.9755 I0.5364 J1.4051
X8.2146 Y-1.9955 I0.4221 J2.5024
G1 X8.2504 Y-2.0008
X8.2857 Y-2.0083
X8.32 Y-2.02
X8.3523 Y-2.0363
X8.3818 Y-2.0572
X8.4081 Y-2.0821
X8.4309 Y-2.1102
X8.4502 Y-2.1408
X8.4662 Y-2.1732
G2 X8.5051 Y-2.3122 I-0.5422 J-0.2267
X8.5267 Y-2.5282 I-2.06 J-0.3151
G1 X8.5319 Y-2.6003
G3 X8.5629 Y-2.888 I2.8608 J0.1636
X8.5794 Y-2.9499 I0.4849 J0.0957
X8.625 Y-3.0001 I0.0865 J0.0327
X8.6862 Y-3.0269 I0.2253 J0.4321
X8.714 Y-3.0189 I0.0083 J0.0236
X8.7187 Y-2.9974 I-0.0196 J0.0156 F300.
G1 X8.6241 Y-2.241
X8.5939 Y-2.1423
X8.5594 Y-2.0683
X8.5105 Y-2.0026
X8.4693 Y-1.9614
X8.4082 Y-1.9191
X7.4461 Y-1.3602
G3 X7.4072 Y-1.3516 I-0.0323 J-0.0533
X7.3785 Y-1.3622 I0.0066 J-0.062 F50.
G1 X7.3687 Y-1.3694 F90.
X7.3639 Y-1.3726
X7.3543 Y-1.3788
G3 X7.3208 Y-1.4286 I0.0509 J-0.0704
X7.3169 Y-1.5274 I0.1871 J-0.0569
X7.3747 Y-1.6643 I0.3387 J0.0623
G1 X7.385 Y-1.6752
X7.3968 Y-1.6845
G2 X7.4749 Y-1.7394 I-2.5277 J-3.6775
G1 X7.4954 Y-1.756
X7.5037 Y-1.7633
X7.5546 Y-1.8134
X7.5612 Y-1.8201
X7.5695 Y-1.829
G3 X7.6656 Y-1.8996 I0.2827 J0.2842
X7.83 Y-1.9685 I0.415 J0.7596
X8.1481 Y-2.0361 I0.533 J1.7254
G1 X8.1838 Y-2.0418
X8.2194 Y-2.0486
X8.2541 Y-2.0587
X8.2873 Y-2.0731
X8.3181 Y-2.0921
X8.3459 Y-2.1152
X8.3703 Y-2.142
X8.3912 Y-2.1715
X8.4088 Y-2.2031
X8.4234 Y-2.2362
G2 X8.4587 Y-2.3763 I-0.6249 J-0.2322
X8.4778 Y-2.5561 I-2.2458 J-0.3287
G3 X8.5016 Y-2.8083 I5.3018 J0.3746
X8.5221 Y-2.9154 I0.771 J0.0914
X8.5466 Y-2.9565 I0.0943 J0.0285
G1 X8.5577 Y-2.9657
X8.5702 Y-2.9731
X8.625 Y-3.0001
G3 X8.6534 Y-2.9945 I0.0102 J0.0228
X8.6598 Y-2.9728 I-0.0182 J0.0171 F300.
G1 X8.578 Y-2.3068
X8.5534 Y-2.2163
X8.5233 Y-2.1403
X8.4706 Y-2.0601
X8.4206 Y-2.0078
X8.3671 Y-1.9692
X7.4214 Y-1.3809
G3 X7.3836 Y-1.3701 I-0.0352 J-0.0514
X7.3543 Y-1.3788 I0.0026 J-0.0623 F50.
G1 X7.3263 Y-1.3969 F90.
G3 X7.2916 Y-1.4462 I0.0527 J-0.0738
X7.285 Y-1.5471 I0.1898 J-0.0632
X7.3068 Y-1.6224 I0.2484 J0.0313
X7.3464 Y-1.6592 I0.0817 J0.0482
G2 X7.3968 Y-1.6844 I-0.6019 J-1.2641
G1 X7.4004 Y-1.6859
X7.4041 Y-1.6868
X7.4079 Y-1.6872
X7.4118 Y-1.6869
X7.4156 Y-1.6861
X7.4191 Y-1.6847
X7.4225 Y-1.6827
X7.4255 Y-1.6803
G3 X7.4322 Y-1.6554 I-0.0173 J0.018 F300.
G1 X7.3632 Y-1.4115
G3 X7.3552 Y-1.3992 I-0.0241 J-0.0068
X7.3263 Y-1.3969 I-0.0161 J-0.0191 F50.
G1 X7.3146 Y-1.4045 F90.
X7.3049 Y-1.4106
X7.2981 Y-1.4148
G3 X7.2619 Y-1.4632 I0.0513 J-0.0761
X7.257 Y-1.5873 I0.1908 J-0.0697
X7.3042 Y-1.6388 I0.0877 J0.0329
G1 X7.3146 Y-1.6436
X7.3465 Y-1.6592
G3 X7.3749 Y-1.6534 I0.0102 J0.0228
X7.381 Y-1.6307 I-0.0183 J0.0171 F300.
G1 X7.3349 Y-1.4308
G3 X7.327 Y-1.4176 I-0.0244 J-0.0056
X7.2981 Y-1.4148 I-0.0164 J-0.0188 F50.
G1 X7.2899 Y-1.4199 F90.
X7.2817 Y-1.4244
X7.2734 Y-1.4281
G3 X7.2339 Y-1.4729 I0.0396 J-0.0748
X7.22 Y-1.5613 I0.138 J-0.0671
X7.2669 Y-1.6232 I0.0905 J0.0197
G1 X7.2817 Y-1.6294
G3 X7.309 Y-1.6198 I0.0069 J0.024
X7.3136 Y-1.6044 I-0.0204 J0.0144 F300.
G1 X7.308 Y-1.4503
G3 X7.3017 Y-1.4346 I-0.025 J-0.0009
X7.2734 Y-1.4281 I-0.0187 J-0.0166 F50.
G1 X7.257 Y-1.4356 F90.
X7.2442 Y-1.4412
G3 X7.2039 Y-1.4844 I0.0393 J-0.0772
X7.196 Y-1.569 I0.094 J-0.0515
X7.2373 Y-1.6143 I0.083 J0.0343
G1 X7.2518 Y-1.6201
X7.2658 Y-1.6243
X7.2817 Y-1.6294
G3 X7.3089 Y-1.6196 I0.0067 J0.0241
X7.3127 Y-1.5993 I-0.0205 J0.0143 F300.
G1 X7.2778 Y-1.4584
G3 X7.2724 Y-1.448 I-0.0243 J-0.006
X7.2442 Y-1.4412 I-0.0189 J-0.0164 F50.
G1 X7.2134 Y-1.4549 F90.
G3 X7.1699 Y-1.5095 I0.038 J-0.0749
X7.2229 Y-1.6113 I0.0754 J-0.0255
G1 X7.2518 Y-1.6201
G3 X7.2789 Y-1.6098 I0.0064 J0.0242
X7.2821 Y-1.5887 I-0.0208 J0.0139 F300.
G1 X7.2466 Y-1.4709
G3 X7.2416 Y-1.4617 I-0.0239 J-0.0072
X7.2134 Y-1.4549 I-0.0189 J-0.0164 F50.
G1 X7.2077 Y-1.4574 F90.
X7.1994 Y-1.4609
X7.1847 Y-1.4669
G3 X7.1441 Y-1.5309 I0.0313 J-0.0647
X7.1973 Y-1.6037 I0.0737 J-0.002
G1 X7.2112 Y-1.6079
X7.2229 Y-1.6114
G3 X7.25 Y-1.6011 I0.0064 J0.0242
X7.2527 Y-1.5785 I-0.0208 J0.0139 F300.
G1 X7.2168 Y-1.4817
X7.2157 Y-1.4791
X7.2143 Y-1.4767
X7.2126 Y-1.4745
G3 X7.1847 Y-1.4669 I-0.0193 J-0.0159 F50.
G1 X7.1818 Y-1.4681 F90.
X7.1748 Y-1.4703
X7.1641 Y-1.4733
G3 X7.1301 Y-1.505 I0.0163 J-0.0515
G1 X7.1276 Y-1.5104
G3 X7.1795 Y-1.5989 I0.0638 J-0.022
G1 X7.1833 Y-1.5991
X7.1871 Y-1.5988
X7.1909 Y-1.5979
X7.1945 Y-1.5964
X7.1977 Y-1.5944
X7.2007 Y-1.5919
X7.2032 Y-1.589
X7.2053 Y-1.5857
G3 X7.2077 Y-1.5699 I-0.0222 J0.0115 F300.
G1 X7.1945 Y-1.4934
G3 X7.1909 Y-1.4841 I-0.0246 J-0.0043
X7.1641 Y-1.4733 I-0.0211 J-0.0135 F50.
G1 X7.153 Y-1.4763 F90.
X7.1419 Y-1.4793
G3 X7.1089 Y-1.5117 I0.0155 J-0.0488
X7.1587 Y-1.5953 I0.0608 J-0.0204
G1 X7.1748 Y-1.598
X7.1795 Y-1.5989
G3 X7.2053 Y-1.5857 I0.0036 J0.0247
X7.2054 Y-1.5629 I-0.0222 J0.0115 F300.
G1 X7.1698 Y-1.4924
X7.1694 Y-1.4917
X7.169 Y-1.4911
X7.1686 Y-1.4904
G3 X7.1419 Y-1.4793 I-0.0212 J-0.0133 F50.
G1 X7.1221 Y-1.4846 F90.
G3 X7.0922 Y-1.5119 I0.0127 J-0.0439
X7.1407 Y-1.5928 I0.0563 J-0.0213
G1 X7.1501 Y-1.5941
X7.1587 Y-1.5953
G3 X7.1844 Y-1.5818 I0.0034 J0.0248
X7.1839 Y-1.5583 I-0.0223 J0.0113 F300.
G1 X7.1494 Y-1.4967
X7.1491 Y-1.4962
X7.1488 Y-1.4957
G3 X7.1221 Y-1.4846 I-0.0212 J-0.0133 F50.
G1 X7.1024 Y-1.4898 F90.
G3 X7.0765 Y-1.5129 I0.0104 J-0.0378
X7.0971 Y-1.5813 I0.0514 J-0.0218
G1 X7.1085 Y-1.5872
X7.121 Y-1.5903
X7.1407 Y-1.5928
G3 X7.1658 Y-1.5784 I0.0024 J0.0249
X7.164 Y-1.5543 I-0.0227 J0.0104 F300.
G1 X7.1292 Y-1.5009
X7.129 Y-1.5005 F50.
G3 X7.1024 Y-1.4898 I-0.021 J-0.0136
G1 X7.0856 Y-1.494 F90.
G3 X7.0626 Y-1.5119 I0.009 J-0.0354
X7.1026 Y-1.5879 I0.0468 J-0.0239
G1 X7.121 Y-1.5903
G3 X7.1461 Y-1.5758 I0.0024 J0.0249
X7.1439 Y-1.5511 I-0.0227 J0.0104 F300.
G1 X7.1122 Y-1.5055
X7.1114 Y-1.5042 F50.
G3 X7.0856 Y-1.494 I-0.0205 J-0.0143
G1 X7.0761 Y-1.4964 F90.
X7.0716 Y-1.4971
G3 X7.0479 Y-1.5139 I0.0057 J-0.0331
X7.0849 Y-1.5856 I0.0434 J-0.023
G1 X7.1026 Y-1.5879
G3 X7.1259 Y-1.5751 I0.0023 J0.0236
G1 X7.1271 Y-1.5727
G3 X7.1017 Y-1.5021 I-0.0489 J0.0222 F300.
X7.0716 Y-1.4971 I-0.0235 J-0.0483 F50.
G1 X7.0679 Y-1.4977 F90.
X7.0572 Y-1.4991
G3 X7.0334 Y-1.5155 I0.0047 J-0.0323
X7.0715 Y-1.5841 I0.0413 J-0.022
X7.0829 Y-1.5813 I0.0007 J0.0216
X7.0969 Y-1.5686 I-0.0217 J0.0383
X7.0864 Y-1.5069 I-0.0358 J0.0257 F300.
X7.0572 Y-1.4991 I-0.0253 J-0.0361 F50.
G1 X7.0514 Y-1.4998 F90.
X7.0432 Y-1.5007
G3 X7.0192 Y-1.5167 I0.0036 J-0.0314
X7.0562 Y-1.5831 I0.04 J-0.0212
G1 X7.0715 Y-1.5841
G3 X7.0914 Y-1.5721 I0.0007 J0.0213
G1 X7.0927 Y-1.5692
X7.0938 Y-1.5662
G3 X7.0727 Y-1.508 I-0.0472 J0.0158 F300.
X7.0432 Y-1.5007 I-0.0262 J-0.0424 F50.
G1 X7.0284 Y-1.5022 F90.
G3 X7.0082 Y-1.5137 I0.0024 J-0.0278
X7.0031 Y-1.5554 I0.033 J-0.0252
X7.0452 Y-1.5829 I0.0411 J0.017
X7.0558 Y-1.5792 I-0.0012 J0.0204
X7.0687 Y-1.5647 I-0.0245 J0.0346
X7.0573 Y-1.5111 I-0.0374 J0.0201 F300.
X7.0284 Y-1.5022 I-0.026 J-0.0335 F50.
G1 X7.0143 Y-1.5037 F90.
G3 X6.9906 Y-1.5199 I0.0034 J-0.0304
X7.0316 Y-1.5833 I0.0396 J-0.0193
G1 X7.0452 Y-1.5829
G3 X7.0629 Y-1.5701 I-0.0012 J0.0203
G1 X7.0642 Y-1.5664
X7.0652 Y-1.5626
G3 X7.0438 Y-1.5112 I-0.0476 J0.0103 F300.
X7.0143 Y-1.5037 I-0.0262 J-0.0411 F50.
G1 X6.9996 Y-1.5052 F90.
G3 X6.9797 Y-1.5171 I0.0025 J-0.0268
X6.9799 Y-1.5644 I0.0353 J-0.0235
X7.0175 Y-1.5838 I0.0363 J0.0242
G1 X7.0316 Y-1.5833
G3 X7.0492 Y-1.5698 I-0.0013 J0.02
G1 X7.0503 Y-1.5663
X7.0511 Y-1.5627
G3 X7.0291 Y-1.5127 I-0.0482 J0.0086 F300.
X6.9996 Y-1.5052 I-0.0262 J-0.0414 F50.
G1 X6.9856 Y-1.5066 F90.
G3 X6.9658 Y-1.5186 I0.0024 J-0.0263
X6.9664 Y-1.5652 I0.0352 J-0.0229
X7.0035 Y-1.5842 I0.0357 J0.0242
G1 X7.0175 Y-1.5838
G3 X7.035 Y-1.5702 I-0.0013 J0.0197
G1 X7.036 Y-1.5666
X7.0368 Y-1.563
G3 X7.0151 Y-1.5142 I-0.0479 J0.0079 F300.
X6.9856 Y-1.5066 I-0.0262 J-0.0409 F50.
G1 X6.9729 Y-1.5079 F90.
G3 X6.9495 Y-1.5244 I0.003 J-0.0291
X6.9897 Y-1.5846 I0.0389 J-0.0176
G1 X7.0035 Y-1.5842
G3 X7.0206 Y-1.5714 I-0.0013 J0.0195
G1 X7.0218 Y-1.5674
X7.0227 Y-1.5633
G3 X7.0023 Y-1.5157 I-0.0467 J0.0081 F300.
X6.9729 Y-1.5079 I-0.0262 J-0.0395 F50.
G1 X6.9692 Y-1.5083 F90.
X6.961 Y-1.5084
G3 X6.9403 Y-1.5187 I-0.0009 J-0.0241
X6.9393 Y-1.5656 I0.0334 J-0.0242
X6.9766 Y-1.5851 I0.0358 J0.0231
G1 X6.9897 Y-1.5846
G3 X7.0066 Y-1.571 I-0.0013 J0.0188
G1 X7.0075 Y-1.5672
X7.0081 Y-1.5634
G3 X6.9895 Y-1.5189 I-0.0489 J0.0057 F300.
X6.961 Y-1.5084 I-0.0304 J-0.0388 F50.
G1 X6.9482 F90.
G3 X6.9275 Y-1.5185 I-0.0011 J-0.0239
G1 X6.9239 Y-1.5233
G3 X6.9641 Y-1.5856 I0.0381 J-0.0195
G1 X6.9692 Y-1.5853
X6.9766 Y-1.5851
G3 X6.9934 Y-1.5717 I-0.0013 J0.0189
G1 X6.9944 Y-1.5678
X6.9951 Y-1.5638
G3 X6.9768 Y-1.5189 I-0.0486 J0.0064 F300.
X6.9482 Y-1.5084 I-0.0303 J-0.0386 F50.
G1 X6.9445 F90.
X6.9363 Y-1.5081
G3 X6.9152 Y-1.5172 I-0.0024 J-0.0233
G1 X6.9114 Y-1.5219
G3 X6.9514 Y-1.5862 I0.0379 J-0.021
G1 X6.9641 Y-1.5856
G3 X6.9807 Y-1.5717 I-0.0016 J0.0188
G1 X6.9816 Y-1.5679
X6.9822 Y-1.564
G3 X6.9644 Y-1.5198 I-0.0504 J0.0055 F300.
X6.9363 Y-1.5081 I-0.0326 J-0.0388 F50.
G1 X6.9236 Y-1.5074 F90.
G3 X6.9024 Y-1.5164 I-0.0024 J-0.0238
X6.8917 Y-1.5426 I0.0276 J-0.0265
X6.9433 Y-1.5867 I0.0442 J-0.0005
X6.9549 Y-1.5795 I-0.004 J0.0193
X6.9626 Y-1.5644 I-0.0353 J0.0276
X6.9511 Y-1.5201 I-0.043 J0.0125 F300.
X6.9236 Y-1.5074 I-0.0315 J-0.0318 F50.
G1 X6.9103 Y-1.5066 F90.
G3 X6.8888 Y-1.5153 I-0.002 J-0.026
X6.8773 Y-1.5419 I0.0277 J-0.0278
X6.931 Y-1.5888 I0.0458 J-0.0017
G1 X6.9433 Y-1.5867
G3 X6.9586 Y-1.5714 I-0.004 J0.0192
G1 X6.9592 Y-1.5674
X6.9596 Y-1.5634
G3 X6.9387 Y-1.5178 I-0.0541 J0.0028 F300.
X6.9103 Y-1.5066 I-0.0332 J-0.0428 F50.
G1 X6.8969 Y-1.5059 F90.
G3 X6.868 Y-1.5237 I-0.0013 J-0.0301
G1 X6.8651 Y-1.529
G3 X6.9191 Y-1.5909 I0.0451 J-0.0152
G1 X6.931 Y-1.5888
G3 X6.9467 Y-1.5731 I-0.0042 J0.0199
G1 X6.9473 Y-1.5694
X6.9477 Y-1.5658
G3 X6.9254 Y-1.5168 I-0.0558 J0.0041 F300.
X6.8969 Y-1.5059 I-0.0335 J-0.0449 F50.
G1 X6.8828 Y-1.5052 F90.
G3 X6.8537 Y-1.5227 I-0.0013 J-0.0307
G1 X6.8507 Y-1.5279
G3 X6.9064 Y-1.5934 I0.0462 J-0.0171
G1 X6.9191 Y-1.5909
G3 X6.9351 Y-1.5742 I-0.0046 J0.0205
G1 X6.9356 Y-1.571
X6.936 Y-1.5679
G3 X6.9114 Y-1.5157 I-0.0584 J0.0043 F300.
X6.8828 Y-1.5052 I-0.0339 J-0.0478 F50.
G1 X6.868 Y-1.5044 F90.
G3 X6.8421 Y-1.5169 I-0.0011 J-0.0308
G1 X6.8387 Y-1.5218
X6.8358 Y-1.5271
G3 X6.8933 Y-1.5959 I0.0477 J-0.0186
G1 X6.9064 Y-1.5934
G3 X6.923 Y-1.5758 I-0.005 J0.0213
G1 X6.9237 Y-1.5705
G3 X6.8969 Y-1.5146 I-0.0611 J0.0051 F300.
X6.868 Y-1.5044 I-0.0343 J-0.0508 F50.
G1 X6.8623 Y-1.504 F90.
X6.8541 Y-1.5034
G3 X6.8244 Y-1.5201 I-0.0018 J-0.0315
G1 X6.8211 Y-1.5252
G3 X6.8802 Y-1.5985 I0.0488 J-0.0211
G1 X6.8933 Y-1.5959
G3 X6.9125 Y-1.5742 I-0.0057 J0.0243
X6.9068 Y-1.5555 I-0.0249 J0.0026 F300.
G1 X6.8781 Y-1.5213
X6.8704 Y-1.5122 F50.
G3 X6.8541 Y-1.5034 I-0.0191 J-0.0161
G1 X6.8459 Y-1.5028 F90.
X6.8402 Y-1.5023
G3 X6.8098 Y-1.518 I-0.0026 J-0.0323
X6.8001 Y-1.5461 I0.0364 J-0.0283
X6.8659 Y-1.6013 I0.0552 J-0.001
G1 X6.8802 Y-1.5985
G3 X6.8994 Y-1.5768 I-0.0057 J0.0243
X6.8941 Y-1.5586 I-0.0249 J0.0026 F300.
G1 X6.8639 Y-1.5205
X6.8568 Y-1.5116 F50.
G3 X6.8402 Y-1.5023 I-0.0196 J-0.0155
G1 X6.8253 Y-1.501 F90.
G3 X6.7943 Y-1.5159 I-0.0022 J-0.0352
X6.7834 Y-1.5444 I0.0387 J-0.0311
X6.8517 Y-1.6041 I0.0573 J-0.0033
G1 X6.8659 Y-1.6013
G3 X6.8851 Y-1.5796 I-0.0057 J0.0243
X6.8803 Y-1.562 I-0.0249 J0.0026 F300.
G1 X6.8487 Y-1.5195
X6.8423 Y-1.5109 F50.
G3 X6.8253 Y-1.501 I-0.0201 J-0.0149
G1 X6.8087 Y-1.4995 F90.
G3 X6.7863 Y-1.5063 I-0.0029 J-0.0308
X6.7814 Y-1.593 I0.0374 J-0.0457
X6.8376 Y-1.6069 I0.04 J0.0408
G1 X6.8459 Y-1.6052
X6.8517 Y-1.6041
G3 X6.8709 Y-1.5824 I-0.0057 J0.0243
X6.8663 Y-1.565 I-0.0249 J0.0026 F300.
G1 X6.832 Y-1.5181
X6.8258 Y-1.5096 F50.
G3 X6.8087 Y-1.4995 I-0.0202 J-0.0147
G1 X6.794 Y-1.4982 F90.
G3 X6.7622 Y-1.5118 I-0.0031 J-0.0367
X6.7739 Y-1.6044 I0.0433 J-0.0416
X6.8238 Y-1.6111 I0.0323 J0.0513
G1 X6.8376 Y-1.6069
G3 X6.8546 Y-1.5834 I-0.008 J0.0237
X6.8506 Y-1.5698 I-0.025 J0.0002 F300.
G1 X6.8168 Y-1.5171
X6.812 Y-1.5095 F50.
G3 X6.794 Y-1.4982 I-0.021 J-0.0135
G1 X6.7759 Y-1.4965 F90.
G3 X6.7483 Y-1.5062 I-0.002 J-0.0384
X6.7419 Y-1.5988 I0.0424 J-0.0495
X6.8106 Y-1.6153 I0.0468 J0.0438
G1 X6.814 Y-1.6135
X6.8172 Y-1.6113
X6.8199 Y-1.6086
X6.8222 Y-1.6055
X6.8241 Y-1.6021
X6.8253 Y-1.5984
X6.826 Y-1.5946
X6.8261 Y-1.5907
X6.8258 Y-1.588 F300.
X6.8252 Y-1.5854
X6.8243 Y-1.5828
X6.7975 Y-1.516
X6.7959 Y-1.512 F50.
G3 X6.7759 Y-1.4965 I-0.0232 J-0.0093
G1 X6.7591 Y-1.495 F90.
G3 X6.7188 Y-1.5166 I-0.002 J-0.0446
X6.7174 Y-1.5991 I0.0557 J-0.0423
X6.7657 Y-1.6255 I0.0535 J0.0404
G1 X6.7798 Y-1.6251
X6.7935 Y-1.6216
X6.8106 Y-1.6152
G3 X6.8261 Y-1.5907 I-0.0095 J0.0231
X6.8223 Y-1.5789 I-0.025 J-0.0014 F300.
G1 X6.7818 Y-1.514
X6.7772 Y-1.5066 F50.
G3 X6.7591 Y-1.495 I-0.0212 J-0.0132
G1 X6.7406 Y-1.4934 F90.
G3 X6.6997 Y-1.5141 I-0.0021 J-0.0466
X6.6903 Y-1.5953 I0.0598 J-0.0481
X6.7753 Y-1.6283 I0.0612 J0.0316
G1 X6.7935 Y-1.6216
G3 X6.8089 Y-1.597 I-0.0095 J0.0231
X6.8056 Y-1.5859 I-0.025 J-0.0014 F300.
G1 X6.7631 Y-1.5125
X6.7592 Y-1.5056 F50.
G3 X6.7406 Y-1.4934 I-0.0216 J-0.0125
G1 X6.7212 Y-1.4916 F90.
G3 X6.6798 Y-1.5117 I-0.002 J-0.0484
X6.6695 Y-1.6044 I0.0635 J-0.054
X6.7554 Y-1.6357 I0.0615 J0.0351
G1 X6.7753 Y-1.6283
G3 X6.7908 Y-1.6038 I-0.0095 J0.0231
X6.7878 Y-1.5934 I-0.025 J-0.0014 F300.
G1 X6.7434 Y-1.5108
X6.7401 Y-1.5046 F50.
G3 X6.7212 Y-1.4916 I-0.022 J-0.0118
G1 X6.7016 Y-1.4898 F90.
G3 X6.6595 Y-1.5089 I-0.0026 J-0.0503
X6.6494 Y-1.6165 I0.0669 J-0.0606
X6.7354 Y-1.6432 I0.0599 J0.041
G1 X6.739 Y-1.6418
X6.7554 Y-1.6357
G3 X6.7709 Y-1.6112 I-0.0095 J0.0231
G1 X6.7705 Y-1.6079 F300.
X6.7696 Y-1.6047
X6.7684 Y-1.6017
X6.7236 Y-1.5092
X6.7209 Y-1.5037 F50.
G3 X6.7016 Y-1.4898 I-0.0225 J-0.0109
G1 X6.6979 Y-1.4895 F90.
X6.6896 Y-1.4892
X6.6769 Y-1.4889
G3 X6.6354 Y-1.5098 I0.0011 J-0.0539
X6.6315 Y-1.6329 I0.0735 J-0.064
X6.7047 Y-1.6556 I0.0556 J0.0497
G1 X6.7174 Y-1.6512
X6.7307 Y-1.645
X6.7354 Y-1.6432
G3 X6.7505 Y-1.6184 I-0.0099 J0.023
G1 X6.7501 Y-1.6154 F300.
X6.7493 Y-1.6124
X6.7482 Y-1.6096
X6.6998 Y-1.507
X6.698 Y-1.5032 F50.
G3 X6.6769 Y-1.4889 I-0.0226 J-0.0107
G1 X6.6732 Y-1.4888 F90.
X6.665 Y-1.4887
X6.6543
G3 X6.6125 Y-1.5091 I0.0014 J-0.0557
X6.5974 Y-1.6267 I0.0787 J-0.0698
X6.7009 Y-1.6593 I0.0667 J0.0313
G1 X6.704 Y-1.657
X6.7067 Y-1.6543
X6.709 Y-1.6512
X6.7108 Y-1.6478
X6.712 Y-1.6441
X6.7127 Y-1.6403
X6.7128 Y-1.6365
X6.7122 Y-1.6326
X6.7119 Y-1.6314 F300.
X6.6773 Y-1.5069
X6.6772 Y-1.5064
G3 X6.6543 Y-1.4887 I-0.0239 J-0.0072 F50.
G1 X6.6307 Y-1.4885 F90.
G3 X6.5887 Y-1.5087 I0.0016 J-0.0571
X6.5626 Y-1.6091 I0.0811 J-0.0747
X6.6019 Y-1.6708 I0.0916 J0.0151
X6.6793 Y-1.6717 I0.0395 J0.0665
G1 X6.7009 Y-1.6593
G3 X6.7122 Y-1.6326 I-0.0131 J0.0213
G1 X6.7115 Y-1.63 F300.
X6.7105 Y-1.6275
X6.6539 Y-1.5062
X6.6524 Y-1.5029 F50.
G3 X6.6307 Y-1.4885 I-0.0227 J-0.0106
G1 X6.606 Y-1.4884 F90.
G3 X6.564 Y-1.5086 I0.0022 J-0.0586
X6.5335 Y-1.6046 I0.0841 J-0.0795
X6.5677 Y-1.6765 I0.1104 J0.0084
X6.6568 Y-1.6845 I0.0504 J0.0608
G1 X6.6792 Y-1.6717
G3 X6.6905 Y-1.645 I-0.0131 J0.0213
G1 X6.6899 Y-1.6426 F300.
X6.689 Y-1.6402
X6.6291 Y-1.5061
X6.6279 Y-1.5032 F50.
G3 X6.606 Y-1.4884 I-0.0228 J-0.0102
G1 X6.5814 Y-1.4883 F90.
G3 X6.539 Y-1.508 I0.0022 J-0.0602
X6.5045 Y-1.5999 I0.086 J-0.0847
X6.535 Y-1.6826 I0.1268 J-0.0002
X6.6331 Y-1.6979 I0.0588 J0.054
G1 X6.6567 Y-1.6845
G3 X6.668 Y-1.6578 I-0.0131 J0.0213
G1 X6.6674 Y-1.6556 F300.
X6.6667 Y-1.6535
X6.6044 Y-1.506
X6.6034 Y-1.5036 F50.
G3 X6.5814 Y-1.4883 I-0.023 J-0.0097
G1 X6.5581 Y-1.4882 F90.
X6.5556
G3 X6.513 Y-1.5077 I0.003 J-0.0626
X6.4753 Y-1.6025 I0.0893 J-0.0904
X6.5137 Y-1.7017 I0.136 J-0.0043
X6.6156 Y-1.7089 I0.0553 J0.0584
G1 X6.6238 Y-1.7034
X6.6324 Y-1.6983
X6.6331 Y-1.6979
G3 X6.6444 Y-1.6712 I-0.0131 J0.0213
G1 X6.6439 Y-1.6693 F300.
X6.6432 Y-1.6674
X6.5788 Y-1.5056
X6.5781 Y-1.5039 F50.
G3 X6.5556 Y-1.4882 I-0.0232 J-0.0092
G1 X6.5334 Y-1.4884 F90.
X6.5268 Y-1.4887
G3 X6.4765 Y-1.5181 I0.0082 J-0.0717
X6.4453 Y-1.616 I0.1076 J-0.0883
X6.4941 Y-1.7232 I0.1455 J0.0015
X6.5971 Y-1.723 I0.0514 J0.0646
G1 X6.6074 Y-1.7147
X6.6156 Y-1.7088
G3 X6.6241 Y-1.6811 I-0.0152 J0.0198
G1 X6.6235 Y-1.6794 F300.
X6.5508 Y-1.5051
X6.5503 Y-1.5041 F50.
G3 X6.5268 Y-1.4887 I-0.0231 J-0.0096
G1 X6.5252 Y-1.4888 F90.
X6.498 Y-1.491
G3 X6.4439 Y-1.525 I0.01 J-0.0759
X6.4144 Y-1.6139 I0.1146 J-0.0874
X6.4715 Y-1.7434 I0.1597 J-0.007
G1 X6.4852 Y-1.7513
G3 X6.5745 Y-1.7412 I0.0367 J0.0753
G1 X6.597 Y-1.723
G3 X6.6039 Y-1.6948 I-0.0164 J0.0189
G1 X6.6036 Y-1.6942 F300.
X6.5224 Y-1.5067
X6.5221 Y-1.506 F50.
G3 X6.498 Y-1.491 I-0.0229 J-0.0099
G1 X6.4676 Y-1.4934 F90.
G3 X6.4175 Y-1.5235 I0.0108 J-0.0748
X6.3829 Y-1.6213 I0.1158 J-0.096
X6.4383 Y-1.7563 I0.175 J-0.0071
X6.4782 Y-1.7775 I0.0679 J0.0797
X6.5499 Y-1.7611 I0.0189 J0.0819
G1 X6.5745 Y-1.7412
G3 X6.5814 Y-1.713 I-0.0164 J0.0189
G1 X6.581 Y-1.7123 F300.
X6.492 Y-1.5092
X6.4916 Y-1.5084 F50.
G3 X6.4676 Y-1.4934 I-0.0229 J-0.01
G1 X6.4384 Y-1.4958 F90.
G3 X6.388 Y-1.5253 I0.0107 J-0.0761
X6.3508 Y-1.6266 I0.1191 J-0.1012
X6.4087 Y-1.7733 I0.1897 J-0.01
X6.4585 Y-1.7994 I0.0725 J0.078
X6.527 Y-1.7803 I0.0134 J0.0844
G1 X6.5416 Y-1.7678
X6.5461 Y-1.7641
X6.5498 Y-1.7611
G3 X6.5567 Y-1.7329 I-0.0164 J0.0189
G1 X6.5565 Y-1.7325 F300.
X6.4628 Y-1.5115
X6.4626 Y-1.511 F50.
G3 X6.4384 Y-1.4958 I-0.023 J-0.0098
G1 X6.4101 Y-1.4981 F90.
G3 X6.3548 Y-1.531 I0.0102 J-0.0799
X6.3189 Y-1.6197 I0.1224 J-0.1012
X6.3831 Y-1.7955 I0.2053 J-0.0247
X6.4154 Y-1.8152 I0.0815 J0.0974
X6.5078 Y-1.7974 I0.0315 J0.0849
G1 X6.5172 Y-1.7888
X6.5252 Y-1.7818
X6.5269 Y-1.7803
G3 X6.5332 Y-1.7523 I-0.0168 J0.0185
G1 X6.5331 Y-1.752
X6.4344 Y-1.5138 F300.
X6.4343 Y-1.5135 F50.
G3 X6.4101 Y-1.4981 I-0.0231 J-0.0096
G1 X6.3936 Y-1.4994 F90.
X6.3854 Y-1.5003
X6.3772 Y-1.5013
G3 X6.3223 Y-1.5354 I0.0139 J-0.0836
X6.2852 Y-1.6285 I0.1292 J-0.1054
X6.3487 Y-1.8106 I0.2209 J-0.025
X6.3988 Y-1.8408 I0.0966 J0.1034
X6.4821 Y-1.8208 I0.0232 J0.0866
G1 X6.5078 Y-1.7974
G3 X6.5132 Y-1.7694 I-0.0175 J0.0179
G1 X6.513 Y-1.7688
X6.4023 Y-1.5162 F300.
X6.4022 Y-1.516
G3 X6.3772 Y-1.5013 I-0.0228 J-0.0102 F50.
G1 X6.3689 Y-1.5024 F90.
X6.3607 Y-1.5036
X6.3398 Y-1.5071
G3 X6.286 Y-1.5447 I0.0209 J-0.0872
X6.2512 Y-1.6344 I0.1379 J-0.105
X6.3241 Y-1.8358 I0.2347 J-0.0289
X6.3709 Y-1.8632 I0.0957 J0.1098
X6.458 Y-1.8427 I0.025 J0.0892
G1 X6.482 Y-1.8208
G3 X6.4874 Y-1.7927 I-0.0175 J0.0179
G1 X6.4872 Y-1.7923
X6.3658 Y-1.5217 F300.
X6.3656 Y-1.5212
X6.3654 Y-1.5207
G3 X6.3398 Y-1.5071 I-0.0224 J-0.0112 F50.
G1 X6.3069 Y-1.5126 F90.
G3 X6.2528 Y-1.5501 I0.0206 J-0.0875
X6.2167 Y-1.6421 I0.1412 J-0.1085
X6.2937 Y-1.8567 I0.2496 J-0.0315
X6.348 Y-1.8879 I0.101 J0.1129
X6.4319 Y-1.8665 I0.0216 J0.0906
G1 X6.458 Y-1.8427
G3 X6.4633 Y-1.8145 I-0.0175 J0.0179
G1 X6.4631 Y-1.8142
X6.3329 Y-1.5271 F300.
X6.3327 Y-1.5266
X6.3325 Y-1.5262
G3 X6.3069 Y-1.5126 I-0.0224 J-0.0112 F50.
G1 X6.2737 Y-1.5181 F90.
G3 X6.2192 Y-1.5555 I0.0207 J-0.0885
X6.1816 Y-1.65 I0.1447 J-0.1123
X6.2633 Y-1.8786 I0.2648 J-0.0343
X6.3208 Y-1.9121 I0.1078 J0.1188
X6.4052 Y-1.8908 I0.022 J0.0907
G1 X6.4318 Y-1.8665
G3 X6.4372 Y-1.8383 I-0.0175 J0.0179
G1 X6.437 Y-1.838
X6.2997 Y-1.5327 F300.
X6.2995 Y-1.5322
X6.2993 Y-1.5317
G3 X6.2737 Y-1.5181 I-0.0224 J-0.0112 F50.
G1 X6.2411 Y-1.5236 F90.
G3 X6.186 Y-1.5601 I0.0196 J-0.0893
X6.1463 Y-1.656 I0.1462 J-0.1167
X6.2377 Y-1.9057 I0.2794 J-0.0393
X6.2961 Y-1.9376 I0.1062 J0.1251
X6.3779 Y-1.9156 I0.0192 J0.0918
G1 X6.4051 Y-1.8908
G3 X6.4105 Y-1.8628 I-0.0175 J0.0179
G1 X6.4103 Y-1.8623
X6.2672 Y-1.5383 F300.
X6.267 Y-1.5377
X6.2667 Y-1.5372
G3 X6.2411 Y-1.5236 I-0.0223 J-0.0112 F50.
G1 X6.2286 Y-1.5257 F90.
X6.2209 Y-1.5273
X6.2 Y-1.5327
G3 X6.1462 Y-1.5736 I0.03 J-0.0951
X6.1087 Y-1.6781 I0.1629 J-0.1176
X6.2075 Y-1.9296 I0.2973 J-0.0283
X6.2683 Y-1.9627 I0.1113 J0.1315
X6.3502 Y-1.9408 I0.0194 J0.0917
G1 X6.3779 Y-1.9156
G3 X6.3832 Y-1.8873 I-0.0175 J0.0179
G1 X6.383 Y-1.8871
X6.2281 Y-1.5467 F300.
X6.2266 Y-1.544
G3 X6.2 Y-1.5327 I-0.0213 J-0.0131 F50.
G1 X6.1634 Y-1.542 F90.
G3 X6.1098 Y-1.5834 I0.0301 J-0.0945
X6.0735 Y-1.6776 I0.1615 J-0.1163
X6.1163 Y-1.8807 I0.3074 J-0.0412
X6.2095 Y-1.9761 I0.2254 J0.1271
X6.2697 Y-1.9899 I0.0531 J0.0931
X6.3221 Y-1.9664 I-0.0104 J0.0931
G1 X6.3502 Y-1.9408
G3 X6.3554 Y-1.9125 I-0.0175 J0.0179
G1 X6.3553 Y-1.9123
X6.1914 Y-1.556 F300.
X6.19 Y-1.5534
G3 X6.1634 Y-1.542 I-0.0213 J-0.0131 F50.
G1 X6.128 Y-1.5511 F90.
G3 X6.0741 Y-1.592 I0.0293 J-0.0946
X6.0368 Y-1.6872 I0.1631 J-0.1187
X6.0727 Y-1.885 I0.3177 J-0.0445
X6.1785 Y-2.0009 I0.2535 J0.1252
X6.2176 Y-2.0152 I0.0681 J0.1251
X6.2935 Y-1.9924 I0.0139 J0.0911
G1 X6.3221 Y-1.9664
G3 X6.3273 Y-1.9381 I-0.0175 J0.0179
G1 X6.3272 Y-1.9379
X6.1561 Y-1.5651 F300.
X6.1547 Y-1.5625
G3 X6.128 Y-1.5511 I-0.0213 J-0.0131 F50.
G1 X6.091 Y-1.5605 F90.
G3 X6.0371 Y-1.6022 I0.0307 J-0.0954
X5.9994 Y-1.7002 I0.1678 J-0.1208
X6.0302 Y-1.8907 I0.3283 J-0.0447
X6.1414 Y-2.0226 I0.2829 J0.1256
X6.184 Y-2.0404 I0.0764 J0.1235
X6.2608 Y-2.0209 I0.0181 J0.0899
X6.2934 Y-1.9924 I-0.4597 J0.5602
G1 X6.296 Y-1.9895
X6.298 Y-1.9863
X6.2996 Y-1.9828
X6.3006 Y-1.9791
X6.301 Y-1.9752
X6.3008 Y-1.9714
X6.3 Y-1.9676
X6.2987 Y-1.964
X6.2986 Y-1.9639
X6.1191 Y-1.5745 F300.
X6.1177 Y-1.5719
G3 X6.091 Y-1.5605 I-0.0213 J-0.0131 F50.
X6.0483 Y-1.5739 I0.1823 J-0.661 F90.
X5.9954 Y-1.62 I0.0417 J-0.1011
X5.9603 Y-1.7258 I0.1861 J-0.1204
X6.0108 Y-1.9416 I0.3525 J-0.0314
X6.118 Y-2.0526 I0.2635 J0.1472
X6.1692 Y-2.068 I0.0596 J0.1054
X6.2299 Y-2.0467 I0.0014 J0.093
G1 X6.2608 Y-2.0209
G3 X6.2672 Y-1.9926 I-0.0167 J0.0186
G1 X6.2667 Y-1.9917 F300.
X6.0783 Y-1.5872
X6.0772 Y-1.585
X6.0758 Y-1.5829
G3 X6.0483 Y-1.5739 I-0.0201 J-0.0148 F50.
G1 X6.0108 Y-1.5869 F90.
G3 X5.9581 Y-1.6325 I0.0395 J-0.0992
X5.9227 Y-1.7387 I0.1868 J-0.1212
X5.957 Y-1.9283 I0.3564 J-0.0334
X6.0682 Y-2.067 I0.3169 J0.1402
X6.1217 Y-2.0921 I0.0999 J0.1433
X6.1853 Y-2.0819 I0.018 J0.0917
G1 X6.1988 Y-2.0725
X6.2299 Y-2.0466
G3 X6.2363 Y-2.0184 I-0.0167 J0.0186
G1 X6.2358 Y-2.0174 F300.
X6.0409 Y-1.6002
X6.0397 Y-1.598
X6.0384 Y-1.596
G3 X6.0108 Y-1.5869 I-0.0201 J-0.0148 F50.
G1 X5.9718 Y-1.6006 F90.
G3 X5.9193 Y-1.6472 I0.0414 J-0.0994
X5.886 Y-1.7421 I0.1845 J-0.1181
X5.9144 Y-1.9347 I0.3602 J-0.0453
X6.029 Y-2.0877 I0.3434 J0.1379
X6.0758 Y-2.1137 I0.1275 J0.1739
X6.1675 Y-2.0986 I0.0331 J0.0855
G1 X6.1988 Y-2.0725
G3 X6.2052 Y-2.0443 I-0.0167 J0.0186
G1 X6.2047 Y-2.0432 F300.
X6.0018 Y-1.6138
X6.0006 Y-1.6116
X5.9993 Y-1.6096
G3 X5.9718 Y-1.6006 I-0.0201 J-0.0148 F50.
G1 X5.9414 Y-1.6112 F90.
X5.9331 Y-1.6141
G3 X5.8805 Y-1.6622 I0.0453 J-0.1025
X5.8461 Y-1.7745 I0.1995 J-0.1225
X5.8791 Y-1.9588 I0.3786 J-0.0272
X5.9984 Y-2.1149 I0.353 J0.1462
X6.0451 Y-2.1404 I0.1362 J0.194
X6.136 Y-2.1249 I0.0321 J0.0863
G1 X6.1675 Y-2.0986
G3 X6.1739 Y-2.0703 I-0.0167 J0.0186
G1 X6.1734 Y-2.0693 F300.
X5.9633 Y-1.6272
X5.9621 Y-1.625
X5.9607 Y-1.623
G3 X5.9331 Y-1.6141 I-0.02 J-0.015 F50.
G1 X5.9249 Y-1.6173 F90.
X5.9167 Y-1.6208
X5.8903 Y-1.6326
G3 X5.8387 Y-1.6837 I0.0515 J-0.1035
X5.8081 Y-1.7871 I0.205 J-0.1169
X5.8489 Y-1.9943 I0.3944 J-0.0299
X5.9727 Y-2.1458 I0.3485 J0.1585
X6.0317 Y-2.1718 I0.1005 J0.1474
X6.1043 Y-2.1514 I0.0131 J0.0928
G1 X6.136 Y-2.1249
G3 X6.1424 Y-2.0966 I-0.0167 J0.0186
G1 X6.1418 Y-2.0953 F300.
X5.9222 Y-1.6448
X5.9205 Y-1.6419
X5.9185 Y-1.6392
G3 X5.8903 Y-1.6326 I-0.0188 J-0.0165 F50.
G1 X5.8509 Y-1.6502 F90.
G3 X5.8 Y-1.7011 I0.051 J-0.1019
X5.7699 Y-1.8047 I0.2057 J-0.116
X5.8035 Y-1.9971 I0.3976 J-0.0296
X5.9308 Y-2.1656 I0.3793 J0.1541
X5.9809 Y-2.1932 I0.1423 J0.1985
X6.0724 Y-2.178 I0.0326 J0.0862
G1 X6.1043 Y-2.1514
G3 X6.1107 Y-2.1231 I-0.0167 J0.0186
G1 X6.11 Y-2.1217 F300.
X5.8827 Y-1.6623
X5.8811 Y-1.6594
X5.8791 Y-1.6569
G3 X5.8509 Y-1.6502 I-0.0188 J-0.0165 F50.
G1 X5.8112 Y-1.6679 F90.
G3 X5.7609 Y-1.7196 I0.0525 J-0.1015
X5.7314 Y-1.825 I0.21 J-0.1156
X5.7681 Y-2.0226 I0.4094 J-0.0261
X5.8996 Y-2.1933 I0.3867 J0.1618
X5.9497 Y-2.2203 I0.1427 J0.2048
X6.0403 Y-2.2047 I0.0317 J0.0865
G1 X6.0724 Y-2.1779
G3 X6.0788 Y-2.1497 I-0.0167 J0.0186
G1 X6.0781 Y-2.1481 F300.
X5.843 Y-1.6799
X5.8414 Y-1.6771
X5.8394 Y-1.6746
G3 X5.8112 Y-1.6679 I-0.0188 J-0.0165 F50.
G1 X5.7851 Y-1.6799 F90.
X5.7809 Y-1.6819
X5.766 Y-1.6901
G3 X5.7174 Y-1.7476 I0.0675 J-0.1065
X5.6922 Y-1.8637 I0.2354 J-0.1117
X5.7427 Y-2.0695 I0.4355 J-0.0023
X5.8683 Y-2.2212 I0.3765 J0.1841
X5.9174 Y-2.2472 I0.1398 J0.204
X6.0041 Y-2.2338 I0.0309 J0.0867
G1 X6.0071 Y-2.2314
X6.0263 Y-2.2163
X6.0403 Y-2.2047
G3 X6.0467 Y-2.1764 I-0.0167 J0.0186
G1 X6.0458 Y-2.1745 F300.
X5.7995 Y-1.7009
X5.7982 Y-1.6985
X5.7965 Y-1.6964
X5.7947 Y-1.6944
G3 X5.766 Y-1.6901 I-0.0173 J-0.018 F50.
G1 X5.7276 Y-1.7114 F90.
G3 X5.6789 Y-1.7681 I0.0631 J-0.1035
X5.6541 Y-1.8828 I0.2329 J-0.1103
X5.7057 Y-2.0918 I0.4405 J-0.0023
X5.8348 Y-2.2477 I0.387 J0.1891
X5.8831 Y-2.2735 I0.1425 J0.2088
X5.9696 Y-2.2601 I0.0309 J0.0866
G1 X6.004 Y-2.2338
G3 X6.0117 Y-2.2058 I-0.0158 J0.0193
G1 X6.0104 Y-2.2029 F300.
X5.7611 Y-1.7222
X5.7597 Y-1.7198
X5.7581 Y-1.7176
X5.7563 Y-1.7157
G3 X5.7276 Y-1.7114 I-0.0173 J-0.018 F50.
G1 X5.6865 Y-1.7342 F90.
G3 X5.6391 Y-1.7921 I0.066 J-0.1024
X5.6164 Y-1.8923 I0.2272 J-0.1042
X5.6519 Y-2.0786 I0.4284 J-0.0148
X5.793 Y-2.2686 I0.4291 J0.1712
X5.8462 Y-2.2988 I0.1559 J0.2131
X5.9353 Y-2.2862 I0.0334 J0.086
G1 X5.9696 Y-2.26
G3 X5.9772 Y-2.2321 I-0.0158 J0.0193
G1 X5.9759 Y-2.229 F300.
X5.7199 Y-1.7448
X5.7185 Y-1.7425
X5.7169 Y-1.7404
X5.7151 Y-1.7384
G3 X5.6865 Y-1.7342 I-0.0173 J-0.018 F50.
G1 X5.6536 Y-1.7524 F90.
X5.6454 Y-1.7574
G3 X5.5982 Y-1.8195 I0.0757 J-0.1065
X5.5784 Y-1.9426 I0.2545 J-0.104
X5.6323 Y-2.1392 I0.4601 J0.0204
X5.7664 Y-2.3005 I0.4047 J0.2001
X5.8146 Y-2.3261 I0.1436 J0.2125
X5.9009 Y-2.3125 I0.0306 J0.0868
G1 X5.9353 Y-2.2862
G3 X5.9429 Y-2.2583 I-0.0158 J0.0193
G1 X5.9415 Y-2.2551 F300.
X5.6797 Y-1.7674
X5.6781 Y-1.7648
X5.6763 Y-1.7625
X5.6742 Y-1.7604
G3 X5.6454 Y-1.7574 I-0.0165 J-0.0188 F50.
G1 X5.6371 Y-1.7627 F90.
X5.6042 Y-1.7848
G3 X5.5586 Y-1.8472 I0.0761 J-0.1035
X5.5405 Y-1.9541 I0.2468 J-0.0969
X5.5885 Y-2.149 I0.4568 J0.0093
X5.7247 Y-2.3216 I0.4276 J0.1972
X5.7778 Y-2.3514 I0.1537 J0.2115
X5.8665 Y-2.3388 I0.033 J0.0861
G1 X5.9009 Y-2.3125
G3 X5.9085 Y-2.2845 I-0.0158 J0.0193
G1 X5.907 Y-2.2811 F300.
X5.6393 Y-1.794
X5.6376 Y-1.7913
X5.6355 Y-1.7888
X5.6332 Y-1.7866
G3 X5.6042 Y-1.7848 I-0.0157 J-0.0194 F50.
G1 X5.5631 Y-1.8124 F90.
G3 X5.5193 Y-1.8758 I0.079 J-0.1013
X5.5033 Y-1.9854 I0.2526 J-0.0929
X5.5568 Y-2.1834 I0.4665 J0.0199
X5.6827 Y-2.3423 I0.4283 J0.2099
X5.7452 Y-2.3785 I0.1589 J0.202
X5.8319 Y-2.3651 I0.031 J0.0868
G1 X5.8665 Y-2.3387
G3 X5.8741 Y-2.3108 I-0.0158 J0.0193
G1 X5.8733 Y-2.3089 F300.
X5.8724 Y-2.3071
X5.5981 Y-1.8213
X5.5964 Y-1.8187
X5.5944 Y-1.8163
X5.5921 Y-1.8142
G3 X5.5631 Y-1.8124 I-0.0157 J-0.0194 F50.
G1 X5.5302 Y-1.8345 F90.
X5.5252 Y-1.8381
G3 X5.4804 Y-1.9052 I0.0835 J-0.1043
X5.4665 Y-2.0173 I0.2614 J-0.0892
X5.5255 Y-2.218 I0.4758 J0.0308
X5.6534 Y-2.3729 I0.421 J0.2173
X5.7083 Y-2.404 I0.1544 J0.2081
X5.7974 Y-2.3915 I0.0333 J0.086
G1 X5.8319 Y-2.3651
G3 X5.8395 Y-2.3371 I-0.0158 J0.0193
G1 X5.8388 Y-2.3352 F300.
X5.8378 Y-2.3334
X5.5608 Y-1.8465
G3 X5.5541 Y-1.839 I-0.0217 J-0.0124
X5.5252 Y-1.8381 I-0.0151 J-0.0199 F50.
G1 X5.5032 Y-1.8546 F90.
X5.4827 Y-1.871
G3 X5.4411 Y-1.9391 I0.0895 J-0.1014
X5.4307 Y-2.0546 I0.2714 J-0.0827
X5.4977 Y-2.2583 I0.4866 J0.0472
X5.6264 Y-2.405 I0.4047 J0.2251
X5.6764 Y-2.4315 I0.1435 J0.2102
X5.7627 Y-2.418 I0.0305 J0.0868
G1 X5.7974 Y-2.3915
G3 X5.805 Y-2.3635 I-0.0158 J0.0193
G1 X5.8041 Y-2.3614 F300.
X5.803 Y-2.3594
X5.5192 Y-1.8783
G3 X5.5117 Y-1.8703 I-0.0215 J-0.0127
X5.4827 Y-1.871 I-0.014 J-0.0207 F50.
G1 X5.4446 Y-1.9016 F90.
G3 X5.4042 Y-1.9686 I0.0873 J-0.0983
X5.3945 Y-2.0818 I0.2672 J-0.0798
X5.4497 Y-2.262 I0.475 J0.0467
X5.5802 Y-2.4232 I0.4385 J0.2217
X5.6363 Y-2.456 I0.1632 J0.2151
X5.7231 Y-2.4461 I0.0342 J0.0857
G1 X5.7522 Y-2.4258
X5.7575 Y-2.4219
X5.7627 Y-2.418
G3 X5.7703 Y-2.39 I-0.0158 J0.0193
G1 X5.7693 Y-2.3878 F300.
X5.7682 Y-2.3857
X5.4809 Y-1.9088
G3 X5.4735 Y-1.901 I-0.0214 J-0.0129
X5.4446 Y-1.9016 I-0.014 J-0.0207 F50.
G1 X5.4212 Y-1.9203 F90.
X5.4069 Y-1.9321
G3 X5.3673 Y-1.9994 I0.0881 J-0.0972
X5.359 Y-2.1129 I0.2685 J-0.0766
X5.4164 Y-2.2928 I0.4757 J0.0528
X5.5481 Y-2.4519 I0.4349 J0.2258
X5.6006 Y-2.4819 I0.1581 J0.2157
X5.6864 Y-2.4717 I0.0332 J0.0859
G1 X5.7231 Y-2.4461
G3 X5.7319 Y-2.4185 I-0.015 J0.02
G1 X5.7309 Y-2.4158 F300.
X5.7295 Y-2.4132
X5.4435 Y-1.9391
G3 X5.4359 Y-1.9311 I-0.0214 J-0.0129
X5.4069 Y-1.9321 I-0.0138 J-0.0209 F50.
G1 X5.3987 Y-1.9389 F90.
X5.3914 Y-1.945
X5.3658 Y-1.9694
G3 X5.3283 Y-2.0434 I0.1012 J-0.0977
X5.3269 Y-2.1644 I0.2913 J-0.064
X5.4121 Y-2.37 I0.499 J0.0863
X5.5263 Y-2.4875 I0.366 J0.2416
X5.5792 Y-2.512 I0.1015 J0.1493
X5.6498 Y-2.4972 I0.0175 J0.0921
G1 X5.6864 Y-2.4717
G3 X5.6952 Y-2.444 I-0.015 J0.02
G1 X5.6941 Y-2.4412 F300.
X5.6926 Y-2.4384
X5.4036 Y-1.9749
G3 X5.3946 Y-1.9663 I-0.0212 J-0.0132
X5.3658 Y-1.9694 I-0.0122 J-0.0218 F50.
G1 X5.3275 Y-2.0059 F90.
G3 X5.2927 Y-2.0784 I0.1015 J-0.0934
X5.2901 Y-2.18 I0.2748 J-0.0579
X5.3665 Y-2.3809 I0.4864 J0.07
X5.4938 Y-2.5155 I0.3813 J0.233
X5.5404 Y-2.5368 I0.0994 J0.1563
X5.6134 Y-2.5226 I0.0203 J0.0904
G1 X5.6498 Y-2.4972
G3 X5.6586 Y-2.4696 I-0.015 J0.02
G1 X5.6574 Y-2.4665 F300.
X5.6558 Y-2.4637
X5.3652 Y-2.0111
G3 X5.3563 Y-2.0028 I-0.021 J-0.0135
X5.3275 Y-2.0059 I-0.0122 J-0.0218 F50.
G1 X5.3 Y-2.0321 F90.
X5.2918 Y-2.0401
G3 X5.2578 Y-2.1124 I0.101 J-0.0915
X5.2562 Y-2.2128 I0.2721 J-0.0545
X5.32 Y-2.3891 I0.4725 J0.0712
X5.4488 Y-2.5352 I0.4087 J0.2306
X5.5046 Y-2.5624 I0.113 J0.1608
X5.577 Y-2.5479 I0.0193 J0.0916
G1 X5.6134 Y-2.5225
G3 X5.6222 Y-2.4949 I-0.015 J0.02
G1 X5.6209 Y-2.4918 F300.
X5.6193 Y-2.4889
X5.3295 Y-2.045
G3 X5.3206 Y-2.0367 I-0.0209 J-0.0137
X5.2918 Y-2.0401 I-0.0121 J-0.0219 F50.
G1 X5.2836 Y-2.048 F90.
X5.2799 Y-2.0519
X5.2541 Y-2.0811
G3 X5.2222 Y-2.1596 I0.1121 J-0.0912
X5.2265 Y-2.2653 I0.2907 J-0.0412
X5.3907 Y-2.5437 I0.4971 J0.1056
X5.4545 Y-2.5834 I0.171 J0.2039
X5.5406 Y-2.5733 I0.0335 J0.0859
G1 X5.5769 Y-2.5479
G3 X5.5858 Y-2.5203 I-0.015 J0.02
G1 X5.5844 Y-2.517 F300.
X5.5827 Y-2.5139
X5.2929 Y-2.0843
G3 X5.2825 Y-2.0755 I-0.0207 J-0.014
X5.2541 Y-2.0811 I-0.0103 J-0.0228 F50.
G1 X5.2178 Y-2.1221 F90.
G3 X5.1889 Y-2.1993 I0.1133 J-0.0864
X5.1953 Y-2.3046 I0.2902 J-0.0351
X5.3603 Y-2.5738 I0.4856 J0.1124
X5.4159 Y-2.6077 I0.1675 J0.2122
X5.5042 Y-2.5986 I0.0359 J0.085
G1 X5.5406 Y-2.5732
G3 X5.5494 Y-2.5456 I-0.015 J0.02
G1 X5.548 Y-2.5421 F300.
X5.5461 Y-2.5389
X5.2564 Y-2.125
G3 X5.2462 Y-2.1165 I-0.0205 J-0.0143
X5.2178 Y-2.1221 I-0.0103 J-0.0228 F50.
G1 X5.1999 Y-2.1423 F90.
X5.1857 Y-2.1588
G3 X5.1569 Y-2.2348 I0.1096 J-0.085
X5.1682 Y-2.3563 I0.2977 J-0.0335
X5.3253 Y-2.5999 I0.4702 J0.1309
X5.3791 Y-2.6326 I0.1659 J0.2118
X5.4641 Y-2.6256 I0.0358 J0.085
G1 X5.4741 Y-2.6192
X5.4809 Y-2.6148
X5.5042 Y-2.5986
G3 X5.5131 Y-2.571 I-0.015 J0.02
G1 X5.5116 Y-2.5674 F300.
X5.5096 Y-2.5641
X5.2245 Y-2.1613
G3 X5.2141 Y-2.1528 I-0.0204 J-0.0144
X5.1857 Y-2.1588 I-0.01 J-0.0229 F50.
G1 X5.1767 Y-2.1693 F90.
X5.1497 Y-2.2056
G3 X5.1248 Y-2.2867 I0.1222 J-0.0818
X5.1444 Y-2.4133 I0.3152 J-0.0161
X5.2932 Y-2.628 I0.4482 J0.1516
X5.3524 Y-2.6609 I0.1334 J0.1705
X5.426 Y-2.6498 I0.0241 J0.0903
G1 X5.4641 Y-2.6256
G3 X5.4741 Y-2.5984 I-0.0141 J0.0206
G1 X5.4731 Y-2.5955 F300.
X5.4718 Y-2.5928
X5.4702 Y-2.5902
X5.1894 Y-2.2064
G3 X5.1776 Y-2.1976 I-0.0202 J-0.0148
X5.1497 Y-2.2056 I-0.0083 J-0.0236 F50.
G1 X5.1191 Y-2.2467 F90.
G3 X5.0949 Y-2.326 I0.117 J-0.079
X5.1145 Y-2.448 I0.3039 J-0.0138
X5.2584 Y-2.6537 I0.4317 J0.1487
X5.315 Y-2.6849 I0.1253 J0.1607
X5.3883 Y-2.6737 I0.0236 J0.0905
G1 X5.426 Y-2.6497
G3 X5.436 Y-2.6225 I-0.0141 J0.0206
G1 X5.435 Y-2.6196 F300.
X5.4337 Y-2.6168
X5.4319 Y-2.6142
X5.1587 Y-2.2474
G3 X5.147 Y-2.2388 I-0.02 J-0.0149
X5.1191 Y-2.2467 I-0.0083 J-0.0236 F50.
G1 X5.0928 Y-2.2821 F90.
X5.0868 Y-2.2903
X5.0837 Y-2.2953
G3 X5.0655 Y-2.381 I0.1394 J-0.0745
X5.0957 Y-2.5095 I0.327 J0.0091
X5.2282 Y-2.6825 I0.3997 J0.1688
X5.2795 Y-2.7092 I0.1094 J0.148
X5.3509 Y-2.6974 I0.0217 J0.0913
G1 X5.3883 Y-2.6737
G3 X5.3983 Y-2.6464 I-0.0141 J0.0206
X5.3939 Y-2.6376 I-0.0241 J-0.0066 F300.
G1 X5.1241 Y-2.2939
G3 X5.1109 Y-2.2851 I-0.0197 J-0.0154
X5.0837 Y-2.2953 I-0.0064 J-0.0242 F50.
G1 X5.0715 Y-2.315 F90.
X5.0562 Y-2.3397
G3 X5.0382 Y-2.4229 I0.1283 J-0.0714
X5.0677 Y-2.5447 I0.3084 J0.0102
X5.194 Y-2.7079 I0.3773 J0.1617
X5.2394 Y-2.7316 I0.1065 J0.1481
X5.3139 Y-2.7209 I0.0252 J0.0891
G1 X5.3509 Y-2.6974
G3 X5.3609 Y-2.6702 I-0.0141 J0.0206
X5.3562 Y-2.6611 I-0.0241 J-0.0066 F300.
G1 X5.0965 Y-2.3379
G3 X5.0833 Y-2.3294 I-0.0195 J-0.0157
X5.0562 Y-2.3397 I-0.0063 J-0.0242 F50.
G1 X5.0287 Y-2.3842 F90.
G3 X5.0118 Y-2.4642 I0.1232 J-0.0678
X5.0404 Y-2.5799 I0.2938 J0.0114
X5.1606 Y-2.7332 I0.3542 J0.154
X5.2031 Y-2.755 I0.099 J0.1407
X5.2772 Y-2.7441 I0.0248 J0.0892
G1 X5.3139 Y-2.7209
G3 X5.3239 Y-2.6936 I-0.0141 J0.0206
X5.319 Y-2.6843 I-0.0241 J-0.0066 F300.
G1 X5.0687 Y-2.3821
G3 X5.0557 Y-2.3739 I-0.0193 J-0.0159
X5.0287 Y-2.3842 I-0.0063 J-0.0242 F50.
X4.9987 Y-2.4346 I0.423 J-0.2853 F90.
X4.9874 Y-2.5208 I0.1431 J-0.0626
X5.0347 Y-2.6543 I0.3147 J0.0364
X5.138 Y-2.7649 I0.2858 J0.1636
X5.1806 Y-2.7806 I0.0634 J0.106
X5.2411 Y-2.767 I0.0114 J0.091
G1 X5.2772 Y-2.7441
G3 X5.2872 Y-2.7169 I-0.0141 J0.0206
X5.2819 Y-2.707 I-0.0241 J-0.0066 F300.
G1 X5.0395 Y-2.4302
G3 X5.0249 Y-2.4221 I-0.0188 J-0.0165
X4.9988 Y-2.4346 I-0.0042 J-0.0246 F50.
G1 X4.9738 Y-2.484 F90.
G3 X4.9644 Y-2.5662 I0.1331 J-0.0569
X5.0108 Y-2.6909 I0.2935 J0.0383
X5.1072 Y-2.7902 I0.2562 J0.1522
X5.1457 Y-2.8033 I0.0555 J0.1001
X5.2048 Y-2.79 I0.0106 J0.0911
G1 X5.2096 Y-2.787
X5.2411 Y-2.767
G3 X5.2511 Y-2.7398 I-0.0141 J0.0206
X5.2453 Y-2.7294 I-0.0241 J-0.0066 F300.
G1 X5.014 Y-2.4791
G3 X4.9999 Y-2.4714 I-0.0184 J-0.017
X4.9738 Y-2.484 I-0.0042 J-0.0246 F50.
G1 X4.9511 Y-2.5288 F90.
G3 X4.942 Y-2.6076 I0.1252 J-0.0544
X4.9852 Y-2.7226 I0.2705 J0.0359
X5.0761 Y-2.8144 I0.2312 J0.1382
X5.1516 Y-2.8197 I0.0437 J0.083
G1 X5.1656 Y-2.813
X5.1767 Y-2.8067
X5.2017 Y-2.7919
X5.2048 Y-2.79
G3 X5.215 Y-2.7629 I-0.014 J0.0207
X5.2089 Y-2.752 I-0.0242 J-0.0064 F300.
G1 X4.9911 Y-2.5236
G3 X4.9772 Y-2.5162 I-0.0181 J-0.0173
X4.9511 Y-2.5288 I-0.0042 J-0.0246 F50.
G1 X4.9382 Y-2.5542 F90.
X4.9347 Y-2.5617
X4.9279 Y-2.5781
G3 X4.9229 Y-2.6606 I0.1331 J-0.0494
X5.0275 Y-2.8266 I0.2683 J0.0531
X5.0678 Y-2.8442 I0.0641 J0.0917
X5.1301 Y-2.8335 I0.0166 J0.0902
G1 X5.1656 Y-2.813
G3 X5.1768 Y-2.7863 I-0.0132 J0.0212
X5.1702 Y-2.7742 I-0.0244 J-0.0055 F300.
G1 X4.9683 Y-2.5709
G3 X4.953 Y-2.5636 I-0.0177 J-0.0176
X4.9279 Y-2.5781 I-0.0024 J-0.0249 F50.
G1 X4.9244 Y-2.5863 F90.
X4.9078 Y-2.6274
G3 X4.9047 Y-2.7054 I0.125 J-0.0441
X5.0014 Y-2.8516 I0.2342 J0.0498
G1 X5.0163 Y-2.8588
G3 X5.0959 Y-2.8531 I0.034 J0.0851
G1 X5.1301 Y-2.8335
G3 X5.1412 Y-2.8068 I-0.0132 J0.0212
X5.134 Y-2.7941 I-0.0244 J-0.0055 F300.
G1 X4.9478 Y-2.6194
G3 X4.9328 Y-2.6127 I-0.0171 J-0.0182
X4.9078 Y-2.6274 I-0.0021 J-0.0249 F50.
G1 X4.8889 Y-2.6744 F90.
G3 X4.8879 Y-2.7492 I0.1186 J-0.0389
X4.9639 Y-2.8667 I0.2032 J0.0481
X5.0635 Y-2.8718 I0.0538 J0.0753
G1 X5.0959 Y-2.8531
G3 X5.1071 Y-2.8264 I-0.0132 J0.0212
X5.099 Y-2.813 I-0.0244 J-0.0055 F300.
G1 X4.928 Y-2.6656
G3 X4.9138 Y-2.6597 I-0.0163 J-0.0189
X4.8889 Y-2.6744 I-0.0021 J-0.0249 F50.
G1 X4.8806 Y-2.6947 F90.
X4.8724 Y-2.7144
G3 X4.873 Y-2.7932 I0.1113 J-0.0386
X4.9336 Y-2.8843 I0.1699 J0.0474
X5.033 Y-2.8894 I0.0537 J0.0747
G1 X5.0635 Y-2.8718
G3 X5.0747 Y-2.845 I-0.0132 J0.0212
X5.0661 Y-2.8311 I-0.0244 J-0.0055 F300.
G1 X4.9109 Y-2.7054
G3 X4.8976 Y-2.7 I-0.0157 J-0.0194
X4.8724 Y-2.7144 I-0.0024 J-0.0249 F50.
G1 X4.871 Y-2.7179 F90.
X4.8674 Y-2.7261
X4.8563 Y-2.7508
G3 X4.856 Y-2.8254 I0.0997 J-0.0377
X4.9036 Y-2.8992 I0.1439 J0.0404
X5.0031 Y-2.9065 I0.0552 J0.0699
G1 X5.033 Y-2.8893
G3 X5.0442 Y-2.8626 I-0.0132 J0.0212
X5.0348 Y-2.8482 I-0.0244 J-0.0055 F300.
G1 X4.8938 Y-2.7419
G3 X4.8818 Y-2.737 I-0.015 J-0.02
X4.8563 Y-2.7508 I-0.0031 J-0.0248 F50.
G1 X4.8404 Y-2.7861 F90.
G3 X4.8408 Y-2.8576 I0.0911 J-0.0352
X4.8871 Y-2.9215 I0.1151 J0.0347
X4.9611 Y-2.9291 I0.0451 J0.0747
G1 X4.975 Y-2.9227
X5.0031 Y-2.9065
G3 X5.0143 Y-2.8798 I-0.0132 J0.0212
X5.0042 Y-2.8647 I-0.0244 J-0.0055 F300.
G1 X4.8771 Y-2.7766
G3 X4.8659 Y-2.7724 I-0.0142 J-0.0205
X4.8404 Y-2.7861 I-0.0031 J-0.0248 F50.
G1 X4.8341 Y-2.8001 F90.
X4.8313 Y-2.8058
X4.8272 Y-2.8129
G3 X4.8214 Y-2.8711 I0.0697 J-0.0363
X4.8606 Y-2.9341 I0.1041 J0.0211
X4.9346 Y-2.9442 I0.0471 J0.0685
G1 X4.9487 Y-2.9378
X4.975 Y-2.9227
G3 X4.9862 Y-2.8959 I-0.0132 J0.0212
X4.9756 Y-2.8806 I-0.0244 J-0.0055 F300.
G1 X4.8622 Y-2.8053
X4.8596 Y-2.8038
X4.8569 Y-2.8026
X4.854 Y-2.8018
G3 X4.8272 Y-2.8129 I-0.0056 J-0.0244 F50.
G1 X4.8203 Y-2.8248 F90.
X4.8149 Y-2.8335
X4.8122 Y-2.8375
G3 X4.8037 Y-2.8836 I0.0572 J-0.0345
X4.8385 Y-2.9477 I0.0949 J0.0101
X4.9094 Y-2.9587 I0.0461 J0.0636
G1 X4.9229 Y-2.9526
X4.9308 Y-2.9481
X4.9487 Y-2.9378
G3 X4.9599 Y-2.9111 I-0.0132 J0.0212
X4.9488 Y-2.8954 I-0.0244 J-0.0055 F300.
G1 X4.8459 Y-2.8308
X4.8429 Y-2.8292
X4.8396 Y-2.828
G3 X4.8122 Y-2.8375 I-0.007 J-0.024 F50.
G1 X4.7969 Y-2.8607 F90.
G3 X4.7912 Y-2.9184 I0.0587 J-0.035
X4.8537 Y-2.9748 I0.0726 J0.0176
G1 X4.8686 Y-2.9751
X4.8832 Y-2.9725
X4.897 Y-2.967
X4.9018 Y-2.9646
X4.9229 Y-2.9526
G3 X4.9342 Y-2.9259 I-0.0131 J0.0213
X4.9228 Y-2.9099 I-0.0244 J-0.0054 F300.
G1 X4.8302 Y-2.8538
X4.8274 Y-2.8523
X4.8243 Y-2.8512
G3 X4.7969 Y-2.8607 I-0.007 J-0.024 F50.
G1 X4.782 Y-2.8833 F90.
G3 X4.7779 Y-2.9408 I0.0535 J-0.0327
X4.8212 Y-2.9825 I0.0644 J0.0236
X4.8758 Y-2.9781 I0.0221 J0.067
G1 X4.897 Y-2.967
G3 X4.9093 Y-2.9408 I-0.0123 J0.0218
X4.8972 Y-2.9236 I-0.0246 J-0.0045 F300.
G1 X4.8146 Y-2.8763
X4.8121 Y-2.875
X4.8095 Y-2.8741
G3 X4.782 Y-2.8833 I-0.0073 J-0.0239 F50.
G1 X4.7676 Y-2.9044 F90.
G3 X4.7707 Y-2.9679 I0.0482 J-0.0295
X4.8552 Y-2.9887 I0.0539 J0.0372
G1 X4.8758 Y-2.9781
G3 X4.8881 Y-2.9518 I-0.0123 J0.0218
X4.8745 Y-2.9338 I-0.0246 J-0.0045 F300.
G1 X4.7989 Y-2.8967
X4.797 Y-2.8959
X4.7951 Y-2.8952
G3 X4.7676 Y-2.9044 I-0.0073 J-0.0239 F50.
G1 X4.7655 Y-2.9075 F90.
X4.7595 Y-2.9152
X4.7573 Y-2.9176
G3 X4.7488 Y-2.9626 I0.0345 J-0.0299
G1 X4.754 Y-2.975
G3 X4.8361 Y-2.9987 I0.0535 J0.0313
G1 X4.8552 Y-2.9888
G3 X4.8675 Y-2.9625 I-0.0123 J0.0218
X4.8535 Y-2.9444 I-0.0246 J-0.0045 F300.
G1 X4.7859 Y-2.9125
G3 X4.7573 Y-2.9176 I-0.0107 J-0.0226 F50.
G1 X4.7434 Y-2.9329 F90.
G3 X4.7341 Y-2.9665 I0.0308 J-0.0266
G1 X4.7352 Y-2.9724
G3 X4.8179 Y-3.0081 I0.0559 J0.0158
G1 X4.8361 Y-2.9987
G3 X4.8484 Y-2.9724 I-0.0123 J0.0218
X4.8336 Y-2.9539 I-0.0246 J-0.0045 F300.
G1 X4.772 Y-2.9277
X4.7711 Y-2.9274 F50.
G3 X4.7434 Y-2.9329 I-0.0098 J-0.023
G1 X4.7317 Y-2.9457 F90.
G3 X4.7224 Y-2.9791 I0.0278 J-0.0257
X4.8009 Y-3.0169 I0.0534 J0.0104
G1 X4.8179 Y-3.0081
G3 X4.8302 Y-2.9819 I-0.0123 J0.0218
X4.8151 Y-2.9632 I-0.0246 J-0.0045 F300.
G1 X4.7602 Y-2.9407
X4.7589 Y-2.9401 F50.
G3 X4.7317 Y-2.9457 I-0.0095 J-0.0231
G1 X4.7189 Y-2.9594 F90.
G3 X4.7105 Y-2.9873 I0.027 J-0.0234
X4.7849 Y-3.0252 I0.0508 J0.0076
G1 X4.801 Y-3.0169
G3 X4.8133 Y-2.9906 I-0.0123 J0.0218
X4.7969 Y-2.9715 I-0.0246 J-0.0045 F300.
G1 X4.7475 Y-2.9543
X4.7449 Y-2.9534 F50.
G3 X4.7189 Y-2.9594 I-0.0082 J-0.0236
G1 X4.708 Y-2.9713 F90.
G3 X4.6997 Y-2.9931 I0.0213 J-0.0206
X4.7696 Y-3.0331 I0.0478 J0.0025
G1 X4.7849 Y-3.0252
G3 X4.7967 Y-3.002 I-0.0116 J0.0206
G1 X4.7962 Y-2.9988
G3 X4.7348 Y-2.9569 I-0.0513 J-0.0092 F300.
X4.708 Y-2.9713 I0.0102 J-0.0511 F50.
G1 X4.6978 Y-2.9823 F90.
G3 X4.69 Y-3.0102 I0.0244 J-0.0218
X4.7547 Y-3.0409 I0.044 J0.0092
G1 X4.7696 Y-3.0331
G3 X4.7808 Y-3.0116 I-0.0109 J0.0193
G1 X4.7799 Y-3.0064
G3 X4.7248 Y-2.9685 I-0.0476 J-0.0102 F300.
X4.6978 Y-2.9823 I0.0075 J-0.0481 F50.
G1 X4.6914 Y-2.9892 F90.
X4.688 Y-2.9925
G3 X4.6794 Y-3.0141 I0.0189 J-0.0201
X4.741 Y-3.048 I0.0421 J0.0036
G1 X4.7547 Y-3.0409
G3 X4.7649 Y-3.0202 I-0.01 J0.0178
G1 X4.7643 Y-3.0171
X4.7635 Y-3.0139
G3 X4.7159 Y-2.9806 I-0.0444 J-0.0128 F300.
X4.688 Y-2.9925 I0.0032 J-0.0461 F50.
G1 X4.683 Y-2.9974 F90.
X4.6789 Y-3.0008
G3 X4.6696 Y-3.0219 I0.0148 J-0.0191
X4.6969 Y-3.0576 I0.0387 J0.0013
G1 X4.7072 Y-3.0594
X4.7177 Y-3.0585
X4.7275 Y-3.055
G3 X4.7348 Y-3.0475 I-0.009 J0.0159
X4.7389 Y-3.0278 I-0.033 J0.0172
X4.7081 Y-2.9936 I-0.0372 J-0.0025 F300.
X4.6789 Y-3.0008 I-0.0063 J-0.0367 F50.
G1 X4.6751 Y-3.004 F90.
X4.6696 Y-3.0084
G3 X4.6596 Y-3.0351 I0.0173 J-0.0217
X4.715 Y-3.0615 I0.0377 J0.0077
G1 X4.7174 Y-3.0598
X4.7196 Y-3.0577
X4.7214 Y-3.0553
G3 X4.7264 Y-3.0343 I-0.0305 J0.0184
X4.6989 Y-3.0023 I-0.0355 J-0.0026 F300.
X4.6696 Y-3.0084 I-0.0081 J-0.0347 F50.
G1 X4.6605 Y-3.0156 F90.
X4.6595 Y-3.0164
G3 X4.6496 Y-3.0431 I0.0168 J-0.0214
X4.7026 Y-3.0679 I0.036 J0.0079
G1 X4.7049 Y-3.0664
X4.7069 Y-3.0645
X4.7085 Y-3.0623
G3 X4.7136 Y-3.0407 I-0.0289 J0.0182
X4.6889 Y-3.0111 I-0.034 J-0.0034 F300.
X4.6595 Y-3.0164 I-0.0093 J-0.0329 F50.
G1 X4.649 Y-3.0246 F90.
X4.6445 Y-3.0285
X4.6412 Y-3.0335
X4.6388 Y-3.0374
G3 X4.6907 Y-3.0741 I0.0354 J-0.005
G1 X4.6929 Y-3.0726
X4.6949 Y-3.0707
X4.6965 Y-3.0685
G3 X4.7011 Y-3.0467 I-0.0281 J0.0172
X4.6785 Y-3.0198 I-0.0326 J-0.0046 F300.
X4.649 Y-3.0246 I-0.0101 J-0.0314 F50.
G1 X4.6384 Y-3.0328 F90.
X4.6339 Y-3.0368
X4.628 Y-3.0437
X4.6248 Y-3.0468
X4.6231 Y-3.0483
G3 X4.6804 Y-3.0795 I0.0392 J0.0038
G1 X4.6824 Y-3.0781
X4.6843 Y-3.0764
X4.6858 Y-3.0744
X4.687 Y-3.0722
G3 X4.6889 Y-3.0517 I-0.0295 J0.0132
X4.6679 Y-3.0284 I-0.0315 J-0.0073 F300.
X4.6384 Y-3.0328 I-0.0104 J-0.0306 F50.
G1 X4.6229 Y-3.045 F90.
X4.6092 Y-3.0568
X4.6062 Y-3.0586
G3 X4.6678 Y-3.086 I0.0417 J0.0109
X4.6753 Y-3.074 I-0.0073 J0.013
X4.6725 Y-3.0583 I-0.033 J0.0023
X4.6523 Y-3.0402 I-0.0302 J-0.0135 F300.
X4.6229 Y-3.045 I-0.01 J-0.0315 F50.
G1 X4.6011 Y-3.062 F90.
X4.5929 Y-3.068
G3 X4.5816 Y-3.0902 I0.0136 J-0.0209
G1 X4.5817 Y-3.0915
G3 X4.6457 Y-3.0974 I0.0366 J0.0467
X4.6397 Y-3.0768 I-0.0054 J0.0096
G1 X4.6384
X4.6062 Y-3.0784 F300.
X4.5921 Y-3.0791 F50.
G3 X4.5816 Y-3.0902 I0.0005 J-0.011
X4.6175 Y-3.112 I0.0254 J0.0012 F90.
G1 X4.6422 Y-3.0993
X4.741 Y-3.048
G3 X4.7533 Y-3.0218 I-0.0123 J0.0218
G1 X4.7526 Y-3.0179 Z0.141
X4.7519 Y-3.0142 Z0.1419
X4.7513 Y-3.0106 Z0.1434
X4.7507 Y-3.0073 Z0.1454
X4.7501 Y-3.0044 Z0.148
X4.7497 Y-3.0019 Z0.151
X4.7493 Y-2.9999 Z0.1543
X4.749 Y-2.9984 Z0.1579
X4.7489 Y-2.9975 Z0.1618
X4.7488 Y-2.9972 Z0.1657
G0 Z0.7
X7.5506 Y-1.7768
Z0.1907
G1 Z0.1657 F50.
Y-1.7771 Z0.1618
X7.5508 Y-1.778 Z0.1579
X7.5511 Y-1.7795 Z0.1543
X7.5516 Y-1.7815 Z0.151
X7.5521 Y-1.784 Z0.148
X7.5527 Y-1.7869 Z0.1454
X7.5534 Y-1.7901 Z0.1434
X7.5542 Y-1.7937 Z0.1419
X7.5549 Y-1.7974 Z0.141
X7.5558 Y-1.8013 Z0.1407
G3 X7.5695 Y-1.829 I0.061 J0.0129
G1 X7.5779 Y-1.8381 F90.
X7.5842 Y-1.8463
X7.6188 Y-1.8936
G3 X7.6831 Y-1.9496 I0.192 J0.1556
X7.7837 Y-2.0001 I0.2986 J0.4693
X8.0279 Y-2.0661 I0.465 J1.2358
G1 X8.0634 Y-2.0727
X8.0991 Y-2.0786
X8.1348 Y-2.0847
X8.1702 Y-2.0922
X8.2048 Y-2.1028
X8.2378 Y-2.1176
X8.2684 Y-2.1369
X8.2961 Y-2.1602
X8.3205 Y-2.1869
X8.3414 Y-2.2165
X8.359 Y-2.2481
X8.3736 Y-2.2812
G2 X8.4097 Y-2.421 I-0.6357 J-0.2387
X8.4336 Y-2.6368 I-2.8687 J-0.427
G3 X8.4593 Y-2.8516 I3.1285 J0.2655
G1 X8.4641 Y-2.8726
G3 X8.4811 Y-2.9159 I0.1256 J0.0245
G1 X8.4895 Y-2.9263
X8.4993 Y-2.9354
X8.5103 Y-2.943
X8.5151 Y-2.9458
X8.5194 Y-2.9481
X8.5702 Y-2.9731
G3 X8.5986 Y-2.9675 I0.0103 J0.0228
X8.6054 Y-2.9481 I-0.0182 J0.0172 F300.
G1 X8.5309 Y-2.3561
X8.4948 Y-2.2328
X8.4531 Y-2.1506
X8.4107 Y-2.093
X8.3588 Y-2.0427
X8.293 Y-2.0007
X8.2437 Y-1.9794
X7.6928 Y-1.8004
G3 X7.6083 Y-1.8648 I-0.0225 J-0.0581
X7.6188 Y-1.8936 I0.062 J0.0063 F50.
G1 X7.6324 Y-1.9121 F90.
X7.6382 Y-1.9203
X7.6435 Y-1.9288
X7.6517 Y-1.9439
G3 X7.7118 Y-2.0045 I0.161 J0.0995
X7.8218 Y-2.0604 I0.271 J0.3971
X8.0314 Y-2.1158 I0.4141 J1.1422
G1 X8.0669 Y-2.1228
X8.1023 Y-2.1302
X8.1373 Y-2.1396
X8.171 Y-2.1526
X8.2028 Y-2.1698
X8.232 Y-2.1913
X8.258 Y-2.2164
X8.2807 Y-2.2446
X8.3001 Y-2.2752
X8.3163 Y-2.3075
G2 X8.3574 Y-2.4459 I-0.5665 J-0.2434
X8.3852 Y-2.6611 I-2.4388 J-0.4243
G3 X8.4075 Y-2.8324 I2.8573 J0.2848
G1 X8.4119 Y-2.8508
G3 X8.4542 Y-2.9095 I0.0905 J0.0207
G1 X8.4904 Y-2.9313
X8.5103 Y-2.943
G3 X8.5391 Y-2.9395 I0.0119 J0.022
X8.5465 Y-2.9152 I-0.0168 J0.0185 F300.
G1 X8.4842 Y-2.4137
X8.4587 Y-2.315
X8.4318 Y-2.2473
X8.3999 Y-2.1891
X8.3506 Y-2.1249
X8.2952 Y-2.0766
X8.2355 Y-2.0396
X8.219 Y-2.0313
X8.215 Y-2.0291
X8.2108 Y-2.0272
X7.7257 Y-1.8564
G3 X7.6451 Y-1.914 I-0.0183 J-0.0596
X7.6487 Y-1.9368 I0.0623 J-0.002 F50.
G1 X7.6517 Y-1.9439
X7.6567 Y-1.9532 F90.
X7.6799 Y-1.9989
G3 X7.7354 Y-2.0574 I0.1558 J0.0923
X7.83 Y-2.1086 I0.2454 J0.3404
X8.0024 Y-2.159 I0.3624 J0.9196
G1 X8.0376 Y-2.1672
X8.0726 Y-2.1764
X8.1068 Y-2.1884
X8.1393 Y-2.2042
X8.1695 Y-2.224
X8.1969 Y-2.2478
X8.221 Y-2.2747
X8.2419 Y-2.3043
X8.2596 Y-2.3358
G2 X8.3054 Y-2.4727 I-0.5168 J-0.2489
X8.333 Y-2.6515 I-1.8143 J-0.3716
G3 X8.3558 Y-2.8133 I2.5852 J0.2821
G1 X8.3581 Y-2.8207
G3 X8.3992 Y-2.8762 I0.0888 J0.0228
G1 X8.4229 Y-2.8906
X8.4542 Y-2.9094
G3 X8.4821 Y-2.907 I0.0122 J0.0218
G1 X8.4827 Y-2.906
X8.4912 Y-2.8906 F300.
X8.4207 Y-2.3972
X8.3934 Y-2.315
X8.3493 Y-2.2328
X8.3075 Y-2.1752
X8.2547 Y-2.1259
X8.1917 Y-2.0848
X7.7586 Y-1.9144
G3 X7.6742 Y-1.9688 I-0.0222 J-0.0582
X7.6799 Y-1.9989 I0.0622 J-0.0038 F50.
G2 X7.7038 Y-2.0482 I-0.9783 J-0.5056 F90.
G3 X7.7641 Y-2.1141 I0.1541 J0.0805
X7.859 Y-2.1646 I0.2374 J0.3313
X7.9972 Y-2.2075 I0.4086 J1.0724
G1 X8.0316 Y-2.2186
X8.0651 Y-2.2322
X8.0969 Y-2.2496
X8.1263 Y-2.2707
X8.1528 Y-2.2953
X8.1762 Y-2.3229
X8.1963 Y-2.3529
X8.2135 Y-2.3848
G2 X8.2586 Y-2.522 I-0.5572 J-0.2588
X8.2878 Y-2.7005 I-2.145 J-0.4435
G1 X8.2932 Y-2.7362
X8.2983 Y-2.7663
X8.301 Y-2.7787
G3 X8.3367 Y-2.8333 I0.0896 J0.0196
G1 X8.3753 Y-2.8613
X8.3822 Y-2.8659
X8.3992 Y-2.8762
G3 X8.428 Y-2.8731 I0.0122 J0.0218
X8.4359 Y-2.8494 I-0.0166 J0.0187 F300.
G1 X8.3729 Y-2.444
X8.3459 Y-2.3643
X8.3148 Y-2.2986
X8.2761 Y-2.2395
X8.2321 Y-2.1904
X8.1779 Y-2.1476
X8.1368 Y-2.1247
X7.7832 Y-1.9658
G3 X7.6993 Y-2.0179 I-0.022 J-0.0583
X7.7038 Y-2.0482 I0.062 J-0.0062 F50.
G1 X7.7282 Y-2.1012 F90.
G3 X7.7888 Y-2.1682 I0.1549 J0.0791
X7.8569 Y-2.2074 I0.2115 J0.2888
G1 X7.8872 Y-2.2205
X7.9211 Y-2.2331
X7.9553 Y-2.2451
X7.989 Y-2.258
X8.0218 Y-2.2734
X8.0528 Y-2.2921
X8.0814 Y-2.3143
X8.1072 Y-2.3396
X8.13 Y-2.3677
X8.1497 Y-2.3981
X8.1666 Y-2.4301
G2 X8.2116 Y-2.5673 I-0.5933 J-0.2706
X8.2425 Y-2.7344 I-3.7541 J-0.7799
G1 X8.244 Y-2.7392
G3 X8.2791 Y-2.7915 I0.089 J0.0219
G1 X8.3367 Y-2.8333
G3 X8.3506 Y-2.8375 I0.014 J0.0207
X8.3656 Y-2.8325 I0. J0.025
X8.3753 Y-2.8084 I-0.015 J0.02 F300.
G1 X8.3154 Y-2.4548
X8.28 Y-2.3643
X8.2327 Y-2.2903
X8.193 Y-2.241
X8.1359 Y-2.1917
X8.071 Y-2.1551
X7.8161 Y-2.0228
G3 X7.7258 Y-2.0601 I-0.0304 J-0.0544
G1 X7.7249 Y-2.0709
X7.7239 Y-2.0848 F50.
X7.7282 Y-2.1012
X7.7548 Y-2.1588 F90.
G3 X7.8142 Y-2.2229 I0.1548 J0.0837
G1 X7.8276 Y-2.2325
G3 X7.935 Y-2.2878 I0.4302 J0.7038
G1 X7.967 Y-2.3047
X7.9977 Y-2.3239
X8.0263 Y-2.3461
X8.0523 Y-2.3712
X8.0755 Y-2.399
X8.0958 Y-2.4289
X8.1134 Y-2.4605
G2 X8.1615 Y-2.5967 I-0.5832 J-0.2825
G1 X8.1699 Y-2.6319
X8.1775 Y-2.6673
X8.182 Y-2.6874
G3 X8.2114 Y-2.7366 I0.0894 J0.0201
X8.2791 Y-2.7915 I0.5518 J0.6097
G1 X8.2848 Y-2.7944
X8.2875 Y-2.7951
X8.2903 Y-2.7956
X8.293 Y-2.7958
X8.2931
G3 X8.3081 Y-2.7908 I0. J0.025
X8.3177 Y-2.7664 I-0.015 J0.02 F300.
G1 X8.2627 Y-2.4794
X8.2329 Y-2.4114
X8.2026 Y-2.3561
X8.145 Y-2.2808
X8.1023 Y-2.241
X7.8408 Y-2.0793
G3 X7.775 Y-2.0847 I-0.0286 J-0.0554
G1 X7.7749 Y-2.0848
G3 X7.7502 Y-2.1285 I0.0373 J-0.0499
X7.7548 Y-2.1588 I0.062 J-0.0062 F50.
X7.7906 Y-2.2245 I0.71 J0.3442 F90.
X7.8351 Y-2.2737 I0.1562 J0.0967
G1 X7.851 Y-2.2863
X7.8806 Y-2.3071
X7.9108 Y-2.327
X7.9405 Y-2.3477
X7.9686 Y-2.3705
X7.9947 Y-2.3955
X8.0183 Y-2.4229
X8.0394 Y-2.4524
G2 X8.0995 Y-2.5836 I-0.46 J-0.2902
G1 X8.1101 Y-2.6182
X8.1144 Y-2.6329
G3 X8.142 Y-2.6763 I0.088 J0.0255
G1 X8.1533 Y-2.6862
X8.1862 Y-2.7147
X8.2114 Y-2.7366
G3 X8.2404 Y-2.7383 I0.0157 J0.0195
X8.251 Y-2.7097 I-0.0132 J0.0212 F300.
G1 X8.1968 Y-2.4712
X8.1531 Y-2.389
X8.1117 Y-2.3314
X7.8819 Y-2.1449
G3 X7.7834 Y-2.1948 I-0.0362 J-0.0507
X7.7905 Y-2.2246 I0.0623 J-0.0009 F50.
G1 X7.8279 Y-2.2903 F90.
G3 X7.8584 Y-2.3299 I0.208 J0.1287
G1 X7.8833 Y-2.3561
X7.9091 Y-2.3815
G2 X7.9982 Y-2.495 I-0.3811 J-0.3908
G1 X8.0153 Y-2.5269
X8.0265 Y-2.5515
X8.0314 Y-2.5606
X8.0372 Y-2.5691
X8.044 Y-2.577
G3 X8.0726 Y-2.5812 I0.0173 J0.018
G1 X8.0761 Y-2.5795 Z0.141
X8.0795 Y-2.5777 Z0.1419
X8.0828 Y-2.5761 Z0.1434
X8.0857 Y-2.5746 Z0.1454
X8.0884 Y-2.5732 Z0.148
X8.0907 Y-2.5721 Z0.151
X8.0925 Y-2.5712 Z0.1543
X8.0938 Y-2.5705 Z0.1579
X8.0947 Y-2.5701 Z0.1618
X8.0949 Y-2.5699 Z0.1657
G0 Z0.1907
X7.8213 Y-2.2352
G1 Z0.1657 F50.
Y-2.2355 Z0.1618
Y-2.2365 Z0.1579
Y-2.238 Z0.1543
X7.8212 Y-2.24 Z0.151
Y-2.2426 Z0.148
X7.8211 Y-2.2455 Z0.1454
Y-2.2489 Z0.1434
X7.821 Y-2.2525 Z0.1419
X7.8209 Y-2.2563 Z0.141
X7.8208 Y-2.2602 Z0.1407
G3 X7.8279 Y-2.2903 I0.0623 J-0.0012
G1 X7.8373 Y-2.3068 F90.
G3 X7.9148 Y-2.42 I5.7482 J3.8546
G1 X7.9342 Y-2.4466
X8.0219 Y-2.5534
X8.0292 Y-2.5617
X8.0464 Y-2.5794
X8.1332 Y-2.6686
X8.1397 Y-2.6743
X8.142 Y-2.6763
G3 X8.1709 Y-2.6782 I0.0158 J0.0194
G1 X8.1743 Y-2.6762 Z0.141
X8.1775 Y-2.6742 Z0.1419
X8.1806 Y-2.6723 Z0.1434
X8.1834 Y-2.6705 Z0.1454
X8.186 Y-2.669 Z0.148
X8.1881 Y-2.6676 Z0.151
X8.1899 Y-2.6665 Z0.1543
X8.1912 Y-2.6658 Z0.1579
X8.192 Y-2.6653 Z0.1618
X8.1922 Y-2.6651 Z0.1657
G0 Z1.1
(2D CONTOUR5)
G64 P0.0004 Q0.0004
G0 X5.5563 Y-1.8949
Z1.1
Z0.7
G1 Z0.1657 F80.
X5.5561 Y-1.8946 Z0.1618 F50.
X5.5555 Y-1.8939 Z0.1579
X5.5546 Y-1.8927 Z0.1543
X5.5534 Y-1.891 Z0.151
X5.5519 Y-1.889 Z0.148
X5.5501 Y-1.8866 Z0.1454
X5.548 Y-1.884 Z0.1434
X5.5459 Y-1.8811 Z0.1419
X5.5436 Y-1.878 Z0.141
X5.5412 Y-1.8749 Z0.1407
X5.5261 Y-1.855
G3 X5.4911 Y-1.8501 I-0.0199 J-0.0151
X4.8665 Y-2.7028 I1.1125 J-1.47
G2 X3.7246 Y-3.0048 I-0.6742 J0.2396
G3 X0.4732 Y-1.3363 I-5.0639 J-5.8656
G2 X-0.0501 Y-0.4536 I0.1674 J0.6957
X0.8469 Y0.0446 I0.6907 J-0.1869
G3 X4.9793 Y-0.0487 I2.2348 J7.4198
G2 X7.1489 Y-0.0986 I0.9947 J-3.9383
X6.8473 Y-1.4928 I-0.2069 J-0.685
G3 X4.8665 Y-2.7028 I-0.2438 J-1.8273
G2 X3.7246 Y-3.0048 I-0.6742 J0.2396
G3 X0.4732 Y-1.3363 I-5.0639 J-5.8656
G2 X-0.0501 Y-0.4536 I0.1674 J0.6957
X0.8469 Y0.0446 I0.6907 J-0.1869
G3 X4.9793 Y-0.0487 I2.2348 J7.4198
G2 X7.1489 Y-0.0986 I0.9947 J-3.9383
X6.8473 Y-1.4928 I-0.2069 J-0.685
G3 X5.4911 Y-1.8501 I-0.2438 J-1.8273
X5.4862 Y-1.8852 I0.0151 J-0.0199
G1 X5.5013 Y-1.9051
X5.5037 Y-1.9082 Z0.141
X5.506 Y-1.9112 Z0.1419
X5.5082 Y-1.9141 Z0.1434
X5.5102 Y-1.9168 Z0.1454
X5.512 Y-1.9192 Z0.148
X5.5135 Y-1.9212 Z0.151
X5.5148 Y-1.9228 Z0.1543
X5.5157 Y-1.924 Z0.1579
X5.5162 Y-1.9248 Z0.1618
X5.5164 Y-1.925 Z0.1657
G0 Z0.7
X7.7469 Y-1.9844
G1 Z0.1657 F80.
X7.7466 Y-1.9845 Z0.1618 F50.
X7.7458 Y-1.9848 Z0.1579
X7.7444 Y-1.9854 Z0.1543
X7.7425 Y-1.9862 Z0.151
X7.7402 Y-1.9871 Z0.148
X7.7374 Y-1.9883 Z0.1454
X7.7343 Y-1.9895 Z0.1434
X7.7309 Y-1.9909 Z0.1419
X7.7274 Y-1.9924 Z0.141
X7.7238 Y-1.9939 Z0.1407
X7.7007 Y-2.0033
G3 X7.687 Y-2.036 I0.0095 J-0.0231
X9.7234 Y-3.1499 I1.7056 J0.6996
G2 X10.0912 Y-4.5282 I0.1284 J-0.7039
X7.9265 Y-4.6817 I-1.3592 J3.8279
G3 X3.8032 Y-4.9722 I-1.5367 J-7.5951
G2 X2.8834 Y-4.5174 I-0.2388 J0.6745
X3.364 Y-3.6107 I0.681 J0.2197
G3 X6.5321 Y-1.7888 I-2.1701 J7.4389
G2 X7.687 Y-2.036 I0.4929 J-0.5187
G3 X9.7234 Y-3.1499 I1.7056 J0.6996
G2 X10.0912 Y-4.5282 I0.1284 J-0.7039
X7.9265 Y-4.6817 I-1.3592 J3.8279
G3 X3.8032 Y-4.9722 I-1.5367 J-7.5951
G2 X2.8834 Y-4.5174 I-0.2388 J0.6745
X3.364 Y-3.6107 I0.681 J0.2197
G3 X6.5321 Y-1.7888 I-2.1701 J7.4389
G2 X7.687 Y-2.036 I0.4929 J-0.5187
G3 X7.7196 Y-2.0496 I0.0231 J0.0095
G1 X7.7428 Y-2.0401
X7.7464 Y-2.0386 Z0.141
X7.7499 Y-2.0372 Z0.1419
X7.7533 Y-2.0358 Z0.1434
X7.7564 Y-2.0345 Z0.1454
X7.7591 Y-2.0334 Z0.148
X7.7615 Y-2.0324 Z0.151
X7.7634 Y-2.0317 Z0.1543
X7.7648 Y-2.0311 Z0.1579
X7.7656 Y-2.0307 Z0.1618
X7.7659 Y-2.0306 Z0.1657
G0 Z1.1
(ADAPTIVE1)
G64 P0.004 Q0.004
G0 X3.356 Y-1.4471
Z1.1
Z0.55
G3 X3.507 Y-1.5221 Z0.5337 I0.1143 J0.0406 F40.
X3.5869 Y-1.3741 Z0.5174 I-0.0366 J0.1154
X3.4421 Y-1.2894 Z0.5011 I-0.1163 J-0.0326
X3.3526 Y-1.4309 Z0.4848 I0.0285 J-0.117
X3.4907 Y-1.5249 Z0.4684 I0.1177 J0.0244
X3.5892 Y-1.3904 Z0.4521 I-0.0204 J0.1182
X3.4584 Y-1.2877 Z0.4358 I-0.1185 J-0.0163
X3.3516 Y-1.4146 Z0.4195 I0.0122 J-0.1187
X3.4744 Y-1.5254 Z0.4032 I0.1188 J0.0081
X3.5891 Y-1.4067 Z0.3869 I-0.0041 J0.1187
X3.3516 I-0.1188 J0.
X3.5891 I0.1188 J0.
G1 X3.5897 Y-1.3706 F50.
G3 X3.5806 Y-1.3146 I-0.0657 J0.0181
X3.4911 Y-1.2549 I-0.1065 J-0.0628
X3.3164 Y-1.3833 I-0.0248 J-0.1493
X3.6156 Y-1.4638 I0.154 J-0.0239
X3.6349 Y-1.3596 I-0.1928 J0.0897
X3.5015 Y-1.2172 I-0.1635 J-0.0194
X3.294 Y-1.3199 I-0.0379 J-0.1842
X3.5722 Y-1.5755 I0.176 J-0.0876
X3.6629 Y-1.4634 I-0.1152 J0.1861
X3.4926 Y-1.1723 I-0.1951 J0.0812
X3.2389 Y-1.3415 I-0.0297 J-0.2304
X3.6217 Y-1.5945 I0.2313 J-0.0662
X3.7083 Y-1.292 I-0.1659 J0.2111
X3.6139 Y-1.1717 I-0.2451 J-0.0952
X3.2707 Y-1.2021 I-0.153 J-0.2247
X3.3717 Y-1.6768 I0.1977 J-0.206
X3.6701 Y-1.6148 I0.0994 J0.2706
X3.7092 Y-1.1978 I-0.2088 J0.23
X3.5085 Y-1.0804 I-0.2474 J-0.1926
X3.1407 Y-1.3461 I-0.0463 J-0.3233
X3.6139 Y-1.7106 I0.3294 J-0.0618
X3.7313 Y-1.1476 I-0.1519 J0.3254
X3.673 Y-1.0955 I-0.2899 J-0.2657
X3.2072 Y-1.1278 I-0.2132 J-0.3004
X3.2571 Y-1.7282 I0.2603 J-0.2806
X3.6993 Y-1.7186 I0.2143 J0.3222
X3.8646 Y-1.4596 I-0.2352 J0.3324
X3.5073 Y-0.9799 I-0.4001 J0.0749
G1 X3.5014 Y-0.9805
G2 X3.4298 Y-0.9834 I-0.0908 J1.3645
G3 X3.1507 Y-1.1123 I0.0145 J-0.398
X3.1528 Y-1.7068 I0.3156 J-0.2962
G1 X3.1585 Y-1.7113
X3.1646 Y-1.7155
X3.2737 Y-1.7837
X3.2756 Y-1.785
G3 X3.4644 Y-1.8423 I0.1923 J0.2938
X3.6291 Y-1.814 I0.0147 J0.4079
G1 X3.6387 Y-1.8083
X3.6475 Y-1.8015
G3 X3.6532 Y-1.7731 I-0.0171 J0.0182
X3.6317 Y-1.7583 I-0.0228 J-0.0102 F300.
G1 X3.2918 Y-1.7399
G3 X3.2666 Y-1.7575 I-0.0014 J-0.025
X3.2756 Y-1.785 I0.0239 J-0.0074 F50.
G1 X3.2901 Y-1.7949
X3.3769 Y-1.8538
G3 X3.4821 Y-1.8859 I0.1144 J0.186
X3.5419 Y-1.8846 I0.0252 J0.2096
G1 X3.556 Y-1.8799
X3.569 Y-1.8728
X3.5807 Y-1.8636
G3 X3.5853 Y-1.835 I-0.0178 J0.0176
X3.5647 Y-1.8211 I-0.0224 J-0.0111 F300.
G1 X3.3935 Y-1.8086
G3 X3.3677 Y-1.8263 I-0.0018 J-0.0249
X3.3769 Y-1.8538 I0.0239 J-0.0073 F50.
G1 X3.4452 Y-1.9001
G3 X3.5355 Y-1.9053 I0.0493 J0.0699
G1 X3.5486 Y-1.8963
X3.5599 Y-1.885
G3 X3.561 Y-1.8561 I-0.0198 J0.0153
X3.537 Y-1.845 I-0.0209 J-0.0137 F300.
G1 X3.4568 Y-1.8551
G3 X3.436 Y-1.8726 I0.0031 J-0.0248
X3.4452 Y-1.9001 I0.0239 J-0.0073 F50.
G1 X3.4792 Y-1.9231
G3 X3.4956 Y-1.9275 I0.0143 J0.0205
X3.5265 Y-1.9221 I-0.0133 J0.1676
X3.5367 Y-1.9134 I-0.0135 J0.0262
G2 X3.5777 Y-1.8662 I0.3385 J-0.2524
G1 X3.586 Y-1.8585
X3.6436 Y-1.805
X3.6476 Y-1.8015
G2 X3.7514 Y-1.7279 I1.0845 J-1.4216
G3 X3.8611 Y-1.6114 I-0.1863 J0.2854
X3.8537 Y-1.1424 I-0.3885 J0.2283
X3.6823 Y-0.9813 I-0.385 J-0.2377
X3.6364 Y-0.9714 I-0.0403 J-0.0755
G1 X3.5014 Y-0.9805
X3.4976 Y-0.9812
G2 X3.4851 Y-0.9839 I-0.0375 J0.1414
G1 X3.4818 Y-0.9843
X3.4709 Y-0.9847
X3.4606 Y-0.9851 F300.
X3.45 Y-0.9856 F50.
X3.4467 Y-0.9855
G2 X3.4341 Y-0.9838 I0.0133 J0.1457
G1 X3.432 Y-0.9835
X3.4298 Y-0.9834
X3.2938 Y-0.9869
G3 X3.1848 Y-1.0236 I0.016 J-0.2279
X3.0479 Y-1.1651 I0.2086 J-0.3388
X3.0322 Y-1.6235 I0.4127 J-0.2436
G1 X3.04 Y-1.6333
X3.0489 Y-1.6421
X3.059 Y-1.6495
X3.1646 Y-1.7155
G3 X3.1766 Y-1.7189 I0.0125 J0.0216
G1 X3.1949 Y-1.7192
X3.721 Y-1.7304 F300.
X3.7393 Y-1.7308 F50.
G3 X3.7514 Y-1.7279 I0.0005 J0.025
G1 X3.7522 Y-1.7275
X3.7839 Y-1.711
X3.8317 Y-1.6864
G3 X3.9111 Y-1.6099 I-0.1027 J0.186
X3.966 Y-1.4711 I-0.3174 J0.2057
X3.8786 Y-1.0853 I-0.4861 J0.0927
X3.7797 Y-0.9823 I-0.3991 J-0.2842
X3.723 Y-0.9655 I-0.051 J-0.0683
G1 X3.6364 Y-0.9714
G3 X3.6146 Y-0.9905 I0.0026 J-0.0249
X3.6148 Y-1.0028 I0.0243 J-0.0057 F300.
G1 X3.797 Y-1.6704
G3 X3.8032 Y-1.6813 I0.0241 J0.0066
X3.8211 Y-1.6888 I0.0179 J0.0175 F50.
X3.8317 Y-1.6864 I0. J0.025
G2 X3.8902 Y-1.6625 I0.1495 J-0.2821
G3 X3.9571 Y-1.6071 I-0.0635 J0.1449
X4.0107 Y-1.4942 I-0.253 J0.1892
X4.0189 Y-1.2827 I-0.4659 J0.124
X3.8622 Y-0.9841 I-0.5416 J-0.0939
X3.7972 Y-0.9605 I-0.0595 J-0.0623
G1 X3.723 Y-0.9655
G3 X3.7012 Y-0.9847 I0.0026 J-0.0249
Y-0.9963 I0.0243 J-0.0057 F300.
G1 X3.8584 Y-1.6444
G3 X3.8626 Y-1.6534 I0.0243 J0.0059
X3.8902 Y-1.6624 I0.0201 J0.0149 F50.
G1 X3.9395 Y-1.645
X3.944 Y-1.6435
G3 X4.0087 Y-1.5939 I-0.0503 J0.1325
X4.06 Y-1.4919 I-0.2247 J0.1769
X4.0724 Y-1.2822 I-0.4601 J0.1324
X3.936 Y-0.9849 I-0.5798 J-0.0861
G1 X3.9305 Y-0.9797
G3 X3.8607 Y-0.9548 I-0.0606 J-0.0596
G2 X3.7972 Y-0.9605 I-0.1311 J1.096
G3 X3.7754 Y-0.9796 I0.0026 J-0.0249
X3.7753 Y-0.9907 I0.0243 J-0.0057 F300.
G1 X3.9126 Y-1.6248
G3 X3.9166 Y-1.634 I0.0244 J0.0053
X3.944 Y-1.6435 I0.0204 J0.0145 F50.
G1 X3.9642 Y-1.6369
X3.9724 Y-1.635
X3.9888 Y-1.6315
G3 X4.0494 Y-1.5938 I-0.0298 J0.1154
X4.1077 Y-1.4923 I-0.1887 J0.1759
X4.1291 Y-1.3184 I-0.4269 J0.1408
X4.0116 Y-0.9935 I-0.6117 J-0.0376
G1 X4.0019 Y-0.982
X3.9955 Y-0.975
G3 X3.9236 Y-0.9479 I-0.0626 J-0.0575
G1 X3.8607 Y-0.9548
G3 X3.8397 Y-0.9748 I0.0036 J-0.0247
G1 X3.8393 Y-0.9779 F300.
Y-0.9811
X3.8397 Y-0.9842
X3.9601 Y-1.6115
X3.9611 Y-1.6153
X3.9627 Y-1.6189
G3 X3.9888 Y-1.6315 I0.0219 J0.0121 F50.
G1 X4.0382 Y-1.6213
G3 X4.1068 Y-1.576 I-0.032 J0.123
X4.1582 Y-1.4845 I-0.1954 J0.1699
X4.1818 Y-1.3392 I-0.4112 J0.1414
X4.1371 Y-1.1089 I-0.61 J0.001
X4.071 Y-0.9853 I-0.5008 J-0.1884
X4.0364 Y-0.952 I-0.1063 J-0.0757
X3.9846 Y-0.9412 I-0.0427 J-0.0753
G1 X3.9236 Y-0.9479
G3 X3.9026 Y-0.9679 I0.0036 J-0.0247
G1 X3.9022 Y-0.9709 F300.
Y-0.9739
X3.9025 Y-0.9769
X4.0094 Y-1.6009
X4.01 Y-1.6036
X4.0109 Y-1.6062
X4.0121 Y-1.6087
G3 X4.0382 Y-1.6213 I0.0219 J0.012 F50.
G1 X4.071 Y-1.6147
X4.0793 Y-1.6137
X4.0817 Y-1.6135
G3 X4.1418 Y-1.5828 I-0.0167 J0.1067
X4.2016 Y-1.495 I-0.1581 J0.172
X4.2324 Y-1.3607 I-0.3744 J0.1567
X4.2131 Y-1.1655 I-0.5879 J0.0402
X4.1514 Y-1.0112 I-0.6199 J-0.158
X4.1082 Y-0.9537 I-0.2184 J-0.1196
X4.0444 Y-0.9347 I-0.0548 J-0.0673
G1 X3.9846 Y-0.9412
G3 X3.9636 Y-0.9613 I0.0036 J-0.0247
G1 X3.9633 Y-0.964 F300.
X3.9632 Y-0.9668
X3.9634 Y-0.9696
X4.0554 Y-1.5922
X4.056 Y-1.5953
X4.0571 Y-1.5983
G3 X4.0817 Y-1.6135 I0.023 J0.0097 F50.
G1 X4.0957 Y-1.6121
X4.1039 Y-1.6115
X4.1249 Y-1.6101
G3 X4.186 Y-1.5819 I-0.0126 J0.1076
X4.2477 Y-1.4985 I-0.1475 J0.1737
X4.2829 Y-1.3691 I-0.3593 J0.1672
X4.2709 Y-1.1725 I-0.5935 J0.0626
X4.2148 Y-1.0145 I-0.6267 J-0.1337
X4.1758 Y-0.956 I-0.2782 J-0.1431
X4.1032 Y-0.9283 I-0.0635 J-0.0573
G1 X4.0444 Y-0.9347
G3 X4.0234 Y-0.9547 I0.0036 J-0.0247
G1 X4.023 Y-0.9586 F300.
X4.0232 Y-0.9625
X4.0993 Y-1.5881
X4.0999 Y-1.5911
X4.1008 Y-1.594
G3 X4.1249 Y-1.6101 I0.0234 J0.0089 F50.
G1 X4.1722 Y-1.607
G3 X4.2417 Y-1.5721 I-0.015 J0.1167
X4.2981 Y-1.4939 I-0.1591 J0.1743
X4.3349 Y-1.3622 I-0.366 J0.1732
X4.3246 Y-1.1626 I-0.6007 J0.0692
X4.2717 Y-1.0074 I-0.618 J-0.1242
X4.2344 Y-0.9503 I-0.2709 J-0.1361
X4.1612 Y-0.9219 I-0.064 J-0.0566
G1 X4.1032 Y-0.9283
G3 X4.0823 Y-0.9483 I0.0036 J-0.0247
G1 X4.0818 Y-0.9519 F300.
X4.0819 Y-0.9556
X4.1466 Y-1.5846
X4.1471 Y-1.5878
X4.1481 Y-1.591
G3 X4.1722 Y-1.607 I0.0234 J0.0089 F50.
G2 X4.2108 Y-1.6066 I0.0237 J-0.4228
G3 X4.2725 Y-1.5849 I-0.0004 J0.0995
X4.338 Y-1.5106 I-0.1243 J0.1757
X4.3817 Y-1.3905 I-0.3259 J0.1865
X4.3899 Y-1.2345 I-0.5476 J0.1072
X4.3314 Y-1.0066 I-0.6645 J-0.0493
X4.2888 Y-0.9405 I-0.2731 J-0.1289
X4.2139 Y-0.9145 I-0.0622 J-0.0586
G1 X4.1779 Y-0.9199
X4.1697 Y-0.921
X4.1612 Y-0.9219
G3 X4.1402 Y-0.942 I0.0036 J-0.0247
G1 X4.1398 Y-0.9453 F300.
Y-0.9486
X4.1885 Y-1.5837
X4.1891 Y-1.5874
G3 X4.2108 Y-1.6066 I0.0244 J0.0056 F50.
G1 X4.2519 Y-1.6096
G3 X4.3147 Y-1.5901 I0.0022 J0.1037
X4.3825 Y-1.5193 I-0.1173 J0.1802
X4.4305 Y-1.4021 I-0.3155 J0.1979
X4.4448 Y-1.2474 I-0.5452 J0.1282
X4.3937 Y-1.0134 I-0.6705 J-0.0237
X4.3465 Y-0.9345 I-0.2981 J-0.1249
X4.2693 Y-0.9061 I-0.0647 J-0.0566
G1 X4.2139 Y-0.9145
G3 X4.1938 Y-0.9354 I0.0046 J-0.0246
G1 X4.1936 Y-0.9379 F300.
Y-0.9405
X4.2296 Y-1.5862
X4.2298 Y-1.5883
X4.2302 Y-1.5904
G3 X4.2519 Y-1.6096 I0.0244 J0.0056 F50.
G1 X4.2848 Y-1.612
X4.2975 Y-1.6131
G3 X4.3616 Y-1.5933 I0.0021 J0.1071
X4.4324 Y-1.5205 I-0.1199 J0.1872
X4.4824 Y-1.4015 I-0.3212 J0.2051
X4.4987 Y-1.2427 I-0.5548 J0.1372
X4.4504 Y-1.0085 I-0.678 J-0.0179
X4.3998 Y-0.9237 I-0.2999 J-0.1214
X4.3519 Y-0.898 I-0.0633 J-0.0605
G1 X4.3383 Y-0.8968
X4.3247 Y-0.8977
X4.2693 Y-0.9061
G3 X4.2492 Y-0.927 I0.0046 J-0.0246
G1 X4.2489 Y-0.9293 F300.
Y-0.9317
X4.2755 Y-1.5892
X4.2757 Y-1.5914
X4.276 Y-1.5936
G3 X4.2975 Y-1.6131 I0.0244 J0.0054 F50.
G1 X4.3094 Y-1.614
X4.3177 Y-1.6154
X4.3341 Y-1.6186
G3 X4.3977 Y-1.6049 I0.0122 J0.0975
X4.4699 Y-1.5412 I-0.0984 J0.1842
X4.5255 Y-1.4326 I-0.2873 J0.2158
X4.5522 Y-1.2837 I-0.5126 J0.1688
X4.5093 Y-1.0097 I-0.6887 J0.0323
X4.4654 Y-0.9282 I-0.3446 J-0.1327
X4.4078 Y-0.8897 I-0.0764 J-0.0519
G1 X4.3938 Y-0.8884
X4.3798 Y-0.8894
X4.3247 Y-0.8977
G3 X4.3046 Y-0.9186 I0.0046 J-0.0246
G1 X4.3044 Y-0.9206 F300.
X4.3043 Y-0.9227
X4.315 Y-1.5947
Y-1.5954
Y-1.5961
X4.3151 Y-1.5967
G3 X4.3341 Y-1.6186 I0.0249 J0.0024 F50.
G1 X4.3438 Y-1.6206
X4.3735 Y-1.627
G3 X4.4378 Y-1.6158 I0.0156 J0.1004
X4.5223 Y-1.5424 I-0.097 J0.1973
X4.5807 Y-1.4252 I-0.308 J0.2266
X4.607 Y-1.2665 I-0.5523 J0.1729
X4.5621 Y-0.9961 I-0.6902 J0.0245
X4.5188 Y-0.9176 I-0.3327 J-0.1325
X4.4626 Y-0.8813 I-0.0735 J-0.0522
G1 X4.4488 Y-0.8801
X4.435 Y-0.881
X4.3798 Y-0.8894
G3 X4.3597 Y-0.9102 I0.0046 J-0.0246
G1 X4.3594 Y-0.9138 F300.
X4.3546 Y-1.6025
Y-1.6033
Y-1.6041
X4.3547 Y-1.6049
G3 X4.3735 Y-1.627 I0.0249 J0.0022 F50.
G1 X4.4163 Y-1.6361
G3 X4.4813 Y-1.6259 I0.0179 J0.0993
X4.5586 Y-1.5659 I-0.0883 J0.1933
X4.6216 Y-1.4598 I-0.2765 J0.2362
X4.6579 Y-1.3112 I-0.5078 J0.2028
X4.6214 Y-0.999 I-0.7044 J0.0758
X4.5776 Y-0.9143 I-0.3611 J-0.1331
X4.545 Y-0.883 I-0.092 J-0.063
X4.4899 Y-0.8727 I-0.0424 J-0.0747
G1 X4.435 Y-0.881
G3 X4.4149 Y-0.9019 I0.0046 J-0.0246
G1 X4.4146 Y-0.905 F300.
X4.3986 Y-1.6116
Y-1.6123
Y-1.6131
G3 X4.4163 Y-1.6361 I0.025 J0.0009 F50.
G2 X4.4492 Y-1.6463 I-0.1088 J-0.4086
G3 X4.5128 Y-1.643 I0.0272 J0.0909
X4.6006 Y-1.5826 I-0.0706 J0.1966
X4.6683 Y-1.4777 I-0.266 J0.2459
X4.7096 Y-1.331 I-0.5008 J0.2204
X4.6745 Y-0.9857 I-0.7102 J0.1021
X4.6309 Y-0.9037 I-0.3511 J-0.1341
X4.5975 Y-0.8729 I-0.0911 J-0.0651
X4.5406 Y-0.864 I-0.0407 J-0.0746
G2 X4.4899 Y-0.8727 I-0.1908 J0.966
G3 X4.4698 Y-0.8936 I0.0046 J-0.0246
G1 X4.4696 Y-0.896 F300.
X4.4335 Y-1.6218
G3 X4.4492 Y-1.6463 I0.025 J-0.0012 F50.
G1 X4.4886 Y-1.6605
G3 X4.5534 Y-1.6581 I0.0289 J0.0961
X4.6449 Y-1.5982 I-0.0682 J0.2041
X4.7162 Y-1.4933 I-0.2651 J0.2569
X4.762 Y-1.3449 I-0.5016 J0.2359
X4.7354 Y-0.994 I-0.7302 J0.1212
X4.6902 Y-0.9014 I-0.3914 J-0.1335
X4.662 Y-0.8698 I-0.1222 J-0.0808
X4.5939 Y-0.8537 I-0.0518 J-0.0674
G1 X4.5406 Y-0.864
G3 X4.5213 Y-0.8857 I0.0056 J-0.0244
G1 X4.5212 Y-0.8868 F300.
X4.473 Y-1.6357
X4.4729 Y-1.6361
G3 X4.4886 Y-1.6605 I0.025 J-0.0012 F50.
G1 X4.5232 Y-1.673
X4.5297 Y-1.6754
G3 X4.6038 Y-1.6709 I0.0309 J0.1039
X4.6785 Y-1.6251 I-0.0714 J0.2004
X4.7654 Y-1.5073 I-0.2528 J0.2772
X4.8148 Y-1.3564 I-0.5047 J0.2489
X4.7955 Y-1.0016 I-0.7529 J0.1369
X4.7483 Y-0.8975 I-0.4269 J-0.1307
X4.7143 Y-0.8582 I-0.1418 J-0.0883
X4.6476 Y-0.8432 I-0.0506 J-0.0699
G1 X4.5939 Y-0.8537
G3 X4.5747 Y-0.8754 I0.0056 J-0.0244
G1 X4.5746 Y-0.8761 F300.
X4.5143 Y-1.6503
X4.5142 Y-1.6509
G3 X4.5297 Y-1.6754 I0.025 J-0.0014 F50.
G2 X4.5606 Y-1.6903 I-0.1193 J-0.2858
G3 X4.6632 Y-1.6684 I0.0367 J0.0798
G1 X4.6654 Y-1.6652
X4.667 Y-1.6617
X4.6681 Y-1.658
X4.6686 Y-1.6542
X4.6685 Y-1.6503
X4.6678 Y-1.6465
X4.6666 Y-1.6428
X4.6647 Y-1.6394
G3 X4.6381 Y-1.6284 I-0.0211 J-0.0134 F300.
G1 X4.5675 Y-1.6442
G3 X4.5485 Y-1.664 I0.0055 J-0.0244
X4.5606 Y-1.6903 I0.0246 J-0.0047 F50.
G1 X4.5843 Y-1.7028
G3 X4.6136 Y-1.7102 I0.0499 J0.1363
X4.6336 Y-1.7028 I0.0024 J0.0243
G1 X4.7321 Y-1.5878
X4.7451 Y-1.5745
X4.7813 Y-1.5385
G3 X4.8426 Y-1.4393 I-0.2125 J0.2001
X4.8779 Y-1.2909 I-0.5044 J0.1984
X4.8444 Y-0.9751 I-0.7535 J0.0798
X4.7977 Y-0.8805 I-0.3999 J-0.1385
X4.7692 Y-0.8488 I-0.1245 J-0.0834
X4.7013 Y-0.8328 I-0.0517 J-0.0675
G1 X4.6476 Y-0.8433
G3 X4.6284 Y-0.865 I0.0056 J-0.0244
G1 X4.6282 Y-0.8684 F300.
X4.6286 Y-0.8718
X4.7396 Y-1.5244
G3 X4.7525 Y-1.5423 I0.0246 J0.0042
X4.7813 Y-1.5385 I0.0117 J0.0221 F50.
G1 X4.8554 Y-1.4645
G3 X4.9037 Y-1.3868 I-0.1626 J0.155
X4.9322 Y-1.2649 I-0.4173 J0.1619
X4.8946 Y-0.9539 I-0.7059 J0.0723
X4.8488 Y-0.8662 I-0.3726 J-0.1385
X4.8218 Y-0.8373 I-0.1072 J-0.0734
X4.7553 Y-0.8224 I-0.0503 J-0.0685
G1 X4.7013 Y-0.8328
G3 X4.6821 Y-0.8545 I0.0056 J-0.0244
G1 X4.6819 Y-0.8572 F300.
X4.6821 Y-0.86
X4.6825 Y-0.8626
X4.8139 Y-1.4516
G3 X4.8266 Y-1.4683 I0.0244 J0.0054
X4.8554 Y-1.4645 I0.0117 J0.0221 F50.
G2 X4.9095 Y-1.4156 I0.4288 J-0.4205
G3 X4.9574 Y-1.3461 I-0.1207 J0.1343
X4.9837 Y-1.2448 I-0.3397 J0.1424
X4.9712 Y-1.0212 I-0.6299 J0.077
G1 X4.9667 Y-1.0067
X4.9597 Y-0.9932
X4.9506 Y-0.9811
X4.942 Y-0.9714
X4.935 Y-0.9632
X4.9291 Y-0.955
X4.8849 Y-0.8925
X4.8826 Y-0.8892
X4.8766 Y-0.8796
X4.873 Y-0.8728
X4.8602 Y-0.8462
G3 X4.7996 Y-0.8137 I-0.0505 J-0.0215
G1 X4.7959 Y-0.8149
X4.7924 Y-0.8166
X4.7892 Y-0.8188
X4.7865 Y-0.8215
X4.7841 Y-0.8246
X4.7823 Y-0.828
X4.781 Y-0.8317
X4.7803 Y-0.8354
G3 X4.7929 Y-0.8599 I0.0249 J-0.0027 F300.
G1 X4.825 Y-0.878
G3 X4.8543 Y-0.8746 I0.0123 J0.0218
X4.8602 Y-0.8462 I-0.017 J0.0183 F50.
G1 X4.8493 Y-0.8235
G3 X4.8191 Y-0.8101 I-0.0231 J-0.0115
G1 X4.7553 Y-0.8224
G3 X4.736 Y-0.8441 I0.0056 J-0.0244
G1 X4.7359 Y-0.8469 F300.
X4.7361 Y-0.8498
X4.7366 Y-0.8526
X4.8697 Y-1.4019
G3 X4.8806 Y-1.4171 I0.0243 J0.0059
X4.9095 Y-1.4156 I0.0134 J0.0211 F50.
G1 X4.9671 Y-1.3665
G3 X5.0166 Y-1.2883 I-0.1221 J0.1322
X5.0379 Y-1.1847 I-0.3428 J0.1245
X5.0373 Y-1.0934 I-0.538 J0.042
X5.0119 Y-1.0422 I-0.0845 J-0.0099
G1 X5.0067 Y-1.0372
X4.9984 Y-1.0289
X4.9506 Y-0.9811
G3 X4.9219 Y-0.9772 I-0.0171 J-0.0183
X4.9086 Y-1.0006 I0.0117 J-0.0221 F300.
G1 X4.9266 Y-1.3483
G3 X4.9381 Y-1.3681 I0.025 J0.0013
X4.9671 Y-1.3665 I0.0134 J0.0211 F50.
G1 X5.0164 Y-1.3245
X5.0209 Y-1.3207
G3 X5.0678 Y-1.2479 I-0.1128 J0.1241
X5.0878 Y-1.1417 I-0.2983 J0.1112
X5.052 Y-1.0725 I-0.0852 J-0.0002
G2 X5.0118 Y-1.0423 I0.2927 J0.4309
G1 X5.0088 Y-1.0399
X5.0054 Y-1.0381
X5.0018 Y-1.0368
X4.9981 Y-1.036
X4.9942 Y-1.0358
X4.9904 Y-1.0363
X4.9867 Y-1.0373
X4.9831 Y-1.0389
G3 X4.9702 Y-1.0618 I0.0121 J-0.0219 F300.
G1 X4.9805 Y-1.3021
G3 X4.992 Y-1.322 I0.025 J0.0011
X5.0209 Y-1.3207 I0.0135 J0.021 F50.
G1 X5.0246 Y-1.3176
X5.0411 Y-1.3053
X5.0657 Y-1.2874
G3 X5.1186 Y-1.2079 I-0.0968 J0.1218
X5.1203 Y-1.1372 I-0.0896 J0.0375
G1 X5.1127 Y-1.123
X5.1027 Y-1.1104
X5.0906 Y-1.0999
G3 X5.0616 Y-1.101 I-0.0138 J-0.0209
X5.0522 Y-1.1166 I0.0152 J-0.0198 F300.
G1 X5.0271 Y-1.2624
G3 X5.0367 Y-1.2867 I0.0246 J-0.0042
X5.0657 Y-1.2874 I0.015 J0.02 F50.
G1 X5.115 Y-1.2517
G3 X5.1548 Y-1.1869 I-0.0574 J0.0799
X5.1377 Y-1.133 I-0.0737 J0.0063
G1 X5.1273 Y-1.123
X5.115 Y-1.1153
G3 X5.0863 Y-1.1194 I-0.0115 J-0.0222
X5.0786 Y-1.1369 I0.0172 J-0.0181 F300.
G1 X5.0761 Y-1.2303
G3 X5.0861 Y-1.2509 I0.025 J-0.0007
X5.115 Y-1.2517 I0.015 J0.02 F50.
G1 X5.1535 Y-1.2238
X5.1582 Y-1.2201
X5.1624 Y-1.2158
G3 X5.1423 Y-1.1286 I-0.045 J0.0356
X5.1139 Y-1.1344 I-0.0101 J-0.0229
X5.1075 Y-1.155 I0.0183 J-0.017 F300.
G1 X5.1148 Y-1.2066
G3 X5.1245 Y-1.2231 I0.0248 J0.0035
X5.1535 Y-1.2238 I0.015 J0.02 F50.
G1 X5.1742 Y-1.2088
G3 X5.1898 Y-1.1718 I-0.0217 J0.0309
X5.1669 Y-1.1405 I-0.0407 J-0.0057
X5.1369 Y-1.1403 I-0.0153 J-0.0347
X5.1272 Y-1.1462 I0.0148 J-0.0349 F300.
X5.1447 Y-1.2146 I0.0253 J-0.03
X5.1742 Y-1.2088 I0.0078 J0.0384 F50.
G1 X5.1844 Y-1.2015
X5.1902 Y-1.1974
G3 X5.1981 Y-1.1612 I-0.016 J0.0225
G1 X5.1927 Y-1.1543
X5.1856 Y-1.1494
G3 X5.1579 Y-1.1531 I-0.0108 J-0.0245
G1 X5.1567 Y-1.1542
G3 X5.1609 Y-1.1979 I0.0185 J-0.0203 F300.
X5.1902 Y-1.1974 I0.0143 J0.0234 F50.
X5.1913 Y-1.1521 I-0.011 J0.0229
G1 X5.1231 Y-1.1193
X5.115 Y-1.1153
X5.1076 Y-1.1111
X5.0947 Y-1.1029
X5.052 Y-1.0725
G3 X5.0259 Y-1.0717 I-0.0138 J-0.0209
G1 X5.0229 Y-1.0734
G2 X4.9009 Y-1.1357 I-0.7925 J1.4014 F300.
X4.8893 Y-1.1379 I-0.0104 J0.0227
G1 X3.4377 Y-1.0701
G2 X3.4264 Y-1.0668 I0.0012 J0.025
X3.321 Y-1.0005 I0.804 J1.3948
G1 X3.3079 Y-0.9914 F50.
G3 X3.2938 Y-0.9869 I-0.0143 J-0.0205
G1 X3.2079 Y-0.9892
G3 X3.1231 Y-1.0181 I0.0139 J-0.1792
X3.0255 Y-1.1088 I0.177 J-0.2885
X2.9314 Y-1.3578 I0.3938 J-0.2911
X2.9501 Y-1.559 I0.5212 J-0.0531
X2.9883 Y-1.6064 I0.0809 J0.0263
G1 X3.0129 Y-1.6206
X3.059 Y-1.6495
G3 X3.0878 Y-1.6467 I0.0125 J0.0216
X3.0959 Y-1.6332 I-0.0164 J0.0189 F300.
G1 X3.2321 Y-1.0196
G3 X3.2314 Y-1.0062 I-0.0244 J0.0054
X3.2079 Y-0.9892 I-0.0237 J-0.008 F50.
G1 X3.1421 Y-0.9909
X3.1376
G3 X3.0528 Y-1.0223 I0.0119 J-0.1624
X2.9628 Y-1.1138 I0.181 J-0.2681
X2.8826 Y-1.3192 I0.4163 J-0.2808
X2.8845 Y-1.513 I0.5432 J-0.0919
X2.9257 Y-1.5704 I0.0845 J0.0172
G1 X2.9883 Y-1.6064
G3 X3.0171 Y-1.6027 I0.0118 J0.0221
X3.0244 Y-1.5902 I-0.017 J0.0183 F300.
G1 X3.1614 Y-1.0218
G3 X3.1609 Y-1.0082 I-0.0243 J0.0059
X3.1376 Y-0.9909 I-0.0238 J-0.0077 F50.
G1 X3.1339 Y-0.991
X3.1092
X3.0764 Y-0.9905
G3 X2.9987 Y-1.0176 I0.0077 J-0.1469
X2.9141 Y-1.1008 I0.1625 J-0.2499
X2.8375 Y-1.2738 I0.4014 J-0.2813
X2.8246 Y-1.4721 I0.5507 J-0.1352
G1 X2.8259 Y-1.4779
G3 X2.8672 Y-1.5368 I0.0837 J0.0149
G1 X2.9257 Y-1.5704
G3 X2.9544 Y-1.5665 I0.0117 J0.0221
X2.9616 Y-1.5545 I-0.017 J0.0183 F300.
G1 X3.0993 Y-1.0217
G3 X3.0991 Y-1.0085 I-0.0242 J0.0063
X3.0764 Y-0.9905 I-0.024 J-0.007 F50.
G1 X3.0188 Y-0.9896
G3 X2.9431 Y-1.015 I0.0048 J-0.1399
X2.8614 Y-1.0947 I0.1544 J-0.2399
X2.7926 Y-1.2374 I0.3838 J-0.273
X2.7682 Y-1.4311 I0.5328 J-0.1656
G1 X2.7702 Y-1.4455
G3 X2.8116 Y-1.5048 I0.0838 J0.0145
G1 X2.8672 Y-1.5368
G3 X2.896 Y-1.533 I0.0117 J0.0221
X2.903 Y-1.5214 I-0.017 J0.0183 F300.
G1 X3.0417 Y-1.0213
G3 X3.0416 Y-1.0076 I-0.0241 J0.0067
X3.0188 Y-0.9896 I-0.024 J-0.007 F50.
G1 X2.9613 Y-0.9887
G3 X2.8865 Y-1.0138 I0.0042 J-0.1364
X2.8073 Y-1.0914 I0.1512 J-0.2338
X2.7385 Y-1.2348 I0.3853 J-0.2729
X2.7147 Y-1.3926 I0.4916 J-0.155
X2.7257 Y-1.4405 I0.1154 J0.0014
G1 X2.7344 Y-1.4537
X2.7454 Y-1.4651
X2.7583 Y-1.4742
X2.8116 Y-1.5048
G3 X2.8403 Y-1.501 I0.0117 J0.0221
X2.8473 Y-1.4897 I-0.017 J0.0183 F300.
G1 X2.984 Y-1.0207
G3 Y-1.0067 I-0.024 J0.007
X2.9613 Y-0.9887 I-0.024 J-0.007 F50.
G1 X2.9037 Y-0.9878
G3 X2.8306 Y-1.0127 I0.0048 J-0.1344
X2.7527 Y-1.0893 I0.1497 J-0.2302
X2.6845 Y-1.2321 I0.3856 J-0.2719
X2.6635 Y-1.367 I0.4227 J-0.1348
X2.6724 Y-1.4087 I0.1103 J0.0017
X2.7096 Y-1.4475 I0.0768 J0.0364
G1 X2.7262 Y-1.4563
X2.7414 Y-1.4645
X2.7583 Y-1.4742
G3 X2.7871 Y-1.4704 I0.0117 J0.0221
X2.794 Y-1.4593 I-0.017 J0.0183 F300.
G1 X2.9264 Y-1.02
G3 X2.9265 Y-1.0058 I-0.0239 J0.0072
X2.9037 Y-0.9878 I-0.024 J-0.007 F50.
G1 X2.8462 Y-0.987
G3 X2.7736 Y-1.0125 I0.0065 J-0.134
X2.696 Y-1.0905 I0.1529 J-0.2299
X2.614 Y-1.3186 I0.3916 J-0.2697
X2.6166 Y-1.3665 I0.1863 J-0.0137
X2.6596 Y-1.4212 I0.0829 J0.0209
G1 X2.7096 Y-1.4475
G3 X2.7382 Y-1.4427 I0.0109 J0.0225
X2.7444 Y-1.4322 I-0.0177 J0.0176 F300.
G1 X2.8689 Y-1.0191
G3 Y-1.0049 I-0.0239 J0.0072
X2.8462 Y-0.987 I-0.024 J-0.007 F50.
G1 X2.7923 Y-0.9861
G3 X2.72 Y-1.0106 I0.0041 J-0.1314
X2.6434 Y-1.0862 I0.1476 J-0.226
X2.5652 Y-1.2951 I0.3566 J-0.2526
X2.5676 Y-1.3402 I0.1679 J-0.0136
X2.6107 Y-1.3955 I0.0826 J0.0199
G1 X2.6596 Y-1.4212
G3 X2.6882 Y-1.4163 I0.0109 J0.0225
X2.6943 Y-1.4061 I-0.0177 J0.0176 F300.
G1 X2.815 Y-1.0185
G3 X2.8151 Y-1.0041 I-0.0239 J0.0074
X2.7923 Y-0.9861 I-0.024 J-0.007 F50.
G2 X2.743 Y-0.984 I0.0187 J0.9849
G3 X2.6719 Y-1.0048 I-0.0021 J-0.125
X2.5969 Y-1.0739 I0.1315 J-0.2179
X2.5172 Y-1.2779 I0.3162 J-0.2411
X2.5201 Y-1.3164 I0.1488 J-0.0082
X2.5628 Y-1.3703 I0.0827 J0.0218
G1 X2.6107 Y-1.3955
G3 X2.6393 Y-1.3906 I0.0109 J0.0225
X2.6453 Y-1.3807 I-0.0177 J0.0176 F300.
G1 X2.7645 Y-1.0167
G3 X2.765 Y-1.0029 I-0.0238 J0.0078
X2.743 Y-0.984 I-0.0243 J-0.006 F50.
G1 X2.69 Y-0.981
G3 X2.6186 Y-1.0018 I-0.0022 J-0.1254
X2.5338 Y-1.0847 I0.1367 J-0.2247
X2.4706 Y-1.2562 I0.2938 J-0.2056
X2.477 Y-1.3023 I0.1206 J-0.0069
X2.5162 Y-1.3457 I0.0788 J0.0318
G1 X2.5628 Y-1.3703
G3 X2.5914 Y-1.3654 I0.0109 J0.0225
X2.5974 Y-1.3557 I-0.0177 J0.0176 F300.
G1 X2.7114 Y-1.0138
G3 X2.712 Y-0.9999 I-0.0237 J0.0079
X2.69 Y-0.981 I-0.0243 J-0.006 F50.
G1 X2.6362 Y-0.9779
G3 X2.5562 Y-1.0046 I-0.0005 J-0.1315
X2.4829 Y-1.0791 I0.144 J-0.2151
X2.4251 Y-1.2353 I0.2665 J-0.1873
X2.4315 Y-1.2784 I0.114 J-0.0053
X2.4709 Y-1.3219 I0.0788 J0.0318
G1 X2.5162 Y-1.3457
G3 X2.5448 Y-1.3409 I0.0109 J0.0225
X2.5508 Y-1.3311 I-0.0177 J0.0176 F300.
G1 X2.6576 Y-1.0107
G3 X2.6581 Y-0.9968 I-0.0237 J0.0079
X2.6362 Y-0.9779 I-0.0243 J-0.006 F50.
G1 X2.5831 Y-0.9749
G3 X2.5037 Y-1.0013 I-0.0008 J-0.1301
X2.4331 Y-1.0729 I0.1377 J-0.2062
X2.3808 Y-1.2148 I0.2392 J-0.1689
X2.3875 Y-1.2574 I0.11 J-0.0045
X2.4292 Y-1.3013 I0.0784 J0.0327
G1 X2.4437 Y-1.3084
X2.468 Y-1.3204
X2.4709 Y-1.3219
G3 X2.4995 Y-1.3169 I0.0108 J0.0225
X2.5054 Y-1.3072 I-0.0178 J0.0176 F300.
G1 X2.6046 Y-1.0076
G3 X2.6051 Y-0.9938 I-0.0237 J0.0079
X2.5831 Y-0.9749 I-0.0243 J-0.006 F50.
G1 X2.5293 Y-0.9718
G3 X2.4521 Y-0.9977 I0.0001 J-0.1281
X2.3763 Y-1.0793 I0.1369 J-0.2032
X2.3373 Y-1.2066 I0.2103 J-0.1341
X2.3609 Y-1.2624 I0.0878 J0.0042
G1 X2.3725 Y-1.2726
X2.3857 Y-1.2805
X2.4292 Y-1.3013
G3 X2.4575 Y-1.2954 I0.01 J0.0229
X2.463 Y-1.2859 I-0.0184 J0.017 F300.
G1 X2.5509 Y-1.0042
G3 X2.5513 Y-0.9907 I-0.0239 J0.0074
X2.5293 Y-0.9718 I-0.0243 J-0.006 F50.
G1 X2.4763 Y-0.9688
G3 X2.4002 Y-0.995 I0.0008 J-0.1259
X2.3219 Y-1.0859 I0.1352 J-0.1958
X2.295 Y-1.1825 I0.1929 J-0.1057
X2.3176 Y-1.2412 I0.0864 J-0.0003
G1 X2.3296 Y-1.2519
X2.3433 Y-1.2602
X2.3857 Y-1.2805
G3 X2.4141 Y-1.2746 I0.01 J0.0229
X2.4197 Y-1.2647 I-0.0184 J0.017 F300.
G1 X2.4979 Y-1.0008
G3 X2.4982 Y-0.9877 I-0.024 J0.0071
X2.4763 Y-0.9688 I-0.0243 J-0.006 F50.
G1 X2.4352 Y-0.9665
X2.4269 Y-0.966
G3 X2.3534 Y-0.9896 I-0.003 J-0.1169
X2.2738 Y-1.0844 I0.1241 J-0.185
X2.2538 Y-1.1615 I0.1746 J-0.0865
X2.3021 Y-1.2404 I0.0853 J-0.002
G1 X2.3433 Y-1.2602
G3 X2.3717 Y-1.2542 I0.01 J0.0229
X2.3774 Y-1.2441 I-0.0184 J0.017 F300.
G1 X2.4477 Y-0.9976
G3 X2.4482 Y-0.9857 I-0.024 J0.0069
X2.4269 Y-0.966 I-0.0245 J-0.005 F50.
G1 X2.3941 Y-0.9628
X2.3813 Y-0.9615
G3 X2.309 Y-0.9828 I-0.0061 J-0.1129
X2.2135 Y-1.1408 I0.116 J-0.1779
X2.2619 Y-1.2211 I0.0862 J-0.0029
G1 X2.3021 Y-1.2403
G3 X2.3304 Y-1.2344 I0.01 J0.0229
X2.3361 Y-1.2243 I-0.0184 J0.017 F300.
G1 X2.402 Y-0.9932
G3 X2.4025 Y-0.9813 I-0.024 J0.0069
X2.3813 Y-0.9615 I-0.0245 J-0.005 F50.
G1 X2.332 Y-0.9567
G3 X2.2611 Y-0.9788 I-0.0041 J-0.1112
X2.1749 Y-1.119 I0.1094 J-0.1638
X2.2231 Y-1.2025 I0.0857 J-0.0062
G1 X2.262 Y-1.2211
G3 X2.2903 Y-1.2152 I0.01 J0.0229
X2.2962 Y-1.2045 I-0.0184 J0.017 F300.
G1 X2.3529 Y-0.9878
G3 X2.3532 Y-0.9765 I-0.0242 J0.0063
X2.332 Y-0.9567 I-0.0245 J-0.005 F50.
G1 X2.2872 Y-0.9522
G3 X2.2177 Y-0.9729 I-0.0063 J-0.1063
X2.1374 Y-1.1006 I0.0995 J-0.1517
X2.1869 Y-1.1851 I0.0851 J-0.0069
G1 X2.2231 Y-1.2025
G3 X2.2515 Y-1.1965 I0.01 J0.0229
X2.2574 Y-1.1856 I-0.0184 J0.017 F300.
G1 X2.3081 Y-0.9831
G3 X2.3084 Y-0.972 I-0.0243 J0.0061
X2.2872 Y-0.9522 I-0.0245 J-0.005 F50.
G1 X2.2416 Y-0.9477
G3 X2.1739 Y-0.9681 I-0.006 J-0.1024
X2.1008 Y-1.0856 I0.0923 J-0.1389
X2.1515 Y-1.1694 I0.0847 J-0.0061
G1 X2.1687 Y-1.1769
X2.1869 Y-1.1851
X2.19 Y-1.1861
X2.1932 Y-1.1868
X2.1964 Y-1.187
X2.1965
G3 X2.2152 Y-1.1786 I0. J0.025
X2.2209 Y-1.1674 I-0.0187 J0.0166 F300.
G1 X2.2627 Y-0.9779
G3 Y-0.9675 I-0.0244 J0.0054
X2.2416 Y-0.9477 I-0.0245 J-0.005 F50.
G1 X2.1968 Y-0.9433
G3 X2.1246 Y-0.9688 I-0.0046 J-0.1019
X2.0657 Y-1.0689 I0.0922 J-0.1216
X2.1146 Y-1.1534 I0.0818 J-0.0091
G1 X2.1515 Y-1.1694
G3 X2.1796 Y-1.1624 I0.0091 J0.0233
X2.1852 Y-1.1507 I-0.019 J0.0163 F300.
G1 X2.218 Y-0.9726
X2.2184 Y-0.9695
Y-0.9663
X2.2179 Y-0.9631
G3 X2.1968 Y-0.9433 I-0.0245 J-0.005 F50.
G1 X2.1534 Y-0.9391
G3 X2.0833 Y-0.965 I-0.0037 J-0.0974
X2.0321 Y-1.0505 I0.088 J-0.1109
X2.0812 Y-1.1388 I0.0824 J-0.012
G1 X2.1146 Y-1.1533
G3 X2.1427 Y-1.1464 I0.0092 J0.0233
X2.1484 Y-1.134 I-0.019 J0.0163 F300.
G1 X2.1748 Y-0.9677
X2.175 Y-0.9648
Y-0.9618
X2.1746 Y-0.9588
G3 X2.1534 Y-0.9391 I-0.0245 J-0.005 F50.
G1 X2.1121 Y-0.935
G3 X2.044 Y-0.9612 I-0.0033 J-0.0929
X1.9999 Y-1.0341 I0.0817 J-0.0993
X2.0483 Y-1.1245 I0.0813 J-0.0146
G1 X2.0812 Y-1.1388
G3 X2.1094 Y-1.1319 I0.0092 J0.0233
X2.1152 Y-1.1185 I-0.019 J0.0163 F300.
G1 X2.1336 Y-0.9627
X2.1338 Y-0.96
X2.1336 Y-0.9574
X2.1333 Y-0.9548
G3 X2.1121 Y-0.935 I-0.0245 J-0.005 F50.
G1 X2.0981 Y-0.9336
X2.0735 Y-0.931
G3 X2.0173 Y-0.9485 I-0.0058 J-0.0801
X1.9669 Y-1.0327 I0.0665 J-0.0969
X2.0037 Y-1.1038 I0.0828 J-0.0023
G1 X2.0159 Y-1.1104
G3 X2.0441 Y-1.1034 I0.0092 J0.0233
G1 X2.046 Y-1.1009 F300.
X2.0476 Y-1.0981
X2.0488 Y-1.0951
X2.0927 Y-0.9635
G3 X2.0937 Y-0.9517 I-0.0237 J0.0079
X2.0735 Y-0.931 I-0.0247 J-0.0039 F50.
G1 X2.0406 Y-0.9262
G3 X1.9746 Y-0.9496 I-0.0083 J-0.0814
X1.9363 Y-1.0235 I0.0679 J-0.0821
X1.9581 Y-1.0788 I0.079 J-0.0009
G1 X1.9697 Y-1.0887
X1.983 Y-1.0961
G3 X2.0112 Y-1.0891 I0.0092 J0.0233
G1 X2.013 Y-1.0867 F300.
X2.0145 Y-1.0841
X2.0157 Y-1.0813
X2.0597 Y-0.9593
G3 X2.0609 Y-0.9469 I-0.0235 J0.0085
X2.0406 Y-0.9262 I-0.0247 J-0.0039 F50.
G1 X2.0032 Y-0.921
G3 X1.9431 Y-0.9428 I-0.0061 J-0.0768
G1 X1.9383 Y-0.9467
G3 X1.9123 Y-1.0043 I0.0593 J-0.0615
X1.9289 Y-1.0281 I0.025 J-0.0002
X1.9546 Y-1.0226 I0.0084 J0.0235 F300.
G1 X2.0161 Y-0.9636
G3 X2.0235 Y-0.9416 I-0.0173 J0.0181
X2.0032 Y-0.921 I-0.0247 J-0.004 F50.
G1 X1.9703 Y-0.9163
X1.9643 Y-0.9158
G3 X1.9108 Y-0.974 I0.0004 J-0.0541
X1.9231 Y-1.0019 I0.0505 J0.0056
X1.9626 Y-1.0192 I0.0383 J0.0335 F300.
X1.9974 Y-0.9302 I-0.0014 J0.0518
X1.9703 Y-0.9163 I-0.0361 J-0.0372 F50.
G1 X1.9445 Y-0.9127
G3 X1.9084 Y-0.9482 I-0.0043 J-0.0318
G1 X1.9093 Y-0.9525
X1.9107 Y-0.9567
X1.9128 Y-0.9606
X1.9154 Y-0.9641
X1.9185 Y-0.9673
X1.9219 Y-0.97
X1.9258 Y-0.9722
G3 X1.9392 Y-0.9751 I0.0133 J0.0281 F300.
X1.9679 Y-0.931 I-0.0002 J0.0315
X1.9445 Y-0.9127 I-0.0288 J-0.0126 F50.
X1.9255 Y-0.9124 I-0.0101 J-0.0358
X1.9073 Y-0.9385 I0.0076 J-0.0247
G2 X1.9124 Y-1.0043 I-0.7078 J-0.0883
G1 X1.9114 Y-1.0248
X1.9116 Y-1.0289
X1.9125 Y-1.033
X1.9228 Y-1.0618
G3 X1.9337 Y-1.0745 I0.0233 J0.009
G1 X1.942 Y-1.0782
X2.0483 Y-1.1245
X2.0511 Y-1.1254
X2.054 Y-1.126
X2.0574 Y-1.1262 Z0.3871
X2.0604 Y-1.1257 Z0.3878
X2.0633 Y-1.1252 Z0.3888
X2.0661 Y-1.1247 Z0.3901
X2.0683 Y-1.1234 Z0.3918
X2.0703 Y-1.1222 Z0.3938
X2.0721 Y-1.1211 Z0.3961
X2.0737 Y-1.1202 Z0.3985
X2.0749 Y-1.1191 Z0.4016
X2.0757 Y-1.1182 Z0.4049
X2.0762 Y-1.1177 Z0.4084
X2.0764 Y-1.1175 Z0.4119
G0 Z0.7
X6.2399 Y-3.4381
Z0.55
G3 X6.391 Y-3.5131 Z0.5337 I0.1143 J0.0406 F40.
X6.4709 Y-3.3651 Z0.5174 I-0.0366 J0.1154
X6.326 Y-3.2803 Z0.5011 I-0.1163 J-0.0326
X6.2366 Y-3.4219 Z0.4848 I0.0285 J-0.117
X6.3747 Y-3.5159 Z0.4684 I0.1177 J0.0244
X6.4731 Y-3.3814 Z0.4521 I-0.0204 J0.1182
X6.3424 Y-3.2787 Z0.4358 I-0.1185 J-0.0163
X6.2355 Y-3.4055 Z0.4195 I0.0122 J-0.1187
X6.3584 Y-3.5164 Z0.4032 I0.1188 J0.0081
X6.4731 Y-3.3977 Z0.3869 I-0.0041 J0.1187
X6.2355 I-0.1188 J0.
X6.4731 I0.1188 J0.
G1 X6.4737 Y-3.3615 F50.
G3 X6.4646 Y-3.3055 I-0.0657 J0.0181
X6.375 Y-3.2459 I-0.1065 J-0.0628
X6.2003 Y-3.3743 I-0.0248 J-0.1493
X6.4996 Y-3.4548 I0.154 J-0.0239
X6.5195 Y-3.3595 I-0.1986 J0.0913
X6.395 Y-3.2104 I-0.1631 J-0.0096
X6.1885 Y-3.2923 I-0.0477 J-0.1809
X6.4561 Y-3.5664 I0.1654 J-0.1062
X6.5469 Y-3.4543 I-0.1148 J0.1858
X6.3766 Y-3.1633 I-0.1951 J0.0812
X6.1228 Y-3.3324 I-0.0297 J-0.2304
X6.5056 Y-3.5855 I0.2313 J-0.0662
X6.5922 Y-3.2829 I-0.1659 J0.2111
X6.4978 Y-3.1626 I-0.2451 J-0.0952
X6.1547 Y-3.1931 I-0.153 J-0.2247
X6.2556 Y-3.6677 I0.1977 J-0.206
X6.554 Y-3.6058 I0.0994 J0.2706
X6.5932 Y-3.1888 I-0.2088 J0.23
X6.3924 Y-3.0714 I-0.2473 J-0.1926
X6.0246 Y-3.3371 I-0.0463 J-0.3233
X6.4978 Y-3.7016 I0.3294 J-0.0618
X6.6153 Y-3.1386 I-0.1519 J0.3254
X6.5569 Y-3.0865 I-0.2899 J-0.2657
X6.0911 Y-3.1187 I-0.2132 J-0.3004
X6.141 Y-3.7191 I0.2603 J-0.2806
X6.5833 Y-3.7096 I0.2143 J0.3222
X6.7486 Y-3.4505 I-0.2352 J0.3324
X6.3906 Y-2.9707 I-0.4003 J0.0748
X6.1787 Y-3.002 I-0.048 J-0.4084
G1 X6.173 Y-3.0055
X6.1676 Y-3.0092
X6.1563 Y-3.0177
X6.1455 Y-3.026
X6.134 Y-3.0342
X6.0768 Y-3.0738
G3 X5.942 Y-3.2579 I0.2215 J-0.3036
X6.1943 Y-3.8043 I0.4094 J-0.1424
X6.2526 Y-3.8226 I0.1212 J0.2845
G1 X6.2599 Y-3.8233
X6.2673 Y-3.8235
G2 X6.3974 Y-3.8213 I0.1173 J-3.1327
G3 X6.5923 Y-3.7641 I-0.0002 J0.3613
X6.8069 Y-3.366 I-0.24 J0.3863
X6.7306 Y-3.1227 I-0.4484 J-0.007
G1 X6.7215 Y-3.1137
X6.7114 Y-3.1059
X6.7002 Y-3.0998
X6.6276 Y-3.0667
X6.6194 Y-3.0623
X6.6029 Y-3.0529
G2 X6.5124 Y-2.9945 I0.9067 J1.5049
G1 X6.4961 Y-2.9807
X6.4879 Y-2.9738
X6.4815 Y-2.9684
G3 X6.3841 Y-2.927 I-0.1284 J-0.1667
X6.296 Y-2.9227 I-0.0578 J-0.2796
G1 X6.2841 Y-2.9263
X6.2728 Y-2.9314
X6.2624 Y-2.9381
G3 X6.2546 Y-2.966 I0.0157 J-0.0195
X6.2742 Y-2.9823 I0.0235 J0.0084 F300.
G1 X6.4608 Y-3.0117
G3 X6.4877 Y-2.9968 I0.0039 J0.0247
X6.4815 Y-2.9684 I-0.023 J0.0098 F50.
G1 X6.4385 Y-2.9321
X6.4244 Y-2.9191
G3 X6.361 Y-2.8898 I-0.0768 J-0.0831
X6.3041 Y-2.9068 I-0.0052 J-0.0864
X6.2963 Y-2.9347 I0.0157 J-0.0195
X6.3173 Y-2.9511 I0.0235 J0.0084 F300.
G1 X6.4026 Y-2.96
G3 X6.4266 Y-2.948 I0.0026 J0.0249
X6.4244 Y-2.9191 I-0.0214 J0.0129 F50.
G1 X6.4097 Y-2.9027
X6.3961 Y-2.8875
G3 X6.3412 Y-2.8804 I-0.0316 J-0.0283
G1 X6.3377 Y-2.8831
X6.3345 Y-2.8862
X6.3317 Y-2.8896
X6.3293 Y-2.8933
X6.3273 Y-2.8972
X6.3257 Y-2.9013
X6.3246 Y-2.9056
G3 X6.3467 Y-2.9506 I0.0401 J-0.0083 F300.
X6.4056 Y-2.9162 I0.018 J0.0368
X6.3961 Y-2.8875 I-0.0409 J0.0024 F50.
G1 X6.3876 Y-2.878
G3 X6.3563 Y-2.8707 I-0.0201 J-0.0154
G1 X6.3481 Y-2.8759
X6.3317 Y-2.8865
X6.3235 Y-2.8923
X6.1676 Y-3.0092
G3 X6.1592 Y-3.0355 I0.0157 J-0.0195
G1 X6.1597 Y-3.0372
X6.3748 Y-3.8032 F300.
G3 X6.3974 Y-3.8213 I0.024 J0.0069 F50.
G1 X6.5207 Y-3.8237
G3 X6.6296 Y-3.7925 I-0.0054 J0.224
X6.7624 Y-3.674 I-0.1942 J0.3515
X6.8154 Y-3.1679 I-0.4078 J0.2985
X6.7626 Y-3.1221 I-0.0772 J-0.0357
G2 X6.7002 Y-3.0998 I0.0878 J0.3443
G1 X6.6975 Y-3.0988
X6.6947 Y-3.0982
X6.6918 Y-3.0979
X6.6696 Y-3.0969
X6.107 Y-3.0706 F300.
X6.0915 Y-3.0699 F50.
G3 X6.0768 Y-3.0738 I-0.0012 J-0.025
G1 X5.9737 Y-3.1454
G3 X5.904 Y-3.2341 I0.1353 J-0.1779
X5.8671 Y-3.4014 I0.35 J-0.1651
X6.1063 Y-3.8191 I0.4801 J-0.0024
G1 X6.1182 Y-3.823
X6.1304 Y-3.8255
X6.1429 Y-3.8262
X6.2673 Y-3.8235
G3 X6.2899 Y-3.8053 I-0.0014 J0.025
X6.2887 Y-3.7884 I-0.024 J0.0068 F300.
G1 X6.0101 Y-3.1564
G3 X6.0026 Y-3.1468 I-0.0229 J-0.0101
X5.9737 Y-3.1454 I-0.0154 J-0.0197 F50.
G1 X5.9042 Y-3.1936
G3 X5.8496 Y-3.2637 I0.1084 J-0.1407
X5.818 Y-3.392 I0.3038 J-0.1428
X5.876 Y-3.6519 I0.489 J-0.0273
X6.0077 Y-3.8144 I0.4563 J0.2353
X6.0563 Y-3.8281 I0.0476 J0.0758
G1 X6.1429 Y-3.8262
G3 X6.1655 Y-3.8081 I-0.0014 J0.025
X6.1649 Y-3.7923 I-0.024 J0.0068 F300.
G1 X5.9411 Y-3.2057
G3 X5.9332 Y-3.195 I-0.0234 J-0.0089
X5.9042 Y-3.1936 I-0.0154 J-0.0197 F50.
G1 X5.8878 Y-3.205
X5.8713 Y-3.2157
X5.8504 Y-3.2291
G3 X5.796 Y-3.2984 I0.0908 J-0.1273
X5.7687 Y-3.4198 I0.2849 J-0.128
X5.8084 Y-3.6331 I0.4908 J-0.0189
X5.9224 Y-3.8079 I0.513 J0.21
X5.9869 Y-3.8314 I0.0593 J0.0626
G2 X6.0563 Y-3.828 I0.099 J-1.3136
G1 X6.0602 Y-3.8275
X6.0639 Y-3.8264
X6.0674 Y-3.8248
X6.0705 Y-3.8226
X6.0734 Y-3.82
X6.0757 Y-3.8169
X6.0776 Y-3.8136
X6.079 Y-3.8099
G3 X6.0786 Y-3.7949 I-0.024 J0.0068 F300.
G1 X5.8868 Y-3.2424
G3 X5.8793 Y-3.2315 I-0.0236 J-0.0082
X5.8504 Y-3.2291 I-0.0162 J-0.0191 F50.
G1 X5.7973 Y-3.2631
G3 X5.7461 Y-3.3285 I0.0856 J-0.1198
X5.7205 Y-3.4445 I0.2721 J-0.1209
X5.741 Y-3.6014 I0.4698 J-0.0183
X5.8479 Y-3.8042 I0.5493 J0.1598
G1 X5.8526 Y-3.8089
G3 X5.92 Y-3.8356 I0.0621 J0.0581
G1 X5.9869 Y-3.8314
G3 X6.0087 Y-3.8124 I-0.0024 J0.0249
X6.0081 Y-3.7986 I-0.0243 J0.0058 F300.
G1 X5.8338 Y-3.2767
G3 X5.8262 Y-3.2655 I-0.0237 J-0.0079
X5.7973 Y-3.2631 I-0.0162 J-0.0191 F50.
G1 X5.748 Y-3.2947
G3 X5.6972 Y-3.3591 I0.0805 J-0.1158
X5.6729 Y-3.4708 I0.2623 J-0.1155
X5.6944 Y-3.629 I0.4736 J-0.0163
X5.7796 Y-3.8024 I0.5305 J0.1529
G1 X5.786 Y-3.8096
G3 X5.8564 Y-3.8396 I0.065 J0.0548
G1 X5.92 Y-3.8356
G3 X5.9419 Y-3.8166 I-0.0024 J0.0249
X5.9414 Y-3.8032 I-0.0243 J0.0058 F300.
G1 X5.7846 Y-3.3086
G3 X5.7769 Y-3.2971 I-0.0238 J-0.0076
X5.748 Y-3.2947 I-0.0162 J-0.0191 F50.
G1 X5.6987 Y-3.3262
G3 X5.6493 Y-3.389 I0.0785 J-0.1125
X5.6259 Y-3.4979 I0.256 J-0.1121
X5.6478 Y-3.6569 I0.4764 J-0.0152
X5.7135 Y-3.7992 I0.4894 J0.1396
X5.7494 Y-3.8334 I0.0956 J0.0644
G1 X5.7639 Y-3.8396
X5.7794 Y-3.843
X5.7952 Y-3.8435
X5.8564 Y-3.8396
G3 X5.8783 Y-3.8206 I-0.0024 J0.0249
X5.8779 Y-3.8075 I-0.0243 J0.0058 F300.
G1 X5.7353 Y-3.3405
G3 X5.7276 Y-3.3287 I-0.0239 J-0.0073
X5.6987 Y-3.3262 I-0.0162 J-0.0191 F50.
G1 X5.6494 Y-3.3578
G3 X5.602 Y-3.4189 I0.0784 J-0.1097
X5.5791 Y-3.5262 I0.2527 J-0.1099
X5.601 Y-3.6837 I0.4739 J-0.0145
X5.6572 Y-3.8065 I0.422 J0.1189
X5.6902 Y-3.8372 I0.084 J0.0572
G1 X5.7047 Y-3.8434
X5.7201 Y-3.8468
X5.7359 Y-3.8473
X5.7952 Y-3.8435
G3 X5.8171 Y-3.8245 I-0.0024 J0.0249
X5.8167 Y-3.8115 I-0.0243 J0.0058 F300.
G1 X5.6861 Y-3.3722
G3 X5.6783 Y-3.3603 I-0.024 J-0.0071
X5.6494 Y-3.3578 I-0.0162 J-0.0191 F50.
G1 X5.6412 Y-3.3631
X5.6154 Y-3.3794
X5.6045 Y-3.3858
G3 X5.5577 Y-3.4424 I0.07 J-0.1056
X5.533 Y-3.5445 I0.2373 J-0.1115
X5.5834 Y-3.7825 I0.4723 J-0.0242
X5.6164 Y-3.8297 I0.1645 J0.0797
X5.6816 Y-3.8509 I0.0571 J0.065
G1 X5.6905 Y-3.8501
X5.7359 Y-3.8473
G3 X5.7578 Y-3.8282 I-0.0024 J0.0249
X5.7575 Y-3.8156 I-0.0243 J0.0058 F300.
G1 X5.6405 Y-3.4009
G3 X5.6333 Y-3.3893 I-0.0241 J-0.0068
X5.6045 Y-3.3858 I-0.0168 J-0.0185 F50.
G1 X5.5596 Y-3.4122
G3 X5.5111 Y-3.47 I0.069 J-0.1071
X5.4864 Y-3.5709 I0.2354 J-0.1111
X5.5374 Y-3.8035 I0.4323 J-0.0273
X5.5621 Y-3.8352 I0.1239 J0.0712
X5.6276 Y-3.8564 I0.0567 J0.0633
G1 X5.6576 Y-3.8532
X5.6816 Y-3.8508
G3 X5.7028 Y-3.831 I-0.0033 J0.0248
X5.7024 Y-3.8195 I-0.0245 J0.005 F300.
G1 X5.5956 Y-3.4276
G3 X5.5883 Y-3.4157 I-0.0241 J-0.0066
X5.5715 Y-3.4092 I-0.0168 J-0.0185 F50.
X5.5596 Y-3.4122 I0. J-0.025
G1 X5.5133 Y-3.4395
G3 X5.4646 Y-3.4972 I0.0689 J-0.1073
X5.4392 Y-3.6176 I0.2474 J-0.1151
X5.4854 Y-3.8109 I0.3906 J-0.0089
X5.5087 Y-3.8407 I0.1126 J0.064
X5.5743 Y-3.862 I0.0567 J0.0633
G1 X5.6276 Y-3.8564
G3 X5.6487 Y-3.8364 I-0.0035 J0.0248
X5.6483 Y-3.8251 I-0.0245 J0.0048 F300.
G1 X5.5493 Y-3.455
G3 X5.542 Y-3.443 I-0.0242 J-0.0065
X5.5133 Y-3.4395 I-0.0168 J-0.0185 F50.
G1 X5.4649 Y-3.468
G3 X5.4178 Y-3.5252 I0.0712 J-0.1066
X5.393 Y-3.644 I0.2447 J-0.1129
X5.4352 Y-3.8193 I0.3544 J-0.0075
X5.4655 Y-3.8532 I0.1022 J0.0611
X5.5222 Y-3.8674 I0.0478 J0.0703
G1 X5.5743 Y-3.862
G3 X5.5953 Y-3.842 I-0.0035 J0.0248
X5.5949 Y-3.8307 I-0.0245 J0.0048 F300.
G1 X5.5009 Y-3.4834
G3 X5.4937 Y-3.4715 I-0.0241 J-0.0065
X5.4649 Y-3.468 I-0.0168 J-0.0185 F50.
G1 X5.42 Y-3.4944
G3 X5.3718 Y-3.5518 I0.0684 J-0.1066
X5.3474 Y-3.6656 I0.2342 J-0.1097
X5.3855 Y-3.8264 I0.3218 J-0.0087
X5.4144 Y-3.8584 I0.0969 J0.0585
X5.4713 Y-3.8728 I0.048 J0.0702
G1 X5.5222 Y-3.8674
G3 X5.5433 Y-3.8475 I-0.0035 J0.0248
X5.5429 Y-3.8362 I-0.0245 J0.0048 F300.
G1 X5.4561 Y-3.51
G3 X5.4488 Y-3.4979 I-0.0242 J-0.0064
X5.42 Y-3.4944 I-0.0168 J-0.0185 F50.
G1 X5.3736 Y-3.5218
G3 X5.3215 Y-3.5885 I0.0719 J-0.1098
X5.3024 Y-3.6876 I0.2302 J-0.0958
X5.3373 Y-3.8339 I0.2906 J-0.008
X5.3647 Y-3.8636 I0.0899 J0.0553
X5.4215 Y-3.878 I0.048 J0.0702
G1 X5.4713 Y-3.8728
G3 X5.4923 Y-3.8528 I-0.0035 J0.0248
X5.4919 Y-3.8415 I-0.0245 J0.0048 F300.
G1 X5.4096 Y-3.5372
G3 X5.4023 Y-3.5253 I-0.0241 J-0.0065
X5.3736 Y-3.5218 I-0.0168 J-0.0185 F50.
G2 X5.3288 Y-3.5471 I-0.5576 J0.9324
G3 X5.2781 Y-3.6096 I0.0661 J-0.1054
X5.2583 Y-3.7179 I0.2216 J-0.0964
X5.2938 Y-3.8467 I0.2517 J0.0001
X5.3578 Y-3.8833 I0.071 J0.0498
G1 X5.373 Y-3.8831
X5.4215 Y-3.878
G3 X5.4426 Y-3.8581 I-0.0035 J0.0248
X5.4421 Y-3.8466 I-0.0245 J0.0048 F300.
G1 X5.364 Y-3.5629
G3 X5.3574 Y-3.5517 I-0.0241 J-0.0066
X5.3288 Y-3.5471 I-0.0175 J-0.0178 F50.
G1 X5.2831 Y-3.5718
G3 X5.2332 Y-3.6345 I0.0669 J-0.1046
X5.216 Y-3.7531 I0.2183 J-0.0921
X5.2508 Y-3.8575 I0.2117 J0.0126
X5.3143 Y-3.8888 I0.0666 J0.0551
G1 X5.3288 Y-3.8879
X5.337 Y-3.8869
X5.3617 Y-3.8843
X5.373 Y-3.8831
G3 X5.3941 Y-3.8631 I-0.0035 J0.0248
X5.3936 Y-3.8515 I-0.0245 J0.0048 F300.
G1 X5.3183 Y-3.5873
G3 X5.3118 Y-3.5764 I-0.024 J-0.0069
X5.2831 Y-3.5718 I-0.0175 J-0.0178 F50.
G1 X5.2408 Y-3.5947
G3 X5.1909 Y-3.6545 I0.0615 J-0.102
X5.1746 Y-3.7774 I0.2051 J-0.0897
X5.1995 Y-3.854 I0.1943 J0.0207
X5.2848 Y-3.8944 I0.0731 J0.0442
G1 X5.3288 Y-3.8879
G3 X5.349 Y-3.8671 I-0.0045 J0.0246
X5.3483 Y-3.8563 I-0.0247 J0.0038 F300.
G1 X5.2759 Y-3.61
G3 X5.2694 Y-3.5992 I-0.024 J-0.007
X5.2408 Y-3.5947 I-0.0175 J-0.0178 F50.
G1 X5.1972 Y-3.6182
G3 X5.1481 Y-3.6771 I0.0595 J-0.0995
X5.1558 Y-3.8609 I0.1946 J-0.0839
X5.227 Y-3.9017 I0.0737 J0.046
G1 X5.2412 Y-3.9008
X5.2848 Y-3.8944
G3 X5.305 Y-3.8736 I-0.0045 J0.0246
X5.3042 Y-3.8623 I-0.0247 J0.0038 F300.
G1 X5.2322 Y-3.6331
G3 X5.2259 Y-3.6228 I-0.0239 J-0.0075
X5.1972 Y-3.6182 I-0.0175 J-0.0178 F50.
G1 X5.1525 Y-3.6423
G3 X5.1058 Y-3.7007 I0.0598 J-0.0958
X5.112 Y-3.8646 I0.1814 J-0.0752
X5.1841 Y-3.9079 I0.0749 J0.0429
G1 X5.1987 Y-3.907
X5.2412 Y-3.9008
G3 X5.2614 Y-3.88 I-0.0045 J0.0246
X5.2603 Y-3.868 I-0.0247 J0.0038 F300.
G1 X5.1873 Y-3.6566
G3 X5.1812 Y-3.6469 I-0.0236 J-0.0082
X5.1525 Y-3.6423 I-0.0175 J-0.0178 F50.
G1 X5.1106 Y-3.665
G3 X5.0653 Y-3.7224 I0.0576 J-0.092
X5.0714 Y-3.8717 I0.1678 J-0.0679
X5.1573 Y-3.9132 I0.0739 J0.0433
G1 X5.1987 Y-3.907
G3 X5.2189 Y-3.8862 I-0.0045 J0.0246
X5.2177 Y-3.8737 I-0.0247 J0.0038 F300.
G1 X5.1451 Y-3.6787
G3 X5.1392 Y-3.6696 I-0.0234 J-0.0087
X5.1106 Y-3.665 I-0.0175 J-0.0178 F50.
G1 X5.0822 Y-3.6803
X5.0739 Y-3.6846
X5.0715 Y-3.6859
G3 X5.027 Y-3.7408 I0.0517 J-0.0873
X5.0324 Y-3.879 I0.1539 J-0.0633
X5.1155 Y-3.9193 I0.0714 J0.0414
G1 X5.1573 Y-3.9131
G3 X5.1776 Y-3.8923 I-0.0045 J0.0246
X5.1761 Y-3.8794 I-0.0247 J0.0038 F300.
G1 X5.1052 Y-3.6994
X5.1038 Y-3.6965
X5.1021 Y-3.6937
X5.0999 Y-3.6912
G3 X5.0715 Y-3.6859 I-0.018 J-0.0174 F50.
G1 X5.0657 Y-3.6888
X5.0411 Y-3.7009
X5.0345 Y-3.7041
G3 X4.9903 Y-3.7567 I0.0472 J-0.0845
X4.9911 Y-3.8792 I0.1435 J-0.0603
X5.0778 Y-3.9248 I0.0747 J0.0368
G1 X5.1155 Y-3.9193
G3 X5.1357 Y-3.8985 I-0.0045 J0.0246
X5.1342 Y-3.8855 I-0.0247 J0.0038 F300.
G1 X5.068 Y-3.7177
X5.0667 Y-3.7148
X5.065 Y-3.7122
X5.0629 Y-3.7097
G3 X5.0345 Y-3.7041 I-0.0182 J-0.0172 F50.
G1 X4.9962 Y-3.723
G3 X4.9561 Y-3.7687 I0.044 J-0.079
X4.9531 Y-3.882 I0.1305 J-0.0601
X5.041 Y-3.9302 I0.0759 J0.0341
G1 X5.0778 Y-3.9248
G3 X5.098 Y-3.904 I-0.0045 J0.0246
X5.0962 Y-3.8903 I-0.0247 J0.0038 F300.
G1 X5.0294 Y-3.7359
X5.0281 Y-3.7333
X5.0265 Y-3.7308
X5.0246 Y-3.7286
G3 X4.9962 Y-3.723 I-0.0182 J-0.0172 F50.
G1 X4.9597 Y-3.741
G3 X4.9158 Y-3.7992 I0.0461 J-0.0805
X4.9195 Y-3.8912 I0.122 J-0.0411
X5.003 Y-3.9358 I0.0714 J0.0331
X5.0231 Y-3.9149 I-0.0047 J0.0246
G1 X5.0233 Y-3.9121 F300.
Y-3.9093
X5.0229 Y-3.9066
X4.9946 Y-3.759
G3 X4.9882 Y-3.7466 I-0.0246 J-0.0047
X4.9597 Y-3.741 I-0.0182 J-0.0172 F50.
G1 X4.9235 Y-3.7588
G3 X4.8858 Y-3.8042 I0.0407 J-0.0721
X4.8853 Y-3.8967 I0.1135 J-0.0469
X4.9701 Y-3.9415 I0.0705 J0.0308
X4.9895 Y-3.9199 I-0.0055 J0.0244
G1 X4.9896 Y-3.9171 F300.
X4.9895 Y-3.9143
X4.989 Y-3.9115
X4.9581 Y-3.7761
G3 X4.9519 Y-3.7645 I-0.0244 J-0.0056
X4.9235 Y-3.7588 I-0.0182 J-0.0172 F50.
G1 X4.8906 Y-3.7751
G3 X4.8495 Y-3.8321 I0.0411 J-0.073
X4.8588 Y-3.9146 I0.1027 J-0.0302
X4.9072 Y-3.9475 I0.065 J0.0436
G1 X4.9221 Y-3.9491
X4.937 Y-3.9478
G3 X4.9563 Y-3.9262 I-0.0055 J0.0244
G1 X4.9565 Y-3.9233 F300.
X4.9563 Y-3.9203
X4.9558 Y-3.9175
X4.9251 Y-3.7919
G3 X4.919 Y-3.7807 I-0.0243 J-0.0059
X4.8906 Y-3.7751 I-0.0182 J-0.0172 F50.
G1 X4.8574 Y-3.7914
G3 X4.8212 Y-3.8373 I0.0369 J-0.0663
X4.8168 Y-3.8692 I0.0714 J-0.0263
X4.8357 Y-3.8911 I0.0249 J0.0024
X4.864 Y-3.8779 I0.0059 J0.0243 F300.
G1 X4.8901 Y-3.8253
G3 X4.8858 Y-3.797 I-0.0224 J0.0111
X4.8574 Y-3.7914 I-0.0182 J-0.0172 F50.
G1 X4.852 Y-3.7941
X4.8486 Y-3.7959
X4.8453 Y-3.7985
X4.8232 Y-3.8187
G3 X4.8142 Y-3.8396 I0.0161 J-0.0194
G1 X4.8164 Y-3.8642
X4.817 Y-3.8724
X4.8173 Y-3.8807
G3 X4.866 Y-3.9509 I0.0759 J0.0007
G1 X4.8788 Y-3.9541
X4.8918 Y-3.9551
X4.9049 Y-3.9539
G3 X4.9242 Y-3.9323 I-0.0055 J0.0244
X4.9157 Y-3.9105 I-0.0248 J0.0028 F300.
G1 X4.8586 Y-3.8615
G3 X4.8339 Y-3.8569 I-0.0163 J-0.019
X4.8173 Y-3.8807 I0.0084 J-0.0235 F50.
G1 X4.8177 Y-3.8889
X4.8176 Y-3.8971
X4.8167 Y-3.9149
Y-3.9209
X4.8174 Y-3.9269
G3 X4.8702 Y-3.9604 I0.0443 J0.0113
X4.8955 Y-3.9438 I-0.0095 J0.0419
X4.9035 Y-3.9144 I-0.0347 J0.0253 F300.
X4.8296 Y-3.8875 I-0.0434 J-0.0042
X4.8167 Y-3.9149 I0.0305 J-0.0311 F50.
G1 X4.8156 Y-3.9382
Y-3.9394
Y-3.941
X4.8157 Y-3.9422
X4.8158 Y-3.9435
X4.816 Y-3.9447
G3 X4.8401 Y-3.9568 I0.0169 J0.0036
X4.8367 Y-3.9242 I-0.0072 J0.0157 F300.
X4.8165 Y-3.9357 I-0.0038 J-0.0169 F50.
G1 X4.8159 Y-3.9383
X4.8156 Y-3.941
Y-3.9423
X4.8163 Y-3.9464
G3 X4.8519 Y-3.9637 I0.0254 J0.007
G1 X4.9753 Y-3.9405
X5.0013 Y-3.9361
X5.0082 Y-3.9351
X5.041 Y-3.9302
G3 X5.0546 Y-3.9229 I-0.0045 J0.0246
G1 X5.0652 Y-3.9119
G2 X5.1962 Y-3.7982 I0.7729 J-0.7579 F300.
X5.2093 Y-3.7934 I0.0148 J-0.0201
G1 X6.3351 Y-3.7124
G2 X6.3487 Y-3.7153 I0.0018 J-0.0249
X6.4943 Y-3.8089 I-0.5105 J-0.9546
G1 X6.5067 Y-3.8184 F50.
G3 X6.5207 Y-3.8237 I0.0154 J0.0197
G1 X6.6029 Y-3.8254
G3 X6.692 Y-3.8001 I-0.003 J0.1801
X6.7963 Y-3.7117 I-0.1684 J0.3043
X6.9022 Y-3.4842 I-0.3959 J0.3228
X6.8851 Y-3.2005 I-0.5378 J0.1098
G1 X6.8811 Y-3.191
G3 X6.8248 Y-3.1404 I-0.079 J-0.0313
G1 X6.8167 Y-3.1382
X6.8085 Y-3.1358
X6.7626 Y-3.1221
G3 X6.7355 Y-3.1324 I-0.0063 J-0.0242
G1 X6.734 Y-3.135 F300.
X6.7328 Y-3.1377
X6.7319 Y-3.1406
X6.58 Y-3.7947
G3 X6.5803 Y-3.8073 I0.0244 J-0.0057
X6.6029 Y-3.8254 I0.024 J0.0069 F50.
G1 X6.6769 Y-3.8268
G3 X6.7657 Y-3.7975 I-0.0063 J0.168
X6.8489 Y-3.7234 I-0.1689 J0.2735
X6.9397 Y-3.5527 I-0.3898 J0.3169
X6.953 Y-3.2442 I-0.5623 J0.1788
X6.9308 Y-3.186 I-0.2044 J-0.0444
X6.8733 Y-3.1498 I-0.0713 J-0.0496
G2 X6.8248 Y-3.1405 I0.0338 J0.308
G1 X6.821 Y-3.1399
X6.8171
X6.8133 Y-3.1404
X6.8096 Y-3.1416
X6.8062 Y-3.1433
X6.803 Y-3.1455
X6.8002 Y-3.1482
X6.7979 Y-3.1513
X6.7965 Y-3.1538 F300.
X6.7953 Y-3.1565
X6.7945 Y-3.1594
X6.6539 Y-3.7965
G3 X6.6543 Y-3.8087 I0.0244 J-0.0054
X6.6769 Y-3.8268 I0.024 J0.0069 F50.
G1 X6.718 Y-3.8276
X6.7263 Y-3.8279
X6.739 Y-3.8285
G3 X6.8195 Y-3.8044 I-0.0006 J0.1488
X6.9096 Y-3.723 I-0.1562 J0.2634
X6.9879 Y-3.5762 I-0.3924 J0.3036
X7.0109 Y-3.259 I-0.5836 J0.2017
X6.9928 Y-3.2047 I-0.2844 J-0.0643
X6.9296 Y-3.1586 I-0.0763 J-0.0381
G1 X6.8733 Y-3.1498
G3 X6.8479 Y-3.1637 I-0.003 J-0.0248
G1 X6.8467 Y-3.1666 F300.
X6.8459 Y-3.1696
X6.7166 Y-3.7985
G3 X6.7168 Y-3.8098 I0.0245 J-0.005
X6.739 Y-3.8285 I0.0242 J0.0062 F50.
G1 X6.7509 Y-3.8291
X6.7965 Y-3.8319
G3 X6.8746 Y-3.8099 I0.0024 J0.141
X6.9619 Y-3.7321 I-0.1468 J0.2528
X7.0397 Y-3.5884 I-0.3866 J0.3021
X7.0709 Y-3.2917 I-0.6025 J0.2132
X7.0541 Y-3.226 I-0.3155 J-0.0454
X7.0287 Y-3.185 I-0.1042 J-0.0361
X6.9729 Y-3.1624 I-0.0573 J-0.0613
G2 X6.9296 Y-3.1586 I0.0035 J0.2905
G1 X6.9257 Y-3.1584
X6.9219 Y-3.1589
X6.9182 Y-3.1599
X6.9146 Y-3.1615
X6.9114 Y-3.1636
X6.9085 Y-3.1662
X6.9061 Y-3.1691
X6.9041 Y-3.1725
X6.903 Y-3.1754 F300.
X6.9021 Y-3.1784
X6.7744 Y-3.802
G3 X6.7746 Y-3.8129 I0.0245 J-0.005
X6.7965 Y-3.8319 I0.0243 J0.0059 F50.
G1 X6.8578 Y-3.8356
G3 X6.9342 Y-3.8122 I-0.0013 J0.1406
X7.0195 Y-3.7339 I-0.1499 J0.2489
X7.0854 Y-3.6165 I-0.376 J0.2883
X7.1282 Y-3.3159 I-0.602 J0.2391
X7.1079 Y-3.2286 I-0.3514 J-0.0358
X7.0785 Y-3.1834 I-0.1083 J-0.0384
X7.0247 Y-3.1632 I-0.0556 J-0.0663
G1 X6.9729 Y-3.1624
G3 X6.9496 Y-3.1796 I0.0005 J-0.025
G1 X6.9487 Y-3.1829 F300.
X6.8356 Y-3.8063
G3 X6.8359 Y-3.8166 I0.0246 J-0.0045
X6.8578 Y-3.8356 I0.0243 J0.0059 F50.
G1 X6.9116 Y-3.8389
G3 X6.9875 Y-3.8176 I0.0029 J0.1353
X7.0712 Y-3.7426 I-0.1419 J0.2427
X7.1484 Y-3.5983 I-0.3886 J0.3008
X7.1837 Y-3.3283 I-0.6158 J0.2176
X7.1628 Y-3.2337 I-0.3754 J-0.033
X7.1476 Y-3.2025 I-0.1965 J-0.077
X7.0715 Y-3.1632 I-0.0714 J-0.0449
G1 X7.0551 Y-3.1636
X7.0469
X7.0247 Y-3.1633
G3 X7.0014 Y-3.1805 I0.0005 J-0.025
G1 X7.0005 Y-3.1839 F300.
X6.8894 Y-3.8097
G3 X6.8897 Y-3.8199 I0.0246 J-0.0044
X6.9116 Y-3.8389 I0.0243 J0.0059 F50.
G1 X6.9692 Y-3.8424
G3 X7.0437 Y-3.8209 I0.0016 J0.1344
X7.126 Y-3.7469 I-0.1407 J0.2391
X7.1921 Y-3.6316 I-0.3681 J0.2874
X7.2383 Y-3.3323 I-0.6019 J0.2461
X7.2117 Y-3.2231 I-0.3678 J-0.0315
X7.195 Y-3.1936 I-0.1858 J-0.0858
X7.1155 Y-3.1584 I-0.0693 J-0.0492
G1 X7.0797 Y-3.1627
X7.0715 Y-3.1632
G3 X7.0495 Y-3.182 I0.0022 J-0.0249
G1 X7.0491 Y-3.1841 F300.
X6.9469 Y-3.8136
G3 X6.9473 Y-3.8234 I0.0247 J-0.004
X6.9692 Y-3.8424 I0.0243 J0.0059 F50.
G1 X7.0267 Y-3.846
G3 X7.1005 Y-3.8238 I-0.0002 J0.1344
X7.1825 Y-3.7488 I-0.1434 J0.2393
X7.2485 Y-3.6316 I-0.3753 J0.2882
X7.2924 Y-3.3316 I-0.6004 J0.2413
X7.2633 Y-3.2183 I-0.379 J-0.0369
X7.2449 Y-3.1868 I-0.193 J-0.092
X7.165 Y-3.1524 I-0.0688 J-0.0499
G1 X7.1537 Y-3.1538
X7.1155 Y-3.1584
G3 X7.0948 Y-3.1787 I0.0039 J-0.0247
G1 X7.0946 Y-3.1796 F300.
X7.0044 Y-3.8176
X7.0041 Y-3.8207
X7.0043 Y-3.8239
X7.0048 Y-3.827
G3 X7.0267 Y-3.846 I0.0243 J0.0059 F50.
G1 X7.0715 Y-3.8487
X7.0797 Y-3.8493
G3 X7.1513 Y-3.83 I0.0041 J0.1268
X7.2323 Y-3.7592 I-0.1319 J0.2329
X7.3097 Y-3.6188 I-0.3767 J0.2991
X7.3451 Y-3.3182 I-0.604 J0.2235
X7.3127 Y-3.2076 I-0.3761 J-0.05
X7.2827 Y-3.165 I-0.1419 J-0.0681
X7.2046 Y-3.1449 I-0.0577 J-0.0624
G1 X7.1866 Y-3.1493
X7.1784 Y-3.1506
X7.165 Y-3.1524
G3 X7.1445 Y-3.1728 I0.0041 J-0.0247
G1 X7.1444 Y-3.1737 F300.
X7.0582 Y-3.8212
X7.058 Y-3.824
X7.0581 Y-3.8268
X7.0585 Y-3.8295
G3 X7.0797 Y-3.8493 I0.0245 J0.005 F50.
G1 X7.1044 Y-3.8517
X7.1291 Y-3.8542
G3 X7.2023 Y-3.8365 I0.0083 J0.1258
X7.2823 Y-3.7692 I-0.1244 J0.2291
X7.3603 Y-3.6337 I-0.3606 J0.2977
X7.4007 Y-3.3288 I-0.6072 J0.2355
X7.3673 Y-3.2065 I-0.408 J-0.0457
X7.3347 Y-3.1571 I-0.1894 J-0.0895
X7.2509 Y-3.1328 I-0.0622 J-0.0579
G1 X7.2113 Y-3.1432
X7.2046 Y-3.1449
G3 X7.1866 Y-3.166 I0.0068 J-0.024
G1 X7.1864 Y-3.1675
X7.1077 Y-3.8265 F300.
X7.1075 Y-3.8304
X7.108 Y-3.8343
G3 X7.1291 Y-3.8542 I0.0245 J0.0049 F50.
G1 X7.1829 Y-3.8598
G3 X7.2558 Y-3.842 I0.0077 J0.1268
X7.336 Y-3.775 I-0.1243 J0.23
X7.4026 Y-3.6675 I-0.3403 J0.2854
X7.4555 Y-3.3317 I-0.5975 J0.2662
X7.4196 Y-3.1994 I-0.4294 J-0.0453
X7.3786 Y-3.1395 I-0.1932 J-0.0884
X7.2935 Y-3.1213 I-0.0571 J-0.0589
G1 X7.2852 Y-3.1238
X7.2509 Y-3.1328
G3 X7.2332 Y-3.1541 I0.0072 J-0.0239
G1 X7.2331 Y-3.1557
X7.1615 Y-3.8324 F300.
X7.1614 Y-3.8361
X7.1618 Y-3.8399
G3 X7.1829 Y-3.8598 I0.0245 J0.0049 F50.
G1 X7.2359 Y-3.8652
G3 X7.3096 Y-3.8475 I0.0083 J0.1274
X7.3899 Y-3.7805 I-0.1244 J0.2308
X7.4569 Y-3.6728 I-0.342 J0.2874
X7.513 Y-3.436 I-0.5925 J0.2655
X7.4947 Y-3.2518 I-0.5676 J0.0364
X7.4499 Y-3.1525 I-0.3381 J-0.0925
X7.4094 Y-3.111 I-0.1277 J-0.0842
X7.3484 Y-3.1012 I-0.0434 J-0.0756
G1 X7.3334 Y-3.1059
X7.3181 Y-3.1123
X7.3099 Y-3.1153
X7.2935 Y-3.1213
G3 X7.2779 Y-3.1422 I0.0094 J-0.0232
G1 X7.2776 Y-3.1457
X7.2145 Y-3.8382 F300.
X7.2144 Y-3.8418
X7.2148 Y-3.8453
G3 X7.2359 Y-3.8652 I0.0245 J0.0049 F50.
G1 X7.2898 Y-3.8708
G3 X7.3635 Y-3.8531 I0.0083 J0.1278
X7.4441 Y-3.7858 I-0.1248 J0.2317
X7.5114 Y-3.6778 I-0.3426 J0.2882
X7.5678 Y-3.4408 I-0.5964 J0.2673
X7.5493 Y-3.249 I-0.5953 J0.0395
X7.5013 Y-3.1407 I-0.3695 J-0.0989
X7.4639 Y-3.099 I-0.1697 J-0.1144
X7.3785 Y-3.0871 I-0.0528 J-0.0666
G1 X7.3334 Y-3.1059
G3 X7.3189 Y-3.1269 I0.0104 J-0.0227
G1 X7.3186 Y-3.131
X7.2683 Y-3.8442 F300.
X7.2682 Y-3.8476
X7.2687 Y-3.8509
G3 X7.2898 Y-3.8708 I0.0245 J0.0049 F50.
G1 X7.3453 Y-3.8765
G3 X7.4175 Y-3.8586 I0.0066 J0.1284
X7.4984 Y-3.7912 I-0.1253 J0.2327
X7.5658 Y-3.6829 I-0.3437 J0.2893
X7.6226 Y-3.4455 I-0.6012 J0.2694
X7.6043 Y-3.246 I-0.6265 J0.0429
X7.5518 Y-3.1264 I-0.4002 J-0.1042
X7.505 Y-3.0758 I-0.1792 J-0.1189
X7.4153 Y-3.07 I-0.0495 J-0.0691
G1 X7.4003 Y-3.078
X7.3873 Y-3.0835
X7.3785 Y-3.0871
G3 X7.364 Y-3.1085 I0.0104 J-0.0227
G1 X7.3638 Y-3.1122
X7.3237 Y-3.8504 F300.
X7.3238 Y-3.8535
X7.3242 Y-3.8566
G3 X7.3453 Y-3.8765 I0.0245 J0.0049 F50.
G1 X7.4003 Y-3.8821
G3 X7.4731 Y-3.8634 I0.0054 J0.1296
X7.5549 Y-3.794 I-0.1293 J0.2353
X7.6223 Y-3.6836 I-0.3512 J0.2905
X7.6781 Y-3.4431 I-0.6141 J0.2691
X7.6583 Y-3.2383 I-0.6563 J0.0399
G1 X7.65 Y-3.2111
G3 X7.6264 Y-3.1748 I-0.0813 J-0.0271
G2 X7.5894 Y-3.1385 I0.2934 J0.3359
G1 X7.5154 Y-3.0599
X7.5144 Y-3.0588
X7.5132 Y-3.0576
G3 X7.4807 Y-3.0448 I-0.0288 J-0.0256
X7.4595 Y-3.0646 I0.0033 J-0.0248
X7.4741 Y-3.0925 I0.0245 J-0.005 F300.
G1 X7.4846 Y-3.097
G3 X7.5162 Y-3.0864 I0.0099 J0.0229
X7.5132 Y-3.0576 I-0.0218 J0.0123 F50.
X7.499 Y-3.0458 I-0.0281 J-0.0195
G1 X7.4949 Y-3.0446
X7.4908 Y-3.0441
G3 X7.4537 Y-3.0481 I0.0125 J-0.2878
G2 X7.4153 Y-3.07 I-0.9364 J1.5939
G1 X7.4124 Y-3.0721
X7.4097 Y-3.0745
X7.4074 Y-3.0773
X7.4056 Y-3.0804
X7.4042 Y-3.0837
X7.4033 Y-3.0872
X7.4029 Y-3.0908
X7.4027 Y-3.0964
X7.3788 Y-3.8566 F300.
X7.3789 Y-3.8594
X7.3793 Y-3.8622
G3 X7.4003 Y-3.8821 I0.0245 J0.0048 F50.
G1 X7.425 Y-3.8848
X7.4332 Y-3.8857
X7.4497 Y-3.8882
G3 X7.5205 Y-3.8729 I0.0107 J0.1221
X7.6012 Y-3.809 I-0.1153 J0.2285
X7.6815 Y-3.678 I-0.3457 J0.3023
X7.7339 Y-3.4346 I-0.6365 J0.2643
X7.7249 Y-3.2871 I-0.6995 J0.0314
X7.6985 Y-3.2402 I-0.084 J-0.0164
G1 X7.6264 Y-3.1748
G3 X7.5975 Y-3.1724 I-0.0161 J-0.0191
X7.5859 Y-3.1882 I0.0127 J-0.0215 F300.
G1 X7.4299 Y-3.8579
X7.4294 Y-3.861
X7.4292 Y-3.8642
X7.4295 Y-3.8673
G3 X7.4497 Y-3.8882 I0.0247 J0.0037 F50.
G1 X7.4661 Y-3.8906
X7.499 Y-3.8954
G3 X7.5719 Y-3.8808 I0.0132 J0.1234
X7.6521 Y-3.8187 I-0.1121 J0.2278
X7.721 Y-3.7163 I-0.3217 J0.291
X7.7815 Y-3.5187 I-0.5812 J0.2858
X7.7882 Y-3.3534 I-0.7418 J0.1129
X7.7564 Y-3.2922 I-0.0852 J-0.0055
G1 X7.7522 Y-3.289
X7.6985 Y-3.2402
G3 X7.6696 Y-3.2378 I-0.0161 J-0.0191
X7.6584 Y-3.2523 I0.0127 J-0.0215 F300.
G1 X7.4794 Y-3.8638
G3 X7.4787 Y-3.8746 I0.024 J-0.007
X7.499 Y-3.8954 I0.0247 J0.0039 F50.
G1 X7.5528 Y-3.9032
G3 X7.6342 Y-3.8834 I0.0111 J0.1314
X7.7191 Y-3.8102 I-0.134 J0.2414
X7.7882 Y-3.695 I-0.3663 J0.2981
X7.8409 Y-3.4892 I-0.6314 J0.2711
X7.8446 Y-3.3964 I-0.5543 J0.0685
X7.8116 Y-3.3352 I-0.0858 J-0.0067
G1 X7.7703 Y-3.3032
X7.762 Y-3.2968
X7.7564 Y-3.2922
G3 X7.7274 Y-3.2916 I-0.0149 J-0.0201
X7.7177 Y-3.3046 I0.0141 J-0.0207 F300.
G1 X7.5335 Y-3.8708
G3 X7.5326 Y-3.8824 I0.0238 J-0.0077
X7.5528 Y-3.9032 I0.0247 J0.0039 F50.
G1 X7.6058 Y-3.9109
G3 X7.6776 Y-3.8961 I0.0115 J0.1257
X7.7593 Y-3.8331 I-0.1138 J0.2323
X7.8295 Y-3.7294 I-0.3264 J0.2964
X7.8914 Y-3.5294 I-0.5912 J0.2927
G1 X7.8963 Y-3.4935
X7.8983 Y-3.4684
X7.8987 Y-3.4501
X7.8984 Y-3.4414
G3 X7.8654 Y-3.3768 I-0.085 J-0.0027
G1 X7.8116 Y-3.3352
G3 X7.7826 Y-3.3351 I-0.0146 J-0.0203
X7.7735 Y-3.3472 I0.0144 J-0.0204 F300.
G1 X7.5867 Y-3.878
G3 X7.5856 Y-3.8901 I0.0236 J-0.0083
X7.6058 Y-3.9109 I0.0247 J0.0039 F50.
G1 X7.6597 Y-3.9187
G3 X7.7323 Y-3.903 I0.0105 J0.1274
X7.7714 Y-3.8766 I-0.0468 J0.1113
G1 X7.7787 Y-3.8668
X7.7846 Y-3.856
G3 X7.779 Y-3.8276 I-0.0228 J0.0103
X7.7507 Y-3.8233 I-0.0172 J-0.0182 F300.
G1 X7.6531 Y-3.8717
G3 X7.6394 Y-3.8979 I0.0111 J-0.0224
X7.6597 Y-3.9187 I0.0247 J0.0039 F50.
G1 X7.7127 Y-3.9264
G3 X7.7673 Y-3.8956 I0.0075 J0.0506
X7.7601 Y-3.8676 I-0.0233 J0.0089
X7.7318 Y-3.8649 I-0.0161 J-0.0191 F300.
G1 X7.7049 Y-3.88
G3 X7.6925 Y-3.9056 I0.0122 J-0.0218
X7.7127 Y-3.9264 I0.0247 J0.0039 F50.
G1 X7.7333 Y-3.9293
G3 X7.7594 Y-3.9135 I0.0028 J0.0249
G2 X7.7888 Y-3.8476 I1.8532 J-0.7875
G1 X7.8047 Y-3.8231
X7.8362 Y-3.7738
X7.8424 Y-3.7656
X7.8559 Y-3.7492
X7.8607 Y-3.7436
G3 X7.9116 Y-3.6548 I-0.259 J0.2074
X7.9492 Y-3.4981 I-0.4873 J0.1998
X7.9427 Y-3.45 I-0.1088 J0.0099
G1 X7.9352 Y-3.436
X7.9252 Y-3.4237
X7.9131 Y-3.4134
X7.9114 Y-3.4122
X7.9006 Y-3.404
X7.8654 Y-3.3768
G3 X7.8365 Y-3.3767 I-0.0146 J-0.0203
X7.8259 Y-3.3965 I0.0144 J-0.0204 F300.
G1 X7.8178 Y-3.7255
G3 X7.8322 Y-3.7488 I0.025 J-0.0006
X7.8607 Y-3.7436 I0.0106 J0.0226 F50.
G1 X7.9078 Y-3.6916
X7.9158 Y-3.6834
X7.9182 Y-3.6812
X7.9204 Y-3.6794
G3 X7.9758 Y-3.5942 I-0.1395 J0.1512
X7.9938 Y-3.5182 I-0.2248 J0.0934
X7.9554 Y-3.4414 I-0.0852 J0.0055
X7.9265 Y-3.4435 I-0.013 J-0.0214
X7.9179 Y-3.4581 I0.016 J-0.0192 F300.
G1 X7.8807 Y-3.6549
G3 X7.8915 Y-3.6804 I0.0246 J-0.0046
X7.9204 Y-3.6794 I0.0138 J0.0208 F50.
G1 X7.9356 Y-3.667
X7.9758 Y-3.6354
G3 X8.0292 Y-3.5375 I-0.0937 J0.1146
X7.9908 Y-3.4645 I-0.086 J0.0014
G1 X7.9874 Y-3.4627
X7.9837 Y-3.4616
X7.9799 Y-3.461
X7.976
X7.9722 Y-3.4615
X7.9685 Y-3.4627
X7.965 Y-3.4644
X7.9619 Y-3.4667
G3 X7.9531 Y-3.4827 I0.016 J-0.0192 F300.
G1 X7.9363 Y-3.612
G3 X7.9468 Y-3.6357 I0.0248 J-0.0032
X7.9758 Y-3.6354 I0.0143 J0.0205 F50.
G2 X8.0086 Y-3.6112 I0.1818 J-0.2123
G1 X8.0169 Y-3.6066
G3 X8.0318 Y-3.4926 I-0.0351 J0.0626
G1 X8.0215 Y-3.4846
G3 X7.9926 Y-3.4868 I-0.0129 J-0.0214
X7.9836 Y-3.505 I0.016 J-0.0192 F300.
G1 X7.9805 Y-3.5834
G3 X7.9882 Y-3.6024 I0.025 J-0.001
X8.0169 Y-3.6066 I0.0173 J0.0181 F50.
G1 X8.0266 Y-3.6012
X8.0481 Y-3.5895
X8.0532 Y-3.5864
G3 X8.0718 Y-3.5401 I-0.0323 J0.0398
X8.0482 Y-3.5021 I-0.0526 J-0.0063
X8.0185 Y-3.4956 I-0.0243 J-0.0401
X7.9967 Y-3.504 I0.0054 J-0.0465 F300.
X8.018 Y-3.5942 I0.0291 J-0.0407
X8.0481 Y-3.5895 I0.0078 J0.0494 F50.
G1 X8.068 Y-3.5788
X8.0731 Y-3.5757
X8.0777 Y-3.5718
G3 X8.0698 Y-3.5162 I-0.0283 J0.0244
X8.0401 Y-3.5131 I-0.0182 J-0.03
G1 X8.0365 Y-3.5146 F300.
X8.0331 Y-3.5165
G3 X8.038 Y-3.5797 I0.0189 J-0.0303
X8.068 Y-3.5788 I0.014 J0.0329 F50.
G1 X8.0826 Y-3.5708
X8.086 Y-3.5689
G3 X8.0873 Y-3.5273 I-0.0138 J0.0213
G1 X8.0742 Y-3.5191
X7.9347 Y-3.4278
X7.9182 Y-3.417
X7.9131 Y-3.4134
X7.9106 Y-3.412
X7.9078 Y-3.4108
X7.905 Y-3.4103 Z0.3871
X7.9022 Y-3.4099 Z0.3876
X7.8995 Y-3.4094 Z0.3884
X7.8964 Y-3.41 Z0.3898
X7.8935 Y-3.4105 Z0.3916
X7.8909 Y-3.4109 Z0.3939
X7.8889 Y-3.412 Z0.3963
X7.8872 Y-3.413 Z0.3991
X7.8859 Y-3.4137 Z0.4021
X7.885 Y-3.4142 Z0.4052
X7.8844 Y-3.4146 Z0.4085
X7.8842 Y-3.4147 Z0.4119
G0 Z0.7
X3.437 Y-1.1457
Z0.4419
G1 Z0.4169 F50.
X3.4371 Y-1.1454 Z0.413
X3.4373 Y-1.1446 Z0.4092
X3.4376 Y-1.1431 Z0.4055
X3.4381 Y-1.1411 Z0.4022
X3.4386 Y-1.1386 Z0.3992
X3.4393 Y-1.1357 Z0.3967
X3.44 Y-1.1324 Z0.3946
X3.4409 Y-1.1289 Z0.3931
X3.4417 Y-1.1252 Z0.3922
X3.4426 Y-1.1214 Z0.3919
G3 X3.4586 Y-0.9848 I-0.6222 J0.1422
G1 X3.4585 Y-0.9801
G3 X3.4233 Y-0.9586 I-0.0633 J-0.064
X3.3839 Y-0.9503 I-0.0377 J-0.0816
G1 X3.1421 Y-0.9566
X3.1339 Y-0.9567
X3.1092
X2.7886 Y-0.9518
X2.7804 Y-0.9516
X2.7558 Y-0.9504
X2.4516 Y-0.9331
X2.4352 Y-0.9321
X2.4269 Y-0.9316
X2.1063 Y-0.9
X2.0981 Y-0.8991
X2.0735 Y-0.8963
X1.9666 Y-0.8783
G3 X1.9001 Y-0.898 I-0.0142 J-0.0739
X1.876 Y-0.9717 I0.0945 J-0.0718
G1 X1.8768 Y-0.9755
X1.8781 Y-0.9791
X1.88 Y-0.9825
X1.8824 Y-0.9856
X1.8852 Y-0.9883
X1.8884 Y-0.9904
X1.8919 Y-0.9921
X1.8956 Y-0.9932
G3 X1.9195 Y-0.9857 I0.0055 J0.0244 F300.
G1 X1.98 Y-0.9197
G3 X1.9864 Y-0.8995 I-0.0184 J0.0169
X1.9666 Y-0.8783 I-0.0248 J-0.0033 F50.
G1 X1.9271 Y-0.8717
X1.9212 Y-0.871
X1.9152 Y-0.8712
X1.9093 Y-0.8722
G3 X1.8719 Y-0.9274 I0.0146 J-0.0501
X1.8856 Y-0.9545 I0.0456 J0.0061
X1.9188 Y-0.9673 I0.0319 J0.0332 F300.
X1.9535 Y-0.8868 I-0.0013 J0.0483
X1.9271 Y-0.8717 I-0.036 J-0.0322 F50.
G1 X1.9045 Y-0.8679
G3 X1.8749 Y-0.8798 I-0.0053 J-0.0297
G1 X1.8705 Y-0.8877
X1.8686 Y-0.8966
X1.8692 Y-0.9057
G3 X1.8884 Y-0.9281 I0.0291 J0.0054
X1.8987 Y-0.9298 I0.0099 J0.0279 F300.
X1.9273 Y-0.8869 I-0.0004 J0.0313
X1.9045 Y-0.8679 I-0.029 J-0.0116 F50.
G1 X1.9008 Y-0.8673
G3 X1.8803 Y-0.8692 I-0.008 J-0.0254
X1.868 Y-0.8999 I0.0125 J-0.0228
G1 X1.8692 Y-0.9057
G2 X1.878 Y-0.9961 I-1.1573 J-0.1589
G1 X1.8777 Y-1.0043
X1.8773 Y-1.0088
G3 X1.9107 Y-1.094 I0.1008 J-0.0096
X1.9512 Y-1.1265 I0.1318 J0.1227
G1 X1.9583 Y-1.1296
G3 X1.9862 Y-1.1218 I0.0085 J0.0235
X1.9874 Y-1.0919 I-0.0194 J0.0157 F300.
G1 X1.9228 Y-0.9976
G3 X1.8968 Y-0.9874 I-0.0206 J-0.0141
X1.8773 Y-1.0088 I0.0053 J-0.0244 F50.
G1 X1.8762 Y-1.0224
X1.8714 Y-1.0495
X1.8712 Y-1.0536
X1.8716 Y-1.0577
X1.8728 Y-1.0618
X1.883 Y-1.0865
G3 X1.8998 Y-1.1028 I0.0327 J0.0168
G1 X1.9173 Y-1.1124
X1.9255 Y-1.1164
X2.1392 Y-1.202
X2.1557 Y-1.2087
X2.1639 Y-1.2121
X2.1885 Y-1.2239
X2.4352 Y-1.3422
X2.4434 Y-1.3462
X2.4516 Y-1.3504
X2.7151 Y-1.4892
X2.7442 Y-1.5056
X2.9873 Y-1.6453
X2.9942 Y-1.6494
X3.0534 Y-1.6864
X3.2506 Y-1.8097
X3.2572 Y-1.8139
X3.263 Y-1.8179
X3.4298 Y-1.9384
G3 X3.515 Y-1.9575 I0.065 J0.0904
X3.5703 Y-1.9268 I-0.0367 J0.1314
G1 X3.5782 Y-1.9165
G3 X3.5788 Y-1.8875 I-0.0201 J0.0149
X3.5544 Y-1.8769 I-0.0207 J-0.0141 F300.
G1 X3.4414 Y-1.8939
G3 X3.4215 Y-1.9106 I0.0037 J-0.0247
X3.4298 Y-1.9384 I0.0237 J-0.008 F50.
G1 X3.4709 Y-1.9681
X3.4723 Y-1.9691
X3.4735 Y-1.9699
G3 X3.5035 Y-1.9789 I0.0292 J0.0429
X3.5265 Y-1.9613 I-0.0009 J0.025
X3.5092 Y-1.9298 I-0.0239 J0.0074 F300.
G1 X3.4953 Y-1.926
G3 X3.4651 Y-1.9421 I-0.0065 J-0.0241
X3.4735 Y-1.9699 I0.0237 J-0.008 F50.
X3.4915 Y-1.9788 I0.0225 J0.0229
G1 X3.4956 Y-1.9789
X3.5203
G3 X3.5403 Y-1.9695 I0.0004 J0.0252
G1 X3.5617 Y-1.9412
G2 X3.5942 Y-1.898 I0.2093 J-0.1241
X3.6763 Y-1.8222 I0.9211 J-0.914
X3.7586 Y-1.7639 I0.8056 J-1.0513
X3.8593 Y-1.7109 I0.5381 J-0.9006
X4.3588 Y-1.6577 I0.3332 J-0.7561
X4.4385 Y-1.678 I-0.3648 J-1.598
X4.5232 Y-1.7098 I-1.5923 J-4.3698
G1 X4.5478 Y-1.7227
X4.5519 Y-1.7253
G3 X4.6416 Y-1.7302 I0.0488 J0.0709
X4.6864 Y-1.701 I-0.071 J0.1582
G1 X4.6926 Y-1.6937
G3 X4.6927 Y-1.6647 I-0.0203 J0.0146
X4.6664 Y-1.6548 I-0.0205 J-0.0144 F300.
G1 X4.5604 Y-1.6806
G3 X4.5423 Y-1.6979 I0.0059 J-0.0243
X4.5519 Y-1.7253 I0.024 J-0.007 F50.
G1 X4.5725 Y-1.739
X4.5808 Y-1.7439
X4.5928 Y-1.7504
G3 X4.6397 Y-1.7486 I0.022 J0.0401
X4.6496 Y-1.7214 I-0.0142 J0.0205
X4.6246 Y-1.7031 I-0.0241 J-0.0067 F300.
G1 X4.6046 Y-1.7039
G3 X4.581 Y-1.724 I0.0009 J-0.025
X4.5928 Y-1.7504 I0.0245 J-0.0049 F50.
G1 X4.5971 Y-1.7528
G3 X4.6136 Y-1.7593 I0.0206 J0.0279
X4.63 Y-1.7549 I0.0021 J0.0251
G1 X4.6547 Y-1.739
X4.6594 Y-1.7357
X4.6613 Y-1.7339
X4.6629 Y-1.732
X4.7451 Y-1.6258
X4.7533 Y-1.6154
X4.7698 Y-1.5983
X4.8873 Y-1.4809
X4.905 Y-1.4645
X4.9095 Y-1.4606
X5.0411 Y-1.3485
X5.0493 Y-1.342
X5.0657 Y-1.3298
X5.0739 Y-1.3237
X5.1972 Y-1.2344
G3 X5.2284 Y-1.1833 I-0.039 J0.0588
X5.21 Y-1.1374 I-0.0656 J0.0003
X5.1757 Y-1.1079 I-0.0741 J-0.0513
X5.1473 Y-1.1137 I-0.0101 J-0.0229
X5.1411 Y-1.136 I0.0183 J-0.017 F300.
G1 X5.1588 Y-1.2189
G3 X5.1683 Y-1.2336 I0.0244 J0.0052
X5.1972 Y-1.2344 I0.015 J0.02 F50.
G1 X5.2055 Y-1.2285
X5.2263 Y-1.2154
G3 X5.2471 Y-1.1808 I-0.0236 J0.0377
X5.2124 Y-1.1236 I-0.0556 J0.0054
X5.1821 Y-1.1233 I-0.0156 J-0.043
X5.1673 Y-1.1316 I0.0147 J-0.0433 F300.
X5.1966 Y-1.2222 I0.0331 J-0.0393
X5.2263 Y-1.2154 I0.0039 J0.0513 F50.
G1 X5.2301 Y-1.213
X5.2466 Y-1.203
X5.2515 Y-1.1996
G3 X5.2586 Y-1.1531 I-0.0293 J0.0282
G1 X5.2525 Y-1.144
X5.2442 Y-1.1367
X5.2343 Y-1.1319
G3 X5.2047 Y-1.1366 I-0.0099 J-0.0332
G1 X5.2029 Y-1.1379 F300.
G3 X5.2167 Y-1.2066 I0.0244 J-0.0308
X5.2466 Y-1.203 I0.0106 J0.0378 F50.
G1 X5.2624 Y-1.1933
X5.2674 Y-1.1899
G3 X5.2689 Y-1.1491 I-0.023 J0.0213
G1 X5.2619 Y-1.1425
X5.2533 Y-1.1382
G3 X5.2294 Y-1.1426 I-0.0075 J-0.0264
G1 X5.2272 Y-1.1444
X5.2251 Y-1.1464
G3 X5.2328 Y-1.1934 I0.0224 J-0.0205 F300.
X5.2624 Y-1.1933 I0.0147 J0.0265 F50.
G1 X5.2712 Y-1.1879
G3 X5.263 Y-1.1413 I-0.0127 J0.0218
G2 X4.9293 Y-0.8977 I0.1749 J0.59
X4.8987 Y-0.8482 I0.4009 J0.2818
G1 X4.8931 Y-0.8336
G3 X4.8325 Y-0.784 I-0.0727 J-0.027
X4.7631 Y-0.779 I-0.0468 J-0.1663
G1 X4.7594 Y-0.7803
X4.7559 Y-0.7822
X4.7528 Y-0.7845
X4.7501 Y-0.7873
X4.7479 Y-0.7905
X4.7462 Y-0.794
X4.745 Y-0.7977
X4.7444 Y-0.8015
G3 X4.7604 Y-0.8269 I0.0249 J-0.002 F300.
G1 X4.8606 Y-0.8651
G3 X4.885 Y-0.8614 I0.0089 J0.0234
X4.8931 Y-0.8336 I-0.0155 J0.0196 F50.
G1 X4.8924 Y-0.8317
X4.8893 Y-0.8235
X4.881 Y-0.7988
G3 X4.8684 Y-0.7844 I-0.0246 J-0.0088
G1 X4.8479 Y-0.7711
G3 X4.8273 Y-0.768 I-0.0141 J-0.0238
G1 X4.8109 Y-0.7696
X4.8027 Y-0.7706
X4.5314 Y-0.8307
X4.5268 Y-0.8317
X4.5067 Y-0.8354
X4.4985 Y-0.8368
X4.1779 Y-0.8853
X4.1697 Y-0.8864
X4.145 Y-0.8892
X3.8444 Y-0.9221
X3.8244 Y-0.9242
X3.8162 Y-0.9249
X3.4927 Y-0.9468
X3.4709 Y-0.9479
X3.4627 Y-0.9483
X3.3839 Y-0.9503
X3.381 Y-0.9507
X3.3781 Y-0.9514
X3.3755 Y-0.9527 Z0.3921
X3.3728 Y-0.9541 Z0.3926
X3.3703 Y-0.9554 Z0.3935
X3.3681 Y-0.9577 Z0.395
X3.3662 Y-0.9599 Z0.3969
X3.3644 Y-0.9619 Z0.3992
X3.3633 Y-0.9642 Z0.4022
X3.3625 Y-0.966 Z0.4055
X3.3619 Y-0.9674 Z0.4092
X3.3615 Y-0.9682 Z0.413
X3.3614 Y-0.9685 Z0.4169
G0 Z0.7
X6.385 Y-3.6563
Z0.4424
G1 Z0.4174 F50.
X6.3849 Y-3.6566 Z0.4135
X6.3847 Y-3.6575 Z0.4097
X6.3844 Y-3.6589 Z0.406
X6.3839 Y-3.6609 Z0.4027
X6.3833 Y-3.6634 Z0.3997
X6.3826 Y-3.6663 Z0.3972
X6.3819 Y-3.6696 Z0.3951
X6.3811 Y-3.6731 Z0.3936
X6.3802 Y-3.6768 Z0.3927
X6.3793 Y-3.6806 Z0.3924
G3 X6.3627 Y-3.8171 I0.6216 J-0.1449
G1 X6.3628 Y-3.8219
G3 X6.3808 Y-3.8377 I0.0444 J0.0326
X6.4469 Y-3.8603 I0.0822 J0.1319
G1 X6.718 Y-3.8653
X6.7263 Y-3.8656
X6.7509 Y-3.8669
X7.0715 Y-3.8865
X7.0797 Y-3.8871
X7.1208 Y-3.8913
X7.4003 Y-3.92
X7.4086 Y-3.9209
X7.425 Y-3.9228
X7.4332 Y-3.9239
X7.6881 Y-3.9678
G3 X7.7723 Y-3.9432 I0.0187 J0.0925
X7.8026 Y-3.908 I-0.0918 J0.1096
G1 X7.8076 Y-3.8971
G3 X7.7996 Y-3.8692 I-0.0236 J0.0083
X7.7711 Y-3.8674 I-0.0156 J-0.0196 F300.
G1 X7.6803 Y-3.9219
G3 X7.6684 Y-3.9465 I0.0129 J-0.0214
X7.6881 Y-3.9678 I0.0248 J0.0032 F50.
G1 X7.707 Y-3.9711
X7.7127 Y-3.972
X7.7374 Y-3.9753
X7.7399 Y-3.9757
X7.7416 Y-3.9759
G3 X7.7538 Y-3.9756 I0.0053 J0.0382
X7.7718 Y-3.9525 I-0.009 J0.0256
G1 X7.7719 Y-3.9495 F300.
G3 X7.7424 Y-3.924 I-0.0262 J-0.0005
X7.7202 Y-3.956 I0.0033 J-0.026
X7.7416 Y-3.9759 I0.0255 J0.006 F50.
X7.762 Y-3.973 I0.0058 J0.033
X7.7854 Y-3.9546 I-0.0058 J0.0314
G1 X7.7976 Y-3.93
G2 X7.8141 Y-3.8806 I0.3732 J-0.0969
X7.8687 Y-3.7927 I1.0102 J-0.5665
X7.9346 Y-3.718 I0.6621 J-0.5182
X8.0744 Y-3.6167 I0.4357 J-0.4543
G1 X8.0789 Y-3.6145
G3 X8.1213 Y-3.5584 I-0.0312 J0.0676
X8.1089 Y-3.5166 I-0.0702 J0.0019
X8.0759 Y-3.4756 I-0.1263 J-0.0679
G1 X8.0697 Y-3.4711
G3 X8.0408 Y-3.4733 I-0.0129 J-0.0214
X8.032 Y-3.4954 I0.016 J-0.0192 F300.
G1 X8.0436 Y-3.5947
G3 X8.0504 Y-3.6092 I0.0248 J0.0029
X8.0789 Y-3.6145 I0.018 J0.0174 F50.
G1 X8.0826 Y-3.6126
X8.0991 Y-3.6049
X8.1118 Y-3.5989
G3 X8.137 Y-3.5742 I-0.0201 J0.0456
X8.1098 Y-3.4964 I-0.0566 J0.0239
X8.0812 Y-3.5008 I-0.0112 J-0.0223
X8.0736 Y-3.5203 I0.0174 J-0.0179 F300.
G1 X8.0772 Y-3.5775
G3 X8.0835 Y-3.5926 I0.025 J0.0016
X8.1118 Y-3.5989 I0.0186 J0.0167 F50.
G1 X8.1247 Y-3.593
X8.132 Y-3.5898
X8.1333 Y-3.5892
X8.1388 Y-3.5868
X8.1439 Y-3.5836
X8.1483 Y-3.5795
G3 X8.1349 Y-3.5101 I-0.0354 J0.0292
X8.1048 Y-3.5081 I-0.0174 J-0.0346
G1 X8.1025 Y-3.509 F300.
X8.1001 Y-3.5101
G3 X8.1031 Y-3.5884 I0.0192 J-0.0385
X8.1333 Y-3.5892 I0.0163 J0.0398 F50.
G1 X8.1402 Y-3.5866
X8.1509 Y-3.5829
X8.1564 Y-3.5806
X8.1615 Y-3.5774
G3 X8.154 Y-3.5206 I-0.0246 J0.0257
X8.1279 Y-3.5197 I-0.014 J-0.0279
G1 X8.1243 Y-3.5214
G3 X8.1214 Y-3.5781 I0.0166 J-0.0293 F300.
X8.1509 Y-3.5829 I0.0195 J0.0274 F50.
G1 X8.1566 Y-3.5809
X8.1672 Y-3.5773
X8.1683 Y-3.5769
X8.1692 Y-3.5766
G3 X8.1832 Y-3.5636 I-0.0125 J0.0274
X8.1785 Y-3.542 I-0.0205 J0.0068
G1 X8.1766 Y-3.5403
X8.1745 Y-3.5387
X8.1723 Y-3.5374
G3 X8.1436 Y-3.5646 I-0.0092 J-0.019 F300.
X8.1692 Y-3.5766 I0.0194 J0.0082 F50.
X8.1731 Y-3.531 I-0.0091 J0.0237
G1 X8.1062 Y-3.4944
X8.0991 Y-3.4902
X8.0909 Y-3.485
X7.942 Y-3.3876
X7.9347 Y-3.3825
X7.9304 Y-3.3794
X7.7921 Y-3.2725
X7.7816 Y-3.2643
X7.7785 Y-3.2617
X7.762 Y-3.247
X7.6452 Y-3.141
X7.6387 Y-3.1348
X7.6211 Y-3.1164
X7.6138 Y-3.1081
X7.5647 Y-3.0507
G3 X7.4582 Y-3.0144 I-0.0846 J-0.0735
G1 X7.4436 Y-3.0164
X7.4326 Y-3.0189
X7.422 Y-3.0229
X7.4121 Y-3.0282
G3 X7.4019 Y-3.0553 I0.014 J-0.0207
X7.4224 Y-3.0737 I0.0242 J0.0064 F300.
G1 X7.5416 Y-3.091
G3 X7.5663 Y-3.0797 I0.0036 J0.0247
X7.5647 Y-3.0507 I-0.0211 J0.0134 F50.
G1 X7.5319 Y-3.0122
G3 X7.4559 Y-2.9968 I-0.048 J-0.0417
G1 X7.4536 Y-2.9983
X7.4516 Y-3.0003
X7.4501 Y-3.0027
X7.4491 Y-3.0053
X7.4487 Y-3.008
X7.4489 Y-3.0108
X7.4496 Y-3.0135
X7.4509 Y-3.016
X7.4527 Y-3.0182
X7.4549 Y-3.0199
X7.4574 Y-3.0211
X7.4594 Y-3.0217 F300.
X7.5188 Y-3.0336
X7.5193 Y-3.0338
X7.5199
X7.5205 Y-3.0339
G3 X7.5319 Y-3.0122 I0.0009 J0.0133 F50.
X7.5072 Y-2.9917 I-0.0492 J-0.0339
G1 X7.499 Y-2.9876
G3 X7.4825 Y-2.9868 I-0.0093 J-0.0232
G1 X7.4743 Y-2.9898
X7.4579 Y-2.9958
X7.4558 Y-2.9967
X7.4538 Y-2.998
X7.4492 Y-3.0013
X7.4168 Y-3.0252
G2 X7.3675 Y-3.051 I-0.1309 J0.1905
X7.2876 Y-3.0837 I-0.3961 J0.854
G1 X7.2359 Y-3.0986
G2 X7.1373 Y-3.1185 I-0.1837 J0.6561
X6.4627 Y-2.9025 I-0.1132 J0.808
X6.4383 Y-2.878 I0.0847 J0.1088
G3 X6.387 Y-2.8433 I-0.0717 J-0.0505
X6.3245 Y-2.852 I-0.0132 J-0.1342
X6.2777 Y-2.8724 I0.0562 J-0.1926
G1 X6.2729 Y-2.8762
G3 X6.2659 Y-2.9043 I0.0163 J-0.019
X6.2897 Y-2.9201 I0.0233 J0.0091 F300.
G1 X6.4183 Y-2.9174
G3 X6.438 Y-2.907 I-0.0005 J0.025
X6.4383 Y-2.878 I-0.0202 J0.0147 F50.
G1 X6.4303 Y-2.8674
X6.4139 Y-2.8448
X6.4121 Y-2.8424
X6.4082 Y-2.8378
G3 X6.362 Y-2.8211 I-0.042 J-0.0439
G1 X6.3493 Y-2.823
X6.3372 Y-2.8273
X6.3262 Y-2.8338
G3 X6.3181 Y-2.8617 I0.0155 J-0.0196
X6.34 Y-2.8784 I0.0236 J0.0082 F300.
G1 X6.39 Y-2.8819
G3 X6.4122 Y-2.8714 I0.0018 J0.0249
X6.4121 Y-2.8424 I-0.0204 J0.0144 F50.
G1 X6.4078 Y-2.8369
X6.3974 Y-2.825
G3 X6.381 Y-2.8169 I-0.019 J-0.0175
G1 X6.3728 Y-2.8154
X6.3687 Y-2.8148
X6.3646 Y-2.815
G3 X6.3399 Y-2.8238 I0.0201 J-0.0955
G1 X6.3235 Y-2.8359
X6.3221 Y-2.8369
X6.1344 Y-2.9867
X6.1262 Y-2.9931
X6.1179 Y-2.9994
X5.8795 Y-3.1648
X5.8631 Y-3.1761
X5.8539 Y-3.1821
X5.6165 Y-3.3341
X5.5918 Y-3.3494
X5.5829 Y-3.3547
X5.3452 Y-3.4947
X5.337 Y-3.4994
X5.3166 Y-3.5108
X5.2862 Y-3.5273
X5.0657 Y-3.6464
X5.0575 Y-3.6508
X5.0493 Y-3.6547
X5.0406 Y-3.6588
X4.8607 Y-3.741
G3 X4.8184 Y-3.7674 I0.0657 J-0.1516
X4.7848 Y-3.8241 I0.0743 J-0.0824
X4.7788 Y-3.8694 I0.0845 J-0.0343
X4.7993 Y-3.89 I0.0247 J0.0041
X4.8243 Y-3.8791 I0.0042 J0.0246 F300.
G1 X4.8911 Y-3.7778
G3 X4.8889 Y-3.7474 I-0.0209 J0.0138
X4.8607 Y-3.741 I-0.0187 J-0.0166 F50.
X4.7981 Y-3.7706 I0.366 J-0.8521
X4.7862 Y-3.7809 I0.0116 J-0.0256
G1 X4.778 Y-3.7939
G3 X4.772 Y-3.8108 I0.0215 J-0.0172
G1 X4.7732 Y-3.8396
X4.7747 Y-3.8478
G2 X4.7791 Y-3.9135 I-0.1966 J-0.0464
G3 X4.8066 Y-3.9772 I0.0746 J-0.0056
X4.8596 Y-3.9939 I0.0658 J0.1157
X4.8968 Y-3.9959 I0.0256 J0.1361
G1 X4.9045 Y-3.9945
G3 X4.9232 Y-3.9724 I-0.0062 J0.0242
X4.9108 Y-3.9486 I-0.0249 J0.0021 F300.
G1 X4.8166 Y-3.894
G3 X4.7979 Y-3.8914 I-0.0125 J-0.0216
X4.7791 Y-3.9135 I0.0062 J-0.0242 F50.
G1 X4.7775 Y-3.9464
X4.7772 Y-3.9509
G3 X4.7811 Y-3.9744 I0.0471 J-0.0042
X4.8486 Y-4.0066 I0.0546 J0.0275
X4.8674 Y-3.9845 I-0.0062 J0.0242
X4.857 Y-3.9621 I-0.0249 J0.0021 F300.
G1 X4.8166 Y-3.9331
G3 X4.7963 Y-3.9291 I-0.0146 J-0.0203
X4.7772 Y-3.9509 I0.0058 J-0.0243 F50.
G1 X4.7759 Y-3.9711
X4.7755 Y-3.9735
X4.7749 Y-3.9795
G3 X4.8004 Y-4.0122 I0.0358 J0.0017
G1 X4.8098 Y-4.0138
X4.8194 Y-4.013
G3 X4.8422 Y-3.9937 I-0.0084 J0.033
X4.845 Y-3.981 I-0.0312 J0.0137 F300.
X4.793 Y-3.9493 I-0.035 J0.0011
X4.7755 Y-3.9735 I0.017 J-0.0307 F50.
G1 X4.7746 Y-3.9793
X4.7731 Y-3.9875
G3 X4.8027 Y-4.0166 I0.0253 J-0.0039
G1 X4.9753 Y-3.9791
X4.9917 Y-3.976
X5. Y-3.9745
X5.0082 Y-3.9732
X5.3288 Y-3.926
X5.337 Y-3.925
X5.3534 Y-3.9231
X5.3657 Y-3.9218
X5.674 Y-3.8894
X5.6823 Y-3.8886
X5.6905 Y-3.8879
X6.0111 Y-3.8676
X6.0357 Y-3.8663
X6.044 Y-3.866
X6.3646 Y-3.8591
G2 X6.4469 Y-3.86 I0.0194 J-1.9274
G1 X6.4499 Y-3.8598
X6.4528 Y-3.8592
X6.4555 Y-3.858 Z0.3926
X6.4582 Y-3.8567 Z0.3931
X6.4608 Y-3.8555 Z0.394
X6.463 Y-3.8533 Z0.3955
X6.4651 Y-3.8512 Z0.3974
X6.467 Y-3.8494 Z0.3997
X6.4681 Y-3.8471 Z0.4027
X6.469 Y-3.8453 Z0.406
X6.4697 Y-3.8439 Z0.4097
X6.4701 Y-3.8431 Z0.4135
X6.4703 Y-3.8428 Z0.4174
G0 Z0.7
X3.4357 Y-1.1124
Z0.475
G1 Z0.45 F50.
X3.4358 Y-1.1121 Z0.4461
X3.436 Y-1.1112 Z0.4423
X3.4363 Y-1.1098 Z0.4387
X3.4368 Y-1.1078 Z0.4353
X3.4373 Y-1.1053 Z0.4323
X3.438 Y-1.1024 Z0.4298
X3.4387 Y-1.0991 Z0.4277
X3.4396 Y-1.0956 Z0.4262
X3.4404 Y-1.0919 Z0.4253
X3.4413 Y-1.088 Z0.425
G3 X3.4573 Y-0.9515 I-0.6222 J0.1422
G1 X3.4572 Y-0.9465
G3 X3.4228 Y-0.9249 I-0.0609 J-0.0586
X3.3597 Y-0.9079 I-0.1042 J-0.2603
X3.2199 Y-0.8979 I-0.1308 J-0.8504
G2 X2.7858 Y-0.8909 I0.3092 J32.7327
X2.4246 Y-0.8702 I0.711 J15.565
X2.1365 Y-0.8423 I2.5049 J27.31
X1.9689 Y-0.8175 I0.9648 J7.1051
G3 X1.8978 Y-0.8218 I-0.0254 J-0.1705
X1.8426 Y-0.8786 I0.0233 J-0.0779
G1 X1.8394 Y-0.8893
G3 X1.8211 Y-0.9995 I0.7496 J-0.1807
X1.8336 Y-1.0756 I0.1969 J-0.0069
X1.8848 Y-1.1371 I0.1473 J0.0707
G1 X1.8996 Y-1.1484
X1.9202 Y-1.1621
G3 X2.0481 Y-1.2269 I0.4892 J0.8077
G2 X3.1626 Y-1.8257 I-3.4264 J-7.7133
X3.3706 Y-1.9702 I-2.5642 J-3.9142
G3 X3.4237 Y-2.0029 I0.1894 J0.2482
X3.4993 Y-2.0192 I0.0725 J0.1535
X3.5631 Y-1.9921 I-0.0146 J0.1235
G1 X3.5924 Y-1.9709
X3.6205 Y-1.9481
X3.6481 Y-1.9247
G2 X3.7939 Y-1.8179 I0.7549 J-0.8782
X4.0636 Y-1.7171 I0.4057 J-0.6741
X4.4212 Y-1.7418 I0.1279 J-0.7496
G1 X4.4551 Y-1.7544
X4.4882 Y-1.7689
X4.5182 Y-1.7828
G3 X4.5905 Y-1.7996 I0.0752 J0.1592
X4.6832 Y-1.7636 I-0.0079 J0.1575
G1 X4.6992 Y-1.7515
X4.7194 Y-1.7339
G3 X4.8472 Y-1.6059 I-9.0232 J9.1441
G2 X5.2544 Y-1.2709 I1.8365 J-1.8171
G3 X5.2991 Y-1.2253 I-0.1017 J0.1443
X5.312 Y-1.1919 I-0.0846 J0.052
X5.2912 Y-1.13 I-0.0652 J0.0126
G1 X5.2836 Y-1.1222
X5.2724 Y-1.1123
X5.253 Y-1.0968
X5.2235 Y-1.0759
G2 X5.1056 Y-0.992 I0.7913 J1.2361
X5.0052 Y-0.8882 I0.4051 J0.4925
G1 X4.9854 Y-0.8579
X4.9672 Y-0.8266
G3 X4.9027 Y-0.7546 I-0.2069 J-0.1201
X4.8296 Y-0.7315 I-0.0824 J-0.1338
G1 X4.8128 Y-0.7302
G3 X4.6894 Y-0.7397 I-0.0139 J-0.6226
X4.5471 Y-0.7662 I0.7359 J-4.3471
G2 X4.1179 Y-0.8314 I-1.707 J9.7991
X3.7941 Y-0.8656 I-1.5634 J13.26
G1 X3.6858 Y-0.8733
X3.5775 Y-0.8808
X3.5414 Y-0.879
X3.5055 Y-0.874
G3 X3.4729 Y-0.8705 I-0.0297 J-0.1207
G1 X3.4627 Y-0.871
X3.1421 Y-0.8794
X3.1339 Y-0.8795
X3.1092
X2.7886 Y-0.8746
X2.7804 Y-0.8744
X2.7508 Y-0.8728
X2.4598 Y-0.8562
X2.4516 Y-0.8557
X2.4352 Y-0.8546
X2.4269 Y-0.854
X2.1063 Y-0.8224
X2.0981 Y-0.8215
X2.0735 Y-0.8183
X1.921 Y-0.7955
G3 X1.8338 Y-0.8306 I-0.0121 J-0.0957
X1.7962 Y-0.8978 I0.1391 J-0.1221
G1 X1.7939 Y-0.9128
X1.7943 Y-0.928
G3 X1.8144 Y-0.9488 I0.0247 J0.0037
X1.8372 Y-0.9413 I0.0046 J0.0246 F300.
G1 X1.9347 Y-0.8371
G3 X1.9411 Y-0.8163 I-0.0183 J0.0171
X1.921 Y-0.7955 I-0.0247 J-0.0038 F50.
G1 X1.9091 Y-0.7937
X1.8844 Y-0.7901
X1.8762 Y-0.789
G3 X1.8118 Y-0.8129 I-0.0062 J-0.0821
X1.7873 Y-0.8944 I0.0566 J-0.0614
G1 X1.7886 Y-0.898
X1.7905 Y-0.9014
X1.7929 Y-0.9044
X1.7957 Y-0.9071
X1.7988 Y-0.9093
X1.8023 Y-0.9109
X1.806 Y-0.9121
X1.8098 Y-0.9126
G3 X1.8307 Y-0.9035 I0.0016 J0.025 F300.
G1 X1.8913 Y-0.8295
G3 X1.8966 Y-0.8096 I-0.0193 J0.0158
X1.8762 Y-0.789 I-0.0247 J-0.0041 F50.
G1 X1.8408 Y-0.7843
X1.8348 Y-0.7838
X1.8288 Y-0.7839
G3 X1.7787 Y-0.8602 I0.0083 J-0.06
X1.8018 Y-0.8776 I0.0238 J0.0075
X1.8222 Y-0.868 I0.0007 J0.025 F300.
G1 X1.8563 Y-0.8243
G3 X1.8613 Y-0.8048 I-0.0197 J0.0154
X1.8408 Y-0.7843 I-0.0247 J-0.0041 F50.
G1 X1.8141 Y-0.7807
G3 X1.7725 Y-0.8391 I-0.0041 J-0.0411
G1 X1.7747 Y-0.843
X1.7773 Y-0.8465
X1.7802 Y-0.8498
X1.7835 Y-0.8527
X1.7871 Y-0.8552
X1.791 Y-0.8573
X1.7951 Y-0.859
G3 X1.8049 Y-0.8608 I0.0121 J0.0368 F300.
X1.8398 Y-0.7965 I0.0025 J0.0403
X1.8141 Y-0.7807 I-0.0324 J-0.024 F50.
G1 X1.794 Y-0.7781
G3 X1.7637 Y-0.7951 I-0.0044 J-0.0275
G1 X1.7614 Y-0.8033
X1.7615 Y-0.8118
X1.7639 Y-0.82
G3 X1.787 Y-0.8356 I0.0252 J0.0124
G1 X1.7887
G3 X1.8165 Y-0.7971 I0.0004 J0.029 F300.
X1.794 Y-0.7781 I-0.0274 J-0.0096 F50.
X1.7755 Y-0.7784 I-0.0088 J-0.0303
X1.761 Y-0.8139 I0.0085 J-0.0241
G2 X1.7819 Y-0.8728 I-0.2046 J-0.1057
X1.7988 Y-0.9714 I-0.4345 J-0.125
X1.7983 Y-1.0371 I-0.2548 J-0.031
G1 X1.7982 Y-1.0454
G3 X1.8315 Y-1.1383 I0.1468 J0.0002
X1.8656 Y-1.1673 I0.0673 J0.0444
G1 X1.8692 Y-1.1685
X1.873 Y-1.1692
X1.8769
X1.8807 Y-1.1687
X1.8844 Y-1.1676
X1.8879 Y-1.1659
X1.891 Y-1.1637
X1.8938 Y-1.161
G3 X1.8973 Y-1.1324 I-0.0186 J0.0167 F300.
G1 X1.8451 Y-1.0356
G3 X1.8169 Y-1.0233 I-0.022 J-0.0119
X1.7982 Y-1.0454 I0.0062 J-0.0242 F50.
X1.7976 Y-1.0865 I0.2957 J-0.0248
X1.8101 Y-1.1251 I0.1037 J0.0122
X1.8433 Y-1.157 I0.0802 J0.0505
G1 X1.8684 Y-1.1686
X1.9502 Y-1.205
X1.9666 Y-1.2122
X2.1146 Y-1.2749
X2.1392 Y-1.2859
X2.1474 Y-1.2898
X2.3858 Y-1.4042
X2.4105 Y-1.4162
X2.4187 Y-1.4204
X2.6587 Y-1.5467
X2.6818 Y-1.559
X2.69 Y-1.5635
X2.9325 Y-1.7028
X2.9604 Y-1.7193
X3.1997 Y-1.8689
X3.2079 Y-1.8741
X3.2325 Y-1.8906
X3.3559 Y-1.976
X3.3723 Y-1.9872
X3.4381 Y-2.031
G3 X3.5313 Y-2.0457 I0.0628 J0.0955
X3.5942 Y-2.0188 I-0.0238 J0.143
G1 X3.6033 Y-2.0091
G3 X3.6045 Y-1.9801 I-0.0198 J0.0153
X3.5804 Y-1.969 I-0.0209 J-0.0137 F300.
G1 X3.4494 Y-1.9859
G3 X3.4287 Y-2.0036 I0.0032 J-0.0248
X3.4381 Y-2.031 I0.024 J-0.0071 F50.
G1 X3.4636 Y-2.048
G3 X3.5285 Y-2.0647 I0.0548 J0.0785
X3.5777 Y-2.0391 I-0.0181 J0.095
X3.6353 Y-1.9678 I-0.6835 J0.6101
G1 X3.6444 Y-1.9576
X3.6518 Y-1.9499
X3.7011 Y-1.9023
X3.7036 Y-1.9001
X3.713 Y-1.8919
G2 X3.7833 Y-1.8394 I3.4281 J-4.5255
X3.8655 Y-1.793 I1.1986 J-2.0285
G1 X3.882 Y-1.7856
X3.9435 Y-1.7604
X3.9477 Y-1.7587
G2 X4.0464 Y-1.7318 I0.3947 J-1.2535
G1 X4.0764 Y-1.7275
X4.1204 Y-1.7213
X4.1286 Y-1.7204
G2 X4.2354 Y-1.7188 I0.0697 J-1.0685
G1 X4.2601 Y-1.7215
X4.3094 Y-1.727
X4.3124 Y-1.7275
G2 X4.4171 Y-1.7522 I-0.1916 J-1.0466
X4.5026 Y-1.7849 I-0.9927 J-2.7211
G3 X4.5621 Y-1.818 I0.712 J1.2109
X4.6449 Y-1.8233 I0.0489 J0.1138
X4.6958 Y-1.8012 I-0.0226 J0.1217
G1 X4.7054 Y-1.7916
G3 X4.7074 Y-1.7627 I-0.0193 J0.0158
X4.6817 Y-1.7512 I-0.0213 J-0.0131 F300.
G1 X4.5696 Y-1.7713
G3 X4.5494 Y-1.7919 I0.0044 J-0.0246
X4.5621 Y-1.8179 I0.0247 J-0.0041 F50.
X4.5973 Y-1.8345 I0.1561 J0.2846
X4.6383 Y-1.8381 I0.0292 J0.098
X4.6896 Y-1.8097 I-0.0194 J0.0957
X4.8083 Y-1.67 I-2.5747 J2.3065
G1 X4.8238 Y-1.6535
X4.8273 Y-1.6499
X4.9424 Y-1.535
X4.9589 Y-1.52
X4.9671 Y-1.5129
X5.0822 Y-1.4148
X5.0915 Y-1.407
G2 X5.2547 Y-1.2884 I4.4379 J-5.9345
G1 X5.263 Y-1.2833
X5.2959 Y-1.2633
G3 X5.3339 Y-1.1384 I-0.051 J0.0838
X5.2908 Y-1.0757 I-0.1733 J-0.0732
G1 X5.2785 Y-1.0671
X5.2649 Y-1.0607
G2 X5.1889 Y-1.0289 I0.2445 J0.69
G1 X5.1477 Y-1.0043
X5.1233 Y-0.9884
X5.1023 Y-0.9714
G2 X5.0493 Y-0.9231 I0.211 J0.2853
G1 X5.0185 Y-0.8892
X5.0164 Y-0.8866
G2 X4.9671 Y-0.8133 I0.645 J0.4873
X4.9461 Y-0.7659 I1.1007 J0.5151
G3 X4.8772 Y-0.7053 I-0.1149 J-0.0612
X4.8326 Y-0.6944 I-0.0463 J-0.0926
G1 X4.8182 Y-0.6958
G3 X4.7988 Y-0.7174 I0.0054 J-0.0244
X4.8115 Y-0.7421 I0.0248 J-0.0029 F300.
G1 X4.9108 Y-0.7974
G3 X4.9396 Y-0.7942 I0.0122 J0.0218
X4.946 Y-0.766 I-0.0167 J0.0186 F50.
X4.9262 Y-0.7284 I-0.3708 J-0.1712
X4.9013 Y-0.7044 I-0.1374 J-0.118
X4.8274 Y-0.6944 I-0.049 J-0.0835
X4.5149 Y-0.7555 I1.7226 J-9.6297
G1 X4.5039 Y-0.7577
X4.4985 Y-0.7587
X4.4245 Y-0.7699
X4.1697 Y-0.8085
X4.1615 Y-0.8097
X4.145 Y-0.8116
X3.8244 Y-0.8466
X3.8162 Y-0.8474
X3.7915 Y-0.8492
X3.4956 Y-0.8692
X3.4792 Y-0.8702
X3.4729 Y-0.8705
G3 X3.451 Y-0.8894 I0.0023 J-0.0249
X3.4705 Y-0.92 I0.0243 J-0.006 F300.
G1 X5.2658 Y-1.2635
X5.2789 Y-1.266 F50.
G3 X5.2959 Y-1.2633 I0.0047 J0.0246
G1 X5.337 Y-1.2382
G3 X5.37 Y-1.1769 I-0.0441 J0.0633
X5.3559 Y-1.108 I-0.1059 J0.0142
X5.3045 Y-1.0721 I-0.0717 J-0.048
G1 X5.2834 Y-1.067
X5.2794 Y-1.066
X5.2649 Y-1.0607
G3 X5.2373 Y-1.0695 I-0.0077 J-0.0238
X5.235 Y-1.0959 I0.02 J-0.0151 F300.
G1 X5.3025 Y-1.2278
X5.3041 Y-1.2305
X5.306 Y-1.2329
X5.3082 Y-1.2351
G3 X5.337 Y-1.2382 I0.0165 J0.0187 F50.
G1 X5.3662 Y-1.2203
G3 X5.3967 Y-1.1706 I-0.0418 J0.0599
G1 X5.3981 Y-1.1647
X5.3988 Y-1.1587
G3 X5.3394 Y-1.0804 I-0.076 J0.0041
G1 X5.3288 Y-1.0779
X5.3045 Y-1.0721
G3 X5.278 Y-1.0839 I-0.005 J-0.0245
X5.2775 Y-1.1084 I0.0215 J-0.0127 F300.
G1 X5.3318 Y-1.2103
X5.3334 Y-1.2129
X5.3352 Y-1.2152
X5.3373 Y-1.2173
G3 X5.3662 Y-1.2203 I0.0165 J0.0187 F50.
G1 X5.3945 Y-1.203
G3 X5.4223 Y-1.1501 I-0.0337 J0.0515
X5.3617 Y-1.0843 I-0.0664 J-0.0002
G1 X5.3534 Y-1.0833
X5.3452 Y-1.0817
X5.3394 Y-1.0804
G3 X5.3131 Y-1.0925 I-0.0046 J-0.0246
X5.3136 Y-1.1182 I0.0217 J-0.0124 F300.
G1 X5.3614 Y-1.1943
X5.3634 Y-1.1971
X5.3658 Y-1.1995
G3 X5.3945 Y-1.203 I0.0168 J0.0185 F50.
G1 X5.4192 Y-1.1885
G3 X5.4416 Y-1.1547 I-0.0221 J0.039
X5.3881 Y-1.0866 I-0.0584 J0.0092
X5.3637 Y-1.1022 I-0.0012 J-0.025
X5.3636 Y-1.1206 I0.0232 J-0.0093 F300.
G1 X5.3849 Y-1.1752
G3 X5.3906 Y-1.1839 I0.0233 J0.0091
X5.4192 Y-1.1885 I0.0176 J0.0178 F50.
G1 X5.4257 Y-1.1851
X5.4375 Y-1.1791
G3 X5.4574 Y-1.1575 I-0.0176 J0.0361
X5.4116 Y-1.0885 I-0.0485 J0.0174
X5.3903 Y-1.0947 I-0.0008 J-0.0371
G1 X5.3869 Y-1.0972
X5.3838 Y-1.0999
G3 X5.4073 Y-1.1826 I0.0334 J-0.0352 F300.
X5.4375 Y-1.1791 I0.0098 J0.0475 F50.
G1 X5.4568 Y-1.1693
X5.4621 Y-1.1663
X5.4665 Y-1.1623
X5.4703 Y-1.1576
G3 X5.4334 Y-1.0897 I-0.0394 J0.0226
X5.4147 Y-1.0953 I-0.0006 J-0.0319
X5.4065 Y-1.1027 I0.0241 J-0.0352
X5.4267 Y-1.1715 I0.0324 J-0.0278 F300.
X5.4568 Y-1.1693 I0.0122 J0.0409 F50.
G1 X5.4731 Y-1.161
G3 X5.4914 Y-1.1341 I-0.0133 J0.0287
X5.448 Y-1.0892 I-0.0409 J0.0038
X5.4356 Y-1.0936 I0.0026 J-0.0272
X5.4235 Y-1.1062 I0.0212 J-0.0323
X5.443 Y-1.1621 I0.0333 J-0.0197 F300.
X5.4731 Y-1.161 I0.0138 J0.0361 F50.
G1 X5.4893 Y-1.1528
G3 X5.5058 Y-1.1251 I-0.0131 J0.0266
X5.466 Y-1.0882 I-0.0375 J-0.0005
X5.4549 Y-1.0922 I0.0023 J-0.0236
X5.4428 Y-1.1066 I0.0197 J-0.0289
X5.4594 Y-1.1525 I0.0318 J-0.0145 F300.
X5.4893 Y-1.1528 I0.0152 J0.0315 F50.
G1 X5.5041 Y-1.1453
X5.5093 Y-1.1423
X5.5134 Y-1.1379
X5.5165 Y-1.1328
G3 X5.4824 Y-1.0871 I-0.0319 J0.0118
X5.4725 Y-1.0908 I0.0021 J-0.0206
X5.4607 Y-1.1068 I0.0183 J-0.0258
X5.4744 Y-1.1437 I0.0301 J-0.0098 F300.
X5.5041 Y-1.1453 I0.0163 J0.0271 F50.
G1 X5.5178 Y-1.1383
X5.5231 Y-1.1353
X5.5269 Y-1.1307
G3 X5.4965 Y-1.086 I-0.0277 J0.0139
G1 X5.4935 Y-1.0866
X5.4908 Y-1.0878
X5.4882 Y-1.0894
G3 X5.4773 Y-1.1078 I0.0175 J-0.0228
X5.4885 Y-1.1353 I0.0284 J-0.0044 F300.
X5.5178 Y-1.1383 I0.0172 J0.0231 F50.
G1 X5.5293 Y-1.1325
X5.5302 Y-1.132
X5.5313 Y-1.1314
X5.5335 Y-1.13
X5.5343 Y-1.1295
X5.5346 Y-1.1283
X5.5344 Y-1.1272
G3 X5.5143 Y-1.1077 I-0.0357 J-0.0167
X5.5037 Y-1.1048 I-0.0156 J-0.0361 F300.
X5.4848 Y-1.1202 I-0.0021 J-0.0167
X5.5012 Y-1.1383 I0.0168 J-0.0013
G1 X5.5015 Y-1.1384
G3 X5.5313 Y-1.1314 I0.0012 J0.0623 F50.
G1 X5.5322 Y-1.1309
X5.5343 Y-1.1295
X5.5355 Y-1.1284
X5.5365 Y-1.1276
X5.5375 Y-1.1264
X5.5383 Y-1.1255
X5.5392 Y-1.1244
X5.5398 Y-1.1234
X5.5405 Y-1.1223
X5.5411 Y-1.1214
X5.5416 Y-1.1203
X5.542 Y-1.1193
X5.5425 Y-1.1181
X5.5428 Y-1.1171
X5.5432 Y-1.1157
X5.5436 Y-1.1134
X5.5438 Y-1.1123
X5.5433 Y-1.1112
X5.5423 Y-1.1105
G3 X5.5289 Y-1.1074 I-0.0156 J-0.0362
X5.5179 Y-1.1154 I-0.0006 J-0.0107
G1 X5.5176 Y-1.1177 F300.
X5.5178 Y-1.1201
X5.5185 Y-1.1224
X5.5197 Y-1.1244
G3 X5.5332 Y-1.1276 I0.0086 J0.0064 F50.
X5.5432 Y-1.1157 I-0.0093 J0.0179
G1 X5.5435 Y-1.1146
X5.5439 Y-1.1111
Y-1.1099
Y-1.1083
Y-1.107
X5.5435 Y-1.1047
G3 X5.5178 Y-1.0842 I-0.0244 J-0.0041
G2 X5.4356 Y-1.0899 I-0.16 J1.7188
G1 X5.411 Y-1.0885
X5.3781 Y-1.0857
X5.3617 Y-1.0842
X5.3587 Y-1.0843
X5.3558 Y-1.0846
X5.353 Y-1.0857 Z0.4252
X5.3502 Y-1.0867 Z0.4257
X5.3475 Y-1.0877 Z0.4266
X5.3451 Y-1.0898 Z0.4281
X5.3429 Y-1.0918 Z0.43
X5.3409 Y-1.0935 Z0.4323
X5.3396 Y-1.0957 Z0.4353
X5.3386 Y-1.0974 Z0.4386
X5.3378 Y-1.0987 Z0.4423
X5.3373 Y-1.0995 Z0.4461
X5.3372 Y-1.0998 Z0.45
G0 Z0.7
X6.168 Y-0.7528
Z0.55
G3 X6.0158 Y-0.6972 Z0.5344 I-0.1056 J-0.0529 F40.
X5.9516 Y-0.8456 Z0.5188 I0.0465 J-0.1082
X6.0957 Y-0.9181 Z0.5031 I0.1105 J0.0401
X6.1763 Y-0.7787 Z0.4875 I-0.0335 J0.1123
X6.0422 Y-0.6905 Z0.4719 I-0.1138 J-0.0269
X5.9465 Y-0.8189 Z0.4562 I0.0202 J-0.1149
X6.0689 Y-0.9217 Z0.4406 I0.1156 J0.0135
X6.1783 Y-0.8057 Z0.425 I-0.0067 J0.116
X5.946 I-0.1162 J0.
X6.1783 I0.1162 J0.
G1 X6.1789 Y-0.7695 F50.
G3 X6.169 Y-0.7137 I-0.0655 J0.0172
X6.0797 Y-0.6564 I-0.1038 J-0.0635
X5.9735 Y-0.6822 I-0.023 J-0.1371
G1 X5.9629 Y-0.6936
X5.9544 Y-0.7066
X5.9484 Y-0.7208
G2 X5.9276 Y-0.7742 I-0.263 J0.0717
G3 X5.9345 Y-0.8841 I0.1083 J-0.0485
X6.0058 Y-0.9467 I0.1192 J0.064
G1 X6.0208 Y-0.9498
X6.036 Y-0.9504
X6.0511 Y-0.9482
X6.0686 Y-0.944
X6.0768 Y-0.942
X6.1231 Y-0.9303
G3 X6.1907 Y-0.878 I-0.0263 J0.1037
G1 X6.1954 Y-0.8652
G3 X6.1852 Y-0.8381 I-0.0242 J0.0064
X6.1547 Y-0.8401 I-0.0139 J-0.0208 F300.
G1 X6.1014 Y-0.8871
G3 X6.0965 Y-0.9188 I0.0165 J-0.0188
X6.1231 Y-0.9303 I0.0214 J0.013 F50.
X6.1884 Y-0.8852 I-0.0157 J0.0926
X6.1987 Y-0.8481 I-0.1205 J0.0535
X6.1965 Y-0.7742 I-0.7383 J0.0142
G1 X6.197 Y-0.7577
X6.1974 Y-0.7495
X6.198 Y-0.7413
G3 X6.1644 Y-0.6607 I-0.1021 J0.0047
X6.0468 Y-0.6169 I-0.1076 J-0.1091
X5.9604 Y-0.6825 I-0.0032 J-0.0854
G1 X5.96 Y-0.6864
X5.9601 Y-0.6902
X5.9609 Y-0.694
X5.9622 Y-0.6977
X5.964 Y-0.701
X5.9664 Y-0.7041
X5.9692 Y-0.7068
X5.9724 Y-0.709
X5.9753 Y-0.7104 F300.
X5.9784 Y-0.7115
X6.1665 Y-0.7628
G3 X6.1788 Y-0.763 I0.0066 J0.0241
X6.198 Y-0.7413 I-0.0057 J0.0243 F50.
G1 X6.2003 Y-0.7084
X6.2009 Y-0.7002
X6.2012 Y-0.6988
G3 X6.1882 Y-0.6475 I-0.0795 J0.0073
X6.0773 Y-0.5795 I-0.1286 J-0.0854
X6.0064 Y-0.589 I-0.0219 J-0.1057
X5.9661 Y-0.6509 I0.0431 J-0.0722
G1 X5.9651 Y-0.6591
X5.964 Y-0.6673
X5.9602 Y-0.6838
X5.9484 Y-0.7208
G3 X5.9582 Y-0.7481 I0.0241 J-0.0067
X5.9766 Y-0.7522 I0.0143 J0.0205 F300.
G1 X6.18 Y-0.7187
X6.1807 Y-0.7185 F50.
G3 X6.2012 Y-0.6988 I-0.0041 J0.0247
G1 X6.205 Y-0.6756
X6.2067 Y-0.6673
G3 X6.1927 Y-0.61 I-0.0768 J0.0117
X6.1055 Y-0.5462 I-0.1274 J-0.0829
X6.0305 Y-0.5428 I-0.0435 J-0.127
X5.9828 Y-0.5807 I0.0264 J-0.082
G1 X5.9763 Y-0.5948
X5.9724 Y-0.6098
X5.9683 Y-0.6345
X5.9671 Y-0.6427
X5.9661 Y-0.6509
G3 X5.9809 Y-0.6758 I0.0249 J-0.0021
G1 X5.9838 Y-0.6769 F300.
X5.9868 Y-0.6776
X5.9899 Y-0.6779
X6.1812 Y-0.6865
X6.1848 Y-0.6864
G3 X6.2067 Y-0.6673 I-0.0025 J0.0249 F50.
G1 X6.21 Y-0.6509
X6.2114 Y-0.6427
X6.2132 Y-0.6299
G3 X6.1982 Y-0.5723 I-0.0831 J0.0091
X6.1368 Y-0.5245 I-0.0882 J-0.0499
G1 X6.1215 Y-0.5228
G3 X6.0978 Y-0.5395 I-0.0001 J-0.025
X6.1025 Y-0.5641 I0.0236 J-0.0083 F300.
G1 X6.1697 Y-0.6419
G3 X6.1925 Y-0.6503 I0.0189 J0.0163
X6.2132 Y-0.6299 I-0.0039 J0.0247 F50.
X6.2046 Y-0.5667 I-0.0968 J0.0191
X6.1797 Y-0.5392 I-0.0738 J-0.042
G1 X6.159 Y-0.529
G3 X6.1344 Y-0.5233 I-0.0302 J-0.0742
X6.0522 Y-0.5209 I-0.083 J-1.462
X6.0028 Y-0.5425 I0.0154 J-0.1026
X5.9884 Y-0.5605 I0.0547 J-0.0584
X5.9724 Y-0.6098 I0.0912 J-0.0568
G1 X5.9722 Y-0.6137
G2 X5.9717 Y-0.6407 I-0.2792 J-0.0087
X5.9695 Y-0.6623 I-0.2787 J0.0182 F300.
G1 X5.9688 Y-0.6654
X5.9521 Y-0.7264
X5.9511 Y-0.7294
X5.9429 Y-0.7473
G2 X5.9286 Y-0.7725 I-0.2499 J0.1248 F50.
G1 X5.9276 Y-0.7742
X5.9074 Y-0.8153
X5.9056 Y-0.8186
G3 X5.9044 Y-0.8911 I0.0838 J-0.0377
X5.9642 Y-0.9562 I0.092 J0.0245
G1 X5.9787 Y-0.9591
X5.9934 Y-0.9597
X6.008 Y-0.9578
X6.044 Y-0.9499
X6.0511 Y-0.9482
G3 X6.0694 Y-0.9257 I-0.0066 J0.0241
X6.06 Y-0.9045 I-0.0249 J0.0016 F300.
G1 X5.9429 Y-0.8114
G3 X5.932 Y-0.8064 I-0.0156 J-0.0196
X5.9056 Y-0.8186 I-0.0046 J-0.0246 F50.
G1 X5.9042 Y-0.8214
X5.896 Y-0.8338
X5.8896 Y-0.8434
G3 X5.8825 Y-0.9127 I0.0695 J-0.0421
X5.9147 Y-0.9564 I0.0698 J0.0176
X5.9705 Y-0.9661 I0.0397 J0.0636
G1 X6.008 Y-0.9578
G3 X6.0267 Y-0.9356 I-0.0062 J0.0242
X6.0177 Y-0.9143 I-0.0249 J0.0021 F300.
G1 X5.9259 Y-0.8386
G3 X5.917 Y-0.8339 I-0.0159 J-0.0193
X5.8896 Y-0.8434 I-0.0071 J-0.024 F50.
G1 X5.8865 Y-0.8481
X5.8694 Y-0.8728
G3 X5.8635 Y-0.9321 I0.0533 J-0.0352
X5.9439 Y-0.9727 I0.0629 J0.0248
G1 X5.9617 Y-0.968
X5.9705 Y-0.9661
G3 X5.9892 Y-0.9439 I-0.0062 J0.0242
X5.9788 Y-0.9215 I-0.0249 J0.0021 F300.
G1 X5.9036 Y-0.8678
X5.9005 Y-0.8659
X5.8971 Y-0.8645
G3 X5.8694 Y-0.8728 I-0.0081 J-0.0237 F50.
G2 X5.8536 Y-0.8941 I-0.4429 J0.3113
G3 X5.8427 Y-0.9274 I0.0338 J-0.0295
G1 X5.8451 Y-0.9406
G3 X5.9205 Y-0.9798 I0.0571 J0.0176
X5.937 Y-0.956 I-0.0085 J0.0235
X5.9306 Y-0.9396 I-0.025 J-0.0003 F300.
G1 X5.8902 Y-0.8946
G3 X5.882 Y-0.8886 I-0.0186 J-0.0167
X5.8536 Y-0.894 I-0.0104 J-0.0227 F50.
G1 X5.8505 Y-0.8974
X5.8467 Y-0.9016
X5.8384 Y-0.9103
G3 X5.8282 Y-0.9315 I0.0263 J-0.0259
X5.8974 Y-0.9873 I0.0529 J-0.0052
X5.9145 Y-0.9741 I-0.012 J0.0333
G1 X5.9169 Y-0.9703
X5.9189 Y-0.9663
G3 X5.8656 Y-0.8965 I-0.0455 J0.0205 F300.
X5.8384 Y-0.9103 I0.0079 J-0.0492 F50.
G1 X5.8244 Y-0.9252
G3 X5.8144 Y-0.9465 I0.0244 J-0.0244
X5.8761 Y-0.9942 I0.0472 J-0.0027
X5.8914 Y-0.9827 I-0.011 J0.0304
X5.8968 Y-0.9725 I-0.0359 J0.0259
X5.8519 Y-0.9126 I-0.0414 J0.0158 F300.
X5.8244 Y-0.9252 I0.0035 J-0.0442 F50.
G1 X5.8116 Y-0.9385
G3 X5.8027 Y-0.9698 I0.0227 J-0.0233
X5.8564 Y-1.0005 I0.0408 J0.009
X5.8699 Y-0.9907 I-0.0102 J0.0283
X5.8763 Y-0.9784 I-0.0309 J0.0241
X5.8396 Y-0.9275 I-0.0374 J0.0117 F300.
X5.8116 Y-0.9385 I-0.0007 J-0.0392 F50.
G1 X5.8037 Y-0.9468
X5.8002 Y-0.9499
G3 X5.7899 Y-0.9709 I0.0185 J-0.0221
X5.8385 Y-1.0063 I0.0371 J-0.0001
X5.8487 Y-0.9994 I-0.0084 J0.0233
X5.8567 Y-0.983 I-0.0261 J0.0229
X5.8291 Y-0.9423 I-0.0341 J0.0065 F300.
X5.8002 Y-0.9499 I-0.0065 J-0.0341 F50.
G1 X5.7973 Y-0.9525
X5.7882 Y-0.9597
X5.7837 Y-0.9637
X5.7807 Y-0.9688
X5.7788 Y-0.9745
G3 X5.8231 Y-1.0113 I0.0339 J-0.0043
G1 X5.8259 Y-1.01
X5.8284 Y-1.0083
X5.8306 Y-1.0062
G3 X5.8386 Y-0.9864 I-0.0236 J0.021
X5.8176 Y-0.9554 I-0.0316 J0.0012 F300.
X5.7882 Y-0.9597 I-0.0106 J-0.0298 F50.
G1 X5.7771 Y-0.9686
X5.7726 Y-0.9725
X5.7696 Y-0.9777
G3 X5.7829 Y-1.0132 I0.0283 J-0.0096
G1 X5.7909 Y-1.0166
X5.7996 Y-1.0176
X5.8083 Y-1.0161
X5.8108 Y-1.0149
X5.8131 Y-1.0134
X5.8151 Y-1.0116
G3 X5.8229 Y-0.9909 I-0.021 J0.0198
X5.8064 Y-0.9657 I-0.0288 J-0.0009 F300.
X5.7771 Y-0.9686 I-0.0123 J-0.0261 F50.
G1 X5.767 Y-0.9764
G3 X5.7574 Y-0.999 I0.0119 J-0.0185
X5.7932 Y-1.0209 I0.0274 J0.0045
G1 X5.7955 Y-1.0199
X5.7976 Y-1.0187
X5.7996 Y-1.0172
G3 X5.8085 Y-0.9963 I-0.0172 J0.0196
X5.7962 Y-0.9754 I-0.0261 J-0.0013 F300.
X5.767 Y-0.9764 I-0.0138 J-0.0222 F50.
X5.7891 Y-1.0222 I0.0134 J-0.0217
G1 X5.9345 Y-0.9754
X5.9371 Y-0.9745
X5.9439 Y-0.9727
X5.9466 Y-0.9717
X5.9493 Y-0.9704
X5.9516 Y-0.9684 Z0.4252
X5.9538 Y-0.9665 Z0.4257
X5.956 Y-0.9647 Z0.4266
X5.9575 Y-0.9619 Z0.4281
X5.959 Y-0.9593 Z0.43
X5.9603 Y-0.957 Z0.4323
X5.9607 Y-0.9545 Z0.4353
X5.9611 Y-0.9525 Z0.4386
X5.9614 Y-0.951 Z0.4423
X5.9616 Y-0.9501 Z0.4461
Y-0.9498 Z0.45
G0 Z0.7
X6.1611 Y-3.166
Z0.475
G1 Z0.45 F50.
X6.161 Y-3.1657 Z0.4461
X6.1607 Y-3.1649 Z0.4423
X6.1602 Y-3.1634 Z0.4387
X6.1595 Y-3.1615 Z0.4353
X6.1586 Y-3.1591 Z0.4323
X6.1576 Y-3.1563 Z0.4298
X6.1564 Y-3.1532 Z0.4277
X6.1551 Y-3.1498 Z0.4262
X6.1538 Y-3.1462 Z0.4253
X6.1524 Y-3.1426 Z0.425
G3 X6.0909 Y-3.0196 I-0.5983 J-0.2223
G1 X6.0884 Y-3.0159
G3 X6.0349 Y-3.0207 I-0.0171 J-0.1106
G1 X6.0206 Y-3.0248
G3 X5.9162 Y-3.0743 I0.1817 J-0.5174
X5.61 Y-3.267 I7.001 J-11.4632
G2 X5.2036 Y-3.5037 I-5.0619 J8.2264
X5.0438 Y-3.5885 I-3.0546 J5.5618
X4.8473 Y-3.6809 I-4.521 J9.3587
G3 X4.7789 Y-3.7252 I0.0988 J-0.2273
X4.738 Y-3.8032 I0.0938 J-0.0989
X4.7203 Y-3.94 I0.9333 J-0.1906
X4.7323 Y-3.9974 I0.136 J-0.0016
X4.7887 Y-4.0416 I0.0701 J0.0314
X4.8675 Y-4.0479 I0.0614 J0.2733
G1 X4.9036 Y-4.0458
G3 X5.262 Y-3.9962 I-1.2527 J10.3723
G2 X5.7296 Y-3.9461 I1.3258 J-10.1604
X6.0547 Y-3.9265 I1. J-13.9441
X6.3802 Y-3.9198 I0.5206 J-17.1797
X6.742 Y-3.9272 I-0.1149 J-14.3825
G1 X6.8865 Y-3.9355
G2 X7.319 Y-3.9725 I-0.4006 J-7.2365
X7.4982 Y-3.997 I-0.2335 J-2.3687
G1 X7.6685 Y-4.0249
G3 X7.7516 Y-4.0202 I0.03 J0.2041
X7.8081 Y-3.9803 I-0.0434 J0.1215
G1 X7.8298 Y-3.9535
X7.8509 Y-3.9242
G2 X7.9382 Y-3.8088 I0.9243 J-0.6085
X8.0764 Y-3.6931 I0.4553 J-0.4032
G1 X8.108 Y-3.6755
X8.1384 Y-3.6599
G3 X8.1879 Y-3.6231 I-0.0829 J0.1634
X8.2136 Y-3.5573 I-0.0634 J0.0626
X8.1875 Y-3.5075 I-0.0944 J-0.0178
G1 X8.1758 Y-3.4939
G3 X8.0763 Y-3.4092 I-0.4927 J-0.4782
G2 X7.8728 Y-3.2584 I3.2267 J4.5664
X7.7091 Y-3.1159 I1.7153 J2.135
X7.6122 Y-3.0117 I1.8022 J1.7748
G3 X7.5616 Y-2.9699 I-0.1745 J-0.1597
X7.4667 Y-2.9568 I-0.0628 J-0.1039
G1 X7.4437 Y-2.9628
X7.4093 Y-2.9741
G2 X7.273 Y-3.0226 I-1.0587 J2.7601
X7.0236 Y-3.0613 I-0.2521 J0.8022
X6.5547 Y-2.896 I0.003 J0.7564
G1 X6.5278 Y-2.8719
X6.4847 Y-2.8288
G3 X6.4186 Y-2.7863 I-0.1316 J-0.1322
X6.3308 Y-2.7908 I-0.0378 J-0.122
G1 X6.3162 Y-2.7961
G3 X6.213 Y-2.855 I0.2318 J-0.5261
G1 X6.1835 Y-2.8758
X6.1543 Y-2.8973
X6.1229 Y-2.9152
X6.086 Y-2.9322
X6.0821 Y-2.9344
X6.0784 Y-2.9369
X6.0768 Y-2.9381
X6.0686 Y-2.9439
X5.8384 Y-3.1036
X5.8318 Y-3.1081
X5.8056 Y-3.1255
X5.5754 Y-3.2728
X5.563 Y-3.2807
X5.5589 Y-3.2832
X5.3041 Y-3.4333
X5.2877 Y-3.4427
X5.0411 Y-3.5759
X5.0164 Y-3.5888
G3 X4.7615 Y-3.7137 I3.7427 J-7.9604
X4.7119 Y-3.7694 I0.0668 J-0.1094
X4.7001 Y-3.8208 I0.0719 J-0.0437
X4.7197 Y-3.8422 I0.0248 J0.0031
X4.7465 Y-3.8303 I0.0052 J0.0245 F300.
G1 X4.794 Y-3.7489
G3 X4.7901 Y-3.7187 I-0.0216 J0.0126
X4.7616 Y-3.7137 I-0.0178 J-0.0176 F50.
G1 X4.7411 Y-3.7245
G3 X4.7094 Y-3.7574 I0.0599 J-0.0893
X4.7003 Y-3.8231 I0.0988 J-0.0473
X4.7055 Y-3.8724 I0.4324 J0.0207
G1 X4.7063 Y-3.8889
G2 X4.7017 Y-3.9674 I-0.6887 J0.0011
G3 X4.7462 Y-4.0567 I0.0957 J-0.0081
X4.8062 Y-4.0827 I0.0897 J0.1245
G1 X4.8205 Y-4.0836
X4.8348 Y-4.082
G3 X4.8539 Y-4.0602 I-0.0057 J0.0243
X4.8452 Y-4.0386 I-0.0249 J0.0026 F300.
G1 X4.7426 Y-3.9517
G3 X4.7215 Y-3.9463 I-0.0161 J-0.0191
X4.7017 Y-3.9674 I0.0049 J-0.0245 F50.
G1 X4.7013 Y-3.9711
X4.6949 Y-4.0039
G3 X4.712 Y-4.0621 I0.0715 J-0.0106
X4.7902 Y-4.0905 I0.063 J0.0516
G1 X4.7939 Y-4.0894
X4.7974 Y-4.0877
X4.8005 Y-4.0855
X4.8033 Y-4.0829
X4.8057 Y-4.0798
X4.8075 Y-4.0765
X4.8089 Y-4.0728
X4.8096 Y-4.069
G3 X4.8011 Y-4.0472 I-0.0248 J0.0029 F300.
G1 X4.7356 Y-3.9907
G3 X4.7166 Y-3.9847 I-0.0163 J-0.0189
X4.6949 Y-4.0039 I0.0027 J-0.0249 F50.
G1 X4.6917 Y-4.0204
X4.6897 Y-4.0286
X4.6885 Y-4.033
X4.6873 Y-4.0389
G3 X4.7083 Y-4.0861 I0.0545 J-0.004
X4.7534 Y-4.0973 I0.035 J0.0444
X4.7729 Y-4.0758 I-0.0053 J0.0244
X4.7649 Y-4.0544 I-0.0248 J0.003 F300.
G1 X4.7293 Y-4.0219
G3 X4.7115 Y-4.0153 I-0.0169 J-0.0184
X4.6885 Y-4.033 I0.001 J-0.025 F50.
G1 X4.6854 Y-4.045
X4.6826 Y-4.0532
X4.6806 Y-4.0589
G3 X4.6989 Y-4.0969 I0.0378 J-0.0052
G1 X4.7076 Y-4.1009
X4.7171 Y-4.1027
X4.7268 Y-4.1021
G3 X4.7502 Y-4.0836 I-0.0072 J0.0331
G1 X4.7514 Y-4.0806 F300.
X4.7524 Y-4.0775
G3 X4.7048 Y-4.0331 I-0.0359 J0.0093
X4.6826 Y-4.0532 I0.0117 J-0.0352 F50.
G1 X4.6793 Y-4.0615
X4.6759 Y-4.0697
X4.6754 Y-4.0709
X4.6748 Y-4.0725
X4.6744 Y-4.0738
X4.6741 Y-4.0752
X4.6737 Y-4.0765
X4.6741 Y-4.0776
X4.675 Y-4.0784
G3 X4.7027 Y-4.0822 I0.0188 J0.0346
X4.714 Y-4.0776 I-0.0089 J0.0384 F300.
X4.7196 Y-4.0519 I-0.0093 J0.0155
X4.6936 Y-4.0479 I-0.0149 J-0.0102
G1 X4.6934 Y-4.0481
G3 X4.6748 Y-4.0725 I0.0388 J-0.0487 F50.
G1 X4.6743 Y-4.0738
X4.6734 Y-4.0779
Y-4.0791
X4.6733 Y-4.0807
X4.6732 Y-4.082
X4.6737 Y-4.0853
X4.6741 Y-4.087
X4.6744 Y-4.0886
X4.6749 Y-4.0902
G3 X4.7009 Y-4.0948 I0.0146 J0.007
X4.6959 Y-4.0683 I-0.0114 J0.0115 F300.
X4.6801 Y-4.07 I-0.0064 J-0.0149 F50.
X4.6732 Y-4.082 I0.0095 J-0.0135
X4.704 Y-4.1063 I0.0258 J0.0009
G1 X4.7862 Y-4.0913
X4.8109 Y-4.0867
X5. Y-4.0492
X5.0082 Y-4.0478
X5.0411 Y-4.0429
X5.337 Y-3.9993
X5.3534 Y-3.9973
X5.3617 Y-3.9963
X5.6823 Y-3.9627
X5.6905 Y-3.962
X5.7151 Y-3.9603
X6.0111 Y-3.9415
X6.0357 Y-3.9401
X6.044 Y-3.9398
X6.3646 Y-3.9328
X6.3728
X6.3892 Y-3.9327
X6.3974 Y-3.9328
X6.718 Y-3.9391
X6.7263 Y-3.9394
X6.7509 Y-3.9407
X7.0469 Y-3.9589
X7.0715 Y-3.9605
X7.0797 Y-3.9612
X7.4003 Y-3.9942
X7.4086 Y-3.9952
X7.425 Y-3.9973
X7.4332 Y-3.9984
X7.6141 Y-4.0263
X7.6305 Y-4.0286
X7.7292 Y-4.0422
X7.7374 Y-4.0432
G3 X7.8096 Y-4.0237 I0.0084 J0.1125
X7.8462 Y-3.9921 I-0.049 J0.0938
G1 X7.8536 Y-3.9788
G3 X7.8467 Y-3.9507 I-0.0232 J0.0093
X7.8183 Y-3.9477 I-0.0164 J-0.0189 F300.
G1 X7.7294 Y-3.9967
G3 X7.7168 Y-4.0228 I0.0121 J-0.0219
X7.7374 Y-4.0432 I0.0246 J0.0043 F50.
G1 X7.7538 Y-4.0452
G3 X7.8198 Y-4.0286 I0.0117 J0.0928
X7.853 Y-3.9802 I-0.0729 J0.0856
G1 X7.8607 Y-3.9627
X7.8641 Y-3.9546
X7.8728 Y-3.93
X7.8809 Y-3.9135
X7.8853 Y-3.9045
G2 X7.9197 Y-3.8478 I1.9556 J-1.1461
X7.9744 Y-3.782 I1.134 J-0.8869
G1 X7.984 Y-3.7732
X8.0251 Y-3.7364
G2 X8.1055 Y-3.6834 I0.4616 J-0.6126
X8.1826 Y-3.6496 I0.424 J-0.8619
G3 X8.2412 Y-3.5495 I-0.0298 J0.0847
X8.2168 Y-3.4843 I-0.1561 J-0.0213
G1 X8.2082 Y-3.4721
X8.1974 Y-3.4618
X8.185 Y-3.4535
X8.1546 Y-3.4369
X8.1484 Y-3.4335
X8.132 Y-3.4238
X7.984 Y-3.327
X7.9758 Y-3.3211
X7.9675 Y-3.3149
X7.836 Y-3.2133
X7.8278 Y-3.2064
X7.8114 Y-3.1922
X7.8093 Y-3.1903
X7.6915 Y-3.0835
X7.6881 Y-3.08
X7.6754 Y-3.0671
G3 X7.568 Y-2.952 I-2.5024 J-2.2273
X7.4935 Y-2.9205 I-0.0779 J-0.0802
X7.4458 Y-2.9243 I-0.0157 J-0.105
G1 X7.4323 Y-2.9304
G3 X7.4209 Y-2.9571 I0.0131 J-0.0213
X7.4413 Y-2.9764 I0.0244 J0.0054 F300.
G1 X7.5454 Y-2.9934
G3 X7.5713 Y-2.9808 I0.004 J0.0247
X7.568 Y-2.952 I-0.0219 J0.0121 F50.
X7.5466 Y-2.9307 I-0.5007 J-0.4811
X7.5072 Y-2.9117 I-0.0635 J-0.081
X7.4526 Y-2.9194 I-0.0151 J-0.0902
X7.3675 Y-2.9701 I0.4633 J-0.8742
G1 X7.3428 Y-2.9813
X7.2935 Y-3.0028
X7.2852 Y-3.006
G2 X7.1784 Y-3.0371 I-0.3249 J0.9179
G1 X7.1044 Y-3.0489
G2 X6.9975 Y-3.0527 I-0.1001 J1.3326
G1 X6.9482 Y-3.0482
G2 X6.8907 Y-3.0403 I0.0205 J0.3639
X6.8084 Y-3.0209 I0.184 J0.9624
G1 X6.7427 Y-2.9974
X6.7345 Y-2.9944
G2 X6.6523 Y-2.9533 I1.081 J2.2675
G1 X6.6358 Y-2.9432
X6.5865 Y-2.9099
G2 X6.5536 Y-2.8845 I0.1426 J0.2186
G1 X6.5207 Y-2.8557
X6.4997 Y-2.8369
G3 X6.4497 Y-2.7793 I-1.9358 J-1.6286
X6.3708 Y-2.7486 I-0.0768 J-0.0804
X6.3065 Y-2.7647 I-0.0106 J-0.0943
G1 X6.3036 Y-2.7673
X6.3012 Y-2.7704
X6.2993 Y-2.7737
X6.2979 Y-2.7774
X6.2971 Y-2.7811
X6.2969 Y-2.785
X6.2973 Y-2.7889
X6.2983 Y-2.7926
G3 X6.3194 Y-2.8093 I0.0236 J0.0081 F300.
G1 X6.4281 Y-2.8206
G3 X6.4522 Y-2.8083 I0.0026 J0.0249
X6.4496 Y-2.7794 I-0.0216 J0.0126 F50.
X6.4221 Y-2.7533 I-0.1067 J-0.0848
X6.3399 Y-2.7445 I-0.0486 J-0.0655
G1 X6.3317 Y-2.7479
X6.3276 Y-2.7498
G3 X6.2166 Y-2.8313 I2.8664 J-4.0219
G1 X6.0803 Y-2.9356
X6.0784 Y-2.9369
G3 X6.0703 Y-2.9647 I0.0154 J-0.0197
X6.0862 Y-2.9803 I0.0236 J0.0081 F300.
G1 X8.1527 Y-3.6441
X8.1687 Y-3.6493 F50.
G3 X8.1826 Y-3.6496 I0.0076 J0.0238
G1 X8.1895 Y-3.6476
X8.2187 Y-3.6391
G3 X8.2661 Y-3.5889 I-0.0231 J0.0693
X8.2618 Y-3.5097 I-0.0877 J0.035
G1 X8.2527 Y-3.497
X8.2416 Y-3.4861
X8.2287 Y-3.4774
X8.185 Y-3.4535
G3 X8.1563 Y-3.4579 I-0.0112 J-0.0223
X8.1497 Y-3.4826 I0.0174 J-0.0179 F300.
G1 X8.1885 Y-3.6216
X8.1898 Y-3.6252
X8.1917 Y-3.6286
G3 X8.2187 Y-3.6391 I0.0209 J0.0137 F50.
G1 X8.2306 Y-3.6357
X8.2364 Y-3.6341
X8.247 Y-3.6317
G3 X8.2909 Y-3.5938 I-0.0175 J0.0646
G1 X8.2938 Y-3.5886
G3 X8.2617 Y-3.4955 I-0.0669 J0.029
G1 X8.2287 Y-3.4774
G3 X8.2 Y-3.4818 I-0.0112 J-0.0223
X8.1931 Y-3.5054 I0.0174 J-0.0179 F300.
G1 X8.2181 Y-3.6128
X8.2192 Y-3.6163
X8.2207 Y-3.6196
G3 X8.247 Y-3.6317 I0.0217 J0.0124 F50.
G1 X8.2553 Y-3.6299
X8.2635 Y-3.6283
X8.2731 Y-3.6271
G3 X8.3178 Y-3.5896 I-0.0096 J0.057
X8.2888 Y-3.5103 I-0.0595 J0.0232
G1 X8.2617 Y-3.4955
G3 X8.2331 Y-3.4999 I-0.0112 J-0.0223
X8.2262 Y-3.5236 I0.0174 J-0.0179 F300.
G1 X8.2463 Y-3.608
X8.247 Y-3.6103
X8.2479 Y-3.6126
G3 X8.2731 Y-3.6271 I0.0227 J0.0104 F50.
G1 X8.3009 Y-3.6234
G3 X8.3271 Y-3.6099 I-0.0066 J0.0449
X8.3097 Y-3.521 I-0.0422 J0.0379
X8.2813 Y-3.5268 I-0.0102 J-0.0228
X8.2746 Y-3.5434 I0.0183 J-0.0171 F300.
G1 X8.2735 Y-3.598
G3 X8.2757 Y-3.6089 I0.025 J-0.0005
X8.3009 Y-3.6234 I0.0227 J0.0104 F50.
G1 X8.3128 Y-3.6218
X8.321 Y-3.6211
G3 X8.343 Y-3.6125 I-0.0017 J0.0367
X8.3299 Y-3.5306 I-0.0334 J0.0367
X8.3099 Y-3.5287 I-0.0132 J-0.0323
X8.2999 Y-3.5318 I0.0092 J-0.0458
X8.2919 Y-3.6125 I0.0191 J-0.0426 F300.
X8.321 Y-3.6211 I0.0271 J0.038 F50.
G1 X8.3375 Y-3.6198
X8.34
G3 X8.3662 Y-3.6074 I-0.0006 J0.0352
X8.3497 Y-3.5394 I-0.0347 J0.0275
X8.3352 Y-3.5377 I-0.0103 J-0.0254
X8.3201 Y-3.5432 I0.0062 J-0.0408
X8.3122 Y-3.6078 I0.0213 J-0.0354 F300.
X8.34 Y-3.6198 I0.0291 J0.0293 F50.
G1 X8.3457
X8.3581 Y-3.62
G3 X8.3798 Y-3.6115 I0.0013 J0.0284
X8.3672 Y-3.5473 I-0.0289 J0.0276
X8.3548 Y-3.5458 I-0.009 J-0.0221
X8.338 Y-3.5526 I0.0053 J-0.037
X8.3313 Y-3.6065 I0.0221 J-0.0301 F300.
X8.3581 Y-3.62 I0.0288 J0.0238 F50.
G1 X8.3746 Y-3.6203
X8.3806 Y-3.6201
X8.3863 Y-3.6183
X8.3915 Y-3.6154
G3 X8.383 Y-3.5544 I-0.0235 J0.0278
X8.3718 Y-3.553 I-0.0082 J-0.0202
X8.3542 Y-3.5609 I0.0046 J-0.0335
X8.3485 Y-3.6058 I0.0221 J-0.0256 F300.
X8.3746 Y-3.6203 I0.0279 J0.0193 F50.
G1 X8.3893 Y-3.6206
G3 X8.4156 Y-3.6029 I0.0011 J0.0267
X8.3984 Y-3.5613 I-0.0306 J0.0118
X8.3883 Y-3.5598 I-0.0083 J-0.0203
X8.3699 Y-3.568 I0.0025 J-0.0304
X8.3642 Y-3.6049 I0.021 J-0.0221 F300.
X8.3893 Y-3.6206 I0.0267 J0.0147 F50.
G1 X8.4032 Y-3.6209
X8.4046 Y-3.621
G3 X8.4261 Y-3.6091 I0.0024 J0.021
X8.4122 Y-3.5675 I-0.0262 J0.0144
G1 X8.4097 Y-3.5667
X8.4071 Y-3.5663
X8.4045 Y-3.5664
G3 X8.3851 Y-3.5777 I0.0029 J-0.0273
X8.3816 Y-3.6028 I0.0223 J-0.016 F300.
X8.4046 Y-3.621 I0.0259 J0.0092 F50.
X8.4236 Y-3.6197 I0.0073 J0.0343
X8.4196 Y-3.5712 I-0.0092 J0.0237
G1 X8.321 Y-3.5266
X8.3046 Y-3.5185
X8.2964 Y-3.5144
X8.2888 Y-3.5103
X8.2861 Y-3.5091
X8.2832 Y-3.5083
X8.2804 Y-3.508 Z0.4252
X8.2776 Y-3.5076 Z0.4257
X8.2745 Y-3.5082 Z0.4266
X8.2716 Y-3.5087 Z0.428
X8.2689 Y-3.5092 Z0.4297
X8.2665 Y-3.5106 Z0.432
X8.2644 Y-3.5118 Z0.4348
X8.2627 Y-3.5129 Z0.4379
X8.2613 Y-3.5136 Z0.4412
X8.2607 Y-3.5142 Z0.4441
X8.2603 Y-3.5146 Z0.447
X8.2602 Y-3.5147 Z0.45
G0 Z0.7
X9.0783 Y-3.8218
Z0.55
G3 X8.9265 Y-3.765 Z0.5344 I-0.1059 J-0.0519 F40.
X8.8613 Y-3.9129 Z0.5188 I0.0457 J-0.1085
X9.0049 Y-3.9863 Z0.5031 I0.1106 J0.0393
X9.0862 Y-3.8474 Z0.4875 I-0.0329 J0.1124
X8.9524 Y-3.7586 Z0.4719 I-0.1139 J-0.0264
X8.8564 Y-3.8868 Z0.4562 I0.0198 J-0.1149
X8.9786 Y-3.9897 Z0.4406 I0.1156 J0.0132
X9.0881 Y-3.8738 Z0.425 I-0.0066 J0.1159
X8.8559 I-0.1161 J0.
X9.0881 I0.1161 J0.
G1 X9.0886 Y-3.8376 F50.
G3 X9.0884 Y-3.8036 I-0.0542 J0.0167
X9.0243 Y-3.7459 I-0.0807 J-0.0253
G1 X8.9704 Y-3.7351
G3 X8.8579 Y-3.7761 I-0.0199 J-0.1204
X8.8215 Y-3.8548 I0.0957 J-0.0921
G1 X8.8225 Y-3.8702
X8.826 Y-3.8853
X8.8322 Y-3.8994
X8.8355 Y-3.9053
X8.8489 Y-3.93
X8.8523 Y-3.9382
X8.8574 Y-3.9509
G3 X8.9444 Y-4.0211 I0.1097 J0.0471
X9.0992 Y-3.9577 I0.0326 J0.1411
G1 X9.1049 Y-3.9431
X9.1082 Y-3.9278
X9.1087 Y-3.9122
G2 X9.1083 Y-3.8642 I0.3155 J0.0265
G3 X9.1055 Y-3.819 I-0.7039 J-0.0209
X9.0899 Y-3.782 I-0.1016 J-0.021
X9.0691 Y-3.7622 I-0.1016 J-0.0857
X9.0397 Y-3.7492 I-0.0753 J-0.1307
G1 X9.028 Y-3.7466
X9.0243 Y-3.7459
X9.0204 Y-3.7455
X9.0096 Y-3.745
X9.007 Y-3.7446
X9.0002 Y-3.7432
G2 X8.9844 Y-3.7399 I0.0225 J0.1471
G1 X8.9742 Y-3.7363
X8.9704 Y-3.7351
X8.954 Y-3.7319
X8.9458 Y-3.7305
X8.9166 Y-3.7255
G3 X8.8463 Y-3.745 I-0.0116 J-0.0943
X8.8016 Y-3.8012 I0.0577 J-0.0919
X8.8122 Y-3.8643 I0.0772 J-0.0194
G1 X8.8171 Y-3.8724
X8.8219 Y-3.8807
X8.8322 Y-3.8994
G3 X8.8588 Y-3.911 I0.0214 J0.0129
X8.8767 Y-3.8963 I-0.0051 J0.0245 F300.
G1 X8.9346 Y-3.7597
G3 X8.9363 Y-3.7467 I-0.023 J0.0097
X8.9166 Y-3.7255 I-0.0248 J-0.0032 F50.
G1 X8.8755 Y-3.7185
G3 X8.7996 Y-3.7468 I-0.0098 J-0.0895
G1 X8.7905 Y-3.7581
G3 X8.7946 Y-3.84 I0.0612 J-0.038
G1 X8.8006 Y-3.8478
X8.8068 Y-3.856
X8.8123 Y-3.8642
G3 X8.8397 Y-3.8736 I0.0203 J0.0146
X8.8561 Y-3.858 I-0.0072 J0.024 F300.
G1 X8.894 Y-3.7513
G3 X8.8952 Y-3.7397 I-0.0236 J0.0084
X8.8755 Y-3.7185 I-0.0248 J-0.0032 F50.
G1 X8.8629 Y-3.7163
X8.8426 Y-3.7119
G3 X8.7767 Y-3.8169 I-0.014 J-0.0645
G1 X8.7816 Y-3.8231
X8.7946 Y-3.84
G3 X8.8226 Y-3.8475 I0.0193 J0.0159
X8.8381 Y-3.8303 I-0.0087 J0.0234 F300.
G1 X8.8606 Y-3.7423
X8.8612 Y-3.7395
X8.8614 Y-3.7368
X8.8613 Y-3.734
G3 X8.8426 Y-3.7119 I-0.0249 J-0.0021 F50.
G1 X8.8389 Y-3.711
X8.8307 Y-3.7089
X8.8143 Y-3.7045
G3 X8.7487 Y-3.7429 I-0.0132 J-0.0527
X8.7621 Y-3.7985 I0.0542 J-0.0164
X8.7904 Y-3.8049 I0.0187 J0.0166
X8.8033 Y-3.7928 I-0.0096 J0.0231 F300.
G1 X8.8294 Y-3.7393
G3 X8.8319 Y-3.7275 I-0.0225 J0.011
X8.8143 Y-3.7045 I-0.025 J-0.0009 F50.
G1 X8.7882 Y-3.6974
G3 X8.759 Y-3.7002 I-0.0109 J-0.0409
X8.747 Y-3.7835 I0.0242 J-0.046
X8.7663 Y-3.7926 I0.025 J0.0277
G1 X8.7709 Y-3.7931
X8.7756 Y-3.7932
G3 X8.8131 Y-3.715 I-0.0018 J0.0489 F300.
X8.7882 Y-3.6974 I-0.0393 J-0.0293 F50.
G1 X8.7669 Y-3.6916
G3 X8.7299 Y-3.7024 I-0.0096 J-0.0359
X8.731 Y-3.7679 I0.0329 J-0.0323
X8.7479 Y-3.7759 I0.0216 J0.0241
X8.7598 I0.0062 J0.0429
X8.7908 Y-3.7101 I-0.0057 J0.0429 F300.
X8.7669 Y-3.6916 I-0.0367 J-0.0229 F50.
G1 X8.7485 Y-3.6867
X8.7426 Y-3.6854
X8.7366 Y-3.6853
X8.7307 Y-3.6864
G3 X8.7166 Y-3.7542 I0.0141 J-0.0383
X8.7316 Y-3.7612 I0.0192 J0.0215
X8.7456 Y-3.7607 I0.0056 J0.0379
X8.7715 Y-3.7061 I-0.0084 J0.0374 F300.
X8.7485 Y-3.6867 I-0.0343 J-0.0172 F50.
G1 X8.7321 Y-3.6822
X8.7262 Y-3.6809
X8.7202 Y-3.681
G3 X8.6925 Y-3.7112 I0.0071 J-0.0343
X8.7063 Y-3.7446 I0.0361 J-0.0047
X8.7166 Y-3.7489 I0.0141 J0.0195
X8.7358 Y-3.7463 I0.0053 J0.0339
X8.7539 Y-3.7026 I-0.0139 J0.0314 F300.
X8.7321 Y-3.6822 I-0.032 J-0.0124 F50.
G1 X8.7156 Y-3.6778
X8.7097 Y-3.6765
X8.7038 Y-3.6771
X8.6981 Y-3.6789
G3 X8.6944 Y-3.7357 I0.0162 J-0.0296
G1 X8.6971 Y-3.7372
X8.7 Y-3.7383
X8.7031 Y-3.7389
X8.7064 Y-3.7391
G3 X8.7236 Y-3.7339 I0. J0.0313
X8.7364 Y-3.6989 I-0.0172 J0.0262 F300.
X8.7156 Y-3.6778 I-0.0301 J-0.0088 F50.
G1 X8.7023 Y-3.6742
G3 X8.6736 Y-3.6853 I-0.0071 J-0.0242
X8.6814 Y-3.7262 I0.0259 J-0.0163
G1 X8.6839 Y-3.7276
X8.6865 Y-3.7287
X8.6893 Y-3.7293
G3 X8.7105 Y-3.7244 I0.0046 J0.028
X8.7219 Y-3.6961 I-0.0166 J0.0231 F300.
X8.7023 Y-3.6742 I-0.0279 J-0.0052 F50.
G1 X8.6868 Y-3.67
X8.6856 Y-3.6698
X8.684 Y-3.6696
X8.6822 Y-3.6695
G3 X8.6745 Y-3.677 I0.0005 J-0.0082
X8.6908 Y-3.6784 I0.0081 J-0.0007
X8.684 Y-3.6696 I-0.0081 J0.0007
G1 X8.6827 Y-3.6694
X8.6815 Y-3.6695
X8.6799
X8.6786 Y-3.6696
G3 X8.6662 Y-3.7155 I0.0028 J-0.0254
G1 X8.6802 Y-3.7253
X8.6903 Y-3.7327
X8.6937 Y-3.7347
X8.6999 Y-3.7379
X8.7018 Y-3.7391
X8.7036 Y-3.7405
X8.7071 Y-3.7436
X8.7185 Y-3.7533
X8.7201 Y-3.7549
X8.7216 Y-3.7566
X8.7257 Y-3.7621
X8.727 Y-3.7639
X8.7285 Y-3.7656
G2 X8.765 Y-3.8018 I-0.4425 J-0.4834
G1 X8.7767 Y-3.8169
X8.7795 Y-3.8197
G2 X8.7947 Y-3.8342 I-0.1582 J-0.1823
G1 X8.7966 Y-3.8363
X8.7982 Y-3.8387
X8.7983 Y-3.8389
X8.848 Y-3.9216 F300.
X8.8486 Y-3.9226 F50.
X8.8499 Y-3.9251
X8.8509 Y-3.9278
G2 X8.8565 Y-3.9481 I-0.2297 J-0.0742
G1 X8.8574 Y-3.9509
G2 X8.8739 Y-3.9957 I-1.4022 J-0.5437
G3 X8.9252 Y-4.0467 I0.0853 J0.0346
X9.0502 Y-4.0473 I0.0632 J0.1393
X9.106 Y-3.9999 I-0.0284 J0.09
G1 X9.1112 Y-3.985
X9.1137 Y-3.9695
X9.1133 Y-3.9538
G3 X9.0931 Y-3.933 I-0.0247 J-0.0038
G1 X9.0903 Y-3.9327 F300.
X9.0874 Y-3.9326
X9.0846 Y-3.9329
X8.8938 Y-3.9635
G3 X8.8828 Y-3.9681 I0.004 J-0.0247
X8.8739 Y-3.9957 I0.0149 J-0.0201 F50.
G1 X8.8768 Y-4.0039
X8.8792 Y-4.0122
X8.8818 Y-4.0249
G3 X8.9168 Y-4.072 I0.0739 J0.0184
X9.0204 Y-4.0949 I0.0816 J0.1235
X9.0909 Y-4.069 I-0.0099 J0.1359
X9.1188 Y-3.9875 I-0.0555 J0.0646
G1 X9.1154 Y-3.9711
G2 X9.1086 Y-3.9123 I1.3838 J0.1886
G1 X9.108 Y-3.9085
X9.1067 Y-3.9048
X9.1049 Y-3.9014
X9.1027 Y-3.8983
X9.0999 Y-3.8956
X9.0968 Y-3.8933
X9.0933 Y-3.8916
X9.0897 Y-3.8904
G3 X9.071 Y-3.8932 I-0.0059 J-0.0243 F300.
G1 X8.8945 Y-3.9988
X8.8936 Y-3.9993 F50.
G3 X8.8818 Y-4.0249 I0.0128 J-0.0215
G1 X8.8825 Y-4.0286
X8.8841 Y-4.0368
X8.8877 Y-4.0567
G3 X8.9213 Y-4.1051 I0.0756 J0.0165
X9.0258 Y-4.1328 I0.0887 J0.1236
X9.1007 Y-4.1061 I-0.0053 J0.1332
X9.1296 Y-4.0395 I-0.0575 J0.0644
G1 X9.1277 Y-4.0247
X9.1268 Y-4.0204
X9.1205 Y-3.9957
X9.1188 Y-3.9875
G3 X9.0969 Y-3.9686 I-0.0243 J-0.0059
X9.0867 Y-3.9697 I-0.0023 J-0.0249 F300.
G1 X8.9047 Y-4.0294
X8.9028 Y-4.0301
X8.901 Y-4.0309
G3 X8.8877 Y-4.0567 I0.0115 J-0.0222 F50.
X8.8965 Y-4.0953 I0.4871 J0.0899
G1 X8.8991 Y-4.1026
G3 X8.9578 Y-4.1552 I0.0879 J0.0389
G1 X8.9616 Y-4.1558
X8.9655 Y-4.1559
X8.9693 Y-4.1553
X8.973 Y-4.1541
X8.9765 Y-4.1524
X8.9797 Y-4.1502
X8.9825 Y-4.1475
X8.9848 Y-4.1444
G3 X8.9804 Y-4.112 I-0.0209 J0.0137 F300.
G1 X8.9394 Y-4.076
G3 X8.9078 Y-4.0749 I-0.0165 J-0.0188
X8.8991 Y-4.1026 I0.0151 J-0.0199 F50.
X8.9132 Y-4.1272 I0.1698 J0.0805
X8.9458 Y-4.1515 I0.0712 J0.0616
X8.9869 Y-4.1585 I0.0376 J0.097
X9.0619 Y-4.1519 I-0.2075 J2.8012
X9.1103 Y-4.1277 I-0.0204 J0.1009
X9.1274 Y-4.1026 I-0.4376 J0.3174
X9.1301 Y-4.0368 I-0.1013 J0.0371
G1 X9.1286 Y-4.0286
X9.1277 Y-4.0247
X9.1269 Y-4.0219
X9.1256 Y-4.0192
X9.1238 Y-4.0168 Z0.4252
X9.122 Y-4.0145 Z0.4257
X9.1203 Y-4.0122 Z0.4266
X9.1176 Y-4.0105 Z0.4281
X9.1151 Y-4.009 Z0.43
X9.1128 Y-4.0075 Z0.4323
X9.1104 Y-4.0069 Z0.4353
X9.1084 Y-4.0065 Z0.4386
X9.1069 Y-4.0061 Z0.4423
X9.106 Y-4.0059 Z0.4461
X9.1057 Y-4.0058 Z0.45
G0 Z0.7
X3.434 Y-1.0355
Z0.515
G1 Z0.49 F50.
X3.4341 Y-1.0352 Z0.4861
X3.4343 Y-1.0343 Z0.4823
X3.4346 Y-1.0328 Z0.4787
X3.4351 Y-1.0308 Z0.4753
X3.4356 Y-1.0284 Z0.4723
X3.4363 Y-1.0254 Z0.4698
X3.4371 Y-1.0222 Z0.4677
X3.4379 Y-1.0187 Z0.4662
X3.4387 Y-1.0149 Z0.4653
X3.4396 Y-1.0111 Z0.465
G3 X3.4556 Y-0.8746 I-0.6222 J0.1422
G1 X3.4555 Y-0.8695
G3 X3.4213 Y-0.8479 I-0.0602 J-0.0571
X3.3645 Y-0.8341 I-0.064 J-0.1402
G1 X3.1421 Y-0.8402
X3.1339 Y-0.8403
X3.1092
X2.7886 Y-0.8354
X2.7804 Y-0.8352
X2.7393 Y-0.8329
X2.4598 Y-0.817
X2.4516 Y-0.8164
X2.4352 Y-0.8152
X2.4269 Y-0.8146
X2.0981 Y-0.7822
X2.0735 Y-0.7787
X1.8186 Y-0.7417
G3 X1.752 Y-0.7618 I-0.0128 J-0.078
X1.7354 Y-0.8062 I0.0525 J-0.0449
X1.7358 Y-0.8536 I0.1439 J-0.0225
G1 X1.7391 Y-0.864
G3 X1.7636 Y-0.8794 I0.0231 J0.0095
X1.7837 Y-0.8671 I-0.0014 J0.025 F300.
G1 X1.8357 Y-0.779
G3 X1.8389 Y-0.7625 I-0.0215 J0.0127
X1.8186 Y-0.7417 I-0.0247 J-0.0039 F50.
G1 X1.794 Y-0.7382
X1.7775 Y-0.7358
G3 X1.7339 Y-0.7519 I-0.0062 J-0.0507
X1.7215 Y-0.8202 I0.0455 J-0.0436
X1.7467 Y-0.8345 I0.0226 J0.0107
X1.7656 Y-0.8223 I-0.0027 J0.0249 F300.
G1 X1.7947 Y-0.7732
G3 X1.7978 Y-0.7565 I-0.0215 J0.0127
X1.7775 Y-0.7358 I-0.0247 J-0.0039 F50.
X1.7364 Y-0.7368 I-0.0181 J-0.1034
X1.7101 Y-0.7865 I0.0137 J-0.039
X1.7299 Y-0.8399 I0.2795 J0.0732
G2 X1.7572 Y-0.9468 I-0.3929 J-0.1572
X1.7587 Y-1.0454 I-0.3797 J-0.055
G1 X1.7584 Y-1.0536
X1.7585 Y-1.07
G3 X1.8041 Y-1.1719 I0.1386 J0.0009
X1.8331 Y-1.1956 I0.1155 J0.1115
G1 X1.8366 Y-1.1972
X1.8403 Y-1.1982
X1.8442 Y-1.1986
X1.8481 Y-1.1984
X1.8518 Y-1.1976
X1.8555 Y-1.1962
X1.8588 Y-1.1943
X1.8619 Y-1.1919
G3 X1.8664 Y-1.1607 I-0.0169 J0.0184 F300.
G1 X1.805 Y-1.0579
G3 X1.776 Y-1.0468 I-0.0215 J-0.0128
X1.7585 Y-1.07 I0.0076 J-0.0238 F50.
X1.7644 Y-1.1193 I0.2156 J0.0007
X1.8153 Y-1.1851 I0.1173 J0.0382
X1.8679 Y-1.2117 I0.1553 J0.2418
G1 X2.0981 Y-1.3104
X2.1146 Y-1.3175
X2.1392 Y-1.3293
X2.3866 Y-1.4481
X2.5261 Y-1.5211
X2.6653 Y-1.5946
X2.6982 Y-1.6134
X2.912 Y-1.7363
X2.9284 Y-1.7458
X2.9366 Y-1.7507
X3.1756 Y-1.9001
X3.1832 Y-1.905
X3.2009 Y-1.9165
X3.2079 Y-1.9211
X3.4134 Y-2.062
X3.4216 Y-2.0676
X3.4298 Y-2.0729
X3.4429 Y-2.0809
G3 X3.5807 Y-2.0805 I0.0687 J0.1118
X3.6106 Y-2.06 I-0.0643 J0.1255
G1 X3.6131 Y-2.057
X3.6151 Y-2.0537
X3.6165 Y-2.0501
X3.6173 Y-2.0463
X3.6176 Y-2.0424
X3.6173 Y-2.0386
X3.6163 Y-2.0348
X3.6148 Y-2.0313
G3 X3.5894 Y-2.0178 I-0.0223 J-0.0113 F300.
G1 X3.4535 Y-2.0352
G3 X3.4324 Y-2.0538 I0.0032 J-0.0248
X3.4429 Y-2.0809 I0.0242 J-0.0062 F50.
G1 X3.4463 Y-2.083
X3.4545 Y-2.0875
G3 X3.4956 Y-2.1028 I0.1288 J0.2822
G1 X3.4997 Y-2.1035
X3.5203 Y-2.1046
G3 X3.5531 Y-2.0992 I-0.0033 J0.123
G1 X3.5696 Y-2.0923
G3 X3.5942 Y-2.0757 I-0.0355 J0.0791
X3.6422 Y-2.0234 I-0.2128 J0.2432
G2 X3.6845 Y-1.972 I0.4174 J-0.3011
X3.808 Y-1.8707 I0.5443 J-0.5374
X3.8901 Y-1.8245 I0.6961 J-1.1425
X3.9683 Y-1.7932 I0.9848 J-2.3434
X4.145 Y-1.7585 I0.2343 J-0.7257
X4.2355 Y-1.758 I0.0535 J-1.5398
X4.3341 Y-1.7713 I-0.1124 J-1.2073
X4.4739 Y-1.8156 I-0.1581 J-0.7406
G1 X4.4903 Y-1.8236
G3 X4.5564 Y-1.8591 I1.8879 J3.4316
G1 X4.5643 Y-1.8625
G3 X4.6842 Y-1.8575 I0.055 J0.1217
X4.7188 Y-1.8353 I-0.0719 J0.1498
G1 X4.7213 Y-1.8323
X4.7233 Y-1.829
X4.7249 Y-1.8255
X4.7258 Y-1.8217
X4.7262 Y-1.8179
X4.7259 Y-1.814
X4.7251 Y-1.8102
X4.7237 Y-1.8066
G3 X4.6967 Y-1.7928 I-0.0225 J-0.0108 F300.
G1 X4.5709 Y-1.8155
G3 X4.5505 Y-1.837 I0.0044 J-0.0246
X4.5643 Y-1.8625 I0.0248 J-0.0031 F50.
X4.6383 Y-1.8778 I0.0637 J0.1218
X4.6877 Y-1.8606 I-0.0129 J0.1169
G1 X4.7122 Y-1.8412
G3 X4.7558 Y-1.7932 I-0.2706 J0.2895
G1 X4.8355 Y-1.6983
X4.8389 Y-1.6946
X4.852 Y-1.6807
X4.8544 Y-1.6782
X4.9697 Y-1.5631
X4.9787 Y-1.5549
X4.9879 Y-1.5467
X5.1068 Y-1.4453
X5.1133 Y-1.4398
X5.1234 Y-1.4316
X5.1479 Y-1.4138
X5.2594 Y-1.333
X5.2713 Y-1.3248
X5.2794 Y-1.3192
X5.4192 Y-1.2339
X5.4274 Y-1.2291
X5.4476 Y-1.218
X5.4521 Y-1.2156
X5.5261 Y-1.1781
G3 X5.5637 Y-1.1445 I-0.0438 J0.0871
G1 X5.5703 Y-1.1383
X5.5845 Y-1.127
X5.5885 Y-1.125
G3 X5.5294 Y-1.0567 I-0.0789 J-0.0086
X5.484 Y-1.048 I-0.0422 J-0.0968
G2 X5.3863 Y-1.0471 I-0.0445 J0.4429
X5.3042 Y-1.0316 I0.0312 J0.3911
X5.2548 Y-1.0152 I0.0619 J0.27
X5.1562 Y-0.963 I0.172 J0.4436
G1 X5.1479 Y-0.9577
G2 X5.0947 Y-0.914 I1.1908 J1.504
X5.0045 Y-0.7988 I0.3551 J0.3712
X4.9779 Y-0.7413 I0.6611 J0.3402
G1 X4.9687 Y-0.7249
G3 X4.8675 Y-0.657 I-0.1178 J-0.0662
X4.8287 Y-0.6543 I-0.0284 J-0.1298
G1 X4.8249 Y-0.6552
X4.8213 Y-0.6566
X4.818 Y-0.6586
X4.815 Y-0.6611
X4.8125 Y-0.664
X4.8104 Y-0.6673
X4.8089 Y-0.6708
X4.8079 Y-0.6746
G3 X4.8213 Y-0.7014 I0.0246 J-0.0045 F300.
G1 X4.9353 Y-0.7585
G3 X4.9644 Y-0.7535 I0.0112 J0.0224
X4.9687 Y-0.7249 I-0.018 J0.0174 F50.
X4.9342 Y-0.68 I-0.1245 J-0.0601
X4.8849 Y-0.6556 I-0.0779 J-0.0953
X4.8273 Y-0.6546 I-0.0312 J-0.1476
G1 X4.8027 Y-0.6584
X4.7369 Y-0.6715
X4.5067 Y-0.7172
X4.4985 Y-0.7188
X4.4738 Y-0.7228
X4.1779 Y-0.7676
X4.1697 Y-0.7688
X4.1532 Y-0.7711
X4.145 Y-0.7721
X3.8244 Y-0.8072
X3.8162 Y-0.808
X3.7998 Y-0.8093
X3.4956 Y-0.8299
X3.4658 Y-0.8317
X3.4545 Y-0.832
X3.3645 Y-0.8344
G3 X3.3419 Y-0.8526 I0.0015 J-0.025
X3.3536 Y-0.881 I0.0241 J-0.0067 F300.
G1 X3.4792 Y-0.9516
X3.5285 Y-0.9609
X5.4958 Y-1.1832
X5.5014 Y-1.1839 F50.
X5.5261 Y-1.1781
X5.5836 Y-1.1489
X5.585 Y-1.1482
X5.5902 Y-1.1454
X5.6192 Y-1.1237
X5.6528 Y-1.1101
G3 X5.7009 Y-1.0986 I-0.5881 J2.5572
G1 X5.7065 Y-1.0964
X5.7092 Y-1.095
X5.7116 Y-1.0933
X5.7136 Y-1.0911 Z0.4652
X5.7156 Y-1.0889 Z0.4657
X5.7175 Y-1.0868 Z0.4666
X5.7187 Y-1.0838 Z0.4681
X5.7197 Y-1.0811 Z0.47
X5.7207 Y-1.0786 Z0.4723
X5.7209 Y-1.0767 Z0.4745
X5.7211 Y-1.075 Z0.4769
X5.7212 Y-1.0736 Z0.4795
Y-1.0724 Z0.4829
X5.7211 Y-1.0716 Z0.4864
Y-1.0713 Z0.49
G0 Z0.7
X5.5296 Y-1.151
Z0.515
G1 Z0.49 F50.
X5.5299 Y-1.1511 Z0.4861
X5.5308 Z0.4823
X5.5323 Y-1.1513 Z0.4787
X5.5343 Y-1.1514 Z0.4753
X5.5369 Y-1.1517 Z0.4723
X5.5398 Y-1.1519 Z0.4698
X5.5432 Y-1.1522 Z0.4677
X5.5468 Y-1.1525 Z0.4662
X5.5506 Y-1.1529 Z0.4653
X5.5545 Y-1.1532 Z0.465
G3 X5.585 Y-1.1482 I0.0055 J0.0621
G1 X5.611 Y-1.1358
X5.7727 Y-1.0692
G2 X5.9617 Y-1.0082 I2.1159 J-6.2348
G1 X5.97 Y-1.0062
X6.1015 Y-0.9762
X6.1262 Y-0.9705
G3 X6.1681 Y-0.9536 I-0.0522 J0.191
X6.2315 Y-0.8671 I-0.0698 J0.1177
X6.2376 Y-0.8405 I-0.0978 J0.0362
X6.2219 Y-0.8162 I-0.025 J0.0012
X6.1936 Y-0.8231 I-0.0093 J-0.0232 F300.
G1 X6.1024 Y-0.9297
G3 X6.0998 Y-0.9585 I0.019 J-0.0163
X6.1262 Y-0.9705 I0.0216 J0.0126 F50.
X6.1881 Y-0.9441 I-0.0504 J0.2045
X6.2309 Y-0.8851 I-0.0752 J0.0996
G1 X6.2338 Y-0.8728
X6.2356 Y-0.8646
X6.2376 Y-0.8399
G3 X6.2356 Y-0.7742 I-0.9321 J0.0041
G2 X6.2404 Y-0.7002 I1.325 J-0.0482
G1 X6.2447 Y-0.6756
X6.2496 Y-0.6509
X6.2508 Y-0.6427
X6.2517 Y-0.6345
G3 X6.2288 Y-0.5411 I-0.1321 J0.0172
X6.1542 Y-0.4905 I-0.1134 J-0.0871
X6.1302 Y-0.4839 I-0.0382 J-0.0915
X6.105 Y-0.4983 I-0.0025 J-0.0249
X6.1083 Y-0.5245 I0.0227 J-0.0105 F300.
G1 X6.2075 Y-0.6468
G3 X6.2318 Y-0.6556 I0.0194 J0.0158
X6.2517 Y-0.6345 I-0.0049 J0.0245 F50.
X6.2506 Y-0.5769 I-0.2055 J0.0251
G1 X6.2449 Y-0.5605
G3 X6.1838 Y-0.4966 I-0.1094 J-0.0434
G1 X6.159 Y-0.4888
X6.1549 Y-0.4874
X6.1508 Y-0.4867
X6.1262 Y-0.4833
X6.1179 Y-0.4828
X6.0851 Y-0.4816
X6.0768 Y-0.4813
G3 X5.9487 Y-0.5605 I-0.0054 J-0.1345
X5.9361 Y-0.5924 I0.0786 J-0.0496
X5.9491 Y-0.6183 I0.0247 J-0.0038
X5.9762 Y-0.6158 I0.0117 J0.0221 F300.
G1 X6.0906 Y-0.5259
G3 X6.0993 Y-0.4997 I-0.0154 J0.0197
X6.0768 Y-0.4813 I-0.0241 J-0.0066 F50.
G1 X6.0686 Y-0.4811
X6.0604 Y-0.4815
X6.0357 Y-0.4845
G3 X6.0046 Y-0.4946 I0.0323 J-0.153
X5.9518 Y-0.5441 I0.0542 J-0.1108
X5.9292 Y-0.6399 I0.2571 J-0.1114
G2 X5.8384 Y-0.8484 I-0.4824 J0.086
X5.8202 Y-0.8728 I-0.1926 J0.1247
X5.7626 Y-0.9304 I-0.5399 J0.4819
G1 X5.7545 Y-0.9374
X5.729 Y-0.963
G2 X5.6877 Y-0.9828 I-0.2162 J0.3991
G1 X5.6846 Y-0.985
X5.6818 Y-0.9878
X5.6796 Y-0.9909
X5.6778 Y-0.9943
X5.6765 Y-0.998
X5.6759 Y-1.0018
X5.6758 Y-1.0056
X5.6764 Y-1.0095
G3 X5.7139 Y-1.0254 I0.0244 J0.0054 F300.
X5.7664 Y-0.9544 I-0.0617 J0.1007
X5.7698 Y-0.9344 I-0.1143 J0.0297 F50.
G1 X5.7697 Y-0.9329
X5.7691 Y-0.9315
X5.7681 Y-0.9304
X5.7668 Y-0.9297
X5.7653 Y-0.9294
X5.7638 Y-0.9296
X5.7625 Y-0.9303
G2 X5.6639 Y-0.9959 I-0.319 J0.3727
X5.6412 Y-1.007 I-0.0579 J0.0893
X5.5755 Y-1.0314 I-0.7241 J1.8546
X5.484 Y-1.0481 I-0.1507 J0.5656
G1 X5.4811 Y-1.0485
X5.4782 Y-1.0493
X5.4756 Y-1.0508 Z0.4652
X5.473 Y-1.0522 Z0.4657
X5.4705 Y-1.0536 Z0.4666
X5.4685 Y-1.0561 Z0.4681
X5.4666 Y-1.0583 Z0.47
X5.4649 Y-1.0603 Z0.4723
X5.4639 Y-1.0627 Z0.4753
X5.4632 Y-1.0646 Z0.4786
X5.4626 Y-1.066 Z0.4823
X5.4623 Y-1.0668 Z0.4861
X5.4622 Y-1.0671 Z0.49
G0 Z0.7
X6.1202 Y-3.1073
Z0.515
G1 Z0.49 F50.
X6.1201 Y-3.107 Z0.4861
X6.1198 Y-3.1061 Z0.4823
X6.1193 Y-3.1047 Z0.4787
X6.1185 Y-3.1028 Z0.4753
X6.1177 Y-3.1004 Z0.4723
X6.1166 Y-3.0976 Z0.4698
X6.1154 Y-3.0945 Z0.4677
X6.1142 Y-3.0911 Z0.4662
X6.1129 Y-3.0875 Z0.4653
X6.1115 Y-3.0838 Z0.465
G3 X6.05 Y-2.9609 I-0.5983 J-0.2223
G1 X6.0472 Y-2.9569
G3 X6.0069 Y-2.9574 I-0.0192 J-0.0794
X5.9516 Y-2.9771 I0.0232 J-0.1527
G1 X5.8056 Y-3.0786
X5.7973 Y-3.0841
X5.7809 Y-3.0947
X5.5507 Y-3.2421
X5.5414 Y-3.2479
X5.5343 Y-3.2522
X5.2877 Y-3.3975
X5.2712 Y-3.407
X5.0164 Y-3.5446
X5.0082 Y-3.5488
X4.9917 Y-3.5572
X4.9858 Y-3.5602
X4.7664 Y-3.667
X4.7451 Y-3.6774
X4.7369 Y-3.6819
X4.7287 Y-3.687
G3 X4.6646 Y-3.782 I0.0744 J-0.1193
X4.6606 Y-3.8056 I0.099 J-0.0289
X4.6772 Y-3.8294 I0.025 J-0.0002
X4.7073 Y-3.8182 I0.0084 J0.0236 F300.
G1 X4.7628 Y-3.7211
G3 X4.7575 Y-3.6898 I-0.0217 J0.0124
X4.7287 Y-3.687 I-0.0164 J-0.0189 F50.
X4.6787 Y-3.7326 I0.0627 J-0.1188
X4.6642 Y-3.7656 I0.1068 J-0.0667
X4.6622 Y-3.8396 I0.2479 J-0.0438
G2 X4.6645 Y-3.9464 I-0.4201 J-0.0626
X4.6468 Y-4.0369 I-0.4717 J0.0452
G3 X4.6577 Y-4.1105 I0.0681 J-0.0275
X4.698 Y-4.131 I0.0566 J0.0612
X4.7519 Y-4.1372 I0.047 J0.1712
G1 X4.7589 Y-4.1359
G3 X4.7781 Y-4.1143 I-0.0056 J0.0244
X4.7687 Y-4.0919 I-0.0249 J0.0027 F300.
G1 X4.6851 Y-4.0267
G3 X4.6712 Y-4.0214 I-0.0154 J-0.0197
X4.6466 Y-4.0368 I-0.0015 J-0.025 F50.
G1 X4.6343 Y-4.0697
X4.6328 Y-4.0742
G3 X4.6337 Y-4.1094 I0.0471 J-0.0164
X4.7008 Y-4.147 I0.0581 J0.025
X4.7211 Y-4.1263 I-0.0044 J0.0246
X4.7138 Y-4.1045 I-0.0247 J0.0039 F300.
G1 X4.6734 Y-4.0653
G3 X4.657 Y-4.0583 I-0.0174 J-0.0179
X4.6328 Y-4.0742 I-0.0009 J-0.025 F50.
X4.6253 Y-4.1026 I0.2501 J-0.0805
X4.6711 Y-4.1506 I0.0409 J-0.0068
G1 X4.6794 Y-4.1498
X4.6958 Y-4.1478
X4.704 Y-4.1466
X4.7533 Y-4.137
X5. Y-4.0891
X5.0082 Y-4.0876
X5.0246 Y-4.085
X5.0328 Y-4.0837
X5.3288 Y-4.0402
X5.3534 Y-4.0368
X5.3617 Y-4.0358
X5.6823 Y-4.0021
X5.6905 Y-4.0014
X5.7069 Y-4.0001
X5.7151 Y-3.9995
X6.0111 Y-3.9808
X6.0371 Y-3.9793
X6.044 Y-3.979
X6.3646 Y-3.9721
X6.3728 Y-3.972
X6.3892
X6.3974
X6.718 Y-3.9783
X6.7263 Y-3.9786
X6.7509 Y-3.98
X7.0633 Y-3.9992
X7.0715 Y-3.9998
X7.088 Y-4.0015
X7.4003 Y-4.0336
X7.4086 Y-4.0346
X7.4332 Y-4.038
X7.7127 Y-4.0798
X7.7292 Y-4.0822
X7.7374 Y-4.0831
X7.7538 Y-4.084
G3 X7.8641 Y-4.033 I0.0045 J0.1352
X7.8844 Y-4.0046 I-0.0667 J0.0689
G1 X7.8854 Y-4.0015
X7.8861 Y-3.9983
X7.8863 Y-3.9951
Y-3.995
G3 X7.8779 Y-3.9763 I-0.025 J0.
X7.8483 Y-3.9737 I-0.0166 J-0.0187 F300.
G1 X7.7431 Y-4.0378
G3 X7.7318 Y-4.0651 I0.013 J-0.0213
X7.7538 Y-4.084 I0.0243 J0.006 F50.
G1 X7.762 Y-4.0845
X7.7703 Y-4.0847
G3 X7.8101 Y-4.0779 I-0.0028 J0.1376
G1 X7.8282 Y-4.0697
G3 X7.8563 Y-4.0487 I-0.0647 J0.1158
G1 X7.8607 Y-4.0432
X7.8723 Y-4.0286
G3 X7.9048 Y-3.9546 I-0.3793 J0.2107
G2 X7.9903 Y-3.8232 I0.4417 J-0.1943
G1 X8.0004 Y-3.8116
G2 X8.0578 Y-3.7606 I0.9511 J-1.0111
X8.1319 Y-3.7139 I0.393 J-0.5419
X8.1895 Y-3.6889 I0.2494 J-0.4948
X8.2634 Y-3.6678 I0.2406 J-0.7055
G1 X8.2881 Y-3.6649
G2 X8.3868 Y-3.6597 I0.0713 J-0.409
G3 X8.4195 Y-3.656 I0.004 J0.1116
G2 X8.4554 Y-3.658 I0.0137 J-0.0744
G3 X8.4677 Y-3.5839 I-0.0659 J0.049
X8.4091 Y-3.5228 I-0.1279 J-0.0639
G1 X8.3375 Y-3.491
X8.3292 Y-3.4873
G2 X8.1566 Y-3.393 I4.9759 J9.3195
X7.9981 Y-3.289 I5.2029 J8.1028
G1 X7.9922 Y-3.2845
X7.8689 Y-3.1892
X7.8607 Y-3.1828
X7.8406 Y-3.1657
X7.836 Y-3.1617
X7.7209 Y-3.0573
X7.7142 Y-3.0506
X7.7045 Y-3.0408
G3 X7.5894 Y-2.9171 I-14.3931 J-13.2662
G1 X7.5812 Y-2.9102
X7.5767 Y-2.9065
G3 X7.4655 Y-2.8786 I-0.0849 J-0.1026
X7.426 Y-2.8893 I0.0136 J-0.1279
X7.413 Y-2.9152 I0.0117 J-0.0221
X7.4349 Y-2.9363 I0.0247 J0.0038 F300.
G1 X7.5573 Y-2.9501
G3 X7.5833 Y-2.9347 I0.0028 J0.0248
X7.5767 Y-2.9065 I-0.0231 J0.0094 F50.
X7.5401 Y-2.8812 I-0.0997 J-0.1049
X7.4702 Y-2.8727 I-0.0493 J-0.114
X7.4004 Y-2.9038 I0.0616 J-0.2318
G2 X7.3347 Y-2.9426 I-1.1709 J1.9104
X7.2606 Y-2.9732 I-0.4005 J0.8661
X7.162 Y-3.0002 I-0.2315 J0.652
G1 X7.1537 Y-3.0013
X7.1044 Y-3.0093
G2 X6.9975 Y-3.0134 I-0.0944 J1.08
X6.8166 Y-2.9823 I0.0361 J0.752
X6.7344 Y-2.9512 I0.3587 J1.074
X6.6521 Y-2.9077 I0.6015 J1.236
X6.5699 Y-2.8474 I0.4887 J0.7525
G1 X6.5489 Y-2.8287
X6.529 Y-2.8104
X6.5232 Y-2.8041
X6.4878 Y-2.763
X6.4806 Y-2.7548
X6.4714 Y-2.7455
G3 X6.4278 Y-2.7145 I-0.1053 J-0.1019
X6.3313 Y-2.7103 I-0.0536 J-0.1212
X6.2933 Y-2.7256 I0.0331 J-0.1368
G1 X6.2903 Y-2.7281
X6.2877 Y-2.731
X6.2856 Y-2.7342
X6.284 Y-2.7378
X6.283 Y-2.7415
X6.2826 Y-2.7453
X6.2828 Y-2.7492
X6.2835 Y-2.753
G3 X6.3048 Y-2.7711 I0.0241 J0.0068 F300.
G1 X6.4503 Y-2.7874
G3 X6.4751 Y-2.7743 I0.0028 J0.0248
X6.4714 Y-2.7455 I-0.0221 J0.0118 F50.
X6.4222 Y-2.7079 I-0.1222 J-0.109
G1 X6.4057 Y-2.7022
X6.4015 Y-2.7009
X6.3974 Y-2.7001
X6.3769 Y-2.6976
X6.3728
X6.3563 Y-2.6993
G3 X6.3235 Y-2.7096 I0.0102 J-0.0893
X6.2905 Y-2.7274 I0.0947 J-0.2152
G1 X6.2741 Y-2.7395
X6.2647 Y-2.7465
X6.0768 Y-2.889
X6.0522 Y-2.9075
X5.9946 Y-2.9475
X5.9517 Y-2.9773
G3 X5.9428 Y-3.0049 I0.015 J-0.02
X5.9617 Y-3.0218 I0.0238 J0.0076 F300.
G1 X8.247 Y-3.5408
G2 X8.3046 Y-3.5814 I-0.0242 J-0.0954
G1 X8.3417 Y-3.6341
G3 X8.3579 Y-3.6495 I0.0503 J0.0367
X8.3868 Y-3.6595 I0.0341 J0.0521 F50.
G2 X8.5347 Y-3.6906 I-0.0232 J-0.4773
G1 X8.543 Y-3.6932
G2 X8.6005 Y-3.7204 I-0.174 J-0.441
X8.658 Y-3.7576 I-0.1714 J-0.3288
X8.7384 Y-3.8312 I-0.2957 J-0.4035
G1 X8.7732 Y-3.8768
G2 X8.8307 Y-3.9904 I-0.3939 J-0.2708
X8.8486 Y-4.0615 I-0.302 J-0.1141
G1 X8.8542 Y-4.0861
G3 X8.8975 Y-4.1613 I0.1367 J0.0287
X8.9668 Y-4.1933 I0.095 J0.1147
X8.9924 Y-4.1975 I0.031 J0.1072
X9.0162 Y-4.1808 I0.0001 J0.025
X9.0082 Y-4.153 I-0.0236 J0.0083 F300.
G1 X8.8944 Y-4.062
G3 X8.8664 Y-4.0598 I-0.0156 J-0.0195
X8.8542 Y-4.0861 I0.0124 J-0.0217 F50.
X8.8764 Y-4.1436 I0.1721 J0.0335
X8.9335 Y-4.189 I0.1037 J0.0719
G1 X8.9376 Y-4.1902
X8.9622 Y-4.1958
X8.9663 Y-4.1964
X8.9951 Y-4.1976
X9.0033 Y-4.197
X9.0444 Y-4.1936
G3 X9.1468 Y-4.1367 I-0.0078 J0.1346
X9.1696 Y-4.0369 I-0.1371 J0.0838
X9.1488 Y-4.0167 I-0.0246 J-0.0045
X9.1255 Y-4.0258 I-0.0038 J-0.0247 F300.
G1 X9.0237 Y-4.153
G3 X9.02 Y-4.1779 I0.0195 J-0.0156
X9.0444 Y-4.1936 I0.0232 J0.0093 F50.
X9.1143 Y-4.1736 I-0.0109 J0.1703
X9.1647 Y-4.1149 I-0.066 J0.1076
G1 X9.1659 Y-4.1108
X9.1706 Y-4.0943
G3 X9.1719 Y-4.0533 I-0.1814 J0.026
G1 X9.1677 Y-4.0245
G2 X9.1549 Y-3.9711 I1.1522 J0.3054
X9.1464 Y-3.8889 I1.1068 J0.1561
G1 X9.1467 Y-3.8642
X9.1464 Y-3.8478
G3 X9.124 Y-3.7698 I-0.1436 J0.0009
X9.0579 Y-3.7162 I-0.1293 J-0.0917
G1 X9.0528 Y-3.7136
X9.0475 Y-3.7116
X9.0421 Y-3.7099
G3 X9.0153 Y-3.721 I-0.0056 J-0.0244
X9.0165 Y-3.7493 I0.0212 J-0.0133 F300.
G1 X9.1014 Y-3.8624
G3 X9.1292 Y-3.8711 I0.02 J0.015
X9.1464 Y-3.8478 I-0.0078 J0.0238 F50.
X9.1402 Y-3.7985 I-0.2193 J-0.0028
X9.0608 Y-3.7157 I-0.1131 J-0.0289
G1 X9.0526 Y-3.7128
X9.028 Y-3.7062
X9.0198 Y-3.7046
X8.8636 Y-3.6767
X8.8389 Y-3.6705
X8.8225 Y-3.6661
X8.7238 Y-3.6394
X8.7169 Y-3.6379
X8.711 Y-3.6369
X8.705 Y-3.6364
X8.6689 Y-3.6353
X8.6342 Y-3.6249
X8.6027 Y-3.6072
G3 X8.5733 Y-3.5898 I-0.0629 J-0.0729
X8.5457 Y-3.5987 I-0.0076 J-0.0238
X8.5579 Y-3.6374 I0.02 J-0.015 F300.
G1 X8.7086 Y-3.687
G3 X8.7414 Y-3.6624 I0.0078 J0.0237
X8.7238 Y-3.6394 I-0.025 J-0.0009 F50.
G1 X8.6992 Y-3.6327
X8.6745 Y-3.6259
X8.6663 Y-3.6231
X8.5132 Y-3.5684
X8.5101 Y-3.5672
X8.4854 Y-3.5574
X8.4549 Y-3.5437
X8.4089 Y-3.5231
G3 X8.3807 Y-3.5297 I-0.0094 J-0.0232
G1 X8.3781 Y-3.5327 Z0.4653
X8.3756 Y-3.5355 Z0.4662
X8.3732 Y-3.5383 Z0.4677
X8.371 Y-3.5408 Z0.4698
X8.3691 Y-3.543 Z0.4723
X8.3674 Y-3.5449 Z0.4753
X8.366 Y-3.5465 Z0.4787
X8.365 Y-3.5476 Z0.4823
X8.3644 Y-3.5483 Z0.4861
X8.3642 Y-3.5485 Z0.49
G0 Z1.1
M5
G53 G0 Z0.
(SCALLOP1)
M9
M1
T72 M6
T13
S7500 M3
G17 G90 G94
G54
G64 P0.0004 Q0.0004
M8
G0 X4.4667 Y-4.1166
G43 Z1.1 H72
G0 Z0.575
G1 Z0.5137 F200.
Y-4.1169 Z0.5105 F50.
X4.4668 Y-4.1177 Z0.5073
X4.4671 Y-4.1191 Z0.5044
X4.4674 Y-4.121 Z0.5017
X4.4677 Y-4.1232 Z0.4994
X4.4682 Y-4.1259 Z0.4975
X4.4686 Y-4.1288 Z0.4961
X4.4692 Y-4.1319 Z0.4953
X4.4697 Y-4.1351 Z0.495
G3 X4.7095 Y-4.3022 I0.1954 J0.0248
G2 X7.727 Y-4.2376 I1.6802 J-7.9803
G3 X8.0278 Y-4.0657 I0.0439 J0.2724
G2 X8.0519 Y-4.0054 I0.4661 J-0.151
X8.6994 Y-4.0966 I0.3087 J-0.1528
G3 X8.7121 Y-4.1585 I0.3919 J0.0477
X8.9958 Y-4.3522 I0.2634 J0.0813
X9.1042 Y-4.3418 I-0.0785 J1.3992
X9.3192 Y-3.996 I-0.0507 J0.2713
G2 X9.3008 Y-3.8335 I0.547 J0.1442
G3 X9.0655 Y-3.5566 I-0.2755 J0.0043
G2 X7.6949 Y-2.804 I0.328 J2.2216
G3 X7.3316 Y-2.7656 I-0.2035 J-0.1868
G2 X6.5897 Y-2.6456 I-0.3065 J0.4585
G3 X6.2028 Y-2.6004 I-0.2161 J-0.1715
G2 X4.6611 Y-3.5471 I-5.0142 J6.4371
G3 X4.5089 Y-3.8489 I0.1186 J-0.2491
G2 X4.4802 Y-4.0423 I-0.353 J-0.0464
G3 X4.4697 Y-4.1351 I0.188 J-0.0682
G1 X4.4709 Y-4.1406
X4.4716 Y-4.1432
X4.4725 Y-4.1458
X4.4747 Y-4.151
X4.4772 Y-4.1559 Z0.4949
X4.48 Y-4.1608
X4.4831 Y-4.1655 Z0.4948
X4.4864 Y-4.17 Z0.4946
X4.4898 Y-4.1745 Z0.4944
X4.4935 Y-4.1789 Z0.4942
X4.5048 Y-4.192 Z0.4934
X4.5085 Y-4.1965 Z0.4932
X4.5121 Y-4.2009 Z0.493
X4.5156 Y-4.2055 Z0.4929
X4.519 Y-4.2102
X4.5238 Y-4.2172
X4.5316 Y-4.2266
X4.5329 Y-4.2282 Z0.4928
X4.5403 Y-4.2359 Z0.4929
X4.547 Y-4.2423
X4.5548 Y-4.2488 Z0.4928
X4.5581 Y-4.2514 Z0.4929
X4.5625 Y-4.2546
X4.5691 Y-4.2591
X4.578 Y-4.2644
X4.5824 Y-4.2669 Z0.4928
X4.5935 Y-4.2723 Z0.4929
X4.6012 Y-4.2754
X4.6089 Y-4.2783
X4.6167 Y-4.2805
X4.6244 Y-4.2826 Z0.4928
X4.6322 Y-4.2842 Z0.4929
X4.6399 Y-4.2855 Z0.4928
X4.6476 Y-4.2864 Z0.4929
X4.6554 Y-4.2871
X4.6631 Y-4.2872
X4.6708 Y-4.2873
X4.6786 Y-4.2867
X4.6863 Y-4.2861
X4.694 Y-4.2848
X4.7018 Y-4.2835
X4.7095 Y-4.282
X4.8101 Y-4.2615
X4.9184 Y-4.2409
X4.9416 Y-4.2367
X5.0349 Y-4.2204
X5.1428 Y-4.203
G2 X6.0403 Y-4.1148 I1.2473 J-8.0756
G1 X6.1409 Y-4.1111
X6.1563 Y-4.1106
X6.2647 Y-4.1082
X6.2956 Y-4.1079
X6.3807 Y-4.1073
G2 X6.8295 Y-4.1191 I0.0084 J-8.189
G1 X6.9455 Y-4.1262
X7.0538 Y-4.1343
X7.108 Y-4.1391
X7.1699 Y-4.1446
X7.2782 Y-4.1558
X7.3556 Y-4.1647
X7.3943 Y-4.1693
X7.5026 Y-4.1835
X7.5954 Y-4.1969
X7.6186 Y-4.2003
X7.727 Y-4.2174
X7.7424 Y-4.2195
G3 X7.7889 Y-4.2205 I0.0288 J0.2477
G1 X7.8043 Y-4.219 Z0.4928
X7.8121 Y-4.2178 Z0.4929
X7.8198 Y-4.2165
X7.8275 Y-4.2148
X7.8362 Y-4.2127
X7.843 Y-4.2108 Z0.4928
X7.8508 Y-4.2084 Z0.4929
X7.8585 Y-4.2058
X7.8608 Y-4.2049 Z0.4928
X7.8662 Y-4.2028 Z0.4929
X7.874 Y-4.1995
X7.8791 Y-4.1972 Z0.4928
X7.8817 Y-4.196 Z0.4929
X7.8945 Y-4.1895
X7.8972 Y-4.188
X7.9075 Y-4.1817
X7.9127 Y-4.1784 Z0.4928
X7.9204 Y-4.173 Z0.4929
X7.9295 Y-4.1663
X7.9388 Y-4.1585
X7.9436 Y-4.1542 Z0.4928
X7.9472 Y-4.1508 Z0.4929
X7.9513 Y-4.1468
X7.9551 Y-4.143 Z0.4928
X7.9622 Y-4.1353 Z0.4929
X7.9668 Y-4.1301
X7.9688 Y-4.1276 Z0.4928
X7.9749 Y-4.1198 Z0.4929
X7.9806 Y-4.1121
X7.9857 Y-4.1043
X7.9906 Y-4.0966 Z0.4928
X7.9949 Y-4.0889 Z0.4929
X7.9992 Y-4.0811
X8.0055 Y-4.0675
X8.0063 Y-4.0656
X8.0094 Y-4.0579
X8.021 Y-4.0265
X8.0238 Y-4.0192
X8.0307 Y-4.0037
X8.0344 Y-3.996
X8.0425 Y-3.9805
X8.0442 Y-3.9775
X8.0519 Y-3.9648
X8.0567 Y-3.9573
X8.0597 Y-3.9529
X8.0675 Y-3.9418
X8.0734 Y-3.9341
X8.0829 Y-3.9225
X8.0862 Y-3.9186
X8.0906 Y-3.9137
X8.1006 Y-3.9031
X8.1061 Y-3.8976
X8.1167 Y-3.8876
X8.1216 Y-3.8833
X8.1255 Y-3.8799
X8.137 Y-3.8706
X8.1452 Y-3.8644
X8.1561 Y-3.8567
X8.1602 Y-3.8539
X8.1682 Y-3.8489
G2 X8.2454 Y-3.8126 I0.1882 J-0.2998
G1 X8.2531 Y-3.8102
X8.2686 Y-3.8057
X8.2763 Y-3.8038
X8.2918 Y-3.8005
X8.2995 Y-3.7991
X8.315 Y-3.7968
G2 X8.4233 Y-3.7994 I0.0458 J-0.3514
G1 X8.4393 Y-3.8025
X8.4465 Y-3.8042
X8.462 Y-3.8083
X8.4697 Y-3.8106
X8.4852 Y-3.8159
X8.4929 Y-3.8188
X8.5095 Y-3.8257
X8.5161 Y-3.8288
X8.5316 Y-3.8365
X8.54 Y-3.8412
X8.5471 Y-3.8454
X8.5548 Y-3.85
X8.5649 Y-3.8567
X8.5761 Y-3.8644
X8.586 Y-3.8722
X8.5958 Y-3.8799
X8.609 Y-3.8918
X8.6129 Y-3.8954
X8.6167 Y-3.8992
G2 X8.6554 Y-3.9444 I-0.2603 J-0.2621
G1 X8.6591 Y-3.9496
X8.6631 Y-3.9553
X8.6709 Y-3.9675
X8.6741 Y-3.9728
X8.6786 Y-3.9808
X8.6864 Y-3.9951
G2 X8.7107 Y-4.0579 I-0.3348 J-0.1661
G1 X8.7129 Y-4.0656
X8.7173 Y-4.0843
X8.7195 Y-4.0966
X8.7234 Y-4.1198
X8.725 Y-4.129 Z0.4928
X8.7265 Y-4.1353 Z0.4929
X8.7284 Y-4.143
X8.7306 Y-4.1508
X8.7357 Y-4.1663
X8.742 Y-4.1817 Z0.4928
X8.7457 Y-4.1895 Z0.4929
X8.7496 Y-4.1972 Z0.4928
X8.7539 Y-4.2049 Z0.4929
X8.7586 Y-4.2127 Z0.4928
X8.7637 Y-4.2207 Z0.4929
X8.7715 Y-4.2315
X8.775 Y-4.2359
X8.7813 Y-4.2436 Z0.4928
X8.7869 Y-4.2501 Z0.4929
X8.7957 Y-4.2591
X8.8024 Y-4.2656
X8.8127 Y-4.2746
X8.8179 Y-4.2787
X8.8256 Y-4.2845
X8.8337 Y-4.2901
X8.8411 Y-4.2948
X8.846 Y-4.2978
X8.8566 Y-4.3036
X8.8643 Y-4.3076
X8.8798 Y-4.3145
X8.8875 Y-4.3173 Z0.4928
X8.8953 Y-4.32 Z0.4929
X8.903 Y-4.3225 Z0.4928
X8.9107 Y-4.3246 Z0.4929
X8.9185 Y-4.3266
X8.9295 Y-4.3288
X8.9339 Y-4.3296
X8.9417 Y-4.3307
X8.9494 Y-4.3316
X8.9572 Y-4.3324
X8.9726 Y-4.333
X8.9804 Y-4.3329
X8.9958 Y-4.3323
X9.0399 Y-4.3288
X9.0732 Y-4.3258
X9.0809 Y-4.325
X9.0887 Y-4.3239
X9.0964 Y-4.3228 Z0.4928
X9.1056 Y-4.321 Z0.4929
X9.1119 Y-4.3197
X9.1196 Y-4.3178
X9.1274 Y-4.3156
X9.1351 Y-4.3132
X9.1506 Y-4.3074
X9.1583 Y-4.3041
X9.1661 Y-4.3005 Z0.4928
X9.1714 Y-4.2978 Z0.4929
X9.1738 Y-4.2966
X9.1853 Y-4.2901
X9.1893 Y-4.2877
X9.1973 Y-4.2823 Z0.4928
X9.2047 Y-4.2771 Z0.4929
X9.2081 Y-4.2746
X9.218 Y-4.2669
X9.2279 Y-4.2579 Z0.4928
X9.2349 Y-4.2514 Z0.4929
X9.2434 Y-4.2423
X9.2491 Y-4.2359
X9.2589 Y-4.2237
X9.2666 Y-4.2125
X9.2714 Y-4.2049
X9.276 Y-4.1972
X9.2804 Y-4.1895
X9.2841 Y-4.1817 Z0.4928
X9.2879 Y-4.174 Z0.4929
X9.291 Y-4.1663 Z0.4928
X9.2941 Y-4.1585 Z0.4929
X9.2967 Y-4.1508 Z0.4928
X9.2991 Y-4.143 Z0.4929
X9.3013 Y-4.1353
X9.3031 Y-4.1276
X9.3053 Y-4.1171
X9.3073 Y-4.1043
X9.3082 Y-4.0966 Z0.4928
X9.3094 Y-4.0811 Z0.4929
X9.3095 Y-4.0734
X9.3094 Y-4.0656
X9.3092 Y-4.0579 Z0.4928
X9.3086 Y-4.0502 Z0.4929
X9.3079 Y-4.0424
X9.3069 Y-4.0347
X9.3053 Y-4.0243
X9.3043 Y-4.0192
X9.3007 Y-4.0037
X9.295 Y-3.9805
X9.2933 Y-3.9728
X9.2898 Y-3.955
X9.2889 Y-3.9496
X9.2876 Y-3.9418
X9.2854 Y-3.9263
X9.2844 Y-3.9186
X9.2823 Y-3.8954
X9.2818 Y-3.8876
X9.2808 Y-3.8644
X9.2809 Y-3.8335
X9.2808 Y-3.818
X9.2795 Y-3.8025
X9.2786 Y-3.7948
X9.2774 Y-3.787
X9.276 Y-3.7793
X9.2743 Y-3.7716
X9.2725 Y-3.7638 Z0.4928
X9.2702 Y-3.7561 Z0.4929
X9.2678 Y-3.7483
X9.2666 Y-3.7448 Z0.4928
X9.2651 Y-3.7406 Z0.4929
X9.2621 Y-3.7329
X9.2588 Y-3.7251
X9.2552 Y-3.7174
X9.2512 Y-3.7093
X9.2434 Y-3.6957
X9.2425 Y-3.6942
X9.2357 Y-3.684
X9.2319 Y-3.6787 Z0.4928
X9.226 Y-3.6709 Z0.4929
G3 X9.1882 Y-3.6322 I-0.1966 J-0.1542
G1 X9.1815 Y-3.6268 Z0.4928
X9.1785 Y-3.6245 Z0.4929
X9.1676 Y-3.6168
X9.1583 Y-3.6109
X9.1506 Y-3.6063 Z0.4928
X9.141 Y-3.6013 Z0.4929
X9.1351 Y-3.5983
X9.1244 Y-3.5936
X9.1196 Y-3.5916
X9.1119 Y-3.5887
X9.1034 Y-3.5858
X9.0964 Y-3.5836
X9.0887 Y-3.5816
X9.0809 Y-3.5797 Z0.4928
X9.0729 Y-3.5781 Z0.4929
G2 X8.8875 Y-3.5434 I0.42 J2.7558
G1 X8.8334 Y-3.5301
G2 X8.3846 Y-3.3636 I0.5609 J2.1991
G1 X8.3352 Y-3.3382
X8.3227 Y-3.3315
X8.284 Y-3.3103
G2 X8.0305 Y-3.1447 I1.1147 J1.9837
X7.8887 Y-3.0286 I1.3741 J1.8224
G1 X7.8508 Y-2.9941
X7.8382 Y-2.9822
X7.8058 Y-2.9512
G2 X7.6806 Y-2.818 I1.7228 J1.7446
G1 X7.6728 Y-2.8098
X7.6651 Y-2.8025
X7.6585 Y-2.7964
X7.6488 Y-2.7887
X7.6419 Y-2.7834
X7.6384 Y-2.7809
X7.6341 Y-2.778
X7.6264 Y-2.7729
X7.6186 Y-2.7684
X7.6109 Y-2.7641 Z0.4928
X7.598 Y-2.7577 Z0.4929
X7.5954 Y-2.7565
X7.58 Y-2.7502
X7.5722 Y-2.7476
X7.5645 Y-2.7451
X7.5568 Y-2.7429
X7.549 Y-2.7411
X7.5413 Y-2.7394 Z0.4928
X7.5335 Y-2.738 Z0.4929
X7.5258 Y-2.7368
X7.5181 Y-2.7359
X7.5103 Y-2.7352
X7.5026 Y-2.7347
X7.4871 Y-2.7344
X7.4716 Y-2.7353
X7.4639 Y-2.736
X7.4562 Y-2.737
X7.4484 Y-2.7381
X7.4407 Y-2.7397
X7.433 Y-2.7413
X7.429 Y-2.7422
X7.4175 Y-2.7454
X7.4097 Y-2.748
X7.402 Y-2.7507
G3 X7.3697 Y-2.7654 I0.0798 J-0.218
G1 X7.3633 Y-2.769 Z0.4928
X7.3556 Y-2.7737 Z0.4929
X7.3324 Y-2.7885
X7.3246 Y-2.7935
X7.32 Y-2.7964
X7.3014 Y-2.807
X7.2937 Y-2.8114
X7.2705 Y-2.823
X7.261 Y-2.8274
X7.2395 Y-2.8367
X7.2163 Y-2.8454
X7.2086 Y-2.8482
X7.1854 Y-2.8555
X7.1752 Y-2.8583
X7.1544 Y-2.8636
X7.1467 Y-2.8653
X7.1312 Y-2.8684
X7.1235 Y-2.87
X7.1157 Y-2.8712
X7.0976 Y-2.8738
X7.0925 Y-2.8744
X7.0848 Y-2.8753
X7.0693 Y-2.8767
X7.0616 Y-2.8773
X7.0538 Y-2.8777
X7.0384 Y-2.8783
X7.0306 Y-2.8785 Z0.4928
X7.0152 Y-2.8783 Z0.4929
X6.9997 Y-2.878 Z0.4928
X6.9842 Y-2.8769 Z0.4929
X6.9687 Y-2.8757 Z0.4928
X6.961 Y-2.8748 Z0.4929
X6.9455 Y-2.8729
X6.9378 Y-2.8718 Z0.4928
X6.9301 Y-2.8705 Z0.4929
X6.9146 Y-2.8676
X6.9067 Y-2.8661
X6.8991 Y-2.8644
X6.8836 Y-2.8607
X6.8747 Y-2.8583
X6.8604 Y-2.8541
X6.8487 Y-2.8506 Z0.4928
X6.8449 Y-2.8494 Z0.4929
X6.8372 Y-2.8466
X6.8217 Y-2.8411 Z0.4928
X6.814 Y-2.838 Z0.4929
X6.7985 Y-2.8316
X6.7908 Y-2.8283 Z0.4928
X6.783 Y-2.8246 Z0.4929
X6.7676 Y-2.8171
X6.7598 Y-2.8132
X6.7434 Y-2.8042
X6.7366 Y-2.8003
X6.7289 Y-2.7956
X6.7134 Y-2.786
X6.7057 Y-2.7808
X6.6902 Y-2.77
X6.6839 Y-2.7655
X6.6641 Y-2.75
X6.6593 Y-2.746
X6.6515 Y-2.7393
X6.6373 Y-2.7268
X6.6206 Y-2.7105
X6.6128 Y-2.7027
X6.5974 Y-2.6859
X6.5896 Y-2.6768
X6.5733 Y-2.6571
X6.5664 Y-2.649
G3 X6.5248 Y-2.6107 I-0.1961 J-0.1713
G1 X6.52 Y-2.6072 Z0.4928
X6.5123 Y-2.602 Z0.4929
X6.5045 Y-2.5971
X6.5012 Y-2.5952
X6.489 Y-2.5886
X6.4868 Y-2.5875
X6.4736 Y-2.5815
X6.4658 Y-2.5783
X6.4581 Y-2.5755
X6.4504 Y-2.5728
X6.4349 Y-2.5685
X6.4271 Y-2.5668
X6.4194 Y-2.5652
X6.4136 Y-2.5642 Z0.4928
X6.4039 Y-2.563 Z0.4929
X6.3962 Y-2.5621
X6.3885 Y-2.5616
X6.3807 Y-2.5612
X6.373 Y-2.5611
X6.3575 Y-2.5616
X6.3498 Y-2.5623
X6.342 Y-2.5631
X6.3337 Y-2.5642
X6.3266 Y-2.5655
X6.3188 Y-2.567 Z0.4928
X6.3111 Y-2.5689 Z0.4929
X6.3034 Y-2.5709
X6.2996 Y-2.572
G3 X6.2569 Y-2.5893 I0.0759 J-0.2484
G1 X6.2492 Y-2.5934 Z0.4928
X6.2415 Y-2.598 Z0.4929
X6.2334 Y-2.6029
X6.226 Y-2.6081
X6.2182 Y-2.6137
X6.2105 Y-2.6195
X6.1254 Y-2.6849
X6.0382 Y-2.75
X5.9956 Y-2.7809
X5.9422 Y-2.8196 Z0.4928
X5.8623 Y-2.8759 Z0.4929
X5.8469 Y-2.8867 Z0.4928
X5.7751 Y-2.9357 Z0.4929
X5.754 Y-2.9501 Z0.4928
X5.6823 Y-2.9976 Z0.4929
X5.6589 Y-3.0131 Z0.4928
X5.5915 Y-3.0565 Z0.4929
X5.5626 Y-3.075 Z0.4928
X5.5005 Y-3.1137 Z0.4929
X5.4678 Y-3.1341 Z0.4928
X5.4119 Y-3.1679 Z0.4929
X5.3735 Y-3.1911 Z0.4928
X5.3207 Y-3.2221 Z0.4929
X5.2743 Y-3.2492 Z0.4928
X5.2202 Y-3.28 Z0.4929
X5.1737 Y-3.3063 Z0.4928
X5.1273 Y-3.3318 Z0.4929
X5.0732 Y-3.3615 Z0.4928
X5.0113 Y-3.3943 Z0.4929
X4.9726 Y-3.4148
X4.8797 Y-3.4625
X4.8643 Y-3.4703
X4.7714 Y-3.5163
X4.6708 Y-3.5645
X4.6554 Y-3.5725
X4.6459 Y-3.5781
X4.6399 Y-3.5819 Z0.4928
X4.6339 Y-3.5858 Z0.4929
X4.6233 Y-3.5936
X4.6167 Y-3.5989
X4.6089 Y-3.6055 Z0.4928
X4.605 Y-3.609 Z0.4929
X4.5935 Y-3.6205
X4.5898 Y-3.6245
X4.5832 Y-3.6322 Z0.4928
X4.578 Y-3.6386 Z0.4929
X4.5703 Y-3.649
X4.5659 Y-3.6555
X4.561 Y-3.6632
X4.5564 Y-3.6709
X4.5524 Y-3.6787 Z0.4928
X4.5484 Y-3.6864 Z0.4929
X4.545 Y-3.6942 Z0.4928
X4.5417 Y-3.7019 Z0.4929
X4.5389 Y-3.7096 Z0.4928
X4.5362 Y-3.7174 Z0.4929
X4.5338 Y-3.7251
X4.5316 Y-3.7336
X4.5299 Y-3.7406
X4.5283 Y-3.7483 Z0.4928
X4.5269 Y-3.7561 Z0.4929
X4.5259 Y-3.7638 Z0.4928
X4.525 Y-3.7716 Z0.4929
X4.5243 Y-3.7793
X4.524 Y-3.787
X4.5238 Y-3.7948
X4.5239 Y-3.8025
X4.5242 Y-3.8102
X4.5247 Y-3.818
X4.5256 Y-3.8257
X4.5296 Y-3.8567
X4.5304 Y-3.8644
X4.5314 Y-3.8799
X4.5317 Y-3.8876
G2 X4.5267 Y-3.9573 I-0.3623 J-0.0093
G1 X4.5238 Y-3.9728
X4.522 Y-3.9805
X4.5201 Y-3.9883
X4.518 Y-3.996
X4.5157 Y-4.0037
X4.5107 Y-4.0192
X4.5006 Y-4.0451
X4.4987 Y-4.0502
X4.4961 Y-4.0579
G3 X4.4886 Y-4.0966 I0.1682 J-0.0523
G1 X4.4882 Y-4.1043
X4.4881 Y-4.1121
X4.4883 Y-4.1198
X4.4889 Y-4.1276
X4.4898 Y-4.1353
X4.4911 Y-4.143
G3 X4.4999 Y-4.174 I0.1724 J0.032
G1 X4.5006 Y-4.1759 Z0.4928
X4.5031 Y-4.1817 Z0.4929
X4.5067 Y-4.1895 Z0.4928
X4.5109 Y-4.1972 Z0.4929
X4.5154 Y-4.2049
X4.519 Y-4.2102
X4.5223 Y-4.2146 Z0.4928
X4.5242 Y-4.2167
X4.5261 Y-4.2186 Z0.4927
X4.5303 Y-4.2223 Z0.4925
X4.5347 Y-4.2256 Z0.4921
X4.5395 Y-4.2286 Z0.4918
X4.5443 Y-4.2313 Z0.4913
X4.5493 Y-4.2338 Z0.4908
X4.5545 Y-4.2361 Z0.4903
X4.5598 Y-4.2383 Z0.4897
X4.5707 Y-4.2424 Z0.4884
X4.5761 Y-4.2444 Z0.4878
X4.5815 Y-4.2464 Z0.4873
X4.5869 Y-4.2485 Z0.4869
X4.5923 Y-4.2507 Z0.4866
X4.5976 Y-4.2532
X4.6012 Y-4.2549
X4.6089 Y-4.258
X4.6119 Y-4.2591
X4.6167 Y-4.2608 Z0.4865
X4.6244 Y-4.263 Z0.4866
X4.6322 Y-4.2648 Z0.4865
X4.6399 Y-4.2663
X4.6436 Y-4.2669
X4.6476 Y-4.2673 Z0.4866
X4.6554 Y-4.268 Z0.4865
X4.6631 Y-4.2683 Z0.4866
X4.6708
X4.6786 Y-4.2677
X4.6863 Y-4.2669
X4.694 Y-4.2656
X4.7018 Y-4.2642
X4.8101 Y-4.2421
X4.9184 Y-4.2216
X5.0267 Y-4.2026
X5.0595 Y-4.1972
X5.1428 Y-4.1838
X5.2511 Y-4.1679
X5.2898 Y-4.1627
X5.3672 Y-4.1524
X5.4755 Y-4.1395
X5.491 Y-4.1378
X5.5915 Y-4.1273
X5.6999 Y-4.1174
X5.7153 Y-4.1162
X5.8159 Y-4.1084
X5.932 Y-4.1011
X6.0403 Y-4.0958
X6.1563 Y-4.0916
X6.2647 Y-4.0893
X6.2956 Y-4.089
X6.3807 Y-4.0883
X6.4968 Y-4.089
X6.6051 Y-4.0911
X6.7212 Y-4.095
X6.8295 Y-4.1001
X6.8527 Y-4.1015
X6.9455 Y-4.1072
X7.0538 Y-4.1153
X7.0848 Y-4.118
X7.1699 Y-4.1256
X7.2086 Y-4.1295
X7.286 Y-4.1375
X7.3943 Y-4.1501
X7.5026 Y-4.1643
X7.5181 Y-4.1665
X7.6186 Y-4.1811
X7.727 Y-4.1982
X7.7347 Y-4.1994
X7.7424 Y-4.2004
X7.7502 Y-4.2012 Z0.4865
X7.7579 Y-4.2017 Z0.4866
X7.7657 Y-4.2022
X7.7734 Y-4.2021
X7.7811 Y-4.2019
X7.7889 Y-4.2015
X7.7966 Y-4.2007
X7.8043 Y-4.1998 Z0.4865
X7.8121 Y-4.1985 Z0.4866
X7.8198 Y-4.1971 Z0.4865
X7.8275 Y-4.1953 Z0.4866
X7.8353 Y-4.1933 Z0.4865
X7.843 Y-4.1909 Z0.4866
X7.8508 Y-4.1884
X7.8585 Y-4.1854
X7.8673 Y-4.1817
X7.874 Y-4.1786
X7.8831 Y-4.174
X7.8894 Y-4.1705
X7.8972 Y-4.1658
X7.9049 Y-4.1606 Z0.4865
X7.908 Y-4.1585 Z0.4866
X7.9127 Y-4.1551 Z0.4865
X7.9184 Y-4.1508 Z0.4866
X7.9281 Y-4.1426 Z0.4865
X7.9359 Y-4.1353 Z0.4866
X7.9436 Y-4.1275 Z0.4865
X7.9513 Y-4.1189 Z0.4866
X7.9569 Y-4.1121 Z0.4865
X7.9591 Y-4.1092 Z0.4866
X7.9627 Y-4.1043 Z0.4865
X7.9668 Y-4.0986 Z0.4866
X7.973 Y-4.0889 Z0.4865
X7.9746 Y-4.0864
X7.9823 Y-4.0725 Z0.4866
X7.989 Y-4.0579
X7.99 Y-4.0554 Z0.4865
X7.9921 Y-4.0502 Z0.4866
X8.0034 Y-4.0192
X8.0065 Y-4.0115
X8.0133 Y-3.996
X8.0171 Y-3.9883
X8.0252 Y-3.9728
X8.0287 Y-3.9664
X8.0364 Y-3.9538
X8.0391 Y-3.9496
X8.0442 Y-3.9418
X8.0519 Y-3.9311
X8.0554 Y-3.9263
X8.0597 Y-3.9209
X8.0679 Y-3.9109
X8.0751 Y-3.9025
X8.0829 Y-3.8942
X8.0906 Y-3.8862
X8.0983 Y-3.8788
X8.1061 Y-3.8717
X8.1145 Y-3.8644
X8.124 Y-3.8567
X8.1293 Y-3.8526
X8.1342 Y-3.8489
X8.1452 Y-3.8412
X8.1525 Y-3.8364
X8.1602 Y-3.8315
X8.1698 Y-3.8257
X8.1757 Y-3.8224
X8.1912 Y-3.8144
X8.1998 Y-3.8102
X8.2144 Y-3.8039
X8.2178 Y-3.8025
X8.2221 Y-3.8008
X8.2388 Y-3.7948
X8.2453 Y-3.7927
X8.2608 Y-3.7882
X8.265 Y-3.787
X8.2686 Y-3.7861
X8.2763 Y-3.7844
X8.284 Y-3.7827
X8.2918 Y-3.7812
X8.2995 Y-3.7799
X8.315 Y-3.7777
X8.3227 Y-3.7768
G2 X8.3923 Y-3.7763 I0.0376 J-0.3708
G1 X8.4001 Y-3.777
X8.4185 Y-3.7793
X8.4233 Y-3.7801
X8.431 Y-3.7815
X8.4388 Y-3.7831
X8.4465 Y-3.7847
X8.4559 Y-3.787
X8.4697 Y-3.7908
X8.4775 Y-3.7932
X8.4929 Y-3.7985
X8.5007 Y-3.8014
X8.5161 Y-3.8079
X8.5239 Y-3.8115
X8.5394 Y-3.8192
X8.5471 Y-3.8234
X8.5548 Y-3.8279
X8.5641 Y-3.8335
X8.5703 Y-3.8375
X8.578 Y-3.8427
X8.5871 Y-3.8489
X8.6012 Y-3.86
X8.6068 Y-3.8644
X8.609 Y-3.8663
X8.6167 Y-3.8732
X8.6245 Y-3.8802
X8.6322 Y-3.8879
X8.6399 Y-3.8959
X8.6467 Y-3.9031
X8.6554 Y-3.9134
X8.6597 Y-3.9186
X8.6631 Y-3.9229
X8.6714 Y-3.9341
X8.6769 Y-3.9418
X8.6786 Y-3.9443
X8.6869 Y-3.9573
X8.6915 Y-3.965
X8.6959 Y-3.9728
X8.7018 Y-3.9838
X8.7041 Y-3.9883
X8.7113 Y-4.0037
X8.7146 Y-4.0115
X8.7206 Y-4.0269
X8.7234 Y-4.0347
X8.7258 Y-4.0424
X8.7282 Y-4.0502
X8.7304 Y-4.0579
X8.7328 Y-4.0673
X8.736 Y-4.0811
X8.7387 Y-4.0966
X8.7427 Y-4.1198 Z0.4865
X8.7442 Y-4.1276
X8.746 Y-4.1353 Z0.4866
X8.7483 Y-4.1436 Z0.4865
X8.7505 Y-4.1508 Z0.4866
X8.7531 Y-4.1585 Z0.4865
X8.7562 Y-4.1663 Z0.4866
X8.7594 Y-4.174 Z0.4865
X8.7637 Y-4.1831 Z0.4866
X8.767 Y-4.1895 Z0.4865
X8.7715 Y-4.1974 Z0.4866
X8.7761 Y-4.2049 Z0.4865
X8.7792 Y-4.2097 Z0.4866
X8.7869 Y-4.2205
X8.7947 Y-4.23 Z0.4865
X8.7997 Y-4.2359 Z0.4866
X8.8024 Y-4.2388
X8.8071 Y-4.2436 Z0.4865
X8.8101 Y-4.2467 Z0.4866
X8.8151 Y-4.2514
X8.8179 Y-4.2539 Z0.4865
X8.8238 Y-4.2591 Z0.4866
X8.8256 Y-4.2606
X8.8338 Y-4.2669 Z0.4865
X8.8411 Y-4.2721 Z0.4866
X8.8447 Y-4.2746 Z0.4865
X8.8488 Y-4.2772
X8.8572 Y-4.2823 Z0.4866
X8.8643 Y-4.2862 Z0.4865
X8.872 Y-4.2902 Z0.4866
X8.8798 Y-4.2938 Z0.4865
X8.8875 Y-4.2971 Z0.4866
X8.8953 Y-4.2999 Z0.4865
X8.903 Y-4.3026 Z0.4866
X8.913 Y-4.3056
X8.9185 Y-4.307
X8.9262 Y-4.3088 Z0.4865
X8.9339 Y-4.3103 Z0.4866
X8.9417 Y-4.3115 Z0.4865
X8.9494 Y-4.3125 Z0.4866
X8.9572 Y-4.3133 Z0.4865
X8.9726 Y-4.314 Z0.4866
X8.9804 Y-4.3139
X8.9952 Y-4.3133
X9.0345 Y-4.3102
X9.0655 Y-4.3074
X9.0732 Y-4.3067 Z0.4865
X9.0809 Y-4.3058 Z0.4866
X9.0887 Y-4.3048 Z0.4865
X9.0964 Y-4.3035
X9.1042 Y-4.3019 Z0.4866
X9.1119 Y-4.3002 Z0.4865
X9.1204 Y-4.2978 Z0.4866
X9.1274 Y-4.2957 Z0.4865
X9.1351 Y-4.293 Z0.4866
X9.1429 Y-4.2901 Z0.4865
X9.1506 Y-4.2867 Z0.4866
X9.1599 Y-4.2823 Z0.4865
X9.1661 Y-4.2791 Z0.4866
X9.1742 Y-4.2746 Z0.4865
X9.1815 Y-4.27 Z0.4866
X9.1863 Y-4.2669 Z0.4865
X9.1893 Y-4.2648
X9.1971 Y-4.2591 Z0.4866
X9.2047 Y-4.2532
X9.2069 Y-4.2514
X9.2155 Y-4.2436 Z0.4865
X9.2202 Y-4.2391 Z0.4866
X9.2234 Y-4.2359
X9.2279 Y-4.2311 Z0.4865
X9.2306 Y-4.2282 Z0.4866
X9.2357 Y-4.2223
X9.2372 Y-4.2204 Z0.4865
X9.2434 Y-4.2126 Z0.4866
X9.2488 Y-4.2049 Z0.4865
X9.2512 Y-4.2015 Z0.4866
X9.2539 Y-4.1972 Z0.4865
X9.2589 Y-4.1889
X9.2629 Y-4.1817 Z0.4866
X9.2668 Y-4.174 Z0.4865
X9.2705 Y-4.1663 Z0.4866
X9.2744 Y-4.1567 Z0.4865
X9.2766 Y-4.1508 Z0.4866
X9.2792 Y-4.143 Z0.4865
X9.2821 Y-4.1333 Z0.4866
X9.2836 Y-4.1276 Z0.4865
X9.2853 Y-4.1198 Z0.4866
X9.2869 Y-4.1121 Z0.4865
X9.2881 Y-4.1043 Z0.4866
X9.2891 Y-4.0966 Z0.4865
X9.2898 Y-4.0885 Z0.4866
X9.2904 Y-4.0811
X9.2905 Y-4.0734 Z0.4865
Y-4.0656 Z0.4866
X9.2902 Y-4.0579 Z0.4865
X9.2896 Y-4.0502 Z0.4866
X9.2888 Y-4.0424 Z0.4865
X9.2877 Y-4.0347 Z0.4866
X9.2865 Y-4.0269
X9.2848 Y-4.0192
X9.2811 Y-4.0037
X9.2774 Y-3.9883
X9.2755 Y-3.9805
X9.274 Y-3.9728
X9.271 Y-3.9573
X9.2697 Y-3.9496
X9.2674 Y-3.9341
X9.2663 Y-3.9263
X9.2654 Y-3.9186
X9.2639 Y-3.9031
X9.2633 Y-3.8954
X9.2628 Y-3.8876
X9.2618 Y-3.8644
X9.2619 Y-3.8335
Y-3.8257
X9.2617 Y-3.818
X9.2612 Y-3.8102
X9.2604 Y-3.8025 Z0.4865
X9.2594 Y-3.7948 Z0.4866
X9.2582 Y-3.787 Z0.4865
X9.2566 Y-3.7793 Z0.4866
X9.2548 Y-3.7716 Z0.4865
X9.2527 Y-3.7638
X9.2504 Y-3.7561 Z0.4866
X9.2477 Y-3.7483 Z0.4865
X9.2447 Y-3.7406 Z0.4866
X9.2434 Y-3.7374 Z0.4865
X9.2415 Y-3.7329 Z0.4866
X9.2357 Y-3.7208 Z0.4865
X9.2339 Y-3.7174 Z0.4866
X9.2279 Y-3.7069
X9.2248 Y-3.7019
X9.2196 Y-3.6942
X9.214 Y-3.6864
X9.2079 Y-3.6787 Z0.4865
X9.2047 Y-3.6748 Z0.4866
X9.2012 Y-3.6709
X9.197 Y-3.6664 Z0.4865
X9.194 Y-3.6632
X9.186 Y-3.6555 Z0.4866
X9.1815 Y-3.6514 Z0.4865
X9.1772 Y-3.6477 Z0.4866
X9.1675 Y-3.64
X9.1566 Y-3.6322 Z0.4865
X9.1506 Y-3.6285 Z0.4866
X9.1428 Y-3.6238 Z0.4865
X9.1351 Y-3.6196 Z0.4866
X9.1274 Y-3.6156
X9.1196 Y-3.6122
X9.1119 Y-3.6089 Z0.4865
X9.1042 Y-3.6061 Z0.4866
X9.0964 Y-3.6035 Z0.4865
X9.0887 Y-3.6012 Z0.4866
X9.0809 Y-3.5992 Z0.4865
X9.0732 Y-3.5975
X9.0655 Y-3.596 Z0.4866
X9.0513 Y-3.5936
X9.0032 Y-3.5858
X8.9958 Y-3.5845
X8.9494 Y-3.5758
X8.9417 Y-3.5743
X8.8871 Y-3.5626
X8.8798 Y-3.5609
X8.8256 Y-3.5477
X8.8101 Y-3.5436
X8.7661 Y-3.5316
X8.7143 Y-3.5162
X8.7096 Y-3.5147
X8.6631 Y-3.4995
X8.6554 Y-3.4969
X8.6439 Y-3.4929
X8.6006 Y-3.4775
X8.5935 Y-3.4749
X8.5394 Y-3.4539
X8.4848 Y-3.431
X8.431 Y-3.4069
X8.3769 Y-3.3809
X8.3305 Y-3.3571
X8.3227 Y-3.353
X8.2813 Y-3.3304
X8.2674 Y-3.3227
X8.2221 Y-3.2964
X8.2144 Y-3.2917
X8.1757 Y-3.2678
X8.1645 Y-3.2608
X8.1172 Y-3.2298
X8.0725 Y-3.1989
X8.0597 Y-3.1896
X8.021 Y-3.1613
X7.9823 Y-3.1314
X7.9696 Y-3.1215
X7.9281 Y-3.0876
X7.9204 Y-3.0811
X7.8864 Y-3.0518
X7.8776 Y-3.0441
X7.843 Y-3.0127
X7.835 Y-3.0054
X7.7946 Y-2.9667
X7.7811 Y-2.9532
X7.7561 Y-2.928
X7.7486 Y-2.9202
X7.7115 Y-2.8809
X7.7038 Y-2.8723
X7.6728 Y-2.8377
X7.6633 Y-2.8274
X7.6573 Y-2.8213 Z0.4865
X7.6473 Y-2.8119 Z0.4866
X7.6419 Y-2.8074
X7.6378 Y-2.8042
X7.6341 Y-2.8013 Z0.4865
X7.6274 Y-2.7964 Z0.4866
X7.6186 Y-2.7905 Z0.4865
X7.6157 Y-2.7887 Z0.4866
X7.6109 Y-2.7859
X7.6022 Y-2.7809 Z0.4865
X7.5954 Y-2.7776 Z0.4866
X7.5877 Y-2.7738
X7.58 Y-2.7707
X7.5722 Y-2.7676 Z0.4865
X7.5645 Y-2.765 Z0.4866
X7.5568 Y-2.7627 Z0.4865
X7.549 Y-2.7606 Z0.4866
X7.5413 Y-2.7588 Z0.4865
X7.536 Y-2.7577
X7.5258 Y-2.756 Z0.4866
X7.5181 Y-2.755 Z0.4865
X7.5103 Y-2.7543 Z0.4866
X7.5026 Y-2.7537 Z0.4865
X7.4949 Y-2.7535 Z0.4866
X7.4871 Y-2.7534
X7.4794 Y-2.7538
X7.4716 Y-2.7543 Z0.4865
X7.4639 Y-2.7551 Z0.4866
X7.4562 Y-2.7562 Z0.4865
X7.4472 Y-2.7577 Z0.4866
X7.4407 Y-2.759
X7.433 Y-2.7608
X7.4252 Y-2.763
X7.4173 Y-2.7655 Z0.4865
X7.4097 Y-2.7681 Z0.4866
X7.402 Y-2.771
X7.3943 Y-2.7744
X7.3865 Y-2.778
X7.3788 Y-2.7821
X7.3711 Y-2.7865 Z0.4865
X7.3633 Y-2.7913 Z0.4866
X7.3479 Y-2.8012
X7.331 Y-2.8119
X7.3246 Y-2.8156
X7.3092 Y-2.8245
X7.304 Y-2.8274
X7.286 Y-2.8365
X7.2782 Y-2.8403
X7.2705 Y-2.8439 Z0.4865
X7.255 Y-2.8507 Z0.4866
X7.2473 Y-2.8541 Z0.4865
X7.2318 Y-2.8599 Z0.4866
X7.2241 Y-2.8628
X7.2149 Y-2.8661 Z0.4865
X7.1931 Y-2.873 Z0.4866
X7.1854 Y-2.8752
X7.1776 Y-2.8773
X7.161 Y-2.8815
X7.1544 Y-2.8831 Z0.4865
X7.1467 Y-2.8847 Z0.4866
X7.1312 Y-2.8878
X7.1228 Y-2.8893 Z0.4865
X7.108 Y-2.8915 Z0.4866
X7.1003 Y-2.8926
X7.0925 Y-2.8935
X7.0848 Y-2.8944
X7.0693 Y-2.8957
X7.0616 Y-2.8963 Z0.4865
X7.0538 Y-2.8967
X7.0448 Y-2.897 Z0.4866
X7.0306 Y-2.8975 Z0.4865
X7.0152 Y-2.8973 Z0.4866
X7.0027 Y-2.897 Z0.4865
X6.9997
X6.9919 Y-2.8965
X6.9842 Y-2.896 Z0.4866
X6.9765 Y-2.8954
X6.9687 Y-2.8948 Z0.4865
X6.961 Y-2.8939
X6.9533 Y-2.893 Z0.4866
X6.9455 Y-2.892
X6.9378 Y-2.8909 Z0.4865
X6.9274 Y-2.8893 Z0.4866
X6.9223 Y-2.8884
X6.9146 Y-2.887
X6.9068 Y-2.8854
X6.8991 Y-2.8838
X6.8893 Y-2.8815
X6.8759 Y-2.8783 Z0.4865
X6.8682 Y-2.8762 Z0.4866
X6.8599 Y-2.8738
X6.8449 Y-2.8693 Z0.4865
X6.8372 Y-2.8668 Z0.4866
X6.8295 Y-2.864
X6.8137 Y-2.8583 Z0.4865
X6.8063 Y-2.8554 Z0.4866
X6.7948 Y-2.8506
X6.783 Y-2.8456 Z0.4865
X6.7753 Y-2.842 Z0.4866
X6.7598 Y-2.8345 Z0.4865
X6.7521 Y-2.8305 Z0.4866
X6.7444 Y-2.8263
X6.7289 Y-2.8177 Z0.4865
X6.7191 Y-2.8119 Z0.4866
X6.7057 Y-2.8035 Z0.4865
X6.6979 Y-2.7985 Z0.4866
X6.6949 Y-2.7964
X6.6729 Y-2.7809 Z0.4865
X6.663 Y-2.7732 Z0.4866
X6.6515 Y-2.7642 Z0.4865
X6.6438 Y-2.7577 Z0.4866
X6.6262 Y-2.7422
X6.6206 Y-2.737
X6.6051 Y-2.7218
X6.6023 Y-2.719
X6.5974 Y-2.7139
X6.5819 Y-2.697
X6.5741 Y-2.6879
X6.5587 Y-2.6692
X6.5509 Y-2.6601 Z0.4865
X6.5482 Y-2.6571
X6.5432 Y-2.6518 Z0.4866
X6.5408 Y-2.6494
X6.5355 Y-2.6441 Z0.4865
X6.5327 Y-2.6416 Z0.4866
X6.5239 Y-2.6339
X6.52 Y-2.6308
X6.5138 Y-2.6262
X6.5026 Y-2.6184
X6.4968 Y-2.6147
X6.49 Y-2.6107
X6.4813 Y-2.606
X6.4736 Y-2.6023
X6.4658 Y-2.5988
X6.4567 Y-2.5952
X6.4504 Y-2.5929
X6.4426 Y-2.5904
X6.4322 Y-2.5875
X6.4271 Y-2.5862 Z0.4865
X6.4194 Y-2.5846 Z0.4866
X6.4117 Y-2.5832 Z0.4865
X6.4039 Y-2.5821 Z0.4866
X6.3962 Y-2.5812
X6.3885 Y-2.5806
X6.3807 Y-2.5802
X6.373 Y-2.5801
X6.3652 Y-2.5803
X6.3575 Y-2.5806 Z0.4865
X6.3498 Y-2.5813 Z0.4866
X6.342 Y-2.5822 Z0.4865
X6.3343 Y-2.5834 Z0.4866
X6.3266 Y-2.5849 Z0.4865
X6.3188 Y-2.5866
X6.3111 Y-2.5885 Z0.4866
X6.3034 Y-2.5907
X6.2956 Y-2.5934
X6.2879 Y-2.5962 Z0.4865
X6.2801 Y-2.5994 Z0.4866
X6.272 Y-2.6029
X6.2647 Y-2.6067
X6.2569 Y-2.6109 Z0.4865
X6.2444 Y-2.6184 Z0.4866
X6.2415 Y-2.6204 Z0.4865
X6.2334 Y-2.6262 Z0.4866
X6.223 Y-2.6339
X6.1409 Y-2.6969
X6.1254 Y-2.7086
X6.0558 Y-2.7606
X6.0403 Y-2.772 Z0.4865
X5.9707 Y-2.8225 Z0.4866
X5.9532 Y-2.8351 Z0.4865
X5.8778 Y-2.8882 Z0.4866
X5.8623 Y-2.899 Z0.4865
X5.7927 Y-2.9467 Z0.4866
X5.7695 Y-2.9625 Z0.4865
X5.7385 Y-2.9831 Z0.4866
X5.6999 Y-3.0088
X5.6689 Y-3.0292 Z0.4865
X5.6098 Y-3.0673 Z0.4866
X5.5736 Y-3.0905 Z0.4865
X5.5219 Y-3.1228 Z0.4866
X5.4832 Y-3.1469 Z0.4865
X5.4614 Y-3.1602 Z0.4866
X5.4291 Y-3.1797
X5.3826 Y-3.2078 Z0.4865
X5.3362 Y-3.235 Z0.4866
X5.2898 Y-3.2622 Z0.4865
X5.2743 Y-3.2711
X5.2434 Y-3.2887 Z0.4866
X5.1833 Y-3.3227 Z0.4865
X5.1505 Y-3.3407 Z0.4866
X5.0809 Y-3.3788 Z0.4865
X5.05 Y-3.3953 Z0.4866
X4.9826 Y-3.431 Z0.4865
X4.9571 Y-3.4441 Z0.4866
X4.8875 Y-3.4799 Z0.4865
X4.8643 Y-3.4915 Z0.4866
X4.7792 Y-3.5336
X4.6863 Y-3.5781
X4.6786 Y-3.5818
X4.6708 Y-3.5858
X4.6631 Y-3.5899 Z0.4865
X4.6554 Y-3.5946 Z0.4866
X4.6476 Y-3.5995 Z0.4865
X4.6449 Y-3.6013 Z0.4866
X4.6343 Y-3.609 Z0.4865
X4.6244 Y-3.6172
X4.6163 Y-3.6245 Z0.4866
X4.6085 Y-3.6322
X4.6012 Y-3.6404 Z0.4865
X4.5935 Y-3.6496 Z0.4866
X4.5891 Y-3.6555 Z0.4865
X4.5857 Y-3.66 Z0.4866
X4.5836 Y-3.6632
X4.578 Y-3.6719 Z0.4865
X4.5739 Y-3.6787 Z0.4866
X4.5697 Y-3.6864 Z0.4865
X4.5658 Y-3.6942 Z0.4866
X4.5623 Y-3.7019 Z0.4865
X4.5591 Y-3.7096 Z0.4866
X4.5562 Y-3.7174 Z0.4865
X4.5537 Y-3.7251 Z0.4866
X4.5514 Y-3.7329 Z0.4865
X4.5494 Y-3.7406 Z0.4866
X4.5477 Y-3.7483 Z0.4865
X4.5462 Y-3.7561 Z0.4866
X4.545 Y-3.7638 Z0.4865
X4.5441 Y-3.7716
X4.5434 Y-3.7793 Z0.4866
X4.543 Y-3.787 Z0.4865
X4.5428 Y-3.7948 Z0.4866
X4.5429 Y-3.8025 Z0.4865
X4.5432 Y-3.8102 Z0.4866
X4.5438 Y-3.818 Z0.4865
X4.5457 Y-3.8335 Z0.4866
X4.5477 Y-3.8489
X4.5487 Y-3.8567
X4.5494 Y-3.8644
X4.5504 Y-3.8799
X4.5506 Y-3.8876
X4.5507 Y-3.9031
X4.5505 Y-3.9109
X4.5496 Y-3.9263
X4.5489 Y-3.9341
X4.547 Y-3.95
X4.546 Y-3.9573
X4.5446 Y-3.965
X4.5431 Y-3.9728
X4.5415 Y-3.9805
X4.5393 Y-3.9896
X4.5377 Y-3.996
X4.5355 Y-4.0037
X4.5332 Y-4.0115
X4.5306 Y-4.0192
X4.528 Y-4.0269
X4.519 Y-4.0502
X4.5161 Y-4.058 Z0.4865
X4.5136 Y-4.0656 Z0.4866
X4.5114 Y-4.0734
X4.5099 Y-4.0811
X4.5086 Y-4.0889 Z0.4865
X4.5084 Y-4.0904 Z0.4866
X4.5077 Y-4.0966
X4.5072 Y-4.1043 Z0.4865
X4.5071 Y-4.1121 Z0.4866
X4.5074 Y-4.1198
X4.508 Y-4.1276 Z0.4865
X4.5084 Y-4.1303
X4.5091 Y-4.1353 Z0.4866
X4.5105 Y-4.143 Z0.4865
X4.5123 Y-4.1508 Z0.4866
X4.5146 Y-4.1585 Z0.4865
X4.5173 Y-4.1663 Z0.4866
X4.5205 Y-4.174
X4.5241 Y-4.1817 Z0.4865
X4.5283 Y-4.1895
X4.5316 Y-4.195
X4.5384 Y-4.2049
X4.5393 Y-4.2062 Z0.4866
X4.5447 Y-4.2127
X4.547 Y-4.2155 Z0.4865
X4.5518 Y-4.2204 Z0.4866
X4.5548 Y-4.2235 Z0.4865
X4.5597 Y-4.2282 Z0.4866
X4.5691 Y-4.2359
X4.578 Y-4.2422 Z0.4865
X4.5802 Y-4.2436
X4.5857 Y-4.247 Z0.4866
X4.5939 Y-4.2514 Z0.4865
X4.5976 Y-4.2532 Z0.4866
X4.6027 Y-4.2553 Z0.4865
X4.6053 Y-4.2562 Z0.4864
X4.608 Y-4.2569 Z0.4862
X4.6134 Y-4.258 Z0.4858
X4.6189 Y-4.2587 Z0.4853
X4.6245 Y-4.259 Z0.4847
X4.6301 Y-4.2589 Z0.4839
X4.6356 Y-4.2586 Z0.4831
X4.6411 Y-4.258 Z0.4822
X4.6468 Y-4.2572 Z0.4813
X4.6525 Y-4.2562 Z0.4803
X4.6581 Y-4.2551 Z0.4794
X4.6638 Y-4.254 Z0.4785
X4.6695 Y-4.2527 Z0.4777
X4.6751 Y-4.2516 Z0.477
X4.6808 Y-4.2504 Z0.4766
X4.6866 Y-4.2494 Z0.4764
X4.694 Y-4.2481 Z0.4763
X4.7018 Y-4.2466 Z0.4764
X4.8024 Y-4.2261
X4.8565 Y-4.2158
X4.9184 Y-4.2041
X5.0267 Y-4.1851
X5.1351 Y-4.1676
X5.1583 Y-4.1641
X5.2511 Y-4.1505
X5.3594 Y-4.1361
X5.3749 Y-4.1341
X5.4755 Y-4.1222
X5.5451 Y-4.1148
X5.5915 Y-4.11
X5.6999 Y-4.1001
X5.7385 Y-4.0971
X5.8159 Y-4.0912
X5.9242 Y-4.0843
X5.9474 Y-4.0831
X6.0403 Y-4.0785
X6.1563 Y-4.0744
X6.2647 Y-4.072
X6.3034 Y-4.0717
X6.3807 Y-4.0711
X6.4968 Y-4.0718
X6.6051 Y-4.0739
X6.7212 Y-4.0778
X6.8295 Y-4.0829
X6.8449 Y-4.0838
X6.9455 Y-4.09
X7.0538 Y-4.098
X7.0693 Y-4.0993
X7.1699 Y-4.1083
X7.2008 Y-4.1114
X7.286 Y-4.1202
X7.3943 Y-4.1328
X7.4175 Y-4.1358
X7.5103 Y-4.148
X7.6186 Y-4.1637
X7.6419 Y-4.1673
X7.733 Y-4.1817
X7.7424 Y-4.183
X7.7502 Y-4.1839 Z0.4763
X7.7579 Y-4.1845 Z0.4764
X7.7657 Y-4.1849
X7.7734
X7.7811 Y-4.1847
X7.7889 Y-4.1842
X7.7966 Y-4.1834
X7.8043 Y-4.1824 Z0.4763
X7.8121 Y-4.181 Z0.4764
X7.8198 Y-4.1794 Z0.4763
X7.8275 Y-4.1775 Z0.4764
X7.8353 Y-4.1753 Z0.4763
X7.843 Y-4.1728 Z0.4764
X7.8508 Y-4.17
X7.8597 Y-4.1663
X7.8662 Y-4.1633
X7.8756 Y-4.1585
X7.8817 Y-4.155
X7.8894 Y-4.1503 Z0.4763
X7.8972 Y-4.1451 Z0.4764
X7.9049 Y-4.1394 Z0.4763
X7.9101 Y-4.1353 Z0.4764
X7.9127 Y-4.1331
X7.919 Y-4.1276 Z0.4763
X7.9271 Y-4.1198
X7.9281 Y-4.1187
X7.9359 Y-4.1104 Z0.4764
X7.941 Y-4.1043 Z0.4763
X7.9436 Y-4.1011 Z0.4764
X7.947 Y-4.0966
X7.9513 Y-4.0907 Z0.4763
X7.9526 Y-4.0889 Z0.4764
X7.9591 Y-4.0788 Z0.4763
X7.9621 Y-4.0734 Z0.4764
X7.9668 Y-4.0649
X7.9701 Y-4.0579
X7.9736 Y-4.0502 Z0.4763
X7.9766 Y-4.0424 Z0.4764
X7.9851 Y-4.0192
X7.988 Y-4.0115
X7.99 Y-4.0063
X7.9911 Y-4.0037
X7.998 Y-3.9883
X8.0017 Y-3.9805
X8.0098 Y-3.965
X8.0132 Y-3.9588
X8.021 Y-3.9461
X8.0237 Y-3.9418
X8.0287 Y-3.9341
X8.0364 Y-3.9231
X8.0397 Y-3.9186
X8.0442 Y-3.9127
X8.0456 Y-3.9109
X8.052 Y-3.9031
X8.0597 Y-3.894 Z0.4765
X8.0674 Y-3.8855 Z0.4764
X8.0751 Y-3.8774 Z0.4765
X8.0803 Y-3.8722
X8.0885 Y-3.8644 Z0.4764
X8.0983 Y-3.8556 Z0.4765
X8.1063 Y-3.8489 Z0.4764
X8.1138 Y-3.8428
X8.1216 Y-3.8369
X8.1293 Y-3.8313
X8.1373 Y-3.8257
X8.1448 Y-3.8209
X8.1525 Y-3.8161
X8.1622 Y-3.8102
X8.168 Y-3.8071
X8.1835 Y-3.799
X8.1923 Y-3.7948
X8.2067 Y-3.7885
X8.2144 Y-3.7853
X8.2221 Y-3.7825
X8.231 Y-3.7793
X8.2376 Y-3.777 Z0.4765
X8.2531 Y-3.7725 Z0.4764
X8.2608 Y-3.7703
X8.2686 Y-3.7685
X8.2763 Y-3.7668
X8.284 Y-3.7651
X8.2918 Y-3.7637 Z0.4765
X8.2995 Y-3.7625 Z0.4764
X8.315 Y-3.7603
X8.3227 Y-3.7595
X8.3382 Y-3.7584
X8.3459 Y-3.7579
X8.3691 Y-3.7577
X8.3769 Y-3.7581
X8.3923 Y-3.759
X8.4001 Y-3.7597
X8.4156 Y-3.7616
X8.4233 Y-3.7626
X8.431 Y-3.764
X8.4388 Y-3.7655
X8.4465 Y-3.7671
X8.4542 Y-3.7689
X8.4646 Y-3.7716
X8.4775 Y-3.7752 Z0.4765
X8.4852 Y-3.7777 Z0.4764
X8.5007 Y-3.783 Z0.4765
X8.5084 Y-3.786 Z0.4764
X8.5239 Y-3.7925
X8.5288 Y-3.7948 Z0.4765
X8.5316 Y-3.7961 Z0.4764
X8.5471 Y-3.8038
X8.5548 Y-3.808
X8.5626 Y-3.8125
X8.5718 Y-3.818
X8.578 Y-3.822
X8.5858 Y-3.8271
X8.595 Y-3.8335
X8.6012 Y-3.8381
X8.609 Y-3.8442
X8.6167 Y-3.8503
X8.6245 Y-3.857
X8.6326 Y-3.8644
X8.6408 Y-3.8722
X8.6484 Y-3.8799
X8.6558 Y-3.8876
X8.6631 Y-3.896
X8.6709 Y-3.9051
X8.6756 Y-3.9109
X8.6814 Y-3.9186
X8.687 Y-3.9263
X8.6925 Y-3.9341
X8.7018 Y-3.9487
X8.7069 Y-3.9573
X8.7113 Y-3.965
X8.7173 Y-3.9762
X8.7195 Y-3.9805
X8.7267 Y-3.996
X8.7301 Y-4.0037
X8.7361 Y-4.0192
X8.7389 Y-4.0269 Z0.4765
X8.7415 Y-4.0347 Z0.4764
X8.7438 Y-4.0424
X8.7461 Y-4.0502 Z0.4765
X8.7483 Y-4.0581 Z0.4764
X8.7501 Y-4.0656
X8.7519 Y-4.0734
X8.7535 Y-4.0811
X8.7588 Y-4.1121
X8.7602 Y-4.1198 Z0.4763
X8.7619 Y-4.1276 Z0.4764
X8.7638 Y-4.1353 Z0.4763
X8.7661 Y-4.143 Z0.4764
X8.7686 Y-4.1508 Z0.4763
X8.7716 Y-4.1585 Z0.4764
X8.7748 Y-4.1663 Z0.4763
X8.7792 Y-4.1755 Z0.4764
X8.7824 Y-4.1817 Z0.4763
X8.7869 Y-4.1897 Z0.4764
X8.7916 Y-4.1972
X8.7947 Y-4.2018
X8.7969 Y-4.2049 Z0.4763
X8.8028 Y-4.2127 Z0.4764
X8.8091 Y-4.2204 Z0.4763
X8.8161 Y-4.2282 Z0.4764
X8.8179 Y-4.2301 Z0.4763
X8.8256 Y-4.2377 Z0.4764
X8.8334 Y-4.2446
X8.8418 Y-4.2514 Z0.4763
X8.8488 Y-4.2565 Z0.4764
X8.8526 Y-4.2591 Z0.4763
X8.8566 Y-4.2618
X8.8649 Y-4.2669 Z0.4764
X8.872 Y-4.2709 Z0.4763
X8.8798 Y-4.2748 Z0.4764
X8.8875 Y-4.2784
X8.8953 Y-4.2816
X8.8971 Y-4.2823 Z0.4763
X8.903 Y-4.2844
X8.9107 Y-4.287
X8.9185 Y-4.2892 Z0.4764
X8.9218 Y-4.2901
X8.9262 Y-4.2911 Z0.4763
X8.9339 Y-4.2928 Z0.4764
X8.9417 Y-4.2941 Z0.4763
X8.9494 Y-4.2952 Z0.4764
X8.9572 Y-4.296
X8.9649 Y-4.2965
X8.9726 Y-4.2968
X8.9804 Y-4.2967
X8.9881 Y-4.2964
X8.9958 Y-4.296
X9.0268 Y-4.2936
X9.05 Y-4.2916
X9.0663 Y-4.2901
X9.0732 Y-4.2894 Z0.4763
X9.0809 Y-4.2885 Z0.4764
X9.0887 Y-4.2873 Z0.4763
X9.0964 Y-4.2859
X9.1042 Y-4.2843
X9.1119 Y-4.2823 Z0.4764
X9.1196 Y-4.2801 Z0.4763
X9.1274 Y-4.2775 Z0.4764
X9.1351 Y-4.2746 Z0.4763
X9.1428 Y-4.2713 Z0.4764
X9.1506 Y-4.2678 Z0.4763
X9.1524 Y-4.2669
X9.1583 Y-4.2637 Z0.4764
X9.1665 Y-4.2591 Z0.4763
X9.1738 Y-4.2545 Z0.4764
X9.1785 Y-4.2514 Z0.4763
X9.1893 Y-4.2435
X9.197 Y-4.2371 Z0.4764
X9.2047 Y-4.2301 Z0.4763
X9.2068 Y-4.2282 Z0.4764
X9.2125 Y-4.2224
X9.2144 Y-4.2204 Z0.4763
X9.2212 Y-4.2127 Z0.4764
X9.2279 Y-4.2044
X9.2332 Y-4.1972 Z0.4763
X9.2357 Y-4.1936
X9.2384 Y-4.1895 Z0.4764
X9.2434 Y-4.1813 Z0.4763
X9.2475 Y-4.174 Z0.4764
X9.2514 Y-4.1663 Z0.4763
X9.2551 Y-4.1585 Z0.4764
X9.2582 Y-4.1508 Z0.4763
X9.2611 Y-4.143 Z0.4764
X9.2636 Y-4.1353 Z0.4763
X9.2658 Y-4.1276 Z0.4764
X9.2666 Y-4.1245 Z0.4763
X9.2677 Y-4.1198
X9.2694 Y-4.1121
X9.2707 Y-4.1043
X9.2718 Y-4.0966 Z0.4764
X9.2725 Y-4.0889 Z0.4763
X9.2731 Y-4.0811 Z0.4764
X9.2733 Y-4.0734 Z0.4763
X9.2732 Y-4.0656 Z0.4764
X9.2729 Y-4.0579 Z0.4763
X9.2723 Y-4.0502 Z0.4764
X9.2714 Y-4.0424 Z0.4763
X9.2703 Y-4.0347 Z0.4764
X9.2689 Y-4.0269 Z0.4763
X9.2653 Y-4.0115 Z0.4764
X9.2597 Y-3.9883
X9.2589 Y-3.985
X9.258 Y-3.9805
X9.2549 Y-3.965
X9.2535 Y-3.9573
X9.2522 Y-3.9496
X9.25 Y-3.9341
X9.2489 Y-3.9263
X9.2481 Y-3.9186
X9.2467 Y-3.9031
X9.246 Y-3.8954
X9.2456 Y-3.8876
X9.2446 Y-3.8644
X9.2447 Y-3.8335
Y-3.8257
X9.2445 Y-3.818
X9.2434 Y-3.8052 Z0.4763
X9.2431 Y-3.8025
X9.242 Y-3.7948 Z0.4764
X9.2406 Y-3.787 Z0.4763
X9.2389 Y-3.7793 Z0.4764
X9.237 Y-3.7716 Z0.4763
X9.2347 Y-3.7638 Z0.4764
X9.2322 Y-3.7561 Z0.4763
X9.2279 Y-3.745 Z0.4764
X9.2261 Y-3.7406
X9.2224 Y-3.7329
X9.2202 Y-3.7283 Z0.4763
X9.2185 Y-3.7251 Z0.4764
X9.2125 Y-3.7146 Z0.4763
X9.2093 Y-3.7096 Z0.4764
X9.204 Y-3.7019 Z0.4763
X9.1982 Y-3.6942 Z0.4764
X9.192 Y-3.6864
X9.185 Y-3.6787 Z0.4763
X9.1815 Y-3.6751
X9.1773 Y-3.6709 Z0.4764
X9.1738 Y-3.6676
X9.1688 Y-3.6632 Z0.4763
X9.1661 Y-3.6609 Z0.4764
X9.1583 Y-3.6546 Z0.4763
X9.1487 Y-3.6477 Z0.4764
X9.1428 Y-3.6439 Z0.4763
X9.1351 Y-3.6392 Z0.4764
X9.1274 Y-3.635
X9.1196 Y-3.631
X9.1119 Y-3.6276
X9.1042 Y-3.6244 Z0.4763
X9.0964 Y-3.6216 Z0.4764
X9.0887 Y-3.6191 Z0.4763
X9.0801 Y-3.6168 Z0.4764
X9.0732 Y-3.6151 Z0.4763
X9.0655 Y-3.6135 Z0.4764
X9.0577 Y-3.6121
X9.0391 Y-3.609
X9.0036 Y-3.6033
X8.992 Y-3.6013
X8.9417 Y-3.5918
X8.9262 Y-3.5886
X8.8875 Y-3.5803
X8.8775 Y-3.5781
X8.8256 Y-3.5655
X8.8144 Y-3.5626
X8.7637 Y-3.5488
X8.7319 Y-3.5394
X8.7061 Y-3.5316
X8.6864 Y-3.5252
X8.6554 Y-3.5151
X8.6477 Y-3.5125
X8.6245 Y-3.5043
X8.5928 Y-3.4929
X8.5858 Y-3.4903
X8.5327 Y-3.4697
X8.4772 Y-3.4465
X8.4233 Y-3.4223
X8.3691 Y-3.3963
X8.3227 Y-3.3724
X8.315 Y-3.3684
X8.2879 Y-3.3536
X8.2608 Y-3.3388
X8.2144 Y-3.3118
X8.2067 Y-3.3071
X8.1602 Y-3.2785
X8.1525 Y-3.2735
X8.1094 Y-3.2453
X8.0829 Y-3.227
X8.0646 Y-3.2143
X8.0597 Y-3.2109
X8.0519 Y-3.2053
X8.0114 Y-3.1756
X7.99 Y-3.1592
X7.9668 Y-3.1412
X7.9591 Y-3.1351
X7.9204 Y-3.1036
X7.9127 Y-3.0971
X7.874 Y-3.0638
X7.8662 Y-3.057
X7.8275 Y-3.0219
X7.8121 Y-3.0073
X7.7858 Y-2.9822
X7.7779 Y-2.9744
X7.7396 Y-2.9357
X7.7249 Y-2.9202
X7.7031 Y-2.897
X7.6959 Y-2.8893
X7.6805 Y-2.8722
X7.6613 Y-2.8506
X7.6542 Y-2.8428
X7.6496 Y-2.838
X7.6468 Y-2.8351 Z0.4763
X7.6387 Y-2.8274 Z0.4764
X7.6341 Y-2.8233 Z0.4763
X7.6264 Y-2.8171 Z0.4764
X7.6186 Y-2.8113
X7.6109 Y-2.806 Z0.4763
X7.608 Y-2.8042
X7.6032 Y-2.8013 Z0.4764
X7.5946 Y-2.7964 Z0.4763
X7.5877 Y-2.7929 Z0.4764
X7.58 Y-2.7892
X7.5722 Y-2.7861
X7.5645 Y-2.7832 Z0.4763
X7.5568 Y-2.7807 Z0.4764
X7.549 Y-2.7784 Z0.4763
X7.5413 Y-2.7765 Z0.4764
X7.5335 Y-2.7748 Z0.4763
X7.5244 Y-2.7732 Z0.4764
X7.5181 Y-2.7723 Z0.4763
X7.5103 Y-2.7715 Z0.4764
X7.5026 Y-2.771 Z0.4763
X7.4949 Y-2.7708 Z0.4764
X7.4871 Y-2.7707
X7.4794 Y-2.7711
X7.4716 Y-2.7716 Z0.4763
X7.4639 Y-2.7725 Z0.4764
X7.4586 Y-2.7732
X7.4562 Y-2.7736 Z0.4763
X7.4484 Y-2.775 Z0.4764
X7.4407 Y-2.7767 Z0.4763
X7.433 Y-2.7787 Z0.4764
X7.4252 Y-2.781 Z0.4763
X7.4175 Y-2.7836 Z0.4764
X7.4097 Y-2.7865 Z0.4763
X7.402 Y-2.7898 Z0.4764
X7.3943 Y-2.7934
X7.3865 Y-2.7975
X7.3788 Y-2.8019 Z0.4763
X7.3711 Y-2.8067 Z0.4764
X7.3479 Y-2.8216
X7.3401 Y-2.8265
X7.3324 Y-2.831
X7.3169 Y-2.8399
X7.3115 Y-2.8428
X7.2937 Y-2.8519
X7.286 Y-2.8557 Z0.4765
X7.2782 Y-2.8593 Z0.4764
X7.2627 Y-2.8661
X7.255 Y-2.8695
X7.2437 Y-2.8738
X7.2318 Y-2.8783
X7.2228 Y-2.8815
X7.2163 Y-2.8837
X7.1986 Y-2.8893 Z0.4765
X7.1931 Y-2.8909 Z0.4764
X7.1854 Y-2.893
X7.1699 Y-2.8971 Z0.4765
X7.1622 Y-2.899 Z0.4764
X7.1544 Y-2.9007
X7.139 Y-2.9038 Z0.4765
X7.1312 Y-2.9053 Z0.4764
X7.1235 Y-2.9066
X7.108 Y-2.9089 Z0.4765
X7.1003 Y-2.9099 Z0.4764
X7.0925 Y-2.9108
X7.0848 Y-2.9116
X7.0755 Y-2.9125 Z0.4765
X7.0693 Y-2.913 Z0.4764
X7.0616 Y-2.9135 Z0.4763
X7.0538 Y-2.9139 Z0.4764
X7.0461 Y-2.9142 Z0.4765
X7.0384 Y-2.9145 Z0.4764
X7.0306 Y-2.9147 Z0.4763
X7.0152 Y-2.9145 Z0.4764
X7.0074 Y-2.9144 Z0.4765
X6.9997 Y-2.9142 Z0.4763
X6.9919 Y-2.9137
X6.9765 Y-2.9127 Z0.4765
X6.9687 Y-2.912 Z0.4764
X6.961 Y-2.9112
X6.9455 Y-2.9094 Z0.4765
X6.9378 Y-2.9083 Z0.4764
X6.9301 Y-2.9071
X6.9223 Y-2.9059
X6.9146 Y-2.9045 Z0.4765
X6.9068 Y-2.903 Z0.4764
X6.8991 Y-2.9014
X6.8914 Y-2.8997
X6.8836 Y-2.8979 Z0.4765
X6.8759 Y-2.896 Z0.4764
X6.8682 Y-2.894
X6.8604 Y-2.8919
X6.8516 Y-2.8893 Z0.4765
X6.8372 Y-2.8849 Z0.4763
X6.8273 Y-2.8815 Z0.4765
X6.8217 Y-2.8796
X6.814 Y-2.8768 Z0.4764
X6.8061 Y-2.8738
X6.7985 Y-2.8708
X6.7872 Y-2.8661
X6.7753 Y-2.861 Z0.4763
X6.7676 Y-2.8574 Z0.4765
X6.7521 Y-2.8498 Z0.4763
X6.7444 Y-2.8459 Z0.4764
X6.7366 Y-2.8417 Z0.4765
X6.7212 Y-2.8331 Z0.4764
X6.7114 Y-2.8274 Z0.4765
X6.6979 Y-2.819 Z0.4764
X6.687 Y-2.8119
X6.6825 Y-2.8088 Z0.4765
X6.665 Y-2.7964 Z0.4764
X6.6593 Y-2.7922
X6.6438 Y-2.78
X6.6354 Y-2.7732 Z0.4765
X6.6265 Y-2.7655 Z0.4764
X6.6177 Y-2.7577
X6.6128 Y-2.7534
X6.6092 Y-2.75
X6.5934 Y-2.7345
X6.5896 Y-2.7307
X6.5859 Y-2.7268
X6.5716 Y-2.7113
X6.5664 Y-2.7054 Z0.4765
X6.5584 Y-2.6958 Z0.4764
X6.5455 Y-2.6803
X6.539 Y-2.6726
X6.5355 Y-2.6686 Z0.4763
X6.5319 Y-2.6648 Z0.4764
X6.5277 Y-2.6606
X6.5241 Y-2.6571 Z0.4763
X6.52 Y-2.6534 Z0.4764
X6.5123 Y-2.6466
X6.5045 Y-2.6407
X6.4968 Y-2.6352 Z0.4763
X6.4948 Y-2.6339 Z0.4764
X6.489 Y-2.6301
X6.4813 Y-2.6256
X6.4736 Y-2.6214
X6.4658 Y-2.6177
X6.4581 Y-2.6142
X6.4489 Y-2.6107
X6.4426 Y-2.6085 Z0.4763
X6.4349 Y-2.6061 Z0.4764
X6.4271 Y-2.6039
X6.423 Y-2.6029 Z0.4763
X6.4117 Y-2.6007 Z0.4764
X6.4039 Y-2.5995
X6.3962 Y-2.5985
X6.3885 Y-2.5978
X6.3807 Y-2.5974
X6.373 Y-2.5973
X6.3652 Y-2.5975
X6.3575 Y-2.5979
X6.3498 Y-2.5987
X6.342 Y-2.5996 Z0.4763
X6.3343 Y-2.6009 Z0.4764
X6.3266 Y-2.6024 Z0.4763
X6.3188 Y-2.6043 Z0.4764
X6.3111 Y-2.6064 Z0.4763
X6.3034 Y-2.6089 Z0.4764
X6.2956 Y-2.6116 Z0.4763
X6.2879 Y-2.6148 Z0.4764
X6.2796 Y-2.6184
X6.2724 Y-2.6221
X6.2647 Y-2.6263 Z0.4763
X6.2569 Y-2.6309 Z0.4764
X6.2522 Y-2.6339 Z0.4763
X6.2414 Y-2.6416 Z0.4764
X6.2337 Y-2.6473
X6.1504 Y-2.7113
X6.1331 Y-2.7243
X6.0635 Y-2.7763
X6.0466 Y-2.7887
X5.9784 Y-2.8381
X5.9611 Y-2.8506 Z0.4763
X5.8933 Y-2.8984 Z0.4765
X5.8701 Y-2.9146 Z0.4763
X5.8053 Y-2.9589 Z0.4765
X5.7772 Y-2.978 Z0.4763
X5.7129 Y-3.0209 Z0.4765
X5.6844 Y-3.0396 Z0.4763
X5.6656 Y-3.0518
X5.6225 Y-3.0796 Z0.4765
X5.5838 Y-3.1044 Z0.4763
X5.5296 Y-3.1382 Z0.4765
X5.491 Y-3.1623 Z0.4763
X5.4755 Y-3.1717
X5.4436 Y-3.1911 Z0.4765
X5.3904 Y-3.2232 Z0.4763
X5.3517 Y-3.2459 Z0.4765
X5.2975 Y-3.2776 Z0.4763
X5.2743 Y-3.2909 Z0.4764
X5.2511 Y-3.3041 Z0.4765
X5.1908 Y-3.3382 Z0.4763
X5.1627 Y-3.3536 Z0.4765
X5.0964 Y-3.39 Z0.4763
X5.0886 Y-3.3942
X5.0631 Y-3.4078 Z0.4765
X4.9958 Y-3.4435 Z0.4763
X4.9751 Y-3.4542 Z0.4764
X4.8952 Y-3.4952 Z0.4763
X4.8797 Y-3.503 Z0.4764
X4.7869 Y-3.549
X4.6938 Y-3.5936
X4.6863 Y-3.5972
X4.6784 Y-3.6013
X4.6708 Y-3.6054 Z0.4763
X4.6647 Y-3.609 Z0.4764
X4.6554 Y-3.615
X4.6476 Y-3.6206 Z0.4763
X4.6426 Y-3.6245 Z0.4764
X4.6334 Y-3.6322 Z0.4763
X4.6244 Y-3.6407 Z0.4764
X4.6167 Y-3.6489
X4.6109 Y-3.6555 Z0.4763
X4.6089 Y-3.6579 Z0.4764
X4.6048 Y-3.6632
X4.6012 Y-3.668 Z0.4763
X4.5991 Y-3.6709 Z0.4764
X4.5935 Y-3.6796 Z0.4763
X4.5893 Y-3.6864 Z0.4764
X4.5851 Y-3.6942 Z0.4763
X4.5812 Y-3.7019 Z0.4764
X4.5777 Y-3.7096 Z0.4763
X4.5746 Y-3.7174 Z0.4764
X4.5718 Y-3.7251 Z0.4763
X4.5703 Y-3.7297 Z0.4764
X4.5693 Y-3.7329
X4.5671 Y-3.7406 Z0.4763
X4.5653 Y-3.7483
X4.5637 Y-3.7561
X4.5624 Y-3.7638
X4.5614 Y-3.7716
X4.5607 Y-3.7793 Z0.4764
X4.5602 Y-3.787 Z0.4763
X4.56 Y-3.7948 Z0.4764
X4.5601 Y-3.8025
X4.5605 Y-3.8102
X4.5611 Y-3.818 Z0.4763
X4.563 Y-3.8335 Z0.4764
X4.5651 Y-3.8489
X4.566 Y-3.8567 Z0.4765
X4.5666 Y-3.8644 Z0.4764
X4.5676 Y-3.8799
X4.5678 Y-3.8876
X4.568 Y-3.9031
X4.5677 Y-3.9109
X4.5669 Y-3.9263
X4.5662 Y-3.9341 Z0.4765
X4.5644 Y-3.9496 Z0.4764
X4.5634 Y-3.9573 Z0.4765
X4.5621 Y-3.965 Z0.4764
X4.5606 Y-3.9728
X4.5591 Y-3.9805 Z0.4765
X4.5573 Y-3.9883 Z0.4764
X4.5548 Y-3.9985
X4.5534 Y-4.0037
X4.5512 Y-4.0115
X4.5487 Y-4.0192
X4.5462 Y-4.0269
X4.5435 Y-4.0347
X4.5345 Y-4.0579
X4.5316 Y-4.0659 Z0.4763
X4.5293 Y-4.0734 Z0.4764
X4.5274 Y-4.0811
X4.526 Y-4.0889 Z0.4763
X4.525 Y-4.0966 Z0.4764
X4.5245 Y-4.1043 Z0.4763
X4.5243 Y-4.1121 Z0.4764
X4.5246 Y-4.1198
X4.5254 Y-4.1277 Z0.4763
X4.5266 Y-4.1353
X4.5282 Y-4.143
X4.5302 Y-4.1508
X4.5316 Y-4.155 Z0.4764
X4.5328 Y-4.1585
X4.5359 Y-4.1663
X4.5394 Y-4.174 Z0.4763
X4.5437 Y-4.1817
X4.547 Y-4.1871 Z0.4764
X4.5486 Y-4.1895
X4.5542 Y-4.1972
X4.5608 Y-4.2049 Z0.4763
X4.5625 Y-4.2068
X4.5684 Y-4.2127
X4.5703 Y-4.2144
X4.578 Y-4.221
X4.5857 Y-4.2266
X4.5879 Y-4.2282
X4.5935 Y-4.2316 Z0.4764
X4.6014 Y-4.2359
X4.6089 Y-4.2395 Z0.4763
X4.6167 Y-4.2425 Z0.4764
X4.6198 Y-4.2436 Z0.4763
X4.6244 Y-4.2451
X4.6322 Y-4.2472
X4.6399 Y-4.2488
X4.6476 Y-4.25
X4.6554 Y-4.2508 Z0.4764
X4.6631 Y-4.251
X4.6708
X4.6786 Y-4.2504
X4.6866 Y-4.2494
X4.692 Y-4.2483 Z0.4762
X4.6973 Y-4.2468 Z0.4759
X4.7026 Y-4.2451 Z0.4754
X4.7077 Y-4.2432 Z0.4747
X4.7128 Y-4.241 Z0.4738
X4.7178 Y-4.2388 Z0.4728
X4.7228 Y-4.2364 Z0.4717
X4.7326 Y-4.2316 Z0.4692
X4.7425 Y-4.2269 Z0.4666
X4.7475 Y-4.2247 Z0.4654
X4.7526 Y-4.2227 Z0.4644
X4.7579 Y-4.2209 Z0.4635
X4.7632 Y-4.2193 Z0.463
X4.7686 Y-4.218 Z0.4628
X4.8024 Y-4.2112
X4.9107 Y-4.1906
X4.9494 Y-4.1838
X5.0267 Y-4.1702
X5.1351 Y-4.1528
X5.197 Y-4.1436
X5.2511 Y-4.1357
X5.3594 Y-4.1213
X5.4059 Y-4.1157
X5.4755 Y-4.1074
X5.5838 Y-4.0961
X5.607 Y-4.0939
X5.6999 Y-4.0854
X5.8082 Y-4.0771
X5.8237 Y-4.076
X5.9242 Y-4.0696
X6.0248 Y-4.0646
X6.0403 Y-4.0639
X6.1563 Y-4.0597
X6.2647 Y-4.0574
X6.3575 Y-4.0566
X6.3807 Y-4.0564
X6.4968 Y-4.0571
X6.6051 Y-4.0593
X6.7212 Y-4.0631
X6.8295 Y-4.0682
X6.8449 Y-4.0691
X6.9455 Y-4.0753
X7.0229 Y-4.081
X7.0616 Y-4.0839
X7.1699 Y-4.0936
X7.1854 Y-4.0951
X7.286 Y-4.1055
X7.3788 Y-4.1162
X7.402 Y-4.119
X7.5103 Y-4.1332
X7.5645 Y-4.141
X7.6264 Y-4.15
X7.7287 Y-4.1663
X7.7347 Y-4.1672 Z0.4627
X7.7424 Y-4.1682 Z0.4628
X7.7502 Y-4.1692 Z0.4627
X7.7579 Y-4.1698
X7.7657 Y-4.1702 Z0.4628
X7.7734
X7.7811 Y-4.17 Z0.4627
X7.7889 Y-4.1695 Z0.4628
X7.7966 Y-4.1687 Z0.4627
X7.8043 Y-4.1675 Z0.4628
X7.8121 Y-4.1661 Z0.4627
X7.8198 Y-4.1643
X7.8275 Y-4.1623
X7.8353 Y-4.1599 Z0.4628
X7.843 Y-4.1573 Z0.4627
X7.8508 Y-4.1541 Z0.4628
X7.8585 Y-4.1507 Z0.4627
X7.8662 Y-4.1468 Z0.4628
X7.874 Y-4.1426
X7.8817 Y-4.1378 Z0.4627
X7.8855 Y-4.1353
X7.8894 Y-4.1326 Z0.4628
X7.8963 Y-4.1276 Z0.4627
X7.9057 Y-4.1198
X7.914 Y-4.1121
X7.9204 Y-4.1056
X7.9284 Y-4.0966
X7.9359 Y-4.0871 Z0.4628
X7.9401 Y-4.0811
X7.9451 Y-4.0734 Z0.4627
X7.9497 Y-4.0656
X7.9539 Y-4.0579 Z0.4628
X7.9591 Y-4.0467 Z0.4627
X7.9609 Y-4.0424
X7.9668 Y-4.0265 Z0.4628
X7.9723 Y-4.0115
X7.9752 Y-4.0037 Z0.4629
X7.9785 Y-3.996 Z0.4628
X7.9854 Y-3.9805
X7.99 Y-3.9712
X7.9978 Y-3.9564
X8.0017 Y-3.9496
X8.0064 Y-3.9418
X8.0132 Y-3.9309 Z0.4629
X8.0162 Y-3.9263
X8.0217 Y-3.9186 Z0.4628
X8.0287 Y-3.9088 Z0.4629
X8.0331 Y-3.9031 Z0.4628
X8.0393 Y-3.8954
X8.0458 Y-3.8876 Z0.4629
X8.0526 Y-3.8799
X8.0598 Y-3.8722 Z0.4628
X8.0674 Y-3.8643 Z0.4629
X8.0754 Y-3.8567 Z0.4628
X8.0837 Y-3.8489 Z0.4629
X8.0906 Y-3.8429
X8.0983 Y-3.8365 Z0.4628
X8.1061 Y-3.8302
X8.112 Y-3.8257 Z0.4629
X8.1228 Y-3.818 Z0.4628
X8.1293 Y-3.8135
X8.1341 Y-3.8102 Z0.4629
X8.1466 Y-3.8025 Z0.4628
X8.1525 Y-3.7989
X8.1602 Y-3.7946
X8.1757 Y-3.7865
X8.1835 Y-3.7827
X8.1989 Y-3.7759
X8.2067 Y-3.7726 Z0.4629
X8.2144 Y-3.7697 Z0.4628
X8.2221 Y-3.7669
X8.2309 Y-3.7638 Z0.4629
X8.2376 Y-3.7617
X8.2531 Y-3.7572 Z0.4628
X8.2573 Y-3.7561
X8.2608 Y-3.7552 Z0.4629
X8.2686 Y-3.7535 Z0.4628
X8.2763 Y-3.7518
X8.284 Y-3.7502 Z0.4629
X8.2918 Y-3.7488 Z0.4628
X8.2995 Y-3.7477
X8.3072 Y-3.7466
X8.315 Y-3.7455 Z0.4629
X8.3227 Y-3.7448 Z0.4628
X8.3382 Y-3.7437
X8.3459 Y-3.7432
X8.3691 Y-3.7431
X8.3769 Y-3.7434
X8.3923 Y-3.7443
X8.4001 Y-3.7449 Z0.4629
X8.4156 Y-3.7468 Z0.4628
X8.4268 Y-3.7483 Z0.4629
X8.4388 Y-3.7506 Z0.4628
X8.4465 Y-3.7521
X8.4542 Y-3.7538 Z0.4629
X8.4634 Y-3.7561 Z0.4628
X8.4697 Y-3.7577
X8.4775 Y-3.7599 Z0.4629
X8.4852 Y-3.7622 Z0.4628
X8.4929 Y-3.7648
X8.5007 Y-3.7675
X8.5084 Y-3.7702 Z0.4629
X8.5161 Y-3.7734 Z0.4628
X8.5316 Y-3.7799
X8.5394 Y-3.7836
X8.5548 Y-3.7913
X8.5626 Y-3.7955
X8.5745 Y-3.8025
X8.578 Y-3.8046
X8.5869 Y-3.8102
X8.5935 Y-3.8147
X8.6012 Y-3.82
X8.6092 Y-3.8257
X8.6191 Y-3.8335
X8.6245 Y-3.8377
X8.6287 Y-3.8412 Z0.4629
X8.6374 Y-3.8489 Z0.4628
X8.6477 Y-3.8584 Z0.4629
X8.6554 Y-3.8661 Z0.4628
X8.6631 Y-3.8741
X8.6686 Y-3.8799 Z0.4629
X8.6753 Y-3.8876 Z0.4628
X8.6818 Y-3.8954
X8.6864 Y-3.9008 Z0.4629
X8.6881 Y-3.9031 Z0.4628
X8.6941 Y-3.9112
X8.7018 Y-3.9218 Z0.4629
X8.7049 Y-3.9263 Z0.4628
X8.7099 Y-3.9341
X8.7148 Y-3.9418
X8.7173 Y-3.9459 Z0.4629
X8.7194 Y-3.9496
X8.725 Y-3.9597 Z0.4628
X8.7279 Y-3.965
X8.732 Y-3.9728
X8.7357 Y-3.9805
X8.7405 Y-3.9911
X8.7427 Y-3.996 Z0.4629
X8.7458 Y-4.0037 Z0.4628
X8.7488 Y-4.0115
X8.7517 Y-4.0192 Z0.4629
X8.7544 Y-4.0269 Z0.4628
X8.7568 Y-4.0347
X8.7591 Y-4.0424
X8.7614 Y-4.0502 Z0.4629
X8.7637 Y-4.0597 Z0.4628
X8.7651 Y-4.0656
X8.7669 Y-4.0734 Z0.4629
X8.7684 Y-4.0811 Z0.4628
X8.7737 Y-4.1121 Z0.4627
X8.7751 Y-4.1198
X8.777 Y-4.1276
X8.7792 Y-4.1357
X8.7815 Y-4.143
X8.7843 Y-4.1508
X8.7874 Y-4.1585
X8.791 Y-4.1663 Z0.4628
X8.7949 Y-4.174 Z0.4627
X8.7993 Y-4.1817 Z0.4628
X8.8024 Y-4.1869 Z0.4627
X8.8041 Y-4.1895
X8.8101 Y-4.1982
X8.8153 Y-4.2049
X8.8179 Y-4.2081
X8.8218 Y-4.2127
X8.8256 Y-4.2169
X8.8289 Y-4.2204
X8.8334 Y-4.2248
X8.8369 Y-4.2282 Z0.4628
X8.8411 Y-4.2319 Z0.4627
X8.8488 Y-4.2383
X8.8566 Y-4.244
X8.8643 Y-4.2494
X8.872 Y-4.2541 Z0.4628
X8.8798 Y-4.2584 Z0.4627
X8.8875 Y-4.2623
X8.898 Y-4.2669 Z0.4628
X8.903 Y-4.2689 Z0.4627
X8.9107 Y-4.2715
X8.9185 Y-4.274
X8.9262 Y-4.2761 Z0.4628
X8.9339 Y-4.2778 Z0.4627
X8.9417 Y-4.2793
X8.9494 Y-4.2804
X8.9572 Y-4.2813
X8.9649 Y-4.2818
X8.9726 Y-4.2821 Z0.4628
X8.9804 Y-4.282
X8.9881 Y-4.2817
X8.9958 Y-4.2813
X9.0268 Y-4.2788
X9.05 Y-4.2768 Z0.4627
X9.0655 Y-4.2754 Z0.4628
X9.0738 Y-4.2746 Z0.4627
X9.0809 Y-4.2737
X9.0887 Y-4.2725 Z0.4626
X9.0964 Y-4.271 Z0.4627
X9.1042 Y-4.2692
X9.1127 Y-4.2669
X9.1196 Y-4.2646
X9.1274 Y-4.2618
X9.1351 Y-4.2587 Z0.4628
X9.1428 Y-4.2552 Z0.4627
X9.1506 Y-4.2512 Z0.4628
X9.1583 Y-4.2469 Z0.4627
X9.1661 Y-4.2421 Z0.4628
X9.1749 Y-4.2359 Z0.4627
X9.1815 Y-4.2309
X9.1848 Y-4.2282
X9.1893 Y-4.2244 Z0.4628
X9.1937 Y-4.2204 Z0.4627
X9.197 Y-4.2172 Z0.4628
X9.2015 Y-4.2127 Z0.4627
X9.2047 Y-4.2092
X9.2085 Y-4.2049 Z0.4628
X9.2125 Y-4.2003 Z0.4627
X9.215 Y-4.1972
X9.2207 Y-4.1895
X9.2259 Y-4.1817
X9.2307 Y-4.174
X9.235 Y-4.1663 Z0.4628
X9.2389 Y-4.1585 Z0.4627
X9.2424 Y-4.1508 Z0.4628
X9.2434 Y-4.1484 Z0.4627
X9.2455 Y-4.143 Z0.4628
X9.2482 Y-4.1353 Z0.4627
X9.2512 Y-4.1256 Z0.4628
X9.2527 Y-4.1198 Z0.4627
X9.2544 Y-4.1121
X9.2559 Y-4.1043
X9.257 Y-4.0966
X9.2578 Y-4.0889
X9.2584 Y-4.0811 Z0.4628
X9.2586 Y-4.0734 Z0.4627
Y-4.0656 Z0.4628
X9.2582 Y-4.0579 Z0.4627
X9.2576 Y-4.0502
X9.2566 Y-4.0424
X9.2554 Y-4.0347
X9.2539 Y-4.0269
X9.2502 Y-4.0115 Z0.4628
X9.2465 Y-3.996
X9.2446 Y-3.9883
X9.243 Y-3.9805
X9.24 Y-3.965
X9.2386 Y-3.9573 Z0.4629
X9.2363 Y-3.9418 Z0.4628
X9.2342 Y-3.9263 Z0.4629
X9.2334 Y-3.9186 Z0.4628
X9.2319 Y-3.9031
X9.2313 Y-3.8954 Z0.4629
X9.2306 Y-3.8799 Z0.4628
X9.2299 Y-3.8644
X9.2301 Y-3.8335
X9.23 Y-3.8257
X9.2298 Y-3.818
X9.2292 Y-3.8102
X9.2283 Y-3.8025 Z0.4627
X9.2271 Y-3.7948 Z0.4628
X9.2256 Y-3.787 Z0.4627
X9.2239 Y-3.7793
X9.2218 Y-3.7716
X9.2194 Y-3.7638
X9.2165 Y-3.7561
X9.2135 Y-3.7483
X9.2099 Y-3.7406 Z0.4628
X9.206 Y-3.7329
X9.2017 Y-3.7251
X9.1968 Y-3.7174
X9.1916 Y-3.7096 Z0.4627
X9.1857 Y-3.7019 Z0.4628
X9.1815 Y-3.6967 Z0.4627
X9.1793 Y-3.6942 Z0.4628
X9.1721 Y-3.6864 Z0.4627
X9.1642 Y-3.6787 Z0.4628
X9.1583 Y-3.6735
X9.1506 Y-3.6672 Z0.4627
X9.1428 Y-3.6616 Z0.4628
X9.1351 Y-3.6564 Z0.4627
X9.1274 Y-3.6517
X9.1196 Y-3.6475 Z0.4628
X9.1119 Y-3.6436 Z0.4627
X9.1035 Y-3.64 Z0.4628
X9.0964 Y-3.6372 Z0.4627
X9.0887 Y-3.6345
X9.0809 Y-3.6322
X9.0732 Y-3.6302
X9.0655 Y-3.6285
X9.0577 Y-3.627 Z0.4628
X9.05 Y-3.6256
X8.9958 Y-3.6169
X8.9649 Y-3.6111
X8.9339 Y-3.6052
X8.8875 Y-3.5953
X8.8796 Y-3.5936
X8.872 Y-3.5918
X8.8256 Y-3.5806
X8.8156 Y-3.5781
X8.7792 Y-3.5683
X8.7585 Y-3.5626
X8.7173 Y-3.5503
X8.7018 Y-3.5457
X8.6786 Y-3.5381
X8.6477 Y-3.528
X8.6358 Y-3.5239
X8.5858 Y-3.506
X8.5703 Y-3.5
X8.5316 Y-3.4851
X8.5239 Y-3.4819
X8.4762 Y-3.462
X8.4697 Y-3.4592
X8.4233 Y-3.4384
X8.4156 Y-3.4349
X8.3691 Y-3.4125
X8.3595 Y-3.4078
X8.3143 Y-3.3846
X8.3072 Y-3.3809
X8.2686 Y-3.3598
X8.2531 Y-3.3512
X8.204 Y-3.3227
X8.1912 Y-3.3148
X8.1525 Y-3.2909
X8.137 Y-3.2809
X8.1061 Y-3.2606
X8.0983 Y-3.2555
X8.0597 Y-3.2287
X8.0501 Y-3.2221
X8.0287 Y-3.2065
X8.0055 Y-3.1895
X7.9974 Y-3.1834
X7.9573 Y-3.1524
X7.9513 Y-3.1477
X7.9097 Y-3.1137
X7.9049 Y-3.1098
X7.8645 Y-3.075
X7.8557 Y-3.0673
X7.8198 Y-3.0347
X7.8121 Y-3.0275
X7.7808 Y-2.9976
X7.7727 Y-2.9899
X7.7649 Y-2.9822
X7.7342 Y-2.9512
X7.7267 Y-2.9435
X7.6902 Y-2.9048
X7.6805 Y-2.8941
X7.6485 Y-2.8583
X7.6413 Y-2.8506
X7.6337 Y-2.8428 Z0.4627
X7.6254 Y-2.8351
X7.6186 Y-2.8296 Z0.4628
X7.6157 Y-2.8274 Z0.4627
X7.6109 Y-2.8238
X7.6032 Y-2.8185
X7.5954 Y-2.8137 Z0.4628
X7.5877 Y-2.8093 Z0.4627
X7.5772 Y-2.8042 Z0.4628
X7.5722 Y-2.8019
X7.5645 Y-2.7988 Z0.4627
X7.5568 Y-2.7961
X7.549 Y-2.7936
X7.5413 Y-2.7916
X7.5335 Y-2.7897
X7.5258 Y-2.7883
X7.5181 Y-2.7871
X7.5103 Y-2.7863 Z0.4628
X7.5026 Y-2.7856 Z0.4627
X7.4949 Y-2.7854 Z0.4628
X7.4871 Y-2.7853
X7.4794 Y-2.7858
X7.4716 Y-2.7863 Z0.4627
X7.4639 Y-2.7873 Z0.4628
X7.4551 Y-2.7887 Z0.4627
X7.4484 Y-2.79
X7.4407 Y-2.7918
X7.433 Y-2.794
X7.4252 Y-2.7965
X7.4175 Y-2.7992
X7.4097 Y-2.8024 Z0.4628
X7.402 Y-2.8059 Z0.4627
X7.3943 Y-2.81 Z0.4628
X7.3908 Y-2.8119 Z0.4627
X7.3865 Y-2.8144
X7.3781 Y-2.8196 Z0.4628
X7.354 Y-2.8351
X7.3479 Y-2.839
X7.3401 Y-2.8435
X7.3246 Y-2.8523
X7.3169 Y-2.8566
X7.2981 Y-2.8661
X7.2937 Y-2.8683 Z0.4629
X7.286 Y-2.8719 Z0.4628
X7.2705 Y-2.8787
X7.2627 Y-2.8821
X7.255 Y-2.8852
X7.2318 Y-2.8939 Z0.4629
X7.2227 Y-2.897 Z0.4628
X7.2008 Y-2.904 Z0.4629
X7.1931 Y-2.9061 Z0.4628
X7.1776 Y-2.9102
X7.1686 Y-2.9125 Z0.4629
X7.1622 Y-2.914 Z0.4628
X7.1544 Y-2.9156
X7.139 Y-2.9188 Z0.4629
X7.1306 Y-2.9202 Z0.4628
X7.1235 Y-2.9214
X7.108 Y-2.9237 Z0.4629
X7.1003 Y-2.9247 Z0.4628
X7.0925 Y-2.9256
X7.0771 Y-2.9271 Z0.4629
X7.0651 Y-2.928 Z0.4628
X7.0616 Y-2.9282 Z0.4627
X7.0538 Y-2.9286 Z0.4628
X7.0461 Y-2.9289 Z0.4629
X7.0384 Y-2.9292 Z0.4628
X7.0306 Y-2.9293 Z0.4627
X7.0152 Y-2.9292 Z0.4629
X7.0074 Y-2.9291
X6.9997 Y-2.9288 Z0.4627
X6.9919 Y-2.9284
X6.9765 Y-2.9274 Z0.4629
X6.9687 Y-2.9267 Z0.4628
X6.961 Y-2.926 Z0.4627
X6.9455 Y-2.9242 Z0.4629
X6.9378 Y-2.9231 Z0.4628
X6.9301 Y-2.922
X6.9194 Y-2.9202
X6.9146 Y-2.9194 Z0.4629
X6.8991 Y-2.9164 Z0.4628
X6.8914 Y-2.9147
X6.8815 Y-2.9125 Z0.4629
X6.8682 Y-2.9091 Z0.4628
X6.8604 Y-2.9071
X6.8521 Y-2.9048 Z0.4629
X6.8372 Y-2.9002 Z0.4628
X6.8273 Y-2.897
X6.8217 Y-2.8951 Z0.4629
X6.8057 Y-2.8893 Z0.4628
X6.7985 Y-2.8866
X6.7908 Y-2.8835 Z0.4629
X6.783 Y-2.8802 Z0.4628
X6.7753 Y-2.8769 Z0.4627
X6.7676 Y-2.8735
X6.7598 Y-2.8699 Z0.4629
X6.7444 Y-2.8623 Z0.4627
X6.7365 Y-2.8583 Z0.4628
X6.7289 Y-2.8542 Z0.4629
X6.7212 Y-2.8499 Z0.4628
X6.7134 Y-2.8456
X6.7057 Y-2.8411 Z0.4629
X6.6961 Y-2.8351 Z0.4628
X6.6902 Y-2.8314
X6.6825 Y-2.8264
X6.6747 Y-2.8213 Z0.4629
X6.6593 Y-2.8103 Z0.4628
X6.6508 Y-2.8042
X6.636 Y-2.7926
X6.6283 Y-2.7863
X6.6206 Y-2.7798 Z0.4629
X6.6128 Y-2.773 Z0.4628
X6.6044 Y-2.7655
X6.5961 Y-2.7577
X6.5804 Y-2.7422
X6.573 Y-2.7345
X6.5659 Y-2.7268
X6.5587 Y-2.7188
X6.5509 Y-2.7098
X6.5355 Y-2.6911
X6.5263 Y-2.6803 Z0.4627
X6.5189 Y-2.6726 Z0.4628
X6.5123 Y-2.6661 Z0.4627
X6.5045 Y-2.6593 Z0.4628
X6.5019 Y-2.6571
X6.4968 Y-2.6532
X6.4915 Y-2.6494 Z0.4627
X6.489 Y-2.6477
X6.4813 Y-2.6426 Z0.4628
X6.4797 Y-2.6416 Z0.4627
X6.4736 Y-2.6381 Z0.4628
X6.4658 Y-2.6339
X6.4581 Y-2.6303
X6.4504 Y-2.6269 Z0.4627
X6.4426 Y-2.624 Z0.4628
X6.4349 Y-2.6214 Z0.4627
X6.4245 Y-2.6184 Z0.4628
X6.4194 Y-2.6171 Z0.4627
X6.4117 Y-2.6156
X6.4039 Y-2.6143
X6.3962 Y-2.6133 Z0.4628
X6.3885 Y-2.6125 Z0.4627
X6.3807 Y-2.6121 Z0.4628
X6.373 Y-2.6119
X6.3652 Y-2.6122
X6.3575 Y-2.6126 Z0.4627
X6.3498 Y-2.6134
X6.342 Y-2.6145
X6.3343 Y-2.6158
X6.3266 Y-2.6175
X6.3227 Y-2.6184 Z0.4628
X6.3188 Y-2.6195 Z0.4627
X6.3111 Y-2.6218
X6.3034 Y-2.6244
X6.2988 Y-2.6262
X6.2879 Y-2.6307
X6.2801 Y-2.6346 Z0.4628
X6.2724 Y-2.6387 Z0.4627
X6.2647 Y-2.6434 Z0.4628
X6.2569 Y-2.6485 Z0.4627
X6.2451 Y-2.6571 Z0.4628
X6.1846 Y-2.7035
X6.1641 Y-2.7193
X6.1439 Y-2.7345
X6.079 Y-2.783 Z0.4629
X6.0608 Y-2.7964 Z0.4628
X5.9939 Y-2.845 Z0.4629
X5.9754 Y-2.8583 Z0.4627
X5.9629 Y-2.8672
X5.8987 Y-2.9125 Z0.4629
X5.8765 Y-2.928 Z0.4627
X5.8159 Y-2.9695 Z0.4629
X5.785 Y-2.9905 Z0.4627
X5.7231 Y-3.0317 Z0.4629
X5.6921 Y-3.0521 Z0.4627
X5.6612 Y-3.0721 Z0.4628
X5.6302 Y-3.0921 Z0.4629
X5.5915 Y-3.1168 Z0.4627
X5.5451 Y-3.1459 Z0.4629
X5.5064 Y-3.1699 Z0.4627
X5.4832 Y-3.1842
X5.4463 Y-3.2066 Z0.4629
X5.3981 Y-3.2356 Z0.4627
X5.3554 Y-3.2608 Z0.4629
X5.3023 Y-3.2917 Z0.4627
X5.2821 Y-3.3033 Z0.4628
X5.2617 Y-3.3149 Z0.4629
X5.2047 Y-3.3472 Z0.4627
X5.1892 Y-3.3558 Z0.4628
X5.1737 Y-3.3643 Z0.4629
X5.1041 Y-3.4025 Z0.4627
X5.0942 Y-3.4078
X5.0732 Y-3.4191 Z0.4629
X5.0035 Y-3.456 Z0.4627
X4.9881 Y-3.4641 Z0.4628
X4.9726 Y-3.472 Z0.4629
X4.9016 Y-3.5084 Z0.4627
X4.8862 Y-3.5162 Z0.4628
X4.7946 Y-3.5615
X4.7714 Y-3.5727
X4.694 Y-3.6097
X4.6863 Y-3.6137
X4.6786 Y-3.6178 Z0.4627
X4.6708 Y-3.6225
X4.6676 Y-3.6245
X4.6631 Y-3.6275 Z0.4628
X4.6554 Y-3.6331 Z0.4627
X4.6469 Y-3.64
X4.6399 Y-3.6462
X4.6322 Y-3.6538
X4.6244 Y-3.6623
X4.6236 Y-3.6632
X4.6167 Y-3.6718 Z0.4628
X4.6116 Y-3.6787
X4.6065 Y-3.6864 Z0.4627
X4.6018 Y-3.6942 Z0.4628
X4.5976 Y-3.7019 Z0.4627
X4.5935 Y-3.7103 Z0.4628
X4.5904 Y-3.7174 Z0.4627
X4.5873 Y-3.7251
X4.5857 Y-3.7296
X4.5847 Y-3.7329 Z0.4628
X4.5823 Y-3.7406 Z0.4627
X4.5804 Y-3.7483
X4.5786 Y-3.7561
X4.578 Y-3.7594
X4.5773 Y-3.7638
X4.5762 Y-3.7716
X4.5754 Y-3.7793 Z0.4628
X4.5749 Y-3.787 Z0.4627
X4.5747 Y-3.7948 Z0.4628
X4.5748 Y-3.8025
X4.5752 Y-3.8102 Z0.4627
X4.5759 Y-3.818
X4.5798 Y-3.8489 Z0.4628
X4.5807 Y-3.8567 Z0.4629
X4.5813 Y-3.8644 Z0.4628
X4.5823 Y-3.8799 Z0.4629
X4.5825 Y-3.8876 Z0.4628
X4.5826 Y-3.9031
X4.5824 Y-3.9109
X4.5816 Y-3.9263
X4.581 Y-3.9341 Z0.4629
X4.5792 Y-3.9496 Z0.4628
X4.578 Y-3.9588 Z0.4629
X4.577 Y-3.965 Z0.4628
X4.5756 Y-3.9728
X4.5741 Y-3.9805
X4.5724 Y-3.9883 Z0.4629
X4.5703 Y-3.9971 Z0.4628
X4.5686 Y-4.0037
X4.5665 Y-4.0115 Z0.4629
X4.5625 Y-4.0243 Z0.4628
X4.5591 Y-4.0347 Z0.4629
X4.5548 Y-4.0461 Z0.4628
X4.5502 Y-4.0579
X4.547 Y-4.0662 Z0.4627
X4.5446 Y-4.0734
X4.5424 Y-4.0811
X4.5409 Y-4.0889
X4.5398 Y-4.0966
X4.5393 Y-4.1015
X4.5391 Y-4.1043
X4.539 Y-4.1121 Z0.4628
X4.5393 Y-4.1198
X4.5402 Y-4.1276 Z0.4627
X4.5415 Y-4.1353
X4.5433 Y-4.143
X4.5456 Y-4.1508 Z0.4628
X4.547 Y-4.1548 Z0.4627
X4.5485 Y-4.1585
X4.552 Y-4.1663
X4.5562 Y-4.174
X4.5611 Y-4.1817 Z0.4628
X4.5625 Y-4.1838 Z0.4627
X4.5669 Y-4.1895 Z0.4628
X4.5703 Y-4.1935 Z0.4627
X4.5736 Y-4.1972
X4.578 Y-4.2016
X4.5817 Y-4.2049
X4.5857 Y-4.2084
X4.5935 Y-4.2141
X4.6012 Y-4.2191 Z0.4628
X4.6036 Y-4.2204 Z0.4627
X4.6089 Y-4.2233
X4.6167 Y-4.2268
X4.6244 Y-4.2297
X4.6322 Y-4.232
X4.6399 Y-4.2338
X4.6476 Y-4.2352
X4.6554 Y-4.236 Z0.4628
X4.6631 Y-4.2364
X4.6708 Y-4.2363
X4.6786 Y-4.2357 Z0.4627
X4.6863 Y-4.2345
X4.694 Y-4.2332
X4.7327 Y-4.2253 Z0.4628
X4.7686 Y-4.218
X4.774 Y-4.2168 Z0.4626
X4.7793 Y-4.2152 Z0.4621
X4.7845 Y-4.2134 Z0.4612
X4.7896 Y-4.2115 Z0.4602
X4.7947 Y-4.2095 Z0.4589
X4.7997 Y-4.2074 Z0.4576
X4.8097 Y-4.2033 Z0.4546
X4.8147 Y-4.2013 Z0.4531
X4.8197 Y-4.1993 Z0.4516
X4.8248 Y-4.1975 Z0.4502
X4.83 Y-4.1957 Z0.449
X4.8352 Y-4.1941 Z0.4479
X4.8405 Y-4.1927 Z0.4471
X4.8459 Y-4.1913 Z0.4466
X4.8513 Y-4.1902 Z0.4464
X4.9107 Y-4.179
X5.019 Y-4.1599
X5.0345 Y-4.1574
X5.1351 Y-4.1412
X5.2434 Y-4.1252
X5.2589 Y-4.1231
X5.3594 Y-4.1097
X5.4678 Y-4.0968
X5.4832 Y-4.0951
X5.5838 Y-4.0846
X5.6148 Y-4.0817
X5.6999 Y-4.0739
X5.8082 Y-4.0656
X5.8237 Y-4.0645
X5.9242 Y-4.0582
X6.0403 Y-4.0524
X6.1563 Y-4.0483
X6.2647 Y-4.0459
X6.3498 Y-4.0452
X6.3807 Y-4.045
X6.4968 Y-4.0457
X6.6051 Y-4.0478
X6.6765 Y-4.0502
X6.7212 Y-4.0517
X6.8295 Y-4.0568
X6.8449 Y-4.0576
X6.9455 Y-4.0638
X6.9842 Y-4.0666
X7.0616 Y-4.0725
X7.139 Y-4.0793
X7.1776 Y-4.0828
X7.286 Y-4.094
X7.3401 Y-4.1002
X7.402 Y-4.1075
X7.5103 Y-4.1216
X7.5335 Y-4.125
X7.6186 Y-4.1373
X7.6264 Y-4.1384
X7.7192 Y-4.1532
X7.7347 Y-4.1556
X7.7424 Y-4.1567 Z0.4463
X7.7502 Y-4.1577
X7.7579 Y-4.1583
X7.7657 Y-4.1588 Z0.4464
X7.7734
X7.783 Y-4.1585 Z0.4463
X7.7889 Y-4.158 Z0.4464
X7.7966 Y-4.1572 Z0.4463
X7.8043 Y-4.1559
X7.8121 Y-4.1545 Z0.4462
X7.8198 Y-4.1525 Z0.4463
X7.8264 Y-4.1508
X7.8353 Y-4.1479 Z0.4464
X7.843 Y-4.1449 Z0.4463
X7.8508 Y-4.1417
X7.8585 Y-4.1379
X7.8636 Y-4.1353
X7.8662 Y-4.1339
X7.8766 Y-4.1276
X7.8817 Y-4.124
X7.8894 Y-4.1184
X7.8972 Y-4.112
X7.9056 Y-4.1043
X7.9131 Y-4.0966
X7.9204 Y-4.0884 Z0.4462
X7.926 Y-4.0811 Z0.4464
X7.9281 Y-4.0783 Z0.4463
X7.9315 Y-4.0734 Z0.4464
X7.9365 Y-4.0656 Z0.4463
X7.9436 Y-4.053 Z0.4464
X7.9485 Y-4.0424 Z0.4463
X7.9516 Y-4.0347
X7.963 Y-4.0037 Z0.4465
X7.966 Y-3.996
X7.9694 Y-3.9883 Z0.4464
X7.9746 Y-3.9767
X7.9763 Y-3.9728 Z0.4465
X7.9823 Y-3.9613 Z0.4464
X7.9885 Y-3.9496
X7.99 Y-3.9467 Z0.4465
X7.9978 Y-3.934 Z0.4464
X8.0025 Y-3.9263 Z0.4465
X8.0055 Y-3.9217
X8.0132 Y-3.9107 Z0.4464
X8.021 Y-3.9 Z0.4465
X8.0246 Y-3.8954 Z0.4464
X8.0309 Y-3.8876
X8.0373 Y-3.8799 Z0.4465
X8.0442 Y-3.8722
X8.0519 Y-3.8639 Z0.4464
X8.0597 Y-3.8558 Z0.4465
X8.0674 Y-3.8485 Z0.4464
X8.0752 Y-3.8412 Z0.4465
X8.0829 Y-3.8344
X8.0934 Y-3.8257 Z0.4464
X8.1031 Y-3.818 Z0.4465
X8.1139 Y-3.8102 Z0.4464
X8.125 Y-3.8025 Z0.4465
X8.1293 Y-3.7998
X8.1374 Y-3.7948 Z0.4464
X8.1448 Y-3.7903
X8.1502 Y-3.787 Z0.4465
X8.1525 Y-3.7857
X8.168 Y-3.7776 Z0.4464
X8.1757 Y-3.7737 Z0.4465
X8.1835 Y-3.7702 Z0.4464
X8.1912 Y-3.7668
X8.1989 Y-3.7634
X8.2067 Y-3.7604 Z0.4465
X8.2184 Y-3.7561 Z0.4464
X8.2299 Y-3.7521 Z0.4465
X8.2453 Y-3.7476 Z0.4464
X8.2531 Y-3.7454
X8.2608 Y-3.7434 Z0.4465
X8.2739 Y-3.7406 Z0.4464
X8.284 Y-3.7385 Z0.4465
X8.2918 Y-3.7372 Z0.4464
X8.2995 Y-3.7361
X8.3072 Y-3.735
X8.315 Y-3.734 Z0.4465
X8.3227 Y-3.7333 Z0.4464
X8.3382 Y-3.7322
X8.3459 Y-3.7318
X8.3691 Y-3.7316
X8.3769 Y-3.7319
X8.3928 Y-3.7329
X8.4001 Y-3.7334 Z0.4465
X8.4156 Y-3.7353 Z0.4464
X8.4233 Y-3.7363
X8.431 Y-3.7374 Z0.4465
X8.4388 Y-3.7389 Z0.4464
X8.4473 Y-3.7406
X8.4542 Y-3.742 Z0.4465
X8.462 Y-3.7439
X8.4697 Y-3.7459 Z0.4464
X8.4787 Y-3.7483 Z0.4465
X8.4852 Y-3.7502
X8.4929 Y-3.7527 Z0.4464
X8.5084 Y-3.7581 Z0.4465
X8.5161 Y-3.761 Z0.4464
X8.5316 Y-3.7675
X8.5394 Y-3.7708 Z0.4465
X8.5548 Y-3.7785 Z0.4464
X8.5626 Y-3.7824 Z0.4465
X8.5707 Y-3.787 Z0.4464
X8.5858 Y-3.7959 Z0.4465
X8.5935 Y-3.8009 Z0.4464
X8.6012 Y-3.8061
X8.609 Y-3.8114
X8.6179 Y-3.818
X8.6277 Y-3.8257
X8.6322 Y-3.8293
X8.6372 Y-3.8335 Z0.4465
X8.6477 Y-3.8428 Z0.4464
X8.6554 Y-3.8499 Z0.4465
X8.6631 Y-3.8576 Z0.4464
X8.6709 Y-3.8656
X8.6771 Y-3.8722 Z0.4465
X8.6864 Y-3.883 Z0.4464
X8.6941 Y-3.8922 Z0.4465
X8.6966 Y-3.8954 Z0.4464
X8.7024 Y-3.9031
X8.7096 Y-3.9129 Z0.4465
X8.7135 Y-3.9186
X8.7185 Y-3.9263 Z0.4464
X8.725 Y-3.9366
X8.7282 Y-3.9418 Z0.4465
X8.7328 Y-3.95 Z0.4464
X8.741 Y-3.965 Z0.4465
X8.7447 Y-3.9728 Z0.4464
X8.7518 Y-3.9883
X8.7551 Y-3.996 Z0.4465
X8.761 Y-4.0115 Z0.4464
X8.7639 Y-4.0192 Z0.4465
X8.7664 Y-4.0269 Z0.4464
X8.7688 Y-4.0347
X8.7715 Y-4.0437 Z0.4465
X8.7732 Y-4.0502
X8.7751 Y-4.0579 Z0.4464
X8.7769 Y-4.0656
X8.7786 Y-4.0734 Z0.4465
X8.7792 Y-4.0763
X8.7814 Y-4.0889 Z0.4464
X8.7853 Y-4.1121 Z0.4463
X8.7869 Y-4.1201
X8.7888 Y-4.1276
X8.791 Y-4.1353
X8.7936 Y-4.143
X8.7966 Y-4.1508
X8.8 Y-4.1585
X8.8038 Y-4.1663
X8.808 Y-4.174
X8.8101 Y-4.1776
X8.8127 Y-4.1817
X8.818 Y-4.1895
X8.8238 Y-4.1972
X8.8256 Y-4.1995
X8.8302 Y-4.2049
X8.8334 Y-4.2084
X8.8373 Y-4.2127
X8.8411 Y-4.2164
X8.8454 Y-4.2204
X8.8488 Y-4.2235
X8.8545 Y-4.2282
X8.8566 Y-4.2298
X8.8649 Y-4.2359
X8.872 Y-4.2407
X8.8769 Y-4.2436
X8.8798 Y-4.2454
X8.8875 Y-4.2495
X8.8913 Y-4.2514
X8.8953 Y-4.2533
X8.903 Y-4.2566 Z0.4464
X8.9107 Y-4.2595 Z0.4463
X8.9185 Y-4.2621
X8.9262 Y-4.2643
X8.9339 Y-4.2662
X8.9417 Y-4.2676
X8.9494 Y-4.2689
X8.9572 Y-4.2698
X8.9649 Y-4.2703
X8.9726 Y-4.2707 Z0.4464
X8.9804 Y-4.2706
X8.9881 Y-4.2703 Z0.4463
X8.9958 Y-4.2698 Z0.4464
X9.0268 Y-4.2674
X9.05 Y-4.2654 Z0.4463
X9.0655 Y-4.264
X9.0732 Y-4.2631
X9.0809 Y-4.2621
X9.0887 Y-4.2609 Z0.4462
X9.0972 Y-4.2591 Z0.4463
X9.1042 Y-4.2574
X9.1119 Y-4.2552
X9.1227 Y-4.2514
X9.1274 Y-4.2496
X9.1351 Y-4.2462
X9.1405 Y-4.2436
X9.1428 Y-4.2424
X9.1506 Y-4.2382
X9.1544 Y-4.2359
X9.1583 Y-4.2334
X9.1661 Y-4.2282
X9.1738 Y-4.2224
X9.1763 Y-4.2204
X9.1815 Y-4.2159 Z0.4464
X9.1852 Y-4.2127 Z0.4463
X9.1893 Y-4.2088 Z0.4464
X9.1931 Y-4.2049 Z0.4463
X9.197 Y-4.2007
X9.2001 Y-4.1972
X9.2047 Y-4.1918
X9.2065 Y-4.1895
X9.2125 Y-4.1814
X9.2173 Y-4.174
X9.2202 Y-4.1694
X9.2262 Y-4.1585
X9.2279 Y-4.1549
X9.2299 Y-4.1508 Z0.4464
X9.2333 Y-4.143 Z0.4463
X9.2361 Y-4.1353
X9.2387 Y-4.1276
X9.2409 Y-4.1198
X9.2427 Y-4.1121
X9.2443 Y-4.1043 Z0.4462
X9.2454 Y-4.0966 Z0.4463
X9.2464 Y-4.0889
X9.2469 Y-4.0811 Z0.4464
X9.2472 Y-4.0734 Z0.4463
X9.2471 Y-4.0656 Z0.4464
X9.2468 Y-4.0579 Z0.4463
X9.2461 Y-4.0502
X9.2451 Y-4.0424
X9.2438 Y-4.0347
X9.2434 Y-4.0326
X9.2403 Y-4.0192 Z0.4464
X9.2347 Y-3.996
X9.2329 Y-3.9883
X9.2298 Y-3.9728
X9.2279 Y-3.9628 Z0.4465
X9.227 Y-3.9573
X9.2247 Y-3.9418 Z0.4464
X9.2236 Y-3.9341
X9.2226 Y-3.9263 Z0.4465
X9.2219 Y-3.9186 Z0.4464
X9.2202 Y-3.9004 Z0.4465
X9.2198 Y-3.8954
X9.2191 Y-3.8799 Z0.4464
X9.2185 Y-3.8644
X9.2186 Y-3.8335
Y-3.8257
X9.2183 Y-3.818
X9.2177 Y-3.8102 Z0.4463
X9.2168 Y-3.8025
X9.2155 Y-3.7948
X9.2139 Y-3.787
X9.2121 Y-3.7793 Z0.4462
X9.2098 Y-3.7716 Z0.4463
X9.2072 Y-3.7638
X9.2043 Y-3.7561
X9.2009 Y-3.7483 Z0.4464
X9.197 Y-3.7402 Z0.4463
X9.1929 Y-3.7329 Z0.4464
X9.1893 Y-3.7267 Z0.4463
X9.1882 Y-3.7251 Z0.4464
X9.183 Y-3.7174 Z0.4463
X9.1815 Y-3.7153
X9.1772 Y-3.7096
X9.1738 Y-3.7053
X9.1708 Y-3.7019 Z0.4464
X9.1661 Y-3.6966 Z0.4463
X9.1637 Y-3.6942
X9.1583 Y-3.6889 Z0.4464
X9.1557 Y-3.6864
X9.1506 Y-3.682 Z0.4463
X9.1428 Y-3.6756
X9.1351 Y-3.6701
X9.1274 Y-3.665 Z0.4464
X9.1196 Y-3.6604 Z0.4463
X9.1101 Y-3.6555
X9.1042 Y-3.6527
X9.0964 Y-3.6494
X9.092 Y-3.6477
X9.0809 Y-3.644 Z0.4462
X9.0732 Y-3.642 Z0.4463
X9.0649 Y-3.64
X9.05 Y-3.6372 Z0.4464
X8.9958 Y-3.6285
X8.9742 Y-3.6245
X8.9332 Y-3.6168
X8.903 Y-3.6103
X8.8798 Y-3.6053
X8.872 Y-3.6036
X8.8256 Y-3.5924
X8.8179 Y-3.5905
X8.8101 Y-3.5885
X8.7637 Y-3.5759
X8.756 Y-3.5738
X8.7328 Y-3.5669
X8.7018 Y-3.5576
X8.6929 Y-3.5549
X8.6457 Y-3.5394
X8.6399 Y-3.5375
X8.609 Y-3.5265
X8.5803 Y-3.5162
X8.5394 Y-3.5003
X8.5239 Y-3.4943
X8.4697 Y-3.4717
X8.4542 Y-3.4648
X8.4135 Y-3.4465
X8.3651 Y-3.4233
X8.3537 Y-3.4177
X8.3072 Y-3.3938
X8.2995 Y-3.3897
X8.2608 Y-3.3686
X8.2478 Y-3.3614
X8.1989 Y-3.333
X8.1912 Y-3.3283
X8.1446 Y-3.2995
X8.1061 Y-3.2743
X8.0972 Y-3.2685
X8.0906 Y-3.2641
X8.0519 Y-3.2373
X8.0442 Y-3.2319
X8.0201 Y-3.2143
X7.9978 Y-3.198
X7.9887 Y-3.1911
X7.9486 Y-3.1602
X7.939 Y-3.1524
X7.9011 Y-3.1215
X7.8972 Y-3.1182
X7.8585 Y-3.085
X7.8508 Y-3.0782
X7.8198 Y-3.0502
X7.8121 Y-3.0431
X7.8043 Y-3.036
X7.7723 Y-3.0054
X7.7643 Y-2.9976
X7.7488 Y-2.9822
X7.7258 Y-2.9589
X7.7182 Y-2.9512
X7.6818 Y-2.9125
X7.6728 Y-2.9027
X7.6401 Y-2.8661
X7.6329 Y-2.8583
X7.6264 Y-2.8516 Z0.4463
X7.6186 Y-2.8444
X7.6168 Y-2.8428
X7.6109 Y-2.8381 Z0.4464
X7.6071 Y-2.8351 Z0.4463
X7.6032 Y-2.8323
X7.5954 Y-2.8271
X7.5877 Y-2.8225
X7.5828 Y-2.8196
X7.5722 Y-2.8144
X7.5664 Y-2.8119 Z0.4464
X7.5568 Y-2.8081 Z0.4463
X7.549 Y-2.8056
X7.5444 Y-2.8042
X7.5413 Y-2.8033
X7.5335 Y-2.8015
X7.5258 Y-2.7999
X7.5181 Y-2.7986
X7.5103 Y-2.7978
X7.5026 Y-2.7971
X7.4949 Y-2.7969 Z0.4464
X7.4871 Y-2.7968
X7.4794 Y-2.7972 Z0.4463
X7.4716 Y-2.7979
X7.4639 Y-2.7988
X7.4562 Y-2.8001
X7.4484 Y-2.8017
X7.439 Y-2.8042
X7.433 Y-2.8059
X7.4252 Y-2.8086
X7.4167 Y-2.8119
X7.4097 Y-2.815 Z0.4464
X7.4005 Y-2.8196
X7.3943 Y-2.823 Z0.4463
X7.3865 Y-2.8278 Z0.4464
X7.3711 Y-2.8377
X7.3556 Y-2.8477 Z0.4465
X7.3479 Y-2.8522 Z0.4464
X7.3324 Y-2.8611
X7.3246 Y-2.8654
X7.3092 Y-2.8733
X7.3014 Y-2.8772 Z0.4465
X7.2924 Y-2.8815 Z0.4464
X7.286 Y-2.8844
X7.2705 Y-2.8912
X7.2627 Y-2.8945
X7.255 Y-2.8974
X7.2356 Y-2.9048 Z0.4465
X7.2241 Y-2.9086 Z0.4464
X7.2086 Y-2.9136 Z0.4465
X7.2008 Y-2.9159 Z0.4464
X7.1854 Y-2.92
X7.1776 Y-2.9221 Z0.4465
X7.1699 Y-2.924
X7.1544 Y-2.9273 Z0.4464
X7.1467 Y-2.9289 Z0.4465
X7.139 Y-2.9304
X7.1312 Y-2.9317 Z0.4464
X7.1235 Y-2.933
X7.108 Y-2.9353 Z0.4465
X7.1003 Y-2.9362 Z0.4464
X7.0848 Y-2.9379
X7.0771 Y-2.9386 Z0.4465
X7.0616 Y-2.9396 Z0.4463
X7.0538 Y-2.94 Z0.4464
X7.0461 Y-2.9404 Z0.4465
X7.0384 Y-2.9406 Z0.4464
X7.0306 Y-2.9407 Z0.4463
X7.0152 Y-2.9406 Z0.4465
X7.0074 Y-2.9405
X6.9997 Y-2.9402 Z0.4463
X6.9919 Y-2.9398
X6.9765 Y-2.9389 Z0.4465
X6.9687 Y-2.9382 Z0.4464
X6.961 Y-2.9375 Z0.4463
X6.9451 Y-2.9357 Z0.4465
X6.9301 Y-2.9335 Z0.4464
X6.9223 Y-2.9323
X6.9146 Y-2.9311 Z0.4465
X6.9068 Y-2.9296
X6.8988 Y-2.928 Z0.4464
X6.8914 Y-2.9264
X6.8836 Y-2.9247 Z0.4465
X6.8759 Y-2.9229
X6.8654 Y-2.9202 Z0.4464
X6.8527 Y-2.9168 Z0.4465
X6.8449 Y-2.9146
X6.8295 Y-2.9097 Z0.4464
X6.8217 Y-2.9072
X6.814 Y-2.9046 Z0.4465
X6.7985 Y-2.8988 Z0.4464
X6.7908 Y-2.8958
X6.783 Y-2.8927 Z0.4465
X6.7676 Y-2.886 Z0.4463
X6.7576 Y-2.8815 Z0.4465
X6.7521 Y-2.8789
X6.7366 Y-2.8712 Z0.4463
X6.7266 Y-2.8661 Z0.4465
X6.7127 Y-2.8583 Z0.4464
X6.7057 Y-2.8543
X6.6979 Y-2.8498 Z0.4465
X6.6825 Y-2.84 Z0.4464
X6.6747 Y-2.835
X6.667 Y-2.8298 Z0.4465
X6.6515 Y-2.8188 Z0.4464
X6.6438 Y-2.8132 Z0.4465
X6.6323 Y-2.8042 Z0.4464
X6.6283 Y-2.801
X6.6206 Y-2.7948 Z0.4465
X6.6128 Y-2.7882
X6.5974 Y-2.7745 Z0.4464
X6.5896 Y-2.7674
X6.5741 Y-2.7521
X6.572 Y-2.75
X6.5664 Y-2.7442
X6.5575 Y-2.7345
X6.5504 Y-2.7268
X6.5432 Y-2.7184 Z0.4465
X6.5244 Y-2.6958 Z0.4464
X6.5179 Y-2.6881 Z0.4463
X6.5105 Y-2.6803 Z0.4464
X6.5045 Y-2.6745 Z0.4463
X6.4968 Y-2.6677
X6.4932 Y-2.6648 Z0.4464
X6.489 Y-2.6617
X6.4826 Y-2.6571 Z0.4463
X6.4736 Y-2.6512
X6.4704 Y-2.6494
X6.4658 Y-2.6469 Z0.4464
X6.4581 Y-2.6428 Z0.4463
X6.4504 Y-2.6394
X6.4426 Y-2.6362
X6.4349 Y-2.6334
X6.4271 Y-2.631
X6.4194 Y-2.6289
X6.4117 Y-2.6273
X6.4039 Y-2.6258
X6.3962 Y-2.6248
X6.3885 Y-2.624
X6.3807 Y-2.6236 Z0.4464
X6.373 Y-2.6234
X6.3652 Y-2.6236
X6.3575 Y-2.6241 Z0.4463
X6.3498 Y-2.6249
X6.3416 Y-2.6262
X6.3343 Y-2.6275
X6.3266 Y-2.6293 Z0.4464
X6.3188 Y-2.6313 Z0.4463
X6.311 Y-2.6339
X6.3034 Y-2.6366
X6.2915 Y-2.6416
X6.2879 Y-2.6435 Z0.4464
X6.2801 Y-2.6475 Z0.4463
X6.2769 Y-2.6494
X6.2724 Y-2.6521 Z0.4464
X6.2646 Y-2.6571 Z0.4463
X6.2538 Y-2.6648
X6.2415 Y-2.6743 Z0.4464
X6.1718 Y-2.7278
X6.1527 Y-2.7422
X6.0867 Y-2.7916 Z0.4465
X6.0696 Y-2.8042 Z0.4463
X5.9951 Y-2.8583 Z0.4465
X5.9784 Y-2.8703 Z0.4463
X5.9076 Y-2.9202 Z0.4465
X5.8854 Y-2.9357 Z0.4463
X5.8177 Y-2.9822 Z0.4465
X5.7927 Y-2.999 Z0.4463
X5.76 Y-3.0209 Z0.4464
X5.7308 Y-3.0403 Z0.4465
X5.6999 Y-3.0607 Z0.4463
X5.6767 Y-3.0757
X5.638 Y-3.1008 Z0.4465
X5.5993 Y-3.1254 Z0.4463
X5.5529 Y-3.1546 Z0.4465
X5.5439 Y-3.1602
X5.5064 Y-3.1834 Z0.4463
X5.4811 Y-3.1989 Z0.4464
X5.4557 Y-3.2143 Z0.4465
X5.4041 Y-3.2453 Z0.4462
X5.3649 Y-3.2685 Z0.4465
X5.3053 Y-3.3032 Z0.4463
X5.2713 Y-3.3227 Z0.4465
X5.2047 Y-3.3603 Z0.4463
X5.1737 Y-3.3774 Z0.4465
X5.104 Y-3.4156 Z0.4463
X5.0809 Y-3.428 Z0.4465
X5.0035 Y-3.4689 Z0.4463
X4.9871 Y-3.4775 Z0.4465
X4.9029 Y-3.5205 Z0.4463
X4.8875 Y-3.5283 Z0.4464
X4.8024 Y-3.5705
X4.7946 Y-3.5743
X4.7018 Y-3.6187
X4.6903 Y-3.6245 Z0.4463
X4.6863 Y-3.6266
X4.6768 Y-3.6322
X4.6708 Y-3.6361
X4.6631 Y-3.6416
X4.6554 Y-3.6478
X4.6467 Y-3.6555
X4.6399 Y-3.6622
X4.632 Y-3.6709
X4.6258 Y-3.6787 Z0.4464
X4.6244 Y-3.6805 Z0.4463
X4.6202 Y-3.6864 Z0.4464
X4.6151 Y-3.6942 Z0.4463
X4.6106 Y-3.7019
X4.6089 Y-3.7048
X4.6065 Y-3.7096
X4.6028 Y-3.7174
X4.6012 Y-3.7211
X4.5996 Y-3.7251
X4.5967 Y-3.7329
X4.5935 Y-3.7432
X4.5921 Y-3.7483
X4.5903 Y-3.7561
X4.5889 Y-3.7638
X4.5876 Y-3.7716 Z0.4462
X4.5869 Y-3.7793 Z0.4463
X4.5863 Y-3.787
X4.5861 Y-3.7948 Z0.4464
X4.5862 Y-3.8025 Z0.4463
X4.5866 Y-3.8102
X4.5874 Y-3.818
X4.5914 Y-3.8489 Z0.4464
X4.5922 Y-3.8567 Z0.4465
X4.5928 Y-3.8644 Z0.4464
X4.5938 Y-3.8799 Z0.4465
X4.594 Y-3.8876 Z0.4464
X4.5941 Y-3.9031
X4.5939 Y-3.9109 Z0.4465
X4.593 Y-3.9263 Z0.4464
X4.5925 Y-3.9341 Z0.4465
X4.5907 Y-3.9496 Z0.4464
X4.5898 Y-3.9573
X4.5886 Y-3.965 Z0.4465
X4.5872 Y-3.9728 Z0.4464
X4.5857 Y-3.9805
X4.5842 Y-3.9883 Z0.4465
X4.5823 Y-3.996 Z0.4464
X4.5804 Y-4.0037
X4.578 Y-4.0129 Z0.4465
X4.5761 Y-4.0192
X4.5737 Y-4.0269 Z0.4464
X4.5703 Y-4.0374 Z0.4465
X4.5685 Y-4.0424
X4.5625 Y-4.0579 Z0.4464
X4.5595 Y-4.0656 Z0.4463
X4.5566 Y-4.0734
X4.5543 Y-4.0811
X4.5525 Y-4.0889
X4.5513 Y-4.0966
X4.5505 Y-4.1043
X4.5504 Y-4.1121
X4.5508 Y-4.1198
X4.5517 Y-4.1276
X4.5532 Y-4.1353 Z0.4462
X4.5551 Y-4.143 Z0.4463
X4.5577 Y-4.1508
X4.561 Y-4.1585
X4.5625 Y-4.1618
X4.565 Y-4.1663
X4.5703 Y-4.1748
X4.5753 Y-4.1817
X4.578 Y-4.185
X4.5821 Y-4.1895
X4.5857 Y-4.1932
X4.5902 Y-4.1972
X4.5935 Y-4.1999
X4.6012 Y-4.2056
X4.6089 Y-4.2103
X4.6134 Y-4.2127
X4.6167 Y-4.2143
X4.6244 Y-4.2175
X4.6322 Y-4.2201
X4.6399 Y-4.2222 Z0.4462
X4.6476 Y-4.2236
X4.6554 Y-4.2246 Z0.4463
X4.6631 Y-4.2249 Z0.4464
X4.6708 Y-4.2248 Z0.4463
X4.6786 Y-4.2242
X4.6863 Y-4.2229
X4.694 Y-4.2215
X4.8024 Y-4.1995 Z0.4464
X4.8513 Y-4.1902
X4.8568 Y-4.1891 Z0.4462
X4.8621 Y-4.1877 Z0.4456
X4.8674 Y-4.1863 Z0.4447
X4.8726 Y-4.1847 Z0.4436
X4.8778 Y-4.183 Z0.4422
X4.8829 Y-4.1813 Z0.4407
X4.9031 Y-4.1742 Z0.4342
X4.9082 Y-4.1724 Z0.4327
X4.9134 Y-4.1708 Z0.4314
X4.9186 Y-4.1693 Z0.4302
X4.9239 Y-4.1678 Z0.4293
X4.9293 Y-4.1666 Z0.4288
X4.9347 Y-4.1655 Z0.4285
X5.0113 Y-4.152 Z0.4286
X5.0577 Y-4.1444
X5.1196 Y-4.1344
X5.166 Y-4.1274 Z0.4285
X5.2279 Y-4.1182 Z0.4286
X5.2666 Y-4.1129 Z0.4285
X5.3362 Y-4.1035 Z0.4286
X5.3826 Y-4.0978 Z0.4285
X5.4445 Y-4.0903 Z0.4286
X5.491 Y-4.0852 Z0.4285
X5.5529 Y-4.0785 Z0.4286
X5.5993 Y-4.074 Z0.4285
X5.6612 Y-4.0682 Z0.4286
X5.7076 Y-4.0643 Z0.4285
X5.7695 Y-4.0593 Z0.4286
X5.8237 Y-4.0555 Z0.4285
X5.8856 Y-4.0514 Z0.4286
X5.932 Y-4.0488 Z0.4285
X5.9939 Y-4.0455 Z0.4286
X6.048 Y-4.0431 Z0.4285
X6.1022 Y-4.041 Z0.4286
X6.1563 Y-4.0393 Z0.4285
X6.2105 Y-4.0379 Z0.4286
X6.2724 Y-4.0369 Z0.4285
X6.3188 Y-4.0362 Z0.4286
X6.3807 Y-4.036 Z0.4285
X6.4271 Z0.4286
X6.5045 Y-4.0368 Z0.4285
X6.5432 Y-4.0374 Z0.4286
X6.6128 Y-4.039 Z0.4285
X6.6515 Y-4.0401 Z0.4286
X6.7289 Y-4.043 Z0.4285
X6.7598 Y-4.0443 Z0.4286
X6.8372 Y-4.0482 Z0.4285
X6.8682 Y-4.0498 Z0.4286
X6.9533 Y-4.0553
X6.9765 Y-4.0569
X7.0616 Y-4.0635
X7.0889 Y-4.0656
X7.1776 Y-4.0737 Z0.4285
X7.2008 Y-4.076 Z0.4286
X7.2937 Y-4.0857
X7.3092 Y-4.0874
X7.4097 Y-4.0993
X7.433 Y-4.1023
X7.5181 Y-4.1136
X7.5258 Y-4.1146
X7.6264 Y-4.1293
X7.6419 Y-4.1316
X7.7347 Y-4.1464 Z0.4285
X7.7424 Y-4.1475
X7.7502 Y-4.1485
X7.7579 Y-4.1492
X7.7657 Y-4.1497
X7.7734 Z0.4286
X7.7811 Y-4.1495 Z0.4285
X7.7889 Y-4.1489
X7.7966 Y-4.148
X7.8043 Y-4.1467
X7.8121 Y-4.1451
X7.8204 Y-4.143 Z0.4284
X7.8275 Y-4.1409 Z0.4285
X7.8353 Y-4.1382
X7.843 Y-4.1352
X7.8508 Y-4.1316
X7.8588 Y-4.1276
X7.8662 Y-4.1233
X7.874 Y-4.1183
X7.8827 Y-4.1121
X7.8894 Y-4.1067 Z0.4284
X7.8972 Y-4.0999
X7.9005 Y-4.0966 Z0.4285
X7.9049 Y-4.0921 Z0.4284
X7.908 Y-4.0889
X7.9146 Y-4.0811
X7.9204 Y-4.0734 Z0.4285
X7.9257 Y-4.0656
X7.9281 Y-4.0619
X7.9305 Y-4.0579 Z0.4284
X7.9359 Y-4.0481 Z0.4285
X7.9385 Y-4.0424
X7.9419 Y-4.0347
X7.9476 Y-4.0192 Z0.4286
X7.9532 Y-4.0037 Z0.4287
X7.9594 Y-3.9883 Z0.4286
X7.9628 Y-3.9805
X7.9668 Y-3.9718
X7.97 Y-3.965 Z0.4287
X7.9781 Y-3.9496 Z0.4286
X7.9825 Y-3.9418
X7.987 Y-3.9341
X7.99 Y-3.929
X7.9978 Y-3.917 Z0.4287
X8.0019 Y-3.9109
X8.0074 Y-3.9031 Z0.4286
X8.0132 Y-3.8952 Z0.4287
X8.021 Y-3.8853 Z0.4286
X8.0254 Y-3.8799 Z0.4287
X8.0364 Y-3.8671
X8.0442 Y-3.8587 Z0.4286
X8.0519 Y-3.8507 Z0.4287
X8.0617 Y-3.8412 Z0.4286
X8.0674 Y-3.8359 Z0.4287
X8.079 Y-3.8257
X8.0829 Y-3.8225
X8.0906 Y-3.8163 Z0.4286
X8.0984 Y-3.8102 Z0.4287
X8.109 Y-3.8025 Z0.4286
X8.1138 Y-3.7991 Z0.4287
X8.1293 Y-3.7889
X8.137 Y-3.7843 Z0.4286
X8.1455 Y-3.7793
X8.1525 Y-3.7754
X8.1602 Y-3.7713
X8.168 Y-3.7674
X8.1757 Y-3.7637
X8.1835 Y-3.7601
X8.193 Y-3.7561
X8.1989 Y-3.7536 Z0.4287
X8.2067 Y-3.7506 Z0.4286
X8.2144 Y-3.7478
X8.2221 Y-3.7451 Z0.4287
X8.2376 Y-3.7402
X8.2453 Y-3.738 Z0.4286
X8.2531 Y-3.736
X8.2608 Y-3.7341 Z0.4287
X8.2686 Y-3.7324 Z0.4286
X8.2763 Y-3.7307 Z0.4287
X8.284 Y-3.7293
X8.2995 Y-3.7268
X8.315 Y-3.7249 Z0.4286
X8.3227 Y-3.7241
X8.3382 Y-3.723
X8.3459 Y-3.7227
X8.3614 Y-3.7225
X8.3691 Y-3.7226 Z0.4285
X8.3769 Y-3.7228 Z0.4286
X8.3846 Y-3.7232
X8.3923 Y-3.7237
X8.4001 Y-3.7243 Z0.4287
X8.4156 Y-3.726 Z0.4286
X8.4233 Y-3.727
X8.4388 Y-3.7296 Z0.4287
X8.4465 Y-3.7311 Z0.4286
X8.462 Y-3.7345 Z0.4287
X8.4697 Y-3.7364 Z0.4286
X8.4775 Y-3.7385 Z0.4287
X8.4852 Y-3.7408
X8.4929 Y-3.7431 Z0.4286
X8.5007 Y-3.7456 Z0.4287
X8.5161 Y-3.7512
X8.5239 Y-3.7543 Z0.4286
X8.5316 Y-3.7575
X8.5394 Y-3.7609 Z0.4287
X8.5548 Y-3.7682
X8.5626 Y-3.7722 Z0.4286
X8.5703 Y-3.7763
X8.5757 Y-3.7793
X8.5887 Y-3.787
X8.5935 Y-3.79 Z0.4287
X8.6012 Y-3.7951 Z0.4286
X8.609 Y-3.8002
X8.6228 Y-3.8102
X8.6245 Y-3.8115
X8.6327 Y-3.818
X8.6399 Y-3.8238
X8.651 Y-3.8335
X8.6554 Y-3.8374 Z0.4287
X8.6674 Y-3.8489
X8.6709 Y-3.8524
X8.6786 Y-3.8605 Z0.4286
X8.6823 Y-3.8644 Z0.4287
X8.6891 Y-3.8722 Z0.4286
X8.6958 Y-3.8799 Z0.4287
X8.702 Y-3.8876 Z0.4286
X8.7096 Y-3.8973
X8.7192 Y-3.9109
X8.725 Y-3.9196
X8.7328 Y-3.9317 Z0.4287
X8.7405 Y-3.9451
X8.743 Y-3.9496
X8.7511 Y-3.965 Z0.4286
X8.756 Y-3.9754
X8.7583 Y-3.9805
X8.7617 Y-3.9883
X8.7649 Y-3.996
X8.7679 Y-4.0037 Z0.4287
X8.7735 Y-4.0192
X8.776 Y-4.0269 Z0.4286
X8.7792 Y-4.0377 Z0.4287
X8.7806 Y-4.0424
X8.7845 Y-4.0579
X8.7863 Y-4.0656
X8.7894 Y-4.0811
X8.7932 Y-4.1043 Z0.4285
X8.7947 Y-4.113 Z0.4284
X8.7962 Y-4.1198 Z0.4285
X8.7981 Y-4.1276 Z0.4284
X8.8006 Y-4.1353 Z0.4285
X8.8024 Y-4.1408
X8.8033 Y-4.143
X8.8064 Y-4.1508
X8.8101 Y-4.1587
X8.8141 Y-4.1663
X8.8186 Y-4.174
X8.8256 Y-4.1846
X8.8293 Y-4.1895
X8.8355 Y-4.1972 Z0.4284
X8.8425 Y-4.2049 Z0.4285
X8.8504 Y-4.2127
X8.8566 Y-4.2181
X8.8594 Y-4.2204
X8.8643 Y-4.2243 Z0.4284
X8.872 Y-4.2298 Z0.4285
X8.8798 Y-4.2348
X8.8816 Y-4.2359
X8.8875 Y-4.2393
X8.8961 Y-4.2436
X8.903 Y-4.2467
X8.9107 Y-4.2499 Z0.4284
X8.9185 Y-4.2525 Z0.4285
X8.9262 Y-4.2548
X8.9339 Y-4.2568
X8.9417 Y-4.2584
X8.9494 Y-4.2597 Z0.4284
X8.9572 Y-4.2606 Z0.4285
X8.9649 Y-4.2613
X8.9726 Y-4.2616 Z0.4286
X8.9804 Y-4.2615
X8.9881 Y-4.2612 Z0.4285
X8.9958 Y-4.2607 Z0.4286
X9.0345 Y-4.2576 Z0.4285
X9.0655 Y-4.2548
X9.0732 Y-4.254
X9.0809 Y-4.2529
X9.0898 Y-4.2514 Z0.4284
X9.0964 Y-4.25
X9.1042 Y-4.2479 Z0.4285
X9.1119 Y-4.2456 Z0.4284
X9.1196 Y-4.2428 Z0.4285
X9.1274 Y-4.2397
X9.1357 Y-4.2359
X9.1428 Y-4.2321
X9.1506 Y-4.2276
X9.1583 Y-4.2226 Z0.4284
X9.1661 Y-4.2169 Z0.4285
X9.1714 Y-4.2127
X9.1738 Y-4.2106
X9.1802 Y-4.2049
X9.1879 Y-4.1972
X9.1893 Y-4.1958
X9.197 Y-4.1869
X9.2009 Y-4.1817
X9.2047 Y-4.1766
X9.2065 Y-4.174
X9.2125 Y-4.1646 Z0.4284
X9.2158 Y-4.1585 Z0.4285
X9.2202 Y-4.15
X9.2234 Y-4.143
X9.2264 Y-4.1353
X9.2292 Y-4.1276 Z0.4284
X9.2314 Y-4.1198 Z0.4285
X9.2334 Y-4.1121
X9.235 Y-4.1043 Z0.4284
X9.2357 Y-4.1007
X9.2363 Y-4.0966 Z0.4285
X9.2373 Y-4.0889 Z0.4284
X9.2378 Y-4.0811 Z0.4286
X9.2381 Y-4.0734 Z0.4285
Y-4.0656
X9.2376 Y-4.0579
X9.237 Y-4.0502
X9.2357 Y-4.0413
X9.2346 Y-4.0347
X9.2328 Y-4.0269
X9.231 Y-4.0192
X9.2271 Y-4.0037 Z0.4286
X9.2253 Y-3.996
X9.222 Y-3.9805
X9.2202 Y-3.971
X9.2178 Y-3.9573
X9.2166 Y-3.9496
X9.2145 Y-3.9341
X9.2135 Y-3.9263
X9.212 Y-3.9109
X9.2113 Y-3.9031 Z0.4287
X9.2103 Y-3.8876 Z0.4286
X9.2099 Y-3.8799
X9.2095 Y-3.8644 Z0.4285
X9.2094 Y-3.8567 Z0.4286
X9.2096 Y-3.8335
X9.2095 Y-3.8257
X9.2092 Y-3.818 Z0.4285
X9.2086 Y-3.8102
X9.2076 Y-3.8025
X9.2063 Y-3.7948 Z0.4284
X9.2046 Y-3.787 Z0.4285
X9.2026 Y-3.7793
X9.2003 Y-3.7716
X9.197 Y-3.7625
X9.1945 Y-3.7561
X9.1893 Y-3.745
X9.1868 Y-3.7406
X9.1824 Y-3.7329
X9.1773 Y-3.7251
X9.1738 Y-3.7201 Z0.4284
X9.1717 Y-3.7174 Z0.4285
X9.1655 Y-3.7096
X9.1583 Y-3.7016
X9.1506 Y-3.6941
X9.1417 Y-3.6864
X9.1351 Y-3.6813
X9.1315 Y-3.6787
X9.1274 Y-3.6758
X9.1196 Y-3.6709
X9.1119 Y-3.6666
X9.1042 Y-3.6626
X9.0964 Y-3.6593
X9.0887 Y-3.6562
X9.0809 Y-3.6536 Z0.4284
X9.0732 Y-3.6514 Z0.4285
X9.0655 Y-3.6494 Z0.4284
X9.0569 Y-3.6477 Z0.4285
X9.05 Y-3.6464
X8.9958 Y-3.6377 Z0.4286
X8.9649 Y-3.632
X8.9417 Y-3.6277
X8.9185 Y-3.6229
X8.8875 Y-3.6164
X8.872 Y-3.6128
X8.8334 Y-3.6037
X8.8237 Y-3.6013
X8.7941 Y-3.5936
X8.7715 Y-3.5875
X8.7405 Y-3.5787
X8.7173 Y-3.5719
X8.6941 Y-3.5646 Z0.4285
X8.6631 Y-3.5548 Z0.4286
X8.6322 Y-3.5443
X8.609 Y-3.5363
X8.5754 Y-3.5239 Z0.4285
X8.5547 Y-3.5162 Z0.4286
X8.5157 Y-3.5007
X8.5007 Y-3.4946
X8.4603 Y-3.4775 Z0.4285
X8.4542 Y-3.4748 Z0.4286
X8.4388 Y-3.4679
X8.4078 Y-3.4538
X8.4001 Y-3.4503
X8.3603 Y-3.431
X8.3446 Y-3.4233
X8.3072 Y-3.404
X8.2995 Y-3.4
X8.284 Y-3.3917
X8.2531 Y-3.3747
X8.2431 Y-3.3691
X8.203 Y-3.3459
X8.1989 Y-3.3435
X8.1835 Y-3.3341
X8.1522 Y-3.3149
X8.14 Y-3.3072
X8.1041 Y-3.284
X8.0925 Y-3.2762
X8.0674 Y-3.2591
X8.0519 Y-3.2485
X8.0259 Y-3.2298
X8.0055 Y-3.215
X7.984 Y-3.1989 Z0.4285
X7.9636 Y-3.1834 Z0.4286
X7.9436 Y-3.1676
X7.9281 Y-3.1553
X7.9149 Y-3.1447
X7.8963 Y-3.1292 Z0.4285
X7.874 Y-3.1104 Z0.4286
X7.8423 Y-3.0828 Z0.4285
X7.8336 Y-3.075 Z0.4286
X7.825 Y-3.0673
X7.7998 Y-3.0441
X7.7889 Y-3.0339
X7.7579 Y-3.004
X7.7502 Y-2.9965
X7.736 Y-2.9822
X7.7192 Y-2.9652
X7.7115 Y-2.9573
X7.7038 Y-2.9492
X7.6766 Y-2.9202
X7.6694 Y-2.9125
X7.6486 Y-2.8893
X7.6341 Y-2.873
X7.6264 Y-2.8646 Z0.4285
X7.6203 Y-2.8583
X7.6119 Y-2.8506
X7.6022 Y-2.8428
X7.5954 Y-2.8381
X7.5911 Y-2.8351
X7.5877 Y-2.833
X7.5779 Y-2.8274
X7.5722 Y-2.8246
X7.5645 Y-2.8209
X7.5568 Y-2.8178
X7.549 Y-2.8152
X7.5413 Y-2.8127 Z0.4284
X7.5335 Y-2.8108 Z0.4285
X7.5258 Y-2.8091
X7.5181 Y-2.8078
X7.5103 Y-2.8069
X7.5026 Y-2.8062
X7.4949 Y-2.8059
X7.4871
X7.4794 Y-2.8063
X7.4716 Y-2.807
X7.4639 Y-2.808
X7.4562 Y-2.8094
X7.4484 Y-2.811 Z0.4284
X7.4407 Y-2.8131 Z0.4285
X7.433 Y-2.8155
X7.4252 Y-2.8183
X7.4217 Y-2.8196
X7.4175 Y-2.8215
X7.4097 Y-2.825
X7.4053 Y-2.8274
X7.402 Y-2.8291
X7.3943 Y-2.8337
X7.3865 Y-2.8386
X7.368 Y-2.8506 Z0.4286
X7.3633 Y-2.8535
X7.3554 Y-2.8583
X7.3423 Y-2.8661 Z0.4287
X7.3246 Y-2.8757 Z0.4286
X7.3169 Y-2.8797
X7.2974 Y-2.8893
X7.286 Y-2.8944
X7.2782 Y-2.8978
X7.2705 Y-2.9011
X7.2613 Y-2.9048
X7.2473 Y-2.9102 Z0.4287
X7.2318 Y-2.9156 Z0.4286
X7.2241 Y-2.9183 Z0.4287
X7.2008 Y-2.9253 Z0.4286
X7.1911 Y-2.928
X7.1776 Y-2.9314 Z0.4287
X7.1699 Y-2.9333 Z0.4286
X7.1544 Y-2.9367
X7.1467 Y-2.9382 Z0.4287
X7.1312 Y-2.941 Z0.4286
X7.1235 Y-2.9423
X7.1003 Y-2.9454
X7.0925 Y-2.9463
X7.0693 Y-2.9484 Z0.4287
X7.0616 Y-2.9488 Z0.4285
X7.0538 Y-2.9492 Z0.4286
X7.0461 Y-2.9495 Z0.4287
X7.0306 Y-2.9499 Z0.4285
X7.0229 Z0.4286
X7.0152 Y-2.9498 Z0.4287
X7.0074 Y-2.9495 Z0.4286
X6.9997 Y-2.9494 Z0.4285
X6.9919 Y-2.9491 Z0.4286
X6.9765 Y-2.9479 Z0.4287
X6.9687 Y-2.9474 Z0.4286
X6.961 Y-2.9467
X6.9455 Y-2.9449 Z0.4287
X6.9378 Y-2.9439
X6.9301 Y-2.9428 Z0.4286
X6.9223 Y-2.9416
X6.9146 Y-2.9403 Z0.4287
X6.8991 Y-2.9373 Z0.4286
X6.8909 Y-2.9357
X6.8836 Y-2.9341 Z0.4287
X6.8682 Y-2.9304 Z0.4286
X6.8588 Y-2.928
X6.8372 Y-2.9218 Z0.4287
X6.8295 Y-2.9193 Z0.4286
X6.8217 Y-2.9168
X6.814 Y-2.9142 Z0.4287
X6.7985 Y-2.9086 Z0.4286
X6.7885 Y-2.9048
X6.7753 Y-2.8993
X6.7676 Y-2.896
X6.7598 Y-2.8926
X6.7444 Y-2.8853
X6.7366 Y-2.8815
X6.7289 Y-2.8775
X6.7212 Y-2.8734 Z0.4287
X6.7134 Y-2.8692
X6.7057 Y-2.8648 Z0.4286
X6.6945 Y-2.8583 Z0.4287
X6.6747 Y-2.846 Z0.4286
X6.67 Y-2.8428
X6.6515 Y-2.8302
X6.6477 Y-2.8274
X6.636 Y-2.8187
X6.6272 Y-2.8119
X6.6177 Y-2.8042
X6.6084 Y-2.7964 Z0.4287
X6.5974 Y-2.7868 Z0.4286
X6.5896 Y-2.7799
X6.5741 Y-2.765
X6.5664 Y-2.7573
X6.5521 Y-2.7422
X6.5432 Y-2.7323
X6.5355 Y-2.7234 Z0.4287
X6.5191 Y-2.7035 Z0.4286
X6.5123 Y-2.6954 Z0.4285
X6.5045 Y-2.6872
X6.4968 Y-2.6798
X6.4883 Y-2.6726
X6.4813 Y-2.6672
X6.4736 Y-2.662
X6.4655 Y-2.6571
X6.4581 Y-2.653
X6.4504 Y-2.6493
X6.4426 Y-2.646
X6.4349 Y-2.6429
X6.4271 Y-2.6405
X6.4194 Y-2.6383
X6.4117 Y-2.6365
X6.4039 Y-2.6351
X6.3962 Y-2.6338
X6.3885 Y-2.6331
X6.3807 Y-2.6326
X6.373 Y-2.6325 Z0.4286
X6.3652 Y-2.6327 Z0.4285
X6.3575 Y-2.6332
X6.3498 Y-2.6341
X6.342 Y-2.6352
X6.3343 Y-2.6368
X6.3266 Y-2.6386
X6.3188 Y-2.6408
X6.3111 Y-2.6435
X6.3034 Y-2.6464
X6.2956 Y-2.6498
X6.2879 Y-2.6537
X6.2816 Y-2.6571
X6.2724 Y-2.6628
X6.2693 Y-2.6648
X6.2586 Y-2.6726
X6.2415 Y-2.6858 Z0.4286
X6.1718 Y-2.7392
X6.1486 Y-2.7566
X6.0867 Y-2.8029
X6.0638 Y-2.8196 Z0.4285
X5.9999 Y-2.8661 Z0.4286
X5.9861 Y-2.8759 Z0.4285
X5.9397 Y-2.9087 Z0.4286
X5.9124 Y-2.928 Z0.4287
X5.8901 Y-2.9435 Z0.4285
X5.8225 Y-2.9899 Z0.4287
X5.7996 Y-3.0054 Z0.4285
X5.785 Y-3.0152
X5.7385 Y-3.0461 Z0.4287
X5.7181 Y-3.0595 Z0.4286
X5.6945 Y-3.075 Z0.4285
X5.6457 Y-3.1066 Z0.4287
X5.607 Y-3.1313 Z0.4285
X5.5683 Y-3.1556 Z0.4286
X5.5529 Y-3.1653 Z0.4287
X5.5112 Y-3.1911 Z0.4285
X5.4832 Y-3.2082 Z0.4286
X5.46 Y-3.2223 Z0.4287
X5.4089 Y-3.253 Z0.4284
X5.3672 Y-3.2777 Z0.4287
X5.313 Y-3.3092 Z0.4285
X5.2821 Y-3.327 Z0.4287
X5.2743 Y-3.3314
X5.2124 Y-3.3663 Z0.4285
X5.1796 Y-3.3846 Z0.4287
X5.1088 Y-3.4233 Z0.4285
X5.0886 Y-3.4341 Z0.4287
X5.0214 Y-3.4697 Z0.4285
X5.0035 Y-3.4791
X4.9881 Y-3.4872 Z0.4287
X4.9107 Y-3.5268 Z0.4285
X4.8952 Y-3.5346 Z0.4286
X4.8024 Y-3.5806
X4.7714 Y-3.5954
X4.7095 Y-3.6251
X4.7018 Y-3.6288 Z0.4285
X4.694 Y-3.6328
X4.6863 Y-3.6371
X4.6786 Y-3.6418
X4.6701 Y-3.6477
X4.6631 Y-3.6532
X4.6604 Y-3.6555
X4.6554 Y-3.6598
X4.6518 Y-3.6632
X4.6476 Y-3.6672 Z0.4284
X4.6399 Y-3.6757
X4.6374 Y-3.6787
X4.6313 Y-3.6864 Z0.4285
X4.6244 Y-3.6964
X4.6211 Y-3.7019
X4.6167 Y-3.7096
X4.6129 Y-3.7174
X4.6094 Y-3.7251
X4.6064 Y-3.7329
X4.6038 Y-3.7406
X4.6015 Y-3.7483 Z0.4284
X4.5996 Y-3.7561
X4.5981 Y-3.7638 Z0.4285
X4.5968 Y-3.7716 Z0.4284
X4.596 Y-3.7793 Z0.4285
X4.5954 Y-3.787
X4.5952 Y-3.7948 Z0.4286
X4.5953 Y-3.8025 Z0.4285
X4.5957 Y-3.8102
X4.5965 Y-3.818
X4.5986 Y-3.8335 Z0.4286
X4.5996 Y-3.8412
X4.6005 Y-3.8489
X4.602 Y-3.8644
X4.6029 Y-3.8799
X4.6031 Y-3.8876
X4.6032 Y-3.9031
X4.6027 Y-3.9186
X4.6022 Y-3.9263
X4.6012 Y-3.9384 Z0.4287
X4.6009 Y-3.9418
X4.5999 Y-3.9496 Z0.4286
X4.599 Y-3.9573 Z0.4287
X4.5978 Y-3.965 Z0.4286
X4.5965 Y-3.9728
X4.5951 Y-3.9805 Z0.4287
X4.5918 Y-3.996
X4.5898 Y-4.0037 Z0.4286
X4.5878 Y-4.0115 Z0.4287
X4.5856 Y-4.0192
X4.5833 Y-4.0269 Z0.4286
X4.5808 Y-4.0347 Z0.4287
X4.5753 Y-4.0502
X4.5692 Y-4.0656 Z0.4285
X4.5663 Y-4.0734
X4.5637 Y-4.0811
X4.5625 Y-4.0853 Z0.4284
X4.5618 Y-4.0889
X4.5604 Y-4.0966 Z0.4285
X4.5597 Y-4.1043
X4.5594 Y-4.1121
X4.5599 Y-4.1198
X4.5609 Y-4.1276 Z0.4284
X4.5625 Y-4.1353
X4.5647 Y-4.143 Z0.4285
X4.5675 Y-4.1508
X4.5703 Y-4.1569
X4.5711 Y-4.1585
X4.5755 Y-4.1663
X4.578 Y-4.1702
X4.5808 Y-4.174
X4.5857 Y-4.18
X4.5873 Y-4.1817
X4.5935 Y-4.1879
X4.5951 Y-4.1895 Z0.4284
X4.6012 Y-4.1944
X4.605 Y-4.1972 Z0.4285
X4.6089 Y-4.1998 Z0.4284
X4.6167 Y-4.2042 Z0.4285
X4.6181 Y-4.2049
X4.6244 Y-4.2078
X4.6322 Y-4.2106 Z0.4284
X4.6399 Y-4.2128
X4.6476 Y-4.2144
X4.6554 Y-4.2154 Z0.4285
X4.6631 Y-4.2159
X4.6708 Y-4.2157
X4.6786 Y-4.215
X4.6863 Y-4.2137
X4.694 Y-4.2123
X4.7946 Y-4.1918 Z0.4286
X4.9029 Y-4.1712
X4.9347 Y-4.1655 Z0.4285
X4.9402 Y-4.1644 Z0.4284
X4.9456 Y-4.1631 Z0.4278
X4.9508 Y-4.1616 Z0.427
X4.956 Y-4.1599 Z0.426
X4.9612 Y-4.1581 Z0.4248
X4.9663 Y-4.1561 Z0.4234
X4.9864 Y-4.1483 Z0.4175
X4.9915 Y-4.1464 Z0.4162
X4.9967 Y-4.1446 Z0.4149
X5.0019 Y-4.1429 Z0.4139
X5.0072 Y-4.1415 Z0.413
X5.0126 Y-4.1402 Z0.4125
X5.018 Y-4.1391 Z0.4123
X5.1118 Y-4.1238
X5.1351 Y-4.1203
X5.2279 Y-4.1065
X5.2743 Y-4.1001
X5.3362 Y-4.0918
X5.3826 Y-4.0861
X5.4445 Y-4.0786
X5.492 Y-4.0734
X5.5529 Y-4.0668 Z0.4124
X5.5993 Y-4.0623 Z0.4123
X5.6612 Y-4.0565
X5.7076 Y-4.0526 Z0.4122
X5.7695 Y-4.0476 Z0.4124
X5.8237 Y-4.0438 Z0.4123
X5.8856 Y-4.0397
X5.932 Y-4.0371
X5.9939 Y-4.0338 Z0.4124
X6.048 Y-4.0315 Z0.4123
X6.1022 Y-4.0293 Z0.4124
X6.1563 Y-4.0277 Z0.4122
X6.2105 Y-4.0262 Z0.4124
X6.2724 Y-4.0252 Z0.4122
X6.3188 Y-4.0246 Z0.4124
X6.3807 Y-4.0244 Z0.4122
X6.4271 Z0.4124
X6.5045 Y-4.0252 Z0.4123
X6.5432 Y-4.0258 Z0.4124
X6.6128 Y-4.0274 Z0.4123
X6.6515 Y-4.0285 Z0.4124
X6.7289 Y-4.0313 Z0.4123
X6.7598 Y-4.0326 Z0.4124
X6.8372 Y-4.0365 Z0.4123
X6.8682 Y-4.0382 Z0.4124
X6.9533 Y-4.0436 Z0.4123
X6.9842 Y-4.0458 Z0.4124
X7.0616 Y-4.0518 Z0.4123
X7.0925 Y-4.0543 Z0.4124
X7.1776 Y-4.062 Z0.4123
X7.2008 Y-4.0643
X7.2937 Y-4.074
X7.3092 Y-4.0757
X7.4097 Y-4.0876
X7.4252 Y-4.0895
X7.5181 Y-4.1018
X7.5335 Y-4.104
X7.6264 Y-4.1175
X7.6419 Y-4.1199
X7.7391 Y-4.1353
X7.7502 Y-4.1368 Z0.4122
X7.7579 Y-4.1376
X7.7657 Y-4.1381 Z0.4123
X7.7734
X7.7811 Y-4.1378 Z0.4122
X7.7889 Y-4.1372
X7.7966 Y-4.1362
X7.8021 Y-4.1353
X7.8043 Y-4.1349
X7.8121 Y-4.1331
X7.8198 Y-4.131
X7.8275 Y-4.1286
X7.8305 Y-4.1276
X7.8353 Y-4.1257
X7.843 Y-4.1224
X7.8508 Y-4.1186
X7.8585 Y-4.1143
X7.8622 Y-4.1121
X7.8662 Y-4.1095
X7.874 Y-4.104
X7.8817 Y-4.098
X7.8894 Y-4.0912
X7.8918 Y-4.0889
X7.8972 Y-4.0833
X7.8992 Y-4.0811
X7.9058 Y-4.0734
X7.9117 Y-4.0656
X7.9127 Y-4.0643
X7.9168 Y-4.0579 Z0.4123
X7.9204 Y-4.0522 Z0.4122
X7.9257 Y-4.0424 Z0.4123
X7.9292 Y-4.0347 Z0.4122
X7.9324 Y-4.0269
X7.9359 Y-4.0175 Z0.4123
X7.9408 Y-4.0037 Z0.4124
X7.9438 Y-3.996
X7.9469 Y-3.9883
X7.95 Y-3.9805
X7.9571 Y-3.965
X7.9591 Y-3.961
X7.9668 Y-3.946
X7.9691 Y-3.9418
X7.9746 Y-3.9323 Z0.4123
X7.978 Y-3.9263 Z0.4124
X7.9829 Y-3.9186
X7.99 Y-3.9076
X7.9978 Y-3.8966
X8.0055 Y-3.8862
X8.0104 Y-3.8799
X8.0132 Y-3.8764
X8.0167 Y-3.8722
X8.0287 Y-3.8583
X8.0375 Y-3.8489
X8.045 Y-3.8412
X8.053 Y-3.8335
X8.0597 Y-3.8273
X8.0702 Y-3.818
X8.0751 Y-3.8138
X8.0829 Y-3.8076
X8.0906 Y-3.8015
X8.0998 Y-3.7948
X8.1061 Y-3.7903
X8.1216 Y-3.7801
X8.1293 Y-3.7753 Z0.4123
X8.137 Y-3.7708 Z0.4124
X8.1448 Y-3.7664
X8.1525 Y-3.7623
X8.1602 Y-3.7582
X8.168 Y-3.7545 Z0.4123
X8.1757 Y-3.7508 Z0.4124
X8.1835 Y-3.7475
X8.1912 Y-3.7442
X8.2003 Y-3.7406
X8.2144 Y-3.7354
X8.2222 Y-3.7329
X8.2376 Y-3.7281
X8.2488 Y-3.7251
X8.2531 Y-3.724
X8.2608 Y-3.7222
X8.2686 Y-3.7205
X8.2763 Y-3.7189
X8.2918 Y-3.7162
X8.2995 Y-3.715
X8.315 Y-3.7132
X8.3227 Y-3.7125 Z0.4123
X8.3382 Y-3.7114 Z0.4124
X8.3459 Y-3.7111 Z0.4123
X8.3614 Y-3.7108 Z0.4124
X8.3691 Y-3.7109 Z0.4123
X8.3769 Y-3.7112
X8.3846 Y-3.7115 Z0.4124
X8.3923 Y-3.712 Z0.4123
X8.4001 Y-3.7126 Z0.4124
X8.4156 Y-3.7143
X8.4233 Y-3.7153
X8.4388 Y-3.7178
X8.4465 Y-3.7192
X8.462 Y-3.7225
X8.4724 Y-3.7251
X8.4852 Y-3.7286
X8.5007 Y-3.7334
X8.5084 Y-3.736
X8.5209 Y-3.7406
X8.5239 Y-3.7418
X8.5316 Y-3.7449 Z0.4123
X8.5398 Y-3.7483 Z0.4124
X8.5471 Y-3.7517
X8.5564 Y-3.7561
X8.5626 Y-3.7591
X8.5716 Y-3.7638
X8.578 Y-3.7673
X8.5858 Y-3.7718
X8.5935 Y-3.7763
X8.5983 Y-3.7793
X8.6102 Y-3.787
X8.6167 Y-3.7915
X8.6245 Y-3.7971 Z0.4123
X8.6322 Y-3.8028 Z0.4124
X8.6416 Y-3.8102
X8.6477 Y-3.8151
X8.6598 Y-3.8257
X8.6631 Y-3.8287
X8.6761 Y-3.8412
X8.6786 Y-3.8437
X8.6864 Y-3.8518
X8.691 Y-3.8567
X8.6941 Y-3.8601
X8.7018 Y-3.8691
X8.7045 Y-3.8722
X8.7107 Y-3.8799
X8.7173 Y-3.8883
X8.725 Y-3.899
X8.728 Y-3.9031
X8.7333 Y-3.9109
X8.7405 Y-3.9222
X8.7431 Y-3.9263
X8.7521 Y-3.9418
X8.7602 Y-3.9573
X8.764 Y-3.965
X8.7676 Y-3.9728
X8.7715 Y-3.9814
X8.7743 Y-3.9883
X8.7774 Y-3.996
X8.7792 Y-4.0007
X8.7831 Y-4.0115
X8.7857 Y-4.0192
X8.7881 Y-4.0269
X8.7904 Y-4.0347
X8.7926 Y-4.0424
X8.7965 Y-4.0579
X8.7981 Y-4.0656
X8.8012 Y-4.0811
X8.8037 Y-4.0966 Z0.4123
X8.8064 Y-4.1121 Z0.4122
X8.8082 Y-4.1198
X8.8104 Y-4.1276
X8.8129 Y-4.1353
X8.8159 Y-4.143
X8.8179 Y-4.1479
X8.8193 Y-4.1508
X8.8231 Y-4.1585
X8.8275 Y-4.1663 Z0.4123
X8.8334 Y-4.1753 Z0.4122
X8.838 Y-4.1817
X8.8442 Y-4.1895
X8.8513 Y-4.1972
X8.8566 Y-4.2025 Z0.4123
X8.8592 Y-4.2049 Z0.4122
X8.8643 Y-4.2094
X8.8684 Y-4.2127
X8.872 Y-4.2155
X8.8798 Y-4.221
X8.8875 Y-4.2258 Z0.4123
X8.8915 Y-4.2282 Z0.4122
X8.8953 Y-4.2301
X8.903 Y-4.234
X8.9073 Y-4.2359 Z0.4123
X8.9107 Y-4.2373 Z0.4122
X8.9185 Y-4.2402
X8.9262 Y-4.2427
X8.9294 Y-4.2436
X8.9339 Y-4.2448
X8.9417 Y-4.2465
X8.9494 Y-4.2479
X8.9572 Y-4.2489
X8.9649 Y-4.2496
X8.9726 Y-4.2499 Z0.4123
X8.9804 Y-4.2498
X8.9881 Y-4.2495
X8.9958 Y-4.249
X9.0268 Y-4.2466
X9.0655 Y-4.2431
X9.0732 Y-4.2422 Z0.4122
X9.0809 Y-4.2412
X9.0887 Y-4.2397
X9.0964 Y-4.238
X9.1042 Y-4.2358
X9.1119 Y-4.2332
X9.1196 Y-4.2303
X9.1274 Y-4.2269
X9.1351 Y-4.223
X9.1398 Y-4.2204
X9.1428 Y-4.2187
X9.1521 Y-4.2127
X9.1583 Y-4.2081
X9.1625 Y-4.2049
X9.1661 Y-4.2019 Z0.4123
X9.1714 Y-4.1972 Z0.4122
X9.1738 Y-4.1949
X9.1792 Y-4.1895
X9.1815 Y-4.1869
X9.1861 Y-4.1817
X9.1893 Y-4.1778
X9.1922 Y-4.174
X9.197 Y-4.1672
X9.2025 Y-4.1585
X9.2068 Y-4.1508
X9.2106 Y-4.143
X9.2125 Y-4.1389
X9.214 Y-4.1353
X9.2168 Y-4.1276
X9.2193 Y-4.1198
X9.2202 Y-4.1167
X9.2215 Y-4.1121
X9.2231 Y-4.1043
X9.2245 Y-4.0966
X9.2255 Y-4.0889
X9.2262 Y-4.0811 Z0.4123
X9.2265 Y-4.0734 Z0.4122
X9.2264 Y-4.0656 Z0.4123
X9.226 Y-4.0579 Z0.4122
X9.2253 Y-4.0502
X9.2241 Y-4.0424
X9.2226 Y-4.0347
X9.2202 Y-4.0242 Z0.4123
X9.2151 Y-4.0037 Z0.4124
X9.2118 Y-3.9883 Z0.4123
X9.2101 Y-3.9805 Z0.4124
X9.2073 Y-3.965
X9.206 Y-3.9573
X9.2047 Y-3.9489
X9.2027 Y-3.9341
X9.2018 Y-3.9263
X9.2003 Y-3.9109
X9.1997 Y-3.9031
X9.1986 Y-3.8876 Z0.4123
X9.1983 Y-3.8799
X9.1978 Y-3.8644
X9.1977 Y-3.8567
X9.1979 Y-3.8335
Y-3.8257
X9.1975 Y-3.818
X9.1969 Y-3.8102 Z0.4122
X9.1958 Y-3.8025 Z0.4123
X9.1944 Y-3.7948 Z0.4122
X9.1926 Y-3.787
X9.1904 Y-3.7793
X9.1893 Y-3.7754
X9.188 Y-3.7716
X9.185 Y-3.7638
X9.1815 Y-3.7559
X9.1778 Y-3.7483
X9.1734 Y-3.7406
X9.1684 Y-3.7329
X9.1661 Y-3.7293
X9.1629 Y-3.7251
X9.1583 Y-3.7192
X9.1568 Y-3.7174 Z0.4123
X9.1498 Y-3.7096 Z0.4122
X9.1419 Y-3.7019 Z0.4123
X9.1351 Y-3.6961
X9.1328 Y-3.6942 Z0.4122
X9.1274 Y-3.69
X9.1223 Y-3.6864
X9.1196 Y-3.6846
X9.1119 Y-3.6799
X9.1098 Y-3.6787
X9.1042 Y-3.6757
X9.0964 Y-3.672
X9.0887 Y-3.6687
X9.0809 Y-3.6659
X9.0723 Y-3.6632
X9.0655 Y-3.6614
X9.0577 Y-3.6597
X9.05 Y-3.6583 Z0.4123
X9.019 Y-3.6532
X8.9958 Y-3.6495
X8.9649 Y-3.6439
X8.9417 Y-3.6396
X8.9339 Y-3.638
X8.9064 Y-3.6322
X8.8798 Y-3.6266 Z0.4124
X8.8566 Y-3.6212 Z0.4123
X8.8256 Y-3.6138 Z0.4124
X8.8024 Y-3.6078 Z0.4123
X8.7715 Y-3.5996 Z0.4124
X8.7483 Y-3.593 Z0.4123
X8.7173 Y-3.584 Z0.4124
X8.6941 Y-3.5768 Z0.4123
X8.6631 Y-3.567 Z0.4124
X8.6477 Y-3.5619 Z0.4123
X8.6167 Y-3.5513
X8.6048 Y-3.5471 Z0.4124
X8.5703 Y-3.5344 Z0.4123
X8.5548 Y-3.5287 Z0.4124
X8.5316 Y-3.5196 Z0.4123
X8.5037 Y-3.5084
X8.4929 Y-3.504
X8.4542 Y-3.4875
X8.4465 Y-3.4842 Z0.4124
X8.4078 Y-3.4666 Z0.4123
X8.3923 Y-3.4595
X8.3496 Y-3.4388
X8.3382 Y-3.4331
X8.2995 Y-3.4131
X8.2893 Y-3.4078
X8.2453 Y-3.3837
X8.2332 Y-3.3769
X8.1912 Y-3.3525 Z0.4124
X8.1757 Y-3.3431 Z0.4123
X8.1425 Y-3.3227 Z0.4124
X8.1216 Y-3.3092 Z0.4123
X8.0947 Y-3.2917 Z0.4124
X8.0751 Y-3.2785 Z0.4123
X8.0492 Y-3.2608 Z0.4124
X8.0364 Y-3.2517 Z0.4123
X8.0132 Y-3.235
X7.9978 Y-3.2238 Z0.4124
X7.9746 Y-3.2063 Z0.4123
X7.9546 Y-3.1911 Z0.4124
X7.9281 Y-3.1702 Z0.4123
X7.9127 Y-3.1578 Z0.4124
X7.8967 Y-3.1447 Z0.4123
X7.8782 Y-3.1292
X7.8662 Y-3.1191 Z0.4124
X7.8335 Y-3.0905 Z0.4123
X7.8248 Y-3.0828
X7.8043 Y-3.0641
X7.7811 Y-3.0426
X7.7502 Y-3.0127
X7.7424 Y-3.0052
X7.727 Y-2.9896
X7.7115 Y-2.9739
X7.7038 Y-2.966
X7.696 Y-2.9579 Z0.4124
X7.6679 Y-2.928 Z0.4123
X7.6607 Y-2.9202 Z0.4124
X7.6468 Y-2.9048 Z0.4123
X7.6261 Y-2.8815
X7.6186 Y-2.8734
X7.6109 Y-2.8655 Z0.4122
X7.603 Y-2.8583
X7.5954 Y-2.8523
X7.5931 Y-2.8506
X7.5877 Y-2.8469
X7.5814 Y-2.8428
X7.5722 Y-2.8376
X7.5673 Y-2.8351 Z0.4123
X7.5645 Y-2.8338 Z0.4122
X7.5568 Y-2.8304 Z0.4123
X7.5489 Y-2.8274 Z0.4122
X7.5413 Y-2.8249
X7.5335 Y-2.8228
X7.5258 Y-2.821
X7.5179 Y-2.8196
X7.5103 Y-2.8186
X7.5026 Y-2.8179
X7.4949 Y-2.8176 Z0.4123
X7.4871
X7.4794 Y-2.818 Z0.4122
X7.4716 Y-2.8188
X7.4639 Y-2.8198
X7.4562 Y-2.8213
X7.4484 Y-2.8231
X7.4407 Y-2.8252
X7.433 Y-2.8279
X7.4252 Y-2.8308
X7.4156 Y-2.8351
X7.4097 Y-2.8382 Z0.4123
X7.4017 Y-2.8428 Z0.4122
X7.3894 Y-2.8506 Z0.4123
X7.3711 Y-2.8624 Z0.4124
X7.3556 Y-2.8717 Z0.4123
X7.3479 Y-2.8763 Z0.4124
X7.3324 Y-2.8847 Z0.4123
X7.3237 Y-2.8893 Z0.4124
X7.3014 Y-2.9002
X7.286 Y-2.9071 Z0.4123
X7.2782 Y-2.9105 Z0.4124
X7.2705 Y-2.9137 Z0.4123
X7.2627 Y-2.9167
X7.2536 Y-2.9202 Z0.4124
X7.2395 Y-2.9252
X7.2316 Y-2.928
X7.2241 Y-2.9304
X7.2067 Y-2.9357
X7.2008 Y-2.9374
X7.1854 Y-2.9415
X7.1775 Y-2.9435
X7.1699 Y-2.9452
X7.1544 Y-2.9485
X7.1467 Y-2.95
X7.1312 Y-2.9528 Z0.4123
X7.1235 Y-2.9541 Z0.4124
X7.1003 Y-2.9572
X7.0925 Y-2.958
X7.0693 Y-2.96
X7.0616 Y-2.9605 Z0.4123
X7.0538 Y-2.9608
X7.0461 Y-2.9611 Z0.4124
X7.0306 Y-2.9615 Z0.4122
X7.0229 Z0.4123
X7.0152 Y-2.9614 Z0.4124
X7.0074 Y-2.9612
X6.9997 Y-2.961 Z0.4123
X6.9919 Y-2.9607
X6.9765 Y-2.9596 Z0.4124
X6.967 Y-2.9589
X6.961 Y-2.9584 Z0.4123
X6.9455 Y-2.9566 Z0.4124
X6.9378 Y-2.9557
X6.9301 Y-2.9545 Z0.4123
X6.9223 Y-2.9533
X6.9146 Y-2.9521 Z0.4124
X6.9068 Y-2.9507
X6.8914 Y-2.9477
X6.8836 Y-2.946
X6.8604 Y-2.9405
X6.8527 Y-2.9383
X6.8372 Y-2.9339
X6.8295 Y-2.9316
X6.8185 Y-2.928 Z0.4123
X6.8063 Y-2.9238 Z0.4124
X6.7908 Y-2.9181 Z0.4123
X6.783 Y-2.9151 Z0.4124
X6.7584 Y-2.9048
X6.7521 Y-2.9018 Z0.4123
X6.7366 Y-2.8945 Z0.4124
X6.7263 Y-2.8893 Z0.4123
X6.7117 Y-2.8815 Z0.4124
X6.7057 Y-2.8782
X6.6979 Y-2.8738 Z0.4123
X6.6902 Y-2.8693 Z0.4124
X6.6825 Y-2.8645
X6.667 Y-2.8548
X6.6515 Y-2.8443
X6.6438 Y-2.8389
X6.636 Y-2.8332 Z0.4123
X6.6283 Y-2.8274 Z0.4124
X6.6206 Y-2.8215
X6.6088 Y-2.8119 Z0.4123
X6.5995 Y-2.8042 Z0.4124
X6.5896 Y-2.7955 Z0.4123
X6.5819 Y-2.7886 Z0.4124
X6.5659 Y-2.7732
X6.5581 Y-2.7655 Z0.4123
X6.5507 Y-2.7577 Z0.4124
X6.5432 Y-2.7498
X6.5355 Y-2.7411 Z0.4123
X6.5277 Y-2.7323 Z0.4124
X6.52 Y-2.7229
X6.5104 Y-2.7113 Z0.4123
X6.5038 Y-2.7035
X6.4967 Y-2.6958
X6.4886 Y-2.6881
X6.4813 Y-2.6819
X6.4736 Y-2.676 Z0.4122
X6.4658 Y-2.6709
X6.4581 Y-2.6663 Z0.4123
X6.4555 Y-2.6648 Z0.4122
X6.4504 Y-2.6622
X6.4426 Y-2.6585
X6.4391 Y-2.6571
X6.4349 Y-2.6555
X6.4271 Y-2.6527
X6.4194 Y-2.6503
X6.4156 Y-2.6494
X6.4117 Y-2.6484
X6.4039 Y-2.6469
X6.3962 Y-2.6456
X6.3885 Y-2.6448 Z0.4123
X6.3807 Y-2.6443
X6.373 Y-2.6441
X6.3652 Y-2.6444
X6.3575 Y-2.6449 Z0.4122
X6.3498 Y-2.6458
X6.342 Y-2.6471
X6.3343 Y-2.6487
X6.3315 Y-2.6494
X6.3266 Y-2.6507
X6.3188 Y-2.6531
X6.3111 Y-2.6559
X6.308 Y-2.6571
X6.3034 Y-2.6591 Z0.4123
X6.2956 Y-2.6628 Z0.4122
X6.2879 Y-2.6669
X6.2787 Y-2.6726
X6.2724 Y-2.677
X6.2647 Y-2.6826 Z0.4123
X6.2415 Y-2.7004
X6.1796 Y-2.748
X6.1562 Y-2.7655
X6.0941 Y-2.8119 Z0.4124
X6.0712 Y-2.8286 Z0.4123
X6.009 Y-2.8738 Z0.4124
X5.9861 Y-2.8902 Z0.4122
X5.9216 Y-2.9357 Z0.4124
X5.8994 Y-2.9512 Z0.4123
X5.8391 Y-2.9926 Z0.4124
X5.8314 Y-2.9979
X5.8082 Y-3.0136 Z0.4123
X5.7927 Y-3.024 Z0.4122
X5.7385 Y-3.06 Z0.4124
X5.704 Y-3.0828 Z0.4122
X5.6534 Y-3.1154 Z0.4124
X5.6148 Y-3.1402 Z0.4122
X5.583 Y-3.1602 Z0.4123
X5.5583 Y-3.1756 Z0.4125
X5.5142 Y-3.203 Z0.4122
X5.4678 Y-3.2312 Z0.4124
X5.4136 Y-3.2638 Z0.4122
X5.3749 Y-3.2866 Z0.4124
X5.3207 Y-3.3182 Z0.4122
X5.2975 Y-3.3316 Z0.4123
X5.2821 Y-3.3404 Z0.4124
X5.2175 Y-3.3769 Z0.4122
X5.1892 Y-3.3925 Z0.4124
X5.1189 Y-3.431 Z0.4122
X5.0886 Y-3.4473 Z0.4124
X5.0171 Y-3.4852 Z0.4122
X4.9958 Y-3.4963 Z0.4124
X4.9184 Y-3.5359 Z0.4123
X4.8952 Y-3.5476 Z0.4124
X4.8101 Y-3.5898 Z0.4123
X4.7946 Y-3.5972
X4.7173 Y-3.6343
X4.7055 Y-3.64
X4.7018 Y-3.6419
X4.694 Y-3.6461 Z0.4122
X4.6863 Y-3.6507
X4.6786 Y-3.656 Z0.4123
X4.6708 Y-3.6619 Z0.4122
X4.6631 Y-3.6686
X4.6606 Y-3.6709
X4.6554 Y-3.676
X4.6529 Y-3.6787
X4.6476 Y-3.6846
X4.6399 Y-3.6944
X4.6348 Y-3.7019 Z0.4123
X4.6322 Y-3.7061 Z0.4122
X4.6301 Y-3.7096
X4.6258 Y-3.7174
X4.6221 Y-3.7251
X4.6189 Y-3.7329
X4.6167 Y-3.7386
X4.6136 Y-3.7483
X4.6116 Y-3.7561
X4.6099 Y-3.7638
X4.6086 Y-3.7716
X4.6077 Y-3.7793
X4.607 Y-3.787
X4.6068 Y-3.7948 Z0.4123
X4.607 Y-3.8025
X4.6074 Y-3.8102 Z0.4122
X4.6083 Y-3.818 Z0.4123
X4.6092 Y-3.8257
X4.6114 Y-3.8412 Z0.4124
X4.6122 Y-3.8489
X4.6137 Y-3.8644
X4.6145 Y-3.8799
X4.6147 Y-3.8876 Z0.4123
X4.6148 Y-3.9031
X4.6143 Y-3.9186 Z0.4124
X4.6138 Y-3.9263 Z0.4123
X4.6126 Y-3.9418 Z0.4124
X4.6117 Y-3.9496
X4.6107 Y-3.9573
X4.6089 Y-3.9688
X4.6069 Y-3.9805
X4.6037 Y-3.996
X4.6012 Y-4.0061
X4.5977 Y-4.0192
X4.5935 Y-4.0332
X4.5904 Y-4.0424
X4.5857 Y-4.0555
X4.578 Y-4.0753 Z0.4122
X4.5759 Y-4.0811 Z0.4121
X4.5737 Y-4.0889 Z0.4122
X4.5722 Y-4.0966
X4.5713 Y-4.1043
X4.5711 Y-4.1121
X4.5716 Y-4.1198
X4.5728 Y-4.1276 Z0.4121
X4.5745 Y-4.1353
X4.577 Y-4.143 Z0.4122
X4.578 Y-4.1455
X4.5803 Y-4.1508
X4.5845 Y-4.1585
X4.5857 Y-4.1606
X4.5896 Y-4.1663
X4.5935 Y-4.1711
X4.596 Y-4.174
X4.6012 Y-4.1792
X4.604 Y-4.1817
X4.6089 Y-4.1857
X4.6145 Y-4.1895
X4.6167 Y-4.1908
X4.6244 Y-4.195
X4.6293 Y-4.1972
X4.6322 Y-4.1983
X4.6399 Y-4.2007 Z0.4121
X4.6476 Y-4.2025
X4.6554 Y-4.2037 Z0.4122
X4.6631 Y-4.2042 Z0.4123
X4.6708 Y-4.204 Z0.4122
X4.6786 Y-4.2032
X4.6863 Y-4.2019
X4.7097 Y-4.1972 Z0.4123
X4.7946 Y-4.1799
X4.9029 Y-4.1593
X5.0035 Y-4.1416
X5.018 Y-4.1391
X5.0235 Y-4.138 Z0.4121
X5.0288 Y-4.1367 Z0.4117
X5.0341 Y-4.1351 Z0.411
X5.0393 Y-4.1333 Z0.4101
X5.0444 Y-4.1313 Z0.4091
X5.0495 Y-4.1293 Z0.4079
X5.0696 Y-4.1206 Z0.4029
X5.0747 Y-4.1186 Z0.4018
X5.0798 Y-4.1166 Z0.4008
X5.085 Y-4.1148 Z0.3999
X5.0903 Y-4.1133 Z0.3992
X5.0956 Y-4.1119 Z0.3988
X5.1011 Y-4.1109 Z0.3986
X5.1196 Y-4.1079
X5.166 Y-4.1009
X5.2279 Y-4.0918
X5.2898 Y-4.0834
X5.3362 Y-4.0772
X5.3826 Y-4.0714
X5.4445 Y-4.064
X5.491 Y-4.0589
X5.5529 Y-4.0522
X5.5993 Y-4.0477 Z0.3985
X5.6612 Y-4.0419 Z0.3986
X5.7076 Y-4.038 Z0.3985
X5.7695 Y-4.0331 Z0.3986
X5.8237 Y-4.0292 Z0.3985
X5.8778 Y-4.0256 Z0.3986
X5.9242 Y-4.0229
X5.9939 Y-4.0193
X6.048 Y-4.0169 Z0.3985
X6.1022 Y-4.0148 Z0.3986
X6.1563 Y-4.0131 Z0.3985
X6.2105 Y-4.0117 Z0.3986
X6.2724 Y-4.0106 Z0.3985
X6.3188 Y-4.0101 Z0.3986
X6.3807 Y-4.0098 Z0.3985
X6.4349 Y-4.0099 Z0.3986
X6.5045 Y-4.0106
X6.5432 Y-4.0112
X6.6128 Y-4.0128 Z0.3985
X6.6515 Y-4.0139 Z0.3986
X6.7289 Y-4.0168
X6.7598 Y-4.0181
X6.8372 Y-4.0219
X6.8759 Y-4.0241
X6.961 Y-4.0296
X6.9842 Y-4.0312
X7.0693 Y-4.0378
X7.0925 Y-4.0397
X7.1776 Y-4.0474
X7.206 Y-4.0502
X7.2937 Y-4.0594
X7.3092 Y-4.061
X7.4097 Y-4.0729
X7.4252 Y-4.0749
X7.5181 Y-4.0871
X7.5335 Y-4.0893
X7.6264 Y-4.1028
X7.6419 Y-4.1051
X7.7347 Y-4.1199
X7.7424 Y-4.1211 Z0.3985
X7.7502 Y-4.1221
X7.7579 Y-4.123
X7.7657 Y-4.1235 Z0.3986
X7.7734
X7.7811 Y-4.1232 Z0.3985
X7.7889 Y-4.1225
X7.7966 Y-4.1214
X7.8048 Y-4.1198
X7.8121 Y-4.1181 Z0.3984
X7.8198 Y-4.1158 Z0.3985
X7.8275 Y-4.1131
X7.8301 Y-4.1121
X7.8353 Y-4.1099
X7.843 Y-4.1062
X7.8508 Y-4.102
X7.8593 Y-4.0966
X7.8662 Y-4.0916
X7.8698 Y-4.0889
X7.874 Y-4.0854
X7.8788 Y-4.0811
X7.8817 Y-4.0783
X7.8865 Y-4.0734
X7.8894 Y-4.0702
X7.8933 Y-4.0656
X7.8972 Y-4.0607
X7.8993 Y-4.0579
X7.9049 Y-4.0495
X7.9091 Y-4.0424
X7.9127 Y-4.0359
X7.9167 Y-4.0269
X7.9204 Y-4.0174
X7.9282 Y-3.996 Z0.3987
X7.9312 Y-3.9883
X7.9359 Y-3.9768
X7.9376 Y-3.9728
X7.9447 Y-3.9573
X7.9513 Y-3.9442 Z0.3986
X7.9567 Y-3.9341
X7.9612 Y-3.9263
X7.9668 Y-3.9168 Z0.3987
X7.9706 Y-3.9109 Z0.3986
X7.9756 Y-3.9031 Z0.3987
X7.9823 Y-3.8933 Z0.3986
X7.9863 Y-3.8876
X7.99 Y-3.8825 Z0.3987
X7.998 Y-3.8722 Z0.3986
X8.0042 Y-3.8644 Z0.3987
X8.0132 Y-3.8539
X8.0176 Y-3.8489
X8.0248 Y-3.8412 Z0.3986
X8.0322 Y-3.8335 Z0.3987
X8.0442 Y-3.8218
X8.0482 Y-3.818
X8.0597 Y-3.8079
X8.0674 Y-3.8014
X8.0756 Y-3.7948 Z0.3986
X8.0829 Y-3.7892 Z0.3987
X8.0906 Y-3.7835 Z0.3986
X8.0983 Y-3.778 Z0.3987
X8.1081 Y-3.7716 Z0.3986
X8.1138 Y-3.7678 Z0.3987
X8.1216 Y-3.763 Z0.3986
X8.1334 Y-3.7561 Z0.3987
X8.137 Y-3.754 Z0.3986
X8.1478 Y-3.7483
X8.1525 Y-3.7459 Z0.3987
X8.1634 Y-3.7406 Z0.3986
X8.168 Y-3.7384
X8.1757 Y-3.7349
X8.1912 Y-3.7285 Z0.3987
X8.2002 Y-3.7251 Z0.3986
X8.2067 Y-3.7228
X8.2144 Y-3.7201 Z0.3987
X8.2299 Y-3.7153
X8.2376 Y-3.713
X8.2506 Y-3.7096
X8.2531 Y-3.709
X8.2608 Y-3.7073 Z0.3986
X8.2686 Y-3.7056
X8.2763 Y-3.7041 Z0.3987
X8.2918 Y-3.7015 Z0.3986
X8.2995 Y-3.7004
X8.315 Y-3.6986 Z0.3987
X8.3227 Y-3.6979 Z0.3986
X8.3382 Y-3.6968
X8.3459 Y-3.6965
X8.3614 Y-3.6963
X8.3691 Y-3.6964
X8.3769 Y-3.6966
X8.3846 Y-3.697
X8.3923 Y-3.6974
X8.4001 Y-3.698
X8.4078 Y-3.6988 Z0.3987
X8.4233 Y-3.7006
X8.4317 Y-3.7019 Z0.3986
X8.4388 Y-3.7031
X8.4465 Y-3.7044 Z0.3987
X8.4542 Y-3.706
X8.462 Y-3.7077
X8.4704 Y-3.7096
X8.4775 Y-3.7114 Z0.3986
X8.4852 Y-3.7135 Z0.3987
X8.4929 Y-3.7158
X8.5007 Y-3.7182 Z0.3986
X8.5084 Y-3.7206 Z0.3987
X8.5209 Y-3.7251 Z0.3986
X8.5239 Y-3.7262 Z0.3987
X8.5316 Y-3.7292
X8.5404 Y-3.7329 Z0.3986
X8.5471 Y-3.7357 Z0.3987
X8.5577 Y-3.7406 Z0.3986
X8.5626 Y-3.7429
X8.5703 Y-3.7467
X8.578 Y-3.7508
X8.5858 Y-3.755 Z0.3987
X8.5935 Y-3.7594 Z0.3986
X8.6012 Y-3.764
X8.609 Y-3.7689
X8.6167 Y-3.7739
X8.6247 Y-3.7793
X8.6354 Y-3.787
X8.6399 Y-3.7904 Z0.3987
X8.6477 Y-3.7965 Z0.3986
X8.6554 Y-3.8027 Z0.3987
X8.6642 Y-3.8102 Z0.3986
X8.6729 Y-3.818 Z0.3987
X8.6864 Y-3.8309
X8.689 Y-3.8335
X8.6964 Y-3.8412 Z0.3986
X8.7036 Y-3.8489 Z0.3987
X8.7104 Y-3.8567 Z0.3986
X8.7173 Y-3.8649 Z0.3987
X8.725 Y-3.8746 Z0.3986
X8.7292 Y-3.8799
X8.7348 Y-3.8876
X8.7405 Y-3.8957 Z0.3987
X8.7456 Y-3.9031 Z0.3986
X8.7506 Y-3.9109
X8.756 Y-3.9196 Z0.3987
X8.7644 Y-3.9341
X8.7726 Y-3.9496 Z0.3986
X8.7764 Y-3.9573
X8.78 Y-3.965
X8.7835 Y-3.9728 Z0.3987
X8.7869 Y-3.9808 Z0.3986
X8.7899 Y-3.9883 Z0.3987
X8.793 Y-3.996
X8.7957 Y-4.0037 Z0.3986
X8.7984 Y-4.0115 Z0.3987
X8.801 Y-4.0192 Z0.3986
X8.8055 Y-4.0347 Z0.3987
X8.8095 Y-4.0502
X8.8113 Y-4.0579
X8.8145 Y-4.0734
X8.8159 Y-4.0811 Z0.3986
X8.8184 Y-4.0966 Z0.3985
X8.8198 Y-4.1043
X8.8214 Y-4.1121
X8.8233 Y-4.1198
X8.8257 Y-4.1276
X8.8285 Y-4.1353
X8.8317 Y-4.143
X8.8355 Y-4.1508
X8.8398 Y-4.1585
X8.8411 Y-4.1605
X8.8448 Y-4.1663
X8.8488 Y-4.1719
X8.8504 Y-4.174
X8.8568 Y-4.1817
X8.8643 Y-4.1897
X8.8725 Y-4.1972
X8.8798 Y-4.2031
X8.8875 Y-4.2086
X8.8953 Y-4.2135
X8.903 Y-4.2177
X8.9083 Y-4.2204
X8.9107 Y-4.2215
X8.9185 Y-4.2247
X8.9285 Y-4.2282
X8.9339 Y-4.2298
X8.9417 Y-4.2317
X8.9494 Y-4.2332
X8.9572 Y-4.2342
X8.9649 Y-4.235
X8.9726 Y-4.2354 Z0.3986
X8.9804 Y-4.2353
X8.9881 Y-4.235 Z0.3985
X9.0036 Y-4.2338 Z0.3986
X9.0268 Y-4.232
X9.0655 Y-4.2285 Z0.3985
X9.0684 Y-4.2282
X9.0732 Y-4.2275
X9.0809 Y-4.2264 Z0.3984
X9.0887 Y-4.2248 Z0.3985
X9.0964 Y-4.2228
X9.1044 Y-4.2204
X9.1119 Y-4.2177
X9.1196 Y-4.2144
X9.1233 Y-4.2127
X9.1274 Y-4.2106
X9.1351 Y-4.2063
X9.1428 Y-4.2014
X9.1506 Y-4.1957
X9.1583 Y-4.1893
X9.1664 Y-4.1817
X9.1738 Y-4.1737
X9.1798 Y-4.1663
X9.1815 Y-4.1639
X9.1853 Y-4.1585
X9.1902 Y-4.1508
X9.1944 Y-4.143
X9.197 Y-4.1377
X9.1981 Y-4.1353
X9.2013 Y-4.1276
X9.2041 Y-4.1198
X9.2064 Y-4.1121
X9.2082 Y-4.1043
X9.2097 Y-4.0966
X9.2108 Y-4.0889
X9.2116 Y-4.0811
X9.2119 Y-4.0734
X9.2118 Y-4.0656
X9.2113 Y-4.0579
X9.2105 Y-4.0502
X9.2093 Y-4.0424
X9.2077 Y-4.0347
X9.2059 Y-4.0269 Z0.3986
X9.2002 Y-4.0037 Z0.3987
X9.1969 Y-3.9883 Z0.3986
X9.1953 Y-3.9805 Z0.3987
X9.1926 Y-3.965 Z0.3986
X9.1913 Y-3.9573 Z0.3987
X9.1891 Y-3.9418 Z0.3986
X9.1881 Y-3.9341 Z0.3987
X9.1872 Y-3.9263 Z0.3986
X9.1857 Y-3.9109 Z0.3987
X9.1851 Y-3.9031 Z0.3986
X9.1841 Y-3.8876
X9.1837 Y-3.8799
X9.1832 Y-3.8644
Y-3.8567
X9.1834 Y-3.8335
X9.1833 Y-3.8257
X9.1829 Y-3.818
X9.1822 Y-3.8102 Z0.3985
X9.1815 Y-3.8056
X9.181 Y-3.8025
X9.1794 Y-3.7948
X9.1775 Y-3.787
X9.1752 Y-3.7793
X9.1738 Y-3.7753
X9.1724 Y-3.7716
X9.1691 Y-3.7638
X9.1654 Y-3.7561
X9.1611 Y-3.7483
X9.1583 Y-3.744
X9.1561 Y-3.7406
X9.1505 Y-3.7329
X9.1442 Y-3.7251
X9.1428 Y-3.7236
X9.137 Y-3.7174
X9.1351 Y-3.7156
X9.1286 Y-3.7096
X9.1274 Y-3.7086
X9.1189 Y-3.7019
X9.1119 Y-3.697
X9.1042 Y-3.6923
X9.0964 Y-3.6881
X9.093 Y-3.6864
X9.0887 Y-3.6845
X9.0809 Y-3.6813
X9.0732 Y-3.6787
X9.0655 Y-3.6765
X9.0577 Y-3.6746
X9.05 Y-3.6731
X9.0374 Y-3.6709 Z0.3986
X8.9958 Y-3.6643
X8.9881 Y-3.6629
X8.9477 Y-3.6555
X8.9339 Y-3.6529
X8.9092 Y-3.6477
X8.8798 Y-3.6415
X8.8566 Y-3.6361
X8.8256 Y-3.6287
X8.8101 Y-3.6248
X8.7715 Y-3.6147
X8.7637 Y-3.6125
X8.7405 Y-3.6059
X8.7096 Y-3.5969
X8.6864 Y-3.5897
X8.6554 Y-3.5798
X8.6275 Y-3.5703
X8.6012 Y-3.5613
X8.5703 Y-3.55
X8.5471 Y-3.5413
X8.5161 Y-3.5291
X8.4929 Y-3.5197
X8.448 Y-3.5007
X8.4388 Y-3.4966
X8.3966 Y-3.4775
X8.3846 Y-3.4719
X8.3459 Y-3.4532
X8.3325 Y-3.4465
X8.2918 Y-3.4255
X8.284 Y-3.4215
X8.2448 Y-3.4001
X8.2299 Y-3.3917
X8.1989 Y-3.3738
X8.1835 Y-3.3648
X8.1651 Y-3.3536
X8.137 Y-3.3364
X8.1216 Y-3.3265
X8.0906 Y-3.3064
X8.0801 Y-3.2995
X8.0597 Y-3.2855
X8.0364 Y-3.2696
X8.0132 Y-3.253
X7.9919 Y-3.2375 Z0.3987
X7.9746 Y-3.2246 Z0.3986
X7.9509 Y-3.2066
X7.9409 Y-3.1989
X7.9204 Y-3.1826
X7.902 Y-3.1679
X7.8817 Y-3.1511
X7.8556 Y-3.1292
X7.8275 Y-3.1047
X7.8116 Y-3.0905
X7.7863 Y-3.0673
X7.7697 Y-3.0518
X7.7424 Y-3.0255
X7.7298 Y-3.0131
X7.6992 Y-2.9822
X7.6883 Y-2.9709
X7.6625 Y-2.9435
X7.6481 Y-2.928
X7.6273 Y-2.9048
X7.6135 Y-2.8893
X7.6109 Y-2.8865
X7.6032 Y-2.8783 Z0.3985
X7.5954 Y-2.8711
X7.5877 Y-2.8648
X7.58 Y-2.8592
X7.5722 Y-2.8543
X7.5657 Y-2.8506
X7.5568 Y-2.8462
X7.5487 Y-2.8428
X7.5413 Y-2.8402
X7.5335 Y-2.8379 Z0.3984
X7.5258 Y-2.8359 Z0.3985
X7.522 Y-2.8351
X7.5181 Y-2.8344
X7.5103 Y-2.8333
X7.5026 Y-2.8325
X7.4949 Y-2.8322 Z0.3986
X7.4871 Y-2.8321 Z0.3985
X7.4794 Y-2.8326
X7.4716 Y-2.8334
X7.4639 Y-2.8346
X7.4562 Y-2.8362
X7.4484 Y-2.8382
X7.4407 Y-2.8406
X7.433 Y-2.8434
X7.4252 Y-2.8467
X7.4174 Y-2.8506
X7.4097 Y-2.855
X7.402 Y-2.8598 Z0.3986
X7.3788 Y-2.8747 Z0.3987
X7.3633 Y-2.8841 Z0.3986
X7.3544 Y-2.8893
X7.3401 Y-2.8971
X7.3324 Y-2.9012 Z0.3987
X7.3169 Y-2.9089 Z0.3986
X7.3092 Y-2.9127
X7.2937 Y-2.9196
X7.286 Y-2.923
X7.2782 Y-2.9262
X7.2627 Y-2.9323
X7.2535 Y-2.9357 Z0.3987
X7.2395 Y-2.9406 Z0.3986
X7.2311 Y-2.9435 Z0.3987
X7.2163 Y-2.948 Z0.3986
X7.2056 Y-2.9512 Z0.3987
X7.1931 Y-2.9545 Z0.3986
X7.1776 Y-2.9584 Z0.3987
X7.1622 Y-2.9618 Z0.3986
X7.1544 Y-2.9634 Z0.3987
X7.139 Y-2.9662 Z0.3986
X7.1312 Y-2.9675
X7.1235 Y-2.9687 Z0.3987
X7.1003 Y-2.9718
X7.0925 Y-2.9726 Z0.3986
X7.0715 Y-2.9744 Z0.3987
X7.0616 Y-2.975 Z0.3986
X7.0461 Y-2.9757 Z0.3987
X7.0306 Y-2.9761 Z0.3985
X7.0229 Z0.3986
X7.0152 Y-2.9759 Z0.3987
X7.0074 Y-2.9757 Z0.3986
X6.9997 Y-2.9756 Z0.3985
X6.9919 Y-2.9753 Z0.3986
X6.9765 Y-2.9742 Z0.3987
X6.9687 Y-2.9736 Z0.3986
X6.961 Y-2.973
X6.9533 Y-2.9722
X6.9378 Y-2.9703 Z0.3987
X6.9301 Y-2.9692 Z0.3986
X6.9223 Y-2.9681
X6.9137 Y-2.9667
X6.9068 Y-2.9655 Z0.3987
X6.8914 Y-2.9625 Z0.3986
X6.8836 Y-2.9609 Z0.3987
X6.8604 Y-2.9554 Z0.3986
X6.8527 Y-2.9534
X6.8372 Y-2.949 Z0.3987
X6.8295 Y-2.9468
X6.814 Y-2.9418 Z0.3986
X6.8063 Y-2.9392 Z0.3987
X6.7908 Y-2.9336 Z0.3986
X6.783 Y-2.9307
X6.7753 Y-2.9276 Z0.3987
X6.7577 Y-2.9202 Z0.3986
X6.7521 Y-2.9179
X6.7366 Y-2.9106
X6.7289 Y-2.9069 Z0.3987
X6.7212 Y-2.903 Z0.3986
X6.7057 Y-2.8948 Z0.3987
X6.6958 Y-2.8893 Z0.3986
X6.6902 Y-2.8861
X6.6824 Y-2.8815 Z0.3987
X6.667 Y-2.872 Z0.3986
X6.6576 Y-2.8661 Z0.3987
X6.636 Y-2.8513
X6.6283 Y-2.8456 Z0.3986
X6.6128 Y-2.8339 Z0.3987
X6.6047 Y-2.8274 Z0.3986
X6.5953 Y-2.8196 Z0.3987
X6.5863 Y-2.8119 Z0.3986
X6.5741 Y-2.8011
X6.5664 Y-2.7939
X6.553 Y-2.7809 Z0.3987
X6.5432 Y-2.7709 Z0.3986
X6.5355 Y-2.7628 Z0.3987
X6.5308 Y-2.7577 Z0.3986
X6.52 Y-2.7455 Z0.3987
X6.5172 Y-2.7422
X6.5107 Y-2.7345 Z0.3986
X6.4968 Y-2.7177
X6.4913 Y-2.7113 Z0.3985
X6.489 Y-2.7089
X6.4838 Y-2.7035
X6.4813 Y-2.7012
X6.4753 Y-2.6958
X6.4736 Y-2.6943
X6.4653 Y-2.6881
X6.4581 Y-2.6832
X6.4504 Y-2.6786
X6.4426 Y-2.6746
X6.4383 Y-2.6726
X6.4349 Y-2.6711
X6.4271 Y-2.6681
X6.4171 Y-2.6648
X6.4117 Y-2.6634
X6.4039 Y-2.6617
X6.3962 Y-2.6604
X6.3885 Y-2.6595
X6.3807 Y-2.6588
X6.373 Y-2.6587 Z0.3986
X6.3652 Y-2.659 Z0.3985
X6.3575 Y-2.6595
X6.3498 Y-2.6606
X6.342 Y-2.662
X6.3343 Y-2.6637
X6.3302 Y-2.6648
X6.3266 Y-2.6659
X6.3188 Y-2.6686
X6.3111 Y-2.6716
X6.3089 Y-2.6726
X6.3034 Y-2.6752
X6.2956 Y-2.6793
X6.2879 Y-2.684
X6.2801 Y-2.6894
X6.2714 Y-2.6958 Z0.3986
X6.2337 Y-2.7247
X6.1873 Y-2.7604
X6.1641 Y-2.7778
X6.1022 Y-2.824
X6.079 Y-2.841
X6.0171 Y-2.8859 Z0.3987
X6.0016 Y-2.8971 Z0.3986
X5.932 Y-2.9462 Z0.3987
X5.9027 Y-2.9667 Z0.3985
X5.8391 Y-3.0102 Z0.3987
X5.812 Y-3.0286 Z0.3985
X5.7463 Y-3.0724 Z0.3987
X5.7153 Y-3.0927 Z0.3985
X5.6709 Y-3.1215 Z0.3987
X5.6534 Y-3.1327
X5.6225 Y-3.1525 Z0.3985
X5.5915 Y-3.172 Z0.3986
X5.5683 Y-3.1865 Z0.3987
X5.5219 Y-3.2153 Z0.3985
X5.491 Y-3.2341 Z0.3986
X5.4726 Y-3.2453 Z0.3987
X5.4212 Y-3.2762 Z0.3985
X5.3817 Y-3.2995 Z0.3987
X5.3285 Y-3.3306 Z0.3985
X5.3018 Y-3.3459 Z0.3986
X5.2821 Y-3.3571 Z0.3987
X5.2279 Y-3.3877 Z0.3985
X5.2057 Y-3.4001 Z0.3986
X5.1892 Y-3.4091 Z0.3987
X5.1273 Y-3.443 Z0.3985
X5.0964 Y-3.4597 Z0.3987
X5.0267 Y-3.4966 Z0.3985
X5.0113 Y-3.5046 Z0.3986
X4.9958 Y-3.5126
X4.9262 Y-3.5483 Z0.3985
X4.9029 Y-3.56 Z0.3986
X4.8178 Y-3.6022
X4.8024 Y-3.6097
X4.7229 Y-3.6477
X4.7173 Y-3.6504
X4.7095 Y-3.6543
X4.7018 Y-3.6584 Z0.3985
X4.6938 Y-3.6632
X4.6863 Y-3.6684
X4.6829 Y-3.6709 Z0.3984
X4.6786 Y-3.6744 Z0.3985
X4.6736 Y-3.6787
X4.6708 Y-3.6813
X4.6656 Y-3.6864
X4.6586 Y-3.6942
X4.6525 Y-3.7019
X4.6471 Y-3.7096
X4.6424 Y-3.7174
X4.6399 Y-3.7219
X4.6383 Y-3.7251
X4.6346 Y-3.7329
X4.6315 Y-3.7406
X4.6289 Y-3.7483
X4.6266 Y-3.7561
X4.6244 Y-3.7655
X4.6234 Y-3.7716
X4.6224 Y-3.7793
X4.6217 Y-3.787
X4.6214 Y-3.7948 Z0.3986
X4.6215 Y-3.8025 Z0.3985
X4.622 Y-3.8102
X4.6229 Y-3.818 Z0.3986
X4.626 Y-3.8412 Z0.3987
X4.6268 Y-3.8489 Z0.3986
X4.6276 Y-3.8567
X4.6282 Y-3.8644
X4.6291 Y-3.8799 Z0.3987
X4.6293 Y-3.8876 Z0.3986
X4.6294 Y-3.9031
X4.6288 Y-3.9186
X4.6284 Y-3.9263
X4.6272 Y-3.9418 Z0.3987
X4.6263 Y-3.9496 Z0.3986
X4.6254 Y-3.9573
X4.6243 Y-3.965 Z0.3987
X4.623 Y-3.9728 Z0.3986
X4.6217 Y-3.9805 Z0.3987
X4.6201 Y-3.9883
X4.6185 Y-3.996
X4.6167 Y-4.0041
X4.6148 Y-4.0115
X4.6128 Y-4.0192
X4.6106 Y-4.0269
X4.6082 Y-4.0347
X4.6058 Y-4.0424
X4.6003 Y-4.0579
X4.5974 Y-4.0656 Z0.3986
X4.5935 Y-4.0756 Z0.3985
X4.5914 Y-4.0811
X4.5888 Y-4.0889 Z0.3984
X4.587 Y-4.0966
X4.586 Y-4.1043 Z0.3985
X4.5857 Y-4.1099
Y-4.1121
X4.5863 Y-4.1198
X4.5877 Y-4.1276 Z0.3984
X4.5898 Y-4.1353
X4.5927 Y-4.143 Z0.3985
X4.5935 Y-4.1446
X4.5968 Y-4.1508
X4.6012 Y-4.1575
X4.602 Y-4.1585
X4.6089 Y-4.1664 Z0.3984
X4.6167 Y-4.1732 Z0.3985
X4.6176 Y-4.174
X4.6244 Y-4.1785 Z0.3984
X4.6304 Y-4.1817 Z0.3985
X4.6322 Y-4.1825
X4.6399 Y-4.1855 Z0.3984
X4.6476 Y-4.1876
X4.6554 Y-4.189
X4.6599 Y-4.1895 Z0.3985
X4.6631 Y-4.1897
X4.6708 Y-4.1894
X4.6786 Y-4.1885
X4.6863 Y-4.1871
X4.7173 Y-4.1808 Z0.3986
X4.7887 Y-4.1663
X4.8565 Y-4.1533
X4.8952 Y-4.146
X4.9184 Y-4.1418
X5.0035 Y-4.1268
X5.0459 Y-4.1198
X5.1011 Y-4.1109
X5.1065 Y-4.1098 Z0.3985
X5.1119 Y-4.1084 Z0.3981
X5.1172 Y-4.1067 Z0.3976
X5.1224 Y-4.1048 Z0.3969
X5.1275 Y-4.1027 Z0.3961
X5.1326 Y-4.1005 Z0.3952
X5.1526 Y-4.0912 Z0.3913
X5.1577 Y-4.089 Z0.3904
X5.1628 Y-4.087 Z0.3896
X5.168 Y-4.0851 Z0.3889
X5.1733 Y-4.0835 Z0.3884
X5.1786 Y-4.0822 Z0.388
X5.1841 Y-4.0812 Z0.3879
X5.2202 Y-4.0758
X5.2589 Y-4.0705
X5.3285 Y-4.0611
X5.3672 Y-4.0563
X5.4445 Y-4.0469
X5.491 Y-4.0418
X5.5529 Y-4.0352
X5.5993 Y-4.0307
X5.6612 Y-4.0249
X5.7076 Y-4.021
X5.7695 Y-4.0161 Z0.388
X5.8237 Y-4.0123 Z0.3879
X5.8778 Y-4.0087 Z0.388
X5.9242 Y-4.006 Z0.3879
X5.9939 Y-4.0023 Z0.388
X6.048 Y-4. Z0.3879
X6.1022 Y-3.9978 Z0.388
X6.1563 Y-3.9962 Z0.3879
X6.2105 Y-3.9948 Z0.388
X6.2724 Y-3.9937 Z0.3879
X6.3188 Y-3.9932 Z0.388
X6.3807 Y-3.9929 Z0.3879
X6.4349 Y-3.993 Z0.388
X6.5045 Y-3.9937 Z0.3879
X6.5432 Y-3.9943 Z0.388
X6.6163 Y-3.996 Z0.3879
X6.6515 Y-3.997 Z0.388
X6.7289 Y-3.9998 Z0.3879
X6.7598 Y-4.0011 Z0.388
X6.8372 Y-4.005 Z0.3879
X6.8759 Y-4.0071 Z0.388
X6.961 Y-4.0126 Z0.3879
X6.9842 Y-4.0142 Z0.388
X7.0693 Y-4.0208 Z0.3879
X7.0925 Y-4.0227 Z0.388
X7.1776 Y-4.0304 Z0.3879
X7.2008 Y-4.0326 Z0.388
X7.2944 Y-4.0424 Z0.3879
X7.3169 Y-4.0449
X7.4097 Y-4.0559
X7.426 Y-4.0579
X7.5258 Y-4.0711
X7.5877 Y-4.0801
X7.6341 Y-4.0868
X7.6651 Y-4.0917
X7.7424 Y-4.104
X7.7449 Y-4.1043
X7.7579 Y-4.106 Z0.3878
X7.7657 Y-4.1065 Z0.3879
X7.7734 Y-4.1066
X7.7811 Y-4.1062
X7.7889 Y-4.1054 Z0.3878
X7.7966 Y-4.1042
X7.8043 Y-4.1025
X7.8121 Y-4.1004
X7.8198 Y-4.0979
X7.8232 Y-4.0966 Z0.3879
X7.8275 Y-4.0948 Z0.3878
X7.8353 Y-4.0912
X7.843 Y-4.0869
X7.8508 Y-4.0819
X7.8585 Y-4.0762
X7.862 Y-4.0734
X7.8662 Y-4.0696
X7.8704 Y-4.0656
X7.874 Y-4.062
X7.8776 Y-4.0579
X7.8817 Y-4.053
X7.8839 Y-4.0502
X7.8894 Y-4.0423
X7.8941 Y-4.0347 Z0.3879
X7.8972 Y-4.0289
X7.8981 Y-4.0269
X7.9016 Y-4.0192 Z0.3878
X7.9049 Y-4.0105 Z0.3879
X7.9127 Y-3.9892 Z0.388
X7.9161 Y-3.9805
X7.9204 Y-3.97
X7.9225 Y-3.965
X7.9297 Y-3.9496
X7.9359 Y-3.9373
X7.9375 Y-3.9341 Z0.3879
X7.9417 Y-3.9263 Z0.388
X7.9461 Y-3.9186 Z0.3879
X7.9513 Y-3.9097 Z0.388
X7.9555 Y-3.9031
X7.9605 Y-3.8954
X7.9668 Y-3.8859
X7.9746 Y-3.8751
X7.9767 Y-3.8722
X7.9826 Y-3.8644
X7.99 Y-3.8551
X7.9978 Y-3.846
X8.0055 Y-3.8371
X8.0132 Y-3.8288
X8.021 Y-3.8208
X8.0318 Y-3.8102
X8.0364 Y-3.8059
X8.049 Y-3.7948
X8.0519 Y-3.7923
X8.0597 Y-3.7859
X8.068 Y-3.7793
X8.0783 Y-3.7716
X8.0891 Y-3.7638
X8.1009 Y-3.7561
X8.1061 Y-3.7527
X8.1138 Y-3.7479 Z0.3879
X8.1264 Y-3.7406 Z0.388
X8.137 Y-3.7349 Z0.3879
X8.1448 Y-3.7308 Z0.388
X8.1565 Y-3.7251 Z0.3879
X8.168 Y-3.7199 Z0.388
X8.1757 Y-3.7166 Z0.3879
X8.1835 Y-3.7134 Z0.388
X8.1934 Y-3.7096
X8.2067 Y-3.7049
X8.2221 Y-3.7
X8.2299 Y-3.6977
X8.2429 Y-3.6942
X8.2531 Y-3.6917
X8.2608 Y-3.69
X8.2686 Y-3.6884
X8.2795 Y-3.6864
X8.2918 Y-3.6844
X8.2995 Y-3.6834
X8.315 Y-3.6816
X8.3227 Y-3.6809 Z0.3879
X8.3382 Y-3.6799 Z0.388
X8.3459 Y-3.6796 Z0.3879
X8.3614 Y-3.6794 Z0.388
X8.3691 Y-3.6795 Z0.3879
X8.3769 Y-3.6797
X8.3846 Y-3.68 Z0.388
X8.3923 Y-3.6805 Z0.3879
X8.4001 Y-3.6811 Z0.388
X8.4078 Y-3.6818
X8.4233 Y-3.6836
X8.431 Y-3.6847
X8.4418 Y-3.6864
X8.4465 Y-3.6873
X8.4542 Y-3.6888
X8.4697 Y-3.6921
X8.4781 Y-3.6942
X8.4852 Y-3.696
X8.4929 Y-3.6981
X8.5053 Y-3.7019
X8.5161 Y-3.7055
X8.5278 Y-3.7096
X8.5316 Y-3.7111
X8.5394 Y-3.7141
X8.5472 Y-3.7174
X8.5548 Y-3.7206
X8.5645 Y-3.7251
X8.5703 Y-3.7279
X8.578 Y-3.7317
X8.5858 Y-3.7358 Z0.3879
X8.5947 Y-3.7406 Z0.388
X8.6012 Y-3.7444
X8.609 Y-3.749
X8.6167 Y-3.7538
X8.6245 Y-3.7588
X8.6322 Y-3.764
X8.6428 Y-3.7716 Z0.3879
X8.6477 Y-3.7751 Z0.388
X8.6554 Y-3.781
X8.6631 Y-3.7872
X8.6721 Y-3.7948
X8.681 Y-3.8025
X8.6864 Y-3.8074
X8.6973 Y-3.818
X8.7018 Y-3.8225
X8.7123 Y-3.8335
X8.7193 Y-3.8412
X8.726 Y-3.8489
X8.7328 Y-3.8572
X8.7405 Y-3.867
X8.7445 Y-3.8722
X8.75 Y-3.8799
X8.756 Y-3.8884
X8.7607 Y-3.8954
X8.7657 Y-3.9031
X8.7705 Y-3.9109
X8.7794 Y-3.9263
X8.7876 Y-3.9418
X8.7915 Y-3.9496
X8.7951 Y-3.9573
X8.7986 Y-3.965
X8.8024 Y-3.974
X8.8081 Y-3.9883
X8.8109 Y-3.996
X8.8136 Y-4.0037
X8.8162 Y-4.0115
X8.8186 Y-4.0192
X8.8209 Y-4.0269
X8.823 Y-4.0347
X8.8269 Y-4.0502
X8.8286 Y-4.0579
X8.8317 Y-4.0734
X8.8356 Y-4.0966 Z0.3879
X8.837 Y-4.1043 Z0.3878
X8.8388 Y-4.1121
X8.8411 Y-4.1202
X8.8436 Y-4.1276
X8.8468 Y-4.1353
X8.8488 Y-4.1396 Z0.3879
X8.8506 Y-4.143 Z0.3878
X8.8549 Y-4.1508 Z0.3879
X8.8566 Y-4.1533 Z0.3878
X8.8601 Y-4.1585
X8.8643 Y-4.1642
X8.866 Y-4.1663
X8.8728 Y-4.174
X8.8806 Y-4.1817
X8.8875 Y-4.1876
X8.8898 Y-4.1895
X8.8953 Y-4.1934
X8.9011 Y-4.1972
X8.903 Y-4.1984 Z0.3879
X8.9107 Y-4.2027
X8.9152 Y-4.2049 Z0.3878
X8.9185 Y-4.2064
X8.9262 Y-4.2095
X8.9339 Y-4.2121
X8.9357 Y-4.2127
X8.9417 Y-4.2142
X8.9494 Y-4.2159
X8.9572 Y-4.2172
X8.9649 Y-4.218
X8.9726 Y-4.2184 Z0.3879
X8.9804
X8.9881 Y-4.218
X9.0036 Y-4.2168
X9.0268 Y-4.215
X9.0577 Y-4.2122
X9.0655 Y-4.2115
X9.0732 Y-4.2104 Z0.3878
X9.0809 Y-4.2091
X9.0887 Y-4.2074
X9.0972 Y-4.2049
X9.1042 Y-4.2025
X9.1119 Y-4.1993
X9.1164 Y-4.1972
X9.1196 Y-4.1955 Z0.3879
X9.1274 Y-4.1912
X9.1301 Y-4.1895
X9.1351 Y-4.1861 Z0.3878
X9.1409 Y-4.1817
X9.1428 Y-4.1802
X9.1506 Y-4.1734
X9.1583 Y-4.1655
X9.1643 Y-4.1585
X9.1661 Y-4.1563 Z0.3879
X9.1701 Y-4.1508 Z0.3878
X9.1751 Y-4.143
X9.1793 Y-4.1353
X9.1815 Y-4.1308 Z0.3879
X9.183 Y-4.1276
X9.1861 Y-4.1198 Z0.3878
X9.1887 Y-4.1121
X9.1909 Y-4.1043
X9.1925 Y-4.0966
X9.1937 Y-4.0889
X9.1946 Y-4.0811 Z0.3879
X9.195 Y-4.0734
X9.1949 Y-4.0656
X9.1943 Y-4.0579 Z0.3878
X9.1934 Y-4.0502
X9.192 Y-4.0424
X9.1893 Y-4.0301 Z0.3879
X9.1847 Y-4.0115 Z0.388
X9.1815 Y-3.9973 Z0.3879
X9.1796 Y-3.9883 Z0.388
X9.1782 Y-3.9805
X9.1754 Y-3.965
X9.1738 Y-3.9545
X9.172 Y-3.9418
X9.171 Y-3.9341
X9.1694 Y-3.9186
X9.1687 Y-3.9109
X9.1676 Y-3.8954 Z0.3879
X9.1671 Y-3.8876
X9.1668 Y-3.8799
X9.1663 Y-3.8644
Y-3.8567
X9.1665 Y-3.8335
X9.1664 Y-3.8257
X9.1661 Y-3.8193
X9.1651 Y-3.8102
X9.1638 Y-3.8025 Z0.3878
X9.162 Y-3.7948
X9.1599 Y-3.787
X9.1583 Y-3.7822
X9.1572 Y-3.7793
X9.154 Y-3.7716
X9.1504 Y-3.7638
X9.146 Y-3.7561
X9.1428 Y-3.7512
X9.1409 Y-3.7483
X9.135 Y-3.7406
X9.1274 Y-3.7318
X9.1196 Y-3.7243
X9.1113 Y-3.7174
X9.1042 Y-3.7122
X9.1001 Y-3.7096
X9.0964 Y-3.7074 Z0.3879
X9.0887 Y-3.7032 Z0.3878
X9.0861 Y-3.7019
X9.0809 Y-3.6996
X9.0732 Y-3.6966
X9.0655 Y-3.694
X9.0577 Y-3.692
X9.05 Y-3.6903 Z0.3879
X9.0423 Y-3.6889
X9.0113 Y-3.6839
X8.9881 Y-3.6801 Z0.388
X8.9572 Y-3.6744 Z0.3879
X8.9339 Y-3.6701 Z0.388
X8.9185 Y-3.667 Z0.3879
X8.8798 Y-3.6588 Z0.388
X8.8643 Y-3.6553 Z0.3879
X8.8324 Y-3.6477
X8.8179 Y-3.6443 Z0.388
X8.7947 Y-3.6383 Z0.3879
X8.7637 Y-3.6301 Z0.388
X8.7405 Y-3.6235 Z0.3879
X8.7096 Y-3.6145 Z0.388
X8.6864 Y-3.6074 Z0.3879
X8.6554 Y-3.5976 Z0.388
X8.6399 Y-3.5924 Z0.3879
X8.609 Y-3.5819
X8.5935 Y-3.5765 Z0.388
X8.5626 Y-3.5651 Z0.3879
X8.5394 Y-3.5564 Z0.388
X8.5084 Y-3.5442 Z0.3879
X8.4929 Y-3.538
X8.4852 Y-3.5348 Z0.388
X8.4412 Y-3.5162 Z0.3879
X8.431 Y-3.5117 Z0.388
X8.3897 Y-3.4929 Z0.3879
X8.3769 Y-3.4869
X8.3382 Y-3.4682
X8.3256 Y-3.462
X8.284 Y-3.4406
X8.2763 Y-3.4365 Z0.388
X8.2376 Y-3.4154 Z0.3879
X8.2221 Y-3.4068
X8.1838 Y-3.3846
X8.1757 Y-3.3799 Z0.388
X8.158 Y-3.3691 Z0.3879
X8.1293 Y-3.3515
X8.1138 Y-3.3416
X8.0829 Y-3.3216 Z0.388
X8.0728 Y-3.3149 Z0.3879
X8.0597 Y-3.306
X8.0275 Y-3.284 Z0.388
X8.0055 Y-3.2683 Z0.3879
X7.9823 Y-3.2515 Z0.388
X7.9637 Y-3.2375 Z0.3879
X7.9433 Y-3.2221
X7.9332 Y-3.2143 Z0.388
X7.9127 Y-3.1981 Z0.3879
X7.8943 Y-3.1834 Z0.388
X7.8848 Y-3.1756 Z0.3879
X7.8661 Y-3.1602
X7.8477 Y-3.1447
X7.8275 Y-3.1271
X7.8121 Y-3.1136
X7.8035 Y-3.106 Z0.388
X7.7782 Y-3.0828 Z0.3879
X7.7579 Y-3.0639 Z0.388
X7.727 Y-3.034 Z0.3879
X7.7192 Y-3.0265
X7.696 Y-3.003
X7.6805 Y-2.9872
X7.6728 Y-2.9792 Z0.388
X7.6466 Y-2.9512 Z0.3879
X7.6394 Y-2.9435
X7.6323 Y-2.9357
X7.6032 Y-2.9031
X7.5954 Y-2.8947
X7.5901 Y-2.8893 Z0.3878
X7.5877 Y-2.887 Z0.3879
X7.5815 Y-2.8815 Z0.3878
X7.58 Y-2.8803 Z0.3879
X7.5713 Y-2.8738
X7.5645 Y-2.8694 Z0.3878
X7.5587 Y-2.8661
X7.5568 Y-2.865 Z0.3879
X7.549 Y-2.8613 Z0.3878
X7.5413 Y-2.8582
X7.5335 Y-2.8556
X7.5258 Y-2.8534
X7.5181 Y-2.8516
X7.5103 Y-2.8504
X7.5026 Y-2.8495
X7.4949 Y-2.8491 Z0.3879
X7.4871
X7.4794 Y-2.8496 Z0.3878
X7.4713 Y-2.8506
X7.4639 Y-2.8519
X7.4562 Y-2.8537
X7.4484 Y-2.8559
X7.4407 Y-2.8586
X7.433 Y-2.8618 Z0.3879
X7.4252 Y-2.8656
X7.4175 Y-2.8701
X7.4097 Y-2.8749
X7.3865 Y-2.8898 Z0.388
X7.3711 Y-2.8991 Z0.3879
X7.3633 Y-2.9036 Z0.388
X7.3471 Y-2.9125 Z0.3879
X7.3401 Y-2.9162 Z0.388
X7.3246 Y-2.9239
X7.3163 Y-2.928
X7.3014 Y-2.9347 Z0.3879
X7.2937 Y-2.9381 Z0.388
X7.286 Y-2.9413
X7.2782 Y-2.9444 Z0.3879
X7.2705 Y-2.9474 Z0.388
X7.2604 Y-2.9512
X7.2473 Y-2.9558
X7.2381 Y-2.9589
X7.2241 Y-2.9633
X7.2129 Y-2.9667
X7.2086 Y-2.9679
X7.1931 Y-2.9719
X7.1832 Y-2.9744
X7.1699 Y-2.9774 Z0.3879
X7.1622 Y-2.979 Z0.388
X7.1544 Y-2.9806
X7.139 Y-2.9834 Z0.3879
X7.1312 Y-2.9847 Z0.388
X7.1235 Y-2.9858
X7.108 Y-2.9878
X7.1003 Y-2.9888
X7.0848 Y-2.9902
X7.0693 Y-2.9915
X7.0616 Y-2.992 Z0.3879
X7.0461 Y-2.9926 Z0.388
X7.0306 Y-2.993 Z0.3879
X7.0229
X7.0152 Y-2.9929 Z0.388
X7.0074 Y-2.9926
X6.9997 Y-2.9925 Z0.3879
X6.9919 Y-2.9922
X6.9842 Y-2.9917
X6.961 Y-2.99 Z0.388
X6.9533 Y-2.9892 Z0.3879
X6.9378 Y-2.9873 Z0.388
X6.9301 Y-2.9863
X6.9223 Y-2.9852 Z0.3879
X6.9068 Y-2.9826 Z0.388
X6.8914 Y-2.9797
X6.8836 Y-2.9782
X6.8759 Y-2.9765
X6.8604 Y-2.9728
X6.8527 Y-2.9709
X6.8449 Y-2.9688
X6.8295 Y-2.9644
X6.8217 Y-2.9621
X6.8119 Y-2.9589 Z0.3879
X6.7985 Y-2.9544 Z0.388
X6.783 Y-2.9488 Z0.3879
X6.7753 Y-2.9458 Z0.388
X6.7676 Y-2.9427
X6.7509 Y-2.9357
X6.7444 Y-2.9329 Z0.3879
X6.7212 Y-2.9219 Z0.388
X6.7134 Y-2.918 Z0.3879
X6.6979 Y-2.9098 Z0.388
X6.6888 Y-2.9048
X6.6825 Y-2.9012 Z0.3879
X6.6747 Y-2.8967 Z0.388
X6.6593 Y-2.8871 Z0.3879
X6.6504 Y-2.8815 Z0.388
X6.639 Y-2.8738
X6.6277 Y-2.8661
X6.6171 Y-2.8583 Z0.3879
X6.6051 Y-2.8492 Z0.388
X6.597 Y-2.8428 Z0.3879
X6.5875 Y-2.8351 Z0.388
X6.5819 Y-2.8304
X6.5664 Y-2.8169 Z0.3879
X6.5587 Y-2.8099 Z0.388
X6.5509 Y-2.8025 Z0.3879
X6.5432 Y-2.795 Z0.388
X6.5355 Y-2.7872
X6.5221 Y-2.7732
X6.5123 Y-2.7623
X6.5045 Y-2.7535
X6.4968 Y-2.7442 Z0.3879
X6.4887 Y-2.7345
X6.4813 Y-2.7257
X6.4753 Y-2.719 Z0.3878
X6.4736 Y-2.7173
X6.4658 Y-2.71 Z0.3879
X6.4577 Y-2.7035 Z0.3878
X6.4504 Y-2.6984 Z0.3879
X6.4462 Y-2.6958 Z0.3878
X6.4426 Y-2.6937 Z0.3879
X6.4349 Y-2.6897
X6.4314 Y-2.6881 Z0.3878
X6.4271 Y-2.6862
X6.4194 Y-2.6834
X6.4117 Y-2.6809
X6.4095 Y-2.6803
X6.4039 Y-2.679
X6.3962 Y-2.6775
X6.3885 Y-2.6765
X6.3807 Y-2.6758
X6.373 Y-2.6756 Z0.3879
X6.3652 Y-2.6759
X6.3575 Y-2.6766 Z0.3878
X6.3498 Y-2.6778
X6.342 Y-2.6793
X6.3377 Y-2.6803 Z0.3879
X6.3343 Y-2.6813
X6.3266 Y-2.6838 Z0.3878
X6.3188 Y-2.6868
X6.3157 Y-2.6881 Z0.3879
X6.3111 Y-2.6903 Z0.3878
X6.3034 Y-2.6944
X6.2956 Y-2.6992
X6.2879 Y-2.7047 Z0.3879
X6.279 Y-2.7113
X6.1984 Y-2.7732
X6.1718 Y-2.7931
X6.1099 Y-2.8393
X6.0867 Y-2.8563
X6.0248 Y-2.9012 Z0.388
X6.0091 Y-2.9125 Z0.3879
X5.9397 Y-2.9614 Z0.388
X5.9165 Y-2.9777 Z0.3879
X5.8701 Y-3.0095 Z0.388
X5.8421 Y-3.0286
X5.8193 Y-3.0441 Z0.3879
X5.754 Y-3.0875 Z0.388
X5.7231 Y-3.1079 Z0.3879
X5.6661 Y-3.1447 Z0.388
X5.6298 Y-3.1679 Z0.3879
X5.5928 Y-3.1911 Z0.388
X5.568 Y-3.2066
X5.5296 Y-3.2304 Z0.3879
X5.4832 Y-3.2586 Z0.388
X5.4291 Y-3.2912 Z0.3879
X5.3887 Y-3.3149 Z0.388
X5.3358 Y-3.3459 Z0.3879
X5.3087 Y-3.3614
X5.2898 Y-3.3721 Z0.388
X5.2356 Y-3.4028 Z0.3879
X5.2124 Y-3.4157 Z0.388
X5.1892 Y-3.4284
X5.1351 Y-3.4581 Z0.3879
X5.1041 Y-3.4747 Z0.388
X5.0345 Y-3.5116 Z0.3879
X5.019 Y-3.5197
X4.9957 Y-3.5316 Z0.388
X4.9339 Y-3.5634 Z0.3879
X4.9107 Y-3.5751 Z0.388
X4.8256 Y-3.6172 Z0.3879
X4.8024 Y-3.6284
X4.7297 Y-3.6632
X4.7173 Y-3.6693
X4.7095 Y-3.6735 Z0.3878
X4.7011 Y-3.6787
X4.694 Y-3.6838
X4.6907 Y-3.6864
X4.6863 Y-3.6901
X4.6819 Y-3.6942 Z0.3879
X4.6786 Y-3.6974 Z0.3878
X4.6744 Y-3.7019
X4.6708 Y-3.706
X4.6679 Y-3.7096
X4.6623 Y-3.7174 Z0.3879
X4.6575 Y-3.7251 Z0.3878
X4.6554 Y-3.7289
X4.6533 Y-3.7329
X4.6497 Y-3.7406
X4.6476 Y-3.7458 Z0.3879
X4.6467 Y-3.7483 Z0.3878
X4.6442 Y-3.7561
X4.6422 Y-3.7638
X4.6406 Y-3.7716
X4.6399 Y-3.7757
X4.6394 Y-3.7793
X4.6387 Y-3.787
X4.6383 Y-3.7948 Z0.3879
X4.6385 Y-3.8025
X4.6391 Y-3.8102
X4.64 Y-3.818
X4.642 Y-3.8335
X4.643 Y-3.8412 Z0.388
X4.6438 Y-3.8489
X4.6446 Y-3.8567
X4.6452 Y-3.8644
X4.646 Y-3.8799
X4.6462 Y-3.8876 Z0.3879
X4.6463 Y-3.9031
X4.6458 Y-3.9186 Z0.388
X4.6454 Y-3.9263
X4.6441 Y-3.9418
X4.6433 Y-3.9496
X4.6424 Y-3.9573
X4.6414 Y-3.965
X4.6399 Y-3.9743
X4.6388 Y-3.9805
X4.6374 Y-3.9883
X4.6358 Y-3.996
X4.6341 Y-4.0037
X4.6322 Y-4.0119
X4.6303 Y-4.0192
X4.6282 Y-4.0269
X4.6244 Y-4.0395
X4.621 Y-4.0502
X4.6167 Y-4.0624
X4.6155 Y-4.0656
X4.6089 Y-4.0825 Z0.3879
X4.6066 Y-4.0889 Z0.3878
X4.6044 Y-4.0966
X4.6031 Y-4.1043
X4.6027 Y-4.1121
X4.6035 Y-4.1198
X4.6052 Y-4.1276 Z0.3877
X4.6079 Y-4.1353 Z0.3878
X4.6089 Y-4.1376
X4.612 Y-4.143
X4.6167 Y-4.1496
X4.6177 Y-4.1508
X4.6244 Y-4.1575 Z0.3877
X4.6255 Y-4.1585 Z0.3878
X4.6322 Y-4.1633
X4.6374 Y-4.1663
X4.6399 Y-4.1674
X4.6476 Y-4.1701 Z0.3877
X4.6554 Y-4.1718 Z0.3878
X4.6631 Y-4.1727
X4.6708 Y-4.1724
X4.6786 Y-4.1713
X4.6863 Y-4.1698 Z0.3879
X4.725 Y-4.162
X4.7869 Y-4.1494
X4.8875 Y-4.1302
X4.9029 Y-4.1274
X5.0035 Y-4.1096
X5.05 Y-4.102
X5.1118 Y-4.092
X5.1583 Y-4.085
X5.1841 Y-4.0812
X5.1896 Y-4.0801 Z0.3878
X5.1949 Y-4.0787 Z0.3876
X5.2002 Y-4.077 Z0.3873
X5.2054 Y-4.0751 Z0.3868
X5.2105 Y-4.0729 Z0.3862
X5.2156 Y-4.0706 Z0.3856
X5.2356 Y-4.0609 Z0.383
X5.2407 Y-4.0586 Z0.3824
X5.2458 Y-4.0564 Z0.3818
X5.251 Y-4.0545 Z0.3814
X5.2563 Y-4.0528 Z0.381
X5.2617 Y-4.0515 Z0.3808
X5.2671 Y-4.0505 Z0.3807
X5.3285 Y-4.0423
X5.3672 Y-4.0375
X5.4368 Y-4.0291
X5.4832 Y-4.0239
X5.5529 Y-4.0165
X5.5993 Y-4.012
X5.6612 Y-4.0062
X5.7076 Y-4.0023
X5.7695 Y-3.9974
X5.8237 Y-3.9936
X5.8778 Y-3.99
X5.9242 Y-3.9873
X5.9939 Y-3.9837
X6.048 Y-3.9813
X6.1022 Y-3.9792
X6.1563 Y-3.9775
X6.2105 Y-3.9761
X6.2724 Y-3.9751
X6.3188 Y-3.9745
X6.3807 Y-3.9742
X6.4349 Y-3.9744
X6.5045 Y-3.975
X6.5432 Y-3.9757
X6.6128 Y-3.9772
X6.6515 Y-3.9783
X6.7289 Y-3.9812
X6.7676 Y-3.9828
X6.8449 Y-3.9867
X6.8759 Y-3.9885
X6.961 Y-3.9939
X6.9919 Y-3.9961
X7.0693 Y-4.0021
X7.1003 Y-4.0047
X7.1854 Y-4.0124
X7.2086 Y-4.0147
X7.2937 Y-4.0236
X7.3169 Y-4.0261
X7.4097 Y-4.0371
X7.4252 Y-4.039
X7.5258 Y-4.0523
X7.5568 Y-4.0567
X7.6341 Y-4.068
X7.6573 Y-4.0716
X7.7424 Y-4.0851
X7.7502 Y-4.0862
X7.7579 Y-4.0872 Z0.3806
X7.7657 Y-4.0878 Z0.3807
X7.7734 Y-4.0879
X7.7811 Y-4.0875 Z0.3806
X7.7889 Y-4.0866
X7.7966 Y-4.0851
X7.8043 Y-4.0832
X7.8121 Y-4.0808
X7.8198 Y-4.0778
X7.8275 Y-4.0741
X7.8353 Y-4.0697
X7.8414 Y-4.0656
X7.843 Y-4.0644
X7.8513 Y-4.0579
X7.8585 Y-4.0512
X7.8595 Y-4.0502
X7.8663 Y-4.0424
X7.872 Y-4.0347
X7.874 Y-4.0318
X7.8769 Y-4.0269
X7.8812 Y-4.0192 Z0.3807
X7.8846 Y-4.0115 Z0.3806
X7.8894 Y-3.9985 Z0.3807
X7.8932 Y-3.9883
X7.8972 Y-3.9777
X7.9023 Y-3.965
X7.9056 Y-3.9573
X7.9127 Y-3.9418
X7.9166 Y-3.9341
X7.9206 Y-3.9263
X7.9247 Y-3.9186
X7.9291 Y-3.9109
X7.9359 Y-3.8993
X7.9436 Y-3.8872
X7.9484 Y-3.8799 Z0.3808
X7.9513 Y-3.8756 Z0.3807
X7.9593 Y-3.8644
X7.9668 Y-3.8544
X7.9746 Y-3.8446
X7.9823 Y-3.8354
X7.9907 Y-3.8257 Z0.3808
X7.9978 Y-3.818 Z0.3807
X8.0055 Y-3.81 Z0.3808
X8.0132 Y-3.8023 Z0.3807
X8.0211 Y-3.7948
X8.0296 Y-3.787
X8.0384 Y-3.7793
X8.0478 Y-3.7716
X8.0597 Y-3.7622 Z0.3808
X8.0679 Y-3.7561 Z0.3807
X8.0787 Y-3.7483
X8.0906 Y-3.7405
X8.0983 Y-3.7356
X8.1061 Y-3.7309
X8.1159 Y-3.7251
X8.1216 Y-3.722
X8.1302 Y-3.7174
X8.137 Y-3.7139
X8.1457 Y-3.7096
X8.1525 Y-3.7064
X8.1602 Y-3.7029
X8.168 Y-3.6996
X8.1757 Y-3.6965
X8.1835 Y-3.6935
X8.1912 Y-3.6906
X8.1989 Y-3.6878
X8.2067 Y-3.6853
X8.2221 Y-3.6805 Z0.3808
X8.2299 Y-3.6783 Z0.3807
X8.2376 Y-3.6763
X8.2453 Y-3.6744 Z0.3808
X8.2531 Y-3.6726 Z0.3807
X8.261 Y-3.6709
X8.2686 Y-3.6694 Z0.3808
X8.2763 Y-3.6681 Z0.3807
X8.284 Y-3.6668
X8.2918 Y-3.6656 Z0.3808
X8.2995 Y-3.6646 Z0.3807
X8.3119 Y-3.6632
X8.3227 Y-3.6622
X8.3382 Y-3.6612
X8.3459 Y-3.661
X8.3614 Y-3.6607
X8.3691 Y-3.6608
X8.3769 Y-3.661
X8.3846 Y-3.6614
X8.3923 Y-3.6618
X8.4001 Y-3.6624
X8.4092 Y-3.6632
X8.4233 Y-3.6648
X8.431 Y-3.6658
X8.4465 Y-3.6683
X8.4542 Y-3.6698 Z0.3808
X8.462 Y-3.6713 Z0.3807
X8.4697 Y-3.673 Z0.3808
X8.4775 Y-3.6748
X8.4852 Y-3.6767 Z0.3807
X8.4929 Y-3.6788
X8.5007 Y-3.681
X8.5084 Y-3.6833
X8.5179 Y-3.6864 Z0.3808
X8.5239 Y-3.6884 Z0.3807
X8.5316 Y-3.6912
X8.5396 Y-3.6942 Z0.3808
X8.5471 Y-3.6971 Z0.3807
X8.5626 Y-3.7037
X8.5703 Y-3.7072
X8.578 Y-3.7109
X8.5858 Y-3.7147
X8.5935 Y-3.7188
X8.6052 Y-3.7251
X8.6184 Y-3.7329
X8.6245 Y-3.7366 Z0.3808
X8.6322 Y-3.7416 Z0.3807
X8.6424 Y-3.7483
X8.6554 Y-3.7576
X8.6636 Y-3.7638
X8.6734 Y-3.7716
X8.6827 Y-3.7793
X8.6941 Y-3.7892
X8.7018 Y-3.7964
G2 X8.7405 Y-3.8373 I-0.337 J-0.3578
G1 X8.7438 Y-3.8412 Z0.3808
X8.7501 Y-3.8489 Z0.3807
X8.7561 Y-3.8567
X8.7637 Y-3.8669
X8.7728 Y-3.8799 Z0.3808
X8.7792 Y-3.8897 Z0.3807
X8.7828 Y-3.8954
X8.7875 Y-3.9031
X8.7964 Y-3.9186 Z0.3808
X8.8024 Y-3.9299 Z0.3807
X8.8046 Y-3.9341
X8.8084 Y-3.9418
X8.812 Y-3.9496
X8.8155 Y-3.9573
X8.8189 Y-3.965
X8.8251 Y-3.9805 Z0.3808
X8.8279 Y-3.9883 Z0.3807
X8.8307 Y-3.996
X8.8334 Y-4.0039 Z0.3808
X8.8358 Y-4.0115 Z0.3807
X8.838 Y-4.0192
X8.8411 Y-4.0302 Z0.3808
X8.8442 Y-4.0424 Z0.3807
X8.846 Y-4.0502 Z0.3808
X8.8488 Y-4.0639 Z0.3807
X8.8506 Y-4.0734
X8.8532 Y-4.0889
X8.8546 Y-4.0966 Z0.3806
X8.8566 Y-4.1062
X8.8582 Y-4.1121
X8.8607 Y-4.1198
X8.8638 Y-4.1276
X8.8676 Y-4.1353
X8.8722 Y-4.143
X8.8776 Y-4.1508
X8.8798 Y-4.1537
X8.884 Y-4.1585
X8.8875 Y-4.1624
X8.8915 Y-4.1663
X8.8953 Y-4.1697
X8.9003 Y-4.174
X8.903 Y-4.176
X8.9115 Y-4.1817 Z0.3807
X8.9185 Y-4.1856 Z0.3806
X8.9264 Y-4.1895
X8.9339 Y-4.1924
X8.9417 Y-4.195
X8.9511 Y-4.1972
X8.9572 Y-4.1983
X8.9649 Y-4.1992
X8.9726 Y-4.1997 Z0.3807
X8.9804
X8.9881 Y-4.1993
X9.0268 Y-4.1963
X9.0577 Y-4.1935
X9.0655 Y-4.1926 Z0.3806
X9.0732 Y-4.1915
X9.0832 Y-4.1895
X9.0887 Y-4.188
X9.0964 Y-4.1854
X9.1042 Y-4.1823
X9.1119 Y-4.1785
X9.1196 Y-4.174
X9.1274 Y-4.1686
X9.1304 Y-4.1663
X9.1351 Y-4.1622
X9.1391 Y-4.1585
X9.1428 Y-4.1547
X9.1464 Y-4.1508
X9.1506 Y-4.1458
X9.1526 Y-4.143
X9.1583 Y-4.1346
X9.1623 Y-4.1276
X9.1661 Y-4.1197
X9.169 Y-4.1121
X9.1715 Y-4.1043
X9.1738 Y-4.0949
X9.1748 Y-4.0889
X9.1758 Y-4.0811
X9.1763 Y-4.0734
X9.1762 Y-4.0656
X9.1755 Y-4.0579
X9.1744 Y-4.0502
X9.1738 Y-4.0463
X9.1712 Y-4.0347 Z0.3807
X9.1661 Y-4.0136
X9.1639 Y-4.0037
X9.1607 Y-3.9883 Z0.3808
X9.1579 Y-3.9728 Z0.3807
X9.1566 Y-3.965
X9.1554 Y-3.9573
X9.1532 Y-3.9418
X9.1523 Y-3.9341
X9.1506 Y-3.9171
X9.15 Y-3.9109
X9.1489 Y-3.8954
X9.1485 Y-3.8876
X9.1481 Y-3.8799
X9.1477 Y-3.8644
X9.1476 Y-3.8567
X9.1478 Y-3.8335
X9.1477 Y-3.8257
X9.1472 Y-3.818 Z0.3806
X9.1462 Y-3.8102
X9.1446 Y-3.8025
X9.1427 Y-3.7948
X9.1402 Y-3.787
X9.137 Y-3.7793
X9.1351 Y-3.7751
X9.1333 Y-3.7716
X9.1288 Y-3.7638
X9.1274 Y-3.7616
X9.1233 Y-3.7561
X9.1196 Y-3.7513
X9.1171 Y-3.7483
X9.1119 Y-3.7428
X9.1097 Y-3.7406
X9.1042 Y-3.7357
X9.1007 Y-3.7329
X9.0964 Y-3.7296
X9.0897 Y-3.7251
X9.0887 Y-3.7245 Z0.3807
X9.0809 Y-3.7202 Z0.3806
X9.075 Y-3.7174
X9.0732 Y-3.7166
X9.0655 Y-3.7137
X9.0577 Y-3.7113
X9.05 Y-3.7094
X9.0423 Y-3.7079 Z0.3807
X9.0345 Y-3.7065
X8.9881 Y-3.699
X8.9649 Y-3.6948
X8.9262 Y-3.6876
X8.8953 Y-3.6811
X8.872 Y-3.6762
X8.8488 Y-3.6708
X8.8101 Y-3.6615
X8.7792 Y-3.6535
X8.756 Y-3.6473
X8.7328 Y-3.6407
X8.7018 Y-3.6317
X8.6786 Y-3.6245
X8.6477 Y-3.6147
X8.6308 Y-3.609
X8.6012 Y-3.5989
X8.5858 Y-3.5935
X8.5548 Y-3.5821
X8.5316 Y-3.5734
X8.4929 Y-3.5581
X8.4775 Y-3.5518
X8.4388 Y-3.5354
X8.4233 Y-3.5287
X8.3846 Y-3.5111
X8.3691 Y-3.5039
X8.3305 Y-3.4852
X8.315 Y-3.4775
X8.2763 Y-3.4576
X8.2686 Y-3.4535
X8.2415 Y-3.4388
X8.2221 Y-3.4282
X8.2067 Y-3.4194
X8.168 Y-3.3969
X8.1525 Y-3.3876
X8.1216 Y-3.3686
X8.1061 Y-3.3588
X8.0742 Y-3.3382
X8.0624 Y-3.3304
X8.0396 Y-3.3149
X8.0171 Y-3.2995
X7.99 Y-3.2801
X7.9741 Y-3.2685
X7.9591 Y-3.2574
X7.9328 Y-3.2375
X7.9204 Y-3.228
X7.8934 Y-3.2066
X7.874 Y-3.1909
X7.8508 Y-3.1716
X7.8353 Y-3.1586
X7.8121 Y-3.1384
X7.7966 Y-3.1248
X7.7844 Y-3.1137
X7.7579 Y-3.0894
X7.7502 Y-3.0822
X7.7424 Y-3.0749
X7.7105 Y-3.0441
X7.7027 Y-3.0363
X7.6722 Y-3.0054
X7.6647 Y-2.9976
X7.6419 Y-2.9735
X7.6264 Y-2.9569
X7.6186 Y-2.9484
X7.5865 Y-2.9125
X7.5792 Y-2.9048 Z0.3806
X7.5722 Y-2.8982
X7.5709 Y-2.897
X7.5645 Y-2.892
X7.5608 Y-2.8893
X7.5568 Y-2.8866
X7.5481 Y-2.8815 Z0.3807
X7.5413 Y-2.8783 Z0.3806
X7.5335 Y-2.8753
X7.5292 Y-2.8738
X7.5258 Y-2.8728
X7.5181 Y-2.8708
X7.5103 Y-2.8693
X7.5026 Y-2.8683
X7.4949 Y-2.8678 Z0.3807
X7.4871
X7.4794 Y-2.8684 Z0.3806
X7.4716 Y-2.8695
X7.4639 Y-2.871
X7.4562 Y-2.8731
X7.4537 Y-2.8738
X7.4484 Y-2.8756
X7.4407 Y-2.8788
X7.4351 Y-2.8815 Z0.3807
X7.433 Y-2.8827
X7.4252 Y-2.8872
X7.4175 Y-2.8921
X7.3978 Y-2.9048
X7.3851 Y-2.9125
X7.3711 Y-2.9207
X7.3556 Y-2.9291
X7.3479 Y-2.9332
X7.3271 Y-2.9435
X7.3246 Y-2.9447
X7.3102 Y-2.9512
X7.3014 Y-2.955
X7.2921 Y-2.9589
X7.2782 Y-2.9644
X7.2705 Y-2.9674 Z0.3808
X7.255 Y-2.9729 Z0.3807
X7.2473 Y-2.9755
X7.2395 Y-2.978
X7.2241 Y-2.9828
X7.2163 Y-2.9851
X7.1981 Y-2.9899
X7.1854 Y-2.993
X7.1776 Y-2.9948
X7.1622 Y-2.998
X7.1467 Y-3.0009
X7.1312 Y-3.0035
X7.1157 Y-3.0056
X7.108 Y-3.0066
X7.1003 Y-3.0075
X7.0848 Y-3.0089
X7.0693 Y-3.0102
X7.0616 Y-3.0106
X7.0461 Y-3.0112 Z0.3808
X7.0306 Y-3.0116 Z0.3807
X7.0229
X7.0152 Y-3.0115
X7.0074 Y-3.0113
X6.9997 Y-3.0112
X6.9919 Y-3.0109
X6.9765 Y-3.0098
X6.961 Y-3.0087
X6.9533 Y-3.0079
X6.932 Y-3.0054 Z0.3808
X6.9223 Y-3.004 Z0.3807
X6.9068 Y-3.0015
X6.8991 Y-3.0002
X6.8836 Y-2.9972
X6.8759 Y-2.9956 Z0.3808
X6.8604 Y-2.992 Z0.3807
X6.8518 Y-2.9899
X6.8449 Y-2.9881
X6.8295 Y-2.9838
X6.8217 Y-2.9815 Z0.3808
X6.814 Y-2.9792 Z0.3807
X6.8063 Y-2.9767
X6.7985 Y-2.9741
X6.7908 Y-2.9714 Z0.3808
X6.7753 Y-2.9658 Z0.3807
X6.7676 Y-2.9628
X6.7581 Y-2.9589
X6.7444 Y-2.9532
X6.7366 Y-2.9499
X6.7134 Y-2.9389
X6.7057 Y-2.935
X6.6923 Y-2.928
X6.6825 Y-2.9226
X6.6747 Y-2.9182
X6.6649 Y-2.9125
X6.6515 Y-2.9043
X6.64 Y-2.897
X6.6283 Y-2.8891
X6.6173 Y-2.8815
X6.6051 Y-2.8726
X6.5964 Y-2.8661
X6.5865 Y-2.8583
X6.5741 Y-2.8482
X6.5664 Y-2.8417
X6.5587 Y-2.8349
X6.5502 Y-2.8274
X6.5419 Y-2.8196
X6.5339 Y-2.8119
X6.526 Y-2.8042 Z0.3808
X6.5184 Y-2.7964 Z0.3807
X6.5111 Y-2.7887
X6.5039 Y-2.7809
X6.4903 Y-2.7655
X6.4813 Y-2.7548
X6.4709 Y-2.7422
X6.4658 Y-2.7364 Z0.3806
X6.4641 Y-2.7345
X6.4581 Y-2.7283
X6.4564 Y-2.7268
X6.4504 Y-2.7215
X6.4472 Y-2.719
X6.4426 Y-2.7157
X6.4349 Y-2.7108
X6.4271 Y-2.7067
X6.4202 Y-2.7035
X6.4117 Y-2.7005
X6.4039 Y-2.6982
X6.3962 Y-2.6965
X6.392 Y-2.6958
X6.3885 Y-2.6953
X6.3807 Y-2.6945
X6.373 Y-2.6943 Z0.3807
X6.3652 Y-2.6946 Z0.3806
X6.3575 Y-2.6955
X6.3552 Y-2.6958
X6.3498 Y-2.6968
X6.342 Y-2.6985 Z0.3807
X6.3343 Y-2.7009 Z0.3806
X6.3266 Y-2.7038
X6.3188 Y-2.7073
X6.3111 Y-2.7115 Z0.3807
X6.3034 Y-2.7166 Z0.3806
X6.2998 Y-2.719 Z0.3807
X6.2879 Y-2.728
X6.2088 Y-2.7887
X6.1778 Y-2.8119
X6.1254 Y-2.851
X6.1049 Y-2.8661
X6.0303 Y-2.9202
X6.0171 Y-2.9297
X5.9397 Y-2.9842
X5.9204 Y-2.9976
X5.8525 Y-3.0441
X5.8298 Y-3.0595
X5.7618 Y-3.1047
X5.7364 Y-3.1215
X5.7153 Y-3.1351
X5.6765 Y-3.1602 Z0.3808
X5.638 Y-3.1848 Z0.3807
X5.5838 Y-3.2187 Z0.3808
X5.5451 Y-3.2428 Z0.3807
X5.5219 Y-3.257
X5.4832 Y-3.2804
X5.4387 Y-3.3072
X5.3904 Y-3.3356
X5.344 Y-3.3627
X5.313 Y-3.3804
X5.2434 Y-3.4198
X5.2124 Y-3.4369 Z0.3808
X5.1428 Y-3.4751 Z0.3807
X5.1095 Y-3.4929
X5.0422 Y-3.5286
X5.019 Y-3.5407
X4.9416 Y-3.5804
X4.9184 Y-3.592
X4.8333 Y-3.6342
X4.8101 Y-3.6454
X4.7405 Y-3.6787
X4.7327 Y-3.6825
X4.7248 Y-3.6864
X4.7173 Y-3.6906 Z0.3806
X4.7116 Y-3.6942
X4.7095 Y-3.6956
X4.7013 Y-3.7019
X4.694 Y-3.7083
X4.6927 Y-3.7096
X4.6856 Y-3.7174
X4.6797 Y-3.7251
X4.6786 Y-3.7267
X4.6747 Y-3.7329
X4.6703 Y-3.7406
X4.6667 Y-3.7483
X4.6638 Y-3.7561
X4.6631 Y-3.7583
X4.6615 Y-3.7638
X4.6596 Y-3.7716
X4.6582 Y-3.7793
X4.6574 Y-3.787
X4.657 Y-3.7948 Z0.3807
X4.6572 Y-3.8025
X4.6578 Y-3.8102
X4.6598 Y-3.8257
X4.6608 Y-3.8335
X4.6618 Y-3.8412
X4.6631 Y-3.8546
X4.6639 Y-3.8644
X4.6646 Y-3.8799
X4.6648 Y-3.8876
X4.6649 Y-3.9031
X4.6644 Y-3.9186
X4.664 Y-3.9263
X4.6631 Y-3.9385
X4.662 Y-3.9496
X4.6612 Y-3.9573
X4.6602 Y-3.965
X4.659 Y-3.9728
X4.6577 Y-3.9805
X4.6564 Y-3.9883 Z0.3808
X4.6548 Y-3.996 Z0.3807
X4.6532 Y-4.0037
X4.6514 Y-4.0115 Z0.3808
X4.6495 Y-4.0192 Z0.3807
X4.6475 Y-4.0269 Z0.3808
X4.6453 Y-4.0347
X4.643 Y-4.0424 Z0.3807
X4.6399 Y-4.0523 Z0.3808
X4.638 Y-4.0579 Z0.3807
X4.6353 Y-4.0656
X4.6322 Y-4.0742
X4.6265 Y-4.0889
X4.6244 Y-4.0945 Z0.3806
X4.6238 Y-4.0966
X4.622 Y-4.1043
X4.6214 Y-4.1121
X4.6226 Y-4.1198
X4.6244 Y-4.126
X4.625 Y-4.1276
X4.6294 Y-4.1353
X4.6322 Y-4.1389
X4.6363 Y-4.143
X4.6399 Y-4.1459
X4.6476 Y-4.1503
X4.6489 Y-4.1508
X4.6554 Y-4.1527
X4.6631 Y-4.1539
X4.6708 Y-4.1535
X4.6786 Y-4.1523 Z0.3807
X4.6865 Y-4.1508
X4.7792 Y-4.1319
X4.8256 Y-4.123
X4.8875 Y-4.1112
X4.9107 Y-4.107
X4.9958 Y-4.092
X5.0345 Y-4.0856
X5.1118 Y-4.0731
X5.166 Y-4.065
X5.2202 Y-4.057
X5.2671 Y-4.0505
X5.2726 Y-4.0496
X5.278 Y-4.0482 Z0.3806
X5.2833 Y-4.0465 Z0.3804
X5.2885 Y-4.0445 Z0.3802
X5.2936 Y-4.0423 Z0.3799
X5.2987 Y-4.04 Z0.3796
X5.3187 Y-4.0301 Z0.3784
X5.3238 Y-4.0277 Z0.3781
X5.329 Y-4.0255 Z0.3779
X5.3342 Y-4.0236 Z0.3776
X5.3395 Y-4.0219 Z0.3775
X5.3448 Y-4.0206 Z0.3774
X5.3503 Y-4.0197 Z0.3773
X5.4368 Y-4.0092
X5.4832 Y-4.0041
G2 X5.8237 Y-3.9738 I0.8902 J-8.0795
G1 X5.8778 Y-3.9703
X5.9242 Y-3.9676
X5.9861 Y-3.9643
X6.0403 Y-3.9619
X6.1022 Y-3.9595
X6.1563 Y-3.9578
X6.2182 Y-3.9563
X6.2724 Y-3.9553
X6.3266 Y-3.9548
X6.3807 Y-3.9545
X6.4349 Y-3.9547
X6.5045 Y-3.9553
X6.5432 Y-3.9559
X6.6128 Y-3.9575
X6.6593 Y-3.9589
X6.7289 Y-3.9615
X6.7676 Y-3.9631
X6.8449 Y-3.967
X6.8759 Y-3.9687
X6.961 Y-3.9742
G2 X7.7502 Y-4.0664 I-0.5735 J-8.329
G1 X7.7579 Y-4.0673
X7.7657 Y-4.068
X7.7734 Y-4.0682
X7.7811 Y-4.0676
G3 X7.829 Y-4.0502 I-0.0091 J0.0996
G1 X7.8353 Y-4.0455
X7.839 Y-4.0424
X7.843 Y-4.0386
G3 X7.8586 Y-4.0192 I-0.07 J0.0718
G1 X7.8629 Y-4.0115
X7.8664 Y-4.0037
X7.8694 Y-3.996
X7.875 Y-3.9805
X7.8779 Y-3.9728
X7.8817 Y-3.9633
G2 X7.99 Y-3.7977 I0.4762 J-0.1933
X8.0454 Y-3.7483 I0.3723 J-0.3618
G1 X8.0557 Y-3.7406
G2 X8.2299 Y-3.658 I0.3037 J-0.4153
G1 X8.2398 Y-3.6555
G2 X8.315 Y-3.6431 I0.1225 J-0.5109
G1 X8.3227 Y-3.6425
G2 X8.3614 Y-3.641 I0.0383 J-0.4977
G1 X8.3691 Y-3.6411
X8.3769 Y-3.6413
X8.3846 Y-3.6416
G2 X8.4697 Y-3.6528 I-0.025 J-0.5188
X8.5703 Y-3.6855 I-0.1099 J-0.509
G1 X8.578 Y-3.6891
X8.5887 Y-3.6942
G2 X8.7205 Y-3.787 I-0.2276 J-0.4632
G1 X8.7283 Y-3.7948
X8.7358 Y-3.8025
G2 X8.8566 Y-4.0124 I-0.374 J-0.3549
X8.8692 Y-4.0656 I-0.5141 J-0.1501
G1 X8.8732 Y-4.0889
X8.8747 Y-4.0966
X8.8765 Y-4.1043
X8.8789 Y-4.1121
X8.8819 Y-4.1198
X8.8859 Y-4.1276
G3 X8.9649 Y-4.1794 I0.0895 J0.0503
G1 X8.9726 Y-4.18
X8.9804 Y-4.1799
G3 X9.0577 Y-4.1736 I-0.1325 J2.1038
G1 X9.0655 Y-4.1727
X9.0732 Y-4.1714
X9.0809 Y-4.1696
X9.0887 Y-4.1672
X9.0913 Y-4.1663
X9.0964 Y-4.1642
X9.1042 Y-4.1602
G3 X9.144 Y-4.1198 I-0.0504 J0.0896
X9.1559 Y-4.0811 I-0.0927 J0.0498
G1 X9.1565 Y-4.0734
X9.1564 Y-4.0656
X9.1556 Y-4.0579
X9.1544 Y-4.0502
X9.1527 Y-4.0424
X9.1471 Y-4.0192
G2 X9.1288 Y-3.8876 I0.7181 J0.1673
G1 X9.1282 Y-3.8722
X9.1279 Y-3.8644
Y-3.8567
X9.1281 Y-3.8335
X9.1279 Y-3.8257
X9.1273 Y-3.818
G3 X9.1189 Y-3.787 I-0.1101 J-0.0132
X9.0577 Y-3.7319 I-0.0936 J-0.0423
G1 X9.05 Y-3.7297
X9.0423 Y-3.728
X9.0345 Y-3.7265
X9.0113 Y-3.7227
G2 X8.8875 Y-3.6996 I0.3417 J2.1729
X7.5947 Y-2.9512 I0.5044 J2.3621
G1 X7.5722 Y-2.9261
X7.5667 Y-2.9202
X7.5645 Y-2.918
G3 X7.5258 Y-2.8934 I-0.0725 J-0.0714
G1 X7.5181 Y-2.8911
X7.5101 Y-2.8893
X7.5026 Y-2.8882
X7.4949 Y-2.8875
X7.4871 Y-2.8876
X7.4794 Y-2.8883
X7.473 Y-2.8893
X7.4639 Y-2.8914
X7.4562 Y-2.8938
X7.4483 Y-2.897
X7.4407 Y-2.901
X7.433 Y-2.9056
X7.4097 Y-2.9205
G2 X7.0461 Y-3.0309 I-0.3848 J0.6134
G1 X7.0306 Y-3.0314
X7.0229 Y-3.0313
G2 X6.9378 Y-3.026 I0.0017 J0.7018
X6.6941 Y-2.9512 I0.0876 J0.7202
G1 X6.6795 Y-2.9435
X6.667 Y-2.9365
X6.6593 Y-2.932
X6.6515 Y-2.9274
X6.636 Y-2.9178
G2 X6.471 Y-2.7732 I0.3879 J0.6091
G1 X6.4581 Y-2.7576
X6.4504 Y-2.7487
G3 X6.3807 Y-2.7144 I-0.0768 J-0.0681
G1 X6.373 Y-2.714
X6.3652 Y-2.7145
G3 X6.3343 Y-2.7219 I0.0092 J-0.1059
G1 X6.3266 Y-2.7255
X6.3243 Y-2.7268
X6.3188 Y-2.73
X6.3111 Y-2.7352
X6.3017 Y-2.7422
G2 X5.754 Y-3.1335 I-5.1331 J6.6065
X5.0494 Y-3.5471 I-4.5677 J6.9741
G1 X5.019 Y-3.5628
X4.9494 Y-3.5986
X4.9262 Y-3.6102
X4.8411 Y-3.6523
X4.8178 Y-3.6635
X4.7482 Y-3.6969
X4.7379 Y-3.7019
X4.7327 Y-3.7046
X4.724 Y-3.7096
G3 X4.6773 Y-3.787 I0.0554 J-0.0863
G1 X4.6767 Y-3.7948
X4.677 Y-3.8025
X4.6777 Y-3.8102
X4.6807 Y-3.8335
G2 X4.6845 Y-3.8876 I-0.5151 J-0.0638
X4.6826 Y-3.9418 I-0.4776 J-0.0099
X4.6678 Y-4.0269 I-0.5113 J0.0446
X4.6506 Y-4.0811 I-0.5107 J0.1327
G1 X4.6446 Y-4.0966
X4.6422 Y-4.1043
G3 X4.6631 Y-4.1339 I0.0226 J-0.0062
G1 X4.6708 Y-4.1336
X4.6786 Y-4.1322
X4.7095 Y-4.126
G2 X5.3503 Y-4.0197 I1.6689 J-8.0778
G1 X5.3558 Y-4.0188
X5.3612 Y-4.0175
X5.3665 Y-4.0158
X5.3717 Y-4.0139
X5.3769 Y-4.0117 Z0.3772
X5.382 Y-4.0094
X5.4021 Y-3.9996 Z0.377
X5.4072 Y-3.9973
X5.4124 Y-3.9952
X5.4176 Y-3.9933 Z0.3769
X5.423 Y-3.9916
X5.4284 Y-3.9903
X5.4338 Y-3.9895
G2 X7.7579 Y-4.0474 I0.9559 J-8.2943
G3 X7.8508 Y-3.9882 I0.0123 J0.0833
G2 X8.8932 Y-4.0889 I0.5096 J-0.1703
G3 X8.9339 Y-4.1488 I0.0847 J0.0137
X8.9881 Y-4.1594 I0.0434 J0.078
X9.0737 Y-4.1511 I-0.0428 J0.8828
X9.1339 Y-4.0502 I-0.0203 J0.0805
G2 X9.1081 Y-3.8257 I0.7709 J0.2025
G3 X9.0345 Y-3.747 I-0.0836 J-0.0044
G2 X7.9812 Y-3.3228 I0.3629 J2.421
X7.554 Y-2.9356 I1.4279 J2.0048
G3 X7.4408 Y-2.9246 I-0.0626 J-0.0563
G2 X6.4387 Y-2.7653 I-0.4155 J0.6182
G3 X6.3249 Y-2.7499 I-0.065 J-0.0527
G2 X5.5412 Y-3.2918 I-5.2278 J6.7229
X4.7403 Y-3.7229 I-4.3992 J7.214
G3 X4.6979 Y-3.8102 I0.0411 J-0.074
G2 X4.6629 Y-4.1045 I-0.5376 J-0.0853
G1 X4.6616 Y-4.1094
X4.6621 Y-4.1121
X4.6631 Y-4.1131
X4.665 Y-4.1138
X4.667 Y-4.1137
X4.6708 Y-4.1133
G2 X5.4338 Y-3.9894 I1.7487 J-8.3591
G3 X5.4656 Y-3.9794 I-0.0143 J0.1009
G2 X5.5068 Y-3.9621 I0.1185 J-0.2248
G1 X5.5122 Y-3.961
X5.5177 Y-3.9602
G2 X7.7579 Y-4.0272 I0.8725 J-8.3153
G3 X7.8323 Y-3.9805 I0.012 J0.0636
G1 X7.8381 Y-3.965
G2 X8.462 Y-3.6104 I0.5225 J-0.1932
G1 Y-3.61
G2 X7.5411 Y-2.9511 I0.9314 J2.2747
G3 X7.4716 Y-2.9308 I-0.0498 J-0.0415
X7.433 Y-2.9532 I0.0779 J-0.1786
G2 X6.4256 Y-2.7808 I-0.4079 J0.646
G3 X6.373 Y-2.754 I-0.054 J-0.041
X6.3267 Y-2.7738 I0.004 J-0.0734
G2 X4.7502 Y-3.7403 I-5.1608 J6.6485
G3 X4.7192 Y-3.7793 I0.0316 J-0.057
X4.718 Y-3.8102 I0.0669 J-0.0181
G2 X4.6904 Y-4.0889 I-0.5548 J-0.0856
X5.5177 Y-3.9601 I1.7118 J-8.2783
G3 X5.5495 Y-3.9504 I-0.013 J0.0996
G2 X5.5908 Y-3.9335 I0.1151 J-0.2227
G1 X5.5963 Y-3.9325
X5.6018 Y-3.9317
G2 X7.7579 Y-4.0069 I0.7884 J-8.3435
G3 X7.7967 Y-3.9995 I0.011 J0.0474
X7.814 Y-3.9728 I-0.034 J0.041
G2 X8.3459 Y-3.5813 I0.5471 J-0.1862
X7.5259 Y-2.9642 I1.0534 J2.2533
G3 X7.464 Y-2.9572 I-0.0346 J-0.0284
G2 X6.4657 Y-2.8567 I-0.4386 J0.6511
X6.4041 Y-2.7869 I0.894 J0.8518
G3 X6.3498 Y-2.7815 I-0.0305 J-0.0305
G2 X6.1719 Y-2.9159 I-13.9333 J18.2669
X4.7636 Y-3.756 I-4.9929 J6.7687
G3 X4.7384 Y-3.8102 I0.0189 J-0.0417
G2 X4.7203 Y-4.0624 I-0.5837 J-0.0849
X5.6018 Y-3.9317 I1.6703 J-8.2238
G3 X5.6337 Y-3.9223 I-0.0122 J0.1004
G2 X5.6752 Y-3.9058 I0.1125 J-0.2222
G1 X5.6806 Y-3.9047
X5.6861 Y-3.9041
G2 X7.7656 Y-3.9879 I0.7037 J-8.3797
G3 X7.7877 Y-3.9805 I0.0037 J0.026
G1 X7.7889 Y-3.9792
G3 X7.8042 Y-3.9413 I-0.1918 J0.0996
G2 X8.2725 Y-3.5677 I0.557 J-0.2178
X7.5105 Y-2.977 I1.1224 J2.2345
G3 X7.4741 Y-2.9746 I-0.0194 J-0.0167
G2 X6.8604 Y-3.0943 I-0.4496 J0.6716
X6.3928 Y-2.8039 I0.1663 J0.7895
G1 X6.3885 Y-2.8003
G3 X6.3576 Y-2.8006 I-0.0152 J-0.017
G2 X6.1564 Y-2.952 I-8.3082 J10.833
X4.7713 Y-3.7745 I-4.9754 J6.801
G3 X4.7575 Y-3.8025 I0.0107 J-0.0227
G2 X4.748 Y-4.0364 I-0.6043 J-0.0928
X5.6861 Y-3.904 I1.646 J-8.2742
G3 X5.7182 Y-3.895 I-0.0114 J0.1017
G2 X5.7598 Y-3.8789 I0.1113 J-0.2264
G1 X5.7653 Y-3.878
X5.7708 Y-3.8773
G2 X7.7656 Y-3.9676 I0.6189 J-8.4053
G1 X7.7695
X7.7715
X7.7734 Y-3.9659
G2 X7.7986 Y-3.9031 I1.4913 J-0.5614
X8.2123 Y-3.5592 I0.5629 J-0.2565
X7.495 Y-2.9897 I1.1857 J2.2299
G1 X7.4923 Y-2.9882
X7.491 Y-2.9881
X7.4871 Y-2.9899
G2 X6.8836 Y-3.1191 I-0.4628 J0.6873
X6.3796 Y-2.8195 I0.1429 J0.814
G1 X6.3762 Y-2.8163
X6.3746 Y-2.8151
X6.373 Y-2.8148
X6.3652 Y-2.8196
G2 X4.7869 Y-3.7892 I-5.1851 J6.6708
G1 X4.7792 Y-3.7936
X4.7779 Y-3.7948
X4.7772 Y-3.7967
G2 X4.7845 Y-3.8799 I-1.0228 J-0.131
X4.7739 Y-4.0105 I-0.628 J-0.0148
G1 X4.7746 Y-4.0109
G2 X5.7708 Y-3.8773 I1.6149 J-8.2636
G3 X5.803 Y-3.8686 I-0.0109 J0.1035
G2 X5.8448 Y-3.853 I0.1084 J-0.2266
G1 X5.8503 Y-3.8521
X5.8558 Y-3.8515
G2 X7.7579 Y-3.9461 I0.5341 J-8.4258
G1 X7.76 Y-3.9459
G2 X8.1602 Y-3.5535 I0.6011 J-0.2129
X7.4885 Y-3.0125 I1.2326 J2.2178
X6.3712 Y-2.8407 I-0.4635 J0.705
G1 X6.3703 Y-2.8408
G2 X4.798 Y-3.8061 I-5.1842 J6.6811
X4.7983 Y-3.9859 I-0.6312 J-0.0909
X5.8558 Y-3.8514 I1.5931 J-8.3065
G3 X5.888 Y-3.843 I-0.0094 J0.1022
G2 X5.93 Y-3.8279 I0.1059 J-0.2274
G1 X5.9355 Y-3.827
X5.941 Y-3.8265
G2 X7.7466 Y-3.9241 I0.4493 J-8.4426
X8.1126 Y-3.5497 I0.6152 J-0.2354
X7.4851 Y-3.0387 I1.2877 J2.222
X6.3681 Y-2.8683 I-0.4598 J0.7321
G1 X6.3672 Y-2.8684
G2 X4.8197 Y-3.8179 I-5.1701 J6.6904
X4.8214 Y-3.9611 I-0.6471 J-0.0795
X5.941 Y-3.8265 I1.5681 J-8.3148
G3 X5.9733 Y-3.8184 I-0.0081 J0.1012
G2 X6.0154 Y-3.8036 I0.1039 J-0.2286
G1 X6.0209 Y-3.8028
X6.0265 Y-3.8024
G2 X7.7337 Y-3.9017 I0.3635 J-8.4695
X8.0691 Y-3.5471 I0.6298 J-0.2596
X7.4817 Y-3.0648 I1.3221 J2.2091
G1 X7.4805 Y-3.0647
G2 X6.3653 Y-2.8954 I-0.4556 J0.757
X4.8412 Y-3.8298 I-5.1818 J6.7412
X4.8434 Y-3.9363 I-0.6502 J-0.0666
G1 X4.844 Y-3.9366
G2 X6.0265 Y-3.8024 I1.5451 J-8.3361
G3 X6.0588 Y-3.7946 I-0.0077 J0.1036
G2 X6.1011 Y-3.7803 I0.1019 J-0.2309
G1 X6.1066 Y-3.7795
X6.1122 Y-3.7791
G2 X7.7213 Y-3.8795 I0.2778 J-8.4937
X8.0281 Y-3.5455 I0.6438 J-0.2835
X7.4773 Y-3.0897 I1.3645 J2.2098
X6.3633 Y-2.9229 I-0.4524 J0.7819
G1 X6.3623 Y-2.9226
G2 X4.8622 Y-3.8419 I-5.1655 J6.7448
X4.8647 Y-3.9124 I-0.7747 J-0.0624
X6.1122 Y-3.7791 I1.5274 J-8.3916
G3 X6.1446 Y-3.7716 I-0.0064 J0.1025
G2 X6.187 Y-3.7577 I0.0982 J-0.228
G1 X6.1926 Y-3.7571
X6.1981 Y-3.7567
G2 X7.7094 Y-3.8574 I0.1914 J-8.5231
X7.989 Y-3.5448 I0.6577 J-0.3071
X7.4736 Y-3.1152 I1.4107 J2.2164
X6.3605 Y-2.9492 I-0.4483 J0.8085
X4.8831 Y-3.8541 I-5.1647 J6.7735
G1 X4.8838 Y-3.8644
X4.8841 Y-3.8722
X4.8845 Y-3.8881
X4.8852 Y-3.8885
G2 X6.1981 Y-3.7567 I1.504 J-8.3806
G3 X6.2306 Y-3.7496 I-0.0056 J0.1037
G2 X6.2732 Y-3.7361 I0.0964 J-0.2302
G1 X6.2787 Y-3.7355
X6.2843 Y-3.7352
G2 X7.6975 Y-3.8353 I0.1056 J-8.5408
G1 X7.699 Y-3.8335
G2 X7.9522 Y-3.5447 I0.6624 J-0.3255
X7.4697 Y-3.1403 I1.4364 J2.2037
X6.5741 Y-3.1366 I-0.4444 J0.8356
X6.3586 Y-2.9758 I0.4601 J0.8413
X4.91 Y-3.8634 I-5.1682 J6.8095
G1 X4.9107 Y-3.8637
G2 X6.2843 Y-3.7352 I1.4779 J-8.3956
G3 X6.3169 Y-3.7285 I-0.0044 J0.1038
G2 X6.3596 Y-3.7155 I0.0959 J-0.2373
G1 X6.3651 Y-3.7149
X6.3706 Y-3.7146
G2 X7.6863 Y-3.8133 I0.0193 J-8.5602
X7.9163 Y-3.5451 I0.6854 J-0.3549
X7.4651 Y-3.1647 I1.4882 J2.2225
X6.3575 Y-3.0025 I-0.4402 J0.8571
G1 X6.3527 Y-3.0054
G2 X5.0413 Y-3.8209 I-5.1629 J6.8399
G1 X5.0422 Y-3.8213
G2 X6.3706 Y-3.7146 I1.347 J-8.4446
G3 X6.4033 Y-3.7081 I-0.0037 J0.1044
G2 X6.4461 Y-3.6956 I0.0913 J-0.2322
G1 X6.4517 Y-3.6951
X6.4572 Y-3.6949
G2 X7.6754 Y-3.7914 I-0.0666 J-8.5738
X7.8819 Y-3.546 I0.6948 J-0.375
X7.4609 Y-3.1892 I1.5227 J2.2237
X6.356 Y-3.0286 I-0.436 J0.8814
G1 X6.355
G2 X5.1597 Y-3.7827 I-5.1575 J6.8505
G1 X5.1613 Y-3.783
G2 X6.4572 Y-3.6948 I1.2284 J-8.4901
G3 X6.4899 Y-3.6887 I-0.0019 J0.1009
G2 X6.5329 Y-3.6765 I0.0891 J-0.2317
G1 X6.5384 Y-3.6761
X6.544 Y-3.676
G2 X7.665 Y-3.7696 I-0.1558 J-8.6264
X7.8487 Y-3.5474 I0.6945 J-0.3871
X7.4565 Y-3.2136 I1.5641 J2.2353
X6.3546 Y-3.0544 I-0.4316 J0.9056
G1 X6.3536 Y-3.0546
G2 X5.2692 Y-3.7473 I-5.1478 J6.8632
G1 X5.2706 Y-3.7477
G2 X6.544 Y-3.676 I1.1189 J-8.5219
G3 X6.5768 Y-3.6702 I-0.0011 J0.1025
G2 X6.6199 Y-3.6584 I0.0869 J-0.2333
G1 X6.6254 Y-3.658
X6.631
G2 X7.6544 Y-3.7478 I-0.242 J-8.632
X7.8161 Y-3.5493 I0.701 J-0.406
G1 X7.8159 Y-3.5486
G2 X7.4523 Y-3.2377 I1.5721 J2.2069
X6.3532 Y-3.0799 I-0.4273 J0.9305
X5.3713 Y-3.7144 I-5.1417 J6.8798
G1 X5.3727 Y-3.7148
G2 X6.631 Y-3.658 I1.0166 J-8.5504
G3 X6.6638 Y-3.6526 I-0.0002 J0.1038
G2 X6.707 Y-3.6413 I0.0861 J-0.2406
G1 X6.7125 Y-3.6409
X6.7181
G2 X7.6438 Y-3.7261 I-0.3245 J-8.5929
X7.7844 Y-3.5513 I0.7206 J-0.4356
G1 X7.7811 Y-3.5481
G2 X7.4477 Y-3.2616 I1.6148 J2.2167
X6.3524 Y-3.1054 I-0.4228 J0.9539
X5.467 Y-3.6836 I-5.1374 J6.9004
G1 X5.4678 Y-3.684
G2 X6.7181 Y-3.6408 I0.9215 J-8.5712
G3 X6.751 Y-3.6357 I0.0007 J0.1039
G2 X6.7943 Y-3.6249 I0.0833 J-0.2408
G1 X6.7998 Y-3.6246
X6.8054
G2 X7.6322 Y-3.7042 I-0.4104 J-8.5973
G1 X7.6341 Y-3.7039
G2 X7.7539 Y-3.5531 I0.7172 J-0.447
X7.4436 Y-3.2858 I1.651 J2.2303
X6.6205 Y-3.2913 I-0.4182 J0.9829
X6.3517 Y-3.131 I0.4111 J0.9947
X5.5584 Y-3.654 I-5.1618 J6.9657
G1 X5.5596 Y-3.6545
G2 X6.8054 Y-3.6246 I0.8299 J-8.6075
G3 X6.8383 Y-3.6197 I0.0018 J0.1022
G2 X6.8817 Y-3.6093 I0.0797 J-0.2357
G1 X6.8873 Y-3.6091
X6.8928 Y-3.6092
G2 X7.6235 Y-3.6827 I-0.5034 J-8.6648
X7.7236 Y-3.5555 I0.7677 J-0.5011
X7.4388 Y-3.3092 I1.6828 J2.2342
X6.3514 Y-3.1563 I-0.4135 J1.0026
X5.6451 Y-3.6261 I-5.238 J7.109
G1 X5.6457 Y-3.6265
G2 X6.8928 Y-3.6092 I0.7441 J-8.6588
G3 X6.9258 Y-3.6048 I0.0029 J0.1038
G2 X6.9694 Y-3.5947 I0.079 J-0.2441
G1 X6.9749 Y-3.5946
X6.9805 Y-3.5947
G2 X7.6144 Y-3.6611 I-0.602 J-8.8092
X7.694 Y-3.558 I0.7243 J-0.4773
X7.4339 Y-3.3326 I1.7144 J2.2403
X6.3512 Y-3.1815 I-0.4089 J1.0251
X5.7281 Y-3.5994 I-5.3082 J7.2405
X6.9805 Y-3.5946 I0.6602 J-8.7879
G3 X7.0135 Y-3.5905 I0.0042 J0.1028
G2 X7.0571 Y-3.581 I0.0751 J-0.2396
G1 X7.0627 Y-3.5809
X7.0682 Y-3.5811
G2 X7.6042 Y-3.6396 I-0.6623 J-8.5539
X7.6648 Y-3.5607 I0.9465 J-0.6654
X7.4292 Y-3.3558 I1.7313 J2.2288
X6.3512 Y-3.2066 I-0.4042 J1.0481
G1 X6.3502
G2 X5.808 Y-3.5737 I-5.2318 J7.1431
X7.0683 Y-3.581 I0.5793 J-8.7931
G3 X7.1013 Y-3.5773 I0.0055 J0.1006
G2 X7.145 Y-3.5681 I0.0726 J-0.2375
G1 X7.1506
X7.1561 Y-3.5683
G2 X7.5954 Y-3.618 I-0.7866 J-8.9253
X7.6362 Y-3.564 I0.6654 J-0.4607
X7.4243 Y-3.3791 I1.8692 J2.3543
X6.3508 Y-3.2311 I-0.3994 J1.0713
X5.8849 Y-3.5488 I-5.2924 J7.2621
G1 X5.8856 Y-3.5492
G2 X7.1561 Y-3.5683 I0.5044 J-8.7093
G3 X7.1892 Y-3.5648 I0.0059 J0.1024
G2 X7.233 Y-3.556 I0.0709 J-0.2405
G1 X7.2385
X7.2441 Y-3.5563
G2 X7.5858 Y-3.5966 I-0.8754 J-8.894
G3 X7.6077 Y-3.5667 I-1.1573 J0.8727
G2 X7.4195 Y-3.4021 I1.8055 J2.2542
X6.3508 Y-3.2558 I-0.3946 J1.094
X5.9589 Y-3.5249 I-5.1898 J7.1352
X7.2441 Y-3.5563 I0.4274 J-8.8339
G3 X7.2772 Y-3.5532 I0.0073 J0.1014
G2 X7.3211 Y-3.545 I0.0692 J-0.2474
G1 X7.3267
X7.3322 Y-3.5454
G2 X7.5761 Y-3.5751 I-0.9231 J-8.5712
G1 X7.58 Y-3.571
X7.5804 Y-3.5703
G2 X7.4146 Y-3.425 I1.8416 J2.2671
X6.3507 Y-3.2802 I-0.3898 J1.117
X6.0316 Y-3.5013 I-4.836 J6.6412
G1 X6.0326 Y-3.5019
G2 X7.3322 Y-3.5453 I0.3575 J-8.7637
G3 X7.3654 Y-3.5425 I0.0077 J0.1047
G2 X7.4094 Y-3.5347 I0.0659 J-0.2437
G1 X7.4149 Y-3.5348
X7.4205 Y-3.5352
X7.4794 Y-3.5423
X7.5181 Y-3.5473
X7.521 Y-3.5471
G2 X7.4098 Y-3.4479 I1.9501 J2.2982
X7.1339 Y-3.5061 I-0.3853 J1.1431
X7.4205 Y-3.5352 I-0.7449 J-8.7494
G3 X7.4287 Y-3.5249 I-0.0025 J0.0104
X7.4169 Y-3.4838 I-0.0594 J0.0053
G1 X7.4157 Y-3.4816
X7.4141 Y-3.4797
X7.4107 Y-3.476
X7.4049 Y-3.4707
G2 X7.2956 Y-3.5007 I-0.4045 J1.2579
G1 X7.3014 Y-3.5019
G2 X7.4572 Y-3.5195 I-0.8042 J-7.8368
G1 X7.4582 Y-3.5191
X7.4376 Y-3.5007
X7.4175 Y-3.4823
X7.4107 Y-3.476
X7.4083 Y-3.4738 Z0.3772
X7.406 Y-3.4717 Z0.378
X7.4038 Y-3.4696 Z0.3794
X7.4019 Y-3.4678 Z0.3813
X7.4002 Y-3.4662 Z0.3836
X7.3988 Y-3.4649 Z0.3863
X7.3978 Y-3.464 Z0.3892
X7.3972 Y-3.4634 Z0.3924
X7.397 Y-3.4632 Z0.3956
G0 Z0.7
X6.7804 Y-3.486
Z0.4569
G1 Z0.3956 F200.
X6.7801 Y-3.4859 Z0.3924 F50.
X6.7793 Y-3.4858 Z0.3892
X6.7779 Y-3.4855 Z0.3863
X6.7761 Y-3.485 Z0.3836
X6.7738 Y-3.4845 Z0.3813
X6.7712 Y-3.484 Z0.3794
X6.7683 Y-3.4833 Z0.378
X6.7653 Y-3.4826 Z0.3772
X6.7621 Y-3.4819 Z0.3769
G2 X6.3511 Y-3.3047 I0.2607 J1.1694
X6.1015 Y-3.4788 I-4.9065 J6.7681
G1 X6.1022 Y-3.4793
G2 X6.7598 Y-3.4824 I0.2873 J-8.7791
G1 X6.7621 Y-3.4819
G3 X6.6688 Y-3.4675 I-0.2012 J-0.994
G2 X6.5775 Y-3.4466 I0.0494 J0.4254
X6.3517 Y-3.3291 I0.4607 J1.161
X6.1692 Y-3.457 I-4.7393 J6.5676
G1 X6.17 Y-3.4573
X6.2182 Y-3.4562
X6.2647 Y-3.4555
X6.3188 Y-3.4548
X6.3575 Y-3.4547
X6.3807 Y-3.4546
X6.4271 Y-3.4547
X6.4813 Y-3.4551
X6.5277 Y-3.4557
X6.5664 Y-3.4564
X6.6051 Y-3.4573
Y-3.4567
X6.5896 Y-3.451
X6.5775 Y-3.4464
G3 X6.5182 Y-3.4346 I-0.0776 J-0.2358
G2 X6.4731 Y-3.4221 I0.0228 J0.1698
X6.3519 Y-3.3534 I0.6623 J1.3087
G1 X6.3266 Y-3.3717
X6.2492 Y-3.4262
X6.2356 Y-3.4357
G2 X6.5002 Y-3.4352 I0.1543 J-11.6704
G1 X6.489 Y-3.4297
X6.4732 Y-3.422
G3 X6.4246 Y-3.4102 I-0.0608 J-0.1443
G2 X6.3877 Y-3.3985 I0.0134 J0.1064
G3 X6.3527 Y-3.3776 I-1.337 J-2.2068
G1 X6.3343 Y-3.3907
X6.3003 Y-3.4147
G3 X6.4157 Y-3.4145 I0.0394 J9.5839
G1 X6.4039 Y-3.4078
X6.3877 Y-3.3985
X6.3849 Y-3.3968 Z0.3772
X6.3822 Y-3.3952 Z0.378
X6.3797 Y-3.3937 Z0.3794
X6.3774 Y-3.3924 Z0.3813
X6.3754 Y-3.3912 Z0.3836
X6.3737 Y-3.3903 Z0.3863
X6.3726 Y-3.3896 Z0.3892
X6.3718 Y-3.3891 Z0.3924
X6.3716 Y-3.389 Z0.3956
G0 Z0.7
X4.8169 Y-1.9594
Z0.575
G1 Z0.5137 F200.
X4.8171 Y-1.9592 Z0.5105 F50.
X4.8176 Y-1.9585 Z0.5073
X4.8185 Y-1.9575 Z0.5044
X4.8197 Y-1.956 Z0.5017
X4.8212 Y-1.9543 Z0.4994
X4.823 Y-1.9522 Z0.4975
X4.8249 Y-1.95 Z0.4961
X4.8269 Y-1.9476 Z0.4953
X4.829 Y-1.9451 Z0.495
X4.8422 Y-1.9296
G2 X6.1718 Y-1.118 I1.7617 J-1.3911
G3 X6.3921 Y-0.8229 I-0.0546 J0.2705
G2 X6.4046 Y-0.6604 I0.5652 J0.0386
G3 X6.1486 Y-0.3298 I-0.2699 J0.0554
X6.0403 Y-0.3269 I-0.096 J-1.5591
X5.7836 Y-0.5598 I0.0161 J-0.2756
G2 X5.7733 Y-0.6294 I-0.5279 J0.0429
X5.1235 Y-0.6914 I-0.3353 J0.0787
G1 X5.1105 Y-0.6604
G3 X4.8024 Y-0.5016 I-0.2521 J-0.1108
G2 X1.7695 Y-0.579 I-1.721 J7.9755
G3 X1.572 Y-0.8616 I-0.0203 J-0.1962
G2 X1.6032 Y-1.0628 I-0.3156 J-0.152
G3 X1.7803 Y-1.3413 I0.2757 J-0.0203
G2 X3.3708 Y-2.2194 I-3.1357 J-7.5596
G3 X3.7424 Y-2.1447 I0.1462 J0.2346
G2 X4.4697 Y-1.987 I0.4498 J-0.3186
G3 X4.5548 Y-2.0255 I0.1696 J0.2618
X4.829 Y-1.9451 I0.0706 J0.2672
G1 X4.8324 Y-1.9407
X4.8355 Y-1.9361
X4.8382 Y-1.9312
X4.8407 Y-1.9262 Z0.4949
X4.8429 Y-1.9211
X4.845 Y-1.9159 Z0.4948
X4.8488 Y-1.9053 Z0.4945
X4.8527 Y-1.8948 Z0.494
X4.8548 Y-1.8896 Z0.4937
X4.857 Y-1.8845 Z0.4935
X4.8595 Y-1.8795 Z0.4932
X4.8622 Y-1.8747 Z0.493
X4.8653 Y-1.87 Z0.4929
X4.8687 Y-1.8656
G2 X4.9881 Y-1.7341 I1.6804 J-1.4046
G1 X5.0249 Y-1.6974
X5.0656 Y-1.6588
X5.0741 Y-1.651
X5.1118 Y-1.6172
X5.1196 Y-1.6105
G2 X5.2201 Y-1.5282 I1.4073 J-1.6172
G1 X5.2519 Y-1.504
G2 X5.4445 Y-1.3754 I1.3628 J-1.8332
G1 X5.4523 Y-1.3708
X5.4987 Y-1.3441
X5.5064 Y-1.3398
X5.5529 Y-1.3148
X5.6071 Y-1.2873
X5.656 Y-1.2641
G2 X5.9861 Y-1.1421 I0.9432 J-2.0454
G1 X5.9939 Y-1.1398
X6.0506 Y-1.1247
X6.1022 Y-1.1125
X6.1165 Y-1.1093
X6.1641 Y-1.0992
X6.1796 Y-1.0957
X6.1873 Y-1.0936
X6.195 Y-1.0913
X6.2028 Y-1.0888
X6.2182 Y-1.0828
X6.2278 Y-1.0783
X6.2337 Y-1.0754
X6.2415 Y-1.0713
X6.2492 Y-1.0668
X6.2557 Y-1.0628
G3 X6.3034 Y-1.0233 I-0.1359 J0.2122
G1 X6.3097 Y-1.0164 Z0.4928
X6.3111 Y-1.0148 Z0.4929
X6.3188 Y-1.0054
X6.3222 Y-1.0009 Z0.4928
X6.3278 Y-0.9932 Z0.4929
X6.333 Y-0.9854
X6.3377 Y-0.9777
X6.3421 Y-0.97
X6.3461 Y-0.9622
X6.35 Y-0.9545
X6.3564 Y-0.939
X6.3592 Y-0.9313
X6.3618 Y-0.9235
X6.364 Y-0.9158
X6.366 Y-0.908
X6.3678 Y-0.9003
X6.3692 Y-0.8926
X6.3706 Y-0.8848
X6.3715 Y-0.8771
X6.3723 Y-0.8694
X6.3729 Y-0.8616
X6.3734 Y-0.8461
X6.3724 Y-0.8229
X6.3711 Y-0.7997
X6.371 Y-0.7765
X6.3711 Y-0.7687
X6.3722 Y-0.7455
X6.373 Y-0.7362
X6.3743 Y-0.7223
X6.3752 Y-0.7146
X6.3784 Y-0.6914
X6.3798 Y-0.6836
G3 X6.3898 Y-0.6217 I-0.4709 J0.1085
G1 X6.3901 Y-0.614
X6.3903 Y-0.6062
X6.3902 Y-0.5985
X6.3898 Y-0.5907
X6.3894 Y-0.583
X6.3885 Y-0.5751
X6.3875 Y-0.5675 Z0.4928
X6.3862 Y-0.5598 Z0.4929
X6.3847 Y-0.552 Z0.4928
X6.3829 Y-0.5443 Z0.4929
X6.3807 Y-0.536
X6.3787 Y-0.5288
X6.3761 Y-0.5211
X6.373 Y-0.5126
X6.3702 Y-0.5056
X6.3652 Y-0.4948
X6.3631 Y-0.4901
X6.3575 Y-0.4799 Z0.4928
X6.3545 Y-0.4747 Z0.4929
X6.3497 Y-0.4669 Z0.4928
X6.342 Y-0.4556 Z0.4929
X6.3343 Y-0.4454
X6.333 Y-0.4437
X6.3263 Y-0.436 Z0.4928
X6.3188 Y-0.4277 Z0.4929
X6.3111 Y-0.4201 Z0.4928
X6.3031 Y-0.4127 Z0.4929
X6.2938 Y-0.405
X6.2879 Y-0.4004
X6.2835 Y-0.3973 Z0.4928
X6.2801 Y-0.3949 Z0.4929
X6.2722 Y-0.3895
X6.2647 Y-0.385
X6.2569 Y-0.3806
X6.2492 Y-0.3766
X6.2415 Y-0.3727
X6.2337 Y-0.3694
X6.226 Y-0.3663
X6.2182 Y-0.3635
X6.2105 Y-0.361
X6.2025 Y-0.3586
X6.1873 Y-0.3548
X6.1796 Y-0.3534
X6.1718 Y-0.3522
X6.1641 Y-0.3511 Z0.4928
X6.1614 Y-0.3508 Z0.4929
X6.1486 Y-0.3497
X6.1331 Y-0.349
X6.1022 Y-0.3477
X6.0635 Y-0.3466
X6.048 Y-0.3467
X6.0403 Y-0.347
X6.0248 Y-0.3485 Z0.4928
X6.0171 Y-0.3496 Z0.4929
X6.0093 Y-0.3509
X6.0016 Y-0.3524
X5.9939 Y-0.3543
X5.9861 Y-0.3563
X5.9784 Y-0.3587
X5.9707 Y-0.3612
X5.9629 Y-0.3641
X5.9552 Y-0.3673 Z0.4928
X5.9474 Y-0.3707 Z0.4929
X5.9397 Y-0.3746 Z0.4928
X5.932 Y-0.3786 Z0.4929
X5.9242 Y-0.3832 Z0.4928
X5.9165 Y-0.388 Z0.4929
X5.9141 Y-0.3895
X5.9088 Y-0.3933 Z0.4928
X5.901 Y-0.3988 Z0.4929
X5.8933 Y-0.4051 Z0.4928
X5.8856 Y-0.4115 Z0.4929
X5.8842 Y-0.4127
X5.8762 Y-0.4205 Z0.4928
X5.8701 Y-0.4266 Z0.4929
X5.8618 Y-0.436
X5.8554 Y-0.4437
X5.8469 Y-0.4549
X5.8391 Y-0.4668
X5.8344 Y-0.4747 Z0.4928
X5.8301 Y-0.4824 Z0.4929
X5.8261 Y-0.4901
X5.8191 Y-0.5056
X5.8135 Y-0.5211
X5.8111 Y-0.5288
X5.8082 Y-0.5392
X5.8069 Y-0.5443 Z0.4928
X5.8053 Y-0.552 Z0.4929
X5.8038 Y-0.5598
X5.8027 Y-0.5675
X5.799 Y-0.5985
X5.7979 Y-0.6062
X5.7966 Y-0.614
X5.7952 Y-0.6217
X5.7936 Y-0.6294
X5.7927 Y-0.6334
X5.7898 Y-0.6449
X5.7877 Y-0.6527
X5.785 Y-0.6612
X5.7801 Y-0.6759
X5.777 Y-0.6836
X5.7707 Y-0.6991
X5.7618 Y-0.7175
X5.7593 Y-0.7223
X5.754 Y-0.7317
X5.7505 Y-0.7378
X5.7463 Y-0.7448
X5.7385 Y-0.7564
X5.7354 Y-0.761
X5.7308 Y-0.7674
X5.7231 Y-0.7774
X5.7176 Y-0.7842
X5.7076 Y-0.7956
X5.7039 Y-0.7997
X5.6964 Y-0.8074
X5.6885 Y-0.8152
X5.6844 Y-0.819
X5.6801 Y-0.8229
X5.6689 Y-0.8325
X5.6612 Y-0.8386
X5.6512 Y-0.8461
X5.6457 Y-0.85
X5.638 Y-0.8552
X5.628 Y-0.8616
X5.6225 Y-0.8649
X5.607 Y-0.8735
X5.5993 Y-0.8774
X5.5835 Y-0.8848
X5.5683 Y-0.8909
X5.5606 Y-0.8939
X5.5451 Y-0.8989
X5.5374 Y-0.9013
X5.5296 Y-0.9033
X5.5219 Y-0.9052
X5.5142 Y-0.907
X5.5094 Y-0.908
X5.4987 Y-0.9099
X5.491 Y-0.9112
X5.4832 Y-0.9123
X5.4678 Y-0.9139
X5.46 Y-0.9144
X5.4445 Y-0.915
X5.4368 Y-0.9151
X5.4213 Y-0.9147
X5.4136 Y-0.9143
X5.3981 Y-0.9129
X5.3904 Y-0.912
X5.3749 Y-0.9096
X5.3667 Y-0.908
X5.3594 Y-0.9065
X5.3517 Y-0.9047
X5.344 Y-0.9028
X5.3353 Y-0.9003
X5.3207 Y-0.8958
X5.3119 Y-0.8926
X5.2975 Y-0.8871
X5.2821 Y-0.88
X5.2743 Y-0.8764
X5.2666 Y-0.8722
X5.2589 Y-0.868
X5.2511 Y-0.8636
X5.2356 Y-0.8538
X5.2279 Y-0.8484
X5.2143 Y-0.8384
X5.2047 Y-0.8306
G2 X5.1582 Y-0.7842 I0.2274 J0.2747
G1 X5.1461 Y-0.7687
X5.1428 Y-0.7644
X5.1351 Y-0.7531
X5.1301 Y-0.7455
X5.1254 Y-0.7378
X5.1196 Y-0.7279
X5.1165 Y-0.7223
X5.1088 Y-0.7068
X5.1052 Y-0.6991
X5.0921 Y-0.6681
X5.0886 Y-0.6604
X5.0809 Y-0.6456
X5.0732 Y-0.6329
X5.071 Y-0.6294
X5.0654 Y-0.6216
X5.0597 Y-0.614 Z0.4928
X5.0577 Y-0.6114 Z0.4929
X5.05 Y-0.6022
X5.0466 Y-0.5985 Z0.4928
X5.0391 Y-0.5907 Z0.4929
X5.0345 Y-0.5862 Z0.4928
X5.0311 Y-0.583 Z0.4929
X5.0223 Y-0.5753
X5.019 Y-0.5726 Z0.4928
X5.0113 Y-0.5666 Z0.4929
X5.0035 Y-0.561
X4.9958 Y-0.556
X4.9881 Y-0.5511 Z0.4928
X4.9756 Y-0.5443 Z0.4929
X4.9726 Y-0.5427
X4.9571 Y-0.5356
X4.9494 Y-0.5326
X4.939 Y-0.5288
X4.9339 Y-0.5272
X4.9262 Y-0.525
X4.9184 Y-0.5229 Z0.4928
X4.9099 Y-0.5211 Z0.4929
X4.9029 Y-0.5197
X4.8952 Y-0.5185
X4.8875 Y-0.5175
X4.8797 Y-0.5167
X4.8643 Y-0.5158
X4.8565
X4.8488 Y-0.516
X4.8411 Y-0.5163
X4.8256 Y-0.5179
X4.8178 Y-0.519
X4.8063 Y-0.5211
X4.7792 Y-0.5267
X4.694 Y-0.5444
X4.5857 Y-0.5654
G2 X1.7849 Y-0.6015 I-1.504 J8.0304
G1 X1.7772 Y-0.6004
X1.7695 Y-0.5994
X1.7608 Y-0.5985
X1.7462 Y-0.5981
X1.7385 Y-0.5985
X1.7308 Y-0.599 Z0.4928
X1.723 Y-0.6001 Z0.4929
X1.7153 Y-0.6014 Z0.4928
X1.7076 Y-0.603 Z0.4929
X1.6998 Y-0.6051 Z0.4928
X1.6959 Y-0.6062 Z0.4929
X1.6843 Y-0.6102
G3 X1.6483 Y-0.6294 I0.0677 J-0.1704
G1 X1.6457 Y-0.6313 Z0.4928
X1.6379 Y-0.6372 Z0.4929
X1.6302 Y-0.6438
X1.6224 Y-0.6511
X1.6209 Y-0.6527
X1.6141 Y-0.6604
X1.6079 Y-0.6681
X1.6024 Y-0.6759 Z0.4928
X1.5992 Y-0.6806 Z0.4929
G3 X1.5856 Y-0.7068 I0.1422 J-0.0906
G1 X1.5826 Y-0.7146
X1.58 Y-0.7223
X1.5778 Y-0.73 Z0.4928
X1.5759 Y-0.7378 Z0.4929
X1.5744 Y-0.7455
X1.5733 Y-0.7533
G3 X1.5722 Y-0.7842 I0.1598 J-0.0212
G1 X1.5727 Y-0.792
X1.5737 Y-0.7997
X1.575 Y-0.8074 Z0.4928
X1.576 Y-0.8128 Z0.4929
X1.5785 Y-0.8229 Z0.4928
X1.581 Y-0.8307 Z0.4929
X1.5838 Y-0.8388
X1.5915 Y-0.8565
X1.5972 Y-0.8694
X1.6004 Y-0.8771
X1.6063 Y-0.8926
X1.607 Y-0.8946
X1.6111 Y-0.908
X1.6134 Y-0.9158
X1.6147 Y-0.9205
X1.619 Y-0.939
X1.6204 Y-0.9467
X1.6224 Y-0.9585
X1.623 Y-0.9622
X1.6239 Y-0.97
X1.6255 Y-0.9854
X1.6262 Y-1.0009
X1.6265 Y-1.0087
X1.6262 Y-1.0241
X1.6259 Y-1.0319
X1.6228 Y-1.0706
X1.6226 Y-1.0783
Y-1.0938
X1.6238 Y-1.1093 Z0.4928
X1.6247 Y-1.117 Z0.4929
X1.6259 Y-1.1247 Z0.4928
X1.6272 Y-1.1325 Z0.4929
X1.6302 Y-1.1457 Z0.4928
X1.6307 Y-1.148 Z0.4929
X1.6329 Y-1.1557
X1.6353 Y-1.1634 Z0.4928
X1.638 Y-1.1712 Z0.4929
X1.641 Y-1.1789 Z0.4928
X1.6441 Y-1.1867 Z0.4929
X1.6478 Y-1.1944 Z0.4928
X1.6517 Y-1.2021 Z0.4929
X1.6559 Y-1.2099
X1.6611 Y-1.2187
X1.6654 Y-1.2254
X1.6708 Y-1.2331
X1.6766 Y-1.2408
X1.6843 Y-1.2503
X1.6898 Y-1.2563 Z0.4928
X1.6971 Y-1.2641 Z0.4929
X1.6998 Y-1.2668
X1.7076 Y-1.2739
X1.7138 Y-1.2795
X1.7238 Y-1.2873
X1.7308 Y-1.2924 Z0.4928
X1.7345 Y-1.295 Z0.4929
X1.7465 Y-1.3027
X1.7617 Y-1.3112
X1.7695 Y-1.3149
X1.7772 Y-1.3184
X1.7849 Y-1.3218
X1.8865 Y-1.3647
X1.9861 Y-1.4083
X2.0557 Y-1.4399
X2.0945 Y-1.4575 Z0.4928
X2.1872 Y-1.5012 Z0.4929
X2.2027 Y-1.5087 Z0.4928
X2.2801 Y-1.5465 Z0.4929
X2.2956 Y-1.554 Z0.4928
X2.3729 Y-1.5931 Z0.4929
X2.3961 Y-1.6049 Z0.4928
X2.4696 Y-1.6433 Z0.4929
X2.4992 Y-1.6588 Z0.4928
X2.5664 Y-1.6951 Z0.4929
X2.5993 Y-1.7129 Z0.4928
X2.6592 Y-1.7464 Z0.4929
X2.6979 Y-1.7681 Z0.4928
X2.7521 Y-1.7993 Z0.4929
X2.7985 Y-1.8262 Z0.4928
X2.8449 Y-1.8539 Z0.4929
X2.894 Y-1.8832 Z0.4928
X2.9455 Y-1.9149 Z0.4929
X2.9945 Y-1.9451 Z0.4928
X3.0461 Y-1.9778 Z0.4929
X3.0847 Y-2.0024 Z0.4928
X3.1157 Y-2.0226 Z0.4929
X3.1776 Y-2.0631
X3.1864 Y-2.0689
X3.2782 Y-2.1309
X3.3672 Y-2.1928
X3.3789 Y-2.2005
X3.3865 Y-2.2052 Z0.4928
X3.3942 Y-2.2096 Z0.4929
G3 X3.4484 Y-2.2318 I0.1196 J0.2153
G1 X3.4561 Y-2.2338 Z0.4928
X3.4639 Y-2.2356 Z0.4929
X3.4716 Y-2.2372
X3.4793 Y-2.2384
X3.4871 Y-2.2394
X3.4948 Y-2.2403
X3.5025 Y-2.2408
G3 X3.5335 I0.0155 J0.2603
G1 X3.5498 Y-2.2392
X3.5567 Y-2.2382
X3.5644 Y-2.2368
X3.5722 Y-2.2353
X3.5877 Y-2.2314
X3.5954 Y-2.229
G3 X3.6341 Y-2.213 I-0.0734 J0.2323
G1 X3.6418 Y-2.2089
X3.6573 Y-2.1996
X3.667 Y-2.1928
X3.6728 Y-2.1885 Z0.4928
X3.6772 Y-2.185 Z0.4929
X3.6865 Y-2.1773
X3.6882 Y-2.1757 Z0.4928
X3.696 Y-2.1683 Z0.4929
X3.7025 Y-2.1618
X3.7114 Y-2.1519
X3.7161 Y-2.1463
X3.7279 Y-2.1308
X3.7424 Y-2.1115
X3.7501 Y-2.102
X3.7583 Y-2.0921
X3.7656 Y-2.0837
X3.7811 Y-2.067
X3.7867 Y-2.0612
X3.8043 Y-2.0442
X3.812 Y-2.0373
X3.8291 Y-2.0225
X3.8389 Y-2.0148
X3.8507 Y-2.0056
X3.8594 Y-1.9993
X3.8739 Y-1.9892
X3.8821 Y-1.9838
X3.8971 Y-1.9745
X3.9049 Y-1.9698
X3.9126 Y-1.9654
X3.9281 Y-1.957
X3.9361 Y-1.9528 Z0.4928
X3.9524 Y-1.9451 Z0.4929
X3.959 Y-1.942 Z0.4928
X3.9668 Y-1.9386 Z0.4929
X3.9822 Y-1.9323
X3.99 Y-1.9292 Z0.4928
X4.0107 Y-1.9219 Z0.4929
X4.0209 Y-1.9185 Z0.4928
X4.0364 Y-1.914 Z0.4929
X4.0441 Y-1.9117 Z0.4928
X4.0519 Y-1.9097
X4.0673 Y-1.9061 Z0.4929
X4.0751 Y-1.9043 Z0.4928
X4.0828 Y-1.9028 Z0.4929
X4.0983 Y-1.9001
X4.1067 Y-1.8987
X4.1138 Y-1.8977
X4.1292 Y-1.8958
X4.137 Y-1.8949 Z0.4928
X4.1447 Y-1.8942 Z0.4929
X4.1602 Y-1.8932
X4.1679 Y-1.8927 Z0.4928
X4.1757 Y-1.8925 Z0.4929
X4.1989 Y-1.8922 Z0.4928
X4.2144 Y-1.8927 Z0.4929
X4.2298 Y-1.8934 Z0.4928
X4.2376 Y-1.894 Z0.4929
X4.2608 Y-1.8963
X4.2685 Y-1.8974
X4.284 Y-1.8997
X4.2917 Y-1.9009
X4.2995 Y-1.9024
X4.319 Y-1.9064 Z0.4928
X4.3304 Y-1.9092 Z0.4929
X4.3492 Y-1.9141 Z0.4928
X4.3536 Y-1.9154 Z0.4929
X4.3768 Y-1.9229
X4.3846 Y-1.9256
X4.4078 Y-1.9344
X4.4155 Y-1.9377
X4.4322 Y-1.9451
X4.4387 Y-1.9481
X4.4633 Y-1.9606
X4.4774 Y-1.9686
X4.5006 Y-1.982
X4.5084 Y-1.9862
X4.5238 Y-1.9936
X4.5393 Y-1.9997
X4.547 Y-2.0023
X4.5548 Y-2.0046
X4.5635 Y-2.007
X4.578 Y-2.0102 Z0.4928
X4.5857 Y-2.0115 Z0.4929
X4.5935 Y-2.0127
X4.6012 Y-2.0135
X4.6089 Y-2.0141
X4.6167 Y-2.0146
X4.6322 Y-2.0147
X4.6399 Y-2.0143
X4.6476 Y-2.0137
X4.6554 Y-2.013
X4.6708 Y-2.0107
X4.6881 Y-2.007
X4.7018 Y-2.0031
X4.7095 Y-2.0005
X4.7173 Y-1.9977
X4.725 Y-1.9947
X4.7405 Y-1.9875
X4.7482 Y-1.9833
X4.7559 Y-1.979 Z0.4928
X4.7607 Y-1.9761 Z0.4929
X4.7725 Y-1.9683
X4.7829 Y-1.9606
X4.7869 Y-1.9574 Z0.4928
X4.7923 Y-1.9528 Z0.4929
X4.801 Y-1.9451
X4.8101 Y-1.936
X4.8161 Y-1.9296
X4.8256 Y-1.9185
X4.8643 Y-1.8709
X4.8687 Y-1.8656
X4.8722 Y-1.8613 Z0.4928
X4.8753 Y-1.8567 Z0.4927
X4.8781 Y-1.8519 Z0.4925
X4.8807 Y-1.847 Z0.4922
X4.8832 Y-1.842 Z0.4918
X4.8854 Y-1.8369 Z0.4914
X4.8898 Y-1.8267 Z0.4903
X4.8941 Y-1.8164 Z0.4892
X4.8964 Y-1.8114 Z0.4885
X4.8989 Y-1.8064 Z0.4879
X4.9016 Y-1.8016 Z0.4874
X4.9045 Y-1.7969 Z0.487
X4.9077 Y-1.7924 Z0.4867
X4.9113 Y-1.7881 Z0.4866
X4.9262 Y-1.7716
X4.9416 Y-1.7552
X4.9671 Y-1.7284
X4.9747 Y-1.7207
X5.0113 Y-1.6842
X5.0345 Y-1.6621
X5.0544 Y-1.6433
X5.0732 Y-1.6263
X5.0974 Y-1.6046
X5.1063 Y-1.5968
X5.1428 Y-1.5658
X5.1521 Y-1.5581
X5.1904 Y-1.5272
X5.2047 Y-1.5161
X5.2409 Y-1.4885
X5.2836 Y-1.4575
X5.2946 Y-1.4498
X5.3362 Y-1.4213
X5.344 Y-1.4162
X5.3826 Y-1.3912
X5.3904 Y-1.3863
X5.4384 Y-1.3569
X5.4755 Y-1.3356
X5.4923 Y-1.326
X5.5142 Y-1.3141
X5.5374 Y-1.3015
X5.5451 Y-1.2974
X5.5956 Y-1.2718
X5.5993 Y-1.27
X5.6457 Y-1.2479
X5.6534 Y-1.2443
X5.6999 Y-1.2237
X5.7076 Y-1.2204
X5.7618 Y-1.1981
X5.8159 Y-1.1774
G2 X5.9257 Y-1.1402 I0.8506 J-2.3303
G1 X5.932 Y-1.1382
X5.9784 Y-1.1246
X5.9861 Y-1.1223
X6.0016 Y-1.1181
X6.048 Y-1.1058
X6.1022 Y-1.093
X6.1177 Y-1.0896
X6.1563 Y-1.0815
X6.1705 Y-1.0783
X6.1796 Y-1.0761 Z0.4865
X6.1873 Y-1.0738 Z0.4866
X6.195 Y-1.0714 Z0.4865
X6.1973 Y-1.0706
X6.2105 Y-1.0654 Z0.4866
X6.2182 Y-1.0619
X6.226 Y-1.0581 Z0.4865
X6.2316 Y-1.0551 Z0.4866
X6.2415 Y-1.0493 Z0.4865
X6.2447 Y-1.0474
X6.2569 Y-1.0391
X6.2662 Y-1.0319 Z0.4866
X6.2724 Y-1.0267 Z0.4865
X6.2801 Y-1.0197 Z0.4866
X6.2836 Y-1.0164 Z0.4865
X6.2879 Y-1.012 Z0.4866
X6.2956 Y-1.0037 Z0.4865
X6.3043 Y-0.9932 Z0.4866
X6.3111 Y-0.9839
X6.3154 Y-0.9777 Z0.4865
X6.3188 Y-0.9722 Z0.4866
X6.3247 Y-0.9622 Z0.4865
X6.3287 Y-0.9545 Z0.4866
X6.3326 Y-0.9467 Z0.4865
X6.3359 Y-0.939 Z0.4866
X6.339 Y-0.9313 Z0.4865
X6.342 Y-0.9227 Z0.4866
X6.3443 Y-0.9158 Z0.4865
X6.3464 Y-0.908 Z0.4866
X6.3483 Y-0.9003 Z0.4865
X6.3499 Y-0.8926 Z0.4866
X6.3513 Y-0.8848
X6.3524 Y-0.8771
X6.3533 Y-0.8694
X6.3538 Y-0.8616 Z0.4865
X6.3544 Y-0.8461 Z0.4866
X6.3533 Y-0.8229
X6.3521 Y-0.7997
X6.352 Y-0.7765
X6.3521 Y-0.7687
X6.3532 Y-0.7455
X6.3538 Y-0.7378
X6.3552 Y-0.7223
X6.3561 Y-0.7146
X6.3575 Y-0.7036
X6.3593 Y-0.6914
X6.3605 Y-0.6836
X6.3635 Y-0.6681
X6.3664 Y-0.6527
X6.3679 Y-0.6449
X6.3691 Y-0.6372 Z0.4865
X6.37 Y-0.6294 Z0.4866
X6.3707 Y-0.6217 Z0.4865
X6.3711 Y-0.614 Z0.4866
X6.3713 Y-0.6062 Z0.4865
X6.3712 Y-0.5985 Z0.4866
X6.3708 Y-0.5907 Z0.4865
X6.3703 Y-0.583 Z0.4866
X6.3694 Y-0.5753
X6.3683 Y-0.5675 Z0.4865
X6.3669 Y-0.5598 Z0.4866
X6.3652 Y-0.552 Z0.4865
X6.3633 Y-0.5443 Z0.4866
X6.3612 Y-0.5366 Z0.4865
X6.3587 Y-0.5288 Z0.4866
X6.3559 Y-0.5211 Z0.4865
X6.3528 Y-0.5133 Z0.4866
X6.3493 Y-0.5056 Z0.4865
X6.3457 Y-0.4979 Z0.4866
X6.3415 Y-0.4901 Z0.4865
X6.337 Y-0.4824 Z0.4866
X6.3343 Y-0.4781 Z0.4865
X6.332 Y-0.4747
X6.3266 Y-0.4666 Z0.4866
X6.321 Y-0.4592 Z0.4865
X6.3188 Y-0.4564 Z0.4866
X6.3111 Y-0.4474 Z0.4865
X6.3077 Y-0.4437 Z0.4866
X6.3034 Y-0.4391
X6.3002 Y-0.436 Z0.4865
X6.2919 Y-0.4282 Z0.4866
X6.2879 Y-0.4247 Z0.4865
X6.2801 Y-0.4184 Z0.4866
X6.2724 Y-0.4127 Z0.4865
X6.2647 Y-0.4073 Z0.4866
X6.2611 Y-0.405
X6.2569 Y-0.4025 Z0.4865
X6.2479 Y-0.3973 Z0.4866
X6.2415 Y-0.3939 Z0.4865
X6.2337 Y-0.3901 Z0.4866
X6.226 Y-0.3868 Z0.4865
X6.2182 Y-0.3837 Z0.4866
X6.2132 Y-0.3818 Z0.4865
X6.2028 Y-0.3785 Z0.4866
X6.195 Y-0.3763 Z0.4865
X6.1859 Y-0.374 Z0.4866
X6.1796 Y-0.3727 Z0.4865
X6.1718 Y-0.3714 Z0.4866
X6.1641 Y-0.3703 Z0.4865
X6.1563 Y-0.3694 Z0.4866
X6.1486 Y-0.3688
X6.1409 Y-0.3683
X6.1022 Y-0.3667
X6.0635 Y-0.3656
X6.048 Y-0.3657 Z0.4865
X6.0403 Y-0.3661 Z0.4866
X6.0326 Y-0.3668 Z0.4865
X6.0248 Y-0.3677
X6.0171 Y-0.3688 Z0.4866
X6.0093 Y-0.3702 Z0.4865
X6.0016 Y-0.372 Z0.4866
X5.9932 Y-0.374 Z0.4865
X5.9861 Y-0.3761 Z0.4866
X5.9784 Y-0.3786 Z0.4865
X5.9699 Y-0.3818 Z0.4866
X5.9629 Y-0.3846 Z0.4865
X5.9552 Y-0.388 Z0.4866
X5.9474 Y-0.3919 Z0.4865
X5.9397 Y-0.3961 Z0.4866
X5.932 Y-0.4007 Z0.4865
X5.9242 Y-0.4056 Z0.4866
X5.9165 Y-0.411 Z0.4865
X5.9141 Y-0.4127 Z0.4866
X5.9088 Y-0.417 Z0.4865
X5.9044 Y-0.4205
X5.901 Y-0.4233 Z0.4866
X5.8955 Y-0.4282
X5.8933 Y-0.4303 Z0.4865
X5.8856 Y-0.4379 Z0.4866
X5.8802 Y-0.4437 Z0.4865
X5.8778 Y-0.4464
X5.8701 Y-0.4557
X5.8623 Y-0.4659 Z0.4866
X5.8566 Y-0.4747
X5.8546 Y-0.4779
X5.8519 Y-0.4824 Z0.4865
X5.8469 Y-0.4914 Z0.4866
X5.8434 Y-0.4979
X5.8391 Y-0.5074
X5.8365 Y-0.5133
X5.8337 Y-0.5211 Z0.4865
X5.831 Y-0.5288
X5.8286 Y-0.5366
X5.8265 Y-0.5443 Z0.4866
X5.8247 Y-0.552 Z0.4865
X5.8232 Y-0.5598 Z0.4866
X5.8219 Y-0.5675 Z0.4865
X5.8209 Y-0.5753 Z0.4866
X5.8181 Y-0.5985
X5.8171 Y-0.6062
X5.8159 Y-0.614
X5.8145 Y-0.6217
X5.813 Y-0.6294
X5.8113 Y-0.6372
X5.8082 Y-0.6495
X5.8051 Y-0.6604
X5.8027 Y-0.6681
X5.8001 Y-0.6759
X5.7974 Y-0.6836
X5.7927 Y-0.6955
X5.7881 Y-0.7068
X5.7806 Y-0.7223
X5.7767 Y-0.73
X5.7724 Y-0.7378
X5.768 Y-0.7455
X5.7634 Y-0.7533
X5.7618 Y-0.7558
X5.7531 Y-0.7687
X5.7463 Y-0.7784
X5.7385 Y-0.7884
X5.7357 Y-0.792
X5.7293 Y-0.7997
X5.7225 Y-0.8074
X5.7153 Y-0.8152
X5.7076 Y-0.823
X5.6997 Y-0.8307
X5.6912 Y-0.8384
X5.6822 Y-0.8461
X5.6767 Y-0.8506
X5.6689 Y-0.8565
X5.6612 Y-0.8623
X5.6509 Y-0.8694
X5.638 Y-0.8777
X5.6302 Y-0.8823
X5.6225 Y-0.8866
X5.6148 Y-0.8908
X5.607 Y-0.8947
X5.5915 Y-0.902
X5.5761 Y-0.9082
X5.5683 Y-0.9112
X5.5606 Y-0.9139
X5.5529 Y-0.9164
X5.5451 Y-0.9188
X5.5374 Y-0.9209
X5.527 Y-0.9235
X5.5142 Y-0.9264
X5.4987 Y-0.9292
X5.491 Y-0.9304
X5.4832 Y-0.9313
X5.4678 Y-0.9329
X5.46 Y-0.9334
X5.4445 Y-0.934
X5.4368 Y-0.9341
X5.4213 Y-0.9337
X5.4136 Y-0.9333
X5.4059 Y-0.9327
X5.3916 Y-0.9313
X5.3904 Y-0.9311
X5.3826 Y-0.93
X5.3749 Y-0.9288
X5.3672 Y-0.9274
X5.3594 Y-0.9259
X5.3489 Y-0.9235
X5.344 Y-0.9223
X5.3362 Y-0.9203
X5.3285 Y-0.9181
X5.3207 Y-0.9157
X5.313 Y-0.9132
X5.3053 Y-0.9103
X5.2898 Y-0.9044
X5.2808 Y-0.9003
X5.2666 Y-0.8937
X5.2589 Y-0.8896
X5.2501 Y-0.8848
X5.2434 Y-0.881
X5.2356 Y-0.8763
X5.2248 Y-0.8694
X5.2202 Y-0.8662
X5.2124 Y-0.8606
X5.2033 Y-0.8539
X5.1938 Y-0.8461
X5.1846 Y-0.8384
X5.1815 Y-0.8357
X5.1761 Y-0.8307
X5.166 Y-0.8209
X5.1604 Y-0.8152
X5.1505 Y-0.8043
X5.1465 Y-0.7997
X5.1428 Y-0.7954
X5.134 Y-0.7842
X5.1273 Y-0.7754
X5.1196 Y-0.7641
X5.1125 Y-0.7533
X5.1079 Y-0.7455
X5.1034 Y-0.7378
X5.0991 Y-0.73
X5.0914 Y-0.7146
X5.0879 Y-0.7068
X5.0748 Y-0.6759
X5.0732 Y-0.6722 Z0.4865
X5.0713 Y-0.6681 Z0.4866
X5.0654 Y-0.6569 Z0.4865
X5.063 Y-0.6527 Z0.4866
X5.0577 Y-0.6439
X5.0532 Y-0.6372 Z0.4865
X5.05 Y-0.6326 Z0.4866
X5.0476 Y-0.6294 Z0.4865
X5.0416 Y-0.6217 Z0.4866
X5.0345 Y-0.6134 Z0.4865
X5.0267 Y-0.6052 Z0.4866
X5.019 Y-0.5977 Z0.4865
X5.0112 Y-0.5907 Z0.4866
X5.0014 Y-0.583
X4.9958 Y-0.5788 Z0.4865
X4.9907 Y-0.5753 Z0.4866
X4.9785 Y-0.5675 Z0.4865
X4.9644 Y-0.5598 Z0.4866
X4.9571 Y-0.5564
X4.9494 Y-0.5529
X4.9471 Y-0.552 Z0.4865
X4.9416 Y-0.55 Z0.4866
X4.9339 Y-0.5472
X4.9247 Y-0.5443
X4.9184 Y-0.5426 Z0.4865
X4.9107 Y-0.5407
X4.9029 Y-0.5391 Z0.4866
X4.8952 Y-0.5377 Z0.4865
X4.8871 Y-0.5366 Z0.4866
X4.8797 Y-0.5357 Z0.4865
X4.872 Y-0.5352 Z0.4866
X4.8643 Y-0.5348
X4.8565
X4.8488 Y-0.535
X4.8411 Y-0.5354
X4.8295 Y-0.5366
X4.8256 Y-0.5371 Z0.4865
X4.8178 Y-0.5383 Z0.4866
X4.8101 Y-0.5397
X4.7869 Y-0.5444
X4.7018 Y-0.5622
X4.6747 Y-0.5675
X4.5857 Y-0.5848
X4.4774 Y-0.6042
X4.3691 Y-0.6222
X4.3536 Y-0.6246
X4.253 Y-0.6398
X4.1447 Y-0.6548
X4.1215 Y-0.6577
X4.0287 Y-0.6691
X3.9203 Y-0.681
X3.8971 Y-0.6833
X3.8043 Y-0.6921
X3.6882 Y-0.7016
X3.5799 Y-0.7089
X3.5258 Y-0.7119
X3.4639 Y-0.7152
X3.3478 Y-0.7198
X3.2395 Y-0.7226
G2 X2.6747 Y-0.7139 I-0.1572 J8.1708
G1 X2.5586 Y-0.7073
X2.4503 Y-0.6997
G2 X2.1718 Y-0.6732 I0.6152 J7.9525
G1 X2.1099 Y-0.6662
X2.0016 Y-0.6525
X1.9551 Y-0.646
X1.8855 Y-0.6362
X1.7772 Y-0.6195 Z0.4865
X1.7695 Y-0.6185 Z0.4866
X1.7617 Y-0.6177 Z0.4865
X1.754 Y-0.6173 Z0.4866
X1.7462 Y-0.6171
X1.7385 Y-0.6175
X1.7308 Y-0.6182 Z0.4865
X1.723 Y-0.6193
X1.7153 Y-0.6208
X1.7112 Y-0.6217 Z0.4866
X1.7076 Y-0.6226 Z0.4865
X1.6998 Y-0.6249 Z0.4866
X1.6921 Y-0.6276 Z0.4865
X1.6843 Y-0.6309 Z0.4866
X1.6766 Y-0.6346
X1.6718 Y-0.6372
X1.6689 Y-0.6388 Z0.4865
X1.6611 Y-0.6437 Z0.4866
X1.6593 Y-0.6449
X1.6534 Y-0.6493 Z0.4865
X1.6491 Y-0.6527
X1.6457 Y-0.6555
X1.6402 Y-0.6604 Z0.4866
X1.6379 Y-0.6626
X1.6326 Y-0.6681
X1.6302 Y-0.6708
X1.626 Y-0.6759 Z0.4865
X1.6224 Y-0.6803 Z0.4866
X1.6201 Y-0.6836 Z0.4865
X1.6147 Y-0.6917 Z0.4866
X1.6103 Y-0.6991 Z0.4865
X1.6064 Y-0.7068 Z0.4866
X1.6029 Y-0.7146
X1.6 Y-0.7223 Z0.4865
X1.5992 Y-0.7245
X1.5975 Y-0.73 Z0.4866
X1.5954 Y-0.7378 Z0.4865
X1.5937 Y-0.7455
X1.5925 Y-0.7533
X1.5915 Y-0.7611 Z0.4866
X1.5911 Y-0.7687
X1.5909 Y-0.7765
X1.5912 Y-0.7842
X1.5915 Y-0.7885
X1.5918 Y-0.792 Z0.4865
X1.5929 Y-0.7997
G3 X1.601 Y-0.8306 Z0.4866 I0.1599 J0.0253
G1 X1.6042 Y-0.8384
X1.6076 Y-0.8461
X1.6147 Y-0.8619
X1.6178 Y-0.8694
X1.6236 Y-0.8848
X1.6262 Y-0.8926
X1.631 Y-0.908
X1.6331 Y-0.9158
X1.6367 Y-0.9313
X1.6379 Y-0.9368
X1.641 Y-0.9545
X1.6421 Y-0.9622
X1.643 Y-0.97
X1.6438 Y-0.9777
X1.6445 Y-0.9854
X1.6452 Y-1.0009
X1.6455 Y-1.0087
X1.6452 Y-1.0241
X1.6449 Y-1.0319
X1.6444 Y-1.0396
X1.6419 Y-1.0706
X1.6416 Y-1.0783
Y-1.0861 Z0.4865
X1.6417 Y-1.0938 Z0.4866
X1.6422 Y-1.1015 Z0.4865
X1.6429 Y-1.1093
X1.6439 Y-1.117 Z0.4866
X1.6451 Y-1.1247 Z0.4865
X1.6457 Y-1.1276
X1.6467 Y-1.1325 Z0.4866
X1.6484 Y-1.1402 Z0.4865
X1.6505 Y-1.148 Z0.4866
X1.6534 Y-1.1577 Z0.4865
X1.6554 Y-1.1634 Z0.4866
X1.6583 Y-1.1712 Z0.4865
X1.6615 Y-1.1789 Z0.4866
X1.6652 Y-1.1867 Z0.4865
X1.6691 Y-1.1944 Z0.4866
X1.6734 Y-1.2021 Z0.4865
X1.678 Y-1.2099 Z0.4866
X1.6831 Y-1.2176 Z0.4865
X1.6887 Y-1.2254 Z0.4866
X1.6921 Y-1.2298 Z0.4865
X1.6948 Y-1.2331
X1.6998 Y-1.2392 Z0.4866
X1.7085 Y-1.2486
X1.7153 Y-1.2553 Z0.4865
X1.725 Y-1.2641 Z0.4866
X1.7308 Y-1.2687 Z0.4865
X1.7348 Y-1.2718 Z0.4866
X1.7385 Y-1.2746 Z0.4865
X1.7462 Y-1.28
X1.754 Y-1.285
X1.7577 Y-1.2873
X1.7695 Y-1.2939 Z0.4866
X1.7717 Y-1.295 Z0.4865
X1.7849 Y-1.3011 Z0.4866
X1.7927 Y-1.3045
X1.8932 Y-1.3469
X1.9868 Y-1.3879
X2.0016 Y-1.3944 Z0.4865
X2.0894 Y-1.4343 Z0.4866
X2.1021 Y-1.4402 Z0.4865
X2.1795 Y-1.4766 Z0.4866
X2.2046 Y-1.4885 Z0.4865
X2.2801 Y-1.5253 Z0.4866
X2.3033 Y-1.5367 Z0.4865
X2.3765 Y-1.5736 Z0.4866
X2.407 Y-1.5891 Z0.4865
X2.4735 Y-1.6239 Z0.4866
X2.5045 Y-1.6401 Z0.4865
X2.5586 Y-1.6693 Z0.4866
X2.6105 Y-1.6974 Z0.4865
X2.6592 Y-1.7247 Z0.4866
X2.7073 Y-1.7516 Z0.4865
X2.7521 Y-1.7774 Z0.4866
X2.8062 Y-1.8088 Z0.4865
X2.8449 Y-1.8318 Z0.4866
X2.9068 Y-1.8688 Z0.4865
X2.9428 Y-1.8909 Z0.4866
X2.9996 Y-1.9259 Z0.4865
X3.0306 Y-1.9455 Z0.4866
X3.0925 Y-1.9848 Z0.4865
X3.1157 Y-1.9999 Z0.4866
X3.1931 Y-2.0506 Z0.4865
X3.224 Y-2.0714 Z0.4866
X3.2891 Y-2.1154
X3.3788 Y-2.1777
X3.3899 Y-2.185
X3.3942 Y-2.1877 Z0.4865
X3.4029 Y-2.1928 Z0.4866
X3.4097 Y-2.1965
X3.4182 Y-2.2005
X3.4252 Y-2.2037
X3.4329 Y-2.2067
X3.4406 Y-2.2095 Z0.4865
X3.4484 Y-2.212 Z0.4866
X3.4561 Y-2.2142 Z0.4865
X3.4639 Y-2.2161
X3.4716 Y-2.2178 Z0.4866
X3.4793 Y-2.2192 Z0.4865
X3.4871 Y-2.2203 Z0.4866
X3.4948 Y-2.2212 Z0.4865
X3.5025 Y-2.2218 Z0.4866
X3.5103 Y-2.2222
X3.518 Y-2.2223
X3.5258 Y-2.2221
X3.5335 Y-2.2218
X3.5412 Y-2.221
X3.549 Y-2.2202 Z0.4865
X3.5567 Y-2.2189 Z0.4866
X3.5644 Y-2.2175 Z0.4865
X3.5722 Y-2.2158 Z0.4866
X3.5799 Y-2.2138
X3.5877 Y-2.2115
X3.5976 Y-2.2082
X3.6031 Y-2.2061
X3.6109 Y-2.203
X3.6165 Y-2.2005 Z0.4865
X3.6186 Y-2.1995 Z0.4866
X3.6263 Y-2.1956
X3.6318 Y-2.1928 Z0.4865
X3.6341 Y-2.1914
X3.6448 Y-2.185 Z0.4866
X3.6495 Y-2.1819
X3.6573 Y-2.1763
X3.6662 Y-2.1695
X3.6728 Y-2.164
X3.6753 Y-2.1618 Z0.4865
X3.6834 Y-2.1541 Z0.4866
X3.6882 Y-2.1493 Z0.4865
X3.691 Y-2.1463 Z0.4866
X3.6978 Y-2.1386 Z0.4865
X3.7041 Y-2.1308 Z0.4866
X3.7114 Y-2.1212
X3.7274 Y-2.0999
X3.7347 Y-2.0909
X3.7466 Y-2.0767
X3.7501 Y-2.0725
X3.7656 Y-2.0558
X3.7678 Y-2.0535
X3.7733 Y-2.0477 Z0.4865
X3.7915 Y-2.0302 Z0.4866
X3.8001 Y-2.0225 Z0.4865
X3.812 Y-2.0122 Z0.4866
X3.8181 Y-2.007
X3.8279 Y-1.9993
X3.8379 Y-1.9915
X3.8484 Y-1.9838 Z0.4865
X3.8596 Y-1.9761 Z0.4866
X3.8662 Y-1.9716
X3.871 Y-1.9683 Z0.4865
X3.8894 Y-1.957 Z0.4866
X3.8971 Y-1.9524
X3.9049 Y-1.948
X3.9126 Y-1.9438
X3.9248 Y-1.9374 Z0.4865
X3.9281 Y-1.9356
X3.9436 Y-1.9283 Z0.4866
X3.9513 Y-1.9247 Z0.4865
X3.959 Y-1.9213
X3.9745 Y-1.9149 Z0.4866
X3.9822 Y-1.9118 Z0.4865
X3.9977 Y-1.9063 Z0.4866
X4.0055 Y-1.9036
X4.0132 Y-1.9011 Z0.4865
X4.0211 Y-1.8987 Z0.4866
X4.0287 Y-1.8964
X4.0364 Y-1.8942
X4.0441 Y-1.8921 Z0.4865
X4.0519 Y-1.8902 Z0.4866
X4.0596 Y-1.8884
X4.0673 Y-1.8866
X4.0751 Y-1.885 Z0.4865
X4.0846 Y-1.8832 Z0.4866
X4.0906 Y-1.8821
X4.0983 Y-1.8808
X4.106 Y-1.8796 Z0.4865
X4.1138 Y-1.8785 Z0.4866
X4.1215 Y-1.8776
X4.1292 Y-1.8767
X4.137 Y-1.8758 Z0.4865
X4.1447 Y-1.8752 Z0.4866
X4.1525 Y-1.8747
X4.1679 Y-1.8737 Z0.4865
X4.1757 Y-1.8735 Z0.4866
X4.1834 Y-1.8734
X4.1989 Y-1.8732 Z0.4865
X4.2144 Y-1.8737 Z0.4866
X4.2298 Y-1.8744 Z0.4865
X4.2427 Y-1.8754 Z0.4866
X4.2608 Y-1.8772 Z0.4865
X4.2685 Y-1.8782 Z0.4866
X4.2762 Y-1.8793
X4.2917 Y-1.8817
X4.3 Y-1.8832
X4.3149 Y-1.8862
X4.3227 Y-1.8878 Z0.4865
X4.3304 Y-1.8897 Z0.4866
X4.3459 Y-1.8937
X4.3536 Y-1.8957 Z0.4865
X4.3636 Y-1.8987 Z0.4866
X4.3768 Y-1.9029
X4.3873 Y-1.9064
X4.3923 Y-1.9082
X4.4155 Y-1.9171
X4.4233 Y-1.9204
X4.4387 Y-1.9272
X4.4465 Y-1.9308
X4.4619 Y-1.9386
X4.4697 Y-1.9425
X4.4745 Y-1.9451
X4.5014 Y-1.9606
X4.5161 Y-1.9688 Z0.4865
X4.5311 Y-1.9761 Z0.4866
X4.5393 Y-1.9793
X4.547 Y-1.9823 Z0.4865
X4.5548 Y-1.9848 Z0.4866
X4.5625 Y-1.9871 Z0.4865
X4.5703 Y-1.9891 Z0.4866
X4.5813 Y-1.9915 Z0.4865
X4.5935 Y-1.9935 Z0.4866
X4.6012 Y-1.9944 Z0.4865
X4.6089 Y-1.9951 Z0.4866
X4.6167 Y-1.9955 Z0.4865
X4.6244 Y-1.9956 Z0.4866
X4.6322 Y-1.9957 Z0.4865
X4.6399 Y-1.9952 Z0.4866
X4.6476 Y-1.9947 Z0.4865
X4.6554 Y-1.9938 Z0.4866
X4.6631 Y-1.9927
X4.67 Y-1.9915
X4.6786 Y-1.9897
X4.6863 Y-1.9878
X4.694 Y-1.9856
X4.7018 Y-1.9831 Z0.4865
X4.7095 Y-1.9803 Z0.4866
X4.7173 Y-1.9773
X4.725 Y-1.9738
X4.7327 Y-1.9701 Z0.4865
X4.7405 Y-1.9659 Z0.4866
X4.7482 Y-1.9615 Z0.4865
X4.7559 Y-1.9565 Z0.4866
X4.7616 Y-1.9528 Z0.4865
X4.7719 Y-1.9451 Z0.4866
X4.7792 Y-1.9391
X4.7869 Y-1.9323 Z0.4865
X4.7897 Y-1.9296
X4.7973 Y-1.9219 Z0.4866
X4.8024 Y-1.9165
X4.8109 Y-1.9064
X4.8488 Y-1.8598
X4.8883 Y-1.8135
X4.9113 Y-1.7881
X4.9148 Y-1.7838 Z0.4865
X4.9181 Y-1.7794 Z0.4863
X4.9212 Y-1.7748 Z0.4859
X4.924 Y-1.77 Z0.4853
X4.9267 Y-1.7651 Z0.4847
X4.9293 Y-1.7602 Z0.4839
X4.9342 Y-1.7503 Z0.482
X4.9392 Y-1.7405 Z0.4801
X4.9418 Y-1.7356 Z0.4792
X4.9445 Y-1.7308 Z0.4783
X4.9475 Y-1.7262 Z0.4776
X4.9507 Y-1.7217 Z0.477
X4.9541 Y-1.7173 Z0.4766
X4.9578 Y-1.7132 Z0.4764
X4.9813 Y-1.6897
X4.9969 Y-1.6742
X5.0049 Y-1.6665
X5.0422 Y-1.6311
X5.0577 Y-1.6171
X5.0809 Y-1.5963
X5.0889 Y-1.5891
X5.1196 Y-1.5629
X5.1351 Y-1.5498
X5.166 Y-1.5247
X5.1823 Y-1.5117
X5.197 Y-1.5004
X5.2279 Y-1.4767
X5.2356 Y-1.4711
X5.2757 Y-1.4421
X5.2868 Y-1.4343
X5.3285 Y-1.4058
X5.3749 Y-1.3757
X5.3826 Y-1.3708
X5.4308 Y-1.3414
X5.4755 Y-1.3157
X5.4847 Y-1.3105
X5.5296 Y-1.2861
X5.5374 Y-1.282
X5.5881 Y-1.2563
X5.5915 Y-1.2546
X5.638 Y-1.2325
X5.6457 Y-1.2289
X5.6999 Y-1.205
X5.754 Y-1.1826
X5.8082 Y-1.1619
X5.8159 Y-1.1591
X5.8623 Y-1.1428
X5.8701 Y-1.1401
X5.9176 Y-1.1247
X5.9242 Y-1.1226
X5.9474 Y-1.1157
X5.9784 Y-1.1066
X5.9861 Y-1.1045
X6.0403 Y-1.0901
X6.0558 Y-1.0863
X6.0945 Y-1.0771
X6.1022 Y-1.0753
X6.1563 Y-1.0639
X6.1641 Y-1.0621
X6.1718 Y-1.0603 Z0.4763
X6.1796 Y-1.0581
X6.1894 Y-1.0551 Z0.4764
X6.195 Y-1.053
X6.2028 Y-1.05
X6.2087 Y-1.0474
X6.2182 Y-1.0427 Z0.4763
X6.224 Y-1.0396 Z0.4764
X6.2337 Y-1.0339 Z0.4763
X6.2369 Y-1.0319 Z0.4764
X6.2415 Y-1.0288
X6.2481 Y-1.0241
X6.2579 Y-1.0164 Z0.4763
X6.2647 Y-1.0105 Z0.4764
X6.2724 Y-1.0033 Z0.4763
X6.2747 Y-1.0009 Z0.4764
X6.2819 Y-0.9932 Z0.4763
X6.2884 Y-0.9854 Z0.4764
X6.2943 Y-0.9777 Z0.4763
X6.2998 Y-0.97
X6.3034 Y-0.9645 Z0.4764
X6.3048 Y-0.9622
X6.3093 Y-0.9545 Z0.4763
X6.3134 Y-0.9467 Z0.4764
X6.3172 Y-0.939
X6.3205 Y-0.9313
X6.3235 Y-0.9235 Z0.4763
X6.3266 Y-0.9146 Z0.4764
X6.3286 Y-0.908 Z0.4763
X6.3306 Y-0.9003 Z0.4764
X6.3324 Y-0.8926 Z0.4763
X6.3343 Y-0.8821 Z0.4764
X6.335 Y-0.8771 Z0.4763
X6.3359 Y-0.8694 Z0.4764
X6.3366 Y-0.8616 Z0.4763
X6.3369 Y-0.8539 Z0.4764
X6.3371 Y-0.8461
X6.3361 Y-0.8229
X6.3353 Y-0.8074
X6.3349 Y-0.7997
X6.3348 Y-0.7765
X6.3349 Y-0.7687
X6.336 Y-0.7455
X6.3365 Y-0.7378
X6.3379 Y-0.7223
X6.3388 Y-0.7146
X6.3397 Y-0.7068
X6.342 Y-0.6902
X6.3431 Y-0.6836
X6.3444 Y-0.6759
X6.3498 Y-0.6481
X6.3517 Y-0.6372 Z0.4763
X6.3526 Y-0.6294 Z0.4764
X6.3534 Y-0.6217 Z0.4763
X6.3538 Y-0.614 Z0.4764
X6.3541 Y-0.6062
X6.354 Y-0.5985
X6.3536 Y-0.5907 Z0.4763
X6.3529 Y-0.583 Z0.4764
X6.352 Y-0.5753 Z0.4763
X6.3508 Y-0.5675 Z0.4764
X6.3493 Y-0.5598 Z0.4763
X6.3475 Y-0.552
X6.3455 Y-0.5443
X6.3431 Y-0.5366 Z0.4764
X6.342 Y-0.5334
X6.3404 Y-0.5288 Z0.4763
X6.3374 Y-0.5211 Z0.4764
X6.334 Y-0.5133 Z0.4763
X6.3303 Y-0.5056 Z0.4764
X6.3261 Y-0.4979 Z0.4763
X6.3215 Y-0.4901 Z0.4764
X6.3188 Y-0.4858 Z0.4763
X6.3165 Y-0.4824
X6.3111 Y-0.4746 Z0.4764
X6.3051 Y-0.4669
X6.2985 Y-0.4592 Z0.4763
X6.2956 Y-0.4559 Z0.4764
X6.2913 Y-0.4514
X6.2879 Y-0.448 Z0.4763
X6.2801 Y-0.4408 Z0.4764
X6.2745 Y-0.436 Z0.4763
X6.2724 Y-0.4343 Z0.4764
X6.2645 Y-0.4282 Z0.4763
X6.2569 Y-0.4229 Z0.4764
X6.2533 Y-0.4205
X6.2492 Y-0.4179 Z0.4763
X6.2403 Y-0.4127 Z0.4764
X6.2337 Y-0.4093 Z0.4763
X6.226 Y-0.4055 Z0.4764
X6.2182 Y-0.4022
X6.2105 Y-0.3992
X6.2052 Y-0.3973 Z0.4763
X6.195 Y-0.3941
X6.1873 Y-0.3921 Z0.4764
X6.1796 Y-0.3903 Z0.4763
X6.1759 Y-0.3895
X6.1641 Y-0.3876
X6.1563 Y-0.3867
X6.1486 Y-0.3861 Z0.4764
X6.1409 Y-0.3856
X6.1099 Y-0.3843
X6.0867 Y-0.3835
X6.0635 Y-0.3828
X6.0558
X6.048 Y-0.383 Z0.4763
X6.0403 Y-0.3834 Z0.4764
X6.0326 Y-0.3841 Z0.4763
X6.0248 Y-0.3851
X6.0171 Y-0.3863
X6.0093 Y-0.3878
X6.0016 Y-0.3897
X5.9939 Y-0.3918 Z0.4764
X5.9861 Y-0.3942 Z0.4763
X5.9776 Y-0.3973 Z0.4764
X5.9707 Y-0.4 Z0.4763
X5.9629 Y-0.4034 Z0.4764
X5.9552 Y-0.4073 Z0.4763
X5.9474 Y-0.4115 Z0.4764
X5.9397 Y-0.4161 Z0.4763
X5.933 Y-0.4205 Z0.4764
X5.9242 Y-0.4267
X5.9165 Y-0.4328 Z0.4763
X5.9127 Y-0.436 Z0.4764
X5.9088 Y-0.4394
X5.9042 Y-0.4437 Z0.4763
X5.901 Y-0.4468
X5.8965 Y-0.4514 Z0.4764
X5.8933 Y-0.4549 Z0.4763
X5.8896 Y-0.4592
X5.8832 Y-0.4669
X5.8773 Y-0.4747 Z0.4764
X5.8721 Y-0.4824 Z0.4763
X5.8701 Y-0.4856 Z0.4764
X5.8673 Y-0.4901
X5.8623 Y-0.4989
X5.8588 Y-0.5056
X5.8546 Y-0.515
X5.852 Y-0.5211
X5.8492 Y-0.5288
X5.8466 Y-0.5366 Z0.4763
X5.8443 Y-0.5443 Z0.4764
X5.8423 Y-0.552 Z0.4763
X5.8407 Y-0.5598 Z0.4764
X5.8391 Y-0.5684 Z0.4763
X5.8382 Y-0.5753 Z0.4764
X5.8354 Y-0.5985
X5.8345 Y-0.6062
X5.8333 Y-0.614 Z0.4765
X5.8314 Y-0.6248 Z0.4764
X5.8289 Y-0.6372 Z0.4765
X5.8271 Y-0.6449 Z0.4764
X5.8251 Y-0.6527
X5.823 Y-0.6604 Z0.4765
X5.8207 Y-0.6681 Z0.4764
X5.8182 Y-0.6759
X5.8157 Y-0.6836
X5.8129 Y-0.6914
X5.8067 Y-0.7068
X5.8035 Y-0.7146
X5.796 Y-0.73
X5.7921 Y-0.7378 Z0.4765
X5.7878 Y-0.7455 Z0.4764
X5.7834 Y-0.7533
X5.7788 Y-0.761
X5.7772 Y-0.7636
X5.7687 Y-0.7765
X5.7633 Y-0.7842 Z0.4765
X5.7618 Y-0.7864 Z0.4764
X5.754 Y-0.7966
X5.7516 Y-0.7997
X5.7453 Y-0.8074 Z0.4765
X5.7385 Y-0.8152 Z0.4764
X5.7308 Y-0.8238 Z0.4765
X5.7231 Y-0.8319 Z0.4764
X5.7153 Y-0.8395
X5.7076 Y-0.8468 Z0.4765
X5.6996 Y-0.8539 Z0.4764
X5.6905 Y-0.8616 Z0.4765
X5.6844 Y-0.8664 Z0.4764
X5.6767 Y-0.8722
X5.6689 Y-0.8779 Z0.4765
X5.6587 Y-0.8848 Z0.4764
X5.6457 Y-0.8932 Z0.4765
X5.638 Y-0.8977 Z0.4764
X5.6302 Y-0.902
X5.6225 Y-0.9062 Z0.4765
X5.6148 Y-0.9101 Z0.4764
X5.5993 Y-0.9174
X5.5915 Y-0.9206
X5.5761 Y-0.9267
X5.5683 Y-0.9294
X5.5606 Y-0.932
X5.5529 Y-0.9344
X5.5451 Y-0.9367 Z0.4765
X5.536 Y-0.939 Z0.4764
X5.5296 Y-0.9406
X5.5219 Y-0.9424 Z0.4765
X5.5142 Y-0.9439 Z0.4764
X5.5064 Y-0.9453
X5.4977 Y-0.9467
X5.491 Y-0.9477
X5.4832 Y-0.9487
X5.4755 Y-0.9495
X5.4678 Y-0.9502 Z0.4765
X5.46 Y-0.9506 Z0.4764
X5.4445 Y-0.9512
X5.4368 Y-0.9513
X5.4213 Y-0.9509
X5.4136 Y-0.9506 Z0.4765
X5.4059 Y-0.9499 Z0.4764
X5.3904 Y-0.9484
X5.3826 Y-0.9474
X5.3749 Y-0.9462
X5.3672 Y-0.9449
X5.3594 Y-0.9435 Z0.4765
X5.3517 Y-0.9418 Z0.4764
X5.3397 Y-0.939
X5.3362 Y-0.9381 Z0.4765
X5.3285 Y-0.936 Z0.4764
X5.3207 Y-0.9337
X5.313 Y-0.9313
X5.3053 Y-0.9287
X5.2898 Y-0.9228
X5.2821 Y-0.9198
X5.2732 Y-0.9158
X5.2589 Y-0.9091
X5.2511 Y-0.905
X5.2425 Y-0.9003
X5.2356 Y-0.8964 Z0.4765
X5.2279 Y-0.8917 Z0.4764
X5.2171 Y-0.8848
X5.2124 Y-0.8818 Z0.4765
X5.2047 Y-0.8763 Z0.4764
X5.1953 Y-0.8694
X5.1892 Y-0.8647 Z0.4765
X5.1815 Y-0.8583 Z0.4764
X5.1737 Y-0.8518
X5.1674 Y-0.8461
X5.1583 Y-0.8374
X5.1505 Y-0.8298
X5.1428 Y-0.8214
X5.1351 Y-0.8128
X5.1304 Y-0.8074
X5.1196 Y-0.7937
X5.1125 Y-0.7842
X5.1041 Y-0.7719
X5.102 Y-0.7687
X5.0964 Y-0.7598
X5.0886 Y-0.7467
X5.0838 Y-0.7378
X5.0761 Y-0.7223
X5.0725 Y-0.7146
X5.0594 Y-0.6836
X5.0577 Y-0.6797 Z0.4763
X5.0559 Y-0.6759 Z0.4764
X5.05 Y-0.6645 Z0.4763
X5.0476 Y-0.6604 Z0.4764
X5.0422 Y-0.6517 Z0.4763
X5.0376 Y-0.6449 Z0.4764
X5.0319 Y-0.6372 Z0.4763
X5.0267 Y-0.6308 Z0.4764
X5.0187 Y-0.6217 Z0.4763
X5.0111 Y-0.614
X5.0027 Y-0.6062 Z0.4764
X4.9958 Y-0.6004 Z0.4763
X4.9933 Y-0.5985 Z0.4764
X4.9881 Y-0.5945
X4.9829 Y-0.5907 Z0.4763
X4.9803 Y-0.589 Z0.4764
X4.9708 Y-0.583 Z0.4763
X4.9648 Y-0.5796 Z0.4764
X4.9568 Y-0.5753
X4.9494 Y-0.5718
X4.9416 Y-0.5684 Z0.4763
X4.9339 Y-0.5655 Z0.4764
X4.9262 Y-0.5627 Z0.4763
X4.9184 Y-0.5604 Z0.4764
X4.9107 Y-0.5584 Z0.4763
X4.9029 Y-0.5566 Z0.4764
X4.8952 Y-0.5551 Z0.4763
X4.8875 Y-0.554 Z0.4764
X4.8797 Y-0.5531 Z0.4763
X4.872 Y-0.5525 Z0.4764
X4.8641 Y-0.552
X4.8565
X4.8488 Y-0.5522
X4.8411 Y-0.5527
X4.8333 Y-0.5535
X4.8256 Y-0.5545 Z0.4763
X4.8178 Y-0.5558 Z0.4764
X4.8101 Y-0.5572
X4.7559 Y-0.5685
X4.7018 Y-0.5798
X4.5935 Y-0.6008
X4.5703 Y-0.605
X4.4774 Y-0.6217
X4.3691 Y-0.6396
X4.3149 Y-0.6479
X4.253 Y-0.6572
X4.1447 Y-0.6721
X4.0441 Y-0.6846
X4.0287 Y-0.6864
X3.9203 Y-0.6983
X3.8584 Y-0.7043
X3.8043 Y-0.7094
X3.696 Y-0.7182
X3.6728 Y-0.7199
X3.5799 Y-0.7261
X3.4639 Y-0.7324
X3.3555 Y-0.7367
X3.3323 Y-0.7374
X3.2395 Y-0.7398
X3.1234 Y-0.7412
X3.0151 Y-0.741
X2.8991 Y-0.7393
X2.7907 Y-0.7361
X2.7598 Y-0.7349
X2.6747 Y-0.7312
X2.5664 Y-0.7251
X2.5509 Y-0.7241
X2.4503 Y-0.717
X2.3884 Y-0.7118
X2.3343 Y-0.7072
X2.2569 Y-0.6996
X2.2182 Y-0.6957
X2.1099 Y-0.6835
X2.0557 Y-0.6767
X1.9938 Y-0.6689
X1.8855 Y-0.6536
X1.8468 Y-0.6477
X1.7772 Y-0.6369
X1.7695 Y-0.6359
X1.7617 Y-0.635
X1.754 Y-0.6345
X1.7462 Y-0.6343
X1.7385 Y-0.6348
X1.7308 Y-0.6356 Z0.4763
X1.723 Y-0.6368
X1.7209 Y-0.6372
X1.7153 Y-0.6384 Z0.4764
X1.7076 Y-0.6406 Z0.4763
X1.6998 Y-0.6431
X1.6953 Y-0.6449 Z0.4764
X1.6921 Y-0.6463
X1.6843 Y-0.65
X1.6794 Y-0.6527
X1.6766 Y-0.6543 Z0.4763
X1.6689 Y-0.6592 Z0.4764
X1.6673 Y-0.6604 Z0.4763
X1.6611 Y-0.6651 Z0.4764
X1.6574 Y-0.6681 Z0.4763
X1.6534 Y-0.6717
X1.649 Y-0.6759 Z0.4764
X1.6457 Y-0.6793
X1.6419 Y-0.6836 Z0.4763
X1.6379 Y-0.6885
X1.6357 Y-0.6914 Z0.4764
X1.6302 Y-0.6994
X1.6257 Y-0.7068 Z0.4763
X1.6218 Y-0.7146 Z0.4764
X1.6184 Y-0.7223
X1.6155 Y-0.73 Z0.4763
X1.6132 Y-0.7378
X1.6113 Y-0.7455
X1.6099 Y-0.7533
X1.6088 Y-0.761 Z0.4764
X1.6083 Y-0.7687
X1.6081 Y-0.7765
X1.6085 Y-0.7842
X1.6092 Y-0.792 Z0.4763
X1.6104 Y-0.7997
X1.612 Y-0.8074 Z0.4764
X1.6141 Y-0.8152 Z0.4763
X1.6147 Y-0.8173 Z0.4764
X1.6166 Y-0.8229
X1.6197 Y-0.8307
X1.623 Y-0.8384
X1.6302 Y-0.8544
X1.6332 Y-0.8616 Z0.4765
X1.6379 Y-0.8739 Z0.4764
X1.6391 Y-0.8771
X1.6418 Y-0.8848
X1.6457 Y-0.8972
X1.6488 Y-0.908
X1.6508 Y-0.9158
X1.6534 Y-0.927
X1.6543 Y-0.9313 Z0.4765
X1.6558 Y-0.939 Z0.4764
X1.6572 Y-0.9467
X1.6584 Y-0.9545
X1.6594 Y-0.9622
X1.6603 Y-0.97
X1.6611 Y-0.9781
X1.6617 Y-0.9854
X1.6624 Y-1.0009
X1.6627 Y-1.0087
X1.6624 Y-1.0241
X1.6621 Y-1.0319
X1.6616 Y-1.0396
X1.6591 Y-1.0706
X1.6588 Y-1.0783
Y-1.0861
X1.6589 Y-1.0938
X1.6595 Y-1.1015 Z0.4763
X1.6603 Y-1.1093
X1.6613 Y-1.117
X1.6626 Y-1.1247 Z0.4764
X1.6643 Y-1.1325 Z0.4763
X1.6662 Y-1.1402
X1.6689 Y-1.1495
X1.6709 Y-1.1557 Z0.4764
X1.6738 Y-1.1634 Z0.4763
X1.6769 Y-1.1712 Z0.4764
X1.6805 Y-1.1789 Z0.4763
X1.6845 Y-1.1867 Z0.4764
X1.6888 Y-1.1944 Z0.4763
X1.6921 Y-1.1999 Z0.4764
X1.6987 Y-1.2099 Z0.4763
X1.7044 Y-1.2176 Z0.4764
X1.7076 Y-1.2216 Z0.4763
X1.7107 Y-1.2254 Z0.4764
X1.7153 Y-1.2306 Z0.4763
X1.7176 Y-1.2331
X1.723 Y-1.2387 Z0.4764
X1.7252 Y-1.2408 Z0.4763
X1.7308 Y-1.2461
X1.7335 Y-1.2486 Z0.4764
X1.7385 Y-1.2529
X1.7428 Y-1.2563 Z0.4763
X1.7462 Y-1.2589 Z0.4764
X1.754 Y-1.2645 Z0.4763
X1.7617 Y-1.2695 Z0.4764
X1.7653 Y-1.2718 Z0.4763
X1.7772 Y-1.2785 Z0.4764
X1.7793 Y-1.2795
X1.7927 Y-1.2857
X1.8004 Y-1.2891
X1.8932 Y-1.3282
X1.9087 Y-1.3349
X1.9944 Y-1.3724
X2.0093 Y-1.379 Z0.4763
X2.0867 Y-1.4141 Z0.4764
X2.1099 Y-1.4248 Z0.4763
X2.1872 Y-1.4612 Z0.4765
X2.2121 Y-1.473 Z0.4763
X2.2878 Y-1.5099 Z0.4765
X2.311 Y-1.5213 Z0.4763
X2.3807 Y-1.5564 Z0.4765
X2.4145 Y-1.5736 Z0.4763
X2.4738 Y-1.6046 Z0.4765
X2.5122 Y-1.6247 Z0.4763
X2.5586 Y-1.6497 Z0.4765
X2.5753 Y-1.6588
X2.618 Y-1.682 Z0.4763
X2.6669 Y-1.7092 Z0.4765
X2.7149 Y-1.7361 Z0.4763
X2.7598 Y-1.762 Z0.4765
X2.8139 Y-1.7934 Z0.4763
X2.8526 Y-1.8163 Z0.4765
X2.9145 Y-1.8533 Z0.4763
X2.9455 Y-1.8723 Z0.4765
X3.0074 Y-1.9105 Z0.4763
X3.0255 Y-1.9219 Z0.4764
X3.0499 Y-1.9374
X3.108 Y-1.9743 Z0.4763
X3.1234 Y-1.9844 Z0.4764
X3.2008 Y-2.0351
X3.2167 Y-2.0457
X3.2969 Y-2.0999
X3.3246 Y-2.1191
X3.3865 Y-2.1621
X3.3977 Y-2.1695
X3.402 Y-2.1723 Z0.4763
X3.4105 Y-2.1773 Z0.4764
X3.4174 Y-2.1811
X3.4258 Y-2.185
X3.4329 Y-2.1882 Z0.4763
X3.4406 Y-2.1912 Z0.4764
X3.4484 Y-2.1939 Z0.4763
X3.4561 Y-2.1963 Z0.4764
X3.4639 Y-2.1984 Z0.4763
X3.473 Y-2.2005 Z0.4764
X3.4793 Y-2.2017 Z0.4763
X3.4871 Y-2.2029 Z0.4764
X3.4948 Y-2.2039 Z0.4763
X3.5025 Y-2.2045 Z0.4764
X3.5103 Y-2.205
X3.518 Y-2.2051
X3.5258 Y-2.2049
X3.5335 Y-2.2045
X3.5412 Y-2.2037
X3.549 Y-2.2027 Z0.4763
X3.5567 Y-2.2014 Z0.4764
X3.5618 Y-2.2005 Z0.4763
X3.5722 Y-2.198 Z0.4764
X3.5799 Y-2.1959 Z0.4763
X3.5897 Y-2.1928 Z0.4764
X3.5954 Y-2.1907 Z0.4763
X3.6031 Y-2.1875 Z0.4764
X3.609 Y-2.185 Z0.4763
X3.6109 Y-2.1841 Z0.4764
X3.6186 Y-2.1802
X3.6242 Y-2.1773 Z0.4763
X3.6341 Y-2.1714 Z0.4764
X3.637 Y-2.1695 Z0.4763
X3.6418 Y-2.1663 Z0.4764
X3.6495 Y-2.1606 Z0.4763
X3.6578 Y-2.1541 Z0.4764
X3.665 Y-2.1479 Z0.4763
X3.6728 Y-2.1404 Z0.4764
X3.6746 Y-2.1386 Z0.4763
X3.6817 Y-2.1308 Z0.4764
X3.6882 Y-2.1231 Z0.4763
X3.696 Y-2.1131 Z0.4764
X3.7117 Y-2.0921
X3.7192 Y-2.0827
X3.7269 Y-2.0733
X3.7347 Y-2.0641
X3.7372 Y-2.0612
X3.7501 Y-2.0471
X3.7588 Y-2.038
X3.7667 Y-2.0302
X3.7811 Y-2.0164
X3.7888 Y-2.0095
X3.8043 Y-1.9961
X3.812 Y-1.9899
X3.8275 Y-1.9778 Z0.4765
X3.8352 Y-1.9721 Z0.4764
X3.843 Y-1.9666
X3.8517 Y-1.9606 Z0.4765
X3.8584 Y-1.956 Z0.4764
X3.8634 Y-1.9528
X3.8817 Y-1.9415 Z0.4765
X3.8894 Y-1.937 Z0.4764
X3.8971 Y-1.9326
X3.9049 Y-1.9284 Z0.4765
X3.9173 Y-1.9219 Z0.4764
X3.9203 Y-1.9203 Z0.4763
X3.9358 Y-1.9129 Z0.4765
X3.9436 Y-1.9093 Z0.4763
X3.9513 Y-1.9059
X3.9668 Y-1.8995 Z0.4765
X3.9745 Y-1.8964 Z0.4763
X3.9822 Y-1.8935 Z0.4764
X3.99 Y-1.8908
X3.9977 Y-1.8881
X4.0055 Y-1.8855
X4.0132 Y-1.8831
X4.0209 Y-1.8808 Z0.4765
X4.0287 Y-1.8785 Z0.4764
X4.0399 Y-1.8754 Z0.4763
X4.0519 Y-1.8725 Z0.4765
X4.0596 Y-1.8708 Z0.4764
X4.0673 Y-1.869
X4.0751 Y-1.8675
X4.0828 Y-1.866 Z0.4765
X4.0906 Y-1.8647 Z0.4764
X4.0983 Y-1.8634
X4.106 Y-1.8622
X4.1138 Y-1.8612 Z0.4765
X4.1238 Y-1.86 Z0.4764
X4.1292 Y-1.8594
X4.137 Y-1.8586
X4.1447 Y-1.8579
X4.1525 Y-1.8574 Z0.4765
X4.1679 Y-1.8565 Z0.4763
X4.1757 Y-1.8563 Z0.4764
X4.1834 Y-1.8561 Z0.4765
X4.1989 Y-1.856 Z0.4763
X4.2066 Y-1.8562 Z0.4764
X4.2144 Y-1.8565 Z0.4765
X4.2298 Y-1.8572 Z0.4763
X4.2376 Y-1.8577 Z0.4764
X4.2453 Y-1.8584 Z0.4765
X4.261 Y-1.86 Z0.4764
X4.2685 Y-1.8609
X4.2762 Y-1.8619 Z0.4765
X4.2917 Y-1.8643 Z0.4764
X4.2995 Y-1.8656
X4.3072 Y-1.867 Z0.4765
X4.3227 Y-1.8702 Z0.4763
X4.3304 Y-1.872 Z0.4764
X4.3381 Y-1.8738 Z0.4765
X4.3536 Y-1.8779 Z0.4764
X4.3614 Y-1.88
X4.3691 Y-1.8824
X4.3846 Y-1.8874
X4.3951 Y-1.8909
X4.4 Y-1.8927
X4.4156 Y-1.8987
X4.4233 Y-1.9016
X4.4342 Y-1.9064
X4.4465 Y-1.9118
X4.4542 Y-1.9154
X4.4697 Y-1.9232
X4.4774 Y-1.9272
X4.4821 Y-1.9296
X4.4956 Y-1.9374
X4.5161 Y-1.9491
X4.5238 Y-1.9534 Z0.4763
X4.5316 Y-1.9572 Z0.4764
X4.5393 Y-1.9608
X4.547 Y-1.9639
X4.5548 Y-1.9667 Z0.4763
X4.5625 Y-1.9691 Z0.4764
X4.5703 Y-1.9714 Z0.4763
X4.578 Y-1.9732 Z0.4764
X4.5857 Y-1.9748 Z0.4763
X4.5935 Y-1.9761 Z0.4764
X4.6012 Y-1.9771 Z0.4763
X4.6089 Y-1.9778 Z0.4764
X4.6167 Y-1.9783 Z0.4763
X4.6244 Y-1.9784 Z0.4764
X4.6322 Z0.4763
X4.6399 Y-1.978 Z0.4764
X4.6476 Y-1.9774 Z0.4763
X4.6554 Y-1.9764 Z0.4764
X4.6631 Y-1.9753 Z0.4763
X4.6708 Y-1.9737 Z0.4764
X4.6786 Y-1.972 Z0.4763
X4.6863 Y-1.9699 Z0.4764
X4.694 Y-1.9676 Z0.4763
X4.7018 Y-1.9648 Z0.4764
X4.7095 Y-1.9619 Z0.4763
X4.7125 Y-1.9606 Z0.4764
X4.725 Y-1.9548
X4.7327 Y-1.9505
X4.7405 Y-1.946
X4.7482 Y-1.941
X4.7535 Y-1.9374
X4.7559 Y-1.9356
X4.7637 Y-1.9296 Z0.4763
X4.7727 Y-1.9219 Z0.4764
X4.7792 Y-1.9158
X4.7879 Y-1.9067 Z0.4763
X4.7949 Y-1.8987 Z0.4764
X4.8024 Y-1.8897
X4.8333 Y-1.8515
X4.8411 Y-1.8423
X4.8723 Y-1.8058
X4.8797 Y-1.7974
X4.914 Y-1.7594
X4.9286 Y-1.7439
X4.9571 Y-1.7139
X4.9578 Y-1.7132
X4.9616 Y-1.7091 Z0.4763
X4.9651 Y-1.7049 Z0.4759
X4.9684 Y-1.7005 Z0.4753
X4.9716 Y-1.696 Z0.4746
X4.9746 Y-1.6914 Z0.4736
X4.9775 Y-1.6867 Z0.4726
X4.9804 Y-1.6821 Z0.4715
X4.9888 Y-1.668 Z0.4677
X4.9917 Y-1.6634 Z0.4664
X4.9948 Y-1.6589 Z0.4653
X4.9981 Y-1.6545 Z0.4643
X5.0016 Y-1.6502 Z0.4635
X5.0053 Y-1.6461 Z0.463
X5.0092 Y-1.6422 Z0.4628
X5.0326 Y-1.6201
X5.05 Y-1.6043
X5.0756 Y-1.5814
X5.0845 Y-1.5736
X5.1208 Y-1.5427
X5.1301 Y-1.5349
X5.166 Y-1.5059
X5.1737 Y-1.4997
X5.197 Y-1.4819
X5.2202 Y-1.4642
X5.2666 Y-1.4305
X5.2743 Y-1.4251
X5.3173 Y-1.3956
X5.3207 Y-1.3933
X5.3672 Y-1.3632
X5.3772 Y-1.3569
X5.4213 Y-1.33
X5.4368 Y-1.321
X5.4755 Y-1.2988
X5.4832 Y-1.2946
X5.5254 Y-1.2718
X5.5296 Y-1.2695
X5.5761 Y-1.2459
X5.5863 Y-1.2408
X5.638 Y-1.2163
X5.6874 Y-1.1944
X5.6921 Y-1.1923
X5.7153 Y-1.1827
X5.7463 Y-1.17
X5.7618 Y-1.1639
X5.8036 Y-1.148
X5.8159 Y-1.1436
X5.8623 Y-1.1272
X5.8856 Y-1.1197
X5.9179 Y-1.1093
X5.9242 Y-1.1073
X5.9629 Y-1.0959
X5.9784 Y-1.0914
X6.0016 Y-1.0851
X6.0326 Y-1.0769
X6.0403 Y-1.0749
X6.0911 Y-1.0628
X6.1022 Y-1.0603
X6.1563 Y-1.0489 Z0.4627
X6.1641 Y-1.0471 Z0.4628
X6.1718 Y-1.0452 Z0.4627
X6.1796 Y-1.0428
X6.1873 Y-1.0403
X6.195 Y-1.0373 Z0.4628
X6.2028 Y-1.0339
X6.2105 Y-1.0302 Z0.4627
X6.2182 Y-1.026 Z0.4628
X6.226 Y-1.0215 Z0.4627
X6.2337 Y-1.0163 Z0.4628
X6.2415 Y-1.0108
X6.2492 Y-1.0046 Z0.4627
X6.2534 Y-1.0009
X6.2569 Y-0.9977 Z0.4628
X6.2618 Y-0.9932 Z0.4627
X6.2647 Y-0.9902 Z0.4628
X6.2691 Y-0.9854 Z0.4627
X6.2724 Y-0.9818
X6.2758 Y-0.9777 Z0.4628
X6.2801 Y-0.9722 Z0.4627
X6.2818 Y-0.97
X6.2879 Y-0.9614
X6.2923 Y-0.9545 Z0.4628
X6.2969 Y-0.9467 Z0.4627
X6.3009 Y-0.939 Z0.4628
X6.3034 Y-0.934 Z0.4627
X6.3046 Y-0.9313 Z0.4628
X6.3078 Y-0.9235 Z0.4627
X6.3111 Y-0.9146
X6.3133 Y-0.908
X6.3154 Y-0.9003
X6.3174 Y-0.8926
X6.3189 Y-0.8848
X6.3203 Y-0.8771
X6.3212 Y-0.8694 Z0.4628
X6.3219 Y-0.8616 Z0.4627
X6.3223 Y-0.8539 Z0.4628
X6.3225 Y-0.8461
X6.3214 Y-0.8229
X6.3206 Y-0.8074
X6.3203 Y-0.7997
X6.3202 Y-0.7765
X6.3203 Y-0.7687
X6.3213 Y-0.7455
X6.3218 Y-0.7378
X6.3232 Y-0.7223
X6.324 Y-0.7146
X6.3249 Y-0.7068 Z0.4629
X6.3271 Y-0.6914 Z0.4628
X6.3282 Y-0.6836
X6.3295 Y-0.6759
X6.3343 Y-0.6512
X6.3368 Y-0.6372 Z0.4627
X6.3379 Y-0.6294
X6.3387 Y-0.6217
X6.3392 Y-0.614 Z0.4628
X6.3394 Y-0.6062 Z0.4627
X6.3393 Y-0.5985 Z0.4628
X6.3389 Y-0.5907 Z0.4627
X6.3382 Y-0.583 Z0.4628
X6.3372 Y-0.5753 Z0.4627
X6.3359 Y-0.5675
X6.3343 Y-0.5597
X6.3323 Y-0.552
X6.3302 Y-0.5443
X6.3276 Y-0.5366 Z0.4628
X6.3266 Y-0.5337 Z0.4627
X6.3247 Y-0.5288 Z0.4628
X6.3214 Y-0.5211 Z0.4627
X6.3188 Y-0.5156
X6.3177 Y-0.5133 Z0.4628
X6.3137 Y-0.5056 Z0.4627
X6.3091 Y-0.4979 Z0.4628
X6.3041 Y-0.4901 Z0.4627
X6.2986 Y-0.4824
X6.2956 Y-0.4785 Z0.4628
X6.2925 Y-0.4747
X6.2879 Y-0.4692 Z0.4627
X6.2858 Y-0.4669
X6.2801 Y-0.461 Z0.4628
X6.2783 Y-0.4592 Z0.4627
X6.27 Y-0.4514 Z0.4628
X6.2647 Y-0.4469 Z0.4627
X6.2569 Y-0.4408
X6.2492 Y-0.4354 Z0.4628
X6.2415 Y-0.4303 Z0.4627
X6.2337 Y-0.4258 Z0.4628
X6.226 Y-0.4218 Z0.4627
X6.2182 Y-0.4181 Z0.4628
X6.2105 Y-0.4149 Z0.4627
X6.2028 Y-0.4119
X6.195 Y-0.4095
X6.1873 Y-0.4072
X6.1782 Y-0.405 Z0.4628
X6.1718 Y-0.4037 Z0.4627
X6.1641 Y-0.4025
X6.1563 Y-0.4015
X6.1486 Y-0.4008 Z0.4628
X6.1409 Y-0.4002 Z0.4627
X6.1099 Y-0.3989 Z0.4628
X6.0867 Y-0.3981 Z0.4627
X6.0635 Y-0.3975 Z0.4628
X6.0558
X6.048 Y-0.3976 Z0.4627
X6.0403 Y-0.3981 Z0.4628
X6.0326 Y-0.3988 Z0.4627
X6.0248 Y-0.3999
X6.0171 Y-0.4012
X6.0093 Y-0.4029
X6.0009 Y-0.405
X5.9939 Y-0.4071
X5.9861 Y-0.4097
X5.9784 Y-0.4127
X5.9707 Y-0.416 Z0.4628
X5.9616 Y-0.4205 Z0.4627
X5.9552 Y-0.424 Z0.4628
X5.9474 Y-0.4286 Z0.4627
X5.9397 Y-0.4337
X5.9364 Y-0.436
X5.932 Y-0.4392 Z0.4628
X5.9242 Y-0.4454 Z0.4627
X5.9165 Y-0.4523
X5.9088 Y-0.4599 Z0.4628
X5.9022 Y-0.4669 Z0.4627
X5.8958 Y-0.4747
X5.8933 Y-0.4778
X5.8899 Y-0.4824 Z0.4628
X5.8856 Y-0.4886 Z0.4627
X5.8845 Y-0.4901
X5.8798 Y-0.4979
X5.8778 Y-0.5012
X5.8754 Y-0.5056 Z0.4628
X5.8714 Y-0.5133
X5.8679 Y-0.5211
X5.8647 Y-0.5288 Z0.4627
X5.862 Y-0.5366
X5.8595 Y-0.5443
X5.8574 Y-0.552
X5.8557 Y-0.5598
X5.8542 Y-0.5675
X5.853 Y-0.5753
X5.8492 Y-0.6062 Z0.4628
X5.8482 Y-0.614 Z0.4629
X5.8468 Y-0.6217 Z0.4628
X5.8454 Y-0.6294
X5.8439 Y-0.6372 Z0.4629
X5.8422 Y-0.6449 Z0.4628
X5.8391 Y-0.657
X5.8361 Y-0.6681 Z0.4629
X5.8337 Y-0.6759 Z0.4628
X5.8311 Y-0.6836
X5.8285 Y-0.6914 Z0.4629
X5.8256 Y-0.6991 Z0.4628
X5.8193 Y-0.7146
X5.8159 Y-0.7225
X5.8082 Y-0.7384
X5.8046 Y-0.7455 Z0.4629
X5.8002 Y-0.7533 Z0.4628
X5.7958 Y-0.761
X5.7913 Y-0.7687 Z0.4629
X5.785 Y-0.7784 Z0.4628
X5.7811 Y-0.7842
X5.7758 Y-0.792 Z0.4629
X5.7695 Y-0.8005 Z0.4628
X5.7618 Y-0.8105
X5.758 Y-0.8152 Z0.4629
X5.7513 Y-0.8229 Z0.4628
X5.7444 Y-0.8307 Z0.4629
X5.7385 Y-0.837
X5.7295 Y-0.8461 Z0.4628
X5.7216 Y-0.8539 Z0.4629
X5.713 Y-0.8616 Z0.4628
X5.704 Y-0.8694
X5.6999 Y-0.8729 Z0.4629
X5.6921 Y-0.8789 Z0.4628
X5.6843 Y-0.8848
X5.6767 Y-0.8904 Z0.4629
X5.6689 Y-0.8957 Z0.4628
X5.6612 Y-0.9007
X5.6534 Y-0.9057 Z0.4629
X5.6457 Y-0.9101 Z0.4628
X5.6356 Y-0.9158
X5.6302 Y-0.9187 Z0.4629
X5.6206 Y-0.9235 Z0.4628
X5.6042 Y-0.9313
X5.5915 Y-0.9364
X5.5838 Y-0.9394
X5.5761 Y-0.9423 Z0.4629
X5.5683 Y-0.9449 Z0.4628
X5.5606 Y-0.9473
X5.5529 Y-0.9497 Z0.4629
X5.5451 Y-0.9518 Z0.4628
X5.5345 Y-0.9545
X5.5296 Y-0.9556
X5.5219 Y-0.9574 Z0.4629
X5.5142 Y-0.9588 Z0.4628
X5.5064 Y-0.9602
X5.4987 Y-0.9615 Z0.4629
X5.4934 Y-0.9622
X5.4832 Y-0.9634 Z0.4628
X5.4755 Y-0.9642
X5.4678 Y-0.9649 Z0.4629
X5.46 Y-0.9653 Z0.4628
X5.4445 Y-0.9659
X5.4368 Y-0.966
X5.4213 Y-0.9656
X5.4136 Y-0.9653 Z0.4629
X5.4059 Y-0.9647 Z0.4628
X5.3981 Y-0.964
X5.3904 Y-0.9632
X5.3823 Y-0.9622 Z0.4629
X5.3749 Y-0.9611 Z0.4628
X5.3672 Y-0.9598
X5.3594 Y-0.9584 Z0.4629
X5.3517 Y-0.9568
X5.3414 Y-0.9545 Z0.4628
X5.3362 Y-0.9533
X5.3285 Y-0.9513 Z0.4629
X5.3207 Y-0.949 Z0.4628
X5.313 Y-0.9466
X5.3053 Y-0.9442 Z0.4629
X5.2975 Y-0.9415 Z0.4628
X5.2821 Y-0.9356
X5.2743 Y-0.9324
X5.2551 Y-0.9235
X5.2511 Y-0.9216 Z0.4629
X5.2403 Y-0.9158 Z0.4628
X5.2356 Y-0.9133
X5.2264 Y-0.908 Z0.4629
X5.2202 Y-0.9042 Z0.4628
X5.2124 Y-0.8993
X5.2047 Y-0.8943 Z0.4629
X5.2022 Y-0.8926
X5.197 Y-0.8888 Z0.4628
X5.1892 Y-0.8831
X5.1812 Y-0.8771 Z0.4629
X5.1718 Y-0.8694 Z0.4628
X5.1627 Y-0.8616
X5.1583 Y-0.8577 Z0.4629
X5.1505 Y-0.8503 Z0.4628
X5.1428 Y-0.8427
X5.1385 Y-0.8384 Z0.4629
X5.1314 Y-0.8307 Z0.4628
X5.1244 Y-0.8229
X5.1196 Y-0.8174
X5.1117 Y-0.8074
X5.1041 Y-0.7976 Z0.4629
X5.1 Y-0.792 Z0.4628
X5.0947 Y-0.7842
X5.0886 Y-0.7751 Z0.4629
X5.0846 Y-0.7687 Z0.4628
X5.0755 Y-0.7533
X5.0732 Y-0.7491 Z0.4629
X5.0713 Y-0.7455 Z0.4628
X5.0635 Y-0.73
X5.0599 Y-0.7223 Z0.4629
X5.0565 Y-0.7146 Z0.4628
X5.0467 Y-0.6914
X5.0434 Y-0.6836 Z0.4627
X5.0394 Y-0.6759 Z0.4628
X5.0351 Y-0.6681
X5.0304 Y-0.6604 Z0.4627
X5.0267 Y-0.655
X5.0251 Y-0.6527 Z0.4628
X5.019 Y-0.6445 Z0.4627
X5.0129 Y-0.6372
X5.0113 Y-0.6353
X5.0058 Y-0.6294
X5.0035 Y-0.6272
X4.998 Y-0.6217
X4.9958 Y-0.6197
X4.9881 Y-0.613
X4.9793 Y-0.6062
X4.9726 Y-0.6015 Z0.4628
X4.9648 Y-0.5965 Z0.4627
X4.9571 Y-0.5921 Z0.4628
X4.9494 Y-0.5879 Z0.4627
X4.9385 Y-0.583
X4.9339 Y-0.5811
X4.9262 Y-0.5783 Z0.4628
X4.9184 Y-0.5757 Z0.4627
X4.9107 Y-0.5735
X4.9029 Y-0.5716
X4.8952 Y-0.5701
X4.8875 Y-0.5688
X4.8772 Y-0.5675
X4.872 Y-0.5671
X4.8643 Y-0.5667 Z0.4628
X4.8565
X4.8488 Y-0.5669
X4.8399 Y-0.5675
X4.8333 Y-0.5682 Z0.4627
X4.8256 Y-0.5694
X4.8178 Y-0.5707 Z0.4628
X4.8101 Y-0.5722
X4.7018 Y-0.5947
X4.5935 Y-0.6157
X4.4851 Y-0.6352
X4.4542 Y-0.6404
X4.3691 Y-0.6545
X4.2608 Y-0.6709
X4.2298 Y-0.6752
X4.1447 Y-0.6869
X4.0364 Y-0.7003
X4.0132 Y-0.7029
X3.9203 Y-0.713
X3.812 Y-0.7234
X3.7966 Y-0.7248
X3.696 Y-0.733
X3.6263 Y-0.7377
X3.5799 Y-0.7408
X3.4716 Y-0.7467
X3.4561 Y-0.7474
X3.3555 Y-0.7514
X3.3246 Y-0.7522
X3.2395 Y-0.7544
X3.1234 Y-0.7558
X3.0151 Y-0.7557
X2.8991 Y-0.7539
X2.7907 Y-0.7508
X2.7753 Y-0.7502
X2.6747 Y-0.7459
X2.6205 Y-0.7428
X2.5586 Y-0.7393
X2.4503 Y-0.7317
X2.4271 Y-0.7298
X2.3343 Y-0.7219
X2.2878 Y-0.7174
X2.2182 Y-0.7105
X2.1099 Y-0.6983
X2.0789 Y-0.6944
X1.9935 Y-0.6836
X1.8834 Y-0.6681
X1.8313 Y-0.6601
X1.7772 Y-0.6518
X1.7695 Y-0.6506 Z0.4627
X1.7617 Y-0.6497
X1.754 Y-0.6492
X1.7462 Y-0.649 Z0.4628
X1.7385 Y-0.6495 Z0.4627
X1.7308 Y-0.6504
X1.723 Y-0.6517
X1.7188 Y-0.6527 Z0.4628
X1.7153 Y-0.6536 Z0.4627
X1.7076 Y-0.656
X1.6998 Y-0.6589 Z0.4628
X1.6965 Y-0.6604
X1.6921 Y-0.6625 Z0.4627
X1.6843 Y-0.6667
X1.6766 Y-0.6717
X1.6711 Y-0.6759
X1.6689 Y-0.6777
X1.6611 Y-0.6845
X1.6546 Y-0.6914
X1.6534 Y-0.6927
X1.6483 Y-0.6991 Z0.4628
X1.6457 Y-0.7027 Z0.4627
X1.6429 Y-0.7068
X1.6379 Y-0.7152
X1.6343 Y-0.7223
X1.6311 Y-0.73
X1.6302 Y-0.7326
X1.6285 Y-0.7378
X1.6263 Y-0.7455
X1.6247 Y-0.7533
X1.6236 Y-0.761
X1.623 Y-0.7687
X1.6228 Y-0.7765 Z0.4628
X1.6232 Y-0.7842
X1.624 Y-0.792 Z0.4627
X1.6253 Y-0.7997
X1.6271 Y-0.8074
X1.6294 Y-0.8152 Z0.4628
X1.6302 Y-0.8174
X1.6323 Y-0.8229 Z0.4627
X1.6356 Y-0.8307 Z0.4628
X1.6426 Y-0.8461
X1.6459 Y-0.8539 Z0.4629
X1.6489 Y-0.8616 Z0.4628
X1.6534 Y-0.8735
X1.6547 Y-0.8771 Z0.4629
X1.6572 Y-0.8848 Z0.4628
X1.6611 Y-0.8977
X1.6619 Y-0.9003
X1.664 Y-0.908
X1.6658 Y-0.9158
X1.6677 Y-0.9235
X1.6689 Y-0.929 Z0.4629
X1.6707 Y-0.939 Z0.4628
X1.672 Y-0.9467
X1.6733 Y-0.9545 Z0.4629
X1.6742 Y-0.9622 Z0.4628
X1.675 Y-0.97
X1.6758 Y-0.9777
X1.6764 Y-0.9854
X1.6771 Y-1.0009
X1.6773 Y-1.0087
X1.677 Y-1.0241
X1.6768 Y-1.0319
X1.6766 Y-1.0357 Z0.4629
X1.6751 Y-1.0551 Z0.4628
X1.6738 Y-1.0706
X1.6735 Y-1.0783
X1.6734 Y-1.0861 Z0.4627
X1.6736 Y-1.0938 Z0.4628
X1.6742 Y-1.1015 Z0.4627
X1.675 Y-1.1093
X1.6762 Y-1.117
X1.6766 Y-1.1198
X1.6776 Y-1.1247
X1.6793 Y-1.1325
X1.6814 Y-1.1402
X1.6838 Y-1.148
X1.6866 Y-1.1557
X1.6896 Y-1.1634 Z0.4628
X1.6931 Y-1.1712
X1.697 Y-1.1789
X1.7012 Y-1.1867 Z0.4627
X1.706 Y-1.1944 Z0.4628
X1.7076 Y-1.1968 Z0.4627
X1.7112 Y-1.2021
X1.717 Y-1.2099
X1.7234 Y-1.2176
X1.7308 Y-1.2257
X1.7385 Y-1.2333
X1.747 Y-1.2408 Z0.4628
X1.754 Y-1.2464 Z0.4627
X1.7617 Y-1.252
X1.7695 Y-1.2571
X1.7772 Y-1.2617
X1.7849 Y-1.266 Z0.4628
X1.7927 Y-1.2696
X1.8004 Y-1.2731 Z0.4627
X1.8159 Y-1.2797 Z0.4628
X1.901 Y-1.3156
X1.9165 Y-1.3223
X1.9957 Y-1.3569
X2.0131 Y-1.3647 Z0.4627
X2.0984 Y-1.4034 Z0.4628
X2.1152 Y-1.4111 Z0.4627
X2.195 Y-1.4486 Z0.4629
X2.2182 Y-1.4597 Z0.4627
X2.2932 Y-1.4962 Z0.4629
X2.3188 Y-1.5088 Z0.4627
X2.3884 Y-1.5439 Z0.4629
X2.4194 Y-1.5597 Z0.4627
X2.4462 Y-1.5736 Z0.4628
X2.4813 Y-1.5919 Z0.4629
X2.52 Y-1.6123 Z0.4627
X2.5776 Y-1.6433 Z0.4629
X2.6205 Y-1.6666 Z0.4627
X2.6592 Y-1.6881 Z0.4629
X2.6759 Y-1.6974
X2.7211 Y-1.7229 Z0.4627
X2.7675 Y-1.7495 Z0.4629
X2.8217 Y-1.7809 Z0.4627
X2.8604 Y-1.8039 Z0.4629
X2.9223 Y-1.8409 Z0.4627
X2.9534 Y-1.86 Z0.4629
X3.0161 Y-1.8987 Z0.4627
X3.0407 Y-1.9141 Z0.4629
X3.108 Y-1.9569 Z0.4627
X3.1256 Y-1.9683 Z0.4628
X3.1389 Y-1.977 Z0.4629
X3.2085 Y-2.0226 Z0.4627
X3.224 Y-2.033 Z0.4628
X3.3014 Y-2.0852
X3.3115 Y-2.0921
X3.3942 Y-2.1496
X3.402 Y-2.1548
X3.4097 Y-2.1598 Z0.4627
X3.413 Y-2.1618
X3.4174 Y-2.1644 Z0.4628
X3.4252 Y-2.1686 Z0.4627
X3.4329 Y-2.1722 Z0.4628
X3.4406 Y-2.1755 Z0.4627
X3.4484 Y-2.1784 Z0.4628
X3.4561 Y-2.181 Z0.4627
X3.4639 Y-2.1832
X3.4716 Y-2.1852
X3.4793 Y-2.1868
X3.4871 Y-2.1881
X3.4948 Y-2.1891
X3.5025 Y-2.1898
X3.5103 Y-2.1903 Z0.4628
X3.518 Y-2.1904
X3.5258 Y-2.1902
X3.5335 Y-2.1897
X3.5412 Y-2.1889 Z0.4627
X3.549 Y-2.1879
X3.5567 Y-2.1865
X3.5644 Y-2.1848
X3.5722 Y-2.1829
X3.5799 Y-2.1805
X3.5895 Y-2.1773
X3.5954 Y-2.1749 Z0.4628
X3.6031 Y-2.1716 Z0.4627
X3.6109 Y-2.1677 Z0.4628
X3.6186 Y-2.1636
X3.6263 Y-2.1589
X3.6341 Y-2.1538
X3.6418 Y-2.1481 Z0.4627
X3.6495 Y-2.1419 Z0.4628
X3.6534 Y-2.1386 Z0.4627
X3.6573 Y-2.135
X3.6616 Y-2.1308 Z0.4628
X3.665 Y-2.1274 Z0.4627
X3.669 Y-2.1231 Z0.4628
X3.6757 Y-2.1154 Z0.4627
X3.6817 Y-2.1076 Z0.4628
X3.6934 Y-2.0921
X3.6992 Y-2.0844
X3.7037 Y-2.0785 Z0.4629
X3.7115 Y-2.0689 Z0.4628
X3.7245 Y-2.0535 Z0.4629
X3.7269 Y-2.0507 Z0.4628
X3.7386 Y-2.038
X3.7459 Y-2.0302 Z0.4629
X3.7536 Y-2.0225 Z0.4628
X3.7696 Y-2.007 Z0.4629
X3.7782 Y-1.9993 Z0.4628
X3.7888 Y-1.9901
X3.7966 Y-1.9835
X3.8059 Y-1.9761
X3.8198 Y-1.9652 Z0.4629
X3.8275 Y-1.9596 Z0.4628
X3.8371 Y-1.9528
X3.843 Y-1.9488 Z0.4629
X3.8507 Y-1.9436 Z0.4628
X3.8605 Y-1.9374
X3.8739 Y-1.929 Z0.4629
X3.8817 Y-1.9245 Z0.4628
X3.8894 Y-1.9202
X3.9004 Y-1.9141 Z0.4629
X3.9126 Y-1.9078 Z0.4627
X3.9281 Y-1.9003 Z0.4629
X3.9315 Y-1.8987
X3.9358 Y-1.8967 Z0.4628
X3.9436 Y-1.8933 Z0.4627
X3.959 Y-1.8868 Z0.4629
X3.9681 Y-1.8832 Z0.4627
X3.9745 Y-1.8808
X3.99 Y-1.8752 Z0.4629
X3.9977 Y-1.8726 Z0.4628
X4.0055 Y-1.8701
X4.0209 Y-1.8654 Z0.4629
X4.0364 Y-1.8612 Z0.4627
X4.0441 Y-1.8593 Z0.4628
X4.0519 Y-1.8574 Z0.4629
X4.0673 Y-1.8541 Z0.4628
X4.0828 Y-1.8511 Z0.4629
X4.0983 Y-1.8486 Z0.4628
X4.106 Y-1.8474
X4.1138 Y-1.8463 Z0.4629
X4.1305 Y-1.8445 Z0.4628
X4.137 Y-1.8439
X4.1447 Y-1.8432 Z0.4629
X4.1525 Y-1.8427
X4.1602 Y-1.8422 Z0.4628
X4.1679 Y-1.8418 Z0.4627
X4.1757 Y-1.8416 Z0.4628
X4.1834 Y-1.8415 Z0.4629
X4.1989 Y-1.8414 Z0.4627
X4.2144 Y-1.8418 Z0.4629
X4.2298 Y-1.8425 Z0.4627
X4.2376 Y-1.843 Z0.4628
X4.2453 Y-1.8436 Z0.4629
X4.2608 Y-1.8452 Z0.4628
X4.2685 Y-1.8461
X4.2762 Y-1.8471 Z0.4629
X4.2917 Y-1.8495 Z0.4628
X4.2995 Y-1.8507
X4.308 Y-1.8522 Z0.4629
X4.3227 Y-1.8553 Z0.4628
X4.3304 Y-1.8569
X4.3381 Y-1.8587 Z0.4629
X4.3459 Y-1.8607 Z0.4628
X4.3614 Y-1.8648
X4.3714 Y-1.8677 Z0.4629
X4.3846 Y-1.8719 Z0.4628
X4.3952 Y-1.8754
X4.4 Y-1.8771 Z0.4629
X4.4078 Y-1.88 Z0.4628
X4.4233 Y-1.8859
X4.431 Y-1.889
X4.4529 Y-1.8987
X4.4619 Y-1.9028
X4.4851 Y-1.9147
X4.4929 Y-1.9189
X4.5161 Y-1.9323
X4.5251 Y-1.9374
X4.5316 Y-1.9409 Z0.4627
X4.5402 Y-1.9451 Z0.4628
X4.547 Y-1.9481
X4.5548 Y-1.9511 Z0.4627
X4.5595 Y-1.9528
X4.5625 Y-1.9538 Z0.4628
X4.5703 Y-1.9561 Z0.4627
X4.578 Y-1.9581
X4.5857 Y-1.9599
X4.5893 Y-1.9606
X4.5935 Y-1.9612 Z0.4628
X4.6012 Y-1.9623 Z0.4627
X4.6089 Y-1.9631 Z0.4628
X4.6167 Y-1.9637 Z0.4627
X4.6244 Y-1.9638 Z0.4628
X4.6322 Z0.4627
X4.6399 Y-1.9633 Z0.4628
X4.6476 Y-1.9626 Z0.4627
X4.6554 Y-1.9616 Z0.4628
X4.662 Y-1.9606 Z0.4627
X4.6708 Y-1.9587
X4.6786 Y-1.9568
X4.6863 Y-1.9546
X4.6918 Y-1.9528
X4.7018 Y-1.9491
X4.7111 Y-1.9451 Z0.4628
X4.7173 Y-1.9422 Z0.4627
X4.7262 Y-1.9374 Z0.4628
X4.7327 Y-1.9336 Z0.4627
X4.7405 Y-1.9286 Z0.4628
X4.7482 Y-1.923
X4.7559 Y-1.917 Z0.4627
X4.7637 Y-1.9103
X4.7678 Y-1.9064
X4.7714 Y-1.9028 Z0.4628
X4.7754 Y-1.8987 Z0.4627
X4.7792 Y-1.8945
X4.7869 Y-1.8854 Z0.4628
X4.8024 Y-1.8664
X4.8202 Y-1.8445
X4.8265 Y-1.8368
X4.8596 Y-1.7981
X4.8664 Y-1.7903
X4.9029 Y-1.7497
X4.9107 Y-1.7415
X4.9452 Y-1.7052
X4.9571 Y-1.6932
X4.9881 Y-1.6623
X4.9999 Y-1.651
X5.0092 Y-1.6422
X5.0131 Y-1.6382 Z0.4626
X5.0168 Y-1.6341 Z0.4621
X5.0203 Y-1.6299 Z0.4613
X5.0236 Y-1.6255 Z0.4602
X5.0268 Y-1.6211 Z0.459
X5.03 Y-1.6167 Z0.4576
X5.0364 Y-1.608 Z0.4546
X5.0396 Y-1.6037 Z0.4531
X5.0429 Y-1.5994 Z0.4516
X5.0463 Y-1.5952 Z0.4502
X5.0498 Y-1.591 Z0.449
X5.0535 Y-1.5869 Z0.4479
X5.0572 Y-1.5829 Z0.4471
X5.0611 Y-1.579 Z0.4466
X5.0652 Y-1.5753 Z0.4464
X5.0732 Y-1.5682
X5.1041 Y-1.5418
X5.1196 Y-1.5287
X5.1505 Y-1.5037
X5.166 Y-1.4913
X5.197 Y-1.4675
X5.2124 Y-1.4557
X5.2356 Y-1.4388
X5.2589 Y-1.422
X5.2632 Y-1.4188
X5.2898 Y-1.4006
X5.313 Y-1.3847
X5.3558 Y-1.3569
X5.368 Y-1.3492
X5.406 Y-1.326
X5.4188 Y-1.3182
X5.46 Y-1.2945
X5.4678 Y-1.2901
X5.4755 Y-1.2858
X5.5219 Y-1.2607
X5.5456 Y-1.2486
X5.5761 Y-1.2331
X5.5922 Y-1.2254
X5.6302 Y-1.2073
X5.6417 Y-1.2021
X5.6844 Y-1.1832
X5.6945 Y-1.1789
X5.7385 Y-1.1608
X5.7463 Y-1.1576
X5.8004 Y-1.1369
X5.8237 Y-1.1287
X5.8569 Y-1.117
X5.8623 Y-1.1152
X5.9088 Y-1.1002
X5.9165 Y-1.0977
X5.9397 Y-1.0908
X5.9707 Y-1.0817
X5.9784 Y-1.0795
X6.0326 Y-1.0651
X6.048 Y-1.0613
X6.0945 Y-1.0503
X6.1254 Y-1.0437
X6.1486 Y-1.0389
X6.1563 Y-1.0371
X6.1641 Y-1.0353 Z0.4463
X6.1718 Y-1.0332
X6.1762 Y-1.0319
X6.1796 Y-1.0308
X6.1873 Y-1.028 Z0.4464
X6.195 Y-1.0249 Z0.4463
X6.2028 Y-1.0212 Z0.4464
X6.2105 Y-1.0172 Z0.4463
X6.2182 Y-1.0128
X6.226 Y-1.0078
X6.2337 Y-1.0023
X6.2415 Y-0.9962
X6.2449 Y-0.9932
X6.2492 Y-0.9893 Z0.4464
X6.2533 Y-0.9854 Z0.4463
X6.2569 Y-0.9817 Z0.4464
X6.2607 Y-0.9777 Z0.4463
X6.2647 Y-0.9732
X6.2673 Y-0.97 Z0.4464
X6.2724 Y-0.9635 Z0.4463
X6.2788 Y-0.9545
X6.2801 Y-0.9524
X6.2836 Y-0.9467 Z0.4464
X6.288 Y-0.939 Z0.4463
X6.2919 Y-0.9313
X6.2956 Y-0.923
X6.2986 Y-0.9158
X6.3012 Y-0.908
X6.3034 Y-0.9014
X6.3056 Y-0.8926
X6.3073 Y-0.8848
X6.3087 Y-0.8771
X6.3097 Y-0.8694
X6.3105 Y-0.8616
X6.3108 Y-0.8539 Z0.4464
X6.311 Y-0.8461
X6.3104 Y-0.8307
X6.3091 Y-0.8074
X6.3088 Y-0.7997
X6.3087 Y-0.7765
X6.3088 Y-0.7687
X6.3098 Y-0.7455
X6.3103 Y-0.7378 Z0.4465
X6.3117 Y-0.7223 Z0.4464
X6.3133 Y-0.7068 Z0.4465
X6.3155 Y-0.6914 Z0.4464
X6.3166 Y-0.6836
X6.3179 Y-0.6759 Z0.4465
X6.3238 Y-0.6449 Z0.4464
X6.3252 Y-0.6372 Z0.4463
X6.3264 Y-0.6294
X6.3272 Y-0.6217
X6.3277 Y-0.614 Z0.4464
X6.328 Y-0.6062 Z0.4463
X6.3278 Y-0.5985 Z0.4464
X6.3275 Y-0.5907 Z0.4463
X6.3266 Y-0.5822
X6.3256 Y-0.5753
X6.3242 Y-0.5675
X6.3225 Y-0.5598
X6.3205 Y-0.552
X6.3188 Y-0.5464
X6.3155 Y-0.5366
X6.3111 Y-0.5261
X6.3088 Y-0.5211
X6.3048 Y-0.5133
X6.3034 Y-0.5106
X6.3004 Y-0.5056
X6.2955 Y-0.4979
X6.2901 Y-0.4901
X6.2879 Y-0.4871
X6.284 Y-0.4824 Z0.4464
X6.2801 Y-0.4777 Z0.4463
X6.2774 Y-0.4747
X6.2724 Y-0.4694 Z0.4464
X6.2699 Y-0.4669 Z0.4463
X6.2615 Y-0.4592 Z0.4464
X6.2569 Y-0.4553 Z0.4463
X6.2492 Y-0.4493
X6.2411 Y-0.4437
X6.2337 Y-0.4391
X6.2283 Y-0.436 Z0.4464
X6.226 Y-0.4346 Z0.4463
X6.2182 Y-0.4308 Z0.4464
X6.2129 Y-0.4282 Z0.4463
X6.2105 Y-0.4272
X6.2028 Y-0.4241
X6.195 Y-0.4214
X6.1873 Y-0.4191
X6.1796 Y-0.4171
X6.1718 Y-0.4153
X6.1641 Y-0.414
X6.1563 Y-0.413
X6.1486 Y-0.4123 Z0.4464
X6.1409 Y-0.4117 Z0.4463
X6.1099 Y-0.4104 Z0.4464
X6.0867 Y-0.4096 Z0.4463
X6.0635 Y-0.4089 Z0.4464
X6.0558
X6.048 Y-0.409 Z0.4463
X6.0403 Y-0.4096 Z0.4464
X6.0326 Y-0.4103 Z0.4462
X6.0248 Y-0.4115 Z0.4463
X6.0171 Y-0.4129
X6.0093 Y-0.4146
X6.0016 Y-0.4167
X5.9939 Y-0.4191
X5.99 Y-0.4205
X5.9784 Y-0.4251
X5.9707 Y-0.4288
X5.9629 Y-0.4328
X5.9552 Y-0.4372 Z0.4462
X5.9453 Y-0.4437 Z0.4463
X5.9397 Y-0.4477
X5.932 Y-0.4538
X5.9242 Y-0.4607
X5.9179 Y-0.4669
X5.9106 Y-0.4747
X5.9042 Y-0.4824
X5.901 Y-0.4865
X5.8984 Y-0.4901 Z0.4464
X5.8932 Y-0.4979 Z0.4463
X5.8885 Y-0.5056
X5.8856 Y-0.5109 Z0.4464
X5.8843 Y-0.5133
X5.8804 Y-0.5211 Z0.4463
X5.8771 Y-0.5288
X5.8741 Y-0.5366
X5.8715 Y-0.5443
X5.8693 Y-0.552
X5.8673 Y-0.5598 Z0.4462
X5.8658 Y-0.5675 Z0.4463
X5.8645 Y-0.5753
X5.8623 Y-0.5932 Z0.4464
X5.8608 Y-0.6062
X5.8598 Y-0.614 Z0.4465
X5.8571 Y-0.6294 Z0.4464
X5.8546 Y-0.6422 Z0.4465
X5.854 Y-0.6449
X5.8501 Y-0.6604 Z0.4464
X5.848 Y-0.6681 Z0.4465
X5.8469 Y-0.6722
X5.8432 Y-0.6836 Z0.4464
X5.8391 Y-0.6957 Z0.4465
X5.8379 Y-0.6991
X5.8317 Y-0.7146 Z0.4464
X5.8285 Y-0.7223
X5.825 Y-0.73
X5.8174 Y-0.7455
X5.8159 Y-0.7485 Z0.4465
X5.8134 Y-0.7533
X5.8082 Y-0.7624 Z0.4464
X5.8046 Y-0.7687
X5.8 Y-0.7765 Z0.4465
X5.7927 Y-0.7875 Z0.4464
X5.7897 Y-0.792
X5.7844 Y-0.7997 Z0.4465
X5.7772 Y-0.8092 Z0.4464
X5.7726 Y-0.8152
X5.7665 Y-0.8229 Z0.4465
X5.7597 Y-0.8307 Z0.4464
X5.7529 Y-0.8384 Z0.4465
X5.7457 Y-0.8461
X5.738 Y-0.8539 Z0.4464
X5.7301 Y-0.8616 Z0.4465
X5.7215 Y-0.8694 Z0.4464
X5.7153 Y-0.8747
X5.7076 Y-0.8814 Z0.4465
X5.7032 Y-0.8848
X5.6921 Y-0.8933 Z0.4464
X5.6826 Y-0.9003 Z0.4465
X5.6767 Y-0.9043 Z0.4464
X5.6689 Y-0.9093
X5.6588 Y-0.9158 Z0.4465
X5.6534 Y-0.9189 Z0.4464
X5.6452 Y-0.9235
X5.638 Y-0.9275 Z0.4465
X5.6302 Y-0.9316
X5.6225 Y-0.9353 Z0.4464
X5.6147 Y-0.939
X5.607 Y-0.9425
X5.5915 Y-0.9487
X5.5838 Y-0.9517 Z0.4465
X5.5757 Y-0.9545
X5.5683 Y-0.9569 Z0.4464
X5.5606 Y-0.9593
X5.5529 Y-0.9616 Z0.4465
X5.5374 Y-0.9656 Z0.4464
X5.5296 Y-0.9674 Z0.4465
X5.5219 Y-0.969
X5.5142 Y-0.9704 Z0.4464
X5.5064 Y-0.9718
X5.4987 Y-0.9731 Z0.4465
X5.491 Y-0.974 Z0.4464
X5.4832 Y-0.9749
X5.4755 Y-0.9757
X5.4678 Y-0.9764 Z0.4465
X5.46 Y-0.9768 Z0.4464
X5.4445 Y-0.9774
X5.4368
X5.4213 Y-0.977
X5.4136 Y-0.9767 Z0.4465
X5.4059 Y-0.9762 Z0.4464
X5.3904 Y-0.9747
X5.3826 Y-0.9738 Z0.4465
X5.3749 Y-0.9727 Z0.4464
X5.3672 Y-0.9714
X5.3588 Y-0.97 Z0.4465
X5.3517 Y-0.9686
X5.3362 Y-0.965 Z0.4464
X5.3285 Y-0.9631 Z0.4465
X5.3251 Y-0.9622
X5.313 Y-0.9586 Z0.4464
X5.2999 Y-0.9545 Z0.4465
X5.2975 Y-0.9537
X5.2898 Y-0.9508 Z0.4464
X5.2792 Y-0.9467
X5.2743 Y-0.9448 Z0.4465
X5.2666 Y-0.9415 Z0.4464
X5.2511 Y-0.9343
X5.2449 Y-0.9313 Z0.4465
X5.2306 Y-0.9235 Z0.4464
X5.2202 Y-0.9177 Z0.4465
X5.2124 Y-0.9128 Z0.4464
X5.2047 Y-0.9079
X5.197 Y-0.9029 Z0.4465
X5.1892 Y-0.8973 Z0.4464
X5.1815 Y-0.8916
X5.1737 Y-0.8858 Z0.4465
X5.1633 Y-0.8771 Z0.4464
X5.1583 Y-0.8729
X5.1542 Y-0.8694
X5.1505 Y-0.8661 Z0.4465
X5.1428 Y-0.8587 Z0.4464
X5.1351 Y-0.8512
X5.13 Y-0.8461 Z0.4465
X5.123 Y-0.8384 Z0.4464
X5.1118 Y-0.826 Z0.4465
X5.1094 Y-0.8229 Z0.4464
X5.1033 Y-0.8152
X5.0964 Y-0.8064 Z0.4465
X5.0915 Y-0.7997 Z0.4464
X5.0861 Y-0.792
X5.0809 Y-0.7842 Z0.4465
X5.0759 Y-0.7765
X5.0713 Y-0.7687 Z0.4464
X5.0654 Y-0.7587
X5.0624 Y-0.7533 Z0.4465
X5.0577 Y-0.744 Z0.4464
X5.0508 Y-0.73 Z0.4465
X5.05 Y-0.7282
X5.0474 Y-0.7223 Z0.4464
X5.0343 Y-0.6914 Z0.4463
X5.0305 Y-0.6836 Z0.4464
X5.0264 Y-0.6759 Z0.4463
X5.0217 Y-0.6681
X5.019 Y-0.6639
X5.0165 Y-0.6604
X5.0109 Y-0.6527 Z0.4462
X5.0035 Y-0.6438 Z0.4463
X4.9973 Y-0.6372
X4.9895 Y-0.6294
X4.9881 Y-0.6281
X4.9803 Y-0.6214 Z0.4462
X4.9726 Y-0.6155 Z0.4463
X4.9705 Y-0.614
X4.9648 Y-0.6101 Z0.4464
X4.9571 Y-0.6052 Z0.4463
X4.9494 Y-0.6009 Z0.4464
X4.9449 Y-0.5985 Z0.4463
X4.9339 Y-0.5935
X4.9262 Y-0.5904
X4.9184 Y-0.5877
X4.9107 Y-0.5854
X4.9029 Y-0.5833 Z0.4462
X4.8952 Y-0.5817 Z0.4463
X4.8875 Y-0.5803
X4.8797 Y-0.5793
X4.872 Y-0.5786
X4.8643 Y-0.5782 Z0.4464
X4.8565 Y-0.5781
X4.8488 Y-0.5783 Z0.4463
X4.8411 Y-0.5789 Z0.4464
X4.8333 Y-0.5797 Z0.4463
X4.8256 Y-0.581
X4.8143 Y-0.583
X4.7095 Y-0.6048 Z0.4464
X4.6863 Y-0.6094
X4.5935 Y-0.6274
X4.4851 Y-0.6469
X4.3768 Y-0.6648
X4.3614 Y-0.6673
X4.2608 Y-0.6825
X4.1757 Y-0.6942
X4.1447 Y-0.6985
X4.0364 Y-0.7118
X3.9977 Y-0.7161
X3.9203 Y-0.7246
X3.8043 Y-0.7356
X3.696 Y-0.7444
X3.5877 Y-0.7518
X3.5799 Y-0.7523
X3.4639 Y-0.7585
X3.3555 Y-0.7628
X3.3091 Y-0.7641
X3.2395 Y-0.7659
X3.1234 Y-0.7673
X3.0151 Y-0.7671
X2.9764 Y-0.7666
X2.8991 Y-0.7654
X2.7907 Y-0.7622
X2.7753 Y-0.7616
X2.6747 Y-0.7573
X2.6283 Y-0.7547
X2.5586 Y-0.7508
X2.4426 Y-0.7425
X2.3343 Y-0.7334
X2.2999 Y-0.73
X2.2182 Y-0.722
X2.1099 Y-0.7098
X2.0944 Y-0.7079
X1.9938 Y-0.6952
X1.8855 Y-0.68
X1.87 Y-0.6777
X1.7772 Y-0.6633
X1.7695 Y-0.6622 Z0.4463
X1.7617 Y-0.6612
X1.754 Y-0.6606
X1.7462 Y-0.6604 Z0.4464
X1.7385 Y-0.6609 Z0.4463
X1.7308 Y-0.6619
X1.723 Y-0.6634
X1.7153 Y-0.6655
X1.7075 Y-0.6681
X1.6998 Y-0.6714
X1.6914 Y-0.6759
X1.6843 Y-0.6803
X1.6798 Y-0.6836
X1.6766 Y-0.6861
X1.6706 Y-0.6914
X1.6689 Y-0.693
X1.663 Y-0.6991
X1.6611 Y-0.7013
X1.6568 Y-0.7068
X1.6534 Y-0.7116
X1.6515 Y-0.7146
X1.6471 Y-0.7223
X1.6457 Y-0.7252
X1.6435 Y-0.73
X1.6404 Y-0.7378 Z0.4462
X1.6379 Y-0.7463
X1.6364 Y-0.7533
X1.6352 Y-0.761 Z0.4463
X1.6344 Y-0.7687
X1.6342 Y-0.7765
X1.6346 Y-0.7842
X1.6356 Y-0.792
X1.637 Y-0.7997 Z0.4462
X1.6379 Y-0.8035 Z0.4463
X1.639 Y-0.8074 Z0.4462
X1.6415 Y-0.8152 Z0.4463
X1.6457 Y-0.825 Z0.4464
X1.6534 Y-0.8424
X1.6551 Y-0.8461 Z0.4465
X1.6582 Y-0.8539
X1.6641 Y-0.8694 Z0.4464
X1.6668 Y-0.8771 Z0.4465
X1.6715 Y-0.8926 Z0.4464
X1.6738 Y-0.9003 Z0.4465
X1.6766 Y-0.9116 Z0.4464
X1.6794 Y-0.9235 Z0.4465
X1.6809 Y-0.9313
X1.6823 Y-0.939 Z0.4464
X1.6843 Y-0.9512 Z0.4465
X1.6848 Y-0.9545
X1.6865 Y-0.97 Z0.4464
X1.6873 Y-0.9777 Z0.4465
X1.6879 Y-0.9854 Z0.4464
X1.6885 Y-1.0009
X1.6888 Y-1.0087
X1.6885 Y-1.0241
X1.6883 Y-1.0319
X1.6878 Y-1.0396
X1.6853 Y-1.0706 Z0.4463
X1.6849 Y-1.0783 Z0.4464
X1.6848 Y-1.0861 Z0.4463
X1.6851 Y-1.0938 Z0.4464
X1.6857 Y-1.1015 Z0.4463
X1.6866 Y-1.1093
X1.6877 Y-1.117
X1.6893 Y-1.1247
X1.6911 Y-1.1325
X1.6933 Y-1.1402
X1.6959 Y-1.148
X1.6988 Y-1.1557
X1.6998 Y-1.1583
X1.7021 Y-1.1634 Z0.4464
X1.7058 Y-1.1712 Z0.4463
X1.71 Y-1.1789
X1.7153 Y-1.1877 Z0.4464
X1.7197 Y-1.1944 Z0.4463
X1.7254 Y-1.2021
X1.7318 Y-1.2099
X1.7389 Y-1.2176
X1.7467 Y-1.2254 Z0.4462
X1.754 Y-1.2318 Z0.4464
X1.7555 Y-1.2331 Z0.4463
X1.7617 Y-1.2379
X1.7657 Y-1.2408
X1.7695 Y-1.2434
X1.7774 Y-1.2486
X1.7849 Y-1.2529 Z0.4464
X1.7912 Y-1.2563 Z0.4463
X1.8004 Y-1.2606 Z0.4464
X1.8082 Y-1.2641 Z0.4463
X1.901 Y-1.3031 Z0.4464
X1.9242 Y-1.3132
X2.0016 Y-1.347 Z0.4465
X2.017 Y-1.3539 Z0.4463
X2.1021 Y-1.3925 Z0.4465
X2.1176 Y-1.3996 Z0.4463
X2.195 Y-1.4359 Z0.4465
X2.224 Y-1.4498 Z0.4463
X2.2956 Y-1.4846 Z0.4465
X2.3265 Y-1.4999 Z0.4463
X2.3884 Y-1.531 Z0.4465
X2.4271 Y-1.5508 Z0.4463
X2.4658 Y-1.5709 Z0.4464
X2.489 Y-1.583 Z0.4465
X2.5298 Y-1.6046 Z0.4463
X2.5818 Y-1.6325 Z0.4465
X2.6298 Y-1.6588 Z0.4463
X2.6747 Y-1.6836 Z0.4465
X2.7288 Y-1.7141 Z0.4463
X2.7675 Y-1.7362 Z0.4465
X2.7907 Y-1.7497 Z0.4464
X2.8217 Y-1.7677 Z0.4463
X2.847 Y-1.7826 Z0.4464
X2.8604 Y-1.7905 Z0.4465
X2.8913 Y-1.809 Z0.4464
X2.93 Y-1.8323 Z0.4463
X2.9532 Y-1.8464 Z0.4465
X2.9919 Y-1.8703 Z0.4464
X3.0253 Y-1.8909 Z0.4463
X3.0499 Y-1.9064 Z0.4465
X3.1157 Y-1.9483 Z0.4463
X3.1389 Y-1.9633 Z0.4465
X3.2173 Y-2.0148 Z0.4464
X3.2317 Y-2.0244 Z0.4465
X3.3092 Y-2.0767 Z0.4464
X3.3205 Y-2.0844
X3.402 Y-2.1411
X3.4099 Y-2.1463
X3.4174 Y-2.1512 Z0.4463
X3.4225 Y-2.1541 Z0.4464
X3.4252 Y-2.1555
X3.4329 Y-2.1596 Z0.4463
X3.4406 Y-2.1631
X3.4484 Y-2.1662 Z0.4464
X3.4576 Y-2.1695 Z0.4463
X3.4639 Y-2.1713
X3.4716 Y-2.1735 Z0.4462
X3.4793 Y-2.1751 Z0.4463
X3.4871 Y-2.1766
X3.4948 Y-2.1776
X3.5025 Y-2.1784
X3.5103 Y-2.1788 Z0.4464
X3.518 Y-2.1789
X3.5258 Y-2.1788 Z0.4463
X3.5335 Y-2.1782 Z0.4464
X3.5429 Y-2.1773 Z0.4463
X3.549 Y-2.1763
X3.5567 Y-2.1749
X3.5644 Y-2.173
X3.5722 Y-2.171
X3.5799 Y-2.1685
X3.5877 Y-2.1657
X3.5969 Y-2.1618
X3.6031 Y-2.1588 Z0.4464
X3.6109 Y-2.1548 Z0.4463
X3.6186 Y-2.1502 Z0.4464
X3.6248 Y-2.1463 Z0.4463
X3.6263 Y-2.1452
X3.6355 Y-2.1386 Z0.4462
X3.6418 Y-2.1334 Z0.4463
X3.6449 Y-2.1308
X3.6495 Y-2.1266
X3.6531 Y-2.1231 Z0.4464
X3.6573 Y-2.1189 Z0.4463
X3.6605 Y-2.1154 Z0.4464
X3.665 Y-2.1103 Z0.4463
X3.6672 Y-2.1076
X3.6732 Y-2.0999 Z0.4464
X3.6882 Y-2.0799
X3.6967 Y-2.0689 Z0.4465
X3.7037 Y-2.0604 Z0.4464
X3.716 Y-2.0457 Z0.4465
X3.723 Y-2.038 Z0.4464
X3.7374 Y-2.0225 Z0.4465
X3.7452 Y-2.0148 Z0.4464
X3.7611 Y-1.9993 Z0.4465
X3.7697 Y-1.9915 Z0.4464
X3.7811 Y-1.9816 Z0.4465
X3.7876 Y-1.9761
X3.7972 Y-1.9683 Z0.4464
X3.812 Y-1.9567 Z0.4465
X3.8198 Y-1.9511 Z0.4464
X3.8282 Y-1.9451
X3.8393 Y-1.9374 Z0.4465
X3.843 Y-1.9349 Z0.4464
X3.8513 Y-1.9296
X3.8662 Y-1.9203 Z0.4465
X3.8768 Y-1.9141 Z0.4463
X3.8906 Y-1.9064 Z0.4465
X3.8971 Y-1.9029
X3.9054 Y-1.8987 Z0.4463
X3.9126 Y-1.8951
X3.9211 Y-1.8909 Z0.4465
X3.9281 Y-1.8876
X3.9381 Y-1.8832 Z0.4463
X3.9513 Y-1.8776 Z0.4465
X3.9564 Y-1.8754
X3.9668 Y-1.8715 Z0.4463
X3.9822 Y-1.8658 Z0.4465
X3.99 Y-1.8631
X3.9997 Y-1.86 Z0.4464
X4.0132 Y-1.8558 Z0.4465
X4.0209 Y-1.8535
X4.0287 Y-1.8515 Z0.4464
X4.0364 Y-1.8494 Z0.4463
X4.0441 Y-1.8475 Z0.4464
X4.0519 Y-1.8457 Z0.4465
X4.0673 Y-1.8424 Z0.4464
X4.0828 Y-1.8394 Z0.4465
X4.1 Y-1.8368 Z0.4464
X4.1138 Y-1.8348 Z0.4465
X4.1292 Y-1.8331 Z0.4464
X4.137 Y-1.8324
X4.1447 Y-1.8317 Z0.4465
X4.1525 Y-1.8312
X4.1602 Y-1.8308 Z0.4463
X4.1679 Y-1.8304
X4.1757 Y-1.8301 Z0.4464
X4.1834 Y-1.83 Z0.4465
X4.1989 Z0.4462
X4.2144 Y-1.8303 Z0.4465
X4.2298 Y-1.8311 Z0.4463
X4.2376 Y-1.8316 Z0.4464
X4.2453 Y-1.8321 Z0.4465
X4.2608 Y-1.8337 Z0.4464
X4.2685 Y-1.8346
X4.2762 Y-1.8355 Z0.4465
X4.2847 Y-1.8368
X4.2995 Y-1.8391 Z0.4464
X4.3072 Y-1.8404 Z0.4465
X4.3149 Y-1.8419
X4.3304 Y-1.8452 Z0.4464
X4.3381 Y-1.847
X4.3459 Y-1.8488 Z0.4465
X4.3614 Y-1.853 Z0.4464
X4.3691 Y-1.8551
X4.3768 Y-1.8574 Z0.4465
X4.3923 Y-1.8624 Z0.4464
X4.4 Y-1.865
X4.4078 Y-1.8677 Z0.4465
X4.4279 Y-1.8754 Z0.4464
X4.4387 Y-1.8798 Z0.4465
X4.4542 Y-1.8867 Z0.4464
X4.4635 Y-1.8909
X4.4697 Y-1.8939
X4.4851 Y-1.9018
X4.494 Y-1.9064 Z0.4465
X4.5006 Y-1.9101 Z0.4464
X4.5238 Y-1.9235
X4.5347 Y-1.9296 Z0.4463
X4.5393 Y-1.932
X4.547 Y-1.9357
X4.5509 Y-1.9374
X4.5625 Y-1.9418
X4.5732 Y-1.9451
X4.578 Y-1.9464
X4.5857 Y-1.9482
X4.5935 Y-1.9497
X4.6012 Y-1.9508
X4.6089 Y-1.9516 Z0.4464
X4.6167 Y-1.9522 Z0.4463
X4.6244 Y-1.9523 Z0.4464
X4.6322 Z0.4463
X4.6399 Y-1.9518
X4.6476 Y-1.9511
X4.6554 Y-1.9501
X4.6631 Y-1.9487
X4.6708 Y-1.947
X4.6786 Y-1.9449
X4.6863 Y-1.9426
X4.694 Y-1.9398
X4.7004 Y-1.9374
X4.7095 Y-1.9332
X4.7173 Y-1.9292
X4.725 Y-1.9249
X4.7327 Y-1.92
X4.741 Y-1.9141
X4.7482 Y-1.9086
X4.7559 Y-1.9018
X4.7594 Y-1.8987
X4.7637 Y-1.8943 Z0.4464
X4.767 Y-1.8909 Z0.4463
X4.7714 Y-1.886 Z0.4464
X4.7792 Y-1.8768 Z0.4463
X4.8117 Y-1.8368 Z0.4464
X4.8181 Y-1.829
X4.8512 Y-1.7903
X4.8579 Y-1.7826
X4.8952 Y-1.7412
X4.9073 Y-1.7284
X4.9368 Y-1.6974
X4.9444 Y-1.6897
X4.9803 Y-1.6539
X4.9914 Y-1.6433
X5.0241 Y-1.6123
X5.0267 Y-1.6099
X5.0652 Y-1.5753
X5.0693 Y-1.5715 Z0.4462
X5.0732 Y-1.5676 Z0.4456
X5.077 Y-1.5637 Z0.4447
X5.0807 Y-1.5597 Z0.4436
X5.0844 Y-1.5556 Z0.4422
X5.0879 Y-1.5516 Z0.4407
X5.0985 Y-1.5394 Z0.4358
X5.102 Y-1.5354 Z0.4342
X5.1056 Y-1.5314 Z0.4327
X5.1093 Y-1.5274 Z0.4314
X5.1131 Y-1.5235 Z0.4302
X5.117 Y-1.5197 Z0.4294
X5.1211 Y-1.516 Z0.4288
X5.1253 Y-1.5123 Z0.4286
X5.1356 Y-1.504
X5.166 Y-1.4798
X5.1746 Y-1.473
X5.2053 Y-1.4498
X5.2202 Y-1.4387
X5.2511 Y-1.4164
X5.2666 Y-1.4054
X5.3053 Y-1.379
X5.3151 Y-1.3724
X5.3594 Y-1.3438
X5.3672 Y-1.339
X5.4059 Y-1.3154
X5.414 Y-1.3105
X5.4543 Y-1.2873
X5.46 Y-1.284
X5.4755 Y-1.2755
X5.5107 Y-1.2563
X5.5407 Y-1.2408
X5.5606 Y-1.2307
X5.5838 Y-1.2194 Z0.4285
X5.607 Y-1.2082 Z0.4286
X5.6148 Y-1.2045
X5.638 Y-1.1939 Z0.4285
X5.6612 Y-1.1834 Z0.4286
X5.6767 Y-1.1768
X5.6999 Y-1.1669
X5.7153 Y-1.1604
X5.7385 Y-1.1511 Z0.4285
X5.7695 Y-1.1389 Z0.4287
X5.8004 Y-1.1274 Z0.4285
X5.8237 Y-1.1189 Z0.4286
X5.8546 Y-1.1083
X5.8778 Y-1.1005
X5.9165 Y-1.0883
X5.932 Y-1.0835
X5.9707 Y-1.0723
X5.9861 Y-1.0679
X6.0352 Y-1.0551
X6.0403 Y-1.0538
X6.0867 Y-1.0428
X6.1008 Y-1.0396
X6.1486 Y-1.0296 Z0.4285
X6.1563 Y-1.0278
X6.1641 Y-1.026
X6.1718 Y-1.0237
X6.1796 Y-1.0212
X6.1873 Y-1.0182
X6.1918 Y-1.0164
X6.195 Y-1.0149
X6.2028 Y-1.0111
X6.2072 Y-1.0087
X6.2105 Y-1.0068
X6.2182 Y-1.002
X6.226 Y-0.9967
X6.2306 Y-0.9932
X6.2337 Y-0.9907
X6.2399 Y-0.9854
X6.2482 Y-0.9777
X6.2555 Y-0.97
X6.2619 Y-0.9622
X6.2647 Y-0.9587 Z0.4284
X6.2724 Y-0.9477 Z0.4285
X6.2776 Y-0.939
X6.2801 Y-0.9344
X6.2818 Y-0.9313
X6.2855 Y-0.9235
X6.2888 Y-0.9158
X6.2916 Y-0.908
X6.2942 Y-0.9003
X6.2962 Y-0.8926
X6.298 Y-0.8848
X6.2994 Y-0.8771
X6.3005 Y-0.8694
X6.3013 Y-0.8616
X6.3017 Y-0.8539
X6.3019 Y-0.8461 Z0.4286
X6.3013 Y-0.8307
X6.3004 Y-0.8152
X6.3 Y-0.8074
X6.2998 Y-0.7997 Z0.4285
X6.2995 Y-0.7842 Z0.4286
X6.2998 Y-0.7687
X6.3 Y-0.761
X6.3007 Y-0.7455
X6.3012 Y-0.7378
X6.3025 Y-0.7223
X6.3034 Y-0.714 Z0.4287
X6.3062 Y-0.6914 Z0.4286
X6.3087 Y-0.6759
X6.31 Y-0.6681
X6.3146 Y-0.6449
X6.316 Y-0.6372 Z0.4285
X6.3172 Y-0.6294
X6.3181 Y-0.6217
X6.3186 Y-0.614
X6.3189 Y-0.6062
X6.3187 Y-0.5985 Z0.4286
X6.3183 Y-0.5907 Z0.4285
X6.3175 Y-0.583
X6.3164 Y-0.5753
X6.315 Y-0.5675 Z0.4284
X6.3131 Y-0.5598 Z0.4285
X6.3111 Y-0.552
X6.3085 Y-0.5443
X6.3056 Y-0.5366
X6.3024 Y-0.5288
X6.2986 Y-0.5211
X6.2956 Y-0.5154 Z0.4284
X6.2897 Y-0.5056 Z0.4285
X6.2879 Y-0.5028
X6.2844 Y-0.4979
X6.2801 Y-0.492
X6.2786 Y-0.4901
X6.2722 Y-0.4824
X6.2647 Y-0.4745
X6.2565 Y-0.4669
X6.2492 Y-0.4608
X6.2415 Y-0.4549 Z0.4284
X6.2363 Y-0.4514 Z0.4285
X6.2337 Y-0.4497
X6.226 Y-0.4451
X6.2236 Y-0.4437
X6.2182 Y-0.4409
X6.2105 Y-0.4371
X6.2079 Y-0.436
X6.2028 Y-0.4339
X6.195 Y-0.431
X6.1862 Y-0.4282
X6.1796 Y-0.4264
X6.1718 Y-0.4246
X6.1641 Y-0.4232
X6.1563 Y-0.4221 Z0.4284
X6.1486 Y-0.4214 Z0.4285
X6.1409 Y-0.4208
X6.1022 Y-0.4192 Z0.4286
X6.0635 Y-0.418
X6.0558
X6.048 Y-0.4181 Z0.4285
X6.0403 Y-0.4187
X6.0326 Y-0.4195 Z0.4284
X6.0248 Y-0.4207 Z0.4285
X6.0171 Y-0.4222 Z0.4284
X6.0093 Y-0.424
X6.0016 Y-0.4262 Z0.4285
X5.9953 Y-0.4282 Z0.4284
X5.9861 Y-0.4317 Z0.4285
X5.9784 Y-0.4351
X5.9707 Y-0.4389 Z0.4284
X5.9621 Y-0.4437 Z0.4285
X5.9552 Y-0.448
X5.95 Y-0.4514
X5.9474 Y-0.4533
X5.9397 Y-0.4593
X5.9309 Y-0.4669
X5.9242 Y-0.4734
X5.923 Y-0.4747
X5.916 Y-0.4824
X5.9097 Y-0.4901
X5.9041 Y-0.4979
X5.901 Y-0.5025
X5.8945 Y-0.5133
X5.8933 Y-0.5157
X5.8905 Y-0.5211
X5.8869 Y-0.5288
X5.8838 Y-0.5366
X5.8811 Y-0.5443
X5.8787 Y-0.552
X5.8766 Y-0.5598 Z0.4284
X5.875 Y-0.5675 Z0.4285
X5.8737 Y-0.5753 Z0.4284
X5.8718 Y-0.5907 Z0.4285
X5.8701 Y-0.6062 Z0.4287
X5.8677 Y-0.6217
X5.8664 Y-0.6294
X5.8633 Y-0.6449
X5.8615 Y-0.6527 Z0.4286
X5.8595 Y-0.6604
X5.8575 Y-0.6681 Z0.4287
X5.8528 Y-0.6836
X5.8502 Y-0.6914 Z0.4286
X5.8469 Y-0.7009 Z0.4287
X5.8447 Y-0.7068
X5.8384 Y-0.7223 Z0.4286
X5.835 Y-0.73
X5.8314 Y-0.7378
X5.8276 Y-0.7455
X5.8195 Y-0.761 Z0.4287
X5.8151 Y-0.7687 Z0.4286
X5.8106 Y-0.7765
X5.8057 Y-0.7842
X5.8004 Y-0.7925
X5.7955 Y-0.7997
X5.7899 Y-0.8074 Z0.4287
X5.7842 Y-0.8152 Z0.4286
X5.7772 Y-0.8241 Z0.4287
X5.7718 Y-0.8307
X5.7651 Y-0.8384
X5.7618 Y-0.8423
X5.7508 Y-0.8539
X5.7463 Y-0.8586
X5.7351 Y-0.8694
X5.7308 Y-0.8733
X5.7231 Y-0.8802 Z0.4286
X5.7177 Y-0.8848 Z0.4287
X5.7076 Y-0.8929 Z0.4286
X5.6999 Y-0.899 Z0.4287
X5.6873 Y-0.908
X5.6844 Y-0.9101
X5.6758 Y-0.9158 Z0.4286
X5.6689 Y-0.9202 Z0.4287
X5.6612 Y-0.9249 Z0.4286
X5.6503 Y-0.9313 Z0.4287
X5.6357 Y-0.939
X5.6302 Y-0.9417 Z0.4286
X5.6197 Y-0.9467
X5.6148 Y-0.949
X5.5993 Y-0.9555
X5.5915 Y-0.9585
X5.5813 Y-0.9622
X5.5761 Y-0.964 Z0.4287
X5.5683 Y-0.9665 Z0.4286
X5.5606 Y-0.9689 Z0.4287
X5.5568 Y-0.97
X5.5451 Y-0.9731 Z0.4286
X5.5374 Y-0.975 Z0.4287
X5.5219 Y-0.9783
X5.5142 Y-0.9798 Z0.4286
X5.4987 Y-0.9822 Z0.4287
X5.491 Y-0.9832 Z0.4286
X5.4832 Y-0.9841
X5.4755 Y-0.9849
X5.46 Y-0.986
X5.4445 Y-0.9864
X5.4368 Y-0.9866
X5.4213 Y-0.9862
X5.4136 Y-0.9858
X5.3981 Y-0.9847 Z0.4287
X5.3904 Y-0.9839 Z0.4286
X5.3826 Y-0.9829 Z0.4287
X5.3749 Y-0.9819
X5.3672 Y-0.9807 Z0.4286
X5.3594 Y-0.9794 Z0.4287
X5.344 Y-0.9762
X5.3362 Y-0.9745
X5.319 Y-0.97
X5.3053 Y-0.9658 Z0.4286
X5.2975 Y-0.9633 Z0.4287
X5.2821 Y-0.9577 Z0.4286
X5.274 Y-0.9545
X5.2666 Y-0.9514
X5.2589 Y-0.948
X5.2434 Y-0.9407 Z0.4287
X5.2279 Y-0.9326 Z0.4286
X5.2255 Y-0.9313
X5.2123 Y-0.9235
X5.2047 Y-0.9188
X5.197 Y-0.9137
X5.1885 Y-0.908 Z0.4287
X5.1778 Y-0.9003 Z0.4286
X5.1737 Y-0.8973 Z0.4287
X5.1581 Y-0.8848
X5.1492 Y-0.8771 Z0.4286
X5.1428 Y-0.8713 Z0.4287
X5.1326 Y-0.8616 Z0.4286
X5.1273 Y-0.8564 Z0.4287
X5.1176 Y-0.8461 Z0.4286
X5.1107 Y-0.8384
X5.104 Y-0.8307
X5.0964 Y-0.8212
X5.0886 Y-0.8113 Z0.4287
X5.0803 Y-0.7997 Z0.4286
X5.0751 Y-0.792 Z0.4287
X5.0701 Y-0.7842
X5.0652 Y-0.7765
X5.0577 Y-0.7636 Z0.4286
X5.0563 Y-0.761
X5.05 Y-0.749
X5.0482 Y-0.7455
X5.0444 Y-0.7378
X5.0409 Y-0.73 Z0.4287
X5.0374 Y-0.7223 Z0.4286
X5.031 Y-0.7068
X5.0267 Y-0.6967 Z0.4285
X5.0243 Y-0.6914
X5.0203 Y-0.6836
X5.019 Y-0.6812
X5.0158 Y-0.6759
X5.0109 Y-0.6681
X5.0054 Y-0.6604 Z0.4284
X4.9991 Y-0.6527 Z0.4285
X4.9958 Y-0.6488
X4.9881 Y-0.6406 Z0.4284
X4.9803 Y-0.6334 Z0.4285
X4.9757 Y-0.6294 Z0.4284
X4.9726 Y-0.627 Z0.4285
X4.9648 Y-0.6211
X4.9571 Y-0.6158
X4.9494 Y-0.6113
X4.9416 Y-0.6071
X4.9339 Y-0.6034
X4.9262 Y-0.6001
X4.922 Y-0.5985
X4.9107 Y-0.5948 Z0.4284
X4.9029 Y-0.5927 Z0.4285
X4.8942 Y-0.5907
X4.8875 Y-0.5895
X4.8797 Y-0.5885
X4.872 Y-0.5877
X4.8643 Y-0.5873
X4.8565 Y-0.5872
X4.8488 Y-0.5874
X4.8411 Y-0.588
X4.8333 Y-0.5889
X4.8223 Y-0.5907
X4.8178 Y-0.5915
X4.7637 Y-0.6028 Z0.4286
X4.7095 Y-0.6141
X4.6089 Y-0.6337
X4.5857 Y-0.638 Z0.4285
X4.4929 Y-0.6547 Z0.4286
X4.4155 Y-0.6677
X4.3846 Y-0.6728
X4.3381 Y-0.68
X4.284 Y-0.6882
X4.2608 Y-0.6916 Z0.4285
X4.1757 Y-0.7035 Z0.4286
X4.1501 Y-0.7068 Z0.4285
X4.0596 Y-0.7182 Z0.4286
X4.0209 Y-0.7226 Z0.4285
X3.9513 Y-0.7304 Z0.4286
X3.9126 Y-0.7343 Z0.4285
X3.843 Y-0.7412 Z0.4286
X3.7936 Y-0.7455 Z0.4285
X3.7347 Y-0.7505 Z0.4286
X3.6882 Y-0.754 Z0.4285
X3.6263 Y-0.7584 Z0.4286
X3.5722 Y-0.7617 Z0.4285
X3.518 Y-0.7649 Z0.4286
X3.4639 Y-0.7675 Z0.4285
X3.402 Y-0.7702 Z0.4286
X3.3401 Y-0.7723 Z0.4285
X3.2936 Y-0.7737 Z0.4286
X3.2395 Y-0.7748 Z0.4285
X3.1853 Y-0.7758 Z0.4286
X3.1157 Y-0.7763 Z0.4285
X3.077 Y-0.7764 Z0.4286
X3.0074 Y-0.776 Z0.4285
X2.9687 Y-0.7757 Z0.4286
X2.8991 Y-0.7743 Z0.4285
X2.8604 Y-0.7735 Z0.4286
X2.7907 Y-0.7712 Z0.4285
X2.7443 Y-0.7695 Z0.4286
X2.6669 Y-0.7659 Z0.4285
X2.636 Y-0.7644 Z0.4286
X2.5586 Y-0.7597 Z0.4285
X2.5277 Y-0.7578 Z0.4286
X2.4426 Y-0.7516 Z0.4285
X2.4194 Y-0.7498 Z0.4286
X2.3343 Y-0.7424
X2.311 Y-0.7403
X2.2182 Y-0.731 Z0.4285
X2.2027 Y-0.7295 Z0.4286
X2.1021 Y-0.718
X2.0867 Y-0.7161
X1.9861 Y-0.7033
X1.8855 Y-0.6891
X1.87 Y-0.6869
X1.7772 Y-0.6725 Z0.4285
X1.7695 Y-0.6714
X1.7617 Y-0.6704
X1.754 Y-0.6697
X1.7462 Y-0.6695
X1.7385 Y-0.67 Z0.4284
X1.7308 Y-0.6711
X1.723 Y-0.6727 Z0.4285
X1.7153 Y-0.675 Z0.4284
X1.7128 Y-0.6759
X1.7076 Y-0.678 Z0.4285
X1.6998 Y-0.6816
X1.6961 Y-0.6836
X1.6921 Y-0.6861
X1.6843 Y-0.6915
X1.6766 Y-0.6981
X1.6755 Y-0.6991
X1.6689 Y-0.7062
X1.6624 Y-0.7146
X1.6611 Y-0.7164
X1.6575 Y-0.7223
X1.6534 Y-0.7301
X1.6502 Y-0.7378 Z0.4284
X1.6476 Y-0.7455
X1.6456 Y-0.7533
X1.6442 Y-0.761
X1.6435 Y-0.7687 Z0.4285
X1.6433 Y-0.7765
X1.6438 Y-0.7842
X1.6448 Y-0.792 Z0.4284
X1.6457 Y-0.7969
X1.6463 Y-0.7997
X1.6485 Y-0.8074
X1.6513 Y-0.8152 Z0.4285
X1.6547 Y-0.8229
X1.6617 Y-0.8384 Z0.4286
X1.6689 Y-0.856 Z0.4287
X1.6709 Y-0.8616 Z0.4286
X1.6737 Y-0.8694
X1.6766 Y-0.878 Z0.4287
X1.6787 Y-0.8848 Z0.4286
X1.6811 Y-0.8926 Z0.4287
X1.6852 Y-0.908 Z0.4286
X1.687 Y-0.9158
X1.6887 Y-0.9235
X1.6902 Y-0.9313 Z0.4287
X1.6921 Y-0.942 Z0.4286
X1.6929 Y-0.9467
X1.6949 Y-0.9622
X1.6958 Y-0.97
X1.697 Y-0.9854
X1.6977 Y-1.0009
X1.6978 Y-1.0087
X1.6977 Y-1.0241
X1.6969 Y-1.0396
X1.6964 Y-1.0474
X1.695 Y-1.0628 Z0.4285
X1.6944 Y-1.0706
X1.694 Y-1.0783
X1.6939 Y-1.0861
X1.6942 Y-1.0938
X1.6948 Y-1.1015 Z0.4284
X1.6958 Y-1.1093 Z0.4285
X1.697 Y-1.117
X1.6986 Y-1.1247
X1.6998 Y-1.1298 Z0.4284
X1.7028 Y-1.1402
X1.7056 Y-1.148 Z0.4285
X1.7076 Y-1.1533
X1.7086 Y-1.1557
X1.7121 Y-1.1634
X1.7153 Y-1.1697
X1.7205 Y-1.1789
X1.723 Y-1.1829
X1.7254 Y-1.1867
X1.731 Y-1.1944
X1.7372 Y-1.2021
X1.7385 Y-1.2037
X1.744 Y-1.2099 Z0.4284
X1.7517 Y-1.2176
X1.754 Y-1.2197
X1.7605 Y-1.2254 Z0.4285
X1.7617 Y-1.2264
X1.7705 Y-1.2331
X1.7772 Y-1.2376
X1.7822 Y-1.2408
X1.7849 Y-1.2425
X1.7927 Y-1.2468
X1.796 Y-1.2486
X1.8081 Y-1.2541
X1.8316 Y-1.2641 Z0.4286
X1.9087 Y-1.2965
X1.9407 Y-1.3105
X2.0093 Y-1.3405
X2.0325 Y-1.3509 Z0.4285
X2.1021 Y-1.3825 Z0.4287
X2.1254 Y-1.3932 Z0.4285
X2.2027 Y-1.4296 Z0.4287
X2.2288 Y-1.4421 Z0.4285
X2.2956 Y-1.4745 Z0.4287
X2.3265 Y-1.4898 Z0.4285
X2.3652 Y-1.5092 Z0.4286
X2.3961 Y-1.5248 Z0.4287
X2.4348 Y-1.5446 Z0.4285
X2.4906 Y-1.5736 Z0.4287
X2.5277 Y-1.5932 Z0.4285
X2.5509 Y-1.6056
X2.5896 Y-1.6264 Z0.4287
X2.6346 Y-1.651 Z0.4284
X2.6824 Y-1.6775 Z0.4287
X2.7315 Y-1.7052 Z0.4284
X2.7753 Y-1.7302 Z0.4287
X2.8294 Y-1.7617 Z0.4285
X2.8604 Y-1.78 Z0.4287
X2.8681 Y-1.7845
X2.93 Y-1.8216 Z0.4285
X2.961 Y-1.8405 Z0.4287
X3.0306 Y-1.8835 Z0.4285
X3.0547 Y-1.8987 Z0.4287
X3.1234 Y-1.9425 Z0.4285
X3.1395 Y-1.9528 Z0.4286
X3.1632 Y-1.9683
X3.2221 Y-2.007 Z0.4285
X3.2338 Y-2.0148 Z0.4286
X3.3169 Y-2.0709
X3.3252 Y-2.0767
X3.4032 Y-2.1308
X3.4097 Y-2.1354 Z0.4285
X3.4174 Y-2.1404
X3.4252 Y-2.1452
X3.4272 Y-2.1463
X3.4329 Y-2.1495
X3.4426 Y-2.1541
X3.4484 Y-2.1565
X3.4561 Y-2.1594
X3.4639 Y-2.1619
X3.4716 Y-2.1641 Z0.4284
X3.4793 Y-2.1659 Z0.4285
X3.4871 Y-2.1673
X3.4948 Y-2.1685
X3.5063 Y-2.1695
X3.5103 Y-2.1698
X3.518 Y-2.1699 Z0.4286
X3.5258 Y-2.1697 Z0.4285
X3.5335 Y-2.1692
X3.5412 Y-2.1682
X3.549 Y-2.1671 Z0.4284
X3.5567 Y-2.1655 Z0.4285
X3.5644 Y-2.1637
X3.5722 Y-2.1615
X3.5799 Y-2.1588
X3.5877 Y-2.1559
X3.5954 Y-2.1525
X3.6031 Y-2.1486
X3.6074 Y-2.1463
X3.6109 Y-2.1444
X3.62 Y-2.1386
X3.6263 Y-2.134
X3.6306 Y-2.1308 Z0.4284
X3.6341 Y-2.1281 Z0.4285
X3.6418 Y-2.1215
X3.6495 Y-2.1139
X3.6553 Y-2.1076
X3.6573 Y-2.1053
X3.6617 Y-2.0999
X3.6677 Y-2.0921
X3.6805 Y-2.0749 Z0.4286
X3.6851 Y-2.0689 Z0.4287
X3.6975 Y-2.0535 Z0.4286
X3.7041 Y-2.0457
X3.7114 Y-2.0372
X3.7177 Y-2.0302
X3.7347 Y-2.0123
X3.7424 Y-2.0047
X3.7501 Y-1.9972
X3.7579 Y-1.99
X3.7656 Y-1.983
X3.7735 Y-1.9761 Z0.4287
X3.7922 Y-1.9606 Z0.4286
X3.8043 Y-1.9513
X3.8124 Y-1.9451
X3.8233 Y-1.9374
X3.8352 Y-1.9291 Z0.4287
X3.8464 Y-1.9219 Z0.4286
X3.8588 Y-1.9141 Z0.4287
X3.8739 Y-1.9052 Z0.4286
X3.8817 Y-1.9009 Z0.4287
X3.9004 Y-1.8909 Z0.4286
X3.9049 Y-1.8886
X3.9203 Y-1.8813 Z0.4287
X3.9281 Y-1.8776 Z0.4286
X3.9358 Y-1.8742 Z0.4285
X3.9513 Y-1.8677 Z0.4287
X3.959 Y-1.8647 Z0.4286
X3.9668 Y-1.8617
X3.9745 Y-1.8588 Z0.4287
X3.9939 Y-1.8522 Z0.4286
X3.9977 Y-1.851
X4.0055 Y-1.8486
X4.0209 Y-1.8441
X4.0287 Y-1.842
X4.0364 Y-1.84
X4.0519 Y-1.8363 Z0.4287
X4.0673 Y-1.8331 Z0.4286
X4.0751 Y-1.8316 Z0.4287
X4.0906 Y-1.829 Z0.4286
X4.0983 Y-1.8277
X4.106 Y-1.8266
X4.1292 Y-1.8239
X4.137 Y-1.8232
X4.1525 Y-1.822 Z0.4287
X4.1602 Y-1.8216 Z0.4286
X4.1681 Y-1.8213 Z0.4285
X4.1757 Y-1.821 Z0.4286
X4.1834 Y-1.8209 Z0.4287
X4.1989 Y-1.8208 Z0.4285
X4.2066 Y-1.8209 Z0.4286
X4.2144 Y-1.8213 Z0.4287
X4.2298 Y-1.8219 Z0.4285
X4.2376 Y-1.8224 Z0.4286
X4.2453 Y-1.8231
X4.2608 Y-1.8245
X4.2685 Y-1.8254
X4.284 Y-1.8274 Z0.4287
X4.2995 Y-1.8299 Z0.4286
X4.3072 Y-1.8312 Z0.4287
X4.3149 Y-1.8327
X4.3304 Y-1.8359 Z0.4286
X4.3381 Y-1.8376
X4.3614 Y-1.8434
X4.3691 Y-1.8457
X4.3846 Y-1.8503 Z0.4287
X4.3923 Y-1.8528 Z0.4286
X4.4078 Y-1.8581
X4.4131 Y-1.86 Z0.4287
X4.4332 Y-1.8677 Z0.4286
X4.4387 Y-1.87
X4.4542 Y-1.8767
X4.4619 Y-1.8802
X4.4774 Y-1.8876
X4.4851 Y-1.8915
X4.5006 Y-1.8997
X4.5084 Y-1.904
X4.5258 Y-1.9141
X4.5395 Y-1.9219 Z0.4285
X4.547 Y-1.9256
X4.5548 Y-1.9291
X4.5625 Y-1.9321
X4.5703 Y-1.9347
X4.578 Y-1.937 Z0.4284
X4.5857 Y-1.9388 Z0.4285
X4.5935 Y-1.9404
X4.6012 Y-1.9416
X4.6089 Y-1.9425
X4.6167 Y-1.9431
X4.6244 Y-1.9433
X4.6322 Y-1.9432
X4.6399 Y-1.9427
X4.6476 Y-1.9419
X4.6554 Y-1.9409
X4.6631 Y-1.9394
X4.6708 Y-1.9377 Z0.4284
X4.6786 Y-1.9355 Z0.4285
X4.6863 Y-1.933
X4.6953 Y-1.9296
X4.7018 Y-1.9268
X4.7095 Y-1.9231
X4.7173 Y-1.9189
X4.725 Y-1.9141
X4.7327 Y-1.909
X4.7362 Y-1.9064
X4.7405 Y-1.9031
X4.7458 Y-1.8987
X4.7482 Y-1.8965
X4.7543 Y-1.8909
X4.7618 Y-1.8832
X4.7685 Y-1.8754 Z0.4286
X4.7714 Y-1.872 Z0.4285
X4.8063 Y-1.829 Z0.4286
X4.826 Y-1.8058
X4.8411 Y-1.7881
X4.8488 Y-1.7793
X4.8805 Y-1.7439
X4.8876 Y-1.7361
X4.9184 Y-1.7034
X4.9339 Y-1.6875 Z0.4285
X4.9571 Y-1.664 Z0.4286
X4.9648 Y-1.6564
X4.9864 Y-1.6355
X5.0035 Y-1.6191
X5.0193 Y-1.6046
X5.0361 Y-1.5891
X5.0446 Y-1.5814
X5.0654 Y-1.5631
X5.0809 Y-1.5496
X5.0889 Y-1.5427
X5.1118 Y-1.5235
X5.1253 Y-1.5123
X5.1294 Y-1.5087 Z0.4284
X5.1335 Y-1.5049 Z0.4279
X5.1374 Y-1.501 Z0.4271
X5.1411 Y-1.497 Z0.4261
X5.1448 Y-1.493 Z0.4249
X5.1483 Y-1.4889 Z0.4235
X5.1588 Y-1.4766 Z0.419
X5.1624 Y-1.4725 Z0.4176
X5.166 Y-1.4685 Z0.4162
X5.1697 Y-1.4645 Z0.4149
X5.1736 Y-1.4606 Z0.4139
X5.1776 Y-1.4569 Z0.4131
X5.1817 Y-1.4532 Z0.4125
X5.186 Y-1.4498 Z0.4123
X5.2047 Y-1.4357
X5.2124 Y-1.4299 Z0.4124
X5.2494 Y-1.4034 Z0.4123
X5.2603 Y-1.3956 Z0.4124
X5.2975 Y-1.3702 Z0.4123
X5.3058 Y-1.3647
X5.344 Y-1.3399
X5.3536 Y-1.3337
X5.3788 Y-1.3182
X5.4059 Y-1.3018
X5.4368 Y-1.2839
X5.4523 Y-1.275 Z0.4124
X5.4721 Y-1.2641 Z0.4123
X5.5064 Y-1.2454
X5.5374 Y-1.2295
X5.5529 Y-1.2215
X5.5683 Y-1.2139
X5.607 Y-1.1953 Z0.4124
X5.6302 Y-1.1846 Z0.4123
X5.6612 Y-1.1707 Z0.4124
X5.6844 Y-1.1608 Z0.4123
X5.7076 Y-1.151
X5.7153 Y-1.1478 Z0.4124
X5.7385 Y-1.1385 Z0.4123
X5.7618 Y-1.1294 Z0.4124
X5.7772 Y-1.1236 Z0.4123
X5.8004 Y-1.115
X5.8161 Y-1.1093 Z0.4124
X5.8314 Y-1.104 Z0.4123
X5.8546 Y-1.096
X5.8701 Y-1.0908
X5.8856 Y-1.0858
X5.9165 Y-1.0761
X5.9242 Y-1.0737
X5.9348 Y-1.0706 Z0.4124
X5.9629 Y-1.0624 Z0.4123
X5.9784 Y-1.058
X5.9892 Y-1.0551 Z0.4124
X6.0326 Y-1.0437 Z0.4123
X6.0403 Y-1.0418
X6.0867 Y-1.0309
X6.0945 Y-1.0291 Z0.4124
X6.1486 Y-1.0176 Z0.4123
X6.1563 Y-1.0158 Z0.4122
X6.1641 Y-1.0139
X6.1718 Y-1.0115
X6.1798 Y-1.0087
X6.1873 Y-1.0056
X6.1971 Y-1.0009
X6.2028 Y-0.9978 Z0.4123
X6.2105 Y-0.9931 Z0.4122
X6.2182 Y-0.9879
X6.2216 Y-0.9854
X6.226 Y-0.982
X6.2311 Y-0.9777
X6.2337 Y-0.9754 Z0.4123
X6.2395 Y-0.97 Z0.4122
X6.2468 Y-0.9622
X6.2532 Y-0.9545
X6.2569 Y-0.9495
X6.2589 Y-0.9467
X6.264 Y-0.939
X6.2686 Y-0.9313
X6.2726 Y-0.9235
X6.2762 Y-0.9158
X6.2793 Y-0.908
X6.2819 Y-0.9003
X6.2842 Y-0.8926
X6.2861 Y-0.8848
X6.2879 Y-0.8756
X6.2888 Y-0.8694
X6.2896 Y-0.8616
X6.2901 Y-0.8539 Z0.4123
X6.2903 Y-0.8461
X6.2896 Y-0.8307
X6.2887 Y-0.8152
X6.2884 Y-0.8074
X6.2881 Y-0.7997
X6.2879 Y-0.7842
X6.2881 Y-0.7687
X6.2883 Y-0.761 Z0.4124
X6.2891 Y-0.7455 Z0.4123
X6.2895 Y-0.7378 Z0.4124
X6.2909 Y-0.7223 Z0.4123
X6.2916 Y-0.7146 Z0.4124
X6.2945 Y-0.6914
X6.2969 Y-0.6759 Z0.4123
X6.2982 Y-0.6681 Z0.4124
X6.3012 Y-0.6527 Z0.4123
X6.3034 Y-0.6416
X6.3055 Y-0.6294 Z0.4122
X6.3064 Y-0.6217
X6.307 Y-0.614 Z0.4123
X6.3072 Y-0.6062
X6.3071 Y-0.5985
X6.3066 Y-0.5907 Z0.4122
X6.3058 Y-0.583
X6.3045 Y-0.5753
X6.3031 Y-0.5675
X6.3011 Y-0.5598
X6.2988 Y-0.552
X6.2962 Y-0.5443
X6.293 Y-0.5366
X6.2894 Y-0.5288
X6.2855 Y-0.5211
X6.2801 Y-0.5123
X6.2756 Y-0.5056
X6.2724 Y-0.5011
X6.2699 Y-0.4979 Z0.4123
X6.2634 Y-0.4901 Z0.4122
X6.2561 Y-0.4824
X6.2492 Y-0.476 Z0.4123
X6.2477 Y-0.4747 Z0.4122
X6.2415 Y-0.4695
X6.238 Y-0.4669
X6.2337 Y-0.4638
X6.226 Y-0.4586
X6.2182 Y-0.4541 Z0.4123
X6.2133 Y-0.4514 Z0.4122
X6.2028 Y-0.4464
X6.195 Y-0.4434
X6.1873 Y-0.4408
X6.1796 Y-0.4384
X6.1691 Y-0.436
X6.1641 Y-0.435
X6.1563 Y-0.4339
X6.1486 Y-0.4331 Z0.4123
X6.1409 Y-0.4325
X6.1022 Y-0.4308
X6.0635 Y-0.4296
X6.0558
X6.048 Y-0.4298 Z0.4122
X6.0403 Y-0.4304
X6.0326 Y-0.4313
X6.0248 Y-0.4325
X6.0171 Y-0.4342
X6.0093 Y-0.4361
X6.0016 Y-0.4385
X5.9939 Y-0.4412
X5.9877 Y-0.4437
X5.9784 Y-0.448
X5.9707 Y-0.4522
X5.9629 Y-0.4569
X5.9552 Y-0.462
X5.9474 Y-0.468
X5.9397 Y-0.4747 Z0.4123
X5.9317 Y-0.4824
X5.9242 Y-0.4907 Z0.4122
X5.9184 Y-0.4979
X5.9129 Y-0.5056
X5.908 Y-0.5133
X5.9036 Y-0.5211 Z0.4123
X5.901 Y-0.5261
X5.8997 Y-0.5288 Z0.4122
X5.8963 Y-0.5366 Z0.4123
X5.8933 Y-0.5446 Z0.4122
X5.8908 Y-0.552
X5.8887 Y-0.5598
X5.8869 Y-0.5675
X5.8855 Y-0.5753
X5.8844 Y-0.583 Z0.4123
X5.8826 Y-0.5985
X5.8818 Y-0.6062 Z0.4124
X5.8807 Y-0.614
X5.8782 Y-0.6294
X5.8767 Y-0.6372
X5.8751 Y-0.6449
X5.8734 Y-0.6527
X5.8701 Y-0.6661
X5.8695 Y-0.6681
X5.865 Y-0.6836
X5.8623 Y-0.6919
X5.8599 Y-0.6991
X5.8571 Y-0.7068
X5.8541 Y-0.7146
X5.851 Y-0.7223
X5.8477 Y-0.73
X5.8442 Y-0.7378
X5.8406 Y-0.7455
X5.8391 Y-0.7486
X5.8314 Y-0.7635
X5.8285 Y-0.7687
X5.8237 Y-0.7772
X5.8195 Y-0.7842
X5.8096 Y-0.7997
X5.8082 Y-0.8018
X5.7987 Y-0.8152
X5.7927 Y-0.8232
X5.7868 Y-0.8307
X5.785 Y-0.833
X5.7772 Y-0.8422
X5.7738 Y-0.8461
X5.7695 Y-0.851
X5.7595 Y-0.8616
X5.754 Y-0.8673
X5.7438 Y-0.8771
X5.7385 Y-0.882
X5.7308 Y-0.8888
X5.7265 Y-0.8926
X5.7231 Y-0.8954
X5.7153 Y-0.9016
X5.7071 Y-0.908
X5.6921 Y-0.9189
X5.6844 Y-0.924
X5.6767 Y-0.9291
X5.6689 Y-0.9338
X5.6602 Y-0.939
X5.6534 Y-0.9428
X5.638 Y-0.9509
X5.6302 Y-0.9546
X5.6225 Y-0.9583
X5.6135 Y-0.9622 Z0.4123
X5.607 Y-0.9649
X5.5993 Y-0.968 Z0.4124
X5.5838 Y-0.9737
X5.5761 Y-0.9762
X5.5683 Y-0.9786
X5.5606 Y-0.981
X5.5437 Y-0.9854
X5.5374 Y-0.9869
X5.5219 Y-0.9902
X5.5142 Y-0.9915
X5.504 Y-0.9932
X5.4987 Y-0.994
X5.491 Y-0.9949
X5.4832 Y-0.9958
X5.4755 Y-0.9965
X5.46 Y-0.9976
X5.4445 Y-0.9981 Z0.4123
X5.4368 Y-0.9982
X5.4213 Y-0.9978 Z0.4124
X5.4136 Y-0.9974
X5.3981 Y-0.9964
X5.3904 Y-0.9956
X5.3749 Y-0.9937
X5.3672 Y-0.9925
X5.3594 Y-0.9912
X5.3517 Y-0.9897
X5.3362 Y-0.9864
X5.3285 Y-0.9845
X5.3207 Y-0.9825
X5.313 Y-0.9803
X5.3045 Y-0.9777
X5.2975 Y-0.9755
X5.2898 Y-0.9729
X5.2818 Y-0.97
X5.2743 Y-0.9672
X5.2624 Y-0.9622
X5.2589 Y-0.9607
X5.2511 Y-0.9572
X5.2434 Y-0.9536
X5.2356 Y-0.9498
X5.2202 Y-0.9416
X5.2047 Y-0.9325
X5.2027 Y-0.9313
X5.197 Y-0.9276
X5.1892 Y-0.9226
X5.1815 Y-0.9173
X5.1737 Y-0.9117
X5.1687 Y-0.908
X5.166 Y-0.906
X5.1505 Y-0.8936
X5.1404 Y-0.8848
X5.1351 Y-0.88
X5.1239 Y-0.8694
X5.1196 Y-0.8651
X5.1089 Y-0.8539 Z0.4123
X5.1041 Y-0.8486 Z0.4124
X5.0953 Y-0.8384 Z0.4123
X5.0886 Y-0.8302 Z0.4124
X5.0809 Y-0.8203
X5.0771 Y-0.8152
X5.0716 Y-0.8074
X5.0654 Y-0.7984
X5.0563 Y-0.7842
X5.0473 Y-0.7687 Z0.4123
X5.0422 Y-0.7593 Z0.4124
X5.0391 Y-0.7533
X5.0345 Y-0.7439
X5.0281 Y-0.73
X5.0248 Y-0.7223 Z0.4123
X5.0184 Y-0.7068
X5.0151 Y-0.6991 Z0.4122
X5.0112 Y-0.6914
X5.0069 Y-0.6836
X5.0035 Y-0.6781
X5.002 Y-0.6759
X4.9958 Y-0.6671
X4.9904 Y-0.6604
X4.9881 Y-0.6576
X4.9835 Y-0.6527
X4.9803 Y-0.6494
X4.9726 Y-0.6421
X4.9648 Y-0.6357
X4.9564 Y-0.6294
X4.9494 Y-0.6248
X4.9416 Y-0.6203
X4.9339 Y-0.6163 Z0.4123
X4.929 Y-0.614 Z0.4122
X4.9184 Y-0.6096
X4.9083 Y-0.6062
X4.9029 Y-0.6048
X4.8952 Y-0.6028
X4.8875 Y-0.6014
X4.8797 Y-0.6002
X4.872 Y-0.5994
X4.8643 Y-0.5989 Z0.4123
X4.8565 Y-0.5988
X4.8488 Y-0.5991
X4.8411 Y-0.5997
X4.8333 Y-0.6007 Z0.4122
X4.8256 Y-0.602 Z0.4123
X4.8178 Y-0.6034
X4.7482 Y-0.6179
X4.7173 Y-0.6244
X4.6631 Y-0.635
X4.6089 Y-0.6455
X4.578 Y-0.6512
X4.5006 Y-0.6652
X4.4542 Y-0.673
X4.3907 Y-0.6836
X4.3459 Y-0.6906
X4.284 Y-0.7 Z0.4124
X4.253 Y-0.7045 Z0.4123
X4.1757 Y-0.7152
X4.137 Y-0.7202
X4.0596 Y-0.7299
X4.0287 Y-0.7335
X3.9513 Y-0.7421 Z0.4124
X3.9126 Y-0.7461 Z0.4123
X3.843 Y-0.7529 Z0.4124
X3.7966 Y-0.757 Z0.4123
X3.7347 Y-0.7622 Z0.4124
X3.6882 Y-0.7657 Z0.4123
X3.6263 Y-0.7701 Z0.4124
X3.5722 Y-0.7734 Z0.4123
X3.518 Y-0.7765 Z0.4124
X3.4639 Y-0.7791 Z0.4122
X3.402 Y-0.7818 Z0.4124
X3.3478 Y-0.7837 Z0.4123
X3.2936 Y-0.7853 Z0.4124
X3.2395 Y-0.7865 Z0.4123
X3.1853 Y-0.7874 Z0.4124
X3.1234 Y-0.7879 Z0.4123
X3.077 Y-0.7881 Z0.4124
X3.0074 Y-0.7877 Z0.4123
X2.9687 Y-0.7873 Z0.4124
X2.8991 Y-0.786 Z0.4123
X2.8526 Y-0.7849 Z0.4124
X2.783 Y-0.7826 Z0.4123
X2.7443 Y-0.7812 Z0.4124
X2.6669 Y-0.7776 Z0.4123
X2.636 Y-0.776 Z0.4124
X2.5586 Y-0.7714 Z0.4123
X2.5277 Y-0.7695 Z0.4124
X2.4426 Y-0.7632 Z0.4123
X2.4138 Y-0.761
X2.3343 Y-0.7541
X2.311 Y-0.752
X2.2182 Y-0.7427
X2.195 Y-0.7403
X2.1021 Y-0.7297
X2.0867 Y-0.7279
X1.9861 Y-0.715
X1.9551 Y-0.7107
X1.8728 Y-0.6991
X1.7726 Y-0.6836
X1.7617 Y-0.6821 Z0.4122
X1.754 Y-0.6814
X1.7462 Y-0.6812 Z0.4123
X1.7385 Y-0.6818 Z0.4122
X1.7308 Y-0.683
X1.7279 Y-0.6836
X1.723 Y-0.6849
X1.7153 Y-0.6874
X1.7076 Y-0.6908
X1.7065 Y-0.6914
X1.6998 Y-0.695
X1.6938 Y-0.6991
X1.6921 Y-0.7003
X1.6843 Y-0.7068
X1.6771 Y-0.7146
X1.6712 Y-0.7223
X1.6689 Y-0.7259
X1.6665 Y-0.73
X1.6627 Y-0.7378
X1.6611 Y-0.7417
X1.6598 Y-0.7455 Z0.4121
X1.6576 Y-0.7533
X1.6561 Y-0.761 Z0.4122
X1.6552 Y-0.7687
X1.655 Y-0.7765 Z0.4123
X1.6555 Y-0.7842 Z0.4122
X1.6566 Y-0.792
X1.6584 Y-0.7997 Z0.4121
X1.6611 Y-0.8083 Z0.4122
X1.664 Y-0.8152 Z0.4123
X1.671 Y-0.8307 Z0.4124
X1.6743 Y-0.8384
X1.6774 Y-0.8461
X1.6805 Y-0.8539
X1.6843 Y-0.8645
X1.686 Y-0.8694
X1.6885 Y-0.8771
X1.6921 Y-0.8887
X1.6952 Y-0.9003
X1.6972 Y-0.908
X1.6998 Y-0.9201
X1.7005 Y-0.9235
X1.702 Y-0.9313
X1.7034 Y-0.939
X1.7046 Y-0.9467
X1.7066 Y-0.9622
X1.7076 Y-0.9714
X1.7087 Y-0.9854
X1.7093 Y-1.0009 Z0.4123
X1.7095 Y-1.0087
X1.7093 Y-1.0241 Z0.4124
X1.7086 Y-1.0396
X1.7081 Y-1.0474
X1.7067 Y-1.0628 Z0.4123
X1.7061 Y-1.0706
X1.7056 Y-1.0783
Y-1.0861
X1.7059 Y-1.0938
X1.7065 Y-1.1015 Z0.4122
X1.7076 Y-1.1094
X1.7089 Y-1.117
X1.7106 Y-1.1247
X1.7127 Y-1.1325
X1.7153 Y-1.1406
X1.718 Y-1.148
X1.7214 Y-1.1557
X1.723 Y-1.1593
X1.7252 Y-1.1634 Z0.4123
X1.7294 Y-1.1712 Z0.4122
X1.7343 Y-1.1789
X1.7398 Y-1.1867
X1.7462 Y-1.1948
X1.7528 Y-1.2021
X1.7605 Y-1.2099
X1.7695 Y-1.2177
X1.7772 Y-1.2235
X1.7797 Y-1.2254
X1.7849 Y-1.2288
X1.7927 Y-1.2335
X1.8004 Y-1.2377
X1.8081 Y-1.2413 Z0.4123
X1.8159 Y-1.2448
X1.8391 Y-1.2546
X1.9087 Y-1.2839
X1.9319 Y-1.2939
X2.0093 Y-1.3278 Z0.4124
X2.0325 Y-1.3381 Z0.4123
X2.1099 Y-1.3732 Z0.4124
X2.1331 Y-1.384 Z0.4123
X2.2105 Y-1.4204 Z0.4124
X2.2337 Y-1.4314 Z0.4122
X2.3033 Y-1.4653 Z0.4124
X2.3345 Y-1.4807 Z0.4122
X2.3729 Y-1.5001 Z0.4123
X2.4039 Y-1.5157 Z0.4124
X2.4348 Y-1.5315 Z0.4122
X2.4735 Y-1.5516 Z0.4123
X2.4967 Y-1.5637 Z0.4125
X2.5354 Y-1.5841 Z0.4122
X2.5664 Y-1.6007 Z0.4123
X2.5896 Y-1.6132 Z0.4124
X2.636 Y-1.6385 Z0.4122
X2.6747 Y-1.6599 Z0.4124
X2.6902 Y-1.6685
X2.7366 Y-1.6947 Z0.4122
X2.783 Y-1.7213 Z0.4124
X2.8372 Y-1.7527 Z0.4122
X2.8758 Y-1.7756 Z0.4124
X2.9391 Y-1.8135 Z0.4122
X2.9687 Y-1.8316 Z0.4124
X3.0306 Y-1.8698 Z0.4122
X3.0461 Y-1.8795 Z0.4123
X3.0642 Y-1.8909 Z0.4124
X3.1312 Y-1.9336 Z0.4123
X3.149 Y-1.9451 Z0.4124
X3.224 Y-1.9943 Z0.4123
X3.2395 Y-2.0046 Z0.4124
X3.3232 Y-2.0612 Z0.4123
X3.3401 Y-2.0728
X3.4125 Y-2.1231
X3.4174 Y-2.1265
X3.4252 Y-2.1315 Z0.4122
X3.4329 Y-2.1362 Z0.4123
X3.4373 Y-2.1386 Z0.4122
X3.4406 Y-2.1403
X3.4484 Y-2.1439
X3.4561 Y-2.147
X3.4639 Y-2.1497
X3.4716 Y-2.152
X3.48 Y-2.1541
X3.4871 Y-2.1555
X3.4948 Y-2.1567
X3.5025 Y-2.1575
X3.5103 Y-2.1581 Z0.4123
X3.518 Y-2.1582
X3.5258 Y-2.158
X3.5335 Y-2.1575 Z0.4122
X3.5412 Y-2.1565
X3.549 Y-2.1552
X3.5567 Y-2.1536
X3.5644 Y-2.1516
X3.5722 Y-2.1492
X3.5802 Y-2.1463
X3.5877 Y-2.1432 Z0.4123
X3.5954 Y-2.1395 Z0.4122
X3.6031 Y-2.1354
X3.6109 Y-2.1306 Z0.4123
X3.6186 Y-2.1253 Z0.4122
X3.6215 Y-2.1231
X3.6263 Y-2.1193
X3.6341 Y-2.1127
X3.6393 Y-2.1076
X3.6418 Y-2.1051
X3.6466 Y-2.0999 Z0.4123
X3.6495 Y-2.0964 Z0.4122
X3.653 Y-2.0921
X3.659 Y-2.0844 Z0.4123
X3.6728 Y-2.0659 Z0.4124
X3.6764 Y-2.0612
X3.6888 Y-2.0457
X3.696 Y-2.0373
X3.7037 Y-2.0284 Z0.4123
X3.709 Y-2.0225 Z0.4124
X3.7269 Y-2.0036
X3.7347 Y-1.996 Z0.4123
X3.7424 Y-1.9885 Z0.4124
X3.7474 Y-1.9838
X3.7579 Y-1.9743 Z0.4123
X3.7656 Y-1.9675 Z0.4124
X3.7833 Y-1.9528
X3.7888 Y-1.9484
X3.8043 Y-1.9367
X3.8141 Y-1.9296 Z0.4123
X3.8275 Y-1.9203 Z0.4124
X3.8369 Y-1.9141 Z0.4123
X3.8507 Y-1.9055 Z0.4124
X3.8662 Y-1.8963 Z0.4123
X3.8756 Y-1.8909 Z0.4124
X3.8971 Y-1.8795 Z0.4123
X3.9055 Y-1.8754
X3.9218 Y-1.8677 Z0.4124
X3.9281 Y-1.8649 Z0.4123
X3.9436 Y-1.8583 Z0.4124
X3.9513 Y-1.8552
X3.959 Y-1.8522 Z0.4123
X3.9668 Y-1.8493
X3.9745 Y-1.8465 Z0.4124
X3.99 Y-1.8413 Z0.4123
X3.9977 Y-1.8388 Z0.4124
X4.0209 Y-1.832
X4.0325 Y-1.829 Z0.4123
X4.0441 Y-1.8262 Z0.4124
X4.0519 Y-1.8245
X4.0596 Y-1.8228 Z0.4123
X4.0673 Y-1.8213
X4.0751 Y-1.8198 Z0.4124
X4.0906 Y-1.8172 Z0.4123
X4.0983 Y-1.8159 Z0.4124
X4.1138 Y-1.814
X4.1292 Y-1.8122
X4.137 Y-1.8116 Z0.4123
X4.1525 Y-1.8104 Z0.4124
X4.1602 Y-1.81 Z0.4123
X4.1679 Y-1.8096
X4.1757 Y-1.8094 Z0.4124
X4.1834 Y-1.8093
X4.1989 Y-1.8091 Z0.4122
X4.2066 Y-1.8093 Z0.4123
X4.2144 Y-1.8096 Z0.4124
X4.2298 Y-1.8102 Z0.4123
X4.2376 Y-1.8107
X4.2608 Y-1.8127 Z0.4124
X4.2685 Y-1.8137 Z0.4123
X4.284 Y-1.8157 Z0.4124
X4.2917 Y-1.8168
X4.2995 Y-1.8181 Z0.4123
X4.3072 Y-1.8194 Z0.4124
X4.3172 Y-1.8213
X4.3304 Y-1.824 Z0.4123
X4.3381 Y-1.8256 Z0.4124
X4.3614 Y-1.8314
X4.3691 Y-1.8335 Z0.4123
X4.3846 Y-1.8381 Z0.4124
X4.3923 Y-1.8405
X4.4078 Y-1.8458 Z0.4123
X4.4155 Y-1.8485 Z0.4124
X4.431 Y-1.8544 Z0.4123
X4.4387 Y-1.8574 Z0.4124
X4.4542 Y-1.864
X4.4627 Y-1.8677
X4.4697 Y-1.871 Z0.4123
X4.4851 Y-1.8785 Z0.4124
X4.4944 Y-1.8832
X4.5088 Y-1.8909
X4.5161 Y-1.895
X4.5357 Y-1.9064 Z0.4123
X4.547 Y-1.9127 Z0.4122
X4.5548 Y-1.9164
X4.5625 Y-1.9196 Z0.4123
X4.5685 Y-1.9219 Z0.4122
X4.578 Y-1.9249
X4.5857 Y-1.9269
X4.5935 Y-1.9286
X4.6012 Y-1.9298
X4.6089 Y-1.9308
X4.6167 Y-1.9314 Z0.4123
X4.6244 Y-1.9316
X4.6322
X4.6399 Y-1.931 Z0.4122
X4.6476 Y-1.9302
X4.6554 Y-1.9291
X4.6631 Y-1.9275
X4.6708 Y-1.9256
X4.6786 Y-1.9233
X4.6827 Y-1.9219
X4.6863 Y-1.9206
X4.694 Y-1.9175
X4.7018 Y-1.9139
X4.7095 Y-1.9098
X4.7155 Y-1.9064
X4.7173 Y-1.9053
X4.725 Y-1.9002
X4.7327 Y-1.8944
X4.7369 Y-1.8909
X4.7405 Y-1.8878
X4.7455 Y-1.8832
X4.7482 Y-1.8805 Z0.4123
X4.7531 Y-1.8754 Z0.4122
X4.7598 Y-1.8677 Z0.4123
X4.7662 Y-1.86
X4.7976 Y-1.8213 Z0.4124
X4.8178 Y-1.7974 Z0.4123
X4.8333 Y-1.7792 Z0.4124
X4.8488 Y-1.7618 Z0.4123
X4.872 Y-1.7359 Z0.4124
X4.8797 Y-1.7275 Z0.4123
X4.9107 Y-1.6946 Z0.4124
X4.9262 Y-1.6788 Z0.4123
X4.9537 Y-1.651 Z0.4124
X4.9776 Y-1.6278 Z0.4123
X4.9938 Y-1.6123 Z0.4124
X5.0113 Y-1.5961 Z0.4123
X5.0358 Y-1.5736 Z0.4124
X5.0577 Y-1.5544 Z0.4123
X5.08 Y-1.5349 Z0.4124
X5.1041 Y-1.5148 Z0.4123
X5.1196 Y-1.5019
X5.1273 Y-1.4957
X5.1583 Y-1.4711
X5.166 Y-1.465 Z0.4124
X5.186 Y-1.4498 Z0.4123
X5.1904 Y-1.4463 Z0.4121
X5.1945 Y-1.4426 Z0.4117
X5.1984 Y-1.4387 Z0.411
X5.2022 Y-1.4348 Z0.4101
X5.2059 Y-1.4307 Z0.4091
X5.2095 Y-1.4265 Z0.4079
X5.2199 Y-1.4139 Z0.4041
X5.2235 Y-1.4098 Z0.4029
X5.2271 Y-1.4056 Z0.4018
X5.2308 Y-1.4016 Z0.4007
X5.2346 Y-1.3977 Z0.3999
X5.2387 Y-1.3939 Z0.3992
X5.2429 Y-1.3904 Z0.3988
X5.2473 Y-1.387 Z0.3986
X5.2511 Y-1.3843
X5.2912 Y-1.3569
X5.2975 Y-1.3527
X5.3362 Y-1.3276
X5.3517 Y-1.3178
X5.3904 Y-1.2941
X5.3981 Y-1.2895
X5.4291 Y-1.2716
X5.4445 Y-1.2627
X5.46 Y-1.2541
X5.4987 Y-1.233
X5.5296 Y-1.2171
X5.5451 Y-1.2092
X5.5606 Y-1.2015
X5.5993 Y-1.1828
X5.6148 Y-1.1757
X5.6457 Y-1.1617
X5.6534 Y-1.1582 Z0.3987
X5.6773 Y-1.148 Z0.3986
X5.6999 Y-1.1385
X5.7076 Y-1.1352 Z0.3987
X5.7338 Y-1.1247 Z0.3986
X5.7618 Y-1.1138 Z0.3987
X5.7927 Y-1.1023 Z0.3986
X5.8163 Y-1.0938
X5.8469 Y-1.0833
X5.8701 Y-1.0755
X5.9088 Y-1.0633
X5.9242 Y-1.0585
X5.9629 Y-1.0473
X5.9784 Y-1.0429
X6.0248 Y-1.0307
X6.0326 Y-1.0287
X6.048 Y-1.025
X6.0867 Y-1.0159
X6.0945 Y-1.0142
X6.1409 Y-1.0044
X6.1486 Y-1.0027 Z0.3985
X6.1563 Y-1.0008
X6.1641 Y-0.9986
X6.1718 Y-0.9961
X6.1796 Y-0.9931
X6.1873 Y-0.9895
X6.195 Y-0.9854
X6.2028 Y-0.9808
X6.2105 Y-0.9756
X6.2182 Y-0.9695
X6.2265 Y-0.9622
X6.2341 Y-0.9545
X6.2415 Y-0.9458
X6.2465 Y-0.939
X6.2492 Y-0.9351
X6.2517 Y-0.9313
X6.2563 Y-0.9235
X6.2602 Y-0.9158
X6.2636 Y-0.908
X6.2647 Y-0.9054
X6.2666 Y-0.9003
X6.2691 Y-0.8926 Z0.3984
X6.2711 Y-0.8848 Z0.3985
X6.2724 Y-0.8791
X6.2741 Y-0.8694
X6.275 Y-0.8616
X6.2755 Y-0.8539
X6.2757 Y-0.8461 Z0.3986
X6.275 Y-0.8307
X6.2742 Y-0.8152
X6.2738 Y-0.8074
X6.2736 Y-0.7997
X6.2734 Y-0.7842
X6.2736 Y-0.7687
X6.2738 Y-0.761
X6.2745 Y-0.7455
X6.275 Y-0.7378
X6.2763 Y-0.7223
X6.277 Y-0.7146 Z0.3987
X6.2779 Y-0.7068 Z0.3986
X6.2801 Y-0.6889 Z0.3987
X6.2822 Y-0.6759 Z0.3986
X6.2835 Y-0.6681
X6.2849 Y-0.6604
X6.2879 Y-0.6449
X6.2894 Y-0.6372
X6.2907 Y-0.6294 Z0.3985
X6.2917 Y-0.6217
X6.2924 Y-0.614
X6.2927 Y-0.6062
X6.2925 Y-0.5985 Z0.3986
X6.292 Y-0.5907 Z0.3985
X6.2911 Y-0.583
X6.2897 Y-0.5753
X6.2879 Y-0.5669
X6.286 Y-0.5598 Z0.3984
X6.2834 Y-0.552 Z0.3985
X6.2801 Y-0.5435
X6.277 Y-0.5366
X6.2731 Y-0.5288
X6.2684 Y-0.5211
X6.2647 Y-0.5154
X6.2633 Y-0.5133
X6.2569 Y-0.505
X6.2507 Y-0.4979
X6.2492 Y-0.4963
X6.2431 Y-0.4901
X6.2415 Y-0.4886
X6.2337 Y-0.482
X6.226 Y-0.4761
X6.2182 Y-0.4709
X6.2105 Y-0.4664
X6.2028 Y-0.4625
X6.195 Y-0.459
X6.1873 Y-0.4561
X6.1796 Y-0.4536
X6.1714 Y-0.4514
X6.1641 Y-0.4498
X6.1563 Y-0.4486
X6.1486 Y-0.4477
X6.1409 Y-0.447
X6.1177 Y-0.446 Z0.3986
X6.1022 Y-0.4454
X6.0635 Y-0.4442
X6.0558
X6.048 Y-0.4444 Z0.3985
X6.0403 Y-0.445
X6.0326 Y-0.446
X6.0248 Y-0.4474 Z0.3984
X6.0171 Y-0.4491 Z0.3985
X6.009 Y-0.4514
X6.0016 Y-0.4539
X5.9939 Y-0.4569
X5.9861 Y-0.4605
X5.9784 Y-0.4646
X5.9744 Y-0.4669 Z0.3984
X5.9707 Y-0.4692 Z0.3985
X5.9627 Y-0.4747
X5.9552 Y-0.4805
X5.953 Y-0.4824
X5.9474 Y-0.4873
X5.9446 Y-0.4901
X5.9397 Y-0.4952
X5.9373 Y-0.4979
X5.9308 Y-0.5056
X5.9252 Y-0.5133
X5.9242 Y-0.5148
X5.9204 Y-0.5211
X5.9165 Y-0.5278 Z0.3986
X5.9122 Y-0.5366 Z0.3985
X5.9088 Y-0.5447
X5.9061 Y-0.552
X5.9038 Y-0.5598
X5.9018 Y-0.5675 Z0.3984
X5.901 Y-0.5713 Z0.3985
X5.9003 Y-0.5753
X5.8991 Y-0.583
X5.8973 Y-0.5985 Z0.3986
X5.8964 Y-0.6062
X5.8954 Y-0.614 Z0.3987
X5.893 Y-0.6294
X5.8915 Y-0.6372
X5.8884 Y-0.6527
X5.8856 Y-0.6642 Z0.3986
X5.8846 Y-0.6681
X5.8825 Y-0.6759 Z0.3987
X5.8778 Y-0.6914
X5.8752 Y-0.6991
X5.8725 Y-0.7068
X5.8697 Y-0.7146
X5.8667 Y-0.7223 Z0.3986
X5.8623 Y-0.7329 Z0.3987
X5.8602 Y-0.7378 Z0.3986
X5.8546 Y-0.7499 Z0.3987
X5.853 Y-0.7533
X5.8469 Y-0.7653
X5.8451 Y-0.7687
X5.8408 Y-0.7765
X5.8364 Y-0.7842 Z0.3986
X5.8314 Y-0.7926 Z0.3987
X5.8237 Y-0.8047 Z0.3986
X5.8219 Y-0.8074
X5.8159 Y-0.816 Z0.3987
X5.8082 Y-0.8268
X5.8053 Y-0.8307 Z0.3986
X5.7992 Y-0.8384
X5.7927 Y-0.8464 Z0.3987
X5.785 Y-0.8555 Z0.3986
X5.7795 Y-0.8616 Z0.3987
X5.7695 Y-0.8722
X5.7647 Y-0.8771
X5.754 Y-0.8875
X5.7463 Y-0.8946
X5.7385 Y-0.9014 Z0.3986
X5.7306 Y-0.908 Z0.3987
X5.7209 Y-0.9158
X5.7153 Y-0.92
X5.6997 Y-0.9313
X5.6921 Y-0.9364 Z0.3986
X5.6844 Y-0.9414 Z0.3987
X5.6756 Y-0.9467 Z0.3986
X5.6689 Y-0.9507
X5.6612 Y-0.9551 Z0.3987
X5.6457 Y-0.9633
X5.638 Y-0.9671 Z0.3986
X5.6302 Y-0.9707
X5.6225 Y-0.9742
X5.6141 Y-0.9777
X5.607 Y-0.9806 Z0.3987
X5.5993 Y-0.9835 Z0.3986
X5.5915 Y-0.9863
X5.5838 Y-0.989 Z0.3987
X5.5761 Y-0.9915 Z0.3986
X5.5683 Y-0.9938 Z0.3987
X5.5606 Y-0.996
X5.5529 Y-0.9981 Z0.3986
X5.5451 Y-1. Z0.3987
X5.5374 Y-1.0018 Z0.3986
X5.5296 Y-1.0034 Z0.3987
X5.5219 Y-1.0049
X5.5142 Y-1.0063 Z0.3986
X5.5064 Y-1.0075 Z0.3987
X5.4983 Y-1.0087
X5.491 Y-1.0096 Z0.3986
X5.4832 Y-1.0104 Z0.3987
X5.4755 Y-1.0111 Z0.3986
X5.46 Y-1.0122
X5.4445 Y-1.0126
X5.4368 Y-1.0127
X5.4213 Y-1.0124
X5.4136 Y-1.012 Z0.3987
X5.3981 Y-1.0109
X5.3904 Y-1.0102 Z0.3986
X5.3749 Y-1.0083 Z0.3987
X5.3672 Y-1.0072 Z0.3986
X5.3594 Y-1.0059 Z0.3987
X5.3517 Y-1.0045
X5.3362 Y-1.0013
X5.3285 Y-0.9995
X5.313 Y-0.9954
X5.3053 Y-0.9932
X5.2975 Y-0.9908
X5.2898 Y-0.9883
X5.2818 Y-0.9854 Z0.3986
X5.2743 Y-0.9827 Z0.3987
X5.2666 Y-0.9797 Z0.3986
X5.2589 Y-0.9765
X5.2511 Y-0.9732 Z0.3987
X5.2434 Y-0.9697 Z0.3986
X5.2356 Y-0.966 Z0.3987
X5.2279 Y-0.9622 Z0.3986
X5.2124 Y-0.9539 Z0.3987
X5.197 Y-0.9448
X5.1878 Y-0.939 Z0.3986
X5.1815 Y-0.9349
X5.1761 Y-0.9313 Z0.3987
X5.1737 Y-0.9296
X5.1652 Y-0.9235 Z0.3986
X5.1583 Y-0.9184 Z0.3987
X5.1428 Y-0.9061
X5.1351 Y-0.8995 Z0.3986
X5.1273 Y-0.8926 Z0.3987
X5.119 Y-0.8848 Z0.3986
X5.111 Y-0.8771 Z0.3987
X5.1036 Y-0.8694 Z0.3986
X5.0963 Y-0.8616 Z0.3987
X5.0886 Y-0.8529 Z0.3986
X5.0828 Y-0.8461
X5.0809 Y-0.8438 Z0.3987
X5.0766 Y-0.8384 Z0.3986
X5.0705 Y-0.8307 Z0.3987
X5.0648 Y-0.8229 Z0.3986
X5.0577 Y-0.8129 Z0.3987
X5.054 Y-0.8074
X5.044 Y-0.792
X5.0345 Y-0.7757 Z0.3986
X5.0307 Y-0.7687
X5.0267 Y-0.761
X5.0228 Y-0.7533 Z0.3987
X5.0156 Y-0.7378
X5.0113 Y-0.7276 Z0.3986
X5.0059 Y-0.7146
X5.0025 Y-0.7068 Z0.3985
X4.9988 Y-0.6991
X4.9958 Y-0.6936
X4.9945 Y-0.6914
X4.9897 Y-0.6836
X4.9842 Y-0.6759
X4.9779 Y-0.6681
X4.9726 Y-0.6623
X4.9707 Y-0.6604
X4.9648 Y-0.6548
X4.9625 Y-0.6527
X4.9571 Y-0.6482
X4.9529 Y-0.6449 Z0.3984
X4.9494 Y-0.6423 Z0.3985
X4.9416 Y-0.6371
X4.9339 Y-0.6326
X4.9262 Y-0.6287
X4.9184 Y-0.6253
X4.9107 Y-0.6224
X4.9029 Y-0.6198
X4.8952 Y-0.6179
X4.8875 Y-0.6162
X4.8797 Y-0.6149
X4.8715 Y-0.614
X4.8643 Y-0.6135 Z0.3986
X4.8565 Y-0.6134
X4.8488 Y-0.6137 Z0.3985
X4.8411 Y-0.6144
X4.8333 Y-0.6154
X4.8256 Y-0.6168
X4.8101 Y-0.6199 Z0.3986
X4.7173 Y-0.6392
X4.6244 Y-0.6574
X4.6087 Y-0.6604
X4.5703 Y-0.6674
X4.5006 Y-0.68
X4.4465 Y-0.6891
X4.3923 Y-0.6981
X4.3459 Y-0.7053
X4.284 Y-0.7147
X4.253 Y-0.7192
X4.1747 Y-0.73
X4.137 Y-0.7349
X4.0673 Y-0.7437
X4.0364 Y-0.7473
X3.959 Y-0.7559
X3.9203 Y-0.7599
X3.843 Y-0.7675
X3.7966 Y-0.7716
X3.7347 Y-0.7768
X3.6882 Y-0.7803
X3.6263 Y-0.7847
X3.5722 Y-0.788 Z0.3985
X3.518 Y-0.7911 Z0.3986
X3.4639 Y-0.7937 Z0.3985
X3.402 Y-0.7964 Z0.3986
X3.3478 Y-0.7983
X3.2936 Y-0.7999
X3.2395 Y-0.801
X3.1853 Y-0.802
X3.1157 Y-0.8025
X3.077 Y-0.8026
X3.0074 Y-0.8022 Z0.3985
X2.9687 Y-0.8018 Z0.3986
X2.8991 Y-0.8005
X2.8526 Y-0.7994
X2.783 Y-0.7972
X2.7443 Y-0.7957
X2.6627 Y-0.792
X2.636 Y-0.7906
X2.5509 Y-0.7855
X2.5277 Y-0.7841
X2.4426 Y-0.7778
X2.4116 Y-0.7754
X2.3265 Y-0.768
X2.3033 Y-0.7659
X2.2105 Y-0.7566
X2.195 Y-0.7549
X2.1021 Y-0.7444
X2.0867 Y-0.7425
X1.9886 Y-0.73
X1.9706 Y-0.7276
X1.8778 Y-0.7145
X1.8623 Y-0.7122
X1.7772 Y-0.699
X1.7617 Y-0.6968 Z0.3985
X1.754 Y-0.6959
X1.7462 Y-0.6958
X1.7385 Y-0.6965
X1.7308 Y-0.6979
X1.7263 Y-0.6991
X1.723 Y-0.7002 Z0.3984
X1.7153 Y-0.7033
X1.7085 Y-0.7068 Z0.3985
X1.7076 Y-0.7074
X1.6998 Y-0.7128
X1.6976 Y-0.7146 Z0.3984
X1.6921 Y-0.7198 Z0.3985
X1.6897 Y-0.7223 Z0.3984
X1.6843 Y-0.729 Z0.3985
X1.6836 Y-0.73
X1.6789 Y-0.7378 Z0.3984
X1.6766 Y-0.7425
X1.6753 Y-0.7455
X1.6727 Y-0.7533
X1.6709 Y-0.761
X1.6698 Y-0.7687 Z0.3985
X1.6695 Y-0.7765
X1.6701 Y-0.7842 Z0.3984
X1.6715 Y-0.792
X1.6736 Y-0.7997
X1.6766 Y-0.8077 Z0.3985
X1.6799 Y-0.8152 Z0.3986
X1.6843 Y-0.8249
X1.6868 Y-0.8307 Z0.3987
X1.6931 Y-0.8461
X1.696 Y-0.8539 Z0.3986
X1.6998 Y-0.8648 Z0.3987
X1.7037 Y-0.8771 Z0.3986
X1.7061 Y-0.8848 Z0.3987
X1.7102 Y-0.9003 Z0.3986
X1.7121 Y-0.908 Z0.3987
X1.7153 Y-0.9231
X1.7168 Y-0.9313 Z0.3986
X1.7181 Y-0.939
X1.7193 Y-0.9467 Z0.3987
X1.7213 Y-0.9622
X1.722 Y-0.97 Z0.3986
X1.7232 Y-0.9854 Z0.3987
X1.7239 Y-1.0009 Z0.3986
X1.724 Y-1.0087
X1.7239 Y-1.0241
X1.7235 Y-1.0319
X1.723 Y-1.0415
X1.7226 Y-1.0474
X1.7207 Y-1.0706
X1.7202 Y-1.0783 Z0.3985
X1.7201 Y-1.0861
X1.7205 Y-1.0938
X1.7212 Y-1.1015
X1.7223 Y-1.1093
X1.723 Y-1.1134
X1.7238 Y-1.117
X1.7257 Y-1.1247
X1.7279 Y-1.1325 Z0.3984
X1.7308 Y-1.1405 Z0.3985
X1.7339 Y-1.148
X1.7375 Y-1.1557
X1.7418 Y-1.1634
X1.7467 Y-1.1712
X1.7522 Y-1.1789
X1.754 Y-1.1812
X1.7584 Y-1.1867
X1.7617 Y-1.1904
X1.7656 Y-1.1944
X1.7695 Y-1.1982
X1.7772 Y-1.2051
X1.7849 Y-1.2111
X1.7927 Y-1.2164
X1.8004 Y-1.2211
X1.8083 Y-1.2254
X1.8159 Y-1.2288
X1.8256 Y-1.2331 Z0.3986
X1.9174 Y-1.2718
X1.9474 Y-1.2848
X2.017 Y-1.3153
X2.0409 Y-1.326
X2.1176 Y-1.3608
X2.1427 Y-1.3724 Z0.3985
X2.2105 Y-1.4043 Z0.3987
X2.2414 Y-1.419 Z0.3985
X2.311 Y-1.4529 Z0.3987
X2.342 Y-1.4682 Z0.3985
X2.3884 Y-1.4916 Z0.3986
X2.4129 Y-1.504 Z0.3987
X2.4433 Y-1.5194 Z0.3985
X2.4813 Y-1.5392 Z0.3986
X2.5045 Y-1.5514 Z0.3987
X2.5432 Y-1.5717 Z0.3985
X2.5818 Y-1.5925 Z0.3986
X2.605 Y-1.6051 Z0.3987
X2.6437 Y-1.6261 Z0.3985
X2.6824 Y-1.6476 Z0.3987
X2.7024 Y-1.6588
X2.7443 Y-1.6823 Z0.3985
X2.7907 Y-1.709 Z0.3987
X2.8376 Y-1.7361 Z0.3985
X2.8639 Y-1.7516 Z0.3986
X2.8836 Y-1.7633 Z0.3987
X2.9455 Y-1.8003 Z0.3985
X2.9796 Y-1.8213 Z0.3987
X3.0461 Y-1.8623 Z0.3985
X3.0693 Y-1.8769 Z0.3987
X3.1399 Y-1.9219 Z0.3985
X3.1637 Y-1.9374 Z0.3987
X3.2317 Y-1.982 Z0.3986
X3.2472 Y-1.9923
X3.3264 Y-2.0457
X3.3401 Y-2.0551
X3.4174 Y-2.1089
X3.427 Y-2.1154 Z0.3985
X3.4329 Y-2.1192
X3.4406 Y-2.1238
X3.4484 Y-2.1278
X3.4561 Y-2.1313
X3.4639 Y-2.1343
X3.4716 Y-2.1368
X3.4778 Y-2.1386
X3.4871 Y-2.1407
X3.4948 Y-2.142
X3.5025 Y-2.1429
X3.5103 Y-2.1435
X3.518 Y-2.1437 Z0.3986
X3.5258 Y-2.1434
X3.5335 Y-2.1428 Z0.3985
X3.5412 Y-2.1418
X3.549 Y-2.1404
X3.5567 Y-2.1386
X3.5644 Y-2.1364
X3.5722 Y-2.1337
X3.5799 Y-2.1307
X3.5877 Y-2.1271
X3.5954 Y-2.123
X3.6031 Y-2.1183
X3.6074 Y-2.1154
X3.6109 Y-2.1129
X3.6176 Y-2.1076
X3.6264 Y-2.0999
X3.6341 Y-2.092
X3.6406 Y-2.0844
X3.6466 Y-2.0767 Z0.3986
X3.6581 Y-2.0612
X3.665 Y-2.0521
X3.6764 Y-2.038
X3.6805 Y-2.033 Z0.3987
X3.6896 Y-2.0225 Z0.3986
X3.6964 Y-2.0148
X3.7037 Y-2.0069
X3.7114 Y-1.9987
X3.7192 Y-1.9908
X3.7269 Y-1.9832
X3.7347 Y-1.9758 Z0.3987
X3.7428 Y-1.9683 Z0.3986
X3.7514 Y-1.9606
X3.7579 Y-1.955 Z0.3987
X3.7733 Y-1.9422 Z0.3986
X3.7811 Y-1.9361
X3.7966 Y-1.9243
X3.8043 Y-1.9188
X3.8198 Y-1.908 Z0.3987
X3.8275 Y-1.9029 Z0.3986
X3.8352 Y-1.898
X3.843 Y-1.8932 Z0.3987
X3.8597 Y-1.8832 Z0.3986
X3.8662 Y-1.8795
X3.8894 Y-1.8671
X3.8971 Y-1.8633
X3.9126 Y-1.856 Z0.3987
X3.9207 Y-1.8522 Z0.3986
X3.9358 Y-1.8458
X3.9436 Y-1.8426 Z0.3987
X3.9513 Y-1.8396 Z0.3986
X3.959 Y-1.8367
X3.9668 Y-1.8338 Z0.3987
X3.9822 Y-1.8285 Z0.3986
X3.99 Y-1.826
X3.9977 Y-1.8236
X4.0132 Y-1.8191
X4.0209 Y-1.817
X4.0287 Y-1.815
X4.0441 Y-1.8113 Z0.3987
X4.0596 Y-1.808 Z0.3986
X4.0707 Y-1.8058 Z0.3987
X4.0906 Y-1.8025 Z0.3986
X4.0983 Y-1.8013 Z0.3987
X4.1246 Y-1.7981
X4.1292 Y-1.7976 Z0.3986
X4.1525 Y-1.7958 Z0.3987
X4.1602 Y-1.7954 Z0.3986
X4.1679 Y-1.7951
X4.1757 Y-1.7949
X4.1834 Y-1.7948 Z0.3987
X4.1989 Y-1.7946 Z0.3985
X4.2066 Y-1.7947 Z0.3986
X4.2144 Y-1.7951 Z0.3987
X4.2298 Y-1.7956 Z0.3986
X4.2376 Y-1.7961
X4.2608 Y-1.7982 Z0.3987
X4.2685 Y-1.799 Z0.3986
X4.284 Y-1.801 Z0.3987
X4.2917 Y-1.8021
X4.3072 Y-1.8047 Z0.3986
X4.3149 Y-1.806 Z0.3987
X4.3304 Y-1.8091 Z0.3986
X4.3381 Y-1.8108
X4.3459 Y-1.8125
X4.3691 Y-1.8184 Z0.3987
X4.3789 Y-1.8213 Z0.3986
X4.3923 Y-1.8253 Z0.3987
X4.4037 Y-1.829 Z0.3986
X4.4155 Y-1.8331
X4.4233 Y-1.8358 Z0.3987
X4.4387 Y-1.8418 Z0.3986
X4.4465 Y-1.8448 Z0.3987
X4.4636 Y-1.8522 Z0.3986
X4.4697 Y-1.8549 Z0.3987
X4.4804 Y-1.86 Z0.3986
X4.4929 Y-1.8661 Z0.3987
X4.5006 Y-1.87 Z0.3986
X4.5161 Y-1.8783 Z0.3987
X4.5247 Y-1.8832 Z0.3986
X4.5393 Y-1.8917
X4.547 Y-1.8961 Z0.3985
X4.5517 Y-1.8987
X4.5548 Y-1.9003
X4.5625 Y-1.9039
X4.5687 Y-1.9064
X4.578 Y-1.9096
X4.5857 Y-1.9119
X4.5955 Y-1.9141
X4.6012 Y-1.9151
X4.6089 Y-1.9162
X4.6167 Y-1.9168
X4.6244 Y-1.9171 Z0.3986
X4.6322 Y-1.917 Z0.3985
X4.6399 Y-1.9164
X4.6476 Y-1.9155
X4.6556 Y-1.9141
X4.6631 Y-1.9125
X4.6708 Y-1.9104
X4.6786 Y-1.9079
X4.6863 Y-1.9049
X4.694 Y-1.9015
X4.7018 Y-1.8975
X4.7095 Y-1.8929
X4.7173 Y-1.8878
X4.7234 Y-1.8832
X4.725 Y-1.8819
X4.7327 Y-1.8752
X4.7405 Y-1.8676
X4.7482 Y-1.8588 Z0.3986
X4.7559 Y-1.8495
X4.7869 Y-1.8114
X4.8113 Y-1.7826
X4.8256 Y-1.766
X4.8522 Y-1.7361
X4.8643 Y-1.7228
X4.8807 Y-1.7052
X4.9029 Y-1.6817
X4.9184 Y-1.6659
X4.9416 Y-1.6425 Z0.3987
X4.9648 Y-1.6199 Z0.3986
X4.9808 Y-1.6046
X4.9958 Y-1.5906
X5.019 Y-1.5693
X5.0267 Y-1.5622
X5.05 Y-1.5418
X5.0667 Y-1.5272
X5.0851 Y-1.5117
X5.1118 Y-1.4895
X5.1351 Y-1.4709
X5.1583 Y-1.4526
X5.1892 Y-1.4291
X5.2047 Y-1.4176 Z0.3987
X5.2356 Y-1.3953 Z0.3986
X5.2473 Y-1.387
X5.2517 Y-1.3836 Z0.3985
X5.2559 Y-1.38 Z0.3982
X5.2599 Y-1.3762 Z0.3976
X5.2638 Y-1.3722 Z0.397
X5.2675 Y-1.3681 Z0.3962
X5.2711 Y-1.3639 Z0.3953
X5.2817 Y-1.3512 Z0.3923
X5.2852 Y-1.347 Z0.3914
X5.2889 Y-1.3429 Z0.3905
X5.2927 Y-1.3389 Z0.3896
X5.2966 Y-1.335 Z0.389
X5.3007 Y-1.3313 Z0.3884
X5.305 Y-1.3279 Z0.3881
X5.3095 Y-1.3247 Z0.3879
X5.3316 Y-1.3105
X5.344 Y-1.3027
X5.3826 Y-1.2791
X5.3904 Y-1.2744
X5.4291 Y-1.252
X5.4368 Y-1.2476 Z0.388
X5.4523 Y-1.2391 Z0.3879
X5.491 Y-1.218
X5.5219 Y-1.202
X5.5374 Y-1.1941
X5.5529 Y-1.1864
X5.5845 Y-1.1712
X5.5915 Y-1.1678 Z0.388
X5.607 Y-1.1606 Z0.3879
X5.638 Y-1.1466
X5.6457 Y-1.1432 Z0.388
X5.6705 Y-1.1325 Z0.3879
X5.6921 Y-1.1234
X5.6999 Y-1.1202 Z0.388
X5.7231 Y-1.1108 Z0.3879
X5.7467 Y-1.1015 Z0.388
X5.754 Y-1.0987
X5.785 Y-1.0871 Z0.3879
X5.8093 Y-1.0783 Z0.388
X5.8391 Y-1.068 Z0.3879
X5.8623 Y-1.0602 Z0.388
X5.8933 Y-1.0504 Z0.3879
X5.9165 Y-1.0432 Z0.388
X5.9397 Y-1.0364 Z0.3879
X5.9707 Y-1.0275
X5.9861 Y-1.0234
X6.0248 Y-1.0133
X6.0326 Y-1.0113 Z0.388
X6.079 Y-1.0004 Z0.3879
X6.0867 Y-0.9986 Z0.388
X6.1409 Y-0.9871 Z0.3879
X6.1486 Y-0.9853
X6.1563 Y-0.9833 Z0.3878
X6.1641 Y-0.9808
X6.1724 Y-0.9777 Z0.3879
X6.1796 Y-0.9744
X6.188 Y-0.97
X6.195 Y-0.9656
X6.2 Y-0.9622 Z0.3878
X6.2028 Y-0.9601
X6.2105 Y-0.9538
X6.2182 Y-0.9465
X6.226 Y-0.9379
X6.2312 Y-0.9313
X6.2337 Y-0.9277
X6.2366 Y-0.9235
X6.2415 Y-0.9153
X6.2451 Y-0.908
X6.2485 Y-0.9003
X6.2492 Y-0.8985
X6.2513 Y-0.8926
X6.2536 Y-0.8848
X6.2555 Y-0.8771
X6.2569 Y-0.8694
X6.258 Y-0.8616 Z0.3879
X6.2585 Y-0.8539
X6.2588 Y-0.8461
X6.2581 Y-0.8307
X6.2572 Y-0.8152
X6.2569 Y-0.8074
X6.2567 Y-0.7997
X6.2565 Y-0.7842
X6.2567 Y-0.7687
X6.2569 Y-0.7589 Z0.388
X6.2576 Y-0.7455 Z0.3879
X6.258 Y-0.7378 Z0.388
X6.2593 Y-0.7223 Z0.3879
X6.26 Y-0.7146 Z0.388
X6.2608 Y-0.7068
X6.2628 Y-0.6914
X6.2638 Y-0.6836
X6.2663 Y-0.6681 Z0.3879
X6.2677 Y-0.6604 Z0.388
X6.2724 Y-0.6359 Z0.3879
X6.2736 Y-0.6294
X6.2747 Y-0.6217 Z0.3878
X6.2754 Y-0.614
X6.2758 Y-0.6062 Z0.3879
X6.2756 Y-0.5985
X6.2749 Y-0.5907 Z0.3878
X6.2739 Y-0.583
X6.2724 Y-0.5751
X6.2705 Y-0.5675
X6.2682 Y-0.5598
X6.2647 Y-0.5504 Z0.3879
X6.2619 Y-0.5443 Z0.3878
X6.258 Y-0.5366
X6.2533 Y-0.5288
X6.2492 Y-0.5228
X6.2479 Y-0.5211
X6.2415 Y-0.513
X6.2337 Y-0.5047
X6.226 Y-0.4976
X6.2182 Y-0.4915
X6.2164 Y-0.4901
X6.2105 Y-0.4861
X6.2028 Y-0.4815 Z0.3879
X6.195 Y-0.4776
X6.1885 Y-0.4747
X6.1796 Y-0.4714 Z0.3878
X6.1718 Y-0.469
X6.163 Y-0.4669
X6.1563 Y-0.4657
X6.1486 Y-0.4647
X6.1409 Y-0.464 Z0.3879
X6.1254 Y-0.4633
X6.1022 Y-0.4623
X6.0635 Y-0.4611
X6.0558
X6.048 Y-0.4614
X6.0403 Y-0.4621 Z0.3878
X6.0326 Y-0.4632
X6.0248 Y-0.4647
X6.0163 Y-0.4669
X6.0093 Y-0.4691
X6.0016 Y-0.4721
X5.9939 Y-0.4755 Z0.3879
X5.9861 Y-0.4797 Z0.3878
X5.9815 Y-0.4824
X5.9784 Y-0.4844
X5.9703 Y-0.4901
X5.9629 Y-0.4962
X5.9611 Y-0.4979
G3 X5.9464 Y-0.5134 I0.0937 J-0.1033
G1 X5.9397 Y-0.5222 Z0.3879
X5.9355 Y-0.5288 Z0.3878
X5.932 Y-0.5348 Z0.3879
X5.931 Y-0.5366
X5.9273 Y-0.5443
X5.9241 Y-0.552 Z0.3878
X5.9215 Y-0.5598
X5.9193 Y-0.5675
X5.9175 Y-0.5753
X5.9165 Y-0.5811
X5.9152 Y-0.5907 Z0.3879
X5.9134 Y-0.6062 Z0.388
X5.9124 Y-0.614
X5.9101 Y-0.6294
X5.9087 Y-0.6372
X5.9072 Y-0.6449
X5.9056 Y-0.6527
X5.9039 Y-0.6604
X5.901 Y-0.672
X5.9 Y-0.6759
X5.8978 Y-0.6836
X5.8931 Y-0.6991
X5.8904 Y-0.7068
X5.8856 Y-0.7205
X5.8818 Y-0.73
X5.8778 Y-0.7397
X5.8753 Y-0.7455
X5.8701 Y-0.7567
X5.868 Y-0.761
X5.8601 Y-0.7765
X5.8546 Y-0.7864
X5.8515 Y-0.792 Z0.3879
X5.8469 Y-0.7997 Z0.388
X5.8391 Y-0.8119
X5.837 Y-0.8152
X5.8314 Y-0.8234
X5.8237 Y-0.8343
X5.8206 Y-0.8384
X5.8147 Y-0.8461
X5.8082 Y-0.8542
X5.8004 Y-0.8634
X5.7927 Y-0.8722
X5.7808 Y-0.8848
X5.7772 Y-0.8885
X5.7695 Y-0.896
X5.7618 Y-0.9034
X5.754 Y-0.9103
X5.7463 Y-0.917
X5.7383 Y-0.9235
X5.7285 Y-0.9313
X5.7231 Y-0.9353
X5.7153 Y-0.9409
X5.707 Y-0.9467
X5.6953 Y-0.9545
X5.6921 Y-0.9565
X5.6826 Y-0.9622
X5.6767 Y-0.9658
X5.6689 Y-0.9701
X5.6534 Y-0.9783
X5.6457 Y-0.9821 Z0.3879
X5.638 Y-0.9858
X5.6302 Y-0.9893 Z0.388
X5.621 Y-0.9932 Z0.3879
X5.6148 Y-0.9957 Z0.388
X5.607 Y-0.9987
X5.5993 Y-1.0015
X5.5915 Y-1.0042
X5.5838 Y-1.0067
X5.5761 Y-1.0091
X5.5683 Y-1.0114
X5.5606 Y-1.0135
X5.5494 Y-1.0164
X5.5451 Y-1.0174
X5.5296 Y-1.0207
X5.5219 Y-1.0221
X5.5064 Y-1.0246
X5.4987 Y-1.0256
X5.491 Y-1.0266
X5.4832 Y-1.0274
X5.4755 Y-1.028
X5.46 Y-1.0291
X5.4445 Y-1.0295 Z0.3879
X5.4368 Y-1.0296
X5.4213 Y-1.0293
X5.4136 Y-1.0289 Z0.388
X5.4059 Y-1.0284
X5.3981 Y-1.0279
X5.3904 Y-1.0272
X5.3749 Y-1.0254
X5.3662 Y-1.0241
X5.3517 Y-1.0217
X5.344 Y-1.0202
X5.3285 Y-1.0169
X5.3207 Y-1.015
X5.313 Y-1.0129
X5.3053 Y-1.0108
X5.2975 Y-1.0085
X5.2898 Y-1.006
X5.2821 Y-1.0034
X5.2743 Y-1.0007
X5.2666 Y-0.9978
X5.2589 Y-0.9948
X5.2511 Y-0.9916
X5.2434 Y-0.9883
X5.2356 Y-0.9847
X5.2279 Y-0.981
X5.2202 Y-0.9772
X5.2047 Y-0.969
X5.1892 Y-0.9599
X5.1806 Y-0.9545
X5.1737 Y-0.95
X5.166 Y-0.9448
X5.1578 Y-0.939
X5.1473 Y-0.9313
X5.1351 Y-0.9215
X5.1273 Y-0.9151
X5.1192 Y-0.908
X5.1108 Y-0.9003
X5.1027 Y-0.8926
X5.095 Y-0.8848
X5.0876 Y-0.8771
X5.0805 Y-0.8694
X5.0732 Y-0.8609
X5.0673 Y-0.8539
X5.0577 Y-0.8417
X5.0552 Y-0.8384
X5.0495 Y-0.8307
X5.0422 Y-0.8203
X5.0388 Y-0.8152
X5.0338 Y-0.8074
X5.029 Y-0.7997
X5.0199 Y-0.7842 Z0.3879
X5.0157 Y-0.7765
X5.0113 Y-0.7679 Z0.388
X5.0078 Y-0.761
X5.0006 Y-0.7455
X4.9972 Y-0.7378
X4.9908 Y-0.7223 Z0.3879
X4.9874 Y-0.7146
X4.9837 Y-0.7068
X4.9803 Y-0.7006
X4.9744 Y-0.6914 Z0.3878
X4.9726 Y-0.6888
X4.9687 Y-0.6836
X4.9648 Y-0.6789
X4.962 Y-0.6759
X4.9571 Y-0.6708
X4.9543 Y-0.6681
X4.9494 Y-0.6637
X4.9453 Y-0.6604
X4.9416 Y-0.6576
X4.9339 Y-0.6523
X4.9262 Y-0.6477
X4.9208 Y-0.6449 Z0.3879
X4.9184 Y-0.6438
X4.9107 Y-0.6405 Z0.3878
X4.9029 Y-0.6376
X4.8952 Y-0.6353
X4.8875 Y-0.6335
X4.8797 Y-0.632
X4.872 Y-0.631 Z0.3879
X4.8643 Y-0.6305
X4.8565 Y-0.6303
X4.8488 Y-0.6306 Z0.3878
X4.8411 Y-0.6315
X4.8333 Y-0.6326 Z0.3879
X4.8256 Y-0.634
X4.7946 Y-0.6404
X4.725 Y-0.6549
X4.7018 Y-0.6595
X4.6089 Y-0.6776
X4.547 Y-0.6888
X4.5006 Y-0.6971
X4.4465 Y-0.7062
X4.3923 Y-0.7152
X4.3536 Y-0.7212
X4.284 Y-0.7318 Z0.388
X4.253 Y-0.7362 Z0.3879
X4.1757 Y-0.747 Z0.388
X4.137 Y-0.752 Z0.3879
X4.0646 Y-0.761 Z0.388
X4.0364 Y-0.7643 Z0.3879
X3.959 Y-0.7729 Z0.388
X3.9203 Y-0.7769 Z0.3879
X3.8456 Y-0.7842 Z0.388
X3.7966 Y-0.7886 Z0.3879
X3.7347 Y-0.7937 Z0.388
X3.6882 Y-0.7972 Z0.3879
X3.6263 Y-0.8016 Z0.388
X3.5722 Y-0.8049 Z0.3879
X3.518 Y-0.808 Z0.388
X3.4639 Y-0.8107 Z0.3879
X3.402 Y-0.8133
X3.3478 Y-0.8152
X3.2936 Y-0.8168 Z0.388
X3.2395 Y-0.818 Z0.3879
X3.1853 Y-0.8189 Z0.388
X3.1157 Y-0.8194 Z0.3879
X3.0693 Y-0.8195
X3.0074 Y-0.8192
X2.961 Y-0.8186 Z0.388
X2.8991 Y-0.8175 Z0.3879
X2.8526 Y-0.8164 Z0.388
X2.7753 Y-0.8138 Z0.3879
X2.7443 Y-0.8127 Z0.388
X2.6669 Y-0.8091 Z0.3879
X2.6341 Y-0.8074 Z0.388
X2.5509 Y-0.8025 Z0.3879
X2.5277 Y-0.801
X2.4426 Y-0.7948
X2.4116 Y-0.7924
X2.3265 Y-0.785
X2.3033 Y-0.7829
X2.2105 Y-0.7736
X2.195 Y-0.772
X2.0944 Y-0.7605
X2.0712 Y-0.7576
X1.9861 Y-0.7468
X1.9706 Y-0.7447
X1.87 Y-0.7305
X1.7668 Y-0.7146
X1.7617 Y-0.7139
X1.754 Y-0.7129 Z0.3878
X1.7462 Y-0.7128
X1.7385 Y-0.7137
X1.7339 Y-0.7146
X1.7308 Y-0.7155
X1.723 Y-0.7184
X1.7157 Y-0.7223
X1.7076 Y-0.7285
X1.7058 Y-0.73
X1.6998 Y-0.7367
X1.6989 Y-0.7378
X1.694 Y-0.7455
X1.6921 Y-0.7494
X1.6906 Y-0.7533
X1.6883 Y-0.761 Z0.3877
X1.6869 Y-0.7687 Z0.3878
X1.6865 Y-0.7765
X1.6873 Y-0.7842
X1.689 Y-0.792 Z0.3877
X1.6921 Y-0.8008 Z0.3879
X1.695 Y-0.8074
X1.6998 Y-0.8181
X1.7019 Y-0.8229 Z0.388
X1.7082 Y-0.8384
X1.7111 Y-0.8461
X1.7153 Y-0.8578
X1.7166 Y-0.8616
X1.7214 Y-0.8771
X1.7236 Y-0.8848
X1.7256 Y-0.8926
X1.7276 Y-0.9003
X1.7294 Y-0.908
X1.731 Y-0.9158
X1.7326 Y-0.9235
X1.7339 Y-0.9313
X1.7352 Y-0.939
X1.7364 Y-0.9467
X1.7383 Y-0.9622
X1.7396 Y-0.9777
X1.7401 Y-0.9854
X1.7408 Y-1.0009 Z0.3879
X1.7409 Y-1.0087
X1.7408 Y-1.0241
X1.7405 Y-1.0319
X1.7396 Y-1.0474 Z0.388
X1.7377 Y-1.0706 Z0.3879
X1.7371 Y-1.0783
Y-1.0861
X1.7375 Y-1.0938
X1.7385 Y-1.1031 Z0.3878
X1.7395 Y-1.1093
X1.7412 Y-1.117
X1.7433 Y-1.1247
X1.7462 Y-1.1335
X1.749 Y-1.1402
X1.7526 Y-1.148 Z0.3879
X1.7569 Y-1.1557 Z0.3878
X1.7619 Y-1.1634
X1.7676 Y-1.1712
X1.7695 Y-1.1734
X1.7742 Y-1.1789
X1.7772 Y-1.182
X1.7819 Y-1.1867
X1.7849 Y-1.1894
X1.7909 Y-1.1944
X1.7927 Y-1.1958
X1.8017 Y-1.2021 Z0.3879
X1.8081 Y-1.206
X1.8159 Y-1.2102
X1.8236 Y-1.2138
X1.8324 Y-1.2176
X1.9242 Y-1.2563
X1.9551 Y-1.2697
X2.0248 Y-1.3002 Z0.388
X2.048 Y-1.3106 Z0.3879
X2.1254 Y-1.3457 Z0.388
X2.1495 Y-1.3569 Z0.3879
X2.2259 Y-1.3929 Z0.388
X2.2491 Y-1.4039 Z0.3879
X2.3113 Y-1.4343 Z0.388
X2.3272 Y-1.4421
X2.3497 Y-1.4531 Z0.3879
X2.3961 Y-1.4765 Z0.388
X2.4198 Y-1.4885
X2.4503 Y-1.504 Z0.3879
X2.489 Y-1.5242
X2.5122 Y-1.5363 Z0.388
X2.5509 Y-1.5566 Z0.3879
X2.5896 Y-1.5775 Z0.388
X2.6128 Y-1.59
X2.6538 Y-1.6123 Z0.3879
X2.7056 Y-1.6412 Z0.388
X2.7521 Y-1.6672 Z0.3879
X2.7907 Y-1.6895 Z0.388
X2.8449 Y-1.7208 Z0.3879
X2.871 Y-1.7361
X2.8991 Y-1.7529 Z0.388
X2.9532 Y-1.7852 Z0.3879
X2.9868 Y-1.8058 Z0.388
X3.0538 Y-1.8472 Z0.3879
X3.077 Y-1.8618 Z0.388
X3.1471 Y-1.9064 Z0.3879
X3.1709 Y-1.9219 Z0.388
X3.2418 Y-1.9683 Z0.3879
X3.255 Y-1.9771
X3.3401 Y-2.0346
X3.3562 Y-2.0457
X3.4252 Y-2.0936
X3.4343 Y-2.0999
X3.4406 Y-2.104
X3.4484 Y-2.1087
X3.4561 Y-2.1127
X3.4618 Y-2.1154 Z0.3878
X3.4716 Y-2.119
X3.4793 Y-2.1214
X3.4871 Y-2.1233
X3.4948 Y-2.1248
X3.5025 Y-2.1259
X3.5103 Y-2.1266 Z0.3879
X3.518 Y-2.1268
X3.5258 Y-2.1265
X3.5335 Y-2.1257 Z0.3878
X3.5412 Y-2.1246
X3.549 Y-2.123
X3.5567 Y-2.121
X3.5644 Y-2.1185
X3.5726 Y-2.1154
X3.5799 Y-2.112
X3.5882 Y-2.1076
X3.5954 Y-2.1031
X3.5999 Y-2.0999
X3.6031 Y-2.0975
X3.6097 Y-2.0921
X3.6109 Y-2.0911
X3.6186 Y-2.0837
X3.6263 Y-2.075
X3.6312 Y-2.0689 Z0.3879
X3.6418 Y-2.0548
X3.6495 Y-2.0445 Z0.388
X3.6609 Y-2.0302
X3.6673 Y-2.0225
X3.6739 Y-2.0148 Z0.3879
X3.6807 Y-2.007 Z0.388
X3.6882 Y-1.9987
X3.7023 Y-1.9838
X3.7114 Y-1.9747 Z0.3879
X3.7192 Y-1.9672 Z0.388
X3.7269 Y-1.9599
X3.7347 Y-1.9528 Z0.3879
X3.7435 Y-1.9451 Z0.388
X3.7579 Y-1.933 Z0.3879
X3.7656 Y-1.9267 Z0.388
X3.7733 Y-1.9207
X3.7888 Y-1.909
X3.7966 Y-1.9035 Z0.3879
X3.812 Y-1.8929 Z0.388
X3.8198 Y-1.8878 Z0.3879
X3.8352 Y-1.8781 Z0.388
X3.8527 Y-1.8677 Z0.3879
X3.8584 Y-1.8645 Z0.388
X3.8817 Y-1.8521 Z0.3879
X3.8894 Y-1.8483
X3.9049 Y-1.8409 Z0.388
X3.9139 Y-1.8368 Z0.3879
X3.9322 Y-1.829 Z0.388
X3.9358 Y-1.8275
X3.9436 Y-1.8245 Z0.3879
X3.9519 Y-1.8213
X3.959 Y-1.8186 Z0.388
X3.9745 Y-1.8133
X3.9822 Y-1.8107
X3.99 Y-1.8083
X4.0055 Y-1.8038
X4.0132 Y-1.8015
X4.0209 Y-1.7995 Z0.3879
X4.0287 Y-1.7976
X4.0364 Y-1.7957 Z0.388
X4.0441 Y-1.794
X4.0519 Y-1.7923
X4.0617 Y-1.7903
X4.0673 Y-1.7892
X4.0828 Y-1.7866
X4.0906 Y-1.7853
X4.0983 Y-1.7842
X4.1215 Y-1.7814
X4.1292 Y-1.7806 Z0.3879
X4.1525 Y-1.7789 Z0.388
X4.1602 Y-1.7785 Z0.3879
X4.1679 Y-1.7781
X4.1757 Y-1.778 Z0.388
X4.1911 Y-1.7777 Z0.3879
X4.1989 Y-1.7776
X4.2066 Y-1.7778
X4.2221 Y-1.7784
X4.2298 Y-1.7787
X4.2376 Y-1.7792
X4.2608 Y-1.7812 Z0.388
X4.2685 Y-1.782 Z0.3879
X4.284 Y-1.784 Z0.388
X4.2917 Y-1.785
X4.3072 Y-1.7875
X4.3149 Y-1.7889
X4.3227 Y-1.7903
X4.3381 Y-1.7935 Z0.3879
X4.3459 Y-1.7952 Z0.388
X4.3614 Y-1.799
X4.3691 Y-1.801
X4.3768 Y-1.8031
X4.3923 Y-1.8076
X4.4 Y-1.81
X4.4155 Y-1.8152 Z0.3879
X4.4233 Y-1.8179 Z0.388
X4.4325 Y-1.8213
X4.4465 Y-1.8267
X4.4524 Y-1.829
X4.4703 Y-1.8368
X4.4774 Y-1.8399
X4.4872 Y-1.8445 Z0.3879
X4.503 Y-1.8522 Z0.388
X4.5084 Y-1.855 Z0.3879
X4.5238 Y-1.8633 Z0.388
X4.5317 Y-1.8677
X4.547 Y-1.8767 Z0.3879
X4.5587 Y-1.8832
X4.5625 Y-1.8852
X4.5703 Y-1.8888 Z0.3878
X4.5756 Y-1.8909 Z0.3879
X4.578 Y-1.8918 Z0.3878
X4.5857 Y-1.8943
X4.5935 Y-1.8963
X4.6012 Y-1.898
X4.6057 Y-1.8987
X4.6089 Y-1.8991
X4.6167 Y-1.8998 Z0.3879
X4.6244 Y-1.9001
X4.6322 Y-1.9
X4.6399 Y-1.8994 Z0.3878
X4.6456 Y-1.8987 Z0.3879
X4.6476 Y-1.8984 Z0.3878
X4.6554 Y-1.8969
X4.6631 Y-1.895
X4.6708 Y-1.8926
X4.6757 Y-1.8909 Z0.3879
X4.6786 Y-1.8898 Z0.3878
X4.6863 Y-1.8864 Z0.3879
X4.6926 Y-1.8832
X4.694 Y-1.8824
X4.7018 Y-1.8778
X4.7053 Y-1.8754 Z0.3878
X4.7095 Y-1.8724 Z0.3879
X4.7155 Y-1.8677 Z0.3878
X4.7173 Y-1.8662
X4.7241 Y-1.86
X4.7315 Y-1.8522 Z0.3879
X4.7381 Y-1.8445
X4.7714 Y-1.8036 Z0.388
X4.7825 Y-1.7903 Z0.3879
X4.8101 Y-1.758 Z0.388
X4.8226 Y-1.7439 Z0.3879
X4.8504 Y-1.7129 Z0.388
X4.8648 Y-1.6974 Z0.3879
X4.8875 Y-1.6734 Z0.388
X4.9029 Y-1.6575 Z0.3879
X4.9262 Y-1.634 Z0.388
X4.9339 Y-1.6264
X4.9571 Y-1.6039 Z0.3879
X4.9726 Y-1.5891 Z0.388
X4.9892 Y-1.5736 Z0.3879
X5.0146 Y-1.5504 Z0.388
X5.0345 Y-1.5329 Z0.3879
X5.0588 Y-1.5117 Z0.388
X5.0772 Y-1.4962 Z0.3879
X5.0964 Y-1.4803
X5.1053 Y-1.473 Z0.388
X5.1273 Y-1.4555 Z0.3879
X5.1443 Y-1.4421 Z0.388
X5.1544 Y-1.4343 Z0.3879
X5.1815 Y-1.4138
X5.197 Y-1.4023 Z0.388
X5.2279 Y-1.38 Z0.3879
X5.2434 Y-1.3691 Z0.388
X5.2839 Y-1.3414 Z0.3879
X5.2898 Y-1.3375 Z0.388
X5.3095 Y-1.3247 Z0.3879
X5.3141 Y-1.3215 Z0.3878
X5.3184 Y-1.318 Z0.3876
X5.3225 Y-1.3143 Z0.3872
X5.3264 Y-1.3104 Z0.3868
X5.3302 Y-1.3063 Z0.3862
X5.3339 Y-1.3021 Z0.3856
X5.3447 Y-1.2894 Z0.3836
X5.3483 Y-1.2852 Z0.383
X5.352 Y-1.281 Z0.3824
X5.3558 Y-1.277 Z0.3818
X5.3598 Y-1.2732 Z0.3814
X5.364 Y-1.2695 Z0.381
X5.3684 Y-1.2662 Z0.3808
X5.373 Y-1.2631 Z0.3807
X5.3844 Y-1.2563
X5.4246 Y-1.2331
X5.4385 Y-1.2254
X5.4811 Y-1.2021
X5.511 Y-1.1867
X5.5296 Y-1.1771
X5.5451 Y-1.1695
X5.5737 Y-1.1557
X5.5838 Y-1.1508
X5.5993 Y-1.1437
X5.6302 Y-1.1297
X5.6414 Y-1.1247
X5.6612 Y-1.1162
X5.6844 Y-1.1064
X5.6999 Y-1.1
X5.7231 Y-1.0907
X5.7463 Y-1.0817
X5.7695 Y-1.073
X5.7973 Y-1.0628
X5.8194 Y-1.0551
X5.8469 Y-1.0457
X5.8623 Y-1.0406
X5.8933 Y-1.0308
X5.9152 Y-1.0241
X5.9474 Y-1.0147
X5.9707 Y-1.0082
X6.0093 Y-0.998
X6.0282 Y-0.9932
X6.0712 Y-0.983
X6.0867 Y-0.9795
X6.1331 Y-0.9697
X6.1409 Y-0.9679
X6.1486 Y-0.966 Z0.3806
X6.1563 Y-0.9637
X6.1606 Y-0.9622
X6.1641 Y-0.9609
X6.1718 Y-0.9574
X6.1774 Y-0.9545 Z0.3807
X6.1796 Y-0.9532 Z0.3806
X6.1873 Y-0.9483
X6.1896 Y-0.9467
X6.195 Y-0.9424
X6.199 Y-0.939
X6.2028 Y-0.9355
X6.2069 Y-0.9313
X6.2105 Y-0.9273
X6.2136 Y-0.9235
X6.2182 Y-0.9173
X6.2193 Y-0.9158
X6.2241 Y-0.908
X6.226 Y-0.9045
X6.2281 Y-0.9003
X6.2315 Y-0.8926
X6.2337 Y-0.8862
X6.2363 Y-0.8771
X6.238 Y-0.8694
X6.2391 Y-0.8616
X6.2398 Y-0.8539
X6.2401 Y-0.8461 Z0.3807
X6.2398 Y-0.8384
X6.2386 Y-0.8152
X6.2382 Y-0.8074
X6.238 Y-0.7997
X6.2378 Y-0.7842
X6.238 Y-0.7687
X6.2382 Y-0.761
X6.2389 Y-0.7455
X6.2393 Y-0.7378
X6.2399 Y-0.73
X6.2415 Y-0.7128
X6.2421 Y-0.7068
X6.244 Y-0.6914
X6.245 Y-0.6836
X6.2462 Y-0.6759
X6.2492 Y-0.6578
X6.2546 Y-0.6294
X6.2558 Y-0.6217 Z0.3806
X6.2567 Y-0.614
X6.2571 Y-0.6062 Z0.3807
X6.2569 Y-0.5998
X6.2561 Y-0.5907 Z0.3806
X6.2549 Y-0.583
X6.2532 Y-0.5753
X6.251 Y-0.5675
X6.2483 Y-0.5598
X6.2449 Y-0.552
X6.2415 Y-0.5452
X6.236 Y-0.5366
X6.2337 Y-0.5332
X6.2302 Y-0.5288
X6.226 Y-0.5237
X6.2235 Y-0.5211
X6.2182 Y-0.5158
X6.2156 Y-0.5133
X6.2105 Y-0.5091
X6.206 Y-0.5056
X6.2028 Y-0.5034
X6.1939 Y-0.4979 Z0.3807
X6.1873 Y-0.4946
X6.1796 Y-0.4912 Z0.3806
X6.1765 Y-0.4901
X6.1718 Y-0.4885
X6.1641 Y-0.4864
X6.1563 Y-0.4847
X6.1486 Y-0.4835
X6.1409 Y-0.4827 Z0.3807
X6.1331 Y-0.4823
X6.1022 Y-0.481
X6.0635 Y-0.4798
X6.0558
X6.048 Y-0.4801 Z0.3806
X6.0403 Y-0.4809
X6.0317 Y-0.4824
X6.0248 Y-0.484
X6.0171 Y-0.4863
X6.0093 Y-0.4891
X6.0068 Y-0.4901
X6.0016 Y-0.4925
X5.9939 Y-0.4968
X5.992 Y-0.4979
X5.9861 Y-0.5018
X5.9809 Y-0.5056
X5.9784 Y-0.5076
X5.9719 Y-0.5133
X5.9707 Y-0.5145
X5.9644 Y-0.5211
X5.9629 Y-0.5227
X5.9581 Y-0.5288
X5.9552 Y-0.5326 Z0.3807
X5.9527 Y-0.5366 Z0.3806
X5.948 Y-0.5443 Z0.3807
X5.9474 Y-0.5454
X5.9443 Y-0.552
X5.9412 Y-0.5598 Z0.3806
X5.9397 Y-0.5641
X5.9387 Y-0.5675
X5.9366 Y-0.5753
X5.9351 Y-0.583
X5.934 Y-0.5907 Z0.3807
X5.9312 Y-0.614 Z0.3808
X5.9301 Y-0.6217 Z0.3807
X5.9289 Y-0.6294
X5.9277 Y-0.6372 Z0.3808
X5.9262 Y-0.6449 Z0.3807
X5.9242 Y-0.6546
X5.923 Y-0.6604 Z0.3808
X5.9212 Y-0.6681 Z0.3807
X5.9193 Y-0.6759
X5.9165 Y-0.6859 Z0.3808
X5.9149 Y-0.6914 Z0.3807
X5.9126 Y-0.6991
X5.9101 Y-0.7068 Z0.3808
X5.9075 Y-0.7146 Z0.3807
X5.9047 Y-0.7223
X5.901 Y-0.732
X5.8987 Y-0.7378
X5.8956 Y-0.7455
X5.8922 Y-0.7533
X5.885 Y-0.7687
X5.8778 Y-0.7828
X5.8729 Y-0.792
X5.8685 Y-0.7997
X5.8623 Y-0.8102
X5.8542 Y-0.8229
X5.8469 Y-0.8338
X5.8381 Y-0.8461
X5.8314 Y-0.855
X5.8237 Y-0.8647 Z0.3808
X5.8159 Y-0.874 Z0.3807
X5.8064 Y-0.8848 Z0.3808
X5.7991 Y-0.8926 Z0.3807
X5.7917 Y-0.9003 Z0.3808
X5.7839 Y-0.908 Z0.3807
X5.7758 Y-0.9158 Z0.3808
X5.7672 Y-0.9235 Z0.3807
X5.7583 Y-0.9313 Z0.3808
X5.7463 Y-0.941 Z0.3807
X5.7385 Y-0.947 Z0.3808
X5.7284 Y-0.9545 Z0.3807
X5.7174 Y-0.9622
X5.7056 Y-0.97
X5.6999 Y-0.9736
X5.6921 Y-0.9783
X5.6844 Y-0.9828
X5.6767 Y-0.9871
X5.6612 Y-0.9953
X5.6534 Y-0.9991
X5.6457 Y-1.0027
X5.638 Y-1.0062
X5.6302 Y-1.0095
X5.6225 Y-1.0127
X5.6128 Y-1.0164
X5.5993 Y-1.0213 Z0.3808
X5.5906 Y-1.0241 Z0.3807
X5.5838 Y-1.0263
X5.5761 Y-1.0286 Z0.3808
X5.564 Y-1.0319 Z0.3807
X5.5529 Y-1.0347
X5.5451 Y-1.0365
X5.5374 Y-1.0381
X5.5296 Y-1.0396 Z0.3808
X5.5219 Y-1.041 Z0.3807
X5.5142 Y-1.0422
X5.5064 Y-1.0434 Z0.3808
X5.4987 Y-1.0444 Z0.3807
X5.491 Y-1.0453
X5.4832 Y-1.0461
X5.4678 Y-1.0473
X5.46 Y-1.0478
X5.4445 Y-1.0482
X5.4368 Y-1.0483
X5.4213 Y-1.0479
X5.4136 Y-1.0476
X5.3981 Y-1.0466
X5.3904 Y-1.0459
X5.3826 Y-1.0451
X5.3749 Y-1.0442
X5.3672 Y-1.0431
X5.3594 Y-1.0419
X5.3462 Y-1.0396 Z0.3808
X5.3362 Y-1.0376 Z0.3807
X5.3285 Y-1.036
X5.3207 Y-1.0342
X5.3118 Y-1.0319
X5.3053 Y-1.0301 Z0.3808
X5.2975 Y-1.0279
X5.2853 Y-1.0241 Z0.3807
X5.2743 Y-1.0205
X5.2631 Y-1.0164
X5.2589 Y-1.0148 Z0.3808
X5.2511 Y-1.0118 Z0.3807
X5.2434 Y-1.0086
X5.2356 Y-1.0052
X5.2264 Y-1.0009
X5.2202 Y-0.998
G2 X5.1702 Y-0.9699 I0.203 J0.4204
G1 X5.1583 Y-0.9621
X5.1474 Y-0.9545
X5.1369 Y-0.9467 Z0.3808
X5.1271 Y-0.939 Z0.3807
X5.1176 Y-0.9313 Z0.3808
X5.1086 Y-0.9235 Z0.3807
X5.1001 Y-0.9158 Z0.3808
X5.0886 Y-0.9049 Z0.3807
X5.0841 Y-0.9003 Z0.3808
X5.0732 Y-0.8889 Z0.3807
X5.0694 Y-0.8848 Z0.3808
X5.0626 Y-0.8771 Z0.3807
X5.0559 Y-0.8694
X5.0496 Y-0.8616
X5.0422 Y-0.8521
X5.0345 Y-0.8417
X5.0267 Y-0.8307
X5.019 Y-0.8188
X5.0119 Y-0.8074
X5.0035 Y-0.7932
X4.9987 Y-0.7842
X4.9947 Y-0.7765
X4.9908 Y-0.7687
X4.9836 Y-0.7533
X4.9802 Y-0.7455
X4.9726 Y-0.7272
X4.9705 Y-0.7223
X4.9667 Y-0.7146 Z0.3806
X4.9648 Y-0.7112
X4.9622 Y-0.7068
X4.957 Y-0.6991
X4.9509 Y-0.6914
X4.9494 Y-0.6897
X4.9435 Y-0.6836
X4.9416 Y-0.6818
X4.9339 Y-0.6752
X4.9241 Y-0.6681
X4.9184 Y-0.6648
X4.9107 Y-0.6607 Z0.3807
X4.9029 Y-0.6575 Z0.3806
X4.8952 Y-0.6547
X4.8875 Y-0.6527
X4.8797 Y-0.651
X4.872 Y-0.6499
X4.8643 Y-0.6492 Z0.3807
X4.8565 Y-0.649
X4.8488 Y-0.6494 Z0.3806
X4.8411 Y-0.6503
X4.8333 Y-0.6516 Z0.3807
X4.8256 Y-0.6531
X4.7869 Y-0.6611
X4.725 Y-0.6739
X4.6631 Y-0.6861
X4.6167 Y-0.6951
X4.5857 Y-0.7007
X4.5084 Y-0.7147
X4.4619 Y-0.7225
X4.4 Y-0.7328
X4.3614 Y-0.7389
X4.284 Y-0.7507
X4.2453 Y-0.7561
X4.1834 Y-0.7647
X4.1525 Y-0.7688
X4.0673 Y-0.7795
X4.0287 Y-0.7839
X3.959 Y-0.7917
X3.9203 Y-0.7957
X3.8507 Y-0.8025
X3.8043 Y-0.8066
X3.7347 Y-0.8124
X3.6805 Y-0.8165
X3.6263 Y-0.8203
X3.5722 Y-0.8236
X3.518 Y-0.8267
X3.4639 Y-0.8293
X3.402 Y-0.832
X3.3478 Y-0.8339
X3.2936 Y-0.8354
X3.2395 Y-0.8366
X3.1853 Y-0.8375
X3.1157 Y-0.8381
X3.0693
X3.0074 Y-0.8378
X2.961 Y-0.8373
X2.8991 Y-0.8361
X2.8526 Y-0.835
X2.7753 Y-0.8325
X2.7443 Y-0.8313
X2.6747 Y-0.8282
X2.636 Y-0.8262
X2.5509 Y-0.8212
X2.5199 Y-0.8191
X2.4348 Y-0.8129
X2.4116 Y-0.8111
X2.3265 Y-0.8037
X2.3033 Y-0.8016
X2.2069 Y-0.792
X2.1872 Y-0.7899
X2.0944 Y-0.7793
X2.0712 Y-0.7764
X1.9861 Y-0.7656
X1.9629 Y-0.7624
X1.87 Y-0.7493
X1.8546 Y-0.747
X1.7695 Y-0.7338
X1.7617 Y-0.7327
X1.754 Y-0.7317 Z0.3806
X1.7462 Y-0.7315
X1.7385 Y-0.7327
X1.7308 Y-0.7354
X1.7263 Y-0.7378
X1.723 Y-0.7401
X1.717 Y-0.7455
X1.7153 Y-0.7474
X1.7112 Y-0.7533
X1.7091 Y-0.7571
X1.7076 Y-0.7616
X1.7059 Y-0.7687
X1.7053 Y-0.7765
X1.7064 Y-0.7842
X1.7076 Y-0.7884
X1.7088 Y-0.792
X1.712 Y-0.7997 Z0.3807
X1.7188 Y-0.8152
X1.7252 Y-0.8307
X1.7281 Y-0.8384
X1.7309 Y-0.8461
X1.7336 Y-0.8539 Z0.3808
X1.7361 Y-0.8616 Z0.3807
X1.7385 Y-0.8694
X1.7408 Y-0.8771
X1.7429 Y-0.8848
X1.7449 Y-0.8926
X1.7467 Y-0.9003
X1.7484 Y-0.908
X1.75 Y-0.9158 Z0.3808
X1.7515 Y-0.9235 Z0.3807
X1.7528 Y-0.9313
X1.7541 Y-0.939 Z0.3808
X1.7551 Y-0.9467 Z0.3807
X1.7561 Y-0.9545
X1.757 Y-0.9622
X1.7577 Y-0.97
X1.7583 Y-0.9777
X1.7588 Y-0.9854
X1.7594 Y-1.0009
X1.7596 Y-1.0087
X1.7594 Y-1.0241
X1.7591 Y-1.0319
X1.7583 Y-1.0474
X1.7564 Y-1.0706
X1.7558 Y-1.0783 Z0.3806
X1.7557 Y-1.0861 Z0.3807
X1.7562 Y-1.0938 Z0.3806
X1.7571 Y-1.1015
X1.7586 Y-1.1093
X1.7605 Y-1.117
X1.7617 Y-1.121
X1.763 Y-1.1247
X1.766 Y-1.1325
X1.7696 Y-1.1402 Z0.3807
X1.7741 Y-1.148 Z0.3806
X1.7772 Y-1.1527
X1.7794 Y-1.1557
X1.7855 Y-1.1634
X1.7928 Y-1.1712
X1.8015 Y-1.1789
X1.8081 Y-1.1839
X1.8122 Y-1.1867
X1.8159 Y-1.1889
X1.8236 Y-1.1932 Z0.3807
X1.8313 Y-1.1968
X1.8437 Y-1.2021
X1.9354 Y-1.2408
X1.9783 Y-1.2595
X2.0325 Y-1.2833
X2.0588 Y-1.295
X2.1331 Y-1.3288
X2.1563 Y-1.3395
X2.2337 Y-1.376
X2.2588 Y-1.3879
X2.3265 Y-1.4209
X2.3575 Y-1.4362
X2.4039 Y-1.4596
X2.4426 Y-1.4791
X2.4658 Y-1.491
X2.5122 Y-1.5153
X2.5586 Y-1.5396
X2.5973 Y-1.5605
X2.636 Y-1.5814
X2.6669 Y-1.5982
X2.7211 Y-1.6285
X2.7613 Y-1.651
X2.7907 Y-1.6679
X2.8217 Y-1.6858
X2.8604 Y-1.7082
X2.8913 Y-1.7265
X2.961 Y-1.7681
X2.9972 Y-1.7903
X3.0615 Y-1.83
X3.0925 Y-1.8496
X3.1575 Y-1.8909
X3.1853 Y-1.9091
X3.255 Y-1.9547
X3.2704 Y-1.965
X3.3478 Y-2.0173
X3.3666 Y-2.0302
X3.4334 Y-2.0767
X3.4447 Y-2.0844
X3.4484 Y-2.0868
X3.457 Y-2.0921
X3.4639 Y-2.0957 Z0.3806
X3.4716 Y-2.0991
X3.4793 Y-2.1019
X3.4871 Y-2.1041
X3.4948 Y-2.1058
X3.5025 Y-2.107
X3.5078 Y-2.1076
X3.5103 Y-2.1078
X3.518 Y-2.1081 Z0.3807
X3.5268 Y-2.1076 Z0.3806
X3.5335 Y-2.1069
X3.5412 Y-2.1056
X3.549 Y-2.1037
X3.5567 Y-2.1014
X3.5609 Y-2.0999
X3.5644 Y-2.0985
X3.5722 Y-2.095
X3.5776 Y-2.0921
X3.5799 Y-2.0908
X3.5877 Y-2.0857
X3.5895 Y-2.0844
X3.5954 Y-2.0797
X3.599 Y-2.0767
X3.6031 Y-2.0727
X3.6068 Y-2.0689
X3.6109 Y-2.0644
X3.6135 Y-2.0612
X3.6195 Y-2.0535 Z0.3807
X3.6341 Y-2.0341
X3.6432 Y-2.0225
X3.6495 Y-2.0147
X3.6573 Y-2.0055
X3.665 Y-1.9966
X3.6728 Y-1.988
X3.684 Y-1.9761
X3.6914 Y-1.9683
X3.6992 Y-1.9606
X3.7114 Y-1.9489 Z0.3808
X3.7241 Y-1.9374 Z0.3807
X3.7347 Y-1.9281
X3.7515 Y-1.9141
X3.7614 Y-1.9064
X3.7733 Y-1.8973
X3.7821 Y-1.8909
X3.7966 Y-1.8809
X3.8046 Y-1.8754
X3.8166 Y-1.8677
X3.8292 Y-1.86
X3.843 Y-1.8518
X3.8507 Y-1.8475
X3.8739 Y-1.8351
X3.8817 Y-1.8313
X3.9029 Y-1.8213
X3.9126 Y-1.817
X3.9281 Y-1.8106 Z0.3808
X3.9402 Y-1.8058 Z0.3807
X3.9513 Y-1.8016
X3.9668 Y-1.7963
X3.9745 Y-1.7937
X3.985 Y-1.7903
X4.0055 Y-1.7844
X4.0132 Y-1.7823
X4.0209 Y-1.7803
X4.0364 Y-1.7766 Z0.3808
X4.0519 Y-1.7733 Z0.3807
X4.0596 Y-1.7717
X4.0673 Y-1.7703 Z0.3808
X4.0828 Y-1.7677 Z0.3807
X4.0906 Y-1.7665
X4.0983 Y-1.7654
X4.1215 Y-1.7627
X4.1292 Y-1.7619
X4.1447 Y-1.7608
X4.1525 Y-1.7602
X4.1602 Y-1.7598
X4.1679 Y-1.7595
X4.1834 Y-1.7592
X4.1989 Y-1.759
X4.2066 Y-1.7592
X4.2298 Y-1.7601
X4.2376 Y-1.7605
X4.2608 Y-1.7625
X4.2685 Y-1.7633
X4.284 Y-1.7652
X4.2977 Y-1.7671
X4.3072 Y-1.7686
X4.3149 Y-1.7699
X4.3227 Y-1.7713 Z0.3808
X4.34 Y-1.7748 Z0.3807
X4.3459 Y-1.7761
X4.3536 Y-1.7779
X4.3724 Y-1.7826
X4.3768 Y-1.7837
X4.3846 Y-1.7859
X4.4 Y-1.7905
X4.4078 Y-1.7929
X4.4155 Y-1.7955
X4.4233 Y-1.7981
X4.431 Y-1.8008
X4.4442 Y-1.8058
X4.4542 Y-1.8097
X4.4636 Y-1.8135
X4.4814 Y-1.8213
X4.4851 Y-1.8229
X4.498 Y-1.829
X4.5084 Y-1.8341
X4.5161 Y-1.838
X4.5316 Y-1.8463
X4.5421 Y-1.8522
X4.5554 Y-1.86
X4.5625 Y-1.864
X4.5703 Y-1.8682 Z0.3806
X4.578 Y-1.8718
X4.5857 Y-1.8747
X4.5882 Y-1.8754
X4.5935 Y-1.877
X4.6012 Y-1.8789
X4.6089 Y-1.8803
X4.6167 Y-1.8811
X4.6244 Y-1.8815 Z0.3807
X4.6322 Y-1.8813
X4.6399 Y-1.8806 Z0.3806
X4.6476 Y-1.8794
X4.6554 Y-1.8777
X4.6632 Y-1.8754
X4.6708 Y-1.8728
X4.6786 Y-1.8694
X4.6819 Y-1.8677
X4.6863 Y-1.8653
X4.6949 Y-1.86
X4.7018 Y-1.8548
X4.7049 Y-1.8522
X4.7095 Y-1.848
X4.7131 Y-1.8445
X4.7173 Y-1.8402
X4.7202 Y-1.8368 Z0.3807
X4.7267 Y-1.829
X4.7582 Y-1.7903
X4.7714 Y-1.7746
X4.7946 Y-1.7474
X4.8045 Y-1.7361
X4.8333 Y-1.704
X4.8465 Y-1.6897
X4.872 Y-1.6626
X4.8797 Y-1.6546
X4.8984 Y-1.6355
X4.9184 Y-1.6155
X4.9416 Y-1.5929
X4.9618 Y-1.5736
X4.9803 Y-1.5565
X5.0035 Y-1.5353
X5.0267 Y-1.5149
X5.0422 Y-1.5014
X5.0577 Y-1.4883
X5.0853 Y-1.4653
X5.0964 Y-1.4563
X5.124 Y-1.4343
X5.1351 Y-1.4256
X5.1505 Y-1.4138
X5.1747 Y-1.3956
X5.1851 Y-1.3879
X5.2202 Y-1.3627
X5.2356 Y-1.3518
X5.2743 Y-1.3254
X5.2852 Y-1.3182
X5.3212 Y-1.295
X5.3334 Y-1.2873
X5.373 Y-1.2631
X5.3776 Y-1.26
X5.382 Y-1.2566 Z0.3806
X5.3863 Y-1.253 Z0.3804
X5.3903 Y-1.2492 Z0.3802
X5.3942 Y-1.2451 Z0.3799
X5.3979 Y-1.241 Z0.3797
X5.409 Y-1.2284 Z0.3787
X5.4127 Y-1.2243 Z0.3784
X5.4166 Y-1.2202 Z0.3781
X5.4205 Y-1.2163 Z0.3779
X5.4246 Y-1.2126 Z0.3776
X5.4289 Y-1.2091 Z0.3775
X5.4335 Y-1.2059 Z0.3774
X5.4382 Y-1.203 Z0.3773
G2 X6.0867 Y-0.9594 I1.164 J-2.1131
G1 X6.1254 Y-0.9512
X6.1331 Y-0.9495
X6.1409 Y-0.9476
X6.1443 Y-0.9467
X6.1486 Y-0.9454
X6.1563 Y-0.9427
X6.1645 Y-0.939
X6.1718 Y-0.9348
X6.1773 Y-0.9313
X6.1796 Y-0.9295
G3 X6.2057 Y-0.9003 I-0.0638 J0.0835
G1 X6.2099 Y-0.8926
X6.2105 Y-0.8914
X6.2133 Y-0.8848
X6.2158 Y-0.8771
X6.2178 Y-0.8694
X6.2182 Y-0.8673
X6.2192 Y-0.8616
X6.22 Y-0.8539
X6.2204 Y-0.8461
X6.2197 Y-0.8307
G2 X6.2192 Y-0.7455 I0.709 J0.0468
X6.2241 Y-0.6914 I0.706 J-0.0374
X6.2301 Y-0.6527 I0.6728 J-0.0846
G1 X6.2346 Y-0.6294
X6.2359 Y-0.6217
X6.2368 Y-0.614
X6.2373 Y-0.6062
X6.237 Y-0.5985
X6.2361 Y-0.5907
G3 X6.2301 Y-0.5675 I-0.1115 J-0.0166
G1 X6.2267 Y-0.5598
X6.226 Y-0.5583
X6.2225 Y-0.552
G3 X6.1486 Y-0.5035 I-0.0873 J-0.0524
G1 X6.1409 Y-0.5026
X6.1331 Y-0.502
X6.1022 Y-0.5007
X6.0635 Y-0.4995
X6.0558
X6.048 Y-0.4999
X6.0403 Y-0.5009
G3 X5.9771 Y-0.5366 I0.0151 J-0.1007
G1 X5.9711 Y-0.5443
G3 X5.9594 Y-0.5675 I0.0793 J-0.0548
G1 X5.957 Y-0.5753
X5.9552 Y-0.5831
X5.9539 Y-0.5907
X5.9529 Y-0.5985
X5.9511 Y-0.614
X5.95 Y-0.6217
G2 X5.9199 Y-0.7378 I-0.5137 J0.0712
X5.5219 Y-1.061 I-0.4819 J0.1868
G1 X5.5096 Y-1.0628
X5.4987 Y-1.0643
G2 X5.3749 Y-1.064 I-0.0607 J0.5009
G1 X5.366 Y-1.0628
G2 X5.2047 Y-1.0123 I0.0727 J0.5151
X4.9621 Y-0.7533 I0.2338 J0.462
G1 X4.9557 Y-0.7378
X4.9523 Y-0.73
X4.9494 Y-0.724
X4.9485 Y-0.7223
X4.9436 Y-0.7146
X4.9416 Y-0.7115
G3 X4.8643 Y-0.669 I-0.0832 J-0.0598
G1 X4.8565 Y-0.6687
X4.8488 Y-0.6693
X4.8411 Y-0.6703
X4.8333 Y-0.6716
X4.8178 Y-0.6747
G2 X1.7661 Y-0.7532 I-1.7363 J8.1401
G1 X1.754 Y-0.7516
X1.7462 Y-0.7515
X1.7394 Y-0.7533
X1.7385 Y-0.7536
X1.7346 Y-0.7562
X1.7308 Y-0.7597
X1.7299 Y-0.761
X1.7273 Y-0.7649
X1.7261 Y-0.7687
X1.7253 Y-0.7726
X1.7252 Y-0.7765
X1.727 Y-0.7842
X1.7301 Y-0.792
X1.737 Y-0.8074
G2 X1.7785 Y-0.9854 I-0.4787 J-0.2056
X1.778 Y-1.0474 I-0.4755 J-0.0269
G1 X1.7762 Y-1.0706
X1.7756 Y-1.0783
X1.7755 Y-1.0861
X1.7761 Y-1.0938
X1.7772 Y-1.1015
X1.7789 Y-1.1093
X1.7812 Y-1.117
X1.7841 Y-1.1247
X1.7849 Y-1.1265
X1.7879 Y-1.1325
X1.7927 Y-1.1404
X1.7984 Y-1.148
X1.8004 Y-1.1505
X1.8053 Y-1.1557
X1.8081 Y-1.1585
X1.8137 Y-1.1634
X1.8236 Y-1.1705
X1.8313 Y-1.175
X1.8397 Y-1.1789
X1.8546 Y-1.1853
G2 X2.2801 Y-1.3763 I-3.185 J-7.6662
G1 X2.3265 Y-1.399
X2.3575 Y-1.4141
X2.3823 Y-1.4266
X2.4658 Y-1.4688
X2.5045 Y-1.489
X2.5664 Y-1.5214
X2.5973 Y-1.5381
X2.6669 Y-1.5757
X2.6824 Y-1.5843
X2.7675 Y-1.6319
X2.8008 Y-1.651
X2.8681 Y-1.6899
X2.894 Y-1.7052
X2.9717 Y-1.7516
X3.0096 Y-1.7748
X3.0723 Y-1.8135
X3.1157 Y-1.841
X3.1699 Y-1.8754
X3.224 Y-1.9108
G2 X3.4484 Y-2.0631 I-4.3286 J-6.6208
G1 X3.457 Y-2.0689
X3.4639 Y-2.0732
X3.4699 Y-2.0767
G3 X3.5025 Y-2.0871 I0.0481 J0.0943
G1 X3.5103 Y-2.088
X3.518 Y-2.0884
X3.5258 Y-2.0879
X3.5335 Y-2.0869
X3.5412 Y-2.0853
X3.5447 Y-2.0844
X3.549 Y-2.0831
X3.5567 Y-2.0804
G3 X3.5799 Y-2.0668 I-0.04 J0.0952
X3.5954 Y-2.0521 I-0.0659 J0.0848
G1 X3.6031 Y-2.0425
X3.6186 Y-2.0219
G2 X3.7923 Y-1.86 I0.5746 J-0.4424
G1 X3.8043 Y-1.8522
X3.8198 Y-1.8427
X3.8297 Y-1.8368
X3.8352 Y-1.8336
X3.8435 Y-1.829
X3.8584 Y-1.821
G2 X3.9668 Y-1.7755 I0.3302 J-0.6344
X4.1602 Y-1.7401 I0.2261 J-0.6898
G1 X4.1679 Y-1.7398
X4.1989 Y-1.7393
X4.2066 Y-1.7395
X4.2298 Y-1.7403
G2 X4.2762 Y-1.7443 I-0.0418 J-0.7602
G1 X4.2917 Y-1.7463
G2 X4.541 Y-1.829 I-0.0992 J-0.7164
G1 X4.5548 Y-1.8368
X4.5703 Y-1.8457
X4.578 Y-1.85
X4.5857 Y-1.8536
X4.5935 Y-1.8564
G3 X4.6167 Y-1.8613 I0.0334 J0.1022
G1 X4.6244 Y-1.8617
X4.6322 Y-1.8615
X4.6399 Y-1.8606
G3 X4.7018 Y-1.8278 I-0.0142 J0.1015
G1 X4.7075 Y-1.8213
X4.7173 Y-1.8094
G2 X4.8797 Y-1.6264 I1.8675 J-1.4941
G1 X4.9029 Y-1.6031
G2 X5.4382 Y-1.203 I1.7013 J-1.718
G1 X5.443 Y-1.2002
X5.4475 Y-1.197
X5.4519 Y-1.1936
X5.456 Y-1.1899
X5.4601 Y-1.186 Z0.3772
X5.464 Y-1.182
X5.4793 Y-1.1657 Z0.377
X5.4832 Y-1.1617
X5.4873 Y-1.1579
X5.4915 Y-1.1542 Z0.3769
X5.4959 Y-1.1508
X5.5005 Y-1.1477
X5.5053 Y-1.145
G2 X6.1332 Y-0.9292 I1.1007 J-2.1812
G3 X6.2003 Y-0.8461 I-0.017 J0.0824
G2 X6.2158 Y-0.6217 I0.7818 J0.059
G3 X6.1331 Y-0.5223 I-0.0818 J0.0161
X6.048 Y-0.5198 I-0.0734 J-1.0559
X5.9733 Y-0.5985 I0.0087 J-0.0832
G2 X5.7737 Y-0.9701 I-0.5394 J0.0503
X4.9373 Y-0.7455 I-0.3357 J0.4195
G3 X4.8798 Y-0.6916 I-0.0811 J-0.0289
X4.8367 Y-0.6914 I-0.0219 J-0.0879
G2 X1.754 Y-0.7716 I-1.755 J8.1696
G1 X1.7501 Y-0.7715
X1.7482 Y-0.7716
X1.7462 Y-0.7727
X1.7455 Y-0.7737
X1.7457 Y-0.7765
G2 X1.7648 Y-0.8229 I-4.5853 J-1.9092
X1.7954 Y-1.0783 I-0.5095 J-0.1906
G3 X1.8547 Y-1.1633 I0.085 J-0.0039
G2 X3.289 Y-1.9295 I-3.229 J-7.7695
X3.4639 Y-2.0494 I-6.067 J-9.0389
G3 X3.549 Y-2.062 I0.0535 J0.0675
X3.5876 Y-2.0297 I-0.0369 J0.0834
G2 X4.5813 Y-1.8292 I0.6047 J-0.4342
G3 X4.6942 Y-1.8057 I0.0439 J0.0719
G2 X5.5052 Y-1.1449 I1.9174 J-1.5253
G3 X5.5217 Y-1.1296 I-0.0203 J0.0385
G1 X5.5307 Y-1.1172
G2 X5.5473 Y-1.1022 I0.0364 J-0.0234
G1 X5.5649 Y-1.0938
X5.5622
G2 X4.9186 Y-0.7524 I-0.1243 J0.543
G3 X4.8952 Y-0.721 I-0.065 J-0.0241
X4.8411 Y-0.711 I-0.0376 J-0.052
G2 X3.7424 Y-0.8718 I-1.7764 J8.3046
X1.7754 Y-0.7953 I-0.6601 J8.3534
X1.8155 Y-1.0783 I-0.5228 J-0.2184
G3 X1.8546 Y-1.1417 I0.0641 J-0.0042
G2 X3.4828 Y-2.0382 I-3.22 J-7.7751
G3 X3.5719 Y-2.0169 I0.0341 J0.0543
G2 X3.9203 Y-1.7493 I0.6259 J-0.4545
X4.5945 Y-1.8139 I0.2718 J-0.7154
G3 X4.6784 Y-1.7934 I0.0305 J0.057
G2 X5.2511 Y-1.2691 I1.9423 J-1.5468
X5.5473 Y-1.1021 I1.3665 J-2.0771
G1 Y-1.102
G3 X5.5326 Y-1.1031 I-0.0056 J-0.0252
X5.4243 Y-1.142 I0.1136 J-0.4856
X4.6617 Y-1.7827 I1.1852 J-2.185
G2 X4.6322 Y-1.801 I-0.0386 J0.0291
X4.6012 Y-1.7943 I-0.0058 J0.0478
G3 X3.5547 Y-2.0071 I-0.4086 J-0.6699
G2 X3.5258 Y-2.0271 I-0.0389 J0.0254
X3.4872 Y-2.0166 I-0.0085 J0.0451
G3 X2.8914 Y-1.634 I-4.9989 J-7.1292
X1.8622 Y-1.1234 I-4.253 J-7.2805
G2 X1.8357 Y-1.0783 I0.0182 J0.041
G3 X1.8065 Y-0.8206 I-0.5832 J0.0643
X1.9783 Y-0.845 I2.6874 J18.346
X4.8487 Y-0.7296 I1.1032 J8.3153
G2 X4.9001 Y-0.7611 I0.0083 J-0.0441
G3 X5.4508 Y-1.1279 I0.5389 J0.2123
G1 X5.4368 Y-1.1355
X5.4244 Y-1.1422
G2 X5.3751 Y-1.1467 I-0.0309 J0.0671
X5.3348 Y-1.1387 I0.0815 J0.5139
X4.8821 Y-0.7687 I0.1024 J0.5872
G3 X4.8714 Y-0.7533 I-0.0333 J-0.0117
G1 X4.8643 Y-0.7499
X4.8565 Y-0.7491
X4.8488 Y-0.7502
G2 X1.8358 Y-0.8451 I-1.7671 J8.2297
G1 X1.8354 Y-0.8457
G2 X1.8557 Y-1.0783 I-0.5778 J-0.1675
G3 X1.8623 Y-1.0993 I0.027 J-0.0031
G1 X1.8648 Y-1.1015
X1.87 Y-1.1046
G2 X2.0954 Y-1.2021 I-5.7468 J-13.5977
X3.5024 Y-2.0032 I-3.4488 J-7.6932
G3 X3.5352 Y-1.9993 I0.0143 J0.0197
G2 X3.6727 Y-1.8498 I0.6982 J-0.5041
X4.6089 Y-1.7758 I0.5196 J-0.6139
G1 X4.6167 Y-1.7796
G3 X4.6415 Y-1.7748 I0.0088 J0.0212
X4.6863 Y-1.7206 I-0.8314 J0.7331
G2 X5.3777 Y-1.1451 I1.9235 J-1.6076
X5.3348 Y-1.1388 I0.1347 J1.0698
G3 X5.2848 Y-1.1402 I-0.0203 J-0.1719
G2 X5.2464 Y-1.1375 I-0.0113 J0.1136
X4.8621 Y-0.7728 I0.1927 J0.588
G1 X4.8609 Y-0.7712
X4.8591 Y-0.7696
X4.8565 Y-0.7693
G2 X4.6399 Y-0.8125 I-4.0022 J19.4919
X1.8623 Y-0.8691 I-1.5582 J8.2823
X1.8756 Y-1.0821 I-0.6126 J-0.145
G1 X1.876 Y-1.0841
X1.8779 Y-1.0861
X1.8855 Y-1.0898
G2 X3.514 Y-1.9868 I-3.2375 J-7.8039
G1 X3.5161 Y-1.9875
X3.518 Y-1.9876
X3.5219 Y-1.9838
G2 X3.9899 Y-1.6646 I0.6731 J-0.4842
X4.6209 Y-1.7596 I0.202 J-0.8003
G1 X4.6244 Y-1.7608
X4.6265 Y-1.761
X4.6286 Y-1.7594
G2 X4.7249 Y-1.6454 I3.0013 J-2.4389
X5.3186 Y-1.1562 I1.8828 J-1.68
X5.2464 Y-1.1373 I0.1252 J0.6256
G3 X5.1967 Y-1.1318 I-0.0442 J-0.1731
G2 X5.1591 Y-1.1238 I0.0047 J0.1134
X4.8478 Y-0.791 I0.2812 J0.5751
X1.8879 Y-0.8931 I-1.7664 J8.2589
X1.8964 Y-1.0722 I-0.6315 J-0.1196
G1 X1.8988 Y-1.0737
G2 X3.5123 Y-1.9614 I-3.2405 J-7.801
G1 X3.5137 Y-1.9617
G2 X4.6213 Y-1.7367 I0.6785 J-0.5016
X4.8797 Y-1.4591 I2.0583 J-1.657
X5.2666 Y-1.1643 I1.7365 J-1.8778
X5.1592 Y-1.1236 I0.1712 J0.6143
G3 X5.1107 Y-1.1113 I-0.0667 J-0.1609
G2 X5.0745 Y-1.0983 I0.0204 J0.1134
X4.8358 Y-0.8139 I0.3658 J0.5494
X1.9126 Y-0.9167 I-1.7542 J8.2742
G1 X1.9122 Y-0.9173
G2 X1.9174 Y-1.0599 I-0.6396 J-0.095
X3.5091 Y-1.9347 I-3.2558 J-7.8095
X4.6167 Y-1.711 I0.6831 J-0.5285
X5.2194 Y-1.1705 I1.9926 J-1.6157
X5.0746 Y-1.0982 I0.2203 J0.6218
G3 X5.0281 Y-1.0797 I-0.0861 J-0.1494
G2 X4.9939 Y-1.0621 I0.0339 J0.1074
X4.8243 Y-0.8369 I0.4487 J0.5145
X1.9357 Y-0.94 I-1.7426 J8.2997
G1 X1.9353 Y-0.9408
G2 X1.9383 Y-1.0464 I-0.6507 J-0.0714
G1 X1.9391 Y-1.0474
G2 X3.5051 Y-1.9076 I-3.2728 J-7.8134
X4.6118 Y-1.6855 I0.6872 J-0.5555
X5.1757 Y-1.1752 I1.9958 J-1.6389
X4.994 Y-1.062 I0.273 J0.6403
G3 X4.9503 Y-1.0376 I-0.0993 J-0.1266
G2 X4.9186 Y-1.0159 I0.0483 J0.1046
X4.8133 Y-0.8601 I0.5342 J0.4744
G1 X4.8121 Y-0.8598
G2 X1.9574 Y-0.9632 I-1.7306 J8.3209
X1.9589 Y-1.0334 I-0.6813 J-0.0491
G1 X1.9609 Y-1.0348
G2 X3.5014 Y-1.8807 I-3.2947 J-7.8266
X4.6054 Y-1.6595 I0.6908 J-0.5824
G1 X4.6071 Y-1.6598
G2 X5.1351 Y-1.1786 I1.9986 J-1.663
X4.9187 Y-1.0157 I0.305 J0.6304
G3 X4.8784 Y-0.9861 I-0.1207 J-0.122
G2 X4.8495 Y-0.9607 I0.0624 J0.0998
X4.8023 Y-0.8826 I0.6508 J0.4467
X1.979 Y-0.9863 I-1.7207 J8.3663
X1.9792 Y-1.0204 I-3.1868 J-0.0283
X3.4976 Y-1.8537 I-3.3393 J-7.8855
G1 X3.4987 Y-1.8532
G2 X4.6012 Y-1.635 I0.6936 J-0.6099
X4.7559 Y-1.4672 I2.3113 J-1.9754
X5.0941 Y-1.1828 I1.8582 J-1.8666
G1 X5.0958 Y-1.1809
G2 X4.8496 Y-0.9606 I0.3428 J0.6308
G3 X4.8322 Y-0.9462 I-0.0382 J-0.0284
G2 X4.8068 Y-0.9296 I0.0425 J0.0929
G1 X4.8056 Y-0.9282
X4.8044 Y-0.9268
X4.8033 Y-0.9253
X4.8023 Y-0.9237
X4.7946 Y-0.9104
X4.7917 Y-0.9051
G2 X2.0054 Y-1.0099 I-1.7103 J8.3859
X3.4948 Y-1.8275 I-3.3667 J-7.8984
X4.5964 Y-1.6104 I0.6974 J-0.6357
X5.0588 Y-1.1835 I2.0072 J-1.7101
G1 X5.0577 Y-1.182
G2 X4.8023 Y-0.9237 I0.3791 J0.6302
G3 X4.7818 Y-0.92 I-0.0128 J-0.0124
G1 X4.7798 Y-0.9202
G2 X4.7478 Y-0.9341 I-0.3261 J0.7091
G1 X4.7434 Y-0.935
G2 X2.1399 Y-1.0458 I-1.6616 J8.3956
G1 X2.1384 Y-1.0461
G2 X3.4919 Y-1.8013 I-3.4833 J-7.834
X4.5906 Y-1.5857 I0.7003 J-0.6618
G1 X4.5915 Y-1.5854
G2 X5.0206 Y-1.1867 I2.0099 J-1.7326
G1 X5.0231 Y-1.1839
G2 X4.7814 Y-0.9274 I0.4133 J0.6317
G1 X4.7434 Y-0.935
G3 X4.7125 Y-0.9475 I0.0227 J-0.0995
G2 X4.6729 Y-0.9682 I-0.1342 J0.2088
G1 X4.6676 Y-0.9698
X4.6622 Y-0.971
G2 X2.2578 Y-1.0782 I-1.5807 J8.4376
X3.4885 Y-1.7748 I-3.6138 J-7.8205
G1 X3.4896
G2 X4.5857 Y-1.5616 I0.7027 J-0.6884
X4.9891 Y-1.1852 I2.016 J-1.7566
X4.7714 Y-0.95 I0.4533 J0.638
G1 X4.7637 Y-0.9514
X4.6863 Y-0.9664
X4.6622 Y-0.971
G3 X4.6312 Y-0.9832 I0.022 J-0.1011
G2 X4.5914 Y-1.0034 I-0.1346 J0.2161
G1 X4.586 Y-1.005
X4.5806 Y-1.0062
G2 X2.3714 Y-1.1084 I-1.499 J8.4681
G1 X2.3697 Y-1.1088
G2 X3.4794 Y-1.7445 I-3.7099 J-7.7626
G1 X3.4871 Y-1.749
G2 X4.5802 Y-1.5375 I0.7052 J-0.7141
X4.9557 Y-1.1854 I2.0343 J-1.7933
X4.7617 Y-0.9725 I0.4843 J0.6362
X4.5806 Y-1.0062 I-2.4751 J12.8035
G3 X4.5496 Y-1.0181 I0.0214 J-0.102
G2 X4.5095 Y-1.0379 I-0.1312 J0.2156
G1 X4.5041 Y-1.0393
X4.4987 Y-1.0405
G2 X2.4728 Y-1.1363 I-1.4174 J8.4996
X3.4844 Y-1.7236 I-3.8616 J-7.8157
X4.5744 Y-1.5135 I0.7079 J-0.7398
X4.9234 Y-1.1854 I2.0611 J-1.842
X4.752 Y-0.9945 I0.5143 J0.6341
X4.4987 Y-1.0405 I-1.6634 J8.4406
G3 X4.4676 Y-1.0522 I0.0195 J-0.0996
G2 X4.4274 Y-1.0716 I-0.1277 J0.213
G1 X4.422 Y-1.073
X4.4165 Y-1.0741
G2 X2.57 Y-1.1627 I-1.3353 J8.5402
X3.4822 Y-1.6981 I-3.9452 J-7.766
X4.5687 Y-1.4898 I0.7101 J-0.7663
X4.8914 Y-1.1852 I2.0917 J-1.8932
G1 X4.8906 Y-1.1839
G2 X4.7425 Y-1.0165 I0.5484 J0.6344
X4.4165 Y-1.074 I-1.5606 J7.8931
G3 X4.3852 Y-1.0854 I0.019 J-0.1016
G2 X4.3448 Y-1.1044 I-0.1274 J0.2181
G1 X4.3394 Y-1.1058
X4.334 Y-1.1068
G2 X2.6625 Y-1.1877 I-1.2532 J8.5817
X3.4803 Y-1.6728 I-4.0547 J-7.7688
X4.5634 Y-1.4664 I0.712 J-0.7912
X4.8609 Y-1.1843 I2.029 J-1.8414
X4.7335 Y-1.0387 I0.5727 J0.63
X4.334 Y-1.1068 I-1.6151 J8.2774
G3 X4.3025 Y-1.1178 I0.0193 J-0.1051
G2 X4.2619 Y-1.1364 I-0.1251 J0.2203
G1 X4.2565 Y-1.1377
X4.2511 Y-1.1386
G2 X2.7521 Y-1.2116 I-1.1695 J8.5984
G1 X2.7511 Y-1.2121
G2 X3.4784 Y-1.6475 I-4.0948 J-7.665
X4.5576 Y-1.4429 I0.7139 J-0.8176
X4.8306 Y-1.1833 I2.0564 J-1.8884
X4.725 Y-1.0613 I0.5956 J0.6225
G3 X4.578 Y-1.0879 I5.4162 J-30.3876
G2 X4.2511 Y-1.1386 I-1.4892 J8.5138
G3 X4.2195 Y-1.1494 I0.0176 J-0.103
G2 X4.1787 Y-1.1675 I-0.1208 J0.2166
G1 X4.1733 Y-1.1688
X4.1679 Y-1.1697
G2 X2.8348 Y-1.2343 I-1.0869 J8.6329
X3.4771 Y-1.6225 I-4.2763 J-7.8011
X4.5518 Y-1.4198 I0.7151 J-0.8412
X4.8008 Y-1.182 I2.0776 J-1.9262
X4.7156 Y-1.0828 I0.657 J0.6503
X4.1679 Y-1.1697 I-1.5939 J8.2825
G3 X4.1362 Y-1.1801 I0.0158 J-0.1013
G2 X4.0953 Y-1.1979 I-0.1186 J0.2165
G1 X4.0899 Y-1.1991
X4.0844 Y-1.1999
G2 X2.9153 Y-1.2562 I-1.003 J8.6612
X3.4757 Y-1.5976 I-4.2536 J-7.612
X4.5461 Y-1.3967 I0.7166 J-0.8661
X4.7716 Y-1.1806 I2.0636 J-1.9274
X4.7076 Y-1.1052 I0.6285 J0.5984
X4.0844 Y-1.2 I-1.6728 J8.8966
G3 X4.0526 Y-1.21 I0.0133 J-0.0977
G2 X4.0115 Y-1.2274 I-0.1189 J0.2233
G1 X4.0061 Y-1.2286
X4.0006 Y-1.2294
G2 X2.994 Y-1.2775 I-0.9219 J8.7373
X3.4745 Y-1.5728 I-4.5151 J-7.8831
X4.5393 Y-1.3735 I0.7178 J-0.8907
G1 X4.5405 Y-1.3734
G2 X4.7429 Y-1.179 I2.0722 J-1.9553
X4.6989 Y-1.1269 I0.6548 J0.5969
X4.0006 Y-1.2294 I-1.6195 J8.6049
G3 X3.9687 Y-1.2391 I0.0145 J-0.1039
G2 X3.9274 Y-1.2561 I-0.1158 J0.2237
G1 X3.922 Y-1.2571
X3.9165 Y-1.2579
X3.8662 Y-1.2626
X3.812 Y-1.2673
X3.7656 Y-1.2711
X3.7192 Y-1.2745
X3.6573 Y-1.2788
X3.6263 Y-1.2809
X3.549 Y-1.2853
X3.4948 Y-1.288
X3.4561 Y-1.2898
X3.4174 Y-1.2914
X3.3633 Y-1.2932
X3.3091 Y-1.2948
G2 X3.0693 Y-1.2979 I-0.2421 J9.6326
X3.4734 Y-1.5482 I-4.532 J-7.7694
X4.5337 Y-1.3509 I0.7187 J-0.9147
X4.7145 Y-1.1772 I2.3403 J-2.2546
G3 X4.6902 Y-1.1489 I-2.7918 J-2.3754
G2 X3.9165 Y-1.2579 I-1.6113 J8.6339
G3 X3.8846 Y-1.2674 I0.0129 J-0.102
G2 X3.8431 Y-1.2839 I-0.1126 J0.2221
G1 X3.8376 Y-1.2849
X3.8321 Y-1.2856
G2 X3.1422 Y-1.3176 I-0.7514 J8.7477
X3.4724 Y-1.5237 I-4.5115 J-7.5958
X4.5283 Y-1.3283 I0.7198 J-0.9395
X4.6865 Y-1.1752 I2.1422 J-2.0561
G1 X4.6827 Y-1.1706
G2 X3.8321 Y-1.2856 I-1.6015 J8.6375
G1 X3.8289 Y-1.2859 Z0.3772
X3.8257 Y-1.2862 Z0.378
X3.8228 Y-1.2864 Z0.3794
X3.8201 Y-1.2866 Z0.3813
X3.8178 Y-1.2868 Z0.3836
X3.8159 Y-1.287 Z0.3863
X3.8146 Y-1.2871 Z0.3892
X3.8137 Y-1.2872 Z0.3924
X3.8134 Z0.3956
G0 Z0.7
X4.2266 Y-1.2599
Z0.4569
G1 Z0.3956 F200.
X4.2269 Z0.3924 F50.
X4.2277 Z0.3892
X4.2291 Y-1.26 Z0.3863
X4.231 Z0.3836
X4.2333 Y-1.2602 Z0.3813
X4.2359 Y-1.2603 Z0.3794
X4.2389 Y-1.2604 Z0.378
X4.242 Y-1.2605 Z0.3772
X4.2453 Y-1.2607 Z0.3769
G2 X4.5219 Y-1.3057 I-0.0561 J-1.2176
X4.6286 Y-1.2012 I2.5266 J-2.474
G1 X4.6278 Y-1.2009
G2 X4.2453 Y-1.2606 I-1.5688 J8.7941
G3 X4.3398 Y-1.2586 I0.0274 J0.9449
G2 X4.4335 Y-1.2635 I0.0248 J-0.4224
X4.5161 Y-1.2832 I-0.3253 J-1.5429
G1 X4.5393 Y-1.2597
X4.5584 Y-1.2408
X4.5671 Y-1.2323
X4.5663 Y-1.2319
G2 X4.404 Y-1.2581 I-1.4828 J8.6715
G1 X4.4233 Y-1.2617
X4.4335 Y-1.2637
X4.4367 Y-1.2644 Z0.3772
X4.4398 Y-1.265 Z0.378
X4.4427 Y-1.2656 Z0.3794
X4.4453 Y-1.2661 Z0.3813
X4.4476 Y-1.2665 Z0.3836
X4.4494 Y-1.2669 Z0.3863
X4.4508 Y-1.2672 Z0.3892
X4.4516 Y-1.2673 Z0.3924
X4.4519 Y-1.2674 Z0.3956
G0 Z0.7
X3.8926 Y-1.3004
Z0.4569
G1 Z0.3956 F200.
X3.8923 Z0.3924 F50.
X3.8915 Y-1.3005 Z0.3892
X3.8901 Y-1.3006 Z0.3863
X3.8882 Y-1.3008 Z0.3836
X3.8859 Y-1.301 Z0.3813
X3.8833 Y-1.3012 Z0.3794
X3.8803 Y-1.3015 Z0.378
X3.8772 Y-1.3018 Z0.3772
X3.8739 Y-1.3021 Z0.3769
G2 X3.2156 Y-1.3368 I-0.7934 J8.7833
G1 X3.2141 Y-1.3374
G2 X3.4716 Y-1.4993 I-4.5284 J-7.4891
X3.874 Y-1.3024 I0.721 J-0.964
G3 X3.7982 Y-1.3159 I0.0356 J-0.4173
G2 X3.6995 Y-1.3361 I-0.219 J0.8219
G1 X3.6936 Y-1.3364
X3.6877 Y-1.3369
G2 X3.2829 Y-1.3557 I-0.6281 J9.1744
X3.4704 Y-1.4746 I-6.0508 J-9.7471
G1 X3.4716 Y-1.4744
G2 X3.7175 Y-1.3353 I0.7294 J-1.0027
G1 X3.7157 Y-1.3349
X3.6877 Y-1.3369
G3 X3.6487 Y-1.3459 I0.014 J-0.1493
G2 X3.5976 Y-1.3619 I-0.1313 J0.3303
G1 X3.591 Y-1.3628
X3.5843 Y-1.3634
G2 X3.3503 Y-1.3739 I-0.5706 J10.1673
G1 X3.4097 Y-1.4118
X3.4484 Y-1.4365
X3.4701 Y-1.4506
G2 X3.6142 Y-1.3621 I0.7663 J-1.0862
G1 X3.6129 Y-1.3618
X3.5843 Y-1.3634
G3 X3.5521 Y-1.3717 I0.0091 J-0.103
G2 X3.51 Y-1.3867 I-0.1038 J0.2252
G1 X3.5045 Y-1.3875
X3.4989 Y-1.3879
X3.4561 Y-1.3898
X3.4168 Y-1.3914
X3.4153 Y-1.3917
X3.4561 Y-1.4177
X3.4699 Y-1.4266
G2 X3.5306 Y-1.3868 I0.7241 J-1.0383
G1 X3.5293 Y-1.3864
X3.4989 Y-1.3879
X3.4957 Y-1.3881 Z0.3772
X3.4925 Y-1.3882 Z0.378
X3.4896 Y-1.3884 Z0.3794
X3.4869 Y-1.3885 Z0.3813
X3.4846 Y-1.3886 Z0.3836
X3.4827 Y-1.3887 Z0.3863
X3.4813 Z0.3892
X3.4805 Y-1.3888 Z0.3924
X3.4802 Z0.3956
G0 Z0.7
X5.7186 Y-1.0168
Z0.4569
G1 Z0.3956 F200.
X5.7189 Y-1.0169 Z0.3924 F50.
X5.7197 Y-1.017 Z0.3892
X5.7211 Y-1.0173 Z0.3863
X5.7229 Y-1.0177 Z0.3836
X5.7252 Y-1.0182 Z0.3813
X5.7278 Y-1.0188 Z0.3794
X5.7307 Y-1.0194 Z0.378
X5.7338 Y-1.0201 Z0.3772
X5.7369 Y-1.0207 Z0.3769
X5.7381 Y-1.021
G2 X6.1254 Y-0.9103 I0.8724 J-2.3206
G3 X6.1799 Y-0.8384 I-0.0097 J0.0639
G2 X6.1968 Y-0.614 I0.8001 J0.0523
G3 X6.1331 Y-0.5423 I-0.0631 J0.0081
X6.048 Y-0.54 I-0.0636 J-0.7843
X5.9939 Y-0.5944 I0.0085 J-0.0626
G2 X5.9474 Y-0.7765 I-0.5995 J0.0561
X5.737 Y-1.0208 I-0.5126 J0.2287
G3 X5.7936 Y-1.0065 I0.0107 J0.0767
X5.8348 Y-0.9713 I-0.0997 J0.1586
G1 X5.8453 Y-0.9603
X5.8624 Y-0.9416
G3 X6.0114 Y-0.6139 I-0.4237 J0.3904
G1 X6.0135 Y-0.5985
G2 X6.0558 Y-0.5598 I0.0428 J-0.0043
X6.1409 Y-0.563 I0.0077 J-0.9048
X6.1762 Y-0.6139 I-0.0064 J-0.0422
G3 X6.159 Y-0.8229 I0.823 J-0.173
G1 X6.16 Y-0.8384
G2 X6.141 Y-0.8833 I-0.0459 J-0.0071
G1 X6.1381 Y-0.8848
X6.1331 Y-0.8873
X6.1254 Y-0.8896
G3 X5.8416 Y-0.9634 I0.5509 J-2.7019
G1 X5.8502 Y-0.9545
X5.8624 Y-0.9416
G2 X5.9071 Y-0.9201 I0.0552 J-0.0575
G3 X5.947 Y-0.9114 I-0.3182 J1.5546
G2 X6.1177 Y-0.871 I0.6979 J-2.5657
G1 X6.1254 Y-0.8687
G3 X6.1402 Y-0.8461 I-0.0089 J0.0219
G2 X6.1565 Y-0.6118 I0.8453 J0.0587
G3 X6.1331 Y-0.5824 I-0.023 J0.0056
X6.0558 Y-0.5798 I-0.077 J-1.1233
X6.0339 Y-0.5985 I0.0006 J-0.0228
G2 X6.0172 Y-0.6954 I-0.8589 J0.0983
X5.9048 Y-0.9228 I-0.5816 J0.1459
G1 X5.9054 Y-0.9231
X5.932 Y-0.9155
X5.947 Y-0.9114
G3 X5.9909 Y-0.8875 I-0.0487 J0.1418
G2 X6.0259 Y-0.8707 I0.0656 J-0.0922
X6.1099 Y-0.8522 I0.7033 J-2.991
G1 X6.1177 Y-0.8501
X6.1189 Y-0.8495
X6.1196 Y-0.8481
X6.1199 Y-0.8461
G2 X6.1186 Y-0.7533 I1.1551 J0.0627
X6.1371 Y-0.6063 I0.9259 J-0.0415
G1 X6.1367 Y-0.6046
X6.135 Y-0.6029
X6.1331 Y-0.6026
X6.1254 Y-0.6018
X6.1022 Y-0.6008
X6.0635 Y-0.5995
X6.0558 Y-0.6002
X6.0545 Y-0.6007
X6.0538 Y-0.6017
G2 X6.0404 Y-0.6839 I-1.1809 J0.1498
X5.9545 Y-0.8881 I-0.6065 J0.1349
G1 X5.9552 Y-0.8885
X5.9861 Y-0.8804
X6.0016 Y-0.8765
X6.0259 Y-0.8707
G3 X6.0454 Y-0.8596 I-0.0123 J0.0444
G1 X6.057 Y-0.8496
G2 X6.0767 Y-0.8389 I0.0297 J-0.0309
G1 X6.0983 Y-0.8343
X6.0997 Y-0.8336
G2 X6.114 Y-0.6217 I0.8392 J0.0498
G1 X6.1099 Y-0.6211
X6.0945 Y-0.6205
X6.0712 Y-0.6198
G2 X5.997 Y-0.8562 I-0.6415 J0.0715
G1 X5.9972 Y-0.857
X6.0403 Y-0.8468
X6.0635 Y-0.8417
X6.0767 Y-0.8389
G3 X6.0849 Y-0.8222 I-0.0067 J0.0137
X6.0838 Y-0.8103 I-0.0303 J0.0031
G2 X6.0781 Y-0.7789 I0.138 J0.0414
X6.0901 Y-0.641 I0.897 J-0.009
G1 X6.0894 Y-0.6403
X6.0888
G2 X6.034 Y-0.8274 I-0.6661 J0.0939
G3 X6.0789 Y-0.8177 I-0.1985 J1.0294
G2 X6.0782 Y-0.7789 I0.6627 J0.0321
G1 Y-0.7756 Z0.3772
Y-0.7725 Z0.378
Y-0.7695 Z0.3794
X6.0783 Y-0.7668 Z0.3813
Y-0.7645 Z0.3836
Y-0.7626 Z0.3863
Y-0.7613 Z0.3892
Y-0.7604 Z0.3924
Y-0.7601 Z0.3956
G0 Z0.7
X8.6206 Y-3.6651
Z0.4569
G1 Z0.3956 F200.
X8.6208 Y-3.6653 Z0.3924 F50.
X8.6216 Y-3.6657 Z0.3892
X8.6228 Y-3.6664 Z0.3863
X8.6244 Y-3.6673 Z0.3836
X8.6264 Y-3.6685 Z0.3813
X8.6287 Y-3.6698 Z0.3794
X8.6313 Y-3.6713 Z0.378
X8.634 Y-3.6729 Z0.3772
X8.6368 Y-3.6745 Z0.3769
G2 X8.9122 Y-4.0812 I-0.2764 J-0.4838
G3 X8.9189 Y-4.1043 I0.1011 J0.0167
X8.988 Y-4.1391 I0.0577 J0.0285
X9.0655 Y-4.1322 I-0.046 J0.9498
X9.1132 Y-4.0503 I-0.0119 J0.0618
G2 X9.0881 Y-3.8257 I0.7961 J0.2027
G3 X9.05 Y-3.7717 I-0.0643 J-0.0048
X9.0113 Y-3.7632 I-0.0598 J-0.1817
G2 X8.638 Y-3.6742 I0.3802 J2.4221
G1 X8.6368 Y-3.6745
G3 X8.7732 Y-3.7346 I0.2991 J0.4935
X9.0346 Y-3.7875 I0.6956 J2.7683
G2 X9.0679 Y-3.8335 I-0.0105 J-0.0427
G3 X9.0948 Y-4.0579 I0.8262 J-0.0147
G2 X9.08 Y-4.1044 I-0.0428 J-0.012
X9.05 Y-4.1141 I-0.0327 J0.0499
X8.9726 Y-4.1199 I-0.123 J1.11
X8.933 Y-4.0811 I0.0035 J0.0431
G3 X8.8986 Y-3.9495 I-0.6539 J-0.1006
X8.7443 Y-3.7272 I-0.5409 J-0.2109
G1 X8.7453 Y-3.7269
X8.7733 Y-3.7343
G2 X8.8029 Y-3.7565 I-0.0185 J-0.0557
G1 X8.808 Y-3.7624
X8.8129 Y-3.7685
X8.8179 Y-3.7744
G2 X8.9515 Y-4.0734 I-0.4578 J-0.384
G1 X8.9534 Y-4.0811
G3 X8.9649 Y-4.097 I0.0223 J0.0041
G1 X8.9726 Y-4.0994
X8.9804 Y-4.0998
G3 X9.0578 Y-4.0928 I-0.0703 J1.212
X9.0737 Y-4.0811 I-0.0045 J0.0227
G1 X9.076 Y-4.0734
X9.0757 Y-4.0656
G2 X9.0505 Y-3.9186 I0.9354 J0.236
X9.0481 Y-3.8335 I0.8926 J0.068
G1 X9.0472 Y-3.8257
G3 X9.0268 Y-3.8066 I-0.0225 J-0.0036
G2 X8.8087 Y-3.7639 I0.4652 J2.9481
G1 X8.8179 Y-3.7744
G3 X8.8571 Y-3.8055 I0.1351 J0.1306
G2 X8.8845 Y-3.8324 I-0.0571 J-0.0855
X8.9706 Y-4.0657 I-0.524 J-0.3258
G1 X8.9726 Y-4.0755
X8.9738 Y-4.0785
X8.9748 Y-4.0792
X8.9765 Y-4.0796
G3 X9.0551 Y-4.0727 I-0.0185 J0.6645
G1 X9.0558 Y-4.0712
Y-4.0695
G2 X9.0403 Y-3.996 I3.256 J0.7247
X9.028 Y-3.8335 I0.8514 J0.1462
G1 X9.0268 Y-3.8278
X9.0206 Y-3.8257
G2 X8.8605 Y-3.7963 I0.5203 J3.2806
X8.8845 Y-3.8324 I-0.73 J-0.5128
G3 X8.919 Y-3.8686 I0.1458 J0.1041
G2 X8.9425 Y-3.899 I-0.0683 J-0.077
X8.9899 Y-4.0591 I-0.6012 J-0.2654
G1 X9.019 Y-4.0567
X9.0315 Y-4.0556
X9.0323 Y-4.0549
G2 X9.008 Y-3.8441 I0.8356 J0.2035
X8.9039 Y-3.8256 I0.8424 J5.0542
X8.9425 Y-3.899 I-0.5788 J-0.351
G3 X8.9718 Y-3.9396 I0.1556 J0.0816
G2 X8.9908 Y-3.973 I-0.0756 J-0.0651
X9.0064 Y-4.0377 I-0.7127 J-0.2063
G1 X9.0078 Y-4.0372
G2 X8.988 Y-3.8615 I0.8647 J0.1864
G1 X8.9873 Y-3.8606
X8.9572 Y-3.8557
X8.9431 Y-3.8532
X8.9428 Y-3.854
G2 X8.9908 Y-3.973 I-0.565 J-0.297
G1 X8.9917 Y-3.9761 Z0.3772
X8.9926 Y-3.9792 Z0.378
X8.9934 Y-3.982 Z0.3794
X8.9941 Y-3.9846 Z0.3813
X8.9947 Y-3.9868 Z0.3836
X8.9953 Y-3.9886 Z0.3863
X8.9956 Y-3.9899 Z0.3892
X8.9959 Y-3.9907 Z0.3924
X8.996 Y-3.991 Z0.3956
G0 Z1.1
(SCALLOP1 2)
G0 X1.137 Y-1.0699
Z1.1
Z0.5333
G1 Z0.4373 F20.
X1.1369 Y-1.0696 Z0.4341
X1.1367 Y-1.0688 Z0.4309
X1.1363 Y-1.0675 Z0.428
X1.1358 Y-1.0657 Z0.4253
X1.1351 Y-1.0635 Z0.423
X1.1344 Y-1.0609 Z0.4211
X1.1336 Y-1.058 Z0.4197
X1.1327 Y-1.055 Z0.4189
X1.1318 Y-1.0519 Z0.4186
X1.1306 Y-1.0476
X1.1286 Y-1.0394
X1.1272 Y-1.0313 Z0.4187
X1.1262 Y-1.0231
X1.1256 Y-1.015 Z0.4188
X1.1258 Y-1.0068
X1.1265 Y-0.9987 Z0.4187
X1.1276 Y-0.9906 Z0.4186
X1.1291 Y-0.9824
X1.1313 Y-0.9743
X1.1318 Y-0.9723
X1.1339 Y-0.9661
X1.1371 Y-0.958
X1.14 Y-0.9516 Z0.4187
X1.1454 Y-0.9417
X1.1506 Y-0.9336 Z0.4188
X1.1569 Y-0.9254 Z0.4187
X1.1644 Y-0.9171
X1.1728 Y-0.9091
X1.1807 Y-0.9027 Z0.4188
X1.1831 Y-0.901
X1.1888 Y-0.8971
X1.197 Y-0.8924 Z0.4187
X1.2051 Y-0.8883 Z0.4186
X1.2139 Y-0.8847
X1.2214 Y-0.8822
X1.2295 Y-0.8799
X1.2377 Y-0.8781
X1.2458 Y-0.8768 Z0.4187
X1.2539 Y-0.876 Z0.4188
X1.2621 Y-0.8756 Z0.4189
X1.2702 Y-0.876 Z0.4188
X1.2763 Y-0.8766 Z0.4186
X1.2784 Y-0.8768 Z0.4187
X1.2865 Y-0.8781 Z0.4186
X1.2946 Y-0.8798
X1.3028 Y-0.8822
X1.3109 Y-0.885
X1.3191 Y-0.8883
X1.3272 Y-0.8924 Z0.4187
X1.3353 Y-0.8971
X1.3435 Y-0.9026 Z0.4188
X1.3516 Y-0.9093 Z0.4187
X1.36 Y-0.9173
X1.3674 Y-0.9254
X1.3738 Y-0.9336 Z0.4189
X1.3789 Y-0.9417 Z0.4188
X1.3834 Y-0.9498 Z0.4187
X1.3842 Y-0.9514
X1.3872 Y-0.958 Z0.4186
X1.3904 Y-0.9661
X1.3923 Y-0.972
X1.393 Y-0.9743
X1.3951 Y-0.9824
X1.3967 Y-0.9906
X1.3978 Y-0.9987 Z0.4187
X1.3984 Y-1.0068 Z0.4188
X1.3986 Y-1.015
X1.3981 Y-1.0231 Z0.4187
X1.3971 Y-1.0313 Z0.4186
X1.3956 Y-1.0394
X1.3937 Y-1.0476
X1.3923 Y-1.0524
X1.3912 Y-1.0557
X1.3882 Y-1.0638
X1.3847 Y-1.072
X1.3804 Y-1.0801 Z0.4187
X1.3755 Y-1.0883 Z0.4188
X1.3694 Y-1.0964
X1.3679 Y-1.0983 Z0.4187
X1.3624 Y-1.1046
X1.3598 Y-1.1073
X1.3543 Y-1.1127
X1.3516 Y-1.115
X1.3447 Y-1.1208 Z0.4188
X1.3435 Y-1.1217
X1.3353 Y-1.1273
X1.3326 Y-1.129 Z0.4187
X1.3272 Y-1.132
X1.3191 Y-1.136 Z0.4186
X1.3165 Y-1.1371
X1.3109 Y-1.1394 Z0.4185
X1.3028 Y-1.1422 Z0.4186
X1.2946 Y-1.1444
X1.2911 Y-1.1453
X1.2865 Y-1.1462
X1.2784 Y-1.1475
X1.2702 Y-1.1483 Z0.4187
X1.2621 Y-1.1486 Z0.4189
X1.2539 Y-1.1483 Z0.4187
X1.2458 Y-1.1475 Z0.4186
X1.2377 Y-1.1462
X1.2333 Y-1.1453
X1.2295 Y-1.1444 Z0.4185
X1.2214 Y-1.1421 Z0.4186
X1.2132 Y-1.1393
X1.2078 Y-1.1371
X1.2051 Y-1.1359
X1.197 Y-1.1319 Z0.4187
X1.1888 Y-1.1273 Z0.4188
X1.1807 Y-1.1216
X1.1797 Y-1.1208
X1.1725 Y-1.1149 Z0.4186
X1.1701 Y-1.1127 Z0.4187
X1.1644 Y-1.1072 Z0.4186
X1.1619 Y-1.1046 Z0.4187
X1.1563 Y-1.0981 Z0.4188
X1.1549 Y-1.0964
X1.1488 Y-1.0883 Z0.4189
X1.1481 Y-1.0871 Z0.4188
X1.1439 Y-1.0801 Z0.4187
X1.1397 Y-1.072 Z0.4186
X1.1361 Y-1.0638
X1.1331 Y-1.0557 Z0.4185
X1.1318 Y-1.0519 Z0.4186
X1.131 Y-1.0483 Z0.4184
X1.1308 Y-1.0465 Z0.4182
X1.1306 Y-1.0446 Z0.4179
X1.1305 Y-1.041 Z0.4172
X1.1307 Y-1.0374 Z0.4163
X1.1317 Y-1.0303 Z0.4141
X1.1325 Y-1.0268 Z0.4129
X1.1334 Y-1.0233 Z0.4116
X1.1355 Y-1.0163 Z0.4091
X1.1378 Y-1.0091 Z0.4068
X1.1398 Y-1.0019 Z0.4052
X1.1407 Y-0.9981 Z0.4047
X1.1413 Y-0.9943 Z0.4045
X1.1419 Y-0.9906
X1.1437 Y-0.9824
X1.146 Y-0.9743
X1.1481 Y-0.9683
X1.149 Y-0.9661
X1.1526 Y-0.958
X1.1563 Y-0.951 Z0.4046
X1.1621 Y-0.9417
X1.1644 Y-0.9387
X1.1685 Y-0.9336
X1.1725 Y-0.929 Z0.4045
X1.1761 Y-0.9254 Z0.4046
X1.1807 Y-0.921
X1.185 Y-0.9173
X1.1888 Y-0.9142 Z0.4047
X1.197 Y-0.9087
X1.2051 Y-0.9041 Z0.4046
X1.2115 Y-0.901 Z0.4045
X1.2132 Y-0.9002
X1.2214 Y-0.897
X1.2295 Y-0.8944 Z0.4044
X1.2359 Y-0.8928 Z0.4045
X1.2458 Y-0.8911
X1.2539 Y-0.8902 Z0.4046
X1.2621 Y-0.8898 Z0.4047
X1.2702 Y-0.8902 Z0.4046
X1.2784 Y-0.8911 Z0.4045
X1.2865 Y-0.8925
X1.2882 Y-0.8928
X1.2946 Y-0.8944 Z0.4044
X1.3028 Y-0.897 Z0.4045
X1.3109 Y-0.9002
X1.3128 Y-0.901
X1.3191 Y-0.904
X1.3272 Y-0.9086 Z0.4046
X1.3353 Y-0.9142
X1.3391 Y-0.9173 Z0.4045
X1.3435 Y-0.9209
X1.3482 Y-0.9254
X1.3516 Y-0.929 Z0.4046
X1.3558 Y-0.9336
X1.3598 Y-0.9384
X1.3623 Y-0.9417 Z0.4048
X1.3679 Y-0.9508 Z0.4046
X1.3717 Y-0.958 Z0.4045
X1.3753 Y-0.9661
X1.376 Y-0.968
X1.3783 Y-0.9743
X1.3806 Y-0.9824
X1.3824 Y-0.9906
X1.3836 Y-0.9987
X1.3843 Y-1.0068 Z0.4046
X1.3844 Y-1.015 Z0.4047
X1.3842 Y-1.0193 Z0.4046
X1.3839 Y-1.0231
X1.3828 Y-1.0313 Z0.4045
X1.3812 Y-1.0394
X1.379 Y-1.0476
X1.3763 Y-1.0557
X1.3729 Y-1.0638 Z0.4046
X1.3688 Y-1.072
X1.3639 Y-1.0801 Z0.4047
X1.3579 Y-1.0883 Z0.4046
X1.3516 Y-1.0954 Z0.4045
X1.3507 Y-1.0964
X1.3435 Y-1.1034 Z0.4046
X1.3353 Y-1.1102 Z0.4047
X1.3318 Y-1.1127 Z0.4046
X1.3272 Y-1.1157
X1.3181 Y-1.1208
X1.3109 Y-1.1242 Z0.4045
X1.3028 Y-1.1273 Z0.4044
X1.2977 Y-1.129
X1.2946 Y-1.1298
X1.2865 Y-1.1318
X1.2784 Y-1.1332 Z0.4045
X1.2702 Y-1.1342 Z0.4046
X1.2621 Y-1.1345 Z0.4047
X1.2539 Y-1.1341 Z0.4046
X1.2458 Y-1.1332 Z0.4045
X1.2377 Y-1.1318
X1.2295 Y-1.1298 Z0.4044
X1.2267 Y-1.129
X1.2214 Y-1.1273
X1.2132 Y-1.1241 Z0.4045
X1.2062 Y-1.1208 Z0.4046
X1.2051 Y-1.1203 Z0.4045
X1.197 Y-1.1157 Z0.4046
X1.1926 Y-1.1127
X1.1888 Y-1.11
X1.1821 Y-1.1046 Z0.4045
X1.1807 Y-1.1033
X1.1736 Y-1.0964
X1.1725 Y-1.0953
X1.1664 Y-1.0883 Z0.4047
X1.1644 Y-1.0856 Z0.4046
X1.1604 Y-1.0801 Z0.4047
X1.1563 Y-1.0732 Z0.4046
X1.1555 Y-1.072
X1.1515 Y-1.0638 Z0.4045
X1.1481 Y-1.0557
X1.1453 Y-1.0476 Z0.4044
X1.1431 Y-1.0394 Z0.4045
X1.1415 Y-1.0313
X1.1404 Y-1.0231 Z0.4046
X1.1398 Y-1.015 Z0.4047
X1.14 Y-1.0068 Z0.4046
X1.1407 Y-0.9987
X1.1413 Y-0.9943 Z0.4045
X1.1421 Y-0.9907 Z0.4043
X1.1426 Y-0.989 Z0.4041
X1.1432 Y-0.9873 Z0.4039
X1.1447 Y-0.9839 Z0.4032
X1.1464 Y-0.9807 Z0.4023
X1.1483 Y-0.9777 Z0.4013
X1.1504 Y-0.9747 Z0.4002
X1.155 Y-0.9693 Z0.3977
X1.1601 Y-0.9639 Z0.3952
X1.1654 Y-0.9586 Z0.3929
X1.1707 Y-0.9531 Z0.3912
X1.1733 Y-0.9502 Z0.3907
X1.1757 Y-0.9473 Z0.3905
X1.1807 Y-0.9411
X1.1879 Y-0.9336
X1.1888 Y-0.9327
X1.197 Y-0.9258 Z0.3906
X1.2051 Y-0.9203 Z0.3905
X1.2103 Y-0.9173 Z0.3904
X1.2132 Y-0.9158
X1.2214 Y-0.9121
X1.2297 Y-0.9091
X1.2377 Y-0.9069
X1.2458 Y-0.9053
X1.2539 Y-0.9044 Z0.3905
X1.2621 Y-0.9039 Z0.3906
X1.2702 Y-0.9043 Z0.3905
X1.2784 Y-0.9054 Z0.3904
X1.2865 Y-0.9069 Z0.3903
X1.2946 Y-0.9092
X1.3028 Y-0.9121 Z0.3904
X1.3109 Y-0.9157
X1.3138 Y-0.9173
X1.3191 Y-0.9202
X1.3272 Y-0.9258 Z0.3905
X1.3353 Y-0.9326 Z0.3904
X1.3364 Y-0.9336
X1.3441 Y-0.9417 Z0.3905
X1.3507 Y-0.9498 Z0.3906
X1.3516 Y-0.9512
X1.3557 Y-0.958 Z0.3905
X1.3599 Y-0.9661 Z0.3904
X1.3633 Y-0.9743
X1.366 Y-0.9824
X1.368 Y-0.9906
X1.3694 Y-0.9987
X1.3701 Y-1.0068 Z0.3905
X1.3703 Y-1.015
X1.3697 Y-1.0231 Z0.3904
X1.3684 Y-1.0313
X1.3679 Y-1.0342
X1.3667 Y-1.0394 Z0.3903
X1.3642 Y-1.0476 Z0.3904
X1.361 Y-1.0557 Z0.3905
X1.3598 Y-1.0585 Z0.3904
X1.3571 Y-1.0638
X1.3523 Y-1.072 Z0.3905
X1.3463 Y-1.0801
X1.3435 Y-1.0834 Z0.3904
X1.3389 Y-1.0883
X1.3353 Y-1.0917
X1.3299 Y-1.0964 Z0.3905
X1.3272 Y-1.0986
X1.3185 Y-1.1046
X1.3109 Y-1.1086
X1.3028 Y-1.1123 Z0.3904
X1.2946 Y-1.1152 Z0.3903
X1.2865 Y-1.1173
X1.2784 Y-1.119 Z0.3904
X1.2702 Y-1.12
X1.2621 Y-1.1204 Z0.3906
X1.2539 Y-1.12 Z0.3905
X1.2458 Y-1.119 Z0.3904
X1.2377 Y-1.1173 Z0.3903
X1.2295 Y-1.1151
X1.2226 Y-1.1127
X1.2214 Y-1.1122
X1.2132 Y-1.1086 Z0.3904
X1.2059 Y-1.1046 Z0.3905
X1.197 Y-1.0985
X1.1944 Y-1.0964
X1.1888 Y-1.0916 Z0.3904
X1.1854 Y-1.0883
X1.1807 Y-1.0833
X1.178 Y-1.0801 Z0.3905
X1.172 Y-1.072 Z0.3906
X1.1672 Y-1.0638 Z0.3904
X1.1644 Y-1.0581
X1.1633 Y-1.0557
X1.1601 Y-1.0476 Z0.3903
X1.1576 Y-1.0394
X1.1563 Y-1.0336 Z0.3904
X1.1558 Y-1.0313
X1.1546 Y-1.0231 Z0.3905
X1.1539 Y-1.015 Z0.3906
X1.1541 Y-1.0068 Z0.3905
X1.1549 Y-0.9987 Z0.3904
X1.1563 Y-0.9906
X1.1583 Y-0.9824
X1.161 Y-0.9743
X1.1644 Y-0.966
X1.1686 Y-0.958
X1.1737 Y-0.9498 Z0.3905
X1.1757 Y-0.9473
X1.1785 Y-0.9442 Z0.3903
X1.1795 Y-0.9433 Z0.3901
X1.1809 Y-0.9421 Z0.3898
X1.1839 Y-0.9399 Z0.3891
X1.1869 Y-0.9381 Z0.3881
X1.1902 Y-0.9364 Z0.387
X1.1935 Y-0.935 Z0.3859
X1.2002 Y-0.9326 Z0.3833
X1.2073 Y-0.9306 Z0.3808
X1.2146 Y-0.9288 Z0.3785
X1.2183 Y-0.9278 Z0.3776
X1.222 Y-0.9267 Z0.3769
X1.2256 Y-0.9255 Z0.3764
X1.2293 Y-0.9241 Z0.3763
X1.2377 Y-0.9215
X1.2458 Y-0.9197
X1.2539 Y-0.9186 Z0.3764
X1.2621 Y-0.918
X1.2702 Y-0.9185 Z0.3763
X1.2784 Y-0.9196
X1.2865 Y-0.9215
X1.2946 Y-0.9241
X1.298 Y-0.9254
X1.3028 Y-0.9274
X1.3109 Y-0.9318
X1.3191 Y-0.9373
X1.3243 Y-0.9417
X1.3272 Y-0.9443
X1.3324 Y-0.9498
X1.3353 Y-0.9532
X1.3391 Y-0.958 Z0.3765
X1.3441 Y-0.9661 Z0.3764
X1.3481 Y-0.9743 Z0.3763
X1.3512 Y-0.9824
X1.3516 Y-0.9837
X1.3536 Y-0.9906
X1.3551 Y-0.9987
X1.3559 Y-1.0068 Z0.3764
X1.3562 Y-1.015
X1.3555 Y-1.0231 Z0.3763
X1.3541 Y-1.0313
X1.352 Y-1.0394
X1.3516 Y-1.0407
X1.3492 Y-1.0476 Z0.3764
X1.3454 Y-1.0557 Z0.3763
X1.3435 Y-1.0592
X1.3408 Y-1.0638 Z0.3764
X1.3347 Y-1.072 Z0.3763
X1.3271 Y-1.0801
X1.3191 Y-1.0871 Z0.3764
X1.3174 Y-1.0883 Z0.3763
X1.3109 Y-1.0926 Z0.3764
X1.3028 Y-1.0969 Z0.3763
X1.2946 Y-1.1003 Z0.3762
X1.2865 Y-1.1028
X1.2784 Y-1.1047
X1.2702 Y-1.1058 Z0.3763
X1.2621 Y-1.1062 Z0.3764
X1.2539 Y-1.1058 Z0.3763
X1.2454 Y-1.1046
X1.2377 Y-1.1028 Z0.3762
X1.2295 Y-1.1002
X1.2206 Y-1.0964 Z0.3763
X1.2132 Y-1.0925 Z0.3764
X1.207 Y-1.0883 Z0.3763
X1.2051 Y-1.0869 Z0.3764
X1.197 Y-1.0798 Z0.3763
X1.1896 Y-1.072 Z0.3764
X1.1835 Y-1.0638
X1.1807 Y-1.059 Z0.3763
X1.1789 Y-1.0557
X1.1751 Y-1.0476
X1.1723 Y-1.0394 Z0.3762
X1.1702 Y-1.0313 Z0.3763
X1.1688 Y-1.0231
X1.1681 Y-1.015 Z0.3764
X1.1683 Y-1.0068 Z0.3763
X1.1691 Y-0.9987
X1.1707 Y-0.9906
X1.1725 Y-0.9839
X1.173 Y-0.9824
X1.1761 Y-0.9743
X1.1802 Y-0.9661
X1.1807 Y-0.9653
X1.1853 Y-0.958 Z0.3764
X1.1888 Y-0.9534 Z0.3763
X1.1918 Y-0.9498
X1.197 Y-0.9444 Z0.3764
X1.1999 Y-0.9417 Z0.3763
X1.2051 Y-0.9374 Z0.3764
X1.2106 Y-0.9336 Z0.3763
X1.2132 Y-0.9319 Z0.3764
X1.2214 Y-0.9275 Z0.3763
X1.2261 Y-0.9254
X1.2293 Y-0.9241
X1.233 Y-0.923 Z0.3762
X1.2345 Y-0.9227 Z0.376
X1.2363 Y-0.9224 Z0.3757
X1.2381 Y-0.9223 Z0.3754
X1.2399 Y-0.9222 Z0.375
X1.2435 Y-0.9223 Z0.3741
X1.2471 Y-0.9228 Z0.373
X1.2506 Y-0.9235 Z0.3718
X1.2575 Y-0.9255 Z0.3692
X1.2645 Y-0.9281 Z0.3666
X1.2716 Y-0.931 Z0.3643
X1.2752 Y-0.9324 Z0.3634
X1.2788 Y-0.9337 Z0.3627
X1.2826 Y-0.935 Z0.3623
X1.2844 Y-0.9355 Z0.3622
X1.2863 Y-0.9361
X1.2946 Y-0.9393 Z0.3621
X1.2997 Y-0.9417 Z0.3622
X1.3028 Y-0.9434
X1.3109 Y-0.9489
X1.3121 Y-0.9498
X1.3191 Y-0.9561
X1.3208 Y-0.958
X1.3276 Y-0.9661 Z0.3624
X1.3324 Y-0.9743 Z0.3623
X1.3353 Y-0.9803 Z0.3622
X1.3362 Y-0.9824
X1.339 Y-0.9906
X1.3408 Y-0.9987
X1.3418 Y-1.0068
X1.342 Y-1.015
X1.3412 Y-1.0231
X1.3397 Y-1.0313 Z0.3621
X1.3372 Y-1.0394
X1.3353 Y-1.044 Z0.3623
X1.3338 Y-1.0476 Z0.3622
X1.3292 Y-1.0557
X1.3231 Y-1.0638
X1.3191 Y-1.0682
X1.315 Y-1.072
X1.3109 Y-1.0755 Z0.3623
X1.3042 Y-1.0801 Z0.3622
X1.3028 Y-1.081
X1.2946 Y-1.0852
X1.2862 Y-1.0883 Z0.3621
X1.2784 Y-1.0903
X1.2702 Y-1.0916 Z0.3622
X1.2621 Y-1.0921 Z0.3623
X1.2539 Y-1.0916 Z0.3622
X1.2458 Y-1.0902
X1.2377 Y-1.0881 Z0.3621
X1.2295 Y-1.085 Z0.3622
X1.2214 Y-1.0809 Z0.3623
X1.2202 Y-1.0801 Z0.3622
X1.2132 Y-1.0753 Z0.3623
X1.2093 Y-1.072 Z0.3621
X1.2051 Y-1.068 Z0.3622
X1.2012 Y-1.0638 Z0.3623
X1.197 Y-1.0584 Z0.3622
X1.1951 Y-1.0557 Z0.3623
X1.1906 Y-1.0476 Z0.3622
X1.1888 Y-1.0437 Z0.3621
X1.1872 Y-1.0394
X1.1847 Y-1.0313 Z0.3622
X1.183 Y-1.0231
X1.1822 Y-1.015 Z0.3623
X1.1824 Y-1.0068 Z0.3622
X1.1834 Y-0.9987
X1.1853 Y-0.9906
X1.188 Y-0.9824
X1.1888 Y-0.9805
X1.1919 Y-0.9743
X1.197 Y-0.9659
X1.2034 Y-0.958
X1.2051 Y-0.9562 Z0.3623
X1.2121 Y-0.9498
X1.2132 Y-0.9489
X1.2214 Y-0.9435
X1.2245 Y-0.9417 Z0.3622
X1.2295 Y-0.9393
X1.2377 Y-0.9361 Z0.3623
X1.2458 Y-0.9341 Z0.3621
X1.2485 Y-0.9336
X1.2539 Y-0.9327 Z0.3622
X1.2621 Y-0.9322 Z0.3623
X1.2702 Y-0.9327 Z0.3622
X1.2758 Y-0.9336
X1.2784 Y-0.934 Z0.3621
X1.2863 Y-0.9361 Z0.3622
X1.29 Y-0.9373
X1.2915 Y-0.938 Z0.3621
X1.2931 Y-0.9389 Z0.3619
X1.2946 Y-0.9399 Z0.3617
X1.2961 Y-0.9409 Z0.3613
X1.2989 Y-0.9432 Z0.3605
X1.3003 Y-0.9445 Z0.3601
X1.3015 Y-0.9458 Z0.3596
X1.3039 Y-0.9486 Z0.3584
X1.306 Y-0.9515 Z0.3573
X1.308 Y-0.9545 Z0.356
X1.3116 Y-0.9612 Z0.3534
X1.3149 Y-0.9683 Z0.3509
X1.3179 Y-0.9755 Z0.3491
X1.3194 Y-0.9792 Z0.3485
X1.321 Y-0.983 Z0.3481
X1.3243 Y-0.9906
X1.3265 Y-0.9987
X1.3272 Y-1.003
X1.3276 Y-1.0068
X1.3278 Y-1.015
X1.3272 Y-1.0211 Z0.348
X1.3269 Y-1.0231 Z0.3481
X1.325 Y-1.0313
X1.322 Y-1.0394
X1.3191 Y-1.045
X1.3176 Y-1.0476
X1.3115 Y-1.0557 Z0.3482
X1.3109 Y-1.0563
X1.3028 Y-1.0639 Z0.3481
X1.2946 Y-1.0694 Z0.3482
X1.2894 Y-1.072 Z0.3481
X1.2865 Y-1.0732
X1.2784 Y-1.0758
X1.2702 Y-1.0774
X1.2621 Y-1.0779 Z0.3482
X1.2539 Y-1.0774 Z0.3481
X1.2458 Y-1.0758 Z0.348
X1.2377 Y-1.0731
X1.235 Y-1.072 Z0.3481
X1.2295 Y-1.0693 Z0.3482
X1.2214 Y-1.0637 Z0.3481
X1.2132 Y-1.0562
X1.2067 Y-1.0476 Z0.3482
X1.2051 Y-1.0449 Z0.3481
X1.2024 Y-1.0394
X1.1993 Y-1.0313
X1.1973 Y-1.0231 Z0.348
X1.197 Y-1.0204 Z0.3481
X1.1964 Y-1.015 Z0.3482
X1.1966 Y-1.0068 Z0.3481
X1.197 Y-1.0037
X1.1978 Y-0.9987
X1.2 Y-0.9906 Z0.3482
X1.2035 Y-0.9824 Z0.3481
X1.2051 Y-0.9796 Z0.348
X1.2084 Y-0.9743 Z0.3481
X1.2132 Y-0.9682
X1.2152 Y-0.9661
X1.2214 Y-0.9605 Z0.3482
X1.2249 Y-0.958 Z0.348
X1.2295 Y-0.955 Z0.3482
X1.2377 Y-0.9512 Z0.3481
X1.2412 Y-0.9498
X1.2458 Y-0.9485 Z0.348
X1.2539 Y-0.9469 Z0.3481
X1.2621 Y-0.9464 Z0.3482
X1.2702 Y-0.9469 Z0.3481
X1.2784 Y-0.9485 Z0.348
X1.2831 Y-0.9498 Z0.3481
X1.2865 Y-0.9512
X1.2946 Y-0.955
X1.2992 Y-0.958 Z0.348
X1.3028 Y-0.9605 Z0.3481
X1.309 Y-0.9661
X1.3109 Y-0.9682
X1.316 Y-0.9743 Z0.3482
X1.3191 Y-0.9794 Z0.3481
X1.3208 Y-0.9824
X1.321 Y-0.983
X1.3225 Y-0.9863 Z0.3484
X1.3239 Y-0.9896 Z0.3493
X1.3252 Y-0.9928 Z0.3507
X1.3265 Y-0.9956 Z0.3526
X1.3276 Y-0.9982 Z0.355
X1.3285 Y-1.0004 Z0.3578
X1.3293 Y-1.0022 Z0.3609
X1.3298 Y-1.0035 Z0.3643
X1.3302 Y-1.0043 Z0.3679
X1.3303 Y-1.0045 Z0.3716
Z0.4609
X1.3306 Y-1.0044 Z0.4662
X1.3314 Y-1.004 Z0.4713
X1.3327 Y-1.0034 Z0.4763
X1.3346 Y-1.0025 Z0.4812
X1.337 Y-1.0014 Z0.4857
X1.3398 Y-1. Z0.4899
X1.3431 Y-0.9985 Z0.4937
X1.3467 Y-0.9968 Z0.4971
X1.3507 Y-0.9949 Z0.5
X1.3549 Y-0.9929 Z0.5023
X1.3593 Y-0.9907 Z0.5041
X1.3639 Y-0.9886 Z0.5053
X1.3687 Y-0.9863 Z0.5059
X1.3734 Y-0.9841
X1.3781 Y-0.9818 Z0.5053
X1.3827 Y-0.9796 Z0.5041
X1.3872 Y-0.9775 Z0.5023
X1.3914 Y-0.9755 Z0.5
X1.3953 Y-0.9736 Z0.4971
X1.399 Y-0.9719 Z0.4937
X1.4022 Y-0.9704 Z0.4899
X1.4051 Y-0.969 Z0.4857
X1.4074 Y-0.9679 Z0.4812
X1.4093 Y-0.967 Z0.4763
X1.4107 Y-0.9664 Z0.4713
X1.4115 Y-0.966 Z0.4662
X1.4118 Y-0.9658 Z0.4609
X1.4116 Y-0.9656 Z0.4573
X1.4113 Y-0.9648 Z0.4537
X1.4107 Y-0.9635 Z0.4503
X1.4099 Y-0.9618 Z0.4472
X1.4088 Y-0.9597 Z0.4444
X1.4077 Y-0.9571 Z0.442
X1.4063 Y-0.9543 Z0.4401
X1.4049 Y-0.9512 Z0.4387
X1.4034 Y-0.948 Z0.4378
X1.4018 Y-0.9447 Z0.4375
X1.4004 Y-0.9417
X1.3959 Y-0.9336
X1.3923 Y-0.9279
X1.3907 Y-0.9254
X1.3842 Y-0.9164
X1.3781 Y-0.9091
X1.376 Y-0.9068
X1.3704 Y-0.901
X1.3679 Y-0.8986 Z0.4376
X1.3613 Y-0.8928 Z0.4375
X1.3598 Y-0.8916
X1.3516 Y-0.8854
X1.3435 Y-0.88
X1.3353 Y-0.8753
X1.3272 Y-0.8713 Z0.4376
X1.3207 Y-0.8684
X1.3109 Y-0.8648 Z0.4375
X1.3028 Y-0.8624
X1.2937 Y-0.8603
X1.2865 Y-0.8589
X1.2784 Y-0.8578
X1.2702 Y-0.8572
X1.2621 Y-0.857 Z0.4376
X1.2539 Y-0.8572 Z0.4375
X1.2458 Y-0.8578 Z0.4376
X1.2377 Y-0.8589
X1.2295 Y-0.8604 Z0.4375
X1.2214 Y-0.8625
X1.2132 Y-0.865
X1.2051 Y-0.8678
X1.2036 Y-0.8684 Z0.4376
X1.197 Y-0.8713 Z0.4375
X1.1888 Y-0.8754
X1.1866 Y-0.8766
X1.1807 Y-0.8801 Z0.4376
X1.1737 Y-0.8847 Z0.4375
X1.1725 Y-0.8855
X1.1644 Y-0.8917 Z0.4374
X1.1563 Y-0.8987 Z0.4375
X1.154 Y-0.901
X1.1481 Y-0.907
X1.1462 Y-0.9091
X1.14 Y-0.9164
X1.1334 Y-0.9254 Z0.4376
X1.1283 Y-0.9336 Z0.4375
X1.1237 Y-0.9422
X1.12 Y-0.9498 Z0.4376
X1.1167 Y-0.958
X1.1156 Y-0.9613
X1.114 Y-0.9661 Z0.4375
X1.1117 Y-0.9743
X1.1099 Y-0.9824
X1.1084 Y-0.9906
X1.1074 Y-0.9998 Z0.4376
X1.107 Y-1.0068
X1.1068 Y-1.015
X1.1073 Y-1.0231
X1.1074 Y-1.0251
X1.1081 Y-1.0313
X1.1094 Y-1.0394 Z0.4375
X1.1111 Y-1.0476
X1.1133 Y-1.0557
X1.1159 Y-1.0638
X1.119 Y-1.072
X1.1237 Y-1.0821 Z0.4374
X1.1269 Y-1.0883 Z0.4375
X1.1318 Y-1.0966 Z0.4376
X1.1374 Y-1.1046
X1.1439 Y-1.1127 Z0.4375
X1.1481 Y-1.1173
X1.1514 Y-1.1208 Z0.4374
X1.1563 Y-1.1255 Z0.4375
X1.16 Y-1.129
X1.1644 Y-1.1327 Z0.4376
X1.1699 Y-1.1371
X1.1725 Y-1.139 Z0.4377
X1.1807 Y-1.1443 Z0.4376
X1.1888 Y-1.1489 Z0.4375
X1.1979 Y-1.1534
X1.2051 Y-1.1565 Z0.4376
X1.2132 Y-1.1594 Z0.4375
X1.2214 Y-1.1619
X1.2295 Y-1.1638 Z0.4376
X1.2377 Y-1.1654 Z0.4375
X1.2458 Y-1.1666 Z0.4376
X1.2539 Y-1.1672
X1.2621 Y-1.1675 Z0.4377
X1.2702 Y-1.1672 Z0.4375
X1.2784 Y-1.1665
X1.2865 Y-1.1653
X1.2946 Y-1.1638 Z0.4374
X1.3039 Y-1.1616 Z0.4375
X1.3109 Y-1.1594
X1.3191 Y-1.1566 Z0.4376
X1.3272 Y-1.1531 Z0.4375
X1.3353 Y-1.149 Z0.4376
X1.3435 Y-1.1444
X1.3516 Y-1.1389 Z0.4375
X1.354 Y-1.1371 Z0.4374
X1.3598 Y-1.1325
X1.3639 Y-1.129 Z0.4373
X1.3679 Y-1.1254
X1.3726 Y-1.1208
X1.376 Y-1.1173
X1.3801 Y-1.1127 Z0.4374
X1.3842 Y-1.1079
X1.3868 Y-1.1046 Z0.4376
X1.3925 Y-1.0964
X1.3974 Y-1.0883 Z0.4375
X1.4005 Y-1.0825
X1.4017 Y-1.0801
X1.4052 Y-1.072
X1.4086 Y-1.0632
X1.4111 Y-1.0557
X1.4132 Y-1.0476
X1.4148 Y-1.0394
X1.4161 Y-1.0313
X1.4169 Y-1.0231
X1.4173 Y-1.015 Z0.4376
X1.4172 Y-1.0068
X1.4167 Y-0.998 Z0.4375
X1.4159 Y-0.9906 Z0.4376
X1.4145 Y-0.9824
X1.4127 Y-0.9743 Z0.4375
X1.4103 Y-0.9661
X1.4086 Y-0.961
X1.4075 Y-0.958
X1.4042 Y-0.9498
X1.4018 Y-0.9447
X1.4003 Y-0.9412 Z0.4377
X1.399 Y-0.9376 Z0.4382
X1.3968 Y-0.9304 Z0.4399
X1.3958 Y-0.9268 Z0.441
X1.3949 Y-0.9232 Z0.4422
X1.3932 Y-0.9161 Z0.4448
X1.3911 Y-0.9093 Z0.4473
X1.3882 Y-0.9022 Z0.4497
X1.3867 Y-0.8994 Z0.4504
X1.3848 Y-0.8963 Z0.4511
X1.3837 Y-0.8948 Z0.4514
X1.3826 Y-0.8933 Z0.4515
X1.3814 Y-0.892 Z0.4516
X1.3801 Y-0.8907 Z0.4517
X1.376 Y-0.8868
X1.3737 Y-0.8847
X1.3679 Y-0.88
X1.3635 Y-0.8766 Z0.4516
X1.3598 Y-0.8739 Z0.4517
X1.3516 Y-0.8684 Z0.4516
X1.3435 Y-0.8637 Z0.4517
X1.3371 Y-0.8603
X1.3272 Y-0.8558
X1.3177 Y-0.8521
X1.3109 Y-0.85
X1.3028 Y-0.8478 Z0.4516
X1.2946 Y-0.846
X1.2865 Y-0.8446 Z0.4517
X1.2821 Y-0.844
X1.2784 Y-0.8436
X1.2702 Y-0.8431
X1.2621 Y-0.8428
X1.2539 Y-0.843 Z0.4516
X1.2458 Y-0.8436 Z0.4517
X1.2417 Y-0.844
X1.2377 Y-0.8445 Z0.4518
X1.2295 Y-0.846 Z0.4517
X1.2214 Y-0.8479
X1.2132 Y-0.8501 Z0.4516
X1.2051 Y-0.8527 Z0.4517
X1.197 Y-0.8559 Z0.4518
X1.1888 Y-0.8595 Z0.4517
X1.1872 Y-0.8603 Z0.4518
X1.1807 Y-0.8637 Z0.4517
X1.1725 Y-0.8685
X1.1644 Y-0.874
X1.1563 Y-0.8801 Z0.4516
X1.1507 Y-0.8847 Z0.4517
X1.1481 Y-0.8869
X1.14 Y-0.895 Z0.4516
X1.1345 Y-0.901 Z0.4517
X1.1318 Y-0.9041
X1.1278 Y-0.9091
X1.1237 Y-0.9147
X1.1218 Y-0.9173
X1.1167 Y-0.9254
X1.1156 Y-0.9273
X1.1122 Y-0.9336
X1.1082 Y-0.9417
X1.1046 Y-0.9498 Z0.4518
X1.1017 Y-0.958 Z0.4517
X1.0992 Y-0.9661
X1.0971 Y-0.9743
X1.0955 Y-0.9824
X1.0942 Y-0.9906
X1.0933 Y-0.9987
X1.0929 Y-1.0068
X1.0927 Y-1.015 Z0.4518
X1.0931 Y-1.0231
X1.0939 Y-1.0313 Z0.4517
X1.095 Y-1.0394
X1.0966 Y-1.0476
X1.0986 Y-1.0557 Z0.4516
X1.1009 Y-1.0638
X1.1038 Y-1.072 Z0.4517
X1.1074 Y-1.0809
X1.111 Y-1.0883 Z0.4516
X1.1156 Y-1.097 Z0.4517
X1.1202 Y-1.1046 Z0.4518
X1.1237 Y-1.1098 Z0.4517
X1.1258 Y-1.1127 Z0.4518
X1.1323 Y-1.1208 Z0.4517
X1.14 Y-1.1293 Z0.4516
X1.1481 Y-1.1373 Z0.4517
X1.1563 Y-1.1443 Z0.4518
X1.1574 Y-1.1453
X1.1644 Y-1.1506
X1.1725 Y-1.1559 Z0.4517
X1.1825 Y-1.1616 Z0.4516
X1.1888 Y-1.1648 Z0.4517
X1.197 Y-1.1685
X1.2 Y-1.1697
X1.2051 Y-1.1716
X1.2132 Y-1.1742
X1.2214 Y-1.1765
X1.2295 Y-1.1783
X1.2377 Y-1.1797
X1.2458 Y-1.1808
X1.2539 Y-1.1814 Z0.4518
X1.2621 Y-1.1816
X1.2702 Y-1.1813 Z0.4517
X1.2784 Y-1.1807
X1.2865 Y-1.1797 Z0.4516
X1.2969 Y-1.1778
X1.3028 Y-1.1764
X1.3109 Y-1.1743
X1.3191 Y-1.1716 Z0.4517
X1.3243 Y-1.1697
X1.3272 Y-1.1685
X1.3353 Y-1.1649
X1.3435 Y-1.1607
X1.3516 Y-1.156 Z0.4518
X1.3556 Y-1.1534 Z0.4516
X1.3598 Y-1.1505 Z0.4517
X1.3666 Y-1.1453 Z0.4515
X1.3761 Y-1.1371 Z0.4514
X1.3845 Y-1.129 Z0.4515
X1.3923 Y-1.1202
X1.3984 Y-1.1127 Z0.4517
X1.4005 Y-1.1099
X1.4041 Y-1.1046 Z0.4518
X1.4086 Y-1.0973 Z0.4517
X1.4134 Y-1.0883
X1.4172 Y-1.0801
X1.4205 Y-1.072 Z0.4516
X1.4233 Y-1.0638
X1.4249 Y-1.0588
X1.4277 Y-1.0476
X1.4292 Y-1.0394 Z0.4517
X1.4304 Y-1.0313
X1.4311 Y-1.0231 Z0.4516
X1.4315 Y-1.015 Z0.4518
X1.4314 Y-1.0068 Z0.4517
X1.431 Y-0.9987
X1.4301 Y-0.9906 Z0.4518
X1.4289 Y-0.9824
X1.4273 Y-0.9743
X1.4249 Y-0.9654 Z0.4517
X1.4226 Y-0.958 Z0.4516
X1.4195 Y-0.9498 Z0.4517
X1.4161 Y-0.9417
X1.4121 Y-0.9336
X1.4075 Y-0.9254 Z0.4516
X1.4023 Y-0.9173
X1.4005 Y-0.9146
X1.3964 Y-0.9091
X1.3923 Y-0.9039
X1.3899 Y-0.901 Z0.4517
X1.3824 Y-0.8928
X1.3801 Y-0.8907
X1.3774 Y-0.8879 Z0.4519
X1.3761 Y-0.8865 Z0.4521
X1.3749 Y-0.885 Z0.4524
X1.3726 Y-0.8821 Z0.4531
X1.3704 Y-0.8791 Z0.454
X1.3662 Y-0.8729 Z0.4563
X1.3622 Y-0.8668 Z0.4589
X1.358 Y-0.861 Z0.4614
X1.3557 Y-0.8582 Z0.4626
X1.3533 Y-0.8555 Z0.4636
X1.3507 Y-0.853 Z0.4645
X1.3493 Y-0.8518 Z0.4649
X1.3479 Y-0.8507 Z0.4652
X1.3449 Y-0.8486 Z0.4657
X1.3433 Y-0.8477 Z0.4658
X1.3417 Y-0.8468 Z0.4659
X1.3353 Y-0.8438
X1.3272 Y-0.8405 Z0.466
X1.3191 Y-0.8377 Z0.4659
X1.3109 Y-0.8353 Z0.4658
X1.3028 Y-0.8333
X1.2946 Y-0.8316
X1.2865 Y-0.8303 Z0.4659
X1.2784 Y-0.8294
X1.2702 Y-0.8289 Z0.4658
X1.2621 Y-0.8287 Z0.4659
X1.2539 Y-0.8289 Z0.4658
X1.2458 Y-0.8294 Z0.4659
X1.2377 Y-0.8302
X1.2295 Y-0.8316
X1.2214 Y-0.8333 Z0.4658
X1.2114 Y-0.8358
X1.2051 Y-0.8378
X1.197 Y-0.8406 Z0.4659
X1.1886 Y-0.844
X1.1807 Y-0.8477
X1.1723 Y-0.8521 Z0.4658
X1.1644 Y-0.8569 Z0.4659
X1.1593 Y-0.8603 Z0.4658
X1.1563 Y-0.8624
X1.1481 Y-0.8685 Z0.4657
X1.14 Y-0.8753 Z0.4658
X1.1385 Y-0.8766
X1.1318 Y-0.8831
X1.1303 Y-0.8847
X1.1228 Y-0.8928
X1.1156 Y-0.9018 Z0.4659
X1.1103 Y-0.9091 Z0.4658
X1.1051 Y-0.9173 Z0.4659
X1.1006 Y-0.9254 Z0.4658
X1.0963 Y-0.9336
X1.0927 Y-0.9417 Z0.4659
X1.0911 Y-0.9454
X1.0895 Y-0.9498
X1.0868 Y-0.958 Z0.4658
X1.0846 Y-0.9661
X1.083 Y-0.9724
X1.0811 Y-0.9824 Z0.4659
X1.0799 Y-0.9906
X1.0791 Y-0.9987
X1.0788 Y-1.0068
X1.0785 Y-1.015
X1.0789 Y-1.0231 Z0.466
X1.0796 Y-1.0313 Z0.4659
X1.0807 Y-1.0394
X1.0822 Y-1.0476 Z0.4658
X1.083 Y-1.0516
X1.0839 Y-1.0557
X1.0862 Y-1.0638
X1.0887 Y-1.072
X1.0917 Y-1.0801 Z0.4659
X1.0952 Y-1.0883 Z0.4658
X1.0993 Y-1.0965 Z0.4657
X1.1036 Y-1.1046 Z0.4659
X1.1074 Y-1.1109
X1.1086 Y-1.1127 Z0.466
X1.1142 Y-1.1208 Z0.4659
X1.1206 Y-1.129
X1.1237 Y-1.1325 Z0.4658
X1.1279 Y-1.1371
X1.1318 Y-1.1413 Z0.4657
X1.14 Y-1.149 Z0.4658
X1.145 Y-1.1534 Z0.4659
X1.1481 Y-1.156
X1.1563 Y-1.1621 Z0.466
X1.1644 Y-1.1676 Z0.4659
X1.1725 Y-1.1722 Z0.4658
X1.1807 Y-1.1765 Z0.4659
X1.1888 Y-1.1805
X1.197 Y-1.1837
X1.2034 Y-1.186 Z0.4658
X1.2132 Y-1.189
X1.2214 Y-1.191 Z0.4659
X1.2295 Y-1.1928 Z0.4658
X1.2383 Y-1.1941 Z0.4659
X1.2458 Y-1.195
X1.2539 Y-1.1955
X1.2621 Y-1.1957 Z0.466
X1.2702 Y-1.1955 Z0.4658
X1.2784 Y-1.1949 Z0.4659
X1.2865 Y-1.194 Z0.4658
X1.2946 Y-1.1927
X1.3028 Y-1.191
X1.3109 Y-1.189
X1.3208 Y-1.186
X1.3272 Y-1.1838
X1.3353 Y-1.1804 Z0.4659
X1.341 Y-1.1778 Z0.4658
X1.3435 Y-1.1766 Z0.4659
X1.3516 Y-1.1724
X1.3598 Y-1.1676
X1.3685 Y-1.1616 Z0.4658
X1.376 Y-1.1558 Z0.4656
X1.3842 Y-1.1489
X1.3881 Y-1.1453
X1.3923 Y-1.1411 Z0.4657
X1.3963 Y-1.1371 Z0.4656
X1.4005 Y-1.1324 Z0.4657
X1.4034 Y-1.129
X1.41 Y-1.1208 Z0.4659
X1.4157 Y-1.1127
X1.4208 Y-1.1046
X1.4251 Y-1.0964
X1.4291 Y-1.0883
X1.433 Y-1.0788 Z0.4657
X1.4355 Y-1.072 Z0.4658
X1.4382 Y-1.0638
X1.4412 Y-1.0523
X1.4421 Y-1.0476
X1.4436 Y-1.0394
X1.4446 Y-1.0313
X1.4453 Y-1.0231
X1.4456 Y-1.015 Z0.4659
X1.4455 Y-1.0068
X1.4452 Y-0.9987
X1.4444 Y-0.9906
X1.4433 Y-0.9824
X1.4412 Y-0.9717
X1.4398 Y-0.9661
X1.4374 Y-0.958
X1.4347 Y-0.9498 Z0.4658
X1.4315 Y-0.9417
X1.4279 Y-0.9336 Z0.4659
X1.4249 Y-0.9275 Z0.4658
X1.4238 Y-0.9254
X1.4192 Y-0.9173
X1.4139 Y-0.9091
X1.408 Y-0.901
X1.4015 Y-0.8928
X1.3941 Y-0.8847
X1.3923 Y-0.8828
X1.3842 Y-0.8751 Z0.4659
X1.376 Y-0.8684 Z0.4658
X1.3679 Y-0.8623
X1.3598 Y-0.8568
X1.3516 Y-0.852 Z0.4659
X1.3435 Y-0.8477
X1.3417 Y-0.8468
X1.3383 Y-0.845 Z0.4661
X1.3366 Y-0.8441 Z0.4663
X1.335 Y-0.8431 Z0.4666
X1.3319 Y-0.841 Z0.4673
X1.3289 Y-0.8388 Z0.4683
X1.3231 Y-0.8342 Z0.4706
X1.3174 Y-0.8296 Z0.4732
X1.3116 Y-0.8253 Z0.4757
X1.3086 Y-0.8233 Z0.4768
X1.3055 Y-0.8215 Z0.4778
X1.3022 Y-0.8198 Z0.4786
X1.3006 Y-0.8191 Z0.479
X1.2989 Y-0.8185 Z0.4793
X1.2954 Y-0.8173 Z0.4797
X1.2936 Y-0.8169 Z0.4798
X1.2918 Y-0.8166
X1.2865 Y-0.8158
X1.2784 Y-0.815
X1.2702 Y-0.8146
X1.2621 Y-0.8143
X1.2539 Y-0.8145 Z0.4797
X1.2458 Y-0.815 Z0.4798
X1.2377 Y-0.8157 Z0.4799
X1.2295 Y-0.817
X1.2214 Y-0.8186 Z0.4797
X1.2171 Y-0.8196 Z0.4798
X1.2132 Y-0.8205
X1.2051 Y-0.8228
X1.197 Y-0.8254
X1.1905 Y-0.8277 Z0.4799
X1.1807 Y-0.8318
X1.1724 Y-0.8358
X1.1644 Y-0.8402 Z0.4798
X1.158 Y-0.844
X1.1563 Y-0.8451
X1.1481 Y-0.8506
X1.14 Y-0.8567 Z0.4797
X1.1318 Y-0.8633 Z0.4798
X1.1262 Y-0.8684
X1.1182 Y-0.8766 Z0.4797
X1.1156 Y-0.8794 Z0.4798
X1.1109 Y-0.8847
X1.1074 Y-0.8889 Z0.4797
X1.1044 Y-0.8928 Z0.4798
X1.0985 Y-0.901
X1.0932 Y-0.9091 Z0.4799
X1.0911 Y-0.9127 Z0.4798
X1.0886 Y-0.9173
X1.0844 Y-0.9254 Z0.4797
X1.083 Y-0.9282 Z0.4798
X1.0805 Y-0.9336 Z0.4799
X1.0772 Y-0.9417
X1.0744 Y-0.9498 Z0.4798
X1.0719 Y-0.958
X1.0698 Y-0.9661
X1.068 Y-0.9743
X1.0665 Y-0.9824
X1.0655 Y-0.9906
X1.0647 Y-0.9987
X1.0644 Y-1.0068
X1.0642 Y-1.015
X1.0645 Y-1.0231 Z0.4799
X1.0651 Y-1.0313 Z0.4798
X1.0662 Y-1.0394
X1.0667 Y-1.0429
X1.0675 Y-1.0476
X1.0692 Y-1.0557
X1.0713 Y-1.0638
X1.0737 Y-1.072 Z0.4797
X1.0748 Y-1.0757
X1.0764 Y-1.0801 Z0.4798
X1.0795 Y-1.0883
X1.0832 Y-1.0964
X1.0873 Y-1.1046 Z0.4797
X1.0917 Y-1.1127 Z0.4799
X1.0968 Y-1.1208
X1.1024 Y-1.129 Z0.4798
X1.1074 Y-1.1355 Z0.4799
X1.1088 Y-1.1371 Z0.4798
X1.1159 Y-1.1453
X1.1238 Y-1.1534 Z0.4797
X1.1324 Y-1.1616
X1.14 Y-1.1678 Z0.4799
X1.1423 Y-1.1697
X1.1481 Y-1.1739
X1.1563 Y-1.1794 Z0.4798
X1.1678 Y-1.186 Z0.4797
X1.1725 Y-1.1885 Z0.4798
X1.1807 Y-1.1925 Z0.4799
X1.1843 Y-1.1941 Z0.4798
X1.1888 Y-1.1959 Z0.4799
X1.197 Y-1.199 Z0.4798
X1.2075 Y-1.2023
X1.2132 Y-1.2039
X1.2214 Y-1.2058
X1.2295 Y-1.2073
X1.2377 Y-1.2085 Z0.4799
X1.2458 Y-1.2094
X1.2539 Y-1.2099
X1.2621 Y-1.2101
X1.2702 Y-1.2098 Z0.4798
X1.2784 Y-1.2093
X1.2865 Y-1.2085 Z0.4797
X1.2946 Y-1.2072 Z0.4798
X1.3028 Y-1.2057 Z0.4797
X1.3109 Y-1.2038 Z0.4798
X1.3169 Y-1.2023 Z0.4797
X1.3272 Y-1.1989 Z0.4798
X1.3353 Y-1.196
X1.3398 Y-1.1941 Z0.4799
X1.3435 Y-1.1925 Z0.4798
X1.3516 Y-1.1886 Z0.4799
X1.3598 Y-1.1843 Z0.4798
X1.3679 Y-1.1794 Z0.4799
X1.3703 Y-1.1778 Z0.4798
X1.376 Y-1.1738
X1.3842 Y-1.1677 Z0.4796
X1.3923 Y-1.1608
X1.4005 Y-1.1533
X1.4086 Y-1.1449 Z0.4797
X1.4153 Y-1.1371 Z0.4796
X1.4167 Y-1.1354
X1.4218 Y-1.129 Z0.4799
X1.4249 Y-1.1247 Z0.4798
X1.4275 Y-1.1208 Z0.4799
X1.433 Y-1.112 Z0.4798
X1.4371 Y-1.1046
X1.4412 Y-1.0964
X1.4447 Y-1.0883
X1.4478 Y-1.0801 Z0.4797
X1.4493 Y-1.076 Z0.4798
X1.4507 Y-1.072
X1.453 Y-1.0638
X1.4551 Y-1.0557 Z0.4797
X1.4575 Y-1.0435 Z0.4798
X1.4581 Y-1.0394
X1.459 Y-1.0313
X1.4596 Y-1.0231 Z0.4797
X1.46 Y-1.015 Z0.4799
X1.4599 Y-1.0068 Z0.4798
X1.4596 Y-0.9987 Z0.4799
X1.4588 Y-0.9906 Z0.4798
X1.4578 Y-0.9824 Z0.4799
X1.4575 Y-0.9799
X1.4564 Y-0.9743
X1.4546 Y-0.9661
X1.4524 Y-0.958
X1.4499 Y-0.9498 Z0.4798
X1.4493 Y-0.948
X1.4469 Y-0.9417
X1.4437 Y-0.9336
X1.4412 Y-0.928
X1.4399 Y-0.9254
X1.4357 Y-0.9173
X1.431 Y-0.9091 Z0.4797
X1.4249 Y-0.8999
X1.4198 Y-0.8928
X1.4134 Y-0.8847
X1.4086 Y-0.8792 Z0.4798
X1.4062 Y-0.8766
X1.4005 Y-0.8708
X1.398 Y-0.8684
X1.3923 Y-0.8631
X1.3889 Y-0.8603
X1.3842 Y-0.8566 Z0.4797
X1.3783 Y-0.8521
X1.376 Y-0.8505 Z0.4798
X1.3679 Y-0.845 Z0.4797
X1.3598 Y-0.8401 Z0.4798
X1.3516 Y-0.8357
X1.3435 Y-0.8318 Z0.4799
X1.3353 Y-0.8283
X1.3272 Y-0.8253 Z0.4798
X1.3191 Y-0.8227 Z0.4799
X1.3109 Y-0.8205 Z0.4797
X1.3028 Y-0.8186 Z0.4798
X1.2946 Y-0.817
X1.2918 Y-0.8166
X1.288 Y-0.8159 Z0.48
X1.2861 Y-0.8154 Z0.4802
X1.2843 Y-0.8149 Z0.4805
X1.2807 Y-0.8137 Z0.4812
X1.2772 Y-0.8123 Z0.482
X1.2704 Y-0.8092 Z0.4841
X1.2636 Y-0.806 Z0.4863
X1.2569 Y-0.8031 Z0.4883
X1.2535 Y-0.8019 Z0.4891
X1.25 Y-0.8008 Z0.4899
X1.2464 Y-0.8 Z0.4905
X1.2446 Y-0.7997 Z0.4908
X1.2428 Y-0.7995 Z0.491
X1.2391 Y-0.7993 Z0.4913
X1.2373 Y-0.7994 Z0.4914
X1.2354 Y-0.7996
X1.2295 Y-0.8003 Z0.4915
X1.2214 Y-0.8019 Z0.4914
X1.2132 Y-0.8037 Z0.4913
X1.2051 Y-0.8057
X1.197 Y-0.8082
X1.1873 Y-0.8114
X1.1807 Y-0.814 Z0.4914
X1.1725 Y-0.8175
X1.1683 Y-0.8196
X1.1644 Y-0.8216
X1.1563 Y-0.826 Z0.4913
X1.1533 Y-0.8277 Z0.4914
X1.1481 Y-0.8309
X1.14 Y-0.8363 Z0.4913
X1.1318 Y-0.8423
X1.1297 Y-0.844 Z0.4912
X1.1198 Y-0.8521 Z0.4914
X1.1156 Y-0.856
X1.1113 Y-0.8603 Z0.4913
X1.1074 Y-0.8642
X1.1035 Y-0.8684
X1.0993 Y-0.8732
X1.0964 Y-0.8766
X1.09 Y-0.8847 Z0.4914
X1.0842 Y-0.8928
X1.083 Y-0.8947
X1.079 Y-0.901
X1.0745 Y-0.9091 Z0.4913
X1.0702 Y-0.9173
X1.0667 Y-0.9243 Z0.4914
X1.0627 Y-0.9336
X1.0599 Y-0.9417
X1.0573 Y-0.9498 Z0.4913
X1.055 Y-0.958 Z0.4914
X1.053 Y-0.9661 Z0.4913
X1.0513 Y-0.9743 Z0.4914
X1.0504 Y-0.9796
X1.05 Y-0.9824 Z0.4913
X1.049 Y-0.9906 Z0.4914
X1.0483 Y-0.9987 Z0.4913
X1.0479 Y-1.015 Z0.4914
X1.0481 Y-1.0231
X1.0487 Y-1.0313
X1.0497 Y-1.0394
X1.0509 Y-1.0476 Z0.4913
X1.0524 Y-1.0557 Z0.4914
X1.0543 Y-1.0638 Z0.4913
X1.0566 Y-1.072
X1.0591 Y-1.0801
X1.0619 Y-1.0883 Z0.4914
X1.0652 Y-1.0964
X1.0667 Y-1.0997
X1.069 Y-1.1046 Z0.4913
X1.0732 Y-1.1127
X1.0748 Y-1.116 Z0.4914
X1.0775 Y-1.1208
X1.083 Y-1.1297
X1.0881 Y-1.1371
X1.0911 Y-1.1412
X1.0943 Y-1.1453
X1.0993 Y-1.1513 Z0.4913
X1.1074 Y-1.1601
X1.1088 Y-1.1616
X1.1171 Y-1.1697
X1.1237 Y-1.1756 Z0.4914
X1.1263 Y-1.1778
X1.1318 Y-1.1822
X1.1368 Y-1.186
X1.14 Y-1.1882
X1.1489 Y-1.1941
X1.1636 Y-1.2023 Z0.4913
X1.1725 Y-1.2068 Z0.4914
X1.1809 Y-1.2104
X1.1888 Y-1.2134
X1.197 Y-1.2161 Z0.4913
X1.2051 Y-1.2186
X1.2132 Y-1.2207 Z0.4914
X1.2214 Y-1.2225
X1.2295 Y-1.2238
X1.2377 Y-1.2251
X1.2458 Y-1.2258
X1.2539 Y-1.2263
X1.2621 Y-1.2265
X1.2702 Y-1.2262 Z0.4913
X1.2784 Y-1.2257 Z0.4914
X1.2865 Y-1.2249 Z0.4913
X1.2946 Y-1.2238
X1.3028 Y-1.2224
X1.3109 Y-1.2206
X1.3192 Y-1.2186
X1.3272 Y-1.2162 Z0.4914
X1.3353 Y-1.2134 Z0.4913
X1.3435 Y-1.2104 Z0.4914
X1.3516 Y-1.2068 Z0.4913
X1.3609 Y-1.2023 Z0.4914
X1.3679 Y-1.1985 Z0.4913
X1.376 Y-1.1936 Z0.4914
X1.3842 Y-1.1882
X1.3923 Y-1.182 Z0.4912
X1.3976 Y-1.1778 Z0.4913
X1.4005 Y-1.1754
X1.4069 Y-1.1697 Z0.4912
X1.4167 Y-1.1602 Z0.4913
X1.4229 Y-1.1534
X1.4297 Y-1.1453 Z0.4912
X1.433 Y-1.1412 Z0.4914
X1.4362 Y-1.1371
X1.4417 Y-1.129
X1.4468 Y-1.1208
X1.4493 Y-1.1164
X1.4554 Y-1.1046 Z0.4913
X1.4575 Y-1.1001 Z0.4914
X1.459 Y-1.0964
X1.4622 Y-1.0883 Z0.4913
X1.4656 Y-1.0789
X1.4678 Y-1.072
X1.4699 Y-1.0638
X1.4718 Y-1.0557
X1.4737 Y-1.0452
X1.4746 Y-1.0394
X1.4754 Y-1.0313
X1.476 Y-1.0231
X1.4764 Y-1.015 Z0.4914
X1.4762 Y-1.0068 Z0.4913
X1.4759 Y-0.9987 Z0.4914
X1.4753 Y-0.9906
X1.4737 Y-0.9781
X1.473 Y-0.9743
X1.4714 Y-0.9661
X1.4695 Y-0.958
X1.4671 Y-0.9498
X1.4656 Y-0.9452 Z0.4913
X1.4644 Y-0.9417 Z0.4914
X1.4613 Y-0.9336 Z0.4913
X1.4575 Y-0.9242 Z0.4914
X1.4541 Y-0.9173 Z0.4913
X1.4493 Y-0.9082 Z0.4914
X1.4451 Y-0.901 Z0.4913
X1.4412 Y-0.8947
X1.4341 Y-0.8847
X1.4278 Y-0.8766
X1.4249 Y-0.8729
X1.4209 Y-0.8684 Z0.4914
X1.4167 Y-0.864 Z0.4913
X1.4131 Y-0.8603
X1.4086 Y-0.8559 Z0.4914
X1.4046 Y-0.8521
X1.4005 Y-0.8486
X1.3923 Y-0.8423 Z0.4913
X1.3837 Y-0.8358 Z0.4914
X1.376 Y-0.8308 Z0.4913
X1.3679 Y-0.826 Z0.4914
X1.3598 Y-0.8215 Z0.4913
X1.3516 Y-0.8175 Z0.4914
X1.3435 Y-0.8139
X1.3353 Y-0.8108
X1.3272 Y-0.808
X1.3191 Y-0.8057 Z0.4913
X1.309 Y-0.8033
X1.3028 Y-0.8019
X1.294 Y-0.8004 Z0.4914
X1.2865 Y-0.7993
X1.2784 Y-0.7986
X1.2702 Y-0.7982 Z0.4913
X1.2621 Y-0.798 Z0.4914
X1.2539 Y-0.7982 Z0.4913
X1.2458 Y-0.7987 Z0.4914
X1.2377 Y-0.7993
X1.2354 Y-0.7996
X1.2316 Y-0.7999 Z0.4916
X1.2297 Z0.4917
X1.2278 Z0.4919
X1.224 Y-0.7996 Z0.4924
X1.2202 Y-0.7991 Z0.493
X1.2127 Y-0.7976 Z0.4945
X1.2053 Y-0.796 Z0.4961
X1.198 Y-0.7946 Z0.4975
X1.1943 Y-0.7942 Z0.4981
X1.1906 Y-0.7939 Z0.4986
X1.1869 Z0.499
X1.185 Y-0.7941 Z0.4992
X1.1832 Y-0.7943 Z0.4993
X1.1796 Y-0.795 Z0.4995
X1.1778 Y-0.7955 Z0.4996
X1.1761 Y-0.7961
X1.1644 Y-0.8011
X1.1563 Y-0.8053
X1.1481 Y-0.8097 Z0.4995
X1.1449 Y-0.8114 Z0.4996
X1.14 Y-0.8144
X1.1318 Y-0.8197 Z0.4995
X1.1237 Y-0.8255 Z0.4996
X1.1156 Y-0.832 Z0.4995
X1.1108 Y-0.8358
X1.1074 Y-0.8387 Z0.4996
X1.1017 Y-0.844
X1.0938 Y-0.8521 Z0.4995
X1.0911 Y-0.8549
X1.0863 Y-0.8603
X1.083 Y-0.8641
X1.0796 Y-0.8684
X1.0748 Y-0.8745 Z0.4996
X1.0733 Y-0.8766
X1.0667 Y-0.8862
X1.0626 Y-0.8928
X1.0582 Y-0.901 Z0.4995
X1.0539 Y-0.9091
X1.0499 Y-0.9173 Z0.4996
X1.0463 Y-0.9254
X1.0433 Y-0.9336
X1.0407 Y-0.9417 Z0.4995
X1.0382 Y-0.9498 Z0.4996
X1.0361 Y-0.958
X1.0341 Y-0.9671
X1.0328 Y-0.9743
X1.0316 Y-0.9824 Z0.4995
X1.0307 Y-0.9906 Z0.4996
X1.03 Y-0.9987
X1.0296 Y-1.015
X1.0299 Y-1.0231
X1.0304 Y-1.0313
X1.0312 Y-1.0394
X1.0325 Y-1.0476 Z0.4995
X1.0341 Y-1.0575 Z0.4996
X1.0356 Y-1.0638 Z0.4995
X1.0376 Y-1.072
X1.0402 Y-1.0808
X1.0426 Y-1.0883
X1.0454 Y-1.0964 Z0.4996
X1.0488 Y-1.1046
X1.0527 Y-1.1127 Z0.4995
X1.0569 Y-1.1208
X1.0586 Y-1.1242
X1.0611 Y-1.129 Z0.4996
X1.0667 Y-1.1382
X1.0715 Y-1.1453
X1.0748 Y-1.1501
X1.084 Y-1.1616
X1.0913 Y-1.1697
X1.0993 Y-1.1779 Z0.4995
X1.1078 Y-1.186 Z0.4996
X1.1156 Y-1.1927
X1.1237 Y-1.199
X1.1282 Y-1.2023
X1.14 Y-1.2101
X1.1563 Y-1.219 Z0.4995
X1.1644 Y-1.2231 Z0.4996
X1.1725 Y-1.2267
X1.1807 Y-1.2299
X1.1888 Y-1.2326 Z0.4995
X1.1955 Y-1.2348 Z0.4996
X1.2051 Y-1.2375 Z0.4995
X1.2132 Y-1.2395 Z0.4996
X1.2214 Y-1.2411 Z0.4995
X1.2377 Y-1.2435 Z0.4996
X1.2458 Y-1.2441
X1.2539 Y-1.2445
X1.2621 Y-1.2447
X1.2702 Y-1.2444 Z0.4995
X1.2784 Y-1.2441 Z0.4996
X1.2865 Y-1.2433 Z0.4995
X1.2946 Y-1.2423
X1.3028 Y-1.241 Z0.4996
X1.3109 Y-1.2393 Z0.4995
X1.3191 Y-1.2375 Z0.4996
X1.3288 Y-1.2348 Z0.4995
X1.3353 Y-1.2327 Z0.4996
X1.3435 Y-1.2299 Z0.4995
X1.3518 Y-1.2267 Z0.4996
X1.3598 Y-1.2231 Z0.4995
X1.3691 Y-1.2186 Z0.4996
X1.376 Y-1.2148 Z0.4995
X1.3842 Y-1.2101 Z0.4996
X1.3923 Y-1.2048 Z0.4995
X1.3958 Y-1.2023
X1.4064 Y-1.1941
X1.4086 Y-1.1924
X1.4167 Y-1.1854
X1.4249 Y-1.1777
X1.433 Y-1.1697
X1.4412 Y-1.16
X1.4493 Y-1.1501 Z0.4996
X1.4528 Y-1.1453
X1.4582 Y-1.1371
X1.4632 Y-1.129
X1.4656 Y-1.1246
X1.4718 Y-1.1127 Z0.4995
X1.4737 Y-1.1084 Z0.4996
X1.4754 Y-1.1046
X1.4786 Y-1.0964 Z0.4995
X1.4819 Y-1.0878 Z0.4996
X1.4844 Y-1.0801 Z0.4995
X1.4867 Y-1.072 Z0.4996
X1.4887 Y-1.0638 Z0.4995
X1.4904 Y-1.0557
X1.4918 Y-1.0476
X1.493 Y-1.0394 Z0.4996
X1.4937 Y-1.0313 Z0.4995
X1.4942 Y-1.0231
X1.4946 Y-1.015 Z0.4996
X1.4945 Y-1.0068 Z0.4995
X1.4942 Y-0.9987 Z0.4996
X1.4936 Y-0.9906 Z0.4995
X1.4927 Y-0.9824 Z0.4996
X1.4916 Y-0.9743
X1.49 Y-0.9659
X1.4884 Y-0.958
X1.4861 Y-0.9498
X1.4836 Y-0.9417 Z0.4995
X1.4809 Y-0.9336 Z0.4996
X1.4777 Y-0.9254 Z0.4995
X1.4737 Y-0.9159 Z0.4996
X1.4704 Y-0.9091 Z0.4995
X1.4656 Y-0.8999 Z0.4996
X1.4616 Y-0.8928 Z0.4995
X1.4564 Y-0.8847
X1.4508 Y-0.8766
X1.4412 Y-0.864
X1.4381 Y-0.8603
X1.433 Y-0.8546 Z0.4996
X1.4307 Y-0.8521
X1.4226 Y-0.844
X1.4138 Y-0.8358
X1.4086 Y-0.8317
X1.4005 Y-0.8256 Z0.4995
X1.3923 Y-0.8195 Z0.4996
X1.3842 Y-0.8144 Z0.4995
X1.376 Y-0.8096 Z0.4996
X1.3679 Y-0.8052 Z0.4995
X1.3598 Y-0.8012 Z0.4996
X1.3516 Y-0.7975
X1.3435 Y-0.7943
X1.3353 Y-0.7914
X1.3272 Y-0.789
X1.3191 Y-0.7868 Z0.4995
X1.3028 Y-0.7833
X1.2946 Y-0.7819 Z0.4996
X1.2865 Y-0.7809 Z0.4995
X1.2784 Y-0.7803 Z0.4996
X1.2702 Y-0.78 Z0.4995
X1.2621 Y-0.7797 Z0.4996
X1.2539 Y-0.78 Z0.4995
X1.2458 Y-0.7804
X1.2377 Y-0.7809 Z0.4996
X1.2295 Y-0.7818
X1.2214 Y-0.7833
X1.2132 Y-0.785 Z0.4995
X1.2047 Y-0.787 Z0.4996
X1.197 Y-0.789 Z0.4995
X1.1807 Y-0.7944
X1.1786 Y-0.7951 Z0.4996
X1.1761 Y-0.7961
X1.1731 Y-0.7974 Z0.4999
X1.1702 Y-0.7986 Z0.5007
X1.1675 Y-0.7997 Z0.5021
X1.165 Y-0.8007 Z0.504
X1.1629 Y-0.8016 Z0.5063
X1.1611 Y-0.8023 Z0.509
X1.1598 Y-0.8028 Z0.5119
X1.1591 Y-0.8032 Z0.5151
X1.1588 Y-0.8033 Z0.5183
G0 Z0.7
X4.0746 Y-3.7702
Z0.5495
G1 Z0.4563 F20.
X4.0744 Y-3.7704 Z0.453
X4.0738 Y-3.771 Z0.4499
X4.0729 Y-3.772 Z0.4469
X4.0716 Y-3.7733 Z0.4442
X4.0699 Y-3.7749 Z0.4419
X4.0681 Y-3.7768 Z0.44
X4.066 Y-3.7789 Z0.4387
X4.0638 Y-3.7812 Z0.4378
X4.0615 Y-3.7835 Z0.4375
X4.0535 Y-3.7916
X4.0461 Y-3.8002
X4.0403 Y-3.8079 Z0.4376
X4.038 Y-3.8113 Z0.4375
X4.035 Y-3.8161 Z0.4376
X4.0303 Y-3.8242 Z0.4375
X4.0263 Y-3.8323
X4.0229 Y-3.8405 Z0.4376
X4.0217 Y-3.8435 Z0.4375
X4.02 Y-3.8486 Z0.4376
X4.0175 Y-3.8568
X4.0156 Y-3.8649
X4.0141 Y-3.8731
X4.0136 Y-3.877
X4.0131 Y-3.8812 Z0.4375
X4.0125 Y-3.8893
X4.0123 Y-3.8975 Z0.4376
X4.0126 Y-3.9056
X4.0133 Y-3.9138 Z0.4375
X4.0145 Y-3.9219
X4.0161 Y-3.9301 Z0.4374
X4.0181 Y-3.9382
X4.0205 Y-3.9463 Z0.4375
X4.0217 Y-3.9498
X4.0236 Y-3.9545
X4.0271 Y-3.9626
X4.0311 Y-3.9708
X4.0358 Y-3.9789 Z0.4376
X4.038 Y-3.9823
X4.0413 Y-3.9871
X4.0461 Y-3.9934 Z0.4375
X4.0476 Y-3.9952
X4.0548 Y-4.0033
X4.063 Y-4.0115 Z0.4376
X4.0705 Y-4.018 Z0.4375
X4.0787 Y-4.0241
X4.0868 Y-4.0294
X4.095 Y-4.0339
X4.0987 Y-4.0359
X4.1031 Y-4.038 Z0.4376
X4.1113 Y-4.0413 Z0.4375
X4.1194 Y-4.0443 Z0.4374
X4.1275 Y-4.0467 Z0.4375
X4.1357 Y-4.0486
X4.1438 Y-4.0501 Z0.4374
X4.152 Y-4.0511 Z0.4375
X4.1601 Y-4.0517
X4.1682 Y-4.052
X4.1764 Y-4.0517
X4.1845 Y-4.051
X4.1927 Y-4.0499
X4.2008 Y-4.0484
X4.2089 Y-4.0464 Z0.4376
X4.2171 Y-4.0439
X4.2252 Y-4.0409 Z0.4375
X4.2334 Y-4.0373
X4.2363 Y-4.0359
X4.2415 Y-4.0331
X4.2496 Y-4.0285
X4.2578 Y-4.023
X4.2659 Y-4.0168
X4.2741 Y-4.0096
X4.2803 Y-4.0033
X4.2822 Y-4.0013
X4.2874 Y-3.9952
X4.2903 Y-3.9916
X4.2938 Y-3.9871 Z0.4376
X4.2985 Y-3.9801 Z0.4375
X4.3039 Y-3.9708
X4.308 Y-3.9626
X4.3115 Y-3.9545
X4.3148 Y-3.9456
X4.3171 Y-3.9382
X4.3191 Y-3.9301
X4.3206 Y-3.9219
X4.3218 Y-3.9138
X4.3225 Y-3.9056
X4.3227 Y-3.8975 Z0.4376
X4.3226 Y-3.8893
X4.322 Y-3.8812
X4.3209 Y-3.8731
X4.3194 Y-3.8649 Z0.4375
X4.3175 Y-3.8568
X4.3148 Y-3.8479
X4.3121 Y-3.8405
X4.3087 Y-3.8323
X4.3048 Y-3.8242 Z0.4376
X4.3001 Y-3.8161
X4.2985 Y-3.8134 Z0.4375
X4.2947 Y-3.8079
X4.2903 Y-3.802
X4.2886 Y-3.7998
X4.2816 Y-3.7916
X4.2741 Y-3.784 Z0.4374
X4.2659 Y-3.7769
X4.2578 Y-3.7706 Z0.4375
X4.2496 Y-3.765 Z0.4376
X4.2415 Y-3.7604
X4.239 Y-3.7591 Z0.4375
X4.2334 Y-3.7563
X4.2252 Y-3.7527
X4.2205 Y-3.7509 Z0.4376
X4.2171 Y-3.7497 Z0.4375
X4.2089 Y-3.7472
X4.2008 Y-3.7452
X4.1927 Y-3.7437
X4.1845 Y-3.7426
X4.1764 Y-3.7418
X4.1682 Y-3.7416
X4.1601 Y-3.7418
X4.152 Y-3.7425
X4.1438 Y-3.7435 Z0.4374
X4.1357 Y-3.745 Z0.4375
X4.1275 Y-3.7469
X4.1194 Y-3.7492
X4.1146 Y-3.7509 Z0.4376
X4.1113 Y-3.7521 Z0.4375
X4.1031 Y-3.7556
X4.095 Y-3.7596 Z0.4376
X4.0868 Y-3.7642
X4.0787 Y-3.7696 Z0.4374
X4.0705 Y-3.7756 Z0.4375
X4.0615 Y-3.7835
X4.0586 Y-3.786 Z0.4377
X4.0556 Y-3.7883 Z0.4383
X4.0494 Y-3.7926 Z0.4399
X4.0462 Y-3.7946 Z0.441
X4.0431 Y-3.7965 Z0.4422
X4.0368 Y-3.8003 Z0.4448
X4.0309 Y-3.8043 Z0.4473
X4.0281 Y-3.8066 Z0.4485
X4.0254 Y-3.8089 Z0.4495
X4.0228 Y-3.8115 Z0.4504
X4.0216 Y-3.8128 Z0.4508
X4.0204 Y-3.8142 Z0.4511
X4.0183 Y-3.8172 Z0.4515
X4.0173 Y-3.8188 Z0.4516
X4.0164 Y-3.8204 Z0.4517
X4.0136 Y-3.8263 Z0.4516
X4.011 Y-3.8323 Z0.4517
X4.0078 Y-3.8405
X4.0052 Y-3.8486
X4.0029 Y-3.8568 Z0.4518
X4.0011 Y-3.8649 Z0.4517
X3.9998 Y-3.8731 Z0.4518
X3.9989 Y-3.8812 Z0.4517
X3.9983 Y-3.8893
X3.9982 Y-3.8975
X3.9984 Y-3.9056
X3.9991 Y-3.9138
X4.0001 Y-3.9219
X4.0016 Y-3.9301 Z0.4516
X4.0034 Y-3.9382
X4.0057 Y-3.9463
X4.0084 Y-3.9545
X4.0116 Y-3.9626 Z0.4517
X4.0136 Y-3.9671 Z0.4516
X4.0153 Y-3.9708 Z0.4517
X4.0194 Y-3.9789
X4.0242 Y-3.9871
X4.0298 Y-3.9953
X4.036 Y-4.0033
X4.038 Y-4.0057 Z0.4516
X4.043 Y-4.0115 Z0.4517
X4.0461 Y-4.0148
X4.051 Y-4.0196
X4.0543 Y-4.0226
X4.0602 Y-4.0278
X4.0624 Y-4.0295
X4.071 Y-4.0359
X4.0787 Y-4.041
X4.0868 Y-4.0456
X4.095 Y-4.0498
X4.1003 Y-4.0522
X4.1031 Y-4.0534 Z0.4516
X4.1113 Y-4.0564 Z0.4517
X4.1194 Y-4.0591
X4.1238 Y-4.0603
X4.1275 Y-4.0613 Z0.4516
X4.1357 Y-4.063
X4.1438 Y-4.0644
X4.152 Y-4.0653
X4.1601 Y-4.0659 Z0.4517
X4.1682 Y-4.0661 Z0.4516
X4.1764 Y-4.0659 Z0.4517
X4.1845 Y-4.0652
X4.1927 Y-4.0642 Z0.4516
X4.2008 Y-4.0628 Z0.4517
X4.2089 Y-4.061
X4.2171 Y-4.0588
X4.2252 Y-4.056 Z0.4518
X4.2346 Y-4.0522 Z0.4517
X4.2415 Y-4.0491 Z0.4516
X4.2511 Y-4.0441 Z0.4517
X4.2578 Y-4.04
X4.264 Y-4.0359 Z0.4516
X4.2659 Y-4.0346 Z0.4517
X4.2748 Y-4.0278 Z0.4516
X4.2822 Y-4.0213 Z0.4517
X4.2841 Y-4.0196 Z0.4516
X4.2903 Y-4.0133 Z0.4517
X4.292 Y-4.0115 Z0.4516
X4.2991 Y-4.0033 Z0.4517
X4.3054 Y-3.9952 Z0.4518
X4.3108 Y-3.9871 Z0.4517
X4.3148 Y-3.9804
X4.3156 Y-3.9789 Z0.4516
X4.3197 Y-3.9708
X4.3229 Y-3.9639
X4.3267 Y-3.9545
X4.3294 Y-3.9463 Z0.4517
X4.331 Y-3.9409
X4.3336 Y-3.9301
X4.335 Y-3.9219
X4.336 Y-3.9138
X4.3366 Y-3.9056
X4.3369 Y-3.8975
X4.3368 Y-3.8893 Z0.4518
X4.3362 Y-3.8812 Z0.4517
X4.3352 Y-3.8731
X4.3339 Y-3.8649
X4.331 Y-3.8527
X4.3298 Y-3.8486
X4.3272 Y-3.8405 Z0.4516
X4.3229 Y-3.8294 Z0.4517
X4.3205 Y-3.8242
X4.3165 Y-3.8161 Z0.4518
X4.3148 Y-3.813
X4.3117 Y-3.8079 Z0.4517
X4.3063 Y-3.7998
X4.3002 Y-3.7916
X4.2933 Y-3.7835 Z0.4516
X4.2903 Y-3.7803
X4.2855 Y-3.7753
X4.2822 Y-3.7723
X4.2764 Y-3.7672
X4.2741 Y-3.7653
X4.2659 Y-3.759
X4.2578 Y-3.7534 Z0.4518
X4.2537 Y-3.7509 Z0.4517
X4.2496 Y-3.7487
X4.2415 Y-3.7445
X4.2334 Y-3.7407
X4.2252 Y-3.7376
X4.2163 Y-3.7346
X4.2089 Y-3.7326
X4.2008 Y-3.7308
X4.1927 Y-3.7293
X4.1845 Y-3.7284
X4.1764 Y-3.7277
X4.1682 Y-3.7275 Z0.4516
X4.1601 Y-3.7276 Z0.4517
X4.152 Y-3.7282 Z0.4516
X4.1438 Y-3.7292
X4.1357 Y-3.7305 Z0.4517
X4.1275 Y-3.7323
X4.1187 Y-3.7346
X4.1113 Y-3.7371
X4.1031 Y-3.7402
X4.095 Y-3.7438
X4.0868 Y-3.7478 Z0.4518
X4.0813 Y-3.7509 Z0.4517
X4.0787 Y-3.7526
X4.0705 Y-3.758 Z0.4516
X4.0624 Y-3.764 Z0.4517
X4.0586 Y-3.7672
X4.0543 Y-3.771
X4.0495 Y-3.7753
X4.0432 Y-3.7819 Z0.4516
X4.0418 Y-3.7835
X4.0348 Y-3.7916 Z0.4517
X4.0288 Y-3.7998
X4.0234 Y-3.8079
X4.0186 Y-3.8161
X4.0164 Y-3.8204
X4.0146 Y-3.8238 Z0.4519
X4.0136 Y-3.8254 Z0.4521
X4.0126 Y-3.827 Z0.4523
X4.0105 Y-3.8301 Z0.453
X4.0082 Y-3.8331 Z0.454
X4.0036 Y-3.8389 Z0.4563
X3.999 Y-3.8445 Z0.4589
X3.9947 Y-3.8502 Z0.4614
X3.9927 Y-3.8532 Z0.4626
X3.9909 Y-3.8564 Z0.4637
X3.9892 Y-3.8596 Z0.4646
X3.9885 Y-3.8612 Z0.465
X3.9878 Y-3.863 Z0.4653
X3.9867 Y-3.8665 Z0.4658
X3.9863 Y-3.8682 Z0.4659
X3.986 Y-3.8701
X3.9855 Y-3.8731
X3.9847 Y-3.8812
X3.9841 Y-3.8893 Z0.4658
Y-3.8975 Z0.4659
X3.9842 Y-3.9056
X3.9848 Y-3.9138
X3.9858 Y-3.9219 Z0.4658
X3.9871 Y-3.9301
X3.9891 Y-3.9392
X3.9909 Y-3.9463 Z0.4657
X3.9934 Y-3.9545 Z0.4658
X3.9963 Y-3.9626
X3.9973 Y-3.9651 Z0.4659
X3.9997 Y-3.9708 Z0.4657
X4.0035 Y-3.9789 Z0.4659
X4.0054 Y-3.9829
X4.0077 Y-3.9871
X4.0126 Y-3.9952
X4.0136 Y-3.9967
X4.0182 Y-4.0033
X4.0217 Y-4.0081 Z0.4658
X4.0244 Y-4.0115
X4.0298 Y-4.018
X4.038 Y-4.0267
X4.039 Y-4.0278
X4.0479 Y-4.0359
X4.0543 Y-4.0411 Z0.4659
X4.0624 Y-4.0472 Z0.4658
X4.0705 Y-4.0526 Z0.4659
X4.0787 Y-4.0572 Z0.4658
X4.0843 Y-4.0603
X4.0868 Y-4.0616 Z0.4659
X4.095 Y-4.0653
X4.1031 Y-4.0685 Z0.4658
X4.1113 Y-4.0714
X4.1194 Y-4.0738
X4.1275 Y-4.0758
X4.1316 Y-4.0766
X4.1357 Y-4.0774
X4.1438 Y-4.0786
X4.152 Y-4.0796 Z0.4657
X4.1601 Y-4.0801 Z0.4658
X4.1682 Y-4.0802
X4.1764 Y-4.0801 Z0.4659
X4.1845 Y-4.0794 Z0.4658
X4.1927 Y-4.0785
X4.2008 Y-4.0772 Z0.4659
X4.2038 Y-4.0766
X4.2089 Y-4.0756 Z0.4658
X4.2171 Y-4.0735 Z0.4659
X4.2252 Y-4.0711 Z0.466
X4.2334 Y-4.0681 Z0.4659
X4.2415 Y-4.0646 Z0.4658
X4.2496 Y-4.0609
X4.2578 Y-4.0565
X4.2659 Y-4.0516 Z0.4659
X4.2741 Y-4.0461 Z0.4658
X4.2822 Y-4.04
X4.2871 Y-4.0359
X4.2903 Y-4.0331 Z0.4659
X4.296 Y-4.0278 Z0.4658
X4.3038 Y-4.0196 Z0.4657
X4.3107 Y-4.0115 Z0.4658
X4.3148 Y-4.0063
X4.3169 Y-4.0033 Z0.4659
X4.3224 Y-3.9952 Z0.4658
X4.3273 Y-3.9871
X4.3315 Y-3.9789
X4.3354 Y-3.9708
X4.3392 Y-3.9615
X4.3417 Y-3.9545
X4.3443 Y-3.9463
X4.3463 Y-3.9382 Z0.4659
X4.3473 Y-3.9335 Z0.4658
X4.348 Y-3.9301
X4.3493 Y-3.9219
X4.3502 Y-3.9138
X4.3508 Y-3.9056
X4.351 Y-3.8975 Z0.4659
Y-3.8893
X4.3504 Y-3.8812
X4.3495 Y-3.8731
X4.3482 Y-3.8649 Z0.4658
X4.3473 Y-3.8602
X4.3466 Y-3.8568 Z0.4659
X4.3446 Y-3.8486 Z0.4658
X4.3421 Y-3.8405
X4.3392 Y-3.8321
X4.336 Y-3.8242
X4.3323 Y-3.8161 Z0.4659
X4.331 Y-3.8134
X4.3282 Y-3.8079 Z0.466
X4.3229 Y-3.7991 Z0.4659
X4.3178 Y-3.7916 Z0.4658
X4.3148 Y-3.7874
X4.3118 Y-3.7835
X4.305 Y-3.7753 Z0.4657
X4.2985 Y-3.7683 Z0.4658
X4.2974 Y-3.7672
X4.2886 Y-3.7591 Z0.4657
X4.2822 Y-3.7537 Z0.4658
X4.2741 Y-3.7474
X4.2659 Y-3.7419 Z0.4659
X4.2578 Y-3.737
X4.2496 Y-3.7327 Z0.4658
X4.2415 Y-3.7289 Z0.4659
X4.2361 Y-3.7265
X4.2252 Y-3.7226 Z0.4658
X4.2171 Y-3.7201 Z0.4659
X4.2104 Y-3.7183 Z0.4658
X4.2008 Y-3.7164 Z0.4659
X4.1927 Y-3.715 Z0.4658
X4.1845 Y-3.7141
X4.1764 Y-3.7135 Z0.4659
X4.1682 Y-3.7133 Z0.4657
X4.1601 Y-3.7135 Z0.4659
X4.152 Y-3.714 Z0.4658
X4.1438 Y-3.7149
X4.1357 Y-3.7161
X4.1275 Y-3.7177
X4.1249 Y-3.7183
X4.1194 Y-3.7198
X4.1113 Y-3.7221 Z0.4659
X4.1031 Y-3.7249
X4.0991 Y-3.7265 Z0.4658
X4.0868 Y-3.7319
X4.0787 Y-3.7361 Z0.466
X4.0705 Y-3.741 Z0.4659
X4.0624 Y-3.7464 Z0.4657
X4.0543 Y-3.7525 Z0.4658
X4.0461 Y-3.7592 Z0.4659
X4.0377 Y-3.7672 Z0.4658
X4.0298 Y-3.7756 Z0.4657
X4.0232 Y-3.7835 Z0.4658
X4.0217 Y-3.7854
X4.0172 Y-3.7916 Z0.4659
X4.0136 Y-3.797 Z0.4658
X4.0118 Y-3.7998 Z0.4659
X4.007 Y-3.8079 Z0.4658
X4.0028 Y-3.8161 Z0.4659
X3.999 Y-3.8242 Z0.4658
X3.9957 Y-3.8323 Z0.4659
X3.9929 Y-3.8405
X3.9904 Y-3.8486
X3.9891 Y-3.8537
X3.9884 Y-3.8568
X3.9867 Y-3.8649 Z0.466
X3.986 Y-3.8701 Z0.4659
X3.9853 Y-3.8738 Z0.4661
X3.9849 Y-3.8757 Z0.4663
X3.9844 Y-3.8775 Z0.4665
X3.9833 Y-3.8811 Z0.4673
X3.9821 Y-3.8846 Z0.4682
X3.9795 Y-3.8916 Z0.4706
X3.9768 Y-3.8984 Z0.4732
X3.9745 Y-3.9052 Z0.4756
X3.9735 Y-3.9086 Z0.4768
X3.9726 Y-3.9122 Z0.4778
X3.9721 Y-3.9157 Z0.4786
X3.9719 Y-3.9176 Z0.4789
X3.9717 Y-3.9194 Z0.4792
Y-3.9231 Z0.4796
X3.9718 Y-3.9249 Z0.4797
X3.9721 Y-3.9267 Z0.4798
X3.9726 Y-3.9301
X3.9729 Y-3.9317 Z0.4797
X3.9742 Y-3.9382
X3.9761 Y-3.9463
X3.9784 Y-3.9545 Z0.4798
X3.981 Y-3.9628
X3.9841 Y-3.9708
X3.9876 Y-3.9789 Z0.4797
X3.9915 Y-3.9871 Z0.4798
X3.9959 Y-3.9952 Z0.4799
X4.0007 Y-4.0033 Z0.4798
X4.0064 Y-4.0115
X4.0125 Y-4.0196
X4.0193 Y-4.0278 Z0.4797
X4.0269 Y-4.0359 Z0.4798
X4.0298 Y-4.0389
X4.038 Y-4.0463
X4.0461 Y-4.053
X4.0543 Y-4.059
X4.0562 Y-4.0603
X4.0624 Y-4.0644 Z0.4799
X4.0705 Y-4.0691 Z0.4798
X4.0787 Y-4.0736
X4.0851 Y-4.0766 Z0.4799
X4.095 Y-4.0808 Z0.4798
X4.1031 Y-4.0838
X4.106 Y-4.0848 Z0.4797
X4.1113 Y-4.0864 Z0.4798
X4.1194 Y-4.0887
X4.1275 Y-4.0904
X4.1357 Y-4.0919 Z0.4797
X4.1438 Y-4.0931 Z0.4798
X4.152 Y-4.094 Z0.4797
X4.1601 Y-4.0944 Z0.4798
X4.1682 Y-4.0946 Z0.4797
X4.1764 Y-4.0944 Z0.4799
X4.1845 Y-4.0938 Z0.4797
X4.1931 Y-4.0929 Z0.4798
X4.2008 Y-4.0918
X4.2089 Y-4.0902
X4.2171 Y-4.0883 Z0.4799
X4.2252 Y-4.0861
X4.2295 Y-4.0848
X4.2334 Y-4.0834
X4.2415 Y-4.0803 Z0.4798
X4.2498 Y-4.0766
X4.2578 Y-4.0728
X4.2659 Y-4.0684
X4.2741 Y-4.0635
X4.2787 Y-4.0603 Z0.4797
X4.2822 Y-4.0579
X4.2903 Y-4.0518 Z0.4798
X4.2985 Y-4.045
X4.3066 Y-4.0374
X4.3148 Y-4.0289 Z0.4797
X4.3229 Y-4.0192 Z0.4798
X4.3288 Y-4.0115 Z0.4799
X4.331 Y-4.0081 Z0.4798
X4.3342 Y-4.0033
X4.3392 Y-3.9951
X4.3434 Y-3.9871 Z0.4797
X4.3474 Y-3.9789
X4.351 Y-3.9708 Z0.4798
X4.354 Y-3.9626 Z0.4797
X4.3568 Y-3.9545 Z0.4798
X4.3591 Y-3.9463 Z0.4799
X4.361 Y-3.9382 Z0.4798
X4.3625 Y-3.9301
X4.3638 Y-3.9219
X4.3646 Y-3.9138
X4.3652 Y-3.9056
X4.3653 Y-3.8975
Y-3.8893
X4.3648 Y-3.8812 Z0.4799
X4.364 Y-3.8731 Z0.4798
X4.3636 Y-3.87 Z0.4799
X4.3628 Y-3.8649 Z0.4798
X4.3613 Y-3.8568
X4.3594 Y-3.8486
X4.3572 Y-3.8405
X4.3545 Y-3.8323 Z0.4797
X4.3515 Y-3.8242 Z0.4798
X4.3482 Y-3.8161
X4.3443 Y-3.8079 Z0.4799
X4.3401 Y-3.7998
X4.3351 Y-3.7916 Z0.4798
X4.3296 Y-3.7835
X4.3237 Y-3.7753
X4.3169 Y-3.7672 Z0.4797
X4.3148 Y-3.7648
X4.3095 Y-3.7591 Z0.4798
X4.3066 Y-3.7562 Z0.4797
X4.2985 Y-3.7487
X4.2915 Y-3.7428
X4.2903 Y-3.7418
X4.2822 Y-3.7356
X4.2741 Y-3.73 Z0.4799
X4.2684 Y-3.7265 Z0.4798
X4.2659 Y-3.7251 Z0.4799
X4.2578 Y-3.7208 Z0.4798
X4.2496 Y-3.7168
X4.2415 Y-3.7132
X4.2334 Y-3.7102 Z0.4799
X4.2252 Y-3.7075 Z0.4798
X4.2171 Y-3.7053
X4.2089 Y-3.7033
X4.2008 Y-3.7018
X4.1927 Y-3.7006
X4.1845 Y-3.6997 Z0.4797
X4.1764 Y-3.6991 Z0.4799
X4.1682 Y-3.699 Z0.4797
X4.1601 Y-3.6991 Z0.4798
X4.152 Y-3.6996
X4.1438 Y-3.7005 Z0.4797
X4.1357 Y-3.7016
X4.133 Y-3.7021 Z0.4798
X4.1275 Y-3.7031
X4.1194 Y-3.7049
X4.1113 Y-3.7071
X4.1015 Y-3.7102 Z0.4799
X4.095 Y-3.7127 Z0.4798
X4.082 Y-3.7183
X4.0787 Y-3.7199 Z0.4799
X4.0705 Y-3.7242
X4.0667 Y-3.7265 Z0.4798
X4.0624 Y-3.7292
X4.0543 Y-3.7346 Z0.4797
X4.0461 Y-3.7406 Z0.4798
X4.0434 Y-3.7428 Z0.4797
X4.038 Y-3.7473 Z0.4798
X4.0339 Y-3.7509
X4.0298 Y-3.7547
X4.0256 Y-3.7591
X4.0217 Y-3.7632 Z0.4797
X4.0182 Y-3.7672
X4.0113 Y-3.7753 Z0.4798
X4.0054 Y-3.7835
X4. Y-3.7916
X3.9951 Y-3.7998
X3.9908 Y-3.8079
X3.9869 Y-3.8161
X3.9835 Y-3.8242
X3.981 Y-3.8306
X3.9804 Y-3.8323 Z0.4799
X3.9778 Y-3.8405 Z0.4798
X3.9756 Y-3.8486 Z0.4799
X3.9737 Y-3.8568 Z0.4798
X3.9729 Y-3.861 Z0.4799
X3.9722 Y-3.8649
X3.9711 Y-3.8731 Z0.4798
X3.9704 Y-3.8812
X3.9698 Y-3.8893
X3.9697 Y-3.8975
X3.9698 Y-3.9056
X3.9704 Y-3.9138
X3.9713 Y-3.9219
X3.9721 Y-3.9267
X3.9725 Y-3.9305 Z0.4799
X3.9726 Y-3.9324 Z0.4802
Y-3.9343 Z0.4804
X3.9725 Y-3.9381 Z0.4811
X3.9723 Y-3.9419 Z0.482
X3.9715 Y-3.9493 Z0.484
X3.9705 Y-3.9567 Z0.4862
X3.9698 Y-3.964 Z0.4881
X3.9697 Y-3.9676 Z0.489
Y-3.9713 Z0.4898
X3.97 Y-3.975 Z0.4904
X3.9702 Y-3.9768 Z0.4907
X3.9706 Y-3.9786 Z0.4909
X3.9715 Y-3.9822 Z0.4912
X3.9721 Y-3.9839 Z0.4913
X3.9728 Y-3.9856
X3.9772 Y-3.9952 Z0.4914
X3.981 Y-4.0022
X3.9866 Y-4.0115
X3.9891 Y-4.0154
X3.9973 Y-4.0267 Z0.4913
X4.0054 Y-4.0367
X4.0136 Y-4.0457 Z0.4914
X4.0202 Y-4.0522 Z0.4913
X4.0298 Y-4.0609
X4.038 Y-4.0674 Z0.4914
X4.0461 Y-4.0732
X4.0511 Y-4.0766
X4.0543 Y-4.0786
X4.0651 Y-4.0848 Z0.4913
X4.0705 Y-4.0878 Z0.4914
X4.0787 Y-4.0917
X4.0868 Y-4.0952 Z0.4913
X4.095 Y-4.0982 Z0.4914
X4.1033 Y-4.101 Z0.4913
X4.1113 Y-4.1034 Z0.4914
X4.1194 Y-4.1055 Z0.4913
X4.1275 Y-4.1071
X4.1357 Y-4.1085
X4.141 Y-4.1092
X4.152 Y-4.1103
X4.1601 Y-4.1108 Z0.4914
X4.1682 Y-4.1109 Z0.4913
X4.1764 Y-4.1108 Z0.4914
X4.1845 Y-4.1102 Z0.4913
X4.1945 Y-4.1092
X4.2008 Y-4.1083
X4.2089 Y-4.1069 Z0.4914
X4.2171 Y-4.1052
X4.2252 Y-4.1031
X4.2334 Y-4.1007
X4.2415 Y-4.0979
X4.2496 Y-4.0946
X4.2578 Y-4.0909 Z0.4913
X4.2659 Y-4.087 Z0.4914
X4.2702 Y-4.0848
X4.2741 Y-4.0825 Z0.4913
X4.2822 Y-4.0777 Z0.4914
X4.2903 Y-4.0722 Z0.4913
X4.2955 Y-4.0685 Z0.4914
X4.2985 Y-4.0662 Z0.4913
X4.3066 Y-4.0596 Z0.4914
X4.315 Y-4.0522 Z0.4913
X4.323 Y-4.0441
X4.331 Y-4.035
X4.337 Y-4.0278
X4.3392 Y-4.025 Z0.4914
X4.343 Y-4.0196
X4.3473 Y-4.0132 Z0.4913
X4.3484 Y-4.0115
X4.3533 Y-4.0033 Z0.4914
X4.3555 Y-3.9995 Z0.4913
X4.3616 Y-3.9871
X4.3636 Y-3.9828
X4.3653 Y-3.9789 Z0.4914
X4.3685 Y-3.9708 Z0.4913
X4.3717 Y-3.9612 Z0.4914
X4.3739 Y-3.9545
X4.376 Y-3.9463
X4.3777 Y-3.9382 Z0.4913
X4.3791 Y-3.9301 Z0.4914
X4.3799 Y-3.9246 Z0.4913
X4.3802 Y-3.9219
X4.381 Y-3.9138 Z0.4914
X4.3815 Y-3.9056 Z0.4913
X4.3817 Y-3.8975 Z0.4914
Y-3.8893
X4.3812 Y-3.8812
X4.3804 Y-3.8731 Z0.4913
X4.3799 Y-3.8683 Z0.4914
X4.3779 Y-3.8568 Z0.4913
X4.3762 Y-3.8486 Z0.4914
X4.3742 Y-3.8405 Z0.4913
X4.3717 Y-3.8323 Z0.4914
X4.369 Y-3.8242 Z0.4913
X4.3659 Y-3.8161 Z0.4914
X4.3636 Y-3.8106 Z0.4913
X4.3624 Y-3.8079
X4.3586 Y-3.7998 Z0.4914
X4.3555 Y-3.7937
X4.3543 Y-3.7916
X4.3493 Y-3.7835
X4.3473 Y-3.7804 Z0.4913
X4.3439 Y-3.7753
X4.3392 Y-3.7686
X4.3381 Y-3.7672
X4.331 Y-3.7586
X4.3229 Y-3.7494 Z0.4914
X4.3163 Y-3.7428 Z0.4913
X4.3066 Y-3.7341
X4.2973 Y-3.7265
X4.2903 Y-3.7214
X4.2822 Y-3.7158 Z0.4914
X4.2729 Y-3.7102
X4.2659 Y-3.7066 Z0.4913
X4.2567 Y-3.7021 Z0.4914
X4.2496 Y-3.6988
X4.2364 Y-3.6939
X4.2334 Y-3.6929 Z0.4913
X4.2252 Y-3.6905 Z0.4914
X4.2171 Y-3.6884 Z0.4913
X4.2089 Y-3.6867 Z0.4914
X4.2008 Y-3.6852 Z0.4913
X4.1927 Y-3.6841 Z0.4914
X4.1845 Y-3.6833 Z0.4913
X4.1764 Y-3.6827 Z0.4914
X4.1682 Z0.4913
X4.1601 Y-3.6828 Z0.4914
X4.152 Y-3.6832 Z0.4913
X4.1438 Y-3.684
X4.1357 Y-3.6851 Z0.4912
X4.1313 Y-3.6858 Z0.4913
X4.1275 Y-3.6864
X4.1194 Y-3.6881
X4.1113 Y-3.6902 Z0.4914
X4.1031 Y-3.6925 Z0.4913
X4.095 Y-3.6952 Z0.4914
X4.0868 Y-3.6984 Z0.4913
X4.0784 Y-3.7021 Z0.4914
X4.0705 Y-3.7057
X4.0621 Y-3.7102
X4.0543 Y-3.715
X4.0492 Y-3.7183 Z0.4913
X4.0461 Y-3.7204
X4.0377 Y-3.7265 Z0.4914
X4.0298 Y-3.7327 Z0.4913
X4.0217 Y-3.7399
X4.0187 Y-3.7428
X4.0136 Y-3.748 Z0.4914
X4.0101 Y-3.7517 Z0.4913
X4.0037 Y-3.7591
X3.9969 Y-3.7672 Z0.4914
X3.9912 Y-3.7753 Z0.4913
X3.9891 Y-3.7784
X3.9858 Y-3.7835 Z0.4914
X3.9809 Y-3.7916
X3.9766 Y-3.7998
X3.9727 Y-3.8079 Z0.4913
X3.9691 Y-3.8161 Z0.4914
X3.9659 Y-3.8242
X3.9647 Y-3.8277
X3.9632 Y-3.8323
X3.9608 Y-3.8405
X3.9587 Y-3.8486
X3.957 Y-3.8568
X3.9556 Y-3.8649
X3.9546 Y-3.8731
X3.954 Y-3.8812
X3.9534 Y-3.8893
Y-3.8975
X3.9535 Y-3.9056
X3.954 Y-3.9138
X3.9548 Y-3.9219 Z0.4913
X3.956 Y-3.9301 Z0.4914
X3.9575 Y-3.9382 Z0.4913
X3.9593 Y-3.9463
X3.9614 Y-3.9545
X3.9647 Y-3.9657 Z0.4914
X3.9665 Y-3.9708 Z0.4913
X3.9698 Y-3.9789
X3.9728 Y-3.9856
X3.9742 Y-3.9892 Z0.4915
X3.9753 Y-3.9928 Z0.4918
X3.9768 Y-4.0003 Z0.4929
X3.9773 Y-4.004 Z0.4937
X3.9784 Y-4.0154 Z0.496
X3.9793 Y-4.0227 Z0.4973
X3.98 Y-4.0264 Z0.498
X3.9808 Y-4.03 Z0.4985
X3.9819 Y-4.0335 Z0.4989
X3.9833 Y-4.0369 Z0.4993
X3.9841 Y-4.0386 Z0.4994
X3.985 Y-4.0402 Z0.4995
X3.986 Y-4.0418 Z0.4996
X3.9871 Y-4.0433
X3.9891 Y-4.0458
X3.9948 Y-4.0522 Z0.4995
X4.0023 Y-4.0603 Z0.4996
X4.0054 Y-4.0634 Z0.4995
X4.0136 Y-4.0709 Z0.4996
X4.0217 Y-4.0779
X4.0308 Y-4.0848
X4.038 Y-4.0898
X4.0426 Y-4.0929
X4.0461 Y-4.095 Z0.4995
X4.0624 Y-4.1042 Z0.4996
X4.0705 Y-4.108
X4.0787 Y-4.1116 Z0.4995
X4.0868 Y-4.1148 Z0.4996
X4.095 Y-4.1175 Z0.4995
X4.1031 Y-4.1201 Z0.4996
X4.1113 Y-4.1224
X4.1194 Y-4.1241
X4.1275 Y-4.1256 Z0.4995
X4.1357 Y-4.1269
X4.1438 Y-4.1279
X4.152 Y-4.1286
X4.1601 Y-4.129 Z0.4996
X4.1682 Y-4.1291 Z0.4995
X4.1764 Z0.4996
X4.1845 Y-4.1285 Z0.4995
X4.1927 Y-4.1278
X4.2008 Y-4.1268
X4.2089 Y-4.1255 Z0.4996
X4.2171 Y-4.124
X4.2252 Y-4.122
X4.2334 Y-4.1199
X4.2415 Y-4.1173
X4.2496 Y-4.1143
X4.2578 Y-4.111
X4.2659 Y-4.1072 Z0.4995
X4.2741 Y-4.1034 Z0.4996
X4.2784 Y-4.101
X4.2822 Y-4.0989 Z0.4995
X4.2923 Y-4.0929 Z0.4996
X4.2985 Y-4.0887 Z0.4995
X4.3041 Y-4.0848
X4.3066 Y-4.0829
X4.3148 Y-4.0766
X4.3229 Y-4.0697 Z0.4996
X4.331 Y-4.0621
X4.3403 Y-4.0522 Z0.4995
X4.3474 Y-4.0441 Z0.4996
X4.3538 Y-4.0359
X4.3555 Y-4.0336
X4.3596 Y-4.0278
X4.3636 Y-4.0216 Z0.4995
X4.3697 Y-4.0115 Z0.4996
X4.3717 Y-4.0077 Z0.4995
X4.3779 Y-3.9952
X4.3799 Y-3.9911
X4.3817 Y-3.9871 Z0.4996
X4.3849 Y-3.9789 Z0.4995
X4.388 Y-3.97
X4.3905 Y-3.9626 Z0.4996
X4.3929 Y-3.9545
X4.3947 Y-3.9463
X4.3962 Y-3.9382 Z0.4995
X4.3976 Y-3.9301 Z0.4996
X4.3986 Y-3.9219 Z0.4995
X4.3993 Y-3.9138 Z0.4996
X4.3998 Y-3.9056 Z0.4995
X4.4 Y-3.8893 Z0.4996
X4.3995 Y-3.8812
X4.3988 Y-3.8731
X4.3979 Y-3.8649
X4.3962 Y-3.8551 Z0.4995
X4.395 Y-3.8486 Z0.4996
X4.3931 Y-3.8405
X4.3909 Y-3.8323
X4.388 Y-3.8234 Z0.4995
X4.3854 Y-3.8161
X4.3823 Y-3.8079 Z0.4996
X4.3799 Y-3.8023 Z0.4995
X4.3787 Y-3.7998
X4.3749 Y-3.7916 Z0.4996
X4.3717 Y-3.7854
X4.3707 Y-3.7835
X4.3658 Y-3.7753
X4.3636 Y-3.772 Z0.4995
X4.3548 Y-3.7591 Z0.4996
X4.3485 Y-3.7509
X4.3414 Y-3.7428 Z0.4995
X4.3392 Y-3.7402
X4.3341 Y-3.7346 Z0.4996
X4.331 Y-3.7316 Z0.4995
X4.3229 Y-3.7242
X4.3148 Y-3.7169
X4.306 Y-3.7102
X4.2985 Y-3.7048
X4.2945 Y-3.7021 Z0.4996
X4.2903 Y-3.6993
X4.2812 Y-3.6939
X4.2741 Y-3.6903 Z0.4995
X4.2649 Y-3.6858 Z0.4996
X4.2578 Y-3.6824
X4.245 Y-3.6776
X4.2415 Y-3.6764
X4.2334 Y-3.6738
X4.2252 Y-3.6716
X4.2164 Y-3.6695
X4.2089 Y-3.6681
X4.2008 Y-3.6667
X4.1927 Y-3.6657
X4.1845 Y-3.665 Z0.4995
X4.1764 Y-3.6644 Z0.4996
X4.1682 Y-3.6645 Z0.4995
X4.1601 Z0.4996
X4.152 Y-3.6649 Z0.4995
X4.1438 Y-3.6656
X4.1357 Y-3.6667
X4.1275 Y-3.6679
X4.119 Y-3.6695
X4.1113 Y-3.6713
X4.1031 Y-3.6734 Z0.4996
X4.095 Y-3.6759
X4.0868 Y-3.6786
X4.0787 Y-3.682 Z0.4995
X4.0701 Y-3.6858 Z0.4996
X4.0624 Y-3.6893
X4.0538 Y-3.6939
X4.0461 Y-3.6985
X4.0406 Y-3.7021
X4.029 Y-3.7102 Z0.4995
X4.0217 Y-3.7157
X4.0186 Y-3.7183
X4.0136 Y-3.7227 Z0.4996
X4.0094 Y-3.7265 Z0.4995
X4.0054 Y-3.7303
X4.0011 Y-3.7346 Z0.4996
X3.9965 Y-3.7396 Z0.4995
X3.9937 Y-3.7428
X3.9866 Y-3.7509 Z0.4996
X3.981 Y-3.7579
X3.9729 Y-3.7699 Z0.4995
X3.9693 Y-3.7753 Z0.4996
X3.9646 Y-3.7835 Z0.4995
X3.9603 Y-3.7916 Z0.4996
X3.9563 Y-3.7998 Z0.4995
X3.9527 Y-3.8079 Z0.4996
X3.9495 Y-3.8161
X3.9466 Y-3.8242
X3.9441 Y-3.8323
X3.9419 Y-3.8405
X3.9403 Y-3.8473
X3.9385 Y-3.8568
X3.9371 Y-3.8649
X3.9363 Y-3.8731
X3.9357 Y-3.8812
X3.9352 Y-3.8893
Y-3.9056
X3.9357 Y-3.9138
X3.9365 Y-3.9219 Z0.4995
X3.9375 Y-3.9301 Z0.4996
X3.9389 Y-3.9382 Z0.4995
X3.9406 Y-3.9463
X3.9425 Y-3.9545
X3.9447 Y-3.9626
X3.9472 Y-3.9708 Z0.4996
X3.9484 Y-3.9745 Z0.4995
X3.9501 Y-3.9789 Z0.4996
X3.9534 Y-3.9871 Z0.4995
X3.9571 Y-3.9952
X3.9609 Y-4.0033 Z0.4996
X3.9647 Y-4.0105
X3.9729 Y-4.0241
X3.9813 Y-4.0359 Z0.4995
X3.9871 Y-4.0433 Z0.4996
X3.9893 Y-4.0462 Z0.4999
X3.9915 Y-4.049 Z0.5008
X3.9936 Y-4.0516 Z0.5022
X3.9955 Y-4.0541 Z0.5041
X3.9972 Y-4.0563 Z0.5065
X3.9986 Y-4.0582 Z0.5093
X3.9998 Y-4.0597 Z0.5124
X4.0007 Y-4.0608 Z0.5158
X4.0012 Y-4.0615 Z0.5194
X4.0014 Y-4.0617 Z0.523
X4.0016 Y-4.0615 Z0.5284
X4.0023 Y-4.0609 Z0.5338
X4.0034 Y-4.06 Z0.539
X4.005 Y-4.0586 Z0.544
X4.0071 Y-4.057 Z0.5488
X4.0095 Y-4.0549 Z0.5532
X4.0123 Y-4.0526 Z0.5572
X4.0154 Y-4.0501 Z0.5608
X4.0188 Y-4.0472 Z0.564
X4.0224 Y-4.0442 Z0.5666
X4.0263 Y-4.041 Z0.5687
X4.0303 Y-4.0377 Z0.5702
X4.0344 Y-4.0342 Z0.5711
X4.0386 Y-4.0308 Z0.5714
X4.0427 Y-4.0273 Z0.5711
X4.0468 Y-4.0239 Z0.5702
X4.0508 Y-4.0206 Z0.5687
X4.0547 Y-4.0174 Z0.5666
X4.0583 Y-4.0143 Z0.564
X4.0618 Y-4.0115 Z0.5608
X4.0649 Y-4.0089 Z0.5572
X4.0676 Y-4.0066 Z0.5532
X4.0701 Y-4.0046 Z0.5488
X4.0721 Y-4.0029 Z0.544
X4.0737 Y-4.0016 Z0.539
X4.0748 Y-4.0006 Z0.5338
X4.0755 Y-4.0001 Z0.5284
X4.0758 Y-3.9999 Z0.523
Z0.4422
X4.0756 Y-3.9996 Z0.4385
X4.075 Y-3.999 Z0.4348
X4.0741 Y-3.9978 Z0.4314
X4.0729 Y-3.9963 Z0.4283
X4.0713 Y-3.9945 Z0.4255
X4.0695 Y-3.9923 Z0.4231
X4.0675 Y-3.9898 Z0.4212
X4.0653 Y-3.9872 Z0.4198
X4.063 Y-3.9844 Z0.419
X4.0607 Y-3.9815 Z0.4187
X4.0586 Y-3.9789 Z0.4188
X4.0529 Y-3.9708
X4.0481 Y-3.9626 Z0.4187
X4.0461 Y-3.9587 Z0.4186
X4.0441 Y-3.9545
X4.0406 Y-3.9463
X4.0378 Y-3.9382
X4.0354 Y-3.9301
X4.0336 Y-3.9219
X4.0322 Y-3.9138 Z0.4187
X4.0314 Y-3.9056 Z0.4188
X4.031 Y-3.8975 Z0.4189
X4.0313 Y-3.8893 Z0.4188
X4.032 Y-3.8812 Z0.4187
X4.0333 Y-3.8731
X4.0351 Y-3.8649 Z0.4186
X4.0373 Y-3.8568
X4.0401 Y-3.8486
X4.0434 Y-3.8405
X4.0461 Y-3.8348 Z0.4187
X4.0474 Y-3.8323 Z0.4186
X4.0521 Y-3.8242 Z0.4187
X4.0543 Y-3.8208
X4.0575 Y-3.8161 Z0.4188
X4.0624 Y-3.81 Z0.4187
X4.0642 Y-3.8079 Z0.4186
X4.0719 Y-3.7998
X4.0787 Y-3.7935
X4.0808 Y-3.7916
X4.0868 Y-3.7868 Z0.4187
X4.0917 Y-3.7835
X4.095 Y-3.7813
X4.1031 Y-3.7767
X4.1056 Y-3.7753
X4.1113 Y-3.7727 Z0.4186
X4.1194 Y-3.7693
X4.1253 Y-3.7672
X4.1275 Y-3.7665
X4.1357 Y-3.7643
X4.1438 Y-3.7626
X4.152 Y-3.7613 Z0.4187
X4.1601 Y-3.7606 Z0.4188
X4.1682 Y-3.7603
X4.1764 Y-3.7607 Z0.4187
X4.1845 Y-3.7615
X4.1927 Y-3.7629
X4.2008 Y-3.7646 Z0.4186
X4.2098 Y-3.7672
X4.2171 Y-3.7698 Z0.4187
X4.2252 Y-3.7733
X4.2297 Y-3.7753
X4.2334 Y-3.7773 Z0.4188
X4.2415 Y-3.7821 Z0.4189
X4.2436 Y-3.7835 Z0.4188
X4.2496 Y-3.7878 Z0.4189
X4.2544 Y-3.7916 Z0.4187
X4.2578 Y-3.7945
X4.2634 Y-3.7998
X4.2659 Y-3.8024
X4.271 Y-3.8079 Z0.4188
X4.2741 Y-3.8115
X4.2777 Y-3.8161 Z0.4189
X4.283 Y-3.8242 Z0.4187
X4.2876 Y-3.8323 Z0.4186
X4.2916 Y-3.8405
X4.295 Y-3.8486
X4.2977 Y-3.8568
X4.2985 Y-3.8593 Z0.4185
X4.2999 Y-3.8649 Z0.4186
X4.3017 Y-3.8731
X4.303 Y-3.8812
X4.3037 Y-3.8893 Z0.4187
X4.304 Y-3.8975 Z0.4189
X4.3037 Y-3.9056 Z0.4188
X4.3028 Y-3.9138 Z0.4187
X4.3015 Y-3.9219 Z0.4186
X4.2996 Y-3.9301
X4.2985 Y-3.9344 Z0.4185
X4.2973 Y-3.9382
X4.2944 Y-3.9463
X4.2909 Y-3.9545 Z0.4186
X4.2869 Y-3.9626
X4.2821 Y-3.9708 Z0.4187
X4.2765 Y-3.9789 Z0.4188
X4.2697 Y-3.9871 Z0.4187
X4.2659 Y-3.9911
X4.2619 Y-3.9952
X4.2578 Y-3.999
X4.2527 Y-4.0033 Z0.4188
X4.2496 Y-4.0058 Z0.4189
X4.2414 Y-4.0115 Z0.4188
X4.2334 Y-4.0162 Z0.4187
X4.2266 Y-4.0196 Z0.4186
X4.2252 Y-4.0203 Z0.4187
X4.2171 Y-4.0237 Z0.4186
X4.2089 Y-4.0266
X4.2051 Y-4.0278
X4.2008 Y-4.0289
X4.1927 Y-4.0307
X4.1845 Y-4.032 Z0.4187
X4.1764 Y-4.0329
X4.1682 Y-4.0333 Z0.4188
X4.1601 Y-4.033
X4.152 Y-4.0322 Z0.4187
X4.1438 Y-4.031 Z0.4186
X4.1357 Y-4.0293
X4.1301 Y-4.0278
X4.1275 Y-4.027
X4.1194 Y-4.0243
X4.1113 Y-4.0209
X4.1085 Y-4.0196
X4.1031 Y-4.0169 Z0.4187
X4.095 Y-4.0123
X4.0868 Y-4.0068 Z0.4188
X4.0825 Y-4.0033 Z0.4187
X4.0787 Y-4.0001 Z0.4186
X4.0733 Y-3.9952
X4.0705 Y-3.9925
X4.0654 Y-3.9871
X4.0607 Y-3.9815 Z0.4187
X4.0583 Y-3.9781 Z0.4186
X4.0576 Y-3.9769 Z0.4184
X4.0568 Y-3.9753 Z0.4182
X4.056 Y-3.9737 Z0.4178
X4.0553 Y-3.972 Z0.4174
X4.0542 Y-3.9686 Z0.4165
X4.0533 Y-3.9651 Z0.4155
X4.0526 Y-3.9615 Z0.4143
X4.0517 Y-3.9545 Z0.4117
X4.0513 Y-3.9471 Z0.4091
X4.0508 Y-3.9396 Z0.4068
X4.0505 Y-3.9358 Z0.4058
X4.0501 Y-3.9321 Z0.4051
X4.0495 Y-3.9283 Z0.4046
X4.0491 Y-3.9264 Z0.4045
X4.0486 Y-3.9245
X4.048 Y-3.9219
X4.0465 Y-3.9138 Z0.4046
X4.0461 Y-3.9111
X4.0456 Y-3.9056
X4.0451 Y-3.8975 Z0.4047
X4.0455 Y-3.8893 Z0.4046
X4.0461 Y-3.8823 Z0.4045
X4.0463 Y-3.8812 Z0.4046
X4.0477 Y-3.8731 Z0.4045
X4.0496 Y-3.8649
X4.0521 Y-3.8568
X4.0543 Y-3.8511
X4.0553 Y-3.8486
X4.0591 Y-3.8405
X4.0624 Y-3.8344 Z0.4046
X4.0636 Y-3.8323
X4.0691 Y-3.8242 Z0.4047
X4.0705 Y-3.8223 Z0.4046
X4.0758 Y-3.8161 Z0.4045
X4.0787 Y-3.813
X4.0838 Y-3.8079 Z0.4044
X4.0868 Y-3.8051 Z0.4045
X4.0932 Y-3.7998 Z0.4046
X4.095 Y-3.7984
X4.1031 Y-3.7929
X4.1052 Y-3.7916 Z0.4045
X4.1113 Y-3.7883
X4.1194 Y-3.7845
X4.1218 Y-3.7835
X4.1275 Y-3.7814
X4.1357 Y-3.7789
X4.1438 Y-3.7769
X4.152 Y-3.7756 Z0.4046
X4.1601 Y-3.7747
X4.1682 Y-3.7744 Z0.4047
X4.1764 Y-3.7748 Z0.4046
X4.1845 Y-3.7758 Z0.4045
X4.1927 Y-3.7773
X4.2008 Y-3.7792
X4.2089 Y-3.7818
X4.2134 Y-3.7835
X4.2171 Y-3.7851 Z0.4046
X4.2252 Y-3.7889
X4.23 Y-3.7916
X4.2334 Y-3.7936 Z0.4047
X4.242 Y-3.7998
X4.2496 Y-3.8062 Z0.4046
X4.2515 Y-3.8079 Z0.4045
X4.2578 Y-3.8143 Z0.4046
X4.2594 Y-3.8161
X4.2662 Y-3.8242 Z0.4048
X4.2714 Y-3.8323 Z0.4046
X4.2741 Y-3.837 Z0.4045
X4.2759 Y-3.8405
X4.2798 Y-3.8486
X4.2822 Y-3.8548 Z0.4044
X4.2829 Y-3.8568
X4.2854 Y-3.8649
X4.2873 Y-3.8731 Z0.4045
X4.2887 Y-3.8812
X4.2896 Y-3.8893 Z0.4046
X4.2899 Y-3.8975 Z0.4048
X4.2895 Y-3.9056 Z0.4046
X4.2886 Y-3.9138 Z0.4045
X4.287 Y-3.9219
X4.285 Y-3.9301 Z0.4044
X4.2822 Y-3.9387
X4.2792 Y-3.9463
X4.2752 Y-3.9545 Z0.4045
X4.2741 Y-3.9566
X4.2706 Y-3.9626 Z0.4046
X4.2649 Y-3.9708
X4.2578 Y-3.9793 Z0.4045
X4.2496 Y-3.9874 Z0.4046
X4.2415 Y-3.9942 Z0.4047
X4.2334 Y-3.9999 Z0.4046
X4.2274 Y-4.0033 Z0.4045
X4.2252 Y-4.0045 Z0.4046
X4.2171 Y-4.0084
X4.2089 Y-4.0117 Z0.4045
X4.2008 Y-4.0143
X4.1927 Y-4.0163
X4.1845 Y-4.0178
X4.1764 Y-4.0187 Z0.4046
X4.1682 Y-4.0191 Z0.4047
X4.1601 Y-4.0188 Z0.4046
X4.152 Y-4.018 Z0.4045
X4.1438 Y-4.0167
X4.1357 Y-4.0147
X4.1275 Y-4.0122
X4.1194 Y-4.0091
X4.1113 Y-4.0052
X4.1077 Y-4.0033 Z0.4046
X4.1031 Y-4.0007
X4.0949 Y-3.9952
X4.0868 Y-3.9885 Z0.4045
X4.0853 Y-3.9871
X4.0787 Y-3.9806
X4.0771 Y-3.9789
X4.0705 Y-3.9713 Z0.4046
X4.0644 Y-3.9626
X4.0624 Y-3.9591
X4.0598 Y-3.9545 Z0.4045
X4.0559 Y-3.9463
X4.0543 Y-3.9424
X4.0526 Y-3.9382 Z0.4044
X4.05 Y-3.9301 Z0.4045
X4.0486 Y-3.9245
X4.0479 Y-3.9204 Z0.4043
X4.0478 Y-3.919 Z0.4042
X4.0477 Y-3.9172 Z0.4039
Y-3.9154 Z0.4036
X4.0479 Y-3.9136 Z0.4032
X4.0483 Y-3.9096 Z0.4022
X4.049 Y-3.9065 Z0.4013
X4.0498 Y-3.903 Z0.4002
X4.0509 Y-3.8996 Z0.399
X4.0522 Y-3.8962 Z0.3977
X4.0551 Y-3.8894 Z0.3951
X4.0581 Y-3.8825 Z0.3927
X4.0596 Y-3.879 Z0.3918
X4.061 Y-3.8754 Z0.391
X4.0623 Y-3.8718 Z0.3905
X4.0629 Y-3.87 Z0.3904
X4.0634 Y-3.8681
X4.0643 Y-3.8649
X4.0672 Y-3.8568
X4.0708 Y-3.8486
X4.0752 Y-3.8405 Z0.3905
X4.0787 Y-3.8352
X4.0806 Y-3.8323 Z0.3906
X4.0872 Y-3.8246 Z0.3904
X4.095 Y-3.8168 Z0.3903
X4.1031 Y-3.8099 Z0.3905
X4.106 Y-3.8079 Z0.3904
X4.1113 Y-3.8045
X4.1199 Y-3.7998
X4.1275 Y-3.7964
X4.1357 Y-3.7935
X4.1438 Y-3.7913
X4.152 Y-3.7898
X4.1601 Y-3.7889 Z0.3905
X4.1682 Y-3.7886
X4.1764 Y-3.789 Z0.3904
X4.1845 Y-3.79
X4.1927 Y-3.7917
X4.2008 Y-3.7939
X4.2089 Y-3.797
X4.2154 Y-3.7998 Z0.3905
X4.2171 Y-3.8006
X4.2252 Y-3.8052 Z0.3906
X4.2292 Y-3.8079 Z0.3905
X4.2334 Y-3.8109 Z0.3906
X4.2395 Y-3.8161 Z0.3904
X4.2415 Y-3.8179
X4.2477 Y-3.8242
X4.2496 Y-3.8264 Z0.3905
X4.2546 Y-3.8323 Z0.3906
X4.2578 Y-3.8372 Z0.3905
X4.2598 Y-3.8405 Z0.3904
X4.2642 Y-3.8486
X4.2659 Y-3.8522
X4.2679 Y-3.8568 Z0.3903
X4.2707 Y-3.8649
X4.2728 Y-3.8731 Z0.3904
X4.2741 Y-3.8785
X4.2745 Y-3.8812
X4.2754 Y-3.8893 Z0.3905
X4.2757 Y-3.8975 Z0.3906
X4.2753 Y-3.9056 Z0.3905
X4.2741 Y-3.915 Z0.3904
X4.2725 Y-3.9219
X4.2703 Y-3.9301 Z0.3903
X4.2673 Y-3.9382
X4.2659 Y-3.9413
X4.2635 Y-3.9463 Z0.3904
X4.259 Y-3.9545 Z0.3905
X4.2578 Y-3.9563 Z0.3904
X4.2533 Y-3.9626 Z0.3905
X4.2496 Y-3.967
X4.2464 Y-3.9708 Z0.3904
X4.2415 Y-3.9757 Z0.3905
X4.2379 Y-3.9789
X4.2334 Y-3.9827 Z0.3906
X4.2271 Y-3.9871 Z0.3905
X4.2252 Y-3.9883
X4.2171 Y-3.9929 Z0.3904
X4.2089 Y-3.9966
X4.2008 Y-3.9996
X4.1927 Y-4.0019 Z0.3903
X4.1845 Y-4.0035 Z0.3904
X4.1764 Y-4.0045
X4.1682 Y-4.005 Z0.3905
X4.1601 Y-4.0047
X4.152 Y-4.0037 Z0.3904
X4.1493 Y-4.0033
X4.1438 Y-4.0022
X4.1357 Y-4.
X4.1275 Y-3.9971
X4.1229 Y-3.9952
X4.1194 Y-3.9935
X4.1113 Y-3.9891 Z0.3905
X4.1031 Y-3.9837
X4.0974 Y-3.9789 Z0.3904
X4.095 Y-3.9768
X4.0888 Y-3.9708
X4.0868 Y-3.9686
X4.0817 Y-3.9626 Z0.3905
X4.0787 Y-3.9583
X4.076 Y-3.9545
X4.0715 Y-3.9463 Z0.3904
X4.0705 Y-3.9445
X4.0678 Y-3.9382 Z0.3903
X4.0648 Y-3.9301 Z0.3904
X4.0624 Y-3.9215
X4.0608 Y-3.9138
X4.0598 Y-3.9056 Z0.3905
X4.0593 Y-3.8975 Z0.3906
X4.0596 Y-3.8893 Z0.3905
X4.0606 Y-3.8812
X4.0621 Y-3.8731 Z0.3904
X4.0634 Y-3.8681
X4.0648 Y-3.8642 Z0.3902
X4.0654 Y-3.8629 Z0.39
X4.0662 Y-3.8613 Z0.3897
X4.0681 Y-3.8582 Z0.389
X4.0692 Y-3.8567 Z0.3886
X4.0703 Y-3.8553 Z0.3881
X4.0726 Y-3.8526 Z0.3871
X4.0751 Y-3.85 Z0.3859
X4.0805 Y-3.8453 Z0.3835
X4.0865 Y-3.8408 Z0.3809
X4.0926 Y-3.8364 Z0.3785
X4.0957 Y-3.8342 Z0.3776
X4.0988 Y-3.8319 Z0.3769
X4.1018 Y-3.8295 Z0.3764
X4.1033 Y-3.8283 Z0.3763
X4.1048 Y-3.827 Z0.3762
X4.108 Y-3.8242 Z0.3763
X4.1113 Y-3.8215
X4.1194 Y-3.816
X4.1275 Y-3.8117
X4.1357 Y-3.8084
X4.137 Y-3.8079
X4.1438 Y-3.8059
X4.152 Y-3.8041
X4.1601 Y-3.803
X4.1682 Y-3.8027 Z0.3764
X4.1764 Y-3.8032 Z0.3763
X4.1845 Y-3.8044
X4.1927 Y-3.8062
X4.1981 Y-3.8079
X4.2008 Y-3.8089
X4.2089 Y-3.8124 Z0.3764
X4.2159 Y-3.8161 Z0.3765
X4.2171 Y-3.8168
X4.2252 Y-3.8225
X4.2273 Y-3.8242 Z0.3764
X4.2334 Y-3.8297 Z0.3763
X4.236 Y-3.8323
X4.2415 Y-3.8386 Z0.3765
X4.243 Y-3.8405
X4.2483 Y-3.8486 Z0.3763
X4.2496 Y-3.851
X4.2524 Y-3.8568
X4.2559 Y-3.8649 Z0.3762
X4.2578 Y-3.8708
X4.2583 Y-3.8731
X4.2602 Y-3.8812
X4.2612 Y-3.8893 Z0.3763
X4.2616 Y-3.8975 Z0.3765
X4.2611 Y-3.9056 Z0.3763
X4.2599 Y-3.9138
X4.2578 Y-3.9227 Z0.3762
X4.2553 Y-3.9301
X4.2518 Y-3.9382 Z0.3763
X4.2496 Y-3.9424 Z0.3762
X4.2474 Y-3.9463 Z0.3763
X4.2415 Y-3.9548 Z0.3764
X4.2346 Y-3.9626 Z0.3763
X4.2334 Y-3.9639 Z0.3764
X4.2256 Y-3.9708 Z0.3765
X4.2171 Y-3.9767 Z0.3764
X4.2133 Y-3.9789 Z0.3763
X4.2089 Y-3.9811
X4.2008 Y-3.9847
X4.1927 Y-3.9873 Z0.3762
X4.1845 Y-3.9891 Z0.3763
X4.1764 Y-3.9903
X4.1682 Y-3.9908 Z0.3764
X4.1601 Y-3.9905 Z0.3763
X4.152 Y-3.9894
X4.1438 Y-3.9876
X4.1416 Y-3.9871
X4.1357 Y-3.9852
X4.1275 Y-3.9818
X4.1218 Y-3.9789 Z0.3764
X4.1194 Y-3.9775 Z0.3763
X4.1113 Y-3.9721
X4.1095 Y-3.9708
X4.1031 Y-3.9651 Z0.3762
X4.1006 Y-3.9626
X4.095 Y-3.9565 Z0.3763
X4.0933 Y-3.9545 Z0.3764
X4.0876 Y-3.9463
X4.0868 Y-3.9451
X4.0832 Y-3.9382 Z0.3762
X4.0798 Y-3.9301
X4.0787 Y-3.9272
X4.0771 Y-3.9219 Z0.3763
X4.0751 Y-3.9138
X4.0739 Y-3.9056
X4.0734 Y-3.8975 Z0.3764
X4.0738 Y-3.8893
X4.0749 Y-3.8812 Z0.3763
X4.0766 Y-3.8731
X4.0787 Y-3.8663 Z0.3762
X4.0792 Y-3.8649
X4.0825 Y-3.8568 Z0.3763
X4.0868 Y-3.8486
X4.0922 Y-3.8405 Z0.3764
X4.095 Y-3.8371 Z0.3763
X4.0993 Y-3.8323 Z0.3762
X4.1031 Y-3.8285
X4.1048 Y-3.827
X4.1081 Y-3.8245 Z0.376
X4.1093 Y-3.8237 Z0.3759
X4.1108 Y-3.8228 Z0.3756
X4.1141 Y-3.8213 Z0.3749
X4.1158 Y-3.8206 Z0.3745
X4.1175 Y-3.82 Z0.3741
X4.121 Y-3.819 Z0.373
X4.1246 Y-3.8183 Z0.3719
X4.1281 Y-3.8177 Z0.3707
X4.1317 Y-3.8174 Z0.3694
X4.1392 Y-3.8171 Z0.3669
X4.1467 Y-3.8172 Z0.3647
X4.1545 Y-3.8173 Z0.3629
X4.1564 Z0.3626
X4.1584 Y-3.8172 Z0.3624
X4.1623 Y-3.8171 Z0.3622
X4.1682 Y-3.8169 Z0.3623
X4.1764 Y-3.8174 Z0.3622
X4.1845 Y-3.8188 Z0.3623
X4.1927 Y-3.821 Z0.3622
X4.2009 Y-3.8242 Z0.3623
X4.2089 Y-3.8284
X4.2147 Y-3.8323
X4.2171 Y-3.8341
X4.2241 Y-3.8405 Z0.3622
X4.2252 Y-3.8415
X4.2314 Y-3.8486 Z0.3624
X4.2334 Y-3.8515 Z0.3622
X4.2367 Y-3.8568
X4.2407 Y-3.8649 Z0.3621
X4.2415 Y-3.8667
X4.2437 Y-3.8731
X4.2458 Y-3.8812 Z0.3622
X4.247 Y-3.8893
X4.2474 Y-3.8975 Z0.3623
X4.2469 Y-3.9056 Z0.3622
X4.2455 Y-3.9138
X4.2432 Y-3.9219 Z0.3621
X4.2415 Y-3.9266
X4.24 Y-3.9301
X4.2358 Y-3.9382 Z0.3622
X4.2334 Y-3.9419 Z0.3621
X4.2302 Y-3.9463 Z0.3623
X4.2252 Y-3.952 Z0.3622
X4.2228 Y-3.9545
X4.2171 Y-3.9595 Z0.3623
X4.2128 Y-3.9626 Z0.3622
X4.2089 Y-3.9651 Z0.3623
X4.2008 Y-3.9693 Z0.3622
X4.1976 Y-3.9708
X4.1927 Y-3.9725
X4.1845 Y-3.9748
X4.1764 Y-3.9761
X4.1682 Y-3.9767 Z0.3623
X4.1601 Y-3.9763 Z0.3622
X4.152 Y-3.9751
X4.1438 Y-3.973
X4.1375 Y-3.9708
X4.1357 Y-3.97
X4.1275 Y-3.9659
X4.1224 Y-3.9626
X4.1194 Y-3.9606
X4.1125 Y-3.9545 Z0.3621
X4.1113 Y-3.9533
X4.1049 Y-3.9463 Z0.3622
X4.1031 Y-3.9439
X4.0992 Y-3.9382 Z0.3623
X4.095 Y-3.93 Z0.3621
X4.0918 Y-3.9219
X4.0895 Y-3.9138 Z0.3622
X4.0881 Y-3.9056
X4.0875 Y-3.8975 Z0.3623
X4.088 Y-3.8893
X4.0892 Y-3.8812 Z0.3622
X4.0914 Y-3.8731
X4.0944 Y-3.8649
X4.095 Y-3.8635
X4.0984 Y-3.8568
X4.1038 Y-3.8486 Z0.3623
X4.1113 Y-3.8402 Z0.3621
X4.1194 Y-3.833 Z0.3622
X4.1275 Y-3.8277
X4.1342 Y-3.8242
X4.1357 Y-3.8235
X4.1438 Y-3.8205
X4.152 Y-3.8184
X4.1601 Y-3.8172
X4.1623 Y-3.8171
X4.1664 Y-3.8173 Z0.362
X4.1678 Y-3.8175 Z0.3619
X4.1696 Y-3.8178 Z0.3616
X4.1714 Y-3.8182 Z0.3613
X4.1731 Y-3.8187 Z0.3609
X4.1765 Y-3.8199 Z0.36
X4.1798 Y-3.8215 Z0.359
X4.183 Y-3.8232 Z0.3578
X4.186 Y-3.8252 Z0.3566
X4.1889 Y-3.8273 Z0.3554
X4.1947 Y-3.8322 Z0.3528
X4.2003 Y-3.8374 Z0.3505
X4.2059 Y-3.8427 Z0.3489
X4.2088 Y-3.8454 Z0.3484
X4.2117 Y-3.8481 Z0.3481
X4.2123 Y-3.8486
X4.2171 Y-3.8535
X4.2199 Y-3.8568 Z0.3483
X4.2252 Y-3.8653 Z0.3481
X4.2288 Y-3.8731 Z0.348
X4.2313 Y-3.8812 Z0.3481
X4.2328 Y-3.8893
X4.2333 Y-3.8975 Z0.3482
X4.2327 Y-3.9056 Z0.3481
X4.231 Y-3.9138
X4.2282 Y-3.9219 Z0.348
X4.2252 Y-3.9283 Z0.3481
X4.2242 Y-3.9301
X4.2186 Y-3.9382
X4.2171 Y-3.94
X4.2109 Y-3.9463 Z0.3482
X4.2089 Y-3.9479
X4.2008 Y-3.9535
X4.1992 Y-3.9545
X4.1927 Y-3.9575 Z0.3481
X4.1845 Y-3.9603
X4.1764 Y-3.9619
X4.1682 Y-3.9625
X4.1601 Y-3.9621
X4.152 Y-3.9607
X4.1438 Y-3.9581
X4.1357 Y-3.9543
X4.1275 Y-3.949
X4.1245 Y-3.9463 Z0.348
X4.1194 Y-3.9414
X4.1164 Y-3.9382 Z0.3481
X4.1113 Y-3.9308
X4.1108 Y-3.9301 Z0.3482
X4.1069 Y-3.9219 Z0.3481
X4.1041 Y-3.9138
X4.1031 Y-3.9099
X4.1024 Y-3.9056
X4.1017 Y-3.8975 Z0.3482
X4.1021 Y-3.8893 Z0.3481
X4.1031 Y-3.8838
X4.1037 Y-3.8812 Z0.348
X4.1062 Y-3.8731 Z0.3481
X4.11 Y-3.8649
X4.1113 Y-3.8629
X4.1153 Y-3.8568
X4.1194 Y-3.8522 Z0.348
X4.1229 Y-3.8486
X4.1275 Y-3.8446
X4.1337 Y-3.8405
X4.1357 Y-3.8393 Z0.3481
X4.1438 Y-3.8354 Z0.3482
X4.152 Y-3.8329 Z0.3481
X4.1544 Y-3.8323
X4.1601 Y-3.8314
X4.1682 Y-3.831
X4.1764 Y-3.8316
X4.1805 Y-3.8323
X4.1845 Y-3.8333 Z0.348
X4.1927 Y-3.8359 Z0.3482
X4.2008 Y-3.84
X4.2089 Y-3.8456
X4.2117 Y-3.8481 Z0.3481
X4.2142 Y-3.8503 Z0.3483
X4.2166 Y-3.8525 Z0.3491
X4.2188 Y-3.8545 Z0.3505
X4.2209 Y-3.8563 Z0.3524
X4.2226 Y-3.8579 Z0.3547
X4.224 Y-3.8592 Z0.3574
X4.2251 Y-3.8601 Z0.3604
X4.2258 Y-3.8607 Z0.3636
X4.226 Y-3.8609 Z0.3669
G0 Z0.7
X5.369 Y-0.6917
Z0.5494
G1 Z0.4562 F20.
X5.3692 Y-0.6918 Z0.4529
X5.3701 Y-0.692 Z0.4498
X5.3714 Y-0.6924 Z0.4468
X5.3732 Y-0.693 Z0.4441
X5.3754 Y-0.6937 Z0.4418
X5.378 Y-0.6945 Z0.4399
X5.3808 Y-0.6955 Z0.4386
X5.3838 Y-0.6964 Z0.4377
X5.3869 Y-0.6974 Z0.4375
X5.3975 Y-0.7006
X5.4056 Y-0.7026
X5.4137 Y-0.7041
X5.4219 Y-0.7052 Z0.4374
X5.43 Y-0.7058 Z0.4375
X5.4382 Y-0.706 Z0.4376
X5.4463 Y-0.7058 Z0.4375
X5.4544 Y-0.7051
X5.4626 Y-0.704 Z0.4376
X5.4707 Y-0.7025 Z0.4375
X5.4789 Y-0.7006 Z0.4376
X5.4889 Y-0.6974
X5.4951 Y-0.6951 Z0.4375
X5.5033 Y-0.6916
X5.5114 Y-0.6874
X5.5196 Y-0.6828
X5.5222 Y-0.6811
X5.5277 Y-0.6774 Z0.4376
X5.5337 Y-0.673 Z0.4375
X5.5358 Y-0.6712 Z0.4376
X5.5432 Y-0.6649 Z0.4375
X5.5514 Y-0.6567
X5.5585 Y-0.6486
X5.5647 Y-0.6404 Z0.4376
X5.5684 Y-0.635
X5.5701 Y-0.6323 Z0.4377
X5.5747 Y-0.6241 Z0.4376
X5.5765 Y-0.6206 Z0.4375
X5.5788 Y-0.616
X5.5822 Y-0.6079
X5.5852 Y-0.5997
X5.5876 Y-0.5916
X5.5896 Y-0.5834
X5.5911 Y-0.5753
X5.5923 Y-0.5671 Z0.4376
X5.5928 Y-0.5616
X5.593 Y-0.559
X5.5933 Y-0.5509 Z0.4377
X5.5928 Y-0.5409 Z0.4376
X5.5923 Y-0.5346
X5.5912 Y-0.5264 Z0.4375
X5.5896 Y-0.5183
X5.5876 Y-0.5101
X5.5852 Y-0.502
X5.5847 Y-0.5004
X5.5822 Y-0.4939
X5.5787 Y-0.4857
X5.5765 Y-0.4812
X5.5746 Y-0.4776
X5.5701 Y-0.4694
X5.5647 Y-0.4613 Z0.4376
X5.5585 Y-0.4531
X5.5514 Y-0.445
X5.5433 Y-0.4369
X5.5358 Y-0.4304
X5.5336 Y-0.4287 Z0.4375
X5.5277 Y-0.4243 Z0.4376
X5.5223 Y-0.4206
X5.5196 Y-0.4188
X5.5114 Y-0.4142 Z0.4375
X5.508 Y-0.4124
X5.5033 Y-0.4101
X5.4951 Y-0.4067
X5.4887 Y-0.4043 Z0.4374
X5.4789 Y-0.4012 Z0.4375
X5.4707 Y-0.3992
X5.4626 Y-0.3976
X5.4544 Y-0.3965
X5.4504 Y-0.3961 Z0.4376
X5.4463 Y-0.3959
X5.4382 Y-0.3955 Z0.4377
X5.43 Y-0.3958 Z0.4375
X5.4256 Y-0.3961 Z0.4376
X5.4219 Y-0.3965
X5.4137 Y-0.3976 Z0.4375
X5.4056 Y-0.3991 Z0.4374
X5.3975 Y-0.4011 Z0.4375
X5.387 Y-0.4043
X5.3812 Y-0.4064
X5.373 Y-0.4099
X5.3649 Y-0.414
X5.3567 Y-0.4185 Z0.4376
X5.3535 Y-0.4206
X5.3486 Y-0.424 Z0.4375
X5.3422 Y-0.4287 Z0.4374
X5.3405 Y-0.4301 Z0.4375
X5.3323 Y-0.4372 Z0.4374
X5.3242 Y-0.4453 Z0.4375
X5.3174 Y-0.4531 Z0.4374
X5.316 Y-0.4549
X5.3112 Y-0.4613 Z0.4375
X5.3079 Y-0.4662
X5.3058 Y-0.4694
X5.3011 Y-0.4776 Z0.4376
X5.2998 Y-0.48
X5.297 Y-0.4857
X5.2936 Y-0.4939 Z0.4375
X5.2916 Y-0.4992
X5.2907 Y-0.502
X5.2882 Y-0.5101
X5.2862 Y-0.5183
X5.2847 Y-0.5264
X5.2835 Y-0.5358 Z0.4376
X5.2829 Y-0.5427
X5.2827 Y-0.5509
X5.2829 Y-0.559
X5.2836 Y-0.5671
X5.2847 Y-0.5753 Z0.4375
X5.2862 Y-0.5834
X5.2881 Y-0.5916 Z0.4376
X5.2906 Y-0.5997 Z0.4375
X5.2916 Y-0.6027 Z0.4376
X5.2936 Y-0.6079 Z0.4375
X5.297 Y-0.616 Z0.4376
X5.2998 Y-0.6216 Z0.4375
X5.3011 Y-0.6241
X5.3059 Y-0.6323 Z0.4374
X5.3111 Y-0.6404 Z0.4376
X5.3173 Y-0.6486
X5.3244 Y-0.6567
X5.3326 Y-0.6649
X5.3405 Y-0.6716
X5.3422 Y-0.673
X5.3486 Y-0.6778
X5.3536 Y-0.6811 Z0.4375
X5.3567 Y-0.6831
X5.3649 Y-0.6878
X5.373 Y-0.6918 Z0.4376
X5.3812 Y-0.6952 Z0.4375
X5.3869 Y-0.6974
X5.3906 Y-0.6987 Z0.4377
X5.3923 Y-0.6995 Z0.4379
X5.3941 Y-0.7002 Z0.4381
X5.3974 Y-0.7019 Z0.4389
X5.4007 Y-0.7037 Z0.4398
X5.4071 Y-0.7075 Z0.4421
X5.4134 Y-0.7112 Z0.4447
X5.4197 Y-0.7146 Z0.4473
X5.423 Y-0.7162 Z0.4484
X5.4263 Y-0.7175 Z0.4495
X5.4297 Y-0.7186 Z0.4504
X5.4315 Y-0.7191 Z0.4508
X5.4333 Y-0.7195 Z0.4511
X5.4351 Y-0.7198 Z0.4514
X5.4369 Y-0.72 Z0.4516
X5.4388 Y-0.7201 Z0.4517
X5.4406
X5.4463 Y-0.72 Z0.4516
X5.4544 Y-0.7194 Z0.4517
X5.4626 Y-0.7184
X5.4707 Y-0.717
X5.4789 Y-0.7152
X5.4845 Y-0.7137
X5.487 Y-0.713
X5.4951 Y-0.7103
X5.5033 Y-0.7071
X5.5068 Y-0.7056
X5.5114 Y-0.7033
X5.5196 Y-0.6991 Z0.4516
X5.5226 Y-0.6974
X5.5277 Y-0.6944 Z0.4517
X5.5358 Y-0.689
X5.544 Y-0.6829
X5.5521 Y-0.6759
X5.5552 Y-0.673
X5.5603 Y-0.6679 Z0.4516
X5.5631 Y-0.6649
X5.5701 Y-0.6567 Z0.4517
X5.5765 Y-0.6482 Z0.4518
X5.5817 Y-0.6404
X5.5847 Y-0.6355 Z0.4517
X5.5864 Y-0.6323
X5.5906 Y-0.6241
X5.5928 Y-0.6192
X5.5942 Y-0.616
X5.5973 Y-0.6079
X5.6001 Y-0.5997 Z0.4516
X5.601 Y-0.5964 Z0.4517
X5.6022 Y-0.5916
X5.604 Y-0.5834
X5.6055 Y-0.5753
X5.6065 Y-0.5671 Z0.4518
X5.6072 Y-0.559
X5.6074 Y-0.5509
X5.6071 Y-0.5427
X5.6065 Y-0.5346 Z0.4517
X5.6055 Y-0.5264
X5.6041 Y-0.5183
X5.6023 Y-0.5101 Z0.4516
X5.6 Y-0.502 Z0.4517
X5.5973 Y-0.4939
X5.5942 Y-0.4857 Z0.4516
X5.5928 Y-0.4825 Z0.4517
X5.5905 Y-0.4776
X5.5863 Y-0.4694
X5.5817 Y-0.4613
X5.5763 Y-0.4531
X5.5701 Y-0.445 Z0.4518
X5.5684 Y-0.4428 Z0.4517
X5.5631 Y-0.4369
X5.5603 Y-0.4338
X5.5552 Y-0.4287
X5.5521 Y-0.4258
X5.5461 Y-0.4206
X5.544 Y-0.4188
X5.5355 Y-0.4124
X5.5277 Y-0.4072
X5.5196 Y-0.4025
X5.5114 Y-0.3983
X5.5067 Y-0.3961 Z0.4516
X5.5033 Y-0.3947
X5.4951 Y-0.3916
X5.487 Y-0.3889
X5.484 Y-0.388
X5.4789 Y-0.3866
X5.4707 Y-0.3847 Z0.4517
X5.4626 Y-0.3833
X5.4544 Y-0.3823
X5.4463 Y-0.3817 Z0.4518
X5.4382 Y-0.3814
X5.43 Y-0.3816 Z0.4517
X5.4219 Y-0.3823
X5.4137 Y-0.3833 Z0.4516
X5.4056 Y-0.3847
X5.3975 Y-0.3865
X5.3916 Y-0.388
X5.3812 Y-0.3913 Z0.4517
X5.373 Y-0.3945
X5.3692 Y-0.3961 Z0.4516
X5.3649 Y-0.3981
X5.3567 Y-0.4022 Z0.4517
X5.3531 Y-0.4043
X5.3486 Y-0.4069 Z0.4518
X5.3404 Y-0.4124 Z0.4517
X5.3323 Y-0.4185 Z0.4516
X5.3299 Y-0.4206
X5.3242 Y-0.4255
X5.3208 Y-0.4287
X5.316 Y-0.4334
X5.3128 Y-0.4369
X5.3058 Y-0.445
X5.2997 Y-0.4531
X5.2943 Y-0.4613 Z0.4517
X5.2916 Y-0.4655
X5.2894 Y-0.4694 Z0.4518
X5.2851 Y-0.4776 Z0.4517
X5.2816 Y-0.4857
X5.2785 Y-0.4939
X5.2758 Y-0.502 Z0.4516
X5.2736 Y-0.5101 Z0.4517
X5.2718 Y-0.5183
X5.2704 Y-0.5264 Z0.4516
X5.2694 Y-0.5346 Z0.4517
X5.2687 Y-0.5427
X5.2685 Y-0.5509 Z0.4518
X5.2688 Y-0.559 Z0.4517
X5.2693 Y-0.5671
X5.2704 Y-0.5753
X5.2718 Y-0.5834
X5.2735 Y-0.5916
X5.2757 Y-0.5997 Z0.4518
X5.2785 Y-0.6079 Z0.4517
X5.2816 Y-0.616 Z0.4516
X5.2852 Y-0.6241 Z0.4518
X5.2895 Y-0.6323 Z0.4517
X5.2943 Y-0.6404 Z0.4516
X5.2998 Y-0.6489 Z0.4517
X5.3057 Y-0.6567 Z0.4518
X5.3079 Y-0.6594 Z0.4517
X5.3127 Y-0.6649
X5.316 Y-0.6684
X5.3207 Y-0.673
X5.3242 Y-0.6763
X5.3298 Y-0.6811
X5.3323 Y-0.6832
X5.3405 Y-0.6893
X5.3486 Y-0.6947 Z0.4516
X5.3567 Y-0.6995 Z0.4517
X5.3649 Y-0.7036
X5.3691 Y-0.7056
X5.373 Y-0.7073
X5.3812 Y-0.7104 Z0.4516
X5.3918 Y-0.7137
X5.3975 Y-0.7152
X5.4056 Y-0.7171 Z0.4517
X5.4137 Y-0.7184
X5.4219 Y-0.7194 Z0.4516
X5.43 Y-0.7199
X5.4382 Y-0.7202 Z0.4517
X5.4406 Y-0.7201
X5.4444 Y-0.7202 Z0.4518
X5.4463 Y-0.7203 Z0.452
X5.4482 Y-0.7204 Z0.4523
X5.452 Y-0.7209 Z0.453
X5.4556 Y-0.7214 Z0.4539
X5.4629 Y-0.7229 Z0.4562
X5.4701 Y-0.7243 Z0.4588
X5.4771 Y-0.7255 Z0.4614
X5.4807 Y-0.7258 Z0.4626
X5.4843 Y-0.726 Z0.4636
X5.4879 Y-0.7259 Z0.4646
X5.4898 Y-0.7258 Z0.4649
X5.4916 Y-0.7256 Z0.4653
X5.4952 Y-0.725 Z0.4657
X5.497 Y-0.7245 Z0.4659
X5.4987 Y-0.7239
X5.5033 Y-0.7224
X5.5114 Y-0.719
X5.5196 Y-0.7151 Z0.4658
X5.5277 Y-0.7108 Z0.4657
X5.5365 Y-0.7056 Z0.4658
X5.544 Y-0.7006 Z0.4659
X5.5521 Y-0.6945 Z0.4658
X5.5603 Y-0.6876
X5.5671 Y-0.6811 Z0.4659
X5.5684 Y-0.6798 Z0.4658
X5.5748 Y-0.673
X5.5765 Y-0.671 Z0.4659
X5.5817 Y-0.6649 Z0.4658
X5.5878 Y-0.6567 Z0.4659
X5.5933 Y-0.6486 Z0.466
X5.5981 Y-0.6404 Z0.4659
X5.6024 Y-0.6323
X5.6061 Y-0.6241
X5.6091 Y-0.617 Z0.4658
X5.6123 Y-0.6079 Z0.4659
X5.6147 Y-0.5997 Z0.4658
X5.6172 Y-0.5897
X5.6184 Y-0.5834 Z0.4659
X5.6198 Y-0.5753 Z0.4658
X5.6207 Y-0.5671 Z0.4659
X5.6213 Y-0.559 Z0.466
X5.6215 Y-0.5509
X5.6213 Y-0.5427
X5.6207 Y-0.5346 Z0.4658
X5.6198 Y-0.5264 Z0.4659
X5.6185 Y-0.5183
X5.6172 Y-0.512
X5.6168 Y-0.5101
X5.6147 Y-0.502 Z0.4658
X5.6124 Y-0.4939
X5.6091 Y-0.4849 Z0.4659
X5.6061 Y-0.4776 Z0.4658
X5.6023 Y-0.4694
X5.601 Y-0.4668
X5.598 Y-0.4613
X5.5928 Y-0.4524 Z0.4659
X5.5878 Y-0.445
X5.5847 Y-0.4407
X5.5817 Y-0.4369
X5.5765 Y-0.4306
X5.5684 Y-0.4218 Z0.4658
X5.5672 Y-0.4206 Z0.4659
X5.5603 Y-0.414
X5.5585 Y-0.4124
X5.5521 Y-0.4072
X5.5483 Y-0.4043 Z0.4658
X5.544 Y-0.4011 Z0.4659
X5.5358 Y-0.3955
X5.5225 Y-0.388 Z0.4658
X5.5196 Y-0.3865 Z0.4659
X5.5114 Y-0.3828 Z0.4657
X5.5043 Y-0.3799 Z0.4658
X5.4951 Y-0.3766
X5.487 Y-0.3741
X5.4775 Y-0.3717 Z0.4659
X5.4707 Y-0.3703 Z0.4658
X5.4626 Y-0.369 Z0.4659
X5.4544 Y-0.3681
X5.4463 Y-0.3675
X5.4382 Y-0.3673 Z0.466
X5.43 Y-0.3675 Z0.4659
X5.4219 Y-0.368
X5.4137 Y-0.369 Z0.4658
X5.4056 Y-0.3703
X5.3975 Y-0.372
X5.3893 Y-0.374
X5.3812 Y-0.3764 Z0.4659
X5.373 Y-0.3792 Z0.4658
X5.3712 Y-0.3799 Z0.4659
X5.3649 Y-0.3826 Z0.4658
X5.3567 Y-0.3864
X5.3486 Y-0.3905
X5.3405 Y-0.3953 Z0.4659
X5.3391 Y-0.3961
X5.3323 Y-0.4008 Z0.4658
X5.3242 Y-0.4069 Z0.4657
X5.3176 Y-0.4124 Z0.4658
X5.316 Y-0.4138 Z0.4657
X5.3079 Y-0.4215 Z0.4658
X5.3011 Y-0.4287
X5.2942 Y-0.4369 Z0.4657
X5.2881 Y-0.445 Z0.4658
X5.2827 Y-0.4531
X5.2777 Y-0.4613 Z0.4659
X5.2734 Y-0.4694 Z0.466
X5.2697 Y-0.4776 Z0.4659
X5.2672 Y-0.4835 Z0.4658
X5.2664 Y-0.4857
X5.2635 Y-0.4939
X5.2611 Y-0.502 Z0.4659
X5.259 Y-0.5101
X5.2574 Y-0.5183
X5.2561 Y-0.5264 Z0.4658
X5.2552 Y-0.5346 Z0.4659
X5.2546 Y-0.5427
X5.2544 Y-0.5509
X5.2546 Y-0.559
X5.2551 Y-0.5671 Z0.4658
X5.2561 Y-0.5753 Z0.4659
X5.2573 Y-0.5834 Z0.4658
X5.2591 Y-0.5918 Z0.4659
X5.261 Y-0.5997
X5.2634 Y-0.6079
X5.2672 Y-0.618 Z0.4658
X5.2697 Y-0.6241 Z0.4659
X5.2734 Y-0.6323
X5.2753 Y-0.636
X5.2779 Y-0.6404 Z0.4658
X5.2827 Y-0.6486
X5.288 Y-0.6567 Z0.4659
X5.2916 Y-0.6617
X5.2941 Y-0.6649 Z0.466
X5.2998 Y-0.6717 Z0.4659
X5.3079 Y-0.6804 Z0.4658
X5.316 Y-0.688 Z0.4659
X5.3174 Y-0.6893 Z0.4658
X5.3242 Y-0.6948 Z0.4659
X5.3275 Y-0.6974 Z0.4658
X5.3323 Y-0.7009 Z0.4659
X5.3405 Y-0.7063 Z0.4658
X5.3486 Y-0.7111 Z0.4659
X5.3532 Y-0.7137
X5.3567 Y-0.7154
X5.3649 Y-0.7192 Z0.4658
X5.373 Y-0.7224 Z0.4659
X5.3812 Y-0.7253 Z0.4658
X5.3893 Y-0.7277
X5.3984 Y-0.73 Z0.4659
X5.4056 Y-0.7315 Z0.4658
X5.4137 Y-0.7327
X5.4219 Y-0.7336
X5.43 Y-0.7341
X5.4382 Y-0.7343 Z0.4659
X5.4463 Y-0.7341 Z0.4658
X5.4544 Y-0.7336 Z0.4659
X5.4626 Y-0.7327 Z0.4658
X5.4707 Y-0.7314 Z0.4659
X5.4778 Y-0.73
X5.487 Y-0.7277
X5.4951 Y-0.7252
X5.4987 Y-0.7239
X5.5024 Y-0.7228 Z0.4661
X5.5042 Y-0.7223 Z0.4663
X5.5061 Y-0.7219 Z0.4665
X5.5098 Y-0.7212 Z0.4673
X5.5135 Y-0.7206 Z0.4682
X5.5208 Y-0.7197 Z0.4705
X5.5281 Y-0.7189 Z0.4731
X5.5352 Y-0.7179 Z0.4756
X5.5387 Y-0.7171 Z0.4768
X5.5422 Y-0.7162 Z0.4778
X5.5457 Y-0.7151 Z0.4786
X5.5473 Y-0.7144 Z0.479
X5.549 Y-0.7137 Z0.4793
X5.5523 Y-0.712 Z0.4797
X5.5539 Y-0.711 Z0.4798
X5.5554 Y-0.71
X5.5603 Y-0.7063
X5.5684 Y-0.6995
X5.5708 Y-0.6974
X5.5765 Y-0.6919
X5.5791 Y-0.6893
X5.5847 Y-0.6834
X5.5867 Y-0.6811
X5.5928 Y-0.6739
X5.5997 Y-0.6649 Z0.4799
X5.601 Y-0.6631 Z0.4798
X5.6052 Y-0.6567 Z0.48
X5.6091 Y-0.6502 Z0.4798
X5.61 Y-0.6486
X5.6143 Y-0.6404
X5.6172 Y-0.6344
X5.6182 Y-0.6323
X5.6217 Y-0.6241
X5.6247 Y-0.616
X5.6273 Y-0.6079 Z0.4797
X5.6296 Y-0.5997 Z0.4798
X5.6315 Y-0.5916
X5.6335 Y-0.5806
X5.6342 Y-0.5753
X5.6352 Y-0.5671 Z0.4799
X5.6357 Y-0.559
X5.6359 Y-0.5509
X5.6357 Y-0.5427
X5.6351 Y-0.5346 Z0.4798
X5.6342 Y-0.5264 Z0.4799
X5.6331 Y-0.5183 Z0.4798
X5.6315 Y-0.5101 Z0.4799
X5.6296 Y-0.502 Z0.4798
X5.6273 Y-0.4939
X5.6254 Y-0.4875
X5.6248 Y-0.4857
X5.6216 Y-0.4776
X5.6182 Y-0.4694
X5.6172 Y-0.4674
X5.6143 Y-0.4613 Z0.4797
X5.6091 Y-0.4518 Z0.4798
X5.6051 Y-0.445
X5.5996 Y-0.4369
X5.5936 Y-0.4287 Z0.4799
X5.5868 Y-0.4206 Z0.4798
X5.5793 Y-0.4124
X5.5765 Y-0.4096
X5.5708 Y-0.4043 Z0.4799
X5.5684 Y-0.4021 Z0.4798
X5.5603 Y-0.3954
X5.5521 Y-0.3893
X5.5503 Y-0.388 Z0.4799
X5.544 Y-0.3837 Z0.4798
X5.5358 Y-0.379
X5.5277 Y-0.3745
X5.5196 Y-0.3707 Z0.4797
X5.5114 Y-0.3672 Z0.4798
X5.5033 Y-0.3642 Z0.4797
X5.4951 Y-0.3616 Z0.4798
X5.487 Y-0.3592 Z0.4797
X5.4789 Y-0.3573 Z0.4798
X5.4707 Y-0.3557
X5.4626 Y-0.3546
X5.4544 Y-0.3537
X5.4463 Y-0.3531 Z0.4799
X5.4382 Y-0.3529
X5.43 Y-0.3531 Z0.4798
X5.4219 Y-0.3536 Z0.4799
X5.4137 Y-0.3545 Z0.4798
X5.4056 Y-0.3558
X5.3975 Y-0.3572 Z0.4797
X5.3893 Y-0.3592 Z0.4798
X5.3812 Y-0.3614 Z0.4797
X5.373 Y-0.364 Z0.4798
X5.3649 Y-0.367
X5.3541 Y-0.3717 Z0.4797
X5.3486 Y-0.3744 Z0.4798
X5.3405 Y-0.3786
X5.3323 Y-0.3835 Z0.4799
X5.3256 Y-0.388 Z0.4798
X5.316 Y-0.3951 Z0.4797
X5.3079 Y-0.4018 Z0.4798
X5.3052 Y-0.4043 Z0.4797
X5.2967 Y-0.4124 Z0.4798
X5.2916 Y-0.4177
X5.2835 Y-0.4273 Z0.4797
X5.2824 Y-0.4287
X5.2753 Y-0.4382
X5.2709 Y-0.445 Z0.4798
X5.2672 Y-0.4508
X5.2658 Y-0.4531
X5.2614 Y-0.4613 Z0.4799
X5.2591 Y-0.466
X5.2575 Y-0.4694
X5.2542 Y-0.4776 Z0.4798
X5.2509 Y-0.4863
X5.2484 Y-0.4939 Z0.4797
X5.2462 Y-0.502 Z0.4799
X5.2443 Y-0.5101 Z0.4798
X5.2428 Y-0.5185
X5.2416 Y-0.5264
X5.2408 Y-0.5346
X5.2402 Y-0.5427 Z0.4799
X5.24 Y-0.5509 Z0.4798
X5.2402 Y-0.559
X5.2407 Y-0.5671
X5.2416 Y-0.5753
X5.2428 Y-0.5837
X5.2443 Y-0.5916
X5.2462 Y-0.5997
X5.2484 Y-0.6079 Z0.4799
X5.251 Y-0.616
X5.2542 Y-0.6241 Z0.4798
X5.2576 Y-0.6323 Z0.4799
X5.2591 Y-0.6356
X5.2614 Y-0.6404 Z0.4798
X5.2672 Y-0.6506 Z0.4797
X5.2709 Y-0.6567
X5.2753 Y-0.6636 Z0.4798
X5.2762 Y-0.6649
X5.2822 Y-0.673 Z0.4799
X5.289 Y-0.6811 Z0.4798
X5.2916 Y-0.684 Z0.4799
X5.2966 Y-0.6893 Z0.4798
X5.2998 Y-0.6924
X5.3051 Y-0.6974
X5.3079 Y-0.7
X5.316 Y-0.7067
X5.3242 Y-0.7127
X5.3256 Y-0.7137
X5.3323 Y-0.7181 Z0.4797
X5.3405 Y-0.723 Z0.4798
X5.3486 Y-0.7275 Z0.4799
X5.3567 Y-0.7313 Z0.4798
X5.3658 Y-0.735
X5.3742 Y-0.7381
X5.3812 Y-0.7403
X5.3893 Y-0.7426 Z0.4797
X5.3975 Y-0.7445 Z0.4798
X5.4056 Y-0.746
X5.4137 Y-0.7471 Z0.4797
X5.4219 Y-0.748 Z0.4798
X5.43 Y-0.7484 Z0.4797
X5.4382 Y-0.7487 Z0.4798
X5.4463 Y-0.7485
X5.4544 Y-0.748
X5.4626 Y-0.7472
X5.4707 Y-0.7459
X5.4789 Y-0.7445
X5.487 Y-0.7425 Z0.4799
X5.4951 Y-0.7403 Z0.4798
X5.5038 Y-0.7374 Z0.4799
X5.5114 Y-0.7346
X5.5196 Y-0.7311 Z0.4798
X5.5219 Y-0.73
X5.5277 Y-0.727
X5.5358 Y-0.7227 Z0.4797
X5.544 Y-0.7178 Z0.4798
X5.5502 Y-0.7137
X5.5554 Y-0.71
X5.5599 Y-0.7067 Z0.4799
X5.5646 Y-0.7037 Z0.4804
X5.5693 Y-0.7007 Z0.481
X5.574 Y-0.6978 Z0.4818
X5.5835 Y-0.6922 Z0.4839
X5.5882 Y-0.6894 Z0.485
X5.5929 Y-0.6865 Z0.4862
X5.5973 Y-0.6835 Z0.4872
X5.6017 Y-0.6804 Z0.4882
X5.606 Y-0.6771 Z0.4891
X5.6101 Y-0.6736 Z0.4899
X5.614 Y-0.6699 Z0.4905
X5.6176 Y-0.6659 Z0.491
X5.621 Y-0.6617 Z0.4913
X5.6225 Y-0.6595 Z0.4914
X5.6239 Y-0.6572
X5.6254 Y-0.6545
X5.6285 Y-0.6486
X5.6325 Y-0.6404
X5.636 Y-0.6323
X5.6392 Y-0.6241
X5.6419 Y-0.616 Z0.4913
X5.6443 Y-0.6079 Z0.4914
X5.6465 Y-0.5997
X5.6482 Y-0.5916
X5.6498 Y-0.5823 Z0.4913
X5.6507 Y-0.5753 Z0.4914
X5.6516 Y-0.5671
X5.652 Y-0.559
X5.6522 Y-0.5509
X5.6521 Y-0.5427
X5.6515 Y-0.5346
X5.6507 Y-0.5264
X5.6496 Y-0.5183 Z0.4913
X5.6483 Y-0.5101 Z0.4914
X5.6465 Y-0.502
X5.6443 Y-0.4939
X5.6417 Y-0.4847
X5.6392 Y-0.4776
X5.636 Y-0.4694 Z0.4913
X5.6324 Y-0.4613 Z0.4914
X5.6285 Y-0.4531 Z0.4913
X5.624 Y-0.445 Z0.4914
X5.6193 Y-0.4369
X5.6172 Y-0.4337
X5.6139 Y-0.4287
X5.6091 Y-0.422
X5.6014 Y-0.4124 Z0.4913
X5.5928 Y-0.4029 Z0.4914
X5.5861 Y-0.3961
X5.5847 Y-0.3948
X5.5765 Y-0.3875
X5.5684 Y-0.381
X5.5669 Y-0.3799 Z0.4913
X5.5556 Y-0.3717 Z0.4914
X5.5521 Y-0.3695
X5.5417 Y-0.3636 Z0.4913
X5.5358 Y-0.3603 Z0.4914
X5.5253 Y-0.3554 Z0.4913
X5.5196 Y-0.3529
X5.5114 Y-0.3497
X5.5033 Y-0.347
X5.4951 Y-0.3445
X5.487 Y-0.3424
X5.4789 Y-0.3405 Z0.4914
X5.4702 Y-0.3391
X5.4626 Y-0.3381
X5.4544 Y-0.3373
X5.4463 Y-0.3368
X5.4382 Y-0.3366
X5.43 Y-0.3368
X5.4219 Y-0.3372
X5.4137 Y-0.338
X5.4056 Y-0.3392 Z0.4913
X5.3975 Y-0.3406
X5.3893 Y-0.3423
X5.3812 Y-0.3444
X5.3714 Y-0.3473 Z0.4914
X5.3649 Y-0.3495
X5.3567 Y-0.3526
X5.3486 Y-0.3563 Z0.4913
X5.3405 Y-0.3602 Z0.4914
X5.3339 Y-0.3636 Z0.4913
X5.3242 Y-0.3693 Z0.4914
X5.3203 Y-0.3717
X5.316 Y-0.3747
X5.3079 Y-0.3808 Z0.4913
X5.2998 Y-0.3872 Z0.4914
X5.2916 Y-0.3947 Z0.4912
X5.2816 Y-0.4043 Z0.4914
X5.2747 Y-0.4124 Z0.4913
X5.2672 Y-0.4216
X5.262 Y-0.4287
X5.2567 Y-0.4369
X5.2509 Y-0.4462 Z0.4914
X5.2472 Y-0.4531
X5.2432 Y-0.4613
X5.2398 Y-0.4694
X5.2367 Y-0.4776
X5.2346 Y-0.4834
X5.2339 Y-0.4857 Z0.4913
X5.2314 Y-0.4939 Z0.4914
X5.2293 Y-0.502
X5.2276 Y-0.5101
X5.2263 Y-0.5183 Z0.4913
X5.2252 Y-0.5264 Z0.4914
X5.2244 Y-0.5346 Z0.4913
X5.2238 Y-0.5427 Z0.4914
X5.2237 Y-0.5509
X5.2239 Y-0.559
X5.2243 Y-0.5671
X5.2252 Y-0.5753
X5.2262 Y-0.5834
X5.2265 Y-0.5854 Z0.4913
X5.2277 Y-0.5916 Z0.4914
X5.2294 Y-0.5997
X5.2314 Y-0.6079
X5.2346 Y-0.6189
X5.2366 Y-0.6241
X5.2399 Y-0.6323 Z0.4913
X5.2432 Y-0.6404 Z0.4914
X5.2472 Y-0.6486
X5.2519 Y-0.6567 Z0.4913
X5.2567 Y-0.6649
X5.2591 Y-0.6686 Z0.4914
X5.2619 Y-0.673
X5.2672 Y-0.6804 Z0.4915
X5.2744 Y-0.6893 Z0.4914
X5.2817 Y-0.6974
X5.2835 Y-0.6993
X5.2916 Y-0.7073
X5.2998 Y-0.7146
X5.309 Y-0.7218 Z0.4913
X5.316 Y-0.727 Z0.4914
X5.3205 Y-0.73
X5.3242 Y-0.7323 Z0.4913
X5.3339 Y-0.7381 Z0.4914
X5.3405 Y-0.7417
X5.3503 Y-0.7463
X5.3567 Y-0.7491
X5.3649 Y-0.7522
X5.3714 Y-0.7544 Z0.4913
X5.3812 Y-0.7573
X5.3893 Y-0.7594
X5.3975 Y-0.7613 Z0.4914
X5.4057 Y-0.7626
X5.4137 Y-0.7636 Z0.4913
X5.4219 Y-0.7644
X5.43 Y-0.7648
X5.4382 Y-0.765 Z0.4914
X5.4463 Y-0.7648 Z0.4913
X5.4544 Y-0.7643 Z0.4914
X5.4626 Y-0.7636
X5.4707 Y-0.7625
X5.4789 Y-0.7612
X5.487 Y-0.7594
X5.4951 Y-0.7573
X5.5046 Y-0.7544
X5.5114 Y-0.7521
X5.5196 Y-0.7489
X5.5277 Y-0.7453 Z0.4913
X5.5358 Y-0.7412
X5.5416 Y-0.7381 Z0.4912
X5.544 Y-0.7368 Z0.4913
X5.5521 Y-0.732 Z0.4914
X5.5552 Y-0.73 Z0.4913
X5.5603 Y-0.7266 Z0.4914
X5.567 Y-0.7218
X5.5684 Y-0.7207
X5.577 Y-0.7137
X5.5847 Y-0.7069
X5.586 Y-0.7056
X5.594 Y-0.6974 Z0.4913
X5.6013 Y-0.6893 Z0.4914
X5.6091 Y-0.6796
X5.614 Y-0.673
X5.6172 Y-0.6682
X5.6194 Y-0.6649 Z0.4915
X5.6239 Y-0.6572 Z0.4914
X5.626 Y-0.654 Z0.4916
X5.6283 Y-0.651 Z0.4919
X5.6335 Y-0.6454 Z0.493
X5.6362 Y-0.6428 Z0.4937
X5.6447 Y-0.6352 Z0.496
X5.6501 Y-0.6301 Z0.4974
X5.6551 Y-0.6246 Z0.4985
X5.6573 Y-0.6216 Z0.4989
X5.6593 Y-0.6185 Z0.4992
X5.6601 Y-0.6169 Z0.4994
X5.6609 Y-0.6152 Z0.4995
X5.6616 Y-0.6135
X5.6622 Y-0.6118 Z0.4996
X5.6634 Y-0.6079
X5.6651 Y-0.5997 Z0.4995
X5.6668 Y-0.5916 Z0.4996
X5.6681 Y-0.5834 Z0.4995
X5.6691 Y-0.5753 Z0.4996
X5.67 Y-0.5671
X5.6705 Y-0.5509
X5.6704 Y-0.5427
X5.6698 Y-0.5346
X5.6692 Y-0.5264
X5.668 Y-0.5183
X5.6668 Y-0.5101 Z0.4995
X5.6661 Y-0.5059 Z0.4996
X5.6633 Y-0.4939 Z0.4995
X5.661 Y-0.4857 Z0.4996
X5.6586 Y-0.4776 Z0.4995
X5.6579 Y-0.4756 Z0.4996
X5.6557 Y-0.4694
X5.6523 Y-0.4613 Z0.4995
X5.6488 Y-0.4531 Z0.4996
X5.6448 Y-0.445 Z0.4995
X5.6404 Y-0.4369 Z0.4996
X5.6357 Y-0.4287 Z0.4995
X5.6335 Y-0.4252 Z0.4996
X5.6254 Y-0.4132
X5.6185 Y-0.4043
X5.6091 Y-0.3936
X5.6038 Y-0.388 Z0.4995
X5.601 Y-0.3851 Z0.4996
X5.5955 Y-0.3799
X5.5928 Y-0.3775
X5.5847 Y-0.3704
X5.5756 Y-0.3636 Z0.4995
X5.5641 Y-0.3554 Z0.4996
X5.5603 Y-0.3532
X5.5499 Y-0.3473 Z0.4995
X5.544 Y-0.344 Z0.4996
X5.5336 Y-0.3391 Z0.4995
X5.5277 Y-0.3365
X5.5196 Y-0.3332 Z0.4996
X5.5114 Y-0.3305 Z0.4995
X5.5033 Y-0.3279
X5.4951 Y-0.3256
X5.4837 Y-0.3229 Z0.4996
X5.4789 Y-0.322 Z0.4995
X5.4707 Y-0.3208 Z0.4996
X5.4626 Y-0.3196
X5.4544 Y-0.319
X5.4463 Y-0.3185
X5.4382 Y-0.3183
X5.43 Y-0.3185
X5.4219 Y-0.3189
X5.4137 Y-0.3196
X5.4056 Y-0.3207 Z0.4995
X5.3929 Y-0.3229
X5.3812 Y-0.3255 Z0.4996
X5.373 Y-0.3277 Z0.4995
X5.3624 Y-0.331 Z0.4996
X5.3567 Y-0.333 Z0.4995
X5.3486 Y-0.3362 Z0.4996
X5.3405 Y-0.34 Z0.4995
X5.3323 Y-0.3439
X5.3257 Y-0.3473
X5.316 Y-0.3529 Z0.4996
X5.3118 Y-0.3554
X5.3079 Y-0.3581
X5.2998 Y-0.3641 Z0.4995
X5.2897 Y-0.3717 Z0.4996
X5.2835 Y-0.3773 Z0.4995
X5.2808 Y-0.3799
X5.2721 Y-0.388
X5.2672 Y-0.3929 Z0.4996
X5.2578 Y-0.4043 Z0.4995
X5.2509 Y-0.4127 Z0.4996
X5.2455 Y-0.4206 Z0.4995
X5.2402 Y-0.4287
X5.2352 Y-0.4369 Z0.4996
X5.2308 Y-0.445
X5.2265 Y-0.4539
X5.2234 Y-0.4613
X5.2202 Y-0.4694 Z0.4995
X5.2184 Y-0.4746 Z0.4996
X5.2174 Y-0.4776
X5.2148 Y-0.4857 Z0.4995
X5.2125 Y-0.4939 Z0.4996
X5.2102 Y-0.5035
X5.2091 Y-0.5101
X5.2079 Y-0.5183 Z0.4995
X5.2067 Y-0.5264 Z0.4996
X5.2061 Y-0.5346 Z0.4995
X5.2056 Y-0.5427 Z0.4996
X5.2054 Y-0.5509
X5.2056 Y-0.559
X5.2059 Y-0.5671
X5.2068 Y-0.5753 Z0.4995
X5.2077 Y-0.5834 Z0.4996
X5.209 Y-0.5916
X5.2107 Y-0.5997
X5.2125 Y-0.6079
X5.2147 Y-0.616
X5.2171 Y-0.6241
X5.2184 Y-0.6276
X5.2235 Y-0.6404 Z0.4995
X5.2269 Y-0.6486 Z0.4996
X5.2308 Y-0.6567
X5.2346 Y-0.6635
X5.2404 Y-0.673 Z0.4995
X5.2428 Y-0.677
X5.2454 Y-0.6811 Z0.4996
X5.2509 Y-0.6893
X5.2574 Y-0.6974
X5.2591 Y-0.6995
X5.2672 Y-0.7087
X5.2721 Y-0.7137 Z0.4995
X5.2805 Y-0.7218 Z0.4996
X5.2835 Y-0.7246 Z0.4995
X5.2897 Y-0.73 Z0.4996
X5.3002 Y-0.7381 Z0.4995
X5.3079 Y-0.7435 Z0.4996
X5.3121 Y-0.7463 Z0.4995
X5.3242 Y-0.7536 Z0.4996
X5.3256 Y-0.7544
X5.3323 Y-0.758
X5.342 Y-0.7626
X5.3486 Y-0.7655
X5.3567 Y-0.7686
X5.3625 Y-0.7707 Z0.4995
X5.3649 Y-0.7715
X5.373 Y-0.774 Z0.4996
X5.3812 Y-0.7762 Z0.4995
X5.3923 Y-0.7788 Z0.4996
X5.3975 Y-0.7798
X5.4056 Y-0.781 Z0.4995
X5.4137 Y-0.7819
X5.4219 Y-0.7827 Z0.4996
X5.43 Y-0.783 Z0.4995
X5.4382 Y-0.7833 Z0.4996
X5.4463 Y-0.7831 Z0.4995
X5.4544 Y-0.7826
X5.4626 Y-0.782 Z0.4996
X5.4707 Y-0.7809 Z0.4995
X5.4789 Y-0.7797 Z0.4996
X5.4839 Y-0.7788
X5.4951 Y-0.7762
X5.5033 Y-0.774
X5.5134 Y-0.7707
X5.5196 Y-0.7686
X5.5277 Y-0.7653
X5.5358 Y-0.7617 Z0.4995
X5.544 Y-0.7575
X5.5521 Y-0.7531
X5.5603 Y-0.7484 Z0.4996
X5.5684 Y-0.7432 Z0.4995
X5.5757 Y-0.7381 Z0.4996
X5.5847 Y-0.7311
X5.5955 Y-0.7218
X5.601 Y-0.7165
X5.6091 Y-0.708 Z0.4995
X5.6113 Y-0.7056 Z0.4996
X5.6172 Y-0.6988
X5.6254 Y-0.6884
X5.6305 Y-0.6811
X5.6335 Y-0.6767
X5.6358 Y-0.673
X5.6406 Y-0.6649
X5.6448 Y-0.6567
X5.6488 Y-0.6486
X5.6524 Y-0.6404
X5.6557 Y-0.6323
X5.6579 Y-0.626
X5.6609 Y-0.616 Z0.4995
X5.6622 Y-0.6118 Z0.4996
X5.6632 Y-0.6083 Z0.4999
X5.6643 Y-0.6049 Z0.5008
X5.6652 Y-0.6017 Z0.5022
X5.6661 Y-0.5987 Z0.5041
X5.6669 Y-0.596 Z0.5065
X5.6676 Y-0.5938 Z0.5093
X5.6681 Y-0.592 Z0.5124
X5.6685 Y-0.5906 Z0.5158
X5.6687 Y-0.5898 Z0.5194
X5.6688 Y-0.5896 Z0.523
X5.6685 Y-0.5895 Z0.5284
X5.6677 Y-0.5892 Z0.5338
X5.6662 Y-0.5888 Z0.539
X5.6642 Y-0.5883 Z0.544
X5.6617 Y-0.5875 Z0.5487
X5.6587 Y-0.5867 Z0.5532
X5.6552 Y-0.5857 Z0.5572
X5.6513 Y-0.5846 Z0.5608
X5.647 Y-0.5834 Z0.5639
X5.6425 Y-0.5821 Z0.5666
X5.6376 Y-0.5808 Z0.5686
X5.6326 Y-0.5794 Z0.5701
X5.6275 Y-0.5779 Z0.5711
X5.6223 Y-0.5764 Z0.5714
X5.6171 Y-0.575 Z0.5711
X5.6119 Y-0.5735 Z0.5701
X5.6069 Y-0.5721 Z0.5686
X5.6021 Y-0.5707 Z0.5666
X5.5975 Y-0.5695 Z0.5639
X5.5933 Y-0.5683 Z0.5608
X5.5894 Y-0.5672 Z0.5572
X5.5859 Y-0.5662 Z0.5532
X5.5829 Y-0.5653 Z0.5487
X5.5803 Y-0.5646 Z0.544
X5.5783 Y-0.5641 Z0.539
X5.5769 Y-0.5637 Z0.5338
X5.576 Y-0.5634 Z0.5284
X5.5757 Y-0.5633 Z0.523
Z0.442
X5.5756 Y-0.5636 Z0.4384
X5.5754 Y-0.5644 Z0.4348
X5.5751 Y-0.5658 Z0.4314
X5.5746 Y-0.5676 Z0.4283
X5.5739 Y-0.5699 Z0.4255
X5.5732 Y-0.5726 Z0.4231
X5.5724 Y-0.5756 Z0.4212
X5.5715 Y-0.5788 Z0.4198
X5.5705 Y-0.5822 Z0.4189
X5.5696 Y-0.5858 Z0.4186
X5.5679 Y-0.5916 Z0.4185
X5.5651 Y-0.5997 Z0.4186
X5.5616 Y-0.6079
X5.5603 Y-0.6108
X5.5576 Y-0.616
X5.5529 Y-0.6241 Z0.4187
X5.5521 Y-0.6254
X5.5474 Y-0.6323 Z0.4188
X5.544 Y-0.6366 Z0.4187
X5.5407 Y-0.6404
X5.5358 Y-0.6457 Z0.4186
X5.5329 Y-0.6486
X5.5277 Y-0.6534 Z0.4187
X5.5238 Y-0.6567
X5.5196 Y-0.6602 Z0.4188
X5.5129 Y-0.6649
X5.5114 Y-0.6658
X5.5033 Y-0.6705 Z0.4187
X5.4951 Y-0.6746 Z0.4186
X5.487 Y-0.678
X5.4777 Y-0.6811 Z0.4185
X5.4707 Y-0.683 Z0.4186
X5.4626 Y-0.6848
X5.4544 Y-0.6862
X5.4463 Y-0.687 Z0.4187
X5.4382 Y-0.6874 Z0.4189
X5.43 Y-0.6871 Z0.4188
X5.4219 Y-0.6863 Z0.4187
X5.4137 Y-0.685 Z0.4186
X5.4056 Y-0.6832
X5.3975 Y-0.6809
X5.3893 Y-0.6781
X5.3812 Y-0.6746
X5.3777 Y-0.673
X5.373 Y-0.6707
X5.3649 Y-0.666 Z0.4187
X5.3567 Y-0.6606 Z0.4188
X5.3486 Y-0.6539 Z0.4187
X5.3429 Y-0.6486
X5.3405 Y-0.6462 Z0.4186
X5.3351 Y-0.6404 Z0.4187
X5.3323 Y-0.6372
X5.3284 Y-0.6323 Z0.4188
X5.3229 Y-0.6241 Z0.4187
X5.3182 Y-0.616
X5.316 Y-0.6119 Z0.4186
X5.3141 Y-0.6079 Z0.4187
X5.3107 Y-0.5997
X5.3078 Y-0.5916 Z0.4186
X5.3055 Y-0.5834
X5.3038 Y-0.5753 Z0.4187
X5.3026 Y-0.5671
X5.3018 Y-0.559
X5.3014 Y-0.5509 Z0.4188
X5.3018 Y-0.5427 Z0.4187
X5.3026 Y-0.5346
X5.3038 Y-0.5264 Z0.4186
X5.3056 Y-0.5183
X5.3079 Y-0.5101
X5.3107 Y-0.502
X5.3141 Y-0.4939
X5.316 Y-0.4898 Z0.4187
X5.3181 Y-0.4857
X5.3228 Y-0.4776 Z0.4188
X5.3242 Y-0.4755
X5.3283 Y-0.4694 Z0.4189
X5.3323 Y-0.4644 Z0.4188
X5.3351 Y-0.4613
X5.3405 Y-0.4555 Z0.4187
X5.3429 Y-0.4531
X5.3486 Y-0.4478
X5.3519 Y-0.445
X5.3567 Y-0.4411 Z0.4188
X5.3629 Y-0.4369
X5.3649 Y-0.4356
X5.373 Y-0.4309 Z0.4187
X5.3774 Y-0.4287
X5.3812 Y-0.4269 Z0.4186
X5.3893 Y-0.4235
X5.3979 Y-0.4206 Z0.4187
X5.4056 Y-0.4184
X5.4137 Y-0.4167
X5.4219 Y-0.4155
X5.43 Y-0.4147
X5.4382 Y-0.4143 Z0.4189
X5.4463 Y-0.4147 Z0.4187
X5.4544 Y-0.4156 Z0.4186
X5.4626 Y-0.4168
X5.4707 Y-0.4186
X5.4789 Y-0.4209
X5.487 Y-0.4237 Z0.4187
X5.4951 Y-0.4271
X5.4985 Y-0.4287
X5.5033 Y-0.4311
X5.5114 Y-0.4359 Z0.4188
X5.5196 Y-0.4416 Z0.4187
X5.5238 Y-0.445 Z0.4186
X5.5277 Y-0.4483
X5.5329 Y-0.4531
X5.5358 Y-0.456 Z0.4187
X5.5407 Y-0.4613
X5.544 Y-0.4651 Z0.4188
X5.5475 Y-0.4694
X5.553 Y-0.4776 Z0.4187
X5.5576 Y-0.4857
X5.5603 Y-0.4909 Z0.4186
X5.5617 Y-0.4939
X5.5651 Y-0.502
X5.5679 Y-0.5101
X5.5702 Y-0.5183
X5.572 Y-0.5264
X5.5733 Y-0.5346 Z0.4187
X5.574 Y-0.5427 Z0.4188
X5.5744 Y-0.5509
X5.5741 Y-0.559
X5.5733 Y-0.5671 Z0.4187
X5.572 Y-0.5753
X5.5702 Y-0.5834 Z0.4186
X5.5696 Y-0.5858
X5.5684 Y-0.5893 Z0.4184
X5.5677 Y-0.5909 Z0.4182
X5.5669 Y-0.5926 Z0.4179
X5.565 Y-0.5957 Z0.4172
X5.563 Y-0.5987 Z0.4163
X5.5583 Y-0.6042 Z0.4141
X5.5558 Y-0.6067 Z0.4129
X5.5532 Y-0.6092 Z0.4116
X5.5476 Y-0.614 Z0.4091
X5.542 Y-0.6189 Z0.4069
X5.5364 Y-0.624 Z0.4053
X5.5337 Y-0.6268 Z0.4048
X5.5312 Y-0.6297 Z0.4046
X5.529 Y-0.6323 Z0.4045
X5.5277 Y-0.6337
X5.521 Y-0.6404
X5.5196 Y-0.6417
X5.5114 Y-0.6486 Z0.4046
X5.5033 Y-0.6543 Z0.4047
X5.4991 Y-0.6567 Z0.4046
X5.4951 Y-0.6588
X5.487 Y-0.6627 Z0.4045
X5.4817 Y-0.6649 Z0.4044
X5.4789 Y-0.6659
X5.4707 Y-0.6685 Z0.4045
X5.4626 Y-0.6705
X5.4544 Y-0.6719
X5.4463 Y-0.6728 Z0.4046
X5.4382 Y-0.6732 Z0.4048
X5.4316 Y-0.673 Z0.4046
X5.43 Y-0.6729 Z0.4047
X5.4219 Y-0.672 Z0.4045
X5.4137 Y-0.6706
X5.4056 Y-0.6686 Z0.4044
X5.3975 Y-0.6661
X5.3943 Y-0.6649
X5.3893 Y-0.6628
X5.3812 Y-0.659
X5.377 Y-0.6567 Z0.4045
X5.373 Y-0.6544 Z0.4046
X5.3643 Y-0.6486 Z0.4047
X5.3567 Y-0.6423 Z0.4046
X5.3548 Y-0.6404
X5.3486 Y-0.6343 Z0.4045
X5.3467 Y-0.6323 Z0.4046
X5.3405 Y-0.6248 Z0.4047
X5.3399 Y-0.6241
X5.3345 Y-0.616 Z0.4046
X5.3323 Y-0.6124 Z0.4045
X5.3298 Y-0.6079
X5.3259 Y-0.5997
X5.3242 Y-0.5955
X5.3227 Y-0.5916
X5.3201 Y-0.5834
X5.3182 Y-0.5753 Z0.4046
X5.3168 Y-0.5671
X5.316 Y-0.5606
X5.3156 Y-0.5509 Z0.4047
X5.3159 Y-0.5427 Z0.4046
X5.316 Y-0.5412
X5.3168 Y-0.5346 Z0.4045
X5.3182 Y-0.5264
X5.3202 Y-0.5183
X5.3228 Y-0.5101
X5.3242 Y-0.5063
X5.3259 Y-0.502
X5.3298 Y-0.4939 Z0.4046
X5.3323 Y-0.4892
X5.3344 Y-0.4857 Z0.4047
X5.3399 Y-0.4776
X5.3405 Y-0.4768
X5.3467 Y-0.4694 Z0.4046
X5.3486 Y-0.4674 Z0.4045
X5.3548 Y-0.4613 Z0.4046
X5.3567 Y-0.4594 Z0.4045
X5.3642 Y-0.4531 Z0.4047
X5.373 Y-0.4472
X5.3768 Y-0.445 Z0.4046
X5.3812 Y-0.4426
X5.3893 Y-0.4387 Z0.4045
X5.3939 Y-0.4369
X5.3975 Y-0.4356 Z0.4046
X5.4056 Y-0.433 Z0.4045
X5.4137 Y-0.4311
X5.4219 Y-0.4297
X5.43 Y-0.4288 Z0.4046
X5.4319 Y-0.4287
X5.4382 Y-0.4285 Z0.4047
X5.4436 Y-0.4287 Z0.4046
X5.4463 Y-0.4289
X5.4544 Y-0.4299 Z0.4045
X5.4626 Y-0.4312
X5.4707 Y-0.4332
X5.4789 Y-0.4357
X5.487 Y-0.4389
X5.4951 Y-0.4428 Z0.4046
X5.4991 Y-0.445
X5.5033 Y-0.4474 Z0.4047
X5.5114 Y-0.4531 Z0.4046
X5.5196 Y-0.46 Z0.4045
X5.521 Y-0.4613
X5.5277 Y-0.468 Z0.4046
X5.529 Y-0.4694
X5.5359 Y-0.4776 Z0.4047
X5.5414 Y-0.4857 Z0.4046
X5.546 Y-0.4939 Z0.4045
X5.5499 Y-0.502
X5.5521 Y-0.5076
X5.5531 Y-0.5101
X5.5556 Y-0.5183
X5.5576 Y-0.5264
X5.559 Y-0.5346
X5.5599 Y-0.5427 Z0.4046
X5.5603 Y-0.5509 Z0.4047
X5.56 Y-0.559 Z0.4046
X5.5591 Y-0.5671 Z0.4045
X5.5576 Y-0.5753
X5.5556 Y-0.5834
X5.553 Y-0.5916
X5.5521 Y-0.5941 Z0.4044
X5.5498 Y-0.5997 Z0.4045
X5.546 Y-0.6079
X5.544 Y-0.6115
X5.5414 Y-0.616 Z0.4046
X5.5358 Y-0.6241 Z0.4047
X5.5312 Y-0.6297 Z0.4046
X5.5287 Y-0.6324 Z0.4044
X5.5273 Y-0.6336 Z0.4042
X5.5259 Y-0.6347 Z0.4039
X5.5229 Y-0.6368 Z0.4032
X5.5198 Y-0.6386 Z0.4023
X5.5132 Y-0.6415 Z0.4003
X5.5098 Y-0.6427 Z0.399
X5.5064 Y-0.6437 Z0.3977
X5.4992 Y-0.6455 Z0.3951
X5.4919 Y-0.6472 Z0.3928
X5.4845 Y-0.6491 Z0.3911
X5.4808 Y-0.6502 Z0.3905
X5.4771 Y-0.6514 Z0.3903
X5.4707 Y-0.6538 Z0.3904
X5.4626 Y-0.6559 Z0.3903
X5.4594 Y-0.6567
X5.4544 Y-0.6576 Z0.3904
X5.4463 Y-0.6587 Z0.3905
X5.4382 Y-0.6591 Z0.3906
X5.43 Y-0.6587 Z0.3905
X5.4219 Y-0.6577 Z0.3904
X5.4164 Y-0.6567
X5.4137 Y-0.6561
X5.4056 Y-0.6539
X5.3975 Y-0.6509 Z0.3903
X5.392 Y-0.6486
X5.3893 Y-0.6473
X5.3812 Y-0.6428 Z0.3904
X5.3774 Y-0.6404
X5.373 Y-0.6375 Z0.3906
X5.3668 Y-0.6323 Z0.3904
X5.3649 Y-0.6305
X5.3585 Y-0.6241
X5.3567 Y-0.6223
X5.3515 Y-0.616 Z0.3906
X5.3486 Y-0.6118 Z0.3904
X5.3461 Y-0.6079 Z0.3905
X5.3415 Y-0.5997 Z0.3904
X5.3405 Y-0.5976 Z0.3905
X5.3378 Y-0.5916 Z0.3904
X5.3348 Y-0.5834 Z0.3905
X5.3327 Y-0.5753 Z0.3904
X5.3311 Y-0.5671
X5.3301 Y-0.559
X5.3297 Y-0.5509 Z0.3905
X5.3301 Y-0.5427 Z0.3904
X5.3311 Y-0.5346
X5.3323 Y-0.5279
X5.3349 Y-0.5183
X5.3378 Y-0.5101 Z0.3903
X5.3405 Y-0.5041 Z0.3904
X5.3415 Y-0.502
X5.346 Y-0.4939 Z0.3905
X5.3486 Y-0.4898
X5.3514 Y-0.4857 Z0.3906
X5.3567 Y-0.4794 Z0.3905
X5.3584 Y-0.4776 Z0.3904
X5.3649 Y-0.4712
X5.3668 Y-0.4694
X5.373 Y-0.4642 Z0.3906
X5.3773 Y-0.4613 Z0.3905
X5.3812 Y-0.4588
X5.3893 Y-0.4543 Z0.3904
X5.3916 Y-0.4531 Z0.3905
X5.3975 Y-0.4507 Z0.3904
X5.4056 Y-0.4477 Z0.3905
X5.4137 Y-0.4455 Z0.3904
X5.4162 Y-0.445
X5.4219 Y-0.444
X5.43 Y-0.443 Z0.3905
X5.4382 Y-0.4426 Z0.3906
X5.4463 Y-0.4431 Z0.3904
X5.4544 Y-0.4441
X5.4594 Y-0.445 Z0.3903
X5.4626 Y-0.4457
X5.4707 Y-0.4478 Z0.3904
X5.4789 Y-0.4509
X5.4843 Y-0.4531 Z0.3905
X5.487 Y-0.4545
X5.4951 Y-0.459
X5.5033 Y-0.4647 Z0.3904
X5.5089 Y-0.4694
X5.5114 Y-0.4717
X5.5173 Y-0.4776 Z0.3905
X5.5196 Y-0.48
X5.5244 Y-0.4857 Z0.3906
X5.5277 Y-0.4906 Z0.3905
X5.5298 Y-0.4939 Z0.3904
X5.5343 Y-0.502
X5.5358 Y-0.5052
X5.538 Y-0.5101 Z0.3903
X5.5409 Y-0.5183 Z0.3904
X5.5432 Y-0.5264 Z0.3903
X5.544 Y-0.5302 Z0.3904
X5.5448 Y-0.5346
X5.5457 Y-0.5427 Z0.3905
X5.5462 Y-0.5509
X5.5458 Y-0.559
X5.5447 Y-0.5671 Z0.3904
X5.544 Y-0.5713
X5.5432 Y-0.5753 Z0.3903
X5.5409 Y-0.5834 Z0.3904
X5.5379 Y-0.5916
X5.5358 Y-0.5964
X5.5343 Y-0.5997
X5.5298 Y-0.6079
X5.5277 Y-0.611
X5.5242 Y-0.616 Z0.3905
X5.5196 Y-0.6217 Z0.3904
X5.5173 Y-0.6241
X5.5114 Y-0.6301
X5.5089 Y-0.6323
X5.5033 Y-0.6371 Z0.3905
X5.4985 Y-0.6404
X5.4951 Y-0.6427
X5.487 Y-0.6471
X5.4841 Y-0.6486 Z0.3904
X5.4789 Y-0.6508 Z0.3903
X5.4771 Y-0.6514
X5.4731 Y-0.6526 Z0.3901
X5.4718 Y-0.6529 Z0.39
X5.47 Y-0.6532 Z0.3897
X5.4664 Y-0.6535 Z0.389
X5.4627 Y-0.6536 Z0.3881
X5.4591 Y-0.6533 Z0.3871
X5.4556 Y-0.6529 Z0.3859
X5.4486 Y-0.6514 Z0.3834
X5.4414 Y-0.6494 Z0.381
X5.4342 Y-0.6471 Z0.3786
X5.4306 Y-0.6459 Z0.3777
X5.4269 Y-0.6448 Z0.377
X5.4232 Y-0.6438 Z0.3765
X5.4194 Y-0.6429 Z0.3763
X5.4137 Y-0.6416 Z0.3762
X5.4098 Y-0.6404
X5.4056 Y-0.639
X5.3975 Y-0.6355
X5.391 Y-0.6323 Z0.3763
X5.3893 Y-0.6312
X5.3812 Y-0.6259 Z0.3764
X5.379 Y-0.6241
X5.373 Y-0.6188 Z0.3763
X5.3702 Y-0.616
X5.3649 Y-0.6101 Z0.3764
X5.3631 Y-0.6079
X5.3576 Y-0.5997 Z0.3763
X5.3567 Y-0.5983
X5.3532 Y-0.5916
X5.3498 Y-0.5834
X5.3486 Y-0.5802
X5.3472 Y-0.5753
X5.3453 Y-0.5671
X5.3443 Y-0.559
X5.3439 Y-0.5509 Z0.3764
X5.3443 Y-0.5427 Z0.3763
X5.3453 Y-0.5346
X5.3472 Y-0.5264
X5.3486 Y-0.5217
X5.3498 Y-0.5183
X5.3532 Y-0.5101
X5.3567 Y-0.5033 Z0.3764
X5.363 Y-0.4939
X5.3649 Y-0.4916
X5.3702 Y-0.4857 Z0.3763
X5.373 Y-0.4829
X5.379 Y-0.4776 Z0.3764
X5.3812 Y-0.4758
X5.3893 Y-0.4704
X5.3909 Y-0.4694
X5.3975 Y-0.466 Z0.3763
X5.4056 Y-0.4626
X5.4095 Y-0.4613 Z0.3764
X5.4137 Y-0.46 Z0.3763
X5.4219 Y-0.4583
X5.43 Y-0.4572 Z0.3764
X5.4382 Y-0.4567
X5.4463 Y-0.4572 Z0.3763
X5.4544 Y-0.4584 Z0.3762
X5.4626 Y-0.4603
X5.4663 Y-0.4613 Z0.3763
X5.4707 Y-0.4628
X5.4789 Y-0.4662
X5.485 Y-0.4694 Z0.3764
X5.487 Y-0.4706
X5.4951 Y-0.4763 Z0.3763
X5.4968 Y-0.4776
X5.5033 Y-0.4834 Z0.3762
X5.5056 Y-0.4857 Z0.3763
X5.5114 Y-0.4921 Z0.3764
X5.5128 Y-0.4939
X5.5182 Y-0.502 Z0.3763
X5.5196 Y-0.5044
X5.5226 Y-0.5101 Z0.3762
X5.526 Y-0.5183
X5.5277 Y-0.5234 Z0.3763
X5.5285 Y-0.5264
X5.5304 Y-0.5346
X5.5316 Y-0.5427 Z0.3764
X5.532 Y-0.5509
X5.5316 Y-0.559
X5.5304 Y-0.5671 Z0.3763
X5.5286 Y-0.5753 Z0.3762
X5.5277 Y-0.5783 Z0.3763
X5.526 Y-0.5834 Z0.3762
X5.5225 Y-0.5916
X5.5196 Y-0.5973 Z0.3763
X5.5182 Y-0.5997
X5.5127 Y-0.6079 Z0.3764
X5.5114 Y-0.6095
X5.5056 Y-0.616 Z0.3763
X5.5033 Y-0.6183 Z0.3762
X5.4968 Y-0.6241 Z0.3764
X5.4951 Y-0.6255 Z0.3763
X5.487 Y-0.6311 Z0.3764
X5.4851 Y-0.6323
X5.4789 Y-0.6354 Z0.3763
X5.4707 Y-0.6388 Z0.3762
X5.4661 Y-0.6404
X5.4626 Y-0.6414
X5.4544 Y-0.6433
X5.4463 Y-0.6445 Z0.3763
X5.4382 Y-0.645 Z0.3765
X5.43 Y-0.6445 Z0.3764
X5.4219 Y-0.6434 Z0.3763
X5.4194 Y-0.6429
X5.4155 Y-0.6417 Z0.376
X5.4142 Y-0.6412 Z0.3758
X5.4125 Y-0.6404 Z0.3755
X5.4094 Y-0.6386 Z0.3748
X5.4078 Y-0.6376 Z0.3743
X5.4064 Y-0.6366 Z0.3738
X5.4035 Y-0.6343 Z0.3727
X5.4009 Y-0.6319 Z0.3716
X5.396 Y-0.6267 Z0.3691
X5.3914 Y-0.6208 Z0.3665
X5.3869 Y-0.6147 Z0.3643
X5.3822 Y-0.6086 Z0.3628
X5.3798 Y-0.6056 Z0.3624
X5.3772 Y-0.6026 Z0.3623
X5.3747 Y-0.5997
X5.373 Y-0.5975 Z0.3622
X5.3692 Y-0.5916
X5.3649 Y-0.5832
X5.3619 Y-0.5753
X5.3597 Y-0.5671 Z0.3623
X5.3585 Y-0.559 Z0.3622
X5.358 Y-0.5509 Z0.3623
X5.3585 Y-0.5427 Z0.3622
X5.3597 Y-0.5346
X5.3619 Y-0.5264 Z0.3621
X5.365 Y-0.5183 Z0.3622
X5.3691 Y-0.5101 Z0.3623
X5.373 Y-0.5042 Z0.3622
X5.3746 Y-0.502 Z0.3623
X5.3812 Y-0.4947 Z0.3622
X5.3821 Y-0.4939
X5.3893 Y-0.4874 Z0.3623
X5.3917 Y-0.4857 Z0.3622
X5.3975 Y-0.482 Z0.3623
X5.4061 Y-0.4776 Z0.3622
X5.4137 Y-0.4748
X5.4219 Y-0.4726
X5.43 Y-0.4714
X5.4382 Y-0.4709 Z0.3623
X5.4463 Y-0.4715 Z0.3621
X5.4544 Y-0.4728
X5.4626 Y-0.4749
X5.4697 Y-0.4776 Z0.3622
X5.4707 Y-0.478
X5.4789 Y-0.4822 Z0.3623
X5.487 Y-0.4878 Z0.3622
X5.4938 Y-0.4939 Z0.3621
X5.4951 Y-0.4952 Z0.3622
X5.5012 Y-0.502 Z0.3623
X5.5033 Y-0.505 Z0.3622
X5.5066 Y-0.5101
X5.5108 Y-0.5183 Z0.3621
X5.5114 Y-0.5197 Z0.3622
X5.5139 Y-0.5264
X5.5161 Y-0.5346
X5.5174 Y-0.5427
X5.5179 Y-0.5509 Z0.3623
X5.5174 Y-0.559 Z0.3622
X5.516 Y-0.5671
X5.5139 Y-0.5753 Z0.3621
X5.5114 Y-0.5818 Z0.3622
X5.5107 Y-0.5834
X5.5066 Y-0.5916
X5.5033 Y-0.5966
X5.5011 Y-0.5997 Z0.3623
X5.4951 Y-0.6065 Z0.3621
X5.4938 Y-0.6079
X5.487 Y-0.6139 Z0.3622
X5.4841 Y-0.616
X5.4789 Y-0.6196 Z0.3623
X5.4707 Y-0.6236 Z0.3621
X5.4696 Y-0.6241
X5.4626 Y-0.6267
X5.4544 Y-0.6289
X5.4463 Y-0.6303 Z0.3622
X5.4382 Y-0.6308 Z0.3623
X5.43 Y-0.6303
X5.4219 Y-0.629 Z0.3622
X5.4137 Y-0.6268 Z0.3621
X5.4065 Y-0.6241
X5.3975 Y-0.6196 Z0.3622
X5.3917 Y-0.616
X5.3893 Y-0.6143 Z0.3623
X5.3821 Y-0.6079 Z0.3622
X5.3812 Y-0.607
X5.3772 Y-0.6026 Z0.3623
X5.3761 Y-0.6012 Z0.3622
X5.375 Y-0.5997 Z0.3621
X5.3741 Y-0.5981 Z0.3619
X5.3732 Y-0.5965 Z0.3616
X5.3725 Y-0.5949 Z0.3613
X5.3718 Y-0.5932 Z0.3609
X5.3708 Y-0.5897 Z0.36
X5.3701 Y-0.5862 Z0.359
X5.3696 Y-0.5826 Z0.3578
X5.3694 Y-0.579 Z0.3566
Y-0.5754 Z0.3553
X5.37 Y-0.5678 Z0.3527
X5.3709 Y-0.5602 Z0.3504
X5.3718 Y-0.5524 Z0.3488
X5.3723 Y-0.5485 Z0.3483
X5.3726 Y-0.5445 Z0.3481
X5.3727 Y-0.5427
X5.373 Y-0.5399
X5.3743 Y-0.5346
X5.3769 Y-0.5264
X5.3807 Y-0.5183
X5.3862 Y-0.5101 Z0.3482
X5.3893 Y-0.5066 Z0.3481
X5.394 Y-0.502
X5.3975 Y-0.499 Z0.3482
X5.4056 Y-0.4936
X5.4137 Y-0.4896 Z0.3481
X5.4219 Y-0.487
X5.4286 Y-0.4857
X5.4382 Y-0.485 Z0.3482
X5.4463 Y-0.4857 Z0.3481
X5.4544 Y-0.4873
X5.4626 Y-0.4899 Z0.3482
X5.4708 Y-0.4939
X5.4789 Y-0.4994 Z0.348
X5.4817 Y-0.502
X5.487 Y-0.5072 Z0.3481
X5.4897 Y-0.5101 Z0.3482
X5.4951 Y-0.5186 Z0.3481
X5.4989 Y-0.5264
X5.5016 Y-0.5346
X5.5032 Y-0.5427
X5.5033 Y-0.5435
X5.5037 Y-0.5509 Z0.3482
X5.5032 Y-0.559 Z0.3481
X5.5016 Y-0.5671
X5.4989 Y-0.5753
X5.495 Y-0.5834
X5.4895 Y-0.5916
X5.487 Y-0.5945
X5.4818 Y-0.5997
X5.4789 Y-0.6023
X5.4707 Y-0.6079 Z0.3482
X5.4626 Y-0.6117 Z0.3481
X5.4544 Y-0.6144 Z0.348
X5.4463 Y-0.616 Z0.3481
X5.4382 Y-0.6167 Z0.3482
X5.4284 Y-0.616 Z0.3481
X5.4219 Y-0.6145 Z0.348
X5.4137 Y-0.6119
X5.4053 Y-0.6079
X5.3975 Y-0.6027 Z0.3482
X5.3939 Y-0.5997 Z0.3481
X5.3893 Y-0.5951 Z0.348
X5.3862 Y-0.5916 Z0.3482
X5.3808 Y-0.5834 Z0.3481
X5.3768 Y-0.5753 Z0.3482
X5.3742 Y-0.5671 Z0.3481
X5.373 Y-0.5618
X5.3727 Y-0.559
X5.3722 Y-0.5509 Z0.3482
X5.3726 Y-0.5445 Z0.3481
X5.3728 Y-0.5412 Z0.3484
X5.373 Y-0.5381 Z0.3492
X5.3732 Y-0.5351 Z0.3506
X5.3734 Y-0.5324 Z0.3525
X5.3735 Y-0.5301 Z0.3548
X5.3736 Y-0.5282 Z0.3575
X5.3737 Y-0.5268 Z0.3605
X5.3738 Y-0.526 Z0.3636
Y-0.5257 Z0.3669
G0 Z0.7
X8.2773 Y-4.0252
Z0.5494
G1 Z0.4562 F20.
X8.2771 Y-4.0254 Z0.4529
X8.2765 Y-4.026 Z0.4497
X8.2754 Y-4.0269 Z0.4468
X8.2739 Y-4.0281 Z0.4441
X8.2722 Y-4.0296 Z0.4418
X8.2701 Y-4.0314 Z0.4399
X8.2678 Y-4.0334 Z0.4385
X8.2654 Y-4.0354 Z0.4377
X8.2629 Y-4.0376 Z0.4375
X8.2548 Y-4.0446 Z0.4376
X8.2466 Y-4.0527
X8.2402 Y-4.0603 Z0.4375
X8.2385 Y-4.0625 Z0.4374
X8.2341 Y-4.0685 Z0.4375
X8.2303 Y-4.0738 Z0.4374
X8.2286 Y-4.0766 Z0.4375
X8.2238 Y-4.0848 Z0.4376
X8.2197 Y-4.0929
X8.2163 Y-4.101 Z0.4375
X8.2141 Y-4.1072
X8.2109 Y-4.1173 Z0.4374
X8.2089 Y-4.1255 Z0.4375
X8.2074 Y-4.1336
X8.2062 Y-4.1418
X8.2056 Y-4.1499
X8.2053 Y-4.158 Z0.4377
X8.2055 Y-4.1662 Z0.4376
X8.2062 Y-4.1743 Z0.4375
X8.2073 Y-4.1825 Z0.4376
X8.2088 Y-4.1906
X8.2107 Y-4.1988 Z0.4375
X8.2141 Y-4.2093
X8.2163 Y-4.215
X8.2197 Y-4.2232 Z0.4374
X8.2237 Y-4.2313 Z0.4375
X8.2284 Y-4.2395 Z0.4376
X8.2303 Y-4.2426 Z0.4375
X8.2337 Y-4.2476 Z0.4376
X8.2385 Y-4.254 Z0.4375
X8.2399 Y-4.2558
X8.2471 Y-4.2639
X8.2554 Y-4.272 Z0.4374
X8.2629 Y-4.2787 Z0.4375
X8.271 Y-4.285
X8.2792 Y-4.2904 Z0.4376
X8.2873 Y-4.295
X8.2902 Y-4.2965 Z0.4375
X8.2955 Y-4.299
X8.3036 Y-4.3026 Z0.4376
X8.3092 Y-4.3046
X8.3117 Y-4.3055 Z0.4375
X8.3199 Y-4.3079
X8.328 Y-4.3098
X8.3362 Y-4.3114
X8.3464 Y-4.3128 Z0.4376
X8.3524 Y-4.3132
X8.3606 Y-4.3135
X8.3687 Y-4.3131 Z0.4375
X8.3736 Y-4.3128
X8.3769 Y-4.3124
X8.385 Y-4.3113
X8.3932 Y-4.3098
X8.4013 Y-4.3078
X8.4094 Y-4.3054
X8.4118 Y-4.3046
X8.4176 Y-4.3025
X8.4257 Y-4.299 Z0.4376
X8.4309 Y-4.2965 Z0.4375
X8.4339 Y-4.2949
X8.442 Y-4.2903 Z0.4376
X8.4501 Y-4.2849 Z0.4375
X8.4583 Y-4.2788 Z0.4376
X8.4664 Y-4.2716 Z0.4375
X8.4746 Y-4.2635
X8.4812 Y-4.2558 Z0.4376
X8.4827 Y-4.2539
X8.4874 Y-4.2476
X8.4908 Y-4.2426 Z0.4375
X8.4928 Y-4.2395 Z0.4376
X8.4974 Y-4.2313 Z0.4375
X8.5015 Y-4.2232 Z0.4376
X8.505 Y-4.215
X8.5071 Y-4.2094
X8.5104 Y-4.1988 Z0.4375
X8.5123 Y-4.1906
X8.5138 Y-4.1825
X8.5148 Y-4.1743
X8.5155 Y-4.1662
X8.5158 Y-4.158 Z0.4376
X8.5155 Y-4.1499 Z0.4375
X8.5149 Y-4.1418
X8.5137 Y-4.1336 Z0.4374
X8.5121 Y-4.1255 Z0.4375
X8.5102 Y-4.1173 Z0.4374
X8.5071 Y-4.1072 Z0.4375
X8.5048 Y-4.101
X8.5013 Y-4.0929
X8.4974 Y-4.0848 Z0.4376
X8.4927 Y-4.0766
X8.4908 Y-4.0738 Z0.4375
X8.4871 Y-4.0685
X8.4827 Y-4.0626 Z0.4374
X8.4809 Y-4.0603 Z0.4375
X8.4746 Y-4.053 Z0.4374
X8.4664 Y-4.0448
X8.4583 Y-4.0377
X8.4501 Y-4.0313 Z0.4375
X8.442 Y-4.0259 Z0.4377
X8.4339 Y-4.0213 Z0.4376
X8.4307 Y-4.0196
X8.4257 Y-4.0173
X8.4176 Y-4.0138 Z0.4375
X8.4094 Y-4.0109
X8.4013 Y-4.0085
X8.3932 Y-4.0065
X8.385 Y-4.0049
X8.3769 Y-4.0039
X8.371 Y-4.0033
X8.3606 Y-4.0029 Z0.4376
X8.3498 Y-4.0033 Z0.4375
X8.3443 Y-4.0038 Z0.4376
X8.3362 Y-4.0048 Z0.4375
X8.328 Y-4.0064
X8.3199 Y-4.0085
X8.3117 Y-4.011 Z0.4374
X8.3036 Y-4.0139
X8.2955 Y-4.0173 Z0.4375
X8.2906 Y-4.0196
X8.2873 Y-4.0214 Z0.4376
X8.2792 Y-4.0261 Z0.4375
X8.271 Y-4.0314
X8.2629 Y-4.0376
X8.2599 Y-4.04 Z0.4377
X8.2568 Y-4.0421 Z0.4382
X8.2536 Y-4.0441 Z0.4389
X8.2504 Y-4.046 Z0.4398
X8.2438 Y-4.0495 Z0.4421
X8.2373 Y-4.0529 Z0.4446
X8.2311 Y-4.0564 Z0.4471
X8.2281 Y-4.0584 Z0.4483
X8.2252 Y-4.0605 Z0.4494
X8.2224 Y-4.0628 Z0.4503
X8.2211 Y-4.0641 Z0.4507
X8.2198 Y-4.0654 Z0.451
X8.2174 Y-4.0682 Z0.4515
X8.2163 Y-4.0697 Z0.4516
X8.2153 Y-4.0712 Z0.4517
X8.2121 Y-4.0766
X8.2079 Y-4.0848 Z0.4518
X8.2059 Y-4.089 Z0.4517
X8.2043 Y-4.0929
X8.2012 Y-4.101 Z0.4516
X8.1978 Y-4.1118
X8.1963 Y-4.1173
X8.1944 Y-4.1255
X8.1931 Y-4.1336 Z0.4517
X8.192 Y-4.1418
X8.1914 Y-4.1499
X8.1911 Y-4.158 Z0.4518
X8.1914 Y-4.1662 Z0.4517
X8.192 Y-4.1743
X8.193 Y-4.1825
X8.1943 Y-4.1906
X8.1961 Y-4.1988
X8.1978 Y-4.2048
X8.2011 Y-4.215 Z0.4516
X8.2043 Y-4.2232
X8.2059 Y-4.227
X8.208 Y-4.2313
X8.212 Y-4.2395 Z0.4517
X8.2168 Y-4.2476
X8.2222 Y-4.2559 Z0.4518
X8.2283 Y-4.2639 Z0.4517
X8.2303 Y-4.2663
X8.2353 Y-4.272 Z0.4516
X8.2385 Y-4.2753
X8.2434 Y-4.2802 Z0.4515
X8.2466 Y-4.2832 Z0.4516
X8.2523 Y-4.2883
X8.2548 Y-4.2903
X8.2629 Y-4.2966 Z0.4517
X8.271 Y-4.302 Z0.4518
X8.2754 Y-4.3046
X8.2792 Y-4.3067
X8.2873 Y-4.3108 Z0.4517
X8.2955 Y-4.3146
X8.3036 Y-4.3177 Z0.4518
X8.3117 Y-4.3203 Z0.4517
X8.3199 Y-4.3225 Z0.4516
X8.328 Y-4.3243 Z0.4517
X8.3362 Y-4.3257
X8.3443 Y-4.3267
X8.3524 Y-4.3273 Z0.4518
X8.3606 Y-4.3276 Z0.4517
X8.3687 Y-4.3273
X8.3769 Y-4.3266
X8.385 Y-4.3257 Z0.4516
X8.3932 Y-4.3242 Z0.4517
X8.4013 Y-4.3225 Z0.4516
X8.4094 Y-4.3203
X8.4176 Y-4.3176 Z0.4517
X8.4257 Y-4.3144
X8.4339 Y-4.3108
X8.442 Y-4.3066
X8.4456 Y-4.3046
X8.4501 Y-4.3019 Z0.4518
X8.4583 Y-4.2965 Z0.4517
X8.4664 Y-4.2904
X8.4689 Y-4.2883
X8.4746 Y-4.2834
X8.478 Y-4.2802 Z0.4516
X8.4827 Y-4.2754 Z0.4517
X8.4859 Y-4.272
X8.4928 Y-4.2639
X8.499 Y-4.2558 Z0.4518
X8.5044 Y-4.2476 Z0.4517
X8.5091 Y-4.2395
X8.5133 Y-4.2313
X8.5153 Y-4.2272
X8.5169 Y-4.2232 Z0.4518
X8.5201 Y-4.215 Z0.4517
X8.5234 Y-4.2048
X8.5249 Y-4.1988
X8.5268 Y-4.1906 Z0.4516
X8.5281 Y-4.1825
X8.5291 Y-4.1743
X8.5297 Y-4.1662
X8.5299 Y-4.158 Z0.4518
X8.5297 Y-4.1499 Z0.4517
X8.5291 Y-4.1418
X8.528 Y-4.1336 Z0.4516
X8.5266 Y-4.1255
X8.5248 Y-4.1173
X8.5234 Y-4.1119
X8.52 Y-4.101
X8.5168 Y-4.0929 Z0.4517
X8.5153 Y-4.0892
X8.5091 Y-4.0766
X8.5071 Y-4.0733 Z0.4518
X8.5043 Y-4.0685 Z0.4517
X8.4987 Y-4.0603 Z0.4516
X8.4925 Y-4.0522
X8.4908 Y-4.0502
X8.4855 Y-4.0441
X8.4827 Y-4.0411
X8.4776 Y-4.0359
X8.4746 Y-4.0331
X8.4685 Y-4.0278
X8.4581 Y-4.0196 Z0.4517
X8.4501 Y-4.0143 Z0.4518
X8.4454 Y-4.0115
X8.442 Y-4.0096
X8.4339 Y-4.0055 Z0.4517
X8.4257 Y-4.0019
X8.4176 Y-3.9988
X8.4094 Y-3.9961 Z0.4516
X8.4063 Y-3.9952 Z0.4517
X8.4013 Y-3.9938 Z0.4516
X8.3932 Y-3.9921 Z0.4517
X8.385 Y-3.9906
X8.3769 Y-3.9896
X8.3687 Y-3.989
X8.3606 Y-3.9887 Z0.4518
X8.3524 Y-3.989 Z0.4517
X8.3443 Y-3.9896
X8.3362 Y-3.9905
X8.328 Y-3.992
X8.3199 Y-3.9938 Z0.4516
X8.3117 Y-3.9961
X8.3036 Y-3.9988
X8.2955 Y-4.0019
X8.2921 Y-4.0033 Z0.4517
X8.2873 Y-4.0054
X8.2792 Y-4.0097
X8.276 Y-4.0115
X8.271 Y-4.0145
X8.2629 Y-4.0198 Z0.4516
X8.2541 Y-4.0266
X8.2526 Y-4.0278
X8.2466 Y-4.0329 Z0.4517
X8.2433 Y-4.0359
X8.2385 Y-4.0408 Z0.4518
X8.2354 Y-4.0441 Z0.4517
X8.2286 Y-4.0522 Z0.4516
X8.2222 Y-4.0607
X8.217 Y-4.0685 Z0.4517
X8.2153 Y-4.0712
X8.2132 Y-4.0744 Z0.4519
X8.2121 Y-4.076 Z0.4521
X8.2109 Y-4.0775 Z0.4524
X8.2086 Y-4.0804 Z0.4532
X8.2061 Y-4.0832 Z0.4541
X8.201 Y-4.0886 Z0.4564
X8.196 Y-4.094 Z0.459
X8.1913 Y-4.0994 Z0.4615
X8.1892 Y-4.1023 Z0.4627
X8.1871 Y-4.1053 Z0.4637
X8.1853 Y-4.1084 Z0.4646
X8.1845 Y-4.11 Z0.4649
X8.1837 Y-4.1117 Z0.4652
X8.1823 Y-4.1155 Z0.4657
X8.1814 Y-4.1187 Z0.4658
X8.18 Y-4.1255 Z0.4659
X8.1787 Y-4.1336 Z0.4658
X8.1778 Y-4.1418 Z0.4659
X8.1772 Y-4.1499 Z0.4658
X8.177 Y-4.158 Z0.466
X8.1772 Y-4.1662 Z0.4659
X8.1778 Y-4.1743
X8.1787 Y-4.1825
X8.1799 Y-4.1906
X8.1816 Y-4.1988
X8.1836 Y-4.2069 Z0.4658
X8.1862 Y-4.215 Z0.4659
X8.1896 Y-4.2247 Z0.4658
X8.1924 Y-4.2313 Z0.4657
X8.1962 Y-4.2395 Z0.4658
X8.1978 Y-4.2428
X8.2004 Y-4.2476
X8.2059 Y-4.257
X8.2106 Y-4.2639 Z0.4659
X8.2141 Y-4.2687 Z0.4658
X8.2167 Y-4.272 Z0.4659
X8.2235 Y-4.2802 Z0.4658
X8.2315 Y-4.2883 Z0.4657
X8.2402 Y-4.2965 Z0.4658
X8.2466 Y-4.3019
X8.2548 Y-4.3081
X8.2629 Y-4.3136 Z0.466
X8.271 Y-4.3184
X8.2792 Y-4.3226 Z0.4658
X8.2873 Y-4.3264 Z0.4659
X8.2935 Y-4.329
X8.3036 Y-4.3326
X8.3117 Y-4.335 Z0.4658
X8.3205 Y-4.3372
X8.328 Y-4.3387
X8.3362 Y-4.34 Z0.4659
X8.3443 Y-4.341
X8.3524 Y-4.3415
X8.3606 Y-4.3417
X8.3687 Y-4.3414 Z0.4658
X8.3769 Y-4.3409
X8.385 Y-4.3399
X8.3932 Y-4.3386
X8.4013 Y-4.3371
X8.4094 Y-4.3349
X8.4176 Y-4.3326
X8.4274 Y-4.329
X8.4339 Y-4.3263 Z0.4659
X8.442 Y-4.3226 Z0.4658
X8.4453 Y-4.3209 Z0.4659
X8.4501 Y-4.3183
X8.4583 Y-4.3135
X8.4664 Y-4.3081 Z0.4658
X8.4746 Y-4.302 Z0.4659
X8.4811 Y-4.2965
X8.4898 Y-4.2883 Z0.4658
X8.4977 Y-4.2802 Z0.4659
X8.5045 Y-4.272
X8.5071 Y-4.2686 Z0.4658
X8.5105 Y-4.2639 Z0.4659
X8.5153 Y-4.2569
X8.5208 Y-4.2476 Z0.4658
X8.5234 Y-4.2427 Z0.4659
X8.525 Y-4.2395
X8.5289 Y-4.2313
X8.5315 Y-4.2249
X8.5322 Y-4.2232
X8.5351 Y-4.215
X8.5375 Y-4.2069 Z0.4658
X8.5397 Y-4.198 Z0.4659
X8.5411 Y-4.1906 Z0.4658
X8.5424 Y-4.1825
X8.5432 Y-4.1743
X8.5439 Y-4.1662
X8.5441 Y-4.158 Z0.4659
X8.5438 Y-4.1499 Z0.4658
X8.5433 Y-4.1418
X8.5423 Y-4.1336
X8.541 Y-4.1255 Z0.4657
X8.5393 Y-4.1173 Z0.4658
X8.5373 Y-4.1092
X8.5349 Y-4.101
X8.5315 Y-4.0915 Z0.4659
X8.5288 Y-4.0848 Z0.4658
X8.5234 Y-4.0736
X8.5207 Y-4.0685 Z0.4659
X8.5153 Y-4.0594 Z0.4658
X8.5102 Y-4.0522
X8.5071 Y-4.0479 Z0.4657
X8.5041 Y-4.0441 Z0.4658
X8.499 Y-4.0378
X8.4973 Y-4.0359 Z0.4657
X8.4895 Y-4.0278
X8.4827 Y-4.0214 Z0.4658
X8.4807 Y-4.0196 Z0.4657
X8.4746 Y-4.0145 Z0.4658
X8.4664 Y-4.0082 Z0.4659
X8.4583 Y-4.0027 Z0.466
X8.4501 Y-3.9979
X8.442 Y-3.9936 Z0.4659
X8.4339 Y-3.99
X8.4257 Y-3.9867 Z0.4658
X8.4176 Y-3.9838
X8.4094 Y-3.9814
X8.4013 Y-3.9793
X8.3932 Y-3.9776
X8.385 Y-3.9763
X8.3769 Y-3.9754
X8.3687 Y-3.9749 Z0.4659
X8.3606 Y-3.9746
X8.3524 Y-3.9749
X8.3443 Y-3.9754
X8.3362 Y-3.9762
X8.328 Y-3.9776
X8.3199 Y-3.9792 Z0.4658
X8.3117 Y-3.9814
X8.3036 Y-3.9838
X8.2946 Y-3.9871 Z0.4657
X8.2873 Y-3.99 Z0.4658
X8.2792 Y-3.9936 Z0.4659
X8.2762 Y-3.9952
X8.271 Y-3.998
X8.2622 Y-4.0033 Z0.4658
X8.2548 Y-4.0083
X8.2466 Y-4.0144
X8.2385 Y-4.0212 Z0.4659
X8.2314 Y-4.0278
X8.2237 Y-4.0359 Z0.4658
X8.217 Y-4.0441
X8.2141 Y-4.0479 Z0.4657
X8.2109 Y-4.0522 Z0.4658
X8.2054 Y-4.0603
X8.2004 Y-4.0685 Z0.4659
X8.1978 Y-4.0734
X8.1961 Y-4.0766 Z0.466
X8.1924 Y-4.0848 Z0.4659
X8.1891 Y-4.0929 Z0.4658
X8.1863 Y-4.101
X8.1838 Y-4.1092 Z0.4657
X8.1814 Y-4.1187 Z0.4658
X8.1805 Y-4.1224 Z0.466
X8.18 Y-4.1242 Z0.4662
X8.1794 Y-4.126 Z0.4665
X8.1781 Y-4.1295 Z0.4672
X8.1767 Y-4.1329 Z0.4681
X8.1735 Y-4.1397 Z0.4704
X8.1704 Y-4.1463 Z0.473
X8.1675 Y-4.1528 Z0.4755
X8.1662 Y-4.1562 Z0.4767
X8.1651 Y-4.1597 Z0.4777
X8.1643 Y-4.1632 Z0.4786
X8.1639 Y-4.165 Z0.4789
X8.1636 Y-4.1668 Z0.4793
X8.1633 Y-4.1704 Z0.4797
Y-4.1723 Z0.4798
X8.1634 Y-4.1741 Z0.4799
X8.1642 Y-4.1825 Z0.4798
X8.1654 Y-4.1906 Z0.4799
X8.1668 Y-4.1988
X8.1688 Y-4.2069
X8.1711 Y-4.215 Z0.4798
X8.1737 Y-4.2232
X8.1768 Y-4.2313
X8.1803 Y-4.2395 Z0.4797
X8.1842 Y-4.2476 Z0.4798
X8.1885 Y-4.2558
X8.1933 Y-4.2639
X8.1978 Y-4.2707 Z0.4799
X8.2048 Y-4.2802 Z0.4798
X8.2116 Y-4.2883 Z0.4797
X8.2141 Y-4.291 Z0.4798
X8.2194 Y-4.2965 Z0.4797
X8.2222 Y-4.2993 Z0.4796
X8.2303 Y-4.3069 Z0.4797
X8.2372 Y-4.3128 Z0.4798
X8.2466 Y-4.3199
X8.248 Y-4.3209
X8.2548 Y-4.3254 Z0.4799
X8.2607 Y-4.329
X8.2629 Y-4.3303
X8.271 Y-4.3345 Z0.4797
X8.2792 Y-4.3385 Z0.4798
X8.2873 Y-4.3421 Z0.4799
X8.2962 Y-4.3453
X8.3036 Y-4.3476 Z0.4798
X8.3117 Y-4.3498
X8.3199 Y-4.3517
X8.3289 Y-4.3535
X8.3362 Y-4.3545 Z0.4799
X8.3443 Y-4.3554 Z0.4798
X8.3524 Y-4.3559 Z0.4799
X8.3606 Y-4.3561 Z0.4798
X8.3687 Y-4.3558
X8.3769 Y-4.3553 Z0.4797
X8.385 Y-4.3544 Z0.4798
X8.3918 Y-4.3535 Z0.4797
X8.4013 Y-4.3517 Z0.4798
X8.4094 Y-4.3498
X8.4176 Y-4.3476
X8.4257 Y-4.345
X8.4339 Y-4.3419 Z0.4797
X8.442 Y-4.3385 Z0.4798
X8.4448 Y-4.3372
X8.4501 Y-4.3346
X8.4583 Y-4.3302
X8.4603 Y-4.329
X8.4664 Y-4.3253 Z0.4799
X8.4731 Y-4.3209 Z0.4798
X8.4827 Y-4.3138
X8.4841 Y-4.3128
X8.4908 Y-4.307
X8.4935 Y-4.3046
X8.499 Y-4.2995
X8.502 Y-4.2965
X8.5071 Y-4.2911
X8.5096 Y-4.2883
X8.5163 Y-4.2802
X8.5234 Y-4.2705 Z0.4799
X8.5278 Y-4.2639 Z0.4798
X8.5326 Y-4.2558
X8.537 Y-4.2476
X8.541 Y-4.2395
X8.5444 Y-4.2313 Z0.4799
X8.5478 Y-4.2223
X8.5501 Y-4.215
X8.5523 Y-4.2069 Z0.4798
X8.5542 Y-4.1988
X8.556 Y-4.1887
X8.5569 Y-4.1825 Z0.4797
X8.5576 Y-4.1743 Z0.4798
X8.5582 Y-4.1662 Z0.4797
X8.5584 Y-4.158 Z0.4798
X8.5582 Y-4.1499 Z0.4797
X8.5577 Y-4.1418 Z0.4798
X8.5568 Y-4.1336 Z0.4797
X8.556 Y-4.1278 Z0.4798
X8.5556 Y-4.1255 Z0.4797
X8.554 Y-4.1173
X8.5522 Y-4.1092
X8.5499 Y-4.101 Z0.4798
X8.5473 Y-4.0929
X8.5443 Y-4.0848 Z0.4799
X8.5408 Y-4.0766 Z0.4798
X8.5369 Y-4.0685
X8.5326 Y-4.0603 Z0.4799
X8.5277 Y-4.0522 Z0.4798
X8.5234 Y-4.046
X8.5159 Y-4.0359 Z0.4797
X8.5093 Y-4.0278
X8.5016 Y-4.0196
X8.499 Y-4.0169
X8.4931 Y-4.0115
X8.4908 Y-4.0095
X8.4827 Y-4.0027
X8.4746 Y-3.9964 Z0.4798
X8.4729 Y-3.9952 Z0.4799
X8.4664 Y-3.9909 Z0.48
X8.4601 Y-3.9871 Z0.4799
X8.4583 Y-3.986
X8.4501 Y-3.9816
X8.4444 Y-3.9789
X8.4339 Y-3.9744 Z0.4798
X8.4257 Y-3.9714
X8.4176 Y-3.9688
X8.4094 Y-3.9665
X8.4013 Y-3.9646
X8.3932 Y-3.963
X8.3906 Y-3.9626
X8.385 Y-3.9619
X8.3769 Y-3.961 Z0.4797
X8.3687 Y-3.9605 Z0.4798
X8.3606 Y-3.9602 Z0.4799
X8.3524 Y-3.9605 Z0.4798
X8.3443 Y-3.961
X8.3362 Y-3.9618 Z0.4799
X8.33 Y-3.9626 Z0.4798
X8.3199 Y-3.9645
X8.3117 Y-3.9665
X8.3036 Y-3.9688 Z0.4797
X8.2973 Y-3.9708 Z0.4798
X8.2873 Y-3.9745 Z0.4796
X8.2768 Y-3.9789 Z0.4799
X8.271 Y-3.9817
X8.2629 Y-3.9861 Z0.4798
X8.2613 Y-3.9871
X8.2548 Y-3.9911
X8.2484 Y-3.9952
X8.2466 Y-3.9964 Z0.4797
X8.2376 Y-4.0033
X8.2303 Y-4.0093 Z0.4798
X8.2278 Y-4.0115 Z0.4799
X8.2222 Y-4.0167
X8.2193 Y-4.0196
X8.2141 Y-4.0251 Z0.4798
X8.2118 Y-4.0278
X8.2052 Y-4.0359 Z0.4797
X8.1978 Y-4.0459
X8.1936 Y-4.0522
X8.1886 Y-4.0603 Z0.4798
X8.1842 Y-4.0685 Z0.4799
X8.1815 Y-4.0739
X8.1802 Y-4.0766 Z0.4798
X8.1768 Y-4.0848 Z0.4799
X8.1739 Y-4.0929 Z0.4797
X8.1713 Y-4.101
X8.169 Y-4.1092
X8.167 Y-4.1173 Z0.4798
X8.1652 Y-4.1269 Z0.4799
X8.1643 Y-4.1336 Z0.4798
X8.1634 Y-4.1418 Z0.4799
X8.1629 Y-4.1499 Z0.4798
X8.1627 Y-4.158 Z0.4799
X8.1628 Y-4.1662 Z0.4798
X8.1634 Y-4.1741 Z0.4799
X8.1635 Y-4.178 Z0.48
X8.1634 Y-4.1799 Z0.4803
X8.1633 Y-4.1818 Z0.4805
X8.1629 Y-4.1856 Z0.4813
X8.1624 Y-4.1893 Z0.4822
X8.161 Y-4.1967 Z0.4842
X8.1595 Y-4.204 Z0.4864
X8.1583 Y-4.2112 Z0.4883
X8.1579 Y-4.2148 Z0.4892
X8.1577 Y-4.2185 Z0.4899
X8.1578 Y-4.2222 Z0.4905
X8.1579 Y-4.224 Z0.4908
X8.1581 Y-4.2258 Z0.4909
X8.1588 Y-4.2294 Z0.4912
X8.1593 Y-4.2312 Z0.4913
X8.1599 Y-4.2329
X8.1625 Y-4.2395
X8.1652 Y-4.2457 Z0.4912
X8.1699 Y-4.2558 Z0.4914
X8.1734 Y-4.2622 Z0.4913
X8.1792 Y-4.272
X8.1815 Y-4.2758 Z0.4914
X8.1845 Y-4.2802
X8.1896 Y-4.2874 Z0.4913
X8.1978 Y-4.2973
X8.2044 Y-4.3046 Z0.4914
X8.2127 Y-4.3128 Z0.4912
X8.2222 Y-4.3216 Z0.4913
X8.2315 Y-4.329 Z0.4914
X8.2385 Y-4.3342
X8.2428 Y-4.3372
X8.2466 Y-4.3397
X8.2562 Y-4.3453 Z0.4915
X8.2629 Y-4.3487 Z0.4913
X8.2727 Y-4.3535 Z0.4914
X8.2792 Y-4.3564
X8.2873 Y-4.3596 Z0.4915
X8.2955 Y-4.3622 Z0.4913
X8.3036 Y-4.3646 Z0.4914
X8.3117 Y-4.3667 Z0.4913
X8.3199 Y-4.3684 Z0.4914
X8.328 Y-4.3699 Z0.4913
X8.3362 Y-4.371 Z0.4914
X8.3443 Y-4.3718
X8.3524 Y-4.3722
X8.3606 Y-4.3724
X8.3687 Y-4.3721 Z0.4913
X8.3769 Y-4.3717
X8.385 Y-4.3709
X8.3934 Y-4.3698
X8.4013 Y-4.3684 Z0.4914
X8.4094 Y-4.3667 Z0.4913
X8.4176 Y-4.3646 Z0.4914
X8.4257 Y-4.3621 Z0.4913
X8.4339 Y-4.3595 Z0.4914
X8.442 Y-4.3562 Z0.4913
X8.4501 Y-4.3528 Z0.4914
X8.4583 Y-4.3488
X8.4664 Y-4.3443 Z0.4913
X8.4746 Y-4.3396 Z0.4914
X8.4827 Y-4.3341 Z0.4913
X8.4898 Y-4.329 Z0.4914
X8.499 Y-4.3217
X8.5088 Y-4.3128 Z0.4913
X8.5169 Y-4.3046 Z0.4914
X8.5242 Y-4.2965
X8.5307 Y-4.2883 Z0.4913
X8.5366 Y-4.2802 Z0.4914
X8.5397 Y-4.2757
X8.542 Y-4.272
X8.5478 Y-4.2621 Z0.4913
X8.5512 Y-4.2558 Z0.4914
X8.5552 Y-4.2476
X8.5588 Y-4.2395
X8.562 Y-4.2313
X8.5641 Y-4.2252
X8.5671 Y-4.215 Z0.4913
X8.5691 Y-4.2069 Z0.4914
X8.5709 Y-4.1988
X8.5722 Y-4.1902 Z0.4913
X8.5733 Y-4.1825
X8.574 Y-4.1743
X8.5746 Y-4.1662
X8.5747 Y-4.158 Z0.4914
X8.5745 Y-4.1499 Z0.4913
X8.5741 Y-4.1418 Z0.4914
X8.5733 Y-4.1336 Z0.4913
X8.5721 Y-4.1255
X8.5707 Y-4.1173
X8.569 Y-4.1092
X8.5669 Y-4.101
X8.5641 Y-4.0917
X8.5618 Y-4.0848 Z0.4914
X8.5587 Y-4.0766
X8.556 Y-4.0704 Z0.4913
X8.551 Y-4.0603
X8.5478 Y-4.0539 Z0.4914
X8.5419 Y-4.0441
X8.5397 Y-4.0407 Z0.4913
X8.5363 Y-4.0359
X8.5315 Y-4.0295 Z0.4912
X8.5239 Y-4.0196 Z0.4914
X8.5153 Y-4.0103 Z0.4913
X8.5084 Y-4.0033
X8.5071 Y-4.0021
X8.499 Y-3.9949
X8.4893 Y-3.9871 Z0.4914
X8.4827 Y-3.9821
X8.478 Y-3.9789 Z0.4915
X8.4746 Y-3.9767
X8.4664 Y-3.9719 Z0.4914
X8.4583 Y-3.9674
X8.4501 Y-3.9636
X8.442 Y-3.9601 Z0.4913
X8.4339 Y-3.9568 Z0.4914
X8.4257 Y-3.9542 Z0.4913
X8.4176 Y-3.9518 Z0.4914
X8.4094 Y-3.9497 Z0.4913
X8.4013 Y-3.9479 Z0.4914
X8.392 Y-3.9463 Z0.4913
X8.385 Y-3.9454 Z0.4914
X8.3769 Y-3.9446 Z0.4913
X8.3687 Y-3.9442 Z0.4914
X8.3606 Y-3.9439
X8.3524 Y-3.9442
X8.3443 Y-3.9446 Z0.4913
X8.3362 Y-3.9453 Z0.4914
X8.328 Y-3.9464
X8.3199 Y-3.9478
X8.3117 Y-3.9496 Z0.4913
X8.3036 Y-3.9518
X8.2943 Y-3.9545
X8.2873 Y-3.957
X8.2792 Y-3.9602 Z0.4912
X8.271 Y-3.9635 Z0.4914
X8.2629 Y-3.9675
X8.2567 Y-3.9708
X8.2548 Y-3.972
X8.2435 Y-3.9789 Z0.4913
X8.2385 Y-3.9822
X8.2319 Y-3.9871
X8.2216 Y-3.9952
X8.2141 Y-4.0017 Z0.4914
X8.2124 Y-4.0033
X8.2044 Y-4.0115
X8.1972 Y-4.0196
X8.1908 Y-4.0278 Z0.4912
X8.1849 Y-4.0359 Z0.4913
X8.1815 Y-4.0408
X8.1794 Y-4.0441
X8.1734 Y-4.0539 Z0.4914
X8.1699 Y-4.0603
X8.1659 Y-4.0685
X8.1652 Y-4.0701
X8.1625 Y-4.0766
X8.1594 Y-4.0848 Z0.4913
X8.1567 Y-4.0929
X8.1543 Y-4.101 Z0.4912
X8.1521 Y-4.1092 Z0.4914
X8.1503 Y-4.1173 Z0.4913
X8.1489 Y-4.1255 Z0.4914
X8.1478 Y-4.1336 Z0.4913
X8.147 Y-4.1418 Z0.4914
X8.1465 Y-4.1499 Z0.4913
X8.1463 Y-4.158 Z0.4914
X8.1465 Y-4.1662
X8.1471 Y-4.1756
X8.1477 Y-4.1825
X8.1489 Y-4.1912
X8.1501 Y-4.1988
X8.1519 Y-4.2069 Z0.4915
X8.154 Y-4.215 Z0.4914
X8.1571 Y-4.2249
X8.1593 Y-4.2313 Z0.4913
X8.1599 Y-4.2329
X8.1611 Y-4.2365 Z0.4914
X8.1616 Y-4.2384 Z0.4916
X8.162 Y-4.2402 Z0.4918
X8.1626 Y-4.244 Z0.4923
X8.163 Y-4.2478 Z0.4929
X8.1634 Y-4.2554 Z0.4944
X8.1635 Y-4.263 Z0.4959
X8.1638 Y-4.2704 Z0.4974
X8.1642 Y-4.2741 Z0.498
X8.1648 Y-4.2778 Z0.4985
X8.1656 Y-4.2814 Z0.4989
X8.1661 Y-4.2831 Z0.4991
X8.1667 Y-4.2849 Z0.4993
X8.1682 Y-4.2883 Z0.4995
X8.1691 Y-4.2899 Z0.4996
X8.1701 Y-4.2914
X8.1736 Y-4.2965
X8.1815 Y-4.3063 Z0.4995
X8.1869 Y-4.3128
X8.1896 Y-4.3158 Z0.4996
X8.1978 Y-4.3237 Z0.4994
X8.2059 Y-4.3315 Z0.4995
X8.2123 Y-4.3372
X8.2228 Y-4.3453 Z0.4996
X8.2303 Y-4.3508
X8.2343 Y-4.3535
X8.2385 Y-4.3561
X8.2466 Y-4.3609
X8.2479 Y-4.3616
X8.2548 Y-4.365 Z0.4995
X8.2645 Y-4.3698 Z0.4996
X8.271 Y-4.3728
X8.2792 Y-4.3761
X8.2844 Y-4.3779
X8.2873 Y-4.3788
X8.2955 Y-4.3812 Z0.4995
X8.3036 Y-4.3835
X8.3117 Y-4.3854 Z0.4996
X8.3199 Y-4.387 Z0.4995
X8.328 Y-4.3884 Z0.4996
X8.3362 Y-4.3894
X8.3443 Y-4.3901
X8.3524 Y-4.3905
X8.3606 Y-4.3907
X8.3769 Y-4.39 Z0.4995
X8.385 Y-4.3893 Z0.4996
X8.3932 Y-4.3882 Z0.4995
X8.4013 Y-4.387 Z0.4996
X8.4061 Y-4.386
X8.4176 Y-4.3835
X8.4257 Y-4.3813
X8.4363 Y-4.3779
X8.442 Y-4.376
X8.4501 Y-4.3726 Z0.4995
X8.4583 Y-4.3691 Z0.4996
X8.4664 Y-4.3651
X8.4746 Y-4.3607 Z0.4995
X8.4827 Y-4.356 Z0.4996
X8.4867 Y-4.3535
X8.4908 Y-4.3506 Z0.4995
X8.499 Y-4.345 Z0.4996
X8.509 Y-4.3372
X8.5153 Y-4.3317
X8.5234 Y-4.324 Z0.4995
X8.5315 Y-4.3158 Z0.4996
X8.5342 Y-4.3128
X8.5412 Y-4.3046
X8.5478 Y-4.296
X8.5532 Y-4.2883
X8.556 Y-4.2842
X8.5584 Y-4.2802
X8.5632 Y-4.272 Z0.4995
X8.5675 Y-4.2639 Z0.4996
X8.5716 Y-4.2558
X8.5752 Y-4.2476
X8.5784 Y-4.2395
X8.5804 Y-4.2341
X8.5813 Y-4.2313
X8.5838 Y-4.2232
X8.586 Y-4.215
X8.5885 Y-4.2043
X8.5894 Y-4.1988
X8.5906 Y-4.1906 Z0.4995
X8.5917 Y-4.1825
X8.5923 Y-4.1743
X8.5928 Y-4.1662
X8.593 Y-4.158 Z0.4996
X8.5928 Y-4.1499 Z0.4995
X8.5925 Y-4.1418 Z0.4996
X8.5916 Y-4.1336 Z0.4995
X8.5906 Y-4.1255
X8.5893 Y-4.1173
X8.5876 Y-4.1092
X8.5859 Y-4.101 Z0.4996
X8.5835 Y-4.0929 Z0.4995
X8.5804 Y-4.0826
X8.5783 Y-4.0766 Z0.4996
X8.5751 Y-4.0685
X8.5714 Y-4.0603 Z0.4995
X8.5641 Y-4.0456 Z0.4996
X8.5632 Y-4.0441
X8.556 Y-4.0322 Z0.4995
X8.5529 Y-4.0278 Z0.4996
X8.5469 Y-4.0196 Z0.4995
X8.5397 Y-4.01 Z0.4996
X8.5339 Y-4.0033 Z0.4995
X8.5234 Y-3.9925
X8.5178 Y-3.9871 Z0.4996
X8.5153 Y-3.9848 Z0.4995
X8.5071 Y-3.978
X8.4982 Y-3.9708 Z0.4996
X8.4908 Y-3.9655
X8.4827 Y-3.9602
X8.4746 Y-3.9555
X8.4664 Y-3.9511
X8.4583 Y-3.9472
X8.4501 Y-3.9437 Z0.4995
X8.442 Y-3.9403 Z0.4996
X8.4339 Y-3.9376 Z0.4995
X8.4257 Y-3.9351 Z0.4996
X8.4176 Y-3.9328
X8.4052 Y-3.9301
X8.4013 Y-3.9293
X8.3932 Y-3.9281 Z0.4995
X8.385 Y-3.927 Z0.4996
X8.3769 Y-3.9263 Z0.4995
X8.3606 Y-3.9256 Z0.4996
X8.3443 Y-3.9263 Z0.4995
X8.3362 Y-3.9269 Z0.4996
X8.328 Y-3.9279
X8.3199 Y-3.9292
X8.3153 Y-3.9301
X8.3117 Y-3.9308
X8.3036 Y-3.9329 Z0.4995
X8.2955 Y-3.9352
X8.2852 Y-3.9382 Z0.4996
X8.271 Y-3.9439 Z0.4995
X8.2629 Y-3.9471 Z0.4996
X8.2548 Y-3.9511
X8.2484 Y-3.9545
X8.2385 Y-3.9605 Z0.4995
X8.2303 Y-3.9656
X8.2231 Y-3.9708 Z0.4996
X8.2127 Y-3.9789 Z0.4995
X8.2059 Y-3.9845 Z0.4996
X8.203 Y-3.9871
X8.1978 Y-3.9921
X8.1896 Y-4.0004
X8.1871 Y-4.0033 Z0.4995
X8.1815 Y-4.01 Z0.4996
X8.1803 Y-4.0115
X8.1734 Y-4.0207 Z0.4995
X8.1683 Y-4.0278
X8.1652 Y-4.0323
X8.1571 Y-4.0455 Z0.4996
X8.1536 Y-4.0522
X8.1496 Y-4.0603
X8.1461 Y-4.0685
X8.1429 Y-4.0766 Z0.4995
X8.1408 Y-4.0826
X8.1377 Y-4.0929
X8.1353 Y-4.101 Z0.4996
X8.1327 Y-4.1123 Z0.4995
X8.1317 Y-4.1173 Z0.4996
X8.1304 Y-4.1255
X8.1295 Y-4.1336 Z0.4995
X8.1286 Y-4.1418 Z0.4996
X8.1283 Y-4.1499 Z0.4995
X8.1281 Y-4.158 Z0.4996
X8.1282 Y-4.1662 Z0.4995
X8.1287 Y-4.1743 Z0.4996
X8.1293 Y-4.1825
X8.1304 Y-4.1906
X8.1316 Y-4.1988
X8.1327 Y-4.2047
X8.135 Y-4.215
X8.1374 Y-4.2232
X8.1408 Y-4.2338 Z0.4995
X8.1429 Y-4.2395
X8.1461 Y-4.2476
X8.1498 Y-4.2558
X8.1536 Y-4.2639
X8.1579 Y-4.272 Z0.4996
X8.1628 Y-4.2802
X8.1652 Y-4.2842 Z0.4995
X8.1701 Y-4.2914 Z0.4996
X8.1722 Y-4.2944 Z0.4999
X8.1742 Y-4.2974 Z0.5007
X8.1761 Y-4.3002 Z0.5022
X8.1779 Y-4.3028 Z0.5041
X8.1794 Y-4.3051 Z0.5065
X8.1808 Y-4.307 Z0.5093
X8.1819 Y-4.3086 Z0.5124
X8.1827 Y-4.3098 Z0.5158
X8.1832 Y-4.3105 Z0.5194
X8.1833 Y-4.3107 Z0.523
X8.1836 Y-4.3105 Z0.5284
X8.1843 Y-4.31 Z0.5337
X8.1856 Y-4.3092 Z0.5388
X8.1873 Y-4.3081 Z0.5438
X8.1895 Y-4.3067 Z0.5485
X8.1921 Y-4.305 Z0.5529
X8.195 Y-4.303 Z0.5569
X8.1984 Y-4.3008 Z0.5605
X8.2021 Y-4.2984 Z0.5636
X8.206 Y-4.2958 Z0.5662
X8.2101 Y-4.2931 Z0.5683
X8.2144 Y-4.2902 Z0.5697
X8.2189 Y-4.2873 Z0.5706
X8.2234 Y-4.2844 Z0.5709
X8.2278 Y-4.2814 Z0.5706
X8.2323 Y-4.2785 Z0.5697
X8.2366 Y-4.2757 Z0.5683
X8.2407 Y-4.2729 Z0.5662
X8.2447 Y-4.2704 Z0.5636
X8.2483 Y-4.2679 Z0.5605
X8.2517 Y-4.2657 Z0.5569
X8.2547 Y-4.2638 Z0.5529
X8.2573 Y-4.2621 Z0.5485
X8.2594 Y-4.2606 Z0.5438
X8.2611 Y-4.2595 Z0.5388
X8.2624 Y-4.2587 Z0.5337
X8.2631 Y-4.2582 Z0.5284
X8.2634 Y-4.258 Z0.523
Z0.4423
X8.2632 Y-4.2578 Z0.4386
X8.2628 Y-4.2571 Z0.4351
X8.262 Y-4.256 Z0.4317
X8.2609 Y-4.2544 Z0.4286
X8.2596 Y-4.2525 Z0.4258
X8.2581 Y-4.2502 Z0.4235
X8.2564 Y-4.2476 Z0.4215
X8.2545 Y-4.2448 Z0.4201
X8.2526 Y-4.2419 Z0.4192
X8.2505 Y-4.2389 Z0.4188
X8.2454 Y-4.2313 Z0.4187
X8.2407 Y-4.2232 Z0.4186
X8.2367 Y-4.215
X8.2333 Y-4.2069
X8.2303 Y-4.1983
X8.2282 Y-4.1906
X8.2265 Y-4.1825
X8.2252 Y-4.1743
X8.2244 Y-4.1662 Z0.4187
X8.2241 Y-4.158 Z0.4188
X8.2244 Y-4.1499
X8.2252 Y-4.1418 Z0.4187
X8.2265 Y-4.1336
X8.2283 Y-4.1255 Z0.4186
X8.2306 Y-4.1173
X8.2334 Y-4.1092
X8.2368 Y-4.101
X8.2409 Y-4.0929
X8.2456 Y-4.0848 Z0.4187
X8.2466 Y-4.0831
X8.2511 Y-4.0766 Z0.4189
X8.2548 Y-4.072 Z0.4188
X8.2578 Y-4.0685 Z0.4187
X8.2629 Y-4.063
X8.2656 Y-4.0603
X8.271 Y-4.0553 Z0.4188
X8.2746 Y-4.0522 Z0.4187
X8.2792 Y-4.0485 Z0.4189
X8.2873 Y-4.0431 Z0.4188
X8.2955 Y-4.0384 Z0.4187
X8.3003 Y-4.0359 Z0.4186
X8.3036 Y-4.0344
X8.3117 Y-4.0309
X8.3199 Y-4.0281
X8.328 Y-4.0259
X8.3362 Y-4.0241
X8.3443 Y-4.0228 Z0.4187
X8.3524 Y-4.022 Z0.4188
X8.3606 Y-4.0216 Z0.4189
X8.3687 Y-4.022 Z0.4187
X8.3769 Y-4.0229 Z0.4186
X8.385 Y-4.0241
X8.3932 Y-4.0259 Z0.4185
X8.4013 Y-4.0281
X8.4094 Y-4.031 Z0.4186
X8.4176 Y-4.0344
X8.4208 Y-4.0359
X8.4257 Y-4.0384 Z0.4187
X8.4339 Y-4.0431 Z0.4188
X8.442 Y-4.0487 Z0.4189
X8.4464 Y-4.0522 Z0.4187
X8.4501 Y-4.0553
X8.4555 Y-4.0603 Z0.4186
X8.4583 Y-4.0631 Z0.4187
X8.4633 Y-4.0685
X8.47 Y-4.0766 Z0.4188
X8.4756 Y-4.0848 Z0.4187
X8.4803 Y-4.0929 Z0.4186
X8.4843 Y-4.101
X8.4877 Y-4.1092
X8.4908 Y-4.1184
X8.4928 Y-4.1255
X8.4946 Y-4.1336 Z0.4185
X8.4959 Y-4.1418 Z0.4186
X8.4967 Y-4.1499 Z0.4188
X8.4971 Y-4.158 Z0.4189
X8.4968 Y-4.1662 Z0.4188
X8.496 Y-4.1743 Z0.4187
X8.4947 Y-4.1825 Z0.4186
X8.4929 Y-4.1906 Z0.4187
X8.4906 Y-4.1988 Z0.4186
X8.4879 Y-4.2069
X8.4845 Y-4.215 Z0.4187
X8.4805 Y-4.2232
X8.4758 Y-4.2313 Z0.4188
X8.4746 Y-4.2332 Z0.4187
X8.4701 Y-4.2395 Z0.4188
X8.4664 Y-4.244 Z0.4187
X8.4634 Y-4.2476
X8.4583 Y-4.2531 Z0.4186
X8.4557 Y-4.2558
X8.4501 Y-4.2609 Z0.4187
X8.4467 Y-4.2639
X8.442 Y-4.2676 Z0.4188
X8.4356 Y-4.272 Z0.4187
X8.4339 Y-4.2732
X8.4257 Y-4.2779
X8.4213 Y-4.2802 Z0.4186
X8.4176 Y-4.2819
X8.4094 Y-4.2854
X8.4009 Y-4.2883
X8.3932 Y-4.2905
X8.385 Y-4.2922
X8.3769 Y-4.2935 Z0.4187
X8.3687 Y-4.2943
X8.3606 Y-4.2947 Z0.4189
X8.3524 Y-4.2943 Z0.4188
X8.3443 Y-4.2935 Z0.4187
X8.3362 Y-4.2923
X8.328 Y-4.2905 Z0.4186
X8.3199 Y-4.2882
X8.3117 Y-4.2854 Z0.4187
X8.3036 Y-4.282
X8.2997 Y-4.2802 Z0.4186
X8.2955 Y-4.278 Z0.4187
X8.2873 Y-4.2733 Z0.4188
X8.2792 Y-4.2676 Z0.4187
X8.2745 Y-4.2639 Z0.4186
X8.271 Y-4.2609
X8.2654 Y-4.2558
X8.2629 Y-4.2532
X8.2576 Y-4.2476 Z0.4187
X8.2548 Y-4.2443 Z0.4188
X8.2509 Y-4.2395
X8.2505 Y-4.2389
X8.2477 Y-4.2342 Z0.4186
X8.2464 Y-4.2317 Z0.4184
X8.2452 Y-4.2292 Z0.4181
X8.2432 Y-4.2241 Z0.4173
X8.2415 Y-4.2188 Z0.4164
X8.2402 Y-4.2135 Z0.4153
X8.2391 Y-4.2081 Z0.4141
X8.2384 Y-4.2026 Z0.4129
X8.2379 Y-4.1972 Z0.4116
X8.2376 Y-4.1916 Z0.4103
X8.2375 Y-4.1859 Z0.409
Y-4.1803 Z0.4079
X8.2376 Y-4.1746 Z0.4068
X8.2378 Y-4.1689 Z0.4059
X8.238 Y-4.1632 Z0.4052
X8.2383 Y-4.1574 Z0.4048
X8.2385 Y-4.1517 Z0.4046
X8.2386 Y-4.1499
X8.2394 Y-4.1418
X8.2408 Y-4.1336 Z0.4045
X8.2428 Y-4.1255
X8.2454 Y-4.1173
X8.2487 Y-4.1092
X8.2525 Y-4.101
X8.2548 Y-4.097
X8.2572 Y-4.0929 Z0.4046
X8.2629 Y-4.0844 Z0.4047
X8.2694 Y-4.0766 Z0.4046
X8.271 Y-4.0749
X8.2775 Y-4.0685
X8.2792 Y-4.067
X8.2873 Y-4.0601 Z0.4047
X8.2955 Y-4.0546 Z0.4046
X8.2997 Y-4.0522
X8.3036 Y-4.0501
X8.3117 Y-4.0462 Z0.4045
X8.317 Y-4.0441
X8.3199 Y-4.043
X8.328 Y-4.0405
X8.3362 Y-4.0385
X8.3443 Y-4.0371
X8.3524 Y-4.0362 Z0.4046
X8.3606 Y-4.0358 Z0.4047
X8.3642 Y-4.0359 Z0.4046
X8.3687 Y-4.0362
X8.3769 Y-4.0371 Z0.4045
X8.385 Y-4.0385
X8.3932 Y-4.0405
X8.4013 Y-4.043
X8.4041 Y-4.0441
X8.4094 Y-4.0462
X8.4176 Y-4.0501
X8.4215 Y-4.0522
X8.4257 Y-4.0547 Z0.4046
X8.434 Y-4.0603 Z0.4047
X8.442 Y-4.067 Z0.4046
X8.4436 Y-4.0685 Z0.4045
X8.4501 Y-4.075 Z0.4046
X8.4516 Y-4.0766 Z0.4045
X8.4584 Y-4.0848 Z0.4046
X8.464 Y-4.0929
X8.4664 Y-4.0971 Z0.4045
X8.4686 Y-4.101
X8.4725 Y-4.1092
X8.4746 Y-4.1144 Z0.4044
X8.4757 Y-4.1173 Z0.4045
X8.4782 Y-4.1255 Z0.4044
X8.4802 Y-4.1336 Z0.4045
X8.4816 Y-4.1418
X8.4825 Y-4.1499 Z0.4046
X8.4827 Y-4.1519
X8.483 Y-4.158 Z0.4048
X8.4827 Y-4.165 Z0.4046
X8.4826 Y-4.1662
X8.4817 Y-4.1743 Z0.4045
X8.4803 Y-4.1825
X8.4783 Y-4.1906
X8.4758 Y-4.1988
X8.4746 Y-4.2022
X8.4726 Y-4.2069
X8.4688 Y-4.215 Z0.4046
X8.4664 Y-4.2194
X8.4642 Y-4.2232 Z0.4047
X8.4583 Y-4.2318 Z0.4046
X8.4518 Y-4.2395 Z0.4045
X8.4501 Y-4.2413
X8.4438 Y-4.2476
X8.442 Y-4.2493
X8.4339 Y-4.2561 Z0.4047
X8.4257 Y-4.2616 Z0.4046
X8.4219 Y-4.2639 Z0.4045
X8.4176 Y-4.2663
X8.4094 Y-4.2701
X8.4048 Y-4.272
X8.4013 Y-4.2733
X8.3932 Y-4.2759
X8.385 Y-4.2778
X8.3769 Y-4.2793
X8.3683 Y-4.2802 Z0.4046
X8.3606 Y-4.2806 Z0.4047
X8.3524 Y-4.2802 Z0.4046
X8.3443 Y-4.2793
X8.3362 Y-4.2779 Z0.4045
X8.328 Y-4.2759
X8.3199 Y-4.2734
X8.3163 Y-4.272
X8.3117 Y-4.2702
X8.3036 Y-4.2663 Z0.4046
X8.2992 Y-4.2639
X8.2955 Y-4.2617 Z0.4047
X8.2869 Y-4.2558 Z0.4046
X8.2792 Y-4.2492 Z0.4045
X8.2774 Y-4.2476
X8.271 Y-4.2413
X8.2693 Y-4.2395 Z0.4046
X8.2629 Y-4.2319 Z0.4047
X8.257 Y-4.2232 Z0.4046
X8.2548 Y-4.2193 Z0.4045
X8.2524 Y-4.215
X8.2485 Y-4.2069
X8.2453 Y-4.1988
X8.2428 Y-4.1906
X8.2408 Y-4.1825
X8.2395 Y-4.1743
X8.2386 Y-4.1662 Z0.4046
X8.2385 Y-4.1639
X8.2383 Y-4.158
X8.2385 Y-4.1517
X8.2389 Y-4.1476 Z0.4045
X8.2392 Y-4.1462 Z0.4043
X8.2397 Y-4.1445 Z0.404
X8.2408 Y-4.141 Z0.4033
X8.2423 Y-4.1377 Z0.4024
X8.244 Y-4.1345 Z0.4013
X8.2459 Y-4.1315 Z0.4001
X8.2501 Y-4.1257 Z0.3975
X8.2548 Y-4.12 Z0.3949
X8.2596 Y-4.1142 Z0.3926
X8.262 Y-4.1112 Z0.3917
X8.2643 Y-4.1082 Z0.391
X8.2664 Y-4.105 Z0.3906
X8.2674 Y-4.1033 Z0.3905
X8.2684 Y-4.1016
X8.2687 Y-4.101
X8.271 Y-4.0975
X8.2742 Y-4.0929 Z0.3906
X8.2792 Y-4.0869 Z0.3905
X8.2812 Y-4.0848
X8.2873 Y-4.0786
X8.2896 Y-4.0766
X8.2955 Y-4.0717 Z0.3906
X8.3001 Y-4.0685 Z0.3905
X8.3036 Y-4.0662
X8.3117 Y-4.0617 Z0.3904
X8.3146 Y-4.0603
X8.3199 Y-4.0581 Z0.3903
X8.328 Y-4.0551 Z0.3904
X8.3362 Y-4.053 Z0.3903
X8.3396 Y-4.0522
X8.3443 Y-4.0513 Z0.3904
X8.3524 Y-4.0503 Z0.3905
X8.3606 Y-4.0499 Z0.3906
X8.3687 Y-4.0504 Z0.3904
X8.3769 Y-4.0513 Z0.3903
X8.3813 Y-4.0522 Z0.3904
X8.385 Y-4.053 Z0.3903
X8.3932 Y-4.0551 Z0.3904
X8.4013 Y-4.0581 Z0.3903
X8.4064 Y-4.0603 Z0.3904
X8.4094 Y-4.0618
X8.4176 Y-4.0663 Z0.3905
X8.421 Y-4.0685 Z0.3904
X8.4257 Y-4.0718 Z0.3906
X8.4316 Y-4.0766 Z0.3904
X8.4339 Y-4.0787
X8.4399 Y-4.0848
X8.442 Y-4.0871
X8.4469 Y-4.0929 Z0.3905
X8.4501 Y-4.0976 Z0.3904
X8.4524 Y-4.101 Z0.3905
X8.4569 Y-4.1092 Z0.3904
X8.4583 Y-4.1121
X8.4606 Y-4.1173 Z0.3903
X8.4636 Y-4.1255 Z0.3904
X8.4657 Y-4.1336 Z0.3903
X8.4664 Y-4.1369
X8.4673 Y-4.1418
X8.4684 Y-4.1499 Z0.3905
X8.4688 Y-4.158 Z0.3907
X8.4684 Y-4.1662 Z0.3905
X8.4675 Y-4.1743 Z0.3904
X8.4664 Y-4.1798
X8.4658 Y-4.1825
X8.4637 Y-4.1906
X8.4607 Y-4.1988
X8.4583 Y-4.2044 Z0.3905
X8.457 Y-4.2069
X8.4526 Y-4.215
X8.4501 Y-4.2188
X8.447 Y-4.2232
X8.442 Y-4.2292 Z0.3904
X8.4401 Y-4.2313 Z0.3903
X8.4339 Y-4.2376 Z0.3904
X8.4318 Y-4.2395
X8.4257 Y-4.2445 Z0.3906
X8.4213 Y-4.2476 Z0.3904
X8.4176 Y-4.2501 Z0.3905
X8.4094 Y-4.2546 Z0.3904
X8.4069 Y-4.2558
X8.4013 Y-4.2582
X8.3932 Y-4.2612
X8.385 Y-4.2634 Z0.3903
X8.3769 Y-4.265 Z0.3904
X8.3687 Y-4.266 Z0.3905
X8.3606 Y-4.2664 Z0.3906
X8.3524 Y-4.266 Z0.3905
X8.3443 Y-4.265 Z0.3904
X8.3382 Y-4.2639
X8.3362 Y-4.2634
X8.328 Y-4.2613
X8.3199 Y-4.2583
X8.314 Y-4.2558
X8.3117 Y-4.2546 Z0.3905
X8.3036 Y-4.2502
X8.2999 Y-4.2476 Z0.3904
X8.2955 Y-4.2445
X8.2895 Y-4.2395
X8.2873 Y-4.2375
X8.2811 Y-4.2313
X8.2792 Y-4.2293
X8.274 Y-4.2232 Z0.3906
X8.271 Y-4.2188 Z0.3905
X8.2686 Y-4.215 Z0.3904
X8.2641 Y-4.2069
X8.2629 Y-4.2045
X8.2605 Y-4.1988
X8.2575 Y-4.1906 Z0.3905
X8.2553 Y-4.1825 Z0.3903
X8.2548 Y-4.1801
X8.2537 Y-4.1743 Z0.3904
X8.2528 Y-4.1662 Z0.3905
X8.2524 Y-4.158
X8.2527 Y-4.1499
X8.2537 Y-4.1418
X8.2548 Y-4.136 Z0.3904
X8.2553 Y-4.1336
X8.2576 Y-4.1255
X8.2606 Y-4.1173
X8.2629 Y-4.1119
X8.2642 Y-4.1092
X8.2684 Y-4.1016 Z0.3905
X8.2707 Y-4.0982 Z0.3904
X8.2716 Y-4.0971 Z0.3903
X8.2728 Y-4.0958 Z0.3901
X8.2741 Y-4.0945 Z0.3898
X8.2754 Y-4.0933 Z0.3894
X8.2782 Y-4.0911 Z0.3885
X8.2813 Y-4.0891 Z0.3874
X8.2844 Y-4.0874 Z0.3863
X8.2877 Y-4.0859 Z0.385
X8.2909 Y-4.0845 Z0.3837
X8.298 Y-4.0819 Z0.3811
X8.3052 Y-4.0795 Z0.3787
X8.3124 Y-4.0769 Z0.377
X8.316 Y-4.0753 Z0.3765
X8.3196 Y-4.0737 Z0.3763
X8.328 Y-4.0701
X8.3326 Y-4.0685 Z0.3762
X8.3362 Y-4.0675
X8.3443 Y-4.0657
X8.3524 Y-4.0645 Z0.3763
X8.3606 Y-4.0641 Z0.3765
X8.3687 Y-4.0646 Z0.3763
X8.3769 Y-4.0657
X8.385 Y-4.0675 Z0.3762
X8.3884 Y-4.0685 Z0.3763
X8.3932 Y-4.0701 Z0.3762
X8.4013 Y-4.0735 Z0.3763
X8.4073 Y-4.0766
X8.4094 Y-4.0779 Z0.3764
X8.4176 Y-4.0834
X8.4193 Y-4.0848
X8.4257 Y-4.0905 Z0.3763
X8.4282 Y-4.0929
X8.4339 Y-4.0993 Z0.3764
X8.4353 Y-4.101
X8.4408 Y-4.1092 Z0.3763
X8.442 Y-4.1112
X8.4451 Y-4.1173
X8.4486 Y-4.1255 Z0.3762
X8.4501 Y-4.1299
X8.4512 Y-4.1336
X8.453 Y-4.1418
X8.4542 Y-4.1499 Z0.3763
X8.4547 Y-4.158 Z0.3765
X8.4543 Y-4.1662 Z0.3764
X8.4532 Y-4.1743 Z0.3763
X8.4513 Y-4.1825
X8.4501 Y-4.1866
X8.4487 Y-4.1906
X8.4453 Y-4.1988 Z0.3764
X8.442 Y-4.2053
X8.4411 Y-4.2069
X8.4354 Y-4.215
X8.4339 Y-4.217
X8.4283 Y-4.2232 Z0.3762
X8.4257 Y-4.2258 Z0.3763
X8.4196 Y-4.2313 Z0.3764
X8.4176 Y-4.2329
X8.4094 Y-4.2385
X8.4078 Y-4.2395
X8.4013 Y-4.2428 Z0.3763
X8.3932 Y-4.2462 Z0.3762
X8.3892 Y-4.2476 Z0.3763
X8.385 Y-4.2488 Z0.3762
X8.3769 Y-4.2506 Z0.3763
X8.3687 Y-4.2518
X8.3606 Y-4.2523 Z0.3765
X8.3524 Y-4.2519 Z0.3763
X8.3443 Y-4.2507
X8.3362 Y-4.2489
X8.3317 Y-4.2476
X8.328 Y-4.2463
X8.3199 Y-4.2429
X8.3133 Y-4.2395 Z0.3764
X8.3117 Y-4.2386
X8.3036 Y-4.2329 Z0.3763
X8.3016 Y-4.2313
X8.2955 Y-4.2258 Z0.3762
X8.2928 Y-4.2232 Z0.3763
X8.2873 Y-4.2172 Z0.3764
X8.2856 Y-4.215 Z0.3765
X8.2802 Y-4.2069 Z0.3763
X8.2792 Y-4.2051
X8.2758 Y-4.1988
X8.2724 Y-4.1906
X8.271 Y-4.1867
X8.2699 Y-4.1825
X8.268 Y-4.1743
X8.2669 Y-4.1662
X8.2665 Y-4.158
X8.2669 Y-4.1499 Z0.3764
X8.268 Y-4.1418
X8.2699 Y-4.1336 Z0.3763
X8.271 Y-4.1297
X8.2725 Y-4.1255 Z0.3762
X8.276 Y-4.1173
X8.2792 Y-4.1111 Z0.3764
X8.2803 Y-4.1092 Z0.3763
X8.2858 Y-4.101 Z0.3765
X8.2873 Y-4.0991 Z0.3764
X8.2929 Y-4.0929 Z0.3763
X8.2955 Y-4.0903
X8.3018 Y-4.0847 Z0.3764
X8.3036 Y-4.0832
X8.3117 Y-4.0778
X8.3137 Y-4.0766
X8.3196 Y-4.0737 Z0.3763
X8.3229 Y-4.0722 Z0.3761
X8.3247 Y-4.0716 Z0.376
X8.3265 Y-4.0712 Z0.3758
X8.3282 Y-4.0708 Z0.3755
X8.33 Y-4.0705 Z0.3751
X8.3336 Y-4.0702 Z0.3743
X8.3373 Z0.3733
X8.3409 Y-4.0705 Z0.3722
X8.348 Y-4.0716 Z0.3698
X8.3553 Y-4.0735 Z0.3672
X8.3625 Y-4.0757 Z0.3647
X8.3699 Y-4.0781 Z0.363
X8.3737 Y-4.0792 Z0.3624
X8.3775 Y-4.0803 Z0.3622
X8.385 Y-4.0822 Z0.3621
X8.3919 Y-4.0848 Z0.3622
X8.4013 Y-4.0895
X8.4066 Y-4.0929
X8.4094 Y-4.0949 Z0.3623
X8.4163 Y-4.101 Z0.3622
X8.4176 Y-4.1023
X8.4237 Y-4.1092 Z0.3623
X8.4257 Y-4.112 Z0.3621
X8.4292 Y-4.1173 Z0.3622
X8.4339 Y-4.1265
X8.4365 Y-4.1336 Z0.3621
X8.4386 Y-4.1418
X8.44 Y-4.1499 Z0.3622
X8.4405 Y-4.158 Z0.3624
X8.4401 Y-4.1662 Z0.3623
X8.4387 Y-4.1743 Z0.3622
X8.4366 Y-4.1825
X8.4339 Y-4.19
X8.4295 Y-4.1988 Z0.3623
X8.4257 Y-4.2044 Z0.3622
X8.4239 Y-4.2069 Z0.3623
X8.4176 Y-4.214 Z0.3621
X8.4165 Y-4.215
X8.4094 Y-4.2214 Z0.3623
X8.4069 Y-4.2232 Z0.3622
X8.4013 Y-4.2269 Z0.3623
X8.3924 Y-4.2313 Z0.3622
X8.385 Y-4.2341
X8.3769 Y-4.2363
X8.3687 Y-4.2376
X8.3606 Y-4.2381 Z0.3623
X8.3524 Y-4.2377 Z0.3622
X8.3443 Y-4.2364
X8.3362 Y-4.2342
X8.328 Y-4.2311
X8.3199 Y-4.227 Z0.3623
X8.3117 Y-4.2214 Z0.3622
X8.3046 Y-4.215 Z0.3621
X8.3036 Y-4.214
X8.2972 Y-4.2069 Z0.3623
X8.2955 Y-4.2044 Z0.3622
X8.2918 Y-4.1988
X8.2876 Y-4.1906
X8.2873 Y-4.1899
X8.2845 Y-4.1825
X8.2824 Y-4.1743
X8.2811 Y-4.1662
X8.2807 Y-4.158
X8.2811 Y-4.1499
X8.2824 Y-4.1418
X8.2846 Y-4.1336
X8.2873 Y-4.1265
X8.2878 Y-4.1255
X8.2919 Y-4.1173
X8.2955 Y-4.1119
X8.2973 Y-4.1092 Z0.3623
X8.3036 Y-4.1022 Z0.3622
X8.3047 Y-4.101
X8.3117 Y-4.0948 Z0.3623
X8.3199 Y-4.0894 Z0.3622
X8.328 Y-4.0852 Z0.3621
X8.3291 Y-4.0848 Z0.3622
X8.3362 Y-4.0822 Z0.3621
X8.3443 Y-4.08
X8.3524 Y-4.0787 Z0.3622
X8.3606 Y-4.0782 Z0.3623
X8.3687 Y-4.0788 Z0.3622
X8.3769 Y-4.0801
X8.3775 Y-4.0803
X8.3814 Y-4.0816 Z0.3619
X8.3827 Y-4.0822 Z0.3618
X8.3843 Y-4.083 Z0.3615
X8.3859 Y-4.0839 Z0.3612
X8.3874 Y-4.0849 Z0.3608
X8.3903 Y-4.0871 Z0.3599
X8.393 Y-4.0895 Z0.3588
X8.3955 Y-4.0921 Z0.3576
X8.3978 Y-4.0948 Z0.3564
X8.4 Y-4.0977 Z0.3552
X8.4042 Y-4.1039 Z0.3526
X8.4082 Y-4.1104 Z0.3504
X8.4122 Y-4.1171 Z0.3488
X8.4143 Y-4.1204 Z0.3483
X8.4164 Y-4.1237 Z0.3481
X8.4176 Y-4.1255
X8.4215 Y-4.1336
X8.4241 Y-4.1418
X8.4257 Y-4.1499
X8.4264 Y-4.158 Z0.3482
X8.4258 Y-4.1662 Z0.3481
X8.4257 Y-4.1673 Z0.3482
X8.4242 Y-4.1743 Z0.3481
X8.4217 Y-4.1825
X8.4179 Y-4.1906 Z0.3482
X8.4123 Y-4.1988 Z0.3481
X8.4094 Y-4.202 Z0.348
X8.4046 Y-4.2069
X8.4013 Y-4.2098 Z0.3482
X8.3932 Y-4.2153 Z0.3481
X8.385 Y-4.2192
X8.3769 Y-4.2218 Z0.348
X8.3703 Y-4.2232 Z0.3481
X8.3687 Y-4.2234
X8.3606 Y-4.224 Z0.3482
X8.3524 Y-4.2234 Z0.3481
X8.3505 Y-4.2232 Z0.3482
X8.3443 Y-4.2218 Z0.3481
X8.3362 Y-4.2192 Z0.3482
X8.328 Y-4.2154
X8.3199 Y-4.2098 Z0.348
X8.3166 Y-4.2069
X8.3117 Y-4.2021 Z0.3481
X8.3087 Y-4.1988 Z0.3482
X8.3034 Y-4.1906 Z0.3481
X8.2995 Y-4.1825
X8.2969 Y-4.1743
X8.2955 Y-4.1674
X8.2953 Y-4.1662
X8.2948 Y-4.158
X8.2953 Y-4.1499
X8.2955 Y-4.1483 Z0.3482
X8.2969 Y-4.1418 Z0.3481
X8.2996 Y-4.1336
X8.3036 Y-4.1254
X8.3089 Y-4.1173 Z0.3482
X8.3117 Y-4.1142 Z0.3481
X8.3167 Y-4.1092
X8.3199 Y-4.1064 Z0.3482
X8.328 Y-4.101 Z0.3481
X8.3362 Y-4.0972
X8.3443 Y-4.0945
X8.3528 Y-4.0929
X8.3606 Y-4.0924 Z0.3482
X8.3687 Y-4.093 Z0.3481
X8.3769 Y-4.0945 Z0.348
X8.385 Y-4.0971 Z0.3481
X8.3932 Y-4.1011
X8.4013 Y-4.1065 Z0.3482
X8.4044 Y-4.1092 Z0.3481
X8.4094 Y-4.1142 Z0.348
X8.4121 Y-4.1173 Z0.3482
X8.4164 Y-4.1237 Z0.3481
X8.4183 Y-4.1264 Z0.3484
X8.4201 Y-4.129 Z0.3492
X8.4217 Y-4.1315 Z0.3506
X8.4232 Y-4.1337 Z0.3524
X8.4246 Y-4.1356 Z0.3548
X8.4256 Y-4.1372 Z0.3574
X8.4264 Y-4.1384 Z0.3604
X8.4269 Y-4.1391 Z0.3636
X8.427 Y-4.1393 Z0.3669
G0 Z1.1
M5
G53 G0 Z0.
(2D CHAMFER1)
M9
M1
T13 M6
T11
S7500 M3
G17 G90 G94
G54
M8
G0 X5.4618 Y-1.8115
G43 Z1.1 H13
G0 Z0.7
G1 Z0.355 F80.
G3 X4.8208 Y-2.6866 I1.1417 J-1.5087 F50.
G2 X3.7563 Y-2.9681 I-0.6285 J0.2234
G3 X0.4845 Y-1.2891 I-5.0956 J-5.9023
G2 X-0.0033 Y-0.4663 I0.156 J0.6485
X0.8329 Y-0.0018 I0.6439 J-0.1743
G3 X4.9912 Y-0.0957 I2.2488 J7.4662
G2 X7.1348 Y-0.145 I0.9829 J-3.8913
X6.8537 Y-1.4448 I-0.1929 J-0.6385
G3 X5.4618 Y-1.8115 I-0.2502 J-1.8754
G0 Z0.7
X7.6422 Y-2.0544
G1 Z0.355 F80.
G3 X9.7321 Y-3.1977 I1.7505 J0.718 F50.
G2 X10.075 Y-4.4825 I0.1197 J-0.6562
X7.9361 Y-4.6341 I-1.3429 J3.7822
G3 X3.787 Y-4.9264 I-1.5464 J-7.6427
G2 X2.9296 Y-4.5025 I-0.2226 J0.6288
X3.3776 Y-3.6573 I0.6348 J0.2048
G3 X6.5655 Y-1.824 I-2.1837 J7.4855
G2 X7.6422 Y-2.0544 I0.4595 J-0.4835
G0 Z1.1
(2D CONTOUR1)
G0 X4.2304 Y-3.9275
Z1.1
Z0.7
G1 Z0.4549 F80.
X4.2307 Z0.4503 F10.
X4.2315 Y-3.9274 Z0.4459
X4.2329 Y-3.9272 Z0.4416
X4.2347 Y-3.927 Z0.4374
X4.237 Y-3.9267 Z0.4336
X4.2398 Y-3.9264 Z0.43
X4.243 Y-3.9261 Z0.4268
X4.2465 Y-3.9257 Z0.424
X4.2504 Y-3.9253 Z0.4217
X4.2545 Y-3.9248 Z0.4198
X4.2588 Y-3.9243 Z0.4185
X4.2632 Y-3.9238 Z0.4176
X4.2677 Y-3.9233 Z0.4174
X4.305 Y-3.9192
G3 X4.3381 Y-3.8778 I-0.0042 J0.0373
X3.997 Y-3.9158 I-0.1706 J-0.019
X4.3381 Y-3.8778 I0.1706 J0.019
X3.997 Y-3.9158 I-0.1706 J-0.019
X4.3381 Y-3.8778 I0.1706 J0.019
X4.2967 Y-3.8446 I-0.0373 J-0.0042
G1 X4.2594 Y-3.8488
X4.2549 Y-3.8493 Z0.4176
X4.2505 Y-3.8498 Z0.4185
X4.2462 Y-3.8503 Z0.4198
X4.2421 Y-3.8507 Z0.4217
X4.2382 Y-3.8511 Z0.424
X4.2347 Y-3.8515 Z0.4268
X4.2315 Y-3.8519 Z0.43
X4.2287 Y-3.8522 Z0.4336
X4.2264 Y-3.8525 Z0.4374
X4.2246 Y-3.8527 Z0.4416
X4.2232 Y-3.8528 Z0.4459
X4.2224 Y-3.8529 Z0.4503
X4.2221 Z0.4549
G0 Z0.7
X5.4945 Y-0.592
G1 Z0.4549 F80.
X5.4948 Z0.4503 F10.
X5.4956 Y-0.5921 Z0.4459
X5.497 Y-0.5922 Z0.4416
X5.4988 Y-0.5923 Z0.4374
X5.5012 Y-0.5924 Z0.4336
X5.5039 Y-0.5926 Z0.43
X5.5071 Y-0.5928 Z0.4268
X5.5107 Y-0.593 Z0.424
X5.5146 Y-0.5933 Z0.4217
X5.5187 Y-0.5935 Z0.4198
X5.523 Y-0.5938 Z0.4185
X5.5274 Y-0.5941 Z0.4176
X5.532 Y-0.5944 Z0.4174
X5.5694 Y-0.5968
G3 X5.6092 Y-0.5617 I0.0024 J0.0374
X5.2666 Y-0.54 I-0.1713 J0.0109
X5.6092 Y-0.5617 I0.1713 J-0.0109
X5.2666 Y-0.54 I-0.1713 J0.0109
X5.6092 Y-0.5617 I0.1713 J-0.0109
X5.5741 Y-0.5219 I-0.0374 J0.0024
G1 X5.5367 Y-0.5195
X5.5322 Y-0.5193 Z0.4176
X5.5277 Y-0.519 Z0.4185
X5.5234 Y-0.5187 Z0.4198
X5.5193 Y-0.5184 Z0.4217
X5.5154 Y-0.5182 Z0.424
X5.5119 Y-0.518 Z0.4268
X5.5087 Y-0.5178 Z0.43
X5.5059 Y-0.5176 Z0.4336
X5.5036 Y-0.5174 Z0.4374
X5.5017 Y-0.5173 Z0.4416
X5.5004 Y-0.5172 Z0.4459
X5.4996 Z0.4503
X5.4993 Z0.4549
G0 Z0.7
X1.3188 Y-1.0533
G1 Z0.4549 F80.
X1.319 Y-1.0534 Z0.4503 F10.
X1.3199 Z0.4459
X1.3212 Y-1.0535 Z0.4416
X1.323 Y-1.0536 Z0.4374
X1.3254 Y-1.0538 Z0.4336
X1.3282 Y-1.0539 Z0.43
X1.3314 Y-1.0541 Z0.4268
X1.3349 Y-1.0544 Z0.424
X1.3388 Y-1.0546 Z0.4217
X1.3429 Y-1.0549 Z0.4198
X1.3472 Y-1.0551 Z0.4185
X1.3517 Y-1.0554 Z0.4176
X1.3562 Y-1.0557 Z0.4174
X1.3936 Y-1.0581
G3 X1.4334 Y-1.023 I0.0024 J0.0374
X1.0909 Y-1.0013 I-0.1713 J0.0109
X1.4334 Y-1.023 I0.1713 J-0.0109
X1.0909 Y-1.0013 I-0.1713 J0.0109
X1.4334 Y-1.023 I0.1713 J-0.0109
X1.3984 Y-0.9832 I-0.0374 J0.0024
G1 X1.3609 Y-0.9809
X1.3564 Y-0.9806 Z0.4176
X1.352 Y-0.9803 Z0.4185
X1.3477 Y-0.98 Z0.4198
X1.3435 Y-0.9798 Z0.4217
X1.3397 Y-0.9795 Z0.424
X1.3361 Y-0.9793 Z0.4268
X1.3329 Y-0.9791 Z0.43
X1.3301 Y-0.9789 Z0.4336
X1.3278 Y-0.9788 Z0.4374
X1.3259 Y-0.9786 Z0.4416
X1.3246 Z0.4459
X1.3238 Y-0.9785 Z0.4503
X1.3235 Z0.4549
G0 Z0.7
X8.4235 Y-4.1889
G1 Z0.4549 F80.
X8.4237 Y-4.1888 Z0.4503 F10.
X8.4245 Z0.4459
X8.4259 Y-4.1886 Z0.4416
X8.4277 Y-4.1884 Z0.4374
X8.4301 Y-4.1881 Z0.4336
X8.4328 Y-4.1878 Z0.43
X8.436 Y-4.1875 Z0.4268
X8.4396 Y-4.1871 Z0.424
X8.4434 Y-4.1867 Z0.4217
X8.4475 Y-4.1862 Z0.4198
X8.4518 Y-4.1857 Z0.4185
X8.4562 Y-4.1852 Z0.4176
X8.4607 Y-4.1847 Z0.4174
X8.498 Y-4.1806
G3 X8.5311 Y-4.1392 I-0.0041 J0.0373
X8.19 Y-4.1771 I-0.1706 J-0.019
X8.5311 Y-4.1392 I0.1706 J0.019
X8.19 Y-4.1771 I-0.1706 J-0.019
X8.5311 Y-4.1392 I0.1706 J0.019
X8.4897 Y-4.106 I-0.0373 J-0.0041
G1 X8.4524 Y-4.1102
X8.4479 Y-4.1107 Z0.4176
X8.4435 Y-4.1112 Z0.4185
X8.4392 Y-4.1117 Z0.4198
X8.4351 Y-4.1121 Z0.4217
X8.4313 Y-4.1125 Z0.424
X8.4277 Y-4.1129 Z0.4268
X8.4245 Y-4.1133 Z0.43
X8.4218 Y-4.1136 Z0.4336
X8.4194 Y-4.1139 Z0.4374
X8.4176 Y-4.1141 Z0.4416
X8.4163 Y-4.1142 Z0.4459
X8.4154 Y-4.1143 Z0.4503
X8.4152 Z0.4549
G0 Z1.1
(2D CONTOUR1 3)
G0 X4.1708 Y-3.9341
Z1.1
Z0.7
G1 Z0.3949 F80.
X4.1711 Z0.3903 F10.
X4.1719 Y-3.934 Z0.3859
X4.1732 Y-3.9339 Z0.3816
X4.1751 Y-3.9337 Z0.3774
X4.1774 Y-3.9334 Z0.3736
X4.1802 Y-3.9331 Z0.37
X4.1834 Y-3.9327 Z0.3668
X4.1869 Y-3.9323 Z0.364
X4.1908 Y-3.9319 Z0.3617
X4.1949 Y-3.9314 Z0.3598
X4.1992 Y-3.931 Z0.3585
X4.2036 Y-3.9305 Z0.3576
X4.2081 Y-3.93 Z0.3574
X4.2453 Y-3.9258
G3 X4.2785 Y-3.8844 I-0.0042 J0.0373
X4.0566 Y-3.9091 I-0.1109 J-0.0124
X4.2785 Y-3.8844 I0.1109 J0.0124
X4.0566 Y-3.9091 I-0.1109 J-0.0124
X4.2785 Y-3.8844 I0.1109 J0.0124
X4.237 Y-3.8513 I-0.0373 J-0.0042
G1 X4.1998 Y-3.8554
X4.1953 Y-3.8559 Z0.3576
X4.1909 Y-3.8564 Z0.3585
X4.1866 Y-3.8569 Z0.3598
X4.1824 Y-3.8574 Z0.3617
X4.1786 Y-3.8578 Z0.364
X4.1751 Y-3.8582 Z0.3668
X4.1719 Y-3.8585 Z0.37
X4.1691 Y-3.8589 Z0.3736
X4.1668 Y-3.8591 Z0.3774
X4.1649 Y-3.8593 Z0.3816
X4.1636 Y-3.8595 Z0.3859
X4.1628 Y-3.8596 Z0.3903
X4.1625 Z0.3949
G0 Z0.7
X5.4347 Y-0.5882
G1 Z0.3949 F80.
X5.4349 Z0.3903 F10.
X5.4357 Y-0.5883 Z0.3859
X5.4371 Y-0.5884 Z0.3816
X5.4389 Y-0.5885 Z0.3774
X5.4413 Y-0.5886 Z0.3736
X5.4441 Y-0.5888 Z0.37
X5.4473 Y-0.589 Z0.3668
X5.4508 Y-0.5892 Z0.364
X5.4547 Y-0.5895 Z0.3617
X5.4588 Y-0.5897 Z0.3598
X5.4631 Y-0.59 Z0.3585
X5.4676 Y-0.5903 Z0.3576
X5.4721 Y-0.5906 Z0.3574
X5.5095 Y-0.593
G3 X5.5493 Y-0.5579 I0.0024 J0.0374
X5.3265 Y-0.5438 I-0.1114 J0.0071
X5.5493 Y-0.5579 I0.1114 J-0.0071
X5.3265 Y-0.5438 I-0.1114 J0.0071
X5.5493 Y-0.5579 I0.1114 J-0.0071
X5.5143 Y-0.5181 I-0.0374 J0.0024
G1 X5.4768 Y-0.5157
X5.4723 Y-0.5155 Z0.3576
X5.4679 Y-0.5152 Z0.3585
X5.4636 Y-0.5149 Z0.3598
X5.4594 Y-0.5146 Z0.3617
X5.4556 Y-0.5144 Z0.364
X5.452 Y-0.5142 Z0.3668
X5.4488 Y-0.514 Z0.37
X5.446 Y-0.5138 Z0.3736
X5.4437 Y-0.5136 Z0.3774
X5.4418 Y-0.5135 Z0.3816
X5.4405 Y-0.5134 Z0.3859
X5.4397 Z0.3903
X5.4394 Z0.3949
G0 Z0.7
X1.2589 Y-1.0495
G1 Z0.3949 F80.
X1.2592 Y-1.0496 Z0.3903 F10.
X1.26 Z0.3859
X1.2613 Y-1.0497 Z0.3816
X1.2632 Y-1.0498 Z0.3774
X1.2655 Y-1.05 Z0.3736
X1.2683 Y-1.0501 Z0.37
X1.2715 Y-1.0503 Z0.3668
X1.275 Y-1.0506 Z0.364
X1.2789 Y-1.0508 Z0.3617
X1.283 Y-1.0511 Z0.3598
X1.2874 Y-1.0513 Z0.3585
X1.2918 Y-1.0516 Z0.3576
X1.2963 Y-1.0519 Z0.3574
X1.3337 Y-1.0543
G3 X1.3735 Y-1.0192 I0.0024 J0.0374
X1.1508 Y-1.0051 I-0.1114 J0.0071
X1.3735 Y-1.0192 I0.1114 J-0.0071
X1.1508 Y-1.0051 I-0.1114 J0.0071
X1.3735 Y-1.0192 I0.1114 J-0.0071
X1.3385 Y-0.9794 I-0.0374 J0.0024
G1 X1.3011 Y-0.9771
X1.2965 Y-0.9768 Z0.3576
X1.2921 Y-0.9765 Z0.3585
X1.2878 Y-0.9762 Z0.3598
X1.2837 Y-0.976 Z0.3617
X1.2798 Y-0.9757 Z0.364
X1.2762 Y-0.9755 Z0.3668
X1.273 Y-0.9753 Z0.37
X1.2703 Y-0.9751 Z0.3736
X1.2679 Y-0.975 Z0.3774
X1.2661 Y-0.9748 Z0.3816
X1.2647 Z0.3859
X1.2639 Y-0.9747 Z0.3903
X1.2636 Z0.3949
G0 Z0.7
X8.3718 Y-4.1939
G1 Z0.3949 F80.
X8.372 Y-4.1938 Z0.3903 F10.
X8.3728 Y-4.1936 Z0.3859
X8.3741 Y-4.1932 Z0.3816
X8.3759 Y-4.1926 Z0.3774
X8.3781 Y-4.1918 Z0.3736
X8.3807 Y-4.1909 Z0.37
X8.3837 Y-4.1899 Z0.3668
X8.3871 Y-4.1887 Z0.364
X8.3908 Y-4.1875 Z0.3617
X8.3947 Y-4.1862 Z0.3598
X8.3988 Y-4.1848 Z0.3585
X8.403 Y-4.1833 Z0.3576
X8.4073 Y-4.1819 Z0.3574
X8.4428 Y-4.1698
G3 X8.4662 Y-4.1222 I-0.0121 J0.0355
X8.2549 Y-4.194 I-0.1057 J-0.0359
X8.4662 Y-4.1222 I0.1057 J0.0359
X8.2549 Y-4.194 I-0.1057 J-0.0359
X8.4662 Y-4.1222 I0.1057 J0.0359
X8.4187 Y-4.0988 I-0.0355 J-0.0121
G1 X8.3832 Y-4.1109
X8.3789 Y-4.1123 Z0.3576
X8.3747 Y-4.1137 Z0.3585
X8.3706 Y-4.1151 Z0.3598
X8.3667 Y-4.1165 Z0.3617
X8.363 Y-4.1177 Z0.364
X8.3596 Y-4.1189 Z0.3668
X8.3566 Y-4.1199 Z0.37
X8.3539 Y-4.1208 Z0.3736
X8.3517 Y-4.1215 Z0.3774
X8.35 Y-4.1221 Z0.3816
X8.3487 Y-4.1226 Z0.3859
X8.3479 Y-4.1228 Z0.3903
X8.3477 Y-4.1229 Z0.3949
G0 Z1.1
(2D CONTOUR1 2)
G0 X4.1609 Y-3.9352
Z1.1
Z0.7
G1 Z0.3849 F80.
X4.1611 Z0.3803 F10.
X4.162 Y-3.9351 Z0.3759
X4.1633 Y-3.935 Z0.3716
X4.1651 Y-3.9348 Z0.3674
X4.1675 Y-3.9345 Z0.3636
X4.1702 Y-3.9342 Z0.36
X4.1734 Y-3.9338 Z0.3568
X4.177 Y-3.9334 Z0.354
X4.1808 Y-3.933 Z0.3517
X4.1849 Y-3.9326 Z0.3498
X4.1892 Y-3.9321 Z0.3485
X4.1936 Y-3.9316 Z0.3476
X4.1981 Y-3.9311 Z0.3474
X4.2354 Y-3.9269
G3 X4.2685 Y-3.8855 I-0.0042 J0.0373
X4.0666 Y-3.908 I-0.101 J-0.0113
X4.2685 Y-3.8855 I0.101 J0.0113
X4.0666 Y-3.908 I-0.101 J-0.0113
X4.2685 Y-3.8855 I0.101 J0.0113
X4.2271 Y-3.8524 I-0.0373 J-0.0042
G1 X4.1898 Y-3.8565
X4.1853 Y-3.857 Z0.3476
X4.1809 Y-3.8575 Z0.3485
X4.1766 Y-3.858 Z0.3498
X4.1725 Y-3.8585 Z0.3517
X4.1687 Y-3.8589 Z0.354
X4.1651 Y-3.8593 Z0.3568
X4.1619 Y-3.8597 Z0.36
X4.1592 Y-3.86 Z0.3636
X4.1568 Y-3.8602 Z0.3674
X4.155 Y-3.8604 Z0.3716
X4.1536 Y-3.8606 Z0.3759
X4.1528 Y-3.8607 Z0.3803
X4.1526 Z0.3849
G0 Z0.7
X5.4247 Y-0.5876
G1 Z0.3849 F80.
X5.4249 Z0.3803 F10.
X5.4258 Y-0.5877 Z0.3759
X5.4271 Z0.3716
X5.429 Y-0.5879 Z0.3674
X5.4313 Y-0.588 Z0.3636
X5.4341 Y-0.5882 Z0.36
X5.4373 Y-0.5884 Z0.3568
X5.4408 Y-0.5886 Z0.354
X5.4447 Y-0.5889 Z0.3517
X5.4488 Y-0.5891 Z0.3498
X5.4531 Y-0.5894 Z0.3485
X5.4576 Y-0.5897 Z0.3476
X5.4621 Y-0.59 Z0.3474
X5.4995 Y-0.5923
G3 X5.5393 Y-0.5573 I0.0024 J0.0374
X5.3365 Y-0.5444 I-0.1014 J0.0064
X5.5393 Y-0.5573 I0.1014 J-0.0064
X5.3365 Y-0.5444 I-0.1014 J0.0064
X5.5393 Y-0.5573 I0.1014 J-0.0064
X5.5043 Y-0.5175 I-0.0374 J0.0024
G1 X5.4668 Y-0.5151
X5.4623 Y-0.5148 Z0.3476
X5.4579 Y-0.5145 Z0.3485
X5.4536 Y-0.5143 Z0.3498
X5.4495 Y-0.514 Z0.3517
X5.4456 Y-0.5138 Z0.354
X5.442 Y-0.5135 Z0.3568
X5.4388 Y-0.5133 Z0.36
X5.436 Y-0.5132 Z0.3636
X5.4337 Y-0.513 Z0.3674
X5.4319 Y-0.5129 Z0.3716
X5.4305 Y-0.5128 Z0.3759
X5.4297 Y-0.5127 Z0.3803
X5.4294 Z0.3849
G0 Z0.7
X1.2489 Y-1.0489
G1 Z0.3849 F80.
X1.2492 Z0.3803 F10.
X1.25 Y-1.049 Z0.3759
X1.2513 Y-1.0491 Z0.3716
X1.2532 Y-1.0492 Z0.3674
X1.2555 Y-1.0493 Z0.3636
X1.2583 Y-1.0495 Z0.36
X1.2615 Y-1.0497 Z0.3568
X1.2651 Y-1.0499 Z0.354
X1.2689 Y-1.0502 Z0.3517
X1.2731 Y-1.0504 Z0.3498
X1.2774 Y-1.0507 Z0.3485
X1.2818 Y-1.051 Z0.3476
X1.2863 Y-1.0513 Z0.3474
X1.3238 Y-1.0537
G3 X1.3636 Y-1.0186 I0.0024 J0.0374
X1.1607 Y-1.0057 I-0.1014 J0.0064
X1.3636 Y-1.0186 I0.1014 J-0.0064
X1.1607 Y-1.0057 I-0.1014 J0.0064
X1.3636 Y-1.0186 I0.1014 J-0.0064
X1.3285 Y-0.9788 I-0.0374 J0.0024
G1 X1.2911 Y-0.9764
X1.2866 Y-0.9761 Z0.3476
X1.2821 Y-0.9759 Z0.3485
X1.2778 Y-0.9756 Z0.3498
X1.2737 Y-0.9753 Z0.3517
X1.2698 Y-0.9751 Z0.354
X1.2663 Y-0.9749 Z0.3568
X1.2631 Y-0.9746 Z0.36
X1.2603 Y-0.9745 Z0.3636
X1.2579 Y-0.9743 Z0.3674
X1.2561 Y-0.9742 Z0.3716
X1.2547 Y-0.9741 Z0.3759
X1.2539 Z0.3803
X1.2537 Z0.3849
G0 Z0.7
X8.3629 Y-4.1971
G1 Z0.3849 F80.
X8.3632 Y-4.197 Z0.3803 F10.
X8.364 Y-4.1968 Z0.3759
X8.3652 Y-4.1963 Z0.3716
X8.367 Y-4.1957 Z0.3674
X8.3692 Y-4.1949 Z0.3636
X8.3718 Y-4.1939 Z0.36
X8.3748 Y-4.1929 Z0.3568
X8.3782 Y-4.1917 Z0.354
X8.3818 Y-4.1904 Z0.3517
X8.3857 Y-4.189 Z0.3498
X8.3898 Y-4.1875 Z0.3485
X8.394 Y-4.186 Z0.3476
X8.3983 Y-4.1845 Z0.3474
X8.4336 Y-4.1719
G3 X8.4562 Y-4.1239 I-0.0126 J0.0353
X8.2649 Y-4.1924 I-0.0957 J-0.0342
X8.4562 Y-4.1239 I0.0957 J0.0342
X8.2649 Y-4.1924 I-0.0957 J-0.0342
X8.4562 Y-4.1239 I0.0957 J0.0342
X8.4083 Y-4.1012 I-0.0353 J-0.0126
G1 X8.373 Y-4.1139
X8.3687 Y-4.1154 Z0.3476
X8.3645 Y-4.1169 Z0.3485
X8.3605 Y-4.1183 Z0.3498
X8.3566 Y-4.1197 Z0.3517
X8.3529 Y-4.121 Z0.354
X8.3496 Y-4.1222 Z0.3568
X8.3466 Y-4.1233 Z0.36
X8.3439 Y-4.1243 Z0.3636
X8.3417 Y-4.1251 Z0.3674
X8.34 Y-4.1257 Z0.3716
X8.3387 Y-4.1261 Z0.3759
X8.3379 Y-4.1264 Z0.3803
X8.3377 Y-4.1265 Z0.3849
G0 Z1.1
(2D CONTOUR2)
G0 X6.6687 Y-2.9574
Z1.1
Z0.7
G1 Z0.4625 F80.
X6.6689 Y-2.9572 Z0.458 F20.
X6.6693 Y-2.9565 Z0.4535
X6.67 Y-2.9553 Z0.4492
X6.671 Y-2.9537 Z0.4451
X6.6722 Y-2.9517 Z0.4412
X6.6737 Y-2.9494 Z0.4376
X6.6754 Y-2.9466 Z0.4344
X6.6772 Y-2.9436 Z0.4316
X6.6793 Y-2.9403 Z0.4293
X6.6814 Y-2.9368 Z0.4274
X6.6837 Y-2.9331 Z0.4261
X6.686 Y-2.9293 Z0.4253
X6.6884 Y-2.9255 Z0.425
X6.7081 Y-2.8935
G3 X6.6958 Y-2.8419 I-0.0319 J0.0197
G2 X6.5305 Y-2.6941 I0.3292 J0.5344
G3 X6.2512 Y-2.6596 I-0.1569 J-0.1226
G2 X4.6946 Y-3.6158 I-5.0573 J6.4878
G3 X4.5829 Y-3.8283 I0.0847 J-0.1802
G2 X4.5543 Y-4.0629 I-0.4154 J-0.0684
G3 X4.6898 Y-4.2282 I0.1106 J-0.0475
G2 X7.7385 Y-4.162 I1.7 J-8.0486
G3 X7.9604 Y-4.0274 I0.0326 J0.1964
G2 X8.778 Y-4.1033 I0.4002 J-0.1307
G3 X8.9897 Y-4.276 I0.1974 J0.0259
X9.0729 Y-4.269 I-0.2579 J3.5756
X9.2461 Y-4.0186 I-0.0189 J0.1982
G2 X9.2244 Y-3.8351 I0.6057 J0.1647
G3 X9.0544 Y-3.6322 I-0.199 J0.006
G2 X7.6418 Y-2.8594 I0.3382 J2.2958
G3 X7.3792 Y-2.8257 I-0.1502 J-0.1307
G2 X6.5305 Y-2.6941 I-0.3542 J0.5182
G3 X6.2512 Y-2.6596 I-0.1569 J-0.1226
G2 X4.6946 Y-3.6158 I-5.0573 J6.4878
G3 X4.5829 Y-3.8283 I0.0847 J-0.1802
G2 X4.5543 Y-4.0629 I-0.4154 J-0.0684
G3 X4.6898 Y-4.2282 I0.1106 J-0.0475
G2 X7.7385 Y-4.162 I1.7 J-8.0486
G3 X7.9604 Y-4.0274 I0.0326 J0.1964
G2 X8.778 Y-4.1033 I0.4002 J-0.1307
G3 X8.9897 Y-4.276 I0.1974 J0.0259
X9.0729 Y-4.269 I-0.2579 J3.5756
X9.2461 Y-4.0186 I-0.0189 J0.1982
G2 X9.2244 Y-3.8351 I0.6057 J0.1647
G3 X9.0544 Y-3.6322 I-0.199 J0.006
G2 X7.6418 Y-2.8594 I0.3382 J2.2958
G3 X7.3792 Y-2.8257 I-0.1502 J-0.1307
G2 X6.6958 Y-2.8419 I-0.3542 J0.5182
G3 X6.6442 Y-2.8542 I-0.0197 J-0.0319
G1 X6.6246 Y-2.8861
X6.6222 Y-2.89 Z0.4253
X6.6199 Y-2.8938 Z0.4261
X6.6176 Y-2.8975 Z0.4274
X6.6154 Y-2.901 Z0.4293
X6.6134 Y-2.9043 Z0.4316
X6.6115 Y-2.9073 Z0.4344
X6.6098 Y-2.91 Z0.4376
X6.6084 Y-2.9124 Z0.4412
X6.6071 Y-2.9144 Z0.4451
X6.6062 Y-2.916 Z0.4492
X6.6055 Y-2.9171 Z0.4535
X6.605 Y-2.9178 Z0.458
X6.6049 Y-2.9181 Z0.4625
G0 Z0.7
X6.2029 Y-0.8387
G1 Z0.4625 F80.
X6.2032 Z0.458 F20.
X6.204 Z0.4535
X6.2053 Z0.4492
X6.2072 Y-0.8386 Z0.4451
X6.2095 Z0.4412
X6.2123 Y-0.8385 Z0.4376
X6.2155 Y-0.8384 Z0.4344
X6.2191 Y-0.8383 Z0.4316
X6.223 Y-0.8382 Z0.4293
X6.2271 Y-0.8381 Z0.4274
X6.2314 Y-0.838 Z0.4261
X6.2359 Y-0.8379 Z0.4253
X6.2404 Y-0.8378 Z0.425
X6.2779 Y-0.8369
G3 X6.3145 Y-0.7985 I-0.0009 J0.0375
G2 X6.3291 Y-0.648 I0.6275 J0.015
G3 X6.1441 Y-0.4061 I-0.1944 J0.043
X6.0607 Y-0.4031 I-0.17 J-3.5809
X5.8575 Y-0.5857 I-0.0048 J-0.199
G2 X5.0444 Y-0.7006 I-0.4195 J0.0348
G3 X4.8164 Y-0.5767 I-0.1861 J-0.0708
G2 X1.768 Y-0.6562 I-1.7347 J8.0411
G3 X1.6406 Y-0.8277 I-0.0192 J-0.1188
G2 X1.6803 Y-1.0607 I-0.3784 J-0.1845
G3 X1.8021 Y-1.2676 I0.1978 J-0.0229
G2 X3.4025 Y-2.1484 I-3.1413 J-7.6027
G3 X3.6798 Y-2.1007 I0.1148 J0.1627
G2 X4.5213 Y-1.9286 I0.5124 J-0.3625
G3 X4.782 Y-1.8825 I0.1044 J0.1695
G2 X6.156 Y-1.0431 I1.8216 J-1.4377
G3 X6.3162 Y-0.8323 I-0.0384 J0.1954
G2 X6.3291 Y-0.648 I0.6258 J0.0488
G3 X6.1441 Y-0.4061 I-0.1944 J0.043
X6.0607 Y-0.4031 I-0.17 J-3.5809
X5.8575 Y-0.5857 I-0.0048 J-0.199
G2 X5.0444 Y-0.7006 I-0.4195 J0.0348
G3 X4.8164 Y-0.5767 I-0.1861 J-0.0708
G2 X1.768 Y-0.6562 I-1.7347 J8.0411
G3 X1.6406 Y-0.8277 I-0.0192 J-0.1188
G2 X1.6803 Y-1.0607 I-0.3784 J-0.1845
G3 X1.8021 Y-1.2676 I0.1978 J-0.0229
G2 X3.4025 Y-2.1484 I-3.1413 J-7.6027
G3 X3.6798 Y-2.1007 I0.1148 J0.1627
G2 X4.5213 Y-1.9286 I0.5124 J-0.3625
G3 X4.782 Y-1.8825 I0.1044 J0.1695
G2 X6.156 Y-1.0431 I1.8216 J-1.4377
G3 X6.3162 Y-0.8323 I-0.0384 J0.1954
G2 X6.3145 Y-0.7985 I0.6258 J0.0488
G3 X6.2761 Y-0.7619 I-0.0375 J-0.0009
G1 X6.2386 Y-0.7628
X6.2341 Y-0.763 Z0.4253
X6.2296 Y-0.7631 Z0.4261
X6.2253 Y-0.7632 Z0.4274
X6.2212 Y-0.7633 Z0.4293
X6.2173 Y-0.7634 Z0.4316
X6.2137 Z0.4344
X6.2105 Y-0.7635 Z0.4376
X6.2077 Y-0.7636 Z0.4412
X6.2054 Z0.4451
X6.2035 Y-0.7637 Z0.4492
X6.2022 Z0.4535
X6.2014 Z0.458
X6.2011 Z0.4625
G0 Z1.1
(2D CHAMFER3)
G0 X4.5381 Y-2.4851
Z1.1
Z0.7
G1 Z0.417 F80.
G3 X3.8464 Y-2.4412 I-0.3459 J0.022 F50.
X4.5381 Y-2.4851 I0.3459 J-0.022
G0 Z0.7
X3.911 Y-4.2976
G1 Z0.417 F80.
G3 X3.2178 I-0.3466 J0. F50.
X3.911 I0.3466 J0.
G0 Z0.7
X7.3716 Y-2.3075
G1 Z0.417 F80.
G3 X6.6784 I-0.3466 J0. F50.
X7.3716 I0.3466 J0.
G0 Z0.7
X7.2878 Y-0.8055
G1 Z0.417 F80.
G3 X6.5961 Y-0.7616 I-0.3459 J0.022 F50.
X7.2878 Y-0.8055 I0.3459 J-0.022
G0 Z0.7
X10.1962 Y-3.8154
G1 Z0.417 F80.
G3 X9.5073 Y-3.8923 I-0.3444 J-0.0384 F50.
X10.1962 Y-3.8154 I0.3444 J0.0384
G0 Z0.7
X0.9871 Y-0.6407
G1 Z0.417 F80.
G3 X0.294 Y-0.6404 I-0.3466 J0.0002 F50.
X0.9871 Y-0.6407 I0.3466 J-0.0002
G0 Z1.1
(2D CHAMFER4)
S5000 M3
G0 X7.1344 Y-0.7958
Z1.1
Z0.7
G1 Z0.1058 F80.
G3 X6.7495 Y-0.7714 I-0.1924 J0.0122 F20.
X7.1344 Y-0.7958 I0.1924 J-0.0122
G0 Z0.7
X10.0434 Y-3.8325
G1 Z0.1058 F80.
G3 X9.6601 Y-3.8753 I-0.1916 J-0.0214 F20.
X10.0434 Y-3.8325 I0.1916 J0.0214
G0 Z1.1
X4.3848 Y-2.4538
Z0.7
G1 Z0.0664 F80.
G3 X3.9996 Y-2.4726 I-0.1926 J-0.0094 F20.
X4.3848 Y-2.4538 I0.1926 J0.0094
G0 Z0.7
X3.756 Y-4.2763
G1 Z0.0664 F80.
G3 X3.3728 Y-4.319 I-0.1916 J-0.0214 F20.
X3.756 Y-4.2763 I0.1916 J0.0214
G0 Z0.7
X7.2178 Y-2.3075
G1 Z0.0664 F80.
G3 X6.8322 I-0.1928 J0. F20.
X7.2178 I0.1928 J0.
G0 Z0.7
X0.8334 Y-0.6406
G1 Z0.0664 F80.
G3 X0.4477 I-0.1928 J0. F20.
X0.8334 I0.1928 J0.
G0 Z1.1
M5
G53 G0 Z0.
(ENGRAVE1)
M9
M1
T11 M6
T52
S7500 M3
G17 G90 G94
G54
M8
G0 X3.3315 Y-0.9436
G43 Z1.1 H11
G0 Z0.5819
G1 Z0.3819 F80.
X3.3367 Y-0.9501 Z0.3783 F5.
X3.347 Y-0.9627 Z0.3714
X3.3572 Y-0.9747 Z0.3648
X3.3672 Y-0.9863 Z0.3584
X3.3771 Y-0.9972 Z0.3523
X3.3869 Y-1.0076 Z0.3465
X3.3964 Y-1.0175 Z0.341
X3.4057 Y-1.0267 Z0.3358
X3.4148 Y-1.0354 Z0.331
X3.4236 Y-1.0435 Z0.3266
X3.4321 Y-1.0509 Z0.3225
X3.4332 Y-1.0505 Z0.3233
X3.4382 Y-1.0486 Z0.3268
X3.4428 Y-1.047 Z0.3298
X3.4474 Y-1.0456 Z0.3327
X3.4517 Y-1.0445 Z0.3351
X3.4558 Y-1.0435 Z0.3374
X3.4599 Y-1.0428 Z0.3394
X3.4639 Y-1.0422 Z0.3412
X3.4679 Y-1.0418 Z0.3429
X3.4718 Y-1.0416 Z0.3443
X3.4756 Z0.3455
X3.4794 Y-1.0418 Z0.3465
X3.4831 Y-1.0421 Z0.3473
X3.4868 Y-1.0426 Z0.3479
X3.4906 Y-1.0434 Z0.3483
X3.493 Y-1.044 Z0.3485
X3.5136 Y-1.05 Z0.3487
X3.5317 Y-1.0553 Z0.3486
X3.5497 Y-1.0601
X3.5677 Y-1.0646
X3.5857 Y-1.0687
X3.6036 Y-1.0726
X3.6215 Y-1.0762
X3.6393 Y-1.0796
X3.6571 Y-1.0826
X3.6749 Y-1.0854
X3.6926 Y-1.0878
X3.7103 Y-1.09
X3.728 Y-1.092
X3.7456 Y-1.0937
X3.7632 Y-1.0951
X3.7808 Y-1.0962
X3.7983 Y-1.0971
X3.8158 Y-1.0977
X3.8333 Y-1.0981
X3.8507 Y-1.0983
X3.8685 Y-1.098 Z0.3487
X3.8863 Y-1.0977 Z0.3486
X3.9041 Y-1.0971
X3.9218 Y-1.0962
X3.9395 Y-1.095
X3.9571 Y-1.0935
X3.9747 Y-1.0919
X3.9923 Y-1.0899
X4.0099 Y-1.0877
X4.0274 Y-1.0852
X4.0449 Y-1.0825
X4.0623 Y-1.0795
X4.0797 Y-1.0763
X4.0971 Y-1.0728
X4.1145 Y-1.069
X4.1318 Y-1.065
X4.1491 Y-1.0607
X4.1663 Y-1.0562
X4.1835 Y-1.0514
X4.2007 Y-1.0463
X4.2178 Y-1.041
X4.235 Y-1.0353
X4.252 Y-1.0295
X4.2691 Y-1.0233
X4.2861 Y-1.0169
X4.303 Y-1.0101
X4.32 Y-1.0031
X4.3369 Y-0.9958
X4.3537 Y-0.9882
X4.3705 Y-0.9804
X4.3873 Y-0.9722
X4.404 Y-0.9637
X4.4207 Y-0.9549
X4.4374 Y-0.9458
X4.454 Y-0.9363
X4.4706 Y-0.9266
X4.4871 Y-0.9165
X4.4893 Y-0.9152 Z0.3485
X4.4916 Y-0.9139 Z0.3483
X4.495 Y-0.9123 Z0.3479
X4.4974 Y-0.9112 Z0.3475
X4.5003 Y-0.9101 Z0.3469
X4.5035 Y-0.909 Z0.3461
X4.5069 Y-0.9081 Z0.3451
X4.5104 Y-0.9072 Z0.3439
X4.5141 Y-0.9065 Z0.3424
X4.518 Y-0.9059 Z0.3408
X4.5219 Y-0.9055 Z0.339
X4.526 Y-0.9052 Z0.337
X4.5302 Y-0.9051 Z0.3347
X4.5349 Z0.3321
X4.5396 Y-0.9053 Z0.3292
X4.5448 Y-0.9058 Z0.326
X4.55 Y-0.9064 Z0.3225
Y-0.9063
Y-0.9064
Y-0.9063
X4.5563 Y-0.897 Z0.3266
X4.5628 Y-0.887 Z0.331
X4.5694 Y-0.8762 Z0.3358
X4.5761 Y-0.8649 Z0.341
X4.5828 Y-0.8529 Z0.3465
X4.5895 Y-0.8405 Z0.3523
X4.5963 Y-0.8273 Z0.3584
X4.6031 Y-0.8137 Z0.3647
X4.6099 Y-0.7993 Z0.3714
X4.6166 Y-0.7846 Z0.3783
X4.62 Y-0.777 Z0.3819
X4.6166 Y-0.7846 Z0.3783
X4.6099 Y-0.7993 Z0.3714
X4.6031 Y-0.8137 Z0.3647
X4.5963 Y-0.8273 Z0.3584
X4.5895 Y-0.8405 Z0.3523
X4.5828 Y-0.8529 Z0.3465
X4.5761 Y-0.8649 Z0.341
X4.5694 Y-0.8762 Z0.3358
X4.5628 Y-0.887 Z0.331
X4.5563 Y-0.897 Z0.3266
X4.55 Y-0.9063 Z0.3225
Y-0.9064
X4.5506 Y-0.9093 Z0.3239
X4.5512 Y-0.9122 Z0.3251
X4.5516 Y-0.915 Z0.3263
X4.552 Y-0.9178 Z0.3274
X4.5523 Y-0.9205 Z0.3285
X4.5525 Y-0.9232 Z0.3294
X4.5526 Y-0.9259 Z0.3304
X4.5527 Y-0.9287 Z0.3313
X4.5526 Y-0.9313 Z0.3321
Y-0.9339 Z0.3328
X4.5523 Y-0.9364 Z0.3336
X4.5521 Y-0.939 Z0.3342
X4.5517 Y-0.9416 Z0.3348
X4.5513 Y-0.9442 Z0.3353
X4.5507 Y-0.9466 Z0.3358
X4.5502 Y-0.9491 Z0.3362
X4.5495 Y-0.9515 Z0.3366
X4.5488 Y-0.9539 Z0.3369
X4.548 Y-0.9562 Z0.3372
X4.5471 Y-0.9585 Z0.3373
X4.5461 Y-0.9607 Z0.3375
X4.5451 Y-0.963 Z0.3376
X4.5418 Y-0.9692 Z0.3377
X4.5388 Y-0.9746
X4.5356 Y-0.9799 Z0.3378
X4.5308 Y-0.9873 Z0.338
X4.5275 Y-0.992 Z0.3382
X4.5239 Y-0.9969 Z0.3384
X4.5184 Y-1.0038 Z0.3386
X4.5141 Y-1.0089 Z0.3389
X4.5101 Y-1.0135 Z0.3391
X4.5047 Y-1.0192 Z0.3394
X4.4986 Y-1.0254 Z0.3398
X4.4931 Y-1.0305 Z0.3401
X4.4864 Y-1.0366 Z0.3405
X4.4804 Y-1.0417 Z0.3408
X4.4735 Y-1.0472 Z0.3411
X4.4653 Y-1.0535 Z0.3415
X4.4602 Y-1.0572 Z0.3417
X4.4509 Y-1.0638 Z0.3421
X4.4406 Y-1.0707 Z0.3425
X4.4294 Y-1.0778 Z0.3428
X4.4172 Y-1.0853 Z0.3431
X4.4147 Y-1.0869
X4.4124 Y-1.0885 Z0.343
X4.4101 Y-1.0902 Z0.3427
X4.4078 Y-1.092 Z0.3423
X4.4057 Y-1.0939 Z0.3419
X4.4034 Y-1.096 Z0.3412
X4.4014 Y-1.098 Z0.3406
X4.3991 Y-1.1004 Z0.3397
X4.3965 Y-1.1034 Z0.3384
X4.3939 Y-1.1065 Z0.337
X4.3912 Y-1.1102 Z0.3351
X4.3898 Y-1.1123 Z0.3341
X4.3919 Y-1.116 Z0.3365
X4.3938 Y-1.1194 Z0.3384
X4.3954 Y-1.1224 Z0.3399
X4.3979 Y-1.1268 Z0.3417
X4.3998 Y-1.1301 Z0.3427
X4.4017 Y-1.133 Z0.3435
X4.4034 Y-1.1354 Z0.344
X4.406 Y-1.1388 Z0.3446
X4.4078 Y-1.141 Z0.3448
X4.4097 Y-1.1432
X4.4139 Y-1.1482 Z0.3447
X4.4181 Y-1.1533 Z0.3448
X4.4221 Y-1.1585
X4.4258 Y-1.1638
X4.4294 Y-1.1692
X4.4328 Y-1.1748
X4.436 Y-1.1805
X4.4391 Y-1.1863
X4.4419 Y-1.1922
X4.4446 Y-1.1983
X4.447 Y-1.2045
X4.4493 Y-1.2108
X4.4514 Y-1.2172
X4.4533 Y-1.2238
X4.4549 Y-1.2305
X4.4563 Y-1.2373
X4.4576 Y-1.2443
X4.4585 Y-1.2515
X4.4592 Y-1.2588
X4.4597 Y-1.2664
X4.4598 Y-1.2741
X4.4597 Y-1.2818
X4.4593 Y-1.2878
X4.4588 Y-1.2939
X4.4581 Y-1.3001
X4.4571 Y-1.3065
X4.4559 Y-1.313
X4.4544 Y-1.3198
X4.4526 Y-1.3267
X4.4505 Y-1.3338
X4.4479 Y-1.3413
X4.446 Y-1.3464
X4.4438 Y-1.3517
X4.4413 Y-1.3571
X4.4386 Y-1.3627
X4.4355 Y-1.3686
X4.4319 Y-1.3748
X4.4278 Y-1.3813
X4.423 Y-1.3883
X4.4203 Y-1.392
X4.4172 Y-1.396
X4.4138 Y-1.4001
X4.41 Y-1.4046
X4.4054 Y-1.4095
X4.3998 Y-1.4151
X4.3946 Y-1.42
X4.3891 Y-1.4247
X4.3835 Y-1.4292
X4.3777 Y-1.4335
X4.3718 Y-1.4375
X4.3644 Y-1.4422
X4.3589 Y-1.4453
X4.3534 Y-1.4483
X4.3479 Y-1.451
X4.3422 Y-1.4536
X4.3365 Y-1.4559
X4.3307 Y-1.4581
X4.3242 Y-1.4604
X4.3177 Y-1.4624
X4.3112 Y-1.4641
X4.3048 Y-1.4656
X4.2983 Y-1.4668
X4.2919 Y-1.4679
X4.2854 Y-1.4687
X4.2789 Y-1.4693
X4.2723 Y-1.4697
X4.2658 Y-1.4699
X4.264
X4.2561 Y-1.4697
X4.2486 Y-1.4693
X4.2415 Y-1.4686
X4.2348 Y-1.4677
X4.2283 Y-1.4666
X4.222 Y-1.4653
X4.216 Y-1.4639
X4.2102 Y-1.4623
X4.2047 Y-1.4606
X4.1992 Y-1.4588
X4.194 Y-1.4569
X4.1889 Y-1.4549
X4.184 Y-1.4528
X4.1792 Y-1.4505
X4.1746 Y-1.4482
X4.1701 Y-1.4458
X4.1657 Y-1.4434
X4.1614 Y-1.4408
X4.1572 Y-1.4382
X4.1532 Y-1.4355
X4.1492 Y-1.4327
X4.1454 Y-1.4298
X4.1417 Y-1.4269 Z0.3449
X4.1357 Y-1.4221 Z0.3448
X4.1334 Y-1.4203 Z0.3446
X4.1299 Y-1.4178 Z0.344
X4.1263 Y-1.4156 Z0.3432
X4.1235 Y-1.4139 Z0.3424
X4.1202 Y-1.4121 Z0.3413
X4.1167 Y-1.4104 Z0.3399
X4.1129 Y-1.4087 Z0.3383
X4.1106 Y-1.4077 Z0.3372
X4.1093 Y-1.4088 Z0.3381
X4.1067 Y-1.4112 Z0.3401
X4.1041 Y-1.4136 Z0.3419
X4.1018 Y-1.4161 Z0.3436
X4.0996 Y-1.4186 Z0.3452
X4.0975 Y-1.4212 Z0.3466
X4.0956 Y-1.4239 Z0.3479
X4.0938 Y-1.4266 Z0.3491
X4.0921 Y-1.4294 Z0.3501
X4.0899 Y-1.4338 Z0.3513
X4.0892 Y-1.4353 Z0.3516
X4.0876 Y-1.4397 Z0.3524
X4.0871 Y-1.4411 Z0.3525
X4.0866 Y-1.443 Z0.3527
X4.0855 Y-1.4472 Z0.3529
X4.0817 Y-1.4646 Z0.3535
X4.081 Y-1.4678 Z0.3536
X4.0805 Y-1.4696
X4.08 Y-1.4715 Z0.3535
X4.0789 Y-1.4747 Z0.3531
X4.0776 Y-1.4779 Z0.3526
X4.0767 Y-1.4798 Z0.3522
X4.0751 Y-1.483 Z0.3513
X4.0732 Y-1.4863 Z0.3501
X4.0711 Y-1.4894 Z0.3487
X4.0699 Y-1.4911 Z0.3478
X4.0675 Y-1.4942 Z0.3461
X4.0646 Y-1.4976 Z0.3439
X4.0619 Y-1.5005 Z0.3418
X4.0589 Y-1.5034 Z0.3394
X4.06 Y-1.5115 Z0.342
X4.062 Y-1.527 Z0.3465
X4.064 Y-1.5423 Z0.3509
X4.0659 Y-1.5577 Z0.3549
X4.068 Y-1.5734 Z0.3589
X4.07 Y-1.5891 Z0.3627
X4.072 Y-1.6049 Z0.3663
X4.0741 Y-1.6208 Z0.3697
X4.0762 Y-1.637 Z0.373
X4.0783 Y-1.6533 Z0.3761
X4.0804 Y-1.6698 Z0.379
X4.0826 Y-1.6864 Z0.3819
X4.0804 Y-1.6698 Z0.379
X4.0783 Y-1.6533 Z0.3761
X4.0762 Y-1.637 Z0.373
X4.0741 Y-1.6208 Z0.3697
X4.072 Y-1.6049 Z0.3663
X4.07 Y-1.5891 Z0.3627
X4.068 Y-1.5734 Z0.3589
X4.0659 Y-1.5577 Z0.3549
X4.064 Y-1.5423 Z0.3509
X4.062 Y-1.527 Z0.3465
X4.06 Y-1.5115 Z0.342
X4.0589 Y-1.5034 Z0.3394
X4.0553 Y-1.5013 Z0.3418
X4.0516 Y-1.499 Z0.3441
X4.0483 Y-1.4968 Z0.3461
X4.045 Y-1.4942 Z0.3479
X4.0422 Y-1.4918 Z0.3494
X4.0393 Y-1.489 Z0.3508
X4.0368 Y-1.4864 Z0.3517
X4.0346 Y-1.4838 Z0.3525
X4.0334 Y-1.4822 Z0.3529
X4.0314 Y-1.4794 Z0.3534
X4.0304 Y-1.4778 Z0.3535
X4.0294 Y-1.4762 Z0.3536
X4.0277 Y-1.473
X4.0239 Y-1.4655 Z0.3533
X4.0177 Y-1.4535 Z0.3528
X4.0168 Y-1.452 Z0.3527
X4.015 Y-1.4491 Z0.3524
X4.0132 Y-1.4464 Z0.3519
X4.0122 Y-1.4452 Z0.3516
X4.0102 Y-1.4427 Z0.3509
X4.008 Y-1.4403 Z0.3501
X4.0057 Y-1.438 Z0.3491
X4.0033 Y-1.4359 Z0.3479
X4.0007 Y-1.4338 Z0.3466
X3.9981 Y-1.4318 Z0.3452
X3.9952 Y-1.4299 Z0.3436
X3.9922 Y-1.428 Z0.3419
X3.9892 Y-1.4263 Z0.34
X3.9846 Y-1.424 Z0.3371
X3.9811 Y-1.4268 Z0.3391
X3.9783 Y-1.4291 Z0.3404
X3.9758 Y-1.4313 Z0.3415
X3.973 Y-1.434 Z0.3426
X3.9705 Y-1.4365 Z0.3435
X3.9685 Y-1.4387 Z0.344
X3.9657 Y-1.442 Z0.3446
X3.9639 Y-1.4444 Z0.3448
X3.9581 Y-1.4521 Z0.345
X3.954 Y-1.4575 Z0.3448
X3.9483 Y-1.4641
X3.9436 Y-1.4692
X3.9395 Y-1.4734
X3.9338 Y-1.4788
X3.9287 Y-1.4833
X3.9239 Y-1.4872
X3.918 Y-1.4917
X3.9124 Y-1.4956
X3.9071 Y-1.4991
X3.902 Y-1.5022
X3.896 Y-1.5057
X3.8901 Y-1.5087
X3.8845 Y-1.5115
X3.878 Y-1.5143
X3.8717 Y-1.5168
X3.8656 Y-1.519
X3.8597 Y-1.521
X3.853 Y-1.5229
X3.8464 Y-1.5245
X3.8401 Y-1.5259
X3.8338 Y-1.527
X3.8278 Y-1.5279
X3.821 Y-1.5287
X3.8143 Y-1.5292
X3.8078 Y-1.5295
X3.8022 Y-1.5296
X3.7944 Y-1.5294
X3.7868 Y-1.529
X3.7793 Y-1.5282
X3.772 Y-1.5272
X3.7649 Y-1.526
X3.7579 Y-1.5245
X3.751 Y-1.5228
X3.7443 Y-1.5208
X3.7377 Y-1.5187
X3.7313 Y-1.5163
X3.725 Y-1.5137
X3.7188 Y-1.5109
X3.7128 Y-1.5078 Z0.3447
X3.7067 Y-1.5047 Z0.3448
X3.6994 Y-1.5004
X3.6922 Y-1.4958
X3.6853 Y-1.4908
X3.6785 Y-1.4855
X3.6719 Y-1.4799
X3.6655 Y-1.474
X3.6594 Y-1.4677
X3.6534 Y-1.4611
X3.6477 Y-1.4541
X3.645 Y-1.4504
X3.6423 Y-1.4467
X3.6396 Y-1.4429
X3.637 Y-1.4389
X3.6345 Y-1.4348
X3.6321 Y-1.4307
X3.6297 Y-1.4264
X3.6274 Y-1.422
X3.6252 Y-1.4174
X3.623 Y-1.4128
X3.621 Y-1.4079
X3.619 Y-1.403
X3.6172 Y-1.3978
X3.6154 Y-1.3925
X3.6138 Y-1.387
X3.6123 Y-1.3813
X3.6109 Y-1.3754
X3.6097 Y-1.3693
X3.6086 Y-1.3629
X3.6077 Y-1.3562
X3.607 Y-1.3491
X3.6067 Y-1.3415 Z0.345
X3.6064 Y-1.3324 Z0.3448
X3.6066 Y-1.3264
X3.6069 Y-1.3202
X3.6075 Y-1.3135
X3.6083 Y-1.3064
X3.6092 Y-1.3007
X3.6104 Y-1.2945
X3.6119 Y-1.2878
X3.6139 Y-1.2803
X3.6156 Y-1.2747
X3.6177 Y-1.2684
X3.6205 Y-1.261
X3.6223 Y-1.2566
X3.6252 Y-1.2504 Z0.3447
X3.6293 Y-1.2417 Z0.3448
X3.6305 Y-1.2391 Z0.3446
X3.6322 Y-1.2352 Z0.3441
X3.6336 Y-1.2312 Z0.3433
X3.6346 Y-1.2281 Z0.3425
X3.6353 Y-1.2254 Z0.3417
X3.6357 Y-1.2238 Z0.3411
X3.6366 Y-1.2206 Z0.3399
X3.6374 Y-1.2172 Z0.3384
X3.6384 Y-1.2135 Z0.3365
X3.6394 Y-1.2093 Z0.3341
X3.6375 Y-1.2077 Z0.3351
X3.634 Y-1.2048 Z0.337
X3.6307 Y-1.2024 Z0.3384
X3.6275 Y-1.2002 Z0.3397
X3.6247 Y-1.1985 Z0.3406
X3.6222 Y-1.197 Z0.3412
X3.6194 Y-1.1956 Z0.3419
X3.6169 Y-1.1943 Z0.3423
X3.6141 Y-1.1931 Z0.3427
X3.6115 Y-1.1921 Z0.343
X3.6089 Y-1.1911 Z0.3431
X3.6066 Y-1.1903
X3.5987 Y-1.188 Z0.343
X3.586 Y-1.1841 Z0.3427
X3.5736 Y-1.1799 Z0.3423
X3.5627 Y-1.176 Z0.3419
X3.5522 Y-1.172 Z0.3415
X3.5447 Y-1.1689 Z0.3412
X3.5368 Y-1.1654 Z0.3409
X3.5287 Y-1.1616 Z0.3405
X3.5218 Y-1.1582 Z0.3402
X3.5139 Y-1.1539 Z0.3399
X3.5073 Y-1.1502 Z0.3396
X3.5002 Y-1.1458 Z0.3392
X3.4935 Y-1.1414 Z0.3389
X3.4875 Y-1.1372 Z0.3386
X3.4804 Y-1.1318 Z0.3384
X3.4757 Y-1.128 Z0.3382
X3.4714 Y-1.1244 Z0.338
X3.4648 Y-1.1184 Z0.3378
X3.4603 Y-1.1141
X3.456 Y-1.1097 Z0.3377
X3.4512 Y-1.1044 Z0.3376
X3.4497 Y-1.1025 Z0.3375
X3.4482 Y-1.1006 Z0.3373
X3.4468 Y-1.0986 Z0.3372
X3.4454 Y-1.0965 Z0.3369
X3.4441 Y-1.0944 Z0.3366
X3.4428 Y-1.0923 Z0.3362
X3.4416 Y-1.09 Z0.3358
X3.4405 Y-1.0878 Z0.3353
X3.4395 Y-1.0854 Z0.3348
X3.4384 Y-1.0831 Z0.3342
X3.4375 Y-1.0807 Z0.3336
X3.4367 Y-1.0782 Z0.3328
X3.4359 Y-1.0757 Z0.3321
X3.4352 Y-1.0731 Z0.3312
X3.4346 Y-1.0705 Z0.3304
X3.434 Y-1.0679 Z0.3294
X3.4335 Y-1.0652 Z0.3285
X3.433 Y-1.0624 Z0.3274
X3.4327 Y-1.0596 Z0.3263
X3.4324 Y-1.0568 Z0.3251
X3.4323 Y-1.054 Z0.3239
X3.4321 Y-1.051 Z0.3225
Y-1.0509
Y-1.051
Y-1.0509
Y-1.051
X3.4323 Y-1.054 Z0.3239
X3.4324 Y-1.0568 Z0.3251
X3.4327 Y-1.0596 Z0.3263
X3.433 Y-1.0624 Z0.3274
X3.4335 Y-1.0652 Z0.3285
X3.434 Y-1.0679 Z0.3294
X3.4346 Y-1.0705 Z0.3304
X3.4352 Y-1.0731 Z0.3312
X3.4359 Y-1.0757 Z0.3321
X3.4367 Y-1.0782 Z0.3328
X3.4375 Y-1.0807 Z0.3336
X3.4384 Y-1.0831 Z0.3342
X3.4395 Y-1.0854 Z0.3348
X3.4405 Y-1.0878 Z0.3353
X3.4416 Y-1.09 Z0.3358
X3.4428 Y-1.0923 Z0.3362
X3.4441 Y-1.0944 Z0.3366
X3.4454 Y-1.0965 Z0.3369
X3.4468 Y-1.0986 Z0.3372
X3.4482 Y-1.1006 Z0.3373
X3.4497 Y-1.1025 Z0.3375
X3.4512 Y-1.1044 Z0.3376
X3.456 Y-1.1097 Z0.3377
X3.4603 Y-1.1141 Z0.3378
X3.4648 Y-1.1184
X3.4714 Y-1.1244 Z0.338
X3.4757 Y-1.128 Z0.3382
X3.4804 Y-1.1318 Z0.3384
X3.4875 Y-1.1372 Z0.3386
X3.4935 Y-1.1414 Z0.3389
X3.5002 Y-1.1458 Z0.3392
X3.5073 Y-1.1502 Z0.3396
X3.5139 Y-1.1539 Z0.3399
X3.5218 Y-1.1582 Z0.3402
X3.5287 Y-1.1616 Z0.3405
X3.5368 Y-1.1654 Z0.3409
X3.5447 Y-1.1689 Z0.3412
X3.5522 Y-1.172 Z0.3415
X3.5627 Y-1.176 Z0.3419
X3.5736 Y-1.1799 Z0.3423
X3.586 Y-1.1841 Z0.3427
X3.5987 Y-1.188 Z0.343
X3.6066 Y-1.1903 Z0.3431
X3.6089 Y-1.1911
X3.6115 Y-1.1921 Z0.343
X3.6141 Y-1.1931 Z0.3427
X3.6169 Y-1.1943 Z0.3423
X3.6194 Y-1.1956 Z0.3419
X3.6222 Y-1.197 Z0.3412
X3.6247 Y-1.1985 Z0.3406
X3.6275 Y-1.2002 Z0.3397
X3.6307 Y-1.2024 Z0.3384
X3.634 Y-1.2048 Z0.337
X3.6375 Y-1.2077 Z0.3351
X3.6394 Y-1.2093 Z0.3341
X3.6444 Y-1.2083 Z0.3363
X3.6469 Y-1.208 Z0.3373
X3.6494 Y-1.2077 Z0.3382
X3.6517 Y-1.2074 Z0.339
X3.6557 Y-1.2072 Z0.3403
X3.6597 Y-1.2071 Z0.3414
X3.6639 Y-1.2072 Z0.3424
X3.6678 Y-1.2075 Z0.343
X3.6717 Y-1.208 Z0.3435
X3.6764 Y-1.2088 Z0.3439
X3.6792 Y-1.2095
X3.7072 Y-1.2167
X3.7214 Y-1.2206 Z0.3438
X3.7359 Y-1.2247 Z0.3437
X3.7384 Y-1.2255 Z0.3436
X3.7408 Y-1.2263 Z0.3435
X3.7426 Y-1.227 Z0.3434
X3.7461 Y-1.2285 Z0.3429
X3.7495 Y-1.2302 Z0.3423
X3.7529 Y-1.232 Z0.3415
X3.7562 Y-1.2341 Z0.3405
X3.761 Y-1.2374 Z0.3387
X3.7633 Y-1.2392 Z0.3377
X3.7656 Y-1.2411 Z0.3366
X3.7678 Y-1.2431 Z0.3354
X3.77 Y-1.2451 Z0.3341
X3.7742 Y-1.2495 Z0.3314
X3.7762 Y-1.2518 Z0.3299
X3.7782 Y-1.2542 Z0.3283
X3.7801 Y-1.2567 Z0.3267
X3.782 Y-1.2591 Z0.3249
X3.7844 Y-1.2626 Z0.3225
G2 X3.7683 Y-1.302 I-0.0594 J0.0013
G3 X3.8361 Y-1.3656 I0.0339 J-0.0318
X3.8475 Y-1.3441 I-0.0339 J0.0318
G2 X3.8709 Y-1.309 I0.0579 J-0.0132
G1 X3.8704 Y-1.3086
X3.8667 Y-1.3058
X3.8629 Y-1.3031
X3.8591 Y-1.3005
X3.8553 Y-1.2979
X3.8513 Y-1.2954
X3.8474 Y-1.2929
X3.8434 Y-1.2905
X3.8393 Y-1.2881
X3.8352 Y-1.2858
X3.831 Y-1.2835
X3.8268 Y-1.2813
X3.8225 Y-1.2791
X3.8182 Y-1.277
X3.8137 Y-1.2749
X3.8093 Y-1.2728
X3.8047 Y-1.2708
X3.8002 Y-1.2689
X3.7955 Y-1.2669
X3.7908 Y-1.2651
X3.786 Y-1.2632
X3.7844 Y-1.2626
X3.786 Y-1.2632
X3.7908 Y-1.2651
X3.7955 Y-1.2669
X3.8002 Y-1.2689
X3.8047 Y-1.2708
X3.8093 Y-1.2728
X3.8137 Y-1.2749
X3.8182 Y-1.277
X3.8225 Y-1.2791
X3.8268 Y-1.2813
X3.831 Y-1.2835
X3.8352 Y-1.2858
X3.8393 Y-1.2881
X3.8434 Y-1.2905
X3.8474 Y-1.2929
X3.8513 Y-1.2954
X3.8553 Y-1.2979
X3.8591 Y-1.3005
X3.8629 Y-1.3031
X3.8667 Y-1.3058
X3.8704 Y-1.3086
X3.8709 Y-1.309
X3.8758 Y-1.3091 Z0.3254
X3.8815 Y-1.3096 Z0.3285
X3.887 Y-1.3103 Z0.3314
X3.8924 Y-1.3114 Z0.3341
X3.895 Y-1.312 Z0.3354
X3.8977 Y-1.3127 Z0.3366
X3.9002 Y-1.3135 Z0.3378
X3.9028 Y-1.3143 Z0.3388
X3.9053 Y-1.3153 Z0.3398
X3.9078 Y-1.3162 Z0.3408
X3.9102 Y-1.3173 Z0.3416
X3.9126 Y-1.3185 Z0.3424
X3.9148 Y-1.3197 Z0.3431
X3.9171 Y-1.321 Z0.3438
X3.9193 Y-1.3224 Z0.3443
X3.9214 Y-1.3239 Z0.3448
X3.9235 Y-1.3255 Z0.3453
X3.9255 Y-1.3271 Z0.3456
X3.9275 Y-1.3288 Z0.3458
X3.9299 Y-1.3311 Z0.346
X3.9366 Y-1.338 Z0.3465
X3.9437 Y-1.3458 Z0.347
X3.9473 Y-1.3498 Z0.3472
X3.9543 Y-1.3579 Z0.3477
X3.9578 Y-1.3622 Z0.348
X3.9646 Y-1.3707 Z0.3485
X3.9715 Y-1.3797 Z0.349
X3.9735 Y-1.3827 Z0.3491
X3.9746 Y-1.3844
X3.9761 Y-1.3868 Z0.349
X3.9774 Y-1.3894 Z0.3487
X3.9786 Y-1.392 Z0.3483
X3.9797 Y-1.3947 Z0.3478
X3.9807 Y-1.3975 Z0.3472
X3.9816 Y-1.4003 Z0.3465
X3.9824 Y-1.4033 Z0.3456
X3.983 Y-1.4062 Z0.3446
X3.9835 Y-1.4093 Z0.3435
X3.984 Y-1.4124 Z0.3423
X3.9843 Y-1.4154 Z0.3411
X3.9845 Y-1.4188 Z0.3395
X3.9846 Y-1.424 Z0.3371
G0 Z0.7
X4.1106 Y-1.4077
Z0.5819
G1 Z0.3372 F80.
X4.1094 Y-1.4027 Z0.3395 F5.
X4.1088 Y-1.3993 Z0.3411
X4.1083 Y-1.3964 Z0.3423
X4.1079 Y-1.3932 Z0.3436
X4.1076 Y-1.3901 Z0.3447
X4.1075 Y-1.387 Z0.3457
Y-1.384 Z0.3465
X4.1076 Y-1.381 Z0.3473
X4.1079 Y-1.378 Z0.3479
X4.1083 Y-1.3751 Z0.3483
X4.1088 Y-1.3723 Z0.3487
X4.1094 Y-1.3696 Z0.349
X4.1102 Y-1.3668 Z0.3491
X4.1108 Y-1.3649
X4.112 Y-1.3615 Z0.349
X4.1163 Y-1.3511 Z0.3485
X4.1208 Y-1.3411 Z0.348
X4.1252 Y-1.3316 Z0.3475
X4.1302 Y-1.3216 Z0.3469
X4.1351 Y-1.3124 Z0.3465
X4.1399 Y-1.3039 Z0.346
X4.1416 Y-1.3011 Z0.3458
X4.1431 Y-1.2989 Z0.3456
X4.1446 Y-1.2969 Z0.3453
X4.1462 Y-1.2948 Z0.3448
X4.1479 Y-1.2929 Z0.3444
X4.1497 Y-1.291 Z0.3438
X4.1516 Y-1.2891 Z0.3431
X4.1535 Y-1.2873 Z0.3424
X4.1555 Y-1.2856 Z0.3416
X4.1575 Y-1.2839 Z0.3407
X4.1596 Y-1.2824 Z0.3399
X4.1617 Y-1.2809 Z0.3388
X4.164 Y-1.2794 Z0.3378
X4.1663 Y-1.2779 Z0.3366
X4.1687 Y-1.2766 Z0.3354
X4.1711 Y-1.2753 Z0.3341
X4.1762 Y-1.2729 Z0.3314
X4.1813 Y-1.2708 Z0.3285
X4.1865 Y-1.269 Z0.3254
X4.1913 Y-1.2675 Z0.3225
G2 X4.2229 Y-1.2956 I-0.021 J-0.0555
G3 X4.3052 Y-1.2526 I0.0412 J0.0215
X4.2887 Y-1.2347 I-0.0412 J-0.0215
G2 X4.2631 Y-1.2007 I0.0315 J0.0503
G1 X4.2618 Y-1.2017
X4.2577 Y-1.2046
X4.2535 Y-1.2077
X4.2495 Y-1.2107
X4.2456 Y-1.2138
X4.2417 Y-1.2169
X4.2378 Y-1.2201
X4.2342 Y-1.2232
X4.2305 Y-1.2264
X4.2268 Y-1.2296
X4.2234 Y-1.2328
X4.2199 Y-1.236
X4.2165 Y-1.2394
X4.2131 Y-1.2427
X4.2099 Y-1.2461
X4.2068 Y-1.2494
X4.2036 Y-1.2529
X4.2006 Y-1.2563
X4.1975 Y-1.2599
X4.1945 Y-1.2635
X4.1917 Y-1.267
X4.1913 Y-1.2675
X4.1917 Y-1.267
X4.1945 Y-1.2635
X4.1975 Y-1.2599
X4.2006 Y-1.2563
X4.2036 Y-1.2529
X4.2068 Y-1.2494
X4.2099 Y-1.2461
X4.2131 Y-1.2427
X4.2165 Y-1.2394
X4.2199 Y-1.236
X4.2234 Y-1.2328
X4.2268 Y-1.2296
X4.2305 Y-1.2264
X4.2342 Y-1.2232
X4.2378 Y-1.2201
X4.2417 Y-1.2169
X4.2456 Y-1.2138
X4.2495 Y-1.2107
X4.2535 Y-1.2077
X4.2577 Y-1.2046
X4.2618 Y-1.2017
X4.2631 Y-1.2007
X4.2646 Y-1.1967 Z0.3249
X4.2658 Y-1.1939 Z0.3267
X4.267 Y-1.191 Z0.3283
X4.2684 Y-1.1882 Z0.3299
X4.2697 Y-1.1854 Z0.3314
X4.2727 Y-1.1801 Z0.3342
X4.2742 Y-1.1775 Z0.3354
X4.2759 Y-1.1751 Z0.3366
X4.2776 Y-1.1727 Z0.3377
X4.2793 Y-1.1704 Z0.3387
X4.2832 Y-1.1659 Z0.3405
X4.2858 Y-1.1631 Z0.3415
X4.2886 Y-1.1605 Z0.3423
X4.2915 Y-1.158 Z0.3429
X4.2945 Y-1.1556 Z0.3434
X4.2961 Y-1.1545 Z0.3435
X4.2982 Y-1.1531 Z0.3436
X4.3004 Y-1.1517 Z0.3437
X4.3134 Y-1.1441 Z0.3438
X4.3262 Y-1.1367 Z0.3439
X4.3514 Y-1.1226
X4.3539 Y-1.1212 Z0.3438
X4.3583 Y-1.1192 Z0.3435
X4.3619 Y-1.1177 Z0.343
X4.3656 Y-1.1165 Z0.3424
X4.3695 Y-1.1153 Z0.3414
X4.3734 Y-1.1144 Z0.3404
X4.3774 Y-1.1136 Z0.3391
X4.3798 Y-1.1132 Z0.3382
X4.3823 Y-1.1129 Z0.3373
X4.3847 Y-1.1126 Z0.3363
X4.3898 Y-1.1123 Z0.3341
G0 Z1.1
(ENGRAVE1 3)
G0 X3.3315 Y-0.9436
Z1.1
Z0.5769
G1 Z0.3769 F80.
X3.3367 Y-0.9501 Z0.3733 F5.
X3.347 Y-0.9627 Z0.3664
X3.3572 Y-0.9747 Z0.3598
X3.3672 Y-0.9863 Z0.3534
X3.3771 Y-0.9972 Z0.3473
X3.3869 Y-1.0076 Z0.3415
X3.3964 Y-1.0175 Z0.336
X3.4057 Y-1.0267 Z0.3308
X3.4148 Y-1.0354 Z0.326
X3.4236 Y-1.0435 Z0.3216
X3.4321 Y-1.0509 Z0.3175
X3.4332 Y-1.0505 Z0.3183
X3.4382 Y-1.0486 Z0.3218
X3.4428 Y-1.047 Z0.3248
X3.4474 Y-1.0456 Z0.3277
X3.4517 Y-1.0445 Z0.3301
X3.4558 Y-1.0435 Z0.3324
X3.4599 Y-1.0428 Z0.3344
X3.4639 Y-1.0422 Z0.3362
X3.4679 Y-1.0418 Z0.3379
X3.4718 Y-1.0416 Z0.3393
X3.4756 Z0.3405
X3.4794 Y-1.0418 Z0.3415
X3.4831 Y-1.0421 Z0.3423
X3.4868 Y-1.0426 Z0.3429
X3.4906 Y-1.0434 Z0.3433
X3.493 Y-1.044 Z0.3435
X3.5136 Y-1.05 Z0.3437
X3.5317 Y-1.0553 Z0.3436
X3.5497 Y-1.0601
X3.5677 Y-1.0646
X3.5857 Y-1.0687
X3.6036 Y-1.0726
X3.6215 Y-1.0762
X3.6393 Y-1.0796
X3.6571 Y-1.0826
X3.6749 Y-1.0854
X3.6926 Y-1.0878
X3.7103 Y-1.09
X3.728 Y-1.092
X3.7456 Y-1.0937
X3.7632 Y-1.0951
X3.7808 Y-1.0962
X3.7983 Y-1.0971
X3.8158 Y-1.0977
X3.8333 Y-1.0981
X3.8507 Y-1.0983
X3.8685 Y-1.098 Z0.3437
X3.8863 Y-1.0977 Z0.3436
X3.9041 Y-1.0971
X3.9218 Y-1.0962
X3.9395 Y-1.095
X3.9571 Y-1.0935
X3.9747 Y-1.0919
X3.9923 Y-1.0899
X4.0099 Y-1.0877
X4.0274 Y-1.0852
X4.0449 Y-1.0825
X4.0623 Y-1.0795
X4.0797 Y-1.0763
X4.0971 Y-1.0728
X4.1145 Y-1.069
X4.1318 Y-1.065
X4.1491 Y-1.0607
X4.1663 Y-1.0562
X4.1835 Y-1.0514
X4.2007 Y-1.0463
X4.2178 Y-1.041
X4.235 Y-1.0353
X4.252 Y-1.0295
X4.2691 Y-1.0233
X4.2861 Y-1.0169
X4.303 Y-1.0101
X4.32 Y-1.0031
X4.3369 Y-0.9958
X4.3537 Y-0.9882
X4.3705 Y-0.9804
X4.3873 Y-0.9722
X4.404 Y-0.9637
X4.4207 Y-0.9549
X4.4374 Y-0.9458
X4.454 Y-0.9363
X4.4706 Y-0.9266
X4.4871 Y-0.9165
X4.4893 Y-0.9152 Z0.3435
X4.4916 Y-0.9139 Z0.3433
X4.495 Y-0.9123 Z0.3429
X4.4974 Y-0.9112 Z0.3425
X4.5003 Y-0.9101 Z0.3419
X4.5035 Y-0.909 Z0.3411
X4.5069 Y-0.9081 Z0.3401
X4.5104 Y-0.9072 Z0.3389
X4.5141 Y-0.9065 Z0.3374
X4.518 Y-0.9059 Z0.3358
X4.5219 Y-0.9055 Z0.334
X4.526 Y-0.9052 Z0.332
X4.5302 Y-0.9051 Z0.3297
X4.5349 Z0.3271
X4.5396 Y-0.9053 Z0.3242
X4.5448 Y-0.9058 Z0.321
X4.55 Y-0.9064 Z0.3175
Y-0.9063
Y-0.9064
Y-0.9063
X4.5563 Y-0.897 Z0.3216
X4.5628 Y-0.887 Z0.326
X4.5694 Y-0.8762 Z0.3308
X4.5761 Y-0.8649 Z0.336
X4.5828 Y-0.8529 Z0.3415
X4.5895 Y-0.8405 Z0.3473
X4.5963 Y-0.8273 Z0.3534
X4.6031 Y-0.8137 Z0.3597
X4.6099 Y-0.7993 Z0.3664
X4.6166 Y-0.7846 Z0.3733
X4.62 Y-0.777 Z0.3769
X4.6166 Y-0.7846 Z0.3733
X4.6099 Y-0.7993 Z0.3664
X4.6031 Y-0.8137 Z0.3597
X4.5963 Y-0.8273 Z0.3534
X4.5895 Y-0.8405 Z0.3473
X4.5828 Y-0.8529 Z0.3415
X4.5761 Y-0.8649 Z0.336
X4.5694 Y-0.8762 Z0.3308
X4.5628 Y-0.887 Z0.326
X4.5563 Y-0.897 Z0.3216
X4.55 Y-0.9063 Z0.3175
Y-0.9064
X4.5506 Y-0.9093 Z0.3189
X4.5512 Y-0.9122 Z0.3201
X4.5516 Y-0.915 Z0.3213
X4.552 Y-0.9178 Z0.3224
X4.5523 Y-0.9205 Z0.3235
X4.5525 Y-0.9232 Z0.3244
X4.5526 Y-0.9259 Z0.3254
X4.5527 Y-0.9287 Z0.3263
X4.5526 Y-0.9313 Z0.3271
Y-0.9339 Z0.3278
X4.5523 Y-0.9364 Z0.3286
X4.5521 Y-0.939 Z0.3292
X4.5517 Y-0.9416 Z0.3298
X4.5513 Y-0.9442 Z0.3303
X4.5507 Y-0.9466 Z0.3308
X4.5502 Y-0.9491 Z0.3312
X4.5495 Y-0.9515 Z0.3316
X4.5488 Y-0.9539 Z0.3319
X4.548 Y-0.9562 Z0.3322
X4.5471 Y-0.9585 Z0.3323
X4.5461 Y-0.9607 Z0.3325
X4.5451 Y-0.963 Z0.3326
X4.5418 Y-0.9692 Z0.3327
X4.5388 Y-0.9746
X4.5356 Y-0.9799 Z0.3328
X4.5308 Y-0.9873 Z0.333
X4.5275 Y-0.992 Z0.3332
X4.5239 Y-0.9969 Z0.3334
X4.5184 Y-1.0038 Z0.3336
X4.5141 Y-1.0089 Z0.3339
X4.5101 Y-1.0135 Z0.3341
X4.5047 Y-1.0192 Z0.3344
X4.4986 Y-1.0254 Z0.3348
X4.4931 Y-1.0305 Z0.3351
X4.4864 Y-1.0366 Z0.3355
X4.4804 Y-1.0417 Z0.3358
X4.4735 Y-1.0472 Z0.3361
X4.4653 Y-1.0535 Z0.3365
X4.4602 Y-1.0572 Z0.3367
X4.4509 Y-1.0638 Z0.3371
X4.4406 Y-1.0707 Z0.3375
X4.4294 Y-1.0778 Z0.3378
X4.4172 Y-1.0853 Z0.3381
X4.4147 Y-1.0869
X4.4124 Y-1.0885 Z0.338
X4.4101 Y-1.0902 Z0.3377
X4.4078 Y-1.092 Z0.3373
X4.4057 Y-1.0939 Z0.3369
X4.4034 Y-1.096 Z0.3362
X4.4014 Y-1.098 Z0.3356
X4.3991 Y-1.1004 Z0.3347
X4.3965 Y-1.1034 Z0.3334
X4.3939 Y-1.1065 Z0.332
X4.3912 Y-1.1102 Z0.3301
X4.3898 Y-1.1123 Z0.3291
X4.3919 Y-1.116 Z0.3315
X4.3938 Y-1.1194 Z0.3334
X4.3954 Y-1.1224 Z0.3349
X4.3979 Y-1.1268 Z0.3367
X4.3998 Y-1.1301 Z0.3377
X4.4017 Y-1.133 Z0.3385
X4.4034 Y-1.1354 Z0.339
X4.406 Y-1.1388 Z0.3396
X4.4078 Y-1.141 Z0.3398
X4.4097 Y-1.1432
X4.4139 Y-1.1482 Z0.3397
X4.4181 Y-1.1533 Z0.3398
X4.4221 Y-1.1585
X4.4258 Y-1.1638
X4.4294 Y-1.1692
X4.4328 Y-1.1748
X4.436 Y-1.1805
X4.4391 Y-1.1863
X4.4419 Y-1.1922
X4.4446 Y-1.1983
X4.447 Y-1.2045
X4.4493 Y-1.2108
X4.4514 Y-1.2172
X4.4533 Y-1.2238
X4.4549 Y-1.2305
X4.4563 Y-1.2373
X4.4576 Y-1.2443
X4.4585 Y-1.2515
X4.4592 Y-1.2588
X4.4597 Y-1.2664
X4.4598 Y-1.2741
X4.4597 Y-1.2818
X4.4593 Y-1.2878
X4.4588 Y-1.2939
X4.4581 Y-1.3001
X4.4571 Y-1.3065
X4.4559 Y-1.313
X4.4544 Y-1.3198
X4.4526 Y-1.3267
X4.4505 Y-1.3338
X4.4479 Y-1.3413
X4.446 Y-1.3464
X4.4438 Y-1.3517
X4.4413 Y-1.3571
X4.4386 Y-1.3627
X4.4355 Y-1.3686
X4.4319 Y-1.3748
X4.4278 Y-1.3813
X4.423 Y-1.3883
X4.4203 Y-1.392
X4.4172 Y-1.396
X4.4138 Y-1.4001
X4.41 Y-1.4046
X4.4054 Y-1.4095
X4.3998 Y-1.4151
X4.3946 Y-1.42
X4.3891 Y-1.4247
X4.3835 Y-1.4292
X4.3777 Y-1.4335
X4.3718 Y-1.4375
X4.3644 Y-1.4422
X4.3589 Y-1.4453
X4.3534 Y-1.4483
X4.3479 Y-1.451
X4.3422 Y-1.4536
X4.3365 Y-1.4559
X4.3307 Y-1.4581
X4.3242 Y-1.4604
X4.3177 Y-1.4624
X4.3112 Y-1.4641
X4.3048 Y-1.4656
X4.2983 Y-1.4668
X4.2919 Y-1.4679
X4.2854 Y-1.4687
X4.2789 Y-1.4693
X4.2723 Y-1.4697
X4.2658 Y-1.4699
X4.264
X4.2561 Y-1.4697
X4.2486 Y-1.4693
X4.2415 Y-1.4686
X4.2348 Y-1.4677
X4.2283 Y-1.4666
X4.222 Y-1.4653
X4.216 Y-1.4639
X4.2102 Y-1.4623
X4.2047 Y-1.4606
X4.1992 Y-1.4588
X4.194 Y-1.4569
X4.1889 Y-1.4549
X4.184 Y-1.4528
X4.1792 Y-1.4505
X4.1746 Y-1.4482
X4.1701 Y-1.4458
X4.1657 Y-1.4434
X4.1614 Y-1.4408
X4.1572 Y-1.4382
X4.1532 Y-1.4355
X4.1492 Y-1.4327
X4.1454 Y-1.4298
X4.1417 Y-1.4269 Z0.3399
X4.1357 Y-1.4221 Z0.3398
X4.1334 Y-1.4203 Z0.3396
X4.1299 Y-1.4178 Z0.339
X4.1263 Y-1.4156 Z0.3382
X4.1235 Y-1.4139 Z0.3374
X4.1202 Y-1.4121 Z0.3363
X4.1167 Y-1.4104 Z0.3349
X4.1129 Y-1.4087 Z0.3333
X4.1106 Y-1.4077 Z0.3322
X4.1093 Y-1.4088 Z0.3331
X4.1067 Y-1.4112 Z0.3351
X4.1041 Y-1.4136 Z0.3369
X4.1018 Y-1.4161 Z0.3386
X4.0996 Y-1.4186 Z0.3402
X4.0975 Y-1.4212 Z0.3416
X4.0956 Y-1.4239 Z0.3429
X4.0938 Y-1.4266 Z0.3441
X4.0921 Y-1.4294 Z0.3451
X4.0899 Y-1.4338 Z0.3463
X4.0892 Y-1.4353 Z0.3466
X4.0876 Y-1.4397 Z0.3474
X4.0871 Y-1.4411 Z0.3475
X4.0866 Y-1.443 Z0.3477
X4.0855 Y-1.4472 Z0.3479
X4.0817 Y-1.4646 Z0.3485
X4.081 Y-1.4678 Z0.3486
X4.0805 Y-1.4696
X4.08 Y-1.4715 Z0.3485
X4.0789 Y-1.4747 Z0.3481
X4.0776 Y-1.4779 Z0.3476
X4.0767 Y-1.4798 Z0.3472
X4.0751 Y-1.483 Z0.3463
X4.0732 Y-1.4863 Z0.3451
X4.0711 Y-1.4894 Z0.3437
X4.0699 Y-1.4911 Z0.3428
X4.0675 Y-1.4942 Z0.3411
X4.0646 Y-1.4976 Z0.3389
X4.0619 Y-1.5005 Z0.3368
X4.0589 Y-1.5034 Z0.3344
X4.06 Y-1.5115 Z0.337
X4.062 Y-1.527 Z0.3415
X4.064 Y-1.5423 Z0.3459
X4.0659 Y-1.5577 Z0.3499
X4.068 Y-1.5734 Z0.3539
X4.07 Y-1.5891 Z0.3577
X4.072 Y-1.6049 Z0.3613
X4.0741 Y-1.6208 Z0.3647
X4.0762 Y-1.637 Z0.368
X4.0783 Y-1.6533 Z0.3711
X4.0804 Y-1.6698 Z0.374
X4.0826 Y-1.6864 Z0.3769
X4.0804 Y-1.6698 Z0.374
X4.0783 Y-1.6533 Z0.3711
X4.0762 Y-1.637 Z0.368
X4.0741 Y-1.6208 Z0.3647
X4.072 Y-1.6049 Z0.3613
X4.07 Y-1.5891 Z0.3577
X4.068 Y-1.5734 Z0.3539
X4.0659 Y-1.5577 Z0.3499
X4.064 Y-1.5423 Z0.3459
X4.062 Y-1.527 Z0.3415
X4.06 Y-1.5115 Z0.337
X4.0589 Y-1.5034 Z0.3344
X4.0553 Y-1.5013 Z0.3368
X4.0516 Y-1.499 Z0.3391
X4.0483 Y-1.4968 Z0.3411
X4.045 Y-1.4942 Z0.3429
X4.0422 Y-1.4918 Z0.3444
X4.0393 Y-1.489 Z0.3458
X4.0368 Y-1.4864 Z0.3467
X4.0346 Y-1.4838 Z0.3475
X4.0334 Y-1.4822 Z0.3479
X4.0314 Y-1.4794 Z0.3484
X4.0304 Y-1.4778 Z0.3485
X4.0294 Y-1.4762 Z0.3486
X4.0277 Y-1.473
X4.0239 Y-1.4655 Z0.3483
X4.0177 Y-1.4535 Z0.3478
X4.0168 Y-1.452 Z0.3477
X4.015 Y-1.4491 Z0.3474
X4.0132 Y-1.4464 Z0.3469
X4.0122 Y-1.4452 Z0.3466
X4.0102 Y-1.4427 Z0.3459
X4.008 Y-1.4403 Z0.3451
X4.0057 Y-1.438 Z0.3441
X4.0033 Y-1.4359 Z0.3429
X4.0007 Y-1.4338 Z0.3416
X3.9981 Y-1.4318 Z0.3402
X3.9952 Y-1.4299 Z0.3386
X3.9922 Y-1.428 Z0.3369
X3.9892 Y-1.4263 Z0.335
X3.9846 Y-1.424 Z0.3321
X3.9811 Y-1.4268 Z0.3341
X3.9783 Y-1.4291 Z0.3354
X3.9758 Y-1.4313 Z0.3365
X3.973 Y-1.434 Z0.3376
X3.9705 Y-1.4365 Z0.3385
X3.9685 Y-1.4387 Z0.339
X3.9657 Y-1.442 Z0.3396
X3.9639 Y-1.4444 Z0.3398
X3.9581 Y-1.4521 Z0.34
X3.954 Y-1.4575 Z0.3398
X3.9483 Y-1.4641
X3.9436 Y-1.4692
X3.9395 Y-1.4734
X3.9338 Y-1.4788
X3.9287 Y-1.4833
X3.9239 Y-1.4872
X3.918 Y-1.4917
X3.9124 Y-1.4956
X3.9071 Y-1.4991
X3.902 Y-1.5022
X3.896 Y-1.5057
X3.8901 Y-1.5087
X3.8845 Y-1.5115
X3.878 Y-1.5143
X3.8717 Y-1.5168
X3.8656 Y-1.519
X3.8597 Y-1.521
X3.853 Y-1.5229
X3.8464 Y-1.5245
X3.8401 Y-1.5259
X3.8338 Y-1.527
X3.8278 Y-1.5279
X3.821 Y-1.5287
X3.8143 Y-1.5292
X3.8078 Y-1.5295
X3.8022 Y-1.5296
X3.7944 Y-1.5294
X3.7868 Y-1.529
X3.7793 Y-1.5282
X3.772 Y-1.5272
X3.7649 Y-1.526
X3.7579 Y-1.5245
X3.751 Y-1.5228
X3.7443 Y-1.5208
X3.7377 Y-1.5187
X3.7313 Y-1.5163
X3.725 Y-1.5137
X3.7188 Y-1.5109
X3.7128 Y-1.5078 Z0.3397
X3.7067 Y-1.5047 Z0.3398
X3.6994 Y-1.5004
X3.6922 Y-1.4958
X3.6853 Y-1.4908
X3.6785 Y-1.4855
X3.6719 Y-1.4799
X3.6655 Y-1.474
X3.6594 Y-1.4677
X3.6534 Y-1.4611
X3.6477 Y-1.4541
X3.645 Y-1.4504
X3.6423 Y-1.4467
X3.6396 Y-1.4429
X3.637 Y-1.4389
X3.6345 Y-1.4348
X3.6321 Y-1.4307
X3.6297 Y-1.4264
X3.6274 Y-1.422
X3.6252 Y-1.4174
X3.623 Y-1.4128
X3.621 Y-1.4079
X3.619 Y-1.403
X3.6172 Y-1.3978
X3.6154 Y-1.3925
X3.6138 Y-1.387
X3.6123 Y-1.3813
X3.6109 Y-1.3754
X3.6097 Y-1.3693
X3.6086 Y-1.3629
X3.6077 Y-1.3562
X3.607 Y-1.3491
X3.6067 Y-1.3415 Z0.34
X3.6064 Y-1.3324 Z0.3398
X3.6066 Y-1.3264
X3.6069 Y-1.3202
X3.6075 Y-1.3135
X3.6083 Y-1.3064
X3.6092 Y-1.3007
X3.6104 Y-1.2945
X3.6119 Y-1.2878
X3.6139 Y-1.2803
X3.6156 Y-1.2747
X3.6177 Y-1.2684
X3.6205 Y-1.261
X3.6223 Y-1.2566
X3.6252 Y-1.2504 Z0.3397
X3.6293 Y-1.2417 Z0.3398
X3.6305 Y-1.2391 Z0.3396
X3.6322 Y-1.2352 Z0.3391
X3.6336 Y-1.2312 Z0.3383
X3.6346 Y-1.2281 Z0.3375
X3.6353 Y-1.2254 Z0.3367
X3.6357 Y-1.2238 Z0.3361
X3.6366 Y-1.2206 Z0.3349
X3.6374 Y-1.2172 Z0.3334
X3.6384 Y-1.2135 Z0.3315
X3.6394 Y-1.2093 Z0.3291
X3.6375 Y-1.2077 Z0.3301
X3.634 Y-1.2048 Z0.332
X3.6307 Y-1.2024 Z0.3334
X3.6275 Y-1.2002 Z0.3347
X3.6247 Y-1.1985 Z0.3356
X3.6222 Y-1.197 Z0.3362
X3.6194 Y-1.1956 Z0.3369
X3.6169 Y-1.1943 Z0.3373
X3.6141 Y-1.1931 Z0.3377
X3.6115 Y-1.1921 Z0.338
X3.6089 Y-1.1911 Z0.3381
X3.6066 Y-1.1903
X3.5987 Y-1.188 Z0.338
X3.586 Y-1.1841 Z0.3377
X3.5736 Y-1.1799 Z0.3373
X3.5627 Y-1.176 Z0.3369
X3.5522 Y-1.172 Z0.3365
X3.5447 Y-1.1689 Z0.3362
X3.5368 Y-1.1654 Z0.3359
X3.5287 Y-1.1616 Z0.3355
X3.5218 Y-1.1582 Z0.3352
X3.5139 Y-1.1539 Z0.3349
X3.5073 Y-1.1502 Z0.3346
X3.5002 Y-1.1458 Z0.3342
X3.4935 Y-1.1414 Z0.3339
X3.4875 Y-1.1372 Z0.3336
X3.4804 Y-1.1318 Z0.3334
X3.4757 Y-1.128 Z0.3332
X3.4714 Y-1.1244 Z0.333
X3.4648 Y-1.1184 Z0.3328
X3.4603 Y-1.1141
X3.456 Y-1.1097 Z0.3327
X3.4512 Y-1.1044 Z0.3326
X3.4497 Y-1.1025 Z0.3325
X3.4482 Y-1.1006 Z0.3323
X3.4468 Y-1.0986 Z0.3322
X3.4454 Y-1.0965 Z0.3319
X3.4441 Y-1.0944 Z0.3316
X3.4428 Y-1.0923 Z0.3312
X3.4416 Y-1.09 Z0.3308
X3.4405 Y-1.0878 Z0.3303
X3.4395 Y-1.0854 Z0.3298
X3.4384 Y-1.0831 Z0.3292
X3.4375 Y-1.0807 Z0.3286
X3.4367 Y-1.0782 Z0.3278
X3.4359 Y-1.0757 Z0.3271
X3.4352 Y-1.0731 Z0.3262
X3.4346 Y-1.0705 Z0.3254
X3.434 Y-1.0679 Z0.3244
X3.4335 Y-1.0652 Z0.3235
X3.433 Y-1.0624 Z0.3224
X3.4327 Y-1.0596 Z0.3213
X3.4324 Y-1.0568 Z0.3201
X3.4323 Y-1.054 Z0.3189
X3.4321 Y-1.051 Z0.3175
Y-1.0509
Y-1.051
Y-1.0509
Y-1.051
X3.4323 Y-1.054 Z0.3189
X3.4324 Y-1.0568 Z0.3201
X3.4327 Y-1.0596 Z0.3213
X3.433 Y-1.0624 Z0.3224
X3.4335 Y-1.0652 Z0.3235
X3.434 Y-1.0679 Z0.3244
X3.4346 Y-1.0705 Z0.3254
X3.4352 Y-1.0731 Z0.3262
X3.4359 Y-1.0757 Z0.3271
X3.4367 Y-1.0782 Z0.3278
X3.4375 Y-1.0807 Z0.3286
X3.4384 Y-1.0831 Z0.3292
X3.4395 Y-1.0854 Z0.3298
X3.4405 Y-1.0878 Z0.3303
X3.4416 Y-1.09 Z0.3308
X3.4428 Y-1.0923 Z0.3312
X3.4441 Y-1.0944 Z0.3316
X3.4454 Y-1.0965 Z0.3319
X3.4468 Y-1.0986 Z0.3322
X3.4482 Y-1.1006 Z0.3323
X3.4497 Y-1.1025 Z0.3325
X3.4512 Y-1.1044 Z0.3326
X3.456 Y-1.1097 Z0.3327
X3.4603 Y-1.1141 Z0.3328
X3.4648 Y-1.1184
X3.4714 Y-1.1244 Z0.333
X3.4757 Y-1.128 Z0.3332
X3.4804 Y-1.1318 Z0.3334
X3.4875 Y-1.1372 Z0.3336
X3.4935 Y-1.1414 Z0.3339
X3.5002 Y-1.1458 Z0.3342
X3.5073 Y-1.1502 Z0.3346
X3.5139 Y-1.1539 Z0.3349
X3.5218 Y-1.1582 Z0.3352
X3.5287 Y-1.1616 Z0.3355
X3.5368 Y-1.1654 Z0.3359
X3.5447 Y-1.1689 Z0.3362
X3.5522 Y-1.172 Z0.3365
X3.5627 Y-1.176 Z0.3369
X3.5736 Y-1.1799 Z0.3373
X3.586 Y-1.1841 Z0.3377
X3.5987 Y-1.188 Z0.338
X3.6066 Y-1.1903 Z0.3381
X3.6089 Y-1.1911
X3.6115 Y-1.1921 Z0.338
X3.6141 Y-1.1931 Z0.3377
X3.6169 Y-1.1943 Z0.3373
X3.6194 Y-1.1956 Z0.3369
X3.6222 Y-1.197 Z0.3362
X3.6247 Y-1.1985 Z0.3356
X3.6275 Y-1.2002 Z0.3347
X3.6307 Y-1.2024 Z0.3334
X3.634 Y-1.2048 Z0.332
X3.6375 Y-1.2077 Z0.3301
X3.6394 Y-1.2093 Z0.3291
X3.6444 Y-1.2083 Z0.3313
X3.6469 Y-1.208 Z0.3323
X3.6494 Y-1.2077 Z0.3332
X3.6517 Y-1.2074 Z0.334
X3.6557 Y-1.2072 Z0.3353
X3.6597 Y-1.2071 Z0.3364
X3.6639 Y-1.2072 Z0.3374
X3.6678 Y-1.2075 Z0.338
X3.6717 Y-1.208 Z0.3385
X3.6764 Y-1.2088 Z0.3389
X3.6792 Y-1.2095
X3.7072 Y-1.2167
X3.7214 Y-1.2206 Z0.3388
X3.7359 Y-1.2247 Z0.3387
X3.7384 Y-1.2255 Z0.3386
X3.7408 Y-1.2263 Z0.3385
X3.7426 Y-1.227 Z0.3384
X3.7461 Y-1.2285 Z0.3379
X3.7495 Y-1.2302 Z0.3373
X3.7529 Y-1.232 Z0.3365
X3.7562 Y-1.2341 Z0.3355
X3.761 Y-1.2374 Z0.3337
X3.7633 Y-1.2392 Z0.3327
X3.7656 Y-1.2411 Z0.3316
X3.7678 Y-1.2431 Z0.3304
X3.77 Y-1.2451 Z0.3291
X3.7742 Y-1.2495 Z0.3264
X3.7762 Y-1.2518 Z0.3249
X3.7782 Y-1.2542 Z0.3233
X3.7801 Y-1.2567 Z0.3217
X3.782 Y-1.2591 Z0.3199
X3.7844 Y-1.2626 Z0.3175
G2 X3.7683 Y-1.302 I-0.0594 J0.0013
G3 X3.8361 Y-1.3656 I0.0339 J-0.0318
X3.8475 Y-1.3441 I-0.0339 J0.0318
G2 X3.8709 Y-1.309 I0.0579 J-0.0132
G1 X3.8704 Y-1.3086
X3.8667 Y-1.3058
X3.8629 Y-1.3031
X3.8591 Y-1.3005
X3.8553 Y-1.2979
X3.8513 Y-1.2954
X3.8474 Y-1.2929
X3.8434 Y-1.2905
X3.8393 Y-1.2881
X3.8352 Y-1.2858
X3.831 Y-1.2835
X3.8268 Y-1.2813
X3.8225 Y-1.2791
X3.8182 Y-1.277
X3.8137 Y-1.2749
X3.8093 Y-1.2728
X3.8047 Y-1.2708
X3.8002 Y-1.2689
X3.7955 Y-1.2669
X3.7908 Y-1.2651
X3.786 Y-1.2632
X3.7844 Y-1.2626
X3.786 Y-1.2632
X3.7908 Y-1.2651
X3.7955 Y-1.2669
X3.8002 Y-1.2689
X3.8047 Y-1.2708
X3.8093 Y-1.2728
X3.8137 Y-1.2749
X3.8182 Y-1.277
X3.8225 Y-1.2791
X3.8268 Y-1.2813
X3.831 Y-1.2835
X3.8352 Y-1.2858
X3.8393 Y-1.2881
X3.8434 Y-1.2905
X3.8474 Y-1.2929
X3.8513 Y-1.2954
X3.8553 Y-1.2979
X3.8591 Y-1.3005
X3.8629 Y-1.3031
X3.8667 Y-1.3058
X3.8704 Y-1.3086
X3.8709 Y-1.309
X3.8758 Y-1.3091 Z0.3204
X3.8815 Y-1.3096 Z0.3235
X3.887 Y-1.3103 Z0.3264
X3.8924 Y-1.3114 Z0.3291
X3.895 Y-1.312 Z0.3304
X3.8977 Y-1.3127 Z0.3316
X3.9002 Y-1.3135 Z0.3328
X3.9028 Y-1.3143 Z0.3338
X3.9053 Y-1.3153 Z0.3348
X3.9078 Y-1.3162 Z0.3358
X3.9102 Y-1.3173 Z0.3366
X3.9126 Y-1.3185 Z0.3374
X3.9148 Y-1.3197 Z0.3381
X3.9171 Y-1.321 Z0.3388
X3.9193 Y-1.3224 Z0.3393
X3.9214 Y-1.3239 Z0.3398
X3.9235 Y-1.3255 Z0.3403
X3.9255 Y-1.3271 Z0.3406
X3.9275 Y-1.3288 Z0.3408
X3.9299 Y-1.3311 Z0.341
X3.9366 Y-1.338 Z0.3415
X3.9437 Y-1.3458 Z0.342
X3.9473 Y-1.3498 Z0.3422
X3.9543 Y-1.3579 Z0.3427
X3.9578 Y-1.3622 Z0.343
X3.9646 Y-1.3707 Z0.3435
X3.9715 Y-1.3797 Z0.344
X3.9735 Y-1.3827 Z0.3441
X3.9746 Y-1.3844
X3.9761 Y-1.3868 Z0.344
X3.9774 Y-1.3894 Z0.3437
X3.9786 Y-1.392 Z0.3433
X3.9797 Y-1.3947 Z0.3428
X3.9807 Y-1.3975 Z0.3422
X3.9816 Y-1.4003 Z0.3415
X3.9824 Y-1.4033 Z0.3406
X3.983 Y-1.4062 Z0.3396
X3.9835 Y-1.4093 Z0.3385
X3.984 Y-1.4124 Z0.3373
X3.9843 Y-1.4154 Z0.3361
X3.9845 Y-1.4188 Z0.3345
X3.9846 Y-1.424 Z0.3321
G0 Z0.7
X4.1106 Y-1.4077
Z0.5769
G1 Z0.3322 F80.
X4.1094 Y-1.4027 Z0.3345 F5.
X4.1088 Y-1.3993 Z0.3361
X4.1083 Y-1.3964 Z0.3373
X4.1079 Y-1.3932 Z0.3386
X4.1076 Y-1.3901 Z0.3397
X4.1075 Y-1.387 Z0.3407
Y-1.384 Z0.3415
X4.1076 Y-1.381 Z0.3423
X4.1079 Y-1.378 Z0.3429
X4.1083 Y-1.3751 Z0.3433
X4.1088 Y-1.3723 Z0.3437
X4.1094 Y-1.3696 Z0.344
X4.1102 Y-1.3668 Z0.3441
X4.1108 Y-1.3649
X4.112 Y-1.3615 Z0.344
X4.1163 Y-1.3511 Z0.3435
X4.1208 Y-1.3411 Z0.343
X4.1252 Y-1.3316 Z0.3425
X4.1302 Y-1.3216 Z0.3419
X4.1351 Y-1.3124 Z0.3415
X4.1399 Y-1.3039 Z0.341
X4.1416 Y-1.3011 Z0.3408
X4.1431 Y-1.2989 Z0.3406
X4.1446 Y-1.2969 Z0.3403
X4.1462 Y-1.2948 Z0.3398
X4.1479 Y-1.2929 Z0.3394
X4.1497 Y-1.291 Z0.3388
X4.1516 Y-1.2891 Z0.3381
X4.1535 Y-1.2873 Z0.3374
X4.1555 Y-1.2856 Z0.3366
X4.1575 Y-1.2839 Z0.3357
X4.1596 Y-1.2824 Z0.3349
X4.1617 Y-1.2809 Z0.3338
X4.164 Y-1.2794 Z0.3328
X4.1663 Y-1.2779 Z0.3316
X4.1687 Y-1.2766 Z0.3304
X4.1711 Y-1.2753 Z0.3291
X4.1762 Y-1.2729 Z0.3264
X4.1813 Y-1.2708 Z0.3235
X4.1865 Y-1.269 Z0.3204
X4.1913 Y-1.2675 Z0.3175
G2 X4.2229 Y-1.2956 I-0.021 J-0.0555
G3 X4.3052 Y-1.2526 I0.0412 J0.0215
X4.2887 Y-1.2347 I-0.0412 J-0.0215
G2 X4.2631 Y-1.2007 I0.0315 J0.0503
G1 X4.2618 Y-1.2017
X4.2577 Y-1.2046
X4.2535 Y-1.2077
X4.2495 Y-1.2107
X4.2456 Y-1.2138
X4.2417 Y-1.2169
X4.2378 Y-1.2201
X4.2342 Y-1.2232
X4.2305 Y-1.2264
X4.2268 Y-1.2296
X4.2234 Y-1.2328
X4.2199 Y-1.236
X4.2165 Y-1.2394
X4.2131 Y-1.2427
X4.2099 Y-1.2461
X4.2068 Y-1.2494
X4.2036 Y-1.2529
X4.2006 Y-1.2563
X4.1975 Y-1.2599
X4.1945 Y-1.2635
X4.1917 Y-1.267
X4.1913 Y-1.2675
X4.1917 Y-1.267
X4.1945 Y-1.2635
X4.1975 Y-1.2599
X4.2006 Y-1.2563
X4.2036 Y-1.2529
X4.2068 Y-1.2494
X4.2099 Y-1.2461
X4.2131 Y-1.2427
X4.2165 Y-1.2394
X4.2199 Y-1.236
X4.2234 Y-1.2328
X4.2268 Y-1.2296
X4.2305 Y-1.2264
X4.2342 Y-1.2232
X4.2378 Y-1.2201
X4.2417 Y-1.2169
X4.2456 Y-1.2138
X4.2495 Y-1.2107
X4.2535 Y-1.2077
X4.2577 Y-1.2046
X4.2618 Y-1.2017
X4.2631 Y-1.2007
X4.2646 Y-1.1967 Z0.3199
X4.2658 Y-1.1939 Z0.3217
X4.267 Y-1.191 Z0.3233
X4.2684 Y-1.1882 Z0.3249
X4.2697 Y-1.1854 Z0.3264
X4.2727 Y-1.1801 Z0.3292
X4.2742 Y-1.1775 Z0.3304
X4.2759 Y-1.1751 Z0.3316
X4.2776 Y-1.1727 Z0.3327
X4.2793 Y-1.1704 Z0.3337
X4.2832 Y-1.1659 Z0.3355
X4.2858 Y-1.1631 Z0.3365
X4.2886 Y-1.1605 Z0.3373
X4.2915 Y-1.158 Z0.3379
X4.2945 Y-1.1556 Z0.3384
X4.2961 Y-1.1545 Z0.3385
X4.2982 Y-1.1531 Z0.3386
X4.3004 Y-1.1517 Z0.3387
X4.3134 Y-1.1441 Z0.3388
X4.3262 Y-1.1367 Z0.3389
X4.3514 Y-1.1226
X4.3539 Y-1.1212 Z0.3388
X4.3583 Y-1.1192 Z0.3385
X4.3619 Y-1.1177 Z0.338
X4.3656 Y-1.1165 Z0.3374
X4.3695 Y-1.1153 Z0.3364
X4.3734 Y-1.1144 Z0.3354
X4.3774 Y-1.1136 Z0.3341
X4.3798 Y-1.1132 Z0.3332
X4.3823 Y-1.1129 Z0.3323
X4.3847 Y-1.1126 Z0.3313
X4.3898 Y-1.1123 Z0.3291
G0 Z1.1
(ENGRAVE1 2)
G0 X6.2378 Y-3.8664
Z1.1
Z0.5819
G1 Z0.3819 F80.
X6.2427 Y-3.8597 Z0.3783 F5.
X6.2524 Y-3.8466 Z0.3714
X6.262 Y-3.8341 Z0.3648
X6.2714 Y-3.8221 Z0.3584
X6.2808 Y-3.8107 Z0.3523
X6.29 Y-3.7998 Z0.3465
X6.2991 Y-3.7896 Z0.341
X6.3079 Y-3.7799 Z0.3358
X6.3166 Y-3.7708 Z0.3311
X6.3251 Y-3.7622 Z0.3265
X6.3331 Y-3.7544 Z0.3225
X6.3332
Y-3.7514 Z0.3239
Y-3.7485 Z0.3251
X6.3334 Y-3.7457 Z0.3263
X6.3336 Y-3.7428 Z0.3274
X6.3339 Y-3.7401 Z0.3285
X6.3342 Y-3.7374 Z0.3294
X6.3347 Y-3.7348 Z0.3304
X6.3352 Y-3.7322 Z0.3312
X6.3358 Y-3.7296 Z0.3321
X6.3364 Y-3.727 Z0.3328
X6.3372 Y-3.7245 Z0.3336
X6.3379 Y-3.722 Z0.3342
X6.3389 Y-3.7196 Z0.3348
X6.3398 Y-3.7173 Z0.3353
X6.3408 Y-3.7149 Z0.3358
X6.3419 Y-3.7126 Z0.3362
X6.3431 Y-3.7104 Z0.3366
X6.3443 Y-3.7082 Z0.3369
X6.3455 Y-3.7061 Z0.3372
X6.3468 Y-3.7041 Z0.3373
X6.3483 Y-3.7021 Z0.3375
X6.3497 Y-3.7001 Z0.3376
X6.3528 Y-3.6963
X6.3577 Y-3.6908 Z0.3377
X6.3625 Y-3.6855 Z0.3378
X6.3689 Y-3.6792 Z0.338
X6.3728 Y-3.6755 Z0.3382
X6.3767 Y-3.6721 Z0.3383
X6.3844 Y-3.6656 Z0.3387
X6.3884 Y-3.6625 Z0.3388
X6.3939 Y-3.6584 Z0.3391
X6.401 Y-3.6534 Z0.3394
X6.4075 Y-3.6492 Z0.3397
X6.4146 Y-3.6448 Z0.3401
X6.4218 Y-3.6407 Z0.3404
X6.4295 Y-3.6365 Z0.3408
X6.4366 Y-3.6329 Z0.3411
X6.4454 Y-3.6287 Z0.3414
X6.4567 Y-3.6237 Z0.3419
X6.4676 Y-3.6191 Z0.3423
X6.4783 Y-3.6149 Z0.3426
X6.4868 Y-3.6118 Z0.3428
X6.4996 Y-3.6073 Z0.3431
X6.5031 Y-3.606
X6.5054 Y-3.605 Z0.343
X6.5081 Y-3.6038 Z0.3427
X6.5106 Y-3.6025 Z0.3424
X6.5134 Y-3.601 Z0.3418
X6.5159 Y-3.5995 Z0.3413
X6.5185 Y-3.5979 Z0.3405
X6.5209 Y-3.5962 Z0.3397
X6.5243 Y-3.5937 Z0.3384
X6.5274 Y-3.5911 Z0.337
X6.5305 Y-3.5884 Z0.3353
X6.5327 Y-3.5863 Z0.334
X6.5377 Y-3.5871 Z0.3363
X6.5402 Y-3.5873 Z0.3373
X6.5427 Y-3.5875 Z0.3382
X6.545 Y-3.5876 Z0.339
X6.549 Y-3.5877 Z0.3403
X6.553 Y-3.5876 Z0.3414
X6.5572 Y-3.5873 Z0.3424
X6.5611 Y-3.5868 Z0.3431
X6.565 Y-3.5861 Z0.3435
X6.5697 Y-3.585 Z0.3438
X6.5724 Y-3.5843 Z0.3439
X6.5893 Y-3.579
X6.6115 Y-3.572 Z0.3438
X6.6283 Y-3.5664 Z0.3437
X6.6308 Y-3.5655 Z0.3436
X6.6332 Y-3.5645 Z0.3435
X6.6349 Y-3.5637 Z0.3433
X6.6383 Y-3.5621 Z0.3429
X6.6417 Y-3.5602 Z0.3423
X6.6449 Y-3.5582 Z0.3415
X6.6481 Y-3.556 Z0.3405
X6.6528 Y-3.5525 Z0.3387
X6.655 Y-3.5506 Z0.3377
X6.6572 Y-3.5486 Z0.3366
X6.6593 Y-3.5465 Z0.3354
X6.6614 Y-3.5443 Z0.3341
X6.6654 Y-3.5398 Z0.3314
X6.6672 Y-3.5373 Z0.3299
X6.6691 Y-3.5349 Z0.3283
X6.6709 Y-3.5323 Z0.3267
X6.6727 Y-3.5297 Z0.3249
X6.675 Y-3.5262 Z0.3225
X6.6766 Y-3.5255
X6.6812 Y-3.5234
X6.6858 Y-3.5213
X6.6904 Y-3.5192
X6.6949 Y-3.517
X6.6993 Y-3.5148
X6.7036 Y-3.5125
X6.708 Y-3.5102
X6.7123 Y-3.5078
X6.7164 Y-3.5055
X6.7205 Y-3.5031
X6.7246 Y-3.5006
X6.7286 Y-3.4981
X6.7325 Y-3.4955
X6.7364 Y-3.4929
X6.7402 Y-3.4903
X6.7441 Y-3.4875
X6.7478 Y-3.4847
X6.7515 Y-3.4819
X6.7551 Y-3.4791
X6.7586 Y-3.4762
X6.7592 Y-3.4757
G2 X6.7341 Y-3.4417 I0.0321 J0.0499
G3 X6.6446 Y-3.4667 I-0.0448 J-0.0125
X6.657 Y-3.4876 I0.0448 J0.0125
G2 X6.675 Y-3.5262 I-0.0413 J-0.0427
G3 X6.657 Y-3.4876 I-0.0592 J-0.0041
G2 X6.7217 Y-3.4208 I0.0323 J0.0334
X6.7341 Y-3.4417 I-0.0323 J-0.0334
G3 X6.7592 Y-3.4757 I0.0572 J0.0159
G1 X6.7641 Y-3.4753 Z0.3254
X6.7697 Y-3.4746 Z0.3285
X6.7752 Y-3.4736 Z0.3314
X6.7805 Y-3.4723 Z0.3341
X6.7831 Y-3.4716 Z0.3354
X6.7857 Y-3.4708 Z0.3366
X6.7882 Y-3.4698 Z0.3378
X6.7908 Y-3.4689 Z0.3388
X6.7932 Y-3.4678 Z0.3399
X6.7956 Y-3.4667 Z0.3407
X6.8002 Y-3.4643 Z0.3424
X6.8025 Y-3.4629 Z0.3431
X6.8047 Y-3.4615 Z0.3438
X6.8069 Y-3.46 Z0.3444
X6.8089 Y-3.4584 Z0.3448
X6.8109 Y-3.4568 Z0.3453
X6.8128 Y-3.4551 Z0.3456
X6.8147 Y-3.4532 Z0.3458
X6.817 Y-3.4508 Z0.346
X6.8234 Y-3.4436 Z0.3465
X6.8302 Y-3.4355 Z0.3469
X6.8335 Y-3.4314 Z0.3472
X6.8402 Y-3.4228 Z0.3477
X6.8466 Y-3.4141 Z0.3482
X6.852 Y-3.4065 Z0.3487
X6.8562 Y-3.4002 Z0.349
X6.8581 Y-3.3972 Z0.3491
X6.8591 Y-3.3955
X6.8604 Y-3.393 Z0.349
X6.8616 Y-3.3904 Z0.3487
X6.8627 Y-3.3877 Z0.3483
X6.8637 Y-3.3849 Z0.3478
X6.8646 Y-3.3821 Z0.3472
X6.8654 Y-3.3792 Z0.3465
X6.866 Y-3.3763 Z0.3456
X6.8665 Y-3.3733 Z0.3447
X6.8669 Y-3.3702 Z0.3436
X6.8671 Y-3.367 Z0.3423
X6.8673 Y-3.364 Z0.3411
Y-3.3605 Z0.3395
X6.8672 Y-3.3554 Z0.3372
X6.8652 Y-3.354 Z0.3382
X6.8618 Y-3.3515 Z0.3399
X6.8587 Y-3.3491 Z0.3413
X6.8559 Y-3.3467 Z0.3424
X6.8535 Y-3.3445 Z0.3432
X6.8504 Y-3.3415 Z0.344
X6.8475 Y-3.3383 Z0.3446
X6.8456 Y-3.3361 Z0.3448
X6.8391 Y-3.3283 Z0.3447
X6.8345 Y-3.3228 Z0.3448
X6.8306 Y-3.3186
X6.827 Y-3.315
X6.8236 Y-3.3117
X6.8173 Y-3.306
X6.8114 Y-3.3011
X6.8059 Y-3.2969
X6.8006 Y-3.2931
X6.7956 Y-3.2898
X6.7908 Y-3.2867
X6.7861 Y-3.284
X6.7793 Y-3.2803
X6.7727 Y-3.277
X6.7664 Y-3.2742
X6.7602 Y-3.2717
X6.7542 Y-3.2695
X6.7484 Y-3.2675
X6.7427 Y-3.2658
X6.7371 Y-3.2643
X6.7316 Y-3.263
X6.7245 Y-3.2616
X6.7175 Y-3.2604
X6.7106 Y-3.2596
X6.7039 Y-3.259
X6.6974 Y-3.2586
X6.6909 Y-3.2584
X6.6815 Y-3.2587 Z0.345
X6.6737 Y-3.259 Z0.3448
X6.6661 Y-3.2598
X6.6587 Y-3.2608
X6.6514 Y-3.2621
X6.6443 Y-3.2637
X6.6373 Y-3.2655
X6.6304 Y-3.2675
X6.6237 Y-3.2698
X6.6171 Y-3.2722
X6.6106 Y-3.275
X6.6042 Y-3.2779
X6.598 Y-3.2811
X6.5918 Y-3.2844
X6.5858 Y-3.288
X6.5792 Y-3.2923
X6.5728 Y-3.2969
X6.5665 Y-3.3018
X6.5603 Y-3.3069
X6.5544 Y-3.3124
X6.5486 Y-3.3181
X6.543 Y-3.3242
X6.5375 Y-3.3306
X6.5323 Y-3.3373
X6.5272 Y-3.3444
X6.5224 Y-3.3519
X6.5178 Y-3.3599
X6.5156 Y-3.364
X6.5134 Y-3.3683
X6.5114 Y-3.3726
X6.5094 Y-3.3771
X6.5074 Y-3.3818
X6.5056 Y-3.3866
X6.5038 Y-3.3915
X6.5022 Y-3.3967
X6.5006 Y-3.402
X6.4992 Y-3.4075
X6.4979 Y-3.4133
X6.4967 Y-3.4193
X6.4957 Y-3.4255
X6.4948 Y-3.4321
X6.4941 Y-3.439
X6.4938 Y-3.4466 Z0.345
X6.4935 Y-3.4542 Z0.3448
X6.4936 Y-3.4574
X6.4938 Y-3.4638
X6.4942 Y-3.4701
X6.4948 Y-3.4763
X6.4956 Y-3.4826
X6.4966 Y-3.4888
X6.4978 Y-3.4949
X6.4992 Y-3.501
X6.5008 Y-3.5071
X6.5026 Y-3.5132
X6.5046 Y-3.5192
X6.5069 Y-3.5252
X6.5094 Y-3.5314
X6.5123 Y-3.5379
X6.5151 Y-3.5433 Z0.3447
X6.5179 Y-3.5488 Z0.3448
X6.521 Y-3.5545
X6.5224 Y-3.557 Z0.3446
X6.5242 Y-3.5609 Z0.344
X6.5253 Y-3.5636 Z0.3435
X6.5266 Y-3.5668 Z0.3427
X6.5278 Y-3.5704 Z0.3416
X6.5293 Y-3.5752 Z0.3399
X6.5303 Y-3.5786 Z0.3384
X6.5314 Y-3.5822 Z0.3365
X6.5327 Y-3.5863 Z0.334
X6.5314 Y-3.5822 Z0.3365
X6.5303 Y-3.5786 Z0.3384
X6.5293 Y-3.5752 Z0.3399
X6.5278 Y-3.5704 Z0.3416
X6.5266 Y-3.5668 Z0.3427
X6.5253 Y-3.5636 Z0.3435
X6.5242 Y-3.5609 Z0.344
X6.5224 Y-3.557 Z0.3446
X6.521 Y-3.5545 Z0.3448
X6.5179 Y-3.5488
X6.5151 Y-3.5433 Z0.3447
X6.5123 Y-3.5379 Z0.3448
X6.5094 Y-3.5314
X6.5069 Y-3.5252
X6.5046 Y-3.5192
X6.5026 Y-3.5132
X6.5008 Y-3.5071
X6.4992 Y-3.501
X6.4978 Y-3.4949
X6.4966 Y-3.4888
X6.4956 Y-3.4826
X6.4948 Y-3.4763
X6.4942 Y-3.4701
X6.4938 Y-3.4638
X6.4936 Y-3.4574
X6.4935 Y-3.4542
X6.4938 Y-3.4466 Z0.345
X6.4941 Y-3.439 Z0.3448
X6.4948 Y-3.4321
X6.4957 Y-3.4255
X6.4967 Y-3.4193
X6.4979 Y-3.4133
X6.4992 Y-3.4075
X6.5006 Y-3.402
X6.5022 Y-3.3967
X6.5038 Y-3.3915
X6.5056 Y-3.3866
X6.5074 Y-3.3818
X6.5094 Y-3.3771
X6.5114 Y-3.3726
X6.5134 Y-3.3683
X6.5156 Y-3.364
X6.5178 Y-3.3599
X6.5224 Y-3.3519
X6.5272 Y-3.3444
X6.5323 Y-3.3373
X6.5375 Y-3.3306
X6.543 Y-3.3242
X6.5486 Y-3.3181
X6.5544 Y-3.3124
X6.5603 Y-3.3069
X6.5665 Y-3.3018
X6.5728 Y-3.2969
X6.5792 Y-3.2923
X6.5858 Y-3.288
X6.5918 Y-3.2844
X6.598 Y-3.2811
X6.6042 Y-3.2779
X6.6106 Y-3.275
X6.6171 Y-3.2722
X6.6237 Y-3.2698
X6.6304 Y-3.2675
X6.6373 Y-3.2655
X6.6443 Y-3.2637
X6.6514 Y-3.2621
X6.6587 Y-3.2608
X6.6661 Y-3.2598
X6.6737 Y-3.259
X6.6815 Y-3.2587 Z0.345
X6.6909 Y-3.2584 Z0.3448
X6.6974 Y-3.2586
X6.7039 Y-3.259
X6.7106 Y-3.2596
X6.7175 Y-3.2604
X6.7245 Y-3.2616
X6.7316 Y-3.263
X6.7371 Y-3.2643
X6.7427 Y-3.2658
X6.7484 Y-3.2675
X6.7542 Y-3.2695
X6.7602 Y-3.2717
X6.7664 Y-3.2742
X6.7727 Y-3.277
X6.7793 Y-3.2803
X6.7861 Y-3.284
X6.7908 Y-3.2867
X6.7956 Y-3.2898
X6.8006 Y-3.2931
X6.8059 Y-3.2969
X6.8114 Y-3.3011
X6.8173 Y-3.306
X6.8236 Y-3.3117
X6.827 Y-3.315
X6.8306 Y-3.3186
X6.8345 Y-3.3228
X6.8391 Y-3.3283 Z0.3447
X6.8456 Y-3.3361 Z0.3448
X6.8475 Y-3.3383 Z0.3446
X6.8504 Y-3.3415 Z0.344
X6.8535 Y-3.3445 Z0.3432
X6.8559 Y-3.3467 Z0.3424
X6.8587 Y-3.3491 Z0.3413
X6.8618 Y-3.3515 Z0.3399
X6.8652 Y-3.354 Z0.3382
X6.8672 Y-3.3554 Z0.3372
X6.8717 Y-3.3528 Z0.3401
X6.8747 Y-3.351 Z0.3419
X6.8776 Y-3.349 Z0.3436
X6.8803 Y-3.347 Z0.3452
X6.8829 Y-3.3449 Z0.3466
X6.8853 Y-3.3427 Z0.3479
X6.8876 Y-3.3404 Z0.3491
X6.8898 Y-3.338 Z0.3501
X6.8919 Y-3.3355 Z0.3509
X6.8938 Y-3.3329 Z0.3516
X6.8947 Y-3.3316 Z0.3519
X6.8964 Y-3.329 Z0.3524
X6.898 Y-3.326 Z0.3527
X6.8988 Y-3.3243 Z0.3528
X6.9045 Y-3.3121 Z0.3533
X6.9079 Y-3.3043 Z0.3536
X6.9095 Y-3.3011
X6.9103 Y-3.2995 Z0.3535
X6.9113 Y-3.2979 Z0.3534
X6.9131 Y-3.295 Z0.3529
X6.9143 Y-3.2932 Z0.3525
X6.9165 Y-3.2905 Z0.3517
X6.9188 Y-3.2878 Z0.3507
X6.9214 Y-3.285 Z0.3494
X6.9241 Y-3.2825 Z0.348
X6.9273 Y-3.2798 Z0.3461
X6.9305 Y-3.2774 Z0.3442
X6.9342 Y-3.2747 Z0.3418
X6.9377 Y-3.2725 Z0.3394
X6.9389 Y-3.2566 Z0.3443
X6.9402 Y-3.2411 Z0.3487
X6.9421 Y-3.2179 Z0.355
X6.9434 Y-3.2021 Z0.3589
X6.9453 Y-3.1785 Z0.3645
X6.9466 Y-3.1625 Z0.368
X6.9479 Y-3.1464 Z0.3714
X6.9499 Y-3.1219 Z0.3761
X6.9512 Y-3.1053 Z0.3791
X6.9526 Y-3.0887 Z0.3819
X6.9512 Y-3.1053 Z0.3791
X6.9499 Y-3.1219 Z0.3761
X6.9479 Y-3.1464 Z0.3714
X6.9466 Y-3.1625 Z0.368
X6.9453 Y-3.1785 Z0.3645
X6.9434 Y-3.2021 Z0.3589
X6.9421 Y-3.2179 Z0.355
X6.9402 Y-3.2411 Z0.3487
X6.9389 Y-3.2566 Z0.3443
X6.9377 Y-3.2725 Z0.3394
X6.9407 Y-3.2753 Z0.3418
X6.9435 Y-3.278 Z0.3439
X6.9467 Y-3.2813 Z0.3461
X6.9492 Y-3.2843 Z0.3478
X6.9516 Y-3.2874 Z0.3494
X6.9537 Y-3.2904 Z0.3506
X6.9549 Y-3.2923 Z0.3513
X6.9566 Y-3.2954 Z0.3522
X6.9582 Y-3.2985 Z0.3529
X6.9595 Y-3.3017 Z0.3533
X6.9603 Y-3.3036 Z0.3535
X6.9614 Y-3.3069 Z0.3536
X6.964 Y-3.3169 Z0.3533
X6.9677 Y-3.33 Z0.3528
X6.9688 Y-3.3334 Z0.3525
X6.9693 Y-3.3349 Z0.3524
X6.9712 Y-3.3392 Z0.3516
X6.9727 Y-3.342 Z0.3509
X6.9743 Y-3.3448 Z0.3501
X6.9761 Y-3.3475 Z0.3491
X6.9781 Y-3.3502 Z0.3479
X6.9801 Y-3.3528 Z0.3466
X6.9823 Y-3.3553 Z0.3452
X6.9846 Y-3.3577 Z0.3436
X6.9871 Y-3.36 Z0.3419
X6.9898 Y-3.3624 Z0.3401
X6.9926 Y-3.3647 Z0.338
X6.9938 Y-3.3657 Z0.3372
X6.9961 Y-3.3646 Z0.3383
X6.9998 Y-3.3627 Z0.3399
X7.0032 Y-3.3608 Z0.3413
X7.0064 Y-3.3589 Z0.3424
X7.0092 Y-3.3571 Z0.3432
X7.0127 Y-3.3546 Z0.344
X7.0161 Y-3.352 Z0.3446
X7.0183 Y-3.35 Z0.3448
X7.0259 Y-3.3435 Z0.345
X7.0313 Y-3.3389 Z0.3449
X7.0356 Y-3.3355
X7.0395 Y-3.3327
X7.0465 Y-3.3279
X7.0527 Y-3.3239
X7.0585 Y-3.3206
X7.0639 Y-3.3177
X7.069 Y-3.3152
X7.0739 Y-3.3129
X7.0808 Y-3.31
X7.0873 Y-3.3075
X7.0936 Y-3.3054
X7.0996 Y-3.3036
X7.1054 Y-3.302
X7.1109 Y-3.3007
X7.1181 Y-3.2993
X7.125 Y-3.2981
X7.1317 Y-3.2972
X7.1381 Y-3.2966
X7.1444 Y-3.2962
X7.1505 Y-3.296
X7.1611 Y-3.2962
X7.1684 Y-3.2966
X7.1756 Y-3.2973
X7.1825 Y-3.2982
X7.1893 Y-3.2993
X7.1959 Y-3.3007
X7.2023 Y-3.3022
X7.2086 Y-3.3039
X7.2147 Y-3.3058
X7.2206 Y-3.3079
X7.2265 Y-3.3101
X7.2322 Y-3.3125
X7.2377 Y-3.3151
X7.2432 Y-3.3178
X7.2485 Y-3.3206
X7.2537 Y-3.3236
X7.2588 Y-3.3267
X7.2637 Y-3.33
X7.2686 Y-3.3334
X7.2733 Y-3.337
X7.2779 Y-3.3407
X7.2824 Y-3.3445
X7.2863 Y-3.3479
X7.2901 Y-3.3515
X7.2938 Y-3.3552
X7.2974 Y-3.3591
X7.3009 Y-3.363
X7.3044 Y-3.367
X7.3077 Y-3.3711
X7.3109 Y-3.3754
X7.3141 Y-3.3798
X7.3171 Y-3.3843
X7.32 Y-3.3889
X7.3229 Y-3.3936
X7.3256 Y-3.3985
X7.3282 Y-3.4035
X7.3307 Y-3.4086
X7.3331 Y-3.4139
X7.3354 Y-3.4193
X7.3375 Y-3.4248
X7.3395 Y-3.4306
X7.3413 Y-3.4365
X7.343 Y-3.4426
X7.3445 Y-3.4489
X7.3459 Y-3.4554
X7.347 Y-3.4621
X7.348 Y-3.4691
X7.3487 Y-3.4763
X7.349 Y-3.4841 Z0.345
X7.3493 Y-3.4918 Z0.3449
Y-3.4942
X7.3491 Y-3.5009
X7.3487 Y-3.5074
X7.3481 Y-3.5137
X7.3472 Y-3.5202
X7.3462 Y-3.5266
X7.3449 Y-3.5332
X7.3434 Y-3.5397
X7.3417 Y-3.5458
X7.3397 Y-3.5524
X7.3375 Y-3.5586
X7.3353 Y-3.5646
X7.3325 Y-3.5711
X7.3297 Y-3.5772
X7.3267 Y-3.5831
X7.3239 Y-3.5883
X7.3202 Y-3.5946
X7.3164 Y-3.6004
X7.3129 Y-3.6056
X7.3035 Y-3.6179 Z0.3448
X7.3017 Y-3.6201 Z0.3446
X7.2993 Y-3.6237 Z0.3441
X7.2978 Y-3.6261 Z0.3435
X7.296 Y-3.6292 Z0.3427
X7.2942 Y-3.6325 Z0.3417
X7.292 Y-3.637 Z0.3399
X7.2905 Y-3.6401 Z0.3384
X7.2888 Y-3.6436 Z0.3365
X7.2869 Y-3.6474 Z0.3341
X7.2883 Y-3.6494 Z0.3351
X7.2913 Y-3.653 Z0.337
X7.2939 Y-3.656 Z0.3384
X7.2967 Y-3.6589 Z0.3397
X7.299 Y-3.6611 Z0.3405
X7.3011 Y-3.663 Z0.3412
X7.3036 Y-3.6651 Z0.3419
X7.3058 Y-3.6668 Z0.3423
X7.3082 Y-3.6686 Z0.3427
X7.3105 Y-3.6701 Z0.343
X7.3129 Y-3.6716 Z0.3431
X7.3151 Y-3.6728
X7.3256 Y-3.6786 Z0.3429
X7.3355 Y-3.6842 Z0.3426
X7.3451 Y-3.6898 Z0.3423
X7.355 Y-3.696 Z0.3419
X7.3644 Y-3.7021 Z0.3415
X7.3711 Y-3.7067 Z0.3412
X7.3781 Y-3.7117 Z0.3409
X7.3852 Y-3.7171 Z0.3405
X7.3912 Y-3.7219 Z0.3402
X7.3981 Y-3.7277 Z0.3399
X7.4037 Y-3.7327 Z0.3396
X7.4098 Y-3.7385 Z0.3392
X7.4154 Y-3.7442 Z0.3389
X7.4205 Y-3.7496 Z0.3386
X7.4264 Y-3.7564 Z0.3384
X7.4301 Y-3.7609 Z0.3382
X7.436 Y-3.7688 Z0.3379
X7.4387 Y-3.7726
X7.4422 Y-3.7778 Z0.3378
X7.4455 Y-3.783 Z0.3377
X7.4491 Y-3.7892 Z0.3376
X7.4502 Y-3.7914 Z0.3375
X7.4513 Y-3.7935 Z0.3373
X7.4523 Y-3.7958 Z0.3372
X7.4532 Y-3.7981 Z0.3369
X7.454 Y-3.8005 Z0.3366
X7.4549 Y-3.8029 Z0.3362
X7.4555 Y-3.8053 Z0.3358
X7.4562 Y-3.8077 Z0.3353
X7.4567 Y-3.8102 Z0.3348
X7.4572 Y-3.8127 Z0.3342
X7.4576 Y-3.8152 Z0.3336
X7.4579 Y-3.8177 Z0.3328
X7.4581 Y-3.8204 Z0.3321
X7.4583 Y-3.8231 Z0.3313
X7.4584 Y-3.8258 Z0.3304
Y-3.8285 Z0.3294
X7.4583 Y-3.8313 Z0.3284
X7.4582 Y-3.8341 Z0.3274
X7.4579 Y-3.8369 Z0.3263
X7.4576 Y-3.8397 Z0.325
X7.4572 Y-3.8424 Z0.3239
X7.4567 Y-3.8454 Z0.3225
Y-3.8455
X7.4635 Y-3.8545 Z0.3266
X7.4704 Y-3.8643 Z0.331
X7.4775 Y-3.8746 Z0.3358
X7.4847 Y-3.8856 Z0.341
X7.492 Y-3.8972 Z0.3465
X7.4993 Y-3.9094 Z0.3523
X7.5067 Y-3.9222 Z0.3584
X7.5142 Y-3.9355 Z0.3648
X7.5216 Y-3.9495 Z0.3714
X7.5291 Y-3.964 Z0.3784
X7.5328 Y-3.9713 Z0.3819
X7.5291 Y-3.964 Z0.3784
X7.5216 Y-3.9495 Z0.3714
X7.5142 Y-3.9355 Z0.3648
X7.5067 Y-3.9222 Z0.3584
X7.4993 Y-3.9094 Z0.3523
X7.492 Y-3.8972 Z0.3465
X7.4847 Y-3.8856 Z0.341
X7.4775 Y-3.8746 Z0.3358
X7.4704 Y-3.8643 Z0.331
X7.4635 Y-3.8545 Z0.3266
X7.4567 Y-3.8455 Z0.3225
Y-3.8454
X7.4515 Y-3.8463 Z0.326
X7.4464 Y-3.847 Z0.3292
X7.4416 Y-3.8474 Z0.3321
X7.437 Y-3.8477 Z0.3347
X7.4328 Z0.3369
X7.4287 Z0.339
X7.4247 Y-3.8474 Z0.3408
X7.4208 Y-3.847 Z0.3424
X7.4171 Y-3.8465 Z0.3439
X7.4135 Y-3.8458 Z0.3451
X7.4101 Y-3.845 Z0.3461
X7.4068 Y-3.8441 Z0.3469
X7.4039 Y-3.8431 Z0.3475
X7.4014 Y-3.8422 Z0.3479
X7.398 Y-3.8407 Z0.3484
X7.3957 Y-3.8395 Z0.3486
X7.3934 Y-3.8384
X7.3765 Y-3.8293 Z0.3487
X7.3596 Y-3.8202 Z0.3486
X7.3427 Y-3.8116
X7.3257 Y-3.8034
X7.3087 Y-3.7954
X7.2917 Y-3.7878
X7.2747 Y-3.7805
X7.2577 Y-3.7734
X7.2406 Y-3.7667
X7.2235 Y-3.7602
X7.2064 Y-3.7541
X7.1892 Y-3.7482
X7.172 Y-3.7426
X7.1548 Y-3.7372
X7.1376 Y-3.7322
X7.1204 Y-3.7274
X7.1031 Y-3.7229
X7.0859 Y-3.7186
X7.0686 Y-3.7146
X7.0512 Y-3.7109
X7.0339 Y-3.7074
X7.0165 Y-3.7042
X6.9992 Y-3.7013
X6.9818 Y-3.6986
X6.9643 Y-3.6962
X6.9469 Y-3.694
X6.9294 Y-3.6921
X6.9119 Y-3.6904
X6.8944 Y-3.689
X6.8769 Y-3.6879
X6.8593 Y-3.687
X6.8418 Y-3.6863
X6.8242 Y-3.6859
X6.8066 Y-3.6858
X6.789 Y-3.6861 Z0.3484
X6.7714 Y-3.6863 Z0.3486
X6.7538 Y-3.687
X6.7361 Y-3.6879
X6.7185 Y-3.689
X6.7008 Y-3.6905
X6.6831 Y-3.6921
X6.6654 Y-3.6941
X6.6476 Y-3.6963
X6.6299 Y-3.6988
X6.6121 Y-3.7016
X6.5943 Y-3.7046
X6.5765 Y-3.708
X6.5586 Y-3.7116
X6.5407 Y-3.7155
X6.5228 Y-3.7197
X6.5049 Y-3.7242
X6.4869 Y-3.729
X6.469 Y-3.7341
X6.451 Y-3.7395
X6.4329 Y-3.7452
X6.4149 Y-3.7512
X6.3944 Y-3.7584
X6.3919 Y-3.7592 Z0.3484
X6.3882 Y-3.7601 Z0.3479
X6.3846 Y-3.7608 Z0.3473
X6.3809 Y-3.7613 Z0.3465
X6.3771 Y-3.7617 Z0.3455
X6.3732 Y-3.7618 Z0.3443
X6.3693 Z0.3429
X6.3654 Y-3.7616 Z0.3412
X6.3613 Y-3.7612 Z0.3394
X6.3572 Y-3.7607 Z0.3374
X6.353 Y-3.7599 Z0.3351
X6.3487 Y-3.759 Z0.3327
X6.3441 Y-3.7578 Z0.3298
X6.3394 Y-3.7565 Z0.3268
X6.3343 Y-3.7548 Z0.3233
X6.3332 Y-3.7544 Z0.3225
X6.3331
G0 Z0.7
X6.9938 Y-3.3657
Z0.5819
G1 Z0.3372 F80.
X6.9924 Y-3.3741 Z0.3411 F5.
X6.9921 Y-3.3771 Z0.3423
X6.9918 Y-3.3803 Z0.3436
X6.9917 Y-3.3834 Z0.3447
Y-3.3864 Z0.3456
X6.9919 Y-3.3894 Z0.3465
X6.9921 Y-3.3924 Z0.3472
X6.9925 Y-3.3954 Z0.3478
X6.9931 Y-3.3982 Z0.3483
X6.9937 Y-3.4011 Z0.3487
X6.9945 Y-3.4038 Z0.349
X6.9954 Y-3.4065 Z0.3491
X6.9968 Y-3.4101
X6.9975 Y-3.4118 Z0.349
X7.0023 Y-3.4218 Z0.3485
X7.0072 Y-3.4318 Z0.348
X7.0117 Y-3.4404 Z0.3475
X7.0159 Y-3.4479 Z0.3471
X7.0202 Y-3.4552 Z0.3467
X7.0257 Y-3.4642 Z0.3462
X7.0285 Y-3.4685 Z0.346
X7.0299 Y-3.4707 Z0.3458
X7.0315 Y-3.4727 Z0.3456
X7.0331 Y-3.4747 Z0.3453
X7.0348 Y-3.4767 Z0.3448
X7.0366 Y-3.4786 Z0.3444
X7.0385 Y-3.4804 Z0.3438
X7.0404 Y-3.4822 Z0.3431
X7.0424 Y-3.4839 Z0.3424
X7.0445 Y-3.4855 Z0.3416
X7.0466 Y-3.4871 Z0.3407
X7.0488 Y-3.4885 Z0.3398
X7.051 Y-3.4899 Z0.3388
X7.0533 Y-3.4913 Z0.3378
X7.0557 Y-3.4926 Z0.3366
X7.0582 Y-3.4938 Z0.3354
X7.0606 Y-3.495 Z0.3341
X7.0656 Y-3.4971 Z0.3315
X7.0709 Y-3.499 Z0.3285
X7.0764 Y-3.5006 Z0.3253
X7.0811 Y-3.5018 Z0.3225
G3 X7.1113 Y-3.4723 I-0.0237 J0.0544
G2 X7.1957 Y-3.5113 I0.0422 J-0.0195
X7.18 Y-3.53 I-0.0422 J0.0195
G3 X7.1561 Y-3.5651 I0.0339 J-0.0488
G1 X7.1547 Y-3.5642
X7.1504 Y-3.5615
X7.1462 Y-3.5586
X7.1419 Y-3.5557
X7.138 Y-3.5529
X7.134 Y-3.55
X7.1299 Y-3.547
X7.1261 Y-3.5441
X7.1222 Y-3.5411
X7.1185 Y-3.538
X7.1149 Y-3.535
X7.1113 Y-3.5319
X7.1077 Y-3.5288
X7.1042 Y-3.5256
X7.1007 Y-3.5223
X7.0974 Y-3.5192
X7.0942 Y-3.516
X7.091 Y-3.5126
X7.0876 Y-3.5091
X7.0846 Y-3.5057
X7.0816 Y-3.5024
X7.0811 Y-3.5018
X7.0816 Y-3.5024
X7.0846 Y-3.5057
X7.0876 Y-3.5091
X7.091 Y-3.5126
X7.0942 Y-3.516
X7.0974 Y-3.5192
X7.1007 Y-3.5223
X7.1042 Y-3.5256
X7.1077 Y-3.5288
X7.1113 Y-3.5319
X7.1149 Y-3.535
X7.1185 Y-3.538
X7.1222 Y-3.5411
X7.1261 Y-3.5441
X7.1299 Y-3.547
X7.134 Y-3.55
X7.138 Y-3.5529
X7.1419 Y-3.5557
X7.1462 Y-3.5586
X7.1504 Y-3.5615
X7.1547 Y-3.5642
X7.1561 Y-3.5651
X7.1578 Y-3.5691 Z0.3249
X7.1604 Y-3.5746 Z0.3283
X7.1619 Y-3.5774 Z0.3299
X7.1634 Y-3.5801 Z0.3314
X7.1666 Y-3.5852 Z0.3341
X7.1683 Y-3.5877 Z0.3354
X7.17 Y-3.5901 Z0.3366
X7.1719 Y-3.5924 Z0.3377
X7.1737 Y-3.5946 Z0.3387
X7.1778 Y-3.5989 Z0.3405
X7.1806 Y-3.6016 Z0.3415
X7.1835 Y-3.6041 Z0.3423
X7.1865 Y-3.6065 Z0.3429
X7.1896 Y-3.6087 Z0.3433
X7.1912 Y-3.6097 Z0.3435
X7.1934 Y-3.6111 Z0.3436
X7.1957 Y-3.6123 Z0.3437
X7.2114 Y-3.6206 Z0.3438
X7.2321 Y-3.6311 Z0.3439
X7.2481 Y-3.639
X7.2506 Y-3.6402 Z0.3438
X7.2551 Y-3.642 Z0.3435
X7.2588 Y-3.6433 Z0.343
X7.2625 Y-3.6444 Z0.3424
X7.2665 Y-3.6454 Z0.3414
X7.2704 Y-3.6461 Z0.3403
X7.2744 Y-3.6467 Z0.3391
X7.2767 Y-3.647 Z0.3382
X7.2792 Y-3.6472 Z0.3373
X7.2817 Y-3.6473 Z0.3363
X7.2869 Y-3.6474 Z0.3341
G0 Z1.1
(ENGRAVE1 4)
G0 X6.2378 Y-3.8664
Z1.1
Z0.5769
G1 Z0.3769 F80.
X6.2427 Y-3.8597 Z0.3733 F5.
X6.2524 Y-3.8466 Z0.3664
X6.262 Y-3.8341 Z0.3598
X6.2714 Y-3.8221 Z0.3534
X6.2808 Y-3.8107 Z0.3473
X6.29 Y-3.7998 Z0.3415
X6.2991 Y-3.7896 Z0.336
X6.3079 Y-3.7799 Z0.3308
X6.3166 Y-3.7708 Z0.3261
X6.3251 Y-3.7622 Z0.3215
X6.3331 Y-3.7544 Z0.3175
X6.3332
Y-3.7514 Z0.3189
Y-3.7485 Z0.3201
X6.3334 Y-3.7457 Z0.3213
X6.3336 Y-3.7428 Z0.3224
X6.3339 Y-3.7401 Z0.3235
X6.3342 Y-3.7374 Z0.3244
X6.3347 Y-3.7348 Z0.3254
X6.3352 Y-3.7322 Z0.3262
X6.3358 Y-3.7296 Z0.3271
X6.3364 Y-3.727 Z0.3278
X6.3372 Y-3.7245 Z0.3286
X6.3379 Y-3.722 Z0.3292
X6.3389 Y-3.7196 Z0.3298
X6.3398 Y-3.7173 Z0.3303
X6.3408 Y-3.7149 Z0.3308
X6.3419 Y-3.7126 Z0.3312
X6.3431 Y-3.7104 Z0.3316
X6.3443 Y-3.7082 Z0.3319
X6.3455 Y-3.7061 Z0.3322
X6.3468 Y-3.7041 Z0.3323
X6.3483 Y-3.7021 Z0.3325
X6.3497 Y-3.7001 Z0.3326
X6.3528 Y-3.6963
X6.3577 Y-3.6908 Z0.3327
X6.3625 Y-3.6855 Z0.3328
X6.3689 Y-3.6792 Z0.333
X6.3728 Y-3.6755 Z0.3332
X6.3767 Y-3.6721 Z0.3333
X6.3844 Y-3.6656 Z0.3337
X6.3884 Y-3.6625 Z0.3338
X6.3939 Y-3.6584 Z0.3341
X6.401 Y-3.6534 Z0.3344
X6.4075 Y-3.6492 Z0.3347
X6.4146 Y-3.6448 Z0.3351
X6.4218 Y-3.6407 Z0.3354
X6.4295 Y-3.6365 Z0.3358
X6.4366 Y-3.6329 Z0.3361
X6.4454 Y-3.6287 Z0.3364
X6.4567 Y-3.6237 Z0.3369
X6.4676 Y-3.6191 Z0.3373
X6.4783 Y-3.6149 Z0.3376
X6.4868 Y-3.6118 Z0.3378
X6.4996 Y-3.6073 Z0.3381
X6.5031 Y-3.606
X6.5054 Y-3.605 Z0.338
X6.5081 Y-3.6038 Z0.3377
X6.5106 Y-3.6025 Z0.3374
X6.5134 Y-3.601 Z0.3368
X6.5159 Y-3.5995 Z0.3363
X6.5185 Y-3.5979 Z0.3355
X6.5209 Y-3.5962 Z0.3347
X6.5243 Y-3.5937 Z0.3334
X6.5274 Y-3.5911 Z0.332
X6.5305 Y-3.5884 Z0.3303
X6.5327 Y-3.5863 Z0.329
X6.5377 Y-3.5871 Z0.3313
X6.5402 Y-3.5873 Z0.3323
X6.5427 Y-3.5875 Z0.3332
X6.545 Y-3.5876 Z0.334
X6.549 Y-3.5877 Z0.3353
X6.553 Y-3.5876 Z0.3364
X6.5572 Y-3.5873 Z0.3374
X6.5611 Y-3.5868 Z0.3381
X6.565 Y-3.5861 Z0.3385
X6.5697 Y-3.585 Z0.3388
X6.5724 Y-3.5843 Z0.3389
X6.5893 Y-3.579
X6.6115 Y-3.572 Z0.3388
X6.6283 Y-3.5664 Z0.3387
X6.6308 Y-3.5655 Z0.3386
X6.6332 Y-3.5645 Z0.3385
X6.6349 Y-3.5637 Z0.3383
X6.6383 Y-3.5621 Z0.3379
X6.6417 Y-3.5602 Z0.3373
X6.6449 Y-3.5582 Z0.3365
X6.6481 Y-3.556 Z0.3355
X6.6528 Y-3.5525 Z0.3337
X6.655 Y-3.5506 Z0.3327
X6.6572 Y-3.5486 Z0.3316
X6.6593 Y-3.5465 Z0.3304
X6.6614 Y-3.5443 Z0.3291
X6.6654 Y-3.5398 Z0.3264
X6.6672 Y-3.5373 Z0.3249
X6.6691 Y-3.5349 Z0.3233
X6.6709 Y-3.5323 Z0.3217
X6.6727 Y-3.5297 Z0.3199
X6.675 Y-3.5262 Z0.3175
X6.6766 Y-3.5255
X6.6812 Y-3.5234
X6.6858 Y-3.5213
X6.6904 Y-3.5192
X6.6949 Y-3.517
X6.6993 Y-3.5148
X6.7036 Y-3.5125
X6.708 Y-3.5102
X6.7123 Y-3.5078
X6.7164 Y-3.5055
X6.7205 Y-3.5031
X6.7246 Y-3.5006
X6.7286 Y-3.4981
X6.7325 Y-3.4955
X6.7364 Y-3.4929
X6.7402 Y-3.4903
X6.7441 Y-3.4875
X6.7478 Y-3.4847
X6.7515 Y-3.4819
X6.7551 Y-3.4791
X6.7586 Y-3.4762
X6.7592 Y-3.4757
G2 X6.7341 Y-3.4417 I0.0321 J0.0499
G3 X6.6446 Y-3.4667 I-0.0448 J-0.0125
X6.657 Y-3.4876 I0.0448 J0.0125
G2 X6.675 Y-3.5262 I-0.0413 J-0.0427
G3 X6.657 Y-3.4876 I-0.0592 J-0.0041
G2 X6.7217 Y-3.4208 I0.0323 J0.0334
X6.7341 Y-3.4417 I-0.0323 J-0.0334
G3 X6.7592 Y-3.4757 I0.0572 J0.0159
G1 X6.7641 Y-3.4753 Z0.3204
X6.7697 Y-3.4746 Z0.3235
X6.7752 Y-3.4736 Z0.3264
X6.7805 Y-3.4723 Z0.3291
X6.7831 Y-3.4716 Z0.3304
X6.7857 Y-3.4708 Z0.3316
X6.7882 Y-3.4698 Z0.3328
X6.7908 Y-3.4689 Z0.3338
X6.7932 Y-3.4678 Z0.3349
X6.7956 Y-3.4667 Z0.3357
X6.8002 Y-3.4643 Z0.3374
X6.8025 Y-3.4629 Z0.3381
X6.8047 Y-3.4615 Z0.3388
X6.8069 Y-3.46 Z0.3394
X6.8089 Y-3.4584 Z0.3398
X6.8109 Y-3.4568 Z0.3403
X6.8128 Y-3.4551 Z0.3406
X6.8147 Y-3.4532 Z0.3408
X6.817 Y-3.4508 Z0.341
X6.8234 Y-3.4436 Z0.3415
X6.8302 Y-3.4355 Z0.3419
X6.8335 Y-3.4314 Z0.3422
X6.8402 Y-3.4228 Z0.3427
X6.8466 Y-3.4141 Z0.3432
X6.852 Y-3.4065 Z0.3437
X6.8562 Y-3.4002 Z0.344
X6.8581 Y-3.3972 Z0.3441
X6.8591 Y-3.3955
X6.8604 Y-3.393 Z0.344
X6.8616 Y-3.3904 Z0.3437
X6.8627 Y-3.3877 Z0.3433
X6.8637 Y-3.3849 Z0.3428
X6.8646 Y-3.3821 Z0.3422
X6.8654 Y-3.3792 Z0.3415
X6.866 Y-3.3763 Z0.3406
X6.8665 Y-3.3733 Z0.3397
X6.8669 Y-3.3702 Z0.3386
X6.8671 Y-3.367 Z0.3373
X6.8673 Y-3.364 Z0.3361
Y-3.3605 Z0.3345
X6.8672 Y-3.3554 Z0.3322
X6.8652 Y-3.354 Z0.3332
X6.8618 Y-3.3515 Z0.3349
X6.8587 Y-3.3491 Z0.3363
X6.8559 Y-3.3467 Z0.3374
X6.8535 Y-3.3445 Z0.3382
X6.8504 Y-3.3415 Z0.339
X6.8475 Y-3.3383 Z0.3396
X6.8456 Y-3.3361 Z0.3398
X6.8391 Y-3.3283 Z0.3397
X6.8345 Y-3.3228 Z0.3398
X6.8306 Y-3.3186
X6.827 Y-3.315
X6.8236 Y-3.3117
X6.8173 Y-3.306
X6.8114 Y-3.3011
X6.8059 Y-3.2969
X6.8006 Y-3.2931
X6.7956 Y-3.2898
X6.7908 Y-3.2867
X6.7861 Y-3.284
X6.7793 Y-3.2803
X6.7727 Y-3.277
X6.7664 Y-3.2742
X6.7602 Y-3.2717
X6.7542 Y-3.2695
X6.7484 Y-3.2675
X6.7427 Y-3.2658
X6.7371 Y-3.2643
X6.7316 Y-3.263
X6.7245 Y-3.2616
X6.7175 Y-3.2604
X6.7106 Y-3.2596
X6.7039 Y-3.259
X6.6974 Y-3.2586
X6.6909 Y-3.2584
X6.6815 Y-3.2587 Z0.34
X6.6737 Y-3.259 Z0.3398
X6.6661 Y-3.2598
X6.6587 Y-3.2608
X6.6514 Y-3.2621
X6.6443 Y-3.2637
X6.6373 Y-3.2655
X6.6304 Y-3.2675
X6.6237 Y-3.2698
X6.6171 Y-3.2722
X6.6106 Y-3.275
X6.6042 Y-3.2779
X6.598 Y-3.2811
X6.5918 Y-3.2844
X6.5858 Y-3.288
X6.5792 Y-3.2923
X6.5728 Y-3.2969
X6.5665 Y-3.3018
X6.5603 Y-3.3069
X6.5544 Y-3.3124
X6.5486 Y-3.3181
X6.543 Y-3.3242
X6.5375 Y-3.3306
X6.5323 Y-3.3373
X6.5272 Y-3.3444
X6.5224 Y-3.3519
X6.5178 Y-3.3599
X6.5156 Y-3.364
X6.5134 Y-3.3683
X6.5114 Y-3.3726
X6.5094 Y-3.3771
X6.5074 Y-3.3818
X6.5056 Y-3.3866
X6.5038 Y-3.3915
X6.5022 Y-3.3967
X6.5006 Y-3.402
X6.4992 Y-3.4075
X6.4979 Y-3.4133
X6.4967 Y-3.4193
X6.4957 Y-3.4255
X6.4948 Y-3.4321
X6.4941 Y-3.439
X6.4938 Y-3.4466 Z0.34
X6.4935 Y-3.4542 Z0.3398
X6.4936 Y-3.4574
X6.4938 Y-3.4638
X6.4942 Y-3.4701
X6.4948 Y-3.4763
X6.4956 Y-3.4826
X6.4966 Y-3.4888
X6.4978 Y-3.4949
X6.4992 Y-3.501
X6.5008 Y-3.5071
X6.5026 Y-3.5132
X6.5046 Y-3.5192
X6.5069 Y-3.5252
X6.5094 Y-3.5314
X6.5123 Y-3.5379
X6.5151 Y-3.5433 Z0.3397
X6.5179 Y-3.5488 Z0.3398
X6.521 Y-3.5545
X6.5224 Y-3.557 Z0.3396
X6.5242 Y-3.5609 Z0.339
X6.5253 Y-3.5636 Z0.3385
X6.5266 Y-3.5668 Z0.3377
X6.5278 Y-3.5704 Z0.3366
X6.5293 Y-3.5752 Z0.3349
X6.5303 Y-3.5786 Z0.3334
X6.5314 Y-3.5822 Z0.3315
X6.5327 Y-3.5863 Z0.329
X6.5314 Y-3.5822 Z0.3315
X6.5303 Y-3.5786 Z0.3334
X6.5293 Y-3.5752 Z0.3349
X6.5278 Y-3.5704 Z0.3366
X6.5266 Y-3.5668 Z0.3377
X6.5253 Y-3.5636 Z0.3385
X6.5242 Y-3.5609 Z0.339
X6.5224 Y-3.557 Z0.3396
X6.521 Y-3.5545 Z0.3398
X6.5179 Y-3.5488
X6.5151 Y-3.5433 Z0.3397
X6.5123 Y-3.5379 Z0.3398
X6.5094 Y-3.5314
X6.5069 Y-3.5252
X6.5046 Y-3.5192
X6.5026 Y-3.5132
X6.5008 Y-3.5071
X6.4992 Y-3.501
X6.4978 Y-3.4949
X6.4966 Y-3.4888
X6.4956 Y-3.4826
X6.4948 Y-3.4763
X6.4942 Y-3.4701
X6.4938 Y-3.4638
X6.4936 Y-3.4574
X6.4935 Y-3.4542
X6.4938 Y-3.4466 Z0.34
X6.4941 Y-3.439 Z0.3398
X6.4948 Y-3.4321
X6.4957 Y-3.4255
X6.4967 Y-3.4193
X6.4979 Y-3.4133
X6.4992 Y-3.4075
X6.5006 Y-3.402
X6.5022 Y-3.3967
X6.5038 Y-3.3915
X6.5056 Y-3.3866
X6.5074 Y-3.3818
X6.5094 Y-3.3771
X6.5114 Y-3.3726
X6.5134 Y-3.3683
X6.5156 Y-3.364
X6.5178 Y-3.3599
X6.5224 Y-3.3519
X6.5272 Y-3.3444
X6.5323 Y-3.3373
X6.5375 Y-3.3306
X6.543 Y-3.3242
X6.5486 Y-3.3181
X6.5544 Y-3.3124
X6.5603 Y-3.3069
X6.5665 Y-3.3018
X6.5728 Y-3.2969
X6.5792 Y-3.2923
X6.5858 Y-3.288
X6.5918 Y-3.2844
X6.598 Y-3.2811
X6.6042 Y-3.2779
X6.6106 Y-3.275
X6.6171 Y-3.2722
X6.6237 Y-3.2698
X6.6304 Y-3.2675
X6.6373 Y-3.2655
X6.6443 Y-3.2637
X6.6514 Y-3.2621
X6.6587 Y-3.2608
X6.6661 Y-3.2598
X6.6737 Y-3.259
X6.6815 Y-3.2587 Z0.34
X6.6909 Y-3.2584 Z0.3398
X6.6974 Y-3.2586
X6.7039 Y-3.259
X6.7106 Y-3.2596
X6.7175 Y-3.2604
X6.7245 Y-3.2616
X6.7316 Y-3.263
X6.7371 Y-3.2643
X6.7427 Y-3.2658
X6.7484 Y-3.2675
X6.7542 Y-3.2695
X6.7602 Y-3.2717
X6.7664 Y-3.2742
X6.7727 Y-3.277
X6.7793 Y-3.2803
X6.7861 Y-3.284
X6.7908 Y-3.2867
X6.7956 Y-3.2898
X6.8006 Y-3.2931
X6.8059 Y-3.2969
X6.8114 Y-3.3011
X6.8173 Y-3.306
X6.8236 Y-3.3117
X6.827 Y-3.315
X6.8306 Y-3.3186
X6.8345 Y-3.3228
X6.8391 Y-3.3283 Z0.3397
X6.8456 Y-3.3361 Z0.3398
X6.8475 Y-3.3383 Z0.3396
X6.8504 Y-3.3415 Z0.339
X6.8535 Y-3.3445 Z0.3382
X6.8559 Y-3.3467 Z0.3374
X6.8587 Y-3.3491 Z0.3363
X6.8618 Y-3.3515 Z0.3349
X6.8652 Y-3.354 Z0.3332
X6.8672 Y-3.3554 Z0.3322
X6.8717 Y-3.3528 Z0.3351
X6.8747 Y-3.351 Z0.3369
X6.8776 Y-3.349 Z0.3386
X6.8803 Y-3.347 Z0.3402
X6.8829 Y-3.3449 Z0.3416
X6.8853 Y-3.3427 Z0.3429
X6.8876 Y-3.3404 Z0.3441
X6.8898 Y-3.338 Z0.3451
X6.8919 Y-3.3355 Z0.3459
X6.8938 Y-3.3329 Z0.3466
X6.8947 Y-3.3316 Z0.3469
X6.8964 Y-3.329 Z0.3474
X6.898 Y-3.326 Z0.3477
X6.8988 Y-3.3243 Z0.3478
X6.9045 Y-3.3121 Z0.3483
X6.9079 Y-3.3043 Z0.3486
X6.9095 Y-3.3011
X6.9103 Y-3.2995 Z0.3485
X6.9113 Y-3.2979 Z0.3484
X6.9131 Y-3.295 Z0.3479
X6.9143 Y-3.2932 Z0.3475
X6.9165 Y-3.2905 Z0.3467
X6.9188 Y-3.2878 Z0.3457
X6.9214 Y-3.285 Z0.3444
X6.9241 Y-3.2825 Z0.343
X6.9273 Y-3.2798 Z0.3411
X6.9305 Y-3.2774 Z0.3392
X6.9342 Y-3.2747 Z0.3368
X6.9377 Y-3.2725 Z0.3344
X6.9389 Y-3.2566 Z0.3393
X6.9402 Y-3.2411 Z0.3437
X6.9421 Y-3.2179 Z0.35
X6.9434 Y-3.2021 Z0.3539
X6.9453 Y-3.1785 Z0.3595
X6.9466 Y-3.1625 Z0.363
X6.9479 Y-3.1464 Z0.3664
X6.9499 Y-3.1219 Z0.3711
X6.9512 Y-3.1053 Z0.3741
X6.9526 Y-3.0887 Z0.3769
X6.9512 Y-3.1053 Z0.3741
X6.9499 Y-3.1219 Z0.3711
X6.9479 Y-3.1464 Z0.3664
X6.9466 Y-3.1625 Z0.363
X6.9453 Y-3.1785 Z0.3595
X6.9434 Y-3.2021 Z0.3539
X6.9421 Y-3.2179 Z0.35
X6.9402 Y-3.2411 Z0.3437
X6.9389 Y-3.2566 Z0.3393
X6.9377 Y-3.2725 Z0.3344
X6.9407 Y-3.2753 Z0.3368
X6.9435 Y-3.278 Z0.3389
X6.9467 Y-3.2813 Z0.3411
X6.9492 Y-3.2843 Z0.3428
X6.9516 Y-3.2874 Z0.3444
X6.9537 Y-3.2904 Z0.3456
X6.9549 Y-3.2923 Z0.3463
X6.9566 Y-3.2954 Z0.3472
X6.9582 Y-3.2985 Z0.3479
X6.9595 Y-3.3017 Z0.3483
X6.9603 Y-3.3036 Z0.3485
X6.9614 Y-3.3069 Z0.3486
X6.964 Y-3.3169 Z0.3483
X6.9677 Y-3.33 Z0.3478
X6.9688 Y-3.3334 Z0.3475
X6.9693 Y-3.3349 Z0.3474
X6.9712 Y-3.3392 Z0.3466
X6.9727 Y-3.342 Z0.3459
X6.9743 Y-3.3448 Z0.3451
X6.9761 Y-3.3475 Z0.3441
X6.9781 Y-3.3502 Z0.3429
X6.9801 Y-3.3528 Z0.3416
X6.9823 Y-3.3553 Z0.3402
X6.9846 Y-3.3577 Z0.3386
X6.9871 Y-3.36 Z0.3369
X6.9898 Y-3.3624 Z0.3351
X6.9926 Y-3.3647 Z0.333
X6.9938 Y-3.3657 Z0.3322
X6.9961 Y-3.3646 Z0.3333
X6.9998 Y-3.3627 Z0.3349
X7.0032 Y-3.3608 Z0.3363
X7.0064 Y-3.3589 Z0.3374
X7.0092 Y-3.3571 Z0.3382
X7.0127 Y-3.3546 Z0.339
X7.0161 Y-3.352 Z0.3396
X7.0183 Y-3.35 Z0.3398
X7.0259 Y-3.3435 Z0.34
X7.0313 Y-3.3389 Z0.3399
X7.0356 Y-3.3355
X7.0395 Y-3.3327
X7.0465 Y-3.3279
X7.0527 Y-3.3239
X7.0585 Y-3.3206
X7.0639 Y-3.3177
X7.069 Y-3.3152
X7.0739 Y-3.3129
X7.0808 Y-3.31
X7.0873 Y-3.3075
X7.0936 Y-3.3054
X7.0996 Y-3.3036
X7.1054 Y-3.302
X7.1109 Y-3.3007
X7.1181 Y-3.2993
X7.125 Y-3.2981
X7.1317 Y-3.2972
X7.1381 Y-3.2966
X7.1444 Y-3.2962
X7.1505 Y-3.296
X7.1611 Y-3.2962
X7.1684 Y-3.2966
X7.1756 Y-3.2973
X7.1825 Y-3.2982
X7.1893 Y-3.2993
X7.1959 Y-3.3007
X7.2023 Y-3.3022
X7.2086 Y-3.3039
X7.2147 Y-3.3058
X7.2206 Y-3.3079
X7.2265 Y-3.3101
X7.2322 Y-3.3125
X7.2377 Y-3.3151
X7.2432 Y-3.3178
X7.2485 Y-3.3206
X7.2537 Y-3.3236
X7.2588 Y-3.3267
X7.2637 Y-3.33
X7.2686 Y-3.3334
X7.2733 Y-3.337
X7.2779 Y-3.3407
X7.2824 Y-3.3445
X7.2863 Y-3.3479
X7.2901 Y-3.3515
X7.2938 Y-3.3552
X7.2974 Y-3.3591
X7.3009 Y-3.363
X7.3044 Y-3.367
X7.3077 Y-3.3711
X7.3109 Y-3.3754
X7.3141 Y-3.3798
X7.3171 Y-3.3843
X7.32 Y-3.3889
X7.3229 Y-3.3936
X7.3256 Y-3.3985
X7.3282 Y-3.4035
X7.3307 Y-3.4086
X7.3331 Y-3.4139
X7.3354 Y-3.4193
X7.3375 Y-3.4248
X7.3395 Y-3.4306
X7.3413 Y-3.4365
X7.343 Y-3.4426
X7.3445 Y-3.4489
X7.3459 Y-3.4554
X7.347 Y-3.4621
X7.348 Y-3.4691
X7.3487 Y-3.4763
X7.349 Y-3.4841 Z0.34
X7.3493 Y-3.4918 Z0.3399
Y-3.4942
X7.3491 Y-3.5009
X7.3487 Y-3.5074
X7.3481 Y-3.5137
X7.3472 Y-3.5202
X7.3462 Y-3.5266
X7.3449 Y-3.5332
X7.3434 Y-3.5397
X7.3417 Y-3.5458
X7.3397 Y-3.5524
X7.3375 Y-3.5586
X7.3353 Y-3.5646
X7.3325 Y-3.5711
X7.3297 Y-3.5772
X7.3267 Y-3.5831
X7.3239 Y-3.5883
X7.3202 Y-3.5946
X7.3164 Y-3.6004
X7.3129 Y-3.6056
X7.3035 Y-3.6179 Z0.3398
X7.3017 Y-3.6201 Z0.3396
X7.2993 Y-3.6237 Z0.3391
X7.2978 Y-3.6261 Z0.3385
X7.296 Y-3.6292 Z0.3377
X7.2942 Y-3.6325 Z0.3367
X7.292 Y-3.637 Z0.3349
X7.2905 Y-3.6401 Z0.3334
X7.2888 Y-3.6436 Z0.3315
X7.2869 Y-3.6474 Z0.3291
X7.2883 Y-3.6494 Z0.3301
X7.2913 Y-3.653 Z0.332
X7.2939 Y-3.656 Z0.3334
X7.2967 Y-3.6589 Z0.3347
X7.299 Y-3.6611 Z0.3355
X7.3011 Y-3.663 Z0.3362
X7.3036 Y-3.6651 Z0.3369
X7.3058 Y-3.6668 Z0.3373
X7.3082 Y-3.6686 Z0.3377
X7.3105 Y-3.6701 Z0.338
X7.3129 Y-3.6716 Z0.3381
X7.3151 Y-3.6728
X7.3256 Y-3.6786 Z0.3379
X7.3355 Y-3.6842 Z0.3376
X7.3451 Y-3.6898 Z0.3373
X7.355 Y-3.696 Z0.3369
X7.3644 Y-3.7021 Z0.3365
X7.3711 Y-3.7067 Z0.3362
X7.3781 Y-3.7117 Z0.3359
X7.3852 Y-3.7171 Z0.3355
X7.3912 Y-3.7219 Z0.3352
X7.3981 Y-3.7277 Z0.3349
X7.4037 Y-3.7327 Z0.3346
X7.4098 Y-3.7385 Z0.3342
X7.4154 Y-3.7442 Z0.3339
X7.4205 Y-3.7496 Z0.3336
X7.4264 Y-3.7564 Z0.3334
X7.4301 Y-3.7609 Z0.3332
X7.436 Y-3.7688 Z0.3329
X7.4387 Y-3.7726
X7.4422 Y-3.7778 Z0.3328
X7.4455 Y-3.783 Z0.3327
X7.4491 Y-3.7892 Z0.3326
X7.4502 Y-3.7914 Z0.3325
X7.4513 Y-3.7935 Z0.3323
X7.4523 Y-3.7958 Z0.3322
X7.4532 Y-3.7981 Z0.3319
X7.454 Y-3.8005 Z0.3316
X7.4549 Y-3.8029 Z0.3312
X7.4555 Y-3.8053 Z0.3308
X7.4562 Y-3.8077 Z0.3303
X7.4567 Y-3.8102 Z0.3298
X7.4572 Y-3.8127 Z0.3292
X7.4576 Y-3.8152 Z0.3286
X7.4579 Y-3.8177 Z0.3278
X7.4581 Y-3.8204 Z0.3271
X7.4583 Y-3.8231 Z0.3263
X7.4584 Y-3.8258 Z0.3254
Y-3.8285 Z0.3244
X7.4583 Y-3.8313 Z0.3234
X7.4582 Y-3.8341 Z0.3224
X7.4579 Y-3.8369 Z0.3213
X7.4576 Y-3.8397 Z0.32
X7.4572 Y-3.8424 Z0.3189
X7.4567 Y-3.8454 Z0.3175
Y-3.8455
X7.4635 Y-3.8545 Z0.3216
X7.4704 Y-3.8643 Z0.326
X7.4775 Y-3.8746 Z0.3308
X7.4847 Y-3.8856 Z0.336
X7.492 Y-3.8972 Z0.3415
X7.4993 Y-3.9094 Z0.3473
X7.5067 Y-3.9222 Z0.3534
X7.5142 Y-3.9355 Z0.3598
X7.5216 Y-3.9495 Z0.3664
X7.5291 Y-3.964 Z0.3734
X7.5328 Y-3.9713 Z0.3769
X7.5291 Y-3.964 Z0.3734
X7.5216 Y-3.9495 Z0.3664
X7.5142 Y-3.9355 Z0.3598
X7.5067 Y-3.9222 Z0.3534
X7.4993 Y-3.9094 Z0.3473
X7.492 Y-3.8972 Z0.3415
X7.4847 Y-3.8856 Z0.336
X7.4775 Y-3.8746 Z0.3308
X7.4704 Y-3.8643 Z0.326
X7.4635 Y-3.8545 Z0.3216
X7.4567 Y-3.8455 Z0.3175
Y-3.8454
X7.4515 Y-3.8463 Z0.321
X7.4464 Y-3.847 Z0.3242
X7.4416 Y-3.8474 Z0.3271
X7.437 Y-3.8477 Z0.3297
X7.4328 Z0.3319
X7.4287 Z0.334
X7.4247 Y-3.8474 Z0.3358
X7.4208 Y-3.847 Z0.3374
X7.4171 Y-3.8465 Z0.3389
X7.4135 Y-3.8458 Z0.3401
X7.4101 Y-3.845 Z0.3411
X7.4068 Y-3.8441 Z0.3419
X7.4039 Y-3.8431 Z0.3425
X7.4014 Y-3.8422 Z0.3429
X7.398 Y-3.8407 Z0.3434
X7.3957 Y-3.8395 Z0.3436
X7.3934 Y-3.8384
X7.3765 Y-3.8293 Z0.3437
X7.3596 Y-3.8202 Z0.3436
X7.3427 Y-3.8116
X7.3257 Y-3.8034
X7.3087 Y-3.7954
X7.2917 Y-3.7878
X7.2747 Y-3.7805
X7.2577 Y-3.7734
X7.2406 Y-3.7667
X7.2235 Y-3.7602
X7.2064 Y-3.7541
X7.1892 Y-3.7482
X7.172 Y-3.7426
X7.1548 Y-3.7372
X7.1376 Y-3.7322
X7.1204 Y-3.7274
X7.1031 Y-3.7229
X7.0859 Y-3.7186
X7.0686 Y-3.7146
X7.0512 Y-3.7109
X7.0339 Y-3.7074
X7.0165 Y-3.7042
X6.9992 Y-3.7013
X6.9818 Y-3.6986
X6.9643 Y-3.6962
X6.9469 Y-3.694
X6.9294 Y-3.6921
X6.9119 Y-3.6904
X6.8944 Y-3.689
X6.8769 Y-3.6879
X6.8593 Y-3.687
X6.8418 Y-3.6863
X6.8242 Y-3.6859
X6.8066 Y-3.6858
X6.789 Y-3.6861 Z0.3434
X6.7714 Y-3.6863 Z0.3436
X6.7538 Y-3.687
X6.7361 Y-3.6879
X6.7185 Y-3.689
X6.7008 Y-3.6905
X6.6831 Y-3.6921
X6.6654 Y-3.6941
X6.6476 Y-3.6963
X6.6299 Y-3.6988
X6.6121 Y-3.7016
X6.5943 Y-3.7046
X6.5765 Y-3.708
X6.5586 Y-3.7116
X6.5407 Y-3.7155
X6.5228 Y-3.7197
X6.5049 Y-3.7242
X6.4869 Y-3.729
X6.469 Y-3.7341
X6.451 Y-3.7395
X6.4329 Y-3.7452
X6.4149 Y-3.7512
X6.3944 Y-3.7584
X6.3919 Y-3.7592 Z0.3434
X6.3882 Y-3.7601 Z0.3429
X6.3846 Y-3.7608 Z0.3423
X6.3809 Y-3.7613 Z0.3415
X6.3771 Y-3.7617 Z0.3405
X6.3732 Y-3.7618 Z0.3393
X6.3693 Z0.3379
X6.3654 Y-3.7616 Z0.3362
X6.3613 Y-3.7612 Z0.3344
X6.3572 Y-3.7607 Z0.3324
X6.353 Y-3.7599 Z0.3301
X6.3487 Y-3.759 Z0.3277
X6.3441 Y-3.7578 Z0.3248
X6.3394 Y-3.7565 Z0.3218
X6.3343 Y-3.7548 Z0.3183
X6.3332 Y-3.7544 Z0.3175
X6.3331
G0 Z0.7
X6.9938 Y-3.3657
Z0.5769
G1 Z0.3322 F80.
X6.9924 Y-3.3741 Z0.3361 F5.
X6.9921 Y-3.3771 Z0.3373
X6.9918 Y-3.3803 Z0.3386
X6.9917 Y-3.3834 Z0.3397
Y-3.3864 Z0.3406
X6.9919 Y-3.3894 Z0.3415
X6.9921 Y-3.3924 Z0.3422
X6.9925 Y-3.3954 Z0.3428
X6.9931 Y-3.3982 Z0.3433
X6.9937 Y-3.4011 Z0.3437
X6.9945 Y-3.4038 Z0.344
X6.9954 Y-3.4065 Z0.3441
X6.9968 Y-3.4101
X6.9975 Y-3.4118 Z0.344
X7.0023 Y-3.4218 Z0.3435
X7.0072 Y-3.4318 Z0.343
X7.0117 Y-3.4404 Z0.3425
X7.0159 Y-3.4479 Z0.3421
X7.0202 Y-3.4552 Z0.3417
X7.0257 Y-3.4642 Z0.3412
X7.0285 Y-3.4685 Z0.341
X7.0299 Y-3.4707 Z0.3408
X7.0315 Y-3.4727 Z0.3406
X7.0331 Y-3.4747 Z0.3403
X7.0348 Y-3.4767 Z0.3398
X7.0366 Y-3.4786 Z0.3394
X7.0385 Y-3.4804 Z0.3388
X7.0404 Y-3.4822 Z0.3381
X7.0424 Y-3.4839 Z0.3374
X7.0445 Y-3.4855 Z0.3366
X7.0466 Y-3.4871 Z0.3357
X7.0488 Y-3.4885 Z0.3348
X7.051 Y-3.4899 Z0.3338
X7.0533 Y-3.4913 Z0.3328
X7.0557 Y-3.4926 Z0.3316
X7.0582 Y-3.4938 Z0.3304
X7.0606 Y-3.495 Z0.3291
X7.0656 Y-3.4971 Z0.3265
X7.0709 Y-3.499 Z0.3235
X7.0764 Y-3.5006 Z0.3203
X7.0811 Y-3.5018 Z0.3175
G3 X7.1113 Y-3.4723 I-0.0237 J0.0544
G2 X7.1957 Y-3.5113 I0.0422 J-0.0195
X7.18 Y-3.53 I-0.0422 J0.0195
G3 X7.1561 Y-3.5651 I0.0339 J-0.0488
G1 X7.1547 Y-3.5642
X7.1504 Y-3.5615
X7.1462 Y-3.5586
X7.1419 Y-3.5557
X7.138 Y-3.5529
X7.134 Y-3.55
X7.1299 Y-3.547
X7.1261 Y-3.5441
X7.1222 Y-3.5411
X7.1185 Y-3.538
X7.1149 Y-3.535
X7.1113 Y-3.5319
X7.1077 Y-3.5288
X7.1042 Y-3.5256
X7.1007 Y-3.5223
X7.0974 Y-3.5192
X7.0942 Y-3.516
X7.091 Y-3.5126
X7.0876 Y-3.5091
X7.0846 Y-3.5057
X7.0816 Y-3.5024
X7.0811 Y-3.5018
X7.0816 Y-3.5024
X7.0846 Y-3.5057
X7.0876 Y-3.5091
X7.091 Y-3.5126
X7.0942 Y-3.516
X7.0974 Y-3.5192
X7.1007 Y-3.5223
X7.1042 Y-3.5256
X7.1077 Y-3.5288
X7.1113 Y-3.5319
X7.1149 Y-3.535
X7.1185 Y-3.538
X7.1222 Y-3.5411
X7.1261 Y-3.5441
X7.1299 Y-3.547
X7.134 Y-3.55
X7.138 Y-3.5529
X7.1419 Y-3.5557
X7.1462 Y-3.5586
X7.1504 Y-3.5615
X7.1547 Y-3.5642
X7.1561 Y-3.5651
X7.1578 Y-3.5691 Z0.3199
X7.1604 Y-3.5746 Z0.3233
X7.1619 Y-3.5774 Z0.3249
X7.1634 Y-3.5801 Z0.3264
X7.1666 Y-3.5852 Z0.3291
X7.1683 Y-3.5877 Z0.3304
X7.17 Y-3.5901 Z0.3316
X7.1719 Y-3.5924 Z0.3327
X7.1737 Y-3.5946 Z0.3337
X7.1778 Y-3.5989 Z0.3355
X7.1806 Y-3.6016 Z0.3365
X7.1835 Y-3.6041 Z0.3373
X7.1865 Y-3.6065 Z0.3379
X7.1896 Y-3.6087 Z0.3383
X7.1912 Y-3.6097 Z0.3385
X7.1934 Y-3.6111 Z0.3386
X7.1957 Y-3.6123 Z0.3387
X7.2114 Y-3.6206 Z0.3388
X7.2321 Y-3.6311 Z0.3389
X7.2481 Y-3.639
X7.2506 Y-3.6402 Z0.3388
X7.2551 Y-3.642 Z0.3385
X7.2588 Y-3.6433 Z0.338
X7.2625 Y-3.6444 Z0.3374
X7.2665 Y-3.6454 Z0.3364
X7.2704 Y-3.6461 Z0.3353
X7.2744 Y-3.6467 Z0.3341
X7.2767 Y-3.647 Z0.3332
X7.2792 Y-3.6472 Z0.3323
X7.2817 Y-3.6473 Z0.3313
X7.2869 Y-3.6474 Z0.3291
G0 Z1.1
M5
M9
G53 G0 Z0.
M30
%
