%
(NALA OP1 V1 - 1 ROUND BRASS IN VISE)
(MACHINE)
(  VENDOR CALLUM)
(  MODEL MILL R1)
(  DESCRIPTION 14X8X14 MILL)
(T11 D=0.125 CR=0. TAPER=45DEG - ZMIN=-0.065 - CHAMFER MILL)
(T35 D=0.375 CR=0. - ZMIN=-0.19 - FLAT END MILL)
(T102 D=0.2 CR=0. TAPER=135DEG - ZMIN=-0.1564 - DRILL)
G90 G94 G17 G91.1
G20
G53 G0 Z-0.6
(FACE1)
T35 M6
T102
S5000 M3
G17 G90 G94
G56
G64 P0.0004 Q0.0004
M8
G0 X0.5898 Y-0.4841
G43 Z0.6 H35
G0 Z0.2
G1 Z0.0225 F200.
G18 G3 X0.5523 Z-0.015 I-0.0375 K0. F40.
G1 X-0.5523
X-0.6405
G17 G2 Y-0.2833 I0. J0.1004
G1 X0.6405
X0.65
G3 Y-0.0824 I0. J0.1004
G1 X-0.65
G2 Y0.1185 I0. J0.1004
G1 X0.65
G3 Y0.3194 I0. J0.1004
G1 X0.6321
X-0.6321
G18 G3 X-0.6696 Z0.0225 I0. K0.0375
G0 Z0.6
G17
(2D CONTOUR1)
G0 X-0.0375 Y0.79
Z0.6
Z0.2
G1 Z0.0394 F80.
Z-0.1525
G19 G2 Y0.7525 Z-0.19 J-0.0375 K0. F50.
G1 Y0.715
G17 G3 X0. Y0.6775 I0.0375 J0.
G2 Y-0.6775 I0. J-0.6775
Y0.6775 I0. J0.6775
Y-0.6775 I0. J-0.6775
Y0.6775 I0. J0.6775
G3 X0.0375 Y0.715 I0. J0.0375
G1 Y0.7525
G19 G3 Y0.79 Z-0.1525 J0. K0.0375
G0 Z0.6
G17
M5
G53 G0 Z-0.6
(DRILL1)
M9
M1
T102 M6
T11
S3000 M3
G17 G90 G94
G56
M8
G0 X0. Y0.31
G43 Z0.6 H102
G0 Z0.2
G98 G81 X0. Y0.31 Z-0.1564 R0.185 F10.
G80
G0 Z0.6
M5
G53 G0 Z-0.6
(2D CHAMFER1)
M9
M1
T11 M6
T35
S7500 M3
G17 G90 G94
G56
G64 P0.0004 Q0.0004
M8
G0 X0.0353 Y0.3172
G43 Z0.6 H11
G0 Z0.2
G1 Z0.08 F80.
Z-0.065
X0.0475 Y0.3198 F10.
G3 X-0.0475 Y0.3002 I-0.0475 J-0.0098
X0.0475 Y0.3198 I0.0475 J0.0098
G1 X0.0353 Y0.3172
G0 Z0.2
X0. Y0.5425
G1 Z0.08 F80.
Z-0.065
Y0.53 F10.
G2 Y-0.53 I0. J-0.53
Y0.53 I0. J0.53
G1 Y0.5425
G0 Z0.6
(ENGRAVE1 2)
G0 X-0.366 Y-0.1616
Z0.45
Z0.005
G1 Z-0.015 F20.
X-0.3644 Y-0.1648 Z-0.0182 F10.
X-0.3589 Y-0.1616 Z-0.015
X-0.3644 Y-0.1648 Z-0.0182
X-0.3677 Y-0.1702 Z-0.0185
X-0.3715 Y-0.177 Z-0.0189
X-0.375 Y-0.185 Z-0.0193
X-0.3772 Y-0.1914 Z-0.0197
X-0.3778 Y-0.1935
X-0.3787 Y-0.1973 Z-0.0199
X-0.38 Y-0.2045 Z-0.0201
X-0.3804 Y-0.2092 Z-0.0202
X-0.3807 Y-0.2159
X-0.3802 Y-0.2223 Z-0.0203
X-0.3792 Y-0.2301 Z-0.0201
X-0.3791 Y-0.2305
X-0.3774 Y-0.2378 Z-0.0198
X-0.3759 Y-0.2427 Z-0.0196
X-0.3751 Y-0.2449 Z-0.0194
X-0.3722 Y-0.2517 Z-0.019
X-0.3705 Y-0.2553
X-0.3689 Y-0.2582 Z-0.0187
X-0.3643 Y-0.2658 Z-0.0183
X-0.366 Y-0.2691 Z-0.015
X-0.3643 Y-0.2658 Z-0.0183
X-0.3589 Y-0.2691 Z-0.015
G0 Z0.05
X-0.3361 Y-0.2383
Z0.005
G1 Z-0.0196 F20.
X-0.3359 Y-0.2385 F10.
X-0.3336 Y-0.2398 Z-0.0194
X-0.332 Y-0.2405 Z-0.0195
X-0.3279 Y-0.2417 Z-0.0192
X-0.3278 Y-0.2418
X-0.3225 Y-0.2422 Z-0.0191
X-0.3183 Y-0.2418 Z-0.0192
X-0.3144 Y-0.2408 Z-0.0193
X-0.314 Y-0.2406 Z-0.0194
X-0.311 Y-0.239
X-0.3102 Y-0.2385 Z-0.0195
X-0.3083 Y-0.2371
X-0.3068 Y-0.2357 Z-0.0198
X-0.3052 Y-0.2338
X-0.3048 Y-0.2332
X-0.3031 Y-0.2304 Z-0.0199
X-0.3029 Y-0.2299
X-0.3026 Y-0.2292 Z-0.02
X-0.3016 Y-0.2255 Z-0.0201
X-0.3012 Y-0.2211
X-0.3016 Y-0.2178
X-0.3019 Y-0.2162
X-0.3027 Y-0.2137 Z-0.02
X-0.3032 Y-0.2127 Z-0.0199
X-0.304 Y-0.2114
X-0.3056 Y-0.2092 Z-0.0196
X-0.3078 Y-0.207 Z-0.0193
X-0.3087 Y-0.2063 Z-0.0192
X-0.3099 Y-0.2055 Z-0.019
X-0.3121 Y-0.2043 Z-0.0187
X-0.3132 Y-0.2037
X-0.3141 Y-0.2032
X-0.3148 Y-0.2026 Z-0.0189
X-0.3157 Y-0.2018 Z-0.0194
X-0.3166 Y-0.2008 Z-0.0201
X-0.3188 Y-0.2007 Z-0.0197
X-0.3223 Y-0.2008 Z-0.0192
X-0.3229 Z-0.0191
X-0.327 Y-0.2007 Z-0.0196
X-0.3294 Z-0.0201
X-0.33 Y-0.2014 Z-0.0195
X-0.3307 Y-0.2021 Z-0.0191
X-0.3315 Y-0.2028 Z-0.0187
X-0.3321 Y-0.2032 Z-0.0186
X-0.3327 Y-0.2036
X-0.3342 Y-0.2043 Z-0.0187
X-0.3362 Y-0.2054 Z-0.019
X-0.3376 Y-0.2063 Z-0.0192
X-0.3385 Y-0.2069 Z-0.0194
X-0.3404 Y-0.2088 Z-0.0197
X-0.342 Y-0.2109 Z-0.02
X-0.3433 Y-0.2132
X-0.3442 Y-0.2157 Z-0.0202
X-0.3444 Y-0.2171
X-0.3449 Y-0.2208
X-0.3444 Y-0.2253
X-0.3443 Y-0.2262 Z-0.0201
X-0.3434 Y-0.2291 Z-0.0202
X-0.342 Y-0.2321 Z-0.0199
X-0.3417 Y-0.2325
X-0.3393 Y-0.2357 Z-0.0198
X-0.3384 Y-0.2365 Z-0.0196
X-0.3379 Y-0.2369
X-0.3361 Y-0.2383
G0 Z0.05
X-0.3294 Y-0.2007
Z0.005
G1 Z-0.0201 F20.
X-0.3307 Y-0.1991 Z-0.019 F10.
X-0.3312 Y-0.1986 Z-0.0188
X-0.3317 Y-0.1982 Z-0.0186
X-0.3329 Y-0.1973
X-0.3359 Y-0.1954 Z-0.019
X-0.3371 Y-0.1944 Z-0.0193
X-0.3378 Y-0.1936 Z-0.0194
X-0.3398 Y-0.1911 Z-0.0198
X-0.3402 Y-0.1901
X-0.341 Y-0.1876 Z-0.0202
X-0.3416 Y-0.1838 Z-0.0201
X-0.3415 Y-0.1825
X-0.3412 Y-0.1806 Z-0.0202
X-0.3405 Y-0.1776 Z-0.0201
X-0.3401 Y-0.1769 Z-0.0199
X-0.3395 Y-0.1758
X-0.339 Y-0.1749 Z-0.02
X-0.337 Y-0.1724 Z-0.0199
X-0.3359 Y-0.1714 Z-0.0196
X-0.3351 Y-0.1707
X-0.3341 Y-0.17
X-0.3306 Y-0.1681 Z-0.0194
X-0.3299 Y-0.1679 Z-0.0192
X-0.329 Y-0.1676 Z-0.0193
X-0.3273 Y-0.1673
X-0.3228 Y-0.1668 Z-0.0191
X-0.3191 Y-0.1673 Z-0.0193
X-0.3164 Y-0.1679 Z-0.0192
X-0.3154 Y-0.1682 Z-0.0194
X-0.313 Y-0.1696 Z-0.0195
X-0.3122 Y-0.1701 Z-0.0196
X-0.31 Y-0.1718 Z-0.0197
X-0.3092 Y-0.1725 Z-0.0198
X-0.3077 Y-0.1743 Z-0.0199
X-0.3072 Y-0.1751
X-0.3061 Y-0.1772 Z-0.02
X-0.3057 Y-0.1778 Z-0.0201
X-0.305 Y-0.1808 Z-0.0202
X-0.3047 Y-0.1831 Z-0.0201
X-0.3046 Y-0.184 Z-0.0202
X-0.3052 Y-0.1878
X-0.3061 Y-0.1904 Z-0.0198
X-0.3064 Y-0.1912
X-0.3067 Y-0.1916
X-0.309 Y-0.1943 Z-0.0194
X-0.3102 Y-0.1953 Z-0.019
X-0.3107 Y-0.1957 Z-0.0189
X-0.3134 Y-0.1975 Z-0.0186
X-0.3144 Y-0.1982 Z-0.0187
X-0.3153 Y-0.1992 Z-0.0191
X-0.3166 Y-0.2008 Z-0.0201
G0 Z0.05
X-0.244 Y-0.1838
Z0.005
G1 Z-0.015 F20.
X-0.2404 Y-0.1785 Z-0.02 F10.
X-0.2384 Y-0.1798 Z-0.0186
X-0.234 Y-0.183 Z-0.015
X-0.2384 Y-0.1798 Z-0.0186
X-0.2404 Y-0.1785 Z-0.02
X-0.2409 Y-0.1771
X-0.2426 Y-0.1743
X-0.2442 Y-0.1721 Z-0.0198
X-0.2446 Y-0.1717
X-0.2477 Y-0.1695 Z-0.0196
X-0.2503 Y-0.1681 Z-0.0194
X-0.2512 Y-0.1678 Z-0.0193
X-0.2546 Y-0.1671 Z-0.0192
X-0.2574 Y-0.1668 Z-0.0191
X-0.2585 Y-0.1669
X-0.2629 Y-0.1675
X-0.2642 Y-0.1679
X-0.2669 Y-0.169 Z-0.0194
X-0.2687 Y-0.17 Z-0.0193
X-0.2694 Y-0.1706 Z-0.0194
X-0.2707 Y-0.1716 Z-0.0195
X-0.2742 Y-0.1749 Z-0.0197
X-0.2748 Y-0.176 Z-0.0196
X-0.2778 Y-0.1816 Z-0.0195
X-0.2793 Y-0.1859 Z-0.0198
X-0.2803 Y-0.1896 Z-0.0199
X-0.2808 Y-0.1919 Z-0.0198
X-0.2814 Y-0.1979 Z-0.02
X-0.2816 Y-0.2024 Z-0.0199
Y-0.2032
X-0.2815 Y-0.2046 Z-0.0201
X-0.2809 Y-0.2066 Z-0.0208
X-0.28 Y-0.2085 Z-0.0217
X-0.2784 Y-0.208 Z-0.0205
X-0.2771 Y-0.2073 Z-0.0197
X-0.2755 Y-0.2063 Z-0.0188
X-0.2747 Y-0.2056 Z-0.0185
X-0.2741 Y-0.2049 Z-0.0184
X-0.2725 Y-0.203
X-0.2702 Y-0.2007 Z-0.0187
X-0.267 Y-0.1986 Z-0.0188
X-0.2661 Y-0.1981 Z-0.0189
X-0.2631 Y-0.1971 Z-0.0191
X-0.2614 Y-0.1967 Z-0.0193
X-0.2593 Y-0.1964
X-0.2568 Z-0.0195
X-0.255 Y-0.1966
X-0.2529 Y-0.197 Z-0.0197
X-0.2513 Y-0.1974
X-0.2507 Y-0.1976
X-0.2494 Y-0.1982 Z-0.0198
X-0.2463 Y-0.2001 Z-0.0199
X-0.2433 Y-0.2027 Z-0.02
X-0.2407 Y-0.2065 Z-0.0201
X-0.2391 Y-0.2099 Z-0.0202
X-0.2388 Y-0.2108 Z-0.0201
X-0.238 Y-0.2149
X-0.2377 Y-0.2186
X-0.2378 Y-0.2193
X-0.2383 Y-0.2246 Z-0.02
X-0.2395 Y-0.2284 Z-0.0198
X-0.2403 Y-0.2305 Z-0.0199
X-0.2414 Y-0.2324 Z-0.0198
X-0.2433 Y-0.2353 Z-0.0197
X-0.2435 Y-0.2355
X-0.2444 Y-0.2364 Z-0.0196
X-0.2474 Y-0.239 Z-0.0195
X-0.2507 Y-0.2407 Z-0.0192
X-0.2525 Y-0.2413 Z-0.0193
X-0.2547 Y-0.2418 Z-0.0191
X-0.2582 Y-0.2422
X-0.259
X-0.2639 Y-0.2414
X-0.2645 Y-0.2413 Z-0.0192
X-0.2677 Y-0.2401 Z-0.0194
X-0.269 Y-0.2393 Z-0.0193
X-0.2696 Y-0.2389 Z-0.0194
X-0.2716 Y-0.2374 Z-0.0196
X-0.2738 Y-0.2354 Z-0.0195
X-0.2749 Y-0.2341 Z-0.0198
X-0.2774 Y-0.2299 Z-0.0197
X-0.2782 Y-0.2279 Z-0.0199
X-0.2796 Y-0.2241 Z-0.0201
X-0.2801 Y-0.2215 Z-0.0203
X-0.2805 Y-0.2179 Z-0.0204
X-0.2806 Y-0.2136 Z-0.0209
X-0.2801 Y-0.2093 Z-0.0215
X-0.28 Y-0.2085 Z-0.0217
G0 Z0.05
X-0.2173 Y-0.2075
Z0.005
G1 Z-0.0201 F20.
X-0.2172 Y-0.2115 F10.
X-0.2166 Y-0.2188 Z-0.02
X-0.2162 Y-0.2209 Z-0.0201
X-0.2152 Y-0.2244 Z-0.02
X-0.2145 Y-0.2267 Z-0.0198
X-0.2117 Y-0.2331 Z-0.0196
X-0.2115 Y-0.2335 Z-0.0195
X-0.2106 Y-0.235 Z-0.0197
X-0.2082 Y-0.2375 Z-0.0195
X-0.2052 Y-0.2397 Z-0.0194
X-0.2043 Y-0.2403
X-0.2003 Y-0.2416 Z-0.0192
X-0.1963 Y-0.2422 Z-0.0191
X-0.1955
X-0.1924 Y-0.2418 Z-0.0193
X-0.1908 Y-0.2415
X-0.1893 Y-0.2411 Z-0.0194
X-0.1874 Y-0.2403
X-0.1863 Y-0.2397
X-0.1836 Y-0.2377 Z-0.0196
X-0.183 Y-0.2371
X-0.1815 Y-0.2355 Z-0.0197
X-0.1801 Y-0.2337 Z-0.0196
X-0.1795 Y-0.2328 Z-0.0198
X-0.1781 Y-0.2296 Z-0.02
X-0.1768 Y-0.2262
X-0.1751 Y-0.2188 Z-0.0199
X-0.1747 Y-0.2157 Z-0.0201
X-0.1744 Y-0.2115 Z-0.02
X-0.1742 Y-0.2045 Z-0.0202
X-0.1744 Y-0.1972 Z-0.0201
X-0.1745 Y-0.1953
X-0.1752 Y-0.1895 Z-0.0199
X-0.1759 Y-0.1864 Z-0.0201
X-0.177 Y-0.1823 Z-0.0199
X-0.1776 Y-0.1808 Z-0.02
X-0.1799 Y-0.1756 Z-0.0197
X-0.1807 Y-0.1746 Z-0.0196
X-0.183 Y-0.1719
X-0.1837 Y-0.1714
X-0.1863 Y-0.1693 Z-0.0195
X-0.187 Y-0.169 Z-0.0194
X-0.1908 Y-0.1675 Z-0.0193
X-0.1917 Y-0.1674
X-0.1955 Y-0.1669 Z-0.0192
X-0.1992 Y-0.1672
X-0.1998 Y-0.1673
X-0.2023 Y-0.1679 Z-0.0194
X-0.2036 Y-0.1684 Z-0.0193
X-0.2048 Y-0.169
X-0.2075 Y-0.1708 Z-0.0195
X-0.2101 Y-0.1735 Z-0.0196
X-0.211 Y-0.1746
X-0.212 Y-0.1763 Z-0.0199
X-0.2134 Y-0.1794 Z-0.02
X-0.2145 Y-0.1822
X-0.2162 Y-0.1891 Z-0.0199
X-0.2169 Y-0.1934 Z-0.0201
X-0.2171 Y-0.1969 Z-0.02
X-0.2174 Y-0.2045 Z-0.0202
X-0.2173 Y-0.2075 Z-0.0201
G0 Z0.05
X-0.1566 Y-0.2691
Z0.005
G1 Z-0.015 F20.
X-0.1512 Y-0.2658 Z-0.0183 F10.
X-0.1494 Y-0.2691 Z-0.015
X-0.1512 Y-0.2658 Z-0.0183
X-0.1466 Y-0.2582 Z-0.0187
X-0.145 Y-0.2553 Z-0.019
X-0.1433 Y-0.2517
X-0.1404 Y-0.2449 Z-0.0193
X-0.1396 Y-0.2428 Z-0.0195
X-0.1381 Y-0.2378 Z-0.0197
X-0.1364 Y-0.2305 Z-0.0201
X-0.1363 Y-0.2301
X-0.1353 Y-0.2223 Z-0.0203
X-0.1348 Y-0.2159 Z-0.0202
X-0.1351 Y-0.2092
X-0.1355 Y-0.2046 Z-0.0201
X-0.1368 Y-0.1973 Z-0.0199
X-0.1377 Y-0.1937 Z-0.0197
X-0.1383 Y-0.1914
X-0.1405 Y-0.1852 Z-0.0193
X-0.144 Y-0.177 Z-0.0189
X-0.1478 Y-0.1702 Z-0.0186
X-0.1511 Y-0.1648 Z-0.0182
X-0.1494 Y-0.1616 Z-0.015
X-0.1511 Y-0.1648 Z-0.0182
X-0.1566 Y-0.1616 Z-0.015
G0 Z0.05
X-0.0873 Y-0.2261
Z0.005
G1 Z-0.015 F20.
X-0.0829 Y-0.2293 Z-0.0187 F10.
X-0.0813 Y-0.2304 Z-0.0199
X-0.0777 Y-0.2252 Z-0.015
X-0.0813 Y-0.2304 Z-0.0199
X-0.0807 Y-0.2321 Z-0.0198
X-0.0801 Y-0.2332
X-0.0789 Y-0.2349
X-0.0769 Y-0.2375 Z-0.0197
X-0.0761 Y-0.2383 Z-0.0195
X-0.0742 Y-0.2395
X-0.0713 Y-0.241 Z-0.0194
X-0.0703 Y-0.2413 Z-0.0192
X-0.068 Y-0.2418 Z-0.0193
X-0.0644 Y-0.2422 Z-0.0191
X-0.0607 Y-0.2419 Z-0.0192
X-0.0591 Y-0.2416 Z-0.0191
X-0.0573 Y-0.2411 Z-0.0193
X-0.0543 Y-0.2399
X-0.0512 Y-0.2379 Z-0.0195
X-0.0501 Y-0.237 Z-0.0194
X-0.0493 Y-0.2363
X-0.0466 Y-0.2332 Z-0.0196
X-0.0461 Y-0.2325
X-0.0444 Y-0.2293 Z-0.0198
X-0.0437 Y-0.2277 Z-0.0197
X-0.0429 Y-0.2258 Z-0.0198
X-0.0419 Y-0.2221
X-0.0406 Y-0.2155
X-0.0401 Y-0.2087
Y-0.2063 Z-0.0199
Y-0.2056 Z-0.02
X-0.0404 Y-0.2036 Z-0.0204
X-0.0408 Y-0.2023 Z-0.0209
X-0.0416 Y-0.2008 Z-0.0216
X-0.0413 Y-0.199 Z-0.0211
X-0.0412 Y-0.1983 Z-0.021
X-0.0409 Y-0.1939 Z-0.0205
Y-0.1913 Z-0.0203
X-0.041 Y-0.1895 Z-0.0201
X-0.0417 Y-0.1851 Z-0.0198
X-0.0427 Y-0.181 Z-0.0196
X-0.0429 Y-0.1805
X-0.0446 Y-0.1773 Z-0.0195
X-0.046 Y-0.1752
X-0.0479 Y-0.1729 Z-0.0193
X-0.0482 Y-0.1727
X-0.0509 Y-0.1704 Z-0.0192
X-0.0542 Y-0.1685 Z-0.019
X-0.0566 Y-0.1677 Z-0.0191
X-0.0581 Y-0.1674
X-0.0598 Y-0.1671
X-0.0615 Y-0.1669
X-0.063 Z-0.0192
X-0.0665 Y-0.1674 Z-0.0193
X-0.0674 Y-0.1676 Z-0.0194
X-0.0702 Y-0.1684 Z-0.0195
X-0.0713 Y-0.1689 Z-0.0197
X-0.0736 Y-0.1702
X-0.0742 Y-0.1707 Z-0.0198
X-0.0768 Y-0.1728 Z-0.0199
X-0.0778 Y-0.1738 Z-0.0201
X-0.0799 Y-0.1768
X-0.082 Y-0.1808 Z-0.0202
X-0.0823 Y-0.1813
X-0.0832 Y-0.1856
X-0.0837 Y-0.1903
X-0.0833 Y-0.1946 Z-0.0201
X-0.0832 Y-0.1953
X-0.0824 Y-0.199 Z-0.0202
X-0.0805 Y-0.2028 Z-0.0201
X-0.078 Y-0.2063
X-0.0775 Y-0.2068 Z-0.02
X-0.0751 Y-0.2088
X-0.0743 Y-0.2094
X-0.072 Y-0.2108 Z-0.0199
X-0.0709 Y-0.2112 Z-0.0198
X-0.0697 Y-0.2116 Z-0.0197
X-0.0685 Y-0.212
X-0.0666 Y-0.2123 Z-0.0196
X-0.0646 Y-0.2126
X-0.0626 Z-0.0193
X-0.0598 Y-0.2123 Z-0.0192
X-0.0578 Y-0.2118 Z-0.019
X-0.0549 Y-0.2107 Z-0.0188
X-0.054 Y-0.2102 Z-0.0186
X-0.0509 Y-0.2082 Z-0.0185
X-0.048 Y-0.2052 Z-0.0181
X-0.047 Y-0.2039 Z-0.0182
X-0.0465 Y-0.2034 Z-0.0184
X-0.0459 Y-0.2029 Z-0.0186
X-0.0447 Y-0.2021 Z-0.0193
X-0.0433 Y-0.2014 Z-0.0203
X-0.0416 Y-0.2008 Z-0.0216
G0 Z0.05
X0.0171 Y-0.1838
Z0.005
G1 Z-0.015 F20.
X0.0207 Y-0.1785 Z-0.02 F10.
X0.0227 Y-0.1798 Z-0.0186
X0.0271 Y-0.183 Z-0.015
X0.0227 Y-0.1798 Z-0.0186
X0.0207 Y-0.1785 Z-0.02
X0.0202 Y-0.1771
X0.0185 Y-0.1743
X0.0169 Y-0.1721 Z-0.0198
X0.0165 Y-0.1717
X0.0134 Y-0.1695 Z-0.0196
X0.0108 Y-0.1681 Z-0.0194
X0.0099 Y-0.1678 Z-0.0193
X0.0065 Y-0.1671 Z-0.0192
X0.0037 Y-0.1668 Z-0.0191
X0.0026 Y-0.1669
X-0.0018 Y-0.1675
X-0.0031 Y-0.1679
X-0.0058 Y-0.169 Z-0.0194
X-0.0076 Y-0.17 Z-0.0193
X-0.0096 Y-0.1716 Z-0.0195
X-0.0131 Y-0.1749 Z-0.0197
X-0.0137 Y-0.176 Z-0.0196
X-0.0167 Y-0.1816 Z-0.0195
X-0.0182 Y-0.1859 Z-0.0198
X-0.0192 Y-0.1896 Z-0.0199
X-0.0197 Y-0.1919 Z-0.0198
X-0.0203 Y-0.1979 Z-0.02
X-0.0205 Y-0.2024 Z-0.0199
Y-0.2032
X-0.0204 Y-0.2046 Z-0.0201
X-0.0198 Y-0.2066 Z-0.0208
X-0.0189 Y-0.2085 Z-0.0217
X-0.0173 Y-0.208 Z-0.0205
X-0.016 Y-0.2073 Z-0.0197
X-0.0144 Y-0.2063 Z-0.0188
X-0.0136 Y-0.2056 Z-0.0185
X-0.013 Y-0.2049 Z-0.0184
X-0.0114 Y-0.203
X-0.0091 Y-0.2007 Z-0.0187
X-0.0059 Y-0.1986 Z-0.0188
X-0.005 Y-0.1981 Z-0.0189
X-0.002 Y-0.1971 Z-0.0191
X-0.0003 Y-0.1967 Z-0.0193
X0.0018 Y-0.1964
X0.0043 Z-0.0195
X0.0061 Y-0.1966
X0.0082 Y-0.197 Z-0.0197
X0.0098 Y-0.1974
X0.0104 Y-0.1976
X0.0117 Y-0.1982 Z-0.0198
X0.0138 Y-0.1994
X0.0144 Y-0.1998 Z-0.0199
X0.0169 Y-0.2018
X0.0178 Y-0.2027 Z-0.02
X0.02 Y-0.2058 Z-0.0201
X0.0202 Y-0.2062
X0.022 Y-0.2099 Z-0.0202
X0.023 Y-0.2139
X0.0234 Y-0.2183
X0.023 Y-0.2231 Z-0.02
X0.0228 Y-0.2246
X0.022 Y-0.2274 Z-0.0198
X0.0208 Y-0.2305 Z-0.0199
X0.0201 Y-0.2318 Z-0.0198
X0.0178 Y-0.2353 Z-0.0197
X0.0176 Y-0.2355
X0.0167 Y-0.2364 Z-0.0196
X0.0137 Y-0.239 Z-0.0195
X0.0104 Y-0.2407 Z-0.0192
X0.0086 Y-0.2413 Z-0.0193
X0.0071 Y-0.2417 Z-0.0192
X0.0033 Y-0.2422 Z-0.0191
X0.0029
X-0.0022 Y-0.2416 Z-0.0192
X-0.0028 Y-0.2414 Z-0.0191
X-0.0066 Y-0.2401 Z-0.0194
X-0.0079 Y-0.2393 Z-0.0193
X-0.0105 Y-0.2374 Z-0.0196
X-0.0122 Y-0.2359 Z-0.0195
X-0.0127 Y-0.2354
X-0.0138 Y-0.2341 Z-0.0198
X-0.0158 Y-0.2309 Z-0.0197
X-0.0171 Y-0.2279 Z-0.0199
X-0.0182 Y-0.2251 Z-0.02
X-0.019 Y-0.2215 Z-0.0203
X-0.0193 Y-0.219 Z-0.0204
X-0.0195 Y-0.2144 Z-0.0208
X-0.0191 Y-0.2101 Z-0.0214
X-0.0189 Y-0.2085 Z-0.0217
G0 Z0.05
X0.0393 Y-0.1737
Z0.005
G1 Z-0.015 F20.
X0.0441 Y-0.1689 Z-0.0198 F10.
X0.0393 Y-0.1641 Z-0.015
X0.0441 Y-0.1689 Z-0.0198
X0.0801
X0.0815 Y-0.1691 Z-0.02
X0.0829 Y-0.1696 Z-0.0205
X0.0837 Y-0.1698 Z-0.0208
X0.0851 Y-0.1706 Z-0.0215
X0.0865 Y-0.1699 Z-0.0208
X0.0923 Y-0.1719 Z-0.015
X0.0865 Y-0.1699 Z-0.0208
X0.0923 Y-0.1641 Z-0.015
X0.0865 Y-0.1699 Z-0.0208
X0.0851 Y-0.1706 Z-0.0215
X0.0848 Y-0.1723 Z-0.0206
X0.0844 Y-0.1738 Z-0.02
X0.0841 Y-0.1745 Z-0.0198
X0.0838 Y-0.1752 Z-0.0196
X0.0834 Y-0.1758 Z-0.0195
X0.083 Y-0.1764
X0.0801 Y-0.1802 Z-0.0194
X0.0756 Y-0.1868 Z-0.0198
X0.0724 Y-0.1919
X0.0694 Y-0.1976 Z-0.0201
X0.0653 Y-0.2062 Z-0.02
X0.0638 Y-0.21 Z-0.0202
X0.06 Y-0.2213 Z-0.0201
X0.0595 Y-0.223 Z-0.0202
X0.0571 Y-0.234
X0.0564 Y-0.2398
X0.061 Y-0.245 Z-0.015
X0.0564 Y-0.2398 Z-0.0202
X0.0507 Y-0.245 Z-0.015
G0 Z0.05
X0.1012 Y-0.2203
Z0.005
G1 Z-0.015 F20.
X0.1062 Y-0.2153 Z-0.0201 F10.
X0.1012 Y-0.2103 Z-0.015
X0.1062 Y-0.2153 Z-0.0201
X0.127
X0.1321 Y-0.2203 Z-0.015
X0.127 Y-0.2153 Z-0.0201
X0.1321 Y-0.2103 Z-0.015
G0 Z0.05
X0.1372 Y-0.2253
Z0.005
G1 Z-0.015 F20.
X0.1427 Y-0.2197 Z-0.0206 F10.
X0.1442 Y-0.2203 Z-0.0201
X0.1456 Y-0.2206 Z-0.0197
X0.1463 Y-0.2207 Z-0.0196
X0.1727
X0.1735 Z-0.0197
X0.1745 Z-0.0199
X0.1758 Z-0.0205
X0.1777 Z-0.0218
X0.1797 Z-0.0205
X0.181 Z-0.0199
X0.182 Z-0.0197
X0.1892 Z-0.0196
X0.1938 Y-0.2253 Z-0.015
X0.1892 Y-0.2207 Z-0.0196
X0.1938 Y-0.2162 Z-0.015
X0.1892 Y-0.2207 Z-0.0196
X0.182 Z-0.0197
X0.181 Z-0.0199
X0.1797 Z-0.0205
X0.1777 Z-0.0218
Y-0.2225 Z-0.0208
Y-0.2237 Z-0.0203
Y-0.2246 Z-0.0201
Y-0.2254 Z-0.02
Y-0.24
X0.1727 Y-0.245 Z-0.015
X0.1777 Y-0.24 Z-0.02
X0.1827 Y-0.245 Z-0.015
X0.1777 Y-0.24 Z-0.02
Y-0.2254
Y-0.2246 Z-0.0201
Y-0.2237 Z-0.0203
Y-0.2225 Z-0.0208
Y-0.2207 Z-0.0218
Y-0.219 Z-0.0208
Y-0.2178 Z-0.0203
Y-0.2169 Z-0.0201
Y-0.1792 Z-0.02
Y-0.1784
X0.1776 Y-0.1776 Z-0.0201
X0.1773 Y-0.1761 Z-0.0205
X0.1767 Y-0.1746 Z-0.0211
X0.1759 Y-0.173 Z-0.0219
X0.1774 Y-0.1684 Z-0.0204
X0.1746 Y-0.163 Z-0.015
X0.1774 Y-0.1684 Z-0.0204
X0.1827 Y-0.163 Z-0.015
X0.1774 Y-0.1684 Z-0.0204
X0.1759 Y-0.173 Z-0.0219
X0.1742 Y-0.1735 Z-0.0208
X0.1727 Y-0.1742 Z-0.02
X0.1715 Y-0.175 Z-0.0194
X0.1709 Y-0.1754 Z-0.0191
X0.1704 Y-0.1759 Z-0.019
X0.17 Y-0.1764 Z-0.0189
X0.1437 Y-0.2138 Z-0.019
X0.1434 Y-0.2144 Z-0.0191
X0.143 Y-0.215 Z-0.0192
X0.1425 Y-0.2163 Z-0.0195
X0.1422 Y-0.2177 Z-0.0201
X0.1424 Y-0.2187 Z-0.0203
X0.1427 Y-0.2197 Z-0.0206
X0.1424 Y-0.2187 Z-0.0203
X0.1422 Y-0.2177 Z-0.0201
X0.1372 Y-0.2161 Z-0.015
G0 Z0.05
X0.1777 Y-0.2207
Z0.005
G1 Z-0.0218 F20.
G0 Z0.05
X0.2042 Y-0.2235
Z0.005
G1 Z-0.015 F20.
X0.209 Y-0.2272 Z-0.019 F10.
X0.2107 Y-0.2283 Z-0.0203
X0.2147 Y-0.2226 Z-0.015
X0.2107 Y-0.2283 Z-0.0203
X0.2113 Y-0.2303
X0.2117 Y-0.2309 Z-0.0202
X0.2132 Y-0.2334 Z-0.0201
X0.2138 Y-0.2343 Z-0.02
X0.2155 Y-0.2364
X0.2169 Y-0.2376 Z-0.0197
X0.2186 Y-0.2388 Z-0.0196
X0.2204 Y-0.2399 Z-0.0195
X0.2222 Y-0.2407 Z-0.0194
X0.224 Y-0.2413 Z-0.0193
X0.2261 Y-0.2417
X0.2304 Y-0.2422 Z-0.0191
X0.231
X0.2351 Y-0.2417 Z-0.0192
X0.2359 Y-0.2415
X0.2384 Y-0.2408
X0.2395 Y-0.2404 Z-0.0193
X0.2407 Y-0.2398 Z-0.0195
X0.2431 Y-0.2384
X0.2445 Y-0.2372 Z-0.0196
X0.2459 Y-0.2359 Z-0.0195
X0.2466 Y-0.2352 Z-0.0196
X0.2482 Y-0.2333 Z-0.0199
X0.2494 Y-0.2315
X0.2504 Y-0.2296 Z-0.02
X0.2516 Y-0.2269
X0.252 Y-0.2257 Z-0.0202
X0.2527 Y-0.2225
X0.2528 Y-0.2216 Z-0.0203
X0.2531 Y-0.2172 Z-0.0204
X0.2527 Y-0.2128
X0.2517 Y-0.2088
X0.2499 Y-0.2052 Z-0.0203
X0.2494 Y-0.2045 Z-0.0202
X0.2472 Y-0.2015
X0.2461 Y-0.2005 Z-0.0201
X0.2443 Y-0.1991
X0.2426 Y-0.198 Z-0.0199
X0.2409 Y-0.1971 Z-0.02
X0.2384 Y-0.1961 Z-0.0197
X0.2372 Y-0.1958
X0.2343 Y-0.1953 Z-0.0195
X0.233 Y-0.1952 Z-0.0196
X0.2296 Y-0.1953 Z-0.0193
X0.2262 Y-0.1959 Z-0.0191
X0.2243 Y-0.1965 Z-0.0189
X0.2229 Y-0.1971 Z-0.0188
X0.2193 Y-0.1989 Z-0.0186
X0.2187 Y-0.1992
X0.2181 Y-0.1995 Z-0.0188
X0.2174 Y-0.1997 Z-0.019
X0.2167 Y-0.2 Z-0.0193
X0.2152 Y-0.2002 Z-0.02
X0.2133 Y-0.2003 Z-0.0212
X0.2129 Y-0.2012 Z-0.0209
X0.2154 Y-0.2074 Z-0.015
X0.2129 Y-0.2012 Z-0.0209
X0.206 Y-0.2062 Z-0.015
X0.2129 Y-0.2012 Z-0.0209
X0.2133 Y-0.2003 Z-0.0212
X0.2129 Y-0.1989 Z-0.0205
X0.2127 Y-0.1975 Z-0.0201
Y-0.1969 Z-0.0199
X0.2128 Y-0.1955 Z-0.0197
X0.2172 Y-0.1728 Z-0.0198
X0.2174 Y-0.172 Z-0.0199
X0.2176 Y-0.1711 Z-0.02
X0.218 Y-0.1704 Z-0.0202
X0.2184 Y-0.1696 Z-0.0205
X0.2139 Y-0.1641 Z-0.015
X0.2184 Y-0.1696 Z-0.0205
X0.2196 Y-0.1692 Z-0.0201
X0.2207 Y-0.169 Z-0.0199
X0.2498 Y-0.1689 Z-0.0198
X0.2546 Y-0.1641 Z-0.015
X0.2498 Y-0.1689 Z-0.0198
X0.2546 Y-0.1737 Z-0.015
G0 Z0.05
X0.2685
Z0.005
G1 Z-0.015 F20.
X0.2734 Y-0.1689 Z-0.0198 F10.
X0.2685 Y-0.1641 Z-0.015
X0.2734 Y-0.1689 Z-0.0198
X0.3094
X0.3108 Y-0.1691 Z-0.02
X0.3122 Y-0.1696 Z-0.0205
X0.3129 Y-0.1698 Z-0.0208
X0.3143 Y-0.1706 Z-0.0215
X0.3158 Y-0.1699 Z-0.0208
X0.3216 Y-0.1719 Z-0.015
X0.3158 Y-0.1699 Z-0.0208
X0.3216 Y-0.1641 Z-0.015
X0.3158 Y-0.1699 Z-0.0208
X0.3143 Y-0.1706 Z-0.0215
X0.3141 Y-0.1723 Z-0.0206
X0.3137 Y-0.1738 Z-0.02
X0.3134 Y-0.1745 Z-0.0198
X0.3131 Y-0.1752 Z-0.0196
X0.3126 Y-0.1758 Z-0.0195
X0.3122 Y-0.1764
X0.3094 Y-0.1802 Z-0.0194
X0.3048 Y-0.1868 Z-0.0198
X0.3017 Y-0.1919
X0.2987 Y-0.1976 Z-0.0201
X0.2946 Y-0.2062 Z-0.02
X0.2931 Y-0.21 Z-0.0202
X0.2892 Y-0.2213 Z-0.0201
X0.2888 Y-0.223 Z-0.0202
X0.2863 Y-0.234
X0.2857 Y-0.2398
X0.2903 Y-0.245 Z-0.015
X0.2857 Y-0.2398 Z-0.0202
X0.28 Y-0.245 Z-0.015
G0 Z0.05
X0.3393 Y-0.2257
Z0.005
G1 Z-0.0199 F20.
X0.3396 Y-0.2267 Z-0.0198 F10.
X0.3401 Y-0.2281
X0.3425 Y-0.2335 Z-0.0195
X0.3435 Y-0.235 Z-0.0197
X0.3464 Y-0.2379 Z-0.0196
X0.3498 Y-0.2403 Z-0.0194
X0.3533 Y-0.2415 Z-0.0193
X0.3576 Y-0.2422 Z-0.0191
X0.3584
X0.3617 Y-0.2418 Z-0.0193
X0.3625 Y-0.2417
X0.3648 Y-0.2411 Z-0.0194
X0.3665 Y-0.2403
X0.3677 Y-0.2398
X0.3702 Y-0.2379 Z-0.0196
X0.3725 Y-0.2355 Z-0.0197
X0.3736 Y-0.2342 Z-0.0196
X0.3743 Y-0.2331 Z-0.0197
X0.376 Y-0.2296 Z-0.02
X0.3771 Y-0.2268
X0.3788 Y-0.2195 Z-0.0199
X0.3794 Y-0.2157 Z-0.0201
X0.3796 Y-0.2119 Z-0.02
X0.3798 Y-0.2046 Z-0.0202
X0.3797 Y-0.1976 Z-0.0201
X0.3796 Y-0.1953
X0.379 Y-0.1903 Z-0.0199
X0.3782 Y-0.1864 Z-0.0201
X0.3772 Y-0.1829 Z-0.0199
X0.3765 Y-0.1808 Z-0.02
X0.3743 Y-0.1759 Z-0.0197
X0.3735 Y-0.1747 Z-0.0196
X0.3713 Y-0.1721 Z-0.0197
X0.3678 Y-0.1693 Z-0.0195
X0.3671 Y-0.169 Z-0.0194
X0.3664 Y-0.1687
X0.3632 Y-0.1675 Z-0.0193
X0.3624 Y-0.1674
X0.3579 Y-0.1669 Z-0.0192
X0.3543 Y-0.1673
X0.3535 Y-0.1674
X0.3518 Y-0.1679 Z-0.0194
X0.3501 Y-0.1686 Z-0.0193
X0.3489 Y-0.1692 Z-0.0194
X0.346 Y-0.1713 Z-0.0196
X0.3435 Y-0.1741
X0.3428 Y-0.1751 Z-0.0197
X0.3421 Y-0.1763 Z-0.0199
X0.3406 Y-0.1794 Z-0.02
X0.3394 Y-0.1827 Z-0.0201
X0.3377 Y-0.1898 Z-0.0199
X0.3372 Y-0.1934 Z-0.0201
X0.3369 Y-0.1973 Z-0.02
X0.3367 Y-0.2046 Z-0.0202
X0.3369 Y-0.213 Z-0.0201
X0.3377 Y-0.2196 Z-0.02
X0.3379 Y-0.2209 Z-0.0201
X0.3388 Y-0.2244 Z-0.02
X0.3393 Y-0.2257 Z-0.0199
G0 Z0.05
X0.3316 Y-0.0956
Z0.005
G1 Z-0.015 F20.
X0.3364 Y-0.0992 Z-0.019 F10.
X0.3381 Y-0.1003 Z-0.0203
X0.3421 Y-0.0947 Z-0.015
X0.3381 Y-0.1003 Z-0.0203
X0.3388 Y-0.1023
X0.3394 Y-0.1036 Z-0.0202
X0.3412 Y-0.1063 Z-0.02
X0.3429 Y-0.1084
X0.3444 Y-0.1097 Z-0.0197
X0.346 Y-0.1109 Z-0.0196
X0.3478 Y-0.1119 Z-0.0195
X0.3496 Y-0.1128 Z-0.0194
X0.3515 Y-0.1133 Z-0.0193
X0.3535 Y-0.1137
X0.3578 Y-0.1143 Z-0.0191
X0.3584 Y-0.1142
X0.3625 Y-0.1137 Z-0.0192
X0.3633 Y-0.1135
X0.3658 Y-0.1128
X0.3669 Y-0.1124 Z-0.0193
X0.3681 Y-0.1119 Z-0.0195
X0.3705 Y-0.1104
X0.3719 Y-0.1092 Z-0.0196
X0.3733 Y-0.108 Z-0.0195
X0.374 Y-0.1072 Z-0.0196
X0.3756 Y-0.1053 Z-0.0199
X0.3768 Y-0.1035
X0.3778 Y-0.1017 Z-0.02
X0.379 Y-0.0989
X0.3794 Y-0.0978 Z-0.0202
X0.3801 Y-0.0945
X0.3802 Y-0.0936 Z-0.0203
X0.3805 Y-0.0892 Z-0.0204
X0.3801 Y-0.0848
X0.3791 Y-0.0808
X0.3773 Y-0.0772 Z-0.0203
X0.3768 Y-0.0765 Z-0.0202
X0.3746 Y-0.0735
X0.3735 Y-0.0725 Z-0.0201
X0.3717 Y-0.0711
X0.37 Y-0.07 Z-0.0199
X0.3684 Y-0.0691 Z-0.02
X0.3658 Y-0.0682 Z-0.0197
X0.3646 Y-0.0678
X0.3617 Y-0.0674 Z-0.0195
X0.3604 Y-0.0672 Z-0.0196
X0.357 Y-0.0673 Z-0.0193
X0.3536 Y-0.0679 Z-0.0191
X0.3517 Y-0.0685 Z-0.0189
X0.3503 Y-0.0691 Z-0.0188
X0.3467 Y-0.0709 Z-0.0186
X0.3461 Y-0.0712
X0.3455 Y-0.0715 Z-0.0188
X0.3448 Y-0.0718 Z-0.019
X0.3441 Y-0.072 Z-0.0193
X0.3426 Y-0.0722 Z-0.02
X0.3407 Y-0.0723 Z-0.0212
X0.3403 Y-0.0732 Z-0.0209
X0.3428 Y-0.0794 Z-0.015
X0.3403 Y-0.0732 Z-0.0209
X0.3334 Y-0.0782 Z-0.015
X0.3403 Y-0.0732 Z-0.0209
X0.3407 Y-0.0723 Z-0.0212
X0.3404 Y-0.0709 Z-0.0205
X0.3402 Y-0.0696 Z-0.0201
X0.3401 Y-0.0689 Z-0.0199
X0.3402 Y-0.0676 Z-0.0197
X0.3446 Y-0.0448 Z-0.0198
X0.3448 Y-0.044 Z-0.0199
X0.3451 Y-0.0432 Z-0.02
X0.3454 Y-0.0424 Z-0.0202
X0.3458 Y-0.0416 Z-0.0205
X0.3413 Y-0.0362 Z-0.015
X0.3458 Y-0.0416 Z-0.0205
X0.347 Y-0.0412 Z-0.0201
X0.3482 Y-0.041 Z-0.0199
X0.3493 Y-0.0409 Z-0.0198
X0.3773
X0.382 Y-0.0362 Z-0.015
X0.3773 Y-0.0409 Z-0.0198
X0.382 Y-0.0457 Z-0.015
G0 Z0.05
X0.3101 Y-0.0558
Z0.005
G1 Z-0.015 F20.
X0.3137 Y-0.0505 Z-0.02 F10.
X0.3157 Y-0.0518 Z-0.0186
X0.32 Y-0.0551 Z-0.015
X0.3157 Y-0.0518 Z-0.0186
X0.3137 Y-0.0505 Z-0.02
X0.3132 Y-0.0491
X0.3115 Y-0.0463
X0.3104 Y-0.0448 Z-0.0198
X0.3095 Y-0.0437
X0.3064 Y-0.0415 Z-0.0196
X0.3038 Y-0.0401 Z-0.0194
X0.3029 Y-0.0398 Z-0.0193
X0.2995 Y-0.0391 Z-0.0192
X0.2967 Y-0.0388 Z-0.0191
X0.2956 Y-0.0389
X0.2912 Y-0.0395
X0.2899 Y-0.0399
X0.2872 Y-0.041 Z-0.0194
X0.2854 Y-0.042 Z-0.0193
X0.2833 Y-0.0436 Z-0.0195
X0.2799 Y-0.047 Z-0.0197
X0.2793 Y-0.048 Z-0.0196
X0.276 Y-0.0541 Z-0.0195
X0.2758 Y-0.0547 Z-0.0196
X0.2748 Y-0.0579 Z-0.0198
X0.2738 Y-0.0616 Z-0.0199
X0.2732 Y-0.0648 Z-0.0198
X0.2727 Y-0.0699 Z-0.02
X0.2725 Y-0.0752 Z-0.0199
X0.2726 Y-0.0766 Z-0.0201
X0.2728 Y-0.0773 Z-0.0203
X0.2732 Y-0.0786 Z-0.0208
X0.2736 Y-0.0796 Z-0.0212
X0.2741 Y-0.0805 Z-0.0217
X0.2757 Y-0.08 Z-0.0205
X0.277 Y-0.0794 Z-0.0197
X0.2786 Y-0.0783 Z-0.0188
X0.2794 Y-0.0776 Z-0.0185
X0.28 Y-0.0769 Z-0.0184
X0.2816 Y-0.075
X0.2838 Y-0.0728 Z-0.0187
X0.2844 Y-0.0724
X0.2879 Y-0.0702 Z-0.0189
X0.2882 Y-0.07 Z-0.019
X0.2916 Y-0.069 Z-0.0192
X0.2927 Y-0.0687 Z-0.0193
X0.2958 Y-0.0684 Z-0.0194
X0.2973 Z-0.0195
X0.2997 Y-0.0687 Z-0.0196
X0.3012 Y-0.069 Z-0.0197
X0.3034 Y-0.0697
X0.3047 Y-0.0702 Z-0.0198
X0.3067 Y-0.0714
X0.3074 Y-0.0718 Z-0.0199
X0.3099 Y-0.0739
X0.3108 Y-0.0747 Z-0.02
X0.313 Y-0.0778 Z-0.0201
X0.3132 Y-0.0782
X0.315 Y-0.0819 Z-0.0202
X0.316 Y-0.0859
X0.3164 Y-0.0903
X0.316 Y-0.0951 Z-0.02
X0.3158 Y-0.0966
X0.315 Y-0.0994 Z-0.0198
X0.3138 Y-0.1025 Z-0.0199
X0.3131 Y-0.1038 Z-0.0198
X0.3108 Y-0.1073 Z-0.0197
X0.3106 Y-0.1075
X0.3097 Y-0.1084 Z-0.0196
X0.3067 Y-0.111 Z-0.0195
X0.3034 Y-0.1127 Z-0.0192
X0.3016 Y-0.1134 Z-0.0193
X0.2994 Y-0.1138 Z-0.0191
X0.2959 Y-0.1143
X0.2951 Y-0.1142
X0.2902 Y-0.1135
X0.2896 Y-0.1133 Z-0.0192
X0.2864 Y-0.1121 Z-0.0194
X0.285 Y-0.1113 Z-0.0193
X0.2825 Y-0.1095 Z-0.0196
X0.2807 Y-0.1079 Z-0.0195
X0.2803 Y-0.1074
X0.2791 Y-0.1062 Z-0.0198
X0.2772 Y-0.1029 Z-0.0197
X0.2759 Y-0.1 Z-0.0199
X0.2748 Y-0.0971 Z-0.02
X0.274 Y-0.0935 Z-0.0203
X0.2737 Y-0.091 Z-0.0204
X0.2735 Y-0.0864 Z-0.0208
X0.2739 Y-0.0821 Z-0.0214
X0.2741 Y-0.0805 Z-0.0217
G0 Z0.05
X0.2523 Y-0.0799
Z0.005
G1 Z-0.0201 F20.
X0.2524 Y-0.0765 Z-0.0202 F10.
X0.2523 Y-0.0692 Z-0.0201
X0.2522 Y-0.0673
X0.2514 Y-0.0616 Z-0.0199
X0.2508 Y-0.0584 Z-0.0201
X0.2496 Y-0.0543 Z-0.0199
X0.2491 Y-0.0528 Z-0.02
X0.2467 Y-0.0476 Z-0.0197
X0.246 Y-0.0466 Z-0.0196
X0.2436 Y-0.0439
X0.243 Y-0.0434
X0.2403 Y-0.0414 Z-0.0195
X0.2396 Y-0.041 Z-0.0194
X0.2358 Y-0.0396 Z-0.0193
X0.235 Y-0.0394
X0.2312 Y-0.0389 Z-0.0192
X0.2274 Y-0.0392
X0.2269 Y-0.0393
X0.2243 Y-0.0399 Z-0.0194
X0.2231 Y-0.0404 Z-0.0193
X0.2218 Y-0.041
X0.2192 Y-0.0428 Z-0.0195
X0.2166 Y-0.0455 Z-0.0196
X0.2157 Y-0.0466
X0.2147 Y-0.0483 Z-0.0199
X0.2132 Y-0.0515 Z-0.02
X0.2121 Y-0.0542
X0.2105 Y-0.0611 Z-0.0199
X0.2098 Y-0.0654 Z-0.0201
X0.2095 Y-0.0689 Z-0.02
X0.2093 Y-0.0765 Z-0.0202
X0.2094 Y-0.0835 Z-0.0201
X0.2101 Y-0.0908 Z-0.02
X0.2105 Y-0.0929 Z-0.0201
X0.2114 Y-0.0965 Z-0.02
X0.2122 Y-0.0988 Z-0.0198
X0.2149 Y-0.1051 Z-0.0196
X0.2151 Y-0.1055 Z-0.0195
X0.2161 Y-0.107 Z-0.0197
X0.2184 Y-0.1095 Z-0.0195
X0.2214 Y-0.1117 Z-0.0194
X0.2224 Y-0.1123
X0.2263 Y-0.1136 Z-0.0192
X0.2304 Y-0.1142 Z-0.0191
X0.2312
X0.2343 Y-0.1139 Z-0.0193
X0.2359 Y-0.1135
X0.2374 Y-0.1131 Z-0.0194
X0.2393 Y-0.1123
X0.2404 Y-0.1117
X0.2431 Y-0.1097 Z-0.0196
X0.2437 Y-0.1091
X0.2451 Y-0.1075 Z-0.0197
X0.2465 Y-0.1057 Z-0.0196
X0.2471 Y-0.1048 Z-0.0198
X0.2485 Y-0.1017 Z-0.02
X0.2499 Y-0.0982
X0.2515 Y-0.0908 Z-0.0199
X0.252 Y-0.0877 Z-0.0201
X0.2522 Y-0.0835 Z-0.02
X0.2523 Y-0.0799 Z-0.0201
G0 Z0.05
X0.1411 Y-0.0457
Z0.005
G1 Z-0.015 F20.
X0.1459 Y-0.0409 Z-0.0198 F10.
X0.1411 Y-0.0361 Z-0.015
X0.1459 Y-0.0409 Z-0.0198
X0.182 Y-0.041
X0.1834 Y-0.0412 Z-0.02
X0.1848 Y-0.0416 Z-0.0205
X0.1855 Y-0.0418 Z-0.0208
X0.1869 Y-0.0426 Z-0.0215
X0.1884 Y-0.0419 Z-0.0208
X0.1941 Y-0.0439 Z-0.015
X0.1884 Y-0.0419 Z-0.0208
X0.1941 Y-0.0361 Z-0.015
X0.1884 Y-0.0419 Z-0.0208
X0.1869 Y-0.0426 Z-0.0215
X0.1867 Y-0.0443 Z-0.0206
X0.1863 Y-0.0458 Z-0.02
X0.1859 Y-0.0465 Z-0.0198
X0.1856 Y-0.0472 Z-0.0196
X0.1852 Y-0.0478 Z-0.0195
X0.1823 Y-0.0517 Z-0.0194
X0.1774 Y-0.0588 Z-0.0198
X0.1745 Y-0.0635
X0.1713 Y-0.0696 Z-0.0201
X0.1674 Y-0.0777 Z-0.02
X0.1656 Y-0.082 Z-0.0202
X0.162 Y-0.0928 Z-0.0201
X0.1614 Y-0.095 Z-0.0202
X0.1592 Y-0.1045 Z-0.0201
X0.1591 Y-0.105 Z-0.0202
X0.1583 Y-0.1118
X0.1629 Y-0.117 Z-0.015
X0.1583 Y-0.1118 Z-0.0202
X0.1526 Y-0.117 Z-0.015
G0 Z0.05
X0.1012 Y-0.0924
Z0.005
G1 Z-0.015 F20.
X0.1062 Y-0.0873 Z-0.0201 F10.
X0.1012 Y-0.0823 Z-0.015
X0.1062 Y-0.0873 Z-0.0201
X0.127
X0.1321 Y-0.0924 Z-0.015
X0.127 Y-0.0873 Z-0.0201
X0.1321 Y-0.0823 Z-0.015
G0 Z0.05
X0.0386 Y-0.0956
Z0.005
G1 Z-0.015 F20.
X0.0434 Y-0.0992 Z-0.019 F10.
X0.0452 Y-0.1003 Z-0.0203
X0.0491 Y-0.0947 Z-0.015
X0.0452 Y-0.1003 Z-0.0203
X0.0458 Y-0.1023
X0.0464 Y-0.1036 Z-0.0202
X0.0482 Y-0.1063 Z-0.02
X0.0499 Y-0.1084
X0.0514 Y-0.1097 Z-0.0197
X0.0531 Y-0.1109 Z-0.0196
X0.0543 Y-0.1116 Z-0.0195
X0.0566 Y-0.1128 Z-0.0194
X0.0585 Y-0.1133 Z-0.0193
X0.0606 Y-0.1137
X0.0642 Y-0.1142 Z-0.0191
X0.0646
X0.0689 Y-0.1138
X0.0696 Y-0.1137 Z-0.0192
X0.0728 Y-0.1128
X0.0739 Y-0.1124 Z-0.0193
X0.0751 Y-0.1119 Z-0.0195
X0.0769 Y-0.1108
X0.0789 Y-0.1092 Z-0.0196
X0.0803 Y-0.108 Z-0.0195
X0.0827 Y-0.1053 Z-0.0199
X0.0835 Y-0.1041
X0.0848 Y-0.1017 Z-0.02
X0.0856 Y-0.1
X0.0864 Y-0.0978 Z-0.0202
X0.087 Y-0.0952
X0.0871 Y-0.0945
X0.0875 Y-0.0905 Z-0.0203
X0.0876 Y-0.0897
X0.0873 Y-0.0859
X0.0872 Y-0.0852
X0.0864 Y-0.0817
X0.0862 Y-0.0808 Z-0.0204
X0.0843 Y-0.0772 Z-0.0203
X0.0818 Y-0.0737 Z-0.0202
X0.0811 Y-0.073 Z-0.0201
X0.0787 Y-0.0711
X0.0777 Y-0.0704 Z-0.02
X0.0754 Y-0.0691
X0.0739 Y-0.0685 Z-0.0198
X0.0728 Y-0.0682 Z-0.0197
X0.0716 Y-0.0678
X0.0694 Y-0.0674 Z-0.0196
X0.0674 Y-0.0672
X0.0652 Z-0.0193
X0.0643 Y-0.0673
X0.0606 Y-0.0679 Z-0.0191
X0.0597 Y-0.0681 Z-0.019
X0.0573 Y-0.0691 Z-0.0188
X0.0546 Y-0.0704 Z-0.0186
X0.0532 Y-0.0712
X0.0525 Y-0.0715 Z-0.0188
X0.0518 Y-0.0718 Z-0.019
X0.0512 Y-0.072 Z-0.0193
X0.0504 Y-0.0721 Z-0.0196
X0.0478 Y-0.0723 Z-0.0211
Z-0.0212
X0.0473 Y-0.0732 Z-0.0209
X0.0498 Y-0.0794 Z-0.015
X0.0473 Y-0.0732 Z-0.0209
X0.0404 Y-0.0782 Z-0.015
X0.0473 Y-0.0732 Z-0.0209
X0.0478 Y-0.0723 Z-0.0212
X0.0474 Y-0.0709 Z-0.0205
X0.0472 Y-0.0696 Z-0.0201
Y-0.0689 Z-0.0199
Y-0.0676 Z-0.0197
X0.0516 Y-0.0448 Z-0.0198
X0.0518 Y-0.044 Z-0.0199
X0.0521 Y-0.0432 Z-0.02
X0.0524 Y-0.0424 Z-0.0202
X0.0528 Y-0.0416 Z-0.0205
X0.0483 Y-0.0362 Z-0.015
X0.0528 Y-0.0416 Z-0.0205
X0.054 Y-0.0412 Z-0.0201
X0.0552 Y-0.041 Z-0.0199
X0.0843 Y-0.0409 Z-0.0198
X0.089 Y-0.0457 Z-0.015
X0.0843 Y-0.0409 Z-0.0198
X0.089 Y-0.0362 Z-0.015
G0 Z0.05
X-0.0174 Y-0.065
Z0.005
G1 Z-0.015 F20.
X-0.0129 Y-0.0579 Z-0.0195 F10.
X-0.0174 Y-0.0553 Z-0.015
X-0.0129 Y-0.0579 Z-0.0195
X-0.0092 Y-0.0559
X-0.0075 Y-0.0549
X-0.0046 Y-0.0529 Z-0.0196
X-0.0001 Y-0.0494 Z-0.0195
X0.0011 Y-0.0485 Z-0.0197
X0.003 Y-0.0475 Z-0.0203
X0.0044 Y-0.0471 Z-0.021
X0.0059 Y-0.0468 Z-0.0219
X0.0067 Y-0.0449 Z-0.0211
X0.0085 Y-0.0389 Z-0.0192
X0.0063 Y-0.0347 Z-0.015
X0.0085 Y-0.0389 Z-0.0192
X0.0128 Y-0.0347 Z-0.015
X0.0085 Y-0.0389 Z-0.0192
X0.0067 Y-0.0449 Z-0.0211
X0.0059 Y-0.0468 Z-0.0219
X0.0067 Y-0.0483 Z-0.0211
X0.0073 Y-0.0498 Z-0.0205
X0.0075 Y-0.0506 Z-0.0203
X0.0076 Y-0.0513 Z-0.0201
X0.0077 Y-0.0521 Z-0.02
Y-0.112
X0.0027 Y-0.117 Z-0.015
X0.0077 Y-0.112 Z-0.02
X0.0128 Y-0.117 Z-0.015
G0 Z0.05
X-0.0414 Y-0.1012
Z0.005
G1 Z-0.02 F20.
X-0.0407 Y-0.0982 Z-0.0201 F10.
X-0.0401 Y-0.0942
Y-0.0935
X-0.0403 Y-0.0908 Z-0.0202
X-0.0405 Y-0.0898 Z-0.0201
X-0.0408 Y-0.0882
X-0.0416 Y-0.0857 Z-0.02
X-0.0429 Y-0.0834 Z-0.0199
X-0.0439 Y-0.082 Z-0.0197
X-0.0465 Y-0.0792 Z-0.0194
X-0.0467 Y-0.079 Z-0.0193
X-0.0488 Y-0.0776 Z-0.019
X-0.0505 Y-0.0766 Z-0.0188
X-0.0518 Y-0.076 Z-0.0187
X-0.053 Y-0.0752
X-0.0537 Y-0.0746 Z-0.0189
X-0.0546 Y-0.0738 Z-0.0194
X-0.0555 Y-0.0728 Z-0.0201
X-0.0584 Y-0.0727 Z-0.0196
X-0.062 Y-0.0728 Z-0.0191
X-0.0626 Z-0.0192
X-0.0666 Y-0.0727 Z-0.0197
X-0.0683 Y-0.0728 Z-0.0201
X-0.0689 Y-0.0734 Z-0.0195
X-0.0696 Y-0.0741 Z-0.0191
X-0.0704 Y-0.0748 Z-0.0187
X-0.071 Y-0.0753 Z-0.0186
X-0.0716 Y-0.0757
X-0.0731 Y-0.0764 Z-0.0187
X-0.0751 Y-0.0774 Z-0.019
X-0.0765 Y-0.0783 Z-0.0192
X-0.0774 Y-0.0789 Z-0.0194
X-0.0793 Y-0.0809 Z-0.0197
X-0.0809 Y-0.0829 Z-0.02
X-0.0822 Y-0.0852
X-0.083 Y-0.0878 Z-0.0202
X-0.0833 Y-0.0891
X-0.0838 Y-0.0928
X-0.0833 Y-0.0974
X-0.0832 Y-0.0982 Z-0.0201
X-0.0823 Y-0.1011 Z-0.0202
X-0.0812 Y-0.1034 Z-0.0199
X-0.0809 Y-0.1041
X-0.0782 Y-0.1077 Z-0.0198
X-0.0773 Y-0.1085 Z-0.0196
X-0.0748 Y-0.1105
X-0.0732 Y-0.1115 Z-0.0194
X-0.0725 Y-0.1119
X-0.0709 Y-0.1126 Z-0.0195
X-0.0678 Y-0.1135 Z-0.0192
X-0.0672 Y-0.1137
X-0.0623 Y-0.1142 Z-0.0191
X-0.0581 Y-0.1139
X-0.0544 Y-0.1131 Z-0.0192
X-0.0533 Y-0.1128 Z-0.0193
X-0.0505 Y-0.1114 Z-0.0194
X-0.0499 Y-0.111
X-0.0472 Y-0.1091 Z-0.0195
X-0.0463 Y-0.1083 Z-0.0196
X-0.0457 Y-0.1078 Z-0.0198
X-0.0441 Y-0.1058
X-0.0437 Y-0.1052
X-0.042 Y-0.1025 Z-0.0199
X-0.0418 Y-0.1019
X-0.0414 Y-0.1012 Z-0.02
G0 Z0.05
X-0.0683 Y-0.0728
Z0.005
G1 Z-0.0201 F20.
X-0.0696 Y-0.0711 Z-0.019 F10.
X-0.0701 Y-0.0706 Z-0.0188
X-0.0706 Y-0.0702 Z-0.0186
X-0.0718 Y-0.0693
X-0.0748 Y-0.0674 Z-0.019
X-0.076 Y-0.0664 Z-0.0193
X-0.0767 Y-0.0656 Z-0.0194
X-0.0787 Y-0.0631 Z-0.0198
X-0.0791 Y-0.0621
X-0.0799 Y-0.0597 Z-0.0202
X-0.0805 Y-0.0558 Z-0.0201
X-0.0804 Y-0.0545
X-0.0801 Y-0.0526 Z-0.0202
X-0.0794 Y-0.0496 Z-0.0201
X-0.079 Y-0.0489 Z-0.0199
X-0.0784 Y-0.0478
X-0.0779 Y-0.0469 Z-0.02
X-0.0759 Y-0.0444 Z-0.0199
X-0.0748 Y-0.0434 Z-0.0196
X-0.073 Y-0.0421
X-0.0698 Y-0.0403 Z-0.0194
X-0.0688 Y-0.0399 Z-0.0192
X-0.0662 Y-0.0393 Z-0.0193
X-0.0627 Y-0.0389 Z-0.0191
X-0.0623 Y-0.0388
X-0.058 Y-0.0393 Z-0.0193
X-0.0559 Y-0.0397 Z-0.0192
X-0.0547 Y-0.0401 Z-0.0193
X-0.0524 Y-0.0413 Z-0.0194
X-0.0519 Y-0.0416 Z-0.0195
X-0.0497 Y-0.0431 Z-0.0196
X-0.0481 Y-0.0445 Z-0.0198
X-0.0466 Y-0.0464 Z-0.0199
X-0.0453 Y-0.0485 Z-0.02
X-0.045 Y-0.0492
X-0.0446 Y-0.0498 Z-0.0201
X-0.0439 Y-0.0528 Z-0.0202
X-0.0435 Y-0.0561
X-0.0436 Y-0.057 Z-0.0201
X-0.044 Y-0.0598 Z-0.0202
X-0.045 Y-0.0625 Z-0.0198
X-0.0453 Y-0.0632
X-0.0456 Y-0.0636
X-0.0479 Y-0.0664 Z-0.0194
X-0.0496 Y-0.0677 Z-0.0189
X-0.0501 Y-0.0681 Z-0.0188
X-0.0528 Y-0.0698 Z-0.0186
X-0.0533 Y-0.0703 Z-0.0187
X-0.0538 Y-0.0707 Z-0.0189
X-0.0547 Y-0.0717 Z-0.0194
X-0.0555 Y-0.0728 Z-0.0201
G0 Z0.05
X-0.1566 Y-0.1411
Z0.005
G1 Z-0.015 F20.
X-0.1512 Y-0.1378 Z-0.0183 F10.
X-0.1494 Y-0.1411 Z-0.015
X-0.1512 Y-0.1378 Z-0.0183
X-0.1465 Y-0.13 Z-0.0187
X-0.145 Y-0.1273 Z-0.019
X-0.1431 Y-0.1234
X-0.1402 Y-0.1165 Z-0.0194
X-0.1396 Y-0.1148 Z-0.0195
X-0.1376 Y-0.108 Z-0.0199
X-0.1362 Y-0.1012 Z-0.0202
X-0.1353 Y-0.0943 Z-0.0203
X-0.1348 Y-0.0871 Z-0.0202
X-0.1351 Y-0.0812
X-0.1357 Y-0.0752 Z-0.0201
X-0.1368 Y-0.0693 Z-0.0199
X-0.1378 Y-0.0652 Z-0.0197
X-0.1383 Y-0.0634
X-0.1409 Y-0.0561 Z-0.0192
X-0.1442 Y-0.0486 Z-0.0189
X-0.149 Y-0.0402 Z-0.0184
X-0.1511 Y-0.0368 Z-0.0182
X-0.1494 Y-0.0336 Z-0.015
X-0.1511 Y-0.0368 Z-0.0182
X-0.1566 Y-0.0336 Z-0.015
G0 Z0.05
X-0.1798 Y-0.048
Z0.005
G1 Z-0.0197 F20.
X-0.1806 Y-0.0467 Z-0.0196 F10.
X-0.1828 Y-0.0441 Z-0.0197
X-0.1863 Y-0.0414 Z-0.0195
X-0.187 Y-0.041 Z-0.0194
X-0.1908 Y-0.0396 Z-0.0193
X-0.1917 Y-0.0394
X-0.1955 Y-0.0389 Z-0.0192
X-0.1992 Y-0.0392
X-0.1998 Y-0.0393
X-0.2023 Y-0.0399 Z-0.0194
X-0.2036 Y-0.0404 Z-0.0193
X-0.2048 Y-0.041
X-0.2075 Y-0.0428 Z-0.0195
X-0.2101 Y-0.0455 Z-0.0196
X-0.211 Y-0.0466
X-0.212 Y-0.0483 Z-0.0199
X-0.2134 Y-0.0515 Z-0.02
X-0.2145 Y-0.0542
X-0.2162 Y-0.0611 Z-0.0199
X-0.2169 Y-0.0654 Z-0.0201
X-0.2171 Y-0.0689 Z-0.02
X-0.2174 Y-0.0765 Z-0.0202
X-0.2172 Y-0.0835 Z-0.0201
X-0.2166 Y-0.0908 Z-0.02
X-0.2162 Y-0.0929 Z-0.0201
X-0.2152 Y-0.0965 Z-0.02
X-0.2145 Y-0.0988 Z-0.0198
X-0.2117 Y-0.1051 Z-0.0196
X-0.2115 Y-0.1055 Z-0.0195
X-0.2106 Y-0.107 Z-0.0197
X-0.2082 Y-0.1095 Z-0.0195
X-0.2052 Y-0.1117 Z-0.0194
X-0.2043 Y-0.1123
X-0.2008 Y-0.1135 Z-0.0193
X-0.1965 Y-0.1142 Z-0.0191
X-0.1957 Y-0.1143
X-0.1924 Y-0.1139 Z-0.0193
X-0.1916 Y-0.1137
X-0.1893 Y-0.1131 Z-0.0194
X-0.1876 Y-0.1124
X-0.1864 Y-0.1118
X-0.1838 Y-0.11 Z-0.0196
X-0.1815 Y-0.1075 Z-0.0197
X-0.1805 Y-0.1063 Z-0.0196
X-0.1797 Y-0.1051 Z-0.0197
X-0.1781 Y-0.1017 Z-0.02
X-0.177 Y-0.0988
X-0.1753 Y-0.0915 Z-0.0199
X-0.1747 Y-0.0877 Z-0.0201
X-0.1744 Y-0.0839 Z-0.02
X-0.1742 Y-0.0766 Z-0.0202
X-0.1744 Y-0.0696 Z-0.0201
X-0.1745 Y-0.0673
X-0.1751 Y-0.0623 Z-0.0199
X-0.1759 Y-0.0584 Z-0.0201
X-0.1769 Y-0.0549 Z-0.0199
X-0.1776 Y-0.0528 Z-0.02
X-0.1798 Y-0.048 Z-0.0197
G0 Z0.05
X-0.244 Y-0.0558
Z0.005
G1 Z-0.015 F20.
X-0.2404 Y-0.0505 Z-0.02 F10.
X-0.2384 Y-0.0518 Z-0.0186
X-0.234 Y-0.0551 Z-0.015
X-0.2384 Y-0.0518 Z-0.0186
X-0.2404 Y-0.0505 Z-0.02
X-0.2409 Y-0.0491
X-0.2426 Y-0.0463
X-0.2437 Y-0.0448 Z-0.0198
X-0.2446 Y-0.0437
X-0.2477 Y-0.0415 Z-0.0196
X-0.2503 Y-0.0401 Z-0.0194
X-0.2512 Y-0.0398 Z-0.0193
X-0.2546 Y-0.0391 Z-0.0192
X-0.2574 Y-0.0388 Z-0.0191
X-0.2585 Y-0.0389
X-0.2629 Y-0.0395
X-0.2642 Y-0.0399
X-0.2669 Y-0.041 Z-0.0194
X-0.2687 Y-0.042 Z-0.0193
X-0.2707 Y-0.0436 Z-0.0195
X-0.2742 Y-0.047 Z-0.0197
X-0.2748 Y-0.048 Z-0.0196
X-0.2778 Y-0.0537 Z-0.0195
X-0.2793 Y-0.0579 Z-0.0198
X-0.2803 Y-0.0616 Z-0.0199
X-0.2808 Y-0.064 Z-0.0198
X-0.2814 Y-0.0699 Z-0.02
X-0.2816 Y-0.0744 Z-0.0199
Y-0.0752
X-0.2815 Y-0.0766 Z-0.0201
X-0.2809 Y-0.0786 Z-0.0208
X-0.28 Y-0.0805 Z-0.0217
X-0.2802 Y-0.0821 Z-0.0214
X-0.2806 Y-0.0864 Z-0.0208
X-0.2804 Y-0.091 Z-0.0204
X-0.2801 Y-0.0935 Z-0.0203
X-0.2793 Y-0.0971 Z-0.02
X-0.2782 Y-0.1 Z-0.0199
X-0.2769 Y-0.1029 Z-0.0197
X-0.2749 Y-0.1062 Z-0.0198
X-0.2738 Y-0.1074 Z-0.0195
X-0.2716 Y-0.1095 Z-0.0196
X-0.2696 Y-0.111 Z-0.0194
X-0.269 Y-0.1113 Z-0.0193
X-0.2677 Y-0.1121 Z-0.0194
X-0.2639 Y-0.1135 Z-0.0191
X-0.2633 Y-0.1136 Z-0.0192
X-0.2582 Y-0.1143 Z-0.0191
X-0.2578 Y-0.1142
X-0.254 Y-0.1137 Z-0.0192
X-0.2525 Y-0.1134 Z-0.0193
X-0.2507 Y-0.1127 Z-0.0192
X-0.2474 Y-0.111 Z-0.0195
X-0.2468 Y-0.1105
X-0.2444 Y-0.1084 Z-0.0196
X-0.2433 Y-0.1073 Z-0.0197
X-0.2414 Y-0.1044 Z-0.0198
X-0.2403 Y-0.1025 Z-0.0199
X-0.2395 Y-0.1004 Z-0.0198
X-0.2383 Y-0.0966 Z-0.02
X-0.2378 Y-0.0914 Z-0.0201
X-0.2377 Y-0.0906
X-0.238 Y-0.0869
X-0.2388 Y-0.0828
X-0.2391 Y-0.0819 Z-0.0202
X-0.2407 Y-0.0785 Z-0.0201
X-0.2433 Y-0.0747 Z-0.02
X-0.2463 Y-0.0721 Z-0.0199
X-0.2494 Y-0.0702 Z-0.0198
X-0.2507 Y-0.0697 Z-0.0197
X-0.2513 Y-0.0694
X-0.2529 Y-0.069
X-0.255 Y-0.0686 Z-0.0195
X-0.2568 Y-0.0684
X-0.2593 Z-0.0193
X-0.2614 Y-0.0687
X-0.2631 Y-0.0691 Z-0.0191
X-0.2661 Y-0.0702 Z-0.0189
X-0.267 Y-0.0707 Z-0.0188
X-0.2702 Y-0.0728 Z-0.0187
X-0.2725 Y-0.075 Z-0.0184
X-0.2741 Y-0.0769
X-0.2747 Y-0.0776 Z-0.0185
X-0.2755 Y-0.0783 Z-0.0188
X-0.2771 Y-0.0794 Z-0.0197
X-0.2784 Y-0.08 Z-0.0205
X-0.28 Y-0.0805 Z-0.0217
G0 Z0.05
X-0.3294 Y-0.0728
Z0.005
G1 Z-0.0201 F20.
X-0.33 Y-0.0734 Z-0.0195 F10.
X-0.3307 Y-0.0741 Z-0.0191
X-0.3315 Y-0.0748 Z-0.0187
X-0.3321 Y-0.0753 Z-0.0186
X-0.3327 Y-0.0757
X-0.3342 Y-0.0764 Z-0.0187
X-0.3362 Y-0.0774 Z-0.019
X-0.3376 Y-0.0783 Z-0.0192
X-0.3385 Y-0.0789 Z-0.0194
X-0.3404 Y-0.0809 Z-0.0197
X-0.342 Y-0.0829 Z-0.02
X-0.3433 Y-0.0852
X-0.3442 Y-0.0878 Z-0.0202
X-0.3444 Y-0.0891
X-0.3449 Y-0.0928
X-0.3444 Y-0.0974
X-0.3443 Y-0.0982 Z-0.0201
X-0.3434 Y-0.1011 Z-0.0202
X-0.342 Y-0.1041 Z-0.0199
X-0.3417 Y-0.1045
X-0.3393 Y-0.1077 Z-0.0198
X-0.3384 Y-0.1085 Z-0.0196
X-0.3359 Y-0.1105
X-0.3343 Y-0.1115 Z-0.0194
X-0.3336 Y-0.1119
X-0.332 Y-0.1126 Z-0.0195
X-0.3289 Y-0.1135 Z-0.0192
X-0.3283 Y-0.1137
X-0.3234 Y-0.1142 Z-0.0191
X-0.3192 Y-0.1139
X-0.3155 Y-0.1131 Z-0.0192
X-0.3144 Y-0.1128 Z-0.0193
X-0.3116 Y-0.1114 Z-0.0194
X-0.311 Y-0.111
X-0.3083 Y-0.1091 Z-0.0195
X-0.3074 Y-0.1083 Z-0.0196
X-0.3068 Y-0.1078 Z-0.0198
X-0.3052 Y-0.1058
X-0.3048 Y-0.1052
X-0.3031 Y-0.1025 Z-0.0199
X-0.3029 Y-0.1019
X-0.3026 Y-0.1012 Z-0.02
X-0.3016 Y-0.0975 Z-0.0201
X-0.3012 Y-0.0931
X-0.3016 Y-0.0898
X-0.3019 Y-0.0882
X-0.3027 Y-0.0857 Z-0.02
X-0.3032 Y-0.0847 Z-0.0199
X-0.304 Y-0.0834
X-0.3056 Y-0.0812 Z-0.0196
X-0.3078 Y-0.079 Z-0.0193
X-0.3087 Y-0.0784 Z-0.0192
X-0.3099 Y-0.0776 Z-0.019
X-0.3121 Y-0.0763 Z-0.0187
X-0.3132 Y-0.0758
X-0.3141 Y-0.0752
X-0.3148 Y-0.0746 Z-0.0189
X-0.3157 Y-0.0738 Z-0.0194
X-0.3166 Y-0.0728 Z-0.0201
X-0.3153 Y-0.0712 Z-0.0191
X-0.3144 Y-0.0703 Z-0.0187
X-0.3134 Y-0.0695 Z-0.0186
X-0.3107 Y-0.0677 Z-0.0189
X-0.3102 Y-0.0673 Z-0.019
X-0.309 Y-0.0664 Z-0.0194
X-0.3064 Y-0.0632 Z-0.0198
X-0.3061 Y-0.0625
X-0.3052 Y-0.0598 Z-0.0202
X-0.3046 Y-0.0561
X-0.3047 Y-0.0551 Z-0.0201
X-0.305 Y-0.0529 Z-0.0202
X-0.3057 Y-0.0498 Z-0.0201
X-0.3061 Y-0.0492 Z-0.02
X-0.3072 Y-0.0471 Z-0.0199
X-0.3077 Y-0.0464
X-0.3092 Y-0.0445 Z-0.0198
X-0.31 Y-0.0438 Z-0.0197
X-0.3122 Y-0.0421 Z-0.0196
X-0.313 Y-0.0416 Z-0.0195
X-0.3154 Y-0.0403 Z-0.0194
X-0.3164 Y-0.0399 Z-0.0192
X-0.3191 Y-0.0393 Z-0.0193
X-0.3228 Y-0.0388 Z-0.0191
X-0.3273 Y-0.0393 Z-0.0193
X-0.329 Y-0.0396
X-0.3299 Y-0.0399 Z-0.0192
X-0.3306 Y-0.0401 Z-0.0194
X-0.3341 Y-0.0421 Z-0.0196
X-0.3351 Y-0.0428
X-0.3359 Y-0.0434
X-0.337 Y-0.0444 Z-0.0199
X-0.339 Y-0.0469 Z-0.02
X-0.3397 Y-0.0481 Z-0.0199
X-0.3401 Y-0.0489
X-0.3405 Y-0.0496 Z-0.0201
X-0.3412 Y-0.0526 Z-0.0202
X-0.3415 Y-0.0545 Z-0.0201
X-0.3416 Y-0.0558
X-0.341 Y-0.0597 Z-0.0202
X-0.3404 Y-0.0615 Z-0.0199
X-0.3402 Y-0.0621 Z-0.0198
X-0.3398 Y-0.0631
X-0.3383 Y-0.065 Z-0.0195
X-0.3371 Y-0.0664 Z-0.0193
X-0.335 Y-0.068 Z-0.0188
X-0.3322 Y-0.0698 Z-0.0186
X-0.3317 Y-0.0702
X-0.3312 Y-0.0706 Z-0.0188
X-0.3303 Y-0.0716 Z-0.0193
X-0.3294 Y-0.0728 Z-0.0201
X-0.3277 Y-0.0727 Z-0.0197
X-0.3237 Y-0.0728 Z-0.0192
X-0.3231 Z-0.0191
X-0.3195 Y-0.0727 Z-0.0196
X-0.3166 Y-0.0728 Z-0.0201
G0 Z0.05
X-0.366 Y-0.0336
Z0.005
G1 Z-0.015 F20.
X-0.3644 Y-0.0368 Z-0.0182 F10.
X-0.3589 Y-0.0336 Z-0.015
X-0.3644 Y-0.0368 Z-0.0182
X-0.3677 Y-0.0422 Z-0.0185
X-0.3715 Y-0.049 Z-0.0189
X-0.375 Y-0.057 Z-0.0193
X-0.3772 Y-0.0634 Z-0.0197
X-0.3778 Y-0.0655
X-0.3787 Y-0.0693 Z-0.0199
X-0.38 Y-0.0765 Z-0.0201
X-0.3804 Y-0.0812 Z-0.0202
X-0.3807 Y-0.0879
X-0.3802 Y-0.0943 Z-0.0203
X-0.3792 Y-0.1022 Z-0.0201
X-0.3791 Y-0.1025
X-0.3774 Y-0.1098 Z-0.0198
X-0.3759 Y-0.1148 Z-0.0196
X-0.3751 Y-0.1169 Z-0.0194
X-0.3722 Y-0.1237 Z-0.019
X-0.3705 Y-0.1273
X-0.3689 Y-0.1302 Z-0.0187
X-0.3643 Y-0.1378 Z-0.0183
X-0.366 Y-0.1411 Z-0.015
X-0.3643 Y-0.1378 Z-0.0183
X-0.3589 Y-0.1411 Z-0.015
G0 Z0.05
X-0.2707 Y0.
Z0.005
G1 Z-0.015 F20.
X-0.258 Y0.0127 Z-0.0277 F10.
G0 Z0.05
X-0.2707 Y0.2
Z0.005
G1 Z-0.015 F20.
X-0.253 Y0.1823 Z-0.0327 F10.
X-0.2436 Y0.2 Z-0.015
X-0.253 Y0.1823 Z-0.0327
X-0.2511 Y0.1759 Z-0.0346
X-0.2529 Y0.1733 Z-0.0328
X-0.2545 Y0.1706 Z-0.0312
X-0.2558 Y0.1679 Z-0.03
X-0.2563 Y0.1665 Z-0.0294
X-0.2568 Y0.1652 Z-0.029
X-0.2571 Y0.1639 Z-0.0285
X-0.2575 Y0.1625 Z-0.0283
X-0.2577 Y0.1612 Z-0.028
X-0.2579 Y0.1598 Z-0.0278
X-0.258 Y0.1585 Z-0.0277
Y0.0127
X-0.2454 Y0. Z-0.015
X-0.258 Y0.0127 Z-0.0277
Y0.1585
X-0.2579 Y0.1598 Z-0.0278
X-0.2577 Y0.1612 Z-0.028
X-0.2575 Y0.1625 Z-0.0283
X-0.2571 Y0.1639 Z-0.0285
X-0.2568 Y0.1652 Z-0.029
X-0.2563 Y0.1665 Z-0.0294
X-0.2558 Y0.1679 Z-0.03
X-0.2545 Y0.1706 Z-0.0312
X-0.2529 Y0.1733 Z-0.0328
X-0.2511 Y0.1759 Z-0.0346
X-0.2481 Y0.1747 Z-0.0328
X-0.2453 Y0.1734 Z-0.0312
X-0.2427 Y0.1719 Z-0.0299
X-0.2416 Y0.171 Z-0.0294
X-0.2404 Y0.1702 Z-0.0289
X-0.2394 Y0.1693 Z-0.0285
X-0.2383 Y0.1683 Z-0.0282
X-0.2374 Y0.1673 Z-0.0279
X-0.2365 Y0.1663 Z-0.0278
X-0.2357 Y0.1653 Z-0.0276
X-0.2348 Y0.1642
X-0.1483 Y0.0348 Z-0.0277
X-0.1475 Y0.0338 Z-0.0278
X-0.1465 Y0.0328 Z-0.028
X-0.1456 Y0.0318 Z-0.0282
X-0.1446 Y0.0309 Z-0.0285
X-0.1435 Y0.0299 Z-0.029
X-0.1424 Y0.0291 Z-0.0294
X-0.1412 Y0.0283 Z-0.03
X-0.1387 Y0.0267 Z-0.0312
X-0.1359 Y0.0254 Z-0.0328
X-0.1328 Y0.0242 Z-0.0347
X-0.1309 Y0.0177 Z-0.0327
X-0.1403 Y0. Z-0.015
X-0.1309 Y0.0177 Z-0.0327
X-0.1132 Y0. Z-0.015
X-0.1309 Y0.0177 Z-0.0327
X-0.1328 Y0.0242 Z-0.0347
X-0.131 Y0.0269 Z-0.0328
X-0.1294 Y0.0295 Z-0.0312
X-0.1281 Y0.0322 Z-0.03
X-0.1276 Y0.0336 Z-0.0294
X-0.1271 Y0.0349 Z-0.029
X-0.1268 Y0.0363 Z-0.0285
X-0.1264 Y0.0376 Z-0.0283
X-0.1262 Y0.0389 Z-0.028
X-0.126 Y0.0403 Z-0.0278
X-0.1259 Y0.0416 Z-0.0277
Y0.1873
X-0.1132 Y0.2 Z-0.015
X-0.1259 Y0.1873 Z-0.0277
X-0.1385 Y0.2 Z-0.015
G0 Z0.05
X-0.0759 Y0.1036
Z0.005
G1 Z-0.015 F20.
X-0.0686 Y0.1085 Z-0.0209 F10.
X-0.0622 Y0.1124 Z-0.0256
X-0.0601 Y0.1135 Z-0.027
X-0.0579 Y0.1097 Z-0.0235
X-0.0519 Y0.1003 Z-0.015
X-0.0579 Y0.1097 Z-0.0235
X-0.0601 Y0.1135 Z-0.027
X-0.058 Y0.1176 Z-0.0268
X-0.0573 Y0.1188
X-0.0559 Y0.1209
X-0.0524 Y0.1249 Z-0.0264
X-0.0492 Y0.1279 Z-0.0261
X-0.0463 Y0.13 Z-0.0256
X-0.0444 Y0.1311 Z-0.0255
X-0.04 Y0.1332 Z-0.0254
X-0.0369 Y0.1343 Z-0.0252
X-0.033 Y0.1355 Z-0.0251
X-0.0295 Y0.1364 Z-0.0249
X-0.0257 Y0.1371 Z-0.025
X-0.0212 Y0.1376
X-0.0183 Y0.1378 Z-0.0251
X-0.0136 Y0.1379
X-0.0105 Z-0.0252
X-0.0048 Y0.1377 Z-0.0253
X-0.0035 Y0.1375 Z-0.0254
X0.0032 Y0.1366 Z-0.0257
X0.0042 Y0.1364 Z-0.0258
X0.0096 Y0.1349 Z-0.0263
X0.0135 Y0.1334 Z-0.0267
X0.0156 Y0.1324 Z-0.027
X0.0202 Y0.13 Z-0.0273
X0.0221 Y0.1289 Z-0.0275
X0.0232 Y0.1279 Z-0.0276
X0.0246 Y0.1265 Z-0.0278
X0.0266 Y0.1242 Z-0.0281
X0.0286 Y0.1211
X0.0294 Y0.1197
X0.0317 Y0.1135 Z-0.0277
X0.032 Y0.112 Z-0.0276
X0.0329 Y0.1047 Z-0.0274
X0.033 Y0.1041
X0.0331 Y0.0981 Z-0.0273
X0.033 Y0.0905 Z-0.0274
X0.0329 Y0.0893 Z-0.0276
X0.0326 Y0.087 Z-0.0279
X0.032 Y0.0847 Z-0.0285
X0.0312 Y0.0823 Z-0.0293
X0.0285 Z-0.0274
X0.0264 Z-0.0262
X0.0247 Z-0.0254
X0.0232 Z-0.025
X0.0215 Z-0.0246
X0.0199 Y0.082 Z-0.0244
X0.0178 Y0.0816 Z-0.0243
X0.0119 Y0.0798 Z-0.0244
X0.0081 Y0.0788 Z-0.0246
X-0.0012 Y0.0766 Z-0.0249
X-0.0332 Y0.0716 Z-0.0254
X-0.0421 Y0.0694 Z-0.0258
X-0.0455 Y0.0682 Z-0.0257
X-0.0464 Y0.0678 Z-0.0258
X-0.0495 Y0.0663 Z-0.0261
X-0.0535 Y0.0639 Z-0.0263
X-0.0561 Y0.062 Z-0.0268
X-0.0596 Y0.0585 Z-0.0271
X-0.0607 Y0.0573 Z-0.0272
X-0.0625 Y0.0544 Z-0.0275
X-0.0641 Y0.0515 Z-0.0277
X-0.0648 Y0.0501
X-0.0655 Y0.0483 Z-0.0278
X-0.0663 Y0.0451 Z-0.0281
X-0.0669 Y0.0407
X-0.067 Y0.0385
X-0.0669 Y0.0373
X-0.0662 Y0.0315
X-0.0656 Y0.0292 Z-0.0282
X-0.0646 Y0.0262 Z-0.028
X-0.064 Y0.0249 Z-0.0279
X-0.0629 Y0.023 Z-0.0278
X-0.0626 Y0.0226
X-0.0592 Y0.018 Z-0.0274
X-0.059 Y0.0178 Z-0.0275
X-0.0543 Y0.0138 Z-0.0266
X-0.0526 Y0.0127 Z-0.0265
X-0.05 Y0.0112 Z-0.0264
X-0.0469 Y0.0097 Z-0.0261
X-0.0434 Y0.0086 Z-0.0258
X-0.0396 Y0.0075 Z-0.0253
X-0.038 Y0.0073 Z-0.0251
X-0.0306 Y0.0065 Z-0.0248
X-0.0242 Z-0.0244
X-0.0176 Y0.0072 Z-0.0242
X-0.0167 Y0.0073
X-0.0126 Y0.0081 Z-0.024
X-0.009 Y0.009 Z-0.0238
X-0.0068 Y0.0097
X-0.0021 Y0.0116 Z-0.0235
X-0.0004 Y0.0124
X0.0052 Y0.0152 Z-0.0233
X0.0058 Y0.0156
X0.0116 Y0.0197 Z-0.0234
X0.0161 Y0.0235 Z-0.0235
X0.0186 Y0.0258 Z-0.024
X0.02 Y0.0269 Z-0.0244
X0.0215 Y0.0278 Z-0.025
X0.0226 Y0.0285 Z-0.0256
X0.0247 Y0.0296 Z-0.0269
X0.0271 Y0.0305 Z-0.0283
X0.0304 Y0.0315 Z-0.0307
X0.0307 Y0.0331 Z-0.0302
X0.0309 Y0.0346 Z-0.0299
X0.0318 Y0.0409 Z-0.0288
X0.032 Y0.0422 Z-0.0287
X0.0327 Y0.0501 Z-0.0278
X0.033 Y0.0572 Z-0.0275
X0.0331 Y0.0637 Z-0.0274
X0.033 Y0.0739
Y0.0751 Z-0.0275
X0.0328 Y0.0763 Z-0.0276
X0.0326 Y0.0775 Z-0.0279
X0.0323 Y0.0787 Z-0.0281
X0.032 Y0.0799 Z-0.0285
X0.0312 Y0.0823 Z-0.0293
X0.032 Y0.0799 Z-0.0285
X0.0323 Y0.0787 Z-0.0281
X0.0326 Y0.0775 Z-0.0279
X0.0328 Y0.0763 Z-0.0276
X0.033 Y0.0751 Z-0.0275
Y0.0739 Z-0.0274
X0.0331 Y0.0637
X0.033 Y0.0572 Z-0.0275
X0.0327 Y0.0501 Z-0.0278
X0.032 Y0.0422 Z-0.0287
X0.0318 Y0.0409 Z-0.0288
X0.0309 Y0.0346 Z-0.0299
X0.0307 Y0.0331 Z-0.0302
X0.0304 Y0.0315 Z-0.0307
X0.0317 Y0.0293 Z-0.0295
X0.0328 Y0.027 Z-0.0286
X0.0336 Y0.0247 Z-0.0279
X0.0343 Y0.0224 Z-0.0274
X0.0345 Y0.0212 Z-0.0272
X0.0347 Y0.02 Z-0.0271
X0.0353 Y0.0152 Z-0.0269
X0.036 Y0.012 Z-0.027
X0.0276 Y0. Z-0.015
X0.036 Y0.012 Z-0.027
X0.043 Y0.0067 Z-0.0217
X0.0532 Y0. Z-0.015
G0 Z0.05
X0.083
Z0.005
G1 Z-0.015 F20.
X0.0953 Y0.0123 Z-0.0273 F10.
Y0.1877
X0.083 Y0.2 Z-0.015
X0.0953 Y0.1877 Z-0.0273
X0.1075 Y0.2 Z-0.015
G0 Z0.05
X0.0953 Y0.0123
Z0.005
G1 Z-0.0273 F20.
X0.1075 Y0. Z-0.015 F10.
G0 Z0.05
X0.1416 Y0.1036
Z0.005
G1 Z-0.015 F20.
X0.1489 Y0.1085 Z-0.0209 F10.
X0.1553 Y0.1124 Z-0.0256
X0.1574 Y0.1135 Z-0.027
X0.1603 Y0.1085 Z-0.0224
X0.1655 Y0.1003 Z-0.015
X0.1603 Y0.1085 Z-0.0224
X0.1574 Y0.1135 Z-0.027
X0.1594 Y0.1176 Z-0.0268
X0.1602 Y0.1188
X0.1616 Y0.1209
X0.1651 Y0.1249 Z-0.0264
X0.1683 Y0.1279 Z-0.0261
X0.1711 Y0.13 Z-0.0256
X0.1731 Y0.1311 Z-0.0255
X0.1775 Y0.1332 Z-0.0254
X0.1805 Y0.1343 Z-0.0252
X0.1845 Y0.1355 Z-0.0251
X0.1879 Y0.1364 Z-0.0249
X0.1918 Y0.1371 Z-0.025
X0.1963 Y0.1376
X0.1992 Y0.1378 Z-0.0251
X0.2039 Y0.1379
X0.2069 Z-0.0252
X0.2126 Y0.1377 Z-0.0253
X0.214 Y0.1375 Z-0.0254
X0.2207 Y0.1366 Z-0.0257
X0.2217 Y0.1364 Z-0.0258
X0.2271 Y0.1349 Z-0.0263
X0.2309 Y0.1334 Z-0.0267
X0.2331 Y0.1324 Z-0.027
X0.2377 Y0.13 Z-0.0273
X0.2396 Y0.1289 Z-0.0275
X0.2407 Y0.1279 Z-0.0276
X0.242 Y0.1265 Z-0.0278
X0.2441 Y0.1242 Z-0.0281
X0.2461 Y0.1211
X0.2468 Y0.1197
X0.2492 Y0.1135 Z-0.0277
X0.2494 Y0.112 Z-0.0276
X0.2504 Y0.1047 Z-0.0274
Y0.1041
X0.2506 Y0.0981 Z-0.0273
X0.2505 Y0.0905 Z-0.0274
X0.2504 Y0.0893 Z-0.0276
X0.2501 Y0.087 Z-0.0279
X0.2495 Y0.0847 Z-0.0285
X0.2487 Y0.0823 Z-0.0293
X0.2459 Z-0.0274
X0.2439 Z-0.0262
X0.2422 Z-0.0254
X0.2407 Z-0.025
X0.239 Z-0.0246
X0.2373 Y0.082 Z-0.0244
X0.2353 Y0.0816 Z-0.0243
X0.2294 Y0.0798 Z-0.0244
X0.2256 Y0.0788 Z-0.0246
X0.2162 Y0.0766 Z-0.0249
X0.1843 Y0.0716 Z-0.0254
X0.1754 Y0.0694 Z-0.0258
X0.172 Y0.0682 Z-0.0257
X0.171 Y0.0678 Z-0.0258
X0.1679 Y0.0663 Z-0.0261
X0.1639 Y0.0639 Z-0.0263
X0.1614 Y0.062 Z-0.0268
X0.1579 Y0.0585 Z-0.0271
X0.1567 Y0.0573 Z-0.0272
X0.1549 Y0.0544 Z-0.0275
X0.1533 Y0.0515 Z-0.0277
X0.1527 Y0.0501
X0.152 Y0.0483 Z-0.0278
X0.1512 Y0.0451 Z-0.0281
X0.1506 Y0.0407
X0.1504 Y0.0385
X0.1506 Y0.0373
X0.1513 Y0.0315
X0.1518 Y0.0292 Z-0.0282
X0.1528 Y0.0262 Z-0.028
X0.1534 Y0.0249 Z-0.0279
X0.1545 Y0.023 Z-0.0278
X0.1548 Y0.0226
X0.1583 Y0.018 Z-0.0274
X0.1584 Y0.0178 Z-0.0275
X0.1631 Y0.0138 Z-0.0266
X0.1649 Y0.0127 Z-0.0265
X0.1674 Y0.0112 Z-0.0264
X0.1706 Y0.0097 Z-0.0261
X0.174 Y0.0086 Z-0.0258
X0.1779 Y0.0075 Z-0.0253
X0.1794 Y0.0073 Z-0.0251
X0.1869 Y0.0065 Z-0.0248
X0.1933 Z-0.0244
X0.1999 Y0.0072 Z-0.0242
X0.2007 Y0.0073
X0.2049 Y0.0081 Z-0.024
X0.2085 Y0.009 Z-0.0238
X0.2107 Y0.0097
X0.2154 Y0.0116 Z-0.0235
X0.217 Y0.0124
X0.2226 Y0.0152 Z-0.0233
X0.2233 Y0.0156
X0.229 Y0.0197 Z-0.0234
X0.2335 Y0.0235 Z-0.0235
X0.236 Y0.0258 Z-0.024
X0.2374 Y0.0269 Z-0.0244
X0.2389 Y0.0278 Z-0.025
X0.2401 Y0.0285 Z-0.0256
X0.2422 Y0.0296 Z-0.0269
X0.2445 Y0.0305 Z-0.0283
X0.2479 Y0.0315 Z-0.0307
X0.2481 Y0.0331 Z-0.0302
X0.2484 Y0.0346 Z-0.0299
X0.2493 Y0.0409 Z-0.0288
X0.2494 Y0.0422 Z-0.0287
X0.2502 Y0.0501 Z-0.0278
X0.2505 Y0.0572 Z-0.0275
Y0.0637 Z-0.0274
Y0.0739
X0.2504 Y0.0751 Z-0.0275
X0.2503 Y0.0763 Z-0.0276
X0.2501 Y0.0775 Z-0.0279
X0.2498 Y0.0787 Z-0.0281
X0.2495 Y0.0799 Z-0.0285
X0.2487 Y0.0823 Z-0.0293
X0.2495 Y0.0799 Z-0.0285
X0.2498 Y0.0787 Z-0.0281
X0.2501 Y0.0775 Z-0.0279
X0.2503 Y0.0763 Z-0.0276
X0.2504 Y0.0751 Z-0.0275
X0.2505 Y0.0739 Z-0.0274
Y0.0637
Y0.0572 Z-0.0275
X0.2502 Y0.0501 Z-0.0278
X0.2494 Y0.0422 Z-0.0287
X0.2493 Y0.0409 Z-0.0288
X0.2484 Y0.0346 Z-0.0299
X0.2481 Y0.0331 Z-0.0302
X0.2479 Y0.0315 Z-0.0307
X0.2492 Y0.0293 Z-0.0295
X0.2502 Y0.027 Z-0.0286
X0.2511 Y0.0247 Z-0.0279
X0.2514 Y0.0235 Z-0.0276
X0.2517 Y0.0224 Z-0.0274
X0.2519 Y0.0212 Z-0.0272
X0.2525 Y0.0166 Z-0.0269
X0.2528 Y0.0152
X0.2534 Y0.012 Z-0.027
X0.2451 Y0. Z-0.015
X0.2534 Y0.012 Z-0.027
X0.2605 Y0.0067 Z-0.0217
X0.2707 Y0. Z-0.015
G0 Z0.45
(ENGRAVE1 3)
G0 X-0.366 Y-0.1616
Z0.45
Z0.005
G1 Z-0.015 F80.
X-0.3644 Y-0.1648 Z-0.0182 F10.
X-0.3589 Y-0.1616 Z-0.015
X-0.3644 Y-0.1648 Z-0.0182
X-0.3677 Y-0.1702 Z-0.0185
X-0.3715 Y-0.177 Z-0.0189
X-0.375 Y-0.185 Z-0.0193
X-0.3772 Y-0.1914 Z-0.0197
X-0.3778 Y-0.1935
X-0.3787 Y-0.1973 Z-0.0199
X-0.38 Y-0.2045 Z-0.0201
X-0.3804 Y-0.2092 Z-0.0202
X-0.3807 Y-0.2159
X-0.3802 Y-0.2223 Z-0.0203
X-0.3792 Y-0.2301 Z-0.0201
X-0.3791 Y-0.2305
X-0.3774 Y-0.2378 Z-0.0198
X-0.3759 Y-0.2427 Z-0.0196
X-0.3751 Y-0.2449 Z-0.0194
X-0.3722 Y-0.2517 Z-0.019
X-0.3705 Y-0.2553
X-0.3689 Y-0.2582 Z-0.0187
X-0.3643 Y-0.2658 Z-0.0183
X-0.366 Y-0.2691 Z-0.015
X-0.3643 Y-0.2658 Z-0.0183
X-0.3589 Y-0.2691 Z-0.015
G0 Z0.05
X-0.3361 Y-0.2383
Z0.005
G1 Z-0.0196 F80.
X-0.3359 Y-0.2385 F10.
X-0.3336 Y-0.2398 Z-0.0194
X-0.332 Y-0.2405 Z-0.0195
X-0.3279 Y-0.2417 Z-0.0192
X-0.3278 Y-0.2418
X-0.3225 Y-0.2422 Z-0.0191
X-0.3183 Y-0.2418 Z-0.0192
X-0.3144 Y-0.2408 Z-0.0193
X-0.314 Y-0.2406 Z-0.0194
X-0.311 Y-0.239
X-0.3102 Y-0.2385 Z-0.0195
X-0.3083 Y-0.2371
X-0.3068 Y-0.2357 Z-0.0198
X-0.3052 Y-0.2338
X-0.3048 Y-0.2332
X-0.3031 Y-0.2304 Z-0.0199
X-0.3029 Y-0.2299
X-0.3026 Y-0.2292 Z-0.02
X-0.3016 Y-0.2255 Z-0.0201
X-0.3012 Y-0.2211
X-0.3016 Y-0.2178
X-0.3019 Y-0.2162
X-0.3027 Y-0.2137 Z-0.02
X-0.3032 Y-0.2127 Z-0.0199
X-0.304 Y-0.2114
X-0.3056 Y-0.2092 Z-0.0196
X-0.3078 Y-0.207 Z-0.0193
X-0.3087 Y-0.2063 Z-0.0192
X-0.3099 Y-0.2055 Z-0.019
X-0.3121 Y-0.2043 Z-0.0187
X-0.3132 Y-0.2037
X-0.3141 Y-0.2032
X-0.3148 Y-0.2026 Z-0.0189
X-0.3157 Y-0.2018 Z-0.0194
X-0.3166 Y-0.2008 Z-0.0201
X-0.3188 Y-0.2007 Z-0.0197
X-0.3223 Y-0.2008 Z-0.0192
X-0.3229 Z-0.0191
X-0.327 Y-0.2007 Z-0.0196
X-0.3294 Z-0.0201
X-0.33 Y-0.2014 Z-0.0195
X-0.3307 Y-0.2021 Z-0.0191
X-0.3315 Y-0.2028 Z-0.0187
X-0.3321 Y-0.2032 Z-0.0186
X-0.3327 Y-0.2036
X-0.3342 Y-0.2043 Z-0.0187
X-0.3362 Y-0.2054 Z-0.019
X-0.3376 Y-0.2063 Z-0.0192
X-0.3385 Y-0.2069 Z-0.0194
X-0.3404 Y-0.2088 Z-0.0197
X-0.342 Y-0.2109 Z-0.02
X-0.3433 Y-0.2132
X-0.3442 Y-0.2157 Z-0.0202
X-0.3444 Y-0.2171
X-0.3449 Y-0.2208
X-0.3444 Y-0.2253
X-0.3443 Y-0.2262 Z-0.0201
X-0.3434 Y-0.2291 Z-0.0202
X-0.342 Y-0.2321 Z-0.0199
X-0.3417 Y-0.2325
X-0.3393 Y-0.2357 Z-0.0198
X-0.3384 Y-0.2365 Z-0.0196
X-0.3379 Y-0.2369
X-0.3361 Y-0.2383
G0 Z0.05
X-0.3294 Y-0.2007
Z0.005
G1 Z-0.0201 F80.
X-0.3307 Y-0.1991 Z-0.019 F10.
X-0.3312 Y-0.1986 Z-0.0188
X-0.3317 Y-0.1982 Z-0.0186
X-0.3329 Y-0.1973
X-0.3359 Y-0.1954 Z-0.019
X-0.3371 Y-0.1944 Z-0.0193
X-0.3378 Y-0.1936 Z-0.0194
X-0.3398 Y-0.1911 Z-0.0198
X-0.3402 Y-0.1901
X-0.341 Y-0.1876 Z-0.0202
X-0.3416 Y-0.1838 Z-0.0201
X-0.3415 Y-0.1825
X-0.3412 Y-0.1806 Z-0.0202
X-0.3405 Y-0.1776 Z-0.0201
X-0.3401 Y-0.1769 Z-0.0199
X-0.3395 Y-0.1758
X-0.339 Y-0.1749 Z-0.02
X-0.337 Y-0.1724 Z-0.0199
X-0.3359 Y-0.1714 Z-0.0196
X-0.3351 Y-0.1707
X-0.3341 Y-0.17
X-0.3306 Y-0.1681 Z-0.0194
X-0.3299 Y-0.1679 Z-0.0192
X-0.329 Y-0.1676 Z-0.0193
X-0.3273 Y-0.1673
X-0.3228 Y-0.1668 Z-0.0191
X-0.3191 Y-0.1673 Z-0.0193
X-0.3164 Y-0.1679 Z-0.0192
X-0.3154 Y-0.1682 Z-0.0194
X-0.313 Y-0.1696 Z-0.0195
X-0.3122 Y-0.1701 Z-0.0196
X-0.31 Y-0.1718 Z-0.0197
X-0.3092 Y-0.1725 Z-0.0198
X-0.3077 Y-0.1743 Z-0.0199
X-0.3072 Y-0.1751
X-0.3061 Y-0.1772 Z-0.02
X-0.3057 Y-0.1778 Z-0.0201
X-0.305 Y-0.1808 Z-0.0202
X-0.3047 Y-0.1831 Z-0.0201
X-0.3046 Y-0.184 Z-0.0202
X-0.3052 Y-0.1878
X-0.3061 Y-0.1904 Z-0.0198
X-0.3064 Y-0.1912
X-0.3067 Y-0.1916
X-0.309 Y-0.1943 Z-0.0194
X-0.3102 Y-0.1953 Z-0.019
X-0.3107 Y-0.1957 Z-0.0189
X-0.3134 Y-0.1975 Z-0.0186
X-0.3144 Y-0.1982 Z-0.0187
X-0.3153 Y-0.1992 Z-0.0191
X-0.3166 Y-0.2008 Z-0.0201
G0 Z0.05
X-0.244 Y-0.1838
Z0.005
G1 Z-0.015 F80.
X-0.2404 Y-0.1785 Z-0.02 F10.
X-0.2384 Y-0.1798 Z-0.0186
X-0.234 Y-0.183 Z-0.015
X-0.2384 Y-0.1798 Z-0.0186
X-0.2404 Y-0.1785 Z-0.02
X-0.2409 Y-0.1771
X-0.2426 Y-0.1743
X-0.2442 Y-0.1721 Z-0.0198
X-0.2446 Y-0.1717
X-0.2477 Y-0.1695 Z-0.0196
X-0.2503 Y-0.1681 Z-0.0194
X-0.2512 Y-0.1678 Z-0.0193
X-0.2546 Y-0.1671 Z-0.0192
X-0.2574 Y-0.1668 Z-0.0191
X-0.2585 Y-0.1669
X-0.2629 Y-0.1675
X-0.2642 Y-0.1679
X-0.2669 Y-0.169 Z-0.0194
X-0.2687 Y-0.17 Z-0.0193
X-0.2694 Y-0.1706 Z-0.0194
X-0.2707 Y-0.1716 Z-0.0195
X-0.2742 Y-0.1749 Z-0.0197
X-0.2748 Y-0.176 Z-0.0196
X-0.2778 Y-0.1816 Z-0.0195
X-0.2793 Y-0.1859 Z-0.0198
X-0.2803 Y-0.1896 Z-0.0199
X-0.2808 Y-0.1919 Z-0.0198
X-0.2814 Y-0.1979 Z-0.02
X-0.2816 Y-0.2024 Z-0.0199
Y-0.2032
X-0.2815 Y-0.2046 Z-0.0201
X-0.2809 Y-0.2066 Z-0.0208
X-0.28 Y-0.2085 Z-0.0217
X-0.2784 Y-0.208 Z-0.0205
X-0.2771 Y-0.2073 Z-0.0197
X-0.2755 Y-0.2063 Z-0.0188
X-0.2747 Y-0.2056 Z-0.0185
X-0.2741 Y-0.2049 Z-0.0184
X-0.2725 Y-0.203
X-0.2702 Y-0.2007 Z-0.0187
X-0.267 Y-0.1986 Z-0.0188
X-0.2661 Y-0.1981 Z-0.0189
X-0.2631 Y-0.1971 Z-0.0191
X-0.2614 Y-0.1967 Z-0.0193
X-0.2593 Y-0.1964
X-0.2568 Z-0.0195
X-0.255 Y-0.1966
X-0.2529 Y-0.197 Z-0.0197
X-0.2513 Y-0.1974
X-0.2507 Y-0.1976
X-0.2494 Y-0.1982 Z-0.0198
X-0.2463 Y-0.2001 Z-0.0199
X-0.2433 Y-0.2027 Z-0.02
X-0.2407 Y-0.2065 Z-0.0201
X-0.2391 Y-0.2099 Z-0.0202
X-0.2388 Y-0.2108 Z-0.0201
X-0.238 Y-0.2149
X-0.2377 Y-0.2186
X-0.2378 Y-0.2193
X-0.2383 Y-0.2246 Z-0.02
X-0.2395 Y-0.2284 Z-0.0198
X-0.2403 Y-0.2305 Z-0.0199
X-0.2414 Y-0.2324 Z-0.0198
X-0.2433 Y-0.2353 Z-0.0197
X-0.2435 Y-0.2355
X-0.2444 Y-0.2364 Z-0.0196
X-0.2474 Y-0.239 Z-0.0195
X-0.2507 Y-0.2407 Z-0.0192
X-0.2525 Y-0.2413 Z-0.0193
X-0.2547 Y-0.2418 Z-0.0191
X-0.2582 Y-0.2422
X-0.259
X-0.2639 Y-0.2414
X-0.2645 Y-0.2413 Z-0.0192
X-0.2677 Y-0.2401 Z-0.0194
X-0.269 Y-0.2393 Z-0.0193
X-0.2696 Y-0.2389 Z-0.0194
X-0.2716 Y-0.2374 Z-0.0196
X-0.2738 Y-0.2354 Z-0.0195
X-0.2749 Y-0.2341 Z-0.0198
X-0.2774 Y-0.2299 Z-0.0197
X-0.2782 Y-0.2279 Z-0.0199
X-0.2796 Y-0.2241 Z-0.0201
X-0.2801 Y-0.2215 Z-0.0203
X-0.2805 Y-0.2179 Z-0.0204
X-0.2806 Y-0.2136 Z-0.0209
X-0.2801 Y-0.2093 Z-0.0215
X-0.28 Y-0.2085 Z-0.0217
G0 Z0.05
X-0.2173 Y-0.2075
Z0.005
G1 Z-0.0201 F80.
X-0.2172 Y-0.2115 F10.
X-0.2166 Y-0.2188 Z-0.02
X-0.2162 Y-0.2209 Z-0.0201
X-0.2152 Y-0.2244 Z-0.02
X-0.2145 Y-0.2267 Z-0.0198
X-0.2117 Y-0.2331 Z-0.0196
X-0.2115 Y-0.2335 Z-0.0195
X-0.2106 Y-0.235 Z-0.0197
X-0.2082 Y-0.2375 Z-0.0195
X-0.2052 Y-0.2397 Z-0.0194
X-0.2043 Y-0.2403
X-0.2003 Y-0.2416 Z-0.0192
X-0.1963 Y-0.2422 Z-0.0191
X-0.1955
X-0.1924 Y-0.2418 Z-0.0193
X-0.1908 Y-0.2415
X-0.1893 Y-0.2411 Z-0.0194
X-0.1874 Y-0.2403
X-0.1863 Y-0.2397
X-0.1836 Y-0.2377 Z-0.0196
X-0.183 Y-0.2371
X-0.1815 Y-0.2355 Z-0.0197
X-0.1801 Y-0.2337 Z-0.0196
X-0.1795 Y-0.2328 Z-0.0198
X-0.1781 Y-0.2296 Z-0.02
X-0.1768 Y-0.2262
X-0.1751 Y-0.2188 Z-0.0199
X-0.1747 Y-0.2157 Z-0.0201
X-0.1744 Y-0.2115 Z-0.02
X-0.1742 Y-0.2045 Z-0.0202
X-0.1744 Y-0.1972 Z-0.0201
X-0.1745 Y-0.1953
X-0.1752 Y-0.1895 Z-0.0199
X-0.1759 Y-0.1864 Z-0.0201
X-0.177 Y-0.1823 Z-0.0199
X-0.1776 Y-0.1808 Z-0.02
X-0.1799 Y-0.1756 Z-0.0197
X-0.1807 Y-0.1746 Z-0.0196
X-0.183 Y-0.1719
X-0.1837 Y-0.1714
X-0.1863 Y-0.1693 Z-0.0195
X-0.187 Y-0.169 Z-0.0194
X-0.1908 Y-0.1675 Z-0.0193
X-0.1917 Y-0.1674
X-0.1955 Y-0.1669 Z-0.0192
X-0.1992 Y-0.1672
X-0.1998 Y-0.1673
X-0.2023 Y-0.1679 Z-0.0194
X-0.2036 Y-0.1684 Z-0.0193
X-0.2048 Y-0.169
X-0.2075 Y-0.1708 Z-0.0195
X-0.2101 Y-0.1735 Z-0.0196
X-0.211 Y-0.1746
X-0.212 Y-0.1763 Z-0.0199
X-0.2134 Y-0.1794 Z-0.02
X-0.2145 Y-0.1822
X-0.2162 Y-0.1891 Z-0.0199
X-0.2169 Y-0.1934 Z-0.0201
X-0.2171 Y-0.1969 Z-0.02
X-0.2174 Y-0.2045 Z-0.0202
X-0.2173 Y-0.2075 Z-0.0201
G0 Z0.05
X-0.1566 Y-0.2691
Z0.005
G1 Z-0.015 F80.
X-0.1512 Y-0.2658 Z-0.0183 F10.
X-0.1494 Y-0.2691 Z-0.015
X-0.1512 Y-0.2658 Z-0.0183
X-0.1466 Y-0.2582 Z-0.0187
X-0.145 Y-0.2553 Z-0.019
X-0.1433 Y-0.2517
X-0.1404 Y-0.2449 Z-0.0193
X-0.1396 Y-0.2428 Z-0.0195
X-0.1381 Y-0.2378 Z-0.0197
X-0.1364 Y-0.2305 Z-0.0201
X-0.1363 Y-0.2301
X-0.1353 Y-0.2223 Z-0.0203
X-0.1348 Y-0.2159 Z-0.0202
X-0.1351 Y-0.2092
X-0.1355 Y-0.2046 Z-0.0201
X-0.1368 Y-0.1973 Z-0.0199
X-0.1377 Y-0.1937 Z-0.0197
X-0.1383 Y-0.1914
X-0.1405 Y-0.1852 Z-0.0193
X-0.144 Y-0.177 Z-0.0189
X-0.1478 Y-0.1702 Z-0.0186
X-0.1511 Y-0.1648 Z-0.0182
X-0.1494 Y-0.1616 Z-0.015
X-0.1511 Y-0.1648 Z-0.0182
X-0.1566 Y-0.1616 Z-0.015
G0 Z0.05
X-0.0873 Y-0.2261
Z0.005
G1 Z-0.015 F80.
X-0.0829 Y-0.2293 Z-0.0187 F10.
X-0.0813 Y-0.2304 Z-0.0199
X-0.0777 Y-0.2252 Z-0.015
X-0.0813 Y-0.2304 Z-0.0199
X-0.0807 Y-0.2321 Z-0.0198
X-0.0801 Y-0.2332
X-0.0789 Y-0.2349
X-0.0769 Y-0.2375 Z-0.0197
X-0.0761 Y-0.2383 Z-0.0195
X-0.0742 Y-0.2395
X-0.0713 Y-0.241 Z-0.0194
X-0.0703 Y-0.2413 Z-0.0192
X-0.068 Y-0.2418 Z-0.0193
X-0.0644 Y-0.2422 Z-0.0191
X-0.0607 Y-0.2419 Z-0.0192
X-0.0591 Y-0.2416 Z-0.0191
X-0.0573 Y-0.2411 Z-0.0193
X-0.0543 Y-0.2399
X-0.0512 Y-0.2379 Z-0.0195
X-0.0501 Y-0.237 Z-0.0194
X-0.0493 Y-0.2363
X-0.0466 Y-0.2332 Z-0.0196
X-0.0461 Y-0.2325
X-0.0444 Y-0.2293 Z-0.0198
X-0.0437 Y-0.2277 Z-0.0197
X-0.0429 Y-0.2258 Z-0.0198
X-0.0419 Y-0.2221
X-0.0406 Y-0.2155
X-0.0401 Y-0.2087
Y-0.2063 Z-0.0199
Y-0.2056 Z-0.02
X-0.0404 Y-0.2036 Z-0.0204
X-0.0408 Y-0.2023 Z-0.0209
X-0.0416 Y-0.2008 Z-0.0216
X-0.0413 Y-0.199 Z-0.0211
X-0.0412 Y-0.1983 Z-0.021
X-0.0409 Y-0.1939 Z-0.0205
Y-0.1913 Z-0.0203
X-0.041 Y-0.1895 Z-0.0201
X-0.0417 Y-0.1851 Z-0.0198
X-0.0427 Y-0.181 Z-0.0196
X-0.0429 Y-0.1805
X-0.0446 Y-0.1773 Z-0.0195
X-0.046 Y-0.1752
X-0.0479 Y-0.1729 Z-0.0193
X-0.0482 Y-0.1727
X-0.0509 Y-0.1704 Z-0.0192
X-0.0542 Y-0.1685 Z-0.019
X-0.0566 Y-0.1677 Z-0.0191
X-0.0581 Y-0.1674
X-0.0598 Y-0.1671
X-0.0615 Y-0.1669
X-0.063 Z-0.0192
X-0.0665 Y-0.1674 Z-0.0193
X-0.0674 Y-0.1676 Z-0.0194
X-0.0702 Y-0.1684 Z-0.0195
X-0.0713 Y-0.1689 Z-0.0197
X-0.0736 Y-0.1702
X-0.0742 Y-0.1707 Z-0.0198
X-0.0768 Y-0.1728 Z-0.0199
X-0.0778 Y-0.1738 Z-0.0201
X-0.0799 Y-0.1768
X-0.082 Y-0.1808 Z-0.0202
X-0.0823 Y-0.1813
X-0.0832 Y-0.1856
X-0.0837 Y-0.1903
X-0.0833 Y-0.1946 Z-0.0201
X-0.0832 Y-0.1953
X-0.0824 Y-0.199 Z-0.0202
X-0.0805 Y-0.2028 Z-0.0201
X-0.078 Y-0.2063
X-0.0775 Y-0.2068 Z-0.02
X-0.0751 Y-0.2088
X-0.0743 Y-0.2094
X-0.072 Y-0.2108 Z-0.0199
X-0.0709 Y-0.2112 Z-0.0198
X-0.0697 Y-0.2116 Z-0.0197
X-0.0685 Y-0.212
X-0.0666 Y-0.2123 Z-0.0196
X-0.0646 Y-0.2126
X-0.0626 Z-0.0193
X-0.0598 Y-0.2123 Z-0.0192
X-0.0578 Y-0.2118 Z-0.019
X-0.0549 Y-0.2107 Z-0.0188
X-0.054 Y-0.2102 Z-0.0186
X-0.0509 Y-0.2082 Z-0.0185
X-0.048 Y-0.2052 Z-0.0181
X-0.047 Y-0.2039 Z-0.0182
X-0.0465 Y-0.2034 Z-0.0184
X-0.0459 Y-0.2029 Z-0.0186
X-0.0447 Y-0.2021 Z-0.0193
X-0.0433 Y-0.2014 Z-0.0203
X-0.0416 Y-0.2008 Z-0.0216
G0 Z0.05
X0.0171 Y-0.1838
Z0.005
G1 Z-0.015 F80.
X0.0207 Y-0.1785 Z-0.02 F10.
X0.0227 Y-0.1798 Z-0.0186
X0.0271 Y-0.183 Z-0.015
X0.0227 Y-0.1798 Z-0.0186
X0.0207 Y-0.1785 Z-0.02
X0.0202 Y-0.1771
X0.0185 Y-0.1743
X0.0169 Y-0.1721 Z-0.0198
X0.0165 Y-0.1717
X0.0134 Y-0.1695 Z-0.0196
X0.0108 Y-0.1681 Z-0.0194
X0.0099 Y-0.1678 Z-0.0193
X0.0065 Y-0.1671 Z-0.0192
X0.0037 Y-0.1668 Z-0.0191
X0.0026 Y-0.1669
X-0.0018 Y-0.1675
X-0.0031 Y-0.1679
X-0.0058 Y-0.169 Z-0.0194
X-0.0076 Y-0.17 Z-0.0193
X-0.0096 Y-0.1716 Z-0.0195
X-0.0131 Y-0.1749 Z-0.0197
X-0.0137 Y-0.176 Z-0.0196
X-0.0167 Y-0.1816 Z-0.0195
X-0.0182 Y-0.1859 Z-0.0198
X-0.0192 Y-0.1896 Z-0.0199
X-0.0197 Y-0.1919 Z-0.0198
X-0.0203 Y-0.1979 Z-0.02
X-0.0205 Y-0.2024 Z-0.0199
Y-0.2032
X-0.0204 Y-0.2046 Z-0.0201
X-0.0198 Y-0.2066 Z-0.0208
X-0.0189 Y-0.2085 Z-0.0217
X-0.0173 Y-0.208 Z-0.0205
X-0.016 Y-0.2073 Z-0.0197
X-0.0144 Y-0.2063 Z-0.0188
X-0.0136 Y-0.2056 Z-0.0185
X-0.013 Y-0.2049 Z-0.0184
X-0.0114 Y-0.203
X-0.0091 Y-0.2007 Z-0.0187
X-0.0059 Y-0.1986 Z-0.0188
X-0.005 Y-0.1981 Z-0.0189
X-0.002 Y-0.1971 Z-0.0191
X-0.0003 Y-0.1967 Z-0.0193
X0.0018 Y-0.1964
X0.0043 Z-0.0195
X0.0061 Y-0.1966
X0.0082 Y-0.197 Z-0.0197
X0.0098 Y-0.1974
X0.0104 Y-0.1976
X0.0117 Y-0.1982 Z-0.0198
X0.0138 Y-0.1994
X0.0144 Y-0.1998 Z-0.0199
X0.0169 Y-0.2018
X0.0178 Y-0.2027 Z-0.02
X0.02 Y-0.2058 Z-0.0201
X0.0202 Y-0.2062
X0.022 Y-0.2099 Z-0.0202
X0.023 Y-0.2139
X0.0234 Y-0.2183
X0.023 Y-0.2231 Z-0.02
X0.0228 Y-0.2246
X0.022 Y-0.2274 Z-0.0198
X0.0208 Y-0.2305 Z-0.0199
X0.0201 Y-0.2318 Z-0.0198
X0.0178 Y-0.2353 Z-0.0197
X0.0176 Y-0.2355
X0.0167 Y-0.2364 Z-0.0196
X0.0137 Y-0.239 Z-0.0195
X0.0104 Y-0.2407 Z-0.0192
X0.0086 Y-0.2413 Z-0.0193
X0.0071 Y-0.2417 Z-0.0192
X0.0033 Y-0.2422 Z-0.0191
X0.0029
X-0.0022 Y-0.2416 Z-0.0192
X-0.0028 Y-0.2414 Z-0.0191
X-0.0066 Y-0.2401 Z-0.0194
X-0.0079 Y-0.2393 Z-0.0193
X-0.0105 Y-0.2374 Z-0.0196
X-0.0122 Y-0.2359 Z-0.0195
X-0.0127 Y-0.2354
X-0.0138 Y-0.2341 Z-0.0198
X-0.0158 Y-0.2309 Z-0.0197
X-0.0171 Y-0.2279 Z-0.0199
X-0.0182 Y-0.2251 Z-0.02
X-0.019 Y-0.2215 Z-0.0203
X-0.0193 Y-0.219 Z-0.0204
X-0.0195 Y-0.2144 Z-0.0208
X-0.0191 Y-0.2101 Z-0.0214
X-0.0189 Y-0.2085 Z-0.0217
G0 Z0.05
X0.0393 Y-0.1737
Z0.005
G1 Z-0.015 F80.
X0.0441 Y-0.1689 Z-0.0198 F10.
X0.0393 Y-0.1641 Z-0.015
X0.0441 Y-0.1689 Z-0.0198
X0.0801
X0.0815 Y-0.1691 Z-0.02
X0.0829 Y-0.1696 Z-0.0205
X0.0837 Y-0.1698 Z-0.0208
X0.0851 Y-0.1706 Z-0.0215
X0.0865 Y-0.1699 Z-0.0208
X0.0923 Y-0.1719 Z-0.015
X0.0865 Y-0.1699 Z-0.0208
X0.0923 Y-0.1641 Z-0.015
X0.0865 Y-0.1699 Z-0.0208
X0.0851 Y-0.1706 Z-0.0215
X0.0848 Y-0.1723 Z-0.0206
X0.0844 Y-0.1738 Z-0.02
X0.0841 Y-0.1745 Z-0.0198
X0.0838 Y-0.1752 Z-0.0196
X0.0834 Y-0.1758 Z-0.0195
X0.083 Y-0.1764
X0.0801 Y-0.1802 Z-0.0194
X0.0756 Y-0.1868 Z-0.0198
X0.0724 Y-0.1919
X0.0694 Y-0.1976 Z-0.0201
X0.0653 Y-0.2062 Z-0.02
X0.0638 Y-0.21 Z-0.0202
X0.06 Y-0.2213 Z-0.0201
X0.0595 Y-0.223 Z-0.0202
X0.0571 Y-0.234
X0.0564 Y-0.2398
X0.061 Y-0.245 Z-0.015
X0.0564 Y-0.2398 Z-0.0202
X0.0507 Y-0.245 Z-0.015
G0 Z0.05
X0.1012 Y-0.2203
Z0.005
G1 Z-0.015 F80.
X0.1062 Y-0.2153 Z-0.0201 F10.
X0.1012 Y-0.2103 Z-0.015
X0.1062 Y-0.2153 Z-0.0201
X0.127
X0.1321 Y-0.2203 Z-0.015
X0.127 Y-0.2153 Z-0.0201
X0.1321 Y-0.2103 Z-0.015
G0 Z0.05
X0.1372 Y-0.2253
Z0.005
G1 Z-0.015 F80.
X0.1427 Y-0.2197 Z-0.0206 F10.
X0.1442 Y-0.2203 Z-0.0201
X0.1456 Y-0.2206 Z-0.0197
X0.1463 Y-0.2207 Z-0.0196
X0.1727
X0.1735 Z-0.0197
X0.1745 Z-0.0199
X0.1758 Z-0.0205
X0.1777 Z-0.0218
X0.1797 Z-0.0205
X0.181 Z-0.0199
X0.182 Z-0.0197
X0.1892 Z-0.0196
X0.1938 Y-0.2253 Z-0.015
X0.1892 Y-0.2207 Z-0.0196
X0.1938 Y-0.2162 Z-0.015
X0.1892 Y-0.2207 Z-0.0196
X0.182 Z-0.0197
X0.181 Z-0.0199
X0.1797 Z-0.0205
X0.1777 Z-0.0218
Y-0.2225 Z-0.0208
Y-0.2237 Z-0.0203
Y-0.2246 Z-0.0201
Y-0.2254 Z-0.02
Y-0.24
X0.1727 Y-0.245 Z-0.015
X0.1777 Y-0.24 Z-0.02
X0.1827 Y-0.245 Z-0.015
X0.1777 Y-0.24 Z-0.02
Y-0.2254
Y-0.2246 Z-0.0201
Y-0.2237 Z-0.0203
Y-0.2225 Z-0.0208
Y-0.2207 Z-0.0218
Y-0.219 Z-0.0208
Y-0.2178 Z-0.0203
Y-0.2169 Z-0.0201
Y-0.1792 Z-0.02
Y-0.1784
X0.1776 Y-0.1776 Z-0.0201
X0.1773 Y-0.1761 Z-0.0205
X0.1767 Y-0.1746 Z-0.0211
X0.1759 Y-0.173 Z-0.0219
X0.1774 Y-0.1684 Z-0.0204
X0.1746 Y-0.163 Z-0.015
X0.1774 Y-0.1684 Z-0.0204
X0.1827 Y-0.163 Z-0.015
X0.1774 Y-0.1684 Z-0.0204
X0.1759 Y-0.173 Z-0.0219
X0.1742 Y-0.1735 Z-0.0208
X0.1727 Y-0.1742 Z-0.02
X0.1715 Y-0.175 Z-0.0194
X0.1709 Y-0.1754 Z-0.0191
X0.1704 Y-0.1759 Z-0.019
X0.17 Y-0.1764 Z-0.0189
X0.1437 Y-0.2138 Z-0.019
X0.1434 Y-0.2144 Z-0.0191
X0.143 Y-0.215 Z-0.0192
X0.1425 Y-0.2163 Z-0.0195
X0.1422 Y-0.2177 Z-0.0201
X0.1424 Y-0.2187 Z-0.0203
X0.1427 Y-0.2197 Z-0.0206
X0.1424 Y-0.2187 Z-0.0203
X0.1422 Y-0.2177 Z-0.0201
X0.1372 Y-0.2161 Z-0.015
G0 Z0.05
X0.1777 Y-0.2207
Z0.005
G1 Z-0.0218 F80.
G0 Z0.05
X0.2042 Y-0.2235
Z0.005
G1 Z-0.015 F80.
X0.209 Y-0.2272 Z-0.019 F10.
X0.2107 Y-0.2283 Z-0.0203
X0.2147 Y-0.2226 Z-0.015
X0.2107 Y-0.2283 Z-0.0203
X0.2113 Y-0.2303
X0.2117 Y-0.2309 Z-0.0202
X0.2132 Y-0.2334 Z-0.0201
X0.2138 Y-0.2343 Z-0.02
X0.2155 Y-0.2364
X0.2169 Y-0.2376 Z-0.0197
X0.2186 Y-0.2388 Z-0.0196
X0.2204 Y-0.2399 Z-0.0195
X0.2222 Y-0.2407 Z-0.0194
X0.224 Y-0.2413 Z-0.0193
X0.2261 Y-0.2417
X0.2304 Y-0.2422 Z-0.0191
X0.231
X0.2351 Y-0.2417 Z-0.0192
X0.2359 Y-0.2415
X0.2384 Y-0.2408
X0.2395 Y-0.2404 Z-0.0193
X0.2407 Y-0.2398 Z-0.0195
X0.2431 Y-0.2384
X0.2445 Y-0.2372 Z-0.0196
X0.2459 Y-0.2359 Z-0.0195
X0.2466 Y-0.2352 Z-0.0196
X0.2482 Y-0.2333 Z-0.0199
X0.2494 Y-0.2315
X0.2504 Y-0.2296 Z-0.02
X0.2516 Y-0.2269
X0.252 Y-0.2257 Z-0.0202
X0.2527 Y-0.2225
X0.2528 Y-0.2216 Z-0.0203
X0.2531 Y-0.2172 Z-0.0204
X0.2527 Y-0.2128
X0.2517 Y-0.2088
X0.2499 Y-0.2052 Z-0.0203
X0.2494 Y-0.2045 Z-0.0202
X0.2472 Y-0.2015
X0.2461 Y-0.2005 Z-0.0201
X0.2443 Y-0.1991
X0.2426 Y-0.198 Z-0.0199
X0.2409 Y-0.1971 Z-0.02
X0.2384 Y-0.1961 Z-0.0197
X0.2372 Y-0.1958
X0.2343 Y-0.1953 Z-0.0195
X0.233 Y-0.1952 Z-0.0196
X0.2296 Y-0.1953 Z-0.0193
X0.2262 Y-0.1959 Z-0.0191
X0.2243 Y-0.1965 Z-0.0189
X0.2229 Y-0.1971 Z-0.0188
X0.2193 Y-0.1989 Z-0.0186
X0.2187 Y-0.1992
X0.2181 Y-0.1995 Z-0.0188
X0.2174 Y-0.1997 Z-0.019
X0.2167 Y-0.2 Z-0.0193
X0.2152 Y-0.2002 Z-0.02
X0.2133 Y-0.2003 Z-0.0212
X0.2129 Y-0.2012 Z-0.0209
X0.2154 Y-0.2074 Z-0.015
X0.2129 Y-0.2012 Z-0.0209
X0.206 Y-0.2062 Z-0.015
X0.2129 Y-0.2012 Z-0.0209
X0.2133 Y-0.2003 Z-0.0212
X0.2129 Y-0.1989 Z-0.0205
X0.2127 Y-0.1975 Z-0.0201
Y-0.1969 Z-0.0199
X0.2128 Y-0.1955 Z-0.0197
X0.2172 Y-0.1728 Z-0.0198
X0.2174 Y-0.172 Z-0.0199
X0.2176 Y-0.1711 Z-0.02
X0.218 Y-0.1704 Z-0.0202
X0.2184 Y-0.1696 Z-0.0205
X0.2139 Y-0.1641 Z-0.015
X0.2184 Y-0.1696 Z-0.0205
X0.2196 Y-0.1692 Z-0.0201
X0.2207 Y-0.169 Z-0.0199
X0.2498 Y-0.1689 Z-0.0198
X0.2546 Y-0.1641 Z-0.015
X0.2498 Y-0.1689 Z-0.0198
X0.2546 Y-0.1737 Z-0.015
G0 Z0.05
X0.2685
Z0.005
G1 Z-0.015 F80.
X0.2734 Y-0.1689 Z-0.0198 F10.
X0.2685 Y-0.1641 Z-0.015
X0.2734 Y-0.1689 Z-0.0198
X0.3094
X0.3108 Y-0.1691 Z-0.02
X0.3122 Y-0.1696 Z-0.0205
X0.3129 Y-0.1698 Z-0.0208
X0.3143 Y-0.1706 Z-0.0215
X0.3158 Y-0.1699 Z-0.0208
X0.3216 Y-0.1719 Z-0.015
X0.3158 Y-0.1699 Z-0.0208
X0.3216 Y-0.1641 Z-0.015
X0.3158 Y-0.1699 Z-0.0208
X0.3143 Y-0.1706 Z-0.0215
X0.3141 Y-0.1723 Z-0.0206
X0.3137 Y-0.1738 Z-0.02
X0.3134 Y-0.1745 Z-0.0198
X0.3131 Y-0.1752 Z-0.0196
X0.3126 Y-0.1758 Z-0.0195
X0.3122 Y-0.1764
X0.3094 Y-0.1802 Z-0.0194
X0.3048 Y-0.1868 Z-0.0198
X0.3017 Y-0.1919
X0.2987 Y-0.1976 Z-0.0201
X0.2946 Y-0.2062 Z-0.02
X0.2931 Y-0.21 Z-0.0202
X0.2892 Y-0.2213 Z-0.0201
X0.2888 Y-0.223 Z-0.0202
X0.2863 Y-0.234
X0.2857 Y-0.2398
X0.2903 Y-0.245 Z-0.015
X0.2857 Y-0.2398 Z-0.0202
X0.28 Y-0.245 Z-0.015
G0 Z0.05
X0.3393 Y-0.2257
Z0.005
G1 Z-0.0199 F80.
X0.3396 Y-0.2267 Z-0.0198 F10.
X0.3401 Y-0.2281
X0.3425 Y-0.2335 Z-0.0195
X0.3435 Y-0.235 Z-0.0197
X0.3464 Y-0.2379 Z-0.0196
X0.3498 Y-0.2403 Z-0.0194
X0.3533 Y-0.2415 Z-0.0193
X0.3576 Y-0.2422 Z-0.0191
X0.3584
X0.3617 Y-0.2418 Z-0.0193
X0.3625 Y-0.2417
X0.3648 Y-0.2411 Z-0.0194
X0.3665 Y-0.2403
X0.3677 Y-0.2398
X0.3702 Y-0.2379 Z-0.0196
X0.3725 Y-0.2355 Z-0.0197
X0.3736 Y-0.2342 Z-0.0196
X0.3743 Y-0.2331 Z-0.0197
X0.376 Y-0.2296 Z-0.02
X0.3771 Y-0.2268
X0.3788 Y-0.2195 Z-0.0199
X0.3794 Y-0.2157 Z-0.0201
X0.3796 Y-0.2119 Z-0.02
X0.3798 Y-0.2046 Z-0.0202
X0.3797 Y-0.1976 Z-0.0201
X0.3796 Y-0.1953
X0.379 Y-0.1903 Z-0.0199
X0.3782 Y-0.1864 Z-0.0201
X0.3772 Y-0.1829 Z-0.0199
X0.3765 Y-0.1808 Z-0.02
X0.3743 Y-0.1759 Z-0.0197
X0.3735 Y-0.1747 Z-0.0196
X0.3713 Y-0.1721 Z-0.0197
X0.3678 Y-0.1693 Z-0.0195
X0.3671 Y-0.169 Z-0.0194
X0.3664 Y-0.1687
X0.3632 Y-0.1675 Z-0.0193
X0.3624 Y-0.1674
X0.3579 Y-0.1669 Z-0.0192
X0.3543 Y-0.1673
X0.3535 Y-0.1674
X0.3518 Y-0.1679 Z-0.0194
X0.3501 Y-0.1686 Z-0.0193
X0.3489 Y-0.1692 Z-0.0194
X0.346 Y-0.1713 Z-0.0196
X0.3435 Y-0.1741
X0.3428 Y-0.1751 Z-0.0197
X0.3421 Y-0.1763 Z-0.0199
X0.3406 Y-0.1794 Z-0.02
X0.3394 Y-0.1827 Z-0.0201
X0.3377 Y-0.1898 Z-0.0199
X0.3372 Y-0.1934 Z-0.0201
X0.3369 Y-0.1973 Z-0.02
X0.3367 Y-0.2046 Z-0.0202
X0.3369 Y-0.213 Z-0.0201
X0.3377 Y-0.2196 Z-0.02
X0.3379 Y-0.2209 Z-0.0201
X0.3388 Y-0.2244 Z-0.02
X0.3393 Y-0.2257 Z-0.0199
G0 Z0.05
X0.3316 Y-0.0956
Z0.005
G1 Z-0.015 F80.
X0.3364 Y-0.0992 Z-0.019 F10.
X0.3381 Y-0.1003 Z-0.0203
X0.3421 Y-0.0947 Z-0.015
X0.3381 Y-0.1003 Z-0.0203
X0.3388 Y-0.1023
X0.3394 Y-0.1036 Z-0.0202
X0.3412 Y-0.1063 Z-0.02
X0.3429 Y-0.1084
X0.3444 Y-0.1097 Z-0.0197
X0.346 Y-0.1109 Z-0.0196
X0.3478 Y-0.1119 Z-0.0195
X0.3496 Y-0.1128 Z-0.0194
X0.3515 Y-0.1133 Z-0.0193
X0.3535 Y-0.1137
X0.3578 Y-0.1143 Z-0.0191
X0.3584 Y-0.1142
X0.3625 Y-0.1137 Z-0.0192
X0.3633 Y-0.1135
X0.3658 Y-0.1128
X0.3669 Y-0.1124 Z-0.0193
X0.3681 Y-0.1119 Z-0.0195
X0.3705 Y-0.1104
X0.3719 Y-0.1092 Z-0.0196
X0.3733 Y-0.108 Z-0.0195
X0.374 Y-0.1072 Z-0.0196
X0.3756 Y-0.1053 Z-0.0199
X0.3768 Y-0.1035
X0.3778 Y-0.1017 Z-0.02
X0.379 Y-0.0989
X0.3794 Y-0.0978 Z-0.0202
X0.3801 Y-0.0945
X0.3802 Y-0.0936 Z-0.0203
X0.3805 Y-0.0892 Z-0.0204
X0.3801 Y-0.0848
X0.3791 Y-0.0808
X0.3773 Y-0.0772 Z-0.0203
X0.3768 Y-0.0765 Z-0.0202
X0.3746 Y-0.0735
X0.3735 Y-0.0725 Z-0.0201
X0.3717 Y-0.0711
X0.37 Y-0.07 Z-0.0199
X0.3684 Y-0.0691 Z-0.02
X0.3658 Y-0.0682 Z-0.0197
X0.3646 Y-0.0678
X0.3617 Y-0.0674 Z-0.0195
X0.3604 Y-0.0672 Z-0.0196
X0.357 Y-0.0673 Z-0.0193
X0.3536 Y-0.0679 Z-0.0191
X0.3517 Y-0.0685 Z-0.0189
X0.3503 Y-0.0691 Z-0.0188
X0.3467 Y-0.0709 Z-0.0186
X0.3461 Y-0.0712
X0.3455 Y-0.0715 Z-0.0188
X0.3448 Y-0.0718 Z-0.019
X0.3441 Y-0.072 Z-0.0193
X0.3426 Y-0.0722 Z-0.02
X0.3407 Y-0.0723 Z-0.0212
X0.3403 Y-0.0732 Z-0.0209
X0.3428 Y-0.0794 Z-0.015
X0.3403 Y-0.0732 Z-0.0209
X0.3334 Y-0.0782 Z-0.015
X0.3403 Y-0.0732 Z-0.0209
X0.3407 Y-0.0723 Z-0.0212
X0.3404 Y-0.0709 Z-0.0205
X0.3402 Y-0.0696 Z-0.0201
X0.3401 Y-0.0689 Z-0.0199
X0.3402 Y-0.0676 Z-0.0197
X0.3446 Y-0.0448 Z-0.0198
X0.3448 Y-0.044 Z-0.0199
X0.3451 Y-0.0432 Z-0.02
X0.3454 Y-0.0424 Z-0.0202
X0.3458 Y-0.0416 Z-0.0205
X0.3413 Y-0.0362 Z-0.015
X0.3458 Y-0.0416 Z-0.0205
X0.347 Y-0.0412 Z-0.0201
X0.3482 Y-0.041 Z-0.0199
X0.3493 Y-0.0409 Z-0.0198
X0.3773
X0.382 Y-0.0362 Z-0.015
X0.3773 Y-0.0409 Z-0.0198
X0.382 Y-0.0457 Z-0.015
G0 Z0.05
X0.3101 Y-0.0558
Z0.005
G1 Z-0.015 F80.
X0.3137 Y-0.0505 Z-0.02 F10.
X0.3157 Y-0.0518 Z-0.0186
X0.32 Y-0.0551 Z-0.015
X0.3157 Y-0.0518 Z-0.0186
X0.3137 Y-0.0505 Z-0.02
X0.3132 Y-0.0491
X0.3115 Y-0.0463
X0.3104 Y-0.0448 Z-0.0198
X0.3095 Y-0.0437
X0.3064 Y-0.0415 Z-0.0196
X0.3038 Y-0.0401 Z-0.0194
X0.3029 Y-0.0398 Z-0.0193
X0.2995 Y-0.0391 Z-0.0192
X0.2967 Y-0.0388 Z-0.0191
X0.2956 Y-0.0389
X0.2912 Y-0.0395
X0.2899 Y-0.0399
X0.2872 Y-0.041 Z-0.0194
X0.2854 Y-0.042 Z-0.0193
X0.2833 Y-0.0436 Z-0.0195
X0.2799 Y-0.047 Z-0.0197
X0.2793 Y-0.048 Z-0.0196
X0.276 Y-0.0541 Z-0.0195
X0.2758 Y-0.0547 Z-0.0196
X0.2748 Y-0.0579 Z-0.0198
X0.2738 Y-0.0616 Z-0.0199
X0.2732 Y-0.0648 Z-0.0198
X0.2727 Y-0.0699 Z-0.02
X0.2725 Y-0.0752 Z-0.0199
X0.2726 Y-0.0766 Z-0.0201
X0.2728 Y-0.0773 Z-0.0203
X0.2732 Y-0.0786 Z-0.0208
X0.2736 Y-0.0796 Z-0.0212
X0.2741 Y-0.0805 Z-0.0217
X0.2757 Y-0.08 Z-0.0205
X0.277 Y-0.0794 Z-0.0197
X0.2786 Y-0.0783 Z-0.0188
X0.2794 Y-0.0776 Z-0.0185
X0.28 Y-0.0769 Z-0.0184
X0.2816 Y-0.075
X0.2838 Y-0.0728 Z-0.0187
X0.2844 Y-0.0724
X0.2879 Y-0.0702 Z-0.0189
X0.2882 Y-0.07 Z-0.019
X0.2916 Y-0.069 Z-0.0192
X0.2927 Y-0.0687 Z-0.0193
X0.2958 Y-0.0684 Z-0.0194
X0.2973 Z-0.0195
X0.2997 Y-0.0687 Z-0.0196
X0.3012 Y-0.069 Z-0.0197
X0.3034 Y-0.0697
X0.3047 Y-0.0702 Z-0.0198
X0.3067 Y-0.0714
X0.3074 Y-0.0718 Z-0.0199
X0.3099 Y-0.0739
X0.3108 Y-0.0747 Z-0.02
X0.313 Y-0.0778 Z-0.0201
X0.3132 Y-0.0782
X0.315 Y-0.0819 Z-0.0202
X0.316 Y-0.0859
X0.3164 Y-0.0903
X0.316 Y-0.0951 Z-0.02
X0.3158 Y-0.0966
X0.315 Y-0.0994 Z-0.0198
X0.3138 Y-0.1025 Z-0.0199
X0.3131 Y-0.1038 Z-0.0198
X0.3108 Y-0.1073 Z-0.0197
X0.3106 Y-0.1075
X0.3097 Y-0.1084 Z-0.0196
X0.3067 Y-0.111 Z-0.0195
X0.3034 Y-0.1127 Z-0.0192
X0.3016 Y-0.1134 Z-0.0193
X0.2994 Y-0.1138 Z-0.0191
X0.2959 Y-0.1143
X0.2951 Y-0.1142
X0.2902 Y-0.1135
X0.2896 Y-0.1133 Z-0.0192
X0.2864 Y-0.1121 Z-0.0194
X0.285 Y-0.1113 Z-0.0193
X0.2825 Y-0.1095 Z-0.0196
X0.2807 Y-0.1079 Z-0.0195
X0.2803 Y-0.1074
X0.2791 Y-0.1062 Z-0.0198
X0.2772 Y-0.1029 Z-0.0197
X0.2759 Y-0.1 Z-0.0199
X0.2748 Y-0.0971 Z-0.02
X0.274 Y-0.0935 Z-0.0203
X0.2737 Y-0.091 Z-0.0204
X0.2735 Y-0.0864 Z-0.0208
X0.2739 Y-0.0821 Z-0.0214
X0.2741 Y-0.0805 Z-0.0217
G0 Z0.05
X0.2523 Y-0.0799
Z0.005
G1 Z-0.0201 F80.
X0.2524 Y-0.0765 Z-0.0202 F10.
X0.2523 Y-0.0692 Z-0.0201
X0.2522 Y-0.0673
X0.2514 Y-0.0616 Z-0.0199
X0.2508 Y-0.0584 Z-0.0201
X0.2496 Y-0.0543 Z-0.0199
X0.2491 Y-0.0528 Z-0.02
X0.2467 Y-0.0476 Z-0.0197
X0.246 Y-0.0466 Z-0.0196
X0.2436 Y-0.0439
X0.243 Y-0.0434
X0.2403 Y-0.0414 Z-0.0195
X0.2396 Y-0.041 Z-0.0194
X0.2358 Y-0.0396 Z-0.0193
X0.235 Y-0.0394
X0.2312 Y-0.0389 Z-0.0192
X0.2274 Y-0.0392
X0.2269 Y-0.0393
X0.2243 Y-0.0399 Z-0.0194
X0.2231 Y-0.0404 Z-0.0193
X0.2218 Y-0.041
X0.2192 Y-0.0428 Z-0.0195
X0.2166 Y-0.0455 Z-0.0196
X0.2157 Y-0.0466
X0.2147 Y-0.0483 Z-0.0199
X0.2132 Y-0.0515 Z-0.02
X0.2121 Y-0.0542
X0.2105 Y-0.0611 Z-0.0199
X0.2098 Y-0.0654 Z-0.0201
X0.2095 Y-0.0689 Z-0.02
X0.2093 Y-0.0765 Z-0.0202
X0.2094 Y-0.0835 Z-0.0201
X0.2101 Y-0.0908 Z-0.02
X0.2105 Y-0.0929 Z-0.0201
X0.2114 Y-0.0965 Z-0.02
X0.2122 Y-0.0988 Z-0.0198
X0.2149 Y-0.1051 Z-0.0196
X0.2151 Y-0.1055 Z-0.0195
X0.2161 Y-0.107 Z-0.0197
X0.2184 Y-0.1095 Z-0.0195
X0.2214 Y-0.1117 Z-0.0194
X0.2224 Y-0.1123
X0.2263 Y-0.1136 Z-0.0192
X0.2304 Y-0.1142 Z-0.0191
X0.2312
X0.2343 Y-0.1139 Z-0.0193
X0.2359 Y-0.1135
X0.2374 Y-0.1131 Z-0.0194
X0.2393 Y-0.1123
X0.2404 Y-0.1117
X0.2431 Y-0.1097 Z-0.0196
X0.2437 Y-0.1091
X0.2451 Y-0.1075 Z-0.0197
X0.2465 Y-0.1057 Z-0.0196
X0.2471 Y-0.1048 Z-0.0198
X0.2485 Y-0.1017 Z-0.02
X0.2499 Y-0.0982
X0.2515 Y-0.0908 Z-0.0199
X0.252 Y-0.0877 Z-0.0201
X0.2522 Y-0.0835 Z-0.02
X0.2523 Y-0.0799 Z-0.0201
G0 Z0.05
X0.1411 Y-0.0457
Z0.005
G1 Z-0.015 F80.
X0.1459 Y-0.0409 Z-0.0198 F10.
X0.1411 Y-0.0361 Z-0.015
X0.1459 Y-0.0409 Z-0.0198
X0.182 Y-0.041
X0.1834 Y-0.0412 Z-0.02
X0.1848 Y-0.0416 Z-0.0205
X0.1855 Y-0.0418 Z-0.0208
X0.1869 Y-0.0426 Z-0.0215
X0.1884 Y-0.0419 Z-0.0208
X0.1941 Y-0.0439 Z-0.015
X0.1884 Y-0.0419 Z-0.0208
X0.1941 Y-0.0361 Z-0.015
X0.1884 Y-0.0419 Z-0.0208
X0.1869 Y-0.0426 Z-0.0215
X0.1867 Y-0.0443 Z-0.0206
X0.1863 Y-0.0458 Z-0.02
X0.1859 Y-0.0465 Z-0.0198
X0.1856 Y-0.0472 Z-0.0196
X0.1852 Y-0.0478 Z-0.0195
X0.1823 Y-0.0517 Z-0.0194
X0.1774 Y-0.0588 Z-0.0198
X0.1745 Y-0.0635
X0.1713 Y-0.0696 Z-0.0201
X0.1674 Y-0.0777 Z-0.02
X0.1656 Y-0.082 Z-0.0202
X0.162 Y-0.0928 Z-0.0201
X0.1614 Y-0.095 Z-0.0202
X0.1592 Y-0.1045 Z-0.0201
X0.1591 Y-0.105 Z-0.0202
X0.1583 Y-0.1118
X0.1629 Y-0.117 Z-0.015
X0.1583 Y-0.1118 Z-0.0202
X0.1526 Y-0.117 Z-0.015
G0 Z0.05
X0.1012 Y-0.0924
Z0.005
G1 Z-0.015 F80.
X0.1062 Y-0.0873 Z-0.0201 F10.
X0.1012 Y-0.0823 Z-0.015
X0.1062 Y-0.0873 Z-0.0201
X0.127
X0.1321 Y-0.0924 Z-0.015
X0.127 Y-0.0873 Z-0.0201
X0.1321 Y-0.0823 Z-0.015
G0 Z0.05
X0.0386 Y-0.0956
Z0.005
G1 Z-0.015 F80.
X0.0434 Y-0.0992 Z-0.019 F10.
X0.0452 Y-0.1003 Z-0.0203
X0.0491 Y-0.0947 Z-0.015
X0.0452 Y-0.1003 Z-0.0203
X0.0458 Y-0.1023
X0.0464 Y-0.1036 Z-0.0202
X0.0482 Y-0.1063 Z-0.02
X0.0499 Y-0.1084
X0.0514 Y-0.1097 Z-0.0197
X0.0531 Y-0.1109 Z-0.0196
X0.0543 Y-0.1116 Z-0.0195
X0.0566 Y-0.1128 Z-0.0194
X0.0585 Y-0.1133 Z-0.0193
X0.0606 Y-0.1137
X0.0642 Y-0.1142 Z-0.0191
X0.0646
X0.0689 Y-0.1138
X0.0696 Y-0.1137 Z-0.0192
X0.0728 Y-0.1128
X0.0739 Y-0.1124 Z-0.0193
X0.0751 Y-0.1119 Z-0.0195
X0.0769 Y-0.1108
X0.0789 Y-0.1092 Z-0.0196
X0.0803 Y-0.108 Z-0.0195
X0.0827 Y-0.1053 Z-0.0199
X0.0835 Y-0.1041
X0.0848 Y-0.1017 Z-0.02
X0.0856 Y-0.1
X0.0864 Y-0.0978 Z-0.0202
X0.087 Y-0.0952
X0.0871 Y-0.0945
X0.0875 Y-0.0905 Z-0.0203
X0.0876 Y-0.0897
X0.0873 Y-0.0859
X0.0872 Y-0.0852
X0.0864 Y-0.0817
X0.0862 Y-0.0808 Z-0.0204
X0.0843 Y-0.0772 Z-0.0203
X0.0818 Y-0.0737 Z-0.0202
X0.0811 Y-0.073 Z-0.0201
X0.0787 Y-0.0711
X0.0777 Y-0.0704 Z-0.02
X0.0754 Y-0.0691
X0.0739 Y-0.0685 Z-0.0198
X0.0728 Y-0.0682 Z-0.0197
X0.0716 Y-0.0678
X0.0694 Y-0.0674 Z-0.0196
X0.0674 Y-0.0672
X0.0652 Z-0.0193
X0.0643 Y-0.0673
X0.0606 Y-0.0679 Z-0.0191
X0.0597 Y-0.0681 Z-0.019
X0.0573 Y-0.0691 Z-0.0188
X0.0546 Y-0.0704 Z-0.0186
X0.0532 Y-0.0712
X0.0525 Y-0.0715 Z-0.0188
X0.0518 Y-0.0718 Z-0.019
X0.0512 Y-0.072 Z-0.0193
X0.0504 Y-0.0721 Z-0.0196
X0.0478 Y-0.0723 Z-0.0211
Z-0.0212
X0.0473 Y-0.0732 Z-0.0209
X0.0498 Y-0.0794 Z-0.015
X0.0473 Y-0.0732 Z-0.0209
X0.0404 Y-0.0782 Z-0.015
X0.0473 Y-0.0732 Z-0.0209
X0.0478 Y-0.0723 Z-0.0212
X0.0474 Y-0.0709 Z-0.0205
X0.0472 Y-0.0696 Z-0.0201
Y-0.0689 Z-0.0199
Y-0.0676 Z-0.0197
X0.0516 Y-0.0448 Z-0.0198
X0.0518 Y-0.044 Z-0.0199
X0.0521 Y-0.0432 Z-0.02
X0.0524 Y-0.0424 Z-0.0202
X0.0528 Y-0.0416 Z-0.0205
X0.0483 Y-0.0362 Z-0.015
X0.0528 Y-0.0416 Z-0.0205
X0.054 Y-0.0412 Z-0.0201
X0.0552 Y-0.041 Z-0.0199
X0.0843 Y-0.0409 Z-0.0198
X0.089 Y-0.0457 Z-0.015
X0.0843 Y-0.0409 Z-0.0198
X0.089 Y-0.0362 Z-0.015
G0 Z0.05
X-0.0174 Y-0.065
Z0.005
G1 Z-0.015 F80.
X-0.0129 Y-0.0579 Z-0.0195 F10.
X-0.0174 Y-0.0553 Z-0.015
X-0.0129 Y-0.0579 Z-0.0195
X-0.0092 Y-0.0559
X-0.0075 Y-0.0549
X-0.0046 Y-0.0529 Z-0.0196
X-0.0001 Y-0.0494 Z-0.0195
X0.0011 Y-0.0485 Z-0.0197
X0.003 Y-0.0475 Z-0.0203
X0.0044 Y-0.0471 Z-0.021
X0.0059 Y-0.0468 Z-0.0219
X0.0067 Y-0.0449 Z-0.0211
X0.0085 Y-0.0389 Z-0.0192
X0.0063 Y-0.0347 Z-0.015
X0.0085 Y-0.0389 Z-0.0192
X0.0128 Y-0.0347 Z-0.015
X0.0085 Y-0.0389 Z-0.0192
X0.0067 Y-0.0449 Z-0.0211
X0.0059 Y-0.0468 Z-0.0219
X0.0067 Y-0.0483 Z-0.0211
X0.0073 Y-0.0498 Z-0.0205
X0.0075 Y-0.0506 Z-0.0203
X0.0076 Y-0.0513 Z-0.0201
X0.0077 Y-0.0521 Z-0.02
Y-0.112
X0.0027 Y-0.117 Z-0.015
X0.0077 Y-0.112 Z-0.02
X0.0128 Y-0.117 Z-0.015
G0 Z0.05
X-0.0414 Y-0.1012
Z0.005
G1 Z-0.02 F80.
X-0.0407 Y-0.0982 Z-0.0201 F10.
X-0.0401 Y-0.0942
Y-0.0935
X-0.0403 Y-0.0908 Z-0.0202
X-0.0405 Y-0.0898 Z-0.0201
X-0.0408 Y-0.0882
X-0.0416 Y-0.0857 Z-0.02
X-0.0429 Y-0.0834 Z-0.0199
X-0.0439 Y-0.082 Z-0.0197
X-0.0465 Y-0.0792 Z-0.0194
X-0.0467 Y-0.079 Z-0.0193
X-0.0488 Y-0.0776 Z-0.019
X-0.0505 Y-0.0766 Z-0.0188
X-0.0518 Y-0.076 Z-0.0187
X-0.053 Y-0.0752
X-0.0537 Y-0.0746 Z-0.0189
X-0.0546 Y-0.0738 Z-0.0194
X-0.0555 Y-0.0728 Z-0.0201
X-0.0584 Y-0.0727 Z-0.0196
X-0.062 Y-0.0728 Z-0.0191
X-0.0626 Z-0.0192
X-0.0666 Y-0.0727 Z-0.0197
X-0.0683 Y-0.0728 Z-0.0201
X-0.0689 Y-0.0734 Z-0.0195
X-0.0696 Y-0.0741 Z-0.0191
X-0.0704 Y-0.0748 Z-0.0187
X-0.071 Y-0.0753 Z-0.0186
X-0.0716 Y-0.0757
X-0.0731 Y-0.0764 Z-0.0187
X-0.0751 Y-0.0774 Z-0.019
X-0.0765 Y-0.0783 Z-0.0192
X-0.0774 Y-0.0789 Z-0.0194
X-0.0793 Y-0.0809 Z-0.0197
X-0.0809 Y-0.0829 Z-0.02
X-0.0822 Y-0.0852
X-0.083 Y-0.0878 Z-0.0202
X-0.0833 Y-0.0891
X-0.0838 Y-0.0928
X-0.0833 Y-0.0974
X-0.0832 Y-0.0982 Z-0.0201
X-0.0823 Y-0.1011 Z-0.0202
X-0.0812 Y-0.1034 Z-0.0199
X-0.0809 Y-0.1041
X-0.0782 Y-0.1077 Z-0.0198
X-0.0773 Y-0.1085 Z-0.0196
X-0.0748 Y-0.1105
X-0.0732 Y-0.1115 Z-0.0194
X-0.0725 Y-0.1119
X-0.0709 Y-0.1126 Z-0.0195
X-0.0678 Y-0.1135 Z-0.0192
X-0.0672 Y-0.1137
X-0.0623 Y-0.1142 Z-0.0191
X-0.0581 Y-0.1139
X-0.0544 Y-0.1131 Z-0.0192
X-0.0533 Y-0.1128 Z-0.0193
X-0.0505 Y-0.1114 Z-0.0194
X-0.0499 Y-0.111
X-0.0472 Y-0.1091 Z-0.0195
X-0.0463 Y-0.1083 Z-0.0196
X-0.0457 Y-0.1078 Z-0.0198
X-0.0441 Y-0.1058
X-0.0437 Y-0.1052
X-0.042 Y-0.1025 Z-0.0199
X-0.0418 Y-0.1019
X-0.0414 Y-0.1012 Z-0.02
G0 Z0.05
X-0.0683 Y-0.0728
Z0.005
G1 Z-0.0201 F80.
X-0.0696 Y-0.0711 Z-0.019 F10.
X-0.0701 Y-0.0706 Z-0.0188
X-0.0706 Y-0.0702 Z-0.0186
X-0.0718 Y-0.0693
X-0.0748 Y-0.0674 Z-0.019
X-0.076 Y-0.0664 Z-0.0193
X-0.0767 Y-0.0656 Z-0.0194
X-0.0787 Y-0.0631 Z-0.0198
X-0.0791 Y-0.0621
X-0.0799 Y-0.0597 Z-0.0202
X-0.0805 Y-0.0558 Z-0.0201
X-0.0804 Y-0.0545
X-0.0801 Y-0.0526 Z-0.0202
X-0.0794 Y-0.0496 Z-0.0201
X-0.079 Y-0.0489 Z-0.0199
X-0.0784 Y-0.0478
X-0.0779 Y-0.0469 Z-0.02
X-0.0759 Y-0.0444 Z-0.0199
X-0.0748 Y-0.0434 Z-0.0196
X-0.073 Y-0.0421
X-0.0698 Y-0.0403 Z-0.0194
X-0.0688 Y-0.0399 Z-0.0192
X-0.0662 Y-0.0393 Z-0.0193
X-0.0627 Y-0.0389 Z-0.0191
X-0.0623 Y-0.0388
X-0.058 Y-0.0393 Z-0.0193
X-0.0559 Y-0.0397 Z-0.0192
X-0.0547 Y-0.0401 Z-0.0193
X-0.0524 Y-0.0413 Z-0.0194
X-0.0519 Y-0.0416 Z-0.0195
X-0.0497 Y-0.0431 Z-0.0196
X-0.0481 Y-0.0445 Z-0.0198
X-0.0466 Y-0.0464 Z-0.0199
X-0.0453 Y-0.0485 Z-0.02
X-0.045 Y-0.0492
X-0.0446 Y-0.0498 Z-0.0201
X-0.0439 Y-0.0528 Z-0.0202
X-0.0435 Y-0.0561
X-0.0436 Y-0.057 Z-0.0201
X-0.044 Y-0.0598 Z-0.0202
X-0.045 Y-0.0625 Z-0.0198
X-0.0453 Y-0.0632
X-0.0456 Y-0.0636
X-0.0479 Y-0.0664 Z-0.0194
X-0.0496 Y-0.0677 Z-0.0189
X-0.0501 Y-0.0681 Z-0.0188
X-0.0528 Y-0.0698 Z-0.0186
X-0.0533 Y-0.0703 Z-0.0187
X-0.0538 Y-0.0707 Z-0.0189
X-0.0547 Y-0.0717 Z-0.0194
X-0.0555 Y-0.0728 Z-0.0201
G0 Z0.05
X-0.1566 Y-0.1411
Z0.005
G1 Z-0.015 F80.
X-0.1512 Y-0.1378 Z-0.0183 F10.
X-0.1494 Y-0.1411 Z-0.015
X-0.1512 Y-0.1378 Z-0.0183
X-0.1465 Y-0.13 Z-0.0187
X-0.145 Y-0.1273 Z-0.019
X-0.1431 Y-0.1234
X-0.1402 Y-0.1165 Z-0.0194
X-0.1396 Y-0.1148 Z-0.0195
X-0.1376 Y-0.108 Z-0.0199
X-0.1362 Y-0.1012 Z-0.0202
X-0.1353 Y-0.0943 Z-0.0203
X-0.1348 Y-0.0871 Z-0.0202
X-0.1351 Y-0.0812
X-0.1357 Y-0.0752 Z-0.0201
X-0.1368 Y-0.0693 Z-0.0199
X-0.1378 Y-0.0652 Z-0.0197
X-0.1383 Y-0.0634
X-0.1409 Y-0.0561 Z-0.0192
X-0.1442 Y-0.0486 Z-0.0189
X-0.149 Y-0.0402 Z-0.0184
X-0.1511 Y-0.0368 Z-0.0182
X-0.1494 Y-0.0336 Z-0.015
X-0.1511 Y-0.0368 Z-0.0182
X-0.1566 Y-0.0336 Z-0.015
G0 Z0.05
X-0.1798 Y-0.048
Z0.005
G1 Z-0.0197 F80.
X-0.1806 Y-0.0467 Z-0.0196 F10.
X-0.1828 Y-0.0441 Z-0.0197
X-0.1863 Y-0.0414 Z-0.0195
X-0.187 Y-0.041 Z-0.0194
X-0.1908 Y-0.0396 Z-0.0193
X-0.1917 Y-0.0394
X-0.1955 Y-0.0389 Z-0.0192
X-0.1992 Y-0.0392
X-0.1998 Y-0.0393
X-0.2023 Y-0.0399 Z-0.0194
X-0.2036 Y-0.0404 Z-0.0193
X-0.2048 Y-0.041
X-0.2075 Y-0.0428 Z-0.0195
X-0.2101 Y-0.0455 Z-0.0196
X-0.211 Y-0.0466
X-0.212 Y-0.0483 Z-0.0199
X-0.2134 Y-0.0515 Z-0.02
X-0.2145 Y-0.0542
X-0.2162 Y-0.0611 Z-0.0199
X-0.2169 Y-0.0654 Z-0.0201
X-0.2171 Y-0.0689 Z-0.02
X-0.2174 Y-0.0765 Z-0.0202
X-0.2172 Y-0.0835 Z-0.0201
X-0.2166 Y-0.0908 Z-0.02
X-0.2162 Y-0.0929 Z-0.0201
X-0.2152 Y-0.0965 Z-0.02
X-0.2145 Y-0.0988 Z-0.0198
X-0.2117 Y-0.1051 Z-0.0196
X-0.2115 Y-0.1055 Z-0.0195
X-0.2106 Y-0.107 Z-0.0197
X-0.2082 Y-0.1095 Z-0.0195
X-0.2052 Y-0.1117 Z-0.0194
X-0.2043 Y-0.1123
X-0.2008 Y-0.1135 Z-0.0193
X-0.1965 Y-0.1142 Z-0.0191
X-0.1957 Y-0.1143
X-0.1924 Y-0.1139 Z-0.0193
X-0.1916 Y-0.1137
X-0.1893 Y-0.1131 Z-0.0194
X-0.1876 Y-0.1124
X-0.1864 Y-0.1118
X-0.1838 Y-0.11 Z-0.0196
X-0.1815 Y-0.1075 Z-0.0197
X-0.1805 Y-0.1063 Z-0.0196
X-0.1797 Y-0.1051 Z-0.0197
X-0.1781 Y-0.1017 Z-0.02
X-0.177 Y-0.0988
X-0.1753 Y-0.0915 Z-0.0199
X-0.1747 Y-0.0877 Z-0.0201
X-0.1744 Y-0.0839 Z-0.02
X-0.1742 Y-0.0766 Z-0.0202
X-0.1744 Y-0.0696 Z-0.0201
X-0.1745 Y-0.0673
X-0.1751 Y-0.0623 Z-0.0199
X-0.1759 Y-0.0584 Z-0.0201
X-0.1769 Y-0.0549 Z-0.0199
X-0.1776 Y-0.0528 Z-0.02
X-0.1798 Y-0.048 Z-0.0197
G0 Z0.05
X-0.244 Y-0.0558
Z0.005
G1 Z-0.015 F80.
X-0.2404 Y-0.0505 Z-0.02 F10.
X-0.2384 Y-0.0518 Z-0.0186
X-0.234 Y-0.0551 Z-0.015
X-0.2384 Y-0.0518 Z-0.0186
X-0.2404 Y-0.0505 Z-0.02
X-0.2409 Y-0.0491
X-0.2426 Y-0.0463
X-0.2437 Y-0.0448 Z-0.0198
X-0.2446 Y-0.0437
X-0.2477 Y-0.0415 Z-0.0196
X-0.2503 Y-0.0401 Z-0.0194
X-0.2512 Y-0.0398 Z-0.0193
X-0.2546 Y-0.0391 Z-0.0192
X-0.2574 Y-0.0388 Z-0.0191
X-0.2585 Y-0.0389
X-0.2629 Y-0.0395
X-0.2642 Y-0.0399
X-0.2669 Y-0.041 Z-0.0194
X-0.2687 Y-0.042 Z-0.0193
X-0.2707 Y-0.0436 Z-0.0195
X-0.2742 Y-0.047 Z-0.0197
X-0.2748 Y-0.048 Z-0.0196
X-0.2778 Y-0.0537 Z-0.0195
X-0.2793 Y-0.0579 Z-0.0198
X-0.2803 Y-0.0616 Z-0.0199
X-0.2808 Y-0.064 Z-0.0198
X-0.2814 Y-0.0699 Z-0.02
X-0.2816 Y-0.0744 Z-0.0199
Y-0.0752
X-0.2815 Y-0.0766 Z-0.0201
X-0.2809 Y-0.0786 Z-0.0208
X-0.28 Y-0.0805 Z-0.0217
X-0.2802 Y-0.0821 Z-0.0214
X-0.2806 Y-0.0864 Z-0.0208
X-0.2804 Y-0.091 Z-0.0204
X-0.2801 Y-0.0935 Z-0.0203
X-0.2793 Y-0.0971 Z-0.02
X-0.2782 Y-0.1 Z-0.0199
X-0.2769 Y-0.1029 Z-0.0197
X-0.2749 Y-0.1062 Z-0.0198
X-0.2738 Y-0.1074 Z-0.0195
X-0.2716 Y-0.1095 Z-0.0196
X-0.2696 Y-0.111 Z-0.0194
X-0.269 Y-0.1113 Z-0.0193
X-0.2677 Y-0.1121 Z-0.0194
X-0.2639 Y-0.1135 Z-0.0191
X-0.2633 Y-0.1136 Z-0.0192
X-0.2582 Y-0.1143 Z-0.0191
X-0.2578 Y-0.1142
X-0.254 Y-0.1137 Z-0.0192
X-0.2525 Y-0.1134 Z-0.0193
X-0.2507 Y-0.1127 Z-0.0192
X-0.2474 Y-0.111 Z-0.0195
X-0.2468 Y-0.1105
X-0.2444 Y-0.1084 Z-0.0196
X-0.2433 Y-0.1073 Z-0.0197
X-0.2414 Y-0.1044 Z-0.0198
X-0.2403 Y-0.1025 Z-0.0199
X-0.2395 Y-0.1004 Z-0.0198
X-0.2383 Y-0.0966 Z-0.02
X-0.2378 Y-0.0914 Z-0.0201
X-0.2377 Y-0.0906
X-0.238 Y-0.0869
X-0.2388 Y-0.0828
X-0.2391 Y-0.0819 Z-0.0202
X-0.2407 Y-0.0785 Z-0.0201
X-0.2433 Y-0.0747 Z-0.02
X-0.2463 Y-0.0721 Z-0.0199
X-0.2494 Y-0.0702 Z-0.0198
X-0.2507 Y-0.0697 Z-0.0197
X-0.2513 Y-0.0694
X-0.2529 Y-0.069
X-0.255 Y-0.0686 Z-0.0195
X-0.2568 Y-0.0684
X-0.2593 Z-0.0193
X-0.2614 Y-0.0687
X-0.2631 Y-0.0691 Z-0.0191
X-0.2661 Y-0.0702 Z-0.0189
X-0.267 Y-0.0707 Z-0.0188
X-0.2702 Y-0.0728 Z-0.0187
X-0.2725 Y-0.075 Z-0.0184
X-0.2741 Y-0.0769
X-0.2747 Y-0.0776 Z-0.0185
X-0.2755 Y-0.0783 Z-0.0188
X-0.2771 Y-0.0794 Z-0.0197
X-0.2784 Y-0.08 Z-0.0205
X-0.28 Y-0.0805 Z-0.0217
G0 Z0.05
X-0.3294 Y-0.0728
Z0.005
G1 Z-0.0201 F80.
X-0.33 Y-0.0734 Z-0.0195 F10.
X-0.3307 Y-0.0741 Z-0.0191
X-0.3315 Y-0.0748 Z-0.0187
X-0.3321 Y-0.0753 Z-0.0186
X-0.3327 Y-0.0757
X-0.3342 Y-0.0764 Z-0.0187
X-0.3362 Y-0.0774 Z-0.019
X-0.3376 Y-0.0783 Z-0.0192
X-0.3385 Y-0.0789 Z-0.0194
X-0.3404 Y-0.0809 Z-0.0197
X-0.342 Y-0.0829 Z-0.02
X-0.3433 Y-0.0852
X-0.3442 Y-0.0878 Z-0.0202
X-0.3444 Y-0.0891
X-0.3449 Y-0.0928
X-0.3444 Y-0.0974
X-0.3443 Y-0.0982 Z-0.0201
X-0.3434 Y-0.1011 Z-0.0202
X-0.342 Y-0.1041 Z-0.0199
X-0.3417 Y-0.1045
X-0.3393 Y-0.1077 Z-0.0198
X-0.3384 Y-0.1085 Z-0.0196
X-0.3359 Y-0.1105
X-0.3343 Y-0.1115 Z-0.0194
X-0.3336 Y-0.1119
X-0.332 Y-0.1126 Z-0.0195
X-0.3289 Y-0.1135 Z-0.0192
X-0.3283 Y-0.1137
X-0.3234 Y-0.1142 Z-0.0191
X-0.3192 Y-0.1139
X-0.3155 Y-0.1131 Z-0.0192
X-0.3144 Y-0.1128 Z-0.0193
X-0.3116 Y-0.1114 Z-0.0194
X-0.311 Y-0.111
X-0.3083 Y-0.1091 Z-0.0195
X-0.3074 Y-0.1083 Z-0.0196
X-0.3068 Y-0.1078 Z-0.0198
X-0.3052 Y-0.1058
X-0.3048 Y-0.1052
X-0.3031 Y-0.1025 Z-0.0199
X-0.3029 Y-0.1019
X-0.3026 Y-0.1012 Z-0.02
X-0.3016 Y-0.0975 Z-0.0201
X-0.3012 Y-0.0931
X-0.3016 Y-0.0898
X-0.3019 Y-0.0882
X-0.3027 Y-0.0857 Z-0.02
X-0.3032 Y-0.0847 Z-0.0199
X-0.304 Y-0.0834
X-0.3056 Y-0.0812 Z-0.0196
X-0.3078 Y-0.079 Z-0.0193
X-0.3087 Y-0.0784 Z-0.0192
X-0.3099 Y-0.0776 Z-0.019
X-0.3121 Y-0.0763 Z-0.0187
X-0.3132 Y-0.0758
X-0.3141 Y-0.0752
X-0.3148 Y-0.0746 Z-0.0189
X-0.3157 Y-0.0738 Z-0.0194
X-0.3166 Y-0.0728 Z-0.0201
X-0.3153 Y-0.0712 Z-0.0191
X-0.3144 Y-0.0703 Z-0.0187
X-0.3134 Y-0.0695 Z-0.0186
X-0.3107 Y-0.0677 Z-0.0189
X-0.3102 Y-0.0673 Z-0.019
X-0.309 Y-0.0664 Z-0.0194
X-0.3064 Y-0.0632 Z-0.0198
X-0.3061 Y-0.0625
X-0.3052 Y-0.0598 Z-0.0202
X-0.3046 Y-0.0561
X-0.3047 Y-0.0551 Z-0.0201
X-0.305 Y-0.0529 Z-0.0202
X-0.3057 Y-0.0498 Z-0.0201
X-0.3061 Y-0.0492 Z-0.02
X-0.3072 Y-0.0471 Z-0.0199
X-0.3077 Y-0.0464
X-0.3092 Y-0.0445 Z-0.0198
X-0.31 Y-0.0438 Z-0.0197
X-0.3122 Y-0.0421 Z-0.0196
X-0.313 Y-0.0416 Z-0.0195
X-0.3154 Y-0.0403 Z-0.0194
X-0.3164 Y-0.0399 Z-0.0192
X-0.3191 Y-0.0393 Z-0.0193
X-0.3228 Y-0.0388 Z-0.0191
X-0.3273 Y-0.0393 Z-0.0193
X-0.329 Y-0.0396
X-0.3299 Y-0.0399 Z-0.0192
X-0.3306 Y-0.0401 Z-0.0194
X-0.3341 Y-0.0421 Z-0.0196
X-0.3351 Y-0.0428
X-0.3359 Y-0.0434
X-0.337 Y-0.0444 Z-0.0199
X-0.339 Y-0.0469 Z-0.02
X-0.3397 Y-0.0481 Z-0.0199
X-0.3401 Y-0.0489
X-0.3405 Y-0.0496 Z-0.0201
X-0.3412 Y-0.0526 Z-0.0202
X-0.3415 Y-0.0545 Z-0.0201
X-0.3416 Y-0.0558
X-0.341 Y-0.0597 Z-0.0202
X-0.3404 Y-0.0615 Z-0.0199
X-0.3402 Y-0.0621 Z-0.0198
X-0.3398 Y-0.0631
X-0.3383 Y-0.065 Z-0.0195
X-0.3371 Y-0.0664 Z-0.0193
X-0.335 Y-0.068 Z-0.0188
X-0.3322 Y-0.0698 Z-0.0186
X-0.3317 Y-0.0702
X-0.3312 Y-0.0706 Z-0.0188
X-0.3303 Y-0.0716 Z-0.0193
X-0.3294 Y-0.0728 Z-0.0201
X-0.3277 Y-0.0727 Z-0.0197
X-0.3237 Y-0.0728 Z-0.0192
X-0.3231 Z-0.0191
X-0.3195 Y-0.0727 Z-0.0196
X-0.3166 Y-0.0728 Z-0.0201
G0 Z0.05
X-0.366 Y-0.0336
Z0.005
G1 Z-0.015 F80.
X-0.3644 Y-0.0368 Z-0.0182 F10.
X-0.3589 Y-0.0336 Z-0.015
X-0.3644 Y-0.0368 Z-0.0182
X-0.3677 Y-0.0422 Z-0.0185
X-0.3715 Y-0.049 Z-0.0189
X-0.375 Y-0.057 Z-0.0193
X-0.3772 Y-0.0634 Z-0.0197
X-0.3778 Y-0.0655
X-0.3787 Y-0.0693 Z-0.0199
X-0.38 Y-0.0765 Z-0.0201
X-0.3804 Y-0.0812 Z-0.0202
X-0.3807 Y-0.0879
X-0.3802 Y-0.0943 Z-0.0203
X-0.3792 Y-0.1022 Z-0.0201
X-0.3791 Y-0.1025
X-0.3774 Y-0.1098 Z-0.0198
X-0.3759 Y-0.1148 Z-0.0196
X-0.3751 Y-0.1169 Z-0.0194
X-0.3722 Y-0.1237 Z-0.019
X-0.3705 Y-0.1273
X-0.3689 Y-0.1302 Z-0.0187
X-0.3643 Y-0.1378 Z-0.0183
X-0.366 Y-0.1411 Z-0.015
X-0.3643 Y-0.1378 Z-0.0183
X-0.3589 Y-0.1411 Z-0.015
G0 Z0.05
X-0.2707 Y0.
Z0.005
G1 Z-0.015 F80.
X-0.258 Y0.0127 Z-0.0277 F10.
G0 Z0.05
X-0.2707 Y0.2
Z0.005
G1 Z-0.015 F80.
X-0.253 Y0.1823 Z-0.0327 F10.
X-0.2436 Y0.2 Z-0.015
X-0.253 Y0.1823 Z-0.0327
X-0.2511 Y0.1759 Z-0.0346
X-0.2529 Y0.1733 Z-0.0328
X-0.2545 Y0.1706 Z-0.0312
X-0.2558 Y0.1679 Z-0.03
X-0.2563 Y0.1665 Z-0.0294
X-0.2568 Y0.1652 Z-0.029
X-0.2571 Y0.1639 Z-0.0285
X-0.2575 Y0.1625 Z-0.0283
X-0.2577 Y0.1612 Z-0.028
X-0.2579 Y0.1598 Z-0.0278
X-0.258 Y0.1585 Z-0.0277
Y0.0127
X-0.2454 Y0. Z-0.015
X-0.258 Y0.0127 Z-0.0277
Y0.1585
X-0.2579 Y0.1598 Z-0.0278
X-0.2577 Y0.1612 Z-0.028
X-0.2575 Y0.1625 Z-0.0283
X-0.2571 Y0.1639 Z-0.0285
X-0.2568 Y0.1652 Z-0.029
X-0.2563 Y0.1665 Z-0.0294
X-0.2558 Y0.1679 Z-0.03
X-0.2545 Y0.1706 Z-0.0312
X-0.2529 Y0.1733 Z-0.0328
X-0.2511 Y0.1759 Z-0.0346
X-0.2481 Y0.1747 Z-0.0328
X-0.2453 Y0.1734 Z-0.0312
X-0.2427 Y0.1719 Z-0.0299
X-0.2416 Y0.171 Z-0.0294
X-0.2404 Y0.1702 Z-0.0289
X-0.2394 Y0.1693 Z-0.0285
X-0.2383 Y0.1683 Z-0.0282
X-0.2374 Y0.1673 Z-0.0279
X-0.2365 Y0.1663 Z-0.0278
X-0.2357 Y0.1653 Z-0.0276
X-0.2348 Y0.1642
X-0.1483 Y0.0348 Z-0.0277
X-0.1475 Y0.0338 Z-0.0278
X-0.1465 Y0.0328 Z-0.028
X-0.1456 Y0.0318 Z-0.0282
X-0.1446 Y0.0309 Z-0.0285
X-0.1435 Y0.0299 Z-0.029
X-0.1424 Y0.0291 Z-0.0294
X-0.1412 Y0.0283 Z-0.03
X-0.1387 Y0.0267 Z-0.0312
X-0.1359 Y0.0254 Z-0.0328
X-0.1328 Y0.0242 Z-0.0347
X-0.1309 Y0.0177 Z-0.0327
X-0.1403 Y0. Z-0.015
X-0.1309 Y0.0177 Z-0.0327
X-0.1132 Y0. Z-0.015
X-0.1309 Y0.0177 Z-0.0327
X-0.1328 Y0.0242 Z-0.0347
X-0.131 Y0.0269 Z-0.0328
X-0.1294 Y0.0295 Z-0.0312
X-0.1281 Y0.0322 Z-0.03
X-0.1276 Y0.0336 Z-0.0294
X-0.1271 Y0.0349 Z-0.029
X-0.1268 Y0.0363 Z-0.0285
X-0.1264 Y0.0376 Z-0.0283
X-0.1262 Y0.0389 Z-0.028
X-0.126 Y0.0403 Z-0.0278
X-0.1259 Y0.0416 Z-0.0277
Y0.1873
X-0.1132 Y0.2 Z-0.015
X-0.1259 Y0.1873 Z-0.0277
X-0.1385 Y0.2 Z-0.015
G0 Z0.05
X-0.0759 Y0.1036
Z0.005
G1 Z-0.015 F80.
X-0.0686 Y0.1085 Z-0.0209 F10.
X-0.0622 Y0.1124 Z-0.0256
X-0.0601 Y0.1135 Z-0.027
X-0.0579 Y0.1097 Z-0.0235
X-0.0519 Y0.1003 Z-0.015
X-0.0579 Y0.1097 Z-0.0235
X-0.0601 Y0.1135 Z-0.027
X-0.058 Y0.1176 Z-0.0268
X-0.0573 Y0.1188
X-0.0559 Y0.1209
X-0.0524 Y0.1249 Z-0.0264
X-0.0492 Y0.1279 Z-0.0261
X-0.0463 Y0.13 Z-0.0256
X-0.0444 Y0.1311 Z-0.0255
X-0.04 Y0.1332 Z-0.0254
X-0.0369 Y0.1343 Z-0.0252
X-0.033 Y0.1355 Z-0.0251
X-0.0295 Y0.1364 Z-0.0249
X-0.0257 Y0.1371 Z-0.025
X-0.0212 Y0.1376
X-0.0183 Y0.1378 Z-0.0251
X-0.0136 Y0.1379
X-0.0105 Z-0.0252
X-0.0048 Y0.1377 Z-0.0253
X-0.0035 Y0.1375 Z-0.0254
X0.0032 Y0.1366 Z-0.0257
X0.0042 Y0.1364 Z-0.0258
X0.0096 Y0.1349 Z-0.0263
X0.0135 Y0.1334 Z-0.0267
X0.0156 Y0.1324 Z-0.027
X0.0202 Y0.13 Z-0.0273
X0.0221 Y0.1289 Z-0.0275
X0.0232 Y0.1279 Z-0.0276
X0.0246 Y0.1265 Z-0.0278
X0.0266 Y0.1242 Z-0.0281
X0.0286 Y0.1211
X0.0294 Y0.1197
X0.0317 Y0.1135 Z-0.0277
X0.032 Y0.112 Z-0.0276
X0.0329 Y0.1047 Z-0.0274
X0.033 Y0.1041
X0.0331 Y0.0981 Z-0.0273
X0.033 Y0.0905 Z-0.0274
X0.0329 Y0.0893 Z-0.0276
X0.0326 Y0.087 Z-0.0279
X0.032 Y0.0847 Z-0.0285
X0.0312 Y0.0823 Z-0.0293
X0.0285 Z-0.0274
X0.0264 Z-0.0262
X0.0247 Z-0.0254
X0.0232 Z-0.025
X0.0215 Z-0.0246
X0.0199 Y0.082 Z-0.0244
X0.0178 Y0.0816 Z-0.0243
X0.0119 Y0.0798 Z-0.0244
X0.0081 Y0.0788 Z-0.0246
X-0.0012 Y0.0766 Z-0.0249
X-0.0332 Y0.0716 Z-0.0254
X-0.0421 Y0.0694 Z-0.0258
X-0.0455 Y0.0682 Z-0.0257
X-0.0464 Y0.0678 Z-0.0258
X-0.0495 Y0.0663 Z-0.0261
X-0.0535 Y0.0639 Z-0.0263
X-0.0561 Y0.062 Z-0.0268
X-0.0596 Y0.0585 Z-0.0271
X-0.0607 Y0.0573 Z-0.0272
X-0.0625 Y0.0544 Z-0.0275
X-0.0641 Y0.0515 Z-0.0277
X-0.0648 Y0.0501
X-0.0655 Y0.0483 Z-0.0278
X-0.0663 Y0.0451 Z-0.0281
X-0.0669 Y0.0407
X-0.067 Y0.0385
X-0.0669 Y0.0373
X-0.0662 Y0.0315
X-0.0656 Y0.0292 Z-0.0282
X-0.0646 Y0.0262 Z-0.028
X-0.064 Y0.0249 Z-0.0279
X-0.0629 Y0.023 Z-0.0278
X-0.0626 Y0.0226
X-0.0592 Y0.018 Z-0.0274
X-0.059 Y0.0178 Z-0.0275
X-0.0543 Y0.0138 Z-0.0266
X-0.0526 Y0.0127 Z-0.0265
X-0.05 Y0.0112 Z-0.0264
X-0.0469 Y0.0097 Z-0.0261
X-0.0434 Y0.0086 Z-0.0258
X-0.0396 Y0.0075 Z-0.0253
X-0.038 Y0.0073 Z-0.0251
X-0.0306 Y0.0065 Z-0.0248
X-0.0242 Z-0.0244
X-0.0176 Y0.0072 Z-0.0242
X-0.0167 Y0.0073
X-0.0126 Y0.0081 Z-0.024
X-0.009 Y0.009 Z-0.0238
X-0.0068 Y0.0097
X-0.0021 Y0.0116 Z-0.0235
X-0.0004 Y0.0124
X0.0052 Y0.0152 Z-0.0233
X0.0058 Y0.0156
X0.0116 Y0.0197 Z-0.0234
X0.0161 Y0.0235 Z-0.0235
X0.0186 Y0.0258 Z-0.024
X0.02 Y0.0269 Z-0.0244
X0.0215 Y0.0278 Z-0.025
X0.0226 Y0.0285 Z-0.0256
X0.0247 Y0.0296 Z-0.0269
X0.0271 Y0.0305 Z-0.0283
X0.0304 Y0.0315 Z-0.0307
X0.0307 Y0.0331 Z-0.0302
X0.0309 Y0.0346 Z-0.0299
X0.0318 Y0.0409 Z-0.0288
X0.032 Y0.0422 Z-0.0287
X0.0327 Y0.0501 Z-0.0278
X0.033 Y0.0572 Z-0.0275
X0.0331 Y0.0637 Z-0.0274
X0.033 Y0.0739
Y0.0751 Z-0.0275
X0.0328 Y0.0763 Z-0.0276
X0.0326 Y0.0775 Z-0.0279
X0.0323 Y0.0787 Z-0.0281
X0.032 Y0.0799 Z-0.0285
X0.0312 Y0.0823 Z-0.0293
X0.032 Y0.0799 Z-0.0285
X0.0323 Y0.0787 Z-0.0281
X0.0326 Y0.0775 Z-0.0279
X0.0328 Y0.0763 Z-0.0276
X0.033 Y0.0751 Z-0.0275
Y0.0739 Z-0.0274
X0.0331 Y0.0637
X0.033 Y0.0572 Z-0.0275
X0.0327 Y0.0501 Z-0.0278
X0.032 Y0.0422 Z-0.0287
X0.0318 Y0.0409 Z-0.0288
X0.0309 Y0.0346 Z-0.0299
X0.0307 Y0.0331 Z-0.0302
X0.0304 Y0.0315 Z-0.0307
X0.0317 Y0.0293 Z-0.0295
X0.0328 Y0.027 Z-0.0286
X0.0336 Y0.0247 Z-0.0279
X0.0343 Y0.0224 Z-0.0274
X0.0345 Y0.0212 Z-0.0272
X0.0347 Y0.02 Z-0.0271
X0.0353 Y0.0152 Z-0.0269
X0.036 Y0.012 Z-0.027
X0.0276 Y0. Z-0.015
X0.036 Y0.012 Z-0.027
X0.043 Y0.0067 Z-0.0217
X0.0532 Y0. Z-0.015
G0 Z0.05
X0.083
Z0.005
G1 Z-0.015 F80.
X0.0953 Y0.0123 Z-0.0273 F10.
Y0.1877
X0.083 Y0.2 Z-0.015
X0.0953 Y0.1877 Z-0.0273
X0.1075 Y0.2 Z-0.015
G0 Z0.05
X0.0953 Y0.0123
Z0.005
G1 Z-0.0273 F80.
X0.1075 Y0. Z-0.015 F10.
G0 Z0.05
X0.1416 Y0.1036
Z0.005
G1 Z-0.015 F80.
X0.1489 Y0.1085 Z-0.0209 F10.
X0.1553 Y0.1124 Z-0.0256
X0.1574 Y0.1135 Z-0.027
X0.1603 Y0.1085 Z-0.0224
X0.1655 Y0.1003 Z-0.015
X0.1603 Y0.1085 Z-0.0224
X0.1574 Y0.1135 Z-0.027
X0.1594 Y0.1176 Z-0.0268
X0.1602 Y0.1188
X0.1616 Y0.1209
X0.1651 Y0.1249 Z-0.0264
X0.1683 Y0.1279 Z-0.0261
X0.1711 Y0.13 Z-0.0256
X0.1731 Y0.1311 Z-0.0255
X0.1775 Y0.1332 Z-0.0254
X0.1805 Y0.1343 Z-0.0252
X0.1845 Y0.1355 Z-0.0251
X0.1879 Y0.1364 Z-0.0249
X0.1918 Y0.1371 Z-0.025
X0.1963 Y0.1376
X0.1992 Y0.1378 Z-0.0251
X0.2039 Y0.1379
X0.2069 Z-0.0252
X0.2126 Y0.1377 Z-0.0253
X0.214 Y0.1375 Z-0.0254
X0.2207 Y0.1366 Z-0.0257
X0.2217 Y0.1364 Z-0.0258
X0.2271 Y0.1349 Z-0.0263
X0.2309 Y0.1334 Z-0.0267
X0.2331 Y0.1324 Z-0.027
X0.2377 Y0.13 Z-0.0273
X0.2396 Y0.1289 Z-0.0275
X0.2407 Y0.1279 Z-0.0276
X0.242 Y0.1265 Z-0.0278
X0.2441 Y0.1242 Z-0.0281
X0.2461 Y0.1211
X0.2468 Y0.1197
X0.2492 Y0.1135 Z-0.0277
X0.2494 Y0.112 Z-0.0276
X0.2504 Y0.1047 Z-0.0274
Y0.1041
X0.2506 Y0.0981 Z-0.0273
X0.2505 Y0.0905 Z-0.0274
X0.2504 Y0.0893 Z-0.0276
X0.2501 Y0.087 Z-0.0279
X0.2495 Y0.0847 Z-0.0285
X0.2487 Y0.0823 Z-0.0293
X0.2459 Z-0.0274
X0.2439 Z-0.0262
X0.2422 Z-0.0254
X0.2407 Z-0.025
X0.239 Z-0.0246
X0.2373 Y0.082 Z-0.0244
X0.2353 Y0.0816 Z-0.0243
X0.2294 Y0.0798 Z-0.0244
X0.2256 Y0.0788 Z-0.0246
X0.2162 Y0.0766 Z-0.0249
X0.1843 Y0.0716 Z-0.0254
X0.1754 Y0.0694 Z-0.0258
X0.172 Y0.0682 Z-0.0257
X0.171 Y0.0678 Z-0.0258
X0.1679 Y0.0663 Z-0.0261
X0.1639 Y0.0639 Z-0.0263
X0.1614 Y0.062 Z-0.0268
X0.1579 Y0.0585 Z-0.0271
X0.1567 Y0.0573 Z-0.0272
X0.1549 Y0.0544 Z-0.0275
X0.1533 Y0.0515 Z-0.0277
X0.1527 Y0.0501
X0.152 Y0.0483 Z-0.0278
X0.1512 Y0.0451 Z-0.0281
X0.1506 Y0.0407
X0.1504 Y0.0385
X0.1506 Y0.0373
X0.1513 Y0.0315
X0.1518 Y0.0292 Z-0.0282
X0.1528 Y0.0262 Z-0.028
X0.1534 Y0.0249 Z-0.0279
X0.1545 Y0.023 Z-0.0278
X0.1548 Y0.0226
X0.1583 Y0.018 Z-0.0274
X0.1584 Y0.0178 Z-0.0275
X0.1631 Y0.0138 Z-0.0266
X0.1649 Y0.0127 Z-0.0265
X0.1674 Y0.0112 Z-0.0264
X0.1706 Y0.0097 Z-0.0261
X0.174 Y0.0086 Z-0.0258
X0.1779 Y0.0075 Z-0.0253
X0.1794 Y0.0073 Z-0.0251
X0.1869 Y0.0065 Z-0.0248
X0.1933 Z-0.0244
X0.1999 Y0.0072 Z-0.0242
X0.2007 Y0.0073
X0.2049 Y0.0081 Z-0.024
X0.2085 Y0.009 Z-0.0238
X0.2107 Y0.0097
X0.2154 Y0.0116 Z-0.0235
X0.217 Y0.0124
X0.2226 Y0.0152 Z-0.0233
X0.2233 Y0.0156
X0.229 Y0.0197 Z-0.0234
X0.2335 Y0.0235 Z-0.0235
X0.236 Y0.0258 Z-0.024
X0.2374 Y0.0269 Z-0.0244
X0.2389 Y0.0278 Z-0.025
X0.2401 Y0.0285 Z-0.0256
X0.2422 Y0.0296 Z-0.0269
X0.2445 Y0.0305 Z-0.0283
X0.2479 Y0.0315 Z-0.0307
X0.2481 Y0.0331 Z-0.0302
X0.2484 Y0.0346 Z-0.0299
X0.2493 Y0.0409 Z-0.0288
X0.2494 Y0.0422 Z-0.0287
X0.2502 Y0.0501 Z-0.0278
X0.2505 Y0.0572 Z-0.0275
Y0.0637 Z-0.0274
Y0.0739
X0.2504 Y0.0751 Z-0.0275
X0.2503 Y0.0763 Z-0.0276
X0.2501 Y0.0775 Z-0.0279
X0.2498 Y0.0787 Z-0.0281
X0.2495 Y0.0799 Z-0.0285
X0.2487 Y0.0823 Z-0.0293
X0.2495 Y0.0799 Z-0.0285
X0.2498 Y0.0787 Z-0.0281
X0.2501 Y0.0775 Z-0.0279
X0.2503 Y0.0763 Z-0.0276
X0.2504 Y0.0751 Z-0.0275
X0.2505 Y0.0739 Z-0.0274
Y0.0637
Y0.0572 Z-0.0275
X0.2502 Y0.0501 Z-0.0278
X0.2494 Y0.0422 Z-0.0287
X0.2493 Y0.0409 Z-0.0288
X0.2484 Y0.0346 Z-0.0299
X0.2481 Y0.0331 Z-0.0302
X0.2479 Y0.0315 Z-0.0307
X0.2492 Y0.0293 Z-0.0295
X0.2502 Y0.027 Z-0.0286
X0.2511 Y0.0247 Z-0.0279
X0.2514 Y0.0235 Z-0.0276
X0.2517 Y0.0224 Z-0.0274
X0.2519 Y0.0212 Z-0.0272
X0.2525 Y0.0166 Z-0.0269
X0.2528 Y0.0152
X0.2534 Y0.012 Z-0.027
X0.2451 Y0. Z-0.015
X0.2534 Y0.012 Z-0.027
X0.2605 Y0.0067 Z-0.0217
X0.2707 Y0. Z-0.015
G0 Z0.45
M5
M9
G53 G0 Z-0.6
M30
%
