%
(OP2 - ON PLATE)
(T13 D=0.375 CR=0. TAPER=45DEG - ZMIN=0.6055 - CHAMFER MILL)
(T32 D=0.1875 CR=0. - ZMIN=0.6811 - FLAT END MILL)
(T33 D=0.25 CR=0. - ZMIN=0.005 - FLAT END MILL)
(T72 D=0.1875 CR=0.0937 - ZMIN=0.2108 - BALL END MILL)
G90 G94 G17 G91.1
G20
G53 G0 Z0.
(FACE1 2)
T33 M6
T32
S7500 M3
G17 G90 G94
G54
G64 P0.0004 Q0.0004
M8
G0 X13.0806 Y-0.9285
G43 Z1.3371 H33
G0 Z0.9371
G1 Z0.7493 F80.
G18 G3 X13.0556 Z0.7243 I-0.025 K0. F50.
G1 X13.0181
X-0.1819
G17 G2 Y-0.7614 I0. J0.0836
G1 X13.0181
G3 Y-0.5943 I0. J0.0836
G1 X-0.1819
G2 Y-0.4272 I0. J0.0836
G1 X13.0181
G3 Y-0.2601 I0. J0.0836
G1 X-0.1819
G2 Y-0.093 I0. J0.0836
G1 X13.0181
G18 G2 X13.0431 Z0.7493 I0. K0.025
G0 Z1.3371
G17
(2D ADAPTIVE2)
G64 P0.004 Q0.004
G0 X12.9377 Y0.2898
Z1.3371
Z0.9371
Z0.1087
G1 Z0.0837 F50.
Z0.005
G3 X12.9181 Y0.1537 I0.6183 J-0.1584
G1 Y0.1503
X12.9311 Y0.1166
X12.9406 Y0.0816
X12.9459 Y0.0538
X12.9465 Y0.0508
X12.9473 Y0.0478
X12.9482 Y0.0448
X12.9521 Y0.0329
X12.9533 Y0.0288
X12.9573 Y0.0042
X12.9634 Y-0.0369
X12.9647 Y-0.0451
X12.9658 Y-0.0533
X12.9675 Y-0.0698
X12.9682 Y-0.078
Y-0.341
Y-0.8587
Y-0.8669
X12.9675 Y-0.8751
X12.9658 Y-0.8915
X12.9647 Y-0.8998
X12.9585 Y-0.9408
X12.9573 Y-0.9491
X12.9533 Y-0.9737
X12.9521 Y-0.9778
X12.948 Y-0.9901
X12.945 Y-0.9984
X12.9411 Y-1.0066
X12.9356 Y-1.0158
X12.9308 Y-1.023
X12.9274 Y-1.0273
X12.9242 Y-1.0312
X12.9192 Y-1.0366
X12.9164 Y-1.0394
X12.911 Y-1.0445
X12.9072 Y-1.0477
X12.9028 Y-1.0509
X12.8958 Y-1.0559
X12.8946 Y-1.0567
X12.8863 Y-1.0613
X12.8811 Y-1.0641
X12.8781 Y-1.0653
X12.8617 Y-1.0714
X12.8585 Y-1.0723
X12.8535 Y-1.0735
X12.8452 Y-1.0751
X12.837 Y-1.0762
X12.8124 Y-1.0769
X0.4841
X0.4677 Y-1.0768
X0.4595 Y-1.0765
X0.4348 Y-1.0744
X0.3855 Y-1.0699
X0.3773 Y-1.069
X0.3608 Y-1.067
X0.3526 Y-1.0655
X0.3444 Y-1.0634
X0.2869 Y-1.0471
X0.2516 Y-1.039
X0.2161 Y-1.0321
X0.1802 Y-1.0274
X0.1442 Y-1.0243
X0.1081 Y-1.0221
X0.0719 Y-1.0207
X0.0357 Y-1.0197
X0.0267 Y-1.0195
X0.0088 Y-1.0169
X-0.0247 Y-1.0031
X-0.0517 Y-0.979
X-0.0725 Y-0.9494
X-0.088 Y-0.9167
X-0.0994 Y-0.8824
X-0.1075 Y-0.8471
X-0.1134 Y-0.8114
X-0.1175 Y-0.7755
X-0.1203 Y-0.7394
X-0.1223 Y-0.7033
X-0.1237 Y-0.6671
X-0.1247 Y-0.631
X-0.1254 Y-0.5948
X-0.1259 Y-0.5582
X-0.126 Y-0.5542
X-0.1264 Y-0.5503
X-0.1269 Y-0.5463
X-0.1284 Y-0.5382
X-0.1294 Y-0.5217
X-0.13 Y-0.5135
X-0.1313 Y-0.4889
X-0.1315 Y-0.4807
X-0.1314 Y-0.4642
X-0.131 Y-0.456
X-0.1296 Y-0.4199
X-0.1287 Y-0.3837
X-0.1282 Y-0.3475
X-0.1278 Y-0.3113
X-0.1275 Y-0.2751
X-0.1273 Y-0.239
X-0.1272 Y-0.2028
X-0.127 Y-0.1304
Y-0.0761
X-0.1229 Y-0.0585
X-0.1074 Y-0.0258
X-0.0825 Y0.0004
X-0.0524 Y0.0204
X-0.0194 Y0.0354
X0.0151 Y0.0463
X0.0504 Y0.0541
X0.0862 Y0.0596
X0.1222 Y0.0636
X0.1582 Y0.0663
X0.1884 Y0.0679
X0.1964 Y0.0688
X0.2044 Y0.0706
X0.212 Y0.0733
X0.2237 Y0.0781
X0.2786 Y0.1004
X0.3033 Y0.1086
X0.3144 Y0.111
X0.3444 Y0.1172
X0.3773 Y0.1239
X0.3855 Y0.1255
X0.4019 Y0.1279
X0.4101 Y0.1291
X0.4595 Y0.1317
X0.4677 Y0.1319
X0.4923 Y0.132
X12.8124
X12.8288 Y0.1315
G3 X12.8523 Y0.1485 I-0.0002 J0.025
G1 X12.8536 Y0.1522 Z0.0053
X12.8548 Y0.1558 Z0.0062
X12.856 Y0.1592 Z0.0077
X12.857 Y0.1624 Z0.0098
X12.858 Y0.1652 Z0.0123
X12.8588 Y0.1676 Z0.0153
X12.8595 Y0.1696 Z0.0187
X12.86 Y0.171 Z0.0223
X12.8603 Y0.1719 Z0.0261
X12.8604 Y0.1722 Z0.03
G0 Z0.9371
X0.3302 Y-1.0818
Z0.055
G1 Z0.03 F50.
X0.33 Y-1.0815 Z0.0261
X0.3294 Y-1.0809 Z0.0223
X0.3283 Y-1.0798 Z0.0187
X0.3269 Y-1.0783 Z0.0153
X0.3252 Y-1.0764 Z0.0123
X0.3231 Y-1.0743 Z0.0098
X0.3208 Y-1.0718 Z0.0077
X0.3183 Y-1.0692 Z0.0062
X0.3157 Y-1.0664 Z0.0053
X0.313 Y-1.0636 Z0.005
G3 X0.2869 Y-1.0471 I-0.0452 J-0.0428
G1 X0.2786 Y-1.0448
X0.2704 Y-1.0423
X0.254 Y-1.0372
X0.2458 Y-1.0335
X0.2293 Y-1.0257
X0.2211 Y-1.0217
X0.1718 Y-0.9973
X0.1592 Y-0.9901
X0.1421 Y-0.9816
X0.1087 Y-0.9676
X0.0771 Y-0.95
X0.0499 Y-0.9261
X0.0274 Y-0.8978
X0.0093 Y-0.8665
X0.0088 Y-0.8653
X0.006 Y-0.8594
X0.0026 Y-0.8537
X-0.0014 Y-0.8483
G3 X-0.0295 Y-0.8415 I-0.0189 J-0.0164
X-0.0368 Y-0.8834 I0.0093 J-0.0232 F300.
G1 X0.1296 Y-1.0302
G3 X0.1706 Y-1.0168 I0.0165 J0.0187
X0.1592 Y-0.9901 I-0.0244 J0.0053 F50.
G1 X0.1554 Y-0.988
X0.1471 Y-0.9831
X0.0908 Y-0.9408
X0.0798 Y-0.9326
X0.0732 Y-0.9273
X0.0696 Y-0.9244
X0.065 Y-0.92
X0.0532 Y-0.908
X0.0485 Y-0.903
X0.0074 Y-0.8584
X0.0004 Y-0.8504
X-0.009 Y-0.8388
X-0.0125 Y-0.834
X-0.0178 Y-0.8258
X-0.0501 Y-0.7746
X-0.0641 Y-0.7518
X-0.0665 Y-0.7468
X-0.0748 Y-0.7272
X-0.0782 Y-0.719
X-0.0979 Y-0.6697
X-0.1009 Y-0.6614
X-0.1069 Y-0.645
X-0.1076 Y-0.6425
X-0.1124 Y-0.6204
X-0.1159 Y-0.6034
X-0.1241 Y-0.5626
X-0.1269 Y-0.5463
X-0.1281 Y-0.5426
G2 X-0.1317 Y-0.5317 I0.1225 J0.0471
G1 X-0.1323 Y-0.5289
X-0.1326 Y-0.526
X-0.1331 Y-0.5163
X-0.1344 Y-0.4865 F300.
X-0.1349 Y-0.4767 F50.
X-0.1348 Y-0.4737
X-0.1344 Y-0.4708
G2 X-0.1318 Y-0.4597 I0.1289 J-0.0247
G1 X-0.131 Y-0.456
X-0.1241 Y-0.3795
X-0.1207 Y-0.3574
X-0.1188 Y-0.3492
X-0.1159 Y-0.3385
X-0.0982 Y-0.2752
X-0.0912 Y-0.254
X-0.09 Y-0.2506
X-0.0879 Y-0.246
X-0.0825 Y-0.2334
X-0.0759 Y-0.2142
X-0.0665 Y-0.1793
X-0.0538 Y-0.1453
X-0.0335 Y-0.1154
X-0.0073 Y-0.0905
X0.0083 Y-0.08
X0.0136 Y-0.0762
X0.0184 Y-0.0719
X0.0228 Y-0.0671
G3 X0.0245 Y-0.0382 I-0.0195 J0.0156
X-0.0179 Y-0.0384 I-0.0212 J-0.0133 F300.
G1 X-0.1312 Y-0.2213
G3 X-0.1137 Y-0.2591 I0.0213 J-0.0132
X-0.0879 Y-0.246 I0.0037 J0.0247 F50.
G1 X-0.0748 Y-0.2189
X-0.0541 Y-0.1766
X-0.05 Y-0.1684
X-0.0402 Y-0.152
X-0.0348 Y-0.1437
X0.0077 Y-0.0862
X0.0156 Y-0.0755
X0.0239 Y-0.0659
X0.0403 Y-0.0502
X0.0814 Y-0.0117
X0.0896 Y-0.004
X0.0978 Y0.003
X0.1101 Y0.0124
X0.1143 Y0.0152
X0.1718 Y0.052
X0.1742 Y0.0535
X0.1882 Y0.0619
X0.1965 Y0.0667
X0.2047 Y0.0702
X0.212 Y0.0733
G3 X0.2265 Y0.0984 I-0.0104 J0.0227
G1 X0.2262 Y0.1023 Z0.0053
X0.2258 Y0.1061 Z0.0062
X0.2255 Y0.1097 Z0.0077
X0.2252 Y0.113 Z0.0098
X0.2249 Y0.116 Z0.0123
X0.2246 Y0.1185 Z0.0153
X0.2244 Y0.1205 Z0.0187
X0.2243 Y0.122 Z0.0223
X0.2242 Y0.123 Z0.0261
Y0.1233 Z0.03
G0 Z0.9371
X12.9218 Y0.1528
Z0.055
G1 Z0.03 F50.
Y0.1524 Z0.0261
X12.9217 Y0.1515 Z0.0223
X12.9215 Y0.15 Z0.0187
X12.9212 Y0.148 Z0.0153
X12.9209 Y0.1455 Z0.0123
X12.9205 Y0.1425 Z0.0098
X12.9201 Y0.1392 Z0.0077
X12.9196 Y0.1356 Z0.0062
X12.9192 Y0.1318 Z0.0053
X12.9187 Y0.1279 Z0.005
G3 X12.9181 Y0.097 I0.1424 J-0.018
G1 X12.9184 Y0.0944
X12.9194 Y0.092
X12.9209 Y0.0898
G3 X12.9495 Y0.085 I0.0177 J0.0177
G1 X12.953 Y0.0867 Z0.0053
X12.9565 Y0.0883 Z0.0062
X12.9597 Y0.0899 Z0.0077
X12.9627 Y0.0914 Z0.0098
X12.9654 Y0.0927 Z0.0123
X12.9677 Y0.0938 Z0.0153
X12.9696 Y0.0947 Z0.0187
X12.9709 Y0.0953 Z0.0223
X12.9717 Y0.0957 Z0.0261
X12.972 Y0.0959 Z0.03
G0 Z1.3371
(2D CONTOUR1)
G64 P0.0004 Q0.0004
G0 X-0.2 Y-0.4974
Z1.3371
Z0.9371
G1 Z0.03 F80.
G18 G2 X-0.175 Z0.005 I0.025 K0. F50.
G1 X-0.15
G17 G3 X-0.125 Y-0.4724 I0. J0.025
G1 X-0.1249 Y-0.4689
X-0.1242 Y-0.4415
X-0.1238 Y-0.4344
X-0.1214 Y-0.4071
X-0.1206 Y-0.4
X-0.1167 Y-0.3729
X-0.1155 Y-0.3658
X-0.11 Y-0.339
X-0.1084 Y-0.3321
X-0.1014 Y-0.3056
X-0.0994 Y-0.2987
X-0.0909 Y-0.2728
X-0.0885 Y-0.266
X-0.0785 Y-0.2406
X-0.0757 Y-0.234
X-0.0643 Y-0.2092
X-0.0612 Y-0.2027
X-0.0484 Y-0.1786
X-0.0448 Y-0.1724
X-0.0307 Y-0.1491
X-0.0268 Y-0.143
X-0.0114 Y-0.1206
X-0.0071 Y-0.1148
X0.0096 Y-0.0933
X0.0142 Y-0.0878
X0.032 Y-0.0673
X0.0369 Y-0.062
X0.056 Y-0.0426
X0.0612 Y-0.0376
X0.0812 Y-0.0194
X0.0867 Y-0.0147
X0.1078 Y0.0023
X0.1136 Y0.0067
X0.1356 Y0.0225
X0.1416 Y0.0265
X0.1645 Y0.041
X0.1707 Y0.0447
X0.1944 Y0.0577
X0.2008 Y0.0611
X0.2252 Y0.0728
X0.2318 Y0.0757
X0.2568 Y0.0859
X0.2636 Y0.0885
X0.2891 Y0.0973
X0.296 Y0.0994
X0.322 Y0.1067
X0.329 Y0.1085
X0.3553 Y0.1142
X0.3625 Y0.1155
X0.3891 Y0.1197
X0.3963 Y0.1207
X0.4231 Y0.1233
X0.4304 Y0.1238
G2 X0.4673 Y0.125 I0.0384 J-0.6112
G1 X12.8245
G2 X12.9481 Y0.0184 I0. J-0.125
G1 X12.9599 Y-0.0603
G2 X12.9612 Y-0.0787 I-0.1236 J-0.0184
G1 Y-0.8661
G2 X12.9599 Y-0.8846 I-0.125 J0.
G1 X12.9481 Y-0.9633
G2 X12.8245 Y-1.0699 I-0.1236 J0.0184
G1 X0.52
G2 X0.4367 Y-1.069 I-0.0267 J1.4904
G1 X0.4295 Y-1.0686
X0.4026 Y-1.0663
X0.3954 Y-1.0654
X0.3688 Y-1.0615
X0.3616 Y-1.0603
X0.3352 Y-1.0548
X0.3281 Y-1.0531
X0.3021 Y-1.0461
X0.2952 Y-1.0441
X0.2696 Y-1.0356
X0.2627 Y-1.0331
X0.2377 Y-1.0231
X0.231 Y-1.0202
X0.2065 Y-1.0088
X0.2001 Y-1.0056
X0.1763 Y-0.9927
X0.17 Y-0.9891
X0.147 Y-0.975
X0.1409 Y-0.971
X0.1188 Y-0.9555
X0.113 Y-0.9511
X0.0917 Y-0.9344
X0.0862 Y-0.9297
X0.0659 Y-0.9117
X0.0606 Y-0.9068
X0.0414 Y-0.8876
X0.0365 Y-0.8824
X0.0184 Y-0.8621
X0.0137 Y-0.8566
X-0.0032 Y-0.8353
X-0.0075 Y-0.8295
X-0.0232 Y-0.8073
X-0.0272 Y-0.8013
X-0.0415 Y-0.7782
X-0.0452 Y-0.772
X-0.0582 Y-0.748
X-0.0614 Y-0.7416
X-0.0731 Y-0.7169
X-0.076 Y-0.7104
X-0.0862 Y-0.6851
X-0.0887 Y-0.6783
X-0.0974 Y-0.6524
X-0.0995 Y-0.6456
X-0.1068 Y-0.6192
X-0.1085 Y-0.6123
X-0.1142 Y-0.5855
X-0.1156 Y-0.5785
X-0.1198 Y-0.5515
X-0.1207 Y-0.5444
X-0.1233 Y-0.5171
X-0.1238 Y-0.51
G2 X-0.1242 Y-0.4415 I0.5851 J0.0374
G1 X-0.1238 Y-0.4344
X-0.1214 Y-0.4071
X-0.1206 Y-0.4
X-0.1167 Y-0.3729
X-0.1155 Y-0.3658
X-0.11 Y-0.339
X-0.1084 Y-0.3321
X-0.1014 Y-0.3056
X-0.0994 Y-0.2987
X-0.0909 Y-0.2728
X-0.0885 Y-0.266
X-0.0785 Y-0.2406
X-0.0757 Y-0.234
X-0.0643 Y-0.2092
X-0.0612 Y-0.2027
X-0.0484 Y-0.1786
X-0.0448 Y-0.1724
X-0.0307 Y-0.1491
X-0.0268 Y-0.143
X-0.0114 Y-0.1206
X-0.0071 Y-0.1148
X0.0096 Y-0.0933
X0.0142 Y-0.0878
X0.032 Y-0.0673
X0.0369 Y-0.062
X0.056 Y-0.0426
X0.0612 Y-0.0376
X0.0812 Y-0.0194
X0.0867 Y-0.0147
X0.1078 Y0.0023
X0.1136 Y0.0067
X0.1356 Y0.0225
X0.1416 Y0.0265
X0.1645 Y0.041
X0.1707 Y0.0447
X0.1944 Y0.0577
X0.2008 Y0.0611
X0.2252 Y0.0728
X0.2318 Y0.0757
X0.2568 Y0.0859
X0.2636 Y0.0885
X0.2891 Y0.0973
X0.296 Y0.0994
X0.322 Y0.1067
X0.329 Y0.1085
X0.3553 Y0.1142
X0.3625 Y0.1155
X0.3891 Y0.1197
X0.3963 Y0.1207
X0.4231 Y0.1233
X0.4304 Y0.1238
G2 X0.4673 Y0.125 I0.0384 J-0.6112
G1 X12.8245
G2 X12.9481 Y0.0184 I0. J-0.125
G1 X12.9599 Y-0.0603
G2 X12.9612 Y-0.0787 I-0.1236 J-0.0184
G1 Y-0.8661
G2 X12.9599 Y-0.8846 I-0.125 J0.
G1 X12.9481 Y-0.9633
G2 X12.8245 Y-1.0699 I-0.1236 J0.0184
G1 X0.52
G2 X0.4367 Y-1.069 I-0.0267 J1.4904
G1 X0.4295 Y-1.0686
X0.4026 Y-1.0663
X0.3954 Y-1.0654
X0.3688 Y-1.0615
X0.3616 Y-1.0603
X0.3352 Y-1.0548
X0.3281 Y-1.0531
X0.3021 Y-1.0461
X0.2952 Y-1.0441
X0.2696 Y-1.0356
X0.2627 Y-1.0331
X0.2377 Y-1.0231
X0.231 Y-1.0202
X0.2065 Y-1.0088
X0.2001 Y-1.0056
X0.1763 Y-0.9927
X0.17 Y-0.9891
X0.147 Y-0.975
X0.1409 Y-0.971
X0.1188 Y-0.9555
X0.113 Y-0.9511
X0.0917 Y-0.9344
X0.0862 Y-0.9297
X0.0659 Y-0.9117
X0.0606 Y-0.9068
X0.0414 Y-0.8876
X0.0365 Y-0.8824
X0.0184 Y-0.8621
X0.0137 Y-0.8566
X-0.0032 Y-0.8353
X-0.0075 Y-0.8295
X-0.0232 Y-0.8073
X-0.0272 Y-0.8013
X-0.0415 Y-0.7782
X-0.0452 Y-0.772
X-0.0582 Y-0.748
X-0.0614 Y-0.7416
X-0.0731 Y-0.7169
X-0.076 Y-0.7104
X-0.0862 Y-0.6851
X-0.0887 Y-0.6783
X-0.0974 Y-0.6524
X-0.0995 Y-0.6456
X-0.1068 Y-0.6192
X-0.1085 Y-0.6123
X-0.1142 Y-0.5855
X-0.1156 Y-0.5785
X-0.1198 Y-0.5515
X-0.1207 Y-0.5444
X-0.1233 Y-0.5171
X-0.1238 Y-0.51
G2 X-0.125 Y-0.4724 I0.6359 J0.0394
G3 X-0.15 Y-0.4474 I-0.025 J0.
G1 X-0.175
G18 G3 X-0.2 Z0.03 I0. K0.025
G0 Z1.3371
G17
M5
G53 G0 Z0.
(ADAPTIVE10)
M9
M1
T32 M6
T13
S7500 M3
G17 G90 G94
G54
G64 P0.004 Q0.004
M8
G0 X12.1154 Y-0.4767
G43 Z1.3371 H32
G0 Z0.7811
G3 X12.0443 Y-0.3839 Z0.77 I-0.0905 J0.0043 F40.
X11.9411 Y-0.4382 Z0.7589 I-0.0194 J-0.0883
X11.9772 Y-0.5489 Z0.7478 I0.0836 J-0.034
X12.092 Y-0.532 Z0.7367 I0.0475 J0.0765
X12.0948 Y-0.4162 Z0.7256 I-0.0673 J0.0595
X11.9813 Y-0.394 Z0.7145 I-0.0699 J-0.0562
X11.9404 Y-0.5019 Z0.7034 I0.0435 J-0.0782
X12.0397 Y-0.5602 Z0.6922 I0.0842 J0.0296
X12.1137 Y-0.4724 Z0.6811 I-0.015 J0.0878
X11.9356 I-0.0891 J0.
X12.1137 I0.0891 J0.
G1 X12.114 Y-0.4646
X12.1239 Y-0.4349
G3 X12.1238 Y-0.3795 I-0.0575 J0.0276
X12.1076 Y-0.3537 I-0.0694 J-0.0255
G1 X12.1038 Y-0.3508
X12.0995 Y-0.3486
X12.0888 Y-0.3443
G3 X12.032 Y-0.3371 I-0.0527 J-0.1883
G1 X11.9822 Y-0.337
G3 X11.8958 Y-0.3794 I0.0042 J-0.1178
X11.864 Y-0.5149 I0.1131 J-0.098
X11.9187 Y-0.6025 I0.1567 J0.037
G1 X11.9237 Y-0.6055
X11.9291 Y-0.6073
X11.9349 Y-0.6079
X12.032
G3 X12.0898 Y-0.6005 I0.0015 J0.2173
X12.14 Y-0.5718 I-0.0495 J0.1451
X12.1736 Y-0.5222 I-0.0926 J0.0989
X12.1833 Y-0.4724 I-0.1476 J0.0543
G1 X12.1826 Y-0.4653
G3 X12.1584 Y-0.3944 I-0.1375 J-0.0072
X12.0996 Y-0.3484 I-0.1034 J-0.0718
G1 X12.0972 Y-0.3479
X12.0949 Y-0.3476
X12.0688 Y-0.3451
X12.013 Y-0.3399 F300.
X11.9822 Y-0.337 F40.
X11.8969
G3 X11.8302 Y-0.3655 I0.0024 J-0.0977
X11.7872 Y-0.4356 I0.1072 J-0.1141
X11.785 Y-0.5439 I0.1977 J-0.0582
G1 X11.7918 Y-0.5669
X11.8013 Y-0.5896
G3 X11.8203 Y-0.607 I0.0272 J0.0107
G1 X11.8274 Y-0.6079
X11.9349
G3 X11.9529 Y-0.5871 I-0.0007 J0.0187
G1 X11.9527 Y-0.5862 F300.
X11.9155 Y-0.3578
X11.9147 Y-0.3527 F40.
G3 X11.8969 Y-0.337 I-0.0185 J-0.003
G1 X11.8186
G3 X11.7625 Y-0.3571 I0.0019 J-0.0938
X11.7121 Y-0.423 I0.0965 J-0.1258
G1 X11.7046 Y-0.4439
X11.699 Y-0.4663
X11.6957 Y-0.4907
X11.6949 Y-0.5175
X11.6971 Y-0.546
X11.7015 Y-0.5698
X11.7072 Y-0.5888
G3 X11.7332 Y-0.6079 I0.0263 J0.0084
G1 X11.8274
G3 X11.8455 Y-0.5885 I-0.0007 J0.0187
G1 X11.8454 Y-0.5871
X11.8368 Y-0.3578 F300.
X11.8367 Y-0.355 F40.
G3 X11.8186 Y-0.337 I-0.0187 J-0.0007
G1 X11.7404
G3 X11.6816 Y-0.3581 I0.0018 J-0.0973
X11.6373 Y-0.4097 I0.0945 J-0.126
G1 X11.6273 Y-0.43
X11.6193 Y-0.4519
X11.6129 Y-0.4778
X11.6091 Y-0.5059
X11.6082 Y-0.5345
X11.61 Y-0.5576
X11.6136 Y-0.5768
X11.6171 Y-0.5886
G3 X11.6431 Y-0.6079 I0.026 J0.0077
G1 X11.7332
G3 X11.7513 Y-0.5898 I-0.0007 J0.0187
G1 X11.7514 Y-0.5871
X11.7585 Y-0.3578 F300.
Y-0.3563 F40.
G3 X11.7404 Y-0.337 I-0.0187 J0.0006
G1 X11.6551
G3 X11.5966 Y-0.3603 I0.0066 J-0.1015
G1 X11.5849 Y-0.37
X11.5724 Y-0.3833
X11.561 Y-0.3982
X11.5494 Y-0.4173
X11.5392 Y-0.439
G3 X11.5209 Y-0.5434 I0.2368 J-0.0954
G1 X11.5229 Y-0.5644
X11.5263 Y-0.5815
X11.5287 Y-0.589
G3 X11.5545 Y-0.6079 I0.0258 J0.0082
G1 X11.6431
G3 X11.6611 Y-0.5901 I-0.0007 J0.0187
G1 X11.6613 Y-0.5871
X11.6731 Y-0.3578 F300.
X11.6732 Y-0.3567 F40.
G3 X11.6551 Y-0.337 I-0.0187 J0.001
G1 X11.5769
G3 X11.5136 Y-0.3597 I0.0019 J-0.1048
X11.4641 Y-0.4173 I0.1049 J-0.1401
G1 X11.4534 Y-0.439
G3 X11.4333 Y-0.5419 I0.2326 J-0.099
G1 X11.4349 Y-0.5628
X11.438 Y-0.5797
X11.4407 Y-0.5886
G3 X11.4666 Y-0.6079 I0.026 J0.0077
G1 X11.5545
G3 X11.5725 Y-0.591 I-0.0007 J0.0187
G1 X11.5729 Y-0.5871
X11.5949 Y-0.3578 F300.
Y-0.3575 F40.
G3 X11.5769 Y-0.337 I-0.0187 J0.0018
G1 X11.4915
G3 X11.4273 Y-0.3602 I0.0022 J-0.1068
G1 X11.4142 Y-0.3708
G3 X11.366 Y-0.4409 I0.1393 J-0.1474
X11.3459 Y-0.543 I0.2297 J-0.0981
G1 X11.3475 Y-0.5635
X11.3506 Y-0.5802
X11.3531 Y-0.5886
G3 X11.3791 Y-0.6079 I0.026 J0.0077
G1 X11.4666
G3 X11.4846 Y-0.5912 I-0.0007 J0.0187
G1 X11.4851 Y-0.5871
X11.5095 Y-0.3578 F300.
Y-0.3577 F40.
G3 X11.4915 Y-0.337 I-0.0186 J0.002
G1 X11.4062
G3 X11.3404 Y-0.3604 I0.0016 J-0.1084
G1 X11.3271 Y-0.3712
G3 X11.2786 Y-0.4418 I0.1402 J-0.1482
X11.2586 Y-0.5435 I0.229 J-0.0979
G1 X11.2602 Y-0.5637
X11.2633 Y-0.5804
X11.2657 Y-0.5886
G3 X11.2917 Y-0.6079 I0.026 J0.0077
G1 X11.3791
G3 X11.3971 Y-0.5913 I-0.0007 J0.0187
G1 X11.3975 Y-0.5871
X11.4242 Y-0.3579 F300.
G3 X11.4062 Y-0.337 I-0.0186 J0.0022 F40.
G1 X11.3138
G3 X11.2517 Y-0.3615 I0.0071 J-0.1086
G1 X11.2384 Y-0.3726
G3 X11.1899 Y-0.4453 I0.145 J-0.1492
X11.1713 Y-0.5466 I0.2296 J-0.0946
G1 X11.1731 Y-0.5661
X11.1764 Y-0.5827
X11.1784 Y-0.5889
G3 X11.2043 Y-0.6079 I0.0258 J0.0081
G1 X11.2917
G3 X11.3097 Y-0.5909 I-0.0007 J0.0187
G1 X11.31 Y-0.5871
X11.3318 Y-0.3578 F300.
Y-0.3575 F40.
G3 X11.3138 Y-0.337 I-0.0187 J0.0018
G1 X11.2285
G3 X11.1661 Y-0.3604 I0.0052 J-0.1086
X11.1149 Y-0.4199 I0.1085 J-0.1451
X11.0846 Y-0.5205 I0.2174 J-0.1204
G1 X11.0839 Y-0.5437
X11.0855 Y-0.5639
X11.0885 Y-0.5805
X11.091 Y-0.5886
G3 X11.1169 Y-0.6079 I0.026 J0.0077
G1 X11.2043
G3 X11.2222 Y-0.5911 I-0.0007 J0.0187
G1 X11.2227 Y-0.5871
X11.2464 Y-0.3578 F300.
X11.2465 Y-0.3576 F40.
G3 X11.2285 Y-0.337 I-0.0187 J0.0019
G1 X11.1431
G3 X11.0788 Y-0.3605 I0.0032 J-0.1085
G1 X11.0653 Y-0.3714
G3 X11.0166 Y-0.4424 I0.1411 J-0.1491
X10.9966 Y-0.5438 I0.2284 J-0.0978
G1 X10.9982 Y-0.5639
X11.0012 Y-0.5805
X11.0036 Y-0.5886
G3 X11.0296 Y-0.6079 I0.026 J0.0077
G1 X11.1169
G3 X11.1349 Y-0.5913 I-0.0007 J0.0187
G1 X11.1354 Y-0.5871
X11.1611 Y-0.3578 F300.
G3 X11.1431 Y-0.337 I-0.0186 J0.0021 F40.
G1 X11.0578
G3 X10.9915 Y-0.3606 I0.0016 J-0.1093
G1 X10.978 Y-0.3715
G3 X10.9293 Y-0.4425 I0.141 J-0.149
X10.9093 Y-0.5438 I0.2284 J-0.0978
G1 X10.9108 Y-0.5639
X10.9139 Y-0.5806
X10.9163 Y-0.5886
G3 X10.9423 Y-0.6079 I0.026 J0.0077
G1 X11.0296
G3 X11.0476 Y-0.5914 I-0.0007 J0.0187
G1 X11.0481 Y-0.5871
X11.0758 Y-0.358 F300.
Y-0.3578
G3 X11.0578 Y-0.337 I-0.0186 J0.0021 F40.
G1 X10.9654
G3 X10.9034 Y-0.3611 I0.0066 J-0.109
G1 X10.8899 Y-0.3722
G3 X10.8412 Y-0.4441 I0.1435 J-0.1494
X10.822 Y-0.5455 I0.229 J-0.096
G1 X10.8237 Y-0.5652
X10.8269 Y-0.5818
X10.8291 Y-0.5888
G3 X10.8549 Y-0.6079 I0.0259 J0.0079
G1 X10.9423
G3 X10.9603 Y-0.591 I-0.0007 J0.0187
G1 X10.9607 Y-0.5871
X10.9833 Y-0.3578 F300.
X10.9834 Y-0.3576 F40.
G3 X10.9654 Y-0.337 I-0.0187 J0.0018
G1 X10.88
G3 X10.8169 Y-0.3604 I0.0045 J-0.1087
X10.7656 Y-0.4202 I0.1086 J-0.1453
G1 X10.7546 Y-0.4424
G3 X10.7346 Y-0.5438 I0.2296 J-0.098
G1 X10.7362 Y-0.5639
X10.7393 Y-0.5805
X10.7417 Y-0.5886
G3 X10.7676 Y-0.6079 I0.026 J0.0077
G1 X10.8549
G3 X10.8729 Y-0.5912 I-0.0007 J0.0187
G1 X10.8734 Y-0.5871
X10.898 Y-0.3578 F300.
Y-0.3577 F40.
G3 X10.88 Y-0.337 I-0.0186 J0.002
G1 X10.7947
G3 X10.7296 Y-0.3605 I0.0026 J-0.1088
G1 X10.7161 Y-0.3715
G3 X10.6673 Y-0.4425 I0.1411 J-0.1491
X10.6473 Y-0.5438 I0.2284 J-0.0978
G1 X10.6489 Y-0.5639
X10.652 Y-0.5806
X10.6544 Y-0.5886
G3 X10.6803 Y-0.6079 I0.026 J0.0077
G1 X10.7676
G3 X10.7856 Y-0.5913 I-0.0007 J0.0187
G1 X10.7861 Y-0.5871
X10.8127 Y-0.3579 F300.
G3 X10.7947 Y-0.337 I-0.0186 J0.0022 F40.
G1 X10.7094
G3 X10.6422 Y-0.3606 I0.0009 J-0.1097
G1 X10.6288 Y-0.3716
G3 X10.58 Y-0.4425 I0.141 J-0.1491
X10.56 Y-0.5439 I0.2283 J-0.0977
G1 X10.5616 Y-0.564
X10.5647 Y-0.5806
X10.5671 Y-0.5886
G3 X10.593 Y-0.6079 I0.026 J0.0077
G1 X10.6803
G3 X10.6983 Y-0.5915 I-0.0007 J0.0187
G1 X10.6988 Y-0.5871
X10.7273 Y-0.358 F300.
X10.7274 Y-0.3578
G3 X10.7094 Y-0.337 I-0.0186 J0.0021 F40.
G1 X10.6169
G3 X10.555 Y-0.3604 I0.0058 J-0.1088
G1 X10.5415 Y-0.3714
G3 X10.4927 Y-0.4424 I0.1412 J-0.1493
X10.4727 Y-0.5438 I0.2285 J-0.0978
G1 X10.4743 Y-0.5639
X10.4774 Y-0.5806
X10.4798 Y-0.5886
G3 X10.5057 Y-0.6079 I0.026 J0.0077
G1 X10.593
G3 X10.611 Y-0.5911 I-0.0007 J0.0187
G1 X10.6114 Y-0.5871
X10.6349 Y-0.3578 F300.
Y-0.3576 F40.
G3 X10.6169 Y-0.337 I-0.0187 J0.0019
G1 X10.5316
G3 X10.4677 Y-0.3605 I0.0037 J-0.1087
G1 X10.4542 Y-0.3714
G3 X10.4054 Y-0.4424 I0.1411 J-0.1492
X10.3854 Y-0.5438 I0.2285 J-0.0978
G1 X10.387 Y-0.5639
X10.3901 Y-0.5806
X10.3925 Y-0.5886
G3 X10.4184 Y-0.6079 I0.026 J0.0077
G1 X10.5057
G3 X10.5237 Y-0.5912 I-0.0007 J0.0187
G1 X10.5242 Y-0.5871
X10.5496 Y-0.3578 F300.
G3 X10.5316 Y-0.337 I-0.0186 J0.0021 F40.
G1 X10.4463
G3 X10.3803 Y-0.3606 I0.0019 J-0.1092
G1 X10.3669 Y-0.3715
G3 X10.3181 Y-0.4425 I0.141 J-0.1491
X10.2981 Y-0.5438 I0.2284 J-0.0978
G1 X10.2997 Y-0.5639
X10.3028 Y-0.5806
X10.3051 Y-0.5886
G3 X10.3311 Y-0.6079 I0.026 J0.0077
G1 X10.4184
G3 X10.4364 Y-0.5914 I-0.0007 J0.0187
G1 X10.4369 Y-0.5871
X10.4643 Y-0.3579 F300.
G3 X10.4463 Y-0.337 I-0.0186 J0.0022 F40.
G1 X10.3538
G3 X10.2917 Y-0.3614 I0.007 J-0.109
G1 X10.2782 Y-0.3726
G3 X10.2296 Y-0.4451 I0.1449 J-0.1496
X10.2108 Y-0.5464 I0.2292 J-0.095
G1 X10.2126 Y-0.5659
X10.2159 Y-0.5825
X10.2179 Y-0.5889
G3 X10.2437 Y-0.6079 I0.0259 J0.0081
G1 X10.3311
G3 X10.3491 Y-0.591 I-0.0007 J0.0187
G1 X10.3495 Y-0.5871
X10.3718 Y-0.3578 F300.
X10.3719 Y-0.3575 F40.
G3 X10.3538 Y-0.337 I-0.0187 J0.0018
G1 X10.2685
G3 X10.2057 Y-0.3604 I0.0049 J-0.1087
X10.1545 Y-0.42 I0.1087 J-0.1454
X10.1241 Y-0.5206 I0.2173 J-0.1204
G1 X10.1234 Y-0.5437
X10.125 Y-0.564
X10.1281 Y-0.5805
X10.1305 Y-0.5886
G3 X10.1564 Y-0.6079 I0.026 J0.0077
G1 X10.2437
G3 X10.2617 Y-0.5912 I-0.0007 J0.0187
G1 X10.2622 Y-0.5871
X10.2865 Y-0.3578 F300.
Y-0.3577 F40.
G3 X10.2685 Y-0.337 I-0.0186 J0.002
G1 X10.1832
G3 X10.1184 Y-0.3605 I0.0028 J-0.1087
G1 X10.1049 Y-0.3715
G3 X10.0561 Y-0.4425 I0.1411 J-0.1492
X10.0361 Y-0.5438 I0.2284 J-0.0978
G1 X10.0377 Y-0.5639
X10.0408 Y-0.5806
X10.0432 Y-0.5886
G3 X10.0691 Y-0.6079 I0.026 J0.0077
G1 X10.1564
G3 X10.1744 Y-0.5913 I-0.0007 J0.0187
G1 X10.1749 Y-0.5871
X10.2012 Y-0.3578 F300.
G3 X10.1832 Y-0.337 I-0.0186 J0.0021 F40.
G1 X10.0979
G3 X10.0311 Y-0.3606 I0.0012 J-0.1096
G1 X10.0176 Y-0.3716
G3 X9.9688 Y-0.4425 I0.141 J-0.1491
X9.9488 Y-0.5439 I0.2283 J-0.0977
G1 X9.9504 Y-0.5639
X9.9535 Y-0.5806
X9.9559 Y-0.5886
G3 X9.9818 Y-0.6079 I0.026 J0.0077
G1 X10.0691
G3 X10.0871 Y-0.5915 I-0.0007 J0.0187
G1 X10.0876 Y-0.5871
X10.1158 Y-0.358 F300.
Y-0.3578
G3 X10.0979 Y-0.337 I-0.0186 J0.0021 F40.
G1 X10.0054
G3 X9.9437 Y-0.3605 I0.0062 J-0.1089
G1 X9.9302 Y-0.3715
G3 X9.8814 Y-0.4427 I0.1416 J-0.1493
X9.8615 Y-0.5441 I0.2286 J-0.0975
G1 X9.8631 Y-0.5642
X9.8662 Y-0.5808
X9.8686 Y-0.5886
G3 X9.8945 Y-0.6079 I0.0259 J0.0078
G1 X9.9818
G3 X9.9998 Y-0.5911 I-0.0007 J0.0187
G1 X10.0002 Y-0.5871
X10.0234 Y-0.3578 F300.
Y-0.3576 F40.
G3 X10.0054 Y-0.337 I-0.0187 J0.0019
G1 X9.9201
G3 X9.8565 Y-0.3605 I0.004 J-0.1087
G1 X9.843 Y-0.3714
G3 X9.7942 Y-0.4424 I0.1411 J-0.1491
X9.7742 Y-0.5438 I0.2285 J-0.0978
G1 X9.7758 Y-0.5639
X9.7788 Y-0.5805
X9.7812 Y-0.5886
G3 X9.8072 Y-0.6079 I0.026 J0.0077
G1 X9.8945
G3 X9.9125 Y-0.5912 I-0.0007 J0.0187
G1 X9.9129 Y-0.5871
X9.9381 Y-0.3578 F300.
G3 X9.9201 Y-0.337 I-0.0186 J0.002 F40.
G1 X9.8348
G3 X9.7691 Y-0.3606 I0.0022 J-0.1091
G1 X9.7557 Y-0.3715
G3 X9.7069 Y-0.4425 I0.1411 J-0.1491
X9.6869 Y-0.5438 I0.2284 J-0.0978
G1 X9.6885 Y-0.5639
X9.6915 Y-0.5806
X9.6939 Y-0.5886
G3 X9.7199 Y-0.6079 I0.026 J0.0077
G1 X9.8072
G3 X9.8252 Y-0.5914 I-0.0007 J0.0187
G1 X9.8257 Y-0.5871
X9.8527 Y-0.3579 F300.
G3 X9.8348 Y-0.337 I-0.0186 J0.0022 F40.
G1 X9.7494
G3 X9.6818 Y-0.3607 I0.0005 J-0.11
G1 X9.6683 Y-0.3716
G3 X9.6196 Y-0.4425 I0.141 J-0.1491
X9.5996 Y-0.5439 I0.2283 J-0.0977
G1 X9.6012 Y-0.564
X9.6042 Y-0.5806
X9.6066 Y-0.5886
G3 X9.6326 Y-0.6079 I0.026 J0.0077
G1 X9.7199
G3 X9.7378 Y-0.5915 I-0.0007 J0.0187
G1 X9.7384 Y-0.5871
X9.7674 Y-0.3581 F300.
Y-0.3578
G3 X9.7494 Y-0.337 I-0.0186 J0.0021 F40.
G1 X9.657
G3 X9.5946 Y-0.3604 I0.0053 J-0.1088
G1 X9.5811 Y-0.3714
G3 X9.5323 Y-0.4424 I0.1412 J-0.1492
X9.5123 Y-0.5438 I0.2285 J-0.0978
G1 X9.5139 Y-0.5639
X9.5169 Y-0.5806
X9.5193 Y-0.5886
G3 X9.5453 Y-0.6079 I0.026 J0.0077
G1 X9.6326
G3 X9.6506 Y-0.5911 I-0.0007 J0.0187
G1 X9.651 Y-0.5871
X9.675 Y-0.3578 F300.
Y-0.3577 F40.
G3 X9.657 Y-0.337 I-0.0186 J0.002
G1 X9.5717
G3 X9.5073 Y-0.3605 I0.0032 J-0.1088
G1 X9.4938 Y-0.3715
G3 X9.445 Y-0.4425 I0.1411 J-0.1491
X9.425 Y-0.5438 I0.2284 J-0.0978
G1 X9.4265 Y-0.5639
X9.4296 Y-0.5806
X9.432 Y-0.5886
G3 X9.458 Y-0.6079 I0.026 J0.0077
G1 X9.5453
G3 X9.5633 Y-0.5913 I-0.0007 J0.0187
G1 X9.5637 Y-0.5871
X9.5897 Y-0.3578 F300.
G3 X9.5717 Y-0.337 I-0.0186 J0.0021 F40.
G1 X9.4864
G3 X9.4199 Y-0.3606 I0.0015 J-0.1094
G1 X9.4064 Y-0.3715
G3 X9.3577 Y-0.4425 I0.141 J-0.1491
X9.3377 Y-0.5439 I0.2283 J-0.0978
G1 X9.3392 Y-0.564
X9.3423 Y-0.5806
X9.3447 Y-0.5886
G3 X9.3707 Y-0.6079 I0.026 J0.0077
G1 X9.458
G3 X9.4759 Y-0.5914 I-0.0007 J0.0187
G1 X9.4765 Y-0.5871
X9.5043 Y-0.358 F300.
Y-0.3578
G3 X9.4864 Y-0.337 I-0.0186 J0.0021 F40.
G1 X9.3939
G3 X9.332 Y-0.3609 I0.0065 J-0.109
G1 X9.3185 Y-0.372
G3 X9.2698 Y-0.4438 I0.1431 J-0.1494
X9.2504 Y-0.5451 I0.229 J-0.0964
G1 X9.252 Y-0.5649
X9.2552 Y-0.5815
X9.2574 Y-0.5887
G3 X9.2833 Y-0.6079 I0.0259 J0.0079
G1 X9.3707
G3 X9.3887 Y-0.591 I-0.0007 J0.0187
G1 X9.3891 Y-0.5871
X9.4119 Y-0.3578 F300.
Y-0.3576 F40.
G3 X9.3939 Y-0.337 I-0.0187 J0.0019
G1 X9.3086
G3 X9.2453 Y-0.3605 I0.0044 J-0.1087
X9.194 Y-0.4202 I0.1086 J-0.1453
G1 X9.183 Y-0.4424
G3 X9.163 Y-0.5438 I0.2297 J-0.098
G1 X9.1646 Y-0.564
X9.1677 Y-0.5805
X9.1701 Y-0.5886
G3 X9.196 Y-0.6079 I0.026 J0.0077
G1 X9.2833
G3 X9.3013 Y-0.5912 I-0.0007 J0.0187
G1 X9.3018 Y-0.5871
X9.3266 Y-0.3578 F300.
Y-0.3577 F40.
G3 X9.3086 Y-0.337 I-0.0186 J0.002
G1 X9.2233
G3 X9.158 Y-0.3605 I0.0024 J-0.1089
G1 X9.1445 Y-0.3715
G3 X9.0957 Y-0.4425 I0.1411 J-0.1491
X9.0757 Y-0.5438 I0.2284 J-0.0978
G1 X9.0773 Y-0.5639
X9.0804 Y-0.5806
X9.0828 Y-0.5886
G3 X9.1087 Y-0.6079 I0.026 J0.0077
G1 X9.196
G3 X9.214 Y-0.5913 I-0.0007 J0.0187
G1 X9.2145 Y-0.5871
X9.2412 Y-0.3579 F300.
G3 X9.2233 Y-0.337 I-0.0186 J0.0022 F40.
G1 X9.1379
G3 X9.0707 Y-0.3606 I0.0008 J-0.1098
G1 X9.0572 Y-0.3716
G3 X9.0084 Y-0.4425 I0.141 J-0.149
X8.9884 Y-0.5439 I0.2283 J-0.0977
G1 X8.99 Y-0.564
X8.9931 Y-0.5806
X8.9955 Y-0.5886
G3 X9.0214 Y-0.6079 I0.026 J0.0077
G1 X9.1087
G3 X9.1267 Y-0.5915 I-0.0007 J0.0187
G1 X9.1272 Y-0.5871
X9.1559 Y-0.358 F300.
Y-0.3578
G3 X9.1379 Y-0.337 I-0.0186 J0.0021 F40.
G1 X9.0455
G3 X8.9835 Y-0.3604 I0.0057 J-0.1088
G1 X8.9699 Y-0.3714
G3 X8.9211 Y-0.4424 I0.1412 J-0.1492
X8.9011 Y-0.5438 I0.2285 J-0.0978
G1 X8.9027 Y-0.5639
X8.9058 Y-0.5806
X8.9082 Y-0.5886
G3 X8.9341 Y-0.6079 I0.026 J0.0077
G1 X9.0214
G3 X9.0394 Y-0.5911 I-0.0007 J0.0187
G1 X9.0398 Y-0.5871
X9.0635 Y-0.3578 F300.
Y-0.3576 F40.
G3 X9.0455 Y-0.337 I-0.0187 J0.0019
G1 X8.9602
G3 X8.8961 Y-0.3605 I0.0036 J-0.1087
G1 X8.8826 Y-0.3714
G3 X8.8338 Y-0.4424 I0.1411 J-0.1491
X8.8138 Y-0.5438 I0.2284 J-0.0978
G1 X8.8154 Y-0.5639
X8.8185 Y-0.5806
X8.8209 Y-0.5886
G3 X8.8468 Y-0.6079 I0.026 J0.0077
G1 X8.9341
G3 X8.9521 Y-0.5913 I-0.0007 J0.0187
G1 X8.9526 Y-0.5871
X8.9781 Y-0.3578 F300.
G3 X8.9602 Y-0.337 I-0.0186 J0.0021 F40.
G1 X8.8748
G3 X8.8088 Y-0.3606 I0.0018 J-0.1093
G1 X8.7953 Y-0.3715
G3 X8.7465 Y-0.4425 I0.141 J-0.1491
X8.7265 Y-0.5438 I0.2284 J-0.0978
G1 X8.7281 Y-0.5639
X8.7312 Y-0.5806
X8.7336 Y-0.5886
G3 X8.7595 Y-0.6079 I0.026 J0.0077
G1 X8.8468
G3 X8.8648 Y-0.5914 I-0.0007 J0.0187
G1 X8.8653 Y-0.5871
X8.8928 Y-0.3579 F300.
G3 X8.8748 Y-0.337 I-0.0186 J0.0022 F40.
G1 X8.7824
G3 X8.7203 Y-0.3613 I0.0068 J-0.109
G1 X8.7068 Y-0.3724
G3 X8.6582 Y-0.4447 I0.1443 J-0.1495
X8.6392 Y-0.546 I0.2292 J-0.0954
G1 X8.641 Y-0.5656
X8.6442 Y-0.5822
X8.6463 Y-0.5888
G3 X8.6722 Y-0.6079 I0.0259 J0.008
G1 X8.7595
G3 X8.7775 Y-0.591 I-0.0007 J0.0187
G1 X8.7779 Y-0.5871
X8.8004 Y-0.3578 F300.
Y-0.3575 F40.
G3 X8.7824 Y-0.337 I-0.0187 J0.0018
G1 X8.6971
G3 X8.6342 Y-0.3604 I0.0047 J-0.1087
X8.5828 Y-0.4201 I0.1086 J-0.1453
X8.5526 Y-0.5206 I0.2172 J-0.1203
G1 X8.5519 Y-0.5438
X8.5534 Y-0.564
X8.5565 Y-0.5805
X8.5589 Y-0.5886
G3 X8.5849 Y-0.6079 I0.026 J0.0077
G1 X8.6722
G3 X8.6901 Y-0.5912 I-0.0007 J0.0187
G1 X8.6906 Y-0.5871
X8.715 Y-0.3578 F300.
X8.7151 Y-0.3577 F40.
G3 X8.6971 Y-0.337 I-0.0186 J0.002
G1 X8.6117
G3 X8.5468 Y-0.3605 I0.0027 J-0.1088
G1 X8.5333 Y-0.3715
G3 X8.4846 Y-0.4425 I0.1411 J-0.1492
X8.4645 Y-0.5438 I0.2284 J-0.0978
G1 X8.4661 Y-0.5639
X8.4692 Y-0.5806
X8.4716 Y-0.5886
G3 X8.4975 Y-0.6079 I0.026 J0.0077
G1 X8.5849
G3 X8.6028 Y-0.5913 I-0.0007 J0.0187
G1 X8.6033 Y-0.5871
X8.6297 Y-0.3579 F300.
G3 X8.6117 Y-0.337 I-0.0186 J0.0021 F40.
G1 X8.5264
G3 X8.4595 Y-0.3606 I0.0011 J-0.1096
G1 X8.446 Y-0.3716
G3 X8.3973 Y-0.4425 I0.141 J-0.1491
X8.3772 Y-0.5439 I0.2283 J-0.0977
G1 X8.3788 Y-0.564
X8.3819 Y-0.5806
X8.3843 Y-0.5886
G3 X8.4102 Y-0.6079 I0.026 J0.0077
G1 X8.4975
G3 X8.5155 Y-0.5915 I-0.0007 J0.0187
G1 X8.516 Y-0.5871
X8.5444 Y-0.358 F300.
Y-0.3578
G3 X8.5264 Y-0.337 I-0.0186 J0.0021 F40.
G1 X8.434
G3 X8.3723 Y-0.3604 I0.006 J-0.1089
G1 X8.3587 Y-0.3714
G3 X8.31 Y-0.4424 I0.1412 J-0.1492
X8.2899 Y-0.5438 I0.2285 J-0.0978
G1 X8.2915 Y-0.5639
X8.2946 Y-0.5806
X8.297 Y-0.5886
G3 X8.3229 Y-0.6079 I0.026 J0.0077
G1 X8.4102
G3 X8.4282 Y-0.5911 I-0.0007 J0.0187
G1 X8.4286 Y-0.5871
X8.452 Y-0.3578 F300.
Y-0.3576 F40.
G3 X8.434 Y-0.337 I-0.0187 J0.0019
G1 X8.3487
G3 X8.2849 Y-0.3605 I0.0039 J-0.1087
G1 X8.2714 Y-0.3714
G3 X8.2226 Y-0.4424 I0.1411 J-0.1492
X8.2026 Y-0.5438 I0.2285 J-0.0978
G1 X8.2042 Y-0.5639
X8.2073 Y-0.5806
X8.2097 Y-0.5886
G3 X8.2356 Y-0.6079 I0.026 J0.0077
G1 X8.3229
G3 X8.3409 Y-0.5912 I-0.0007 J0.0187
G1 X8.3414 Y-0.5871
X8.3666 Y-0.3578 F300.
G3 X8.3487 Y-0.337 I-0.0186 J0.0021 F40.
G1 X8.2633
G3 X8.1976 Y-0.3606 I0.0021 J-0.1091
G1 X8.1841 Y-0.3715
G3 X8.1353 Y-0.4425 I0.141 J-0.1491
X8.1153 Y-0.5438 I0.2284 J-0.0978
G1 X8.1169 Y-0.5639
X8.12 Y-0.5806
X8.1224 Y-0.5886
G3 X8.1483 Y-0.6079 I0.026 J0.0077
G1 X8.2356
G3 X8.2536 Y-0.5914 I-0.0007 J0.0187
G1 X8.2541 Y-0.5871
X8.2813 Y-0.3579 F300.
G3 X8.2633 Y-0.337 I-0.0186 J0.0022 F40.
G1 X8.178
G3 X8.1102 Y-0.3607 I0.0004 J-0.11
G1 X8.0968 Y-0.3716
G3 X8.048 Y-0.4425 I0.141 J-0.149
X8.028 Y-0.5439 I0.2283 J-0.0977
G1 X8.0296 Y-0.564
X8.0327 Y-0.5806
X8.0351 Y-0.5886
G3 X8.061 Y-0.6079 I0.026 J0.0077
G1 X8.1483
G3 X8.1663 Y-0.5915 I-0.0007 J0.0187
G1 X8.1668 Y-0.5871
X8.1959 Y-0.3581 F300.
X8.196 Y-0.3578
G3 X8.178 Y-0.337 I-0.0186 J0.0021 F40.
G1 X8.0856
G3 X8.023 Y-0.3604 I0.0052 J-0.1088
G1 X8.0095 Y-0.3714
G3 X7.9607 Y-0.4424 I0.1412 J-0.1492
X7.9407 Y-0.5438 I0.2285 J-0.0978
G1 X7.9423 Y-0.5639
X7.9454 Y-0.5806
X7.9478 Y-0.5886
G3 X7.9737 Y-0.6079 I0.026 J0.0077
G1 X8.061
G3 X8.079 Y-0.5911 I-0.0007 J0.0187
G1 X8.0794 Y-0.5871
X8.1035 Y-0.3578 F300.
X8.1036 Y-0.3577 F40.
G3 X8.0856 Y-0.337 I-0.0186 J0.002
G1 X8.0002
G3 X7.9357 Y-0.3605 I0.0031 J-0.1088
G1 X7.9222 Y-0.3715
G3 X7.8734 Y-0.4425 I0.1411 J-0.1491
X7.8534 Y-0.5438 I0.2284 J-0.0978
G1 X7.855 Y-0.5639
X7.8581 Y-0.5806
X7.8604 Y-0.5886
G3 X7.8864 Y-0.6079 I0.026 J0.0077
G1 X7.9737
G3 X7.9917 Y-0.5913 I-0.0007 J0.0187
G1 X7.9922 Y-0.5871
X8.0182 Y-0.3578 F300.
G3 X8.0002 Y-0.337 I-0.0186 J0.0021 F40.
G1 X7.9149
G3 X7.8483 Y-0.3606 I0.0014 J-0.1095
G1 X7.8348 Y-0.3716
G3 X7.7861 Y-0.4425 I0.141 J-0.1491
X7.7661 Y-0.5439 I0.2283 J-0.0977
G1 X7.7677 Y-0.564
X7.7708 Y-0.5806
X7.7731 Y-0.5886
G3 X7.7991 Y-0.6079 I0.026 J0.0077
G1 X7.8864
G3 X7.9044 Y-0.5914 I-0.0007 J0.0187
G1 X7.9049 Y-0.5871
X7.9329 Y-0.358 F300.
Y-0.3578
G3 X7.9149 Y-0.337 I-0.0186 J0.0021 F40.
G1 X7.8225
G3 X7.7606 Y-0.3608 I0.0064 J-0.1089
G1 X7.7471 Y-0.3718
G3 X7.6984 Y-0.4434 I0.1426 J-0.1494
X7.6788 Y-0.5448 I0.2288 J-0.0968
G1 X7.6804 Y-0.5647
X7.6836 Y-0.5813
X7.6859 Y-0.5887
G3 X7.7118 Y-0.6079 I0.0259 J0.0079
G1 X7.7991
G3 X7.8171 Y-0.591 I-0.0007 J0.0187
G1 X7.8175 Y-0.5871
X7.8404 Y-0.3578 F300.
X7.8405 Y-0.3576 F40.
G3 X7.8225 Y-0.337 I-0.0187 J0.0019
G1 X7.7371
G3 X7.6738 Y-0.3605 I0.0042 J-0.1087
G1 X7.6602 Y-0.3714
G3 X7.6115 Y-0.4424 I0.141 J-0.149
X7.5915 Y-0.5438 I0.2284 J-0.0978
G1 X7.593 Y-0.5639
X7.5961 Y-0.5805
X7.5985 Y-0.5886
G3 X7.6245 Y-0.6079 I0.026 J0.0077
G1 X7.7118
G3 X7.7298 Y-0.5912 I-0.0007 J0.0187
G1 X7.7302 Y-0.5871
X7.7551 Y-0.3578 F300.
Y-0.3577 F40.
G3 X7.7371 Y-0.337 I-0.0186 J0.002
G1 X7.6518
G3 X7.5864 Y-0.3606 I0.0023 J-0.109
G1 X7.5729 Y-0.3715
G3 X7.5242 Y-0.4425 I0.1411 J-0.1491
X7.5042 Y-0.5438 I0.2284 J-0.0978
G1 X7.5057 Y-0.5639
X7.5088 Y-0.5806
X7.5112 Y-0.5886
G3 X7.5372 Y-0.6079 I0.026 J0.0077
G1 X7.6245
G3 X7.6424 Y-0.5914 I-0.0007 J0.0187
G1 X7.6429 Y-0.5871
X7.6698 Y-0.3579 F300.
G3 X7.6518 Y-0.337 I-0.0186 J0.0022 F40.
G1 X7.5665
G3 X7.4991 Y-0.3607 I0.0007 J-0.1098
G1 X7.4856 Y-0.3716
G3 X7.4369 Y-0.4425 I0.141 J-0.1491
X7.4169 Y-0.5439 I0.2283 J-0.0977
G1 X7.4184 Y-0.564
X7.4215 Y-0.5806
X7.4239 Y-0.5886
G3 X7.4499 Y-0.6079 I0.026 J0.0077
G1 X7.5372
G3 X7.5551 Y-0.5915 I-0.0007 J0.0187
G1 X7.5557 Y-0.5871
X7.5844 Y-0.358 F300.
X7.5845 Y-0.3578
G3 X7.5665 Y-0.337 I-0.0186 J0.0021 F40.
G1 X7.474
G3 X7.4119 Y-0.3604 I0.0055 J-0.1088
G1 X7.3984 Y-0.3714
G3 X7.3496 Y-0.4424 I0.1412 J-0.1492
X7.3295 Y-0.5438 I0.2285 J-0.0978
G1 X7.3311 Y-0.5639
X7.3342 Y-0.5806
X7.3366 Y-0.5886
G3 X7.3625 Y-0.6079 I0.026 J0.0077
G1 X7.4499
G3 X7.4679 Y-0.5911 I-0.0007 J0.0187
G1 X7.4683 Y-0.5871
X7.492 Y-0.3578 F300.
Y-0.3576 F40.
G3 X7.474 Y-0.337 I-0.0186 J0.0019
G1 X7.3887
G3 X7.3245 Y-0.3605 I0.0035 J-0.1087
G1 X7.311 Y-0.3715
G3 X7.2623 Y-0.4424 I0.1411 J-0.1491
X7.2422 Y-0.5438 I0.2284 J-0.0978
G1 X7.2438 Y-0.5639
X7.2469 Y-0.5806
X7.2493 Y-0.5886
G3 X7.2752 Y-0.6079 I0.026 J0.0077
G1 X7.3625
G3 X7.3805 Y-0.5913 I-0.0007 J0.0187
G1 X7.381 Y-0.5871
X7.4067 Y-0.3578 F300.
G3 X7.3887 Y-0.337 I-0.0186 J0.0021 F40.
G1 X7.3034
G3 X7.2372 Y-0.3606 I0.0017 J-0.1093
G1 X7.2237 Y-0.3715
G3 X7.175 Y-0.4425 I0.141 J-0.1491
X7.1549 Y-0.5438 I0.2283 J-0.0978
G1 X7.1565 Y-0.5639
X7.1596 Y-0.5806
X7.162 Y-0.5886
G3 X7.1879 Y-0.6079 I0.026 J0.0077
G1 X7.2752
G3 X7.2932 Y-0.5914 I-0.0007 J0.0187
G1 X7.2937 Y-0.5871
X7.3214 Y-0.358 F300.
Y-0.3578
G3 X7.3034 Y-0.337 I-0.0186 J0.0021 F40.
G1 X7.211
G3 X7.1489 Y-0.3611 I0.0067 J-0.109
G1 X7.1354 Y-0.3723
G3 X7.0868 Y-0.4444 I0.1439 J-0.1495
X7.0676 Y-0.5457 I0.2291 J-0.0958
G1 X7.0694 Y-0.5654
X7.0726 Y-0.5819
X7.0747 Y-0.5888
G3 X7.1006 Y-0.6079 I0.0259 J0.008
G1 X7.1879
G3 X7.2059 Y-0.591 I-0.0007 J0.0187
G1 X7.2063 Y-0.5871
X7.2289 Y-0.3578 F300.
X7.229 Y-0.3575 F40.
G3 X7.211 Y-0.337 I-0.0187 J0.0018
G1 X7.1256
G3 X7.0626 Y-0.3604 I0.0046 J-0.1087
X7.0113 Y-0.4201 I0.1086 J-0.1453
X6.981 Y-0.5206 I0.2172 J-0.1202
G1 X6.9803 Y-0.5438
X6.9819 Y-0.564
X6.9849 Y-0.5805
X6.9873 Y-0.5886
G3 X7.0133 Y-0.6079 I0.026 J0.0077
G1 X7.1006
G3 X7.1186 Y-0.5912 I-0.0007 J0.0187
G1 X7.119 Y-0.5871
X7.1436 Y-0.3578 F300.
Y-0.3577 F40.
G3 X7.1256 Y-0.337 I-0.0186 J0.002
G1 X7.0403
G3 X6.9753 Y-0.3605 I0.0026 J-0.1088
G1 X6.9618 Y-0.3715
G3 X6.913 Y-0.4425 I0.1411 J-0.1492
X6.893 Y-0.5438 I0.2284 J-0.0978
G1 X6.8945 Y-0.5639
X6.8976 Y-0.5806
X6.9 Y-0.5886
G3 X6.926 Y-0.6079 I0.026 J0.0077
G1 X7.0133
G3 X7.0313 Y-0.5913 I-0.0007 J0.0187
G1 X7.0318 Y-0.5871
X7.0583 Y-0.3579 F300.
G3 X7.0403 Y-0.337 I-0.0186 J0.0022 F40.
G1 X6.955
G3 X6.8879 Y-0.3606 I0.001 J-0.1097
G1 X6.8744 Y-0.3716
G3 X6.8257 Y-0.4425 I0.141 J-0.1491
X6.8057 Y-0.5439 I0.2283 J-0.0977
G1 X6.8072 Y-0.564
X6.8103 Y-0.5806
X6.8127 Y-0.5886
G3 X6.8387 Y-0.6079 I0.026 J0.0077
G1 X6.926
G3 X6.9439 Y-0.5915 I-0.0007 J0.0187
G1 X6.9445 Y-0.5871
X6.9729 Y-0.358 F300.
Y-0.3578
G3 X6.955 Y-0.337 I-0.0186 J0.0021 F40.
G1 X6.8625
G3 X6.8007 Y-0.3604 I0.0059 J-0.1088
G1 X6.7872 Y-0.3714
G3 X6.7384 Y-0.4424 I0.1412 J-0.1492
X6.7184 Y-0.5438 I0.2285 J-0.0978
G1 X6.7199 Y-0.5639
X6.723 Y-0.5806
X6.7254 Y-0.5886
G3 X6.7514 Y-0.6079 I0.026 J0.0077
G1 X6.8387
G3 X6.8567 Y-0.5911 I-0.0007 J0.0187
G1 X6.8571 Y-0.5871
X6.8805 Y-0.3578 F300.
Y-0.3576 F40.
G3 X6.8625 Y-0.337 I-0.0187 J0.0019
G1 X6.7772
G3 X6.7133 Y-0.3605 I0.0038 J-0.1087
G1 X6.6998 Y-0.3714
G3 X6.6511 Y-0.4424 I0.1411 J-0.1492
X6.6311 Y-0.5438 I0.2285 J-0.0978
G1 X6.6326 Y-0.5639
X6.6357 Y-0.5806
X6.6381 Y-0.5886
G3 X6.6641 Y-0.6079 I0.026 J0.0077
G1 X6.7514
G3 X6.7693 Y-0.5912 I-0.0007 J0.0187
G1 X6.7698 Y-0.5871
X6.7952 Y-0.3578 F300.
G3 X6.7772 Y-0.337 I-0.0186 J0.0021 F40.
G1 X6.6919
G3 X6.626 Y-0.3606 I0.002 J-0.1092
G1 X6.6125 Y-0.3715
G3 X6.5638 Y-0.4425 I0.141 J-0.1491
X6.5437 Y-0.5438 I0.2284 J-0.0978
G1 X6.5453 Y-0.5639
X6.5484 Y-0.5806
X6.5508 Y-0.5886
G3 X6.5768 Y-0.6079 I0.026 J0.0077
G1 X6.6641
G3 X6.682 Y-0.5914 I-0.0007 J0.0187
G1 X6.6825 Y-0.5871
X6.7098 Y-0.3579 F300.
G3 X6.6919 Y-0.337 I-0.0186 J0.0022 F40.
G1 X6.5994
G3 X6.5372 Y-0.3615 I0.007 J-0.109
G1 X6.5238 Y-0.3727
G3 X6.4752 Y-0.4453 I0.1451 J-0.1496
X6.4565 Y-0.5465 I0.2293 J-0.0948
G1 X6.4583 Y-0.566
X6.4616 Y-0.5826
X6.4635 Y-0.5889
G3 X6.4894 Y-0.6079 I0.0258 J0.0081
G1 X6.5768
G3 X6.5948 Y-0.591 I-0.0007 J0.0187
G1 X6.5951 Y-0.5871
X6.6174 Y-0.3578 F300.
Y-0.3575 F40.
G3 X6.5994 Y-0.337 I-0.0187 J0.0018
G1 X6.5141
G3 X6.4514 Y-0.3604 I0.0049 J-0.1087
X6.4001 Y-0.42 I0.1087 J-0.1453
X6.3698 Y-0.5206 I0.2173 J-0.1204
G1 X6.3691 Y-0.5437
X6.3707 Y-0.564
X6.3737 Y-0.5805
X6.3761 Y-0.5886
G3 X6.4021 Y-0.6079 I0.026 J0.0077
G1 X6.4894
G3 X6.5074 Y-0.5911 I-0.0007 J0.0187
G1 X6.5078 Y-0.5871
X6.5321 Y-0.3578 F300.
Y-0.3577 F40.
G3 X6.5141 Y-0.337 I-0.0186 J0.002
G1 X6.4288
G3 X6.3641 Y-0.3605 I0.0029 J-0.1087
G1 X6.3506 Y-0.3715
G3 X6.3018 Y-0.4425 I0.1411 J-0.1492
X6.2818 Y-0.5438 I0.2284 J-0.0978
G1 X6.2833 Y-0.5639
X6.2864 Y-0.5806
X6.2888 Y-0.5886
G3 X6.3148 Y-0.6079 I0.026 J0.0077
G1 X6.4021
G3 X6.4201 Y-0.5913 I-0.0007 J0.0187
G1 X6.4205 Y-0.5871
X6.4468 Y-0.3578 F300.
G3 X6.4288 Y-0.337 I-0.0186 J0.0021 F40.
G1 X6.3435
G3 X6.2767 Y-0.3606 I0.0012 J-0.1095
G1 X6.2632 Y-0.3716
G3 X6.2145 Y-0.4425 I0.141 J-0.1491
X6.1945 Y-0.5439 I0.2283 J-0.0977
G1 X6.196 Y-0.5639
X6.1991 Y-0.5806
X6.2015 Y-0.5886
G3 X6.2275 Y-0.6079 I0.026 J0.0077
G1 X6.3148
G3 X6.3327 Y-0.5915 I-0.0007 J0.0187
G1 X6.3333 Y-0.5871
X6.3614 Y-0.358 F300.
Y-0.3578
G3 X6.3435 Y-0.337 I-0.0186 J0.0021 F40.
G1 X6.251
G3 X6.1892 Y-0.3606 I0.0062 J-0.1089
G1 X6.1757 Y-0.3716
G3 X6.127 Y-0.4429 I0.1419 J-0.1493
X6.1072 Y-0.5443 I0.2287 J-0.0973
G1 X6.1088 Y-0.5643
X6.1119 Y-0.5809
X6.1142 Y-0.5886
G3 X6.1402 Y-0.6079 I0.0259 J0.0078
G1 X6.2275
G3 X6.2455 Y-0.5911 I-0.0007 J0.0187
G1 X6.2459 Y-0.5871
X6.269 Y-0.3578 F300.
Y-0.3576 F40.
G3 X6.251 Y-0.337 I-0.0187 J0.0019
G1 X6.1657
G3 X6.1021 Y-0.3605 I0.0041 J-0.1087
G1 X6.0886 Y-0.3714
G3 X6.0399 Y-0.4424 I0.141 J-0.1491
X6.0198 Y-0.5438 I0.2285 J-0.0978
G1 X6.0214 Y-0.5639
X6.0245 Y-0.5805
X6.0269 Y-0.5886
G3 X6.0528 Y-0.6079 I0.026 J0.0077
G1 X6.1402
G3 X6.1581 Y-0.5912 I-0.0007 J0.0187
G1 X6.1586 Y-0.5871
X6.1837 Y-0.3578 F300.
Y-0.3577 F40.
G3 X6.1657 Y-0.337 I-0.0186 J0.002
G1 X6.0804
G3 X6.0148 Y-0.3606 I0.0022 J-0.109
G1 X6.0013 Y-0.3715
G3 X5.9526 Y-0.4425 I0.1411 J-0.1491
X5.9325 Y-0.5438 I0.2284 J-0.0978
G1 X5.9341 Y-0.5639
X5.9372 Y-0.5806
X5.9396 Y-0.5886
G3 X5.9655 Y-0.6079 I0.026 J0.0077
G1 X6.0528
G3 X6.0708 Y-0.5914 I-0.0007 J0.0187
G1 X6.0713 Y-0.5871
X6.0983 Y-0.3579 F300.
G3 X6.0804 Y-0.337 I-0.0186 J0.0022 F40.
G1 X5.995
G3 X5.9275 Y-0.3607 I0.0006 J-0.1099
G1 X5.914 Y-0.3716
G3 X5.8653 Y-0.4425 I0.141 J-0.149
X5.8452 Y-0.5439 I0.2283 J-0.0977
G1 X5.8468 Y-0.564
X5.8499 Y-0.5806
X5.8523 Y-0.5886
G3 X5.8782 Y-0.6079 I0.026 J0.0077
G1 X5.9655
G3 X5.9835 Y-0.5915 I-0.0007 J0.0187
G1 X5.984 Y-0.5871
X6.013 Y-0.3581 F300.
Y-0.3578
G3 X5.995 Y-0.337 I-0.0186 J0.0021 F40.
G1 X5.9026
G3 X5.8403 Y-0.3604 I0.0054 J-0.1088
G1 X5.8267 Y-0.3714
G3 X5.778 Y-0.4424 I0.1412 J-0.1492
X5.7579 Y-0.5438 I0.2285 J-0.0978
G1 X5.7595 Y-0.5639
X5.7626 Y-0.5806
X5.765 Y-0.5886
G3 X5.7909 Y-0.6079 I0.026 J0.0077
G1 X5.8782
G3 X5.8962 Y-0.5911 I-0.0007 J0.0187
G1 X5.8967 Y-0.5871
X5.9206 Y-0.3578 F300.
Y-0.3577 F40.
G3 X5.9026 Y-0.337 I-0.0186 J0.0019
G1 X5.8173
G3 X5.7529 Y-0.3605 I0.0033 J-0.1088
G1 X5.7394 Y-0.3715
G3 X5.6906 Y-0.4425 I0.1411 J-0.1491
X5.6706 Y-0.5438 I0.2284 J-0.0978
G1 X5.6722 Y-0.5639
X5.6753 Y-0.5806
X5.6777 Y-0.5886
G3 X5.7036 Y-0.6079 I0.026 J0.0077
G1 X5.7909
G3 X5.8089 Y-0.5913 I-0.0007 J0.0187
G1 X5.8094 Y-0.5871
X5.8352 Y-0.3578 F300.
G3 X5.8173 Y-0.337 I-0.0186 J0.0021 F40.
G1 X5.7319
G3 X5.6656 Y-0.3606 I0.0015 J-0.1094
G1 X5.6521 Y-0.3715
G3 X5.6033 Y-0.4425 I0.141 J-0.1491
X5.5833 Y-0.5439 I0.2283 J-0.0978
G1 X5.5849 Y-0.564
X5.588 Y-0.5806
X5.5904 Y-0.5886
G3 X5.6163 Y-0.6079 I0.026 J0.0077
G1 X5.7036
G3 X5.7216 Y-0.5914 I-0.0007 J0.0187
G1 X5.7221 Y-0.5871
X5.7499 Y-0.358 F300.
Y-0.3578
G3 X5.7319 Y-0.337 I-0.0186 J0.0021 F40.
G1 X5.6395
G3 X5.5775 Y-0.361 I0.0066 J-0.109
G1 X5.564 Y-0.3721
G3 X5.5154 Y-0.4439 I0.1433 J-0.1494
X5.496 Y-0.5453 I0.229 J-0.0963
G1 X5.4977 Y-0.565
X5.5009 Y-0.5816
X5.5031 Y-0.5888
G3 X5.529 Y-0.6079 I0.0259 J0.0079
G1 X5.6163
G3 X5.6343 Y-0.591 I-0.0007 J0.0187
G1 X5.6347 Y-0.5871
X5.6575 Y-0.3578 F300.
Y-0.3576 F40.
G3 X5.6395 Y-0.337 I-0.0187 J0.0019
G1 X5.5542
G3 X5.491 Y-0.3604 I0.0044 J-0.1087
X5.4396 Y-0.4202 I0.1087 J-0.1454
G1 X5.4287 Y-0.4424
G3 X5.4087 Y-0.5438 I0.2296 J-0.098
G1 X5.4102 Y-0.564
X5.4133 Y-0.5805
X5.4157 Y-0.5886
G3 X5.4417 Y-0.6079 I0.026 J0.0077
G1 X5.529
G3 X5.547 Y-0.5912 I-0.0007 J0.0187
G1 X5.5474 Y-0.5871
X5.5722 Y-0.3578 F300.
Y-0.3577 F40.
G3 X5.5542 Y-0.337 I-0.0186 J0.002
G1 X5.4688
G3 X5.4036 Y-0.3605 I0.0025 J-0.1089
G1 X5.3901 Y-0.3715
G3 X5.3414 Y-0.4425 I0.1411 J-0.1491
X5.3214 Y-0.5438 I0.2284 J-0.0978
G1 X5.3229 Y-0.5639
X5.326 Y-0.5806
X5.3284 Y-0.5886
G3 X5.3544 Y-0.6079 I0.026 J0.0077
G1 X5.4417
G3 X5.4596 Y-0.5913 I-0.0007 J0.0187
G1 X5.4601 Y-0.5871
X5.4868 Y-0.3579 F300.
G3 X5.4688 Y-0.337 I-0.0186 J0.0022 F40.
G1 X5.3835
G3 X5.3163 Y-0.3606 I0.0009 J-0.1098
G1 X5.3028 Y-0.3716
G3 X5.2541 Y-0.4425 I0.141 J-0.149
X5.2341 Y-0.5439 I0.2283 J-0.0977
G1 X5.2356 Y-0.564
X5.2387 Y-0.5806
X5.2411 Y-0.5886
G3 X5.2671 Y-0.6079 I0.026 J0.0077
G1 X5.3544
G3 X5.3723 Y-0.5915 I-0.0007 J0.0187
G1 X5.3729 Y-0.5871
X5.4015 Y-0.358 F300.
Y-0.3578
G3 X5.3835 Y-0.337 I-0.0186 J0.0021 F40.
G1 X5.2911
G3 X5.2291 Y-0.3604 I0.0057 J-0.1088
G1 X5.2156 Y-0.3714
G3 X5.1668 Y-0.4424 I0.1412 J-0.1492
X5.1468 Y-0.5438 I0.2285 J-0.0978
G1 X5.1483 Y-0.5639
X5.1514 Y-0.5806
X5.1538 Y-0.5886
G3 X5.1798 Y-0.6079 I0.026 J0.0077
G1 X5.2671
G3 X5.2851 Y-0.5911 I-0.0007 J0.0187
G1 X5.2855 Y-0.5871
X5.3091 Y-0.3578 F300.
Y-0.3576 F40.
G3 X5.2911 Y-0.337 I-0.0187 J0.0019
G1 X5.2058
G3 X5.1417 Y-0.3605 I0.0036 J-0.1087
G1 X5.1282 Y-0.3714
G3 X5.0795 Y-0.4424 I0.1411 J-0.1492
X5.0594 Y-0.5438 I0.2284 J-0.0978
G1 X5.061 Y-0.5639
X5.0641 Y-0.5806
X5.0665 Y-0.5886
G3 X5.0925 Y-0.6079 I0.026 J0.0077
G1 X5.1798
G3 X5.1977 Y-0.5912 I-0.0007 J0.0187
G1 X5.1982 Y-0.5871
X5.2237 Y-0.3578 F300.
G3 X5.2058 Y-0.337 I-0.0186 J0.0021 F40.
G1 X5.1204
G3 X5.0544 Y-0.3606 I0.0018 J-0.1092
G1 X5.0409 Y-0.3715
G3 X4.9922 Y-0.4425 I0.141 J-0.1491
X4.9721 Y-0.5438 I0.2284 J-0.0978
G1 X4.9737 Y-0.5639
X4.9768 Y-0.5806
X4.9792 Y-0.5886
G3 X5.0051 Y-0.6079 I0.026 J0.0077
G1 X5.0925
G3 X5.1104 Y-0.5914 I-0.0007 J0.0187
G1 X5.1109 Y-0.5871
X5.1384 Y-0.3579 F300.
G3 X5.1204 Y-0.337 I-0.0186 J0.0022 F40.
G1 X5.028
G3 X4.9659 Y-0.3613 I0.0069 J-0.109
G1 X4.9524 Y-0.3725
G3 X4.9038 Y-0.4449 I0.1445 J-0.1495
X4.8849 Y-0.5461 I0.2292 J-0.0952
G1 X4.8866 Y-0.5657
X4.8899 Y-0.5823
X4.8919 Y-0.5889
G3 X4.9178 Y-0.6079 I0.0259 J0.008
G1 X5.0051
G3 X5.0232 Y-0.591 I-0.0007 J0.0187
G1 X5.0235 Y-0.5871
X5.046 Y-0.3578 F300.
Y-0.3575 F40.
G3 X5.028 Y-0.337 I-0.0187 J0.0018
G1 X4.9427
G3 X4.8798 Y-0.3604 I0.0048 J-0.1087
X4.8285 Y-0.4201 I0.1087 J-0.1453
X4.7982 Y-0.5206 I0.2173 J-0.1203
G1 X4.7975 Y-0.5438
X4.7991 Y-0.564
X4.8021 Y-0.5805
X4.8045 Y-0.5886
G3 X4.8305 Y-0.6079 I0.026 J0.0077
G1 X4.9178
G3 X4.9358 Y-0.5912 I-0.0007 J0.0187
G1 X4.9362 Y-0.5871
X4.9606 Y-0.3578 F300.
X4.9607 Y-0.3577 F40.
G3 X4.9427 Y-0.337 I-0.0186 J0.002
G1 X4.8573
G3 X4.7925 Y-0.3605 I0.0028 J-0.1087
G1 X4.779 Y-0.3715
G3 X4.7302 Y-0.4425 I0.1411 J-0.1492
X4.7102 Y-0.5438 I0.2284 J-0.0978
G1 X4.7117 Y-0.5639
X4.7148 Y-0.5806
X4.7172 Y-0.5886
G3 X4.7432 Y-0.6079 I0.026 J0.0077
G1 X4.8305
G3 X4.8485 Y-0.5913 I-0.0007 J0.0187
G1 X4.849 Y-0.5871
X4.8753 Y-0.3579 F300.
G3 X4.8573 Y-0.337 I-0.0186 J0.0021 F40.
G1 X4.772
G3 X4.7051 Y-0.3606 I0.0011 J-0.1096
G1 X4.6916 Y-0.3716
G3 X4.6429 Y-0.4425 I0.141 J-0.1491
X4.6229 Y-0.5439 I0.2283 J-0.0977
G1 X4.6244 Y-0.564
X4.6275 Y-0.5806
X4.6299 Y-0.5886
G3 X4.6559 Y-0.6079 I0.026 J0.0077
G1 X4.7432
G3 X4.7611 Y-0.5915 I-0.0007 J0.0187
G1 X4.7617 Y-0.5871
X4.79 Y-0.358 F300.
Y-0.3578
G3 X4.772 Y-0.337 I-0.0186 J0.0021 F40.
G1 X4.6796
G3 X4.6179 Y-0.3604 I0.0061 J-0.1089
G1 X4.6043 Y-0.3714
G3 X4.5556 Y-0.4425 I0.1413 J-0.1493
X4.5356 Y-0.5439 I0.2285 J-0.0977
G1 X4.5371 Y-0.564
X4.5402 Y-0.5806
X4.5426 Y-0.5886
G3 X4.5686 Y-0.6079 I0.0259 J0.0078
G1 X4.6559
G3 X4.6739 Y-0.5911 I-0.0007 J0.0187
G1 X4.6743 Y-0.5871
X4.6975 Y-0.3578 F300.
X4.6976 Y-0.3576 F40.
G3 X4.6796 Y-0.337 I-0.0187 J0.0019
G1 X4.5942
G3 X4.5305 Y-0.3605 I0.0039 J-0.1087
G1 X4.517 Y-0.3714
G3 X4.4683 Y-0.4424 I0.1411 J-0.1491
X4.4482 Y-0.5438 I0.2285 J-0.0978
G1 X4.4498 Y-0.5639
X4.4529 Y-0.5806
X4.4553 Y-0.5886
G3 X4.4813 Y-0.6079 I0.026 J0.0077
G1 X4.5686
G3 X4.5865 Y-0.5912 I-0.0007 J0.0187
G1 X4.587 Y-0.5871
X4.6122 Y-0.3578 F300.
G3 X4.5942 Y-0.337 I-0.0186 J0.002 F40.
G1 X4.5089
G3 X4.4432 Y-0.3606 I0.0021 J-0.1091
G1 X4.4297 Y-0.3715
G3 X4.381 Y-0.4425 I0.1411 J-0.1491
X4.3609 Y-0.5438 I0.2284 J-0.0978
G1 X4.3625 Y-0.5639
X4.3656 Y-0.5806
X4.368 Y-0.5886
G3 X4.394 Y-0.6079 I0.026 J0.0077
G1 X4.4813
G3 X4.4992 Y-0.5914 I-0.0007 J0.0187
G1 X4.4997 Y-0.5871
X4.5269 Y-0.3579 F300.
G3 X4.5089 Y-0.337 I-0.0186 J0.0022 F40.
G1 X4.4236
G3 X4.3559 Y-0.3607 I0.0005 J-0.11
G1 X4.3424 Y-0.3716
G3 X4.2937 Y-0.4425 I0.141 J-0.149
X4.2737 Y-0.5439 I0.2283 J-0.0977
G1 X4.2752 Y-0.564
X4.2783 Y-0.5806
X4.2807 Y-0.5886
G3 X4.3067 Y-0.6079 I0.026 J0.0077
G1 X4.394
G3 X4.4119 Y-0.5915 I-0.0007 J0.0187
G1 X4.4125 Y-0.5871
X4.4415 Y-0.3581 F300.
X4.4416 Y-0.3578
G3 X4.4236 Y-0.337 I-0.0186 J0.0021 F40.
G1 X4.3312
G3 X4.2687 Y-0.3604 I0.0052 J-0.1088
G1 X4.2552 Y-0.3714
G3 X4.2064 Y-0.4424 I0.1412 J-0.1492
X4.1863 Y-0.5438 I0.2285 J-0.0978
G1 X4.1879 Y-0.5639
X4.191 Y-0.5806
X4.1934 Y-0.5886
G3 X4.2193 Y-0.6079 I0.026 J0.0077
G1 X4.3067
G3 X4.3246 Y-0.5911 I-0.0007 J0.0187
G1 X4.3251 Y-0.5871
X4.3491 Y-0.3578 F300.
Y-0.3577 F40.
G3 X4.3312 Y-0.337 I-0.0186 J0.002
G1 X4.2458
G3 X4.1813 Y-0.3605 I0.0032 J-0.1088
G1 X4.1678 Y-0.3715
G3 X4.1191 Y-0.4425 I0.1411 J-0.1491
X4.099 Y-0.5438 I0.2284 J-0.0978
G1 X4.1006 Y-0.5639
X4.1037 Y-0.5806
X4.1061 Y-0.5886
G3 X4.132 Y-0.6079 I0.026 J0.0077
G1 X4.2193
G3 X4.2373 Y-0.5913 I-0.0007 J0.0187
G1 X4.2378 Y-0.5871
X4.2638 Y-0.3578 F300.
G3 X4.2458 Y-0.337 I-0.0186 J0.0021 F40.
G1 X4.1605
G3 X4.094 Y-0.3606 I0.0014 J-0.1094
G1 X4.0805 Y-0.3716
G3 X4.0318 Y-0.4425 I0.141 J-0.1491
X4.0117 Y-0.5439 I0.2283 J-0.0978
G1 X4.0133 Y-0.564
X4.0164 Y-0.5806
X4.0188 Y-0.5886
G3 X4.0447 Y-0.6079 I0.026 J0.0077
G1 X4.132
G3 X4.15 Y-0.5914 I-0.0007 J0.0187
G1 X4.1505 Y-0.5871
X4.1785 Y-0.358 F300.
Y-0.3578
G3 X4.1605 Y-0.337 I-0.0186 J0.0021 F40.
G1 X4.0681
G3 X4.0062 Y-0.3608 I0.0064 J-0.1089
G1 X3.9927 Y-0.3719
G3 X3.944 Y-0.4435 I0.1427 J-0.1494
X3.9244 Y-0.5449 I0.2289 J-0.0967
G1 X3.9261 Y-0.5648
X3.9293 Y-0.5814
X3.9315 Y-0.5887
G3 X3.9574 Y-0.6079 I0.0259 J0.0079
G1 X4.0447
G3 X4.0627 Y-0.591 I-0.0007 J0.0187
G1 X4.0631 Y-0.5871
X4.086 Y-0.3578 F300.
X4.0861 Y-0.3576 F40.
G3 X4.0681 Y-0.337 I-0.0187 J0.0019
G1 X3.9827
G3 X3.9194 Y-0.3605 I0.0043 J-0.1087
X3.868 Y-0.4203 I0.1087 J-0.1454
G1 X3.8571 Y-0.4424
G3 X3.8371 Y-0.5438 I0.2297 J-0.098
G1 X3.8387 Y-0.564
X3.8417 Y-0.5805
X3.8441 Y-0.5886
G3 X3.8701 Y-0.6079 I0.026 J0.0077
G1 X3.9574
G3 X3.9754 Y-0.5912 I-0.0007 J0.0187
G1 X3.9758 Y-0.5871
X4.0007 Y-0.3578 F300.
Y-0.3577 F40.
G3 X3.9827 Y-0.337 I-0.0186 J0.002
G1 X3.8974
G3 X3.8321 Y-0.3606 I0.0024 J-0.1089
G1 X3.8186 Y-0.3715
G3 X3.7698 Y-0.4425 I0.1411 J-0.1491
X3.7498 Y-0.5438 I0.2284 J-0.0978
G1 X3.7514 Y-0.5639
X3.7544 Y-0.5806
X3.7568 Y-0.5886
G3 X3.7828 Y-0.6079 I0.026 J0.0077
G1 X3.8701
G3 X3.8881 Y-0.5914 I-0.0007 J0.0187
G1 X3.8886 Y-0.5871
X3.9154 Y-0.3579 F300.
G3 X3.8974 Y-0.337 I-0.0186 J0.0022 F40.
G1 X3.8121
G3 X3.7447 Y-0.3607 I0.0008 J-0.1098
G1 X3.7312 Y-0.3716
G3 X3.6825 Y-0.4425 I0.141 J-0.1491
X3.6625 Y-0.5439 I0.2283 J-0.0977
G1 X3.6641 Y-0.564
X3.6671 Y-0.5806
X3.6695 Y-0.5886
G3 X3.6955 Y-0.6079 I0.026 J0.0077
G1 X3.7828
G3 X3.8007 Y-0.5915 I-0.0007 J0.0187
G1 X3.8013 Y-0.5871
X3.83 Y-0.358 F300.
X3.8301 Y-0.3578
G3 X3.8121 Y-0.337 I-0.0186 J0.0021 F40.
G1 X3.7196
G3 X3.6575 Y-0.3604 I0.0056 J-0.1088
G1 X3.644 Y-0.3714
G3 X3.5952 Y-0.4424 I0.1412 J-0.1492
X3.5752 Y-0.5438 I0.2285 J-0.0978
G1 X3.5768 Y-0.5639
X3.5798 Y-0.5806
X3.5822 Y-0.5886
G3 X3.6082 Y-0.6079 I0.026 J0.0077
G1 X3.6955
G3 X3.7135 Y-0.5911 I-0.0007 J0.0187
G1 X3.7139 Y-0.5871
X3.7376 Y-0.3578 F300.
Y-0.3576 F40.
G3 X3.7196 Y-0.337 I-0.0187 J0.0019
G1 X3.6343
G3 X3.5702 Y-0.3605 I0.0035 J-0.1087
G1 X3.5567 Y-0.3715
G3 X3.5079 Y-0.4424 I0.1411 J-0.1492
X3.4879 Y-0.5438 I0.2284 J-0.0978
G1 X3.4894 Y-0.5639
X3.4925 Y-0.5806
X3.4949 Y-0.5886
G3 X3.5209 Y-0.6079 I0.026 J0.0077
G1 X3.6082
G3 X3.6262 Y-0.5913 I-0.0007 J0.0187
G1 X3.6266 Y-0.5871
X3.6523 Y-0.3578 F300.
G3 X3.6343 Y-0.337 I-0.0186 J0.0021 F40.
G1 X3.549
G3 X3.4828 Y-0.3606 I0.0017 J-0.1093
G1 X3.4693 Y-0.3715
G3 X3.4206 Y-0.4425 I0.141 J-0.1491
X3.4006 Y-0.5438 I0.2284 J-0.0978
G1 X3.4021 Y-0.5639
X3.4052 Y-0.5806
X3.4076 Y-0.5886
G3 X3.4336 Y-0.6079 I0.026 J0.0077
G1 X3.5209
G3 X3.5388 Y-0.5914 I-0.0007 J0.0187
G1 X3.5394 Y-0.5871
X3.5669 Y-0.358 F300.
G3 X3.549 Y-0.337 I-0.0186 J0.0022 F40.
G1 X3.4565
G3 X3.3945 Y-0.3612 I0.0068 J-0.109
G1 X3.381 Y-0.3723
G3 X3.3324 Y-0.4445 I0.1441 J-0.1495
X3.3133 Y-0.5458 I0.2292 J-0.0956
G1 X3.315 Y-0.5654
X3.3183 Y-0.582
X3.3204 Y-0.5888
G3 X3.3462 Y-0.6079 I0.0259 J0.008
G1 X3.4336
G3 X3.4516 Y-0.591 I-0.0007 J0.0187
G1 X3.452 Y-0.5871
X3.4745 Y-0.3578 F300.
Y-0.3575 F40.
G3 X3.4565 Y-0.337 I-0.0187 J0.0018
G1 X3.3712
G3 X3.3082 Y-0.3604 I0.0046 J-0.1087
X3.2569 Y-0.4201 I0.1086 J-0.1453
X3.2266 Y-0.5206 I0.2172 J-0.1202
G1 X3.2259 Y-0.5438
X3.2275 Y-0.564
X3.2306 Y-0.5805
X3.233 Y-0.5886
G3 X3.2589 Y-0.6079 I0.026 J0.0077
G1 X3.3462
G3 X3.3642 Y-0.5912 I-0.0007 J0.0187
G1 X3.3647 Y-0.5871
X3.3892 Y-0.3578 F300.
Y-0.3577 F40.
G3 X3.3712 Y-0.337 I-0.0186 J0.002
G1 X3.2859
G3 X3.2209 Y-0.3605 I0.0027 J-0.1088
G1 X3.2074 Y-0.3715
G3 X3.1586 Y-0.4425 I0.1411 J-0.1492
X3.1386 Y-0.5438 I0.2284 J-0.0978
G1 X3.1402 Y-0.5639
X3.1433 Y-0.5806
X3.1457 Y-0.5886
G3 X3.1716 Y-0.6079 I0.026 J0.0077
G1 X3.2589
G3 X3.2769 Y-0.5913 I-0.0007 J0.0187
G1 X3.2774 Y-0.5871
X3.3039 Y-0.3579 F300.
G3 X3.2859 Y-0.337 I-0.0186 J0.0022 F40.
G1 X3.2006
G3 X3.1335 Y-0.3606 I0.001 J-0.1097
G1 X3.1201 Y-0.3716
G3 X3.0713 Y-0.4425 I0.141 J-0.1491
X3.0513 Y-0.5439 I0.2283 J-0.0977
G1 X3.0529 Y-0.564
X3.056 Y-0.5806
X3.0584 Y-0.5886
G3 X3.0843 Y-0.6079 I0.026 J0.0077
G1 X3.1716
G3 X3.1896 Y-0.5915 I-0.0007 J0.0187
G1 X3.1901 Y-0.5871
X3.2185 Y-0.358 F300.
Y-0.3578
G3 X3.2006 Y-0.337 I-0.0186 J0.0021 F40.
G1 X3.1081
G3 X3.0463 Y-0.3604 I0.0059 J-0.1089
G1 X3.0328 Y-0.3714
G3 X2.984 Y-0.4424 I0.1412 J-0.1492
X2.964 Y-0.5438 I0.2285 J-0.0978
G1 X2.9656 Y-0.5639
X2.9687 Y-0.5806
X2.971 Y-0.5886
G3 X2.997 Y-0.6079 I0.026 J0.0077
G1 X3.0843
G3 X3.1023 Y-0.5911 I-0.0007 J0.0187
G1 X3.1027 Y-0.5871
X3.1261 Y-0.3578 F300.
Y-0.3576 F40.
G3 X3.1081 Y-0.337 I-0.0187 J0.0019
G1 X3.0228
G3 X2.959 Y-0.3605 I0.0038 J-0.1087
G1 X2.9455 Y-0.3714
G3 X2.8967 Y-0.4424 I0.1411 J-0.1492
X2.8767 Y-0.5438 I0.2285 J-0.0978
G1 X2.8783 Y-0.5639
X2.8813 Y-0.5806
X2.8837 Y-0.5886
G3 X2.9097 Y-0.6079 I0.026 J0.0077
G1 X2.997
G3 X3.015 Y-0.5912 I-0.0007 J0.0187
G1 X3.0154 Y-0.5871
X3.0408 Y-0.3578 F300.
G3 X3.0228 Y-0.337 I-0.0186 J0.0021 F40.
G1 X2.9375
G3 X2.8716 Y-0.3606 I0.002 J-0.1092
G1 X2.8581 Y-0.3715
G3 X2.8094 Y-0.4425 I0.1411 J-0.1491
X2.7894 Y-0.5438 I0.2284 J-0.0978
G1 X2.791 Y-0.5639
X2.794 Y-0.5806
X2.7964 Y-0.5886
G3 X2.8224 Y-0.6079 I0.026 J0.0077
G1 X2.9097
G3 X2.9277 Y-0.5914 I-0.0007 J0.0187
G1 X2.9282 Y-0.5871
X2.9554 Y-0.3579 F300.
G3 X2.9375 Y-0.337 I-0.0186 J0.0022 F40.
G1 X2.845
G3 X2.7828 Y-0.3615 I0.0071 J-0.1091
G1 X2.7694 Y-0.3727
G3 X2.7208 Y-0.4454 I0.1452 J-0.1496
X2.7021 Y-0.5466 I0.2293 J-0.0946
G1 X2.7039 Y-0.5661
X2.7072 Y-0.5827
X2.7092 Y-0.5889
G3 X2.735 Y-0.6079 I0.0258 J0.0081
G1 X2.8224
G3 X2.8404 Y-0.591 I-0.0007 J0.0187
G1 X2.8408 Y-0.5871
X2.863 Y-0.3578 F300.
Y-0.3575 F40.
G3 X2.845 Y-0.337 I-0.0187 J0.0018
G1 X2.7597
G3 X2.697 Y-0.3604 I0.005 J-0.1087
X2.6457 Y-0.42 I0.1087 J-0.1454
X2.6154 Y-0.5206 I0.2174 J-0.1204
G1 X2.6147 Y-0.5437
X2.6163 Y-0.564
X2.6193 Y-0.5805
X2.6218 Y-0.5886
G3 X2.6477 Y-0.6079 I0.026 J0.0077
G1 X2.735
G3 X2.753 Y-0.5911 I-0.0007 J0.0187
G1 X2.7534 Y-0.5871
X2.7777 Y-0.3578 F300.
Y-0.3577 F40.
G3 X2.7597 Y-0.337 I-0.0186 J0.002
G1 X2.6744
G3 X2.6097 Y-0.3605 I0.0029 J-0.1087
G1 X2.5962 Y-0.3715
G3 X2.5474 Y-0.4425 I0.1411 J-0.1492
X2.5274 Y-0.5438 I0.2284 J-0.0978
G1 X2.529 Y-0.5639
X2.5321 Y-0.5806
X2.5345 Y-0.5886
G3 X2.5604 Y-0.6079 I0.026 J0.0077
G1 X2.6477
G3 X2.6657 Y-0.5913 I-0.0007 J0.0187
G1 X2.6662 Y-0.5871
X2.6923 Y-0.3578 F300.
G3 X2.6744 Y-0.337 I-0.0186 J0.0021 F40.
G1 X2.589
G3 X2.5223 Y-0.3606 I0.0013 J-0.1095
G1 X2.5088 Y-0.3716
G3 X2.4601 Y-0.4425 I0.141 J-0.1491
X2.4401 Y-0.5439 I0.2283 J-0.0977
G1 X2.4417 Y-0.564
X2.4448 Y-0.5806
X2.4471 Y-0.5886
G3 X2.4731 Y-0.6079 I0.026 J0.0077
G1 X2.5604
G3 X2.5784 Y-0.5915 I-0.0007 J0.0187
G1 X2.5789 Y-0.5871
X2.607 Y-0.358 F300.
Y-0.3578
G3 X2.589 Y-0.337 I-0.0186 J0.0021 F40.
G1 X2.4966
G3 X2.4348 Y-0.3606 I0.0063 J-0.1089
G1 X2.4213 Y-0.3716
G3 X2.3726 Y-0.443 I0.142 J-0.1493
X2.3528 Y-0.5444 I0.2287 J-0.0972
G1 X2.3544 Y-0.5644
X2.3575 Y-0.581
X2.3599 Y-0.5886
G3 X2.3858 Y-0.6079 I0.0259 J0.0078
G1 X2.4731
G3 X2.4911 Y-0.5911 I-0.0007 J0.0187
G1 X2.4915 Y-0.5871
X2.5146 Y-0.3578 F300.
Y-0.3576 F40.
G3 X2.4966 Y-0.337 I-0.0187 J0.0019
G1 X2.4113
G3 X2.3478 Y-0.3605 I0.0041 J-0.1087
G1 X2.3342 Y-0.3714
G3 X2.2855 Y-0.4424 I0.141 J-0.149
X2.2655 Y-0.5438 I0.2285 J-0.0978
G1 X2.267 Y-0.5639
X2.2701 Y-0.5805
X2.2725 Y-0.5886
G3 X2.2985 Y-0.6079 I0.026 J0.0077
G1 X2.3858
G3 X2.4038 Y-0.5912 I-0.0007 J0.0187
G1 X2.4042 Y-0.5871
X2.4293 Y-0.3578 F300.
Y-0.3577 F40.
G3 X2.4113 Y-0.337 I-0.0186 J0.002
G1 X2.326
G3 X2.2604 Y-0.3606 I0.0022 J-0.109
G1 X2.2469 Y-0.3715
G3 X2.1982 Y-0.4425 I0.1411 J-0.1491
X2.1782 Y-0.5438 I0.2284 J-0.0978
G1 X2.1797 Y-0.5639
X2.1828 Y-0.5806
X2.1852 Y-0.5886
G3 X2.2112 Y-0.6079 I0.026 J0.0077
G1 X2.2985
G3 X2.3164 Y-0.5914 I-0.0007 J0.0187
G1 X2.3169 Y-0.5871
X2.3439 Y-0.3579 F300.
G3 X2.326 Y-0.337 I-0.0186 J0.0022 F40.
G1 X2.2406
G3 X2.1731 Y-0.3607 I0.0006 J-0.1099
G1 X2.1596 Y-0.3716
G3 X2.1109 Y-0.4425 I0.141 J-0.1491
X2.0909 Y-0.5439 I0.2283 J-0.0977
G1 X2.0924 Y-0.564
X2.0955 Y-0.5806
X2.0979 Y-0.5886
G3 X2.1239 Y-0.6079 I0.026 J0.0077
G1 X2.2112
G3 X2.2291 Y-0.5915 I-0.0007 J0.0187
G1 X2.2297 Y-0.5871
X2.2586 Y-0.3581 F300.
Y-0.3578
G3 X2.2406 Y-0.337 I-0.0186 J0.0021 F40.
G1 X2.1482
G3 X2.0859 Y-0.3604 I0.0054 J-0.1088
G1 X2.0724 Y-0.3714
G3 X2.0236 Y-0.4424 I0.1412 J-0.1492
X2.0036 Y-0.5438 I0.2285 J-0.0978
G1 X2.0051 Y-0.5639
X2.0082 Y-0.5806
X2.0106 Y-0.5886
G3 X2.0366 Y-0.6079 I0.026 J0.0077
G1 X2.1239
G3 X2.1419 Y-0.5911 I-0.0007 J0.0187
G1 X2.1423 Y-0.5871
X2.1662 Y-0.3578 F300.
Y-0.3577 F40.
G3 X2.1482 Y-0.337 I-0.0186 J0.0019
G1 X2.0629
G3 X1.9985 Y-0.3605 I0.0033 J-0.1088
G1 X1.985 Y-0.3715
G3 X1.9363 Y-0.4425 I0.1411 J-0.1491
X1.9162 Y-0.5438 I0.2284 J-0.0978
G1 X1.9178 Y-0.5639
X1.9209 Y-0.5806
X1.9233 Y-0.5886
G3 X1.9493 Y-0.6079 I0.026 J0.0077
G1 X2.0366
G3 X2.0545 Y-0.5913 I-0.0007 J0.0187
G1 X2.055 Y-0.5871
X2.0808 Y-0.3578 F300.
G3 X2.0629 Y-0.337 I-0.0186 J0.0021 F40.
G1 X1.9775
G3 X1.9112 Y-0.3606 I0.0016 J-0.1094
G1 X1.8977 Y-0.3715
G3 X1.849 Y-0.4425 I0.141 J-0.1491
X1.8289 Y-0.5439 I0.2284 J-0.0978
G1 X1.8305 Y-0.564
X1.8336 Y-0.5806
X1.836 Y-0.5886
G3 X1.8619 Y-0.6079 I0.026 J0.0077
G1 X1.9493
G3 X1.9672 Y-0.5914 I-0.0007 J0.0187
G1 X1.9677 Y-0.5871
X1.9955 Y-0.358 F300.
Y-0.3578
G3 X1.9775 Y-0.337 I-0.0186 J0.0021 F40.
G1 X1.8851
G3 X1.8231 Y-0.361 I0.0066 J-0.109
G1 X1.8096 Y-0.3721
G3 X1.761 Y-0.444 I0.1434 J-0.1494
X1.7417 Y-0.5454 I0.229 J-0.0961
G1 X1.7433 Y-0.5651
X1.7466 Y-0.5817
X1.7487 Y-0.5888
G3 X1.7746 Y-0.6079 I0.0259 J0.0079
G1 X1.8619
G3 X1.88 Y-0.591 I-0.0007 J0.0187
G1 X1.8803 Y-0.5871
X1.9031 Y-0.3578 F300.
Y-0.3576 F40.
G3 X1.8851 Y-0.337 I-0.0187 J0.0019
G1 X1.7998
G3 X1.7366 Y-0.3604 I0.0045 J-0.1087
X1.6853 Y-0.4202 I0.1087 J-0.1454
G1 X1.6743 Y-0.4424
G3 X1.6543 Y-0.5438 I0.2296 J-0.098
G1 X1.6559 Y-0.564
X1.6589 Y-0.5805
X1.6614 Y-0.5886
G3 X1.6873 Y-0.6079 I0.026 J0.0077
G1 X1.7746
G3 X1.7926 Y-0.5912 I-0.0007 J0.0187
G1 X1.793 Y-0.5871
X1.8177 Y-0.3578 F300.
X1.8178 Y-0.3577 F40.
G3 X1.7998 Y-0.337 I-0.0186 J0.002
G1 X1.7144
G3 X1.6493 Y-0.3605 I0.0025 J-0.1089
G1 X1.6358 Y-0.3715
G3 X1.587 Y-0.4425 I0.1411 J-0.1491
X1.567 Y-0.5438 I0.2284 J-0.0978
G1 X1.5686 Y-0.5639
X1.5717 Y-0.5806
X1.574 Y-0.5886
G3 X1.6 Y-0.6079 I0.026 J0.0077
G1 X1.6873
G3 X1.7053 Y-0.5913 I-0.0007 J0.0187
G1 X1.7058 Y-0.5871
X1.7324 Y-0.3579 F300.
G3 X1.7144 Y-0.337 I-0.0186 J0.0022 F40.
G1 X1.6291
G3 X1.5619 Y-0.3606 I0.0009 J-0.1097
G1 X1.5484 Y-0.3716
G3 X1.4997 Y-0.4425 I0.141 J-0.1491
X1.4797 Y-0.5439 I0.2283 J-0.0977
G1 X1.4813 Y-0.564
X1.4844 Y-0.5806
X1.4867 Y-0.5885
G3 X1.5119 Y-0.6078 I0.026 J0.0077
G1 X1.5153 Y-0.6079
X1.6
G3 X1.6179 Y-0.5915 I-0.0007 J0.0187
G1 X1.6185 Y-0.5871
X1.6471 Y-0.358 F300.
Y-0.3578
G3 X1.6291 Y-0.337 I-0.0186 J0.0021 F40.
G1 X1.5367
G3 X1.4747 Y-0.3604 I0.0058 J-0.1088
G1 X1.4612 Y-0.3714
G3 X1.4124 Y-0.4424 I0.1412 J-0.1492
X1.3924 Y-0.5439 I0.2285 J-0.0978
G1 X1.393 Y-0.5516
X1.3942 Y-0.5577
X1.3968 Y-0.5634
X1.4006 Y-0.5683
G3 X1.4281 Y-0.5667 I0.013 J0.0135
G1 X1.4295 Y-0.5646 F300.
X1.552 Y-0.3655
X1.5533 Y-0.3631
X1.5541 Y-0.3605
X1.5547 Y-0.3578
G3 X1.5367 Y-0.337 I-0.0186 J0.0021 F40.
X1.4584 Y-0.3427 I-0.015 J-0.3342
G1 X1.4371 Y-0.3509
G3 X1.4038 Y-0.373 I0.0603 J-0.1271
X1.3709 Y-0.4193 I0.0854 J-0.0956
G1 X1.3629 Y-0.4441
G3 X1.363 Y-0.5008 I0.1469 J-0.0282
G1 X1.3708 Y-0.5257
G3 X1.39 Y-0.5577 I0.1469 J0.0662
G1 X1.4039 Y-0.5718
G3 X1.4371 Y-0.594 I0.0893 J0.0978
G1 X1.4585 Y-0.6018
G3 X1.5119 Y-0.6077 I0.0485 J0.1944
G1 X1.5149 Y-0.6075
X1.5179 Y-0.6068
X1.5206 Y-0.6056
X1.5232 Y-0.6039
X1.5249 Y-0.602 Z0.6813
X1.5266 Y-0.6 Z0.6819
X1.5282 Y-0.5982 Z0.6828
X1.529 Y-0.5954 Z0.6844
X1.5298 Y-0.593 Z0.6865
X1.5304 Y-0.5909 Z0.689
X1.5305 Y-0.5899 Z0.6906
Y-0.5891 Z0.6923
Y-0.5882 Z0.6948
Y-0.5877 Z0.6973
Y-0.5875 Z0.6999
G0 Z0.7486
X12.0055 Y-0.4612
G1 Z0.7299 F40.
X12.0056 Y-0.4609 Z0.7266
X12.0058 Y-0.4601 Z0.7235
X12.0061 Y-0.4587 Z0.7205
X12.0066 Y-0.4569 Z0.7178
X12.0072 Y-0.4547 Z0.7155
X12.0078 Y-0.4521 Z0.7136
X12.0086 Y-0.4492 Z0.7123
X12.0094 Y-0.4461 Z0.7114
X12.0102 Y-0.443 Z0.7111
G3 X12.0248 Y-0.3409 I-0.4637 J0.1188
X12.0147 Y-0.3112 I-0.0429 J0.0019
X11.979 Y-0.2814 I-0.0795 J-0.0588
G1 X11.9742 Y-0.28
X11.9691 Y-0.2795
X1.5153
G3 X1.4371 Y-0.2892 I-0.0035 J-0.2927
G1 X1.4229 Y-0.2945
X1.4122 Y-0.2985
X1.4087 Y-0.3004
X1.3874 Y-0.3131
G3 X1.3517 Y-0.3443 I0.1266 J-0.1805
X1.319 Y-0.3944 I0.1962 J-0.1641
X1.3024 Y-0.4795 I0.1804 J-0.0793
X1.3354 Y-0.5789 I0.1874 J0.0071
G1 X1.3518 Y-0.6005
G3 X1.3872 Y-0.6319 I0.1942 J0.1834
X1.4869 Y-0.664 I0.1072 J0.1622
G1 X1.494 Y-0.6646
X1.5082 Y-0.6651
X1.5153 Y-0.6653
X12.032
G3 X12.0889 Y-0.6601 I-0.0035 J0.3485
X12.1379 Y-0.6428 I-0.0501 J0.2198
G1 X12.1609 Y-0.6286
G3 X12.1916 Y-0.6002 I-0.1107 J0.1507
X12.2243 Y-0.5505 I-0.1874 J0.1585
X12.2406 Y-0.4582 I-0.1883 J0.081
X12.2239 Y-0.3937 I-0.2264 J-0.0241
X12.1742 Y-0.3269 I-0.2052 J-0.1007
X12.0581 Y-0.2809 I-0.1251 J-0.1464
G1 X12.0391 Y-0.2798
X12.032 Y-0.2795
X11.9691
G3 X11.9512 Y-0.3004 I0.0007 J-0.0187
G1 X11.9515 Y-0.3036 Z0.7114
X11.9519 Y-0.3068 Z0.7123
X11.9522 Y-0.3097 Z0.7136
X11.9525 Y-0.3124 Z0.7155
X11.9528 Y-0.3147 Z0.7178
X11.953 Y-0.3165 Z0.7205
X11.9532 Y-0.3179 Z0.7235
X11.9533 Y-0.3187 Z0.7266
Y-0.319 Z0.7299
G0 Z1.3371
M5
G53 G0 Z0.
(2D CONTOUR35)
M9
M1
T13 M6
T72
S7500 M3
G17 G90 G94
G54
G64 P0.0004 Q0.0004
M8
G0 X12.962 Y-1.1139
G43 Z1.3371 H13
G0 Z0.9371
G1 Z0.643 F80.
G19 G3 Y-1.0764 Z0.6055 J0.0375 K0. F50.
G1 Y-1.0389
G17 G3 X12.9245 Y-1.0014 I-0.0375 J0.
G1 X0.52
G2 X0.0148 Y-0.6754 I-0.0122 J0.5355
X0.3566 Y0.0343 I0.4873 J0.2024
X0.5083 Y0.0565 I0.1503 J-0.4968
G1 X12.9245
G3 X12.962 Y0.094 I0. J0.0375
G1 Y0.1315
G19 G3 Y0.169 Z0.643 J0. K0.0375
G0 Z0.9371
Y-1.1139
G1 Z0.643 F80.
G3 Y-1.0764 Z0.6055 J0.0375 K0. F50.
G1 Y-1.0389
G17 G3 X12.9245 Y-1.0014 I-0.0375 J0.
G1 X0.52
G2 X0.0148 Y-0.6754 I-0.0122 J0.5355
X0.3566 Y0.0343 I0.4873 J0.2024
X0.5083 Y0.0565 I0.1503 J-0.4968
G1 X12.9245
G3 X12.962 Y0.094 I0. J0.0375
G1 Y0.1315
G19 G3 Y0.169 Z0.643 J0. K0.0375
G0 Z1.3371
G17
M5
G53 G0 Z0.
(SCALLOP6)
M9
M1
T72 M6
T33
S7500 M3
G17 G90 G94
G54
M8
G0 X0.4446 Y-1.041
G43 Z1.3371 H72
G0 Z0.6984
G1 Z0.2522 F200.
X0.4449 Z0.249 F30.
X0.4457 Y-1.0409 Z0.2458
X0.4471 Z0.2429
X0.4489 Y-1.0407 Z0.2402
X0.4512 Y-1.0406 Z0.2379
X0.4539 Y-1.0404 Z0.236
X0.4568 Y-1.0402 Z0.2346
X0.4599 Y-1.0401 Z0.2338
X0.4631 Y-1.0398 Z0.2334
X0.4663 Y-1.0396 Z0.2337
X0.4695 Y-1.0394 Z0.2345
X0.4724 Y-1.0393 Z0.2358
X0.4751 Y-1.0391 Z0.2376
X0.4775 Y-1.0389 Z0.2399
X0.4794 Y-1.0388 Z0.2425
X0.4808 Y-1.0387 Z0.2454
X0.4817 Z0.2485
X0.482 Z0.2517
X0.4827 Y-1.0386 Z0.2773
X0.4836 Z0.2842
X0.4846 Z0.2893
X0.4855 Z0.2918
X0.4875 Z0.2975
X0.4981 Z0.3678
X0.5145 Y-1.0387 Z0.4789
X0.5174 Y-1.0386 Z0.4991
X0.5188 Z0.5106
X0.5202 Z0.523
X0.5212 Z0.5269
X0.5222 Z0.5299
X0.5231 Z0.5371
X0.5235 Z0.5462
X0.5237 Z0.5535
X0.5239 Y-1.0383 Z0.5603
X0.524 Y-1.0381 Z0.5631
Y-1.0373 Z0.5684
X0.5241 Y-1.0358 Z0.5757
Y-1.0339 Z0.5823
Y-1.0319 Z0.5876
Y-1.0281 Z0.596
X0.5242 Y-1.0242 Z0.6027
X0.5243 Y-1.0204 Z0.6084
Y-1.0165 Z0.6133
X0.5249 Y-1.0126 Z0.6176
X0.526 Y-1.0049 Z0.6253
X0.5263 Y-0.9972 Z0.633
Y-0.9895 Z0.6408
X0.5261 Y-0.9818 Z0.6485
X0.5262 Y-0.9663 Z0.6639
Y-0.9432 Z0.6871
X0.526 Y-0.937 Z0.6933
X0.5245 Y-0.9335 Z0.6967
X0.5228 Y-0.9316 Z0.6986
X0.5204 Y-0.9294 Z0.7007
X0.5179 Y-0.9278 Z0.7022
X0.5106 Y-0.9232 Z0.7058
X0.5056 Y-0.92 Z0.708
X0.5029 Y-0.9187 Z0.7089
X0.4952 Y-0.9169 Z0.7098
X0.4875 Y-0.916 Z0.7102
X0.4798 Y-0.9153
X0.4643 Y-0.9135 Z0.7103
X0.4562 Y-0.9123
X0.4412 Y-0.9096 Z0.7105
X0.4258 Y-0.9067
X0.4168 Y-0.9046
X0.4103 Y-0.903 Z0.7106
X0.4026 Y-0.9007 Z0.7108
X0.3872 Y-0.896 Z0.7109
X0.3795 Y-0.8934 Z0.7111
X0.3641 Y-0.888
X0.3564 Y-0.8849 Z0.7112
X0.3409 Y-0.8785 Z0.7113
X0.3332 Y-0.8749
X0.3255 Y-0.8711 Z0.7115
X0.3155 Y-0.866 Z0.7116
X0.3101 Y-0.8632
X0.3014 Y-0.8583 Z0.7117
X0.2947 Y-0.8544
X0.287 Y-0.8496 Z0.7119
X0.2763 Y-0.8429
X0.2715 Y-0.8398
X0.2638 Y-0.8344 Z0.712
X0.2561 Y-0.8289
X0.2484 Y-0.823 Z0.7121
X0.233 Y-0.8104 Z0.7123
X0.2253 Y-0.8037
X0.2174 Y-0.7966 Z0.7124
X0.2094 Y-0.7889 Z0.7125
X0.2016 Y-0.7811 Z0.7126
X0.1942 Y-0.7734
X0.1867 Y-0.7651 Z0.7127
X0.1805 Y-0.758 Z0.7126
X0.1713 Y-0.7467 Z0.7128
X0.168 Y-0.7425 Z0.7127
X0.1636 Y-0.7368
X0.1558 Y-0.7261 Z0.7128
X0.1513 Y-0.7194 Z0.7129
X0.1463 Y-0.7117 Z0.713
X0.1404 Y-0.7025 Z0.7129
X0.1366 Y-0.6962 Z0.713
X0.132 Y-0.6885 Z0.7129
X0.1279 Y-0.6808 Z0.713
X0.124 Y-0.6731 Z0.7131
X0.1165 Y-0.6577 Z0.7132
X0.113 Y-0.6499
X0.1096 Y-0.6417 Z0.7133
X0.1066 Y-0.6345 Z0.7132
X0.1036 Y-0.6268
X0.1009 Y-0.6191 Z0.7133
X0.0982 Y-0.6114
X0.0957 Y-0.6036
X0.0934 Y-0.5959 Z0.7134
X0.0911 Y-0.5882 Z0.7133
X0.089 Y-0.5805
X0.0854 Y-0.5651
X0.0838 Y-0.5573 Z0.7134
X0.0801 Y-0.5342 Z0.7135
X0.0787 Y-0.5252 Z0.7134
X0.0781 Y-0.5188 Z0.7135
X0.0774 Y-0.511
X0.0767 Y-0.5033 Z0.7134
X0.0763 Y-0.4956 Z0.7135
X0.0756 Y-0.4802 Z0.7134
X0.0755 Y-0.4724 Z0.7135
X0.0758 Y-0.457 Z0.7134
X0.0763 Y-0.4493 Z0.7135
X0.0775 Y-0.4339 Z0.7136
X0.0787 Y-0.4234
X0.0803 Y-0.4107
X0.0814 Y-0.403
X0.084 Y-0.3876 Z0.7135
X0.0856 Y-0.3798 Z0.7134
X0.0891 Y-0.3644
X0.0912 Y-0.3567 Z0.7133
X0.0942 Y-0.3468 Z0.7135
X0.1009 Y-0.3258 Z0.7134
X0.1067 Y-0.3104 Z0.7133
X0.1099 Y-0.3027
X0.1132 Y-0.295
X0.1167 Y-0.2872
X0.125 Y-0.2703 Z0.7132
X0.1281 Y-0.2641 Z0.7131
X0.1327 Y-0.2557
X0.1368 Y-0.2487
X0.1416 Y-0.2409
X0.1481 Y-0.2306
X0.1514 Y-0.2255 Z0.7129
X0.1568 Y-0.2178
X0.1636 Y-0.2084
X0.1713 Y-0.1984
X0.1742 Y-0.1946 Z0.7128
X0.179 Y-0.1888 Z0.7127
X0.1873 Y-0.1792
X0.1944 Y-0.1714 Z0.7126
X0.2021 Y-0.1634
X0.2098 Y-0.1556 Z0.7125
X0.2175 Y-0.1483
X0.2261 Y-0.1406 Z0.7124
X0.233 Y-0.1347
X0.2407 Y-0.1283 Z0.7123
X0.2484 Y-0.1222
X0.2561 Y-0.1163 Z0.7121
X0.2653 Y-0.1097 Z0.7122
X0.2792 Y-0.1003 Z0.712
X0.2888 Y-0.0943 Z0.7119
X0.2947 Y-0.0907 Z0.7118
X0.3024 Y-0.0862
X0.3101 Y-0.0819 Z0.7116
X0.3178 Y-0.0779 Z0.7117
X0.3255 Y-0.074 Z0.7116
X0.3332 Y-0.0701 Z0.7114
X0.3409 Y-0.0667 Z0.7115
X0.3487 Y-0.0634 Z0.7114
X0.3564 Y-0.0603
X0.3641 Y-0.0573 Z0.7113
X0.3718 Y-0.0543 Z0.7112
X0.3795 Y-0.0516 Z0.7111
X0.3949 Y-0.0467 Z0.711
X0.4026 Y-0.0444 Z0.7109
X0.4181 Y-0.0401 Z0.7106
X0.4258 Y-0.0383
X0.4412 Y-0.0354
X0.4575 Y-0.0326 Z0.7104
X0.4643 Y-0.0316
X0.472 Y-0.0306 Z0.7103
X0.4875 Y-0.029
X0.4952 Y-0.0281 Z0.7099
X0.5029 Y-0.0264 Z0.709
X0.5059 Y-0.0249 Z0.7081
X0.5106 Y-0.0218 Z0.7059
X0.5183 Y-0.0167 Z0.7018
X0.5201 Y-0.0155 Z0.7007
X0.5225 Y-0.0133 Z0.6986
X0.5243 Y-0.0113 Z0.6967
X0.5252 Y-0.0094 Z0.6948
X0.5259 Y-0.0075 Z0.6929
X0.5258 Y0.0292 Z0.6562
X0.5257 Y0.06 Z0.6253
X0.5248 Y0.0678 Z0.6176
X0.5243 Y0.0716 Z0.6133
Y0.0755 Z0.6084
X0.5242 Y0.0793 Z0.6027
X0.5241 Y0.0832 Z0.596
Y0.087 Z0.5876
Y0.089 Z0.5823
Y0.0909 Z0.5757
Y0.0924 Z0.5684
X0.524 Y0.0931 Z0.5637
Y0.0935 Z0.5602
X0.5238 Y0.0937 Z0.5558
X0.5236 Y0.0938 Z0.5475
X0.5231 Z0.537
X0.5222 Z0.5299
X0.5212 Z0.5269
X0.5202 Z0.523
X0.5188 Z0.5098
X0.5154 Z0.4861
X0.5125 Z0.4647
X0.4875 Z0.2976
X0.4855 Z0.2918
X0.4846 Z0.2893
X0.4827 Z0.2766
X0.4817 Z0.2737
X0.4798 Z0.2701
X0.4778 Z0.2671
X0.4769 Z0.2622
X0.4763 Z0.2502
X0.4761 Z0.2496
X0.4756 Z0.2492
X0.4748 Z0.2488
X0.4737 Z0.2487
X0.4717 Z0.2489
X0.4698 Z0.2495
X0.469 Z0.2498
X0.4662 Z0.2515
X0.4635 Z0.2534
X0.4609 Z0.2555
X0.4586 Z0.2578
X0.4515 Y0.0936 Z0.2657
X0.4443 Y0.0934 Z0.2735
X0.4405 Y0.0932 Z0.277
X0.4385 Y0.0931 Z0.2786
X0.4364 Y0.0929 Z0.2802
X0.4342 Y0.0928 Z0.2815
X0.432 Y0.0926 Z0.2827
X0.4296 Y0.0924 Z0.2838
X0.4272 Y0.0922 Z0.2846
X0.4258 Y0.092 Z0.285
X0.4181 Y0.0913 Z0.2863
X0.4103 Y0.0907 Z0.288
X0.4026 Y0.0899 Z0.2894
X0.3949 Y0.0888 Z0.2904
X0.3872 Y0.0877 Z0.2913
X0.3795 Y0.0866 Z0.2925
X0.3718 Y0.0854 Z0.294
X0.3641 Y0.0839 Z0.2952
X0.3607 Y0.0832 Z0.2956
X0.3487 Y0.0807 Z0.2965
X0.3409 Y0.0791 Z0.2966
X0.3366 Y0.0781 Z0.296
X0.3332 Y0.0773 Z0.2949
X0.3266 Y0.0755 Z0.2914
X0.3255 Y0.0752 Z0.2906
X0.3212 Y0.074 Z0.2862
X0.3178 Y0.0731 Z0.2811
X0.3164 Y0.0727 Z0.2781
X0.3149 Y0.0723 Z0.2732
X0.3142 Y0.0721 Z0.2656
X0.3138 Y0.072 Z0.2553
X0.3135 Y0.0719 Z0.2516
X0.312 Y0.0715 Z0.2515
X0.3106 Y0.0711 Z0.2525
X0.3086 Y0.0706 Z0.2565
X0.3058 Y0.0698 Z0.2622
X0.3024 Y0.0687 Z0.2667
X0.2996 Y0.0678 Z0.2693
X0.2947 Y0.0661 Z0.2727
X0.287 Y0.0635 Z0.2756
X0.2792 Y0.0609 Z0.276
X0.2766 Y0.06 Z0.2756
X0.2715 Y0.0581 Z0.274
X0.2672 Y0.0564 Z0.2718
X0.2638 Y0.055 Z0.2691
X0.261 Y0.0539 Z0.2661
X0.2571 Y0.0523 Z0.2604
X0.2561 Y0.0519 Z0.2582
X0.2547 Y0.0513 Z0.2534
X0.2539 Y0.0511 Z0.2516
X0.2518 Y0.0502 Z0.2514
X0.2503 Y0.0496 Z0.2515
X0.2496 Y0.0493 Z0.252
X0.2489 Y0.049 Z0.2534
X0.2469 Y0.0482 Z0.2581
X0.2441 Y0.047 Z0.263
X0.2407 Y0.0454 Z0.2669
X0.2389 Y0.0446 Z0.2683
X0.233 Y0.0418 Z0.2721
X0.2286 Y0.0398 Z0.2736
X0.2253 Y0.0382 Z0.2741
X0.2225 Y0.0369 Z0.2744
X0.2175 Y0.0345 Z0.2737
X0.2132 Y0.0323 Z0.2724
X0.2098 Y0.0305 Z0.2706
X0.2074 Y0.0292 Z0.2689
X0.2021 Y0.0263 Z0.2633
X0.2007 Y0.0255 Z0.2611
X0.1978 Y0.0239 Z0.2544
X0.1963 Y0.0232 Z0.2512
X0.1932 Y0.0214 Z0.2514
X0.1867 Y0.0179 Z0.2524
X0.18 Y0.0137 Z0.2536
X0.179 Y0.0131 Z0.2535
X0.1713 Y0.0083 Z0.2518
X0.1676 Y0.006 Z0.2512
X0.1636 Y0.0035
X0.1556 Y-0.0017 Z0.2517
X0.1481 Y-0.007 Z0.2521
X0.1447 Y-0.0094 Z0.2517
X0.1404 Y-0.0124 Z0.2512
X0.1338 Y-0.0171 Z0.2521
X0.1327 Y-0.0179 Z0.2524
X0.125 Y-0.024 Z0.2534
X0.1239 Y-0.0249 Z0.2533
X0.1143 Y-0.0326 Z0.2514
X0.1096 Y-0.0363 Z0.2519
X0.1048 Y-0.0403 Z0.253
X0.1019 Y-0.0429 Z0.2534
X0.0962 Y-0.048 Z0.2525
X0.091 Y-0.0527 Z0.2514
X0.0873 Y-0.056
X0.0871 Y-0.0562
X0.0864 Y-0.0568 Z0.307
X0.086 Y-0.0572 Z0.3131
X0.0856 Y-0.0575 Z0.3167
X0.0848 Y-0.0583 Z0.32
X0.0832 Y-0.0597 Z0.3244
X0.0796 Y-0.0634 Z0.3308
X0.0787 Y-0.0644 Z0.332
X0.0755 Y-0.068 Z0.3352
X0.0726 Y-0.0712 Z0.3372
X0.071 Y-0.0728 Z0.3378
X0.0651 Y-0.0789 Z0.3393
X0.0633 Y-0.0807 Z0.3397
X0.0578 Y-0.0866 Z0.3406
X0.0479 Y-0.0978 Z0.3421
X0.0441 Y-0.102 Z0.3422
X0.0402 Y-0.1063 Z0.3413
X0.037 Y-0.1097 Z0.3396
X0.0353 Y-0.1117 Z0.3383
X0.0325 Y-0.115 Z0.3351
X0.0304 Y-0.1175 Z0.332
X0.0289 Y-0.1194 Z0.3289
X0.0274 Y-0.1213 Z0.3243
X0.0266 Y-0.1223 Z0.3209
X0.0263 Y-0.1228 Z0.3185
X0.0259 Y-0.1232 Z0.3122
X0.0256 Y-0.1236 Z0.2552
X0.0253 Y-0.124 Z0.2516
X0.0244 Y-0.1252 Z0.2514
X0.0214 Y-0.129
X0.0206 Y-0.13 Z0.2515
X0.0184 Y-0.1329 Z0.2569
X0.017 Y-0.1346 Z0.2593
X0.0128 Y-0.1406 Z0.2646
X0.0093 Y-0.1457 Z0.2667
X0.0075 Y-0.1483 Z0.2674
X0.0048 Y-0.1522 Z0.268
X0.0022 Y-0.156 Z0.2676
X0.0016 Y-0.1568 Z0.2674
X-0.003 Y-0.1638 Z0.2643
X-0.0061 Y-0.1688 Z0.26
X-0.0101 Y-0.1753 Z0.2531
X-0.0113 Y-0.1773 Z0.2516
X-0.0124 Y-0.1792 Z0.2513
X-0.0138 Y-0.1815
X-0.0158 Y-0.1846 Z0.252
X-0.0172 Y-0.1869 Z0.2569
X-0.0183 Y-0.1888 Z0.2602
X-0.0199 Y-0.1917 Z0.2635
X-0.0215 Y-0.1948 Z0.2662
X-0.024 Y-0.1993 Z0.2689
X-0.0256 Y-0.2023 Z0.27
X-0.0292 Y-0.2092 Z0.2711
X-0.0297 Y-0.2101
X-0.0338 Y-0.2178 Z0.2695
X-0.037 Y-0.2244 Z0.2657
X-0.0375 Y-0.2255 Z0.2648
X-0.0397 Y-0.2303 Z0.2596
X-0.041 Y-0.2332 Z0.2545
X-0.0419 Y-0.2351 Z0.2516
X-0.0447 Y-0.2412 Z0.2512
X-0.0481 Y-0.2487 Z0.2519
X-0.0542 Y-0.2641 Z0.2514
X-0.0572 Y-0.2718 Z0.2515
X-0.058 Y-0.2737 Z0.2524
X-0.0602 Y-0.2795 Z0.2593
X-0.0615 Y-0.2834 Z0.2633
X-0.0627 Y-0.2872 Z0.2658
X-0.0653 Y-0.295 Z0.2689
X-0.0678 Y-0.3027 Z0.2694
X-0.0688 Y-0.3058 Z0.269
X-0.0703 Y-0.3104 Z0.2676
X-0.0708 Y-0.3123 Z0.2668
X-0.0724 Y-0.3181 Z0.2634
X-0.0729 Y-0.32 Z0.2617
X-0.0736 Y-0.3229 Z0.2586
X-0.0744 Y-0.3258 Z0.2539
X-0.0749 Y-0.3278 Z0.2515
X-0.0755 Y-0.33 Z0.2513
X-0.0765 Y-0.3335
X-0.0785 Y-0.3413 Z0.2516
X-0.0801 Y-0.349 Z0.252
X-0.0817 Y-0.3567 Z0.2515
X-0.0833 Y-0.3644 Z0.2512
X-0.0849 Y-0.3721 Z0.2517
X-0.0861 Y-0.3798 Z0.2518
X-0.0883 Y-0.3953 Z0.2513
X-0.0889 Y-0.3993 Z0.2515
X-0.089 Y-0.3999 Z0.3346
Y-0.4001 Z0.337
X-0.0892 Y-0.4011 Z0.3413
X-0.0895 Y-0.403 Z0.3461
X-0.0898 Y-0.4069 Z0.3521
X-0.0899 Y-0.4107 Z0.3557
X-0.0901 Y-0.4184 Z0.3605
X-0.0905 Y-0.4261 Z0.3623
X-0.0909 Y-0.4321 Z0.3627
X-0.0917 Y-0.4416 Z0.3626
X-0.0922 Y-0.457 Z0.3623
X-0.0926 Y-0.4724 Z0.3624
X-0.0921 Y-0.4879
X-0.0917 Y-0.5033
X-0.0909 Y-0.5134 Z0.3623
X-0.0891 Y-0.5342 Z0.362
X-0.0883 Y-0.5419 Z0.3618
X-0.0849 Y-0.5651 Z0.3614
X-0.0837 Y-0.5728 Z0.3612
X-0.0789 Y-0.5959 Z0.3607
X-0.0773 Y-0.6036 Z0.3605
X-0.0691 Y-0.6345 Z0.3592
X-0.0641 Y-0.6499 Z0.3584
X-0.059 Y-0.6654 Z0.3576
X-0.0524 Y-0.6825 Z0.3565
X-0.0469 Y-0.6962 Z0.3556
X-0.0399 Y-0.7117 Z0.3547
X-0.0363 Y-0.7194 Z0.3542
X-0.0327 Y-0.7271 Z0.3536
X-0.0292 Y-0.7341 Z0.3514
X-0.0289 Y-0.7348 Z0.351
X-0.0267 Y-0.7397 Z0.3478
X-0.0254 Y-0.7425 Z0.3448
X-0.0239 Y-0.7457 Z0.3407
X-0.0224 Y-0.7485 Z0.3345
X-0.022 Y-0.7493 Z0.3315
X-0.0215 Y-0.7501 Z0.3263
Y-0.7503 Z0.2516
X-0.0213 Y-0.7505 Z0.256
X-0.021 Y-0.7511 Z0.3199
X-0.0209 Y-0.7512 Z0.3225
X-0.0204 Y-0.7522 Z0.3278
X-0.0188 Y-0.7551 Z0.3351
X-0.0171 Y-0.758 Z0.3393
X-0.0156 Y-0.7602 Z0.3421
X-0.0138 Y-0.7629 Z0.3444
X-0.0119 Y-0.7657 Z0.3464
X-0.0068 Y-0.7734 Z0.349
X-0.0061 Y-0.7744 Z0.3491
X-0.002 Y-0.7811 Z0.349
X0.0016 Y-0.7865 Z0.3487
X0.0032 Y-0.7889 Z0.3485
X0.0138 Y-0.8043 Z0.3464
X0.017 Y-0.8089 Z0.3456
X0.0192 Y-0.812 Z0.3447
X0.0247 Y-0.8198 Z0.3394
X0.0275 Y-0.8236 Z0.3344
X0.0289 Y-0.8255 Z0.331
X0.0304 Y-0.8274 Z0.3254
X0.0311 Y-0.8283 Z0.3209
X0.0313 Y-0.8285 Z0.3177
Y-0.8286 Z0.3113
X0.0316 Y-0.8289 Z0.2534
X0.0318 Y-0.8291 Z0.2515
X0.0325 Y-0.83 Z0.2514
X0.0365 Y-0.8352 Z0.2519
X0.0402 Y-0.8395 Z0.2527
X0.0432 Y-0.8429 Z0.2532
X0.0479 Y-0.8482 Z0.2529
X0.0499 Y-0.8506 Z0.2521
X0.0547 Y-0.856 Z0.2514
X0.0549 Y-0.8562
X0.055 Y-0.8563 Z0.2538
X0.0555 Y-0.8569 Z0.3056
X0.0556 Y-0.857 Z0.3094
X0.0562 Y-0.8576 Z0.3147
X0.0568 Y-0.8583 Z0.3176
X0.0582 Y-0.8599 Z0.3221
X0.0597 Y-0.8615 Z0.3253
X0.0633 Y-0.8651 Z0.3306
X0.0642 Y-0.866 Z0.3315
X0.0679 Y-0.8695 Z0.3344
X0.071 Y-0.8724 Z0.3359
X0.0725 Y-0.8737 Z0.3365
X0.0787 Y-0.8799 Z0.3369
X0.0803 Y-0.8815 Z0.3368
X0.0864 Y-0.8873 Z0.3359
X0.0942 Y-0.8942 Z0.3349
X0.1019 Y-0.9011 Z0.334
X0.1057 Y-0.9046 Z0.3331
X0.1096 Y-0.908 Z0.3311
X0.1145 Y-0.9123 Z0.3268
X0.1173 Y-0.9147 Z0.3231
X0.1207 Y-0.9174 Z0.316
X0.1221 Y-0.9186 Z0.3103
X0.1226 Y-0.919 Z0.3046
X0.1233 Y-0.9195 Z0.2554
X0.1236 Y-0.9197 Z0.2516
X0.1269 Y-0.9224 Z0.2513
X0.1284 Y-0.9236 Z0.2522
X0.1327 Y-0.9269 Z0.2586
X0.1338 Y-0.9278 Z0.26
X0.1374 Y-0.9303 Z0.2629
X0.1404 Y-0.9324 Z0.2645
X0.1447 Y-0.9355 Z0.2663
X0.1481 Y-0.9379 Z0.2667
X0.1515 Y-0.9403
X0.1558 Y-0.9433 Z0.2658
X0.1636 Y-0.9484 Z0.2616
X0.1676 Y-0.9509 Z0.2588
X0.1713 Y-0.9532 Z0.2557
X0.1746 Y-0.9553 Z0.2521
X0.1761 Y-0.9562 Z0.2514
X0.179 Y-0.958 Z0.2512
X0.18 Y-0.9586
X0.182 Y-0.9599 Z0.2518
X0.1837 Y-0.9609 Z0.2556
X0.1867 Y-0.9627 Z0.2612
X0.1901 Y-0.9646 Z0.2651
X0.1932 Y-0.9663 Z0.2676
X0.1944 Y-0.967 Z0.2683
X0.1978 Y-0.9688 Z0.27
X0.2021 Y-0.9712 Z0.2714
X0.2074 Y-0.9741 Z0.2719
X0.2098 Y-0.9754 Z0.2717
X0.2175 Y-0.9794 Z0.2693
X0.2226 Y-0.9818 Z0.2662
X0.2253 Y-0.983 Z0.2637
X0.2286 Y-0.9846 Z0.2594
X0.2315 Y-0.986 Z0.2536
X0.233 Y-0.9867 Z0.2512
X0.2389 Y-0.9895 Z0.2511
X0.2407 Y-0.9903 Z0.2535
X0.2441 Y-0.9919 Z0.2584
X0.2484 Y-0.9937 Z0.2622
X0.2518 Y-0.9951 Z0.2646
X0.2561 Y-0.9968 Z0.2664
X0.2571 Y-0.9972 Z0.2667
X0.2638 Y-0.9999 Z0.2678
X0.2672 Y-1.0013 Z0.2677
X0.2715 Y-1.003 Z0.2668
X0.2766 Y-1.0049 Z0.2647
X0.2792 Y-1.0058 Z0.263
X0.287 Y-1.0084 Z0.2569
X0.2903 Y-1.0095 Z0.2538
X0.2932 Y-1.0105 Z0.2514
X0.2947 Y-1.011 Z0.2513
X0.2996 Y-1.0126 Z0.2515
X0.3024 Y-1.0136 Z0.252
X0.3101 Y-1.0159 Z0.2531
X0.3178 Y-1.018 Z0.2522
X0.3266 Y-1.0204 Z0.2511
X0.3305 Y-1.0214 Z0.2513
X0.3312 Y-1.0216 Z0.2514
X0.3315 Y-1.0217 Z0.254
X0.3319 Y-1.0218 Z0.2632
X0.3322 Y-1.0219 Z0.2695
X0.3325 Y-1.022 Z0.2714
X0.3332 Y-1.0222 Z0.2739
X0.3352 Y-1.0227 Z0.2793
X0.3366 Y-1.0231 Z0.2818
X0.3409 Y-1.024 Z0.2873
X0.3443 Y-1.0247 Z0.2901
X0.3487 Y-1.0257 Z0.2927
X0.3564 Y-1.0272 Z0.2952
X0.3608 Y-1.0281 Z0.2956
X0.3641 Y-1.0288 Z0.2954
X0.3718 Y-1.0303 Z0.2944
X0.3795 Y-1.0314 Z0.2932
X0.3872 Y-1.0325 Z0.2927
X0.3949 Y-1.0337 Z0.2918
X0.3993 Y-1.0343 Z0.2904
X0.4026 Y-1.0348 Z0.2885
X0.4065 Y-1.0352 Z0.2859
X0.4103 Y-1.0356 Z0.2823
X0.413 Y-1.0358 Z0.2785
X0.4157 Y-1.0361 Z0.2733
X0.4169 Z0.2691
X0.4181 Y-1.0363 Z0.2638
X0.4185 Z0.2611
X0.4189 Z0.2577
X0.4193 Y-1.0364 Z0.2531
X0.42 Z0.2513
X0.4258 Y-1.037
X0.4335 Y-1.0376 Z0.2519
X0.4412 Y-1.0379 Z0.2523
X0.4489 Y-1.0381 Z0.2514
X0.4566 Y-1.0384 Z0.2512
X0.4619 Y-1.0385
X0.4622 Z0.2569
X0.4626 Z0.2774
X0.4629 Z0.2804
X0.4643 Z0.2899
X0.4663 Y-1.0386 Z0.2974
X0.4682 Z0.3038
X0.4788 Z0.3742
X0.4942 Z0.4787
X0.4981 Z0.5059
X0.5 Z0.5221
X0.501 Z0.5284
X0.5019 Z0.5322
X0.5029 Z0.5365
X0.5034 Z0.5439
X0.5037 Z0.5516
X0.5039 Y-1.0384 Z0.5584
Y-1.0382 Z0.5608
X0.504 Y-1.0379 Z0.5644
Y-1.0371 Z0.5694
X0.5041 Y-1.0358 Z0.5755
Y-1.0339 Z0.5819
Y-1.0321 Z0.587
Y-1.0281 Z0.5959
X0.5042 Y-1.0242 Z0.6026
X0.5043 Y-1.0204 Z0.6083
Y-1.018 Z0.6114
X0.5048 Y-1.0126 Z0.6175
X0.5059 Y-1.0049 Z0.6253
X0.5063 Y-0.9972 Z0.633
Y-0.9895 Z0.6407
X0.5061 Y-0.9818 Z0.6484
X0.5062 Y-0.9663 Z0.6638
Y-0.9432 Z0.6869
X0.5058 Y-0.9391 Z0.6909
X0.4996 Y-0.9355 Z0.6943
X0.4952 Y-0.9329 Z0.6966
X0.4875 Y-0.9316 Z0.6975
X0.472 Y-0.93 Z0.6977
X0.4643 Y-0.9292 Z0.6978
X0.4542 Y-0.9278 Z0.6977
X0.4412 Y-0.9255 Z0.698
X0.4258 Y-0.9226
X0.4181 Y-0.921
X0.4103 Y-0.9191
X0.4026 Y-0.917 Z0.6982
X0.3949 Y-0.9148 Z0.6984
X0.3869 Y-0.9123 Z0.6985
X0.3795 Y-0.91 Z0.6986
X0.3718 Y-0.9074 Z0.6987
X0.3639 Y-0.9046
X0.3564 Y-0.9019 Z0.6988
X0.3409 Y-0.8956 Z0.699
X0.3332 Y-0.8923
X0.3255 Y-0.8887 Z0.6991
X0.3178 Y-0.885 Z0.6993
X0.3101 Y-0.8811 Z0.6994
X0.3024 Y-0.8771
X0.2947 Y-0.8728 Z0.6996
X0.287 Y-0.8683
X0.2792 Y-0.8636 Z0.6998
X0.2709 Y-0.8583 Z0.6999
X0.2638 Y-0.8538 Z0.6998
X0.2561 Y-0.8485 Z0.7
X0.2482 Y-0.8429
X0.2379 Y-0.8352 Z0.7001
X0.2253 Y-0.8248 Z0.7004
X0.2175 Y-0.8183
X0.2098 Y-0.8114 Z0.7005
X0.2021 Y-0.8042 Z0.7006
X0.1943 Y-0.7966 Z0.7007
X0.1867 Y-0.7889
X0.179 Y-0.7806 Z0.7008
X0.1713 Y-0.772 Z0.7009
X0.166 Y-0.7657
X0.1596 Y-0.758 Z0.701
X0.1558 Y-0.7533 Z0.7009
X0.1535 Y-0.7503
X0.1477 Y-0.7425 Z0.701
X0.1422 Y-0.7348 Z0.7011
X0.137 Y-0.7271 Z0.7012
X0.132 Y-0.7194 Z0.7013
X0.127 Y-0.7117 Z0.7012
X0.1223 Y-0.704 Z0.7013
X0.1173 Y-0.6953 Z0.7012
X0.1136 Y-0.6885 Z0.7013
X0.1096 Y-0.6806 Z0.7015
X0.1019 Y-0.6647 Z0.7016
X0.0987 Y-0.6577
X0.0942 Y-0.6471 Z0.7017
X0.0921 Y-0.6422
X0.0891 Y-0.6345 Z0.7016
X0.0863 Y-0.6268 Z0.7017
X0.0836 Y-0.6191 Z0.7018
X0.0811 Y-0.6114 Z0.7017
X0.0786 Y-0.6036 Z0.7018
X0.0764 Y-0.5959
X0.0742 Y-0.5882 Z0.7017
X0.0723 Y-0.5805 Z0.7018
X0.0688 Y-0.5651
X0.0673 Y-0.5573 Z0.7019
X0.0647 Y-0.5419 Z0.702
X0.0633 Y-0.5325 Z0.7019
X0.0624 Y-0.5265 Z0.7018
X0.0617 Y-0.5188 Z0.702
X0.0604 Y-0.5033 Z0.7019
X0.0599 Y-0.4956 Z0.702
X0.0592 Y-0.4802 Z0.7018
Y-0.4724 Z0.7019
X0.0595 Y-0.457
X0.0599 Y-0.4493 Z0.702
X0.0611 Y-0.4339 Z0.7021
X0.0619 Y-0.4261 Z0.7022
X0.0638 Y-0.4107 Z0.7021
X0.0649 Y-0.403
X0.0674 Y-0.3876 Z0.702
X0.0689 Y-0.3798 Z0.7019
X0.0723 Y-0.3644
X0.0743 Y-0.3567 Z0.7018
X0.0765 Y-0.349
X0.0788 Y-0.3413 Z0.7019
X0.0837 Y-0.3258
X0.0864 Y-0.318 Z0.7018
X0.0893 Y-0.3104
X0.0922 Y-0.3027
X0.0955 Y-0.295 Z0.7017
X0.0988 Y-0.2872
X0.1023 Y-0.2795
X0.1099 Y-0.2641 Z0.7016
X0.1138 Y-0.2564 Z0.7015
X0.118 Y-0.2487 Z0.7014
X0.1225 Y-0.2409 Z0.7015
X0.1272 Y-0.2332 Z0.7014
X0.1327 Y-0.2246
X0.1371 Y-0.2178 Z0.7013
X0.1424 Y-0.2101 Z0.7012
X0.1481 Y-0.202
X0.1597 Y-0.1869 Z0.7011
X0.166 Y-0.1792 Z0.7009
X0.1726 Y-0.1715
X0.1795 Y-0.1638 Z0.7008
X0.1868 Y-0.156
X0.1944 Y-0.1483 Z0.7007
X0.2022 Y-0.1406 Z0.7006
X0.2106 Y-0.1329
X0.2175 Y-0.1267 Z0.7005
X0.2253 Y-0.1202
X0.233 Y-0.1139 Z0.7004
X0.2383 Y-0.1097
X0.2485 Y-0.102 Z0.7002
X0.2561 Y-0.0966
X0.2715 Y-0.0863 Z0.7
X0.2792 Y-0.0814 Z0.6999
X0.287 Y-0.0768 Z0.6998
X0.2947 Y-0.0723
X0.3024 Y-0.068 Z0.6995
X0.3111 Y-0.0634
X0.3178 Y-0.0601 Z0.6994
X0.3267 Y-0.0557 Z0.6992
X0.3332 Y-0.0528 Z0.6993
X0.3446 Y-0.048 Z0.6992
X0.3564 Y-0.0433 Z0.6991
X0.3644 Y-0.0403 Z0.6989
X0.3718 Y-0.0376 Z0.6988
X0.3795 Y-0.035
X0.3949 Y-0.0303 Z0.6986
X0.4026 Y-0.0281 Z0.6984
X0.4147 Y-0.0249 Z0.6982
X0.4181 Y-0.024
X0.4258 Y-0.0224 Z0.6981
X0.4412 Y-0.0195 Z0.6982
X0.4566 Y-0.0169 Z0.6979
X0.4643 Y-0.0159
X0.472 Y-0.015 Z0.6978
X0.4798 Y-0.0142 Z0.6977
X0.4875 Y-0.0134 Z0.6976
X0.4952 Y-0.0121 Z0.6967
X0.4996 Y-0.0094 Z0.6943
X0.5055 Y-0.0058 Z0.6909
X0.5059 Y-0.0017 Z0.6869
X0.5058 Y0.0523 Z0.633
X0.5056 Y0.06 Z0.6253
X0.5047 Y0.0678 Z0.6175
X0.5043 Y0.0731 Z0.6114
Y0.0755 Z0.6083
X0.5042 Y0.0793 Z0.6027
X0.5041 Y0.0832 Z0.5959
Y0.0872 Z0.5871
Y0.0891 Z0.5819
Y0.0909 Z0.5755
Y0.0919 Z0.5712
Y0.0928 Z0.5655
X0.504 Y0.0933 Z0.5617
X0.5039 Y0.0934 Z0.5596
X0.5037 Y0.0937 Z0.5526
X0.5035 Z0.5449
X0.5032 Z0.5387
X0.5029 Z0.5365
X0.5019 Z0.5322
X0.501 Z0.5283
X0.5 Z0.5218
X0.499 Z0.513
X0.4971 Z0.4993
X0.4923 Z0.4646
X0.4682 Z0.3038
X0.4663 Z0.2974
X0.4653 Z0.2947
X0.4643 Z0.2894
X0.4634 Z0.283
X0.4624 Z0.2801
X0.4605 Y0.0936 Z0.277
X0.4586 Y0.0935 Z0.2724
X0.4571 Z0.2652
X0.4569 Z0.2625
X0.4566 Z0.2572
X0.456 Z0.2512
X0.4518 Y0.0934
X0.4511 Y0.0933 Z0.2513
X0.4504 Z0.2548
X0.4489 Z0.2611
X0.4475 Y0.0932 Z0.2653
X0.446 Z0.2692
X0.4446 Y0.0931 Z0.272
X0.4412 Y0.093 Z0.2761
X0.4369 Y0.0929 Z0.28
X0.4335 Y0.0927 Z0.2819
X0.4291 Y0.0924 Z0.284
X0.4272 Y0.0922 Z0.2846
X0.4236 Y0.0918 Z0.2858
X0.4202 Y0.0915 Z0.2874
X0.4169 Y0.0912 Z0.2891
X0.4136 Y0.0909 Z0.2911
X0.4074 Y0.0903 Z0.2954
X0.4013 Y0.0895 Z0.2999
X0.3952 Y0.0887 Z0.3044
X0.3889 Y0.0877 Z0.3084
X0.3856 Y0.0871 Z0.3101
X0.3822 Y0.0866 Z0.3116
X0.3787 Y0.086 Z0.3128
X0.377 Y0.0857 Z0.3133
X0.3752 Y0.0854 Z0.3137
X0.3718 Y0.0849 Z0.3142
X0.3637 Y0.0832 Z0.3154
X0.3564 Y0.0817 Z0.316
X0.3487 Y0.0801 Z0.3165
X0.3409 Y0.0785 Z0.3166
X0.3332 Y0.0765 Z0.3157
X0.3292 Y0.0755 Z0.3145
X0.3255 Y0.0745 Z0.3132
X0.3178 Y0.0727 Z0.3091
X0.3135 Y0.0716 Z0.3061
X0.3101 Y0.0709 Z0.3029
X0.3058 Y0.0698 Z0.2982
X0.3015 Y0.0684 Z0.2917
X0.3006 Y0.0681
X0.2947 Y0.0661 Z0.2939
X0.2903 Y0.0646 Z0.2953
X0.287 Y0.0635 Z0.2956
X0.2792 Y0.0609 Z0.296
X0.2766 Y0.06 Z0.2958
X0.2715 Y0.0581 Z0.2948
X0.2638 Y0.055 Z0.2922
X0.2571 Y0.0523 Z0.2886
X0.2518 Y0.0502 Z0.2843
X0.251 Y0.0499 Z0.2836
X0.2503 Y0.0496 Z0.284
X0.2484 Y0.0488 Z0.2854
X0.2407 Y0.0454 Z0.2902
X0.2389 Y0.0446 Z0.291
X0.233 Y0.0418 Z0.293
X0.2253 Y0.0382 Z0.2942
X0.2225 Y0.0369 Z0.2944
X0.2175 Y0.0345 Z0.2939
X0.2098 Y0.0305 Z0.2921
X0.2074 Y0.0292 Z0.2913
X0.2021 Y0.0263 Z0.2885
X0.1978 Y0.0239 Z0.2857
X0.1944 Y0.0221 Z0.2825
X0.1901 Y0.0197 Z0.2779
X0.1867 Y0.0179 Z0.2732
X0.18 Y0.0137 Z0.2736
X0.179 Y0.0131
X0.1713 Y0.0083 Z0.2722
X0.1676 Y0.006 Z0.2714
X0.1636 Y0.0035 Z0.2712
X0.1556 Y-0.0017 Z0.2717
X0.1481 Y-0.007 Z0.2721
X0.1404 Y-0.0124 Z0.2713
X0.1327 Y-0.0179 Z0.2725
X0.125 Y-0.024 Z0.2734
X0.1239 Y-0.0249 Z0.2733
X0.1173 Y-0.0302 Z0.2722
X0.1143 Y-0.0326 Z0.2716
X0.1096 Y-0.0363 Z0.2722
X0.1048 Y-0.0403 Z0.2731
X0.1019 Y-0.0429 Z0.2734
X0.1017 Y-0.0431 Z0.2783
X0.1013 Y-0.0435 Z0.3081
X0.1011 Y-0.0436 Z0.3112
X0.1005 Y-0.0441 Z0.3181
X0.0996 Y-0.045 Z0.3236
X0.0982 Y-0.0465 Z0.3291
X0.0969 Y-0.048 Z0.3331
X0.0942 Y-0.0512 Z0.3391
X0.0901 Y-0.0557 Z0.346
X0.0864 Y-0.0595 Z0.35
X0.0827 Y-0.0634 Z0.3533
X0.0787 Y-0.0678 Z0.3559
X0.0755 Y-0.0712 Z0.3572
X0.068 Y-0.0789 Z0.3591
X0.0633 Y-0.0837 Z0.36
X0.0607 Y-0.0866 Z0.3604
X0.0539 Y-0.0943 Z0.3615
X0.0479 Y-0.1011 Z0.362
X0.0471 Y-0.102
X0.0401 Y-0.1097 Z0.361
X0.0334 Y-0.1175 Z0.3577
X0.0325 Y-0.1186 Z0.357
X0.0263 Y-0.1252 Z0.3512
X0.0247 Y-0.1268 Z0.3493
X0.0215 Y-0.13 Z0.3448
X0.0186 Y-0.1329 Z0.3394
X0.017 Y-0.1347 Z0.3351
X0.0162 Y-0.1358 Z0.3323
X0.0153 Y-0.1371 Z0.3282
X0.0144 Y-0.1383 Z0.3228
X0.014 Y-0.1389 Z0.3171
X0.0138 Y-0.1392 Z0.3133
X0.0137 Y-0.1394 Z0.2861
X0.0136 Y-0.1395 Z0.2853
X0.0128 Y-0.1406 Z0.2858
X0.0093 Y-0.1457 Z0.2872
X0.0075 Y-0.1483 Z0.2876
X0.0048 Y-0.1522 Z0.288
X0.0016 Y-0.1568 Z0.2875
X0. Y-0.1591 Z0.2872
X-0.003 Y-0.1638 Z0.2856
X-0.0061 Y-0.1688 Z0.2835
X-0.0077 Y-0.1715 Z0.2822
X-0.0101 Y-0.1753 Z0.2792
X-0.0118 Y-0.1782 Z0.2768
X-0.0124 Y-0.1792 Z0.2772
X-0.0138 Y-0.1815 Z0.2796
X-0.0172 Y-0.1869 Z0.2841
X-0.0215 Y-0.1948 Z0.2882
X-0.0256 Y-0.2023 Z0.2902
X-0.0292 Y-0.2092 Z0.2911
X-0.0297 Y-0.2101
X-0.0338 Y-0.2178 Z0.2898
X-0.037 Y-0.2244 Z0.288
X-0.0375 Y-0.2255 Z0.2875
X-0.041 Y-0.2332 Z0.2832
X-0.0432 Y-0.238 Z0.2793
X-0.0447 Y-0.2412 Z0.2759
X-0.0467 Y-0.2455 Z0.2716
X-0.0481 Y-0.2487 Z0.2719
X-0.0542 Y-0.2641 Z0.2714
X-0.0557 Y-0.2679 Z0.2752
X-0.0572 Y-0.2718 Z0.2791
X-0.0602 Y-0.2795 Z0.284
X-0.0627 Y-0.2872 Z0.2872
X-0.064 Y-0.2911 Z0.2885
X-0.0653 Y-0.295 Z0.289
X-0.0678 Y-0.3027 Z0.2894
X-0.0703 Y-0.3104 Z0.2885
X-0.0724 Y-0.3181 Z0.286
X-0.0744 Y-0.3258 Z0.2818
X-0.0755 Y-0.33 Z0.2791
X-0.0765 Y-0.3335 Z0.276
X-0.077 Y-0.3355 Z0.274
X-0.0777 Y-0.3384 Z0.2715
X-0.0785 Y-0.3413 Z0.2716
X-0.0801 Y-0.349 Z0.272
X-0.0817 Y-0.3567 Z0.2716
X-0.0833 Y-0.3644 Z0.2713
X-0.0849 Y-0.3721 Z0.2717
X-0.0858 Y-0.3779 Z0.2718
X-0.0861 Y-0.3796
Y-0.38 Z0.3326
X-0.0862 Y-0.3801 Z0.3354
Y-0.3803 Z0.3382
Y-0.3808 Z0.3414
X-0.0864 Y-0.3818 Z0.3457
X-0.0865 Y-0.3837 Z0.3512
X-0.0864 Y-0.3876 Z0.3586
X-0.0862 Y-0.3914 Z0.3643
Y-0.3953 Z0.3682
Y-0.3991 Z0.3716
X-0.0864 Y-0.403 Z0.3741
X-0.0867 Y-0.4107 Z0.3786
X-0.087 Y-0.4184 Z0.3807
X-0.0875 Y-0.4261 Z0.3821
X-0.0882 Y-0.4339 Z0.3824
X-0.0887 Y-0.4416
X-0.0892 Y-0.457 Z0.3821
X-0.0896 Y-0.4724 Z0.3822
X-0.0894 Y-0.4802
X-0.0887 Y-0.5033
X-0.0882 Y-0.511 Z0.3821
X-0.0862 Y-0.5342 Z0.3818
X-0.0853 Y-0.5419 Z0.3816
X-0.082 Y-0.5651 Z0.3812
X-0.0807 Y-0.5728 Z0.381
X-0.0755 Y-0.5981 Z0.3804
X-0.0743 Y-0.6036 Z0.3802
X-0.0661 Y-0.6345 Z0.379
X-0.0586 Y-0.6577 Z0.3778
X-0.0561 Y-0.6654 Z0.3774
X-0.0524 Y-0.675 Z0.3768
X-0.044 Y-0.6962 Z0.3754
X-0.0369 Y-0.7117 Z0.3745
X-0.0334 Y-0.7194 Z0.374
X-0.0292 Y-0.7281 Z0.3733
X-0.0259 Y-0.7348 Z0.3714
X-0.0235 Y-0.7397 Z0.3698
X-0.0221 Y-0.7425 Z0.3682
X-0.0215 Y-0.7439 Z0.3673
X-0.0187 Y-0.7503 Z0.3628
X-0.018 Y-0.7522 Z0.3609
X-0.0161 Y-0.7551 Z0.3629
X-0.0138 Y-0.7583 Z0.3649
X-0.0088 Y-0.7657 Z0.3675
X-0.0061 Y-0.7698 Z0.3687
X-0.0038 Y-0.7734 Z0.369
X0.0016 Y-0.7821 Z0.3688
X0.0062 Y-0.7889 Z0.3683
X0.017 Y-0.8047 Z0.3661
X0.0222 Y-0.812 Z0.3647
X0.0247 Y-0.8155 Z0.3636
X0.0278 Y-0.8197 Z0.3611
X0.0325 Y-0.8264 Z0.3567
X0.0332 Y-0.8274 Z0.3559
X0.0356 Y-0.8313 Z0.3517
X0.038 Y-0.8352 Z0.3468
X0.0402 Y-0.8386 Z0.341
X0.0416 Y-0.8409 Z0.3352
X0.0432 Y-0.8429 Z0.3277
X0.0438 Y-0.8436 Z0.3222
X0.0445 Y-0.8444 Z0.3251
X0.0459 Y-0.8459 Z0.3295
X0.0479 Y-0.848 Z0.3346
X0.0507 Y-0.8506 Z0.3395
X0.0556 Y-0.855 Z0.346
X0.0591 Y-0.8583 Z0.3492
X0.0633 Y-0.8623 Z0.3525
X0.0673 Y-0.866 Z0.3545
X0.071 Y-0.8694 Z0.3559
X0.0754 Y-0.8737 Z0.3565
X0.0787 Y-0.877 Z0.3567
X0.0832 Y-0.8815 Z0.3566
X0.0864 Y-0.8846 Z0.3561
X0.0942 Y-0.8916 Z0.355
X0.1019 Y-0.8985 Z0.3541
X0.1087 Y-0.9046 Z0.3529
X0.1096 Y-0.9054 Z0.3527
X0.1173 Y-0.912 Z0.3491
X0.1177 Y-0.9123 Z0.3488
X0.1207 Y-0.9149 Z0.3464
X0.125 Y-0.9188 Z0.3426
X0.1264 Y-0.92 Z0.341
X0.1298 Y-0.9233 Z0.3361
X0.1327 Y-0.9262 Z0.3299
X0.1343 Y-0.9278 Z0.3263
X0.1357 Y-0.929 Z0.3222
X0.1374 Y-0.9303 Z0.3157
X0.1382 Y-0.9308 Z0.3097
X0.1385 Y-0.9311 Z0.3036
X0.1387 Y-0.9312 Z0.2917
X0.1389 Y-0.9313 Z0.285
X0.1404 Y-0.9324 Z0.2856
X0.1447 Y-0.9355 Z0.2864
X0.1481 Y-0.9379 Z0.2867
X0.1558 Y-0.9433 Z0.2861
X0.1592 Y-0.9457 Z0.2853
X0.1636 Y-0.9484 Z0.2835
X0.1713 Y-0.9532 Z0.2794
X0.1754 Y-0.9557 Z0.2766
X0.1761 Y-0.9562 Z0.277
X0.179 Y-0.958 Z0.2803
X0.18 Y-0.9586 Z0.2813
X0.1867 Y-0.9627 Z0.2863
X0.1932 Y-0.9663 Z0.2894
X0.1944 Y-0.967 Z0.2897
X0.2021 Y-0.9712 Z0.2915
X0.2074 Y-0.9741 Z0.2919
X0.2098 Y-0.9754 Z0.2918
X0.2175 Y-0.9794 Z0.2901
X0.2226 Y-0.9818 Z0.2886
X0.2253 Y-0.983 Z0.2874
X0.233 Y-0.9867 Z0.2825
X0.2363 Y-0.9883 Z0.2795
X0.2378 Y-0.989 Z0.2785
X0.2407 Y-0.9903 Z0.2806
X0.2441 Y-0.9919 Z0.2828
X0.2484 Y-0.9937 Z0.2846
X0.2561 Y-0.9968 Z0.2867
X0.2571 Y-0.9972 Z0.2869
X0.2638 Y-0.9999 Z0.2878
X0.2715 Y-1.003 Z0.2871
X0.2766 Y-1.0049 Z0.286
X0.2792 Y-1.0058 Z0.285
X0.287 Y-1.0084 Z0.2815
X0.2947 Y-1.011 Z0.2758
X0.2996 Y-1.0126 Z0.2718
X0.3024 Y-1.0136 Z0.2722
X0.3101 Y-1.0159 Z0.2731
X0.3127 Y-1.0166 Z0.2729
X0.3135 Y-1.0168 Z0.2744
X0.3149 Y-1.0172 Z0.2802
X0.3164 Y-1.0176 Z0.2843
X0.3178 Y-1.018 Z0.2881
X0.3212 Y-1.0189 Z0.2938
X0.3255 Y-1.02 Z0.2994
X0.3273 Y-1.0204 Z0.3014
X0.3332 Y-1.0217 Z0.3064
X0.3409 Y-1.0235 Z0.311
X0.3487 Y-1.0251 Z0.3136
X0.352 Y-1.0257 Z0.3147
X0.3564 Y-1.0266 Z0.3152
X0.3641 Y-1.0281 Z0.3154
X0.3718 Y-1.0297 Z0.3145
X0.3795 Y-1.031 Z0.3134
X0.3872 Y-1.0321 Z0.3128
X0.3949 Y-1.0332 Z0.3119
X0.4026 Y-1.0344 Z0.3103
X0.4103 Y-1.0353 Z0.3071
X0.4156 Y-1.0358 Z0.3039
X0.4181 Y-1.036 Z0.3022
X0.4258 Y-1.0368 Z0.295
X0.4291 Y-1.0371 Z0.2902
X0.432 Y-1.0375 Z0.285
X0.4335 Y-1.0376 Z0.2822
X0.4354 Y-1.0377 Z0.2767
X0.4369 Y-1.0378 Z0.2721
X0.4417 Y-1.0379 Z0.2723
X0.4424
X0.4428 Y-1.038 Z0.2795
X0.4431 Z0.2834
X0.4446 Z0.2929
X0.446 Z0.2989
X0.4489 Z0.31
X0.4586 Y-1.0381 Z0.3739
X0.4749 Z0.4851
X0.4778 Z0.5054
X0.4793 Z0.5169
X0.4803 Z0.5255
X0.4808 Z0.529
X0.4819 Z0.5346
X0.4826 Z0.5374
X0.4833 Z0.5427
X0.4838 Y-1.038 Z0.5542
X0.4839 Y-1.0379 Z0.5585
X0.484 Y-1.0375 Z0.5627
Y-1.037 Z0.5671
X0.4841 Y-1.0358 Z0.5733
Y-1.0339 Z0.5803
Y-1.0303 Z0.5902
Y-1.0281 Z0.5949
X0.4842 Y-1.0242 Z0.6018
X0.4843 Y-1.0204 Z0.6076
Y-1.0179 Z0.6108
X0.4847 Y-1.0126 Z0.617
X0.4852 Y-1.0088 Z0.6209
X0.4858 Y-1.0049 Z0.6248
X0.4863 Y-0.9972 Z0.6325
Y-0.9895 Z0.6401
X0.4861 Y-0.9818 Z0.6477
X0.4862 Y-0.9663 Z0.663
Y-0.9461 Z0.6831
X0.4851 Y-0.9457 Z0.6834
X0.4798 Y-0.9452 Z0.6835
X0.472 Y-0.9444 Z0.6836
X0.4618 Y-0.9432 Z0.6837
X0.4566 Y-0.9425
X0.4489 Y-0.9414 Z0.6838
X0.4412 Y-0.94 Z0.684
X0.4258 Y-0.9372 Z0.6841
X0.4174 Y-0.9355
X0.4103 Y-0.9339
X0.4026 Y-0.9319 Z0.6843
X0.3949 Y-0.9298 Z0.6845
X0.3872 Y-0.9275 Z0.6846
X0.3795 Y-0.9252 Z0.6847
X0.3718 Y-0.9227 Z0.6849
X0.3641 Y-0.92
X0.3564 Y-0.9173 Z0.685
X0.3487 Y-0.9144 Z0.6851
X0.3409 Y-0.9113 Z0.6852
X0.3332 Y-0.9081 Z0.6853
X0.325 Y-0.9046 Z0.6854
X0.3178 Y-0.9012
X0.309 Y-0.8969 Z0.6857
X0.2947 Y-0.8895 Z0.6858
X0.287 Y-0.8852 Z0.686
X0.2792 Y-0.8808
X0.2677 Y-0.8737 Z0.6863
X0.2556 Y-0.866
X0.2444 Y-0.8583 Z0.6865
X0.2407 Y-0.8556
X0.233 Y-0.8499 Z0.6866
X0.224 Y-0.8429 Z0.6868
X0.2146 Y-0.8352 Z0.6869
X0.2055 Y-0.8274 Z0.687
X0.2021 Y-0.8244 Z0.6871
X0.1969 Y-0.8197
X0.1867 Y-0.81 Z0.6873
X0.1809 Y-0.8043
X0.1713 Y-0.7942 Z0.6874
X0.1663 Y-0.7889 Z0.6875
X0.1595 Y-0.7811
X0.153 Y-0.7734 Z0.6876
X0.1467 Y-0.7657 Z0.6877
X0.1404 Y-0.7578
X0.1327 Y-0.7473 Z0.6878
X0.1293 Y-0.7425
X0.1241 Y-0.7348 Z0.688
X0.1173 Y-0.7243 Z0.6881
X0.1141 Y-0.7194 Z0.688
X0.1094 Y-0.7117 Z0.6881
X0.1049 Y-0.704 Z0.688
X0.1007 Y-0.6962 Z0.6881
X0.0942 Y-0.6833 Z0.6884
X0.0892 Y-0.6731
X0.0856 Y-0.6654
X0.079 Y-0.6499 Z0.6885
X0.0759 Y-0.6422 Z0.6886
X0.073 Y-0.6345
X0.0703 Y-0.6268 Z0.6887
X0.0677 Y-0.6191 Z0.6886
X0.0652 Y-0.6114 Z0.6887
X0.0629 Y-0.6036
X0.0607 Y-0.5959
X0.0586 Y-0.5882
X0.0567 Y-0.5805
X0.055 Y-0.5728
X0.0533 Y-0.5651 Z0.6888
X0.0519 Y-0.5573
X0.0506 Y-0.5496 Z0.6889
X0.0479 Y-0.5318 Z0.6888
X0.0472 Y-0.5265
X0.0458 Y-0.511 Z0.6889
X0.0452 Y-0.5033
X0.0447 Y-0.4956
X0.0444 Y-0.4879
X0.0441 Y-0.4802 Z0.6888
X0.044 Y-0.4724 Z0.6889
X0.0443 Y-0.457
X0.0447 Y-0.4493
X0.0459 Y-0.4339 Z0.6891
X0.0479 Y-0.4155
X0.0496 Y-0.403 Z0.689
X0.0508 Y-0.3953
X0.0521 Y-0.3876
X0.0535 Y-0.3798 Z0.6889
X0.0556 Y-0.3699 Z0.6888
X0.0568 Y-0.3644
X0.0587 Y-0.3567
X0.0607 Y-0.349
X0.0633 Y-0.3403
X0.0654 Y-0.3335
X0.0678 Y-0.3258
X0.071 Y-0.3163 Z0.6887
X0.0731 Y-0.3104
X0.0761 Y-0.3027
X0.0791 Y-0.295 Z0.6886
X0.0824 Y-0.2872
X0.0864 Y-0.2779
X0.0893 Y-0.2718 Z0.6885
X0.0942 Y-0.262
X0.1009 Y-0.2487 Z0.6883
X0.1051 Y-0.2409 Z0.6882
X0.1096 Y-0.2332
X0.1143 Y-0.2255
X0.1242 Y-0.2101 Z0.6881
X0.1295 Y-0.2023 Z0.688
X0.1327 Y-0.1978
X0.1408 Y-0.1869 Z0.6879
X0.1481 Y-0.1775 Z0.6878
X0.153 Y-0.1715 Z0.6877
X0.1596 Y-0.1638 Z0.6876
X0.1664 Y-0.156
X0.1736 Y-0.1483 Z0.6874
X0.1811 Y-0.1406
X0.1889 Y-0.1329 Z0.6873
X0.1971 Y-0.1252 Z0.6872
X0.2021 Y-0.1206 Z0.6871
X0.2098 Y-0.1139 Z0.687
X0.2175 Y-0.1074
X0.2253 Y-0.1012 Z0.6869
X0.2342 Y-0.0943 Z0.6868
X0.2407 Y-0.0895 Z0.6867
X0.2484 Y-0.0841 Z0.6866
X0.2561 Y-0.0789
X0.2638 Y-0.0738 Z0.6864
X0.268 Y-0.0712
X0.2715 Y-0.0689 Z0.6863
X0.2807 Y-0.0634 Z0.6862
X0.2947 Y-0.0555 Z0.6859
X0.3101 Y-0.0476 Z0.6858
X0.3178 Y-0.0438 Z0.6856
X0.3256 Y-0.0403 Z0.6855
X0.3332 Y-0.037
X0.344 Y-0.0326 Z0.6854
X0.3487 Y-0.0307 Z0.6853
X0.3564 Y-0.0278 Z0.6852
X0.3644 Y-0.0249 Z0.6851
X0.3718 Y-0.0224 Z0.685
X0.3795 Y-0.0199 Z0.6849
X0.3886 Y-0.0171 Z0.6847
X0.3949 Y-0.0153 Z0.6846
X0.4103 Y-0.0111 Z0.6843
X0.4181 Y-0.0094 Z0.6842
X0.4258 Y-0.0078
X0.4412 Y-0.005
X0.4489 Y-0.0037 Z0.684
X0.4566 Y-0.0025 Z0.6839
X0.4643 Y-0.0015 Z0.6838
X0.472 Y-0.0006 Z0.6837
X0.484 Y0.0005 Z0.6835
X0.485 Y0.0007
X0.4859 Y0.0012 Z0.683
X0.4858 Y0.0523 Z0.6324
X0.4855 Y0.06 Z0.6248
X0.4851 Y0.0639 Z0.6209
X0.4847 Y0.0678 Z0.617
X0.4843 Y0.0731 Z0.6108
Y0.0755 Z0.6076
X0.4842 Y0.0793 Z0.6018
X0.4841 Y0.0832 Z0.5949
Y0.0872 Z0.5858
Y0.09 Z0.5771
Y0.0909 Z0.5733
Y0.092 Z0.5674
X0.484 Y0.0926 Z0.563
X0.4838 Y0.0931 Z0.5558
X0.4833 Y0.0932 Z0.5417
X0.4808 Z0.5289
X0.4803 Z0.5253
X0.4793 Z0.5162
X0.473 Z0.471
X0.4489 Y0.0931 Z0.3101
X0.4475 Z0.3043
X0.446 Z0.2999
X0.4453 Z0.2982
X0.4412 Y0.093 Z0.3004
X0.4335 Y0.0925 Z0.3036
X0.4258 Y0.0918 Z0.3053
X0.4103 Y0.0904 Z0.3083
X0.4026 Y0.0895 Z0.3095
X0.3872 Y0.0873 Z0.3116
X0.3752 Y0.0854 Z0.3137
X0.3714 Y0.0848 Z0.3145
X0.3677 Y0.0841 Z0.3158
X0.3606 Y0.0827 Z0.319
X0.3537 Y0.0811 Z0.3227
X0.347 Y0.0794 Z0.3266
X0.3404 Y0.0778 Z0.3298
X0.337 Y0.0769 Z0.3311
X0.3335 Y0.0759 Z0.3322
X0.3318 Y0.0754 Z0.3326
X0.33 Y0.075 Z0.3329
X0.3283 Y0.0745 Z0.333
X0.3265 Y0.074 Z0.3331
X0.3248 Y0.0736
X0.323 Y0.0731 Z0.3329
X0.3205 Y0.0724 Z0.3323
X0.3196 Y0.0722 Z0.332
X0.3178 Y0.0718 Z0.3314
X0.3101 Y0.0698 Z0.3274
X0.3024 Y0.0676 Z0.3223
X0.298 Y0.0664 Z0.3182
X0.2947 Y0.0654 Z0.3148
X0.287 Y0.0629 Z0.3156
X0.2792 Y0.0603 Z0.316
X0.2784 Y0.06 Z0.3159
X0.2715 Y0.0575 Z0.3151
X0.2638 Y0.0546 Z0.3131
X0.2578 Y0.0523 Z0.311
X0.2561 Y0.0517 Z0.3103
X0.2503 Y0.0496 Z0.3073
X0.2484 Y0.0488 Z0.3083
X0.2407 Y0.0452 Z0.3114
X0.2393 Y0.0446 Z0.3118
X0.233 Y0.0416 Z0.3132
X0.2253 Y0.0379 Z0.3142
X0.223 Y0.0369 Z0.3144
X0.2175 Y0.0344 Z0.3139
X0.2098 Y0.0305 Z0.3125
X0.2074 Y0.0292 Z0.3119
X0.2021 Y0.0263 Z0.3104
X0.1944 Y0.0221 Z0.3065
X0.1932 Y0.0214 Z0.3058
X0.1867 Y0.0179 Z0.3012
X0.18 Y0.0137 Z0.2943
X0.179 Y0.0131 Z0.2936
X0.1713 Y0.0083 Z0.2924
X0.1676 Y0.006 Z0.2917
X0.1636 Y0.0035 Z0.2912
X0.1556 Y-0.0017 Z0.2917
X0.1481 Y-0.007 Z0.2921
X0.1404 Y-0.0124 Z0.2915
X0.1327 Y-0.0179 Z0.2926
X0.125 Y-0.024 Z0.2934
X0.1239 Y-0.0249 Z0.2933
X0.1169 Y-0.0304 Z0.2923
X0.1167 Y-0.0306 Z0.3081
X0.1166 Y-0.0307 Z0.3103
X0.1159 Y-0.0313 Z0.319
X0.1151 Y-0.032 Z0.3249
X0.1146 Y-0.0326 Z0.328
X0.1131 Y-0.0345 Z0.3349
X0.1124 Y-0.0355 Z0.3379
X0.1096 Y-0.0386 Z0.3455
X0.108 Y-0.0403 Z0.3487
X0.1049 Y-0.0437 Z0.3545
X0.1019 Y-0.0471 Z0.3597
X0.101 Y-0.048 Z0.3608
X0.0977 Y-0.0514 Z0.3645
X0.0942 Y-0.055 Z0.368
X0.09 Y-0.0591 Z0.3714
X0.0858 Y-0.0634 Z0.3741
X0.0785 Y-0.0712 Z0.377
X0.0709 Y-0.0789 Z0.3789
X0.0633 Y-0.087 Z0.3803
X0.0568 Y-0.0943 Z0.3812
X0.05 Y-0.102 Z0.3819
X0.0479 Y-0.1044
X0.0431 Y-0.1097 Z0.3812
X0.0402 Y-0.1133 Z0.3807
X0.0366 Y-0.1175 Z0.3793
X0.0325 Y-0.1223 Z0.3772
X0.0299 Y-0.1252 Z0.3758
X0.0247 Y-0.1309 Z0.3714
X0.0203 Y-0.1358 Z0.3671
X0.017 Y-0.1395 Z0.3627
X0.016 Y-0.1406 Z0.3612
X0.0124 Y-0.1445 Z0.3553
X0.0093 Y-0.1476 Z0.3493
X0.0065 Y-0.1503 Z0.3422
X0.0048 Y-0.1522 Z0.3361
X0.0035 Y-0.1541 Z0.3284
X0.0028 Y-0.1551 Z0.3209
X0.0025 Y-0.1556 Z0.3151
X0.0022 Y-0.156 Z0.3077
X0.0016 Y-0.1568 Z0.3076
X-0.003 Y-0.1638 Z0.3064
X-0.0061 Y-0.1688 Z0.3047
X-0.0101 Y-0.1753 Z0.302
X-0.0113 Y-0.1773 Z0.301
X-0.0124 Y-0.1792 Z0.3019
X-0.0172 Y-0.1869 Z0.3061
X-0.0215 Y-0.1948 Z0.3088
X-0.0256 Y-0.2023 Z0.3103
X-0.0292 Y-0.2092 Z0.3111
X-0.0297 Y-0.2101
X-0.0338 Y-0.2178 Z0.31
X-0.0375 Y-0.2255 Z0.3083
X-0.041 Y-0.2332 Z0.3057
X-0.0447 Y-0.2412 Z0.3012
X-0.0481 Y-0.2487 Z0.2955
X-0.0496 Y-0.2525 Z0.2918
X-0.0512 Y-0.2564 Z0.2917
X-0.0524 Y-0.2595 Z0.2941
X-0.0542 Y-0.2641 Z0.2974
X-0.0572 Y-0.2718 Z0.3022
X-0.0602 Y-0.2795 Z0.3055
X-0.0627 Y-0.2872 Z0.3081
X-0.0653 Y-0.295 Z0.309
X-0.0678 Y-0.3027 Z0.3094
X-0.0703 Y-0.3104 Z0.3086
X-0.0724 Y-0.3181 Z0.3069
X-0.0744 Y-0.3258 Z0.3043
X-0.0765 Y-0.3335 Z0.3002
X-0.0785 Y-0.3413 Z0.2954
X-0.0793 Y-0.3451 Z0.2921
X-0.0801 Y-0.349 Z0.292
X-0.0824 Y-0.3601 Z0.2915
X-0.0825 Y-0.3604 Z0.3328
Z0.3357
Y-0.3605 Z0.3377
X-0.0827 Y-0.3615 Z0.3453
X-0.0828 Y-0.3625 Z0.3496
Y-0.3644 Z0.3556
X-0.0827 Y-0.3654 Z0.3582
X-0.0824 Y-0.3683 Z0.364
X-0.0822 Y-0.3721 Z0.3707
X-0.0821 Y-0.376 Z0.3763
Y-0.3798 Z0.3804
X-0.0822 Y-0.3876 Z0.3874
X-0.0826 Y-0.3953 Z0.3923
X-0.0831 Y-0.403 Z0.3967
X-0.0832 Y-0.4049 Z0.3974
X-0.0836 Y-0.4107 Z0.3991
X-0.0841 Y-0.4184 Z0.4008
X-0.0846 Y-0.4261 Z0.4019
X-0.0852 Y-0.4339 Z0.4022
X-0.0858 Y-0.4416
X-0.0863 Y-0.457 Z0.4019
X-0.0867 Y-0.4724 Z0.402
X-0.0865 Y-0.4802
X-0.0858 Y-0.5033 Z0.4019
X-0.0853 Y-0.511
X-0.0832 Y-0.5346 Z0.4015
X-0.0824 Y-0.5419 Z0.4014
X-0.079 Y-0.5651 Z0.4009
X-0.0777 Y-0.5728 Z0.4008
X-0.073 Y-0.5959 Z0.4002
X-0.0714 Y-0.6036 Z0.4
X-0.0632 Y-0.6345 Z0.3987
X-0.0556 Y-0.6577 Z0.3976
X-0.0531 Y-0.6654 Z0.3972
X-0.0502 Y-0.6731 Z0.3967
X-0.0441 Y-0.6885 Z0.3957
X-0.041 Y-0.6962 Z0.3952
X-0.037 Y-0.7053 Z0.3947
X-0.0304 Y-0.7194 Z0.3938
X-0.0268 Y-0.7271 Z0.3932
X-0.0229 Y-0.7348 Z0.3915
X-0.0215 Y-0.7376 Z0.3907
X-0.0191 Y-0.7425 Z0.3891
X-0.0154 Y-0.7503 Z0.3854
X-0.0145 Y-0.7522 Z0.3841
X-0.0138 Y-0.7534 Z0.3843
X-0.0109 Y-0.758 Z0.3859
X-0.0058 Y-0.7657 Z0.3882
X-0.0009 Y-0.7734 Z0.3888
X0.0039 Y-0.7811 Z0.3886
X0.0093 Y-0.7892 Z0.388
X0.0197 Y-0.8043 Z0.386
X0.0251 Y-0.812 Z0.3845
X0.0309 Y-0.8197 Z0.3821
X0.0325 Y-0.8219 Z0.3809
X0.0364 Y-0.8274 Z0.3776
X0.0402 Y-0.8328 Z0.374
X0.0418 Y-0.8352 Z0.3722
X0.0445 Y-0.839 Z0.3681
X0.0473 Y-0.8429 Z0.3634
X0.0483 Y-0.8444 Z0.3613
X0.0513 Y-0.8472 Z0.3641
X0.0548 Y-0.8506 Z0.3672
X0.0592 Y-0.855 Z0.3707
X0.0633 Y-0.8591 Z0.3729
X0.0705 Y-0.866 Z0.3756
X0.0787 Y-0.8741 Z0.3765
X0.0864 Y-0.8817 Z0.3763
X0.0944 Y-0.8892 Z0.3752
X0.103 Y-0.8969 Z0.3741
X0.1116 Y-0.9046 Z0.3727
X0.1173 Y-0.9095 Z0.3708
X0.125 Y-0.9159 Z0.3671
X0.1297 Y-0.92 Z0.3635
X0.1327 Y-0.9227 Z0.3609
X0.1385 Y-0.9278 Z0.3548
X0.1404 Y-0.9293 Z0.3523
X0.1438 Y-0.9322 Z0.3473
X0.1474 Y-0.9355 Z0.3398
X0.1481 Y-0.9361 Z0.3382
X0.1501 Y-0.938 Z0.3333
X0.1515 Y-0.9395 Z0.3287
X0.153 Y-0.9411 Z0.3221
X0.1537 Y-0.9418 Z0.3176
X0.155 Y-0.9428 Z0.3062
X0.1558 Y-0.9433
X0.1636 Y-0.9484 Z0.3047
X0.1676 Y-0.9509 Z0.3031
X0.1713 Y-0.9532 Z0.3014
X0.1732 Y-0.9544 Z0.3003
X0.1746 Y-0.9553 Z0.301
X0.179 Y-0.958 Z0.3041
X0.18 Y-0.9586 Z0.3047
X0.1867 Y-0.9627 Z0.3079
X0.1932 Y-0.9663 Z0.3099
X0.2021 Y-0.9712 Z0.3115
X0.2075 Y-0.9741 Z0.3119
X0.2098 Y-0.9754 Z0.3118
X0.2175 Y-0.9794 Z0.3105
X0.2226 Y-0.9818 Z0.3093
X0.2253 Y-0.983 Z0.3085
X0.233 Y-0.9867 Z0.3055
X0.2389 Y-0.9895 Z0.3021
X0.2407 Y-0.9903 Z0.3028
X0.2484 Y-0.9937 Z0.3053
X0.2561 Y-0.9967 Z0.3069
X0.2638 Y-0.9998 Z0.3078
X0.2715 Y-1.0028 Z0.3072
X0.277 Y-1.0049 Z0.3064
X0.2792 Y-1.0057 Z0.3059
X0.287 Y-1.0083 Z0.3033
X0.2947 Y-1.011 Z0.2998
X0.2996 Y-1.0126 Z0.2965
X0.3024 Y-1.0135 Z0.3002
X0.3058 Y-1.0144 Z0.3057
X0.3101 Y-1.0154 Z0.3113
X0.3135 Y-1.0162 Z0.3153
X0.3178 Y-1.0171 Z0.3191
X0.3255 Y-1.019 Z0.3248
X0.3313 Y-1.0204 Z0.3283
X0.3332 Y-1.0208 Z0.3293
X0.3409 Y-1.0228 Z0.332
X0.3487 Y-1.0244 Z0.3343
X0.3564 Y-1.026 Z0.3352
X0.3641 Y-1.0275 Z0.3354
X0.3667 Y-1.0281 Z0.3352
X0.3718 Y-1.0291 Z0.3347
X0.3795 Y-1.0305 Z0.3336
X0.3949 Y-1.0328 Z0.3321
X0.4026 Y-1.034 Z0.3308
X0.4103 Y-1.035 Z0.3288
X0.4186 Y-1.0358 Z0.3253
X0.4258 Y-1.0365 Z0.3211
X0.4299 Y-1.0369 Z0.3184
X0.4306 Z0.3224
X0.4398 Z0.3833
X0.4554 Z0.4896
X0.4586 Z0.512
X0.4605 Z0.5279
X0.4615 Z0.5344
X0.4626 Z0.5396
X0.4635 Z0.5461
X0.4637 Z0.551
X0.4639 Y-1.0368 Z0.5566
Y-1.0366 Z0.5596
X0.464 Y-1.0363 Z0.5629
Y-1.0358 Z0.5669
X0.4641 Y-1.0348 Z0.5722
Y-1.0339 Z0.5763
Y-1.0319 Z0.5828
X0.4642 Y-1.0281 Z0.5924
Y-1.0242 Z0.5998
X0.4643 Y-1.0204 Z0.6059
Y-1.0183 Z0.6087
X0.4647 Y-1.0126 Z0.6157
X0.465 Y-1.0093 Z0.6192
X0.4656 Y-1.0049 Z0.6235
X0.4663 Y-0.9972 Z0.6312
X0.4664 Y-0.9895 Z0.6388
X0.4661 Y-0.9818 Z0.6463
X0.4663 Y-0.9663 Z0.6615
Y-0.9586 Z0.6691
X0.4658 Y-0.958 Z0.6696
X0.4566 Y-0.9569 Z0.6697
X0.4489 Y-0.9558 Z0.6698
X0.4412 Y-0.9546 Z0.67
X0.4258 Y-0.9518 Z0.6702
X0.4181 Y-0.9503
X0.4103 Y-0.9486
X0.4026 Y-0.9468 Z0.6703
X0.3949 Y-0.9447 Z0.6705
X0.3795 Y-0.9403 Z0.6708
X0.3718 Y-0.9379 Z0.671
X0.3641 Y-0.9353 Z0.6711
X0.3564 Y-0.9327 Z0.6712
X0.3487 Y-0.9299 Z0.6713
X0.3409 Y-0.927 Z0.6714
X0.3332 Y-0.9238 Z0.6715
X0.3241 Y-0.92 Z0.6716
X0.3178 Y-0.9173 Z0.6717
X0.3073 Y-0.9123 Z0.6719
X0.3024 Y-0.9099 Z0.672
X0.292 Y-0.9046 Z0.6721
X0.287 Y-0.902 Z0.6722
X0.2779 Y-0.8969 Z0.6724
X0.2715 Y-0.8933
X0.2638 Y-0.8885 Z0.6726
X0.2525 Y-0.8815 Z0.6727
X0.2484 Y-0.8789 Z0.6728
X0.2407 Y-0.8736 Z0.6729
X0.233 Y-0.8682 Z0.673
X0.2253 Y-0.8626 Z0.6731
X0.2175 Y-0.8566 Z0.6732
X0.2098 Y-0.8504 Z0.6734
X0.2008 Y-0.8429 Z0.6735
X0.1919 Y-0.8352 Z0.6736
X0.1867 Y-0.8304 Z0.6737
X0.1754 Y-0.8197 Z0.6739
X0.1713 Y-0.8156 Z0.674
X0.1636 Y-0.8077
X0.1558 Y-0.7995 Z0.6741
X0.1465 Y-0.7889 Z0.6742
X0.14 Y-0.7811 Z0.6744
X0.1327 Y-0.7722
X0.1277 Y-0.7657
X0.122 Y-0.758 Z0.6745
X0.1165 Y-0.7503 Z0.6746
X0.1113 Y-0.7425 Z0.6748
X0.1013 Y-0.7271
X0.0942 Y-0.7154 Z0.6749
X0.092 Y-0.7117 Z0.6748
X0.0877 Y-0.704 Z0.6749
X0.0838 Y-0.6962 Z0.6751
X0.0787 Y-0.6861 Z0.6752
X0.0726 Y-0.6731 Z0.6753
X0.0692 Y-0.6654
X0.0659 Y-0.6577 Z0.6754
X0.0628 Y-0.6499
X0.0598 Y-0.6422 Z0.6755
X0.0556 Y-0.6305
X0.0518 Y-0.6191 Z0.6756
X0.0494 Y-0.6114
X0.0472 Y-0.6036
X0.045 Y-0.5959
X0.0431 Y-0.5882
X0.0412 Y-0.5805
X0.0395 Y-0.5728 Z0.6757
X0.0379 Y-0.5651
X0.0366 Y-0.5573 Z0.6758
X0.0353 Y-0.5496
X0.0329 Y-0.5342
X0.032 Y-0.5265
X0.0306 Y-0.511 Z0.6759
X0.03 Y-0.5033 Z0.6758
X0.0296 Y-0.4956 Z0.6759
X0.0292 Y-0.4879 Z0.6758
X0.0289 Y-0.4802 Z0.6757
Y-0.4724 Z0.6758
X0.0292 Y-0.457
X0.0296 Y-0.4493 Z0.6759
X0.0307 Y-0.4339 Z0.676
X0.0325 Y-0.4173
X0.0332 Y-0.4107
X0.0343 Y-0.403
X0.0354 Y-0.3953
X0.0367 Y-0.3876 Z0.6759
X0.0381 Y-0.3798
X0.0402 Y-0.3697 Z0.6758
X0.0413 Y-0.3644
X0.0432 Y-0.3567 Z0.6757
X0.0451 Y-0.349
X0.0479 Y-0.3391
X0.0496 Y-0.3335
X0.0545 Y-0.3181
X0.0571 Y-0.3104 Z0.6756
X0.0599 Y-0.3027
X0.0633 Y-0.294 Z0.6755
X0.066 Y-0.2872
X0.071 Y-0.2756 Z0.6754
X0.0727 Y-0.2718
X0.0787 Y-0.2592
X0.0864 Y-0.2438 Z0.6752
X0.088 Y-0.2409 Z0.6751
X0.0922 Y-0.2332 Z0.675
X0.0968 Y-0.2255
X0.1019 Y-0.2171
X0.1114 Y-0.2023 Z0.6748
X0.1173 Y-0.1937 Z0.6747
X0.1221 Y-0.1869
X0.1279 Y-0.1792 Z0.6746
X0.1339 Y-0.1715 Z0.6745
X0.1404 Y-0.1633 Z0.6744
X0.1481 Y-0.1542 Z0.6742
X0.1558 Y-0.1455
X0.1636 Y-0.1374 Z0.6741
X0.1713 Y-0.1294 Z0.674
X0.179 Y-0.1219 Z0.6739
X0.1867 Y-0.1146 Z0.6738
X0.192 Y-0.1097 Z0.6737
X0.2021 Y-0.1011 Z0.6736
X0.2102 Y-0.0943 Z0.6735
X0.22 Y-0.0866 Z0.6734
X0.2303 Y-0.0789 Z0.6732
X0.233 Y-0.0769
X0.2484 Y-0.0663 Z0.673
X0.2561 Y-0.0613 Z0.6728
X0.265 Y-0.0557 Z0.6727
X0.2715 Y-0.0518 Z0.6726
X0.2792 Y-0.0474 Z0.6725
X0.287 Y-0.0431 Z0.6723
X0.3024 Y-0.0351 Z0.6721
X0.3101 Y-0.0314 Z0.6719
X0.3178 Y-0.0278
X0.3332 Y-0.0212 Z0.6717
X0.3487 Y-0.0152 Z0.6715
X0.3564 Y-0.0124 Z0.6713
X0.3649 Y-0.0094 Z0.6712
X0.3795 Y-0.0048 Z0.671
X0.3949 Y-0.0003 Z0.6707
X0.4026 Y0.0017 Z0.6705
X0.4103 Y0.0036 Z0.6704
X0.4181 Y0.0053 Z0.6703
X0.4258 Y0.0068
X0.4412 Y0.0095 Z0.6701
X0.4489 Y0.0107 Z0.67
X0.4566 Y0.0119 Z0.6699
X0.4652 Y0.0129 Z0.6698
X0.466 Y0.0133 Z0.6695
X0.4658 Y0.0523 Z0.6311
X0.4654 Y0.06 Z0.6236
X0.465 Y0.0636 Z0.62
X0.4646 Y0.0678 Z0.6157
X0.4643 Y0.0737 Z0.6083
Y0.0755 Z0.6059
X0.4642 Y0.0793 Z0.5998
Y0.0832 Z0.5924
X0.4641 Y0.0871 Z0.5827
Y0.0899 Z0.5723
Y0.0909 Z0.567
Y0.0915 Z0.5626
X0.4639 Y0.0919 Z0.5574
X0.4635 Y0.092 Z0.5448
X0.4626 Z0.5398
X0.4615 Z0.5343
X0.4605 Z0.5277
X0.4595 Z0.5192
X0.4576 Z0.5051
X0.4524 Y0.0921 Z0.4681
X0.432 Y0.092 Z0.3322
X0.4306 Z0.3247
X0.4181 Y0.0908 Z0.3272
X0.4103 Y0.0901 Z0.3286
X0.4026 Y0.0891 Z0.3297
X0.3949 Y0.088 Z0.3307
X0.3872 Y0.0868 Z0.3319
X0.3784 Y0.0855 Z0.3334
X0.3718 Y0.0843 Z0.3345
X0.3667 Y0.0832 Z0.3352
X0.3564 Y0.0811 Z0.3361
X0.3487 Y0.0795 Z0.3365
X0.3409 Y0.0777
X0.3324 Y0.0755 Z0.3357
X0.3255 Y0.0737 Z0.3341
X0.3196 Y0.0722 Z0.332
X0.3145 Y0.0709 Z0.3304
X0.3093 Y0.0695 Z0.3291
X0.304 Y0.068 Z0.3281
X0.2987 Y0.0663 Z0.3274
X0.2934 Y0.0646 Z0.327
X0.2881 Y0.0629 Z0.3268
X0.2829 Y0.0611
X0.2776 Y0.0592 Z0.327
X0.2723 Y0.0572 Z0.3274
X0.2671 Y0.0551 Z0.3279
X0.2618 Y0.053 Z0.3285
X0.2515 Y0.0487 Z0.3301
X0.2463 Y0.0465 Z0.331
X0.2362 Y0.0417 Z0.3328
X0.233 Y0.0402 Z0.3334
X0.2253 Y0.0366 Z0.3343
X0.2175 Y0.0329 Z0.3339
X0.2098 Y0.0289 Z0.3326
X0.2021 Y0.025 Z0.3308
X0.1952 Y0.0214 Z0.3285
X0.1867 Y0.0172 Z0.3243
X0.179 Y0.0129 Z0.319
X0.1746 Y0.0104 Z0.3153
X0.1713 Y0.0083 Z0.3126
X0.1636 Y0.0035 Z0.3113
X0.1556 Y-0.0017 Z0.3118
X0.1481 Y-0.007 Z0.3121
X0.1404 Y-0.0124 Z0.3116
X0.1327 Y-0.0179 Z0.3126
X0.1323 Y-0.0183 Z0.3127
X0.1319 Y-0.0185 Z0.316
X0.1314 Y-0.0189 Z0.3215
X0.1308 Y-0.0199 Z0.3279
X0.13 Y-0.0212 Z0.3338
X0.1282 Y-0.0236 Z0.3424
X0.1271 Y-0.0249 Z0.3462
X0.125 Y-0.0272 Z0.3521
X0.1227 Y-0.0297 Z0.3577
X0.1198 Y-0.0326 Z0.3632
X0.1173 Y-0.035 Z0.3676
X0.1149 Y-0.0374 Z0.3715
X0.112 Y-0.0403 Z0.3757
X0.1096 Y-0.0428 Z0.3784
X0.1044 Y-0.048 Z0.3837
X0.1019 Y-0.0506 Z0.386
X0.0966 Y-0.0557 Z0.39
X0.0942 Y-0.0581 Z0.3915
X0.0888 Y-0.0634 Z0.3941
X0.0864 Y-0.0659 Z0.3951
X0.0814 Y-0.0712 Z0.3969
X0.0739 Y-0.0789 Z0.3987
X0.071 Y-0.0818 Z0.3992
X0.0666 Y-0.0866 Z0.4
X0.0598 Y-0.0943 Z0.401
X0.0529 Y-0.102 Z0.4017
X0.0479 Y-0.1077 Z0.4016
X0.0402 Y-0.1169 Z0.4004
X0.0397 Y-0.1175 Z0.4003
X0.0332 Y-0.1252 Z0.3975
X0.0265 Y-0.1329 Z0.3939
X0.0247 Y-0.1349 Z0.3925
X0.02 Y-0.1406 Z0.3882
X0.017 Y-0.1442 Z0.3851
X0.0135 Y-0.1483 Z0.3811
X0.0093 Y-0.1531 Z0.3754
X0.0065 Y-0.156 Z0.3709
X0.0036 Y-0.1591 Z0.3658
X0.0016 Y-0.1612 Z0.3618
X-0.0009 Y-0.1638 Z0.3559
X-0.003 Y-0.1658 Z0.3505
X-0.005 Y-0.1676 Z0.3443
X-0.0061 Y-0.1689 Z0.3392
X-0.0069 Y-0.1702 Z0.3341
X-0.0073 Y-0.1708 Z0.3305
X-0.0077 Y-0.1715 Z0.3257
X-0.008 Y-0.172 Z0.3245
X-0.0101 Y-0.1753 Z0.3232
X-0.0113 Y-0.1773 Z0.3229
X-0.0124 Y-0.1792 Z0.324
X-0.0138 Y-0.1815 Z0.3251
X-0.0172 Y-0.1869 Z0.327
X-0.0215 Y-0.1948 Z0.3291
X-0.0256 Y-0.2023 Z0.3304
X-0.0292 Y-0.2092 Z0.3311
X-0.0297 Y-0.2101
X-0.0338 Y-0.2178 Z0.3301
X-0.0375 Y-0.2255 Z0.3287
X-0.041 Y-0.2332 Z0.3266
X-0.0446 Y-0.2409 Z0.3238
X-0.0481 Y-0.2487 Z0.3195
X-0.0496 Y-0.2525 Z0.317
X-0.0504 Y-0.2544 Z0.3155
X-0.0508 Y-0.2554 Z0.3151
X-0.0524 Y-0.2595 Z0.3177
X-0.0542 Y-0.2641 Z0.3204
X-0.0572 Y-0.2718 Z0.3237
X-0.0602 Y-0.2795 Z0.3265
X-0.0627 Y-0.2872 Z0.3282
X-0.0653 Y-0.295 Z0.329
X-0.0678 Y-0.3027 Z0.3294
X-0.0703 Y-0.3104 Z0.3287
X-0.0724 Y-0.3181 Z0.3274
X-0.0744 Y-0.3258 Z0.3254
X-0.0765 Y-0.3335 Z0.3226
X-0.0783 Y-0.3405 Z0.319
X-0.0784 Y-0.3407 Z0.3225
Y-0.3408 Z0.3333
Y-0.3409 Z0.337
X-0.0785 Y-0.3413 Z0.3412
X-0.0787 Y-0.3422 Z0.3487
X-0.0786 Y-0.3432 Z0.353
X-0.0783 Y-0.3451 Z0.3593
X-0.0779 Y-0.347 Z0.3646
X-0.0777 Y-0.349 Z0.3688
X-0.0774 Y-0.3528 Z0.376
X-0.0773 Y-0.3567 Z0.3825
X-0.0772 Y-0.3605 Z0.3881
X-0.0774 Y-0.3644 Z0.3924
X-0.0779 Y-0.3721 Z0.3998
X-0.0781 Y-0.376 Z0.4032
X-0.0783 Y-0.3798 Z0.4057
X-0.0788 Y-0.3876 Z0.4105
X-0.0793 Y-0.3953 Z0.4147
X-0.08 Y-0.403 Z0.4174
X-0.0806 Y-0.4107 Z0.4193
X-0.0811 Y-0.4184 Z0.4207
X-0.0817 Y-0.4261 Z0.4217
X-0.0823 Y-0.4339 Z0.422
X-0.0828 Y-0.4416
X-0.0834 Y-0.457 Z0.4217
X-0.0836 Y-0.4647
X-0.0837 Y-0.4724 Z0.4218
X-0.0836 Y-0.4802
X-0.0831 Y-0.4956
X-0.0828 Y-0.5033 Z0.4217
X-0.0823 Y-0.511
X-0.0803 Y-0.5342 Z0.4213
X-0.0794 Y-0.5419 Z0.4212
X-0.0761 Y-0.5651 Z0.4207
X-0.0748 Y-0.5728 Z0.4206
X-0.07 Y-0.5959 Z0.42
X-0.0684 Y-0.6036 Z0.4198
X-0.0601 Y-0.6349 Z0.4185
X-0.0524 Y-0.6586 Z0.4173
X-0.0501 Y-0.6654 Z0.4169
X-0.0473 Y-0.6731 Z0.4165
X-0.0412 Y-0.6885 Z0.4155
X-0.0381 Y-0.6962 Z0.415
X-0.0347 Y-0.704 Z0.4145
X-0.0275 Y-0.7194 Z0.4136
X-0.0238 Y-0.7271 Z0.413
X-0.0215 Y-0.7317 Z0.4121
X-0.02 Y-0.7348 Z0.4114
X-0.0161 Y-0.7425 Z0.4094
X-0.0138 Y-0.7471 Z0.4078
X-0.0123 Y-0.7503 Z0.4064
X-0.0107 Y-0.7534 Z0.4054
X-0.0061 Y-0.7606 Z0.4076
X-0.0028 Y-0.7657 Z0.4082
X0.0016 Y-0.7727 Z0.4086
X0.0069 Y-0.7811 Z0.4084
X0.0093 Y-0.7849 Z0.4081
X0.012 Y-0.7889 Z0.4078
X0.0226 Y-0.8043 Z0.4058
X0.0247 Y-0.8073 Z0.4052
X0.0281 Y-0.812 Z0.4044
X0.0325 Y-0.8179 Z0.4027
X0.0364 Y-0.8231 Z0.401
X0.0395 Y-0.8274 Z0.3988
X0.0451 Y-0.8352 Z0.394
X0.0479 Y-0.8389 Z0.3914
X0.0509 Y-0.8429 Z0.3882
X0.0525 Y-0.8448 Z0.3868
X0.0556 Y-0.8479 Z0.389
X0.0582 Y-0.8506 Z0.3905
X0.0633 Y-0.8558 Z0.3928
X0.0657 Y-0.8583 Z0.3938
X0.071 Y-0.8636 Z0.3955
X0.0787 Y-0.8712 Z0.3963
X0.0813 Y-0.8737 Z0.3964
X0.0864 Y-0.8788 Z0.3963
X0.0891 Y-0.8815 Z0.3961
X0.0942 Y-0.8863 Z0.3954
X0.0973 Y-0.8892 Z0.395
X0.1059 Y-0.8969 Z0.3939
X0.1146 Y-0.9046 Z0.3925
X0.1173 Y-0.907 Z0.3918
X0.1237 Y-0.9123 Z0.3895
X0.1329 Y-0.92 Z0.385
X0.1361 Y-0.9228 Z0.3826
X0.1404 Y-0.9265 Z0.3792
X0.142 Y-0.9278 Z0.3779
X0.1481 Y-0.9327 Z0.3718
X0.1516 Y-0.9355 Z0.3679
X0.1558 Y-0.939 Z0.3618
X0.1584 Y-0.9412 Z0.3576
X0.1606 Y-0.9432 Z0.3531
X0.1636 Y-0.9459 Z0.3465
X0.1655 Y-0.9475 Z0.3417
X0.1669 Y-0.9488 Z0.3373
X0.1684 Y-0.9502 Z0.3318
X0.1691 Y-0.9509 Z0.3287
X0.1699 Y-0.9518 Z0.3239
X0.1713 Y-0.9528 Z0.3228
X0.1718 Y-0.9531 Z0.3226
X0.1732 Y-0.9539 Z0.3229
X0.1815 Y-0.9586 Z0.3268
X0.1867 Y-0.9617 Z0.3284
X0.1944 Y-0.9658 Z0.3303
X0.2021 Y-0.9698 Z0.3315
X0.2101 Y-0.9741 Z0.3318
X0.2175 Y-0.9781 Z0.3307
X0.2253 Y-0.9818 Z0.3292
X0.233 Y-0.9855 Z0.3268
X0.2411 Y-0.9895 Z0.3236
X0.2484 Y-0.9926 Z0.3256
X0.2561 Y-0.9956 Z0.327
X0.2638 Y-0.9986 Z0.3278
X0.2715 Y-1.0017 Z0.3273
X0.28 Y-1.0049 Z0.3261
X0.287 Y-1.0073 Z0.3243
X0.2939 Y-1.0097 Z0.322
X0.2947 Y-1.0099 Z0.3228
X0.298 Y-1.0108 Z0.327
X0.3024 Y-1.012 Z0.3315
X0.3046 Y-1.0126 Z0.3335
X0.3101 Y-1.0142 Z0.3378
X0.3178 Y-1.0162 Z0.3432
X0.3255 Y-1.0181 Z0.3475
X0.3347 Y-1.0204 Z0.3509
X0.3409 Y-1.0219 Z0.3528
X0.3487 Y-1.0238 Z0.3544
X0.3564 Y-1.0253 Z0.3552
X0.3641 Y-1.0269 Z0.3554
X0.3697 Y-1.0281 Z0.355
X0.3795 Y-1.0301 Z0.3538
X0.3872 Y-1.0312 Z0.3529
X0.3949 Y-1.0324 Z0.3522
X0.4026 Y-1.0335 Z0.351
X0.4103 Y-1.0347 Z0.3494
X0.4142 Y-1.0351 Z0.3484
X0.4152 Z0.3536
X0.432 Z0.4674
X0.4376 Z0.5056
X0.439 Z0.5163
X0.4405 Y-1.035 Z0.5283
X0.4417 Z0.5363
X0.4431 Z0.5442
X0.4435 Z0.5469
X0.4438 Z0.5534
X0.444 Y-1.0347 Z0.5595
X0.4441 Y-1.0344 Z0.5638
Y-1.0336 Z0.5688
X0.4442 Y-1.0329 Z0.5725
Y-1.0319 Z0.5765
Y-1.03 Z0.5829
Y-1.0281 Z0.5881
X0.4443 Y-1.0241 Z0.5966
Y-1.0204 Z0.603
X0.4444 Y-1.0163 Z0.6089
X0.4446 Y-1.0126 Z0.6135
X0.445 Y-1.0088 Z0.6178
X0.4454 Y-1.0049 Z0.6216
X0.4462 Y-0.9972 Z0.6292
X0.4464 Y-0.9895 Z0.6367
X0.4462 Y-0.9818 Z0.6442
X0.4463 Y-0.9701 Z0.6556
X0.4457 Y-0.9698 Z0.6558
X0.4335 Y-0.9677 Z0.6561
X0.4258 Y-0.9663 Z0.6562
X0.4181 Y-0.9649
X0.4103 Y-0.9633 Z0.6563
X0.4026 Y-0.9616 Z0.6564
X0.3911 Y-0.9586 Z0.6566
X0.3795 Y-0.9553 Z0.6569
X0.3718 Y-0.953 Z0.6571
X0.3564 Y-0.948 Z0.6573
X0.3428 Y-0.9432 Z0.6575
X0.3332 Y-0.9395 Z0.6576
X0.3233 Y-0.9355 Z0.6578
X0.3178 Y-0.9331 Z0.6579
X0.3101 Y-0.9298 Z0.658
X0.3024 Y-0.9261 Z0.6581
X0.2947 Y-0.9223 Z0.6583
X0.287 Y-0.9184 Z0.6584
X0.2792 Y-0.9144 Z0.6585
X0.2715 Y-0.9101 Z0.6587
X0.2638 Y-0.9057 Z0.6588
X0.2561 Y-0.901 Z0.659
X0.2484 Y-0.8962 Z0.6591
X0.2407 Y-0.8914 Z0.6592
X0.233 Y-0.8862 Z0.6593
X0.2253 Y-0.8808 Z0.6594
X0.2156 Y-0.8737 Z0.6596
X0.2098 Y-0.8693 Z0.6597
X0.2021 Y-0.8632 Z0.6599
X0.1944 Y-0.8568 Z0.66
X0.1867 Y-0.8503 Z0.6601
X0.1783 Y-0.8429 Z0.6603
X0.1701 Y-0.8352 Z0.6604
X0.1621 Y-0.8274 Z0.6606
X0.1545 Y-0.8197
X0.1472 Y-0.812 Z0.6607
X0.1402 Y-0.8043 Z0.6608
X0.1327 Y-0.7957 Z0.6609
X0.127 Y-0.7889 Z0.6611
X0.1208 Y-0.7811
X0.1148 Y-0.7734 Z0.6612
X0.1091 Y-0.7657 Z0.6613
X0.1036 Y-0.758 Z0.6614
X0.0984 Y-0.7503 Z0.6615
X0.0884 Y-0.7348 Z0.6616
X0.0837 Y-0.7271
X0.0787 Y-0.7188
X0.0748 Y-0.7117 Z0.6617
X0.0709 Y-0.704 Z0.6619
X0.067 Y-0.6962 Z0.662
X0.0595 Y-0.6808 Z0.6621
X0.0556 Y-0.6719 Z0.6622
X0.0528 Y-0.6654 Z0.6623
X0.0479 Y-0.6532
X0.0466 Y-0.6499
X0.041 Y-0.6345 Z0.6624
X0.0385 Y-0.6268 Z0.6625
X0.036 Y-0.6191
X0.0325 Y-0.6071
X0.0315 Y-0.6036
X0.0294 Y-0.5959
X0.0275 Y-0.5882 Z0.6626
X0.0247 Y-0.5761
X0.0241 Y-0.5728
X0.0226 Y-0.5651 Z0.6627
X0.0212 Y-0.5573
X0.0188 Y-0.5419
X0.0177 Y-0.5342
X0.0168 Y-0.5265
X0.0154 Y-0.511 Z0.6628
X0.0148 Y-0.5033
X0.0144 Y-0.4956
X0.0138 Y-0.4802 Z0.6627
X0.0137 Y-0.4724 Z0.6628
X0.014 Y-0.457 Z0.6627
X0.0144 Y-0.4493 Z0.6628
X0.0155 Y-0.4339 Z0.6629
X0.0163 Y-0.4261 Z0.663
X0.018 Y-0.4107
X0.019 Y-0.403 Z0.6629
X0.0201 Y-0.3953
X0.0214 Y-0.3876
X0.0227 Y-0.3798 Z0.6628
X0.0247 Y-0.3695 Z0.6627
X0.0276 Y-0.3567
X0.0295 Y-0.349 Z0.6626
X0.0315 Y-0.3413
X0.0338 Y-0.3335
X0.0361 Y-0.3258
X0.0411 Y-0.3104 Z0.6625
X0.0439 Y-0.3027
X0.0467 Y-0.295 Z0.6624
X0.0498 Y-0.2872
X0.0529 Y-0.2795
X0.0562 Y-0.2718 Z0.6623
X0.0597 Y-0.2641 Z0.6622
X0.0634 Y-0.2564
X0.0672 Y-0.2487
X0.0711 Y-0.2409 Z0.662
X0.0751 Y-0.2332 Z0.6619
X0.0793 Y-0.2255 Z0.6618
X0.0839 Y-0.2178
X0.0886 Y-0.2101 Z0.6617
X0.0985 Y-0.1946 Z0.6616
X0.1038 Y-0.1869 Z0.6615
X0.1096 Y-0.1787 Z0.6614
X0.1173 Y-0.1685 Z0.6613
X0.1271 Y-0.156 Z0.6611
X0.1336 Y-0.1483 Z0.661
X0.1404 Y-0.1405 Z0.6609
X0.1481 Y-0.132 Z0.6608
X0.1558 Y-0.124 Z0.6607
X0.1636 Y-0.1161 Z0.6606
X0.1713 Y-0.1087 Z0.6604
X0.179 Y-0.1015 Z0.6603
X0.1872 Y-0.0943 Z0.6602
X0.1963 Y-0.0866 Z0.6601
X0.2021 Y-0.0819 Z0.66
X0.2098 Y-0.0758 Z0.6599
X0.2175 Y-0.07 Z0.6597
X0.2265 Y-0.0634 Z0.6596
X0.2378 Y-0.0557 Z0.6595
X0.2497 Y-0.048 Z0.6592
X0.2561 Y-0.044 Z0.6591
X0.2638 Y-0.0394 Z0.659
X0.2758 Y-0.0326 Z0.6587
X0.2792 Y-0.0306
X0.2904 Y-0.0249 Z0.6585
X0.2947 Y-0.0227
X0.3024 Y-0.0189 Z0.6583
X0.3101 Y-0.0153 Z0.6582
X0.3178 Y-0.012 Z0.6581
X0.3255 Y-0.0087 Z0.658
X0.3434 Y-0.0017 Z0.6577
X0.3487 Y0.0002 Z0.6576
X0.3564 Y0.0029 Z0.6575
X0.3657 Y0.006 Z0.6573
X0.3718 Y0.0079 Z0.6572
X0.3872 Y0.0125 Z0.6569
X0.3949 Y0.0145 Z0.6567
X0.4026 Y0.0165 Z0.6565
X0.4103 Y0.0183 Z0.6564
X0.4181 Y0.0199 Z0.6563
X0.4264 Y0.0214
X0.4412 Y0.024 Z0.6561
X0.4455 Y0.0247 Z0.656
X0.446 Y0.0253 Z0.6554
X0.4459 Y0.0446 Z0.6367
X0.4458 Y0.0523 Z0.6291
X0.4453 Y0.06 Z0.6216
X0.4449 Y0.0639 Z0.6178
X0.4446 Y0.0678 Z0.6135
X0.4444 Y0.0714 Z0.6089
X0.4443 Y0.0755 Z0.603
Y0.0792 Z0.5966
X0.4442 Y0.0832 Z0.5881
Y0.0851 Z0.583
Y0.087 Z0.5766
Y0.088 Z0.5726
Y0.089 Z0.5674
Y0.0895 Z0.5639
X0.4441 Y0.0898 Z0.5602
X0.4438 Y0.0901 Z0.5531
X0.4435 Y0.0902 Z0.5461
X0.4417 Y0.0901 Z0.5362
X0.4405 Z0.528
X0.4398 Y0.0902 Z0.5216
X0.4335 Z0.4763
X0.4152 Z0.354
X0.4142 Z0.3482
X0.4103 Y0.0898 Z0.3488
X0.3949 Y0.0875 Z0.3509
X0.3872 Y0.0864 Z0.3522
X0.3795 Y0.0852 Z0.3535
X0.3696 Y0.0832 Z0.355
X0.3641 Y0.082 Z0.3555
X0.3564 Y0.0804 Z0.3561
X0.3487 Y0.0788 Z0.3565
X0.3409 Y0.0769
X0.3332 Y0.0749 Z0.3558
X0.3255 Y0.0729 Z0.3545
X0.3178 Y0.0709 Z0.3525
X0.3101 Y0.0688 Z0.3496
X0.3024 Y0.0665 Z0.3455
X0.2947 Y0.0642 Z0.3407
X0.287 Y0.0619 Z0.3356
X0.2814 Y0.06 Z0.3359
X0.2792 Y0.0593
X0.2715 Y0.0563 Z0.3351
X0.2638 Y0.0534 Z0.3335
X0.261 Y0.0523 Z0.3328
X0.2561 Y0.0505 Z0.3313
X0.2518 Y0.0489 Z0.3298
X0.2503 Y0.0483 Z0.3292
X0.2484 Y0.0475 Z0.3297
X0.2423 Y0.0446 Z0.3317
X0.2407 Y0.0438 Z0.332
X0.2362 Y0.0417 Z0.3328
X0.2333 Y0.0403 Z0.3336
X0.2306 Y0.0391 Z0.335
X0.2281 Y0.0379 Z0.3369
X0.226 Y0.0369 Z0.3392
X0.2243 Y0.0361 Z0.3419
X0.223 Y0.0355 Z0.3449
X0.2222 Y0.0351 Z0.348
X0.222 Y0.035 Z0.3513
G0 Z0.9371
X0.4679 Y0.097
Z0.6998
G1 Z0.2526 F200.
X0.4676 Y0.0969 Z0.2493 F30.
X0.4667 Y0.0968 Z0.2461
X0.4653 Y0.0967 Z0.2431
X0.4634 Y0.0964 Z0.2404
X0.4611 Y0.0961 Z0.2381
X0.4584 Y0.0958 Z0.2362
X0.4554 Y0.0955 Z0.2349
X0.4522 Y0.0951 Z0.234
X0.4489 Y0.0947 Z0.2338
X0.4456 Y0.0943 Z0.2342
X0.4425 Y0.0939 Z0.2351
X0.4395 Y0.0936 Z0.2366
X0.4369 Y0.0932 Z0.2386
X0.4346 Y0.093 Z0.241
X0.4328 Y0.0928 Z0.2438
X0.4316 Y0.0926 Z0.2468
X0.4308 Y0.0925 Z0.2501
X0.4306 Z0.2518
X0.4296 Y0.0924 Z0.2558
X0.4277 Y0.0922 Z0.2613
X0.4258 Y0.0921 Z0.2634
X0.4219 Y0.0917 Z0.2654
X0.4157 Y0.0912 Z0.2664
X0.4026 Y0.09 Z0.2692
X0.3949 Y0.0889 Z0.2703
X0.3795 Y0.0866 Z0.2721
X0.3718 Y0.0855 Z0.2737
X0.3641 Y0.084 Z0.275
X0.3602 Y0.0832 Z0.2756
X0.352 Y0.0815 Z0.2763
X0.3448 Y0.08 Z0.2768
X0.3409 Y0.0792 Z0.2765
X0.3371 Y0.0783 Z0.2746
X0.3352 Y0.0778 Z0.2724
X0.3342 Y0.0775 Z0.2704
X0.3337 Y0.0774 Z0.2687
X0.3335 Y0.0773 Z0.2648
X0.333 Y0.0772 Z0.251
X0.3325 Y0.0771 Z0.2472
X0.3315 Y0.0769 Z0.2435
X0.3299 Y0.0765 Z0.24
X0.3278 Y0.076 Z0.2369
X0.3252 Y0.0754 Z0.2342
X0.3222 Y0.0748 Z0.2319
X0.3188 Y0.074 Z0.2301
X0.3153 Y0.0732 Z0.229
X0.3116 Y0.0724 Z0.2284
X0.3079 Y0.0715 Z0.2285
X0.3042 Y0.0707 Z0.2292
X0.3007 Y0.0699 Z0.2305
X0.2974 Y0.0692 Z0.2323
X0.2945 Y0.0685 Z0.2347
X0.292 Y0.0679 Z0.2376
X0.29 Y0.0675 Z0.2408
X0.2885 Y0.0671 Z0.2443
X0.2876 Y0.0669 Z0.248
X0.2873 Z0.2518
Z0.3787
X0.2875 Y0.0668 Z0.3804
X0.2883 Y0.0666 Z0.3818
X0.2894 Y0.0664 Z0.383
X0.2908 Y0.066 Z0.3837
X0.2924 Y0.0656 Z0.384
X0.294 Y0.0652 Z0.3837
X0.2954 Y0.0649 Z0.383
X0.2965 Y0.0646 Z0.3818
X0.2973 Y0.0644 Z0.3804
X0.2975 Z0.3787
X0.2972 Y0.0643 Z0.3749
X0.2964 Y0.064 Z0.3712
X0.2949 Y0.0635 Z0.3677
X0.293 Y0.0629 Z0.3645
X0.2906 Y0.062 Z0.3617
X0.2877 Y0.0611 Z0.3593
X0.2846 Y0.06 Z0.3574
X0.2814 Y0.059 Z0.3559
X0.2792 Y0.0581
X0.2715 Y0.0552 Z0.3552
X0.2638 Y0.0522 Z0.3538
X0.2561 Y0.0493 Z0.352
X0.2503 Y0.047 Z0.3501
X0.2452 Y0.0446 Z0.3515
X0.2407 Y0.0425 Z0.3523
X0.233 Y0.0388 Z0.3535
X0.2288 Y0.0369 Z0.354
X0.2253 Y0.0352 Z0.3542
X0.2175 Y0.0314 Z0.3538
X0.2133 Y0.0292 Z0.3533
X0.2098 Y0.0274 Z0.3527
X0.2021 Y0.0234 Z0.351
X0.1984 Y0.0214 Z0.3501
X0.1944 Y0.0194 Z0.3488
X0.1867 Y0.0152 Z0.3457
X0.179 Y0.0109 Z0.3416
X0.1713 Y0.0067 Z0.3364
X0.1701 Y0.006 Z0.3355
X0.1655 Y0.0036 Z0.3317
X0.1636 Y0.0024 Z0.3314
X0.1558 Y-0.0027 Z0.3318
X0.1481 Y-0.0081 Z0.3321
X0.1474 Y-0.0086 Z0.332
X0.1466 Y-0.0094 Z0.3345
X0.1459 Y-0.0104 Z0.3393
X0.1437 Y-0.0129 Z0.349
X0.1419 Y-0.0148 Z0.3552
X0.1395 Y-0.0171 Z0.3615
X0.1376 Y-0.0191 Z0.3661
X0.1361 Y-0.0206 Z0.3695
X0.1327 Y-0.0239 Z0.3758
X0.1284 Y-0.0282 Z0.3831
X0.1237 Y-0.0326 Z0.3899
X0.1207 Y-0.0354 Z0.3934
X0.1173 Y-0.0385 Z0.3968
X0.1155 Y-0.0403 Z0.3986
X0.1096 Y-0.0461 Z0.4039
X0.1076 Y-0.048 Z0.4054
X0.1019 Y-0.0536 Z0.4094
X0.0996 Y-0.0557 Z0.4107
X0.0942 Y-0.0611 Z0.4133
X0.0918 Y-0.0634 Z0.4142
X0.0864 Y-0.069 Z0.4161
X0.0843 Y-0.0712 Z0.4167
X0.0768 Y-0.0789 Z0.4185
X0.071 Y-0.085 Z0.4195
X0.0627 Y-0.0943 Z0.4208
X0.0556 Y-0.1023 Z0.4215
X0.0491 Y-0.1097
X0.0427 Y-0.1175 Z0.4205
X0.0402 Y-0.1206 Z0.4201
X0.0363 Y-0.1252 Z0.4186
X0.0325 Y-0.1297 Z0.417
X0.0298 Y-0.1329 Z0.4157
X0.0236 Y-0.1406 Z0.4121
X0.0207 Y-0.1442 Z0.4097
X0.017 Y-0.1486 Z0.4064
X0.0138 Y-0.1526 Z0.4032
X0.0109 Y-0.156 Z0.4001
X0.0093 Y-0.1579 Z0.3983
X0.0044 Y-0.1638 Z0.3918
X0.0016 Y-0.1672 Z0.3874
X-0.0021 Y-0.1715 Z0.3808
X-0.004 Y-0.1737 Z0.3772
X-0.0061 Y-0.1761 Z0.3728
X-0.0091 Y-0.1792 Z0.3656
X-0.0111 Y-0.1812 Z0.3604
X-0.0124 Y-0.1824 Z0.3567
X-0.0138 Y-0.1836 Z0.3524
X-0.0151 Y-0.1846 Z0.3482
X-0.0156 Y-0.1852 Z0.347
X-0.0166 Y-0.1869 Z0.3474
X-0.0207 Y-0.1946 Z0.3492
X-0.0248 Y-0.2023 Z0.3504
X-0.0289 Y-0.2101 Z0.3511
X-0.0292 Y-0.2107 Z0.351
X-0.0332 Y-0.2178 Z0.3503
X-0.037 Y-0.2255 Z0.349
X-0.0408 Y-0.2332 Z0.3473
X-0.0447 Y-0.2413 Z0.3447
X-0.0481 Y-0.2487 Z0.3419
X-0.0508 Y-0.2554 Z0.3382
X-0.0542 Y-0.2641 Z0.342
X-0.0572 Y-0.2718 Z0.3448
X-0.0601 Y-0.2795 Z0.3469
X-0.0626 Y-0.2872 Z0.3483
X-0.0651 Y-0.295 Z0.349
X-0.0678 Y-0.3031 Z0.3494
X-0.0702 Y-0.3104 Z0.3488
X-0.0728 Y-0.32 Z0.3473
X-0.0735 Y-0.3222 Z0.3469
Y-0.3229 Z0.3502
X-0.0732 Y-0.3244 Z0.3571
X-0.0729 Y-0.3258 Z0.3619
X-0.0726 Y-0.3278 Z0.3677
X-0.0723 Y-0.33 Z0.3735
X-0.0722 Y-0.3335 Z0.3807
X-0.0721 Y-0.3355 Z0.3844
X-0.0722 Y-0.3384 Z0.3895
Y-0.3413 Z0.3942
X-0.0723 Y-0.3451 Z0.3998
X-0.0724 Y-0.349 Z0.4042
X-0.0729 Y-0.3567 Z0.4118
X-0.0734 Y-0.3644 Z0.4188
X-0.0743 Y-0.3721 Z0.4239
X-0.0749 Y-0.3798 Z0.4286
X-0.0754 Y-0.3876 Z0.4328
X-0.0755 Y-0.3883 Z0.4331
X-0.0762 Y-0.3953 Z0.4355
X-0.077 Y-0.403 Z0.4377
X-0.0776 Y-0.4107 Z0.4394
X-0.0782 Y-0.4184 Z0.4406
X-0.0787 Y-0.4261 Z0.4415
X-0.0793 Y-0.4339 Z0.4418
X-0.0799 Y-0.4416
X-0.0804 Y-0.457 Z0.4415
X-0.0807 Y-0.4647
X-0.0808 Y-0.4724
X-0.0806 Y-0.4802 Z0.4416
X-0.0802 Y-0.4956
X-0.0799 Y-0.5033 Z0.4415
X-0.0794 Y-0.511
X-0.0781 Y-0.5265 Z0.4412
X-0.0774 Y-0.5342 Z0.4411
X-0.0765 Y-0.5419 Z0.4409
X-0.0743 Y-0.5573 Z0.4407
X-0.0731 Y-0.5651 Z0.4405
X-0.0718 Y-0.5728 Z0.4403
X-0.0671 Y-0.5959 Z0.4398
X-0.0654 Y-0.6036 Z0.4396
X-0.0573 Y-0.6345 Z0.4383
X-0.0497 Y-0.6577 Z0.4371
X-0.0472 Y-0.6654 Z0.4367
X-0.0443 Y-0.6731 Z0.4362
X-0.037 Y-0.6918 Z0.435
X-0.0351 Y-0.6962 Z0.4347
X-0.0317 Y-0.704 Z0.4343
X-0.0246 Y-0.7194 Z0.4334
X-0.0209 Y-0.7271 Z0.4327
X-0.017 Y-0.7348 Z0.4314
X-0.0131 Y-0.7425 Z0.4294
X-0.0092 Y-0.7503 Z0.4271
X-0.0076 Y-0.7533 Z0.4263
X-0.0061 Y-0.7558 Z0.427
X-0.0047 Y-0.758 Z0.4274
X0.0001 Y-0.7657 Z0.4282
X0.0016 Y-0.768 Z0.4283
X0.005 Y-0.7734 Z0.4284
X0.0098 Y-0.7811 Z0.4282
X0.015 Y-0.7889 Z0.4276
X0.0256 Y-0.8043 Z0.4255
X0.031 Y-0.812 Z0.4242
X0.0325 Y-0.8139 Z0.4238
X0.0368 Y-0.8197 Z0.4222
X0.0402 Y-0.8242 Z0.4207
X0.0426 Y-0.8274 Z0.4196
X0.0482 Y-0.8352 Z0.4153
X0.0511 Y-0.8389 Z0.4129
X0.0542 Y-0.8429 Z0.4102
X0.0556 Y-0.8446 Z0.4094
X0.0614 Y-0.8506 Z0.4121
X0.0633 Y-0.8526 Z0.4128
X0.0688 Y-0.8583 Z0.4147
X0.071 Y-0.8606 Z0.4153
X0.0787 Y-0.8683 Z0.4161
X0.0843 Y-0.8737 Z0.4162
X0.0864 Y-0.8759
X0.0921 Y-0.8815 Z0.4159
X0.0942 Y-0.8835 Z0.4156
X0.1019 Y-0.8906 Z0.4145
X0.1096 Y-0.8975 Z0.4136
X0.1175 Y-0.9046 Z0.4123
X0.125 Y-0.911 Z0.4101
X0.1267 Y-0.9123 Z0.4095
X0.1327 Y-0.9174 Z0.407
X0.1404 Y-0.9238 Z0.4032
X0.1452 Y-0.9278 Z0.3997
X0.1481 Y-0.93 Z0.3975
X0.1551 Y-0.9355 Z0.3914
X0.1601 Y-0.9394 Z0.3864
X0.1636 Y-0.9422 Z0.3824
X0.1647 Y-0.9432 Z0.3809
X0.1684 Y-0.9462 Z0.3757
X0.1713 Y-0.9484 Z0.3712
X0.1745 Y-0.9509 Z0.3653
X0.1761 Y-0.9522 Z0.3621
X0.179 Y-0.9545 Z0.3559
X0.1809 Y-0.9561 Z0.3512
X0.182 Y-0.9571 Z0.348
X0.1846 Y-0.9586 Z0.3481
X0.1867 Y-0.9599 Z0.3486
X0.1944 Y-0.9642 Z0.3503
X0.1985 Y-0.9663 Z0.351
X0.2021 Y-0.9682 Z0.3514
X0.2098 Y-0.9723 Z0.3517
X0.2131 Y-0.9741 Z0.3516
X0.2175 Y-0.9765 Z0.3509
X0.2253 Y-0.9804 Z0.3496
X0.2281 Y-0.9818 Z0.349
X0.233 Y-0.9841 Z0.3477
X0.2407 Y-0.9878 Z0.3452
X0.2426 Y-0.9888 Z0.3444
X0.2442 Y-0.9895 Z0.3449
X0.2484 Y-0.9913 Z0.3457
X0.2561 Y-0.9945 Z0.347
X0.2638 Y-0.9974 Z0.3478
X0.2715 Y-1.0005 Z0.3473
X0.2792 Y-1.0036 Z0.3464
X0.2829 Y-1.0049 Z0.3459
X0.2882 Y-1.0067 Z0.3447
X0.2903 Y-1.0073 Z0.3467
X0.2947 Y-1.0086 Z0.3504
X0.3024 Y-1.0108 Z0.3563
X0.3086 Y-1.0126 Z0.3606
X0.3178 Y-1.0153 Z0.3658
X0.3255 Y-1.0172 Z0.3687
X0.3332 Y-1.0192 Z0.3712
X0.3379 Y-1.0204 Z0.3725
X0.3409 Y-1.0211 Z0.3732
X0.3487 Y-1.0231 Z0.3745
X0.3564 Y-1.0247 Z0.3752
X0.3641 Y-1.0263 Z0.3754
X0.3727 Y-1.0281 Z0.3748
X0.3795 Y-1.0295 Z0.374
X0.3872 Y-1.0308 Z0.3731
X0.3978 Y-1.0324 Z0.3719
X0.3985 Z0.3762
X0.4161 Y-1.0323 Z0.4955
X0.4191 Z0.5168
X0.4207 Y-1.0322 Z0.5299
X0.4212 Z0.5337
X0.4223 Z0.5404
X0.4233 Y-1.0323 Z0.546
X0.4239 Y-1.0322 Z0.552
X0.4242 Y-1.032 Z0.5585
X0.4243 Y-1.0316 Z0.5635
Y-1.031 Z0.5681
X0.4244 Y-1.03 Z0.5731
Y-1.0281 Z0.5803
Y-1.0259 Z0.5866
Y-1.0235 Z0.5922
Y-1.0204 Z0.5983
X0.4245 Y-1.0165 Z0.6046
X0.4247 Y-1.0126 Z0.61
X0.4249 Y-1.0088 Z0.6147
X0.4253 Y-1.0049 Z0.6188
X0.4261 Y-0.9972 Z0.6265
X0.4265 Y-0.9895 Z0.634
X0.4264 Y-0.9818 Z0.6414
X0.4258 Y-0.9809 Z0.6422
X0.4181 Y-0.9795 Z0.6423
X0.4103 Y-0.978
X0.4026 Y-0.9763 Z0.6424
X0.3934 Y-0.9741 Z0.6426
X0.3872 Y-0.9725 Z0.6427
X0.3718 Y-0.9681 Z0.6431
X0.3641 Y-0.9657 Z0.6433
X0.3564 Y-0.9632 Z0.6434
X0.3429 Y-0.9586 Z0.6436
X0.3332 Y-0.9551 Z0.6438
X0.3227 Y-0.9509 Z0.644
X0.3101 Y-0.9457 Z0.6442
X0.3024 Y-0.9422 Z0.6443
X0.2947 Y-0.9386 Z0.6445
X0.287 Y-0.9348 Z0.6447
X0.2732 Y-0.9278 Z0.6449
X0.2593 Y-0.92 Z0.6452
X0.2561 Y-0.9182
X0.2465 Y-0.9123 Z0.6455
X0.233 Y-0.9039 Z0.6456
X0.2226 Y-0.8969 Z0.6458
X0.2175 Y-0.8934 Z0.6459
X0.2098 Y-0.8878 Z0.646
X0.2014 Y-0.8815 Z0.6462
X0.1917 Y-0.8737 Z0.6465
X0.1824 Y-0.866 Z0.6466
X0.1713 Y-0.8565 Z0.6468
X0.1636 Y-0.8493 Z0.6469
X0.1558 Y-0.842 Z0.6471
X0.1481 Y-0.8344 Z0.6472
X0.1404 Y-0.8265 Z0.6473
X0.134 Y-0.8197 Z0.6475
X0.125 Y-0.8095
X0.1173 Y-0.8005 Z0.6477
X0.1078 Y-0.7889 Z0.6478
X0.1019 Y-0.7811 Z0.6479
X0.0962 Y-0.7734 Z0.648
X0.0908 Y-0.7657 Z0.6481
X0.0856 Y-0.758 Z0.6483
X0.0787 Y-0.7475 Z0.6484
X0.0755 Y-0.7425
X0.0708 Y-0.7348
X0.0662 Y-0.7271
X0.0619 Y-0.7194 Z0.6485
X0.0556 Y-0.7071 Z0.6488
X0.0502 Y-0.6962 Z0.6489
X0.0465 Y-0.6885 Z0.649
X0.043 Y-0.6808
X0.0397 Y-0.6731 Z0.6491
X0.0334 Y-0.6577 Z0.6492
X0.0305 Y-0.6499
X0.0278 Y-0.6422 Z0.6493
X0.0247 Y-0.6334
X0.0226 Y-0.6268 Z0.6494
X0.0202 Y-0.6191
X0.017 Y-0.6081
X0.0138 Y-0.5959 Z0.6495
X0.012 Y-0.5882
X0.0093 Y-0.5762
X0.0086 Y-0.5728 Z0.6496
X0.0072 Y-0.5651
X0.0059 Y-0.5573 Z0.6497
X0.0035 Y-0.5419
X0.0024 Y-0.5342
X0.0016 Y-0.5265
X0.0009 Y-0.5188
X0.0002 Y-0.511
X-0.0003 Y-0.5033
X-0.0008 Y-0.4956 Z0.6498
X-0.0014 Y-0.4802 Z0.6496
Y-0.4724 Z0.6497
X-0.0011 Y-0.457
X-0.0008 Y-0.4493 Z0.6498
X0.0003 Y-0.4339 Z0.6499
X0.001 Y-0.4261
X0.0027 Y-0.4107
X0.0037 Y-0.403
X0.006 Y-0.3876 Z0.6498
X0.0088 Y-0.3721 Z0.6497
X0.0104 Y-0.3644 Z0.6496
X0.0121 Y-0.3567
X0.0139 Y-0.349 Z0.6495
X0.017 Y-0.3371
X0.018 Y-0.3335
X0.0203 Y-0.3258
X0.0247 Y-0.3119 Z0.6494
X0.0279 Y-0.3027
X0.0325 Y-0.29 Z0.6493
X0.0366 Y-0.2795 Z0.6492
X0.0402 Y-0.271
X0.0432 Y-0.2641 Z0.6491
X0.0467 Y-0.2564
X0.0504 Y-0.2487 Z0.649
X0.0556 Y-0.2382 Z0.6489
X0.0621 Y-0.2255 Z0.6487
X0.0664 Y-0.2178 Z0.6486
X0.071 Y-0.2101
X0.0757 Y-0.2023 Z0.6485
X0.0807 Y-0.1946
X0.0864 Y-0.1857 Z0.6483
X0.0909 Y-0.1792 Z0.6482
X0.0964 Y-0.1715
X0.1021 Y-0.1638 Z0.648
X0.1096 Y-0.1541 Z0.6479
X0.1173 Y-0.1445 Z0.6478
X0.1205 Y-0.1406 Z0.6477
X0.1273 Y-0.1329 Z0.6475
X0.1341 Y-0.1252
X0.1415 Y-0.1175 Z0.6473
X0.149 Y-0.1097
X0.1568 Y-0.102 Z0.6471
X0.165 Y-0.0943 Z0.647
X0.1713 Y-0.0886 Z0.6469
X0.1826 Y-0.0789 Z0.6467
X0.1918 Y-0.0712 Z0.6466
X0.2021 Y-0.0631 Z0.6464
X0.212 Y-0.0557 Z0.6462
X0.2175 Y-0.0517 Z0.6461
X0.233 Y-0.0413 Z0.6459
X0.2407 Y-0.0363 Z0.6457
X0.2484 Y-0.0315 Z0.6455
X0.2561 Y-0.0269 Z0.6454
X0.2596 Y-0.0249 Z0.6453
X0.2735 Y-0.0171 Z0.645
X0.2886 Y-0.0094 Z0.6448
X0.2947 Y-0.0064 Z0.6446
X0.3049 Y-0.0017 Z0.6444
X0.3178 Y0.0038 Z0.6443
X0.3255 Y0.0069 Z0.6442
X0.3332 Y0.0099 Z0.644
X0.3435 Y0.0137 Z0.6438
X0.3564 Y0.0182 Z0.6436
X0.3666 Y0.0214 Z0.6434
X0.3718 Y0.023 Z0.6433
X0.3872 Y0.0274 Z0.6429
X0.3949 Y0.0294 Z0.6427
X0.4026 Y0.0313 Z0.6426
X0.4103 Y0.033 Z0.6424
X0.4181 Y0.0345
X0.4258 Y0.0359 Z0.6423
X0.426 Y0.0369 Z0.6414
Y0.0446 Z0.6339
X0.4258 Y0.0523 Z0.6265
X0.4252 Y0.06 Z0.6188
X0.4249 Y0.0639 Z0.6147
X0.4247 Y0.0678 Z0.61
X0.4245 Y0.0716 Z0.6046
X0.4244 Y0.0755 Z0.5983
Y0.0786 Z0.5922
Y0.081 Z0.5865
Y0.0832 Z0.5804
Y0.0851 Z0.5731
Y0.0861 Z0.5682
Y0.0867 Z0.5641
X0.4243 Y0.087 Z0.5607
X0.4242 Y0.0872 Z0.5577
X0.424 Y0.0873 Z0.5519
X0.4233 Y0.0874 Z0.546
X0.4223 Z0.5403
X0.4212 Z0.5335
X0.4207 Z0.5295
X0.4197 Z0.5207
X0.4132 Y0.0875 Z0.4748
X0.3978 Z0.3719
X0.3971 Y0.0874 Z0.3709
X0.3872 Y0.0859 Z0.3724
X0.3795 Y0.0846 Z0.3737
X0.3718 Y0.083 Z0.3749
X0.3641 Y0.0814 Z0.3756
X0.3564 Y0.0798 Z0.3761
X0.3487 Y0.0781 Z0.3765
X0.3409 Y0.0761
X0.3332 Y0.0741 Z0.3759
X0.3255 Y0.0721 Z0.3748
X0.3178 Y0.0701 Z0.3731
X0.3101 Y0.0677 Z0.3707
X0.3024 Y0.0654 Z0.3677
X0.2947 Y0.063 Z0.3637
X0.2846 Y0.06 Z0.3574
X0.283 Y0.0595 Z0.3568
X0.2814 Y0.0589 Z0.3563
X0.2789 Y0.058 Z0.356
X0.2763 Y0.0571 Z0.3559
X0.2747 Y0.0564 Z0.356
X0.273 Y0.0558 Z0.3563
X0.2713 Y0.0551 Z0.3566
X0.268 Y0.0537 Z0.3576
X0.2647 Y0.0524 Z0.3589
X0.2615 Y0.051 Z0.3604
X0.2584 Y0.0496 Z0.3621
X0.2519 Y0.0467 Z0.3659
X0.2454 Y0.0435 Z0.3696
X0.2421 Y0.0419 Z0.3712
X0.2387 Y0.0403 Z0.3724
X0.237 Y0.0394 Z0.3729
X0.2353 Y0.0386 Z0.3733
X0.2335 Y0.0377 Z0.3736
X0.2317 Y0.0369 Z0.3738
X0.2253 Y0.0338 Z0.3742
X0.2163 Y0.0292 Z0.3737
X0.2098 Y0.0258 Z0.3727
X0.2014 Y0.0214 Z0.3711
X0.1944 Y0.0177 Z0.3694
X0.1867 Y0.0134 Z0.3665
X0.179 Y0.009 Z0.3631
X0.1737 Y0.006 Z0.3604
X0.1713 Y0.0046 Z0.359
X0.1636 Y0.0003 Z0.3537
X0.1604 Y-0.0017 Z0.3521
X0.1594 Y-0.0028 Z0.356
X0.1583 Y-0.004 Z0.36
X0.1558 Y-0.0064 Z0.3673
X0.1527 Y-0.0094 Z0.3751
X0.1501 Y-0.0118 Z0.3808
X0.1481 Y-0.0135 Z0.3843
X0.144 Y-0.0171 Z0.3914
X0.1404 Y-0.0204 Z0.3971
X0.1357 Y-0.0249 Z0.404
X0.1327 Y-0.0276 Z0.4074
X0.1272 Y-0.0326 Z0.4131
X0.125 Y-0.0345 Z0.4152
X0.1188 Y-0.0403 Z0.4207
X0.1173 Y-0.0417 Z0.4219
X0.1096 Y-0.0491 Z0.4274
X0.1019 Y-0.0565 Z0.4313
X0.0942 Y-0.0641 Z0.4344
X0.0873 Y-0.0712 Z0.4365
X0.0797 Y-0.0789 Z0.4383
X0.0725 Y-0.0866 Z0.4395
X0.0656 Y-0.0943 Z0.4406
X0.0588 Y-0.102 Z0.4413
X0.0556 Y-0.1057 Z0.4414
X0.0521 Y-0.1097 Z0.4413
X0.0479 Y-0.1148 Z0.441
X0.0402 Y-0.1242 Z0.4397
X0.0394 Y-0.1252 Z0.4395
X0.0325 Y-0.1335 Z0.4368
X0.0268 Y-0.1406 Z0.434
X0.0208 Y-0.1483 Z0.4304
X0.017 Y-0.153 Z0.4273
X0.0146 Y-0.156 Z0.4251
X0.0093 Y-0.1627 Z0.4199
X0.0055 Y-0.1676 Z0.4155
X0.0025 Y-0.1715 Z0.4116
X-0.001 Y-0.1759 Z0.4068
X-0.0037 Y-0.1792 Z0.4026
X-0.0061 Y-0.1821 Z0.3984
X-0.0101 Y-0.1869 Z0.391
X-0.0138 Y-0.1912 Z0.3833
X-0.0168 Y-0.1946 Z0.3757
X-0.0186 Y-0.1965 Z0.371
X-0.0192 Y-0.1972 Z0.3695
X-0.0219 Y-0.2023 Z0.3702
X-0.026 Y-0.2101 Z0.3708
X-0.0292 Y-0.216 Z0.3705
X-0.0302 Y-0.2178 Z0.3703
X-0.0341 Y-0.2255 Z0.3693
X-0.037 Y-0.2313 Z0.3682
X-0.0419 Y-0.2409 Z0.3658
X-0.0447 Y-0.2464 Z0.3641
X-0.0458 Y-0.2487 Z0.3633
X-0.0494 Y-0.2564 Z0.3603
X-0.0524 Y-0.2648 Z0.363
X-0.0549 Y-0.2718 Z0.3651
X-0.0576 Y-0.2795 Z0.3669
X-0.0601 Y-0.2874 Z0.3682
X-0.0625 Y-0.295 Z0.3689
X-0.0651 Y-0.3027 Z0.3693
X-0.0667 Y-0.3075 Z0.369
X-0.0668 Y-0.3085 Z0.3702
X-0.0666 Y-0.3104 Z0.3758
X-0.0664 Y-0.3127 Z0.3817
X-0.0663 Y-0.3154 Z0.3872
X-0.0662 Y-0.3181 Z0.3925
X-0.0663 Y-0.322 Z0.3993
X-0.0664 Y-0.3258 Z0.4055
X-0.0666 Y-0.3297 Z0.4112
X-0.0669 Y-0.3335 Z0.4158
X-0.0674 Y-0.3374 Z0.4199
X-0.0678 Y-0.3413 Z0.4239
X-0.0684 Y-0.349 Z0.431
X-0.0691 Y-0.3567 Z0.437
X-0.07 Y-0.3644 Z0.442
X-0.0709 Y-0.3721 Z0.4467
X-0.0716 Y-0.3798 Z0.4508
X-0.0724 Y-0.3876 Z0.4536
X-0.0732 Y-0.3953 Z0.4559
X-0.0739 Y-0.403 Z0.4579
X-0.0746 Y-0.4107 Z0.4594
X-0.0752 Y-0.4184 Z0.4605
X-0.0758 Y-0.4261 Z0.4613
X-0.0764 Y-0.4339 Z0.4616
X-0.0769 Y-0.4416 Z0.4615
X-0.0773 Y-0.4493 Z0.4614
X-0.0775 Y-0.457 Z0.4613
X-0.0777 Y-0.4647
X-0.0778 Y-0.4724
X-0.0777 Y-0.4802 Z0.4614
X-0.0773 Y-0.4956 Z0.4613
X-0.0769 Y-0.5033
X-0.0764 Y-0.511 Z0.4612
X-0.0751 Y-0.5265 Z0.461
X-0.0744 Y-0.5342 Z0.4609
X-0.0735 Y-0.5419 Z0.4607
X-0.0713 Y-0.5573 Z0.4604
X-0.0702 Y-0.5651 Z0.4603
X-0.0689 Y-0.5728 Z0.4601
X-0.0641 Y-0.5959 Z0.4596
X-0.0625 Y-0.6036 Z0.4594
X-0.0543 Y-0.6345 Z0.4581
X-0.0468 Y-0.6577 Z0.4569
X-0.0442 Y-0.6654 Z0.4565
X-0.0414 Y-0.6731 Z0.456
X-0.0353 Y-0.6885 Z0.455
X-0.0322 Y-0.6962 Z0.4545
X-0.0288 Y-0.704 Z0.4541
X-0.0215 Y-0.7196 Z0.4531
X-0.0179 Y-0.7271 Z0.4525
X-0.0138 Y-0.7353 Z0.4512
X-0.0101 Y-0.7425 Z0.4495
X-0.0061 Y-0.7505 Z0.4472
X-0.0017 Y-0.758 Z0.4474
X0.0016 Y-0.7633 Z0.448
X0.0031 Y-0.7657 Z0.4481
X0.0079 Y-0.7734 Z0.4482
X0.0128 Y-0.7811 Z0.448
X0.0179 Y-0.7889 Z0.4474
X0.0285 Y-0.8043 Z0.4453
X0.034 Y-0.812 Z0.444
X0.0402 Y-0.8202 Z0.442
X0.0456 Y-0.8274 Z0.4397
X0.0479 Y-0.8305 Z0.4386
X0.0514 Y-0.8352 Z0.4362
X0.0556 Y-0.8406 Z0.4331
X0.0574 Y-0.8429 Z0.4316
X0.0589 Y-0.8447 Z0.431
X0.0606 Y-0.8465 Z0.4317
X0.0645 Y-0.8506 Z0.4331
X0.071 Y-0.8574 Z0.435
X0.0794 Y-0.866 Z0.436
X0.0872 Y-0.8737 Z0.4361
X0.0942 Y-0.8806 Z0.4358
X0.1032 Y-0.8892 Z0.4345
X0.1118 Y-0.8969 Z0.4335
X0.1205 Y-0.9046 Z0.432
X0.125 Y-0.9085 Z0.4308
X0.1296 Y-0.9123 Z0.4295
X0.1327 Y-0.9149 Z0.4284
X0.1389 Y-0.92 Z0.4258
X0.1481 Y-0.9275 Z0.4212
X0.1558 Y-0.9335 Z0.4158
X0.1585 Y-0.9355 Z0.4137
X0.1636 Y-0.9395 Z0.4092
X0.1683 Y-0.9432 Z0.4048
X0.1713 Y-0.9455 Z0.4018
X0.1748 Y-0.9481 Z0.3979
X0.179 Y-0.9512 Z0.3926
X0.1824 Y-0.9537 Z0.3879
X0.1867 Y-0.957 Z0.3808
X0.1889 Y-0.9586 Z0.3769
X0.1922 Y-0.9613 Z0.37
X0.1944 Y-0.9625 Z0.3703
X0.2015 Y-0.9663 Z0.3713
X0.2098 Y-0.9708 Z0.3717
X0.216 Y-0.9741 Z0.3714
X0.2253 Y-0.979 Z0.3699
X0.231 Y-0.9818 Z0.3688
X0.233 Y-0.9827 Z0.3684
X0.2442 Y-0.9881 Z0.3651
X0.2484 Y-0.99 Z0.3659
X0.2561 Y-0.9933 Z0.3671
X0.2638 Y-0.9963 Z0.3677
X0.2715 Y-0.9993 Z0.3673
X0.2792 Y-1.0024 Z0.3666
X0.2829 Y-1.0038 Z0.3661
X0.287 Y-1.0051 Z0.369
X0.2947 Y-1.0074 Z0.3747
X0.3024 Y-1.0097 Z0.3796
X0.3101 Y-1.012 Z0.3839
X0.3123 Y-1.0126 Z0.3848
X0.3178 Y-1.0143 Z0.3869
X0.3255 Y-1.0164 Z0.3896
X0.3332 Y-1.0183 Z0.3919
X0.3411 Y-1.0204 Z0.3934
X0.3487 Y-1.0223 Z0.3946
X0.3564 Y-1.0241 Z0.3952
X0.3641 Y-1.0257 Z0.3954
X0.3718 Y-1.0273 Z0.395
X0.3757 Y-1.0281 Z0.3946
X0.3809 Y-1.0292 Z0.3939
X0.3814 Z0.3955
X0.3971 Z0.5018
X0.3993 Y-1.0291 Z0.5173
X0.401 Z0.5309
X0.4018 Y-1.029 Z0.5372
X0.4026 Y-1.0291 Z0.5425
X0.4036 Z0.5479
X0.4041 Z0.5517
X0.4043 Y-1.029 Z0.5541
X0.4044 Y-1.0288 Z0.5597
X0.4045 Y-1.0286 Z0.5626
X0.4046 Y-1.0281 Z0.5664
Y-1.0272 Z0.5714
Y-1.0263 Z0.5753
Y-1.0245 Z0.5815
Y-1.0224 Z0.5872
Y-1.0204 Z0.592
X0.4047 Y-1.0165 Z0.5993
X0.4048 Y-1.0126 Z0.6054
X0.4049 Y-1.0088 Z0.6107
X0.4052 Y-1.0049 Z0.6152
X0.4056 Y-1.0011 Z0.6193
X0.406 Y-0.9972 Z0.6231
X0.4064 Y-0.9924 Z0.6278
X0.406 Y-0.9917 Z0.6284
X0.3949 Y-0.9892 Z0.6286
X0.3872 Y-0.9874 Z0.6288
X0.3795 Y-0.9853 Z0.6289
X0.3641 Y-0.9808 Z0.6293
X0.3564 Y-0.9784 Z0.6295
X0.3434 Y-0.9741 Z0.6297
X0.3332 Y-0.9705 Z0.6299
X0.3255 Y-0.9676 Z0.6301
X0.3178 Y-0.9646 Z0.6302
X0.3101 Y-0.9614 Z0.6304
X0.3024 Y-0.9582 Z0.6305
X0.2947 Y-0.9547 Z0.6306
X0.2867 Y-0.9509 Z0.6308
X0.2792 Y-0.9473 Z0.631
X0.2712 Y-0.9432 Z0.6312
X0.2638 Y-0.9393 Z0.6313
X0.2561 Y-0.935 Z0.6315
X0.2484 Y-0.9307 Z0.6316
X0.2407 Y-0.926 Z0.6318
X0.2311 Y-0.92 Z0.632
X0.2253 Y-0.9164 Z0.6321
X0.2175 Y-0.9113 Z0.6322
X0.208 Y-0.9046 Z0.6324
X0.2021 Y-0.9004 Z0.6325
X0.1944 Y-0.8947 Z0.6327
X0.1867 Y-0.8887 Z0.6328
X0.1777 Y-0.8815 Z0.6331
X0.1686 Y-0.8737 Z0.6332
X0.1636 Y-0.8694 Z0.6333
X0.1598 Y-0.866 Z0.6334
X0.1514 Y-0.8583 Z0.6336
X0.1433 Y-0.8506 Z0.6338
X0.1356 Y-0.8429 Z0.6339
X0.125 Y-0.8319 Z0.6341
X0.1209 Y-0.8274
X0.1141 Y-0.8197 Z0.6342
X0.1075 Y-0.812 Z0.6344
X0.1011 Y-0.8043 Z0.6345
X0.0942 Y-0.7956 Z0.6346
X0.089 Y-0.7889
X0.0833 Y-0.7811 Z0.6348
X0.0779 Y-0.7734 Z0.6349
X0.071 Y-0.7631 Z0.6351
X0.0627 Y-0.7503 Z0.6352
X0.0556 Y-0.7386
X0.0533 Y-0.7348
X0.0479 Y-0.725 Z0.6354
X0.045 Y-0.7194 Z0.6355
X0.0402 Y-0.7099 Z0.6357
X0.0335 Y-0.6962 Z0.6358
X0.03 Y-0.6885 Z0.6359
X0.0247 Y-0.6764 Z0.636
X0.0203 Y-0.6654
X0.017 Y-0.657 Z0.6361
X0.0145 Y-0.6499 Z0.6362
X0.0118 Y-0.6422
X0.0093 Y-0.6345
X0.0068 Y-0.6268 Z0.6363
X0.0045 Y-0.6191
X0.0016 Y-0.6089
X-0.0017 Y-0.5959 Z0.6364
X-0.0035 Y-0.5882
X-0.0052 Y-0.5805
X-0.0067 Y-0.5728 Z0.6365
X-0.0082 Y-0.5651 Z0.6366
X-0.0094 Y-0.5573
X-0.0118 Y-0.5419
X-0.0128 Y-0.5342
X-0.0138 Y-0.5245
X-0.0144 Y-0.5188 Z0.6367
X-0.015 Y-0.511
X-0.0155 Y-0.5033
X-0.0159 Y-0.4956
X-0.0165 Y-0.4802 Z0.6365
X-0.0166 Y-0.4724 Z0.6366
X-0.0163 Y-0.457
X-0.016 Y-0.4493 Z0.6367
X-0.0148 Y-0.4339 Z0.6368
X-0.0142 Y-0.4261
X-0.0125 Y-0.4107 Z0.6369
X-0.0115 Y-0.403 Z0.6368
X-0.0093 Y-0.3876
X-0.0066 Y-0.3721 Z0.6366
X-0.0051 Y-0.3644
X-0.0034 Y-0.3567 Z0.6365
X-0.0016 Y-0.349
X0.0016 Y-0.3362 Z0.6364
X0.0023 Y-0.3335
X0.0046 Y-0.3258
X0.0069 Y-0.3181
X0.0119 Y-0.3027 Z0.6363
X0.0146 Y-0.295 Z0.6362
X0.0174 Y-0.2872
X0.0204 Y-0.2795 Z0.6361
X0.0247 Y-0.2688
X0.0267 Y-0.2641 Z0.636
X0.0325 Y-0.2512 Z0.6359
X0.0402 Y-0.2354 Z0.6358
X0.0479 Y-0.2203 Z0.6356
X0.0492 Y-0.2178 Z0.6355
X0.0536 Y-0.2101 Z0.6354
X0.0556 Y-0.2066
X0.0633 Y-0.194 Z0.6353
X0.0728 Y-0.1792 Z0.6351
X0.0787 Y-0.1705 Z0.635
X0.0835 Y-0.1638 Z0.6349
X0.0892 Y-0.156 Z0.6348
X0.0951 Y-0.1483 Z0.6347
X0.1019 Y-0.1398 Z0.6345
X0.1075 Y-0.1329 Z0.6344
X0.1173 Y-0.1217 Z0.6342
X0.121 Y-0.1175
X0.125 Y-0.1131 Z0.6341
X0.1357 Y-0.102 Z0.6339
X0.1404 Y-0.0973
X0.1434 Y-0.0943 Z0.6338
X0.1515 Y-0.0866 Z0.6336
X0.1599 Y-0.0789 Z0.6335
X0.1636 Y-0.0756 Z0.6334
X0.1713 Y-0.069 Z0.6332
X0.179 Y-0.0626 Z0.6331
X0.1876 Y-0.0557 Z0.633
X0.1944 Y-0.0504 Z0.6329
X0.2021 Y-0.0447 Z0.6327
X0.2098 Y-0.0392 Z0.6326
X0.2196 Y-0.0326 Z0.6324
X0.2253 Y-0.0288 Z0.6323
X0.233 Y-0.0238 Z0.6321
X0.2407 Y-0.019 Z0.6319
X0.2484 Y-0.0144 Z0.6318
X0.2572 Y-0.0094 Z0.6316
X0.2638 Y-0.0057 Z0.6314
X0.2715 Y-0.0017 Z0.6313
X0.287 Y0.006 Z0.631
X0.2947 Y0.0096 Z0.6308
X0.3039 Y0.0137 Z0.6306
X0.3178 Y0.0195 Z0.6305
X0.3332 Y0.0254 Z0.6302
X0.3438 Y0.0292 Z0.6299
X0.3487 Y0.0309 Z0.6298
X0.3641 Y0.0358 Z0.6295
X0.3795 Y0.0402 Z0.6291
X0.3872 Y0.0423 Z0.6289
X0.3966 Y0.0446 Z0.6287
X0.4053 Y0.0465 Z0.6285
X0.406 Y0.047 Z0.6283
X0.4058 Y0.0523 Z0.6231
X0.4055 Y0.0562 Z0.6193
X0.4052 Y0.06 Z0.6152
X0.4049 Y0.0639 Z0.6107
X0.4048 Y0.0678 Z0.6054
X0.4047 Y0.0716 Z0.5994
X0.4046 Y0.0755 Z0.592
Y0.0776 Z0.5872
Y0.0796 Z0.5815
Y0.0823 Z0.5715
Y0.0832 Z0.5666
Y0.0837 Z0.5628
X0.4045 Y0.0839 Z0.5598
X0.4043 Y0.0841 Z0.5548
X0.4041 Y0.0842 Z0.5519
X0.4036 Z0.548
X0.4026 Z0.5424
X0.4018 Z0.5369
X0.4001 Z0.5236
X0.3942 Y0.0843 Z0.4812
X0.3814 Z0.3958
X0.3807 Z0.3938
X0.3756 Y0.0832 Z0.3945
X0.3718 Y0.0824 Z0.395
X0.3641 Y0.0808 Z0.3956
X0.3564 Y0.0792 Z0.3961
X0.3487 Y0.0774 Z0.3965
X0.3409 Y0.0753
X0.3332 Y0.0733 Z0.3959
X0.3255 Y0.0713 Z0.3949
X0.3178 Y0.0692 Z0.3934
X0.3134 Y0.0678 Z0.3924
X0.3101 Y0.0667 Z0.3914
X0.3024 Y0.0643 Z0.3889
X0.2947 Y0.062 Z0.3859
X0.287 Y0.0596 Z0.3818
X0.2792 Y0.0569 Z0.3771
X0.2764 Y0.0559 Z0.3756
X0.2715 Y0.054 Z0.3752
X0.2671 Y0.0523 Z0.3746
X0.2638 Y0.051 Z0.374
X0.2561 Y0.0481 Z0.3723
X0.2518 Y0.0463 Z0.3712
X0.2503 Y0.0456 Z0.3708
X0.2481 Y0.0446 Z0.3713
X0.2407 Y0.0411 Z0.3726
X0.2317 Y0.0369 Z0.3738
X0.2248 Y0.0335 Z0.3748
X0.2215 Y0.0318 Z0.3758
X0.2182 Y0.03 Z0.3769
X0.2118 Y0.0264 Z0.3794
X0.2054 Y0.0227 Z0.3821
X0.1992 Y0.0191 Z0.3843
X0.196 Y0.0173 Z0.3851
X0.1928 Y0.0154 Z0.3858
X0.1897 Y0.0135 Z0.3861
X0.1881 Y0.0125
X0.1866 Y0.0115 Z0.386
X0.185 Y0.0106 Z0.3859
X0.1834 Y0.0097 Z0.3856
X0.1819 Y0.0088 Z0.3852
X0.1804 Y0.0079 Z0.3847
X0.1771 Y0.006 Z0.3833
X0.1713 Y0.0027 Z0.3805
X0.1698 Y0.0018 Z0.3798
X0.1684 Y0.0006 Z0.3827
X0.1658 Y-0.0017 Z0.3885
X0.1636 Y-0.0037 Z0.3932
X0.1604 Y-0.0065 Z0.3988
X0.1571 Y-0.0094 Z0.4044
X0.1516 Y-0.0141 Z0.4127
X0.1479 Y-0.0171 Z0.4178
X0.144 Y-0.0206 Z0.4224
X0.1391 Y-0.0249 Z0.4274
X0.1327 Y-0.0306 Z0.4335
X0.1305 Y-0.0326 Z0.4354
X0.125 Y-0.0375 Z0.4399
X0.1173 Y-0.0447 Z0.4453
X0.1138 Y-0.048 Z0.4472
X0.1096 Y-0.052 Z0.4493
X0.1057 Y-0.0557 Z0.4511
X0.1019 Y-0.0594 Z0.4526
X0.0978 Y-0.0634 Z0.4541
X0.0942 Y-0.0671 Z0.4552
X0.0902 Y-0.0712 Z0.4563
X0.0827 Y-0.0789 Z0.458
X0.0787 Y-0.083 Z0.4587
X0.0754 Y-0.0866 Z0.4593
X0.0686 Y-0.0943 Z0.4604
X0.0617 Y-0.102 Z0.4611
X0.0551 Y-0.1097 Z0.4612
X0.0487 Y-0.1175 Z0.4608
X0.0402 Y-0.1279 Z0.4594
X0.0361 Y-0.1329 Z0.458
X0.0325 Y-0.1375 Z0.4565
X0.03 Y-0.1406 Z0.4554
X0.0247 Y-0.1474 Z0.4527
X0.0181 Y-0.156 Z0.4486
X0.017 Y-0.1574 Z0.4478
X0.0121 Y-0.1638 Z0.4435
X0.0093 Y-0.1675 Z0.4408
X0.0064 Y-0.1715 Z0.4377
X0.0016 Y-0.1778 Z0.4323
X0.0006 Y-0.1792 Z0.4311
X-0.0024 Y-0.1831 Z0.4271
X-0.0061 Y-0.1879 Z0.4219
X-0.0087 Y-0.1912 Z0.4178
X-0.0113 Y-0.1946 Z0.4133
X-0.0138 Y-0.198 Z0.4084
X-0.0172 Y-0.2023 Z0.4017
X-0.0188 Y-0.2043 Z0.3982
X-0.0215 Y-0.2076 Z0.3919
X-0.0222 Y-0.2085 Z0.3905
X-0.023 Y-0.2101 Z0.3906
X-0.0272 Y-0.2178 Z0.3904
X-0.0292 Y-0.2217 Z0.3899
X-0.0311 Y-0.2255 Z0.3894
X-0.0349 Y-0.2332 Z0.3882
X-0.037 Y-0.2373 Z0.3874
X-0.0388 Y-0.2409 Z0.3864
X-0.0427 Y-0.2487 Z0.3843
X-0.0447 Y-0.253 Z0.383
X-0.0462 Y-0.2564 Z0.3818
X-0.0471 Y-0.2583 Z0.3813
X-0.0491 Y-0.2641 Z0.3831
X-0.0524 Y-0.2731 Z0.3855
X-0.0547 Y-0.2795 Z0.3868
X-0.0571 Y-0.2872 Z0.388
X-0.0596 Y-0.295 Z0.3886
X-0.0599 Y-0.3027 Z0.4037
X-0.0601 Y-0.3055 Z0.4089
X-0.0605 Y-0.3104 Z0.4168
X-0.0606 Y-0.3127 Z0.4202
X-0.0611 Y-0.3181 Z0.4272
X-0.0615 Y-0.322 Z0.4315
X-0.0619 Y-0.3258 Z0.4355
X-0.0629 Y-0.3335 Z0.443
X-0.0639 Y-0.3413 Z0.4496
X-0.0648 Y-0.349 Z0.4552
X-0.0657 Y-0.3567 Z0.4601
X-0.0666 Y-0.3644 Z0.4647
X-0.0676 Y-0.3721 Z0.4689
X-0.0678 Y-0.3739 Z0.4695
X-0.0685 Y-0.3798 Z0.4717
X-0.0693 Y-0.3876 Z0.4742
X-0.0701 Y-0.3953 Z0.4762
X-0.0709 Y-0.403 Z0.478
X-0.0717 Y-0.4107 Z0.4793
X-0.0723 Y-0.4184 Z0.4804
X-0.0729 Y-0.4261 Z0.4811
X-0.0734 Y-0.4339 Z0.4813
X-0.074 Y-0.4416
X-0.0743 Y-0.4493 Z0.4812
X-0.0746 Y-0.457 Z0.481
X-0.0748 Y-0.4647 Z0.4811
X-0.0749 Y-0.4724
X-0.0747 Y-0.4802 Z0.4812
X-0.0743 Y-0.4956 Z0.4811
X-0.074 Y-0.5033
X-0.0735 Y-0.511 Z0.481
X-0.0722 Y-0.5265 Z0.4808
X-0.0715 Y-0.5342 Z0.4807
X-0.0706 Y-0.5419 Z0.4805
X-0.0695 Y-0.5496 Z0.4804
X-0.0672 Y-0.5651 Z0.4801
X-0.0659 Y-0.5728 Z0.4799
X-0.0601 Y-0.6011 Z0.4792
X-0.0595 Y-0.6036 Z0.4791
X-0.0513 Y-0.6345 Z0.4779
X-0.0438 Y-0.6577 Z0.4767
X-0.0413 Y-0.6654 Z0.4763
X-0.037 Y-0.6769 Z0.4756
X-0.0324 Y-0.6885 Z0.4748
X-0.0292 Y-0.6962 Z0.4743
X-0.0258 Y-0.704 Z0.4739
X-0.0187 Y-0.7194 Z0.4729
X-0.015 Y-0.7271 Z0.4723
X-0.0138 Y-0.7294 Z0.472
X-0.0111 Y-0.7348 Z0.4711
X-0.0061 Y-0.7446 Z0.469
X-0.0032 Y-0.7503 Z0.4674
X0.0013 Y-0.758 Z0.4675
X0.006 Y-0.7657 Z0.468
X0.0109 Y-0.7734
X0.0157 Y-0.7811 Z0.4677
X0.017 Y-0.7832 Z0.4676
X0.0209 Y-0.7889 Z0.4672
X0.0261 Y-0.7966 Z0.4662
X0.0325 Y-0.8057 Z0.4649
X0.037 Y-0.812 Z0.4638
X0.0427 Y-0.8197 Z0.462
X0.0485 Y-0.8274 Z0.4597
X0.0544 Y-0.8352 Z0.4569
X0.0605 Y-0.8429 Z0.4527
X0.062 Y-0.8447 Z0.4521
X0.0676 Y-0.8506 Z0.4538
X0.071 Y-0.8542 Z0.4548
X0.0787 Y-0.8623 Z0.4557
X0.0824 Y-0.866 Z0.4559
X0.0864 Y-0.8701 Z0.456
X0.0901 Y-0.8737 Z0.4559
X0.0942 Y-0.8777 Z0.4558
X0.098 Y-0.8815 Z0.4555
X0.1019 Y-0.8852 Z0.4549
X0.1061 Y-0.8892 Z0.4543
X0.1147 Y-0.8969 Z0.4533
X0.1234 Y-0.9046 Z0.4518
X0.125 Y-0.906 Z0.4515
X0.1327 Y-0.9125 Z0.4494
X0.1404 Y-0.9188 Z0.4466
X0.1419 Y-0.92 Z0.446
X0.1481 Y-0.9251 Z0.4432
X0.1515 Y-0.9278 Z0.4415
X0.1558 Y-0.931 Z0.4394
X0.1636 Y-0.9369 Z0.434
X0.1674 Y-0.9399 Z0.4311
X0.1716 Y-0.9432 Z0.4274
X0.1758 Y-0.9464 Z0.4237
X0.179 Y-0.9486 Z0.4208
X0.1822 Y-0.9509 Z0.4176
X0.1867 Y-0.9541 Z0.4128
X0.1898 Y-0.9563 Z0.4091
X0.193 Y-0.9586 Z0.4049
X0.1944 Y-0.9597 Z0.4029
X0.1975 Y-0.9619 Z0.3982
X0.2021 Y-0.9651 Z0.3913
X0.2098 Y-0.9692 Z0.3916
X0.2175 Y-0.9733 Z0.3913
X0.2189 Y-0.9741 Z0.3911
X0.2253 Y-0.9775 Z0.3901
X0.234 Y-0.9818 Z0.3886
X0.2407 Y-0.985 Z0.3869
X0.2453 Y-0.9872 Z0.3856
X0.2484 Y-0.9886 Z0.3859
X0.2561 Y-0.992 Z0.387
X0.2638 Y-0.9951 Z0.3877
X0.2715 Y-0.9982 Z0.3874
X0.2778 Y-1.0007 Z0.3868
X0.2792 Y-1.0012 Z0.3874
X0.287 Y-1.0038 Z0.393
X0.2903 Y-1.0049 Z0.3951
X0.2947 Y-1.0062 Z0.3978
X0.3024 Y-1.0086 Z0.402
X0.3101 Y-1.0109 Z0.4051
X0.3178 Y-1.0133 Z0.4079
X0.3255 Y-1.0156 Z0.4103
X0.3332 Y-1.0175 Z0.4122
X0.3409 Y-1.0195 Z0.4136
X0.3442 Y-1.0204 Z0.4141
X0.3487 Y-1.0215 Z0.4146
X0.3564 Y-1.0235 Z0.4152
X0.3646 Y-1.0252 Z0.4154
X0.3773 Y-1.0251 Z0.502
X0.3795 Z0.5174
X0.3822 Y-1.025 Z0.5381
X0.3829 Z0.5429
X0.3843 Z0.5517
X0.3846 Z0.5541
X0.3849 Y-1.0247 Z0.561
X0.385 Y-1.0237 Z0.5686
Y-1.0223 Z0.5753
Y-1.0204 Z0.5819
Y-1.0165 Z0.5916
Y-1.0126 Z0.5991
X0.3851 Y-1.0078 Z0.6066
X0.3853 Y-1.0049 Z0.6105
X0.3855 Y-1.002 Z0.614
X0.385 Y-1.0014 Z0.6146
X0.3795 Y-1. Z0.6148
X0.3641 Y-0.9956 Z0.6151
X0.3564 Y-0.9933 Z0.6154
X0.3487 Y-0.9909 Z0.6156
X0.3409 Y-0.9883 Z0.6157
X0.3255 Y-0.9829 Z0.616
X0.3223 Y-0.9818 Z0.6161
X0.3101 Y-0.977 Z0.6164
X0.3024 Y-0.9738 Z0.6165
X0.2947 Y-0.9705 Z0.6167
X0.2855 Y-0.9663 Z0.6169
X0.2792 Y-0.9634 Z0.6171
X0.2638 Y-0.9557 Z0.6174
X0.2548 Y-0.9509 Z0.6176
X0.2484 Y-0.9474 Z0.6178
X0.2407 Y-0.943 Z0.6179
X0.233 Y-0.9384 Z0.6181
X0.2253 Y-0.9336 Z0.6183
X0.216 Y-0.9278 Z0.6184
X0.2098 Y-0.9237 Z0.6186
X0.2021 Y-0.9184 Z0.6187
X0.1936 Y-0.9123 Z0.6188
X0.1832 Y-0.9046 Z0.6192
X0.1713 Y-0.8952 Z0.6195
X0.1636 Y-0.8888 Z0.6196
X0.1549 Y-0.8815 Z0.6198
X0.1463 Y-0.8737 Z0.62
X0.138 Y-0.866 Z0.6202
X0.1301 Y-0.8583 Z0.6204
X0.125 Y-0.8533 Z0.6205
X0.115 Y-0.8429 Z0.6207
X0.1079 Y-0.8352 Z0.6208
X0.1011 Y-0.8274 Z0.6209
X0.0942 Y-0.8193 Z0.6211
X0.0864 Y-0.8098 Z0.6212
X0.082 Y-0.8043 Z0.6213
X0.0762 Y-0.7966 Z0.6214
X0.0705 Y-0.7889 Z0.6215
X0.0651 Y-0.7811 Z0.6216
X0.0548 Y-0.7657 Z0.6219
X0.0498 Y-0.758
X0.0451 Y-0.7503 Z0.622
X0.0402 Y-0.7421
X0.0362 Y-0.7348 Z0.6221
X0.032 Y-0.7271 Z0.6223
X0.0243 Y-0.7117 Z0.6226
X0.0206 Y-0.704
X0.017 Y-0.6962 Z0.6227
X0.0136 Y-0.6885
X0.0093 Y-0.6785 Z0.6228
X0.0071 Y-0.6731 Z0.6229
X0.0041 Y-0.6654
X0.0012 Y-0.6577 Z0.623
X-0.0015 Y-0.6499
X-0.0065 Y-0.6345 Z0.6231
X-0.009 Y-0.6268 Z0.6232
X-0.0112 Y-0.6191
X-0.0138 Y-0.6094
X-0.0173 Y-0.5959 Z0.6233
X-0.019 Y-0.5882
X-0.0215 Y-0.5757
X-0.0235 Y-0.5651 Z0.6235
X-0.026 Y-0.5496 Z0.6236
X-0.0271 Y-0.5419 Z0.6235
X-0.0281 Y-0.5342 Z0.6236
X-0.0292 Y-0.5222
X-0.0302 Y-0.511
X-0.0307 Y-0.5033
X-0.0314 Y-0.4879
X-0.0317 Y-0.4802 Z0.6235
Y-0.4724 Z0.6236
X-0.0314 Y-0.457
X-0.0311 Y-0.4493
X-0.0306 Y-0.4416 Z0.6237
X-0.0292 Y-0.4245 Z0.6238
X-0.0278 Y-0.4107
X-0.0258 Y-0.3953
X-0.0246 Y-0.3876 Z0.6237
X-0.0233 Y-0.3798
X-0.0215 Y-0.3701 Z0.6235
X-0.0204 Y-0.3644 Z0.6234
X-0.0188 Y-0.3567
X-0.0172 Y-0.349
X-0.0132 Y-0.3335 Z0.6232
X-0.0111 Y-0.3258
X-0.0089 Y-0.3181 Z0.6233
X-0.0039 Y-0.3027 Z0.6231
X-0.0013 Y-0.295
X0.0016 Y-0.2866
X0.0042 Y-0.2795 Z0.623
X0.0072 Y-0.2718
X0.0104 Y-0.2641 Z0.6229
X0.0137 Y-0.2564
X0.0171 Y-0.2487 Z0.6228
X0.0207 Y-0.2409 Z0.6227
X0.0247 Y-0.2326
X0.0325 Y-0.2174 Z0.6225
X0.0364 Y-0.2101 Z0.6223
X0.0407 Y-0.2023 Z0.6222
X0.0479 Y-0.1904 Z0.6221
X0.0556 Y-0.1782 Z0.622
X0.06 Y-0.1715 Z0.6218
X0.0652 Y-0.1638 Z0.6217
X0.071 Y-0.1556 Z0.6216
X0.0787 Y-0.1452 Z0.6215
X0.0822 Y-0.1406 Z0.6214
X0.0883 Y-0.1329 Z0.6213
X0.0946 Y-0.1252 Z0.6211
X0.1019 Y-0.1166 Z0.621
X0.1096 Y-0.108 Z0.6208
X0.1173 Y-0.0997 Z0.6207
X0.125 Y-0.0917 Z0.6206
X0.1327 Y-0.0841 Z0.6204
X0.1404 Y-0.0767 Z0.6202
X0.1481 Y-0.0696 Z0.6201
X0.1558 Y-0.0628 Z0.6199
X0.1642 Y-0.0557 Z0.6197
X0.1713 Y-0.0499 Z0.6196
X0.1835 Y-0.0403 Z0.6194
X0.1944 Y-0.0323 Z0.619
X0.2049 Y-0.0249 Z0.6188
X0.2098 Y-0.0214
X0.2175 Y-0.0164 Z0.6186
X0.2253 Y-0.0114 Z0.6184
X0.233 Y-0.0067 Z0.6183
X0.2414 Y-0.0017 Z0.618
X0.2484 Y0.0023 Z0.6179
X0.2561 Y0.0066 Z0.6177
X0.2638 Y0.0107 Z0.6175
X0.2792 Y0.0184 Z0.6172
X0.287 Y0.022 Z0.617
X0.2947 Y0.0254 Z0.6169
X0.3035 Y0.0292 Z0.6167
X0.3101 Y0.0319 Z0.6166
X0.3229 Y0.0369 Z0.6164
X0.3332 Y0.0406 Z0.616
X0.3449 Y0.0446 Z0.6158
X0.3487 Y0.0459 Z0.6157
X0.3564 Y0.0483 Z0.6155
X0.3718 Y0.0527 Z0.6151
X0.3795 Y0.0549 Z0.615
X0.385 Y0.0563 Z0.6148
X0.3854 Y0.057 Z0.6141
X0.3852 Y0.06 Z0.6105
X0.3851 Y0.0629 Z0.6066
X0.385 Y0.0678 Z0.5991
Y0.0716 Z0.5917
Y0.0755 Z0.582
Y0.0781 Z0.5723
Y0.0794 Z0.5651
X0.3849 Y0.0799 Z0.5606
X0.3847 Y0.0801 Z0.555
X0.3843 Y0.0802 Z0.5514
X0.3829 Y0.0801 Z0.5427
X0.3822 Z0.5378
X0.3807 Y0.0802 Z0.5262
X0.3746 Y0.0803 Z0.4828
X0.365 Z0.4185
X0.3641 Y0.0802 Z0.4157
X0.3564 Y0.0786 Z0.4162
X0.3487 Y0.0766 Z0.4165
X0.3409 Y0.0745
X0.3332 Y0.0725 Z0.416
X0.3255 Y0.0705 Z0.415
X0.3165 Y0.0678 Z0.4135
X0.3101 Y0.0657 Z0.4121
X0.3024 Y0.0633 Z0.4097
X0.2947 Y0.0609 Z0.4071
X0.2919 Y0.06 Z0.406
X0.287 Y0.0583 Z0.404
X0.2792 Y0.0556 Z0.3998
X0.2715 Y0.0529 Z0.3952
X0.2701 Y0.0523 Z0.3951
X0.2638 Y0.0499 Z0.3941
X0.2561 Y0.0468 Z0.3926
X0.2511 Y0.0446 Z0.3914
X0.2484 Y0.0434 Z0.3915
X0.2407 Y0.0397 Z0.3928
X0.2337 Y0.0364 Z0.3937
X0.2253 Y0.0323 Z0.3941
X0.2175 Y0.0283 Z0.3937
X0.2098 Y0.0242 Z0.3928
X0.2021 Y0.0202 Z0.3913
X0.1944 Y0.016 Z0.3896
X0.1906 Y0.0137 Z0.3886
X0.1867 Y0.0115 Z0.3872
X0.1804 Y0.0079 Z0.3847
X0.1794 Y0.0073 Z0.3844
X0.1785 Y0.0067
X0.1772 Y0.0059 Z0.3847
X0.176 Y0.0052 Z0.3852
X0.1749 Y0.0044 Z0.386
X0.1743 Y0.004 Z0.3864
X0.1728 Y0.003 Z0.3879
X0.1716 Y0.002 Z0.3897
X0.1707 Y0.0013 Z0.3912
X0.1699 Y0.0007 Z0.3927
X0.1686 Y-0.0005 Z0.3959
X0.1675 Y-0.0016 Z0.3993
X0.1667 Y-0.0025 Z0.4027
X0.1651 Y-0.0045 Z0.4116
X0.1635 Y-0.0066 Z0.4205
X0.1624 Y-0.0078 Z0.4247
X0.1617 Y-0.0085 Z0.4268
X0.1609 Y-0.0092 Z0.4288
X0.1601 Y-0.01 Z0.4307
X0.1591 Y-0.0109 Z0.4325
X0.158 Y-0.0118 Z0.4342
X0.1568 Y-0.0128 Z0.4358
X0.1558 Y-0.0136 Z0.4369
X0.1514 Y-0.0171 Z0.4414
X0.1481 Y-0.0199 Z0.4447
X0.1425 Y-0.0249 Z0.45
X0.1404 Y-0.0267 Z0.4518
X0.1337 Y-0.0326 Z0.4572
X0.1289 Y-0.0369 Z0.4605
X0.125 Y-0.0404 Z0.4632
X0.1211 Y-0.0439 Z0.4653
X0.1168 Y-0.048 Z0.4676
X0.1086 Y-0.0557 Z0.4712
X0.1019 Y-0.0623 Z0.4736
X0.0942 Y-0.0701 Z0.4759
X0.0856 Y-0.0789 Z0.4778
X0.0784 Y-0.0866 Z0.4791
X0.071 Y-0.0948 Z0.4802
X0.0647 Y-0.102 Z0.4809
X0.058 Y-0.1097 Z0.4811
X0.0556 Y-0.1127 Z0.481
X0.0517 Y-0.1175 Z0.4808
X0.0479 Y-0.1221 Z0.4804
X0.0402 Y-0.1317 Z0.479
X0.0392 Y-0.1329 Z0.4787
X0.0325 Y-0.1415 Z0.4762
X0.0272 Y-0.1483 Z0.4737
X0.0247 Y-0.1516 Z0.4724
X0.0213 Y-0.156 Z0.4705
X0.017 Y-0.1618 Z0.4678
X0.0156 Y-0.1638 Z0.4669
X0.0093 Y-0.1724 Z0.4614
X0.0043 Y-0.1792 Z0.4564
X0.0016 Y-0.1829 Z0.4535
X-0.0013 Y-0.1869 Z0.4501
X-0.0061 Y-0.1936 Z0.4439
X-0.0096 Y-0.1985 Z0.4388
X-0.0124 Y-0.2023 Z0.4344
X-0.0138 Y-0.2044 Z0.432
X-0.0181 Y-0.2101 Z0.4243
X-0.0215 Y-0.2146 Z0.4175
X-0.0239 Y-0.2178 Z0.4125
X-0.0252 Y-0.2197 Z0.4102
X-0.0281 Y-0.2255 Z0.4095
X-0.0319 Y-0.2332 Z0.4084
X-0.0358 Y-0.2409 Z0.407
X-0.037 Y-0.2433 Z0.4065
X-0.0396 Y-0.2487 Z0.4051
X-0.0431 Y-0.2564 Z0.4029
X-0.0447 Y-0.2601 Z0.4022
X-0.0461 Y-0.2641 Z0.4033
X-0.0489 Y-0.2718 Z0.4052
X-0.0517 Y-0.2795 Z0.4067
X-0.0529 Y-0.2834 Z0.4073
X-0.0531 Y-0.2872 Z0.4146
X-0.0534 Y-0.2917 Z0.4223
X-0.0538 Y-0.295 Z0.4276
X-0.0542 Y-0.2988 Z0.4331
X-0.0547 Y-0.3027 Z0.4382
X-0.0553 Y-0.3065 Z0.4428
X-0.056 Y-0.3104 Z0.4471
X-0.0569 Y-0.3181 Z0.4547
X-0.058 Y-0.3258 Z0.4617
X-0.0591 Y-0.3335 Z0.4679
X-0.0601 Y-0.3394 Z0.4721
X-0.0604 Y-0.3413 Z0.4733
X-0.0613 Y-0.349 Z0.4782
X-0.0623 Y-0.3567 Z0.4827
X-0.0633 Y-0.3644 Z0.4868
X-0.0644 Y-0.3721 Z0.4898
X-0.0654 Y-0.3798 Z0.4923
X-0.0663 Y-0.3876 Z0.4945
X-0.0671 Y-0.3953 Z0.4964
X-0.068 Y-0.403 Z0.498
X-0.0687 Y-0.4107 Z0.4993
X-0.0693 Y-0.4184 Z0.5002
X-0.0699 Y-0.4261 Z0.5008
X-0.0705 Y-0.4339 Z0.5011
X-0.071 Y-0.4416
X-0.0714 Y-0.4493 Z0.501
X-0.0716 Y-0.457 Z0.5008
X-0.0718 Y-0.4647
X-0.0719 Y-0.4724 Z0.5009
X-0.0718 Y-0.4802
X-0.0714 Y-0.4956
X-0.071 Y-0.5033 Z0.5008
X-0.0705 Y-0.511
X-0.0699 Y-0.5188 Z0.5007
X-0.0693 Y-0.5265 Z0.5006
X-0.0678 Y-0.5404 Z0.5003
X-0.0666 Y-0.5496 Z0.5002
X-0.0655 Y-0.5573 Z0.5
X-0.0643 Y-0.5651 Z0.4998
X-0.063 Y-0.5728 Z0.4997
X-0.0582 Y-0.5959 Z0.4991
X-0.0566 Y-0.6036 Z0.4989
X-0.0484 Y-0.6345 Z0.4976
X-0.0409 Y-0.6577 Z0.4965
X-0.0383 Y-0.6654 Z0.4961
X-0.0355 Y-0.6731 Z0.4956
X-0.0325 Y-0.6808 Z0.4951
X-0.0292 Y-0.689 Z0.4946
X-0.0263 Y-0.6962 Z0.4941
X-0.0215 Y-0.707 Z0.4935
X-0.0157 Y-0.7194 Z0.4927
X-0.012 Y-0.7271 Z0.4921
X-0.0082 Y-0.7348 Z0.4909
X-0.0042 Y-0.7425 Z0.4894
X-0.0002 Y-0.7503 Z0.4874
X0.0016 Y-0.7535 Z0.4873
X0.0042 Y-0.758 Z0.4874
X0.0093 Y-0.7662 Z0.4878
X0.0138 Y-0.7734
X0.0187 Y-0.7811 Z0.4875
X0.0238 Y-0.7889 Z0.4869
X0.0325 Y-0.8015 Z0.4853
X0.0344 Y-0.8043 Z0.4849
X0.0402 Y-0.8123 Z0.4835
X0.0457 Y-0.8197 Z0.4819
X0.0479 Y-0.8226 Z0.4811
X0.0515 Y-0.8274 Z0.4797
X0.0556 Y-0.8327 Z0.4779
X0.0574 Y-0.8352 Z0.4771
X0.0636 Y-0.8429 Z0.4735
X0.0645 Y-0.844 Z0.4729
X0.0655 Y-0.8451 Z0.473
X0.071 Y-0.851 Z0.4745
X0.0787 Y-0.8592 Z0.4755
X0.0864 Y-0.8671 Z0.4758
X0.0942 Y-0.8748 Z0.4757
X0.1009 Y-0.8815 Z0.4753
X0.1096 Y-0.8896 Z0.474
X0.1176 Y-0.8969 Z0.473
X0.1264 Y-0.9046 Z0.4716
X0.1327 Y-0.91 Z0.47
X0.1355 Y-0.9123 Z0.4693
X0.1404 Y-0.9164 Z0.4677
X0.1449 Y-0.92 Z0.4661
X0.1481 Y-0.9227 Z0.4648
X0.1545 Y-0.9278 Z0.462
X0.1636 Y-0.9345 Z0.4575
X0.1649 Y-0.9355 Z0.4567
X0.1713 Y-0.9404 Z0.4522
X0.1749 Y-0.9432 Z0.4495
X0.179 Y-0.9462 Z0.4463
X0.1867 Y-0.9517 Z0.4396
X0.1907 Y-0.9544 Z0.436
X0.1944 Y-0.957 Z0.4323
X0.1967 Y-0.9586 Z0.4298
X0.2021 Y-0.9624 Z0.4236
X0.2081 Y-0.9663 Z0.4158
X0.2111 Y-0.9683 Z0.4115
X0.2175 Y-0.9718 Z0.4113
X0.2218 Y-0.9741 Z0.4109
X0.2253 Y-0.9759 Z0.4104
X0.233 Y-0.9799 Z0.4091
X0.2369 Y-0.9818 Z0.4084
X0.2407 Y-0.9836 Z0.4075
X0.2484 Y-0.9873 Z0.406
X0.2534 Y-0.9895 Z0.4067
X0.2561 Y-0.9907 Z0.407
X0.2638 Y-0.9939 Z0.4077
X0.2735 Y-0.9978 Z0.4073
X0.2749 Y-0.9983 Z0.4081
X0.2792 Y-0.9998 Z0.4111
X0.287 Y-1.0026 Z0.4159
X0.2947 Y-1.0051 Z0.4202
X0.3024 Y-1.0075 Z0.4233
X0.3101 Y-1.0099 Z0.4262
X0.3189 Y-1.0126 Z0.429
X0.3255 Y-1.0147 Z0.4308
X0.3332 Y-1.0167 Z0.4324
X0.3409 Y-1.0187 Z0.4337
X0.3472 Y-1.0204 Z0.4345
X0.3487 Y-1.0205 Z0.4407
X0.3583 Y-1.0204 Z0.5062
X0.3605 Z0.5223
X0.3626 Y-1.0203 Z0.5387
X0.3634 Z0.5438
X0.365 Z0.5541
X0.3654 Y-1.0201 Z0.5608
Y-1.0197 Z0.5638
X0.3655 Y-1.0191 Z0.5685
Y-1.0184 Z0.572
Y-1.0173 Z0.5765
Y-1.0162 Z0.5802
X0.3654 Y-1.0126 Z0.5896
Y-1.0092 Z0.5965
X0.3655 Y-1.0084 Z0.598
X0.365 Y-1.0079 Z0.5987
X0.3487 Y-1.0032 Z0.5993
X0.3332 Y-0.9981 Z0.5996
X0.3178 Y-0.9927 Z0.6
X0.3024 Y-0.9867 Z0.6004
X0.2906 Y-0.9818 Z0.6006
X0.287 Y-0.9802 Z0.6007
X0.2736 Y-0.9741 Z0.6011
X0.258 Y-0.9663 Z0.6015
X0.2484 Y-0.9613 Z0.6017
X0.2435 Y-0.9586 Z0.6019
X0.233 Y-0.9526 Z0.6021
X0.23 Y-0.9509 Z0.6022
X0.2173 Y-0.9432 Z0.6026
X0.2098 Y-0.9385 Z0.6027
X0.2021 Y-0.9334 Z0.6029
X0.194 Y-0.9278 Z0.603
X0.1867 Y-0.9226 Z0.6031
X0.179 Y-0.9171 Z0.6034
X0.1713 Y-0.9112 Z0.6037
X0.1629 Y-0.9046 Z0.6039
X0.1536 Y-0.8969 Z0.6042
X0.1446 Y-0.8892 Z0.6044
X0.1404 Y-0.8855 Z0.6045
X0.1327 Y-0.8785 Z0.6047
X0.1276 Y-0.8737 Z0.6048
X0.1173 Y-0.8636 Z0.6051
X0.1096 Y-0.8557 Z0.6052
X0.1046 Y-0.8506 Z0.6053
X0.0942 Y-0.8391 Z0.6056
X0.0841 Y-0.8274 Z0.6058
X0.0778 Y-0.8197 Z0.6059
X0.071 Y-0.8112 Z0.606
X0.0633 Y-0.801 Z0.6062
X0.0601 Y-0.7966 Z0.6063
X0.0546 Y-0.7889 Z0.6064
X0.0442 Y-0.7734 Z0.6067
X0.0393 Y-0.7657 Z0.6068
X0.0325 Y-0.7546
X0.0298 Y-0.7503
X0.0247 Y-0.7413 Z0.607
X0.0212 Y-0.7348 Z0.6072
X0.0133 Y-0.7194 Z0.6075
X0.0059 Y-0.704 Z0.6077
X0.0016 Y-0.6943 Z0.6078
X-0.0009 Y-0.6885
X-0.0061 Y-0.6758 Z0.608
X-0.0101 Y-0.6654 Z0.6081
X-0.0129 Y-0.6577
X-0.018 Y-0.6422
X-0.0215 Y-0.6314 Z0.6083
X-0.0229 Y-0.6268
X-0.025 Y-0.6191 Z0.6082
X-0.0271 Y-0.6114 Z0.6083
X-0.0292 Y-0.6031 Z0.6084
X-0.031 Y-0.5959
X-0.0326 Y-0.5882
X-0.0342 Y-0.5805
X-0.0357 Y-0.5728 Z0.6086
X-0.0371 Y-0.5651 Z0.6087
X-0.0395 Y-0.5496
X-0.0406 Y-0.5419
X-0.0415 Y-0.5342
X-0.043 Y-0.5188 Z0.6088
X-0.0442 Y-0.5033
X-0.0449 Y-0.4879
X-0.0451 Y-0.4802 Z0.6086
Y-0.4724 Z0.6087
X-0.0449 Y-0.457 Z0.6088
X-0.0445 Y-0.4493
X-0.0441 Y-0.4416 Z0.6089
X-0.0429 Y-0.4261 Z0.609
X-0.0413 Y-0.4107
X-0.0393 Y-0.3953
X-0.0382 Y-0.3876 Z0.6089
X-0.037 Y-0.3798
X-0.0356 Y-0.3721 Z0.6088
X-0.0341 Y-0.3644 Z0.6086
X-0.0325 Y-0.3567 Z0.6085
X-0.0309 Y-0.349 Z0.6086
X-0.029 Y-0.3413 Z0.6085
X-0.027 Y-0.3335 Z0.6084
X-0.0249 Y-0.3258 Z0.6083
X-0.0228 Y-0.3181 Z0.6084
X-0.0215 Y-0.3137
X-0.0154 Y-0.295 Z0.6082
X-0.0128 Y-0.2872
X-0.01 Y-0.2795
X-0.0061 Y-0.2693 Z0.6081
X-0.0008 Y-0.2564 Z0.608
X0.0026 Y-0.2487 Z0.6079
X0.006 Y-0.2409 Z0.6078
X0.0097 Y-0.2332 Z0.6077
X0.0135 Y-0.2255
X0.0214 Y-0.2101 Z0.6074
X0.0256 Y-0.2023 Z0.6072
X0.03 Y-0.1946 Z0.6071
X0.0346 Y-0.1869 Z0.607
X0.0402 Y-0.178 Z0.6069
X0.0443 Y-0.1715
X0.0494 Y-0.1638 Z0.6067
X0.0556 Y-0.1548 Z0.6065
X0.0602 Y-0.1483 Z0.6064
X0.0633 Y-0.1441
X0.0718 Y-0.1329 Z0.6062
X0.0787 Y-0.1242 Z0.606
X0.0842 Y-0.1175 Z0.6059
X0.0908 Y-0.1097 Z0.6057
X0.0942 Y-0.1059 Z0.6056
X0.1019 Y-0.0974 Z0.6055
X0.1047 Y-0.0943 Z0.6054
X0.1121 Y-0.0866 Z0.6052
X0.1173 Y-0.0813
X0.1277 Y-0.0712 Z0.6049
X0.136 Y-0.0634 Z0.6047
X0.1404 Y-0.0594 Z0.6046
X0.1481 Y-0.0527 Z0.6044
X0.1558 Y-0.0462 Z0.6042
X0.1636 Y-0.0399 Z0.6041
X0.173 Y-0.0326 Z0.6038
X0.179 Y-0.028 Z0.6037
X0.1867 Y-0.0225 Z0.6034
X0.1944 Y-0.017 Z0.6032
X0.2021 Y-0.0116
X0.2175 Y-0.0017 Z0.6027
X0.2302 Y0.006 Z0.6024
X0.233 Y0.0076 Z0.6023
X0.2437 Y0.0137 Z0.6021
X0.2484 Y0.0163 Z0.6019
X0.2582 Y0.0214 Z0.6017
X0.2738 Y0.0292 Z0.6013
X0.287 Y0.0352 Z0.6009
X0.3024 Y0.0417 Z0.6006
X0.3178 Y0.0477 Z0.6003
X0.3332 Y0.0531 Z0.5998
X0.3487 Y0.0582 Z0.5995
X0.365 Y0.0629 Z0.5989
X0.3654 Y0.0636 Z0.5978
Y0.0647 Z0.596
Y0.0678 Z0.5896
X0.3655 Y0.0714 Z0.5801
Y0.0734 Z0.5723
Y0.0744 Z0.5671
Y0.075 Z0.5633
Y0.0752 Z0.5605
X0.365 Y0.0754 Z0.554
X0.3634 Z0.5436
X0.3618 Y0.0755 Z0.5322
X0.3605 Z0.5217
X0.3549 Y0.0756 Z0.4823
X0.3487 Z0.4403
X0.3475 Y0.0755 Z0.4365
X0.3409 Y0.0737
X0.3332 Y0.0717 Z0.436
X0.3255 Y0.0696 Z0.4351
X0.3178 Y0.0672 Z0.4339
X0.3101 Y0.0647 Z0.4324
X0.3024 Y0.0623 Z0.4304
X0.2947 Y0.0599 Z0.428
X0.287 Y0.0572 Z0.4252
X0.2792 Y0.0543 Z0.422
X0.2715 Y0.0515 Z0.4178
X0.267 Y0.0499 Z0.4152
X0.2638 Y0.0487 Z0.4142
X0.2542 Y0.0446 Z0.4124
X0.2513 Y0.0433 Z0.4118
X0.2484 Y0.042
X0.2376 Y0.0369 Z0.4134
X0.233 Y0.0347 Z0.4138
X0.2253 Y0.0307 Z0.414
X0.2175 Y0.0267 Z0.4137
X0.2075 Y0.0214 Z0.4124
X0.2021 Y0.0185 Z0.4114
X0.1937 Y0.0137 Z0.4096
X0.1867 Y0.0096 Z0.4078
X0.179 Y0.0052 Z0.4049
X0.1779 Y0.0046 Z0.4045
X0.1768 Y0.0038 Z0.4062
X0.1747 Y0.0021 Z0.4098
X0.1713 Y-0.0007 Z0.4156
X0.1701 Y-0.0017 Z0.4174
X0.1669 Y-0.0044 Z0.4223
X0.1636 Y-0.0073 Z0.4273
X0.161 Y-0.0094 Z0.4308
X0.1568 Y-0.0128 Z0.4358
X0.1547 Y-0.0146 Z0.4385
X0.1528 Y-0.0162 Z0.4415
X0.1511 Y-0.0177 Z0.4446
X0.1496 Y-0.0192 Z0.4479
X0.1469 Y-0.0219 Z0.4547
X0.1442 Y-0.0247 Z0.4615
X0.1415 Y-0.0275 Z0.4679
X0.14 Y-0.0291 Z0.471
X0.1383 Y-0.0308 Z0.4739
X0.1365 Y-0.0326 Z0.4766
X0.1356 Y-0.0335 Z0.4778
X0.1345 Y-0.0345 Z0.479
X0.1334 Y-0.0355 Z0.4801
X0.1323 Y-0.0365 Z0.4811
X0.1311 Y-0.0376 Z0.482
X0.1299 Y-0.0387 Z0.4827
X0.1282 Y-0.0403 Z0.4837
X0.125 Y-0.0432 Z0.4853
X0.1198 Y-0.048 Z0.4878
X0.1173 Y-0.0504 Z0.4889
X0.1116 Y-0.0557 Z0.4912
X0.1096 Y-0.0577 Z0.4919
X0.1037 Y-0.0634 Z0.4939
X0.096 Y-0.0712 Z0.496
X0.0886 Y-0.0789 Z0.4976
X0.0813 Y-0.0866 Z0.4989
X0.0744 Y-0.0943 Z0.4999
X0.0676 Y-0.102 Z0.5007
X0.0633 Y-0.107 Z0.5009
X0.061 Y-0.1097
X0.0546 Y-0.1175 Z0.5007
X0.0479 Y-0.1258 Z0.5
X0.0402 Y-0.1355 Z0.4986
X0.0362 Y-0.1406 Z0.4973
X0.0325 Y-0.1456 Z0.4958
X0.0304 Y-0.1483 Z0.4949
X0.0246 Y-0.156 Z0.4921
X0.0189 Y-0.1638 Z0.4888
X0.0134 Y-0.1715 Z0.4852
X0.0079 Y-0.1792 Z0.4804
X0.0016 Y-0.188 Z0.4742
X-0.003 Y-0.1946 Z0.469
X-0.0061 Y-0.1992 Z0.4651
X-0.0107 Y-0.206 Z0.4588
X-0.0138 Y-0.2104 Z0.4543
X-0.0162 Y-0.2139 Z0.4504
X-0.0189 Y-0.2178 Z0.4459
X-0.0215 Y-0.2215 Z0.441
X-0.0243 Y-0.2255 Z0.4356
X-0.0269 Y-0.2294 Z0.4299
X-0.0277 Y-0.2307 Z0.429
X-0.0328 Y-0.2409 Z0.4273
X-0.0365 Y-0.2487 Z0.4257
X-0.04 Y-0.2564 Z0.4237
X-0.0417 Y-0.2602 Z0.4226
X-0.0431 Y-0.2641 Z0.4234
X-0.0447 Y-0.2683 Z0.4244
X-0.046 Y-0.2718 Z0.4252
X-0.0464 Y-0.2757 Z0.432
X-0.047 Y-0.2795 Z0.4383
X-0.0474 Y-0.2834 Z0.4439
X-0.048 Y-0.2872 Z0.4491
X-0.0485 Y-0.2911 Z0.4538
X-0.0492 Y-0.295 Z0.4582
X-0.0498 Y-0.2988 Z0.4623
X-0.0506 Y-0.3027 Z0.4662
X-0.052 Y-0.3104 Z0.4736
X-0.0524 Y-0.3131 Z0.4761
X-0.0531 Y-0.3181 Z0.4802
X-0.0543 Y-0.3258 Z0.4861
X-0.0556 Y-0.3335 Z0.4913
X-0.057 Y-0.3413 Z0.4962
X-0.058 Y-0.349 Z0.5006
X-0.059 Y-0.3567 Z0.5047
X-0.0601 Y-0.3644 Z0.5078
X-0.0614 Y-0.3721 Z0.5105
X-0.0623 Y-0.3798 Z0.5128
X-0.0633 Y-0.3876 Z0.5148
X-0.0641 Y-0.3953 Z0.5166
X-0.065 Y-0.403 Z0.518
X-0.0657 Y-0.4107 Z0.5192
X-0.0664 Y-0.4184 Z0.5201
X-0.067 Y-0.4261 Z0.5206
X-0.0675 Y-0.4339 Z0.5209
X-0.0681 Y-0.4416
X-0.0687 Y-0.457 Z0.5206
X-0.069 Y-0.4724 Z0.5207
X-0.0687 Y-0.4879
X-0.0681 Y-0.5033 Z0.5206
X-0.0676 Y-0.511
X-0.067 Y-0.5188 Z0.5205
X-0.0663 Y-0.5265 Z0.5204
X-0.0655 Y-0.5342 Z0.5202
X-0.0647 Y-0.5419 Z0.5201
X-0.0636 Y-0.5496 Z0.5199
X-0.0625 Y-0.5573 Z0.5198
X-0.06 Y-0.5728 Z0.5194
X-0.0553 Y-0.5959 Z0.5189
X-0.0536 Y-0.6036 Z0.5187
X-0.0454 Y-0.6345 Z0.5174
X-0.0429 Y-0.6422 Z0.5171
X-0.0354 Y-0.6654 Z0.5158
X-0.0296 Y-0.6808 Z0.5149
X-0.0233 Y-0.6962 Z0.5139
X-0.0199 Y-0.704 Z0.5134
X-0.0164 Y-0.7117 Z0.513
X-0.0128 Y-0.7194 Z0.5125
X-0.0091 Y-0.7271 Z0.5119
X-0.0052 Y-0.7348 Z0.5107
X-0.0013 Y-0.7425 Z0.5093
X0.0028 Y-0.7503 Z0.5074
X0.0072 Y-0.758
X0.0119 Y-0.7657 Z0.5077
X0.017 Y-0.7739 Z0.5076
X0.0216 Y-0.7811 Z0.5073
X0.0268 Y-0.7889 Z0.5067
X0.0325 Y-0.7973 Z0.5057
X0.0374 Y-0.8043 Z0.5047
X0.0429 Y-0.812 Z0.5034
X0.0486 Y-0.8197 Z0.5017
X0.0556 Y-0.8289 Z0.4993
X0.0605 Y-0.8352 Z0.4972
X0.0633 Y-0.8387 Z0.4958
X0.0675 Y-0.844 Z0.4934
X0.0685 Y-0.8451 Z0.4936
X0.071 Y-0.8477 Z0.4942
X0.0787 Y-0.856 Z0.4952
X0.0808 Y-0.8583 Z0.4954
X0.0864 Y-0.8641 Z0.4957
X0.0942 Y-0.8719
X0.096 Y-0.8737 Z0.4956
X0.1039 Y-0.8815 Z0.495
X0.112 Y-0.8892 Z0.4939
X0.1206 Y-0.8969 Z0.4928
X0.1293 Y-0.9046 Z0.4914
X0.1327 Y-0.9075 Z0.4906
X0.1404 Y-0.914 Z0.4886
X0.1481 Y-0.9203 Z0.486
X0.1558 Y-0.9265 Z0.483
X0.1636 Y-0.9322 Z0.4795
X0.1713 Y-0.938 Z0.4756
X0.179 Y-0.9438 Z0.4704
X0.1828 Y-0.9466 Z0.4677
X0.1889 Y-0.9509 Z0.463
X0.1944 Y-0.9547 Z0.4583
X0.2002 Y-0.9586 Z0.4532
X0.2021 Y-0.9599 Z0.4514
X0.206 Y-0.9625 Z0.4476
X0.2098 Y-0.965 Z0.4435
X0.2119 Y-0.9663 Z0.4412
X0.2175 Y-0.9699 Z0.4344
X0.2195 Y-0.9712 Z0.432
X0.2204 Y-0.9717 Z0.4311
X0.2253 Y-0.9744 Z0.4306
X0.233 Y-0.9784 Z0.4294
X0.2407 Y-0.9822 Z0.428
X0.2484 Y-0.9859 Z0.4264
X0.2564 Y-0.9895 Z0.427
X0.2638 Y-0.9927 Z0.4276
X0.2685 Y-0.9946 Z0.4275
X0.2715 Y-0.9958 Z0.4292
X0.2792 Y-0.9985 Z0.4339
X0.287 Y-1.0013 Z0.4382
X0.2947 Y-1.004 Z0.4415
X0.2974 Y-1.0049 Z0.4425
X0.3024 Y-1.0065 Z0.4444
X0.3101 Y-1.0089 Z0.447
X0.3178 Y-1.0113 Z0.4493
X0.3221 Y-1.0126 Z0.4504
X0.3303 Y-1.0152 Z0.4522
X0.3318 Y-1.0153 Z0.4586
X0.3395 Z0.5109
X0.3416 Y-1.0152 Z0.5263
X0.3435 Y-1.0151 Z0.5416
X0.3444 Z0.5473
X0.3457 Z0.5552
X0.3461 Y-1.0148 Z0.5626
Y-1.0144 Z0.5656
Y-1.0135 Z0.5707
Y-1.0126 Z0.5745
X0.3459 Y-1.0107 Z0.581
X0.3284 Y-1.0049 Z0.5813
X0.3178 Y-1.0014 Z0.5817
X0.3067 Y-0.9972 Z0.5819
X0.3024 Y-0.9955 Z0.5821
X0.2876 Y-0.9895 Z0.5824
X0.2792 Y-0.9858 Z0.5826
X0.2704 Y-0.9818 Z0.5829
X0.2545 Y-0.9741 Z0.5834
X0.2398 Y-0.9663 Z0.5838
X0.2253 Y-0.9581 Z0.5842
X0.2132 Y-0.9509 Z0.5846
X0.201 Y-0.9432 Z0.5848
X0.1944 Y-0.9388 Z0.5849
X0.1867 Y-0.9334 Z0.5851
X0.1787 Y-0.9278 Z0.5853
X0.1713 Y-0.9224 Z0.5856
X0.1582 Y-0.9123 Z0.586
X0.1481 Y-0.9041 Z0.5863
X0.1396 Y-0.8969 Z0.5865
X0.1327 Y-0.8909 Z0.5867
X0.1225 Y-0.8815 Z0.587
X0.1145 Y-0.8737 Z0.5872
X0.1096 Y-0.869 Z0.5874
X0.0992 Y-0.8583 Z0.5876
X0.092 Y-0.8506 Z0.5877
X0.0851 Y-0.8429 Z0.5879
X0.0784 Y-0.8352 Z0.5881
X0.071 Y-0.8262 Z0.5882
X0.0657 Y-0.8197 Z0.5884
X0.0556 Y-0.8065 Z0.5886
X0.0479 Y-0.7958 Z0.5888
X0.0402 Y-0.7845 Z0.589
X0.0379 Y-0.7811 Z0.5891
X0.0325 Y-0.7728 Z0.5892
X0.028 Y-0.7657 Z0.5893
X0.0233 Y-0.758
X0.0188 Y-0.7503 Z0.5894
X0.0145 Y-0.7425 Z0.5895
X0.0093 Y-0.7328 Z0.5898
X0.0064 Y-0.7271 Z0.59
X0.0016 Y-0.7175 Z0.5901
X-0.0012 Y-0.7117 Z0.5902
X-0.0061 Y-0.7009 Z0.5903
X-0.0082 Y-0.6962 Z0.5904
X-0.0147 Y-0.6808 Z0.5905
X-0.0206 Y-0.6654 Z0.5907
X-0.0215 Y-0.6628
X-0.0258 Y-0.6499
X-0.0309 Y-0.6345 Z0.5909
X-0.0331 Y-0.6268
X-0.037 Y-0.6126
X-0.0393 Y-0.6036 Z0.591
X-0.0411 Y-0.5959
X-0.0427 Y-0.5882
X-0.0447 Y-0.5786 Z0.5911
X-0.0458 Y-0.5728 Z0.5913
X-0.0472 Y-0.5651 Z0.5914
X-0.0484 Y-0.5573
X-0.0496 Y-0.5496
X-0.0506 Y-0.5419
X-0.0516 Y-0.5342
X-0.0524 Y-0.526
X-0.053 Y-0.5188 Z0.5915
X-0.0541 Y-0.5033
X-0.0548 Y-0.4879 Z0.5914
X-0.055 Y-0.4802 Z0.5913
X-0.0551 Y-0.4724 Z0.5914
X-0.0548 Y-0.457
X-0.0545 Y-0.4493 Z0.5915
X-0.0541 Y-0.4416 Z0.5916
X-0.053 Y-0.4261 Z0.5917
X-0.0522 Y-0.4184
X-0.0514 Y-0.4107
X-0.0505 Y-0.403
X-0.0495 Y-0.3953
X-0.0483 Y-0.3876 Z0.5916
X-0.0471 Y-0.3798
X-0.0457 Y-0.3721 Z0.5915
X-0.0442 Y-0.3644 Z0.5913
X-0.0426 Y-0.3567 Z0.5912
X-0.041 Y-0.349
X-0.0393 Y-0.3413
X-0.037 Y-0.3324 Z0.591
X-0.0352 Y-0.3258
X-0.0331 Y-0.3181
X-0.0308 Y-0.3104
X-0.0258 Y-0.295 Z0.5909
X-0.0215 Y-0.2823
X-0.0176 Y-0.2718 Z0.5907
X-0.0138 Y-0.2622 Z0.5906
X-0.0081 Y-0.2487 Z0.5905
X-0.0047 Y-0.2409 Z0.5904
X-0.0011 Y-0.2332 Z0.5903
X0.0026 Y-0.2255
X0.0065 Y-0.2178 Z0.5902
X0.0105 Y-0.2101 Z0.59
X0.0146 Y-0.2023 Z0.5898
X0.0189 Y-0.1946 Z0.5896
X0.0247 Y-0.1847 Z0.5895
X0.0281 Y-0.1792
X0.0379 Y-0.1638 Z0.5893
X0.0431 Y-0.156 Z0.5891
X0.0485 Y-0.1483 Z0.5889
X0.0556 Y-0.1385 Z0.5888
X0.0658 Y-0.1252 Z0.5885
X0.0721 Y-0.1175 Z0.5883
X0.0787 Y-0.1094 Z0.5881
X0.0864 Y-0.1005 Z0.588
X0.0942 Y-0.092 Z0.5878
X0.0992 Y-0.0866 Z0.5877
X0.1096 Y-0.076 Z0.5875
X0.1225 Y-0.0634 Z0.5871
X0.1327 Y-0.0541 Z0.5868
X0.1404 Y-0.0474 Z0.5866
X0.1488 Y-0.0403 Z0.5864
X0.1583 Y-0.0326 Z0.5862
X0.1713 Y-0.0226 Z0.5859
X0.179 Y-0.0171 Z0.5855
X0.1898 Y-0.0094 Z0.5853
X0.1944 Y-0.0062 Z0.5852
X0.2021 Y-0.0011 Z0.5851
X0.2134 Y0.006 Z0.5847
X0.2262 Y0.0137 Z0.5844
X0.2407 Y0.0219 Z0.584
X0.2484 Y0.0259 Z0.5837
X0.2561 Y0.0299 Z0.5835
X0.2715 Y0.0374 Z0.5831
X0.2792 Y0.0409 Z0.5829
X0.2878 Y0.0446 Z0.5827
X0.3024 Y0.0506 Z0.5824
X0.3101 Y0.0535 Z0.5822
X0.3178 Y0.0564 Z0.582
X0.3286 Y0.06 Z0.5815
X0.346 Y0.0658 Z0.5812
X0.3461 Y0.0678 Z0.5746
X0.3462 Y0.069 Z0.5687
Y0.0697 Z0.5644
X0.3461 Y0.07 Z0.561
X0.3457 Y0.0703 Z0.5553
X0.3444 Y0.0702 Z0.5471
X0.3429 Y0.0703 Z0.5362
X0.3409 Z0.5217
X0.3358 Y0.0704 Z0.4852
X0.3318 Z0.4581
X0.3311 Y0.0703 Z0.4558
X0.3255 Y0.0687 Z0.4552
X0.3227 Y0.0678 Z0.4548
X0.3178 Y0.0662 Z0.4541
X0.3101 Y0.0637 Z0.4527
X0.3024 Y0.0613 Z0.4509
X0.2984 Y0.06 Z0.4499
X0.2947 Y0.0587 Z0.4488
X0.287 Y0.056 Z0.4462
X0.2792 Y0.0531 Z0.4433
X0.2715 Y0.0502 Z0.44
X0.2638 Y0.0473 Z0.4358
X0.2609 Y0.0462 Z0.4341
X0.2573 Y0.0446 Z0.4332
X0.2561 Y0.0441 Z0.433
X0.2484 Y0.0406 Z0.432
X0.2405 Y0.0369 Z0.4332
X0.233 Y0.0332 Z0.4337
X0.2252 Y0.0292 Z0.434
X0.2175 Y0.0251 Z0.4336
X0.2098 Y0.021 Z0.4327
X0.2021 Y0.0168 Z0.4315
X0.1944 Y0.0124 Z0.4299
X0.1853 Y0.007 Z0.4276
X0.184 Y0.006 Z0.4296
X0.179 Y0.0022 Z0.437
X0.1741 Y-0.0017 Z0.4439
X0.1713 Y-0.004 Z0.4473
X0.1681 Y-0.0066 Z0.4511
X0.1636 Y-0.0102 Z0.4559
X0.1597 Y-0.0133 Z0.4596
X0.1548 Y-0.0171 Z0.4641
X0.1481 Y-0.0228 Z0.4699
X0.1457 Y-0.0249 Z0.4719
X0.1404 Y-0.0295 Z0.4759
X0.1327 Y-0.0362 Z0.4812
X0.1299 Y-0.0387 Z0.4827
X0.1273 Y-0.0411 Z0.4844
X0.1249 Y-0.0433 Z0.4863
X0.1206 Y-0.0476 Z0.4909
X0.1185 Y-0.0497 Z0.4934
X0.1166 Y-0.0518 Z0.496
X0.1128 Y-0.056 Z0.5013
X0.109 Y-0.0602 Z0.5064
X0.1049 Y-0.0646 Z0.5109
X0.1028 Y-0.067 Z0.5128
X0.1005 Y-0.0694 Z0.5144
X0.0993 Y-0.0707 Z0.5151
X0.0981 Y-0.072 Z0.5157
X0.0969 Y-0.0733 Z0.5162
X0.0957 Y-0.0746 Z0.5165
X0.0915 Y-0.0789 Z0.5174
X0.0864 Y-0.0842 Z0.5183
X0.0773 Y-0.0943 Z0.5197
X0.0706 Y-0.102 Z0.5204
X0.0633 Y-0.1105 Z0.5208
X0.0576 Y-0.1175 Z0.5207
X0.0556 Y-0.1199 Z0.5206
X0.0513 Y-0.1252 Z0.5201
X0.0479 Y-0.1295 Z0.5197
X0.0452 Y-0.1329 Z0.5192
X0.0402 Y-0.1395 Z0.5182
X0.0325 Y-0.1497 Z0.5154
X0.0277 Y-0.156 Z0.5133
X0.0247 Y-0.1601 Z0.5118
X0.0221 Y-0.1638 Z0.5104
X0.0166 Y-0.1715 Z0.5071
X0.0113 Y-0.1792 Z0.5035
X0.0093 Y-0.1821 Z0.5019
X0.0059 Y-0.1869 Z0.4988
X0.0007 Y-0.1946 Z0.4936
X-0.0044 Y-0.2023 Z0.4879
X-0.0061 Y-0.2049 Z0.4859
X-0.0096 Y-0.2101 Z0.4816
X-0.0147 Y-0.2178 Z0.4746
X-0.0171 Y-0.2215 Z0.4707
X-0.0197 Y-0.2255 Z0.4665
X-0.0215 Y-0.2284 Z0.4633
X-0.0247 Y-0.2332 Z0.4575
X-0.027 Y-0.2368 Z0.4528
X-0.0292 Y-0.2401 Z0.4483
X-0.0298 Y-0.2409 Z0.4475
X-0.0335 Y-0.2487 Z0.4461
X-0.037 Y-0.2564 Z0.4443
X-0.0388 Y-0.2607 Z0.4432
X-0.039 Y-0.2612 Z0.4437
X-0.0394 Y-0.2641 Z0.4485
X-0.0401 Y-0.2679 Z0.4543
X-0.0408 Y-0.2718 Z0.4597
X-0.0416 Y-0.2757 Z0.4646
X-0.0423 Y-0.2795 Z0.4692
X-0.043 Y-0.2834 Z0.4735
X-0.0437 Y-0.2872 Z0.4776
X-0.0447 Y-0.2924 Z0.4827
X-0.0451 Y-0.295 Z0.4851
X-0.0467 Y-0.3027 Z0.4922
X-0.0483 Y-0.3104 Z0.4985
X-0.0495 Y-0.3181 Z0.5042
X-0.0509 Y-0.3258 Z0.5093
X-0.0524 Y-0.3344 Z0.5146
X-0.0536 Y-0.3413 Z0.5186
X-0.0547 Y-0.349 Z0.5227
X-0.0558 Y-0.3567 Z0.5257
X-0.057 Y-0.3644 Z0.5285
X-0.0583 Y-0.3721 Z0.531
X-0.0593 Y-0.3798 Z0.5331
X-0.0603 Y-0.3876 Z0.535
X-0.0612 Y-0.3953 Z0.5366
X-0.062 Y-0.403 Z0.538
X-0.0627 Y-0.4107 Z0.539
X-0.0634 Y-0.4184 Z0.5399
X-0.064 Y-0.4261 Z0.5404
X-0.0646 Y-0.4339 Z0.5407
X-0.0651 Y-0.4416
X-0.0658 Y-0.457 Z0.5404
X-0.066 Y-0.4724
X-0.0658 Y-0.4879 Z0.5405
X-0.0651 Y-0.5033 Z0.5404
X-0.0641 Y-0.5188 Z0.5403
X-0.0634 Y-0.5265 Z0.5402
X-0.0626 Y-0.5342 Z0.54
X-0.0617 Y-0.5419 Z0.5398
X-0.0596 Y-0.5573 Z0.5396
X-0.0571 Y-0.5728 Z0.5392
X-0.0523 Y-0.5959 Z0.5387
X-0.0506 Y-0.6036 Z0.5385
X-0.0425 Y-0.6345 Z0.5372
X-0.035 Y-0.6577 Z0.536
X-0.0324 Y-0.6654 Z0.5356
X-0.0266 Y-0.6808 Z0.5346
X-0.0204 Y-0.6962 Z0.5337
X-0.0135 Y-0.7117 Z0.5328
X-0.0098 Y-0.7194 Z0.5323
X-0.0061 Y-0.7272 Z0.5316
X-0.0022 Y-0.7348 Z0.5306
X0.0017 Y-0.7425 Z0.5292
X0.0058 Y-0.7503 Z0.5274
X0.0093 Y-0.7566 Z0.5272
X0.0149 Y-0.7657 Z0.5275
X0.0197 Y-0.7734 Z0.5274
X0.0247 Y-0.7814 Z0.5271
X0.0297 Y-0.7889 Z0.5265
X0.0349 Y-0.7966 Z0.5255
X0.0403 Y-0.8043 Z0.5245
X0.0458 Y-0.812 Z0.5232
X0.0516 Y-0.8197 Z0.5216
X0.0574 Y-0.8274 Z0.5196
X0.0634 Y-0.8352 Z0.5172
X0.0697 Y-0.8429 Z0.5143
X0.071 Y-0.8445 Z0.514
X0.0787 Y-0.8529 Z0.515
X0.0864 Y-0.8611 Z0.5155
X0.0913 Y-0.866 Z0.5156
X0.0942 Y-0.8689
X0.0989 Y-0.8737 Z0.5154
X0.1068 Y-0.8815 Z0.5148
X0.1096 Y-0.8841 Z0.5144
X0.1173 Y-0.8913 Z0.5134
X0.1235 Y-0.8969 Z0.5126
X0.1327 Y-0.905 Z0.5111
X0.1414 Y-0.9123 Z0.509
X0.1481 Y-0.9179 Z0.507
X0.1508 Y-0.92 Z0.5061
X0.1558 Y-0.9241 Z0.5043
X0.1606 Y-0.9278 Z0.5024
X0.1636 Y-0.93 Z0.5012
X0.1713 Y-0.9357 Z0.4976
X0.179 Y-0.9414 Z0.4937
X0.1813 Y-0.9432 Z0.4922
X0.1867 Y-0.9471 Z0.4886
X0.1922 Y-0.9509 Z0.4848
X0.1983 Y-0.9551 Z0.4802
X0.2035 Y-0.9586 Z0.4758
X0.2098 Y-0.9628 Z0.4703
X0.2154 Y-0.9663 Z0.4652
X0.2175 Y-0.9677 Z0.4631
X0.2214 Y-0.9701 Z0.4591
X0.2253 Y-0.9725 Z0.4548
X0.2278 Y-0.9741 Z0.4517
X0.2291 Y-0.9749 Z0.4503
X0.233 Y-0.9769 Z0.4496
X0.2428 Y-0.9818 Z0.448
X0.2484 Y-0.9845 Z0.4468
X0.2561 Y-0.988 Z0.447
X0.2638 Y-0.9914 Z0.4476
X0.2715 Y-0.9944 Z0.4519
X0.2792 Y-0.9972 Z0.4562
X0.287 Y-1.0001 Z0.4596
X0.2947 Y-1.0028 Z0.4626
X0.3007 Y-1.0049 Z0.4647
X0.3101 Y-1.0079 Z0.4677
X0.3139 Y-1.0091 Z0.4688
X0.3149 Z0.4746
X0.321 Z0.5163
X0.3231 Y-1.009 Z0.5315
X0.3248 Y-1.0089 Z0.5448
X0.326 Z0.5529
X0.3263 Z0.5546
X0.3269 Y-1.0088 Z0.5607
X0.3266 Y-1.0086 Z0.5617
X0.3156 Y-1.0049 Z0.5621
X0.3101 Y-1.0029 Z0.5623
X0.3024 Y-1. Z0.5625
X0.2947 Y-0.997 Z0.5627
X0.287 Y-0.9938 Z0.5628
X0.277 Y-0.9895 Z0.5631
X0.2715 Y-0.9871 Z0.5633
X0.2638 Y-0.9835 Z0.5636
X0.2561 Y-0.9798 Z0.5638
X0.2448 Y-0.9741 Z0.5641
X0.2407 Y-0.9719 Z0.5642
X0.2305 Y-0.9663 Z0.5645
X0.2253 Y-0.9634 Z0.5647
X0.2098 Y-0.9543 Z0.5651
X0.2021 Y-0.9495 Z0.5653
X0.1944 Y-0.9445 Z0.5655
X0.1813 Y-0.9355 Z0.5657
X0.1703 Y-0.9278 Z0.5661
X0.1601 Y-0.92 Z0.5665
X0.1558 Y-0.9168 Z0.5666
X0.1408 Y-0.9046 Z0.5671
X0.1318 Y-0.8969 Z0.5673
X0.1232 Y-0.8892 Z0.5676
X0.1173 Y-0.8837 Z0.5677
X0.1069 Y-0.8737 Z0.568
X0.0993 Y-0.866 Z0.5682
X0.0942 Y-0.8607 Z0.5683
X0.0848 Y-0.8506 Z0.5686
X0.078 Y-0.8429 Z0.5687
X0.071 Y-0.8348 Z0.5689
X0.0633 Y-0.8254 Z0.5691
X0.0556 Y-0.8155 Z0.5692
X0.0529 Y-0.812 Z0.5693
X0.0472 Y-0.8043 Z0.5695
X0.0416 Y-0.7966 Z0.5697
X0.0325 Y-0.7831 Z0.5699
X0.0247 Y-0.7712 Z0.5701
X0.0167 Y-0.758
X0.0123 Y-0.7503 Z0.5702
X0.008 Y-0.7425 Z0.5705
X-0.0001 Y-0.7271 Z0.5709
X-0.0077 Y-0.7117 Z0.5711
X-0.0146 Y-0.6962 Z0.5713
X-0.0215 Y-0.6795 Z0.5715
X-0.0269 Y-0.6654 Z0.5716
X-0.0321 Y-0.6499
X-0.0371 Y-0.6345 Z0.5718
X-0.0414 Y-0.6191
X-0.0455 Y-0.6036 Z0.572
X-0.0488 Y-0.5882 Z0.5719
X-0.052 Y-0.5728 Z0.5722
X-0.0533 Y-0.5651 Z0.5723
X-0.0546 Y-0.5573
X-0.0567 Y-0.5419
X-0.0576 Y-0.5342
X-0.0584 Y-0.5265 Z0.5724
X-0.0591 Y-0.5188
X-0.0601 Y-0.5058 Z0.5725
X-0.0609 Y-0.4879 Z0.5724
X-0.061 Y-0.4802 Z0.5722
X-0.0611 Y-0.4724 Z0.5723
X-0.0609 Y-0.457 Z0.5724
X-0.0606 Y-0.4493
X-0.0601 Y-0.4395 Z0.5726
X-0.0591 Y-0.4261
X-0.0584 Y-0.4184 Z0.5727
X-0.0576 Y-0.4107
X-0.0566 Y-0.403
X-0.0545 Y-0.3876 Z0.5726
X-0.0524 Y-0.3745 Z0.5725
X-0.0504 Y-0.3644 Z0.5722
X-0.0488 Y-0.3567 Z0.5721
X-0.0455 Y-0.3413
X-0.0414 Y-0.3258 Z0.5719
X-0.0371 Y-0.3104 Z0.572
X-0.032 Y-0.295 Z0.5718
X-0.0269 Y-0.2795
X-0.021 Y-0.2641 Z0.5716
X-0.0146 Y-0.2487 Z0.5714
X-0.0076 Y-0.2332 Z0.5712
X-0.0001 Y-0.2178 Z0.5711
X0.008 Y-0.2023 Z0.5707
X0.0123 Y-0.1946 Z0.5705
X0.017 Y-0.1865 Z0.5704
X0.0247 Y-0.1738 Z0.5703
X0.0325 Y-0.1618 Z0.5701
X0.0416 Y-0.1483 Z0.5698
X0.0479 Y-0.1397 Z0.5696
X0.0529 Y-0.1329 Z0.5695
X0.0589 Y-0.1252 Z0.5694
X0.065 Y-0.1175 Z0.5692
X0.0713 Y-0.1097 Z0.569
X0.0787 Y-0.1012 Z0.5688
X0.0864 Y-0.0925 Z0.5686
X0.0942 Y-0.0842 Z0.5684
X0.1019 Y-0.0763 Z0.5682
X0.107 Y-0.0712 Z0.5681
X0.1173 Y-0.0612 Z0.5678
X0.125 Y-0.0541 Z0.5676
X0.1327 Y-0.0473 Z0.5674
X0.1408 Y-0.0403 Z0.5672
X0.1503 Y-0.0326 Z0.567
X0.1558 Y-0.0281 Z0.5668
X0.1636 Y-0.0222 Z0.5666
X0.1713 Y-0.0165 Z0.5664
X0.1814 Y-0.0094 Z0.566
X0.1944 Y-0.0004 Z0.5658
X0.2098 Y0.0094 Z0.5653
X0.2253 Y0.0185 Z0.5649
X0.233 Y0.0228 Z0.5646
X0.2407 Y0.027 Z0.5644
X0.2484 Y0.031 Z0.5642
X0.2561 Y0.0349 Z0.564
X0.2638 Y0.0386 Z0.5637
X0.2715 Y0.0422 Z0.5635
X0.2792 Y0.0456 Z0.5633
X0.287 Y0.0489 Z0.5631
X0.2953 Y0.0523 Z0.5629
X0.3024 Y0.0551 Z0.5628
X0.3101 Y0.058 Z0.5626
X0.3168 Y0.0604 Z0.5624
X0.3266 Y0.0637 Z0.562
X0.327 Y0.0639 Z0.5607
X0.3263 Y0.064 Z0.5547
X0.3248 Z0.5445
X0.3227 Y0.0641 Z0.5285
X0.3168 Y0.0643 Z0.4869
X0.3149 Z0.4739
X0.3139 Y0.064 Z0.4736
X0.3101 Y0.0627 Z0.4729
X0.3016 Y0.06 Z0.4711
X0.2947 Y0.0576 Z0.4694
X0.287 Y0.0548 Z0.467
X0.2792 Y0.0519 Z0.4643
X0.2715 Y0.0489 Z0.4613
X0.2638 Y0.0459 Z0.4579
X0.2561 Y0.0427 Z0.4537
X0.2542 Y0.0419 Z0.4528
X0.2523 Y0.041 Z0.4525
X0.2484 Y0.0392 Z0.4522
X0.2435 Y0.0369 Z0.453
X0.2407 Y0.0355 Z0.4532
X0.233 Y0.0317 Z0.4537
X0.2253 Y0.0276 Z0.4539
X0.2175 Y0.0236 Z0.4535
X0.2098 Y0.0194 Z0.4527
X0.1998 Y0.0137 Z0.4511
X0.1944 Y0.0105 Z0.45
X0.1926 Y0.0094 Z0.4497
X0.1867 Y0.0051 Z0.4578
X0.1828 Y0.0023 Z0.4624
X0.179 Y-0.0007 Z0.4668
X0.1777 Y-0.0017 Z0.4682
X0.1713 Y-0.0068 Z0.4747
X0.168 Y-0.0094 Z0.4778
X0.1636 Y-0.0129 Z0.4817
X0.1581 Y-0.0171 Z0.4863
X0.1558 Y-0.019 Z0.4882
X0.1489 Y-0.0249 Z0.4934
X0.1404 Y-0.0322 Z0.4992
X0.1327 Y-0.0389 Z0.5034
X0.1312 Y-0.0403 Z0.5041
X0.125 Y-0.046 Z0.507
X0.1228 Y-0.048 Z0.508
X0.1173 Y-0.0532 Z0.5102
X0.1146 Y-0.0557 Z0.5112
X0.1096 Y-0.0605 Z0.5128
X0.1067 Y-0.0634 Z0.5137
X0.099 Y-0.0712 Z0.5158
X0.0957 Y-0.0746 Z0.5165
X0.0931 Y-0.0773 Z0.5173
X0.0919 Y-0.0786 Z0.5178
X0.0906 Y-0.0799 Z0.5185
X0.0883 Y-0.0826 Z0.5199
X0.0861 Y-0.0851 Z0.5217
X0.0819 Y-0.0903 Z0.5256
X0.0779 Y-0.0954 Z0.5298
X0.0739 Y-0.1005 Z0.5338
X0.0698 Y-0.1058 Z0.5372
X0.0676 Y-0.1085 Z0.5386
X0.0654 Y-0.1114 Z0.5397
X0.0643 Y-0.1128 Z0.5401
X0.0632 Y-0.1142 Z0.5404
X0.062 Y-0.1157 Z0.5405
X0.0608 Y-0.1171 Z0.5406
X0.0556 Y-0.1236 Z0.5403
X0.0479 Y-0.1333 Z0.5393
X0.0402 Y-0.1435 Z0.5378
X0.0365 Y-0.1483 Z0.5366
X0.0325 Y-0.1539 Z0.535
X0.0309 Y-0.156 Z0.5343
X0.0247 Y-0.1645 Z0.5314
X0.0199 Y-0.1715 Z0.5288
X0.0146 Y-0.1792 Z0.5255
X0.0093 Y-0.187 Z0.5219
X0.0042 Y-0.1946 Z0.5173
X0.0016 Y-0.1986 Z0.5147
X-0.0008 Y-0.2023 Z0.5122
X-0.0061 Y-0.2105 Z0.5063
X-0.0108 Y-0.2178 Z0.5007
X-0.0138 Y-0.2227 Z0.4965
X-0.0174 Y-0.2284 Z0.4914
X-0.0203 Y-0.2332 Z0.4867
X-0.0215 Y-0.2352 Z0.4847
X-0.0251 Y-0.2409 Z0.4785
X-0.0292 Y-0.2475 Z0.4708
X-0.0312 Y-0.2506 Z0.4667
X-0.0317 Y-0.2515 Z0.4659
X-0.0321 Y-0.2525 Z0.4657
X-0.0325 Y-0.2535 Z0.4659
X-0.0331 Y-0.2564 Z0.4699
X-0.0339 Y-0.2602 Z0.475
X-0.0348 Y-0.2641 Z0.4798
X-0.0356 Y-0.2679 Z0.4844
X-0.037 Y-0.2738 Z0.4908
X-0.0383 Y-0.2795 Z0.4966
X-0.0398 Y-0.2872 Z0.5038
X-0.0414 Y-0.295 Z0.5105
X-0.043 Y-0.3027 Z0.5166
X-0.0447 Y-0.3104 Z0.5222
X-0.0461 Y-0.3181 Z0.5273
X-0.0475 Y-0.3258 Z0.532
X-0.0489 Y-0.3335 Z0.5365
X-0.0503 Y-0.3413 Z0.5406
X-0.0515 Y-0.349 Z0.5437
X-0.0527 Y-0.3567 Z0.5465
X-0.054 Y-0.3644 Z0.5491
X-0.0556 Y-0.3743 Z0.552
Y-0.3745
Y-0.3749 Z0.5527
X-0.055 Y-0.3721
X-0.0519 Y-0.3567 Z0.5524
X-0.0486 Y-0.3413
X-0.0445 Y-0.3258 Z0.5521
X-0.0402 Y-0.3104 Z0.5522
X-0.0352 Y-0.295 Z0.552
X-0.03 Y-0.2795
X-0.0241 Y-0.2641 Z0.5518
X-0.0177 Y-0.2487 Z0.5516
X-0.0107 Y-0.2332 Z0.5515
X-0.0032 Y-0.2178 Z0.5513
X0.0049 Y-0.2023 Z0.5509
X0.0093 Y-0.1945 Z0.5507
X0.0137 Y-0.1869 Z0.5506
X0.0183 Y-0.1792 Z0.5505
X0.0247 Y-0.1689 Z0.5504
X0.0281 Y-0.1638 Z0.5503
X0.0332 Y-0.156 Z0.5501
X0.0402 Y-0.146 Z0.5499
X0.0479 Y-0.1354 Z0.5497
X0.0557 Y-0.1252 Z0.5496
X0.0633 Y-0.1157 Z0.5493
X0.0682 Y-0.1097 Z0.5492
X0.0787 Y-0.0976 Z0.5489
X0.0888 Y-0.0866 Z0.5486
X0.0962 Y-0.0789 Z0.5485
X0.1038 Y-0.0712 Z0.5483
X0.1118 Y-0.0634 Z0.5481
X0.1201 Y-0.0557 Z0.5478
X0.1287 Y-0.048 Z0.5476
X0.1404 Y-0.038 Z0.5473
X0.1481 Y-0.0317 Z0.5471
X0.1569 Y-0.0249 Z0.5468
X0.1671 Y-0.0171 Z0.5466
X0.179 Y-0.0089 Z0.5461
X0.1893 Y-0.0017 Z0.5459
X0.1944 Y0.0017 Z0.5458
X0.2021 Y0.0066 Z0.5456
X0.2098 Y0.0113 Z0.5454
X0.2175 Y0.0159 Z0.5451
X0.2273 Y0.0214 Z0.5448
X0.233 Y0.0246 Z0.5447
X0.2416 Y0.0292 Z0.5444
X0.2484 Y0.0327 Z0.5442
X0.2638 Y0.0401 Z0.5438
X0.2792 Y0.047 Z0.5433
X0.2966 Y0.0542 Z0.5429
X0.3051 Y0.0574 Z0.5427
X0.3047 Y0.0576 Z0.5365
X0.2985 Y0.0577 Z0.4923
X0.298 Y0.0576 Z0.4906
X0.2947 Y0.0564 Z0.4898
X0.287 Y0.0536 Z0.4877
X0.2792 Y0.0506 Z0.4852
X0.2715 Y0.0476 Z0.4824
X0.2638 Y0.0445 Z0.4793
X0.2561 Y0.0412 Z0.4757
X0.2503 Y0.0387 Z0.4726
X0.2484 Y0.0378 Z0.4724
X0.2464 Y0.0369 Z0.4727
X0.2407 Y0.0341 Z0.4732
X0.233 Y0.0301 Z0.4737
X0.2253 Y0.0261 Z0.4739
X0.2166 Y0.0214 Z0.4734
X0.2098 Y0.0177 Z0.4727
X0.2002 Y0.0122 Z0.4712
X0.1983 Y0.0108 Z0.4732
X0.1944 Y0.0081 Z0.4777
X0.1916 Y0.006 Z0.4809
X0.1867 Y0.0025 Z0.4859
X0.1812 Y-0.0017 Z0.4913
X0.1751 Y-0.0064 Z0.4968
X0.1674 Y-0.0125 Z0.5034
X0.1614 Y-0.0171 Z0.508
X0.1558 Y-0.0217 Z0.512
X0.1481 Y-0.0282 Z0.5172
X0.1404 Y-0.0348 Z0.5214
X0.1342 Y-0.0403 Z0.5244
X0.1327 Y-0.0417 Z0.5251
X0.125 Y-0.0487 Z0.5284
X0.1173 Y-0.056 Z0.5312
X0.1096 Y-0.0635 Z0.5336
X0.1062 Y-0.0669 Z0.5345
X0.1019 Y-0.0712 Z0.5356
X0.0942 Y-0.0792 Z0.5372
X0.0864 Y-0.0875 Z0.5386
X0.0803 Y-0.0943 Z0.5395
X0.0735 Y-0.102 Z0.5402
X0.0669 Y-0.1097 Z0.5406
X0.0608 Y-0.1171
X0.0588 Y-0.1196 Z0.5408
X0.0567 Y-0.1221 Z0.5416
X0.0548 Y-0.1244 Z0.543
X0.0531 Y-0.1265 Z0.5449
X0.0516 Y-0.1283 Z0.5472
X0.0504 Y-0.1298 Z0.5499
X0.0495 Y-0.1309 Z0.5529
X0.0489 Y-0.1315 Z0.556
X0.0488 Y-0.1317 Z0.5593
G0 Z0.9371
X0.3224 Y0.0799
Z0.6881
G1 Z0.2586 F200.
X0.3222 Y0.0798 Z0.2553 F30.
X0.3214 Y0.0794 Z0.2521
X0.3201 Y0.0788 Z0.2491
X0.3183 Y0.078 Z0.2464
X0.3162 Y0.077 Z0.2441
X0.3137 Y0.0758 Z0.2422
X0.3109 Y0.0745 Z0.2409
X0.308 Y0.0731 Z0.2401
X0.305 Y0.0716 Z0.2399
X0.302 Y0.0702 Z0.2403
X0.2991 Y0.0688 Z0.2413
X0.2965 Y0.0676 Z0.2428
X0.2941 Y0.0664 Z0.2448
X0.2921 Y0.0655 Z0.2473
X0.2904 Y0.0647 Z0.2501
X0.2898 Y0.0645 Z0.2513
X0.2889 Y0.0642 Z0.2527
X0.287 Y0.0635 Z0.2545
X0.2831 Y0.0622 Z0.256
X0.2821 Y0.0619 Z0.2561
X0.2812 Y0.0616
X0.2792 Y0.0609 Z0.2558
X0.2766 Y0.06 Z0.2545
X0.2739 Y0.0591 Z0.2518
X0.2731 Y0.0588 Z0.2501
X0.2714 Y0.0581 Z0.2469
X0.2692 Y0.0573 Z0.244
X0.2667 Y0.0563 Z0.2414
X0.2637 Y0.0552 Z0.2394
X0.2606 Y0.054 Z0.2378
X0.2572 Y0.0527 Z0.2369
X0.2537 Y0.0514 Z0.2365
X0.2502 Y0.05 Z0.2367
X0.2468 Y0.0487 Z0.2375
X0.2436 Y0.0475 Z0.2389
X0.2406 Y0.0464 Z0.2408
X0.2379 Y0.0453 Z0.2431
X0.2356 Y0.0445 Z0.246
X0.2337 Y0.0438 Z0.2491
X0.2324 Y0.0433 Z0.2526
X0.2316 Y0.0429 Z0.2562
X0.2313 Y0.0428 Z0.2599
Z0.5162
X0.2316 Y0.0429 Z0.5195
X0.2324 Z0.5226
X0.2338 Y0.0431 Z0.5256
X0.2357 Y0.0433 Z0.5283
X0.238 Y0.0435 Z0.5307
X0.2407 Y0.0438 Z0.5325
X0.2437 Y0.0441 Z0.5339
X0.2468 Y0.0444 Z0.5348
X0.2501 Y0.0447 Z0.5351
X0.2534 Y0.045 Z0.5348
X0.2565 Y0.0454 Z0.5339
X0.2595 Y0.0457 Z0.5325
X0.2622 Y0.0459 Z0.5307
X0.2645 Y0.0462 Z0.5283
X0.2664 Y0.0463 Z0.5256
X0.2678 Y0.0465 Z0.5226
X0.2686 Y0.0466 Z0.5195
X0.2689 Z0.5162
X0.2687 Y0.0465 Z0.5127
X0.268 Y0.0461 Z0.5093
X0.2668 Y0.0456 Z0.506
X0.2653 Y0.0448 Z0.503
X0.2633 Y0.0438 Z0.5003
X0.261 Y0.0427 Z0.4979
X0.2584 Y0.0414 Z0.4959
X0.2556 Y0.04 Z0.4944
X0.2526 Y0.0385 Z0.4933
X0.2495 Y0.037 Z0.4928
X0.2464 Y0.0354
X0.2407 Y0.0326 Z0.4933
X0.233 Y0.0286 Z0.4937
X0.2253 Y0.0245 Z0.4938
X0.2175 Y0.0203 Z0.4934
X0.2098 Y0.016 Z0.4926
X0.2069 Y0.0143 Z0.4922
X0.2061 Y0.0137 Z0.4929
X0.2021 Y0.011 Z0.4972
X0.1944 Y0.0056 Z0.5049
X0.1915 Y0.0035 Z0.5076
X0.1867 Y0. Z0.5119
X0.1845 Y-0.0017 Z0.5139
X0.179 Y-0.006 Z0.5186
X0.1746 Y-0.0094 Z0.5221
X0.17 Y-0.013 Z0.5256
Z0.5265
X0.179 Y-0.0068 Z0.5262
X0.1867 Y-0.0014 Z0.526
X0.1915 Y0.0018 Z0.5259
X0.2021 Y0.0084 Z0.5256
X0.2175 Y0.0177 Z0.5252
X0.233 Y0.0262 Z0.5247
X0.2464 Y0.0332 Z0.5243
X0.2561 Y0.0379 Z0.524
X0.2638 Y0.0415 Z0.5238
X0.2792 Y0.0483 Z0.5233
X0.2838 Y0.0502 Z0.5232
X0.2834 Y0.0503 Z0.5183
X0.2823 Z0.5105
X0.2815 Z0.5067
X0.2772 Y0.0485 Z0.5052
X0.2715 Y0.0463 Z0.5033
X0.2638 Y0.0431 Z0.5004
X0.2561 Y0.0397 Z0.4972
X0.2484 Y0.0363 Z0.4935
X0.2464 Y0.0354 Z0.4928
X0.2435 Y0.0342 Z0.492
X0.2406 Y0.0328 Z0.4918
X0.2377 Y0.0315 Z0.4921
X0.2348 Y0.0302 Z0.493
X0.2322 Y0.029 Z0.4944
X0.2298 Y0.0279 Z0.4963
X0.2277 Y0.027 Z0.4986
X0.226 Y0.0262 Z0.5013
X0.2248 Y0.0257 Z0.5042
X0.224 Y0.0253 Z0.5073
X0.2238 Y0.0252 Z0.5105
G0 Z0.9371
X0.2302 Y0.0405
Z0.6881
G1 Z0.25 F200.
X0.2291 Y0.04 Z0.2515 F30.
X0.2253 Y0.0382 Z0.254
X0.2225 Y0.0369 Z0.2544
X0.22 Y0.0357 Z0.2539
X0.2175 Y0.0345 Z0.2526
X0.2156 Y0.0336 Z0.2505
X0.2153 Y0.0334 Z0.25
X0.2117 Y0.0316 Z0.2446
X0.2097 Y0.0305 Z0.2421
X0.2076 Y0.0294 Z0.2397
X0.2031 Y0.027 Z0.2352
X0.2007 Y0.0257 Z0.2332
X0.1983 Y0.0243 Z0.2312
X0.1931 Y0.0215 Z0.2277
X0.1878 Y0.0185 Z0.2245
X0.1824 Y0.0153 Z0.2218
X0.1769 Y0.0118 Z0.2194
X0.1712 Y0.0083 Z0.2173
X0.1653 Y0.0046 Z0.2156
X0.1594 Y0.0009 Z0.2141
X0.1537 Y-0.0031 Z0.213
X0.1478 Y-0.0071 Z0.2121
X0.142 Y-0.0112 Z0.2114
X0.1363 Y-0.0153 Z0.211
X0.1305 Y-0.0196 Z0.2108
X0.1255 Y-0.0234
X0.1206 Y-0.0273 Z0.2112
X0.1157 Y-0.0313 Z0.212
X0.1109 Y-0.0352 Z0.213
X0.1062 Y-0.0391 Z0.2144
X0.1016 Y-0.0432 Z0.2161
X0.0972 Y-0.0471 Z0.2181
X0.0928 Y-0.0511 Z0.2205
X0.089 Y-0.0545 Z0.223
X0.0872 Y-0.0561 Z0.2244
X0.0854 Y-0.0577 Z0.226
X0.0821 Y-0.0608 Z0.2294
X0.0806 Y-0.0623 Z0.2313
X0.0791 Y-0.0637 Z0.2333
X0.0778 Y-0.065 Z0.2353
X0.0766 Y-0.0661 Z0.2374
X0.0756 Y-0.0672 Z0.2397
X0.0747 Y-0.0682 Z0.2421
X0.0739 Y-0.069 Z0.2445
X0.0733 Y-0.0696 Z0.2471
X0.0729 Y-0.07 Z0.2497
X0.0728 Y-0.0701 Z0.251
X0.0727 Y-0.0702 Z0.2524
X0.0721 Y-0.0708 Z0.3057
X0.0717 Y-0.0712 Z0.3121
X0.071 Y-0.0719 Z0.3143
X0.0695 Y-0.0735 Z0.3168
X0.0678 Y-0.0752 Z0.3182
X0.0641 Y-0.0789 Z0.3192
X0.0584 Y-0.0848 Z0.3204
X0.0455 Y-0.0994 Z0.3223
X0.0432 Y-0.102 Z0.322
X0.0415 Y-0.104 Z0.3209
X0.0402 Y-0.1054 Z0.3193
X0.0393 Y-0.1064 Z0.3178
X0.0388 Y-0.107 Z0.3161
X0.0385 Y-0.1074 Z0.3147
X0.0383 Y-0.1075 Z0.3135
X0.0382 Y-0.1077 Z0.2915
X0.038 Y-0.1079 Z0.2593
G0 Z0.9371
X-0.02 Y-0.2207
Z0.6893
G1 Z0.5073 F200.
X-0.0201 Y-0.221 Z0.5041 F30.
X-0.0203 Y-0.2218 Z0.501
X-0.0206 Y-0.2231 Z0.4981
X-0.021 Y-0.2249 Z0.4954
X-0.0216 Y-0.2271 Z0.4931
X-0.0222 Y-0.2296 Z0.4912
X-0.0229 Y-0.2324 Z0.4898
X-0.0236 Y-0.2354 Z0.4889
X-0.0244 Y-0.2386 Z0.4886
X-0.0251 Y-0.2417 Z0.4888
X-0.0259 Y-0.2447 Z0.4896
X-0.0266 Y-0.2476 Z0.4908
X-0.0272 Y-0.2502 Z0.4926
X-0.0278 Y-0.2525 Z0.4948
X-0.0292 Y-0.2584 Z0.5016
X-0.0306 Y-0.2641 Z0.5076
X-0.0316 Y-0.2679 Z0.5115
X-0.0325 Y-0.2718 Z0.5152
X-0.0344 Y-0.2795 Z0.5222
X-0.0361 Y-0.2872 Z0.5287
X-0.037 Y-0.2914 Z0.5319
Y-0.2915 Z0.5322
X-0.0329 Y-0.2795
X-0.027 Y-0.2641 Z0.532
X-0.0207 Y-0.2487 Z0.5318
X-0.0137 Y-0.2332 Z0.5316
X-0.0061 Y-0.2177 Z0.5315
X-0.0021 Y-0.2101 Z0.5313
X-0.0022 Z0.5308
X-0.0071 Y-0.2178 Z0.5254
X-0.0117 Y-0.2255 Z0.5197
X-0.0138 Y-0.229 Z0.517
X-0.0164 Y-0.2332 Z0.5134
X-0.0187 Y-0.2371 Z0.51
X-0.0209 Y-0.2409 Z0.5066
X-0.0256 Y-0.2487 Z0.4989
X-0.0278 Y-0.2525 Z0.4948
X-0.0291 Y-0.2548 Z0.4928
X-0.0306 Y-0.2574 Z0.4913
X-0.0322 Y-0.2601 Z0.4903
X-0.0338 Y-0.263 Z0.4899
X-0.0355 Y-0.2659 Z0.4901
X-0.0371 Y-0.2687 Z0.4909
X-0.0386 Y-0.2713 Z0.4922
X-0.04 Y-0.2737 Z0.4941
X-0.0412 Y-0.2758 Z0.4964
X-0.0422 Y-0.2775 Z0.4991
X-0.0429 Y-0.2787 Z0.5021
X-0.0434 Y-0.2795 Z0.5053
X-0.0435 Y-0.2797 Z0.5087
G0 Z0.9371
X-0.0188 Y-0.1795
Z0.6723
G1 Z0.2668 F200.
X-0.0189 Y-0.1798 Z0.2637 F30.
X-0.0191 Y-0.1805 Z0.2606
X-0.0195 Y-0.1818 Z0.2577
X-0.0201 Y-0.1834 Z0.2551
X-0.0207 Y-0.1855 Z0.2528
X-0.0215 Y-0.1879 Z0.2509
X-0.0224 Y-0.1906 Z0.2495
X-0.0233 Y-0.1935 Z0.2485
X-0.0243 Y-0.1964 Z0.2481
X-0.0252 Y-0.1994 Z0.2482
X-0.0262 Y-0.2024 Z0.2488
X-0.0271 Y-0.2052 Z0.25
X-0.0277 Y-0.2062 Z0.2505
X-0.0292 Y-0.2092 Z0.2511
X-0.0297 Y-0.2101 Z0.251
X-0.0307 Y-0.212 Z0.2506
X-0.0314 Y-0.2132 Z0.25
X-0.0349 Y-0.2201 Z0.2463
X-0.0384 Y-0.2271 Z0.2429
X-0.0418 Y-0.2342 Z0.2396
X-0.045 Y-0.2415 Z0.2365
X-0.0482 Y-0.2489 Z0.2336
X-0.0513 Y-0.2563 Z0.2309
X-0.0543 Y-0.2639 Z0.2284
X-0.0573 Y-0.2716 Z0.2261
X-0.0601 Y-0.2794 Z0.224
X-0.0628 Y-0.2873 Z0.2221
X-0.0655 Y-0.2953 Z0.2204
X-0.068 Y-0.3033 Z0.2188
X-0.0693 Y-0.3073 Z0.2181
X-0.0706 Y-0.3113 Z0.2175
X-0.0728 Y-0.3195 Z0.2164
X-0.075 Y-0.3277 Z0.2154
X-0.0771 Y-0.336 Z0.2147
X-0.0788 Y-0.3426 Z0.2144
X-0.0802 Y-0.3494 Z0.2145
X-0.0817 Y-0.3561 Z0.215
X-0.083 Y-0.3627 Z0.2159
X-0.0843 Y-0.3694 Z0.2171
X-0.0855 Y-0.3759 Z0.2187
X-0.0865 Y-0.3824 Z0.2207
X-0.0874 Y-0.3888 Z0.223
X-0.0882 Y-0.3944 Z0.2256
X-0.0886 Y-0.3971 Z0.227
X-0.089 Y-0.3997 Z0.2286
X-0.0897 Y-0.4046 Z0.2322
X-0.09 Y-0.407 Z0.2342
X-0.0902 Y-0.4092 Z0.2363
X-0.0904 Y-0.4112 Z0.2384
X-0.0906 Y-0.413 Z0.2407
X-0.0908 Y-0.4147 Z0.2431
X-0.0909 Y-0.4162 Z0.2456
X-0.091 Y-0.4174 Z0.2482
Y-0.4184 Z0.251
Y-0.4187 Z0.2524
X-0.0911 Y-0.419 Z0.2538
Y-0.4191 Z0.2552
Y-0.4192 Z0.2566
Y-0.4197 Z0.3332
X-0.0912 Y-0.4199 Z0.3347
Y-0.4204 Z0.3363
X-0.0914 Y-0.4223 Z0.3395
X-0.0917 Y-0.4261 Z0.3421
X-0.092 Y-0.43 Z0.3427
X-0.0928 Y-0.4397
X-0.0931 Y-0.4493 Z0.3425
X-0.0934 Y-0.457 Z0.3423
X-0.0938 Y-0.4724 Z0.3425
X-0.0936 Y-0.4802
X-0.0929 Y-0.5033 Z0.3424
X-0.0924 Y-0.511
X-0.0904 Y-0.5342 Z0.342
X-0.0895 Y-0.5419 Z0.3419
X-0.0861 Y-0.5651 Z0.3414
X-0.0849 Y-0.5728 Z0.3412
X-0.0801 Y-0.5959 Z0.3407
X-0.0785 Y-0.6036 Z0.3405
X-0.0703 Y-0.6345 Z0.3392
X-0.0653 Y-0.6499 Z0.3384
X-0.0601 Y-0.6656 Z0.3376
X-0.0511 Y-0.6885 Z0.3361
X-0.0481 Y-0.6962 Z0.3356
X-0.0352 Y-0.7242 Z0.334
X-0.0338 Y-0.7271 Z0.3332
X-0.0328 Y-0.729 Z0.332
X-0.0317 Y-0.731 Z0.3297
X-0.0312 Y-0.7319 Z0.3277
X-0.031 Y-0.7324 Z0.3258
X-0.0309 Y-0.7325 Z0.3246
X-0.0306 Y-0.7332 Z0.321
X-0.03 Y-0.7343 Z0.3175
X-0.0292 Y-0.736 Z0.3142
X-0.0281 Y-0.738 Z0.3113
X-0.0269 Y-0.7405 Z0.3088
X-0.0255 Y-0.7433 Z0.3067
X-0.0239 Y-0.7463 Z0.3052
X-0.0223 Y-0.7495 Z0.3043
X-0.0206 Y-0.7528 Z0.3039
X-0.0189 Y-0.7561 Z0.3041
X-0.0172 Y-0.7594 Z0.3049
X-0.0157 Y-0.7625 Z0.3063
X-0.0142 Y-0.7653 Z0.3082
X-0.0129 Y-0.7679 Z0.3106
X-0.0118 Y-0.7701 Z0.3134
X-0.0109 Y-0.7718 Z0.3165
X-0.0103 Y-0.7731 Z0.32
X-0.0099 Y-0.7739 Z0.3236
X-0.0097 Y-0.7742 Z0.3273
Z0.5706
Y-0.7739 Z0.5741
X-0.0095 Y-0.773 Z0.5775
X-0.0092 Y-0.7717 Z0.5807
X-0.0088 Y-0.7698 Z0.5836
X-0.0083 Y-0.7675 Z0.5862
X-0.0077 Y-0.7647 Z0.5884
X-0.0071 Y-0.7617 Z0.5901
X-0.0064 Y-0.7585 Z0.5912
X-0.0057 Y-0.7551 Z0.5918
X-0.0049 Y-0.7516
X-0.0042 Y-0.7482 Z0.5912
X-0.0035 Y-0.745 Z0.5901
X-0.0029 Y-0.742 Z0.5884
X-0.0023 Y-0.7393 Z0.5862
X-0.0018 Y-0.7369 Z0.5836
X-0.0014 Y-0.735 Z0.5807
X-0.0011 Y-0.7337 Z0.5775
X-0.0009 Y-0.7328 Z0.5741
Y-0.7325 Z0.5706
X-0.0007 Y-0.7328 Z0.5669
X-0.0003 Y-0.7336 Z0.5632
X0.0004 Y-0.7348 Z0.5598
X0.0013 Y-0.7366 Z0.5567
X0.0025 Y-0.7387 Z0.5538
X0.0038 Y-0.7412 Z0.5515
X0.0054 Y-0.744 Z0.5496
X0.007 Y-0.7471 Z0.5482
X0.0087 Y-0.7503 Z0.5474
X0.0093 Y-0.7514 Z0.5472
X0.0131 Y-0.758
X0.0178 Y-0.7657 Z0.5474
X0.0226 Y-0.7734 Z0.5472
X0.0275 Y-0.7811 Z0.5469
X0.0327 Y-0.7889 Z0.5463
X0.0378 Y-0.7966 Z0.5453
X0.0433 Y-0.8043 Z0.5443
X0.0488 Y-0.812 Z0.543
X0.0556 Y-0.8211 Z0.5411
X0.0604 Y-0.8274 Z0.5395
X0.0664 Y-0.8352 Z0.5372
X0.0727 Y-0.8429 Z0.5345
X0.0787 Y-0.8497 Z0.5347
X0.0868 Y-0.8583 Z0.5353
X0.0942 Y-0.866 Z0.5355
X0.1019 Y-0.8737 Z0.5352
X0.1098 Y-0.8815 Z0.5346
X0.1179 Y-0.8892 Z0.5334
X0.1264 Y-0.8969 Z0.5324
X0.1352 Y-0.9046 Z0.531
X0.1444 Y-0.9123 Z0.5288
X0.1481 Y-0.9155 Z0.5278
X0.1538 Y-0.92 Z0.5261
X0.1558 Y-0.9217 Z0.5254
X0.1636 Y-0.9278 Z0.5225
X0.1713 Y-0.9334 Z0.5194
X0.179 Y-0.9391 Z0.5158
X0.1867 Y-0.9449 Z0.5119
X0.1954 Y-0.9509 Z0.5063
X0.2021 Y-0.9555 Z0.5016
X0.2068 Y-0.9586 Z0.498
X0.2098 Y-0.9606 Z0.4956
X0.2137 Y-0.9631 Z0.4924
X0.2188 Y-0.9663 Z0.488
X0.2253 Y-0.9703 Z0.4823
X0.2315 Y-0.9741 Z0.4762
X0.233 Y-0.9749 Z0.4747
X0.2368 Y-0.9773 Z0.4705
X0.2388 Y-0.9784 Z0.4689
X0.2457 Y-0.9818 Z0.4678
X0.2484 Y-0.9831 Z0.4672
X0.2561 Y-0.9867 Z0.467
X0.2594 Y-0.9882 Z0.4673
X0.2715 Y-0.993 Z0.4742
X0.2792 Y-0.996 Z0.4776
X0.287 Y-0.9989 Z0.4807
X0.2971 Y-1.0025 Z0.4843
X0.2976 Y-1.0026 Z0.4865
X0.3024 Y-1.0025 Z0.5196
X0.3046 Y-1.0024 Z0.5358
X0.305 Y-1.0022 Z0.5424
X0.2947 Y-0.9983 Z0.5427
X0.2792 Y-0.9919 Z0.5431
X0.2638 Y-0.985 Z0.5436
X0.2484 Y-0.9776 Z0.544
X0.233 Y-0.9695 Z0.5445
X0.2253 Y-0.9652 Z0.5447
X0.2175 Y-0.9608 Z0.5449
X0.2098 Y-0.9562 Z0.5452
X0.2012 Y-0.9509 Z0.5453
X0.1944 Y-0.9466 Z0.5455
X0.1867 Y-0.9414 Z0.5456
X0.1782 Y-0.9355 Z0.5458
X0.1671 Y-0.9278 Z0.5463
X0.1558 Y-0.9193 Z0.5467
X0.1471 Y-0.9123 Z0.547
X0.1404 Y-0.9069 Z0.5471
X0.1287 Y-0.8969 Z0.5475
X0.1201 Y-0.8892 Z0.5477
X0.1118 Y-0.8815 Z0.548
X0.1019 Y-0.8718 Z0.5482
X0.0942 Y-0.864 Z0.5484
X0.0864 Y-0.8558 Z0.5486
X0.0787 Y-0.8473 Z0.5488
X0.0682 Y-0.8352 Z0.5491
X0.0619 Y-0.8274 Z0.5492
X0.0556 Y-0.8196 Z0.5493
X0.0479 Y-0.8095 Z0.5496
X0.0385 Y-0.7966 Z0.5498
X0.0325 Y-0.7877 Z0.55
X0.028 Y-0.7811 Z0.5501
X0.0231 Y-0.7734 Z0.5502
X0.017 Y-0.7636 Z0.5503
X0.0136 Y-0.758
X0.0092 Y-0.7503 Z0.5504
X0.0049 Y-0.7425 Z0.5507
X0.0008 Y-0.7348 Z0.5509
X0.0007 Z0.5504
X0.0046 Y-0.7425 Z0.549
X0.0087 Y-0.7503 Z0.5474
X0.0103 Y-0.7532 Z0.547
X0.0118 Y-0.7561 Z0.5473
X0.0133 Y-0.7589 Z0.5481
X0.0147 Y-0.7615 Z0.5495
X0.016 Y-0.7639 Z0.5513
X0.0171 Y-0.766 Z0.5536
X0.018 Y-0.7677 Z0.5563
X0.0186 Y-0.7689 Z0.5593
X0.019 Y-0.7697 Z0.5625
X0.0192 Y-0.7699 Z0.5658
G0 Z0.9371
X-0.0113 Y-0.7676
Z0.6779
G1 Z0.2509 F200.
X-0.0112 Y-0.7677 Z0.2555 F30.
X-0.0108 Y-0.7683 Z0.3184
Y-0.7684 Z0.3203
X-0.0107 Y-0.7686 Z0.3218
X-0.0101 Y-0.7696 Z0.3245
X-0.0089 Y-0.7715 Z0.327
X-0.0077 Y-0.7734 Z0.3284
X-0.0061 Y-0.7761 Z0.3292
X-0.0048 Y-0.7782
X-0.0016 Y-0.7834 Z0.3289
X0.0004 Y-0.7863 Z0.3288
X0.0129 Y-0.8043 Z0.3263
X0.0147 Y-0.807 Z0.3258
X0.017 Y-0.8102 Z0.3236
X0.0184 Y-0.812 Z0.3207
X0.0187 Y-0.8125 Z0.3192
X0.0189 Y-0.8127 Z0.3179
X0.019 Y-0.8128 Z0.315
X0.0193 Y-0.8132 Z0.2572
X0.0194 Y-0.8133 Z0.2555
X0.0195 Y-0.8135 Z0.2545
X0.0199 Y-0.814 Z0.2527
X0.0205 Y-0.8148 Z0.2509
X0.021 Y-0.8153 Z0.2498
X0.0215 Y-0.816 Z0.2487
X0.022 Y-0.8167 Z0.2477
X0.0233 Y-0.8183 Z0.2457
X0.0247 Y-0.8201 Z0.244
X0.0261 Y-0.822 Z0.2425
X0.0277 Y-0.8239 Z0.2413
X0.0313 Y-0.8285 Z0.239
X0.0331 Y-0.8309 Z0.2381
X0.035 Y-0.8333 Z0.2373
X0.039 Y-0.8381 Z0.2362
X0.0431 Y-0.8428 Z0.2355
X0.0471 Y-0.8474 Z0.2354
X0.0491 Y-0.8497 Z0.2355
X0.0511 Y-0.852 Z0.2357
X0.0551 Y-0.8565 Z0.2367
X0.057 Y-0.8587 Z0.2373
X0.059 Y-0.8608 Z0.2382
X0.0607 Y-0.8626 Z0.2391
X0.0624 Y-0.8643 Z0.2403
X0.064 Y-0.866 Z0.2417
X0.0655 Y-0.8675 Z0.2434
X0.0661 Y-0.8681 Z0.2442
X0.0667 Y-0.8687 Z0.2452
X0.0673 Y-0.8693 Z0.2462
X0.068 Y-0.87 Z0.2478
X0.0685 Y-0.8705 Z0.2495
X0.0687 Y-0.8707 Z0.2507
X0.0688 Y-0.8708 Z0.2519
X0.0694 Y-0.8713 Z0.3081
X0.0696 Y-0.8715 Z0.3093
X0.0698 Y-0.8718 Z0.3107
X0.0703 Y-0.8722 Z0.312
X0.071 Y-0.873 Z0.3135
X0.0718 Y-0.8737 Z0.3146
X0.0734 Y-0.8754 Z0.3161
X0.0753 Y-0.8773 Z0.317
X0.0787 Y-0.8808 Z0.3169
X0.0825 Y-0.8845 Z0.3164
X0.0877 Y-0.8892 Z0.3155
X0.0934 Y-0.8944 Z0.3148
X0.0992 Y-0.8995 Z0.3142
X0.1019 Y-0.9019 Z0.3137
X0.1048 Y-0.9046 Z0.3111
X0.1061 Y-0.9057 Z0.3088
X0.1068 Y-0.9063 Z0.3066
X0.1069 Y-0.9064 Z0.3054
X0.1071 Y-0.9066 Z0.2962
X0.1077 Y-0.907 Z0.2511
X0.108 Y-0.9072 Z0.2478
X0.1086 Y-0.9078 Z0.2447
X0.1097 Y-0.9087 Z0.2417
X0.1112 Y-0.9099 Z0.2391
X0.113 Y-0.9113 Z0.2368
X0.1151 Y-0.913 Z0.235
X0.1174 Y-0.9149 Z0.2336
X0.1198 Y-0.9169 Z0.2328
X0.1224 Y-0.9189 Z0.2325
X0.1249 Y-0.921 Z0.2328
X0.1273 Y-0.9229 Z0.2337
X0.1296 Y-0.9248 Z0.2351
X0.1317 Y-0.9265 Z0.2369
X0.1335 Y-0.9279 Z0.2393
X0.1349 Y-0.9291 Z0.2419
X0.136 Y-0.9299 Z0.2449
X0.1366 Y-0.9305 Z0.248
X0.1369 Y-0.9306 Z0.2513
G0 Z0.9371
X0.2338 Y-0.9744
Z0.6987
G1 Z0.5063 F200.
X0.2341 Y-0.9745 Z0.5031 F30.
X0.2348 Y-0.9749 Z0.5001
X0.2359 Y-0.9754 Z0.4972
X0.2375 Y-0.9762 Z0.4946
X0.2394 Y-0.9772 Z0.4923
X0.2416 Y-0.9783 Z0.4904
X0.2441 Y-0.9795 Z0.489
X0.2468 Y-0.9809 Z0.488
X0.2487 Y-0.9818 Z0.4875
X0.2523 Y-0.9835 Z0.4871
X0.2542 Y-0.9844 Z0.487
X0.2561 Y-0.9853 Z0.4877
X0.2638 Y-0.9885 Z0.4921
X0.2715 Y-0.9917 Z0.4956
X0.2803 Y-0.9951 Z0.4992
X0.2814 Y-0.9952 Z0.5042
X0.2833 Z0.5174
X0.2838 Y-0.9951 Z0.523
X0.2792 Y-0.9932 Z0.5231
X0.2638 Y-0.9864 Z0.5236
X0.2484 Y-0.9791 Z0.524
X0.233 Y-0.9711 Z0.5245
X0.2175 Y-0.9626 Z0.525
X0.2098 Y-0.958 Z0.5252
X0.2021 Y-0.9534 Z0.5254
Z0.5251
X0.2101 Y-0.9586 Z0.5197
X0.2175 Y-0.9635 Z0.5142
X0.2222 Y-0.9663 Z0.5105
X0.2273 Y-0.9695 Z0.5062
X0.235 Y-0.9741 Z0.4995
X0.2407 Y-0.9774 Z0.4941
X0.2457 Y-0.9802 Z0.4892
X0.2468 Y-0.9809 Z0.488
X0.2491 Y-0.9821 Z0.4859
X0.2517 Y-0.9836 Z0.4844
X0.2545 Y-0.9851 Z0.4833
X0.2574 Y-0.9867 Z0.4829
X0.2603 Y-0.9884 Z0.4831
X0.2632 Y-0.9899 Z0.4838
X0.2659 Y-0.9914 Z0.4852
X0.2683 Y-0.9928 Z0.487
X0.2704 Y-0.994 Z0.4893
X0.2721 Y-0.9949 Z0.4921
X0.2734 Y-0.9956 Z0.4951
X0.2742 Y-0.9961 Z0.4983
X0.2744 Y-0.9962 Z0.5016
G0 Z0.9371
X0.2017 Y-0.971
Z0.6866
G1 Z0.25 F200.
X0.2021 Y-0.9712 Z0.2504 F30.
X0.2045 Y-0.9725 Z0.2516
X0.206 Y-0.9733 Z0.2519
X0.2074 Y-0.9741
X0.2098 Y-0.9754 Z0.2513
X0.212 Y-0.9766 Z0.25
X0.2163 Y-0.9788 Z0.2468
X0.2208 Y-0.9811 Z0.2437
X0.2254 Y-0.9833 Z0.2409
X0.2301 Y-0.9856 Z0.2383
X0.2349 Y-0.9878 Z0.236
X0.2399 Y-0.99 Z0.2338
X0.2449 Y-0.9923 Z0.2318
X0.25 Y-0.9944 Z0.23
X0.2553 Y-0.9965 Z0.2283
X0.2605 Y-0.9987 Z0.2269
X0.2659 Y-1.0008 Z0.2256
X0.2713 Y-1.0029 Z0.2245
X0.2767 Y-1.0049 Z0.2235
X0.2822 Y-1.0068 Z0.2228
X0.2877 Y-1.0087 Z0.2221
X0.2933 Y-1.0105 Z0.2216
X0.2979 Y-1.0121 Z0.2214
X0.3025 Y-1.0136 Z0.2215
X0.3071 Y-1.015 Z0.2218
X0.3117 Y-1.0163 Z0.2225
X0.3163 Y-1.0176 Z0.2233
X0.3208 Y-1.0189 Z0.2245
X0.3252 Y-1.02 Z0.2259
X0.3296 Y-1.0212 Z0.2276
X0.3335 Y-1.0222 Z0.2294
X0.3353 Y-1.0227 Z0.2304
X0.3371 Y-1.0232 Z0.2315
X0.3406 Y-1.024 Z0.234
X0.3422 Y-1.0243 Z0.2354
X0.3438 Y-1.0246 Z0.2369
X0.3452 Y-1.0249 Z0.2384
X0.3465 Y-1.0252 Z0.24
X0.3476 Y-1.0255 Z0.2417
X0.3487 Y-1.0257 Z0.2435
X0.3496 Y-1.0259 Z0.2454
X0.3503 Y-1.026 Z0.2473
X0.3507 Y-1.0261 Z0.2493
X0.3509 Z0.2513
X0.3515 Y-1.0263 Z0.2669
X0.3525 Y-1.0265 Z0.2701
X0.3544 Y-1.0269 Z0.2728
X0.3564 Y-1.0273 Z0.2743
X0.3603 Y-1.0281 Z0.2756
X0.3641 Y-1.0289 Z0.2753
X0.3708 Y-1.0302 Z0.2743
X0.3805 Y-1.0317 Z0.2728
X0.3853 Y-1.0324 Z0.2726
X0.3872 Y-1.0326 Z0.2727
X0.3911 Y-1.0332 Z0.2722
X0.3949 Y-1.0338 Z0.2697
X0.3969 Y-1.0341 Z0.2668
X0.3978 Y-1.0342 Z0.2632
X0.3988 Y-1.0344 Z0.2588
X0.3993 Z0.2541
X0.3995 Y-1.0345 Z0.2501
G0 Z1.3371
(SCALLOP6 2)
G0 X1.2174 Y-0.4932
Z1.3371
Z0.8013
G1 Z0.7361 F200.
X1.2175 Y-0.4935 Z0.7329 F30.
X1.2176 Y-0.4944 Z0.7297
X1.2178 Y-0.4957 Z0.7267
X1.2181 Y-0.4976 Z0.7241
X1.2184 Y-0.4998 Z0.7218
X1.2188 Y-0.5025 Z0.7199
X1.2192 Y-0.5054 Z0.7185
X1.2197 Y-0.5085 Z0.7177
X1.2201 Y-0.5118 Z0.7174
X1.2217 Y-0.5227
X1.2254 Y-0.5381 Z0.7172
X1.2274 Y-0.5459 Z0.7173
X1.2296 Y-0.5536
X1.2322 Y-0.5613 Z0.7172
X1.2377 Y-0.5768 Z0.7173
X1.2447 Y-0.5922
X1.2483 Y-0.5999 Z0.7174
X1.2525 Y-0.6077 Z0.7173
X1.2571 Y-0.6154
X1.2588 Y-0.6182
X1.262 Y-0.6231
X1.2673 Y-0.6309
X1.2728 Y-0.6386
X1.2789 Y-0.6463
X1.2821 Y-0.6503
X1.2898 Y-0.6591 Z0.7172
X1.2922 Y-0.6618 Z0.7173
X1.2997 Y-0.6695
X1.3053 Y-0.6751 Z0.7174
X1.3164 Y-0.6849
X1.3262 Y-0.6927
X1.3285 Y-0.6944 Z0.7173
X1.3371 Y-0.7004
X1.3491 Y-0.7081 Z0.7172
X1.3595 Y-0.7143 Z0.7173
X1.3622 Y-0.7159
X1.3672 Y-0.7185
X1.375 Y-0.7223
X1.3827 Y-0.7259
X1.3982 Y-0.7324
X1.4137 Y-0.7375
X1.4192 Y-0.739
X1.4369 Y-0.7434 Z0.7172
X1.4447 Y-0.7449 Z0.7173
X1.4524 Y-0.7462
X1.4568 Y-0.7468 Z0.7172
X1.4679 Y-0.7482 Z0.7173
X1.4756 Y-0.7486 Z0.7172
X1.4911 Y-0.7485 Z0.7169
X1.5066 Y-0.7486
X12.0366 Y-0.7487
X12.052 Z0.717
X12.0675 Y-0.7486 Z0.7172
X12.0753 Y-0.7481 Z0.7173
X12.0875 Y-0.7468
X12.1062 Y-0.7434 Z0.7172
X12.114 Y-0.7416 Z0.7173
X12.1238 Y-0.739
X12.1295 Y-0.7375
X12.1372 Y-0.7351 Z0.7174
X12.145 Y-0.7324 Z0.7173
X12.1527 Y-0.7292
X12.1604 Y-0.7258 Z0.7172
X12.1682 Y-0.7223 Z0.7173
X12.1759 Y-0.7183 Z0.7172
X12.1837 Y-0.7142 Z0.7173
X12.1914 Y-0.7097
X12.1992 Y-0.7048 Z0.7172
X12.2069 Y-0.6998 Z0.7173
X12.2146 Y-0.6944
X12.2224 Y-0.6884 Z0.7174
X12.2266 Y-0.6849 Z0.7173
X12.2301 Y-0.682 Z0.7174
X12.2354 Y-0.6772 Z0.7173
X12.2434 Y-0.6695
X12.2534 Y-0.6591
X12.2578 Y-0.654
X12.2643 Y-0.6463
X12.2688 Y-0.6405 Z0.7172
X12.2766 Y-0.6299 Z0.7173
X12.2843 Y-0.618
X12.286 Y-0.6154
X12.2906 Y-0.6077
X12.2948 Y-0.5999 Z0.7174
X12.2984 Y-0.5922 Z0.7172
X12.302 Y-0.5845 Z0.7173
X12.3054 Y-0.5768
X12.3083 Y-0.569
X12.311 Y-0.5613
X12.3134 Y-0.5536 Z0.7172
X12.3158 Y-0.5459 Z0.7173
X12.3179 Y-0.5381
X12.3197 Y-0.5304 Z0.7174
X12.3214 Y-0.5227
X12.3236 Y-0.5072 Z0.7173
X12.3247 Y-0.4995 Z0.7174
X12.3255 Y-0.484 Z0.7173
X12.3258 Y-0.4763 Z0.7174
Y-0.4686
X12.3255 Y-0.4609 Z0.7173
X12.3247 Y-0.4454 Z0.7174
X12.3225 Y-0.4299 Z0.7173
X12.3214 Y-0.4222 Z0.7174
X12.3197 Y-0.4145
X12.3179 Y-0.4068 Z0.7173
X12.3153 Y-0.3972
X12.3136 Y-0.3913
X12.3109 Y-0.3836 Z0.7172
X12.3054 Y-0.3681 Z0.7173
X12.302 Y-0.3604
X12.2984 Y-0.3527 Z0.7172
X12.2948 Y-0.3449 Z0.7174
X12.2906 Y-0.3372
X12.2861 Y-0.3295 Z0.7173
X12.2812 Y-0.3218
X12.2759 Y-0.314
X12.2688 Y-0.3043
X12.2645 Y-0.2986
X12.258 Y-0.2908
X12.2534 Y-0.2858
X12.2456 Y-0.2776
X12.2379 Y-0.27
X12.2355 Y-0.2677 Z0.7174
X12.2265 Y-0.2599 Z0.7173
X12.2224 Y-0.2564 Z0.7174
X12.2146 Y-0.2505 Z0.7173
X12.2069 Y-0.2451
X12.194 Y-0.2368 Z0.7172
X12.1914 Y-0.2351 Z0.7173
X12.1837 Y-0.2307
X12.1759 Y-0.2266 Z0.7172
X12.1682 Y-0.2226 Z0.7173
X12.1604 Y-0.219 Z0.7172
X12.1527 Y-0.2156 Z0.7173
X12.145 Y-0.2125
X12.1372 Y-0.2098 Z0.7174
X12.1295 Y-0.2074 Z0.7173
X12.1217 Y-0.2053
X12.114 Y-0.2033
X12.1062 Y-0.2015 Z0.7172
X12.0874 Y-0.1981 Z0.7173
X12.0753 Y-0.1968
X12.0675 Y-0.1963 Z0.7172
X12.052 Z0.7169
X12.0288
X1.5144
X1.4989 Y-0.1964 Z0.7168
X1.4911 Z0.7169
X1.4756 Y-0.1963 Z0.7172
X1.4679 Y-0.1967 Z0.7173
X1.4568 Y-0.1981 Z0.7172
X1.4524 Y-0.1987 Z0.7173
X1.4447 Y-0.2
X1.4369 Y-0.2015 Z0.7172
X1.4192 Y-0.2058 Z0.7173
X1.4137 Y-0.2074
X1.406 Y-0.2098 Z0.7174
X1.3982 Y-0.2125 Z0.7173
X1.3955 Y-0.2136 Z0.7174
X1.3905 Y-0.2157 Z0.7173
X1.3827 Y-0.2191 Z0.7172
X1.375 Y-0.2226 Z0.7173
X1.3672 Y-0.2265
X1.3623 Y-0.229
X1.3595 Y-0.2305
X1.3518 Y-0.2351
X1.344 Y-0.24 Z0.7172
X1.3363 Y-0.2451 Z0.7173
X1.3285 Y-0.2505
X1.3262 Y-0.2522 Z0.7174
X1.3164 Y-0.2599
X1.3076 Y-0.2677
X1.2998 Y-0.2754 Z0.7173
X1.2976 Y-0.2776
X1.2898 Y-0.2858
X1.2852 Y-0.2908
X1.2788 Y-0.2986
X1.2743 Y-0.3043
X1.2728 Y-0.3063
X1.2666 Y-0.3151 Z0.7172
X1.262 Y-0.3218 Z0.7173
X1.2571 Y-0.3295
X1.2525 Y-0.3372
X1.2483 Y-0.3449 Z0.7174
X1.2447 Y-0.3527 Z0.7172
X1.2412 Y-0.3604 Z0.7173
X1.2378 Y-0.3681
X1.2322 Y-0.3836 Z0.7172
X1.2296 Y-0.3913 Z0.7173
X1.2274 Y-0.399
X1.2254 Y-0.4068 Z0.7172
X1.2217 Y-0.4222 Z0.7174
X1.2195 Y-0.4377
X1.2185 Y-0.4454
X1.2176 Y-0.4609 Z0.7173
X1.2173 Y-0.4686 Z0.7174
Y-0.4763
X1.2176 Y-0.484 Z0.7173
X1.2185 Y-0.4995 Z0.7174
X1.2201 Y-0.5118
X1.2212 Y-0.5172 Z0.7173
X1.2219 Y-0.5199 Z0.7171
X1.2227 Y-0.5225 Z0.717
X1.2247 Y-0.5277 Z0.7166
X1.2269 Y-0.5327 Z0.716
X1.2295 Y-0.5377 Z0.7154
X1.2322 Y-0.5425 Z0.7146
X1.2352 Y-0.5471 Z0.7138
X1.2383 Y-0.5517 Z0.7128
X1.248 Y-0.5656 Z0.7099
X1.2512 Y-0.5703 Z0.709
X1.2544 Y-0.575 Z0.7083
X1.2573 Y-0.5798 Z0.7078
X1.2602 Y-0.5847 Z0.7074
X1.2627 Y-0.5898
X1.2639 Y-0.5922 Z0.7075
X1.2681 Y-0.5999 Z0.7074
X1.2727 Y-0.6077
X1.2777 Y-0.6154 Z0.7073
X1.2831 Y-0.6231
X1.2887 Y-0.6309
X1.2898 Y-0.6323 Z0.7072
X1.2949 Y-0.6386 Z0.7073
X1.3016 Y-0.6463 Z0.7072
X1.3053 Y-0.6503 Z0.7073
X1.313 Y-0.6583
X1.3165 Y-0.6618 Z0.7074
X1.3251 Y-0.6695
X1.3285 Y-0.6724
X1.3363 Y-0.6785
X1.3451 Y-0.6849
X1.357 Y-0.6927 Z0.7072
X1.3672 Y-0.6988 Z0.7073
X1.3701 Y-0.7004
X1.375 Y-0.703
X1.3827 Y-0.7068
X1.3905 Y-0.7103
X1.4037 Y-0.7159 Z0.7074
X1.406 Y-0.7167 Z0.7073
X1.4137 Y-0.7192 Z0.7074
X1.4214 Y-0.7217 Z0.7073
X1.4369 Y-0.7255 Z0.7072
X1.4447 Y-0.7272 Z0.7073
X1.4524 Y-0.7286
X1.4602 Y-0.7297 Z0.7072
X1.4679 Y-0.7307 Z0.7073
X1.4756 Y-0.7313 Z0.7072
X1.4911 Y-0.7312 Z0.7067
X1.4989 Y-0.7313
X1.5144 Y-0.7314
X12.0366
X12.0443 Y-0.7315 Z0.7068
X12.0598 Y-0.7314 Z0.7071
X12.0675 Y-0.7313 Z0.7072
X12.0753 Y-0.7307 Z0.7073
X12.083 Y-0.7298
X12.0908 Y-0.7286
X12.0985 Y-0.7272
X12.1062 Y-0.7256
X12.1144 Y-0.7236
X12.1217 Y-0.7216
X12.1295 Y-0.7193 Z0.7074
X12.1372 Y-0.7167
X12.1395 Y-0.7159
X12.145 Y-0.7136
X12.1527 Y-0.7103 Z0.7073
X12.1604 Y-0.7068
X12.1682 Y-0.7028 Z0.7072
X12.1728 Y-0.7004
X12.1759 Y-0.6987 Z0.7073
X12.1837 Y-0.6941 Z0.7072
X12.186 Y-0.6927
X12.1979 Y-0.6849 Z0.7073
X12.2069 Y-0.6784 Z0.7074
X12.2085 Y-0.6772
X12.2146 Y-0.6723
X12.218 Y-0.6695
X12.2224 Y-0.6656
X12.2301 Y-0.6582 Z0.7073
X12.2379 Y-0.6502
X12.2416 Y-0.6463 Z0.7072
X12.2482 Y-0.6386 Z0.7073
X12.2534 Y-0.6322 Z0.7072
X12.2611 Y-0.6217 Z0.7073
X12.2654 Y-0.6154 Z0.7072
X12.2704 Y-0.6077 Z0.7073
X12.275 Y-0.5999 Z0.7074
X12.2793 Y-0.5922 Z0.7075
X12.2829 Y-0.5845 Z0.7073
X12.2864 Y-0.5768
X12.2898 Y-0.569
X12.2926 Y-0.5613
X12.2953 Y-0.5536 Z0.7072
X12.2998 Y-0.5386 Z0.7073
X12.3019 Y-0.5304 Z0.7074
X12.3036 Y-0.5227
X12.305 Y-0.5149
X12.3072 Y-0.4995
X12.3076 Y-0.495
X12.3082 Y-0.484 Z0.7073
X12.3085 Y-0.4763 Z0.7074
Y-0.4686
X12.3082 Y-0.4609 Z0.7073
X12.3076 Y-0.4497 Z0.7074
X12.3072 Y-0.4454
X12.305 Y-0.4299
X12.3036 Y-0.4222
X12.3019 Y-0.4145
X12.2998 Y-0.4062 Z0.7073
X12.2978 Y-0.399
X12.2953 Y-0.3913 Z0.7072
X12.2898 Y-0.3758 Z0.7073
X12.2864 Y-0.3681
X12.2829 Y-0.3604
X12.2793 Y-0.3527 Z0.7075
X12.2751 Y-0.3449 Z0.7074
X12.2704 Y-0.3372
X12.2655 Y-0.3295 Z0.7073
X12.2601 Y-0.3218
X12.2545 Y-0.314
X12.2534 Y-0.3125
X12.2483 Y-0.3063 Z0.7074
X12.2456 Y-0.3031
X12.2416 Y-0.2986 Z0.7073
X12.2343 Y-0.2908
X12.2301 Y-0.2867
X12.2265 Y-0.2831 Z0.7074
X12.2224 Y-0.2792
X12.2146 Y-0.2726 Z0.7073
X12.2085 Y-0.2677 Z0.7074
X12.1992 Y-0.2608 Z0.7073
X12.1979 Y-0.2599
X12.186 Y-0.2522 Z0.7072
X12.1837 Y-0.2507
X12.1759 Y-0.2462 Z0.7073
X12.1728 Y-0.2445 Z0.7072
X12.1682 Y-0.242
X12.1604 Y-0.2381 Z0.7073
X12.1527 Y-0.2346
X12.145 Y-0.2312 Z0.7074
X12.1395 Y-0.229
X12.1372 Y-0.2282
X12.1295 Y-0.2256
X12.1217 Y-0.2232 Z0.7073
X12.114 Y-0.2212
X12.1062 Y-0.2193
X12.0985 Y-0.2177
X12.0908 Y-0.2163
X12.083 Y-0.2151
X12.0753 Y-0.2142
X12.0673 Y-0.2136 Z0.7072
X12.052 Y-0.2135 Z0.7068
X12.0443 Z0.7067
X1.5144
X1.4989 Y-0.2136 Z0.7066
X1.4911 Y-0.2137 Z0.7067
X1.4756 Y-0.2136 Z0.7072
X1.4679 Y-0.2142 Z0.7073
X1.4602 Y-0.2152 Z0.7072
X1.4524 Y-0.2163 Z0.7073
X1.4447 Y-0.2177
X1.4369 Y-0.2194 Z0.7072
X1.4214 Y-0.2232 Z0.7073
X1.4137 Y-0.2255 Z0.7074
X1.406 Y-0.2282
X1.4036 Y-0.229
X1.3982 Y-0.2312
X1.3905 Y-0.2346 Z0.7072
X1.3827 Y-0.2381 Z0.7073
X1.375 Y-0.242
X1.3701 Y-0.2445
X1.3672 Y-0.2461
X1.3595 Y-0.2507 Z0.7072
X1.3571 Y-0.2522
X1.3518 Y-0.2556 Z0.7073
X1.344 Y-0.2608
X1.3363 Y-0.2664 Z0.7074
X1.3285 Y-0.2724
X1.3251 Y-0.2754
X1.3208 Y-0.2792 Z0.7075
X1.3166 Y-0.2831 Z0.7074
X1.313 Y-0.2867 Z0.7073
X1.3089 Y-0.2908
X1.3016 Y-0.2986
X1.2976 Y-0.3031 Z0.7074
X1.2898 Y-0.3126 Z0.7073
X1.2887 Y-0.314
X1.2821 Y-0.3232
X1.2777 Y-0.3295
X1.2727 Y-0.3372 Z0.7074
X1.2681 Y-0.3449
X1.2639 Y-0.3527 Z0.7075
X1.2602 Y-0.3604 Z0.7073
X1.2567 Y-0.3681
X1.2534 Y-0.3758
X1.2478 Y-0.3913 Z0.7072
X1.2454 Y-0.399 Z0.7073
X1.2433 Y-0.4068
X1.2414 Y-0.4145
X1.2396 Y-0.4222 Z0.7074
X1.2381 Y-0.4299
X1.236 Y-0.4454
X1.2356 Y-0.4497
X1.235 Y-0.4609 Z0.7073
X1.2347 Y-0.4686 Z0.7074
Y-0.4763
X1.235 Y-0.484 Z0.7073
X1.2356 Y-0.495 Z0.7074
X1.236 Y-0.4995
X1.2381 Y-0.5149
X1.2396 Y-0.5227
X1.2414 Y-0.5304 Z0.7073
X1.2434 Y-0.5385
X1.2454 Y-0.5459
X1.2478 Y-0.5536 Z0.7072
X1.2533 Y-0.569 Z0.7073
X1.2567 Y-0.5768
X1.2602 Y-0.5845
X1.2627 Y-0.5898 Z0.7074
X1.2653 Y-0.5947
X1.2668 Y-0.597 Z0.7072
X1.2684 Y-0.5993 Z0.7071
X1.2718 Y-0.6036 Z0.7065
X1.2755 Y-0.6077 Z0.7058
X1.2794 Y-0.6116 Z0.7049
X1.2835 Y-0.6153 Z0.7039
X1.2878 Y-0.6188 Z0.7029
X1.2921 Y-0.6221 Z0.7018
X1.3013 Y-0.6288 Z0.6996
X1.3059 Y-0.6321 Z0.6986
X1.3105 Y-0.6354 Z0.6977
X1.315 Y-0.6388 Z0.6969
X1.3194 Y-0.6424 Z0.6964
X1.3238 Y-0.6461 Z0.696
X1.3279 Y-0.65 Z0.6959
X1.3323 Y-0.654
X1.3363 Y-0.6575
X1.3414 Y-0.6618
X1.344 Y-0.6638
X1.3518 Y-0.6696
X1.3595 Y-0.6748 Z0.6958
X1.3672 Y-0.6797
X1.376 Y-0.6849
X1.3827 Y-0.6885
X1.3912 Y-0.6927
X1.3982 Y-0.6959
X1.4092 Y-0.7004 Z0.6959
X1.4137 Y-0.702
X1.4214 Y-0.7045 Z0.6958
X1.4292 Y-0.7068
X1.4369 Y-0.7087 Z0.6957
X1.4447 Y-0.7105 Z0.6958
X1.4524 Y-0.712
X1.4602 Y-0.7132
X1.4679 Y-0.7142
X1.4756 Y-0.7148 Z0.6957
X1.4834 Y-0.7149 Z0.6954
X1.4911 Z0.6952
X1.5066 Y-0.715
X12.0366 Y-0.7151 Z0.6953
X12.052 Z0.6954
X12.0598 Z0.6955
X12.0675 Y-0.7149 Z0.6957
X12.0753 Y-0.7143 Z0.6958
X12.083 Y-0.7133
X12.0908 Y-0.712 Z0.6957
X12.0985 Y-0.7105 Z0.6958
X12.1062 Y-0.7088
X12.114 Y-0.7068
X12.1217 Y-0.7046 Z0.6959
X12.1295 Y-0.702
X12.1341 Y-0.7004
X12.145 Y-0.6958 Z0.6958
X12.1527 Y-0.6923
X12.1604 Y-0.6884 Z0.6957
X12.1682 Y-0.6843
X12.1759 Y-0.6797
X12.1837 Y-0.6747
X12.1914 Y-0.6695 Z0.6958
X12.1992 Y-0.6638 Z0.6959
X12.2069 Y-0.6574
X12.2107 Y-0.654
X12.2146 Y-0.6504 Z0.6958
X12.2189 Y-0.6463
X12.2264 Y-0.6386
X12.2301 Y-0.6345
X12.2333 Y-0.6309
X12.2396 Y-0.6231
X12.2456 Y-0.6152 Z0.6957
X12.2509 Y-0.6077
X12.2559 Y-0.5999 Z0.6958
X12.2611 Y-0.5913 Z0.6959
X12.2648 Y-0.5845
X12.2688 Y-0.5759 Z0.6958
X12.272 Y-0.569
X12.2752 Y-0.5613
X12.2766 Y-0.5577
X12.278 Y-0.5536
X12.2806 Y-0.5459 Z0.6957
X12.2829 Y-0.5381 Z0.6958
X12.285 Y-0.5304
X12.2869 Y-0.5227 Z0.6959
X12.2884 Y-0.5149
X12.2896 Y-0.5072
X12.2907 Y-0.4995
X12.2914 Y-0.4918
X12.2918 Y-0.484 Z0.6958
X12.2921 Y-0.4763 Z0.6959
Y-0.4677
X12.2918 Y-0.4609 Z0.6958
X12.2914 Y-0.4531 Z0.6959
X12.2907 Y-0.4454
X12.2896 Y-0.4377
X12.2884 Y-0.4299
X12.2869 Y-0.4222
X12.285 Y-0.4145 Z0.6958
X12.283 Y-0.4068
X12.2806 Y-0.399
X12.278 Y-0.3913 Z0.6957
X12.2752 Y-0.3836 Z0.6958
X12.272 Y-0.3758
X12.2685 Y-0.3681
X12.2648 Y-0.3604 Z0.6959
X12.2606 Y-0.3527
X12.256 Y-0.3449
X12.251 Y-0.3372 Z0.6958
X12.2455 Y-0.3295
X12.2398 Y-0.3218
X12.2335 Y-0.314 Z0.6959
X12.2264 Y-0.3063 Z0.6958
X12.2224 Y-0.3021
X12.2146 Y-0.2944 Z0.6959
X12.2108 Y-0.2908
X12.2069 Y-0.2875
X12.1992 Y-0.2811
X12.1914 Y-0.2754 Z0.6958
X12.1837 Y-0.2701 Z0.6957
X12.1759 Y-0.2652
X12.1682 Y-0.2606
X12.1604 Y-0.2565
X12.152 Y-0.2522 Z0.6958
X12.145 Y-0.249
X12.1372 Y-0.2457 Z0.6959
X12.1341 Y-0.2445
X12.1295 Y-0.2429
X12.1217 Y-0.2403
X12.114 Y-0.2381 Z0.6958
X12.1062 Y-0.2361
X12.0985 Y-0.2344
X12.0908 Y-0.2329 Z0.6957
X12.083 Y-0.2316 Z0.6958
X12.0753 Y-0.2306
X12.0675 Y-0.23 Z0.6957
X12.0598 Y-0.2299 Z0.6955
X12.052 Z0.6953
X12.0366 Z0.6952
X1.5144 Z0.6953
X1.4989 Y-0.23 Z0.6952
X1.4911
X1.4834 Z0.6954
X1.4756 Y-0.2301 Z0.6957
X1.4679 Y-0.2307 Z0.6958
X1.4602 Y-0.2317
X1.4524 Y-0.2329
X1.4447 Y-0.2344
X1.4369 Y-0.2362 Z0.6957
X1.4292 Y-0.2381 Z0.6958
X1.4214 Y-0.2403 Z0.6959
X1.4137 Y-0.2428
X1.4091 Y-0.2445
X1.406 Y-0.2457
X1.3982 Y-0.2491 Z0.6957
X1.3905 Y-0.2525 Z0.6958
X1.3827 Y-0.2564
X1.375 Y-0.2605
X1.3672 Y-0.2652
X1.3595 Y-0.2701 Z0.6957
X1.3517 Y-0.2754 Z0.6958
X1.344 Y-0.2811 Z0.6959
X1.3363 Y-0.2873
X1.3323 Y-0.2908 Z0.696
X1.3285 Y-0.2944 Z0.6959
X1.3208 Y-0.3021 Z0.6958
X1.3167 Y-0.3063
X1.3097 Y-0.314
X1.3035 Y-0.3218
X1.2976 Y-0.3296
X1.2922 Y-0.3372
X1.2898 Y-0.3408
X1.2872 Y-0.3449 Z0.6959
X1.2821 Y-0.3535
X1.2783 Y-0.3604
X1.2743 Y-0.369 Z0.6958
X1.2712 Y-0.3758 Z0.6957
X1.268 Y-0.3836 Z0.6958
X1.2652 Y-0.3913 Z0.6957
X1.2626 Y-0.399 Z0.6958
X1.2602 Y-0.4068
X1.2582 Y-0.4145 Z0.6957
X1.2564 Y-0.4222 Z0.6958
X1.2547 Y-0.4299 Z0.6959
X1.2535 Y-0.4377
X1.2525 Y-0.4454
X1.2518 Y-0.4531
X1.2514 Y-0.4609 Z0.6958
X1.2511 Y-0.4686 Z0.6959
Y-0.4772
X1.2514 Y-0.484 Z0.6958
X1.2518 Y-0.4918 Z0.6959
X1.2525 Y-0.4995
X1.2535 Y-0.5072
X1.2547 Y-0.5149
X1.2564 Y-0.5227 Z0.6958
X1.2582 Y-0.5304 Z0.6957
X1.2602 Y-0.5381 Z0.6958
X1.2625 Y-0.5459
X1.2652 Y-0.5536 Z0.6957
X1.268 Y-0.5613 Z0.6958
X1.2711 Y-0.569
X1.2747 Y-0.5768
X1.2783 Y-0.5845 Z0.6959
X1.2825 Y-0.5922
X1.2872 Y-0.5999
X1.2922 Y-0.6077 Z0.6958
X1.2977 Y-0.6154
X1.3035 Y-0.6231
X1.3053 Y-0.6254
X1.3098 Y-0.6309
X1.3167 Y-0.6386
X1.3208 Y-0.6429
X1.3279 Y-0.65 Z0.6959
X1.332 Y-0.6537
X1.3342 Y-0.6553 Z0.6957
X1.3365 Y-0.6569 Z0.6955
X1.3412 Y-0.6598 Z0.695
X1.3461 Y-0.6623 Z0.6944
X1.3512 Y-0.6646 Z0.6936
X1.3564 Y-0.6665 Z0.6927
X1.3616 Y-0.6683 Z0.6917
X1.3669 Y-0.6699 Z0.6907
X1.3779 Y-0.6727 Z0.6888
X1.3834 Y-0.6741 Z0.6878
X1.3889 Y-0.6755 Z0.687
X1.3944 Y-0.677 Z0.6863
X1.3999 Y-0.6787 Z0.6858
X1.4053 Y-0.6805 Z0.6855
X1.4107 Y-0.6826 Z0.6854
X1.4166 Y-0.6849
X1.4214 Y-0.6866
X1.4292 Y-0.689
X1.4369 Y-0.6911
X1.4447 Y-0.693 Z0.6853
X1.4524 Y-0.6946
X1.4602 Y-0.6959
X1.4679 Y-0.697
X1.4756 Y-0.6977
X1.4834 Y-0.6978 Z0.685
X1.4911 Y-0.6977 Z0.6849
X1.5066 Y-0.6979
X12.0366
X12.052 Y-0.698 Z0.685
X12.0598 Z0.6851
X12.0675 Y-0.6977 Z0.6853
X12.0753 Y-0.6971 Z0.6854
X12.083 Y-0.696
X12.0908 Y-0.6946 Z0.6853
X12.1001 Y-0.6927
X12.1062 Y-0.6912 Z0.6854
X12.114 Y-0.6891
X12.1217 Y-0.6866
X12.1267 Y-0.6849
X12.1295 Y-0.6839
X12.1372 Y-0.6806
X12.145 Y-0.6771
X12.1527 Y-0.6732 Z0.6853
X12.1604 Y-0.669
X12.1682 Y-0.6644
X12.1723 Y-0.6618
X12.1759 Y-0.6594
X12.1837 Y-0.654 Z0.6854
X12.1914 Y-0.6481
X12.1936 Y-0.6463
X12.1992 Y-0.6415 Z0.6855
X12.2023 Y-0.6386 Z0.6854
X12.2069 Y-0.6341
X12.2102 Y-0.6309
X12.2146 Y-0.6261
X12.2174 Y-0.6231
X12.2224 Y-0.6173 Z0.6853
X12.2239 Y-0.6154
X12.2301 Y-0.6074
X12.2354 Y-0.5999
X12.2379 Y-0.5964
X12.2406 Y-0.5922 Z0.6854
X12.2456 Y-0.584
X12.2496 Y-0.5768 Z0.6855
X12.2534 Y-0.5687 Z0.6854
X12.2567 Y-0.5613
X12.2599 Y-0.5536
X12.2611 Y-0.5503 Z0.6853
X12.2651 Y-0.5381
X12.2674 Y-0.5304 Z0.6854
X12.2688 Y-0.5248
X12.271 Y-0.5149
X12.2723 Y-0.5072
X12.2735 Y-0.4995
X12.2742 Y-0.4918 Z0.6855
X12.2747 Y-0.484 Z0.6854
X12.275 Y-0.4763 Z0.6855
Y-0.4686
X12.2747 Y-0.4609 Z0.6854
X12.2742 Y-0.4531 Z0.6855
X12.2735 Y-0.4454 Z0.6854
X12.2723 Y-0.4377
X12.271 Y-0.4299
X12.2688 Y-0.4201
X12.2674 Y-0.4145
X12.2651 Y-0.4068 Z0.6853
X12.2611 Y-0.3948
X12.2598 Y-0.3913 Z0.6854
X12.2567 Y-0.3836 Z0.6853
X12.2532 Y-0.3758 Z0.6854
X12.2496 Y-0.3681 Z0.6855
X12.2454 Y-0.3604 Z0.6854
X12.2407 Y-0.3527
X12.2379 Y-0.3483
X12.2355 Y-0.3449
X12.23 Y-0.3372 Z0.6853
X12.2241 Y-0.3295 Z0.6854
X12.2224 Y-0.3274
X12.2175 Y-0.3218
X12.2146 Y-0.3187
X12.2102 Y-0.314
X12.2024 Y-0.3063
X12.1992 Y-0.3033 Z0.6855
X12.1936 Y-0.2986 Z0.6854
X12.1914 Y-0.2968
X12.1837 Y-0.2908
X12.1759 Y-0.2855 Z0.6853
X12.1723 Y-0.2831
X12.1682 Y-0.2805
X12.1596 Y-0.2754
X12.1527 Y-0.2717
X12.1447 Y-0.2677 Z0.6854
X12.1372 Y-0.2643
X12.1295 Y-0.261 Z0.6855
X12.1267 Y-0.2599 Z0.6854
X12.1217 Y-0.2583
X12.114 Y-0.2558
X12.1062 Y-0.2537
X12.0985 Y-0.2519 Z0.6853
X12.0908 Y-0.2503
X12.083 Y-0.2489 Z0.6854
X12.0753 Y-0.2478 Z0.6853
X12.0675 Y-0.2472
X12.0598 Y-0.247 Z0.6851
X12.052 Z0.6849
X12.0288
X1.5144
X1.4989 Y-0.2471 Z0.6848
X1.4911 Z0.6849
X1.4834 Z0.685
X1.4756 Y-0.2472 Z0.6853
X1.4679 Y-0.2479
X1.4602 Y-0.249
X1.4524 Y-0.2503
X1.4434 Y-0.2522
X1.4369 Y-0.2538 Z0.6854
X1.4292 Y-0.2558
X1.4214 Y-0.2582
X1.4164 Y-0.2599
X1.4137 Y-0.261 Z0.6855
X1.406 Y-0.2643 Z0.6853
X1.3982 Y-0.2678 Z0.6854
X1.3905 Y-0.2716
X1.3827 Y-0.2758
X1.375 Y-0.2805 Z0.6853
X1.3708 Y-0.2831
X1.3672 Y-0.2855 Z0.6854
X1.3595 Y-0.2908
X1.3518 Y-0.2967 Z0.6855
X1.3494 Y-0.2986
X1.344 Y-0.3032
X1.3407 Y-0.3063 Z0.6854
X1.333 Y-0.314
X1.3285 Y-0.3187
X1.3257 Y-0.3218
X1.3208 Y-0.3274
X1.3191 Y-0.3295
X1.313 Y-0.3374 Z0.6853
X1.3077 Y-0.3449 Z0.6854
X1.3053 Y-0.3484 Z0.6853
X1.3025 Y-0.3527 Z0.6854
X1.2976 Y-0.3608
X1.2935 Y-0.3681 Z0.6855
X1.2898 Y-0.3761 Z0.6854
X1.2865 Y-0.3836 Z0.6853
X1.2834 Y-0.3913 Z0.6854
X1.2821 Y-0.3948 Z0.6853
X1.278 Y-0.4068
X1.2758 Y-0.4145 Z0.6854
X1.2743 Y-0.4204 Z0.6853
X1.2722 Y-0.4299 Z0.6854
X1.2708 Y-0.4377
X1.2697 Y-0.4454
X1.2689 Y-0.4531 Z0.6855
X1.2685 Y-0.4609 Z0.6854
X1.2681 Y-0.4686 Z0.6855
Y-0.4763
X1.2685 Y-0.484 Z0.6854
X1.2689 Y-0.4918 Z0.6855
X1.2697 Y-0.4995 Z0.6854
X1.2708 Y-0.5072
X1.2722 Y-0.5149
X1.2743 Y-0.5245 Z0.6853
X1.2758 Y-0.5304 Z0.6854
X1.278 Y-0.5381 Z0.6853
X1.2821 Y-0.5502
X1.2833 Y-0.5536 Z0.6854
X1.2864 Y-0.5613
X1.2899 Y-0.569
X1.2935 Y-0.5768 Z0.6855
X1.2978 Y-0.5845 Z0.6854
X1.3025 Y-0.5922
X1.3053 Y-0.5965 Z0.6853
X1.3077 Y-0.5999 Z0.6854
X1.3132 Y-0.6077 Z0.6853
X1.3192 Y-0.6154 Z0.6854
X1.3208 Y-0.6174
X1.3285 Y-0.6262
X1.3329 Y-0.6309
X1.3407 Y-0.6386 Z0.6855
X1.344 Y-0.6416
X1.3494 Y-0.6463
X1.3518 Y-0.6482
X1.3595 Y-0.6541 Z0.6854
X1.3672 Y-0.6594
X1.3708 Y-0.6618 Z0.6853
X1.375 Y-0.6644
X1.3834 Y-0.6695 Z0.6854
X1.3905 Y-0.6733
X1.3984 Y-0.6772
X1.406 Y-0.6806
X1.4107 Y-0.6826
X1.4159 Y-0.6844 Z0.6853
X1.4186 Y-0.6851 Z0.6852
X1.4213 Y-0.6857 Z0.685
X1.4267 Y-0.6865 Z0.6845
X1.4322 Y-0.6869 Z0.6839
X1.4378 Z0.6832
X1.4433 Y-0.6867 Z0.6823
X1.4489 Y-0.6862 Z0.6815
X1.4544 Y-0.6855 Z0.6806
X1.4657 Y-0.6837 Z0.6788
X1.4713 Y-0.6828 Z0.6779
X1.477 Y-0.6819 Z0.6772
X1.4826 Y-0.6812 Z0.6765
X1.4883 Y-0.6805 Z0.6761
X1.4941 Y-0.6802 Z0.6758
X1.4998 Y-0.6801 Z0.6757
X1.5144
X12.0366 Y-0.6802
X12.052 Z0.6758
X12.0598 Z0.6759
X12.0675 Y-0.6799 Z0.6761
X12.0753 Y-0.6791
X12.083 Y-0.678
X12.0872 Y-0.6772
X12.0985 Y-0.6748
X12.1062 Y-0.6728
X12.117 Y-0.6695 Z0.6762
X12.1217 Y-0.6678
X12.1295 Y-0.6646 Z0.6761
X12.1372 Y-0.6611
X12.145 Y-0.6572
X12.1509 Y-0.654
X12.1527 Y-0.653
X12.1604 Y-0.6483
X12.1635 Y-0.6463
X12.1682 Y-0.6432
X12.1747 Y-0.6386 Z0.6762
X12.1844 Y-0.6309
X12.1914 Y-0.6245 Z0.6761
X12.2004 Y-0.6154
X12.2073 Y-0.6077
X12.2146 Y-0.5984
X12.2192 Y-0.5922
X12.2224 Y-0.5876
X12.2244 Y-0.5845
X12.2301 Y-0.5754 Z0.6762
X12.2336 Y-0.569
X12.2379 Y-0.56 Z0.6761
X12.2407 Y-0.5536
X12.2439 Y-0.5459
X12.2465 Y-0.5381
X12.2489 Y-0.5304
X12.2511 Y-0.5227
X12.2534 Y-0.5127 Z0.6762
X12.2544 Y-0.5072
X12.2555 Y-0.4995
X12.2564 Y-0.4918
X12.2569 Y-0.484
X12.2573 Y-0.4763
Y-0.4686
X12.2569 Y-0.4609
X12.2564 Y-0.4531
X12.2555 Y-0.4454
X12.2544 Y-0.4377
X12.2534 Y-0.4322
X12.2511 Y-0.4222 Z0.6761
X12.2489 Y-0.4145
X12.2456 Y-0.4043
X12.2438 Y-0.399
X12.2407 Y-0.3913
X12.2372 Y-0.3836
X12.2337 Y-0.3758 Z0.6762
X12.2301 Y-0.3695
X12.2246 Y-0.3604
X12.2224 Y-0.3571 Z0.6761
X12.2146 Y-0.3463
X12.2069 Y-0.3366 Z0.6762
X12.2004 Y-0.3295 Z0.6761
X12.1914 Y-0.3204 Z0.6762
X12.1837 Y-0.3134
X12.1747 Y-0.3063 Z0.6761
X12.1682 Y-0.3017
X12.1635 Y-0.2986
X12.1604 Y-0.2966
X12.1509 Y-0.2908
X12.145 Y-0.2877
X12.1372 Y-0.2837
X12.1295 Y-0.2803
X12.1217 Y-0.277 Z0.6762
X12.117 Y-0.2754
X12.1062 Y-0.2721 Z0.6761
X12.0985 Y-0.2701
X12.0872 Y-0.2677
X12.083 Y-0.2669
X12.0753 Y-0.2657
X12.0675 Y-0.265
X12.0598 Y-0.2647 Z0.6759
X12.052 Y-0.2648 Z0.6757
X12.0056
X1.5144 Y-0.2647
X1.4989 Y-0.2649 Z0.6756
X1.4911 Z0.6757
X1.4834 Z0.6759
X1.4756 Y-0.265 Z0.6761
X1.4679 Y-0.2658
X1.4602 Y-0.2669
X1.4559 Y-0.2677
X1.4447 Y-0.2701
X1.4369 Y-0.2721
X1.4292 Y-0.2744 Z0.6762
X1.4261 Y-0.2754
X1.4214 Y-0.277
X1.4137 Y-0.2803 Z0.6761
X1.406 Y-0.2837
X1.3982 Y-0.2876
X1.3921 Y-0.2908
X1.3827 Y-0.2966
X1.3796 Y-0.2986
X1.375 Y-0.3017
X1.3684 Y-0.3063 Z0.6762
X1.3595 Y-0.3133
X1.3518 Y-0.3203
X1.3427 Y-0.3295 Z0.6761
X1.3358 Y-0.3372
X1.3285 Y-0.3464
X1.3239 Y-0.3527
X1.3208 Y-0.3572
X1.3186 Y-0.3604
X1.313 Y-0.3695 Z0.6762
X1.3095 Y-0.3758
X1.3053 Y-0.385 Z0.6761
X1.3025 Y-0.3913
X1.2994 Y-0.399
X1.2967 Y-0.4068
X1.2943 Y-0.4145
X1.2922 Y-0.4222
X1.2898 Y-0.4323 Z0.6762
X1.2888 Y-0.4377
X1.2876 Y-0.4454
X1.2867 Y-0.4531
X1.2862 Y-0.4609
X1.2859 Y-0.4686
Y-0.4763
X1.2862 Y-0.484
X1.2867 Y-0.4918
X1.2876 Y-0.4995
X1.2888 Y-0.5072
X1.2898 Y-0.5126
X1.2922 Y-0.5227 Z0.6761
X1.2943 Y-0.5304
X1.2976 Y-0.5407
X1.2994 Y-0.5459
X1.3024 Y-0.5536
X1.3059 Y-0.5613
X1.3095 Y-0.569 Z0.6762
X1.313 Y-0.5754
X1.3186 Y-0.5845
X1.3208 Y-0.5877 Z0.6761
X1.3239 Y-0.5922
X1.3285 Y-0.5985
X1.3363 Y-0.6082
X1.3427 Y-0.6154
X1.3518 Y-0.6246 Z0.6762
X1.3595 Y-0.6316
X1.3684 Y-0.6386
X1.375 Y-0.6432 Z0.6761
X1.3795 Y-0.6463
X1.3905 Y-0.6531
X1.3921 Y-0.654
X1.3982 Y-0.6573
X1.406 Y-0.6612
X1.4137 Y-0.6646
X1.4214 Y-0.6678 Z0.6762
X1.4262 Y-0.6695
X1.4369 Y-0.6727 Z0.6761
X1.4447 Y-0.6747
X1.456 Y-0.6772
X1.4602 Y-0.6779
X1.4679 Y-0.6791
X1.4756 Y-0.6799
X1.4834 Y-0.68 Z0.6759
X1.4911 Z0.6757
X1.4998 Y-0.6801
X1.5054 Y-0.6799 Z0.6756
X1.5109 Y-0.6793 Z0.6754
X1.5164 Y-0.6785 Z0.675
X1.5218 Y-0.6773 Z0.6745
X1.5272 Y-0.6759 Z0.6739
X1.5325 Y-0.6744 Z0.6732
X1.5431 Y-0.671 Z0.6718
X1.5537 Y-0.6677 Z0.6703
X1.5591 Y-0.6661 Z0.6696
X1.5644 Y-0.6647 Z0.669
X1.5699 Y-0.6635 Z0.6685
X1.5753 Y-0.6626 Z0.6681
X1.5809 Y-0.662 Z0.6678
X1.5864 Y-0.6618 Z0.6677
X12.0366 Y-0.6619
X12.052 Z0.6678
X12.0598 Z0.668
X12.0675 Y-0.6615 Z0.6681
X12.0753 Y-0.6606
X12.083 Y-0.6594
X12.0908 Y-0.6578
X12.0985 Y-0.6559
X12.1062 Y-0.6537
X12.114 Y-0.6512
X12.1217 Y-0.648
X12.1295 Y-0.6445
X12.1372 Y-0.6406
X12.141 Y-0.6386
X12.145 Y-0.6363 Z0.668
X12.1537 Y-0.6309 Z0.6681
X12.1604 Y-0.6262
X12.1648 Y-0.6231
X12.1682 Y-0.6204
X12.1742 Y-0.6154
X12.1759 Y-0.6138
X12.1823 Y-0.6077
X12.1837 Y-0.6063
X12.1896 Y-0.5999
X12.1914 Y-0.598
X12.1962 Y-0.5922
X12.1992 Y-0.5885
X12.2021 Y-0.5845 Z0.668
X12.2076 Y-0.5768 Z0.6681
X12.2125 Y-0.569
X12.2146 Y-0.5655
X12.217 Y-0.5613 Z0.6682
X12.2206 Y-0.5536 Z0.6681
X12.2241 Y-0.5459
X12.2271 Y-0.5381
X12.2301 Y-0.5291
X12.232 Y-0.5227
X12.2341 Y-0.5149
X12.2357 Y-0.5072
X12.237 Y-0.4995
X12.238 Y-0.4918
X12.2386 Y-0.484
X12.239 Y-0.4763 Z0.6682
Y-0.4686
X12.2386 Y-0.4609 Z0.6681
X12.2379 Y-0.452
X12.237 Y-0.4454
X12.2357 Y-0.4377
X12.2341 Y-0.4299
X12.2321 Y-0.4222
X12.2297 Y-0.4145
X12.2271 Y-0.4068
X12.2241 Y-0.399
X12.2207 Y-0.3913
X12.217 Y-0.3836 Z0.6682
X12.2146 Y-0.3793
X12.2126 Y-0.3758 Z0.6681
X12.2077 Y-0.3681
X12.2022 Y-0.3604
X12.1992 Y-0.3562
X12.1963 Y-0.3527
X12.1914 Y-0.3468
X12.1837 Y-0.3385
X12.1759 Y-0.3311
X12.1742 Y-0.3295
X12.1682 Y-0.3245
X12.1647 Y-0.3218
X12.1604 Y-0.3187
X12.1527 Y-0.3134 Z0.668
X12.145 Y-0.3086
X12.141 Y-0.3063 Z0.6681
X12.1372 Y-0.3043
X12.1295 Y-0.3003
X12.1217 Y-0.2969
X12.114 Y-0.2937
X12.105 Y-0.2908
X12.0985 Y-0.289
X12.0908 Y-0.2871
X12.083 Y-0.2855
X12.0753 Y-0.2843
X12.0675 Y-0.2834
X12.0598 Y-0.2831 Z0.6679
X12.052 Z0.6678
X1.5221 Z0.6677
X1.5066
X1.4989 Y-0.2832
X1.4911
X1.4834 Z0.6679
X1.4756 Y-0.2834 Z0.6681
X1.4679 Y-0.2843
X1.4602 Y-0.2855
X1.4524 Y-0.2872
X1.4447 Y-0.2891
X1.4369 Y-0.2912
X1.4292 Y-0.2937
X1.4214 Y-0.2969
X1.4137 Y-0.3004
X1.406 Y-0.3042
X1.402 Y-0.3063
X1.3982 Y-0.3085
X1.3894 Y-0.314
X1.3827 Y-0.3186
X1.3783 Y-0.3218
X1.375 Y-0.3244
X1.3689 Y-0.3295 Z0.6682
X1.3672 Y-0.331 Z0.6681
X1.3595 Y-0.3385
X1.3534 Y-0.3449
X1.3518 Y-0.3468
X1.3469 Y-0.3527
X1.344 Y-0.3563
X1.341 Y-0.3604
X1.3355 Y-0.3681
X1.3306 Y-0.3758
X1.3285 Y-0.3793 Z0.6682
X1.3262 Y-0.3836
X1.3225 Y-0.3913 Z0.6681
X1.3191 Y-0.399
X1.3161 Y-0.4068
X1.313 Y-0.4158
X1.3111 Y-0.4222
X1.3092 Y-0.4299
X1.3074 Y-0.4377
X1.3061 Y-0.4454 Z0.6682
X1.3052 Y-0.4531 Z0.6681
X1.3046 Y-0.4609
X1.3042 Y-0.4686 Z0.6682
Y-0.4763
X1.3046 Y-0.484 Z0.6681
X1.3053 Y-0.4931
X1.3061 Y-0.4995 Z0.6682
X1.3074 Y-0.5072 Z0.6681
X1.3092 Y-0.5149
X1.3111 Y-0.5227
X1.3135 Y-0.5304
X1.3161 Y-0.5381
X1.319 Y-0.5459
X1.3225 Y-0.5536
X1.3261 Y-0.5613 Z0.6682
X1.3285 Y-0.5656
X1.3306 Y-0.569 Z0.6681
X1.3355 Y-0.5768
X1.341 Y-0.5845
X1.344 Y-0.5886
X1.3469 Y-0.5922
X1.3518 Y-0.598
X1.3535 Y-0.5999
X1.3607 Y-0.6077
X1.3672 Y-0.6139 Z0.6682
X1.3689 Y-0.6154
X1.375 Y-0.6205 Z0.6681
X1.3783 Y-0.6231
X1.3827 Y-0.6263
X1.3894 Y-0.6309
X1.3982 Y-0.6363
X1.402 Y-0.6386
X1.406 Y-0.6407
X1.4137 Y-0.6446
X1.4214 Y-0.648
X1.4292 Y-0.6511
X1.4383 Y-0.654
X1.4447 Y-0.6558
X1.4524 Y-0.6577
X1.4602 Y-0.6594
X1.4679 Y-0.6606
X1.4756 Y-0.6615
X1.4834 Y-0.6617 Z0.6679
X1.4911 Y-0.6616 Z0.6677
X1.5144 Y-0.6618
X1.5864
X1.592 Y-0.6616 Z0.6676
X1.5975 Y-0.661 Z0.6674
X1.6029 Y-0.66 Z0.6671
X1.6084 Y-0.6588 Z0.6667
X1.6137 Y-0.6574 Z0.6661
X1.6191 Y-0.6558 Z0.6656
X1.6403 Y-0.649 Z0.6631
X1.6456 Y-0.6474 Z0.6626
X1.651 Y-0.646 Z0.662
X1.6564 Y-0.6448 Z0.6616
X1.6619 Y-0.6438 Z0.6613
X1.6674 Y-0.6432 Z0.6611
X1.673 Y-0.643 Z0.661
X12.0366
X12.052 Y-0.6431
X12.0598 Z0.6612
X12.0675 Y-0.6426 Z0.6613
X12.0753 Y-0.6416
X12.083 Y-0.6402
X12.0908 Y-0.6384
X12.0985 Y-0.6363
X12.1062 Y-0.6339
X12.114 Y-0.6309
X12.1217 Y-0.6274
X12.13 Y-0.6231
X12.1372 Y-0.6189
X12.1429 Y-0.6154
X12.1527 Y-0.6086
X12.154 Y-0.6077
X12.1604 Y-0.6024
X12.1632 Y-0.5999
X12.1682 Y-0.5952
X12.1711 Y-0.5922
X12.1759 Y-0.5871
X12.1782 Y-0.5845
X12.1845 Y-0.5768
X12.1914 Y-0.5671
X12.1951 Y-0.5613
X12.1992 Y-0.5547 Z0.6614
X12.1998 Y-0.5536
X12.2035 Y-0.5459 Z0.6613
X12.2069 Y-0.5381
X12.2099 Y-0.5304
X12.2124 Y-0.5227
X12.2146 Y-0.5149
X12.2165 Y-0.5072
X12.218 Y-0.4995
X12.2191 Y-0.4918
X12.2197 Y-0.484
X12.2201 Y-0.4763 Z0.6614
Y-0.4686
X12.2197 Y-0.4609 Z0.6613
X12.2191 Y-0.4531
X12.218 Y-0.4454
X12.2165 Y-0.4377
X12.2146 Y-0.4299
X12.2124 Y-0.4222
X12.2098 Y-0.4145
X12.2069 Y-0.4068
X12.2035 Y-0.399
X12.1998 Y-0.3913 Z0.6614
X12.1952 Y-0.3836 Z0.6613
X12.1914 Y-0.3776
X12.1846 Y-0.3681
X12.1783 Y-0.3604
X12.1759 Y-0.3577
X12.1712 Y-0.3527
X12.1682 Y-0.3497
X12.1632 Y-0.3449
X12.1604 Y-0.3425
X12.154 Y-0.3372
X12.1527 Y-0.3363
X12.1429 Y-0.3295
X12.1372 Y-0.326
X12.1295 Y-0.3215
X12.1217 Y-0.3175
X12.114 Y-0.314
X12.1062 Y-0.311
X12.0985 Y-0.3085
X12.0901 Y-0.3063
X12.083 Y-0.3047
X12.0753 Y-0.3033
X12.0675 Y-0.3023
X12.0598 Y-0.3019 Z0.6612
X12.052 Z0.661
X1.5144
X1.4989 Y-0.3021 Z0.6609
X1.4911 Z0.661
X1.4834 Y-0.302 Z0.6611
X1.4756 Y-0.3023 Z0.6613
X1.4679 Y-0.3033
X1.4602 Y-0.3048
X1.4524 Y-0.3065
X1.4447 Y-0.3085
X1.4369 Y-0.311
X1.4292 Y-0.314
X1.4214 Y-0.3175
X1.413 Y-0.3218
X1.406 Y-0.3259
X1.4002 Y-0.3295
X1.3905 Y-0.3362
X1.3891 Y-0.3372
X1.3827 Y-0.3424
X1.3799 Y-0.3449
X1.375 Y-0.3496
X1.372 Y-0.3527
X1.3672 Y-0.3577
X1.3649 Y-0.3604
X1.3586 Y-0.3681
X1.3518 Y-0.3777
X1.348 Y-0.3836
X1.3434 Y-0.3913 Z0.6614
X1.3397 Y-0.399 Z0.6613
X1.3363 Y-0.4068
X1.3333 Y-0.4145
X1.3308 Y-0.4222
X1.3285 Y-0.4301
X1.3267 Y-0.4377
X1.3252 Y-0.4454
X1.3241 Y-0.4531
X1.3234 Y-0.4609
X1.323 Y-0.4686
Y-0.4763
X1.3234 Y-0.484
X1.3241 Y-0.4918
X1.3252 Y-0.4995
X1.3267 Y-0.5072
X1.3286 Y-0.5149
X1.3308 Y-0.5227
X1.3333 Y-0.5304
X1.3363 Y-0.5383
X1.3396 Y-0.5459
X1.3434 Y-0.5536 Z0.6614
X1.348 Y-0.5613 Z0.6613
X1.3518 Y-0.5672
X1.3595 Y-0.5778
X1.365 Y-0.5845
X1.3672 Y-0.5871
X1.372 Y-0.5922
X1.375 Y-0.5953
X1.3798 Y-0.5999 Z0.6614
X1.3827 Y-0.6025 Z0.6613
X1.3891 Y-0.6077
X1.3905 Y-0.6087
X1.4001 Y-0.6154
X1.406 Y-0.619
X1.4137 Y-0.6235
X1.4214 Y-0.6274
X1.4292 Y-0.6309
X1.4369 Y-0.6339
X1.4447 Y-0.6363
X1.4534 Y-0.6386
X1.4602 Y-0.6401
X1.4679 Y-0.6415
X1.4756 Y-0.6426
X1.4834 Y-0.6429 Z0.6611
X1.4911 Y-0.6428 Z0.661
X1.5144 Y-0.643
X1.673
X1.6785 Y-0.6428 Z0.6609
X1.684 Y-0.6421 Z0.6607
X1.6895 Y-0.6412 Z0.6605
X1.6949 Y-0.6399 Z0.6601
X1.7003 Y-0.6385 Z0.6597
X1.7056 Y-0.6369 Z0.6592
X1.7268 Y-0.6299 Z0.6572
X1.7322 Y-0.6283 Z0.6568
X1.7376 Y-0.6268 Z0.6564
X1.743 Y-0.6256 Z0.656
X1.7485 Y-0.6246 Z0.6557
X1.754 Y-0.624 Z0.6556
X1.7595 Y-0.6238 Z0.6555
X12.0366
X12.052 Y-0.6239 Z0.6556
X12.0598 Y-0.6238 Z0.6557
X12.0681 Y-0.6231 Z0.6558
X12.0753 Y-0.622 Z0.6557
X12.083 Y-0.6205 Z0.6558
X12.0908 Y-0.6185
X12.0985 Y-0.6162
X12.1008 Y-0.6154
X12.1062 Y-0.6132
X12.114 Y-0.6097
X12.118 Y-0.6077
X12.1217 Y-0.6057
X12.1313 Y-0.5999 Z0.6557
X12.1372 Y-0.596 Z0.6558
X12.1425 Y-0.5922
X12.145 Y-0.5902
X12.1516 Y-0.5845
X12.1593 Y-0.5768
X12.1604 Y-0.5755
X12.166 Y-0.569 Z0.6557
X12.1682 Y-0.5663 Z0.6558
X12.1719 Y-0.5613 Z0.6557
X12.1759 Y-0.5557 Z0.6558
X12.1821 Y-0.5459
X12.1837 Y-0.5427
X12.1859 Y-0.5381
X12.1893 Y-0.5304
X12.1914 Y-0.5249
X12.1946 Y-0.5149
X12.1967 Y-0.5072
X12.1984 Y-0.4995
X12.1992 Y-0.4954
X12.1997 Y-0.4918
X12.2004 Y-0.484
X12.2009 Y-0.4763
Y-0.4686
X12.2004 Y-0.4609
X12.1997 Y-0.4531
X12.1992 Y-0.4495
X12.1984 Y-0.4454
X12.1967 Y-0.4377
X12.1946 Y-0.4299
X12.1914 Y-0.4201 Z0.6557
X12.1893 Y-0.4145 Z0.6558
X12.1859 Y-0.4068
X12.1837 Y-0.4021
X12.1821 Y-0.399
X12.1774 Y-0.3913
X12.1759 Y-0.3891
X12.172 Y-0.3836
X12.1682 Y-0.3784
X12.1661 Y-0.3758
X12.1604 Y-0.3693
X12.1527 Y-0.3615
X12.1516 Y-0.3604
X12.145 Y-0.3547
X12.1425 Y-0.3527
X12.1372 Y-0.3489
X12.1314 Y-0.3449 Z0.6557
X12.1217 Y-0.3392 Z0.6558
X12.114 Y-0.3351
X12.1062 Y-0.3316
X12.1008 Y-0.3295
X12.0985 Y-0.3287
X12.0908 Y-0.3264
X12.083 Y-0.3244
X12.0753 Y-0.3228 Z0.6557
X12.0675 Y-0.3217
X12.0598 Y-0.3212
X12.052 Z0.6555
X1.5144 Y-0.3211
X1.4989 Y-0.3213
X1.4911
X1.4834 Z0.6557
X1.4752 Y-0.3218
X1.4679 Y-0.3229
X1.4602 Y-0.3245
X1.4524 Y-0.3264 Z0.6558
X1.4447 Y-0.3287
X1.4424 Y-0.3295
X1.4369 Y-0.3316
X1.4292 Y-0.3351
X1.4214 Y-0.3391
X1.4117 Y-0.3449
X1.406 Y-0.3488
X1.4006 Y-0.3527
X1.3982 Y-0.3546
X1.3915 Y-0.3604
X1.3827 Y-0.3693
X1.3771 Y-0.3758
X1.375 Y-0.3784
X1.3712 Y-0.3836
X1.3672 Y-0.3891
X1.3611 Y-0.399
X1.3595 Y-0.4021
X1.3573 Y-0.4068
X1.3539 Y-0.4145
X1.3518 Y-0.4201 Z0.6557
X1.3486 Y-0.4299
X1.3465 Y-0.4377 Z0.6558
X1.3448 Y-0.4454
X1.344 Y-0.4494
X1.3435 Y-0.4531
X1.3427 Y-0.4609
X1.3423 Y-0.4686
Y-0.4763
X1.3427 Y-0.484
X1.3435 Y-0.4918
X1.344 Y-0.4955
X1.3448 Y-0.4995
X1.3465 Y-0.5072
X1.3486 Y-0.5149 Z0.6557
X1.351 Y-0.5227 Z0.6558
X1.3538 Y-0.5304
X1.3572 Y-0.5381
X1.3595 Y-0.5428
X1.3611 Y-0.5459
X1.3672 Y-0.5558
X1.3712 Y-0.5613
X1.375 Y-0.5664
X1.3771 Y-0.569 Z0.6557
X1.3827 Y-0.5756 Z0.6558
X1.3905 Y-0.5835
X1.3915 Y-0.5845
X1.3982 Y-0.5903
X1.4005 Y-0.5922
X1.406 Y-0.5961
X1.4117 Y-0.5999
X1.4214 Y-0.6058
X1.4249 Y-0.6077
X1.4292 Y-0.6098
X1.4369 Y-0.6132
X1.4424 Y-0.6154
X1.4447 Y-0.6162
X1.4524 Y-0.6185
X1.4602 Y-0.6204 Z0.6557
X1.4679 Y-0.622
X1.4756 Y-0.6232
X1.4834 Y-0.6236
X1.4911 Z0.6555
X1.5144 Y-0.6238
X1.7595
X1.7651 Y-0.6235
X1.7706 Y-0.6229 Z0.6553
X1.7761 Y-0.6219 Z0.6551
X1.7815 Y-0.6207 Z0.6548
X1.7869 Y-0.6192 Z0.6545
X1.7922 Y-0.6175 Z0.6542
X1.8134 Y-0.6104 Z0.6526
X1.8187 Y-0.6088 Z0.6523
X1.8241 Y-0.6073 Z0.652
X1.8295 Y-0.606 Z0.6517
X1.835 Y-0.6051 Z0.6515
X1.8405 Y-0.6044 Z0.6514
X1.8461 Y-0.6042 Z0.6513
X12.0366
X12.052 Y-0.6043 Z0.6514
X12.0598 Y-0.6042 Z0.6515
X12.0675 Y-0.6035
X12.0753 Y-0.6021
X12.0845 Y-0.5999
X12.0908 Y-0.5981 Z0.6516
X12.0985 Y-0.5953
X12.1062 Y-0.5917 Z0.6515
X12.114 Y-0.5876
X12.1192 Y-0.5845
X12.1217 Y-0.5829
X12.1305 Y-0.5768 Z0.6516
X12.1372 Y-0.5711 Z0.6515
X12.1394 Y-0.569
X12.145 Y-0.5634
X12.1469 Y-0.5613
X12.1527 Y-0.5544
X12.1589 Y-0.5459
X12.1604 Y-0.5436
X12.1638 Y-0.5381
X12.1682 Y-0.5298 Z0.6516
X12.1713 Y-0.5227 Z0.6515
X12.1741 Y-0.5149
X12.1759 Y-0.5093
X12.1784 Y-0.4995
X12.1799 Y-0.4918 Z0.6516
X12.1808 Y-0.484
X12.1813 Y-0.4763
Y-0.4686
X12.1808 Y-0.4609
X12.1799 Y-0.4531
X12.1784 Y-0.4454 Z0.6515
X12.1759 Y-0.4356
X12.1741 Y-0.4299
X12.1713 Y-0.4222
X12.1679 Y-0.4145 Z0.6516
X12.1639 Y-0.4068
X12.1604 Y-0.4011
X12.159 Y-0.399 Z0.6515
X12.1527 Y-0.3903
X12.147 Y-0.3836
X12.145 Y-0.3814
X12.1395 Y-0.3758
X12.1372 Y-0.3738
X12.1305 Y-0.3681 Z0.6516
X12.1217 Y-0.362 Z0.6515
X12.1192 Y-0.3604
X12.114 Y-0.3573
X12.1053 Y-0.3527
X12.0985 Y-0.3496 Z0.6516
X12.0908 Y-0.3468
X12.0845 Y-0.3449 Z0.6515
X12.0753 Y-0.3428
X12.0675 Y-0.3414
X12.0598 Y-0.3408
X12.052 Y-0.3407 Z0.6513
X3.5661
X1.5144
X1.4989 Y-0.3409
X1.4911
X1.4834 Z0.6515
X1.4756 Y-0.3415
X1.4679 Y-0.3428
X1.4588 Y-0.3449
X1.4524 Y-0.3468 Z0.6516
X1.4447 Y-0.3496
X1.4369 Y-0.3531 Z0.6515
X1.4292 Y-0.3572
X1.4239 Y-0.3604
X1.4214 Y-0.362
X1.4126 Y-0.3681 Z0.6516
X1.406 Y-0.3738
X1.4037 Y-0.3758 Z0.6515
X1.3982 Y-0.3814
X1.3962 Y-0.3836
X1.3905 Y-0.3904
X1.3842 Y-0.399
X1.3827 Y-0.4012
X1.3793 Y-0.4068 Z0.6516
X1.375 Y-0.4151 Z0.6515
X1.3719 Y-0.4222
X1.3691 Y-0.4299
X1.3672 Y-0.4357
X1.3648 Y-0.4454
X1.3632 Y-0.4531 Z0.6516
X1.3624 Y-0.4609
X1.3619 Y-0.4686
Y-0.4763
X1.3624 Y-0.484
X1.3632 Y-0.4918
X1.3648 Y-0.4995 Z0.6515
X1.3672 Y-0.5092
X1.3691 Y-0.5149
X1.3718 Y-0.5227
X1.3752 Y-0.5304 Z0.6516
X1.3793 Y-0.5381
X1.3827 Y-0.5437 Z0.6515
X1.3842 Y-0.5459
X1.3905 Y-0.5545
X1.3962 Y-0.5613
X1.3982 Y-0.5635
X1.4036 Y-0.569 Z0.6516
X1.406 Y-0.5712
X1.4125 Y-0.5768
X1.4214 Y-0.583 Z0.6515
X1.4238 Y-0.5845
X1.4292 Y-0.5877
X1.4378 Y-0.5922
X1.4447 Y-0.5953 Z0.6516
X1.4524 Y-0.5981 Z0.6515
X1.4602 Y-0.6003
X1.4679 Y-0.602
X1.4756 Y-0.6034
X1.4834 Y-0.604
X1.4911 Z0.6513
X1.5144 Y-0.6042
X1.8461
X1.8516 Y-0.604
X1.8572 Y-0.6033 Z0.6512
X1.8626 Y-0.6023 Z0.651
X1.868 Y-0.6011 Z0.6509
X1.8734 Y-0.5996 Z0.6506
X1.8788 Y-0.5979 Z0.6504
X1.9 Y-0.5907 Z0.6493
X1.9053 Y-0.589 Z0.6491
X1.9107 Y-0.5875 Z0.6489
X1.9161 Y-0.5863 Z0.6487
X1.9216 Y-0.5853 Z0.6486
X1.9271 Y-0.5846 Z0.6485
X1.9326 Y-0.5844 Z0.6484
X12.0366 Y-0.5845
X12.052 Z0.6485
X12.0598 Y-0.5843 Z0.6486
X12.0675 Y-0.5834
X12.0753 Y-0.5818
X12.083 Y-0.5798
X12.0915 Y-0.5768
X12.0985 Y-0.5734
X12.1064 Y-0.569
X12.114 Y-0.5642
X12.1181 Y-0.5613
X12.1217 Y-0.5583
X12.1269 Y-0.5536
X12.1295 Y-0.551
X12.134 Y-0.5459
X12.1372 Y-0.5421
X12.1401 Y-0.5381
X12.1454 Y-0.5304
X12.1496 Y-0.5227
X12.1527 Y-0.5159
X12.1558 Y-0.5072
X12.158 Y-0.4995
X12.1598 Y-0.4918
X12.1604 Y-0.4881
X12.1609 Y-0.484
X12.1615 Y-0.4763
Y-0.4686
X12.1609 Y-0.4609
X12.1604 Y-0.4568
X12.1598 Y-0.4531
X12.158 Y-0.4454
X12.1558 Y-0.4377
X12.1527 Y-0.4291
X12.1496 Y-0.4222
X12.1454 Y-0.4145
X12.1402 Y-0.4068
X12.1372 Y-0.4026
X12.1341 Y-0.399
X12.1295 Y-0.3939
X12.1269 Y-0.3913
X12.1217 Y-0.3866
X12.1181 Y-0.3836
X12.114 Y-0.3807
X12.1062 Y-0.3757
X12.0985 Y-0.3714
X12.0915 Y-0.3681
X12.083 Y-0.3651
X12.0753 Y-0.3631
X12.0675 Y-0.3615
X12.0598 Y-0.3606
X12.052 Y-0.3605 Z0.6485
X12.0366 Z0.6484
X1.5144
X1.4989 Y-0.3606
X1.4834 Y-0.3607 Z0.6486
X1.4756 Y-0.3616
X1.4679 Y-0.3631
X1.4602 Y-0.3651
X1.4524 Y-0.3678
X1.4447 Y-0.3714
X1.4366 Y-0.3758
X1.4292 Y-0.3807
X1.425 Y-0.3836
X1.4214 Y-0.3866
X1.4162 Y-0.3913
X1.4137 Y-0.3939
X1.4091 Y-0.399
X1.406 Y-0.4027
X1.403 Y-0.4068
X1.3982 Y-0.4137
X1.3935 Y-0.4222
X1.3901 Y-0.4299
X1.3874 Y-0.4377
X1.3852 Y-0.4454
X1.3834 Y-0.4531
X1.3827 Y-0.4567
X1.3823 Y-0.4609
X1.3817 Y-0.4686
Y-0.4763
X1.3823 Y-0.484
X1.3827 Y-0.4882
X1.3834 Y-0.4918
X1.3852 Y-0.4995
X1.3874 Y-0.5072
X1.3905 Y-0.5159
X1.3935 Y-0.5227
X1.3982 Y-0.5312
X1.403 Y-0.5381
X1.406 Y-0.5421
X1.4091 Y-0.5459
X1.4137 Y-0.551
X1.4162 Y-0.5536
X1.4214 Y-0.5584
X1.4249 Y-0.5613
X1.4292 Y-0.5643
X1.4369 Y-0.5693
X1.4447 Y-0.5735
X1.4517 Y-0.5768
X1.4602 Y-0.5797
X1.4679 Y-0.5817
X1.4756 Y-0.5833
X1.4834 Y-0.5842
X1.4989 Y-0.5843 Z0.6484
X1.5221 Y-0.5844
X1.9326
X1.9382 Y-0.5842
X1.9437 Y-0.5835
X1.9492 Y-0.5825 Z0.6483
X1.9546 Y-0.5813 Z0.6482
X1.96 Y-0.5797 Z0.6481
X1.9653 Y-0.5781 Z0.6479
X1.9865 Y-0.5708 Z0.6474
X1.9919 Y-0.5691 Z0.6472
X1.9973 Y-0.5676 Z0.6471
X2.0027 Y-0.5663 Z0.647
X2.0081 Y-0.5653 Z0.6469
X2.0137 Y-0.5647
X2.0192 Y-0.5645
X12.0366
X12.052 Y-0.5646
X12.0598 Y-0.5642 Z0.647
X12.0675 Y-0.563
X12.0753 Y-0.5612
X12.083 Y-0.5587
X12.0908 Y-0.5549
X12.0932 Y-0.5536
X12.0985 Y-0.5504
X12.1054 Y-0.5459
X12.1062 Y-0.5452
X12.1141 Y-0.5381
G3 X12.1393 Y-0.4918 I-0.0655 J0.0657
G1 X12.1408 Y-0.484
X12.1415 Y-0.4763
Y-0.4686
X12.1408 Y-0.4609
X12.1393 Y-0.4531
G3 X12.1266 Y-0.4222 I-0.0862 J-0.0174
X12.1054 Y-0.399 I-0.0778 J-0.0498
G1 X12.0985 Y-0.3944
X12.0933 Y-0.3913
X12.0908 Y-0.3899
X12.083 Y-0.3862
X12.0749 Y-0.3836
X12.0675 Y-0.3819
X12.0598 Y-0.3807
X12.052 Y-0.3805
X12.0443 Z0.6469
X1.5144 Y-0.3804
X1.4989 Y-0.3806
X1.4911
X1.4834 Y-0.3808 Z0.647
X1.4756 Y-0.3819
X1.4679 Y-0.3837
X1.4602 Y-0.3862
X1.4524 Y-0.3899
X1.4498 Y-0.3913
X1.4447 Y-0.3944
X1.4369 Y-0.3996
X1.429 Y-0.4068
G3 X1.4085 Y-0.4377 I0.0661 J-0.066
G1 X1.4059 Y-0.4454
X1.4039 Y-0.4531
X1.4023 Y-0.4609
X1.4017 Y-0.4686
Y-0.4763
X1.4024 Y-0.4843
X1.4039 Y-0.4918
X1.406 Y-0.4997
X1.4085 Y-0.5072
G3 X1.4292 Y-0.5383 I0.0874 J0.0357
G1 X1.4369 Y-0.5454
X1.4447 Y-0.5505
X1.4497 Y-0.5536
X1.4524 Y-0.555
X1.4602 Y-0.5586
X1.4685 Y-0.5613
X1.4756 Y-0.563
X1.4834 Y-0.5641
X1.4911 Y-0.5643
X1.4989 Y-0.5644 Z0.6469
X1.5221 Y-0.5645
X2.0192
X2.0248 Y-0.5642
X2.0303 Y-0.5636
X2.0357 Y-0.5626 Z0.6468
X2.0412 Y-0.5613
X2.0465 Y-0.5598
X2.0519 Y-0.5581
X2.0731 Y-0.5508 Z0.6466
X2.0784 Y-0.5492
X2.0838 Y-0.5476
X2.0892 Y-0.5464
X2.0947 Y-0.5454
X2.1002 Y-0.5447 Z0.6465
X2.1058 Y-0.5445
X12.0366
X12.052 Y-0.5446
G3 X12.0598 Y-0.4009 I-0.0028 J0.0722
G1 X12.052 Y-0.4005
X3.5507 Y-0.4004
X1.5144
X1.4989 Y-0.4006
G3 X1.4506 Y-0.5302 I-0.0052 J-0.0718
X1.4911 Y-0.5443 I0.0402 J0.05
G1 X1.5144 Y-0.5445
X2.1058
G3 X2.1384 Y-0.5381 I-0.0032 J0.1025
G2 X2.1812 Y-0.5253 I0.095 J-0.24
G1 X2.1868 Y-0.5247
X2.1923 Y-0.5245
X12.0366
G3 X12.0676 Y-0.5217 I0.0074 J0.091
X12.0598 Y-0.4211 I-0.019 J0.0492
G1 X12.052 Y-0.4205
X11.9359
X1.5144 Y-0.4204
X1.4911 Y-0.4206
G3 X1.4496 Y-0.4994 I0.0023 J-0.0515
X1.4911 Y-0.5243 I0.0426 J0.0239
G1 X1.5066 Y-0.5244
X2.1923 Y-0.5245
G3 X2.225 Y-0.5181 I-0.0032 J0.1025
G2 X2.2678 Y-0.5053 I0.095 J-0.24
G1 X2.2733 Y-0.5047
X2.2789 Y-0.5045
X12.0366
X12.0443 Y-0.5046
G3 X12.0753 Y-0.4912 I0.0043 J0.0327
X12.0521 Y-0.4404 I-0.0262 J0.0187
G1 X12.0443 Y-0.4405
X1.5144 Y-0.4404
X1.4911 Y-0.4407
G3 X1.4642 Y-0.484 I0.0022 J-0.0314
G1 X1.4679 Y-0.4912
X1.4682 Y-0.4918
X1.4756 Y-0.499
X1.4764 Y-0.4995
X1.4834 Y-0.503
X1.4911 Y-0.5042
X1.4989 Y-0.5044
X1.5221 Y-0.5045
X2.2789
G3 X2.3115 Y-0.4981 I-0.0032 J0.1025
G2 X2.3544 Y-0.4853 I0.095 J-0.2401
G1 X2.3599 Y-0.4847
X2.3654 Y-0.4845
X12.0366
X12.0443 Y-0.4846
X12.0523 Y-0.484
G3 X12.0521 Y-0.4608 I-0.0034 J0.0116
G1 X12.0443 Y-0.4605
X1.5144 Y-0.4604
X1.4989 Y-0.4606
X1.4916 Y-0.4609
G3 Y-0.4842 I0.0024 J-0.0117
G1 X1.4989 Y-0.4844
X1.5221 Y-0.4845
X2.3654
G18 G2 X2.3842 Z0.6653 I0. K0.0187
G0 Z1.3371
G17
M5
M9
G53 G0 Z0.
M30
%
