%
(OP1 - 2,5X0,5X0,76, BOTH VISES)
(MACHINE)
(  VENDOR CALLUM)
(  MODEL MILL R1)
(  DESCRIPTION 14X8X14 MILL)
(T12 D=0.2362 CR=0. TAPER=45DEG - ZMIN=0.29 - CHAMFER MILL)
(T32 D=0.1875 CR=0. - ZMIN=0.15 - FLAT END MILL)
(T51 D=0.201 CR=0. TAPER=118DEG - ZMIN=0. - DRILL)
G90 G94 G17 G91.1
G20
G53 G0 Z-0.6
(DRILL3)
T51 M6
T32
S5000 M3
G17 G90 G94
G54
M8
G0 X0.3543 Y-0.25
G43 Z1.56 H51
G0 Z1.16
Z0.84
G1 Z0.56 F20.
G0 Z1.16
Z0.64
G1 Z0.36 F20.
G0 Z1.16
Z0.44
G1 Z0.16 F20.
G0 Z1.16
Z0.24
G1 Z0.0896 F20.
G4 P0.05
G0 Z1.16
X0.689
Z0.84
G1 Z0.56 F20.
G0 Z1.16
Z0.64
G1 Z0.36 F20.
G0 Z1.16
Z0.44
G1 Z0.16 F20.
G0 Z1.16
Z0.24
G1 Z0.0896 F20.
G4 P0.05
G0 Z1.16
X1.0236
Z0.84
G1 Z0.56 F20.
G0 Z1.16
Z0.64
G1 Z0.36 F20.
G0 Z1.16
Z0.44
G1 Z0.16 F20.
G0 Z1.16
Z0.24
G1 Z0.0896 F20.
G4 P0.05
G0 Z1.16
X1.3583
Z0.84
G1 Z0.56 F20.
G0 Z1.16
Z0.64
G1 Z0.36 F20.
G0 Z1.16
Z0.44
G1 Z0.16 F20.
G0 Z1.16
Z0.24
G1 Z0.0896 F20.
G4 P0.05
G0 Z1.16
X1.6929
Z0.84
G1 Z0.56 F20.
G0 Z1.16
Z0.64
G1 Z0.36 F20.
G0 Z1.16
Z0.44
G1 Z0.16 F20.
G0 Z1.16
Z0.24
G1 Z0.0896 F20.
G4 P0.05
G0 Z1.16
Z1.56
(DRILL2)
G0 X2.2047 Y-0.25
Z1.56
Z1.16
Z0.84
G1 Z0.56 F20.
G0 Z1.16
Z0.64
G1 Z0.36 F20.
G0 Z1.16
Z0.44
G1 Z0.16 F20.
G0 Z1.16
Z0.24
G1 Z0. F20.
G4 P0.05
G0 Z1.16
Z1.56
G53 G0 Z-0.6
(DRILL3)
G55
G0 X0.3543 Y-0.25
G43 Z1.56 H51
G0 Z1.16
Z0.84
G1 Z0.56 F20.
G0 Z1.16
Z0.64
G1 Z0.36 F20.
G0 Z1.16
Z0.44
G1 Z0.16 F20.
G0 Z1.16
Z0.24
G1 Z0.0896 F20.
G4 P0.05
G0 Z1.16
X0.689
Z0.84
G1 Z0.56 F20.
G0 Z1.16
Z0.64
G1 Z0.36 F20.
G0 Z1.16
Z0.44
G1 Z0.16 F20.
G0 Z1.16
Z0.24
G1 Z0.0896 F20.
G4 P0.05
G0 Z1.16
X1.0236
Z0.84
G1 Z0.56 F20.
G0 Z1.16
Z0.64
G1 Z0.36 F20.
G0 Z1.16
Z0.44
G1 Z0.16 F20.
G0 Z1.16
Z0.24
G1 Z0.0896 F20.
G4 P0.05
G0 Z1.16
X1.3583
Z0.84
G1 Z0.56 F20.
G0 Z1.16
Z0.64
G1 Z0.36 F20.
G0 Z1.16
Z0.44
G1 Z0.16 F20.
G0 Z1.16
Z0.24
G1 Z0.0896 F20.
G4 P0.05
G0 Z1.16
X1.6929
Z0.84
G1 Z0.56 F20.
G0 Z1.16
Z0.64
G1 Z0.36 F20.
G0 Z1.16
Z0.44
G1 Z0.16 F20.
G0 Z1.16
Z0.24
G1 Z0.0896 F20.
G4 P0.05
G0 Z1.16
Z1.56
(DRILL2)
G0 X2.2047 Y-0.25
Z1.56
Z1.16
Z0.84
G1 Z0.56 F20.
G0 Z1.16
Z0.64
G1 Z0.36 F20.
G0 Z1.16
Z0.44
G1 Z0.16 F20.
G0 Z1.16
Z0.24
G1 Z0. F20.
G4 P0.05
G0 Z1.16
Z1.56
M5
G53 G0 Z-0.6
(ADAPTIVE3)
M9
M1
T32 M6
T12
S7500 M3
G17 G90 G94
G54
G64 P0.0004 Q0.0004
M8
G0 X2.1549 Y0.1356
G43 Z1.36 H32
G0 Z0.4375
G1 Z0.4188 F80.
X2.1552 Y0.1355 Z0.4155
X2.1559 Y0.1351 Z0.4123
X2.1572 Y0.1345 Z0.4094
X2.1589 Y0.1337 Z0.4067
X2.161 Y0.1327 Z0.4044
X2.1634 Y0.1316 Z0.4025
X2.166 Y0.1303 Z0.4011
X2.1689 Y0.129 Z0.4003
X2.1718 Y0.1276 Z0.4
G3 X2.2692 Y0.0937 I0.205 J0.4326
G1 X2.2806 Y0.0913
X2.2837 Y0.0906
X2.2935 Y0.089
G3 X2.3167 Y0.0864 I0.0458 J0.2965
X2.3664 Y0.0843 I0.058 J0.817
X2.4658 Y0.0837 I0.0845 J5.7113
G1 X2.4757 Y0.0828
X2.4854 Y0.0808
X2.4949 Y0.0777
X2.504 Y0.0737
X2.5127 Y0.0689
X2.5209 Y0.0632
X2.5285 Y0.0569
X2.5356 Y0.0499
X2.5421 Y0.0424
X2.548 Y0.0344
X2.5534 Y0.026
X2.5581 Y0.0173
X2.5623 Y0.0083
X2.566 Y-0.001
X2.5691 Y-0.0104
X2.5718 Y-0.02
X2.5741 Y-0.0297
X2.576 Y-0.0394
X2.5775 Y-0.0492
G2 X2.5813 Y-0.0888 I-0.4663 J-0.0646
X2.5831 Y-0.1485 I-1.2738 J-0.0686
X2.5836 Y-0.2479 I-7.6877 J-0.0843
G1 Y-0.2777
Y-0.3274
Y-0.4666
X2.5826 Y-0.4765
X2.5805 Y-0.4862
X2.5774 Y-0.4957
X2.5733 Y-0.5048
X2.5684 Y-0.5134
X2.5627 Y-0.5215
X2.5563 Y-0.5292
X2.5493 Y-0.5362
X2.5417 Y-0.5427
X2.5337 Y-0.5485
X2.5253 Y-0.5538
X2.5165 Y-0.5585
X2.5075 Y-0.5627
X2.4982 Y-0.5663
X2.4888 Y-0.5694
X2.4792 Y-0.572
X2.4695 Y-0.5743
X2.4597 Y-0.5761
X2.4499 Y-0.5777
G2 X2.4103 Y-0.5814 I-0.0645 J0.4736
X2.3507 Y-0.5832 I-0.0686 J1.2991
G1 X2.3407 Y-0.5833
X2.3308 Y-0.5834
X2.322 Y-0.5835
X2.3139 Y-0.5839
X2.3059 Y-0.5851
X2.298 Y-0.587
G2 X2.2806 Y-0.5913 I-0.0522 J0.1739
G1 X2.2789 Y-0.5917
X2.2788
G2 X2.251 Y-0.6009 Z0.404 I-0.0716 J0.1699
G1 X2.2498 Y-0.6012
X2.2482 Y-0.6015 F280.
X2.2463 Y-0.6019
X2.2443 Y-0.602
X2.1754 Y-0.603
X2.1734 Y-0.6029
X2.1714 Y-0.6027
X2.1699 Y-0.6023
X2.1687 Y-0.6021 F80.
G2 X2.1406 Y-0.5937 Z0.4 I0.0385 J0.1803
G1 X2.1405
X2.1345 Y-0.5925
X2.1289 Y-0.5914
X2.1258 Y-0.5907
X2.116 Y-0.589
G3 X2.0929 Y-0.5864 I-0.0458 J-0.296
X2.0432 Y-0.5843 I-0.0579 J-0.8154
X1.9537 Y-0.5838 I-0.0789 J-5.146
G1 X1.9338 Y-0.5837
X1.904
X1.8543
X1.6455
X0.154
X0.0346
X0.0247 Y-0.5828
X0.015 Y-0.5808
X0.0055 Y-0.5778
X-0.0036 Y-0.5739
X-0.0123 Y-0.569
X-0.0205 Y-0.5634
X-0.0282 Y-0.5571
X-0.0353 Y-0.5502
X-0.0419 Y-0.5427
X-0.0478 Y-0.5347
X-0.0532 Y-0.5263
X-0.0579 Y-0.5176
X-0.0621 Y-0.5086
X-0.0658 Y-0.4994
X-0.069 Y-0.4899
X-0.0717 Y-0.4804
X-0.074 Y-0.4707
X-0.0759 Y-0.4609
X-0.0775 Y-0.4511
G2 X-0.0813 Y-0.4115 I0.4626 J0.0647
X-0.0831 Y-0.3519 I1.2615 J0.0686
X-0.0836 Y-0.2525 I7.6057 J0.0843
G1 Y-0.2227
Y-0.1729
Y-0.0337
X-0.0827 Y-0.0238
X-0.0806 Y-0.0141
X-0.0775 Y-0.0047
X-0.0735 Y0.0044
X-0.0686 Y0.0131
X-0.0629 Y0.0213
X-0.0565 Y0.0289
X-0.0495 Y0.036
X-0.042 Y0.0424
X-0.034 Y0.0483
X-0.0256 Y0.0536
X-0.0168 Y0.0584
X-0.0078 Y0.0625
X0.0015 Y0.0661
X0.0109 Y0.0693
X0.0205 Y0.0719
X0.0302 Y0.0742
X0.0399 Y0.0761
X0.0497 Y0.0776
G2 X0.0893 Y0.0814 I0.0645 J-0.4704
X0.149 Y0.0832 I0.0686 J-1.2881
X0.2484 Y0.0836 I0.0845 J-7.7828
G1 X0.2782 Y0.0837
X0.3279
X0.5368
X1.1035
X2.0878
X2.0958 Y0.084
X2.1036 Y0.0851
X2.1114 Y0.0869
G2 X2.1289 Y0.0914 I0.0629 J-0.2101
G1 X2.129
G2 X2.1567 Y0.1011 Z0.404 I0.0764 J-0.175
G1 X2.1579 Y0.1014
X2.1605 Y0.102 F280.
X2.1628 Y0.1024
X2.165 Y0.1026
X2.2477 Y0.1022
X2.2499 Y0.102
X2.2522 Y0.1016
X2.2548 Y0.1009
X2.256 Y0.1006 F80.
G2 X2.2836 Y0.0907 Z0.4 I-0.0506 J-0.1841
G1 X2.2837 Y0.0906
G2 X2.2974 Y0.0872 I-0.0307 J-0.1503
G1 X2.3087 Y0.0838
X2.3163 Y0.082
X2.324 Y0.0804
X2.3317 Y0.0792
G3 X2.3667 Y0.0759 I0.0549 J0.3963
X2.4263 Y0.0742 I0.0683 J1.3427
G1 X2.4362 Y0.0737
X2.4461 Y0.0724
X2.4558 Y0.0704
X2.4654 Y0.0676
X2.4747 Y0.064
X2.4836 Y0.0597
X2.4922 Y0.0548
X2.5004 Y0.0491
X2.5082 Y0.0429
X2.5154 Y0.0361
X2.5222 Y0.0288
X2.5285 Y0.0211
X2.5343 Y0.013
X2.5395 Y0.0046
X2.5442 Y-0.0042
X2.5485 Y-0.0132
X2.5523 Y-0.0224
X2.5556 Y-0.0317
X2.5585 Y-0.0412
X2.561 Y-0.0509
X2.5632 Y-0.0606
X2.5651 Y-0.0703
G2 X2.5699 Y-0.1098 I-0.4341 J-0.0734
X2.5727 Y-0.1694 I-0.9816 J-0.0754
X2.5735 Y-0.2589 I-4.2116 J-0.0842
X2.5736 Y-0.3682 I-28.1475 J-0.0867
G1 Y-0.4279
X2.5731 Y-0.4378
X2.5717 Y-0.4477
X2.5696 Y-0.4574
X2.5667 Y-0.4669
X2.563 Y-0.4761
X2.5586 Y-0.4851
X2.5536 Y-0.4936
X2.5478 Y-0.5017
X2.5415 Y-0.5094
X2.5347 Y-0.5166
X2.5273 Y-0.5233
X2.5195 Y-0.5295
X2.5114 Y-0.5352
X2.5029 Y-0.5403
X2.4941 Y-0.545
X2.4851 Y-0.5492
X2.4758 Y-0.5529
X2.4664 Y-0.5561
X2.4569 Y-0.559
X2.4473 Y-0.5615
X2.4376 Y-0.5636
G2 X2.3982 Y-0.5692 I-0.0751 J0.3841
X2.3538 Y-0.572 I-0.071 J0.7634
G1 X2.3445 Y-0.573
X2.3353 Y-0.5749
X2.3264 Y-0.5778
G2 X2.3087 Y-0.5838 I-0.0669 J0.1669
G1 X2.298 Y-0.587
X2.2979
G2 X2.2709 Y-0.5985 Z0.404 I-0.0898 J0.1731
G1 X2.2698 Y-0.5989
X2.2665 Y-0.6 F280.
X2.2639 Y-0.6006
X2.2613 Y-0.6008
X2.1631 Y-0.603
X2.1605 Y-0.6028
X2.1579 Y-0.6023
X2.1545 Y-0.6014
X2.1534 Y-0.6011 F80.
G2 X2.1259 Y-0.5907 Z0.4 I0.0548 J0.1871
G1 X2.1258
X2.1233 Y-0.5901
G2 X2.1009 Y-0.5839 I0.1453 J0.5683
G3 X2.074 Y-0.5787 I-0.049 J-0.1797
X2.0367 Y-0.5756 I-0.0552 J-0.4373
X1.9672 Y-0.574 I-0.0734 J-1.7317
X1.8379 Y-0.5737 I-0.106 J-15.2483
G1 X1.7782
X1.3606
X0.1276
X0.0779
X0.068 Y-0.5735
X0.0581 Y-0.5726
X0.0483 Y-0.5709
X0.0386 Y-0.5685
X0.0292 Y-0.5653
X0.0201 Y-0.5613
X0.0113 Y-0.5566
X0.003 Y-0.5512
X-0.005 Y-0.5453
X-0.0125 Y-0.5387
X-0.0195 Y-0.5316
X-0.0259 Y-0.5241
X-0.0319 Y-0.5162
X-0.0374 Y-0.5079
X-0.0423 Y-0.4992
X-0.0468 Y-0.4903
X-0.0508 Y-0.4812
X-0.0543 Y-0.4719
X-0.0574 Y-0.4625
X-0.06 Y-0.4529
X-0.0623 Y-0.4432
X-0.0643 Y-0.4335
G2 X-0.0696 Y-0.3941 I0.407 J0.0741
X-0.0726 Y-0.3345 I0.9083 J0.0759
X-0.0735 Y-0.245 I3.843 J0.0843
X-0.0736 Y-0.1356 I25.6399 J0.0868
G1 Y-0.076
X-0.0734 Y-0.066
X-0.0723 Y-0.0561
X-0.0705 Y-0.0464
X-0.0679 Y-0.0368
X-0.0645 Y-0.0274
X-0.0604 Y-0.0184
X-0.0556 Y-0.0097
X-0.0501 Y-0.0014
X-0.044 Y0.0065
X-0.0374 Y0.0139
X-0.0302 Y0.0208
X-0.0226 Y0.0272
X-0.0146 Y0.033
X-0.0062 Y0.0384
X0.0025 Y0.0432
X0.0114 Y0.0476
X0.0206 Y0.0515
X0.0299 Y0.0549
X0.0394 Y0.0579
X0.049 Y0.0605
X0.0587 Y0.0628
X0.0684 Y0.0647
G2 X0.1079 Y0.0698 I0.0737 J-0.4189
X0.1674 Y0.0726 I0.0757 J-0.9421
X0.2569 Y0.0735 I0.0844 J-4.0125
X0.3663 Y0.0737 I0.0876 J-26.7915
G1 X0.4657
X1.1916
X2.0567
X2.0573
X2.0648 Y0.0741
X2.0722 Y0.0751
X2.0795 Y0.0768
X2.0867 Y0.0791
G2 X2.1065 Y0.0855 I0.0735 J-0.1922
G1 X2.1114 Y0.0869
X2.1115 Y0.087
G2 X2.1385 Y0.0983 Z0.404 I0.0956 J-0.1899
G1 X2.1397 Y0.0987
X2.1459 Y0.1007 F280.
X2.1487 Y0.1013
X2.1516 Y0.1015
X2.269 Y0.0996
X2.2718 Y0.0994
X2.2746 Y0.0987
X2.2808 Y0.0965
X2.2819 Y0.0961 F80.
G2 X2.3086 Y0.0839 Z0.4 I-0.0748 J-0.199
G1 X2.3087 Y0.0838
G2 X2.3286 Y0.0769 I-0.0545 J-0.1892
G3 X2.354 Y0.0706 I0.0486 J0.142
G1 X2.3599 Y0.0697
G3 X2.3959 Y0.0662 I0.0587 J0.4169
G1 X2.4058 Y0.0655
X2.4157 Y0.0644
X2.4255 Y0.0627
X2.4351 Y0.0604
X2.4446 Y0.0575
X2.4539 Y0.0539
X2.4629 Y0.0497
X2.4716 Y0.0449
X2.48 Y0.0395
X2.4879 Y0.0335
X2.4955 Y0.027
X2.5026 Y0.0201
X2.5092 Y0.0127
X2.5154 Y0.0049
X2.5211 Y-0.0033
X2.5263 Y-0.0117
X2.5311 Y-0.0204
X2.5354 Y-0.0294
X2.5393 Y-0.0385
X2.5428 Y-0.0479
X2.5458 Y-0.0573
X2.5486 Y-0.0669
X2.5509 Y-0.0765
G2 X2.5575 Y-0.1158 I-0.3681 J-0.0821
X2.5614 Y-0.1653 I-0.6784 J-0.0781
X2.5632 Y-0.2448 I-1.9984 J-0.0857
X2.5636 Y-0.394 I-15.0886 J-0.1122
G1 X2.5634 Y-0.4039
X2.5626 Y-0.4138
X2.5612 Y-0.4237
X2.5592 Y-0.4334
X2.5565 Y-0.443
X2.5531 Y-0.4523
X2.5491 Y-0.4614
X2.5445 Y-0.4702
X2.5392 Y-0.4787
X2.5333 Y-0.4867
X2.527 Y-0.4943
X2.5201 Y-0.5015
X2.5128 Y-0.5083
X2.5051 Y-0.5145
X2.497 Y-0.5203
X2.4886 Y-0.5256
X2.4799 Y-0.5305
X2.471 Y-0.5349
X2.4619 Y-0.5388
X2.4526 Y-0.5424
X2.4431 Y-0.5455
X2.4336 Y-0.5483
X2.4239 Y-0.5507
X2.4142 Y-0.5528
G2 X2.3808 Y-0.558 I-0.0953 J0.4966
G1 X2.3718 Y-0.5597
X2.3631 Y-0.5623
X2.3546 Y-0.5658
X2.348 Y-0.569
X2.3424 Y-0.5716
X2.3387 Y-0.573
X2.3311 Y-0.576
X2.3264 Y-0.5778
G2 X2.3005 Y-0.5917 Z0.404 I-0.118 J0.1884
G1 X2.2994 Y-0.5922
G2 X2.2736 Y-0.6019 I-0.091 J0.2028 F280.
G1 X2.2711 Y-0.6025
X2.2686 Y-0.6027
X2.16 Y-0.6057
X2.1574 Y-0.6056
X2.1549 Y-0.6052
G2 X2.1286 Y-0.5969 I0.0535 J0.2158
G1 X2.1275 Y-0.5964 F80.
G2 X2.1009 Y-0.584 Z0.4 I0.0809 J0.207
G1 X2.1008 Y-0.5839
X2.0952 Y-0.5822
X2.0896 Y-0.5802
X2.0809 Y-0.577
G3 X2.0522 Y-0.5701 I-0.052 J-0.1552
G1 X2.0456 Y-0.5692
G3 X2.0078 Y-0.5659 I-0.0591 J-0.4617
X1.9382 Y-0.5641 I-0.0763 J-1.6376
X1.8289 Y-0.5637 I-0.093 J-10.1258
G1 X1.799
X1.7493
X1.5902
X0.1186
X0.1087
X0.0987 Y-0.5635
X0.0888 Y-0.5629
X0.0789 Y-0.5617
X0.0692 Y-0.5598
X0.0595 Y-0.5573
X0.0501 Y-0.5541
X0.0409 Y-0.5502
X0.0321 Y-0.5457
X0.0235 Y-0.5406
X0.0154 Y-0.5349
X0.0077 Y-0.5287
X0.0003 Y-0.522
X-0.0065 Y-0.5148
X-0.0129 Y-0.5071
X-0.0188 Y-0.4992
X-0.0243 Y-0.4908
X-0.0292 Y-0.4822
X-0.0338 Y-0.4734
X-0.0378 Y-0.4643
X-0.0415 Y-0.455
X-0.0447 Y-0.4456
X-0.0475 Y-0.4361
X-0.05 Y-0.4265
X-0.0522 Y-0.4168
G2 X-0.0582 Y-0.3775 I0.3958 J0.0805
X-0.062 Y-0.318 I0.8006 J0.0814
X-0.0634 Y-0.2384 I2.6617 J0.0835
X-0.0636 Y-0.1092 I18.1322 J0.1012
G1 X-0.0635 Y-0.0992
X-0.0629 Y-0.0893
X-0.0617 Y-0.0794
X-0.0599 Y-0.0696
X-0.0574 Y-0.06
X-0.0543 Y-0.0506
X-0.0504 Y-0.0414
X-0.046 Y-0.0325
X-0.0409 Y-0.024
X-0.0352 Y-0.0158
X-0.029 Y-0.008
X-0.0223 Y-0.0007
X-0.0151 Y0.0062
X-0.0075 Y0.0126
X0.0004 Y0.0186
X0.0087 Y0.024
X0.0173 Y0.029
X0.0262 Y0.0336
X0.0352 Y0.0376
X0.0445 Y0.0413
X0.0539 Y0.0446
X0.0634 Y0.0474
X0.073 Y0.0499
X0.0827 Y0.0521
G2 X0.122 Y0.0582 I0.0808 J-0.3943
X0.1815 Y0.0621 I0.0815 J-0.7932
X0.2611 Y0.0634 I0.0837 J-2.639
X0.3804 Y0.0637 I0.1013 J-17.7188
G1 X0.4301
X0.5793
X1.2654
X2.0211
X2.031
X2.0333 Y0.0638
X2.0421 Y0.0644
X2.0507 Y0.0659
X2.059 Y0.0683
X2.0671 Y0.0716
X2.0706 Y0.073
X2.0728 Y0.0739
X2.0784 Y0.076
X2.0867 Y0.0791
G2 X2.1127 Y0.0927 Z0.404 I0.1192 J-0.1958
G1 X2.1138 Y0.0932
G2 X2.1415 Y0.1033 I0.0921 J-0.2099 F280.
G1 X2.1442 Y0.1039
X2.1469 Y0.1041
X2.2688 Y0.103
X2.2716 Y0.1027
X2.2742 Y0.1021
G2 X2.3017 Y0.0916 I-0.0683 J-0.2188
G1 X2.3028 Y0.0911 F80.
G2 X2.3285 Y0.077 Z0.4 I-0.0969 J-0.2077
G1 X2.3286 Y0.0769
X2.3311 Y0.076
X2.3387 Y0.073
X2.3424 Y0.0716
X2.3455 Y0.0702
G3 X2.3667 Y0.0634 I0.0477 J0.1133
G1 X2.3715 Y0.0624
X2.3813 Y0.0605
X2.3911 Y0.0587
X2.4008 Y0.0567
X2.4105 Y0.0543
X2.42 Y0.0515
X2.4294 Y0.0482
X2.4385 Y0.0443
X2.4474 Y0.0398
X2.456 Y0.0348
X2.4643 Y0.0294
X2.4723 Y0.0234
X2.4798 Y0.0169
X2.487 Y0.01
X2.4937 Y0.0027
X2.5 Y-0.005
X2.5059 Y-0.0131
X2.5113 Y-0.0214
X2.5163 Y-0.03
X2.5208 Y-0.0388
X2.525 Y-0.0479
X2.5287 Y-0.0571
X2.5321 Y-0.0664
X2.5351 Y-0.0759
X2.5378 Y-0.0855
X2.5401 Y-0.0951
G2 X2.5468 Y-0.1343 I-0.3905 J-0.0869
X2.5514 Y-0.1938 I-0.7299 J-0.0866
G3 X2.5521 Y-0.2091 I0.9013 J0.0318
G1 X2.5523 Y-0.211
G3 X2.5709 Y-0.2272 Z0.4037 I0.0186 J0.0025
G1 X2.5732 Y-0.2263 Z0.404
X2.5743 Y-0.2258
X2.5839 Y-0.2219 F280.
X2.6458 Y-0.1292
G3 X2.6569 Y-0.0588 I-0.0684 J0.0468
G1 X2.6376 Y0.
X2.6064 Y0.0569
X2.5794 Y0.0899
X2.5762 Y0.0935
X2.5727 Y0.0969
X2.5558 Y0.1127
X2.5531 Y0.1154
X2.5502 Y0.1179
X2.5165 Y0.136
X2.3985 Y0.1829
G3 X2.3224 Y0.0899 I-0.0254 J-0.0569
G1 X2.3231 Y0.0889 F80.
G3 X2.3455 Y0.0702 Z0.4 I0.0501 J0.0371
G1 X2.348 Y0.069
X2.3592 Y0.0636
X2.363 Y0.0618
X2.3672 Y0.06
X2.3702 Y0.0587
X2.3757 Y0.0566
X2.3851 Y0.0532
X2.3945 Y0.0499
X2.4037 Y0.0463
X2.4129 Y0.0425
X2.4219 Y0.0382
X2.4307 Y0.0336
X2.4392 Y0.0285
X2.4475 Y0.0229
X2.4554 Y0.0169
X2.463 Y0.0105
X2.4702 Y0.0037
X2.4771 Y-0.0035
X2.4836 Y-0.0111
X2.4896 Y-0.0189
X2.4953 Y-0.0271
X2.5006 Y-0.0355
X2.5054 Y-0.0442
X2.5099 Y-0.0531
X2.5139 Y-0.0622
X2.5176 Y-0.0714
X2.521 Y-0.0808
X2.524 Y-0.0903
G2 X2.5319 Y-0.1233 I-0.3108 J-0.0919
G1 X2.5327 Y-0.1272
X2.5337 Y-0.131
X2.5349 Y-0.1348
G3 X2.5524 Y-0.147 Z0.4031 I0.0176 J0.0066
G1 X2.5584 Y-0.1441 Z0.404
X2.5595 Y-0.1436
X2.567 Y-0.14 F280.
X2.571 Y-0.1236
X2.5665 Y0.0112
X2.5271 Y0.0618
X2.4399 Y0.1573
G3 X2.3407 Y0.0824 I-0.0471 J-0.0408
G1 X2.3414 Y0.0814 F80.
G3 X2.363 Y0.0618 Z0.4 I0.0515 J0.0351
G1 X2.3648 Y0.0609
X2.3705 Y0.058
G2 X2.3928 Y0.0449 I-0.4704 J-0.8264
G1 X2.4014 Y0.0399
X2.4099 Y0.0347
X2.4182 Y0.0292
X2.4264 Y0.0235
X2.4343 Y0.0175
X2.442 Y0.0112
X2.4494 Y0.0046
X2.4565 Y-0.0024
X2.4632 Y-0.0097
X2.4696 Y-0.0173
X2.4757 Y-0.0252
X2.4813 Y-0.0334
X2.4867 Y-0.0418
X2.489 Y-0.0458
X2.49 Y-0.0474
X2.491 Y-0.049
X2.4921 Y-0.0506
G3 X2.5183 Y-0.0542 Z0.404 I0.0149 J0.0113
G1 X2.5193 Y-0.0534
G3 X2.52 Y-0.0257 I-0.0123 J0.0142 F280.
G1 X2.4165 Y0.0738
G3 X2.3889 Y0.0719 I-0.013 J-0.0135
G1 X2.3881 Y0.071 F80.
G3 X2.3928 Y0.0449 Z0.4 I0.0154 J-0.0107
G1 X2.3985 Y0.0411
X2.4098 Y0.0332
X2.4154 Y0.0292
X2.4169 Y0.0281
G2 X2.4379 Y0.0108 I-0.5152 J-0.6458
G1 X2.4433 Y0.0056
X2.4547 Y-0.0054
G2 X2.4772 Y-0.0306 I-0.3665 J-0.3491
X2.4921 Y-0.0506 I-1.0851 J-0.8261
X2.5064 Y-0.073 I-0.5163 J-0.3446
G1 X2.5096 Y-0.0786
X2.5126 Y-0.0843
X2.5185 Y-0.0955
X2.5212 Y-0.1011
X2.5237 Y-0.1067
X2.5285 Y-0.118
G2 X2.5349 Y-0.1348 I-0.164 J-0.0717
G1 X2.5386 Y-0.1461
X2.539 Y-0.1472
X2.5404 Y-0.1517
X2.542 Y-0.1573
X2.5447 Y-0.1685
X2.5461 Y-0.1742
X2.5474 Y-0.1798
G2 X2.552 Y-0.2079 I-0.6993 J-0.128
X2.5542 Y-0.236 I-0.7995 J-0.079
Y-0.2642 I-0.8822 J-0.014
G3 X2.5537 Y-0.3537 I5.0461 J-0.0756
G1 X2.5536 Y-0.3636
X2.5535 Y-0.3736
X2.553 Y-0.3835
X2.5521 Y-0.3934
X2.5507 Y-0.4033
X2.5487 Y-0.413
X2.5462 Y-0.4226
X2.543 Y-0.432
X2.5392 Y-0.4412
X2.5348 Y-0.4501
X2.5298 Y-0.4587
X2.5243 Y-0.467
X2.5182 Y-0.4749
X2.5117 Y-0.4824
X2.5047 Y-0.4895
X2.4973 Y-0.4961
X2.4895 Y-0.5023
X2.4814 Y-0.5081
X2.473 Y-0.5134
X2.4643 Y-0.5182
X2.4554 Y-0.5227
X2.4463 Y-0.5267
X2.4371 Y-0.5303
X2.4277 Y-0.5335
X2.4182 Y-0.5365
X2.4086 Y-0.5392
X2.4076 Y-0.5395
X2.4006 Y-0.5418
X2.3938 Y-0.5447
X2.3873 Y-0.5482
G3 X2.3815 Y-0.5741 Z0.404 I0.01 J-0.0158
G1 X2.3822 Y-0.5751
G3 X2.3985 Y-0.5828 I0.0152 J0.011 F280.
G1 X2.5333 Y-0.5934
G3 X2.593 Y-0.5674 I0.0036 J0.0731
G1 X2.6322 Y-0.5169
X2.6597 Y-0.4551
X2.6783 Y-0.2753
G3 X2.6681 Y-0.2361 I-0.0621 J0.0048
G1 Y-0.236
G3 X2.5646 Y-0.2357 I-0.0519 J-0.0345
G1 X2.5639 Y-0.2367 F80.
G3 X2.5542 Y-0.2642 Z0.4 I0.0523 J-0.0338
G2 X2.552 Y-0.2921 I-0.8645 J0.0558
G1 X2.5511 Y-0.2978
X2.5502 Y-0.3037
X2.5493 Y-0.309
X2.5482 Y-0.3189
X2.5475 Y-0.325
X2.5466 Y-0.3339
X2.5458 Y-0.3439
X2.5451 Y-0.3538
X2.5442 Y-0.3637
X2.5431 Y-0.3736
X2.5416 Y-0.3834
X2.5395 Y-0.3931
X2.537 Y-0.4027
X2.5339 Y-0.4122
X2.5303 Y-0.4215
X2.5262 Y-0.4305
X2.5214 Y-0.4392
X2.5162 Y-0.4477
X2.5104 Y-0.4558
X2.5042 Y-0.4635
X2.4975 Y-0.4709
X2.4904 Y-0.4779
X2.483 Y-0.4844
X2.4751 Y-0.4906
X2.467 Y-0.4963
X2.4586 Y-0.5016
X2.45 Y-0.5065
X2.4412 Y-0.5111
X2.4354 Y-0.5142
X2.43 Y-0.5178
X2.4248 Y-0.5217
G3 X2.4184 Y-0.5357 Z0.4022 I0.0124 J-0.0141
G1 X2.4244 Y-0.5479 Z0.404
X2.4249 Y-0.549
X2.4257 Y-0.5506 F280.
X2.4379 Y-0.5545
X2.4547 Y-0.5449
X2.6457 Y-0.3632
G3 X2.6472 Y-0.2788 I-0.0393 J0.0429
X2.5628 Y-0.2818 I-0.0408 J-0.0415
G1 X2.562 Y-0.2827 F80.
G3 X2.5493 Y-0.309 Z0.4 I0.0445 J-0.0375
G1 X2.5484 Y-0.3146
X2.5474 Y-0.3202
X2.5461 Y-0.3258
X2.5446 Y-0.3321
X2.542 Y-0.3427
X2.5404 Y-0.3483
X2.5378 Y-0.3579
X2.5354 Y-0.3676
X2.5328 Y-0.3772
X2.5298 Y-0.3866
X2.5264 Y-0.396
X2.5226 Y-0.4052
X2.5183 Y-0.4141
X2.5135 Y-0.4229
X2.5083 Y-0.4313
X2.5026 Y-0.4395
X2.4965 Y-0.4473
X2.4899 Y-0.4548
X2.4861 Y-0.4587
X2.4837 Y-0.4613
X2.4814 Y-0.4639
X2.4793 Y-0.4666
G3 X2.4837 Y-0.4927 Z0.404 I0.0153 J-0.0109
G1 X2.4847 Y-0.4934
G3 X2.5112 Y-0.486 I0.0099 J0.016 F280.
G1 X2.5747 Y-0.3633
G3 X2.5655 Y-0.3375 I-0.0167 J0.0086
G1 X2.5644 Y-0.337 F80.
G3 X2.5404 Y-0.3483 Z0.4 I-0.0064 J-0.0176
G2 X2.533 Y-0.3708 I-1.7613 J0.5703
G1 X2.5308 Y-0.3764
X2.5285 Y-0.382
X2.5237 Y-0.3933
X2.5212 Y-0.3989
X2.5185 Y-0.4045
X2.5126 Y-0.4157
X2.5096 Y-0.4214
X2.5064 Y-0.427
G2 X2.4921 Y-0.4494 I-0.5146 J0.3116
X2.4751 Y-0.4719 I-0.6207 J0.4502
G1 X2.4702 Y-0.4775
X2.4653 Y-0.4832
X2.4602 Y-0.4888
X2.4549 Y-0.4944
G2 X2.4374 Y-0.5112 I-0.7053 J0.7177
X2.4154 Y-0.5293 I-0.5052 J0.5935
X2.3927 Y-0.545 I-0.4665 J0.6492
X2.3705 Y-0.558 I-0.5032 J0.8319
X2.3546 Y-0.5658 I-0.2015 J0.3882
G1 Y-0.5659
G2 X2.33 Y-0.5819 Z0.404 I-0.1449 J0.1948
G1 X2.329 Y-0.5825
G2 X2.2992 Y-0.5968 I-0.1193 J0.2115 F280.
G1 X2.2962 Y-0.5977
X2.2931 Y-0.5981
X2.1449 Y-0.6041
X2.1418 Y-0.6039
X2.1387 Y-0.6033
G2 X2.1079 Y-0.5915 I0.071 J0.2322
G1 X2.1068 Y-0.591 F80.
G2 X2.081 Y-0.577 Z0.4 I0.1029 J0.22
G1 X2.0809
G2 X2.0671 Y-0.5716 I0.0896 J0.2495
G1 X2.0641 Y-0.5702
G3 X2.0403 Y-0.5629 I-0.0473 J-0.1122
X2.0157 Y-0.5589 I-0.0534 J-0.2519
X1.976 Y-0.5558 I-0.0616 J-0.5363
X1.9065 Y-0.5542 I-0.0787 J-1.8378
X1.7673 Y-0.5537 I-0.117 J-14.1541
G1 X1.7175
X1.5982
X0.1465
X0.1365 Y-0.5536
X0.1266 Y-0.5535
X0.1167 Y-0.553
X0.1068 Y-0.5522
X0.0969 Y-0.5507
X0.0872 Y-0.5488
X0.0776 Y-0.5462
X0.0682 Y-0.543
X0.059 Y-0.5392
X0.05 Y-0.5348
X0.0414 Y-0.5299
X0.0331 Y-0.5244
X0.0253 Y-0.5183
X0.0177 Y-0.5118
X0.0107 Y-0.5048
X0.004 Y-0.4974
X-0.0022 Y-0.4896
X-0.0079 Y-0.4815
X-0.0133 Y-0.4731
X-0.0181 Y-0.4645
X-0.0226 Y-0.4556
X-0.0266 Y-0.4465
X-0.0302 Y-0.4372
X-0.0334 Y-0.4278
X-0.0363 Y-0.4183
X-0.0388 Y-0.4087
G2 X-0.0461 Y-0.3696 I0.3616 J0.0876
X-0.0507 Y-0.3201 I0.6289 J0.0829
X-0.053 Y-0.2406 I1.6829 J0.0896
X-0.0535 Y-0.1312 I7.4219 J0.0879
G1 X-0.0532 Y-0.1213
X-0.0526 Y-0.1114
X-0.0514 Y-0.1015
X-0.0497 Y-0.0917
X-0.0474 Y-0.082
X-0.0445 Y-0.0725
X-0.041 Y-0.0632
X-0.0369 Y-0.0541
X-0.0322 Y-0.0454
X-0.0269 Y-0.0369
X-0.0211 Y-0.0289
X-0.0148 Y-0.0212
X-0.0081 Y-0.0139
X-0.0009 Y-0.007
X0.0067 Y-0.0006
X0.0147 Y0.0053
X0.023 Y0.0109
X0.0315 Y0.0159
X0.0403 Y0.0206
X0.0493 Y0.0248
X0.0585 Y0.0286
X0.0678 Y0.032
X0.0773 Y0.035
X0.0869 Y0.0377
X0.0965 Y0.0401
G2 X0.1357 Y0.0468 I0.0864 J-0.3846
X0.1952 Y0.0515 I0.0863 J-0.7225
X0.2747 Y0.0532 I0.0876 J-2.1607
X0.4139 Y0.0537 I0.1169 J-15.4333
G1 X0.4636
X0.5929
X1.3287
X1.985
G3 X2.0137 Y0.0539 I0.0066 J0.8972
G1 X2.0227 Y0.0548
X2.0314 Y0.0566
X2.04 Y0.0592
X2.0482 Y0.0628
X2.0503 Y0.0638
X2.0615 Y0.069
X2.0671 Y0.0716
X2.0845 Y0.0953 Z0.404
X2.0852 Y0.0963
X2.0929 Y0.1068 F280.
X2.1402 Y0.1801
G2 X2.2244 Y0.2256 I0.083 J-0.0529
G1 X2.3031 Y0.2203
X2.3592 Y0.2052
X2.4435 Y0.1731
X2.4772 Y0.1515
X2.5647 Y0.0674
X2.6137 Y0.0012
X2.6538 Y-0.0786
X2.6759 Y-0.1587
X2.6852 Y-0.2416
X2.6794 Y-0.3213
X2.6641 Y-0.3933
X2.6232 Y-0.4864
X2.5967 Y-0.5393
G2 X2.5654 Y-0.5787 I-0.0901 J0.0396
G1 X2.4491 Y-0.6633
X2.3705 Y-0.7002
X2.2974 Y-0.7214
X2.2244 Y-0.7219
X2.1963 Y-0.7165
G2 X2.1289 Y-0.6687 I0.018 J0.0968
G1 X2.0932 Y-0.6011
G3 X2.087 Y-0.59 I-0.0572 J-0.0246
G1 X2.0863 Y-0.589 F80.
G3 X2.0641 Y-0.5702 Z0.4 I-0.0503 J-0.0367
G1 X2.0559 Y-0.5664
X2.0503 Y-0.5638
X2.0463 Y-0.5618
G3 X2.0241 Y-0.5544 I-0.0458 J-0.101
X2.0021 Y-0.5503 I-0.0524 J-0.219
X1.964 Y-0.5466 I-0.0636 J-0.4555
X1.8945 Y-0.5444 I-0.0809 J-1.4414
X1.7851 Y-0.5438 I-0.0976 J-7.6392
G1 X1.7652 Y-0.5437
X1.7354
X1.6857
X1.5763
X0.1842
X0.1743
X0.1643 Y-0.5436
X0.1544 Y-0.5435
X0.1444 Y-0.5432
X0.1345 Y-0.5427
X0.1246 Y-0.5417
X0.1148 Y-0.5402
X0.105 Y-0.5382
X0.0954 Y-0.5357
X0.086 Y-0.5326
X0.0767 Y-0.5289
X0.0677 Y-0.5247
X0.059 Y-0.5199
X0.0506 Y-0.5146
X0.0426 Y-0.5087
X0.0349 Y-0.5024
X0.0276 Y-0.4957
X0.0207 Y-0.4885
X0.0142 Y-0.481
X0.0082 Y-0.4731
X0.0026 Y-0.4649
X-0.0026 Y-0.4564
X-0.0074 Y-0.4477
X-0.0118 Y-0.4387
X-0.0157 Y-0.4296
X-0.0193 Y-0.4203
X-0.0225 Y-0.4109
X-0.0254 Y-0.4014
X-0.0279 Y-0.3918
G2 X-0.0354 Y-0.3527 I0.372 J0.0911
X-0.0402 Y-0.3033 I0.6293 J0.0865
X-0.0429 Y-0.2238 I1.5821 J0.0928
X-0.0434 Y-0.1542 I3.3658 J0.0577
G1 X-0.0431 Y-0.1442
X-0.0425 Y-0.1343
X-0.0415 Y-0.1244
X-0.04 Y-0.1146
X-0.0381 Y-0.1048
X-0.0355 Y-0.0952
X-0.0324 Y-0.0858
X-0.0287 Y-0.0765
X-0.0245 Y-0.0675
X-0.0197 Y-0.0588
X-0.0144 Y-0.0504
X-0.0086 Y-0.0424
X-0.0022 Y-0.0347
X0.0045 Y-0.0274
X0.0117 Y-0.0205
X0.0192 Y-0.0141
X0.0271 Y-0.008
X0.0354 Y-0.0024
X0.0438 Y0.0028
X0.0526 Y0.0075
X0.0615 Y0.0119
X0.0706 Y0.0158
X0.0799 Y0.0194
X0.0893 Y0.0226
X0.0988 Y0.0255
X0.1085 Y0.028
G2 X0.1475 Y0.0354 I0.0914 J-0.3748
X0.197 Y0.0403 I0.0863 J-0.6287
X0.2765 Y0.0429 I0.0928 J-1.5902
X0.366 Y0.0435 I0.088 J-6.1778
X0.4455 Y0.0437 I0.075 J-25.089
G1 X0.4952
X0.6146
X1.4001
X1.9569
X1.9669
X1.9768
X1.9867 Y0.0438
X1.9937 Y0.044
X1.9964 Y0.0442
X2.0043 Y0.045
X2.0121 Y0.0465
X2.0197 Y0.0487
X2.0271 Y0.0517
X2.0342 Y0.0552
G2 X2.0482 Y0.0628 I0.1279 J-0.2209
G1 X2.0615 Y0.0816 Z0.4031
X2.0644 Y0.0873 Z0.404
X2.065 Y0.0884
X2.1111 Y0.1798 F280.
G2 X2.1177 Y0.191 I0.0879 J-0.0443
X2.2132 Y0.2329 I0.0813 J-0.0555
G1 X2.3354 Y0.2135
X2.4413 Y0.1742
X2.4772 Y0.1515
X2.5647 Y0.0674
X2.6137 Y0.0012
X2.6538 Y-0.0786
X2.6759 Y-0.1587
X2.6852 Y-0.2416
X2.6794 Y-0.3213
X2.6641 Y-0.3933
X2.6221 Y-0.4888
X2.5951 Y-0.5428
G2 X2.5654 Y-0.5787 I-0.0885 J0.043
G1 X2.4491 Y-0.6633
X2.3793 Y-0.6966
X2.3064 Y-0.7191
X2.275 Y-0.723
G2 X2.2076 Y-0.7049 I-0.0098 J0.0979
G1 X2.1626 Y-0.6741
X2.0683 Y-0.5831
X2.0675 Y-0.5823 F80.
X2.0463 Y-0.5618 Z0.4
X2.0447 Y-0.561
X2.0391 Y-0.558
X2.0334 Y-0.5548
G3 X2.0113 Y-0.5464 I-0.0476 J-0.0925
X1.9855 Y-0.5411 I-0.0567 J-0.2094
X1.9477 Y-0.5371 I-0.0653 J-0.4354
X1.8782 Y-0.5345 I-0.0831 J-1.3205
X1.7787 Y-0.5338 I-0.0945 J-6.0575
X1.6694 Y-0.5337 I-0.0937 J-34.3831
G1 X1.5898
X0.2077
G2 X0.1679 Y-0.5333 I-0.0078 J1.3127
G1 X0.158 Y-0.5328
X0.1481 Y-0.532
X0.1382 Y-0.5308
X0.1284 Y-0.5291
X0.1187 Y-0.527
X0.1091 Y-0.5243
X0.0997 Y-0.5211
X0.0905 Y-0.5174
X0.0815 Y-0.5131
X0.0728 Y-0.5083
X0.0644 Y-0.503
X0.0563 Y-0.4972
X0.0486 Y-0.4909
X0.0413 Y-0.4842
X0.0343 Y-0.4771
X0.0278 Y-0.4696
X0.0216 Y-0.4618
X0.0159 Y-0.4537
X0.0106 Y-0.4453
X0.0057 Y-0.4366
X0.0012 Y-0.4277
X-0.003 Y-0.4187
X-0.0067 Y-0.4095
X-0.0101 Y-0.4001
X-0.0131 Y-0.3907
X-0.0159 Y-0.3811
G2 X-0.0239 Y-0.3422 I0.3639 J0.096
X-0.0294 Y-0.2928 I0.5886 J0.0903
X-0.0324 Y-0.2232 I1.3074 J0.0915
X-0.033 Y-0.1735 I1.5212 J0.0411
G1 X-0.0327 Y-0.1636
X-0.0321 Y-0.1537
X-0.0312 Y-0.1438
X-0.0299 Y-0.1339
X-0.028 Y-0.1241
X-0.0257 Y-0.1145
X-0.0228 Y-0.105
X-0.0194 Y-0.0956
X-0.0154 Y-0.0865
X-0.0109 Y-0.0776
X-0.0059 Y-0.0691
X-0.0003 Y-0.0608
X0.0057 Y-0.0529
X0.0121 Y-0.0453
X0.019 Y-0.0381
X0.0263 Y-0.0314
X0.0339 Y-0.025
X0.0419 Y-0.019
X0.0501 Y-0.0135
X0.0586 Y-0.0083
X0.0674 Y-0.0036
X0.0763 Y0.0007
X0.0854 Y0.0047
X0.0947 Y0.0083
X0.1041 Y0.0115
X0.1136 Y0.0144
X0.1232 Y0.017
G2 X0.1623 Y0.0246 I0.0946 J-0.3793
X0.2216 Y0.0304 I0.0939 J-0.6596
X0.2912 Y0.0328 I0.0891 J-1.5943
X0.4005 Y0.0335 I0.1028 J-6.6937
G1 X0.4204 Y0.0336
X0.4403
X0.4702 Y0.0337
X0.5199
X0.6193
X1.4645
X1.9318
G3 X1.9712 Y0.034 I0.0077 J1.7126
G1 X1.9769 Y0.0342
X1.9804 Y0.0344
X1.989 Y0.0354
X1.9976 Y0.0373
X2.0058 Y0.04
X2.0138 Y0.0435
X2.0214 Y0.0479
X2.0222 Y0.0484
X2.0259 Y0.0506
X2.0342 Y0.0552
X2.0428 Y0.0674 Z0.402
X2.0436 Y0.0819 Z0.404
X2.0437 Y0.0831
X2.0462 Y0.1292 F280.
G2 X2.1458 Y0.2235 I0.0983 J-0.0042
G1 X2.2806 Y0.2228
X2.3424 Y0.2109
X2.4413 Y0.1742
X2.4772 Y0.1515
X2.5647 Y0.0674
X2.6137 Y0.0012
X2.6538 Y-0.0786
X2.6759 Y-0.1587
X2.6852 Y-0.2416
X2.6794 Y-0.3213
X2.6641 Y-0.3933
X2.6246 Y-0.4832
X2.5783 Y-0.5515
X2.5221 Y-0.61
X2.4491 Y-0.6632
X2.3705 Y-0.7002
X2.2974 Y-0.721
X2.2637 Y-0.7235
G2 X2.2219 Y-0.7135 I0.0014 J0.0984
G1 X2.1402 Y-0.674
X2.0548 Y-0.5766
X2.054 Y-0.5757 F80.
X2.0391 Y-0.5587 Z0.4009
X2.0334 Y-0.5548 Z0.4
X2.0259 Y-0.5506
X2.0222 Y-0.5484
X2.0213 Y-0.5478
G3 X1.9995 Y-0.5385 I-0.0471 J-0.0797
X1.9769 Y-0.533 I-0.0551 J-0.1789
X1.9427 Y-0.5284 I-0.0667 J-0.3666
X1.8831 Y-0.5252 I-0.0797 J-0.9247
X1.7936 Y-0.524 I-0.0932 J-3.5432
X1.6445 Y-0.5237 I-0.1226 J-26.2283
G1 X1.5649
X0.2325
G2 X0.1927 Y-0.5234 I-0.0072 J1.8714
G1 X0.1828 Y-0.523
X0.1729 Y-0.5225
X0.163 Y-0.5215
X0.1531 Y-0.5203
X0.1433 Y-0.5185
X0.1336 Y-0.5164
X0.124 Y-0.5137
X0.1146 Y-0.5105
X0.1054 Y-0.5068
X0.0964 Y-0.5025
X0.0877 Y-0.4978
X0.0792 Y-0.4926
X0.0711 Y-0.4869
X0.0633 Y-0.4807
X0.0558 Y-0.4741
X0.0487 Y-0.4671
X0.042 Y-0.4598
X0.0357 Y-0.4521
X0.0299 Y-0.4441
X0.0244 Y-0.4358
X0.0193 Y-0.4272
X0.0146 Y-0.4185
X0.0102 Y-0.4095
X0.0063 Y-0.4004
X0.0027 Y-0.3911
X-0.0005 Y-0.3817
X-0.0035 Y-0.3722
G2 X-0.0123 Y-0.3335 I0.3501 J0.1003
X-0.0185 Y-0.2842 I0.5512 J0.0944
X-0.0223 Y-0.1948 I1.1405 J0.0935
G1 X-0.0222 Y-0.1848
X-0.0218 Y-0.1749
X-0.021 Y-0.165
X-0.0199 Y-0.1551
X-0.0183 Y-0.1453
X-0.0163 Y-0.1355
X-0.0138 Y-0.1259
X-0.0107 Y-0.1165
X-0.0071 Y-0.1072
X-0.003 Y-0.0981
X0.0016 Y-0.0893
X0.0067 Y-0.0808
X0.0123 Y-0.0726
X0.0184 Y-0.0647
X0.0248 Y-0.0572
X0.0318 Y-0.05
X0.039 Y-0.0432
X0.0467 Y-0.0369
X0.0546 Y-0.0309
X0.0629 Y-0.0253
X0.0713 Y-0.0201
X0.0801 Y-0.0154
X0.089 Y-0.011
X0.0981 Y-0.007
X0.1073 Y-0.0033
X0.1167 Y0.
X0.1262 Y0.003
G2 X0.1649 Y0.012 I0.1007 J-0.3439
X0.2142 Y0.0184 I0.0948 J-0.5402
X0.2837 Y0.0221 I0.095 J-1.1307
X0.3831 Y0.0234 I0.1014 J-3.8895
X0.5323 Y0.0237 I0.1219 J-27.0223
G1 X0.6118
X1.5167
X1.9045
G3 X1.9533 Y0.024 I0.0098 J2.2035
G1 X1.9603 Y0.0243
X1.965 Y0.0247
X1.9678 Y0.0249
X1.9764 Y0.0261
X1.9849 Y0.0282
X1.9931 Y0.0311
X2.0009 Y0.0348
X2.0084 Y0.0393
X2.011 Y0.041
X2.0166 Y0.0448
X2.024 Y0.0562 Z0.4018
X2.0257 Y0.0719 Z0.404
X2.0258 Y0.0732
X2.0317 Y0.1292 F280.
G2 X2.0782 Y0.2079 I0.0983 J-0.0051
G1 X2.0784 Y0.208
G2 X2.1233 Y0.2224 I0.0516 J-0.0838
G1 X2.2806 Y0.2228
X2.3424 Y0.2108
X2.4413 Y0.1742
X2.4772 Y0.1515
X2.5647 Y0.0674
X2.6144 Y0.
X2.6538 Y-0.0786
X2.6757 Y-0.1573
X2.685 Y-0.236
X2.6803 Y-0.3146
X2.6652 Y-0.3901
X2.6276 Y-0.4775
X2.5895 Y-0.5356
X2.5365 Y-0.5969
X2.4716 Y-0.6483
X2.4098 Y-0.6834
X2.3306 Y-0.7135
X2.275 Y-0.7236
X2.1514 Y-0.7235
G2 X2.0671 Y-0.6799 I-0.0024 J0.0984
G1 Y-0.6798
G2 X2.0559 Y-0.6573 I0.0819 J0.0546
G1 X2.0485 Y-0.6011
X2.0483 Y-0.5955
G3 X2.0414 Y-0.5705 I-0.0622 J-0.0037
G1 X2.0408 Y-0.5695 F80.
G3 X2.0213 Y-0.5478 Z0.4 I-0.0548 J-0.0297
G1 X2.0168 Y-0.545
X2.011 Y-0.541
X2.0096 Y-0.5401
G3 X1.9881 Y-0.5302 I-0.0487 J-0.0776
X1.9611 Y-0.5234 I-0.0602 J-0.1822
G1 X1.9541 Y-0.5222
G3 X1.9162 Y-0.5178 I-0.0702 J-0.4416
X1.8467 Y-0.5148 I-0.087 J-1.2151
X1.7472 Y-0.5139 I-0.0985 J-5.0379
X1.618 Y-0.5137 I-0.1093 J-31.2797
G1 X1.5384
X0.6734
X0.2557
G2 X0.206 Y-0.5132 I-0.009 J1.6926
G1 X0.1961 Y-0.5127
X0.1862 Y-0.512
X0.1763 Y-0.511
X0.1664 Y-0.5096
X0.1567 Y-0.5078
X0.147 Y-0.5055
X0.1374 Y-0.5028
X0.128 Y-0.4995
X0.1188 Y-0.4958
X0.1098 Y-0.4916
X0.101 Y-0.4869
X0.0926 Y-0.4817
X0.0844 Y-0.476
X0.0766 Y-0.4699
X0.0691 Y-0.4633
X0.0619 Y-0.4564
X0.0552 Y-0.4491
X0.0488 Y-0.4415
X0.0428 Y-0.4336
X0.0372 Y-0.4254
X0.032 Y-0.4169
X0.0272 Y-0.4082
X0.0227 Y-0.3993
X0.0186 Y-0.3902
X0.0149 Y-0.381
X0.0115 Y-0.3717
X0.0085 Y-0.3622
G2 X-0.0009 Y-0.3236 I0.3438 J0.104
X-0.0077 Y-0.2743 I0.5276 J0.0976
X-0.0112 Y-0.2048 I0.7385 J0.0721
G1 X-0.0109 Y-0.1949
X-0.0104 Y-0.185
X-0.0095 Y-0.1751
X-0.0082 Y-0.1652
X-0.0065 Y-0.1554
X-0.0042 Y-0.1457
X-0.0015 Y-0.1362
X0.0017 Y-0.1268
X0.0055 Y-0.1176
X0.0097 Y-0.1086
X0.0145 Y-0.0998
X0.0197 Y-0.0914
X0.0254 Y-0.0832
X0.0316 Y-0.0754
X0.0381 Y-0.068
X0.0451 Y-0.0609
X0.0524 Y-0.0541
X0.0601 Y-0.0478
X0.0681 Y-0.0419
X0.0763 Y-0.0363
X0.0848 Y-0.0312
X0.0936 Y-0.0264
X0.1025 Y-0.022
X0.1116 Y-0.018
X0.1208 Y-0.0143
X0.1302 Y-0.011
X0.1397 Y-0.008
G2 X0.1783 Y0.0013 I0.1033 J-0.3477
X0.2276 Y0.0079 I0.0975 J-0.5385
X0.2971 Y0.0119 I0.0973 J-1.0932
X0.3965 Y0.0133 I0.1036 J-3.5899
X0.5556 Y0.0137 I0.1299 J-25.4256
G1 X0.6252
X1.003
X1.5797
X1.878
G3 X1.9373 Y0.0141 I0.0122 J2.5906
X1.956 Y0.0154 I-0.0092 J0.2648
G1 X1.9651 Y0.0169
X1.9739 Y0.0194
X1.9825 Y0.0229
X1.9906 Y0.0272
X1.9983 Y0.0323
G2 X2.0084 Y0.0393 I0.1109 J-0.1499
G1 X2.0158 Y0.0506 Z0.4018
X2.0173 Y0.0665 Z0.404
X2.0175 Y0.0677
X2.0242 Y0.1348 F280.
G2 X2.0278 Y0.1517 I0.0977 J-0.0121
G1 Y0.1519
G2 X2.1121 Y0.2207 I0.094 J-0.0291
G1 X2.2551 Y0.2246
X2.3255 Y0.2158
X2.4379 Y0.1759
X2.4769 Y0.1517
X2.5647 Y0.0674
X2.6144 Y0.
X2.6538 Y-0.0786
X2.6757 Y-0.1573
X2.685 Y-0.236
X2.6803 Y-0.3146
X2.6652 Y-0.3901
X2.6276 Y-0.4775
X2.5895 Y-0.5356
X2.5365 Y-0.5969
X2.4716 Y-0.6483
X2.4098 Y-0.6834
X2.3306 Y-0.7135
X2.275 Y-0.7236
X2.1289 Y-0.7233
G2 X2.033 Y-0.618 I0.0023 J0.0984
G1 X2.0345 Y-0.6011
G3 X2.0291 Y-0.5633 I-0.0614 J0.0105
G1 X2.0286 Y-0.5622 F80.
G3 X2.0096 Y-0.5401 Z0.4 I-0.0555 J-0.0284
G2 X1.9988 Y-0.5327 I0.1804 J0.2753
G3 X1.9811 Y-0.5234 I-0.0443 J-0.0624
X1.9595 Y-0.5167 I-0.0567 J-0.1443
X1.9333 Y-0.5117 I-0.0658 J-0.2735
X1.8939 Y-0.5076 I-0.0718 J-0.4982
X1.8244 Y-0.5048 I-0.0888 J-1.3626
X1.715 Y-0.5038 I-0.1055 J-5.8268
X1.5957 Y-0.5037 I-0.1022 J-31.5159
G1 X1.5261
X1.2079
X0.2832
G2 X0.2235 Y-0.5032 I-0.0113 J2.1814
G1 X0.2136 Y-0.5027
X0.2037 Y-0.502
X0.1938 Y-0.501
X0.1839 Y-0.4997
X0.1741 Y-0.498
X0.1644 Y-0.4959
X0.1548 Y-0.4933
X0.1453 Y-0.4903
X0.136 Y-0.4868
X0.1269 Y-0.4827
X0.1181 Y-0.4782
X0.1095 Y-0.4733
X0.1011 Y-0.4678
X0.0931 Y-0.462
X0.0854 Y-0.4557
X0.0781 Y-0.449
X0.0711 Y-0.4419
X0.0644 Y-0.4345
X0.0582 Y-0.4268
X0.0523 Y-0.4187
X0.0468 Y-0.4104
X0.0417 Y-0.4019
X0.037 Y-0.3932
X0.0327 Y-0.3842
X0.0287 Y-0.3751
X0.025 Y-0.3659
X0.0217 Y-0.3565
X0.0186 Y-0.347
G2 X0.0094 Y-0.3084 I0.3537 J0.1055
X0.0005 Y-0.2194 I0.5275 J0.0973
G1 X0.0006 Y-0.2095
X0.0011 Y-0.1995
X0.0019 Y-0.1896
X0.0031 Y-0.1798
X0.0048 Y-0.17
X0.0069 Y-0.1603
X0.0096 Y-0.1507
X0.0127 Y-0.1412
X0.0163 Y-0.132
X0.0205 Y-0.1229
X0.0251 Y-0.1141
X0.0302 Y-0.1056
X0.0358 Y-0.0974
X0.0418 Y-0.0895
X0.0483 Y-0.0819
X0.0551 Y-0.0747
X0.0623 Y-0.0679
X0.0699 Y-0.0614
X0.0778 Y-0.0553
X0.0859 Y-0.0496
X0.0943 Y-0.0443
X0.1029 Y-0.0394
X0.1118 Y-0.0348
X0.1208 Y-0.0306
X0.13 Y-0.0268
X0.1393 Y-0.0233
X0.1487 Y-0.0201
G2 X0.1872 Y-0.0102 I0.1069 J-0.3383
X0.2364 Y-0.003 I0.1004 J-0.5118
X0.3058 Y0.0015 I0.1002 J-1.0097
X0.3953 Y0.0032 I0.1009 J-2.9358
X0.5345 Y0.0036 I0.1174 J-15.5946
G1 X0.5743 Y0.0037
X0.6439
X0.9124
X1.6382
X1.857
G3 X1.9166 Y0.004 I0.0116 J3.3877
G1 X1.9256 Y0.0043
G3 X1.9444 Y0.0059 I-0.0089 J0.2244
G1 X1.9537 Y0.0076
X1.9628 Y0.0103
X1.9715 Y0.0139
X1.9798 Y0.0185
X1.9875 Y0.024
X1.9927 Y0.0281
X1.9941 Y0.0292
X1.9983 Y0.0323
X2.0054 Y0.0468 Z0.4022
X2.007 Y0.06 Z0.404
X2.0072 Y0.0612
X2.0164 Y0.1348 F280.
G2 X2.0394 Y0.1854 I0.0974 J-0.0139
G1 X2.0439 Y0.191
G2 X2.1345 Y0.2338 I0.0815 J-0.0552
G1 X2.3087 Y0.2187
X2.3592 Y0.205
X2.4435 Y0.1731
X2.4772 Y0.1515
X2.5646 Y0.0674
X2.6144 Y0.
X2.6538 Y-0.0786
X2.6759 Y-0.1587
X2.6852 Y-0.2416
X2.6794 Y-0.3213
X2.6641 Y-0.3933
X2.6246 Y-0.4832
X2.5783 Y-0.5515
X2.5221 Y-0.61
X2.4491 Y-0.6632
X2.3705 Y-0.7002
X2.2974 Y-0.7209
X2.2244 Y-0.7235
X2.1289 Y-0.7233
G2 X2.0782 Y-0.7079 I0.0023 J0.0984
G1 X2.0728 Y-0.7042
G2 X2.033 Y-0.6405 I0.0573 J0.08
G1 X2.0214 Y-0.573
G3 X2.0171 Y-0.557 I-0.0618 J-0.0081
G1 X2.0166 Y-0.5558 F80.
G3 X1.9988 Y-0.5327 Z0.4 I-0.0569 J-0.0253
G1 X1.9941 Y-0.5292
X1.9927 Y-0.5281
X1.9885 Y-0.5248
G3 X1.9691 Y-0.5143 I-0.0472 J-0.0645
X1.9463 Y-0.5072 I-0.0592 J-0.1495
X1.9192 Y-0.502 I-0.0682 J-0.2816
X1.8798 Y-0.4978 I-0.0734 J-0.5047
X1.8102 Y-0.4949 I-0.0907 J-1.3442
X1.7008 Y-0.4939 I-0.1072 J-5.504
X1.5815 Y-0.4937 I-0.1039 J-28.7888
G1 X1.5219
X1.3528
X0.3088
G2 X0.2491 Y-0.4933 I-0.0112 J3.4883
G1 X0.2392 Y-0.493
X0.2292 Y-0.4926
X0.2193 Y-0.4919
X0.2094 Y-0.4909
X0.1996 Y-0.4897
X0.1898 Y-0.488
X0.18 Y-0.486
X0.1704 Y-0.4835
X0.1609 Y-0.4805
X0.1516 Y-0.4771
X0.1424 Y-0.4732
X0.1335 Y-0.4689
X0.1248 Y-0.4641
X0.1163 Y-0.4588
X0.1082 Y-0.4531
X0.1004 Y-0.447
X0.0929 Y-0.4404
X0.0857 Y-0.4335
X0.0789 Y-0.4263
X0.0725 Y-0.4187
X0.0665 Y-0.4108
X0.0608 Y-0.4026
X0.0555 Y-0.3942
X0.0505 Y-0.3856
X0.046 Y-0.3767
X0.0418 Y-0.3677
X0.0379 Y-0.3586
X0.0344 Y-0.3493
X0.0311 Y-0.3399
G2 X0.0211 Y-0.3014 I0.3364 J0.1081
X0.0134 Y-0.2423 I0.4094 J0.0838
G1 X0.013 Y-0.2323
X0.0129 Y-0.2224
X0.0132 Y-0.2125
X0.014 Y-0.2025
X0.0151 Y-0.1927
X0.0167 Y-0.1829
X0.0188 Y-0.1731
X0.0214 Y-0.1635
X0.0244 Y-0.1541
X0.028 Y-0.1448
X0.0321 Y-0.1357
X0.0367 Y-0.1269
X0.0417 Y-0.1183
X0.0473 Y-0.1101
X0.0532 Y-0.1021
X0.0596 Y-0.0945
X0.0664 Y-0.0872
X0.0735 Y-0.0803
X0.081 Y-0.0738
X0.0888 Y-0.0676
X0.0969 Y-0.0618
X0.1053 Y-0.0564
X0.1138 Y-0.0514
X0.1226 Y-0.0467
X0.1316 Y-0.0424
X0.1407 Y-0.0385
X0.15 Y-0.0349
X0.1594 Y-0.0316
X0.1689 Y-0.0286
G2 X0.2076 Y-0.0195 I0.1069 J-0.3639
X0.2568 Y-0.0127 I0.1008 J-0.5519
X0.3263 Y-0.0085 I0.1013 J-1.0891
X0.4257 Y-0.0067 I0.1072 J-3.3328
X0.5947 Y-0.0063 I0.1392 J-23.0807
G1 X0.6544
X0.8334
X1.6885
X1.8376
G3 X1.8973 Y-0.006 I0.0106 J4.0742
G1 X1.9072 Y-0.0058
G3 X1.9321 Y-0.0039 I-0.0074 J0.2625
G1 X1.9402 Y-0.0023
X1.9482 Y-0.0001
X1.956 Y0.0029
X1.9635 Y0.0065
X1.9706 Y0.0108
X1.9773 Y0.0157
X1.9829 Y0.0203
X1.9856 Y0.0225
X1.9875 Y0.024
X1.9941 Y0.0399 Z0.4023
X1.9947 Y0.0521 Z0.404
Y0.0533
X1.9979 Y0.1236 F280.
G2 X2.0728 Y0.2125 I0.0982 J-0.0067
G1 X2.1345 Y0.2236
X2.2862 Y0.223
X2.348 Y0.2093
X2.4411 Y0.1742
X2.4772 Y0.1515
X2.5646 Y0.0674
X2.6144 Y0.
X2.6538 Y-0.0786
X2.6757 Y-0.1573
X2.685 Y-0.236
X2.6803 Y-0.3146
X2.6652 Y-0.3901
X2.6276 Y-0.4775
X2.5895 Y-0.5356
X2.5365 Y-0.5969
X2.4716 Y-0.6483
X2.4154 Y-0.6803
X2.3368 Y-0.7117
X2.275 Y-0.7236
X2.1121 Y-0.7215
X2.0896 Y-0.7165
G2 X2.0134 Y-0.6236 I0.0222 J0.0959
G1 X2.0103 Y-0.5674
G3 X2.0062 Y-0.5494 I-0.0621 J-0.0048
G1 X2.0057 Y-0.5483 F80.
G3 X1.9921 Y-0.5281 Z0.4007 I-0.0575 J-0.0239
G1 X1.9885 Y-0.5248 Z0.4
X1.9856 Y-0.5225
X1.9829 Y-0.5203
X1.9779 Y-0.5162
G3 X1.9586 Y-0.5056 I-0.0482 J-0.0647
X1.9362 Y-0.4983 I-0.0604 J-0.1472
X1.9101 Y-0.493 I-0.069 J-0.2698
X1.8711 Y-0.4884 I-0.0755 J-0.479
X1.8016 Y-0.4851 I-0.0924 J-1.2219
X1.7022 Y-0.484 I-0.1037 J-4.4928
X1.563 Y-0.4837 I-0.1201 J-26.6022
G1 X1.5033
X1.3542
X0.33
G2 X0.2604 Y-0.4832 I-0.0134 J3.1176
G1 X0.2505 Y-0.4828
X0.2405 Y-0.4822
X0.2306 Y-0.4815
X0.2207 Y-0.4804
X0.2109 Y-0.479
X0.2011 Y-0.4772
X0.1914 Y-0.4751
X0.1818 Y-0.4725
X0.1723 Y-0.4695
X0.163 Y-0.466
X0.1539 Y-0.4621
X0.145 Y-0.4577
X0.1363 Y-0.4528
X0.1279 Y-0.4475
X0.1197 Y-0.4418
X0.1119 Y-0.4356
X0.1044 Y-0.4291
X0.0973 Y-0.4222
X0.0905 Y-0.4149
X0.084 Y-0.4074
X0.078 Y-0.3995
X0.0723 Y-0.3913
X0.0669 Y-0.383
X0.062 Y-0.3743
X0.0573 Y-0.3655
X0.0531 Y-0.3566
X0.0492 Y-0.3474
X0.0456 Y-0.3381
X0.0423 Y-0.3287
G2 X0.0322 Y-0.2903 I0.3147 J0.1033
G1 X0.0304 Y-0.2805
X0.0289 Y-0.2707
X0.0277 Y-0.2608
X0.0268 Y-0.2509
X0.0262 Y-0.241
X0.0261 Y-0.2311
X0.0264 Y-0.2211
X0.0271 Y-0.2112
X0.0283 Y-0.2013
X0.03 Y-0.1915
X0.0321 Y-0.1818
X0.0348 Y-0.1722
X0.038 Y-0.1628
X0.0417 Y-0.1536
X0.0459 Y-0.1446
X0.0506 Y-0.1358
X0.0558 Y-0.1273
X0.0614 Y-0.1191
X0.0675 Y-0.1113
X0.074 Y-0.1037
X0.0808 Y-0.0965
X0.0881 Y-0.0897
X0.0956 Y-0.0833
X0.1035 Y-0.0772
X0.1116 Y-0.0715
X0.12 Y-0.0661
X0.1287 Y-0.0612
X0.1375 Y-0.0566
X0.1465 Y-0.0524
X0.1556 Y-0.0485
X0.1649 Y-0.0449
X0.1743 Y-0.0417
G2 X0.2128 Y-0.0315 I0.1102 J-0.3401
X0.2619 Y-0.0239 I0.1044 J-0.5102
X0.3313 Y-0.019 I0.104 J-0.9693
X0.4207 Y-0.0169 I0.1045 J-2.6626
X0.5699 Y-0.0164 I0.126 J-13.933
G1 X0.6097 Y-0.0163
X0.6693
X0.8185
X1.7432
X1.8128
G3 X1.8824 Y-0.016 I0.0138 J4.5498
G1 X1.8924 Y-0.0157
X1.9012 Y-0.0153
G3 X1.9266 Y-0.0126 I-0.0102 J0.2123
G1 X1.9346 Y-0.0107
X1.9424 Y-0.0081
X1.9499 Y-0.0048
X1.957 Y-0.0008
X1.9638 Y0.0039
X1.97 Y0.0092
X1.9723 Y0.0112
X1.9773 Y0.0157
X1.983 Y0.0292 Z0.402
X1.9838 Y0.044 Z0.404
Y0.0452
X1.9876 Y0.118 F280.
G2 X2.0334 Y0.1966 I0.0983 J-0.0047
G1 X2.0671 Y0.212
X2.1345 Y0.2236
X2.2862 Y0.223
X2.348 Y0.2091
X2.4435 Y0.1731
X2.4772 Y0.1515
X2.5647 Y0.0674
X2.6137 Y0.0012
X2.6538 Y-0.0786
X2.6759 Y-0.1587
X2.6845 Y-0.2303
X2.685 Y-0.236
X2.6802 Y-0.3146
X2.6652 Y-0.3901
X2.6276 Y-0.4775
X2.5832 Y-0.545
X2.5277 Y-0.6052
X2.4547 Y-0.6598
X2.3761 Y-0.698
X2.3031 Y-0.7199
X2.2525 Y-0.7236
X2.1121 Y-0.7215
X2.0728 Y-0.7132
G2 X2.0336 Y-0.6966 I0.0178 J0.0968
G1 X2.0334
G2 X1.9933 Y-0.6011 I0.0571 J0.0802
G1 X1.9974 Y-0.5787
G3 X1.9953 Y-0.5412 I-0.0604 J0.0154
G1 X1.9948 Y-0.54 F80.
G3 X1.9885 Y-0.5282 Z0.4022 I-0.0578 J-0.0232
G1 X1.9779 Y-0.5162 Z0.4
X1.9773 Y-0.5157
X1.9723 Y-0.5112
X1.9708 Y-0.5098
G3 X1.9548 Y-0.4996 I-0.0446 J-0.0518
X1.9331 Y-0.4912 I-0.0597 J-0.123
X1.9042 Y-0.4844 I-0.0714 J-0.2383
X1.8662 Y-0.4794 I-0.0766 J-0.4294
X1.7967 Y-0.4755 I-0.094 J-1.0665
X1.7073 Y-0.4741 I-0.1003 J-3.5318
X1.5382 Y-0.4737 I-0.1418 J-24.0667
G1 X1.4786
X1.3294
X0.355
G2 X0.2854 Y-0.4734 I-0.0138 J4.7348
X0.2456 Y-0.4714 I0.0096 J0.5998
G1 X0.2358 Y-0.4703
X0.2259 Y-0.469
X0.2161 Y-0.4673
X0.2064 Y-0.4652
X0.1968 Y-0.4627
X0.1873 Y-0.4598
X0.1779 Y-0.4564
X0.1687 Y-0.4526
X0.1597 Y-0.4483
X0.151 Y-0.4436
X0.1425 Y-0.4384
X0.1343 Y-0.4328
X0.1263 Y-0.4268
X0.1187 Y-0.4205
X0.1114 Y-0.4137
X0.1045 Y-0.4066
X0.0979 Y-0.3991
X0.0917 Y-0.3914
X0.0858 Y-0.3833
X0.0803 Y-0.3751
X0.0752 Y-0.3666
X0.0704 Y-0.3578
X0.066 Y-0.3489
X0.0619 Y-0.3399
X0.0581 Y-0.3306
X0.0547 Y-0.3213
X0.0517 Y-0.3118
X0.049 Y-0.3023
X0.0466 Y-0.2926
X0.0445 Y-0.2829
X0.0429 Y-0.2731
X0.0416 Y-0.2632
X0.0407 Y-0.2533
X0.0402 Y-0.2434
Y-0.2335
X0.0407 Y-0.2235
X0.0417 Y-0.2136
X0.0432 Y-0.2038
X0.0452 Y-0.1941
X0.0478 Y-0.1844
X0.0508 Y-0.175
X0.0544 Y-0.1657
X0.0585 Y-0.1567
X0.0632 Y-0.1479
X0.0682 Y-0.1393
X0.0738 Y-0.1311
X0.0798 Y-0.1231
X0.0862 Y-0.1155
X0.093 Y-0.1083
X0.1002 Y-0.1014
X0.1077 Y-0.0949
X0.1155 Y-0.0887
X0.1236 Y-0.083
X0.132 Y-0.0776
X0.1406 Y-0.0726
X0.1493 Y-0.0679
X0.1583 Y-0.0636
X0.1674 Y-0.0596
X0.1767 Y-0.056
X0.1861 Y-0.0527
G2 X0.2244 Y-0.0423 I0.1121 J-0.3383
X0.2735 Y-0.0344 I0.1061 J-0.5018
X0.3429 Y-0.0292 I0.1056 J-0.9416
X0.4324 Y-0.027 I0.1061 J-2.5256
X0.5616 Y-0.0264 I0.1235 J-12.2903
G1 X0.5915
X0.6312 Y-0.0263
X0.6909
X0.8301
X1.7847
X1.7946
G3 X1.8642 Y-0.026 I0.0128 J5.297
G1 X1.8741 Y-0.0258
X1.8841 Y-0.0254
X1.8928 Y-0.025
G3 X1.9147 Y-0.0225 I-0.0137 J0.2182
G1 X1.923 Y-0.0206
X1.9312 Y-0.018
X1.939 Y-0.0145
X1.9465 Y-0.0104
X1.9536 Y-0.0055
X1.9601 Y0.
X1.9662 Y0.0056
X1.97 Y0.0092
X1.9756 Y0.0225 Z0.402
X1.9769 Y0.0374 Z0.404
X1.977 Y0.0386
X1.9846 Y0.1236 F280.
G2 X2.0615 Y0.2105 I0.098 J-0.0093
G1 X2.1345 Y0.2236
X2.2862 Y0.223
X2.348 Y0.2091
X2.4435 Y0.1731
X2.4772 Y0.1515
X2.5647 Y0.0674
X2.6137 Y0.0012
X2.6538 Y-0.0786
X2.6759 Y-0.1587
X2.6845 Y-0.2303
X2.685 Y-0.236
X2.6802 Y-0.3146
X2.6652 Y-0.3901
X2.6276 Y-0.4775
X2.5832 Y-0.545
X2.5277 Y-0.6052
X2.4547 Y-0.6598
X2.3761 Y-0.698
X2.3031 Y-0.7199
X2.2525 Y-0.7236
X2.1121 Y-0.7215
X2.0615 Y-0.7105
G2 X1.9941 Y-0.6574 I0.0211 J0.0961
G1 Y-0.6573
G2 X1.9845 Y-0.6068 I0.0886 J0.0429
G1 X1.9885 Y-0.5632
G3 Y-0.545 I-0.0616 J0.0091
G1 X1.985 Y-0.5366
X1.9846 Y-0.5355 F80.
X1.9769 Y-0.5169 Z0.4013
X1.9708 Y-0.5098 Z0.4
X1.966 Y-0.5055
X1.9616 Y-0.5013
G3 X1.9449 Y-0.4905 I-0.047 J-0.0545
X1.9224 Y-0.4819 I-0.0621 J-0.1275
X1.8926 Y-0.4748 I-0.0738 J-0.2447
X1.8545 Y-0.4696 I-0.0784 J-0.4364
X1.785 Y-0.4656 I-0.0956 J-1.0565
X1.6955 Y-0.4641 I-0.102 J-3.4033
X1.5364 Y-0.4637 I-0.1378 J-20.8897
G1 X1.4867
X1.3972
X0.3731
G2 X0.3035 Y-0.4634 I-0.013 J5.109
X0.2637 Y-0.4616 I0.0094 J0.6713
G1 X0.2538 Y-0.4607
X0.244 Y-0.4595
X0.2341 Y-0.4579
X0.2244 Y-0.4561
X0.2147 Y-0.4538
X0.2051 Y-0.4511
X0.1957 Y-0.448
X0.1864 Y-0.4444
X0.1773 Y-0.4404
X0.1684 Y-0.436
X0.1597 Y-0.4311
X0.1513 Y-0.4258
X0.1432 Y-0.42
X0.1354 Y-0.4139
X0.1279 Y-0.4074
X0.1207 Y-0.4005
X0.1138 Y-0.3933
X0.1073 Y-0.3858
X0.1012 Y-0.378
X0.0954 Y-0.3699
X0.09 Y-0.3615
X0.085 Y-0.3529
X0.0803 Y-0.3442
X0.076 Y-0.3352
X0.0721 Y-0.3261
X0.0685 Y-0.3168
X0.0654 Y-0.3073
X0.0626 Y-0.2978
X0.0603 Y-0.2881
X0.0583 Y-0.2784
X0.0569 Y-0.2685
X0.0559 Y-0.2587
X0.0554 Y-0.2487
Y-0.2388
X0.0559 Y-0.2289
X0.057 Y-0.219
X0.0586 Y-0.2092
X0.0608 Y-0.1995
X0.0635 Y-0.1899
X0.0668 Y-0.1805
X0.0706 Y-0.1713
X0.0749 Y-0.1624
X0.0798 Y-0.1537
X0.0851 Y-0.1453
X0.0909 Y-0.1372
X0.0971 Y-0.1294
X0.1037 Y-0.122
X0.1107 Y-0.1149
X0.118 Y-0.1082
X0.1257 Y-0.1019
X0.1337 Y-0.096
X0.1419 Y-0.0904
X0.1504 Y-0.0852
X0.1591 Y-0.0804
X0.168 Y-0.0759
X0.177 Y-0.0718
X0.1862 Y-0.068
X0.1955 Y-0.0646
X0.205 Y-0.0614
G2 X0.2435 Y-0.0515 I0.1116 J-0.3552
X0.2926 Y-0.044 I0.1059 J-0.5298
X0.362 Y-0.0391 I0.1062 J-1.0011
X0.4515 Y-0.037 I0.1069 J-2.6674
X0.6106 Y-0.0364 I0.1337 J-14.0408
G1 X0.6504 Y-0.0363
X0.71
X0.8492
X1.764
G3 X1.8436 Y-0.0361 I0.0158 J8.8065
G1 X1.8535 Y-0.0359
G3 X1.8881 Y-0.0343 I-0.0068 J0.5113
X1.9099 Y-0.0311 I-0.0175 J0.1957
G1 X1.9183 Y-0.0288
X1.9264 Y-0.0256
X1.9342 Y-0.0217
X1.9415 Y-0.017
X1.9483 Y-0.0116
X1.9546 Y-0.0055
X1.9593 Y0.0112 Z0.4024
X1.9595 Y0.0233 Z0.404
Y0.0245
X1.9609 Y0.1068 F280.
G2 X1.966 Y0.1348 I0.0984 J-0.0035
G1 X1.9801 Y0.1629
G2 X2.0278 Y0.2079 I0.0875 J-0.0451
G1 X2.0671 Y0.2168
X2.157 Y0.2238
X2.2862 Y0.2224
X2.348 Y0.2089
X2.441 Y0.1742
X2.4772 Y0.1515
X2.5647 Y0.0674
X2.6137 Y0.0012
X2.6538 Y-0.0786
X2.6759 Y-0.1587
X2.685 Y-0.236
X2.6803 Y-0.3146
X2.6652 Y-0.3901
X2.6276 Y-0.4775
X2.5832 Y-0.545
X2.5268 Y-0.6062
X2.4547 Y-0.6598
X2.3799 Y-0.6966
X2.3031 Y-0.7199
X2.2525 Y-0.7236
X2.1121 Y-0.7215
X2.0559 Y-0.7068
G2 X1.9853 Y-0.618 I0.0276 J0.0945
G1 X1.9799 Y-0.545
G3 X1.9772 Y-0.5273 I-0.0623 J-0.0006
G1 X1.9769 Y-0.5262 F80.
G3 X1.9616 Y-0.5013 Z0.4 I-0.0592 J-0.0194
G1 X1.9601 Y-0.5
X1.9548 Y-0.4947
X1.9546 Y-0.4945
G3 X1.9398 Y-0.4838 I-0.0431 J-0.0439
X1.9206 Y-0.4753 I-0.0588 J-0.1065
X1.8897 Y-0.4668 I-0.0753 J-0.2132
X1.8539 Y-0.4611 I-0.0794 J-0.3835
X1.7944 Y-0.4566 I-0.092 J-0.8261
X1.705 Y-0.4544 I-0.1055 J-2.4792
X1.5757 Y-0.4538 I-0.1188 J-11.2442
G1 X1.5459 Y-0.4537
X1.5161
X1.4663
X1.3769
X0.4024
G2 X0.3229 Y-0.4534 I-0.0161 J7.413
X0.2831 Y-0.4519 I0.0103 J0.8186
G1 X0.2732 Y-0.4511
X0.2633 Y-0.4501
X0.2535 Y-0.4488
X0.2437 Y-0.4471
X0.2339 Y-0.4451
X0.2243 Y-0.4427
X0.2147 Y-0.4399
X0.2053 Y-0.4366
X0.1961 Y-0.4329
X0.1871 Y-0.4288
X0.1782 Y-0.4243
X0.1696 Y-0.4193
X0.1612 Y-0.4139
X0.1532 Y-0.4081
X0.1454 Y-0.4019
X0.1379 Y-0.3953
X0.1308 Y-0.3884
X0.124 Y-0.3811
X0.1176 Y-0.3735
X0.1116 Y-0.3656
X0.1059 Y-0.3575
X0.1006 Y-0.3491
X0.0957 Y-0.3404
X0.0911 Y-0.3316
X0.0871 Y-0.3225
X0.0834 Y-0.3132
X0.0802 Y-0.3038
X0.0775 Y-0.2943
X0.0752 Y-0.2846
X0.0735 Y-0.2748
X0.0723 Y-0.2649
X0.0717 Y-0.255
X0.0716 Y-0.2451
X0.0721 Y-0.2351
X0.0732 Y-0.2252
X0.0749 Y-0.2154
X0.0771 Y-0.2057
X0.0799 Y-0.1962
X0.0833 Y-0.1869
X0.0873 Y-0.1777
X0.0918 Y-0.1689
X0.0967 Y-0.1603
X0.1022 Y-0.152
X0.1081 Y-0.144
X0.1145 Y-0.1363
X0.1213 Y-0.129
X0.1284 Y-0.1221
X0.1359 Y-0.1156
X0.1437 Y-0.1094
X0.1518 Y-0.1036
X0.1601 Y-0.0982
X0.1687 Y-0.0932
X0.1775 Y-0.0885
X0.1864 Y-0.0842
X0.1956 Y-0.0802
X0.2048 Y-0.0766
X0.2142 Y-0.0733
G2 X0.2525 Y-0.0628 I0.1131 J-0.3396
X0.3016 Y-0.0548 I0.1075 J-0.5037
X0.371 Y-0.0494 I0.1077 J-0.94
X0.4604 Y-0.0471 I0.1084 J-2.4527
X0.5996 Y-0.0464 I0.1251 J-11.1863
G1 X0.6295
X0.6692 Y-0.0463
X0.7289
X0.8582
X1.7531
G3 X1.8326 Y-0.0461 I0.0145 J7.3866
X1.8713 Y-0.0446 I-0.0085 J0.7574
X1.8967 Y-0.0415 I-0.0159 J0.2349
X1.9129 Y-0.0375 I-0.0269 J0.1428
G1 X1.9155 Y-0.0366
X1.9231 Y-0.0334
X1.9302 Y-0.0293
X1.9367 Y-0.0243
X1.9426 Y-0.0185
X1.9436 Y-0.0175
X1.9493 Y-0.0112
X1.9546 Y-0.0055
X1.9593 Y0.0112 Z0.4024
X1.9595 Y0.0233 Z0.404
Y0.0245
X1.9609 Y0.1068 F280.
G2 X1.966 Y0.1348 I0.0984 J-0.0035
G1 X1.9801 Y0.1629
G2 X2.0278 Y0.2079 I0.0875 J-0.0451
G1 X2.0671 Y0.2168
X2.157 Y0.2238
X2.2862 Y0.2224
X2.348 Y0.2091
X2.4408 Y0.1742
X2.4769 Y0.1517
X2.5647 Y0.0674
X2.6137 Y0.0012
X2.6538 Y-0.0786
X2.6759 Y-0.1587
X2.6852 Y-0.2416
X2.6794 Y-0.3213
X2.6641 Y-0.3933
X2.6221 Y-0.4888
X2.5951 Y-0.5428
G2 X2.5654 Y-0.5787 I-0.0885 J0.043
G1 X2.4491 Y-0.6633
X2.3796 Y-0.6966
X2.3031 Y-0.7199
X2.2525 Y-0.7236
X2.1121 Y-0.7215
X2.0283 Y-0.6966
G2 X1.9618 Y-0.5899 I0.0311 J0.0934
G1 X1.9692 Y-0.545
G3 X1.9684 Y-0.5216 I-0.0616 J0.0095
G1 X1.9681 Y-0.5204 F80.
G3 X1.9546 Y-0.4945 Z0.4 I-0.0605 J-0.015
G1 X1.9492 Y-0.4886
X1.9477 Y-0.487
G3 X1.9318 Y-0.4752 I-0.0463 J-0.0456
X1.9083 Y-0.4649 I-0.0643 J-0.1155
X1.8812 Y-0.4575 I-0.0746 J-0.2199
X1.8455 Y-0.4516 I-0.0819 J-0.3837
X1.7861 Y-0.4469 I-0.0938 J-0.8002
X1.6966 Y-0.4445 I-0.1071 J-2.3301
X1.5574 Y-0.4438 I-0.1256 J-10.9298
G1 X1.5276 Y-0.4437
X1.4978
X1.4481
X1.3586
X0.4139
G2 X0.3344 Y-0.4433 I-0.015 J6.0374
X0.2947 Y-0.4417 I0.0125 J0.7935
G1 X0.2848 Y-0.4409
X0.2749 Y-0.4398
X0.265 Y-0.4384
X0.2552 Y-0.4367
X0.2455 Y-0.4346
X0.2359 Y-0.4322
X0.2263 Y-0.4293
X0.2169 Y-0.4261
X0.2077 Y-0.4224
X0.1987 Y-0.4182
X0.1898 Y-0.4137
X0.1812 Y-0.4087
X0.1729 Y-0.4033
X0.1648 Y-0.3975
X0.157 Y-0.3913
X0.1496 Y-0.3847
X0.1425 Y-0.3778
X0.1357 Y-0.3705
X0.1293 Y-0.3629
X0.1233 Y-0.3549
X0.1177 Y-0.3467
X0.1126 Y-0.3382
X0.1078 Y-0.3294
X0.1036 Y-0.3204
X0.0999 Y-0.3112
X0.0967 Y-0.3018
X0.094 Y-0.2922
X0.0919 Y-0.2825
X0.0904 Y-0.2727
X0.0895 Y-0.2628
X0.0892 Y-0.2529
X0.0895 Y-0.2429
X0.0907 Y-0.233
X0.0924 Y-0.2233
X0.0948 Y-0.2136
X0.0977 Y-0.2041
X0.1012 Y-0.1948
X0.1053 Y-0.1857
X0.1099 Y-0.1769
X0.115 Y-0.1684
X0.1206 Y-0.1602
X0.1267 Y-0.1523
X0.1332 Y-0.1447
X0.14 Y-0.1376
X0.1473 Y-0.1308
X0.1549 Y-0.1244
X0.1628 Y-0.1183
X0.171 Y-0.1127
X0.1794 Y-0.1074
X0.1881 Y-0.1025
X0.1969 Y-0.098
X0.2059 Y-0.0938
X0.2151 Y-0.0899
X0.2244 Y-0.0864
X0.2338 Y-0.0832
G2 X0.2799 Y-0.0717 I0.1122 J-0.3503
X0.339 Y-0.0637 I0.1103 J-0.5924
X0.4184 Y-0.0593 I0.1099 J-1.2617
X0.5178 Y-0.0577 I0.1107 J-3.8313
X0.6769 Y-0.0573 I0.1385 J-22.2857
G1 X0.7266 Y-0.0572
X0.8161
X1.7309
G3 X1.8186 Y-0.0569 I0.0179 J7.17
X1.8603 Y-0.0552 I-0.0121 J0.8014
X1.8915 Y-0.051 I-0.0227 J0.2898
G1 X1.8921 Y-0.0509
X1.9011 Y-0.0485
X1.9098 Y-0.045
X1.918 Y-0.0407
X1.9257 Y-0.0354
X1.9328 Y-0.0293
X1.9391 Y-0.0225
X1.9426 Y-0.0185
X1.9469 Y-0.0056 Z0.4019
X1.9431 Y0.0097 Z0.404
X1.9428 Y0.0109
X1.93 Y0.0618 F280.
G2 X1.9808 Y0.1742 I0.0953 J0.0246
G1 X2.0503 Y0.2051
X2.1233 Y0.2229
X2.275 Y0.2228
X2.338 Y0.2124
X2.441 Y0.1742
X2.4772 Y0.1515
X2.5647 Y0.0674
X2.6137 Y0.0012
X2.6538 Y-0.0786
X2.6759 Y-0.1587
X2.685 Y-0.236
X2.6802 Y-0.3146
X2.6652 Y-0.3901
X2.6249 Y-0.4832
X2.5951 Y-0.5428
G2 X2.5654 Y-0.5787 I-0.0885 J0.043
G1 X2.4491 Y-0.6633
X2.3796 Y-0.6966
X2.3031 Y-0.7199
X2.2525 Y-0.7236
X2.1121 Y-0.7215
X2.0334 Y-0.6982
G2 X1.9609 Y-0.6011 I0.0259 J0.095
G1 X1.9624 Y-0.5337
G3 X1.9612 Y-0.5141 I-0.062 J0.0061
G1 X1.961 Y-0.5129 F80.
G3 X1.9492 Y-0.4888 Z0.4003 I-0.0606 J-0.0147
G1 X1.9477 Y-0.487 Z0.4
X1.9436 Y-0.4825
X1.94 Y-0.4785
G3 X1.9256 Y-0.4672 I-0.0458 J-0.0434
X1.905 Y-0.4574 I-0.0617 J-0.103
X1.8712 Y-0.4476 I-0.0784 J-0.2076
X1.8311 Y-0.4411 I-0.0838 J-0.3867
X1.7715 Y-0.4363 I-0.0957 J-0.8152
X1.6991 Y-0.434 I-0.0971 J-1.9103
X1.5819 Y-0.433 I-0.1152 J-6.7699
X1.4825 Y-0.4328 I-0.0944 J-25.8351
G1 X1.4328
X1.3514
X0.9673
X0.4434
G2 X0.3576 Y-0.4325 I-0.0176 J9.0465
X0.3179 Y-0.4313 I0.0118 J1.0228
G1 X0.308 Y-0.4306
X0.2981 Y-0.4298
X0.2882 Y-0.4287
X0.2783 Y-0.4273
X0.2685 Y-0.4255
X0.2588 Y-0.4235
X0.2492 Y-0.421
X0.2396 Y-0.4182
X0.2303 Y-0.4149
X0.221 Y-0.4112
X0.212 Y-0.4071
X0.2031 Y-0.4026
X0.1945 Y-0.3976
X0.1861 Y-0.3922
X0.1781 Y-0.3864
X0.1703 Y-0.3802
X0.1629 Y-0.3736
X0.1558 Y-0.3666
X0.1491 Y-0.3592
X0.1429 Y-0.3515
X0.1371 Y-0.3434
X0.1318 Y-0.335
X0.127 Y-0.3263
X0.1227 Y-0.3173
X0.119 Y-0.3081
X0.116 Y-0.2986
X0.1136 Y-0.289
X0.1119 Y-0.2792
X0.1108 Y-0.2693
X0.1105 Y-0.2594
X0.1108 Y-0.2494
X0.1117 Y-0.2395
X0.1134 Y-0.2297
X0.1157 Y-0.22
X0.1186 Y-0.2105
X0.1222 Y-0.2013
X0.1263 Y-0.1922
X0.131 Y-0.1835
X0.1362 Y-0.175
X0.142 Y-0.1669
X0.1482 Y-0.1591
X0.1548 Y-0.1517
X0.1618 Y-0.1447
X0.1692 Y-0.138
X0.177 Y-0.1318
X0.185 Y-0.1259
X0.1933 Y-0.1205
X0.2019 Y-0.1154
X0.2106 Y-0.1107
X0.2196 Y-0.1063
X0.2287 Y-0.1023
X0.2298 Y-0.1019
X0.2391 Y-0.0983
X0.2487 Y-0.0957
X0.2586 Y-0.0943
X0.2685 Y-0.094
X0.2784 Y-0.0949
X0.2882 Y-0.0969
X0.2976 Y-0.0999
X0.3021 Y-0.102
X0.3032 Y-0.1026
X0.304 Y-0.103
X0.3128 Y-0.0983
X0.3217 Y-0.094
X0.3309 Y-0.0902
X0.3403 Y-0.0869
X0.3498 Y-0.084
X0.3595 Y-0.0815
X0.3692 Y-0.0794
G2 X0.4085 Y-0.0736 I0.0774 J-0.3908
X0.468 Y-0.07 I0.0824 J-0.8604
X0.5575 Y-0.0685 I0.0955 J-3.1383
X0.6383 Y-0.0682 I0.0819 J-11.2814
G1 X0.6433 Y-0.0685
X0.6482 Y-0.0691
X0.6507 Y-0.0695
X0.6519 Y-0.0697
X0.6522 Y-0.0698
G2 X0.7317 Y-0.0684 I0.08 J-2.2917
X0.8709 Y-0.0681 I0.1086 J-21.6186
G1 X0.9735
X0.9784 Y-0.0684
X0.9834 Y-0.069
X0.9858 Y-0.0694
X0.987 Y-0.0696
X0.9876 Y-0.0698
G2 X1.0672 Y-0.0684 I0.0796 J-2.2553
X1.1666 Y-0.0681 I0.0846 J-14.8477
G1 X1.2163
X1.3077
X1.3126 Y-0.0684
X1.3176 Y-0.069
X1.32 Y-0.0694
X1.3209 Y-0.0696
G2 X1.4005 Y-0.0683 I0.0794 J-2.5405
X1.5297 Y-0.0681 I0.1015 J-22.2515
G1 X1.6276
X1.6425
X1.6475 Y-0.0684
X1.6524 Y-0.069
X1.6549 Y-0.0694
X1.6558 Y-0.0696
G2 X1.7353 Y-0.0683 I0.0802 J-2.5724
G3 X1.8012 Y-0.0678 I-0.0322 J8.6021
X1.8457 Y-0.0661 I-0.0133 J0.9095
X1.876 Y-0.0626 I-0.0227 J0.3252
G1 X1.8772 Y-0.0623
X1.8784 Y-0.0621
X1.8796 Y-0.0619
X1.8807 Y-0.0616
X1.8819 Y-0.0614
X1.8837 Y-0.061
X1.8843 Y-0.0608
X1.8924 Y-0.0585
X1.9002 Y-0.0555
X1.9077 Y-0.0517
X1.9147 Y-0.0472
X1.9214 Y-0.0421
X1.9275 Y-0.0363
X1.933 Y-0.03
X1.9345 Y-0.0281
X1.9391 Y-0.0225
X1.9427 Y-0.0056 Z0.4023
X1.9421 Y0.0066 Z0.404
Y0.0078
X1.9382 Y0.0899 F280.
G2 X1.9492 Y0.138 I0.0984 J0.0028
G1 X1.9503 Y0.1405
G2 X1.9885 Y0.1854 I0.0906 J-0.0384
G1 X2.0278 Y0.2004
X2.1233 Y0.2229
X2.275 Y0.2228
X2.338 Y0.2124
X2.441 Y0.1742
X2.4772 Y0.1515
X2.5647 Y0.0674
X2.6137 Y0.0012
X2.6538 Y-0.0786
X2.6759 Y-0.1587
X2.685 Y-0.236
X2.6802 Y-0.3146
X2.6652 Y-0.3901
X2.6249 Y-0.4832
X2.5951 Y-0.5428
G2 X2.5654 Y-0.5787 I-0.0885 J0.043
G1 X2.4491 Y-0.6633
X2.3796 Y-0.6966
X2.3031 Y-0.7199
X2.2525 Y-0.7236
X2.1121 Y-0.7215
X2.0278 Y-0.6965
X2.0024 Y-0.6854
G2 X1.9604 Y-0.6518 I0.0383 J0.0907
G1 Y-0.6517
G2 X1.9446 Y-0.573 I0.0803 J0.057
G1 X1.9537 Y-0.5281
G3 X1.9532 Y-0.5059 I-0.0616 J0.0096
G1 X1.9529 Y-0.5047 F80.
G3 X1.9436 Y-0.4833 Z0.4008 I-0.0608 J-0.0138
G1 X1.94 Y-0.4785 Z0.4
X1.9391 Y-0.4775
X1.9345 Y-0.4719
X1.9341 Y-0.4715
G3 X1.9205 Y-0.4597 I-0.0437 J-0.0369
X1.9014 Y-0.4498 I-0.0607 J-0.0931
X1.87 Y-0.4396 I-0.0779 J-0.1869
X1.8262 Y-0.4315 I-0.0894 J-0.3621
X1.775 Y-0.4266 I-0.0933 J-0.7014
G1 X1.7726 Y-0.4264
X1.7627 Y-0.4258
X1.7529 Y-0.424
X1.7434 Y-0.4212
X1.7343 Y-0.4172
X1.7256 Y-0.4123
X1.7176 Y-0.4064
X1.7167 Y-0.4056
X1.716 Y-0.4049
X1.7066 Y-0.408
X1.697 Y-0.4106
X1.6873 Y-0.4128
X1.6775 Y-0.4146
G2 X1.638 Y-0.4191 I-0.0662 J0.4037
X1.5784 Y-0.4213 I-0.0687 J1.0475
X1.479 Y-0.4218 I-0.082 J6.2736
G1 X1.4491 Y-0.4219
X1.4392
X1.4293 Y-0.4207
X1.4196 Y-0.4185
X1.4103 Y-0.4152
X1.4013 Y-0.4108
X1.393 Y-0.4054
X1.3891 Y-0.4022
X1.3873 Y-0.4006
X1.3864 Y-0.3997
X1.3857 Y-0.399
X1.3765 Y-0.4028
X1.3672 Y-0.4061
X1.3576 Y-0.4089
X1.348 Y-0.4113
X1.3382 Y-0.4133
X1.3284 Y-0.415
G2 X1.2889 Y-0.4191 I-0.0669 J0.4469
X1.2293 Y-0.4212 I-0.0707 J1.1574
X1.1199 Y-0.4218 I-0.0914 J7.0388
G1 X1.1099
X1.1001 Y-0.4207
X1.0904 Y-0.4185
X1.081 Y-0.4151
X1.0721 Y-0.4108
X1.0637 Y-0.4054
X1.056 Y-0.3991
X1.0543 Y-0.3973
X1.0534 Y-0.3964
X1.0532 Y-0.3962
X1.0442 Y-0.4003
X1.0349 Y-0.4039
X1.0255 Y-0.407
X1.0159 Y-0.4097
X1.0062 Y-0.412
X0.9965 Y-0.4139
X0.9866 Y-0.4154
G2 X0.9471 Y-0.4193 I-0.0664 J0.4731
X0.8874 Y-0.4213 I-0.0705 J1.2419
X0.7681 Y-0.4218 I-0.0968 J8.3037
G1 X0.7583 Y-0.4207
X0.7486 Y-0.4185
X0.7392 Y-0.4151
X0.7303 Y-0.4108
X0.7219 Y-0.4054
X0.718 Y-0.4022
X0.7162 Y-0.4006
X0.7155 Y-0.3999
X0.7063 Y-0.4036
X0.6969 Y-0.4067
X0.6873 Y-0.4095
X0.6776 Y-0.4118
X0.6679 Y-0.4137
X0.6581 Y-0.4153
G2 X0.6185 Y-0.4193 I-0.0666 J0.4648
X0.5589 Y-0.4213 I-0.0705 J1.2149
X0.4595 Y-0.4218 I-0.0861 J6.757
G1 X0.4396
X0.4297 Y-0.4207
X0.42 Y-0.4185
X0.4106 Y-0.4151
X0.4017 Y-0.4107
X0.3933 Y-0.4054
X0.3856 Y-0.3991
X0.3822 Y-0.3955
X0.3806 Y-0.3936
X0.3798 Y-0.3927
X0.3794 Y-0.3922
X0.3704 Y-0.3964
X0.3611 Y-0.4001
X0.3517 Y-0.4032
X0.3421 Y-0.4056
X0.3323 Y-0.4075
X0.3224 Y-0.4089
X0.3125 Y-0.4097
X0.3026 Y-0.41
X0.2927 Y-0.4098
X0.2827 Y-0.409
X0.2729 Y-0.4077
X0.2631 Y-0.406
X0.2534 Y-0.4036
X0.2439 Y-0.4008
X0.2345 Y-0.3975
X0.2253 Y-0.3937
X0.2164 Y-0.3893
X0.2077 Y-0.3845
X0.1993 Y-0.3792
X0.1912 Y-0.3734
X0.1835 Y-0.3671
X0.1762 Y-0.3604
X0.1693 Y-0.3532
X0.163 Y-0.3456
X0.1571 Y-0.3375
X0.1519 Y-0.3291
X0.1472 Y-0.3203
X0.1433 Y-0.3112
X0.14 Y-0.3018
X0.1374 Y-0.2922
X0.1355 Y-0.2824
X0.1344 Y-0.2725
X0.134 Y-0.2626
X0.1343 Y-0.2527
X0.1354 Y-0.2428
X0.1372 Y-0.233
X0.1396 Y-0.2233
X0.1428 Y-0.2139
X0.1465 Y-0.2047
X0.1509 Y-0.1958
X0.1559 Y-0.1872
X0.1614 Y-0.1789
X0.1674 Y-0.1709
X0.1738 Y-0.1634
X0.1807 Y-0.1562
X0.1882 Y-0.1497
X0.1963 Y-0.1439
X0.2049 Y-0.139
X0.2141 Y-0.1352
X0.2237 Y-0.1324
X0.2335 Y-0.1307
X0.2434 Y-0.1302
X0.2533 Y-0.1308
X0.2631 Y-0.1326
X0.2727 Y-0.1354
X0.2818 Y-0.1393
X0.2904 Y-0.1442
X0.2985 Y-0.1501
X0.3058 Y-0.1568
X0.3122 Y-0.1644
X0.315 Y-0.1685
X0.3163 Y-0.1706
X0.3167 Y-0.1713
X0.321 Y-0.1623
X0.3261 Y-0.1538
X0.3319 Y-0.1458
X0.3384 Y-0.1382
X0.3454 Y-0.1312
X0.353 Y-0.1247
X0.361 Y-0.1188
X0.3694 Y-0.1135
X0.3781 Y-0.1086
X0.387 Y-0.1043
X0.3962 Y-0.1005
X0.4056 Y-0.0972
X0.4151 Y-0.0943
X0.4247 Y-0.0918
X0.4344 Y-0.0896
X0.4442 Y-0.0878
G2 X0.4837 Y-0.0831 I0.0737 J-0.4436
X0.5433 Y-0.0802 I0.0783 J-1.0266
X0.6029 Y-0.0794 I0.0636 J-2.5437
G1 X0.6128 Y-0.0806
X0.6225 Y-0.0828
X0.6319 Y-0.0862
X0.6408 Y-0.0905
X0.6491 Y-0.0959
X0.6569 Y-0.1022
X0.6603 Y-0.1058
X0.6607 Y-0.1062
X0.6697 Y-0.1019
X0.6789 Y-0.0982
X0.6883 Y-0.0949
X0.6978 Y-0.0921
X0.7075 Y-0.0897
X0.7172 Y-0.0877
X0.727 Y-0.086
G2 X0.7666 Y-0.0818 I0.0674 J-0.4483
X0.8262 Y-0.0797 I0.0712 J-1.1486
X0.9356 Y-0.0791 I0.092 J-6.8419
G1 X0.9454 Y-0.0802
X0.9551 Y-0.0824
X0.9645 Y-0.0858
X0.9734 Y-0.0901
X0.9818 Y-0.0955
X0.9895 Y-0.1018
X0.993 Y-0.1053
X0.9938 Y-0.1063
X0.9944 Y-0.107
X0.9946 Y-0.1072
X1.0035 Y-0.1028
X1.0126 Y-0.099
X1.022 Y-0.0956
X1.0315 Y-0.0927
X1.0411 Y-0.0902
X1.0509 Y-0.0881
X1.0607 Y-0.0864
G2 X1.1002 Y-0.082 I0.0678 J-0.4315
X1.1598 Y-0.0797 I0.0714 J-1.0955
X1.2692 Y-0.0791 I0.0919 J-6.4996
G1 X1.2791 Y-0.0798
X1.2888 Y-0.0817
X1.2983 Y-0.0847
X1.3074 Y-0.0888
X1.3159 Y-0.0939
X1.3239 Y-0.0999
X1.3274 Y-0.1033
X1.3291 Y-0.1051
X1.3298 Y-0.1059
X1.33 Y-0.1061
X1.3389 Y-0.1018
X1.3481 Y-0.0981
X1.3575 Y-0.0948
X1.3671 Y-0.092
X1.3767 Y-0.0896
X1.3865 Y-0.0876
X1.3963 Y-0.086
G2 X1.4358 Y-0.0818 I0.0673 J-0.4503
X1.4954 Y-0.0797 I0.0711 J-1.157
X1.6048 Y-0.0791 I0.0918 J-6.9234
G1 X1.6147 Y-0.0802
X1.6244 Y-0.0824
X1.6338 Y-0.0858
X1.6427 Y-0.0901
X1.6511 Y-0.0955
X1.6588 Y-0.1018
X1.6622 Y-0.1053
X1.663 Y-0.1063
X1.6636 Y-0.107
X1.6726 Y-0.1026
X1.6817 Y-0.0988
X1.6911 Y-0.0954
X1.7006 Y-0.0925
X1.7102 Y-0.0901
X1.72 Y-0.088
X1.7298 Y-0.0862
G2 X1.7693 Y-0.0817 I0.0733 J-0.468
X1.8139 Y-0.0789 I0.1868 J-2.5868
G3 X1.8545 Y-0.0752 I-0.0384 J0.6423
X1.8804 Y-0.07 I-0.0297 J0.2165
G1 X1.8892 Y-0.067
X1.8976 Y-0.0631
X1.9055 Y-0.0584
X1.9129 Y-0.0528
X1.9196 Y-0.0464
X1.9256 Y-0.0393
X1.9267 Y-0.0379
X1.9329 Y-0.0301
X1.933 Y-0.03
X1.9365 Y-0.0168 Z0.4018
X1.9346 Y-0.0011 Z0.404
X1.9344 Y0.0001
X1.9255 Y0.073 F280.
G2 X1.938 Y0.1351 I0.0973 J0.0127
G1 X1.9482 Y0.1517
G2 X2.0054 Y0.1936 I0.0827 J-0.0528
G1 X2.1233 Y0.2228
X2.275 Y0.2227
X2.3325 Y0.2128
X2.4379 Y0.1756
X2.4716 Y0.1561
X2.5645 Y0.0674
X2.6142 Y0.
X2.6536 Y-0.0786
X2.6758 Y-0.1588
X2.685 Y-0.24
X2.6801 Y-0.3146
X2.665 Y-0.3901
X2.6248 Y-0.4832
X2.5951 Y-0.5424
G2 X2.567 Y-0.5772 I-0.0884 J0.0426
G1 X2.4491 Y-0.6631
X2.3791 Y-0.6966
X2.3705 Y-0.7
X2.3648 Y-0.7023
X2.2918 Y-0.7219
X2.1121 Y-0.7213
X2.0278 Y-0.6963
X1.9809 Y-0.6742
G2 X1.9717 Y-0.6686 I0.0458 J0.0868
G1 X1.9715
G2 X1.938 Y-0.6292 I0.0552 J0.0811
X1.9337 Y-0.5562 I0.0888 J0.0418
G1 X1.943 Y-0.5281
G3 X1.9456 Y-0.4996 I-0.0591 J0.0197
G1 X1.9454 Y-0.4984 F80.
G3 X1.9341 Y-0.4715 Z0.4 I-0.0615 J-0.01
G1 X1.9323 Y-0.4692
X1.9274 Y-0.4629
G3 X1.9138 Y-0.451 I-0.0455 J-0.0381
X1.8926 Y-0.4399 I-0.0643 J-0.0968
X1.86 Y-0.4294 I-0.0812 J-0.1962
X1.8174 Y-0.4214 I-0.0917 J-0.3715
X1.8002 Y-0.4192 I-0.0824 J-0.5666
G1 X1.7905 Y-0.4174
X1.7808 Y-0.415
X1.7713 Y-0.4122
X1.7621 Y-0.4084
X1.7534 Y-0.4035
X1.7454 Y-0.3976
X1.7381 Y-0.3909
X1.7315 Y-0.3834
X1.7259 Y-0.3752
X1.7213 Y-0.3664
X1.7176 Y-0.3572
X1.7172 Y-0.356
X1.7171 Y-0.3556
X1.7099 Y-0.3624
X1.7022 Y-0.3687
X1.694 Y-0.3745
X1.6855 Y-0.3796
X1.6768 Y-0.3843
X1.6677 Y-0.3884
X1.6584 Y-0.392
X1.649 Y-0.3952
X1.6394 Y-0.3979
X1.6298 Y-0.4002
X1.62 Y-0.4022
G2 X1.5806 Y-0.4073 I-0.0712 J0.3963
X1.521 Y-0.4101 I-0.0736 J0.9332
X1.4812 Y-0.4106 I-0.0461 J1.9035
G1 X1.4713 Y-0.4099
X1.4615 Y-0.4086
X1.4517 Y-0.4067
X1.4422 Y-0.4038
X1.4331 Y-0.3998
X1.4245 Y-0.3948
X1.4165 Y-0.3889
X1.4092 Y-0.3821
X1.4028 Y-0.3745
X1.3973 Y-0.3663
X1.3926 Y-0.3575
X1.3887 Y-0.3483
X1.3855 Y-0.3389
X1.3854 Y-0.3386
X1.3795 Y-0.3466
X1.373 Y-0.3541
X1.3659 Y-0.3611
X1.3583 Y-0.3675
X1.3502 Y-0.3733
X1.3418 Y-0.3786
X1.333 Y-0.3833
X1.324 Y-0.3875
X1.3148 Y-0.3912
X1.3054 Y-0.3944
X1.2959 Y-0.3972
X1.2862 Y-0.3996
X1.2765 Y-0.4017
X1.2667 Y-0.4034
G2 X1.2272 Y-0.4078 I-0.0703 J0.4534
X1.1676 Y-0.4102 I-0.0737 J1.0958
G1 X1.1576 Y-0.4103
X1.1477 Y-0.4101
X1.1378 Y-0.4091
X1.128 Y-0.4075
X1.1183 Y-0.4053
X1.1088 Y-0.4024
X1.0996 Y-0.3984
X1.091 Y-0.3935
X1.083 Y-0.3875
X1.0758 Y-0.3808
X1.0693 Y-0.3732
X1.0638 Y-0.3649
X1.0591 Y-0.3562
X1.0551 Y-0.347
X1.0519 Y-0.3376
X1.0512 Y-0.3353
X1.0509 Y-0.334
X1.0454 Y-0.3423
X1.0392 Y-0.3501
X1.0324 Y-0.3573
X1.025 Y-0.364
X1.0172 Y-0.3701
X1.0089 Y-0.3757
X1.0004 Y-0.3807
X0.9915 Y-0.3852
X0.9824 Y-0.3892
X0.9731 Y-0.3927
X0.9636 Y-0.3957
X0.954 Y-0.3983
X0.9443 Y-0.4006
X0.9345 Y-0.4025
G2 X0.8951 Y-0.4073 I-0.0713 J0.415
X0.8355 Y-0.41 I-0.0743 J0.9803
G1 X0.8256 Y-0.4102
X0.8156 Y-0.4104
X0.8057 Y-0.4102
X0.7958 Y-0.4092
X0.786 Y-0.4077
X0.7763 Y-0.4053
X0.7669 Y-0.4019
X0.7581 Y-0.3975
X0.7497 Y-0.392
X0.7421 Y-0.3857
X0.7352 Y-0.3785
X0.7292 Y-0.3706
X0.7241 Y-0.362
X0.72 Y-0.353
X0.7165 Y-0.3437
X0.7159 Y-0.3413
X0.7158 Y-0.341
X0.7097 Y-0.3488
X0.703 Y-0.3562
X0.6957 Y-0.3629
X0.688 Y-0.3692
X0.6798 Y-0.3748
X0.6713 Y-0.38
X0.6625 Y-0.3845
X0.6534 Y-0.3886
X0.6441 Y-0.3922
X0.6347 Y-0.3953
X0.6251 Y-0.398
X0.6154 Y-0.4002
X0.6056 Y-0.4022
G2 X0.5662 Y-0.4072 I-0.0715 J0.4041
X0.5066 Y-0.41 I-0.0743 J0.9499
G1 X0.4967 Y-0.4102
X0.4867 Y-0.4104
X0.4768 Y-0.41
X0.4669 Y-0.4089
X0.4571 Y-0.4071
X0.4475 Y-0.4048
X0.438 Y-0.4016
X0.429 Y-0.3975
X0.4205 Y-0.3923
X0.4127 Y-0.3862
X0.4056 Y-0.3792
X0.3993 Y-0.3715
X0.394 Y-0.3631
X0.3894 Y-0.3543
X0.3855 Y-0.3451
X0.3824 Y-0.3357
X0.3798 Y-0.3261
X0.3779 Y-0.3163
G2 X0.3745 Y-0.2873 I0.3213 J0.0526
G3 X0.3721 Y-0.2686 I-0.2703 J-0.0241
X0.3693 Y-0.2575 I-0.0789 J-0.0144
G1 X0.3657 Y-0.2476
X0.3634 Y-0.238
X0.3622 Y-0.2281
X0.3621 Y-0.2181
X0.363 Y-0.2082
X0.365 Y-0.1985
X0.3679 Y-0.189
X0.3717 Y-0.1798
X0.3763 Y-0.171
X0.3817 Y-0.1626
X0.3877 Y-0.1547
X0.3944 Y-0.1474
X0.4016 Y-0.1405
X0.4093 Y-0.1342
X0.4174 Y-0.1284
X0.4259 Y-0.1232
X0.4346 Y-0.1185
X0.4437 Y-0.1144
X0.4529 Y-0.1107
X0.4623 Y-0.1074
X0.4718 Y-0.1046
X0.4815 Y-0.1022
X0.4912 Y-0.1001
G2 X0.5306 Y-0.0946 I0.0752 J-0.3928
G1 X0.5405 Y-0.0937
X0.5504 Y-0.093
X0.5603 Y-0.0927
X0.5703 Y-0.0932
X0.5801 Y-0.0944
X0.5899 Y-0.0962
X0.5995 Y-0.0987
X0.6088 Y-0.1023
X0.6176 Y-0.107
X0.6258 Y-0.1125
X0.6334 Y-0.119
X0.6401 Y-0.1264
X0.646 Y-0.1344
X0.6509 Y-0.143
X0.6552 Y-0.152
X0.6587 Y-0.1613
X0.6616 Y-0.1708
X0.6622 Y-0.1732
X0.6627 Y-0.1758
X0.6675 Y-0.1671
X0.673 Y-0.1588
X0.6792 Y-0.151
X0.686 Y-0.1437
X0.6933 Y-0.137
X0.7011 Y-0.1309
X0.7093 Y-0.1253
X0.7179 Y-0.1202
X0.7268 Y-0.1157
X0.7359 Y-0.1118
X0.7452 Y-0.1083
X0.7547 Y-0.1052
X0.7643 Y-0.1026
X0.7739 Y-0.1004
X0.7837 Y-0.0985
G2 X0.8232 Y-0.0936 I0.0714 J-0.4139
X0.8827 Y-0.0909 I0.0743 J-0.9779
G1 X0.8927 Y-0.0907
X0.9026 Y-0.0913
X0.9125 Y-0.0927
X0.9222 Y-0.0947
X0.9318 Y-0.0972
X0.9411 Y-0.1007
X0.95 Y-0.1052
X0.9583 Y-0.1107
X0.9659 Y-0.117
X0.9728 Y-0.1243
X0.9787 Y-0.1322
X0.984 Y-0.1407
X0.9884 Y-0.1496
X0.9922 Y-0.1588
X0.9953 Y-0.1682
X0.9965 Y-0.173
X0.997 Y-0.1755
X0.9973 Y-0.1767
X0.9975 Y-0.1776
X1.0021 Y-0.1688
X1.0074 Y-0.1604
X1.0135 Y-0.1525
X1.0202 Y-0.1451
X1.0274 Y-0.1383
X1.0351 Y-0.1321
X1.0433 Y-0.1264
X1.0518 Y-0.1212
X1.0606 Y-0.1166
X1.0697 Y-0.1125
X1.0789 Y-0.1089
X1.0884 Y-0.1058
X1.0979 Y-0.1031
X1.1076 Y-0.1008
X1.1174 Y-0.0988
G2 X1.1568 Y-0.0937 I0.0717 J-0.4011
X1.2164 Y-0.0909 I0.0745 J-0.9399
G1 X1.2263 Y-0.0907
X1.2363 Y-0.0911
X1.2461 Y-0.0922
X1.2559 Y-0.094
X1.2656 Y-0.0964
X1.275 Y-0.0996
X1.2839 Y-0.104
X1.2923 Y-0.1093
X1.3001 Y-0.1155
X1.307 Y-0.1226
X1.3132 Y-0.1304
X1.3185 Y-0.1388
X1.323 Y-0.1477
X1.3268 Y-0.1569
X1.33 Y-0.1663
X1.3312 Y-0.1711
X1.3318 Y-0.1735
X1.3321 Y-0.1749
X1.3369 Y-0.1662
X1.3425 Y-0.158
X1.3487 Y-0.1502
X1.3556 Y-0.143
X1.3629 Y-0.1364
X1.3708 Y-0.1303
X1.3791 Y-0.1248
X1.3877 Y-0.1198
X1.3966 Y-0.1153
X1.4057 Y-0.1114
X1.415 Y-0.1079
X1.4245 Y-0.1049
X1.4341 Y-0.1024
X1.4438 Y-0.1002
X1.4536 Y-0.0983
G2 X1.493 Y-0.0935 I0.0712 J-0.4204
X1.5626 Y-0.0907 I0.0751 J-1.0128
G1 X1.5725 Y-0.0914
X1.5823 Y-0.0928
X1.5921 Y-0.0948
X1.6017 Y-0.0974
X1.611 Y-0.1009
X1.6198 Y-0.1055
X1.6281 Y-0.111
X1.6356 Y-0.1175
X1.6424 Y-0.1247
X1.6483 Y-0.1327
X1.6535 Y-0.1412
X1.6579 Y-0.1501
X1.6617 Y-0.1593
X1.6647 Y-0.1688
X1.6659 Y-0.1736
X1.6662 Y-0.1748
X1.6665 Y-0.1762
X1.6712 Y-0.1674
X1.6766 Y-0.1591
X1.6828 Y-0.1513
X1.6895 Y-0.144
X1.6969 Y-0.1373
X1.7046 Y-0.1311
X1.7128 Y-0.1254
X1.7214 Y-0.1203
X1.7302 Y-0.1158
X1.7393 Y-0.1117
X1.7485 Y-0.1081
X1.7579 Y-0.1049
X1.7675 Y-0.1021
X1.7771 Y-0.0997
G2 X1.8162 Y-0.0923 I0.1187 J-0.5209
G3 X1.8533 Y-0.0859 I-0.1308 J0.8677
X1.8754 Y-0.0801 I-0.0486 J0.2307
G1 X1.8842 Y-0.0767
X1.8926 Y-0.0723
X1.9005 Y-0.0671
X1.9078 Y-0.061
X1.9144 Y-0.0542
X1.9202 Y-0.0466
X1.9229 Y-0.0337 Z0.4018
X1.9186 Y-0.0181 Z0.404
X1.9183 Y-0.0169
X1.9015 Y0.045 F280.
G2 X1.9397 Y0.1461 I0.0893 J0.024
G1 X2.0054 Y0.1836
X2.0784 Y0.2101
X2.1345 Y0.2206
X2.2806 Y0.2196
X2.3389 Y0.2079
X2.4338 Y0.1742
X2.4716 Y0.1516
X2.5614 Y0.0667
X2.612 Y-0.0017
X2.6513 Y-0.0803
X2.6733 Y-0.1611
X2.6822 Y-0.2416
X2.6772 Y-0.3146
X2.6752 Y-0.3258
G2 X2.6738 Y-0.3371 I-0.0923 J0.0061
G1 X2.6607 Y-0.3933
X2.6206 Y-0.485
X2.5932 Y-0.5393
G2 X2.5783 Y-0.5617 I-0.0836 J0.0396
G1 X2.5782 Y-0.5618
X2.5755 Y-0.5647
X2.5727 Y-0.5674
X2.4547 Y-0.6563
X2.3817 Y-0.6926
X2.3052 Y-0.7165
X2.2974 Y-0.7179
X2.2918 Y-0.7191
X2.1157
X2.0334 Y-0.6955
X2.0054 Y-0.6834
G2 X1.9877 Y-0.6742 I0.034 J0.0861
G1 Y-0.6741
G2 X1.9548 Y-0.635 I0.0517 J0.0767
G1 Y-0.6348
G2 X1.9492 Y-0.6181 I0.0846 J0.0375
G1 X1.9379 Y-0.4913
X1.9378 Y-0.4901 F80.
X1.9372 Y-0.4832 Z0.4031
X1.9274 Y-0.4629 Z0.4
X1.9267 Y-0.4621
X1.9256 Y-0.4607
X1.9214 Y-0.4551
G3 X1.9098 Y-0.4442 I-0.0424 J-0.0334
X1.8892 Y-0.4324 I-0.0643 J-0.0888
X1.863 Y-0.4228 I-0.0792 J-0.1758
G1 X1.8569 Y-0.4211
X1.8502 Y-0.4194
X1.8426 Y-0.4176
X1.8329 Y-0.4155
X1.8231 Y-0.4136
X1.8135 Y-0.411
X1.8042 Y-0.4075
X1.7952 Y-0.4034
X1.7865 Y-0.3986
X1.7781 Y-0.3932
X1.77 Y-0.3874
X1.7622 Y-0.3812
X1.7546 Y-0.3748
X1.7477 Y-0.3676
X1.7415 Y-0.3599
X1.7361 Y-0.3516
X1.7313 Y-0.3428
X1.7272 Y-0.3338
X1.7238 Y-0.3244
X1.7209 Y-0.3149
X1.7186 Y-0.3052
X1.7166 Y-0.2955
G3 X1.7122 Y-0.2706 I-1.1465 J-0.1927
G1 X1.7115 Y-0.2679
X1.711 Y-0.2657
X1.7102 Y-0.263
X1.7074 Y-0.2535
X1.7054 Y-0.2438
X1.7046 Y-0.2339
X1.7048 Y-0.2239
X1.706 Y-0.2141
X1.7082 Y-0.2044
X1.7113 Y-0.1949
X1.7153 Y-0.1858
X1.72 Y-0.1771
X1.7255 Y-0.1687
X1.7316 Y-0.1609
X1.7383 Y-0.1536
X1.7456 Y-0.1468
X1.7533 Y-0.1405
X1.7613 Y-0.1347
X1.7698 Y-0.1294
X1.7785 Y-0.1246
X1.7874 Y-0.1202
X1.7965 Y-0.1162
X1.8058 Y-0.1126
X1.8152 Y-0.1093
X1.8246 Y-0.1062
X1.8341 Y-0.1032
X1.8436 Y-0.1003
X1.8531 Y-0.0974
G3 X1.877 Y-0.0884 I-0.0661 J0.2119
G1 X1.8854 Y-0.0839
X1.8933 Y-0.0785
X1.9005 Y-0.0723
X1.907 Y-0.0653
X1.9127 Y-0.0577
X1.9175 Y-0.0506
X1.9202 Y-0.0466
X1.9229 Y-0.0337 Z0.4018
X1.9189 Y-0.018 Z0.404
X1.9186 Y-0.0168
X1.903 Y0.045 F280.
G2 X1.938 Y0.1439 I0.0873 J0.0248
G1 X1.971 Y0.1649
X1.9772 Y0.1686
X2.0559 Y0.2028
X2.1237 Y0.2191
X2.275 Y0.219
X2.3311 Y0.2093
X2.4322 Y0.1739
X2.4716 Y0.1501
X2.5597 Y0.0674
X2.6099 Y0.
X2.6497 Y-0.0786
X2.6718 Y-0.1573
X2.6812 Y-0.236
X2.6763 Y-0.3146
X2.6743 Y-0.3258
X2.6738 Y-0.3315
X2.6598 Y-0.3933
X2.6196 Y-0.485
X2.5815 Y-0.5562
X2.5053 Y-0.6193
X2.4379 Y-0.665
X2.3689 Y-0.6966
X2.2974 Y-0.717
X2.23 Y-0.7197
X2.1121 Y-0.7175
X2.0278 Y-0.6924
X1.9548 Y-0.6548
G2 X1.9099 Y-0.5899 I0.0448 J0.0789
G1 X1.9092 Y-0.5843
G2 X1.9155 Y-0.5418 I0.0904 J0.0084
G1 X1.9267 Y-0.5145
G3 X1.9316 Y-0.4836 I-0.0572 J0.0248
G1 X1.9314 Y-0.4824 F80.
G3 X1.9247 Y-0.4607 Z0.4009 I-0.0619 J-0.0072
G1 X1.9214 Y-0.4551 Z0.4
X1.9211 Y-0.4547
X1.9175 Y-0.4494
X1.9169 Y-0.4485
G3 X1.9044 Y-0.4361 I-0.0436 J-0.0314
X1.8869 Y-0.4255 I-0.0624 J-0.083
X1.8629 Y-0.4157 I-0.0793 J-0.1604
G1 X1.8535 Y-0.4127
X1.844 Y-0.4097
X1.8346 Y-0.4063
X1.8254 Y-0.4026
X1.8164 Y-0.3985
X1.8075 Y-0.3939
X1.799 Y-0.3887
X1.7909 Y-0.383
X1.7833 Y-0.3766
X1.7761 Y-0.3698
X1.7694 Y-0.3624
X1.7632 Y-0.3546
X1.7575 Y-0.3465
X1.7523 Y-0.338
X1.7475 Y-0.3293
X1.7432 Y-0.3203
X1.7393 Y-0.3112
X1.7356 Y-0.302
X1.7321 Y-0.2927
X1.7291 Y-0.2832
X1.7269 Y-0.2735
X1.7256 Y-0.2636
X1.7251 Y-0.2537
X1.7255 Y-0.2438
X1.7267 Y-0.2339
X1.7288 Y-0.2242
X1.7317 Y-0.2146
X1.7353 Y-0.2054
X1.7397 Y-0.1965
X1.7447 Y-0.1879
X1.7504 Y-0.1797
X1.7566 Y-0.1719
X1.7633 Y-0.1646
X1.7705 Y-0.1577
X1.7781 Y-0.1513
X1.786 Y-0.1453
X1.7942 Y-0.1397
X1.8027 Y-0.1345
X1.8114 Y-0.1297
X1.8202 Y-0.1251
X1.8292 Y-0.1208
X1.8382 Y-0.1166
X1.8473 Y-0.1126
X1.8564 Y-0.1085
G3 X1.8735 Y-0.0999 I-0.1052 J0.2313
G1 X1.8812 Y-0.0951
X1.8883 Y-0.0894
X1.8948 Y-0.0831
X1.9006 Y-0.0761
X1.9057 Y-0.0686
X1.9064 Y-0.0674
X1.9099 Y-0.062
X1.9127 Y-0.0577
X1.9153 Y-0.0449 Z0.4018
X1.9118 Y-0.0289 Z0.404
X1.9115 Y-0.0277
X1.8957 Y0.045 F280.
G2 X1.9154 Y0.1236 I0.0844 J0.0207
G1 X1.9618 Y0.1573
X2.0391 Y0.1945
X2.1177 Y0.2162
X2.2862 Y0.2172
X2.348 Y0.2028
X2.4322 Y0.1714
X2.4661 Y0.1517
X2.5558 Y0.0688
X2.5951 Y0.0193
X2.598 Y0.0154
X2.6007 Y0.0113
X2.6375 Y-0.0562
X2.6625 Y-0.1254
X2.6725 Y-0.1742
X2.6738 Y-0.1796
X2.6791 Y-0.2608
X2.6709 Y-0.3371
X2.6576 Y-0.3933
X2.6211 Y-0.4775
X2.5783 Y-0.5564
X2.4716 Y-0.6415
X2.4042 Y-0.6803
X2.3199 Y-0.7104
X2.2694 Y-0.7178
X2.1121 Y-0.7155
X2.0278 Y-0.6904
X1.9533 Y-0.6517
X1.9451 Y-0.6461
G2 X1.9043 Y-0.5956 I0.0423 J0.0759
G1 X1.9042 Y-0.5955
G2 X1.9085 Y-0.5337 I0.0831 J0.0253
G1 X1.9211 Y-0.5059
G3 X1.9261 Y-0.4775 I-0.0572 J0.0246
G1 X1.926 Y-0.4763 F80.
G3 X1.9169 Y-0.4485 Z0.4 I-0.0621 J-0.005
G1 X1.9112 Y-0.44
G3 X1.8983 Y-0.4273 I-0.0457 J-0.0334
X1.8793 Y-0.4158 I-0.0669 J-0.0893
G1 X1.874 Y-0.4132
X1.865 Y-0.4091
X1.8559 Y-0.4051
X1.8468 Y-0.401
X1.8379 Y-0.3965
X1.8293 Y-0.3917
X1.8208 Y-0.3864
X1.8127 Y-0.3806
X1.805 Y-0.3744
X1.7976 Y-0.3677
X1.7906 Y-0.3607
X1.784 Y-0.3532
X1.7778 Y-0.3455
X1.7719 Y-0.3374
X1.7665 Y-0.3291
X1.7616 Y-0.3204
X1.7575 Y-0.3114
X1.754 Y-0.3021
X1.7513 Y-0.2925
X1.7495 Y-0.2827
X1.7485 Y-0.2728
X1.7483 Y-0.2629
X1.7489 Y-0.253
X1.7504 Y-0.2431
X1.7526 Y-0.2334
X1.7556 Y-0.224
X1.7593 Y-0.2147
X1.7637 Y-0.2058
X1.7687 Y-0.1972
X1.7743 Y-0.189
X1.7804 Y-0.1811
X1.7869 Y-0.1736
X1.7939 Y-0.1666
X1.8013 Y-0.1599
X1.8089 Y-0.1535
X1.8168 Y-0.1475
X1.825 Y-0.1418
X1.8333 Y-0.1363
X1.8417 Y-0.131
X1.8502 Y-0.1258
G3 X1.8712 Y-0.1125 I-0.2131 J0.3578
G1 X1.8774 Y-0.1077
X1.8831 Y-0.1024
X1.8883 Y-0.0966
X1.893 Y-0.0903
X1.8972 Y-0.0837
X1.9043 Y-0.071
X1.9057 Y-0.0686
X1.9071 Y-0.0506 Z0.4025
X1.9059 Y-0.0392 Z0.404
X1.9058 Y-0.038
X1.8944 Y0.073 F280.
X1.9012 Y0.1011
G2 X1.9155 Y0.1292 I0.0793 J-0.0228
G1 X1.9427 Y0.1517
X2.0653 Y0.2012
X2.1289 Y0.2154
X2.2862 Y0.2151
X2.3427 Y0.2023
X2.4326 Y0.1686
X2.4667 Y0.1475
X2.5524 Y0.0695
X2.6025 Y0.0042
X2.6401 Y-0.0674
X2.6652 Y-0.1461
X2.6763 Y-0.2247
X2.6733 Y-0.309
X2.6636 Y-0.3652
X2.6625 Y-0.3708
X2.6301 Y-0.4551
X2.5783 Y-0.5522
X2.4716 Y-0.6387
X2.4154 Y-0.6716
X2.34 Y-0.7023
X2.2806 Y-0.7154
X2.1121 Y-0.7132
X2.0334 Y-0.6901
X1.9717 Y-0.6606
X1.966 Y-0.6574
X1.9322 Y-0.6348
G2 X1.9043 Y-0.6068 I0.0428 J0.0706
G1 X1.9042
G2 X1.8986 Y-0.5956 I0.0708 J0.0425
G1 Y-0.5955
G2 X1.9008 Y-0.5281 I0.0764 J0.0313
G1 X1.9142 Y-0.5
G3 X1.9203 Y-0.4689 I-0.056 J0.0273
G1 Y-0.4677 F80.
G3 X1.9112 Y-0.44 Z0.4 I-0.0621 J-0.005
G1 X1.9099 Y-0.438
X1.9064 Y-0.4326
X1.9063 Y-0.4325
G3 X1.8955 Y-0.4208 I-0.0424 J-0.0286
X1.8801 Y-0.41 I-0.0787 J-0.0951
G1 X1.8717 Y-0.4048
X1.8631 Y-0.3998
X1.8545 Y-0.3947
X1.8462 Y-0.3893
X1.838 Y-0.3837
X1.83 Y-0.3777
X1.8223 Y-0.3714
X1.8149 Y-0.3648
X1.8079 Y-0.3577
X1.8013 Y-0.3503
X1.7953 Y-0.3424
X1.7898 Y-0.3341
X1.7851 Y-0.3253
X1.7811 Y-0.3162
X1.7779 Y-0.3068
X1.7755 Y-0.2971
X1.7739 Y-0.2873
X1.7732 Y-0.2774
X1.7733 Y-0.2675
X1.7741 Y-0.2576
X1.7758 Y-0.2478
X1.7782 Y-0.2381
X1.7813 Y-0.2287
X1.785 Y-0.2195
X1.7894 Y-0.2105
X1.7944 Y-0.2019
X1.7999 Y-0.1936
X1.8058 Y-0.1857
X1.8122 Y-0.178
X1.8189 Y-0.1707
X1.826 Y-0.1637
X1.8333 Y-0.157
X1.8408 Y-0.1505
X1.8485 Y-0.1441
X1.8562 Y-0.1378
X1.8638 Y-0.1315
X1.8667 Y-0.129
X1.8735 Y-0.1225
X1.8796 Y-0.1154
X1.8848 Y-0.1076
X1.8892 Y-0.0993
G2 X1.8972 Y-0.0837 I0.1657 J-0.0746
G1 X1.8975 Y-0.0618 Z0.403
X1.8965 Y-0.0543 Z0.404
X1.8963 Y-0.0531
X1.8808 Y0.0618 F280.
G2 X1.893 Y0.1067 I0.0775 J0.003
G1 X1.9155 Y0.1295
X2.0334 Y0.1874
X2.1121 Y0.2102
X2.1861 Y0.2135
X2.2918 Y0.2117
X2.3199 Y0.2063
X2.3254 Y0.2052
X2.4266 Y0.1685
X2.4638 Y0.1461
X2.5502 Y0.0681
X2.5987 Y0.0056
X2.6349 Y-0.0618
X2.6602 Y-0.1348
X2.6736 Y-0.2218
X2.6716 Y-0.3034
X2.6564 Y-0.382
X2.6232 Y-0.463
X2.5756 Y-0.5506
X2.4716 Y-0.6357
X2.4154 Y-0.6688
X2.3424 Y-0.699
X2.2806 Y-0.7129
X2.1345
G2 X2.1177 Y-0.7118 I-0.0035 J0.0775
G1 X2.0334 Y-0.6875
X1.9604 Y-0.6507
X1.9323 Y-0.6316
G2 X1.8947 Y-0.5393 I0.0362 J0.0686
G1 X1.9122 Y-0.4775
G3 X1.914 Y-0.4618 I-0.0605 J0.015
G1 Y-0.4606 F80.
G3 X1.9064 Y-0.4326 Z0.4 I-0.0623 J-0.0019
G1 X1.9063 Y-0.4325
X1.9043 Y-0.429
X1.9026 Y-0.426
G3 X1.8929 Y-0.4142 I-0.0461 J-0.028
X1.8821 Y-0.4049 I-0.094 J-0.0969
G1 X1.8743 Y-0.3987
X1.8664 Y-0.3927
X1.8585 Y-0.3867
X1.8507 Y-0.3805
X1.8431 Y-0.374
X1.8359 Y-0.3673
X1.829 Y-0.3601
X1.8227 Y-0.3524
X1.817 Y-0.3442
X1.812 Y-0.3356
X1.8077 Y-0.3267
X1.8041 Y-0.3174
X1.8013 Y-0.3078
X1.7994 Y-0.2981
X1.7982 Y-0.2882
X1.7978 Y-0.2783
X1.7982 Y-0.2684
X1.7993 Y-0.2585
X1.8012 Y-0.2487
X1.8037 Y-0.2391
X1.8069 Y-0.2297
X1.8107 Y-0.2205
X1.8151 Y-0.2116
X1.82 Y-0.2029
X1.8253 Y-0.1945
X1.831 Y-0.1864
X1.8371 Y-0.1785
X1.8435 Y-0.1709
X1.85 Y-0.1634
X1.8567 Y-0.156
X1.8626 Y-0.1494
X1.8676 Y-0.1433
X1.8721 Y-0.1367
X1.8759 Y-0.1297
X1.8791 Y-0.1225
X1.8754 Y-0.0933 Z0.404
X1.8753 Y-0.0921
X1.875 Y-0.0899 F280.
X1.8537 Y0.0103
G2 X1.8713 Y0.073 I0.0659 J0.0154
G1 X1.9336 Y0.1275
X2.0054 Y0.1699
X2.0807 Y0.1979
X2.1377 Y0.2079
X2.2806 Y0.2073
X2.3378 Y0.1956
X2.4266 Y0.1624
X2.4611 Y0.1405
X2.5446 Y0.067
X2.5951 Y0.002
X2.632 Y-0.0674
X2.6576 Y-0.1461
X2.6687 Y-0.2247
X2.6666 Y-0.3034
X2.6509 Y-0.382
X2.6218 Y-0.4551
X2.5807 Y-0.5225
X2.5275 Y-0.5843
X2.4641 Y-0.6348
X2.3948 Y-0.6742
X2.3143 Y-0.7018
X2.2694 Y-0.708
X2.1157 Y-0.7062
X2.0334 Y-0.6822
X1.9604 Y-0.6448
X1.9155 Y-0.6138
G2 X1.8986 Y-0.5955 I0.0405 J0.0542
X1.893 Y-0.5844 I0.0573 J0.0359
G1 X1.8884 Y-0.5562
X1.9092 Y-0.4558
X1.9094 Y-0.4547 F80.
X1.9095 Y-0.4545
X1.9026 Y-0.426 Z0.4
X1.8976 Y-0.4172
G3 X1.8877 Y-0.404 I-0.0679 J-0.0409
G1 X1.8852 Y-0.4013
X1.8814 Y-0.3973
X1.8743 Y-0.3903
X1.8672 Y-0.3834
X1.8601 Y-0.3764
X1.8534 Y-0.3691
X1.8472 Y-0.3613
X1.8415 Y-0.3532
X1.8364 Y-0.3446
X1.832 Y-0.3357
X1.8282 Y-0.3265
X1.8252 Y-0.317
X1.823 Y-0.3074
X1.8215 Y-0.2975
X1.8207 Y-0.2876
Y-0.2777
X1.8213 Y-0.2677
X1.8227 Y-0.2579
X1.8247 Y-0.2482
X1.8273 Y-0.2386
X1.8305 Y-0.2291
X1.8342 Y-0.2199
X1.8384 Y-0.2109
X1.843 Y-0.2021
X1.8479 Y-0.1934
X1.8531 Y-0.185
X1.8584 Y-0.1766
X1.8625 Y-0.1693
X1.866 Y-0.1616
X1.8686 Y-0.1537
G3 X1.8549 Y-0.131 Z0.404 I-0.0182 J0.0044
G1 X1.8537 Y-0.1308
G3 X1.8319 Y-0.1461 I-0.0033 J-0.0185 F280.
G1 X1.7857 Y-0.4326
G3 X1.8373 Y-0.504 I0.0587 J-0.012
X1.9042 Y-0.4468 I0.0071 J0.0595
G1 X1.9043 Y-0.4456 F80.
G3 X1.8976 Y-0.4172 Z0.4 I-0.0599 J0.001
G2 X1.8919 Y-0.4064 I0.1909 J0.1087
G3 X1.8848 Y-0.3949 I-0.0902 J-0.048
G1 X1.8789 Y-0.3868
X1.873 Y-0.3789
X1.8672 Y-0.3707
X1.8619 Y-0.3624
X1.8571 Y-0.3537
X1.8528 Y-0.3447
X1.8491 Y-0.3355
X1.8461 Y-0.326
X1.8437 Y-0.3163
X1.842 Y-0.3065
X1.841 Y-0.2967
X1.8406 Y-0.2867
X1.8408 Y-0.2768
X1.8417 Y-0.2669
X1.8432 Y-0.257
X1.8452 Y-0.2473
X1.8478 Y-0.2377
X1.8507 Y-0.2282
X1.854 Y-0.2188
X1.8559 Y-0.2132
X1.8574 Y-0.2075
X1.8584 Y-0.2017
G3 X1.8416 Y-0.1812 Z0.404 I-0.0187 J0.0019
G1 X1.8404 Y-0.1811
G3 X1.8212 Y-0.2029 I-0.0007 J-0.0187 F280.
G1 X1.8563 Y-0.4171
G3 X1.8814 Y-0.4317 I0.0185 J0.003
G1 X1.8825 Y-0.4312 F80.
G3 X1.8919 Y-0.4064 Z0.4 I-0.0077 J0.0171
G2 X1.8818 Y-0.3844 I0.6489 J0.311
G1 X1.8777 Y-0.3753
X1.8736 Y-0.3662
X1.8699 Y-0.357
X1.8665 Y-0.3477
X1.8636 Y-0.3381
X1.8613 Y-0.3285
X1.8594 Y-0.3187
X1.8582 Y-0.3088
X1.8575 Y-0.2989
G3 X1.8569 Y-0.2854 I-0.128 J0.001
X1.8356 Y-0.2696 Z0.404 I-0.0186 J-0.0027
G1 X1.8344 Y-0.2698
G3 X1.8201 Y-0.2927 I0.0039 J-0.0183 F280.
G1 X1.846 Y-0.3953
G3 X1.8693 Y-0.4087 I0.0182 J0.0046
G1 X1.8705 Y-0.4083 F80.
G3 X1.8818 Y-0.3844 Z0.4 I-0.0063 J0.0176
G2 X1.8726 Y-0.3596 I0.542 J0.2155
G1 X1.8708 Y-0.3539
G2 X1.8646 Y-0.3315 I0.6198 J0.1839
X1.859 Y-0.3034 I0.5843 J0.1296
G1 X1.8583 Y-0.2978
X1.857 Y-0.2865
X1.8564 Y-0.2809
X1.8559 Y-0.2753
X1.8556 Y-0.2697
X1.8552 Y-0.2584
X1.855 Y-0.2528
Y-0.2472
X1.8552 Y-0.2416
X1.8556 Y-0.2303
X1.8559 Y-0.2247
X1.8564 Y-0.2191
G2 X1.8593 Y-0.1949 I0.6908 J-0.0724
X1.8649 Y-0.1671 I0.5965 J-0.1058
X1.8708 Y-0.1461 I0.7532 J-0.1994
G1 X1.8726 Y-0.1404
G2 X1.8818 Y-0.1156 I0.5742 J-0.1992
G1 X1.8832 Y-0.1124
X1.8858 Y-0.1067
X1.8892 Y-0.0993
X1.889 Y-0.0843 Z0.402
X1.8778 Y-0.0751 Z0.404
X1.8769 Y-0.0743
X1.8762 Y-0.0737 F280.
X1.6157 Y0.0337
X1.5335 Y0.0399
X0.5506 Y0.0371
X0.4214 Y0.0223
X0.1846 Y-0.0112
X0.1323 Y-0.0337
X0.0979 Y-0.0562
X0.0507 Y-0.1097
X0.0185 Y-0.1742
X0.0064 Y-0.2303
X0.0051 Y-0.2753
X0.0135 Y-0.3315
X0.015 Y-0.3371
G3 X0.0412 Y-0.3876 I0.0967 J0.0181
G1 X0.1232 Y-0.4719
G3 X0.2529 Y-0.4832 I0.0712 J0.0679
G1 Y-0.4831
G3 X0.2862 Y-0.4396 I-0.0585 J0.0791
G1 X0.2866 Y-0.4385 F80.
G3 X0.2927 Y-0.4098 Z0.4 I-0.0922 J0.0345
G1 X0.2928 Y-0.4051
X0.2898 Y-0.4042
X0.2803 Y-0.4011
X0.2709 Y-0.3979
X0.2616 Y-0.3946
X0.2523 Y-0.3909
X0.2433 Y-0.3868
X0.2344 Y-0.3823
X0.2258 Y-0.3774
X0.2174 Y-0.3719
X0.2094 Y-0.366
X0.2019 Y-0.3596
X0.1948 Y-0.3526
X0.1882 Y-0.3451
X0.1822 Y-0.3372
X0.1768 Y-0.3288
X0.1722 Y-0.3201
X0.1682 Y-0.3109
X0.165 Y-0.3015
X0.1625 Y-0.2919
X0.1609 Y-0.2821
X0.16 Y-0.2722
X0.1602 Y-0.2622
X0.1616 Y-0.2524
X0.1641 Y-0.2428
X0.1677 Y-0.2335
X0.1723 Y-0.2247
X0.1778 Y-0.2164
X0.1843 Y-0.2089
X0.1916 Y-0.2022
X0.1996 Y-0.1963
X0.2083 Y-0.1914
X0.2174 Y-0.1875
X0.227 Y-0.1846
X0.2368 Y-0.1829
X0.2467 Y-0.1823
X0.2566 Y-0.1828
X0.2664 Y-0.1845
X0.276 Y-0.1872
X0.2851 Y-0.1911
X0.2938 Y-0.1959
X0.3019 Y-0.2017
X0.3028 Y-0.2026
X0.303 Y-0.2028
G3 X0.3304 Y-0.1999 I0.0123 J0.0141
G1 X0.3323 Y-0.1973 Z0.4003
X0.3342 Y-0.1947 Z0.4011
X0.336 Y-0.1923 Z0.4025
X0.3376 Y-0.1902 Z0.4044
X0.339 Y-0.1883 Z0.4067
X0.3401 Y-0.1868 Z0.4094
X0.3409 Y-0.1857 Z0.4123
X0.3414 Y-0.1851 Z0.4155
X0.3416 Y-0.1848 Z0.4188
G0 Z0.96
X1.6796 Y-0.4365
Z0.4375
G1 Z0.4188 F80.
Y-0.4363 Z0.4155
X1.6794 Y-0.4354 Z0.4123
X1.6792 Y-0.4341 Z0.4094
X1.6789 Y-0.4322 Z0.4067
X1.6785 Y-0.4299 Z0.4044
X1.678 Y-0.4273 Z0.4025
X1.6775 Y-0.4244 Z0.4011
X1.6769 Y-0.4213 Z0.4003
X1.6764 Y-0.4181 Z0.4
G3 X1.6677 Y-0.3884 I-0.1413 J-0.0251
G1 X1.6659 Y-0.3844
X1.6561 Y-0.386
G2 X1.6069 Y-0.3935 I-0.1812 J1.0236
X1.5276 Y-0.3992 I-0.1052 J0.9055
G1 X1.5177 Y-0.3995
X1.5077 Y-0.3994
X1.4979 Y-0.3983
X1.4881 Y-0.3962
X1.4786 Y-0.3933
X1.4694 Y-0.3896
X1.4605 Y-0.3852
X1.4519 Y-0.3801
X1.4437 Y-0.3746
X1.4357 Y-0.3686
X1.428 Y-0.3623
X1.4208 Y-0.3555
X1.4143 Y-0.348
X1.4084 Y-0.34
X1.4031 Y-0.3315
X1.3985 Y-0.3227
X1.3944 Y-0.3136
X1.3909 Y-0.3044
X1.3878 Y-0.2949
X1.3849 Y-0.2854
X1.3821 Y-0.2759
X1.3806 Y-0.2711
X1.3798 Y-0.2685
X1.3765 Y-0.2591
X1.3739 Y-0.2495
X1.3723 Y-0.2397
X1.3719 Y-0.2297
X1.3726 Y-0.2198
X1.3742 Y-0.21
X1.3768 Y-0.2004
X1.3803 Y-0.1911
X1.3847 Y-0.1822
X1.3898 Y-0.1737
X1.3957 Y-0.1656
X1.4021 Y-0.1581
X1.4092 Y-0.1511
X1.4168 Y-0.1446
X1.4248 Y-0.1387
X1.4331 Y-0.1334
X1.4418 Y-0.1285
X1.4508 Y-0.1242
X1.46 Y-0.1205
X1.4694 Y-0.1171
X1.4789 Y-0.1143
X1.4885 Y-0.1118
X1.4982 Y-0.1097
X1.508 Y-0.1079
X1.5179 Y-0.1065
X1.5278 Y-0.1055
X1.5377 Y-0.1052
X1.5476 Y-0.1059
X1.5574 Y-0.1076
X1.567 Y-0.1103
X1.5763 Y-0.1138
X1.5853 Y-0.1181
X1.5939 Y-0.1231
X1.6021 Y-0.1287
X1.6099 Y-0.1348
X1.6174 Y-0.1413
X1.6247 Y-0.1481
X1.6316 Y-0.1552
X1.6379 Y-0.1629
X1.6436 Y-0.1711
X1.6487 Y-0.1796
X1.6533 Y-0.1884
X1.6573 Y-0.1975
X1.661 Y-0.2068
X1.6644 Y-0.2161
X1.6676 Y-0.2255
X1.6711 Y-0.2348
X1.674 Y-0.2444
X1.6757 Y-0.2541
X1.6764 Y-0.2641
X1.6759 Y-0.274
X1.6743 Y-0.2838
X1.6716 Y-0.2934
X1.668 Y-0.3026
X1.6635 Y-0.3115
X1.6583 Y-0.32
X1.6523 Y-0.3279
X1.6457 Y-0.3353
X1.6385 Y-0.3422
X1.6308 Y-0.3485
X1.6227 Y-0.3542
X1.6142 Y-0.3594
X1.6054 Y-0.3641
X1.5963 Y-0.3682
X1.5871 Y-0.3718
X1.5776 Y-0.3749
X1.5681 Y-0.3776
X1.5583 Y-0.3797
X1.5485 Y-0.3811
X1.5386 Y-0.3817
X1.5286 Y-0.3816
X1.5187 Y-0.3808
X1.5089 Y-0.3793
X1.4992 Y-0.3771
X1.4897 Y-0.3741
X1.4805 Y-0.3703
X1.4716 Y-0.3658
X1.4631 Y-0.3607
X1.4551 Y-0.3549
X1.4474 Y-0.3485
X1.4402 Y-0.3417
X1.4335 Y-0.3343
X1.4272 Y-0.3266
X1.4214 Y-0.3186
X1.4159 Y-0.3103
X1.4108 Y-0.3018
X1.4064 Y-0.2928
X1.4028 Y-0.2836
X1.4002 Y-0.274
X1.3984 Y-0.2642
X1.3977 Y-0.2543
X1.3978 Y-0.2443
X1.3989 Y-0.2344
X1.4009 Y-0.2247
X1.4037 Y-0.2152
X1.4074 Y-0.2059
X1.4118 Y-0.197
X1.4169 Y-0.1885
X1.4227 Y-0.1804
X1.4291 Y-0.1728
X1.4361 Y-0.1657
X1.4435 Y-0.1591
X1.4514 Y-0.1531
X1.4597 Y-0.1475
X1.4683 Y-0.1426
X1.4773 Y-0.1385
X1.4867 Y-0.1351
X1.4963 Y-0.1326
X1.5062 Y-0.131
X1.5161 Y-0.1302
X1.526
X1.5359 Y-0.1311
X1.5457 Y-0.1327
X1.5554 Y-0.1351
X1.5648 Y-0.1383
X1.5739 Y-0.1423
X1.5827 Y-0.147
X1.5911 Y-0.1523
X1.5991 Y-0.1582
X1.6066 Y-0.1647
X1.6137 Y-0.1716
X1.6204 Y-0.179
X1.6267 Y-0.1867
X1.6322 Y-0.195
X1.6368 Y-0.2038
X1.6404 Y-0.2131
X1.6431 Y-0.2226
X1.6447 Y-0.2324
X1.6454 Y-0.2424
X1.645 Y-0.2523
X1.6437 Y-0.2622
X1.6415 Y-0.2719
X1.6384 Y-0.2813
X1.6344 Y-0.2904
X1.6297 Y-0.2992
X1.6242 Y-0.3074
X1.618 Y-0.3152
X1.6111 Y-0.3224
X1.6035 Y-0.3289
X1.5955 Y-0.3347
X1.5869 Y-0.3397
X1.5779 Y-0.3439
X1.5685 Y-0.3472
X1.5588 Y-0.3496
X1.549 Y-0.3511
X1.5391 Y-0.3517
X1.5291 Y-0.3514
X1.5193 Y-0.3502
X1.5095 Y-0.3482
X1.5 Y-0.3454
X1.4907 Y-0.3417
X1.4819 Y-0.3372
X1.4736 Y-0.3317
X1.466 Y-0.3253
X1.4591 Y-0.3181
X1.4531 Y-0.3102
X1.4481 Y-0.3016
X1.444 Y-0.2925
X1.4409 Y-0.2831
X1.4389 Y-0.2734
X1.438 Y-0.2635
X1.4382 Y-0.2535
X1.4396 Y-0.2437
X1.442 Y-0.234
X1.4456 Y-0.2248
X1.4502 Y-0.2159
X1.4558 Y-0.2077
X1.4623 Y-0.2002
X1.4696 Y-0.1934
X1.4776 Y-0.1875
X1.4819 Y-0.1851
X1.4841 Y-0.1839
X1.485 Y-0.1836
G3 X1.4934 Y-0.1584 Z0.404 I-0.0083 J0.0168
G1 X1.4928 Y-0.1574
G3 X1.4587 Y-0.1612 I-0.0162 J-0.0094 F280.
G1 X1.3798 Y-0.4134
G2 X1.3437 Y-0.4123 I-0.0179 J0.0056
G1 Y-0.412
X1.3434 Y-0.4108 F80.
G3 X1.333 Y-0.3833 Z0.4 I-0.1389 J-0.0363
G1 X1.3316 Y-0.3806
X1.3218 Y-0.3823
G2 X1.2827 Y-0.3898 I-0.2485 J1.1925
X1.2136 Y-0.3975 I-0.1097 J0.6705
G1 X1.2036 Y-0.3981
X1.1937 Y-0.3986
X1.1838 Y-0.3989
X1.1738 Y-0.3987
X1.164 Y-0.3975
X1.1542 Y-0.3954
X1.1448 Y-0.3924
X1.1356 Y-0.3886
X1.1267 Y-0.3841
X1.1182 Y-0.379
X1.11 Y-0.3733
X1.1022 Y-0.3671
X1.0947 Y-0.3607
X1.0874 Y-0.3539
X1.0808 Y-0.3465
X1.0748 Y-0.3385
X1.0694 Y-0.3302
X1.0647 Y-0.3214
X1.0605 Y-0.3124
X1.0569 Y-0.3031
X1.0536 Y-0.2938
X1.0506 Y-0.2843
X1.0477 Y-0.2748
X1.0446 Y-0.2653
X1.0413 Y-0.2559
X1.039 Y-0.2463
X1.0379 Y-0.2364
Y-0.2264
X1.0389 Y-0.2165
X1.0409 Y-0.2068
X1.0438 Y-0.1973
X1.0476 Y-0.1881
X1.0522 Y-0.1793
X1.0576 Y-0.171
X1.0637 Y-0.1631
X1.0704 Y-0.1557
X1.0776 Y-0.1489
X1.0853 Y-0.1426
X1.0935 Y-0.1369
X1.1019 Y-0.1317
X1.1107 Y-0.1271
X1.1198 Y-0.123
X1.1291 Y-0.1194
X1.1385 Y-0.1162
X1.148 Y-0.1134
X1.1577 Y-0.1111
X1.1674 Y-0.1091
X1.1772 Y-0.1074
X1.1871 Y-0.1061
X1.197 Y-0.1052
X1.2069 Y-0.1053
X1.2168 Y-0.1063
X1.2266 Y-0.1083
X1.2361 Y-0.1113
X1.2453 Y-0.1151
X1.2541 Y-0.1196
X1.2626 Y-0.1248
X1.2707 Y-0.1305
X1.2785 Y-0.1367
X1.2859 Y-0.1434
X1.2931 Y-0.1502
X1.2998 Y-0.1576
X1.3058 Y-0.1655
X1.3113 Y-0.1738
X1.3161 Y-0.1825
X1.3205 Y-0.1914
X1.3243 Y-0.2006
X1.3278 Y-0.2099
X1.3343 Y-0.2287
X1.3377 Y-0.238
X1.34 Y-0.2477
X1.3412 Y-0.2576
Y-0.2675
X1.3401 Y-0.2774
X1.338 Y-0.2871
X1.3348 Y-0.2965
X1.3308 Y-0.3056
X1.3259 Y-0.3143
X1.3203 Y-0.3225
X1.314 Y-0.3302
X1.3071 Y-0.3374
X1.2997 Y-0.344
X1.2918 Y-0.3501
X1.2836 Y-0.3556
X1.275 Y-0.3606
X1.2661 Y-0.365
X1.2569 Y-0.3689
X1.2476 Y-0.3724
X1.2381 Y-0.3754
X1.2285 Y-0.3778
X1.2187 Y-0.3794
X1.2088 Y-0.3804
X1.1988 Y-0.3805
X1.1889 Y-0.38
X1.179 Y-0.3787
X1.1693 Y-0.3767
X1.1597 Y-0.374
X1.1504 Y-0.3705
X1.1414 Y-0.3664
X1.1327 Y-0.3615
X1.1244 Y-0.356
X1.1166 Y-0.3499
X1.1092 Y-0.3432
X1.1022 Y-0.3361
X1.0957 Y-0.3286
X1.0896 Y-0.3207
X1.084 Y-0.3126
X1.0787 Y-0.3042
X1.074 Y-0.2954
X1.0701 Y-0.2862
X1.0672 Y-0.2767
X1.0652 Y-0.267
X1.0641 Y-0.2571
X1.064 Y-0.2472
X1.0648 Y-0.2372
X1.0665 Y-0.2275
X1.0691 Y-0.2179
X1.0725 Y-0.2085
X1.0767 Y-0.1995
X1.0817 Y-0.1909
X1.0873 Y-0.1827
X1.0935 Y-0.1749
X1.1003 Y-0.1677
X1.1076 Y-0.1609
X1.1154 Y-0.1547
X1.1235 Y-0.149
X1.1321 Y-0.1439
X1.141 Y-0.1395
X1.1503 Y-0.136
X1.1598 Y-0.1333
X1.1696 Y-0.1314
X1.1795 Y-0.1304
X1.1894 Y-0.1302
X1.1994 Y-0.1308
X1.2092 Y-0.1322
X1.2189 Y-0.1344
X1.2284 Y-0.1374
X1.2376 Y-0.1412
X1.2464 Y-0.1457
X1.2549 Y-0.1509
X1.263 Y-0.1567
X1.2706 Y-0.1631
X1.2778 Y-0.1699
X1.2846 Y-0.1772
X1.2909 Y-0.1849
X1.2965 Y-0.1931
X1.3012 Y-0.2019
X1.3049 Y-0.2111
X1.3076 Y-0.2207
X1.3093 Y-0.2305
X1.3101 Y-0.2404
X1.3098 Y-0.2503
X1.3086 Y-0.2602
X1.3065 Y-0.2699
X1.3035 Y-0.2794
X1.2996 Y-0.2886
X1.295 Y-0.2973
X1.2895 Y-0.3057
X1.2834 Y-0.3134
X1.2765 Y-0.3206
X1.269 Y-0.3272
X1.2609 Y-0.333
X1.2523 Y-0.338
X1.2433 Y-0.3421
X1.2339 Y-0.3454
X1.2242 Y-0.3478
X1.2144 Y-0.3493
X1.2045 Y-0.3499
X1.1945 Y-0.3496
X1.1847 Y-0.3484
X1.1749 Y-0.3464
X1.1654 Y-0.3436
X1.1562 Y-0.3398
X1.1474 Y-0.3351
X1.1392 Y-0.3295
X1.1317 Y-0.323
X1.125 Y-0.3156
X1.1192 Y-0.3076
X1.1144 Y-0.2989
X1.1105 Y-0.2897
X1.1076 Y-0.2802
X1.1059 Y-0.2704
X1.1053 Y-0.2605
X1.1058 Y-0.2505
X1.1075 Y-0.2407
X1.1103 Y-0.2312
X1.1141 Y-0.222
X1.119 Y-0.2133
X1.1248 Y-0.2053
X1.1315 Y-0.1979
X1.139 Y-0.1914
X1.1431 Y-0.1886
X1.1439 Y-0.1881
G3 X1.1495 Y-0.1622 Z0.404 I-0.0102 J0.0157
G1 X1.1488 Y-0.1612
G3 X1.1156 Y-0.1673 I-0.0151 J-0.0112 F280.
G1 X1.0481 Y-0.4093
G2 X1.012 Y-0.4094 I-0.0181 J0.005
G1 X1.0119 Y-0.4091
X1.0116 Y-0.4079 F80.
G3 X1.0004 Y-0.3807 Z0.4 I-0.1376 J-0.041
G1 X0.9988 Y-0.3781
X0.9891 Y-0.3801
G2 X0.9502 Y-0.3885 I-0.2227 J0.9412
X0.8811 Y-0.397 I-0.1103 J0.605
X0.8414 Y-0.399 I-0.0558 J0.7216
G1 X0.8315 Y-0.3983
X0.8217 Y-0.3967
X0.8121 Y-0.3941
X0.8027 Y-0.3908
X0.7937 Y-0.3867
X0.7849 Y-0.382
X0.7765 Y-0.3767
X0.7683 Y-0.371
X0.7605 Y-0.3649
X0.7531 Y-0.3583
X0.7464 Y-0.3509
X0.7403 Y-0.343
X0.7349 Y-0.3347
X0.7301 Y-0.326
X0.726 Y-0.3169
X0.7223 Y-0.3077
X0.7192 Y-0.2983
X0.7163 Y-0.2887
X0.7136 Y-0.2792
X0.7122 Y-0.2744
X0.7107 Y-0.2695
X0.7098 Y-0.2669
X0.7064 Y-0.2576
X0.704 Y-0.2479
X0.7027 Y-0.2381
X0.7025 Y-0.2281
X0.7033 Y-0.2182
X0.7051 Y-0.2084
X0.7079 Y-0.1989
X0.7116 Y-0.1896
X0.7161 Y-0.1808
X0.7213 Y-0.1723
X0.7273 Y-0.1644
X0.7339 Y-0.1569
X0.741 Y-0.15
X0.7486 Y-0.1436
X0.7567 Y-0.1378
X0.7651 Y-0.1326
X0.7739 Y-0.1278
X0.7829 Y-0.1236
X0.7921 Y-0.1199
X0.8015 Y-0.1167
X0.8111 Y-0.1139
X0.8207 Y-0.1115
X0.8304 Y-0.1094
X0.8402 Y-0.1077
X0.8501 Y-0.1063
X0.86 Y-0.1054
X0.8699 Y-0.1053
X0.8798 Y-0.1061
X0.8896 Y-0.108
X0.8991 Y-0.1108
X0.9084 Y-0.1144
X0.9173 Y-0.1188
X0.9258 Y-0.124
X0.934 Y-0.1297
X0.9417 Y-0.1359
X0.9492 Y-0.1425
X0.9563 Y-0.1494
X0.9632 Y-0.1566
X0.9694 Y-0.1643
X0.975 Y-0.1725
X0.9801 Y-0.1811
X0.9845 Y-0.19
X0.9886 Y-0.1991
X0.9922 Y-0.2084
X0.9955 Y-0.2177
X0.9989 Y-0.2271
X1.0023 Y-0.2364
X1.0047 Y-0.246
X1.006 Y-0.2559
X1.0062 Y-0.2658
X1.0052 Y-0.2757
X1.0031 Y-0.2855
X1. Y-0.2949
X0.9961 Y-0.3041
X0.9913 Y-0.3128
X0.9858 Y-0.3211
X0.9796 Y-0.3288
X0.9728 Y-0.3361
X0.9655 Y-0.3428
X0.9577 Y-0.3489
X0.9494 Y-0.3545
X0.9409 Y-0.3596
X0.932 Y-0.3641
X0.9229 Y-0.3681
X0.9136 Y-0.3717
X0.9042 Y-0.3747
X0.8946 Y-0.3773
X0.8848 Y-0.3793
X0.875 Y-0.3805
X0.865 Y-0.381
X0.8551 Y-0.3807
X0.8452 Y-0.3798
X0.8354 Y-0.3781
X0.8258 Y-0.3756
X0.8164 Y-0.3724
X0.8073 Y-0.3683
X0.7985 Y-0.3636
X0.7902 Y-0.3582
X0.7823 Y-0.3522
X0.7748 Y-0.3456
X0.7678 Y-0.3385
X0.7613 Y-0.331
X0.7552 Y-0.3232
X0.7495 Y-0.315
X0.7442 Y-0.3066
X0.7394 Y-0.2979
X0.7353 Y-0.2888
X0.7321 Y-0.2794
X0.7299 Y-0.2697
X0.7286 Y-0.2599
X0.7282 Y-0.2499
X0.7288 Y-0.24
X0.7302 Y-0.2302
X0.7326 Y-0.2205
X0.7358 Y-0.2111
X0.7398 Y-0.202
X0.7445 Y-0.1933
X0.75 Y-0.1849
X0.7561 Y-0.1771
X0.7627 Y-0.1697
X0.7699 Y-0.1628
X0.7775 Y-0.1564
X0.7856 Y-0.1506
X0.794 Y-0.1453
X0.8028 Y-0.1407
X0.812 Y-0.1369
X0.8215 Y-0.1339
X0.8312 Y-0.1318
X0.8411 Y-0.1306
X0.851 Y-0.1302
X0.8609 Y-0.1306
X0.8708 Y-0.1317
X0.8806 Y-0.1337
X0.8901 Y-0.1365
X0.8994 Y-0.14
X0.9084 Y-0.1443
X0.917 Y-0.1493
X0.9252 Y-0.1549
X0.933 Y-0.161
X0.9404 Y-0.1677
X0.9473 Y-0.1748
X0.9538 Y-0.1824
X0.9596 Y-0.1904
X0.9645 Y-0.1991
X0.9685 Y-0.2082
X0.9716 Y-0.2177
X0.9736 Y-0.2274
X0.9746 Y-0.2373
Y-0.2472
X0.9737 Y-0.2571
X0.9719 Y-0.2669
X0.9691 Y-0.2764
X0.9655 Y-0.2857
X0.9611 Y-0.2946
X0.9559 Y-0.3031
X0.95 Y-0.3111
X0.9434 Y-0.3185
X0.9361 Y-0.3253
X0.9283 Y-0.3315
X0.9199 Y-0.3368
X0.9111 Y-0.3414
X0.9018 Y-0.345
X0.8923 Y-0.3478
X0.8825 Y-0.3496
X0.8726 Y-0.3506
X0.8627
X0.8527 Y-0.3497
X0.8429 Y-0.348
X0.8333 Y-0.3455
X0.824 Y-0.3421
X0.815 Y-0.3378
X0.8066 Y-0.3325
X0.7988 Y-0.3264
X0.7917 Y-0.3194
X0.7855 Y-0.3116
X0.7802 Y-0.3032
X0.7759 Y-0.2942
X0.7726 Y-0.2848
X0.7704 Y-0.2752
X0.7692 Y-0.2653
X0.7693 Y-0.2553
X0.7704 Y-0.2454
X0.7727 Y-0.2358
X0.776 Y-0.2264
X0.7804 Y-0.2175
X0.7858 Y-0.2091
X0.7921 Y-0.2014
X0.7992 Y-0.1945
X0.8071 Y-0.1885
X0.8093 Y-0.1872
X0.8098 Y-0.1869
G3 X0.8161 Y-0.1611 Z0.404 I-0.0097 J0.016
G1 X0.8155 Y-0.1601
G3 X0.7821 Y-0.1655 I-0.0154 J-0.0107 F280.
G1 X0.7089 Y-0.4148
G2 X0.6726 Y-0.4137 I-0.018 J0.0053
G1 Y-0.4134
X0.6723 Y-0.4122 F80.
G3 X0.6625 Y-0.3845 Z0.4 I-0.1395 J-0.0339
G1 X0.661 Y-0.3818
X0.6512 Y-0.3834
G2 X0.6121 Y-0.3904 I-0.2685 J1.3824
X0.5429 Y-0.3977 I-0.1095 J0.7091
G1 X0.5329 Y-0.3983
X0.523 Y-0.3987
X0.5131 Y-0.3989
X0.5031 Y-0.3986
X0.4933 Y-0.3972
X0.4836 Y-0.395
X0.4742 Y-0.3918
X0.4651 Y-0.3877
X0.4564 Y-0.3828
X0.4482 Y-0.3772
X0.4405 Y-0.3709
X0.4333 Y-0.3641
X0.4267 Y-0.3567
X0.4206 Y-0.3488
X0.4151 Y-0.3405
X0.41 Y-0.332
X0.4055 Y-0.3231
X0.4013 Y-0.3141
G2 X0.3874 Y-0.2769 I0.4161 J0.1772
G1 X0.385 Y-0.2672
X0.3835 Y-0.2574
X0.3829 Y-0.2474
X0.3832 Y-0.2375
X0.3843 Y-0.2276
X0.3863 Y-0.2179
X0.3892 Y-0.2084
X0.3928 Y-0.1991
X0.3972 Y-0.1902
X0.4023 Y-0.1816
X0.408 Y-0.1735
X0.4144 Y-0.1659
X0.4212 Y-0.1587
X0.4286 Y-0.152
X0.4364 Y-0.1458
X0.4445 Y-0.1401
X0.453 Y-0.1349
X0.4618 Y-0.1302
X0.4708 Y-0.126
X0.48 Y-0.1223
X0.4894 Y-0.119
X0.4989 Y-0.1161
X0.5085 Y-0.1136
X0.5183 Y-0.1116
X0.5281 Y-0.1105
X0.5381
X0.548 Y-0.1114
X0.5577 Y-0.1134
X0.5673 Y-0.1163
X0.5765 Y-0.12
X0.5854 Y-0.1244
X0.5939 Y-0.1295
X0.6022 Y-0.1351
X0.61 Y-0.1412
X0.6176 Y-0.1476
X0.6248 Y-0.1545
X0.6314 Y-0.1619
X0.6373 Y-0.1699
X0.6427 Y-0.1783
X0.6475 Y-0.187
X0.6518 Y-0.1959
X0.6556 Y-0.2051
X0.6592 Y-0.2144
X0.6626 Y-0.2237
X0.6661 Y-0.233
X0.669 Y-0.2425
X0.6708 Y-0.2523
X0.6715 Y-0.2622
X0.671 Y-0.2722
X0.6694 Y-0.282
X0.6668 Y-0.2916
X0.6632 Y-0.3009
X0.6588 Y-0.3098
X0.6536 Y-0.3183
X0.6477 Y-0.3262
X0.6411 Y-0.3337
X0.634 Y-0.3407
X0.6264 Y-0.347
X0.6183 Y-0.3528
X0.6099 Y-0.3581
X0.6011 Y-0.3628
X0.5921 Y-0.367
X0.5829 Y-0.3707
X0.5735 Y-0.3739
X0.5639 Y-0.3767
X0.5541 Y-0.3786
X0.5443 Y-0.3798
X0.5343 Y-0.3801
X0.5244 Y-0.3796
X0.5146 Y-0.3782
X0.5049 Y-0.3759
X0.4954 Y-0.3729
X0.4862 Y-0.3691
X0.4774 Y-0.3646
X0.4689 Y-0.3594
X0.4608 Y-0.3536
X0.4531 Y-0.3473
X0.4459 Y-0.3405
X0.4391 Y-0.3332
X0.4327 Y-0.3256
X0.427 Y-0.3174
X0.422 Y-0.3088
X0.4177 Y-0.2999
X0.4143 Y-0.2905
X0.4117 Y-0.2809
X0.4101 Y-0.2711
X0.4093 Y-0.2612
X0.4094 Y-0.2513
X0.4105 Y-0.2414
X0.4123 Y-0.2316
X0.415 Y-0.222
X0.4185 Y-0.2127
X0.4228 Y-0.2037
X0.4277 Y-0.1951
X0.4333 Y-0.1869
X0.4395 Y-0.1791
X0.4463 Y-0.1718
X0.4535 Y-0.165
X0.4614 Y-0.1589
X0.4698 Y-0.1537
X0.4787 Y-0.1492
X0.488 Y-0.1456
X0.4975 Y-0.1429
X0.5073 Y-0.141
X0.5172 Y-0.14
X0.5271 Y-0.1399
X0.5371 Y-0.1407
X0.5469 Y-0.1424
X0.5565 Y-0.1449
X0.5658 Y-0.1483
X0.5749 Y-0.1524
X0.5836 Y-0.1573
X0.5918 Y-0.1627
X0.5997 Y-0.1688
X0.6072 Y-0.1754
X0.6141 Y-0.1825
X0.6203 Y-0.1903
X0.6256 Y-0.1987
X0.6299 Y-0.2077
X0.6333 Y-0.217
X0.6356 Y-0.2267
X0.6369 Y-0.2366
X0.6372 Y-0.2465
X0.6365 Y-0.2564
X0.6348 Y-0.2662
X0.6322 Y-0.2758
X0.6288 Y-0.2851
X0.6244 Y-0.2941
X0.6191 Y-0.3025
X0.6131 Y-0.3104
X0.6062 Y-0.3176
X0.5986 Y-0.324
X0.5903 Y-0.3295
X0.5816 Y-0.3342
X0.5724 Y-0.338
X0.5628 Y-0.3408
X0.5531 Y-0.3427
X0.5432 Y-0.3435
X0.5332 Y-0.3433
X0.5234 Y-0.3419
X0.5138 Y-0.3394
X0.5045 Y-0.3358
X0.4957 Y-0.3312
X0.4874 Y-0.3256
X0.4799 Y-0.3191
X0.4732 Y-0.3118
X0.4673 Y-0.3038
X0.4624 Y-0.2952
X0.4585 Y-0.286
X0.457 Y-0.2813
X0.4568 Y-0.2804
Y-0.2801
X0.4574 Y-0.2528 Z0.4037
X0.4576 Y-0.2506 Z0.404
X0.4577 Y-0.2494
G2 X0.5338 Y-0.1619 Z0.4045 I0.0981 J-0.0084 F280.
G1 X2.1177 Y0.2215 Z0.439
X2.2525 Y0.2216 Z0.4413
X2.3255 Y0.2147 Z0.4423
X2.3817 Y0.1964 Z0.443
G2 X2.4188 Y0.1742 Z0.4434 I-0.0307 J-0.0935
G1 X2.473 Y0.1236 Z0.444
G2 X2.4916 Y-0.0013 Z0.4445 I-0.0654 J-0.0736
G1 X2.4907 Y-0.0027 F80.
X2.4884 Y-0.0062 Z0.444
X2.4741 Y-0.0265 Z0.4406
X2.4739 Y-0.0267
G3 X2.4779 Y-0.0374 I0.0606 J0.0164
X2.4878 Y-0.0583 I0.3503 J0.1539
G2 X2.4992 Y-0.0816 I-2.4708 J-1.2271
G1 X2.4999 Y-0.0829
X2.5007 Y-0.0843
G2 X2.5122 Y-0.1067 I-0.5229 J-0.2839
X2.5217 Y-0.1292 I-1.2776 J-0.553
X2.5311 Y-0.1573 I-0.6435 J-0.2293
X2.5366 Y-0.1798 I-1.2398 J-0.3158
G1 X2.5377 Y-0.1854
G2 X2.5413 Y-0.2079 I-1.231 J-0.208
X2.5433 Y-0.2303 I-0.5162 J-0.0565
G1 X2.5437 Y-0.236
G2 Y-0.264 I-0.6921 J-0.0142
X2.5414 Y-0.2921 I-0.7812 J0.0507
X2.5377 Y-0.3146 I-1.4611 J0.2245
G1 X2.5366 Y-0.3202
G2 X2.531 Y-0.3427 I-0.9248 J0.2163
X2.5217 Y-0.3708 I-0.5077 J0.1529
X2.5122 Y-0.3933 I-0.9829 J0.4014
X2.4975 Y-0.4214 I-0.4989 J0.2437
X2.4832 Y-0.4438 I-0.6972 J0.4296
X2.4705 Y-0.4607 I-1.145 J0.8442
G1 X2.4659 Y-0.4663
X2.4611 Y-0.4719
X2.4547 Y-0.4792
X2.4491 Y-0.4853
G2 X2.4322 Y-0.5016 I-0.7251 J0.7305
G1 X2.4277 Y-0.5056
G2 X2.4098 Y-0.5203 I-0.8374 J1.0048
X2.3873 Y-0.5359 I-0.452 J0.6252
G1 X2.3817 Y-0.5393
X2.3705 Y-0.5459
X2.3648 Y-0.5491
X2.362 Y-0.5506
G2 X2.3383 Y-0.5618 I-0.3027 J0.6075
X2.3143 Y-0.5711 I-0.2833 J0.6992
X2.2887 Y-0.5787 I-0.249 J0.792
X2.2625 Y-0.5843 I-0.1517 J0.6458
X2.2357 Y-0.5878 I-0.0811 J0.515
G1 X2.23 Y-0.5882
X2.2244 Y-0.5885
X2.2132 Y-0.5891
X2.2076 Y-0.5892
G2 X2.1795 Y-0.5883 I0.0017 J0.4822
X2.1514 Y-0.585 I0.0554 J0.6024
G1 X2.1473 Y-0.5843
X2.1345 Y-0.5818
G2 X2.1177 Y-0.5778 I0.0352 J0.1856
G1 X2.1065 Y-0.5746
X2.1013 Y-0.573
X2.1008 Y-0.5729
X2.0952 Y-0.571
X2.084 Y-0.5669
G2 X2.0671 Y-0.56 I0.0665 J0.1863
G1 X2.0559 Y-0.5548
X2.0503 Y-0.552
X2.0475 Y-0.5506
X2.0447 Y-0.549
X2.0334 Y-0.5427
X2.0276 Y-0.5393
G2 X2.0054 Y-0.5245 I0.38 J0.5933
X1.9829 Y-0.5067 I0.3492 J0.4631
X1.9638 Y-0.4888 I0.3884 J0.4351
X1.9481 Y-0.4719 I0.7296 J0.6915
X1.9303 Y-0.4494 I0.523 J0.4335
X1.9153 Y-0.427 I0.5373 J0.3743
G1 X1.912 Y-0.4214
X1.9058 Y-0.4101
G2 X1.8974 Y-0.3933 I0.1808 J0.1004
X1.8858 Y-0.3652 I0.2379 J0.1144
G1 X1.8837 Y-0.3596
X1.8818 Y-0.3539
G2 X1.8755 Y-0.3315 I0.5651 J0.1724
G1 X1.8741 Y-0.3258
G2 X1.8697 Y-0.3034 I0.7091 J0.1504
X1.8665 Y-0.2753 I0.5032 J0.0728
G1 X1.8661 Y-0.2697
X1.8657 Y-0.2584
X1.8655 Y-0.2528
Y-0.2472
X1.8657 Y-0.2416
X1.8661 Y-0.2303
X1.8665 Y-0.2247
X1.867 Y-0.2191
G2 X1.8697 Y-0.1966 I0.7607 J-0.0824
G1 X1.8706 Y-0.1919
X1.873 Y-0.1798
G2 X1.877 Y-0.1629 I0.2096 J-0.0409
G1 X1.8801 Y-0.1517
G2 X1.8879 Y-0.1292 I0.2806 J-0.0841
X1.8948 Y-0.1124 I0.1684 J-0.0595
G1 X1.9 Y-0.1011
X1.9028 Y-0.0955
X1.9043 Y-0.0926
G2 X1.9155 Y-0.0727 I0.6351 J-0.3463
X1.9303 Y-0.0505 I0.5471 J-0.3493
X1.9492 Y-0.0269 I0.4278 J-0.3223
X1.9637 Y-0.0112 I1.4632 J-1.3434
X1.9829 Y0.0067 I0.5256 J-0.5441
X2.0054 Y0.0245 I0.3948 J-0.4741
X2.0276 Y0.0393 I0.3502 J-0.5015
G1 X2.0334 Y0.0427
X2.0447 Y0.049
X2.0475 Y0.0506
X2.0503 Y0.052
G2 X2.0728 Y0.0625 I0.2391 J-0.4839
G1 X2.0784 Y0.0648
X2.0855 Y0.0674
G2 X2.1013 Y0.0731 I0.1194 J-0.3102
X2.1233 Y0.0793 I0.17 J-0.5596
G1 X2.1289 Y0.0806
X2.1345 Y0.0818
X2.1473 Y0.0843
G2 X2.1683 Y0.0871 I0.0464 J-0.265
X2.1907 Y0.0888 I0.0268 J-0.2065
G1 X2.1963 Y0.089
X2.2019 Y0.0892
X2.2076
G2 X2.2357 Y0.0878 I-0.013 J-0.5467
X2.2625 Y0.0843 I-0.0666 J-0.6128
X2.2887 Y0.0787 I-0.1361 J-0.6988
X2.3143 Y0.0711 I-0.1958 J-0.7059
X2.3383 Y0.0618 I-0.2299 J-0.6309
G1 X2.3424 Y0.06
G2 X2.362 Y0.0506 I-0.814 J-1.7191
G1 X2.3648 Y0.0491
G2 X2.3873 Y0.0359 I-0.3786 J-0.6727
X2.4098 Y0.0203 I-0.3361 J-0.5062
X2.4323 Y0.0016 I-0.3443 J-0.4384
X2.4491 Y-0.0147 I-1.1869 J-1.2417
G1 X2.4547 Y-0.0208
X2.4611 Y-0.0281
G2 X2.4748 Y-0.0449 I-0.1578 J-0.1421
G1 X2.479 Y-0.0506
G2 X2.4905 Y-0.0674 I-0.163 J-0.1233
G1 X2.494 Y-0.0731
X2.4975 Y-0.0786
X2.5001 Y-0.0833
X2.5007 Y-0.0843
X2.5109 Y-0.0923 Z0.4423
X2.5267 Y-0.0969 Z0.4449
X2.5278 Y-0.0972
X2.6064 Y-0.1196 Z0.4465 F280.
G2 X2.6755 Y-0.2135 Z0.452 I-0.0292 J-0.094
G1 X2.6703 Y-0.309 Z0.4588
X2.6546 Y-0.382 Z0.4651
X2.6232 Y-0.4622 Z0.4734
X2.5824 Y-0.5281 Z0.4814
X2.5702 Y-0.545 Z0.4836
X2.5656 Y-0.5505 Z0.4844
X2.5053 Y-0.6102 Z0.4936
X2.4287 Y-0.6629 Z0.5038
X2.3536 Y-0.6957 Z0.5124
X2.275 Y-0.7144 Z0.5205
X2.1795 Y-0.7194 Z0.529
X2.1002 Y-0.7079 Z0.535
X2.062 Y-0.6966 Z0.5375
X2.0615 Y-0.6965 Z0.5376
X2.0559 Y-0.6949 Z0.5379
X2.0503 Y-0.6929 Z0.5383
X2.0459 Y-0.691 Z0.5385
X2.0447 Y-0.6905 Z0.5386
X2.0391 Y-0.6876 Z0.5389
X2.0352 Y-0.6854 Z0.5392
X2.0334 Y-0.6843 Z0.5393
X2.0278 Y-0.6804 Z0.5396
X2.027 Y-0.6798 Z0.5397
X2.0222 Y-0.676 Z0.54
X2.0202 Y-0.6742 Z0.5401
X2.0166 Y-0.6707 Z0.5404
X2.0145 Y-0.6686 Z0.5405
X2.011 Y-0.6646 Z0.5408
X2.0096 Y-0.6629 Z0.5409
X2.0054 Y-0.6573 Z0.5412
Y-0.6572
G2 X1.9879 Y-0.6011 Z0.5432 I0.081 J0.0559
G1 X1.9863 Y-0.5395 Z0.5441
X1.9862 Y-0.534 Z0.5442 F80.
X1.9855 Y-0.5089 Z0.5406
Y-0.5086
G3 X1.9793 Y-0.4983 I-0.0654 J-0.0322
X1.9676 Y-0.4817 I-0.3232 J-0.2168
G2 X1.9481 Y-0.4548 I1.2994 J0.9608
X1.9267 Y-0.4213 I0.388 J0.272
X1.9086 Y-0.3859 I0.3228 J0.1871
X1.8946 Y-0.3487 I0.3185 J0.1413
X1.8834 Y-0.3003 I0.3186 J0.0994
X1.8796 Y-0.2409 I0.3252 J0.0501
X1.8848 Y-0.1915 I0.3277 J-0.0095
G1 X1.8868 Y-0.1817
X1.889 Y-0.172
X1.8916 Y-0.1624
X1.8944 Y-0.1529
X1.8975 Y-0.1434
X1.9009 Y-0.1341
X1.9046 Y-0.1249
X1.9086 Y-0.1157
X1.9128 Y-0.1067
X1.9173 Y-0.0979
G2 X1.9499 Y-0.048 I0.2887 J-0.153
X1.9836 Y-0.0115 I0.2566 J-0.2036
X2.0393 Y0.03 I0.2212 J-0.2386
G1 X2.048 Y0.0349
G2 X2.1026 Y0.0587 I0.1564 J-0.2841
G1 X2.1121 Y0.0617
X2.1216 Y0.0644
X2.1313 Y0.0668
X2.141 Y0.0689
X2.1508 Y0.0707
X2.1606 Y0.0722
G2 X2.2102 Y0.0751 I0.0443 J-0.3257
G1 X2.2202 Y0.0748
X2.2301 Y0.0742
X2.24 Y0.0733
X2.2498 Y0.072
X2.2597 Y0.0705
X2.2694 Y0.0687
X2.2792 Y0.0665
X2.2888 Y0.0641
X2.2984 Y0.0614
G2 X2.371 Y0.0294 I-0.0938 J-0.3118
G1 X2.3795 Y0.0242
X2.3878 Y0.0188
X2.3959 Y0.013
X2.4039 Y0.0071
X2.4116 Y0.0009
G2 X2.4474 Y-0.0336 I-0.2083 J-0.2523
G1 X2.4539 Y-0.0411
X2.4602 Y-0.0488
G2 X2.4878 Y-0.0901 I-0.2568 J-0.202
G1 X2.4926 Y-0.0988
X2.4971 Y-0.1077
X2.5013 Y-0.1167
G2 X2.5182 Y-0.1634 I-0.2996 J-0.1344
G1 X2.5207 Y-0.173
G2 X2.5277 Y-0.2122 I-0.316 J-0.077
G1 X2.5287 Y-0.222
X2.5294 Y-0.232
X2.5298 Y-0.2419
X2.5299 Y-0.2518
G2 X2.5241 Y-0.3111 I-0.3246 J0.0018
G1 X2.5221 Y-0.3209
G2 X2.5076 Y-0.3684 I-0.3191 J0.0715
G1 X2.5038 Y-0.3776
X2.4998 Y-0.3867
X2.4955 Y-0.3956
G2 X2.4699 Y-0.4382 I-0.2926 J0.1468
G1 X2.464 Y-0.4462
X2.4579 Y-0.4541
X2.4515 Y-0.4617
X2.4449 Y-0.4692
X2.4381 Y-0.4764
X2.4311 Y-0.4834
X2.4238 Y-0.4902
X2.4164 Y-0.4968
G2 X2.3763 Y-0.5262 I-0.2131 J0.2487
X2.3231 Y-0.5529 I-0.1719 J0.2768
G1 X2.3137 Y-0.5563
X2.3043 Y-0.5595
G2 X2.256 Y-0.5711 I-0.1 J0.3114
X2.1966 Y-0.5751 I-0.0513 J0.322
G1 X2.1866 Y-0.5747
X2.1767 Y-0.574
X2.1668 Y-0.5729
G2 X2.1181 Y-0.5634 I0.0379 J0.3232
G1 X2.1085 Y-0.5606
X2.0991 Y-0.5575
X2.0897 Y-0.5542
X2.0805 Y-0.5505
X2.0714 Y-0.5466
X2.0624 Y-0.5423
X2.0535 Y-0.5379
X2.0448 Y-0.533
X2.0363 Y-0.5278
X2.0282 Y-0.5221
X2.0203 Y-0.516
X2.0127 Y-0.5096
X2.0054 Y-0.5029
X1.9983 Y-0.4959
G2 X1.9658 Y-0.4583 I0.2771 J0.2719
X1.9334 Y-0.4083 I0.3095 J0.2364
X1.9157 Y-0.3708 I0.3132 J0.1699
X1.9073 Y-0.3483 I0.5537 J0.2206
G1 X1.9056 Y-0.3427
X1.9024 Y-0.3315
X1.9009 Y-0.3258
X1.8995 Y-0.3202
G2 X1.8944 Y-0.2921 I0.4148 J0.09
G1 X1.8937 Y-0.2865
G2 X1.8919 Y-0.236 I0.2977 J0.0358
X1.8938 Y-0.2135 I0.2107 J-0.0061
X1.8983 Y-0.1854 I0.2559 J-0.027
X1.9074 Y-0.1517 I0.2959 J-0.0614
X1.9157 Y-0.1292 I0.4097 J-0.1392
X1.9267 Y-0.1057 I0.5636 J-0.2493
X1.939 Y-0.0842 I0.4669 J-0.2524
X1.9632 Y-0.0506 I0.2867 J-0.181
X1.9837 Y-0.0281 I0.2882 J-0.2414
G1 X1.9885 Y-0.0235
X1.9957 Y-0.0168
X1.9997 Y-0.0132
G2 X2.0237 Y0.0056 I0.2647 J-0.3128
X2.0447 Y0.0192 I0.2277 J-0.3288
X2.0615 Y0.0286 I0.2115 J-0.3609
X2.0847 Y0.0393 I0.255 J-0.5177
X2.1065 Y0.0474 I0.357 J-0.9303
G1 X2.1121 Y0.0492
G2 X2.1345 Y0.0553 I0.1708 J-0.5872
X2.1682 Y0.061 I0.0761 J-0.3435
X2.1963 Y0.063 I0.0333 J-0.2759
X2.2188 Y0.0627 I0.009 J-0.2056
G1 X2.2244 Y0.0625
X2.23 Y0.0621
X2.2344 Y0.0618
G2 X2.2637 Y0.0576 I-0.0438 J-0.4074
X2.303 Y0.0474 I-0.0654 J-0.3323
X2.3255 Y0.039 I-0.1634 J-0.4721
X2.3536 Y0.0256 I-0.1897 J-0.4347
X2.3761 Y0.0122 I-0.2739 J-0.4848
X2.3933 Y0. I-0.2618 J-0.3889
X2.4154 Y-0.0183 I-0.2012 J-0.2653
X2.4322 Y-0.0347 I-0.2962 J-0.3203
G1 X2.4363 Y-0.0393
X2.4435 Y-0.0474
X2.4462 Y-0.0506
G2 X2.4631 Y-0.073 I-0.3296 J-0.2655
X2.4887 Y-0.118 I-0.268 J-0.1824
G1 X2.4912 Y-0.1236
X2.4936 Y-0.1292
G2 X2.5019 Y-0.1517 I-0.2072 J-0.0897
X2.5085 Y-0.1742 I-0.2 J-0.0705
X2.5142 Y-0.2022 I-0.2579 J-0.0668
X2.5172 Y-0.2303 I-0.2848 J-0.0452
G1 X2.5176 Y-0.236
G2 Y-0.264 I-0.4466 J-0.0143
X2.5158 Y-0.2865 I-1.1883 J0.0854
X2.5109 Y-0.3162 I-0.459 J0.061
X2.5039 Y-0.3427 I-0.4347 J0.1003
G1 X2.502 Y-0.3483
G2 X2.4912 Y-0.3764 I-0.2762 J0.0902
G1 X2.4888 Y-0.382
G2 X2.4772 Y-0.4045 I-0.5217 J0.2554
X2.4603 Y-0.431 I-0.3541 J0.2058
X2.4462 Y-0.4494 I-0.4246 J0.3111
X2.4266 Y-0.471 I-0.2674 J0.2233
X2.4138 Y-0.4832 I-0.3642 J0.3705
X2.3929 Y-0.5004 I-0.3075 J0.3524
X2.3761 Y-0.5121 I-0.4132 J0.574
X2.359 Y-0.5225 I-0.1354 J0.2044
X2.3424 Y-0.5313 I-0.1057 J0.1794
X2.3031 Y-0.5473 I-0.1377 J0.2809
X2.2806 Y-0.5539 I-0.148 J0.4664
X2.2525 Y-0.5595 I-0.1053 J0.4498
X2.2244 Y-0.5626 I-0.0557 J0.3839
X2.1851 I-0.0197 J0.3411
X2.157 Y-0.5596 I0.0337 J0.4459
X2.1345 Y-0.5552 I0.1268 J0.7172
X2.1121 Y-0.5491 I0.0801 J0.3396
X2.0952 Y-0.5434 I0.0659 J0.2201
X2.0722 Y-0.5337 I0.088 J0.2423
X2.0503 Y-0.5224 I0.1025 J0.2246
X2.0334 Y-0.5121 I0.0916 J0.1696
X2.0054 Y-0.4915 I0.1605 J0.248
X1.9717 Y-0.4592 I0.192 J0.2338
X1.9589 Y-0.4438 I0.1616 J0.148
X1.9492 Y-0.4311 I0.2489 J0.2001
X1.9355 Y-0.4101 I0.4979 J0.3392
X1.9262 Y-0.3933 I0.4739 J0.2711
X1.9157 Y-0.3708 I0.3486 J0.1766
G1 X1.902 Y-0.3596 Z0.543
X1.8917 Y-0.3541 Z0.5448
X1.8906 Y-0.3535
X1.8088 Y-0.3098 Z0.5465 F280.
X1.8072 Y-0.309 Z0.5466
X1.8032 Y-0.3068 Z0.5468
X1.7977 Y-0.3034 Z0.547
X1.7975 Y-0.3032
X1.7919 Y-0.2991 Z0.5472
X1.7902 Y-0.2978 Z0.5473
X1.7863 Y-0.2944 Z0.5475
X1.7839 Y-0.2921 Z0.5476
X1.7807 Y-0.2888 Z0.5478
X1.7786 Y-0.2865 Z0.5479
X1.7785 Y-0.2863
X1.7751 Y-0.2822 Z0.5481
X1.774 Y-0.2809 Z0.5482
X1.7701 Y-0.2753 Z0.5485
X1.7695 Y-0.2742 Z0.5486
X1.7667 Y-0.2697 Z0.5488
X1.7638 Y-0.264 Z0.5491
G2 X1.7582 Y-0.1942 Z0.5528 I0.0889 J0.0423
G1 X1.7975 Y-0.0743 Z0.5615
X1.8343 Y-0.0056 Z0.5681
X1.8954 Y0.0678 Z0.5769
X1.9572 Y0.118 Z0.5847
X2.0288 Y0.1573 Z0.593
X2.1008 Y0.1805 Z0.6007
X2.1795 Y0.1927 Z0.6087
X2.2581 Y0.1898 Z0.6162
X2.3408 Y0.1725 Z0.6237
X2.4189 Y0.1384 Z0.6305
X2.4828 Y0.0954 Z0.6357
X2.5109 Y0.0706 Z0.6379
X2.5146 Y0.0674 Z0.6381
X2.5165 Y0.0657 Z0.6383
X2.5204 Y0.0618 Z0.6385
X2.5221 Y0.06 Z0.6387
X2.5254 Y0.0562 Z0.6389
X2.5277 Y0.0532 Z0.6391
X2.5296 Y0.0506 Z0.6393
X2.5333 Y0.045 Z0.6396
Y0.0448
G2 X2.5367 Y-0.0506 Z0.6432 I-0.0844 J-0.0507
G1 X2.5123 Y-0.1011 Z0.6443
G3 X2.5057 Y-0.1156 Z0.6444 I0.086 J-0.0479
G1 X2.504 Y-0.1206 F80.
G3 X2.4999 Y-0.1456 Z0.6406 I0.0942 J-0.0284
X2.5002 Y-0.1584 I0.1442 J-0.0035
G1 X2.5008 Y-0.1669
X2.5018 Y-0.1768
G2 X2.5054 Y-0.2164 I-0.8201 J-0.0949
X2.5058 Y-0.2561 I-0.3969 J-0.0238
X2.5018 Y-0.2957 I-0.3337 J0.0141
G1 X2.5 Y-0.3055
X2.4979 Y-0.3152
X2.4955 Y-0.3248
X2.4929 Y-0.3344
X2.4899 Y-0.3439
X2.4866 Y-0.3533
X2.483 Y-0.3625
X2.4791 Y-0.3717
X2.4749 Y-0.3807
X2.4704 Y-0.3896
X2.4656 Y-0.3983
X2.4605 Y-0.4069
X2.4552 Y-0.4152
X2.4496 Y-0.4234
X2.4437 Y-0.4315
X2.4375 Y-0.4393
X2.4311 Y-0.4469
X2.4245 Y-0.4543
X2.4176 Y-0.4614
X2.4105 Y-0.4684
X2.4031 Y-0.4751
X2.3955 Y-0.4815
X2.3878 Y-0.4877
X2.3798 Y-0.4936
X2.3716 Y-0.4993
X2.3633 Y-0.5047
X2.3547 Y-0.5098
X2.346 Y-0.5147
X2.3372 Y-0.5192
X2.3282 Y-0.5234
X2.3191 Y-0.5274
X2.3098 Y-0.531
X2.3004 Y-0.5343
X2.291 Y-0.5373
X2.2814 Y-0.54
X2.2717 Y-0.5424
X2.262 Y-0.5445
X2.2522 Y-0.5462
X2.2424 Y-0.5476
X2.2325 Y-0.5487
X2.2226 Y-0.5495
X2.2127 Y-0.5499
X2.2027 Y-0.55
X2.1928 Y-0.5498
X2.1828 Y-0.5492
X2.1729 Y-0.5483
X2.1631 Y-0.5471
X2.1532 Y-0.5456
X2.1435 Y-0.5437
X2.1338 Y-0.5415
X2.1242 Y-0.539
X2.1146 Y-0.5362
X2.1052 Y-0.533
X2.0959 Y-0.5296
X2.0867 Y-0.5258
X2.0776 Y-0.5217
X2.0687 Y-0.5174
X2.0599 Y-0.5127
X2.0512 Y-0.5078
X2.0428 Y-0.5026
X2.0345 Y-0.497
X2.0264 Y-0.4913
X2.0185 Y-0.4852
X2.0108 Y-0.4789
X2.0033 Y-0.4724
X1.9961 Y-0.4656
X1.989 Y-0.4585
X1.9823 Y-0.4513
X1.9757 Y-0.4438
X1.9694 Y-0.4361
X1.9634 Y-0.4282
X1.9576 Y-0.4201
X1.9521 Y-0.4118
X1.9469 Y-0.4034
X1.9419 Y-0.3947
X1.9373 Y-0.386
X1.9329 Y-0.377
X1.9289 Y-0.3679
X1.9251 Y-0.3587
X1.9217 Y-0.3494
X1.9185 Y-0.34
X1.9157 Y-0.3304
X1.9132 Y-0.3208
X1.911 Y-0.3111
X1.9091 Y-0.3013
X1.9076 Y-0.2915
X1.9064 Y-0.2817
X1.9055 Y-0.2717
X1.905 Y-0.2618
X1.9047 Y-0.2519
X1.9048 Y-0.2419
X1.9053 Y-0.232
X1.906 Y-0.2221
X1.9071 Y-0.2122
X1.9085 Y-0.2024
X1.9103 Y-0.1926
X1.9123 Y-0.1828
X1.9147 Y-0.1732
X1.9174 Y-0.1636
X1.9204 Y-0.1542
X1.9238 Y-0.1448
X1.9274 Y-0.1355
X1.9314 Y-0.1264
X1.9356 Y-0.1174
X1.9401 Y-0.1086
X1.945 Y-0.0999
X1.9501 Y-0.0913
X1.9555 Y-0.083
X1.9612 Y-0.0748
X1.9671 Y-0.0669
X1.9733 Y-0.0591
X1.9798 Y-0.0515
X1.9865 Y-0.0442
X1.9934 Y-0.0371
X2.0006 Y-0.0302
X2.008 Y-0.0235
X2.0156 Y-0.0171
X2.0234 Y-0.011
X2.0314 Y-0.0051
X2.0396 Y0.0005
X2.048 Y0.0058
X2.0566 Y0.0109
X2.0653 Y0.0156
X2.0742 Y0.0201
X2.0832 Y0.0243
X2.0924 Y0.0282
X2.1017 Y0.0318
X2.111 Y0.035
X2.1205 Y0.038
X2.1301 Y0.0406
X2.1398 Y0.0429
X2.1495 Y0.0449
X2.1593 Y0.0466
X2.1692 Y0.0479
X2.1791 Y0.0489
X2.189 Y0.0496
X2.1989 Y0.0499
X2.2089 Y0.05
X2.2188 Y0.0497
X2.2288 Y0.049
X2.2387 Y0.0481
X2.2485 Y0.0468
X2.2583 Y0.0452
X2.2681 Y0.0432
X2.2778 Y0.041
X2.2874 Y0.0384
X2.2969 Y0.0355
X2.3063 Y0.0323
X2.3156 Y0.0288
X2.3248 Y0.0249
X2.3338 Y0.0208
X2.3427 Y0.0164
X2.3515 Y0.0117
X2.3601 Y0.0067
X2.3685 Y0.0014
X2.3767 Y-0.0042
X2.3848 Y-0.01
X2.3926 Y-0.0161
X2.4003 Y-0.0225
X2.4077 Y-0.0291
X2.4149 Y-0.0359
X2.4219 Y-0.043
X2.4286 Y-0.0503
X2.4351 Y-0.0579
X2.4414 Y-0.0656
X2.4473 Y-0.0735
X2.4531 Y-0.0817
X2.4585 Y-0.09
X2.4635 Y-0.0986
X2.4679 Y-0.1075
X2.4719 Y-0.1166
X2.4754 Y-0.1259
X2.4785 Y-0.1354
X2.4813 Y-0.1449
G2 X2.4895 Y-0.1838 I-0.337 J-0.0911
X2.4937 Y-0.2333 I-0.3609 J-0.0556
X2.4919 Y-0.273 I-0.3344 J-0.0054
G1 X2.4908 Y-0.2829
X2.4893 Y-0.2927
X2.4875 Y-0.3025
X2.4853 Y-0.3122
X2.4829 Y-0.3219
G2 X2.4788 Y-0.3358 I-0.2575 J0.0693
G1 X2.4786 Y-0.3364
G2 X2.4678 Y-0.3652 I-0.2845 J0.0906
G1 X2.4659 Y-0.3694
G2 X2.4537 Y-0.3933 I-0.5304 J0.2578
X2.4379 Y-0.4178 I-0.4022 J0.2424
X2.4167 Y-0.4438 I-0.2946 J0.2178
X2.3985 Y-0.462 I-0.3419 J0.3233
X2.3799 Y-0.4776 I-0.3809 J0.4369
X2.3536 Y-0.4956 I-0.2204 J0.2933
X2.324 Y-0.5113 I-0.1745 J0.2936
X2.3031 Y-0.5198 I-0.186 J0.4251
X2.2862 Y-0.5253 I-0.097 J0.2719
X2.2637 Y-0.5309 I-0.0567 J0.1779
X2.2469 Y-0.5341 I-0.0678 J0.3136
X2.2132 Y-0.5371 I-0.0475 J0.3458
X2.1907 Y-0.5369 I-0.0063 J0.5009
X2.1683 Y-0.5348 I0.023 J0.3731
G1 X2.1626 Y-0.5341
G2 X2.1345 Y-0.5285 I0.0825 J0.4866
X2.1065 Y-0.5199 I0.0959 J0.3611
X2.0784 Y-0.5079 I0.1262 J0.3362
X2.0559 Y-0.4956 I0.2229 J0.4336
G1 X2.0503 Y-0.4921
X2.0454 Y-0.4888
X2.0371 Y-0.4832
G2 X2.0222 Y-0.4716 I0.1373 J0.1927
G1 X2.0159 Y-0.4663
G2 X1.9982 Y-0.4494 I0.152 J0.1769
X1.9832 Y-0.4326 I0.15 J0.1491
X1.9702 Y-0.4158 I0.2929 J0.2391
X1.9591 Y-0.3989 I0.5931 J0.3998
X1.9416 Y-0.3652 I0.271 J0.1622
X1.9323 Y-0.3411 I0.4103 J0.1725
X1.9249 Y-0.3146 I0.4702 J0.1468
X1.9199 Y-0.2865 I0.3642 J0.0794
X1.9175 Y-0.2528 I0.3242 J0.0392
X1.9182 Y-0.2303 I0.571 J-0.0053
X1.9215 Y-0.2022 I0.4134 J-0.0348
X1.9277 Y-0.1742 I0.3429 J-0.061
X1.935 Y-0.1517 I0.3149 J-0.0887
G1 X1.937 Y-0.1461
G2 X1.9443 Y-0.1292 I0.2916 J-0.1167
X1.956 Y-0.1067 I0.1914 J-0.085
X1.9717 Y-0.0823 I0.1987 J-0.1107
X1.9879 Y-0.0618 I0.1913 J-0.1344
X1.9997 Y-0.0488 I0.2746 J-0.2386
X2.0166 Y-0.033 I0.3713 J-0.3799
G1 X2.0222 Y-0.0283
X2.0278 Y-0.0238
X2.0371 Y-0.0168
G2 X2.0559 Y-0.0045 I0.1477 J-0.2044
X2.0784 Y0.0078 I0.1221 J-0.1968
X2.1008 Y0.0177 I0.1135 J-0.2277
X2.1177 Y0.0237 I0.1918 J-0.5114
X2.1514 Y0.0322 I0.0964 J-0.3109
X2.1795 Y0.0361 I0.0616 J-0.3418
X2.2076 Y0.0372 I0.0294 J-0.3902
X2.23 Y0.0361 I-0.0201 J-0.6269
X2.2694 Y0.0298 I-0.0293 J-0.3117
X2.2918 Y0.0237 I-0.09 J-0.3728
X2.3199 Y0.0131 I-0.1131 J-0.343
G1 X2.3238 Y0.0112
X2.3311 Y0.0077
G2 X2.3536 Y-0.0045 I-0.0907 J-0.1929
X2.3761 Y-0.0196 I-0.1175 J-0.1995
X2.4041 Y-0.0435 I-0.1619 J-0.219
X2.4165 Y-0.0562 I-0.1009 J-0.1105
G1 X2.4215 Y-0.0618
G2 X2.4378 Y-0.0825 I-0.1597 J-0.1432
X2.4547 Y-0.1088 I-0.1907 J-0.1407
X2.4677 Y-0.1348 I-0.2028 J-0.1175
X2.4764 Y-0.1573 I-0.1718 J-0.0795
G1 X2.4783 Y-0.1629
G2 X2.4844 Y-0.1854 I-0.1896 J-0.0639
X2.4895 Y-0.2135 I-0.2215 J-0.0545
X2.4918 Y-0.2472 I-0.2494 J-0.034
X2.4911 Y-0.2697 I-0.1908 J-0.0054
G1 X2.4907 Y-0.2753
G2 X2.4878 Y-0.2978 I-0.1937 J0.0134
X2.48 Y-0.3315 I-0.2478 J0.0394
G1 X2.4827 Y-0.3605 Z0.6509
X2.4828 Y-0.3608 Z0.651 F280.
X2.4847 Y-0.382 Z0.6556
X2.4685 Y-0.4157 Z0.674
X2.4266 Y-0.4687 Z0.7142
X2.3985 Y-0.4924 Z0.7326
X2.3753 Y-0.4962 Z0.7392
X2.3592 Y-0.4989 Z0.7437 F80.
X2.3531 Y-0.4994 Z0.7441
X2.3461 Y-0.4999 Z0.7406
X2.3455
G3 X2.333 Y-0.5024 I0.0136 J-0.1034
G1 X2.3233 Y-0.5048
X2.3137 Y-0.5074
G2 X2.2752 Y-0.5171 I-0.1667 J0.5831
G1 X2.2654 Y-0.519
X2.2556 Y-0.5206
X2.2457 Y-0.522
X2.2359 Y-0.523
X2.2259 Y-0.5238
X2.216 Y-0.5242
X2.2061 Y-0.5243
X2.1961 Y-0.524
X2.1862 Y-0.5234
X2.1763 Y-0.5225
X2.1664 Y-0.5212
X2.1566 Y-0.5196
X2.1469 Y-0.5176
X2.1372 Y-0.5153
X2.1276 Y-0.5126
X2.1181 Y-0.5096
X2.1088 Y-0.5063
X2.0995 Y-0.5026
X2.0904 Y-0.4986
X2.0815 Y-0.4943
X2.0727 Y-0.4896
X2.0641 Y-0.4847
X2.0556 Y-0.4794
X2.0474 Y-0.4738
X2.0394 Y-0.468
X2.0316 Y-0.4618
X2.024 Y-0.4554
X2.0166 Y-0.4487
X2.0096 Y-0.4417
X2.0027 Y-0.4345
X1.9961 Y-0.427
X1.9899 Y-0.4193
X1.9838 Y-0.4114
X1.9781 Y-0.4033
X1.9727 Y-0.3949
X1.9676 Y-0.3864
X1.9628 Y-0.3777
X1.9583 Y-0.3688
X1.9542 Y-0.3598
X1.9503 Y-0.3506
X1.9468 Y-0.3413
X1.9437 Y-0.3319
X1.9409 Y-0.3223
X1.9384 Y-0.3127
X1.9363 Y-0.303
X1.9346 Y-0.2932
X1.9332 Y-0.2833
X1.9322 Y-0.2735
X1.9315 Y-0.2635
X1.9312 Y-0.2536
Y-0.2436
X1.9316 Y-0.2337
X1.9324 Y-0.2238
X1.9335 Y-0.2139
X1.935 Y-0.2041
X1.9369 Y-0.1943
X1.9391 Y-0.1846
X1.9416 Y-0.175
X1.9445 Y-0.1655
X1.9478 Y-0.1561
X1.9514 Y-0.1468
X1.9553 Y-0.1377
X1.9595 Y-0.1287
X1.9641 Y-0.1199
X1.969 Y-0.1112
X1.9742 Y-0.1027
X1.9797 Y-0.0944
X1.9855 Y-0.0864
X1.9916 Y-0.0785
X1.998 Y-0.0709
X2.0046 Y-0.0635
X2.0115 Y-0.0563
X2.0187 Y-0.0494
X2.0261 Y-0.0428
X2.0337 Y-0.0365
X2.0416 Y-0.0304
X2.0497 Y-0.0246
X2.058 Y-0.0191
X2.0665 Y-0.0139
X2.0751 Y-0.0091
X2.084 Y-0.0045
X2.093 Y-0.0003
X2.1021 Y0.0036
X2.1114 Y0.0072
X2.1208 Y0.0104
X2.1303 Y0.0133
X2.14 Y0.0158
X2.1497 Y0.018
X2.1594 Y0.0198
X2.1693 Y0.0213
X2.1792 Y0.0224
X2.1891 Y0.0231
X2.199 Y0.0235
X2.209
X2.2189 Y0.0232
X2.2288 Y0.0225
X2.2387 Y0.0215
X2.2485 Y0.02
X2.2583 Y0.0183
X2.268 Y0.0161
X2.2777 Y0.0137
X2.2872 Y0.0108
X2.2966 Y0.0077
X2.3059 Y0.0042
X2.3151 Y0.0003
X2.3241 Y-0.0039
X2.333 Y-0.0084
X2.3417 Y-0.0132
X2.3502 Y-0.0183
X2.3585 Y-0.0238
X2.3666 Y-0.0295
X2.3745 Y-0.0355
X2.3822 Y-0.0418
X2.3897 Y-0.0484
X2.3969 Y-0.0553
X2.4038 Y-0.0624
X2.4105 Y-0.0698
X2.4169 Y-0.0774
X2.4231 Y-0.0852
X2.4289 Y-0.0932
X2.4345 Y-0.1015
X2.4397 Y-0.1099
X2.4446 Y-0.1186
X2.4493 Y-0.1274
X2.4536 Y-0.1363
X2.4575 Y-0.1455
X2.4612 Y-0.1547
X2.4644 Y-0.1641
X2.4674 Y-0.1736
X2.47 Y-0.1832
X2.4723 Y-0.1929
X2.4742 Y-0.2026
X2.4757 Y-0.2124
X2.4769 Y-0.2223
X2.4777 Y-0.2322
X2.4782 Y-0.2422
X2.4783 Y-0.2521
X2.478 Y-0.262
X2.4774 Y-0.272
X2.4764 Y-0.2819
X2.4751 Y-0.2917
X2.4734 Y-0.3015
X2.4713 Y-0.3112
X2.4689 Y-0.3209
X2.4662 Y-0.3304
X2.4631 Y-0.3399
X2.4597 Y-0.3492
X2.4559 Y-0.3584
X2.4518 Y-0.3675
X2.4473 Y-0.3764
X2.4426 Y-0.3851
X2.4375 Y-0.3937
X2.4322 Y-0.402
X2.4265 Y-0.4102
X2.4205 Y-0.4182
X2.4143 Y-0.4259
X2.4077 Y-0.4334
X2.4009 Y-0.4406
X2.3939 Y-0.4476
X2.3864 Y-0.4542
X2.3785 Y-0.4602
X2.3703 Y-0.4659
X2.3618 Y-0.4711
X2.3531 Y-0.4759
X2.3442 Y-0.4804
X2.3352 Y-0.4845
X2.326 Y-0.4883
G2 X2.2689 Y-0.5053 I-0.1212 J0.3039
G1 X2.2591 Y-0.5071
X2.2493 Y-0.5085
X2.2394 Y-0.5097
X2.2295 Y-0.5105
X2.2196 Y-0.511
X2.2096 Y-0.5111
X2.1997 Y-0.5109
X2.1898 Y-0.5103
X2.1799 Y-0.5094
X2.17 Y-0.5082
X2.1602 Y-0.5065
X2.1504 Y-0.5046
X2.1408 Y-0.5022
X2.1312 Y-0.4995
X2.1217 Y-0.4965
X2.1124 Y-0.4931
X2.1032 Y-0.4893
X2.0941 Y-0.4852
X2.0852 Y-0.4808
X2.0765 Y-0.476
X2.068 Y-0.4709
X2.0596 Y-0.4655
X2.0515 Y-0.4598
X2.0436 Y-0.4538
X2.0359 Y-0.4474
X2.0285 Y-0.4408
X2.0213 Y-0.4339
X2.0144 Y-0.4268
X2.0078 Y-0.4194
X2.0015 Y-0.4117
X1.9954 Y-0.4038
X1.9897 Y-0.3957
X1.9843 Y-0.3873
X1.9792 Y-0.3788
X1.9744 Y-0.37
X1.97 Y-0.3611
X1.9659 Y-0.3521
X1.9622 Y-0.3429
X1.9588 Y-0.3335
X1.9558 Y-0.324
X1.9532 Y-0.3144
X1.9509 Y-0.3048
X1.949 Y-0.295
X1.9474 Y-0.2852
X1.9463 Y-0.2753
X1.9455 Y-0.2654
X1.9451 Y-0.2555
Y-0.2455
X1.9454 Y-0.2356
X1.9462 Y-0.2257
X1.9473 Y-0.2158
X1.9488 Y-0.206
X1.9507 Y-0.1962
X1.9529 Y-0.1865
X1.9555 Y-0.1769
X1.9585 Y-0.1674
X1.9619 Y-0.1581
X1.9656 Y-0.1488
X1.9696 Y-0.1398
X1.974 Y-0.1308
X1.9787 Y-0.1221
X1.9838 Y-0.1135
X1.9892 Y-0.1052
X1.9949 Y-0.097
X2.0009 Y-0.0891
X2.0072 Y-0.0814
X2.0138 Y-0.074
X2.0207 Y-0.0668
X2.0278 Y-0.0599
X2.0352 Y-0.0532
X2.0429 Y-0.0469
X2.0508 Y-0.0409
X2.0589 Y-0.0351
X2.0672 Y-0.0297
X2.0758 Y-0.0246
X2.0845 Y-0.0198
X2.0934 Y-0.0154
X2.1024 Y-0.0113
X2.1117 Y-0.0076
X2.121 Y-0.0042
X2.1305 Y-0.0011
X2.1401 Y0.0015
X2.1497 Y0.0038
X2.1595 Y0.0057
X2.1693 Y0.0073
X2.1792 Y0.0084
X2.1891 Y0.0092
X2.199 Y0.0096
X2.209 Y0.0097
X2.2189 Y0.0093
X2.2288 Y0.0086
X2.2387 Y0.0075
X2.2485 Y0.006
X2.2583 Y0.0041
X2.268 Y0.0019
X2.2776 Y-0.0007
X2.2871 Y-0.0037
X2.2965 Y-0.007
X2.3057 Y-0.0107
X2.3148 Y-0.0148
X2.3237 Y-0.0192
X2.3324 Y-0.0239
X2.341 Y-0.0289
X2.3494 Y-0.0343
X2.3575 Y-0.04
X2.3655 Y-0.046
X2.3731 Y-0.0523
X2.3806 Y-0.0589
X2.3878 Y-0.0658
X2.3947 Y-0.0729
X2.4013 Y-0.0803
X2.4077 Y-0.088
X2.4137 Y-0.0959
X2.4195 Y-0.104
X2.4249 Y-0.1123
X2.43 Y-0.1208
X2.4348 Y-0.1296
X2.4392 Y-0.1385
X2.4433 Y-0.1475
X2.4471 Y-0.1567
X2.4505 Y-0.1661
X2.4535 Y-0.1755
X2.4562 Y-0.1851
X2.4585 Y-0.1948
X2.4604 Y-0.2045
X2.462 Y-0.2144
X2.4631 Y-0.2242
X2.4639 Y-0.2342
X2.4644 Y-0.2441
Y-0.254
X2.464 Y-0.264
X2.4633 Y-0.2739
X2.4622 Y-0.2838
X2.4607 Y-0.2936
X2.4589 Y-0.3034
X2.4566 Y-0.3131
X2.454 Y-0.3227
X2.4511 Y-0.3322
X2.4478 Y-0.3415
X2.4441 Y-0.3508
X2.4401 Y-0.3599
X2.4357 Y-0.3688
X2.431 Y-0.3775
X2.4259 Y-0.3861
X2.4205 Y-0.3945
X2.4148 Y-0.4026
X2.4088 Y-0.4105
X2.4023 Y-0.418
X2.3955 Y-0.4253
X2.3883 Y-0.4322
X2.3808 Y-0.4387
X2.373 Y-0.4449
X2.365 Y-0.4507
X2.3567 Y-0.4562
X2.3482 Y-0.4614
X2.3395 Y-0.4662
X2.3306 Y-0.4706
X2.3215 Y-0.4747
X2.3123 Y-0.4785
X2.303 Y-0.482
X2.2936 Y-0.4851
X2.284 Y-0.4878
X2.2744 Y-0.4903
X2.2647 Y-0.4924
X2.2549 Y-0.4941
X2.245 Y-0.4955
X2.2351 Y-0.4965
X2.2252 Y-0.4972
X2.2153 Y-0.4975
X2.2053
X2.1954 Y-0.4971
X2.1855 Y-0.4963
X2.1756 Y-0.4951
X2.1658 Y-0.4936
X2.156 Y-0.4917
X2.1463 Y-0.4894
X2.1368 Y-0.4867
X2.1273 Y-0.4837
X2.118 Y-0.4803
X2.1088 Y-0.4765
X2.0997 Y-0.4724
X2.0908 Y-0.4679
X2.0821 Y-0.4631
X2.0736 Y-0.4579
X2.0654 Y-0.4524
X2.0573 Y-0.4466
X2.0495 Y-0.4404
X2.0419 Y-0.434
X2.0346 Y-0.4272
X2.0276 Y-0.4202
X2.0209 Y-0.4129
X2.0145 Y-0.4053
X2.0083 Y-0.3974
X2.0025 Y-0.3894
X1.9971 Y-0.3811
X1.9919 Y-0.3725
X1.9872 Y-0.3638
X1.9827 Y-0.3549
X1.9787 Y-0.3458
X1.975 Y-0.3366
X1.9717 Y-0.3272
X1.9687 Y-0.3177
X1.9662 Y-0.3081
X1.964 Y-0.2984
X1.9623 Y-0.2886
X1.9609 Y-0.2788
X1.9599 Y-0.2689
X1.9594 Y-0.2589
X1.9592 Y-0.249
X1.9595 Y-0.2391
X1.9601 Y-0.2291
X1.9612 Y-0.2192
X1.9626 Y-0.2094
X1.9644 Y-0.1996
X1.9667 Y-0.19
X1.9693 Y-0.1804
X1.9723 Y-0.1709
X1.9757 Y-0.1615
X1.9795 Y-0.1523
X1.9836 Y-0.1433
X1.9881 Y-0.1344
X1.993 Y-0.1258
X1.9982 Y-0.1173
X2.0037 Y-0.109
X2.0096 Y-0.101
X2.0158 Y-0.0932
X2.0223 Y-0.0857
X2.0291 Y-0.0784
X2.0362 Y-0.0715
X2.0436 Y-0.0648
X2.0512 Y-0.0584
X2.0591 Y-0.0524
X2.0672 Y-0.0466
X2.0756 Y-0.0412
X2.0841 Y-0.0362
X2.0929 Y-0.0315
X2.1018 Y-0.0271
X2.1109 Y-0.0231
X2.1202 Y-0.0195
X2.1296 Y-0.0163
X2.1391 Y-0.0134
X2.1488 Y-0.011
X2.1585 Y-0.0089
X2.1683 Y-0.0072
X2.1781 Y-0.0059
X2.188 Y-0.0051
X2.198 Y-0.0046
X2.2079 Y-0.0045
X2.2179 Y-0.0049
X2.2278 Y-0.0056
X2.2377 Y-0.0067
X2.2475 Y-0.0083
X2.2572 Y-0.0102
X2.2669 Y-0.0125
X2.2765 Y-0.0152
X2.2859 Y-0.0183
X2.2952 Y-0.0218
X2.3044 Y-0.0257
X2.3134 Y-0.0299
X2.3222 Y-0.0345
X2.3309 Y-0.0394
X2.3393 Y-0.0447
X2.3475 Y-0.0503
X2.3555 Y-0.0562
X2.3632 Y-0.0625
X2.3706 Y-0.0691
X2.3778 Y-0.0759
X2.3847 Y-0.0831
X2.3913 Y-0.0905
X2.3977 Y-0.0982
X2.4036 Y-0.1061
X2.4093 Y-0.1143
X2.4146 Y-0.1227
X2.4196 Y-0.1313
X2.4242 Y-0.1401
X2.4285 Y-0.1491
X2.4324 Y-0.1582
X2.436 Y-0.1675
X2.4391 Y-0.177
X2.4419 Y-0.1865
X2.4443 Y-0.1962
X2.4462 Y-0.2059
X2.4478 Y-0.2157
X2.449 Y-0.2256
X2.4498 Y-0.2355
X2.4502 Y-0.2455
Y-0.2554
X2.4497 Y-0.2653
X2.4489 Y-0.2752
X2.4477 Y-0.2851
X2.4461 Y-0.2949
X2.4441 Y-0.3047
X2.4416 Y-0.3143
X2.4389 Y-0.3238
X2.4357 Y-0.3333
X2.4321 Y-0.3426
X2.4282 Y-0.3517
X2.4238 Y-0.3606
X2.4191 Y-0.3694
X2.414 Y-0.3779
X2.4085 Y-0.3862
X2.4026 Y-0.3942
X2.3963 Y-0.4019
X2.3897 Y-0.4093
X2.3827 Y-0.4164
X2.3754 Y-0.4232
X2.3678 Y-0.4296
X2.36 Y-0.4357
X2.3518 Y-0.4414
X2.3435 Y-0.4468
X2.3349 Y-0.4518
X2.3261 Y-0.4565
X2.3172 Y-0.4608
X2.308 Y-0.4647
X2.2987 Y-0.4683
X2.2893 Y-0.4715
X2.2798 Y-0.4743
X2.2702 Y-0.4768
X2.2605 Y-0.4789
X2.2507 Y-0.4806
X2.2408 Y-0.4819
X2.2309 Y-0.4829
X2.221 Y-0.4834
X2.211 Y-0.4836
X2.2011 Y-0.4833
X2.1912 Y-0.4827
X2.1813 Y-0.4817
X2.1714 Y-0.4803
X2.1617 Y-0.4784
X2.152 Y-0.4762
X2.1424 Y-0.4736
X2.1329 Y-0.4706
X2.1236 Y-0.4672
X2.1144 Y-0.4634
X2.1053 Y-0.4592
X2.0965 Y-0.4547
X2.0878 Y-0.4498
X2.0794 Y-0.4445
X2.0712 Y-0.4389
X2.0632 Y-0.4329
X2.0555 Y-0.4267
X2.0481 Y-0.42
X2.041 Y-0.4131
X2.0341 Y-0.4059
X2.0276 Y-0.3984
X2.0214 Y-0.3906
X2.0155 Y-0.3826
X2.01 Y-0.3743
X2.0049 Y-0.3658
X2.0001 Y-0.3571
X1.9957 Y-0.3482
X1.9917 Y-0.3391
X1.988 Y-0.3298
X1.9848 Y-0.3204
X1.982 Y-0.3109
X1.9796 Y-0.3013
X1.9776 Y-0.2915
X1.976 Y-0.2817
X1.9748 Y-0.2718
X1.9741 Y-0.2619
X1.9738 Y-0.252
X1.974 Y-0.242
X1.9745 Y-0.2321
X1.9755 Y-0.2222
X1.9769 Y-0.2124
X1.9788 Y-0.2026
X1.981 Y-0.1929
X1.9837 Y-0.1833
X1.9868 Y-0.1739
X1.9902 Y-0.1646
X1.9941 Y-0.1554
X1.9984 Y-0.1464
X2.003 Y-0.1376
X2.008 Y-0.129
X2.0134 Y-0.1207
X2.0192 Y-0.1126
X2.0253 Y-0.1047
X2.0317 Y-0.0971
X2.0384 Y-0.0898
X2.0455 Y-0.0828
X2.0528 Y-0.0761
X2.0605 Y-0.0697
X2.0684 Y-0.0637
X2.0765 Y-0.058
X2.0849 Y-0.0526
X2.0935 Y-0.0477
X2.1023 Y-0.0431
X2.1113 Y-0.0388
X2.1205 Y-0.035
X2.1298 Y-0.0316
X2.1393 Y-0.0286
X2.1489 Y-0.026
X2.1586 Y-0.0238
X2.1684 Y-0.022
X2.1782 Y-0.0206
X2.1881 Y-0.0197
X2.1981 Y-0.0192
X2.208 Y-0.0191
X2.218 Y-0.0195
X2.2279 Y-0.0203
X2.2377 Y-0.0215
X2.2475 Y-0.0231
X2.2573 Y-0.0252
X2.2669 Y-0.0276
X2.2764 Y-0.0305
X2.2858 Y-0.0338
X2.295 Y-0.0375
X2.3041 Y-0.0416
X2.313 Y-0.0461
X2.3217 Y-0.0509
X2.3301 Y-0.0561
X2.3384 Y-0.0617
X2.3463 Y-0.0676
X2.3541 Y-0.0739
X2.3615 Y-0.0805
X2.3686 Y-0.0874
X2.3755 Y-0.0946
X2.382 Y-0.1021
X2.3882 Y-0.1099
X2.3941 Y-0.1179
X2.3996 Y-0.1262
X2.4048 Y-0.1347
X2.4095 Y-0.1434
X2.4139 Y-0.1523
X2.418 Y-0.1614
X2.4216 Y-0.1707
X2.4248 Y-0.1801
X2.4276 Y-0.1897
X2.43 Y-0.1993
X2.4319 Y-0.2091
X2.4335 Y-0.2189
X2.4346 Y-0.2288
X2.4353 Y-0.2387
X2.4356 Y-0.2486
X2.4354 Y-0.2586
X2.4349 Y-0.2685
X2.4339 Y-0.2784
X2.4324 Y-0.2882
X2.4306 Y-0.298
X2.4283 Y-0.3077
X2.4256 Y-0.3172
X2.4224 Y-0.3267
X2.4189 Y-0.3359
X2.4148 Y-0.345
X2.4104 Y-0.3539
X2.4055 Y-0.3626
X2.4003 Y-0.371
X2.3946 Y-0.3792
X2.3885 Y-0.3871
X2.3821 Y-0.3946
X2.3753 Y-0.4019
X2.3682 Y-0.4088
X2.3607 Y-0.4154
X2.353 Y-0.4217
X2.345 Y-0.4276
X2.3367 Y-0.4331
X2.3282 Y-0.4382
X2.3195 Y-0.443
X2.3105 Y-0.4474
X2.3014 Y-0.4514
X2.2922 Y-0.455
X2.2827 Y-0.4582
X2.2732 Y-0.461
X2.2635 Y-0.4634
X2.2538 Y-0.4653
X2.244 Y-0.4669
X2.2341 Y-0.4681
X2.2242 Y-0.4688
X2.2143 Y-0.4691
X2.2043 Y-0.469
X2.1944 Y-0.4684
X2.1845 Y-0.4674
X2.1746 Y-0.466
X2.1649 Y-0.4642
X2.1552 Y-0.4619
X2.1456 Y-0.4593
X2.1362 Y-0.4562
X2.1268 Y-0.4527
X2.1177 Y-0.4488
X2.1087 Y-0.4444
X2.1 Y-0.4397
X2.0914 Y-0.4346
X2.0831 Y-0.4292
X2.0751 Y-0.4233
X2.0673 Y-0.4171
X2.0598 Y-0.4106
X2.0527 Y-0.4037
X2.0458 Y-0.3965
X2.0393 Y-0.389
X2.0331 Y-0.3812
X2.0272 Y-0.3732
X2.0218 Y-0.3649
X2.0167 Y-0.3563
X2.012 Y-0.3475
X2.0078 Y-0.3386
X2.0039 Y-0.3294
X2.0005 Y-0.3201
X1.9975 Y-0.3106
X1.995 Y-0.301
X1.9928 Y-0.2912
X1.9912 Y-0.2814
X1.99 Y-0.2716
X1.9892 Y-0.2617
X1.9889 Y-0.2517
X1.9891 Y-0.2418
X1.9897 Y-0.2319
X1.9908 Y-0.222
X1.9923 Y-0.2121
X1.9942 Y-0.2024
X1.9967 Y-0.1927
X1.9995 Y-0.1832
X2.0028 Y-0.1738
X2.0066 Y-0.1646
X2.0107 Y-0.1556
X2.0153 Y-0.1468
X2.0202 Y-0.1381
X2.0256 Y-0.1298
X2.0313 Y-0.1216
X2.0374 Y-0.1138
X2.0438 Y-0.1062
X2.0506 Y-0.0989
X2.0578 Y-0.092
X2.0652 Y-0.0854
X2.0729 Y-0.0792
X2.0809 Y-0.0733
X2.0892 Y-0.0678
X2.0977 Y-0.0626
X2.1065 Y-0.0579
X2.1154 Y-0.0536
X2.1246 Y-0.0497
X2.1339 Y-0.0462
X2.1434 Y-0.0431
X2.153 Y-0.0405
X2.1627 Y-0.0384
X2.1725 Y-0.0367
X2.1823 Y-0.0354
X2.1922 Y-0.0346
X2.2022 Y-0.0342
X2.2121 Y-0.0344
X2.222 Y-0.0349
X2.2319 Y-0.036
X2.2418 Y-0.0374
X2.2515 Y-0.0394
X2.2612 Y-0.0417
X2.2707 Y-0.0446
X2.2801 Y-0.0478
X2.2893 Y-0.0515
X2.2984 Y-0.0556
X2.3072 Y-0.0601
X2.3159 Y-0.0651
X2.3243 Y-0.0704
X2.3324 Y-0.0761
X2.3403 Y-0.0822
X2.3479 Y-0.0886
X2.3552 Y-0.0953
X2.3621 Y-0.1024
X2.3688 Y-0.1099
X2.3751 Y-0.1176
X2.381 Y-0.1255
X2.3865 Y-0.1338
X2.3917 Y-0.1423
X2.3965 Y-0.151
X2.4008 Y-0.16
X2.4048 Y-0.1691
X2.4083 Y-0.1784
X2.4113 Y-0.1879
X2.414 Y-0.1974
X2.4162 Y-0.2071
X2.4179 Y-0.2169
X2.4192 Y-0.2268
X2.4201 Y-0.2367
X2.4205 Y-0.2466
X2.4204 Y-0.2566
X2.4198 Y-0.2665
X2.4188 Y-0.2764
X2.4174 Y-0.2862
X2.4154 Y-0.296
X2.413 Y-0.3056
X2.4101 Y-0.3151
X2.4067 Y-0.3245
X2.4028 Y-0.3336
X2.3985 Y-0.3426
X2.3938 Y-0.3513
X2.3886 Y-0.3598
X2.383 Y-0.368
X2.377 Y-0.376
X2.3706 Y-0.3836
X2.3638 Y-0.3909
X2.3567 Y-0.3978
X2.3493 Y-0.4044
X2.3415 Y-0.4106
X2.3334 Y-0.4164
X2.3251 Y-0.4219
X2.3165 Y-0.4269
X2.3077 Y-0.4315
X2.2987 Y-0.4358
X2.2895 Y-0.4395
X2.2802 Y-0.4429
X2.2707 Y-0.4458
X2.2611 Y-0.4483
X2.2513 Y-0.4504
X2.2415 Y-0.4519
X2.2316 Y-0.4531
X2.2217 Y-0.4537
X2.2118 Y-0.454
X2.2018 Y-0.4537
X2.1919 Y-0.453
X2.182 Y-0.4518
X2.1722 Y-0.4502
X2.1625 Y-0.4481
X2.1529 Y-0.4456
X2.1434 Y-0.4426
X2.1341 Y-0.4391
X2.125 Y-0.4351
X2.1161 Y-0.4306
X2.1075 Y-0.4257
X2.099 Y-0.4205
X2.0908 Y-0.4148
X2.0829 Y-0.4088
X2.0753 Y-0.4024
X2.068 Y-0.3956
X2.061 Y-0.3886
X2.0544 Y-0.3811
X2.0481 Y-0.3734
X2.0423 Y-0.3654
X2.0368 Y-0.3571
X2.0317 Y-0.3485
X2.0271 Y-0.3398
X2.0229 Y-0.3307
X2.0191 Y-0.3215
X2.0158 Y-0.3122
X2.013 Y-0.3026
X2.0106 Y-0.293
X2.0088 Y-0.2832
X2.0074 Y-0.2733
X2.0065 Y-0.2634
X2.0061 Y-0.2535
X2.0062 Y-0.2436
X2.0068 Y-0.2336
X2.0078 Y-0.2238
X2.0094 Y-0.2139
X2.0115 Y-0.2042
X2.014 Y-0.1946
X2.017 Y-0.1851
X2.0205 Y-0.1758
X2.0245 Y-0.1667
X2.0289 Y-0.1578
X2.0337 Y-0.1491
X2.039 Y-0.1407
X2.0447 Y-0.1325
X2.0508 Y-0.1246
X2.0572 Y-0.1171
X2.0641 Y-0.1099
X2.0713 Y-0.103
X2.0788 Y-0.0965
X2.0867 Y-0.0904
X2.0948 Y-0.0847
X2.1032 Y-0.0794
X2.1119 Y-0.0745
X2.1208 Y-0.0701
X2.1299 Y-0.0661
X2.1392 Y-0.0626
X2.1487 Y-0.0596
X2.1583 Y-0.057
X2.168 Y-0.0549
X2.1778 Y-0.0533
X2.1877 Y-0.0522
X2.1976 Y-0.0516
X2.2076 Y-0.0515
X2.2175 Y-0.0519
X2.2274 Y-0.0528
X2.2372 Y-0.0542
X2.247 Y-0.056
X2.2567 Y-0.0584
X2.2662 Y-0.0612
X2.2756 Y-0.0646
X2.2848 Y-0.0683
X2.2938 Y-0.0726
X2.3025 Y-0.0773
X2.3111 Y-0.0824
X2.3193 Y-0.0879
X2.3273 Y-0.0938
X2.335 Y-0.1002
X2.3423 Y-0.1069
X2.3493 Y-0.114
X2.3559 Y-0.1214
X2.3622 Y-0.1291
X2.368 Y-0.1371
X2.3735 Y-0.1455
X2.3785 Y-0.154
X2.3831 Y-0.1629
X2.3872 Y-0.1719
X2.3909 Y-0.1811
X2.3941 Y-0.1905
X2.3969 Y-0.2001
X2.3991 Y-0.2098
X2.4009 Y-0.2196
X2.4021 Y-0.2294
X2.4029 Y-0.2394
X2.4031 Y-0.2493
X2.4029 Y-0.2592
X2.4021 Y-0.2691
X2.4007 Y-0.279
X2.3989 Y-0.2888
X2.3965 Y-0.2984
X2.3937 Y-0.3079
X2.3903 Y-0.3173
X2.3864 Y-0.3264
X2.382 Y-0.3354
X2.3771 Y-0.344
X2.3718 Y-0.3524
X2.366 Y-0.3605
X2.3598 Y-0.3683
X2.3532 Y-0.3757
X2.3462 Y-0.3828
X2.3389 Y-0.3895
X2.3312 Y-0.3958
X2.3232 Y-0.4017
X2.3146 Y-0.4073
X2.306 Y-0.4124
X2.2972 Y-0.4169
X2.2882 Y-0.4211
X2.2789 Y-0.4247
X2.2695 Y-0.4279
X2.2599 Y-0.4306
X2.2502 Y-0.4328
X2.2404 Y-0.4344
X2.2305 Y-0.4356
X2.2206 Y-0.4363
X2.2107 Y-0.4365
X2.2007 Y-0.4362
X2.1908 Y-0.4353
X2.181 Y-0.4339
X2.1712 Y-0.432
X2.1616 Y-0.4296
X2.1521 Y-0.4267
X2.1428 Y-0.4232
X2.1336 Y-0.4193
X2.1247 Y-0.415
X2.116 Y-0.4101
X2.1076 Y-0.4049
X2.0994 Y-0.3991
X2.0916 Y-0.393
X2.0841 Y-0.3865
X2.077 Y-0.3795
X2.0702 Y-0.3722
X2.0639 Y-0.3646
X2.0579 Y-0.3566
X2.0524 Y-0.3484
X2.0473 Y-0.3398
X2.0427 Y-0.331
X2.0386 Y-0.3219
X2.035 Y-0.3127
X2.0319 Y-0.3032
X2.0293 Y-0.2936
X2.0273 Y-0.2839
X2.0257 Y-0.2741
X2.0247 Y-0.2642
X2.0243 Y-0.2542
Y-0.2443
X2.025 Y-0.2344
X2.0261 Y-0.2245
X2.0278 Y-0.2147
X2.0301 Y-0.205
X2.0328 Y-0.1955
X2.0361 Y-0.1861
X2.0399 Y-0.1769
X2.0442 Y-0.1679
X2.049 Y-0.1592
X2.0543 Y-0.1508
X2.06 Y-0.1426
X2.0661 Y-0.1348
X2.0727 Y-0.1274
X2.0797 Y-0.1203
X2.087 Y-0.1136
X2.0947 Y-0.1073
X2.1028 Y-0.1014
X2.1111 Y-0.0961
X2.1198 Y-0.0911
X2.1287 Y-0.0867
X2.1378 Y-0.0827
X2.1471 Y-0.0793
X2.1566 Y-0.0764
X2.1663 Y-0.074
X2.176 Y-0.0721
X2.1859 Y-0.0708
X2.1958 Y-0.0701
X2.2058 Y-0.0699
X2.2157 Y-0.0702
X2.2256 Y-0.0711
X2.2354 Y-0.0725
X2.2452 Y-0.0745
X2.2548 Y-0.077
X2.2643 Y-0.08
X2.2736 Y-0.0835
X2.2826 Y-0.0876
X2.2915 Y-0.0921
X2.3001 Y-0.0972
X2.3084 Y-0.1027
X2.3163 Y-0.1086
X2.324 Y-0.115
X2.3312 Y-0.1218
X2.3381 Y-0.1289
X2.3446 Y-0.1365
X2.3506 Y-0.1444
X2.3562 Y-0.1526
X2.3614 Y-0.1611
X2.3661 Y-0.1699
X2.3702 Y-0.1789
X2.3739 Y-0.1881
X2.377 Y-0.1976
X2.3796 Y-0.2072
X2.3817 Y-0.2169
X2.3832 Y-0.2267
X2.3841 Y-0.2366
X2.3844 Y-0.2466
X2.3842 Y-0.2565
X2.3834 Y-0.2664
X2.382 Y-0.2763
X2.38 Y-0.286
X2.3774 Y-0.2956
X2.3743 Y-0.3051
X2.3707 Y-0.3143
X2.3686 Y-0.3188
X2.3674 Y-0.321
X2.3667 Y-0.3224
G3 X2.3768 Y-0.3481 I0.0169 J-0.0082
G1 X2.3798 Y-0.3493 Z0.7408
X2.3827 Y-0.3504 Z0.7417
X2.3855 Y-0.3515 Z0.7431
X2.388 Y-0.3525 Z0.7449
X2.3901 Y-0.3533 Z0.7472
X2.3919 Y-0.354 Z0.7499
X2.3932 Y-0.3545 Z0.7529
X2.3939 Y-0.3548 Z0.756
X2.3942 Y-0.3549 Z0.7593
G0 Z1.36
(2D ADAPTIVE1)
S5000 M3
G64 P0.004 Q0.004
G0 X2.2569 Y-0.6398
Z1.36
Z0.1875
G1 Z0.1688 F40.
X2.2566 Y-0.6396 Z0.1655
X2.2559 Y-0.6392 Z0.1623
X2.2547 Y-0.6386 Z0.1594
X2.253 Y-0.6377 Z0.1567
X2.2509 Y-0.6367 Z0.1544
X2.2486 Y-0.6355 Z0.1525
X2.2459 Y-0.6341 Z0.1511
X2.2431 Y-0.6327 Z0.1503
X2.2402 Y-0.6312 Z0.15
G3 X2.144 Y-0.5941 I-0.2193 J-0.4255
G2 X2.0733 Y-0.5743 I0.4576 J1.7718
G3 X1.9799 Y-0.5599 I-0.1169 J-0.4489
X1.7494 Y-0.5565 I-0.1772 J-4.1921
G1 X1.5847 Y-0.5563
X0.1026 Y-0.5562
X0.0697
X0.0533 Y-0.5548
X0.0376 Y-0.5495
X0.009 Y-0.5334
X-0.0132 Y-0.509
X-0.0291 Y-0.4801
X-0.0397 Y-0.449
G2 X-0.0534 Y-0.341 I0.5041 J0.1189
G1 X-0.0538 Y-0.3388
X-0.0542 Y-0.336
X-0.0544 Y-0.3285
X-0.0564 Y-0.2957
X-0.0563 Y-0.1968
Y-0.0651
X-0.0536 Y-0.0488
X-0.0475 Y-0.0335
X-0.03 Y-0.0057
X-0.0049 Y0.0157
X0.0244 Y0.0307
X0.0558 Y0.0408
X0.0881 Y0.0471
G2 X0.2195 Y0.0552 I0.1283 J-1.0166
X0.3842 Y0.0562 I0.1391 J-9.1074
G1 X0.5818
X1.6028 Y0.0563
X2.0036
X2.0104 Y0.0566
X2.0171 Y0.0576
X2.0237 Y0.0592
G2 X2.1296 Y0.0903 I0.8662 J-2.7607
G1 X2.1297
G2 X2.1421 Y0.0959 I0.0697 J-0.1393
G1 X2.1452 Y0.0968
X2.1485 Y0.0972
X2.1592 Y0.0975
X2.2317 Y0.0994 F110.
X2.2424 Y0.0997 F40.
X2.2457 Y0.0995
X2.2489 Y0.0987
X2.2616 Y0.0938
G2 X2.3277 Y0.0773 I-0.0977 J-0.5304
G1 X2.3289 Y0.0767
G3 X2.3763 Y0.0653 I0.0704 J0.1888
G1 X2.4028 Y0.0619
X2.4356 Y0.0593
X2.4518 Y0.0565
X2.4671 Y0.0503
X2.4948 Y0.0326
X2.516 Y0.0074
X2.531 Y-0.022
X2.5409 Y-0.0534
X2.5472 Y-0.0857
G2 X2.5552 Y-0.2171 I-1.0271 J-0.1283
X2.5562 Y-0.4477 I-14.3928 J-0.1796
G1 X2.5508 Y-0.4632
X2.5343 Y-0.4917
X2.5098 Y-0.5137
X2.4809 Y-0.5294
X2.4497 Y-0.5399
X2.4174 Y-0.5466
X2.3921 Y-0.5497
X2.3844 Y-0.5511
X2.3769 Y-0.5534
X2.3697 Y-0.5565
G2 X2.3204 Y-0.5798 I-0.2045 J0.3687
G1 X2.3053 Y-0.584
X2.2978 Y-0.5857
X2.2731 Y-0.5913
X2.273
G2 X2.2439 Y-0.6015 I-0.0842 J0.1929
G1 X2.2382 Y-0.603 F110.
X2.2353 Y-0.6034
X2.2323
X2.1115 Y-0.5932
X2.1085 Y-0.5927
X2.1057 Y-0.5917
X2.1003 Y-0.5893
G2 X2.0734 Y-0.5743 I0.0886 J0.1909 F40.
G1 X2.0733
X2.0658 Y-0.5721
X2.0171 Y-0.5573
X2.0134 Y-0.5565
X1.9685 Y-0.5521
X1.961 Y-0.5514
X1.9386 Y-0.5507
X1.9311 Y-0.5506
X0.1723
G2 X0.0974 Y-0.5394 I0.0163 J0.3637
X0.0374 Y-0.5086 I0.163 J0.3916
G1 X0.0301 Y-0.5026
G2 X-0.009 Y-0.4632 I0.3077 J0.343
G1 X-0.0148 Y-0.4549
G2 X-0.045 Y-0.3936 I0.3252 J0.1977
X-0.0538 Y-0.3388 I0.624 J0.1289
X-0.0544 Y-0.3286 I0.0175 J0.006
G1 Y-0.3285
G2 X-0.0542 Y-0.164 I5.914 J0.0779
X-0.0442 Y-0.1041 I0.493 J-0.052
X-0.0091 Y-0.0367 I0.3253 J-0.1263
X0.03 Y0.0027 I0.4574 J-0.4156
X0.0525 Y0.0176 I0.0831 J-0.101
G1 X0.075 Y0.029
X0.0974 Y0.0392
G2 X0.1723 Y0.0506 I0.0889 J-0.3329
G1 X1.9311
G3 X2.0171 Y0.0572 I-0.0078 J0.6664
G1 X2.0237 Y0.0592
X2.024 Y0.0595
G2 X2.0346 Y0.0858 I0.1556 J-0.0477
G1 X2.0357 Y0.0877
G2 X2.0502 Y0.096 I0.0156 J-0.0103 F110.
G1 X2.2985 Y0.1102
G2 X2.3138 Y0.1036 I0.0011 J-0.0187
G1 X2.3152 Y0.1018 F40.
G2 X2.3287 Y0.0769 I-0.1356 J-0.0899
G1 X2.3289 Y0.0767
G2 X2.3876 Y0.0474 I-0.8189 J-1.713
G1 X2.4176 Y0.0338
X2.4438 Y0.0138
X2.4654 Y-0.011
G3 X2.4844 Y-0.0428 I0.383 J0.2068
G1 X2.4867 Y-0.0453
X2.4894 Y-0.0474
X2.4925 Y-0.0489
X2.4958 Y-0.0499
X2.4992 Y-0.0502
X2.5026 Y-0.0499
X2.5059 Y-0.049
X2.509 Y-0.0475
X2.5118 Y-0.0455
G3 X2.5121 Y-0.0177 I-0.0125 J0.014 F110.
G1 X2.4095 Y0.0775
G3 X2.3812 Y0.0741 I-0.0128 J-0.0137
X2.3876 Y0.0474 I0.0156 J-0.0104 F40.
G1 X2.3914 Y0.0454
G2 X2.4324 Y0.013 I-0.167 J-0.2534
X2.4696 Y-0.0218 I-0.1684 J-0.2174
G1 X2.4749 Y-0.0294
X2.5065 Y-0.0742
X2.5113 Y-0.0817
X2.5152 Y-0.0892
X2.5185 Y-0.0967
X2.5387 Y-0.149
G2 X2.5482 Y-0.1939 I-0.142 J-0.0535
G1 X2.5539 Y-0.2388
X2.5543 Y-0.2463
Y-0.2537
G2 X2.5437 Y-0.336 I-0.8557 J0.0686
G1 X2.5414 Y-0.3435
X2.5387 Y-0.351
X2.5366 Y-0.3574
X2.5279 Y-0.3892
X2.5165 Y-0.42
X2.4974 Y-0.4469
G3 X2.4778 Y-0.4665 I0.0631 J-0.0827
G1 X2.4763 Y-0.4692
X2.4753 Y-0.4722
X2.4748 Y-0.4752
Y-0.4783
X2.4753 Y-0.4814
X2.4763 Y-0.4843
X2.4777 Y-0.487
X2.4796 Y-0.4894
X2.4819 Y-0.4915
X2.4845 Y-0.4932
G3 X2.5101 Y-0.4855 I0.009 J0.0164 F110.
G1 X2.5726 Y-0.3671
G3 X2.5647 Y-0.3417 I-0.0166 J0.0087
X2.5387 Y-0.351 I-0.0087 J-0.0166 F40.
G1 X2.5185 Y-0.4033
X2.5152 Y-0.4108
X2.5113 Y-0.4183
X2.5065 Y-0.4258
X2.4749 Y-0.4706
G2 X2.447 Y-0.5005 I-0.1105 J0.0753
X2.3916 Y-0.5457 I-0.422 J0.461
G1 X2.3769 Y-0.5529
X2.3697 Y-0.5565
G3 X2.363 Y-0.5832 I0.009 J-0.0165
G1 X2.3648 Y-0.5859 Z0.1503
X2.3665 Y-0.5886 Z0.1511
X2.3682 Y-0.5911 Z0.1525
X2.3696 Y-0.5933 Z0.1544
X2.3709 Y-0.5952 Z0.1567
X2.3719 Y-0.5968 Z0.1594
X2.3727 Y-0.598 Z0.1623
X2.3731 Y-0.5987 Z0.1655
X2.3733 Y-0.5989 Z0.1688
G0 Z1.36
(2D CONTOUR1)
G64 P0.0004 Q0.0004
G0 X1.3488 Y-0.2688
Z1.36
Z0.96
G1 Z0.1687 F40.
G18 G2 X1.3675 Z0.15 I0.0187 K0.
G1 X1.3863
G17 G3 X1.405 Y-0.25 I0. J0.0188
X1.3115 I-0.0468 J0.
X1.405 I0.0468 J0.
X1.3863 Y-0.2313 I-0.0187 J0.
G1 X1.3675
G18 G3 X1.3488 Z0.1687 I0. K0.0188
G0 Z0.96
X0.1486 Y0.0969
G1 Z0.1687 F40.
G19 G2 Y0.0781 Z0.15 J-0.0188 K0.
G1 Y0.0594
G17 G3 X0.1673 Y0.0406 I0.0187 J0.
G1 X1.9587
G3 X2.074 Y0.0637 I0. J0.3
G2 X2.3354 Y-0.5637 I0.1307 J-0.3137
X2.074 I-0.1307 J0.3137
G3 X1.9587 Y-0.5406 I-0.1154 J-0.2769
G1 X0.1673
G2 X-0.0445 Y-0.3287 I0. J0.2119
G1 Y-0.1713
G2 X0.1673 Y0.0406 I0.2119 J0.
G3 X0.1861 Y0.0594 I0. J0.0188
G1 Y0.0781
G19 G3 Y0.0969 Z0.1687 J0. K0.0188
G0 Z0.96
X0.3448 Y-0.2688
G1 Z0.1687 F40.
G18 G2 X0.3636 Z0.15 I0.0187 K0.
G1 X0.3823
G17 G3 X0.4011 Y-0.25 I0. J0.0188
X0.3076 I-0.0468 J0.
X0.4011 I0.0468 J0.
X0.3823 Y-0.2313 I-0.0188 J0.
G1 X0.3636
G18 G3 X0.3448 Z0.1687 I0. K0.0188
G0 Z0.96
X0.6869 Y-0.2709
G1 Z0.1687 F40.
X0.6872 Y-0.2708 Z0.1655
X0.6879 Y-0.2705 Z0.1623
X0.6892 Y-0.27 Z0.1594
X0.691 Y-0.2693 Z0.1567
X0.6931 Y-0.2685 Z0.1544
X0.6956 Y-0.2675 Z0.1525
X0.6984 Y-0.2665 Z0.1511
X0.7013 Y-0.2653 Z0.1503
X0.7044 Y-0.2641 Z0.15
X0.7219 Y-0.2574
G17 G3 X0.7326 Y-0.2331 I-0.0068 J0.0175
X0.6454 Y-0.2669 I-0.0436 J-0.0169
X0.7326 Y-0.2331 I0.0436 J0.0169
X0.7083 Y-0.2224 I-0.0175 J-0.0068
G1 X0.6908 Y-0.2292
X0.6878 Y-0.2304 Z0.1503
X0.6848 Y-0.2315 Z0.1511
X0.6821 Y-0.2326 Z0.1525
X0.6796 Y-0.2335 Z0.1544
X0.6774 Y-0.2344 Z0.1567
X0.6757 Y-0.235 Z0.1594
X0.6744 Y-0.2355 Z0.1623
X0.6736 Y-0.2358 Z0.1655
X0.6733 Y-0.2359 Z0.1687
G0 Z0.96
X1.0141 Y-0.2688
G1 Z0.1687 F40.
G18 G2 X1.0329 Z0.15 I0.0187 K0.
G1 X1.0516
G17 G3 X1.0704 Y-0.25 I0. J0.0188
X0.9769 I-0.0468 J0.
X1.0704 I0.0468 J0.
X1.0516 Y-0.2313 I-0.0187 J0.
G1 X1.0329
G18 G3 X1.0141 Z0.1687 I0. K0.0188
G0 Z0.96
X1.6834 Y-0.2688
G1 Z0.1687 F40.
G2 X1.7022 Z0.15 I0.0187 K0.
G1 X1.7209
G17 G3 X1.7397 Y-0.25 I0. J0.0188
X1.6462 I-0.0468 J0.
X1.7397 I0.0468 J0.
X1.7209 Y-0.2313 I-0.0187 J0.
G1 X1.7022
G18 G3 X1.6834 Z0.1687 I0. K0.0188
G0 Z1.36
G17
(RADIAL2)
S7500 M3
G0 X2.286 Y-0.25
Z1.36
Z0.8211
G1 Z0.7598 F50.
G18 G2 X2.3047 Z0.7411 I0.0187 K0. F60.
G1 X2.4559 Z0.7409
X2.5443 Z0.4006
G2 X2.5534 Z0.3936 I0.0091 K0.0024
G1 X2.5539
X2.554
G17 G3 X2.5626 Y-0.2404 I-0.0005 J0.0091
X2.553 Y-0.2317 I-0.0091 J-0.0005
G1 X2.551 Y-0.2319 Z0.3938
X2.5491 Y-0.232 Z0.3945
X2.5473 Z0.3955
X2.5458 Y-0.2321 Z0.397
X2.5447 Y-0.2322 Z0.3987
X2.544 Z0.4006
X2.4555 Y-0.2369 Z0.741
X2.3046 Y-0.2448 Z0.7411
X2.3025 Y-0.2449 Z0.7413
X2.3005 Y-0.245 Z0.742
X2.2985 Y-0.2451 Z0.7427
X2.2964 Y-0.2452 Z0.743
X2.2962
X2.2951 Y-0.245
X2.2942 Y-0.2444
X2.2937 Y-0.2434
X2.2936 Y-0.2423
X2.2941 Y-0.2412
X2.2949 Y-0.2405
X2.296 Y-0.2402
X2.2981 Y-0.2401 Z0.7427
X2.3001 Y-0.24 Z0.742
X2.3021 Y-0.2398 Z0.7413
X2.3042 Y-0.2395 Z0.7411
X2.4545 Y-0.2238 Z0.7409
X2.5425 Y-0.2145 Z0.4006
X2.5433 Y-0.2144 Z0.3987
X2.5444 Y-0.2143 Z0.397
X2.5459 Y-0.2141 Z0.3956
X2.5476 Y-0.214 Z0.3945
X2.5495 Y-0.2138 Z0.3938
X2.5516 Y-0.2135 Z0.3936
X2.5521
G3 X2.5492 Y-0.1954 I-0.0014 J0.009
G1 X2.5491 Y-0.1955
X2.5471 Y-0.1958 Z0.3938
X2.5452 Y-0.1961 Z0.3945
X2.5434 Y-0.1964 Z0.3956
X2.542 Y-0.1966 Z0.397
X2.5409 Y-0.1968 Z0.3987
X2.5401 Y-0.1969 Z0.4006
X2.4528 Y-0.2107 Z0.741
X2.3035 Y-0.2344 Z0.7411
X2.3014 Y-0.2347 Z0.7413
X2.2994 Y-0.235 Z0.742
X2.2974 Y-0.2353 Z0.7427
X2.2953 Y-0.2356 Z0.743
X2.2952 Y-0.2357
X2.2941 Y-0.2356
X2.2931 Y-0.235
X2.2925 Y-0.2341
X2.2923 Y-0.233
X2.2926 Y-0.232
X2.2934 Y-0.2311
X2.2944 Y-0.2307
X2.2965 Y-0.2304 Z0.7427
X2.2985 Y-0.2301 Z0.742
X2.3005 Y-0.2296 Z0.7413
X2.3025 Y-0.2292 Z0.7411
X2.4503 Y-0.1978 Z0.741
X2.5371 Y-0.1794 Z0.4006
X2.5378 Y-0.1792 Z0.3987
X2.5389 Y-0.179 Z0.397
X2.5403 Y-0.1787 Z0.3955
X2.542 Y-0.1783 Z0.3945
X2.5439 Y-0.1779 Z0.3938
X2.5459 Y-0.1775 Z0.3936
X2.5464 Y-0.1774
G3 X2.5529 Y-0.1662 I-0.0024 J0.0088
X2.5417 Y-0.1597 I-0.0088 J-0.0024
G1 X2.5416
X2.5396 Y-0.1603 Z0.3938
X2.5377 Y-0.1608 Z0.3945
X2.536 Y-0.1612 Z0.3955
X2.5346 Y-0.1616 Z0.397
X2.5335 Y-0.1619 Z0.3987
X2.5328 Y-0.1621 Z0.4006
Z0.4007
X2.4474 Y-0.185 Z0.741
X2.3013 Y-0.2241 Z0.7411
X2.2993 Y-0.2247 Z0.7413
X2.2973 Y-0.2252 Z0.742
X2.2954 Y-0.2257 Z0.7427
X2.2934 Y-0.2263 Z0.743
X2.2932
X2.2921
X2.2911 Y-0.2259
X2.2904 Y-0.225
X2.2901 Y-0.224
X2.2903 Y-0.2229
X2.2909 Y-0.222
X2.2919 Y-0.2214
X2.294 Y-0.2209 Z0.7427
X2.2959 Y-0.2204 Z0.742
X2.2978 Y-0.2198 Z0.7413
X2.2998 Y-0.2191 Z0.7411
X2.4435 Y-0.1724 Z0.7409
X2.5277 Y-0.1451 Z0.4006
X2.5284 Y-0.1448 Z0.3987
X2.5295 Y-0.1445 Z0.397
X2.5309 Y-0.144 Z0.3956
X2.5325 Y-0.1435 Z0.3945
X2.5344 Y-0.1429 Z0.3938
X2.5363 Y-0.1423 Z0.3936
X2.5368 Y-0.1421
X2.5369 Y-0.142
X2.538 Y-0.1415
X2.539 Y-0.1409
X2.5399 Y-0.1401
X2.5408 Y-0.1393
X2.5414 Y-0.1383
X2.542 Y-0.1372
X2.5424 Y-0.1361
X2.5427 Y-0.1349
X2.5428 Y-0.1338
X2.5427 Y-0.1326
X2.5425 Y-0.1314
X2.5422 Y-0.1302
X2.5417 Y-0.1292
X2.541 Y-0.1281
X2.5403 Y-0.1272
X2.5394 Y-0.1264
X2.5384 Y-0.1257
X2.5374 Y-0.1252
X2.5362 Y-0.1248
X2.5351 Y-0.1245 Z0.3937
X2.5339 Y-0.1244
X2.5327
X2.5315 Y-0.1246
X2.5304 Y-0.125
X2.5285 Y-0.1257 Z0.3939
X2.5267 Y-0.1264 Z0.3945
X2.525 Y-0.127 Z0.3956
X2.5237 Y-0.1276 Z0.397
X2.5226 Y-0.128 Z0.3988
X2.5219 Y-0.1282 Z0.4007
X2.4393 Y-0.16 Z0.741
X2.2981 Y-0.2142 Z0.7411
X2.2961 Y-0.2149 Z0.7413
X2.2942 Y-0.2156 Z0.742
X2.2924 Y-0.2164 Z0.7427
X2.2904 Y-0.2171 Z0.743
X2.2903 Y-0.2172
X2.2892 Y-0.2173
X2.2881 Y-0.217
X2.2873 Y-0.2162
X2.2869 Y-0.2152
X2.287 Y-0.2141
X2.2875 Y-0.2131
X2.2885 Y-0.2125
X2.2904 Y-0.2117 Z0.7427
X2.2923 Y-0.211 Z0.742
X2.2941 Y-0.2102 Z0.7413
X2.2961 Y-0.2093 Z0.7411
X2.4341 Y-0.1479 Z0.7409
X2.515 Y-0.1119 Z0.4006
X2.5157 Y-0.1116 Z0.3987
X2.5167 Y-0.1111 Z0.397
X2.518 Y-0.1105 Z0.3956
X2.5196 Y-0.1098 Z0.3945
X2.5214 Y-0.109 Z0.3939
X2.5233 Y-0.1082 Z0.3936
X2.5237 Y-0.108
G3 X2.5154 Y-0.0917 I-0.0041 J0.0081
G1 X2.5136 Y-0.0926 Z0.3938
X2.5118 Y-0.0935 Z0.3945
X2.5103 Y-0.0943 Z0.3956
X2.509 Y-0.095 Z0.397
X2.508 Y-0.0955 Z0.3987
X2.5073 Y-0.0958 Z0.4006
X2.4286 Y-0.1359 Z0.7409
X2.2938 Y-0.2046 Z0.7411
X2.2919 Y-0.2056 Z0.7413
X2.2902 Y-0.2065 Z0.742
X2.2884 Y-0.2074 Z0.7427
X2.2865 Y-0.2083 Z0.743
X2.2864 Y-0.2084
X2.2853 Y-0.2087
X2.2842 Y-0.2085
X2.2833 Y-0.2078
X2.2828 Y-0.2068
Y-0.2057
X2.2832 Y-0.2047
X2.2841 Y-0.2039
X2.286 Y-0.203 Z0.7427
X2.2878 Y-0.2021 Z0.742
X2.2895 Y-0.2011 Z0.7413
X2.2913 Y-0.2 Z0.7411
X2.4221 Y-0.1245 Z0.741
X2.499 Y-0.0801 Z0.4007
X2.4996 Y-0.0798 Z0.3988
X2.5006 Y-0.0792 Z0.397
X2.5019 Y-0.0784 Z0.3956
X2.5034 Y-0.0776 Z0.3945
X2.5051 Y-0.0766 Z0.3939
X2.5068 Y-0.0756 Z0.3937
X2.5072 Y-0.0753
X2.5082 Y-0.0746
X2.5091 Y-0.0738
X2.5098 Y-0.0728
X2.5104 Y-0.0718
X2.5109 Y-0.0707
X2.5112 Y-0.0696
X2.5114 Y-0.0684
Y-0.0672
X2.5113 Y-0.066 Z0.3936
X2.511 Y-0.0648
X2.5105 Y-0.0637
X2.5099 Y-0.0627
X2.5092 Y-0.0617
X2.5084 Y-0.0609
X2.5074 Y-0.0601
X2.5064 Y-0.0595
X2.5053 Y-0.0591
X2.5042 Y-0.0587
X2.503 Y-0.0586
X2.5018 Y-0.0585
X2.5006 Y-0.0587
X2.4994 Y-0.059
X2.4983 Y-0.0594
X2.4973 Y-0.06
X2.4972 Y-0.0601
X2.4954 Y-0.0612 Z0.3938
X2.4938 Y-0.0623 Z0.3945
X2.4923 Y-0.0632 Z0.3956
X2.4911 Y-0.064 Z0.397
X2.4902 Y-0.0646 Z0.3987
X2.4895 Y-0.065 Z0.4006
X2.4154 Y-0.1132 Z0.7409
X2.2886 Y-0.1955 Z0.7411
X2.2868 Y-0.1967 Z0.7413
X2.2851 Y-0.1978 Z0.742
X2.2835 Y-0.1989 Z0.7427
X2.2817 Y-0.2 Z0.743
X2.2816 Y-0.2001
X2.2805 Y-0.2005
X2.2794 Y-0.2004
X2.2785 Y-0.1998
X2.2778 Y-0.1989
X2.2777 Y-0.1977
X2.2781 Y-0.1967
X2.2788 Y-0.1959
X2.2806 Y-0.1947 Z0.7427
X2.2823 Y-0.1936 Z0.742
X2.2839 Y-0.1925 Z0.7413
X2.2856 Y-0.1912 Z0.7411
X2.4078 Y-0.1024 Z0.7409
X2.4795 Y-0.0504 Z0.4006
X2.4801 Y-0.05 Z0.3987
X2.481 Y-0.0493 Z0.397
X2.4822 Y-0.0484 Z0.3956
X2.4836 Y-0.0474 Z0.3945
X2.4852 Y-0.0462 Z0.3938
X2.4868 Y-0.045 Z0.3936
X2.4872 Y-0.0447
X2.4873
G3 X2.4887 Y-0.0318 I-0.0057 J0.0071
X2.4758 Y-0.0305 I-0.0071 J-0.0057
G1 X2.4742 Y-0.0317 Z0.3938
X2.4727 Y-0.033 Z0.3945
X2.4714 Y-0.0341 Z0.3956
X2.4702 Y-0.035 Z0.397
X2.4694 Y-0.0357 Z0.3987
X2.4688 Y-0.0362 Z0.4006
X2.4 Y-0.0919 Z0.741
X2.2824 Y-0.1871 Z0.7411
X2.2808 Y-0.1884 Z0.7413
X2.2792 Y-0.1897 Z0.742
X2.2777 Y-0.1909 Z0.7427
X2.276 Y-0.1923 Z0.743
X2.2759
X2.2749 Y-0.1928
X2.2738
X2.2728 Y-0.1924
X2.2721 Y-0.1915
X2.2718 Y-0.1904
X2.2721 Y-0.1893
X2.2728 Y-0.1884
X2.2744 Y-0.1871 Z0.7427
X2.276 Y-0.1858 Z0.742
X2.2775 Y-0.1845 Z0.7413
X2.279 Y-0.1831 Z0.7411
X2.3913 Y-0.082 Z0.7409
X2.4571 Y-0.0228 Z0.4006
X2.4576 Y-0.0223 Z0.3987
X2.4585 Y-0.0215 Z0.397
X2.4596 Y-0.0205 Z0.3956
X2.4609 Y-0.0194 Z0.3945
X2.4623 Y-0.0181 Z0.3938
X2.4638 Y-0.0167 Z0.3936
X2.4642 Y-0.0164
Y-0.0163
X2.465 Y-0.0154
X2.4657 Y-0.0144
X2.4662 Y-0.0134
X2.4666 Y-0.0122
X2.4668 Y-0.0111
X2.4669 Y-0.0099
X2.4668 Y-0.0087
X2.4666 Y-0.0075
X2.4662 Y-0.0064
X2.4657 Y-0.0053
X2.465 Y-0.0043
X2.4642 Y-0.0034
X2.4633 Y-0.0026
X2.4623 Y-0.002
X2.4612 Y-0.0014
X2.4601 Y-0.0011
X2.4589 Y-0.0008
X2.4578
X2.4566
X2.4554 Y-0.0011
X2.4543 Y-0.0014
X2.4532 Y-0.002
X2.4522 Y-0.0026
X2.4513 Y-0.0034
X2.4499 Y-0.0049 Z0.3938
X2.4485 Y-0.0062 Z0.3945
X2.4472 Y-0.0075 Z0.3956
X2.4462 Y-0.0085 Z0.397
X2.4454 Y-0.0093 Z0.3987
X2.4449 Y-0.0098 Z0.4006
X2.3824 Y-0.0724 Z0.741
X2.2754 Y-0.1793 Z0.7411
X2.2739 Y-0.1808 Z0.7413
X2.2725 Y-0.1822 Z0.742
X2.2711 Y-0.1836 Z0.7427
X2.2696 Y-0.1851 Z0.743
X2.2695 Y-0.1852
X2.2686 Y-0.1858
X2.2675 Y-0.1859
X2.2664 Y-0.1856
X2.2656 Y-0.1848
X2.2652 Y-0.1837
X2.2654 Y-0.1826
X2.266 Y-0.1817
X2.2675 Y-0.1802 Z0.7427
X2.2689 Y-0.1787 Z0.742
X2.2702 Y-0.1773 Z0.7413
X2.2716 Y-0.1757 Z0.7411
X2.3727 Y-0.0634 Z0.741
X2.4321 Y0.0025 Z0.4006
X2.4326 Y0.003 Z0.3987
X2.4333 Y0.0039 Z0.397
X2.4343 Y0.005 Z0.3956
X2.4355 Y0.0063 Z0.3945
X2.4368 Y0.0077 Z0.3938
X2.4381 Y0.0092 Z0.3936
X2.4385 Y0.0096
G3 X2.4243 Y0.0211 I-0.0071 J0.0057
G1 X2.4241 Y0.021
X2.4229 Y0.0194 Z0.3938
X2.4216 Y0.0179 Z0.3945
X2.4205 Y0.0165 Z0.3956
X2.4196 Y0.0154 Z0.397
X2.4189 Y0.0145 Z0.3987
X2.4184 Y0.0139 Z0.4006
Z0.4007
X2.3628 Y-0.0548 Z0.741
X2.2677 Y-0.1723 Z0.7411
X2.2663 Y-0.1739 Z0.7413
X2.2651 Y-0.1755 Z0.742
X2.2638 Y-0.177 Z0.7427
X2.2625 Y-0.1787 Z0.743
X2.2624 Y-0.1788
X2.2615 Y-0.1795
X2.2604 Y-0.1797
X2.2593 Y-0.1795
X2.2585 Y-0.1788
X2.258 Y-0.1778
Y-0.1766
X2.2585 Y-0.1756
X2.2598 Y-0.174 Z0.7427
X2.2611 Y-0.1724 Z0.742
X2.2623 Y-0.1708 Z0.7413
X2.2635 Y-0.1691 Z0.7411
X2.3523 Y-0.0468 Z0.7409
X2.4044 Y0.0248 Z0.4007
Z0.4006
X2.4048 Y0.0254 Z0.3987
X2.4055 Y0.0263 Z0.397
X2.4063 Y0.0275 Z0.3956
X2.4074 Y0.0289 Z0.3945
X2.4085 Y0.0305 Z0.3938
X2.4097 Y0.0321 Z0.3936
X2.41 Y0.0325
Y0.0326
G3 X2.4073 Y0.0452 I-0.0077 J0.005
X2.3947 Y0.0425 I-0.005 J-0.0077
G1 X2.3936 Y0.0408 Z0.3938
X2.3925 Y0.0392 Z0.3945
X2.3916 Y0.0377 Z0.3956
X2.3908 Y0.0365 Z0.397
X2.3902 Y0.0356 Z0.3987
X2.3898 Y0.0349 Z0.4006
X2.3415 Y-0.0394 Z0.741
X2.2592 Y-0.1661 Z0.7411
X2.258 Y-0.1679 Z0.7413
X2.2569 Y-0.1696 Z0.742
X2.2558 Y-0.1713 Z0.7427
X2.2547 Y-0.173 Z0.743
X2.2546 Y-0.1732
X2.2538 Y-0.1739
X2.2528 Y-0.1743
X2.2517 Y-0.1741
X2.2507 Y-0.1735
X2.2501 Y-0.1726
X2.25 Y-0.1715
X2.2504 Y-0.1704
X2.2516 Y-0.1686 Z0.7427
X2.2527 Y-0.167 Z0.742
X2.2537 Y-0.1652 Z0.7413
X2.2547 Y-0.1634 Z0.7411
X2.3303 Y-0.0325 Z0.7409
X2.3745 Y0.0441 Z0.4006
X2.3749 Y0.0447 Z0.3987
X2.3754 Y0.0457 Z0.397
X2.3762 Y0.047 Z0.3956
X2.3771 Y0.0485 Z0.3945
X2.378 Y0.0502 Z0.3938
X2.3791 Y0.0519 Z0.3936
X2.3793 Y0.0524
X2.3798 Y0.0535
X2.3801 Y0.0547
X2.3803 Y0.0559
Y0.0571
X2.3802 Y0.0582
X2.3799 Y0.0594
X2.3794 Y0.0605
X2.3788 Y0.0616
X2.3781 Y0.0625
X2.3773 Y0.0634
X2.3764 Y0.0641
X2.3753 Y0.0647
X2.3742 Y0.0652
X2.3731 Y0.0655
X2.3719 Y0.0657
X2.3707 Z0.3937
X2.3695 Y0.0656
X2.3684 Y0.0653
X2.3673 Y0.0648
X2.3662 Y0.0642
X2.3653 Y0.0635
X2.3644 Y0.0627
X2.3637 Y0.0618
X2.363 Y0.0607
X2.3621 Y0.0589 Z0.3939
X2.3612 Y0.0572 Z0.3945
X2.3604 Y0.0556 Z0.3956
X2.3598 Y0.0543 Z0.397
X2.3593 Y0.0533 Z0.3988
X2.3589 Y0.0526 Z0.4007
X2.3187 Y-0.0263 Z0.741
X2.2501 Y-0.1609 Z0.7411
X2.2492 Y-0.1628 Z0.7413
X2.2483 Y-0.1646 Z0.742
X2.2473 Y-0.1664 Z0.7427
X2.2464 Y-0.1682 Z0.743
X2.2463 Y-0.1684
X2.2456 Y-0.1692
X2.2446 Y-0.1697
X2.2435
X2.2425 Y-0.1692
X2.2418 Y-0.1683
X2.2416 Y-0.1672
X2.2418 Y-0.1661
X2.2428 Y-0.1642 Z0.7427
X2.2437 Y-0.1624 Z0.742
X2.2445 Y-0.1606 Z0.7413
X2.2454 Y-0.1586 Z0.7411
X2.3069 Y-0.0206 Z0.741
X2.3429 Y0.0604 Z0.4006
X2.3432 Y0.061 Z0.3987
X2.3437 Y0.0621 Z0.397
X2.3443 Y0.0634 Z0.3956
X2.345 Y0.065 Z0.3945
X2.3458 Y0.0668 Z0.3938
X2.3466 Y0.0686 Z0.3936
X2.3468 Y0.0691
G3 X2.3297 Y0.0756 I-0.0085 J0.0033
G1 Y0.0755
X2.3289 Y0.0736 Z0.3938
X2.3282 Y0.0718 Z0.3945
X2.3276 Y0.0701 Z0.3956
X2.3271 Y0.0688 Z0.397
X2.3267 Y0.0677 Z0.3987
X2.3264 Y0.067 Z0.4006
Z0.4007
X2.2947 Y-0.0156 Z0.741
X2.2406 Y-0.1566 Z0.7411
X2.2398 Y-0.1586 Z0.7413
X2.2391 Y-0.1605 Z0.742
X2.2384 Y-0.1624 Z0.7427
X2.2376 Y-0.1643 Z0.743
Y-0.1645
X2.2369 Y-0.1654
X2.236 Y-0.166
X2.2349 Y-0.1661
X2.2338 Y-0.1657
X2.2331 Y-0.1648
X2.2327 Y-0.1638
X2.2329 Y-0.1627
X2.2336 Y-0.1607 Z0.7427
X2.2344 Y-0.1588 Z0.742
X2.235 Y-0.1569 Z0.7413
X2.2356 Y-0.1549 Z0.7411
X2.2823 Y-0.0111 Z0.741
X2.3097 Y0.0731 Z0.4006
X2.3099 Y0.0738 Z0.3987
X2.3103 Y0.0749 Z0.397
X2.3107 Y0.0763 Z0.3956
X2.3113 Y0.0779 Z0.3945
X2.3119 Y0.0798 Z0.3938
X2.3125 Y0.0817 Z0.3936
X2.3126 Y0.0822
G3 X2.295 Y0.0869 I-0.0088 J0.0024
G1 X2.2945 Y0.0849 Z0.3938
X2.294 Y0.083 Z0.3945
X2.2935 Y0.0813 Z0.3956
X2.2931 Y0.0799 Z0.397
X2.2928 Y0.0788 Z0.3987
X2.2926 Y0.0781 Z0.4006
X2.2697 Y-0.0075 Z0.741
X2.2306 Y-0.1534 Z0.7411
X2.2301 Y-0.1555 Z0.7413
X2.2295 Y-0.1574 Z0.742
X2.229 Y-0.1593 Z0.7427
X2.2285 Y-0.1614 Z0.743
X2.2284 Y-0.1615
X2.2279 Y-0.1625
X2.227 Y-0.1632
X2.2259 Y-0.1634
X2.2248 Y-0.1631
X2.224 Y-0.1623
X2.2235 Y-0.1613
X2.2236 Y-0.1602
X2.2241 Y-0.1582 Z0.7427
X2.2247 Y-0.1562 Z0.742
X2.2251 Y-0.1543 Z0.7413
X2.2255 Y-0.1522 Z0.7411
X2.257 Y-0.0043 Z0.741
X2.2753 Y0.0822 Z0.4006
X2.2755 Y0.0829 Z0.3987
X2.2757 Y0.084 Z0.397
X2.276 Y0.0854 Z0.3955
X2.2764 Y0.0871 Z0.3945
X2.2768 Y0.089 Z0.3938
X2.2772 Y0.091 Z0.3936
X2.2773 Y0.0915
Y0.0917
X2.2774 Y0.0928
Y0.094
X2.2772 Y0.0952
X2.2768 Y0.0964
X2.2763 Y0.0974
X2.2757 Y0.0985
X2.2749 Y0.0994
X2.2741 Y0.1002
X2.2731 Y0.1009
X2.272 Y0.1014
X2.2709 Y0.1018
X2.2697 Y0.1021
X2.2685 Y0.1022
X2.2674
X2.2662 Y0.102
X2.265 Y0.1016
X2.264 Y0.1011
X2.2629 Y0.1005
X2.262 Y0.0997
X2.2612 Y0.0988
X2.2605 Y0.0979
X2.26 Y0.0968
X2.2596 Y0.0957
X2.2593 Y0.0945
X2.259 Y0.0925 Z0.3939
X2.2587 Y0.0906 Z0.3945
X2.2584 Y0.0889 Z0.3956
X2.2582 Y0.0874 Z0.397
X2.258 Y0.0863 Z0.3987
X2.2579 Y0.0856 Z0.4006
X2.244 Y-0.002 Z0.7409
X2.2204 Y-0.1512 Z0.7411
X2.22 Y-0.1533 Z0.7413
X2.2197 Y-0.1553 Z0.742
X2.2194 Y-0.1573 Z0.7427
X2.2191 Y-0.1594 Z0.743
Y-0.1595
X2.2186 Y-0.1605
X2.2178 Y-0.1613
X2.2167 Y-0.1616
X2.2156 Y-0.1614
X2.2147 Y-0.1608
X2.2142 Y-0.1598
X2.2141 Y-0.1587
X2.2144 Y-0.1566 Z0.7427
X2.2147 Y-0.1546 Z0.742
X2.215 Y-0.1526 Z0.7413
X2.2152 Y-0.1505 Z0.7411
X2.231 Y-0.0001 Z0.7409
X2.2402 Y0.0878 Z0.4007
X2.2403 Y0.0885 Z0.3988
X2.2404 Y0.0896 Z0.397
X2.2406 Y0.0911 Z0.3956
X2.2408 Y0.0929 Z0.3945
X2.241 Y0.0948 Z0.3939
X2.2412 Y0.0968 Z0.3937
Y0.0973
Y0.0985
X2.241 Y0.0997
X2.2407 Y0.1008
X2.2402 Y0.1019 Z0.3936
X2.2396 Y0.103
X2.2389 Y0.1039
X2.238 Y0.1047
X2.2371 Y0.1054
X2.236 Y0.106
X2.2349 Y0.1065
X2.2338 Y0.1068
X2.2326 Y0.1069
X2.2314
X2.2302 Y0.1067
X2.229 Y0.1064
X2.2279 Y0.1059
X2.2269 Y0.1053
X2.226 Y0.1046
X2.2252 Y0.1037
X2.2244 Y0.1028
X2.2239 Y0.1017
X2.2234 Y0.1006
X2.2231 Y0.0994
X2.223 Y0.0983
Y0.0982
X2.2229 Y0.0962 Z0.3938
X2.2228 Y0.0942 Z0.3945
X2.2227 Y0.0925 Z0.3955
X2.2226 Y0.091 Z0.397
X2.2225 Y0.0899 Z0.3987
Y0.0891 Z0.4006
X2.2179 Y0.0007 Z0.7409
X2.21 Y-0.1501 Z0.7411
X2.2098 Y-0.1522 Z0.7413
X2.2097 Y-0.1542 Z0.742
X2.2096 Y-0.1563 Z0.7427
X2.2095 Y-0.1584 Z0.743
Y-0.1585
X2.2092 Y-0.1596
X2.2085 Y-0.1604
X2.2074 Y-0.1608
X2.2063
X2.2053 Y-0.1602
X2.2047 Y-0.1593
X2.2045 Y-0.1582
X2.2046 Y-0.1561 Z0.7427
X2.2047 Y-0.1541 Z0.742
Y-0.1521 Z0.7413
Y-0.15 Z0.7411
Y0.0013 Z0.7409
Y0.0898 Z0.4006
G19 G3 Y0.0988 Z0.3936 J0.0091 K0.0024
G1 Y0.0993
G17 G3 X2.1865 Y0.0984 I-0.0091 J-0.0005
G1 Y0.0982
X2.1866 Y0.0962 Z0.3938
X2.1867 Y0.0943 Z0.3945
X2.1868 Y0.0925 Z0.3955
X2.1869 Y0.091 Z0.3969
Y0.0899 Z0.3987
Y0.0892 Z0.4006
X2.1916 Y0.0007 Z0.7409
X2.1995 Y-0.1501 Z0.7411
X2.1996 Y-0.1522 Z0.7413
X2.1997 Y-0.1542 Z0.742
X2.1998 Y-0.1563 Z0.7427
X2.1999 Y-0.1584 Z0.743
Y-0.1585
X2.1997 Y-0.1596
X2.1991 Y-0.1605
X2.1981 Y-0.161
X2.197 Y-0.1611
X2.196 Y-0.1607
X2.1952 Y-0.1598
X2.1949 Y-0.1588
X2.1948 Y-0.1566 Z0.7427
X2.1947 Y-0.1546 Z0.742
X2.1945 Y-0.1526 Z0.7413
X2.1943 Y-0.1505 Z0.7411
X2.1785 Y-0.0001 Z0.7409
X2.1692 Y0.0877 Z0.4006
X2.1691 Y0.0885 Z0.3987
X2.169 Y0.0896 Z0.397
X2.1689 Y0.0911 Z0.3955
X2.1687 Y0.0928 Z0.3945
X2.1685 Y0.0947 Z0.3938
X2.1683 Y0.0968 Z0.3936
X2.1682 Y0.0973
Y0.0974
G3 X2.1502 Y0.0946 I-0.009 J-0.0014
G1 X2.1505 Y0.0925 Z0.3938
X2.1508 Y0.0906 Z0.3945
X2.151 Y0.0889 Z0.3955
X2.1513 Y0.0874 Z0.397
X2.1515 Y0.0863 Z0.3987
X2.1516 Y0.0856 Z0.4006
X2.1654 Y-0.002 Z0.7409
X2.1891 Y-0.1512 Z0.7411
X2.1894 Y-0.1533 Z0.7413
X2.1897 Y-0.1553 Z0.742
X2.19 Y-0.1573 Z0.7427
X2.1904 Y-0.1594 Z0.743
Y-0.1595
X2.1903 Y-0.1606
X2.1898 Y-0.1616
X2.1888 Y-0.1622
X2.1877 Y-0.1624
X2.1867 Y-0.1621
X2.1859 Y-0.1613
X2.1854 Y-0.1603
X2.1851 Y-0.1582 Z0.7427
X2.1848 Y-0.1562 Z0.742
X2.1844 Y-0.1543 Z0.7413
X2.1839 Y-0.1522 Z0.7411
X2.1525 Y-0.0043 Z0.741
X2.1341 Y0.0822 Z0.4006
X2.134 Y0.0829 Z0.3987
X2.1337 Y0.084 Z0.3969
X2.1334 Y0.0855 Z0.3955
X2.1331 Y0.0872 Z0.3944
X2.1326 Y0.0891 Z0.3938
X2.1322 Y0.0911 Z0.3936
X2.1321 Y0.0916
X2.1317 Y0.0927
X2.1312 Y0.0938
X2.1305 Y0.0948
X2.1297 Y0.0957
X2.1288 Y0.0964
X2.1279 Y0.0971
X2.1268 Y0.0976
X2.1257 Y0.098
X2.1245 Y0.0983
X2.1233
X2.1221
X2.1209 Y0.098
X2.1198 Y0.0976
X2.1187 Y0.0971
X2.1177 Y0.0964
X2.1168 Y0.0957
X2.116 Y0.0948
X2.1154 Y0.0938
X2.1149 Y0.0927
X2.1145 Y0.0916
X2.1142 Y0.0904
Y0.0892
Y0.088
X2.1145 Y0.0868
X2.115 Y0.0848 Z0.3938
X2.1155 Y0.083 Z0.3945
X2.116 Y0.0813 Z0.3955
X2.1163 Y0.0798 Z0.397
X2.1166 Y0.0788 Z0.3987
X2.1168 Y0.078 Z0.4006
X2.1397 Y-0.0075 Z0.741
X2.1788 Y-0.1534 Z0.7411
X2.1794 Y-0.1555 Z0.7413
X2.1799 Y-0.1574 Z0.742
X2.1804 Y-0.1593 Z0.7427
X2.181 Y-0.1614 Z0.743
Y-0.1615
X2.1811 Y-0.1626
X2.1806 Y-0.1636
X2.1798 Y-0.1644
X2.1787 Y-0.1647
X2.1776 Y-0.1645
X2.1767 Y-0.1638
X2.1762 Y-0.1628
X2.1756 Y-0.1608 Z0.7427
X2.1751 Y-0.1588 Z0.742
X2.1745 Y-0.1569 Z0.7413
X2.1738 Y-0.1549 Z0.7411
X2.1271 Y-0.0111 Z0.741
X2.0997 Y0.0731 Z0.4006
X2.0995 Y0.0738 Z0.3987
X2.0992 Y0.0749 Z0.397
X2.0987 Y0.0763 Z0.3956
X2.0982 Y0.078 Z0.3945
X2.0976 Y0.0798 Z0.3938
X2.0969 Y0.0818 Z0.3936
X2.0968 Y0.0822
G3 X2.085 Y0.0875 I-0.0085 J-0.0033
X2.0797 Y0.0757 I0.0033 J-0.0085
G1 X2.0798 Y0.0755
X2.0805 Y0.0736 Z0.3938
X2.0812 Y0.0718 Z0.3945
X2.0818 Y0.0702 Z0.3956
X2.0824 Y0.0688 Z0.397
X2.0828 Y0.0677 Z0.3987
X2.083 Y0.067 Z0.4006
Z0.4007
X2.1147 Y-0.0156 Z0.741
X2.1689 Y-0.1566 Z0.7411
X2.1696 Y-0.1586 Z0.7413
X2.1704 Y-0.1605 Z0.742
X2.1711 Y-0.1624 Z0.7427
X2.1718 Y-0.1643 Z0.743
X2.1719 Y-0.1645
X2.172 Y-0.1656
X2.1717 Y-0.1666
X2.1709 Y-0.1675
X2.1699 Y-0.1679
X2.1688 Y-0.1678
X2.1678 Y-0.1672
X2.1672 Y-0.1663
X2.1664 Y-0.1643 Z0.7427
X2.1657 Y-0.1624 Z0.742
X2.1649 Y-0.1606 Z0.7413
X2.1641 Y-0.1586 Z0.7411
X2.1026 Y-0.0206 Z0.741
X2.0666 Y0.0603 Z0.4006
X2.0657 Y0.0622 Z0.4008
X2.0649 Y0.064 Z0.4015
X2.0642 Y0.0656 Z0.4026
X2.0636 Y0.067 Z0.4041
X2.0631 Y0.068 Z0.4059
X2.0629 Y0.0686 Z0.4079
X2.0628 Y0.0688 Z0.41
X2.0625 Y0.0687 Z0.4124
X2.0616 Y0.0684 Z0.4146
X2.0603 Y0.0678 Z0.4165
X2.0585 Y0.0671 Z0.418
X2.0565 Y0.0662 Z0.4189
X2.0543 Y0.0653 Z0.4192
X2.0521 Y0.0644 Z0.4189
X2.0501 Y0.0636 Z0.418
X2.0483 Y0.0629 Z0.4165
X2.047 Y0.0623 Z0.4146
X2.0461 Y0.062 Z0.4124
X2.0458 Y0.0618 Z0.41
X2.046 Y0.0616 Z0.4078
X2.0463 Y0.0609 Z0.4057
X2.0469 Y0.0598 Z0.4039
X2.0476 Y0.0583 Z0.4024
X2.0485 Y0.0566 Z0.4013
X2.0495 Y0.0547 Z0.4007
X2.0505 Y0.0527
X2.0907 Y-0.0263 Z0.741
X2.1593 Y-0.1609 Z0.7411
X2.1603 Y-0.1628 Z0.7413
X2.1612 Y-0.1646 Z0.742
X2.1621 Y-0.1664 Z0.7427
X2.1631 Y-0.1682 Z0.743
Y-0.1684
X2.1634 Y-0.1694
X2.1632 Y-0.1705
X2.1625 Y-0.1714
X2.1615 Y-0.1719
X2.1604 Y-0.172
X2.1594 Y-0.1715
X2.1587 Y-0.1706
X2.1577 Y-0.1688 Z0.7427
X2.1568 Y-0.167 Z0.742
X2.1558 Y-0.1652 Z0.7413
X2.1547 Y-0.1634 Z0.7411
X2.0792 Y-0.0325 Z0.7409
X2.0349 Y0.0441 Z0.4006
X2.0338 Y0.046 Z0.4007
X2.0328 Y0.0478 Z0.4014
X2.0319 Y0.0494 Z0.4025
X2.0311 Y0.0508 Z0.404
X2.0305 Y0.0518 Z0.4058
X2.0301 Y0.0525 Z0.4078
X2.03 Y0.0527 Z0.41
X2.0297 Y0.0525 Z0.4124
X2.0289 Y0.0521 Z0.4146
X2.0277 Y0.0513 Z0.4165
X2.026 Y0.0503 Z0.4179
X2.0241 Y0.0492 Z0.4188
X2.0221 Y0.048 Z0.4192
X2.0201 Y0.0468 Z0.4188
X2.0182 Y0.0457 Z0.4179
X2.0165 Y0.0447 Z0.4165
X2.0153 Y0.0439 Z0.4146
X2.0145 Y0.0435 Z0.4124
X2.0142 Y0.0433 Z0.41
X2.0144 Y0.0431 Z0.4078
X2.0148 Y0.0425 Z0.4057
X2.0155 Y0.0414 Z0.4039
X2.0163 Y0.0401 Z0.4024
X2.0174 Y0.0385 Z0.4013
X2.0186 Y0.0367 Z0.4007
X2.0198 Y0.0348
X2.0679 Y-0.0394 Z0.741
X2.1503 Y-0.1661 Z0.7411
X2.1514 Y-0.1679 Z0.7413
X2.1525 Y-0.1696 Z0.742
X2.1536 Y-0.1713 Z0.7427
X2.1548 Y-0.173 Z0.743
Y-0.1732
X2.1552 Y-0.1742
X2.1551 Y-0.1753
X2.1545 Y-0.1763
X2.1536 Y-0.1769
X2.1525 Y-0.177
X2.1514 Y-0.1767
X2.1506 Y-0.1759
X2.1495 Y-0.1741 Z0.7427
X2.1484 Y-0.1724 Z0.742
X2.1472 Y-0.1708 Z0.7413
X2.1459 Y-0.1691 Z0.7411
X2.0571 Y-0.0468 Z0.7409
X2.005 Y0.0249 Z0.4007
X2.0037 Y0.0267
X2.0025 Y0.0284 Z0.4013
X2.0013 Y0.03 Z0.4024
X2.0004 Y0.0313 Z0.4039
X1.9996 Y0.0323 Z0.4057
X1.9992 Y0.0329 Z0.4078
X1.999 Y0.0331 Z0.41
X1.9988 Y0.0329 Z0.4124
X1.998 Y0.0324 Z0.4146
X1.9969 Y0.0315 Z0.4165
X1.9954 Y0.0303 Z0.4179
X1.9937 Y0.0289 Z0.4189
X1.9918 Y0.0275 Z0.4192
X1.9899 Y0.026 Z0.4189
X1.9882 Y0.0246 Z0.4179
X1.9867 Y0.0235 Z0.4165
X1.9856 Y0.0226 Z0.4146
X1.9849 Y0.022 Z0.4124
X1.9846 Y0.0218 Z0.41
X1.9848 Y0.0216 Z0.4078
X1.9853 Y0.021 Z0.4057
X1.986 Y0.0201 Z0.4039
X1.9871 Y0.0188 Z0.4024
X1.9883 Y0.0173 Z0.4013
X1.9896 Y0.0156 Z0.4007
X1.991 Y0.0139
X2.0466 Y-0.0548 Z0.741
X2.1418 Y-0.1723 Z0.7411
X2.1431 Y-0.1739 Z0.7413
X2.1444 Y-0.1755 Z0.742
X2.1456 Y-0.177 Z0.7427
X2.147 Y-0.1787 Z0.743
X2.1471 Y-0.1788
X2.1476 Y-0.1798
Y-0.1809
X2.1471 Y-0.1819
X2.1462 Y-0.1826
X2.1451 Y-0.1829
X2.144 Y-0.1826
X2.1432 Y-0.182
X2.1418 Y-0.1803 Z0.7427
X2.1406 Y-0.1787 Z0.742
X2.1392 Y-0.1773 Z0.7413
X2.1378 Y-0.1757 Z0.7411
X2.0367 Y-0.0634 Z0.741
X1.9775 Y0.0024 Z0.4006
X1.976 Y0.004 Z0.4007
X1.9746 Y0.0056 Z0.4014
X1.9733 Y0.007 Z0.4024
X1.9723 Y0.0082 Z0.4039
X1.9714 Y0.0091 Z0.4058
X1.9709 Y0.0096 Z0.4078
X1.9708 Y0.0098 Z0.41
X1.9705 Y0.0096 Z0.4124
X1.9699 Y0.009 Z0.4146
X1.9688 Y0.008 Z0.4165
X1.9674 Y0.0067 Z0.4179
X1.9658 Y0.0052 Z0.4188
X1.9641 Y0.0036 Z0.4191
X1.9624 Y0.002 Z0.4188
X1.9607 Y0.0004 Z0.4179
X1.9594 Y-0.0008 Z0.4165
X1.9583 Y-0.0018 Z0.4146
X1.9576 Y-0.0025 Z0.4124
X1.9574 Y-0.0027 Z0.41
X1.9576 Y-0.0029 Z0.4078
X1.9581 Y-0.0034 Z0.4058
X1.959 Y-0.0042 Z0.4039
X1.9601 Y-0.0054 Z0.4024
X1.9614 Y-0.0067 Z0.4014
X1.9629 Y-0.0082 Z0.4007
X1.9645 Y-0.0097 Z0.4006
X2.0271 Y-0.0724 Z0.741
X2.134 Y-0.1793 Z0.7411
X2.1355 Y-0.1808 Z0.7413
X2.1369 Y-0.1822 Z0.742
X2.1383 Y-0.1836 Z0.7427
X2.1398 Y-0.1851 Z0.743
X2.1399 Y-0.1852
X2.1405 Y-0.1862
X2.1407 Y-0.1873
X2.1403 Y-0.1883
X2.1395 Y-0.1891
X2.1384 Y-0.1895
X2.1373 Y-0.1894
X2.1364 Y-0.1888
X2.1349 Y-0.1873 Z0.7427
X2.1335 Y-0.1858 Z0.742
X2.132 Y-0.1845 Z0.7413
X2.1304 Y-0.1831 Z0.7411
X2.0181 Y-0.082 Z0.7409
X1.9524 Y-0.0228 Z0.4007
X1.9507 Y-0.0213
X1.9491 Y-0.0199 Z0.4013
X1.9477 Y-0.0186 Z0.4024
X1.9465 Y-0.0175 Z0.4039
X1.9456 Y-0.0166 Z0.4057
X1.945 Y-0.0161 Z0.4078
X1.9448 Y-0.016 Z0.41
X1.9446 Y-0.0162 Z0.4124
X1.944 Y-0.0169 Z0.4146
X1.943 Y-0.018 Z0.4165
X1.9418 Y-0.0194 Z0.4179
X1.9404 Y-0.0211 Z0.4189
X1.9388 Y-0.0229 Z0.4192
X1.9373 Y-0.0247 Z0.4189
X1.9359 Y-0.0264 Z0.4179
X1.9346 Y-0.0278 Z0.4165
X1.9337 Y-0.0289 Z0.4146
X1.9331 Y-0.0296 Z0.4124
X1.9329 Y-0.0299 Z0.41
X1.9331 Y-0.03 Z0.4078
X1.9337 Y-0.0305 Z0.4057
X1.9346 Y-0.0313 Z0.4039
X1.9359 Y-0.0323 Z0.4024
X1.9374 Y-0.0335 Z0.4013
X1.9391 Y-0.0349 Z0.4007
X1.9408 Y-0.0363
X2.0095 Y-0.0919 Z0.741
X2.127 Y-0.1871 Z0.7411
X2.1287 Y-0.1884 Z0.7413
X2.1302 Y-0.1897 Z0.742
X2.1318 Y-0.1909 Z0.7427
X2.1334 Y-0.1923 Z0.743
X2.1335
X2.1342 Y-0.1932
X2.1344 Y-0.1943
X2.1342 Y-0.1954
X2.1335 Y-0.1963
X2.1325 Y-0.1967
X2.1314
X2.1304 Y-0.1962
X2.1287 Y-0.1949 Z0.7427
X2.1272 Y-0.1936 Z0.742
X2.1255 Y-0.1925 Z0.7413
X2.1238 Y-0.1912 Z0.7411
X2.0016 Y-0.1024 Z0.7409
X1.9298 Y-0.0503 Z0.4007
X1.9281 Y-0.049
X1.9263 Y-0.0477 Z0.4013
X1.9248 Y-0.0466 Z0.4024
X1.9235 Y-0.0456 Z0.4039
X1.9225 Y-0.0449 Z0.4057
X1.9218 Y-0.0445 Z0.4078
X1.9216 Y-0.0443 Z0.41
X1.9215 Y-0.0446 Z0.4124
X1.9209 Y-0.0453 Z0.4146
X1.9201 Y-0.0465 Z0.4165
X1.9191 Y-0.0481 Z0.4179
X1.9178 Y-0.0499 Z0.4189
X1.9165 Y-0.0519 Z0.4192
X1.9152 Y-0.0539 Z0.4189
X1.9139 Y-0.0557 Z0.4179
X1.9129 Y-0.0573 Z0.4165
X1.9121 Y-0.0585 Z0.4146
X1.9115 Y-0.0592 Z0.4124
X1.9114 Y-0.0595 Z0.41
X1.9116 Y-0.0596 Z0.4078
X1.9122 Y-0.0601 Z0.4057
X1.9133 Y-0.0607 Z0.4039
X1.9146 Y-0.0616 Z0.4024
X1.9163 Y-0.0627 Z0.4013
X1.9181 Y-0.0638 Z0.4007
X1.9199 Y-0.065
X1.994 Y-0.1132 Z0.7409
X2.1209 Y-0.1955 Z0.7411
X2.1226 Y-0.1967 Z0.7413
X2.1243 Y-0.1978 Z0.742
X2.126 Y-0.1989 Z0.7427
X2.1278 Y-0.2 Z0.743
X2.1279 Y-0.2001
X2.1287 Y-0.2009
X2.129 Y-0.202
X2.1289 Y-0.2031
X2.1283 Y-0.204
X2.1273 Y-0.2046
X2.1262 Y-0.2047
X2.1252 Y-0.2043
X2.1234 Y-0.2032 Z0.7427
X2.1217 Y-0.2021 Z0.742
X2.12 Y-0.2011 Z0.7413
X2.1181 Y-0.2 Z0.7411
X1.9873 Y-0.1245 Z0.741
X1.9106 Y-0.0802 Z0.4006
X1.9087 Y-0.0791 Z0.4007
X1.9069 Y-0.0781 Z0.4014
X1.9053 Y-0.0771 Z0.4025
X1.9039 Y-0.0763 Z0.404
X1.9029 Y-0.0757 Z0.4058
X1.9023 Y-0.0754 Z0.4078
X1.902 Y-0.0752 Z0.41
X1.9019 Y-0.0755 Z0.4123
X1.9014 Y-0.0763 Z0.4145
X1.9007 Y-0.0776 Z0.4164
X1.8998 Y-0.0792 Z0.4179
X1.8988 Y-0.0812 Z0.4188
X1.8976 Y-0.0833 Z0.4191
X1.8965 Y-0.0853 Z0.4188
X1.8954 Y-0.0873 Z0.4179
X1.8945 Y-0.0889 Z0.4164
X1.8938 Y-0.0902 Z0.4145
X1.8933 Y-0.091 Z0.4123
X1.8932 Y-0.0913 Z0.41
X1.8934 Y-0.0914 Z0.4078
X1.8941 Y-0.0917 Z0.4058
X1.8951 Y-0.0922 Z0.404
X1.8965 Y-0.093 Z0.4025
X1.8982 Y-0.0938 Z0.4014
X1.9 Y-0.0948 Z0.4007
X1.902 Y-0.0957 Z0.4006
X1.9809 Y-0.1359 Z0.7409
X2.1156 Y-0.2046 Z0.7411
X2.1175 Y-0.2056 Z0.7413
X2.1193 Y-0.2065 Z0.742
X2.1211 Y-0.2074 Z0.7427
X2.123 Y-0.2083 Z0.743
X2.1231 Y-0.2084
X2.1239 Y-0.2091
X2.1244 Y-0.2101
Y-0.2113
X2.1239 Y-0.2122
X2.123 Y-0.2129
X2.1219 Y-0.2131
X2.1208 Y-0.2129
X2.1189 Y-0.2119 Z0.7427
X2.1171 Y-0.211 Z0.742
X2.1153 Y-0.2102 Z0.7413
X2.1134 Y-0.2093 Z0.7411
X1.9754 Y-0.1479 Z0.7409
X1.8945 Y-0.1119 Z0.4006
X1.8925 Y-0.111 Z0.4007
X1.8906 Y-0.1101 Z0.4014
X1.8888 Y-0.1094 Z0.4024
X1.8874 Y-0.1087 Z0.4039
X1.8863 Y-0.1082 Z0.4058
X1.8856 Y-0.1079 Z0.4078
X1.8854 Y-0.1078 Z0.41
X1.8852 Y-0.1081 Z0.4124
X1.8849 Y-0.1089 Z0.4146
X1.8843 Y-0.1103 Z0.4165
X1.8836 Y-0.112 Z0.4179
X1.8827 Y-0.1141 Z0.4188
X1.8818 Y-0.1162 Z0.4192
X1.8809 Y-0.1184 Z0.4188
X1.88 Y-0.1204 Z0.4179
X1.8793 Y-0.1222 Z0.4165
X1.8787 Y-0.1235 Z0.4146
X1.8783 Y-0.1244 Z0.4124
X1.8782 Y-0.1247 Z0.41
X1.8785 Y-0.1248 Z0.4078
X1.8792 Y-0.125 Z0.4057
X1.8803 Y-0.1255 Z0.4039
X1.8818 Y-0.1261 Z0.4024
X1.8836 Y-0.1267 Z0.4013
X1.8856 Y-0.1275 Z0.4007
X1.8877 Y-0.1283
X1.9702 Y-0.16 Z0.741
X2.1114 Y-0.2142 Z0.7411
X2.1133 Y-0.2149 Z0.7413
X2.1152 Y-0.2156 Z0.742
X2.1171 Y-0.2164 Z0.7427
X2.1191 Y-0.2171 Z0.743
X2.1192 Y-0.2172
X2.1201 Y-0.2178
X2.1207 Y-0.2187
X2.1208 Y-0.2199
X2.1204 Y-0.2209
X2.1196 Y-0.2217
X2.1185 Y-0.222
X2.1174 Y-0.2218
X2.1154 Y-0.2211 Z0.7427
X2.1135 Y-0.2204 Z0.742
X2.1116 Y-0.2198 Z0.7413
X2.1096 Y-0.2191 Z0.7411
X1.9659 Y-0.1724 Z0.7409
X1.8816 Y-0.145 Z0.4006
X1.8795 Y-0.1443 Z0.4007
X1.8776 Y-0.1437 Z0.4014
X1.8758 Y-0.1431 Z0.4025
X1.8743 Y-0.1427 Z0.404
X1.8732 Y-0.1423 Z0.4058
X1.8725 Y-0.1421 Z0.4078
X1.8723 Y-0.142 Z0.4099
Z0.41
X1.8722 Y-0.1423 Z0.4124
X1.8719 Y-0.1432 Z0.4146
X1.8715 Y-0.1446 Z0.4165
X1.871 Y-0.1464 Z0.4179
X1.8703 Y-0.1485 Z0.4188
X1.8697 Y-0.1508 Z0.4191
X1.869 Y-0.153 Z0.4188
X1.8683 Y-0.1551 Z0.4179
X1.8678 Y-0.1569 Z0.4165
X1.8674 Y-0.1583 Z0.4146
X1.8671 Y-0.1592 Z0.4124
X1.867 Y-0.1595 Z0.41
X1.8673 Y-0.1596 Z0.4078
X1.868 Y-0.1598 Z0.4058
X1.8692 Y-0.1601 Z0.4039
X1.8707 Y-0.1605 Z0.4024
X1.8725 Y-0.161 Z0.4014
X1.8746 Y-0.1615 Z0.4007
X1.8767 Y-0.1621 Z0.4006
X1.9621 Y-0.185 Z0.741
X2.1081 Y-0.2241 Z0.7411
X2.1102 Y-0.2247 Z0.7413
X2.1121 Y-0.2252 Z0.742
X2.1141 Y-0.2257 Z0.7427
X2.1161 Y-0.2263 Z0.743
X2.1162
X2.1172 Y-0.2268
X2.1179 Y-0.2277
X2.1181 Y-0.2288
X2.1178 Y-0.2299
X2.1171 Y-0.2307
X2.116 Y-0.2312
X2.1149 Y-0.2311
X2.1129 Y-0.2306 Z0.7427
X2.1109 Y-0.2301 Z0.742
X2.109 Y-0.2296 Z0.7413
X2.1069 Y-0.2292 Z0.7411
X1.9591 Y-0.1978 Z0.741
X1.8725 Y-0.1794 Z0.4006
X1.8704 Y-0.1789 Z0.4007
X1.8683 Y-0.1785 Z0.4014
X1.8665 Y-0.1781 Z0.4024
X1.8649 Y-0.1778 Z0.4039
X1.8637 Y-0.1775 Z0.4058
X1.8629 Y-0.1774 Z0.4078
X1.8627 Y-0.1773 Z0.41
X1.8626 Y-0.1776 Z0.4124
X1.8625 Y-0.1785 Z0.4146
X1.8622 Y-0.1799 Z0.4165
X1.8618 Y-0.1818 Z0.4179
X1.8614 Y-0.184 Z0.4188
X1.861 Y-0.1863 Z0.4192
X1.8605 Y-0.1886 Z0.4188
X1.8601 Y-0.1908 Z0.4179
X1.8598 Y-0.1926 Z0.4165
X1.8595 Y-0.1941 Z0.4146
X1.8593 Y-0.195 Z0.4124
X1.8592 Y-0.1953 Z0.41
X1.8595 Z0.4078
X1.8602 Y-0.1954 Z0.4058
X1.8614 Y-0.1956 Z0.4039
X1.863 Y-0.1959 Z0.4024
X1.8649 Y-0.1962 Z0.4014
X1.867 Y-0.1965 Z0.4007
X1.8691 Y-0.1968 Z0.4006
X1.9566 Y-0.2107 Z0.741
X2.106 Y-0.2344 Z0.7411
X2.108 Y-0.2347 Z0.7413
X2.11 Y-0.235 Z0.742
X2.112 Y-0.2353 Z0.7427
X2.1141 Y-0.2356 Z0.743
X2.1142 Y-0.2357
X2.1153 Y-0.2361
X2.116 Y-0.2369
X2.1163 Y-0.238
X2.1162 Y-0.2391
X2.1155 Y-0.24
X2.1146 Y-0.2405
X2.1134 Y-0.2406
X2.1114 Y-0.2403 Z0.7427
X2.1094 Y-0.24 Z0.742
X2.1074 Y-0.2398 Z0.7413
X2.1053 Y-0.2395 Z0.7411
X1.955 Y-0.2238 Z0.7409
X1.867 Y-0.2145 Z0.4007
X1.8648 Y-0.2143
X1.8627 Y-0.214 Z0.4013
X1.8608 Y-0.2138 Z0.4024
X1.8592 Y-0.2137 Z0.4039
X1.8579 Y-0.2136 Z0.4057
X1.8572 Y-0.2135 Z0.4078
X1.8569 Y-0.2134 Z0.41
Y-0.2138 Z0.4124
X1.8568 Y-0.2147 Z0.4146
X1.8567 Y-0.2161 Z0.4165
X1.8566 Y-0.218 Z0.4179
X1.8564 Y-0.2202 Z0.4188
X1.8562 Y-0.2226 Z0.4192
X1.8561 Y-0.2249 Z0.4188
X1.8559 Y-0.2271 Z0.4179
X1.8557 Y-0.229 Z0.4165
X1.8556 Y-0.2305 Z0.4146
Y-0.2314 Z0.4124
X1.8555 Y-0.2317 Z0.41
X1.8558 Z0.4078
X1.8566 Y-0.2318 Z0.4058
X1.8578 Z0.4039
X1.8594 Y-0.2319 Z0.4024
X1.8613 Y-0.232 Z0.4014
X1.8634 Y-0.2321 Z0.4007
X1.8656 Y-0.2322 Z0.4006
X1.9539 Y-0.2369 Z0.741
X2.1049 Y-0.2448 Z0.7411
X2.107 Y-0.2449 Z0.7413
X2.109 Y-0.245 Z0.742
X2.111 Y-0.2451 Z0.7427
X2.1131 Y-0.2452 Z0.743
X2.1132
X2.1143 Y-0.2455
X2.1151 Y-0.2463
X2.1156 Y-0.2473
X2.1155 Y-0.2484
X2.115 Y-0.2494
X2.1141 Y-0.25
X2.113 Y-0.2502
X2.1109 Y-0.2501 Z0.7427
X2.1089 Y-0.25 Z0.742
X2.1068 Z0.7413
X2.1047 Z0.7411
X1.9536
X1.8649 Z0.4006
G18 G3 X1.8551 Z0.41 I-0.0004 K0.0094
G1 X1.8552 Y-0.2503 Z0.4123
Y-0.2512 Z0.4145
Y-0.2527 Z0.4164
X1.8553 Y-0.2546 Z0.4179
X1.8554 Y-0.2568 Z0.4188
X1.8555 Y-0.2591 Z0.4191
Y-0.2615 Z0.4188
X1.8556 Y-0.2637 Z0.4179
X1.8557 Y-0.2656 Z0.4164
Y-0.2671 Z0.4145
X1.8558 Y-0.268 Z0.4123
Y-0.2683 Z0.41
X1.856 Z0.4078
X1.8568 Y-0.2682 Z0.4058
X1.8579 Z0.404
X1.8595 Y-0.2681 Z0.4025
X1.8613 Y-0.268 Z0.4014
X1.8634 Y-0.2679 Z0.4007
X1.8656 Y-0.2678 Z0.4006
X1.954 Y-0.2631 Z0.741
X2.1049 Y-0.2552 Z0.7411
X2.107 Y-0.2551 Z0.7413
X2.109 Y-0.255 Z0.742
X2.111 Y-0.2549 Z0.7427
X2.1131 Y-0.2548 Z0.743
X2.1132
X2.1143 Y-0.255
X2.1152 Y-0.2556
X2.1158 Y-0.2566
Y-0.2577
X2.1154 Y-0.2588
X2.1146 Y-0.2595
X2.1135 Y-0.2598
X2.1114 Y-0.2599 Z0.7427
X2.1094 Y-0.26 Z0.742
X2.1074 Y-0.2602 Z0.7413
X2.1053 Y-0.2605 Z0.7411
X1.955 Y-0.2763 Z0.741
X1.867 Y-0.2855 Z0.4006
X1.8648 Y-0.2857 Z0.4007
X1.8627 Y-0.2859 Z0.4014
X1.8609 Y-0.2861 Z0.4025
X1.8593 Y-0.2863 Z0.404
X1.8581 Y-0.2864 Z0.4058
X1.8574 Y-0.2865 Z0.4078
X1.8571 Z0.41
X1.8572 Y-0.2868 Z0.4123
X1.8573 Y-0.2878 Z0.4145
X1.8574 Y-0.2892 Z0.4164
X1.8577 Y-0.2911 Z0.4179
X1.8579 Y-0.2933 Z0.4188
X1.8582 Y-0.2956 Z0.4191
X1.8585 Y-0.298 Z0.4188
X1.8588 Y-0.3002 Z0.4179
X1.859 Y-0.302 Z0.4164
X1.8592 Y-0.3035 Z0.4145
X1.8593 Y-0.3044 Z0.4123
Y-0.3047 Z0.41
X1.8596 Z0.4078
X1.8603 Y-0.3045 Z0.4058
X1.8615 Y-0.3044 Z0.404
X1.8631 Y-0.3041 Z0.4025
X1.8649 Y-0.3038 Z0.4014
X1.867 Y-0.3035 Z0.4007
X1.8691 Y-0.3032 Z0.4006
X1.9567 Y-0.2893 Z0.741
X2.106 Y-0.2656 Z0.7411
X2.108 Y-0.2653 Z0.7413
X2.11 Y-0.265 Z0.742
X2.112 Y-0.2647 Z0.7427
X2.1141 Y-0.2644 Z0.743
X2.1142 Y-0.2643
X2.1153 Y-0.2644
X2.1163 Y-0.265
X2.117 Y-0.2659
X2.1171 Y-0.267
X2.1168 Y-0.268
X2.1161 Y-0.2689
X2.115 Y-0.2693
X2.1129 Y-0.2696 Z0.7427
X2.1109 Y-0.2699 Z0.742
X2.109 Y-0.2704 Z0.7413
X2.1069 Y-0.2708 Z0.7411
X1.959 Y-0.3022 Z0.741
X1.8725 Y-0.3206 Z0.4006
X1.8704 Y-0.3211 Z0.4007
X1.8684 Y-0.3215 Z0.4014
X1.8665 Y-0.3219 Z0.4025
X1.865 Y-0.3222 Z0.404
X1.8638 Y-0.3225 Z0.4058
X1.8631 Y-0.3226 Z0.4078
X1.8628 Y-0.3227 Z0.41
X1.8629 Y-0.323 Z0.4124
X1.8631 Y-0.3239 Z0.4146
X1.8634 Y-0.3253 Z0.4165
X1.8639 Y-0.3271 Z0.4179
X1.8644 Y-0.3293 Z0.4188
X1.8649 Y-0.3316 Z0.4191
X1.8655 Y-0.3339 Z0.4188
X1.866 Y-0.336 Z0.4179
X1.8664 Y-0.3379 Z0.4165
X1.8667 Y-0.3393 Z0.4146
X1.8669 Y-0.3402 Z0.4124
X1.867 Y-0.3405 Z0.41
X1.8672 Y-0.3404 Z0.4078
X1.868 Y-0.3402 Z0.4058
X1.8691 Y-0.3399 Z0.4039
X1.8707 Y-0.3395 Z0.4024
X1.8725 Y-0.339 Z0.4014
X1.8746 Y-0.3385 Z0.4007
X1.8767 Y-0.3379 Z0.4006
X1.9622 Y-0.315 Z0.741
X2.1081 Y-0.2759 Z0.7411
X2.1102 Y-0.2753 Z0.7413
X2.1121 Y-0.2748 Z0.742
X2.1141 Y-0.2743 Z0.7427
X2.1161 Y-0.2737 Z0.743
X2.1162
X2.1173
X2.1184 Y-0.2741
X2.1191 Y-0.275
X2.1194 Y-0.276
X2.1192 Y-0.2771
X2.1185 Y-0.278
X2.1175 Y-0.2786
X2.1155 Y-0.2791 Z0.7427
X2.1135 Y-0.2796 Z0.742
X2.1116 Y-0.2802 Z0.7413
X2.1096 Y-0.2809 Z0.7411
X1.9658 Y-0.3276 Z0.741
X1.8816 Y-0.355 Z0.4006
X1.8795 Y-0.3557 Z0.4007
X1.8775 Y-0.3563 Z0.4014
X1.8757 Y-0.3569 Z0.4024
X1.8742 Y-0.3574 Z0.4039
X1.8731 Y-0.3578 Z0.4058
X1.8723 Y-0.358 Z0.4078
X1.8721 Y-0.3581 Z0.41
X1.8722 Y-0.3584 Z0.4124
X1.8725 Y-0.3592 Z0.4146
X1.873 Y-0.3606 Z0.4165
X1.8736 Y-0.3624 Z0.4179
X1.8743 Y-0.3645 Z0.4189
X1.8751 Y-0.3667 Z0.4192
X1.8759 Y-0.369 Z0.4189
X1.8766 Y-0.371 Z0.4179
X1.8773 Y-0.3728 Z0.4165
X1.8777 Y-0.3742 Z0.4146
X1.8781 Y-0.3751 Z0.4124
X1.8782 Y-0.3754 Z0.41
X1.8784 Y-0.3753 Z0.4078
X1.8791 Y-0.375 Z0.4057
X1.8803 Y-0.3745 Z0.4039
X1.8818 Y-0.374 Z0.4024
X1.8836 Y-0.3733 Z0.4013
X1.8856 Y-0.3725 Z0.4007
X1.8877 Y-0.3717
X1.9703 Y-0.34 Z0.7409
X2.1114 Y-0.2858 Z0.7411
X2.1133 Y-0.2851 Z0.7413
X2.1152 Y-0.2844 Z0.742
X2.1171 Y-0.2836 Z0.7427
X2.1191 Y-0.2829 Z0.743
X2.1192 Y-0.2828
X2.1203 Y-0.2827
X2.1214 Y-0.283
X2.1222 Y-0.2838
X2.1226 Y-0.2848
X2.1225 Y-0.2859
X2.1219 Y-0.2869
X2.121 Y-0.2875
X2.119 Y-0.2883 Z0.7427
X2.1171 Y-0.289 Z0.742
X2.1153 Y-0.2898 Z0.7413
X2.1134 Y-0.2907 Z0.7411
X1.9752 Y-0.3522 Z0.7409
X1.8945 Y-0.3881 Z0.4007
X1.8925 Y-0.389
X1.8905 Y-0.3899 Z0.4013
X1.8888 Y-0.3907 Z0.4024
X1.8873 Y-0.3913 Z0.4039
X1.8862 Y-0.3918 Z0.4057
X1.8855 Y-0.3921 Z0.4078
X1.8852 Y-0.3922 Z0.41
X1.8854 Y-0.3925 Z0.4124
X1.8858 Y-0.3934 Z0.4146
X1.8864 Y-0.3947 Z0.4165
X1.8872 Y-0.3964 Z0.4179
X1.8881 Y-0.3984 Z0.4188
X1.8892 Y-0.4005 Z0.4192
X1.8902 Y-0.4027 Z0.4188
X1.8911 Y-0.4047 Z0.4179
X1.8919 Y-0.4064 Z0.4165
X1.8926 Y-0.4077 Z0.4146
X1.8929 Y-0.4085 Z0.4124
X1.8931 Y-0.4088 Z0.41
X1.8933 Y-0.4087 Z0.4078
X1.894 Y-0.4083 Z0.4058
X1.895 Y-0.4078 Z0.4039
X1.8965 Y-0.4071 Z0.4024
X1.8982 Y-0.4062 Z0.4014
X1.9 Y-0.4052 Z0.4007
X1.902 Y-0.4043 Z0.4006
X1.981 Y-0.364 Z0.7409
X2.1156 Y-0.2954 Z0.7411
X2.1175 Y-0.2944 Z0.7413
X2.1193 Y-0.2935 Z0.742
X2.1211 Y-0.2926 Z0.7427
X2.123 Y-0.2917 Z0.743
X2.1231 Y-0.2916
X2.1242 Y-0.2913
X2.1253 Y-0.2915
X2.1262 Y-0.2922
X2.1267 Y-0.2932
Y-0.2943
X2.1262 Y-0.2954
X2.1254 Y-0.2961
X2.1235 Y-0.297 Z0.7427
X2.1217 Y-0.2979 Z0.742
X2.12 Y-0.2989 Z0.7413
X2.1181 Y-0.3 Z0.7411
X1.9871 Y-0.3756 Z0.7409
X1.9106 Y-0.4198 Z0.4006
X1.9087 Y-0.4209 Z0.4007
X1.9069 Y-0.4219 Z0.4014
X1.9053 Y-0.4229 Z0.4025
X1.9039 Y-0.4237 Z0.404
X1.9029 Y-0.4243 Z0.4058
X1.9023 Y-0.4246 Z0.4078
X1.902 Y-0.4248 Z0.41
X1.9022 Y-0.425 Z0.4124
X1.9027 Y-0.4258 Z0.4146
X1.9034 Y-0.4271 Z0.4165
X1.9044 Y-0.4287 Z0.4179
X1.9055 Y-0.4306 Z0.4189
X1.9067 Y-0.4326 Z0.4192
X1.9079 Y-0.4347 Z0.4189
X1.909 Y-0.4366 Z0.4179
X1.91 Y-0.4382 Z0.4165
X1.9108 Y-0.4394 Z0.4146
X1.9112 Y-0.4402 Z0.4124
X1.9114 Y-0.4405 Z0.41
X1.9116 Y-0.4404 Z0.4078
X1.9122 Y-0.4399 Z0.4057
X1.9133 Y-0.4393 Z0.4039
X1.9146 Y-0.4384 Z0.4024
X1.9163 Y-0.4373 Z0.4013
X1.9181 Y-0.4362 Z0.4007
X1.9199 Y-0.435
X1.9942 Y-0.3867 Z0.7409
X2.1209 Y-0.3045 Z0.7411
X2.1226 Y-0.3033 Z0.7413
X2.1243 Y-0.3022 Z0.742
X2.126 Y-0.3011 Z0.7427
X2.1278 Y-0.3 Z0.743
X2.1279 Y-0.2999
X2.1289 Y-0.2995
X2.13 Y-0.2996
X2.131 Y-0.3002
X2.1316 Y-0.3011
X2.1317 Y-0.3023
X2.1314 Y-0.3033
X2.1306 Y-0.3041
X2.1288 Y-0.3053 Z0.7427
X2.1272 Y-0.3064 Z0.742
X2.1255 Y-0.3075 Z0.7413
X2.1238 Y-0.3088 Z0.7411
X2.0015 Y-0.3977 Z0.7409
X1.9298 Y-0.4497 Z0.4006
X1.9281 Y-0.451 Z0.4007
X1.9264 Y-0.4522 Z0.4014
X1.9249 Y-0.4533 Z0.4025
X1.9236 Y-0.4542 Z0.404
X1.9227 Y-0.4549 Z0.4058
X1.9221 Y-0.4554 Z0.4078
X1.9219 Y-0.4555 Z0.41
X1.922 Y-0.4558 Z0.4124
X1.9226 Y-0.4565 Z0.4146
X1.9235 Y-0.4577 Z0.4165
X1.9246 Y-0.4592 Z0.418
X1.9259 Y-0.4609 Z0.4189
X1.9273 Y-0.4628 Z0.4192
X1.9288 Y-0.4647 Z0.4189
X1.9301 Y-0.4665 Z0.418
X1.9312 Y-0.468 Z0.4165
X1.9321 Y-0.4692 Z0.4146
X1.9327 Y-0.4699 Z0.4124
X1.9328 Y-0.4702 Z0.41
X1.933 Y-0.47 Z0.4078
X1.9336 Y-0.4695 Z0.4057
X1.9346 Y-0.4687 Z0.4039
X1.9359 Y-0.4677 Z0.4024
X1.9374 Y-0.4665 Z0.4013
X1.9391 Y-0.4651 Z0.4007
X1.9408 Y-0.4637
X2.0096 Y-0.408 Z0.7409
X2.127 Y-0.3129 Z0.7411
X2.1287 Y-0.3116 Z0.7413
X2.1302 Y-0.3103 Z0.742
X2.1318 Y-0.3091 Z0.7427
X2.1334 Y-0.3077 Z0.743
X2.1335
X2.1345 Y-0.3072
X2.1356
X2.1367 Y-0.3076
X2.1374 Y-0.3085
X2.1376 Y-0.3096
X2.1374 Y-0.3107
X2.1367 Y-0.3116
X2.135 Y-0.3129 Z0.7427
X2.1335 Y-0.3142 Z0.742
X2.132 Y-0.3155 Z0.7413
X2.1304 Y-0.3169 Z0.7411
X2.018 Y-0.4181 Z0.741
X1.9524 Y-0.4772 Z0.4007
X1.9507 Y-0.4787
X1.9491 Y-0.4802 Z0.4013
X1.9477 Y-0.4814 Z0.4024
X1.9465 Y-0.4825 Z0.4039
X1.9455 Y-0.4834 Z0.4057
X1.945 Y-0.4839 Z0.4078
X1.9448 Y-0.4841 Z0.41
X1.945 Y-0.4843 Z0.4124
X1.9456 Y-0.4849 Z0.4146
X1.9466 Y-0.486 Z0.4165
X1.9479 Y-0.4874 Z0.4179
X1.9495 Y-0.4889 Z0.4189
X1.9511 Y-0.4907 Z0.4192
X1.9528 Y-0.4924 Z0.4189
X1.9543 Y-0.4939 Z0.4179
X1.9556 Y-0.4953 Z0.4165
X1.9566 Y-0.4964 Z0.4146
X1.9573 Y-0.497 Z0.4124
X1.9575 Y-0.4972 Z0.41
X1.9577 Y-0.4971 Z0.4078
X1.9582 Y-0.4965 Z0.4058
X1.959 Y-0.4957 Z0.404
X1.9601 Y-0.4946 Z0.4025
X1.9615 Y-0.4933 Z0.4014
X1.9629 Y-0.4918 Z0.4007
X1.9645 Y-0.4903 Z0.4006
X2.0272 Y-0.4275 Z0.741
X2.134 Y-0.3207 Z0.7411
X2.1355 Y-0.3192 Z0.7413
X2.1369 Y-0.3178 Z0.742
X2.1383 Y-0.3164 Z0.7427
X2.1398 Y-0.3149 Z0.743
X2.1399 Y-0.3148
X2.1409 Y-0.3142
X2.142 Y-0.3141
X2.143 Y-0.3144
X2.1438 Y-0.3152
X2.1442 Y-0.3163
X2.1441 Y-0.3174
X2.1435 Y-0.3183
X2.142 Y-0.3198 Z0.7427
X2.1406 Y-0.3212 Z0.742
X2.1392 Y-0.3227 Z0.7413
X2.1378 Y-0.3243 Z0.7411
X2.0366 Y-0.4367 Z0.741
X1.9775 Y-0.5024 Z0.4007
X1.976 Y-0.504
X1.9746 Y-0.5056 Z0.4013
X1.9733 Y-0.5071 Z0.4024
X1.9722 Y-0.5083 Z0.4039
X1.9714 Y-0.5092 Z0.4057
X1.9708 Y-0.5098 Z0.4078
X1.9707 Y-0.5099 Z0.41
X1.9709 Y-0.5101 Z0.4124
X1.9716 Y-0.5107 Z0.4146
X1.9727 Y-0.5117 Z0.4165
X1.9742 Y-0.5129 Z0.4179
X1.9759 Y-0.5143 Z0.4189
X1.9777 Y-0.5158 Z0.4192
X1.9795 Y-0.5173 Z0.4189
X1.9812 Y-0.5187 Z0.4179
X1.9827 Y-0.52 Z0.4165
X1.9838 Y-0.5209 Z0.4146
X1.9845 Y-0.5215 Z0.4124
X1.9847 Y-0.5217 Z0.41
X1.9849 Y-0.5215 Z0.4078
X1.9854 Y-0.5209 Z0.4058
X1.9861 Y-0.52 Z0.4039
X1.9871 Y-0.5187 Z0.4024
X1.9883 Y-0.5172 Z0.4014
X1.9896 Y-0.5156 Z0.4007
X1.991 Y-0.5139 Z0.4006
X2.0467 Y-0.4451 Z0.741
X2.1418 Y-0.3277 Z0.7411
X2.1431 Y-0.3261 Z0.7413
X2.1444 Y-0.3245 Z0.742
X2.1457 Y-0.3229 Z0.7427
X2.147 Y-0.3213 Z0.743
X2.1471 Y-0.3212
X2.1479 Y-0.3205
X2.149 Y-0.3203
X2.1501 Y-0.3205
X2.151 Y-0.3212
X2.1515 Y-0.3222
Y-0.3234
X2.151 Y-0.3244
X2.1496 Y-0.326 Z0.7427
X2.1484 Y-0.3276 Z0.742
X2.1472 Y-0.3292 Z0.7413
X2.1459 Y-0.3309 Z0.7411
X2.0571 Y-0.4532 Z0.741
X2.005 Y-0.5249 Z0.4006
X2.0037 Y-0.5266 Z0.4007
X2.0025 Y-0.5283 Z0.4014
X2.0014 Y-0.5298 Z0.4025
X2.0005 Y-0.5311 Z0.404
X1.9998 Y-0.5321 Z0.4058
X1.9994 Y-0.5327 Z0.4078
X1.9992 Y-0.5329 Z0.41
X1.9995 Y-0.533 Z0.4123
X2.0002 Y-0.5336 Z0.4145
X2.0014 Y-0.5344 Z0.4164
X2.003 Y-0.5354 Z0.4179
X2.0048 Y-0.5367 Z0.4188
X2.0068 Y-0.538 Z0.4191
X2.0087 Y-0.5393 Z0.4188
X2.0106 Y-0.5406 Z0.4179
X2.0121 Y-0.5416 Z0.4164
X2.0133 Y-0.5424 Z0.4145
X2.0141 Y-0.543 Z0.4123
X2.0144 Y-0.5431 Z0.41
X2.0145 Y-0.5429 Z0.4078
X2.0149 Y-0.5423 Z0.4058
X2.0156 Y-0.5413 Z0.404
X2.0164 Y-0.54 Z0.4025
X2.0174 Y-0.5384 Z0.4014
X2.0186 Y-0.5367 Z0.4007
X2.0197 Y-0.5348 Z0.4006
X2.068 Y-0.4606 Z0.741
X2.1503 Y-0.3339 Z0.7411
X2.1514 Y-0.3321 Z0.7413
X2.1525 Y-0.3304 Z0.742
X2.1536 Y-0.3287 Z0.7427
X2.1548 Y-0.3269 Z0.743
Y-0.3268
X2.1556 Y-0.3261
X2.1567 Y-0.3257
X2.1578 Y-0.3259
X2.1587 Y-0.3265
X2.1593 Y-0.3274
X2.1594 Y-0.3285
X2.159 Y-0.3296
X2.1579 Y-0.3314 Z0.7427
X2.1568 Y-0.333 Z0.742
X2.1558 Y-0.3348 Z0.7413
X2.1547 Y-0.3366 Z0.7411
X2.0792 Y-0.4675 Z0.7409
X2.0349 Y-0.5441 Z0.4006
X2.0338 Y-0.546 Z0.4007
X2.0328 Y-0.5478 Z0.4014
X2.0318 Y-0.5494 Z0.4025
X2.0311 Y-0.5508 Z0.4039
X2.0305 Y-0.5518 Z0.4058
X2.0301 Y-0.5525 Z0.4078
X2.03 Y-0.5527 Z0.41
X2.0302 Y-0.5529 Z0.4123
X2.031 Y-0.5533 Z0.4146
X2.0323 Y-0.554 Z0.4164
X2.034 Y-0.5549 Z0.4179
X2.0359 Y-0.556 Z0.4188
X2.038 Y-0.5571 Z0.4191
X2.0401 Y-0.5583 Z0.4188
X2.042 Y-0.5593 Z0.4179
X2.0436 Y-0.5602 Z0.4164
X2.0449 Y-0.5609 Z0.4146
X2.0457 Y-0.5614 Z0.4123
X2.046 Y-0.5615 Z0.41
X2.0461 Y-0.5613 Z0.4078
X2.0464 Y-0.5606 Z0.4058
X2.047 Y-0.5596 Z0.404
X2.0477 Y-0.5582 Z0.4025
X2.0485 Y-0.5565 Z0.4014
X2.0495 Y-0.5547 Z0.4007
X2.0505 Y-0.5528 Z0.4006
X2.0907 Y-0.4738 Z0.741
X2.1593 Y-0.3391 Z0.7411
X2.1603 Y-0.3372 Z0.7413
X2.1612 Y-0.3354 Z0.742
X2.1621 Y-0.3336 Z0.7427
X2.1631 Y-0.3318 Z0.743
Y-0.3316
X2.1638 Y-0.3308
X2.1649 Y-0.3303
X2.166
X2.167 Y-0.3309
X2.1676 Y-0.3317
X2.1679 Y-0.3328
X2.1676 Y-0.3339
X2.1666 Y-0.3358 Z0.7427
X2.1657 Y-0.3376 Z0.742
X2.1649 Y-0.3394 Z0.7413
X2.1641 Y-0.3414 Z0.7411
X2.1026 Y-0.4794 Z0.7409
X2.0666 Y-0.5603 Z0.4006
X2.0657 Y-0.5622 Z0.4009
X2.0649 Y-0.564 Z0.4016
X2.0642 Y-0.5656 Z0.4027
X2.0636 Y-0.567 Z0.4042
X2.0631 Y-0.568 Z0.4059
X2.0629 Y-0.5686 Z0.4079
X2.0628 Y-0.5688 Z0.41
X2.063 Y-0.5691 Z0.4125
X2.0636 Y-0.5697 Z0.4148
X2.0645 Y-0.5708 Z0.4168
X2.0657 Y-0.5722 Z0.4185
X2.0672 Y-0.5738 Z0.4196
X2.0688 Y-0.5756 Z0.4202
X2.0704 Y-0.5775
X2.072 Y-0.5793 Z0.4196
X2.0735 Y-0.5809 Z0.4185
X2.0747 Y-0.5823 Z0.4168
X2.0756 Y-0.5834 Z0.4148
X2.0762 Y-0.5841 Z0.4125
X2.0764 Y-0.5843 Z0.41
Z0.403
X2.0765 Y-0.584 Z0.4007
X2.0768 Y-0.5833 Z0.3986
X2.0772 Y-0.5821 Z0.3968
X2.0778 Y-0.5805 Z0.3953
X2.0786 Y-0.5787 Z0.3942
X2.0793 Y-0.5766 Z0.3937
X2.0801 Y-0.5745 Z0.3936
X2.0809 Y-0.5725 Z0.3942
X2.0816 Y-0.5706 Z0.3952
X2.0823 Y-0.569 Z0.3967
X2.0827 Y-0.5678 Z0.3985
X2.083 Y-0.5671 Z0.4006
X2.1147 Y-0.4845 Z0.741
X2.1689 Y-0.3434 Z0.7411
X2.1696 Y-0.3414 Z0.7413
X2.1704 Y-0.3395 Z0.742
X2.1711 Y-0.3376 Z0.7427
X2.1718 Y-0.3357 Z0.743
X2.1719 Y-0.3355
X2.1725 Y-0.3346
X2.1735 Y-0.334
X2.1746 Y-0.3339
X2.1756 Y-0.3344
X2.1764 Y-0.3352
X2.1767 Y-0.3362
X2.1766 Y-0.3373
X2.1758 Y-0.3393 Z0.7427
X2.1751 Y-0.3412 Z0.742
X2.1745 Y-0.3431 Z0.7413
X2.1738 Y-0.3451 Z0.7411
X2.1271 Y-0.4888 Z0.741
X2.0997 Y-0.5731 Z0.4007
X2.0995 Y-0.5738 Z0.3988
X2.0992 Y-0.5749 Z0.397
X2.0987 Y-0.5763 Z0.3956
X2.0982 Y-0.578 Z0.3945
X2.0976 Y-0.5798 Z0.3939
X2.0969 Y-0.5818 Z0.3937
X2.0968 Y-0.5822
X2.0966 Y-0.5834
X2.0965 Y-0.5846
X2.0966 Y-0.5858
X2.0968 Y-0.587
X2.0972 Y-0.5881
X2.0977 Y-0.5892
X2.0984 Y-0.5902
X2.0992 Y-0.5911
X2.1 Y-0.5918
X2.101 Y-0.5925 Z0.3936
X2.1021 Y-0.593
X2.1032 Y-0.5934
X2.1044 Y-0.5937
X2.1056
X2.1068
X2.108 Y-0.5934
X2.1091 Y-0.593
X2.1102 Y-0.5925
X2.1112 Y-0.5918
X2.1121 Y-0.5911
X2.1129 Y-0.5902
X2.1135 Y-0.5892
X2.1141 Y-0.5881
X2.1144 Y-0.587
X2.1145 Y-0.5868
X2.115 Y-0.5848 Z0.3939
X2.1155 Y-0.5829 Z0.3945
X2.116 Y-0.5813 Z0.3956
X2.1163 Y-0.5798 Z0.397
X2.1166 Y-0.5787 Z0.3987
X2.1168 Y-0.578 Z0.4007
X2.1397 Y-0.4927 Z0.741
X2.1788 Y-0.3466 Z0.7411
X2.1794 Y-0.3446 Z0.7413
X2.1799 Y-0.3426 Z0.742
X2.1804 Y-0.3407 Z0.7427
X2.181 Y-0.3386 Z0.743
Y-0.3385
X2.1815 Y-0.3375
X2.1824 Y-0.3369
X2.1835 Y-0.3366
X2.1846 Y-0.3369
X2.1855 Y-0.3377
X2.1859 Y-0.3387
Y-0.3398
X2.1853 Y-0.3418 Z0.7427
X2.1848 Y-0.3438 Z0.742
X2.1844 Y-0.3457 Z0.7413
X2.1839 Y-0.3478 Z0.7411
X2.1525 Y-0.4956 Z0.7409
X2.1341 Y-0.5822 Z0.4006
X2.134 Y-0.5829 Z0.3987
X2.1337 Y-0.584 Z0.397
X2.1334 Y-0.5855 Z0.3956
X2.1331 Y-0.5872 Z0.3945
X2.1327 Y-0.5891 Z0.3938
X2.1322 Y-0.5911 Z0.3936
X2.1321 Y-0.5916
Y-0.5917
G17 G3 X2.1397 Y-0.6021 I0.009 J-0.0014
X2.1502 Y-0.5946 I0.0014 J0.009
G1 X2.1505 Y-0.5925 Z0.3938
X2.1508 Y-0.5906 Z0.3945
X2.151 Y-0.5889 Z0.3956
X2.1513 Y-0.5874 Z0.397
X2.1515 Y-0.5863 Z0.3987
X2.1516 Y-0.5856 Z0.4006
X2.1654 Y-0.4981 Z0.741
X2.1891 Y-0.3488 Z0.7411
X2.1894 Y-0.3467 Z0.7413
X2.1897 Y-0.3447 Z0.742
X2.19 Y-0.3427 Z0.7427
X2.1904 Y-0.3406 Z0.743
Y-0.3405
X2.1908 Y-0.3395
X2.1916 Y-0.3387
X2.1927 Y-0.3384
X2.1938 Y-0.3386
X2.1947 Y-0.3392
X2.1953 Y-0.3402
Y-0.3413
X2.195 Y-0.3434 Z0.7427
X2.1947 Y-0.3454 Z0.742
X2.1945 Y-0.3474 Z0.7413
X2.1943 Y-0.3495 Z0.7411
X2.1785 Y-0.4997 Z0.7409
X2.1692 Y-0.5877 Z0.4007
Y-0.5885 Z0.3987
X2.169 Y-0.5896 Z0.397
X2.1689 Y-0.591 Z0.3956
X2.1687 Y-0.5928 Z0.3945
X2.1685 Y-0.5947 Z0.3939
X2.1683 Y-0.5968 Z0.3936
X2.1682 Y-0.5972
Y-0.5973
G3 X2.1865 Y-0.5982 I0.0091 J-0.0005
G1 X2.1866 Y-0.5962 Z0.3939
X2.1867 Y-0.5942 Z0.3945
X2.1868 Y-0.5925 Z0.3956
X2.1869 Y-0.591 Z0.397
Y-0.5899 Z0.3987
Y-0.5892 Z0.4007
X2.1916 Y-0.5009 Z0.7409
X2.1995 Y-0.3499 Z0.7411
X2.1996 Y-0.3478 Z0.7413
X2.1997 Y-0.3458 Z0.742
X2.1998 Y-0.3437 Z0.7427
X2.1999 Y-0.3416 Z0.743
Y-0.3415
X2.2002 Y-0.3404
X2.201 Y-0.3396
X2.202 Y-0.3392
X2.2031
X2.2041 Y-0.3397
X2.2047 Y-0.3407
X2.2049 Y-0.3418
X2.2048 Y-0.3439 Z0.7427
X2.2047 Y-0.3459 Z0.742
Y-0.3479 Z0.7413
Y-0.35 Z0.7411
Y-0.501 Z0.741
Y-0.5898 Z0.4006
G19 G2 Y-0.5988 Z0.3936 J-0.0091 K0.0024
G1 Y-0.5993
G17 G3 X2.2143 Y-0.608 I0.0091 J0.0005
X2.223 Y-0.5984 I-0.0005 J0.0091
G1 Y-0.5982
X2.2229 Y-0.5961 Z0.3938
X2.2228 Y-0.5942 Z0.3945
X2.2227 Y-0.5925 Z0.3956
X2.2226 Y-0.591 Z0.397
X2.2225 Y-0.5899 Z0.3987
Y-0.5891 Z0.4006
Z0.4007
X2.2179 Y-0.5009 Z0.7409
X2.21 Y-0.3499 Z0.7411
X2.2098 Y-0.3478 Z0.7413
X2.2097 Y-0.3458 Z0.742
X2.2096 Y-0.3437 Z0.7427
X2.2095 Y-0.3416 Z0.743
Y-0.3415
X2.2097 Y-0.3404
X2.2104 Y-0.3395
X2.2113 Y-0.339
X2.2125 Y-0.3389
X2.2135 Y-0.3393
X2.2142 Y-0.3402
X2.2145 Y-0.3412
X2.2146 Y-0.3434 Z0.7427
X2.2147 Y-0.3454 Z0.742
X2.215 Y-0.3474 Z0.7413
X2.2152 Y-0.3495 Z0.7411
X2.231 Y-0.4997 Z0.7409
X2.2402 Y-0.5878 Z0.4006
X2.2403 Y-0.5885 Z0.3987
X2.2404 Y-0.5897 Z0.397
X2.2406 Y-0.5911 Z0.3956
X2.2408 Y-0.5929 Z0.3945
X2.241 Y-0.5948 Z0.3938
X2.2412 Y-0.5968 Z0.3936
Y-0.5973
X2.2413 Y-0.5974
G3 X2.2593 Y-0.5945 I0.009 J0.0014
G1 X2.259 Y-0.5925 Z0.3938
X2.2587 Y-0.5906 Z0.3945
X2.2584 Y-0.5889 Z0.3956
X2.2582 Y-0.5874 Z0.397
X2.258 Y-0.5863 Z0.3987
X2.2579 Y-0.5856 Z0.4006
Y-0.5855 Z0.4007
X2.244 Y-0.4981 Z0.741
X2.2204 Y-0.3488 Z0.7411
X2.22 Y-0.3467 Z0.7413
X2.2197 Y-0.3447 Z0.742
X2.2194 Y-0.3427 Z0.7427
X2.2191 Y-0.3406 Z0.743
Y-0.3405
Y-0.3394
X2.2197 Y-0.3384
X2.2206 Y-0.3378
X2.2217 Y-0.3376
X2.2228 Y-0.3379
X2.2236 Y-0.3387
X2.224 Y-0.3397
X2.2243 Y-0.3418 Z0.7427
X2.2247 Y-0.3438 Z0.742
X2.2251 Y-0.3457 Z0.7413
X2.2255 Y-0.3478 Z0.7411
X2.2569 Y-0.4956 Z0.7409
X2.2753 Y-0.5822 Z0.4006
X2.2755 Y-0.5829 Z0.3987
X2.2757 Y-0.584 Z0.397
X2.276 Y-0.5854 Z0.3956
X2.2764 Y-0.5871 Z0.3945
X2.2768 Y-0.589 Z0.3938
X2.2772 Y-0.591 Z0.3936
X2.2773 Y-0.5915
X2.2774 Y-0.5916
X2.2777 Y-0.5927
X2.2783 Y-0.5938
X2.2789 Y-0.5948
X2.2797 Y-0.5957
X2.2806 Y-0.5965
X2.2816 Y-0.5971
X2.2827 Y-0.5977
X2.2838 Y-0.5981
X2.285 Y-0.5983
X2.2862 Y-0.5984
X2.2874 Y-0.5983
X2.2885 Y-0.5981
X2.2897 Y-0.5977
X2.2907 Y-0.5971
X2.2917 Y-0.5965
X2.2926 Y-0.5957
X2.2934 Y-0.5948
X2.2941 Y-0.5938
X2.2946 Y-0.5927
X2.295 Y-0.5916
X2.2952 Y-0.5904
X2.2953 Y-0.5892
X2.2952 Y-0.588
X2.295 Y-0.5869
X2.2945 Y-0.5849 Z0.3939
X2.294 Y-0.583 Z0.3945
X2.2935 Y-0.5813 Z0.3956
X2.2931 Y-0.5799 Z0.397
X2.2928 Y-0.5788 Z0.3987
X2.2926 Y-0.5781 Z0.4006
X2.2697 Y-0.4927 Z0.741
X2.2306 Y-0.3466 Z0.7411
X2.2301 Y-0.3446 Z0.7413
X2.2295 Y-0.3426 Z0.742
X2.229 Y-0.3407 Z0.7427
X2.2285 Y-0.3386 Z0.743
X2.2284 Y-0.3385
Y-0.3374
X2.2288 Y-0.3364
X2.2297 Y-0.3356
X2.2308 Y-0.3353
X2.2319 Y-0.3355
X2.2328 Y-0.3362
X2.2333 Y-0.3372
X2.2338 Y-0.3392 Z0.7427
X2.2344 Y-0.3412 Z0.742
X2.235 Y-0.3431 Z0.7413
X2.2356 Y-0.3451 Z0.7411
X2.2823 Y-0.4888 Z0.741
X2.3097 Y-0.5731 Z0.4006
X2.3099 Y-0.5738 Z0.3987
X2.3103 Y-0.5749 Z0.397
X2.3107 Y-0.5763 Z0.3955
X2.3113 Y-0.5779 Z0.3945
X2.3119 Y-0.5798 Z0.3938
X2.3125 Y-0.5817 Z0.3936
X2.3127 Y-0.5822
G3 X2.3297 Y-0.5756 I0.0085 J0.0033
G1 Y-0.5755
X2.3289 Y-0.5736 Z0.3938
X2.3282 Y-0.5718 Z0.3945
X2.3276 Y-0.5701 Z0.3955
X2.3271 Y-0.5688 Z0.397
X2.3267 Y-0.5677 Z0.3987
X2.3264 Y-0.567 Z0.4006
Z0.4007
X2.2947 Y-0.4845 Z0.741
X2.2406 Y-0.3434 Z0.7411
X2.2398 Y-0.3414 Z0.7413
X2.2391 Y-0.3395 Z0.742
X2.2384 Y-0.3376 Z0.7427
X2.2376 Y-0.3357 Z0.743
Y-0.3355
X2.2374 Y-0.3344
X2.2377 Y-0.3334
X2.2385 Y-0.3326
X2.2395 Y-0.3322
X2.2407
X2.2416 Y-0.3328
X2.2422 Y-0.3337
X2.243 Y-0.3357 Z0.7427
X2.2437 Y-0.3376 Z0.742
X2.2445 Y-0.3394 Z0.7413
X2.2454 Y-0.3414 Z0.7411
X2.3069 Y-0.4794 Z0.7409
X2.3429 Y-0.5603 Z0.4007
X2.3432 Y-0.561 Z0.3987
X2.3437 Y-0.562 Z0.397
X2.3443 Y-0.5634 Z0.3956
X2.345 Y-0.565 Z0.3945
X2.3458 Y-0.5668 Z0.3939
X2.3466 Y-0.5686 Z0.3936
X2.3468 Y-0.5691
G3 X2.3631 Y-0.5608 I0.0081 J0.0041
G1 Y-0.5607
X2.3621 Y-0.5589 Z0.3939
X2.3612 Y-0.5572 Z0.3945
X2.3604 Y-0.5556 Z0.3956
X2.3598 Y-0.5543 Z0.397
X2.3593 Y-0.5533 Z0.3987
X2.3589 Y-0.5526 Z0.4007
X2.3187 Y-0.4738 Z0.741
X2.2501 Y-0.3391 Z0.7411
X2.2492 Y-0.3372 Z0.7413
X2.2483 Y-0.3354 Z0.742
X2.2473 Y-0.3336 Z0.7427
X2.2464 Y-0.3318 Z0.743
X2.2463 Y-0.3316
X2.246 Y-0.3306
X2.2463 Y-0.3295
X2.2469 Y-0.3286
X2.2479 Y-0.3281
X2.2491 Y-0.328
X2.2501 Y-0.3285
X2.2508 Y-0.3294
X2.2518 Y-0.3312 Z0.7427
X2.2527 Y-0.333 Z0.742
X2.2537 Y-0.3348 Z0.7413
X2.2547 Y-0.3366 Z0.7411
X2.3303 Y-0.4675 Z0.7409
X2.3745 Y-0.5441 Z0.4007
Z0.4006
X2.3749 Y-0.5447 Z0.3987
X2.3754 Y-0.5457 Z0.397
X2.3762 Y-0.547 Z0.3956
X2.3771 Y-0.5485 Z0.3945
X2.378 Y-0.5502 Z0.3938
X2.3791 Y-0.5519 Z0.3936
X2.3793 Y-0.5524
X2.3794 Y-0.5525
G3 X2.3947 Y-0.5425 I0.0077 J0.005
G1 X2.3936 Y-0.5408 Z0.3938
X2.3925 Y-0.5392 Z0.3945
X2.3916 Y-0.5377 Z0.3956
X2.3908 Y-0.5365 Z0.397
X2.3902 Y-0.5356 Z0.3987
X2.3898 Y-0.5349 Z0.4006
X2.3415 Y-0.4606 Z0.741
X2.2592 Y-0.3339 Z0.7411
X2.258 Y-0.3321 Z0.7413
X2.2569 Y-0.3304 Z0.742
X2.2558 Y-0.3287 Z0.7427
X2.2547 Y-0.3269 Z0.743
X2.2546 Y-0.3268
X2.2542 Y-0.3258
X2.2543 Y-0.3247
X2.2549 Y-0.3237
X2.2559 Y-0.3231
X2.257 Y-0.323
X2.258 Y-0.3233
X2.2588 Y-0.3241
X2.26 Y-0.3259 Z0.7427
X2.2611 Y-0.3276 Z0.742
X2.2623 Y-0.3292 Z0.7413
X2.2635 Y-0.3309 Z0.7411
X2.3523 Y-0.4532 Z0.741
X2.4044 Y-0.5248 Z0.4006
X2.4048 Y-0.5254 Z0.3987
X2.4055 Y-0.5263 Z0.397
X2.4063 Y-0.5275 Z0.3956
X2.4074 Y-0.5289 Z0.3945
X2.4085 Y-0.5305 Z0.3938
X2.4097 Y-0.5321 Z0.3936
X2.41 Y-0.5325
X2.4108 Y-0.5334
X2.4117 Y-0.5342
X2.4127 Y-0.5348
X2.4138 Y-0.5353
X2.415 Y-0.5356
X2.4161 Y-0.5359
X2.4173
X2.4185 Y-0.5358
X2.4197 Y-0.5355
X2.4208 Y-0.5351
X2.4219 Y-0.5346
X2.4228 Y-0.5339
X2.4237 Y-0.5331
X2.4245 Y-0.5321
X2.4251 Y-0.5311
X2.4256 Y-0.53
X2.426 Y-0.5289
X2.4262 Y-0.5277
Y-0.5265
X2.4261 Y-0.5253
X2.4259 Y-0.5242
X2.4254 Y-0.5231
X2.4249 Y-0.522
X2.4242 Y-0.521
X2.4241
X2.4229 Y-0.5194 Z0.3939
X2.4216 Y-0.5179 Z0.3945
X2.4205 Y-0.5165 Z0.3956
X2.4196 Y-0.5154 Z0.397
X2.4189 Y-0.5145 Z0.3987
X2.4184 Y-0.5139 Z0.4006
X2.3627 Y-0.4451 Z0.741
X2.2677 Y-0.3277 Z0.7411
X2.2663 Y-0.3261 Z0.7413
X2.2651 Y-0.3245 Z0.742
X2.2638 Y-0.3229 Z0.7427
X2.2625 Y-0.3213 Z0.743
X2.2624 Y-0.3212
X2.2619 Y-0.3202
Y-0.3191
X2.2624 Y-0.3181
X2.2632 Y-0.3174
X2.2643 Y-0.3171
X2.2654 Y-0.3174
X2.2663 Y-0.318
X2.2676 Y-0.3197 Z0.7427
X2.2689 Y-0.3212 Z0.742
X2.2702 Y-0.3227 Z0.7413
X2.2716 Y-0.3243 Z0.7411
X2.3728 Y-0.4367 Z0.741
X2.4321 Y-0.5025 Z0.4006
X2.4326 Y-0.503 Z0.3987
X2.4333 Y-0.5039 Z0.397
X2.4343 Y-0.505 Z0.3956
X2.4355 Y-0.5063 Z0.3945
X2.4368 Y-0.5077 Z0.3938
X2.4381 Y-0.5092 Z0.3936
X2.4385 Y-0.5096
G3 X2.4514 I0.0065 J0.0065
Y-0.4967 I-0.0065 J0.0065
G1 X2.4513 Y-0.4966
X2.4499 Y-0.4951 Z0.3938
X2.4485 Y-0.4938 Z0.3945
X2.4472 Y-0.4925 Z0.3956
X2.4462 Y-0.4915 Z0.397
X2.4454 Y-0.4907 Z0.3987
X2.4449 Y-0.4902 Z0.4006
X2.3823 Y-0.4275 Z0.741
X2.2754 Y-0.3207 Z0.7411
X2.2739 Y-0.3192 Z0.7413
X2.2725 Y-0.3178 Z0.742
X2.2711 Y-0.3164 Z0.7427
X2.2696 Y-0.3149 Z0.743
X2.2695 Y-0.3148
X2.2689 Y-0.3138
X2.2688 Y-0.3127
X2.2692 Y-0.3117
X2.2699 Y-0.3109
X2.271 Y-0.3105
X2.2721 Y-0.3106
X2.2731 Y-0.3112
X2.2746 Y-0.3127 Z0.7427
X2.276 Y-0.3142 Z0.742
X2.2775 Y-0.3155 Z0.7413
X2.279 Y-0.3169 Z0.7411
X2.3914 Y-0.4181 Z0.741
X2.4571 Y-0.4772 Z0.4007
Z0.4006
X2.4576 Y-0.4777 Z0.3987
X2.4585 Y-0.4785 Z0.397
X2.4596 Y-0.4795 Z0.3955
X2.4609 Y-0.4806 Z0.3945
X2.4623 Y-0.4819 Z0.3938
X2.4638 Y-0.4833 Z0.3936
X2.4642 Y-0.4836
X2.4643 Y-0.4837
G3 X2.4758 Y-0.4695 I0.0057 J0.0071
G1 X2.4743 Y-0.4683 Z0.3938
X2.4727 Y-0.467 Z0.3945
X2.4714 Y-0.4659 Z0.3956
X2.4702 Y-0.465 Z0.397
X2.4694 Y-0.4643 Z0.3987
X2.4688 Y-0.4638 Z0.4006
X2.3998 Y-0.408 Z0.7409
X2.2824 Y-0.3129 Z0.7411
X2.2808 Y-0.3116 Z0.7413
X2.2792 Y-0.3103 Z0.742
X2.2777 Y-0.3091 Z0.7427
X2.276 Y-0.3077 Z0.743
X2.2759
X2.2752 Y-0.3068
X2.275 Y-0.3057
X2.2753 Y-0.3046
X2.276 Y-0.3037
X2.277 Y-0.3033
X2.2781
X2.2791 Y-0.3038
X2.2807 Y-0.3051 Z0.7427
X2.2823 Y-0.3064 Z0.742
X2.2839 Y-0.3075 Z0.7413
X2.2856 Y-0.3088 Z0.7411
X2.408 Y-0.3977 Z0.7409
X2.4795 Y-0.4496 Z0.4007
X2.4801 Y-0.45 Z0.3987
X2.481 Y-0.4507 Z0.397
X2.4822 Y-0.4516 Z0.3956
X2.4836 Y-0.4526 Z0.3945
X2.4852 Y-0.4537 Z0.3939
X2.4868 Y-0.4549 Z0.3936
X2.4872 Y-0.4552
G3 X2.4972 Y-0.4399 I0.005 J0.0077
G1 X2.4954 Y-0.4388 Z0.3939
X2.4938 Y-0.4377 Z0.3945
X2.4923 Y-0.4368 Z0.3956
X2.4911 Y-0.436 Z0.397
X2.4902 Y-0.4354 Z0.3987
X2.4895 Y-0.435 Z0.4007
X2.4153 Y-0.3867 Z0.7409
X2.2886 Y-0.3045 Z0.7411
X2.2868 Y-0.3033 Z0.7413
X2.2851 Y-0.3022 Z0.742
X2.2835 Y-0.3011 Z0.7427
X2.2817 Y-0.3 Z0.743
X2.2816 Y-0.2999
X2.2808 Y-0.2991
X2.2804 Y-0.298
X2.2806 Y-0.2969
X2.2812 Y-0.296
X2.2821 Y-0.2954
X2.2833 Y-0.2953
X2.2843 Y-0.2957
X2.2861 Y-0.2968 Z0.7427
X2.2878 Y-0.2979 Z0.742
X2.2895 Y-0.2989 Z0.7413
X2.2913 Y-0.3 Z0.7411
X2.4223 Y-0.3756 Z0.7409
X2.499 Y-0.4199 Z0.4006
X2.4996 Y-0.4203 Z0.3987
X2.5006 Y-0.4208 Z0.397
X2.5019 Y-0.4216 Z0.3956
X2.5034 Y-0.4224 Z0.3945
X2.5051 Y-0.4234 Z0.3939
X2.5068 Y-0.4244 Z0.3936
X2.5073 Y-0.4247
X2.5084 Y-0.4251
X2.5095 Y-0.4255
X2.5107 Y-0.4256
X2.5119
X2.5131 Y-0.4255
X2.5142 Y-0.4252
X2.5153 Y-0.4248
X2.5164 Y-0.4242
X2.5173 Y-0.4235
X2.5182 Y-0.4226
X2.5189 Y-0.4217
X2.5196 Y-0.4207
X2.52 Y-0.4196
X2.5203 Y-0.4184
X2.5205 Y-0.4172
Y-0.416
X2.5204 Y-0.4149
X2.5201 Y-0.4137
X2.5197 Y-0.4126
X2.5191 Y-0.4115
X2.5184 Y-0.4106
X2.5175 Y-0.4097
X2.5166 Y-0.409
X2.5156 Y-0.4084
X2.5154 Y-0.4083
X2.5136 Y-0.4074 Z0.3938
X2.5118 Y-0.4065 Z0.3945
X2.5103 Y-0.4057 Z0.3956
X2.509 Y-0.405 Z0.397
X2.508 Y-0.4045 Z0.3987
X2.5073 Y-0.4042 Z0.4006
X2.4284 Y-0.364 Z0.7409
X2.2938 Y-0.2954 Z0.7411
X2.2919 Y-0.2944 Z0.7413
X2.2902 Y-0.2935 Z0.742
X2.2884 Y-0.2926 Z0.7427
X2.2865 Y-0.2917 Z0.743
X2.2864 Y-0.2916
X2.2855 Y-0.2909
X2.285 Y-0.2899
X2.2851 Y-0.2887
X2.2856 Y-0.2878
X2.2865 Y-0.2871
X2.2876 Y-0.2869
X2.2886 Y-0.2871
X2.2905 Y-0.2881 Z0.7427
X2.2923 Y-0.289 Z0.742
X2.2941 Y-0.2898 Z0.7413
X2.2961 Y-0.2907 Z0.7411
X2.4343 Y-0.3522 Z0.7409
X2.515 Y-0.3881 Z0.4006
X2.5157 Y-0.3884 Z0.3987
X2.5167 Y-0.3889 Z0.397
X2.5181 Y-0.3895 Z0.3955
X2.5197 Y-0.3902 Z0.3945
X2.5214 Y-0.391 Z0.3938
X2.5233 Y-0.3918 Z0.3936
X2.5237 Y-0.392
X2.5238 Y-0.3921
X2.525 Y-0.3924
X2.5262 Y-0.3926
X2.5273 Y-0.3927
X2.5285 Y-0.3926
X2.5297 Y-0.3923
X2.5308 Y-0.3919
X2.5319 Y-0.3913
X2.5329 Y-0.3906
X2.5337 Y-0.3898
X2.5345 Y-0.3889
X2.5351 Y-0.3879
X2.5356 Y-0.3868
X2.536 Y-0.3857
X2.5362 Y-0.3845
Y-0.3833
X2.5361 Y-0.3821
X2.5359 Y-0.3809 Z0.3937
X2.5355 Y-0.3798
X2.5349 Y-0.3788
X2.5342 Y-0.3778
X2.5334 Y-0.3769
X2.5325 Y-0.3761
X2.5315 Y-0.3755
X2.5304 Y-0.375
X2.5285 Y-0.3743 Z0.3939
X2.5267 Y-0.3736 Z0.3946
X2.525 Y-0.373 Z0.3956
X2.5237 Y-0.3724 Z0.397
X2.5226 Y-0.372 Z0.3988
X2.5219 Y-0.3718 Z0.4007
X2.4391 Y-0.34 Z0.7409
X2.2981 Y-0.2858 Z0.7411
X2.2961 Y-0.2851 Z0.7413
X2.2942 Y-0.2844 Z0.742
X2.2924 Y-0.2836 Z0.7427
X2.2904 Y-0.2829 Z0.743
X2.2903 Y-0.2828
X2.2893 Y-0.2822
X2.2888 Y-0.2812
X2.2887 Y-0.2801
X2.2891 Y-0.2791
X2.2899 Y-0.2783
X2.291 Y-0.278
X2.2921 Y-0.2781
X2.294 Y-0.2789 Z0.7427
X2.2959 Y-0.2796 Z0.742
X2.2978 Y-0.2802 Z0.7413
X2.2998 Y-0.2809 Z0.7411
X2.4437 Y-0.3276 Z0.741
X2.5277 Y-0.3549 Z0.4006
X2.5284 Y-0.3552 Z0.3987
X2.5295 Y-0.3555 Z0.397
X2.5309 Y-0.356 Z0.3955
X2.5325 Y-0.3565 Z0.3945
X2.5344 Y-0.3571 Z0.3938
X2.5363 Y-0.3577 Z0.3936
X2.5368 Y-0.3579
X2.538 Y-0.3581
X2.5392 Y-0.3582
X2.5404 Y-0.3581
X2.5416 Y-0.3579
X2.5427 Y-0.3575
X2.5438 Y-0.357
X2.5448 Y-0.3563
X2.5457 Y-0.3555
X2.5464 Y-0.3546
X2.5471 Y-0.3536
X2.5476 Y-0.3526
X2.548 Y-0.3514
X2.5483 Y-0.3503
Y-0.3491
Y-0.3479
X2.548 Y-0.3467
X2.5476 Y-0.3456
X2.5471 Y-0.3445
X2.5464 Y-0.3435
X2.5457 Y-0.3426
X2.5448 Y-0.3418
X2.5438 Y-0.3412
X2.5427 Y-0.3406
X2.5416 Y-0.3403
X2.5396 Y-0.3397 Z0.3939
X2.5377 Y-0.3392 Z0.3945
X2.536 Y-0.3388 Z0.3956
X2.5346 Y-0.3384 Z0.397
X2.5335 Y-0.3381 Z0.3987
X2.5328 Y-0.3379 Z0.4006
X2.4472 Y-0.315 Z0.741
X2.3013 Y-0.2759 Z0.7411
X2.2993 Y-0.2753 Z0.7413
X2.2973 Y-0.2748 Z0.742
X2.2954 Y-0.2743 Z0.7427
X2.2934 Y-0.2737 Z0.743
X2.2932
X2.2922 Y-0.2732
X2.2916 Y-0.2723
X2.2914 Y-0.2712
X2.2917 Y-0.2701
X2.2924 Y-0.2693
X2.2934 Y-0.2688
X2.2945 Y-0.2689
X2.2966 Y-0.2694 Z0.7427
X2.2985 Y-0.2699 Z0.742
X2.3005 Y-0.2704 Z0.7413
X2.3025 Y-0.2708 Z0.7411
X2.4504 Y-0.3022 Z0.741
X2.537 Y-0.3206 Z0.4006
X2.5378 Y-0.3208 Z0.3987
X2.5389 Y-0.321 Z0.397
X2.5403 Y-0.3213 Z0.3956
X2.542 Y-0.3217 Z0.3945
X2.5439 Y-0.3221 Z0.3938
X2.5459 Y-0.3225 Z0.3936
X2.5464 Y-0.3226
G3 X2.5569 Y-0.315 I0.0014 J0.009
X2.5493 Y-0.3046 I-0.009 J0.0014
G1 X2.5491 Y-0.3045
X2.5471 Y-0.3042 Z0.3938
X2.5452 Y-0.3039 Z0.3945
X2.5434 Y-0.3036 Z0.3956
X2.542 Y-0.3034 Z0.397
X2.5409 Y-0.3032 Z0.3987
X2.5401 Y-0.3031 Z0.4006
X2.4527 Y-0.2893 Z0.741
X2.3035 Y-0.2656 Z0.7411
X2.3014 Y-0.2653 Z0.7413
X2.2994 Y-0.265 Z0.742
X2.2974 Y-0.2647 Z0.7427
X2.2953 Y-0.2644 Z0.743
X2.2952 Y-0.2643
X2.2942 Y-0.2639
X2.2934 Y-0.2631
X2.2931 Y-0.262
X2.2933 Y-0.2609
X2.2939 Y-0.26
X2.2949 Y-0.2595
X2.296 Y-0.2594
X2.2981 Y-0.2597 Z0.7427
X2.3001 Y-0.26 Z0.742
X2.3021 Y-0.2602 Z0.7413
X2.3042 Y-0.2605 Z0.7411
X2.4545 Y-0.2763 Z0.741
X2.5426 Y-0.2855 Z0.4006
X2.5433 Y-0.2856 Z0.3987
X2.5444 Y-0.2857 Z0.397
X2.5459 Y-0.2859 Z0.3956
X2.5476 Y-0.286 Z0.3945
X2.5495 Y-0.2862 Z0.3938
X2.5516 Y-0.2865 Z0.3936
X2.5521
G3 X2.5617 Y-0.2779 I0.0005 J0.0091
X2.553 Y-0.2683 I-0.0091 J0.0005
G1 X2.551 Y-0.2681 Z0.3938
X2.5491 Y-0.268 Z0.3945
X2.5473 Z0.3956
X2.5458 Y-0.2679 Z0.397
X2.5447 Y-0.2678 Z0.3987
X2.544 Z0.4006
Z0.4007
X2.4555 Y-0.2631 Z0.741
X2.3046 Y-0.2552 Z0.7411
X2.3013 Y-0.2551 Z0.7413
X2.2982 Y-0.2549 Z0.7422
X2.2952 Y-0.2547 Z0.7436
X2.2926 Y-0.2546 Z0.7454
X2.2902 Y-0.2545 Z0.7478
X2.2884 Y-0.2544 Z0.7504
X2.287 Y-0.2543 Z0.7534
X2.2862 Z0.7565
X2.2859 Z0.7598
G0 Z1.36
G53 G0 Z-0.6
(ADAPTIVE3)
G55
G0 X2.1549 Y0.1356
G43 Z1.36 H32
G0 Z0.4375
G1 Z0.4188 F80.
X2.1552 Y0.1355 Z0.4155
X2.1559 Y0.1351 Z0.4123
X2.1572 Y0.1345 Z0.4094
X2.1589 Y0.1337 Z0.4067
X2.161 Y0.1327 Z0.4044
X2.1634 Y0.1316 Z0.4025
X2.166 Y0.1303 Z0.4011
X2.1689 Y0.129 Z0.4003
X2.1718 Y0.1276 Z0.4
G3 X2.2692 Y0.0937 I0.205 J0.4326
G1 X2.2806 Y0.0913
X2.2837 Y0.0906
X2.2935 Y0.089
G3 X2.3167 Y0.0864 I0.0458 J0.2965
X2.3664 Y0.0843 I0.058 J0.817
X2.4658 Y0.0837 I0.0845 J5.7113
G1 X2.4757 Y0.0828
X2.4854 Y0.0808
X2.4949 Y0.0777
X2.504 Y0.0737
X2.5127 Y0.0689
X2.5209 Y0.0632
X2.5285 Y0.0569
X2.5356 Y0.0499
X2.5421 Y0.0424
X2.548 Y0.0344
X2.5534 Y0.026
X2.5581 Y0.0173
X2.5623 Y0.0083
X2.566 Y-0.001
X2.5691 Y-0.0104
X2.5718 Y-0.02
X2.5741 Y-0.0297
X2.576 Y-0.0394
X2.5775 Y-0.0492
G2 X2.5813 Y-0.0888 I-0.4663 J-0.0646
X2.5831 Y-0.1485 I-1.2738 J-0.0686
X2.5836 Y-0.2479 I-7.6877 J-0.0843
G1 Y-0.2777
Y-0.3274
Y-0.4666
X2.5826 Y-0.4765
X2.5805 Y-0.4862
X2.5774 Y-0.4957
X2.5733 Y-0.5048
X2.5684 Y-0.5134
X2.5627 Y-0.5215
X2.5563 Y-0.5292
X2.5493 Y-0.5362
X2.5417 Y-0.5427
X2.5337 Y-0.5485
X2.5253 Y-0.5538
X2.5165 Y-0.5585
X2.5075 Y-0.5627
X2.4982 Y-0.5663
X2.4888 Y-0.5694
X2.4792 Y-0.572
X2.4695 Y-0.5743
X2.4597 Y-0.5761
X2.4499 Y-0.5777
G2 X2.4103 Y-0.5814 I-0.0645 J0.4736
X2.3507 Y-0.5832 I-0.0686 J1.2991
G1 X2.3407 Y-0.5833
X2.3308 Y-0.5834
X2.322 Y-0.5835
X2.3139 Y-0.5839
X2.3059 Y-0.5851
X2.298 Y-0.587
G2 X2.2806 Y-0.5913 I-0.0522 J0.1739
G1 X2.2789 Y-0.5917
X2.2788
G2 X2.251 Y-0.6009 Z0.404 I-0.0716 J0.1699
G1 X2.2498 Y-0.6012
X2.2482 Y-0.6015 F280.
X2.2463 Y-0.6019
X2.2443 Y-0.602
X2.1754 Y-0.603
X2.1734 Y-0.6029
X2.1714 Y-0.6027
X2.1699 Y-0.6023
X2.1687 Y-0.6021 F80.
G2 X2.1406 Y-0.5937 Z0.4 I0.0385 J0.1803
G1 X2.1405
X2.1345 Y-0.5925
X2.1289 Y-0.5914
X2.1258 Y-0.5907
X2.116 Y-0.589
G3 X2.0929 Y-0.5864 I-0.0458 J-0.296
X2.0432 Y-0.5843 I-0.0579 J-0.8154
X1.9537 Y-0.5838 I-0.0789 J-5.146
G1 X1.9338 Y-0.5837
X1.904
X1.8543
X1.6455
X0.154
X0.0346
X0.0247 Y-0.5828
X0.015 Y-0.5808
X0.0055 Y-0.5778
X-0.0036 Y-0.5739
X-0.0123 Y-0.569
X-0.0205 Y-0.5634
X-0.0282 Y-0.5571
X-0.0353 Y-0.5502
X-0.0419 Y-0.5427
X-0.0478 Y-0.5347
X-0.0532 Y-0.5263
X-0.0579 Y-0.5176
X-0.0621 Y-0.5086
X-0.0658 Y-0.4994
X-0.069 Y-0.4899
X-0.0717 Y-0.4804
X-0.074 Y-0.4707
X-0.0759 Y-0.4609
X-0.0775 Y-0.4511
G2 X-0.0813 Y-0.4115 I0.4626 J0.0647
X-0.0831 Y-0.3519 I1.2615 J0.0686
X-0.0836 Y-0.2525 I7.6057 J0.0843
G1 Y-0.2227
Y-0.1729
Y-0.0337
X-0.0827 Y-0.0238
X-0.0806 Y-0.0141
X-0.0775 Y-0.0047
X-0.0735 Y0.0044
X-0.0686 Y0.0131
X-0.0629 Y0.0213
X-0.0565 Y0.0289
X-0.0495 Y0.036
X-0.042 Y0.0424
X-0.034 Y0.0483
X-0.0256 Y0.0536
X-0.0168 Y0.0584
X-0.0078 Y0.0625
X0.0015 Y0.0661
X0.0109 Y0.0693
X0.0205 Y0.0719
X0.0302 Y0.0742
X0.0399 Y0.0761
X0.0497 Y0.0776
G2 X0.0893 Y0.0814 I0.0645 J-0.4704
X0.149 Y0.0832 I0.0686 J-1.2881
X0.2484 Y0.0836 I0.0845 J-7.7828
G1 X0.2782 Y0.0837
X0.3279
X0.5368
X1.1035
X2.0878
X2.0958 Y0.084
X2.1036 Y0.0851
X2.1114 Y0.0869
G2 X2.1289 Y0.0914 I0.0629 J-0.2101
G1 X2.129
G2 X2.1567 Y0.1011 Z0.404 I0.0764 J-0.175
G1 X2.1579 Y0.1014
X2.1605 Y0.102 F280.
X2.1628 Y0.1024
X2.165 Y0.1026
X2.2477 Y0.1022
X2.2499 Y0.102
X2.2522 Y0.1016
X2.2548 Y0.1009
X2.256 Y0.1006 F80.
G2 X2.2836 Y0.0907 Z0.4 I-0.0506 J-0.1841
G1 X2.2837 Y0.0906
G2 X2.2974 Y0.0872 I-0.0307 J-0.1503
G1 X2.3087 Y0.0838
X2.3163 Y0.082
X2.324 Y0.0804
X2.3317 Y0.0792
G3 X2.3667 Y0.0759 I0.0549 J0.3963
X2.4263 Y0.0742 I0.0683 J1.3427
G1 X2.4362 Y0.0737
X2.4461 Y0.0724
X2.4558 Y0.0704
X2.4654 Y0.0676
X2.4747 Y0.064
X2.4836 Y0.0597
X2.4922 Y0.0548
X2.5004 Y0.0491
X2.5082 Y0.0429
X2.5154 Y0.0361
X2.5222 Y0.0288
X2.5285 Y0.0211
X2.5343 Y0.013
X2.5395 Y0.0046
X2.5442 Y-0.0042
X2.5485 Y-0.0132
X2.5523 Y-0.0224
X2.5556 Y-0.0317
X2.5585 Y-0.0412
X2.561 Y-0.0509
X2.5632 Y-0.0606
X2.5651 Y-0.0703
G2 X2.5699 Y-0.1098 I-0.4341 J-0.0734
X2.5727 Y-0.1694 I-0.9816 J-0.0754
X2.5735 Y-0.2589 I-4.2116 J-0.0842
X2.5736 Y-0.3682 I-28.1475 J-0.0867
G1 Y-0.4279
X2.5731 Y-0.4378
X2.5717 Y-0.4477
X2.5696 Y-0.4574
X2.5667 Y-0.4669
X2.563 Y-0.4761
X2.5586 Y-0.4851
X2.5536 Y-0.4936
X2.5478 Y-0.5017
X2.5415 Y-0.5094
X2.5347 Y-0.5166
X2.5273 Y-0.5233
X2.5195 Y-0.5295
X2.5114 Y-0.5352
X2.5029 Y-0.5403
X2.4941 Y-0.545
X2.4851 Y-0.5492
X2.4758 Y-0.5529
X2.4664 Y-0.5561
X2.4569 Y-0.559
X2.4473 Y-0.5615
X2.4376 Y-0.5636
G2 X2.3982 Y-0.5692 I-0.0751 J0.3841
X2.3538 Y-0.572 I-0.071 J0.7634
G1 X2.3445 Y-0.573
X2.3353 Y-0.5749
X2.3264 Y-0.5778
G2 X2.3087 Y-0.5838 I-0.0669 J0.1669
G1 X2.298 Y-0.587
X2.2979
G2 X2.2709 Y-0.5985 Z0.404 I-0.0898 J0.1731
G1 X2.2698 Y-0.5989
X2.2665 Y-0.6 F280.
X2.2639 Y-0.6006
X2.2613 Y-0.6008
X2.1631 Y-0.603
X2.1605 Y-0.6028
X2.1579 Y-0.6023
X2.1545 Y-0.6014
X2.1534 Y-0.6011 F80.
G2 X2.1259 Y-0.5907 Z0.4 I0.0548 J0.1871
G1 X2.1258
X2.1233 Y-0.5901
G2 X2.1009 Y-0.5839 I0.1453 J0.5683
G3 X2.074 Y-0.5787 I-0.049 J-0.1797
X2.0367 Y-0.5756 I-0.0552 J-0.4373
X1.9672 Y-0.574 I-0.0734 J-1.7317
X1.8379 Y-0.5737 I-0.106 J-15.2483
G1 X1.7782
X1.3606
X0.1276
X0.0779
X0.068 Y-0.5735
X0.0581 Y-0.5726
X0.0483 Y-0.5709
X0.0386 Y-0.5685
X0.0292 Y-0.5653
X0.0201 Y-0.5613
X0.0113 Y-0.5566
X0.003 Y-0.5512
X-0.005 Y-0.5453
X-0.0125 Y-0.5387
X-0.0195 Y-0.5316
X-0.0259 Y-0.5241
X-0.0319 Y-0.5162
X-0.0374 Y-0.5079
X-0.0423 Y-0.4992
X-0.0468 Y-0.4903
X-0.0508 Y-0.4812
X-0.0543 Y-0.4719
X-0.0574 Y-0.4625
X-0.06 Y-0.4529
X-0.0623 Y-0.4432
X-0.0643 Y-0.4335
G2 X-0.0696 Y-0.3941 I0.407 J0.0741
X-0.0726 Y-0.3345 I0.9083 J0.0759
X-0.0735 Y-0.245 I3.843 J0.0843
X-0.0736 Y-0.1356 I25.6399 J0.0868
G1 Y-0.076
X-0.0734 Y-0.066
X-0.0723 Y-0.0561
X-0.0705 Y-0.0464
X-0.0679 Y-0.0368
X-0.0645 Y-0.0274
X-0.0604 Y-0.0184
X-0.0556 Y-0.0097
X-0.0501 Y-0.0014
X-0.044 Y0.0065
X-0.0374 Y0.0139
X-0.0302 Y0.0208
X-0.0226 Y0.0272
X-0.0146 Y0.033
X-0.0062 Y0.0384
X0.0025 Y0.0432
X0.0114 Y0.0476
X0.0206 Y0.0515
X0.0299 Y0.0549
X0.0394 Y0.0579
X0.049 Y0.0605
X0.0587 Y0.0628
X0.0684 Y0.0647
G2 X0.1079 Y0.0698 I0.0737 J-0.4189
X0.1674 Y0.0726 I0.0757 J-0.9421
X0.2569 Y0.0735 I0.0844 J-4.0125
X0.3663 Y0.0737 I0.0876 J-26.7915
G1 X0.4657
X1.1916
X2.0567
X2.0573
X2.0648 Y0.0741
X2.0722 Y0.0751
X2.0795 Y0.0768
X2.0867 Y0.0791
G2 X2.1065 Y0.0855 I0.0735 J-0.1922
G1 X2.1114 Y0.0869
X2.1115 Y0.087
G2 X2.1385 Y0.0983 Z0.404 I0.0956 J-0.1899
G1 X2.1397 Y0.0987
X2.1459 Y0.1007 F280.
X2.1487 Y0.1013
X2.1516 Y0.1015
X2.269 Y0.0996
X2.2718 Y0.0994
X2.2746 Y0.0987
X2.2808 Y0.0965
X2.2819 Y0.0961 F80.
G2 X2.3086 Y0.0839 Z0.4 I-0.0748 J-0.199
G1 X2.3087 Y0.0838
G2 X2.3286 Y0.0769 I-0.0545 J-0.1892
G3 X2.354 Y0.0706 I0.0486 J0.142
G1 X2.3599 Y0.0697
G3 X2.3959 Y0.0662 I0.0587 J0.4169
G1 X2.4058 Y0.0655
X2.4157 Y0.0644
X2.4255 Y0.0627
X2.4351 Y0.0604
X2.4446 Y0.0575
X2.4539 Y0.0539
X2.4629 Y0.0497
X2.4716 Y0.0449
X2.48 Y0.0395
X2.4879 Y0.0335
X2.4955 Y0.027
X2.5026 Y0.0201
X2.5092 Y0.0127
X2.5154 Y0.0049
X2.5211 Y-0.0033
X2.5263 Y-0.0117
X2.5311 Y-0.0204
X2.5354 Y-0.0294
X2.5393 Y-0.0385
X2.5428 Y-0.0479
X2.5458 Y-0.0573
X2.5486 Y-0.0669
X2.5509 Y-0.0765
G2 X2.5575 Y-0.1158 I-0.3681 J-0.0821
X2.5614 Y-0.1653 I-0.6784 J-0.0781
X2.5632 Y-0.2448 I-1.9984 J-0.0857
X2.5636 Y-0.394 I-15.0886 J-0.1122
G1 X2.5634 Y-0.4039
X2.5626 Y-0.4138
X2.5612 Y-0.4237
X2.5592 Y-0.4334
X2.5565 Y-0.443
X2.5531 Y-0.4523
X2.5491 Y-0.4614
X2.5445 Y-0.4702
X2.5392 Y-0.4787
X2.5333 Y-0.4867
X2.527 Y-0.4943
X2.5201 Y-0.5015
X2.5128 Y-0.5083
X2.5051 Y-0.5145
X2.497 Y-0.5203
X2.4886 Y-0.5256
X2.4799 Y-0.5305
X2.471 Y-0.5349
X2.4619 Y-0.5388
X2.4526 Y-0.5424
X2.4431 Y-0.5455
X2.4336 Y-0.5483
X2.4239 Y-0.5507
X2.4142 Y-0.5528
G2 X2.3808 Y-0.558 I-0.0953 J0.4966
G1 X2.3718 Y-0.5597
X2.3631 Y-0.5623
X2.3546 Y-0.5658
X2.348 Y-0.569
X2.3424 Y-0.5716
X2.3387 Y-0.573
X2.3311 Y-0.576
X2.3264 Y-0.5778
G2 X2.3005 Y-0.5917 Z0.404 I-0.118 J0.1884
G1 X2.2994 Y-0.5922
G2 X2.2736 Y-0.6019 I-0.091 J0.2028 F280.
G1 X2.2711 Y-0.6025
X2.2686 Y-0.6027
X2.16 Y-0.6057
X2.1574 Y-0.6056
X2.1549 Y-0.6052
G2 X2.1286 Y-0.5969 I0.0535 J0.2158
G1 X2.1275 Y-0.5964 F80.
G2 X2.1009 Y-0.584 Z0.4 I0.0809 J0.207
G1 X2.1008 Y-0.5839
X2.0952 Y-0.5822
X2.0896 Y-0.5802
X2.0809 Y-0.577
G3 X2.0522 Y-0.5701 I-0.052 J-0.1552
G1 X2.0456 Y-0.5692
G3 X2.0078 Y-0.5659 I-0.0591 J-0.4617
X1.9382 Y-0.5641 I-0.0763 J-1.6376
X1.8289 Y-0.5637 I-0.093 J-10.1258
G1 X1.799
X1.7493
X1.5902
X0.1186
X0.1087
X0.0987 Y-0.5635
X0.0888 Y-0.5629
X0.0789 Y-0.5617
X0.0692 Y-0.5598
X0.0595 Y-0.5573
X0.0501 Y-0.5541
X0.0409 Y-0.5502
X0.0321 Y-0.5457
X0.0235 Y-0.5406
X0.0154 Y-0.5349
X0.0077 Y-0.5287
X0.0003 Y-0.522
X-0.0065 Y-0.5148
X-0.0129 Y-0.5071
X-0.0188 Y-0.4992
X-0.0243 Y-0.4908
X-0.0292 Y-0.4822
X-0.0338 Y-0.4734
X-0.0378 Y-0.4643
X-0.0415 Y-0.455
X-0.0447 Y-0.4456
X-0.0475 Y-0.4361
X-0.05 Y-0.4265
X-0.0522 Y-0.4168
G2 X-0.0582 Y-0.3775 I0.3958 J0.0805
X-0.062 Y-0.318 I0.8006 J0.0814
X-0.0634 Y-0.2384 I2.6617 J0.0835
X-0.0636 Y-0.1092 I18.1322 J0.1012
G1 X-0.0635 Y-0.0992
X-0.0629 Y-0.0893
X-0.0617 Y-0.0794
X-0.0599 Y-0.0696
X-0.0574 Y-0.06
X-0.0543 Y-0.0506
X-0.0504 Y-0.0414
X-0.046 Y-0.0325
X-0.0409 Y-0.024
X-0.0352 Y-0.0158
X-0.029 Y-0.008
X-0.0223 Y-0.0007
X-0.0151 Y0.0062
X-0.0075 Y0.0126
X0.0004 Y0.0186
X0.0087 Y0.024
X0.0173 Y0.029
X0.0262 Y0.0336
X0.0352 Y0.0376
X0.0445 Y0.0413
X0.0539 Y0.0446
X0.0634 Y0.0474
X0.073 Y0.0499
X0.0827 Y0.0521
G2 X0.122 Y0.0582 I0.0808 J-0.3943
X0.1815 Y0.0621 I0.0815 J-0.7932
X0.2611 Y0.0634 I0.0837 J-2.639
X0.3804 Y0.0637 I0.1013 J-17.7188
G1 X0.4301
X0.5793
X1.2654
X2.0211
X2.031
X2.0333 Y0.0638
X2.0421 Y0.0644
X2.0507 Y0.0659
X2.059 Y0.0683
X2.0671 Y0.0716
X2.0706 Y0.073
X2.0728 Y0.0739
X2.0784 Y0.076
X2.0867 Y0.0791
G2 X2.1127 Y0.0927 Z0.404 I0.1192 J-0.1958
G1 X2.1138 Y0.0932
G2 X2.1415 Y0.1033 I0.0921 J-0.2099 F280.
G1 X2.1442 Y0.1039
X2.1469 Y0.1041
X2.2688 Y0.103
X2.2716 Y0.1027
X2.2742 Y0.1021
G2 X2.3017 Y0.0916 I-0.0683 J-0.2188
G1 X2.3028 Y0.0911 F80.
G2 X2.3285 Y0.077 Z0.4 I-0.0969 J-0.2077
G1 X2.3286 Y0.0769
X2.3311 Y0.076
X2.3387 Y0.073
X2.3424 Y0.0716
X2.3455 Y0.0702
G3 X2.3667 Y0.0634 I0.0477 J0.1133
G1 X2.3715 Y0.0624
X2.3813 Y0.0605
X2.3911 Y0.0587
X2.4008 Y0.0567
X2.4105 Y0.0543
X2.42 Y0.0515
X2.4294 Y0.0482
X2.4385 Y0.0443
X2.4474 Y0.0398
X2.456 Y0.0348
X2.4643 Y0.0294
X2.4723 Y0.0234
X2.4798 Y0.0169
X2.487 Y0.01
X2.4937 Y0.0027
X2.5 Y-0.005
X2.5059 Y-0.0131
X2.5113 Y-0.0214
X2.5163 Y-0.03
X2.5208 Y-0.0388
X2.525 Y-0.0479
X2.5287 Y-0.0571
X2.5321 Y-0.0664
X2.5351 Y-0.0759
X2.5378 Y-0.0855
X2.5401 Y-0.0951
G2 X2.5468 Y-0.1343 I-0.3905 J-0.0869
X2.5514 Y-0.1938 I-0.7299 J-0.0866
G3 X2.5521 Y-0.2091 I0.9013 J0.0318
G1 X2.5523 Y-0.211
G3 X2.5709 Y-0.2272 Z0.4037 I0.0186 J0.0025
G1 X2.5732 Y-0.2263 Z0.404
X2.5743 Y-0.2258
X2.5839 Y-0.2219 F280.
X2.6458 Y-0.1292
G3 X2.6569 Y-0.0588 I-0.0684 J0.0468
G1 X2.6376 Y0.
X2.6064 Y0.0569
X2.5794 Y0.0899
X2.5762 Y0.0935
X2.5727 Y0.0969
X2.5558 Y0.1127
X2.5531 Y0.1154
X2.5502 Y0.1179
X2.5165 Y0.136
X2.3985 Y0.1829
G3 X2.3224 Y0.0899 I-0.0254 J-0.0569
G1 X2.3231 Y0.0889 F80.
G3 X2.3455 Y0.0702 Z0.4 I0.0501 J0.0371
G1 X2.348 Y0.069
X2.3592 Y0.0636
X2.363 Y0.0618
X2.3672 Y0.06
X2.3702 Y0.0587
X2.3757 Y0.0566
X2.3851 Y0.0532
X2.3945 Y0.0499
X2.4037 Y0.0463
X2.4129 Y0.0425
X2.4219 Y0.0382
X2.4307 Y0.0336
X2.4392 Y0.0285
X2.4475 Y0.0229
X2.4554 Y0.0169
X2.463 Y0.0105
X2.4702 Y0.0037
X2.4771 Y-0.0035
X2.4836 Y-0.0111
X2.4896 Y-0.0189
X2.4953 Y-0.0271
X2.5006 Y-0.0355
X2.5054 Y-0.0442
X2.5099 Y-0.0531
X2.5139 Y-0.0622
X2.5176 Y-0.0714
X2.521 Y-0.0808
X2.524 Y-0.0903
G2 X2.5319 Y-0.1233 I-0.3108 J-0.0919
G1 X2.5327 Y-0.1272
X2.5337 Y-0.131
X2.5349 Y-0.1348
G3 X2.5524 Y-0.147 Z0.4031 I0.0176 J0.0066
G1 X2.5584 Y-0.1441 Z0.404
X2.5595 Y-0.1436
X2.567 Y-0.14 F280.
X2.571 Y-0.1236
X2.5665 Y0.0112
X2.5271 Y0.0618
X2.4399 Y0.1573
G3 X2.3407 Y0.0824 I-0.0471 J-0.0408
G1 X2.3414 Y0.0814 F80.
G3 X2.363 Y0.0618 Z0.4 I0.0515 J0.0351
G1 X2.3648 Y0.0609
X2.3705 Y0.058
G2 X2.3928 Y0.0449 I-0.4704 J-0.8264
G1 X2.4014 Y0.0399
X2.4099 Y0.0347
X2.4182 Y0.0292
X2.4264 Y0.0235
X2.4343 Y0.0175
X2.442 Y0.0112
X2.4494 Y0.0046
X2.4565 Y-0.0024
X2.4632 Y-0.0097
X2.4696 Y-0.0173
X2.4757 Y-0.0252
X2.4813 Y-0.0334
X2.4867 Y-0.0418
X2.489 Y-0.0458
X2.49 Y-0.0474
X2.491 Y-0.049
X2.4921 Y-0.0506
G3 X2.5183 Y-0.0542 Z0.404 I0.0149 J0.0113
G1 X2.5193 Y-0.0534
G3 X2.52 Y-0.0257 I-0.0123 J0.0142 F280.
G1 X2.4165 Y0.0738
G3 X2.3889 Y0.0719 I-0.013 J-0.0135
G1 X2.3881 Y0.071 F80.
G3 X2.3928 Y0.0449 Z0.4 I0.0154 J-0.0107
G1 X2.3985 Y0.0411
X2.4098 Y0.0332
X2.4154 Y0.0292
X2.4169 Y0.0281
G2 X2.4379 Y0.0108 I-0.5152 J-0.6458
G1 X2.4433 Y0.0056
X2.4547 Y-0.0054
G2 X2.4772 Y-0.0306 I-0.3665 J-0.3491
X2.4921 Y-0.0506 I-1.0851 J-0.8261
X2.5064 Y-0.073 I-0.5163 J-0.3446
G1 X2.5096 Y-0.0786
X2.5126 Y-0.0843
X2.5185 Y-0.0955
X2.5212 Y-0.1011
X2.5237 Y-0.1067
X2.5285 Y-0.118
G2 X2.5349 Y-0.1348 I-0.164 J-0.0717
G1 X2.5386 Y-0.1461
X2.539 Y-0.1472
X2.5404 Y-0.1517
X2.542 Y-0.1573
X2.5447 Y-0.1685
X2.5461 Y-0.1742
X2.5474 Y-0.1798
G2 X2.552 Y-0.2079 I-0.6993 J-0.128
X2.5542 Y-0.236 I-0.7995 J-0.079
Y-0.2642 I-0.8822 J-0.014
G3 X2.5537 Y-0.3537 I5.0461 J-0.0756
G1 X2.5536 Y-0.3636
X2.5535 Y-0.3736
X2.553 Y-0.3835
X2.5521 Y-0.3934
X2.5507 Y-0.4033
X2.5487 Y-0.413
X2.5462 Y-0.4226
X2.543 Y-0.432
X2.5392 Y-0.4412
X2.5348 Y-0.4501
X2.5298 Y-0.4587
X2.5243 Y-0.467
X2.5182 Y-0.4749
X2.5117 Y-0.4824
X2.5047 Y-0.4895
X2.4973 Y-0.4961
X2.4895 Y-0.5023
X2.4814 Y-0.5081
X2.473 Y-0.5134
X2.4643 Y-0.5182
X2.4554 Y-0.5227
X2.4463 Y-0.5267
X2.4371 Y-0.5303
X2.4277 Y-0.5335
X2.4182 Y-0.5365
X2.4086 Y-0.5392
X2.4076 Y-0.5395
X2.4006 Y-0.5418
X2.3938 Y-0.5447
X2.3873 Y-0.5482
G3 X2.3815 Y-0.5741 Z0.404 I0.01 J-0.0158
G1 X2.3822 Y-0.5751
G3 X2.3985 Y-0.5828 I0.0152 J0.011 F280.
G1 X2.5333 Y-0.5934
G3 X2.593 Y-0.5674 I0.0036 J0.0731
G1 X2.6322 Y-0.5169
X2.6597 Y-0.4551
X2.6783 Y-0.2753
G3 X2.6681 Y-0.2361 I-0.0621 J0.0048
G1 Y-0.236
G3 X2.5646 Y-0.2357 I-0.0519 J-0.0345
G1 X2.5639 Y-0.2367 F80.
G3 X2.5542 Y-0.2642 Z0.4 I0.0523 J-0.0338
G2 X2.552 Y-0.2921 I-0.8645 J0.0558
G1 X2.5511 Y-0.2978
X2.5502 Y-0.3037
X2.5493 Y-0.309
X2.5482 Y-0.3189
X2.5475 Y-0.325
X2.5466 Y-0.3339
X2.5458 Y-0.3439
X2.5451 Y-0.3538
X2.5442 Y-0.3637
X2.5431 Y-0.3736
X2.5416 Y-0.3834
X2.5395 Y-0.3931
X2.537 Y-0.4027
X2.5339 Y-0.4122
X2.5303 Y-0.4215
X2.5262 Y-0.4305
X2.5214 Y-0.4392
X2.5162 Y-0.4477
X2.5104 Y-0.4558
X2.5042 Y-0.4635
X2.4975 Y-0.4709
X2.4904 Y-0.4779
X2.483 Y-0.4844
X2.4751 Y-0.4906
X2.467 Y-0.4963
X2.4586 Y-0.5016
X2.45 Y-0.5065
X2.4412 Y-0.5111
X2.4354 Y-0.5142
X2.43 Y-0.5178
X2.4248 Y-0.5217
G3 X2.4184 Y-0.5357 Z0.4022 I0.0124 J-0.0141
G1 X2.4244 Y-0.5479 Z0.404
X2.4249 Y-0.549
X2.4257 Y-0.5506 F280.
X2.4379 Y-0.5545
X2.4547 Y-0.5449
X2.6457 Y-0.3632
G3 X2.6472 Y-0.2788 I-0.0393 J0.0429
X2.5628 Y-0.2818 I-0.0408 J-0.0415
G1 X2.562 Y-0.2827 F80.
G3 X2.5493 Y-0.309 Z0.4 I0.0445 J-0.0375
G1 X2.5484 Y-0.3146
X2.5474 Y-0.3202
X2.5461 Y-0.3258
X2.5446 Y-0.3321
X2.542 Y-0.3427
X2.5404 Y-0.3483
X2.5378 Y-0.3579
X2.5354 Y-0.3676
X2.5328 Y-0.3772
X2.5298 Y-0.3866
X2.5264 Y-0.396
X2.5226 Y-0.4052
X2.5183 Y-0.4141
X2.5135 Y-0.4229
X2.5083 Y-0.4313
X2.5026 Y-0.4395
X2.4965 Y-0.4473
X2.4899 Y-0.4548
X2.4861 Y-0.4587
X2.4837 Y-0.4613
X2.4814 Y-0.4639
X2.4793 Y-0.4666
G3 X2.4837 Y-0.4927 Z0.404 I0.0153 J-0.0109
G1 X2.4847 Y-0.4934
G3 X2.5112 Y-0.486 I0.0099 J0.016 F280.
G1 X2.5747 Y-0.3633
G3 X2.5655 Y-0.3375 I-0.0167 J0.0086
G1 X2.5644 Y-0.337 F80.
G3 X2.5404 Y-0.3483 Z0.4 I-0.0064 J-0.0176
G2 X2.533 Y-0.3708 I-1.7613 J0.5703
G1 X2.5308 Y-0.3764
X2.5285 Y-0.382
X2.5237 Y-0.3933
X2.5212 Y-0.3989
X2.5185 Y-0.4045
X2.5126 Y-0.4157
X2.5096 Y-0.4214
X2.5064 Y-0.427
G2 X2.4921 Y-0.4494 I-0.5146 J0.3116
X2.4751 Y-0.4719 I-0.6207 J0.4502
G1 X2.4702 Y-0.4775
X2.4653 Y-0.4832
X2.4602 Y-0.4888
X2.4549 Y-0.4944
G2 X2.4374 Y-0.5112 I-0.7053 J0.7177
X2.4154 Y-0.5293 I-0.5052 J0.5935
X2.3927 Y-0.545 I-0.4665 J0.6492
X2.3705 Y-0.558 I-0.5032 J0.8319
X2.3546 Y-0.5658 I-0.2015 J0.3882
G1 Y-0.5659
G2 X2.33 Y-0.5819 Z0.404 I-0.1449 J0.1948
G1 X2.329 Y-0.5825
G2 X2.2992 Y-0.5968 I-0.1193 J0.2115 F280.
G1 X2.2962 Y-0.5977
X2.2931 Y-0.5981
X2.1449 Y-0.6041
X2.1418 Y-0.6039
X2.1387 Y-0.6033
G2 X2.1079 Y-0.5915 I0.071 J0.2322
G1 X2.1068 Y-0.591 F80.
G2 X2.081 Y-0.577 Z0.4 I0.1029 J0.22
G1 X2.0809
G2 X2.0671 Y-0.5716 I0.0896 J0.2495
G1 X2.0641 Y-0.5702
G3 X2.0403 Y-0.5629 I-0.0473 J-0.1122
X2.0157 Y-0.5589 I-0.0534 J-0.2519
X1.976 Y-0.5558 I-0.0616 J-0.5363
X1.9065 Y-0.5542 I-0.0787 J-1.8378
X1.7673 Y-0.5537 I-0.117 J-14.1541
G1 X1.7175
X1.5982
X0.1465
X0.1365 Y-0.5536
X0.1266 Y-0.5535
X0.1167 Y-0.553
X0.1068 Y-0.5522
X0.0969 Y-0.5507
X0.0872 Y-0.5488
X0.0776 Y-0.5462
X0.0682 Y-0.543
X0.059 Y-0.5392
X0.05 Y-0.5348
X0.0414 Y-0.5299
X0.0331 Y-0.5244
X0.0253 Y-0.5183
X0.0177 Y-0.5118
X0.0107 Y-0.5048
X0.004 Y-0.4974
X-0.0022 Y-0.4896
X-0.0079 Y-0.4815
X-0.0133 Y-0.4731
X-0.0181 Y-0.4645
X-0.0226 Y-0.4556
X-0.0266 Y-0.4465
X-0.0302 Y-0.4372
X-0.0334 Y-0.4278
X-0.0363 Y-0.4183
X-0.0388 Y-0.4087
G2 X-0.0461 Y-0.3696 I0.3616 J0.0876
X-0.0507 Y-0.3201 I0.6289 J0.0829
X-0.053 Y-0.2406 I1.6829 J0.0896
X-0.0535 Y-0.1312 I7.4219 J0.0879
G1 X-0.0532 Y-0.1213
X-0.0526 Y-0.1114
X-0.0514 Y-0.1015
X-0.0497 Y-0.0917
X-0.0474 Y-0.082
X-0.0445 Y-0.0725
X-0.041 Y-0.0632
X-0.0369 Y-0.0541
X-0.0322 Y-0.0454
X-0.0269 Y-0.0369
X-0.0211 Y-0.0289
X-0.0148 Y-0.0212
X-0.0081 Y-0.0139
X-0.0009 Y-0.007
X0.0067 Y-0.0006
X0.0147 Y0.0053
X0.023 Y0.0109
X0.0315 Y0.0159
X0.0403 Y0.0206
X0.0493 Y0.0248
X0.0585 Y0.0286
X0.0678 Y0.032
X0.0773 Y0.035
X0.0869 Y0.0377
X0.0965 Y0.0401
G2 X0.1357 Y0.0468 I0.0864 J-0.3846
X0.1952 Y0.0515 I0.0863 J-0.7225
X0.2747 Y0.0532 I0.0876 J-2.1607
X0.4139 Y0.0537 I0.1169 J-15.4333
G1 X0.4636
X0.5929
X1.3287
X1.985
G3 X2.0137 Y0.0539 I0.0066 J0.8972
G1 X2.0227 Y0.0548
X2.0314 Y0.0566
X2.04 Y0.0592
X2.0482 Y0.0628
X2.0503 Y0.0638
X2.0615 Y0.069
X2.0671 Y0.0716
X2.0845 Y0.0953 Z0.404
X2.0852 Y0.0963
X2.0929 Y0.1068 F280.
X2.1402 Y0.1801
G2 X2.2244 Y0.2256 I0.083 J-0.0529
G1 X2.3031 Y0.2203
X2.3592 Y0.2052
X2.4435 Y0.1731
X2.4772 Y0.1515
X2.5647 Y0.0674
X2.6137 Y0.0012
X2.6538 Y-0.0786
X2.6759 Y-0.1587
X2.6852 Y-0.2416
X2.6794 Y-0.3213
X2.6641 Y-0.3933
X2.6232 Y-0.4864
X2.5967 Y-0.5393
G2 X2.5654 Y-0.5787 I-0.0901 J0.0396
G1 X2.4491 Y-0.6633
X2.3705 Y-0.7002
X2.2974 Y-0.7214
X2.2244 Y-0.7219
X2.1963 Y-0.7165
G2 X2.1289 Y-0.6687 I0.018 J0.0968
G1 X2.0932 Y-0.6011
G3 X2.087 Y-0.59 I-0.0572 J-0.0246
G1 X2.0863 Y-0.589 F80.
G3 X2.0641 Y-0.5702 Z0.4 I-0.0503 J-0.0367
G1 X2.0559 Y-0.5664
X2.0503 Y-0.5638
X2.0463 Y-0.5618
G3 X2.0241 Y-0.5544 I-0.0458 J-0.101
X2.0021 Y-0.5503 I-0.0524 J-0.219
X1.964 Y-0.5466 I-0.0636 J-0.4555
X1.8945 Y-0.5444 I-0.0809 J-1.4414
X1.7851 Y-0.5438 I-0.0976 J-7.6392
G1 X1.7652 Y-0.5437
X1.7354
X1.6857
X1.5763
X0.1842
X0.1743
X0.1643 Y-0.5436
X0.1544 Y-0.5435
X0.1444 Y-0.5432
X0.1345 Y-0.5427
X0.1246 Y-0.5417
X0.1148 Y-0.5402
X0.105 Y-0.5382
X0.0954 Y-0.5357
X0.086 Y-0.5326
X0.0767 Y-0.5289
X0.0677 Y-0.5247
X0.059 Y-0.5199
X0.0506 Y-0.5146
X0.0426 Y-0.5087
X0.0349 Y-0.5024
X0.0276 Y-0.4957
X0.0207 Y-0.4885
X0.0142 Y-0.481
X0.0082 Y-0.4731
X0.0026 Y-0.4649
X-0.0026 Y-0.4564
X-0.0074 Y-0.4477
X-0.0118 Y-0.4387
X-0.0157 Y-0.4296
X-0.0193 Y-0.4203
X-0.0225 Y-0.4109
X-0.0254 Y-0.4014
X-0.0279 Y-0.3918
G2 X-0.0354 Y-0.3527 I0.372 J0.0911
X-0.0402 Y-0.3033 I0.6293 J0.0865
X-0.0429 Y-0.2238 I1.5821 J0.0928
X-0.0434 Y-0.1542 I3.3658 J0.0577
G1 X-0.0431 Y-0.1442
X-0.0425 Y-0.1343
X-0.0415 Y-0.1244
X-0.04 Y-0.1146
X-0.0381 Y-0.1048
X-0.0355 Y-0.0952
X-0.0324 Y-0.0858
X-0.0287 Y-0.0765
X-0.0245 Y-0.0675
X-0.0197 Y-0.0588
X-0.0144 Y-0.0504
X-0.0086 Y-0.0424
X-0.0022 Y-0.0347
X0.0045 Y-0.0274
X0.0117 Y-0.0205
X0.0192 Y-0.0141
X0.0271 Y-0.008
X0.0354 Y-0.0024
X0.0438 Y0.0028
X0.0526 Y0.0075
X0.0615 Y0.0119
X0.0706 Y0.0158
X0.0799 Y0.0194
X0.0893 Y0.0226
X0.0988 Y0.0255
X0.1085 Y0.028
G2 X0.1475 Y0.0354 I0.0914 J-0.3748
X0.197 Y0.0403 I0.0863 J-0.6287
X0.2765 Y0.0429 I0.0928 J-1.5902
X0.366 Y0.0435 I0.088 J-6.1778
X0.4455 Y0.0437 I0.075 J-25.089
G1 X0.4952
X0.6146
X1.4001
X1.9569
X1.9669
X1.9768
X1.9867 Y0.0438
X1.9937 Y0.044
X1.9964 Y0.0442
X2.0043 Y0.045
X2.0121 Y0.0465
X2.0197 Y0.0487
X2.0271 Y0.0517
X2.0342 Y0.0552
G2 X2.0482 Y0.0628 I0.1279 J-0.2209
G1 X2.0615 Y0.0816 Z0.4031
X2.0644 Y0.0873 Z0.404
X2.065 Y0.0884
X2.1111 Y0.1798 F280.
G2 X2.1177 Y0.191 I0.0879 J-0.0443
X2.2132 Y0.2329 I0.0813 J-0.0555
G1 X2.3354 Y0.2135
X2.4413 Y0.1742
X2.4772 Y0.1515
X2.5647 Y0.0674
X2.6137 Y0.0012
X2.6538 Y-0.0786
X2.6759 Y-0.1587
X2.6852 Y-0.2416
X2.6794 Y-0.3213
X2.6641 Y-0.3933
X2.6221 Y-0.4888
X2.5951 Y-0.5428
G2 X2.5654 Y-0.5787 I-0.0885 J0.043
G1 X2.4491 Y-0.6633
X2.3793 Y-0.6966
X2.3064 Y-0.7191
X2.275 Y-0.723
G2 X2.2076 Y-0.7049 I-0.0098 J0.0979
G1 X2.1626 Y-0.6741
X2.0683 Y-0.5831
X2.0675 Y-0.5823 F80.
X2.0463 Y-0.5618 Z0.4
X2.0447 Y-0.561
X2.0391 Y-0.558
X2.0334 Y-0.5548
G3 X2.0113 Y-0.5464 I-0.0476 J-0.0925
X1.9855 Y-0.5411 I-0.0567 J-0.2094
X1.9477 Y-0.5371 I-0.0653 J-0.4354
X1.8782 Y-0.5345 I-0.0831 J-1.3205
X1.7787 Y-0.5338 I-0.0945 J-6.0575
X1.6694 Y-0.5337 I-0.0937 J-34.3831
G1 X1.5898
X0.2077
G2 X0.1679 Y-0.5333 I-0.0078 J1.3127
G1 X0.158 Y-0.5328
X0.1481 Y-0.532
X0.1382 Y-0.5308
X0.1284 Y-0.5291
X0.1187 Y-0.527
X0.1091 Y-0.5243
X0.0997 Y-0.5211
X0.0905 Y-0.5174
X0.0815 Y-0.5131
X0.0728 Y-0.5083
X0.0644 Y-0.503
X0.0563 Y-0.4972
X0.0486 Y-0.4909
X0.0413 Y-0.4842
X0.0343 Y-0.4771
X0.0278 Y-0.4696
X0.0216 Y-0.4618
X0.0159 Y-0.4537
X0.0106 Y-0.4453
X0.0057 Y-0.4366
X0.0012 Y-0.4277
X-0.003 Y-0.4187
X-0.0067 Y-0.4095
X-0.0101 Y-0.4001
X-0.0131 Y-0.3907
X-0.0159 Y-0.3811
G2 X-0.0239 Y-0.3422 I0.3639 J0.096
X-0.0294 Y-0.2928 I0.5886 J0.0903
X-0.0324 Y-0.2232 I1.3074 J0.0915
X-0.033 Y-0.1735 I1.5212 J0.0411
G1 X-0.0327 Y-0.1636
X-0.0321 Y-0.1537
X-0.0312 Y-0.1438
X-0.0299 Y-0.1339
X-0.028 Y-0.1241
X-0.0257 Y-0.1145
X-0.0228 Y-0.105
X-0.0194 Y-0.0956
X-0.0154 Y-0.0865
X-0.0109 Y-0.0776
X-0.0059 Y-0.0691
X-0.0003 Y-0.0608
X0.0057 Y-0.0529
X0.0121 Y-0.0453
X0.019 Y-0.0381
X0.0263 Y-0.0314
X0.0339 Y-0.025
X0.0419 Y-0.019
X0.0501 Y-0.0135
X0.0586 Y-0.0083
X0.0674 Y-0.0036
X0.0763 Y0.0007
X0.0854 Y0.0047
X0.0947 Y0.0083
X0.1041 Y0.0115
X0.1136 Y0.0144
X0.1232 Y0.017
G2 X0.1623 Y0.0246 I0.0946 J-0.3793
X0.2216 Y0.0304 I0.0939 J-0.6596
X0.2912 Y0.0328 I0.0891 J-1.5943
X0.4005 Y0.0335 I0.1028 J-6.6937
G1 X0.4204 Y0.0336
X0.4403
X0.4702 Y0.0337
X0.5199
X0.6193
X1.4645
X1.9318
G3 X1.9712 Y0.034 I0.0077 J1.7126
G1 X1.9769 Y0.0342
X1.9804 Y0.0344
X1.989 Y0.0354
X1.9976 Y0.0373
X2.0058 Y0.04
X2.0138 Y0.0435
X2.0214 Y0.0479
X2.0222 Y0.0484
X2.0259 Y0.0506
X2.0342 Y0.0552
X2.0428 Y0.0674 Z0.402
X2.0436 Y0.0819 Z0.404
X2.0437 Y0.0831
X2.0462 Y0.1292 F280.
G2 X2.1458 Y0.2235 I0.0983 J-0.0042
G1 X2.2806 Y0.2228
X2.3424 Y0.2109
X2.4413 Y0.1742
X2.4772 Y0.1515
X2.5647 Y0.0674
X2.6137 Y0.0012
X2.6538 Y-0.0786
X2.6759 Y-0.1587
X2.6852 Y-0.2416
X2.6794 Y-0.3213
X2.6641 Y-0.3933
X2.6246 Y-0.4832
X2.5783 Y-0.5515
X2.5221 Y-0.61
X2.4491 Y-0.6632
X2.3705 Y-0.7002
X2.2974 Y-0.721
X2.2637 Y-0.7235
G2 X2.2219 Y-0.7135 I0.0014 J0.0984
G1 X2.1402 Y-0.674
X2.0548 Y-0.5766
X2.054 Y-0.5757 F80.
X2.0391 Y-0.5587 Z0.4009
X2.0334 Y-0.5548 Z0.4
X2.0259 Y-0.5506
X2.0222 Y-0.5484
X2.0213 Y-0.5478
G3 X1.9995 Y-0.5385 I-0.0471 J-0.0797
X1.9769 Y-0.533 I-0.0551 J-0.1789
X1.9427 Y-0.5284 I-0.0667 J-0.3666
X1.8831 Y-0.5252 I-0.0797 J-0.9247
X1.7936 Y-0.524 I-0.0932 J-3.5432
X1.6445 Y-0.5237 I-0.1226 J-26.2283
G1 X1.5649
X0.2325
G2 X0.1927 Y-0.5234 I-0.0072 J1.8714
G1 X0.1828 Y-0.523
X0.1729 Y-0.5225
X0.163 Y-0.5215
X0.1531 Y-0.5203
X0.1433 Y-0.5185
X0.1336 Y-0.5164
X0.124 Y-0.5137
X0.1146 Y-0.5105
X0.1054 Y-0.5068
X0.0964 Y-0.5025
X0.0877 Y-0.4978
X0.0792 Y-0.4926
X0.0711 Y-0.4869
X0.0633 Y-0.4807
X0.0558 Y-0.4741
X0.0487 Y-0.4671
X0.042 Y-0.4598
X0.0357 Y-0.4521
X0.0299 Y-0.4441
X0.0244 Y-0.4358
X0.0193 Y-0.4272
X0.0146 Y-0.4185
X0.0102 Y-0.4095
X0.0063 Y-0.4004
X0.0027 Y-0.3911
X-0.0005 Y-0.3817
X-0.0035 Y-0.3722
G2 X-0.0123 Y-0.3335 I0.3501 J0.1003
X-0.0185 Y-0.2842 I0.5512 J0.0944
X-0.0223 Y-0.1948 I1.1405 J0.0935
G1 X-0.0222 Y-0.1848
X-0.0218 Y-0.1749
X-0.021 Y-0.165
X-0.0199 Y-0.1551
X-0.0183 Y-0.1453
X-0.0163 Y-0.1355
X-0.0138 Y-0.1259
X-0.0107 Y-0.1165
X-0.0071 Y-0.1072
X-0.003 Y-0.0981
X0.0016 Y-0.0893
X0.0067 Y-0.0808
X0.0123 Y-0.0726
X0.0184 Y-0.0647
X0.0248 Y-0.0572
X0.0318 Y-0.05
X0.039 Y-0.0432
X0.0467 Y-0.0369
X0.0546 Y-0.0309
X0.0629 Y-0.0253
X0.0713 Y-0.0201
X0.0801 Y-0.0154
X0.089 Y-0.011
X0.0981 Y-0.007
X0.1073 Y-0.0033
X0.1167 Y0.
X0.1262 Y0.003
G2 X0.1649 Y0.012 I0.1007 J-0.3439
X0.2142 Y0.0184 I0.0948 J-0.5402
X0.2837 Y0.0221 I0.095 J-1.1307
X0.3831 Y0.0234 I0.1014 J-3.8895
X0.5323 Y0.0237 I0.1219 J-27.0223
G1 X0.6118
X1.5167
X1.9045
G3 X1.9533 Y0.024 I0.0098 J2.2035
G1 X1.9603 Y0.0243
X1.965 Y0.0247
X1.9678 Y0.0249
X1.9764 Y0.0261
X1.9849 Y0.0282
X1.9931 Y0.0311
X2.0009 Y0.0348
X2.0084 Y0.0393
X2.011 Y0.041
X2.0166 Y0.0448
X2.024 Y0.0562 Z0.4018
X2.0257 Y0.0719 Z0.404
X2.0258 Y0.0732
X2.0317 Y0.1292 F280.
G2 X2.0782 Y0.2079 I0.0983 J-0.0051
G1 X2.0784 Y0.208
G2 X2.1233 Y0.2224 I0.0516 J-0.0838
G1 X2.2806 Y0.2228
X2.3424 Y0.2108
X2.4413 Y0.1742
X2.4772 Y0.1515
X2.5647 Y0.0674
X2.6144 Y0.
X2.6538 Y-0.0786
X2.6757 Y-0.1573
X2.685 Y-0.236
X2.6803 Y-0.3146
X2.6652 Y-0.3901
X2.6276 Y-0.4775
X2.5895 Y-0.5356
X2.5365 Y-0.5969
X2.4716 Y-0.6483
X2.4098 Y-0.6834
X2.3306 Y-0.7135
X2.275 Y-0.7236
X2.1514 Y-0.7235
G2 X2.0671 Y-0.6799 I-0.0024 J0.0984
G1 Y-0.6798
G2 X2.0559 Y-0.6573 I0.0819 J0.0546
G1 X2.0485 Y-0.6011
X2.0483 Y-0.5955
G3 X2.0414 Y-0.5705 I-0.0622 J-0.0037
G1 X2.0408 Y-0.5695 F80.
G3 X2.0213 Y-0.5478 Z0.4 I-0.0548 J-0.0297
G1 X2.0168 Y-0.545
X2.011 Y-0.541
X2.0096 Y-0.5401
G3 X1.9881 Y-0.5302 I-0.0487 J-0.0776
X1.9611 Y-0.5234 I-0.0602 J-0.1822
G1 X1.9541 Y-0.5222
G3 X1.9162 Y-0.5178 I-0.0702 J-0.4416
X1.8467 Y-0.5148 I-0.087 J-1.2151
X1.7472 Y-0.5139 I-0.0985 J-5.0379
X1.618 Y-0.5137 I-0.1093 J-31.2797
G1 X1.5384
X0.6734
X0.2557
G2 X0.206 Y-0.5132 I-0.009 J1.6926
G1 X0.1961 Y-0.5127
X0.1862 Y-0.512
X0.1763 Y-0.511
X0.1664 Y-0.5096
X0.1567 Y-0.5078
X0.147 Y-0.5055
X0.1374 Y-0.5028
X0.128 Y-0.4995
X0.1188 Y-0.4958
X0.1098 Y-0.4916
X0.101 Y-0.4869
X0.0926 Y-0.4817
X0.0844 Y-0.476
X0.0766 Y-0.4699
X0.0691 Y-0.4633
X0.0619 Y-0.4564
X0.0552 Y-0.4491
X0.0488 Y-0.4415
X0.0428 Y-0.4336
X0.0372 Y-0.4254
X0.032 Y-0.4169
X0.0272 Y-0.4082
X0.0227 Y-0.3993
X0.0186 Y-0.3902
X0.0149 Y-0.381
X0.0115 Y-0.3717
X0.0085 Y-0.3622
G2 X-0.0009 Y-0.3236 I0.3438 J0.104
X-0.0077 Y-0.2743 I0.5276 J0.0976
X-0.0112 Y-0.2048 I0.7385 J0.0721
G1 X-0.0109 Y-0.1949
X-0.0104 Y-0.185
X-0.0095 Y-0.1751
X-0.0082 Y-0.1652
X-0.0065 Y-0.1554
X-0.0042 Y-0.1457
X-0.0015 Y-0.1362
X0.0017 Y-0.1268
X0.0055 Y-0.1176
X0.0097 Y-0.1086
X0.0145 Y-0.0998
X0.0197 Y-0.0914
X0.0254 Y-0.0832
X0.0316 Y-0.0754
X0.0381 Y-0.068
X0.0451 Y-0.0609
X0.0524 Y-0.0541
X0.0601 Y-0.0478
X0.0681 Y-0.0419
X0.0763 Y-0.0363
X0.0848 Y-0.0312
X0.0936 Y-0.0264
X0.1025 Y-0.022
X0.1116 Y-0.018
X0.1208 Y-0.0143
X0.1302 Y-0.011
X0.1397 Y-0.008
G2 X0.1783 Y0.0013 I0.1033 J-0.3477
X0.2276 Y0.0079 I0.0975 J-0.5385
X0.2971 Y0.0119 I0.0973 J-1.0932
X0.3965 Y0.0133 I0.1036 J-3.5899
X0.5556 Y0.0137 I0.1299 J-25.4256
G1 X0.6252
X1.003
X1.5797
X1.878
G3 X1.9373 Y0.0141 I0.0122 J2.5906
X1.956 Y0.0154 I-0.0092 J0.2648
G1 X1.9651 Y0.0169
X1.9739 Y0.0194
X1.9825 Y0.0229
X1.9906 Y0.0272
X1.9983 Y0.0323
G2 X2.0084 Y0.0393 I0.1109 J-0.1499
G1 X2.0158 Y0.0506 Z0.4018
X2.0173 Y0.0665 Z0.404
X2.0175 Y0.0677
X2.0242 Y0.1348 F280.
G2 X2.0278 Y0.1517 I0.0977 J-0.0121
G1 Y0.1519
G2 X2.1121 Y0.2207 I0.094 J-0.0291
G1 X2.2551 Y0.2246
X2.3255 Y0.2158
X2.4379 Y0.1759
X2.4769 Y0.1517
X2.5647 Y0.0674
X2.6144 Y0.
X2.6538 Y-0.0786
X2.6757 Y-0.1573
X2.685 Y-0.236
X2.6803 Y-0.3146
X2.6652 Y-0.3901
X2.6276 Y-0.4775
X2.5895 Y-0.5356
X2.5365 Y-0.5969
X2.4716 Y-0.6483
X2.4098 Y-0.6834
X2.3306 Y-0.7135
X2.275 Y-0.7236
X2.1289 Y-0.7233
G2 X2.033 Y-0.618 I0.0023 J0.0984
G1 X2.0345 Y-0.6011
G3 X2.0291 Y-0.5633 I-0.0614 J0.0105
G1 X2.0286 Y-0.5622 F80.
G3 X2.0096 Y-0.5401 Z0.4 I-0.0555 J-0.0284
G2 X1.9988 Y-0.5327 I0.1804 J0.2753
G3 X1.9811 Y-0.5234 I-0.0443 J-0.0624
X1.9595 Y-0.5167 I-0.0567 J-0.1443
X1.9333 Y-0.5117 I-0.0658 J-0.2735
X1.8939 Y-0.5076 I-0.0718 J-0.4982
X1.8244 Y-0.5048 I-0.0888 J-1.3626
X1.715 Y-0.5038 I-0.1055 J-5.8268
X1.5957 Y-0.5037 I-0.1022 J-31.5159
G1 X1.5261
X1.2079
X0.2832
G2 X0.2235 Y-0.5032 I-0.0113 J2.1814
G1 X0.2136 Y-0.5027
X0.2037 Y-0.502
X0.1938 Y-0.501
X0.1839 Y-0.4997
X0.1741 Y-0.498
X0.1644 Y-0.4959
X0.1548 Y-0.4933
X0.1453 Y-0.4903
X0.136 Y-0.4868
X0.1269 Y-0.4827
X0.1181 Y-0.4782
X0.1095 Y-0.4733
X0.1011 Y-0.4678
X0.0931 Y-0.462
X0.0854 Y-0.4557
X0.0781 Y-0.449
X0.0711 Y-0.4419
X0.0644 Y-0.4345
X0.0582 Y-0.4268
X0.0523 Y-0.4187
X0.0468 Y-0.4104
X0.0417 Y-0.4019
X0.037 Y-0.3932
X0.0327 Y-0.3842
X0.0287 Y-0.3751
X0.025 Y-0.3659
X0.0217 Y-0.3565
X0.0186 Y-0.347
G2 X0.0094 Y-0.3084 I0.3537 J0.1055
X0.0005 Y-0.2194 I0.5275 J0.0973
G1 X0.0006 Y-0.2095
X0.0011 Y-0.1995
X0.0019 Y-0.1896
X0.0031 Y-0.1798
X0.0048 Y-0.17
X0.0069 Y-0.1603
X0.0096 Y-0.1507
X0.0127 Y-0.1412
X0.0163 Y-0.132
X0.0205 Y-0.1229
X0.0251 Y-0.1141
X0.0302 Y-0.1056
X0.0358 Y-0.0974
X0.0418 Y-0.0895
X0.0483 Y-0.0819
X0.0551 Y-0.0747
X0.0623 Y-0.0679
X0.0699 Y-0.0614
X0.0778 Y-0.0553
X0.0859 Y-0.0496
X0.0943 Y-0.0443
X0.1029 Y-0.0394
X0.1118 Y-0.0348
X0.1208 Y-0.0306
X0.13 Y-0.0268
X0.1393 Y-0.0233
X0.1487 Y-0.0201
G2 X0.1872 Y-0.0102 I0.1069 J-0.3383
X0.2364 Y-0.003 I0.1004 J-0.5118
X0.3058 Y0.0015 I0.1002 J-1.0097
X0.3953 Y0.0032 I0.1009 J-2.9358
X0.5345 Y0.0036 I0.1174 J-15.5946
G1 X0.5743 Y0.0037
X0.6439
X0.9124
X1.6382
X1.857
G3 X1.9166 Y0.004 I0.0116 J3.3877
G1 X1.9256 Y0.0043
G3 X1.9444 Y0.0059 I-0.0089 J0.2244
G1 X1.9537 Y0.0076
X1.9628 Y0.0103
X1.9715 Y0.0139
X1.9798 Y0.0185
X1.9875 Y0.024
X1.9927 Y0.0281
X1.9941 Y0.0292
X1.9983 Y0.0323
X2.0054 Y0.0468 Z0.4022
X2.007 Y0.06 Z0.404
X2.0072 Y0.0612
X2.0164 Y0.1348 F280.
G2 X2.0394 Y0.1854 I0.0974 J-0.0139
G1 X2.0439 Y0.191
G2 X2.1345 Y0.2338 I0.0815 J-0.0552
G1 X2.3087 Y0.2187
X2.3592 Y0.205
X2.4435 Y0.1731
X2.4772 Y0.1515
X2.5646 Y0.0674
X2.6144 Y0.
X2.6538 Y-0.0786
X2.6759 Y-0.1587
X2.6852 Y-0.2416
X2.6794 Y-0.3213
X2.6641 Y-0.3933
X2.6246 Y-0.4832
X2.5783 Y-0.5515
X2.5221 Y-0.61
X2.4491 Y-0.6632
X2.3705 Y-0.7002
X2.2974 Y-0.7209
X2.2244 Y-0.7235
X2.1289 Y-0.7233
G2 X2.0782 Y-0.7079 I0.0023 J0.0984
G1 X2.0728 Y-0.7042
G2 X2.033 Y-0.6405 I0.0573 J0.08
G1 X2.0214 Y-0.573
G3 X2.0171 Y-0.557 I-0.0618 J-0.0081
G1 X2.0166 Y-0.5558 F80.
G3 X1.9988 Y-0.5327 Z0.4 I-0.0569 J-0.0253
G1 X1.9941 Y-0.5292
X1.9927 Y-0.5281
X1.9885 Y-0.5248
G3 X1.9691 Y-0.5143 I-0.0472 J-0.0645
X1.9463 Y-0.5072 I-0.0592 J-0.1495
X1.9192 Y-0.502 I-0.0682 J-0.2816
X1.8798 Y-0.4978 I-0.0734 J-0.5047
X1.8102 Y-0.4949 I-0.0907 J-1.3442
X1.7008 Y-0.4939 I-0.1072 J-5.504
X1.5815 Y-0.4937 I-0.1039 J-28.7888
G1 X1.5219
X1.3528
X0.3088
G2 X0.2491 Y-0.4933 I-0.0112 J3.4883
G1 X0.2392 Y-0.493
X0.2292 Y-0.4926
X0.2193 Y-0.4919
X0.2094 Y-0.4909
X0.1996 Y-0.4897
X0.1898 Y-0.488
X0.18 Y-0.486
X0.1704 Y-0.4835
X0.1609 Y-0.4805
X0.1516 Y-0.4771
X0.1424 Y-0.4732
X0.1335 Y-0.4689
X0.1248 Y-0.4641
X0.1163 Y-0.4588
X0.1082 Y-0.4531
X0.1004 Y-0.447
X0.0929 Y-0.4404
X0.0857 Y-0.4335
X0.0789 Y-0.4263
X0.0725 Y-0.4187
X0.0665 Y-0.4108
X0.0608 Y-0.4026
X0.0555 Y-0.3942
X0.0505 Y-0.3856
X0.046 Y-0.3767
X0.0418 Y-0.3677
X0.0379 Y-0.3586
X0.0344 Y-0.3493
X0.0311 Y-0.3399
G2 X0.0211 Y-0.3014 I0.3364 J0.1081
X0.0134 Y-0.2423 I0.4094 J0.0838
G1 X0.013 Y-0.2323
X0.0129 Y-0.2224
X0.0132 Y-0.2125
X0.014 Y-0.2025
X0.0151 Y-0.1927
X0.0167 Y-0.1829
X0.0188 Y-0.1731
X0.0214 Y-0.1635
X0.0244 Y-0.1541
X0.028 Y-0.1448
X0.0321 Y-0.1357
X0.0367 Y-0.1269
X0.0417 Y-0.1183
X0.0473 Y-0.1101
X0.0532 Y-0.1021
X0.0596 Y-0.0945
X0.0664 Y-0.0872
X0.0735 Y-0.0803
X0.081 Y-0.0738
X0.0888 Y-0.0676
X0.0969 Y-0.0618
X0.1053 Y-0.0564
X0.1138 Y-0.0514
X0.1226 Y-0.0467
X0.1316 Y-0.0424
X0.1407 Y-0.0385
X0.15 Y-0.0349
X0.1594 Y-0.0316
X0.1689 Y-0.0286
G2 X0.2076 Y-0.0195 I0.1069 J-0.3639
X0.2568 Y-0.0127 I0.1008 J-0.5519
X0.3263 Y-0.0085 I0.1013 J-1.0891
X0.4257 Y-0.0067 I0.1072 J-3.3328
X0.5947 Y-0.0063 I0.1392 J-23.0807
G1 X0.6544
X0.8334
X1.6885
X1.8376
G3 X1.8973 Y-0.006 I0.0106 J4.0742
G1 X1.9072 Y-0.0058
G3 X1.9321 Y-0.0039 I-0.0074 J0.2625
G1 X1.9402 Y-0.0023
X1.9482 Y-0.0001
X1.956 Y0.0029
X1.9635 Y0.0065
X1.9706 Y0.0108
X1.9773 Y0.0157
X1.9829 Y0.0203
X1.9856 Y0.0225
X1.9875 Y0.024
X1.9941 Y0.0399 Z0.4023
X1.9947 Y0.0521 Z0.404
Y0.0533
X1.9979 Y0.1236 F280.
G2 X2.0728 Y0.2125 I0.0982 J-0.0067
G1 X2.1345 Y0.2236
X2.2862 Y0.223
X2.348 Y0.2093
X2.4411 Y0.1742
X2.4772 Y0.1515
X2.5646 Y0.0674
X2.6144 Y0.
X2.6538 Y-0.0786
X2.6757 Y-0.1573
X2.685 Y-0.236
X2.6803 Y-0.3146
X2.6652 Y-0.3901
X2.6276 Y-0.4775
X2.5895 Y-0.5356
X2.5365 Y-0.5969
X2.4716 Y-0.6483
X2.4154 Y-0.6803
X2.3368 Y-0.7117
X2.275 Y-0.7236
X2.1121 Y-0.7215
X2.0896 Y-0.7165
G2 X2.0134 Y-0.6236 I0.0222 J0.0959
G1 X2.0103 Y-0.5674
G3 X2.0062 Y-0.5494 I-0.0621 J-0.0048
G1 X2.0057 Y-0.5483 F80.
G3 X1.9921 Y-0.5281 Z0.4007 I-0.0575 J-0.0239
G1 X1.9885 Y-0.5248 Z0.4
X1.9856 Y-0.5225
X1.9829 Y-0.5203
X1.9779 Y-0.5162
G3 X1.9586 Y-0.5056 I-0.0482 J-0.0647
X1.9362 Y-0.4983 I-0.0604 J-0.1472
X1.9101 Y-0.493 I-0.069 J-0.2698
X1.8711 Y-0.4884 I-0.0755 J-0.479
X1.8016 Y-0.4851 I-0.0924 J-1.2219
X1.7022 Y-0.484 I-0.1037 J-4.4928
X1.563 Y-0.4837 I-0.1201 J-26.6022
G1 X1.5033
X1.3542
X0.33
G2 X0.2604 Y-0.4832 I-0.0134 J3.1176
G1 X0.2505 Y-0.4828
X0.2405 Y-0.4822
X0.2306 Y-0.4815
X0.2207 Y-0.4804
X0.2109 Y-0.479
X0.2011 Y-0.4772
X0.1914 Y-0.4751
X0.1818 Y-0.4725
X0.1723 Y-0.4695
X0.163 Y-0.466
X0.1539 Y-0.4621
X0.145 Y-0.4577
X0.1363 Y-0.4528
X0.1279 Y-0.4475
X0.1197 Y-0.4418
X0.1119 Y-0.4356
X0.1044 Y-0.4291
X0.0973 Y-0.4222
X0.0905 Y-0.4149
X0.084 Y-0.4074
X0.078 Y-0.3995
X0.0723 Y-0.3913
X0.0669 Y-0.383
X0.062 Y-0.3743
X0.0573 Y-0.3655
X0.0531 Y-0.3566
X0.0492 Y-0.3474
X0.0456 Y-0.3381
X0.0423 Y-0.3287
G2 X0.0322 Y-0.2903 I0.3147 J0.1033
G1 X0.0304 Y-0.2805
X0.0289 Y-0.2707
X0.0277 Y-0.2608
X0.0268 Y-0.2509
X0.0262 Y-0.241
X0.0261 Y-0.2311
X0.0264 Y-0.2211
X0.0271 Y-0.2112
X0.0283 Y-0.2013
X0.03 Y-0.1915
X0.0321 Y-0.1818
X0.0348 Y-0.1722
X0.038 Y-0.1628
X0.0417 Y-0.1536
X0.0459 Y-0.1446
X0.0506 Y-0.1358
X0.0558 Y-0.1273
X0.0614 Y-0.1191
X0.0675 Y-0.1113
X0.074 Y-0.1037
X0.0808 Y-0.0965
X0.0881 Y-0.0897
X0.0956 Y-0.0833
X0.1035 Y-0.0772
X0.1116 Y-0.0715
X0.12 Y-0.0661
X0.1287 Y-0.0612
X0.1375 Y-0.0566
X0.1465 Y-0.0524
X0.1556 Y-0.0485
X0.1649 Y-0.0449
X0.1743 Y-0.0417
G2 X0.2128 Y-0.0315 I0.1102 J-0.3401
X0.2619 Y-0.0239 I0.1044 J-0.5102
X0.3313 Y-0.019 I0.104 J-0.9693
X0.4207 Y-0.0169 I0.1045 J-2.6626
X0.5699 Y-0.0164 I0.126 J-13.933
G1 X0.6097 Y-0.0163
X0.6693
X0.8185
X1.7432
X1.8128
G3 X1.8824 Y-0.016 I0.0138 J4.5498
G1 X1.8924 Y-0.0157
X1.9012 Y-0.0153
G3 X1.9266 Y-0.0126 I-0.0102 J0.2123
G1 X1.9346 Y-0.0107
X1.9424 Y-0.0081
X1.9499 Y-0.0048
X1.957 Y-0.0008
X1.9638 Y0.0039
X1.97 Y0.0092
X1.9723 Y0.0112
X1.9773 Y0.0157
X1.983 Y0.0292 Z0.402
X1.9838 Y0.044 Z0.404
Y0.0452
X1.9876 Y0.118 F280.
G2 X2.0334 Y0.1966 I0.0983 J-0.0047
G1 X2.0671 Y0.212
X2.1345 Y0.2236
X2.2862 Y0.223
X2.348 Y0.2091
X2.4435 Y0.1731
X2.4772 Y0.1515
X2.5647 Y0.0674
X2.6137 Y0.0012
X2.6538 Y-0.0786
X2.6759 Y-0.1587
X2.6845 Y-0.2303
X2.685 Y-0.236
X2.6802 Y-0.3146
X2.6652 Y-0.3901
X2.6276 Y-0.4775
X2.5832 Y-0.545
X2.5277 Y-0.6052
X2.4547 Y-0.6598
X2.3761 Y-0.698
X2.3031 Y-0.7199
X2.2525 Y-0.7236
X2.1121 Y-0.7215
X2.0728 Y-0.7132
G2 X2.0336 Y-0.6966 I0.0178 J0.0968
G1 X2.0334
G2 X1.9933 Y-0.6011 I0.0571 J0.0802
G1 X1.9974 Y-0.5787
G3 X1.9953 Y-0.5412 I-0.0604 J0.0154
G1 X1.9948 Y-0.54 F80.
G3 X1.9885 Y-0.5282 Z0.4022 I-0.0578 J-0.0232
G1 X1.9779 Y-0.5162 Z0.4
X1.9773 Y-0.5157
X1.9723 Y-0.5112
X1.9708 Y-0.5098
G3 X1.9548 Y-0.4996 I-0.0446 J-0.0518
X1.9331 Y-0.4912 I-0.0597 J-0.123
X1.9042 Y-0.4844 I-0.0714 J-0.2383
X1.8662 Y-0.4794 I-0.0766 J-0.4294
X1.7967 Y-0.4755 I-0.094 J-1.0665
X1.7073 Y-0.4741 I-0.1003 J-3.5318
X1.5382 Y-0.4737 I-0.1418 J-24.0667
G1 X1.4786
X1.3294
X0.355
G2 X0.2854 Y-0.4734 I-0.0138 J4.7348
X0.2456 Y-0.4714 I0.0096 J0.5998
G1 X0.2358 Y-0.4703
X0.2259 Y-0.469
X0.2161 Y-0.4673
X0.2064 Y-0.4652
X0.1968 Y-0.4627
X0.1873 Y-0.4598
X0.1779 Y-0.4564
X0.1687 Y-0.4526
X0.1597 Y-0.4483
X0.151 Y-0.4436
X0.1425 Y-0.4384
X0.1343 Y-0.4328
X0.1263 Y-0.4268
X0.1187 Y-0.4205
X0.1114 Y-0.4137
X0.1045 Y-0.4066
X0.0979 Y-0.3991
X0.0917 Y-0.3914
X0.0858 Y-0.3833
X0.0803 Y-0.3751
X0.0752 Y-0.3666
X0.0704 Y-0.3578
X0.066 Y-0.3489
X0.0619 Y-0.3399
X0.0581 Y-0.3306
X0.0547 Y-0.3213
X0.0517 Y-0.3118
X0.049 Y-0.3023
X0.0466 Y-0.2926
X0.0445 Y-0.2829
X0.0429 Y-0.2731
X0.0416 Y-0.2632
X0.0407 Y-0.2533
X0.0402 Y-0.2434
Y-0.2335
X0.0407 Y-0.2235
X0.0417 Y-0.2136
X0.0432 Y-0.2038
X0.0452 Y-0.1941
X0.0478 Y-0.1844
X0.0508 Y-0.175
X0.0544 Y-0.1657
X0.0585 Y-0.1567
X0.0632 Y-0.1479
X0.0682 Y-0.1393
X0.0738 Y-0.1311
X0.0798 Y-0.1231
X0.0862 Y-0.1155
X0.093 Y-0.1083
X0.1002 Y-0.1014
X0.1077 Y-0.0949
X0.1155 Y-0.0887
X0.1236 Y-0.083
X0.132 Y-0.0776
X0.1406 Y-0.0726
X0.1493 Y-0.0679
X0.1583 Y-0.0636
X0.1674 Y-0.0596
X0.1767 Y-0.056
X0.1861 Y-0.0527
G2 X0.2244 Y-0.0423 I0.1121 J-0.3383
X0.2735 Y-0.0344 I0.1061 J-0.5018
X0.3429 Y-0.0292 I0.1056 J-0.9416
X0.4324 Y-0.027 I0.1061 J-2.5256
X0.5616 Y-0.0264 I0.1235 J-12.2903
G1 X0.5915
X0.6312 Y-0.0263
X0.6909
X0.8301
X1.7847
X1.7946
G3 X1.8642 Y-0.026 I0.0128 J5.297
G1 X1.8741 Y-0.0258
X1.8841 Y-0.0254
X1.8928 Y-0.025
G3 X1.9147 Y-0.0225 I-0.0137 J0.2182
G1 X1.923 Y-0.0206
X1.9312 Y-0.018
X1.939 Y-0.0145
X1.9465 Y-0.0104
X1.9536 Y-0.0055
X1.9601 Y0.
X1.9662 Y0.0056
X1.97 Y0.0092
X1.9756 Y0.0225 Z0.402
X1.9769 Y0.0374 Z0.404
X1.977 Y0.0386
X1.9846 Y0.1236 F280.
G2 X2.0615 Y0.2105 I0.098 J-0.0093
G1 X2.1345 Y0.2236
X2.2862 Y0.223
X2.348 Y0.2091
X2.4435 Y0.1731
X2.4772 Y0.1515
X2.5647 Y0.0674
X2.6137 Y0.0012
X2.6538 Y-0.0786
X2.6759 Y-0.1587
X2.6845 Y-0.2303
X2.685 Y-0.236
X2.6802 Y-0.3146
X2.6652 Y-0.3901
X2.6276 Y-0.4775
X2.5832 Y-0.545
X2.5277 Y-0.6052
X2.4547 Y-0.6598
X2.3761 Y-0.698
X2.3031 Y-0.7199
X2.2525 Y-0.7236
X2.1121 Y-0.7215
X2.0615 Y-0.7105
G2 X1.9941 Y-0.6574 I0.0211 J0.0961
G1 Y-0.6573
G2 X1.9845 Y-0.6068 I0.0886 J0.0429
G1 X1.9885 Y-0.5632
G3 Y-0.545 I-0.0616 J0.0091
G1 X1.985 Y-0.5366
X1.9846 Y-0.5355 F80.
X1.9769 Y-0.5169 Z0.4013
X1.9708 Y-0.5098 Z0.4
X1.966 Y-0.5055
X1.9616 Y-0.5013
G3 X1.9449 Y-0.4905 I-0.047 J-0.0545
X1.9224 Y-0.4819 I-0.0621 J-0.1275
X1.8926 Y-0.4748 I-0.0738 J-0.2447
X1.8545 Y-0.4696 I-0.0784 J-0.4364
X1.785 Y-0.4656 I-0.0956 J-1.0565
X1.6955 Y-0.4641 I-0.102 J-3.4033
X1.5364 Y-0.4637 I-0.1378 J-20.8897
G1 X1.4867
X1.3972
X0.3731
G2 X0.3035 Y-0.4634 I-0.013 J5.109
X0.2637 Y-0.4616 I0.0094 J0.6713
G1 X0.2538 Y-0.4607
X0.244 Y-0.4595
X0.2341 Y-0.4579
X0.2244 Y-0.4561
X0.2147 Y-0.4538
X0.2051 Y-0.4511
X0.1957 Y-0.448
X0.1864 Y-0.4444
X0.1773 Y-0.4404
X0.1684 Y-0.436
X0.1597 Y-0.4311
X0.1513 Y-0.4258
X0.1432 Y-0.42
X0.1354 Y-0.4139
X0.1279 Y-0.4074
X0.1207 Y-0.4005
X0.1138 Y-0.3933
X0.1073 Y-0.3858
X0.1012 Y-0.378
X0.0954 Y-0.3699
X0.09 Y-0.3615
X0.085 Y-0.3529
X0.0803 Y-0.3442
X0.076 Y-0.3352
X0.0721 Y-0.3261
X0.0685 Y-0.3168
X0.0654 Y-0.3073
X0.0626 Y-0.2978
X0.0603 Y-0.2881
X0.0583 Y-0.2784
X0.0569 Y-0.2685
X0.0559 Y-0.2587
X0.0554 Y-0.2487
Y-0.2388
X0.0559 Y-0.2289
X0.057 Y-0.219
X0.0586 Y-0.2092
X0.0608 Y-0.1995
X0.0635 Y-0.1899
X0.0668 Y-0.1805
X0.0706 Y-0.1713
X0.0749 Y-0.1624
X0.0798 Y-0.1537
X0.0851 Y-0.1453
X0.0909 Y-0.1372
X0.0971 Y-0.1294
X0.1037 Y-0.122
X0.1107 Y-0.1149
X0.118 Y-0.1082
X0.1257 Y-0.1019
X0.1337 Y-0.096
X0.1419 Y-0.0904
X0.1504 Y-0.0852
X0.1591 Y-0.0804
X0.168 Y-0.0759
X0.177 Y-0.0718
X0.1862 Y-0.068
X0.1955 Y-0.0646
X0.205 Y-0.0614
G2 X0.2435 Y-0.0515 I0.1116 J-0.3552
X0.2926 Y-0.044 I0.1059 J-0.5298
X0.362 Y-0.0391 I0.1062 J-1.0011
X0.4515 Y-0.037 I0.1069 J-2.6674
X0.6106 Y-0.0364 I0.1337 J-14.0408
G1 X0.6504 Y-0.0363
X0.71
X0.8492
X1.764
G3 X1.8436 Y-0.0361 I0.0158 J8.8065
G1 X1.8535 Y-0.0359
G3 X1.8881 Y-0.0343 I-0.0068 J0.5113
X1.9099 Y-0.0311 I-0.0175 J0.1957
G1 X1.9183 Y-0.0288
X1.9264 Y-0.0256
X1.9342 Y-0.0217
X1.9415 Y-0.017
X1.9483 Y-0.0116
X1.9546 Y-0.0055
X1.9593 Y0.0112 Z0.4024
X1.9595 Y0.0233 Z0.404
Y0.0245
X1.9609 Y0.1068 F280.
G2 X1.966 Y0.1348 I0.0984 J-0.0035
G1 X1.9801 Y0.1629
G2 X2.0278 Y0.2079 I0.0875 J-0.0451
G1 X2.0671 Y0.2168
X2.157 Y0.2238
X2.2862 Y0.2224
X2.348 Y0.2089
X2.441 Y0.1742
X2.4772 Y0.1515
X2.5647 Y0.0674
X2.6137 Y0.0012
X2.6538 Y-0.0786
X2.6759 Y-0.1587
X2.685 Y-0.236
X2.6803 Y-0.3146
X2.6652 Y-0.3901
X2.6276 Y-0.4775
X2.5832 Y-0.545
X2.5268 Y-0.6062
X2.4547 Y-0.6598
X2.3799 Y-0.6966
X2.3031 Y-0.7199
X2.2525 Y-0.7236
X2.1121 Y-0.7215
X2.0559 Y-0.7068
G2 X1.9853 Y-0.618 I0.0276 J0.0945
G1 X1.9799 Y-0.545
G3 X1.9772 Y-0.5273 I-0.0623 J-0.0006
G1 X1.9769 Y-0.5262 F80.
G3 X1.9616 Y-0.5013 Z0.4 I-0.0592 J-0.0194
G1 X1.9601 Y-0.5
X1.9548 Y-0.4947
X1.9546 Y-0.4945
G3 X1.9398 Y-0.4838 I-0.0431 J-0.0439
X1.9206 Y-0.4753 I-0.0588 J-0.1065
X1.8897 Y-0.4668 I-0.0753 J-0.2132
X1.8539 Y-0.4611 I-0.0794 J-0.3835
X1.7944 Y-0.4566 I-0.092 J-0.8261
X1.705 Y-0.4544 I-0.1055 J-2.4792
X1.5757 Y-0.4538 I-0.1188 J-11.2442
G1 X1.5459 Y-0.4537
X1.5161
X1.4663
X1.3769
X0.4024
G2 X0.3229 Y-0.4534 I-0.0161 J7.413
X0.2831 Y-0.4519 I0.0103 J0.8186
G1 X0.2732 Y-0.4511
X0.2633 Y-0.4501
X0.2535 Y-0.4488
X0.2437 Y-0.4471
X0.2339 Y-0.4451
X0.2243 Y-0.4427
X0.2147 Y-0.4399
X0.2053 Y-0.4366
X0.1961 Y-0.4329
X0.1871 Y-0.4288
X0.1782 Y-0.4243
X0.1696 Y-0.4193
X0.1612 Y-0.4139
X0.1532 Y-0.4081
X0.1454 Y-0.4019
X0.1379 Y-0.3953
X0.1308 Y-0.3884
X0.124 Y-0.3811
X0.1176 Y-0.3735
X0.1116 Y-0.3656
X0.1059 Y-0.3575
X0.1006 Y-0.3491
X0.0957 Y-0.3404
X0.0911 Y-0.3316
X0.0871 Y-0.3225
X0.0834 Y-0.3132
X0.0802 Y-0.3038
X0.0775 Y-0.2943
X0.0752 Y-0.2846
X0.0735 Y-0.2748
X0.0723 Y-0.2649
X0.0717 Y-0.255
X0.0716 Y-0.2451
X0.0721 Y-0.2351
X0.0732 Y-0.2252
X0.0749 Y-0.2154
X0.0771 Y-0.2057
X0.0799 Y-0.1962
X0.0833 Y-0.1869
X0.0873 Y-0.1777
X0.0918 Y-0.1689
X0.0967 Y-0.1603
X0.1022 Y-0.152
X0.1081 Y-0.144
X0.1145 Y-0.1363
X0.1213 Y-0.129
X0.1284 Y-0.1221
X0.1359 Y-0.1156
X0.1437 Y-0.1094
X0.1518 Y-0.1036
X0.1601 Y-0.0982
X0.1687 Y-0.0932
X0.1775 Y-0.0885
X0.1864 Y-0.0842
X0.1956 Y-0.0802
X0.2048 Y-0.0766
X0.2142 Y-0.0733
G2 X0.2525 Y-0.0628 I0.1131 J-0.3396
X0.3016 Y-0.0548 I0.1075 J-0.5037
X0.371 Y-0.0494 I0.1077 J-0.94
X0.4604 Y-0.0471 I0.1084 J-2.4527
X0.5996 Y-0.0464 I0.1251 J-11.1863
G1 X0.6295
X0.6692 Y-0.0463
X0.7289
X0.8582
X1.7531
G3 X1.8326 Y-0.0461 I0.0145 J7.3866
X1.8713 Y-0.0446 I-0.0085 J0.7574
X1.8967 Y-0.0415 I-0.0159 J0.2349
X1.9129 Y-0.0375 I-0.0269 J0.1428
G1 X1.9155 Y-0.0366
X1.9231 Y-0.0334
X1.9302 Y-0.0293
X1.9367 Y-0.0243
X1.9426 Y-0.0185
X1.9436 Y-0.0175
X1.9493 Y-0.0112
X1.9546 Y-0.0055
X1.9593 Y0.0112 Z0.4024
X1.9595 Y0.0233 Z0.404
Y0.0245
X1.9609 Y0.1068 F280.
G2 X1.966 Y0.1348 I0.0984 J-0.0035
G1 X1.9801 Y0.1629
G2 X2.0278 Y0.2079 I0.0875 J-0.0451
G1 X2.0671 Y0.2168
X2.157 Y0.2238
X2.2862 Y0.2224
X2.348 Y0.2091
X2.4408 Y0.1742
X2.4769 Y0.1517
X2.5647 Y0.0674
X2.6137 Y0.0012
X2.6538 Y-0.0786
X2.6759 Y-0.1587
X2.6852 Y-0.2416
X2.6794 Y-0.3213
X2.6641 Y-0.3933
X2.6221 Y-0.4888
X2.5951 Y-0.5428
G2 X2.5654 Y-0.5787 I-0.0885 J0.043
G1 X2.4491 Y-0.6633
X2.3796 Y-0.6966
X2.3031 Y-0.7199
X2.2525 Y-0.7236
X2.1121 Y-0.7215
X2.0283 Y-0.6966
G2 X1.9618 Y-0.5899 I0.0311 J0.0934
G1 X1.9692 Y-0.545
G3 X1.9684 Y-0.5216 I-0.0616 J0.0095
G1 X1.9681 Y-0.5204 F80.
G3 X1.9546 Y-0.4945 Z0.4 I-0.0605 J-0.015
G1 X1.9492 Y-0.4886
X1.9477 Y-0.487
G3 X1.9318 Y-0.4752 I-0.0463 J-0.0456
X1.9083 Y-0.4649 I-0.0643 J-0.1155
X1.8812 Y-0.4575 I-0.0746 J-0.2199
X1.8455 Y-0.4516 I-0.0819 J-0.3837
X1.7861 Y-0.4469 I-0.0938 J-0.8002
X1.6966 Y-0.4445 I-0.1071 J-2.3301
X1.5574 Y-0.4438 I-0.1256 J-10.9298
G1 X1.5276 Y-0.4437
X1.4978
X1.4481
X1.3586
X0.4139
G2 X0.3344 Y-0.4433 I-0.015 J6.0374
X0.2947 Y-0.4417 I0.0125 J0.7935
G1 X0.2848 Y-0.4409
X0.2749 Y-0.4398
X0.265 Y-0.4384
X0.2552 Y-0.4367
X0.2455 Y-0.4346
X0.2359 Y-0.4322
X0.2263 Y-0.4293
X0.2169 Y-0.4261
X0.2077 Y-0.4224
X0.1987 Y-0.4182
X0.1898 Y-0.4137
X0.1812 Y-0.4087
X0.1729 Y-0.4033
X0.1648 Y-0.3975
X0.157 Y-0.3913
X0.1496 Y-0.3847
X0.1425 Y-0.3778
X0.1357 Y-0.3705
X0.1293 Y-0.3629
X0.1233 Y-0.3549
X0.1177 Y-0.3467
X0.1126 Y-0.3382
X0.1078 Y-0.3294
X0.1036 Y-0.3204
X0.0999 Y-0.3112
X0.0967 Y-0.3018
X0.094 Y-0.2922
X0.0919 Y-0.2825
X0.0904 Y-0.2727
X0.0895 Y-0.2628
X0.0892 Y-0.2529
X0.0895 Y-0.2429
X0.0907 Y-0.233
X0.0924 Y-0.2233
X0.0948 Y-0.2136
X0.0977 Y-0.2041
X0.1012 Y-0.1948
X0.1053 Y-0.1857
X0.1099 Y-0.1769
X0.115 Y-0.1684
X0.1206 Y-0.1602
X0.1267 Y-0.1523
X0.1332 Y-0.1447
X0.14 Y-0.1376
X0.1473 Y-0.1308
X0.1549 Y-0.1244
X0.1628 Y-0.1183
X0.171 Y-0.1127
X0.1794 Y-0.1074
X0.1881 Y-0.1025
X0.1969 Y-0.098
X0.2059 Y-0.0938
X0.2151 Y-0.0899
X0.2244 Y-0.0864
X0.2338 Y-0.0832
G2 X0.2799 Y-0.0717 I0.1122 J-0.3503
X0.339 Y-0.0637 I0.1103 J-0.5924
X0.4184 Y-0.0593 I0.1099 J-1.2617
X0.5178 Y-0.0577 I0.1107 J-3.8313
X0.6769 Y-0.0573 I0.1385 J-22.2857
G1 X0.7266 Y-0.0572
X0.8161
X1.7309
G3 X1.8186 Y-0.0569 I0.0179 J7.17
X1.8603 Y-0.0552 I-0.0121 J0.8014
X1.8915 Y-0.051 I-0.0227 J0.2898
G1 X1.8921 Y-0.0509
X1.9011 Y-0.0485
X1.9098 Y-0.045
X1.918 Y-0.0407
X1.9257 Y-0.0354
X1.9328 Y-0.0293
X1.9391 Y-0.0225
X1.9426 Y-0.0185
X1.9469 Y-0.0056 Z0.4019
X1.9431 Y0.0097 Z0.404
X1.9428 Y0.0109
X1.93 Y0.0618 F280.
G2 X1.9808 Y0.1742 I0.0953 J0.0246
G1 X2.0503 Y0.2051
X2.1233 Y0.2229
X2.275 Y0.2228
X2.338 Y0.2124
X2.441 Y0.1742
X2.4772 Y0.1515
X2.5647 Y0.0674
X2.6137 Y0.0012
X2.6538 Y-0.0786
X2.6759 Y-0.1587
X2.685 Y-0.236
X2.6802 Y-0.3146
X2.6652 Y-0.3901
X2.6249 Y-0.4832
X2.5951 Y-0.5428
G2 X2.5654 Y-0.5787 I-0.0885 J0.043
G1 X2.4491 Y-0.6633
X2.3796 Y-0.6966
X2.3031 Y-0.7199
X2.2525 Y-0.7236
X2.1121 Y-0.7215
X2.0334 Y-0.6982
G2 X1.9609 Y-0.6011 I0.0259 J0.095
G1 X1.9624 Y-0.5337
G3 X1.9612 Y-0.5141 I-0.062 J0.0061
G1 X1.961 Y-0.5129 F80.
G3 X1.9492 Y-0.4888 Z0.4003 I-0.0606 J-0.0147
G1 X1.9477 Y-0.487 Z0.4
X1.9436 Y-0.4825
X1.94 Y-0.4785
G3 X1.9256 Y-0.4672 I-0.0458 J-0.0434
X1.905 Y-0.4574 I-0.0617 J-0.103
X1.8712 Y-0.4476 I-0.0784 J-0.2076
X1.8311 Y-0.4411 I-0.0838 J-0.3867
X1.7715 Y-0.4363 I-0.0957 J-0.8152
X1.6991 Y-0.434 I-0.0971 J-1.9103
X1.5819 Y-0.433 I-0.1152 J-6.7699
X1.4825 Y-0.4328 I-0.0944 J-25.8351
G1 X1.4328
X1.3514
X0.9673
X0.4434
G2 X0.3576 Y-0.4325 I-0.0176 J9.0465
X0.3179 Y-0.4313 I0.0118 J1.0228
G1 X0.308 Y-0.4306
X0.2981 Y-0.4298
X0.2882 Y-0.4287
X0.2783 Y-0.4273
X0.2685 Y-0.4255
X0.2588 Y-0.4235
X0.2492 Y-0.421
X0.2396 Y-0.4182
X0.2303 Y-0.4149
X0.221 Y-0.4112
X0.212 Y-0.4071
X0.2031 Y-0.4026
X0.1945 Y-0.3976
X0.1861 Y-0.3922
X0.1781 Y-0.3864
X0.1703 Y-0.3802
X0.1629 Y-0.3736
X0.1558 Y-0.3666
X0.1491 Y-0.3592
X0.1429 Y-0.3515
X0.1371 Y-0.3434
X0.1318 Y-0.335
X0.127 Y-0.3263
X0.1227 Y-0.3173
X0.119 Y-0.3081
X0.116 Y-0.2986
X0.1136 Y-0.289
X0.1119 Y-0.2792
X0.1108 Y-0.2693
X0.1105 Y-0.2594
X0.1108 Y-0.2494
X0.1117 Y-0.2395
X0.1134 Y-0.2297
X0.1157 Y-0.22
X0.1186 Y-0.2105
X0.1222 Y-0.2013
X0.1263 Y-0.1922
X0.131 Y-0.1835
X0.1362 Y-0.175
X0.142 Y-0.1669
X0.1482 Y-0.1591
X0.1548 Y-0.1517
X0.1618 Y-0.1447
X0.1692 Y-0.138
X0.177 Y-0.1318
X0.185 Y-0.1259
X0.1933 Y-0.1205
X0.2019 Y-0.1154
X0.2106 Y-0.1107
X0.2196 Y-0.1063
X0.2287 Y-0.1023
X0.2298 Y-0.1019
X0.2391 Y-0.0983
X0.2487 Y-0.0957
X0.2586 Y-0.0943
X0.2685 Y-0.094
X0.2784 Y-0.0949
X0.2882 Y-0.0969
X0.2976 Y-0.0999
X0.3021 Y-0.102
X0.3032 Y-0.1026
X0.304 Y-0.103
X0.3128 Y-0.0983
X0.3217 Y-0.094
X0.3309 Y-0.0902
X0.3403 Y-0.0869
X0.3498 Y-0.084
X0.3595 Y-0.0815
X0.3692 Y-0.0794
G2 X0.4085 Y-0.0736 I0.0774 J-0.3908
X0.468 Y-0.07 I0.0824 J-0.8604
X0.5575 Y-0.0685 I0.0955 J-3.1383
X0.6383 Y-0.0682 I0.0819 J-11.2814
G1 X0.6433 Y-0.0685
X0.6482 Y-0.0691
X0.6507 Y-0.0695
X0.6519 Y-0.0697
X0.6522 Y-0.0698
G2 X0.7317 Y-0.0684 I0.08 J-2.2917
X0.8709 Y-0.0681 I0.1086 J-21.6186
G1 X0.9735
X0.9784 Y-0.0684
X0.9834 Y-0.069
X0.9858 Y-0.0694
X0.987 Y-0.0696
X0.9876 Y-0.0698
G2 X1.0672 Y-0.0684 I0.0796 J-2.2553
X1.1666 Y-0.0681 I0.0846 J-14.8477
G1 X1.2163
X1.3077
X1.3126 Y-0.0684
X1.3176 Y-0.069
X1.32 Y-0.0694
X1.3209 Y-0.0696
G2 X1.4005 Y-0.0683 I0.0794 J-2.5405
X1.5297 Y-0.0681 I0.1015 J-22.2515
G1 X1.6276
X1.6425
X1.6475 Y-0.0684
X1.6524 Y-0.069
X1.6549 Y-0.0694
X1.6558 Y-0.0696
G2 X1.7353 Y-0.0683 I0.0802 J-2.5724
G3 X1.8012 Y-0.0678 I-0.0322 J8.6021
X1.8457 Y-0.0661 I-0.0133 J0.9095
X1.876 Y-0.0626 I-0.0227 J0.3252
G1 X1.8772 Y-0.0623
X1.8784 Y-0.0621
X1.8796 Y-0.0619
X1.8807 Y-0.0616
X1.8819 Y-0.0614
X1.8837 Y-0.061
X1.8843 Y-0.0608
X1.8924 Y-0.0585
X1.9002 Y-0.0555
X1.9077 Y-0.0517
X1.9147 Y-0.0472
X1.9214 Y-0.0421
X1.9275 Y-0.0363
X1.933 Y-0.03
X1.9345 Y-0.0281
X1.9391 Y-0.0225
X1.9427 Y-0.0056 Z0.4023
X1.9421 Y0.0066 Z0.404
Y0.0078
X1.9382 Y0.0899 F280.
G2 X1.9492 Y0.138 I0.0984 J0.0028
G1 X1.9503 Y0.1405
G2 X1.9885 Y0.1854 I0.0906 J-0.0384
G1 X2.0278 Y0.2004
X2.1233 Y0.2229
X2.275 Y0.2228
X2.338 Y0.2124
X2.441 Y0.1742
X2.4772 Y0.1515
X2.5647 Y0.0674
X2.6137 Y0.0012
X2.6538 Y-0.0786
X2.6759 Y-0.1587
X2.685 Y-0.236
X2.6802 Y-0.3146
X2.6652 Y-0.3901
X2.6249 Y-0.4832
X2.5951 Y-0.5428
G2 X2.5654 Y-0.5787 I-0.0885 J0.043
G1 X2.4491 Y-0.6633
X2.3796 Y-0.6966
X2.3031 Y-0.7199
X2.2525 Y-0.7236
X2.1121 Y-0.7215
X2.0278 Y-0.6965
X2.0024 Y-0.6854
G2 X1.9604 Y-0.6518 I0.0383 J0.0907
G1 Y-0.6517
G2 X1.9446 Y-0.573 I0.0803 J0.057
G1 X1.9537 Y-0.5281
G3 X1.9532 Y-0.5059 I-0.0616 J0.0096
G1 X1.9529 Y-0.5047 F80.
G3 X1.9436 Y-0.4833 Z0.4008 I-0.0608 J-0.0138
G1 X1.94 Y-0.4785 Z0.4
X1.9391 Y-0.4775
X1.9345 Y-0.4719
X1.9341 Y-0.4715
G3 X1.9205 Y-0.4597 I-0.0437 J-0.0369
X1.9014 Y-0.4498 I-0.0607 J-0.0931
X1.87 Y-0.4396 I-0.0779 J-0.1869
X1.8262 Y-0.4315 I-0.0894 J-0.3621
X1.775 Y-0.4266 I-0.0933 J-0.7014
G1 X1.7726 Y-0.4264
X1.7627 Y-0.4258
X1.7529 Y-0.424
X1.7434 Y-0.4212
X1.7343 Y-0.4172
X1.7256 Y-0.4123
X1.7176 Y-0.4064
X1.7167 Y-0.4056
X1.716 Y-0.4049
X1.7066 Y-0.408
X1.697 Y-0.4106
X1.6873 Y-0.4128
X1.6775 Y-0.4146
G2 X1.638 Y-0.4191 I-0.0662 J0.4037
X1.5784 Y-0.4213 I-0.0687 J1.0475
X1.479 Y-0.4218 I-0.082 J6.2736
G1 X1.4491 Y-0.4219
X1.4392
X1.4293 Y-0.4207
X1.4196 Y-0.4185
X1.4103 Y-0.4152
X1.4013 Y-0.4108
X1.393 Y-0.4054
X1.3891 Y-0.4022
X1.3873 Y-0.4006
X1.3864 Y-0.3997
X1.3857 Y-0.399
X1.3765 Y-0.4028
X1.3672 Y-0.4061
X1.3576 Y-0.4089
X1.348 Y-0.4113
X1.3382 Y-0.4133
X1.3284 Y-0.415
G2 X1.2889 Y-0.4191 I-0.0669 J0.4469
X1.2293 Y-0.4212 I-0.0707 J1.1574
X1.1199 Y-0.4218 I-0.0914 J7.0388
G1 X1.1099
X1.1001 Y-0.4207
X1.0904 Y-0.4185
X1.081 Y-0.4151
X1.0721 Y-0.4108
X1.0637 Y-0.4054
X1.056 Y-0.3991
X1.0543 Y-0.3973
X1.0534 Y-0.3964
X1.0532 Y-0.3962
X1.0442 Y-0.4003
X1.0349 Y-0.4039
X1.0255 Y-0.407
X1.0159 Y-0.4097
X1.0062 Y-0.412
X0.9965 Y-0.4139
X0.9866 Y-0.4154
G2 X0.9471 Y-0.4193 I-0.0664 J0.4731
X0.8874 Y-0.4213 I-0.0705 J1.2419
X0.7681 Y-0.4218 I-0.0968 J8.3037
G1 X0.7583 Y-0.4207
X0.7486 Y-0.4185
X0.7392 Y-0.4151
X0.7303 Y-0.4108
X0.7219 Y-0.4054
X0.718 Y-0.4022
X0.7162 Y-0.4006
X0.7155 Y-0.3999
X0.7063 Y-0.4036
X0.6969 Y-0.4067
X0.6873 Y-0.4095
X0.6776 Y-0.4118
X0.6679 Y-0.4137
X0.6581 Y-0.4153
G2 X0.6185 Y-0.4193 I-0.0666 J0.4648
X0.5589 Y-0.4213 I-0.0705 J1.2149
X0.4595 Y-0.4218 I-0.0861 J6.757
G1 X0.4396
X0.4297 Y-0.4207
X0.42 Y-0.4185
X0.4106 Y-0.4151
X0.4017 Y-0.4107
X0.3933 Y-0.4054
X0.3856 Y-0.3991
X0.3822 Y-0.3955
X0.3806 Y-0.3936
X0.3798 Y-0.3927
X0.3794 Y-0.3922
X0.3704 Y-0.3964
X0.3611 Y-0.4001
X0.3517 Y-0.4032
X0.3421 Y-0.4056
X0.3323 Y-0.4075
X0.3224 Y-0.4089
X0.3125 Y-0.4097
X0.3026 Y-0.41
X0.2927 Y-0.4098
X0.2827 Y-0.409
X0.2729 Y-0.4077
X0.2631 Y-0.406
X0.2534 Y-0.4036
X0.2439 Y-0.4008
X0.2345 Y-0.3975
X0.2253 Y-0.3937
X0.2164 Y-0.3893
X0.2077 Y-0.3845
X0.1993 Y-0.3792
X0.1912 Y-0.3734
X0.1835 Y-0.3671
X0.1762 Y-0.3604
X0.1693 Y-0.3532
X0.163 Y-0.3456
X0.1571 Y-0.3375
X0.1519 Y-0.3291
X0.1472 Y-0.3203
X0.1433 Y-0.3112
X0.14 Y-0.3018
X0.1374 Y-0.2922
X0.1355 Y-0.2824
X0.1344 Y-0.2725
X0.134 Y-0.2626
X0.1343 Y-0.2527
X0.1354 Y-0.2428
X0.1372 Y-0.233
X0.1396 Y-0.2233
X0.1428 Y-0.2139
X0.1465 Y-0.2047
X0.1509 Y-0.1958
X0.1559 Y-0.1872
X0.1614 Y-0.1789
X0.1674 Y-0.1709
X0.1738 Y-0.1634
X0.1807 Y-0.1562
X0.1882 Y-0.1497
X0.1963 Y-0.1439
X0.2049 Y-0.139
X0.2141 Y-0.1352
X0.2237 Y-0.1324
X0.2335 Y-0.1307
X0.2434 Y-0.1302
X0.2533 Y-0.1308
X0.2631 Y-0.1326
X0.2727 Y-0.1354
X0.2818 Y-0.1393
X0.2904 Y-0.1442
X0.2985 Y-0.1501
X0.3058 Y-0.1568
X0.3122 Y-0.1644
X0.315 Y-0.1685
X0.3163 Y-0.1706
X0.3167 Y-0.1713
X0.321 Y-0.1623
X0.3261 Y-0.1538
X0.3319 Y-0.1458
X0.3384 Y-0.1382
X0.3454 Y-0.1312
X0.353 Y-0.1247
X0.361 Y-0.1188
X0.3694 Y-0.1135
X0.3781 Y-0.1086
X0.387 Y-0.1043
X0.3962 Y-0.1005
X0.4056 Y-0.0972
X0.4151 Y-0.0943
X0.4247 Y-0.0918
X0.4344 Y-0.0896
X0.4442 Y-0.0878
G2 X0.4837 Y-0.0831 I0.0737 J-0.4436
X0.5433 Y-0.0802 I0.0783 J-1.0266
X0.6029 Y-0.0794 I0.0636 J-2.5437
G1 X0.6128 Y-0.0806
X0.6225 Y-0.0828
X0.6319 Y-0.0862
X0.6408 Y-0.0905
X0.6491 Y-0.0959
X0.6569 Y-0.1022
X0.6603 Y-0.1058
X0.6607 Y-0.1062
X0.6697 Y-0.1019
X0.6789 Y-0.0982
X0.6883 Y-0.0949
X0.6978 Y-0.0921
X0.7075 Y-0.0897
X0.7172 Y-0.0877
X0.727 Y-0.086
G2 X0.7666 Y-0.0818 I0.0674 J-0.4483
X0.8262 Y-0.0797 I0.0712 J-1.1486
X0.9356 Y-0.0791 I0.092 J-6.8419
G1 X0.9454 Y-0.0802
X0.9551 Y-0.0824
X0.9645 Y-0.0858
X0.9734 Y-0.0901
X0.9818 Y-0.0955
X0.9895 Y-0.1018
X0.993 Y-0.1053
X0.9938 Y-0.1063
X0.9944 Y-0.107
X0.9946 Y-0.1072
X1.0035 Y-0.1028
X1.0126 Y-0.099
X1.022 Y-0.0956
X1.0315 Y-0.0927
X1.0411 Y-0.0902
X1.0509 Y-0.0881
X1.0607 Y-0.0864
G2 X1.1002 Y-0.082 I0.0678 J-0.4315
X1.1598 Y-0.0797 I0.0714 J-1.0955
X1.2692 Y-0.0791 I0.0919 J-6.4996
G1 X1.2791 Y-0.0798
X1.2888 Y-0.0817
X1.2983 Y-0.0847
X1.3074 Y-0.0888
X1.3159 Y-0.0939
X1.3239 Y-0.0999
X1.3274 Y-0.1033
X1.3291 Y-0.1051
X1.3298 Y-0.1059
X1.33 Y-0.1061
X1.3389 Y-0.1018
X1.3481 Y-0.0981
X1.3575 Y-0.0948
X1.3671 Y-0.092
X1.3767 Y-0.0896
X1.3865 Y-0.0876
X1.3963 Y-0.086
G2 X1.4358 Y-0.0818 I0.0673 J-0.4503
X1.4954 Y-0.0797 I0.0711 J-1.157
X1.6048 Y-0.0791 I0.0918 J-6.9234
G1 X1.6147 Y-0.0802
X1.6244 Y-0.0824
X1.6338 Y-0.0858
X1.6427 Y-0.0901
X1.6511 Y-0.0955
X1.6588 Y-0.1018
X1.6622 Y-0.1053
X1.663 Y-0.1063
X1.6636 Y-0.107
X1.6726 Y-0.1026
X1.6817 Y-0.0988
X1.6911 Y-0.0954
X1.7006 Y-0.0925
X1.7102 Y-0.0901
X1.72 Y-0.088
X1.7298 Y-0.0862
G2 X1.7693 Y-0.0817 I0.0733 J-0.468
X1.8139 Y-0.0789 I0.1868 J-2.5868
G3 X1.8545 Y-0.0752 I-0.0384 J0.6423
X1.8804 Y-0.07 I-0.0297 J0.2165
G1 X1.8892 Y-0.067
X1.8976 Y-0.0631
X1.9055 Y-0.0584
X1.9129 Y-0.0528
X1.9196 Y-0.0464
X1.9256 Y-0.0393
X1.9267 Y-0.0379
X1.9329 Y-0.0301
X1.933 Y-0.03
X1.9365 Y-0.0168 Z0.4018
X1.9346 Y-0.0011 Z0.404
X1.9344 Y0.0001
X1.9255 Y0.073 F280.
G2 X1.938 Y0.1351 I0.0973 J0.0127
G1 X1.9482 Y0.1517
G2 X2.0054 Y0.1936 I0.0827 J-0.0528
G1 X2.1233 Y0.2228
X2.275 Y0.2227
X2.3325 Y0.2128
X2.4379 Y0.1756
X2.4716 Y0.1561
X2.5645 Y0.0674
X2.6142 Y0.
X2.6536 Y-0.0786
X2.6758 Y-0.1588
X2.685 Y-0.24
X2.6801 Y-0.3146
X2.665 Y-0.3901
X2.6248 Y-0.4832
X2.5951 Y-0.5424
G2 X2.567 Y-0.5772 I-0.0884 J0.0426
G1 X2.4491 Y-0.6631
X2.3791 Y-0.6966
X2.3705 Y-0.7
X2.3648 Y-0.7023
X2.2918 Y-0.7219
X2.1121 Y-0.7213
X2.0278 Y-0.6963
X1.9809 Y-0.6742
G2 X1.9717 Y-0.6686 I0.0458 J0.0868
G1 X1.9715
G2 X1.938 Y-0.6292 I0.0552 J0.0811
X1.9337 Y-0.5562 I0.0888 J0.0418
G1 X1.943 Y-0.5281
G3 X1.9456 Y-0.4996 I-0.0591 J0.0197
G1 X1.9454 Y-0.4984 F80.
G3 X1.9341 Y-0.4715 Z0.4 I-0.0615 J-0.01
G1 X1.9323 Y-0.4692
X1.9274 Y-0.4629
G3 X1.9138 Y-0.451 I-0.0455 J-0.0381
X1.8926 Y-0.4399 I-0.0643 J-0.0968
X1.86 Y-0.4294 I-0.0812 J-0.1962
X1.8174 Y-0.4214 I-0.0917 J-0.3715
X1.8002 Y-0.4192 I-0.0824 J-0.5666
G1 X1.7905 Y-0.4174
X1.7808 Y-0.415
X1.7713 Y-0.4122
X1.7621 Y-0.4084
X1.7534 Y-0.4035
X1.7454 Y-0.3976
X1.7381 Y-0.3909
X1.7315 Y-0.3834
X1.7259 Y-0.3752
X1.7213 Y-0.3664
X1.7176 Y-0.3572
X1.7172 Y-0.356
X1.7171 Y-0.3556
X1.7099 Y-0.3624
X1.7022 Y-0.3687
X1.694 Y-0.3745
X1.6855 Y-0.3796
X1.6768 Y-0.3843
X1.6677 Y-0.3884
X1.6584 Y-0.392
X1.649 Y-0.3952
X1.6394 Y-0.3979
X1.6298 Y-0.4002
X1.62 Y-0.4022
G2 X1.5806 Y-0.4073 I-0.0712 J0.3963
X1.521 Y-0.4101 I-0.0736 J0.9332
X1.4812 Y-0.4106 I-0.0461 J1.9035
G1 X1.4713 Y-0.4099
X1.4615 Y-0.4086
X1.4517 Y-0.4067
X1.4422 Y-0.4038
X1.4331 Y-0.3998
X1.4245 Y-0.3948
X1.4165 Y-0.3889
X1.4092 Y-0.3821
X1.4028 Y-0.3745
X1.3973 Y-0.3663
X1.3926 Y-0.3575
X1.3887 Y-0.3483
X1.3855 Y-0.3389
X1.3854 Y-0.3386
X1.3795 Y-0.3466
X1.373 Y-0.3541
X1.3659 Y-0.3611
X1.3583 Y-0.3675
X1.3502 Y-0.3733
X1.3418 Y-0.3786
X1.333 Y-0.3833
X1.324 Y-0.3875
X1.3148 Y-0.3912
X1.3054 Y-0.3944
X1.2959 Y-0.3972
X1.2862 Y-0.3996
X1.2765 Y-0.4017
X1.2667 Y-0.4034
G2 X1.2272 Y-0.4078 I-0.0703 J0.4534
X1.1676 Y-0.4102 I-0.0737 J1.0958
G1 X1.1576 Y-0.4103
X1.1477 Y-0.4101
X1.1378 Y-0.4091
X1.128 Y-0.4075
X1.1183 Y-0.4053
X1.1088 Y-0.4024
X1.0996 Y-0.3984
X1.091 Y-0.3935
X1.083 Y-0.3875
X1.0758 Y-0.3808
X1.0693 Y-0.3732
X1.0638 Y-0.3649
X1.0591 Y-0.3562
X1.0551 Y-0.347
X1.0519 Y-0.3376
X1.0512 Y-0.3353
X1.0509 Y-0.334
X1.0454 Y-0.3423
X1.0392 Y-0.3501
X1.0324 Y-0.3573
X1.025 Y-0.364
X1.0172 Y-0.3701
X1.0089 Y-0.3757
X1.0004 Y-0.3807
X0.9915 Y-0.3852
X0.9824 Y-0.3892
X0.9731 Y-0.3927
X0.9636 Y-0.3957
X0.954 Y-0.3983
X0.9443 Y-0.4006
X0.9345 Y-0.4025
G2 X0.8951 Y-0.4073 I-0.0713 J0.415
X0.8355 Y-0.41 I-0.0743 J0.9803
G1 X0.8256 Y-0.4102
X0.8156 Y-0.4104
X0.8057 Y-0.4102
X0.7958 Y-0.4092
X0.786 Y-0.4077
X0.7763 Y-0.4053
X0.7669 Y-0.4019
X0.7581 Y-0.3975
X0.7497 Y-0.392
X0.7421 Y-0.3857
X0.7352 Y-0.3785
X0.7292 Y-0.3706
X0.7241 Y-0.362
X0.72 Y-0.353
X0.7165 Y-0.3437
X0.7159 Y-0.3413
X0.7158 Y-0.341
X0.7097 Y-0.3488
X0.703 Y-0.3562
X0.6957 Y-0.3629
X0.688 Y-0.3692
X0.6798 Y-0.3748
X0.6713 Y-0.38
X0.6625 Y-0.3845
X0.6534 Y-0.3886
X0.6441 Y-0.3922
X0.6347 Y-0.3953
X0.6251 Y-0.398
X0.6154 Y-0.4002
X0.6056 Y-0.4022
G2 X0.5662 Y-0.4072 I-0.0715 J0.4041
X0.5066 Y-0.41 I-0.0743 J0.9499
G1 X0.4967 Y-0.4102
X0.4867 Y-0.4104
X0.4768 Y-0.41
X0.4669 Y-0.4089
X0.4571 Y-0.4071
X0.4475 Y-0.4048
X0.438 Y-0.4016
X0.429 Y-0.3975
X0.4205 Y-0.3923
X0.4127 Y-0.3862
X0.4056 Y-0.3792
X0.3993 Y-0.3715
X0.394 Y-0.3631
X0.3894 Y-0.3543
X0.3855 Y-0.3451
X0.3824 Y-0.3357
X0.3798 Y-0.3261
X0.3779 Y-0.3163
G2 X0.3745 Y-0.2873 I0.3213 J0.0526
G3 X0.3721 Y-0.2686 I-0.2703 J-0.0241
X0.3693 Y-0.2575 I-0.0789 J-0.0144
G1 X0.3657 Y-0.2476
X0.3634 Y-0.238
X0.3622 Y-0.2281
X0.3621 Y-0.2181
X0.363 Y-0.2082
X0.365 Y-0.1985
X0.3679 Y-0.189
X0.3717 Y-0.1798
X0.3763 Y-0.171
X0.3817 Y-0.1626
X0.3877 Y-0.1547
X0.3944 Y-0.1474
X0.4016 Y-0.1405
X0.4093 Y-0.1342
X0.4174 Y-0.1284
X0.4259 Y-0.1232
X0.4346 Y-0.1185
X0.4437 Y-0.1144
X0.4529 Y-0.1107
X0.4623 Y-0.1074
X0.4718 Y-0.1046
X0.4815 Y-0.1022
X0.4912 Y-0.1001
G2 X0.5306 Y-0.0946 I0.0752 J-0.3928
G1 X0.5405 Y-0.0937
X0.5504 Y-0.093
X0.5603 Y-0.0927
X0.5703 Y-0.0932
X0.5801 Y-0.0944
X0.5899 Y-0.0962
X0.5995 Y-0.0987
X0.6088 Y-0.1023
X0.6176 Y-0.107
X0.6258 Y-0.1125
X0.6334 Y-0.119
X0.6401 Y-0.1264
X0.646 Y-0.1344
X0.6509 Y-0.143
X0.6552 Y-0.152
X0.6587 Y-0.1613
X0.6616 Y-0.1708
X0.6622 Y-0.1732
X0.6627 Y-0.1758
X0.6675 Y-0.1671
X0.673 Y-0.1588
X0.6792 Y-0.151
X0.686 Y-0.1437
X0.6933 Y-0.137
X0.7011 Y-0.1309
X0.7093 Y-0.1253
X0.7179 Y-0.1202
X0.7268 Y-0.1157
X0.7359 Y-0.1118
X0.7452 Y-0.1083
X0.7547 Y-0.1052
X0.7643 Y-0.1026
X0.7739 Y-0.1004
X0.7837 Y-0.0985
G2 X0.8232 Y-0.0936 I0.0714 J-0.4139
X0.8827 Y-0.0909 I0.0743 J-0.9779
G1 X0.8927 Y-0.0907
X0.9026 Y-0.0913
X0.9125 Y-0.0927
X0.9222 Y-0.0947
X0.9318 Y-0.0972
X0.9411 Y-0.1007
X0.95 Y-0.1052
X0.9583 Y-0.1107
X0.9659 Y-0.117
X0.9728 Y-0.1243
X0.9787 Y-0.1322
X0.984 Y-0.1407
X0.9884 Y-0.1496
X0.9922 Y-0.1588
X0.9953 Y-0.1682
X0.9965 Y-0.173
X0.997 Y-0.1755
X0.9973 Y-0.1767
X0.9975 Y-0.1776
X1.0021 Y-0.1688
X1.0074 Y-0.1604
X1.0135 Y-0.1525
X1.0202 Y-0.1451
X1.0274 Y-0.1383
X1.0351 Y-0.1321
X1.0433 Y-0.1264
X1.0518 Y-0.1212
X1.0606 Y-0.1166
X1.0697 Y-0.1125
X1.0789 Y-0.1089
X1.0884 Y-0.1058
X1.0979 Y-0.1031
X1.1076 Y-0.1008
X1.1174 Y-0.0988
G2 X1.1568 Y-0.0937 I0.0717 J-0.4011
X1.2164 Y-0.0909 I0.0745 J-0.9399
G1 X1.2263 Y-0.0907
X1.2363 Y-0.0911
X1.2461 Y-0.0922
X1.2559 Y-0.094
X1.2656 Y-0.0964
X1.275 Y-0.0996
X1.2839 Y-0.104
X1.2923 Y-0.1093
X1.3001 Y-0.1155
X1.307 Y-0.1226
X1.3132 Y-0.1304
X1.3185 Y-0.1388
X1.323 Y-0.1477
X1.3268 Y-0.1569
X1.33 Y-0.1663
X1.3312 Y-0.1711
X1.3318 Y-0.1735
X1.3321 Y-0.1749
X1.3369 Y-0.1662
X1.3425 Y-0.158
X1.3487 Y-0.1502
X1.3556 Y-0.143
X1.3629 Y-0.1364
X1.3708 Y-0.1303
X1.3791 Y-0.1248
X1.3877 Y-0.1198
X1.3966 Y-0.1153
X1.4057 Y-0.1114
X1.415 Y-0.1079
X1.4245 Y-0.1049
X1.4341 Y-0.1024
X1.4438 Y-0.1002
X1.4536 Y-0.0983
G2 X1.493 Y-0.0935 I0.0712 J-0.4204
X1.5626 Y-0.0907 I0.0751 J-1.0128
G1 X1.5725 Y-0.0914
X1.5823 Y-0.0928
X1.5921 Y-0.0948
X1.6017 Y-0.0974
X1.611 Y-0.1009
X1.6198 Y-0.1055
X1.6281 Y-0.111
X1.6356 Y-0.1175
X1.6424 Y-0.1247
X1.6483 Y-0.1327
X1.6535 Y-0.1412
X1.6579 Y-0.1501
X1.6617 Y-0.1593
X1.6647 Y-0.1688
X1.6659 Y-0.1736
X1.6662 Y-0.1748
X1.6665 Y-0.1762
X1.6712 Y-0.1674
X1.6766 Y-0.1591
X1.6828 Y-0.1513
X1.6895 Y-0.144
X1.6969 Y-0.1373
X1.7046 Y-0.1311
X1.7128 Y-0.1254
X1.7214 Y-0.1203
X1.7302 Y-0.1158
X1.7393 Y-0.1117
X1.7485 Y-0.1081
X1.7579 Y-0.1049
X1.7675 Y-0.1021
X1.7771 Y-0.0997
G2 X1.8162 Y-0.0923 I0.1187 J-0.5209
G3 X1.8533 Y-0.0859 I-0.1308 J0.8677
X1.8754 Y-0.0801 I-0.0486 J0.2307
G1 X1.8842 Y-0.0767
X1.8926 Y-0.0723
X1.9005 Y-0.0671
X1.9078 Y-0.061
X1.9144 Y-0.0542
X1.9202 Y-0.0466
X1.9229 Y-0.0337 Z0.4018
X1.9186 Y-0.0181 Z0.404
X1.9183 Y-0.0169
X1.9015 Y0.045 F280.
G2 X1.9397 Y0.1461 I0.0893 J0.024
G1 X2.0054 Y0.1836
X2.0784 Y0.2101
X2.1345 Y0.2206
X2.2806 Y0.2196
X2.3389 Y0.2079
X2.4338 Y0.1742
X2.4716 Y0.1516
X2.5614 Y0.0667
X2.612 Y-0.0017
X2.6513 Y-0.0803
X2.6733 Y-0.1611
X2.6822 Y-0.2416
X2.6772 Y-0.3146
X2.6752 Y-0.3258
G2 X2.6738 Y-0.3371 I-0.0923 J0.0061
G1 X2.6607 Y-0.3933
X2.6206 Y-0.485
X2.5932 Y-0.5393
G2 X2.5783 Y-0.5617 I-0.0836 J0.0396
G1 X2.5782 Y-0.5618
X2.5755 Y-0.5647
X2.5727 Y-0.5674
X2.4547 Y-0.6563
X2.3817 Y-0.6926
X2.3052 Y-0.7165
X2.2974 Y-0.7179
X2.2918 Y-0.7191
X2.1157
X2.0334 Y-0.6955
X2.0054 Y-0.6834
G2 X1.9877 Y-0.6742 I0.034 J0.0861
G1 Y-0.6741
G2 X1.9548 Y-0.635 I0.0517 J0.0767
G1 Y-0.6348
G2 X1.9492 Y-0.6181 I0.0846 J0.0375
G1 X1.9379 Y-0.4913
X1.9378 Y-0.4901 F80.
X1.9372 Y-0.4832 Z0.4031
X1.9274 Y-0.4629 Z0.4
X1.9267 Y-0.4621
X1.9256 Y-0.4607
X1.9214 Y-0.4551
G3 X1.9098 Y-0.4442 I-0.0424 J-0.0334
X1.8892 Y-0.4324 I-0.0643 J-0.0888
X1.863 Y-0.4228 I-0.0792 J-0.1758
G1 X1.8569 Y-0.4211
X1.8502 Y-0.4194
X1.8426 Y-0.4176
X1.8329 Y-0.4155
X1.8231 Y-0.4136
X1.8135 Y-0.411
X1.8042 Y-0.4075
X1.7952 Y-0.4034
X1.7865 Y-0.3986
X1.7781 Y-0.3932
X1.77 Y-0.3874
X1.7622 Y-0.3812
X1.7546 Y-0.3748
X1.7477 Y-0.3676
X1.7415 Y-0.3599
X1.7361 Y-0.3516
X1.7313 Y-0.3428
X1.7272 Y-0.3338
X1.7238 Y-0.3244
X1.7209 Y-0.3149
X1.7186 Y-0.3052
X1.7166 Y-0.2955
G3 X1.7122 Y-0.2706 I-1.1465 J-0.1927
G1 X1.7115 Y-0.2679
X1.711 Y-0.2657
X1.7102 Y-0.263
X1.7074 Y-0.2535
X1.7054 Y-0.2438
X1.7046 Y-0.2339
X1.7048 Y-0.2239
X1.706 Y-0.2141
X1.7082 Y-0.2044
X1.7113 Y-0.1949
X1.7153 Y-0.1858
X1.72 Y-0.1771
X1.7255 Y-0.1687
X1.7316 Y-0.1609
X1.7383 Y-0.1536
X1.7456 Y-0.1468
X1.7533 Y-0.1405
X1.7613 Y-0.1347
X1.7698 Y-0.1294
X1.7785 Y-0.1246
X1.7874 Y-0.1202
X1.7965 Y-0.1162
X1.8058 Y-0.1126
X1.8152 Y-0.1093
X1.8246 Y-0.1062
X1.8341 Y-0.1032
X1.8436 Y-0.1003
X1.8531 Y-0.0974
G3 X1.877 Y-0.0884 I-0.0661 J0.2119
G1 X1.8854 Y-0.0839
X1.8933 Y-0.0785
X1.9005 Y-0.0723
X1.907 Y-0.0653
X1.9127 Y-0.0577
X1.9175 Y-0.0506
X1.9202 Y-0.0466
X1.9229 Y-0.0337 Z0.4018
X1.9189 Y-0.018 Z0.404
X1.9186 Y-0.0168
X1.903 Y0.045 F280.
G2 X1.938 Y0.1439 I0.0873 J0.0248
G1 X1.971 Y0.1649
X1.9772 Y0.1686
X2.0559 Y0.2028
X2.1237 Y0.2191
X2.275 Y0.219
X2.3311 Y0.2093
X2.4322 Y0.1739
X2.4716 Y0.1501
X2.5597 Y0.0674
X2.6099 Y0.
X2.6497 Y-0.0786
X2.6718 Y-0.1573
X2.6812 Y-0.236
X2.6763 Y-0.3146
X2.6743 Y-0.3258
X2.6738 Y-0.3315
X2.6598 Y-0.3933
X2.6196 Y-0.485
X2.5815 Y-0.5562
X2.5053 Y-0.6193
X2.4379 Y-0.665
X2.3689 Y-0.6966
X2.2974 Y-0.717
X2.23 Y-0.7197
X2.1121 Y-0.7175
X2.0278 Y-0.6924
X1.9548 Y-0.6548
G2 X1.9099 Y-0.5899 I0.0448 J0.0789
G1 X1.9092 Y-0.5843
G2 X1.9155 Y-0.5418 I0.0904 J0.0084
G1 X1.9267 Y-0.5145
G3 X1.9316 Y-0.4836 I-0.0572 J0.0248
G1 X1.9314 Y-0.4824 F80.
G3 X1.9247 Y-0.4607 Z0.4009 I-0.0619 J-0.0072
G1 X1.9214 Y-0.4551 Z0.4
X1.9211 Y-0.4547
X1.9175 Y-0.4494
X1.9169 Y-0.4485
G3 X1.9044 Y-0.4361 I-0.0436 J-0.0314
X1.8869 Y-0.4255 I-0.0624 J-0.083
X1.8629 Y-0.4157 I-0.0793 J-0.1604
G1 X1.8535 Y-0.4127
X1.844 Y-0.4097
X1.8346 Y-0.4063
X1.8254 Y-0.4026
X1.8164 Y-0.3985
X1.8075 Y-0.3939
X1.799 Y-0.3887
X1.7909 Y-0.383
X1.7833 Y-0.3766
X1.7761 Y-0.3698
X1.7694 Y-0.3624
X1.7632 Y-0.3546
X1.7575 Y-0.3465
X1.7523 Y-0.338
X1.7475 Y-0.3293
X1.7432 Y-0.3203
X1.7393 Y-0.3112
X1.7356 Y-0.302
X1.7321 Y-0.2927
X1.7291 Y-0.2832
X1.7269 Y-0.2735
X1.7256 Y-0.2636
X1.7251 Y-0.2537
X1.7255 Y-0.2438
X1.7267 Y-0.2339
X1.7288 Y-0.2242
X1.7317 Y-0.2146
X1.7353 Y-0.2054
X1.7397 Y-0.1965
X1.7447 Y-0.1879
X1.7504 Y-0.1797
X1.7566 Y-0.1719
X1.7633 Y-0.1646
X1.7705 Y-0.1577
X1.7781 Y-0.1513
X1.786 Y-0.1453
X1.7942 Y-0.1397
X1.8027 Y-0.1345
X1.8114 Y-0.1297
X1.8202 Y-0.1251
X1.8292 Y-0.1208
X1.8382 Y-0.1166
X1.8473 Y-0.1126
X1.8564 Y-0.1085
G3 X1.8735 Y-0.0999 I-0.1052 J0.2313
G1 X1.8812 Y-0.0951
X1.8883 Y-0.0894
X1.8948 Y-0.0831
X1.9006 Y-0.0761
X1.9057 Y-0.0686
X1.9064 Y-0.0674
X1.9099 Y-0.062
X1.9127 Y-0.0577
X1.9153 Y-0.0449 Z0.4018
X1.9118 Y-0.0289 Z0.404
X1.9115 Y-0.0277
X1.8957 Y0.045 F280.
G2 X1.9154 Y0.1236 I0.0844 J0.0207
G1 X1.9618 Y0.1573
X2.0391 Y0.1945
X2.1177 Y0.2162
X2.2862 Y0.2172
X2.348 Y0.2028
X2.4322 Y0.1714
X2.4661 Y0.1517
X2.5558 Y0.0688
X2.5951 Y0.0193
X2.598 Y0.0154
X2.6007 Y0.0113
X2.6375 Y-0.0562
X2.6625 Y-0.1254
X2.6725 Y-0.1742
X2.6738 Y-0.1796
X2.6791 Y-0.2608
X2.6709 Y-0.3371
X2.6576 Y-0.3933
X2.6211 Y-0.4775
X2.5783 Y-0.5564
X2.4716 Y-0.6415
X2.4042 Y-0.6803
X2.3199 Y-0.7104
X2.2694 Y-0.7178
X2.1121 Y-0.7155
X2.0278 Y-0.6904
X1.9533 Y-0.6517
X1.9451 Y-0.6461
G2 X1.9043 Y-0.5956 I0.0423 J0.0759
G1 X1.9042 Y-0.5955
G2 X1.9085 Y-0.5337 I0.0831 J0.0253
G1 X1.9211 Y-0.5059
G3 X1.9261 Y-0.4775 I-0.0572 J0.0246
G1 X1.926 Y-0.4763 F80.
G3 X1.9169 Y-0.4485 Z0.4 I-0.0621 J-0.005
G1 X1.9112 Y-0.44
G3 X1.8983 Y-0.4273 I-0.0457 J-0.0334
X1.8793 Y-0.4158 I-0.0669 J-0.0893
G1 X1.874 Y-0.4132
X1.865 Y-0.4091
X1.8559 Y-0.4051
X1.8468 Y-0.401
X1.8379 Y-0.3965
X1.8293 Y-0.3917
X1.8208 Y-0.3864
X1.8127 Y-0.3806
X1.805 Y-0.3744
X1.7976 Y-0.3677
X1.7906 Y-0.3607
X1.784 Y-0.3532
X1.7778 Y-0.3455
X1.7719 Y-0.3374
X1.7665 Y-0.3291
X1.7616 Y-0.3204
X1.7575 Y-0.3114
X1.754 Y-0.3021
X1.7513 Y-0.2925
X1.7495 Y-0.2827
X1.7485 Y-0.2728
X1.7483 Y-0.2629
X1.7489 Y-0.253
X1.7504 Y-0.2431
X1.7526 Y-0.2334
X1.7556 Y-0.224
X1.7593 Y-0.2147
X1.7637 Y-0.2058
X1.7687 Y-0.1972
X1.7743 Y-0.189
X1.7804 Y-0.1811
X1.7869 Y-0.1736
X1.7939 Y-0.1666
X1.8013 Y-0.1599
X1.8089 Y-0.1535
X1.8168 Y-0.1475
X1.825 Y-0.1418
X1.8333 Y-0.1363
X1.8417 Y-0.131
X1.8502 Y-0.1258
G3 X1.8712 Y-0.1125 I-0.2131 J0.3578
G1 X1.8774 Y-0.1077
X1.8831 Y-0.1024
X1.8883 Y-0.0966
X1.893 Y-0.0903
X1.8972 Y-0.0837
X1.9043 Y-0.071
X1.9057 Y-0.0686
X1.9071 Y-0.0506 Z0.4025
X1.9059 Y-0.0392 Z0.404
X1.9058 Y-0.038
X1.8944 Y0.073 F280.
X1.9012 Y0.1011
G2 X1.9155 Y0.1292 I0.0793 J-0.0228
G1 X1.9427 Y0.1517
X2.0653 Y0.2012
X2.1289 Y0.2154
X2.2862 Y0.2151
X2.3427 Y0.2023
X2.4326 Y0.1686
X2.4667 Y0.1475
X2.5524 Y0.0695
X2.6025 Y0.0042
X2.6401 Y-0.0674
X2.6652 Y-0.1461
X2.6763 Y-0.2247
X2.6733 Y-0.309
X2.6636 Y-0.3652
X2.6625 Y-0.3708
X2.6301 Y-0.4551
X2.5783 Y-0.5522
X2.4716 Y-0.6387
X2.4154 Y-0.6716
X2.34 Y-0.7023
X2.2806 Y-0.7154
X2.1121 Y-0.7132
X2.0334 Y-0.6901
X1.9717 Y-0.6606
X1.966 Y-0.6574
X1.9322 Y-0.6348
G2 X1.9043 Y-0.6068 I0.0428 J0.0706
G1 X1.9042
G2 X1.8986 Y-0.5956 I0.0708 J0.0425
G1 Y-0.5955
G2 X1.9008 Y-0.5281 I0.0764 J0.0313
G1 X1.9142 Y-0.5
G3 X1.9203 Y-0.4689 I-0.056 J0.0273
G1 Y-0.4677 F80.
G3 X1.9112 Y-0.44 Z0.4 I-0.0621 J-0.005
G1 X1.9099 Y-0.438
X1.9064 Y-0.4326
X1.9063 Y-0.4325
G3 X1.8955 Y-0.4208 I-0.0424 J-0.0286
X1.8801 Y-0.41 I-0.0787 J-0.0951
G1 X1.8717 Y-0.4048
X1.8631 Y-0.3998
X1.8545 Y-0.3947
X1.8462 Y-0.3893
X1.838 Y-0.3837
X1.83 Y-0.3777
X1.8223 Y-0.3714
X1.8149 Y-0.3648
X1.8079 Y-0.3577
X1.8013 Y-0.3503
X1.7953 Y-0.3424
X1.7898 Y-0.3341
X1.7851 Y-0.3253
X1.7811 Y-0.3162
X1.7779 Y-0.3068
X1.7755 Y-0.2971
X1.7739 Y-0.2873
X1.7732 Y-0.2774
X1.7733 Y-0.2675
X1.7741 Y-0.2576
X1.7758 Y-0.2478
X1.7782 Y-0.2381
X1.7813 Y-0.2287
X1.785 Y-0.2195
X1.7894 Y-0.2105
X1.7944 Y-0.2019
X1.7999 Y-0.1936
X1.8058 Y-0.1857
X1.8122 Y-0.178
X1.8189 Y-0.1707
X1.826 Y-0.1637
X1.8333 Y-0.157
X1.8408 Y-0.1505
X1.8485 Y-0.1441
X1.8562 Y-0.1378
X1.8638 Y-0.1315
X1.8667 Y-0.129
X1.8735 Y-0.1225
X1.8796 Y-0.1154
X1.8848 Y-0.1076
X1.8892 Y-0.0993
G2 X1.8972 Y-0.0837 I0.1657 J-0.0746
G1 X1.8975 Y-0.0618 Z0.403
X1.8965 Y-0.0543 Z0.404
X1.8963 Y-0.0531
X1.8808 Y0.0618 F280.
G2 X1.893 Y0.1067 I0.0775 J0.003
G1 X1.9155 Y0.1295
X2.0334 Y0.1874
X2.1121 Y0.2102
X2.1861 Y0.2135
X2.2918 Y0.2117
X2.3199 Y0.2063
X2.3254 Y0.2052
X2.4266 Y0.1685
X2.4638 Y0.1461
X2.5502 Y0.0681
X2.5987 Y0.0056
X2.6349 Y-0.0618
X2.6602 Y-0.1348
X2.6736 Y-0.2218
X2.6716 Y-0.3034
X2.6564 Y-0.382
X2.6232 Y-0.463
X2.5756 Y-0.5506
X2.4716 Y-0.6357
X2.4154 Y-0.6688
X2.3424 Y-0.699
X2.2806 Y-0.7129
X2.1345
G2 X2.1177 Y-0.7118 I-0.0035 J0.0775
G1 X2.0334 Y-0.6875
X1.9604 Y-0.6507
X1.9323 Y-0.6316
G2 X1.8947 Y-0.5393 I0.0362 J0.0686
G1 X1.9122 Y-0.4775
G3 X1.914 Y-0.4618 I-0.0605 J0.015
G1 Y-0.4606 F80.
G3 X1.9064 Y-0.4326 Z0.4 I-0.0623 J-0.0019
G1 X1.9063 Y-0.4325
X1.9043 Y-0.429
X1.9026 Y-0.426
G3 X1.8929 Y-0.4142 I-0.0461 J-0.028
X1.8821 Y-0.4049 I-0.094 J-0.0969
G1 X1.8743 Y-0.3987
X1.8664 Y-0.3927
X1.8585 Y-0.3867
X1.8507 Y-0.3805
X1.8431 Y-0.374
X1.8359 Y-0.3673
X1.829 Y-0.3601
X1.8227 Y-0.3524
X1.817 Y-0.3442
X1.812 Y-0.3356
X1.8077 Y-0.3267
X1.8041 Y-0.3174
X1.8013 Y-0.3078
X1.7994 Y-0.2981
X1.7982 Y-0.2882
X1.7978 Y-0.2783
X1.7982 Y-0.2684
X1.7993 Y-0.2585
X1.8012 Y-0.2487
X1.8037 Y-0.2391
X1.8069 Y-0.2297
X1.8107 Y-0.2205
X1.8151 Y-0.2116
X1.82 Y-0.2029
X1.8253 Y-0.1945
X1.831 Y-0.1864
X1.8371 Y-0.1785
X1.8435 Y-0.1709
X1.85 Y-0.1634
X1.8567 Y-0.156
X1.8626 Y-0.1494
X1.8676 Y-0.1433
X1.8721 Y-0.1367
X1.8759 Y-0.1297
X1.8791 Y-0.1225
X1.8754 Y-0.0933 Z0.404
X1.8753 Y-0.0921
X1.875 Y-0.0899 F280.
X1.8537 Y0.0103
G2 X1.8713 Y0.073 I0.0659 J0.0154
G1 X1.9336 Y0.1275
X2.0054 Y0.1699
X2.0807 Y0.1979
X2.1377 Y0.2079
X2.2806 Y0.2073
X2.3378 Y0.1956
X2.4266 Y0.1624
X2.4611 Y0.1405
X2.5446 Y0.067
X2.5951 Y0.002
X2.632 Y-0.0674
X2.6576 Y-0.1461
X2.6687 Y-0.2247
X2.6666 Y-0.3034
X2.6509 Y-0.382
X2.6218 Y-0.4551
X2.5807 Y-0.5225
X2.5275 Y-0.5843
X2.4641 Y-0.6348
X2.3948 Y-0.6742
X2.3143 Y-0.7018
X2.2694 Y-0.708
X2.1157 Y-0.7062
X2.0334 Y-0.6822
X1.9604 Y-0.6448
X1.9155 Y-0.6138
G2 X1.8986 Y-0.5955 I0.0405 J0.0542
X1.893 Y-0.5844 I0.0573 J0.0359
G1 X1.8884 Y-0.5562
X1.9092 Y-0.4558
X1.9094 Y-0.4547 F80.
X1.9095 Y-0.4545
X1.9026 Y-0.426 Z0.4
X1.8976 Y-0.4172
G3 X1.8877 Y-0.404 I-0.0679 J-0.0409
G1 X1.8852 Y-0.4013
X1.8814 Y-0.3973
X1.8743 Y-0.3903
X1.8672 Y-0.3834
X1.8601 Y-0.3764
X1.8534 Y-0.3691
X1.8472 Y-0.3613
X1.8415 Y-0.3532
X1.8364 Y-0.3446
X1.832 Y-0.3357
X1.8282 Y-0.3265
X1.8252 Y-0.317
X1.823 Y-0.3074
X1.8215 Y-0.2975
X1.8207 Y-0.2876
Y-0.2777
X1.8213 Y-0.2677
X1.8227 Y-0.2579
X1.8247 Y-0.2482
X1.8273 Y-0.2386
X1.8305 Y-0.2291
X1.8342 Y-0.2199
X1.8384 Y-0.2109
X1.843 Y-0.2021
X1.8479 Y-0.1934
X1.8531 Y-0.185
X1.8584 Y-0.1766
X1.8625 Y-0.1693
X1.866 Y-0.1616
X1.8686 Y-0.1537
G3 X1.8549 Y-0.131 Z0.404 I-0.0182 J0.0044
G1 X1.8537 Y-0.1308
G3 X1.8319 Y-0.1461 I-0.0033 J-0.0185 F280.
G1 X1.7857 Y-0.4326
G3 X1.8373 Y-0.504 I0.0587 J-0.012
X1.9042 Y-0.4468 I0.0071 J0.0595
G1 X1.9043 Y-0.4456 F80.
G3 X1.8976 Y-0.4172 Z0.4 I-0.0599 J0.001
G2 X1.8919 Y-0.4064 I0.1909 J0.1087
G3 X1.8848 Y-0.3949 I-0.0902 J-0.048
G1 X1.8789 Y-0.3868
X1.873 Y-0.3789
X1.8672 Y-0.3707
X1.8619 Y-0.3624
X1.8571 Y-0.3537
X1.8528 Y-0.3447
X1.8491 Y-0.3355
X1.8461 Y-0.326
X1.8437 Y-0.3163
X1.842 Y-0.3065
X1.841 Y-0.2967
X1.8406 Y-0.2867
X1.8408 Y-0.2768
X1.8417 Y-0.2669
X1.8432 Y-0.257
X1.8452 Y-0.2473
X1.8478 Y-0.2377
X1.8507 Y-0.2282
X1.854 Y-0.2188
X1.8559 Y-0.2132
X1.8574 Y-0.2075
X1.8584 Y-0.2017
G3 X1.8416 Y-0.1812 Z0.404 I-0.0187 J0.0019
G1 X1.8404 Y-0.1811
G3 X1.8212 Y-0.2029 I-0.0007 J-0.0187 F280.
G1 X1.8563 Y-0.4171
G3 X1.8814 Y-0.4317 I0.0185 J0.003
G1 X1.8825 Y-0.4312 F80.
G3 X1.8919 Y-0.4064 Z0.4 I-0.0077 J0.0171
G2 X1.8818 Y-0.3844 I0.6489 J0.311
G1 X1.8777 Y-0.3753
X1.8736 Y-0.3662
X1.8699 Y-0.357
X1.8665 Y-0.3477
X1.8636 Y-0.3381
X1.8613 Y-0.3285
X1.8594 Y-0.3187
X1.8582 Y-0.3088
X1.8575 Y-0.2989
G3 X1.8569 Y-0.2854 I-0.128 J0.001
X1.8356 Y-0.2696 Z0.404 I-0.0186 J-0.0027
G1 X1.8344 Y-0.2698
G3 X1.8201 Y-0.2927 I0.0039 J-0.0183 F280.
G1 X1.846 Y-0.3953
G3 X1.8693 Y-0.4087 I0.0182 J0.0046
G1 X1.8705 Y-0.4083 F80.
G3 X1.8818 Y-0.3844 Z0.4 I-0.0063 J0.0176
G2 X1.8726 Y-0.3596 I0.542 J0.2155
G1 X1.8708 Y-0.3539
G2 X1.8646 Y-0.3315 I0.6198 J0.1839
X1.859 Y-0.3034 I0.5843 J0.1296
G1 X1.8583 Y-0.2978
X1.857 Y-0.2865
X1.8564 Y-0.2809
X1.8559 Y-0.2753
X1.8556 Y-0.2697
X1.8552 Y-0.2584
X1.855 Y-0.2528
Y-0.2472
X1.8552 Y-0.2416
X1.8556 Y-0.2303
X1.8559 Y-0.2247
X1.8564 Y-0.2191
G2 X1.8593 Y-0.1949 I0.6908 J-0.0724
X1.8649 Y-0.1671 I0.5965 J-0.1058
X1.8708 Y-0.1461 I0.7532 J-0.1994
G1 X1.8726 Y-0.1404
G2 X1.8818 Y-0.1156 I0.5742 J-0.1992
G1 X1.8832 Y-0.1124
X1.8858 Y-0.1067
X1.8892 Y-0.0993
X1.889 Y-0.0843 Z0.402
X1.8778 Y-0.0751 Z0.404
X1.8769 Y-0.0743
X1.8762 Y-0.0737 F280.
X1.6157 Y0.0337
X1.5335 Y0.0399
X0.5506 Y0.0371
X0.4214 Y0.0223
X0.1846 Y-0.0112
X0.1323 Y-0.0337
X0.0979 Y-0.0562
X0.0507 Y-0.1097
X0.0185 Y-0.1742
X0.0064 Y-0.2303
X0.0051 Y-0.2753
X0.0135 Y-0.3315
X0.015 Y-0.3371
G3 X0.0412 Y-0.3876 I0.0967 J0.0181
G1 X0.1232 Y-0.4719
G3 X0.2529 Y-0.4832 I0.0712 J0.0679
G1 Y-0.4831
G3 X0.2862 Y-0.4396 I-0.0585 J0.0791
G1 X0.2866 Y-0.4385 F80.
G3 X0.2927 Y-0.4098 Z0.4 I-0.0922 J0.0345
G1 X0.2928 Y-0.4051
X0.2898 Y-0.4042
X0.2803 Y-0.4011
X0.2709 Y-0.3979
X0.2616 Y-0.3946
X0.2523 Y-0.3909
X0.2433 Y-0.3868
X0.2344 Y-0.3823
X0.2258 Y-0.3774
X0.2174 Y-0.3719
X0.2094 Y-0.366
X0.2019 Y-0.3596
X0.1948 Y-0.3526
X0.1882 Y-0.3451
X0.1822 Y-0.3372
X0.1768 Y-0.3288
X0.1722 Y-0.3201
X0.1682 Y-0.3109
X0.165 Y-0.3015
X0.1625 Y-0.2919
X0.1609 Y-0.2821
X0.16 Y-0.2722
X0.1602 Y-0.2622
X0.1616 Y-0.2524
X0.1641 Y-0.2428
X0.1677 Y-0.2335
X0.1723 Y-0.2247
X0.1778 Y-0.2164
X0.1843 Y-0.2089
X0.1916 Y-0.2022
X0.1996 Y-0.1963
X0.2083 Y-0.1914
X0.2174 Y-0.1875
X0.227 Y-0.1846
X0.2368 Y-0.1829
X0.2467 Y-0.1823
X0.2566 Y-0.1828
X0.2664 Y-0.1845
X0.276 Y-0.1872
X0.2851 Y-0.1911
X0.2938 Y-0.1959
X0.3019 Y-0.2017
X0.3028 Y-0.2026
X0.303 Y-0.2028
G3 X0.3304 Y-0.1999 I0.0123 J0.0141
G1 X0.3323 Y-0.1973 Z0.4003
X0.3342 Y-0.1947 Z0.4011
X0.336 Y-0.1923 Z0.4025
X0.3376 Y-0.1902 Z0.4044
X0.339 Y-0.1883 Z0.4067
X0.3401 Y-0.1868 Z0.4094
X0.3409 Y-0.1857 Z0.4123
X0.3414 Y-0.1851 Z0.4155
X0.3416 Y-0.1848 Z0.4188
G0 Z0.96
X1.6796 Y-0.4365
Z0.4375
G1 Z0.4188 F80.
Y-0.4363 Z0.4155
X1.6794 Y-0.4354 Z0.4123
X1.6792 Y-0.4341 Z0.4094
X1.6789 Y-0.4322 Z0.4067
X1.6785 Y-0.4299 Z0.4044
X1.678 Y-0.4273 Z0.4025
X1.6775 Y-0.4244 Z0.4011
X1.6769 Y-0.4213 Z0.4003
X1.6764 Y-0.4181 Z0.4
G3 X1.6677 Y-0.3884 I-0.1413 J-0.0251
G1 X1.6659 Y-0.3844
X1.6561 Y-0.386
G2 X1.6069 Y-0.3935 I-0.1812 J1.0236
X1.5276 Y-0.3992 I-0.1052 J0.9055
G1 X1.5177 Y-0.3995
X1.5077 Y-0.3994
X1.4979 Y-0.3983
X1.4881 Y-0.3962
X1.4786 Y-0.3933
X1.4694 Y-0.3896
X1.4605 Y-0.3852
X1.4519 Y-0.3801
X1.4437 Y-0.3746
X1.4357 Y-0.3686
X1.428 Y-0.3623
X1.4208 Y-0.3555
X1.4143 Y-0.348
X1.4084 Y-0.34
X1.4031 Y-0.3315
X1.3985 Y-0.3227
X1.3944 Y-0.3136
X1.3909 Y-0.3044
X1.3878 Y-0.2949
X1.3849 Y-0.2854
X1.3821 Y-0.2759
X1.3806 Y-0.2711
X1.3798 Y-0.2685
X1.3765 Y-0.2591
X1.3739 Y-0.2495
X1.3723 Y-0.2397
X1.3719 Y-0.2297
X1.3726 Y-0.2198
X1.3742 Y-0.21
X1.3768 Y-0.2004
X1.3803 Y-0.1911
X1.3847 Y-0.1822
X1.3898 Y-0.1737
X1.3957 Y-0.1656
X1.4021 Y-0.1581
X1.4092 Y-0.1511
X1.4168 Y-0.1446
X1.4248 Y-0.1387
X1.4331 Y-0.1334
X1.4418 Y-0.1285
X1.4508 Y-0.1242
X1.46 Y-0.1205
X1.4694 Y-0.1171
X1.4789 Y-0.1143
X1.4885 Y-0.1118
X1.4982 Y-0.1097
X1.508 Y-0.1079
X1.5179 Y-0.1065
X1.5278 Y-0.1055
X1.5377 Y-0.1052
X1.5476 Y-0.1059
X1.5574 Y-0.1076
X1.567 Y-0.1103
X1.5763 Y-0.1138
X1.5853 Y-0.1181
X1.5939 Y-0.1231
X1.6021 Y-0.1287
X1.6099 Y-0.1348
X1.6174 Y-0.1413
X1.6247 Y-0.1481
X1.6316 Y-0.1552
X1.6379 Y-0.1629
X1.6436 Y-0.1711
X1.6487 Y-0.1796
X1.6533 Y-0.1884
X1.6573 Y-0.1975
X1.661 Y-0.2068
X1.6644 Y-0.2161
X1.6676 Y-0.2255
X1.6711 Y-0.2348
X1.674 Y-0.2444
X1.6757 Y-0.2541
X1.6764 Y-0.2641
X1.6759 Y-0.274
X1.6743 Y-0.2838
X1.6716 Y-0.2934
X1.668 Y-0.3026
X1.6635 Y-0.3115
X1.6583 Y-0.32
X1.6523 Y-0.3279
X1.6457 Y-0.3353
X1.6385 Y-0.3422
X1.6308 Y-0.3485
X1.6227 Y-0.3542
X1.6142 Y-0.3594
X1.6054 Y-0.3641
X1.5963 Y-0.3682
X1.5871 Y-0.3718
X1.5776 Y-0.3749
X1.5681 Y-0.3776
X1.5583 Y-0.3797
X1.5485 Y-0.3811
X1.5386 Y-0.3817
X1.5286 Y-0.3816
X1.5187 Y-0.3808
X1.5089 Y-0.3793
X1.4992 Y-0.3771
X1.4897 Y-0.3741
X1.4805 Y-0.3703
X1.4716 Y-0.3658
X1.4631 Y-0.3607
X1.4551 Y-0.3549
X1.4474 Y-0.3485
X1.4402 Y-0.3417
X1.4335 Y-0.3343
X1.4272 Y-0.3266
X1.4214 Y-0.3186
X1.4159 Y-0.3103
X1.4108 Y-0.3018
X1.4064 Y-0.2928
X1.4028 Y-0.2836
X1.4002 Y-0.274
X1.3984 Y-0.2642
X1.3977 Y-0.2543
X1.3978 Y-0.2443
X1.3989 Y-0.2344
X1.4009 Y-0.2247
X1.4037 Y-0.2152
X1.4074 Y-0.2059
X1.4118 Y-0.197
X1.4169 Y-0.1885
X1.4227 Y-0.1804
X1.4291 Y-0.1728
X1.4361 Y-0.1657
X1.4435 Y-0.1591
X1.4514 Y-0.1531
X1.4597 Y-0.1475
X1.4683 Y-0.1426
X1.4773 Y-0.1385
X1.4867 Y-0.1351
X1.4963 Y-0.1326
X1.5062 Y-0.131
X1.5161 Y-0.1302
X1.526
X1.5359 Y-0.1311
X1.5457 Y-0.1327
X1.5554 Y-0.1351
X1.5648 Y-0.1383
X1.5739 Y-0.1423
X1.5827 Y-0.147
X1.5911 Y-0.1523
X1.5991 Y-0.1582
X1.6066 Y-0.1647
X1.6137 Y-0.1716
X1.6204 Y-0.179
X1.6267 Y-0.1867
X1.6322 Y-0.195
X1.6368 Y-0.2038
X1.6404 Y-0.2131
X1.6431 Y-0.2226
X1.6447 Y-0.2324
X1.6454 Y-0.2424
X1.645 Y-0.2523
X1.6437 Y-0.2622
X1.6415 Y-0.2719
X1.6384 Y-0.2813
X1.6344 Y-0.2904
X1.6297 Y-0.2992
X1.6242 Y-0.3074
X1.618 Y-0.3152
X1.6111 Y-0.3224
X1.6035 Y-0.3289
X1.5955 Y-0.3347
X1.5869 Y-0.3397
X1.5779 Y-0.3439
X1.5685 Y-0.3472
X1.5588 Y-0.3496
X1.549 Y-0.3511
X1.5391 Y-0.3517
X1.5291 Y-0.3514
X1.5193 Y-0.3502
X1.5095 Y-0.3482
X1.5 Y-0.3454
X1.4907 Y-0.3417
X1.4819 Y-0.3372
X1.4736 Y-0.3317
X1.466 Y-0.3253
X1.4591 Y-0.3181
X1.4531 Y-0.3102
X1.4481 Y-0.3016
X1.444 Y-0.2925
X1.4409 Y-0.2831
X1.4389 Y-0.2734
X1.438 Y-0.2635
X1.4382 Y-0.2535
X1.4396 Y-0.2437
X1.442 Y-0.234
X1.4456 Y-0.2248
X1.4502 Y-0.2159
X1.4558 Y-0.2077
X1.4623 Y-0.2002
X1.4696 Y-0.1934
X1.4776 Y-0.1875
X1.4819 Y-0.1851
X1.4841 Y-0.1839
X1.485 Y-0.1836
G3 X1.4934 Y-0.1584 Z0.404 I-0.0083 J0.0168
G1 X1.4928 Y-0.1574
G3 X1.4587 Y-0.1612 I-0.0162 J-0.0094 F280.
G1 X1.3798 Y-0.4134
G2 X1.3437 Y-0.4123 I-0.0179 J0.0056
G1 Y-0.412
X1.3434 Y-0.4108 F80.
G3 X1.333 Y-0.3833 Z0.4 I-0.1389 J-0.0363
G1 X1.3316 Y-0.3806
X1.3218 Y-0.3823
G2 X1.2827 Y-0.3898 I-0.2485 J1.1925
X1.2136 Y-0.3975 I-0.1097 J0.6705
G1 X1.2036 Y-0.3981
X1.1937 Y-0.3986
X1.1838 Y-0.3989
X1.1738 Y-0.3987
X1.164 Y-0.3975
X1.1542 Y-0.3954
X1.1448 Y-0.3924
X1.1356 Y-0.3886
X1.1267 Y-0.3841
X1.1182 Y-0.379
X1.11 Y-0.3733
X1.1022 Y-0.3671
X1.0947 Y-0.3607
X1.0874 Y-0.3539
X1.0808 Y-0.3465
X1.0748 Y-0.3385
X1.0694 Y-0.3302
X1.0647 Y-0.3214
X1.0605 Y-0.3124
X1.0569 Y-0.3031
X1.0536 Y-0.2938
X1.0506 Y-0.2843
X1.0477 Y-0.2748
X1.0446 Y-0.2653
X1.0413 Y-0.2559
X1.039 Y-0.2463
X1.0379 Y-0.2364
Y-0.2264
X1.0389 Y-0.2165
X1.0409 Y-0.2068
X1.0438 Y-0.1973
X1.0476 Y-0.1881
X1.0522 Y-0.1793
X1.0576 Y-0.171
X1.0637 Y-0.1631
X1.0704 Y-0.1557
X1.0776 Y-0.1489
X1.0853 Y-0.1426
X1.0935 Y-0.1369
X1.1019 Y-0.1317
X1.1107 Y-0.1271
X1.1198 Y-0.123
X1.1291 Y-0.1194
X1.1385 Y-0.1162
X1.148 Y-0.1134
X1.1577 Y-0.1111
X1.1674 Y-0.1091
X1.1772 Y-0.1074
X1.1871 Y-0.1061
X1.197 Y-0.1052
X1.2069 Y-0.1053
X1.2168 Y-0.1063
X1.2266 Y-0.1083
X1.2361 Y-0.1113
X1.2453 Y-0.1151
X1.2541 Y-0.1196
X1.2626 Y-0.1248
X1.2707 Y-0.1305
X1.2785 Y-0.1367
X1.2859 Y-0.1434
X1.2931 Y-0.1502
X1.2998 Y-0.1576
X1.3058 Y-0.1655
X1.3113 Y-0.1738
X1.3161 Y-0.1825
X1.3205 Y-0.1914
X1.3243 Y-0.2006
X1.3278 Y-0.2099
X1.3343 Y-0.2287
X1.3377 Y-0.238
X1.34 Y-0.2477
X1.3412 Y-0.2576
Y-0.2675
X1.3401 Y-0.2774
X1.338 Y-0.2871
X1.3348 Y-0.2965
X1.3308 Y-0.3056
X1.3259 Y-0.3143
X1.3203 Y-0.3225
X1.314 Y-0.3302
X1.3071 Y-0.3374
X1.2997 Y-0.344
X1.2918 Y-0.3501
X1.2836 Y-0.3556
X1.275 Y-0.3606
X1.2661 Y-0.365
X1.2569 Y-0.3689
X1.2476 Y-0.3724
X1.2381 Y-0.3754
X1.2285 Y-0.3778
X1.2187 Y-0.3794
X1.2088 Y-0.3804
X1.1988 Y-0.3805
X1.1889 Y-0.38
X1.179 Y-0.3787
X1.1693 Y-0.3767
X1.1597 Y-0.374
X1.1504 Y-0.3705
X1.1414 Y-0.3664
X1.1327 Y-0.3615
X1.1244 Y-0.356
X1.1166 Y-0.3499
X1.1092 Y-0.3432
X1.1022 Y-0.3361
X1.0957 Y-0.3286
X1.0896 Y-0.3207
X1.084 Y-0.3126
X1.0787 Y-0.3042
X1.074 Y-0.2954
X1.0701 Y-0.2862
X1.0672 Y-0.2767
X1.0652 Y-0.267
X1.0641 Y-0.2571
X1.064 Y-0.2472
X1.0648 Y-0.2372
X1.0665 Y-0.2275
X1.0691 Y-0.2179
X1.0725 Y-0.2085
X1.0767 Y-0.1995
X1.0817 Y-0.1909
X1.0873 Y-0.1827
X1.0935 Y-0.1749
X1.1003 Y-0.1677
X1.1076 Y-0.1609
X1.1154 Y-0.1547
X1.1235 Y-0.149
X1.1321 Y-0.1439
X1.141 Y-0.1395
X1.1503 Y-0.136
X1.1598 Y-0.1333
X1.1696 Y-0.1314
X1.1795 Y-0.1304
X1.1894 Y-0.1302
X1.1994 Y-0.1308
X1.2092 Y-0.1322
X1.2189 Y-0.1344
X1.2284 Y-0.1374
X1.2376 Y-0.1412
X1.2464 Y-0.1457
X1.2549 Y-0.1509
X1.263 Y-0.1567
X1.2706 Y-0.1631
X1.2778 Y-0.1699
X1.2846 Y-0.1772
X1.2909 Y-0.1849
X1.2965 Y-0.1931
X1.3012 Y-0.2019
X1.3049 Y-0.2111
X1.3076 Y-0.2207
X1.3093 Y-0.2305
X1.3101 Y-0.2404
X1.3098 Y-0.2503
X1.3086 Y-0.2602
X1.3065 Y-0.2699
X1.3035 Y-0.2794
X1.2996 Y-0.2886
X1.295 Y-0.2973
X1.2895 Y-0.3057
X1.2834 Y-0.3134
X1.2765 Y-0.3206
X1.269 Y-0.3272
X1.2609 Y-0.333
X1.2523 Y-0.338
X1.2433 Y-0.3421
X1.2339 Y-0.3454
X1.2242 Y-0.3478
X1.2144 Y-0.3493
X1.2045 Y-0.3499
X1.1945 Y-0.3496
X1.1847 Y-0.3484
X1.1749 Y-0.3464
X1.1654 Y-0.3436
X1.1562 Y-0.3398
X1.1474 Y-0.3351
X1.1392 Y-0.3295
X1.1317 Y-0.323
X1.125 Y-0.3156
X1.1192 Y-0.3076
X1.1144 Y-0.2989
X1.1105 Y-0.2897
X1.1076 Y-0.2802
X1.1059 Y-0.2704
X1.1053 Y-0.2605
X1.1058 Y-0.2505
X1.1075 Y-0.2407
X1.1103 Y-0.2312
X1.1141 Y-0.222
X1.119 Y-0.2133
X1.1248 Y-0.2053
X1.1315 Y-0.1979
X1.139 Y-0.1914
X1.1431 Y-0.1886
X1.1439 Y-0.1881
G3 X1.1495 Y-0.1622 Z0.404 I-0.0102 J0.0157
G1 X1.1488 Y-0.1612
G3 X1.1156 Y-0.1673 I-0.0151 J-0.0112 F280.
G1 X1.0481 Y-0.4093
G2 X1.012 Y-0.4094 I-0.0181 J0.005
G1 X1.0119 Y-0.4091
X1.0116 Y-0.4079 F80.
G3 X1.0004 Y-0.3807 Z0.4 I-0.1376 J-0.041
G1 X0.9988 Y-0.3781
X0.9891 Y-0.3801
G2 X0.9502 Y-0.3885 I-0.2227 J0.9412
X0.8811 Y-0.397 I-0.1103 J0.605
X0.8414 Y-0.399 I-0.0558 J0.7216
G1 X0.8315 Y-0.3983
X0.8217 Y-0.3967
X0.8121 Y-0.3941
X0.8027 Y-0.3908
X0.7937 Y-0.3867
X0.7849 Y-0.382
X0.7765 Y-0.3767
X0.7683 Y-0.371
X0.7605 Y-0.3649
X0.7531 Y-0.3583
X0.7464 Y-0.3509
X0.7403 Y-0.343
X0.7349 Y-0.3347
X0.7301 Y-0.326
X0.726 Y-0.3169
X0.7223 Y-0.3077
X0.7192 Y-0.2983
X0.7163 Y-0.2887
X0.7136 Y-0.2792
X0.7122 Y-0.2744
X0.7107 Y-0.2695
X0.7098 Y-0.2669
X0.7064 Y-0.2576
X0.704 Y-0.2479
X0.7027 Y-0.2381
X0.7025 Y-0.2281
X0.7033 Y-0.2182
X0.7051 Y-0.2084
X0.7079 Y-0.1989
X0.7116 Y-0.1896
X0.7161 Y-0.1808
X0.7213 Y-0.1723
X0.7273 Y-0.1644
X0.7339 Y-0.1569
X0.741 Y-0.15
X0.7486 Y-0.1436
X0.7567 Y-0.1378
X0.7651 Y-0.1326
X0.7739 Y-0.1278
X0.7829 Y-0.1236
X0.7921 Y-0.1199
X0.8015 Y-0.1167
X0.8111 Y-0.1139
X0.8207 Y-0.1115
X0.8304 Y-0.1094
X0.8402 Y-0.1077
X0.8501 Y-0.1063
X0.86 Y-0.1054
X0.8699 Y-0.1053
X0.8798 Y-0.1061
X0.8896 Y-0.108
X0.8991 Y-0.1108
X0.9084 Y-0.1144
X0.9173 Y-0.1188
X0.9258 Y-0.124
X0.934 Y-0.1297
X0.9417 Y-0.1359
X0.9492 Y-0.1425
X0.9563 Y-0.1494
X0.9632 Y-0.1566
X0.9694 Y-0.1643
X0.975 Y-0.1725
X0.9801 Y-0.1811
X0.9845 Y-0.19
X0.9886 Y-0.1991
X0.9922 Y-0.2084
X0.9955 Y-0.2177
X0.9989 Y-0.2271
X1.0023 Y-0.2364
X1.0047 Y-0.246
X1.006 Y-0.2559
X1.0062 Y-0.2658
X1.0052 Y-0.2757
X1.0031 Y-0.2855
X1. Y-0.2949
X0.9961 Y-0.3041
X0.9913 Y-0.3128
X0.9858 Y-0.3211
X0.9796 Y-0.3288
X0.9728 Y-0.3361
X0.9655 Y-0.3428
X0.9577 Y-0.3489
X0.9494 Y-0.3545
X0.9409 Y-0.3596
X0.932 Y-0.3641
X0.9229 Y-0.3681
X0.9136 Y-0.3717
X0.9042 Y-0.3747
X0.8946 Y-0.3773
X0.8848 Y-0.3793
X0.875 Y-0.3805
X0.865 Y-0.381
X0.8551 Y-0.3807
X0.8452 Y-0.3798
X0.8354 Y-0.3781
X0.8258 Y-0.3756
X0.8164 Y-0.3724
X0.8073 Y-0.3683
X0.7985 Y-0.3636
X0.7902 Y-0.3582
X0.7823 Y-0.3522
X0.7748 Y-0.3456
X0.7678 Y-0.3385
X0.7613 Y-0.331
X0.7552 Y-0.3232
X0.7495 Y-0.315
X0.7442 Y-0.3066
X0.7394 Y-0.2979
X0.7353 Y-0.2888
X0.7321 Y-0.2794
X0.7299 Y-0.2697
X0.7286 Y-0.2599
X0.7282 Y-0.2499
X0.7288 Y-0.24
X0.7302 Y-0.2302
X0.7326 Y-0.2205
X0.7358 Y-0.2111
X0.7398 Y-0.202
X0.7445 Y-0.1933
X0.75 Y-0.1849
X0.7561 Y-0.1771
X0.7627 Y-0.1697
X0.7699 Y-0.1628
X0.7775 Y-0.1564
X0.7856 Y-0.1506
X0.794 Y-0.1453
X0.8028 Y-0.1407
X0.812 Y-0.1369
X0.8215 Y-0.1339
X0.8312 Y-0.1318
X0.8411 Y-0.1306
X0.851 Y-0.1302
X0.8609 Y-0.1306
X0.8708 Y-0.1317
X0.8806 Y-0.1337
X0.8901 Y-0.1365
X0.8994 Y-0.14
X0.9084 Y-0.1443
X0.917 Y-0.1493
X0.9252 Y-0.1549
X0.933 Y-0.161
X0.9404 Y-0.1677
X0.9473 Y-0.1748
X0.9538 Y-0.1824
X0.9596 Y-0.1904
X0.9645 Y-0.1991
X0.9685 Y-0.2082
X0.9716 Y-0.2177
X0.9736 Y-0.2274
X0.9746 Y-0.2373
Y-0.2472
X0.9737 Y-0.2571
X0.9719 Y-0.2669
X0.9691 Y-0.2764
X0.9655 Y-0.2857
X0.9611 Y-0.2946
X0.9559 Y-0.3031
X0.95 Y-0.3111
X0.9434 Y-0.3185
X0.9361 Y-0.3253
X0.9283 Y-0.3315
X0.9199 Y-0.3368
X0.9111 Y-0.3414
X0.9018 Y-0.345
X0.8923 Y-0.3478
X0.8825 Y-0.3496
X0.8726 Y-0.3506
X0.8627
X0.8527 Y-0.3497
X0.8429 Y-0.348
X0.8333 Y-0.3455
X0.824 Y-0.3421
X0.815 Y-0.3378
X0.8066 Y-0.3325
X0.7988 Y-0.3264
X0.7917 Y-0.3194
X0.7855 Y-0.3116
X0.7802 Y-0.3032
X0.7759 Y-0.2942
X0.7726 Y-0.2848
X0.7704 Y-0.2752
X0.7692 Y-0.2653
X0.7693 Y-0.2553
X0.7704 Y-0.2454
X0.7727 Y-0.2358
X0.776 Y-0.2264
X0.7804 Y-0.2175
X0.7858 Y-0.2091
X0.7921 Y-0.2014
X0.7992 Y-0.1945
X0.8071 Y-0.1885
X0.8093 Y-0.1872
X0.8098 Y-0.1869
G3 X0.8161 Y-0.1611 Z0.404 I-0.0097 J0.016
G1 X0.8155 Y-0.1601
G3 X0.7821 Y-0.1655 I-0.0154 J-0.0107 F280.
G1 X0.7089 Y-0.4148
G2 X0.6726 Y-0.4137 I-0.018 J0.0053
G1 Y-0.4134
X0.6723 Y-0.4122 F80.
G3 X0.6625 Y-0.3845 Z0.4 I-0.1395 J-0.0339
G1 X0.661 Y-0.3818
X0.6512 Y-0.3834
G2 X0.6121 Y-0.3904 I-0.2685 J1.3824
X0.5429 Y-0.3977 I-0.1095 J0.7091
G1 X0.5329 Y-0.3983
X0.523 Y-0.3987
X0.5131 Y-0.3989
X0.5031 Y-0.3986
X0.4933 Y-0.3972
X0.4836 Y-0.395
X0.4742 Y-0.3918
X0.4651 Y-0.3877
X0.4564 Y-0.3828
X0.4482 Y-0.3772
X0.4405 Y-0.3709
X0.4333 Y-0.3641
X0.4267 Y-0.3567
X0.4206 Y-0.3488
X0.4151 Y-0.3405
X0.41 Y-0.332
X0.4055 Y-0.3231
X0.4013 Y-0.3141
G2 X0.3874 Y-0.2769 I0.4161 J0.1772
G1 X0.385 Y-0.2672
X0.3835 Y-0.2574
X0.3829 Y-0.2474
X0.3832 Y-0.2375
X0.3843 Y-0.2276
X0.3863 Y-0.2179
X0.3892 Y-0.2084
X0.3928 Y-0.1991
X0.3972 Y-0.1902
X0.4023 Y-0.1816
X0.408 Y-0.1735
X0.4144 Y-0.1659
X0.4212 Y-0.1587
X0.4286 Y-0.152
X0.4364 Y-0.1458
X0.4445 Y-0.1401
X0.453 Y-0.1349
X0.4618 Y-0.1302
X0.4708 Y-0.126
X0.48 Y-0.1223
X0.4894 Y-0.119
X0.4989 Y-0.1161
X0.5085 Y-0.1136
X0.5183 Y-0.1116
X0.5281 Y-0.1105
X0.5381
X0.548 Y-0.1114
X0.5577 Y-0.1134
X0.5673 Y-0.1163
X0.5765 Y-0.12
X0.5854 Y-0.1244
X0.5939 Y-0.1295
X0.6022 Y-0.1351
X0.61 Y-0.1412
X0.6176 Y-0.1476
X0.6248 Y-0.1545
X0.6314 Y-0.1619
X0.6373 Y-0.1699
X0.6427 Y-0.1783
X0.6475 Y-0.187
X0.6518 Y-0.1959
X0.6556 Y-0.2051
X0.6592 Y-0.2144
X0.6626 Y-0.2237
X0.6661 Y-0.233
X0.669 Y-0.2425
X0.6708 Y-0.2523
X0.6715 Y-0.2622
X0.671 Y-0.2722
X0.6694 Y-0.282
X0.6668 Y-0.2916
X0.6632 Y-0.3009
X0.6588 Y-0.3098
X0.6536 Y-0.3183
X0.6477 Y-0.3262
X0.6411 Y-0.3337
X0.634 Y-0.3407
X0.6264 Y-0.347
X0.6183 Y-0.3528
X0.6099 Y-0.3581
X0.6011 Y-0.3628
X0.5921 Y-0.367
X0.5829 Y-0.3707
X0.5735 Y-0.3739
X0.5639 Y-0.3767
X0.5541 Y-0.3786
X0.5443 Y-0.3798
X0.5343 Y-0.3801
X0.5244 Y-0.3796
X0.5146 Y-0.3782
X0.5049 Y-0.3759
X0.4954 Y-0.3729
X0.4862 Y-0.3691
X0.4774 Y-0.3646
X0.4689 Y-0.3594
X0.4608 Y-0.3536
X0.4531 Y-0.3473
X0.4459 Y-0.3405
X0.4391 Y-0.3332
X0.4327 Y-0.3256
X0.427 Y-0.3174
X0.422 Y-0.3088
X0.4177 Y-0.2999
X0.4143 Y-0.2905
X0.4117 Y-0.2809
X0.4101 Y-0.2711
X0.4093 Y-0.2612
X0.4094 Y-0.2513
X0.4105 Y-0.2414
X0.4123 Y-0.2316
X0.415 Y-0.222
X0.4185 Y-0.2127
X0.4228 Y-0.2037
X0.4277 Y-0.1951
X0.4333 Y-0.1869
X0.4395 Y-0.1791
X0.4463 Y-0.1718
X0.4535 Y-0.165
X0.4614 Y-0.1589
X0.4698 Y-0.1537
X0.4787 Y-0.1492
X0.488 Y-0.1456
X0.4975 Y-0.1429
X0.5073 Y-0.141
X0.5172 Y-0.14
X0.5271 Y-0.1399
X0.5371 Y-0.1407
X0.5469 Y-0.1424
X0.5565 Y-0.1449
X0.5658 Y-0.1483
X0.5749 Y-0.1524
X0.5836 Y-0.1573
X0.5918 Y-0.1627
X0.5997 Y-0.1688
X0.6072 Y-0.1754
X0.6141 Y-0.1825
X0.6203 Y-0.1903
X0.6256 Y-0.1987
X0.6299 Y-0.2077
X0.6333 Y-0.217
X0.6356 Y-0.2267
X0.6369 Y-0.2366
X0.6372 Y-0.2465
X0.6365 Y-0.2564
X0.6348 Y-0.2662
X0.6322 Y-0.2758
X0.6288 Y-0.2851
X0.6244 Y-0.2941
X0.6191 Y-0.3025
X0.6131 Y-0.3104
X0.6062 Y-0.3176
X0.5986 Y-0.324
X0.5903 Y-0.3295
X0.5816 Y-0.3342
X0.5724 Y-0.338
X0.5628 Y-0.3408
X0.5531 Y-0.3427
X0.5432 Y-0.3435
X0.5332 Y-0.3433
X0.5234 Y-0.3419
X0.5138 Y-0.3394
X0.5045 Y-0.3358
X0.4957 Y-0.3312
X0.4874 Y-0.3256
X0.4799 Y-0.3191
X0.4732 Y-0.3118
X0.4673 Y-0.3038
X0.4624 Y-0.2952
X0.4585 Y-0.286
X0.457 Y-0.2813
X0.4568 Y-0.2804
Y-0.2801
X0.4574 Y-0.2528 Z0.4037
X0.4576 Y-0.2506 Z0.404
X0.4577 Y-0.2494
G2 X0.5338 Y-0.1619 Z0.4045 I0.0981 J-0.0084 F280.
G1 X2.1177 Y0.2215 Z0.439
X2.2525 Y0.2216 Z0.4413
X2.3255 Y0.2147 Z0.4423
X2.3817 Y0.1964 Z0.443
G2 X2.4188 Y0.1742 Z0.4434 I-0.0307 J-0.0935
G1 X2.473 Y0.1236 Z0.444
G2 X2.4916 Y-0.0013 Z0.4445 I-0.0654 J-0.0736
G1 X2.4907 Y-0.0027 F80.
X2.4884 Y-0.0062 Z0.444
X2.4741 Y-0.0265 Z0.4406
X2.4739 Y-0.0267
G3 X2.4779 Y-0.0374 I0.0606 J0.0164
X2.4878 Y-0.0583 I0.3503 J0.1539
G2 X2.4992 Y-0.0816 I-2.4708 J-1.2271
G1 X2.4999 Y-0.0829
X2.5007 Y-0.0843
G2 X2.5122 Y-0.1067 I-0.5229 J-0.2839
X2.5217 Y-0.1292 I-1.2776 J-0.553
X2.5311 Y-0.1573 I-0.6435 J-0.2293
X2.5366 Y-0.1798 I-1.2398 J-0.3158
G1 X2.5377 Y-0.1854
G2 X2.5413 Y-0.2079 I-1.231 J-0.208
X2.5433 Y-0.2303 I-0.5162 J-0.0565
G1 X2.5437 Y-0.236
G2 Y-0.264 I-0.6921 J-0.0142
X2.5414 Y-0.2921 I-0.7812 J0.0507
X2.5377 Y-0.3146 I-1.4611 J0.2245
G1 X2.5366 Y-0.3202
G2 X2.531 Y-0.3427 I-0.9248 J0.2163
X2.5217 Y-0.3708 I-0.5077 J0.1529
X2.5122 Y-0.3933 I-0.9829 J0.4014
X2.4975 Y-0.4214 I-0.4989 J0.2437
X2.4832 Y-0.4438 I-0.6972 J0.4296
X2.4705 Y-0.4607 I-1.145 J0.8442
G1 X2.4659 Y-0.4663
X2.4611 Y-0.4719
X2.4547 Y-0.4792
X2.4491 Y-0.4853
G2 X2.4322 Y-0.5016 I-0.7251 J0.7305
G1 X2.4277 Y-0.5056
G2 X2.4098 Y-0.5203 I-0.8374 J1.0048
X2.3873 Y-0.5359 I-0.452 J0.6252
G1 X2.3817 Y-0.5393
X2.3705 Y-0.5459
X2.3648 Y-0.5491
X2.362 Y-0.5506
G2 X2.3383 Y-0.5618 I-0.3027 J0.6075
X2.3143 Y-0.5711 I-0.2833 J0.6992
X2.2887 Y-0.5787 I-0.249 J0.792
X2.2625 Y-0.5843 I-0.1517 J0.6458
X2.2357 Y-0.5878 I-0.0811 J0.515
G1 X2.23 Y-0.5882
X2.2244 Y-0.5885
X2.2132 Y-0.5891
X2.2076 Y-0.5892
G2 X2.1795 Y-0.5883 I0.0017 J0.4822
X2.1514 Y-0.585 I0.0554 J0.6024
G1 X2.1473 Y-0.5843
X2.1345 Y-0.5818
G2 X2.1177 Y-0.5778 I0.0352 J0.1856
G1 X2.1065 Y-0.5746
X2.1013 Y-0.573
X2.1008 Y-0.5729
X2.0952 Y-0.571
X2.084 Y-0.5669
G2 X2.0671 Y-0.56 I0.0665 J0.1863
G1 X2.0559 Y-0.5548
X2.0503 Y-0.552
X2.0475 Y-0.5506
X2.0447 Y-0.549
X2.0334 Y-0.5427
X2.0276 Y-0.5393
G2 X2.0054 Y-0.5245 I0.38 J0.5933
X1.9829 Y-0.5067 I0.3492 J0.4631
X1.9638 Y-0.4888 I0.3884 J0.4351
X1.9481 Y-0.4719 I0.7296 J0.6915
X1.9303 Y-0.4494 I0.523 J0.4335
X1.9153 Y-0.427 I0.5373 J0.3743
G1 X1.912 Y-0.4214
X1.9058 Y-0.4101
G2 X1.8974 Y-0.3933 I0.1808 J0.1004
X1.8858 Y-0.3652 I0.2379 J0.1144
G1 X1.8837 Y-0.3596
X1.8818 Y-0.3539
G2 X1.8755 Y-0.3315 I0.5651 J0.1724
G1 X1.8741 Y-0.3258
G2 X1.8697 Y-0.3034 I0.7091 J0.1504
X1.8665 Y-0.2753 I0.5032 J0.0728
G1 X1.8661 Y-0.2697
X1.8657 Y-0.2584
X1.8655 Y-0.2528
Y-0.2472
X1.8657 Y-0.2416
X1.8661 Y-0.2303
X1.8665 Y-0.2247
X1.867 Y-0.2191
G2 X1.8697 Y-0.1966 I0.7607 J-0.0824
G1 X1.8706 Y-0.1919
X1.873 Y-0.1798
G2 X1.877 Y-0.1629 I0.2096 J-0.0409
G1 X1.8801 Y-0.1517
G2 X1.8879 Y-0.1292 I0.2806 J-0.0841
X1.8948 Y-0.1124 I0.1684 J-0.0595
G1 X1.9 Y-0.1011
X1.9028 Y-0.0955
X1.9043 Y-0.0926
G2 X1.9155 Y-0.0727 I0.6351 J-0.3463
X1.9303 Y-0.0505 I0.5471 J-0.3493
X1.9492 Y-0.0269 I0.4278 J-0.3223
X1.9637 Y-0.0112 I1.4632 J-1.3434
X1.9829 Y0.0067 I0.5256 J-0.5441
X2.0054 Y0.0245 I0.3948 J-0.4741
X2.0276 Y0.0393 I0.3502 J-0.5015
G1 X2.0334 Y0.0427
X2.0447 Y0.049
X2.0475 Y0.0506
X2.0503 Y0.052
G2 X2.0728 Y0.0625 I0.2391 J-0.4839
G1 X2.0784 Y0.0648
X2.0855 Y0.0674
G2 X2.1013 Y0.0731 I0.1194 J-0.3102
X2.1233 Y0.0793 I0.17 J-0.5596
G1 X2.1289 Y0.0806
X2.1345 Y0.0818
X2.1473 Y0.0843
G2 X2.1683 Y0.0871 I0.0464 J-0.265
X2.1907 Y0.0888 I0.0268 J-0.2065
G1 X2.1963 Y0.089
X2.2019 Y0.0892
X2.2076
G2 X2.2357 Y0.0878 I-0.013 J-0.5467
X2.2625 Y0.0843 I-0.0666 J-0.6128
X2.2887 Y0.0787 I-0.1361 J-0.6988
X2.3143 Y0.0711 I-0.1958 J-0.7059
X2.3383 Y0.0618 I-0.2299 J-0.6309
G1 X2.3424 Y0.06
G2 X2.362 Y0.0506 I-0.814 J-1.7191
G1 X2.3648 Y0.0491
G2 X2.3873 Y0.0359 I-0.3786 J-0.6727
X2.4098 Y0.0203 I-0.3361 J-0.5062
X2.4323 Y0.0016 I-0.3443 J-0.4384
X2.4491 Y-0.0147 I-1.1869 J-1.2417
G1 X2.4547 Y-0.0208
X2.4611 Y-0.0281
G2 X2.4748 Y-0.0449 I-0.1578 J-0.1421
G1 X2.479 Y-0.0506
G2 X2.4905 Y-0.0674 I-0.163 J-0.1233
G1 X2.494 Y-0.0731
X2.4975 Y-0.0786
X2.5001 Y-0.0833
X2.5007 Y-0.0843
X2.5109 Y-0.0923 Z0.4423
X2.5267 Y-0.0969 Z0.4449
X2.5278 Y-0.0972
X2.6064 Y-0.1196 Z0.4465 F280.
G2 X2.6755 Y-0.2135 Z0.452 I-0.0292 J-0.094
G1 X2.6703 Y-0.309 Z0.4588
X2.6546 Y-0.382 Z0.4651
X2.6232 Y-0.4622 Z0.4734
X2.5824 Y-0.5281 Z0.4814
X2.5702 Y-0.545 Z0.4836
X2.5656 Y-0.5505 Z0.4844
X2.5053 Y-0.6102 Z0.4936
X2.4287 Y-0.6629 Z0.5038
X2.3536 Y-0.6957 Z0.5124
X2.275 Y-0.7144 Z0.5205
X2.1795 Y-0.7194 Z0.529
X2.1002 Y-0.7079 Z0.535
X2.062 Y-0.6966 Z0.5375
X2.0615 Y-0.6965 Z0.5376
X2.0559 Y-0.6949 Z0.5379
X2.0503 Y-0.6929 Z0.5383
X2.0459 Y-0.691 Z0.5385
X2.0447 Y-0.6905 Z0.5386
X2.0391 Y-0.6876 Z0.5389
X2.0352 Y-0.6854 Z0.5392
X2.0334 Y-0.6843 Z0.5393
X2.0278 Y-0.6804 Z0.5396
X2.027 Y-0.6798 Z0.5397
X2.0222 Y-0.676 Z0.54
X2.0202 Y-0.6742 Z0.5401
X2.0166 Y-0.6707 Z0.5404
X2.0145 Y-0.6686 Z0.5405
X2.011 Y-0.6646 Z0.5408
X2.0096 Y-0.6629 Z0.5409
X2.0054 Y-0.6573 Z0.5412
Y-0.6572
G2 X1.9879 Y-0.6011 Z0.5432 I0.081 J0.0559
G1 X1.9863 Y-0.5395 Z0.5441
X1.9862 Y-0.534 Z0.5442 F80.
X1.9855 Y-0.5089 Z0.5406
Y-0.5086
G3 X1.9793 Y-0.4983 I-0.0654 J-0.0322
X1.9676 Y-0.4817 I-0.3232 J-0.2168
G2 X1.9481 Y-0.4548 I1.2994 J0.9608
X1.9267 Y-0.4213 I0.388 J0.272
X1.9086 Y-0.3859 I0.3228 J0.1871
X1.8946 Y-0.3487 I0.3185 J0.1413
X1.8834 Y-0.3003 I0.3186 J0.0994
X1.8796 Y-0.2409 I0.3252 J0.0501
X1.8848 Y-0.1915 I0.3277 J-0.0095
G1 X1.8868 Y-0.1817
X1.889 Y-0.172
X1.8916 Y-0.1624
X1.8944 Y-0.1529
X1.8975 Y-0.1434
X1.9009 Y-0.1341
X1.9046 Y-0.1249
X1.9086 Y-0.1157
X1.9128 Y-0.1067
X1.9173 Y-0.0979
G2 X1.9499 Y-0.048 I0.2887 J-0.153
X1.9836 Y-0.0115 I0.2566 J-0.2036
X2.0393 Y0.03 I0.2212 J-0.2386
G1 X2.048 Y0.0349
G2 X2.1026 Y0.0587 I0.1564 J-0.2841
G1 X2.1121 Y0.0617
X2.1216 Y0.0644
X2.1313 Y0.0668
X2.141 Y0.0689
X2.1508 Y0.0707
X2.1606 Y0.0722
G2 X2.2102 Y0.0751 I0.0443 J-0.3257
G1 X2.2202 Y0.0748
X2.2301 Y0.0742
X2.24 Y0.0733
X2.2498 Y0.072
X2.2597 Y0.0705
X2.2694 Y0.0687
X2.2792 Y0.0665
X2.2888 Y0.0641
X2.2984 Y0.0614
G2 X2.371 Y0.0294 I-0.0938 J-0.3118
G1 X2.3795 Y0.0242
X2.3878 Y0.0188
X2.3959 Y0.013
X2.4039 Y0.0071
X2.4116 Y0.0009
G2 X2.4474 Y-0.0336 I-0.2083 J-0.2523
G1 X2.4539 Y-0.0411
X2.4602 Y-0.0488
G2 X2.4878 Y-0.0901 I-0.2568 J-0.202
G1 X2.4926 Y-0.0988
X2.4971 Y-0.1077
X2.5013 Y-0.1167
G2 X2.5182 Y-0.1634 I-0.2996 J-0.1344
G1 X2.5207 Y-0.173
G2 X2.5277 Y-0.2122 I-0.316 J-0.077
G1 X2.5287 Y-0.222
X2.5294 Y-0.232
X2.5298 Y-0.2419
X2.5299 Y-0.2518
G2 X2.5241 Y-0.3111 I-0.3246 J0.0018
G1 X2.5221 Y-0.3209
G2 X2.5076 Y-0.3684 I-0.3191 J0.0715
G1 X2.5038 Y-0.3776
X2.4998 Y-0.3867
X2.4955 Y-0.3956
G2 X2.4699 Y-0.4382 I-0.2926 J0.1468
G1 X2.464 Y-0.4462
X2.4579 Y-0.4541
X2.4515 Y-0.4617
X2.4449 Y-0.4692
X2.4381 Y-0.4764
X2.4311 Y-0.4834
X2.4238 Y-0.4902
X2.4164 Y-0.4968
G2 X2.3763 Y-0.5262 I-0.2131 J0.2487
X2.3231 Y-0.5529 I-0.1719 J0.2768
G1 X2.3137 Y-0.5563
X2.3043 Y-0.5595
G2 X2.256 Y-0.5711 I-0.1 J0.3114
X2.1966 Y-0.5751 I-0.0513 J0.322
G1 X2.1866 Y-0.5747
X2.1767 Y-0.574
X2.1668 Y-0.5729
G2 X2.1181 Y-0.5634 I0.0379 J0.3232
G1 X2.1085 Y-0.5606
X2.0991 Y-0.5575
X2.0897 Y-0.5542
X2.0805 Y-0.5505
X2.0714 Y-0.5466
X2.0624 Y-0.5423
X2.0535 Y-0.5379
X2.0448 Y-0.533
X2.0363 Y-0.5278
X2.0282 Y-0.5221
X2.0203 Y-0.516
X2.0127 Y-0.5096
X2.0054 Y-0.5029
X1.9983 Y-0.4959
G2 X1.9658 Y-0.4583 I0.2771 J0.2719
X1.9334 Y-0.4083 I0.3095 J0.2364
X1.9157 Y-0.3708 I0.3132 J0.1699
X1.9073 Y-0.3483 I0.5537 J0.2206
G1 X1.9056 Y-0.3427
X1.9024 Y-0.3315
X1.9009 Y-0.3258
X1.8995 Y-0.3202
G2 X1.8944 Y-0.2921 I0.4148 J0.09
G1 X1.8937 Y-0.2865
G2 X1.8919 Y-0.236 I0.2977 J0.0358
X1.8938 Y-0.2135 I0.2107 J-0.0061
X1.8983 Y-0.1854 I0.2559 J-0.027
X1.9074 Y-0.1517 I0.2959 J-0.0614
X1.9157 Y-0.1292 I0.4097 J-0.1392
X1.9267 Y-0.1057 I0.5636 J-0.2493
X1.939 Y-0.0842 I0.4669 J-0.2524
X1.9632 Y-0.0506 I0.2867 J-0.181
X1.9837 Y-0.0281 I0.2882 J-0.2414
G1 X1.9885 Y-0.0235
X1.9957 Y-0.0168
X1.9997 Y-0.0132
G2 X2.0237 Y0.0056 I0.2647 J-0.3128
X2.0447 Y0.0192 I0.2277 J-0.3288
X2.0615 Y0.0286 I0.2115 J-0.3609
X2.0847 Y0.0393 I0.255 J-0.5177
X2.1065 Y0.0474 I0.357 J-0.9303
G1 X2.1121 Y0.0492
G2 X2.1345 Y0.0553 I0.1708 J-0.5872
X2.1682 Y0.061 I0.0761 J-0.3435
X2.1963 Y0.063 I0.0333 J-0.2759
X2.2188 Y0.0627 I0.009 J-0.2056
G1 X2.2244 Y0.0625
X2.23 Y0.0621
X2.2344 Y0.0618
G2 X2.2637 Y0.0576 I-0.0438 J-0.4074
X2.303 Y0.0474 I-0.0654 J-0.3323
X2.3255 Y0.039 I-0.1634 J-0.4721
X2.3536 Y0.0256 I-0.1897 J-0.4347
X2.3761 Y0.0122 I-0.2739 J-0.4848
X2.3933 Y0. I-0.2618 J-0.3889
X2.4154 Y-0.0183 I-0.2012 J-0.2653
X2.4322 Y-0.0347 I-0.2962 J-0.3203
G1 X2.4363 Y-0.0393
X2.4435 Y-0.0474
X2.4462 Y-0.0506
G2 X2.4631 Y-0.073 I-0.3296 J-0.2655
X2.4887 Y-0.118 I-0.268 J-0.1824
G1 X2.4912 Y-0.1236
X2.4936 Y-0.1292
G2 X2.5019 Y-0.1517 I-0.2072 J-0.0897
X2.5085 Y-0.1742 I-0.2 J-0.0705
X2.5142 Y-0.2022 I-0.2579 J-0.0668
X2.5172 Y-0.2303 I-0.2848 J-0.0452
G1 X2.5176 Y-0.236
G2 Y-0.264 I-0.4466 J-0.0143
X2.5158 Y-0.2865 I-1.1883 J0.0854
X2.5109 Y-0.3162 I-0.459 J0.061
X2.5039 Y-0.3427 I-0.4347 J0.1003
G1 X2.502 Y-0.3483
G2 X2.4912 Y-0.3764 I-0.2762 J0.0902
G1 X2.4888 Y-0.382
G2 X2.4772 Y-0.4045 I-0.5217 J0.2554
X2.4603 Y-0.431 I-0.3541 J0.2058
X2.4462 Y-0.4494 I-0.4246 J0.3111
X2.4266 Y-0.471 I-0.2674 J0.2233
X2.4138 Y-0.4832 I-0.3642 J0.3705
X2.3929 Y-0.5004 I-0.3075 J0.3524
X2.3761 Y-0.5121 I-0.4132 J0.574
X2.359 Y-0.5225 I-0.1354 J0.2044
X2.3424 Y-0.5313 I-0.1057 J0.1794
X2.3031 Y-0.5473 I-0.1377 J0.2809
X2.2806 Y-0.5539 I-0.148 J0.4664
X2.2525 Y-0.5595 I-0.1053 J0.4498
X2.2244 Y-0.5626 I-0.0557 J0.3839
X2.1851 I-0.0197 J0.3411
X2.157 Y-0.5596 I0.0337 J0.4459
X2.1345 Y-0.5552 I0.1268 J0.7172
X2.1121 Y-0.5491 I0.0801 J0.3396
X2.0952 Y-0.5434 I0.0659 J0.2201
X2.0722 Y-0.5337 I0.088 J0.2423
X2.0503 Y-0.5224 I0.1025 J0.2246
X2.0334 Y-0.5121 I0.0916 J0.1696
X2.0054 Y-0.4915 I0.1605 J0.248
X1.9717 Y-0.4592 I0.192 J0.2338
X1.9589 Y-0.4438 I0.1616 J0.148
X1.9492 Y-0.4311 I0.2489 J0.2001
X1.9355 Y-0.4101 I0.4979 J0.3392
X1.9262 Y-0.3933 I0.4739 J0.2711
X1.9157 Y-0.3708 I0.3486 J0.1766
G1 X1.902 Y-0.3596 Z0.543
X1.8917 Y-0.3541 Z0.5448
X1.8906 Y-0.3535
X1.8088 Y-0.3098 Z0.5465 F280.
X1.8072 Y-0.309 Z0.5466
X1.8032 Y-0.3068 Z0.5468
X1.7977 Y-0.3034 Z0.547
X1.7975 Y-0.3032
X1.7919 Y-0.2991 Z0.5472
X1.7902 Y-0.2978 Z0.5473
X1.7863 Y-0.2944 Z0.5475
X1.7839 Y-0.2921 Z0.5476
X1.7807 Y-0.2888 Z0.5478
X1.7786 Y-0.2865 Z0.5479
X1.7785 Y-0.2863
X1.7751 Y-0.2822 Z0.5481
X1.774 Y-0.2809 Z0.5482
X1.7701 Y-0.2753 Z0.5485
X1.7695 Y-0.2742 Z0.5486
X1.7667 Y-0.2697 Z0.5488
X1.7638 Y-0.264 Z0.5491
G2 X1.7582 Y-0.1942 Z0.5528 I0.0889 J0.0423
G1 X1.7975 Y-0.0743 Z0.5615
X1.8343 Y-0.0056 Z0.5681
X1.8954 Y0.0678 Z0.5769
X1.9572 Y0.118 Z0.5847
X2.0288 Y0.1573 Z0.593
X2.1008 Y0.1805 Z0.6007
X2.1795 Y0.1927 Z0.6087
X2.2581 Y0.1898 Z0.6162
X2.3408 Y0.1725 Z0.6237
X2.4189 Y0.1384 Z0.6305
X2.4828 Y0.0954 Z0.6357
X2.5109 Y0.0706 Z0.6379
X2.5146 Y0.0674 Z0.6381
X2.5165 Y0.0657 Z0.6383
X2.5204 Y0.0618 Z0.6385
X2.5221 Y0.06 Z0.6387
X2.5254 Y0.0562 Z0.6389
X2.5277 Y0.0532 Z0.6391
X2.5296 Y0.0506 Z0.6393
X2.5333 Y0.045 Z0.6396
Y0.0448
G2 X2.5367 Y-0.0506 Z0.6432 I-0.0844 J-0.0507
G1 X2.5123 Y-0.1011 Z0.6443
G3 X2.5057 Y-0.1156 Z0.6444 I0.086 J-0.0479
G1 X2.504 Y-0.1206 F80.
G3 X2.4999 Y-0.1456 Z0.6406 I0.0942 J-0.0284
X2.5002 Y-0.1584 I0.1442 J-0.0035
G1 X2.5008 Y-0.1669
X2.5018 Y-0.1768
G2 X2.5054 Y-0.2164 I-0.8201 J-0.0949
X2.5058 Y-0.2561 I-0.3969 J-0.0238
X2.5018 Y-0.2957 I-0.3337 J0.0141
G1 X2.5 Y-0.3055
X2.4979 Y-0.3152
X2.4955 Y-0.3248
X2.4929 Y-0.3344
X2.4899 Y-0.3439
X2.4866 Y-0.3533
X2.483 Y-0.3625
X2.4791 Y-0.3717
X2.4749 Y-0.3807
X2.4704 Y-0.3896
X2.4656 Y-0.3983
X2.4605 Y-0.4069
X2.4552 Y-0.4152
X2.4496 Y-0.4234
X2.4437 Y-0.4315
X2.4375 Y-0.4393
X2.4311 Y-0.4469
X2.4245 Y-0.4543
X2.4176 Y-0.4614
X2.4105 Y-0.4684
X2.4031 Y-0.4751
X2.3955 Y-0.4815
X2.3878 Y-0.4877
X2.3798 Y-0.4936
X2.3716 Y-0.4993
X2.3633 Y-0.5047
X2.3547 Y-0.5098
X2.346 Y-0.5147
X2.3372 Y-0.5192
X2.3282 Y-0.5234
X2.3191 Y-0.5274
X2.3098 Y-0.531
X2.3004 Y-0.5343
X2.291 Y-0.5373
X2.2814 Y-0.54
X2.2717 Y-0.5424
X2.262 Y-0.5445
X2.2522 Y-0.5462
X2.2424 Y-0.5476
X2.2325 Y-0.5487
X2.2226 Y-0.5495
X2.2127 Y-0.5499
X2.2027 Y-0.55
X2.1928 Y-0.5498
X2.1828 Y-0.5492
X2.1729 Y-0.5483
X2.1631 Y-0.5471
X2.1532 Y-0.5456
X2.1435 Y-0.5437
X2.1338 Y-0.5415
X2.1242 Y-0.539
X2.1146 Y-0.5362
X2.1052 Y-0.533
X2.0959 Y-0.5296
X2.0867 Y-0.5258
X2.0776 Y-0.5217
X2.0687 Y-0.5174
X2.0599 Y-0.5127
X2.0512 Y-0.5078
X2.0428 Y-0.5026
X2.0345 Y-0.497
X2.0264 Y-0.4913
X2.0185 Y-0.4852
X2.0108 Y-0.4789
X2.0033 Y-0.4724
X1.9961 Y-0.4656
X1.989 Y-0.4585
X1.9823 Y-0.4513
X1.9757 Y-0.4438
X1.9694 Y-0.4361
X1.9634 Y-0.4282
X1.9576 Y-0.4201
X1.9521 Y-0.4118
X1.9469 Y-0.4034
X1.9419 Y-0.3947
X1.9373 Y-0.386
X1.9329 Y-0.377
X1.9289 Y-0.3679
X1.9251 Y-0.3587
X1.9217 Y-0.3494
X1.9185 Y-0.34
X1.9157 Y-0.3304
X1.9132 Y-0.3208
X1.911 Y-0.3111
X1.9091 Y-0.3013
X1.9076 Y-0.2915
X1.9064 Y-0.2817
X1.9055 Y-0.2717
X1.905 Y-0.2618
X1.9047 Y-0.2519
X1.9048 Y-0.2419
X1.9053 Y-0.232
X1.906 Y-0.2221
X1.9071 Y-0.2122
X1.9085 Y-0.2024
X1.9103 Y-0.1926
X1.9123 Y-0.1828
X1.9147 Y-0.1732
X1.9174 Y-0.1636
X1.9204 Y-0.1542
X1.9238 Y-0.1448
X1.9274 Y-0.1355
X1.9314 Y-0.1264
X1.9356 Y-0.1174
X1.9401 Y-0.1086
X1.945 Y-0.0999
X1.9501 Y-0.0913
X1.9555 Y-0.083
X1.9612 Y-0.0748
X1.9671 Y-0.0669
X1.9733 Y-0.0591
X1.9798 Y-0.0515
X1.9865 Y-0.0442
X1.9934 Y-0.0371
X2.0006 Y-0.0302
X2.008 Y-0.0235
X2.0156 Y-0.0171
X2.0234 Y-0.011
X2.0314 Y-0.0051
X2.0396 Y0.0005
X2.048 Y0.0058
X2.0566 Y0.0109
X2.0653 Y0.0156
X2.0742 Y0.0201
X2.0832 Y0.0243
X2.0924 Y0.0282
X2.1017 Y0.0318
X2.111 Y0.035
X2.1205 Y0.038
X2.1301 Y0.0406
X2.1398 Y0.0429
X2.1495 Y0.0449
X2.1593 Y0.0466
X2.1692 Y0.0479
X2.1791 Y0.0489
X2.189 Y0.0496
X2.1989 Y0.0499
X2.2089 Y0.05
X2.2188 Y0.0497
X2.2288 Y0.049
X2.2387 Y0.0481
X2.2485 Y0.0468
X2.2583 Y0.0452
X2.2681 Y0.0432
X2.2778 Y0.041
X2.2874 Y0.0384
X2.2969 Y0.0355
X2.3063 Y0.0323
X2.3156 Y0.0288
X2.3248 Y0.0249
X2.3338 Y0.0208
X2.3427 Y0.0164
X2.3515 Y0.0117
X2.3601 Y0.0067
X2.3685 Y0.0014
X2.3767 Y-0.0042
X2.3848 Y-0.01
X2.3926 Y-0.0161
X2.4003 Y-0.0225
X2.4077 Y-0.0291
X2.4149 Y-0.0359
X2.4219 Y-0.043
X2.4286 Y-0.0503
X2.4351 Y-0.0579
X2.4414 Y-0.0656
X2.4473 Y-0.0735
X2.4531 Y-0.0817
X2.4585 Y-0.09
X2.4635 Y-0.0986
X2.4679 Y-0.1075
X2.4719 Y-0.1166
X2.4754 Y-0.1259
X2.4785 Y-0.1354
X2.4813 Y-0.1449
G2 X2.4895 Y-0.1838 I-0.337 J-0.0911
X2.4937 Y-0.2333 I-0.3609 J-0.0556
X2.4919 Y-0.273 I-0.3344 J-0.0054
G1 X2.4908 Y-0.2829
X2.4893 Y-0.2927
X2.4875 Y-0.3025
X2.4853 Y-0.3122
X2.4829 Y-0.3219
G2 X2.4788 Y-0.3358 I-0.2575 J0.0693
G1 X2.4786 Y-0.3364
G2 X2.4678 Y-0.3652 I-0.2845 J0.0906
G1 X2.4659 Y-0.3694
G2 X2.4537 Y-0.3933 I-0.5304 J0.2578
X2.4379 Y-0.4178 I-0.4022 J0.2424
X2.4167 Y-0.4438 I-0.2946 J0.2178
X2.3985 Y-0.462 I-0.3419 J0.3233
X2.3799 Y-0.4776 I-0.3809 J0.4369
X2.3536 Y-0.4956 I-0.2204 J0.2933
X2.324 Y-0.5113 I-0.1745 J0.2936
X2.3031 Y-0.5198 I-0.186 J0.4251
X2.2862 Y-0.5253 I-0.097 J0.2719
X2.2637 Y-0.5309 I-0.0567 J0.1779
X2.2469 Y-0.5341 I-0.0678 J0.3136
X2.2132 Y-0.5371 I-0.0475 J0.3458
X2.1907 Y-0.5369 I-0.0063 J0.5009
X2.1683 Y-0.5348 I0.023 J0.3731
G1 X2.1626 Y-0.5341
G2 X2.1345 Y-0.5285 I0.0825 J0.4866
X2.1065 Y-0.5199 I0.0959 J0.3611
X2.0784 Y-0.5079 I0.1262 J0.3362
X2.0559 Y-0.4956 I0.2229 J0.4336
G1 X2.0503 Y-0.4921
X2.0454 Y-0.4888
X2.0371 Y-0.4832
G2 X2.0222 Y-0.4716 I0.1373 J0.1927
G1 X2.0159 Y-0.4663
G2 X1.9982 Y-0.4494 I0.152 J0.1769
X1.9832 Y-0.4326 I0.15 J0.1491
X1.9702 Y-0.4158 I0.2929 J0.2391
X1.9591 Y-0.3989 I0.5931 J0.3998
X1.9416 Y-0.3652 I0.271 J0.1622
X1.9323 Y-0.3411 I0.4103 J0.1725
X1.9249 Y-0.3146 I0.4702 J0.1468
X1.9199 Y-0.2865 I0.3642 J0.0794
X1.9175 Y-0.2528 I0.3242 J0.0392
X1.9182 Y-0.2303 I0.571 J-0.0053
X1.9215 Y-0.2022 I0.4134 J-0.0348
X1.9277 Y-0.1742 I0.3429 J-0.061
X1.935 Y-0.1517 I0.3149 J-0.0887
G1 X1.937 Y-0.1461
G2 X1.9443 Y-0.1292 I0.2916 J-0.1167
X1.956 Y-0.1067 I0.1914 J-0.085
X1.9717 Y-0.0823 I0.1987 J-0.1107
X1.9879 Y-0.0618 I0.1913 J-0.1344
X1.9997 Y-0.0488 I0.2746 J-0.2386
X2.0166 Y-0.033 I0.3713 J-0.3799
G1 X2.0222 Y-0.0283
X2.0278 Y-0.0238
X2.0371 Y-0.0168
G2 X2.0559 Y-0.0045 I0.1477 J-0.2044
X2.0784 Y0.0078 I0.1221 J-0.1968
X2.1008 Y0.0177 I0.1135 J-0.2277
X2.1177 Y0.0237 I0.1918 J-0.5114
X2.1514 Y0.0322 I0.0964 J-0.3109
X2.1795 Y0.0361 I0.0616 J-0.3418
X2.2076 Y0.0372 I0.0294 J-0.3902
X2.23 Y0.0361 I-0.0201 J-0.6269
X2.2694 Y0.0298 I-0.0293 J-0.3117
X2.2918 Y0.0237 I-0.09 J-0.3728
X2.3199 Y0.0131 I-0.1131 J-0.343
G1 X2.3238 Y0.0112
X2.3311 Y0.0077
G2 X2.3536 Y-0.0045 I-0.0907 J-0.1929
X2.3761 Y-0.0196 I-0.1175 J-0.1995
X2.4041 Y-0.0435 I-0.1619 J-0.219
X2.4165 Y-0.0562 I-0.1009 J-0.1105
G1 X2.4215 Y-0.0618
G2 X2.4378 Y-0.0825 I-0.1597 J-0.1432
X2.4547 Y-0.1088 I-0.1907 J-0.1407
X2.4677 Y-0.1348 I-0.2028 J-0.1175
X2.4764 Y-0.1573 I-0.1718 J-0.0795
G1 X2.4783 Y-0.1629
G2 X2.4844 Y-0.1854 I-0.1896 J-0.0639
X2.4895 Y-0.2135 I-0.2215 J-0.0545
X2.4918 Y-0.2472 I-0.2494 J-0.034
X2.4911 Y-0.2697 I-0.1908 J-0.0054
G1 X2.4907 Y-0.2753
G2 X2.4878 Y-0.2978 I-0.1937 J0.0134
X2.48 Y-0.3315 I-0.2478 J0.0394
G1 X2.4827 Y-0.3605 Z0.6509
X2.4828 Y-0.3608 Z0.651 F280.
X2.4847 Y-0.382 Z0.6556
X2.4685 Y-0.4157 Z0.674
X2.4266 Y-0.4687 Z0.7142
X2.3985 Y-0.4924 Z0.7326
X2.3753 Y-0.4962 Z0.7392
X2.3592 Y-0.4989 Z0.7437 F80.
X2.3531 Y-0.4994 Z0.7441
X2.3461 Y-0.4999 Z0.7406
X2.3455
G3 X2.333 Y-0.5024 I0.0136 J-0.1034
G1 X2.3233 Y-0.5048
X2.3137 Y-0.5074
G2 X2.2752 Y-0.5171 I-0.1667 J0.5831
G1 X2.2654 Y-0.519
X2.2556 Y-0.5206
X2.2457 Y-0.522
X2.2359 Y-0.523
X2.2259 Y-0.5238
X2.216 Y-0.5242
X2.2061 Y-0.5243
X2.1961 Y-0.524
X2.1862 Y-0.5234
X2.1763 Y-0.5225
X2.1664 Y-0.5212
X2.1566 Y-0.5196
X2.1469 Y-0.5176
X2.1372 Y-0.5153
X2.1276 Y-0.5126
X2.1181 Y-0.5096
X2.1088 Y-0.5063
X2.0995 Y-0.5026
X2.0904 Y-0.4986
X2.0815 Y-0.4943
X2.0727 Y-0.4896
X2.0641 Y-0.4847
X2.0556 Y-0.4794
X2.0474 Y-0.4738
X2.0394 Y-0.468
X2.0316 Y-0.4618
X2.024 Y-0.4554
X2.0166 Y-0.4487
X2.0096 Y-0.4417
X2.0027 Y-0.4345
X1.9961 Y-0.427
X1.9899 Y-0.4193
X1.9838 Y-0.4114
X1.9781 Y-0.4033
X1.9727 Y-0.3949
X1.9676 Y-0.3864
X1.9628 Y-0.3777
X1.9583 Y-0.3688
X1.9542 Y-0.3598
X1.9503 Y-0.3506
X1.9468 Y-0.3413
X1.9437 Y-0.3319
X1.9409 Y-0.3223
X1.9384 Y-0.3127
X1.9363 Y-0.303
X1.9346 Y-0.2932
X1.9332 Y-0.2833
X1.9322 Y-0.2735
X1.9315 Y-0.2635
X1.9312 Y-0.2536
Y-0.2436
X1.9316 Y-0.2337
X1.9324 Y-0.2238
X1.9335 Y-0.2139
X1.935 Y-0.2041
X1.9369 Y-0.1943
X1.9391 Y-0.1846
X1.9416 Y-0.175
X1.9445 Y-0.1655
X1.9478 Y-0.1561
X1.9514 Y-0.1468
X1.9553 Y-0.1377
X1.9595 Y-0.1287
X1.9641 Y-0.1199
X1.969 Y-0.1112
X1.9742 Y-0.1027
X1.9797 Y-0.0944
X1.9855 Y-0.0864
X1.9916 Y-0.0785
X1.998 Y-0.0709
X2.0046 Y-0.0635
X2.0115 Y-0.0563
X2.0187 Y-0.0494
X2.0261 Y-0.0428
X2.0337 Y-0.0365
X2.0416 Y-0.0304
X2.0497 Y-0.0246
X2.058 Y-0.0191
X2.0665 Y-0.0139
X2.0751 Y-0.0091
X2.084 Y-0.0045
X2.093 Y-0.0003
X2.1021 Y0.0036
X2.1114 Y0.0072
X2.1208 Y0.0104
X2.1303 Y0.0133
X2.14 Y0.0158
X2.1497 Y0.018
X2.1594 Y0.0198
X2.1693 Y0.0213
X2.1792 Y0.0224
X2.1891 Y0.0231
X2.199 Y0.0235
X2.209
X2.2189 Y0.0232
X2.2288 Y0.0225
X2.2387 Y0.0215
X2.2485 Y0.02
X2.2583 Y0.0183
X2.268 Y0.0161
X2.2777 Y0.0137
X2.2872 Y0.0108
X2.2966 Y0.0077
X2.3059 Y0.0042
X2.3151 Y0.0003
X2.3241 Y-0.0039
X2.333 Y-0.0084
X2.3417 Y-0.0132
X2.3502 Y-0.0183
X2.3585 Y-0.0238
X2.3666 Y-0.0295
X2.3745 Y-0.0355
X2.3822 Y-0.0418
X2.3897 Y-0.0484
X2.3969 Y-0.0553
X2.4038 Y-0.0624
X2.4105 Y-0.0698
X2.4169 Y-0.0774
X2.4231 Y-0.0852
X2.4289 Y-0.0932
X2.4345 Y-0.1015
X2.4397 Y-0.1099
X2.4446 Y-0.1186
X2.4493 Y-0.1274
X2.4536 Y-0.1363
X2.4575 Y-0.1455
X2.4612 Y-0.1547
X2.4644 Y-0.1641
X2.4674 Y-0.1736
X2.47 Y-0.1832
X2.4723 Y-0.1929
X2.4742 Y-0.2026
X2.4757 Y-0.2124
X2.4769 Y-0.2223
X2.4777 Y-0.2322
X2.4782 Y-0.2422
X2.4783 Y-0.2521
X2.478 Y-0.262
X2.4774 Y-0.272
X2.4764 Y-0.2819
X2.4751 Y-0.2917
X2.4734 Y-0.3015
X2.4713 Y-0.3112
X2.4689 Y-0.3209
X2.4662 Y-0.3304
X2.4631 Y-0.3399
X2.4597 Y-0.3492
X2.4559 Y-0.3584
X2.4518 Y-0.3675
X2.4473 Y-0.3764
X2.4426 Y-0.3851
X2.4375 Y-0.3937
X2.4322 Y-0.402
X2.4265 Y-0.4102
X2.4205 Y-0.4182
X2.4143 Y-0.4259
X2.4077 Y-0.4334
X2.4009 Y-0.4406
X2.3939 Y-0.4476
X2.3864 Y-0.4542
X2.3785 Y-0.4602
X2.3703 Y-0.4659
X2.3618 Y-0.4711
X2.3531 Y-0.4759
X2.3442 Y-0.4804
X2.3352 Y-0.4845
X2.326 Y-0.4883
G2 X2.2689 Y-0.5053 I-0.1212 J0.3039
G1 X2.2591 Y-0.5071
X2.2493 Y-0.5085
X2.2394 Y-0.5097
X2.2295 Y-0.5105
X2.2196 Y-0.511
X2.2096 Y-0.5111
X2.1997 Y-0.5109
X2.1898 Y-0.5103
X2.1799 Y-0.5094
X2.17 Y-0.5082
X2.1602 Y-0.5065
X2.1504 Y-0.5046
X2.1408 Y-0.5022
X2.1312 Y-0.4995
X2.1217 Y-0.4965
X2.1124 Y-0.4931
X2.1032 Y-0.4893
X2.0941 Y-0.4852
X2.0852 Y-0.4808
X2.0765 Y-0.476
X2.068 Y-0.4709
X2.0596 Y-0.4655
X2.0515 Y-0.4598
X2.0436 Y-0.4538
X2.0359 Y-0.4474
X2.0285 Y-0.4408
X2.0213 Y-0.4339
X2.0144 Y-0.4268
X2.0078 Y-0.4194
X2.0015 Y-0.4117
X1.9954 Y-0.4038
X1.9897 Y-0.3957
X1.9843 Y-0.3873
X1.9792 Y-0.3788
X1.9744 Y-0.37
X1.97 Y-0.3611
X1.9659 Y-0.3521
X1.9622 Y-0.3429
X1.9588 Y-0.3335
X1.9558 Y-0.324
X1.9532 Y-0.3144
X1.9509 Y-0.3048
X1.949 Y-0.295
X1.9474 Y-0.2852
X1.9463 Y-0.2753
X1.9455 Y-0.2654
X1.9451 Y-0.2555
Y-0.2455
X1.9454 Y-0.2356
X1.9462 Y-0.2257
X1.9473 Y-0.2158
X1.9488 Y-0.206
X1.9507 Y-0.1962
X1.9529 Y-0.1865
X1.9555 Y-0.1769
X1.9585 Y-0.1674
X1.9619 Y-0.1581
X1.9656 Y-0.1488
X1.9696 Y-0.1398
X1.974 Y-0.1308
X1.9787 Y-0.1221
X1.9838 Y-0.1135
X1.9892 Y-0.1052
X1.9949 Y-0.097
X2.0009 Y-0.0891
X2.0072 Y-0.0814
X2.0138 Y-0.074
X2.0207 Y-0.0668
X2.0278 Y-0.0599
X2.0352 Y-0.0532
X2.0429 Y-0.0469
X2.0508 Y-0.0409
X2.0589 Y-0.0351
X2.0672 Y-0.0297
X2.0758 Y-0.0246
X2.0845 Y-0.0198
X2.0934 Y-0.0154
X2.1024 Y-0.0113
X2.1117 Y-0.0076
X2.121 Y-0.0042
X2.1305 Y-0.0011
X2.1401 Y0.0015
X2.1497 Y0.0038
X2.1595 Y0.0057
X2.1693 Y0.0073
X2.1792 Y0.0084
X2.1891 Y0.0092
X2.199 Y0.0096
X2.209 Y0.0097
X2.2189 Y0.0093
X2.2288 Y0.0086
X2.2387 Y0.0075
X2.2485 Y0.006
X2.2583 Y0.0041
X2.268 Y0.0019
X2.2776 Y-0.0007
X2.2871 Y-0.0037
X2.2965 Y-0.007
X2.3057 Y-0.0107
X2.3148 Y-0.0148
X2.3237 Y-0.0192
X2.3324 Y-0.0239
X2.341 Y-0.0289
X2.3494 Y-0.0343
X2.3575 Y-0.04
X2.3655 Y-0.046
X2.3731 Y-0.0523
X2.3806 Y-0.0589
X2.3878 Y-0.0658
X2.3947 Y-0.0729
X2.4013 Y-0.0803
X2.4077 Y-0.088
X2.4137 Y-0.0959
X2.4195 Y-0.104
X2.4249 Y-0.1123
X2.43 Y-0.1208
X2.4348 Y-0.1296
X2.4392 Y-0.1385
X2.4433 Y-0.1475
X2.4471 Y-0.1567
X2.4505 Y-0.1661
X2.4535 Y-0.1755
X2.4562 Y-0.1851
X2.4585 Y-0.1948
X2.4604 Y-0.2045
X2.462 Y-0.2144
X2.4631 Y-0.2242
X2.4639 Y-0.2342
X2.4644 Y-0.2441
Y-0.254
X2.464 Y-0.264
X2.4633 Y-0.2739
X2.4622 Y-0.2838
X2.4607 Y-0.2936
X2.4589 Y-0.3034
X2.4566 Y-0.3131
X2.454 Y-0.3227
X2.4511 Y-0.3322
X2.4478 Y-0.3415
X2.4441 Y-0.3508
X2.4401 Y-0.3599
X2.4357 Y-0.3688
X2.431 Y-0.3775
X2.4259 Y-0.3861
X2.4205 Y-0.3945
X2.4148 Y-0.4026
X2.4088 Y-0.4105
X2.4023 Y-0.418
X2.3955 Y-0.4253
X2.3883 Y-0.4322
X2.3808 Y-0.4387
X2.373 Y-0.4449
X2.365 Y-0.4507
X2.3567 Y-0.4562
X2.3482 Y-0.4614
X2.3395 Y-0.4662
X2.3306 Y-0.4706
X2.3215 Y-0.4747
X2.3123 Y-0.4785
X2.303 Y-0.482
X2.2936 Y-0.4851
X2.284 Y-0.4878
X2.2744 Y-0.4903
X2.2647 Y-0.4924
X2.2549 Y-0.4941
X2.245 Y-0.4955
X2.2351 Y-0.4965
X2.2252 Y-0.4972
X2.2153 Y-0.4975
X2.2053
X2.1954 Y-0.4971
X2.1855 Y-0.4963
X2.1756 Y-0.4951
X2.1658 Y-0.4936
X2.156 Y-0.4917
X2.1463 Y-0.4894
X2.1368 Y-0.4867
X2.1273 Y-0.4837
X2.118 Y-0.4803
X2.1088 Y-0.4765
X2.0997 Y-0.4724
X2.0908 Y-0.4679
X2.0821 Y-0.4631
X2.0736 Y-0.4579
X2.0654 Y-0.4524
X2.0573 Y-0.4466
X2.0495 Y-0.4404
X2.0419 Y-0.434
X2.0346 Y-0.4272
X2.0276 Y-0.4202
X2.0209 Y-0.4129
X2.0145 Y-0.4053
X2.0083 Y-0.3974
X2.0025 Y-0.3894
X1.9971 Y-0.3811
X1.9919 Y-0.3725
X1.9872 Y-0.3638
X1.9827 Y-0.3549
X1.9787 Y-0.3458
X1.975 Y-0.3366
X1.9717 Y-0.3272
X1.9687 Y-0.3177
X1.9662 Y-0.3081
X1.964 Y-0.2984
X1.9623 Y-0.2886
X1.9609 Y-0.2788
X1.9599 Y-0.2689
X1.9594 Y-0.2589
X1.9592 Y-0.249
X1.9595 Y-0.2391
X1.9601 Y-0.2291
X1.9612 Y-0.2192
X1.9626 Y-0.2094
X1.9644 Y-0.1996
X1.9667 Y-0.19
X1.9693 Y-0.1804
X1.9723 Y-0.1709
X1.9757 Y-0.1615
X1.9795 Y-0.1523
X1.9836 Y-0.1433
X1.9881 Y-0.1344
X1.993 Y-0.1258
X1.9982 Y-0.1173
X2.0037 Y-0.109
X2.0096 Y-0.101
X2.0158 Y-0.0932
X2.0223 Y-0.0857
X2.0291 Y-0.0784
X2.0362 Y-0.0715
X2.0436 Y-0.0648
X2.0512 Y-0.0584
X2.0591 Y-0.0524
X2.0672 Y-0.0466
X2.0756 Y-0.0412
X2.0841 Y-0.0362
X2.0929 Y-0.0315
X2.1018 Y-0.0271
X2.1109 Y-0.0231
X2.1202 Y-0.0195
X2.1296 Y-0.0163
X2.1391 Y-0.0134
X2.1488 Y-0.011
X2.1585 Y-0.0089
X2.1683 Y-0.0072
X2.1781 Y-0.0059
X2.188 Y-0.0051
X2.198 Y-0.0046
X2.2079 Y-0.0045
X2.2179 Y-0.0049
X2.2278 Y-0.0056
X2.2377 Y-0.0067
X2.2475 Y-0.0083
X2.2572 Y-0.0102
X2.2669 Y-0.0125
X2.2765 Y-0.0152
X2.2859 Y-0.0183
X2.2952 Y-0.0218
X2.3044 Y-0.0257
X2.3134 Y-0.0299
X2.3222 Y-0.0345
X2.3309 Y-0.0394
X2.3393 Y-0.0447
X2.3475 Y-0.0503
X2.3555 Y-0.0562
X2.3632 Y-0.0625
X2.3706 Y-0.0691
X2.3778 Y-0.0759
X2.3847 Y-0.0831
X2.3913 Y-0.0905
X2.3977 Y-0.0982
X2.4036 Y-0.1061
X2.4093 Y-0.1143
X2.4146 Y-0.1227
X2.4196 Y-0.1313
X2.4242 Y-0.1401
X2.4285 Y-0.1491
X2.4324 Y-0.1582
X2.436 Y-0.1675
X2.4391 Y-0.177
X2.4419 Y-0.1865
X2.4443 Y-0.1962
X2.4462 Y-0.2059
X2.4478 Y-0.2157
X2.449 Y-0.2256
X2.4498 Y-0.2355
X2.4502 Y-0.2455
Y-0.2554
X2.4497 Y-0.2653
X2.4489 Y-0.2752
X2.4477 Y-0.2851
X2.4461 Y-0.2949
X2.4441 Y-0.3047
X2.4416 Y-0.3143
X2.4389 Y-0.3238
X2.4357 Y-0.3333
X2.4321 Y-0.3426
X2.4282 Y-0.3517
X2.4238 Y-0.3606
X2.4191 Y-0.3694
X2.414 Y-0.3779
X2.4085 Y-0.3862
X2.4026 Y-0.3942
X2.3963 Y-0.4019
X2.3897 Y-0.4093
X2.3827 Y-0.4164
X2.3754 Y-0.4232
X2.3678 Y-0.4296
X2.36 Y-0.4357
X2.3518 Y-0.4414
X2.3435 Y-0.4468
X2.3349 Y-0.4518
X2.3261 Y-0.4565
X2.3172 Y-0.4608
X2.308 Y-0.4647
X2.2987 Y-0.4683
X2.2893 Y-0.4715
X2.2798 Y-0.4743
X2.2702 Y-0.4768
X2.2605 Y-0.4789
X2.2507 Y-0.4806
X2.2408 Y-0.4819
X2.2309 Y-0.4829
X2.221 Y-0.4834
X2.211 Y-0.4836
X2.2011 Y-0.4833
X2.1912 Y-0.4827
X2.1813 Y-0.4817
X2.1714 Y-0.4803
X2.1617 Y-0.4784
X2.152 Y-0.4762
X2.1424 Y-0.4736
X2.1329 Y-0.4706
X2.1236 Y-0.4672
X2.1144 Y-0.4634
X2.1053 Y-0.4592
X2.0965 Y-0.4547
X2.0878 Y-0.4498
X2.0794 Y-0.4445
X2.0712 Y-0.4389
X2.0632 Y-0.4329
X2.0555 Y-0.4267
X2.0481 Y-0.42
X2.041 Y-0.4131
X2.0341 Y-0.4059
X2.0276 Y-0.3984
X2.0214 Y-0.3906
X2.0155 Y-0.3826
X2.01 Y-0.3743
X2.0049 Y-0.3658
X2.0001 Y-0.3571
X1.9957 Y-0.3482
X1.9917 Y-0.3391
X1.988 Y-0.3298
X1.9848 Y-0.3204
X1.982 Y-0.3109
X1.9796 Y-0.3013
X1.9776 Y-0.2915
X1.976 Y-0.2817
X1.9748 Y-0.2718
X1.9741 Y-0.2619
X1.9738 Y-0.252
X1.974 Y-0.242
X1.9745 Y-0.2321
X1.9755 Y-0.2222
X1.9769 Y-0.2124
X1.9788 Y-0.2026
X1.981 Y-0.1929
X1.9837 Y-0.1833
X1.9868 Y-0.1739
X1.9902 Y-0.1646
X1.9941 Y-0.1554
X1.9984 Y-0.1464
X2.003 Y-0.1376
X2.008 Y-0.129
X2.0134 Y-0.1207
X2.0192 Y-0.1126
X2.0253 Y-0.1047
X2.0317 Y-0.0971
X2.0384 Y-0.0898
X2.0455 Y-0.0828
X2.0528 Y-0.0761
X2.0605 Y-0.0697
X2.0684 Y-0.0637
X2.0765 Y-0.058
X2.0849 Y-0.0526
X2.0935 Y-0.0477
X2.1023 Y-0.0431
X2.1113 Y-0.0388
X2.1205 Y-0.035
X2.1298 Y-0.0316
X2.1393 Y-0.0286
X2.1489 Y-0.026
X2.1586 Y-0.0238
X2.1684 Y-0.022
X2.1782 Y-0.0206
X2.1881 Y-0.0197
X2.1981 Y-0.0192
X2.208 Y-0.0191
X2.218 Y-0.0195
X2.2279 Y-0.0203
X2.2377 Y-0.0215
X2.2475 Y-0.0231
X2.2573 Y-0.0252
X2.2669 Y-0.0276
X2.2764 Y-0.0305
X2.2858 Y-0.0338
X2.295 Y-0.0375
X2.3041 Y-0.0416
X2.313 Y-0.0461
X2.3217 Y-0.0509
X2.3301 Y-0.0561
X2.3384 Y-0.0617
X2.3463 Y-0.0676
X2.3541 Y-0.0739
X2.3615 Y-0.0805
X2.3686 Y-0.0874
X2.3755 Y-0.0946
X2.382 Y-0.1021
X2.3882 Y-0.1099
X2.3941 Y-0.1179
X2.3996 Y-0.1262
X2.4048 Y-0.1347
X2.4095 Y-0.1434
X2.4139 Y-0.1523
X2.418 Y-0.1614
X2.4216 Y-0.1707
X2.4248 Y-0.1801
X2.4276 Y-0.1897
X2.43 Y-0.1993
X2.4319 Y-0.2091
X2.4335 Y-0.2189
X2.4346 Y-0.2288
X2.4353 Y-0.2387
X2.4356 Y-0.2486
X2.4354 Y-0.2586
X2.4349 Y-0.2685
X2.4339 Y-0.2784
X2.4324 Y-0.2882
X2.4306 Y-0.298
X2.4283 Y-0.3077
X2.4256 Y-0.3172
X2.4224 Y-0.3267
X2.4189 Y-0.3359
X2.4148 Y-0.345
X2.4104 Y-0.3539
X2.4055 Y-0.3626
X2.4003 Y-0.371
X2.3946 Y-0.3792
X2.3885 Y-0.3871
X2.3821 Y-0.3946
X2.3753 Y-0.4019
X2.3682 Y-0.4088
X2.3607 Y-0.4154
X2.353 Y-0.4217
X2.345 Y-0.4276
X2.3367 Y-0.4331
X2.3282 Y-0.4382
X2.3195 Y-0.443
X2.3105 Y-0.4474
X2.3014 Y-0.4514
X2.2922 Y-0.455
X2.2827 Y-0.4582
X2.2732 Y-0.461
X2.2635 Y-0.4634
X2.2538 Y-0.4653
X2.244 Y-0.4669
X2.2341 Y-0.4681
X2.2242 Y-0.4688
X2.2143 Y-0.4691
X2.2043 Y-0.469
X2.1944 Y-0.4684
X2.1845 Y-0.4674
X2.1746 Y-0.466
X2.1649 Y-0.4642
X2.1552 Y-0.4619
X2.1456 Y-0.4593
X2.1362 Y-0.4562
X2.1268 Y-0.4527
X2.1177 Y-0.4488
X2.1087 Y-0.4444
X2.1 Y-0.4397
X2.0914 Y-0.4346
X2.0831 Y-0.4292
X2.0751 Y-0.4233
X2.0673 Y-0.4171
X2.0598 Y-0.4106
X2.0527 Y-0.4037
X2.0458 Y-0.3965
X2.0393 Y-0.389
X2.0331 Y-0.3812
X2.0272 Y-0.3732
X2.0218 Y-0.3649
X2.0167 Y-0.3563
X2.012 Y-0.3475
X2.0078 Y-0.3386
X2.0039 Y-0.3294
X2.0005 Y-0.3201
X1.9975 Y-0.3106
X1.995 Y-0.301
X1.9928 Y-0.2912
X1.9912 Y-0.2814
X1.99 Y-0.2716
X1.9892 Y-0.2617
X1.9889 Y-0.2517
X1.9891 Y-0.2418
X1.9897 Y-0.2319
X1.9908 Y-0.222
X1.9923 Y-0.2121
X1.9942 Y-0.2024
X1.9967 Y-0.1927
X1.9995 Y-0.1832
X2.0028 Y-0.1738
X2.0066 Y-0.1646
X2.0107 Y-0.1556
X2.0153 Y-0.1468
X2.0202 Y-0.1381
X2.0256 Y-0.1298
X2.0313 Y-0.1216
X2.0374 Y-0.1138
X2.0438 Y-0.1062
X2.0506 Y-0.0989
X2.0578 Y-0.092
X2.0652 Y-0.0854
X2.0729 Y-0.0792
X2.0809 Y-0.0733
X2.0892 Y-0.0678
X2.0977 Y-0.0626
X2.1065 Y-0.0579
X2.1154 Y-0.0536
X2.1246 Y-0.0497
X2.1339 Y-0.0462
X2.1434 Y-0.0431
X2.153 Y-0.0405
X2.1627 Y-0.0384
X2.1725 Y-0.0367
X2.1823 Y-0.0354
X2.1922 Y-0.0346
X2.2022 Y-0.0342
X2.2121 Y-0.0344
X2.222 Y-0.0349
X2.2319 Y-0.036
X2.2418 Y-0.0374
X2.2515 Y-0.0394
X2.2612 Y-0.0417
X2.2707 Y-0.0446
X2.2801 Y-0.0478
X2.2893 Y-0.0515
X2.2984 Y-0.0556
X2.3072 Y-0.0601
X2.3159 Y-0.0651
X2.3243 Y-0.0704
X2.3324 Y-0.0761
X2.3403 Y-0.0822
X2.3479 Y-0.0886
X2.3552 Y-0.0953
X2.3621 Y-0.1024
X2.3688 Y-0.1099
X2.3751 Y-0.1176
X2.381 Y-0.1255
X2.3865 Y-0.1338
X2.3917 Y-0.1423
X2.3965 Y-0.151
X2.4008 Y-0.16
X2.4048 Y-0.1691
X2.4083 Y-0.1784
X2.4113 Y-0.1879
X2.414 Y-0.1974
X2.4162 Y-0.2071
X2.4179 Y-0.2169
X2.4192 Y-0.2268
X2.4201 Y-0.2367
X2.4205 Y-0.2466
X2.4204 Y-0.2566
X2.4198 Y-0.2665
X2.4188 Y-0.2764
X2.4174 Y-0.2862
X2.4154 Y-0.296
X2.413 Y-0.3056
X2.4101 Y-0.3151
X2.4067 Y-0.3245
X2.4028 Y-0.3336
X2.3985 Y-0.3426
X2.3938 Y-0.3513
X2.3886 Y-0.3598
X2.383 Y-0.368
X2.377 Y-0.376
X2.3706 Y-0.3836
X2.3638 Y-0.3909
X2.3567 Y-0.3978
X2.3493 Y-0.4044
X2.3415 Y-0.4106
X2.3334 Y-0.4164
X2.3251 Y-0.4219
X2.3165 Y-0.4269
X2.3077 Y-0.4315
X2.2987 Y-0.4358
X2.2895 Y-0.4395
X2.2802 Y-0.4429
X2.2707 Y-0.4458
X2.2611 Y-0.4483
X2.2513 Y-0.4504
X2.2415 Y-0.4519
X2.2316 Y-0.4531
X2.2217 Y-0.4537
X2.2118 Y-0.454
X2.2018 Y-0.4537
X2.1919 Y-0.453
X2.182 Y-0.4518
X2.1722 Y-0.4502
X2.1625 Y-0.4481
X2.1529 Y-0.4456
X2.1434 Y-0.4426
X2.1341 Y-0.4391
X2.125 Y-0.4351
X2.1161 Y-0.4306
X2.1075 Y-0.4257
X2.099 Y-0.4205
X2.0908 Y-0.4148
X2.0829 Y-0.4088
X2.0753 Y-0.4024
X2.068 Y-0.3956
X2.061 Y-0.3886
X2.0544 Y-0.3811
X2.0481 Y-0.3734
X2.0423 Y-0.3654
X2.0368 Y-0.3571
X2.0317 Y-0.3485
X2.0271 Y-0.3398
X2.0229 Y-0.3307
X2.0191 Y-0.3215
X2.0158 Y-0.3122
X2.013 Y-0.3026
X2.0106 Y-0.293
X2.0088 Y-0.2832
X2.0074 Y-0.2733
X2.0065 Y-0.2634
X2.0061 Y-0.2535
X2.0062 Y-0.2436
X2.0068 Y-0.2336
X2.0078 Y-0.2238
X2.0094 Y-0.2139
X2.0115 Y-0.2042
X2.014 Y-0.1946
X2.017 Y-0.1851
X2.0205 Y-0.1758
X2.0245 Y-0.1667
X2.0289 Y-0.1578
X2.0337 Y-0.1491
X2.039 Y-0.1407
X2.0447 Y-0.1325
X2.0508 Y-0.1246
X2.0572 Y-0.1171
X2.0641 Y-0.1099
X2.0713 Y-0.103
X2.0788 Y-0.0965
X2.0867 Y-0.0904
X2.0948 Y-0.0847
X2.1032 Y-0.0794
X2.1119 Y-0.0745
X2.1208 Y-0.0701
X2.1299 Y-0.0661
X2.1392 Y-0.0626
X2.1487 Y-0.0596
X2.1583 Y-0.057
X2.168 Y-0.0549
X2.1778 Y-0.0533
X2.1877 Y-0.0522
X2.1976 Y-0.0516
X2.2076 Y-0.0515
X2.2175 Y-0.0519
X2.2274 Y-0.0528
X2.2372 Y-0.0542
X2.247 Y-0.056
X2.2567 Y-0.0584
X2.2662 Y-0.0612
X2.2756 Y-0.0646
X2.2848 Y-0.0683
X2.2938 Y-0.0726
X2.3025 Y-0.0773
X2.3111 Y-0.0824
X2.3193 Y-0.0879
X2.3273 Y-0.0938
X2.335 Y-0.1002
X2.3423 Y-0.1069
X2.3493 Y-0.114
X2.3559 Y-0.1214
X2.3622 Y-0.1291
X2.368 Y-0.1371
X2.3735 Y-0.1455
X2.3785 Y-0.154
X2.3831 Y-0.1629
X2.3872 Y-0.1719
X2.3909 Y-0.1811
X2.3941 Y-0.1905
X2.3969 Y-0.2001
X2.3991 Y-0.2098
X2.4009 Y-0.2196
X2.4021 Y-0.2294
X2.4029 Y-0.2394
X2.4031 Y-0.2493
X2.4029 Y-0.2592
X2.4021 Y-0.2691
X2.4007 Y-0.279
X2.3989 Y-0.2888
X2.3965 Y-0.2984
X2.3937 Y-0.3079
X2.3903 Y-0.3173
X2.3864 Y-0.3264
X2.382 Y-0.3354
X2.3771 Y-0.344
X2.3718 Y-0.3524
X2.366 Y-0.3605
X2.3598 Y-0.3683
X2.3532 Y-0.3757
X2.3462 Y-0.3828
X2.3389 Y-0.3895
X2.3312 Y-0.3958
X2.3232 Y-0.4017
X2.3146 Y-0.4073
X2.306 Y-0.4124
X2.2972 Y-0.4169
X2.2882 Y-0.4211
X2.2789 Y-0.4247
X2.2695 Y-0.4279
X2.2599 Y-0.4306
X2.2502 Y-0.4328
X2.2404 Y-0.4344
X2.2305 Y-0.4356
X2.2206 Y-0.4363
X2.2107 Y-0.4365
X2.2007 Y-0.4362
X2.1908 Y-0.4353
X2.181 Y-0.4339
X2.1712 Y-0.432
X2.1616 Y-0.4296
X2.1521 Y-0.4267
X2.1428 Y-0.4232
X2.1336 Y-0.4193
X2.1247 Y-0.415
X2.116 Y-0.4101
X2.1076 Y-0.4049
X2.0994 Y-0.3991
X2.0916 Y-0.393
X2.0841 Y-0.3865
X2.077 Y-0.3795
X2.0702 Y-0.3722
X2.0639 Y-0.3646
X2.0579 Y-0.3566
X2.0524 Y-0.3484
X2.0473 Y-0.3398
X2.0427 Y-0.331
X2.0386 Y-0.3219
X2.035 Y-0.3127
X2.0319 Y-0.3032
X2.0293 Y-0.2936
X2.0273 Y-0.2839
X2.0257 Y-0.2741
X2.0247 Y-0.2642
X2.0243 Y-0.2542
Y-0.2443
X2.025 Y-0.2344
X2.0261 Y-0.2245
X2.0278 Y-0.2147
X2.0301 Y-0.205
X2.0328 Y-0.1955
X2.0361 Y-0.1861
X2.0399 Y-0.1769
X2.0442 Y-0.1679
X2.049 Y-0.1592
X2.0543 Y-0.1508
X2.06 Y-0.1426
X2.0661 Y-0.1348
X2.0727 Y-0.1274
X2.0797 Y-0.1203
X2.087 Y-0.1136
X2.0947 Y-0.1073
X2.1028 Y-0.1014
X2.1111 Y-0.0961
X2.1198 Y-0.0911
X2.1287 Y-0.0867
X2.1378 Y-0.0827
X2.1471 Y-0.0793
X2.1566 Y-0.0764
X2.1663 Y-0.074
X2.176 Y-0.0721
X2.1859 Y-0.0708
X2.1958 Y-0.0701
X2.2058 Y-0.0699
X2.2157 Y-0.0702
X2.2256 Y-0.0711
X2.2354 Y-0.0725
X2.2452 Y-0.0745
X2.2548 Y-0.077
X2.2643 Y-0.08
X2.2736 Y-0.0835
X2.2826 Y-0.0876
X2.2915 Y-0.0921
X2.3001 Y-0.0972
X2.3084 Y-0.1027
X2.3163 Y-0.1086
X2.324 Y-0.115
X2.3312 Y-0.1218
X2.3381 Y-0.1289
X2.3446 Y-0.1365
X2.3506 Y-0.1444
X2.3562 Y-0.1526
X2.3614 Y-0.1611
X2.3661 Y-0.1699
X2.3702 Y-0.1789
X2.3739 Y-0.1881
X2.377 Y-0.1976
X2.3796 Y-0.2072
X2.3817 Y-0.2169
X2.3832 Y-0.2267
X2.3841 Y-0.2366
X2.3844 Y-0.2466
X2.3842 Y-0.2565
X2.3834 Y-0.2664
X2.382 Y-0.2763
X2.38 Y-0.286
X2.3774 Y-0.2956
X2.3743 Y-0.3051
X2.3707 Y-0.3143
X2.3686 Y-0.3188
X2.3674 Y-0.321
X2.3667 Y-0.3224
G3 X2.3768 Y-0.3481 I0.0169 J-0.0082
G1 X2.3798 Y-0.3493 Z0.7408
X2.3827 Y-0.3504 Z0.7417
X2.3855 Y-0.3515 Z0.7431
X2.388 Y-0.3525 Z0.7449
X2.3901 Y-0.3533 Z0.7472
X2.3919 Y-0.354 Z0.7499
X2.3932 Y-0.3545 Z0.7529
X2.3939 Y-0.3548 Z0.756
X2.3942 Y-0.3549 Z0.7593
G0 Z1.36
(2D ADAPTIVE1)
S5000 M3
G64 P0.004 Q0.004
G0 X2.2569 Y-0.6398
Z1.36
Z0.1875
G1 Z0.1688 F40.
X2.2566 Y-0.6396 Z0.1655
X2.2559 Y-0.6392 Z0.1623
X2.2547 Y-0.6386 Z0.1594
X2.253 Y-0.6377 Z0.1567
X2.2509 Y-0.6367 Z0.1544
X2.2486 Y-0.6355 Z0.1525
X2.2459 Y-0.6341 Z0.1511
X2.2431 Y-0.6327 Z0.1503
X2.2402 Y-0.6312 Z0.15
G3 X2.144 Y-0.5941 I-0.2193 J-0.4255
G2 X2.0733 Y-0.5743 I0.4576 J1.7718
G3 X1.9799 Y-0.5599 I-0.1169 J-0.4489
X1.7494 Y-0.5565 I-0.1772 J-4.1921
G1 X1.5847 Y-0.5563
X0.1026 Y-0.5562
X0.0697
X0.0533 Y-0.5548
X0.0376 Y-0.5495
X0.009 Y-0.5334
X-0.0132 Y-0.509
X-0.0291 Y-0.4801
X-0.0397 Y-0.449
G2 X-0.0534 Y-0.341 I0.5041 J0.1189
G1 X-0.0538 Y-0.3388
X-0.0542 Y-0.336
X-0.0544 Y-0.3285
X-0.0564 Y-0.2957
X-0.0563 Y-0.1968
Y-0.0651
X-0.0536 Y-0.0488
X-0.0475 Y-0.0335
X-0.03 Y-0.0057
X-0.0049 Y0.0157
X0.0244 Y0.0307
X0.0558 Y0.0408
X0.0881 Y0.0471
G2 X0.2195 Y0.0552 I0.1283 J-1.0166
X0.3842 Y0.0562 I0.1391 J-9.1074
G1 X0.5818
X1.6028 Y0.0563
X2.0036
X2.0104 Y0.0566
X2.0171 Y0.0576
X2.0237 Y0.0592
G2 X2.1296 Y0.0903 I0.8662 J-2.7607
G1 X2.1297
G2 X2.1421 Y0.0959 I0.0697 J-0.1393
G1 X2.1452 Y0.0968
X2.1485 Y0.0972
X2.1592 Y0.0975
X2.2317 Y0.0994 F110.
X2.2424 Y0.0997 F40.
X2.2457 Y0.0995
X2.2489 Y0.0987
X2.2616 Y0.0938
G2 X2.3277 Y0.0773 I-0.0977 J-0.5304
G1 X2.3289 Y0.0767
G3 X2.3763 Y0.0653 I0.0704 J0.1888
G1 X2.4028 Y0.0619
X2.4356 Y0.0593
X2.4518 Y0.0565
X2.4671 Y0.0503
X2.4948 Y0.0326
X2.516 Y0.0074
X2.531 Y-0.022
X2.5409 Y-0.0534
X2.5472 Y-0.0857
G2 X2.5552 Y-0.2171 I-1.0271 J-0.1283
X2.5562 Y-0.4477 I-14.3928 J-0.1796
G1 X2.5508 Y-0.4632
X2.5343 Y-0.4917
X2.5098 Y-0.5137
X2.4809 Y-0.5294
X2.4497 Y-0.5399
X2.4174 Y-0.5466
X2.3921 Y-0.5497
X2.3844 Y-0.5511
X2.3769 Y-0.5534
X2.3697 Y-0.5565
G2 X2.3204 Y-0.5798 I-0.2045 J0.3687
G1 X2.3053 Y-0.584
X2.2978 Y-0.5857
X2.2731 Y-0.5913
X2.273
G2 X2.2439 Y-0.6015 I-0.0842 J0.1929
G1 X2.2382 Y-0.603 F110.
X2.2353 Y-0.6034
X2.2323
X2.1115 Y-0.5932
X2.1085 Y-0.5927
X2.1057 Y-0.5917
X2.1003 Y-0.5893
G2 X2.0734 Y-0.5743 I0.0886 J0.1909 F40.
G1 X2.0733
X2.0658 Y-0.5721
X2.0171 Y-0.5573
X2.0134 Y-0.5565
X1.9685 Y-0.5521
X1.961 Y-0.5514
X1.9386 Y-0.5507
X1.9311 Y-0.5506
X0.1723
G2 X0.0974 Y-0.5394 I0.0163 J0.3637
X0.0374 Y-0.5086 I0.163 J0.3916
G1 X0.0301 Y-0.5026
G2 X-0.009 Y-0.4632 I0.3077 J0.343
G1 X-0.0148 Y-0.4549
G2 X-0.045 Y-0.3936 I0.3252 J0.1977
X-0.0538 Y-0.3388 I0.624 J0.1289
X-0.0544 Y-0.3286 I0.0175 J0.006
G1 Y-0.3285
G2 X-0.0542 Y-0.164 I5.914 J0.0779
X-0.0442 Y-0.1041 I0.493 J-0.052
X-0.0091 Y-0.0367 I0.3253 J-0.1263
X0.03 Y0.0027 I0.4574 J-0.4156
X0.0525 Y0.0176 I0.0831 J-0.101
G1 X0.075 Y0.029
X0.0974 Y0.0392
G2 X0.1723 Y0.0506 I0.0889 J-0.3329
G1 X1.9311
G3 X2.0171 Y0.0572 I-0.0078 J0.6664
G1 X2.0237 Y0.0592
X2.024 Y0.0595
G2 X2.0346 Y0.0858 I0.1556 J-0.0477
G1 X2.0357 Y0.0877
G2 X2.0502 Y0.096 I0.0156 J-0.0103 F110.
G1 X2.2985 Y0.1102
G2 X2.3138 Y0.1036 I0.0011 J-0.0187
G1 X2.3152 Y0.1018 F40.
G2 X2.3287 Y0.0769 I-0.1356 J-0.0899
G1 X2.3289 Y0.0767
G2 X2.3876 Y0.0474 I-0.8189 J-1.713
G1 X2.4176 Y0.0338
X2.4438 Y0.0138
X2.4654 Y-0.011
G3 X2.4844 Y-0.0428 I0.383 J0.2068
G1 X2.4867 Y-0.0453
X2.4894 Y-0.0474
X2.4925 Y-0.0489
X2.4958 Y-0.0499
X2.4992 Y-0.0502
X2.5026 Y-0.0499
X2.5059 Y-0.049
X2.509 Y-0.0475
X2.5118 Y-0.0455
G3 X2.5121 Y-0.0177 I-0.0125 J0.014 F110.
G1 X2.4095 Y0.0775
G3 X2.3812 Y0.0741 I-0.0128 J-0.0137
X2.3876 Y0.0474 I0.0156 J-0.0104 F40.
G1 X2.3914 Y0.0454
G2 X2.4324 Y0.013 I-0.167 J-0.2534
X2.4696 Y-0.0218 I-0.1684 J-0.2174
G1 X2.4749 Y-0.0294
X2.5065 Y-0.0742
X2.5113 Y-0.0817
X2.5152 Y-0.0892
X2.5185 Y-0.0967
X2.5387 Y-0.149
G2 X2.5482 Y-0.1939 I-0.142 J-0.0535
G1 X2.5539 Y-0.2388
X2.5543 Y-0.2463
Y-0.2537
G2 X2.5437 Y-0.336 I-0.8557 J0.0686
G1 X2.5414 Y-0.3435
X2.5387 Y-0.351
X2.5366 Y-0.3574
X2.5279 Y-0.3892
X2.5165 Y-0.42
X2.4974 Y-0.4469
G3 X2.4778 Y-0.4665 I0.0631 J-0.0827
G1 X2.4763 Y-0.4692
X2.4753 Y-0.4722
X2.4748 Y-0.4752
Y-0.4783
X2.4753 Y-0.4814
X2.4763 Y-0.4843
X2.4777 Y-0.487
X2.4796 Y-0.4894
X2.4819 Y-0.4915
X2.4845 Y-0.4932
G3 X2.5101 Y-0.4855 I0.009 J0.0164 F110.
G1 X2.5726 Y-0.3671
G3 X2.5647 Y-0.3417 I-0.0166 J0.0087
X2.5387 Y-0.351 I-0.0087 J-0.0166 F40.
G1 X2.5185 Y-0.4033
X2.5152 Y-0.4108
X2.5113 Y-0.4183
X2.5065 Y-0.4258
X2.4749 Y-0.4706
G2 X2.447 Y-0.5005 I-0.1105 J0.0753
X2.3916 Y-0.5457 I-0.422 J0.461
G1 X2.3769 Y-0.5529
X2.3697 Y-0.5565
G3 X2.363 Y-0.5832 I0.009 J-0.0165
G1 X2.3648 Y-0.5859 Z0.1503
X2.3665 Y-0.5886 Z0.1511
X2.3682 Y-0.5911 Z0.1525
X2.3696 Y-0.5933 Z0.1544
X2.3709 Y-0.5952 Z0.1567
X2.3719 Y-0.5968 Z0.1594
X2.3727 Y-0.598 Z0.1623
X2.3731 Y-0.5987 Z0.1655
X2.3733 Y-0.5989 Z0.1688
G0 Z1.36
(2D CONTOUR1)
G64 P0.0004 Q0.0004
G0 X1.3488 Y-0.2688
Z1.36
Z0.96
G1 Z0.1687 F40.
G18 G2 X1.3675 Z0.15 I0.0187 K0.
G1 X1.3863
G17 G3 X1.405 Y-0.25 I0. J0.0188
X1.3115 I-0.0468 J0.
X1.405 I0.0468 J0.
X1.3863 Y-0.2313 I-0.0187 J0.
G1 X1.3675
G18 G3 X1.3488 Z0.1687 I0. K0.0188
G0 Z0.96
X0.1486 Y0.0969
G1 Z0.1687 F40.
G19 G2 Y0.0781 Z0.15 J-0.0188 K0.
G1 Y0.0594
G17 G3 X0.1673 Y0.0406 I0.0187 J0.
G1 X1.9587
G3 X2.074 Y0.0637 I0. J0.3
G2 X2.3354 Y-0.5637 I0.1307 J-0.3137
X2.074 I-0.1307 J0.3137
G3 X1.9587 Y-0.5406 I-0.1154 J-0.2769
G1 X0.1673
G2 X-0.0445 Y-0.3287 I0. J0.2119
G1 Y-0.1713
G2 X0.1673 Y0.0406 I0.2119 J0.
G3 X0.1861 Y0.0594 I0. J0.0188
G1 Y0.0781
G19 G3 Y0.0969 Z0.1687 J0. K0.0188
G0 Z0.96
X0.3448 Y-0.2688
G1 Z0.1687 F40.
G18 G2 X0.3636 Z0.15 I0.0187 K0.
G1 X0.3823
G17 G3 X0.4011 Y-0.25 I0. J0.0188
X0.3076 I-0.0468 J0.
X0.4011 I0.0468 J0.
X0.3823 Y-0.2313 I-0.0188 J0.
G1 X0.3636
G18 G3 X0.3448 Z0.1687 I0. K0.0188
G0 Z0.96
X0.6869 Y-0.2709
G1 Z0.1687 F40.
X0.6872 Y-0.2708 Z0.1655
X0.6879 Y-0.2705 Z0.1623
X0.6892 Y-0.27 Z0.1594
X0.691 Y-0.2693 Z0.1567
X0.6931 Y-0.2685 Z0.1544
X0.6956 Y-0.2675 Z0.1525
X0.6984 Y-0.2665 Z0.1511
X0.7013 Y-0.2653 Z0.1503
X0.7044 Y-0.2641 Z0.15
X0.7219 Y-0.2574
G17 G3 X0.7326 Y-0.2331 I-0.0068 J0.0175
X0.6454 Y-0.2669 I-0.0436 J-0.0169
X0.7326 Y-0.2331 I0.0436 J0.0169
X0.7083 Y-0.2224 I-0.0175 J-0.0068
G1 X0.6908 Y-0.2292
X0.6878 Y-0.2304 Z0.1503
X0.6848 Y-0.2315 Z0.1511
X0.6821 Y-0.2326 Z0.1525
X0.6796 Y-0.2335 Z0.1544
X0.6774 Y-0.2344 Z0.1567
X0.6757 Y-0.235 Z0.1594
X0.6744 Y-0.2355 Z0.1623
X0.6736 Y-0.2358 Z0.1655
X0.6733 Y-0.2359 Z0.1687
G0 Z0.96
X1.0141 Y-0.2688
G1 Z0.1687 F40.
G18 G2 X1.0329 Z0.15 I0.0187 K0.
G1 X1.0516
G17 G3 X1.0704 Y-0.25 I0. J0.0188
X0.9769 I-0.0468 J0.
X1.0704 I0.0468 J0.
X1.0516 Y-0.2313 I-0.0187 J0.
G1 X1.0329
G18 G3 X1.0141 Z0.1687 I0. K0.0188
G0 Z0.96
X1.6834 Y-0.2688
G1 Z0.1687 F40.
G2 X1.7022 Z0.15 I0.0187 K0.
G1 X1.7209
G17 G3 X1.7397 Y-0.25 I0. J0.0188
X1.6462 I-0.0468 J0.
X1.7397 I0.0468 J0.
X1.7209 Y-0.2313 I-0.0187 J0.
G1 X1.7022
G18 G3 X1.6834 Z0.1687 I0. K0.0188
G0 Z1.36
G17
(RADIAL2)
S7500 M3
G0 X2.286 Y-0.25
Z1.36
Z0.8211
G1 Z0.7598 F50.
G18 G2 X2.3047 Z0.7411 I0.0187 K0. F60.
G1 X2.4559 Z0.7409
X2.5443 Z0.4006
G2 X2.5534 Z0.3936 I0.0091 K0.0024
G1 X2.5539
X2.554
G17 G3 X2.5626 Y-0.2404 I-0.0005 J0.0091
X2.553 Y-0.2317 I-0.0091 J-0.0005
G1 X2.551 Y-0.2319 Z0.3938
X2.5491 Y-0.232 Z0.3945
X2.5473 Z0.3955
X2.5458 Y-0.2321 Z0.397
X2.5447 Y-0.2322 Z0.3987
X2.544 Z0.4006
X2.4555 Y-0.2369 Z0.741
X2.3046 Y-0.2448 Z0.7411
X2.3025 Y-0.2449 Z0.7413
X2.3005 Y-0.245 Z0.742
X2.2985 Y-0.2451 Z0.7427
X2.2964 Y-0.2452 Z0.743
X2.2962
X2.2951 Y-0.245
X2.2942 Y-0.2444
X2.2937 Y-0.2434
X2.2936 Y-0.2423
X2.2941 Y-0.2412
X2.2949 Y-0.2405
X2.296 Y-0.2402
X2.2981 Y-0.2401 Z0.7427
X2.3001 Y-0.24 Z0.742
X2.3021 Y-0.2398 Z0.7413
X2.3042 Y-0.2395 Z0.7411
X2.4545 Y-0.2238 Z0.7409
X2.5425 Y-0.2145 Z0.4006
X2.5433 Y-0.2144 Z0.3987
X2.5444 Y-0.2143 Z0.397
X2.5459 Y-0.2141 Z0.3956
X2.5476 Y-0.214 Z0.3945
X2.5495 Y-0.2138 Z0.3938
X2.5516 Y-0.2135 Z0.3936
X2.5521
G3 X2.5492 Y-0.1954 I-0.0014 J0.009
G1 X2.5491 Y-0.1955
X2.5471 Y-0.1958 Z0.3938
X2.5452 Y-0.1961 Z0.3945
X2.5434 Y-0.1964 Z0.3956
X2.542 Y-0.1966 Z0.397
X2.5409 Y-0.1968 Z0.3987
X2.5401 Y-0.1969 Z0.4006
X2.4528 Y-0.2107 Z0.741
X2.3035 Y-0.2344 Z0.7411
X2.3014 Y-0.2347 Z0.7413
X2.2994 Y-0.235 Z0.742
X2.2974 Y-0.2353 Z0.7427
X2.2953 Y-0.2356 Z0.743
X2.2952 Y-0.2357
X2.2941 Y-0.2356
X2.2931 Y-0.235
X2.2925 Y-0.2341
X2.2923 Y-0.233
X2.2926 Y-0.232
X2.2934 Y-0.2311
X2.2944 Y-0.2307
X2.2965 Y-0.2304 Z0.7427
X2.2985 Y-0.2301 Z0.742
X2.3005 Y-0.2296 Z0.7413
X2.3025 Y-0.2292 Z0.7411
X2.4503 Y-0.1978 Z0.741
X2.5371 Y-0.1794 Z0.4006
X2.5378 Y-0.1792 Z0.3987
X2.5389 Y-0.179 Z0.397
X2.5403 Y-0.1787 Z0.3955
X2.542 Y-0.1783 Z0.3945
X2.5439 Y-0.1779 Z0.3938
X2.5459 Y-0.1775 Z0.3936
X2.5464 Y-0.1774
G3 X2.5529 Y-0.1662 I-0.0024 J0.0088
X2.5417 Y-0.1597 I-0.0088 J-0.0024
G1 X2.5416
X2.5396 Y-0.1603 Z0.3938
X2.5377 Y-0.1608 Z0.3945
X2.536 Y-0.1612 Z0.3955
X2.5346 Y-0.1616 Z0.397
X2.5335 Y-0.1619 Z0.3987
X2.5328 Y-0.1621 Z0.4006
Z0.4007
X2.4474 Y-0.185 Z0.741
X2.3013 Y-0.2241 Z0.7411
X2.2993 Y-0.2247 Z0.7413
X2.2973 Y-0.2252 Z0.742
X2.2954 Y-0.2257 Z0.7427
X2.2934 Y-0.2263 Z0.743
X2.2932
X2.2921
X2.2911 Y-0.2259
X2.2904 Y-0.225
X2.2901 Y-0.224
X2.2903 Y-0.2229
X2.2909 Y-0.222
X2.2919 Y-0.2214
X2.294 Y-0.2209 Z0.7427
X2.2959 Y-0.2204 Z0.742
X2.2978 Y-0.2198 Z0.7413
X2.2998 Y-0.2191 Z0.7411
X2.4435 Y-0.1724 Z0.7409
X2.5277 Y-0.1451 Z0.4006
X2.5284 Y-0.1448 Z0.3987
X2.5295 Y-0.1445 Z0.397
X2.5309 Y-0.144 Z0.3956
X2.5325 Y-0.1435 Z0.3945
X2.5344 Y-0.1429 Z0.3938
X2.5363 Y-0.1423 Z0.3936
X2.5368 Y-0.1421
X2.5369 Y-0.142
X2.538 Y-0.1415
X2.539 Y-0.1409
X2.5399 Y-0.1401
X2.5408 Y-0.1393
X2.5414 Y-0.1383
X2.542 Y-0.1372
X2.5424 Y-0.1361
X2.5427 Y-0.1349
X2.5428 Y-0.1338
X2.5427 Y-0.1326
X2.5425 Y-0.1314
X2.5422 Y-0.1302
X2.5417 Y-0.1292
X2.541 Y-0.1281
X2.5403 Y-0.1272
X2.5394 Y-0.1264
X2.5384 Y-0.1257
X2.5374 Y-0.1252
X2.5362 Y-0.1248
X2.5351 Y-0.1245 Z0.3937
X2.5339 Y-0.1244
X2.5327
X2.5315 Y-0.1246
X2.5304 Y-0.125
X2.5285 Y-0.1257 Z0.3939
X2.5267 Y-0.1264 Z0.3945
X2.525 Y-0.127 Z0.3956
X2.5237 Y-0.1276 Z0.397
X2.5226 Y-0.128 Z0.3988
X2.5219 Y-0.1282 Z0.4007
X2.4393 Y-0.16 Z0.741
X2.2981 Y-0.2142 Z0.7411
X2.2961 Y-0.2149 Z0.7413
X2.2942 Y-0.2156 Z0.742
X2.2924 Y-0.2164 Z0.7427
X2.2904 Y-0.2171 Z0.743
X2.2903 Y-0.2172
X2.2892 Y-0.2173
X2.2881 Y-0.217
X2.2873 Y-0.2162
X2.2869 Y-0.2152
X2.287 Y-0.2141
X2.2875 Y-0.2131
X2.2885 Y-0.2125
X2.2904 Y-0.2117 Z0.7427
X2.2923 Y-0.211 Z0.742
X2.2941 Y-0.2102 Z0.7413
X2.2961 Y-0.2093 Z0.7411
X2.4341 Y-0.1479 Z0.7409
X2.515 Y-0.1119 Z0.4006
X2.5157 Y-0.1116 Z0.3987
X2.5167 Y-0.1111 Z0.397
X2.518 Y-0.1105 Z0.3956
X2.5196 Y-0.1098 Z0.3945
X2.5214 Y-0.109 Z0.3939
X2.5233 Y-0.1082 Z0.3936
X2.5237 Y-0.108
G3 X2.5154 Y-0.0917 I-0.0041 J0.0081
G1 X2.5136 Y-0.0926 Z0.3938
X2.5118 Y-0.0935 Z0.3945
X2.5103 Y-0.0943 Z0.3956
X2.509 Y-0.095 Z0.397
X2.508 Y-0.0955 Z0.3987
X2.5073 Y-0.0958 Z0.4006
X2.4286 Y-0.1359 Z0.7409
X2.2938 Y-0.2046 Z0.7411
X2.2919 Y-0.2056 Z0.7413
X2.2902 Y-0.2065 Z0.742
X2.2884 Y-0.2074 Z0.7427
X2.2865 Y-0.2083 Z0.743
X2.2864 Y-0.2084
X2.2853 Y-0.2087
X2.2842 Y-0.2085
X2.2833 Y-0.2078
X2.2828 Y-0.2068
Y-0.2057
X2.2832 Y-0.2047
X2.2841 Y-0.2039
X2.286 Y-0.203 Z0.7427
X2.2878 Y-0.2021 Z0.742
X2.2895 Y-0.2011 Z0.7413
X2.2913 Y-0.2 Z0.7411
X2.4221 Y-0.1245 Z0.741
X2.499 Y-0.0801 Z0.4007
X2.4996 Y-0.0798 Z0.3988
X2.5006 Y-0.0792 Z0.397
X2.5019 Y-0.0784 Z0.3956
X2.5034 Y-0.0776 Z0.3945
X2.5051 Y-0.0766 Z0.3939
X2.5068 Y-0.0756 Z0.3937
X2.5072 Y-0.0753
X2.5082 Y-0.0746
X2.5091 Y-0.0738
X2.5098 Y-0.0728
X2.5104 Y-0.0718
X2.5109 Y-0.0707
X2.5112 Y-0.0696
X2.5114 Y-0.0684
Y-0.0672
X2.5113 Y-0.066 Z0.3936
X2.511 Y-0.0648
X2.5105 Y-0.0637
X2.5099 Y-0.0627
X2.5092 Y-0.0617
X2.5084 Y-0.0609
X2.5074 Y-0.0601
X2.5064 Y-0.0595
X2.5053 Y-0.0591
X2.5042 Y-0.0587
X2.503 Y-0.0586
X2.5018 Y-0.0585
X2.5006 Y-0.0587
X2.4994 Y-0.059
X2.4983 Y-0.0594
X2.4973 Y-0.06
X2.4972 Y-0.0601
X2.4954 Y-0.0612 Z0.3938
X2.4938 Y-0.0623 Z0.3945
X2.4923 Y-0.0632 Z0.3956
X2.4911 Y-0.064 Z0.397
X2.4902 Y-0.0646 Z0.3987
X2.4895 Y-0.065 Z0.4006
X2.4154 Y-0.1132 Z0.7409
X2.2886 Y-0.1955 Z0.7411
X2.2868 Y-0.1967 Z0.7413
X2.2851 Y-0.1978 Z0.742
X2.2835 Y-0.1989 Z0.7427
X2.2817 Y-0.2 Z0.743
X2.2816 Y-0.2001
X2.2805 Y-0.2005
X2.2794 Y-0.2004
X2.2785 Y-0.1998
X2.2778 Y-0.1989
X2.2777 Y-0.1977
X2.2781 Y-0.1967
X2.2788 Y-0.1959
X2.2806 Y-0.1947 Z0.7427
X2.2823 Y-0.1936 Z0.742
X2.2839 Y-0.1925 Z0.7413
X2.2856 Y-0.1912 Z0.7411
X2.4078 Y-0.1024 Z0.7409
X2.4795 Y-0.0504 Z0.4006
X2.4801 Y-0.05 Z0.3987
X2.481 Y-0.0493 Z0.397
X2.4822 Y-0.0484 Z0.3956
X2.4836 Y-0.0474 Z0.3945
X2.4852 Y-0.0462 Z0.3938
X2.4868 Y-0.045 Z0.3936
X2.4872 Y-0.0447
X2.4873
G3 X2.4887 Y-0.0318 I-0.0057 J0.0071
X2.4758 Y-0.0305 I-0.0071 J-0.0057
G1 X2.4742 Y-0.0317 Z0.3938
X2.4727 Y-0.033 Z0.3945
X2.4714 Y-0.0341 Z0.3956
X2.4702 Y-0.035 Z0.397
X2.4694 Y-0.0357 Z0.3987
X2.4688 Y-0.0362 Z0.4006
X2.4 Y-0.0919 Z0.741
X2.2824 Y-0.1871 Z0.7411
X2.2808 Y-0.1884 Z0.7413
X2.2792 Y-0.1897 Z0.742
X2.2777 Y-0.1909 Z0.7427
X2.276 Y-0.1923 Z0.743
X2.2759
X2.2749 Y-0.1928
X2.2738
X2.2728 Y-0.1924
X2.2721 Y-0.1915
X2.2718 Y-0.1904
X2.2721 Y-0.1893
X2.2728 Y-0.1884
X2.2744 Y-0.1871 Z0.7427
X2.276 Y-0.1858 Z0.742
X2.2775 Y-0.1845 Z0.7413
X2.279 Y-0.1831 Z0.7411
X2.3913 Y-0.082 Z0.7409
X2.4571 Y-0.0228 Z0.4006
X2.4576 Y-0.0223 Z0.3987
X2.4585 Y-0.0215 Z0.397
X2.4596 Y-0.0205 Z0.3956
X2.4609 Y-0.0194 Z0.3945
X2.4623 Y-0.0181 Z0.3938
X2.4638 Y-0.0167 Z0.3936
X2.4642 Y-0.0164
Y-0.0163
X2.465 Y-0.0154
X2.4657 Y-0.0144
X2.4662 Y-0.0134
X2.4666 Y-0.0122
X2.4668 Y-0.0111
X2.4669 Y-0.0099
X2.4668 Y-0.0087
X2.4666 Y-0.0075
X2.4662 Y-0.0064
X2.4657 Y-0.0053
X2.465 Y-0.0043
X2.4642 Y-0.0034
X2.4633 Y-0.0026
X2.4623 Y-0.002
X2.4612 Y-0.0014
X2.4601 Y-0.0011
X2.4589 Y-0.0008
X2.4578
X2.4566
X2.4554 Y-0.0011
X2.4543 Y-0.0014
X2.4532 Y-0.002
X2.4522 Y-0.0026
X2.4513 Y-0.0034
X2.4499 Y-0.0049 Z0.3938
X2.4485 Y-0.0062 Z0.3945
X2.4472 Y-0.0075 Z0.3956
X2.4462 Y-0.0085 Z0.397
X2.4454 Y-0.0093 Z0.3987
X2.4449 Y-0.0098 Z0.4006
X2.3824 Y-0.0724 Z0.741
X2.2754 Y-0.1793 Z0.7411
X2.2739 Y-0.1808 Z0.7413
X2.2725 Y-0.1822 Z0.742
X2.2711 Y-0.1836 Z0.7427
X2.2696 Y-0.1851 Z0.743
X2.2695 Y-0.1852
X2.2686 Y-0.1858
X2.2675 Y-0.1859
X2.2664 Y-0.1856
X2.2656 Y-0.1848
X2.2652 Y-0.1837
X2.2654 Y-0.1826
X2.266 Y-0.1817
X2.2675 Y-0.1802 Z0.7427
X2.2689 Y-0.1787 Z0.742
X2.2702 Y-0.1773 Z0.7413
X2.2716 Y-0.1757 Z0.7411
X2.3727 Y-0.0634 Z0.741
X2.4321 Y0.0025 Z0.4006
X2.4326 Y0.003 Z0.3987
X2.4333 Y0.0039 Z0.397
X2.4343 Y0.005 Z0.3956
X2.4355 Y0.0063 Z0.3945
X2.4368 Y0.0077 Z0.3938
X2.4381 Y0.0092 Z0.3936
X2.4385 Y0.0096
G3 X2.4243 Y0.0211 I-0.0071 J0.0057
G1 X2.4241 Y0.021
X2.4229 Y0.0194 Z0.3938
X2.4216 Y0.0179 Z0.3945
X2.4205 Y0.0165 Z0.3956
X2.4196 Y0.0154 Z0.397
X2.4189 Y0.0145 Z0.3987
X2.4184 Y0.0139 Z0.4006
Z0.4007
X2.3628 Y-0.0548 Z0.741
X2.2677 Y-0.1723 Z0.7411
X2.2663 Y-0.1739 Z0.7413
X2.2651 Y-0.1755 Z0.742
X2.2638 Y-0.177 Z0.7427
X2.2625 Y-0.1787 Z0.743
X2.2624 Y-0.1788
X2.2615 Y-0.1795
X2.2604 Y-0.1797
X2.2593 Y-0.1795
X2.2585 Y-0.1788
X2.258 Y-0.1778
Y-0.1766
X2.2585 Y-0.1756
X2.2598 Y-0.174 Z0.7427
X2.2611 Y-0.1724 Z0.742
X2.2623 Y-0.1708 Z0.7413
X2.2635 Y-0.1691 Z0.7411
X2.3523 Y-0.0468 Z0.7409
X2.4044 Y0.0248 Z0.4007
Z0.4006
X2.4048 Y0.0254 Z0.3987
X2.4055 Y0.0263 Z0.397
X2.4063 Y0.0275 Z0.3956
X2.4074 Y0.0289 Z0.3945
X2.4085 Y0.0305 Z0.3938
X2.4097 Y0.0321 Z0.3936
X2.41 Y0.0325
Y0.0326
G3 X2.4073 Y0.0452 I-0.0077 J0.005
X2.3947 Y0.0425 I-0.005 J-0.0077
G1 X2.3936 Y0.0408 Z0.3938
X2.3925 Y0.0392 Z0.3945
X2.3916 Y0.0377 Z0.3956
X2.3908 Y0.0365 Z0.397
X2.3902 Y0.0356 Z0.3987
X2.3898 Y0.0349 Z0.4006
X2.3415 Y-0.0394 Z0.741
X2.2592 Y-0.1661 Z0.7411
X2.258 Y-0.1679 Z0.7413
X2.2569 Y-0.1696 Z0.742
X2.2558 Y-0.1713 Z0.7427
X2.2547 Y-0.173 Z0.743
X2.2546 Y-0.1732
X2.2538 Y-0.1739
X2.2528 Y-0.1743
X2.2517 Y-0.1741
X2.2507 Y-0.1735
X2.2501 Y-0.1726
X2.25 Y-0.1715
X2.2504 Y-0.1704
X2.2516 Y-0.1686 Z0.7427
X2.2527 Y-0.167 Z0.742
X2.2537 Y-0.1652 Z0.7413
X2.2547 Y-0.1634 Z0.7411
X2.3303 Y-0.0325 Z0.7409
X2.3745 Y0.0441 Z0.4006
X2.3749 Y0.0447 Z0.3987
X2.3754 Y0.0457 Z0.397
X2.3762 Y0.047 Z0.3956
X2.3771 Y0.0485 Z0.3945
X2.378 Y0.0502 Z0.3938
X2.3791 Y0.0519 Z0.3936
X2.3793 Y0.0524
X2.3798 Y0.0535
X2.3801 Y0.0547
X2.3803 Y0.0559
Y0.0571
X2.3802 Y0.0582
X2.3799 Y0.0594
X2.3794 Y0.0605
X2.3788 Y0.0616
X2.3781 Y0.0625
X2.3773 Y0.0634
X2.3764 Y0.0641
X2.3753 Y0.0647
X2.3742 Y0.0652
X2.3731 Y0.0655
X2.3719 Y0.0657
X2.3707 Z0.3937
X2.3695 Y0.0656
X2.3684 Y0.0653
X2.3673 Y0.0648
X2.3662 Y0.0642
X2.3653 Y0.0635
X2.3644 Y0.0627
X2.3637 Y0.0618
X2.363 Y0.0607
X2.3621 Y0.0589 Z0.3939
X2.3612 Y0.0572 Z0.3945
X2.3604 Y0.0556 Z0.3956
X2.3598 Y0.0543 Z0.397
X2.3593 Y0.0533 Z0.3988
X2.3589 Y0.0526 Z0.4007
X2.3187 Y-0.0263 Z0.741
X2.2501 Y-0.1609 Z0.7411
X2.2492 Y-0.1628 Z0.7413
X2.2483 Y-0.1646 Z0.742
X2.2473 Y-0.1664 Z0.7427
X2.2464 Y-0.1682 Z0.743
X2.2463 Y-0.1684
X2.2456 Y-0.1692
X2.2446 Y-0.1697
X2.2435
X2.2425 Y-0.1692
X2.2418 Y-0.1683
X2.2416 Y-0.1672
X2.2418 Y-0.1661
X2.2428 Y-0.1642 Z0.7427
X2.2437 Y-0.1624 Z0.742
X2.2445 Y-0.1606 Z0.7413
X2.2454 Y-0.1586 Z0.7411
X2.3069 Y-0.0206 Z0.741
X2.3429 Y0.0604 Z0.4006
X2.3432 Y0.061 Z0.3987
X2.3437 Y0.0621 Z0.397
X2.3443 Y0.0634 Z0.3956
X2.345 Y0.065 Z0.3945
X2.3458 Y0.0668 Z0.3938
X2.3466 Y0.0686 Z0.3936
X2.3468 Y0.0691
G3 X2.3297 Y0.0756 I-0.0085 J0.0033
G1 Y0.0755
X2.3289 Y0.0736 Z0.3938
X2.3282 Y0.0718 Z0.3945
X2.3276 Y0.0701 Z0.3956
X2.3271 Y0.0688 Z0.397
X2.3267 Y0.0677 Z0.3987
X2.3264 Y0.067 Z0.4006
Z0.4007
X2.2947 Y-0.0156 Z0.741
X2.2406 Y-0.1566 Z0.7411
X2.2398 Y-0.1586 Z0.7413
X2.2391 Y-0.1605 Z0.742
X2.2384 Y-0.1624 Z0.7427
X2.2376 Y-0.1643 Z0.743
Y-0.1645
X2.2369 Y-0.1654
X2.236 Y-0.166
X2.2349 Y-0.1661
X2.2338 Y-0.1657
X2.2331 Y-0.1648
X2.2327 Y-0.1638
X2.2329 Y-0.1627
X2.2336 Y-0.1607 Z0.7427
X2.2344 Y-0.1588 Z0.742
X2.235 Y-0.1569 Z0.7413
X2.2356 Y-0.1549 Z0.7411
X2.2823 Y-0.0111 Z0.741
X2.3097 Y0.0731 Z0.4006
X2.3099 Y0.0738 Z0.3987
X2.3103 Y0.0749 Z0.397
X2.3107 Y0.0763 Z0.3956
X2.3113 Y0.0779 Z0.3945
X2.3119 Y0.0798 Z0.3938
X2.3125 Y0.0817 Z0.3936
X2.3126 Y0.0822
G3 X2.295 Y0.0869 I-0.0088 J0.0024
G1 X2.2945 Y0.0849 Z0.3938
X2.294 Y0.083 Z0.3945
X2.2935 Y0.0813 Z0.3956
X2.2931 Y0.0799 Z0.397
X2.2928 Y0.0788 Z0.3987
X2.2926 Y0.0781 Z0.4006
X2.2697 Y-0.0075 Z0.741
X2.2306 Y-0.1534 Z0.7411
X2.2301 Y-0.1555 Z0.7413
X2.2295 Y-0.1574 Z0.742
X2.229 Y-0.1593 Z0.7427
X2.2285 Y-0.1614 Z0.743
X2.2284 Y-0.1615
X2.2279 Y-0.1625
X2.227 Y-0.1632
X2.2259 Y-0.1634
X2.2248 Y-0.1631
X2.224 Y-0.1623
X2.2235 Y-0.1613
X2.2236 Y-0.1602
X2.2241 Y-0.1582 Z0.7427
X2.2247 Y-0.1562 Z0.742
X2.2251 Y-0.1543 Z0.7413
X2.2255 Y-0.1522 Z0.7411
X2.257 Y-0.0043 Z0.741
X2.2753 Y0.0822 Z0.4006
X2.2755 Y0.0829 Z0.3987
X2.2757 Y0.084 Z0.397
X2.276 Y0.0854 Z0.3955
X2.2764 Y0.0871 Z0.3945
X2.2768 Y0.089 Z0.3938
X2.2772 Y0.091 Z0.3936
X2.2773 Y0.0915
Y0.0917
X2.2774 Y0.0928
Y0.094
X2.2772 Y0.0952
X2.2768 Y0.0964
X2.2763 Y0.0974
X2.2757 Y0.0985
X2.2749 Y0.0994
X2.2741 Y0.1002
X2.2731 Y0.1009
X2.272 Y0.1014
X2.2709 Y0.1018
X2.2697 Y0.1021
X2.2685 Y0.1022
X2.2674
X2.2662 Y0.102
X2.265 Y0.1016
X2.264 Y0.1011
X2.2629 Y0.1005
X2.262 Y0.0997
X2.2612 Y0.0988
X2.2605 Y0.0979
X2.26 Y0.0968
X2.2596 Y0.0957
X2.2593 Y0.0945
X2.259 Y0.0925 Z0.3939
X2.2587 Y0.0906 Z0.3945
X2.2584 Y0.0889 Z0.3956
X2.2582 Y0.0874 Z0.397
X2.258 Y0.0863 Z0.3987
X2.2579 Y0.0856 Z0.4006
X2.244 Y-0.002 Z0.7409
X2.2204 Y-0.1512 Z0.7411
X2.22 Y-0.1533 Z0.7413
X2.2197 Y-0.1553 Z0.742
X2.2194 Y-0.1573 Z0.7427
X2.2191 Y-0.1594 Z0.743
Y-0.1595
X2.2186 Y-0.1605
X2.2178 Y-0.1613
X2.2167 Y-0.1616
X2.2156 Y-0.1614
X2.2147 Y-0.1608
X2.2142 Y-0.1598
X2.2141 Y-0.1587
X2.2144 Y-0.1566 Z0.7427
X2.2147 Y-0.1546 Z0.742
X2.215 Y-0.1526 Z0.7413
X2.2152 Y-0.1505 Z0.7411
X2.231 Y-0.0001 Z0.7409
X2.2402 Y0.0878 Z0.4007
X2.2403 Y0.0885 Z0.3988
X2.2404 Y0.0896 Z0.397
X2.2406 Y0.0911 Z0.3956
X2.2408 Y0.0929 Z0.3945
X2.241 Y0.0948 Z0.3939
X2.2412 Y0.0968 Z0.3937
Y0.0973
Y0.0985
X2.241 Y0.0997
X2.2407 Y0.1008
X2.2402 Y0.1019 Z0.3936
X2.2396 Y0.103
X2.2389 Y0.1039
X2.238 Y0.1047
X2.2371 Y0.1054
X2.236 Y0.106
X2.2349 Y0.1065
X2.2338 Y0.1068
X2.2326 Y0.1069
X2.2314
X2.2302 Y0.1067
X2.229 Y0.1064
X2.2279 Y0.1059
X2.2269 Y0.1053
X2.226 Y0.1046
X2.2252 Y0.1037
X2.2244 Y0.1028
X2.2239 Y0.1017
X2.2234 Y0.1006
X2.2231 Y0.0994
X2.223 Y0.0983
Y0.0982
X2.2229 Y0.0962 Z0.3938
X2.2228 Y0.0942 Z0.3945
X2.2227 Y0.0925 Z0.3955
X2.2226 Y0.091 Z0.397
X2.2225 Y0.0899 Z0.3987
Y0.0891 Z0.4006
X2.2179 Y0.0007 Z0.7409
X2.21 Y-0.1501 Z0.7411
X2.2098 Y-0.1522 Z0.7413
X2.2097 Y-0.1542 Z0.742
X2.2096 Y-0.1563 Z0.7427
X2.2095 Y-0.1584 Z0.743
Y-0.1585
X2.2092 Y-0.1596
X2.2085 Y-0.1604
X2.2074 Y-0.1608
X2.2063
X2.2053 Y-0.1602
X2.2047 Y-0.1593
X2.2045 Y-0.1582
X2.2046 Y-0.1561 Z0.7427
X2.2047 Y-0.1541 Z0.742
Y-0.1521 Z0.7413
Y-0.15 Z0.7411
Y0.0013 Z0.7409
Y0.0898 Z0.4006
G19 G3 Y0.0988 Z0.3936 J0.0091 K0.0024
G1 Y0.0993
G17 G3 X2.1865 Y0.0984 I-0.0091 J-0.0005
G1 Y0.0982
X2.1866 Y0.0962 Z0.3938
X2.1867 Y0.0943 Z0.3945
X2.1868 Y0.0925 Z0.3955
X2.1869 Y0.091 Z0.3969
Y0.0899 Z0.3987
Y0.0892 Z0.4006
X2.1916 Y0.0007 Z0.7409
X2.1995 Y-0.1501 Z0.7411
X2.1996 Y-0.1522 Z0.7413
X2.1997 Y-0.1542 Z0.742
X2.1998 Y-0.1563 Z0.7427
X2.1999 Y-0.1584 Z0.743
Y-0.1585
X2.1997 Y-0.1596
X2.1991 Y-0.1605
X2.1981 Y-0.161
X2.197 Y-0.1611
X2.196 Y-0.1607
X2.1952 Y-0.1598
X2.1949 Y-0.1588
X2.1948 Y-0.1566 Z0.7427
X2.1947 Y-0.1546 Z0.742
X2.1945 Y-0.1526 Z0.7413
X2.1943 Y-0.1505 Z0.7411
X2.1785 Y-0.0001 Z0.7409
X2.1692 Y0.0877 Z0.4006
X2.1691 Y0.0885 Z0.3987
X2.169 Y0.0896 Z0.397
X2.1689 Y0.0911 Z0.3955
X2.1687 Y0.0928 Z0.3945
X2.1685 Y0.0947 Z0.3938
X2.1683 Y0.0968 Z0.3936
X2.1682 Y0.0973
Y0.0974
G3 X2.1502 Y0.0946 I-0.009 J-0.0014
G1 X2.1505 Y0.0925 Z0.3938
X2.1508 Y0.0906 Z0.3945
X2.151 Y0.0889 Z0.3955
X2.1513 Y0.0874 Z0.397
X2.1515 Y0.0863 Z0.3987
X2.1516 Y0.0856 Z0.4006
X2.1654 Y-0.002 Z0.7409
X2.1891 Y-0.1512 Z0.7411
X2.1894 Y-0.1533 Z0.7413
X2.1897 Y-0.1553 Z0.742
X2.19 Y-0.1573 Z0.7427
X2.1904 Y-0.1594 Z0.743
Y-0.1595
X2.1903 Y-0.1606
X2.1898 Y-0.1616
X2.1888 Y-0.1622
X2.1877 Y-0.1624
X2.1867 Y-0.1621
X2.1859 Y-0.1613
X2.1854 Y-0.1603
X2.1851 Y-0.1582 Z0.7427
X2.1848 Y-0.1562 Z0.742
X2.1844 Y-0.1543 Z0.7413
X2.1839 Y-0.1522 Z0.7411
X2.1525 Y-0.0043 Z0.741
X2.1341 Y0.0822 Z0.4006
X2.134 Y0.0829 Z0.3987
X2.1337 Y0.084 Z0.3969
X2.1334 Y0.0855 Z0.3955
X2.1331 Y0.0872 Z0.3944
X2.1326 Y0.0891 Z0.3938
X2.1322 Y0.0911 Z0.3936
X2.1321 Y0.0916
X2.1317 Y0.0927
X2.1312 Y0.0938
X2.1305 Y0.0948
X2.1297 Y0.0957
X2.1288 Y0.0964
X2.1279 Y0.0971
X2.1268 Y0.0976
X2.1257 Y0.098
X2.1245 Y0.0983
X2.1233
X2.1221
X2.1209 Y0.098
X2.1198 Y0.0976
X2.1187 Y0.0971
X2.1177 Y0.0964
X2.1168 Y0.0957
X2.116 Y0.0948
X2.1154 Y0.0938
X2.1149 Y0.0927
X2.1145 Y0.0916
X2.1142 Y0.0904
Y0.0892
Y0.088
X2.1145 Y0.0868
X2.115 Y0.0848 Z0.3938
X2.1155 Y0.083 Z0.3945
X2.116 Y0.0813 Z0.3955
X2.1163 Y0.0798 Z0.397
X2.1166 Y0.0788 Z0.3987
X2.1168 Y0.078 Z0.4006
X2.1397 Y-0.0075 Z0.741
X2.1788 Y-0.1534 Z0.7411
X2.1794 Y-0.1555 Z0.7413
X2.1799 Y-0.1574 Z0.742
X2.1804 Y-0.1593 Z0.7427
X2.181 Y-0.1614 Z0.743
Y-0.1615
X2.1811 Y-0.1626
X2.1806 Y-0.1636
X2.1798 Y-0.1644
X2.1787 Y-0.1647
X2.1776 Y-0.1645
X2.1767 Y-0.1638
X2.1762 Y-0.1628
X2.1756 Y-0.1608 Z0.7427
X2.1751 Y-0.1588 Z0.742
X2.1745 Y-0.1569 Z0.7413
X2.1738 Y-0.1549 Z0.7411
X2.1271 Y-0.0111 Z0.741
X2.0997 Y0.0731 Z0.4006
X2.0995 Y0.0738 Z0.3987
X2.0992 Y0.0749 Z0.397
X2.0987 Y0.0763 Z0.3956
X2.0982 Y0.078 Z0.3945
X2.0976 Y0.0798 Z0.3938
X2.0969 Y0.0818 Z0.3936
X2.0968 Y0.0822
G3 X2.085 Y0.0875 I-0.0085 J-0.0033
X2.0797 Y0.0757 I0.0033 J-0.0085
G1 X2.0798 Y0.0755
X2.0805 Y0.0736 Z0.3938
X2.0812 Y0.0718 Z0.3945
X2.0818 Y0.0702 Z0.3956
X2.0824 Y0.0688 Z0.397
X2.0828 Y0.0677 Z0.3987
X2.083 Y0.067 Z0.4006
Z0.4007
X2.1147 Y-0.0156 Z0.741
X2.1689 Y-0.1566 Z0.7411
X2.1696 Y-0.1586 Z0.7413
X2.1704 Y-0.1605 Z0.742
X2.1711 Y-0.1624 Z0.7427
X2.1718 Y-0.1643 Z0.743
X2.1719 Y-0.1645
X2.172 Y-0.1656
X2.1717 Y-0.1666
X2.1709 Y-0.1675
X2.1699 Y-0.1679
X2.1688 Y-0.1678
X2.1678 Y-0.1672
X2.1672 Y-0.1663
X2.1664 Y-0.1643 Z0.7427
X2.1657 Y-0.1624 Z0.742
X2.1649 Y-0.1606 Z0.7413
X2.1641 Y-0.1586 Z0.7411
X2.1026 Y-0.0206 Z0.741
X2.0666 Y0.0603 Z0.4006
X2.0657 Y0.0622 Z0.4008
X2.0649 Y0.064 Z0.4015
X2.0642 Y0.0656 Z0.4026
X2.0636 Y0.067 Z0.4041
X2.0631 Y0.068 Z0.4059
X2.0629 Y0.0686 Z0.4079
X2.0628 Y0.0688 Z0.41
X2.0625 Y0.0687 Z0.4124
X2.0616 Y0.0684 Z0.4146
X2.0603 Y0.0678 Z0.4165
X2.0585 Y0.0671 Z0.418
X2.0565 Y0.0662 Z0.4189
X2.0543 Y0.0653 Z0.4192
X2.0521 Y0.0644 Z0.4189
X2.0501 Y0.0636 Z0.418
X2.0483 Y0.0629 Z0.4165
X2.047 Y0.0623 Z0.4146
X2.0461 Y0.062 Z0.4124
X2.0458 Y0.0618 Z0.41
X2.046 Y0.0616 Z0.4078
X2.0463 Y0.0609 Z0.4057
X2.0469 Y0.0598 Z0.4039
X2.0476 Y0.0583 Z0.4024
X2.0485 Y0.0566 Z0.4013
X2.0495 Y0.0547 Z0.4007
X2.0505 Y0.0527
X2.0907 Y-0.0263 Z0.741
X2.1593 Y-0.1609 Z0.7411
X2.1603 Y-0.1628 Z0.7413
X2.1612 Y-0.1646 Z0.742
X2.1621 Y-0.1664 Z0.7427
X2.1631 Y-0.1682 Z0.743
Y-0.1684
X2.1634 Y-0.1694
X2.1632 Y-0.1705
X2.1625 Y-0.1714
X2.1615 Y-0.1719
X2.1604 Y-0.172
X2.1594 Y-0.1715
X2.1587 Y-0.1706
X2.1577 Y-0.1688 Z0.7427
X2.1568 Y-0.167 Z0.742
X2.1558 Y-0.1652 Z0.7413
X2.1547 Y-0.1634 Z0.7411
X2.0792 Y-0.0325 Z0.7409
X2.0349 Y0.0441 Z0.4006
X2.0338 Y0.046 Z0.4007
X2.0328 Y0.0478 Z0.4014
X2.0319 Y0.0494 Z0.4025
X2.0311 Y0.0508 Z0.404
X2.0305 Y0.0518 Z0.4058
X2.0301 Y0.0525 Z0.4078
X2.03 Y0.0527 Z0.41
X2.0297 Y0.0525 Z0.4124
X2.0289 Y0.0521 Z0.4146
X2.0277 Y0.0513 Z0.4165
X2.026 Y0.0503 Z0.4179
X2.0241 Y0.0492 Z0.4188
X2.0221 Y0.048 Z0.4192
X2.0201 Y0.0468 Z0.4188
X2.0182 Y0.0457 Z0.4179
X2.0165 Y0.0447 Z0.4165
X2.0153 Y0.0439 Z0.4146
X2.0145 Y0.0435 Z0.4124
X2.0142 Y0.0433 Z0.41
X2.0144 Y0.0431 Z0.4078
X2.0148 Y0.0425 Z0.4057
X2.0155 Y0.0414 Z0.4039
X2.0163 Y0.0401 Z0.4024
X2.0174 Y0.0385 Z0.4013
X2.0186 Y0.0367 Z0.4007
X2.0198 Y0.0348
X2.0679 Y-0.0394 Z0.741
X2.1503 Y-0.1661 Z0.7411
X2.1514 Y-0.1679 Z0.7413
X2.1525 Y-0.1696 Z0.742
X2.1536 Y-0.1713 Z0.7427
X2.1548 Y-0.173 Z0.743
Y-0.1732
X2.1552 Y-0.1742
X2.1551 Y-0.1753
X2.1545 Y-0.1763
X2.1536 Y-0.1769
X2.1525 Y-0.177
X2.1514 Y-0.1767
X2.1506 Y-0.1759
X2.1495 Y-0.1741 Z0.7427
X2.1484 Y-0.1724 Z0.742
X2.1472 Y-0.1708 Z0.7413
X2.1459 Y-0.1691 Z0.7411
X2.0571 Y-0.0468 Z0.7409
X2.005 Y0.0249 Z0.4007
X2.0037 Y0.0267
X2.0025 Y0.0284 Z0.4013
X2.0013 Y0.03 Z0.4024
X2.0004 Y0.0313 Z0.4039
X1.9996 Y0.0323 Z0.4057
X1.9992 Y0.0329 Z0.4078
X1.999 Y0.0331 Z0.41
X1.9988 Y0.0329 Z0.4124
X1.998 Y0.0324 Z0.4146
X1.9969 Y0.0315 Z0.4165
X1.9954 Y0.0303 Z0.4179
X1.9937 Y0.0289 Z0.4189
X1.9918 Y0.0275 Z0.4192
X1.9899 Y0.026 Z0.4189
X1.9882 Y0.0246 Z0.4179
X1.9867 Y0.0235 Z0.4165
X1.9856 Y0.0226 Z0.4146
X1.9849 Y0.022 Z0.4124
X1.9846 Y0.0218 Z0.41
X1.9848 Y0.0216 Z0.4078
X1.9853 Y0.021 Z0.4057
X1.986 Y0.0201 Z0.4039
X1.9871 Y0.0188 Z0.4024
X1.9883 Y0.0173 Z0.4013
X1.9896 Y0.0156 Z0.4007
X1.991 Y0.0139
X2.0466 Y-0.0548 Z0.741
X2.1418 Y-0.1723 Z0.7411
X2.1431 Y-0.1739 Z0.7413
X2.1444 Y-0.1755 Z0.742
X2.1456 Y-0.177 Z0.7427
X2.147 Y-0.1787 Z0.743
X2.1471 Y-0.1788
X2.1476 Y-0.1798
Y-0.1809
X2.1471 Y-0.1819
X2.1462 Y-0.1826
X2.1451 Y-0.1829
X2.144 Y-0.1826
X2.1432 Y-0.182
X2.1418 Y-0.1803 Z0.7427
X2.1406 Y-0.1787 Z0.742
X2.1392 Y-0.1773 Z0.7413
X2.1378 Y-0.1757 Z0.7411
X2.0367 Y-0.0634 Z0.741
X1.9775 Y0.0024 Z0.4006
X1.976 Y0.004 Z0.4007
X1.9746 Y0.0056 Z0.4014
X1.9733 Y0.007 Z0.4024
X1.9723 Y0.0082 Z0.4039
X1.9714 Y0.0091 Z0.4058
X1.9709 Y0.0096 Z0.4078
X1.9708 Y0.0098 Z0.41
X1.9705 Y0.0096 Z0.4124
X1.9699 Y0.009 Z0.4146
X1.9688 Y0.008 Z0.4165
X1.9674 Y0.0067 Z0.4179
X1.9658 Y0.0052 Z0.4188
X1.9641 Y0.0036 Z0.4191
X1.9624 Y0.002 Z0.4188
X1.9607 Y0.0004 Z0.4179
X1.9594 Y-0.0008 Z0.4165
X1.9583 Y-0.0018 Z0.4146
X1.9576 Y-0.0025 Z0.4124
X1.9574 Y-0.0027 Z0.41
X1.9576 Y-0.0029 Z0.4078
X1.9581 Y-0.0034 Z0.4058
X1.959 Y-0.0042 Z0.4039
X1.9601 Y-0.0054 Z0.4024
X1.9614 Y-0.0067 Z0.4014
X1.9629 Y-0.0082 Z0.4007
X1.9645 Y-0.0097 Z0.4006
X2.0271 Y-0.0724 Z0.741
X2.134 Y-0.1793 Z0.7411
X2.1355 Y-0.1808 Z0.7413
X2.1369 Y-0.1822 Z0.742
X2.1383 Y-0.1836 Z0.7427
X2.1398 Y-0.1851 Z0.743
X2.1399 Y-0.1852
X2.1405 Y-0.1862
X2.1407 Y-0.1873
X2.1403 Y-0.1883
X2.1395 Y-0.1891
X2.1384 Y-0.1895
X2.1373 Y-0.1894
X2.1364 Y-0.1888
X2.1349 Y-0.1873 Z0.7427
X2.1335 Y-0.1858 Z0.742
X2.132 Y-0.1845 Z0.7413
X2.1304 Y-0.1831 Z0.7411
X2.0181 Y-0.082 Z0.7409
X1.9524 Y-0.0228 Z0.4007
X1.9507 Y-0.0213
X1.9491 Y-0.0199 Z0.4013
X1.9477 Y-0.0186 Z0.4024
X1.9465 Y-0.0175 Z0.4039
X1.9456 Y-0.0166 Z0.4057
X1.945 Y-0.0161 Z0.4078
X1.9448 Y-0.016 Z0.41
X1.9446 Y-0.0162 Z0.4124
X1.944 Y-0.0169 Z0.4146
X1.943 Y-0.018 Z0.4165
X1.9418 Y-0.0194 Z0.4179
X1.9404 Y-0.0211 Z0.4189
X1.9388 Y-0.0229 Z0.4192
X1.9373 Y-0.0247 Z0.4189
X1.9359 Y-0.0264 Z0.4179
X1.9346 Y-0.0278 Z0.4165
X1.9337 Y-0.0289 Z0.4146
X1.9331 Y-0.0296 Z0.4124
X1.9329 Y-0.0299 Z0.41
X1.9331 Y-0.03 Z0.4078
X1.9337 Y-0.0305 Z0.4057
X1.9346 Y-0.0313 Z0.4039
X1.9359 Y-0.0323 Z0.4024
X1.9374 Y-0.0335 Z0.4013
X1.9391 Y-0.0349 Z0.4007
X1.9408 Y-0.0363
X2.0095 Y-0.0919 Z0.741
X2.127 Y-0.1871 Z0.7411
X2.1287 Y-0.1884 Z0.7413
X2.1302 Y-0.1897 Z0.742
X2.1318 Y-0.1909 Z0.7427
X2.1334 Y-0.1923 Z0.743
X2.1335
X2.1342 Y-0.1932
X2.1344 Y-0.1943
X2.1342 Y-0.1954
X2.1335 Y-0.1963
X2.1325 Y-0.1967
X2.1314
X2.1304 Y-0.1962
X2.1287 Y-0.1949 Z0.7427
X2.1272 Y-0.1936 Z0.742
X2.1255 Y-0.1925 Z0.7413
X2.1238 Y-0.1912 Z0.7411
X2.0016 Y-0.1024 Z0.7409
X1.9298 Y-0.0503 Z0.4007
X1.9281 Y-0.049
X1.9263 Y-0.0477 Z0.4013
X1.9248 Y-0.0466 Z0.4024
X1.9235 Y-0.0456 Z0.4039
X1.9225 Y-0.0449 Z0.4057
X1.9218 Y-0.0445 Z0.4078
X1.9216 Y-0.0443 Z0.41
X1.9215 Y-0.0446 Z0.4124
X1.9209 Y-0.0453 Z0.4146
X1.9201 Y-0.0465 Z0.4165
X1.9191 Y-0.0481 Z0.4179
X1.9178 Y-0.0499 Z0.4189
X1.9165 Y-0.0519 Z0.4192
X1.9152 Y-0.0539 Z0.4189
X1.9139 Y-0.0557 Z0.4179
X1.9129 Y-0.0573 Z0.4165
X1.9121 Y-0.0585 Z0.4146
X1.9115 Y-0.0592 Z0.4124
X1.9114 Y-0.0595 Z0.41
X1.9116 Y-0.0596 Z0.4078
X1.9122 Y-0.0601 Z0.4057
X1.9133 Y-0.0607 Z0.4039
X1.9146 Y-0.0616 Z0.4024
X1.9163 Y-0.0627 Z0.4013
X1.9181 Y-0.0638 Z0.4007
X1.9199 Y-0.065
X1.994 Y-0.1132 Z0.7409
X2.1209 Y-0.1955 Z0.7411
X2.1226 Y-0.1967 Z0.7413
X2.1243 Y-0.1978 Z0.742
X2.126 Y-0.1989 Z0.7427
X2.1278 Y-0.2 Z0.743
X2.1279 Y-0.2001
X2.1287 Y-0.2009
X2.129 Y-0.202
X2.1289 Y-0.2031
X2.1283 Y-0.204
X2.1273 Y-0.2046
X2.1262 Y-0.2047
X2.1252 Y-0.2043
X2.1234 Y-0.2032 Z0.7427
X2.1217 Y-0.2021 Z0.742
X2.12 Y-0.2011 Z0.7413
X2.1181 Y-0.2 Z0.7411
X1.9873 Y-0.1245 Z0.741
X1.9106 Y-0.0802 Z0.4006
X1.9087 Y-0.0791 Z0.4007
X1.9069 Y-0.0781 Z0.4014
X1.9053 Y-0.0771 Z0.4025
X1.9039 Y-0.0763 Z0.404
X1.9029 Y-0.0757 Z0.4058
X1.9023 Y-0.0754 Z0.4078
X1.902 Y-0.0752 Z0.41
X1.9019 Y-0.0755 Z0.4123
X1.9014 Y-0.0763 Z0.4145
X1.9007 Y-0.0776 Z0.4164
X1.8998 Y-0.0792 Z0.4179
X1.8988 Y-0.0812 Z0.4188
X1.8976 Y-0.0833 Z0.4191
X1.8965 Y-0.0853 Z0.4188
X1.8954 Y-0.0873 Z0.4179
X1.8945 Y-0.0889 Z0.4164
X1.8938 Y-0.0902 Z0.4145
X1.8933 Y-0.091 Z0.4123
X1.8932 Y-0.0913 Z0.41
X1.8934 Y-0.0914 Z0.4078
X1.8941 Y-0.0917 Z0.4058
X1.8951 Y-0.0922 Z0.404
X1.8965 Y-0.093 Z0.4025
X1.8982 Y-0.0938 Z0.4014
X1.9 Y-0.0948 Z0.4007
X1.902 Y-0.0957 Z0.4006
X1.9809 Y-0.1359 Z0.7409
X2.1156 Y-0.2046 Z0.7411
X2.1175 Y-0.2056 Z0.7413
X2.1193 Y-0.2065 Z0.742
X2.1211 Y-0.2074 Z0.7427
X2.123 Y-0.2083 Z0.743
X2.1231 Y-0.2084
X2.1239 Y-0.2091
X2.1244 Y-0.2101
Y-0.2113
X2.1239 Y-0.2122
X2.123 Y-0.2129
X2.1219 Y-0.2131
X2.1208 Y-0.2129
X2.1189 Y-0.2119 Z0.7427
X2.1171 Y-0.211 Z0.742
X2.1153 Y-0.2102 Z0.7413
X2.1134 Y-0.2093 Z0.7411
X1.9754 Y-0.1479 Z0.7409
X1.8945 Y-0.1119 Z0.4006
X1.8925 Y-0.111 Z0.4007
X1.8906 Y-0.1101 Z0.4014
X1.8888 Y-0.1094 Z0.4024
X1.8874 Y-0.1087 Z0.4039
X1.8863 Y-0.1082 Z0.4058
X1.8856 Y-0.1079 Z0.4078
X1.8854 Y-0.1078 Z0.41
X1.8852 Y-0.1081 Z0.4124
X1.8849 Y-0.1089 Z0.4146
X1.8843 Y-0.1103 Z0.4165
X1.8836 Y-0.112 Z0.4179
X1.8827 Y-0.1141 Z0.4188
X1.8818 Y-0.1162 Z0.4192
X1.8809 Y-0.1184 Z0.4188
X1.88 Y-0.1204 Z0.4179
X1.8793 Y-0.1222 Z0.4165
X1.8787 Y-0.1235 Z0.4146
X1.8783 Y-0.1244 Z0.4124
X1.8782 Y-0.1247 Z0.41
X1.8785 Y-0.1248 Z0.4078
X1.8792 Y-0.125 Z0.4057
X1.8803 Y-0.1255 Z0.4039
X1.8818 Y-0.1261 Z0.4024
X1.8836 Y-0.1267 Z0.4013
X1.8856 Y-0.1275 Z0.4007
X1.8877 Y-0.1283
X1.9702 Y-0.16 Z0.741
X2.1114 Y-0.2142 Z0.7411
X2.1133 Y-0.2149 Z0.7413
X2.1152 Y-0.2156 Z0.742
X2.1171 Y-0.2164 Z0.7427
X2.1191 Y-0.2171 Z0.743
X2.1192 Y-0.2172
X2.1201 Y-0.2178
X2.1207 Y-0.2187
X2.1208 Y-0.2199
X2.1204 Y-0.2209
X2.1196 Y-0.2217
X2.1185 Y-0.222
X2.1174 Y-0.2218
X2.1154 Y-0.2211 Z0.7427
X2.1135 Y-0.2204 Z0.742
X2.1116 Y-0.2198 Z0.7413
X2.1096 Y-0.2191 Z0.7411
X1.9659 Y-0.1724 Z0.7409
X1.8816 Y-0.145 Z0.4006
X1.8795 Y-0.1443 Z0.4007
X1.8776 Y-0.1437 Z0.4014
X1.8758 Y-0.1431 Z0.4025
X1.8743 Y-0.1427 Z0.404
X1.8732 Y-0.1423 Z0.4058
X1.8725 Y-0.1421 Z0.4078
X1.8723 Y-0.142 Z0.4099
Z0.41
X1.8722 Y-0.1423 Z0.4124
X1.8719 Y-0.1432 Z0.4146
X1.8715 Y-0.1446 Z0.4165
X1.871 Y-0.1464 Z0.4179
X1.8703 Y-0.1485 Z0.4188
X1.8697 Y-0.1508 Z0.4191
X1.869 Y-0.153 Z0.4188
X1.8683 Y-0.1551 Z0.4179
X1.8678 Y-0.1569 Z0.4165
X1.8674 Y-0.1583 Z0.4146
X1.8671 Y-0.1592 Z0.4124
X1.867 Y-0.1595 Z0.41
X1.8673 Y-0.1596 Z0.4078
X1.868 Y-0.1598 Z0.4058
X1.8692 Y-0.1601 Z0.4039
X1.8707 Y-0.1605 Z0.4024
X1.8725 Y-0.161 Z0.4014
X1.8746 Y-0.1615 Z0.4007
X1.8767 Y-0.1621 Z0.4006
X1.9621 Y-0.185 Z0.741
X2.1081 Y-0.2241 Z0.7411
X2.1102 Y-0.2247 Z0.7413
X2.1121 Y-0.2252 Z0.742
X2.1141 Y-0.2257 Z0.7427
X2.1161 Y-0.2263 Z0.743
X2.1162
X2.1172 Y-0.2268
X2.1179 Y-0.2277
X2.1181 Y-0.2288
X2.1178 Y-0.2299
X2.1171 Y-0.2307
X2.116 Y-0.2312
X2.1149 Y-0.2311
X2.1129 Y-0.2306 Z0.7427
X2.1109 Y-0.2301 Z0.742
X2.109 Y-0.2296 Z0.7413
X2.1069 Y-0.2292 Z0.7411
X1.9591 Y-0.1978 Z0.741
X1.8725 Y-0.1794 Z0.4006
X1.8704 Y-0.1789 Z0.4007
X1.8683 Y-0.1785 Z0.4014
X1.8665 Y-0.1781 Z0.4024
X1.8649 Y-0.1778 Z0.4039
X1.8637 Y-0.1775 Z0.4058
X1.8629 Y-0.1774 Z0.4078
X1.8627 Y-0.1773 Z0.41
X1.8626 Y-0.1776 Z0.4124
X1.8625 Y-0.1785 Z0.4146
X1.8622 Y-0.1799 Z0.4165
X1.8618 Y-0.1818 Z0.4179
X1.8614 Y-0.184 Z0.4188
X1.861 Y-0.1863 Z0.4192
X1.8605 Y-0.1886 Z0.4188
X1.8601 Y-0.1908 Z0.4179
X1.8598 Y-0.1926 Z0.4165
X1.8595 Y-0.1941 Z0.4146
X1.8593 Y-0.195 Z0.4124
X1.8592 Y-0.1953 Z0.41
X1.8595 Z0.4078
X1.8602 Y-0.1954 Z0.4058
X1.8614 Y-0.1956 Z0.4039
X1.863 Y-0.1959 Z0.4024
X1.8649 Y-0.1962 Z0.4014
X1.867 Y-0.1965 Z0.4007
X1.8691 Y-0.1968 Z0.4006
X1.9566 Y-0.2107 Z0.741
X2.106 Y-0.2344 Z0.7411
X2.108 Y-0.2347 Z0.7413
X2.11 Y-0.235 Z0.742
X2.112 Y-0.2353 Z0.7427
X2.1141 Y-0.2356 Z0.743
X2.1142 Y-0.2357
X2.1153 Y-0.2361
X2.116 Y-0.2369
X2.1163 Y-0.238
X2.1162 Y-0.2391
X2.1155 Y-0.24
X2.1146 Y-0.2405
X2.1134 Y-0.2406
X2.1114 Y-0.2403 Z0.7427
X2.1094 Y-0.24 Z0.742
X2.1074 Y-0.2398 Z0.7413
X2.1053 Y-0.2395 Z0.7411
X1.955 Y-0.2238 Z0.7409
X1.867 Y-0.2145 Z0.4007
X1.8648 Y-0.2143
X1.8627 Y-0.214 Z0.4013
X1.8608 Y-0.2138 Z0.4024
X1.8592 Y-0.2137 Z0.4039
X1.8579 Y-0.2136 Z0.4057
X1.8572 Y-0.2135 Z0.4078
X1.8569 Y-0.2134 Z0.41
Y-0.2138 Z0.4124
X1.8568 Y-0.2147 Z0.4146
X1.8567 Y-0.2161 Z0.4165
X1.8566 Y-0.218 Z0.4179
X1.8564 Y-0.2202 Z0.4188
X1.8562 Y-0.2226 Z0.4192
X1.8561 Y-0.2249 Z0.4188
X1.8559 Y-0.2271 Z0.4179
X1.8557 Y-0.229 Z0.4165
X1.8556 Y-0.2305 Z0.4146
Y-0.2314 Z0.4124
X1.8555 Y-0.2317 Z0.41
X1.8558 Z0.4078
X1.8566 Y-0.2318 Z0.4058
X1.8578 Z0.4039
X1.8594 Y-0.2319 Z0.4024
X1.8613 Y-0.232 Z0.4014
X1.8634 Y-0.2321 Z0.4007
X1.8656 Y-0.2322 Z0.4006
X1.9539 Y-0.2369 Z0.741
X2.1049 Y-0.2448 Z0.7411
X2.107 Y-0.2449 Z0.7413
X2.109 Y-0.245 Z0.742
X2.111 Y-0.2451 Z0.7427
X2.1131 Y-0.2452 Z0.743
X2.1132
X2.1143 Y-0.2455
X2.1151 Y-0.2463
X2.1156 Y-0.2473
X2.1155 Y-0.2484
X2.115 Y-0.2494
X2.1141 Y-0.25
X2.113 Y-0.2502
X2.1109 Y-0.2501 Z0.7427
X2.1089 Y-0.25 Z0.742
X2.1068 Z0.7413
X2.1047 Z0.7411
X1.9536
X1.8649 Z0.4006
G18 G3 X1.8551 Z0.41 I-0.0004 K0.0094
G1 X1.8552 Y-0.2503 Z0.4123
Y-0.2512 Z0.4145
Y-0.2527 Z0.4164
X1.8553 Y-0.2546 Z0.4179
X1.8554 Y-0.2568 Z0.4188
X1.8555 Y-0.2591 Z0.4191
Y-0.2615 Z0.4188
X1.8556 Y-0.2637 Z0.4179
X1.8557 Y-0.2656 Z0.4164
Y-0.2671 Z0.4145
X1.8558 Y-0.268 Z0.4123
Y-0.2683 Z0.41
X1.856 Z0.4078
X1.8568 Y-0.2682 Z0.4058
X1.8579 Z0.404
X1.8595 Y-0.2681 Z0.4025
X1.8613 Y-0.268 Z0.4014
X1.8634 Y-0.2679 Z0.4007
X1.8656 Y-0.2678 Z0.4006
X1.954 Y-0.2631 Z0.741
X2.1049 Y-0.2552 Z0.7411
X2.107 Y-0.2551 Z0.7413
X2.109 Y-0.255 Z0.742
X2.111 Y-0.2549 Z0.7427
X2.1131 Y-0.2548 Z0.743
X2.1132
X2.1143 Y-0.255
X2.1152 Y-0.2556
X2.1158 Y-0.2566
Y-0.2577
X2.1154 Y-0.2588
X2.1146 Y-0.2595
X2.1135 Y-0.2598
X2.1114 Y-0.2599 Z0.7427
X2.1094 Y-0.26 Z0.742
X2.1074 Y-0.2602 Z0.7413
X2.1053 Y-0.2605 Z0.7411
X1.955 Y-0.2763 Z0.741
X1.867 Y-0.2855 Z0.4006
X1.8648 Y-0.2857 Z0.4007
X1.8627 Y-0.2859 Z0.4014
X1.8609 Y-0.2861 Z0.4025
X1.8593 Y-0.2863 Z0.404
X1.8581 Y-0.2864 Z0.4058
X1.8574 Y-0.2865 Z0.4078
X1.8571 Z0.41
X1.8572 Y-0.2868 Z0.4123
X1.8573 Y-0.2878 Z0.4145
X1.8574 Y-0.2892 Z0.4164
X1.8577 Y-0.2911 Z0.4179
X1.8579 Y-0.2933 Z0.4188
X1.8582 Y-0.2956 Z0.4191
X1.8585 Y-0.298 Z0.4188
X1.8588 Y-0.3002 Z0.4179
X1.859 Y-0.302 Z0.4164
X1.8592 Y-0.3035 Z0.4145
X1.8593 Y-0.3044 Z0.4123
Y-0.3047 Z0.41
X1.8596 Z0.4078
X1.8603 Y-0.3045 Z0.4058
X1.8615 Y-0.3044 Z0.404
X1.8631 Y-0.3041 Z0.4025
X1.8649 Y-0.3038 Z0.4014
X1.867 Y-0.3035 Z0.4007
X1.8691 Y-0.3032 Z0.4006
X1.9567 Y-0.2893 Z0.741
X2.106 Y-0.2656 Z0.7411
X2.108 Y-0.2653 Z0.7413
X2.11 Y-0.265 Z0.742
X2.112 Y-0.2647 Z0.7427
X2.1141 Y-0.2644 Z0.743
X2.1142 Y-0.2643
X2.1153 Y-0.2644
X2.1163 Y-0.265
X2.117 Y-0.2659
X2.1171 Y-0.267
X2.1168 Y-0.268
X2.1161 Y-0.2689
X2.115 Y-0.2693
X2.1129 Y-0.2696 Z0.7427
X2.1109 Y-0.2699 Z0.742
X2.109 Y-0.2704 Z0.7413
X2.1069 Y-0.2708 Z0.7411
X1.959 Y-0.3022 Z0.741
X1.8725 Y-0.3206 Z0.4006
X1.8704 Y-0.3211 Z0.4007
X1.8684 Y-0.3215 Z0.4014
X1.8665 Y-0.3219 Z0.4025
X1.865 Y-0.3222 Z0.404
X1.8638 Y-0.3225 Z0.4058
X1.8631 Y-0.3226 Z0.4078
X1.8628 Y-0.3227 Z0.41
X1.8629 Y-0.323 Z0.4124
X1.8631 Y-0.3239 Z0.4146
X1.8634 Y-0.3253 Z0.4165
X1.8639 Y-0.3271 Z0.4179
X1.8644 Y-0.3293 Z0.4188
X1.8649 Y-0.3316 Z0.4191
X1.8655 Y-0.3339 Z0.4188
X1.866 Y-0.336 Z0.4179
X1.8664 Y-0.3379 Z0.4165
X1.8667 Y-0.3393 Z0.4146
X1.8669 Y-0.3402 Z0.4124
X1.867 Y-0.3405 Z0.41
X1.8672 Y-0.3404 Z0.4078
X1.868 Y-0.3402 Z0.4058
X1.8691 Y-0.3399 Z0.4039
X1.8707 Y-0.3395 Z0.4024
X1.8725 Y-0.339 Z0.4014
X1.8746 Y-0.3385 Z0.4007
X1.8767 Y-0.3379 Z0.4006
X1.9622 Y-0.315 Z0.741
X2.1081 Y-0.2759 Z0.7411
X2.1102 Y-0.2753 Z0.7413
X2.1121 Y-0.2748 Z0.742
X2.1141 Y-0.2743 Z0.7427
X2.1161 Y-0.2737 Z0.743
X2.1162
X2.1173
X2.1184 Y-0.2741
X2.1191 Y-0.275
X2.1194 Y-0.276
X2.1192 Y-0.2771
X2.1185 Y-0.278
X2.1175 Y-0.2786
X2.1155 Y-0.2791 Z0.7427
X2.1135 Y-0.2796 Z0.742
X2.1116 Y-0.2802 Z0.7413
X2.1096 Y-0.2809 Z0.7411
X1.9658 Y-0.3276 Z0.741
X1.8816 Y-0.355 Z0.4006
X1.8795 Y-0.3557 Z0.4007
X1.8775 Y-0.3563 Z0.4014
X1.8757 Y-0.3569 Z0.4024
X1.8742 Y-0.3574 Z0.4039
X1.8731 Y-0.3578 Z0.4058
X1.8723 Y-0.358 Z0.4078
X1.8721 Y-0.3581 Z0.41
X1.8722 Y-0.3584 Z0.4124
X1.8725 Y-0.3592 Z0.4146
X1.873 Y-0.3606 Z0.4165
X1.8736 Y-0.3624 Z0.4179
X1.8743 Y-0.3645 Z0.4189
X1.8751 Y-0.3667 Z0.4192
X1.8759 Y-0.369 Z0.4189
X1.8766 Y-0.371 Z0.4179
X1.8773 Y-0.3728 Z0.4165
X1.8777 Y-0.3742 Z0.4146
X1.8781 Y-0.3751 Z0.4124
X1.8782 Y-0.3754 Z0.41
X1.8784 Y-0.3753 Z0.4078
X1.8791 Y-0.375 Z0.4057
X1.8803 Y-0.3745 Z0.4039
X1.8818 Y-0.374 Z0.4024
X1.8836 Y-0.3733 Z0.4013
X1.8856 Y-0.3725 Z0.4007
X1.8877 Y-0.3717
X1.9703 Y-0.34 Z0.7409
X2.1114 Y-0.2858 Z0.7411
X2.1133 Y-0.2851 Z0.7413
X2.1152 Y-0.2844 Z0.742
X2.1171 Y-0.2836 Z0.7427
X2.1191 Y-0.2829 Z0.743
X2.1192 Y-0.2828
X2.1203 Y-0.2827
X2.1214 Y-0.283
X2.1222 Y-0.2838
X2.1226 Y-0.2848
X2.1225 Y-0.2859
X2.1219 Y-0.2869
X2.121 Y-0.2875
X2.119 Y-0.2883 Z0.7427
X2.1171 Y-0.289 Z0.742
X2.1153 Y-0.2898 Z0.7413
X2.1134 Y-0.2907 Z0.7411
X1.9752 Y-0.3522 Z0.7409
X1.8945 Y-0.3881 Z0.4007
X1.8925 Y-0.389
X1.8905 Y-0.3899 Z0.4013
X1.8888 Y-0.3907 Z0.4024
X1.8873 Y-0.3913 Z0.4039
X1.8862 Y-0.3918 Z0.4057
X1.8855 Y-0.3921 Z0.4078
X1.8852 Y-0.3922 Z0.41
X1.8854 Y-0.3925 Z0.4124
X1.8858 Y-0.3934 Z0.4146
X1.8864 Y-0.3947 Z0.4165
X1.8872 Y-0.3964 Z0.4179
X1.8881 Y-0.3984 Z0.4188
X1.8892 Y-0.4005 Z0.4192
X1.8902 Y-0.4027 Z0.4188
X1.8911 Y-0.4047 Z0.4179
X1.8919 Y-0.4064 Z0.4165
X1.8926 Y-0.4077 Z0.4146
X1.8929 Y-0.4085 Z0.4124
X1.8931 Y-0.4088 Z0.41
X1.8933 Y-0.4087 Z0.4078
X1.894 Y-0.4083 Z0.4058
X1.895 Y-0.4078 Z0.4039
X1.8965 Y-0.4071 Z0.4024
X1.8982 Y-0.4062 Z0.4014
X1.9 Y-0.4052 Z0.4007
X1.902 Y-0.4043 Z0.4006
X1.981 Y-0.364 Z0.7409
X2.1156 Y-0.2954 Z0.7411
X2.1175 Y-0.2944 Z0.7413
X2.1193 Y-0.2935 Z0.742
X2.1211 Y-0.2926 Z0.7427
X2.123 Y-0.2917 Z0.743
X2.1231 Y-0.2916
X2.1242 Y-0.2913
X2.1253 Y-0.2915
X2.1262 Y-0.2922
X2.1267 Y-0.2932
Y-0.2943
X2.1262 Y-0.2954
X2.1254 Y-0.2961
X2.1235 Y-0.297 Z0.7427
X2.1217 Y-0.2979 Z0.742
X2.12 Y-0.2989 Z0.7413
X2.1181 Y-0.3 Z0.7411
X1.9871 Y-0.3756 Z0.7409
X1.9106 Y-0.4198 Z0.4006
X1.9087 Y-0.4209 Z0.4007
X1.9069 Y-0.4219 Z0.4014
X1.9053 Y-0.4229 Z0.4025
X1.9039 Y-0.4237 Z0.404
X1.9029 Y-0.4243 Z0.4058
X1.9023 Y-0.4246 Z0.4078
X1.902 Y-0.4248 Z0.41
X1.9022 Y-0.425 Z0.4124
X1.9027 Y-0.4258 Z0.4146
X1.9034 Y-0.4271 Z0.4165
X1.9044 Y-0.4287 Z0.4179
X1.9055 Y-0.4306 Z0.4189
X1.9067 Y-0.4326 Z0.4192
X1.9079 Y-0.4347 Z0.4189
X1.909 Y-0.4366 Z0.4179
X1.91 Y-0.4382 Z0.4165
X1.9108 Y-0.4394 Z0.4146
X1.9112 Y-0.4402 Z0.4124
X1.9114 Y-0.4405 Z0.41
X1.9116 Y-0.4404 Z0.4078
X1.9122 Y-0.4399 Z0.4057
X1.9133 Y-0.4393 Z0.4039
X1.9146 Y-0.4384 Z0.4024
X1.9163 Y-0.4373 Z0.4013
X1.9181 Y-0.4362 Z0.4007
X1.9199 Y-0.435
X1.9942 Y-0.3867 Z0.7409
X2.1209 Y-0.3045 Z0.7411
X2.1226 Y-0.3033 Z0.7413
X2.1243 Y-0.3022 Z0.742
X2.126 Y-0.3011 Z0.7427
X2.1278 Y-0.3 Z0.743
X2.1279 Y-0.2999
X2.1289 Y-0.2995
X2.13 Y-0.2996
X2.131 Y-0.3002
X2.1316 Y-0.3011
X2.1317 Y-0.3023
X2.1314 Y-0.3033
X2.1306 Y-0.3041
X2.1288 Y-0.3053 Z0.7427
X2.1272 Y-0.3064 Z0.742
X2.1255 Y-0.3075 Z0.7413
X2.1238 Y-0.3088 Z0.7411
X2.0015 Y-0.3977 Z0.7409
X1.9298 Y-0.4497 Z0.4006
X1.9281 Y-0.451 Z0.4007
X1.9264 Y-0.4522 Z0.4014
X1.9249 Y-0.4533 Z0.4025
X1.9236 Y-0.4542 Z0.404
X1.9227 Y-0.4549 Z0.4058
X1.9221 Y-0.4554 Z0.4078
X1.9219 Y-0.4555 Z0.41
X1.922 Y-0.4558 Z0.4124
X1.9226 Y-0.4565 Z0.4146
X1.9235 Y-0.4577 Z0.4165
X1.9246 Y-0.4592 Z0.418
X1.9259 Y-0.4609 Z0.4189
X1.9273 Y-0.4628 Z0.4192
X1.9288 Y-0.4647 Z0.4189
X1.9301 Y-0.4665 Z0.418
X1.9312 Y-0.468 Z0.4165
X1.9321 Y-0.4692 Z0.4146
X1.9327 Y-0.4699 Z0.4124
X1.9328 Y-0.4702 Z0.41
X1.933 Y-0.47 Z0.4078
X1.9336 Y-0.4695 Z0.4057
X1.9346 Y-0.4687 Z0.4039
X1.9359 Y-0.4677 Z0.4024
X1.9374 Y-0.4665 Z0.4013
X1.9391 Y-0.4651 Z0.4007
X1.9408 Y-0.4637
X2.0096 Y-0.408 Z0.7409
X2.127 Y-0.3129 Z0.7411
X2.1287 Y-0.3116 Z0.7413
X2.1302 Y-0.3103 Z0.742
X2.1318 Y-0.3091 Z0.7427
X2.1334 Y-0.3077 Z0.743
X2.1335
X2.1345 Y-0.3072
X2.1356
X2.1367 Y-0.3076
X2.1374 Y-0.3085
X2.1376 Y-0.3096
X2.1374 Y-0.3107
X2.1367 Y-0.3116
X2.135 Y-0.3129 Z0.7427
X2.1335 Y-0.3142 Z0.742
X2.132 Y-0.3155 Z0.7413
X2.1304 Y-0.3169 Z0.7411
X2.018 Y-0.4181 Z0.741
X1.9524 Y-0.4772 Z0.4007
X1.9507 Y-0.4787
X1.9491 Y-0.4802 Z0.4013
X1.9477 Y-0.4814 Z0.4024
X1.9465 Y-0.4825 Z0.4039
X1.9455 Y-0.4834 Z0.4057
X1.945 Y-0.4839 Z0.4078
X1.9448 Y-0.4841 Z0.41
X1.945 Y-0.4843 Z0.4124
X1.9456 Y-0.4849 Z0.4146
X1.9466 Y-0.486 Z0.4165
X1.9479 Y-0.4874 Z0.4179
X1.9495 Y-0.4889 Z0.4189
X1.9511 Y-0.4907 Z0.4192
X1.9528 Y-0.4924 Z0.4189
X1.9543 Y-0.4939 Z0.4179
X1.9556 Y-0.4953 Z0.4165
X1.9566 Y-0.4964 Z0.4146
X1.9573 Y-0.497 Z0.4124
X1.9575 Y-0.4972 Z0.41
X1.9577 Y-0.4971 Z0.4078
X1.9582 Y-0.4965 Z0.4058
X1.959 Y-0.4957 Z0.404
X1.9601 Y-0.4946 Z0.4025
X1.9615 Y-0.4933 Z0.4014
X1.9629 Y-0.4918 Z0.4007
X1.9645 Y-0.4903 Z0.4006
X2.0272 Y-0.4275 Z0.741
X2.134 Y-0.3207 Z0.7411
X2.1355 Y-0.3192 Z0.7413
X2.1369 Y-0.3178 Z0.742
X2.1383 Y-0.3164 Z0.7427
X2.1398 Y-0.3149 Z0.743
X2.1399 Y-0.3148
X2.1409 Y-0.3142
X2.142 Y-0.3141
X2.143 Y-0.3144
X2.1438 Y-0.3152
X2.1442 Y-0.3163
X2.1441 Y-0.3174
X2.1435 Y-0.3183
X2.142 Y-0.3198 Z0.7427
X2.1406 Y-0.3212 Z0.742
X2.1392 Y-0.3227 Z0.7413
X2.1378 Y-0.3243 Z0.7411
X2.0366 Y-0.4367 Z0.741
X1.9775 Y-0.5024 Z0.4007
X1.976 Y-0.504
X1.9746 Y-0.5056 Z0.4013
X1.9733 Y-0.5071 Z0.4024
X1.9722 Y-0.5083 Z0.4039
X1.9714 Y-0.5092 Z0.4057
X1.9708 Y-0.5098 Z0.4078
X1.9707 Y-0.5099 Z0.41
X1.9709 Y-0.5101 Z0.4124
X1.9716 Y-0.5107 Z0.4146
X1.9727 Y-0.5117 Z0.4165
X1.9742 Y-0.5129 Z0.4179
X1.9759 Y-0.5143 Z0.4189
X1.9777 Y-0.5158 Z0.4192
X1.9795 Y-0.5173 Z0.4189
X1.9812 Y-0.5187 Z0.4179
X1.9827 Y-0.52 Z0.4165
X1.9838 Y-0.5209 Z0.4146
X1.9845 Y-0.5215 Z0.4124
X1.9847 Y-0.5217 Z0.41
X1.9849 Y-0.5215 Z0.4078
X1.9854 Y-0.5209 Z0.4058
X1.9861 Y-0.52 Z0.4039
X1.9871 Y-0.5187 Z0.4024
X1.9883 Y-0.5172 Z0.4014
X1.9896 Y-0.5156 Z0.4007
X1.991 Y-0.5139 Z0.4006
X2.0467 Y-0.4451 Z0.741
X2.1418 Y-0.3277 Z0.7411
X2.1431 Y-0.3261 Z0.7413
X2.1444 Y-0.3245 Z0.742
X2.1457 Y-0.3229 Z0.7427
X2.147 Y-0.3213 Z0.743
X2.1471 Y-0.3212
X2.1479 Y-0.3205
X2.149 Y-0.3203
X2.1501 Y-0.3205
X2.151 Y-0.3212
X2.1515 Y-0.3222
Y-0.3234
X2.151 Y-0.3244
X2.1496 Y-0.326 Z0.7427
X2.1484 Y-0.3276 Z0.742
X2.1472 Y-0.3292 Z0.7413
X2.1459 Y-0.3309 Z0.7411
X2.0571 Y-0.4532 Z0.741
X2.005 Y-0.5249 Z0.4006
X2.0037 Y-0.5266 Z0.4007
X2.0025 Y-0.5283 Z0.4014
X2.0014 Y-0.5298 Z0.4025
X2.0005 Y-0.5311 Z0.404
X1.9998 Y-0.5321 Z0.4058
X1.9994 Y-0.5327 Z0.4078
X1.9992 Y-0.5329 Z0.41
X1.9995 Y-0.533 Z0.4123
X2.0002 Y-0.5336 Z0.4145
X2.0014 Y-0.5344 Z0.4164
X2.003 Y-0.5354 Z0.4179
X2.0048 Y-0.5367 Z0.4188
X2.0068 Y-0.538 Z0.4191
X2.0087 Y-0.5393 Z0.4188
X2.0106 Y-0.5406 Z0.4179
X2.0121 Y-0.5416 Z0.4164
X2.0133 Y-0.5424 Z0.4145
X2.0141 Y-0.543 Z0.4123
X2.0144 Y-0.5431 Z0.41
X2.0145 Y-0.5429 Z0.4078
X2.0149 Y-0.5423 Z0.4058
X2.0156 Y-0.5413 Z0.404
X2.0164 Y-0.54 Z0.4025
X2.0174 Y-0.5384 Z0.4014
X2.0186 Y-0.5367 Z0.4007
X2.0197 Y-0.5348 Z0.4006
X2.068 Y-0.4606 Z0.741
X2.1503 Y-0.3339 Z0.7411
X2.1514 Y-0.3321 Z0.7413
X2.1525 Y-0.3304 Z0.742
X2.1536 Y-0.3287 Z0.7427
X2.1548 Y-0.3269 Z0.743
Y-0.3268
X2.1556 Y-0.3261
X2.1567 Y-0.3257
X2.1578 Y-0.3259
X2.1587 Y-0.3265
X2.1593 Y-0.3274
X2.1594 Y-0.3285
X2.159 Y-0.3296
X2.1579 Y-0.3314 Z0.7427
X2.1568 Y-0.333 Z0.742
X2.1558 Y-0.3348 Z0.7413
X2.1547 Y-0.3366 Z0.7411
X2.0792 Y-0.4675 Z0.7409
X2.0349 Y-0.5441 Z0.4006
X2.0338 Y-0.546 Z0.4007
X2.0328 Y-0.5478 Z0.4014
X2.0318 Y-0.5494 Z0.4025
X2.0311 Y-0.5508 Z0.4039
X2.0305 Y-0.5518 Z0.4058
X2.0301 Y-0.5525 Z0.4078
X2.03 Y-0.5527 Z0.41
X2.0302 Y-0.5529 Z0.4123
X2.031 Y-0.5533 Z0.4146
X2.0323 Y-0.554 Z0.4164
X2.034 Y-0.5549 Z0.4179
X2.0359 Y-0.556 Z0.4188
X2.038 Y-0.5571 Z0.4191
X2.0401 Y-0.5583 Z0.4188
X2.042 Y-0.5593 Z0.4179
X2.0436 Y-0.5602 Z0.4164
X2.0449 Y-0.5609 Z0.4146
X2.0457 Y-0.5614 Z0.4123
X2.046 Y-0.5615 Z0.41
X2.0461 Y-0.5613 Z0.4078
X2.0464 Y-0.5606 Z0.4058
X2.047 Y-0.5596 Z0.404
X2.0477 Y-0.5582 Z0.4025
X2.0485 Y-0.5565 Z0.4014
X2.0495 Y-0.5547 Z0.4007
X2.0505 Y-0.5528 Z0.4006
X2.0907 Y-0.4738 Z0.741
X2.1593 Y-0.3391 Z0.7411
X2.1603 Y-0.3372 Z0.7413
X2.1612 Y-0.3354 Z0.742
X2.1621 Y-0.3336 Z0.7427
X2.1631 Y-0.3318 Z0.743
Y-0.3316
X2.1638 Y-0.3308
X2.1649 Y-0.3303
X2.166
X2.167 Y-0.3309
X2.1676 Y-0.3317
X2.1679 Y-0.3328
X2.1676 Y-0.3339
X2.1666 Y-0.3358 Z0.7427
X2.1657 Y-0.3376 Z0.742
X2.1649 Y-0.3394 Z0.7413
X2.1641 Y-0.3414 Z0.7411
X2.1026 Y-0.4794 Z0.7409
X2.0666 Y-0.5603 Z0.4006
X2.0657 Y-0.5622 Z0.4009
X2.0649 Y-0.564 Z0.4016
X2.0642 Y-0.5656 Z0.4027
X2.0636 Y-0.567 Z0.4042
X2.0631 Y-0.568 Z0.4059
X2.0629 Y-0.5686 Z0.4079
X2.0628 Y-0.5688 Z0.41
X2.063 Y-0.5691 Z0.4125
X2.0636 Y-0.5697 Z0.4148
X2.0645 Y-0.5708 Z0.4168
X2.0657 Y-0.5722 Z0.4185
X2.0672 Y-0.5738 Z0.4196
X2.0688 Y-0.5756 Z0.4202
X2.0704 Y-0.5775
X2.072 Y-0.5793 Z0.4196
X2.0735 Y-0.5809 Z0.4185
X2.0747 Y-0.5823 Z0.4168
X2.0756 Y-0.5834 Z0.4148
X2.0762 Y-0.5841 Z0.4125
X2.0764 Y-0.5843 Z0.41
Z0.403
X2.0765 Y-0.584 Z0.4007
X2.0768 Y-0.5833 Z0.3986
X2.0772 Y-0.5821 Z0.3968
X2.0778 Y-0.5805 Z0.3953
X2.0786 Y-0.5787 Z0.3942
X2.0793 Y-0.5766 Z0.3937
X2.0801 Y-0.5745 Z0.3936
X2.0809 Y-0.5725 Z0.3942
X2.0816 Y-0.5706 Z0.3952
X2.0823 Y-0.569 Z0.3967
X2.0827 Y-0.5678 Z0.3985
X2.083 Y-0.5671 Z0.4006
X2.1147 Y-0.4845 Z0.741
X2.1689 Y-0.3434 Z0.7411
X2.1696 Y-0.3414 Z0.7413
X2.1704 Y-0.3395 Z0.742
X2.1711 Y-0.3376 Z0.7427
X2.1718 Y-0.3357 Z0.743
X2.1719 Y-0.3355
X2.1725 Y-0.3346
X2.1735 Y-0.334
X2.1746 Y-0.3339
X2.1756 Y-0.3344
X2.1764 Y-0.3352
X2.1767 Y-0.3362
X2.1766 Y-0.3373
X2.1758 Y-0.3393 Z0.7427
X2.1751 Y-0.3412 Z0.742
X2.1745 Y-0.3431 Z0.7413
X2.1738 Y-0.3451 Z0.7411
X2.1271 Y-0.4888 Z0.741
X2.0997 Y-0.5731 Z0.4007
X2.0995 Y-0.5738 Z0.3988
X2.0992 Y-0.5749 Z0.397
X2.0987 Y-0.5763 Z0.3956
X2.0982 Y-0.578 Z0.3945
X2.0976 Y-0.5798 Z0.3939
X2.0969 Y-0.5818 Z0.3937
X2.0968 Y-0.5822
X2.0966 Y-0.5834
X2.0965 Y-0.5846
X2.0966 Y-0.5858
X2.0968 Y-0.587
X2.0972 Y-0.5881
X2.0977 Y-0.5892
X2.0984 Y-0.5902
X2.0992 Y-0.5911
X2.1 Y-0.5918
X2.101 Y-0.5925 Z0.3936
X2.1021 Y-0.593
X2.1032 Y-0.5934
X2.1044 Y-0.5937
X2.1056
X2.1068
X2.108 Y-0.5934
X2.1091 Y-0.593
X2.1102 Y-0.5925
X2.1112 Y-0.5918
X2.1121 Y-0.5911
X2.1129 Y-0.5902
X2.1135 Y-0.5892
X2.1141 Y-0.5881
X2.1144 Y-0.587
X2.1145 Y-0.5868
X2.115 Y-0.5848 Z0.3939
X2.1155 Y-0.5829 Z0.3945
X2.116 Y-0.5813 Z0.3956
X2.1163 Y-0.5798 Z0.397
X2.1166 Y-0.5787 Z0.3987
X2.1168 Y-0.578 Z0.4007
X2.1397 Y-0.4927 Z0.741
X2.1788 Y-0.3466 Z0.7411
X2.1794 Y-0.3446 Z0.7413
X2.1799 Y-0.3426 Z0.742
X2.1804 Y-0.3407 Z0.7427
X2.181 Y-0.3386 Z0.743
Y-0.3385
X2.1815 Y-0.3375
X2.1824 Y-0.3369
X2.1835 Y-0.3366
X2.1846 Y-0.3369
X2.1855 Y-0.3377
X2.1859 Y-0.3387
Y-0.3398
X2.1853 Y-0.3418 Z0.7427
X2.1848 Y-0.3438 Z0.742
X2.1844 Y-0.3457 Z0.7413
X2.1839 Y-0.3478 Z0.7411
X2.1525 Y-0.4956 Z0.7409
X2.1341 Y-0.5822 Z0.4006
X2.134 Y-0.5829 Z0.3987
X2.1337 Y-0.584 Z0.397
X2.1334 Y-0.5855 Z0.3956
X2.1331 Y-0.5872 Z0.3945
X2.1327 Y-0.5891 Z0.3938
X2.1322 Y-0.5911 Z0.3936
X2.1321 Y-0.5916
Y-0.5917
G17 G3 X2.1397 Y-0.6021 I0.009 J-0.0014
X2.1502 Y-0.5946 I0.0014 J0.009
G1 X2.1505 Y-0.5925 Z0.3938
X2.1508 Y-0.5906 Z0.3945
X2.151 Y-0.5889 Z0.3956
X2.1513 Y-0.5874 Z0.397
X2.1515 Y-0.5863 Z0.3987
X2.1516 Y-0.5856 Z0.4006
X2.1654 Y-0.4981 Z0.741
X2.1891 Y-0.3488 Z0.7411
X2.1894 Y-0.3467 Z0.7413
X2.1897 Y-0.3447 Z0.742
X2.19 Y-0.3427 Z0.7427
X2.1904 Y-0.3406 Z0.743
Y-0.3405
X2.1908 Y-0.3395
X2.1916 Y-0.3387
X2.1927 Y-0.3384
X2.1938 Y-0.3386
X2.1947 Y-0.3392
X2.1953 Y-0.3402
Y-0.3413
X2.195 Y-0.3434 Z0.7427
X2.1947 Y-0.3454 Z0.742
X2.1945 Y-0.3474 Z0.7413
X2.1943 Y-0.3495 Z0.7411
X2.1785 Y-0.4997 Z0.7409
X2.1692 Y-0.5877 Z0.4007
Y-0.5885 Z0.3987
X2.169 Y-0.5896 Z0.397
X2.1689 Y-0.591 Z0.3956
X2.1687 Y-0.5928 Z0.3945
X2.1685 Y-0.5947 Z0.3939
X2.1683 Y-0.5968 Z0.3936
X2.1682 Y-0.5972
Y-0.5973
G3 X2.1865 Y-0.5982 I0.0091 J-0.0005
G1 X2.1866 Y-0.5962 Z0.3939
X2.1867 Y-0.5942 Z0.3945
X2.1868 Y-0.5925 Z0.3956
X2.1869 Y-0.591 Z0.397
Y-0.5899 Z0.3987
Y-0.5892 Z0.4007
X2.1916 Y-0.5009 Z0.7409
X2.1995 Y-0.3499 Z0.7411
X2.1996 Y-0.3478 Z0.7413
X2.1997 Y-0.3458 Z0.742
X2.1998 Y-0.3437 Z0.7427
X2.1999 Y-0.3416 Z0.743
Y-0.3415
X2.2002 Y-0.3404
X2.201 Y-0.3396
X2.202 Y-0.3392
X2.2031
X2.2041 Y-0.3397
X2.2047 Y-0.3407
X2.2049 Y-0.3418
X2.2048 Y-0.3439 Z0.7427
X2.2047 Y-0.3459 Z0.742
Y-0.3479 Z0.7413
Y-0.35 Z0.7411
Y-0.501 Z0.741
Y-0.5898 Z0.4006
G19 G2 Y-0.5988 Z0.3936 J-0.0091 K0.0024
G1 Y-0.5993
G17 G3 X2.2143 Y-0.608 I0.0091 J0.0005
X2.223 Y-0.5984 I-0.0005 J0.0091
G1 Y-0.5982
X2.2229 Y-0.5961 Z0.3938
X2.2228 Y-0.5942 Z0.3945
X2.2227 Y-0.5925 Z0.3956
X2.2226 Y-0.591 Z0.397
X2.2225 Y-0.5899 Z0.3987
Y-0.5891 Z0.4006
Z0.4007
X2.2179 Y-0.5009 Z0.7409
X2.21 Y-0.3499 Z0.7411
X2.2098 Y-0.3478 Z0.7413
X2.2097 Y-0.3458 Z0.742
X2.2096 Y-0.3437 Z0.7427
X2.2095 Y-0.3416 Z0.743
Y-0.3415
X2.2097 Y-0.3404
X2.2104 Y-0.3395
X2.2113 Y-0.339
X2.2125 Y-0.3389
X2.2135 Y-0.3393
X2.2142 Y-0.3402
X2.2145 Y-0.3412
X2.2146 Y-0.3434 Z0.7427
X2.2147 Y-0.3454 Z0.742
X2.215 Y-0.3474 Z0.7413
X2.2152 Y-0.3495 Z0.7411
X2.231 Y-0.4997 Z0.7409
X2.2402 Y-0.5878 Z0.4006
X2.2403 Y-0.5885 Z0.3987
X2.2404 Y-0.5897 Z0.397
X2.2406 Y-0.5911 Z0.3956
X2.2408 Y-0.5929 Z0.3945
X2.241 Y-0.5948 Z0.3938
X2.2412 Y-0.5968 Z0.3936
Y-0.5973
X2.2413 Y-0.5974
G3 X2.2593 Y-0.5945 I0.009 J0.0014
G1 X2.259 Y-0.5925 Z0.3938
X2.2587 Y-0.5906 Z0.3945
X2.2584 Y-0.5889 Z0.3956
X2.2582 Y-0.5874 Z0.397
X2.258 Y-0.5863 Z0.3987
X2.2579 Y-0.5856 Z0.4006
Y-0.5855 Z0.4007
X2.244 Y-0.4981 Z0.741
X2.2204 Y-0.3488 Z0.7411
X2.22 Y-0.3467 Z0.7413
X2.2197 Y-0.3447 Z0.742
X2.2194 Y-0.3427 Z0.7427
X2.2191 Y-0.3406 Z0.743
Y-0.3405
Y-0.3394
X2.2197 Y-0.3384
X2.2206 Y-0.3378
X2.2217 Y-0.3376
X2.2228 Y-0.3379
X2.2236 Y-0.3387
X2.224 Y-0.3397
X2.2243 Y-0.3418 Z0.7427
X2.2247 Y-0.3438 Z0.742
X2.2251 Y-0.3457 Z0.7413
X2.2255 Y-0.3478 Z0.7411
X2.2569 Y-0.4956 Z0.7409
X2.2753 Y-0.5822 Z0.4006
X2.2755 Y-0.5829 Z0.3987
X2.2757 Y-0.584 Z0.397
X2.276 Y-0.5854 Z0.3956
X2.2764 Y-0.5871 Z0.3945
X2.2768 Y-0.589 Z0.3938
X2.2772 Y-0.591 Z0.3936
X2.2773 Y-0.5915
X2.2774 Y-0.5916
X2.2777 Y-0.5927
X2.2783 Y-0.5938
X2.2789 Y-0.5948
X2.2797 Y-0.5957
X2.2806 Y-0.5965
X2.2816 Y-0.5971
X2.2827 Y-0.5977
X2.2838 Y-0.5981
X2.285 Y-0.5983
X2.2862 Y-0.5984
X2.2874 Y-0.5983
X2.2885 Y-0.5981
X2.2897 Y-0.5977
X2.2907 Y-0.5971
X2.2917 Y-0.5965
X2.2926 Y-0.5957
X2.2934 Y-0.5948
X2.2941 Y-0.5938
X2.2946 Y-0.5927
X2.295 Y-0.5916
X2.2952 Y-0.5904
X2.2953 Y-0.5892
X2.2952 Y-0.588
X2.295 Y-0.5869
X2.2945 Y-0.5849 Z0.3939
X2.294 Y-0.583 Z0.3945
X2.2935 Y-0.5813 Z0.3956
X2.2931 Y-0.5799 Z0.397
X2.2928 Y-0.5788 Z0.3987
X2.2926 Y-0.5781 Z0.4006
X2.2697 Y-0.4927 Z0.741
X2.2306 Y-0.3466 Z0.7411
X2.2301 Y-0.3446 Z0.7413
X2.2295 Y-0.3426 Z0.742
X2.229 Y-0.3407 Z0.7427
X2.2285 Y-0.3386 Z0.743
X2.2284 Y-0.3385
Y-0.3374
X2.2288 Y-0.3364
X2.2297 Y-0.3356
X2.2308 Y-0.3353
X2.2319 Y-0.3355
X2.2328 Y-0.3362
X2.2333 Y-0.3372
X2.2338 Y-0.3392 Z0.7427
X2.2344 Y-0.3412 Z0.742
X2.235 Y-0.3431 Z0.7413
X2.2356 Y-0.3451 Z0.7411
X2.2823 Y-0.4888 Z0.741
X2.3097 Y-0.5731 Z0.4006
X2.3099 Y-0.5738 Z0.3987
X2.3103 Y-0.5749 Z0.397
X2.3107 Y-0.5763 Z0.3955
X2.3113 Y-0.5779 Z0.3945
X2.3119 Y-0.5798 Z0.3938
X2.3125 Y-0.5817 Z0.3936
X2.3127 Y-0.5822
G3 X2.3297 Y-0.5756 I0.0085 J0.0033
G1 Y-0.5755
X2.3289 Y-0.5736 Z0.3938
X2.3282 Y-0.5718 Z0.3945
X2.3276 Y-0.5701 Z0.3955
X2.3271 Y-0.5688 Z0.397
X2.3267 Y-0.5677 Z0.3987
X2.3264 Y-0.567 Z0.4006
Z0.4007
X2.2947 Y-0.4845 Z0.741
X2.2406 Y-0.3434 Z0.7411
X2.2398 Y-0.3414 Z0.7413
X2.2391 Y-0.3395 Z0.742
X2.2384 Y-0.3376 Z0.7427
X2.2376 Y-0.3357 Z0.743
Y-0.3355
X2.2374 Y-0.3344
X2.2377 Y-0.3334
X2.2385 Y-0.3326
X2.2395 Y-0.3322
X2.2407
X2.2416 Y-0.3328
X2.2422 Y-0.3337
X2.243 Y-0.3357 Z0.7427
X2.2437 Y-0.3376 Z0.742
X2.2445 Y-0.3394 Z0.7413
X2.2454 Y-0.3414 Z0.7411
X2.3069 Y-0.4794 Z0.7409
X2.3429 Y-0.5603 Z0.4007
X2.3432 Y-0.561 Z0.3987
X2.3437 Y-0.562 Z0.397
X2.3443 Y-0.5634 Z0.3956
X2.345 Y-0.565 Z0.3945
X2.3458 Y-0.5668 Z0.3939
X2.3466 Y-0.5686 Z0.3936
X2.3468 Y-0.5691
G3 X2.3631 Y-0.5608 I0.0081 J0.0041
G1 Y-0.5607
X2.3621 Y-0.5589 Z0.3939
X2.3612 Y-0.5572 Z0.3945
X2.3604 Y-0.5556 Z0.3956
X2.3598 Y-0.5543 Z0.397
X2.3593 Y-0.5533 Z0.3987
X2.3589 Y-0.5526 Z0.4007
X2.3187 Y-0.4738 Z0.741
X2.2501 Y-0.3391 Z0.7411
X2.2492 Y-0.3372 Z0.7413
X2.2483 Y-0.3354 Z0.742
X2.2473 Y-0.3336 Z0.7427
X2.2464 Y-0.3318 Z0.743
X2.2463 Y-0.3316
X2.246 Y-0.3306
X2.2463 Y-0.3295
X2.2469 Y-0.3286
X2.2479 Y-0.3281
X2.2491 Y-0.328
X2.2501 Y-0.3285
X2.2508 Y-0.3294
X2.2518 Y-0.3312 Z0.7427
X2.2527 Y-0.333 Z0.742
X2.2537 Y-0.3348 Z0.7413
X2.2547 Y-0.3366 Z0.7411
X2.3303 Y-0.4675 Z0.7409
X2.3745 Y-0.5441 Z0.4007
Z0.4006
X2.3749 Y-0.5447 Z0.3987
X2.3754 Y-0.5457 Z0.397
X2.3762 Y-0.547 Z0.3956
X2.3771 Y-0.5485 Z0.3945
X2.378 Y-0.5502 Z0.3938
X2.3791 Y-0.5519 Z0.3936
X2.3793 Y-0.5524
X2.3794 Y-0.5525
G3 X2.3947 Y-0.5425 I0.0077 J0.005
G1 X2.3936 Y-0.5408 Z0.3938
X2.3925 Y-0.5392 Z0.3945
X2.3916 Y-0.5377 Z0.3956
X2.3908 Y-0.5365 Z0.397
X2.3902 Y-0.5356 Z0.3987
X2.3898 Y-0.5349 Z0.4006
X2.3415 Y-0.4606 Z0.741
X2.2592 Y-0.3339 Z0.7411
X2.258 Y-0.3321 Z0.7413
X2.2569 Y-0.3304 Z0.742
X2.2558 Y-0.3287 Z0.7427
X2.2547 Y-0.3269 Z0.743
X2.2546 Y-0.3268
X2.2542 Y-0.3258
X2.2543 Y-0.3247
X2.2549 Y-0.3237
X2.2559 Y-0.3231
X2.257 Y-0.323
X2.258 Y-0.3233
X2.2588 Y-0.3241
X2.26 Y-0.3259 Z0.7427
X2.2611 Y-0.3276 Z0.742
X2.2623 Y-0.3292 Z0.7413
X2.2635 Y-0.3309 Z0.7411
X2.3523 Y-0.4532 Z0.741
X2.4044 Y-0.5248 Z0.4006
X2.4048 Y-0.5254 Z0.3987
X2.4055 Y-0.5263 Z0.397
X2.4063 Y-0.5275 Z0.3956
X2.4074 Y-0.5289 Z0.3945
X2.4085 Y-0.5305 Z0.3938
X2.4097 Y-0.5321 Z0.3936
X2.41 Y-0.5325
X2.4108 Y-0.5334
X2.4117 Y-0.5342
X2.4127 Y-0.5348
X2.4138 Y-0.5353
X2.415 Y-0.5356
X2.4161 Y-0.5359
X2.4173
X2.4185 Y-0.5358
X2.4197 Y-0.5355
X2.4208 Y-0.5351
X2.4219 Y-0.5346
X2.4228 Y-0.5339
X2.4237 Y-0.5331
X2.4245 Y-0.5321
X2.4251 Y-0.5311
X2.4256 Y-0.53
X2.426 Y-0.5289
X2.4262 Y-0.5277
Y-0.5265
X2.4261 Y-0.5253
X2.4259 Y-0.5242
X2.4254 Y-0.5231
X2.4249 Y-0.522
X2.4242 Y-0.521
X2.4241
X2.4229 Y-0.5194 Z0.3939
X2.4216 Y-0.5179 Z0.3945
X2.4205 Y-0.5165 Z0.3956
X2.4196 Y-0.5154 Z0.397
X2.4189 Y-0.5145 Z0.3987
X2.4184 Y-0.5139 Z0.4006
X2.3627 Y-0.4451 Z0.741
X2.2677 Y-0.3277 Z0.7411
X2.2663 Y-0.3261 Z0.7413
X2.2651 Y-0.3245 Z0.742
X2.2638 Y-0.3229 Z0.7427
X2.2625 Y-0.3213 Z0.743
X2.2624 Y-0.3212
X2.2619 Y-0.3202
Y-0.3191
X2.2624 Y-0.3181
X2.2632 Y-0.3174
X2.2643 Y-0.3171
X2.2654 Y-0.3174
X2.2663 Y-0.318
X2.2676 Y-0.3197 Z0.7427
X2.2689 Y-0.3212 Z0.742
X2.2702 Y-0.3227 Z0.7413
X2.2716 Y-0.3243 Z0.7411
X2.3728 Y-0.4367 Z0.741
X2.4321 Y-0.5025 Z0.4006
X2.4326 Y-0.503 Z0.3987
X2.4333 Y-0.5039 Z0.397
X2.4343 Y-0.505 Z0.3956
X2.4355 Y-0.5063 Z0.3945
X2.4368 Y-0.5077 Z0.3938
X2.4381 Y-0.5092 Z0.3936
X2.4385 Y-0.5096
G3 X2.4514 I0.0065 J0.0065
Y-0.4967 I-0.0065 J0.0065
G1 X2.4513 Y-0.4966
X2.4499 Y-0.4951 Z0.3938
X2.4485 Y-0.4938 Z0.3945
X2.4472 Y-0.4925 Z0.3956
X2.4462 Y-0.4915 Z0.397
X2.4454 Y-0.4907 Z0.3987
X2.4449 Y-0.4902 Z0.4006
X2.3823 Y-0.4275 Z0.741
X2.2754 Y-0.3207 Z0.7411
X2.2739 Y-0.3192 Z0.7413
X2.2725 Y-0.3178 Z0.742
X2.2711 Y-0.3164 Z0.7427
X2.2696 Y-0.3149 Z0.743
X2.2695 Y-0.3148
X2.2689 Y-0.3138
X2.2688 Y-0.3127
X2.2692 Y-0.3117
X2.2699 Y-0.3109
X2.271 Y-0.3105
X2.2721 Y-0.3106
X2.2731 Y-0.3112
X2.2746 Y-0.3127 Z0.7427
X2.276 Y-0.3142 Z0.742
X2.2775 Y-0.3155 Z0.7413
X2.279 Y-0.3169 Z0.7411
X2.3914 Y-0.4181 Z0.741
X2.4571 Y-0.4772 Z0.4007
Z0.4006
X2.4576 Y-0.4777 Z0.3987
X2.4585 Y-0.4785 Z0.397
X2.4596 Y-0.4795 Z0.3955
X2.4609 Y-0.4806 Z0.3945
X2.4623 Y-0.4819 Z0.3938
X2.4638 Y-0.4833 Z0.3936
X2.4642 Y-0.4836
X2.4643 Y-0.4837
G3 X2.4758 Y-0.4695 I0.0057 J0.0071
G1 X2.4743 Y-0.4683 Z0.3938
X2.4727 Y-0.467 Z0.3945
X2.4714 Y-0.4659 Z0.3956
X2.4702 Y-0.465 Z0.397
X2.4694 Y-0.4643 Z0.3987
X2.4688 Y-0.4638 Z0.4006
X2.3998 Y-0.408 Z0.7409
X2.2824 Y-0.3129 Z0.7411
X2.2808 Y-0.3116 Z0.7413
X2.2792 Y-0.3103 Z0.742
X2.2777 Y-0.3091 Z0.7427
X2.276 Y-0.3077 Z0.743
X2.2759
X2.2752 Y-0.3068
X2.275 Y-0.3057
X2.2753 Y-0.3046
X2.276 Y-0.3037
X2.277 Y-0.3033
X2.2781
X2.2791 Y-0.3038
X2.2807 Y-0.3051 Z0.7427
X2.2823 Y-0.3064 Z0.742
X2.2839 Y-0.3075 Z0.7413
X2.2856 Y-0.3088 Z0.7411
X2.408 Y-0.3977 Z0.7409
X2.4795 Y-0.4496 Z0.4007
X2.4801 Y-0.45 Z0.3987
X2.481 Y-0.4507 Z0.397
X2.4822 Y-0.4516 Z0.3956
X2.4836 Y-0.4526 Z0.3945
X2.4852 Y-0.4537 Z0.3939
X2.4868 Y-0.4549 Z0.3936
X2.4872 Y-0.4552
G3 X2.4972 Y-0.4399 I0.005 J0.0077
G1 X2.4954 Y-0.4388 Z0.3939
X2.4938 Y-0.4377 Z0.3945
X2.4923 Y-0.4368 Z0.3956
X2.4911 Y-0.436 Z0.397
X2.4902 Y-0.4354 Z0.3987
X2.4895 Y-0.435 Z0.4007
X2.4153 Y-0.3867 Z0.7409
X2.2886 Y-0.3045 Z0.7411
X2.2868 Y-0.3033 Z0.7413
X2.2851 Y-0.3022 Z0.742
X2.2835 Y-0.3011 Z0.7427
X2.2817 Y-0.3 Z0.743
X2.2816 Y-0.2999
X2.2808 Y-0.2991
X2.2804 Y-0.298
X2.2806 Y-0.2969
X2.2812 Y-0.296
X2.2821 Y-0.2954
X2.2833 Y-0.2953
X2.2843 Y-0.2957
X2.2861 Y-0.2968 Z0.7427
X2.2878 Y-0.2979 Z0.742
X2.2895 Y-0.2989 Z0.7413
X2.2913 Y-0.3 Z0.7411
X2.4223 Y-0.3756 Z0.7409
X2.499 Y-0.4199 Z0.4006
X2.4996 Y-0.4203 Z0.3987
X2.5006 Y-0.4208 Z0.397
X2.5019 Y-0.4216 Z0.3956
X2.5034 Y-0.4224 Z0.3945
X2.5051 Y-0.4234 Z0.3939
X2.5068 Y-0.4244 Z0.3936
X2.5073 Y-0.4247
X2.5084 Y-0.4251
X2.5095 Y-0.4255
X2.5107 Y-0.4256
X2.5119
X2.5131 Y-0.4255
X2.5142 Y-0.4252
X2.5153 Y-0.4248
X2.5164 Y-0.4242
X2.5173 Y-0.4235
X2.5182 Y-0.4226
X2.5189 Y-0.4217
X2.5196 Y-0.4207
X2.52 Y-0.4196
X2.5203 Y-0.4184
X2.5205 Y-0.4172
Y-0.416
X2.5204 Y-0.4149
X2.5201 Y-0.4137
X2.5197 Y-0.4126
X2.5191 Y-0.4115
X2.5184 Y-0.4106
X2.5175 Y-0.4097
X2.5166 Y-0.409
X2.5156 Y-0.4084
X2.5154 Y-0.4083
X2.5136 Y-0.4074 Z0.3938
X2.5118 Y-0.4065 Z0.3945
X2.5103 Y-0.4057 Z0.3956
X2.509 Y-0.405 Z0.397
X2.508 Y-0.4045 Z0.3987
X2.5073 Y-0.4042 Z0.4006
X2.4284 Y-0.364 Z0.7409
X2.2938 Y-0.2954 Z0.7411
X2.2919 Y-0.2944 Z0.7413
X2.2902 Y-0.2935 Z0.742
X2.2884 Y-0.2926 Z0.7427
X2.2865 Y-0.2917 Z0.743
X2.2864 Y-0.2916
X2.2855 Y-0.2909
X2.285 Y-0.2899
X2.2851 Y-0.2887
X2.2856 Y-0.2878
X2.2865 Y-0.2871
X2.2876 Y-0.2869
X2.2886 Y-0.2871
X2.2905 Y-0.2881 Z0.7427
X2.2923 Y-0.289 Z0.742
X2.2941 Y-0.2898 Z0.7413
X2.2961 Y-0.2907 Z0.7411
X2.4343 Y-0.3522 Z0.7409
X2.515 Y-0.3881 Z0.4006
X2.5157 Y-0.3884 Z0.3987
X2.5167 Y-0.3889 Z0.397
X2.5181 Y-0.3895 Z0.3955
X2.5197 Y-0.3902 Z0.3945
X2.5214 Y-0.391 Z0.3938
X2.5233 Y-0.3918 Z0.3936
X2.5237 Y-0.392
X2.5238 Y-0.3921
X2.525 Y-0.3924
X2.5262 Y-0.3926
X2.5273 Y-0.3927
X2.5285 Y-0.3926
X2.5297 Y-0.3923
X2.5308 Y-0.3919
X2.5319 Y-0.3913
X2.5329 Y-0.3906
X2.5337 Y-0.3898
X2.5345 Y-0.3889
X2.5351 Y-0.3879
X2.5356 Y-0.3868
X2.536 Y-0.3857
X2.5362 Y-0.3845
Y-0.3833
X2.5361 Y-0.3821
X2.5359 Y-0.3809 Z0.3937
X2.5355 Y-0.3798
X2.5349 Y-0.3788
X2.5342 Y-0.3778
X2.5334 Y-0.3769
X2.5325 Y-0.3761
X2.5315 Y-0.3755
X2.5304 Y-0.375
X2.5285 Y-0.3743 Z0.3939
X2.5267 Y-0.3736 Z0.3946
X2.525 Y-0.373 Z0.3956
X2.5237 Y-0.3724 Z0.397
X2.5226 Y-0.372 Z0.3988
X2.5219 Y-0.3718 Z0.4007
X2.4391 Y-0.34 Z0.7409
X2.2981 Y-0.2858 Z0.7411
X2.2961 Y-0.2851 Z0.7413
X2.2942 Y-0.2844 Z0.742
X2.2924 Y-0.2836 Z0.7427
X2.2904 Y-0.2829 Z0.743
X2.2903 Y-0.2828
X2.2893 Y-0.2822
X2.2888 Y-0.2812
X2.2887 Y-0.2801
X2.2891 Y-0.2791
X2.2899 Y-0.2783
X2.291 Y-0.278
X2.2921 Y-0.2781
X2.294 Y-0.2789 Z0.7427
X2.2959 Y-0.2796 Z0.742
X2.2978 Y-0.2802 Z0.7413
X2.2998 Y-0.2809 Z0.7411
X2.4437 Y-0.3276 Z0.741
X2.5277 Y-0.3549 Z0.4006
X2.5284 Y-0.3552 Z0.3987
X2.5295 Y-0.3555 Z0.397
X2.5309 Y-0.356 Z0.3955
X2.5325 Y-0.3565 Z0.3945
X2.5344 Y-0.3571 Z0.3938
X2.5363 Y-0.3577 Z0.3936
X2.5368 Y-0.3579
X2.538 Y-0.3581
X2.5392 Y-0.3582
X2.5404 Y-0.3581
X2.5416 Y-0.3579
X2.5427 Y-0.3575
X2.5438 Y-0.357
X2.5448 Y-0.3563
X2.5457 Y-0.3555
X2.5464 Y-0.3546
X2.5471 Y-0.3536
X2.5476 Y-0.3526
X2.548 Y-0.3514
X2.5483 Y-0.3503
Y-0.3491
Y-0.3479
X2.548 Y-0.3467
X2.5476 Y-0.3456
X2.5471 Y-0.3445
X2.5464 Y-0.3435
X2.5457 Y-0.3426
X2.5448 Y-0.3418
X2.5438 Y-0.3412
X2.5427 Y-0.3406
X2.5416 Y-0.3403
X2.5396 Y-0.3397 Z0.3939
X2.5377 Y-0.3392 Z0.3945
X2.536 Y-0.3388 Z0.3956
X2.5346 Y-0.3384 Z0.397
X2.5335 Y-0.3381 Z0.3987
X2.5328 Y-0.3379 Z0.4006
X2.4472 Y-0.315 Z0.741
X2.3013 Y-0.2759 Z0.7411
X2.2993 Y-0.2753 Z0.7413
X2.2973 Y-0.2748 Z0.742
X2.2954 Y-0.2743 Z0.7427
X2.2934 Y-0.2737 Z0.743
X2.2932
X2.2922 Y-0.2732
X2.2916 Y-0.2723
X2.2914 Y-0.2712
X2.2917 Y-0.2701
X2.2924 Y-0.2693
X2.2934 Y-0.2688
X2.2945 Y-0.2689
X2.2966 Y-0.2694 Z0.7427
X2.2985 Y-0.2699 Z0.742
X2.3005 Y-0.2704 Z0.7413
X2.3025 Y-0.2708 Z0.7411
X2.4504 Y-0.3022 Z0.741
X2.537 Y-0.3206 Z0.4006
X2.5378 Y-0.3208 Z0.3987
X2.5389 Y-0.321 Z0.397
X2.5403 Y-0.3213 Z0.3956
X2.542 Y-0.3217 Z0.3945
X2.5439 Y-0.3221 Z0.3938
X2.5459 Y-0.3225 Z0.3936
X2.5464 Y-0.3226
G3 X2.5569 Y-0.315 I0.0014 J0.009
X2.5493 Y-0.3046 I-0.009 J0.0014
G1 X2.5491 Y-0.3045
X2.5471 Y-0.3042 Z0.3938
X2.5452 Y-0.3039 Z0.3945
X2.5434 Y-0.3036 Z0.3956
X2.542 Y-0.3034 Z0.397
X2.5409 Y-0.3032 Z0.3987
X2.5401 Y-0.3031 Z0.4006
X2.4527 Y-0.2893 Z0.741
X2.3035 Y-0.2656 Z0.7411
X2.3014 Y-0.2653 Z0.7413
X2.2994 Y-0.265 Z0.742
X2.2974 Y-0.2647 Z0.7427
X2.2953 Y-0.2644 Z0.743
X2.2952 Y-0.2643
X2.2942 Y-0.2639
X2.2934 Y-0.2631
X2.2931 Y-0.262
X2.2933 Y-0.2609
X2.2939 Y-0.26
X2.2949 Y-0.2595
X2.296 Y-0.2594
X2.2981 Y-0.2597 Z0.7427
X2.3001 Y-0.26 Z0.742
X2.3021 Y-0.2602 Z0.7413
X2.3042 Y-0.2605 Z0.7411
X2.4545 Y-0.2763 Z0.741
X2.5426 Y-0.2855 Z0.4006
X2.5433 Y-0.2856 Z0.3987
X2.5444 Y-0.2857 Z0.397
X2.5459 Y-0.2859 Z0.3956
X2.5476 Y-0.286 Z0.3945
X2.5495 Y-0.2862 Z0.3938
X2.5516 Y-0.2865 Z0.3936
X2.5521
G3 X2.5617 Y-0.2779 I0.0005 J0.0091
X2.553 Y-0.2683 I-0.0091 J0.0005
G1 X2.551 Y-0.2681 Z0.3938
X2.5491 Y-0.268 Z0.3945
X2.5473 Z0.3956
X2.5458 Y-0.2679 Z0.397
X2.5447 Y-0.2678 Z0.3987
X2.544 Z0.4006
Z0.4007
X2.4555 Y-0.2631 Z0.741
X2.3046 Y-0.2552 Z0.7411
X2.3013 Y-0.2551 Z0.7413
X2.2982 Y-0.2549 Z0.7422
X2.2952 Y-0.2547 Z0.7436
X2.2926 Y-0.2546 Z0.7454
X2.2902 Y-0.2545 Z0.7478
X2.2884 Y-0.2544 Z0.7504
X2.287 Y-0.2543 Z0.7534
X2.2862 Z0.7565
X2.2859 Z0.7598
G0 Z1.36
M5
G53 G0 Z-0.6
(2D CHAMFER1)
M9
M1
T12 M6
T51
S7500 M3
G17 G90 G94
G54
M8
G0 X2.2133 Y-0.25
G43 Z1.36 H12
G0 Z0.96
G1 Z0.6506 F80.
X2.2369 F10.
G3 X2.1725 I-0.0322 J0.
X2.2369 I0.0322 J0.
G1 X2.2133
G0 Z1.36
(2D CONTOUR2)
G0 X2.2283 Y-0.5183
Z1.36
Z0.96
G1 Z0.7994 F80.
Z0.7142
G19 G3 Y-0.4947 Z0.6906 J0.0236 K0. F40.
G1 Y-0.4711
G17 G3 X2.2047 Y-0.4475 I-0.0236 J0.
G2 Y-0.0525 I0. J0.1975
Y-0.4475 I0. J-0.1975
Y-0.0525 I0. J0.1975
Y-0.4475 I0. J-0.1975
G3 X2.1811 Y-0.4711 I0. J-0.0236
G1 Y-0.4947
G19 G2 Y-0.5183 Z0.7142 J0. K0.0236
G0 Z1.36
G17
(2D CHAMFER2)
G0 X1.3851 Y-0.25
Z1.36
Z0.96
G1 Z0.29 F80.
X1.4088 F40.
G3 X1.3078 I-0.0505 J0.
X1.4088 I0.0505 J0.
G1 X1.3851
G0 Z0.96
X1.7198
G1 Z0.29 F80.
X1.7434 F40.
G3 X1.6424 I-0.0505 J0.
X1.7434 I0.0505 J0.
G1 X1.7198
G0 Z0.96
X1.9817 Y-0.5614
G1 Z0.29 F80.
X1.9836 Y-0.5379 F40.
G3 X1.9587 Y-0.5369 I-0.0249 J-0.3027
G1 X0.1673
G2 X-0.0408 Y-0.3287 I0. J0.2081
G1 Y-0.1713
G2 X0.1673 Y0.0369 I0.2081 J0.
G1 X1.9587
G3 X1.9836 Y0.0379 I0. J0.3037
G1 X1.9817 Y0.0614
G0 Z0.96
X1.0505 Y-0.25
G1 Z0.29 F80.
X1.0741 F40.
G3 X0.9731 I-0.0505 J0.
X1.0741 I0.0505 J0.
G1 X1.0505
G0 Z0.96
X0.7144 Y-0.2413
G1 Z0.29 F80.
X0.7367 Y-0.2336 F40.
G3 X0.6412 Y-0.2664 I-0.0478 J-0.0164
X0.7367 Y-0.2336 I0.0478 J0.0164
G1 X0.7144 Y-0.2413
G0 Z0.96
X0.3812 Y-0.25
G1 Z0.29 F80.
X0.4048 F40.
G3 X0.3038 I-0.0505 J0.
X0.4048 I0.0505 J0.
G1 X0.3812
G0 Z1.36
G53 G0 Z-0.6
(2D CHAMFER1)
G55
G0 X2.2133 Y-0.25
G43 Z1.36 H12
G0 Z0.96
G1 Z0.6506 F80.
X2.2369 F10.
G3 X2.1725 I-0.0322 J0.
X2.2369 I0.0322 J0.
G1 X2.2133
G0 Z1.36
(2D CONTOUR2)
G0 X2.2283 Y-0.5183
Z1.36
Z0.96
G1 Z0.7994 F80.
Z0.7142
G19 G3 Y-0.4947 Z0.6906 J0.0236 K0. F40.
G1 Y-0.4711
G17 G3 X2.2047 Y-0.4475 I-0.0236 J0.
G2 Y-0.0525 I0. J0.1975
Y-0.4475 I0. J-0.1975
Y-0.0525 I0. J0.1975
Y-0.4475 I0. J-0.1975
G3 X2.1811 Y-0.4711 I0. J-0.0236
G1 Y-0.4947
G19 G2 Y-0.5183 Z0.7142 J0. K0.0236
G0 Z1.36
G17
(2D CHAMFER2)
G0 X1.3851 Y-0.25
Z1.36
Z0.96
G1 Z0.29 F80.
X1.4088 F40.
G3 X1.3078 I-0.0505 J0.
X1.4088 I0.0505 J0.
G1 X1.3851
G0 Z0.96
X1.7198
G1 Z0.29 F80.
X1.7434 F40.
G3 X1.6424 I-0.0505 J0.
X1.7434 I0.0505 J0.
G1 X1.7198
G0 Z0.96
X1.9817 Y-0.5614
G1 Z0.29 F80.
X1.9836 Y-0.5379 F40.
G3 X1.9587 Y-0.5369 I-0.0249 J-0.3027
G1 X0.1673
G2 X-0.0408 Y-0.3287 I0. J0.2081
G1 Y-0.1713
G2 X0.1673 Y0.0369 I0.2081 J0.
G1 X1.9587
G3 X1.9836 Y0.0379 I0. J0.3037
G1 X1.9817 Y0.0614
G0 Z0.96
X1.0505 Y-0.25
G1 Z0.29 F80.
X1.0741 F40.
G3 X0.9731 I-0.0505 J0.
X1.0741 I0.0505 J0.
G1 X1.0505
G0 Z0.96
X0.7144 Y-0.2413
G1 Z0.29 F80.
X0.7367 Y-0.2336 F40.
G3 X0.6412 Y-0.2664 I-0.0478 J-0.0164
X0.7367 Y-0.2336 I0.0478 J0.0164
G1 X0.7144 Y-0.2413
G0 Z0.96
X0.3812 Y-0.25
G1 Z0.29 F80.
X0.4048 F40.
G3 X0.3038 I-0.0505 J0.
X0.4048 I0.0505 J0.
G1 X0.3812
G0 Z1.36
M5
M9
G53 G0 Z-0.6
M30
%
