%
(BASH GUARD OP1, 4X4)
(T12 D=0.2362 CR=0. TAPER=45DEG - ZMIN=0.2684 - CHAMFER MILL)
(T35 D=0.375 CR=0. - ZMIN=0.1516 - FLAT END MILL)
(T51 D=0.201 CR=0. TAPER=118DEG - ZMIN=0.3334 - DRILL)
(T101 D=0.1 CR=0. TAPER=135DEG - ZMIN=0.0909 - DRILL)
(T102 D=0.2 CR=0. TAPER=135DEG - ZMIN=-0.0898 - DRILL)
G90 G94 G17 G91.1
G20
G53 G0 Z0.
(ADAPTIVE1)
T35 M6
T51
S7500 M3
G17 G90 G94
G54
G64 P0.0004 Q0.0004
M8
G0 X4.3848 Y0.192
G43 Z1.1 H35
G0 Z0.2266
G1 Z0.1891 F50.
X4.3845 Y0.1919 Z0.1846
X4.3838 Y0.1916 Z0.1801
X4.3825 Y0.1912 Z0.1758
X4.3807 Y0.1907 Z0.1716
X4.3785 Y0.19 Z0.1678
X4.3758 Y0.1891 Z0.1642
X4.3727 Y0.1882 Z0.161
X4.3693 Y0.1871 Z0.1582
X4.3656 Y0.186 Z0.1559
X4.3617 Y0.1847 Z0.154
X4.3576 Y0.1834 Z0.1527
X4.3533 Y0.1821 Z0.1518
X4.349 Y0.1807 Z0.1516
G3 X4.16 Y0.0982 I0.2865 J-0.9135
G1 X4.1596 Y0.0979
G3 X4.1406 Y0.0628 I0.1915 J-0.1263
X4.1244 Y0.0188 I0.3296 J-0.1465
X4.1096 Y-0.0415 I0.5536 J-0.1683
X4.0987 Y-0.1095 I0.9111 J-0.1797
X4.0892 Y-0.2116 I1.6486 J-0.2052
X4.0838 Y-0.3237 I3.0864 J-0.2051
X4.0804 Y-0.4924 I7.4014 J-0.2363
X4.0789 Y-0.7175 I22.5989 J-0.2555
G1 X4.0788 Y-0.7456
Y-0.7737
X4.0787 Y-0.8019
X4.0786 Y-0.844
Y-0.8862
Y-0.9284
X4.0785 Y-0.9847
Y-1.055
Y-1.1394
X4.0784 Y-1.266
Y-1.477
Y-1.8709
Y-1.8849
G2 X4.0839 Y-2.0395 I-4.4083 J-0.2352
X4.0862 Y-2.2083 I-10.8255 J-0.2285
X4.0871 Y-2.4474 I-37.6622 J-0.2687
G1 X4.0872 Y-2.4896
Y-2.5318
X4.0873 Y-2.574
Y-2.6303
Y-2.7006
X4.0874 Y-2.7991
Y-2.9397
Y-3.207
Y-3.8399
X4.0865 Y-3.854
X4.084 Y-3.8678
X4.0799 Y-3.8813
X4.0744 Y-3.8942
X4.0678 Y-3.9067
X4.0603 Y-3.9185
X4.0519 Y-3.9299
X4.0429 Y-3.9406
X4.0331 Y-3.9508
X4.0229 Y-3.9604
X4.0121 Y-3.9694
X4.0009 Y-3.9779
X3.9893 Y-3.9859
X3.9774 Y-3.9934
X3.9652 Y-4.0004
X3.9527 Y-4.0069
X3.94 Y-4.013
X3.9272 Y-4.0187
X3.9141 Y-4.024
X3.901 Y-4.0289
X3.8877 Y-4.0334
X3.8742 Y-4.0377
G2 X3.8198 Y-4.0517 I-0.2021 J0.6719
X3.7505 Y-4.064 I-0.2043 J0.9485
X3.6527 Y-4.0746 I-0.2128 J1.5105
X3.5263 Y-4.0816 I-0.2201 J2.8446
X3.3716 Y-4.0852 I-0.227 J6.3886
X3.1466 Y-4.0869 I-0.2565 J19.3716
X3.034 Y-4.0872 I-0.1541 J36.0308
G1 X2.9918
X2.9496 Y-4.0873
X2.9074
X2.8512
X2.7808 Y-4.0874
X2.6824
X2.5417
X2.2745
X2.2182
X2.1015
X2.0938 Y-4.0877
X2.0861 Y-4.0884
X2.0784 Y-4.0896
X2.0457 Y-4.096
X2.0373 Y-4.0976
X2.0266 Y-4.0994
X1.9836 Y-4.1066
X1.9734 Y-4.1083
X1.9627 Y-4.1099
X1.9201 Y-4.1158
X1.9095 Y-4.1173
X1.8988 Y-4.1186
X1.8563 Y-4.1234
X1.8456 Y-4.1246
X1.835 Y-4.1256
X1.7924 Y-4.1293
X1.7817 Y-4.1302
X1.7711 Y-4.1309
X1.7604 Y-4.1316
X1.7178 Y-4.1341
X1.7072 Y-4.1346
X1.6965 Y-4.135
X1.6539 Y-4.1364
X1.6433 Y-4.1366
X1.6327 Y-4.1367
X1.5901 Y-4.137
X1.5794
X1.5368 Y-4.1362
X1.5262 Y-4.1359
X1.5155 Y-4.1357
X1.4623 Y-4.1332
X1.4516 Y-4.1327
X1.441 Y-4.1319
X1.3984 Y-4.1289
X1.3878 Y-4.128
X1.3771 Y-4.127
X1.3345 Y-4.1228
X1.3239 Y-4.1217
X1.3132 Y-4.1204
X1.2706 Y-4.1151
X1.26 Y-4.1137
X1.2493 Y-4.1121
X1.2387 Y-4.1105
X1.2247 Y-4.1091
G3 X1.1408 Y-4.0999 I-0.1884 J-1.3416
X1.0144 Y-4.093 I-0.2115 J-2.6995
X0.8738 Y-4.0897 I-0.2145 J-6.1429
X0.6488 Y-4.088 I-0.2574 J-18.8721
X0.5362 Y-4.0877 I-0.1558 J-35.4315
G1 X0.494 Y-4.0876
X0.4518 Y-4.0875
X0.4096
X0.3534
X0.283 Y-4.0874
X0.1846
X0.1565
X0.1425 Y-4.086
X0.1287 Y-4.083
X0.1154 Y-4.0785
X0.1026 Y-4.0727
X0.0903 Y-4.0659
X0.0785 Y-4.0581
X0.0674 Y-4.0496
X0.0568 Y-4.0403
X0.0468 Y-4.0304
X0.0373 Y-4.02
X0.0284 Y-4.0091
X0.02 Y-3.9978
X0.0122 Y-3.9862
X0.0048 Y-3.9742
X-0.0021 Y-3.9619
X-0.0085 Y-3.9494
X-0.0145 Y-3.9367
X-0.02 Y-3.9238
X-0.0252 Y-3.9107
X-0.0301 Y-3.8975
X-0.0345 Y-3.8841
X-0.0387 Y-3.8707
G2 X-0.0525 Y-3.8162 I0.6853 J0.2019
X-0.0645 Y-3.7469 I0.9676 J0.2041
X-0.0749 Y-3.649 I1.542 J0.2127
X-0.0817 Y-3.5226 I2.9057 J0.22
X-0.0852 Y-3.3679 I6.5295 J0.2269
X-0.086 Y-3.2976 I9.7225 J0.1456
X-0.0872 Y-3.0303 I37.9035 J0.2946
G1 Y-2.9881
X-0.0873 Y-2.9459
Y-2.9037
Y-2.8475
X-0.0874 Y-2.7772
Y-2.6787
Y-2.538
Y-2.2708
Y-1.3284
Y-0.1609
X-0.0866 Y-0.1469
X-0.0842 Y-0.133
X-0.0802 Y-0.1195
X-0.0748 Y-0.1065
X-0.0683 Y-0.0941
X-0.0608 Y-0.0821
X-0.0525 Y-0.0708
X-0.0435 Y-0.06
X-0.0338 Y-0.0498
X-0.0236 Y-0.0402
X-0.0128 Y-0.0311
X-0.0016 Y-0.0226
X0.0099 Y-0.0146
X0.0218 Y-0.0071
X0.034 Y0.
X0.0465 Y0.0065
X0.0591 Y0.0126
X0.072 Y0.0183
X0.085 Y0.0237
X0.0982 Y0.0286
X0.1115 Y0.0332
X0.1249 Y0.0374
X0.1384 Y0.0414
G2 X0.1931 Y0.0544 I0.2014 J-0.7237
X0.2764 Y0.0676 I0.2099 J-1.0582
X0.3885 Y0.0775 I0.2172 J-1.8215
X0.515 Y0.0829 I0.2167 J-3.581
X0.6134 Y0.085 I0.1915 J-6.6904
X0.8525 Y0.0868 I0.2702 J-19.3332
X0.9651 Y0.0872 I0.1524 J-35.0405
G1 X1.0073
X1.0495 Y0.0873
X1.0916
X1.1479
X1.2182 Y0.0874
X1.3167
X1.4574
X1.7246
X2.1655
X2.1785 Y0.0881
X2.1913 Y0.0902
X2.2038 Y0.0936
X2.2158 Y0.0984
X2.2183 Y0.0995
X2.2289 Y0.104
X2.2396 Y0.1083
X2.2502 Y0.1123
X2.2609 Y0.1158
X2.2715 Y0.1191
X2.2822 Y0.1222
G2 X2.3141 Y0.1295 I0.1807 J-0.7229
G1 X2.3247 Y0.1313
X2.3354 Y0.1328
X2.346 Y0.1343
X2.3567 Y0.1353
X2.3673 Y0.136
X2.378 Y0.1367
X2.3886 Y0.137
X2.3993 Y0.1369
X2.4099 Y0.1367
X2.4206 Y0.1363
X2.4312 Y0.1354
X2.4419 Y0.1343
X2.4525 Y0.1332
G2 X2.4845 Y0.1276 I-0.1007 J-0.6693
G1 X2.4951 Y0.1252
X2.5058 Y0.1224
X2.5195 Y0.1195
G3 X2.5922 Y0.1043 I0.183 J0.6937
X2.6727 Y0.0941 I0.1896 J1.1747
X2.7806 Y0.0864 I0.2081 J2.1726
X2.9212 Y0.0818 I0.2217 J4.586
X3.1181 Y0.0794 I0.2474 J12.4614
G1 X3.2236 Y0.0789
X3.3291 Y0.0787
X3.3713 Y0.0786
X3.4135 Y0.0785
X3.4557
X3.5119
X3.5823 Y0.0784
X3.6807
X3.7651
X3.7791 Y0.0768
X3.7928 Y0.0735
X3.806 Y0.0687
X3.8186 Y0.0624
X3.8303 Y0.0546
X3.831 Y0.0541
X3.8417 Y0.0449
X3.8517 Y0.0351
X3.8611 Y0.0246
X3.8698 Y0.0135
X3.8779 Y0.0021
X3.8855 Y-0.0098
X3.8925 Y-0.022
X3.899 Y-0.0345
X3.905 Y-0.0472
X3.9105 Y-0.0601
X3.9156 Y-0.0732
X3.9204 Y-0.0865
X3.9247 Y-0.0999
X3.9287 Y-0.1134
X3.9323 Y-0.1269
G2 X3.9441 Y-0.1819 I-0.714 J-0.1818
X3.9539 Y-0.2516 I-1.0491 J-0.1836
X3.9618 Y-0.3497 I-1.7706 J-0.1913
X3.9665 Y-0.4762 I-3.6267 J-0.1969
X3.9679 Y-0.5606 I-6.7536 J-0.1575
G1 X3.9681 Y-0.5746
G2 X3.9742 Y-0.7152 I-3.4841 J-0.2233
X3.977 Y-0.8839 I-8.5649 J-0.2257
X3.9781 Y-1.123 I-28.9774 J-0.252
G1 X3.9782 Y-1.1512
Y-1.1934
X3.9783 Y-1.2356
Y-1.2918
X3.9784 Y-1.3622
Y-1.4466
Y-1.4889
X3.9792 Y-1.5027
X3.9815 Y-1.5163
X3.9855 Y-1.5296
X3.9908 Y-1.5423
X3.9977 Y-1.5543
X4.0058 Y-1.5655
X4.0071 Y-1.5671
X4.0129 Y-1.5744
X4.0177 Y-1.5812
X4.0204 Y-1.5851
X4.0269 Y-1.5957
X4.0284 Y-1.5983
X4.0326 Y-1.6063
X4.0379 Y-1.617
X4.039 Y-1.6193
X4.0425 Y-1.6276
X4.0464 Y-1.6383
X4.0497 Y-1.6489
X4.0526 Y-1.6595
X4.055 Y-1.6702
X4.0567 Y-1.6808
X4.058 Y-1.6915
X4.0588 Y-1.7021
X4.0593 Y-1.7127
X4.0592 Y-1.7234
X4.0579 Y-1.7659
X4.0575 Y-1.7766
X4.0571 Y-1.7872
X4.0565 Y-1.7979
X4.0541 Y-1.8404
X4.0534 Y-1.851
X4.0525 Y-1.8617
X4.049 Y-1.9042
X4.048 Y-1.9149
X4.0469 Y-1.9255
X4.0422 Y-1.9681
X4.0409 Y-1.9787
X4.0395 Y-1.9894
X4.0337 Y-2.0319
X4.0322 Y-2.0426
X4.0305 Y-2.0532
X4.0235 Y-2.0958
X4.0217 Y-2.1064
X4.0197 Y-2.117
X4.0156 Y-2.1383
X4.0137 Y-2.1522
G3 X4.0038 Y-2.2219 I0.9768 J-0.1744
X3.996 Y-2.32 I1.7956 J-0.1925
X3.9912 Y-2.4465 I3.789 J-0.2072
X3.9886 Y-2.6293 I10.0523 J-0.2338
X3.9876 Y-2.8684 I36.6855 J-0.263
G1 Y-2.9106
X3.9875 Y-2.9528
Y-3.0091
Y-3.0794
X3.9874 Y-3.1638
Y-3.2764
Y-3.4733
Y-3.6561
X3.9872 Y-3.6702
X3.9861 Y-3.6842
X3.984 Y-3.6981
X3.9811 Y-3.7119
X3.9772 Y-3.7254
X3.9724 Y-3.7386
X3.9669 Y-3.7516
X3.9605 Y-3.7641
X3.9534 Y-3.7763
X3.9457 Y-3.788
X3.9373 Y-3.7993
X3.9284 Y-3.8102
X3.9189 Y-3.8206
X3.909 Y-3.8305
X3.8986 Y-3.84
X3.8878 Y-3.849
X3.8767 Y-3.8576
X3.8652 Y-3.8658
X3.8535 Y-3.8735
X3.8415 Y-3.8809
X3.8292 Y-3.8878
X3.8168 Y-3.8943
X3.8041 Y-3.9005
X3.7913 Y-3.9063
X3.7784 Y-3.9118
X3.7653 Y-3.9169
X3.752 Y-3.9217
G2 X3.6982 Y-3.9382 I-0.2315 J0.6611
G1 X3.6846 Y-3.9416
G2 X3.6019 Y-3.9581 I-0.2377 J0.9773
X3.5042 Y-3.9703 I-0.2357 J1.4988
X3.3779 Y-3.9789 I-0.2419 J2.6049
X3.2233 Y-3.9839 I-0.247 J5.2979
X3.0123 Y-3.9863 I-0.2668 J13.7285
G1 X2.8998 Y-3.9869
X2.7872 Y-3.9871
X2.745 Y-3.9872
X2.7028
X2.6466 Y-3.9873
X2.5903
X2.52 Y-3.9874
X2.4645
X2.4539 Y-3.9878
X2.4435 Y-3.9892
X2.4331 Y-3.9915
X2.423 Y-3.9947
X2.4206 Y-3.9956
X2.4099 Y-3.9994
X2.4074 Y-4.0002
X2.3567 Y-4.0173
X2.346 Y-4.0207
X2.3434 Y-4.0215
X2.2928 Y-4.0371
X2.2822 Y-4.0401
X2.2343 Y-4.0534
X2.2289 Y-4.0549
X2.2183 Y-4.0577
X2.1757 Y-4.0683
X2.165 Y-4.0709
X2.1544 Y-4.0734
X2.1118 Y-4.0828
X2.1011 Y-4.0851
X2.1001 Y-4.0854
X2.0905 Y-4.0873
G3 X2.0707 Y-4.0993 I0.0087 J-0.0365
G1 X2.0659 Y-4.1049
G2 X1.9234 Y-4.2201 I-0.4111 J0.3628 F300.
X1.9061 Y-4.2249 I-0.0184 J0.0327
G1 X1.43 Y-4.2378
G2 X1.4124 Y-4.2339 I-0.001 J0.0375
X1.2642 Y-4.1269 I0.2423 J0.4918
G1 X1.2588 Y-4.1214 F50.
G3 X1.2387 Y-4.1105 I-0.0271 J-0.0259
G1 X1.2068 Y-4.1056
X1.1961 Y-4.1039
X1.1855 Y-4.1021
X1.1429 Y-4.0944
X1.1322 Y-4.0925
X1.1216 Y-4.0904
X1.079 Y-4.0815
X1.0683 Y-4.0793
X1.0577 Y-4.0768
X1.0151 Y-4.0669
X1.0035 Y-4.0641
X0.9938 Y-4.0616
X0.9512 Y-4.0504
X0.9406 Y-4.0475
X0.9299 Y-4.0444
X0.8873 Y-4.032
X0.8767 Y-4.0289
X0.8631 Y-4.0253
X0.8494 Y-4.0219
G3 X0.7942 Y-4.0113 I-0.17 J-0.7398
X0.7104 Y-4.0014 I-0.1902 J-1.2442
X0.5981 Y-3.9943 I-0.2071 J-2.3909
X0.4434 Y-3.9901 I-0.228 J-5.4624
X0.345 Y-3.9888 I-0.1772 J-10.2067
G1 X0.3309 Y-3.9886
X0.3169 Y-3.9875
X0.303 Y-3.9855
X0.2892 Y-3.9825
X0.2757 Y-3.9787
X0.2624 Y-3.974
X0.2495 Y-3.9684
X0.2369 Y-3.9621
X0.2248 Y-3.9551
X0.213 Y-3.9474
X0.2017 Y-3.939
X0.1908 Y-3.9301
X0.1803 Y-3.9207
X0.1704 Y-3.9108
X0.1608 Y-3.9004
X0.1518 Y-3.8897
X0.1431 Y-3.8786
X0.1349 Y-3.8671
X0.1272 Y-3.8554
X0.1198 Y-3.8434
X0.1128 Y-3.8312
X0.1063 Y-3.8188
X0.1001 Y-3.8061
X0.0943 Y-3.7933
X0.0888 Y-3.7804
X0.0836 Y-3.7673
X0.0787 Y-3.7541
G2 X0.0622 Y-3.7003 I0.6574 J0.2317
X0.0448 Y-3.6199 I0.8968 J0.2364
G1 X0.042 Y-3.6079
X0.038 Y-3.5962
X0.0328 Y-3.585
X0.0265 Y-3.5743
X0.0191 Y-3.5644
X0.0107 Y-3.5552
X0.0089 Y-3.5534
X0.0036 Y-3.5479
X-0.0011 Y-3.5427
X-0.0071 Y-3.5356
X-0.0098 Y-3.5321
X-0.0177 Y-3.5211
X-0.0245 Y-3.5108
X-0.0284 Y-3.5043
X-0.0306 Y-3.5002
X-0.0359 Y-3.4895
X-0.039 Y-3.4829
X-0.0408 Y-3.4789
X-0.045 Y-3.4683
X-0.0486 Y-3.4576
X-0.0497 Y-3.4537
X-0.0515 Y-3.447
X-0.0541 Y-3.4363
X-0.0561 Y-3.4257
X-0.0576 Y-3.4151
X-0.0586 Y-3.4044
X-0.0592 Y-3.3938
X-0.0593 Y-3.3832
Y-2.7235
Y-2.7129
X-0.0591 Y-2.7022
X-0.0586 Y-2.6916
X-0.0581 Y-2.6809
X-0.0571 Y-2.6703
X-0.0559 Y-2.6597
X-0.0545 Y-2.649
X-0.0528 Y-2.6384
G2 X-0.046 Y-2.6065 I0.6537 J-0.1216
X-0.0367 Y-2.5745 I0.7974 J-0.2169
G1 X-0.0328 Y-2.5639
X-0.0284 Y-2.5505
X-0.0247 Y-2.537
X-0.0213 Y-2.5233
X-0.0182 Y-2.5096
G3 X-0.0087 Y-2.4541 I-0.8094 J0.1684
X0.0003 Y-2.3702 I-1.3624 J0.1878
X0.0071 Y-2.2438 I-2.7515 J0.2114
X0.0103 Y-2.1032 I-6.2602 J0.2144
X0.012 Y-1.8782 I-19.2367 J0.2574
X0.0123 Y-1.7657 I-36.0205 J0.1555
G1 X0.0124 Y-1.7235
Y-1.6813
X0.0125 Y-1.6391
Y-1.5828
Y-1.5125
X0.0126 Y-1.414
Y-1.2734
Y-1.0061
Y-0.5982
Y-0.345
X0.0127 Y-0.3309
X0.0138 Y-0.3169
X0.0157 Y-0.303
X0.0186 Y-0.2892
X0.0224 Y-0.2757
X0.0271 Y-0.2624
X0.0326 Y-0.2495
X0.0389 Y-0.2369
X0.0459 Y-0.2247
X0.0536 Y-0.2129
X0.062 Y-0.2016
X0.0709 Y-0.1907
X0.0803 Y-0.1803
X0.0902 Y-0.1703
X0.1005 Y-0.1607
X0.1113 Y-0.1517
X0.1224 Y-0.143
X0.1338 Y-0.1348
X0.1455 Y-0.1271
X0.1575 Y-0.1197
X0.1697 Y-0.1127
X0.1822 Y-0.1062
X0.1948 Y-0.1
X0.2076 Y-0.0942
X0.2206 Y-0.0887
X0.2336 Y-0.0835
X0.2468 Y-0.0787
G2 X0.3006 Y-0.0621 I0.2316 J-0.6574
X0.3692 Y-0.0468 I0.2323 J-0.8803
X0.4667 Y-0.0327 I0.2386 J-1.3057
X0.5928 Y-0.0226 I0.2435 J-2.244
X0.7334 Y-0.0171 I0.2405 J-4.365
X0.9303 Y-0.0141 I0.2626 J-10.5903
X1.1835 Y-0.0129 I0.2745 J-33.061
G1 X1.2116
X1.2538 Y-0.0128
X1.296
X1.3382 Y-0.0127
X1.3944
X1.4648 Y-0.0126
X1.5492
X1.5773
X1.718
X1.9571
X2.0133
X2.0163
X2.0294 Y-0.0118
X2.0425 Y-0.0096
X2.0552 Y-0.006
X2.0674 Y-0.0011
X2.079 Y0.0052
X2.0899 Y0.0127
X2.0999 Y0.0213
G2 X2.1121 Y0.0322 I0.1731 J-0.1834
G1 X2.1224 Y0.0409
X2.1247 Y0.0428
X2.1331 Y0.0492
X2.1389 Y0.0534
X2.1437 Y0.0569
X2.1544 Y0.0644
G2 X2.1863 Y0.0838 I0.4077 J-0.6382
G1 X2.1894 Y0.0854
X2.197 Y0.0892
X2.2023 Y0.0919
G3 X2.2207 Y0.1156 I-0.0179 J0.033
G1 X2.2216 Y0.1199 F300.
G2 X2.2639 Y0.2013 I0.1329 J-0.0175
X2.2855 Y0.211 I0.0253 J-0.0276
G1 X2.4005 Y0.2225
G2 X2.4236 Y0.2174 I0.0038 J-0.0373
X2.4813 Y0.1461 I-0.0691 J-0.1149
G1 X2.483 Y0.142
G3 X2.5058 Y0.1224 I0.0338 J0.0163 F50.
G1 X2.5164 Y0.1196
X2.5241 Y0.1173
X2.5271 Y0.1163
G2 X2.559 Y0.1047 I-0.2472 J-0.7304
G1 X2.5696 Y0.1
X2.5803 Y0.0952
X2.5909 Y0.09
G2 X2.6187 Y0.0747 I-0.3641 J-0.6935
G1 X2.6229 Y0.0721
X2.6335 Y0.0652
X2.6456 Y0.058
X2.6579 Y0.0511
X2.6705 Y0.0449
X2.6834 Y0.0392
X2.6965 Y0.0341
X2.7098 Y0.0295
X2.7232 Y0.0253
X2.7367 Y0.0214
X2.7504 Y0.0179
G3 X2.8055 Y0.0066 I0.183 J0.7521
X2.8891 Y-0.0044 I0.2027 J1.2115
X3.0013 Y-0.0127 I0.2193 J2.2156
X3.1419 Y-0.0177 I0.2324 J4.5903
X3.3388 Y-0.0203 I0.2578 J11.7379
X3.5638 Y-0.0213 I0.2577 J35.021
G1 X3.5779 Y-0.0216
X3.5919 Y-0.0229
X3.6057 Y-0.0254
X3.6194 Y-0.0289
X3.6327 Y-0.0334
X3.6457 Y-0.0389
X3.6582 Y-0.0452
X3.6704 Y-0.0522
X3.6821 Y-0.06
X3.6933 Y-0.0685
X3.7041 Y-0.0776
X3.7144 Y-0.0872
X3.7242 Y-0.0973
X3.7335 Y-0.1078
X3.7423 Y-0.1188
X3.7507 Y-0.1301
X3.7586 Y-0.1417
X3.7661 Y-0.1536
X3.7731 Y-0.1658
X3.7798 Y-0.1782
X3.786 Y-0.1908
X3.7919 Y-0.2036
X3.7974 Y-0.2165
X3.8025 Y-0.2296
X3.8073 Y-0.2428
X3.8118 Y-0.2561
G2 X3.827 Y-0.3103 I-0.6792 J-0.22
X3.8408 Y-0.3792 I-0.9233 J-0.2206
X3.8505 Y-0.4489 I-1.6084 J-0.2588
X3.8656 Y-0.617 I-2.7785 J-0.3341
X3.8725 Y-0.7715 I-4.551 J-0.2815
X3.8756 Y-0.9122 I-8.2804 J-0.2524
X3.8777 Y-1.1653 I-21.3933 J-0.3021
G1 X3.8782 Y-1.3482
G3 X3.8796 Y-1.4044 I1.1613 J0.0016
G1 X3.8804 Y-1.4152
X3.882 Y-1.4282
X3.8851 Y-1.441
X3.8895 Y-1.4534
X3.8953 Y-1.4651
X3.9024 Y-1.4762
X3.9107 Y-1.4864
X3.9201 Y-1.4956
X3.9304 Y-1.5037
X3.9416 Y-1.5106
X3.9443 Y-1.5118
X3.947 Y-1.5129
G2 X3.9705 Y-1.5215 I-0.1057 J-0.322
X4.1438 Y-1.6819 I-0.1291 J-0.3133 F300.
X4.1474 Y-1.6936 I-0.0335 J-0.0169
G1 X4.1744 Y-1.8868
G2 X4.1741 Y-1.8991 I-0.0371 J-0.0052
X4.0334 Y-2.1141 I-0.3328 J0.0643
G1 X4.0312 Y-2.1156 F50.
G3 X4.0156 Y-2.1383 I0.021 J-0.0311
G1 X4.0116 Y-2.1596
X4.0095 Y-2.1702
X4.0072 Y-2.1809
X3.9979 Y-2.2234
X3.9964 Y-2.23
X3.9955 Y-2.2341
X3.9929 Y-2.2447
X3.9824 Y-2.2873
X3.9798 Y-2.2979
X3.9769 Y-2.3086
X3.9651 Y-2.3511
X3.9622 Y-2.3618
X3.9589 Y-2.3724
X3.946 Y-2.4149
X3.9432 Y-2.424
X3.9427 Y-2.4256
X3.9356 Y-2.4469
X3.9318 Y-2.4604
X3.9279 Y-2.4739
X3.9243 Y-2.4875
X3.9211 Y-2.5012
G3 X3.9109 Y-2.5565 I0.7773 J-0.1722
X3.9012 Y-2.6404 I1.2941 J-0.1919
X3.8937 Y-2.7667 I2.5694 J-0.2157
X3.89 Y-2.9073 I5.7284 J-0.2188
X3.8881 Y-3.1324 I17.0978 J-0.2616
X3.8877 Y-3.273 I37.3888 J-0.1818
G1 X3.8876 Y-3.3152
X3.8875 Y-3.3574
Y-3.3996
Y-3.4559
Y-3.4981
X3.8874 Y-3.5121
X3.887 Y-3.5262
X3.886 Y-3.5402
X3.8844 Y-3.5542
X3.882 Y-3.5681
X3.8789 Y-3.5818
X3.8751 Y-3.5953
X3.8705 Y-3.6086
X3.8652 Y-3.6217
X3.8592 Y-3.6344
X3.8526 Y-3.6468
X3.8454 Y-3.6589
X3.8376 Y-3.6705
X3.8292 Y-3.6819
X3.8203 Y-3.6928
X3.811 Y-3.7033
X3.8012 Y-3.7133
X3.7909 Y-3.723
X3.7804 Y-3.7323
X3.7694 Y-3.7412
X3.7582 Y-3.7496
X3.7467 Y-3.7577
X3.7349 Y-3.7654
X3.7229 Y-3.7727
X3.7106 Y-3.7796
X3.6982 Y-3.7862
X3.6856 Y-3.7924
X3.6728 Y-3.7983
X3.6599 Y-3.8039
X3.6469 Y-3.8091
G2 X3.5936 Y-3.8274 I-0.2497 J0.6423
X3.5255 Y-3.8447 I-0.25 J0.8401
X3.4285 Y-3.8612 I-0.2557 J1.2059
X3.3165 Y-3.8727 I-0.2528 J1.9188
X3.1761 Y-3.8804 I-0.2584 J3.4479
G1 X3.162 Y-3.8809
G2 X2.9652 Y-3.8851 I-0.2833 J8.6225
X2.7064 Y-3.8868 I-0.2947 J24.9677
G1 X2.6931 Y-3.8877
X2.6799 Y-3.8899
X2.6671 Y-3.8936
X2.6548 Y-3.8988
X2.6442 Y-3.9038
X2.6016 Y-3.9233
X2.5961 Y-3.9258
G2 X2.5377 Y-3.9508 I-3.2994 J7.6346
G1 X2.5271 Y-3.9551
X2.4845 Y-3.972
X2.4738 Y-3.9761
X2.4661 Y-3.979
X2.4312 Y-3.9917
G3 X2.4135 Y-4.0067 I0.0141 J-0.0347
G1 X2.4096 Y-4.0129
G2 X2.2028 Y-4.2415 I-0.7673 J0.4862 F300.
X2.1806 Y-4.2495 I-0.0231 J0.0295
G1 X1.1391 Y-4.2743
G2 X1.1165 Y-4.2674 I-0.0009 J0.0375
X0.8992 Y-4.0491 I0.5258 J0.7407
G1 X0.8949 Y-4.0429 F50.
G3 X0.8767 Y-4.0289 I-0.0309 J-0.0213
G1 X0.8341 Y-4.0152
X0.8234 Y-4.0118
X0.8206 Y-4.0109
X0.8128 Y-4.0083
X0.7702 Y-3.9934
X0.7594 Y-3.9896
X0.7489 Y-3.9858
X0.703 Y-3.9683
X0.6957 Y-3.9655
X0.685 Y-3.9612
X0.6531 Y-3.9481
X0.6398 Y-3.9434
X0.6266 Y-3.9386
X0.6133 Y-3.9342
X0.5998 Y-3.9302
X0.5862 Y-3.9265
X0.5725 Y-3.9232
G3 X0.5173 Y-3.9127 I-0.1778 J-0.7823
G1 X0.5033 Y-3.9106
X0.4894 Y-3.9087
X0.4755 Y-3.9069
X0.4615 Y-3.9048
X0.4477 Y-3.9023
X0.434 Y-3.8992
X0.4204 Y-3.8955
X0.407 Y-3.8912
X0.3939 Y-3.8862
X0.381 Y-3.8806
X0.3684 Y-3.8744
X0.3561 Y-3.8675
X0.3441 Y-3.8601
X0.3325 Y-3.8522
X0.3212 Y-3.8438
X0.3104 Y-3.8348
X0.2999 Y-3.8254
X0.2898 Y-3.8156
X0.2801 Y-3.8054
X0.2709 Y-3.7949
X0.262 Y-3.784
X0.2535 Y-3.7727
X0.2454 Y-3.7613
X0.2376 Y-3.7495
X0.2301 Y-3.7376
X0.2277 Y-3.7335
X0.2204 Y-3.7226
X0.212 Y-3.7126
X0.2025 Y-3.7036
X0.1922 Y-3.6956
X0.1864 Y-3.6917
X0.1846 Y-3.6904
X0.1739 Y-3.6829
X0.1313 Y-3.652
X0.1275 Y-3.6491
X0.1207 Y-3.644
X0.0857 Y-3.6172
X0.0781 Y-3.6114
X0.0721 Y-3.6066
X0.0326 Y-3.5747
X0.0283 Y-3.5712
G3 X-0.0009 Y-3.5641 I-0.0227 J-0.0298
X-0.0206 Y-3.6279 I0.0065 J-0.0369 F300.
G1 X0.1952 Y-3.9059
X0.2591 Y-3.9598
X0.3336 Y-4.0024
X0.3762 Y-4.0153
X0.6105 Y-4.0649
G3 X0.677 Y-3.9672 I0.017 J0.06
X0.6637 Y-3.9543 I-0.0496 J-0.0377 F50.
G1 X0.6531 Y-3.9481
X0.6424 Y-3.9438
X0.6318 Y-3.9393
G2 X0.5771 Y-3.9151 I3.3344 J7.6262
G1 X0.5679 Y-3.9109
X0.5253 Y-3.8907
X0.5147 Y-3.8856
X0.5099 Y-3.8832
X0.4678 Y-3.8619
X0.4614 Y-3.8587
X0.4508 Y-3.853
X0.4278 Y-3.8407
X0.4081 Y-3.83
X0.3975 Y-3.8242
X0.3891 Y-3.8194
X0.3521 Y-3.7981
X0.3443 Y-3.7936
X0.3342 Y-3.7875
X0.2993 Y-3.7662
X0.2911 Y-3.7611
X0.2823 Y-3.7555
X0.2378 Y-3.7268
X0.233 Y-3.7236
X0.2272 Y-3.7196
X0.2019 Y-3.7023
G3 X0.1854 Y-3.6967 I-0.0201 J-0.0317
G2 X0.1722 Y-3.6953 I0.0561 J0.5938
X-0.104 Y-3.5891 I0.0693 J0.5924 F300.
X-0.119 Y-3.5662 I0.0217 J0.0306
G1 X-0.275 Y-2.8241
G2 X-0.2705 Y-2.7971 I0.0367 J0.0077
X-0.0543 Y-2.5851 I0.512 J-0.3058
G1 X-0.049 Y-2.5821 F50.
G3 X-0.0328 Y-2.5639 I-0.0183 J0.0327
G1 X-0.0287 Y-2.5533
X-0.0284 Y-2.5524
X-0.0244 Y-2.5426
G2 X-0.0071 Y-2.5066 I0.559 J-0.2472
G1 X-0.0033 Y-2.5001
X0.0036 Y-2.4881
X0.0093 Y-2.4788
X0.0142 Y-2.4715
X0.0166 Y-2.4681
X0.024 Y-2.4575
X0.0305 Y-2.4476
X0.0376 Y-2.4355
X0.044 Y-2.423
X0.0498 Y-2.4102
X0.0551 Y-2.3971
X0.0599 Y-2.3839
X0.0642 Y-2.3705
X0.0682 Y-2.357
X0.0718 Y-2.3434
G3 X0.0835 Y-2.2884 I-0.7274 J0.1829
X0.0949 Y-2.2048 I-1.1723 J0.2027
X0.1034 Y-2.0926 I-2.1435 J0.2192
X0.1085 Y-1.9521 I-4.4409 J0.232
X0.1113 Y-1.7552 I-11.3699 J0.2571
X0.1123 Y-1.516 I-37.5465 J0.2764
G1 X0.1124 Y-1.4738
Y-1.4316
X0.1125 Y-1.3894
Y-1.3332
Y-1.2628
X0.1126 Y-1.1785
Y-1.0659
Y-0.8831
Y-0.5033
Y-0.4892
X0.113 Y-0.4752
X0.1139 Y-0.4611
X0.1155 Y-0.4472
X0.1178 Y-0.4333
X0.1208 Y-0.4195
X0.1246 Y-0.406
X0.1291 Y-0.3927
X0.1343 Y-0.3796
X0.1402 Y-0.3668
X0.1467 Y-0.3544
X0.1539 Y-0.3423
X0.1617 Y-0.3306
X0.17 Y-0.3192
X0.1788 Y-0.3083
X0.1881 Y-0.2977
X0.1979 Y-0.2876
X0.2081 Y-0.2779
X0.2186 Y-0.2686
X0.2295 Y-0.2597
X0.2407 Y-0.2512
X0.2522 Y-0.2431
X0.264 Y-0.2354
X0.276 Y-0.228
X0.2882 Y-0.2211
X0.3006 Y-0.2145
X0.3132 Y-0.2082
X0.326 Y-0.2023
X0.3389 Y-0.1967
X0.3519 Y-0.1914
G2 X0.4051 Y-0.173 I0.2499 J-0.6385
X0.4732 Y-0.1556 I0.2501 J-0.8352
X0.5702 Y-0.1389 I0.2558 J-1.1987
X0.6821 Y-0.1274 I0.2529 J-1.9069
X0.8226 Y-0.1197 I0.2585 J-3.4256
X0.9913 Y-0.1155 I0.2627 J-7.145
X1.2304 Y-0.1134 I0.2892 J-19.4428
G1 X1.3851 Y-0.1129
X1.4273 Y-0.1128
X1.4695
X1.5117
X1.568 Y-0.1127
X1.6383
X1.7227 Y-0.1126
X1.8352
X1.8634
X1.8774
X1.8915 Y-0.1125
X1.9056 Y-0.1122
X1.9196 Y-0.1118
X1.9337 Y-0.1111
X1.9412 Y-0.1106
X1.9535 Y-0.1091
X1.9655 Y-0.1063
X1.9772 Y-0.1024
X1.9885 Y-0.0972
X1.9991 Y-0.091
X2.0091 Y-0.0836
X2.0183 Y-0.0753
X2.0266 Y-0.0661
X2.0338 Y-0.0562
X2.0359 Y-0.053
G2 X2.0513 Y-0.0317 I1.1294 J-0.8017
G1 X2.0586 Y-0.0227
X2.0692 Y-0.0102
X2.0737 Y-0.005
X2.0786 Y0.0002
X2.0799 Y0.0015
X2.0891 Y0.0109
G3 X2.0987 Y0.032 I-0.0276 J0.0254
G1 X2.0997 Y0.0393
G2 X2.1807 Y0.1958 I0.2652 J-0.038 F300.
X2.2028 Y0.2059 I0.0258 J-0.0272
G1 X2.4832 Y0.234
G2 X2.5068 Y0.2285 I0.0037 J-0.0373
X2.6174 Y0.0908 I-0.1419 J-0.2272
G1 X2.6197 Y0.0841 F50.
G3 X2.6335 Y0.0652 I0.0357 J0.0116
G1 X2.6351 Y0.0641
X2.6442 Y0.0581
X2.6507 Y0.0534
X2.6548 Y0.0504
X2.6868 Y0.0266
X2.6936 Y0.0215
G2 X2.74 Y-0.015 I-3.0006 J-3.8556
G1 X2.7513 Y-0.0234
X2.763 Y-0.0312
X2.7752 Y-0.0383
X2.7877 Y-0.0447
X2.8004 Y-0.0506
X2.8134 Y-0.0561
X2.8266 Y-0.0611
X2.8399 Y-0.0656
X2.8533 Y-0.0699
X2.8668 Y-0.0738
G3 X2.9216 Y-0.0865 I0.1973 J0.7233
X3.005 Y-0.0995 I0.2168 J1.1212
X3.117 Y-0.1096 I0.2332 J1.9583
X3.2575 Y-0.116 I0.2458 J3.8413
X3.4122 Y-0.1192 I0.2473 J8.2098
G1 X3.4263 Y-0.1198
X3.4403 Y-0.121
X3.4542 Y-0.123
X3.468 Y-0.1258
X3.4816 Y-0.1293
X3.495 Y-0.1336
X3.5081 Y-0.1387
X3.5209 Y-0.1445
X3.5334 Y-0.1509
X3.5456 Y-0.158
X3.5573 Y-0.1658
X3.5687 Y-0.1741
X3.5796 Y-0.1829
X3.5902 Y-0.1922
X3.6003 Y-0.202
X3.6099 Y-0.2122
X3.6192 Y-0.2228
X3.628 Y-0.2338
X3.6365 Y-0.245
X3.6445 Y-0.2566
X3.6521 Y-0.2684
X3.6593 Y-0.2805
X3.6662 Y-0.2927
X3.6727 Y-0.3052
X3.6789 Y-0.3178
X3.6847 Y-0.3306
X3.6903 Y-0.3436
X3.6955 Y-0.3566
G2 X3.7137 Y-0.4098 I-0.6712 J-0.2594
X3.7342 Y-0.4917 I-0.9032 J-0.2695
X3.7504 Y-0.5888 I-1.3204 J-0.27
X3.763 Y-0.7147 I-2.1131 J-0.2763
X3.7707 Y-0.8552 I-3.7137 J-0.2723
X3.7753 Y-1.038 I-7.612 J-0.2843
X3.7772 Y-1.2208 I-17.8476 J-0.2781
G1 X3.7774 Y-1.2349
G3 X3.7789 Y-1.3052 I2.2469 J0.0141
G1 X3.7797 Y-1.3192
X3.7807 Y-1.3333
X3.7821 Y-1.3473
X3.7838 Y-1.3612
X3.7859 Y-1.3751
X3.7885 Y-1.3889
X3.7916 Y-1.4027
X3.796 Y-1.4158
X3.8019 Y-1.4283
X3.8093 Y-1.44
X3.8181 Y-1.4507
X3.8281 Y-1.4603
X3.8392 Y-1.4686
X3.8511 Y-1.4755
X3.8639 Y-1.481
X3.8772 Y-1.4848
X3.9006 Y-1.4817
X3.907 Y-1.4782
X3.9751 Y-1.4416 F300.
G2 X4.0942 Y-1.468 I0.0428 J-0.0886
G1 X4.1412 Y-1.5319
X4.1697 Y-1.5957
X4.1875 Y-1.6702
X4.1884 Y-1.7447
X4.175 Y-1.9468
X4.1598 Y-2.0638
X4.134 Y-2.2022
X4.0472 Y-2.3405
X3.9542 Y-2.4228
X3.9432 Y-2.4325 F50.
X3.9356 Y-2.4469
X3.9285 Y-2.4681
X3.9249 Y-2.4788
X3.9219 Y-2.4877
X3.9058 Y-2.532
X3.9019 Y-2.5426
X3.9006 Y-2.5462
X3.8979 Y-2.5533
X3.8793 Y-2.6006
X3.8769 Y-2.6065
X3.8725 Y-2.6171
X3.858 Y-2.6512
X3.8544 Y-2.6597
X3.8498 Y-2.6703
X3.8446 Y-2.6834
X3.8397 Y-2.6966
X3.8352 Y-2.7099
X3.8312 Y-2.7234
X3.8275 Y-2.737
X3.8242 Y-2.7506
G3 X3.8134 Y-2.8058 I0.7771 J-0.1795
X3.8031 Y-2.8896 I1.264 J-0.1992
X3.7948 Y-3.0159 I2.4363 J-0.223
X3.7909 Y-3.1424 I5.0187 J-0.218
X3.7884 Y-3.3534 I13.4883 J-0.2635
G1 X3.7883 Y-3.3674
X3.788 Y-3.3815
X3.7875 Y-3.3956
X3.7866 Y-3.4096
X3.7851 Y-3.4236
X3.783 Y-3.4375
X3.7803 Y-3.4513
X3.777 Y-3.465
X3.773 Y-3.4785
X3.7684 Y-3.4917
X3.7631 Y-3.5048
X3.7572 Y-3.5175
X3.7507 Y-3.53
X3.7436 Y-3.5422
X3.736 Y-3.554
X3.7278 Y-3.5654
X3.7191 Y-3.5765
X3.71 Y-3.5872
X3.7005 Y-3.5976
X3.6905 Y-3.6075
X3.6802 Y-3.6171
X3.6696 Y-3.6262
X3.6586 Y-3.635
X3.6473 Y-3.6434
X3.6358 Y-3.6515
X3.624 Y-3.6591
X3.6119 Y-3.6664
X3.5997 Y-3.6734
X3.5873 Y-3.68
X3.5747 Y-3.6863
X3.562 Y-3.6923
X3.5491 Y-3.6979
X3.5361 Y-3.7033
G2 X3.4831 Y-3.722 I-0.2618 J0.6574
X3.4151 Y-3.7401 I-0.2618 J0.8478
X3.3183 Y-3.7577 I-0.2673 J1.1944
X3.2065 Y-3.7702 I-0.264 J1.8538
X3.0661 Y-3.7789 I-0.2693 J3.2286
X2.8996 Y-3.7837 I-0.272 J6.4487
G1 X2.8872 Y-3.7846
X2.8749 Y-3.7868
X2.8629 Y-3.7902
X2.8513 Y-3.7949
X2.8403 Y-3.8007
X2.8358 Y-3.8033
X2.8266 Y-3.8087
X2.8145 Y-3.8155
X2.7773 Y-3.8363
X2.7719 Y-3.8393
G2 X2.7187 Y-3.8672 I-3.2357 J6.0954
G1 X2.7083 Y-3.8726
X2.6921 Y-3.8805
X2.6655 Y-3.8936
G3 X2.6469 Y-3.9172 I0.0177 J-0.0331
X2.6868 Y-3.964 I0.0363 J-0.0095 F300.
G1 X3.4108 Y-3.8739
X3.5181 Y-3.8489
X3.6315 Y-3.8047
X3.7148 Y-3.7555
X3.7941 Y-3.6891
X3.8474 Y-3.6212
X3.8854 Y-3.5526
X3.9109 Y-3.4683
X3.9678 Y-2.7022
G3 X3.8697 Y-2.6471 I-0.0622 J0.0042
X3.8498 Y-2.6703 I0.0359 J-0.0509 F50.
G1 X3.8474 Y-2.6756
X3.8304 Y-2.7129
X3.8261 Y-2.7223
X3.8255 Y-2.7235
X3.8204 Y-2.7341
X3.7997 Y-2.7767
X3.7943 Y-2.7873
G2 X3.7666 Y-2.8405 I-7.0556 J3.6439
G1 X3.7622 Y-2.8487
X3.756 Y-2.8613
X3.7503 Y-2.8742
X3.7451 Y-2.8872
X3.7404 Y-2.9005
X3.7361 Y-2.9139
X3.7322 Y-2.9274
X3.7286 Y-2.941
G3 X3.717 Y-2.996 I0.746 J-0.1857
X3.7056 Y-3.0796 I1.1942 J-0.2058
X3.697 Y-3.1918 I2.1643 J-0.2227
X3.6942 Y-3.248 I6.0205 J-0.3244
G1 X3.6934 Y-3.2621
X3.6924 Y-3.2761
X3.6911 Y-3.2901
X3.6894 Y-3.3041
X3.6872 Y-3.3179
X3.6844 Y-3.3317
X3.6811 Y-3.3454
X3.6772 Y-3.3589
X3.6728 Y-3.3723
X3.6677 Y-3.3854
X3.6621 Y-3.3983
X3.6559 Y-3.4109
X3.6491 Y-3.4232
X3.6418 Y-3.4353
X3.634 Y-3.447
X3.6257 Y-3.4584
X3.617 Y-3.4694
X3.6078 Y-3.48
X3.5982 Y-3.4903
X3.5883 Y-3.5003
X3.578 Y-3.5098
X3.5673 Y-3.519
X3.5564 Y-3.5279
X3.5451 Y-3.5363
X3.5337 Y-3.5444
X3.5219 Y-3.5522
X3.51 Y-3.5596
X3.4978 Y-3.5667
X3.4854 Y-3.5734
X3.4729 Y-3.5798
X3.4603 Y-3.5859
X3.4474 Y-3.5917
G2 X3.395 Y-3.6121 I-0.2729 J0.6233
X3.3276 Y-3.6321 I-0.2727 J0.7961
X3.2312 Y-3.652 I-0.2778 J1.1047
X3.1196 Y-3.6664 I-0.2743 J1.6817
X3.069 Y-3.6709 I-0.2149 J2.1298
G1 X3.0562 Y-3.6726
X3.0436 Y-3.6757
X3.0314 Y-3.6801
X3.0198 Y-3.6858
X3.0088 Y-3.6927
X2.9951 Y-3.7023
X2.9849 Y-3.7093
X2.9475 Y-3.7343
X2.9423 Y-3.7377
X2.9317 Y-3.7446
X2.8974 Y-3.7662
X2.8891 Y-3.7714
X2.8804 Y-3.7768
X2.8518 Y-3.7938
G3 X2.8351 Y-3.8188 I0.0203 J-0.0316
X2.8804 Y-3.8619 I0.0369 J-0.0065 F300.
G1 X3.4427 Y-3.7336
X3.5409 Y-3.6917
X3.6131 Y-3.6483
X3.6816 Y-3.5918
X3.7302 Y-3.5364
X3.7622 Y-3.489
X3.7921 Y-3.4257
X3.8054 Y-3.3832
X3.8765 Y-2.8937
G3 X3.8261 Y-2.8194 I-0.0609 J0.0129
G1 X3.8154 Y-2.8185
G3 X3.7839 Y-2.8271 I0.0002 J-0.0623
X3.768 Y-2.8405 I0.0317 J-0.0537 F50.
G1 X3.7622 Y-2.8487
X3.7372 Y-2.8937
X3.731 Y-2.9044
X3.7302 Y-2.9058
X3.7196 Y-2.9238
X3.706 Y-2.9469
X3.6995 Y-2.9576
X3.6983 Y-2.9596
X3.677 Y-2.9936
X3.6701 Y-3.0059
X3.6635 Y-3.0183
X3.6574 Y-3.031
X3.6519 Y-3.0439
X3.6468 Y-3.057
X3.6422 Y-3.0703
X3.6379 Y-3.0837
X3.634 Y-3.0972
X3.6304 Y-3.1108
X3.6271 Y-3.1245
X3.624 Y-3.1382
X3.621 Y-3.1519
X3.618 Y-3.1657
X3.6149 Y-3.1794
X3.6117 Y-3.1931
X3.6081 Y-3.2067
X3.6043 Y-3.2202
X3.6 Y-3.2336
X3.5954 Y-3.2469
X3.5902 Y-3.26
X3.5847 Y-3.2729
X3.5786 Y-3.2856
X3.5721 Y-3.2981
X3.5651 Y-3.3103
X3.5577 Y-3.3222
X3.5498 Y-3.3339
X3.5415 Y-3.3452
X3.5327 Y-3.3563
X3.5236 Y-3.367
X3.5141 Y-3.3773
X3.5042 Y-3.3874
X3.4941 Y-3.3971
X3.4835 Y-3.4064
X3.4727 Y-3.4154
X3.4617 Y-3.4241
X3.4503 Y-3.4324
X3.4387 Y-3.4404
X3.4269 Y-3.448
X3.4149 Y-3.4554
X3.4028 Y-3.4624
X3.3904 Y-3.4691
X3.3779 Y-3.4755
X3.3652 Y-3.4816
G2 X3.3133 Y-3.5032 I-0.2864 J0.6142
X3.239 Y-3.5267 I-0.2852 J0.7734
G1 X3.2266 Y-3.5308
X3.2147 Y-3.5362
X3.2034 Y-3.5428
X3.1929 Y-3.5506
X3.1897 Y-3.5534
X3.1553 Y-3.582
X3.1513 Y-3.5853
X3.1446 Y-3.5907
X3.138 Y-3.5959
X3.102 Y-3.6243
X3.0975 Y-3.6279
X3.0914 Y-3.6325
X3.0488 Y-3.6643
X3.0403 Y-3.6704
X3.0381 Y-3.672
X3.0168 Y-3.687
G3 X3.0022 Y-3.7133 I0.0227 J-0.0299
X3.0488 Y-3.7532 I0.0373 J-0.0036 F300.
G1 X3.4747 Y-3.572
X3.5492 Y-3.5212
X3.6131 Y-3.4609
X3.6605 Y-3.4044
X3.6983 Y-3.3368
X3.7893 Y-3.0427
G3 X3.6998 Y-2.9732 I-0.0607 J0.0142
X3.68 Y-2.9895 I0.0288 J-0.0553 F50.
G1 X3.677 Y-2.9936
X3.6729 Y-3.0001
X3.6663 Y-3.0105
G2 X3.6309 Y-3.064 I-17.7656 J11.7549
G1 X3.6234 Y-3.0746
X3.601 Y-3.1065
X3.5935 Y-3.1172
G2 X3.5539 Y-3.1704 I-8.1897 J6.0462
G1 X3.5492 Y-3.1764
X3.5206 Y-3.2129
X3.5173 Y-3.2171
X3.5121 Y-3.2236
G2 X3.4747 Y-3.2687 I-12.6034 J10.4081
G1 X3.4678 Y-3.2768
X3.4399 Y-3.3087
X3.4321 Y-3.3175
G2 X3.3895 Y-3.3639 I-4.269 J3.8804
G1 X3.3813 Y-3.3725
X3.3469 Y-3.4079
X3.3399 Y-3.4151
G2 X3.2937 Y-3.4601 I-5.4945 J5.5885
G1 X3.2849 Y-3.4683
X3.2564 Y-3.4947
X3.2505 Y-3.5002
X3.2404 Y-3.5092
X3.2085 Y-3.5372
X3.2022 Y-3.5427
G3 X3.1904 Y-3.5704 I0.0257 J-0.0273
G1 Y-3.5749 Z0.1518
X3.1905 Y-3.5794 Z0.1527
Y-3.5837 Z0.154
Y-3.5878 Z0.1559
X3.1906 Y-3.5917 Z0.1582
Y-3.5952 Z0.161
Y-3.5984 Z0.1642
X3.1907 Y-3.6012 Z0.1678
Y-3.6036 Z0.1716
Y-3.6054 Z0.1758
Y-3.6068 Z0.1801
Y-3.6076 Z0.1846
Y-3.6079 Z0.1891
G0 Z0.7
X-0.0353 Y-2.4906
Z0.2266
G1 Z0.1891 F50.
X-0.0351 Y-2.4905 Z0.1846
X-0.0343 Y-2.4902 Z0.1801
X-0.0331 Y-2.4897 Z0.1758
X-0.0314 Y-2.489 Z0.1716
X-0.0292 Y-2.488 Z0.1678
X-0.0266 Y-2.487 Z0.1642
X-0.0237 Y-2.4857 Z0.161
X-0.0204 Y-2.4844 Z0.1582
X-0.0168 Y-2.4829 Z0.1559
X-0.013 Y-2.4813 Z0.154
X-0.009 Y-2.4796 Z0.1527
X-0.0049 Y-2.4779 Z0.1518
X-0.0007 Y-2.4761 Z0.1516
G3 X0.024 Y-2.4575 I-0.024 J0.0575
G1 X0.0249 Y-2.4563
X0.0319 Y-2.4469
X0.0355 Y-2.4425
X0.0406 Y-2.4362
X0.0462 Y-2.4295
X0.0496 Y-2.4256
G2 X0.0698 Y-2.4043 I0.4759 J-0.4321
G1 X0.0781 Y-2.3963
X0.081 Y-2.3937
X0.0853 Y-2.3899
X0.0923 Y-2.383
X0.0994 Y-2.3752
X0.107 Y-2.3657
X0.1151 Y-2.3544
X0.1225 Y-2.3424
X0.1294 Y-2.3302
X0.1357 Y-2.3176
X0.1414 Y-2.3048
X0.1468 Y-2.2917
X0.1517 Y-2.2785
X0.1562 Y-2.2652
X0.1604 Y-2.2518
X0.1642 Y-2.2383
G3 X0.1769 Y-2.1835 I-0.7464 J0.2019
X0.1899 Y-2.1001 I-1.1402 J0.2207
X0.2002 Y-1.9881 I-1.9627 J0.2363
X0.2068 Y-1.8476 I-3.7995 J0.2482
X0.2104 Y-1.6647 I-8.6608 J0.2646
X0.212 Y-1.4256 I-24.5658 J0.2816
G1 X0.2121 Y-1.3975
X0.2122 Y-1.3694
Y-1.3412
X0.2123 Y-1.299
X0.2124 Y-1.2568
Y-1.2146
X0.2125 Y-1.1584
Y-1.1021
Y-1.0318
X0.2126 Y-0.9333
Y-0.7927
Y-0.652
Y-0.6379
X0.2127 Y-0.6239
X0.2131 Y-0.6098
X0.2138 Y-0.5958
X0.215 Y-0.5818
X0.2168 Y-0.5678
X0.2192 Y-0.554
X0.2222 Y-0.5402
X0.226 Y-0.5267
X0.2303 Y-0.5133
X0.2353 Y-0.5001
X0.241 Y-0.4873
X0.2473 Y-0.4747
X0.2541 Y-0.4624
X0.2615 Y-0.4504
X0.2695 Y-0.4388
X0.278 Y-0.4276
X0.2869 Y-0.4167
X0.2963 Y-0.4063
X0.3061 Y-0.3962
X0.3163 Y-0.3865
X0.3268 Y-0.3771
X0.3377 Y-0.3682
X0.3488 Y-0.3597
X0.3603 Y-0.3515
X0.372 Y-0.3437
X0.3839 Y-0.3362
X0.396 Y-0.3291
X0.4084 Y-0.3224
X0.4209 Y-0.316
X0.4336 Y-0.3099
X0.4464 Y-0.3041
X0.4594 Y-0.2986
G2 X0.5123 Y-0.2795 I0.2621 J-0.6425
X0.5801 Y-0.261 I0.262 J-0.8289
X0.6769 Y-0.243 I0.2675 J-1.1675
X0.7887 Y-0.2302 I0.2643 J-1.8124
X0.929 Y-0.2214 I0.2695 J-3.1536
X1.0977 Y-0.2163 I0.2732 J-6.3249
X1.3228 Y-0.2138 I0.2917 J-15.8132
G1 X1.4353 Y-0.2132
X1.5478 Y-0.2129
X1.59
X1.6322 Y-0.2128
X1.6744
X1.7166 Y-0.2127
G3 X1.801 Y-0.2123 I0.0083 J5.987
G1 X1.8151 Y-0.2119
X1.8291 Y-0.2115
X1.8432 Y-0.2108
X1.8572 Y-0.2099
X1.8712 Y-0.2087
X1.8852 Y-0.2071
X1.8991 Y-0.205
X1.9033 Y-0.2043
X1.9165 Y-0.2012
X1.9293 Y-0.1966
X1.9415 Y-0.1906
X1.9529 Y-0.1833
X1.9634 Y-0.1747
X1.9729 Y-0.1651
X1.9813 Y-0.1544
X1.9884 Y-0.1428
X1.9942 Y-0.1305
X1.9947 Y-0.1294
X1.9955 Y-0.1274
X2.0001 Y-0.1168
G2 X2.0162 Y-0.0849 I0.5642 J-0.2648
G1 X2.0225 Y-0.0742
X2.0266 Y-0.0675
X2.029 Y-0.0636
X2.0338 Y-0.0562
G3 X2.0378 Y-0.0264 I-0.0321 J0.0194
X1.9955 Y0.0002 I-0.036 J-0.0104 F300.
G1 X0.6424 Y-0.1172
X0.504 Y-0.1455
X0.4188 Y-0.1749
X0.3443 Y-0.2086
X0.2698 Y-0.2554
X0.201 Y-0.3189
X0.1526 Y-0.3782
X0.1213 Y-0.436
X0.0978 Y-0.4998
X0.0857 Y-0.5637
X-0.0167 Y-2.3405
G3 X0.0576 Y-2.403 I0.0623 J-0.0014
X0.0853 Y-2.3899 I-0.012 J0.0611 F50.
G1 X0.0888 Y-2.3868
G2 X0.11 Y-2.3693 I0.1887 J-0.2077
G1 X0.1207 Y-2.3613
X0.1313 Y-2.3537
X0.1354 Y-2.3511
X0.142 Y-2.3469
X0.1471 Y-2.3437
X0.1565 Y-2.3371
X0.1635 Y-2.3316
X0.171 Y-2.3249
X0.179 Y-2.3169
X0.1875 Y-2.3072
X0.1961 Y-2.2962
X0.2042 Y-2.2846
X0.2116 Y-2.2727
X0.2185 Y-2.2605
X0.225 Y-2.2479
X0.2309 Y-2.2352
X0.2365 Y-2.2223
X0.2416 Y-2.2092
X0.2464 Y-2.196
X0.2509 Y-2.1826
G3 X0.2659 Y-2.1284 I-0.6828 J0.2182
X0.2796 Y-2.0594 I-0.9762 J0.2299
X0.2923 Y-1.9618 I-1.5125 J0.2466
X0.3018 Y-1.8356 I-2.612 J0.2592
X0.3076 Y-1.681 I-5.0641 J0.2684
X0.3109 Y-1.47 I-11.9309 J0.29
X0.3122 Y-1.2028 I-35.1238 J0.3013
G1 Y-1.1747
X0.3123 Y-1.1325
X0.3124 Y-1.0903
Y-1.0481
X0.3125 Y-0.9918
Y-0.9215
X0.3126 Y-0.8371
Y-0.7949
G2 X0.313 Y-0.7386 I2.3282 J0.0102
G1 X0.3136 Y-0.7246
X0.3145 Y-0.7105
X0.3159 Y-0.6965
X0.3178 Y-0.6826
X0.3202 Y-0.6687
X0.3233 Y-0.655
X0.327 Y-0.6414
X0.3313 Y-0.628
X0.3361 Y-0.6149
X0.3416 Y-0.6019
X0.3477 Y-0.5892
X0.3544 Y-0.5768
X0.3616 Y-0.5647
X0.3693 Y-0.553
X0.3775 Y-0.5416
X0.3862 Y-0.5305
X0.3953 Y-0.5198
X0.4049 Y-0.5095
X0.4148 Y-0.4995
X0.4251 Y-0.4899
X0.4357 Y-0.4807
X0.4466 Y-0.4718
X0.4578 Y-0.4634
X0.4693 Y-0.4552
X0.4811 Y-0.4475
X0.493 Y-0.4401
X0.5052 Y-0.433
X0.5175 Y-0.4262
X0.53 Y-0.4198
X0.5427 Y-0.4137
X0.5555 Y-0.4079
G2 X0.6079 Y-0.3875 I0.2717 J-0.6207
X0.6754 Y-0.3676 I0.2716 J-0.7943
X0.7718 Y-0.3478 I0.2768 J-1.1043
X0.8834 Y-0.3334 I0.2735 J-1.6849
X1.0236 Y-0.3232 I0.2784 J-2.8653
X1.1783 Y-0.3176 I0.2743 J-5.4026
X1.3892 Y-0.3144 I0.2954 J-12.3722
X1.6283 Y-0.3131 I0.3025 J-34.7742
G3 X1.7127 Y-0.3123 I-0.0244 J7.1087
X1.783 Y-0.3096 I-0.0301 J1.7026
G1 X1.797 Y-0.3086
X1.811 Y-0.3073
X1.825 Y-0.3057
X1.8389 Y-0.3038
X1.8528 Y-0.3015
X1.8666 Y-0.2987
X1.8803 Y-0.2954
X1.8938 Y-0.2916
X1.9062 Y-0.2867
X1.9179 Y-0.2804
X1.9289 Y-0.2728
X1.9389 Y-0.264
X1.9478 Y-0.2541
X1.9555 Y-0.2432
X1.962 Y-0.2316
X1.967 Y-0.2192
X1.9706 Y-0.2064
X1.9716 Y-0.2019
X1.974 Y-0.1913
X1.9768 Y-0.1806
X1.98 Y-0.17
X1.9834 Y-0.1594
X1.984 Y-0.1574
X1.9856 Y-0.1526
G3 X1.982 Y-0.1228 I-0.0359 J0.0108
X1.9414 Y-0.1053 I-0.0323 J-0.0191 F300.
G1 X0.7808 Y-0.2144
X0.6424 Y-0.2411
X0.536 Y-0.2749
X0.4488 Y-0.3151
X0.376 Y-0.3615
X0.3039 Y-0.4253
X0.2485 Y-0.4987
X0.212 Y-0.5743
X0.1895 Y-0.6594
X0.1628 Y-0.9573
X0.0536 Y-2.2873
G3 X0.1177 Y-2.3521 I0.0623 J-0.0026
X0.1471 Y-2.3437 I-0.0019 J0.0623 F50.
G1 X0.1523 Y-2.3405
X0.1526 Y-2.3403
X0.1633 Y-2.3342
X0.1714 Y-2.3298
X0.1739 Y-2.3285
X0.1846 Y-2.323
X0.1927 Y-2.3192
X0.1952 Y-2.3181
X0.2059 Y-2.3135
X0.2117 Y-2.311
X0.2177 Y-2.3082
X0.2244 Y-2.3045
X0.2317 Y-2.2999
X0.2395 Y-2.2943
X0.2478 Y-2.2875
X0.2567 Y-2.2794
X0.2661 Y-2.2698
X0.2753 Y-2.2592
X0.2839 Y-2.248
X0.2919 Y-2.2365
X0.2995 Y-2.2246
X0.3065 Y-2.2125
X0.3131 Y-2.2
X0.3193 Y-2.1874
X0.3251 Y-2.1746
X0.3306 Y-2.1616
X0.3357 Y-2.1485
X0.3404 Y-2.1353
G3 X0.3567 Y-2.0814 I-0.683 J0.2364
X0.3746 Y-1.999 I-0.978 J0.2548
X0.3899 Y-1.8875 I-1.5501 J0.27
X0.4 Y-1.7614 I-2.6296 J0.2735
X0.4069 Y-1.5927 I-5.0334 J0.2905
X0.4102 Y-1.4099 I-10.6409 J0.2852
X0.412 Y-1.1286 I-29.9311 J0.3277
G1 X0.4121 Y-1.1004
X0.4122 Y-1.0723
X0.4123 Y-1.0301
Y-0.9879
X0.4124 Y-0.9457
G2 X0.4126 Y-0.8754 I7.5678 J0.0082
G1 X0.4129 Y-0.8613
X0.4134 Y-0.8473
X0.4141 Y-0.8332
X0.4152 Y-0.8192
X0.4168 Y-0.8052
X0.4189 Y-0.7913
X0.4214 Y-0.7775
X0.4246 Y-0.7638
X0.4283 Y-0.7502
X0.4327 Y-0.7368
X0.4376 Y-0.7237
X0.443 Y-0.7107
X0.4491 Y-0.698
X0.4557 Y-0.6856
X0.4628 Y-0.6734
X0.4704 Y-0.6616
X0.4786 Y-0.6501
X0.4871 Y-0.639
X0.4962 Y-0.6282
X0.5056 Y-0.6178
X0.5154 Y-0.6077
X0.5256 Y-0.598
X0.5361 Y-0.5886
X0.5469 Y-0.5796
X0.558 Y-0.571
X0.5693 Y-0.5627
X0.581 Y-0.5548
X0.5928 Y-0.5472
X0.6049 Y-0.5399
X0.6171 Y-0.533
X0.6295 Y-0.5264
X0.6421 Y-0.5201
X0.6548 Y-0.5141
X0.6677 Y-0.5084
X0.6807 Y-0.503
G2 X0.7336 Y-0.4839 I0.2762 J-0.6841
X0.8151 Y-0.4621 I0.282 J-0.8903
X0.9119 Y-0.4445 I0.2795 J-1.2651
X1.0377 Y-0.4305 I0.2842 J-1.9788
X1.1781 Y-0.4219 I0.2803 J-3.4135
X1.3609 Y-0.4165 I0.2934 J-6.8457
X1.5015 Y-0.4145 I0.2686 J-14.1873
G1 X1.5437 Y-0.4141
G3 X1.6562 Y-0.4123 I-0.0518 J6.5614
X1.7265 Y-0.4089 I-0.0537 J1.8734
X1.7825 Y-0.4035 I-0.0708 J1.0188
G1 X1.7964 Y-0.4016
X1.8103 Y-0.3993
X1.8241 Y-0.3967
X1.8379 Y-0.3937
X1.8515 Y-0.3902
X1.865 Y-0.3862
X1.8783 Y-0.3817
X1.8914 Y-0.3766
X1.8939 Y-0.3755
X1.9051 Y-0.3697
X1.9157 Y-0.3628
X1.9254 Y-0.3547
X1.9341 Y-0.3456
X1.9418 Y-0.3356
X1.9483 Y-0.3247
X1.9536 Y-0.3133
X1.9576 Y-0.3013
X1.9603 Y-0.289
X1.9616 Y-0.2764
X1.9622 Y-0.2657
X1.9627 Y-0.2579
G2 X1.9666 Y-0.228 I0.4974 J-0.049
G3 X1.9577 Y-0.1993 I-0.0373 J0.0042
X1.9201 Y-0.1874 I-0.0284 J-0.0245 F300.
G1 X0.8021 Y-0.3307
X0.6531 Y-0.3728
X0.5572 Y-0.4168
X0.4925 Y-0.4573
X0.4352 Y-0.5036
X0.3764 Y-0.569
X0.3443 Y-0.6175
X0.3098 Y-0.6913
X0.2907 Y-0.7658
X0.128 Y-2.2447
G3 X0.1813 Y-2.3145 I0.0618 J-0.008
X0.2117 Y-2.311 I0.0084 J0.0617 F50.
G1 X0.2165 Y-2.309
X0.2177 Y-2.3086
X0.2272 Y-2.3051
X0.2378 Y-2.3015
X0.2486 Y-2.2979
X0.2591 Y-2.2949
X0.2698 Y-2.2922
X0.2775 Y-2.2899
X0.284 Y-2.2876
X0.2909 Y-2.2846
X0.2983 Y-2.2809
X0.3064 Y-2.2763
X0.3151 Y-2.2706
X0.3243 Y-2.2637
X0.334 Y-2.2555
X0.3442 Y-2.2459
X0.3539 Y-2.2356
X0.3629 Y-2.2249
X0.3715 Y-2.2137
X0.3796 Y-2.2022
X0.3872 Y-2.1904
X0.3944 Y-2.1783
X0.4011 Y-2.1659
X0.4075 Y-2.1534
X0.4135 Y-2.1407
X0.4192 Y-2.1278
X0.4246 Y-2.1148
X0.4296 Y-2.1017
G3 X0.4471 Y-2.0482 I-0.6897 J0.2553
X0.4668 Y-1.9662 I-0.959 J0.2732
X0.4843 Y-1.855 I-1.4664 J0.2878
X0.4962 Y-1.729 I-2.3897 J0.2907
X0.5043 Y-1.5745 I-4.2327 J0.2993
X0.5092 Y-1.3777 I-8.6219 J0.3113
X0.5115 Y-1.1245 I-21.569 J0.3259
G1 X0.5116 Y-1.1104
X0.5118 Y-1.0823
X0.5119 Y-1.0401
G2 X0.5128 Y-0.9698 I2.8918 J0.0004
G1 X0.5134 Y-0.9557
X0.5142 Y-0.9417
X0.5154 Y-0.9277
X0.5171 Y-0.9137
X0.5192 Y-0.8998
X0.5218 Y-0.886
X0.525 Y-0.8723
X0.5287 Y-0.8587
X0.533 Y-0.8453
X0.5378 Y-0.8321
X0.5432 Y-0.8191
X0.5492 Y-0.8064
X0.5557 Y-0.7939
X0.5627 Y-0.7817
X0.5702 Y-0.7698
X0.5782 Y-0.7582
X0.5866 Y-0.747
X0.5955 Y-0.7361
X0.6048 Y-0.7255
X0.6145 Y-0.7153
X0.6245 Y-0.7054
X0.6349 Y-0.6959
X0.6455 Y-0.6868
X0.6565 Y-0.678
X0.6678 Y-0.6695
X0.6793 Y-0.6614
X0.691 Y-0.6537
X0.7029 Y-0.6463
X0.7151 Y-0.6392
X0.7274 Y-0.6324
X0.7399 Y-0.6259
X0.7525 Y-0.6197
X0.7653 Y-0.6139
G2 X0.8176 Y-0.5931 I0.283 J-0.6358
X0.8713 Y-0.5762 I0.277 J-0.7872
X0.9672 Y-0.5543 I0.2899 J-1.0482
X1.0785 Y-0.538 I0.286 J-1.5635
X1.2187 Y-0.526 I0.2907 J-2.586
X1.3592 Y-0.5196 I0.2796 J-4.5763
X1.4576 Y-0.5169 I0.305 J-9.2713
G1 X1.4998 Y-0.5159
G3 X1.6123 Y-0.5125 I-0.1285 J6.1078
X1.6965 Y-0.5072 I-0.0854 J2.0138
X1.7524 Y-0.5008 I-0.0971 J1.0952
G1 X1.7663 Y-0.4987
X1.7801 Y-0.4963
X1.794 Y-0.4937
X1.8077 Y-0.4908
X1.8214 Y-0.4875
X1.835 Y-0.4838
X1.8484 Y-0.4797
X1.8617 Y-0.4752
X1.8748 Y-0.47
X1.8877 Y-0.4644
X1.9003 Y-0.4581
X1.9126 Y-0.4512
X1.9237 Y-0.4432
X1.9338 Y-0.4339
X1.9427 Y-0.4233
X1.9502 Y-0.4118
X1.9562 Y-0.3994
X1.9606 Y-0.3864
X1.9634 Y-0.3729
X1.9645 Y-0.3592
X1.9639 Y-0.3455
G2 X1.9616 Y-0.3189 I0.4802 J0.0554
G1 X1.9613 Y-0.3083
X1.9611 Y-0.2977
G3 X1.9475 Y-0.2708 I-0.0374 J-0.0021
X1.9201 Y-0.2624 I-0.0239 J-0.0289 F300.
G1 X0.8835 Y-0.4387
X0.7489 Y-0.4787
X0.6581 Y-0.5211
X0.5772 Y-0.5743
X0.5147 Y-0.6309
X0.4614 Y-0.6973
X0.4292 Y-0.7552
X0.4002 Y-0.8296
X0.3752 Y-0.9786
X0.195 Y-2.2341
G3 X0.2392 Y-2.2908 I0.0622 J0.0029
X0.2698 Y-2.2922 I0.0181 J0.0596 F50.
G1 X0.2804 Y-2.2896
X0.2911 Y-2.2874
G2 X0.323 Y-2.2823 I0.1308 J-0.723
G1 X0.3289 Y-2.2817
X0.3364 Y-2.2806
X0.3426 Y-2.2794
X0.3493 Y-2.2775
X0.3565 Y-2.2751
X0.3644 Y-2.272
X0.3729 Y-2.268
X0.382 Y-2.263
X0.3916 Y-2.257
X0.4018 Y-2.2498
X0.4126 Y-2.2412
X0.423 Y-2.2317
X0.4329 Y-2.2218
X0.4424 Y-2.2113
X0.4513 Y-2.2004
X0.4598 Y-2.1892
X0.4678 Y-2.1777
X0.4754 Y-2.1659
X0.4827 Y-2.1538
X0.4895 Y-2.1415
X0.4961 Y-2.1291
X0.5022 Y-2.1164
X0.5081 Y-2.1036
X0.5136 Y-2.0907
G3 X0.5331 Y-2.0379 I-0.6598 J0.2735
X0.5555 Y-1.9566 I-0.8992 J0.2917
X0.574 Y-1.8599 I-1.3034 J0.2995
X0.5895 Y-1.7343 I-2.0104 J0.3111
X0.6004 Y-1.58 I-3.3931 J0.3176
X0.6066 Y-1.4113 I-6.1876 J0.3131
X0.6102 Y-1.2003 I-12.9386 J0.3248
G1 X0.6104 Y-1.1863
X0.6108 Y-1.1441
G2 X0.6122 Y-1.0738 I2.3787 J-0.013
G1 X0.613 Y-1.0597
X0.614 Y-1.0457
X0.6154 Y-1.0317
X0.6172 Y-1.0178
X0.6195 Y-1.0039
X0.6222 Y-0.9901
X0.6255 Y-0.9764
X0.6293 Y-0.9629
X0.6337 Y-0.9495
X0.6386 Y-0.9363
X0.644 Y-0.9233
X0.65 Y-0.9106
X0.6565 Y-0.8981
X0.6635 Y-0.886
X0.6711 Y-0.8741
X0.679 Y-0.8625
X0.6875 Y-0.8512
X0.6963 Y-0.8403
X0.7056 Y-0.8297
X0.7152 Y-0.8195
X0.7252 Y-0.8096
X0.7355 Y-0.8
X0.7462 Y-0.7908
X0.7571 Y-0.782
X0.7683 Y-0.7735
X0.7798 Y-0.7653
X0.7915 Y-0.7575
X0.8034 Y-0.75
X0.8155 Y-0.7428
X0.8278 Y-0.736
X0.8402 Y-0.7294
X0.8528 Y-0.7232
X0.8655 Y-0.7172
G2 X0.9177 Y-0.6961 I0.2872 J-0.6341
X0.9848 Y-0.6751 I0.2872 J-0.8006
X1.067 Y-0.6564 I0.2864 J-1.0673
X1.1783 Y-0.6395 I0.2916 J-1.5477
X1.3184 Y-0.627 I0.2986 J-2.5565
X1.4307 Y-0.6209 I0.3367 J-5.1551
G3 X1.5431 Y-0.6156 I-1.0885 J24.2042
X1.6414 Y-0.6089 I-0.1506 J2.9318
X1.7112 Y-0.601 I-0.1308 J1.481
X1.7667 Y-0.5917 I-0.129 J0.9346
G1 X1.7805 Y-0.5888
X1.7942 Y-0.5856
X1.8078 Y-0.5821
X1.8214 Y-0.5784
X1.8348 Y-0.5743
X1.8482 Y-0.5699
X1.8614 Y-0.565
X1.8744 Y-0.5597
X1.8872 Y-0.5539
X1.8998 Y-0.5476
X1.9121 Y-0.5407
X1.924 Y-0.5333
X1.9355 Y-0.5252
X1.9454 Y-0.5164
X1.9543 Y-0.5065
X1.9619 Y-0.4956
X1.9683 Y-0.4839
X1.9732 Y-0.4716
X1.9767 Y-0.4588
X1.9786 Y-0.4456
X1.979 Y-0.4323
X1.9779 Y-0.4191
X1.9752 Y-0.4061
X1.9746 Y-0.4041
X1.9734 Y-0.3993
X1.9719 Y-0.3934
X1.9697 Y-0.3828
X1.9678 Y-0.3721
X1.9667 Y-0.3663
G3 X1.9493 Y-0.3418 I-0.0367 J-0.0077
X1.9201 Y-0.3378 I-0.0193 J-0.0322 F300.
G1 X0.9299 Y-0.5553
X0.8429 Y-0.5849
X0.7698 Y-0.6188
X0.685 Y-0.6728
X0.6105 Y-0.7408
X0.5892 Y-0.7649
X0.5889 Y-0.7652
X0.5887 Y-0.7655
X0.5885 Y-0.7658
X0.5449 Y-0.8296
X0.5297 Y-0.8616
G3 X0.5253 Y-0.8706 I0.0861 J-0.0476
G1 X0.4977 Y-0.9467
X0.2631 Y-2.2128
G3 X0.2988 Y-2.276 I0.0619 J-0.0068
X0.3289 Y-2.2817 I0.0263 J0.0565 F50.
G1 X0.3336 Y-2.2813
X0.3443 Y-2.2804
X0.3549 Y-2.2797
X0.3656 Y-2.2794
X0.3762
X0.3869 Y-2.2795
X0.393 Y-2.2794
X0.3988 Y-2.279
X0.4054 Y-2.2782
X0.4123 Y-2.2769
X0.4199 Y-2.275
X0.4282 Y-2.2724
X0.4371 Y-2.269
X0.4466 Y-2.2648
X0.4566 Y-2.2595
X0.4674 Y-2.2531
X0.4787 Y-2.2454
X0.4898 Y-2.2368
X0.5005 Y-2.2277
X0.5106 Y-2.2179
X0.5204 Y-2.2078
X0.5296 Y-2.1972
X0.5385 Y-2.1863
X0.5469 Y-2.175
X0.555 Y-2.1635
X0.5627 Y-2.1517
X0.57 Y-2.1397
X0.577 Y-2.1275
X0.5836 Y-2.1151
X0.5899 Y-2.1025
X0.596 Y-2.0898
G3 X0.6174 Y-2.0378 I-0.6376 J0.2932
X0.6389 Y-1.9709 I-0.8326 J0.3048
X0.6614 Y-1.875 I-1.1502 J0.3204
X0.6809 Y-1.75 I-1.7182 J0.3311
X0.6942 Y-1.61 I-2.7232 J0.3297
X0.7032 Y-1.4414 I-4.6796 J0.3344
X0.7079 Y-1.2727 I-8.5825 J0.3242
G2 X0.7096 Y-1.2024 I6.771 J-0.1273
G1 X0.7102 Y-1.1883
X0.7109 Y-1.1743
X0.7118 Y-1.1603
X0.7131 Y-1.1463
X0.7147 Y-1.1323
X0.7168 Y-1.1184
X0.7193 Y-1.1045
X0.7222 Y-1.0908
X0.7257 Y-1.0771
X0.7297 Y-1.0637
X0.7343 Y-1.0504
X0.7394 Y-1.0372
X0.745 Y-1.0243
X0.7511 Y-1.0117
X0.7578 Y-0.9993
X0.7649 Y-0.9872
X0.7725 Y-0.9753
X0.7806 Y-0.9638
X0.7891 Y-0.9526
X0.798 Y-0.9417
X0.8073 Y-0.9312
X0.817 Y-0.921
X0.827 Y-0.9111
X0.8374 Y-0.9016
X0.8481 Y-0.8925
X0.859 Y-0.8836
X0.8702 Y-0.8751
X0.8817 Y-0.867
X0.8934 Y-0.8592
X0.9053 Y-0.8517
X0.9174 Y-0.8445
X0.9297 Y-0.8377
X0.9421 Y-0.8311
X0.9547 Y-0.8248
G2 X1.0064 Y-0.8026 I0.2918 J-0.6062
X1.0731 Y-0.7803 I0.2917 J-0.7637
X1.1688 Y-0.7576 I0.2975 J-1.0398
X1.2382 Y-0.7459 I0.2763 J-1.4294
X1.3639 Y-0.7314 I0.331 J-2.3187
X1.448 Y-0.7243 I0.4964 J-5.3836
G1 X1.4901 Y-0.7211
G3 X1.6022 Y-0.7112 I-0.3593 J4.7415
X1.6859 Y-0.7007 I-0.194 J1.8823
X1.7551 Y-0.6881 I-0.1745 J1.1542
X1.8096 Y-0.6744 I-0.1709 J0.7926
G1 X1.8231 Y-0.6703
X1.8365 Y-0.6659
X1.8497 Y-0.6612
X1.8629 Y-0.6562
X1.8759 Y-0.6508
X1.8887 Y-0.6451
X1.9013 Y-0.6389
X1.9137 Y-0.6322
X1.9258 Y-0.6251
X1.9376 Y-0.6174
X1.949 Y-0.6091
X1.96 Y-0.6003
X1.9704 Y-0.5909
X1.9746 Y-0.5868
X1.9831 Y-0.5772
X1.9904 Y-0.5666
X1.9963 Y-0.5552
X2.0009 Y-0.5432
X2.004 Y-0.5307
X2.0055 Y-0.518
Y-0.5051
X2.004 Y-0.4924
X2.0009 Y-0.4799
X1.9963 Y-0.4679
X1.9947 Y-0.4642
X1.9919 Y-0.4573
X1.9879 Y-0.4466
X1.9841 Y-0.436
G3 X1.9627 Y-0.4148 I-0.0349 J-0.0138
G1 X1.9201 Y-0.4112 F300.
X1.6965 Y-0.4712
X0.9832 Y-0.6712
X0.8754 Y-0.7191
X0.7915 Y-0.7705
X0.717 Y-0.8371
X0.6675 Y-0.8968
X0.6168 Y-0.9892
X0.5972 Y-1.0531
X0.3312 Y-2.2022
G3 X0.3579 Y-2.2697 I0.0604 J-0.0152
X0.3869 Y-2.2795 I0.0338 J0.0524 F50.
G1 X0.3975 Y-2.2799
X0.4082 Y-2.2807
X0.4188 Y-2.2816
X0.4295 Y-2.2828
X0.4401 Y-2.2844
X0.4481 Y-2.2853
X0.4536 Y-2.2856
X0.4598
X0.4667 Y-2.2851
X0.4741 Y-2.2842
X0.4822 Y-2.2827
X0.491 Y-2.2806
X0.5004 Y-2.2777
X0.5104 Y-2.274
X0.521 Y-2.2692
X0.5324 Y-2.2634
X0.5444 Y-2.2563
X0.556 Y-2.2484
X0.5672 Y-2.2399
X0.578 Y-2.2309
X0.5884 Y-2.2214
X0.5983 Y-2.2114
X0.6078 Y-2.2011
X0.617 Y-2.1904
X0.6257 Y-2.1794
X0.6341 Y-2.1681
X0.6421 Y-2.1565
X0.6498 Y-2.1448
X0.6572 Y-2.1328
X0.6643 Y-2.1206
X0.671 Y-2.1083
X0.6775 Y-2.0958
G3 X0.7007 Y-2.0445 I-0.6264 J0.3144
X0.7244 Y-1.9784 I-0.805 J0.3262
X0.7498 Y-1.8833 I-1.0891 J0.3418
X0.7725 Y-1.7587 I-1.583 J0.352
X0.7885 Y-1.619 I-2.4274 J0.3499
X0.7991 Y-1.4647 I-3.9121 J0.346
X0.8045 Y-1.3382 I-7.7507 J0.3923
G2 X0.8073 Y-1.282 I2.1915 J-0.0833
G1 X0.8085 Y-1.268
X0.8098 Y-1.254
X0.8115 Y-1.24
X0.8136 Y-1.2261
X0.8161 Y-1.2123
X0.8191 Y-1.1985
X0.8225 Y-1.1849
X0.8264 Y-1.1714
X0.8309 Y-1.158
X0.8359 Y-1.1449
X0.8414 Y-1.1319
X0.8474 Y-1.1192
X0.8539 Y-1.1067
X0.8608 Y-1.0945
X0.8683 Y-1.0826
X0.8762 Y-1.071
X0.8846 Y-1.0597
X0.8934 Y-1.0487
X0.9025 Y-1.038
X0.9121 Y-1.0277
X0.922 Y-1.0177
X0.9322 Y-1.008
X0.9427 Y-0.9987
X0.9535 Y-0.9897
X0.9646 Y-0.9811
X0.976 Y-0.9728
X0.9876 Y-0.9648
X0.9994 Y-0.9571
X1.0114 Y-0.9498
X1.0236 Y-0.9428
X1.0359 Y-0.9361
X1.0484 Y-0.9296
X1.0611 Y-0.9235
G2 X1.1129 Y-0.9017 I0.2954 J-0.6291
X1.1798 Y-0.8798 I0.2979 J-0.7964
X1.2755 Y-0.8571 I0.3145 J-1.1153
X1.3726 Y-0.8409 I0.3524 J-1.8122
G1 X1.3866 Y-0.8389
X1.4005 Y-0.837
X1.4144 Y-0.8352
G2 X1.5261 Y-0.8214 I1.5974 J-12.5187
G3 X1.6237 Y-0.8084 I-0.5028 J4.1503
X1.7069 Y-0.7942 I-0.2671 J1.8064
X1.7754 Y-0.7784 I-0.228 J1.1506
X1.8293 Y-0.7623 I-0.2178 J0.8272
G1 X1.8426 Y-0.7577
X1.8558 Y-0.7528
X1.8689 Y-0.7476
X1.8818 Y-0.7421
X1.8946 Y-0.7363
X1.9073 Y-0.7302
X1.9198 Y-0.7237
X1.9321 Y-0.7168
X1.9441 Y-0.7096
X1.9559 Y-0.7019
X1.9674 Y-0.6938
X1.9785 Y-0.6852
X1.9892 Y-0.676
X1.9994 Y-0.6664
X2.0092 Y-0.6562
X2.0183 Y-0.6455
X2.0261 Y-0.6351
X2.0262 Y-0.635
X2.0326 Y-0.6239
X2.0375 Y-0.6121
X2.0409 Y-0.5997
X2.0426 Y-0.587
Y-0.5741
X2.041 Y-0.5614
X2.0378 Y-0.549
X2.0329 Y-0.5371
X2.0266 Y-0.526
X2.0236 Y-0.5211
G2 X2.0053 Y-0.4876 I0.5504 J0.3228
G1 X2.0011 Y-0.4785
G3 X1.978 Y-0.4594 I-0.0335 J-0.0169
X1.9521 Y-0.4613 I-0.0103 J-0.0361 F300.
G1 X1.0257 Y-0.7962
X0.9406 Y-0.8408
X0.8767 Y-0.884
X0.8095 Y-0.9467
X0.7591 Y-1.0105
X0.7276 Y-1.0658
X0.7252 Y-1.07
X0.7231 Y-1.0743
X0.6977 Y-1.1488
X0.3938 Y-2.2022
G3 X0.4125 Y-2.2712 I0.0586 J-0.0211
X0.4401 Y-2.2844 I0.0399 J0.0479 F50.
G1 X0.4508 Y-2.2861
X0.4572 Y-2.2873
X0.4614 Y-2.2881
G2 X0.4945 Y-2.2962 I-0.1542 J-0.6998
G1 X0.4991 Y-2.2974
X0.5042 Y-2.2983
X0.5102 Y-2.2991
X0.5167 Y-2.2995
X0.5237 Y-2.2996
X0.5315 Y-2.2992
X0.54 Y-2.2982
X0.549 Y-2.2967
X0.5587 Y-2.2945
X0.5692 Y-2.2914
X0.5804 Y-2.2874
X0.5922 Y-2.2823
X0.6047 Y-2.2761
X0.6169 Y-2.269
X0.6287 Y-2.2614
X0.6401 Y-2.2531
X0.6511 Y-2.2444
X0.6618 Y-2.2351
X0.672 Y-2.2255
X0.6818 Y-2.2155
X0.6913 Y-2.2051
X0.7005 Y-2.1944
X0.7093 Y-2.1834
X0.7177 Y-2.1722
X0.7259 Y-2.1607
X0.7337 Y-2.149
X0.7412 Y-2.1372
X0.7485 Y-2.1251
X0.7554 Y-2.1129
G3 X0.7806 Y-2.0626 I-0.6092 J0.3365
X0.8069 Y-1.9973 I-0.7729 J0.3488
X0.8355 Y-1.9032 I-1.0275 J0.3645
X0.8594 Y-1.7932 I-1.4288 J0.368
X0.8796 Y-1.6541 I-2.0915 J0.3745
X0.8935 Y-1.5 I-3.264 J0.3709
X0.8981 Y-1.4298 I-9.4045 J0.6552
G2 X0.9026 Y-1.3737 I1.5912 J-0.1002
G1 X0.9042 Y-1.3598
X0.9061 Y-1.3458
X0.9083 Y-1.3319
X0.911 Y-1.3181
X0.914 Y-1.3044
X0.9175 Y-1.2908
X0.9215 Y-1.2773
X0.926 Y-1.2639
X0.9309 Y-1.2508
X0.9364 Y-1.2378
X0.9424 Y-1.2251
X0.9488 Y-1.2126
X0.9557 Y-1.2003
X0.9631 Y-1.1884
X0.971 Y-1.1767
X0.9792 Y-1.1653
X0.9879 Y-1.1542
X0.997 Y-1.1435
X1.0065 Y-1.1331
X1.0162 Y-1.123
X1.0264 Y-1.1132
X1.0368 Y-1.1038
X1.0476 Y-1.0947
X1.0586 Y-1.0859
X1.0698 Y-1.0775
X1.0813 Y-1.0694
X1.093 Y-1.0616
X1.105 Y-1.0542
X1.1171 Y-1.047
X1.1293 Y-1.0401
X1.1418 Y-1.0336
G2 X1.1929 Y-1.0101 I0.3079 J-0.6015
X1.259 Y-0.9861 I0.3182 J-0.7746
X1.3403 Y-0.9636 I0.3465 J-1.0964
X1.4366 Y-0.9433 I0.4446 J-1.8684
X1.5197 Y-0.9285 I0.9042 J-4.8185
G1 X1.5474 Y-0.9237
X1.5613 Y-0.9212
G3 X1.6719 Y-0.9005 I-0.6064 J3.5382
X1.754 Y-0.8812 I-0.3412 J1.6402
X1.8214 Y-0.8611 I-0.2822 J1.068
X1.8871 Y-0.836 I-0.26 J0.7769
G1 X1.8999 Y-0.8302
X1.9126 Y-0.8242
X1.9252 Y-0.8179
X1.9376 Y-0.8112
X1.9498 Y-0.8043
X1.9619 Y-0.7971
X1.9737 Y-0.7895
X1.9854 Y-0.7815
X1.9967 Y-0.7733
X2.0078 Y-0.7646
X2.0186 Y-0.7555
X2.029 Y-0.7461
X2.0389 Y-0.7361
X2.0483 Y-0.7257
X2.0572 Y-0.7148
X2.0653 Y-0.7036
X2.0726 Y-0.6923
X2.0732 Y-0.6912
X2.0792 Y-0.6786
X2.0834 Y-0.6654
X2.0858 Y-0.6517
X2.0863 Y-0.6378
X2.0849 Y-0.624
X2.0817 Y-0.6105
X2.0766 Y-0.5976
X2.0699 Y-0.5854
X2.0616 Y-0.5743
G2 X2.0449 Y-0.553 I0.8209 J0.6615
G1 X2.0374 Y-0.5424
X2.0338 Y-0.5369
G3 X2.0081 Y-0.5215 I-0.0306 J-0.0217
X1.984 Y-0.5265 I-0.0048 J-0.0372 F300.
G1 X1.0871 Y-0.9148
X1.0044 Y-0.9636
X0.9212 Y-1.0336
X0.8603 Y-1.1063
X0.8296 Y-1.1595
X0.7944 Y-1.2446
X0.4573 Y-2.2128
G3 X0.4688 Y-2.2795 I0.0573 J-0.0244
X0.4945 Y-2.2962 I0.0458 J0.0423 F50.
G1 X0.5001 Y-2.2979
G2 X0.5311 Y-2.3085 I-0.1915 J-0.6088
G1 X0.536 Y-2.3105
X0.5418 Y-2.313
X0.5482 Y-2.3154
X0.5534 Y-2.317
X0.559 Y-2.3183
X0.5653 Y-2.3194
X0.5723 Y-2.3203
X0.5797 Y-2.3207
X0.588
X0.5971 Y-2.3202
X0.6067 Y-2.3191
X0.6171 Y-2.3172
X0.6282 Y-2.3146
X0.64 Y-2.311
X0.6526 Y-2.3063
X0.6655 Y-2.3007
X0.6781 Y-2.2944
X0.6903 Y-2.2874
X0.7021 Y-2.2798
X0.7136 Y-2.2717
X0.7247 Y-2.2631
X0.7355 Y-2.254
X0.7459 Y-2.2446
X0.756 Y-2.2348
X0.7658 Y-2.2247
X0.7752 Y-2.2142
X0.7843 Y-2.2035
X0.7931 Y-2.1925
X0.8016 Y-2.1813
X0.8098 Y-2.1699
X0.8177 Y-2.1583
X0.8254 Y-2.1465
G3 X0.8533 Y-2.0976 I-0.5704 J0.3584
X0.8828 Y-2.0338 I-0.7189 J0.372
X0.9159 Y-1.9411 I-0.9442 J0.3888
X0.9441 Y-1.8322 I-1.2901 J0.3928
X0.9688 Y-1.6938 I-1.8407 J0.399
X0.9838 Y-1.5681 I-2.7937 J0.3972
G1 X0.9895 Y-1.5121
G2 X0.9966 Y-1.4563 I1.0949 J-0.1113
G1 X0.999 Y-1.4424
X1.0017 Y-1.4286
X1.0047 Y-1.4149
X1.0082 Y-1.4013
X1.0122 Y-1.3878
X1.0165 Y-1.3744
X1.0214 Y-1.3612
X1.0267 Y-1.3482
X1.0325 Y-1.3354
X1.0388 Y-1.3228
X1.0455 Y-1.3104
X1.0527 Y-1.2983
X1.0603 Y-1.2865
X1.0684 Y-1.275
X1.0768 Y-1.2638
X1.0857 Y-1.2528
X1.0949 Y-1.2422
X1.1045 Y-1.2319
X1.1144 Y-1.2219
X1.1246 Y-1.2123
X1.1352 Y-1.2029
X1.146 Y-1.1939
X1.157 Y-1.1852
X1.1683 Y-1.1769
X1.1798 Y-1.1688
X1.1916 Y-1.161
X1.2035 Y-1.1536
X1.2156 Y-1.1464
X1.2279 Y-1.1395
G2 X1.2783 Y-1.1146 I0.3321 J-0.6093
X1.3437 Y-1.0887 I0.3558 J-0.8017
X1.4242 Y-1.0634 I0.4164 J-1.1849
X1.5195 Y-1.039 I0.6317 J-2.2674
X1.6154 Y-1.0166 I3.2559 J-13.7434
G3 X1.6974 Y-0.9966 I-0.9245 J3.9609
X1.7921 Y-0.9695 I-0.442 J1.722
X1.8714 Y-0.9409 I-0.3469 J1.0858
X1.9354 Y-0.9117 I-0.3191 J0.7856
X1.9845 Y-0.8842 I-0.3066 J0.6031
G1 X1.9963 Y-0.8766
X2.008 Y-0.8688
X2.0194 Y-0.8606
X2.0307 Y-0.8521
X2.0417 Y-0.8434
X2.0524 Y-0.8342
X2.0628 Y-0.8248
X2.0729 Y-0.815
X2.0826 Y-0.8048
X2.0918 Y-0.7942
X2.1005 Y-0.7831
X2.1087 Y-0.7717
X2.1162 Y-0.7598
X2.123 Y-0.7475
X2.1286 Y-0.7359
X2.1292 Y-0.7345
X2.1333 Y-0.7223
X2.1359 Y-0.7097
X2.137 Y-0.6969
X2.1365 Y-0.6841
X2.1344 Y-0.6714
X2.1308 Y-0.6591
X2.1257 Y-0.6473
X2.1192 Y-0.6362
X2.1114 Y-0.626
X2.1024 Y-0.6169
X2.0961 Y-0.611
X2.0905 Y-0.6058
X2.0854 Y-0.6007
X2.0799 Y-0.5947
X2.0753 Y-0.5898
G3 X2.0474 Y-0.5787 I-0.0267 J-0.0264
X2.028 Y-0.5849 I0.0013 J-0.0375 F300.
G1 X1.1322 Y-1.0436
X1.0577 Y-1.0986
X1.0024 Y-1.1501
X0.9512 Y-1.2151
X0.9086 Y-1.291
X0.5102 Y-2.2341
G3 X0.5181 Y-2.2936 I0.0581 J-0.0225
X0.5418 Y-2.313 I0.0501 J0.037 F50.
G1 X0.5466 Y-2.3151
X0.5561 Y-2.3192
G2 X0.5892 Y-2.3362 I-0.2363 J-0.4999
G1 X0.5931 Y-2.3382
X0.598 Y-2.3404
X0.6031 Y-2.3423
X0.6091 Y-2.3441
X0.6157 Y-2.3457
X0.6228 Y-2.347
X0.6308 Y-2.348
X0.6395 Y-2.3485
X0.6488
X0.6589 Y-2.348
X0.6698 Y-2.3467
X0.6815 Y-2.3447
X0.6939 Y-2.3417
X0.7071 Y-2.3377
X0.7203 Y-2.3329
X0.7333 Y-2.3274
X0.7459 Y-2.3211
X0.7582 Y-2.3143
X0.7702 Y-2.307
X0.7818 Y-2.2991
X0.7932 Y-2.2908
X0.8042 Y-2.2821
X0.8149 Y-2.273
X0.8253 Y-2.2635
X0.8354 Y-2.2537
X0.8452 Y-2.2436
X0.8547 Y-2.2332
X0.8639 Y-2.2226
X0.8728 Y-2.2117
X0.8814 Y-2.2006
X0.8898 Y-2.1892
X0.8979 Y-2.1777
G3 X0.9277 Y-2.1301 I-0.5602 J0.3837
X0.9598 Y-2.0675 I-0.698 J0.3976
X0.9964 Y-1.9761 I-0.9046 J0.415
X1.0284 Y-1.8683 I-1.2146 J0.4194
X1.0571 Y-1.7306 I-1.6986 J0.4266
X1.0701 Y-1.6473 I-2.7527 J0.4697
G2 X1.0783 Y-1.5916 I4.6348 J-0.6576
G1 X1.0806 Y-1.5777
X1.0831 Y-1.5639
X1.0858 Y-1.5501
X1.0888 Y-1.5363
X1.0921 Y-1.5227
X1.0958 Y-1.5091
X1.0999 Y-1.4956
X1.1043 Y-1.4823
X1.1092 Y-1.4691
X1.1146 Y-1.4561
X1.1204 Y-1.4433
X1.1266 Y-1.4306
X1.1332 Y-1.4183
X1.1403 Y-1.4061
X1.1479 Y-1.3942
X1.1558 Y-1.3826
X1.1641 Y-1.3713
X1.1728 Y-1.3602
X1.1818 Y-1.3494
X1.1912 Y-1.339
X1.201 Y-1.3288
X1.211 Y-1.319
X1.2213 Y-1.3094
X1.2319 Y-1.3002
X1.2428 Y-1.2912
X1.2539 Y-1.2826
X1.2652 Y-1.2742
X1.2767 Y-1.2661
X1.2884 Y-1.2584
X1.3003 Y-1.2509
G2 X1.3494 Y-1.2234 I0.3639 J-0.5925
X1.4133 Y-1.1941 I0.3999 J-0.788
X1.4924 Y-1.1645 I0.4894 J-1.1891
X1.5862 Y-1.1349 I0.805 J-2.3826
X1.6806 Y-1.1069 I10.6819 J-35.8716
G3 X1.7879 Y-1.0729 I-0.831 J2.8128
G1 X1.8012 Y-1.0683
X1.8145 Y-1.0636
X1.8277 Y-1.0588
G3 X1.9058 Y-1.0269 I-0.4374 J1.1848
X1.9688 Y-0.9957 I-0.3929 J0.8744
X2.0173 Y-0.9671 I-0.3717 J0.684
G1 X2.029 Y-0.9594
X2.0406 Y-0.9514
X2.052 Y-0.9432
X2.0632 Y-0.9347
X2.0742 Y-0.9259
X2.085 Y-0.9168
X2.0955 Y-0.9075
X2.1057 Y-0.8979
X2.1157 Y-0.8879
X2.1253 Y-0.8776
X2.1346 Y-0.8671
X2.1434 Y-0.8562
X2.1519 Y-0.8449
X2.1598 Y-0.8333
X2.1672 Y-0.8213
X2.1739 Y-0.809
X2.18 Y-0.7963
X2.1852 Y-0.7835
X2.1896 Y-0.7709
X2.1923 Y-0.7582
X2.1935 Y-0.7453
X2.1931 Y-0.7323
X2.1911 Y-0.7195
X2.1877 Y-0.707
X2.1828 Y-0.695
X2.1765 Y-0.6836
X2.1688 Y-0.6731
X2.16 Y-0.6636
X2.1501 Y-0.6553
G2 X2.1224 Y-0.6341 I0.6212 J0.8395
G1 X2.1179 Y-0.6305
X2.0954 Y-0.623
X2.0885 Y-0.6247
X2.0776 Y-0.6275 F300.
X1.1846 Y-1.1713
X1.107 Y-1.238
X1.0647 Y-1.2872
X1.0151 Y-1.3617
X0.5666 Y-2.2554
G3 X0.5679 Y-2.3138 I0.0556 J-0.028
G1 X0.5892 Y-2.3362 F50.
X0.5965 Y-2.3405
G2 X0.6211 Y-2.3563 I-0.5915 J-0.949
G1 X0.6287 Y-2.3618
X0.6341 Y-2.3654
X0.6385 Y-2.368
X0.6433 Y-2.3705
X0.6488 Y-2.3729
X0.655 Y-2.3753
X0.6616 Y-2.3773
X0.6692 Y-2.3792
X0.6774 Y-2.3807
X0.6863 Y-2.3818
X0.696 Y-2.3825
X0.7065
X0.7179 Y-2.382
X0.7301 Y-2.3806
X0.743 Y-2.3784
X0.7567 Y-2.3752
X0.7702 Y-2.3712
X0.7835 Y-2.3665
X0.7965 Y-2.3611
X0.8092 Y-2.3551
X0.8217 Y-2.3486
X0.8338 Y-2.3416
X0.8457 Y-2.334
X0.8573 Y-2.3261
X0.8686 Y-2.3177
X0.8796 Y-2.309
X0.8904 Y-2.2999
X0.9008 Y-2.2905
X0.911 Y-2.2807
X0.9209 Y-2.2707
X0.9305 Y-2.2605
X0.9398 Y-2.25
X0.9489 Y-2.2392
X0.9577 Y-2.2283
X0.9663 Y-2.2171
G3 X0.9982 Y-2.1707 I-0.5479 J0.4105
X1.0329 Y-2.1096 I-0.6776 J0.4256
X1.0733 Y-2.0199 I-0.867 J0.4436
X1.1094 Y-1.9133 I-1.1458 J0.4483
X1.14 Y-1.7905 I-1.5783 J0.4583
X1.1539 Y-1.7216 I-3.679 J0.7791
G2 X1.1654 Y-1.6665 I1.9545 J-0.3805
G1 X1.1687 Y-1.6528
X1.1722 Y-1.6392
X1.176 Y-1.6257
X1.1801 Y-1.6122
X1.1845 Y-1.5989
X1.1893 Y-1.5856
X1.1944 Y-1.5725
X1.2 Y-1.5596
X1.206 Y-1.5469
X1.2123 Y-1.5343
X1.2191 Y-1.522
X1.2262 Y-1.5099
X1.2337 Y-1.498
X1.2417 Y-1.4864
X1.2499 Y-1.475
X1.2586 Y-1.4639
X1.2675 Y-1.4531
X1.2768 Y-1.4425
X1.2864 Y-1.4322
X1.2963 Y-1.4222
X1.3065 Y-1.4125
X1.3169 Y-1.403
X1.3276 Y-1.3939
X1.3385 Y-1.385
X1.3496 Y-1.3764
X1.3609 Y-1.368
G2 X1.4079 Y-1.3371 I0.3968 J-0.5518
X1.4696 Y-1.3034 I0.4392 J-0.7318
X1.5465 Y-1.2687 I0.54 J-1.0943
X1.6384 Y-1.2332 I0.871 J-2.1173
X1.731 Y-1.1998 I4.5088 J-12.3458
G3 X1.8232 Y-1.1653 I-1.3222 J3.6706
X1.9138 Y-1.1268 I-0.6524 J1.6645
G1 X1.9265 Y-1.1209
G3 X2.0014 Y-1.082 I-0.48 J1.0165
X2.0611 Y-1.0448 I-0.4357 J0.7643
X2.1062 Y-1.0112 I-0.4101 J0.5998
G1 X2.1171 Y-1.0023
X2.1277 Y-0.9931
X2.1382 Y-0.9837
X2.1484 Y-0.974
X2.1583 Y-0.964
X2.168 Y-0.9538
X2.1774 Y-0.9433
X2.1864 Y-0.9326
X2.1951 Y-0.9215
X2.2035 Y-0.9102
X2.2115 Y-0.8986
X2.219 Y-0.8867
X2.226 Y-0.8745
X2.2324 Y-0.862
X2.2383 Y-0.8492
X2.2434 Y-0.8362
X2.2479 Y-0.8228
X2.2506 Y-0.8099
X2.2518 Y-0.7968
X2.2516 Y-0.7836
X2.2499 Y-0.7706
X2.2467 Y-0.7578
X2.2421 Y-0.7454
X2.2362 Y-0.7337
X2.229 Y-0.7226
X2.2205 Y-0.7125
X2.211 Y-0.7034
X2.2094 Y-0.702
X2.2076 Y-0.7005
X2.197 Y-0.6916
X2.1757 Y-0.6746
X2.1699 Y-0.6701
X2.165 Y-0.6664
X2.1603 Y-0.6629
X2.139 Y-0.6562
X2.1307 Y-0.6582
X2.1224 Y-0.6601 F300.
X1.2387 Y-1.2982
X1.1739 Y-1.3616
X1.1248 Y-1.4255
X0.6176 Y-2.2766
G3 X0.6104 Y-2.3372 I0.0504 J-0.0367
X0.6287 Y-2.3618 I0.0575 J0.0239 F50.
G1 X0.6318 Y-2.364
X0.6424 Y-2.3721
X0.6427 Y-2.3724
X0.6531 Y-2.3807
X0.6558 Y-2.383
X0.6637 Y-2.3901
X0.6677 Y-2.3937
X0.6731 Y-2.398
X0.677 Y-2.4009
X0.6818 Y-2.404
X0.6871 Y-2.4069
X0.693 Y-2.4098
X0.6997 Y-2.4126
X0.7069 Y-2.4151
X0.715 Y-2.4174
X0.724 Y-2.4194
X0.7336 Y-2.4209
X0.744 Y-2.4219
X0.7553 Y-2.4224
X0.7675 Y-2.4222
X0.7806 Y-2.4211
X0.7945 Y-2.4192
X0.8083 Y-2.4165
X0.8219 Y-2.413
X0.8354 Y-2.4088
X0.8486 Y-2.404
X0.8616 Y-2.3987
X0.8743 Y-2.3927
X0.8868 Y-2.3863
X0.8991 Y-2.3794
X0.9111 Y-2.372
X0.9228 Y-2.3642
X0.9343 Y-2.3561
X0.9455 Y-2.3476
X0.9564 Y-2.3388
X0.9671 Y-2.3296
X0.9775 Y-2.3202
X0.9877 Y-2.3105
X0.9976 Y-2.3005
X1.0073 Y-2.2903
X1.0167 Y-2.2798
X1.0259 Y-2.2692
G3 X1.0603 Y-2.2247 I-0.519 J0.4365
X1.0983 Y-2.1655 I-0.6405 J0.4536
X1.1433 Y-2.078 I-0.8142 J0.4734
X1.1845 Y-1.9733 I-1.0664 J0.4802
X1.2132 Y-1.8792 I-1.4477 J0.4936
X1.2311 Y-1.8111 I-3.8767 J1.0555
G2 X1.2459 Y-1.7568 I1.8128 J-0.4634
G1 X1.2499 Y-1.7434
X1.2542 Y-1.73
X1.2587 Y-1.7167
X1.2635 Y-1.7034
X1.2686 Y-1.6903
X1.2741 Y-1.6774
X1.2798 Y-1.6645
X1.2859 Y-1.6519
X1.2924 Y-1.6394
X1.2992 Y-1.6271
X1.3064 Y-1.615
X1.3139 Y-1.6031
X1.3217 Y-1.5914
X1.3299 Y-1.5799
X1.3384 Y-1.5687
X1.3472 Y-1.5578
X1.3563 Y-1.547
X1.3657 Y-1.5366
X1.3754 Y-1.5264
X1.3853 Y-1.5164
X1.3955 Y-1.5067
X1.4059 Y-1.4972
X1.4165 Y-1.488
G2 X1.461 Y-1.4535 I0.4318 J-0.511
X1.52 Y-1.4153 I0.475 J-0.6692
X1.5943 Y-1.3753 I0.5748 J-0.9769
X1.6836 Y-1.334 I0.871 J-1.7655
X1.7742 Y-1.2953 I2.72 J-6.2422
G3 X1.8774 Y-1.2505 I-1.9263 J4.581
X1.9536 Y-1.2142 I-0.8609 J1.9031
X2.0155 Y-1.1809 I-0.6396 J1.2673
X2.0872 Y-1.1364 I-0.5356 J0.9409
X2.1437 Y-1.0945 I-0.4878 J0.717
X2.186 Y-1.0574 I-0.4583 J0.5663
G1 X2.1961 Y-1.0477
X2.206 Y-1.0376
X2.2156 Y-1.0274
X2.225 Y-1.0169
X2.2341 Y-1.0062
X2.243 Y-0.9953
X2.2515 Y-0.9841
X2.2598 Y-0.9727
X2.2676 Y-0.9611
X2.2751 Y-0.9492
X2.2822 Y-0.937
X2.2887 Y-0.9245
X2.2947 Y-0.9118
X2.3001 Y-0.8988
X2.3049 Y-0.8856
X2.309 Y-0.8722
X2.3113 Y-0.8595
X2.3122 Y-0.8467
X2.3116 Y-0.8338
X2.3095 Y-0.8211
X2.306 Y-0.8087
X2.3011 Y-0.7968
X2.2949 Y-0.7855
X2.2874 Y-0.7751
X2.2787 Y-0.7655
X2.2682 Y-0.7552
X2.2609 Y-0.748
G3 X2.2341 Y-0.7233 I-4.9582 J-5.3501
G1 X2.2289 Y-0.7187
X2.2183 Y-0.7096
X2.211 Y-0.7034
G3 X2.182 Y-0.6956 I-0.0234 J-0.0293
X2.165 Y-0.7028 I0.0056 J-0.0371 F300.
G1 X1.3026 Y-1.4149
X1.2266 Y-1.4999
X0.6639 Y-2.3086
G3 X0.6517 Y-2.3676 I0.0473 J-0.0405
X0.6677 Y-2.3937 I0.0595 J0.0185 F50.
G1 X0.6744 Y-2.3997
X0.7021 Y-2.4256
X0.7063 Y-2.4293
X0.7141 Y-2.4362
X0.7195 Y-2.4404
X0.7243 Y-2.4438
X0.7297 Y-2.4471
X0.736 Y-2.4505
X0.7428 Y-2.4536
X0.7504 Y-2.4566
X0.759 Y-2.4593
X0.7682 Y-2.4617
X0.7782 Y-2.4637
X0.7892 Y-2.4652
X0.8011 Y-2.4662
X0.8139 Y-2.4664
X0.8277 Y-2.4659
X0.8417 Y-2.4645
X0.8556 Y-2.4623
X0.8693 Y-2.4594
X0.8829 Y-2.4559
X0.8964 Y-2.4517
X0.9096 Y-2.447
X0.9227 Y-2.4417
X0.9355 Y-2.4359
X0.9481 Y-2.4296
X0.9604 Y-2.4229
X0.9726 Y-2.4158
X0.9845 Y-2.4083
X0.9961 Y-2.4004
X1.0076 Y-2.3922
X1.0187 Y-2.3837
X1.0297 Y-2.3749
X1.0404 Y-2.3657
X1.0509 Y-2.3564
X1.0611 Y-2.3467
X1.0711 Y-2.3368
X1.0809 Y-2.3267
G3 X1.1177 Y-2.2842 I-0.4914 J0.4637
X1.159 Y-2.2273 I-0.6056 J0.4829
X1.2087 Y-2.1423 I-0.7665 J0.5047
X1.2551 Y-2.0399 I-1.0005 J0.5156
X1.2886 Y-1.9473 I-1.4883 J0.5892
X1.3061 Y-1.8938 I-7.6854 J2.5469
G2 X1.3243 Y-1.8406 I1.6498 J-0.5369
X1.3454 Y-1.7885 I0.775 J-0.2822
G1 X1.3513 Y-1.7757
X1.3574 Y-1.763
X1.3639 Y-1.7505
X1.3706 Y-1.7382
X1.3776 Y-1.726
X1.385 Y-1.714
X1.3926 Y-1.7022
X1.4006 Y-1.6906
X1.4088 Y-1.6792
X1.4173 Y-1.668
X1.4261 Y-1.657
X1.4351 Y-1.6462
X1.4444 Y-1.6357
X1.454 Y-1.6253
X1.4638 Y-1.6152
G2 X1.505 Y-1.577 I0.4708 J-0.4673
X1.5606 Y-1.534 I0.5065 J-0.5965
X1.6315 Y-1.4882 I0.5918 J-0.8392
X1.7178 Y-1.4408 I0.8207 J-1.3917
X1.806 Y-1.397 I1.7037 J-3.3179
G3 X1.8945 Y-1.3539 I-7.5271 J15.5689
X1.9944 Y-1.3022 I-1.2342 J2.5096
X2.0674 Y-1.2598 I-0.7965 J1.4551
G1 X2.0793 Y-1.2524
X2.0912 Y-1.2448
X2.1029 Y-1.237
G3 X2.1823 Y-1.1788 I-0.5748 J0.867
X2.235 Y-1.1323 I-0.5299 J0.6526
X2.2739 Y-1.0917 I-0.4912 J0.5102
G1 X2.2831 Y-1.081
X2.2921 Y-1.0702
X2.3008 Y-1.0591
X2.3092 Y-1.0479
X2.3173 Y-1.0364
X2.3251 Y-1.0247
X2.3326 Y-1.0128
X2.3397 Y-1.0006
X2.3463 Y-0.9882
X2.3525 Y-0.9756
X2.3582 Y-0.9627
X2.3632 Y-0.9496
X2.3635 Y-0.9487
X2.3671 Y-0.9354
X2.3692 Y-0.9218
X2.3697 Y-0.908
X2.3686 Y-0.8942
X2.3659 Y-0.8807
X2.3617 Y-0.8676
X2.3561 Y-0.855
X2.3491 Y-0.8431
X2.3407 Y-0.8321
X2.3386 Y-0.8296
X2.3354 Y-0.826
X2.3198 Y-0.8084
X2.3141 Y-0.8021
X2.2999 Y-0.7871
X2.2928 Y-0.7797
X2.2897 Y-0.7765
X2.2822 Y-0.7689
G3 X2.2537 Y-0.7591 I-0.0254 J-0.0276
X2.2352 Y-0.7658 I0.003 J-0.0374 F300.
G1 X1.3742 Y-1.5212
X1.3132 Y-1.5897
X0.709 Y-2.3511
G3 X0.6977 Y-2.4104 I0.0479 J-0.0398
X0.7141 Y-2.4362 I0.0592 J0.0195 F50.
G1 X0.7264 Y-2.4469
X0.7329 Y-2.4526
X0.7383 Y-2.457
X0.7596 Y-2.4743
X0.7652 Y-2.4788
X0.7702 Y-2.4826
X0.7789 Y-2.4886
X0.7848 Y-2.4921
X0.7912 Y-2.4955
X0.7984 Y-2.4987
X0.8066 Y-2.5018
X0.8156 Y-2.5046
X0.8253 Y-2.507
X0.836 Y-2.5091
X0.8478 Y-2.5106
X0.8605 Y-2.5114
X0.8742 Y-2.5116
X0.8883 Y-2.5109
X0.9023 Y-2.5094
X0.9161 Y-2.5072
X0.9299 Y-2.5043
X0.9435 Y-2.5008
X0.957 Y-2.4968
X0.9703 Y-2.4921
X0.9834 Y-2.487
X0.9963 Y-2.4814
X1.009 Y-2.4753
X1.0215 Y-2.4688
X1.0337 Y-2.462
X1.0458 Y-2.4547
X1.0576 Y-2.4471
X1.0692 Y-2.4392
X1.0806 Y-2.4309
X1.0918 Y-2.4224
X1.1027 Y-2.4135
X1.1135 Y-2.4045
X1.124 Y-2.3951
X1.1343 Y-2.3855
G3 X1.1734 Y-2.3451 I-0.4652 J0.4881
X1.2176 Y-2.2904 I-0.5752 J0.5107
X1.2715 Y-2.2081 I-0.7281 J0.536
X1.3171 Y-2.1209 I-0.946 J0.5502
X1.3508 Y-2.0435 I-1.4059 J0.658
X1.3769 Y-1.9782 I-7.5765 J3.0692
G2 X1.4043 Y-1.9134 I1.5689 J-0.6238
X1.4291 Y-1.8629 I0.8064 J-0.3647
X1.4575 Y-1.8144 I0.6196 J-0.3307
X1.5168 Y-1.7359 I0.5511 J-0.3544
X1.5658 Y-1.6855 I0.5334 J-0.4697
X1.6192 Y-1.6398 I0.5636 J-0.6048
X1.6876 Y-1.5904 I0.6506 J-0.8295
X1.7713 Y-1.5386 I0.8772 J-1.3226
X1.8696 Y-1.4837 I1.7769 J-3.0671
G3 X1.9561 Y-1.4366 I-13.1537 J24.2565
X2.0537 Y-1.3807 I-1.5128 J2.7577
X2.1367 Y-1.3278 I-0.9174 J1.5285
X2.1937 Y-1.2866 I-0.75 J1.0988
X2.2691 Y-1.2233 I-0.6298 J0.8255
X2.3185 Y-1.1733 I-0.5738 J0.6178
X2.3547 Y-1.1302 I-0.5209 J0.474
G1 X2.3632 Y-1.119
X2.3714 Y-1.1076
X2.3793 Y-1.096
X2.3869 Y-1.0841
X2.3942 Y-1.0721
X2.401 Y-1.0598
X2.4074 Y-1.0473
X2.4133 Y-1.0345
X2.4162 Y-1.0273
X2.4207 Y-1.0145
X2.4236 Y-1.0013
X2.4251 Y-0.9878
X2.425 Y-0.9743
X2.4234 Y-0.9608
X2.4204 Y-0.9476
X2.4158 Y-0.9349
X2.4099 Y-0.9227
X2.4027 Y-0.9113
X2.3976 Y-0.9041
X2.3898 Y-0.8935
G3 X2.3651 Y-0.8616 I-1.3476 J-1.0159
G1 X2.3564 Y-0.8509
X2.346 Y-0.8384
X2.3407 Y-0.8321
G3 X2.3132 Y-0.82 I-0.0276 J-0.0253
X2.2879 Y-0.8296 I-0.0002 J-0.0375 F300.
G1 X1.4392 Y-1.6276
X0.7631 Y-2.3937
G3 X0.752 Y-2.4575 I0.0469 J-0.041
G1 X0.7521 Y-2.4576
X0.7702 Y-2.4826 F50.
X0.7808 Y-2.4907
X0.7915 Y-2.4988
X0.8021 Y-2.5065
X0.8234 Y-2.5215
X0.8341 Y-2.5287
X0.8391 Y-2.532
X0.848 Y-2.5372
X0.8546 Y-2.5406
X0.8619 Y-2.5437
X0.8701 Y-2.5468
X0.8792 Y-2.5495
X0.8894 Y-2.552
X0.9004 Y-2.554
X0.9125 Y-2.5554
X0.9257 Y-2.5562
X0.9397
X0.9538 Y-2.5553
X0.9678 Y-2.5538
X0.9816 Y-2.5515
X0.9954 Y-2.5486
X1.009 Y-2.5451
X1.0225 Y-2.541
X1.0358 Y-2.5365
X1.0489 Y-2.5314
X1.0618 Y-2.5258
X1.0746 Y-2.5199
X1.0871 Y-2.5135
X1.0995 Y-2.5068
X1.1116 Y-2.4996
X1.1235 Y-2.4922
X1.1352 Y-2.4844
X1.1468 Y-2.4763
X1.1581 Y-2.468
X1.1692 Y-2.4593
X1.18 Y-2.4504
G3 X1.2216 Y-2.4125 I-0.4229 J0.5048
X1.2691 Y-2.3606 I-0.5298 J0.5326
X1.3277 Y-2.2816 I-0.6763 J0.5631
X1.3781 Y-2.1971 I-0.9047 J0.5973
X1.4162 Y-2.1218 I-1.4685 J0.7905
X1.4464 Y-2.0582 I-10.3952 J4.9714
G2 X1.4777 Y-1.9953 I1.7086 J-0.8102
X1.5125 Y-1.9342 I0.8889 J-0.4661
X1.5521 Y-1.8761 I0.6866 J-0.426
X1.6259 Y-1.7913 I0.6302 J-0.4733
X1.6883 Y-1.7345 I0.6442 J-0.6455
X1.7666 Y-1.6749 I0.7603 J-0.9172
X1.8607 Y-1.6131 I1.1021 J-1.5752
X1.9449 Y-1.562 I2.4506 J-3.9476
G3 X2.0413 Y-1.5041 I-6.5761 J11.0689
X2.1363 Y-1.4438 I-1.5228 J2.5005
X2.2167 Y-1.3869 I-0.9823 J1.4732
X2.2824 Y-1.334 I-0.8009 J1.0628
X2.3441 Y-1.2765 I-0.6963 J0.8091
X2.3915 Y-1.2245 I-0.6195 J0.6125
X2.4259 Y-1.18 I-0.5308 J0.4449
G1 X2.4338 Y-1.1684
X2.4415 Y-1.1566
X2.4488 Y-1.1446
X2.4557 Y-1.1323
X2.4622 Y-1.1198
X2.4656 Y-1.1125
X2.4704 Y-1.1006
X2.4739 Y-1.0882
X2.4761 Y-1.0755
X2.4769 Y-1.0627
X2.4764 Y-1.0499
X2.4745 Y-1.0371
X2.4712 Y-1.0247
X2.4667 Y-1.0127
X2.4609 Y-1.0012
X2.4601 Y-0.9999
X2.4539 Y-0.9892
X2.4419 Y-0.9697
X2.4408 Y-0.968
X2.4341 Y-0.9573
X2.4199 Y-0.936
X2.4128 Y-0.9254
X2.4099 Y-0.9214
G3 X2.3836 Y-0.9069 I-0.0297 J-0.0229
X2.3534 Y-0.9181 I-0.0034 J-0.0373 F300.
G1 X0.8339 Y-2.4752
G3 X0.8236 Y-2.5062 I0.0268 J-0.0262
X0.8391 Y-2.532 I0.0372 J0.0049 F50.
G1 X0.8554 Y-2.5427
X0.866 Y-2.5493
X0.8724 Y-2.5533
X0.89 Y-2.5639
X0.898 Y-2.5685
X0.9086 Y-2.5746
X0.9193 Y-2.5805
X0.9269 Y-2.5843
X0.9343 Y-2.5874
X0.9425 Y-2.5903
X0.9516 Y-2.5929
X0.9617 Y-2.5952
X0.9728 Y-2.597
X0.9851 Y-2.5983
X0.9984 Y-2.5989
X1.0125 Y-2.5987
X1.0265 Y-2.5977
X1.0405 Y-2.5959
X1.0544 Y-2.5935
X1.0681 Y-2.5905
X1.0817 Y-2.5869
X1.0951 Y-2.5827
X1.1084 Y-2.578
X1.1215 Y-2.5729
X1.1344 Y-2.5673
X1.1471 Y-2.5613
X1.1596 Y-2.5549
X1.172 Y-2.5482
X1.1841 Y-2.541
X1.196 Y-2.5336
X1.2078 Y-2.5259
X1.2193 Y-2.5178
X1.2307 Y-2.5095
X1.2418 Y-2.5009
G3 X1.2845 Y-2.4643 I-0.4111 J0.521
X1.3335 Y-2.4139 I-0.5174 J0.5524
X1.3946 Y-2.3368 I-0.6736 J0.5967
X1.4481 Y-2.2541 I-0.9613 J0.681
X1.4898 Y-2.1807 I-1.9786 J1.1716
G2 X1.5238 Y-2.1192 I10.1248 J-5.5509
X1.5593 Y-2.0585 I1.5373 J-0.8602
X1.6063 Y-1.9884 I0.9268 J-0.5705
X1.7075 Y-1.8716 I0.7585 J-0.5551
X1.7809 Y-1.8059 I0.7742 J-0.7906
X1.8704 Y-1.7379 I0.9773 J-1.1927
X1.9636 Y-1.6747 I1.6261 J-2.2986
X2.0107 Y-1.6441 I3.4435 J-5.2457
G1 X2.0462 Y-1.6212
G3 X2.1519 Y-1.5515 I-2.9384 J4.5752
X2.2322 Y-1.4946 I-1.4114 J2.073
X2.3202 Y-1.4245 I-0.9772 J1.317
X2.3823 Y-1.3674 I-0.8175 J0.9524
X2.4307 Y-1.3163 I-0.7079 J0.7186
X2.4663 Y-1.2728 I-0.6013 J0.5292
G1 X2.4747 Y-1.2615
X2.4828 Y-1.25
X2.4907 Y-1.2383
X2.4981 Y-1.2264
X2.5052 Y-1.2143
X2.5089 Y-1.2073
X2.5148 Y-1.1948
X2.5191 Y-1.1816
X2.5219 Y-1.168
X2.5231 Y-1.1542
X2.5228 Y-1.1404
X2.5208 Y-1.1267
X2.5173 Y-1.1132
X2.5123 Y-1.1003
G3 X2.4894 Y-1.0531 I-1.0648 J-0.4884
G1 X2.4838 Y-1.0424
X2.4781 Y-1.0318
X2.4738 Y-1.0238
X2.4662 Y-1.0105
G3 X2.4415 Y-0.9934 I-0.0319 J-0.0197
X2.4076 Y-1.0039 I-0.0072 J-0.0368 F300.
G1 X0.912 Y-2.5222
G3 X0.902 Y-2.5559 I0.0267 J-0.0263
X0.9193 Y-2.5805 I0.0368 J0.0074 F50.
G1 X0.9276 Y-2.5852
X0.9299 Y-2.5864
X0.9512 Y-2.5974
X0.9619 Y-2.6029
X0.9692 Y-2.6065
X0.9938 Y-2.6182
X1.0044 Y-2.623
X1.0176 Y-2.6279
X1.0256 Y-2.6305
X1.0347 Y-2.6329
X1.0447 Y-2.6349
X1.0558 Y-2.6365
X1.068 Y-2.6375
X1.0814 Y-2.6377
X1.0955 Y-2.6372
X1.1095 Y-2.6359
X1.1234 Y-2.6338
X1.1372 Y-2.6311
X1.1508 Y-2.6278
X1.1644 Y-2.6239
X1.1777 Y-2.6195
X1.1909 Y-2.6146
X1.2039 Y-2.6092
X1.2167 Y-2.6034
X1.2293 Y-2.5972
X1.2418 Y-2.5906
X1.254 Y-2.5837
X1.2661 Y-2.5765
X1.2779 Y-2.5689
X1.2896 Y-2.561
X1.3011 Y-2.5529
X1.3123 Y-2.5445
G3 X1.3555 Y-2.5085 I-0.4071 J0.5321
X1.4054 Y-2.4589 I-0.5209 J0.5739
X1.4596 Y-2.3943 I-0.6897 J0.6338
X1.5087 Y-2.3256 I-1.0097 J0.7736
X1.5544 Y-2.2547 I-2.1804 J1.4547
G2 X1.5995 Y-2.1833 I7.5216 J-4.698
X1.6467 Y-2.1134 I1.5431 J-0.9913
X1.707 Y-2.0356 I0.9987 J-0.7122
X1.8145 Y-1.9245 I0.8903 J-0.7539
X1.9006 Y-1.8521 I1.0055 J-1.1077
X1.9908 Y-1.7849 I1.4641 J-1.8719
X2.0831 Y-1.7205 I3.5048 J-4.9227
G3 X2.187 Y-1.6482 I-5.991 J8.7235
X2.2777 Y-1.5815 I-1.8227 J2.5711
X2.3649 Y-1.5104 I-1.1763 J1.5327
X2.4369 Y-1.4433 I-0.9159 J1.0549
X2.4755 Y-1.4024 I-0.7762 J0.7722
X2.5117 Y-1.3593 I-0.6303 J0.5656
G1 X2.5202 Y-1.3481
X2.5285 Y-1.3367
X2.5364 Y-1.3251
X2.544 Y-1.3133
X2.5456 Y-1.3105
X2.5516 Y-1.2989
X2.5564 Y-1.2868
X2.5598 Y-1.2742
X2.5618 Y-1.2613
X2.5624 Y-1.2483
X2.5616 Y-1.2353
X2.5595 Y-1.2225
X2.5559 Y-1.21
G3 X2.5416 Y-1.1701 I-1.5496 J-0.5333
G1 X2.5377 Y-1.1601
X2.5289 Y-1.1382
X2.5271 Y-1.1336
X2.5244 Y-1.1276
X2.5197 Y-1.1169
X2.5164 Y-1.1094
G3 X2.4936 Y-1.0898 I-0.0338 J-0.0163
X2.4561 Y-1.0992 I-0.0109 J-0.0359 F300.
G1 X0.9945 Y-2.5628
G3 X0.9851 Y-2.6 I0.0265 J-0.0265
X1.0044 Y-2.623 I0.036 J0.0106 F50.
G1 X1.0257 Y-2.6322
G3 X1.0577 Y-2.6451 I0.3651 J0.8585
G1 X1.0678 Y-2.649
X1.079 Y-2.6531
X1.1003 Y-2.6607
X1.1109 Y-2.6643
X1.1224 Y-2.6673
X1.1318 Y-2.6692
X1.1423 Y-2.6707
X1.1539 Y-2.6716
X1.1666 Y-2.6719
X1.1805 Y-2.6713
X1.1945 Y-2.67
X1.2084 Y-2.6679
X1.2222 Y-2.6651
X1.2359 Y-2.6616
X1.2494 Y-2.6576
X1.2627 Y-2.6531
X1.2758 Y-2.6481
X1.2888 Y-2.6426
X1.3015 Y-2.6367
X1.3141 Y-2.6303
X1.3265 Y-2.6237
X1.3386 Y-2.6166
X1.3506 Y-2.6093
X1.3624 Y-2.6016
X1.374 Y-2.5937
X1.3854 Y-2.5854
G3 X1.4292 Y-2.5501 I-0.3981 J0.5378
X1.4799 Y-2.5014 I-0.526 J0.5982
X1.5355 Y-2.438 I-0.7392 J0.7044
X1.5951 Y-2.3595 I-1.3027 J1.0507
X1.6439 Y-2.2907 I-5.5402 J3.9847
G2 X1.6933 Y-2.2223 I3.0865 J-2.176
X1.7542 Y-2.1449 I1.409 J-1.0461
X1.8907 Y-2.0032 I1.0931 J-0.9159
X1.9873 Y-1.9214 I1.2529 J-1.3823
X2.0879 Y-1.8447 I2.0569 J-2.5939
X2.1788 Y-1.7782 I8.2088 J-11.1291
G3 X2.2804 Y-1.7028 I-3.7718 J5.1828
X2.3685 Y-1.6328 I-1.7088 J2.2408
X2.4528 Y-1.5582 I-1.17 J1.4084
X2.5122 Y-1.4983 I-0.9039 J0.9564
X2.5491 Y-1.4559 I-0.6576 J0.6094
G1 X2.5578 Y-1.4449
X2.5663 Y-1.4336
X2.5744 Y-1.4221
X2.5821 Y-1.4103
X2.5881 Y-1.3985
X2.5923 Y-1.3859
X2.5945 Y-1.3728
X2.5947 Y-1.3596
X2.5929 Y-1.3464
X2.5894 Y-1.3297
X2.587 Y-1.3191
G3 X2.5763 Y-1.2765 I-1.752 J-0.4188
G1 X2.5671 Y-1.2446
X2.5637 Y-1.234
X2.5569 Y-1.2127
X2.5559 Y-1.21
G3 X2.5349 Y-1.1885 I-0.035 J-0.0134
X2.4943 Y-1.1969 I-0.014 J-0.0348 F300.
G1 X1.0977 Y-2.6029
G3 X1.0895 Y-2.6433 I0.0266 J-0.0264
X1.1109 Y-2.6643 I0.0348 J0.014 F50.
G1 X1.1322 Y-2.6711
X1.1429 Y-2.6744
X1.1535 Y-2.6775
X1.1748 Y-2.6834
X1.1855 Y-2.6863
X1.1961 Y-2.6889
X1.2174 Y-2.694
X1.2313 Y-2.6963
X1.2409 Y-2.6976
X1.2516 Y-2.6984
X1.2634 Y-2.6986
X1.2765 Y-2.698
X1.2905 Y-2.6966
X1.3044 Y-2.6943
X1.3181 Y-2.6913
X1.3317 Y-2.6877
X1.3451 Y-2.6835
X1.3584 Y-2.6788
X1.3714 Y-2.6735
X1.3843 Y-2.6678
X1.3969 Y-2.6616
X1.4094 Y-2.6551
X1.4216 Y-2.6482
X1.4337 Y-2.6409
X1.4455 Y-2.6334
X1.4572 Y-2.6255
X1.4687 Y-2.6174
G3 X1.5127 Y-2.5824 I-0.3986 J0.5468
X1.5639 Y-2.5342 I-0.5545 J0.641
X1.6208 Y-2.4719 I-0.857 J0.839
X1.6831 Y-2.3956 I-1.8556 J1.5793
G1 X1.7354 Y-2.3294
G2 X1.807 Y-2.2426 I2.2687 J-1.7963
X1.9128 Y-2.1298 I1.3914 J-1.1995
X2.0276 Y-2.0261 I1.4215 J-1.4598
X2.1262 Y-1.9467 I2.0799 J-2.4794
X2.2266 Y-1.8696 I6.3423 J-8.1545
G3 X2.3267 Y-1.7922 I-5.416 J7.1099
X2.4246 Y-1.7119 I-1.9914 J2.5272
X2.4977 Y-1.6459 I-1.3155 J1.532
X2.5474 Y-1.5962 I-0.9611 J1.0103
G1 X2.557 Y-1.5859
G3 X2.5849 Y-1.554 I-0.5854 J0.5412
G1 X2.5928 Y-1.543
X2.5994 Y-1.5312
X2.6047 Y-1.5188
X2.6085 Y-1.5058
X2.6108 Y-1.4925
X2.6117 Y-1.479
X2.611 Y-1.4654
G3 X2.6064 Y-1.4255 I-1.2608 J-0.1255
G1 X2.6033 Y-1.4042
X2.6017 Y-1.3935
X2.5998 Y-1.3829
X2.596 Y-1.3616
X2.5939 Y-1.351
G3 X2.5755 Y-1.3272 I-0.0364 J-0.0091
X2.5313 Y-1.3333 I-0.018 J-0.0329 F300.
G1 X1.2013 Y-2.6311
G3 X1.1941 Y-2.675 I0.0262 J-0.0268
X1.2174 Y-2.694 I0.0334 J0.0171 F50.
X1.26 Y-2.7028 I0.3369 J1.5216
G1 X1.2706 Y-2.7047
X1.2919 Y-2.7084
G3 X1.3452 Y-2.7155 I0.2027 J1.3057
G1 X1.3592 Y-2.7162
X1.37 Y-2.7163
X1.3821 Y-2.7158
X1.3953 Y-2.7143
X1.4092 Y-2.712
X1.4229 Y-2.7089
X1.4365 Y-2.7051
X1.4498 Y-2.7006
X1.463 Y-2.6957
X1.4759 Y-2.6902
X1.4887 Y-2.6842
X1.5012 Y-2.6778
X1.5135 Y-2.6711
X1.5257 Y-2.6639
X1.5376 Y-2.6565
X1.5493 Y-2.6487
X1.5608 Y-2.6406
G3 X1.6052 Y-2.606 I-0.4072 J0.5674
X1.6571 Y-2.5586 I-0.6086 J0.718
X1.7155 Y-2.4977 I-1.0557 J1.0728
X1.7809 Y-2.4241 I-2.9844 J2.7179
G2 X1.8555 Y-2.3398 I5.8036 J-5.0552
X1.9424 Y-2.2478 I2.0437 J-1.8446
X2.0868 Y-2.1141 I1.7518 J-1.746
X2.1952 Y-2.0244 I2.5787 J-3.005
X2.2942 Y-1.9455 I8.9856 J-11.1907
G3 X2.4037 Y-1.8572 I-4.7475 J5.9984
X2.4892 Y-1.784 I-2.0531 J2.482
X2.5609 Y-1.7166 I-1.2602 J1.414
G1 X2.5708 Y-1.7066
X2.5805 Y-1.6964
X2.5841 Y-1.6925
X2.592 Y-1.683
X2.5988 Y-1.6728
X2.6046 Y-1.6619
X2.6092 Y-1.6505
X2.6127 Y-1.6387
X2.6149 Y-1.6266
X2.6159 Y-1.6143
X2.6161 Y-1.6063
X2.6164 Y-1.5957
X2.6165 Y-1.5851
X2.6164 Y-1.5531
X2.616 Y-1.5425
X2.6151 Y-1.5212
X2.6146 Y-1.5106
X2.6139 Y-1.4999
X2.6122 Y-1.478
X2.6113 Y-1.468
X2.611 Y-1.4654
G3 X2.5952 Y-1.4399 I-0.0371 J-0.0053
X2.5475 Y-1.444 I-0.0213 J-0.0308 F300.
G1 X1.3244 Y-2.6518
G3 X1.3197 Y-2.6995 I0.0263 J-0.0267
X1.3452 Y-2.7155 I0.031 J0.0211 F50.
G1 X1.3665 Y-2.7177
X1.3771 Y-2.7187
G3 X1.4197 Y-2.7214 I0.1523 J2.043
G1 X1.441 Y-2.7221
X1.4516 Y-2.7224
X1.4623 Y-2.7225
X1.4836
X1.4976 Y-2.7216
X1.5094 Y-2.7205
X1.5226 Y-2.7183
X1.5363 Y-2.7153
X1.5498 Y-2.7115
X1.5632 Y-2.707
X1.5763 Y-2.702
X1.5892 Y-2.6964
X1.6019 Y-2.6903
X1.6144 Y-2.6838
X1.6266 Y-2.677
X1.6387 Y-2.6697
X1.6506 Y-2.6622
X1.6623 Y-2.6544
G3 X1.7073 Y-2.6206 I-0.4124 J0.5973
X1.7604 Y-2.5745 I-0.6687 J0.8241
X1.8309 Y-2.5058 I-1.387 J1.4947
X1.8996 Y-2.4353 I-6.3818 J6.2892
G2 X1.9887 Y-2.3454 I4.1913 J-4.0592
X2.1756 Y-2.1747 I2.4414 J-2.4854
X2.2728 Y-2.0935 I3.8318 J-4.4907
G1 X2.2836 Y-2.0846
X2.2945 Y-2.0757
X2.3054 Y-2.0668
X2.3381 Y-2.0401
G3 X2.4572 Y-1.9413 I-5.3448 J6.5688
X2.5313 Y-1.8765 I-2.2842 J2.6849
X2.5634 Y-1.8466 I-1.1006 J1.2171
G1 X2.572 Y-1.8374
X2.5795 Y-1.8274
X2.586 Y-1.8166
X2.5913 Y-1.8052
X2.5954 Y-1.7932
X2.5983 Y-1.781
X2.5991 Y-1.7766
X2.6026 Y-1.7553
G3 X2.6097 Y-1.7021 I-1.2911 J0.1996
G1 X2.6122 Y-1.6766
G3 X2.6155 Y-1.6276 I-1.5139 J0.1249
G1 X2.6159 Y-1.6143
G3 X2.6037 Y-1.5869 I-0.0375 J-0.0002
X2.5521 Y-1.5877 I-0.0253 J-0.0277 F300.
G1 X1.4586 Y-2.6582
G3 X1.4565 Y-2.7095 I0.0262 J-0.0268
X1.4836 Y-2.7225 I0.0284 J0.0245 F50.
G1 X1.4942 Y-2.7224
X1.5049 Y-2.722
X1.5262 Y-2.7212
X1.5368 Y-2.7207
X1.5475 Y-2.72
X1.5688 Y-2.7185
X1.5794 Y-2.7174
X1.6007 Y-2.7152
X1.6114 Y-2.714
X1.6199 Y-2.7129
X1.6433 Y-2.7096
X1.6571 Y-2.7067
X1.6707 Y-2.7037
X1.6842 Y-2.6998
X1.6975 Y-2.6952
X1.7106 Y-2.6901
X1.7235 Y-2.6844
X1.7361 Y-2.6782
X1.7486 Y-2.6716
X1.7608 Y-2.6647
X1.7728 Y-2.6574
X1.7847 Y-2.6499
G3 X1.8306 Y-2.6174 I-0.4255 J0.6491
X1.8959 Y-2.5639 I-0.7856 J1.0262
X1.9691 Y-2.4981 I-1.9824 J2.2766
X2.0413 Y-2.4311 I-15.8845 J17.2067
G2 X2.1875 Y-2.2992 I4.6047 J-4.9577
X2.3376 Y-2.1717 I5.7358 J-6.5971
G3 X2.4454 Y-2.0814 I-24.302 J29.1274
X2.5112 Y-2.025 I-4.0916 J4.8406
G1 X2.5198 Y-2.0167
X2.5276 Y-2.0075
X2.5344 Y-1.9975
X2.5402 Y-1.987
X2.545 Y-1.9759
X2.5479 Y-1.9681
X2.5553 Y-1.9468
X2.559 Y-1.9361
X2.5656 Y-1.9149
X2.569 Y-1.9042
G3 X2.5808 Y-1.8617 I-1.8355 J0.5315
G1 X2.5833 Y-1.851
X2.5884 Y-1.8298
G3 X2.5983 Y-1.781 I-1.3622 J0.3016
G1 X2.5987 Y-1.7766
X2.5985 Y-1.7722
X2.5978 Y-1.7678
X2.5966 Y-1.7636
X2.595 Y-1.7595
X2.5928 Y-1.7556
X2.5902 Y-1.752
G3 X2.535 Y-1.7488 I-0.0291 J-0.0237 F300.
G1 X1.6133 Y-2.6454
G3 X1.6147 Y-2.7005 I0.0261 J-0.0269
X1.6433 Y-2.7096 I0.0248 J0.0282 F50.
G1 X1.6539 Y-2.7079
X1.6752 Y-2.7042
X1.6859 Y-2.7023
G3 X1.7285 Y-2.6934 I-0.3096 J1.5871
G1 X1.7604 Y-2.6855
X1.7711 Y-2.6827
X1.7924 Y-2.6766
X1.803 Y-2.6736
X1.8137 Y-2.6702
X1.835 Y-2.6634
X1.8457 Y-2.6597
X1.8563 Y-2.6559
X1.8669 Y-2.6521
X1.8798 Y-2.6466
X1.8928 Y-2.6411
X1.9056 Y-2.6352
X1.9181 Y-2.6289
X1.9305 Y-2.6222
X1.9427 Y-2.6152
G3 X1.9901 Y-2.5849 I-0.4001 J0.6772
X2.058 Y-2.5348 I-0.7857 J1.135
X2.1454 Y-2.4639 I-2.0717 J2.643
X2.2208 Y-2.4006 I-8.4324 J10.1315
G1 X2.2531 Y-2.3734
X2.3392 Y-2.301
X2.3838 Y-2.2636
X2.3916 Y-2.2565
X2.3987 Y-2.2487
X2.4051 Y-2.2404
X2.417 Y-2.2234
X2.4206 Y-2.2182
G3 X2.4419 Y-2.1855 I-3.9425 J2.5919
X2.4638 Y-2.149 I-2.5213 J1.538
G1 X2.4757 Y-2.1277
X2.4815 Y-2.117
X2.4845 Y-2.1114
X2.4951 Y-2.0906
X2.4979 Y-2.0851
X2.503 Y-2.0745
X2.5131 Y-2.0532
X2.5164 Y-2.046
X2.5224 Y-2.0319
G3 X2.5398 Y-1.9894 I-0.8483 J0.3715
G1 X2.5439 Y-1.9787
G3 X2.5411 Y-1.9488 I-0.0356 J0.0118
X2.4819 Y-1.9404 I-0.0328 J-0.0182 F300.
G1 X1.829 Y-2.5898
G3 X1.837 Y-2.649 I0.0264 J-0.0266
X1.8669 Y-2.6521 I0.0185 J0.0326 F50.
G1 X1.8752 Y-2.649
G3 X1.9095 Y-2.6355 I-0.7042 J1.835
G1 X1.9201 Y-2.631
X1.9414 Y-2.6217
G3 X2.0266 Y-2.579 I-0.4857 J1.0756
G1 X2.0479 Y-2.5669
X2.0532 Y-2.5639
G3 X2.0905 Y-2.5409 I-1.283 J2.1214
X2.1225 Y-2.5196 I-1.5089 J2.298
G1 X2.1437 Y-2.5044
X2.1498 Y-2.5001
X2.1544 Y-2.4967
X2.1778 Y-2.4788
X2.1863 Y-2.472
X2.1911 Y-2.4681
G3 X2.2342 Y-2.4314 I-0.6547 J0.8137
G1 X2.2408 Y-2.4256
G3 X2.2746 Y-2.3937 I-0.9662 J1.0566
X2.2957 Y-2.3724 I-11.1082 J11.0272
X2.3254 Y-2.3405 I-1.3152 J1.2509
X2.3528 Y-2.3086 I-1.5076 J1.3263
G1 X2.3673 Y-2.2906
X2.37 Y-2.2873
X2.378 Y-2.2771
X2.3943 Y-2.2554
X2.3993 Y-2.2487
X2.4021 Y-2.2447
X2.4051 Y-2.2404
G3 X2.41 Y-2.2107 I-0.0315 J0.0204
G1 X2.4089 Y-2.2063 Z0.1518
X2.4078 Y-2.202 Z0.1527
X2.4067 Y-2.1978 Z0.154
X2.4057 Y-2.1938 Z0.1559
X2.4048 Y-2.1901 Z0.1582
X2.4039 Y-2.1866 Z0.161
X2.4031 Y-2.1835 Z0.1642
X2.4024 Y-2.1808 Z0.1678
X2.4018 Y-2.1785 Z0.1716
X2.4014 Y-2.1767 Z0.1758
X2.401 Y-2.1754 Z0.1801
X2.4008 Y-2.1746 Z0.1846
Y-2.1744 Z0.1891
G0 Z0.7
X2.71 Y0.0458
Z0.2266
G1 Z0.1891 F50.
X2.7101 Y0.0456 Z0.1846
X2.7103 Y0.0448 Z0.1801
X2.7108 Y0.0436 Z0.1758
X2.7114 Y0.0418 Z0.1716
X2.7122 Y0.0396 Z0.1678
X2.7132 Y0.037 Z0.1642
X2.7142 Y0.034 Z0.161
X2.7154 Y0.0306 Z0.1582
X2.7168 Y0.027 Z0.1559
X2.7182 Y0.0231 Z0.154
X2.7196 Y0.019 Z0.1527
X2.7211 Y0.0148 Z0.1518
X2.7227 Y0.0106 Z0.1516
G3 X2.74 Y-0.015 I0.0586 J0.0211
G2 X2.7853 Y-0.053 I-2.6993 J-3.2712
G1 X2.7932 Y-0.0599
X2.8214 Y-0.0849
X2.8252 Y-0.0883
X2.8331 Y-0.0955
X2.8358 Y-0.098
X2.8465 Y-0.1072
X2.857 Y-0.1152
X2.8687 Y-0.1231
X2.8807 Y-0.1303
X2.8931 Y-0.137
X2.9058 Y-0.1431
X2.9186 Y-0.1488
X2.9317 Y-0.154
X2.9449 Y-0.1589
X2.9582 Y-0.1633
X2.9717 Y-0.1675
G3 X3.0262 Y-0.1812 I0.2069 J0.7066
X3.1094 Y-0.1955 I0.2269 J1.0743
X3.2213 Y-0.2069 I0.2436 J1.8264
X3.2775 Y-0.2107 I0.3034 J4.0622
G1 X3.2915 Y-0.2119
X3.3055 Y-0.2135
X3.3194 Y-0.2155
X3.3332 Y-0.2182
X3.3469 Y-0.2215
X3.3604 Y-0.2254
X3.3737 Y-0.2299
X3.3868 Y-0.2351
X3.3996 Y-0.2409
X3.4121 Y-0.2473
X3.4243 Y-0.2542
X3.4362 Y-0.2618
X3.4478 Y-0.2698
X3.4589 Y-0.2783
X3.4697 Y-0.2873
X3.4802 Y-0.2968
X3.4902 Y-0.3066
X3.4999 Y-0.3168
X3.5092 Y-0.3274
X3.5181 Y-0.3383
X3.5266 Y-0.3495
X3.5348 Y-0.3609
X3.5426 Y-0.3726
X3.5501 Y-0.3845
X3.5572 Y-0.3967
X3.5639 Y-0.409
X3.5704 Y-0.4215
X3.5765 Y-0.4342
X3.5823 Y-0.447
G2 X3.6028 Y-0.4994 I-0.6166 J-0.271
X3.6228 Y-0.5668 I-0.7924 J-0.2718
X3.6427 Y-0.6632 I-1.1053 J-0.278
X3.6571 Y-0.7747 I-1.6875 J-0.2755
X3.6675 Y-0.915 I-2.8605 J-0.2809
X3.6732 Y-1.0696 I-5.3714 J-0.2776
X3.6752 Y-1.154 I-22.4299 J-0.5759
G3 X3.6784 Y-1.2383 I2.7388 J0.0605
X3.683 Y-1.2944 I1.1521 J0.0662
G1 X3.6847 Y-1.3084
X3.6867 Y-1.3223
X3.6891 Y-1.3361
X3.6919 Y-1.3499
X3.6952 Y-1.3636
X3.6989 Y-1.3772
X3.7033 Y-1.3905
X3.7082 Y-1.4037
X3.7137 Y-1.4166
X3.7204 Y-1.4285
X3.7285 Y-1.4394
X3.7379 Y-1.4492
X3.7485 Y-1.4578
X3.7601 Y-1.465
X3.7724 Y-1.4708
X3.7854 Y-1.4749
X3.7987 Y-1.4775
X3.8123 Y-1.4783
X3.8154
X3.8261 Y-1.4784
X3.8342 Y-1.4787
X3.8367 Y-1.4789
X3.8474 Y-1.4798
G3 X3.8755 Y-1.4693 I0.002 J0.0374
X3.8864 Y-1.4361 I-0.0261 J0.0269 F300.
G1 X3.7607 Y-0.5849
X3.7225 Y-0.4466
X3.6863 Y-0.3615
X3.6428 Y-0.287
X3.5912 Y-0.2232
X3.5386 Y-0.1753
X3.4747 Y-0.1321
X3.3895 Y-0.0972
X2.8891 Y0.0075
G3 X2.8358 Y-0.0103 I-0.009 J-0.0617
G1 Y-0.0104
G3 X2.8203 Y-0.0717 I0.0443 J-0.0438
X2.8358 Y-0.098 I0.0598 J0.0175 F50.
G1 X2.8571 Y-0.1181
X2.867 Y-0.1274
X2.8729 Y-0.133
X2.8784 Y-0.1385
X2.91 Y-0.17
X2.9104 Y-0.1704
X2.9154 Y-0.1755
X2.9203 Y-0.1806
X2.9304 Y-0.1904
X2.9392 Y-0.1982
X2.9497 Y-0.2066
X2.9612 Y-0.2148
X2.9732 Y-0.2222
X2.9854 Y-0.2291
X2.9979 Y-0.2355
X3.0107 Y-0.2415
X3.0236 Y-0.247
X3.0368 Y-0.2521
X3.05 Y-0.2568
X3.0634 Y-0.2612
G3 X3.1177 Y-0.2759 I0.2149 J0.6853
G1 X3.1314 Y-0.279
X3.1451 Y-0.2819
X3.1589 Y-0.2847
X3.1727 Y-0.2876
X3.1864 Y-0.2906
X3.2001 Y-0.2939
X3.2137 Y-0.2975
X3.2271 Y-0.3016
X3.2405 Y-0.3061
X3.2536 Y-0.3111
X3.2666 Y-0.3166
X3.2793 Y-0.3226
X3.2918 Y-0.329
X3.304 Y-0.336
X3.316 Y-0.3434
X3.3276 Y-0.3513
X3.339 Y-0.3596
X3.35 Y-0.3683
X3.3607 Y-0.3775
X3.371 Y-0.387
X3.381 Y-0.3969
X3.3907 Y-0.4072
X3.4 Y-0.4177
X3.4089 Y-0.4286
X3.4175 Y-0.4397
X3.4258 Y-0.4511
X3.4337 Y-0.4627
X3.4413 Y-0.4745
X3.4486 Y-0.4866
X3.4555 Y-0.4988
X3.4621 Y-0.5112
X3.4684 Y-0.5238
X3.4745 Y-0.5365
G2 X3.4958 Y-0.5885 I-0.6192 J-0.2841
X3.5169 Y-0.6556 I-0.7824 J-0.2834
X3.5383 Y-0.7517 I-1.0708 J-0.2882
X3.5541 Y-0.8631 I-1.6012 J-0.2844
X3.5648 Y-0.9892 I-2.6179 J-0.2855
X3.5711 Y-1.1016 I-8.1369 J-0.5099
G3 X3.5763 Y-1.1858 I4.0867 J0.2141
X3.5835 Y-1.2557 I1.3703 J0.104
X3.5926 Y-1.3112 I0.8137 J0.1062
G1 X3.5956 Y-1.325
X3.5989 Y-1.3387
X3.6025 Y-1.3523
X3.6066 Y-1.3657
X3.6112 Y-1.379
X3.6163 Y-1.3921
X3.6219 Y-1.405
X3.6282 Y-1.4176
X3.6348 Y-1.4282
X3.6426 Y-1.4381
X3.6514 Y-1.4471
X3.6611 Y-1.4551
X3.6715 Y-1.462
X3.6827 Y-1.4678
X3.6944 Y-1.4723
X3.7065 Y-1.4756
X3.7189 Y-1.4776
X3.7314 Y-1.4783
X3.8048
G3 X3.8319 Y-1.4653 I-0.0013 J0.0375
X3.8407 Y-1.4361 I-0.0284 J0.0245 F300.
G1 X3.6216 Y-0.553
X3.5812 Y-0.4567
X3.5386 Y-0.385
X3.4853 Y-0.3178
X3.4186 Y-0.2551
X3.3506 Y-0.2126
X3.2511 Y-0.1745
X2.9849 Y-0.0797
G3 X2.9063 Y-0.1534 I-0.0179 J-0.0597
X2.9203 Y-0.1806 I0.0607 J0.014 F50.
G1 X2.9423 Y-0.2039
X2.9504 Y-0.2126
X2.953 Y-0.2153
X2.9601 Y-0.2232
X2.9886 Y-0.2551
X2.9955 Y-0.2631
X2.9978 Y-0.2657
X3.002 Y-0.2708
X3.0101 Y-0.2794
X3.0186 Y-0.2876
X3.029 Y-0.2963
X3.0402 Y-0.3048
X3.0519 Y-0.3126
X3.0639 Y-0.32
X3.0761 Y-0.327
X3.0884 Y-0.3338
X3.1008 Y-0.3404
G2 X3.15 Y-0.3676 I-0.6299 J-1.1994
G1 X3.1621 Y-0.3749
X3.174 Y-0.3824
X3.1857 Y-0.3902
X3.1972 Y-0.3983
X3.2085 Y-0.4067
X3.2195 Y-0.4154
X3.2303 Y-0.4244
X3.2409 Y-0.4337
X3.2512 Y-0.4433
X3.2611 Y-0.4532
X3.2709 Y-0.4634
X3.2803 Y-0.4738
X3.2894 Y-0.4845
X3.2982 Y-0.4955
X3.3067 Y-0.5067
X3.3149 Y-0.5181
X3.3228 Y-0.5297
X3.3305 Y-0.5416
X3.3378 Y-0.5536
X3.3448 Y-0.5657
X3.3516 Y-0.5781
G2 X3.3758 Y-0.6288 I-0.5879 J-0.3121
X3.4005 Y-0.6947 I-0.7208 J-0.3075
X3.423 Y-0.776 I-0.9327 J-0.3027
X3.4418 Y-0.8726 I-1.2891 J-0.2999
X3.4562 Y-0.9842 I-2.1044 J-0.3291
X3.4658 Y-1.0822 I-6.9051 J-0.7283
G3 X3.4745 Y-1.1661 I4.4184 J0.4146
X3.4841 Y-1.2358 I1.6802 J0.1948
X3.4946 Y-1.2911 I0.9876 J0.1589
G1 X3.4977 Y-1.3048
X3.5012 Y-1.3184
X3.5049 Y-1.332
X3.5089 Y-1.3455
X3.5133 Y-1.3588
X3.5181 Y-1.372
X3.5234 Y-1.3851
X3.5291 Y-1.3979
X3.5354 Y-1.4105
X3.5373 Y-1.414
X3.5446 Y-1.4255
X3.5532 Y-1.4361
X3.5629 Y-1.4458
X3.5736 Y-1.4542
X3.5852 Y-1.4614
X3.5976 Y-1.4672
X3.6105 Y-1.4716
X3.6131 Y-1.4723
X3.6238 Y-1.4746
X3.6344 Y-1.4763
X3.6451 Y-1.4774
X3.6557 Y-1.478
X3.6663 Y-1.4783
X3.7196
G3 X3.7467 Y-1.4653 I-0.0013 J0.0375
X3.7525 Y-1.4255 I-0.0284 J0.0245 F300.
G1 X3.5029 Y-0.5956
X3.4676 Y-0.5173
X3.4093 Y-0.4253
X3.3333 Y-0.3402
X3.0858 Y-0.1806
G3 X2.9896 Y-0.2428 I-0.0348 J-0.0517
X3.002 Y-0.2708 I0.0614 J0.0105 F50.
G1 X3.0112 Y-0.2817
X3.0246 Y-0.2977
X3.0275 Y-0.3011
G2 X3.067 Y-0.3509 I-2.9722 J-2.401
G1 X3.0701 Y-0.3549
X3.0989 Y-0.3934
X3.102 Y-0.3977
X3.1065 Y-0.4041
X3.1289 Y-0.436
X3.134 Y-0.4432
X3.1363 Y-0.4466
X3.1644 Y-0.4892
X3.1659 Y-0.4915
G2 X3.1979 Y-0.543 I-5.3443 J-3.3495
X3.2283 Y-0.5956 I-5.234 J-3.0637
G1 X3.2298 Y-0.5984
X3.2456 Y-0.6275
X3.2513 Y-0.6381
X3.2569 Y-0.6488
G2 X3.2831 Y-0.7007 I-4.0828 J-2.0841
G1 X3.3043 Y-0.7462
G2 X3.3268 Y-0.7977 I-4.1394 J-1.8363
G1 X3.3313 Y-0.8084
X3.3355 Y-0.819
X3.3483 Y-0.8509
X3.3524 Y-0.8616
X3.3563 Y-0.8722
X3.3682 Y-0.9046
X3.3718 Y-0.9148
X3.3754 Y-0.9254
X3.3861 Y-0.9573
X3.3896 Y-0.968
X3.3928 Y-0.9786
X3.4025 Y-1.0105
X3.4057 Y-1.0212
G2 X3.4215 Y-1.0795 I-4.7521 J-1.3186
G1 X3.4229 Y-1.085
X3.4321 Y-1.1235
X3.4331 Y-1.1276
X3.4355 Y-1.1382
X3.4378 Y-1.1488
X3.4445 Y-1.1808
X3.4467 Y-1.1914
X3.4487 Y-1.202
X3.4544 Y-1.234
X3.4563 Y-1.2446
X3.4581 Y-1.2552
X3.4597 Y-1.2659
X3.4645 Y-1.2978
X3.4661 Y-1.3084
X3.4681 Y-1.3191
X3.4703 Y-1.3297
X3.4733 Y-1.3403
X3.4747 Y-1.3445
X3.477 Y-1.351
X3.4813 Y-1.3616
X3.4853 Y-1.3701
X3.4865 Y-1.3723
X3.4924 Y-1.3829
X3.496 Y-1.3888
X3.4992 Y-1.3935
X3.5066 Y-1.4035
X3.5072 Y-1.4042
X3.5115 Y-1.4095
X3.5173 Y-1.4158
X3.527 Y-1.4255
X3.5333 Y-1.4312
X3.5386 Y-1.4356
X3.5492 Y-1.4435
X3.5541 Y-1.4467
X3.5599 Y-1.4503
X3.5705 Y-1.4562
X3.5728 Y-1.4574
X3.5812 Y-1.4613
X3.5918 Y-1.4657
X3.5985 Y-1.468
X3.6025 Y-1.4694
X3.6105 Y-1.4716
X3.6135 Y-1.472 Z0.1517
X3.6164 Y-1.4723 Z0.1522
X3.6193 Y-1.4727 Z0.1529
X3.6231 Y-1.4721 Z0.1543
X3.6267 Y-1.4716 Z0.1563
X3.63 Y-1.4711 Z0.1587
X3.6324 Y-1.47 Z0.1612
X3.6346 Y-1.4689 Z0.1641
X3.6365 Y-1.4681 Z0.1672
X3.6379 Y-1.4674 Z0.1706
X3.6391 Y-1.4669 Z0.1741
X3.6398 Y-1.4666 Z0.1777
X3.64 Y-1.4664 Z0.1801
X3.6401 Z0.1825
G0 Z0.7
X-0.0386 Y-3.7845
Z0.4234
G1 Z0.3859 F50.
X-0.0385 Y-3.7843 Z0.3814
X-0.0383 Y-3.7835 Z0.377
X-0.038 Y-3.7822 Z0.3726
X-0.0375 Y-3.7804 Z0.3685
X-0.037 Y-3.7781 Z0.3646
X-0.0363 Y-3.7754 Z0.3611
X-0.0355 Y-3.7723 Z0.3579
X-0.0346 Y-3.7688 Z0.3551
X-0.0336 Y-3.7651 Z0.3527
X-0.0326 Y-3.7611 Z0.3509
X-0.0315 Y-3.7569 Z0.3495
X-0.0304 Y-3.7526 Z0.3487
X-0.0293 Y-3.7482 Z0.3484
G3 X0.0001 Y-3.5441 I-0.9274 J0.2376
G1 Y-3.53
X0.0017 Y-3.516
X0.0049 Y-3.5023
G3 X0.0207 Y-3.4349 I-0.6106 J0.1779
X0.0316 Y-3.3593 I-1.0192 J0.1857
X0.0403 Y-3.2536 I-1.8743 J0.2072
X0.045 Y-3.1412 I-3.5527 J0.2052
X0.0481 Y-2.9584 I-8.8694 J0.2436
X0.0488 Y-2.8599 I-18.2985 J0.1857
G2 X0.0504 Y-2.8037 I1.2512 J-0.0065
G1 X0.0513 Y-2.7897
X0.0525 Y-2.7756
X0.054 Y-2.7617
X0.0559 Y-2.7477
X0.0581 Y-2.7338
X0.0607 Y-2.72
X0.0637 Y-2.7063
X0.0671 Y-2.6926
X0.071 Y-2.6791
X0.0753 Y-2.6657
X0.0801 Y-2.6525
X0.0854 Y-2.6394
X0.0911 Y-2.6266
X0.0974 Y-2.614
X0.1041 Y-2.6016
X0.1113 Y-2.5896
X0.119 Y-2.5778
X0.1272 Y-2.5664
X0.1358 Y-2.5553
X0.145 Y-2.5446
X0.1545 Y-2.5343
X0.1646 Y-2.5244
X0.175 Y-2.515
X0.1859 Y-2.506
X0.1971 Y-2.4976
X0.2088 Y-2.4897
X0.2208 Y-2.4824
X0.2331 Y-2.4756
X0.2457 Y-2.4694
X0.2586 Y-2.4638
X0.2718 Y-2.4589
X0.2852 Y-2.4546
X0.2988 Y-2.4509
X0.3125 Y-2.448
X0.3264 Y-2.4457
X0.3404 Y-2.444
X0.3544 Y-2.4431
X0.3685 Y-2.4429
X0.3825 Y-2.4434
X0.3966 Y-2.4446
X0.4105 Y-2.4464
X0.4243 Y-2.4489
X0.4381 Y-2.4519
X0.4517 Y-2.4555
X0.4652 Y-2.4595
X0.4785 Y-2.4639
X0.4918 Y-2.4687
X0.5049 Y-2.4738
X0.5178 Y-2.4792
G2 X0.5686 Y-2.5034 I-0.3326 J-0.7645
X0.6303 Y-2.5372 I-0.6899 J-1.332
X0.7031 Y-2.5799 I-2.8397 J-4.9216
G3 X0.7872 Y-2.6287 I2.3597 J3.9735
X0.8894 Y-2.6824 I0.9854 J1.752
X0.9933 Y-2.7282 I0.68 J1.3993
G1 X1.0006 Y-2.7311
G3 X1.1219 Y-2.7673 I0.6396 J1.9229
X1.2456 Y-2.7942 I0.3836 J1.4655
X1.4133 Y-2.8123 I0.2265 J1.3108
X1.6933 Y-2.7931 I0.0544 J1.2572
X2.1939 Y-2.5799 I-0.223 J1.2177
X2.6253 Y-2.0193 I-0.7227 J1.0025
X2.3056 Y-0.666 I-1.1539 J0.4418
G2 X2.264 Y-0.6282 I10.5282 J11.6032
G1 X2.2538 Y-0.6185
X2.2436 Y-0.6088
X2.2337 Y-0.5989
X2.2239 Y-0.5888
X2.2143 Y-0.5784
X2.205 Y-0.5679
X2.1959 Y-0.5572
X2.1871 Y-0.5462
X2.1786 Y-0.535
X2.1705 Y-0.5235
X2.1628 Y-0.5117
X2.1554 Y-0.4998
X2.1484 Y-0.4876
X2.1418 Y-0.4751
X2.1357 Y-0.4624
X2.1301 Y-0.4496
X2.125 Y-0.4365
X2.1203 Y-0.4232
X2.1162 Y-0.4097
X2.1126 Y-0.3961
X2.1096 Y-0.3824
X2.1071 Y-0.3685
X2.1053 Y-0.3546
X2.104 Y-0.3406
X2.1033 Y-0.3266
X2.1032 Y-0.3125
X2.1037 Y-0.2984
X2.1049 Y-0.2844
X2.1067 Y-0.2705
X2.1091 Y-0.2566
X2.1121 Y-0.2429
X2.1158 Y-0.2293
X2.1201 Y-0.2159
X2.1249 Y-0.2027
X2.1304 Y-0.1897
X2.1366 Y-0.1771
X2.1432 Y-0.1647
X2.1505 Y-0.1527
X2.1583 Y-0.141
X2.1667 Y-0.1297
X2.1756 Y-0.1188
X2.1851 Y-0.1084
X2.195 Y-0.0984
X2.2054 Y-0.0889
X2.2162 Y-0.0799
X2.2275 Y-0.0715
X2.2391 Y-0.0636
X2.2512 Y-0.0564
X2.2635 Y-0.0497
X2.2762 Y-0.0436
X2.2892 Y-0.0382
X2.3024 Y-0.0334
X2.3159 Y-0.0293
X2.3295 Y-0.0258
X2.3433 Y-0.023
X2.3572 Y-0.021
X2.3712 Y-0.0196
X2.3853 Y-0.0189
X2.3993
X2.4134 Y-0.0195
X2.4274 Y-0.0207
X2.4413 Y-0.0225
X2.4552 Y-0.0248
X2.469 Y-0.0276
X2.4827 Y-0.0308
X2.4963 Y-0.0345
X2.5097 Y-0.0387
X2.523 Y-0.0432
X2.5362 Y-0.048
X2.5493 Y-0.0532
X2.5622 Y-0.0588
X2.575 Y-0.0646
G2 X2.6249 Y-0.0907 I-0.2954 J-0.6265
X2.6958 Y-0.1363 I-0.4279 J-0.7429
X2.7839 Y-0.2063 I-0.6411 J-0.8978
X2.8848 Y-0.3042 I-0.9237 J-1.0528
X3.0188 Y-0.4669 I-1.2267 J-1.1466
X3.1849 Y-0.7441 I-1.4943 J-1.0841
X3.3326 Y-1.1682 I-1.7043 J-0.8309
G1 X3.3356 Y-1.1819
G3 X3.3479 Y-1.2368 I3.3443 J0.719
X3.3625 Y-1.2911 I0.8677 J0.2034
G1 X3.3667 Y-1.3045
X3.3713 Y-1.3178
X3.3763 Y-1.331
X3.3816 Y-1.344
X3.3873 Y-1.3569
X3.3934 Y-1.3695
X3.4 Y-1.382
X3.4069 Y-1.3942
X3.4144 Y-1.4061
X3.4223 Y-1.4178
X3.4307 Y-1.4291
X3.4395 Y-1.44
X3.4488 Y-1.4506
X3.4586 Y-1.4607
X3.4688 Y-1.4704
X3.4794 Y-1.4796
X3.4904 Y-1.4883
X3.5019 Y-1.4965
X3.5137 Y-1.5041
X3.5259 Y-1.5111
X3.5384 Y-1.5175
X3.5513 Y-1.5233
X3.5643 Y-1.5285
X3.5776 Y-1.5331
X3.591 Y-1.5373
X3.6046 Y-1.541
X3.6183 Y-1.5444
X3.632 Y-1.5475
G3 X3.6874 Y-1.5571 I0.1716 J0.8267
G1 X3.7013 Y-1.5592
X3.7152 Y-1.5616
X3.7289 Y-1.5645
X3.7425 Y-1.5682
X3.7558 Y-1.5728
X3.7686 Y-1.5785
X3.7809 Y-1.5854
X3.7927 Y-1.5931
X3.8038 Y-1.6017
X3.8143 Y-1.6111
X3.8242 Y-1.621
X3.8335 Y-1.6316
X3.8423 Y-1.6426
X3.8504 Y-1.6541
X3.858 Y-1.6659
X3.865 Y-1.6781
X3.8715 Y-1.6906
X3.8775 Y-1.7033
X3.883 Y-1.7163
X3.8881 Y-1.7294
X3.8927 Y-1.7427
X3.8968 Y-1.7561
X3.9006 Y-1.7697
X3.9039 Y-1.7833
X3.9069 Y-1.7971
X3.9096 Y-1.8109
X3.9119 Y-1.8248
G2 X3.918 Y-1.8807 I-0.6669 J-0.1019
X3.9199 Y-1.951 I-0.8457 J-0.0581
X3.9142 Y-2.0492 I-1.107 J0.0158
X3.8959 Y-2.1745 I-1.4578 J0.1491
X3.8532 Y-2.3522 I-1.842 J0.3484
X3.7794 Y-2.5647 I-2.0856 J0.6049
X3.665 Y-2.8061 I-2.1355 J0.8642
X2.467 Y-3.8654 I-2.0659 J1.1293
X2.1454 Y-3.967 I-0.8666 J2.1829
X0.2885 Y-3.6336 I-0.547 J2.2911
G1 X0.2771 Y-3.6253
X0.2664 Y-3.6162
X0.2564 Y-3.6062
X0.2471 Y-3.5957
X0.2385 Y-3.5846
X0.2305 Y-3.573
X0.223 Y-3.5611
X0.2162 Y-3.5488
X0.2099 Y-3.5362
X0.2041 Y-3.5234
X0.1987 Y-3.5104
X0.1939 Y-3.4972
X0.1894 Y-3.4839
X0.1853 Y-3.4704
X0.1816 Y-3.4568
X0.1783 Y-3.4432
G2 X0.1677 Y-3.3879 I0.7119 J0.1652
X0.1593 Y-3.3181 I1.0736 J0.1638
X0.1533 Y-3.2199 I1.9144 J0.1672
X0.1503 Y-3.0933 I4.3445 J0.1651
X0.1496 Y-2.9667 I8.5251 J0.1107
X0.1508 Y-2.9105 I1.6595 J-0.0064
G1 X0.1515 Y-2.8964
X0.1524 Y-2.8824
X0.1536 Y-2.8684
X0.155 Y-2.8544
X0.1569 Y-2.8404
X0.1591 Y-2.8265
X0.1617 Y-2.8127
X0.1649 Y-2.799
X0.1685 Y-2.7854
X0.1727 Y-2.772
X0.1776 Y-2.7588
X0.1831 Y-2.7459
X0.1893 Y-2.7332
X0.1962 Y-2.721
X0.204 Y-2.7093
X0.2125 Y-2.6981
X0.2219 Y-2.6876
X0.2321 Y-2.6779
X0.243 Y-2.669
X0.2545 Y-2.6609
X0.2665 Y-2.6537
X0.2791 Y-2.6473
X0.292 Y-2.6417
X0.3052 Y-2.6369
X0.3187 Y-2.6329
X0.3324 Y-2.6296
X0.3462 Y-2.627
X0.3601 Y-2.6252
X0.3741 Y-2.6239
X0.3882 Y-2.6233
X0.4023 Y-2.6232
X0.4163 Y-2.6237
X0.4303 Y-2.6246
X0.4443 Y-2.6261
X0.4583 Y-2.628
X0.4722 Y-2.6302
X0.486 Y-2.6329
X0.4997 Y-2.6359
X0.5134 Y-2.6393
G2 X0.5673 Y-2.6554 I-0.1899 J-0.7341
X0.6331 Y-2.68 I-0.3761 J-1.1076
X0.7236 Y-2.7188 I-1.0338 J-2.5334
G1 X0.8007 Y-2.7531
G3 X0.8654 Y-2.7807 I0.9478 J2.1354
X1.065 Y-2.8488 I0.7054 J1.7401
X1.1606 Y-2.8723 I0.4519 J1.6324
X1.3553 Y-2.9008 I0.3137 J1.4605
X1.5521 Y-2.9023 I0.1088 J1.3911
X1.8961 Y-2.8345 I-0.0856 J1.3402
X2.6271 Y-2.2292 I-0.4253 J1.2576
X2.7297 Y-1.9982 I-1.1583 J0.6528
G1 X2.7341 Y-1.9848
G3 X2.775 Y-1.8486 I-0.9651 J0.3641
X2.8019 Y-1.6703 I-1.1637 J0.2667
X2.7923 Y-1.3864 I-1.2909 J0.0983
X2.5555 Y-0.7988 I-1.3173 J-0.1893
X2.453 Y-0.673 I-1.0812 J-0.7758
X2.407 Y-0.6238 I-2.2962 J-2.1012
G2 X2.3688 Y-0.5824 I1.462 J1.3873
G1 X2.3596 Y-0.5718
X2.3505 Y-0.5611
X2.3416 Y-0.5502
X2.333 Y-0.539
X2.3247 Y-0.5277
X2.3167 Y-0.5161
X2.3092 Y-0.5042
X2.3021 Y-0.4921
X2.2955 Y-0.4797
X2.2894 Y-0.467
X2.284 Y-0.454
X2.2793 Y-0.4407
X2.2754 Y-0.4272
X2.2724 Y-0.4135
X2.2703 Y-0.3996
X2.2693 Y-0.3855
X2.2695 Y-0.3715
X2.271 Y-0.3575
X2.2738 Y-0.3437
X2.2782 Y-0.3304
X2.2842 Y-0.3176
X2.2918 Y-0.3053
X2.3005 Y-0.2942
X2.3102 Y-0.284
X2.3208 Y-0.2748
X2.3322 Y-0.2666
X2.3443 Y-0.2594
X2.3569 Y-0.2531
X2.3699 Y-0.2477
X2.3832 Y-0.2433
X2.3968 Y-0.2397
X2.4106 Y-0.2369
X2.4245 Y-0.235
X2.4386 Y-0.2338
X2.4526 Y-0.2334
X2.4667 Y-0.2336
X2.4807 Y-0.2345
X2.4947 Y-0.2361
X2.5086 Y-0.2382
X2.5224 Y-0.2409
X2.5361 Y-0.2441
X2.5497 Y-0.2478
X2.5631 Y-0.2519
X2.5764 Y-0.2566
X2.5895 Y-0.2616
X2.6025 Y-0.267
X2.6153 Y-0.2728
X2.628 Y-0.279
X2.6405 Y-0.2854
X2.6528 Y-0.2922
X2.6649 Y-0.2993
X2.6769 Y-0.3067
G2 X2.7232 Y-0.3386 I-0.3697 J-0.586
X2.788 Y-0.3926 I-0.5032 J-0.6697
X2.8572 Y-0.4626 I-0.7006 J-0.761
X2.9453 Y-0.5722 I-0.951 J-0.855
X3.0497 Y-0.739 I-1.2403 J-0.8927
X3.1628 Y-0.9962 I-1.4959 J-0.811
X3.1964 Y-1.1036 I-1.825 J-0.6298
X3.2155 Y-1.1713 I-8.9534 J-2.5612
G3 X3.2385 Y-1.2484 I2.2021 J0.6147
X3.2659 Y-1.3237 I0.9945 J0.3193
X3.302 Y-1.3983 I0.6466 J0.2667
X3.3477 Y-1.4666 I0.4736 J0.2676
X3.418 Y-1.5378 I0.3556 J0.281
X3.5045 Y-1.592 I0.2831 J0.3554
X3.5518 Y-1.6124 I0.2389 J0.4898
G1 X3.5649 Y-1.6174
X3.5779 Y-1.6228
X3.5907 Y-1.6287
X3.6031 Y-1.6353
X3.6156 Y-1.6417
X3.6278 Y-1.6488
X3.6395 Y-1.6566
X3.6508 Y-1.6649
X3.6617 Y-1.6738
X3.6722 Y-1.6833
X3.6821 Y-1.6932
X3.6916 Y-1.7036
X3.7006 Y-1.7144
X3.7091 Y-1.7256
X3.7171 Y-1.7371
X3.7247 Y-1.749
X3.7318 Y-1.7612
X3.7384 Y-1.7736
X3.7445 Y-1.7862
X3.7502 Y-1.7991
X3.7555 Y-1.8121
X3.7603 Y-1.8253
X3.7648 Y-1.8387
X3.7688 Y-1.8522
X3.7724 Y-1.8657
X3.7757 Y-1.8794
X3.7786 Y-1.8932
X3.7811 Y-1.907
X3.7834 Y-1.9209
X3.7852 Y-1.9349
G2 X3.7898 Y-1.9909 I-0.6799 J-0.0838
X3.7897 Y-2.0612 I-0.8185 J-0.0332
X3.7805 Y-2.1592 I-1.0229 J0.0463
X3.7568 Y-2.2835 I-1.304 J0.1842
X3.7093 Y-2.4454 I-1.6272 J0.3895
X3.6237 Y-2.6534 I-1.8833 J0.6532
X3.4312 Y-2.9803 I-1.974 J0.9424
X3.1252 Y-3.3282 I-1.8252 J1.297
X1.3082 Y-3.9068 I-1.5267 J1.6522
G1 X1.2942 Y-3.9049
G2 X1.1428 Y-3.8733 I0.8431 J4.4108
X0.993 Y-3.8345 I0.6435 J2.7931
X0.741 Y-3.746 I0.6658 J2.3011
X0.5008 Y-3.6291 I0.8778 J2.1072
G1 X0.4886 Y-3.6221
X0.4766 Y-3.6147
X0.465 Y-3.6069
X0.4536 Y-3.5986
X0.4426 Y-3.5898
X0.432 Y-3.5806
X0.4218 Y-3.5709
X0.412 Y-3.5608
X0.4026 Y-3.5504
X0.3936 Y-3.5395
X0.3851 Y-3.5283
X0.377 Y-3.5169
X0.3692 Y-3.5051
X0.3619 Y-3.4931
X0.355 Y-3.4808
X0.3485 Y-3.4684
X0.3423 Y-3.4557
X0.3365 Y-3.4429
X0.331 Y-3.43
X0.3259 Y-3.4169
X0.3211 Y-3.4037
G2 X0.3047 Y-3.3499 I0.6497 J0.2272
X0.2897 Y-3.2812 I0.8663 J0.2255
X0.2761 Y-3.1837 I1.2881 J0.2292
X0.2667 Y-3.0434 I1.8576 J0.1955
G1 X0.2664 Y-3.0293
X0.2663 Y-3.0152
X0.2665 Y-3.0012
X0.2669 Y-2.9871
X0.2677 Y-2.9731
X0.2695 Y-2.9591
X0.2727 Y-2.9454
X0.2773 Y-2.9321
X0.2834 Y-2.9194
X0.2907 Y-2.9074
X0.2991 Y-2.8962
X0.3085 Y-2.8857
X0.3188 Y-2.8761
X0.3298 Y-2.8673
X0.3414 Y-2.8593
X0.3535 Y-2.8522
X0.366 Y-2.8458
X0.3789 Y-2.8402
X0.3921 Y-2.8353
X0.4056 Y-2.8312
X0.4192 Y-2.8277
X0.433 Y-2.8249
X0.4468 Y-2.8226
X0.4608 Y-2.8209
X0.4748 Y-2.8198
X0.4889 Y-2.8192
X0.5029 Y-2.819
X0.517 Y-2.8193
X0.5311 Y-2.82
X0.5451 Y-2.8211
X0.5591 Y-2.8225
X0.573 Y-2.8242
X0.5869 Y-2.8263
X0.6009 Y-2.8279
G2 X0.6564 Y-2.8371 I-0.0954 J-0.7466
X0.7249 Y-2.8532 I-0.2414 J-1.1807
X0.8196 Y-2.8801 I-0.7394 J-2.7832
G3 X0.914 Y-2.9081 I9.4104 J31.4757
X1.036 Y-2.9416 I0.9564 J3.2495
X1.1597 Y-2.9688 I0.5242 J2.088
X1.3268 Y-2.9918 I0.3175 J1.6901
X1.5235 Y-2.9961 I0.1324 J1.5338
X1.8154 Y-2.9538 I-0.0621 J1.455
X2.2512 Y-2.7623 I-0.3474 J1.3824
X2.4286 Y-2.6242 I-0.7838 J1.1898
G1 X2.4389 Y-2.6147
G3 X2.5423 Y-2.5148 I-0.7009 J0.8294
X2.6526 Y-2.3753 I-0.9354 J0.8529
X2.7687 Y-2.1702 I-1.1321 J0.776
X2.8242 Y-2.0355 I-1.5396 J0.7132
X2.8733 Y-1.8656 I-1.3125 J0.4714
X2.9033 Y-1.5007 I-1.3427 J0.2941
X2.8083 Y-1.0572 I-1.4164 J-0.0715
X2.6967 Y-0.8312 I-1.3282 J-0.5156
X2.5975 Y-0.6885 I-1.2354 J-0.7526
X2.5423 Y-0.6207 I-1.9088 J-1.4987
G1 X2.5333 Y-0.6099
X2.5291 Y-0.6048
G3 X2.5018 Y-0.5923 I-0.028 J-0.0249
X2.4679 Y-0.6473 I-0.0007 J-0.0375 F300.
G1 X2.8589 Y-1.3835
G3 X2.8666 Y-1.3936 I0.0331 J0.0176
X2.8951 Y-1.4033 I0.0254 J0.0276 F50.
G1 X2.8955
X2.896 Y-1.4029
X2.8965 Y-1.4025
X2.9076 Y-1.394
X2.9197 Y-1.3867
X2.9325 Y-1.381
X2.9459 Y-1.3767
X2.9597 Y-1.3741
X2.9738 Y-1.3731
X2.9878 Y-1.3737
X3.0017 Y-1.3759
X3.0152 Y-1.3798
X3.0285 Y-1.3844
X3.0416 Y-1.3897
X3.0544 Y-1.3955
X3.0669 Y-1.4019
X3.0792 Y-1.4087
X3.0913 Y-1.4158
X3.1032 Y-1.4234
X3.1149 Y-1.4312
G2 X3.16 Y-1.4647 I-0.4724 J-0.6827
X3.2144 Y-1.5094 I-1.4522 J-1.8218
G3 X3.2699 Y-1.5552 I2.1466 J2.5451
X3.3382 Y-1.606 I0.7361 J0.9185
X3.3978 Y-1.6433 I0.5204 J0.7643
G1 X3.41 Y-1.6504
X3.4344 Y-1.6643
X3.4465 Y-1.6714
X3.4585 Y-1.6787
X3.4703 Y-1.6864
X3.4819 Y-1.6944
X3.4932 Y-1.7028
X3.5041 Y-1.7116
X3.5148 Y-1.7208
X3.5251 Y-1.7304
X3.535 Y-1.7404
X3.5445 Y-1.7508
X3.5536 Y-1.7615
X3.5623 Y-1.7726
X3.5706 Y-1.7839
X3.5784 Y-1.7956
X3.5858 Y-1.8076
X3.5928 Y-1.8198
X3.5994 Y-1.8322
X3.6055 Y-1.8449
X3.6112 Y-1.8577
X3.6165 Y-1.8707
X3.6214 Y-1.8839
X3.6259 Y-1.8973
X3.63 Y-1.9107
X3.6337 Y-1.9243
X3.6371 Y-1.938
X3.64 Y-1.9517
X3.6427 Y-1.9655
X3.6449 Y-1.9794
X3.6469 Y-1.9933
X3.6485 Y-2.0073
G2 X3.652 Y-2.0634 I-0.6723 J-0.0703
X3.6504 Y-2.1337 I-0.788 J-0.0165
X3.6386 Y-2.2314 I-0.9564 J0.0655
X3.6107 Y-2.3548 I-1.1887 J0.2043
X3.5613 Y-2.5014 I-1.4533 J0.4075
X3.473 Y-2.6929 I-1.6852 J0.6619
X3.3721 Y-2.8619 I-1.7553 J0.9327
G1 X3.3643 Y-2.8736
G2 X3.2862 Y-2.9905 I-1.2147 J0.7275
X3.1604 Y-3.1419 I-1.4274 J1.057
X2.9666 Y-3.3257 I-1.4866 J1.3743
X2.4144 Y-3.658 I-1.3625 J1.6387
X1.7321 Y-3.8153 I-0.8156 J1.98
G1 X1.7181 Y-3.8161
G2 X1.5634 Y-3.8136 I-0.0104 J4.0893
X1.4651 Y-3.808 I0.1073 J2.759
X1.3116 Y-3.789 I0.1611 J1.9254
X0.9431 Y-3.6988 I0.3824 J2.362
X0.7206 Y-3.6115 I0.7071 J2.1288
X0.6698 Y-3.5873 I0.6367 J1.4022
G1 X0.6573 Y-3.5808
X0.645 Y-3.574
X0.6329 Y-3.5669
X0.621 Y-3.5594
X0.6094 Y-3.5515
X0.598 Y-3.5432
X0.5869 Y-3.5345
X0.5762 Y-3.5255
X0.5657 Y-3.516
X0.5556 Y-3.5063
X0.5458 Y-3.4961
X0.5364 Y-3.4857
X0.5274 Y-3.4749
X0.5187 Y-3.4639
X0.5103 Y-3.4526
X0.5023 Y-3.441
X0.4947 Y-3.4292
X0.4874 Y-3.4172
X0.4804 Y-3.4049
X0.4738 Y-3.3925
X0.4674 Y-3.38
X0.4614 Y-3.3672
X0.4558 Y-3.3544
G2 X0.4358 Y-3.3018 I0.618 J0.2642
X0.4166 Y-3.2342 I0.7755 J0.2573
G1 X0.4134 Y-3.2205
X0.4104 Y-3.2067
X0.4076 Y-3.1929
X0.4053 Y-3.1791
X0.4045 Y-3.165
X0.4054 Y-3.151
X0.4079 Y-3.1371
X0.412 Y-3.1237
X0.4176 Y-3.1108
X0.4247 Y-3.0986
X0.4332 Y-3.0874
X0.4429 Y-3.0772
X0.4533 Y-3.0678
X0.4644 Y-3.0591
X0.476 Y-3.0512
X0.488 Y-3.0439
X0.5005 Y-3.0374
X0.5132 Y-3.0315
X0.5263 Y-3.0262
X0.5396 Y-3.0216
X0.5531 Y-3.0175
X0.5667 Y-3.0141
X0.5804 Y-3.0111
X0.5943 Y-3.0086
X0.6082 Y-3.0066
X0.6222 Y-3.0051
X0.6362 Y-3.0039
X0.6502 Y-3.0031
X0.6643 Y-3.0027
X0.6784
X0.6924 Y-3.0029
X0.7065 Y-3.0027
G2 X0.7627 Y-3.0047 I0.0022 J-0.7267
X0.8326 Y-3.0122 I-0.0809 J-1.0854
X0.9298 Y-3.0279 I-0.3096 J-2.2151
X1.0266 Y-3.0458 I-2.7631 J-15.2661
G3 X1.1375 Y-3.0648 I0.8225 J4.4513
X1.263 Y-3.0812 I0.3801 J2.4232
X1.4174 Y-3.0907 I0.1921 J1.8729
X1.6141 Y-3.0827 I0.0312 J1.655
X1.8899 Y-3.0293 I-0.157 J1.5496
X2.3893 Y-2.7772 I-0.4227 J1.4583
X2.4662 Y-2.7157 I-1.2357 J1.6246
X2.5292 Y-2.6596 I-1.0219 J1.2101
G1 X2.5394 Y-2.6499
G3 X2.6435 Y-2.5463 I-0.7175 J0.8251
X2.7451 Y-2.4148 I-0.958 J0.8459
X2.8214 Y-2.2886 I-1.1714 J0.7938
X2.9358 Y-2.0196 I-1.382 J0.7466
X2.9879 Y-1.7978 I-1.4264 J0.4519
G1 X2.9917 Y-1.7843
X2.9971 Y-1.7713
X3.004 Y-1.759
X3.0122 Y-1.7476
X3.0217 Y-1.7373
X3.0324 Y-1.7281
X3.044 Y-1.7202
X3.0565 Y-1.7137
X3.0697 Y-1.7087
X3.0833 Y-1.7053
X3.0973 Y-1.7035
X3.1113 Y-1.7033
X3.1254 Y-1.704
X3.1394 Y-1.7052
X3.1534 Y-1.7068
X3.1673 Y-1.7089
X3.1811 Y-1.7113
X3.1949 Y-1.7141
X3.2086 Y-1.7172
X3.2223 Y-1.7207
X3.2358 Y-1.7244
X3.2493 Y-1.7285
X3.2626 Y-1.733
X3.2758 Y-1.7379
X3.2888 Y-1.7432
X3.3017 Y-1.749
X3.3143 Y-1.7552
X3.3266 Y-1.762
X3.3387 Y-1.7692
X3.3504 Y-1.777
X3.3618 Y-1.7852
X3.3728 Y-1.7939
X3.3835 Y-1.8031
X3.3937 Y-1.8128
X3.4035 Y-1.8229
X3.4129 Y-1.8333
X3.4219 Y-1.8442
X3.4303 Y-1.8554
X3.4384 Y-1.8669
X3.446 Y-1.8788
X3.4531 Y-1.8909
X3.4598 Y-1.9033
X3.466 Y-1.9159
X3.4717 Y-1.9287
X3.4771 Y-1.9418
X3.482 Y-1.955
X3.4864 Y-1.9683
X3.4905 Y-1.9818
X3.4941 Y-1.9953
X3.4974 Y-2.009
X3.5002 Y-2.0228
X3.5027 Y-2.0366
X3.5048 Y-2.0505
X3.5066 Y-2.0645
X3.508 Y-2.0785
X3.5091 Y-2.0925
X3.5099 Y-2.1066
G2 Y-2.1628 I-0.6743 J-0.0283
X3.5038 Y-2.2329 I-0.7806 J0.0324
X3.4948 Y-2.2884 I-0.8921 J0.1169
G1 X3.492 Y-2.3022
G2 X3.475 Y-2.3848 I-0.8371 J0.1286
X3.4462 Y-2.4789 I-1.0225 J0.2623
X3.3919 Y-2.6086 I-1.2528 J0.4483
X3.3534 Y-2.6837 I-1.3942 J0.6667
X3.2829 Y-2.8054 I-1.9674 J1.0574
X3.0684 Y-3.0833 I-1.5189 J0.9509
X2.8282 Y-3.2994 I-1.409 J1.3247
X2.3651 Y-3.5632 I-1.2219 J1.6069
X2.1793 Y-3.6284 I-0.7595 J1.8657
G1 X2.1659 Y-3.6324
G2 X2.0145 Y-3.6644 I-0.843 J3.6166
X1.8756 Y-3.6863 I-0.4664 J2.5053
X1.7354 Y-3.6976 I-0.2092 J1.7223
X1.5245 Y-3.696 I-0.0907 J2.0514
X1.2458 Y-3.6596 I0.1311 J2.0894
X0.8815 Y-3.5541 I0.4195 J2.1292
X0.8295 Y-3.5326 I0.4667 J1.2029
G1 X0.8167 Y-3.5267
X0.804 Y-3.5206
X0.7915 Y-3.5143
X0.7791 Y-3.5075
X0.7669 Y-3.5005
X0.755 Y-3.4931
X0.7432 Y-3.4853
X0.7317 Y-3.4772
X0.7205 Y-3.4687
X0.7096 Y-3.4599
X0.6989 Y-3.4507
X0.6886 Y-3.4412
X0.6786 Y-3.4313
X0.6688 Y-3.4212
X0.6594 Y-3.4107
X0.6504 Y-3.3999
X0.6416 Y-3.3889
X0.6332 Y-3.3776
X0.6262 Y-3.3655
X0.6206 Y-3.3526
X0.6166 Y-3.3391
X0.6141 Y-3.3252
X0.6133 Y-3.3112
X0.6141 Y-3.2971
X0.6165 Y-3.2833
X0.6206 Y-3.2698
X0.6261 Y-3.2569
X0.6332 Y-3.2447
X0.6416 Y-3.2334
X0.6512 Y-3.2232
X0.662 Y-3.2142
X0.6738 Y-3.2065
X0.6863 Y-3.2001
X0.6994 Y-3.1948
X0.7126 Y-3.19
X0.726 Y-3.1857
X0.7395 Y-3.1819
X0.7532 Y-3.1786
X0.7669 Y-3.1756
X0.7808 Y-3.1731
X0.7947 Y-3.1709
X0.8086 Y-3.1691
X0.8226 Y-3.1676
X0.8365 Y-3.1656
X0.8505 Y-3.164
G2 X0.9066 Y-3.1604 I0.0753 J-0.7395
X0.9769 Y-3.1608 I0.0287 J-1.1108
X1.0752 Y-3.1667 I-0.0853 J-2.2755
X1.1734 Y-3.1746 I-1.1158 J-14.4558
G3 X1.2856 Y-3.1824 I0.3917 J4.8236
X1.4262 Y-3.1863 I0.1408 J2.5116
X1.5808 Y-3.1799 I-0.004 J1.9623
X1.8032 Y-3.1469 I-0.1422 J1.7272
X2.0977 Y-3.0534 I-0.3473 J1.6043
X2.3808 Y-2.8978 I-0.6352 J1.4906
X2.5046 Y-2.8051 I-0.9976 J1.4616
X2.6108 Y-2.713 I-1.1845 J1.4719
G1 X2.621 Y-2.7032
X2.6311 Y-2.6935
X2.6411 Y-2.6836
X2.651 Y-2.6736
G3 X2.7544 Y-2.5652 I-0.7537 J0.8216
X2.8397 Y-2.4511 I-0.9993 J0.8368
X2.946 Y-2.2654 I-1.2728 J0.8516
X3.0383 Y-2.0294 I-1.4354 J0.6973
G1 X3.0437 Y-2.0164
X3.0506 Y-2.0042
X3.0589 Y-1.9928
X3.0684 Y-1.9824
X3.0791 Y-1.9733
X3.0907 Y-1.9654
X3.1032 Y-1.959
X3.1164 Y-1.954
X3.1301 Y-1.9506
X3.144 Y-1.9488
X3.1581 Y-1.9487
X3.1721 Y-1.9502
X3.1858 Y-1.9533
X3.199 Y-1.9579
X3.2119 Y-1.9638
X3.2241 Y-1.9706
X3.2359 Y-1.9783
X3.247 Y-1.9869
X3.2575 Y-1.9963
X3.2674 Y-2.0063
X3.2767 Y-2.0168
X3.2853 Y-2.028
X3.2933 Y-2.0395
X3.3007 Y-2.0515
X3.3074 Y-2.0639
X3.3135 Y-2.0765
X3.3191 Y-2.0895
X3.3241 Y-2.1026
X3.3286 Y-2.116
X3.3326 Y-2.1294
X3.3361 Y-2.1431
X3.3391 Y-2.1568
X3.3417 Y-2.1706
X3.3439 Y-2.1845
X3.3456 Y-2.1985
X3.3469 Y-2.2125
X3.3477 Y-2.2265
X3.3482 Y-2.2406
X3.3483 Y-2.2546
X3.3481 Y-2.2687
X3.3475 Y-2.2828
X3.3466 Y-2.2968
X3.3453 Y-2.3108
G2 X3.3372 Y-2.3665 I-0.6673 J0.0687
X3.3211 Y-2.4349 I-0.7681 J0.1449
X3.2945 Y-2.515 I-0.9272 J0.2632
X3.2373 Y-2.6434 I-1.1877 J0.4516
X3.1364 Y-2.8123 I-1.3207 J0.6745
G1 X3.1284 Y-2.8239
X3.1203 Y-2.8354
X3.112 Y-2.8468
X3.1037 Y-2.8581
G2 X3.0284 Y-2.9598 I-0.9966 J0.6594
X2.9139 Y-3.0837 I-1.1409 J0.9399
X2.7425 Y-3.2292 I-1.1988 J1.238
X2.4551 Y-3.4055 I-1.1174 J1.5
X2.2745 Y-3.4838 I-0.8364 J1.6808
X2.1267 Y-3.5295 I-0.5662 J1.5681
X1.9341 Y-3.5702 I-0.5032 J1.9078
X1.4434 Y-3.5818 I-0.2898 J1.8624
X1.3875 Y-3.5752 I0.184 J1.7771
G1 X1.3736 Y-3.5733
G2 X1.2203 Y-3.5398 I0.715 J3.6422
X1.0846 Y-3.5027 I0.6083 J2.4938
X1.0152 Y-3.4802 I0.5767 J1.8952
G1 X0.9972 Y-3.4683
X0.9933 Y-3.4657
X0.9895 Y-3.463
X0.9863 Y-3.4604 F300.
X0.9832 Y-3.4577
X0.9831 Y-3.4576
G2 X0.9671 Y-3.33 I0.0659 J0.0731
G1 X1.0908 Y-3.1597
X1.1535 Y-3.1043
X3.0168 Y-1.9609
X3.0914 Y-1.9331
X3.1659 Y-1.9277
X3.2298 Y-1.9331
X3.2965 Y-1.9574
X3.379 Y-2.0106
G2 X3.3744 Y-2.1872 I-0.0457 J-0.0872
G1 X3.3682 Y-2.1898 F50.
X3.3456 Y-2.1985
X3.3425 Y-2.1988
G3 X3.3283 Y-2.2132 I0.0665 J-0.0798
X3.3105 Y-2.2375 I0.1718 J-0.1449
X3.2895 Y-2.2732 I0.3708 J-0.242
X3.2628 Y-2.3266 I0.8989 J-0.4817
X3.24 Y-2.3762 I2.5117 J-1.1855
G2 X3.1992 Y-2.4658 I-6.7262 J3.0133
X3.1492 Y-2.5665 I-2.1526 J1.0059
X3.0861 Y-2.6763 I-1.6679 J0.8851
X3.0087 Y-2.7937 I-1.6037 J0.9738
X2.8933 Y-2.9354 I-1.254 J0.9024
X2.6857 Y-3.1248 I-1.1817 J1.0874
X2.4618 Y-3.2701 I-1.0458 J1.3657
X2.3099 Y-3.3435 I-0.7949 J1.4509
X2.0834 Y-3.4196 I-0.6476 J1.5524
X1.9322 Y-3.4519 I-0.4299 J1.6465
X1.5397 Y-3.4726 I-0.2883 J1.733
X1.4876 Y-3.4681 I0.0927 J1.3938
G3 X1.4592 Y-3.4782 I-0.0027 J-0.0374
G1 X1.4559 Y-3.4813 Z0.3487
X1.4527 Y-3.4843 Z0.3495
X1.4495 Y-3.4873 Z0.3509
X1.4465 Y-3.4901 Z0.3527
X1.4437 Y-3.4927 Z0.3551
X1.4411 Y-3.4952 Z0.3579
X1.4388 Y-3.4974 Z0.3611
X1.4367 Y-3.4993 Z0.3646
X1.435 Y-3.5009 Z0.3685
X1.4337 Y-3.5022 Z0.3726
X1.4327 Y-3.5031 Z0.377
X1.4321 Y-3.5036 Z0.3814
X1.4319 Y-3.5038 Z0.3859
G0 Z1.1
(2D CONTOUR1)
S5000 M3
G0 X1.87 Y-0.1797
Z1.1
Z0.7
G1 Z0.1891 F80.
X1.8703 Y-0.1798 Z0.1846 F50.
X1.8711 Y-0.18 Z0.1801
X1.8724 Y-0.1804 Z0.1758
X1.8741 Y-0.1809 Z0.1716
X1.8764 Y-0.1816 Z0.1678
X1.8791 Y-0.1824 Z0.1642
X1.8821 Y-0.1833 Z0.161
X1.8855 Y-0.1843 Z0.1582
X1.8893 Y-0.1854 Z0.1559
X1.8932 Y-0.1866 Z0.154
X1.8974 Y-0.1878 Z0.1527
X1.9016 Y-0.1891 Z0.1518
X1.906 Y-0.1904 Z0.1516
X1.9419 Y-0.2011
G3 X1.9885 Y-0.1758 I0.0107 J0.0359
G2 X2.6424 Y0.0471 I0.4061 J-0.1208
X3.4561 Y-1.3097 I-1.1709 J-1.6246
G3 X3.6605 Y-1.4883 I0.2043 J0.0276
G1 X3.8225
G2 X4.0493 Y-1.7192 I0. J-0.2269
X0.0326 Y-3.5618 I-2.4509 J0.0434
X-0.0493 Y-3.3873 I0.1449 J0.1746
G1 Y-2.7129
G2 X0.6688 Y-2.4082 I0.4237 J0.
G3 X2.3577 Y-2.3185 I0.8027 J0.8307
X2.1469 Y-0.6404 I-0.8862 J0.741
G2 X1.9885 Y-0.1758 I0.2477 J0.3437
G3 X1.9633 Y-0.1292 I-0.0359 J0.0107
G1 X1.9273 Y-0.1185
X1.923 Y-0.1172 Z0.1518
X1.9187 Y-0.1159 Z0.1527
X1.9146 Y-0.1147 Z0.154
X1.9106 Y-0.1135 Z0.1559
X1.9069 Y-0.1124 Z0.1582
X1.9035 Y-0.1114 Z0.161
X1.9004 Y-0.1105 Z0.1642
X1.8978 Y-0.1097 Z0.1678
X1.8955 Y-0.109 Z0.1716
X1.8937 Y-0.1085 Z0.1758
X1.8925 Y-0.1081 Z0.1801
X1.8917 Y-0.1079 Z0.1846
X1.8914 Y-0.1078 Z0.1891
G0 Z1.1
M5
G53 G0 Z0.
(DRILL1)
M9
M1
T51 M6
T101
S5000 M3
G17 G90 G94
G54
M8
G0 X2.3822 Y-3.4815
G43 Z1.1 H51
G0 Z0.7
G98 G81 X2.3822 Y-3.4815 Z0.3334 R0.5484 F25.
X2.6748 Y-2.5998
X3.5271 Y-2.0695
X2.3947 Y-0.2966
X0.3744 Y-2.7129
X0.5688 Y-3.3536
G80
G0 Z1.1
M5
G53 G0 Z0.
(DRILL2)
M9
M1
T101 M6
T102
S5000 M3
G17 G90 G94
G54
M8
G0 X3.5271 Y-2.0695
G43 Z1.1 H101
G0 Z0.7
G81 X3.5271 Y-2.0695 Z0.0909 R0.5484 F15.
X2.3822 Y-3.4815
X0.5688 Y-3.3536
G80
G0 Z1.1
M5
G53 G0 Z0.
(DRILL3)
M9
M1
T102 M6
T12
S5000 M3
G17 G90 G94
G54
M8
G0 X0.3744 Y-2.7129
G43 Z1.1 H102
G0 Z0.7
Z0.5484
G1 Z0.1984 F15.
G0 Z0.5484
Z0.2784
G1 Z0.0484 F15.
G0 Z0.5484
Z0.1284
G1 Z-0.0898 F15.
G4 P0.05
G0 Z0.7
X2.6748 Y-2.5998
Z0.5484
G1 Z0.1984 F15.
G0 Z0.5484
Z0.2784
G1 Z0.0484 F15.
G0 Z0.5484
Z0.1284
G1 Z-0.0898 F15.
G4 P0.05
G0 Z0.7
X2.3947 Y-0.2966
Z0.5484
G1 Z0.1984 F15.
G0 Z0.5484
Z0.2784
G1 Z0.0484 F15.
G0 Z0.5484
Z0.1284
G1 Z-0.0898 F15.
G4 P0.05
G0 Z0.7
Z1.1
M5
G53 G0 Z0.
(2D CHAMFER1)
M9
M1
T12 M6
T35
S7500 M3
G17 G90 G94
G54
G64 P0.0004 Q0.0004
M8
G0 X2.1107 Y-0.2122
G43 Z1.1 H12
G0 Z0.7
G1 Z0.2684 F80.
G2 X2.5679 Y-0.0563 I0.2839 J-0.0845 F40.
X3.3298 Y-1.3267 I-1.0964 J-1.5212
G3 X3.6605 Y-1.6158 I0.3307 J0.0446
G1 X3.8225
G2 X3.9218 Y-1.7169 I0. J-0.0994
X0.1141 Y-3.4637 I-2.3234 J0.0411
X0.0782 Y-3.3873 I0.0635 J0.0765
G1 Y-2.7129
G2 X0.5802 Y-2.4999 I0.2962 J0.
G3 X2.4555 Y-2.4003 I0.8913 J0.9224
X2.2215 Y-0.537 I-0.984 J0.8228
G2 X2.1107 Y-0.2122 I0.1732 J0.2403
G0 Z0.7
X2.4626 Y-0.2966
G1 Z0.2684 F80.
G3 X2.3267 I-0.068 J0. F40.
X2.4626 I0.068 J0.
G0 Z0.7
X3.5498 Y-2.0695
G1 Z0.2684 F80.
G3 X3.5045 I-0.0227 J0. F40.
X3.5498 I0.0227 J0.
G0 Z0.7
X2.7427 Y-2.5998
G1 Z0.2684 F80.
G3 X2.6068 I-0.068 J0. F40.
X2.7427 I0.068 J0.
G0 Z0.7
X2.4008 Y-3.4685
G1 Z0.2684 F80.
G3 X2.3636 Y-3.4945 I-0.0186 J-0.013 F40.
X2.4008 Y-3.4685 I0.0186 J0.013
G0 Z0.7
X0.5915 Y-3.3536
G1 Z0.2684 F80.
G3 X0.5461 I-0.0227 J0. F40.
X0.5915 I0.0227 J0.
G0 Z0.7
X0.3811 Y-2.7805
G1 Z0.2684 F80.
G3 X0.4423 Y-2.7129 I-0.0068 J0.0676 F40.
X0.3064 I-0.068 J0.
X0.3811 Y-2.7805 I0.068 J0.
G0 Z1.1
M5
M9
G53 G0 Z0.
M30
%
