2026-10-10 12:28:24,308 - QTvcp - DEBUG - DEBUGGING logging on
2026-10-10 12:28:24,371 - QTvcp.QTVCP.QT_ISTAT - DEBUG - Machine is IMPERIAL based. unit Conversion constant=25.4
2026-10-10 12:28:24,372 - QTvcp.QTVCP.QT_ISTAT - DEBUG - TRAJ COORDINATES: XYZ
2026-10-10 12:28:24,372 - QTvcp.QTVCP.QT_ISTAT - DEBUG - DEFAULT_LINEAR_VELOCITY = 120.0
2026-10-10 12:28:24,372 - QTvcp.QTVCP.QT_ISTAT - DEBUG - MIN_LINEAR_VELOCITY = 0.0
2026-10-10 12:28:24,373 - QTvcp.QTVCP.QT_ISTAT - DEBUG - MAX_LINEAR_VELOCITY = 300.0
2026-10-10 12:28:24,912 - QTvcp.QTVCP.QT_PSTAT - DEBUG - Passed name=qtdragon_hd, BASENAME=qtdragon_hd BASEPATH=qtdragon_hd
2026-10-10 12:28:24,912 - QTvcp.QTVCP.QT_PSTAT - DEBUG - Checking for handler file in: /home/callum/linuxcnc/configs/sim.axis/qtdragon_hd_handler.py
2026-10-10 12:28:24,912 - QTvcp.QTVCP.QT_PSTAT - DEBUG - Checking for handler file in: /home/callum/linuxcnc/configs/sim.axis/qtvcp/screens/qtdragon_hd/qtdragon_hd_handler.py
2026-10-10 12:28:24,913 - QTvcp.QTVCP.QT_PSTAT - INFO - Using LOCAL handler file path: /home/callum/linuxcnc/configs/sim.axis/qtvcp/screens/qtdragon_hd/qtdragon_hd_handler.py
2026-10-10 12:28:24,913 - QTvcp.QTVCP.QT_PSTAT - DEBUG - Checking for .ui in: /home/callum/linuxcnc/configs/sim.axis/qtdragon_hd.ui
2026-10-10 12:28:24,913 - QTvcp.QTVCP.QT_PSTAT - DEBUG - Checking for .ui in: /home/callum/linuxcnc/configs/sim.axis/qtvcp/screens/qtdragon_hd/qtdragon_hd.ui
2026-10-10 12:28:24,913 - QTvcp.QTVCP.QT_PSTAT - DEBUG - Checking for .ui in: /home/callum/linuxcnc/configs/sim.axis/qtdragon_hd/qtdragon_hd.ui
2026-10-10 12:28:24,913 - QTvcp.QTVCP.QT_PSTAT - DEBUG - Checking for .ui in: /usr/share/qtvcp/screens/qtdragon_hd/qtdragon_hd.ui
2026-10-10 12:28:24,914 - QTvcp.QTVCP.QT_PSTAT - INFO - Using DEFAULT ui file from: /usr/share/qtvcp/screens/qtdragon_hd/qtdragon_hd.ui
2026-10-10 12:28:24,915 - QTvcp.QTVCP.QT_PSTAT - DEBUG - Checking for .qss in: /home/callum/linuxcnc/configs/sim.axis/qtdragon_hd.qss
2026-10-10 12:28:24,915 - QTvcp.QTVCP.QT_PSTAT - DEBUG - Checking for .qss in: /home/callum/linuxcnc/configs/sim.axis/qtvcp/screens/qtdragon_hd/qtdragon_hd.qss
2026-10-10 12:28:24,915 - QTvcp.QTVCP.QT_PSTAT - DEBUG - Checking for .qss in: /home/callum/linuxcnc/configs/sim.axis/qtdragon_hd/qtdragon_hd.qss
2026-10-10 12:28:24,915 - QTvcp.QTVCP.QT_PSTAT - DEBUG - Checking for .qss in: /usr/share/qtvcp/screens/qtdragon_hd/qtdragon_hd.qss
2026-10-10 12:28:24,915 - QTvcp.QTVCP.QT_PSTAT - DEBUG - Using DEFAULT qss file from: /usr/share/qtvcp/screens/qtdragon_hd/qtdragon_hd.qss
2026-10-10 12:28:24,915 - QTvcp.QTVCP.QT_PSTAT - DEBUG - Checking for .qrc in: /home/callum/linuxcnc/configs/sim.axis/qtdragon_hd.qrc
2026-10-10 12:28:24,915 - QTvcp.QTVCP.QT_PSTAT - DEBUG - Checking for .qrc in: /home/callum/linuxcnc/configs/sim.axis/qtvcp/screens/qtdragon_hd/qtdragon_hd.qrc
2026-10-10 12:28:24,915 - QTvcp.QTVCP.QT_PSTAT - DEBUG - Checking for .qrc in: /home/callum/linuxcnc/configs/sim.axis/qtdragon_hd/qtdragon_hd.qrc
2026-10-10 12:28:24,915 - QTvcp.QTVCP.QT_PSTAT - DEBUG - Checking for .qrc in: /usr/share/qtvcp/screens/qtdragon_hd/qtdragon_hd.qrc
2026-10-10 12:28:24,915 - QTvcp.QTVCP.QT_PSTAT - DEBUG - Using DEFAULT qrc file from: /usr/share/qtvcp/screens/qtdragon_hd/qtdragon_hd.qrc
2026-10-10 12:28:24,916 - QTvcp.QTVCP.QT_PSTAT - DEBUG - Checking for resources.py in: /home/callum/linuxcnc/configs/sim.axis/qtvcp/screens/qtdragon_hd/resources.py
2026-10-10 12:28:24,916 - QTvcp.QTVCP.QT_PSTAT - INFO - Using LOCAL resources.py file from: /home/callum/linuxcnc/configs/sim.axis/qtvcp/screens/qtdragon_hd/resources.py
2026-10-10 12:28:24,918 - QTvcp.QTVCP.QT_PSTAT - DEBUG - Checking for translation file in: /home/callum/linuxcnc/configs/sim.axis/qtvcp/screens/qtdragon_hd/qtdragon_hd.qrc
2026-10-10 12:28:24,918 - QTvcp.QTVCP.QT_PSTAT - DEBUG - Checking for translation file in: /home/callum/linuxcnc/configs/sim.axis/qtdragon_hd/languages/qtdragon_hd_en.qm
2026-10-10 12:28:24,918 - QTvcp.QTVCP.QT_PSTAT - DEBUG - Checking for translation file in: /usr/share/qtvcp/screens/qtdragon_hd/languages/qtdragon_hd_en.qm
2026-10-10 12:28:24,918 - QTvcp.QTVCP.QT_PSTAT - INFO - Using no translations, default system locale is: en
2026-10-10 12:28:24,918 - QTvcp.QTVCP.QT_PSTAT - DEBUG - Checking for LOCAL about file in: /home/callum/linuxcnc/configs/sim.axis/qtdragon_hd_ABOUT
2026-10-10 12:28:24,918 - QTvcp.QTVCP.QT_PSTAT - DEBUG - Checking for LOCAL about file in: /home/callum/linuxcnc/configs/sim.axis/qtvcp/screens/qtdragon_hd/qtdragon_hd_ABOUT
2026-10-10 12:28:24,919 - QTvcp.QTVCP.QT_PSTAT - DEBUG - Checking for DEFAULT about file in: /usr/share/qtvcp/screens/qtdragon_hd/qtdragon_hd_ABOUT
2026-10-10 12:28:24,919 - QTvcp.QTVCP.QT_PSTAT - DEBUG - Using DEFAULT about file path: /usr/share/qtvcp/screens/qtdragon_hd/qtdragon_hd_ABOUT
2026-10-10 12:28:24,919 - QTvcp - INFO - Building A LinuxCNC Main Screen with: Python 3
2026-10-10 12:28:24,919 - QTvcp - INFO - No handler file specified on command line.
2026-10-10 12:28:24,919 - QTvcp - INFO - No HAL component base name specified on command line using: qtdragon_hd
2026-10-10 12:28:24,924 - QTvcp.QTVCP.QT_MAKEGUI - INFO - Qsettings file path: /home/callum/.config/QtVcp/qtdragon_hd.conf
2026-10-10 12:28:24,925 - QTvcp - DEBUG - Loading the handler file.
2026-10-10 12:28:24,925 - QTvcp.QTVCP.QT_MAKEGUI - DEBUG - Adding import dir: /home/callum/linuxcnc/configs/sim.axis/qtvcp/screens/qtdragon_hd
2026-10-10 12:28:25,098 - QTvcp.QTVCP.QT_MAKEGUI - DEBUG - Module 'qtdragon_hd_handler' imported OK
2026-10-10 12:28:25,098 - QTvcp.QTVCP.QT_MAKEGUI - DEBUG - Module 'qtdragon_hd_handler' : 'get_handlers' function found.
2026-10-10 12:28:25,107 - QTvcp.QTVCP.QT_MAKEGUI - DEBUG - Registering handlers in module qtdragon_hd_handler object <qtdragon_hd_handler.UserHandlerClass object at 0x7f6d98755b10>
2026-10-10 12:28:25,108 - QTvcp - DEBUG - Adding the key events filter.
2026-10-10 12:28:25,112 - QTvcp.QTVCP.QT_MAKEGUI - INFO - Imported resources.py filed: /home/callum/linuxcnc/configs/sim.axis/qtvcp/screens/qtdragon_hd/resources.py
2026-10-10 12:28:27,133 - QTvcp.QTVCP.QT_MAKEPINS - INFO - Changed HAL Component basename to qtdragon, as specified in screenOptions: 
2026-10-10 12:28:27,133 - QTvcp.QTVCP.WIDGETS.SCREEN_OPTIONS - DEBUG - Preference File Path: /home/callum/linuxcnc/configs/sim.axis/qtdragon.pref
2026-10-10 12:28:27,135 - QTvcp.QTVCP.QT_MAKEPINS - DEBUG - QTVCP: Parsing for HAL widgets.
2026-10-10 12:28:27,413 - QTvcp.QTVCP.WIDGETS.FILE_MANAGER - DEBUG - lAST FILE PATH: /home/callum/linuxcnc/configs/nc_files/for others/for graham
2026-10-10 12:28:27,414 - QTvcp.QTVCP.WIDGETS.FILE_MANAGER - DEBUG - lAST FILE PATH: /home/callum/linuxcnc/configs/nc_files/for others/for graham
2026-10-10 12:28:27,421 - QTvcp.QTVCP.WIDGETS.DRO_WIDGET - DEBUG - axis number 3 not found in available-axis to joint conversion dict {0: 0, 1: 1, 2: 2} of widget: dro_axis_4
2026-10-10 12:28:27,421 - QTvcp.QTVCP.WIDGETS.DRO_WIDGET - DEBUG - axis number 4 not found in available-axis to joint conversion dict {0: 0, 1: 1, 2: 2} of widget: dro_axis_5
2026-10-10 12:28:27,453 - QTvcp.QTVCP.WIDGETS.JOG_INCREMENTS - DEBUG - Linear Current index: 0 Increment: 0 , selection changed Continuous
2026-10-10 12:28:27,453 - QTvcp.QTVCP.WIDGETS.JOG_INCREMENTS - DEBUG - Angular Current index: 0 Increment: 0 , selection changed Continuous
2026-10-10 12:28:27,454 - QTvcp - DEBUG - Calling the handler file's initialized__ function
2026-10-10 12:28:27,711 - QTvcp.QTDRAGON_HD.QTDRAGON_HD_HANDLER - INFO - Using Versa Probe
2026-10-10 12:28:27,900 - QTvcp.QTDRAGON_HD.QTDRAGON_HD_HANDLER - INFO - Using NGCGUI utility
2026-10-10 12:28:27,900 - QTvcp.QTVCP.LIB.QT_NGCGUI.NGCGUI - DEBUG - UI Filename: /usr/lib/python3/dist-packages/qtvcp/lib/qt_ngcgui/ngcgui.ui
2026-10-10 12:28:27,913 - QTvcp.QTVCP.LIB.QT_NGCGUI.NGCGUI - DEBUG - UI Filename: /usr/lib/python3/dist-packages/qtvcp/lib/qt_ngcgui/ngcgui.ui Didn't find a path NGCGUI files
2026-10-10 12:28:27,940 - QTvcp.QTVCP.QT_MAKEGUI - INFO - No Handler Override file at: /home/callum/linuxcnc/configs/sim.axis/.qtdragon_hdrc
2026-10-10 12:28:27,976 - QTvcp - DEBUG - Set HAL ready.
2026-10-10 12:28:28,193 - QTvcp - DEBUG - Show window.
2026-10-10 12:28:28,193 - QTvcp.QTVCP.QT_MAKEPINS - DEBUG - Calculating geometry of main window using natural placement: 0 0 1920 1080
2026-10-10 12:28:28,439 - QTvcp - INFO - Postgui filename: ['qtdragon_hd_postgui.hal']
2026-10-10 12:28:28,459 - QTvcp - INFO - Postgui commands: None
2026-10-10 12:28:28,460 - QTvcp - INFO - Preference path: /home/callum/linuxcnc/configs/sim.axis/qtdragon.pref
2026-10-10 12:28:35,277 - QTvcp.QTVCP.QT_ACTION - INFO - Homing Joint: -1
2026-10-10 12:29:00,468 - QTvcp.QTVCP.WIDGETS.TOOL_OFFSETVIEW - DEBUG - original value:<PyQt5.QtWidgets.QCheckBox object at 0x7f6d83f68790>
2026-10-10 12:29:00,468 - QTvcp.QTVCP.WIDGETS.TOOL_OFFSETVIEW - DEBUG - >>> setData() role = 10
2026-10-10 12:29:00,468 - QTvcp.QTVCP.WIDGETS.TOOL_OFFSETVIEW - DEBUG - >>> setData() column() = 0
2026-10-10 12:29:00,468 - QTvcp.QTVCP.WIDGETS.TOOL_OFFSETVIEW - DEBUG - Text: <PyQt5.QtWidgets.QCheckBox object at 0x7f6d83f68790>, Row: 33, Column: 0
2026-10-10 12:29:01,303 - QTvcp.QTVCP.QT_ACTION - DEBUG - CALL_MDI Command: M61 Q99 G43
2026-10-10 12:29:01,408 - QTvcp.QTVCP.WIDGETS.MDI_LINE - DEBUG - Ext line selected: , mdi_history.dat
2026-10-10 12:29:49,920 - QTvcp.QTVCP.WIDGETS.GCODE_GRAPHICS - DEBUG - reload the display: None
2026-10-10 12:30:19,573 - QTvcp.QTVCP.WIDGETS.GCODE_GRAPHICS - DEBUG - reload the display: None
2026-10-10 12:30:42,192 - QTvcp.QTVCP.WIDGETS.GCODE_GRAPHICS - DEBUG - reload the display: None
2026-10-10 12:31:04,143 - QTvcp.QTVCP.WIDGETS.GCODE_GRAPHICS - DEBUG - reload the display: None
2026-10-10 12:31:29,974 - QTvcp.QTVCP.WIDGETS.GCODE_GRAPHICS - DEBUG - reload the display: None
2026-10-10 12:34:39,178 - QTvcp.QTVCP.QT_ACTION - DEBUG - Load program /home/callum/linuxcnc/configs/nc_files/FS bike/final frame accessories/horst link pins.ngc
2026-10-10 12:34:39,235 - QTvcp.QTVCP.WIDGETS.GCODE_GRAPHICS - DEBUG - load the display: /home/callum/linuxcnc/configs/nc_files/FS bike/final frame accessories/horst link pins.ngc
2026-10-10 12:36:40,355 - QTvcp.QTVCP.WIDGETS.DIALOG_WIDGET - DEBUG - Button pressed is: &OK
2026-10-10 12:36:40,355 - QTvcp.QTVCP.WIDGETS.DIALOGMIXIN - DEBUG - Saving ToolChangeDialog-geometry data from widget  to file.
2026-10-10 12:36:40,356 - QTvcp.QTVCP.WIDGETS.DIALOG_WIDGET - DEBUG - Button pressed is: &OK
2026-10-10 12:36:40,356 - QTvcp.QTVCP.WIDGETS.DIALOGMIXIN - DEBUG - Saving ToolChangeDialog-geometry data from widget  to file.
2026-10-10 12:37:35,356 - QTvcp.QTVCP.WIDGETS.DIALOG_WIDGET - DEBUG - Button pressed is: &OK
2026-10-10 12:37:35,357 - QTvcp.QTVCP.WIDGETS.DIALOGMIXIN - DEBUG - Saving ToolChangeDialog-geometry data from widget  to file.
2026-10-10 12:37:35,357 - QTvcp.QTVCP.WIDGETS.DIALOG_WIDGET - DEBUG - Button pressed is: &OK
2026-10-10 12:37:35,357 - QTvcp.QTVCP.WIDGETS.DIALOGMIXIN - DEBUG - Saving ToolChangeDialog-geometry data from widget  to file.
2026-10-10 12:37:35,358 - QTvcp.QTVCP.WIDGETS.DIALOG_WIDGET - DEBUG - Button pressed is: &OK
2026-10-10 12:37:35,358 - QTvcp.QTVCP.WIDGETS.DIALOGMIXIN - DEBUG - Saving ToolChangeDialog-geometry data from widget  to file.
2026-10-10 12:38:37,244 - QTvcp.QTVCP.WIDGETS.GCODE_EDITOR - DEBUG - editor: got external highlight 0
2026-10-10 12:38:37,244 - QTvcp.QTVCP.WIDGETS.GCODE_EDITOR - DEBUG - editor: got external highlight 0
2026-10-10 12:39:51,504 - QTvcp.QTVCP.WIDGETS.DIALOG_WIDGET - DEBUG - Button pressed is: &OK
2026-10-10 12:39:51,504 - QTvcp.QTVCP.WIDGETS.DIALOGMIXIN - DEBUG - Saving ToolChangeDialog-geometry data from widget  to file.
2026-10-10 12:39:51,504 - QTvcp.QTVCP.WIDGETS.DIALOG_WIDGET - DEBUG - Button pressed is: &OK
2026-10-10 12:39:51,504 - QTvcp.QTVCP.WIDGETS.DIALOGMIXIN - DEBUG - Saving ToolChangeDialog-geometry data from widget  to file.
2026-10-10 12:39:51,505 - QTvcp.QTVCP.WIDGETS.DIALOG_WIDGET - DEBUG - Button pressed is: &OK
2026-10-10 12:39:51,505 - QTvcp.QTVCP.WIDGETS.DIALOGMIXIN - DEBUG - Saving ToolChangeDialog-geometry data from widget  to file.
2026-10-10 12:39:51,505 - QTvcp.QTVCP.WIDGETS.DIALOG_WIDGET - DEBUG - Button pressed is: &OK
2026-10-10 12:39:51,505 - QTvcp.QTVCP.WIDGETS.DIALOGMIXIN - DEBUG - Saving ToolChangeDialog-geometry data from widget  to file.
2026-10-10 12:40:15,565 - QTvcp.QTVCP.WIDGETS.DIALOG_WIDGET - DEBUG - Button pressed is: &OK
2026-10-10 12:40:15,566 - QTvcp.QTVCP.WIDGETS.DIALOGMIXIN - DEBUG - Saving ToolChangeDialog-geometry data from widget  to file.
2026-10-10 12:40:15,566 - QTvcp.QTVCP.WIDGETS.DIALOG_WIDGET - DEBUG - Button pressed is: &OK
2026-10-10 12:40:15,566 - QTvcp.QTVCP.WIDGETS.DIALOGMIXIN - DEBUG - Saving ToolChangeDialog-geometry data from widget  to file.
2026-10-10 12:40:15,566 - QTvcp.QTVCP.WIDGETS.DIALOG_WIDGET - DEBUG - Button pressed is: &OK
2026-10-10 12:40:15,567 - QTvcp.QTVCP.WIDGETS.DIALOGMIXIN - DEBUG - Saving ToolChangeDialog-geometry data from widget  to file.
2026-10-10 12:40:15,567 - QTvcp.QTVCP.WIDGETS.DIALOG_WIDGET - DEBUG - Button pressed is: &OK
2026-10-10 12:40:15,567 - QTvcp.QTVCP.WIDGETS.DIALOGMIXIN - DEBUG - Saving ToolChangeDialog-geometry data from widget  to file.
2026-10-10 12:40:15,567 - QTvcp.QTVCP.WIDGETS.DIALOG_WIDGET - DEBUG - Button pressed is: &OK
2026-10-10 12:40:15,567 - QTvcp.QTVCP.WIDGETS.DIALOGMIXIN - DEBUG - Saving ToolChangeDialog-geometry data from widget  to file.
2026-10-10 12:41:45,451 - QTvcp.QTVCP.WIDGETS.DIALOG_WIDGET - DEBUG - Button pressed is: &OK
2026-10-10 12:41:45,451 - QTvcp.QTVCP.WIDGETS.DIALOGMIXIN - DEBUG - Saving ToolChangeDialog-geometry data from widget  to file.
2026-10-10 12:41:45,451 - QTvcp.QTVCP.WIDGETS.DIALOG_WIDGET - DEBUG - Button pressed is: &OK
2026-10-10 12:41:45,451 - QTvcp.QTVCP.WIDGETS.DIALOGMIXIN - DEBUG - Saving ToolChangeDialog-geometry data from widget  to file.
2026-10-10 12:41:45,452 - QTvcp.QTVCP.WIDGETS.DIALOG_WIDGET - DEBUG - Button pressed is: &OK
2026-10-10 12:41:45,452 - QTvcp.QTVCP.WIDGETS.DIALOGMIXIN - DEBUG - Saving ToolChangeDialog-geometry data from widget  to file.
2026-10-10 12:41:45,452 - QTvcp.QTVCP.WIDGETS.DIALOG_WIDGET - DEBUG - Button pressed is: &OK
2026-10-10 12:41:45,452 - QTvcp.QTVCP.WIDGETS.DIALOGMIXIN - DEBUG - Saving ToolChangeDialog-geometry data from widget  to file.
2026-10-10 12:41:45,452 - QTvcp.QTVCP.WIDGETS.DIALOG_WIDGET - DEBUG - Button pressed is: &OK
2026-10-10 12:41:45,453 - QTvcp.QTVCP.WIDGETS.DIALOGMIXIN - DEBUG - Saving ToolChangeDialog-geometry data from widget  to file.
2026-10-10 12:41:45,453 - QTvcp.QTVCP.WIDGETS.DIALOG_WIDGET - DEBUG - Button pressed is: &OK
2026-10-10 12:41:45,453 - QTvcp.QTVCP.WIDGETS.DIALOGMIXIN - DEBUG - Saving ToolChangeDialog-geometry data from widget  to file.
2026-10-10 12:42:11,828 - QTvcp.QTVCP.WIDGETS.DIALOG_WIDGET - DEBUG - Button pressed is: &OK
2026-10-10 12:42:11,829 - QTvcp.QTVCP.WIDGETS.DIALOGMIXIN - DEBUG - Saving ToolChangeDialog-geometry data from widget  to file.
2026-10-10 12:42:11,829 - QTvcp.QTVCP.WIDGETS.DIALOG_WIDGET - DEBUG - Button pressed is: &OK
2026-10-10 12:42:11,829 - QTvcp.QTVCP.WIDGETS.DIALOGMIXIN - DEBUG - Saving ToolChangeDialog-geometry data from widget  to file.
2026-10-10 12:42:11,829 - QTvcp.QTVCP.WIDGETS.DIALOG_WIDGET - DEBUG - Button pressed is: &OK
2026-10-10 12:42:11,830 - QTvcp.QTVCP.WIDGETS.DIALOGMIXIN - DEBUG - Saving ToolChangeDialog-geometry data from widget  to file.
2026-10-10 12:42:11,830 - QTvcp.QTVCP.WIDGETS.DIALOG_WIDGET - DEBUG - Button pressed is: &OK
2026-10-10 12:42:11,830 - QTvcp.QTVCP.WIDGETS.DIALOGMIXIN - DEBUG - Saving ToolChangeDialog-geometry data from widget  to file.
2026-10-10 12:42:11,830 - QTvcp.QTVCP.WIDGETS.DIALOG_WIDGET - DEBUG - Button pressed is: &OK
2026-10-10 12:42:11,830 - QTvcp.QTVCP.WIDGETS.DIALOGMIXIN - DEBUG - Saving ToolChangeDialog-geometry data from widget  to file.
2026-10-10 12:42:11,831 - QTvcp.QTVCP.WIDGETS.DIALOG_WIDGET - DEBUG - Button pressed is: &OK
2026-10-10 12:42:11,831 - QTvcp.QTVCP.WIDGETS.DIALOGMIXIN - DEBUG - Saving ToolChangeDialog-geometry data from widget  to file.
2026-10-10 12:42:11,831 - QTvcp.QTVCP.WIDGETS.DIALOG_WIDGET - DEBUG - Button pressed is: &OK
2026-10-10 12:42:11,831 - QTvcp.QTVCP.WIDGETS.DIALOGMIXIN - DEBUG - Saving ToolChangeDialog-geometry data from widget  to file.
2026-10-10 12:43:38,504 - QTvcp.QTVCP.WIDGETS.DIALOG_WIDGET - DEBUG - Button pressed is: &OK
2026-10-10 12:43:38,504 - QTvcp.QTVCP.WIDGETS.DIALOGMIXIN - DEBUG - Saving ToolChangeDialog-geometry data from widget  to file.
2026-10-10 12:43:38,505 - QTvcp.QTVCP.WIDGETS.DIALOG_WIDGET - DEBUG - Button pressed is: &OK
2026-10-10 12:43:38,505 - QTvcp.QTVCP.WIDGETS.DIALOGMIXIN - DEBUG - Saving ToolChangeDialog-geometry data from widget  to file.
2026-10-10 12:43:38,505 - QTvcp.QTVCP.WIDGETS.DIALOG_WIDGET - DEBUG - Button pressed is: &OK
2026-10-10 12:43:38,505 - QTvcp.QTVCP.WIDGETS.DIALOGMIXIN - DEBUG - Saving ToolChangeDialog-geometry data from widget  to file.
2026-10-10 12:43:38,505 - QTvcp.QTVCP.WIDGETS.DIALOG_WIDGET - DEBUG - Button pressed is: &OK
2026-10-10 12:43:38,505 - QTvcp.QTVCP.WIDGETS.DIALOGMIXIN - DEBUG - Saving ToolChangeDialog-geometry data from widget  to file.
2026-10-10 12:43:38,506 - QTvcp.QTVCP.WIDGETS.DIALOG_WIDGET - DEBUG - Button pressed is: &OK
2026-10-10 12:43:38,506 - QTvcp.QTVCP.WIDGETS.DIALOGMIXIN - DEBUG - Saving ToolChangeDialog-geometry data from widget  to file.
2026-10-10 12:43:38,506 - QTvcp.QTVCP.WIDGETS.DIALOG_WIDGET - DEBUG - Button pressed is: &OK
2026-10-10 12:43:38,506 - QTvcp.QTVCP.WIDGETS.DIALOGMIXIN - DEBUG - Saving ToolChangeDialog-geometry data from widget  to file.
2026-10-10 12:43:38,507 - QTvcp.QTVCP.WIDGETS.DIALOG_WIDGET - DEBUG - Button pressed is: &OK
2026-10-10 12:43:38,507 - QTvcp.QTVCP.WIDGETS.DIALOGMIXIN - DEBUG - Saving ToolChangeDialog-geometry data from widget  to file.
2026-10-10 12:43:38,507 - QTvcp.QTVCP.WIDGETS.DIALOG_WIDGET - DEBUG - Button pressed is: &OK
2026-10-10 12:43:38,507 - QTvcp.QTVCP.WIDGETS.DIALOGMIXIN - DEBUG - Saving ToolChangeDialog-geometry data from widget  to file.
2026-10-10 12:44:00,824 - QTvcp.QTVCP.WIDGETS.DIALOG_WIDGET - DEBUG - Button pressed is: &OK
2026-10-10 12:44:00,824 - QTvcp.QTVCP.WIDGETS.DIALOGMIXIN - DEBUG - Saving ToolChangeDialog-geometry data from widget  to file.
2026-10-10 12:44:00,824 - QTvcp.QTVCP.WIDGETS.DIALOG_WIDGET - DEBUG - Button pressed is: &OK
2026-10-10 12:44:00,825 - QTvcp.QTVCP.WIDGETS.DIALOGMIXIN - DEBUG - Saving ToolChangeDialog-geometry data from widget  to file.
2026-10-10 12:44:00,825 - QTvcp.QTVCP.WIDGETS.DIALOG_WIDGET - DEBUG - Button pressed is: &OK
2026-10-10 12:44:00,825 - QTvcp.QTVCP.WIDGETS.DIALOGMIXIN - DEBUG - Saving ToolChangeDialog-geometry data from widget  to file.
2026-10-10 12:44:00,825 - QTvcp.QTVCP.WIDGETS.DIALOG_WIDGET - DEBUG - Button pressed is: &OK
2026-10-10 12:44:00,825 - QTvcp.QTVCP.WIDGETS.DIALOGMIXIN - DEBUG - Saving ToolChangeDialog-geometry data from widget  to file.
2026-10-10 12:44:00,826 - QTvcp.QTVCP.WIDGETS.DIALOG_WIDGET - DEBUG - Button pressed is: &OK
2026-10-10 12:44:00,826 - QTvcp.QTVCP.WIDGETS.DIALOGMIXIN - DEBUG - Saving ToolChangeDialog-geometry data from widget  to file.
2026-10-10 12:44:00,826 - QTvcp.QTVCP.WIDGETS.DIALOG_WIDGET - DEBUG - Button pressed is: &OK
2026-10-10 12:44:00,826 - QTvcp.QTVCP.WIDGETS.DIALOGMIXIN - DEBUG - Saving ToolChangeDialog-geometry data from widget  to file.
2026-10-10 12:44:00,827 - QTvcp.QTVCP.WIDGETS.DIALOG_WIDGET - DEBUG - Button pressed is: &OK
2026-10-10 12:44:00,827 - QTvcp.QTVCP.WIDGETS.DIALOGMIXIN - DEBUG - Saving ToolChangeDialog-geometry data from widget  to file.
2026-10-10 12:44:00,827 - QTvcp.QTVCP.WIDGETS.DIALOG_WIDGET - DEBUG - Button pressed is: &OK
2026-10-10 12:44:00,827 - QTvcp.QTVCP.WIDGETS.DIALOGMIXIN - DEBUG - Saving ToolChangeDialog-geometry data from widget  to file.
2026-10-10 12:44:00,827 - QTvcp.QTVCP.WIDGETS.DIALOG_WIDGET - DEBUG - Button pressed is: &OK
2026-10-10 12:44:00,827 - QTvcp.QTVCP.WIDGETS.DIALOGMIXIN - DEBUG - Saving ToolChangeDialog-geometry data from widget  to file.
2026-10-10 12:51:03,654 - QTvcp.QTVCP.WIDGETS.GCODE_EDITOR - DEBUG - editor: got external highlight 0
2026-10-10 12:51:03,654 - QTvcp.QTVCP.WIDGETS.GCODE_EDITOR - DEBUG - editor: got external highlight 0
2026-10-10 12:51:15,432 - QTvcp.QTVCP.WIDGETS.TOOL_OFFSETVIEW - DEBUG - original value:<PyQt5.QtWidgets.QCheckBox object at 0x7f6d83f68160>
2026-10-10 12:51:15,433 - QTvcp.QTVCP.WIDGETS.TOOL_OFFSETVIEW - DEBUG - >>> setData() role = 10
2026-10-10 12:51:15,433 - QTvcp.QTVCP.WIDGETS.TOOL_OFFSETVIEW - DEBUG - >>> setData() column() = 0
2026-10-10 12:51:15,433 - QTvcp.QTVCP.WIDGETS.TOOL_OFFSETVIEW - DEBUG - Text: <PyQt5.QtWidgets.QCheckBox object at 0x7f6d83f68160>, Row: 21, Column: 0
2026-10-10 12:51:17,110 - QTvcp.QTVCP.QT_ACTION - DEBUG - CALL_MDI Command: M61 Q50 G43
2026-10-10 12:51:17,187 - QTvcp.QTVCP.WIDGETS.MDI_LINE - DEBUG - Ext line selected: , mdi_history.dat
2026-10-10 12:51:38,205 - QTvcp.QTVCP.WIDGETS.GCODE_GRAPHICS - DEBUG - reload the display: /home/callum/linuxcnc/configs/nc_files/FS bike/final frame accessories/horst link pins.ngc
2026-10-10 12:51:51,596 - QTvcp.QTVCP.WIDGETS.GCODE_EDITOR - DEBUG - should reload the display
2026-10-10 12:52:15,952 - QTvcp.QTVCP.WIDGETS.DIALOG_WIDGET - DEBUG - Button pressed is: &OK
2026-10-10 12:52:15,953 - QTvcp.QTVCP.WIDGETS.DIALOGMIXIN - DEBUG - Saving ToolChangeDialog-geometry data from widget  to file.
2026-10-10 12:52:15,953 - QTvcp.QTVCP.WIDGETS.DIALOG_WIDGET - DEBUG - Button pressed is: &OK
2026-10-10 12:52:15,953 - QTvcp.QTVCP.WIDGETS.DIALOGMIXIN - DEBUG - Saving ToolChangeDialog-geometry data from widget  to file.
2026-10-10 12:52:15,954 - QTvcp.QTVCP.WIDGETS.DIALOG_WIDGET - DEBUG - Button pressed is: &OK
2026-10-10 12:52:15,954 - QTvcp.QTVCP.WIDGETS.DIALOGMIXIN - DEBUG - Saving ToolChangeDialog-geometry data from widget  to file.
2026-10-10 12:52:15,954 - QTvcp.QTVCP.WIDGETS.DIALOG_WIDGET - DEBUG - Button pressed is: &OK
2026-10-10 12:52:15,954 - QTvcp.QTVCP.WIDGETS.DIALOGMIXIN - DEBUG - Saving ToolChangeDialog-geometry data from widget  to file.
2026-10-10 12:52:15,954 - QTvcp.QTVCP.WIDGETS.DIALOG_WIDGET - DEBUG - Button pressed is: &OK
2026-10-10 12:52:15,954 - QTvcp.QTVCP.WIDGETS.DIALOGMIXIN - DEBUG - Saving ToolChangeDialog-geometry data from widget  to file.
2026-10-10 12:52:15,955 - QTvcp.QTVCP.WIDGETS.DIALOG_WIDGET - DEBUG - Button pressed is: &OK
2026-10-10 12:52:15,955 - QTvcp.QTVCP.WIDGETS.DIALOGMIXIN - DEBUG - Saving ToolChangeDialog-geometry data from widget  to file.
2026-10-10 12:52:15,955 - QTvcp.QTVCP.WIDGETS.DIALOG_WIDGET - DEBUG - Button pressed is: &OK
2026-10-10 12:52:15,955 - QTvcp.QTVCP.WIDGETS.DIALOGMIXIN - DEBUG - Saving ToolChangeDialog-geometry data from widget  to file.
2026-10-10 12:52:15,956 - QTvcp.QTVCP.WIDGETS.DIALOG_WIDGET - DEBUG - Button pressed is: &OK
2026-10-10 12:52:15,956 - QTvcp.QTVCP.WIDGETS.DIALOGMIXIN - DEBUG - Saving ToolChangeDialog-geometry data from widget  to file.
2026-10-10 12:52:15,956 - QTvcp.QTVCP.WIDGETS.DIALOG_WIDGET - DEBUG - Button pressed is: &OK
2026-10-10 12:52:15,956 - QTvcp.QTVCP.WIDGETS.DIALOGMIXIN - DEBUG - Saving ToolChangeDialog-geometry data from widget  to file.
2026-10-10 12:52:15,956 - QTvcp.QTVCP.WIDGETS.DIALOG_WIDGET - DEBUG - Button pressed is: &OK
2026-10-10 12:52:15,956 - QTvcp.QTVCP.WIDGETS.DIALOGMIXIN - DEBUG - Saving ToolChangeDialog-geometry data from widget  to file.
2026-10-10 12:53:31,740 - QTvcp.QTVCP.WIDGETS.DIALOG_WIDGET - DEBUG - Button pressed is: &OK
2026-10-10 12:53:31,740 - QTvcp.QTVCP.WIDGETS.DIALOGMIXIN - DEBUG - Saving ToolChangeDialog-geometry data from widget  to file.
2026-10-10 12:53:31,740 - QTvcp.QTVCP.WIDGETS.DIALOG_WIDGET - DEBUG - Button pressed is: &OK
2026-10-10 12:53:31,741 - QTvcp.QTVCP.WIDGETS.DIALOGMIXIN - DEBUG - Saving ToolChangeDialog-geometry data from widget  to file.
2026-10-10 12:53:31,741 - QTvcp.QTVCP.WIDGETS.DIALOG_WIDGET - DEBUG - Button pressed is: &OK
2026-10-10 12:53:31,741 - QTvcp.QTVCP.WIDGETS.DIALOGMIXIN - DEBUG - Saving ToolChangeDialog-geometry data from widget  to file.
2026-10-10 12:53:31,741 - QTvcp.QTVCP.WIDGETS.DIALOG_WIDGET - DEBUG - Button pressed is: &OK
2026-10-10 12:53:31,741 - QTvcp.QTVCP.WIDGETS.DIALOGMIXIN - DEBUG - Saving ToolChangeDialog-geometry data from widget  to file.
2026-10-10 12:53:31,742 - QTvcp.QTVCP.WIDGETS.DIALOG_WIDGET - DEBUG - Button pressed is: &OK
2026-10-10 12:53:31,742 - QTvcp.QTVCP.WIDGETS.DIALOGMIXIN - DEBUG - Saving ToolChangeDialog-geometry data from widget  to file.
2026-10-10 12:53:31,742 - QTvcp.QTVCP.WIDGETS.DIALOG_WIDGET - DEBUG - Button pressed is: &OK
2026-10-10 12:53:31,742 - QTvcp.QTVCP.WIDGETS.DIALOGMIXIN - DEBUG - Saving ToolChangeDialog-geometry data from widget  to file.
2026-10-10 12:53:31,742 - QTvcp.QTVCP.WIDGETS.DIALOG_WIDGET - DEBUG - Button pressed is: &OK
2026-10-10 12:53:31,743 - QTvcp.QTVCP.WIDGETS.DIALOGMIXIN - DEBUG - Saving ToolChangeDialog-geometry data from widget  to file.
2026-10-10 12:53:31,743 - QTvcp.QTVCP.WIDGETS.DIALOG_WIDGET - DEBUG - Button pressed is: &OK
2026-10-10 12:53:31,743 - QTvcp.QTVCP.WIDGETS.DIALOGMIXIN - DEBUG - Saving ToolChangeDialog-geometry data from widget  to file.
2026-10-10 12:53:31,743 - QTvcp.QTVCP.WIDGETS.DIALOG_WIDGET - DEBUG - Button pressed is: &OK
2026-10-10 12:53:31,743 - QTvcp.QTVCP.WIDGETS.DIALOGMIXIN - DEBUG - Saving ToolChangeDialog-geometry data from widget  to file.
2026-10-10 12:53:31,744 - QTvcp.QTVCP.WIDGETS.DIALOG_WIDGET - DEBUG - Button pressed is: &OK
2026-10-10 12:53:31,744 - QTvcp.QTVCP.WIDGETS.DIALOGMIXIN - DEBUG - Saving ToolChangeDialog-geometry data from widget  to file.
2026-10-10 12:53:31,744 - QTvcp.QTVCP.WIDGETS.DIALOG_WIDGET - DEBUG - Button pressed is: &OK
2026-10-10 12:53:31,744 - QTvcp.QTVCP.WIDGETS.DIALOGMIXIN - DEBUG - Saving ToolChangeDialog-geometry data from widget  to file.
2026-10-10 12:53:58,676 - QTvcp.QTVCP.WIDGETS.DIALOG_WIDGET - DEBUG - Button pressed is: &OK
2026-10-10 12:53:58,676 - QTvcp.QTVCP.WIDGETS.DIALOGMIXIN - DEBUG - Saving ToolChangeDialog-geometry data from widget  to file.
2026-10-10 12:53:58,676 - QTvcp.QTVCP.WIDGETS.DIALOG_WIDGET - DEBUG - Button pressed is: &OK
2026-10-10 12:53:58,677 - QTvcp.QTVCP.WIDGETS.DIALOGMIXIN - DEBUG - Saving ToolChangeDialog-geometry data from widget  to file.
2026-10-10 12:53:58,677 - QTvcp.QTVCP.WIDGETS.DIALOG_WIDGET - DEBUG - Button pressed is: &OK
2026-10-10 12:53:58,677 - QTvcp.QTVCP.WIDGETS.DIALOGMIXIN - DEBUG - Saving ToolChangeDialog-geometry data from widget  to file.
2026-10-10 12:53:58,677 - QTvcp.QTVCP.WIDGETS.DIALOG_WIDGET - DEBUG - Button pressed is: &OK
2026-10-10 12:53:58,677 - QTvcp.QTVCP.WIDGETS.DIALOGMIXIN - DEBUG - Saving ToolChangeDialog-geometry data from widget  to file.
2026-10-10 12:53:58,678 - QTvcp.QTVCP.WIDGETS.DIALOG_WIDGET - DEBUG - Button pressed is: &OK
2026-10-10 12:53:58,678 - QTvcp.QTVCP.WIDGETS.DIALOGMIXIN - DEBUG - Saving ToolChangeDialog-geometry data from widget  to file.
2026-10-10 12:53:58,678 - QTvcp.QTVCP.WIDGETS.DIALOG_WIDGET - DEBUG - Button pressed is: &OK
2026-10-10 12:53:58,678 - QTvcp.QTVCP.WIDGETS.DIALOGMIXIN - DEBUG - Saving ToolChangeDialog-geometry data from widget  to file.
2026-10-10 12:53:58,679 - QTvcp.QTVCP.WIDGETS.DIALOG_WIDGET - DEBUG - Button pressed is: &OK
2026-10-10 12:53:58,679 - QTvcp.QTVCP.WIDGETS.DIALOGMIXIN - DEBUG - Saving ToolChangeDialog-geometry data from widget  to file.
2026-10-10 12:53:58,679 - QTvcp.QTVCP.WIDGETS.DIALOG_WIDGET - DEBUG - Button pressed is: &OK
2026-10-10 12:53:58,679 - QTvcp.QTVCP.WIDGETS.DIALOGMIXIN - DEBUG - Saving ToolChangeDialog-geometry data from widget  to file.
2026-10-10 12:53:58,679 - QTvcp.QTVCP.WIDGETS.DIALOG_WIDGET - DEBUG - Button pressed is: &OK
2026-10-10 12:53:58,679 - QTvcp.QTVCP.WIDGETS.DIALOGMIXIN - DEBUG - Saving ToolChangeDialog-geometry data from widget  to file.
2026-10-10 12:53:58,680 - QTvcp.QTVCP.WIDGETS.DIALOG_WIDGET - DEBUG - Button pressed is: &OK
2026-10-10 12:53:58,680 - QTvcp.QTVCP.WIDGETS.DIALOGMIXIN - DEBUG - Saving ToolChangeDialog-geometry data from widget  to file.
2026-10-10 12:53:58,680 - QTvcp.QTVCP.WIDGETS.DIALOG_WIDGET - DEBUG - Button pressed is: &OK
2026-10-10 12:53:58,680 - QTvcp.QTVCP.WIDGETS.DIALOGMIXIN - DEBUG - Saving ToolChangeDialog-geometry data from widget  to file.
2026-10-10 12:53:58,681 - QTvcp.QTVCP.WIDGETS.DIALOG_WIDGET - DEBUG - Button pressed is: &OK
2026-10-10 12:53:58,681 - QTvcp.QTVCP.WIDGETS.DIALOGMIXIN - DEBUG - Saving ToolChangeDialog-geometry data from widget  to file.
2026-10-10 12:54:34,272 - QTvcp.QTVCP.WIDGETS.GCODE_EDITOR - DEBUG - editor: got external highlight 0
2026-10-10 12:54:34,272 - QTvcp.QTVCP.WIDGETS.GCODE_EDITOR - DEBUG - editor: got external highlight 0
2026-10-10 12:54:43,075 - QTvcp.QTVCP.WIDGETS.MDI_LINE - DEBUG - Ext line selected: , mdi_history.dat
2026-10-10 12:54:45,034 - QTvcp.QTVCP.WIDGETS.MDI_LINE - DEBUG - up
2026-10-10 12:54:45,034 - QTvcp.QTVCP.WIDGETS.GCODE_EDITOR - DEBUG - 135
2026-10-10 12:54:45,034 - QTvcp.QTVCP.WIDGETS.MDI_LINE - DEBUG - Ext line selected: m3s7500, mdi_history.dat
2026-10-10 12:54:45,278 - QTvcp.QTVCP.WIDGETS.MDI_LINE - DEBUG - up
2026-10-10 12:54:45,278 - QTvcp.QTVCP.WIDGETS.GCODE_EDITOR - DEBUG - 134
2026-10-10 12:54:45,279 - QTvcp.QTVCP.WIDGETS.MDI_LINE - DEBUG - Ext line selected: m3s1500, mdi_history.dat
2026-10-10 12:54:50,174 - QTvcp.QTVCP.QT_ACTION - DEBUG - CALL_MDI Command: m3s1200

2026-10-10 12:54:50,299 - QTvcp.QTVCP.WIDGETS.MDI_LINE - DEBUG - Ext line selected: , mdi_history.dat
2026-10-10 12:59:52,831 - QTvcp.QTVCP.WIDGETS.ORIGIN_OFFSETVIEW - DEBUG - Text:    9.8633, Row: 4, Column: 0
2026-10-10 12:59:57,547 - QTvcp.QTVCP.WIDGETS.DIALOGMIXIN - DEBUG - Saving CalculatorDialog-geometry data from widget  to file.
2026-10-10 12:59:57,642 - QTvcp.QTVCP.WIDGETS.DIALOG_WIDGET - DEBUG - Displayed value when accepted: 1.956
2026-10-10 12:59:57,643 - QTvcp.QTVCP.WIDGETS.ORIGIN_OFFSETVIEW - DEBUG - message returned:{'NAME': 'CALCULATOR', 'ID': 'offset_table__', 'PRELOAD': 9.8633, 'TITLE': 'G54 Offset of X,   9.8633', 'ITEM': <PyQt5.QtCore.QModelIndex object at 0x7f6d986b5e00>, 'RETURN': 1.956}
2026-10-10 12:59:57,643 - QTvcp.QTVCP.WIDGETS.TOOL_OFFSETVIEW - DEBUG - message returned:{'NAME': 'CALCULATOR', 'ID': 'offset_table__', 'PRELOAD': 9.8633, 'TITLE': 'G54 Offset of X,   9.8633', 'ITEM': <PyQt5.QtCore.QModelIndex object at 0x7f6d986b5e00>, 'RETURN': 1.956}
2026-10-10 12:59:57,643 - QTvcp.QTVCP.WIDGETS.ORIGIN_OFFSETVIEW - DEBUG - message returned:{'NAME': 'CALCULATOR', 'ID': 'offset_table__', 'PRELOAD': 9.8633, 'TITLE': 'G54 Offset of X,   9.8633', 'ITEM': <PyQt5.QtCore.QModelIndex object at 0x7f6d986b5e00>, 'RETURN': 1.956}
2026-10-10 12:59:57,643 - QTvcp.QTVCP.WIDGETS.ORIGIN_OFFSETVIEW - DEBUG -    9.8633
2026-10-10 12:59:57,643 - QTvcp.QTVCP.WIDGETS.ORIGIN_OFFSETVIEW - DEBUG - >>> setData() role = None
2026-10-10 12:59:57,643 - QTvcp.QTVCP.WIDGETS.ORIGIN_OFFSETVIEW - DEBUG - >>> setData() index.column() = 0
2026-10-10 12:59:57,643 - QTvcp.QTVCP.WIDGETS.ORIGIN_OFFSETVIEW - DEBUG - >>> setData() value = 1.956
2026-10-10 12:59:57,643 - QTvcp.QTVCP.WIDGETS.ORIGIN_OFFSETVIEW - DEBUG - >>> setData() qualified value = 1.956
2026-10-10 12:59:57,643 - QTvcp.QTVCP.WIDGETS.ORIGIN_OFFSETVIEW - DEBUG - >>> setData() index.row = 4
2026-10-10 12:59:57,643 - QTvcp.QTVCP.WIDGETS.ORIGIN_OFFSETVIEW - DEBUG - >>> setData() index.column = 0
2026-10-10 12:59:57,644 - QTvcp.QTVCP.QT_ACTION - DEBUG - CALL_MDI Command: G10 L2 P1 x     1.9560
2026-10-10 12:59:57,825 - QTvcp.QTVCP.WIDGETS.GCODE_GRAPHICS - DEBUG - reload the display: /home/callum/linuxcnc/configs/nc_files/FS bike/final frame accessories/horst link pins.ngc
2026-10-10 12:59:57,841 - QTvcp.QTVCP.WIDGETS.ORIGIN_OFFSETVIEW - DEBUG - message returned:{'NAME': 'CALCULATOR', 'ID': 'offset_table__', 'PRELOAD': 9.8633, 'TITLE': 'G54 Offset of X,   9.8633', 'ITEM': <PyQt5.QtCore.QModelIndex object at 0x7f6d986b5e00>, 'RETURN': None}
2026-10-10 12:59:57,841 - QTvcp.QTVCP.WIDGETS.TOOL_OFFSETVIEW - DEBUG - message returned:{'NAME': 'CALCULATOR', 'ID': 'offset_table__', 'PRELOAD': 9.8633, 'TITLE': 'G54 Offset of X,   9.8633', 'ITEM': <PyQt5.QtCore.QModelIndex object at 0x7f6d986b5e00>, 'RETURN': None}
2026-10-10 12:59:57,841 - QTvcp.QTVCP.WIDGETS.ORIGIN_OFFSETVIEW - DEBUG - message returned:{'NAME': 'CALCULATOR', 'ID': 'offset_table__', 'PRELOAD': 9.8633, 'TITLE': 'G54 Offset of X,   9.8633', 'ITEM': <PyQt5.QtCore.QModelIndex object at 0x7f6d986b5e00>, 'RETURN': None}
2026-10-10 12:59:57,842 - QTvcp.QTVCP.WIDGETS.ORIGIN_OFFSETVIEW - DEBUG - message sent:{'NAME': 'CALCULATOR', 'ID': 'offset_table__', 'PRELOAD': 9.8633, 'TITLE': 'G54 Offset of X,   9.8633', 'ITEM': <PyQt5.QtCore.QModelIndex object at 0x7f6d986b5e00>, 'RETURN': None}
2026-10-10 13:00:01,011 - QTvcp.QTVCP.WIDGETS.ORIGIN_OFFSETVIEW - DEBUG - Text:    5.4151, Row: 4, Column: 1
2026-10-10 13:00:08,653 - QTvcp.QTVCP.WIDGETS.DIALOGMIXIN - DEBUG - Saving CalculatorDialog-geometry data from widget  to file.
2026-10-10 13:00:08,748 - QTvcp.QTVCP.WIDGETS.DIALOG_WIDGET - DEBUG - Displayed value when accepted: 6.825
2026-10-10 13:00:08,748 - QTvcp.QTVCP.WIDGETS.ORIGIN_OFFSETVIEW - DEBUG - message returned:{'NAME': 'CALCULATOR', 'ID': 'offset_table__', 'PRELOAD': 5.4151, 'TITLE': 'G54 Offset of Y,   5.4151', 'ITEM': <PyQt5.QtCore.QModelIndex object at 0x7f6d83f6db60>, 'RETURN': 6.825}
2026-10-10 13:00:08,748 - QTvcp.QTVCP.WIDGETS.TOOL_OFFSETVIEW - DEBUG - message returned:{'NAME': 'CALCULATOR', 'ID': 'offset_table__', 'PRELOAD': 5.4151, 'TITLE': 'G54 Offset of Y,   5.4151', 'ITEM': <PyQt5.QtCore.QModelIndex object at 0x7f6d83f6db60>, 'RETURN': 6.825}
2026-10-10 13:00:08,748 - QTvcp.QTVCP.WIDGETS.ORIGIN_OFFSETVIEW - DEBUG - message returned:{'NAME': 'CALCULATOR', 'ID': 'offset_table__', 'PRELOAD': 5.4151, 'TITLE': 'G54 Offset of Y,   5.4151', 'ITEM': <PyQt5.QtCore.QModelIndex object at 0x7f6d83f6db60>, 'RETURN': 6.825}
2026-10-10 13:00:08,748 - QTvcp.QTVCP.WIDGETS.ORIGIN_OFFSETVIEW - DEBUG -    5.4151
2026-10-10 13:00:08,749 - QTvcp.QTVCP.WIDGETS.ORIGIN_OFFSETVIEW - DEBUG - >>> setData() role = None
2026-10-10 13:00:08,749 - QTvcp.QTVCP.WIDGETS.ORIGIN_OFFSETVIEW - DEBUG - >>> setData() index.column() = 1
2026-10-10 13:00:08,749 - QTvcp.QTVCP.WIDGETS.ORIGIN_OFFSETVIEW - DEBUG - >>> setData() value = 6.825
2026-10-10 13:00:08,749 - QTvcp.QTVCP.WIDGETS.ORIGIN_OFFSETVIEW - DEBUG - >>> setData() qualified value = 6.825
2026-10-10 13:00:08,749 - QTvcp.QTVCP.WIDGETS.ORIGIN_OFFSETVIEW - DEBUG - >>> setData() index.row = 4
2026-10-10 13:00:08,749 - QTvcp.QTVCP.WIDGETS.ORIGIN_OFFSETVIEW - DEBUG - >>> setData() index.column = 1
2026-10-10 13:00:08,749 - QTvcp.QTVCP.QT_ACTION - DEBUG - CALL_MDI Command: G10 L2 P1 y     6.8250
2026-10-10 13:00:08,931 - QTvcp.QTVCP.WIDGETS.GCODE_GRAPHICS - DEBUG - reload the display: /home/callum/linuxcnc/configs/nc_files/FS bike/final frame accessories/horst link pins.ngc
2026-10-10 13:00:08,946 - QTvcp.QTVCP.WIDGETS.ORIGIN_OFFSETVIEW - DEBUG - message returned:{'NAME': 'CALCULATOR', 'ID': 'offset_table__', 'PRELOAD': 5.4151, 'TITLE': 'G54 Offset of Y,   5.4151', 'ITEM': <PyQt5.QtCore.QModelIndex object at 0x7f6d83f6db60>, 'RETURN': None}
2026-10-10 13:00:08,946 - QTvcp.QTVCP.WIDGETS.TOOL_OFFSETVIEW - DEBUG - message returned:{'NAME': 'CALCULATOR', 'ID': 'offset_table__', 'PRELOAD': 5.4151, 'TITLE': 'G54 Offset of Y,   5.4151', 'ITEM': <PyQt5.QtCore.QModelIndex object at 0x7f6d83f6db60>, 'RETURN': None}
2026-10-10 13:00:08,946 - QTvcp.QTVCP.WIDGETS.ORIGIN_OFFSETVIEW - DEBUG - message returned:{'NAME': 'CALCULATOR', 'ID': 'offset_table__', 'PRELOAD': 5.4151, 'TITLE': 'G54 Offset of Y,   5.4151', 'ITEM': <PyQt5.QtCore.QModelIndex object at 0x7f6d83f6db60>, 'RETURN': None}
2026-10-10 13:00:08,947 - QTvcp.QTVCP.WIDGETS.ORIGIN_OFFSETVIEW - DEBUG - message sent:{'NAME': 'CALCULATOR', 'ID': 'offset_table__', 'PRELOAD': 5.4151, 'TITLE': 'G54 Offset of Y,   5.4151', 'ITEM': <PyQt5.QtCore.QModelIndex object at 0x7f6d83f6db60>, 'RETURN': None}
2026-10-10 13:00:14,433 - QTvcp.QTVCP.WIDGETS.ORIGIN_OFFSETVIEW - DEBUG - Text:  -12.2134, Row: 4, Column: 2
2026-10-10 13:00:21,333 - QTvcp.QTVCP.WIDGETS.DIALOGMIXIN - DEBUG - Saving CalculatorDialog-geometry data from widget  to file.
2026-10-10 13:00:21,434 - QTvcp.QTVCP.WIDGETS.DIALOG_WIDGET - DEBUG - Displayed value when accepted: -15.1451
2026-10-10 13:00:21,435 - QTvcp.QTVCP.WIDGETS.ORIGIN_OFFSETVIEW - DEBUG - message returned:{'NAME': 'CALCULATOR', 'ID': 'offset_table__', 'PRELOAD': -12.2134, 'TITLE': 'G54 Offset of Z, -12.2134', 'ITEM': <PyQt5.QtCore.QModelIndex object at 0x7f6d986b5e00>, 'RETURN': -15.1451}
2026-10-10 13:00:21,435 - QTvcp.QTVCP.WIDGETS.TOOL_OFFSETVIEW - DEBUG - message returned:{'NAME': 'CALCULATOR', 'ID': 'offset_table__', 'PRELOAD': -12.2134, 'TITLE': 'G54 Offset of Z, -12.2134', 'ITEM': <PyQt5.QtCore.QModelIndex object at 0x7f6d986b5e00>, 'RETURN': -15.1451}
2026-10-10 13:00:21,435 - QTvcp.QTVCP.WIDGETS.ORIGIN_OFFSETVIEW - DEBUG - message returned:{'NAME': 'CALCULATOR', 'ID': 'offset_table__', 'PRELOAD': -12.2134, 'TITLE': 'G54 Offset of Z, -12.2134', 'ITEM': <PyQt5.QtCore.QModelIndex object at 0x7f6d986b5e00>, 'RETURN': -15.1451}
2026-10-10 13:00:21,435 - QTvcp.QTVCP.WIDGETS.ORIGIN_OFFSETVIEW - DEBUG -  -12.2134
2026-10-10 13:00:21,435 - QTvcp.QTVCP.WIDGETS.ORIGIN_OFFSETVIEW - DEBUG - >>> setData() role = None
2026-10-10 13:00:21,435 - QTvcp.QTVCP.WIDGETS.ORIGIN_OFFSETVIEW - DEBUG - >>> setData() index.column() = 2
2026-10-10 13:00:21,435 - QTvcp.QTVCP.WIDGETS.ORIGIN_OFFSETVIEW - DEBUG - >>> setData() value = -15.1451
2026-10-10 13:00:21,435 - QTvcp.QTVCP.WIDGETS.ORIGIN_OFFSETVIEW - DEBUG - >>> setData() qualified value = -15.1451
2026-10-10 13:00:21,436 - QTvcp.QTVCP.WIDGETS.ORIGIN_OFFSETVIEW - DEBUG - >>> setData() index.row = 4
2026-10-10 13:00:21,436 - QTvcp.QTVCP.WIDGETS.ORIGIN_OFFSETVIEW - DEBUG - >>> setData() index.column = 2
2026-10-10 13:00:21,436 - QTvcp.QTVCP.QT_ACTION - DEBUG - CALL_MDI Command: G10 L2 P1 z   -15.1451
2026-10-10 13:00:21,618 - QTvcp.QTVCP.WIDGETS.GCODE_GRAPHICS - DEBUG - reload the display: /home/callum/linuxcnc/configs/nc_files/FS bike/final frame accessories/horst link pins.ngc
2026-10-10 13:00:21,633 - QTvcp.QTVCP.WIDGETS.ORIGIN_OFFSETVIEW - DEBUG - message returned:{'NAME': 'CALCULATOR', 'ID': 'offset_table__', 'PRELOAD': -12.2134, 'TITLE': 'G54 Offset of Z, -12.2134', 'ITEM': <PyQt5.QtCore.QModelIndex object at 0x7f6d986b5e00>, 'RETURN': None}
2026-10-10 13:00:21,633 - QTvcp.QTVCP.WIDGETS.TOOL_OFFSETVIEW - DEBUG - message returned:{'NAME': 'CALCULATOR', 'ID': 'offset_table__', 'PRELOAD': -12.2134, 'TITLE': 'G54 Offset of Z, -12.2134', 'ITEM': <PyQt5.QtCore.QModelIndex object at 0x7f6d986b5e00>, 'RETURN': None}
2026-10-10 13:00:21,633 - QTvcp.QTVCP.WIDGETS.ORIGIN_OFFSETVIEW - DEBUG - message returned:{'NAME': 'CALCULATOR', 'ID': 'offset_table__', 'PRELOAD': -12.2134, 'TITLE': 'G54 Offset of Z, -12.2134', 'ITEM': <PyQt5.QtCore.QModelIndex object at 0x7f6d986b5e00>, 'RETURN': None}
2026-10-10 13:00:21,633 - QTvcp.QTVCP.WIDGETS.ORIGIN_OFFSETVIEW - DEBUG - message sent:{'NAME': 'CALCULATOR', 'ID': 'offset_table__', 'PRELOAD': -12.2134, 'TITLE': 'G54 Offset of Z, -12.2134', 'ITEM': <PyQt5.QtCore.QModelIndex object at 0x7f6d986b5e00>, 'RETURN': None}
2026-10-10 13:00:31,010 - QTvcp.QTVCP.WIDGETS.ORIGIN_OFFSETVIEW - DEBUG - Text:    1.9560, Row: 10, Column: 0
2026-10-10 13:00:32,679 - QTvcp.QTVCP.WIDGETS.DIALOGMIXIN - DEBUG - Saving CalculatorDialog-geometry data from widget  to file.
2026-10-10 13:00:32,781 - QTvcp.QTVCP.WIDGETS.ORIGIN_OFFSETVIEW - DEBUG - message returned:{'NAME': 'CALCULATOR', 'ID': 'offset_table__', 'PRELOAD': 1.956, 'TITLE': 'G59.1 Offset of X,   1.9560', 'ITEM': <PyQt5.QtCore.QModelIndex object at 0x7f6d83f6dc40>, 'RETURN': None}
2026-10-10 13:00:32,781 - QTvcp.QTVCP.WIDGETS.TOOL_OFFSETVIEW - DEBUG - message returned:{'NAME': 'CALCULATOR', 'ID': 'offset_table__', 'PRELOAD': 1.956, 'TITLE': 'G59.1 Offset of X,   1.9560', 'ITEM': <PyQt5.QtCore.QModelIndex object at 0x7f6d83f6dc40>, 'RETURN': None}
2026-10-10 13:00:32,781 - QTvcp.QTVCP.WIDGETS.ORIGIN_OFFSETVIEW - DEBUG - message returned:{'NAME': 'CALCULATOR', 'ID': 'offset_table__', 'PRELOAD': 1.956, 'TITLE': 'G59.1 Offset of X,   1.9560', 'ITEM': <PyQt5.QtCore.QModelIndex object at 0x7f6d83f6dc40>, 'RETURN': None}
2026-10-10 13:00:32,781 - QTvcp.QTVCP.WIDGETS.ORIGIN_OFFSETVIEW - DEBUG - message sent:{'NAME': 'CALCULATOR', 'ID': 'offset_table__', 'PRELOAD': 1.956, 'TITLE': 'G59.1 Offset of X,   1.9560', 'ITEM': <PyQt5.QtCore.QModelIndex object at 0x7f6d83f6dc40>, 'RETURN': None}
2026-10-10 13:01:17,289 - QTvcp.QTVCP.QT_ACTION - DEBUG - Load program /home/callum/linuxcnc/configs/nc_files/FS bike/final frame accessories/bearing cups/op1 - in vise.ngc
2026-10-10 13:01:17,390 - QTvcp.QTVCP.WIDGETS.GCODE_GRAPHICS - DEBUG - load the display: /home/callum/linuxcnc/configs/nc_files/FS bike/final frame accessories/bearing cups/op1 - in vise.ngc
2026-10-10 13:02:47,140 - QTvcp.QTVCP.WIDGETS.DIALOG_WIDGET - DEBUG - Button pressed is: &OK
2026-10-10 13:02:47,140 - QTvcp.QTVCP.WIDGETS.DIALOGMIXIN - DEBUG - Saving ToolChangeDialog-geometry data from widget  to file.
2026-10-10 13:02:47,140 - QTvcp.QTVCP.WIDGETS.DIALOG_WIDGET - DEBUG - Button pressed is: &OK
2026-10-10 13:02:47,141 - QTvcp.QTVCP.WIDGETS.DIALOGMIXIN - DEBUG - Saving ToolChangeDialog-geometry data from widget  to file.
2026-10-10 13:02:47,141 - QTvcp.QTVCP.WIDGETS.DIALOG_WIDGET - DEBUG - Button pressed is: &OK
2026-10-10 13:02:47,141 - QTvcp.QTVCP.WIDGETS.DIALOGMIXIN - DEBUG - Saving ToolChangeDialog-geometry data from widget  to file.
2026-10-10 13:02:47,141 - QTvcp.QTVCP.WIDGETS.DIALOG_WIDGET - DEBUG - Button pressed is: &OK
2026-10-10 13:02:47,141 - QTvcp.QTVCP.WIDGETS.DIALOGMIXIN - DEBUG - Saving ToolChangeDialog-geometry data from widget  to file.
2026-10-10 13:02:47,142 - QTvcp.QTVCP.WIDGETS.DIALOG_WIDGET - DEBUG - Button pressed is: &OK
2026-10-10 13:02:47,142 - QTvcp.QTVCP.WIDGETS.DIALOGMIXIN - DEBUG - Saving ToolChangeDialog-geometry data from widget  to file.
2026-10-10 13:02:47,142 - QTvcp.QTVCP.WIDGETS.DIALOG_WIDGET - DEBUG - Button pressed is: &OK
2026-10-10 13:02:47,142 - QTvcp.QTVCP.WIDGETS.DIALOGMIXIN - DEBUG - Saving ToolChangeDialog-geometry data from widget  to file.
2026-10-10 13:02:47,142 - QTvcp.QTVCP.WIDGETS.DIALOG_WIDGET - DEBUG - Button pressed is: &OK
2026-10-10 13:02:47,142 - QTvcp.QTVCP.WIDGETS.DIALOGMIXIN - DEBUG - Saving ToolChangeDialog-geometry data from widget  to file.
2026-10-10 13:02:47,143 - QTvcp.QTVCP.WIDGETS.DIALOG_WIDGET - DEBUG - Button pressed is: &OK
2026-10-10 13:02:47,143 - QTvcp.QTVCP.WIDGETS.DIALOGMIXIN - DEBUG - Saving ToolChangeDialog-geometry data from widget  to file.
2026-10-10 13:02:47,143 - QTvcp.QTVCP.WIDGETS.DIALOG_WIDGET - DEBUG - Button pressed is: &OK
2026-10-10 13:02:47,143 - QTvcp.QTVCP.WIDGETS.DIALOGMIXIN - DEBUG - Saving ToolChangeDialog-geometry data from widget  to file.
2026-10-10 13:02:47,143 - QTvcp.QTVCP.WIDGETS.DIALOG_WIDGET - DEBUG - Button pressed is: &OK
2026-10-10 13:02:47,144 - QTvcp.QTVCP.WIDGETS.DIALOGMIXIN - DEBUG - Saving ToolChangeDialog-geometry data from widget  to file.
2026-10-10 13:02:47,144 - QTvcp.QTVCP.WIDGETS.DIALOG_WIDGET - DEBUG - Button pressed is: &OK
2026-10-10 13:02:47,144 - QTvcp.QTVCP.WIDGETS.DIALOGMIXIN - DEBUG - Saving ToolChangeDialog-geometry data from widget  to file.
2026-10-10 13:02:47,144 - QTvcp.QTVCP.WIDGETS.DIALOG_WIDGET - DEBUG - Button pressed is: &OK
2026-10-10 13:02:47,144 - QTvcp.QTVCP.WIDGETS.DIALOGMIXIN - DEBUG - Saving ToolChangeDialog-geometry data from widget  to file.
2026-10-10 13:02:47,145 - QTvcp.QTVCP.WIDGETS.DIALOG_WIDGET - DEBUG - Button pressed is: &OK
2026-10-10 13:02:47,145 - QTvcp.QTVCP.WIDGETS.DIALOGMIXIN - DEBUG - Saving ToolChangeDialog-geometry data from widget  to file.
2026-10-10 13:03:42,369 - QTvcp.QTVCP.WIDGETS.DIALOG_WIDGET - DEBUG - Button pressed is: &OK
2026-10-10 13:03:42,370 - QTvcp.QTVCP.WIDGETS.DIALOGMIXIN - DEBUG - Saving ToolChangeDialog-geometry data from widget  to file.
2026-10-10 13:03:42,370 - QTvcp.QTVCP.WIDGETS.DIALOG_WIDGET - DEBUG - Button pressed is: &OK
2026-10-10 13:03:42,370 - QTvcp.QTVCP.WIDGETS.DIALOGMIXIN - DEBUG - Saving ToolChangeDialog-geometry data from widget  to file.
2026-10-10 13:03:42,371 - QTvcp.QTVCP.WIDGETS.DIALOG_WIDGET - DEBUG - Button pressed is: &OK
2026-10-10 13:03:42,371 - QTvcp.QTVCP.WIDGETS.DIALOGMIXIN - DEBUG - Saving ToolChangeDialog-geometry data from widget  to file.
2026-10-10 13:03:42,371 - QTvcp.QTVCP.WIDGETS.DIALOG_WIDGET - DEBUG - Button pressed is: &OK
2026-10-10 13:03:42,371 - QTvcp.QTVCP.WIDGETS.DIALOGMIXIN - DEBUG - Saving ToolChangeDialog-geometry data from widget  to file.
2026-10-10 13:03:42,372 - QTvcp.QTVCP.WIDGETS.DIALOG_WIDGET - DEBUG - Button pressed is: &OK
2026-10-10 13:03:42,372 - QTvcp.QTVCP.WIDGETS.DIALOGMIXIN - DEBUG - Saving ToolChangeDialog-geometry data from widget  to file.
2026-10-10 13:03:42,372 - QTvcp.QTVCP.WIDGETS.DIALOG_WIDGET - DEBUG - Button pressed is: &OK
2026-10-10 13:03:42,372 - QTvcp.QTVCP.WIDGETS.DIALOGMIXIN - DEBUG - Saving ToolChangeDialog-geometry data from widget  to file.
2026-10-10 13:03:42,372 - QTvcp.QTVCP.WIDGETS.DIALOG_WIDGET - DEBUG - Button pressed is: &OK
2026-10-10 13:03:42,372 - QTvcp.QTVCP.WIDGETS.DIALOGMIXIN - DEBUG - Saving ToolChangeDialog-geometry data from widget  to file.
2026-10-10 13:03:42,373 - QTvcp.QTVCP.WIDGETS.DIALOG_WIDGET - DEBUG - Button pressed is: &OK
2026-10-10 13:03:42,373 - QTvcp.QTVCP.WIDGETS.DIALOGMIXIN - DEBUG - Saving ToolChangeDialog-geometry data from widget  to file.
2026-10-10 13:03:42,373 - QTvcp.QTVCP.WIDGETS.DIALOG_WIDGET - DEBUG - Button pressed is: &OK
2026-10-10 13:03:42,373 - QTvcp.QTVCP.WIDGETS.DIALOGMIXIN - DEBUG - Saving ToolChangeDialog-geometry data from widget  to file.
2026-10-10 13:03:42,374 - QTvcp.QTVCP.WIDGETS.DIALOG_WIDGET - DEBUG - Button pressed is: &OK
2026-10-10 13:03:42,374 - QTvcp.QTVCP.WIDGETS.DIALOGMIXIN - DEBUG - Saving ToolChangeDialog-geometry data from widget  to file.
2026-10-10 13:03:42,374 - QTvcp.QTVCP.WIDGETS.DIALOG_WIDGET - DEBUG - Button pressed is: &OK
2026-10-10 13:03:42,374 - QTvcp.QTVCP.WIDGETS.DIALOGMIXIN - DEBUG - Saving ToolChangeDialog-geometry data from widget  to file.
2026-10-10 13:03:42,374 - QTvcp.QTVCP.WIDGETS.DIALOG_WIDGET - DEBUG - Button pressed is: &OK
2026-10-10 13:03:42,374 - QTvcp.QTVCP.WIDGETS.DIALOGMIXIN - DEBUG - Saving ToolChangeDialog-geometry data from widget  to file.
2026-10-10 13:03:42,375 - QTvcp.QTVCP.WIDGETS.DIALOG_WIDGET - DEBUG - Button pressed is: &OK
2026-10-10 13:03:42,375 - QTvcp.QTVCP.WIDGETS.DIALOGMIXIN - DEBUG - Saving ToolChangeDialog-geometry data from widget  to file.
2026-10-10 13:03:42,375 - QTvcp.QTVCP.WIDGETS.DIALOG_WIDGET - DEBUG - Button pressed is: &OK
2026-10-10 13:03:42,375 - QTvcp.QTVCP.WIDGETS.DIALOGMIXIN - DEBUG - Saving ToolChangeDialog-geometry data from widget  to file.
2026-10-10 13:08:24,116 - QTvcp.QTVCP.WIDGETS.DIALOG_WIDGET - DEBUG - Button pressed is: &OK
2026-10-10 13:08:24,116 - QTvcp.QTVCP.WIDGETS.DIALOGMIXIN - DEBUG - Saving ToolChangeDialog-geometry data from widget  to file.
2026-10-10 13:08:24,116 - QTvcp.QTVCP.WIDGETS.DIALOG_WIDGET - DEBUG - Button pressed is: &OK
2026-10-10 13:08:24,116 - QTvcp.QTVCP.WIDGETS.DIALOGMIXIN - DEBUG - Saving ToolChangeDialog-geometry data from widget  to file.
2026-10-10 13:08:24,117 - QTvcp.QTVCP.WIDGETS.DIALOG_WIDGET - DEBUG - Button pressed is: &OK
2026-10-10 13:08:24,117 - QTvcp.QTVCP.WIDGETS.DIALOGMIXIN - DEBUG - Saving ToolChangeDialog-geometry data from widget  to file.
2026-10-10 13:08:24,117 - QTvcp.QTVCP.WIDGETS.DIALOG_WIDGET - DEBUG - Button pressed is: &OK
2026-10-10 13:08:24,117 - QTvcp.QTVCP.WIDGETS.DIALOGMIXIN - DEBUG - Saving ToolChangeDialog-geometry data from widget  to file.
2026-10-10 13:08:24,118 - QTvcp.QTVCP.WIDGETS.DIALOG_WIDGET - DEBUG - Button pressed is: &OK
2026-10-10 13:08:24,118 - QTvcp.QTVCP.WIDGETS.DIALOGMIXIN - DEBUG - Saving ToolChangeDialog-geometry data from widget  to file.
2026-10-10 13:08:24,118 - QTvcp.QTVCP.WIDGETS.DIALOG_WIDGET - DEBUG - Button pressed is: &OK
2026-10-10 13:08:24,118 - QTvcp.QTVCP.WIDGETS.DIALOGMIXIN - DEBUG - Saving ToolChangeDialog-geometry data from widget  to file.
2026-10-10 13:08:24,118 - QTvcp.QTVCP.WIDGETS.DIALOG_WIDGET - DEBUG - Button pressed is: &OK
2026-10-10 13:08:24,118 - QTvcp.QTVCP.WIDGETS.DIALOGMIXIN - DEBUG - Saving ToolChangeDialog-geometry data from widget  to file.
2026-10-10 13:08:24,119 - QTvcp.QTVCP.WIDGETS.DIALOG_WIDGET - DEBUG - Button pressed is: &OK
2026-10-10 13:08:24,119 - QTvcp.QTVCP.WIDGETS.DIALOGMIXIN - DEBUG - Saving ToolChangeDialog-geometry data from widget  to file.
2026-10-10 13:08:24,119 - QTvcp.QTVCP.WIDGETS.DIALOG_WIDGET - DEBUG - Button pressed is: &OK
2026-10-10 13:08:24,119 - QTvcp.QTVCP.WIDGETS.DIALOGMIXIN - DEBUG - Saving ToolChangeDialog-geometry data from widget  to file.
2026-10-10 13:08:24,120 - QTvcp.QTVCP.WIDGETS.DIALOG_WIDGET - DEBUG - Button pressed is: &OK
2026-10-10 13:08:24,120 - QTvcp.QTVCP.WIDGETS.DIALOGMIXIN - DEBUG - Saving ToolChangeDialog-geometry data from widget  to file.
2026-10-10 13:08:24,120 - QTvcp.QTVCP.WIDGETS.DIALOG_WIDGET - DEBUG - Button pressed is: &OK
2026-10-10 13:08:24,120 - QTvcp.QTVCP.WIDGETS.DIALOGMIXIN - DEBUG - Saving ToolChangeDialog-geometry data from widget  to file.
2026-10-10 13:08:24,120 - QTvcp.QTVCP.WIDGETS.DIALOG_WIDGET - DEBUG - Button pressed is: &OK
2026-10-10 13:08:24,120 - QTvcp.QTVCP.WIDGETS.DIALOGMIXIN - DEBUG - Saving ToolChangeDialog-geometry data from widget  to file.
2026-10-10 13:08:24,121 - QTvcp.QTVCP.WIDGETS.DIALOG_WIDGET - DEBUG - Button pressed is: &OK
2026-10-10 13:08:24,121 - QTvcp.QTVCP.WIDGETS.DIALOGMIXIN - DEBUG - Saving ToolChangeDialog-geometry data from widget  to file.
2026-10-10 13:08:24,121 - QTvcp.QTVCP.WIDGETS.DIALOG_WIDGET - DEBUG - Button pressed is: &OK
2026-10-10 13:08:24,121 - QTvcp.QTVCP.WIDGETS.DIALOGMIXIN - DEBUG - Saving ToolChangeDialog-geometry data from widget  to file.
2026-10-10 13:08:24,121 - QTvcp.QTVCP.WIDGETS.DIALOG_WIDGET - DEBUG - Button pressed is: &OK
2026-10-10 13:08:24,122 - QTvcp.QTVCP.WIDGETS.DIALOGMIXIN - DEBUG - Saving ToolChangeDialog-geometry data from widget  to file.
2026-10-10 13:09:23,259 - QTvcp.QTVCP.WIDGETS.DIALOG_WIDGET - DEBUG - Button pressed is: &OK
2026-10-10 13:09:23,260 - QTvcp.QTVCP.WIDGETS.DIALOGMIXIN - DEBUG - Saving ToolChangeDialog-geometry data from widget  to file.
2026-10-10 13:09:23,260 - QTvcp.QTVCP.WIDGETS.DIALOG_WIDGET - DEBUG - Button pressed is: &OK
2026-10-10 13:09:23,260 - QTvcp.QTVCP.WIDGETS.DIALOGMIXIN - DEBUG - Saving ToolChangeDialog-geometry data from widget  to file.
2026-10-10 13:09:23,260 - QTvcp.QTVCP.WIDGETS.DIALOG_WIDGET - DEBUG - Button pressed is: &OK
2026-10-10 13:09:23,261 - QTvcp.QTVCP.WIDGETS.DIALOGMIXIN - DEBUG - Saving ToolChangeDialog-geometry data from widget  to file.
2026-10-10 13:09:23,261 - QTvcp.QTVCP.WIDGETS.DIALOG_WIDGET - DEBUG - Button pressed is: &OK
2026-10-10 13:09:23,261 - QTvcp.QTVCP.WIDGETS.DIALOGMIXIN - DEBUG - Saving ToolChangeDialog-geometry data from widget  to file.
2026-10-10 13:09:23,261 - QTvcp.QTVCP.WIDGETS.DIALOG_WIDGET - DEBUG - Button pressed is: &OK
2026-10-10 13:09:23,261 - QTvcp.QTVCP.WIDGETS.DIALOGMIXIN - DEBUG - Saving ToolChangeDialog-geometry data from widget  to file.
2026-10-10 13:09:23,262 - QTvcp.QTVCP.WIDGETS.DIALOG_WIDGET - DEBUG - Button pressed is: &OK
2026-10-10 13:09:23,262 - QTvcp.QTVCP.WIDGETS.DIALOGMIXIN - DEBUG - Saving ToolChangeDialog-geometry data from widget  to file.
2026-10-10 13:09:23,262 - QTvcp.QTVCP.WIDGETS.DIALOG_WIDGET - DEBUG - Button pressed is: &OK
2026-10-10 13:09:23,262 - QTvcp.QTVCP.WIDGETS.DIALOGMIXIN - DEBUG - Saving ToolChangeDialog-geometry data from widget  to file.
2026-10-10 13:09:23,262 - QTvcp.QTVCP.WIDGETS.DIALOG_WIDGET - DEBUG - Button pressed is: &OK
2026-10-10 13:09:23,262 - QTvcp.QTVCP.WIDGETS.DIALOGMIXIN - DEBUG - Saving ToolChangeDialog-geometry data from widget  to file.
2026-10-10 13:09:23,263 - QTvcp.QTVCP.WIDGETS.DIALOG_WIDGET - DEBUG - Button pressed is: &OK
2026-10-10 13:09:23,263 - QTvcp.QTVCP.WIDGETS.DIALOGMIXIN - DEBUG - Saving ToolChangeDialog-geometry data from widget  to file.
2026-10-10 13:09:23,263 - QTvcp.QTVCP.WIDGETS.DIALOG_WIDGET - DEBUG - Button pressed is: &OK
2026-10-10 13:09:23,263 - QTvcp.QTVCP.WIDGETS.DIALOGMIXIN - DEBUG - Saving ToolChangeDialog-geometry data from widget  to file.
2026-10-10 13:09:23,263 - QTvcp.QTVCP.WIDGETS.DIALOG_WIDGET - DEBUG - Button pressed is: &OK
2026-10-10 13:09:23,264 - QTvcp.QTVCP.WIDGETS.DIALOGMIXIN - DEBUG - Saving ToolChangeDialog-geometry data from widget  to file.
2026-10-10 13:09:23,264 - QTvcp.QTVCP.WIDGETS.DIALOG_WIDGET - DEBUG - Button pressed is: &OK
2026-10-10 13:09:23,264 - QTvcp.QTVCP.WIDGETS.DIALOGMIXIN - DEBUG - Saving ToolChangeDialog-geometry data from widget  to file.
2026-10-10 13:09:23,264 - QTvcp.QTVCP.WIDGETS.DIALOG_WIDGET - DEBUG - Button pressed is: &OK
2026-10-10 13:09:23,264 - QTvcp.QTVCP.WIDGETS.DIALOGMIXIN - DEBUG - Saving ToolChangeDialog-geometry data from widget  to file.
2026-10-10 13:09:23,265 - QTvcp.QTVCP.WIDGETS.DIALOG_WIDGET - DEBUG - Button pressed is: &OK
2026-10-10 13:09:23,265 - QTvcp.QTVCP.WIDGETS.DIALOGMIXIN - DEBUG - Saving ToolChangeDialog-geometry data from widget  to file.
2026-10-10 13:09:23,265 - QTvcp.QTVCP.WIDGETS.DIALOG_WIDGET - DEBUG - Button pressed is: &OK
2026-10-10 13:09:23,265 - QTvcp.QTVCP.WIDGETS.DIALOGMIXIN - DEBUG - Saving ToolChangeDialog-geometry data from widget  to file.
2026-10-10 13:09:23,265 - QTvcp.QTVCP.WIDGETS.DIALOG_WIDGET - DEBUG - Button pressed is: &OK
2026-10-10 13:09:23,265 - QTvcp.QTVCP.WIDGETS.DIALOGMIXIN - DEBUG - Saving ToolChangeDialog-geometry data from widget  to file.
2026-10-10 13:12:43,365 - QTvcp.QTVCP.WIDGETS.GCODE_EDITOR - DEBUG - editor: got external highlight 0
2026-10-10 13:12:43,365 - QTvcp.QTVCP.WIDGETS.GCODE_EDITOR - DEBUG - editor: got external highlight 0
2026-10-10 13:12:46,122 - QTvcp.QTVCP.QT_ACTION - DEBUG - Load program /home/callum/linuxcnc/configs/nc_files/FS bike/final frame accessories/bearing cups/fixture plate setup.ngc
2026-10-10 13:12:46,186 - QTvcp.QTVCP.WIDGETS.GCODE_GRAPHICS - DEBUG - load the display: /home/callum/linuxcnc/configs/nc_files/FS bike/final frame accessories/bearing cups/fixture plate setup.ngc
2026-10-10 13:13:26,864 - QTvcp.QTVCP.WIDGETS.DIALOG_WIDGET - DEBUG - Button pressed is: &OK
2026-10-10 13:13:26,864 - QTvcp.QTVCP.WIDGETS.DIALOGMIXIN - DEBUG - Saving ToolChangeDialog-geometry data from widget  to file.
2026-10-10 13:13:26,864 - QTvcp.QTVCP.WIDGETS.DIALOG_WIDGET - DEBUG - Button pressed is: &OK
2026-10-10 13:13:26,864 - QTvcp.QTVCP.WIDGETS.DIALOGMIXIN - DEBUG - Saving ToolChangeDialog-geometry data from widget  to file.
2026-10-10 13:13:26,865 - QTvcp.QTVCP.WIDGETS.DIALOG_WIDGET - DEBUG - Button pressed is: &OK
2026-10-10 13:13:26,865 - QTvcp.QTVCP.WIDGETS.DIALOGMIXIN - DEBUG - Saving ToolChangeDialog-geometry data from widget  to file.
2026-10-10 13:13:26,865 - QTvcp.QTVCP.WIDGETS.DIALOG_WIDGET - DEBUG - Button pressed is: &OK
2026-10-10 13:13:26,865 - QTvcp.QTVCP.WIDGETS.DIALOGMIXIN - DEBUG - Saving ToolChangeDialog-geometry data from widget  to file.
2026-10-10 13:13:26,865 - QTvcp.QTVCP.WIDGETS.DIALOG_WIDGET - DEBUG - Button pressed is: &OK
2026-10-10 13:13:26,865 - QTvcp.QTVCP.WIDGETS.DIALOGMIXIN - DEBUG - Saving ToolChangeDialog-geometry data from widget  to file.
2026-10-10 13:13:26,866 - QTvcp.QTVCP.WIDGETS.DIALOG_WIDGET - DEBUG - Button pressed is: &OK
2026-10-10 13:13:26,866 - QTvcp.QTVCP.WIDGETS.DIALOGMIXIN - DEBUG - Saving ToolChangeDialog-geometry data from widget  to file.
2026-10-10 13:13:26,866 - QTvcp.QTVCP.WIDGETS.DIALOG_WIDGET - DEBUG - Button pressed is: &OK
2026-10-10 13:13:26,866 - QTvcp.QTVCP.WIDGETS.DIALOGMIXIN - DEBUG - Saving ToolChangeDialog-geometry data from widget  to file.
2026-10-10 13:13:26,866 - QTvcp.QTVCP.WIDGETS.DIALOG_WIDGET - DEBUG - Button pressed is: &OK
2026-10-10 13:13:26,867 - QTvcp.QTVCP.WIDGETS.DIALOGMIXIN - DEBUG - Saving ToolChangeDialog-geometry data from widget  to file.
2026-10-10 13:13:26,867 - QTvcp.QTVCP.WIDGETS.DIALOG_WIDGET - DEBUG - Button pressed is: &OK
2026-10-10 13:13:26,867 - QTvcp.QTVCP.WIDGETS.DIALOGMIXIN - DEBUG - Saving ToolChangeDialog-geometry data from widget  to file.
2026-10-10 13:13:26,867 - QTvcp.QTVCP.WIDGETS.DIALOG_WIDGET - DEBUG - Button pressed is: &OK
2026-10-10 13:13:26,867 - QTvcp.QTVCP.WIDGETS.DIALOGMIXIN - DEBUG - Saving ToolChangeDialog-geometry data from widget  to file.
2026-10-10 13:13:26,868 - QTvcp.QTVCP.WIDGETS.DIALOG_WIDGET - DEBUG - Button pressed is: &OK
2026-10-10 13:13:26,868 - QTvcp.QTVCP.WIDGETS.DIALOGMIXIN - DEBUG - Saving ToolChangeDialog-geometry data from widget  to file.
2026-10-10 13:13:26,868 - QTvcp.QTVCP.WIDGETS.DIALOG_WIDGET - DEBUG - Button pressed is: &OK
2026-10-10 13:13:26,868 - QTvcp.QTVCP.WIDGETS.DIALOGMIXIN - DEBUG - Saving ToolChangeDialog-geometry data from widget  to file.
2026-10-10 13:13:26,868 - QTvcp.QTVCP.WIDGETS.DIALOG_WIDGET - DEBUG - Button pressed is: &OK
2026-10-10 13:13:26,868 - QTvcp.QTVCP.WIDGETS.DIALOGMIXIN - DEBUG - Saving ToolChangeDialog-geometry data from widget  to file.
2026-10-10 13:13:26,869 - QTvcp.QTVCP.WIDGETS.DIALOG_WIDGET - DEBUG - Button pressed is: &OK
2026-10-10 13:13:26,869 - QTvcp.QTVCP.WIDGETS.DIALOGMIXIN - DEBUG - Saving ToolChangeDialog-geometry data from widget  to file.
2026-10-10 13:13:26,869 - QTvcp.QTVCP.WIDGETS.DIALOG_WIDGET - DEBUG - Button pressed is: &OK
2026-10-10 13:13:26,869 - QTvcp.QTVCP.WIDGETS.DIALOGMIXIN - DEBUG - Saving ToolChangeDialog-geometry data from widget  to file.
2026-10-10 13:13:26,869 - QTvcp.QTVCP.WIDGETS.DIALOG_WIDGET - DEBUG - Button pressed is: &OK
2026-10-10 13:13:26,870 - QTvcp.QTVCP.WIDGETS.DIALOGMIXIN - DEBUG - Saving ToolChangeDialog-geometry data from widget  to file.
2026-10-10 13:13:26,870 - QTvcp.QTVCP.WIDGETS.DIALOG_WIDGET - DEBUG - Button pressed is: &OK
2026-10-10 13:13:26,870 - QTvcp.QTVCP.WIDGETS.DIALOGMIXIN - DEBUG - Saving ToolChangeDialog-geometry data from widget  to file.
2026-10-10 13:17:51,594 - QTvcp.QTVCP.WIDGETS.DIALOG_WIDGET - DEBUG - Button pressed is: &OK
2026-10-10 13:17:51,594 - QTvcp.QTVCP.WIDGETS.DIALOGMIXIN - DEBUG - Saving ToolChangeDialog-geometry data from widget  to file.
2026-10-10 13:17:51,594 - QTvcp.QTVCP.WIDGETS.DIALOG_WIDGET - DEBUG - Button pressed is: &OK
2026-10-10 13:17:51,594 - QTvcp.QTVCP.WIDGETS.DIALOGMIXIN - DEBUG - Saving ToolChangeDialog-geometry data from widget  to file.
2026-10-10 13:17:51,595 - QTvcp.QTVCP.WIDGETS.DIALOG_WIDGET - DEBUG - Button pressed is: &OK
2026-10-10 13:17:51,595 - QTvcp.QTVCP.WIDGETS.DIALOGMIXIN - DEBUG - Saving ToolChangeDialog-geometry data from widget  to file.
2026-10-10 13:17:51,595 - QTvcp.QTVCP.WIDGETS.DIALOG_WIDGET - DEBUG - Button pressed is: &OK
2026-10-10 13:17:51,595 - QTvcp.QTVCP.WIDGETS.DIALOGMIXIN - DEBUG - Saving ToolChangeDialog-geometry data from widget  to file.
2026-10-10 13:17:51,595 - QTvcp.QTVCP.WIDGETS.DIALOG_WIDGET - DEBUG - Button pressed is: &OK
2026-10-10 13:17:51,596 - QTvcp.QTVCP.WIDGETS.DIALOGMIXIN - DEBUG - Saving ToolChangeDialog-geometry data from widget  to file.
2026-10-10 13:17:51,596 - QTvcp.QTVCP.WIDGETS.DIALOG_WIDGET - DEBUG - Button pressed is: &OK
2026-10-10 13:17:51,596 - QTvcp.QTVCP.WIDGETS.DIALOGMIXIN - DEBUG - Saving ToolChangeDialog-geometry data from widget  to file.
2026-10-10 13:17:51,596 - QTvcp.QTVCP.WIDGETS.DIALOG_WIDGET - DEBUG - Button pressed is: &OK
2026-10-10 13:17:51,596 - QTvcp.QTVCP.WIDGETS.DIALOGMIXIN - DEBUG - Saving ToolChangeDialog-geometry data from widget  to file.
2026-10-10 13:17:51,597 - QTvcp.QTVCP.WIDGETS.DIALOG_WIDGET - DEBUG - Button pressed is: &OK
2026-10-10 13:17:51,597 - QTvcp.QTVCP.WIDGETS.DIALOGMIXIN - DEBUG - Saving ToolChangeDialog-geometry data from widget  to file.
2026-10-10 13:17:51,597 - QTvcp.QTVCP.WIDGETS.DIALOG_WIDGET - DEBUG - Button pressed is: &OK
2026-10-10 13:17:51,597 - QTvcp.QTVCP.WIDGETS.DIALOGMIXIN - DEBUG - Saving ToolChangeDialog-geometry data from widget  to file.
2026-10-10 13:17:51,597 - QTvcp.QTVCP.WIDGETS.DIALOG_WIDGET - DEBUG - Button pressed is: &OK
2026-10-10 13:17:51,597 - QTvcp.QTVCP.WIDGETS.DIALOGMIXIN - DEBUG - Saving ToolChangeDialog-geometry data from widget  to file.
2026-10-10 13:17:51,598 - QTvcp.QTVCP.WIDGETS.DIALOG_WIDGET - DEBUG - Button pressed is: &OK
2026-10-10 13:17:51,598 - QTvcp.QTVCP.WIDGETS.DIALOGMIXIN - DEBUG - Saving ToolChangeDialog-geometry data from widget  to file.
2026-10-10 13:17:51,598 - QTvcp.QTVCP.WIDGETS.DIALOG_WIDGET - DEBUG - Button pressed is: &OK
2026-10-10 13:17:51,598 - QTvcp.QTVCP.WIDGETS.DIALOGMIXIN - DEBUG - Saving ToolChangeDialog-geometry data from widget  to file.
2026-10-10 13:17:51,598 - QTvcp.QTVCP.WIDGETS.DIALOG_WIDGET - DEBUG - Button pressed is: &OK
2026-10-10 13:17:51,599 - QTvcp.QTVCP.WIDGETS.DIALOGMIXIN - DEBUG - Saving ToolChangeDialog-geometry data from widget  to file.
2026-10-10 13:17:51,599 - QTvcp.QTVCP.WIDGETS.DIALOG_WIDGET - DEBUG - Button pressed is: &OK
2026-10-10 13:17:51,599 - QTvcp.QTVCP.WIDGETS.DIALOGMIXIN - DEBUG - Saving ToolChangeDialog-geometry data from widget  to file.
2026-10-10 13:17:51,599 - QTvcp.QTVCP.WIDGETS.DIALOG_WIDGET - DEBUG - Button pressed is: &OK
2026-10-10 13:17:51,599 - QTvcp.QTVCP.WIDGETS.DIALOGMIXIN - DEBUG - Saving ToolChangeDialog-geometry data from widget  to file.
2026-10-10 13:17:51,600 - QTvcp.QTVCP.WIDGETS.DIALOG_WIDGET - DEBUG - Button pressed is: &OK
2026-10-10 13:17:51,600 - QTvcp.QTVCP.WIDGETS.DIALOGMIXIN - DEBUG - Saving ToolChangeDialog-geometry data from widget  to file.
2026-10-10 13:17:51,600 - QTvcp.QTVCP.WIDGETS.DIALOG_WIDGET - DEBUG - Button pressed is: &OK
2026-10-10 13:17:51,600 - QTvcp.QTVCP.WIDGETS.DIALOGMIXIN - DEBUG - Saving ToolChangeDialog-geometry data from widget  to file.
2026-10-10 13:17:51,600 - QTvcp.QTVCP.WIDGETS.DIALOG_WIDGET - DEBUG - Button pressed is: &OK
2026-10-10 13:17:51,600 - QTvcp.QTVCP.WIDGETS.DIALOGMIXIN - DEBUG - Saving ToolChangeDialog-geometry data from widget  to file.
2026-10-10 13:18:18,481 - QTvcp.QTVCP.WIDGETS.GCODE_EDITOR - DEBUG - editor: got external highlight 0
2026-10-10 13:18:18,481 - QTvcp.QTVCP.WIDGETS.GCODE_EDITOR - DEBUG - editor: got external highlight 0
2026-10-10 13:24:43,737 - QTvcp.QTVCP.QT_ACTION - DEBUG - Load program /home/callum/linuxcnc/configs/nc_files/FS bike/final frame accessories/bearing cups/op2 - on plate.ngc
2026-10-10 13:24:43,792 - QTvcp.QTVCP.WIDGETS.GCODE_GRAPHICS - DEBUG - load the display: /home/callum/linuxcnc/configs/nc_files/FS bike/final frame accessories/bearing cups/op2 - on plate.ngc
2026-10-10 14:18:05,322 - QTvcp.QTVCP.WIDGETS.DIALOG_WIDGET - DEBUG - Button pressed is: &OK
2026-10-10 14:18:05,323 - QTvcp.QTVCP.WIDGETS.DIALOGMIXIN - DEBUG - Saving ToolChangeDialog-geometry data from widget  to file.
2026-10-10 14:18:05,323 - QTvcp.QTVCP.WIDGETS.DIALOG_WIDGET - DEBUG - Button pressed is: &OK
2026-10-10 14:18:05,323 - QTvcp.QTVCP.WIDGETS.DIALOGMIXIN - DEBUG - Saving ToolChangeDialog-geometry data from widget  to file.
2026-10-10 14:18:05,324 - QTvcp.QTVCP.WIDGETS.DIALOG_WIDGET - DEBUG - Button pressed is: &OK
2026-10-10 14:18:05,324 - QTvcp.QTVCP.WIDGETS.DIALOGMIXIN - DEBUG - Saving ToolChangeDialog-geometry data from widget  to file.
2026-10-10 14:18:05,324 - QTvcp.QTVCP.WIDGETS.DIALOG_WIDGET - DEBUG - Button pressed is: &OK
2026-10-10 14:18:05,324 - QTvcp.QTVCP.WIDGETS.DIALOGMIXIN - DEBUG - Saving ToolChangeDialog-geometry data from widget  to file.
2026-10-10 14:18:05,324 - QTvcp.QTVCP.WIDGETS.DIALOG_WIDGET - DEBUG - Button pressed is: &OK
2026-10-10 14:18:05,324 - QTvcp.QTVCP.WIDGETS.DIALOGMIXIN - DEBUG - Saving ToolChangeDialog-geometry data from widget  to file.
2026-10-10 14:18:05,325 - QTvcp.QTVCP.WIDGETS.DIALOG_WIDGET - DEBUG - Button pressed is: &OK
2026-10-10 14:18:05,325 - QTvcp.QTVCP.WIDGETS.DIALOGMIXIN - DEBUG - Saving ToolChangeDialog-geometry data from widget  to file.
2026-10-10 14:18:05,325 - QTvcp.QTVCP.WIDGETS.DIALOG_WIDGET - DEBUG - Button pressed is: &OK
2026-10-10 14:18:05,325 - QTvcp.QTVCP.WIDGETS.DIALOGMIXIN - DEBUG - Saving ToolChangeDialog-geometry data from widget  to file.
2026-10-10 14:18:05,325 - QTvcp.QTVCP.WIDGETS.DIALOG_WIDGET - DEBUG - Button pressed is: &OK
2026-10-10 14:18:05,326 - QTvcp.QTVCP.WIDGETS.DIALOGMIXIN - DEBUG - Saving ToolChangeDialog-geometry data from widget  to file.
2026-10-10 14:18:05,326 - QTvcp.QTVCP.WIDGETS.DIALOG_WIDGET - DEBUG - Button pressed is: &OK
2026-10-10 14:18:05,326 - QTvcp.QTVCP.WIDGETS.DIALOGMIXIN - DEBUG - Saving ToolChangeDialog-geometry data from widget  to file.
2026-10-10 14:18:05,326 - QTvcp.QTVCP.WIDGETS.DIALOG_WIDGET - DEBUG - Button pressed is: &OK
2026-10-10 14:18:05,326 - QTvcp.QTVCP.WIDGETS.DIALOGMIXIN - DEBUG - Saving ToolChangeDialog-geometry data from widget  to file.
2026-10-10 14:18:05,327 - QTvcp.QTVCP.WIDGETS.DIALOG_WIDGET - DEBUG - Button pressed is: &OK
2026-10-10 14:18:05,327 - QTvcp.QTVCP.WIDGETS.DIALOGMIXIN - DEBUG - Saving ToolChangeDialog-geometry data from widget  to file.
2026-10-10 14:18:05,327 - QTvcp.QTVCP.WIDGETS.DIALOG_WIDGET - DEBUG - Button pressed is: &OK
2026-10-10 14:18:05,327 - QTvcp.QTVCP.WIDGETS.DIALOGMIXIN - DEBUG - Saving ToolChangeDialog-geometry data from widget  to file.
2026-10-10 14:18:05,327 - QTvcp.QTVCP.WIDGETS.DIALOG_WIDGET - DEBUG - Button pressed is: &OK
2026-10-10 14:18:05,328 - QTvcp.QTVCP.WIDGETS.DIALOGMIXIN - DEBUG - Saving ToolChangeDialog-geometry data from widget  to file.
2026-10-10 14:18:05,328 - QTvcp.QTVCP.WIDGETS.DIALOG_WIDGET - DEBUG - Button pressed is: &OK
2026-10-10 14:18:05,328 - QTvcp.QTVCP.WIDGETS.DIALOGMIXIN - DEBUG - Saving ToolChangeDialog-geometry data from widget  to file.
2026-10-10 14:18:05,328 - QTvcp.QTVCP.WIDGETS.DIALOG_WIDGET - DEBUG - Button pressed is: &OK
2026-10-10 14:18:05,328 - QTvcp.QTVCP.WIDGETS.DIALOGMIXIN - DEBUG - Saving ToolChangeDialog-geometry data from widget  to file.
2026-10-10 14:18:05,329 - QTvcp.QTVCP.WIDGETS.DIALOG_WIDGET - DEBUG - Button pressed is: &OK
2026-10-10 14:18:05,329 - QTvcp.QTVCP.WIDGETS.DIALOGMIXIN - DEBUG - Saving ToolChangeDialog-geometry data from widget  to file.
2026-10-10 14:18:05,329 - QTvcp.QTVCP.WIDGETS.DIALOG_WIDGET - DEBUG - Button pressed is: &OK
2026-10-10 14:18:05,329 - QTvcp.QTVCP.WIDGETS.DIALOGMIXIN - DEBUG - Saving ToolChangeDialog-geometry data from widget  to file.
2026-10-10 14:18:05,329 - QTvcp.QTVCP.WIDGETS.DIALOG_WIDGET - DEBUG - Button pressed is: &OK
2026-10-10 14:18:05,329 - QTvcp.QTVCP.WIDGETS.DIALOGMIXIN - DEBUG - Saving ToolChangeDialog-geometry data from widget  to file.
2026-10-10 14:18:05,330 - QTvcp.QTVCP.WIDGETS.DIALOG_WIDGET - DEBUG - Button pressed is: &OK
2026-10-10 14:18:05,330 - QTvcp.QTVCP.WIDGETS.DIALOGMIXIN - DEBUG - Saving ToolChangeDialog-geometry data from widget  to file.
2026-10-10 14:18:18,311 - QTvcp.QTVCP.WIDGETS.GCODE_EDITOR - DEBUG - editor: got external highlight 0
2026-10-10 14:18:18,311 - QTvcp.QTVCP.WIDGETS.GCODE_EDITOR - DEBUG - editor: got external highlight 0
2026-10-10 14:27:09,450 - QTvcp.QTVCP.WIDGETS.ORIGIN_OFFSETVIEW - DEBUG - Text:    1.9560, Row: 4, Column: 0
2026-10-10 14:27:34,648 - QTvcp.QTVCP.WIDGETS.DIALOGMIXIN - DEBUG - Saving CalculatorDialog-geometry data from widget  to file.
2026-10-10 14:27:34,747 - QTvcp.QTVCP.WIDGETS.DIALOG_WIDGET - DEBUG - Displayed value when accepted: 8.3915
2026-10-10 14:27:34,748 - QTvcp.QTVCP.WIDGETS.ORIGIN_OFFSETVIEW - DEBUG - message returned:{'NAME': 'CALCULATOR', 'ID': 'offset_table__', 'PRELOAD': 1.956, 'TITLE': 'G54 Offset of X,   1.9560', 'ITEM': <PyQt5.QtCore.QModelIndex object at 0x7f6dacb26dc0>, 'RETURN': 8.3915}
2026-10-10 14:27:34,748 - QTvcp.QTVCP.WIDGETS.TOOL_OFFSETVIEW - DEBUG - message returned:{'NAME': 'CALCULATOR', 'ID': 'offset_table__', 'PRELOAD': 1.956, 'TITLE': 'G54 Offset of X,   1.9560', 'ITEM': <PyQt5.QtCore.QModelIndex object at 0x7f6dacb26dc0>, 'RETURN': 8.3915}
2026-10-10 14:27:34,748 - QTvcp.QTVCP.WIDGETS.ORIGIN_OFFSETVIEW - DEBUG - message returned:{'NAME': 'CALCULATOR', 'ID': 'offset_table__', 'PRELOAD': 1.956, 'TITLE': 'G54 Offset of X,   1.9560', 'ITEM': <PyQt5.QtCore.QModelIndex object at 0x7f6dacb26dc0>, 'RETURN': 8.3915}
2026-10-10 14:27:34,748 - QTvcp.QTVCP.WIDGETS.ORIGIN_OFFSETVIEW - DEBUG -    1.9560
2026-10-10 14:27:34,748 - QTvcp.QTVCP.WIDGETS.ORIGIN_OFFSETVIEW - DEBUG - >>> setData() role = None
2026-10-10 14:27:34,748 - QTvcp.QTVCP.WIDGETS.ORIGIN_OFFSETVIEW - DEBUG - >>> setData() index.column() = 0
2026-10-10 14:27:34,748 - QTvcp.QTVCP.WIDGETS.ORIGIN_OFFSETVIEW - DEBUG - >>> setData() value = 8.3915
2026-10-10 14:27:34,748 - QTvcp.QTVCP.WIDGETS.ORIGIN_OFFSETVIEW - DEBUG - >>> setData() qualified value = 8.3915
2026-10-10 14:27:34,748 - QTvcp.QTVCP.WIDGETS.ORIGIN_OFFSETVIEW - DEBUG - >>> setData() index.row = 4
2026-10-10 14:27:34,749 - QTvcp.QTVCP.WIDGETS.ORIGIN_OFFSETVIEW - DEBUG - >>> setData() index.column = 0
2026-10-10 14:27:34,749 - QTvcp.QTVCP.QT_ACTION - DEBUG - CALL_MDI Command: G10 L2 P1 x     8.3915
2026-10-10 14:27:34,941 - QTvcp.QTVCP.WIDGETS.GCODE_GRAPHICS - DEBUG - reload the display: /home/callum/linuxcnc/configs/nc_files/FS bike/final frame accessories/bearing cups/op2 - on plate.ngc
2026-10-10 14:27:35,002 - QTvcp.QTVCP.WIDGETS.ORIGIN_OFFSETVIEW - DEBUG - message returned:{'NAME': 'CALCULATOR', 'ID': 'offset_table__', 'PRELOAD': 1.956, 'TITLE': 'G54 Offset of X,   1.9560', 'ITEM': <PyQt5.QtCore.QModelIndex object at 0x7f6dacb26dc0>, 'RETURN': None}
2026-10-10 14:27:35,002 - QTvcp.QTVCP.WIDGETS.TOOL_OFFSETVIEW - DEBUG - message returned:{'NAME': 'CALCULATOR', 'ID': 'offset_table__', 'PRELOAD': 1.956, 'TITLE': 'G54 Offset of X,   1.9560', 'ITEM': <PyQt5.QtCore.QModelIndex object at 0x7f6dacb26dc0>, 'RETURN': None}
2026-10-10 14:27:35,002 - QTvcp.QTVCP.WIDGETS.ORIGIN_OFFSETVIEW - DEBUG - message returned:{'NAME': 'CALCULATOR', 'ID': 'offset_table__', 'PRELOAD': 1.956, 'TITLE': 'G54 Offset of X,   1.9560', 'ITEM': <PyQt5.QtCore.QModelIndex object at 0x7f6dacb26dc0>, 'RETURN': None}
2026-10-10 14:27:35,002 - QTvcp.QTVCP.WIDGETS.ORIGIN_OFFSETVIEW - DEBUG - message sent:{'NAME': 'CALCULATOR', 'ID': 'offset_table__', 'PRELOAD': 1.956, 'TITLE': 'G54 Offset of X,   1.9560', 'ITEM': <PyQt5.QtCore.QModelIndex object at 0x7f6dacb26dc0>, 'RETURN': None}
2026-10-10 14:27:41,267 - QTvcp.QTVCP.QT_ACTION - DEBUG - Load program /home/callum/linuxcnc/configs/nc_files/FS bike/final frame accessories/shock mount/op1 1,75x1,57x1,25.ngc
2026-10-10 14:27:41,348 - QTvcp.QTVCP.WIDGETS.GCODE_GRAPHICS - DEBUG - load the display: /home/callum/linuxcnc/configs/nc_files/FS bike/final frame accessories/shock mount/op1 1,75x1,57x1,25.ngc
2026-10-10 14:33:25,302 - QTvcp.QTVCP.WIDGETS.DIALOG_WIDGET - DEBUG - Button pressed is: &OK
2026-10-10 14:33:25,302 - QTvcp.QTVCP.WIDGETS.DIALOGMIXIN - DEBUG - Saving ToolChangeDialog-geometry data from widget  to file.
2026-10-10 14:33:25,303 - QTvcp.QTVCP.WIDGETS.DIALOG_WIDGET - DEBUG - Button pressed is: &OK
2026-10-10 14:33:25,303 - QTvcp.QTVCP.WIDGETS.DIALOGMIXIN - DEBUG - Saving ToolChangeDialog-geometry data from widget  to file.
2026-10-10 14:33:25,303 - QTvcp.QTVCP.WIDGETS.DIALOG_WIDGET - DEBUG - Button pressed is: &OK
2026-10-10 14:33:25,303 - QTvcp.QTVCP.WIDGETS.DIALOGMIXIN - DEBUG - Saving ToolChangeDialog-geometry data from widget  to file.
2026-10-10 14:33:25,303 - QTvcp.QTVCP.WIDGETS.DIALOG_WIDGET - DEBUG - Button pressed is: &OK
2026-10-10 14:33:25,304 - QTvcp.QTVCP.WIDGETS.DIALOGMIXIN - DEBUG - Saving ToolChangeDialog-geometry data from widget  to file.
2026-10-10 14:33:25,304 - QTvcp.QTVCP.WIDGETS.DIALOG_WIDGET - DEBUG - Button pressed is: &OK
2026-10-10 14:33:25,304 - QTvcp.QTVCP.WIDGETS.DIALOGMIXIN - DEBUG - Saving ToolChangeDialog-geometry data from widget  to file.
2026-10-10 14:33:25,304 - QTvcp.QTVCP.WIDGETS.DIALOG_WIDGET - DEBUG - Button pressed is: &OK
2026-10-10 14:33:25,304 - QTvcp.QTVCP.WIDGETS.DIALOGMIXIN - DEBUG - Saving ToolChangeDialog-geometry data from widget  to file.
2026-10-10 14:33:25,305 - QTvcp.QTVCP.WIDGETS.DIALOG_WIDGET - DEBUG - Button pressed is: &OK
2026-10-10 14:33:25,305 - QTvcp.QTVCP.WIDGETS.DIALOGMIXIN - DEBUG - Saving ToolChangeDialog-geometry data from widget  to file.
2026-10-10 14:33:25,305 - QTvcp.QTVCP.WIDGETS.DIALOG_WIDGET - DEBUG - Button pressed is: &OK
2026-10-10 14:33:25,305 - QTvcp.QTVCP.WIDGETS.DIALOGMIXIN - DEBUG - Saving ToolChangeDialog-geometry data from widget  to file.
2026-10-10 14:33:25,305 - QTvcp.QTVCP.WIDGETS.DIALOG_WIDGET - DEBUG - Button pressed is: &OK
2026-10-10 14:33:25,305 - QTvcp.QTVCP.WIDGETS.DIALOGMIXIN - DEBUG - Saving ToolChangeDialog-geometry data from widget  to file.
2026-10-10 14:33:25,306 - QTvcp.QTVCP.WIDGETS.DIALOG_WIDGET - DEBUG - Button pressed is: &OK
2026-10-10 14:33:25,306 - QTvcp.QTVCP.WIDGETS.DIALOGMIXIN - DEBUG - Saving ToolChangeDialog-geometry data from widget  to file.
2026-10-10 14:33:25,306 - QTvcp.QTVCP.WIDGETS.DIALOG_WIDGET - DEBUG - Button pressed is: &OK
2026-10-10 14:33:25,306 - QTvcp.QTVCP.WIDGETS.DIALOGMIXIN - DEBUG - Saving ToolChangeDialog-geometry data from widget  to file.
2026-10-10 14:33:25,306 - QTvcp.QTVCP.WIDGETS.DIALOG_WIDGET - DEBUG - Button pressed is: &OK
2026-10-10 14:33:25,307 - QTvcp.QTVCP.WIDGETS.DIALOGMIXIN - DEBUG - Saving ToolChangeDialog-geometry data from widget  to file.
2026-10-10 14:33:25,307 - QTvcp.QTVCP.WIDGETS.DIALOG_WIDGET - DEBUG - Button pressed is: &OK
2026-10-10 14:33:25,307 - QTvcp.QTVCP.WIDGETS.DIALOGMIXIN - DEBUG - Saving ToolChangeDialog-geometry data from widget  to file.
2026-10-10 14:33:25,307 - QTvcp.QTVCP.WIDGETS.DIALOG_WIDGET - DEBUG - Button pressed is: &OK
2026-10-10 14:33:25,307 - QTvcp.QTVCP.WIDGETS.DIALOGMIXIN - DEBUG - Saving ToolChangeDialog-geometry data from widget  to file.
2026-10-10 14:33:25,308 - QTvcp.QTVCP.WIDGETS.DIALOG_WIDGET - DEBUG - Button pressed is: &OK
2026-10-10 14:33:25,308 - QTvcp.QTVCP.WIDGETS.DIALOGMIXIN - DEBUG - Saving ToolChangeDialog-geometry data from widget  to file.
2026-10-10 14:33:25,308 - QTvcp.QTVCP.WIDGETS.DIALOG_WIDGET - DEBUG - Button pressed is: &OK
2026-10-10 14:33:25,308 - QTvcp.QTVCP.WIDGETS.DIALOGMIXIN - DEBUG - Saving ToolChangeDialog-geometry data from widget  to file.
2026-10-10 14:33:25,308 - QTvcp.QTVCP.WIDGETS.DIALOG_WIDGET - DEBUG - Button pressed is: &OK
2026-10-10 14:33:25,308 - QTvcp.QTVCP.WIDGETS.DIALOGMIXIN - DEBUG - Saving ToolChangeDialog-geometry data from widget  to file.
2026-10-10 14:33:25,309 - QTvcp.QTVCP.WIDGETS.DIALOG_WIDGET - DEBUG - Button pressed is: &OK
2026-10-10 14:33:25,309 - QTvcp.QTVCP.WIDGETS.DIALOGMIXIN - DEBUG - Saving ToolChangeDialog-geometry data from widget  to file.
2026-10-10 14:33:25,309 - QTvcp.QTVCP.WIDGETS.DIALOG_WIDGET - DEBUG - Button pressed is: &OK
2026-10-10 14:33:25,309 - QTvcp.QTVCP.WIDGETS.DIALOGMIXIN - DEBUG - Saving ToolChangeDialog-geometry data from widget  to file.
2026-10-10 14:33:25,309 - QTvcp.QTVCP.WIDGETS.DIALOG_WIDGET - DEBUG - Button pressed is: &OK
2026-10-10 14:33:25,309 - QTvcp.QTVCP.WIDGETS.DIALOGMIXIN - DEBUG - Saving ToolChangeDialog-geometry data from widget  to file.
2026-10-10 14:33:40,768 - QTvcp.QTVCP.WIDGETS.GCODE_EDITOR - DEBUG - should reload the display
2026-10-10 14:33:40,777 - QTvcp.QTVCP.WIDGETS.GCODE_EDITOR - DEBUG - should reload the display
2026-10-10 14:36:29,487 - QTvcp.QTVCP.WIDGETS.DIALOG_WIDGET - DEBUG - Button pressed is: &OK
2026-10-10 14:36:29,487 - QTvcp.QTVCP.WIDGETS.DIALOGMIXIN - DEBUG - Saving ToolChangeDialog-geometry data from widget  to file.
2026-10-10 14:36:29,487 - QTvcp.QTVCP.WIDGETS.DIALOG_WIDGET - DEBUG - Button pressed is: &OK
2026-10-10 14:36:29,487 - QTvcp.QTVCP.WIDGETS.DIALOGMIXIN - DEBUG - Saving ToolChangeDialog-geometry data from widget  to file.
2026-10-10 14:36:29,488 - QTvcp.QTVCP.WIDGETS.DIALOG_WIDGET - DEBUG - Button pressed is: &OK
2026-10-10 14:36:29,488 - QTvcp.QTVCP.WIDGETS.DIALOGMIXIN - DEBUG - Saving ToolChangeDialog-geometry data from widget  to file.
2026-10-10 14:36:29,488 - QTvcp.QTVCP.WIDGETS.DIALOG_WIDGET - DEBUG - Button pressed is: &OK
2026-10-10 14:36:29,488 - QTvcp.QTVCP.WIDGETS.DIALOGMIXIN - DEBUG - Saving ToolChangeDialog-geometry data from widget  to file.
2026-10-10 14:36:29,488 - QTvcp.QTVCP.WIDGETS.DIALOG_WIDGET - DEBUG - Button pressed is: &OK
2026-10-10 14:36:29,489 - QTvcp.QTVCP.WIDGETS.DIALOGMIXIN - DEBUG - Saving ToolChangeDialog-geometry data from widget  to file.
2026-10-10 14:36:29,489 - QTvcp.QTVCP.WIDGETS.DIALOG_WIDGET - DEBUG - Button pressed is: &OK
2026-10-10 14:36:29,489 - QTvcp.QTVCP.WIDGETS.DIALOGMIXIN - DEBUG - Saving ToolChangeDialog-geometry data from widget  to file.
2026-10-10 14:36:29,489 - QTvcp.QTVCP.WIDGETS.DIALOG_WIDGET - DEBUG - Button pressed is: &OK
2026-10-10 14:36:29,489 - QTvcp.QTVCP.WIDGETS.DIALOGMIXIN - DEBUG - Saving ToolChangeDialog-geometry data from widget  to file.
2026-10-10 14:36:29,490 - QTvcp.QTVCP.WIDGETS.DIALOG_WIDGET - DEBUG - Button pressed is: &OK
2026-10-10 14:36:29,490 - QTvcp.QTVCP.WIDGETS.DIALOGMIXIN - DEBUG - Saving ToolChangeDialog-geometry data from widget  to file.
2026-10-10 14:36:29,490 - QTvcp.QTVCP.WIDGETS.DIALOG_WIDGET - DEBUG - Button pressed is: &OK
2026-10-10 14:36:29,490 - QTvcp.QTVCP.WIDGETS.DIALOGMIXIN - DEBUG - Saving ToolChangeDialog-geometry data from widget  to file.
2026-10-10 14:36:29,490 - QTvcp.QTVCP.WIDGETS.DIALOG_WIDGET - DEBUG - Button pressed is: &OK
2026-10-10 14:36:29,490 - QTvcp.QTVCP.WIDGETS.DIALOGMIXIN - DEBUG - Saving ToolChangeDialog-geometry data from widget  to file.
2026-10-10 14:36:29,491 - QTvcp.QTVCP.WIDGETS.DIALOG_WIDGET - DEBUG - Button pressed is: &OK
2026-10-10 14:36:29,491 - QTvcp.QTVCP.WIDGETS.DIALOGMIXIN - DEBUG - Saving ToolChangeDialog-geometry data from widget  to file.
2026-10-10 14:36:29,491 - QTvcp.QTVCP.WIDGETS.DIALOG_WIDGET - DEBUG - Button pressed is: &OK
2026-10-10 14:36:29,491 - QTvcp.QTVCP.WIDGETS.DIALOGMIXIN - DEBUG - Saving ToolChangeDialog-geometry data from widget  to file.
2026-10-10 14:36:29,491 - QTvcp.QTVCP.WIDGETS.DIALOG_WIDGET - DEBUG - Button pressed is: &OK
2026-10-10 14:36:29,492 - QTvcp.QTVCP.WIDGETS.DIALOGMIXIN - DEBUG - Saving ToolChangeDialog-geometry data from widget  to file.
2026-10-10 14:36:29,492 - QTvcp.QTVCP.WIDGETS.DIALOG_WIDGET - DEBUG - Button pressed is: &OK
2026-10-10 14:36:29,492 - QTvcp.QTVCP.WIDGETS.DIALOGMIXIN - DEBUG - Saving ToolChangeDialog-geometry data from widget  to file.
2026-10-10 14:36:29,492 - QTvcp.QTVCP.WIDGETS.DIALOG_WIDGET - DEBUG - Button pressed is: &OK
2026-10-10 14:36:29,492 - QTvcp.QTVCP.WIDGETS.DIALOGMIXIN - DEBUG - Saving ToolChangeDialog-geometry data from widget  to file.
2026-10-10 14:36:29,493 - QTvcp.QTVCP.WIDGETS.DIALOG_WIDGET - DEBUG - Button pressed is: &OK
2026-10-10 14:36:29,493 - QTvcp.QTVCP.WIDGETS.DIALOGMIXIN - DEBUG - Saving ToolChangeDialog-geometry data from widget  to file.
2026-10-10 14:36:29,493 - QTvcp.QTVCP.WIDGETS.DIALOG_WIDGET - DEBUG - Button pressed is: &OK
2026-10-10 14:36:29,493 - QTvcp.QTVCP.WIDGETS.DIALOGMIXIN - DEBUG - Saving ToolChangeDialog-geometry data from widget  to file.
2026-10-10 14:36:29,493 - QTvcp.QTVCP.WIDGETS.DIALOG_WIDGET - DEBUG - Button pressed is: &OK
2026-10-10 14:36:29,493 - QTvcp.QTVCP.WIDGETS.DIALOGMIXIN - DEBUG - Saving ToolChangeDialog-geometry data from widget  to file.
2026-10-10 14:36:29,494 - QTvcp.QTVCP.WIDGETS.DIALOG_WIDGET - DEBUG - Button pressed is: &OK
2026-10-10 14:36:29,494 - QTvcp.QTVCP.WIDGETS.DIALOGMIXIN - DEBUG - Saving ToolChangeDialog-geometry data from widget  to file.
2026-10-10 14:36:29,494 - QTvcp.QTVCP.WIDGETS.DIALOG_WIDGET - DEBUG - Button pressed is: &OK
2026-10-10 14:36:29,494 - QTvcp.QTVCP.WIDGETS.DIALOGMIXIN - DEBUG - Saving ToolChangeDialog-geometry data from widget  to file.
2026-10-10 14:36:29,494 - QTvcp.QTVCP.WIDGETS.DIALOG_WIDGET - DEBUG - Button pressed is: &OK
2026-10-10 14:36:29,494 - QTvcp.QTVCP.WIDGETS.DIALOGMIXIN - DEBUG - Saving ToolChangeDialog-geometry data from widget  to file.
2026-10-10 14:37:26,268 - QTvcp.QTVCP.WIDGETS.DIALOG_WIDGET - DEBUG - Button pressed is: &OK
2026-10-10 14:37:26,269 - QTvcp.QTVCP.WIDGETS.DIALOGMIXIN - DEBUG - Saving ToolChangeDialog-geometry data from widget  to file.
2026-10-10 14:37:26,269 - QTvcp.QTVCP.WIDGETS.DIALOG_WIDGET - DEBUG - Button pressed is: &OK
2026-10-10 14:37:26,269 - QTvcp.QTVCP.WIDGETS.DIALOGMIXIN - DEBUG - Saving ToolChangeDialog-geometry data from widget  to file.
2026-10-10 14:37:26,270 - QTvcp.QTVCP.WIDGETS.DIALOG_WIDGET - DEBUG - Button pressed is: &OK
2026-10-10 14:37:26,270 - QTvcp.QTVCP.WIDGETS.DIALOGMIXIN - DEBUG - Saving ToolChangeDialog-geometry data from widget  to file.
2026-10-10 14:37:26,270 - QTvcp.QTVCP.WIDGETS.DIALOG_WIDGET - DEBUG - Button pressed is: &OK
2026-10-10 14:37:26,270 - QTvcp.QTVCP.WIDGETS.DIALOGMIXIN - DEBUG - Saving ToolChangeDialog-geometry data from widget  to file.
2026-10-10 14:37:26,270 - QTvcp.QTVCP.WIDGETS.DIALOG_WIDGET - DEBUG - Button pressed is: &OK
2026-10-10 14:37:26,270 - QTvcp.QTVCP.WIDGETS.DIALOGMIXIN - DEBUG - Saving ToolChangeDialog-geometry data from widget  to file.
2026-10-10 14:37:26,271 - QTvcp.QTVCP.WIDGETS.DIALOG_WIDGET - DEBUG - Button pressed is: &OK
2026-10-10 14:37:26,271 - QTvcp.QTVCP.WIDGETS.DIALOGMIXIN - DEBUG - Saving ToolChangeDialog-geometry data from widget  to file.
2026-10-10 14:37:26,271 - QTvcp.QTVCP.WIDGETS.DIALOG_WIDGET - DEBUG - Button pressed is: &OK
2026-10-10 14:37:26,271 - QTvcp.QTVCP.WIDGETS.DIALOGMIXIN - DEBUG - Saving ToolChangeDialog-geometry data from widget  to file.
2026-10-10 14:37:26,272 - QTvcp.QTVCP.WIDGETS.DIALOG_WIDGET - DEBUG - Button pressed is: &OK
2026-10-10 14:37:26,272 - QTvcp.QTVCP.WIDGETS.DIALOGMIXIN - DEBUG - Saving ToolChangeDialog-geometry data from widget  to file.
2026-10-10 14:37:26,272 - QTvcp.QTVCP.WIDGETS.DIALOG_WIDGET - DEBUG - Button pressed is: &OK
2026-10-10 14:37:26,272 - QTvcp.QTVCP.WIDGETS.DIALOGMIXIN - DEBUG - Saving ToolChangeDialog-geometry data from widget  to file.
2026-10-10 14:37:26,272 - QTvcp.QTVCP.WIDGETS.DIALOG_WIDGET - DEBUG - Button pressed is: &OK
2026-10-10 14:37:26,272 - QTvcp.QTVCP.WIDGETS.DIALOGMIXIN - DEBUG - Saving ToolChangeDialog-geometry data from widget  to file.
2026-10-10 14:37:26,273 - QTvcp.QTVCP.WIDGETS.DIALOG_WIDGET - DEBUG - Button pressed is: &OK
2026-10-10 14:37:26,273 - QTvcp.QTVCP.WIDGETS.DIALOGMIXIN - DEBUG - Saving ToolChangeDialog-geometry data from widget  to file.
2026-10-10 14:37:26,273 - QTvcp.QTVCP.WIDGETS.DIALOG_WIDGET - DEBUG - Button pressed is: &OK
2026-10-10 14:37:26,273 - QTvcp.QTVCP.WIDGETS.DIALOGMIXIN - DEBUG - Saving ToolChangeDialog-geometry data from widget  to file.
2026-10-10 14:37:26,273 - QTvcp.QTVCP.WIDGETS.DIALOG_WIDGET - DEBUG - Button pressed is: &OK
2026-10-10 14:37:26,273 - QTvcp.QTVCP.WIDGETS.DIALOGMIXIN - DEBUG - Saving ToolChangeDialog-geometry data from widget  to file.
2026-10-10 14:37:26,274 - QTvcp.QTVCP.WIDGETS.DIALOG_WIDGET - DEBUG - Button pressed is: &OK
2026-10-10 14:37:26,274 - QTvcp.QTVCP.WIDGETS.DIALOGMIXIN - DEBUG - Saving ToolChangeDialog-geometry data from widget  to file.
2026-10-10 14:37:26,274 - QTvcp.QTVCP.WIDGETS.DIALOG_WIDGET - DEBUG - Button pressed is: &OK
2026-10-10 14:37:26,274 - QTvcp.QTVCP.WIDGETS.DIALOGMIXIN - DEBUG - Saving ToolChangeDialog-geometry data from widget  to file.
2026-10-10 14:37:26,275 - QTvcp.QTVCP.WIDGETS.DIALOG_WIDGET - DEBUG - Button pressed is: &OK
2026-10-10 14:37:26,275 - QTvcp.QTVCP.WIDGETS.DIALOGMIXIN - DEBUG - Saving ToolChangeDialog-geometry data from widget  to file.
2026-10-10 14:37:26,275 - QTvcp.QTVCP.WIDGETS.DIALOG_WIDGET - DEBUG - Button pressed is: &OK
2026-10-10 14:37:26,275 - QTvcp.QTVCP.WIDGETS.DIALOGMIXIN - DEBUG - Saving ToolChangeDialog-geometry data from widget  to file.
2026-10-10 14:37:26,275 - QTvcp.QTVCP.WIDGETS.DIALOG_WIDGET - DEBUG - Button pressed is: &OK
2026-10-10 14:37:26,275 - QTvcp.QTVCP.WIDGETS.DIALOGMIXIN - DEBUG - Saving ToolChangeDialog-geometry data from widget  to file.
2026-10-10 14:37:26,276 - QTvcp.QTVCP.WIDGETS.DIALOG_WIDGET - DEBUG - Button pressed is: &OK
2026-10-10 14:37:26,276 - QTvcp.QTVCP.WIDGETS.DIALOGMIXIN - DEBUG - Saving ToolChangeDialog-geometry data from widget  to file.
2026-10-10 14:37:26,276 - QTvcp.QTVCP.WIDGETS.DIALOG_WIDGET - DEBUG - Button pressed is: &OK
2026-10-10 14:37:26,276 - QTvcp.QTVCP.WIDGETS.DIALOGMIXIN - DEBUG - Saving ToolChangeDialog-geometry data from widget  to file.
2026-10-10 14:37:26,276 - QTvcp.QTVCP.WIDGETS.DIALOG_WIDGET - DEBUG - Button pressed is: &OK
2026-10-10 14:37:26,276 - QTvcp.QTVCP.WIDGETS.DIALOGMIXIN - DEBUG - Saving ToolChangeDialog-geometry data from widget  to file.
2026-10-10 14:37:26,277 - QTvcp.QTVCP.WIDGETS.DIALOG_WIDGET - DEBUG - Button pressed is: &OK
2026-10-10 14:37:26,277 - QTvcp.QTVCP.WIDGETS.DIALOGMIXIN - DEBUG - Saving ToolChangeDialog-geometry data from widget  to file.
2026-10-10 14:38:28,154 - QTvcp.QTVCP.WIDGETS.DIALOG_WIDGET - DEBUG - Button pressed is: &OK
2026-10-10 14:38:28,154 - QTvcp.QTVCP.WIDGETS.DIALOGMIXIN - DEBUG - Saving ToolChangeDialog-geometry data from widget  to file.
2026-10-10 14:38:28,155 - QTvcp.QTVCP.WIDGETS.DIALOG_WIDGET - DEBUG - Button pressed is: &OK
2026-10-10 14:38:28,155 - QTvcp.QTVCP.WIDGETS.DIALOGMIXIN - DEBUG - Saving ToolChangeDialog-geometry data from widget  to file.
2026-10-10 14:38:28,155 - QTvcp.QTVCP.WIDGETS.DIALOG_WIDGET - DEBUG - Button pressed is: &OK
2026-10-10 14:38:28,155 - QTvcp.QTVCP.WIDGETS.DIALOGMIXIN - DEBUG - Saving ToolChangeDialog-geometry data from widget  to file.
2026-10-10 14:38:28,156 - QTvcp.QTVCP.WIDGETS.DIALOG_WIDGET - DEBUG - Button pressed is: &OK
2026-10-10 14:38:28,156 - QTvcp.QTVCP.WIDGETS.DIALOGMIXIN - DEBUG - Saving ToolChangeDialog-geometry data from widget  to file.
2026-10-10 14:38:28,156 - QTvcp.QTVCP.WIDGETS.DIALOG_WIDGET - DEBUG - Button pressed is: &OK
2026-10-10 14:38:28,156 - QTvcp.QTVCP.WIDGETS.DIALOGMIXIN - DEBUG - Saving ToolChangeDialog-geometry data from widget  to file.
2026-10-10 14:38:28,157 - QTvcp.QTVCP.WIDGETS.DIALOG_WIDGET - DEBUG - Button pressed is: &OK
2026-10-10 14:38:28,157 - QTvcp.QTVCP.WIDGETS.DIALOGMIXIN - DEBUG - Saving ToolChangeDialog-geometry data from widget  to file.
2026-10-10 14:38:28,157 - QTvcp.QTVCP.WIDGETS.DIALOG_WIDGET - DEBUG - Button pressed is: &OK
2026-10-10 14:38:28,157 - QTvcp.QTVCP.WIDGETS.DIALOGMIXIN - DEBUG - Saving ToolChangeDialog-geometry data from widget  to file.
2026-10-10 14:38:28,157 - QTvcp.QTVCP.WIDGETS.DIALOG_WIDGET - DEBUG - Button pressed is: &OK
2026-10-10 14:38:28,157 - QTvcp.QTVCP.WIDGETS.DIALOGMIXIN - DEBUG - Saving ToolChangeDialog-geometry data from widget  to file.
2026-10-10 14:38:28,158 - QTvcp.QTVCP.WIDGETS.DIALOG_WIDGET - DEBUG - Button pressed is: &OK
2026-10-10 14:38:28,158 - QTvcp.QTVCP.WIDGETS.DIALOGMIXIN - DEBUG - Saving ToolChangeDialog-geometry data from widget  to file.
2026-10-10 14:38:28,158 - QTvcp.QTVCP.WIDGETS.DIALOG_WIDGET - DEBUG - Button pressed is: &OK
2026-10-10 14:38:28,158 - QTvcp.QTVCP.WIDGETS.DIALOGMIXIN - DEBUG - Saving ToolChangeDialog-geometry data from widget  to file.
2026-10-10 14:38:28,158 - QTvcp.QTVCP.WIDGETS.DIALOG_WIDGET - DEBUG - Button pressed is: &OK
2026-10-10 14:38:28,159 - QTvcp.QTVCP.WIDGETS.DIALOGMIXIN - DEBUG - Saving ToolChangeDialog-geometry data from widget  to file.
2026-10-10 14:38:28,159 - QTvcp.QTVCP.WIDGETS.DIALOG_WIDGET - DEBUG - Button pressed is: &OK
2026-10-10 14:38:28,159 - QTvcp.QTVCP.WIDGETS.DIALOGMIXIN - DEBUG - Saving ToolChangeDialog-geometry data from widget  to file.
2026-10-10 14:38:28,159 - QTvcp.QTVCP.WIDGETS.DIALOG_WIDGET - DEBUG - Button pressed is: &OK
2026-10-10 14:38:28,159 - QTvcp.QTVCP.WIDGETS.DIALOGMIXIN - DEBUG - Saving ToolChangeDialog-geometry data from widget  to file.
2026-10-10 14:38:28,160 - QTvcp.QTVCP.WIDGETS.DIALOG_WIDGET - DEBUG - Button pressed is: &OK
2026-10-10 14:38:28,160 - QTvcp.QTVCP.WIDGETS.DIALOGMIXIN - DEBUG - Saving ToolChangeDialog-geometry data from widget  to file.
2026-10-10 14:38:28,160 - QTvcp.QTVCP.WIDGETS.DIALOG_WIDGET - DEBUG - Button pressed is: &OK
2026-10-10 14:38:28,160 - QTvcp.QTVCP.WIDGETS.DIALOGMIXIN - DEBUG - Saving ToolChangeDialog-geometry data from widget  to file.
2026-10-10 14:38:28,160 - QTvcp.QTVCP.WIDGETS.DIALOG_WIDGET - DEBUG - Button pressed is: &OK
2026-10-10 14:38:28,160 - QTvcp.QTVCP.WIDGETS.DIALOGMIXIN - DEBUG - Saving ToolChangeDialog-geometry data from widget  to file.
2026-10-10 14:38:28,161 - QTvcp.QTVCP.WIDGETS.DIALOG_WIDGET - DEBUG - Button pressed is: &OK
2026-10-10 14:38:28,161 - QTvcp.QTVCP.WIDGETS.DIALOGMIXIN - DEBUG - Saving ToolChangeDialog-geometry data from widget  to file.
2026-10-10 14:38:28,161 - QTvcp.QTVCP.WIDGETS.DIALOG_WIDGET - DEBUG - Button pressed is: &OK
2026-10-10 14:38:28,161 - QTvcp.QTVCP.WIDGETS.DIALOGMIXIN - DEBUG - Saving ToolChangeDialog-geometry data from widget  to file.
2026-10-10 14:38:28,161 - QTvcp.QTVCP.WIDGETS.DIALOG_WIDGET - DEBUG - Button pressed is: &OK
2026-10-10 14:38:28,161 - QTvcp.QTVCP.WIDGETS.DIALOGMIXIN - DEBUG - Saving ToolChangeDialog-geometry data from widget  to file.
2026-10-10 14:38:28,162 - QTvcp.QTVCP.WIDGETS.DIALOG_WIDGET - DEBUG - Button pressed is: &OK
2026-10-10 14:38:28,162 - QTvcp.QTVCP.WIDGETS.DIALOGMIXIN - DEBUG - Saving ToolChangeDialog-geometry data from widget  to file.
2026-10-10 14:38:28,162 - QTvcp.QTVCP.WIDGETS.DIALOG_WIDGET - DEBUG - Button pressed is: &OK
2026-10-10 14:38:28,162 - QTvcp.QTVCP.WIDGETS.DIALOGMIXIN - DEBUG - Saving ToolChangeDialog-geometry data from widget  to file.
2026-10-10 14:38:28,162 - QTvcp.QTVCP.WIDGETS.DIALOG_WIDGET - DEBUG - Button pressed is: &OK
2026-10-10 14:38:28,163 - QTvcp.QTVCP.WIDGETS.DIALOGMIXIN - DEBUG - Saving ToolChangeDialog-geometry data from widget  to file.
2026-10-10 14:38:28,163 - QTvcp.QTVCP.WIDGETS.DIALOG_WIDGET - DEBUG - Button pressed is: &OK
2026-10-10 14:38:28,163 - QTvcp.QTVCP.WIDGETS.DIALOGMIXIN - DEBUG - Saving ToolChangeDialog-geometry data from widget  to file.
2026-10-10 14:39:34,863 - QTvcp.QTVCP.WIDGETS.DIALOG_WIDGET - DEBUG - Button pressed is: &OK
2026-10-10 14:39:34,864 - QTvcp.QTVCP.WIDGETS.DIALOGMIXIN - DEBUG - Saving ToolChangeDialog-geometry data from widget  to file.
2026-10-10 14:39:34,864 - QTvcp.QTVCP.WIDGETS.DIALOG_WIDGET - DEBUG - Button pressed is: &OK
2026-10-10 14:39:34,864 - QTvcp.QTVCP.WIDGETS.DIALOGMIXIN - DEBUG - Saving ToolChangeDialog-geometry data from widget  to file.
2026-10-10 14:39:34,865 - QTvcp.QTVCP.WIDGETS.DIALOG_WIDGET - DEBUG - Button pressed is: &OK
2026-10-10 14:39:34,865 - QTvcp.QTVCP.WIDGETS.DIALOGMIXIN - DEBUG - Saving ToolChangeDialog-geometry data from widget  to file.
2026-10-10 14:39:34,865 - QTvcp.QTVCP.WIDGETS.DIALOG_WIDGET - DEBUG - Button pressed is: &OK
2026-10-10 14:39:34,865 - QTvcp.QTVCP.WIDGETS.DIALOGMIXIN - DEBUG - Saving ToolChangeDialog-geometry data from widget  to file.
2026-10-10 14:39:34,865 - QTvcp.QTVCP.WIDGETS.DIALOG_WIDGET - DEBUG - Button pressed is: &OK
2026-10-10 14:39:34,866 - QTvcp.QTVCP.WIDGETS.DIALOGMIXIN - DEBUG - Saving ToolChangeDialog-geometry data from widget  to file.
2026-10-10 14:39:34,866 - QTvcp.QTVCP.WIDGETS.DIALOG_WIDGET - DEBUG - Button pressed is: &OK
2026-10-10 14:39:34,866 - QTvcp.QTVCP.WIDGETS.DIALOGMIXIN - DEBUG - Saving ToolChangeDialog-geometry data from widget  to file.
2026-10-10 14:39:34,866 - QTvcp.QTVCP.WIDGETS.DIALOG_WIDGET - DEBUG - Button pressed is: &OK
2026-10-10 14:39:34,866 - QTvcp.QTVCP.WIDGETS.DIALOGMIXIN - DEBUG - Saving ToolChangeDialog-geometry data from widget  to file.
2026-10-10 14:39:34,867 - QTvcp.QTVCP.WIDGETS.DIALOG_WIDGET - DEBUG - Button pressed is: &OK
2026-10-10 14:39:34,867 - QTvcp.QTVCP.WIDGETS.DIALOGMIXIN - DEBUG - Saving ToolChangeDialog-geometry data from widget  to file.
2026-10-10 14:39:34,867 - QTvcp.QTVCP.WIDGETS.DIALOG_WIDGET - DEBUG - Button pressed is: &OK
2026-10-10 14:39:34,867 - QTvcp.QTVCP.WIDGETS.DIALOGMIXIN - DEBUG - Saving ToolChangeDialog-geometry data from widget  to file.
2026-10-10 14:39:34,867 - QTvcp.QTVCP.WIDGETS.DIALOG_WIDGET - DEBUG - Button pressed is: &OK
2026-10-10 14:39:34,867 - QTvcp.QTVCP.WIDGETS.DIALOGMIXIN - DEBUG - Saving ToolChangeDialog-geometry data from widget  to file.
2026-10-10 14:39:34,868 - QTvcp.QTVCP.WIDGETS.DIALOG_WIDGET - DEBUG - Button pressed is: &OK
2026-10-10 14:39:34,868 - QTvcp.QTVCP.WIDGETS.DIALOGMIXIN - DEBUG - Saving ToolChangeDialog-geometry data from widget  to file.
2026-10-10 14:39:34,868 - QTvcp.QTVCP.WIDGETS.DIALOG_WIDGET - DEBUG - Button pressed is: &OK
2026-10-10 14:39:34,868 - QTvcp.QTVCP.WIDGETS.DIALOGMIXIN - DEBUG - Saving ToolChangeDialog-geometry data from widget  to file.
2026-10-10 14:39:34,868 - QTvcp.QTVCP.WIDGETS.DIALOG_WIDGET - DEBUG - Button pressed is: &OK
2026-10-10 14:39:34,869 - QTvcp.QTVCP.WIDGETS.DIALOGMIXIN - DEBUG - Saving ToolChangeDialog-geometry data from widget  to file.
2026-10-10 14:39:34,869 - QTvcp.QTVCP.WIDGETS.DIALOG_WIDGET - DEBUG - Button pressed is: &OK
2026-10-10 14:39:34,869 - QTvcp.QTVCP.WIDGETS.DIALOGMIXIN - DEBUG - Saving ToolChangeDialog-geometry data from widget  to file.
2026-10-10 14:39:34,869 - QTvcp.QTVCP.WIDGETS.DIALOG_WIDGET - DEBUG - Button pressed is: &OK
2026-10-10 14:39:34,869 - QTvcp.QTVCP.WIDGETS.DIALOGMIXIN - DEBUG - Saving ToolChangeDialog-geometry data from widget  to file.
2026-10-10 14:39:34,870 - QTvcp.QTVCP.WIDGETS.DIALOG_WIDGET - DEBUG - Button pressed is: &OK
2026-10-10 14:39:34,870 - QTvcp.QTVCP.WIDGETS.DIALOGMIXIN - DEBUG - Saving ToolChangeDialog-geometry data from widget  to file.
2026-10-10 14:39:34,870 - QTvcp.QTVCP.WIDGETS.DIALOG_WIDGET - DEBUG - Button pressed is: &OK
2026-10-10 14:39:34,870 - QTvcp.QTVCP.WIDGETS.DIALOGMIXIN - DEBUG - Saving ToolChangeDialog-geometry data from widget  to file.
2026-10-10 14:39:34,870 - QTvcp.QTVCP.WIDGETS.DIALOG_WIDGET - DEBUG - Button pressed is: &OK
2026-10-10 14:39:34,870 - QTvcp.QTVCP.WIDGETS.DIALOGMIXIN - DEBUG - Saving ToolChangeDialog-geometry data from widget  to file.
2026-10-10 14:39:34,871 - QTvcp.QTVCP.WIDGETS.DIALOG_WIDGET - DEBUG - Button pressed is: &OK
2026-10-10 14:39:34,871 - QTvcp.QTVCP.WIDGETS.DIALOGMIXIN - DEBUG - Saving ToolChangeDialog-geometry data from widget  to file.
2026-10-10 14:39:34,871 - QTvcp.QTVCP.WIDGETS.DIALOG_WIDGET - DEBUG - Button pressed is: &OK
2026-10-10 14:39:34,871 - QTvcp.QTVCP.WIDGETS.DIALOGMIXIN - DEBUG - Saving ToolChangeDialog-geometry data from widget  to file.
2026-10-10 14:39:34,871 - QTvcp.QTVCP.WIDGETS.DIALOG_WIDGET - DEBUG - Button pressed is: &OK
2026-10-10 14:39:34,871 - QTvcp.QTVCP.WIDGETS.DIALOGMIXIN - DEBUG - Saving ToolChangeDialog-geometry data from widget  to file.
2026-10-10 14:39:34,872 - QTvcp.QTVCP.WIDGETS.DIALOG_WIDGET - DEBUG - Button pressed is: &OK
2026-10-10 14:39:34,872 - QTvcp.QTVCP.WIDGETS.DIALOGMIXIN - DEBUG - Saving ToolChangeDialog-geometry data from widget  to file.
2026-10-10 14:39:34,872 - QTvcp.QTVCP.WIDGETS.DIALOG_WIDGET - DEBUG - Button pressed is: &OK
2026-10-10 14:39:34,872 - QTvcp.QTVCP.WIDGETS.DIALOGMIXIN - DEBUG - Saving ToolChangeDialog-geometry data from widget  to file.
2026-10-10 14:39:34,872 - QTvcp.QTVCP.WIDGETS.DIALOG_WIDGET - DEBUG - Button pressed is: &OK
2026-10-10 14:39:34,873 - QTvcp.QTVCP.WIDGETS.DIALOGMIXIN - DEBUG - Saving ToolChangeDialog-geometry data from widget  to file.
2026-10-10 14:39:51,446 - QTvcp.QTVCP.WIDGETS.GCODE_EDITOR - DEBUG - should reload the display
2026-10-10 14:39:51,452 - QTvcp.QTVCP.WIDGETS.GCODE_EDITOR - DEBUG - should reload the display
2026-10-10 14:44:15,219 - QTvcp.QTVCP.WIDGETS.GCODE_EDITOR - DEBUG - editor: got external highlight 0
2026-10-10 14:44:15,219 - QTvcp.QTVCP.WIDGETS.GCODE_EDITOR - DEBUG - editor: got external highlight 0
2026-10-10 14:45:01,105 - QTvcp.QTVCP.WIDGETS.GCODE_GRAPHICS - DEBUG - reload the display: /home/callum/linuxcnc/configs/nc_files/FS bike/final frame accessories/shock mount/op1 1,75x1,57x1,25.ngc
2026-10-10 14:45:04,209 - QTvcp.QTVCP.QT_ACTION - DEBUG - Load program /home/callum/linuxcnc/configs/nc_files/FS bike/final frame accessories/shock mount/op2, hole right.ngc
2026-10-10 14:45:04,283 - QTvcp.QTVCP.WIDGETS.GCODE_GRAPHICS - DEBUG - load the display: /home/callum/linuxcnc/configs/nc_files/FS bike/final frame accessories/shock mount/op2, hole right.ngc
2026-10-10 14:46:13,337 - QTvcp.QTVCP.WIDGETS.DIALOG_WIDGET - DEBUG - Button pressed is: &OK
2026-10-10 14:46:13,337 - QTvcp.QTVCP.WIDGETS.DIALOGMIXIN - DEBUG - Saving ToolChangeDialog-geometry data from widget  to file.
2026-10-10 14:46:13,337 - QTvcp.QTVCP.WIDGETS.DIALOG_WIDGET - DEBUG - Button pressed is: &OK
2026-10-10 14:46:13,337 - QTvcp.QTVCP.WIDGETS.DIALOGMIXIN - DEBUG - Saving ToolChangeDialog-geometry data from widget  to file.
2026-10-10 14:46:13,338 - QTvcp.QTVCP.WIDGETS.DIALOG_WIDGET - DEBUG - Button pressed is: &OK
2026-10-10 14:46:13,338 - QTvcp.QTVCP.WIDGETS.DIALOGMIXIN - DEBUG - Saving ToolChangeDialog-geometry data from widget  to file.
2026-10-10 14:46:13,338 - QTvcp.QTVCP.WIDGETS.DIALOG_WIDGET - DEBUG - Button pressed is: &OK
2026-10-10 14:46:13,338 - QTvcp.QTVCP.WIDGETS.DIALOGMIXIN - DEBUG - Saving ToolChangeDialog-geometry data from widget  to file.
2026-10-10 14:46:13,339 - QTvcp.QTVCP.WIDGETS.DIALOG_WIDGET - DEBUG - Button pressed is: &OK
2026-10-10 14:46:13,339 - QTvcp.QTVCP.WIDGETS.DIALOGMIXIN - DEBUG - Saving ToolChangeDialog-geometry data from widget  to file.
2026-10-10 14:46:13,339 - QTvcp.QTVCP.WIDGETS.DIALOG_WIDGET - DEBUG - Button pressed is: &OK
2026-10-10 14:46:13,339 - QTvcp.QTVCP.WIDGETS.DIALOGMIXIN - DEBUG - Saving ToolChangeDialog-geometry data from widget  to file.
2026-10-10 14:46:13,340 - QTvcp.QTVCP.WIDGETS.DIALOG_WIDGET - DEBUG - Button pressed is: &OK
2026-10-10 14:46:13,340 - QTvcp.QTVCP.WIDGETS.DIALOGMIXIN - DEBUG - Saving ToolChangeDialog-geometry data from widget  to file.
2026-10-10 14:46:13,340 - QTvcp.QTVCP.WIDGETS.DIALOG_WIDGET - DEBUG - Button pressed is: &OK
2026-10-10 14:46:13,340 - QTvcp.QTVCP.WIDGETS.DIALOGMIXIN - DEBUG - Saving ToolChangeDialog-geometry data from widget  to file.
2026-10-10 14:46:13,340 - QTvcp.QTVCP.WIDGETS.DIALOG_WIDGET - DEBUG - Button pressed is: &OK
2026-10-10 14:46:13,340 - QTvcp.QTVCP.WIDGETS.DIALOGMIXIN - DEBUG - Saving ToolChangeDialog-geometry data from widget  to file.
2026-10-10 14:46:13,341 - QTvcp.QTVCP.WIDGETS.DIALOG_WIDGET - DEBUG - Button pressed is: &OK
2026-10-10 14:46:13,341 - QTvcp.QTVCP.WIDGETS.DIALOGMIXIN - DEBUG - Saving ToolChangeDialog-geometry data from widget  to file.
2026-10-10 14:46:13,341 - QTvcp.QTVCP.WIDGETS.DIALOG_WIDGET - DEBUG - Button pressed is: &OK
2026-10-10 14:46:13,341 - QTvcp.QTVCP.WIDGETS.DIALOGMIXIN - DEBUG - Saving ToolChangeDialog-geometry data from widget  to file.
2026-10-10 14:46:13,342 - QTvcp.QTVCP.WIDGETS.DIALOG_WIDGET - DEBUG - Button pressed is: &OK
2026-10-10 14:46:13,342 - QTvcp.QTVCP.WIDGETS.DIALOGMIXIN - DEBUG - Saving ToolChangeDialog-geometry data from widget  to file.
2026-10-10 14:46:13,342 - QTvcp.QTVCP.WIDGETS.DIALOG_WIDGET - DEBUG - Button pressed is: &OK
2026-10-10 14:46:13,342 - QTvcp.QTVCP.WIDGETS.DIALOGMIXIN - DEBUG - Saving ToolChangeDialog-geometry data from widget  to file.
2026-10-10 14:46:13,342 - QTvcp.QTVCP.WIDGETS.DIALOG_WIDGET - DEBUG - Button pressed is: &OK
2026-10-10 14:46:13,342 - QTvcp.QTVCP.WIDGETS.DIALOGMIXIN - DEBUG - Saving ToolChangeDialog-geometry data from widget  to file.
2026-10-10 14:46:13,343 - QTvcp.QTVCP.WIDGETS.DIALOG_WIDGET - DEBUG - Button pressed is: &OK
2026-10-10 14:46:13,343 - QTvcp.QTVCP.WIDGETS.DIALOGMIXIN - DEBUG - Saving ToolChangeDialog-geometry data from widget  to file.
2026-10-10 14:46:13,343 - QTvcp.QTVCP.WIDGETS.DIALOG_WIDGET - DEBUG - Button pressed is: &OK
2026-10-10 14:46:13,343 - QTvcp.QTVCP.WIDGETS.DIALOGMIXIN - DEBUG - Saving ToolChangeDialog-geometry data from widget  to file.
2026-10-10 14:46:13,344 - QTvcp.QTVCP.WIDGETS.DIALOG_WIDGET - DEBUG - Button pressed is: &OK
2026-10-10 14:46:13,344 - QTvcp.QTVCP.WIDGETS.DIALOGMIXIN - DEBUG - Saving ToolChangeDialog-geometry data from widget  to file.
2026-10-10 14:46:13,344 - QTvcp.QTVCP.WIDGETS.DIALOG_WIDGET - DEBUG - Button pressed is: &OK
2026-10-10 14:46:13,344 - QTvcp.QTVCP.WIDGETS.DIALOGMIXIN - DEBUG - Saving ToolChangeDialog-geometry data from widget  to file.
2026-10-10 14:46:13,344 - QTvcp.QTVCP.WIDGETS.DIALOG_WIDGET - DEBUG - Button pressed is: &OK
2026-10-10 14:46:13,344 - QTvcp.QTVCP.WIDGETS.DIALOGMIXIN - DEBUG - Saving ToolChangeDialog-geometry data from widget  to file.
2026-10-10 14:46:13,345 - QTvcp.QTVCP.WIDGETS.DIALOG_WIDGET - DEBUG - Button pressed is: &OK
2026-10-10 14:46:13,345 - QTvcp.QTVCP.WIDGETS.DIALOGMIXIN - DEBUG - Saving ToolChangeDialog-geometry data from widget  to file.
2026-10-10 14:46:13,345 - QTvcp.QTVCP.WIDGETS.DIALOG_WIDGET - DEBUG - Button pressed is: &OK
2026-10-10 14:46:13,345 - QTvcp.QTVCP.WIDGETS.DIALOGMIXIN - DEBUG - Saving ToolChangeDialog-geometry data from widget  to file.
2026-10-10 14:46:13,345 - QTvcp.QTVCP.WIDGETS.DIALOG_WIDGET - DEBUG - Button pressed is: &OK
2026-10-10 14:46:13,346 - QTvcp.QTVCP.WIDGETS.DIALOGMIXIN - DEBUG - Saving ToolChangeDialog-geometry data from widget  to file.
2026-10-10 14:46:13,346 - QTvcp.QTVCP.WIDGETS.DIALOG_WIDGET - DEBUG - Button pressed is: &OK
2026-10-10 14:46:13,346 - QTvcp.QTVCP.WIDGETS.DIALOGMIXIN - DEBUG - Saving ToolChangeDialog-geometry data from widget  to file.
2026-10-10 14:46:13,346 - QTvcp.QTVCP.WIDGETS.DIALOG_WIDGET - DEBUG - Button pressed is: &OK
2026-10-10 14:46:13,346 - QTvcp.QTVCP.WIDGETS.DIALOGMIXIN - DEBUG - Saving ToolChangeDialog-geometry data from widget  to file.
2026-10-10 14:46:13,347 - QTvcp.QTVCP.WIDGETS.DIALOG_WIDGET - DEBUG - Button pressed is: &OK
2026-10-10 14:46:13,347 - QTvcp.QTVCP.WIDGETS.DIALOGMIXIN - DEBUG - Saving ToolChangeDialog-geometry data from widget  to file.
2026-10-10 14:47:44,032 - QTvcp.QTVCP.WIDGETS.DIALOG_WIDGET - DEBUG - Button pressed is: &OK
2026-10-10 14:47:44,032 - QTvcp.QTVCP.WIDGETS.DIALOGMIXIN - DEBUG - Saving ToolChangeDialog-geometry data from widget  to file.
2026-10-10 14:47:44,033 - QTvcp.QTVCP.WIDGETS.DIALOG_WIDGET - DEBUG - Button pressed is: &OK
2026-10-10 14:47:44,033 - QTvcp.QTVCP.WIDGETS.DIALOGMIXIN - DEBUG - Saving ToolChangeDialog-geometry data from widget  to file.
2026-10-10 14:47:44,033 - QTvcp.QTVCP.WIDGETS.DIALOG_WIDGET - DEBUG - Button pressed is: &OK
2026-10-10 14:47:44,033 - QTvcp.QTVCP.WIDGETS.DIALOGMIXIN - DEBUG - Saving ToolChangeDialog-geometry data from widget  to file.
2026-10-10 14:47:44,034 - QTvcp.QTVCP.WIDGETS.DIALOG_WIDGET - DEBUG - Button pressed is: &OK
2026-10-10 14:47:44,034 - QTvcp.QTVCP.WIDGETS.DIALOGMIXIN - DEBUG - Saving ToolChangeDialog-geometry data from widget  to file.
2026-10-10 14:47:44,034 - QTvcp.QTVCP.WIDGETS.DIALOG_WIDGET - DEBUG - Button pressed is: &OK
2026-10-10 14:47:44,034 - QTvcp.QTVCP.WIDGETS.DIALOGMIXIN - DEBUG - Saving ToolChangeDialog-geometry data from widget  to file.
2026-10-10 14:47:44,034 - QTvcp.QTVCP.WIDGETS.DIALOG_WIDGET - DEBUG - Button pressed is: &OK
2026-10-10 14:47:44,034 - QTvcp.QTVCP.WIDGETS.DIALOGMIXIN - DEBUG - Saving ToolChangeDialog-geometry data from widget  to file.
2026-10-10 14:47:44,035 - QTvcp.QTVCP.WIDGETS.DIALOG_WIDGET - DEBUG - Button pressed is: &OK
2026-10-10 14:47:44,035 - QTvcp.QTVCP.WIDGETS.DIALOGMIXIN - DEBUG - Saving ToolChangeDialog-geometry data from widget  to file.
2026-10-10 14:47:44,035 - QTvcp.QTVCP.WIDGETS.DIALOG_WIDGET - DEBUG - Button pressed is: &OK
2026-10-10 14:47:44,035 - QTvcp.QTVCP.WIDGETS.DIALOGMIXIN - DEBUG - Saving ToolChangeDialog-geometry data from widget  to file.
2026-10-10 14:47:44,035 - QTvcp.QTVCP.WIDGETS.DIALOG_WIDGET - DEBUG - Button pressed is: &OK
2026-10-10 14:47:44,036 - QTvcp.QTVCP.WIDGETS.DIALOGMIXIN - DEBUG - Saving ToolChangeDialog-geometry data from widget  to file.
2026-10-10 14:47:44,036 - QTvcp.QTVCP.WIDGETS.DIALOG_WIDGET - DEBUG - Button pressed is: &OK
2026-10-10 14:47:44,036 - QTvcp.QTVCP.WIDGETS.DIALOGMIXIN - DEBUG - Saving ToolChangeDialog-geometry data from widget  to file.
2026-10-10 14:47:44,036 - QTvcp.QTVCP.WIDGETS.DIALOG_WIDGET - DEBUG - Button pressed is: &OK
2026-10-10 14:47:44,036 - QTvcp.QTVCP.WIDGETS.DIALOGMIXIN - DEBUG - Saving ToolChangeDialog-geometry data from widget  to file.
2026-10-10 14:47:44,037 - QTvcp.QTVCP.WIDGETS.DIALOG_WIDGET - DEBUG - Button pressed is: &OK
2026-10-10 14:47:44,037 - QTvcp.QTVCP.WIDGETS.DIALOGMIXIN - DEBUG - Saving ToolChangeDialog-geometry data from widget  to file.
2026-10-10 14:47:44,037 - QTvcp.QTVCP.WIDGETS.DIALOG_WIDGET - DEBUG - Button pressed is: &OK
2026-10-10 14:47:44,037 - QTvcp.QTVCP.WIDGETS.DIALOGMIXIN - DEBUG - Saving ToolChangeDialog-geometry data from widget  to file.
2026-10-10 14:47:44,037 - QTvcp.QTVCP.WIDGETS.DIALOG_WIDGET - DEBUG - Button pressed is: &OK
2026-10-10 14:47:44,037 - QTvcp.QTVCP.WIDGETS.DIALOGMIXIN - DEBUG - Saving ToolChangeDialog-geometry data from widget  to file.
2026-10-10 14:47:44,038 - QTvcp.QTVCP.WIDGETS.DIALOG_WIDGET - DEBUG - Button pressed is: &OK
2026-10-10 14:47:44,038 - QTvcp.QTVCP.WIDGETS.DIALOGMIXIN - DEBUG - Saving ToolChangeDialog-geometry data from widget  to file.
2026-10-10 14:47:44,038 - QTvcp.QTVCP.WIDGETS.DIALOG_WIDGET - DEBUG - Button pressed is: &OK
2026-10-10 14:47:44,038 - QTvcp.QTVCP.WIDGETS.DIALOGMIXIN - DEBUG - Saving ToolChangeDialog-geometry data from widget  to file.
2026-10-10 14:47:44,038 - QTvcp.QTVCP.WIDGETS.DIALOG_WIDGET - DEBUG - Button pressed is: &OK
2026-10-10 14:47:44,039 - QTvcp.QTVCP.WIDGETS.DIALOGMIXIN - DEBUG - Saving ToolChangeDialog-geometry data from widget  to file.
2026-10-10 14:47:44,039 - QTvcp.QTVCP.WIDGETS.DIALOG_WIDGET - DEBUG - Button pressed is: &OK
2026-10-10 14:47:44,039 - QTvcp.QTVCP.WIDGETS.DIALOGMIXIN - DEBUG - Saving ToolChangeDialog-geometry data from widget  to file.
2026-10-10 14:47:44,039 - QTvcp.QTVCP.WIDGETS.DIALOG_WIDGET - DEBUG - Button pressed is: &OK
2026-10-10 14:47:44,039 - QTvcp.QTVCP.WIDGETS.DIALOGMIXIN - DEBUG - Saving ToolChangeDialog-geometry data from widget  to file.
2026-10-10 14:47:44,040 - QTvcp.QTVCP.WIDGETS.DIALOG_WIDGET - DEBUG - Button pressed is: &OK
2026-10-10 14:47:44,040 - QTvcp.QTVCP.WIDGETS.DIALOGMIXIN - DEBUG - Saving ToolChangeDialog-geometry data from widget  to file.
2026-10-10 14:47:44,040 - QTvcp.QTVCP.WIDGETS.DIALOG_WIDGET - DEBUG - Button pressed is: &OK
2026-10-10 14:47:44,040 - QTvcp.QTVCP.WIDGETS.DIALOGMIXIN - DEBUG - Saving ToolChangeDialog-geometry data from widget  to file.
2026-10-10 14:47:44,040 - QTvcp.QTVCP.WIDGETS.DIALOG_WIDGET - DEBUG - Button pressed is: &OK
2026-10-10 14:47:44,040 - QTvcp.QTVCP.WIDGETS.DIALOGMIXIN - DEBUG - Saving ToolChangeDialog-geometry data from widget  to file.
2026-10-10 14:47:44,041 - QTvcp.QTVCP.WIDGETS.DIALOG_WIDGET - DEBUG - Button pressed is: &OK
2026-10-10 14:47:44,041 - QTvcp.QTVCP.WIDGETS.DIALOGMIXIN - DEBUG - Saving ToolChangeDialog-geometry data from widget  to file.
2026-10-10 14:47:44,041 - QTvcp.QTVCP.WIDGETS.DIALOG_WIDGET - DEBUG - Button pressed is: &OK
2026-10-10 14:47:44,041 - QTvcp.QTVCP.WIDGETS.DIALOGMIXIN - DEBUG - Saving ToolChangeDialog-geometry data from widget  to file.
2026-10-10 14:47:44,041 - QTvcp.QTVCP.WIDGETS.DIALOG_WIDGET - DEBUG - Button pressed is: &OK
2026-10-10 14:47:44,042 - QTvcp.QTVCP.WIDGETS.DIALOGMIXIN - DEBUG - Saving ToolChangeDialog-geometry data from widget  to file.
2026-10-10 14:47:44,042 - QTvcp.QTVCP.WIDGETS.DIALOG_WIDGET - DEBUG - Button pressed is: &OK
2026-10-10 14:47:44,042 - QTvcp.QTVCP.WIDGETS.DIALOGMIXIN - DEBUG - Saving ToolChangeDialog-geometry data from widget  to file.
2026-10-10 14:48:31,022 - QTvcp.QTVCP.WIDGETS.DIALOG_WIDGET - DEBUG - Button pressed is: &OK
2026-10-10 14:48:31,022 - QTvcp.QTVCP.WIDGETS.DIALOGMIXIN - DEBUG - Saving ToolChangeDialog-geometry data from widget  to file.
2026-10-10 14:48:31,022 - QTvcp.QTVCP.WIDGETS.DIALOG_WIDGET - DEBUG - Button pressed is: &OK
2026-10-10 14:48:31,023 - QTvcp.QTVCP.WIDGETS.DIALOGMIXIN - DEBUG - Saving ToolChangeDialog-geometry data from widget  to file.
2026-10-10 14:48:31,023 - QTvcp.QTVCP.WIDGETS.DIALOG_WIDGET - DEBUG - Button pressed is: &OK
2026-10-10 14:48:31,023 - QTvcp.QTVCP.WIDGETS.DIALOGMIXIN - DEBUG - Saving ToolChangeDialog-geometry data from widget  to file.
2026-10-10 14:48:31,023 - QTvcp.QTVCP.WIDGETS.DIALOG_WIDGET - DEBUG - Button pressed is: &OK
2026-10-10 14:48:31,023 - QTvcp.QTVCP.WIDGETS.DIALOGMIXIN - DEBUG - Saving ToolChangeDialog-geometry data from widget  to file.
2026-10-10 14:48:31,024 - QTvcp.QTVCP.WIDGETS.DIALOG_WIDGET - DEBUG - Button pressed is: &OK
2026-10-10 14:48:31,024 - QTvcp.QTVCP.WIDGETS.DIALOGMIXIN - DEBUG - Saving ToolChangeDialog-geometry data from widget  to file.
2026-10-10 14:48:31,024 - QTvcp.QTVCP.WIDGETS.DIALOG_WIDGET - DEBUG - Button pressed is: &OK
2026-10-10 14:48:31,024 - QTvcp.QTVCP.WIDGETS.DIALOGMIXIN - DEBUG - Saving ToolChangeDialog-geometry data from widget  to file.
2026-10-10 14:48:31,025 - QTvcp.QTVCP.WIDGETS.DIALOG_WIDGET - DEBUG - Button pressed is: &OK
2026-10-10 14:48:31,025 - QTvcp.QTVCP.WIDGETS.DIALOGMIXIN - DEBUG - Saving ToolChangeDialog-geometry data from widget  to file.
2026-10-10 14:48:31,025 - QTvcp.QTVCP.WIDGETS.DIALOG_WIDGET - DEBUG - Button pressed is: &OK
2026-10-10 14:48:31,025 - QTvcp.QTVCP.WIDGETS.DIALOGMIXIN - DEBUG - Saving ToolChangeDialog-geometry data from widget  to file.
2026-10-10 14:48:31,025 - QTvcp.QTVCP.WIDGETS.DIALOG_WIDGET - DEBUG - Button pressed is: &OK
2026-10-10 14:48:31,025 - QTvcp.QTVCP.WIDGETS.DIALOGMIXIN - DEBUG - Saving ToolChangeDialog-geometry data from widget  to file.
2026-10-10 14:48:31,026 - QTvcp.QTVCP.WIDGETS.DIALOG_WIDGET - DEBUG - Button pressed is: &OK
2026-10-10 14:48:31,026 - QTvcp.QTVCP.WIDGETS.DIALOGMIXIN - DEBUG - Saving ToolChangeDialog-geometry data from widget  to file.
2026-10-10 14:48:31,026 - QTvcp.QTVCP.WIDGETS.DIALOG_WIDGET - DEBUG - Button pressed is: &OK
2026-10-10 14:48:31,026 - QTvcp.QTVCP.WIDGETS.DIALOGMIXIN - DEBUG - Saving ToolChangeDialog-geometry data from widget  to file.
2026-10-10 14:48:31,026 - QTvcp.QTVCP.WIDGETS.DIALOG_WIDGET - DEBUG - Button pressed is: &OK
2026-10-10 14:48:31,027 - QTvcp.QTVCP.WIDGETS.DIALOGMIXIN - DEBUG - Saving ToolChangeDialog-geometry data from widget  to file.
2026-10-10 14:48:31,027 - QTvcp.QTVCP.WIDGETS.DIALOG_WIDGET - DEBUG - Button pressed is: &OK
2026-10-10 14:48:31,027 - QTvcp.QTVCP.WIDGETS.DIALOGMIXIN - DEBUG - Saving ToolChangeDialog-geometry data from widget  to file.
2026-10-10 14:48:31,027 - QTvcp.QTVCP.WIDGETS.DIALOG_WIDGET - DEBUG - Button pressed is: &OK
2026-10-10 14:48:31,027 - QTvcp.QTVCP.WIDGETS.DIALOGMIXIN - DEBUG - Saving ToolChangeDialog-geometry data from widget  to file.
2026-10-10 14:48:31,028 - QTvcp.QTVCP.WIDGETS.DIALOG_WIDGET - DEBUG - Button pressed is: &OK
2026-10-10 14:48:31,028 - QTvcp.QTVCP.WIDGETS.DIALOGMIXIN - DEBUG - Saving ToolChangeDialog-geometry data from widget  to file.
2026-10-10 14:48:31,028 - QTvcp.QTVCP.WIDGETS.DIALOG_WIDGET - DEBUG - Button pressed is: &OK
2026-10-10 14:48:31,028 - QTvcp.QTVCP.WIDGETS.DIALOGMIXIN - DEBUG - Saving ToolChangeDialog-geometry data from widget  to file.
2026-10-10 14:48:31,028 - QTvcp.QTVCP.WIDGETS.DIALOG_WIDGET - DEBUG - Button pressed is: &OK
2026-10-10 14:48:31,028 - QTvcp.QTVCP.WIDGETS.DIALOGMIXIN - DEBUG - Saving ToolChangeDialog-geometry data from widget  to file.
2026-10-10 14:48:31,029 - QTvcp.QTVCP.WIDGETS.DIALOG_WIDGET - DEBUG - Button pressed is: &OK
2026-10-10 14:48:31,029 - QTvcp.QTVCP.WIDGETS.DIALOGMIXIN - DEBUG - Saving ToolChangeDialog-geometry data from widget  to file.
2026-10-10 14:48:31,029 - QTvcp.QTVCP.WIDGETS.DIALOG_WIDGET - DEBUG - Button pressed is: &OK
2026-10-10 14:48:31,029 - QTvcp.QTVCP.WIDGETS.DIALOGMIXIN - DEBUG - Saving ToolChangeDialog-geometry data from widget  to file.
2026-10-10 14:48:31,030 - QTvcp.QTVCP.WIDGETS.DIALOG_WIDGET - DEBUG - Button pressed is: &OK
2026-10-10 14:48:31,030 - QTvcp.QTVCP.WIDGETS.DIALOGMIXIN - DEBUG - Saving ToolChangeDialog-geometry data from widget  to file.
2026-10-10 14:48:31,030 - QTvcp.QTVCP.WIDGETS.DIALOG_WIDGET - DEBUG - Button pressed is: &OK
2026-10-10 14:48:31,030 - QTvcp.QTVCP.WIDGETS.DIALOGMIXIN - DEBUG - Saving ToolChangeDialog-geometry data from widget  to file.
2026-10-10 14:48:31,030 - QTvcp.QTVCP.WIDGETS.DIALOG_WIDGET - DEBUG - Button pressed is: &OK
2026-10-10 14:48:31,030 - QTvcp.QTVCP.WIDGETS.DIALOGMIXIN - DEBUG - Saving ToolChangeDialog-geometry data from widget  to file.
2026-10-10 14:48:31,031 - QTvcp.QTVCP.WIDGETS.DIALOG_WIDGET - DEBUG - Button pressed is: &OK
2026-10-10 14:48:31,031 - QTvcp.QTVCP.WIDGETS.DIALOGMIXIN - DEBUG - Saving ToolChangeDialog-geometry data from widget  to file.
2026-10-10 14:48:31,031 - QTvcp.QTVCP.WIDGETS.DIALOG_WIDGET - DEBUG - Button pressed is: &OK
2026-10-10 14:48:31,031 - QTvcp.QTVCP.WIDGETS.DIALOGMIXIN - DEBUG - Saving ToolChangeDialog-geometry data from widget  to file.
2026-10-10 14:48:31,032 - QTvcp.QTVCP.WIDGETS.DIALOG_WIDGET - DEBUG - Button pressed is: &OK
2026-10-10 14:48:31,032 - QTvcp.QTVCP.WIDGETS.DIALOGMIXIN - DEBUG - Saving ToolChangeDialog-geometry data from widget  to file.
2026-10-10 14:48:31,032 - QTvcp.QTVCP.WIDGETS.DIALOG_WIDGET - DEBUG - Button pressed is: &OK
2026-10-10 14:48:31,032 - QTvcp.QTVCP.WIDGETS.DIALOGMIXIN - DEBUG - Saving ToolChangeDialog-geometry data from widget  to file.
2026-10-10 14:48:31,032 - QTvcp.QTVCP.WIDGETS.DIALOG_WIDGET - DEBUG - Button pressed is: &OK
2026-10-10 14:48:31,032 - QTvcp.QTVCP.WIDGETS.DIALOGMIXIN - DEBUG - Saving ToolChangeDialog-geometry data from widget  to file.
2026-10-10 14:48:54,605 - QTvcp.QTVCP.WIDGETS.GCODE_EDITOR - DEBUG - editor: got external highlight 0
2026-10-10 14:48:54,605 - QTvcp.QTVCP.WIDGETS.GCODE_EDITOR - DEBUG - editor: got external highlight 0
2026-10-10 14:50:25,265 - QTvcp.QTVCP.WIDGETS.GCODE_GRAPHICS - DEBUG - reload the display: /home/callum/linuxcnc/configs/nc_files/FS bike/final frame accessories/shock mount/op2, hole right.ngc
2026-10-10 14:53:45,114 - QTvcp.QTVCP.QT_ACTION - DEBUG - Load program /home/callum/linuxcnc/configs/nc_files/FS bike/final frame accessories/shock mount/op3, hole right.ngc
2026-10-10 14:53:45,200 - QTvcp.QTVCP.WIDGETS.GCODE_GRAPHICS - DEBUG - load the display: /home/callum/linuxcnc/configs/nc_files/FS bike/final frame accessories/shock mount/op3, hole right.ngc
2026-10-10 14:54:28,369 - QTvcp.QTVCP.WIDGETS.TOOL_OFFSETVIEW - DEBUG - original value:<PyQt5.QtWidgets.QCheckBox object at 0x7f6d82bd9b40>
2026-10-10 14:54:28,369 - QTvcp.QTVCP.WIDGETS.TOOL_OFFSETVIEW - DEBUG - >>> setData() role = 10
2026-10-10 14:54:28,369 - QTvcp.QTVCP.WIDGETS.TOOL_OFFSETVIEW - DEBUG - >>> setData() column() = 0
2026-10-10 14:54:28,369 - QTvcp.QTVCP.WIDGETS.TOOL_OFFSETVIEW - DEBUG - Text: <PyQt5.QtWidgets.QCheckBox object at 0x7f6d82bd9b40>, Row: 17, Column: 0
2026-10-10 14:54:30,295 - QTvcp.QTVCP.QT_ACTION - DEBUG - CALL_MDI Command: M61 Q36 G43
2026-10-10 14:54:30,375 - QTvcp.QTVCP.WIDGETS.MDI_LINE - DEBUG - Ext line selected: , mdi_history.dat
2026-10-10 14:55:20,701 - QTvcp.QTVCP.QT_ACTION - DEBUG - Load program /home/callum/linuxcnc/configs/nc_files/FS bike/final frame accessories/shock mount/op3, hole right.ngc
2026-10-10 14:55:20,756 - QTvcp.QTVCP.WIDGETS.GCODE_GRAPHICS - DEBUG - load the display: /home/callum/linuxcnc/configs/nc_files/FS bike/final frame accessories/shock mount/op3, hole right.ngc
2026-10-10 14:57:34,649 - QTvcp.QTVCP.WIDGETS.GCODE_EDITOR - DEBUG - editor: got external highlight 0
2026-10-10 14:57:34,650 - QTvcp.QTVCP.WIDGETS.GCODE_EDITOR - DEBUG - editor: got external highlight 0
2026-10-10 15:13:00,155 - QTvcp.QTVCP.WIDGETS.ORIGIN_OFFSETVIEW - DEBUG - Text:    8.3915, Row: 4, Column: 0
2026-10-10 15:13:10,925 - QTvcp.QTVCP.WIDGETS.DIALOGMIXIN - DEBUG - Saving CalculatorDialog-geometry data from widget  to file.
2026-10-10 15:13:11,022 - QTvcp.QTVCP.WIDGETS.DIALOG_WIDGET - DEBUG - Displayed value when accepted: 1.956
2026-10-10 15:13:11,022 - QTvcp.QTVCP.WIDGETS.ORIGIN_OFFSETVIEW - DEBUG - message returned:{'NAME': 'CALCULATOR', 'ID': 'offset_table__', 'PRELOAD': 8.3915, 'TITLE': 'G54 Offset of X,   8.3915', 'ITEM': <PyQt5.QtCore.QModelIndex object at 0x7f6d3ff48890>, 'RETURN': 1.956}
2026-10-10 15:13:11,023 - QTvcp.QTVCP.WIDGETS.TOOL_OFFSETVIEW - DEBUG - message returned:{'NAME': 'CALCULATOR', 'ID': 'offset_table__', 'PRELOAD': 8.3915, 'TITLE': 'G54 Offset of X,   8.3915', 'ITEM': <PyQt5.QtCore.QModelIndex object at 0x7f6d3ff48890>, 'RETURN': 1.956}
2026-10-10 15:13:11,023 - QTvcp.QTVCP.WIDGETS.ORIGIN_OFFSETVIEW - DEBUG - message returned:{'NAME': 'CALCULATOR', 'ID': 'offset_table__', 'PRELOAD': 8.3915, 'TITLE': 'G54 Offset of X,   8.3915', 'ITEM': <PyQt5.QtCore.QModelIndex object at 0x7f6d3ff48890>, 'RETURN': 1.956}
2026-10-10 15:13:11,023 - QTvcp.QTVCP.WIDGETS.ORIGIN_OFFSETVIEW - DEBUG -    8.3915
2026-10-10 15:13:11,023 - QTvcp.QTVCP.WIDGETS.ORIGIN_OFFSETVIEW - DEBUG - >>> setData() role = None
2026-10-10 15:13:11,023 - QTvcp.QTVCP.WIDGETS.ORIGIN_OFFSETVIEW - DEBUG - >>> setData() index.column() = 0
2026-10-10 15:13:11,023 - QTvcp.QTVCP.WIDGETS.ORIGIN_OFFSETVIEW - DEBUG - >>> setData() value = 1.956
2026-10-10 15:13:11,023 - QTvcp.QTVCP.WIDGETS.ORIGIN_OFFSETVIEW - DEBUG - >>> setData() qualified value = 1.956
2026-10-10 15:13:11,023 - QTvcp.QTVCP.WIDGETS.ORIGIN_OFFSETVIEW - DEBUG - >>> setData() index.row = 4
2026-10-10 15:13:11,023 - QTvcp.QTVCP.WIDGETS.ORIGIN_OFFSETVIEW - DEBUG - >>> setData() index.column = 0
2026-10-10 15:13:11,023 - QTvcp.QTVCP.QT_ACTION - DEBUG - CALL_MDI Command: G10 L2 P1 x     1.9560
2026-10-10 15:13:11,206 - QTvcp.QTVCP.WIDGETS.GCODE_GRAPHICS - DEBUG - reload the display: /home/callum/linuxcnc/configs/nc_files/FS bike/final frame accessories/shock mount/op3, hole right.ngc
2026-10-10 15:13:11,327 - QTvcp.QTVCP.WIDGETS.ORIGIN_OFFSETVIEW - DEBUG - message returned:{'NAME': 'CALCULATOR', 'ID': 'offset_table__', 'PRELOAD': 8.3915, 'TITLE': 'G54 Offset of X,   8.3915', 'ITEM': <PyQt5.QtCore.QModelIndex object at 0x7f6d3ff48890>, 'RETURN': None}
2026-10-10 15:13:11,327 - QTvcp.QTVCP.WIDGETS.TOOL_OFFSETVIEW - DEBUG - message returned:{'NAME': 'CALCULATOR', 'ID': 'offset_table__', 'PRELOAD': 8.3915, 'TITLE': 'G54 Offset of X,   8.3915', 'ITEM': <PyQt5.QtCore.QModelIndex object at 0x7f6d3ff48890>, 'RETURN': None}
2026-10-10 15:13:11,328 - QTvcp.QTVCP.WIDGETS.ORIGIN_OFFSETVIEW - DEBUG - message returned:{'NAME': 'CALCULATOR', 'ID': 'offset_table__', 'PRELOAD': 8.3915, 'TITLE': 'G54 Offset of X,   8.3915', 'ITEM': <PyQt5.QtCore.QModelIndex object at 0x7f6d3ff48890>, 'RETURN': None}
2026-10-10 15:13:11,328 - QTvcp.QTVCP.WIDGETS.ORIGIN_OFFSETVIEW - DEBUG - message sent:{'NAME': 'CALCULATOR', 'ID': 'offset_table__', 'PRELOAD': 8.3915, 'TITLE': 'G54 Offset of X,   8.3915', 'ITEM': <PyQt5.QtCore.QModelIndex object at 0x7f6d3ff48890>, 'RETURN': None}
2026-10-10 15:13:18,122 - QTvcp.QTVCP.QT_ACTION - DEBUG - Load program /home/callum/linuxcnc/configs/nc_files/FS bike/final frame accessories/bearing cups/op2 - on plate.ngc
2026-10-10 15:13:18,197 - QTvcp.QTVCP.WIDGETS.GCODE_GRAPHICS - DEBUG - load the display: /home/callum/linuxcnc/configs/nc_files/FS bike/final frame accessories/bearing cups/op2 - on plate.ngc
2026-10-10 15:13:27,895 - QTvcp.QTVCP.WIDGETS.ORIGIN_OFFSETVIEW - DEBUG - Text:  -15.3953, Row: 4, Column: 2
2026-10-10 15:13:40,229 - QTvcp.QTVCP.WIDGETS.DIALOGMIXIN - DEBUG - Saving CalculatorDialog-geometry data from widget  to file.
2026-10-10 15:13:40,323 - QTvcp.QTVCP.WIDGETS.DIALOG_WIDGET - DEBUG - Displayed value when accepted: -15.1451
2026-10-10 15:13:40,324 - QTvcp.QTVCP.WIDGETS.ORIGIN_OFFSETVIEW - DEBUG - message returned:{'NAME': 'CALCULATOR', 'ID': 'offset_table__', 'PRELOAD': -15.3953, 'TITLE': 'G54 Offset of Z, -15.3953', 'ITEM': <PyQt5.QtCore.QModelIndex object at 0x7f6dacb26dc0>, 'RETURN': -15.1451}
2026-10-10 15:13:40,324 - QTvcp.QTVCP.WIDGETS.TOOL_OFFSETVIEW - DEBUG - message returned:{'NAME': 'CALCULATOR', 'ID': 'offset_table__', 'PRELOAD': -15.3953, 'TITLE': 'G54 Offset of Z, -15.3953', 'ITEM': <PyQt5.QtCore.QModelIndex object at 0x7f6dacb26dc0>, 'RETURN': -15.1451}
2026-10-10 15:13:40,324 - QTvcp.QTVCP.WIDGETS.ORIGIN_OFFSETVIEW - DEBUG - message returned:{'NAME': 'CALCULATOR', 'ID': 'offset_table__', 'PRELOAD': -15.3953, 'TITLE': 'G54 Offset of Z, -15.3953', 'ITEM': <PyQt5.QtCore.QModelIndex object at 0x7f6dacb26dc0>, 'RETURN': -15.1451}
2026-10-10 15:13:40,324 - QTvcp.QTVCP.WIDGETS.ORIGIN_OFFSETVIEW - DEBUG -  -15.3953
2026-10-10 15:13:40,324 - QTvcp.QTVCP.WIDGETS.ORIGIN_OFFSETVIEW - DEBUG - >>> setData() role = None
2026-10-10 15:13:40,324 - QTvcp.QTVCP.WIDGETS.ORIGIN_OFFSETVIEW - DEBUG - >>> setData() index.column() = 2
2026-10-10 15:13:40,324 - QTvcp.QTVCP.WIDGETS.ORIGIN_OFFSETVIEW - DEBUG - >>> setData() value = -15.1451
2026-10-10 15:13:40,324 - QTvcp.QTVCP.WIDGETS.ORIGIN_OFFSETVIEW - DEBUG - >>> setData() qualified value = -15.1451
2026-10-10 15:13:40,324 - QTvcp.QTVCP.WIDGETS.ORIGIN_OFFSETVIEW - DEBUG - >>> setData() index.row = 4
2026-10-10 15:13:40,324 - QTvcp.QTVCP.WIDGETS.ORIGIN_OFFSETVIEW - DEBUG - >>> setData() index.column = 2
2026-10-10 15:13:40,325 - QTvcp.QTVCP.QT_ACTION - DEBUG - CALL_MDI Command: G10 L2 P1 z   -15.1451
2026-10-10 15:13:40,507 - QTvcp.QTVCP.WIDGETS.GCODE_GRAPHICS - DEBUG - reload the display: /home/callum/linuxcnc/configs/nc_files/FS bike/final frame accessories/bearing cups/op2 - on plate.ngc
2026-10-10 15:13:40,570 - QTvcp.QTVCP.WIDGETS.ORIGIN_OFFSETVIEW - DEBUG - message returned:{'NAME': 'CALCULATOR', 'ID': 'offset_table__', 'PRELOAD': -15.3953, 'TITLE': 'G54 Offset of Z, -15.3953', 'ITEM': <PyQt5.QtCore.QModelIndex object at 0x7f6dacb26dc0>, 'RETURN': None}
2026-10-10 15:13:40,570 - QTvcp.QTVCP.WIDGETS.TOOL_OFFSETVIEW - DEBUG - message returned:{'NAME': 'CALCULATOR', 'ID': 'offset_table__', 'PRELOAD': -15.3953, 'TITLE': 'G54 Offset of Z, -15.3953', 'ITEM': <PyQt5.QtCore.QModelIndex object at 0x7f6dacb26dc0>, 'RETURN': None}
2026-10-10 15:13:40,570 - QTvcp.QTVCP.WIDGETS.ORIGIN_OFFSETVIEW - DEBUG - message returned:{'NAME': 'CALCULATOR', 'ID': 'offset_table__', 'PRELOAD': -15.3953, 'TITLE': 'G54 Offset of Z, -15.3953', 'ITEM': <PyQt5.QtCore.QModelIndex object at 0x7f6dacb26dc0>, 'RETURN': None}
2026-10-10 15:13:40,570 - QTvcp.QTVCP.WIDGETS.ORIGIN_OFFSETVIEW - DEBUG - message sent:{'NAME': 'CALCULATOR', 'ID': 'offset_table__', 'PRELOAD': -15.3953, 'TITLE': 'G54 Offset of Z, -15.3953', 'ITEM': <PyQt5.QtCore.QModelIndex object at 0x7f6dacb26dc0>, 'RETURN': None}
2026-10-10 15:14:21,077 - QTvcp.QTVCP.WIDGETS.DIALOG_WIDGET - DEBUG - Button pressed is: &OK
2026-10-10 15:14:21,077 - QTvcp.QTVCP.WIDGETS.DIALOGMIXIN - DEBUG - Saving ToolChangeDialog-geometry data from widget  to file.
2026-10-10 15:14:21,078 - QTvcp.QTVCP.WIDGETS.DIALOG_WIDGET - DEBUG - Button pressed is: &OK
2026-10-10 15:14:21,078 - QTvcp.QTVCP.WIDGETS.DIALOGMIXIN - DEBUG - Saving ToolChangeDialog-geometry data from widget  to file.
2026-10-10 15:14:21,078 - QTvcp.QTVCP.WIDGETS.DIALOG_WIDGET - DEBUG - Button pressed is: &OK
2026-10-10 15:14:21,078 - QTvcp.QTVCP.WIDGETS.DIALOGMIXIN - DEBUG - Saving ToolChangeDialog-geometry data from widget  to file.
2026-10-10 15:14:21,078 - QTvcp.QTVCP.WIDGETS.DIALOG_WIDGET - DEBUG - Button pressed is: &OK
2026-10-10 15:14:21,079 - QTvcp.QTVCP.WIDGETS.DIALOGMIXIN - DEBUG - Saving ToolChangeDialog-geometry data from widget  to file.
2026-10-10 15:14:21,079 - QTvcp.QTVCP.WIDGETS.DIALOG_WIDGET - DEBUG - Button pressed is: &OK
2026-10-10 15:14:21,079 - QTvcp.QTVCP.WIDGETS.DIALOGMIXIN - DEBUG - Saving ToolChangeDialog-geometry data from widget  to file.
2026-10-10 15:14:21,079 - QTvcp.QTVCP.WIDGETS.DIALOG_WIDGET - DEBUG - Button pressed is: &OK
2026-10-10 15:14:21,079 - QTvcp.QTVCP.WIDGETS.DIALOGMIXIN - DEBUG - Saving ToolChangeDialog-geometry data from widget  to file.
2026-10-10 15:14:21,080 - QTvcp.QTVCP.WIDGETS.DIALOG_WIDGET - DEBUG - Button pressed is: &OK
2026-10-10 15:14:21,080 - QTvcp.QTVCP.WIDGETS.DIALOGMIXIN - DEBUG - Saving ToolChangeDialog-geometry data from widget  to file.
2026-10-10 15:14:21,080 - QTvcp.QTVCP.WIDGETS.DIALOG_WIDGET - DEBUG - Button pressed is: &OK
2026-10-10 15:14:21,080 - QTvcp.QTVCP.WIDGETS.DIALOGMIXIN - DEBUG - Saving ToolChangeDialog-geometry data from widget  to file.
2026-10-10 15:14:21,080 - QTvcp.QTVCP.WIDGETS.DIALOG_WIDGET - DEBUG - Button pressed is: &OK
2026-10-10 15:14:21,080 - QTvcp.QTVCP.WIDGETS.DIALOGMIXIN - DEBUG - Saving ToolChangeDialog-geometry data from widget  to file.
2026-10-10 15:14:21,081 - QTvcp.QTVCP.WIDGETS.DIALOG_WIDGET - DEBUG - Button pressed is: &OK
2026-10-10 15:14:21,081 - QTvcp.QTVCP.WIDGETS.DIALOGMIXIN - DEBUG - Saving ToolChangeDialog-geometry data from widget  to file.
2026-10-10 15:14:21,081 - QTvcp.QTVCP.WIDGETS.DIALOG_WIDGET - DEBUG - Button pressed is: &OK
2026-10-10 15:14:21,081 - QTvcp.QTVCP.WIDGETS.DIALOGMIXIN - DEBUG - Saving ToolChangeDialog-geometry data from widget  to file.
2026-10-10 15:14:21,081 - QTvcp.QTVCP.WIDGETS.DIALOG_WIDGET - DEBUG - Button pressed is: &OK
2026-10-10 15:14:21,082 - QTvcp.QTVCP.WIDGETS.DIALOGMIXIN - DEBUG - Saving ToolChangeDialog-geometry data from widget  to file.
2026-10-10 15:14:21,082 - QTvcp.QTVCP.WIDGETS.DIALOG_WIDGET - DEBUG - Button pressed is: &OK
2026-10-10 15:14:21,082 - QTvcp.QTVCP.WIDGETS.DIALOGMIXIN - DEBUG - Saving ToolChangeDialog-geometry data from widget  to file.
2026-10-10 15:14:21,082 - QTvcp.QTVCP.WIDGETS.DIALOG_WIDGET - DEBUG - Button pressed is: &OK
2026-10-10 15:14:21,082 - QTvcp.QTVCP.WIDGETS.DIALOGMIXIN - DEBUG - Saving ToolChangeDialog-geometry data from widget  to file.
2026-10-10 15:14:21,082 - QTvcp.QTVCP.WIDGETS.DIALOG_WIDGET - DEBUG - Button pressed is: &OK
2026-10-10 15:14:21,083 - QTvcp.QTVCP.WIDGETS.DIALOGMIXIN - DEBUG - Saving ToolChangeDialog-geometry data from widget  to file.
2026-10-10 15:14:21,083 - QTvcp.QTVCP.WIDGETS.DIALOG_WIDGET - DEBUG - Button pressed is: &OK
2026-10-10 15:14:21,083 - QTvcp.QTVCP.WIDGETS.DIALOGMIXIN - DEBUG - Saving ToolChangeDialog-geometry data from widget  to file.
2026-10-10 15:14:21,083 - QTvcp.QTVCP.WIDGETS.DIALOG_WIDGET - DEBUG - Button pressed is: &OK
2026-10-10 15:14:21,083 - QTvcp.QTVCP.WIDGETS.DIALOGMIXIN - DEBUG - Saving ToolChangeDialog-geometry data from widget  to file.
2026-10-10 15:14:21,084 - QTvcp.QTVCP.WIDGETS.DIALOG_WIDGET - DEBUG - Button pressed is: &OK
2026-10-10 15:14:21,084 - QTvcp.QTVCP.WIDGETS.DIALOGMIXIN - DEBUG - Saving ToolChangeDialog-geometry data from widget  to file.
2026-10-10 15:14:21,084 - QTvcp.QTVCP.WIDGETS.DIALOG_WIDGET - DEBUG - Button pressed is: &OK
2026-10-10 15:14:21,084 - QTvcp.QTVCP.WIDGETS.DIALOGMIXIN - DEBUG - Saving ToolChangeDialog-geometry data from widget  to file.
2026-10-10 15:14:21,084 - QTvcp.QTVCP.WIDGETS.DIALOG_WIDGET - DEBUG - Button pressed is: &OK
2026-10-10 15:14:21,084 - QTvcp.QTVCP.WIDGETS.DIALOGMIXIN - DEBUG - Saving ToolChangeDialog-geometry data from widget  to file.
2026-10-10 15:14:21,085 - QTvcp.QTVCP.WIDGETS.DIALOG_WIDGET - DEBUG - Button pressed is: &OK
2026-10-10 15:14:21,085 - QTvcp.QTVCP.WIDGETS.DIALOGMIXIN - DEBUG - Saving ToolChangeDialog-geometry data from widget  to file.
2026-10-10 15:14:21,085 - QTvcp.QTVCP.WIDGETS.DIALOG_WIDGET - DEBUG - Button pressed is: &OK
2026-10-10 15:14:21,085 - QTvcp.QTVCP.WIDGETS.DIALOGMIXIN - DEBUG - Saving ToolChangeDialog-geometry data from widget  to file.
2026-10-10 15:14:21,085 - QTvcp.QTVCP.WIDGETS.DIALOG_WIDGET - DEBUG - Button pressed is: &OK
2026-10-10 15:14:21,085 - QTvcp.QTVCP.WIDGETS.DIALOGMIXIN - DEBUG - Saving ToolChangeDialog-geometry data from widget  to file.
2026-10-10 15:14:21,086 - QTvcp.QTVCP.WIDGETS.DIALOG_WIDGET - DEBUG - Button pressed is: &OK
2026-10-10 15:14:21,086 - QTvcp.QTVCP.WIDGETS.DIALOGMIXIN - DEBUG - Saving ToolChangeDialog-geometry data from widget  to file.
2026-10-10 15:14:21,086 - QTvcp.QTVCP.WIDGETS.DIALOG_WIDGET - DEBUG - Button pressed is: &OK
2026-10-10 15:14:21,086 - QTvcp.QTVCP.WIDGETS.DIALOGMIXIN - DEBUG - Saving ToolChangeDialog-geometry data from widget  to file.
2026-10-10 15:14:21,086 - QTvcp.QTVCP.WIDGETS.DIALOG_WIDGET - DEBUG - Button pressed is: &OK
2026-10-10 15:14:21,087 - QTvcp.QTVCP.WIDGETS.DIALOGMIXIN - DEBUG - Saving ToolChangeDialog-geometry data from widget  to file.
2026-10-10 15:14:21,087 - QTvcp.QTVCP.WIDGETS.DIALOG_WIDGET - DEBUG - Button pressed is: &OK
2026-10-10 15:14:21,087 - QTvcp.QTVCP.WIDGETS.DIALOGMIXIN - DEBUG - Saving ToolChangeDialog-geometry data from widget  to file.
2026-10-10 15:14:21,087 - QTvcp.QTVCP.WIDGETS.DIALOG_WIDGET - DEBUG - Button pressed is: &OK
2026-10-10 15:14:21,087 - QTvcp.QTVCP.WIDGETS.DIALOGMIXIN - DEBUG - Saving ToolChangeDialog-geometry data from widget  to file.
2026-10-10 15:18:49,737 - QTvcp.QTVCP.WIDGETS.DIALOG_WIDGET - DEBUG - Button pressed is: &OK
2026-10-10 15:18:49,737 - QTvcp.QTVCP.WIDGETS.DIALOGMIXIN - DEBUG - Saving ToolChangeDialog-geometry data from widget  to file.
2026-10-10 15:18:49,738 - QTvcp.QTVCP.WIDGETS.DIALOG_WIDGET - DEBUG - Button pressed is: &OK
2026-10-10 15:18:49,738 - QTvcp.QTVCP.WIDGETS.DIALOGMIXIN - DEBUG - Saving ToolChangeDialog-geometry data from widget  to file.
2026-10-10 15:18:49,738 - QTvcp.QTVCP.WIDGETS.DIALOG_WIDGET - DEBUG - Button pressed is: &OK
2026-10-10 15:18:49,738 - QTvcp.QTVCP.WIDGETS.DIALOGMIXIN - DEBUG - Saving ToolChangeDialog-geometry data from widget  to file.
2026-10-10 15:18:49,738 - QTvcp.QTVCP.WIDGETS.DIALOG_WIDGET - DEBUG - Button pressed is: &OK
2026-10-10 15:18:49,739 - QTvcp.QTVCP.WIDGETS.DIALOGMIXIN - DEBUG - Saving ToolChangeDialog-geometry data from widget  to file.
2026-10-10 15:18:49,739 - QTvcp.QTVCP.WIDGETS.DIALOG_WIDGET - DEBUG - Button pressed is: &OK
2026-10-10 15:18:49,739 - QTvcp.QTVCP.WIDGETS.DIALOGMIXIN - DEBUG - Saving ToolChangeDialog-geometry data from widget  to file.
2026-10-10 15:18:49,739 - QTvcp.QTVCP.WIDGETS.DIALOG_WIDGET - DEBUG - Button pressed is: &OK
2026-10-10 15:18:49,739 - QTvcp.QTVCP.WIDGETS.DIALOGMIXIN - DEBUG - Saving ToolChangeDialog-geometry data from widget  to file.
2026-10-10 15:18:49,740 - QTvcp.QTVCP.WIDGETS.DIALOG_WIDGET - DEBUG - Button pressed is: &OK
2026-10-10 15:18:49,740 - QTvcp.QTVCP.WIDGETS.DIALOGMIXIN - DEBUG - Saving ToolChangeDialog-geometry data from widget  to file.
2026-10-10 15:18:49,740 - QTvcp.QTVCP.WIDGETS.DIALOG_WIDGET - DEBUG - Button pressed is: &OK
2026-10-10 15:18:49,740 - QTvcp.QTVCP.WIDGETS.DIALOGMIXIN - DEBUG - Saving ToolChangeDialog-geometry data from widget  to file.
2026-10-10 15:18:49,740 - QTvcp.QTVCP.WIDGETS.DIALOG_WIDGET - DEBUG - Button pressed is: &OK
2026-10-10 15:18:49,741 - QTvcp.QTVCP.WIDGETS.DIALOGMIXIN - DEBUG - Saving ToolChangeDialog-geometry data from widget  to file.
2026-10-10 15:18:49,741 - QTvcp.QTVCP.WIDGETS.DIALOG_WIDGET - DEBUG - Button pressed is: &OK
2026-10-10 15:18:49,741 - QTvcp.QTVCP.WIDGETS.DIALOGMIXIN - DEBUG - Saving ToolChangeDialog-geometry data from widget  to file.
2026-10-10 15:18:49,741 - QTvcp.QTVCP.WIDGETS.DIALOG_WIDGET - DEBUG - Button pressed is: &OK
2026-10-10 15:18:49,741 - QTvcp.QTVCP.WIDGETS.DIALOGMIXIN - DEBUG - Saving ToolChangeDialog-geometry data from widget  to file.
2026-10-10 15:18:49,742 - QTvcp.QTVCP.WIDGETS.DIALOG_WIDGET - DEBUG - Button pressed is: &OK
2026-10-10 15:18:49,742 - QTvcp.QTVCP.WIDGETS.DIALOGMIXIN - DEBUG - Saving ToolChangeDialog-geometry data from widget  to file.
2026-10-10 15:18:49,742 - QTvcp.QTVCP.WIDGETS.DIALOG_WIDGET - DEBUG - Button pressed is: &OK
2026-10-10 15:18:49,742 - QTvcp.QTVCP.WIDGETS.DIALOGMIXIN - DEBUG - Saving ToolChangeDialog-geometry data from widget  to file.
2026-10-10 15:18:49,742 - QTvcp.QTVCP.WIDGETS.DIALOG_WIDGET - DEBUG - Button pressed is: &OK
2026-10-10 15:18:49,743 - QTvcp.QTVCP.WIDGETS.DIALOGMIXIN - DEBUG - Saving ToolChangeDialog-geometry data from widget  to file.
2026-10-10 15:18:49,743 - QTvcp.QTVCP.WIDGETS.DIALOG_WIDGET - DEBUG - Button pressed is: &OK
2026-10-10 15:18:49,743 - QTvcp.QTVCP.WIDGETS.DIALOGMIXIN - DEBUG - Saving ToolChangeDialog-geometry data from widget  to file.
2026-10-10 15:18:49,743 - QTvcp.QTVCP.WIDGETS.DIALOG_WIDGET - DEBUG - Button pressed is: &OK
2026-10-10 15:18:49,743 - QTvcp.QTVCP.WIDGETS.DIALOGMIXIN - DEBUG - Saving ToolChangeDialog-geometry data from widget  to file.
2026-10-10 15:18:49,744 - QTvcp.QTVCP.WIDGETS.DIALOG_WIDGET - DEBUG - Button pressed is: &OK
2026-10-10 15:18:49,744 - QTvcp.QTVCP.WIDGETS.DIALOGMIXIN - DEBUG - Saving ToolChangeDialog-geometry data from widget  to file.
2026-10-10 15:18:49,744 - QTvcp.QTVCP.WIDGETS.DIALOG_WIDGET - DEBUG - Button pressed is: &OK
2026-10-10 15:18:49,744 - QTvcp.QTVCP.WIDGETS.DIALOGMIXIN - DEBUG - Saving ToolChangeDialog-geometry data from widget  to file.
2026-10-10 15:18:49,744 - QTvcp.QTVCP.WIDGETS.DIALOG_WIDGET - DEBUG - Button pressed is: &OK
2026-10-10 15:18:49,745 - QTvcp.QTVCP.WIDGETS.DIALOGMIXIN - DEBUG - Saving ToolChangeDialog-geometry data from widget  to file.
2026-10-10 15:18:49,745 - QTvcp.QTVCP.WIDGETS.DIALOG_WIDGET - DEBUG - Button pressed is: &OK
2026-10-10 15:18:49,745 - QTvcp.QTVCP.WIDGETS.DIALOGMIXIN - DEBUG - Saving ToolChangeDialog-geometry data from widget  to file.
2026-10-10 15:18:49,745 - QTvcp.QTVCP.WIDGETS.DIALOG_WIDGET - DEBUG - Button pressed is: &OK
2026-10-10 15:18:49,745 - QTvcp.QTVCP.WIDGETS.DIALOGMIXIN - DEBUG - Saving ToolChangeDialog-geometry data from widget  to file.
2026-10-10 15:18:49,746 - QTvcp.QTVCP.WIDGETS.DIALOG_WIDGET - DEBUG - Button pressed is: &OK
2026-10-10 15:18:49,746 - QTvcp.QTVCP.WIDGETS.DIALOGMIXIN - DEBUG - Saving ToolChangeDialog-geometry data from widget  to file.
2026-10-10 15:18:49,746 - QTvcp.QTVCP.WIDGETS.DIALOG_WIDGET - DEBUG - Button pressed is: &OK
2026-10-10 15:18:49,746 - QTvcp.QTVCP.WIDGETS.DIALOGMIXIN - DEBUG - Saving ToolChangeDialog-geometry data from widget  to file.
2026-10-10 15:18:49,746 - QTvcp.QTVCP.WIDGETS.DIALOG_WIDGET - DEBUG - Button pressed is: &OK
2026-10-10 15:18:49,746 - QTvcp.QTVCP.WIDGETS.DIALOGMIXIN - DEBUG - Saving ToolChangeDialog-geometry data from widget  to file.
2026-10-10 15:18:49,747 - QTvcp.QTVCP.WIDGETS.DIALOG_WIDGET - DEBUG - Button pressed is: &OK
2026-10-10 15:18:49,747 - QTvcp.QTVCP.WIDGETS.DIALOGMIXIN - DEBUG - Saving ToolChangeDialog-geometry data from widget  to file.
2026-10-10 15:18:49,747 - QTvcp.QTVCP.WIDGETS.DIALOG_WIDGET - DEBUG - Button pressed is: &OK
2026-10-10 15:18:49,747 - QTvcp.QTVCP.WIDGETS.DIALOGMIXIN - DEBUG - Saving ToolChangeDialog-geometry data from widget  to file.
2026-10-10 15:18:49,747 - QTvcp.QTVCP.WIDGETS.DIALOG_WIDGET - DEBUG - Button pressed is: &OK
2026-10-10 15:18:49,748 - QTvcp.QTVCP.WIDGETS.DIALOGMIXIN - DEBUG - Saving ToolChangeDialog-geometry data from widget  to file.
2026-10-10 15:18:49,748 - QTvcp.QTVCP.WIDGETS.DIALOG_WIDGET - DEBUG - Button pressed is: &OK
2026-10-10 15:18:49,748 - QTvcp.QTVCP.WIDGETS.DIALOGMIXIN - DEBUG - Saving ToolChangeDialog-geometry data from widget  to file.
2026-10-10 15:18:49,748 - QTvcp.QTVCP.WIDGETS.DIALOG_WIDGET - DEBUG - Button pressed is: &OK
2026-10-10 15:18:49,748 - QTvcp.QTVCP.WIDGETS.DIALOGMIXIN - DEBUG - Saving ToolChangeDialog-geometry data from widget  to file.
2026-10-10 15:19:30,136 - QTvcp.QTVCP.WIDGETS.GCODE_EDITOR - DEBUG - editor: got external highlight 0
2026-10-10 15:19:30,136 - QTvcp.QTVCP.WIDGETS.GCODE_EDITOR - DEBUG - editor: got external highlight 0
