%
(OP1 - 3,01X1,24X0,25)
(MACHINE)
(  VENDOR CALLUM)
(  MODEL MILL R1)
(  DESCRIPTION 14X8X14 MILL)
(T12 D=0.2362 CR=0. TAPER=45DEG - ZMIN=-0.12 - CHAMFER MILL)
(T32 D=0.1875 CR=0. - ZMIN=-0.22 - FLAT END MILL)
G90 G94 G17 G91.1
G20
G53 G0 Z-0.6
(SCALLOP1)
T32 M6
T12
S7500 M3
G17 G90 G94
G54
G64 P0.0004 Q0.0004
M8
G0 X-0.181 Y-1.0243
G43 Z0.6 H32
G0 Z-0.0013
G1 X-0.1811 Y-1.024 Z-0.0045 F40.
X-0.1812 Y-1.0232 Z-0.0077
X-0.1814 Y-1.0218 Z-0.0106
X-0.1816 Y-1.02 Z-0.0133
X-0.1819 Y-1.0177 Z-0.0156
X-0.1823 Y-1.015 Z-0.0175
X-0.1826 Y-1.0121 Z-0.0189
X-0.183 Y-1.0089 Z-0.0197
X-0.1835 Y-1.0057 Z-0.02
X-0.1853 Y-0.9918
X-0.186 Y-0.9841
X-0.1888 Y-0.9222
X-0.1881 Y-0.2883
G2 X-0.1808 Y-0.2187 I0.4638 J-0.014
G1 X-0.168 Y-0.1641
G2 X-0.1118 Y-0.0409 I0.5036 J-0.1554
G1 X-0.0829 Y-0.0007
X-0.0783 Y0.0054
X-0.0436 Y0.0441
X-0.0288 Y0.0579
X-0.0187 Y0.0673
X0.0176 Y0.0958
X0.0209 Y0.0982
X0.0717 Y0.1299
X0.1026 Y0.145
X0.1104 Y0.148
X0.1645 Y0.1679
G2 X0.2418 Y0.184 I0.1172 J-0.3687
G1 X0.2882 Y0.1882
X0.296 Y0.1884
X2.7163
X2.724 Y0.1883
X2.7858 Y0.1824
G2 X2.8477 Y0.1681 I-0.0778 J-0.4747
G1 X2.9018 Y0.1482
X2.9096 Y0.1453
X2.9405 Y0.1302
X2.9919 Y0.0982
X2.9946 Y0.0962
X3.0314 Y0.0673
X3.0488 Y0.0512
X3.0565 Y0.0439
X3.091 Y0.0054
X3.0952 Y0.
X3.1245 Y-0.041
G2 X3.195 Y-0.2265 I-0.4189 J-0.2653
G1 X3.2004 Y-0.2806
X3.201 Y-0.2883
Y-0.9531
X3.2004 Y-0.9609
X3.1949 Y-1.015
G2 X3.1537 Y-1.1464 I-0.4683 J0.0747
X3.1242 Y-1.2005 I-0.3969 J0.1811
G1 X3.0952 Y-1.2412
X3.0907 Y-1.2469
X3.056 Y-1.2856
X3.0333 Y-1.3066
X3.031 Y-1.3087
X2.9946 Y-1.3373
X2.9913 Y-1.3397
X2.9417 Y-1.3706
X2.9405 Y-1.3713
X2.9096 Y-1.3861
X2.8941 Y-1.392
X2.8477 Y-1.4093
X2.84 Y-1.4115
X2.8168 Y-1.4175
X2.7549 Y-1.4273
X2.7472 Y-1.4277
X2.6931 Y-1.4298
X2.6853
X0.296 Y-1.4292
X0.2882
X0.265 Y-1.4278
X0.2573 Y-1.4272
X0.2032 Y-1.4187
X0.1954 Y-1.4174
X0.1722 Y-1.4114
X0.1645 Y-1.4091
X0.1104 Y-1.3889
X0.1026 Y-1.3859
X0.0717 Y-1.371
X0.0215 Y-1.3397
X0.0176 Y-1.3369
X-0.0182 Y-1.3087
X-0.0365 Y-1.2918
X-0.0433 Y-1.2856
X-0.0779 Y-1.2469
X-0.0829 Y-1.2404
X-0.1115 Y-1.2005
G2 X-0.1681 Y-1.0768 I0.4369 J0.2746
G1 X-0.1806 Y-1.0227
X-0.1822 Y-1.015
X-0.1835 Y-1.0057
G2 X-0.1698 Y-0.9238 I0.1606 J0.0152
X-0.1453 Y-0.8722 I0.3291 J-0.1239
G3 X-0.1019 Y-0.786 I-0.6616 J0.3878
X-0.0884 Y-0.7211 I-0.1846 J0.0723
G1 X-0.0882 Y-0.2961
G2 X-0.0833 Y-0.242 I0.3681 J-0.0055
G1 X-0.0726 Y-0.1956
G2 X-0.0275 Y-0.0951 I0.3782 J-0.1095
G1 X-0.0054 Y-0.0642
X0.0006 Y-0.0564
X0.0284 Y-0.0255
G2 X0.0795 Y0.0169 I0.2802 J-0.286
G1 X0.1181 Y0.041
X0.1238 Y0.0441
X0.1413 Y0.0526
X0.149 Y0.0557
X0.1954 Y0.0727
G2 X0.2418 Y0.0834 I0.099 J-0.3232
G1 X0.2882 Y0.0878
X0.296 Y0.0884
X2.7163
X2.724 Y0.0878
X2.7704 Y0.0835
G2 X2.8168 Y0.0729 I-0.0501 J-0.3262
G1 X2.8632 Y0.0559
X2.8709 Y0.0529
X2.889 Y0.0441
X2.8941 Y0.0413
X2.9328 Y0.0172
G2 X2.9844 Y-0.0255 I-0.2256 J-0.3253
G1 X2.9946 Y-0.0369
X3.0122 Y-0.0564
X3.0181 Y-0.0642
X3.041 Y-0.0962
G2 X3.0961 Y-0.2419 I-0.3369 J-0.2107
G1 X3.1007 Y-0.2883
X3.101 Y-0.2961
Y-0.9454
X3.1007 Y-0.9531
X3.096 Y-0.9995
G2 X3.0409 Y-1.1449 I-0.387 J0.0635
G1 X3.0178 Y-1.1774
X3.0118 Y-1.1851
X2.9869 Y-1.2129
G2 X2.9328 Y-1.2583 I-0.2614 J0.2565
G1 X2.8941 Y-1.2824
X2.888 Y-1.2856
X2.8709 Y-1.2938
X2.8632 Y-1.2968
X2.8168 Y-1.3141
X2.8083 Y-1.3165
X2.8013 Y-1.3183
X2.7936 Y-1.32
X2.7472 Y-1.3273
X2.7395 Y-1.3279
X2.6931 Y-1.3297
X2.6853 Y-1.3298
X0.296 Y-1.3292
X0.2882 Y-1.329
X0.2728 Y-1.3281
X0.265 Y-1.3272
X0.2186 Y-1.3199
X0.2109 Y-1.3181
X0.2032 Y-1.3161
X0.1954 Y-1.3139
X0.149 Y-1.2966
X0.1408 Y-1.2933
X0.1248 Y-1.2856
X0.1181 Y-1.2821
X0.0794 Y-1.258
G2 X0.001 Y-1.185 I0.215 J0.3097
G1 X-0.0056 Y-1.1766
X-0.0273 Y-1.1464
G2 X-0.0727 Y-1.046 I0.3459 J0.2171
G1 X-0.0833 Y-0.9995
X-0.0844 Y-0.9918
X-0.0854 Y-0.9841
X-0.0863 Y-0.9763
X-0.0887 Y-0.9222
Y-0.9068
X-0.0886 Y-0.7211
G2 X-0.0666 Y-0.6351 I0.2034 J-0.0061
X-0.0224 Y-0.5504 I0.924 J-0.4285
G3 X0.0093 Y-0.4664 I-0.2869 J0.1564
X0.0118 Y-0.4384 I-0.2355 J0.0344
G1 Y-0.2961
G2 X0.0156 Y-0.2574 I0.2518 J-0.0052
G1 X0.0247 Y-0.2188
G2 X0.095 Y-0.1011 I0.2788 J-0.0867
X0.1385 Y-0.0641 I0.1783 J-0.1662
G1 X0.1645 Y-0.0479
X0.1722 Y-0.0436
X0.18 Y-0.0398
X0.1877 Y-0.0366
X0.2264 Y-0.0225
G2 X0.2573 Y-0.0156 I0.0635 J-0.212
G1 X0.296 Y-0.0119
X0.3037 Y-0.0116
X2.7085
X2.7163 Y-0.0119
X2.7549 Y-0.0155
G2 X2.7858 Y-0.0223 I-0.0305 J-0.2124
G1 X2.8245 Y-0.0364
X2.8322 Y-0.0395
X2.84 Y-0.0433
X2.8477 Y-0.0476
X2.8742 Y-0.0642
G2 X2.9394 Y-0.126 I-0.1525 J-0.2259
X2.9972 Y-0.2574 I-0.2245 J-0.1771
G1 X3.0002 Y-0.2883
X3.0009 Y-0.2961
X3.001 Y-0.3115
Y-0.9377
X3.0009 Y-0.9454
X2.997 Y-0.9841
G2 X2.9327 Y-1.1234 I-0.2824 J0.0458
X2.871 Y-1.1791 I-0.2022 J0.1621
G1 X2.8477 Y-1.1935
X2.84 Y-1.1977
X2.8322 Y-1.2014
X2.8245 Y-1.2045
X2.7858 Y-1.2189
X2.7781 Y-1.221
X2.7704 Y-1.2224
X2.7395 Y-1.2273
X2.7317 Y-1.2281
X2.6931 Y-1.2296
X2.6853 Y-1.2298
X2.4688
X0.3037 Y-1.2292
G2 X0.2573 Y-1.2248 I-0.0032 J0.2093
G1 X0.2418 Y-1.2223
X0.2341 Y-1.2208
X0.2264 Y-1.2187
X0.1877 Y-1.2043
X0.18 Y-1.2011
G2 X0.1008 Y-1.1464 I0.1356 J0.2809
X0.0477 Y-1.0769 I0.2399 J0.2382
X0.0246 Y-1.0228 I0.3487 J0.1805
G1 X0.0158 Y-0.9841
X0.0144 Y-0.9763
X0.0135 Y-0.9686
X0.0114 Y-0.9222
X0.0113 Y-0.9145
X0.0117 Y-0.4384
G2 X0.0398 Y-0.3353 I0.224 J-0.0056
X0.1055 Y-0.2403 I0.4039 J-0.2093
G1 X0.118 Y-0.2253
X0.1342 Y-0.2069
X0.1604 Y-0.1778
G2 X0.1954 Y-0.1465 I0.1225 J-0.1018
G1 X0.2159 Y-0.1337
X0.2186 Y-0.1322
X0.2264 Y-0.129
X0.2556 Y-0.1183
X0.2573 Y-0.1177
G2 X0.3192 Y-0.1116 I0.0554 J-0.2467
G1 X2.7008
G2 X2.755 Y-0.1174 I-0.0004 J-0.262
G1 X2.7572 Y-0.1183
X2.7858 Y-0.1288
X2.7936 Y-0.1319
G2 X2.8404 Y-0.1646 I-0.1116 J-0.2094
X2.8953 Y-0.2574 I-0.1403 J-0.1457
X2.901 Y-0.3038 I-0.2499 J-0.0544
G1 Y-0.9377
G2 X2.8951 Y-0.9841 I-0.2518 J0.0082
X2.7859 Y-1.1124 I-0.1897 J0.0508
G1 X2.7563 Y-1.1232
X2.7549 Y-1.1236
X2.7317 Y-1.1273
X2.724 Y-1.1284
X2.6853 Y-1.1298
X2.6699
X0.3037 Y-1.1293
G2 X0.2564 Y-1.1232 I0.0076 J0.2456
G1 X0.2264 Y-1.112
G2 X0.1201 Y-0.9918 I0.0782 J0.1762
G1 X0.1148 Y-0.9686
X0.1133 Y-0.9609
X0.1115 Y-0.9222
X0.1113 Y-0.9145
X0.1116 Y-0.5666
X0.1118 Y-0.3038
G2 X0.1147 Y-0.2729 I0.1331 J0.0032
X0.1363 Y-0.2111 I0.1902 J-0.0319
X0.1603 Y-0.1778 I0.174 J-0.1003
X0.2195 Y-0.1547 I0.0571 J-0.0591
X0.3019 Y-0.1688 I0.0077 J-0.2028
X0.3716 Y-0.1942 I-0.8213 J-2.3652
G3 X0.4584 Y-0.2119 I0.0993 J0.2648
G1 X2.7008 Y-0.2116
X2.7085 Y-0.212
X2.724 Y-0.2135
G2 X2.7703 Y-0.2364 I-0.0193 J-0.0974
X2.7995 Y-0.2883 I-0.0649 J-0.0705
G1 X2.8007 Y-0.3038
X2.801 Y-0.3115
Y-0.93
X2.8007 Y-0.9377
G2 X2.724 Y-1.0272 I-0.0926 J0.0017
X2.6776 Y-1.0298 I-0.0395 J0.2872
G1 X0.3114 Y-1.0293
G2 X0.2254 Y-0.9841 I-0.0041 J0.0967
X0.2127 Y-0.9454 I0.0811 J0.048
G1 X0.2116 Y-0.9222
X0.2113 Y-0.9145
Y-0.899
X0.2118 Y-0.3038
G2 X0.2495 Y-0.2306 I0.0945 J-0.0024
X0.2882 Y-0.2134 I0.0607 J-0.0847
G1 X0.3037 Y-0.2121
X0.3114 Y-0.2116
X0.4584
G2 X0.5445 Y-0.2335 I-0.0061 J-0.2037
X0.6292 Y-0.2777 I-0.4288 J-0.9269
G3 X0.7132 Y-0.3093 I0.1561 J0.2872
X0.7413 Y-0.3117 I0.0342 J0.2356
G1 X2.6931 Y-0.3116
X2.7008 Y-0.3118
X2.701 Y-0.3193
Y-0.9222
X2.7008 Y-0.9291
X2.6853 Y-0.9297
X2.6776 Y-0.9298
X1.6337 Y-0.9296
X0.3131 Y-0.9293
X0.312 Y-0.9286
X0.3114 Y-0.9145
X0.3113 Y-0.9068
X0.3118 Y-0.3131
X0.3124 Y-0.3118
X0.3153 Y-0.3116
X0.7413
G2 X0.8273 Y-0.3335 I-0.0061 J-0.2037
X0.9121 Y-0.3777 I-0.4288 J-0.9269
G3 X0.9961 Y-0.4093 I0.1561 J0.2872
X1.0241 Y-0.4117 I0.0342 J0.2356
G1 X2.6003 Y-0.4116
X2.601 Y-0.412
Y-0.8295
X2.6003 Y-0.8299
X0.4119 Y-0.8293
X0.4113 Y-0.8291
X0.4117 Y-0.412
X0.4119 Y-0.4116
X1.0241
G2 X1.1102 Y-0.4335 I-0.0061 J-0.2037
X1.1949 Y-0.4777 I-0.4288 J-0.9269
G3 X1.2789 Y-0.5093 I0.1561 J0.2872
X1.307 Y-0.5117 I0.0342 J0.2356
G1 X2.5004 Y-0.5116
X2.501 Y-0.5125
Y-0.729
X2.5004 Y-0.7298
X0.5125 Y-0.7293
X0.5114 Y-0.729
X0.5116 Y-0.5121
X0.5125 Y-0.5116
X1.307
G2 X1.393 Y-0.5335 I-0.0061 J-0.2037
X1.4777 Y-0.5777 I-0.4288 J-0.9269
G3 X1.5618 Y-0.6093 I0.1561 J0.2872
X1.5898 Y-0.6117 I0.0342 J0.2356
G1 X2.4001 Y-0.6116
X2.401 Y-0.612
Y-0.6294
X2.4001 Y-0.6298
X2.1286 Y-0.6297
X0.6121 Y-0.6294
X0.6115 Y-0.6285
Y-0.613
X0.6121 Y-0.6116
X1.5898
G18 G2 X1.6086 Z-0.0013 I0. K0.0188
G0 Z0.6
G17
(2D ADAPTIVE1)
G64 P0.004 Q0.004
G0 X-0.166 Y-1.3827
Z0.6
Z0.2
Z-0.1825
G1 Z-0.2013 F40.
X-0.1657 Y-1.3826 Z-0.2045
X-0.165 Y-1.3822 Z-0.2077
X-0.1638 Y-1.3815 Z-0.2106
X-0.1622 Y-1.3805 Z-0.2133
X-0.1602 Y-1.3793 Z-0.2156
X-0.1579 Y-1.378 Z-0.2175
X-0.1553 Y-1.3765 Z-0.2189
X-0.1526 Y-1.3748 Z-0.2197
X-0.1498 Y-1.3732 Z-0.22
G3 X-0.0673 Y-1.3114 I-0.2439 J0.4119
G1 X-0.0644 Y-1.3085
X-0.0641 Y-1.2755
X-0.0639 Y-1.2426
X-0.0638 Y-1.1767
Y-1.0274
X-0.0639 Y-1.0228
X-0.0643 Y-1.0182
X-0.0651 Y-1.0136
X-0.0658 Y-1.0095
X-0.0669 Y-1.0021
X-0.072 Y-0.9572
X-0.0726 Y-0.9497
X-0.0735 Y-0.9347
X-0.0738 Y-0.9273
Y-0.3138
X-0.0735 Y-0.3064
X-0.0726 Y-0.2914
X-0.072 Y-0.2839
X-0.0703 Y-0.269
X-0.0682 Y-0.2361
X-0.066 Y-0.2032
X-0.0649 Y-0.1703
X-0.0644 Y-0.1374
X-0.0641 Y-0.1044
X-0.0639 Y-0.0715
Y-0.055
X-0.0607 Y-0.0389
X-0.048 Y-0.0085
X-0.026 Y0.016
X0.0016 Y0.0339
X0.0323 Y0.0461
X0.0643 Y0.0537
X0.0969 Y0.0582
X0.1298 Y0.0608
X0.1627 Y0.0622
X0.1956 Y0.0629
X0.2122 Y0.0631
X0.2161 Y0.0633
X0.22 Y0.0637
X0.2238 Y0.0643
X0.2388 Y0.0668
X0.2462 Y0.0677
X0.2836 Y0.0719
X0.2911 Y0.0727
X0.3135 Y0.0738
X2.6992
X2.7217 Y0.0727
X2.7291 Y0.0719
X2.7441 Y0.0702
X2.777 Y0.0682
X2.8098 Y0.066
X2.8427 Y0.0649
X2.8757 Y0.0643
X2.9086 Y0.0641
X2.9415 Y0.0639
X2.958
X2.9742 Y0.0606
X3.0045 Y0.0478
X3.0289 Y0.0257
X3.0468 Y-0.0019
X3.0589 Y-0.0325
X3.0665 Y-0.0646
X3.071 Y-0.0972
X3.0736 Y-0.1301
X3.0749 Y-0.163
X3.0757 Y-0.1959
X3.0759 Y-0.2111
X3.076 Y-0.2155
X3.0765 Y-0.2198
X3.0772 Y-0.2241
X3.0786 Y-0.2316
X3.0797 Y-0.239
X3.0847 Y-0.2839
X3.0853 Y-0.2914
X3.0862 Y-0.3064
X3.0865 Y-0.3138
Y-0.9273
X3.0862 Y-0.9347
X3.0853 Y-0.9497
X3.0847 Y-0.9572
X3.083 Y-0.9721
X3.081 Y-1.005
X3.0788 Y-1.0379
X3.0777 Y-1.0708
X3.0771 Y-1.1037
X3.0768 Y-1.1367
X3.0767 Y-1.1696
X3.0766 Y-1.1861
X3.0734 Y-1.2022
X3.0607 Y-1.2326
X3.0387 Y-1.2571
X3.0111 Y-1.275
X2.9805 Y-1.2872
X2.9485 Y-1.2948
X2.9158 Y-1.2993
X2.883 Y-1.3019
X2.8501 Y-1.3033
X2.8172 Y-1.304
X2.8006 Y-1.3042
X2.7967 Y-1.3044
X2.7928 Y-1.3048
X2.789 Y-1.3054
X2.774 Y-1.3079
X2.7665 Y-1.3088
X2.7291 Y-1.313
X2.7217 Y-1.3138
X2.6992 Y-1.3149
X0.3135
X0.2911 Y-1.3138
X0.2836 Y-1.313
X0.2687 Y-1.3113
X0.2358 Y-1.3093
X0.2029 Y-1.3071
X0.17 Y-1.306
X0.1371 Y-1.3054
X0.1041 Y-1.3052
X0.0877 Y-1.3051
X0.0714 Y-1.3025
X0.0406 Y-1.2908
X0.0156 Y-1.2693
X-0.0028 Y-1.242
X-0.0153 Y-1.2116
X-0.0233 Y-1.1796
X-0.028 Y-1.147
X-0.0299 Y-1.123
X-0.0314 Y-1.1136
X-0.034 Y-1.1046
X-0.038 Y-1.096
X-0.0424 Y-1.0843
X-0.0555 Y-1.0469
X-0.0605 Y-1.032
X-0.063 Y-1.0245
X-0.0651 Y-1.0136
G3 X-0.0889 Y-0.9999 I-0.0183 J-0.0042
G1 X-0.092 Y-1.0008 Z-0.2197
X-0.095 Y-1.0018 Z-0.2189
X-0.0979 Y-1.0026 Z-0.2175
X-0.1004 Y-1.0034 Z-0.2156
X-0.1026 Y-1.0041 Z-0.2133
X-0.1044 Y-1.0047 Z-0.2106
X-0.1057 Y-1.0051 Z-0.2077
X-0.1065 Y-1.0053 Z-0.2045
X-0.1068 Y-1.0054 Z-0.2013
G0 Z0.2
X0.3121 Y-1.3347
Z-0.1825
G1 Z-0.2013 F40.
X0.3119 Y-1.3345 Z-0.2045
X0.3112 Y-1.334 Z-0.2077
X0.3101 Y-1.3331 Z-0.2106
X0.3086 Y-1.332 Z-0.2133
X0.3068 Y-1.3306 Z-0.2156
X0.3046 Y-1.329 Z-0.2175
X0.3023 Y-1.3272 Z-0.2189
X0.2998 Y-1.3253 Z-0.2197
X0.2972 Y-1.3233 Z-0.22
G3 X0.2687 Y-1.3113 I-0.0376 J-0.0497
G1 X0.2457 Y-1.3088
X0.2388 Y-1.3079
X0.2238 Y-1.3054
X0.2163 Y-1.3039
X0.1939 Y-1.2965
X0.1864 Y-1.2939
X0.1734 Y-1.29
X0.164 Y-1.2877
X0.1317 Y-1.2811
X0.1 Y-1.2722
X0.0718 Y-1.2552
X0.0486 Y-1.2318
X0.031 Y-1.204
X0.0301 Y-1.2018
X0.026 Y-1.1935
X0.0209 Y-1.1858
X0.0149 Y-1.1787
G3 X-0.0126 Y-1.1803 I-0.013 J-0.0135
X-0.0085 Y-1.2078 I0.0145 J-0.0119 F110.
G1 X0.1692 Y-1.3269
G3 X0.1965 Y-1.3195 I0.0104 J0.0156
X0.1864 Y-1.2939 I-0.0169 J0.0082 F40.
G1 X0.164 Y-1.286
X0.149 Y-1.2806
X0.145 Y-1.2788
X0.1266 Y-1.2687
X0.1184 Y-1.2639
X0.0817 Y-1.2408
X0.0742 Y-1.2358
X0.0667 Y-1.2299
X0.0627 Y-1.2265
X0.0518 Y-1.2157
X0.0219 Y-1.1858
X0.0177 Y-1.1816
X0.0144 Y-1.1782
X0.0069 Y-1.1691
X0.005 Y-1.1666
X-0.0093 Y-1.1442
X-0.0234 Y-1.1217
X-0.0277 Y-1.1143
X-0.0362 Y-1.0993
X-0.038 Y-1.096
G3 X-0.0649 Y-1.0902 I-0.0161 J-0.0095
G1 X-0.0675 Y-1.0921 Z-0.2197
X-0.0701 Y-1.0939 Z-0.2189
X-0.0725 Y-1.0956 Z-0.2175
X-0.0747 Y-1.0971 Z-0.2156
X-0.0766 Y-1.0985 Z-0.2133
X-0.0782 Y-1.0995 Z-0.2106
X-0.0793 Y-1.1003 Z-0.2077
X-0.08 Y-1.1008 Z-0.2045
X-0.0802 Y-1.101 Z-0.2013
G0 Z0.2
X-0.0936 Y-0.3124
Z-0.1825
G1 Z-0.2013 F40.
X-0.0934 Y-0.3122 Z-0.2045
X-0.0929 Y-0.3115 Z-0.2077
X-0.0921 Y-0.3104 Z-0.2106
X-0.0909 Y-0.3089 Z-0.2133
X-0.0895 Y-0.3071 Z-0.2156
X-0.0879 Y-0.3049 Z-0.2175
X-0.0861 Y-0.3026 Z-0.2189
X-0.0842 Y-0.3001 Z-0.2197
X-0.0823 Y-0.2975 Z-0.22
G3 X-0.0703 Y-0.269 I-0.0497 J0.0376
G1 X-0.0669 Y-0.239
X-0.0658 Y-0.2316
X-0.063 Y-0.2166
X-0.0604 Y-0.2087
X-0.0555 Y-0.1942
X-0.0529 Y-0.1868
X-0.0489 Y-0.1734
X-0.0466 Y-0.1639
X-0.0441 Y-0.1518
X-0.0415 Y-0.1356
X-0.0377 Y-0.1029
X-0.0295 Y-0.071
X-0.0129 Y-0.0425
X0.0103 Y-0.0192
X0.038 Y-0.0014
X0.0684 Y0.0114
X0.1002 Y0.02
X0.1061 Y0.021
X0.1141 Y0.0229
X0.1218 Y0.0255
X0.1292 Y0.0291
G3 X0.1349 Y0.056 I-0.0096 J0.0161
G1 X0.133 Y0.0587 Z-0.2197
X0.1312 Y0.0612 Z-0.2189
X0.1295 Y0.0637 Z-0.2175
X0.1279 Y0.0658 Z-0.2156
X0.1266 Y0.0677 Z-0.2133
X0.1255 Y0.0693 Z-0.2106
X0.1247 Y0.0704 Z-0.2077
X0.1242 Y0.0711 Z-0.2045
X0.1241 Y0.0713 Z-0.2013
G0 Z0.2
X-0.0853 Y-0.224
Z-0.1825
G1 Z-0.2013 F40.
X-0.0851 Y-0.2238 Z-0.2045
X-0.0844 Y-0.2233 Z-0.2077
X-0.0834 Y-0.2224 Z-0.2106
X-0.0819 Y-0.2212 Z-0.2133
X-0.0802 Y-0.2197 Z-0.2156
X-0.0781 Y-0.218 Z-0.2175
X-0.0758 Y-0.2161 Z-0.2189
X-0.0734 Y-0.2141 Z-0.2197
X-0.0709 Y-0.212 Z-0.22
G3 X-0.0529 Y-0.1868 I-0.04 J0.0477
G1 X-0.0424 Y-0.1568
X-0.038 Y-0.1451
X-0.0362 Y-0.1418
X-0.0277 Y-0.1268
X-0.0234 Y-0.1194
X-0.008 Y-0.095
X0.005 Y-0.0745
X0.0069 Y-0.072
X0.0144 Y-0.0629
X0.0177 Y-0.0595
X0.0368 Y-0.0403
X0.0518 Y-0.0254
X0.0627 Y-0.0146
X0.0667 Y-0.0112
X0.0742 Y-0.0053
X0.0817 Y-0.0003
X0.1191 Y0.0232
X0.1266 Y0.0276
X0.145 Y0.0377
X0.149 Y0.0395
X0.1648 Y0.0452
X0.1939 Y0.0554
X0.2163 Y0.0628
X0.2238 Y0.0643
X0.2388 Y0.0668
X0.2457 Y0.0677
X0.2544 Y0.0686
X0.2836 Y0.0719
X0.2911 Y0.0727
X0.3135 Y0.0738
X2.6992
X2.7133 Y0.0731
X2.7217 Y0.0727
X2.7291 Y0.0719
X2.7441 Y0.0702
X2.7671 Y0.0677
X2.774 Y0.0668
X2.789 Y0.0643
X2.7964 Y0.0628
X2.8189 Y0.0554
X2.8264 Y0.0528
X2.8393 Y0.0489
X2.8488 Y0.0466
X2.8609 Y0.0441
X2.8771 Y0.0415
X2.9098 Y0.0377
X2.9417 Y0.0295
X2.9702 Y0.0129
X2.9935 Y-0.0103
X3.0114 Y-0.038
X3.0241 Y-0.0684
X3.0328 Y-0.1001
X3.0338 Y-0.1062
X3.0357 Y-0.1144
X3.0385 Y-0.1224
X3.0423 Y-0.13
G3 X3.0693 Y-0.1354 I0.016 J0.0098
G1 X3.0719 Y-0.1335 Z-0.2197
X3.0745 Y-0.1317 Z-0.2189
X3.0769 Y-0.1299 Z-0.2175
X3.0791 Y-0.1283 Z-0.2156
X3.0809 Y-0.127 Z-0.2133
X3.0824 Y-0.1259 Z-0.2106
X3.0836 Y-0.1251 Z-0.2077
X3.0842 Y-0.1246 Z-0.2045
X3.0845 Y-0.1244 Z-0.2013
G0 Z0.2
X2.7892 Y0.0852
Z-0.1825
G1 Z-0.2013 F40.
X2.7894 Y0.0849 Z-0.2045
X2.7899 Y0.0843 Z-0.2077
X2.7908 Y0.0832 Z-0.2106
X2.792 Y0.0818 Z-0.2133
X2.7935 Y0.08 Z-0.2156
X2.7952 Y0.078 Z-0.2175
X2.7971 Y0.0757 Z-0.2189
X2.7991 Y0.0733 Z-0.2197
X2.8012 Y0.0708 Z-0.22
G3 X2.8264 Y0.0528 I0.0477 J0.04
G1 X2.8488 Y0.0449
X2.8637 Y0.0395
X2.8678 Y0.0377
X2.8862 Y0.0276
X2.8943 Y0.0228
X2.9311 Y-0.0003
X2.9385 Y-0.0053
X2.946 Y-0.0112
X2.95 Y-0.0146
X2.961 Y-0.0254
X2.9909 Y-0.0553
X2.995 Y-0.0595
X2.9984 Y-0.0629
X3.0058 Y-0.072
X3.0077 Y-0.0745
X3.022 Y-0.0969
X3.0361 Y-0.1194
X3.0405 Y-0.1268
X3.0489 Y-0.1418
X3.0507 Y-0.145
X3.0551 Y-0.1568
X3.0682 Y-0.1942
X3.0737 Y-0.2104
X3.0757 Y-0.2166
X3.0772 Y-0.2241
X3.0786 Y-0.2316
X3.0797 Y-0.239
X3.0814 Y-0.2547
X3.0847 Y-0.2839
X3.0853 Y-0.2914
X3.0862 Y-0.3064
X3.0865 Y-0.3138
Y-0.9273
X3.0862 Y-0.9347
X3.0858 Y-0.9413
X3.0853 Y-0.9497
X3.0847 Y-0.9572
X3.083 Y-0.9721
X3.0797 Y-1.0021
X3.0786 Y-1.0095
X3.0757 Y-1.0245
X3.0731 Y-1.0324
X3.0682 Y-1.0469
X3.0657 Y-1.0543
X3.0617 Y-1.0678
X3.0593 Y-1.0772
X3.0569 Y-1.0893
X3.0543 Y-1.1055
X3.0504 Y-1.1382
X3.0422 Y-1.1701
X3.0256 Y-1.1986
X3.0024 Y-1.2219
X2.9747 Y-1.2397
X2.9443 Y-1.2525
X2.9126 Y-1.2611
X2.9066 Y-1.2621
X2.8987 Y-1.264
X2.8909 Y-1.2666
X2.8836 Y-1.2702
G3 X2.8779 Y-1.2971 I0.0096 J-0.0161
G1 X2.8797 Y-1.2998 Z-0.2197
X2.8816 Y-1.3023 Z-0.2189
X2.8833 Y-1.3048 Z-0.2175
X2.8848 Y-1.3069 Z-0.2156
X2.8861 Y-1.3088 Z-0.2133
X2.8872 Y-1.3104 Z-0.2106
X2.888 Y-1.3115 Z-0.2077
X2.8885 Y-1.3122 Z-0.2045
X2.8887 Y-1.3124 Z-0.2013
G0 Z0.2
X3.0981 Y-1.0171
Z-0.1825
G1 Z-0.2013 F40.
X3.0978 Y-1.0173 Z-0.2045
X3.0972 Y-1.0178 Z-0.2077
X3.0961 Y-1.0187 Z-0.2106
X3.0947 Y-1.0199 Z-0.2133
X3.0929 Y-1.0214 Z-0.2156
X3.0909 Y-1.0231 Z-0.2175
X3.0886 Y-1.025 Z-0.2189
X3.0862 Y-1.0271 Z-0.2197
X3.0837 Y-1.0291 Z-0.22
G3 X3.0657 Y-1.0543 I0.04 J-0.0477
G1 X3.0551 Y-1.0843
X3.0507 Y-1.0961
X3.0489 Y-1.0993
X3.0405 Y-1.1143
X3.0361 Y-1.1217
X3.0208 Y-1.1461
X3.0077 Y-1.1666
X3.0058 Y-1.1691
X2.9984 Y-1.1782
X2.995 Y-1.1816
X2.9759 Y-1.2008
X2.961 Y-1.2157
X2.95 Y-1.2265
X2.946 Y-1.2299
X2.9385 Y-1.2358
X2.9311 Y-1.2408
X2.8937 Y-1.2643
X2.8862 Y-1.2687
X2.8678 Y-1.2788
X2.8637 Y-1.2806
X2.8479 Y-1.2863
X2.8189 Y-1.2965
X2.7964 Y-1.3039
X2.789 Y-1.3054
G3 X2.7754 Y-1.3294 I0.0043 J-0.0183
G1 X2.7764 Y-1.3325 Z-0.2197
X2.7774 Y-1.3355 Z-0.2189
X2.7783 Y-1.3383 Z-0.2175
X2.7791 Y-1.3409 Z-0.2156
X2.7798 Y-1.3431 Z-0.2133
X2.7803 Y-1.3449 Z-0.2106
X2.7808 Y-1.3462 Z-0.2077
X2.781 Y-1.347 Z-0.2045
X2.7811 Y-1.3473 Z-0.2013
G0 Z0.6
(2D CONTOUR1)
G64 P0.0004 Q0.0004
G0 X2.7259 Y-1.3611
Z0.6
Z0.2
G1 Z0.0375 F80.
Z-0.2013
G19 G3 Y-1.3424 Z-0.22 J0.0187 K0. F40.
G1 Y-1.3236
G17 G3 X2.7072 Y-1.3049 I-0.0187 J0.
G1 X0.3056
G2 X-0.0638 Y-0.9355 I0. J0.3693
G1 Y-0.3056
G2 X0.3056 Y0.0638 I0.3693 J0.
G1 X2.7072
G2 X3.0765 Y-0.3056 I0. J-0.3693
G1 Y-0.9355
G2 X2.7072 Y-1.3049 I-0.3693 J0.
G1 X0.3056
G2 X-0.0638 Y-0.9355 I0. J0.3693
G1 Y-0.3056
G2 X0.3056 Y0.0638 I0.3693 J0.
G1 X2.7072
G2 X3.0765 Y-0.3056 I0. J-0.3693
G1 Y-0.9355
G2 X2.7072 Y-1.3049 I-0.3693 J0.
G3 X2.6884 Y-1.3236 I0. J-0.0187
G1 Y-1.3424
G19 G2 Y-1.3611 Z-0.2013 J0. K0.0187
G0 Z0.6
G17
M5
G53 G0 Z-0.6
(2D CHAMFER1)
M9
M1
T12 M6
T32
S7500 M3
G17 G90 G94
G54
M8
G0 X2.7072 Y-1.2947
G43 Z0.6 H12
G0 Z0.2
G1 Z-0.12 F80.
Y-1.2711 F30.
X0.3056
G2 X-0.03 Y-0.9355 I0. J0.3356
G1 Y-0.3056
G2 X0.3056 Y0.03 I0.3356 J0.
G1 X2.7072
G2 X3.0428 Y-0.3056 I0. J-0.3356
G1 Y-0.9355
G2 X2.7072 Y-1.2711 I-0.3356 J0.
G1 Y-1.2947
G0 Z0.6
(ENGRAVE1)
G0 X2.7072 Y-0.1187
Z0.6
Z0.18
G1 Z-0.03 F10.
G2 X2.894 Y-0.3056 I0. J-0.1869
G1 Y-0.9355
G2 X2.7072 Y-1.1224 I-0.1869 J0.
G1 X0.3056
G2 X0.1187 Y-0.9355 I0. J0.1869
G1 Y-0.3056
G2 X0.3056 Y-0.1187 I0.1869 J0.
G1 X2.7072
G0 Z0.6
(ENGRAVE1 2)
G0 X2.7072 Y-0.1187
Z0.6
Z0.18
G1 Z-0.03 F10.
G2 X2.894 Y-0.3056 I0. J-0.1869
G1 Y-0.9355
G2 X2.7072 Y-1.1224 I-0.1869 J0.
G1 X0.3056
G2 X0.1187 Y-0.9355 I0. J0.1869
G1 Y-0.3056
G2 X0.3056 Y-0.1187 I0.1869 J0.
G1 X2.7072
G0 Z0.6
(ENGRAVE2)
G0 X0.3299 Y-0.6801
Z0.6
Z0.18
G1 Z-0.02 F10.
X0.3419 Y-0.6749 Z-0.0289
X0.3375 Y-0.663 Z-0.02
X0.3419 Y-0.6749 Z-0.0289
X0.3434 Y-0.6755 Z-0.0288
X0.3474 Y-0.677 Z-0.0284
X0.3542 Y-0.6791 Z-0.0278
X0.3547 Y-0.6793
X0.3623 Y-0.6809 Z-0.027
X0.3641 Y-0.6812 Z-0.0269
X0.3698 Y-0.6819 Z-0.0264
X0.3753 Y-0.6825 Z-0.0261
X0.3773 Z-0.0259
X0.3867 Y-0.6827 Z-0.0252
X0.3925 Y-0.6825 Z-0.0246
X0.398 Y-0.682 Z-0.0244
X0.4065 Y-0.6806 Z-0.0237
X0.4093 Y-0.68
X0.4204 Y-0.6769 Z-0.0232
X0.4322 Y-0.672 Z-0.0228
X0.4417 Y-0.6668 Z-0.023
X0.4436 Y-0.6656
X0.4512 Y-0.6599 Z-0.0233
X0.454 Y-0.6577 Z-0.0234
X0.46 Y-0.652 Z-0.024
X0.4634 Y-0.6483 Z-0.0243
X0.4677 Y-0.6432 Z-0.025
X0.4704 Y-0.6397 Z-0.0254
X0.4745 Y-0.634 Z-0.0262
X0.4767 Y-0.6303 Z-0.0265
X0.4801 Y-0.6241 Z-0.0274
X0.4827 Y-0.6189 Z-0.0279
X0.4851 Y-0.6138 Z-0.0286
X0.4877 Y-0.6073 Z-0.0291
X0.4897 Y-0.6019 Z-0.0297
X0.4936 Y-0.5893 Z-0.0304
X0.4981 Y-0.5711 Z-0.0308
X0.5022 Y-0.5515 Z-0.0309
X0.5024 Y-0.5495 Z-0.031
Y-0.5475 Z-0.0314
Y-0.5465 Z-0.0317
X0.5032 Y-0.5445 Z-0.0312
X0.5037 Y-0.5433 Z-0.031
X0.5041 Y-0.542 Z-0.0309
X0.5044 Y-0.5408
X0.512 Y-0.5044 Z-0.0308
X0.5025 Y-0.4974 Z-0.02
X0.512 Y-0.5044 Z-0.0308
X0.5275 Y-0.4832 Z-0.02
X0.512 Y-0.5044 Z-0.0308
X0.5044 Y-0.5408 Z-0.0309
X0.5041 Y-0.542
X0.5037 Y-0.5433 Z-0.031
X0.5032 Y-0.5445 Z-0.0312
X0.5024 Y-0.5465 Z-0.0317
X0.4985 Y-0.5459 Z-0.0284
X0.4964 Y-0.5457 Z-0.0269
X0.4946 Z-0.0256
X0.4929 Y-0.546 Z-0.0247
X0.4915 Y-0.5464 Z-0.024
X0.4908 Y-0.5467 Z-0.0237
X0.4902 Y-0.547 Z-0.0236
X0.4896 Y-0.5474 Z-0.0234
X0.4791 Y-0.5572 Z-0.0236
X0.4706 Y-0.5642 Z-0.0238
X0.4685 Y-0.5658 Z-0.024
X0.4615 Y-0.5704 Z-0.0241
X0.4574 Y-0.5727 Z-0.0244
X0.4518 Y-0.5757 Z-0.0247
X0.4456 Y-0.5785 Z-0.0254
X0.4414 Y-0.5801 Z-0.0256
X0.435 Y-0.5822 Z-0.0261
X0.4306 Y-0.5834 Z-0.0263
X0.4245 Y-0.585 Z-0.0266
X0.4197 Y-0.5859
X0.4188 Y-0.586
X0.4136 Y-0.5863 Z-0.0272
X0.411 Y-0.5864 Z-0.0274
X0.4035 Y-0.5861 Z-0.0282
X0.3955 Y-0.5847 Z-0.0291
X0.3891 Y-0.5831 Z-0.0299
X0.3865 Y-0.5822 Z-0.0302
X0.3814 Y-0.5799 Z-0.0308
X0.3792 Y-0.5788 Z-0.031
X0.3733 Y-0.5752 Z-0.0315
X0.3701 Y-0.5729 Z-0.032
X0.3665 Y-0.5698 Z-0.0323
X0.3633 Y-0.5668 Z-0.0327
X0.3607 Y-0.5641 Z-0.033
X0.3577 Y-0.5605 Z-0.0334
X0.3554 Y-0.5571 Z-0.0336
X0.3531 Y-0.5535 Z-0.0337
X0.3505 Y-0.5489 Z-0.0338
X0.3488 Y-0.5455 Z-0.034
X0.3468 Y-0.5403 Z-0.0339
X0.3452 Y-0.536 Z-0.034
X0.344 Y-0.532 Z-0.0339
X0.3425 Y-0.5261 Z-0.0341
X0.3418 Y-0.5219 Z-0.0339
X0.3409 Y-0.516 Z-0.0338
X0.3405 Y-0.5124 Z-0.0336
X0.34 Y-0.5053 Z-0.0335
X0.3399 Y-0.5023 Z-0.0333
X0.34 Y-0.4929 Z-0.0329
X0.3409 Y-0.4805 Z-0.0326
X0.3427 Y-0.4681 Z-0.032
X0.3433 Y-0.4645 Z-0.0317
X0.3451 Y-0.4558 Z-0.0314
X0.3465 Y-0.4506 Z-0.0311
X0.3489 Y-0.4421 Z-0.0306
X0.3504 Y-0.4372 Z-0.0303
X0.3533 Y-0.4285 Z-0.03
X0.3555 Y-0.4228 Z-0.0296
X0.3586 Y-0.4152 Z-0.0292
X0.3612 Y-0.409 Z-0.0288
X0.3645 Y-0.402 Z-0.0285
X0.3679 Y-0.3954 Z-0.028
X0.3718 Y-0.3881 Z-0.0277
X0.3751 Y-0.3823 Z-0.0272
X0.3798 Y-0.3744 Z-0.027
X0.3829 Y-0.3696 Z-0.0266
X0.3886 Y-0.3612 Z-0.0262
X0.3911 Y-0.3575 Z-0.0259
X0.398 Y-0.3484 Z-0.0257
X0.4095 Y-0.3345 Z-0.0249
X0.4183 Y-0.3249 Z-0.0248
X0.4215 Y-0.3217 Z-0.0246
X0.4256 Y-0.3177
X0.4332 Y-0.3108 Z-0.0242
X0.4342 Y-0.3099 Z-0.0241
X0.4412 Y-0.3043 Z-0.024
X0.448 Y-0.2992 Z-0.0238
X0.458 Y-0.2921
X0.4623 Y-0.2893 Z-0.0236
X0.4717 Y-0.284
X0.4744 Y-0.2826 Z-0.0235
X0.4786 Y-0.2805
X0.4806 Y-0.2796
X0.4856 Y-0.2775
X0.4929 Y-0.2752 Z-0.0234
X0.5004 Y-0.2736
X0.514 Y-0.2717 Z-0.0235
X0.5158 Y-0.2716 Z-0.0237
X0.5204 Y-0.272
X0.5225 Y-0.2722
X0.525 Y-0.2728 Z-0.0238
X0.5294 Y-0.2742 Z-0.0239
X0.5306 Y-0.2746 Z-0.0238
X0.5336 Y-0.2762 Z-0.0241
X0.5371 Y-0.2784 Z-0.0242
X0.5378 Y-0.279
X0.5401 Y-0.2811 Z-0.0244
X0.5427 Y-0.2842 Z-0.0245
X0.5432 Y-0.2849 Z-0.0244
X0.5448 Y-0.2877 Z-0.0246
X0.5466 Y-0.2918 Z-0.0245
X0.5469 Y-0.2926
X0.5478 Y-0.2962 Z-0.0248
X0.5483 Y-0.3
X0.5484 Y-0.3006
X0.5482 Y-0.305 Z-0.0253
X0.5464 Y-0.3153 Z-0.0255
X0.5453 Y-0.3201 Z-0.0258
X0.5447 Y-0.3224 Z-0.0259
X0.5431 Y-0.327 Z-0.0263
X0.5422 Y-0.3294 Z-0.0264
X0.5402 Y-0.3334 Z-0.0268
X0.5387 Y-0.3361 Z-0.0269
X0.5366 Y-0.3395 Z-0.0272
X0.5345 Y-0.3424 Z-0.0274
X0.5322 Y-0.3453 Z-0.0276
X0.5252 Y-0.3535 Z-0.0281
X0.5222 Y-0.3568 Z-0.0285
X0.5111 Y-0.3663 Z-0.029
X0.5087 Y-0.3683 Z-0.0291
X0.5037 Y-0.3721 Z-0.0293
X0.5032 Y-0.3725
X0.4959 Y-0.3774 Z-0.0296
X0.4875 Y-0.382 Z-0.0298
X0.4796 Y-0.3856 Z-0.0299
X0.4714 Y-0.3888
X0.4661 Y-0.4015 Z-0.02
X0.4714 Y-0.3888 Z-0.0299
X0.4582 Y-0.3833 Z-0.02
G0 Z0.2
X0.5468 Y-0.5226
Z0.18
G1 Z-0.02 F10.
X0.5507 Y-0.5223 Z-0.0229
X0.5511 Y-0.5265 Z-0.02
X0.5507 Y-0.5223 Z-0.0229
X0.5574 Y-0.5136
X0.5652 Y-0.5022
X0.5686 Y-0.496 Z-0.023
X0.5717 Y-0.4899 Z-0.0229
X0.5771 Y-0.4771
X0.5774 Y-0.4762 Z-0.023
X0.578 Y-0.4745 Z-0.0239
X0.5787 Y-0.4727 Z-0.0253
X0.5796 Y-0.4698 Z-0.028
X0.5814 Y-0.4704 Z-0.0276
X0.5823 Y-0.4707 Z-0.0274
X0.5833 Y-0.4709
X0.5855 Y-0.4714
X0.5892 Y-0.4719 Z-0.0272
X0.5901 Z-0.0271
X0.5964 Z-0.0266
X0.5971 Y-0.4718 Z-0.0265
X0.6038 Y-0.4706 Z-0.0258
X0.6045 Y-0.4703 Z-0.0257
X0.6112 Y-0.4678 Z-0.0247
X0.6117 Y-0.4675 Z-0.0246
X0.6177 Y-0.4636 Z-0.0238
X0.6195 Y-0.4624
X0.6207 Y-0.4619 Z-0.024
X0.6219 Y-0.4615 Z-0.0244
X0.6226 Y-0.4614 Z-0.0247
X0.6234 Y-0.4616 Z-0.0248
X0.6243 Y-0.4618 Z-0.0251
X0.6245 Y-0.4633 Z-0.0242
Y-0.4648 Z-0.0236
X0.6244 Y-0.4654 Z-0.0233
X0.6243 Y-0.4661 Z-0.0232
X0.6241 Y-0.4666 Z-0.023
X0.6238 Y-0.4672
X0.6215 Y-0.4711 Z-0.0233
X0.6115 Y-0.4889 Z-0.0244
X0.6037 Y-0.5037 Z-0.0258
X0.5979 Y-0.5157 Z-0.0267
X0.5959 Y-0.5201 Z-0.027
X0.5925 Y-0.5277 Z-0.0276
X0.5911 Y-0.5312 Z-0.0278
X0.5882 Y-0.5386 Z-0.0284
X0.5868 Y-0.5427 Z-0.0286
X0.5849 Y-0.5493 Z-0.0291
X0.5837 Y-0.5544 Z-0.0293
X0.5828 Y-0.5597 Z-0.0295
X0.5818 Y-0.5672
X0.5817 Y-0.5684 Z-0.0296
X0.5816 Y-0.5697 Z-0.0297
X0.5819 Y-0.5735 Z-0.0299
X0.5821 Y-0.5747
X0.5825 Y-0.5762
X0.5831 Y-0.5778
X0.5846 Y-0.5807 Z-0.0298
X0.5858 Y-0.5822 Z-0.0294
X0.5866 Y-0.5829 Z-0.0292
X0.5873 Y-0.5836 Z-0.029
X0.5885 Y-0.5843 Z-0.0286
X0.5917 Y-0.5858 Z-0.0276
X0.5933 Y-0.5861 Z-0.0269
X0.5949 Y-0.5864 Z-0.0264
X0.5972 Y-0.5865 Z-0.0259
X0.6006 Y-0.5864 Z-0.025
X0.6019 Y-0.5862 Z-0.0248
X0.6028 Y-0.5859
X0.6081 Y-0.5835 Z-0.0244
X0.6119 Y-0.5814 Z-0.0238
X0.6136 Y-0.5804 Z-0.0237
X0.6162 Y-0.5787 Z-0.0233
X0.6204 Y-0.5757 Z-0.023
X0.6247 Y-0.5722
X0.6279 Y-0.5693 Z-0.0229
X0.6328 Y-0.5646
X0.6367 Y-0.5648 Z-0.02
X0.6328 Y-0.5646 Z-0.0229
X0.6329 Y-0.5605 Z-0.02
X0.6328 Y-0.5646 Z-0.0229
X0.6279 Y-0.5693
X0.6247 Y-0.5722 Z-0.023
X0.6204 Y-0.5757
X0.6162 Y-0.5787 Z-0.0233
X0.6136 Y-0.5804 Z-0.0237
X0.6119 Y-0.5814 Z-0.0238
X0.6081 Y-0.5835 Z-0.0244
X0.6028 Y-0.5859 Z-0.0248
X0.6019 Y-0.5862
X0.6006 Y-0.5864 Z-0.025
X0.5972 Y-0.5865 Z-0.0259
X0.5949 Y-0.5864 Z-0.0264
X0.5933 Y-0.5861 Z-0.0269
X0.5917 Y-0.5858 Z-0.0276
X0.5885 Y-0.5843 Z-0.0286
X0.5873 Y-0.5836 Z-0.029
X0.5866 Y-0.5829 Z-0.0292
X0.5858 Y-0.5822 Z-0.0294
X0.5846 Y-0.5807 Z-0.0298
X0.5831 Y-0.5778 Z-0.0299
X0.5825 Y-0.5762
X0.5821 Y-0.5747
X0.5819 Y-0.5735
X0.5816 Y-0.5697 Z-0.0297
X0.5817 Y-0.5684 Z-0.0296
X0.5818 Y-0.5672 Z-0.0295
X0.5828 Y-0.5597
X0.5837 Y-0.5544 Z-0.0293
X0.5849 Y-0.5493 Z-0.0291
X0.5868 Y-0.5427 Z-0.0286
X0.5882 Y-0.5386 Z-0.0284
X0.5911 Y-0.5312 Z-0.0278
X0.5925 Y-0.5277 Z-0.0276
X0.5959 Y-0.5201 Z-0.027
X0.5979 Y-0.5157 Z-0.0267
X0.6037 Y-0.5037 Z-0.0258
X0.6115 Y-0.4889 Z-0.0244
X0.6215 Y-0.4711 Z-0.0233
X0.6238 Y-0.4672 Z-0.023
X0.6241 Y-0.4666
X0.6243 Y-0.4661 Z-0.0232
X0.6244 Y-0.4654 Z-0.0233
X0.6245 Y-0.4648 Z-0.0236
Y-0.4633 Z-0.0242
X0.6243 Y-0.4618 Z-0.0251
X0.6326 Y-0.4567 Z-0.02
X0.6243 Y-0.4618 Z-0.0251
X0.6234 Y-0.4616 Z-0.0248
X0.6226 Y-0.4614 Z-0.0247
X0.6211 Y-0.4567 Z-0.02
X0.6226 Y-0.4614 Z-0.0247
X0.6219 Y-0.4615 Z-0.0244
X0.6207 Y-0.4619 Z-0.024
X0.6195 Y-0.4624 Z-0.0238
X0.6177 Y-0.4636
X0.6117 Y-0.4675 Z-0.0246
X0.6112 Y-0.4678 Z-0.0247
X0.6045 Y-0.4703 Z-0.0257
X0.6038 Y-0.4706 Z-0.0258
X0.5971 Y-0.4718 Z-0.0265
X0.5964 Y-0.4719 Z-0.0266
X0.5901 Z-0.0271
X0.5892 Z-0.0272
X0.5855 Y-0.4714 Z-0.0274
X0.5833 Y-0.4709
X0.5823 Y-0.4707
X0.5814 Y-0.4704 Z-0.0276
X0.5796 Y-0.4698 Z-0.028
X0.5793 Y-0.4695
X0.5804 Y-0.4668 Z-0.0254
X0.5812 Y-0.4651 Z-0.0239
X0.5817 Y-0.464 Z-0.0231
X0.5821 Y-0.463 Z-0.0228
X0.5822 Y-0.4626 Z-0.0227
X0.5835 Y-0.4549 Z-0.0232
X0.5838 Y-0.4517
X0.5839 Y-0.447 Z-0.0235
X0.5837 Y-0.4443 Z-0.0236
X0.5836 Y-0.4433 Z-0.0237
X0.5825 Y-0.4392 Z-0.0241
X0.5816 Y-0.4368
X0.5812 Y-0.4358
X0.58 Y-0.4338 Z-0.0243
X0.5791 Y-0.4325 Z-0.0245
X0.5782 Y-0.4315
X0.5772 Y-0.4306 Z-0.0247
X0.5753 Y-0.4294 Z-0.025
X0.5741 Y-0.4289
X0.5733 Y-0.4287
X0.571 Y-0.4283
X0.5695 Y-0.4285
X0.5669 Y-0.4293
X0.5662 Y-0.4297 Z-0.0248
X0.5651 Y-0.4304 Z-0.0249
X0.5633 Y-0.4322 Z-0.0248
X0.5629 Y-0.4328 Z-0.0246
X0.5623 Y-0.4337
X0.5617 Y-0.4349 Z-0.0247
X0.5609 Y-0.4366 Z-0.0246
X0.5605 Y-0.438 Z-0.0247
X0.56 Y-0.4413 Z-0.0248
Y-0.4426 Z-0.0249
X0.5602 Y-0.4446 Z-0.0253
X0.5614 Y-0.4499 Z-0.0255
X0.5627 Y-0.4539 Z-0.026
X0.564 Y-0.4568 Z-0.0264
X0.5647 Y-0.4578 Z-0.0265
X0.5659 Y-0.4595 Z-0.0268
X0.5672 Y-0.461 Z-0.027
X0.5682 Y-0.462 Z-0.0271
X0.5701 Y-0.4637 Z-0.0272
X0.5711 Y-0.4645 Z-0.0273
X0.5764 Y-0.4681 Z-0.0274
X0.5773 Y-0.4687 Z-0.0276
X0.5782 Y-0.4691 Z-0.0277
X0.5793 Y-0.4695 Z-0.028
G0 Z0.2
X0.7666 Y-0.4582
Z0.18
G1 Z-0.02 F10.
X0.7747 Y-0.4654 Z-0.0299
X0.7891 Y-0.4488 Z-0.02
X0.7747 Y-0.4654 Z-0.0299
X0.7732 Y-0.4709 Z-0.03
X0.7729 Y-0.4718
X0.7722 Y-0.4734 Z-0.0303
X0.7713 Y-0.4751 Z-0.0308
Y-0.4766 Z-0.0303
X0.7714 Y-0.4777 Z-0.03
X0.7713 Y-0.4788 Z-0.0298
X0.7712 Y-0.4799 Z-0.0297
X0.771 Y-0.4809 Z-0.0296
X0.7708 Y-0.4819
X0.7686 Y-0.4905
X0.7643 Y-0.5065 Z-0.0297
X0.7618 Y-0.5153 Z-0.03
X0.7623 Y-0.5176 Z-0.0289
X0.7624 Y-0.5187 Z-0.0285
X0.7625 Y-0.5198 Z-0.0282
Y-0.5208 Z-0.0279
X0.7624 Y-0.5219 Z-0.0277
X0.7623 Y-0.5229 Z-0.0275
X0.7621 Y-0.524
X0.7595 Y-0.5353 Z-0.0273
X0.7569 Y-0.5473 Z-0.0272
X0.7565 Y-0.5501 Z-0.0273
X0.7555 Y-0.5595 Z-0.0275
X0.7554 Y-0.5603
Y-0.5669 Z-0.0283
X0.7556 Y-0.568
X0.756 Y-0.5703 Z-0.0287
X0.7571 Y-0.5737 Z-0.029
X0.7581 Y-0.5762
X0.7586 Y-0.5772 Z-0.0291
X0.7605 Y-0.5801 Z-0.0293
X0.7619 Y-0.5817 Z-0.0294
X0.7632 Y-0.5828 Z-0.0293
X0.7646 Y-0.5836 Z-0.0291
X0.766 Y-0.5841 Z-0.0289
X0.7669 Y-0.5842 Z-0.0286
X0.7686 Z-0.028
X0.7697 Y-0.5841 Z-0.0275
X0.7733 Y-0.5833 Z-0.026
X0.7742 Y-0.583 Z-0.0257
X0.7758 Y-0.5821 Z-0.0252
X0.7825 Y-0.5776 Z-0.0238
X0.7857 Y-0.5751 Z-0.0233
X0.7885 Y-0.5727 Z-0.0228
X0.7937 Y-0.5673 Z-0.0225
X0.797 Y-0.5637 Z-0.0224
X0.8002 Y-0.5636 Z-0.02
X0.797 Y-0.5637 Z-0.0224
X0.7969 Y-0.5602 Z-0.02
X0.797 Y-0.5637 Z-0.0224
X0.7937 Y-0.5673 Z-0.0225
X0.7885 Y-0.5727 Z-0.0228
X0.7857 Y-0.5751 Z-0.0233
X0.7825 Y-0.5776 Z-0.0238
X0.7758 Y-0.5821 Z-0.0252
X0.7742 Y-0.583 Z-0.0257
X0.7733 Y-0.5833 Z-0.026
X0.7697 Y-0.5841 Z-0.0275
X0.7686 Y-0.5842 Z-0.028
X0.7669 Z-0.0286
X0.766 Y-0.5841 Z-0.0289
X0.7646 Y-0.5836 Z-0.0291
X0.7632 Y-0.5828 Z-0.0293
X0.7619 Y-0.5817 Z-0.0294
X0.7605 Y-0.5801 Z-0.0293
X0.7586 Y-0.5772 Z-0.0291
X0.7581 Y-0.5762 Z-0.029
X0.7571 Y-0.5737
X0.756 Y-0.5703 Z-0.0287
X0.7556 Y-0.568 Z-0.0283
X0.7554 Y-0.5669
Y-0.5603 Z-0.0275
X0.7555 Y-0.5595
X0.7565 Y-0.5501 Z-0.0273
X0.7569 Y-0.5473 Z-0.0272
X0.7595 Y-0.5353 Z-0.0273
X0.7621 Y-0.524 Z-0.0275
X0.7623 Y-0.5229
X0.7624 Y-0.5219 Z-0.0277
X0.7625 Y-0.5208 Z-0.0279
Y-0.5198 Z-0.0282
X0.7624 Y-0.5187 Z-0.0285
X0.7623 Y-0.5176 Z-0.0289
X0.7618 Y-0.5153 Z-0.03
X0.7594 Y-0.516 Z-0.0279
X0.7573 Y-0.5168 Z-0.0262
X0.7556 Y-0.5177 Z-0.0248
X0.7542 Y-0.5187 Z-0.0238
X0.7537 Y-0.5192 Z-0.0234
X0.7531 Y-0.5198 Z-0.0231
X0.7525 Y-0.5206 Z-0.0229
X0.7475 Y-0.5313 Z-0.0226
X0.7417 Y-0.5416 Z-0.0228
X0.736 Y-0.5505 Z-0.0227
X0.7303 Y-0.5583 Z-0.0228
X0.7286 Y-0.5604 Z-0.0229
X0.724 Y-0.5658 Z-0.023
X0.7187 Y-0.5715 Z-0.0233
X0.7173 Y-0.5729
X0.7135 Y-0.5763 Z-0.0236
X0.7121 Y-0.5774
X0.708 Y-0.5802 Z-0.024
X0.7064 Y-0.5812
X0.7022 Y-0.5832 Z-0.0244
X0.6997 Y-0.5841 Z-0.0245
X0.6958 Y-0.5853 Z-0.0249
X0.6928 Y-0.5859 Z-0.0251
X0.692 Y-0.586
X0.6871 Y-0.5864 Z-0.0261
X0.6824 Z-0.0274
X0.6807 Y-0.586 Z-0.0276
X0.6784 Y-0.5851 Z-0.0282
X0.676 Y-0.5839 Z-0.0287
X0.6745 Y-0.5831 Z-0.0291
X0.6734 Y-0.5823 Z-0.0293
X0.672 Y-0.581 Z-0.0295
X0.6704 Y-0.5793 Z-0.0296
X0.6692 Y-0.5777 Z-0.03
X0.6666 Y-0.5726 Z-0.0302
X0.6649 Y-0.5679 Z-0.0303
X0.6646 Y-0.5661
X0.6641 Y-0.5634 Z-0.0304
X0.6638 Y-0.5602 Z-0.0303
X0.6637 Y-0.5577
X0.6638 Y-0.5539 Z-0.03
X0.6645 Y-0.5463
X0.6656 Y-0.5394 Z-0.0299
X0.6659 Y-0.5383
X0.6664 Y-0.5359
X0.6702 Y-0.524 Z-0.0293
X0.6741 Y-0.5143 Z-0.029
X0.6771 Y-0.508 Z-0.0284
X0.6797 Y-0.5033 Z-0.0282
X0.6859 Y-0.4927 Z-0.0273
X0.6912 Y-0.4857 Z-0.0265
X0.6934 Y-0.4829 Z-0.0264
X0.6972 Y-0.4785 Z-0.0258
X0.7018 Y-0.4737 Z-0.0256
X0.7036 Y-0.4721 Z-0.0254
X0.7107 Y-0.4661 Z-0.0247
X0.7132 Y-0.4644 Z-0.0246
X0.7172 Y-0.462 Z-0.0243
X0.722 Y-0.4597 Z-0.0238
X0.7228 Y-0.4595 Z-0.0237
X0.7259 Y-0.4586 Z-0.0236
X0.7292 Y-0.4578 Z-0.0234
X0.7356 Y-0.4567
X0.7363 Z-0.0233
X0.7409 Y-0.4572
X0.7433 Y-0.4576 Z-0.0234
X0.7457 Y-0.4582 Z-0.0235
X0.7468 Y-0.4586 Z-0.0236
X0.75 Y-0.4599 Z-0.0237
X0.7536 Y-0.4622
X0.7541 Y-0.4626
X0.7556 Y-0.4639
X0.7577 Y-0.466 Z-0.0236
X0.7611 Y-0.4699 Z-0.0238
X0.7616 Y-0.4704 Z-0.0239
X0.7621 Y-0.471 Z-0.0241
X0.7633 Y-0.4719 Z-0.0247
X0.7647 Y-0.4728 Z-0.0255
X0.7654 Y-0.4732 Z-0.0261
X0.7672 Y-0.4739 Z-0.0274
X0.7691 Y-0.4745 Z-0.0289
X0.7713 Y-0.4751 Z-0.0308
G0 Z0.2
X0.8128 Y-0.5934
Z0.18
G1 Z-0.02 F10.
X0.8225 Y-0.5825 Z-0.0275
X0.8289 Y-0.5883 Z-0.02
X0.8225 Y-0.5825 Z-0.0275
X0.824 Y-0.5757 Z-0.0276
X0.8266 Y-0.5644 Z-0.028
X0.8296 Y-0.553 Z-0.0288
X0.8299 Y-0.552 Z-0.0289
X0.832 Y-0.5513 Z-0.0271
X0.8338 Y-0.5505 Z-0.0257
X0.8353 Y-0.5496 Z-0.0246
X0.8366 Y-0.5486 Z-0.0238
X0.8371 Y-0.5481 Z-0.0235
X0.8376 Y-0.5475 Z-0.0233
X0.8379 Y-0.5469 Z-0.0231
X0.8391 Y-0.5442 Z-0.023
X0.8447 Y-0.5317 Z-0.0231
X0.8485 Y-0.5238 Z-0.023
X0.8521 Y-0.5169 Z-0.0232
X0.8594 Y-0.504
X0.8595 Y-0.5038
X0.8647 Y-0.4961 Z-0.0231
X0.8696 Y-0.4894 Z-0.0232
X0.8765 Y-0.4811 Z-0.0233
X0.8802 Y-0.4769 Z-0.0236
X0.8829 Y-0.4742
X0.8875 Y-0.4699 Z-0.0238
X0.8922 Y-0.4662 Z-0.0242
X0.8966 Y-0.4637 Z-0.0247
X0.8984 Y-0.4629 Z-0.0248
X0.901 Y-0.4619 Z-0.0252
X0.9047 Y-0.4608 Z-0.0254
X0.9056 Y-0.4606 Z-0.0255
X0.9108 Y-0.4603 Z-0.0265
X0.9122 Z-0.0268
X0.9154 Y-0.4607 Z-0.028
X0.9175 Y-0.4614 Z-0.0285
X0.9186 Y-0.4619 Z-0.0287
X0.9195 Y-0.4624 Z-0.0289
X0.9202 Y-0.463 Z-0.0291
X0.9213 Y-0.464 Z-0.0294
X0.9224 Y-0.4653 Z-0.0297
X0.9236 Y-0.4671 Z-0.0298
X0.9245 Y-0.4691
X0.925 Y-0.471
X0.9253 Y-0.4741 Z-0.0297
Y-0.4762 Z-0.0295
X0.9249 Y-0.4806 Z-0.0294
X0.9241 Y-0.4857 Z-0.0291
X0.9223 Y-0.4948 Z-0.0288
X0.9152 Y-0.5275 Z-0.0276
X0.911 Y-0.5482 Z-0.0271
X0.9098 Y-0.5567 Z-0.0274
X0.9094 Y-0.5602
X0.9093 Y-0.5673 Z-0.0279
X0.9095 Y-0.569 Z-0.028
X0.9097 Y-0.57 Z-0.0281
X0.9108 Y-0.5745 Z-0.0285
X0.9114 Y-0.5762
X0.9121 Y-0.5778
X0.914 Y-0.5809 Z-0.0288
X0.9156 Y-0.5827 Z-0.0289
X0.9168 Y-0.5838
X0.9181 Y-0.5845 Z-0.0288
X0.9195 Y-0.5849 Z-0.0286
X0.921 Y-0.585 Z-0.0281
X0.9222 Z-0.0277
X0.9251 Y-0.5844 Z-0.0265
X0.9263 Y-0.5841 Z-0.0261
X0.9275 Y-0.5837 Z-0.0258
X0.9285 Y-0.5831 Z-0.0255
X0.9353 Y-0.5785 Z-0.0239
X0.9394 Y-0.5753 Z-0.0233
X0.9417 Y-0.5732 Z-0.0229
X0.9471 Y-0.5676 Z-0.0226
X0.9504 Y-0.5638 Z-0.0225
X0.9538 Y-0.5636 Z-0.02
X0.9504 Y-0.5638 Z-0.0225
X0.9502 Y-0.5602 Z-0.02
X0.9504 Y-0.5638 Z-0.0225
X0.9471 Y-0.5676 Z-0.0226
X0.9417 Y-0.5732 Z-0.0229
X0.9394 Y-0.5753 Z-0.0233
X0.9353 Y-0.5785 Z-0.0239
X0.9285 Y-0.5831 Z-0.0255
X0.9275 Y-0.5837 Z-0.0258
X0.9263 Y-0.5841 Z-0.0261
X0.9251 Y-0.5844 Z-0.0265
X0.9222 Y-0.585 Z-0.0277
X0.921 Z-0.0281
X0.9195 Y-0.5849 Z-0.0286
X0.9181 Y-0.5845 Z-0.0288
X0.9168 Y-0.5838 Z-0.0289
X0.9156 Y-0.5827
X0.914 Y-0.5809 Z-0.0288
X0.9121 Y-0.5778 Z-0.0285
X0.9114 Y-0.5762
X0.9108 Y-0.5745
X0.9097 Y-0.57 Z-0.0281
X0.9095 Y-0.569 Z-0.028
X0.9093 Y-0.5673 Z-0.0279
X0.9094 Y-0.5602 Z-0.0274
X0.9098 Y-0.5567
X0.911 Y-0.5482 Z-0.0271
X0.9152 Y-0.5275 Z-0.0276
X0.9223 Y-0.4948 Z-0.0288
X0.9241 Y-0.4857 Z-0.0291
X0.9249 Y-0.4806 Z-0.0294
X0.9253 Y-0.4762 Z-0.0295
Y-0.4741 Z-0.0297
X0.925 Y-0.471 Z-0.0298
X0.9245 Y-0.4691
X0.9236 Y-0.4671
X0.9224 Y-0.4653 Z-0.0297
X0.9213 Y-0.464 Z-0.0294
X0.9202 Y-0.463 Z-0.0291
X0.9195 Y-0.4624 Z-0.0289
X0.9186 Y-0.4619 Z-0.0287
X0.9175 Y-0.4614 Z-0.0285
X0.9154 Y-0.4607 Z-0.028
X0.9122 Y-0.4603 Z-0.0268
X0.9108 Z-0.0265
X0.9056 Y-0.4606 Z-0.0255
X0.9047 Y-0.4608 Z-0.0254
X0.901 Y-0.4619 Z-0.0252
X0.8984 Y-0.4629 Z-0.0248
X0.8966 Y-0.4637 Z-0.0247
X0.8922 Y-0.4662 Z-0.0242
X0.8875 Y-0.4699 Z-0.0238
X0.8829 Y-0.4742 Z-0.0236
X0.8802 Y-0.4769
X0.8765 Y-0.4811 Z-0.0233
X0.8696 Y-0.4894 Z-0.0232
X0.8647 Y-0.4961 Z-0.0231
X0.8595 Y-0.5038 Z-0.0232
X0.8594 Y-0.504
X0.8521 Y-0.5169
X0.8485 Y-0.5238 Z-0.023
X0.8447 Y-0.5317 Z-0.0231
X0.8391 Y-0.5442 Z-0.023
X0.8379 Y-0.5469 Z-0.0231
X0.8376 Y-0.5475 Z-0.0233
X0.8371 Y-0.5481 Z-0.0235
X0.8366 Y-0.5486 Z-0.0238
X0.8353 Y-0.5496 Z-0.0246
X0.8338 Y-0.5505 Z-0.0257
X0.832 Y-0.5513 Z-0.0271
X0.8299 Y-0.552 Z-0.0289
X0.8292 Y-0.5499 Z-0.0278
X0.829 Y-0.5488 Z-0.0274
X0.8289 Y-0.5478 Z-0.0271
X0.8288 Y-0.5468 Z-0.0268
Y-0.5458 Z-0.0266
X0.8289 Y-0.5448 Z-0.0265
X0.8865 Y-0.2715 Z-0.0309
X0.8768 Y-0.2641 Z-0.02
X0.8865 Y-0.2715 Z-0.0309
X0.9021 Y-0.2518 Z-0.02
G0 Z0.2
X1.0805 Y-0.4582
Z0.18
G1 Z-0.02 F10.
X1.0886 Y-0.4654 Z-0.0299
X1.1031 Y-0.4488 Z-0.02
X1.0886 Y-0.4654 Z-0.0299
X1.0874 Y-0.47
X1.0871 Y-0.4709 Z-0.03
X1.0861 Y-0.4734 Z-0.0303
X1.0852 Y-0.4751 Z-0.0308
X1.0853 Y-0.4766 Z-0.0303
Y-0.4777 Z-0.03
X1.0852 Y-0.4788 Z-0.0298
X1.0851 Y-0.4799 Z-0.0297
X1.0849 Y-0.4809 Z-0.0296
X1.0847 Y-0.4819
X1.0825 Y-0.4905
X1.0783 Y-0.5065 Z-0.0297
X1.0757 Y-0.5153 Z-0.03
X1.0762 Y-0.5176 Z-0.0289
X1.0763 Y-0.5187 Z-0.0285
X1.0764 Y-0.5198 Z-0.0282
Y-0.5208 Z-0.0279
Y-0.5219 Z-0.0277
X1.0762 Y-0.5229 Z-0.0275
X1.0739 Y-0.533 Z-0.0273
X1.071 Y-0.5465 Z-0.0272
X1.0705 Y-0.5501 Z-0.0273
X1.0695 Y-0.5587 Z-0.0274
X1.0694 Y-0.5595 Z-0.0275
X1.0693 Y-0.5667 Z-0.0283
X1.0695 Y-0.568
X1.0697 Y-0.5691 Z-0.0285
X1.071 Y-0.5737 Z-0.029
X1.0716 Y-0.5753
X1.0724 Y-0.577 Z-0.0291
X1.0742 Y-0.5799 Z-0.0293
X1.0758 Y-0.5817 Z-0.0294
X1.0771 Y-0.5828 Z-0.0293
X1.0786 Y-0.5836 Z-0.0291
X1.0799 Y-0.5841 Z-0.0289
X1.0818 Y-0.5842 Z-0.0283
X1.0826 Z-0.028
X1.0836 Y-0.5841 Z-0.0275
X1.0872 Y-0.5833 Z-0.026
X1.0881 Y-0.583 Z-0.0257
X1.0898 Y-0.5821 Z-0.0252
X1.0964 Y-0.5776 Z-0.0238
X1.0996 Y-0.5751 Z-0.0233
X1.1024 Y-0.5727 Z-0.0228
X1.1077 Y-0.5673 Z-0.0225
X1.1109 Y-0.5637 Z-0.0224
X1.1142 Y-0.5636 Z-0.02
X1.1109 Y-0.5637 Z-0.0224
X1.1108 Y-0.5602 Z-0.02
X1.1109 Y-0.5637 Z-0.0224
X1.1077 Y-0.5673 Z-0.0225
X1.1024 Y-0.5727 Z-0.0228
X1.0996 Y-0.5751 Z-0.0233
X1.0964 Y-0.5776 Z-0.0238
X1.0898 Y-0.5821 Z-0.0252
X1.0881 Y-0.583 Z-0.0257
X1.0872 Y-0.5833 Z-0.026
X1.0836 Y-0.5841 Z-0.0275
X1.0826 Y-0.5842 Z-0.028
X1.0818 Z-0.0283
X1.0799 Y-0.5841 Z-0.0289
X1.0786 Y-0.5836 Z-0.0291
X1.0771 Y-0.5828 Z-0.0293
X1.0758 Y-0.5817 Z-0.0294
X1.0742 Y-0.5799 Z-0.0293
X1.0724 Y-0.577 Z-0.0291
X1.0716 Y-0.5753 Z-0.029
X1.071 Y-0.5737
X1.0697 Y-0.5691 Z-0.0285
X1.0695 Y-0.568 Z-0.0283
X1.0693 Y-0.5667
X1.0694 Y-0.5595 Z-0.0275
X1.0695 Y-0.5587 Z-0.0274
X1.0705 Y-0.5501 Z-0.0273
X1.071 Y-0.5465 Z-0.0272
X1.0739 Y-0.533 Z-0.0273
X1.0762 Y-0.5229 Z-0.0275
X1.0764 Y-0.5219 Z-0.0277
Y-0.5208 Z-0.0279
Y-0.5198 Z-0.0282
X1.0763 Y-0.5187 Z-0.0285
X1.0762 Y-0.5176 Z-0.0289
X1.0757 Y-0.5153 Z-0.03
X1.0733 Y-0.516 Z-0.0279
X1.0713 Y-0.5168 Z-0.0262
X1.0695 Y-0.5177 Z-0.0248
X1.0681 Y-0.5187 Z-0.0238
X1.0676 Y-0.5192 Z-0.0234
X1.0669 Y-0.52 Z-0.023
X1.0665 Y-0.5206 Z-0.0229
X1.0661 Y-0.5212 Z-0.0228
X1.0613 Y-0.5317 Z-0.0226
X1.0551 Y-0.5425 Z-0.0228
X1.0494 Y-0.5512
X1.0441 Y-0.5585
X1.0426 Y-0.5604 Z-0.0229
X1.0378 Y-0.5659 Z-0.023
X1.0327 Y-0.5715 Z-0.0233
X1.031 Y-0.5732
X1.0275 Y-0.5763 Z-0.0236
X1.0257 Y-0.5777
X1.022 Y-0.5802 Z-0.024
X1.0195 Y-0.5816
X1.0161 Y-0.5832 Z-0.0244
X1.013 Y-0.5843 Z-0.0246
X1.0097 Y-0.5853 Z-0.0249
X1.0059 Y-0.586 Z-0.0251
X1.0052 Y-0.5862 Z-0.0253
X0.9999 Y-0.5865 Z-0.0264
X0.9964 Y-0.5864 Z-0.0274
X0.9947 Y-0.586 Z-0.0276
X0.9923 Y-0.5851 Z-0.0282
X0.9899 Y-0.5839 Z-0.0287
X0.9884 Y-0.5831 Z-0.0291
X0.9874 Y-0.5823 Z-0.0293
X0.986 Y-0.581 Z-0.0295
X0.9843 Y-0.5793 Z-0.0296
X0.9831 Y-0.5777 Z-0.03
X0.9805 Y-0.5726 Z-0.0302
X0.9789 Y-0.5679 Z-0.0303
X0.9785 Y-0.5661
X0.9781 Y-0.5634 Z-0.0304
X0.9778 Y-0.5602 Z-0.0303
X0.9776 Y-0.5577
X0.9778 Y-0.5539 Z-0.03
X0.9785 Y-0.5463
X0.9796 Y-0.5394 Z-0.0299
X0.9798 Y-0.5383
X0.9804 Y-0.5359
X0.9841 Y-0.524 Z-0.0293
X0.9881 Y-0.5143 Z-0.029
X0.9911 Y-0.508 Z-0.0284
X0.9936 Y-0.5033 Z-0.0282
X0.9998 Y-0.4927 Z-0.0273
X1.0051 Y-0.4857 Z-0.0265
X1.0073 Y-0.4829 Z-0.0264
X1.0111 Y-0.4785 Z-0.0258
X1.0157 Y-0.4737 Z-0.0256
X1.0175 Y-0.4721 Z-0.0254
X1.0247 Y-0.4661 Z-0.0247
X1.0272 Y-0.4644 Z-0.0246
X1.0311 Y-0.462 Z-0.0243
X1.036 Y-0.4597 Z-0.0238
X1.0367 Y-0.4595 Z-0.0237
X1.0399 Y-0.4586 Z-0.0236
X1.0432 Y-0.4578 Z-0.0234
X1.0495 Y-0.4567
X1.0502 Z-0.0233
X1.0548 Y-0.4572
X1.0573 Y-0.4576 Z-0.0234
X1.0597 Y-0.4582 Z-0.0235
X1.0608 Y-0.4586 Z-0.0236
X1.0639 Y-0.4599 Z-0.0237
X1.0675 Y-0.4622
X1.068 Y-0.4626
X1.0695 Y-0.4639
X1.0716 Y-0.466 Z-0.0236
X1.0751 Y-0.4699 Z-0.0238
X1.0755 Y-0.4704 Z-0.0239
X1.076 Y-0.471 Z-0.0241
X1.0772 Y-0.4719 Z-0.0247
X1.0786 Y-0.4728 Z-0.0255
X1.0794 Y-0.4732 Z-0.0261
X1.0811 Y-0.4739 Z-0.0274
X1.083 Y-0.4745 Z-0.0289
X1.0852 Y-0.4751 Z-0.0308
G0 Z0.2
X1.1301 Y-0.5934
Z0.18
G1 Z-0.02 F10.
X1.1392 Y-0.5829 Z-0.0271
X1.145 Y-0.5883 Z-0.02
X1.1392 Y-0.5829 Z-0.0271
X1.142 Y-0.5707 Z-0.0276
X1.1461 Y-0.5546 Z-0.0287
X1.1493 Y-0.5435 Z-0.0298
X1.1489 Y-0.5416 Z-0.0291
X1.1488 Y-0.5397 Z-0.0286
Y-0.5379 Z-0.0283
X1.149 Y-0.5361 Z-0.0282
X1.1491 Y-0.5357
X1.1637 Y-0.4671 Z-0.03
X1.1549 Y-0.4601 Z-0.02
X1.1637 Y-0.4671 Z-0.03
X1.178 Y-0.4502 Z-0.02
X1.1637 Y-0.4671 Z-0.03
X1.1491 Y-0.5357 Z-0.0282
X1.149 Y-0.5361
X1.1488 Y-0.5379 Z-0.0283
Y-0.5397 Z-0.0286
X1.1489 Y-0.5416 Z-0.0291
X1.1493 Y-0.5435 Z-0.0298
X1.1521 Y-0.543 Z-0.0274
X1.1545 Y-0.5423 Z-0.0254
X1.1561 Y-0.5417 Z-0.0242
X1.1572 Y-0.541 Z-0.0235
X1.1581 Y-0.5403 Z-0.0229
X1.1584 Y-0.5399 Z-0.0227
X1.1591 Y-0.5391 Z-0.0225
X1.163 Y-0.5306 Z-0.0224
X1.1671 Y-0.5225 Z-0.0227
X1.1697 Y-0.5176
X1.1757 Y-0.5071 Z-0.0229
X1.1804 Y-0.4997
X1.1823 Y-0.4967
X1.1854 Y-0.4924
X1.1881 Y-0.4887 Z-0.0228
X1.1943 Y-0.4809 Z-0.023
X1.1963 Y-0.4785 Z-0.0232
X1.2009 Y-0.4735
X1.2042 Y-0.4702 Z-0.0234
X1.2052 Y-0.4693
X1.2083 Y-0.4667 Z-0.0237
X1.2098 Y-0.4655
X1.2126 Y-0.4638 Z-0.0241
X1.2153 Y-0.4624 Z-0.0242
X1.2171 Y-0.4617 Z-0.0245
X1.2213 Y-0.4603 Z-0.0248
X1.2229 Y-0.4599 Z-0.025
X1.2282 Z-0.0263
X1.2316 Y-0.4602 Z-0.0276
X1.2314 Y-0.4524 Z-0.02
X1.2316 Y-0.4602 Z-0.0276
X1.2326 Y-0.4606 Z-0.0277
X1.2351 Y-0.4619 Z-0.0284
X1.2365 Y-0.4628 Z-0.029
X1.2377 Y-0.4638 Z-0.0294
X1.2381 Y-0.4643 Z-0.0296
X1.2385 Y-0.4651
X1.2392 Y-0.4671 Z-0.0294
X1.2398 Y-0.4704 Z-0.0293
X1.2401 Y-0.473
X1.24 Y-0.4761 Z-0.0291
X1.2394 Y-0.4828 Z-0.029
X1.2392 Y-0.484 Z-0.0291
X1.2384 Y-0.4888 Z-0.029
X1.2367 Y-0.4972 Z-0.0291
X1.2294 Y-0.5329 Z-0.0286
X1.2292 Y-0.5339 Z-0.0287
Y-0.5349 Z-0.0288
Y-0.5359 Z-0.0291
X1.2294 Y-0.538 Z-0.0297
X1.2298 Y-0.5402 Z-0.0305
X1.2294 Y-0.5414 Z-0.0303
X1.2231 Y-0.5641 Z-0.0284
X1.2186 Y-0.5824 Z-0.0275
X1.2247 Y-0.5883 Z-0.02
X1.2186 Y-0.5824 Z-0.0275
X1.2088 Y-0.5934 Z-0.02
X1.2186 Y-0.5824 Z-0.0275
X1.2231 Y-0.5641 Z-0.0284
X1.2294 Y-0.5414 Z-0.0303
X1.2298 Y-0.5402 Z-0.0305
X1.2322 Y-0.5398 Z-0.0285
X1.2343 Y-0.5393 Z-0.0269
X1.2361 Y-0.5387 Z-0.0255
X1.2376 Y-0.5379 Z-0.0244
X1.2389 Y-0.537 Z-0.0237
X1.2394 Y-0.5365 Z-0.0233
X1.2399 Y-0.536 Z-0.0232
X1.2402 Y-0.5355 Z-0.023
X1.2458 Y-0.5244 Z-0.0227
X1.2491 Y-0.5183 Z-0.0228
X1.2563 Y-0.5055 Z-0.0226
X1.2583 Y-0.5023 Z-0.0227
X1.2642 Y-0.4931 Z-0.0225
X1.2685 Y-0.4869 Z-0.0227
X1.2727 Y-0.4812 Z-0.0226
X1.2788 Y-0.4735 Z-0.023
X1.2791 Y-0.4732
X1.286 Y-0.4666 Z-0.0235
X1.2902 Y-0.4635 Z-0.024
X1.2918 Y-0.4624 Z-0.0241
X1.2938 Y-0.4614 Z-0.0244
X1.2956 Y-0.4607 Z-0.0246
X1.2976 Y-0.46 Z-0.0249
X1.2993 Y-0.4596 Z-0.0251
X1.3001 Y-0.4595
X1.3009 Y-0.4594 Z-0.0253
X1.3049 Y-0.4592 Z-0.0261
X1.3062 Z-0.0264
X1.31 Y-0.4598 Z-0.0278
X1.312 Y-0.4604 Z-0.0283
X1.313 Y-0.4609 Z-0.0285
X1.3139 Y-0.4614 Z-0.0288
X1.3153 Y-0.4626 Z-0.0293
X1.3164 Y-0.4638 Z-0.0295
X1.3174 Y-0.4654 Z-0.0296
X1.3183 Y-0.4672 Z-0.0295
X1.3188 Y-0.4694
X1.3191 Y-0.4728 Z-0.0293
X1.319 Y-0.4739 Z-0.0291
Y-0.475
X1.3183 Y-0.4816 Z-0.029
X1.3178 Y-0.4846
X1.3152 Y-0.4978 Z-0.0286
X1.3067 Y-0.5373 Z-0.0272
X1.3045 Y-0.5491 Z-0.0271
X1.3034 Y-0.5567 Z-0.0274
X1.303 Y-0.5616
Y-0.568 Z-0.028
X1.3032 Y-0.569
X1.3035 Y-0.5713 Z-0.0283
X1.3045 Y-0.5749 Z-0.0286
X1.3054 Y-0.5773
X1.3059 Y-0.5785 Z-0.0287
X1.3076 Y-0.5812 Z-0.029
X1.3095 Y-0.5831
X1.3102 Y-0.5837
X1.3114 Y-0.5844 Z-0.0289
X1.3128 Y-0.5849 Z-0.0287
X1.3143 Y-0.585 Z-0.0282
X1.3158 Z-0.0277
X1.3184 Y-0.5845 Z-0.0267
X1.3198 Y-0.5842 Z-0.0261
X1.3211 Y-0.5837 Z-0.0258
X1.3219 Y-0.5832 Z-0.0256
X1.3288 Y-0.5786 Z-0.024
X1.3321 Y-0.5761 Z-0.0234
X1.333 Y-0.5753 Z-0.0233
X1.3352 Y-0.5733 Z-0.023
X1.3406 Y-0.5677 Z-0.0226
X1.344 Y-0.5638 Z-0.0225
X1.3474 Y-0.5636 Z-0.02
X1.344 Y-0.5638 Z-0.0225
X1.3439 Y-0.5602 Z-0.02
G0 Z0.2
X1.6323 Y-0.4743
Z0.18
G1 Z-0.02 F10.
X1.6418 Y-0.473 Z-0.0286
X1.6428 Y-0.4806 Z-0.0252
X1.6448 Y-0.4927 Z-0.02
X1.6428 Y-0.4806 Z-0.0252
X1.6418 Y-0.473 Z-0.0286
X1.6428 Y-0.4699 Z-0.0285
X1.6455 Y-0.4634
X1.6476 Y-0.4592 Z-0.0283
X1.6479 Y-0.4585
X1.6505 Y-0.4541 Z-0.0282
X1.6524 Y-0.4512
X1.6537 Y-0.4495 Z-0.0281
X1.6564 Y-0.4463
X1.6574 Y-0.4452
X1.6608 Y-0.4418 Z-0.0282
X1.6616 Y-0.4411
X1.6657 Y-0.438 Z-0.0283
X1.6709 Y-0.4347 Z-0.0285
X1.6759 Y-0.4323
X1.6809 Y-0.4303 Z-0.0283
X1.6861 Y-0.4288 Z-0.0278
X1.6915 Y-0.4276 Z-0.027
X1.694 Y-0.4273 Z-0.0265
X1.6954 Y-0.4274
X1.7007 Y-0.4281 Z-0.0264
X1.7016 Y-0.4283 Z-0.0262
X1.7051 Y-0.4295 Z-0.0261
X1.708 Y-0.4306 Z-0.0258
X1.7089 Y-0.431
X1.7133 Y-0.434 Z-0.0256
X1.7142 Y-0.4347 Z-0.0255
X1.7168 Y-0.4371
X1.7191 Y-0.4396 Z-0.0252
X1.7197 Y-0.4403
X1.7226 Y-0.4448 Z-0.0251
X1.7234 Y-0.4464 Z-0.025
X1.7249 Y-0.4497 Z-0.0249
X1.7262 Y-0.4531 Z-0.0247
X1.7266 Y-0.4541
X1.7277 Y-0.4599 Z-0.0246
X1.7281 Y-0.4654 Z-0.0245
Y-0.4679 Z-0.0244
X1.7279 Y-0.4715
X1.7273 Y-0.4769 Z-0.0243
X1.7255 Y-0.4853 Z-0.024
X1.7243 Y-0.4898 Z-0.0241
X1.7229 Y-0.4937 Z-0.0239
X1.7196 Y-0.5017 Z-0.0238
X1.715 Y-0.5107 Z-0.0237
X1.7124 Y-0.5154 Z-0.0238
X1.7099 Y-0.5192 Z-0.0236
X1.7042 Y-0.5275
X1.698 Y-0.5353 Z-0.0234
X1.693 Y-0.541 Z-0.0235
X1.6836 Y-0.5506 Z-0.0234
X1.6818 Y-0.5523 Z-0.0235
X1.6756 Y-0.5575 Z-0.0234
X1.6693 Y-0.5625 Z-0.0235
X1.6689 Y-0.5629
X1.6681 Y-0.5638 Z-0.0238
X1.6673 Y-0.5649 Z-0.0242
X1.666 Y-0.5669 Z-0.0258
X1.6647 Y-0.5689 Z-0.0277
X1.6627 Y-0.5719 Z-0.031
X1.6644 Y-0.5731 Z-0.0306
X1.6662 Y-0.5742 Z-0.0305
X1.6701 Y-0.5764 Z-0.0304
X1.6766 Y-0.5795 Z-0.0301
X1.6803 Y-0.5811 Z-0.0298
X1.683 Y-0.5822 Z-0.0296
X1.6872 Y-0.5836 Z-0.0292
X1.6897 Y-0.5844 Z-0.0291
X1.6943 Y-0.5856 Z-0.0286
X1.6968 Y-0.5861 Z-0.0285
X1.7013 Y-0.5869 Z-0.0282
X1.7084 Y-0.5879 Z-0.0279
X1.7113 Y-0.5882
X1.7227 Y-0.5878 Z-0.0265
X1.7328 Y-0.5865 Z-0.0258
X1.7407 Y-0.5848 Z-0.0252
X1.743 Y-0.5841 Z-0.0253
X1.7491 Y-0.5817 Z-0.0249
X1.7521 Y-0.5803 Z-0.0247
X1.7574 Y-0.5774 Z-0.0242
X1.7607 Y-0.575 Z-0.024
X1.7651 Y-0.5714 Z-0.0236
X1.769 Y-0.568 Z-0.0233
X1.7723 Y-0.5647 Z-0.0229
X1.7787 Y-0.5576 Z-0.0226
X1.7828 Y-0.5526
X1.7861 Y-0.5525 Z-0.02
X1.7828 Y-0.5526 Z-0.0226
Y-0.5487 Z-0.02
Y-0.5526 Z-0.0226
X1.7787 Y-0.5576
X1.7723 Y-0.5647 Z-0.0229
X1.769 Y-0.568 Z-0.0233
X1.7651 Y-0.5714 Z-0.0236
X1.7607 Y-0.575 Z-0.024
X1.7574 Y-0.5774 Z-0.0242
X1.7521 Y-0.5803 Z-0.0247
X1.7491 Y-0.5817 Z-0.0249
X1.743 Y-0.5841 Z-0.0253
X1.7407 Y-0.5848 Z-0.0252
X1.7328 Y-0.5865 Z-0.0258
X1.7227 Y-0.5878 Z-0.0265
X1.7113 Y-0.5882 Z-0.0279
X1.7084 Y-0.5879
X1.7013 Y-0.5869 Z-0.0282
X1.6968 Y-0.5861 Z-0.0285
X1.6943 Y-0.5856 Z-0.0286
X1.6897 Y-0.5844 Z-0.0291
X1.6872 Y-0.5836 Z-0.0292
X1.683 Y-0.5822 Z-0.0296
X1.6803 Y-0.5811 Z-0.0298
X1.6766 Y-0.5795 Z-0.0301
X1.6701 Y-0.5764 Z-0.0304
X1.6662 Y-0.5742 Z-0.0305
X1.6644 Y-0.5731 Z-0.0306
X1.6627 Y-0.5719 Z-0.031
X1.6615 Y-0.5713 Z-0.0308
X1.6603 Y-0.5708
X1.6594 Y-0.5703
X1.6566 Y-0.5686 Z-0.0312
X1.6551 Y-0.5677 Z-0.0314
X1.6535 Y-0.5669 Z-0.0318
X1.6525 Y-0.5658 Z-0.0317
X1.6421 Y-0.5576
X1.634 Y-0.5508 Z-0.032
X1.6262 Y-0.5437 Z-0.0322
X1.6191 Y-0.5363 Z-0.0324
X1.6125 Y-0.5285
X1.6062 Y-0.5201 Z-0.0322
X1.5997 Y-0.5108 Z-0.0317
X1.5942 Y-0.5023 Z-0.0318
X1.5919 Y-0.4979 Z-0.0315
X1.5853 Y-0.4851 Z-0.031
X1.585 Y-0.4844
X1.5794 Y-0.4716 Z-0.0307
X1.5753 Y-0.4608 Z-0.0304
X1.5745 Y-0.4581 Z-0.0302
X1.5721 Y-0.45 Z-0.0299
X1.5708 Y-0.4451 Z-0.0295
X1.5694 Y-0.4389 Z-0.0293
X1.568 Y-0.4322 Z-0.0288
X1.5659 Y-0.4189 Z-0.0285
X1.5654 Y-0.4148 Z-0.0286
X1.5649 Y-0.4126 Z-0.0287
X1.5647 Y-0.4115 Z-0.0288
X1.5624 Z-0.0268
X1.5609 Z-0.0256
X1.5598 Z-0.0248
X1.5588 Z-0.0243
X1.5578 Y-0.4116 Z-0.0238
X1.5568 Y-0.4118 Z-0.0235
X1.5559 Y-0.4121 Z-0.0233
X1.555 Y-0.4125 Z-0.0232
X1.5436 Y-0.4202 Z-0.0237
X1.5328 Y-0.4281 Z-0.0243
X1.5287 Y-0.4314 Z-0.0247
X1.5226 Y-0.4366 Z-0.0252
X1.5177 Y-0.4414 Z-0.0257
X1.5133 Y-0.4464 Z-0.0263
X1.5129 Y-0.4469
X1.5091 Y-0.4519 Z-0.027
X1.5074 Y-0.4544 Z-0.0274
X1.5054 Y-0.4578 Z-0.0277
X1.5038 Y-0.4608 Z-0.0282
X1.5022 Y-0.464 Z-0.0284
X1.5007 Y-0.4674 Z-0.0289
X1.4995 Y-0.4705 Z-0.0291
X1.4982 Y-0.4744 Z-0.0295
X1.4959 Y-0.4816 Z-0.03
X1.4921 Y-0.4971 Z-0.0308
X1.4918 Y-0.4989 Z-0.031
X1.4909 Y-0.5125 Z-0.0333
X1.4915 Y-0.5191 Z-0.0335
X1.4919 Y-0.5219 Z-0.0336
X1.4929 Y-0.5275 Z-0.0338
X1.4939 Y-0.5312 Z-0.034
X1.4958 Y-0.5369
X1.4966 Y-0.5388
X1.4972 Y-0.5401
X1.5011 Y-0.5478 Z-0.0341
X1.5018 Y-0.549 Z-0.0342
X1.5068 Y-0.5558 Z-0.0339
X1.5077 Y-0.5569
X1.5108 Y-0.5606 Z-0.0338
X1.514 Y-0.5639 Z-0.0335
X1.5187 Y-0.5684 Z-0.0326
X1.5199 Y-0.5694 Z-0.0324
X1.5213 Y-0.5704 Z-0.0323
X1.53 Y-0.576 Z-0.0317
X1.5376 Y-0.58 Z-0.0305
X1.5411 Y-0.5817 Z-0.0302
X1.5469 Y-0.5842 Z-0.0295
X1.5525 Y-0.5861 Z-0.0289
X1.556 Y-0.587 Z-0.0284
X1.5652 Y-0.589 Z-0.0276
X1.5746 Y-0.5901 Z-0.027
X1.5778 Y-0.5903
X1.5934 Y-0.5904 Z-0.0257
X1.5958 Y-0.5903
X1.6065 Y-0.5892 Z-0.0253
X1.607 Y-0.5891 Z-0.0252
X1.6132 Y-0.588 Z-0.0251
X1.6204 Y-0.5865 Z-0.0246
X1.6218 Y-0.5861
X1.6328 Y-0.5824 Z-0.0241
X1.6331 Y-0.5823
X1.6456 Y-0.5773 Z-0.0237
X1.6464 Y-0.5769 Z-0.0238
X1.6472 Y-0.5763 Z-0.024
X1.6479 Y-0.5757 Z-0.0242
X1.6489 Y-0.5745 Z-0.0248
X1.6496 Y-0.5733 Z-0.0256
X1.6505 Y-0.5718 Z-0.0268
X1.6517 Y-0.5698 Z-0.0287
X1.6535 Y-0.5669 Z-0.0318
X1.6517 Y-0.5698 Z-0.0287
X1.6505 Y-0.5718 Z-0.0268
X1.6496 Y-0.5733 Z-0.0256
X1.6489 Y-0.5745 Z-0.0248
X1.6479 Y-0.5757 Z-0.0242
X1.6472 Y-0.5763 Z-0.024
X1.6464 Y-0.5769 Z-0.0238
X1.6456 Y-0.5773 Z-0.0237
X1.6331 Y-0.5823 Z-0.0241
X1.6328 Y-0.5824
X1.6218 Y-0.5861 Z-0.0246
X1.6204 Y-0.5865
X1.6132 Y-0.588 Z-0.0251
X1.607 Y-0.5891 Z-0.0252
X1.6065 Y-0.5892 Z-0.0253
X1.5958 Y-0.5903 Z-0.0257
X1.5934 Y-0.5904
X1.5778 Y-0.5903 Z-0.027
X1.5746 Y-0.5901
X1.5652 Y-0.589 Z-0.0276
X1.556 Y-0.587 Z-0.0284
X1.5525 Y-0.5861 Z-0.0289
X1.5469 Y-0.5842 Z-0.0295
X1.5411 Y-0.5817 Z-0.0302
X1.5376 Y-0.58 Z-0.0305
X1.53 Y-0.576 Z-0.0317
X1.5213 Y-0.5704 Z-0.0323
X1.5199 Y-0.5694 Z-0.0324
X1.5187 Y-0.5684 Z-0.0326
X1.514 Y-0.5639 Z-0.0335
X1.5108 Y-0.5606 Z-0.0338
X1.5077 Y-0.5569 Z-0.0339
X1.5068 Y-0.5558
X1.5018 Y-0.549 Z-0.0342
X1.5011 Y-0.5478 Z-0.0341
X1.4972 Y-0.5401 Z-0.034
X1.4966 Y-0.5388
X1.4958 Y-0.5369
X1.4939 Y-0.5312
X1.4929 Y-0.5275 Z-0.0338
X1.4919 Y-0.5219 Z-0.0336
X1.4915 Y-0.5191 Z-0.0335
X1.4909 Y-0.5125 Z-0.0333
X1.4918 Y-0.4989 Z-0.031
X1.4921 Y-0.4971 Z-0.0308
X1.4959 Y-0.4816 Z-0.03
X1.4982 Y-0.4744 Z-0.0295
X1.4995 Y-0.4705 Z-0.0291
X1.5007 Y-0.4674 Z-0.0289
X1.5022 Y-0.464 Z-0.0284
X1.5038 Y-0.4608 Z-0.0282
X1.5054 Y-0.4578 Z-0.0277
X1.5074 Y-0.4544 Z-0.0274
X1.5091 Y-0.4519 Z-0.027
X1.5129 Y-0.4469 Z-0.0263
X1.5133 Y-0.4464
X1.5177 Y-0.4414 Z-0.0257
X1.5226 Y-0.4366 Z-0.0252
X1.5287 Y-0.4314 Z-0.0247
X1.5328 Y-0.4281 Z-0.0243
X1.5436 Y-0.4202 Z-0.0237
X1.555 Y-0.4125 Z-0.0232
X1.5559 Y-0.4121 Z-0.0233
X1.5568 Y-0.4118 Z-0.0235
X1.5578 Y-0.4116 Z-0.0238
X1.5588 Y-0.4115 Z-0.0243
X1.5598 Z-0.0248
X1.5609 Z-0.0256
X1.5624 Z-0.0268
X1.5647 Z-0.0288
X1.5649 Y-0.4097 Z-0.0284
Y-0.4078 Z-0.0282
X1.5648 Y-0.4043 Z-0.028
X1.565 Y-0.4028 Z-0.0281
X1.5652 Y-0.4013 Z-0.0283
X1.565 Y-0.3999 Z-0.028
Y-0.3984 Z-0.0279
Y-0.3938 Z-0.0276
X1.5653 Y-0.3872 Z-0.0273
X1.5657 Y-0.3818 Z-0.0271
X1.5666 Y-0.3752 Z-0.0266
X1.5675 Y-0.3695 Z-0.0264
X1.5687 Y-0.3631 Z-0.0259
X1.5702 Y-0.3573 Z-0.0258
X1.5719 Y-0.3516 Z-0.0255
X1.5735 Y-0.3466 Z-0.0253
X1.576 Y-0.3401 Z-0.025
X1.5776 Y-0.3364 Z-0.0249
X1.5805 Y-0.3306 Z-0.0245
X1.5827 Y-0.3266 Z-0.0244
X1.5859 Y-0.3215 Z-0.0241
X1.5888 Y-0.3173 Z-0.0242
X1.5922 Y-0.3133 Z-0.0238
X1.5995 Y-0.3054 Z-0.0235
X1.6043 Y-0.3013 Z-0.0237
X1.6061 Y-0.3 Z-0.0236
X1.6101 Y-0.2974
X1.6137 Y-0.2956 Z-0.0235
X1.6163 Y-0.2945 Z-0.0236
X1.6178 Y-0.294
X1.6231 Y-0.2926 Z-0.0238
X1.6309 Y-0.2913 Z-0.024
X1.6362 Y-0.2911 Z-0.0248
X1.6376 Z-0.025
X1.6407 Y-0.2915 Z-0.0252
X1.6432 Y-0.2921 Z-0.0256
X1.6462 Y-0.2932 Z-0.026
X1.6484 Y-0.2941 Z-0.0264
X1.6511 Y-0.2957 Z-0.0266
X1.652 Y-0.2963
X1.6528 Y-0.2968 Z-0.0269
X1.6561 Y-0.2999 Z-0.0275
X1.6568 Y-0.3006 Z-0.0276
X1.6595 Y-0.3044 Z-0.0281
X1.66 Y-0.3055
X1.6612 Y-0.3082 Z-0.0286
X1.6619 Y-0.3107
X1.6622 Y-0.312 Z-0.0287
X1.6626 Y-0.3159 Z-0.0288
X1.6624 Y-0.3174 Z-0.0285
X1.6623 Y-0.3183 Z-0.0284
X1.6608 Y-0.3257 Z-0.0278
X1.6589 Y-0.3322 Z-0.0274
X1.6585 Y-0.3333 Z-0.0273
X1.6555 Y-0.3401 Z-0.0271
X1.654 Y-0.3427 Z-0.027
X1.6515 Y-0.3466 Z-0.0266
X1.6461 Y-0.353 Z-0.0259
X1.6401 Y-0.3591 Z-0.0251
X1.6337 Y-0.3643 Z-0.0244
X1.6272 Y-0.3692 Z-0.0241
X1.6257 Y-0.3702
X1.6128 Y-0.3787 Z-0.0236
X1.5994 Y-0.3867 Z-0.0232
X1.5877 Y-0.3933 Z-0.023
X1.5737 Y-0.4008
X1.5727 Y-0.4011 Z-0.0232
X1.5722 Y-0.4012 Z-0.0233
X1.571 Y-0.4013 Z-0.0238
X1.5701 Z-0.0243
X1.5691 Z-0.0251
X1.5675 Z-0.0263
X1.5652 Z-0.0283
G0 Z0.2
X1.9015 Y-0.5847
Z0.18
G1 Z-0.02 F10.
X1.9201 Y-0.5776 Z-0.0329
X1.9147 Y-0.5607 Z-0.02
X1.9201 Y-0.5776 Z-0.0329
X1.9215 Y-0.5782 Z-0.0328
X1.9288 Y-0.5809 Z-0.0322
X1.9361 Y-0.5832 Z-0.0315
X1.9395 Y-0.5841 Z-0.031
X1.9438 Y-0.5851 Z-0.0306
X1.9517 Y-0.5866 Z-0.0297
X1.9614 Y-0.5879 Z-0.0287
X1.9683 Y-0.5886 Z-0.0282
X1.9722 Y-0.5888 Z-0.0278
X1.9818 Y-0.589 Z-0.0271
X1.994 Z-0.026
X1.9954 Y-0.5889
X2.0063 Y-0.5878 Z-0.0254
X2.0086 Y-0.5875
X2.015 Y-0.5864 Z-0.0251
X2.0186 Y-0.5856 Z-0.0248
X2.0212 Y-0.5849
X2.0273 Y-0.583 Z-0.0245
X2.0303 Y-0.5819 Z-0.0243
X2.0333 Y-0.5807 Z-0.0241
X2.0417 Y-0.577 Z-0.0234
X2.0453 Y-0.575
X2.0512 Y-0.5716 Z-0.023
X2.06 Y-0.5658 Z-0.0229
X2.0603 Y-0.5656
X2.0677 Y-0.5597 Z-0.0235
X2.0687 Y-0.5588 Z-0.0234
X2.0743 Y-0.5528 Z-0.0235
X2.0763 Y-0.5505
X2.0802 Y-0.5452 Z-0.024
X2.082 Y-0.5425 Z-0.0241
X2.0852 Y-0.5371 Z-0.0245
X2.087 Y-0.5335 Z-0.0247
X2.0892 Y-0.5283 Z-0.0255
X2.0906 Y-0.5238 Z-0.026
X2.0915 Y-0.5205 Z-0.0266
X2.0928 Y-0.5145 Z-0.0272
X2.0931 Y-0.5128 Z-0.0275
X2.0934 Y-0.504 Z-0.0287
Y-0.5034 Z-0.0288
X2.0931 Y-0.4977 Z-0.0295
X2.0922 Y-0.4926 Z-0.03
X2.0908 Y-0.4874 Z-0.0307
X2.0899 Y-0.4847 Z-0.0311
X2.0884 Y-0.4812 Z-0.0316
X2.0866 Y-0.4777 Z-0.0319
X2.0846 Y-0.4742 Z-0.032
X2.0833 Y-0.4724 Z-0.0321
X2.079 Y-0.467 Z-0.0327
X2.0742 Y-0.4617 Z-0.0329
X2.0727 Y-0.4602 Z-0.0331
X2.0646 Y-0.4529 Z-0.0329
X2.0636 Y-0.4522
X2.0527 Y-0.444
X2.0202 Y-0.4222 Z-0.0328
X2.0079 Y-0.4135 Z-0.0332
X2.0009 Y-0.4082 Z-0.0331
X1.9933 Y-0.402 Z-0.0334
X1.9902 Y-0.3989 Z-0.0332
X1.9872 Y-0.3956 Z-0.0333
X1.9849 Y-0.3927 Z-0.0332
X1.983 Y-0.39 Z-0.033
X1.9814 Y-0.3871 Z-0.0325
X1.9801 Y-0.3836 Z-0.0321
X1.9791 Y-0.3805 Z-0.0316
X1.9779 Y-0.376 Z-0.031
Y-0.3741 Z-0.0305
X1.978 Y-0.3685 Z-0.0294
X1.9784 Y-0.3638 Z-0.0286
X1.9786 Y-0.3625 Z-0.0284
X1.9789 Y-0.3611 Z-0.0283
X1.9802 Y-0.3559 Z-0.0282
X1.9816 Y-0.3514 Z-0.0278
X1.9834 Y-0.3461 Z-0.0275
X1.9853 Y-0.3417 Z-0.0271
X1.9875 Y-0.3374 Z-0.0266
X1.9902 Y-0.3329 Z-0.0258
X1.9932 Y-0.3287 Z-0.0253
X1.9965 Y-0.3248 Z-0.0248
X2.0005 Y-0.3207 Z-0.0246
X2.0034 Y-0.3179 Z-0.0243
X2.0109 Y-0.3116 Z-0.0241
X2.0189 Y-0.3057
X2.0273 Y-0.3002 Z-0.0239
X2.033 Y-0.2967 Z-0.0241
X2.0372 Y-0.2944 Z-0.0239
X2.0487 Y-0.2886
X2.0579 Y-0.2848 Z-0.0238
X2.0655 Y-0.2818
X2.0687 Y-0.2808 Z-0.0237
X2.0788 Y-0.2777
X2.0829 Y-0.2767 Z-0.0238
X2.0892 Y-0.2753 Z-0.0236
X2.0996 Y-0.2737 Z-0.0238
X2.1104 Y-0.273
X2.1141 Z-0.0241
X2.1196 Y-0.2733
X2.1227 Y-0.2737 Z-0.0244
X2.1291 Y-0.275 Z-0.0248
X2.1307 Y-0.2754 Z-0.025
X2.1358 Y-0.2775 Z-0.0254
X2.1364 Y-0.2779 Z-0.0256
X2.1381 Y-0.2788 Z-0.026
X2.1428 Y-0.282 Z-0.0269
X2.1444 Y-0.2834 Z-0.0275
X2.1476 Y-0.2875 Z-0.0284
X2.1484 Y-0.2887 Z-0.0287
X2.1489 Y-0.2897 Z-0.029
X2.1496 Y-0.2913 Z-0.0294
X2.1501 Y-0.293 Z-0.0296
X2.1505 Y-0.295 Z-0.0297
X2.1507 Y-0.2972
X2.1508 Y-0.2999 Z-0.0301
X2.15 Y-0.3052 Z-0.03
X2.1494 Y-0.3085 Z-0.0302
X2.1485 Y-0.3122
X2.1483 Y-0.3127 Z-0.0303
X2.1463 Y-0.3177 Z-0.0304
X2.145 Y-0.3204 Z-0.0305
X2.1428 Y-0.3243
X2.1373 Y-0.3323 Z-0.0306
X2.1331 Y-0.3376 Z-0.0304
X2.1289 Y-0.3423 Z-0.0305
X2.1221 Y-0.3494 Z-0.0304
X2.1197 Y-0.3516 Z-0.0305
X2.1097 Y-0.3601 Z-0.0303
X2.1067 Y-0.3625 Z-0.0301
X2.1038 Y-0.3646
X2.1044 Y-0.3765 Z-0.02
X2.1038 Y-0.3646 Z-0.0301
X2.0852 Y-0.3657 Z-0.02
G0 Z0.2
X2.2484 Y-0.4582
Z0.18
G1 Z-0.02 F10.
X2.2565 Y-0.4654 Z-0.0299
X2.271 Y-0.4488 Z-0.02
X2.2565 Y-0.4654 Z-0.0299
X2.2553 Y-0.47
X2.255 Y-0.4709 Z-0.03
X2.254 Y-0.4735 Z-0.0303
X2.2531 Y-0.4751 Z-0.0308
X2.2532 Y-0.4756 Z-0.0306
Y-0.4777 Z-0.03
X2.2531 Y-0.4788 Z-0.0298
X2.253 Y-0.4799 Z-0.0297
X2.2528 Y-0.4809 Z-0.0296
X2.2526 Y-0.4819
X2.2463 Y-0.506 Z-0.0297
X2.2436 Y-0.5153 Z-0.03
X2.2441 Y-0.5176 Z-0.0289
X2.2442 Y-0.5187 Z-0.0285
X2.2443 Y-0.5198 Z-0.0282
Y-0.5208 Z-0.0279
Y-0.5219 Z-0.0277
X2.2441 Y-0.5229 Z-0.0275
X2.2418 Y-0.533 Z-0.0273
X2.2389 Y-0.5465 Z-0.0272
X2.2383 Y-0.5501 Z-0.0273
X2.2374 Y-0.5587 Z-0.0274
X2.2373 Y-0.5595 Z-0.0275
X2.2372 Y-0.5667 Z-0.0283
X2.2374 Y-0.568
X2.2376 Y-0.5691 Z-0.0285
X2.2389 Y-0.5737 Z-0.029
X2.2395 Y-0.5753
X2.2403 Y-0.577 Z-0.0291
X2.2421 Y-0.5799 Z-0.0293
X2.2437 Y-0.5817 Z-0.0294
X2.245 Y-0.5828 Z-0.0293
X2.2464 Y-0.5836 Z-0.0291
X2.2478 Y-0.5841 Z-0.0289
X2.2497 Y-0.5842 Z-0.0283
X2.2505 Z-0.028
X2.2515 Y-0.5841 Z-0.0275
X2.2551 Y-0.5833 Z-0.026
X2.256 Y-0.583 Z-0.0257
X2.2577 Y-0.5821 Z-0.0252
X2.2643 Y-0.5776 Z-0.0238
X2.2675 Y-0.5751 Z-0.0233
X2.2703 Y-0.5727 Z-0.0228
X2.2756 Y-0.5673 Z-0.0225
X2.2788 Y-0.5637 Z-0.0224
X2.282 Y-0.5636 Z-0.02
X2.2788 Y-0.5637 Z-0.0224
X2.2787 Y-0.5602 Z-0.02
X2.2788 Y-0.5637 Z-0.0224
X2.2756 Y-0.5673 Z-0.0225
X2.2703 Y-0.5727 Z-0.0228
X2.2675 Y-0.5751 Z-0.0233
X2.2643 Y-0.5776 Z-0.0238
X2.2577 Y-0.5821 Z-0.0252
X2.256 Y-0.583 Z-0.0257
X2.2551 Y-0.5833 Z-0.026
X2.2515 Y-0.5841 Z-0.0275
X2.2505 Y-0.5842 Z-0.028
X2.2497 Z-0.0283
X2.2478 Y-0.5841 Z-0.0289
X2.2464 Y-0.5836 Z-0.0291
X2.245 Y-0.5828 Z-0.0293
X2.2437 Y-0.5817 Z-0.0294
X2.2421 Y-0.5799 Z-0.0293
X2.2403 Y-0.577 Z-0.0291
X2.2395 Y-0.5753 Z-0.029
X2.2389 Y-0.5737
X2.2376 Y-0.5691 Z-0.0285
X2.2374 Y-0.568 Z-0.0283
X2.2372 Y-0.5667
X2.2373 Y-0.5595 Z-0.0275
X2.2374 Y-0.5587 Z-0.0274
X2.2383 Y-0.5501 Z-0.0273
X2.2389 Y-0.5465 Z-0.0272
X2.2418 Y-0.533 Z-0.0273
X2.2441 Y-0.5229 Z-0.0275
X2.2443 Y-0.5219 Z-0.0277
Y-0.5208 Z-0.0279
Y-0.5198 Z-0.0282
X2.2442 Y-0.5187 Z-0.0285
X2.2441 Y-0.5176 Z-0.0289
X2.2436 Y-0.5153 Z-0.03
X2.2412 Y-0.516 Z-0.0279
X2.2392 Y-0.5168 Z-0.0262
X2.2374 Y-0.5177 Z-0.0248
X2.236 Y-0.5187 Z-0.0238
X2.2355 Y-0.5192 Z-0.0234
X2.2348 Y-0.52 Z-0.023
X2.2344 Y-0.5206 Z-0.0229
X2.234 Y-0.5212 Z-0.0228
X2.2292 Y-0.5317 Z-0.0226
X2.223 Y-0.5425 Z-0.0228
X2.2173 Y-0.5512
X2.212 Y-0.5585
X2.2105 Y-0.5604 Z-0.0229
X2.2057 Y-0.5659 Z-0.023
X2.2006 Y-0.5715 Z-0.0233
X2.1989 Y-0.5732
X2.1954 Y-0.5763 Z-0.0236
X2.1935 Y-0.5777
X2.1899 Y-0.5802 Z-0.024
X2.1874 Y-0.5816
X2.184 Y-0.5832 Z-0.0244
X2.1809 Y-0.5843 Z-0.0246
X2.1776 Y-0.5853 Z-0.0249
X2.1738 Y-0.586 Z-0.0251
X2.173 Y-0.5862 Z-0.0253
X2.1678 Y-0.5865 Z-0.0264
X2.1642 Y-0.5864 Z-0.0274
X2.1626 Y-0.586 Z-0.0276
X2.1602 Y-0.5851 Z-0.0282
X2.1578 Y-0.5839 Z-0.0287
X2.1563 Y-0.5831 Z-0.0291
X2.1553 Y-0.5823 Z-0.0293
X2.1538 Y-0.581 Z-0.0295
X2.1522 Y-0.5793 Z-0.0296
X2.151 Y-0.5777 Z-0.03
X2.1484 Y-0.5726 Z-0.0302
X2.1468 Y-0.5679 Z-0.0303
X2.1464 Y-0.5661
X2.146 Y-0.5634 Z-0.0304
X2.1457 Y-0.5602 Z-0.0303
X2.1455 Y-0.5577
X2.1457 Y-0.5539 Z-0.03
X2.1464 Y-0.5463
X2.1475 Y-0.5394 Z-0.0299
X2.1477 Y-0.5383
X2.1483 Y-0.5359
X2.152 Y-0.524 Z-0.0293
X2.156 Y-0.5143 Z-0.029
X2.1589 Y-0.508 Z-0.0284
X2.1615 Y-0.5033 Z-0.0282
X2.1677 Y-0.4927 Z-0.0273
X2.173 Y-0.4857 Z-0.0265
X2.1752 Y-0.4829 Z-0.0264
X2.179 Y-0.4785 Z-0.0258
X2.1836 Y-0.4737 Z-0.0256
X2.1854 Y-0.4721 Z-0.0254
X2.1926 Y-0.4661 Z-0.0247
X2.1951 Y-0.4644 Z-0.0246
X2.199 Y-0.462 Z-0.0243
X2.2039 Y-0.4597 Z-0.0238
X2.2046 Y-0.4595 Z-0.0237
X2.2078 Y-0.4586 Z-0.0236
X2.211 Y-0.4578 Z-0.0234
X2.2174 Y-0.4567
X2.2223 Y-0.4572 Z-0.0233
X2.2251 Y-0.4576 Z-0.0234
X2.2268 Y-0.458
X2.2287 Y-0.4586 Z-0.0236
X2.2314 Y-0.4597 Z-0.0237
X2.2346 Y-0.4617 Z-0.0238
X2.2354 Y-0.4622 Z-0.0237
X2.2374 Y-0.4639
X2.2392 Y-0.4656 Z-0.0236
X2.2424 Y-0.4692 Z-0.0237
X2.2434 Y-0.4704 Z-0.0239
X2.2439 Y-0.471 Z-0.0241
X2.2451 Y-0.4719 Z-0.0247
X2.2465 Y-0.4728 Z-0.0255
X2.249 Y-0.4739 Z-0.0274
X2.2509 Y-0.4745 Z-0.0289
X2.2531 Y-0.4751 Z-0.0308
G0 Z0.2
X2.2956 Y-0.5226
Z0.18
G1 Z-0.02 F10.
X2.2995 Y-0.5223 Z-0.0229
X2.2999 Y-0.5265 Z-0.02
X2.2995 Y-0.5223 Z-0.0229
X2.3064 Y-0.5135
X2.3142 Y-0.5019 Z-0.023
X2.3174 Y-0.496
X2.3206 Y-0.4897 Z-0.0229
X2.3263 Y-0.4762 Z-0.023
X2.3264 Y-0.4757 Z-0.0232
X2.3269 Y-0.4745 Z-0.0239
X2.3275 Y-0.4727 Z-0.0253
X2.3285 Y-0.4698 Z-0.028
X2.3302 Y-0.4704 Z-0.0276
X2.3312 Y-0.4707 Z-0.0274
X2.3321 Y-0.4709
X2.3343 Y-0.4714
X2.338 Y-0.4719 Z-0.0272
X2.3389 Z-0.0271
X2.3453 Z-0.0266
X2.346 Y-0.4718 Z-0.0265
X2.3526 Y-0.4706 Z-0.0258
X2.3533 Y-0.4703 Z-0.0257
X2.3601 Y-0.4678 Z-0.0247
X2.3605 Y-0.4675 Z-0.0246
X2.3666 Y-0.4636 Z-0.0238
X2.3684 Y-0.4624
X2.3695 Y-0.4619 Z-0.024
X2.3708 Y-0.4615 Z-0.0244
X2.3714 Y-0.4614 Z-0.0247
X2.3723 Y-0.4616 Z-0.0248
X2.3731 Y-0.4618 Z-0.0251
X2.3734 Y-0.4633 Z-0.0242
Y-0.4648 Z-0.0236
X2.3732 Y-0.4654 Z-0.0233
X2.3731 Y-0.4661 Z-0.0232
X2.3729 Y-0.4666 Z-0.023
X2.3727 Y-0.4672
X2.3703 Y-0.4711 Z-0.0233
X2.3603 Y-0.4889 Z-0.0244
X2.3525 Y-0.5037 Z-0.0258
X2.3467 Y-0.5157 Z-0.0267
X2.3447 Y-0.5201 Z-0.027
X2.3414 Y-0.5277 Z-0.0276
X2.3399 Y-0.5312 Z-0.0278
X2.3371 Y-0.5386 Z-0.0284
X2.3357 Y-0.5427 Z-0.0285
X2.3337 Y-0.5493 Z-0.0291
X2.3325 Y-0.5544 Z-0.0293
X2.3316 Y-0.5597 Z-0.0295
X2.3306 Y-0.5672
X2.3305 Y-0.5684 Z-0.0296
Y-0.5697 Z-0.0297
X2.3308 Y-0.5735 Z-0.0299
X2.331 Y-0.5747
X2.3313 Y-0.5762
X2.3319 Y-0.5777
X2.3335 Y-0.5807 Z-0.0298
X2.3346 Y-0.5822 Z-0.0294
X2.3354 Y-0.5829 Z-0.0292
X2.3361 Y-0.5836 Z-0.029
X2.3381 Y-0.5847 Z-0.0284
X2.3406 Y-0.5858 Z-0.0276
X2.3421 Y-0.5861 Z-0.0269
X2.3438 Y-0.5864 Z-0.0264
X2.346 Y-0.5865 Z-0.0259
X2.3494 Y-0.5864 Z-0.025
X2.3508 Y-0.5862 Z-0.0248
X2.3517 Y-0.5859
X2.3569 Y-0.5835 Z-0.0244
X2.3607 Y-0.5814 Z-0.0238
X2.3624 Y-0.5804 Z-0.0237
X2.3651 Y-0.5787 Z-0.0233
X2.3692 Y-0.5757 Z-0.023
X2.3735 Y-0.5722
X2.3768 Y-0.5693 Z-0.0229
X2.3816 Y-0.5646
X2.3856 Y-0.5648 Z-0.02
X2.3816 Y-0.5646 Z-0.0229
X2.3818 Y-0.5605 Z-0.02
X2.3816 Y-0.5646 Z-0.0229
X2.3768 Y-0.5693
X2.3735 Y-0.5722 Z-0.023
X2.3692 Y-0.5757
X2.3651 Y-0.5787 Z-0.0233
X2.3624 Y-0.5804 Z-0.0237
X2.3607 Y-0.5814 Z-0.0238
X2.3569 Y-0.5835 Z-0.0244
X2.3517 Y-0.5859 Z-0.0248
X2.3508 Y-0.5862
X2.3494 Y-0.5864 Z-0.025
X2.346 Y-0.5865 Z-0.0259
X2.3438 Y-0.5864 Z-0.0264
X2.3421 Y-0.5861 Z-0.0269
X2.3406 Y-0.5858 Z-0.0276
X2.3381 Y-0.5847 Z-0.0284
X2.3361 Y-0.5836 Z-0.029
X2.3354 Y-0.5829 Z-0.0292
X2.3346 Y-0.5822 Z-0.0294
X2.3335 Y-0.5807 Z-0.0298
X2.3319 Y-0.5777 Z-0.0299
X2.3313 Y-0.5762
X2.331 Y-0.5747
X2.3308 Y-0.5735
X2.3305 Y-0.5697 Z-0.0297
Y-0.5684 Z-0.0296
X2.3306 Y-0.5672 Z-0.0295
X2.3316 Y-0.5597
X2.3325 Y-0.5544 Z-0.0293
X2.3337 Y-0.5493 Z-0.0291
X2.3357 Y-0.5427 Z-0.0285
X2.3371 Y-0.5386 Z-0.0284
X2.3399 Y-0.5312 Z-0.0278
X2.3414 Y-0.5277 Z-0.0276
X2.3447 Y-0.5201 Z-0.027
X2.3467 Y-0.5157 Z-0.0267
X2.3525 Y-0.5037 Z-0.0258
X2.3603 Y-0.4889 Z-0.0244
X2.3703 Y-0.4711 Z-0.0233
X2.3727 Y-0.4672 Z-0.023
X2.3729 Y-0.4666
X2.3731 Y-0.4661 Z-0.0232
X2.3732 Y-0.4654 Z-0.0233
X2.3734 Y-0.4648 Z-0.0236
Y-0.4633 Z-0.0242
X2.3731 Y-0.4618 Z-0.0251
X2.3815 Y-0.4567 Z-0.02
X2.3731 Y-0.4618 Z-0.0251
X2.3723 Y-0.4616 Z-0.0248
X2.3714 Y-0.4614 Z-0.0247
X2.37 Y-0.4567 Z-0.02
X2.3714 Y-0.4614 Z-0.0247
X2.3708 Y-0.4615 Z-0.0244
X2.3695 Y-0.4619 Z-0.024
X2.3684 Y-0.4624 Z-0.0238
X2.3666 Y-0.4636
X2.3605 Y-0.4675 Z-0.0246
X2.3601 Y-0.4678 Z-0.0247
X2.3533 Y-0.4703 Z-0.0257
X2.3526 Y-0.4706 Z-0.0258
X2.346 Y-0.4718 Z-0.0265
X2.3453 Y-0.4719 Z-0.0266
X2.3389 Z-0.0271
X2.338 Z-0.0272
X2.3343 Y-0.4714 Z-0.0274
X2.3321 Y-0.4709
X2.3312 Y-0.4707
X2.3302 Y-0.4704 Z-0.0276
X2.3285 Y-0.4698 Z-0.028
X2.3281 Y-0.4695
X2.327 Y-0.4691 Z-0.0277
X2.3261 Y-0.4687 Z-0.0276
X2.3253 Y-0.4681 Z-0.0274
X2.3244 Y-0.4676
X2.3189 Y-0.4637 Z-0.0272
X2.317 Y-0.462 Z-0.0271
X2.3154 Y-0.4603 Z-0.0269
X2.3147 Y-0.4595 Z-0.0268
X2.3128 Y-0.4567 Z-0.0264
X2.3112 Y-0.453 Z-0.0259
X2.3101 Y-0.4491 Z-0.0255
X2.3091 Y-0.4446 Z-0.0253
X2.3088 Y-0.4419 Z-0.0248
X2.3089 Y-0.4407
X2.3093 Y-0.4378 Z-0.0247
X2.3099 Y-0.4363 Z-0.0246
X2.3105 Y-0.4349 Z-0.0247
X2.3117 Y-0.4328 Z-0.0246
X2.3122 Y-0.4321 Z-0.0248
X2.3143 Y-0.4301
X2.315 Y-0.4297
X2.3157 Y-0.4293 Z-0.025
X2.3183 Y-0.4285
X2.3198 Y-0.4283
X2.3221 Y-0.4287
X2.3229 Y-0.4289
X2.3241 Y-0.4294
X2.326 Y-0.4306 Z-0.0247
X2.327 Y-0.4315 Z-0.0245
X2.3279 Y-0.4325
X2.3289 Y-0.4338 Z-0.0243
X2.33 Y-0.4358 Z-0.0241
X2.3304 Y-0.4368
X2.3313 Y-0.4392
X2.3324 Y-0.4433 Z-0.0237
X2.3325 Y-0.4443 Z-0.0236
X2.3327 Y-0.447 Z-0.0235
Y-0.4517 Z-0.0232
X2.3324 Y-0.4549
X2.331 Y-0.4626 Z-0.0227
X2.3309 Y-0.463 Z-0.0228
X2.3305 Y-0.464 Z-0.0231
X2.33 Y-0.4651 Z-0.0239
X2.3293 Y-0.4668 Z-0.0254
X2.3281 Y-0.4695 Z-0.028
G0 Z0.2
X2.5154 Y-0.4582
Z0.18
G1 Z-0.02 F10.
X2.5235 Y-0.4654 Z-0.0299
X2.538 Y-0.4488 Z-0.02
X2.5235 Y-0.4654 Z-0.0299
X2.522 Y-0.4709 Z-0.03
X2.5217 Y-0.4718
X2.521 Y-0.4735 Z-0.0303
X2.5201 Y-0.4751 Z-0.0308
X2.5202 Y-0.4756 Z-0.0306
Y-0.4777 Z-0.03
X2.5201 Y-0.4788 Z-0.0298
X2.52 Y-0.4799 Z-0.0297
X2.5198 Y-0.4809 Z-0.0296
X2.5196 Y-0.4819
X2.5133 Y-0.506 Z-0.0297
X2.5106 Y-0.5153 Z-0.03
X2.5111 Y-0.5176 Z-0.0289
X2.5112 Y-0.5187 Z-0.0285
X2.5113 Y-0.5198 Z-0.0282
Y-0.5208 Z-0.0279
Y-0.5219 Z-0.0277
X2.5111 Y-0.5229 Z-0.0275
X2.5109 Y-0.524
X2.5083 Y-0.5353 Z-0.0273
X2.5058 Y-0.5473 Z-0.0272
X2.5053 Y-0.5501 Z-0.0273
X2.5043 Y-0.5595 Z-0.0275
Y-0.5603
X2.5042 Y-0.5669 Z-0.0283
X2.5044 Y-0.568
X2.5049 Y-0.5703 Z-0.0287
X2.5059 Y-0.5737 Z-0.029
X2.5069 Y-0.5762
X2.5074 Y-0.5772 Z-0.0291
X2.5093 Y-0.5802 Z-0.0293
X2.5107 Y-0.5817 Z-0.0294
X2.512 Y-0.5828 Z-0.0293
X2.5134 Y-0.5836 Z-0.0291
X2.5148 Y-0.5841 Z-0.0289
X2.5157 Y-0.5842 Z-0.0286
X2.5175 Z-0.028
X2.5185 Y-0.5841 Z-0.0275
X2.5221 Y-0.5833 Z-0.026
X2.523 Y-0.583 Z-0.0257
X2.5238 Y-0.5826 Z-0.0254
X2.5247 Y-0.5821 Z-0.0252
X2.5313 Y-0.5776 Z-0.0238
X2.5345 Y-0.5751 Z-0.0233
X2.5373 Y-0.5727 Z-0.0228
X2.5426 Y-0.5673 Z-0.0225
X2.5458 Y-0.5637 Z-0.0224
X2.549 Y-0.5636 Z-0.02
X2.5458 Y-0.5637 Z-0.0224
X2.5457 Y-0.5602 Z-0.02
X2.5458 Y-0.5637 Z-0.0224
X2.5426 Y-0.5673 Z-0.0225
X2.5373 Y-0.5727 Z-0.0228
X2.5345 Y-0.5751 Z-0.0233
X2.5313 Y-0.5776 Z-0.0238
X2.5247 Y-0.5821 Z-0.0252
X2.5238 Y-0.5826 Z-0.0254
X2.523 Y-0.583 Z-0.0257
X2.5221 Y-0.5833 Z-0.026
X2.5185 Y-0.5841 Z-0.0275
X2.5175 Y-0.5842 Z-0.028
X2.5157 Z-0.0286
X2.5148 Y-0.5841 Z-0.0289
X2.5134 Y-0.5836 Z-0.0291
X2.512 Y-0.5828 Z-0.0293
X2.5107 Y-0.5817 Z-0.0294
X2.5093 Y-0.5802 Z-0.0293
X2.5074 Y-0.5772 Z-0.0291
X2.5069 Y-0.5762 Z-0.029
X2.5059 Y-0.5737
X2.5049 Y-0.5703 Z-0.0287
X2.5044 Y-0.568 Z-0.0283
X2.5042 Y-0.5669
X2.5043 Y-0.5603 Z-0.0275
Y-0.5595
X2.5053 Y-0.5501 Z-0.0273
X2.5058 Y-0.5473 Z-0.0272
X2.5083 Y-0.5353 Z-0.0273
X2.5109 Y-0.524 Z-0.0275
X2.5111 Y-0.5229
X2.5113 Y-0.5219 Z-0.0277
Y-0.5208 Z-0.0279
Y-0.5198 Z-0.0282
X2.5112 Y-0.5187 Z-0.0285
X2.5111 Y-0.5176 Z-0.0289
X2.5106 Y-0.5153 Z-0.03
X2.5082 Y-0.516 Z-0.0279
X2.5062 Y-0.5168 Z-0.0262
X2.5044 Y-0.5177 Z-0.0248
X2.503 Y-0.5187 Z-0.0238
X2.5025 Y-0.5192 Z-0.0234
X2.502 Y-0.5198 Z-0.0231
X2.5014 Y-0.5206 Z-0.0229
X2.4964 Y-0.5313 Z-0.0226
X2.4905 Y-0.5416 Z-0.0228
X2.4848 Y-0.5505 Z-0.0227
X2.4791 Y-0.5583 Z-0.0228
X2.4775 Y-0.5604 Z-0.0229
X2.4728 Y-0.5658 Z-0.023
X2.4676 Y-0.5715 Z-0.0233
X2.4662 Y-0.5729
X2.4624 Y-0.5763 Z-0.0236
X2.4609 Y-0.5774
X2.4569 Y-0.5802 Z-0.024
X2.4552 Y-0.5812
X2.451 Y-0.5832 Z-0.0244
X2.4486 Y-0.5841 Z-0.0245
X2.4446 Y-0.5853 Z-0.0249
X2.4416 Y-0.5859 Z-0.0251
X2.4408 Y-0.586
X2.4359 Y-0.5864 Z-0.0261
X2.4312 Z-0.0274
X2.4296 Y-0.586 Z-0.0276
X2.4272 Y-0.5851 Z-0.0282
X2.4248 Y-0.5839 Z-0.0287
X2.4233 Y-0.5831 Z-0.0291
X2.4223 Y-0.5823 Z-0.0293
X2.4208 Y-0.581 Z-0.0295
X2.4192 Y-0.5793 Z-0.0297
X2.418 Y-0.5777 Z-0.03
X2.4154 Y-0.5725 Z-0.0302
X2.4138 Y-0.5679 Z-0.0303
X2.4134 Y-0.5661
X2.413 Y-0.5634 Z-0.0304
X2.4127 Y-0.5602 Z-0.0303
X2.4125 Y-0.5577
X2.4127 Y-0.5539 Z-0.03
X2.4134 Y-0.5463
X2.4144 Y-0.5394 Z-0.0299
X2.4147 Y-0.5383
X2.4153 Y-0.5359
X2.419 Y-0.524 Z-0.0293
X2.423 Y-0.5143 Z-0.029
X2.4259 Y-0.508 Z-0.0284
X2.4285 Y-0.5033 Z-0.0282
X2.4347 Y-0.4927 Z-0.0273
X2.44 Y-0.4857 Z-0.0265
X2.4422 Y-0.4829 Z-0.0264
X2.446 Y-0.4785 Z-0.0258
X2.4506 Y-0.4737 Z-0.0256
X2.4524 Y-0.4721 Z-0.0254
X2.4596 Y-0.4661 Z-0.0247
X2.4621 Y-0.4644 Z-0.0246
X2.466 Y-0.462 Z-0.0243
X2.4708 Y-0.4597 Z-0.0238
X2.4716 Y-0.4595 Z-0.0237
X2.4748 Y-0.4586 Z-0.0236
X2.478 Y-0.4578 Z-0.0234
X2.4844 Y-0.4567
X2.4893 Y-0.4572 Z-0.0233
X2.4921 Y-0.4576 Z-0.0234
X2.4938 Y-0.458
X2.4957 Y-0.4586 Z-0.0236
X2.4984 Y-0.4597 Z-0.0237
X2.5016 Y-0.4617 Z-0.0238
X2.5024 Y-0.4622 Z-0.0237
X2.5044 Y-0.4639
X2.5062 Y-0.4656 Z-0.0236
X2.5094 Y-0.4692 Z-0.0237
X2.5104 Y-0.4704 Z-0.0239
X2.5109 Y-0.471 Z-0.0241
X2.5121 Y-0.4719 Z-0.0247
X2.5135 Y-0.4728 Z-0.0256
X2.516 Y-0.4739 Z-0.0274
X2.5179 Y-0.4745 Z-0.0289
X2.5201 Y-0.4751 Z-0.0308
G0 Z0.2
X2.5616 Y-0.5934
Z0.18
G1 Z-0.02 F10.
X2.5714 Y-0.5825 Z-0.0275
X2.5777 Y-0.5883 Z-0.02
X2.5714 Y-0.5825 Z-0.0275
X2.5729 Y-0.5754 Z-0.0276
X2.5755 Y-0.5639 Z-0.028
X2.5787 Y-0.552 Z-0.0289
X2.5808 Y-0.5513 Z-0.0271
X2.5826 Y-0.5505 Z-0.0257
X2.5842 Y-0.5496 Z-0.0246
X2.5854 Y-0.5486 Z-0.0238
X2.5859 Y-0.5481 Z-0.0235
X2.5864 Y-0.5475 Z-0.0233
X2.5867 Y-0.5469 Z-0.0231
X2.5879 Y-0.5442 Z-0.023
X2.5935 Y-0.5317 Z-0.0231
X2.5973 Y-0.5238 Z-0.023
X2.6009 Y-0.5169 Z-0.0232
X2.6082 Y-0.504
X2.6083 Y-0.5038
X2.6136 Y-0.4961 Z-0.0231
X2.6184 Y-0.4894 Z-0.0232
X2.6253 Y-0.4811 Z-0.0233
X2.629 Y-0.4769 Z-0.0236
X2.6317 Y-0.4742
X2.6363 Y-0.4699 Z-0.0238
X2.6411 Y-0.4662 Z-0.0242
X2.6413 Y-0.466
X2.6454 Y-0.4637 Z-0.0247
X2.6472 Y-0.4629 Z-0.0248
X2.6498 Y-0.4619 Z-0.0252
X2.6536 Y-0.4608 Z-0.0254
X2.6544 Y-0.4606 Z-0.0255
X2.6596 Y-0.4603 Z-0.0265
X2.661 Z-0.0268
X2.6643 Y-0.4607 Z-0.028
X2.6663 Y-0.4614 Z-0.0285
X2.6674 Y-0.4619 Z-0.0287
X2.6683 Y-0.4624 Z-0.0289
X2.6691 Y-0.463 Z-0.0291
X2.6701 Y-0.464 Z-0.0294
X2.6712 Y-0.4653 Z-0.0297
X2.6724 Y-0.4671 Z-0.0298
X2.6734 Y-0.4691
X2.6738 Y-0.471
X2.6741 Y-0.4741 Z-0.0297
Y-0.4762 Z-0.0295
X2.6737 Y-0.4806 Z-0.0294
X2.6729 Y-0.4857 Z-0.0291
X2.6711 Y-0.4948 Z-0.0288
X2.664 Y-0.5275 Z-0.0276
X2.6598 Y-0.5482 Z-0.0271
X2.6586 Y-0.5567 Z-0.0274
X2.6583 Y-0.5602
X2.6582 Y-0.5673 Z-0.0279
X2.6584 Y-0.569 Z-0.028
X2.6585 Y-0.57 Z-0.0281
X2.6596 Y-0.5745 Z-0.0285
X2.6603 Y-0.5762
X2.661 Y-0.5778
X2.6629 Y-0.5809 Z-0.0288
X2.6645 Y-0.5827 Z-0.0289
X2.6657 Y-0.5838
X2.667 Y-0.5845 Z-0.0288
X2.6683 Y-0.5849 Z-0.0286
X2.6693 Y-0.585 Z-0.0283
X2.671 Z-0.0277
X2.6739 Y-0.5844 Z-0.0265
X2.6752 Y-0.5841 Z-0.0261
X2.6763 Y-0.5837 Z-0.0258
X2.6774 Y-0.5831 Z-0.0255
X2.6841 Y-0.5785 Z-0.0239
X2.6882 Y-0.5753 Z-0.0233
X2.6905 Y-0.5732 Z-0.0229
X2.6959 Y-0.5676 Z-0.0226
X2.6992 Y-0.5638 Z-0.0225
X2.7026 Y-0.5636 Z-0.02
X2.6992 Y-0.5638 Z-0.0225
X2.6991 Y-0.5602 Z-0.02
X2.6992 Y-0.5638 Z-0.0225
X2.6959 Y-0.5676 Z-0.0226
X2.6905 Y-0.5732 Z-0.0229
X2.6882 Y-0.5753 Z-0.0233
X2.6841 Y-0.5785 Z-0.0239
X2.6774 Y-0.5831 Z-0.0255
X2.6763 Y-0.5837 Z-0.0258
X2.6752 Y-0.5841 Z-0.0261
X2.6739 Y-0.5844 Z-0.0265
X2.671 Y-0.585 Z-0.0277
X2.6693 Z-0.0283
X2.6683 Y-0.5849 Z-0.0286
X2.667 Y-0.5845 Z-0.0288
X2.6657 Y-0.5838 Z-0.0289
X2.6645 Y-0.5827
X2.6629 Y-0.5809 Z-0.0288
X2.661 Y-0.5778 Z-0.0285
X2.6603 Y-0.5762
X2.6596 Y-0.5745
X2.6585 Y-0.57 Z-0.0281
X2.6584 Y-0.569 Z-0.028
X2.6582 Y-0.5673 Z-0.0279
X2.6583 Y-0.5602 Z-0.0274
X2.6586 Y-0.5567
X2.6598 Y-0.5482 Z-0.0271
X2.664 Y-0.5275 Z-0.0276
X2.6711 Y-0.4948 Z-0.0288
X2.6729 Y-0.4857 Z-0.0291
X2.6737 Y-0.4806 Z-0.0294
X2.6741 Y-0.4762 Z-0.0295
Y-0.4741 Z-0.0297
X2.6738 Y-0.471 Z-0.0298
X2.6734 Y-0.4691
X2.6724 Y-0.4671
X2.6712 Y-0.4653 Z-0.0297
X2.6701 Y-0.464 Z-0.0294
X2.6691 Y-0.463 Z-0.0291
X2.6683 Y-0.4624 Z-0.0289
X2.6674 Y-0.4619 Z-0.0287
X2.6663 Y-0.4614 Z-0.0285
X2.6643 Y-0.4607 Z-0.028
X2.661 Y-0.4603 Z-0.0268
X2.6596 Z-0.0265
X2.6544 Y-0.4606 Z-0.0255
X2.6536 Y-0.4608 Z-0.0254
X2.6498 Y-0.4619 Z-0.0252
X2.6472 Y-0.4629 Z-0.0248
X2.6454 Y-0.4637 Z-0.0247
X2.6413 Y-0.466 Z-0.0242
X2.6411 Y-0.4662
X2.6363 Y-0.4699 Z-0.0238
X2.6317 Y-0.4742 Z-0.0236
X2.629 Y-0.4769
X2.6253 Y-0.4811 Z-0.0233
X2.6184 Y-0.4894 Z-0.0232
X2.6136 Y-0.4961 Z-0.0231
X2.6083 Y-0.5038 Z-0.0232
X2.6082 Y-0.504
X2.6009 Y-0.5169
X2.5973 Y-0.5238 Z-0.023
X2.5935 Y-0.5317 Z-0.0231
X2.5879 Y-0.5442 Z-0.023
X2.5867 Y-0.5469 Z-0.0231
X2.5864 Y-0.5475 Z-0.0233
X2.5859 Y-0.5481 Z-0.0235
X2.5854 Y-0.5486 Z-0.0238
X2.5842 Y-0.5496 Z-0.0246
X2.5826 Y-0.5505 Z-0.0257
X2.5808 Y-0.5513 Z-0.0271
X2.5787 Y-0.552 Z-0.0289
X2.578 Y-0.5499 Z-0.0278
X2.5779 Y-0.5488 Z-0.0274
X2.5777 Y-0.5478 Z-0.0271
Y-0.5468 Z-0.0268
X2.5776 Y-0.5458 Z-0.0266
X2.5777 Y-0.5448 Z-0.0265
X2.5779 Y-0.5436
X2.6353 Y-0.2715 Z-0.0309
X2.6257 Y-0.2641 Z-0.02
X2.6353 Y-0.2715 Z-0.0309
X2.6509 Y-0.2518 Z-0.02
G0 Z0.2
X2.0519 Y-0.9354
Z0.18
G1 Z-0.02 F10.
X2.0497 Y-0.9373 Z-0.0216
X2.0482 Y-0.9389 Z-0.0226
X2.0472 Y-0.9406 Z-0.0233
X2.0464 Y-0.9423 Z-0.0239
X2.0459 Y-0.9437 Z-0.0242
X2.0453 Y-0.9467 Z-0.0251
Y-0.95 Z-0.0255
Y-0.951 Z-0.0257
X2.0461 Y-0.9549 Z-0.0259
X2.0464 Y-0.956
X2.0473 Y-0.9582 Z-0.0261
X2.0495 Y-0.9616 Z-0.0259
X2.0501 Y-0.9623 Z-0.0258
X2.0518 Y-0.9641 Z-0.0257
X2.0539 Y-0.9659 Z-0.0252
X2.055 Y-0.9667 Z-0.0251
X2.0598 Y-0.9694 Z-0.0244
X2.0655 Y-0.9714 Z-0.0236
X2.0712 Y-0.9723 Z-0.023
X2.0765 Y-0.9724 Z-0.0225
X2.0778 Z-0.0224
X2.0818 Y-0.972 Z-0.0223
X2.0835 Y-0.9717 Z-0.0221
X2.0871 Y-0.9709 Z-0.022
X2.0889 Y-0.9704 Z-0.0218
X2.0922 Y-0.9692 Z-0.0219
X2.0941 Y-0.9683 Z-0.0217
X2.099 Y-0.9657
X2.1016 Y-0.9641 Z-0.0219
X2.1036 Y-0.9624 Z-0.0218
X2.1078 Y-0.9588 Z-0.022
X2.1095 Y-0.9571 Z-0.0222
X2.1116 Y-0.9545 Z-0.0223
X2.1149 Y-0.9499 Z-0.0227
X2.1157 Y-0.9486 Z-0.0229
X2.1177 Y-0.9446 Z-0.023
X2.1201 Y-0.9393 Z-0.0235
X2.1214 Y-0.9341 Z-0.024
X2.1224 Y-0.929 Z-0.0244
X2.1225 Y-0.9276
X2.1227 Y-0.9238 Z-0.0248
Y-0.9219 Z-0.0249
X2.1225 Y-0.9186 Z-0.0253
X2.1222 Y-0.9164 Z-0.0254
X2.1217 Y-0.9134 Z-0.0257
X2.121 Y-0.9107 Z-0.0259
X2.1204 Y-0.9087 Z-0.0262
X2.1191 Y-0.9054 Z-0.0263
X2.1187 Y-0.9045 Z-0.0264
X2.1163 Y-0.9002 Z-0.0268
X2.1132 Y-0.896 Z-0.027
X2.1101 Y-0.8926 Z-0.0273
X2.1088 Y-0.8916
X2.1065 Y-0.8897 Z-0.0274
X2.1044 Y-0.8882
X2.1034 Y-0.8876
X2.0991 Y-0.8854
X2.0939 Y-0.8835
X2.0893 Y-0.8826 Z-0.0273
X2.088 Y-0.8824
X2.0845 Y-0.8821 Z-0.0272
X2.0825 Z-0.0271
X2.0783 Y-0.8824 Z-0.027
X2.0764 Y-0.8828 Z-0.0269
X2.0716 Y-0.8838 Z-0.0268
X2.0703 Y-0.8841 Z-0.0269
X2.0665 Y-0.8881 Z-0.0245
X2.0636 Y-0.8914 Z-0.0228
X2.0639 Y-0.8944 Z-0.02
X2.0636 Y-0.8914 Z-0.0228
X2.06 Y-0.8934 Z-0.02
X2.0636 Y-0.8914 Z-0.0228
X2.0665 Y-0.8881 Z-0.0245
X2.0703 Y-0.8841 Z-0.0269
X2.0693 Y-0.8826 Z-0.0254
X2.0685 Y-0.8813 Z-0.0243
X2.0679 Y-0.8794 Z-0.023
X2.0677 Y-0.8787 Z-0.0227
Y-0.8776 Z-0.0223
X2.0678 Y-0.8771 Z-0.0222
X2.0679 Y-0.8765
X2.0777 Y-0.848 Z-0.0223
X2.0779 Y-0.8475 Z-0.0225
X2.0785 Y-0.8467 Z-0.0228
X2.0794 Y-0.8459 Z-0.0234
X2.0853 Y-0.8412 Z-0.0275
X2.0797 Y-0.8345 Z-0.02
X2.0853 Y-0.8412 Z-0.0275
X2.0875 Y-0.8411
X2.0911 Y-0.841 Z-0.0276
X2.0947 Y-0.8411
X2.0991 Y-0.8414 Z-0.0277
X2.1077 Y-0.8421
X2.1217 Y-0.8426 Z-0.0276
X2.1228
X2.1286 Y-0.8422 Z-0.0277
X2.1344 Y-0.8492 Z-0.02
X2.1286 Y-0.8422 Z-0.0277
X2.1292 Y-0.8417 Z-0.0274
X2.1344 Y-0.8365 Z-0.0241
X2.1349 Y-0.836 Z-0.0239
X2.1383 Y-0.8311 Z-0.0222
X2.1401 Y-0.8275 Z-0.0217
X2.1392 Y-0.8258 Z-0.02
X2.1401 Y-0.8275 Z-0.0217
X2.1425 Y-0.8258 Z-0.02
G0 Z0.2
X1.93 Y-0.9731
Z0.18
G1 Z-0.02 F10.
X1.9327 Y-0.9698 Z-0.0228
X1.93 Y-0.9684 Z-0.02
X1.9327 Y-0.9698 Z-0.0228
X1.9419 Y-0.9659 Z-0.0249
X1.9484 Y-0.9635 Z-0.0268
X1.9494 Y-0.9637 Z-0.0265
X1.9504 Y-0.9638 Z-0.0264
X1.9513 Z-0.0262
X1.9523
X1.9543 Y-0.9636 Z-0.0263
X1.9598 Y-0.9634 Z-0.0267
X1.9667 Z-0.027
X1.978 Y-0.9642 Z-0.0272
X1.9916 Y-0.9653 Z-0.0274
X2.0004 Y-0.9657
X2.0051 Y-0.9655
X2.0093 Y-0.9651 Z-0.0277
X2.0098 Y-0.965
X2.0124 Y-0.9644 Z-0.0279
X2.0151 Y-0.9616 Z-0.0262
X2.0186 Y-0.9573 Z-0.0242
X2.0212 Y-0.9533 Z-0.023
X2.0236 Y-0.9492 Z-0.0221
X2.0269 Y-0.9419 Z-0.0213
X2.0262 Y-0.9407 Z-0.02
X2.0269 Y-0.9419 Z-0.0213
X2.0287 Y-0.9407 Z-0.02
X2.0269 Y-0.9419 Z-0.0213
X2.0236 Y-0.9492 Z-0.0221
X2.0212 Y-0.9533 Z-0.023
X2.0186 Y-0.9573 Z-0.0242
X2.0151 Y-0.9616 Z-0.0262
X2.0124 Y-0.9644 Z-0.0279
X2.0183 Y-0.9715 Z-0.02
X2.0124 Y-0.9644 Z-0.0279
X2.0098 Y-0.965 Z-0.0277
X2.0093 Y-0.9651
X2.0051 Y-0.9655 Z-0.0274
X2.0004 Y-0.9657
X1.9916 Y-0.9653
X1.978 Y-0.9642 Z-0.0272
X1.9667 Y-0.9634 Z-0.027
X1.9598 Z-0.0267
X1.9543 Y-0.9636 Z-0.0263
X1.9523 Y-0.9638 Z-0.0262
X1.9513
X1.9504 Z-0.0264
X1.9494 Y-0.9637 Z-0.0265
X1.9484 Y-0.9635 Z-0.0268
Y-0.9617 Z-0.0254
X1.9485 Y-0.9602 Z-0.0242
X1.9488 Y-0.9588 Z-0.0233
X1.9493 Y-0.9576 Z-0.0226
X1.9496 Y-0.9572 Z-0.0224
X1.9499 Y-0.9567 Z-0.0222
X1.9502 Y-0.9563 Z-0.0221
X1.9552 Y-0.9525
X1.9673 Y-0.943 Z-0.0223
X1.983 Y-0.9306 Z-0.0228
X1.9876 Y-0.9266 Z-0.0232
X1.9951 Y-0.9199 Z-0.0234
X2.0065 Y-0.9089 Z-0.0244
X2.0144 Y-0.8994 Z-0.0251
X2.0158 Y-0.8976 Z-0.0254
X2.0195 Y-0.8916 Z-0.0259
X2.021 Y-0.8891 Z-0.0261
X2.0227 Y-0.8855 Z-0.0266
X2.0245 Y-0.8807 Z-0.0269
X2.0252 Y-0.8787
X2.0259 Y-0.8759 Z-0.0272
X2.0265 Y-0.871 Z-0.0274
X2.0268 Y-0.8674 Z-0.0273
X2.0269 Y-0.8662 Z-0.0274
X2.0264 Y-0.8603 Z-0.0273
X2.0252 Y-0.8548 Z-0.0272
X2.0245 Y-0.8527 Z-0.0269
X2.0232 Y-0.8503 Z-0.0267
X2.0213 Y-0.8472 Z-0.0263
X2.02 Y-0.8454 Z-0.0261
X2.0168 Y-0.842 Z-0.0252
X2.0163 Y-0.8415 Z-0.0251
X2.0132 Y-0.8391 Z-0.0248
X2.0113 Y-0.8379 Z-0.0244
X2.0058 Y-0.8356 Z-0.0234
X2.0049 Y-0.8353 Z-0.0233
X1.9998 Y-0.8343 Z-0.0228
X1.9982 Y-0.8342
X1.9939 Z-0.0223
X1.9901 Y-0.8346
X1.9877 Y-0.835 Z-0.0222
X1.9826 Y-0.8363 Z-0.0221
X1.9771 Y-0.8391
X1.9756 Y-0.8399 Z-0.0222
X1.9722 Y-0.8423
X1.9692 Y-0.8448 Z-0.0227
X1.9679 Y-0.8461
X1.9644 Y-0.8502 Z-0.0233
X1.9643 Y-0.8503
X1.9627 Y-0.8531 Z-0.0239
X1.9614 Y-0.8556 Z-0.0244
X1.9605 Y-0.8586 Z-0.0248
X1.9598 Y-0.8614 Z-0.025
X1.9597 Y-0.8622 Z-0.0251
X1.9595 Y-0.8677 Z-0.026
X1.9597 Y-0.8687
X1.9603 Y-0.8707 Z-0.0263
X1.9617 Y-0.8733 Z-0.0261
X1.9621 Y-0.8738 Z-0.026
X1.9634 Y-0.8751 Z-0.0256
X1.9647 Y-0.8759 Z-0.0252
X1.9663 Y-0.8766 Z-0.0246
X1.968 Y-0.8772 Z-0.0238
X1.9693 Y-0.8774 Z-0.0232
X1.9698 Y-0.8775 Z-0.0231
X1.9718 Y-0.8772 Z-0.0219
X1.9748 Y-0.8766 Z-0.02
G0 Z0.2
X1.9246 Y-0.8764
Z0.18
G1 Z-0.0276 F10.
Y-0.8685 Z-0.027
X1.9243 Y-0.8659 Z-0.0269
X1.9236 Y-0.8614 Z-0.0264
X1.9229 Y-0.8586 Z-0.0261
X1.9215 Y-0.8542 Z-0.0254
X1.9183 Y-0.8474 Z-0.0246
X1.9142 Y-0.8418 Z-0.0235
X1.9141 Y-0.8416
X1.9116 Y-0.8393 Z-0.0232
X1.9101 Y-0.8381 Z-0.0229
X1.909 Y-0.8374
X1.9061 Y-0.8357 Z-0.0224
X1.9053 Y-0.8354 Z-0.0223
X1.9028 Y-0.8347 Z-0.0222
X1.9004 Y-0.8342 Z-0.022
X1.8955 Y-0.8335 Z-0.0219
X1.895 Y-0.8336
X1.8875 Y-0.8355 Z-0.0226
X1.8874 Y-0.8356
X1.8817 Y-0.8375 Z-0.0231
X1.8806 Y-0.838
X1.8778 Y-0.8394 Z-0.0233
X1.8743 Y-0.8416
X1.8705 Y-0.8447 Z-0.0235
X1.8687 Y-0.8464
X1.8639 Y-0.8518 Z-0.0241
X1.8594 Y-0.8585 Z-0.0248
X1.8591 Y-0.859
X1.8533 Y-0.8697 Z-0.0261
X1.8521 Y-0.8721 Z-0.0263
X1.8491 Y-0.879 Z-0.0268
X1.8454 Y-0.8885 Z-0.0273
X1.8426 Y-0.8981 Z-0.0277
X1.8406 Y-0.9058
X1.8404 Y-0.9063
X1.8387 Y-0.9172 Z-0.0276
X1.8382 Y-0.921 Z-0.0274
X1.8378 Y-0.9269
X1.8377 Y-0.9354 Z-0.0268
X1.8378 Y-0.9366 Z-0.0267
X1.8385 Y-0.9436 Z-0.0262
X1.8394 Y-0.9473 Z-0.0259
X1.8403 Y-0.9507 Z-0.0254
X1.8432 Y-0.9575 Z-0.0247
X1.8439 Y-0.9589 Z-0.0246
X1.8478 Y-0.9642 Z-0.0235
X1.848 Y-0.9645
X1.8505 Y-0.9668 Z-0.0233
X1.8519 Y-0.968 Z-0.023
X1.853 Y-0.9687 Z-0.0229
X1.856 Y-0.9704 Z-0.0224
X1.8567 Y-0.9707 Z-0.0223
X1.8592 Y-0.9714 Z-0.0222
X1.8617 Y-0.972 Z-0.022
X1.8663 Y-0.9726
X1.8672 Z-0.0219
X1.8727 Y-0.9716 Z-0.0217
X1.8782 Y-0.9701 Z-0.022
X1.8832 Y-0.9677 Z-0.0226
X1.8877 Y-0.9647 Z-0.0232
X1.8881 Y-0.9643 Z-0.0233
X1.891 Y-0.9616 Z-0.0238
X1.8948 Y-0.9576 Z-0.0243
X1.8994 Y-0.952 Z-0.0249
X1.9018 Y-0.9486 Z-0.0254
X1.904 Y-0.9451 Z-0.0257
X1.9067 Y-0.9405 Z-0.0261
X1.9081 Y-0.9378 Z-0.0263
X1.911 Y-0.9321 Z-0.0269
X1.9155 Y-0.9216 Z-0.0272
X1.9157 Y-0.9209 Z-0.0273
X1.9178 Y-0.9146 Z-0.0276
X1.9211 Y-0.9033 Z-0.0277
X1.9225 Y-0.8965 Z-0.028
X1.9241 Y-0.8859 Z-0.0277
X1.9246 Y-0.8781
Y-0.8764 Z-0.0276
G0 Z0.2
X1.7092 Y-0.9731
Z0.18
G1 Z-0.02 F10.
X1.712 Y-0.9698 Z-0.0228
X1.7092 Y-0.9684 Z-0.02
X1.712 Y-0.9698 Z-0.0228
X1.7206 Y-0.9661 Z-0.0247
X1.7277 Y-0.9635 Z-0.0268
X1.7287 Y-0.9637 Z-0.0265
X1.7296 Y-0.9638 Z-0.0264
X1.7306 Z-0.0262
X1.7316
X1.7336 Y-0.9636 Z-0.0263
X1.739 Y-0.9634 Z-0.0267
X1.7459 Z-0.027
X1.7572 Y-0.9642 Z-0.0272
X1.7709 Y-0.9653 Z-0.0274
X1.7796 Y-0.9657
X1.7843 Y-0.9655
X1.7886 Y-0.9651 Z-0.0277
X1.789 Y-0.965
X1.7916 Y-0.9644 Z-0.0279
X1.7943 Y-0.9616 Z-0.0262
X1.7979 Y-0.9573 Z-0.0242
X1.8005 Y-0.9533 Z-0.023
X1.8029 Y-0.9492 Z-0.0221
X1.8061 Y-0.9419 Z-0.0213
X1.8054 Y-0.9407 Z-0.02
X1.8061 Y-0.9419 Z-0.0213
X1.8079 Y-0.9407 Z-0.02
X1.8061 Y-0.9419 Z-0.0213
X1.8029 Y-0.9492 Z-0.0221
X1.8005 Y-0.9533 Z-0.023
X1.7979 Y-0.9573 Z-0.0242
X1.7943 Y-0.9616 Z-0.0262
X1.7916 Y-0.9644 Z-0.0279
X1.7976 Y-0.9715 Z-0.02
X1.7916 Y-0.9644 Z-0.0279
X1.789 Y-0.965 Z-0.0277
X1.7886 Y-0.9651
X1.7843 Y-0.9655 Z-0.0274
X1.7796 Y-0.9657
X1.7709 Y-0.9653
X1.7572 Y-0.9642 Z-0.0272
X1.7459 Y-0.9634 Z-0.027
X1.739 Z-0.0267
X1.7336 Y-0.9636 Z-0.0263
X1.7316 Y-0.9638 Z-0.0262
X1.7306
X1.7296 Z-0.0264
X1.7287 Y-0.9637 Z-0.0265
X1.7277 Y-0.9635 Z-0.0268
Y-0.9617 Z-0.0254
X1.7278 Y-0.9602 Z-0.0242
X1.7283 Y-0.9582 Z-0.0229
X1.7285 Y-0.9576 Z-0.0226
X1.7291 Y-0.9567 Z-0.0222
X1.7295 Y-0.9563 Z-0.0221
X1.7299 Y-0.956
X1.7345 Y-0.9525
X1.7484 Y-0.9416 Z-0.0223
X1.7623 Y-0.9305 Z-0.0228
X1.7669 Y-0.9266 Z-0.0232
X1.7745 Y-0.9197 Z-0.0234
X1.7863 Y-0.9082 Z-0.0244
X1.7942 Y-0.8988 Z-0.0252
X1.795 Y-0.8976 Z-0.0254
X1.7988 Y-0.8916 Z-0.0259
X1.8008 Y-0.8881 Z-0.0262
X1.802 Y-0.8855 Z-0.0266
X1.8038 Y-0.8807 Z-0.0269
X1.8048 Y-0.8774 Z-0.027
X1.8051 Y-0.8759 Z-0.0272
X1.8058 Y-0.871 Z-0.0274
X1.8061 Y-0.8661
X1.8055 Y-0.8594 Z-0.0273
X1.8045 Y-0.8548 Z-0.0272
X1.8037 Y-0.8527 Z-0.0269
X1.8024 Y-0.8503 Z-0.0267
X1.8 Y-0.8465 Z-0.0262
X1.7993 Y-0.8454 Z-0.0261
X1.796 Y-0.842 Z-0.0252
X1.7955 Y-0.8415 Z-0.0251
X1.7925 Y-0.8391 Z-0.0248
X1.7906 Y-0.8379 Z-0.0244
X1.7851 Y-0.8356 Z-0.0234
X1.7842 Y-0.8353 Z-0.0233
X1.779 Y-0.8343 Z-0.0228
X1.7774 Y-0.8342
X1.7732 Z-0.0223
X1.7694 Y-0.8346
X1.767 Y-0.835 Z-0.0222
X1.7618 Y-0.8363 Z-0.0221
X1.7563 Y-0.8391
X1.7548 Y-0.8399 Z-0.0222
X1.7514 Y-0.8423
X1.7484 Y-0.8448 Z-0.0227
X1.7472 Y-0.8461
X1.7436 Y-0.8502 Z-0.0233
Y-0.8503
X1.7419 Y-0.8531 Z-0.0239
X1.7407 Y-0.8556 Z-0.0244
X1.7397 Y-0.8586 Z-0.0248
X1.739 Y-0.8614 Z-0.025
Y-0.8622 Z-0.0251
X1.7388 Y-0.8677 Z-0.026
X1.739 Y-0.8687
X1.7395 Y-0.8707 Z-0.0263
X1.7409 Y-0.8733 Z-0.0261
X1.7416 Y-0.8742 Z-0.0259
X1.7427 Y-0.8751 Z-0.0256
X1.7439 Y-0.8759 Z-0.0252
X1.7455 Y-0.8766 Z-0.0246
X1.7473 Y-0.8772 Z-0.0238
X1.7485 Y-0.8774 Z-0.0232
X1.749 Y-0.8775 Z-0.0231
X1.751 Y-0.8772 Z-0.0219
X1.754 Y-0.8766 Z-0.02
G0 Z0.2
X1.5852 Y-0.9959
Z0.18
G1 Z-0.02 F10.
X1.5884 Y-0.9965 Z-0.0224
X1.5877 Y-0.9997 Z-0.02
X1.5884 Y-0.9965 Z-0.0224
X1.5929 Y-0.9936 Z-0.0226
X1.5958 Y-0.9916
X1.5988 Y-0.9892 Z-0.0228
X1.6043 Y-0.9843 Z-0.0227
X1.6093 Y-0.9788 Z-0.0228
X1.6101 Y-0.9778
X1.6126 Y-0.974 Z-0.0231
X1.6146 Y-0.9703
X1.6149 Y-0.9697 Z-0.0232
X1.6151 Y-0.9691 Z-0.0233
X1.6152 Y-0.9685 Z-0.0234
Y-0.9678 Z-0.0236
X1.6151 Y-0.9664 Z-0.0241
X1.615 Y-0.9657 Z-0.0245
X1.6142 Y-0.9634 Z-0.0259
X1.6133 Y-0.9619 Z-0.0271
X1.6121 Y-0.9603 Z-0.0285
X1.6107 Y-0.9588 Z-0.0302
X1.609 Y-0.9576 Z-0.0316
X1.6082 Y-0.9572 Z-0.0322
X1.6086 Y-0.9563 Z-0.0314
X1.6088 Y-0.9561 Z-0.031
Y-0.956
X1.6174 Y-0.949 Z-0.02
X1.6088 Y-0.956 Z-0.031
Y-0.9561
Y-0.956
X1.6135 Y-0.946 Z-0.02
X1.6088 Y-0.956 Z-0.031
Y-0.9561
X1.6086 Y-0.9563 Z-0.0314
X1.6082 Y-0.9572 Z-0.0322
X1.6078 Y-0.9573
X1.6068 Y-0.958 Z-0.032
X1.6056 Y-0.959 Z-0.0316
X1.6052 Y-0.9595 Z-0.0314
X1.6045 Y-0.9605 Z-0.031
X1.6037 Y-0.9619 Z-0.0303
X1.6028 Y-0.9631 Z-0.0293
X1.6027 Y-0.9634 Z-0.029
X1.6024 Y-0.9639 Z-0.0285
X1.5991 Y-0.9719 Z-0.02
X1.6024 Y-0.9639 Z-0.0285
X1.5959 Y-0.9697 Z-0.02
G0 Z0.2
X1.4863 Y-0.9753
Z0.18
G1 Z-0.02 F10.
X1.4894 Y-0.9757 Z-0.0221
X1.489 Y-0.9783 Z-0.02
X1.4894 Y-0.9757 Z-0.0221
X1.4985 Y-0.9698 Z-0.0227
X1.5093 Y-0.9621 Z-0.0234
X1.5096 Y-0.9619
X1.5196 Y-0.9534 Z-0.024
X1.5293 Y-0.9441 Z-0.0245
X1.5295 Y-0.9438
X1.5366 Y-0.9358 Z-0.025
X1.5402 Y-0.9313 Z-0.0255
X1.5432 Y-0.9272 Z-0.0256
X1.5482 Y-0.9192 Z-0.0264
X1.5491 Y-0.9175 Z-0.0265
X1.554 Y-0.9075 Z-0.0273
X1.5544 Y-0.9063
X1.5547 Y-0.9052 Z-0.0275
X1.5549 Y-0.9042 Z-0.0277
X1.5551 Y-0.9031 Z-0.028
Y-0.9019 Z-0.0284
Y-0.9008 Z-0.0289
X1.5568 Y-0.8974 Z-0.0286
X1.558 Y-0.8948 Z-0.0285
X1.5593 Y-0.891 Z-0.0281
X1.5615 Y-0.8836 Z-0.0278
X1.5627 Y-0.8769 Z-0.0272
X1.5632 Y-0.8719 Z-0.0271
X1.5633 Y-0.8699 Z-0.0269
Y-0.8648 Z-0.0266
X1.5631 Y-0.8625 Z-0.0264
X1.5625 Y-0.858 Z-0.0261
X1.5616 Y-0.854 Z-0.0256
X1.5607 Y-0.8518 Z-0.0253
X1.5582 Y-0.8461 Z-0.0245
X1.5577 Y-0.8454
X1.5544 Y-0.8414 Z-0.0236
X1.5537 Y-0.8406 Z-0.0235
X1.5512 Y-0.8386 Z-0.0233
X1.5489 Y-0.8369 Z-0.0229
X1.5458 Y-0.8356 Z-0.0226
X1.5427 Y-0.8346 Z-0.0222
X1.5426
X1.5361 Y-0.8338 Z-0.022
X1.5308 Y-0.8344 Z-0.0222
X1.526 Y-0.8355 Z-0.0225
X1.5239 Y-0.8363 Z-0.0228
X1.5212 Y-0.8377 Z-0.0231
X1.5186 Y-0.8391 Z-0.0235
X1.5167 Y-0.8404 Z-0.0237
X1.5137 Y-0.8427 Z-0.0243
X1.5116 Y-0.8446 Z-0.0246
X1.5092 Y-0.8471 Z-0.0251
X1.5072 Y-0.8492 Z-0.0253
X1.5052 Y-0.8517 Z-0.0258
X1.5033 Y-0.8546 Z-0.0261
X1.5019 Y-0.8568 Z-0.0264
X1.5 Y-0.8602 Z-0.0267
X1.499 Y-0.8622 Z-0.027
X1.4971 Y-0.8669 Z-0.0273
X1.4951 Y-0.8733 Z-0.0277
X1.4942 Y-0.8789 Z-0.0278
X1.494 Y-0.8808
X1.4937 Y-0.8847
X1.4938 Y-0.8879 Z-0.0276
X1.4939 Y-0.8905 Z-0.0275
X1.4944 Y-0.8938 Z-0.0273
X1.4947 Y-0.8958 Z-0.0272
X1.4959 Y-0.8995 Z-0.0266
X1.4964 Y-0.9007 Z-0.0265
X1.4987 Y-0.9052 Z-0.0259
X1.4991 Y-0.9059 Z-0.0258
X1.5024 Y-0.91 Z-0.0248
X1.5034 Y-0.9109 Z-0.0245
X1.5066 Y-0.9133 Z-0.0241
X1.5074 Y-0.9138 Z-0.0238
X1.5115 Y-0.9157 Z-0.0231
X1.512 Y-0.9158 Z-0.023
X1.5164 Y-0.9167 Z-0.0226
X1.5173 Y-0.9168
X1.5212 Y-0.9167 Z-0.0221
X1.5263 Y-0.916
X1.5294 Y-0.9151
X1.5312 Y-0.9145
X1.533 Y-0.9136 Z-0.0222
X1.5363 Y-0.9116
X1.5398 Y-0.909 Z-0.0221
X1.5441 Y-0.9047 Z-0.0222
X1.5461 Y-0.9027 Z-0.0224
X1.5466 Y-0.9023 Z-0.0226
X1.5472 Y-0.902 Z-0.0228
X1.5478 Y-0.9017 Z-0.0232
X1.5492 Y-0.9013 Z-0.024
X1.5501 Y-0.9011 Z-0.0247
X1.5524 Y-0.9008 Z-0.0265
X1.5551 Z-0.0289
G0 Z0.2
X1.359 Y-0.9731
Z0.18
G1 Z-0.02 F10.
X1.3617 Y-0.9698 Z-0.0228
X1.359 Y-0.9684 Z-0.02
X1.3617 Y-0.9698 Z-0.0228
X1.3704 Y-0.9661 Z-0.0247
X1.3774 Y-0.9635 Z-0.0268
X1.3784 Y-0.9637 Z-0.0265
X1.3794 Y-0.9638 Z-0.0264
X1.3803 Z-0.0262
X1.3813
X1.3833 Y-0.9636 Z-0.0263
X1.3888 Y-0.9634 Z-0.0267
X1.3956 Z-0.027
X1.407 Y-0.9642 Z-0.0272
X1.4206 Y-0.9653 Z-0.0274
X1.4294 Y-0.9657
X1.4341 Y-0.9655
X1.4383 Y-0.9651 Z-0.0277
X1.4388 Y-0.965
X1.4414 Y-0.9644 Z-0.0279
X1.4441 Y-0.9616 Z-0.0262
X1.4476 Y-0.9573 Z-0.0242
X1.4502 Y-0.9533 Z-0.023
X1.4526 Y-0.9492 Z-0.0221
X1.4559 Y-0.9419 Z-0.0213
X1.4552 Y-0.9407 Z-0.02
X1.4559 Y-0.9419 Z-0.0213
X1.4577 Y-0.9407 Z-0.02
X1.4559 Y-0.9419 Z-0.0213
X1.4526 Y-0.9492 Z-0.0221
X1.4502 Y-0.9533 Z-0.023
X1.4476 Y-0.9573 Z-0.0242
X1.4441 Y-0.9616 Z-0.0262
X1.4414 Y-0.9644 Z-0.0279
X1.4473 Y-0.9715 Z-0.02
X1.4414 Y-0.9644 Z-0.0279
X1.4388 Y-0.965 Z-0.0277
X1.4383 Y-0.9651
X1.4341 Y-0.9655 Z-0.0274
X1.4294 Y-0.9657
X1.4206 Y-0.9653
X1.407 Y-0.9642 Z-0.0272
X1.3956 Y-0.9634 Z-0.027
X1.3888 Z-0.0267
X1.3833 Y-0.9636 Z-0.0263
X1.3813 Y-0.9638 Z-0.0262
X1.3803
X1.3794 Z-0.0264
X1.3784 Y-0.9637 Z-0.0265
X1.3774 Y-0.9635 Z-0.0268
Y-0.9617 Z-0.0254
X1.3775 Y-0.9602 Z-0.0242
X1.3778 Y-0.9588 Z-0.0233
X1.3783 Y-0.9576 Z-0.0226
X1.3786 Y-0.9572 Z-0.0224
X1.3789 Y-0.9567 Z-0.0222
X1.3792 Y-0.9563 Z-0.0221
X1.3842 Y-0.9525
X1.3963 Y-0.943 Z-0.0223
X1.4119 Y-0.9306 Z-0.0228
X1.4166 Y-0.9266 Z-0.0232
X1.4241 Y-0.9199 Z-0.0234
X1.4355 Y-0.9089 Z-0.0244
X1.4434 Y-0.8994 Z-0.0251
X1.4448 Y-0.8976 Z-0.0254
X1.4485 Y-0.8916 Z-0.0259
X1.45 Y-0.8891 Z-0.0261
X1.4517 Y-0.8855 Z-0.0266
X1.4535 Y-0.8807 Z-0.0269
X1.4542 Y-0.8787
X1.4548 Y-0.8759 Z-0.0272
X1.4555 Y-0.871 Z-0.0274
X1.4558 Y-0.8674 Z-0.0273
X1.4559 Y-0.8662 Z-0.0274
X1.4554 Y-0.8603 Z-0.0273
X1.4542 Y-0.8548 Z-0.0272
X1.4535 Y-0.8527 Z-0.0269
X1.4522 Y-0.8503 Z-0.0267
X1.4503 Y-0.8472 Z-0.0263
X1.449 Y-0.8454 Z-0.0261
X1.4458 Y-0.842 Z-0.0252
X1.4453 Y-0.8415 Z-0.0251
X1.4422 Y-0.8391 Z-0.0248
X1.4403 Y-0.8379 Z-0.0244
X1.4348 Y-0.8356 Z-0.0234
X1.4339 Y-0.8353 Z-0.0233
X1.4288 Y-0.8343 Z-0.0228
X1.4271 Y-0.8342
X1.4229 Z-0.0223
X1.4191 Y-0.8346
X1.4167 Y-0.835 Z-0.0222
X1.4116 Y-0.8363 Z-0.0221
X1.4061 Y-0.8391
X1.4046 Y-0.8399 Z-0.0222
X1.4012 Y-0.8423
X1.3982 Y-0.8448 Z-0.0227
X1.3969 Y-0.8461
X1.3934 Y-0.8502 Z-0.0233
X1.3933 Y-0.8503
X1.3917 Y-0.8531 Z-0.0239
X1.3904 Y-0.8556 Z-0.0244
X1.3894 Y-0.8586 Z-0.0248
X1.3888 Y-0.8614 Z-0.025
X1.3887 Y-0.8622 Z-0.0251
X1.3885 Y-0.8677 Z-0.026
X1.3887 Y-0.8687
X1.3893 Y-0.8707 Z-0.0263
X1.3907 Y-0.8733 Z-0.0261
X1.3911 Y-0.8738 Z-0.026
X1.3924 Y-0.8751 Z-0.0256
X1.3937 Y-0.8759 Z-0.0252
X1.3953 Y-0.8766 Z-0.0246
X1.397 Y-0.8772 Z-0.0238
X1.3983 Y-0.8774 Z-0.0232
X1.3987 Y-0.8775 Z-0.0231
X1.4008 Y-0.8772 Z-0.0219
X1.4038 Y-0.8766 Z-0.02
G0 Z0.2
X1.1958 Y-1.0321
Z0.18
G1 Z-0.02 F10.
X1.2032 Y-1.0306 Z-0.0251
X1.2051 Y-1.0301 Z-0.0263
X1.205 Y-1.0295 Z-0.0259
X1.2041 Y-1.0209 Z-0.02
X1.205 Y-1.0295 Z-0.0259
X1.2051 Y-1.0301 Z-0.0263
X1.2079 Y-1.0316 Z-0.026
X1.2112 Y-1.033 Z-0.0253
X1.2125 Y-1.0334 Z-0.0251
X1.2175 Y-1.0343 Z-0.0245
X1.2188 Y-1.0344 Z-0.0242
X1.2259 Z-0.0231
X1.229 Y-1.034 Z-0.023
X1.2329 Y-1.0333 Z-0.0227
X1.2344 Y-1.0329
X1.2361 Y-1.0323 Z-0.0225
X1.2391 Y-1.0311
X1.242 Y-1.0294 Z-0.0224
X1.2439 Y-1.028 Z-0.0225
X1.2481 Y-1.0242 Z-0.0227
X1.2494 Y-1.0229
X1.2553 Y-1.0151 Z-0.0239
X1.2596 Y-1.0072 Z-0.0245
X1.2629 Y-0.9986 Z-0.025
X1.2632 Y-0.9975
X1.2668 Y-0.9849 Z-0.0256
X1.2703 Y-0.9708 Z-0.0259
X1.2744 Y-0.9532 Z-0.0262
X1.2745 Y-0.9523
X1.2747 Y-0.9513 Z-0.0263
Y-0.9504 Z-0.0265
Y-0.9494 Z-0.0268
X1.2754 Y-0.9479 Z-0.0264
X1.276 Y-0.9464 Z-0.0262
X1.2908 Y-0.8842 Z-0.0269
X1.2849 Y-0.8793 Z-0.02
X1.2908 Y-0.8842 Z-0.0269
X1.3008 Y-0.8724 Z-0.02
X1.2908 Y-0.8842 Z-0.0269
X1.276 Y-0.9464 Z-0.0262
X1.2754 Y-0.9479 Z-0.0264
X1.2747 Y-0.9494 Z-0.0268
X1.2729 Y-0.9491 Z-0.0253
X1.2713 Z-0.0241
X1.2699 Y-0.9492 Z-0.0231
X1.2687 Y-0.9495 Z-0.0224
X1.2683 Y-0.9497 Z-0.0222
X1.2678 Y-0.9499 Z-0.022
X1.2674 Y-0.9503 Z-0.0219
X1.2636 Y-0.9543
X1.2597 Y-0.9582 Z-0.0222
X1.2561 Y-0.9615 Z-0.0223
X1.2548 Y-0.9626
X1.2522 Y-0.9644 Z-0.0225
X1.2482 Y-0.9667
X1.244 Y-0.9683 Z-0.0227
X1.2399 Y-0.9692 Z-0.0229
X1.2342 Y-0.9696 Z-0.0241
X1.2331 Y-0.9694 Z-0.0242
X1.2314 Y-0.969 Z-0.0245
X1.23 Y-0.9684 Z-0.0247
X1.2288 Y-0.9679 Z-0.0249
X1.2265 Y-0.9664 Z-0.0252
X1.226 Y-0.9659
X1.2247 Y-0.9645 Z-0.0256
X1.2233 Y-0.9623
X1.2227 Y-0.9611
X1.2221 Y-0.9597
X1.2216 Y-0.9569 Z-0.0257
X1.2212 Y-0.9537 Z-0.0255
X1.2217 Y-0.9476 Z-0.0256
X1.2219 Y-0.9463
X1.2228 Y-0.9413 Z-0.0257
X1.2351 Y-0.8844 Z-0.0271
X1.2288 Y-0.8793 Z-0.02
X1.2351 Y-0.8844 Z-0.0271
X1.2452 Y-0.8724 Z-0.02
G0 Z0.2
X1.1773 Y-0.9732
Z0.18
G1 Z-0.02 F10.
X1.177 Y-0.9668 Z-0.0263
X1.1793 Z-0.0256
X1.1821 Y-0.9664 Z-0.0243
X1.183 Y-0.9661 Z-0.024
X1.1842 Y-0.9654 Z-0.0237
X1.1889 Y-0.9623 Z-0.0226
X1.1928 Y-0.959 Z-0.022
X1.1931 Y-0.9588
X1.1968 Y-0.955 Z-0.0217
X1.1991 Y-0.9525
X1.2014 Y-0.9524 Z-0.02
X1.1991 Y-0.9525 Z-0.0217
X1.199 Y-0.95 Z-0.02
X1.1991 Y-0.9525 Z-0.0217
X1.1968 Y-0.955
X1.1931 Y-0.9588 Z-0.022
X1.1928 Y-0.959
X1.1889 Y-0.9623 Z-0.0226
X1.1842 Y-0.9654 Z-0.0237
X1.183 Y-0.9661 Z-0.024
X1.1821 Y-0.9664 Z-0.0243
X1.1793 Y-0.9668 Z-0.0256
X1.177 Z-0.0263
X1.1763 Y-0.9665 Z-0.0264
X1.1753 Y-0.966 Z-0.0266
X1.1743 Y-0.9651
X1.1733 Y-0.9639
X1.1719 Y-0.9618 Z-0.0264
X1.171 Y-0.9597
X1.1699 Y-0.9555 Z-0.0258
X1.1697 Y-0.9544
X1.1698 Y-0.9489 Z-0.0253
X1.1708 Y-0.9409 Z-0.0251
X1.1709 Y-0.9403
X1.173 Y-0.9308 Z-0.0252
X1.1746 Y-0.9237 Z-0.0253
X1.1747 Y-0.9222 Z-0.0256
Y-0.9207 Z-0.026
X1.1746 Y-0.9199 Z-0.0263
X1.1743 Y-0.9183 Z-0.027
X1.1726 Y-0.9188 Z-0.0256
X1.1711 Y-0.9193 Z-0.0244
X1.1699 Y-0.92 Z-0.0234
X1.1685 Y-0.921 Z-0.0224
X1.168 Y-0.9216 Z-0.0221
X1.1678 Y-0.922 Z-0.022
X1.1675 Y-0.9224
X1.1641 Y-0.9298 Z-0.0219
X1.1597 Y-0.9375 Z-0.022
X1.1519 Y-0.9488 Z-0.0219
X1.1509 Y-0.9501 Z-0.022
X1.1475 Y-0.954 Z-0.0221
X1.1427 Y-0.9591 Z-0.0223
X1.1392 Y-0.9621 Z-0.0226
X1.1389 Y-0.9623
X1.1363 Y-0.9641 Z-0.0228
X1.1346 Y-0.9651
X1.1322 Y-0.9662 Z-0.0231
X1.13 Y-0.967 Z-0.0232
X1.1277 Y-0.9677 Z-0.0235
X1.125 Y-0.9682 Z-0.0236
X1.1245 Y-0.9683 Z-0.0237
X1.1207 Y-0.9685 Z-0.0245
X1.1182 Z-0.0252
X1.1171 Y-0.9681 Z-0.0254
X1.1154 Y-0.9675 Z-0.0258
X1.1128 Y-0.9662 Z-0.0264
X1.1105 Y-0.9642 Z-0.0267
X1.1098 Y-0.9635 Z-0.0268
X1.1089 Y-0.9624 Z-0.027
X1.1074 Y-0.9595 Z-0.0272
X1.106 Y-0.9559 Z-0.0273
X1.1057 Y-0.9544
X1.1054 Y-0.9522 Z-0.0274
X1.1051 Y-0.9482 Z-0.0273
Y-0.9467 Z-0.0272
X1.1057 Y-0.9404 Z-0.0271
X1.1064 Y-0.9355 Z-0.0269
X1.107 Y-0.9327 Z-0.027
X1.1093 Y-0.9251 Z-0.0266
X1.1124 Y-0.9176 Z-0.0263
X1.1142 Y-0.9137 Z-0.026
X1.1163 Y-0.9098 Z-0.0258
X1.1203 Y-0.903 Z-0.0252
X1.126 Y-0.8955 Z-0.0245
X1.1283 Y-0.8928 Z-0.0242
X1.1319 Y-0.8889 Z-0.0239
X1.1372 Y-0.8844 Z-0.0235
X1.142 Y-0.8811 Z-0.023
X1.1423 Y-0.881
X1.1462 Y-0.8791 Z-0.0226
X1.149 Y-0.8782
X1.1513 Y-0.8777 Z-0.0224
X1.1558 Y-0.8769
X1.1564 Y-0.877 Z-0.0223
X1.1624 Y-0.8778 Z-0.0224
X1.1637 Y-0.8783 Z-0.0226
X1.1659 Y-0.8793 Z-0.0227
X1.1683 Y-0.8807 Z-0.0226
X1.169 Y-0.8812
X1.1698 Y-0.882 Z-0.0227
X1.1738 Y-0.8863
X1.1743 Y-0.8868 Z-0.0228
X1.1747 Y-0.8873 Z-0.0231
X1.1758 Y-0.8881 Z-0.0237
X1.1772 Y-0.8888 Z-0.0247
X1.1788 Y-0.8894 Z-0.0259
X1.181 Y-0.8899 Z-0.0276
Y-0.8907 Z-0.0273
Y-0.8924 Z-0.0269
X1.1808 Y-0.894 Z-0.0268
X1.1762 Y-0.9117
X1.1743 Y-0.9183 Z-0.027
X1.1762 Y-0.9117 Z-0.0268
X1.1808 Y-0.894
X1.181 Y-0.8924 Z-0.0269
Y-0.8907 Z-0.0273
Y-0.8899 Z-0.0276
X1.1814 Y-0.889 Z-0.0273
X1.1819 Y-0.8882 Z-0.0272
X1.1822 Y-0.8872 Z-0.027
X1.1825 Y-0.8863
X1.1834 Y-0.8831
X1.1776 Y-0.878 Z-0.02
X1.1834 Y-0.8831 Z-0.027
X1.1936 Y-0.8713 Z-0.02
G0 Z0.2
X0.8702 Y-0.8196
Z0.18
G1 Z-0.02 F10.
X0.8778 Y-0.8163 Z-0.027
X0.8829 Y-0.8279 Z-0.02
X0.8778 Y-0.8163 Z-0.027
X0.8787 Y-0.8108
X0.8806 Y-0.8012 Z-0.0269
X0.8831 Y-0.7917 Z-0.0268
X0.8858 Y-0.7823 Z-0.0265
X0.8882 Y-0.775 Z-0.0259
X0.8909 Y-0.7679 Z-0.0251
X0.8932 Y-0.7633 Z-0.0246
X0.8944 Y-0.7612 Z-0.0244
X0.8963 Y-0.7582 Z-0.0241
X0.8994 Y-0.7541 Z-0.024
X0.8999 Y-0.7536
X0.9023 Y-0.7513
X0.9043 Y-0.7496 Z-0.0239
X0.906 Y-0.7484 Z-0.024
X0.9101 Y-0.7464 Z-0.0236
X0.9146 Y-0.7446 Z-0.0227
X0.9153 Y-0.7445 Z-0.0225
X0.9186 Y-0.7451
X0.9214 Y-0.7462 Z-0.0226
X0.9217 Y-0.7463
X0.9231 Y-0.7473 Z-0.0228
X0.9242 Y-0.7483
X0.926 Y-0.7506 Z-0.023
X0.9284 Y-0.7549 Z-0.0235
X0.9297 Y-0.7589 Z-0.0237
X0.9305 Y-0.7623 Z-0.0241
X0.9314 Y-0.7673 Z-0.0246
X0.9317 Y-0.7697 Z-0.025
X0.9318 Y-0.7772 Z-0.0258
X0.9316 Y-0.7849 Z-0.0262
X0.9313 Y-0.7901 Z-0.0263
X0.9299 Y-0.8036 Z-0.0271
X0.9287 Y-0.8125 Z-0.0273
X0.9272 Y-0.8221 Z-0.0276
X0.9216 Y-0.8538 Z-0.0278
X0.92 Y-0.8626
X0.9145 Y-0.8907 Z-0.0282
X0.9143 Y-0.8916
X0.9142 Y-0.8934 Z-0.0285
Y-0.8953 Z-0.0289
X0.9146 Y-0.8981 Z-0.0299
X0.9105 Y-0.9126 Z-0.0289
X0.9079 Y-0.9213 Z-0.0283
X0.9022 Y-0.942 Z-0.0274
X0.9012 Y-0.9456 Z-0.0273
X0.8961 Y-0.9647 Z-0.027
X0.9014 Y-0.9717 Z-0.02
X0.8961 Y-0.9647 Z-0.027
X0.8896 Y-0.9698 Z-0.0219
X0.8872 Y-0.9717 Z-0.02
X0.8896 Y-0.9698 Z-0.0219
X0.8961 Y-0.9647 Z-0.027
X0.9012 Y-0.9456 Z-0.0273
X0.9022 Y-0.942 Z-0.0274
X0.9079 Y-0.9213 Z-0.0283
X0.9105 Y-0.9126 Z-0.0289
X0.9146 Y-0.8981 Z-0.0299
X0.9169 Y-0.8977 Z-0.0279
X0.9189 Y-0.8972 Z-0.0261
X0.9207 Y-0.8965 Z-0.0247
X0.9221 Y-0.8958 Z-0.0236
X0.9232 Y-0.895 Z-0.0228
X0.9237 Y-0.8945 Z-0.0225
X0.9241 Y-0.894 Z-0.0224
X0.9243 Y-0.8935 Z-0.0222
X0.9246 Y-0.8929
X0.9259 Y-0.8893 Z-0.0223
X0.9338 Y-0.8699 Z-0.0224
X0.9383 Y-0.8592 Z-0.0223
X0.9423 Y-0.8502
X0.9453 Y-0.8435
X0.9528 Y-0.8281
X0.9611 Y-0.8115
X0.9655 Y-0.8033
X0.9671 Y-0.8005
X0.9735 Y-0.7898 Z-0.0224
X0.9804 Y-0.7795 Z-0.0223
X0.9844 Y-0.7741
X0.9889 Y-0.7689 Z-0.0226
X0.9916 Y-0.7665 Z-0.0229
X0.9941 Y-0.7646 Z-0.0234
X0.9945 Y-0.7644
X0.9985 Y-0.762 Z-0.0242
X1.001 Y-0.7609 Z-0.0245
X1.0017 Y-0.7607
X1.0024 Y-0.7606 Z-0.0247
X1.0042 Y-0.7604 Z-0.0252
X1.0051 Z-0.0254
X1.006 Z-0.0257
X1.0078 Y-0.7606 Z-0.0264
X1.0094 Y-0.7608 Z-0.027
X1.0104 Y-0.7613 Z-0.0273
X1.0115 Y-0.762 Z-0.0276
X1.0124 Y-0.7628 Z-0.0278
X1.0134 Y-0.7639 Z-0.028
X1.0146 Y-0.766
X1.0152 Y-0.7673 Z-0.0281
X1.0156 Y-0.7692 Z-0.028
X1.0159 Y-0.7715 Z-0.0279
Y-0.7743 Z-0.0277
X1.0151 Y-0.7821
X1.013 Y-0.7931 Z-0.0278
X0.993 Y-0.8881 Z-0.028
X0.9928 Y-0.8891 Z-0.0281
Y-0.8901 Z-0.0282
Y-0.8911 Z-0.0284
X0.9929 Y-0.8931 Z-0.029
X0.9934 Y-0.8952 Z-0.0299
X0.9877 Y-0.9151 Z-0.0285
X0.9806 Y-0.9427 Z-0.0273
X0.9755 Y-0.9648 Z-0.027
X0.981 Y-0.9717 Z-0.02
X0.9755 Y-0.9648 Z-0.027
X0.9669 Y-0.9717 Z-0.02
X0.9755 Y-0.9648 Z-0.027
X0.9806 Y-0.9427 Z-0.0273
X0.9877 Y-0.9151 Z-0.0285
X0.9934 Y-0.8952 Z-0.0299
X0.9956 Y-0.8947 Z-0.0279
X0.9976 Y-0.8942 Z-0.0263
X0.9992 Y-0.8935 Z-0.025
X1.0006 Y-0.8927 Z-0.0239
X1.0018 Y-0.8918 Z-0.0231
X1.0022 Y-0.8913 Z-0.0228
X1.0026 Y-0.8908 Z-0.0227
X1.0029 Y-0.8903 Z-0.0225
X1.0032 Y-0.8897
X1.0039 Y-0.888
X1.0081 Y-0.8776
X1.0158 Y-0.86 Z-0.0223
X1.0226 Y-0.8451
X1.0299 Y-0.8304
X1.0314 Y-0.8276 Z-0.0224
X1.0379 Y-0.8161 Z-0.0223
X1.0418 Y-0.8094 Z-0.0224
X1.0463 Y-0.802
X1.0533 Y-0.7915 Z-0.0227
X1.0592 Y-0.7841 Z-0.023
X1.0614 Y-0.7816
X1.0623 Y-0.7807 Z-0.0231
X1.0662 Y-0.7774 Z-0.0233
X1.0668 Y-0.777
X1.0701 Y-0.7753 Z-0.0236
X1.0734 Y-0.7742 Z-0.024
X1.0741 Y-0.7741 Z-0.0241
X1.0748 Y-0.774 Z-0.0243
X1.0776 Y-0.7738 Z-0.025
X1.079 Z-0.0254
X1.0804 Y-0.774 Z-0.0261
X1.082 Y-0.7743 Z-0.0268
X1.0813 Y-0.7673 Z-0.02
X1.082 Y-0.7743 Z-0.0268
X1.0831 Y-0.7747 Z-0.0272
X1.0843 Y-0.7754 Z-0.0275
X1.0856 Y-0.7767 Z-0.0278
X1.0862 Y-0.7775 Z-0.028
X1.0873 Y-0.7795 Z-0.0281
X1.088 Y-0.7812
X1.0882 Y-0.7826
X1.0885 Y-0.7849
X1.0883 Y-0.7867 Z-0.028
X1.0875 Y-0.7936 Z-0.0281
X1.0871 Y-0.7959
X1.0857 Y-0.8029
X1.052 Y-0.9637 Z-0.028
X1.0585 Y-0.9717 Z-0.02
X1.052 Y-0.9637 Z-0.028
X1.0422 Y-0.9717 Z-0.02
G0 Z0.6
(ENGRAVE2 2)
G0 X0.3299 Y-0.6801
Z0.6
Z0.18
G1 Z-0.02 F10.
X0.3419 Y-0.6749 Z-0.0289
X0.3375 Y-0.663 Z-0.02
X0.3419 Y-0.6749 Z-0.0289
X0.3434 Y-0.6755 Z-0.0288
X0.3474 Y-0.677 Z-0.0284
X0.3542 Y-0.6791 Z-0.0278
X0.3547 Y-0.6793
X0.3623 Y-0.6809 Z-0.027
X0.3641 Y-0.6812 Z-0.0269
X0.3698 Y-0.6819 Z-0.0264
X0.3753 Y-0.6825 Z-0.0261
X0.3773 Z-0.0259
X0.3867 Y-0.6827 Z-0.0252
X0.3925 Y-0.6825 Z-0.0246
X0.398 Y-0.682 Z-0.0244
X0.4065 Y-0.6806 Z-0.0237
X0.4093 Y-0.68
X0.4204 Y-0.6769 Z-0.0232
X0.4322 Y-0.672 Z-0.0228
X0.4417 Y-0.6668 Z-0.023
X0.4436 Y-0.6656
X0.4512 Y-0.6599 Z-0.0233
X0.454 Y-0.6577 Z-0.0234
X0.46 Y-0.652 Z-0.024
X0.4634 Y-0.6483 Z-0.0243
X0.4677 Y-0.6432 Z-0.025
X0.4704 Y-0.6397 Z-0.0254
X0.4745 Y-0.634 Z-0.0262
X0.4767 Y-0.6303 Z-0.0265
X0.4801 Y-0.6241 Z-0.0274
X0.4827 Y-0.6189 Z-0.0279
X0.4851 Y-0.6138 Z-0.0286
X0.4877 Y-0.6073 Z-0.0291
X0.4897 Y-0.6019 Z-0.0297
X0.4936 Y-0.5893 Z-0.0304
X0.4981 Y-0.5711 Z-0.0308
X0.5022 Y-0.5515 Z-0.0309
X0.5024 Y-0.5495 Z-0.031
Y-0.5475 Z-0.0314
Y-0.5465 Z-0.0317
X0.5032 Y-0.5445 Z-0.0312
X0.5037 Y-0.5433 Z-0.031
X0.5041 Y-0.542 Z-0.0309
X0.5044 Y-0.5408
X0.512 Y-0.5044 Z-0.0308
X0.5025 Y-0.4974 Z-0.02
X0.512 Y-0.5044 Z-0.0308
X0.5275 Y-0.4832 Z-0.02
X0.512 Y-0.5044 Z-0.0308
X0.5044 Y-0.5408 Z-0.0309
X0.5041 Y-0.542
X0.5037 Y-0.5433 Z-0.031
X0.5032 Y-0.5445 Z-0.0312
X0.5024 Y-0.5465 Z-0.0317
X0.4985 Y-0.5459 Z-0.0284
X0.4964 Y-0.5457 Z-0.0269
X0.4946 Z-0.0256
X0.4929 Y-0.546 Z-0.0247
X0.4915 Y-0.5464 Z-0.024
X0.4908 Y-0.5467 Z-0.0237
X0.4902 Y-0.547 Z-0.0236
X0.4896 Y-0.5474 Z-0.0234
X0.4791 Y-0.5572 Z-0.0236
X0.4706 Y-0.5642 Z-0.0238
X0.4685 Y-0.5658 Z-0.024
X0.4615 Y-0.5704 Z-0.0241
X0.4574 Y-0.5727 Z-0.0244
X0.4518 Y-0.5757 Z-0.0247
X0.4456 Y-0.5785 Z-0.0254
X0.4414 Y-0.5801 Z-0.0256
X0.435 Y-0.5822 Z-0.0261
X0.4306 Y-0.5834 Z-0.0263
X0.4245 Y-0.585 Z-0.0266
X0.4197 Y-0.5859
X0.4188 Y-0.586
X0.4136 Y-0.5863 Z-0.0272
X0.411 Y-0.5864 Z-0.0274
X0.4035 Y-0.5861 Z-0.0282
X0.3955 Y-0.5847 Z-0.0291
X0.3891 Y-0.5831 Z-0.0299
X0.3865 Y-0.5822 Z-0.0302
X0.3814 Y-0.5799 Z-0.0308
X0.3792 Y-0.5788 Z-0.031
X0.3733 Y-0.5752 Z-0.0315
X0.3701 Y-0.5729 Z-0.032
X0.3665 Y-0.5698 Z-0.0323
X0.3633 Y-0.5668 Z-0.0327
X0.3607 Y-0.5641 Z-0.033
X0.3577 Y-0.5605 Z-0.0334
X0.3554 Y-0.5571 Z-0.0336
X0.3531 Y-0.5535 Z-0.0337
X0.3505 Y-0.5489 Z-0.0338
X0.3488 Y-0.5455 Z-0.034
X0.3468 Y-0.5403 Z-0.0339
X0.3452 Y-0.536 Z-0.034
X0.344 Y-0.532 Z-0.0339
X0.3425 Y-0.5261 Z-0.0341
X0.3418 Y-0.5219 Z-0.0339
X0.3409 Y-0.516 Z-0.0338
X0.3405 Y-0.5124 Z-0.0336
X0.34 Y-0.5053 Z-0.0335
X0.3399 Y-0.5023 Z-0.0333
X0.34 Y-0.4929 Z-0.0329
X0.3409 Y-0.4805 Z-0.0326
X0.3427 Y-0.4681 Z-0.032
X0.3433 Y-0.4645 Z-0.0317
X0.3451 Y-0.4558 Z-0.0314
X0.3465 Y-0.4506 Z-0.0311
X0.3489 Y-0.4421 Z-0.0306
X0.3504 Y-0.4372 Z-0.0303
X0.3533 Y-0.4285 Z-0.03
X0.3555 Y-0.4228 Z-0.0296
X0.3586 Y-0.4152 Z-0.0292
X0.3612 Y-0.409 Z-0.0288
X0.3645 Y-0.402 Z-0.0285
X0.3679 Y-0.3954 Z-0.028
X0.3718 Y-0.3881 Z-0.0277
X0.3751 Y-0.3823 Z-0.0272
X0.3798 Y-0.3744 Z-0.027
X0.3829 Y-0.3696 Z-0.0266
X0.3886 Y-0.3612 Z-0.0262
X0.3911 Y-0.3575 Z-0.0259
X0.398 Y-0.3484 Z-0.0257
X0.4095 Y-0.3345 Z-0.0249
X0.4183 Y-0.3249 Z-0.0248
X0.4215 Y-0.3217 Z-0.0246
X0.4256 Y-0.3177
X0.4332 Y-0.3108 Z-0.0242
X0.4342 Y-0.3099 Z-0.0241
X0.4412 Y-0.3043 Z-0.024
X0.448 Y-0.2992 Z-0.0238
X0.458 Y-0.2921
X0.4623 Y-0.2893 Z-0.0236
X0.4717 Y-0.284
X0.4744 Y-0.2826 Z-0.0235
X0.4786 Y-0.2805
X0.4806 Y-0.2796
X0.4856 Y-0.2775
X0.4929 Y-0.2752 Z-0.0234
X0.5004 Y-0.2736
X0.514 Y-0.2717 Z-0.0235
X0.5158 Y-0.2716 Z-0.0237
X0.5204 Y-0.272
X0.5225 Y-0.2722
X0.525 Y-0.2728 Z-0.0238
X0.5294 Y-0.2742 Z-0.0239
X0.5306 Y-0.2746 Z-0.0238
X0.5336 Y-0.2762 Z-0.0241
X0.5371 Y-0.2784 Z-0.0242
X0.5378 Y-0.279
X0.5401 Y-0.2811 Z-0.0244
X0.5427 Y-0.2842 Z-0.0245
X0.5432 Y-0.2849 Z-0.0244
X0.5448 Y-0.2877 Z-0.0246
X0.5466 Y-0.2918 Z-0.0245
X0.5469 Y-0.2926
X0.5478 Y-0.2962 Z-0.0248
X0.5483 Y-0.3
X0.5484 Y-0.3006
X0.5482 Y-0.305 Z-0.0253
X0.5464 Y-0.3153 Z-0.0255
X0.5453 Y-0.3201 Z-0.0258
X0.5447 Y-0.3224 Z-0.0259
X0.5431 Y-0.327 Z-0.0263
X0.5422 Y-0.3294 Z-0.0264
X0.5402 Y-0.3334 Z-0.0268
X0.5387 Y-0.3361 Z-0.0269
X0.5366 Y-0.3395 Z-0.0272
X0.5345 Y-0.3424 Z-0.0274
X0.5322 Y-0.3453 Z-0.0276
X0.5252 Y-0.3535 Z-0.0281
X0.5222 Y-0.3568 Z-0.0285
X0.5111 Y-0.3663 Z-0.029
X0.5087 Y-0.3683 Z-0.0291
X0.5037 Y-0.3721 Z-0.0293
X0.5032 Y-0.3725
X0.4959 Y-0.3774 Z-0.0296
X0.4875 Y-0.382 Z-0.0298
X0.4796 Y-0.3856 Z-0.0299
X0.4714 Y-0.3888
X0.4661 Y-0.4015 Z-0.02
X0.4714 Y-0.3888 Z-0.0299
X0.4582 Y-0.3833 Z-0.02
G0 Z0.2
X0.5468 Y-0.5226
Z0.18
G1 Z-0.02 F10.
X0.5507 Y-0.5223 Z-0.0229
X0.5511 Y-0.5265 Z-0.02
X0.5507 Y-0.5223 Z-0.0229
X0.5574 Y-0.5136
X0.5652 Y-0.5022
X0.5686 Y-0.496 Z-0.023
X0.5717 Y-0.4899 Z-0.0229
X0.5771 Y-0.4771
X0.5774 Y-0.4762 Z-0.023
X0.578 Y-0.4745 Z-0.0239
X0.5787 Y-0.4727 Z-0.0253
X0.5796 Y-0.4698 Z-0.028
X0.5814 Y-0.4704 Z-0.0276
X0.5823 Y-0.4707 Z-0.0274
X0.5833 Y-0.4709
X0.5855 Y-0.4714
X0.5892 Y-0.4719 Z-0.0272
X0.5901 Z-0.0271
X0.5964 Z-0.0266
X0.5971 Y-0.4718 Z-0.0265
X0.6038 Y-0.4706 Z-0.0258
X0.6045 Y-0.4703 Z-0.0257
X0.6112 Y-0.4678 Z-0.0247
X0.6117 Y-0.4675 Z-0.0246
X0.6177 Y-0.4636 Z-0.0238
X0.6195 Y-0.4624
X0.6207 Y-0.4619 Z-0.024
X0.6219 Y-0.4615 Z-0.0244
X0.6226 Y-0.4614 Z-0.0247
X0.6234 Y-0.4616 Z-0.0248
X0.6243 Y-0.4618 Z-0.0251
X0.6245 Y-0.4633 Z-0.0242
Y-0.4648 Z-0.0236
X0.6244 Y-0.4654 Z-0.0233
X0.6243 Y-0.4661 Z-0.0232
X0.6241 Y-0.4666 Z-0.023
X0.6238 Y-0.4672
X0.6215 Y-0.4711 Z-0.0233
X0.6115 Y-0.4889 Z-0.0244
X0.6037 Y-0.5037 Z-0.0258
X0.5979 Y-0.5157 Z-0.0267
X0.5959 Y-0.5201 Z-0.027
X0.5925 Y-0.5277 Z-0.0276
X0.5911 Y-0.5312 Z-0.0278
X0.5882 Y-0.5386 Z-0.0284
X0.5868 Y-0.5427 Z-0.0286
X0.5849 Y-0.5493 Z-0.0291
X0.5837 Y-0.5544 Z-0.0293
X0.5828 Y-0.5597 Z-0.0295
X0.5818 Y-0.5672
X0.5817 Y-0.5684 Z-0.0296
X0.5816 Y-0.5697 Z-0.0297
X0.5819 Y-0.5735 Z-0.0299
X0.5821 Y-0.5747
X0.5825 Y-0.5762
X0.5831 Y-0.5778
X0.5846 Y-0.5807 Z-0.0298
X0.5858 Y-0.5822 Z-0.0294
X0.5866 Y-0.5829 Z-0.0292
X0.5873 Y-0.5836 Z-0.029
X0.5885 Y-0.5843 Z-0.0286
X0.5917 Y-0.5858 Z-0.0276
X0.5933 Y-0.5861 Z-0.0269
X0.5949 Y-0.5864 Z-0.0264
X0.5972 Y-0.5865 Z-0.0259
X0.6006 Y-0.5864 Z-0.025
X0.6019 Y-0.5862 Z-0.0248
X0.6028 Y-0.5859
X0.6081 Y-0.5835 Z-0.0244
X0.6119 Y-0.5814 Z-0.0238
X0.6136 Y-0.5804 Z-0.0237
X0.6162 Y-0.5787 Z-0.0233
X0.6204 Y-0.5757 Z-0.023
X0.6247 Y-0.5722
X0.6279 Y-0.5693 Z-0.0229
X0.6328 Y-0.5646
X0.6367 Y-0.5648 Z-0.02
X0.6328 Y-0.5646 Z-0.0229
X0.6329 Y-0.5605 Z-0.02
X0.6328 Y-0.5646 Z-0.0229
X0.6279 Y-0.5693
X0.6247 Y-0.5722 Z-0.023
X0.6204 Y-0.5757
X0.6162 Y-0.5787 Z-0.0233
X0.6136 Y-0.5804 Z-0.0237
X0.6119 Y-0.5814 Z-0.0238
X0.6081 Y-0.5835 Z-0.0244
X0.6028 Y-0.5859 Z-0.0248
X0.6019 Y-0.5862
X0.6006 Y-0.5864 Z-0.025
X0.5972 Y-0.5865 Z-0.0259
X0.5949 Y-0.5864 Z-0.0264
X0.5933 Y-0.5861 Z-0.0269
X0.5917 Y-0.5858 Z-0.0276
X0.5885 Y-0.5843 Z-0.0286
X0.5873 Y-0.5836 Z-0.029
X0.5866 Y-0.5829 Z-0.0292
X0.5858 Y-0.5822 Z-0.0294
X0.5846 Y-0.5807 Z-0.0298
X0.5831 Y-0.5778 Z-0.0299
X0.5825 Y-0.5762
X0.5821 Y-0.5747
X0.5819 Y-0.5735
X0.5816 Y-0.5697 Z-0.0297
X0.5817 Y-0.5684 Z-0.0296
X0.5818 Y-0.5672 Z-0.0295
X0.5828 Y-0.5597
X0.5837 Y-0.5544 Z-0.0293
X0.5849 Y-0.5493 Z-0.0291
X0.5868 Y-0.5427 Z-0.0286
X0.5882 Y-0.5386 Z-0.0284
X0.5911 Y-0.5312 Z-0.0278
X0.5925 Y-0.5277 Z-0.0276
X0.5959 Y-0.5201 Z-0.027
X0.5979 Y-0.5157 Z-0.0267
X0.6037 Y-0.5037 Z-0.0258
X0.6115 Y-0.4889 Z-0.0244
X0.6215 Y-0.4711 Z-0.0233
X0.6238 Y-0.4672 Z-0.023
X0.6241 Y-0.4666
X0.6243 Y-0.4661 Z-0.0232
X0.6244 Y-0.4654 Z-0.0233
X0.6245 Y-0.4648 Z-0.0236
Y-0.4633 Z-0.0242
X0.6243 Y-0.4618 Z-0.0251
X0.6326 Y-0.4567 Z-0.02
X0.6243 Y-0.4618 Z-0.0251
X0.6234 Y-0.4616 Z-0.0248
X0.6226 Y-0.4614 Z-0.0247
X0.6211 Y-0.4567 Z-0.02
X0.6226 Y-0.4614 Z-0.0247
X0.6219 Y-0.4615 Z-0.0244
X0.6207 Y-0.4619 Z-0.024
X0.6195 Y-0.4624 Z-0.0238
X0.6177 Y-0.4636
X0.6117 Y-0.4675 Z-0.0246
X0.6112 Y-0.4678 Z-0.0247
X0.6045 Y-0.4703 Z-0.0257
X0.6038 Y-0.4706 Z-0.0258
X0.5971 Y-0.4718 Z-0.0265
X0.5964 Y-0.4719 Z-0.0266
X0.5901 Z-0.0271
X0.5892 Z-0.0272
X0.5855 Y-0.4714 Z-0.0274
X0.5833 Y-0.4709
X0.5823 Y-0.4707
X0.5814 Y-0.4704 Z-0.0276
X0.5796 Y-0.4698 Z-0.028
X0.5793 Y-0.4695
X0.5804 Y-0.4668 Z-0.0254
X0.5812 Y-0.4651 Z-0.0239
X0.5817 Y-0.464 Z-0.0231
X0.5821 Y-0.463 Z-0.0228
X0.5822 Y-0.4626 Z-0.0227
X0.5835 Y-0.4549 Z-0.0232
X0.5838 Y-0.4517
X0.5839 Y-0.447 Z-0.0235
X0.5837 Y-0.4443 Z-0.0236
X0.5836 Y-0.4433 Z-0.0237
X0.5825 Y-0.4392 Z-0.0241
X0.5816 Y-0.4368
X0.5812 Y-0.4358
X0.58 Y-0.4338 Z-0.0243
X0.5791 Y-0.4325 Z-0.0245
X0.5782 Y-0.4315
X0.5772 Y-0.4306 Z-0.0247
X0.5753 Y-0.4294 Z-0.025
X0.5741 Y-0.4289
X0.5733 Y-0.4287
X0.571 Y-0.4283
X0.5695 Y-0.4285
X0.5669 Y-0.4293
X0.5662 Y-0.4297 Z-0.0248
X0.5651 Y-0.4304 Z-0.0249
X0.5633 Y-0.4322 Z-0.0248
X0.5629 Y-0.4328 Z-0.0246
X0.5623 Y-0.4337
X0.5617 Y-0.4349 Z-0.0247
X0.5609 Y-0.4366 Z-0.0246
X0.5605 Y-0.438 Z-0.0247
X0.56 Y-0.4413 Z-0.0248
Y-0.4426 Z-0.0249
X0.5602 Y-0.4446 Z-0.0253
X0.5614 Y-0.4499 Z-0.0255
X0.5627 Y-0.4539 Z-0.026
X0.564 Y-0.4568 Z-0.0264
X0.5647 Y-0.4578 Z-0.0265
X0.5659 Y-0.4595 Z-0.0268
X0.5672 Y-0.461 Z-0.027
X0.5682 Y-0.462 Z-0.0271
X0.5701 Y-0.4637 Z-0.0272
X0.5711 Y-0.4645 Z-0.0273
X0.5764 Y-0.4681 Z-0.0274
X0.5773 Y-0.4687 Z-0.0276
X0.5782 Y-0.4691 Z-0.0277
X0.5793 Y-0.4695 Z-0.028
G0 Z0.2
X0.7666 Y-0.4582
Z0.18
G1 Z-0.02 F10.
X0.7747 Y-0.4654 Z-0.0299
X0.7891 Y-0.4488 Z-0.02
X0.7747 Y-0.4654 Z-0.0299
X0.7732 Y-0.4709 Z-0.03
X0.7729 Y-0.4718
X0.7722 Y-0.4734 Z-0.0303
X0.7713 Y-0.4751 Z-0.0308
Y-0.4766 Z-0.0303
X0.7714 Y-0.4777 Z-0.03
X0.7713 Y-0.4788 Z-0.0298
X0.7712 Y-0.4799 Z-0.0297
X0.771 Y-0.4809 Z-0.0296
X0.7708 Y-0.4819
X0.7686 Y-0.4905
X0.7643 Y-0.5065 Z-0.0297
X0.7618 Y-0.5153 Z-0.03
X0.7623 Y-0.5176 Z-0.0289
X0.7624 Y-0.5187 Z-0.0285
X0.7625 Y-0.5198 Z-0.0282
Y-0.5208 Z-0.0279
X0.7624 Y-0.5219 Z-0.0277
X0.7623 Y-0.5229 Z-0.0275
X0.7621 Y-0.524
X0.7595 Y-0.5353 Z-0.0273
X0.7569 Y-0.5473 Z-0.0272
X0.7565 Y-0.5501 Z-0.0273
X0.7555 Y-0.5595 Z-0.0275
X0.7554 Y-0.5603
Y-0.5669 Z-0.0283
X0.7556 Y-0.568
X0.756 Y-0.5703 Z-0.0287
X0.7571 Y-0.5737 Z-0.029
X0.7581 Y-0.5762
X0.7586 Y-0.5772 Z-0.0291
X0.7605 Y-0.5801 Z-0.0293
X0.7619 Y-0.5817 Z-0.0294
X0.7632 Y-0.5828 Z-0.0293
X0.7646 Y-0.5836 Z-0.0291
X0.766 Y-0.5841 Z-0.0289
X0.7669 Y-0.5842 Z-0.0286
X0.7686 Z-0.028
X0.7697 Y-0.5841 Z-0.0275
X0.7733 Y-0.5833 Z-0.026
X0.7742 Y-0.583 Z-0.0257
X0.7758 Y-0.5821 Z-0.0252
X0.7825 Y-0.5776 Z-0.0238
X0.7857 Y-0.5751 Z-0.0233
X0.7885 Y-0.5727 Z-0.0228
X0.7937 Y-0.5673 Z-0.0225
X0.797 Y-0.5637 Z-0.0224
X0.8002 Y-0.5636 Z-0.02
X0.797 Y-0.5637 Z-0.0224
X0.7969 Y-0.5602 Z-0.02
X0.797 Y-0.5637 Z-0.0224
X0.7937 Y-0.5673 Z-0.0225
X0.7885 Y-0.5727 Z-0.0228
X0.7857 Y-0.5751 Z-0.0233
X0.7825 Y-0.5776 Z-0.0238
X0.7758 Y-0.5821 Z-0.0252
X0.7742 Y-0.583 Z-0.0257
X0.7733 Y-0.5833 Z-0.026
X0.7697 Y-0.5841 Z-0.0275
X0.7686 Y-0.5842 Z-0.028
X0.7669 Z-0.0286
X0.766 Y-0.5841 Z-0.0289
X0.7646 Y-0.5836 Z-0.0291
X0.7632 Y-0.5828 Z-0.0293
X0.7619 Y-0.5817 Z-0.0294
X0.7605 Y-0.5801 Z-0.0293
X0.7586 Y-0.5772 Z-0.0291
X0.7581 Y-0.5762 Z-0.029
X0.7571 Y-0.5737
X0.756 Y-0.5703 Z-0.0287
X0.7556 Y-0.568 Z-0.0283
X0.7554 Y-0.5669
Y-0.5603 Z-0.0275
X0.7555 Y-0.5595
X0.7565 Y-0.5501 Z-0.0273
X0.7569 Y-0.5473 Z-0.0272
X0.7595 Y-0.5353 Z-0.0273
X0.7621 Y-0.524 Z-0.0275
X0.7623 Y-0.5229
X0.7624 Y-0.5219 Z-0.0277
X0.7625 Y-0.5208 Z-0.0279
Y-0.5198 Z-0.0282
X0.7624 Y-0.5187 Z-0.0285
X0.7623 Y-0.5176 Z-0.0289
X0.7618 Y-0.5153 Z-0.03
X0.7594 Y-0.516 Z-0.0279
X0.7573 Y-0.5168 Z-0.0262
X0.7556 Y-0.5177 Z-0.0248
X0.7542 Y-0.5187 Z-0.0238
X0.7537 Y-0.5192 Z-0.0234
X0.7531 Y-0.5198 Z-0.0231
X0.7525 Y-0.5206 Z-0.0229
X0.7475 Y-0.5313 Z-0.0226
X0.7417 Y-0.5416 Z-0.0228
X0.736 Y-0.5505 Z-0.0227
X0.7303 Y-0.5583 Z-0.0228
X0.7286 Y-0.5604 Z-0.0229
X0.724 Y-0.5658 Z-0.023
X0.7187 Y-0.5715 Z-0.0233
X0.7173 Y-0.5729
X0.7135 Y-0.5763 Z-0.0236
X0.7121 Y-0.5774
X0.708 Y-0.5802 Z-0.024
X0.7064 Y-0.5812
X0.7022 Y-0.5832 Z-0.0244
X0.6997 Y-0.5841 Z-0.0245
X0.6958 Y-0.5853 Z-0.0249
X0.6928 Y-0.5859 Z-0.0251
X0.692 Y-0.586
X0.6871 Y-0.5864 Z-0.0261
X0.6824 Z-0.0274
X0.6807 Y-0.586 Z-0.0276
X0.6784 Y-0.5851 Z-0.0282
X0.676 Y-0.5839 Z-0.0287
X0.6745 Y-0.5831 Z-0.0291
X0.6734 Y-0.5823 Z-0.0293
X0.672 Y-0.581 Z-0.0295
X0.6704 Y-0.5793 Z-0.0296
X0.6692 Y-0.5777 Z-0.03
X0.6666 Y-0.5726 Z-0.0302
X0.6649 Y-0.5679 Z-0.0303
X0.6646 Y-0.5661
X0.6641 Y-0.5634 Z-0.0304
X0.6638 Y-0.5602 Z-0.0303
X0.6637 Y-0.5577
X0.6638 Y-0.5539 Z-0.03
X0.6645 Y-0.5463
X0.6656 Y-0.5394 Z-0.0299
X0.6659 Y-0.5383
X0.6664 Y-0.5359
X0.6702 Y-0.524 Z-0.0293
X0.6741 Y-0.5143 Z-0.029
X0.6771 Y-0.508 Z-0.0284
X0.6797 Y-0.5033 Z-0.0282
X0.6859 Y-0.4927 Z-0.0273
X0.6912 Y-0.4857 Z-0.0265
X0.6934 Y-0.4829 Z-0.0264
X0.6972 Y-0.4785 Z-0.0258
X0.7018 Y-0.4737 Z-0.0256
X0.7036 Y-0.4721 Z-0.0254
X0.7107 Y-0.4661 Z-0.0247
X0.7132 Y-0.4644 Z-0.0246
X0.7172 Y-0.462 Z-0.0243
X0.722 Y-0.4597 Z-0.0238
X0.7228 Y-0.4595 Z-0.0237
X0.7259 Y-0.4586 Z-0.0236
X0.7292 Y-0.4578 Z-0.0234
X0.7356 Y-0.4567
X0.7363 Z-0.0233
X0.7409 Y-0.4572
X0.7433 Y-0.4576 Z-0.0234
X0.7457 Y-0.4582 Z-0.0235
X0.7468 Y-0.4586 Z-0.0236
X0.75 Y-0.4599 Z-0.0237
X0.7536 Y-0.4622
X0.7541 Y-0.4626
X0.7556 Y-0.4639
X0.7577 Y-0.466 Z-0.0236
X0.7611 Y-0.4699 Z-0.0238
X0.7616 Y-0.4704 Z-0.0239
X0.7621 Y-0.471 Z-0.0241
X0.7633 Y-0.4719 Z-0.0247
X0.7647 Y-0.4728 Z-0.0255
X0.7654 Y-0.4732 Z-0.0261
X0.7672 Y-0.4739 Z-0.0274
X0.7691 Y-0.4745 Z-0.0289
X0.7713 Y-0.4751 Z-0.0308
G0 Z0.2
X0.8128 Y-0.5934
Z0.18
G1 Z-0.02 F10.
X0.8225 Y-0.5825 Z-0.0275
X0.8289 Y-0.5883 Z-0.02
X0.8225 Y-0.5825 Z-0.0275
X0.824 Y-0.5757 Z-0.0276
X0.8266 Y-0.5644 Z-0.028
X0.8296 Y-0.553 Z-0.0288
X0.8299 Y-0.552 Z-0.0289
X0.832 Y-0.5513 Z-0.0271
X0.8338 Y-0.5505 Z-0.0257
X0.8353 Y-0.5496 Z-0.0246
X0.8366 Y-0.5486 Z-0.0238
X0.8371 Y-0.5481 Z-0.0235
X0.8376 Y-0.5475 Z-0.0233
X0.8379 Y-0.5469 Z-0.0231
X0.8391 Y-0.5442 Z-0.023
X0.8447 Y-0.5317 Z-0.0231
X0.8485 Y-0.5238 Z-0.023
X0.8521 Y-0.5169 Z-0.0232
X0.8594 Y-0.504
X0.8595 Y-0.5038
X0.8647 Y-0.4961 Z-0.0231
X0.8696 Y-0.4894 Z-0.0232
X0.8765 Y-0.4811 Z-0.0233
X0.8802 Y-0.4769 Z-0.0236
X0.8829 Y-0.4742
X0.8875 Y-0.4699 Z-0.0238
X0.8922 Y-0.4662 Z-0.0242
X0.8966 Y-0.4637 Z-0.0247
X0.8984 Y-0.4629 Z-0.0248
X0.901 Y-0.4619 Z-0.0252
X0.9047 Y-0.4608 Z-0.0254
X0.9056 Y-0.4606 Z-0.0255
X0.9108 Y-0.4603 Z-0.0265
X0.9122 Z-0.0268
X0.9154 Y-0.4607 Z-0.028
X0.9175 Y-0.4614 Z-0.0285
X0.9186 Y-0.4619 Z-0.0287
X0.9195 Y-0.4624 Z-0.0289
X0.9202 Y-0.463 Z-0.0291
X0.9213 Y-0.464 Z-0.0294
X0.9224 Y-0.4653 Z-0.0297
X0.9236 Y-0.4671 Z-0.0298
X0.9245 Y-0.4691
X0.925 Y-0.471
X0.9253 Y-0.4741 Z-0.0297
Y-0.4762 Z-0.0295
X0.9249 Y-0.4806 Z-0.0294
X0.9241 Y-0.4857 Z-0.0291
X0.9223 Y-0.4948 Z-0.0288
X0.9152 Y-0.5275 Z-0.0276
X0.911 Y-0.5482 Z-0.0271
X0.9098 Y-0.5567 Z-0.0274
X0.9094 Y-0.5602
X0.9093 Y-0.5673 Z-0.0279
X0.9095 Y-0.569 Z-0.028
X0.9097 Y-0.57 Z-0.0281
X0.9108 Y-0.5745 Z-0.0285
X0.9114 Y-0.5762
X0.9121 Y-0.5778
X0.914 Y-0.5809 Z-0.0288
X0.9156 Y-0.5827 Z-0.0289
X0.9168 Y-0.5838
X0.9181 Y-0.5845 Z-0.0288
X0.9195 Y-0.5849 Z-0.0286
X0.921 Y-0.585 Z-0.0281
X0.9222 Z-0.0277
X0.9251 Y-0.5844 Z-0.0265
X0.9263 Y-0.5841 Z-0.0261
X0.9275 Y-0.5837 Z-0.0258
X0.9285 Y-0.5831 Z-0.0255
X0.9353 Y-0.5785 Z-0.0239
X0.9394 Y-0.5753 Z-0.0233
X0.9417 Y-0.5732 Z-0.0229
X0.9471 Y-0.5676 Z-0.0226
X0.9504 Y-0.5638 Z-0.0225
X0.9538 Y-0.5636 Z-0.02
X0.9504 Y-0.5638 Z-0.0225
X0.9502 Y-0.5602 Z-0.02
X0.9504 Y-0.5638 Z-0.0225
X0.9471 Y-0.5676 Z-0.0226
X0.9417 Y-0.5732 Z-0.0229
X0.9394 Y-0.5753 Z-0.0233
X0.9353 Y-0.5785 Z-0.0239
X0.9285 Y-0.5831 Z-0.0255
X0.9275 Y-0.5837 Z-0.0258
X0.9263 Y-0.5841 Z-0.0261
X0.9251 Y-0.5844 Z-0.0265
X0.9222 Y-0.585 Z-0.0277
X0.921 Z-0.0281
X0.9195 Y-0.5849 Z-0.0286
X0.9181 Y-0.5845 Z-0.0288
X0.9168 Y-0.5838 Z-0.0289
X0.9156 Y-0.5827
X0.914 Y-0.5809 Z-0.0288
X0.9121 Y-0.5778 Z-0.0285
X0.9114 Y-0.5762
X0.9108 Y-0.5745
X0.9097 Y-0.57 Z-0.0281
X0.9095 Y-0.569 Z-0.028
X0.9093 Y-0.5673 Z-0.0279
X0.9094 Y-0.5602 Z-0.0274
X0.9098 Y-0.5567
X0.911 Y-0.5482 Z-0.0271
X0.9152 Y-0.5275 Z-0.0276
X0.9223 Y-0.4948 Z-0.0288
X0.9241 Y-0.4857 Z-0.0291
X0.9249 Y-0.4806 Z-0.0294
X0.9253 Y-0.4762 Z-0.0295
Y-0.4741 Z-0.0297
X0.925 Y-0.471 Z-0.0298
X0.9245 Y-0.4691
X0.9236 Y-0.4671
X0.9224 Y-0.4653 Z-0.0297
X0.9213 Y-0.464 Z-0.0294
X0.9202 Y-0.463 Z-0.0291
X0.9195 Y-0.4624 Z-0.0289
X0.9186 Y-0.4619 Z-0.0287
X0.9175 Y-0.4614 Z-0.0285
X0.9154 Y-0.4607 Z-0.028
X0.9122 Y-0.4603 Z-0.0268
X0.9108 Z-0.0265
X0.9056 Y-0.4606 Z-0.0255
X0.9047 Y-0.4608 Z-0.0254
X0.901 Y-0.4619 Z-0.0252
X0.8984 Y-0.4629 Z-0.0248
X0.8966 Y-0.4637 Z-0.0247
X0.8922 Y-0.4662 Z-0.0242
X0.8875 Y-0.4699 Z-0.0238
X0.8829 Y-0.4742 Z-0.0236
X0.8802 Y-0.4769
X0.8765 Y-0.4811 Z-0.0233
X0.8696 Y-0.4894 Z-0.0232
X0.8647 Y-0.4961 Z-0.0231
X0.8595 Y-0.5038 Z-0.0232
X0.8594 Y-0.504
X0.8521 Y-0.5169
X0.8485 Y-0.5238 Z-0.023
X0.8447 Y-0.5317 Z-0.0231
X0.8391 Y-0.5442 Z-0.023
X0.8379 Y-0.5469 Z-0.0231
X0.8376 Y-0.5475 Z-0.0233
X0.8371 Y-0.5481 Z-0.0235
X0.8366 Y-0.5486 Z-0.0238
X0.8353 Y-0.5496 Z-0.0246
X0.8338 Y-0.5505 Z-0.0257
X0.832 Y-0.5513 Z-0.0271
X0.8299 Y-0.552 Z-0.0289
X0.8292 Y-0.5499 Z-0.0278
X0.829 Y-0.5488 Z-0.0274
X0.8289 Y-0.5478 Z-0.0271
X0.8288 Y-0.5468 Z-0.0268
Y-0.5458 Z-0.0266
X0.8289 Y-0.5448 Z-0.0265
X0.8865 Y-0.2715 Z-0.0309
X0.8768 Y-0.2641 Z-0.02
X0.8865 Y-0.2715 Z-0.0309
X0.9021 Y-0.2518 Z-0.02
G0 Z0.2
X1.0805 Y-0.4582
Z0.18
G1 Z-0.02 F10.
X1.0886 Y-0.4654 Z-0.0299
X1.1031 Y-0.4488 Z-0.02
X1.0886 Y-0.4654 Z-0.0299
X1.0874 Y-0.47
X1.0871 Y-0.4709 Z-0.03
X1.0861 Y-0.4734 Z-0.0303
X1.0852 Y-0.4751 Z-0.0308
X1.0853 Y-0.4766 Z-0.0303
Y-0.4777 Z-0.03
X1.0852 Y-0.4788 Z-0.0298
X1.0851 Y-0.4799 Z-0.0297
X1.0849 Y-0.4809 Z-0.0296
X1.0847 Y-0.4819
X1.0825 Y-0.4905
X1.0783 Y-0.5065 Z-0.0297
X1.0757 Y-0.5153 Z-0.03
X1.0762 Y-0.5176 Z-0.0289
X1.0763 Y-0.5187 Z-0.0285
X1.0764 Y-0.5198 Z-0.0282
Y-0.5208 Z-0.0279
Y-0.5219 Z-0.0277
X1.0762 Y-0.5229 Z-0.0275
X1.0739 Y-0.533 Z-0.0273
X1.071 Y-0.5465 Z-0.0272
X1.0705 Y-0.5501 Z-0.0273
X1.0695 Y-0.5587 Z-0.0274
X1.0694 Y-0.5595 Z-0.0275
X1.0693 Y-0.5667 Z-0.0283
X1.0695 Y-0.568
X1.0697 Y-0.5691 Z-0.0285
X1.071 Y-0.5737 Z-0.029
X1.0716 Y-0.5753
X1.0724 Y-0.577 Z-0.0291
X1.0742 Y-0.5799 Z-0.0293
X1.0758 Y-0.5817 Z-0.0294
X1.0771 Y-0.5828 Z-0.0293
X1.0786 Y-0.5836 Z-0.0291
X1.0799 Y-0.5841 Z-0.0289
X1.0818 Y-0.5842 Z-0.0283
X1.0826 Z-0.028
X1.0836 Y-0.5841 Z-0.0275
X1.0872 Y-0.5833 Z-0.026
X1.0881 Y-0.583 Z-0.0257
X1.0898 Y-0.5821 Z-0.0252
X1.0964 Y-0.5776 Z-0.0238
X1.0996 Y-0.5751 Z-0.0233
X1.1024 Y-0.5727 Z-0.0228
X1.1077 Y-0.5673 Z-0.0225
X1.1109 Y-0.5637 Z-0.0224
X1.1142 Y-0.5636 Z-0.02
X1.1109 Y-0.5637 Z-0.0224
X1.1108 Y-0.5602 Z-0.02
X1.1109 Y-0.5637 Z-0.0224
X1.1077 Y-0.5673 Z-0.0225
X1.1024 Y-0.5727 Z-0.0228
X1.0996 Y-0.5751 Z-0.0233
X1.0964 Y-0.5776 Z-0.0238
X1.0898 Y-0.5821 Z-0.0252
X1.0881 Y-0.583 Z-0.0257
X1.0872 Y-0.5833 Z-0.026
X1.0836 Y-0.5841 Z-0.0275
X1.0826 Y-0.5842 Z-0.028
X1.0818 Z-0.0283
X1.0799 Y-0.5841 Z-0.0289
X1.0786 Y-0.5836 Z-0.0291
X1.0771 Y-0.5828 Z-0.0293
X1.0758 Y-0.5817 Z-0.0294
X1.0742 Y-0.5799 Z-0.0293
X1.0724 Y-0.577 Z-0.0291
X1.0716 Y-0.5753 Z-0.029
X1.071 Y-0.5737
X1.0697 Y-0.5691 Z-0.0285
X1.0695 Y-0.568 Z-0.0283
X1.0693 Y-0.5667
X1.0694 Y-0.5595 Z-0.0275
X1.0695 Y-0.5587 Z-0.0274
X1.0705 Y-0.5501 Z-0.0273
X1.071 Y-0.5465 Z-0.0272
X1.0739 Y-0.533 Z-0.0273
X1.0762 Y-0.5229 Z-0.0275
X1.0764 Y-0.5219 Z-0.0277
Y-0.5208 Z-0.0279
Y-0.5198 Z-0.0282
X1.0763 Y-0.5187 Z-0.0285
X1.0762 Y-0.5176 Z-0.0289
X1.0757 Y-0.5153 Z-0.03
X1.0733 Y-0.516 Z-0.0279
X1.0713 Y-0.5168 Z-0.0262
X1.0695 Y-0.5177 Z-0.0248
X1.0681 Y-0.5187 Z-0.0238
X1.0676 Y-0.5192 Z-0.0234
X1.0669 Y-0.52 Z-0.023
X1.0665 Y-0.5206 Z-0.0229
X1.0661 Y-0.5212 Z-0.0228
X1.0613 Y-0.5317 Z-0.0226
X1.0551 Y-0.5425 Z-0.0228
X1.0494 Y-0.5512
X1.0441 Y-0.5585
X1.0426 Y-0.5604 Z-0.0229
X1.0378 Y-0.5659 Z-0.023
X1.0327 Y-0.5715 Z-0.0233
X1.031 Y-0.5732
X1.0275 Y-0.5763 Z-0.0236
X1.0257 Y-0.5777
X1.022 Y-0.5802 Z-0.024
X1.0195 Y-0.5816
X1.0161 Y-0.5832 Z-0.0244
X1.013 Y-0.5843 Z-0.0246
X1.0097 Y-0.5853 Z-0.0249
X1.0059 Y-0.586 Z-0.0251
X1.0052 Y-0.5862 Z-0.0253
X0.9999 Y-0.5865 Z-0.0264
X0.9964 Y-0.5864 Z-0.0274
X0.9947 Y-0.586 Z-0.0276
X0.9923 Y-0.5851 Z-0.0282
X0.9899 Y-0.5839 Z-0.0287
X0.9884 Y-0.5831 Z-0.0291
X0.9874 Y-0.5823 Z-0.0293
X0.986 Y-0.581 Z-0.0295
X0.9843 Y-0.5793 Z-0.0296
X0.9831 Y-0.5777 Z-0.03
X0.9805 Y-0.5726 Z-0.0302
X0.9789 Y-0.5679 Z-0.0303
X0.9785 Y-0.5661
X0.9781 Y-0.5634 Z-0.0304
X0.9778 Y-0.5602 Z-0.0303
X0.9776 Y-0.5577
X0.9778 Y-0.5539 Z-0.03
X0.9785 Y-0.5463
X0.9796 Y-0.5394 Z-0.0299
X0.9798 Y-0.5383
X0.9804 Y-0.5359
X0.9841 Y-0.524 Z-0.0293
X0.9881 Y-0.5143 Z-0.029
X0.9911 Y-0.508 Z-0.0284
X0.9936 Y-0.5033 Z-0.0282
X0.9998 Y-0.4927 Z-0.0273
X1.0051 Y-0.4857 Z-0.0265
X1.0073 Y-0.4829 Z-0.0264
X1.0111 Y-0.4785 Z-0.0258
X1.0157 Y-0.4737 Z-0.0256
X1.0175 Y-0.4721 Z-0.0254
X1.0247 Y-0.4661 Z-0.0247
X1.0272 Y-0.4644 Z-0.0246
X1.0311 Y-0.462 Z-0.0243
X1.036 Y-0.4597 Z-0.0238
X1.0367 Y-0.4595 Z-0.0237
X1.0399 Y-0.4586 Z-0.0236
X1.0432 Y-0.4578 Z-0.0234
X1.0495 Y-0.4567
X1.0502 Z-0.0233
X1.0548 Y-0.4572
X1.0573 Y-0.4576 Z-0.0234
X1.0597 Y-0.4582 Z-0.0235
X1.0608 Y-0.4586 Z-0.0236
X1.0639 Y-0.4599 Z-0.0237
X1.0675 Y-0.4622
X1.068 Y-0.4626
X1.0695 Y-0.4639
X1.0716 Y-0.466 Z-0.0236
X1.0751 Y-0.4699 Z-0.0238
X1.0755 Y-0.4704 Z-0.0239
X1.076 Y-0.471 Z-0.0241
X1.0772 Y-0.4719 Z-0.0247
X1.0786 Y-0.4728 Z-0.0255
X1.0794 Y-0.4732 Z-0.0261
X1.0811 Y-0.4739 Z-0.0274
X1.083 Y-0.4745 Z-0.0289
X1.0852 Y-0.4751 Z-0.0308
G0 Z0.2
X1.1301 Y-0.5934
Z0.18
G1 Z-0.02 F10.
X1.1392 Y-0.5829 Z-0.0271
X1.145 Y-0.5883 Z-0.02
X1.1392 Y-0.5829 Z-0.0271
X1.142 Y-0.5707 Z-0.0276
X1.1461 Y-0.5546 Z-0.0287
X1.1493 Y-0.5435 Z-0.0298
X1.1489 Y-0.5416 Z-0.0291
X1.1488 Y-0.5397 Z-0.0286
Y-0.5379 Z-0.0283
X1.149 Y-0.5361 Z-0.0282
X1.1491 Y-0.5357
X1.1637 Y-0.4671 Z-0.03
X1.1549 Y-0.4601 Z-0.02
X1.1637 Y-0.4671 Z-0.03
X1.178 Y-0.4502 Z-0.02
X1.1637 Y-0.4671 Z-0.03
X1.1491 Y-0.5357 Z-0.0282
X1.149 Y-0.5361
X1.1488 Y-0.5379 Z-0.0283
Y-0.5397 Z-0.0286
X1.1489 Y-0.5416 Z-0.0291
X1.1493 Y-0.5435 Z-0.0298
X1.1521 Y-0.543 Z-0.0274
X1.1545 Y-0.5423 Z-0.0254
X1.1561 Y-0.5417 Z-0.0242
X1.1572 Y-0.541 Z-0.0235
X1.1581 Y-0.5403 Z-0.0229
X1.1584 Y-0.5399 Z-0.0227
X1.1591 Y-0.5391 Z-0.0225
X1.163 Y-0.5306 Z-0.0224
X1.1671 Y-0.5225 Z-0.0227
X1.1697 Y-0.5176
X1.1757 Y-0.5071 Z-0.0229
X1.1804 Y-0.4997
X1.1823 Y-0.4967
X1.1854 Y-0.4924
X1.1881 Y-0.4887 Z-0.0228
X1.1943 Y-0.4809 Z-0.023
X1.1963 Y-0.4785 Z-0.0232
X1.2009 Y-0.4735
X1.2042 Y-0.4702 Z-0.0234
X1.2052 Y-0.4693
X1.2083 Y-0.4667 Z-0.0237
X1.2098 Y-0.4655
X1.2126 Y-0.4638 Z-0.0241
X1.2153 Y-0.4624 Z-0.0242
X1.2171 Y-0.4617 Z-0.0245
X1.2213 Y-0.4603 Z-0.0248
X1.2229 Y-0.4599 Z-0.025
X1.2282 Z-0.0263
X1.2316 Y-0.4602 Z-0.0276
X1.2314 Y-0.4524 Z-0.02
X1.2316 Y-0.4602 Z-0.0276
X1.2326 Y-0.4606 Z-0.0277
X1.2351 Y-0.4619 Z-0.0284
X1.2365 Y-0.4628 Z-0.029
X1.2377 Y-0.4638 Z-0.0294
X1.2381 Y-0.4643 Z-0.0296
X1.2385 Y-0.4651
X1.2392 Y-0.4671 Z-0.0294
X1.2398 Y-0.4704 Z-0.0293
X1.2401 Y-0.473
X1.24 Y-0.4761 Z-0.0291
X1.2394 Y-0.4828 Z-0.029
X1.2392 Y-0.484 Z-0.0291
X1.2384 Y-0.4888 Z-0.029
X1.2367 Y-0.4972 Z-0.0291
X1.2294 Y-0.5329 Z-0.0286
X1.2292 Y-0.5339 Z-0.0287
Y-0.5349 Z-0.0288
Y-0.5359 Z-0.0291
X1.2294 Y-0.538 Z-0.0297
X1.2298 Y-0.5402 Z-0.0305
X1.2294 Y-0.5414 Z-0.0303
X1.2231 Y-0.5641 Z-0.0284
X1.2186 Y-0.5824 Z-0.0275
X1.2247 Y-0.5883 Z-0.02
X1.2186 Y-0.5824 Z-0.0275
X1.2088 Y-0.5934 Z-0.02
X1.2186 Y-0.5824 Z-0.0275
X1.2231 Y-0.5641 Z-0.0284
X1.2294 Y-0.5414 Z-0.0303
X1.2298 Y-0.5402 Z-0.0305
X1.2322 Y-0.5398 Z-0.0285
X1.2343 Y-0.5393 Z-0.0269
X1.2361 Y-0.5387 Z-0.0255
X1.2376 Y-0.5379 Z-0.0244
X1.2389 Y-0.537 Z-0.0237
X1.2394 Y-0.5365 Z-0.0233
X1.2399 Y-0.536 Z-0.0232
X1.2402 Y-0.5355 Z-0.023
X1.2458 Y-0.5244 Z-0.0227
X1.2491 Y-0.5183 Z-0.0228
X1.2563 Y-0.5055 Z-0.0226
X1.2583 Y-0.5023 Z-0.0227
X1.2642 Y-0.4931 Z-0.0225
X1.2685 Y-0.4869 Z-0.0227
X1.2727 Y-0.4812 Z-0.0226
X1.2788 Y-0.4735 Z-0.023
X1.2791 Y-0.4732
X1.286 Y-0.4666 Z-0.0235
X1.2902 Y-0.4635 Z-0.024
X1.2918 Y-0.4624 Z-0.0241
X1.2938 Y-0.4614 Z-0.0244
X1.2956 Y-0.4607 Z-0.0246
X1.2976 Y-0.46 Z-0.0249
X1.2993 Y-0.4596 Z-0.0251
X1.3001 Y-0.4595
X1.3009 Y-0.4594 Z-0.0253
X1.3049 Y-0.4592 Z-0.0261
X1.3062 Z-0.0264
X1.31 Y-0.4598 Z-0.0278
X1.312 Y-0.4604 Z-0.0283
X1.313 Y-0.4609 Z-0.0285
X1.3139 Y-0.4614 Z-0.0288
X1.3153 Y-0.4626 Z-0.0293
X1.3164 Y-0.4638 Z-0.0295
X1.3174 Y-0.4654 Z-0.0296
X1.3183 Y-0.4672 Z-0.0295
X1.3188 Y-0.4694
X1.3191 Y-0.4728 Z-0.0293
X1.319 Y-0.4739 Z-0.0291
Y-0.475
X1.3183 Y-0.4816 Z-0.029
X1.3178 Y-0.4846
X1.3152 Y-0.4978 Z-0.0286
X1.3067 Y-0.5373 Z-0.0272
X1.3045 Y-0.5491 Z-0.0271
X1.3034 Y-0.5567 Z-0.0274
X1.303 Y-0.5616
Y-0.568 Z-0.028
X1.3032 Y-0.569
X1.3035 Y-0.5713 Z-0.0283
X1.3045 Y-0.5749 Z-0.0286
X1.3054 Y-0.5773
X1.3059 Y-0.5785 Z-0.0287
X1.3076 Y-0.5812 Z-0.029
X1.3095 Y-0.5831
X1.3102 Y-0.5837
X1.3114 Y-0.5844 Z-0.0289
X1.3128 Y-0.5849 Z-0.0287
X1.3143 Y-0.585 Z-0.0282
X1.3158 Z-0.0277
X1.3184 Y-0.5845 Z-0.0267
X1.3198 Y-0.5842 Z-0.0261
X1.3211 Y-0.5837 Z-0.0258
X1.3219 Y-0.5832 Z-0.0256
X1.3288 Y-0.5786 Z-0.024
X1.3321 Y-0.5761 Z-0.0234
X1.333 Y-0.5753 Z-0.0233
X1.3352 Y-0.5733 Z-0.023
X1.3406 Y-0.5677 Z-0.0226
X1.344 Y-0.5638 Z-0.0225
X1.3474 Y-0.5636 Z-0.02
X1.344 Y-0.5638 Z-0.0225
X1.3439 Y-0.5602 Z-0.02
G0 Z0.2
X1.6323 Y-0.4743
Z0.18
G1 Z-0.02 F10.
X1.6418 Y-0.473 Z-0.0286
X1.6428 Y-0.4806 Z-0.0252
X1.6448 Y-0.4927 Z-0.02
X1.6428 Y-0.4806 Z-0.0252
X1.6418 Y-0.473 Z-0.0286
X1.6428 Y-0.4699 Z-0.0285
X1.6455 Y-0.4634
X1.6476 Y-0.4592 Z-0.0283
X1.6479 Y-0.4585
X1.6505 Y-0.4541 Z-0.0282
X1.6524 Y-0.4512
X1.6537 Y-0.4495 Z-0.0281
X1.6564 Y-0.4463
X1.6574 Y-0.4452
X1.6608 Y-0.4418 Z-0.0282
X1.6616 Y-0.4411
X1.6657 Y-0.438 Z-0.0283
X1.6709 Y-0.4347 Z-0.0285
X1.6759 Y-0.4323
X1.6809 Y-0.4303 Z-0.0283
X1.6861 Y-0.4288 Z-0.0278
X1.6915 Y-0.4276 Z-0.027
X1.694 Y-0.4273 Z-0.0265
X1.6954 Y-0.4274
X1.7007 Y-0.4281 Z-0.0264
X1.7016 Y-0.4283 Z-0.0262
X1.7051 Y-0.4295 Z-0.0261
X1.708 Y-0.4306 Z-0.0258
X1.7089 Y-0.431
X1.7133 Y-0.434 Z-0.0256
X1.7142 Y-0.4347 Z-0.0255
X1.7168 Y-0.4371
X1.7191 Y-0.4396 Z-0.0252
X1.7197 Y-0.4403
X1.7226 Y-0.4448 Z-0.0251
X1.7234 Y-0.4464 Z-0.025
X1.7249 Y-0.4497 Z-0.0249
X1.7262 Y-0.4531 Z-0.0247
X1.7266 Y-0.4541
X1.7277 Y-0.4599 Z-0.0246
X1.7281 Y-0.4654 Z-0.0245
Y-0.4679 Z-0.0244
X1.7279 Y-0.4715
X1.7273 Y-0.4769 Z-0.0243
X1.7255 Y-0.4853 Z-0.024
X1.7243 Y-0.4898 Z-0.0241
X1.7229 Y-0.4937 Z-0.0239
X1.7196 Y-0.5017 Z-0.0238
X1.715 Y-0.5107 Z-0.0237
X1.7124 Y-0.5154 Z-0.0238
X1.7099 Y-0.5192 Z-0.0236
X1.7042 Y-0.5275
X1.698 Y-0.5353 Z-0.0234
X1.693 Y-0.541 Z-0.0235
X1.6836 Y-0.5506 Z-0.0234
X1.6818 Y-0.5523 Z-0.0235
X1.6756 Y-0.5575 Z-0.0234
X1.6693 Y-0.5625 Z-0.0235
X1.6689 Y-0.5629
X1.6681 Y-0.5638 Z-0.0238
X1.6673 Y-0.5649 Z-0.0242
X1.666 Y-0.5669 Z-0.0258
X1.6647 Y-0.5689 Z-0.0277
X1.6627 Y-0.5719 Z-0.031
X1.6644 Y-0.5731 Z-0.0306
X1.6662 Y-0.5742 Z-0.0305
X1.6701 Y-0.5764 Z-0.0304
X1.6766 Y-0.5795 Z-0.0301
X1.6803 Y-0.5811 Z-0.0298
X1.683 Y-0.5822 Z-0.0296
X1.6872 Y-0.5836 Z-0.0292
X1.6897 Y-0.5844 Z-0.0291
X1.6943 Y-0.5856 Z-0.0286
X1.6968 Y-0.5861 Z-0.0285
X1.7013 Y-0.5869 Z-0.0282
X1.7084 Y-0.5879 Z-0.0279
X1.7113 Y-0.5882
X1.7227 Y-0.5878 Z-0.0265
X1.7328 Y-0.5865 Z-0.0258
X1.7407 Y-0.5848 Z-0.0252
X1.743 Y-0.5841 Z-0.0253
X1.7491 Y-0.5817 Z-0.0249
X1.7521 Y-0.5803 Z-0.0247
X1.7574 Y-0.5774 Z-0.0242
X1.7607 Y-0.575 Z-0.024
X1.7651 Y-0.5714 Z-0.0236
X1.769 Y-0.568 Z-0.0233
X1.7723 Y-0.5647 Z-0.0229
X1.7787 Y-0.5576 Z-0.0226
X1.7828 Y-0.5526
X1.7861 Y-0.5525 Z-0.02
X1.7828 Y-0.5526 Z-0.0226
Y-0.5487 Z-0.02
Y-0.5526 Z-0.0226
X1.7787 Y-0.5576
X1.7723 Y-0.5647 Z-0.0229
X1.769 Y-0.568 Z-0.0233
X1.7651 Y-0.5714 Z-0.0236
X1.7607 Y-0.575 Z-0.024
X1.7574 Y-0.5774 Z-0.0242
X1.7521 Y-0.5803 Z-0.0247
X1.7491 Y-0.5817 Z-0.0249
X1.743 Y-0.5841 Z-0.0253
X1.7407 Y-0.5848 Z-0.0252
X1.7328 Y-0.5865 Z-0.0258
X1.7227 Y-0.5878 Z-0.0265
X1.7113 Y-0.5882 Z-0.0279
X1.7084 Y-0.5879
X1.7013 Y-0.5869 Z-0.0282
X1.6968 Y-0.5861 Z-0.0285
X1.6943 Y-0.5856 Z-0.0286
X1.6897 Y-0.5844 Z-0.0291
X1.6872 Y-0.5836 Z-0.0292
X1.683 Y-0.5822 Z-0.0296
X1.6803 Y-0.5811 Z-0.0298
X1.6766 Y-0.5795 Z-0.0301
X1.6701 Y-0.5764 Z-0.0304
X1.6662 Y-0.5742 Z-0.0305
X1.6644 Y-0.5731 Z-0.0306
X1.6627 Y-0.5719 Z-0.031
X1.6615 Y-0.5713 Z-0.0308
X1.6603 Y-0.5708
X1.6594 Y-0.5703
X1.6566 Y-0.5686 Z-0.0312
X1.6551 Y-0.5677 Z-0.0314
X1.6535 Y-0.5669 Z-0.0318
X1.6525 Y-0.5658 Z-0.0317
X1.6421 Y-0.5576
X1.634 Y-0.5508 Z-0.032
X1.6262 Y-0.5437 Z-0.0322
X1.6191 Y-0.5363 Z-0.0324
X1.6125 Y-0.5285
X1.6062 Y-0.5201 Z-0.0322
X1.5997 Y-0.5108 Z-0.0317
X1.5942 Y-0.5023 Z-0.0318
X1.5919 Y-0.4979 Z-0.0315
X1.5853 Y-0.4851 Z-0.031
X1.585 Y-0.4844
X1.5794 Y-0.4716 Z-0.0307
X1.5753 Y-0.4608 Z-0.0304
X1.5745 Y-0.4581 Z-0.0302
X1.5721 Y-0.45 Z-0.0299
X1.5708 Y-0.4451 Z-0.0295
X1.5694 Y-0.4389 Z-0.0293
X1.568 Y-0.4322 Z-0.0288
X1.5659 Y-0.4189 Z-0.0285
X1.5654 Y-0.4148 Z-0.0286
X1.5649 Y-0.4126 Z-0.0287
X1.5647 Y-0.4115 Z-0.0288
X1.5624 Z-0.0268
X1.5609 Z-0.0256
X1.5598 Z-0.0248
X1.5588 Z-0.0243
X1.5578 Y-0.4116 Z-0.0238
X1.5568 Y-0.4118 Z-0.0235
X1.5559 Y-0.4121 Z-0.0233
X1.555 Y-0.4125 Z-0.0232
X1.5436 Y-0.4202 Z-0.0237
X1.5328 Y-0.4281 Z-0.0243
X1.5287 Y-0.4314 Z-0.0247
X1.5226 Y-0.4366 Z-0.0252
X1.5177 Y-0.4414 Z-0.0257
X1.5133 Y-0.4464 Z-0.0263
X1.5129 Y-0.4469
X1.5091 Y-0.4519 Z-0.027
X1.5074 Y-0.4544 Z-0.0274
X1.5054 Y-0.4578 Z-0.0277
X1.5038 Y-0.4608 Z-0.0282
X1.5022 Y-0.464 Z-0.0284
X1.5007 Y-0.4674 Z-0.0289
X1.4995 Y-0.4705 Z-0.0291
X1.4982 Y-0.4744 Z-0.0295
X1.4959 Y-0.4816 Z-0.03
X1.4921 Y-0.4971 Z-0.0308
X1.4918 Y-0.4989 Z-0.031
X1.4909 Y-0.5125 Z-0.0333
X1.4915 Y-0.5191 Z-0.0335
X1.4919 Y-0.5219 Z-0.0336
X1.4929 Y-0.5275 Z-0.0338
X1.4939 Y-0.5312 Z-0.034
X1.4958 Y-0.5369
X1.4966 Y-0.5388
X1.4972 Y-0.5401
X1.5011 Y-0.5478 Z-0.0341
X1.5018 Y-0.549 Z-0.0342
X1.5068 Y-0.5558 Z-0.0339
X1.5077 Y-0.5569
X1.5108 Y-0.5606 Z-0.0338
X1.514 Y-0.5639 Z-0.0335
X1.5187 Y-0.5684 Z-0.0326
X1.5199 Y-0.5694 Z-0.0324
X1.5213 Y-0.5704 Z-0.0323
X1.53 Y-0.576 Z-0.0317
X1.5376 Y-0.58 Z-0.0305
X1.5411 Y-0.5817 Z-0.0302
X1.5469 Y-0.5842 Z-0.0295
X1.5525 Y-0.5861 Z-0.0289
X1.556 Y-0.587 Z-0.0284
X1.5652 Y-0.589 Z-0.0276
X1.5746 Y-0.5901 Z-0.027
X1.5778 Y-0.5903
X1.5934 Y-0.5904 Z-0.0257
X1.5958 Y-0.5903
X1.6065 Y-0.5892 Z-0.0253
X1.607 Y-0.5891 Z-0.0252
X1.6132 Y-0.588 Z-0.0251
X1.6204 Y-0.5865 Z-0.0246
X1.6218 Y-0.5861
X1.6328 Y-0.5824 Z-0.0241
X1.6331 Y-0.5823
X1.6456 Y-0.5773 Z-0.0237
X1.6464 Y-0.5769 Z-0.0238
X1.6472 Y-0.5763 Z-0.024
X1.6479 Y-0.5757 Z-0.0242
X1.6489 Y-0.5745 Z-0.0248
X1.6496 Y-0.5733 Z-0.0256
X1.6505 Y-0.5718 Z-0.0268
X1.6517 Y-0.5698 Z-0.0287
X1.6535 Y-0.5669 Z-0.0318
X1.6517 Y-0.5698 Z-0.0287
X1.6505 Y-0.5718 Z-0.0268
X1.6496 Y-0.5733 Z-0.0256
X1.6489 Y-0.5745 Z-0.0248
X1.6479 Y-0.5757 Z-0.0242
X1.6472 Y-0.5763 Z-0.024
X1.6464 Y-0.5769 Z-0.0238
X1.6456 Y-0.5773 Z-0.0237
X1.6331 Y-0.5823 Z-0.0241
X1.6328 Y-0.5824
X1.6218 Y-0.5861 Z-0.0246
X1.6204 Y-0.5865
X1.6132 Y-0.588 Z-0.0251
X1.607 Y-0.5891 Z-0.0252
X1.6065 Y-0.5892 Z-0.0253
X1.5958 Y-0.5903 Z-0.0257
X1.5934 Y-0.5904
X1.5778 Y-0.5903 Z-0.027
X1.5746 Y-0.5901
X1.5652 Y-0.589 Z-0.0276
X1.556 Y-0.587 Z-0.0284
X1.5525 Y-0.5861 Z-0.0289
X1.5469 Y-0.5842 Z-0.0295
X1.5411 Y-0.5817 Z-0.0302
X1.5376 Y-0.58 Z-0.0305
X1.53 Y-0.576 Z-0.0317
X1.5213 Y-0.5704 Z-0.0323
X1.5199 Y-0.5694 Z-0.0324
X1.5187 Y-0.5684 Z-0.0326
X1.514 Y-0.5639 Z-0.0335
X1.5108 Y-0.5606 Z-0.0338
X1.5077 Y-0.5569 Z-0.0339
X1.5068 Y-0.5558
X1.5018 Y-0.549 Z-0.0342
X1.5011 Y-0.5478 Z-0.0341
X1.4972 Y-0.5401 Z-0.034
X1.4966 Y-0.5388
X1.4958 Y-0.5369
X1.4939 Y-0.5312
X1.4929 Y-0.5275 Z-0.0338
X1.4919 Y-0.5219 Z-0.0336
X1.4915 Y-0.5191 Z-0.0335
X1.4909 Y-0.5125 Z-0.0333
X1.4918 Y-0.4989 Z-0.031
X1.4921 Y-0.4971 Z-0.0308
X1.4959 Y-0.4816 Z-0.03
X1.4982 Y-0.4744 Z-0.0295
X1.4995 Y-0.4705 Z-0.0291
X1.5007 Y-0.4674 Z-0.0289
X1.5022 Y-0.464 Z-0.0284
X1.5038 Y-0.4608 Z-0.0282
X1.5054 Y-0.4578 Z-0.0277
X1.5074 Y-0.4544 Z-0.0274
X1.5091 Y-0.4519 Z-0.027
X1.5129 Y-0.4469 Z-0.0263
X1.5133 Y-0.4464
X1.5177 Y-0.4414 Z-0.0257
X1.5226 Y-0.4366 Z-0.0252
X1.5287 Y-0.4314 Z-0.0247
X1.5328 Y-0.4281 Z-0.0243
X1.5436 Y-0.4202 Z-0.0237
X1.555 Y-0.4125 Z-0.0232
X1.5559 Y-0.4121 Z-0.0233
X1.5568 Y-0.4118 Z-0.0235
X1.5578 Y-0.4116 Z-0.0238
X1.5588 Y-0.4115 Z-0.0243
X1.5598 Z-0.0248
X1.5609 Z-0.0256
X1.5624 Z-0.0268
X1.5647 Z-0.0288
X1.5649 Y-0.4097 Z-0.0284
Y-0.4078 Z-0.0282
X1.5648 Y-0.4043 Z-0.028
X1.565 Y-0.4028 Z-0.0281
X1.5652 Y-0.4013 Z-0.0283
X1.565 Y-0.3999 Z-0.028
Y-0.3984 Z-0.0279
Y-0.3938 Z-0.0276
X1.5653 Y-0.3872 Z-0.0273
X1.5657 Y-0.3818 Z-0.0271
X1.5666 Y-0.3752 Z-0.0266
X1.5675 Y-0.3695 Z-0.0264
X1.5687 Y-0.3631 Z-0.0259
X1.5702 Y-0.3573 Z-0.0258
X1.5719 Y-0.3516 Z-0.0255
X1.5735 Y-0.3466 Z-0.0253
X1.576 Y-0.3401 Z-0.025
X1.5776 Y-0.3364 Z-0.0249
X1.5805 Y-0.3306 Z-0.0245
X1.5827 Y-0.3266 Z-0.0244
X1.5859 Y-0.3215 Z-0.0241
X1.5888 Y-0.3173 Z-0.0242
X1.5922 Y-0.3133 Z-0.0238
X1.5995 Y-0.3054 Z-0.0235
X1.6043 Y-0.3013 Z-0.0237
X1.6061 Y-0.3 Z-0.0236
X1.6101 Y-0.2974
X1.6137 Y-0.2956 Z-0.0235
X1.6163 Y-0.2945 Z-0.0236
X1.6178 Y-0.294
X1.6231 Y-0.2926 Z-0.0238
X1.6309 Y-0.2913 Z-0.024
X1.6362 Y-0.2911 Z-0.0248
X1.6376 Z-0.025
X1.6407 Y-0.2915 Z-0.0252
X1.6432 Y-0.2921 Z-0.0256
X1.6462 Y-0.2932 Z-0.026
X1.6484 Y-0.2941 Z-0.0264
X1.6511 Y-0.2957 Z-0.0266
X1.652 Y-0.2963
X1.6528 Y-0.2968 Z-0.0269
X1.6561 Y-0.2999 Z-0.0275
X1.6568 Y-0.3006 Z-0.0276
X1.6595 Y-0.3044 Z-0.0281
X1.66 Y-0.3055
X1.6612 Y-0.3082 Z-0.0286
X1.6619 Y-0.3107
X1.6622 Y-0.312 Z-0.0287
X1.6626 Y-0.3159 Z-0.0288
X1.6624 Y-0.3174 Z-0.0285
X1.6623 Y-0.3183 Z-0.0284
X1.6608 Y-0.3257 Z-0.0278
X1.6589 Y-0.3322 Z-0.0274
X1.6585 Y-0.3333 Z-0.0273
X1.6555 Y-0.3401 Z-0.0271
X1.654 Y-0.3427 Z-0.027
X1.6515 Y-0.3466 Z-0.0266
X1.6461 Y-0.353 Z-0.0259
X1.6401 Y-0.3591 Z-0.0251
X1.6337 Y-0.3643 Z-0.0244
X1.6272 Y-0.3692 Z-0.0241
X1.6257 Y-0.3702
X1.6128 Y-0.3787 Z-0.0236
X1.5994 Y-0.3867 Z-0.0232
X1.5877 Y-0.3933 Z-0.023
X1.5737 Y-0.4008
X1.5727 Y-0.4011 Z-0.0232
X1.5722 Y-0.4012 Z-0.0233
X1.571 Y-0.4013 Z-0.0238
X1.5701 Z-0.0243
X1.5691 Z-0.0251
X1.5675 Z-0.0263
X1.5652 Z-0.0283
G0 Z0.2
X1.9015 Y-0.5847
Z0.18
G1 Z-0.02 F10.
X1.9201 Y-0.5776 Z-0.0329
X1.9147 Y-0.5607 Z-0.02
X1.9201 Y-0.5776 Z-0.0329
X1.9215 Y-0.5782 Z-0.0328
X1.9288 Y-0.5809 Z-0.0322
X1.9361 Y-0.5832 Z-0.0315
X1.9395 Y-0.5841 Z-0.031
X1.9438 Y-0.5851 Z-0.0306
X1.9517 Y-0.5866 Z-0.0297
X1.9614 Y-0.5879 Z-0.0287
X1.9683 Y-0.5886 Z-0.0282
X1.9722 Y-0.5888 Z-0.0278
X1.9818 Y-0.589 Z-0.0271
X1.994 Z-0.026
X1.9954 Y-0.5889
X2.0063 Y-0.5878 Z-0.0254
X2.0086 Y-0.5875
X2.015 Y-0.5864 Z-0.0251
X2.0186 Y-0.5856 Z-0.0248
X2.0212 Y-0.5849
X2.0273 Y-0.583 Z-0.0245
X2.0303 Y-0.5819 Z-0.0243
X2.0333 Y-0.5807 Z-0.0241
X2.0417 Y-0.577 Z-0.0234
X2.0453 Y-0.575
X2.0512 Y-0.5716 Z-0.023
X2.06 Y-0.5658 Z-0.0229
X2.0603 Y-0.5656
X2.0677 Y-0.5597 Z-0.0235
X2.0687 Y-0.5588 Z-0.0234
X2.0743 Y-0.5528 Z-0.0235
X2.0763 Y-0.5505
X2.0802 Y-0.5452 Z-0.024
X2.082 Y-0.5425 Z-0.0241
X2.0852 Y-0.5371 Z-0.0245
X2.087 Y-0.5335 Z-0.0247
X2.0892 Y-0.5283 Z-0.0255
X2.0906 Y-0.5238 Z-0.026
X2.0915 Y-0.5205 Z-0.0266
X2.0928 Y-0.5145 Z-0.0272
X2.0931 Y-0.5128 Z-0.0275
X2.0934 Y-0.504 Z-0.0287
Y-0.5034 Z-0.0288
X2.0931 Y-0.4977 Z-0.0295
X2.0922 Y-0.4926 Z-0.03
X2.0908 Y-0.4874 Z-0.0307
X2.0899 Y-0.4847 Z-0.0311
X2.0884 Y-0.4812 Z-0.0316
X2.0866 Y-0.4777 Z-0.0319
X2.0846 Y-0.4742 Z-0.032
X2.0833 Y-0.4724 Z-0.0321
X2.079 Y-0.467 Z-0.0327
X2.0742 Y-0.4617 Z-0.0329
X2.0727 Y-0.4602 Z-0.0331
X2.0646 Y-0.4529 Z-0.0329
X2.0636 Y-0.4522
X2.0527 Y-0.444
X2.0202 Y-0.4222 Z-0.0328
X2.0079 Y-0.4135 Z-0.0332
X2.0009 Y-0.4082 Z-0.0331
X1.9933 Y-0.402 Z-0.0334
X1.9902 Y-0.3989 Z-0.0332
X1.9872 Y-0.3956 Z-0.0333
X1.9849 Y-0.3927 Z-0.0332
X1.983 Y-0.39 Z-0.033
X1.9814 Y-0.3871 Z-0.0325
X1.9801 Y-0.3836 Z-0.0321
X1.9791 Y-0.3805 Z-0.0316
X1.9779 Y-0.376 Z-0.031
Y-0.3741 Z-0.0305
X1.978 Y-0.3685 Z-0.0294
X1.9784 Y-0.3638 Z-0.0286
X1.9786 Y-0.3625 Z-0.0284
X1.9789 Y-0.3611 Z-0.0283
X1.9802 Y-0.3559 Z-0.0282
X1.9816 Y-0.3514 Z-0.0278
X1.9834 Y-0.3461 Z-0.0275
X1.9853 Y-0.3417 Z-0.0271
X1.9875 Y-0.3374 Z-0.0266
X1.9902 Y-0.3329 Z-0.0258
X1.9932 Y-0.3287 Z-0.0253
X1.9965 Y-0.3248 Z-0.0248
X2.0005 Y-0.3207 Z-0.0246
X2.0034 Y-0.3179 Z-0.0243
X2.0109 Y-0.3116 Z-0.0241
X2.0189 Y-0.3057
X2.0273 Y-0.3002 Z-0.0239
X2.033 Y-0.2967 Z-0.0241
X2.0372 Y-0.2944 Z-0.0239
X2.0487 Y-0.2886
X2.0579 Y-0.2848 Z-0.0238
X2.0655 Y-0.2818
X2.0687 Y-0.2808 Z-0.0237
X2.0788 Y-0.2777
X2.0829 Y-0.2767 Z-0.0238
X2.0892 Y-0.2753 Z-0.0236
X2.0996 Y-0.2737 Z-0.0238
X2.1104 Y-0.273
X2.1141 Z-0.0241
X2.1196 Y-0.2733
X2.1227 Y-0.2737 Z-0.0244
X2.1291 Y-0.275 Z-0.0248
X2.1307 Y-0.2754 Z-0.025
X2.1358 Y-0.2775 Z-0.0254
X2.1364 Y-0.2779 Z-0.0256
X2.1381 Y-0.2788 Z-0.026
X2.1428 Y-0.282 Z-0.0269
X2.1444 Y-0.2834 Z-0.0275
X2.1476 Y-0.2875 Z-0.0284
X2.1484 Y-0.2887 Z-0.0287
X2.1489 Y-0.2897 Z-0.029
X2.1496 Y-0.2913 Z-0.0294
X2.1501 Y-0.293 Z-0.0296
X2.1505 Y-0.295 Z-0.0297
X2.1507 Y-0.2972
X2.1508 Y-0.2999 Z-0.0301
X2.15 Y-0.3052 Z-0.03
X2.1494 Y-0.3085 Z-0.0302
X2.1485 Y-0.3122
X2.1483 Y-0.3127 Z-0.0303
X2.1463 Y-0.3177 Z-0.0304
X2.145 Y-0.3204 Z-0.0305
X2.1428 Y-0.3243
X2.1373 Y-0.3323 Z-0.0306
X2.1331 Y-0.3376 Z-0.0304
X2.1289 Y-0.3423 Z-0.0305
X2.1221 Y-0.3494 Z-0.0304
X2.1197 Y-0.3516 Z-0.0305
X2.1097 Y-0.3601 Z-0.0303
X2.1067 Y-0.3625 Z-0.0301
X2.1038 Y-0.3646
X2.1044 Y-0.3765 Z-0.02
X2.1038 Y-0.3646 Z-0.0301
X2.0852 Y-0.3657 Z-0.02
G0 Z0.2
X2.2484 Y-0.4582
Z0.18
G1 Z-0.02 F10.
X2.2565 Y-0.4654 Z-0.0299
X2.271 Y-0.4488 Z-0.02
X2.2565 Y-0.4654 Z-0.0299
X2.2553 Y-0.47
X2.255 Y-0.4709 Z-0.03
X2.254 Y-0.4735 Z-0.0303
X2.2531 Y-0.4751 Z-0.0308
X2.2532 Y-0.4756 Z-0.0306
Y-0.4777 Z-0.03
X2.2531 Y-0.4788 Z-0.0298
X2.253 Y-0.4799 Z-0.0297
X2.2528 Y-0.4809 Z-0.0296
X2.2526 Y-0.4819
X2.2463 Y-0.506 Z-0.0297
X2.2436 Y-0.5153 Z-0.03
X2.2441 Y-0.5176 Z-0.0289
X2.2442 Y-0.5187 Z-0.0285
X2.2443 Y-0.5198 Z-0.0282
Y-0.5208 Z-0.0279
Y-0.5219 Z-0.0277
X2.2441 Y-0.5229 Z-0.0275
X2.2418 Y-0.533 Z-0.0273
X2.2389 Y-0.5465 Z-0.0272
X2.2383 Y-0.5501 Z-0.0273
X2.2374 Y-0.5587 Z-0.0274
X2.2373 Y-0.5595 Z-0.0275
X2.2372 Y-0.5667 Z-0.0283
X2.2374 Y-0.568
X2.2376 Y-0.5691 Z-0.0285
X2.2389 Y-0.5737 Z-0.029
X2.2395 Y-0.5753
X2.2403 Y-0.577 Z-0.0291
X2.2421 Y-0.5799 Z-0.0293
X2.2437 Y-0.5817 Z-0.0294
X2.245 Y-0.5828 Z-0.0293
X2.2464 Y-0.5836 Z-0.0291
X2.2478 Y-0.5841 Z-0.0289
X2.2497 Y-0.5842 Z-0.0283
X2.2505 Z-0.028
X2.2515 Y-0.5841 Z-0.0275
X2.2551 Y-0.5833 Z-0.026
X2.256 Y-0.583 Z-0.0257
X2.2577 Y-0.5821 Z-0.0252
X2.2643 Y-0.5776 Z-0.0238
X2.2675 Y-0.5751 Z-0.0233
X2.2703 Y-0.5727 Z-0.0228
X2.2756 Y-0.5673 Z-0.0225
X2.2788 Y-0.5637 Z-0.0224
X2.282 Y-0.5636 Z-0.02
X2.2788 Y-0.5637 Z-0.0224
X2.2787 Y-0.5602 Z-0.02
X2.2788 Y-0.5637 Z-0.0224
X2.2756 Y-0.5673 Z-0.0225
X2.2703 Y-0.5727 Z-0.0228
X2.2675 Y-0.5751 Z-0.0233
X2.2643 Y-0.5776 Z-0.0238
X2.2577 Y-0.5821 Z-0.0252
X2.256 Y-0.583 Z-0.0257
X2.2551 Y-0.5833 Z-0.026
X2.2515 Y-0.5841 Z-0.0275
X2.2505 Y-0.5842 Z-0.028
X2.2497 Z-0.0283
X2.2478 Y-0.5841 Z-0.0289
X2.2464 Y-0.5836 Z-0.0291
X2.245 Y-0.5828 Z-0.0293
X2.2437 Y-0.5817 Z-0.0294
X2.2421 Y-0.5799 Z-0.0293
X2.2403 Y-0.577 Z-0.0291
X2.2395 Y-0.5753 Z-0.029
X2.2389 Y-0.5737
X2.2376 Y-0.5691 Z-0.0285
X2.2374 Y-0.568 Z-0.0283
X2.2372 Y-0.5667
X2.2373 Y-0.5595 Z-0.0275
X2.2374 Y-0.5587 Z-0.0274
X2.2383 Y-0.5501 Z-0.0273
X2.2389 Y-0.5465 Z-0.0272
X2.2418 Y-0.533 Z-0.0273
X2.2441 Y-0.5229 Z-0.0275
X2.2443 Y-0.5219 Z-0.0277
Y-0.5208 Z-0.0279
Y-0.5198 Z-0.0282
X2.2442 Y-0.5187 Z-0.0285
X2.2441 Y-0.5176 Z-0.0289
X2.2436 Y-0.5153 Z-0.03
X2.2412 Y-0.516 Z-0.0279
X2.2392 Y-0.5168 Z-0.0262
X2.2374 Y-0.5177 Z-0.0248
X2.236 Y-0.5187 Z-0.0238
X2.2355 Y-0.5192 Z-0.0234
X2.2348 Y-0.52 Z-0.023
X2.2344 Y-0.5206 Z-0.0229
X2.234 Y-0.5212 Z-0.0228
X2.2292 Y-0.5317 Z-0.0226
X2.223 Y-0.5425 Z-0.0228
X2.2173 Y-0.5512
X2.212 Y-0.5585
X2.2105 Y-0.5604 Z-0.0229
X2.2057 Y-0.5659 Z-0.023
X2.2006 Y-0.5715 Z-0.0233
X2.1989 Y-0.5732
X2.1954 Y-0.5763 Z-0.0236
X2.1935 Y-0.5777
X2.1899 Y-0.5802 Z-0.024
X2.1874 Y-0.5816
X2.184 Y-0.5832 Z-0.0244
X2.1809 Y-0.5843 Z-0.0246
X2.1776 Y-0.5853 Z-0.0249
X2.1738 Y-0.586 Z-0.0251
X2.173 Y-0.5862 Z-0.0253
X2.1678 Y-0.5865 Z-0.0264
X2.1642 Y-0.5864 Z-0.0274
X2.1626 Y-0.586 Z-0.0276
X2.1602 Y-0.5851 Z-0.0282
X2.1578 Y-0.5839 Z-0.0287
X2.1563 Y-0.5831 Z-0.0291
X2.1553 Y-0.5823 Z-0.0293
X2.1538 Y-0.581 Z-0.0295
X2.1522 Y-0.5793 Z-0.0296
X2.151 Y-0.5777 Z-0.03
X2.1484 Y-0.5726 Z-0.0302
X2.1468 Y-0.5679 Z-0.0303
X2.1464 Y-0.5661
X2.146 Y-0.5634 Z-0.0304
X2.1457 Y-0.5602 Z-0.0303
X2.1455 Y-0.5577
X2.1457 Y-0.5539 Z-0.03
X2.1464 Y-0.5463
X2.1475 Y-0.5394 Z-0.0299
X2.1477 Y-0.5383
X2.1483 Y-0.5359
X2.152 Y-0.524 Z-0.0293
X2.156 Y-0.5143 Z-0.029
X2.1589 Y-0.508 Z-0.0284
X2.1615 Y-0.5033 Z-0.0282
X2.1677 Y-0.4927 Z-0.0273
X2.173 Y-0.4857 Z-0.0265
X2.1752 Y-0.4829 Z-0.0264
X2.179 Y-0.4785 Z-0.0258
X2.1836 Y-0.4737 Z-0.0256
X2.1854 Y-0.4721 Z-0.0254
X2.1926 Y-0.4661 Z-0.0247
X2.1951 Y-0.4644 Z-0.0246
X2.199 Y-0.462 Z-0.0243
X2.2039 Y-0.4597 Z-0.0238
X2.2046 Y-0.4595 Z-0.0237
X2.2078 Y-0.4586 Z-0.0236
X2.211 Y-0.4578 Z-0.0234
X2.2174 Y-0.4567
X2.2223 Y-0.4572 Z-0.0233
X2.2251 Y-0.4576 Z-0.0234
X2.2268 Y-0.458
X2.2287 Y-0.4586 Z-0.0236
X2.2314 Y-0.4597 Z-0.0237
X2.2346 Y-0.4617 Z-0.0238
X2.2354 Y-0.4622 Z-0.0237
X2.2374 Y-0.4639
X2.2392 Y-0.4656 Z-0.0236
X2.2424 Y-0.4692 Z-0.0237
X2.2434 Y-0.4704 Z-0.0239
X2.2439 Y-0.471 Z-0.0241
X2.2451 Y-0.4719 Z-0.0247
X2.2465 Y-0.4728 Z-0.0255
X2.249 Y-0.4739 Z-0.0274
X2.2509 Y-0.4745 Z-0.0289
X2.2531 Y-0.4751 Z-0.0308
G0 Z0.2
X2.2956 Y-0.5226
Z0.18
G1 Z-0.02 F10.
X2.2995 Y-0.5223 Z-0.0229
X2.2999 Y-0.5265 Z-0.02
X2.2995 Y-0.5223 Z-0.0229
X2.3064 Y-0.5135
X2.3142 Y-0.5019 Z-0.023
X2.3174 Y-0.496
X2.3206 Y-0.4897 Z-0.0229
X2.3263 Y-0.4762 Z-0.023
X2.3264 Y-0.4757 Z-0.0232
X2.3269 Y-0.4745 Z-0.0239
X2.3275 Y-0.4727 Z-0.0253
X2.3285 Y-0.4698 Z-0.028
X2.3302 Y-0.4704 Z-0.0276
X2.3312 Y-0.4707 Z-0.0274
X2.3321 Y-0.4709
X2.3343 Y-0.4714
X2.338 Y-0.4719 Z-0.0272
X2.3389 Z-0.0271
X2.3453 Z-0.0266
X2.346 Y-0.4718 Z-0.0265
X2.3526 Y-0.4706 Z-0.0258
X2.3533 Y-0.4703 Z-0.0257
X2.3601 Y-0.4678 Z-0.0247
X2.3605 Y-0.4675 Z-0.0246
X2.3666 Y-0.4636 Z-0.0238
X2.3684 Y-0.4624
X2.3695 Y-0.4619 Z-0.024
X2.3708 Y-0.4615 Z-0.0244
X2.3714 Y-0.4614 Z-0.0247
X2.3723 Y-0.4616 Z-0.0248
X2.3731 Y-0.4618 Z-0.0251
X2.3734 Y-0.4633 Z-0.0242
Y-0.4648 Z-0.0236
X2.3732 Y-0.4654 Z-0.0233
X2.3731 Y-0.4661 Z-0.0232
X2.3729 Y-0.4666 Z-0.023
X2.3727 Y-0.4672
X2.3703 Y-0.4711 Z-0.0233
X2.3603 Y-0.4889 Z-0.0244
X2.3525 Y-0.5037 Z-0.0258
X2.3467 Y-0.5157 Z-0.0267
X2.3447 Y-0.5201 Z-0.027
X2.3414 Y-0.5277 Z-0.0276
X2.3399 Y-0.5312 Z-0.0278
X2.3371 Y-0.5386 Z-0.0284
X2.3357 Y-0.5427 Z-0.0285
X2.3337 Y-0.5493 Z-0.0291
X2.3325 Y-0.5544 Z-0.0293
X2.3316 Y-0.5597 Z-0.0295
X2.3306 Y-0.5672
X2.3305 Y-0.5684 Z-0.0296
Y-0.5697 Z-0.0297
X2.3308 Y-0.5735 Z-0.0299
X2.331 Y-0.5747
X2.3313 Y-0.5762
X2.3319 Y-0.5777
X2.3335 Y-0.5807 Z-0.0298
X2.3346 Y-0.5822 Z-0.0294
X2.3354 Y-0.5829 Z-0.0292
X2.3361 Y-0.5836 Z-0.029
X2.3381 Y-0.5847 Z-0.0284
X2.3406 Y-0.5858 Z-0.0276
X2.3421 Y-0.5861 Z-0.0269
X2.3438 Y-0.5864 Z-0.0264
X2.346 Y-0.5865 Z-0.0259
X2.3494 Y-0.5864 Z-0.025
X2.3508 Y-0.5862 Z-0.0248
X2.3517 Y-0.5859
X2.3569 Y-0.5835 Z-0.0244
X2.3607 Y-0.5814 Z-0.0238
X2.3624 Y-0.5804 Z-0.0237
X2.3651 Y-0.5787 Z-0.0233
X2.3692 Y-0.5757 Z-0.023
X2.3735 Y-0.5722
X2.3768 Y-0.5693 Z-0.0229
X2.3816 Y-0.5646
X2.3856 Y-0.5648 Z-0.02
X2.3816 Y-0.5646 Z-0.0229
X2.3818 Y-0.5605 Z-0.02
X2.3816 Y-0.5646 Z-0.0229
X2.3768 Y-0.5693
X2.3735 Y-0.5722 Z-0.023
X2.3692 Y-0.5757
X2.3651 Y-0.5787 Z-0.0233
X2.3624 Y-0.5804 Z-0.0237
X2.3607 Y-0.5814 Z-0.0238
X2.3569 Y-0.5835 Z-0.0244
X2.3517 Y-0.5859 Z-0.0248
X2.3508 Y-0.5862
X2.3494 Y-0.5864 Z-0.025
X2.346 Y-0.5865 Z-0.0259
X2.3438 Y-0.5864 Z-0.0264
X2.3421 Y-0.5861 Z-0.0269
X2.3406 Y-0.5858 Z-0.0276
X2.3381 Y-0.5847 Z-0.0284
X2.3361 Y-0.5836 Z-0.029
X2.3354 Y-0.5829 Z-0.0292
X2.3346 Y-0.5822 Z-0.0294
X2.3335 Y-0.5807 Z-0.0298
X2.3319 Y-0.5777 Z-0.0299
X2.3313 Y-0.5762
X2.331 Y-0.5747
X2.3308 Y-0.5735
X2.3305 Y-0.5697 Z-0.0297
Y-0.5684 Z-0.0296
X2.3306 Y-0.5672 Z-0.0295
X2.3316 Y-0.5597
X2.3325 Y-0.5544 Z-0.0293
X2.3337 Y-0.5493 Z-0.0291
X2.3357 Y-0.5427 Z-0.0285
X2.3371 Y-0.5386 Z-0.0284
X2.3399 Y-0.5312 Z-0.0278
X2.3414 Y-0.5277 Z-0.0276
X2.3447 Y-0.5201 Z-0.027
X2.3467 Y-0.5157 Z-0.0267
X2.3525 Y-0.5037 Z-0.0258
X2.3603 Y-0.4889 Z-0.0244
X2.3703 Y-0.4711 Z-0.0233
X2.3727 Y-0.4672 Z-0.023
X2.3729 Y-0.4666
X2.3731 Y-0.4661 Z-0.0232
X2.3732 Y-0.4654 Z-0.0233
X2.3734 Y-0.4648 Z-0.0236
Y-0.4633 Z-0.0242
X2.3731 Y-0.4618 Z-0.0251
X2.3815 Y-0.4567 Z-0.02
X2.3731 Y-0.4618 Z-0.0251
X2.3723 Y-0.4616 Z-0.0248
X2.3714 Y-0.4614 Z-0.0247
X2.37 Y-0.4567 Z-0.02
X2.3714 Y-0.4614 Z-0.0247
X2.3708 Y-0.4615 Z-0.0244
X2.3695 Y-0.4619 Z-0.024
X2.3684 Y-0.4624 Z-0.0238
X2.3666 Y-0.4636
X2.3605 Y-0.4675 Z-0.0246
X2.3601 Y-0.4678 Z-0.0247
X2.3533 Y-0.4703 Z-0.0257
X2.3526 Y-0.4706 Z-0.0258
X2.346 Y-0.4718 Z-0.0265
X2.3453 Y-0.4719 Z-0.0266
X2.3389 Z-0.0271
X2.338 Z-0.0272
X2.3343 Y-0.4714 Z-0.0274
X2.3321 Y-0.4709
X2.3312 Y-0.4707
X2.3302 Y-0.4704 Z-0.0276
X2.3285 Y-0.4698 Z-0.028
X2.3281 Y-0.4695
X2.327 Y-0.4691 Z-0.0277
X2.3261 Y-0.4687 Z-0.0276
X2.3253 Y-0.4681 Z-0.0274
X2.3244 Y-0.4676
X2.3189 Y-0.4637 Z-0.0272
X2.317 Y-0.462 Z-0.0271
X2.3154 Y-0.4603 Z-0.0269
X2.3147 Y-0.4595 Z-0.0268
X2.3128 Y-0.4567 Z-0.0264
X2.3112 Y-0.453 Z-0.0259
X2.3101 Y-0.4491 Z-0.0255
X2.3091 Y-0.4446 Z-0.0253
X2.3088 Y-0.4419 Z-0.0248
X2.3089 Y-0.4407
X2.3093 Y-0.4378 Z-0.0247
X2.3099 Y-0.4363 Z-0.0246
X2.3105 Y-0.4349 Z-0.0247
X2.3117 Y-0.4328 Z-0.0246
X2.3122 Y-0.4321 Z-0.0248
X2.3143 Y-0.4301
X2.315 Y-0.4297
X2.3157 Y-0.4293 Z-0.025
X2.3183 Y-0.4285
X2.3198 Y-0.4283
X2.3221 Y-0.4287
X2.3229 Y-0.4289
X2.3241 Y-0.4294
X2.326 Y-0.4306 Z-0.0247
X2.327 Y-0.4315 Z-0.0245
X2.3279 Y-0.4325
X2.3289 Y-0.4338 Z-0.0243
X2.33 Y-0.4358 Z-0.0241
X2.3304 Y-0.4368
X2.3313 Y-0.4392
X2.3324 Y-0.4433 Z-0.0237
X2.3325 Y-0.4443 Z-0.0236
X2.3327 Y-0.447 Z-0.0235
Y-0.4517 Z-0.0232
X2.3324 Y-0.4549
X2.331 Y-0.4626 Z-0.0227
X2.3309 Y-0.463 Z-0.0228
X2.3305 Y-0.464 Z-0.0231
X2.33 Y-0.4651 Z-0.0239
X2.3293 Y-0.4668 Z-0.0254
X2.3281 Y-0.4695 Z-0.028
G0 Z0.2
X2.5154 Y-0.4582
Z0.18
G1 Z-0.02 F10.
X2.5235 Y-0.4654 Z-0.0299
X2.538 Y-0.4488 Z-0.02
X2.5235 Y-0.4654 Z-0.0299
X2.522 Y-0.4709 Z-0.03
X2.5217 Y-0.4718
X2.521 Y-0.4735 Z-0.0303
X2.5201 Y-0.4751 Z-0.0308
X2.5202 Y-0.4756 Z-0.0306
Y-0.4777 Z-0.03
X2.5201 Y-0.4788 Z-0.0298
X2.52 Y-0.4799 Z-0.0297
X2.5198 Y-0.4809 Z-0.0296
X2.5196 Y-0.4819
X2.5133 Y-0.506 Z-0.0297
X2.5106 Y-0.5153 Z-0.03
X2.5111 Y-0.5176 Z-0.0289
X2.5112 Y-0.5187 Z-0.0285
X2.5113 Y-0.5198 Z-0.0282
Y-0.5208 Z-0.0279
Y-0.5219 Z-0.0277
X2.5111 Y-0.5229 Z-0.0275
X2.5109 Y-0.524
X2.5083 Y-0.5353 Z-0.0273
X2.5058 Y-0.5473 Z-0.0272
X2.5053 Y-0.5501 Z-0.0273
X2.5043 Y-0.5595 Z-0.0275
Y-0.5603
X2.5042 Y-0.5669 Z-0.0283
X2.5044 Y-0.568
X2.5049 Y-0.5703 Z-0.0287
X2.5059 Y-0.5737 Z-0.029
X2.5069 Y-0.5762
X2.5074 Y-0.5772 Z-0.0291
X2.5093 Y-0.5802 Z-0.0293
X2.5107 Y-0.5817 Z-0.0294
X2.512 Y-0.5828 Z-0.0293
X2.5134 Y-0.5836 Z-0.0291
X2.5148 Y-0.5841 Z-0.0289
X2.5157 Y-0.5842 Z-0.0286
X2.5175 Z-0.028
X2.5185 Y-0.5841 Z-0.0275
X2.5221 Y-0.5833 Z-0.026
X2.523 Y-0.583 Z-0.0257
X2.5238 Y-0.5826 Z-0.0254
X2.5247 Y-0.5821 Z-0.0252
X2.5313 Y-0.5776 Z-0.0238
X2.5345 Y-0.5751 Z-0.0233
X2.5373 Y-0.5727 Z-0.0228
X2.5426 Y-0.5673 Z-0.0225
X2.5458 Y-0.5637 Z-0.0224
X2.549 Y-0.5636 Z-0.02
X2.5458 Y-0.5637 Z-0.0224
X2.5457 Y-0.5602 Z-0.02
X2.5458 Y-0.5637 Z-0.0224
X2.5426 Y-0.5673 Z-0.0225
X2.5373 Y-0.5727 Z-0.0228
X2.5345 Y-0.5751 Z-0.0233
X2.5313 Y-0.5776 Z-0.0238
X2.5247 Y-0.5821 Z-0.0252
X2.5238 Y-0.5826 Z-0.0254
X2.523 Y-0.583 Z-0.0257
X2.5221 Y-0.5833 Z-0.026
X2.5185 Y-0.5841 Z-0.0275
X2.5175 Y-0.5842 Z-0.028
X2.5157 Z-0.0286
X2.5148 Y-0.5841 Z-0.0289
X2.5134 Y-0.5836 Z-0.0291
X2.512 Y-0.5828 Z-0.0293
X2.5107 Y-0.5817 Z-0.0294
X2.5093 Y-0.5802 Z-0.0293
X2.5074 Y-0.5772 Z-0.0291
X2.5069 Y-0.5762 Z-0.029
X2.5059 Y-0.5737
X2.5049 Y-0.5703 Z-0.0287
X2.5044 Y-0.568 Z-0.0283
X2.5042 Y-0.5669
X2.5043 Y-0.5603 Z-0.0275
Y-0.5595
X2.5053 Y-0.5501 Z-0.0273
X2.5058 Y-0.5473 Z-0.0272
X2.5083 Y-0.5353 Z-0.0273
X2.5109 Y-0.524 Z-0.0275
X2.5111 Y-0.5229
X2.5113 Y-0.5219 Z-0.0277
Y-0.5208 Z-0.0279
Y-0.5198 Z-0.0282
X2.5112 Y-0.5187 Z-0.0285
X2.5111 Y-0.5176 Z-0.0289
X2.5106 Y-0.5153 Z-0.03
X2.5082 Y-0.516 Z-0.0279
X2.5062 Y-0.5168 Z-0.0262
X2.5044 Y-0.5177 Z-0.0248
X2.503 Y-0.5187 Z-0.0238
X2.5025 Y-0.5192 Z-0.0234
X2.502 Y-0.5198 Z-0.0231
X2.5014 Y-0.5206 Z-0.0229
X2.4964 Y-0.5313 Z-0.0226
X2.4905 Y-0.5416 Z-0.0228
X2.4848 Y-0.5505 Z-0.0227
X2.4791 Y-0.5583 Z-0.0228
X2.4775 Y-0.5604 Z-0.0229
X2.4728 Y-0.5658 Z-0.023
X2.4676 Y-0.5715 Z-0.0233
X2.4662 Y-0.5729
X2.4624 Y-0.5763 Z-0.0236
X2.4609 Y-0.5774
X2.4569 Y-0.5802 Z-0.024
X2.4552 Y-0.5812
X2.451 Y-0.5832 Z-0.0244
X2.4486 Y-0.5841 Z-0.0245
X2.4446 Y-0.5853 Z-0.0249
X2.4416 Y-0.5859 Z-0.0251
X2.4408 Y-0.586
X2.4359 Y-0.5864 Z-0.0261
X2.4312 Z-0.0274
X2.4296 Y-0.586 Z-0.0276
X2.4272 Y-0.5851 Z-0.0282
X2.4248 Y-0.5839 Z-0.0287
X2.4233 Y-0.5831 Z-0.0291
X2.4223 Y-0.5823 Z-0.0293
X2.4208 Y-0.581 Z-0.0295
X2.4192 Y-0.5793 Z-0.0297
X2.418 Y-0.5777 Z-0.03
X2.4154 Y-0.5725 Z-0.0302
X2.4138 Y-0.5679 Z-0.0303
X2.4134 Y-0.5661
X2.413 Y-0.5634 Z-0.0304
X2.4127 Y-0.5602 Z-0.0303
X2.4125 Y-0.5577
X2.4127 Y-0.5539 Z-0.03
X2.4134 Y-0.5463
X2.4144 Y-0.5394 Z-0.0299
X2.4147 Y-0.5383
X2.4153 Y-0.5359
X2.419 Y-0.524 Z-0.0293
X2.423 Y-0.5143 Z-0.029
X2.4259 Y-0.508 Z-0.0284
X2.4285 Y-0.5033 Z-0.0282
X2.4347 Y-0.4927 Z-0.0273
X2.44 Y-0.4857 Z-0.0265
X2.4422 Y-0.4829 Z-0.0264
X2.446 Y-0.4785 Z-0.0258
X2.4506 Y-0.4737 Z-0.0256
X2.4524 Y-0.4721 Z-0.0254
X2.4596 Y-0.4661 Z-0.0247
X2.4621 Y-0.4644 Z-0.0246
X2.466 Y-0.462 Z-0.0243
X2.4708 Y-0.4597 Z-0.0238
X2.4716 Y-0.4595 Z-0.0237
X2.4748 Y-0.4586 Z-0.0236
X2.478 Y-0.4578 Z-0.0234
X2.4844 Y-0.4567
X2.4893 Y-0.4572 Z-0.0233
X2.4921 Y-0.4576 Z-0.0234
X2.4938 Y-0.458
X2.4957 Y-0.4586 Z-0.0236
X2.4984 Y-0.4597 Z-0.0237
X2.5016 Y-0.4617 Z-0.0238
X2.5024 Y-0.4622 Z-0.0237
X2.5044 Y-0.4639
X2.5062 Y-0.4656 Z-0.0236
X2.5094 Y-0.4692 Z-0.0237
X2.5104 Y-0.4704 Z-0.0239
X2.5109 Y-0.471 Z-0.0241
X2.5121 Y-0.4719 Z-0.0247
X2.5135 Y-0.4728 Z-0.0256
X2.516 Y-0.4739 Z-0.0274
X2.5179 Y-0.4745 Z-0.0289
X2.5201 Y-0.4751 Z-0.0308
G0 Z0.2
X2.5616 Y-0.5934
Z0.18
G1 Z-0.02 F10.
X2.5714 Y-0.5825 Z-0.0275
X2.5777 Y-0.5883 Z-0.02
X2.5714 Y-0.5825 Z-0.0275
X2.5729 Y-0.5754 Z-0.0276
X2.5755 Y-0.5639 Z-0.028
X2.5787 Y-0.552 Z-0.0289
X2.5808 Y-0.5513 Z-0.0271
X2.5826 Y-0.5505 Z-0.0257
X2.5842 Y-0.5496 Z-0.0246
X2.5854 Y-0.5486 Z-0.0238
X2.5859 Y-0.5481 Z-0.0235
X2.5864 Y-0.5475 Z-0.0233
X2.5867 Y-0.5469 Z-0.0231
X2.5879 Y-0.5442 Z-0.023
X2.5935 Y-0.5317 Z-0.0231
X2.5973 Y-0.5238 Z-0.023
X2.6009 Y-0.5169 Z-0.0232
X2.6082 Y-0.504
X2.6083 Y-0.5038
X2.6136 Y-0.4961 Z-0.0231
X2.6184 Y-0.4894 Z-0.0232
X2.6253 Y-0.4811 Z-0.0233
X2.629 Y-0.4769 Z-0.0236
X2.6317 Y-0.4742
X2.6363 Y-0.4699 Z-0.0238
X2.6411 Y-0.4662 Z-0.0242
X2.6413 Y-0.466
X2.6454 Y-0.4637 Z-0.0247
X2.6472 Y-0.4629 Z-0.0248
X2.6498 Y-0.4619 Z-0.0252
X2.6536 Y-0.4608 Z-0.0254
X2.6544 Y-0.4606 Z-0.0255
X2.6596 Y-0.4603 Z-0.0265
X2.661 Z-0.0268
X2.6643 Y-0.4607 Z-0.028
X2.6663 Y-0.4614 Z-0.0285
X2.6674 Y-0.4619 Z-0.0287
X2.6683 Y-0.4624 Z-0.0289
X2.6691 Y-0.463 Z-0.0291
X2.6701 Y-0.464 Z-0.0294
X2.6712 Y-0.4653 Z-0.0297
X2.6724 Y-0.4671 Z-0.0298
X2.6734 Y-0.4691
X2.6738 Y-0.471
X2.6741 Y-0.4741 Z-0.0297
Y-0.4762 Z-0.0295
X2.6737 Y-0.4806 Z-0.0294
X2.6729 Y-0.4857 Z-0.0291
X2.6711 Y-0.4948 Z-0.0288
X2.664 Y-0.5275 Z-0.0276
X2.6598 Y-0.5482 Z-0.0271
X2.6586 Y-0.5567 Z-0.0274
X2.6583 Y-0.5602
X2.6582 Y-0.5673 Z-0.0279
X2.6584 Y-0.569 Z-0.028
X2.6585 Y-0.57 Z-0.0281
X2.6596 Y-0.5745 Z-0.0285
X2.6603 Y-0.5762
X2.661 Y-0.5778
X2.6629 Y-0.5809 Z-0.0288
X2.6645 Y-0.5827 Z-0.0289
X2.6657 Y-0.5838
X2.667 Y-0.5845 Z-0.0288
X2.6683 Y-0.5849 Z-0.0286
X2.6693 Y-0.585 Z-0.0283
X2.671 Z-0.0277
X2.6739 Y-0.5844 Z-0.0265
X2.6752 Y-0.5841 Z-0.0261
X2.6763 Y-0.5837 Z-0.0258
X2.6774 Y-0.5831 Z-0.0255
X2.6841 Y-0.5785 Z-0.0239
X2.6882 Y-0.5753 Z-0.0233
X2.6905 Y-0.5732 Z-0.0229
X2.6959 Y-0.5676 Z-0.0226
X2.6992 Y-0.5638 Z-0.0225
X2.7026 Y-0.5636 Z-0.02
X2.6992 Y-0.5638 Z-0.0225
X2.6991 Y-0.5602 Z-0.02
X2.6992 Y-0.5638 Z-0.0225
X2.6959 Y-0.5676 Z-0.0226
X2.6905 Y-0.5732 Z-0.0229
X2.6882 Y-0.5753 Z-0.0233
X2.6841 Y-0.5785 Z-0.0239
X2.6774 Y-0.5831 Z-0.0255
X2.6763 Y-0.5837 Z-0.0258
X2.6752 Y-0.5841 Z-0.0261
X2.6739 Y-0.5844 Z-0.0265
X2.671 Y-0.585 Z-0.0277
X2.6693 Z-0.0283
X2.6683 Y-0.5849 Z-0.0286
X2.667 Y-0.5845 Z-0.0288
X2.6657 Y-0.5838 Z-0.0289
X2.6645 Y-0.5827
X2.6629 Y-0.5809 Z-0.0288
X2.661 Y-0.5778 Z-0.0285
X2.6603 Y-0.5762
X2.6596 Y-0.5745
X2.6585 Y-0.57 Z-0.0281
X2.6584 Y-0.569 Z-0.028
X2.6582 Y-0.5673 Z-0.0279
X2.6583 Y-0.5602 Z-0.0274
X2.6586 Y-0.5567
X2.6598 Y-0.5482 Z-0.0271
X2.664 Y-0.5275 Z-0.0276
X2.6711 Y-0.4948 Z-0.0288
X2.6729 Y-0.4857 Z-0.0291
X2.6737 Y-0.4806 Z-0.0294
X2.6741 Y-0.4762 Z-0.0295
Y-0.4741 Z-0.0297
X2.6738 Y-0.471 Z-0.0298
X2.6734 Y-0.4691
X2.6724 Y-0.4671
X2.6712 Y-0.4653 Z-0.0297
X2.6701 Y-0.464 Z-0.0294
X2.6691 Y-0.463 Z-0.0291
X2.6683 Y-0.4624 Z-0.0289
X2.6674 Y-0.4619 Z-0.0287
X2.6663 Y-0.4614 Z-0.0285
X2.6643 Y-0.4607 Z-0.028
X2.661 Y-0.4603 Z-0.0268
X2.6596 Z-0.0265
X2.6544 Y-0.4606 Z-0.0255
X2.6536 Y-0.4608 Z-0.0254
X2.6498 Y-0.4619 Z-0.0252
X2.6472 Y-0.4629 Z-0.0248
X2.6454 Y-0.4637 Z-0.0247
X2.6413 Y-0.466 Z-0.0242
X2.6411 Y-0.4662
X2.6363 Y-0.4699 Z-0.0238
X2.6317 Y-0.4742 Z-0.0236
X2.629 Y-0.4769
X2.6253 Y-0.4811 Z-0.0233
X2.6184 Y-0.4894 Z-0.0232
X2.6136 Y-0.4961 Z-0.0231
X2.6083 Y-0.5038 Z-0.0232
X2.6082 Y-0.504
X2.6009 Y-0.5169
X2.5973 Y-0.5238 Z-0.023
X2.5935 Y-0.5317 Z-0.0231
X2.5879 Y-0.5442 Z-0.023
X2.5867 Y-0.5469 Z-0.0231
X2.5864 Y-0.5475 Z-0.0233
X2.5859 Y-0.5481 Z-0.0235
X2.5854 Y-0.5486 Z-0.0238
X2.5842 Y-0.5496 Z-0.0246
X2.5826 Y-0.5505 Z-0.0257
X2.5808 Y-0.5513 Z-0.0271
X2.5787 Y-0.552 Z-0.0289
X2.578 Y-0.5499 Z-0.0278
X2.5779 Y-0.5488 Z-0.0274
X2.5777 Y-0.5478 Z-0.0271
Y-0.5468 Z-0.0268
X2.5776 Y-0.5458 Z-0.0266
X2.5777 Y-0.5448 Z-0.0265
X2.5779 Y-0.5436
X2.6353 Y-0.2715 Z-0.0309
X2.6257 Y-0.2641 Z-0.02
X2.6353 Y-0.2715 Z-0.0309
X2.6509 Y-0.2518 Z-0.02
G0 Z0.2
X2.0519 Y-0.9354
Z0.18
G1 Z-0.02 F10.
X2.0497 Y-0.9373 Z-0.0216
X2.0482 Y-0.9389 Z-0.0226
X2.0472 Y-0.9406 Z-0.0233
X2.0464 Y-0.9423 Z-0.0239
X2.0459 Y-0.9437 Z-0.0242
X2.0453 Y-0.9467 Z-0.0251
Y-0.95 Z-0.0255
Y-0.951 Z-0.0257
X2.0461 Y-0.9549 Z-0.0259
X2.0464 Y-0.956
X2.0473 Y-0.9582 Z-0.0261
X2.0495 Y-0.9616 Z-0.0259
X2.0501 Y-0.9623 Z-0.0258
X2.0518 Y-0.9641 Z-0.0257
X2.0539 Y-0.9659 Z-0.0252
X2.055 Y-0.9667 Z-0.0251
X2.0598 Y-0.9694 Z-0.0244
X2.0655 Y-0.9714 Z-0.0236
X2.0712 Y-0.9723 Z-0.023
X2.0765 Y-0.9724 Z-0.0225
X2.0778 Z-0.0224
X2.0818 Y-0.972 Z-0.0223
X2.0835 Y-0.9717 Z-0.0221
X2.0871 Y-0.9709 Z-0.022
X2.0889 Y-0.9704 Z-0.0218
X2.0922 Y-0.9692 Z-0.0219
X2.0941 Y-0.9683 Z-0.0217
X2.099 Y-0.9657
X2.1016 Y-0.9641 Z-0.0219
X2.1036 Y-0.9624 Z-0.0218
X2.1078 Y-0.9588 Z-0.022
X2.1095 Y-0.9571 Z-0.0222
X2.1116 Y-0.9545 Z-0.0223
X2.1149 Y-0.9499 Z-0.0227
X2.1157 Y-0.9486 Z-0.0229
X2.1177 Y-0.9446 Z-0.023
X2.1201 Y-0.9393 Z-0.0235
X2.1214 Y-0.9341 Z-0.024
X2.1224 Y-0.929 Z-0.0244
X2.1225 Y-0.9276
X2.1227 Y-0.9238 Z-0.0248
Y-0.9219 Z-0.0249
X2.1225 Y-0.9186 Z-0.0253
X2.1222 Y-0.9164 Z-0.0254
X2.1217 Y-0.9134 Z-0.0257
X2.121 Y-0.9107 Z-0.0259
X2.1204 Y-0.9087 Z-0.0262
X2.1191 Y-0.9054 Z-0.0263
X2.1187 Y-0.9045 Z-0.0264
X2.1163 Y-0.9002 Z-0.0268
X2.1132 Y-0.896 Z-0.027
X2.1101 Y-0.8926 Z-0.0273
X2.1088 Y-0.8916
X2.1065 Y-0.8897 Z-0.0274
X2.1044 Y-0.8882
X2.1034 Y-0.8876
X2.0991 Y-0.8854
X2.0939 Y-0.8835
X2.0893 Y-0.8826 Z-0.0273
X2.088 Y-0.8824
X2.0845 Y-0.8821 Z-0.0272
X2.0825 Z-0.0271
X2.0783 Y-0.8824 Z-0.027
X2.0764 Y-0.8828 Z-0.0269
X2.0716 Y-0.8838 Z-0.0268
X2.0703 Y-0.8841 Z-0.0269
X2.0665 Y-0.8881 Z-0.0245
X2.0636 Y-0.8914 Z-0.0228
X2.0639 Y-0.8944 Z-0.02
X2.0636 Y-0.8914 Z-0.0228
X2.06 Y-0.8934 Z-0.02
X2.0636 Y-0.8914 Z-0.0228
X2.0665 Y-0.8881 Z-0.0245
X2.0703 Y-0.8841 Z-0.0269
X2.0693 Y-0.8826 Z-0.0254
X2.0685 Y-0.8813 Z-0.0243
X2.0679 Y-0.8794 Z-0.023
X2.0677 Y-0.8787 Z-0.0227
Y-0.8776 Z-0.0223
X2.0678 Y-0.8771 Z-0.0222
X2.0679 Y-0.8765
X2.0777 Y-0.848 Z-0.0223
X2.0779 Y-0.8475 Z-0.0225
X2.0785 Y-0.8467 Z-0.0228
X2.0794 Y-0.8459 Z-0.0234
X2.0853 Y-0.8412 Z-0.0275
X2.0797 Y-0.8345 Z-0.02
X2.0853 Y-0.8412 Z-0.0275
X2.0875 Y-0.8411
X2.0911 Y-0.841 Z-0.0276
X2.0947 Y-0.8411
X2.0991 Y-0.8414 Z-0.0277
X2.1077 Y-0.8421
X2.1217 Y-0.8426 Z-0.0276
X2.1228
X2.1286 Y-0.8422 Z-0.0277
X2.1344 Y-0.8492 Z-0.02
X2.1286 Y-0.8422 Z-0.0277
X2.1292 Y-0.8417 Z-0.0274
X2.1344 Y-0.8365 Z-0.0241
X2.1349 Y-0.836 Z-0.0239
X2.1383 Y-0.8311 Z-0.0222
X2.1401 Y-0.8275 Z-0.0217
X2.1392 Y-0.8258 Z-0.02
X2.1401 Y-0.8275 Z-0.0217
X2.1425 Y-0.8258 Z-0.02
G0 Z0.2
X1.93 Y-0.9731
Z0.18
G1 Z-0.02 F10.
X1.9327 Y-0.9698 Z-0.0228
X1.93 Y-0.9684 Z-0.02
X1.9327 Y-0.9698 Z-0.0228
X1.9419 Y-0.9659 Z-0.0249
X1.9484 Y-0.9635 Z-0.0268
X1.9494 Y-0.9637 Z-0.0265
X1.9504 Y-0.9638 Z-0.0264
X1.9513 Z-0.0262
X1.9523
X1.9543 Y-0.9636 Z-0.0263
X1.9598 Y-0.9634 Z-0.0267
X1.9667 Z-0.027
X1.978 Y-0.9642 Z-0.0272
X1.9916 Y-0.9653 Z-0.0274
X2.0004 Y-0.9657
X2.0051 Y-0.9655
X2.0093 Y-0.9651 Z-0.0277
X2.0098 Y-0.965
X2.0124 Y-0.9644 Z-0.0279
X2.0151 Y-0.9616 Z-0.0262
X2.0186 Y-0.9573 Z-0.0242
X2.0212 Y-0.9533 Z-0.023
X2.0236 Y-0.9492 Z-0.0221
X2.0269 Y-0.9419 Z-0.0213
X2.0262 Y-0.9407 Z-0.02
X2.0269 Y-0.9419 Z-0.0213
X2.0287 Y-0.9407 Z-0.02
X2.0269 Y-0.9419 Z-0.0213
X2.0236 Y-0.9492 Z-0.0221
X2.0212 Y-0.9533 Z-0.023
X2.0186 Y-0.9573 Z-0.0242
X2.0151 Y-0.9616 Z-0.0262
X2.0124 Y-0.9644 Z-0.0279
X2.0183 Y-0.9715 Z-0.02
X2.0124 Y-0.9644 Z-0.0279
X2.0098 Y-0.965 Z-0.0277
X2.0093 Y-0.9651
X2.0051 Y-0.9655 Z-0.0274
X2.0004 Y-0.9657
X1.9916 Y-0.9653
X1.978 Y-0.9642 Z-0.0272
X1.9667 Y-0.9634 Z-0.027
X1.9598 Z-0.0267
X1.9543 Y-0.9636 Z-0.0263
X1.9523 Y-0.9638 Z-0.0262
X1.9513
X1.9504 Z-0.0264
X1.9494 Y-0.9637 Z-0.0265
X1.9484 Y-0.9635 Z-0.0268
Y-0.9617 Z-0.0254
X1.9485 Y-0.9602 Z-0.0242
X1.9488 Y-0.9588 Z-0.0233
X1.9493 Y-0.9576 Z-0.0226
X1.9496 Y-0.9572 Z-0.0224
X1.9499 Y-0.9567 Z-0.0222
X1.9502 Y-0.9563 Z-0.0221
X1.9552 Y-0.9525
X1.9673 Y-0.943 Z-0.0223
X1.983 Y-0.9306 Z-0.0228
X1.9876 Y-0.9266 Z-0.0232
X1.9951 Y-0.9199 Z-0.0234
X2.0065 Y-0.9089 Z-0.0244
X2.0144 Y-0.8994 Z-0.0251
X2.0158 Y-0.8976 Z-0.0254
X2.0195 Y-0.8916 Z-0.0259
X2.021 Y-0.8891 Z-0.0261
X2.0227 Y-0.8855 Z-0.0266
X2.0245 Y-0.8807 Z-0.0269
X2.0252 Y-0.8787
X2.0259 Y-0.8759 Z-0.0272
X2.0265 Y-0.871 Z-0.0274
X2.0268 Y-0.8674 Z-0.0273
X2.0269 Y-0.8662 Z-0.0274
X2.0264 Y-0.8603 Z-0.0273
X2.0252 Y-0.8548 Z-0.0272
X2.0245 Y-0.8527 Z-0.0269
X2.0232 Y-0.8503 Z-0.0267
X2.0213 Y-0.8472 Z-0.0263
X2.02 Y-0.8454 Z-0.0261
X2.0168 Y-0.842 Z-0.0252
X2.0163 Y-0.8415 Z-0.0251
X2.0132 Y-0.8391 Z-0.0248
X2.0113 Y-0.8379 Z-0.0244
X2.0058 Y-0.8356 Z-0.0234
X2.0049 Y-0.8353 Z-0.0233
X1.9998 Y-0.8343 Z-0.0228
X1.9982 Y-0.8342
X1.9939 Z-0.0223
X1.9901 Y-0.8346
X1.9877 Y-0.835 Z-0.0222
X1.9826 Y-0.8363 Z-0.0221
X1.9771 Y-0.8391
X1.9756 Y-0.8399 Z-0.0222
X1.9722 Y-0.8423
X1.9692 Y-0.8448 Z-0.0227
X1.9679 Y-0.8461
X1.9644 Y-0.8502 Z-0.0233
X1.9643 Y-0.8503
X1.9627 Y-0.8531 Z-0.0239
X1.9614 Y-0.8556 Z-0.0244
X1.9605 Y-0.8586 Z-0.0248
X1.9598 Y-0.8614 Z-0.025
X1.9597 Y-0.8622 Z-0.0251
X1.9595 Y-0.8677 Z-0.026
X1.9597 Y-0.8687
X1.9603 Y-0.8707 Z-0.0263
X1.9617 Y-0.8733 Z-0.0261
X1.9621 Y-0.8738 Z-0.026
X1.9634 Y-0.8751 Z-0.0256
X1.9647 Y-0.8759 Z-0.0252
X1.9663 Y-0.8766 Z-0.0246
X1.968 Y-0.8772 Z-0.0238
X1.9693 Y-0.8774 Z-0.0232
X1.9698 Y-0.8775 Z-0.0231
X1.9718 Y-0.8772 Z-0.0219
X1.9748 Y-0.8766 Z-0.02
G0 Z0.2
X1.9246 Y-0.8764
Z0.18
G1 Z-0.0276 F10.
Y-0.8685 Z-0.027
X1.9243 Y-0.8659 Z-0.0269
X1.9236 Y-0.8614 Z-0.0264
X1.9229 Y-0.8586 Z-0.0261
X1.9215 Y-0.8542 Z-0.0254
X1.9183 Y-0.8474 Z-0.0246
X1.9142 Y-0.8418 Z-0.0235
X1.9141 Y-0.8416
X1.9116 Y-0.8393 Z-0.0232
X1.9101 Y-0.8381 Z-0.0229
X1.909 Y-0.8374
X1.9061 Y-0.8357 Z-0.0224
X1.9053 Y-0.8354 Z-0.0223
X1.9028 Y-0.8347 Z-0.0222
X1.9004 Y-0.8342 Z-0.022
X1.8955 Y-0.8335 Z-0.0219
X1.895 Y-0.8336
X1.8875 Y-0.8355 Z-0.0226
X1.8874 Y-0.8356
X1.8817 Y-0.8375 Z-0.0231
X1.8806 Y-0.838
X1.8778 Y-0.8394 Z-0.0233
X1.8743 Y-0.8416
X1.8705 Y-0.8447 Z-0.0235
X1.8687 Y-0.8464
X1.8639 Y-0.8518 Z-0.0241
X1.8594 Y-0.8585 Z-0.0248
X1.8591 Y-0.859
X1.8533 Y-0.8697 Z-0.0261
X1.8521 Y-0.8721 Z-0.0263
X1.8491 Y-0.879 Z-0.0268
X1.8454 Y-0.8885 Z-0.0273
X1.8426 Y-0.8981 Z-0.0277
X1.8406 Y-0.9058
X1.8404 Y-0.9063
X1.8387 Y-0.9172 Z-0.0276
X1.8382 Y-0.921 Z-0.0274
X1.8378 Y-0.9269
X1.8377 Y-0.9354 Z-0.0268
X1.8378 Y-0.9366 Z-0.0267
X1.8385 Y-0.9436 Z-0.0262
X1.8394 Y-0.9473 Z-0.0259
X1.8403 Y-0.9507 Z-0.0254
X1.8432 Y-0.9575 Z-0.0247
X1.8439 Y-0.9589 Z-0.0246
X1.8478 Y-0.9642 Z-0.0235
X1.848 Y-0.9645
X1.8505 Y-0.9668 Z-0.0233
X1.8519 Y-0.968 Z-0.023
X1.853 Y-0.9687 Z-0.0229
X1.856 Y-0.9704 Z-0.0224
X1.8567 Y-0.9707 Z-0.0223
X1.8592 Y-0.9714 Z-0.0222
X1.8617 Y-0.972 Z-0.022
X1.8663 Y-0.9726
X1.8672 Z-0.0219
X1.8727 Y-0.9716 Z-0.0217
X1.8782 Y-0.9701 Z-0.022
X1.8832 Y-0.9677 Z-0.0226
X1.8877 Y-0.9647 Z-0.0232
X1.8881 Y-0.9643 Z-0.0233
X1.891 Y-0.9616 Z-0.0238
X1.8948 Y-0.9576 Z-0.0243
X1.8994 Y-0.952 Z-0.0249
X1.9018 Y-0.9486 Z-0.0254
X1.904 Y-0.9451 Z-0.0257
X1.9067 Y-0.9405 Z-0.0261
X1.9081 Y-0.9378 Z-0.0263
X1.911 Y-0.9321 Z-0.0269
X1.9155 Y-0.9216 Z-0.0272
X1.9157 Y-0.9209 Z-0.0273
X1.9178 Y-0.9146 Z-0.0276
X1.9211 Y-0.9033 Z-0.0277
X1.9225 Y-0.8965 Z-0.028
X1.9241 Y-0.8859 Z-0.0277
X1.9246 Y-0.8781
Y-0.8764 Z-0.0276
G0 Z0.2
X1.7092 Y-0.9731
Z0.18
G1 Z-0.02 F10.
X1.712 Y-0.9698 Z-0.0228
X1.7092 Y-0.9684 Z-0.02
X1.712 Y-0.9698 Z-0.0228
X1.7206 Y-0.9661 Z-0.0247
X1.7277 Y-0.9635 Z-0.0268
X1.7287 Y-0.9637 Z-0.0265
X1.7296 Y-0.9638 Z-0.0264
X1.7306 Z-0.0262
X1.7316
X1.7336 Y-0.9636 Z-0.0263
X1.739 Y-0.9634 Z-0.0267
X1.7459 Z-0.027
X1.7572 Y-0.9642 Z-0.0272
X1.7709 Y-0.9653 Z-0.0274
X1.7796 Y-0.9657
X1.7843 Y-0.9655
X1.7886 Y-0.9651 Z-0.0277
X1.789 Y-0.965
X1.7916 Y-0.9644 Z-0.0279
X1.7943 Y-0.9616 Z-0.0262
X1.7979 Y-0.9573 Z-0.0242
X1.8005 Y-0.9533 Z-0.023
X1.8029 Y-0.9492 Z-0.0221
X1.8061 Y-0.9419 Z-0.0213
X1.8054 Y-0.9407 Z-0.02
X1.8061 Y-0.9419 Z-0.0213
X1.8079 Y-0.9407 Z-0.02
X1.8061 Y-0.9419 Z-0.0213
X1.8029 Y-0.9492 Z-0.0221
X1.8005 Y-0.9533 Z-0.023
X1.7979 Y-0.9573 Z-0.0242
X1.7943 Y-0.9616 Z-0.0262
X1.7916 Y-0.9644 Z-0.0279
X1.7976 Y-0.9715 Z-0.02
X1.7916 Y-0.9644 Z-0.0279
X1.789 Y-0.965 Z-0.0277
X1.7886 Y-0.9651
X1.7843 Y-0.9655 Z-0.0274
X1.7796 Y-0.9657
X1.7709 Y-0.9653
X1.7572 Y-0.9642 Z-0.0272
X1.7459 Y-0.9634 Z-0.027
X1.739 Z-0.0267
X1.7336 Y-0.9636 Z-0.0263
X1.7316 Y-0.9638 Z-0.0262
X1.7306
X1.7296 Z-0.0264
X1.7287 Y-0.9637 Z-0.0265
X1.7277 Y-0.9635 Z-0.0268
Y-0.9617 Z-0.0254
X1.7278 Y-0.9602 Z-0.0242
X1.7283 Y-0.9582 Z-0.0229
X1.7285 Y-0.9576 Z-0.0226
X1.7291 Y-0.9567 Z-0.0222
X1.7295 Y-0.9563 Z-0.0221
X1.7299 Y-0.956
X1.7345 Y-0.9525
X1.7484 Y-0.9416 Z-0.0223
X1.7623 Y-0.9305 Z-0.0228
X1.7669 Y-0.9266 Z-0.0232
X1.7745 Y-0.9197 Z-0.0234
X1.7863 Y-0.9082 Z-0.0244
X1.7942 Y-0.8988 Z-0.0252
X1.795 Y-0.8976 Z-0.0254
X1.7988 Y-0.8916 Z-0.0259
X1.8008 Y-0.8881 Z-0.0262
X1.802 Y-0.8855 Z-0.0266
X1.8038 Y-0.8807 Z-0.0269
X1.8048 Y-0.8774 Z-0.027
X1.8051 Y-0.8759 Z-0.0272
X1.8058 Y-0.871 Z-0.0274
X1.8061 Y-0.8661
X1.8055 Y-0.8594 Z-0.0273
X1.8045 Y-0.8548 Z-0.0272
X1.8037 Y-0.8527 Z-0.0269
X1.8024 Y-0.8503 Z-0.0267
X1.8 Y-0.8465 Z-0.0262
X1.7993 Y-0.8454 Z-0.0261
X1.796 Y-0.842 Z-0.0252
X1.7955 Y-0.8415 Z-0.0251
X1.7925 Y-0.8391 Z-0.0248
X1.7906 Y-0.8379 Z-0.0244
X1.7851 Y-0.8356 Z-0.0234
X1.7842 Y-0.8353 Z-0.0233
X1.779 Y-0.8343 Z-0.0228
X1.7774 Y-0.8342
X1.7732 Z-0.0223
X1.7694 Y-0.8346
X1.767 Y-0.835 Z-0.0222
X1.7618 Y-0.8363 Z-0.0221
X1.7563 Y-0.8391
X1.7548 Y-0.8399 Z-0.0222
X1.7514 Y-0.8423
X1.7484 Y-0.8448 Z-0.0227
X1.7472 Y-0.8461
X1.7436 Y-0.8502 Z-0.0233
Y-0.8503
X1.7419 Y-0.8531 Z-0.0239
X1.7407 Y-0.8556 Z-0.0244
X1.7397 Y-0.8586 Z-0.0248
X1.739 Y-0.8614 Z-0.025
Y-0.8622 Z-0.0251
X1.7388 Y-0.8677 Z-0.026
X1.739 Y-0.8687
X1.7395 Y-0.8707 Z-0.0263
X1.7409 Y-0.8733 Z-0.0261
X1.7416 Y-0.8742 Z-0.0259
X1.7427 Y-0.8751 Z-0.0256
X1.7439 Y-0.8759 Z-0.0252
X1.7455 Y-0.8766 Z-0.0246
X1.7473 Y-0.8772 Z-0.0238
X1.7485 Y-0.8774 Z-0.0232
X1.749 Y-0.8775 Z-0.0231
X1.751 Y-0.8772 Z-0.0219
X1.754 Y-0.8766 Z-0.02
G0 Z0.2
X1.5852 Y-0.9959
Z0.18
G1 Z-0.02 F10.
X1.5884 Y-0.9965 Z-0.0224
X1.5877 Y-0.9997 Z-0.02
X1.5884 Y-0.9965 Z-0.0224
X1.5929 Y-0.9936 Z-0.0226
X1.5958 Y-0.9916
X1.5988 Y-0.9892 Z-0.0228
X1.6043 Y-0.9843 Z-0.0227
X1.6093 Y-0.9788 Z-0.0228
X1.6101 Y-0.9778
X1.6126 Y-0.974 Z-0.0231
X1.6146 Y-0.9703
X1.6149 Y-0.9697 Z-0.0232
X1.6151 Y-0.9691 Z-0.0233
X1.6152 Y-0.9685 Z-0.0234
Y-0.9678 Z-0.0236
X1.6151 Y-0.9664 Z-0.0241
X1.615 Y-0.9657 Z-0.0245
X1.6142 Y-0.9634 Z-0.0259
X1.6133 Y-0.9619 Z-0.0271
X1.6121 Y-0.9603 Z-0.0285
X1.6107 Y-0.9588 Z-0.0302
X1.609 Y-0.9576 Z-0.0316
X1.6082 Y-0.9572 Z-0.0322
X1.6086 Y-0.9563 Z-0.0314
X1.6088 Y-0.9561 Z-0.031
Y-0.956
X1.6174 Y-0.949 Z-0.02
X1.6088 Y-0.956 Z-0.031
Y-0.9561
Y-0.956
X1.6135 Y-0.946 Z-0.02
X1.6088 Y-0.956 Z-0.031
Y-0.9561
X1.6086 Y-0.9563 Z-0.0314
X1.6082 Y-0.9572 Z-0.0322
X1.6078 Y-0.9573
X1.6068 Y-0.958 Z-0.032
X1.6056 Y-0.959 Z-0.0316
X1.6052 Y-0.9595 Z-0.0314
X1.6045 Y-0.9605 Z-0.031
X1.6037 Y-0.9619 Z-0.0303
X1.6028 Y-0.9631 Z-0.0293
X1.6027 Y-0.9634 Z-0.029
X1.6024 Y-0.9639 Z-0.0285
X1.5991 Y-0.9719 Z-0.02
X1.6024 Y-0.9639 Z-0.0285
X1.5959 Y-0.9697 Z-0.02
G0 Z0.2
X1.4863 Y-0.9753
Z0.18
G1 Z-0.02 F10.
X1.4894 Y-0.9757 Z-0.0221
X1.489 Y-0.9783 Z-0.02
X1.4894 Y-0.9757 Z-0.0221
X1.4985 Y-0.9698 Z-0.0227
X1.5093 Y-0.9621 Z-0.0234
X1.5096 Y-0.9619
X1.5196 Y-0.9534 Z-0.024
X1.5293 Y-0.9441 Z-0.0245
X1.5295 Y-0.9438
X1.5366 Y-0.9358 Z-0.025
X1.5402 Y-0.9313 Z-0.0255
X1.5432 Y-0.9272 Z-0.0256
X1.5482 Y-0.9192 Z-0.0264
X1.5491 Y-0.9175 Z-0.0265
X1.554 Y-0.9075 Z-0.0273
X1.5544 Y-0.9063
X1.5547 Y-0.9052 Z-0.0275
X1.5549 Y-0.9042 Z-0.0277
X1.5551 Y-0.9031 Z-0.028
Y-0.9019 Z-0.0284
Y-0.9008 Z-0.0289
X1.5568 Y-0.8974 Z-0.0286
X1.558 Y-0.8948 Z-0.0285
X1.5593 Y-0.891 Z-0.0281
X1.5615 Y-0.8836 Z-0.0278
X1.5627 Y-0.8769 Z-0.0272
X1.5632 Y-0.8719 Z-0.0271
X1.5633 Y-0.8699 Z-0.0269
Y-0.8648 Z-0.0266
X1.5631 Y-0.8625 Z-0.0264
X1.5625 Y-0.858 Z-0.0261
X1.5616 Y-0.854 Z-0.0256
X1.5607 Y-0.8518 Z-0.0253
X1.5582 Y-0.8461 Z-0.0245
X1.5577 Y-0.8454
X1.5544 Y-0.8414 Z-0.0236
X1.5537 Y-0.8406 Z-0.0235
X1.5512 Y-0.8386 Z-0.0233
X1.5489 Y-0.8369 Z-0.0229
X1.5458 Y-0.8356 Z-0.0226
X1.5427 Y-0.8346 Z-0.0222
X1.5426
X1.5361 Y-0.8338 Z-0.022
X1.5308 Y-0.8344 Z-0.0222
X1.526 Y-0.8355 Z-0.0225
X1.5239 Y-0.8363 Z-0.0228
X1.5212 Y-0.8377 Z-0.0231
X1.5186 Y-0.8391 Z-0.0235
X1.5167 Y-0.8404 Z-0.0237
X1.5137 Y-0.8427 Z-0.0243
X1.5116 Y-0.8446 Z-0.0246
X1.5092 Y-0.8471 Z-0.0251
X1.5072 Y-0.8492 Z-0.0253
X1.5052 Y-0.8517 Z-0.0258
X1.5033 Y-0.8546 Z-0.0261
X1.5019 Y-0.8568 Z-0.0264
X1.5 Y-0.8602 Z-0.0267
X1.499 Y-0.8622 Z-0.027
X1.4971 Y-0.8669 Z-0.0273
X1.4951 Y-0.8733 Z-0.0277
X1.4942 Y-0.8789 Z-0.0278
X1.494 Y-0.8808
X1.4937 Y-0.8847
X1.4938 Y-0.8879 Z-0.0276
X1.4939 Y-0.8905 Z-0.0275
X1.4944 Y-0.8938 Z-0.0273
X1.4947 Y-0.8958 Z-0.0272
X1.4959 Y-0.8995 Z-0.0266
X1.4964 Y-0.9007 Z-0.0265
X1.4987 Y-0.9052 Z-0.0259
X1.4991 Y-0.9059 Z-0.0258
X1.5024 Y-0.91 Z-0.0248
X1.5034 Y-0.9109 Z-0.0245
X1.5066 Y-0.9133 Z-0.0241
X1.5074 Y-0.9138 Z-0.0238
X1.5115 Y-0.9157 Z-0.0231
X1.512 Y-0.9158 Z-0.023
X1.5164 Y-0.9167 Z-0.0226
X1.5173 Y-0.9168
X1.5212 Y-0.9167 Z-0.0221
X1.5263 Y-0.916
X1.5294 Y-0.9151
X1.5312 Y-0.9145
X1.533 Y-0.9136 Z-0.0222
X1.5363 Y-0.9116
X1.5398 Y-0.909 Z-0.0221
X1.5441 Y-0.9047 Z-0.0222
X1.5461 Y-0.9027 Z-0.0224
X1.5466 Y-0.9023 Z-0.0226
X1.5472 Y-0.902 Z-0.0228
X1.5478 Y-0.9017 Z-0.0232
X1.5492 Y-0.9013 Z-0.024
X1.5501 Y-0.9011 Z-0.0247
X1.5524 Y-0.9008 Z-0.0265
X1.5551 Z-0.0289
G0 Z0.2
X1.359 Y-0.9731
Z0.18
G1 Z-0.02 F10.
X1.3617 Y-0.9698 Z-0.0228
X1.359 Y-0.9684 Z-0.02
X1.3617 Y-0.9698 Z-0.0228
X1.3704 Y-0.9661 Z-0.0247
X1.3774 Y-0.9635 Z-0.0268
X1.3784 Y-0.9637 Z-0.0265
X1.3794 Y-0.9638 Z-0.0264
X1.3803 Z-0.0262
X1.3813
X1.3833 Y-0.9636 Z-0.0263
X1.3888 Y-0.9634 Z-0.0267
X1.3956 Z-0.027
X1.407 Y-0.9642 Z-0.0272
X1.4206 Y-0.9653 Z-0.0274
X1.4294 Y-0.9657
X1.4341 Y-0.9655
X1.4383 Y-0.9651 Z-0.0277
X1.4388 Y-0.965
X1.4414 Y-0.9644 Z-0.0279
X1.4441 Y-0.9616 Z-0.0262
X1.4476 Y-0.9573 Z-0.0242
X1.4502 Y-0.9533 Z-0.023
X1.4526 Y-0.9492 Z-0.0221
X1.4559 Y-0.9419 Z-0.0213
X1.4552 Y-0.9407 Z-0.02
X1.4559 Y-0.9419 Z-0.0213
X1.4577 Y-0.9407 Z-0.02
X1.4559 Y-0.9419 Z-0.0213
X1.4526 Y-0.9492 Z-0.0221
X1.4502 Y-0.9533 Z-0.023
X1.4476 Y-0.9573 Z-0.0242
X1.4441 Y-0.9616 Z-0.0262
X1.4414 Y-0.9644 Z-0.0279
X1.4473 Y-0.9715 Z-0.02
X1.4414 Y-0.9644 Z-0.0279
X1.4388 Y-0.965 Z-0.0277
X1.4383 Y-0.9651
X1.4341 Y-0.9655 Z-0.0274
X1.4294 Y-0.9657
X1.4206 Y-0.9653
X1.407 Y-0.9642 Z-0.0272
X1.3956 Y-0.9634 Z-0.027
X1.3888 Z-0.0267
X1.3833 Y-0.9636 Z-0.0263
X1.3813 Y-0.9638 Z-0.0262
X1.3803
X1.3794 Z-0.0264
X1.3784 Y-0.9637 Z-0.0265
X1.3774 Y-0.9635 Z-0.0268
Y-0.9617 Z-0.0254
X1.3775 Y-0.9602 Z-0.0242
X1.3778 Y-0.9588 Z-0.0233
X1.3783 Y-0.9576 Z-0.0226
X1.3786 Y-0.9572 Z-0.0224
X1.3789 Y-0.9567 Z-0.0222
X1.3792 Y-0.9563 Z-0.0221
X1.3842 Y-0.9525
X1.3963 Y-0.943 Z-0.0223
X1.4119 Y-0.9306 Z-0.0228
X1.4166 Y-0.9266 Z-0.0232
X1.4241 Y-0.9199 Z-0.0234
X1.4355 Y-0.9089 Z-0.0244
X1.4434 Y-0.8994 Z-0.0251
X1.4448 Y-0.8976 Z-0.0254
X1.4485 Y-0.8916 Z-0.0259
X1.45 Y-0.8891 Z-0.0261
X1.4517 Y-0.8855 Z-0.0266
X1.4535 Y-0.8807 Z-0.0269
X1.4542 Y-0.8787
X1.4548 Y-0.8759 Z-0.0272
X1.4555 Y-0.871 Z-0.0274
X1.4558 Y-0.8674 Z-0.0273
X1.4559 Y-0.8662 Z-0.0274
X1.4554 Y-0.8603 Z-0.0273
X1.4542 Y-0.8548 Z-0.0272
X1.4535 Y-0.8527 Z-0.0269
X1.4522 Y-0.8503 Z-0.0267
X1.4503 Y-0.8472 Z-0.0263
X1.449 Y-0.8454 Z-0.0261
X1.4458 Y-0.842 Z-0.0252
X1.4453 Y-0.8415 Z-0.0251
X1.4422 Y-0.8391 Z-0.0248
X1.4403 Y-0.8379 Z-0.0244
X1.4348 Y-0.8356 Z-0.0234
X1.4339 Y-0.8353 Z-0.0233
X1.4288 Y-0.8343 Z-0.0228
X1.4271 Y-0.8342
X1.4229 Z-0.0223
X1.4191 Y-0.8346
X1.4167 Y-0.835 Z-0.0222
X1.4116 Y-0.8363 Z-0.0221
X1.4061 Y-0.8391
X1.4046 Y-0.8399 Z-0.0222
X1.4012 Y-0.8423
X1.3982 Y-0.8448 Z-0.0227
X1.3969 Y-0.8461
X1.3934 Y-0.8502 Z-0.0233
X1.3933 Y-0.8503
X1.3917 Y-0.8531 Z-0.0239
X1.3904 Y-0.8556 Z-0.0244
X1.3894 Y-0.8586 Z-0.0248
X1.3888 Y-0.8614 Z-0.025
X1.3887 Y-0.8622 Z-0.0251
X1.3885 Y-0.8677 Z-0.026
X1.3887 Y-0.8687
X1.3893 Y-0.8707 Z-0.0263
X1.3907 Y-0.8733 Z-0.0261
X1.3911 Y-0.8738 Z-0.026
X1.3924 Y-0.8751 Z-0.0256
X1.3937 Y-0.8759 Z-0.0252
X1.3953 Y-0.8766 Z-0.0246
X1.397 Y-0.8772 Z-0.0238
X1.3983 Y-0.8774 Z-0.0232
X1.3987 Y-0.8775 Z-0.0231
X1.4008 Y-0.8772 Z-0.0219
X1.4038 Y-0.8766 Z-0.02
G0 Z0.2
X1.1958 Y-1.0321
Z0.18
G1 Z-0.02 F10.
X1.2032 Y-1.0306 Z-0.0251
X1.2051 Y-1.0301 Z-0.0263
X1.205 Y-1.0295 Z-0.0259
X1.2041 Y-1.0209 Z-0.02
X1.205 Y-1.0295 Z-0.0259
X1.2051 Y-1.0301 Z-0.0263
X1.2079 Y-1.0316 Z-0.026
X1.2112 Y-1.033 Z-0.0253
X1.2125 Y-1.0334 Z-0.0251
X1.2175 Y-1.0343 Z-0.0245
X1.2188 Y-1.0344 Z-0.0242
X1.2259 Z-0.0231
X1.229 Y-1.034 Z-0.023
X1.2329 Y-1.0333 Z-0.0227
X1.2344 Y-1.0329
X1.2361 Y-1.0323 Z-0.0225
X1.2391 Y-1.0311
X1.242 Y-1.0294 Z-0.0224
X1.2439 Y-1.028 Z-0.0225
X1.2481 Y-1.0242 Z-0.0227
X1.2494 Y-1.0229
X1.2553 Y-1.0151 Z-0.0239
X1.2596 Y-1.0072 Z-0.0245
X1.2629 Y-0.9986 Z-0.025
X1.2632 Y-0.9975
X1.2668 Y-0.9849 Z-0.0256
X1.2703 Y-0.9708 Z-0.0259
X1.2744 Y-0.9532 Z-0.0262
X1.2745 Y-0.9523
X1.2747 Y-0.9513 Z-0.0263
Y-0.9504 Z-0.0265
Y-0.9494 Z-0.0268
X1.2754 Y-0.9479 Z-0.0264
X1.276 Y-0.9464 Z-0.0262
X1.2908 Y-0.8842 Z-0.0269
X1.2849 Y-0.8793 Z-0.02
X1.2908 Y-0.8842 Z-0.0269
X1.3008 Y-0.8724 Z-0.02
X1.2908 Y-0.8842 Z-0.0269
X1.276 Y-0.9464 Z-0.0262
X1.2754 Y-0.9479 Z-0.0264
X1.2747 Y-0.9494 Z-0.0268
X1.2729 Y-0.9491 Z-0.0253
X1.2713 Z-0.0241
X1.2699 Y-0.9492 Z-0.0231
X1.2687 Y-0.9495 Z-0.0224
X1.2683 Y-0.9497 Z-0.0222
X1.2678 Y-0.9499 Z-0.022
X1.2674 Y-0.9503 Z-0.0219
X1.2636 Y-0.9543
X1.2597 Y-0.9582 Z-0.0222
X1.2561 Y-0.9615 Z-0.0223
X1.2548 Y-0.9626
X1.2522 Y-0.9644 Z-0.0225
X1.2482 Y-0.9667
X1.244 Y-0.9683 Z-0.0227
X1.2399 Y-0.9692 Z-0.0229
X1.2342 Y-0.9696 Z-0.0241
X1.2331 Y-0.9694 Z-0.0242
X1.2314 Y-0.969 Z-0.0245
X1.23 Y-0.9684 Z-0.0247
X1.2288 Y-0.9679 Z-0.0249
X1.2265 Y-0.9664 Z-0.0252
X1.226 Y-0.9659
X1.2247 Y-0.9645 Z-0.0256
X1.2233 Y-0.9623
X1.2227 Y-0.9611
X1.2221 Y-0.9597
X1.2216 Y-0.9569 Z-0.0257
X1.2212 Y-0.9537 Z-0.0255
X1.2217 Y-0.9476 Z-0.0256
X1.2219 Y-0.9463
X1.2228 Y-0.9413 Z-0.0257
X1.2351 Y-0.8844 Z-0.0271
X1.2288 Y-0.8793 Z-0.02
X1.2351 Y-0.8844 Z-0.0271
X1.2452 Y-0.8724 Z-0.02
G0 Z0.2
X1.1773 Y-0.9732
Z0.18
G1 Z-0.02 F10.
X1.177 Y-0.9668 Z-0.0263
X1.1793 Z-0.0256
X1.1821 Y-0.9664 Z-0.0243
X1.183 Y-0.9661 Z-0.024
X1.1842 Y-0.9654 Z-0.0237
X1.1889 Y-0.9623 Z-0.0226
X1.1928 Y-0.959 Z-0.022
X1.1931 Y-0.9588
X1.1968 Y-0.955 Z-0.0217
X1.1991 Y-0.9525
X1.2014 Y-0.9524 Z-0.02
X1.1991 Y-0.9525 Z-0.0217
X1.199 Y-0.95 Z-0.02
X1.1991 Y-0.9525 Z-0.0217
X1.1968 Y-0.955
X1.1931 Y-0.9588 Z-0.022
X1.1928 Y-0.959
X1.1889 Y-0.9623 Z-0.0226
X1.1842 Y-0.9654 Z-0.0237
X1.183 Y-0.9661 Z-0.024
X1.1821 Y-0.9664 Z-0.0243
X1.1793 Y-0.9668 Z-0.0256
X1.177 Z-0.0263
X1.1763 Y-0.9665 Z-0.0264
X1.1753 Y-0.966 Z-0.0266
X1.1743 Y-0.9651
X1.1733 Y-0.9639
X1.1719 Y-0.9618 Z-0.0264
X1.171 Y-0.9597
X1.1699 Y-0.9555 Z-0.0258
X1.1697 Y-0.9544
X1.1698 Y-0.9489 Z-0.0253
X1.1708 Y-0.9409 Z-0.0251
X1.1709 Y-0.9403
X1.173 Y-0.9308 Z-0.0252
X1.1746 Y-0.9237 Z-0.0253
X1.1747 Y-0.9222 Z-0.0256
Y-0.9207 Z-0.026
X1.1746 Y-0.9199 Z-0.0263
X1.1743 Y-0.9183 Z-0.027
X1.1726 Y-0.9188 Z-0.0256
X1.1711 Y-0.9193 Z-0.0244
X1.1699 Y-0.92 Z-0.0234
X1.1685 Y-0.921 Z-0.0224
X1.168 Y-0.9216 Z-0.0221
X1.1678 Y-0.922 Z-0.022
X1.1675 Y-0.9224
X1.1641 Y-0.9298 Z-0.0219
X1.1597 Y-0.9375 Z-0.022
X1.1519 Y-0.9488 Z-0.0219
X1.1509 Y-0.9501 Z-0.022
X1.1475 Y-0.954 Z-0.0221
X1.1427 Y-0.9591 Z-0.0223
X1.1392 Y-0.9621 Z-0.0226
X1.1389 Y-0.9623
X1.1363 Y-0.9641 Z-0.0228
X1.1346 Y-0.9651
X1.1322 Y-0.9662 Z-0.0231
X1.13 Y-0.967 Z-0.0232
X1.1277 Y-0.9677 Z-0.0235
X1.125 Y-0.9682 Z-0.0236
X1.1245 Y-0.9683 Z-0.0237
X1.1207 Y-0.9685 Z-0.0245
X1.1182 Z-0.0252
X1.1171 Y-0.9681 Z-0.0254
X1.1154 Y-0.9675 Z-0.0258
X1.1128 Y-0.9662 Z-0.0264
X1.1105 Y-0.9642 Z-0.0267
X1.1098 Y-0.9635 Z-0.0268
X1.1089 Y-0.9624 Z-0.027
X1.1074 Y-0.9595 Z-0.0272
X1.106 Y-0.9559 Z-0.0273
X1.1057 Y-0.9544
X1.1054 Y-0.9522 Z-0.0274
X1.1051 Y-0.9482 Z-0.0273
Y-0.9467 Z-0.0272
X1.1057 Y-0.9404 Z-0.0271
X1.1064 Y-0.9355 Z-0.0269
X1.107 Y-0.9327 Z-0.027
X1.1093 Y-0.9251 Z-0.0266
X1.1124 Y-0.9176 Z-0.0263
X1.1142 Y-0.9137 Z-0.026
X1.1163 Y-0.9098 Z-0.0258
X1.1203 Y-0.903 Z-0.0252
X1.126 Y-0.8955 Z-0.0245
X1.1283 Y-0.8928 Z-0.0242
X1.1319 Y-0.8889 Z-0.0239
X1.1372 Y-0.8844 Z-0.0235
X1.142 Y-0.8811 Z-0.023
X1.1423 Y-0.881
X1.1462 Y-0.8791 Z-0.0226
X1.149 Y-0.8782
X1.1513 Y-0.8777 Z-0.0224
X1.1558 Y-0.8769
X1.1564 Y-0.877 Z-0.0223
X1.1624 Y-0.8778 Z-0.0224
X1.1637 Y-0.8783 Z-0.0226
X1.1659 Y-0.8793 Z-0.0227
X1.1683 Y-0.8807 Z-0.0226
X1.169 Y-0.8812
X1.1698 Y-0.882 Z-0.0227
X1.1738 Y-0.8863
X1.1743 Y-0.8868 Z-0.0228
X1.1747 Y-0.8873 Z-0.0231
X1.1758 Y-0.8881 Z-0.0237
X1.1772 Y-0.8888 Z-0.0247
X1.1788 Y-0.8894 Z-0.0259
X1.181 Y-0.8899 Z-0.0276
Y-0.8907 Z-0.0273
Y-0.8924 Z-0.0269
X1.1808 Y-0.894 Z-0.0268
X1.1762 Y-0.9117
X1.1743 Y-0.9183 Z-0.027
X1.1762 Y-0.9117 Z-0.0268
X1.1808 Y-0.894
X1.181 Y-0.8924 Z-0.0269
Y-0.8907 Z-0.0273
Y-0.8899 Z-0.0276
X1.1814 Y-0.889 Z-0.0273
X1.1819 Y-0.8882 Z-0.0272
X1.1822 Y-0.8872 Z-0.027
X1.1825 Y-0.8863
X1.1834 Y-0.8831
X1.1776 Y-0.878 Z-0.02
X1.1834 Y-0.8831 Z-0.027
X1.1936 Y-0.8713 Z-0.02
G0 Z0.2
X0.8702 Y-0.8196
Z0.18
G1 Z-0.02 F10.
X0.8778 Y-0.8163 Z-0.027
X0.8829 Y-0.8279 Z-0.02
X0.8778 Y-0.8163 Z-0.027
X0.8787 Y-0.8108
X0.8806 Y-0.8012 Z-0.0269
X0.8831 Y-0.7917 Z-0.0268
X0.8858 Y-0.7823 Z-0.0265
X0.8882 Y-0.775 Z-0.0259
X0.8909 Y-0.7679 Z-0.0251
X0.8932 Y-0.7633 Z-0.0246
X0.8944 Y-0.7612 Z-0.0244
X0.8963 Y-0.7582 Z-0.0241
X0.8994 Y-0.7541 Z-0.024
X0.8999 Y-0.7536
X0.9023 Y-0.7513
X0.9043 Y-0.7496 Z-0.0239
X0.906 Y-0.7484 Z-0.024
X0.9101 Y-0.7464 Z-0.0236
X0.9146 Y-0.7446 Z-0.0227
X0.9153 Y-0.7445 Z-0.0225
X0.9186 Y-0.7451
X0.9214 Y-0.7462 Z-0.0226
X0.9217 Y-0.7463
X0.9231 Y-0.7473 Z-0.0228
X0.9242 Y-0.7483
X0.926 Y-0.7506 Z-0.023
X0.9284 Y-0.7549 Z-0.0235
X0.9297 Y-0.7589 Z-0.0237
X0.9305 Y-0.7623 Z-0.0241
X0.9314 Y-0.7673 Z-0.0246
X0.9317 Y-0.7697 Z-0.025
X0.9318 Y-0.7772 Z-0.0258
X0.9316 Y-0.7849 Z-0.0262
X0.9313 Y-0.7901 Z-0.0263
X0.9299 Y-0.8036 Z-0.0271
X0.9287 Y-0.8125 Z-0.0273
X0.9272 Y-0.8221 Z-0.0276
X0.9216 Y-0.8538 Z-0.0278
X0.92 Y-0.8626
X0.9145 Y-0.8907 Z-0.0282
X0.9143 Y-0.8916
X0.9142 Y-0.8934 Z-0.0285
Y-0.8953 Z-0.0289
X0.9146 Y-0.8981 Z-0.0299
X0.9105 Y-0.9126 Z-0.0289
X0.9079 Y-0.9213 Z-0.0283
X0.9022 Y-0.942 Z-0.0274
X0.9012 Y-0.9456 Z-0.0273
X0.8961 Y-0.9647 Z-0.027
X0.9014 Y-0.9717 Z-0.02
X0.8961 Y-0.9647 Z-0.027
X0.8896 Y-0.9698 Z-0.0219
X0.8872 Y-0.9717 Z-0.02
X0.8896 Y-0.9698 Z-0.0219
X0.8961 Y-0.9647 Z-0.027
X0.9012 Y-0.9456 Z-0.0273
X0.9022 Y-0.942 Z-0.0274
X0.9079 Y-0.9213 Z-0.0283
X0.9105 Y-0.9126 Z-0.0289
X0.9146 Y-0.8981 Z-0.0299
X0.9169 Y-0.8977 Z-0.0279
X0.9189 Y-0.8972 Z-0.0261
X0.9207 Y-0.8965 Z-0.0247
X0.9221 Y-0.8958 Z-0.0236
X0.9232 Y-0.895 Z-0.0228
X0.9237 Y-0.8945 Z-0.0225
X0.9241 Y-0.894 Z-0.0224
X0.9243 Y-0.8935 Z-0.0222
X0.9246 Y-0.8929
X0.9259 Y-0.8893 Z-0.0223
X0.9338 Y-0.8699 Z-0.0224
X0.9383 Y-0.8592 Z-0.0223
X0.9423 Y-0.8502
X0.9453 Y-0.8435
X0.9528 Y-0.8281
X0.9611 Y-0.8115
X0.9655 Y-0.8033
X0.9671 Y-0.8005
X0.9735 Y-0.7898 Z-0.0224
X0.9804 Y-0.7795 Z-0.0223
X0.9844 Y-0.7741
X0.9889 Y-0.7689 Z-0.0226
X0.9916 Y-0.7665 Z-0.0229
X0.9941 Y-0.7646 Z-0.0234
X0.9945 Y-0.7644
X0.9985 Y-0.762 Z-0.0242
X1.001 Y-0.7609 Z-0.0245
X1.0017 Y-0.7607
X1.0024 Y-0.7606 Z-0.0247
X1.0042 Y-0.7604 Z-0.0252
X1.0051 Z-0.0254
X1.006 Z-0.0257
X1.0078 Y-0.7606 Z-0.0264
X1.0094 Y-0.7608 Z-0.027
X1.0104 Y-0.7613 Z-0.0273
X1.0115 Y-0.762 Z-0.0276
X1.0124 Y-0.7628 Z-0.0278
X1.0134 Y-0.7639 Z-0.028
X1.0146 Y-0.766
X1.0152 Y-0.7673 Z-0.0281
X1.0156 Y-0.7692 Z-0.028
X1.0159 Y-0.7715 Z-0.0279
Y-0.7743 Z-0.0277
X1.0151 Y-0.7821
X1.013 Y-0.7931 Z-0.0278
X0.993 Y-0.8881 Z-0.028
X0.9928 Y-0.8891 Z-0.0281
Y-0.8901 Z-0.0282
Y-0.8911 Z-0.0284
X0.9929 Y-0.8931 Z-0.029
X0.9934 Y-0.8952 Z-0.0299
X0.9877 Y-0.9151 Z-0.0285
X0.9806 Y-0.9427 Z-0.0273
X0.9755 Y-0.9648 Z-0.027
X0.981 Y-0.9717 Z-0.02
X0.9755 Y-0.9648 Z-0.027
X0.9669 Y-0.9717 Z-0.02
X0.9755 Y-0.9648 Z-0.027
X0.9806 Y-0.9427 Z-0.0273
X0.9877 Y-0.9151 Z-0.0285
X0.9934 Y-0.8952 Z-0.0299
X0.9956 Y-0.8947 Z-0.0279
X0.9976 Y-0.8942 Z-0.0263
X0.9992 Y-0.8935 Z-0.025
X1.0006 Y-0.8927 Z-0.0239
X1.0018 Y-0.8918 Z-0.0231
X1.0022 Y-0.8913 Z-0.0228
X1.0026 Y-0.8908 Z-0.0227
X1.0029 Y-0.8903 Z-0.0225
X1.0032 Y-0.8897
X1.0039 Y-0.888
X1.0081 Y-0.8776
X1.0158 Y-0.86 Z-0.0223
X1.0226 Y-0.8451
X1.0299 Y-0.8304
X1.0314 Y-0.8276 Z-0.0224
X1.0379 Y-0.8161 Z-0.0223
X1.0418 Y-0.8094 Z-0.0224
X1.0463 Y-0.802
X1.0533 Y-0.7915 Z-0.0227
X1.0592 Y-0.7841 Z-0.023
X1.0614 Y-0.7816
X1.0623 Y-0.7807 Z-0.0231
X1.0662 Y-0.7774 Z-0.0233
X1.0668 Y-0.777
X1.0701 Y-0.7753 Z-0.0236
X1.0734 Y-0.7742 Z-0.024
X1.0741 Y-0.7741 Z-0.0241
X1.0748 Y-0.774 Z-0.0243
X1.0776 Y-0.7738 Z-0.025
X1.079 Z-0.0254
X1.0804 Y-0.774 Z-0.0261
X1.082 Y-0.7743 Z-0.0268
X1.0813 Y-0.7673 Z-0.02
X1.082 Y-0.7743 Z-0.0268
X1.0831 Y-0.7747 Z-0.0272
X1.0843 Y-0.7754 Z-0.0275
X1.0856 Y-0.7767 Z-0.0278
X1.0862 Y-0.7775 Z-0.028
X1.0873 Y-0.7795 Z-0.0281
X1.088 Y-0.7812
X1.0882 Y-0.7826
X1.0885 Y-0.7849
X1.0883 Y-0.7867 Z-0.028
X1.0875 Y-0.7936 Z-0.0281
X1.0871 Y-0.7959
X1.0857 Y-0.8029
X1.052 Y-0.9637 Z-0.028
X1.0585 Y-0.9717 Z-0.02
X1.052 Y-0.9637 Z-0.028
X1.0422 Y-0.9717 Z-0.02
G0 Z0.6
M5
M9
G53 G0 Z-0.6
M30
%
