%
(OP2 - ON PLATE)
(T13 D=0.375 CR=0. TAPER=45DEG - ZMIN=0.2356 - CHAMFER MILL)
(T35 D=0.375 CR=0. - ZMIN=0.2195 - FLAT END MILL)
(T72 D=0.1875 CR=0.0937 - ZMIN=0.2165 - BALL END MILL)
G90 G94 G17 G91.1
G20
G53 G0 Z0.
(2D ADAPTIVE2)
T35 M6
T13
S7500 M3
G17 G90 G94
G54
G64 P0.004 Q0.004
M8
G0 X4.0658 Y-3.3068
G43 Z1.0903 H35
G0 Z0.5903
G3 X4.3113 Y-3.2959 Z0.5667 I0.1168 J0.1394 F40.
X4.3218 Y-3.051 Z0.5431 I-0.1284 J0.1282
X4.0793 Y-3.0192 Z0.5195 I-0.1386 J-0.1165
X4.0266 Y-3.2575 Z0.4959 I0.1037 J-0.1479
X4.2588 Y-3.3306 Z0.4723 I0.156 J0.0902
X4.3517 Y-3.1061 Z0.4487 I-0.0761 J0.1629
X4.1367 Y-2.9943 Z0.4251 I-0.1685 J-0.0614
X4.0068 Y-3.1982 Z0.4015 I0.0464 J-0.1728
X4.1982 Y-3.3451 Z0.3779 I0.1758 J0.031
X4.3608 Y-3.1676 Z0.3543 I-0.0155 J0.1775
X4.0045 I-0.1781 J0.
X4.3607 Y-3.173 I0.1781 J0.
G1 X4.3608 Y-3.1676
X4.361 Y-3.1565 F60.
X4.363 Y-3.1456
X4.3779 Y-3.1038
G3 X4.3883 Y-3.032 I-0.0985 J0.0509
X4.3449 Y-2.9433 I-0.1696 J-0.028
X4.2567 Y-2.8828 I-0.1669 J-0.1488
X4.1068 Y-2.8711 I-0.0948 J-0.248
X3.9609 Y-2.9488 I0.0587 J-0.2861
X3.8686 Y-3.1577 I0.2144 J-0.2195
X4.0971 Y-3.4709 I0.3133 J-0.0114
X4.4413 Y-3.348 I0.0858 J0.303
G1 X4.4649 Y-3.3104
X4.4863 Y-3.2716
X4.5052 Y-3.2314
X4.5196 Y-3.1929
X4.5293 Y-3.1563
X4.5351 Y-3.1214
X4.5375 Y-3.0875
X4.5367 Y-3.0542
G3 X4.5025 Y-2.9273 I-0.346 J-0.0252
G1 X4.4864 Y-2.8979
X4.4673 Y-2.8698
X4.4454 Y-2.8432
X4.4206 Y-2.8185
X4.3933 Y-2.796
X4.3635 Y-2.7759
X4.3314 Y-2.7584
X4.2973 Y-2.7438
X4.2615 Y-2.7324
X4.2241 Y-2.7243
X4.1855 Y-2.7197
X4.1461 Y-2.7188
X4.1062 Y-2.7217
X4.0663 Y-2.7284
X4.0268 Y-2.7391
X3.9881 Y-2.7535
X3.9507 Y-2.7718
X3.9148 Y-2.7936
X3.881 Y-2.819
X3.8495 Y-2.8477
X3.8207 Y-2.8794
X3.7949 Y-2.9138
X3.7725 Y-2.9507
X3.7535 Y-2.9898
X3.7383 Y-3.0305
X3.7271 Y-3.0727
X3.7198 Y-3.1159
X3.7167 Y-3.1596
X3.7178 Y-3.2036
X3.723 Y-3.2473
X3.7324 Y-3.2904
X3.7459 Y-3.3324
X3.7633 Y-3.373
X3.7845 Y-3.4119
X3.8093 Y-3.4485
X3.8375 Y-3.4827
X3.8689 Y-3.514
X3.9031 Y-3.5423
X3.9399 Y-3.5671
X3.9788 Y-3.5884
X4.0196 Y-3.6059
X4.0619 Y-3.6194
X4.1052 Y-3.6288
X4.1493 Y-3.6341
X4.1936 Y-3.6352
X4.2379 Y-3.6321
X4.2817 Y-3.6248
X4.3245 Y-3.6134
X4.3661 Y-3.5979
X4.4061 Y-3.5786
X4.444 Y-3.5556
X4.4796 Y-3.5291
X4.5126 Y-3.4995
X4.5432 Y-3.4673
G3 X4.6404 Y-3.3194 I-0.4821 J0.4228
G1 X4.6577 Y-3.2785
X4.6718 Y-3.2365
X4.6825 Y-3.1934
X4.6897 Y-3.1496
X4.6932 Y-3.1054
X4.693 Y-3.061
X4.689 Y-3.0168
X4.6812 Y-2.9731
X4.6697 Y-2.9303
X4.6546 Y-2.8886
X4.6359 Y-2.8483
X4.6138 Y-2.8098
X4.5885 Y-2.7734
X4.5601 Y-2.7393
X4.5289 Y-2.7077
X4.4952 Y-2.6788
X4.4593 Y-2.6529
X4.4213 Y-2.6299
X4.3816 Y-2.6101
X4.3403 Y-2.5937
X4.2979 Y-2.5807
X4.2546 Y-2.5712
X4.2106 Y-2.565
X4.1664 Y-2.5622
X4.122 Y-2.5629
X4.0778 Y-2.5672
X4.0341 Y-2.5747
X3.9911 Y-2.5856
X3.949 Y-2.5996
X3.9081 Y-2.6168
X3.8686 Y-2.637
X3.8307 Y-2.6601
X3.7946 Y-2.6859
X3.7605 Y-2.7143
X3.7286 Y-2.7452
X3.6991 Y-2.7783
X3.672 Y-2.8135
X3.6475 Y-2.8505
G3 X3.5783 Y-3.0133 I0.5324 J-0.3225
X3.5582 Y-3.1891 I0.6068 J-0.1585
X3.5885 Y-3.3634 I0.6297 J0.0198
X3.6667 Y-3.5221 I0.6004 J0.1971
X3.7863 Y-3.6526 I0.5219 J0.3585
G1 X3.8216 Y-3.6794
X3.8587 Y-3.7037
X3.8975 Y-3.7254
X3.9376 Y-3.7442
X3.9791 Y-3.7601
X4.0215 Y-3.773
X4.0647 Y-3.783
X4.1086 Y-3.7899
X4.1528 Y-3.7935
X4.1972 Y-3.794
X4.2415 Y-3.7915
X4.2855 Y-3.7858
X4.329 Y-3.777
X4.3717 Y-3.7651
X4.4136 Y-3.7503
X4.4542 Y-3.7325
X4.4935 Y-3.7118
X4.5312 Y-3.6885
G3 X4.665 Y-3.5725 I-0.387 J0.5812
X4.8324 Y-3.2633 I-0.5497 J0.4975
X4.8547 Y-3.0876 I-0.6905 J0.1771
X4.8317 Y-2.9121 I-0.6951 J-0.0018
X4.7408 Y-2.7107 I-0.6583 J-0.1761
X4.5543 Y-2.523 I-0.5737 J-0.3833
X4.3543 Y-2.4291 I-0.3938 J-0.5792
X3.9598 Y-2.4261 I-0.2025 J-0.7004
X3.5886 Y-2.6575 I0.1973 J-0.7303
X3.3984 Y-3.0983 I0.5813 J-0.5121
X3.8199 Y-3.8688 I0.7823 J-0.0726
G1 X3.8599 Y-3.8882
X3.9008 Y-3.9053
X3.9427 Y-3.92
G3 X4.5848 Y-3.8476 I0.2403 J0.7535
X4.8715 Y-3.5746 I-0.4441 J0.7533
X5.0192 Y-3.0714 I-0.7303 J0.4875
X4.9187 Y-2.6886 I-0.8502 J-0.0184
X4.4174 Y-2.2762 I-0.7553 J-0.4074
X3.8928 Y-2.2734 I-0.2669 J-0.8513
X3.3308 Y-2.7451 I0.2658 J-0.8873
G1 X3.3115 Y-2.7851
G3 X3.5805 Y-3.9091 I0.8671 J-0.3867
X4.2851 Y-4.1179 I0.6021 J0.7387
X4.7371 Y-3.9476 I-0.1047 J0.963
X5.186 Y-3.12 I-0.6009 J0.8615
X5.0647 Y-2.6077 I-1.0203 J0.029
X4.4616 Y-2.1149 I-0.9027 J-0.4894
X3.6838 Y-2.1753 I-0.3122 J-1.0181
X3.3632 Y-2.4098 I0.4688 J-0.9774
X3.168 Y-3.6476 I0.8096 J-0.762
X3.6086 Y-4.1333 I1.0108 J0.4742
X4.7509 Y-4.1379 I0.575 J0.9668
X5.2288 Y-3.6268 I-0.6021 J1.042
G1 X5.2479 Y-3.5868
X5.2654 Y-3.546
G3 X5.2928 Y-2.7108 I-1.1078 J0.4544
G1 X5.2903 Y-2.7052
X5.2875 Y-2.6997
X5.2842 Y-2.6946
X5.2364 Y-2.6258
X5.2298 Y-2.6162
X5.2139 Y-2.5878
X5.1671 Y-2.5038
X5.161 Y-2.4925
X5.1497 Y-2.47
X5.1464 Y-2.4632
X5.1268 Y-2.4234
G3 X5.0248 Y-2.2786 I-0.6802 J-0.3706
X4.7106 Y-2.0357 I-0.8077 J-0.7202
X4.0609 Y-1.9024 I-0.5585 J-1.0728
G1 X4.0515 Y-1.9039
X4.0424 Y-1.9066
X4.0338 Y-1.9106
X3.9091 Y-1.98
X3.8969 Y-1.9866
X3.8753 Y-1.9981
X3.8641 Y-2.0039
X3.5829 Y-2.1446
X3.5716 Y-2.1499
X3.3692 Y-2.2405
X3.3296 Y-2.2606
X3.2917 Y-2.2835
X3.2559 Y-2.3098
G3 X3.1325 Y-2.4369 I0.4777 J-0.5875
X2.9803 Y-2.7064 I0.8614 J-0.6641
X3.0053 Y-3.6996 I1.1857 J-0.4671
X3.1932 Y-3.9995 I1.1555 J0.5154
X3.4273 Y-4.217 I0.9784 J0.8183
G1 X3.436 Y-4.2221
X3.4453 Y-4.226
X3.455 Y-4.2284
X3.5379 Y-4.2425
X3.5491 Y-4.2446
X3.5941 Y-4.2538
X3.9428 Y-4.3259
X3.9541 Y-4.3284
X3.9766 Y-4.3338
X4.1903 Y-4.3858
X4.2578 Y-4.4022
X4.3014 Y-4.4106
X4.345 Y-4.4165
X4.3893 Y-4.4183
X4.4337 Y-4.4165
G3 X4.6076 Y-4.3826 I-0.0682 J0.8124
X4.9618 Y-4.2023 I-0.3546 J1.1349
X5.5242 Y-3.1412 I-0.8165 J1.1124
X5.5208 Y-2.9836 I-1.3015 J0.0508
X5.5001 Y-2.94 I-0.0677 J-0.0055
G1 X5.4276 Y-2.8708
X5.4209 Y-2.8635
G2 X5.3263 Y-2.7531 I5.7526 J5.0272
G1 X5.3081 Y-2.7286
X5.3039 Y-2.7227
X5.2842 Y-2.6946
G3 X5.2629 Y-2.6806 I-0.03 J-0.0225
G1 X5.2581 Y-2.6794
X3.3995 Y-2.2405 F300.
X3.3919 Y-2.2387 F60.
G3 X3.3692 Y-2.2405 I-0.0086 J-0.0365
G1 X3.2792 Y-2.2807
X3.2679 Y-2.2857
X3.2342 Y-2.2993
X3.088 Y-2.3571
X3.0594 Y-2.3701
X3.0334 Y-2.3851
X3.0047 Y-2.4055
X2.9731 Y-2.4328
X2.9424 Y-2.4649
X2.9145 Y-2.4994
G3 X2.8262 Y-2.653 I0.6507 J-0.4765
X2.7331 Y-2.9942 I1.1206 J-0.4891
X3.0637 Y-4.1105 I1.4364 J-0.1817
G1 X3.0925 Y-4.1442
X3.1015 Y-4.154
G3 X3.1417 Y-4.1751 I0.0496 J0.0458
G1 X3.1442 Y-4.1754
X3.455 Y-4.2284
G3 X3.4839 Y-4.2201 I0.005 J0.0372
X3.4975 Y-4.1912 I-0.0239 J0.0289 F300.
G1 X3.4973 Y-4.1875
X3.4968 Y-4.1839
X3.1373 Y-2.3851
G3 X3.1179 Y-2.3593 I-0.0368 J-0.0073
X3.088 Y-2.3571 I-0.0174 J-0.0332 F60.
G1 X2.953 Y-2.4106
X2.9444 Y-2.4138
X2.9305 Y-2.4188
X2.8743 Y-2.4382
X2.8474 Y-2.4491
X2.8263 Y-2.46
X2.8027 Y-2.4753
X2.7772 Y-2.4954
X2.7501 Y-2.5214
X2.7211 Y-2.555
X2.6954 Y-2.5912
X2.6727 Y-2.6293
G3 X2.6051 Y-2.7931 I0.7554 J-0.4074
X2.5513 Y-3.1429 I1.2546 J-0.3721
X2.7934 Y-4.0292 I1.6035 J-0.0382
G1 X2.8169 Y-4.0668
X2.8418 Y-4.1036
X2.8494 Y-4.1142
G3 X2.8953 Y-4.1417 I0.0549 J0.0393
G1 X3.1105 Y-4.1707
X3.1417 Y-4.1751
G3 X3.1704 Y-4.166 I0.0039 J0.0373
X3.1827 Y-4.132 I-0.0247 J0.0282 F300.
G1 X2.9223 Y-2.4683
G3 X2.9041 Y-2.4416 I-0.037 J-0.0058
X2.8743 Y-2.4382 I-0.0188 J-0.0324 F60.
G1 X2.6718 Y-2.5083
X2.649 Y-2.5175
X2.6292 Y-2.5278
X2.6075 Y-2.5418
X2.584 Y-2.5604
X2.5594 Y-2.5839
X2.5331 Y-2.6144
X2.5075 Y-2.6506
X2.4851 Y-2.6889
G3 X2.4218 Y-2.8544 I0.6995 J-0.3629
X2.3804 Y-3.1615 I1.2481 J-0.3244
X2.5113 Y-3.8542 I1.7237 J-0.033
X2.6228 Y-4.0805 I1.5828 J0.6388
X2.6746 Y-4.114 I0.0584 J0.0337
G2 X2.754 Y-4.1227 I-0.2024 J-2.2103
G1 X2.8953 Y-4.1417
G3 X2.9238 Y-4.1325 I0.0037 J0.0373
X2.9361 Y-4.0993 I-0.0249 J0.0281 F300.
G1 X2.72 Y-2.539
G3 X2.7016 Y-2.5117 I-0.0371 J-0.0051
X2.6718 Y-2.5083 I-0.0188 J-0.0324 F60.
G2 X2.5931 Y-2.5343 I-0.5372 J1.4976
G1 X2.4918 Y-2.5645
X2.4716 Y-2.5716
X2.4532 Y-2.5802
X2.4329 Y-2.5921
X2.4114 Y-2.6075
X2.3881 Y-2.6281
X2.3638 Y-2.6538
X2.3386 Y-2.6864
X2.3148 Y-2.7238
X2.2944 Y-2.7632
G3 X2.2388 Y-2.9314 I0.7303 J-0.3349
X2.2096 Y-3.24 I1.3001 J-0.2783
X2.3556 Y-3.9304 I1.8605 J0.0327
X2.4142 Y-4.0586 I1.4079 J0.5657
X2.4668 Y-4.0934 I0.0596 J0.033
G1 X2.6746 Y-4.114
G3 X2.7028 Y-4.1037 I0.0024 J0.0374
X2.7142 Y-4.0721 I-0.0259 J0.0272 F300.
G1 X2.5385 Y-2.5963
G3 X2.5215 Y-2.5692 I-0.0372 J-0.0044
X2.4918 Y-2.5645 I-0.0202 J-0.0316 F60.
G1 X2.3118 Y-2.6181
G3 X2.2326 Y-2.6606 I0.068 J-0.222
G1 X2.2105 Y-2.68
X2.1868 Y-2.7052
X2.1622 Y-2.7368
X2.1384 Y-2.7743
X2.1182 Y-2.8138
X2.101 Y-2.8547
G3 X2.0563 Y-3.0262 I0.8279 J-0.3072
X2.0447 Y-3.3801 I1.4511 J-0.2245
X2.2131 Y-4.038 I1.998 J0.1608
G1 X2.221 Y-4.0499
G3 X2.2697 Y-4.0755 I0.0531 J0.0417
G2 X2.3456 Y-4.0814 I-0.0874 J-1.6284
G1 X2.4668 Y-4.0934
G3 X2.4951 Y-4.0831 I0.0024 J0.0374
X2.5065 Y-4.052 I-0.0259 J0.0272 F300.
G1 X2.3586 Y-2.6505
G3 X2.3415 Y-2.6228 I-0.0373 J-0.0039
X2.3118 Y-2.6181 I-0.0202 J-0.0316 F60.
G1 X2.3006 Y-2.6215
X2.2781 Y-2.6274
X2.2669 Y-2.6304
X2.1444 Y-2.6611
G3 X2.0692 Y-2.6974 I0.0549 J-0.21
G1 X2.047 Y-2.7152
X2.0246 Y-2.737
X2.0009 Y-2.765
X1.9764 Y-2.8001
X1.9546 Y-2.8388
X1.9361 Y-2.8791
G3 X1.8882 Y-3.0497 I0.7544 J-0.3041
X1.8716 Y-3.3592 I1.3681 J-0.2282
X1.9818 Y-3.9235 I2.0495 J0.1073
G1 X1.9962 Y-3.9655
X2.0124 Y-4.0067
X2.0209 Y-4.0246
G3 X2.0776 Y-4.0632 I0.0611 J0.0287
G1 X2.2697 Y-4.0755
G3 X2.2976 Y-4.0643 I0.0011 J0.0375
X2.3082 Y-4.0347 I-0.0268 J0.0262 F300.
G1 X2.1896 Y-2.6945
G3 X2.1738 Y-2.6671 I-0.0374 J-0.0033
X2.1444 Y-2.6611 I-0.0216 J-0.0307 F60.
G1 X1.9744 Y-2.7039
G3 X1.8966 Y-2.741 I0.0547 J-0.2146
G1 X1.8753 Y-2.7581
X1.8523 Y-2.7805
X1.8289 Y-2.8081
X1.8049 Y-2.8425
X1.7831 Y-2.8811
X1.7647 Y-2.9215
G3 X1.7175 Y-3.0922 I0.7492 J-0.2993
X1.7025 Y-3.4018 I1.3643 J-0.2212
X1.8128 Y-3.9662 I2.1136 J0.1202
G1 X1.8289 Y-4.0076
G3 X1.8561 Y-4.0411 I0.0678 J0.0272
G1 X1.867 Y-4.0467
X1.8786 Y-4.0503
X1.8907 Y-4.0518
X1.9069 Y-4.0523
X2.0776 Y-4.0632
G3 X2.1055 Y-4.052 I0.0011 J0.0375
X2.1161 Y-4.0229 I-0.0268 J0.0262 F300.
G1 X2.0197 Y-2.7377
G3 X2.0039 Y-2.7099 I-0.0374 J-0.0028
X1.9744 Y-2.7039 I-0.0216 J-0.0307 F60.
G1 X1.9654 Y-2.7061
X1.9407 Y-2.7115
X1.8169 Y-2.7369
G3 X1.7375 Y-2.77 I0.0422 J-0.2138
G1 X1.7157 Y-2.7859
X1.6938 Y-2.8055
X1.6705 Y-2.8307
X1.6463 Y-2.8624
X1.6228 Y-2.9001
X1.6029 Y-2.9397
X1.5861 Y-2.9808
G3 X1.5439 Y-3.1529 I0.8084 J-0.2895
X1.5344 Y-3.4627 I1.4413 J-0.1992
X1.6226 Y-3.9417 I2.1335 J0.1452
G1 X1.6374 Y-3.9836
X1.6474 Y-4.0063
G3 X1.7072 Y-4.0465 I0.0617 J0.0273
G1 X1.8907 Y-4.0518
G3 X1.9182 Y-4.0396 I-0.0002 J0.0375
X1.928 Y-4.0123 I-0.0277 J0.0253 F300.
G1 X1.8606 Y-2.7719
G3 X1.8461 Y-2.7442 I-0.0374 J-0.002
X1.8169 Y-2.7369 I-0.0229 J-0.0297 F60.
G1 X1.6387 Y-2.7736
G3 X1.5682 Y-2.8046 I0.0465 J-0.2011
G1 X1.5471 Y-2.82
X1.5242 Y-2.8405
X1.5011 Y-2.8655
X1.4771 Y-2.8969
X1.4536 Y-2.9345
X1.4337 Y-2.9742
X1.4169 Y-3.0153
G3 X1.3745 Y-3.1873 I0.8119 J-0.2915
X1.3648 Y-3.4972 I1.4399 J-0.2002
X1.4398 Y-3.9337 I2.0769 J0.1325
G1 X1.4542 Y-3.9757
X1.4648 Y-4.0003
G3 X1.5249 Y-4.0412 I0.0621 J0.0265
G1 X1.7072 Y-4.0465
G3 X1.7347 Y-4.0343 I-0.0002 J0.0375
X1.7444 Y-4.0071 I-0.0277 J0.0253 F300.
G1 X1.6824 Y-2.8086
G3 X1.6678 Y-2.7809 I-0.0374 J-0.0019
X1.6387 Y-2.7736 I-0.0229 J-0.0297 F60.
G1 X1.6257 Y-2.7761
X1.6145 Y-2.7781
X1.592 Y-2.7818
X1.4795 Y-2.7998
G3 X1.4114 Y-2.8264 I0.0365 J-0.1942
G1 X1.3897 Y-2.8409
X1.3677 Y-2.8588
X1.3442 Y-2.882
X1.3198 Y-2.9114
X1.295 Y-2.9475
X1.2735 Y-2.9864
X1.2553 Y-3.0268
G3 X1.2086 Y-3.1977 I0.7599 J-0.2998
X1.1936 Y-3.5073 I1.3949 J-0.2228
X1.2522 Y-3.9017 I2.0229 J0.099
G1 X1.2645 Y-3.9443
X1.2794 Y-3.9861
X1.2869 Y-4.0022
G3 X1.3485 Y-4.0412 I0.0612 J0.0285
G1 X1.4682 Y-4.0404
X1.502 Y-4.0406
X1.5249 Y-4.0412
G3 X1.5523 Y-4.029 I-0.0002 J0.0375
X1.5621 Y-4.0024 I-0.0277 J0.0253 F300.
G1 X1.5216 Y-2.8358
G3 X1.5083 Y-2.8084 I-0.0375 J-0.0013
X1.4795 Y-2.7998 I-0.0242 J-0.0287 F60.
G1 X1.322 Y-2.8251
G3 X1.2432 Y-2.8542 I0.0331 J-0.2109
G1 X1.2223 Y-2.8682
X1.1992 Y-2.887
X1.1759 Y-2.9101
X1.1516 Y-2.9392
X1.1267 Y-2.9757
X1.1052 Y-3.0145
X1.0869 Y-3.055
G3 X1.0395 Y-3.2257 I0.7652 J-0.3044
X1.0233 Y-3.5353 I1.3974 J-0.2283
X1.0708 Y-3.8865 I1.9173 J0.0805
G1 X1.0823 Y-3.9294
X1.0959 Y-3.9716
X1.1082 Y-4.0009
G3 X1.1709 Y-4.0423 I0.0622 J0.0261
G1 X1.3485 Y-4.0412
G3 X1.3755 Y-4.028 I-0.0015 J0.0375
X1.3845 Y-4.003 I-0.0286 J0.0243 F300.
G1 X1.3642 Y-2.8617
G3 X1.3508 Y-2.8337 I-0.0375 J-0.0007
X1.322 Y-2.8251 I-0.0242 J-0.0287 F60.
G2 X1.2433 Y-2.8359 I-0.2208 J1.3139
G1 X1.1645 Y-2.8451
G3 X1.0878 Y-2.8696 I0.0232 J-0.2047
G1 X1.066 Y-2.8829
X1.0438 Y-2.8994
X1.0201 Y-2.921
X0.9952 Y-2.9483
X0.9699 Y-2.982
X0.9468 Y-3.0198
X0.927 Y-3.0595
G3 X0.8746 Y-3.2288 I0.7183 J-0.3149
X0.852 Y-3.5379 I1.3432 J-0.2538
X0.895 Y-3.8897 I1.8206 J0.044
G1 X0.9063 Y-3.9326
X0.9199 Y-3.9749
X0.9344 Y-4.0093
G3 X0.9974 Y-4.0462 I0.0602 J0.0307
G2 X1.1709 Y-4.0423 I0.154 J-3.0232
G1 X1.1753 Y-4.0419
X1.1796 Y-4.0409
X1.1838 Y-4.0394
X1.1878 Y-4.0375
X1.1915 Y-4.0351
X1.1949 Y-4.0323
X1.1979 Y-4.0291
G3 X1.2069 Y-4.0047 I-0.0286 J0.0243 F300.
G1 X1.2051 Y-2.8824
G3 X1.193 Y-2.8549 I-0.0375 J-0.0001
X1.1645 Y-2.8451 I-0.0254 J-0.0276 F60.
G1 X0.9958 Y-2.8647
G3 X0.9211 Y-2.8893 I0.0253 J-0.2024
G1 X0.9 Y-2.9021
X0.8766 Y-2.9196
X0.8529 Y-2.9411
X0.828 Y-2.9684
X0.8022 Y-3.0027
X0.7791 Y-3.0406
X0.7592 Y-3.0803
G3 X0.7059 Y-3.2492 I0.7237 J-0.3211
X0.6813 Y-3.5582 I1.3459 J-0.2625
X0.724 Y-3.9099 I1.679 J0.0251
G1 X0.7359 Y-3.9527
X0.75 Y-3.9928
X0.7598 Y-4.0141
G3 X0.8239 Y-4.0533 I0.0613 J0.0283
G1 X0.9974 Y-4.0462
G3 X1.0239 Y-4.0321 I-0.0028 J0.0374
X1.032 Y-4.0089 I-0.0294 J0.0233 F300.
G1 X1.0363 Y-2.9022
G3 X1.0242 Y-2.8745 I-0.0375 J0.0001
X0.9958 Y-2.8647 I-0.0254 J-0.0276 F60.
G1 X0.9621 Y-2.8686
X0.9396 Y-2.8708
X0.9283 Y-2.8719
X0.8383 Y-2.8784
G3 X0.7663 Y-2.8987 I0.0164 J-0.1955
G1 X0.7444 Y-2.9107
X0.7218 Y-2.9261
X0.6977 Y-2.9461
X0.6721 Y-2.9718
X0.6462 Y-3.0035
X0.6214 Y-3.0403
X0.6 Y-3.0792
X0.5817 Y-3.1196
G3 X0.5325 Y-3.2898 I0.8007 J-0.3234
X0.5109 Y-3.599 I1.405 J-0.2534
X0.5479 Y-3.907 I1.6031 J0.0362
G1 X0.5593 Y-3.9499
X0.5732 Y-3.992
X0.5851 Y-4.019
G3 X0.6456 Y-4.0595 I0.0618 J0.027
G1 X0.6584 Y-4.0597
X0.6696 Y-4.0596
X0.8239 Y-4.0533
G3 X0.8504 Y-4.0392 I-0.0028 J0.0374
X0.8585 Y-4.0165 I-0.0294 J0.0233 F300.
G1 X0.8772 Y-2.9165
G3 X0.8663 Y-2.8894 I-0.0375 J0.0006
X0.8383 Y-2.8784 I-0.0266 J-0.0265 F60.
G1 X0.6696 Y-2.8905
G3 X0.6005 Y-2.911 I0.0199 J-0.1946
G1 X0.5792 Y-2.9226
X0.5554 Y-2.9388
X0.5311 Y-2.959
X0.5056 Y-2.9847
X0.4789 Y-3.0172
X0.4541 Y-3.054
X0.4326 Y-3.0928
G3 X0.3732 Y-3.2597 I0.6896 J-0.3396
X0.3395 Y-3.5677 I1.289 J-0.2969
X0.3761 Y-3.9201 I1.5565 J-0.0165
G1 X0.3877 Y-3.9629
X0.395 Y-3.984
G3 X0.4367 Y-4.026 I0.0639 J0.0218
X0.4896 Y-4.0432 I0.3436 J0.9669
G1 X0.5571 Y-4.0553
X0.5684 Y-4.0568
X0.5796 Y-4.0581
X0.6021 Y-4.0586
X0.6456 Y-4.0595
G3 X0.6729 Y-4.047 I-0.0006 J0.0375
X0.6825 Y-4.0229 I-0.0279 J0.025 F300.
G1 X0.7085 Y-2.9289
G3 X0.6976 Y-2.9016 I-0.0375 J0.0009
X0.6696 Y-2.8905 I-0.0266 J-0.0265 F60.
X0.5103 Y-2.9081 I0.0753 J-1.4154
G1 X0.5009 Y-2.9106
X0.4896 Y-2.9132
X0.4676 Y-2.9197
X0.443 Y-2.9283
X0.423 Y-2.9376
X0.4009 Y-2.9504
X0.378 Y-2.9668
X0.3532 Y-2.9885
X0.3275 Y-3.0156
X0.3013 Y-3.0492
X0.2774 Y-3.0866
X0.2567 Y-3.1259
G3 X0.1999 Y-3.2937 I0.7277 J-0.3398
X0.1687 Y-3.602 I1.3135 J-0.2891
X0.1863 Y-3.8376 I1.5648 J-0.0012
G1 X0.1898 Y-3.8507
X0.1958 Y-3.8627
X0.204 Y-3.8734
X0.2309 Y-3.9016
X0.2385 Y-3.9091
X0.2422 Y-3.9126
X0.2516 Y-3.9203
X0.2984 Y-3.9559
X0.3097 Y-3.9641
X0.3434 Y-3.9837
G3 X0.4366 Y-4.026 I0.2511 J0.4294
G1 X0.4409 Y-4.0271
X0.4453 Y-4.0276
X0.4497
X0.4541 Y-4.0271
X0.4584 Y-4.0261
X0.4626 Y-4.0246
X0.4665 Y-4.0226
G3 X0.4852 Y-3.9912 I-0.0188 J0.0325 F300.
G1 X0.5145 Y-2.9571
G3 X0.4973 Y-2.9245 I-0.0375 J0.0011
X0.477 Y-2.9186 I-0.0203 J-0.0315 F60.
G1 X0.4723 Y-2.9188
X0.4676 Y-2.9197
G3 X0.4109 Y-2.9383 I0.2032 J-0.7159
G1 X0.3547 Y-2.9651
X0.3434 Y-2.9706
G3 X0.2645 Y-3.0244 I0.556 J-0.8998
X0.1966 Y-3.0883 I1.2139 J-1.3576
X0.1371 Y-3.167 I1.207 J-0.9752
G1 X0.1068 Y-3.2233
X0.1007 Y-3.2345
G3 X0.0735 Y-3.3086 I0.7069 J-0.3021
G1 X0.0658 Y-3.3357
G3 X0.0508 Y-3.4144 I1.0785 J-0.2464
X0.0499 Y-3.5268 I0.9284 J-0.0637
G1 X0.0576 Y-3.5831
X0.0593 Y-3.5943
G3 X0.0949 Y-3.7068 I0.7692 J0.1812
G1 X0.1113 Y-3.7405
X0.1222 Y-3.7629
X0.1282 Y-3.7742
X0.1749 Y-3.8416
X0.1849 Y-3.8529
X0.1972 Y-3.8662
X0.204 Y-3.8734
G3 X0.2321 Y-3.8842 I0.0263 J0.0267
G1 X0.2363 Y-3.8837 F300.
X0.2405 Y-3.8828
X5.1216 Y-2.513
G3 X5.1452 Y-2.4932 I-0.0101 J0.0361
X5.1464 Y-2.4632 I-0.0337 J0.0164 F60.
G1 X5.0911 Y-2.3351
G2 X5.0367 Y-2.1665 I23.5601 J7.6881
G1 X5.02 Y-2.1253
X5.005 Y-2.0964
X4.9841 Y-2.064
X4.9566 Y-2.0292
X4.9259 Y-1.9971
X4.8929 Y-1.9675
G3 X4.7451 Y-1.8697 I-0.534 J-0.6472
X4.4115 Y-1.7545 I-0.5543 J-1.0641
G1 X4.4035 Y-1.7544
X4.3955 Y-1.7551
X4.359 Y-1.7604
X4.3507 Y-1.7617
G3 X4.2774 Y-1.7842 I1.1272 J-3.8118
X4.1678 Y-1.8362 I0.3975 J-0.978
G1 X4.0338 Y-1.9106
G3 X4.0164 Y-1.9352 I0.0194 J-0.0321
X4.0442 Y-1.9792 I0.0367 J-0.0076 F300.
G1 X4.9917 Y-2.2135
G3 X5.0329 Y-2.1963 I0.009 J0.0364
X5.0367 Y-2.1665 I-0.0322 J0.0192 F60.
G1 X5.0132 Y-2.099
X5.0114 Y-2.095
X4.9777 Y-2.0314
X4.971 Y-2.0203
G3 X4.9214 Y-1.9528 I-0.8392 J-0.5643
X4.8539 Y-1.8848 I-0.8377 J-0.7645
G1 X4.8427 Y-1.8765
X4.7864 Y-1.8361
X4.7752 Y-1.8293
X4.7414 Y-1.8121
X4.719 Y-1.8008
X4.708 Y-1.7955
G3 X4.5953 Y-1.7604 I-0.2708 J-0.6715
G1 X4.5335 Y-1.7505
G3 X4.4152 Y-1.752 I-0.0498 J-0.736
G1 X4.3955 Y-1.7551
G3 X4.3706 Y-1.7718 I0.0067 J-0.0369
X4.3648 Y-1.79 I0.0317 J-0.0201 F300.
G1 X4.2305 Y-4.3642
G3 X4.2345 Y-4.3832 I0.0374 J-0.002
X4.2578 Y-4.4022 I0.0334 J0.0171 F60.
G1 X4.3478 Y-4.4241
X4.3559 Y-4.4263
X4.3928 Y-4.4365
X4.5563 Y-4.4825
X4.5899 Y-4.4901
X4.6203 Y-4.494
X4.6556 Y-4.4952
X4.6977 Y-4.4926
X4.7415 Y-4.4857
X4.7846 Y-4.4751
G3 X4.9482 Y-4.4071 I-0.233 J0.7909
X5.2318 Y-4.1956 I-0.6105 J1.1146
X5.6957 Y-3.1333 I-1.0782 J1.1033
X5.6657 Y-3.0748 I-0.0673 J0.0025
G1 X5.6638 Y-3.0735
X5.6531 Y-3.0659
X5.5521 Y-2.9872
X5.526 Y-2.9647
X5.5001 Y-2.94
G3 X5.4715 Y-2.9307 I-0.0249 J-0.028
X5.4432 Y-2.9484 I0.0036 J-0.0373 F300.
G1 X4.5357 Y-4.4271
G3 X4.5337 Y-4.4626 I0.032 J-0.0196
X4.5563 Y-4.4825 I0.034 J0.0159 F60.
G1 X4.7527 Y-4.5376
X4.7977 Y-4.5496
X4.8273 Y-4.5559
X4.8538 Y-4.559
X4.8841 Y-4.5596
X4.9196 Y-4.5569
X4.9613 Y-4.5497
X5.0041 Y-4.538
X5.0458 Y-4.5228
G3 X5.2011 Y-4.4375 I-0.3212 J0.7687
X5.4623 Y-4.1987 I-0.7729 J1.1076
X5.8532 Y-3.3188 I-1.294 J1.1017
G1 X5.8588 Y-3.2747
X5.8615 Y-3.2369
G3 X5.8242 Y-3.1716 I-0.0673 J0.0049
G2 X5.7875 Y-3.152 I0.9102 J1.755
G1 X5.6863 Y-3.0883
X5.675 Y-3.081
X5.6657 Y-3.0748
G3 X5.636 Y-3.0706 I-0.0197 J-0.0319
X5.6138 Y-3.0875 I0.0101 J-0.0361 F300.
G1 X4.7764 Y-4.4945
G3 X4.7748 Y-4.5301 I0.0322 J-0.0192
X4.7977 Y-4.5496 I0.0337 J0.0164 F60.
G1 X4.9777 Y-4.5975
X4.9889 Y-4.6004
X5.0227 Y-4.6074
X5.0339 Y-4.6096
X5.06 Y-4.6135
X5.0861 Y-4.6148
X5.1163 Y-4.6135
X5.1506 Y-4.6087
X5.1907 Y-4.5992
X5.2327 Y-4.5848
X5.2733 Y-4.567
G3 X5.4224 Y-4.4713 I-0.3681 J0.7378
X5.6405 Y-4.251 I-0.8495 J1.0588
X5.9974 Y-3.4953 I-1.4387 J1.1416
G1 X6.0067 Y-3.452
X6.0145 Y-3.4083
X6.0209 Y-3.3644
X6.0243 Y-3.3203
X6.0241 Y-3.3064
G3 X5.9805 Y-3.2444 I-0.0675 J-0.0011
G2 X5.9113 Y-3.2149 I0.2028 J0.572
G1 X5.8242 Y-3.1716
G3 X5.8087 Y-3.1682 I-0.0155 J-0.0341
X5.7942 Y-3.1711 I0. J-0.0375
X5.776 Y-3.1874 I0.0145 J-0.0346 F300.
G1 X5.0098 Y-4.5548
G3 X5.0099 Y-4.5916 I0.0327 J-0.0183
X5.0339 Y-4.6096 I0.0326 J0.0184 F60.
G1 X5.2251 Y-4.6478
X5.2589 Y-4.6529
X5.2927 Y-4.6558
X5.3185 Y-4.6556
X5.348 Y-4.6525
X5.3816 Y-4.6457
X5.4206 Y-4.6339
X5.4616 Y-4.617
X5.501 Y-4.5967
G3 X5.6438 Y-4.4918 I-0.4128 J0.712
X5.8484 Y-4.2589 I-0.9466 J1.0373
X6.1568 Y-3.5755 I-1.6081 J1.1371
X6.1865 Y-3.4008 I-0.9638 J0.2535
G1 X6.1863 Y-3.3647
X6.1855 Y-3.3564
G3 X6.1357 Y-3.2977 I-0.0672 J-0.0065
G1 X6.1137 Y-3.2918
X6.0912 Y-3.2855
X6.08 Y-3.282
X5.9805 Y-3.2444
G3 X5.9506 Y-3.2469 I-0.012 J-0.0355
X5.9353 Y-3.2624 I0.0179 J-0.0329 F300.
G1 X5.2326 Y-4.5986
G3 X5.234 Y-4.636 I0.0332 J-0.0175
X5.2589 Y-4.6529 I0.0318 J0.0199 F60.
G1 X5.3151 Y-4.6605
X5.4613 Y-4.6802
X5.4726 Y-4.6814
X5.4951 Y-4.6837
X5.5243 Y-4.6845
X5.55 Y-4.6828
X5.579 Y-4.678
X5.612 Y-4.6693
X5.65 Y-4.6553
X5.69 Y-4.6361
X5.7282 Y-4.6135
G3 X5.8646 Y-4.5005 I-0.4566 J0.69
X6.0561 Y-4.2567 I-1.0385 J1.0131
X6.3282 Y-3.6046 I-1.759 J1.1167
G1 X6.337 Y-3.5611
X6.344 Y-3.5173
X6.3487 Y-3.4732
X6.3498 Y-3.4332
X6.3476 Y-3.3998
X6.3459 Y-3.3895
G3 X6.2901 Y-3.3338 I-0.0666 J-0.0109
G1 X6.2487 Y-3.327
X6.2375 Y-3.3244
X6.215 Y-3.3189
X6.1357 Y-3.2977
G3 X6.1062 Y-3.3033 I-0.0084 J-0.0365
X6.0935 Y-3.3181 I0.0211 J-0.031 F300.
G1 X5.4664 Y-4.6304
G3 X5.4694 Y-4.668 I0.0338 J-0.0162
X5.4951 Y-4.6837 I0.0308 J0.0215 F60.
G1 X5.5097 Y-4.6848
X5.6975 Y-4.6982
X5.72 Y-4.6995
X5.7482 Y-4.6997
X5.7725 Y-4.6975
X5.7994 Y-4.6925
X5.8306 Y-4.6836
X5.8661 Y-4.6697
X5.9057 Y-4.6496
X5.9432 Y-4.626
X5.9788 Y-4.5995
G3 X6.1047 Y-4.4747 I-0.5774 J0.7083
X6.2998 Y-4.179 I-1.2551 J1.0407
X6.488 Y-3.6823 I-1.9053 J1.0058
X6.5138 Y-3.5069 I-0.9964 J0.2364
G1 X6.5137 Y-3.4661
X6.5103 Y-3.4315
X6.5059 Y-3.4085
G3 X6.4437 Y-3.354 I-0.0663 J-0.0128
G2 X6.3724 Y-3.3472 I0.0259 J0.6494
G1 X6.2901 Y-3.3338
G3 X6.2613 Y-3.3422 I-0.0047 J-0.0372
X6.251 Y-3.356 I0.0241 J-0.0287 F300.
G1 X5.6891 Y-4.6472
G3 X5.6937 Y-4.685 I0.0344 J-0.015
X5.72 Y-4.6995 I0.0298 J0.0228 F60.
G1 X5.7313 Y-4.7001
X5.7425 Y-4.7004
X5.9562 Y-4.702
X5.9802 Y-4.701
X6.0037 Y-4.6978
X6.0306 Y-4.6914
X6.0605 Y-4.6812
X6.0947 Y-4.6659
X6.1332 Y-4.6439
X6.1695 Y-4.6184
X6.2037 Y-4.5901
G3 X6.3233 Y-4.4593 I-0.6176 J0.6846
X6.5046 Y-4.1549 I-1.3357 J1.0014
X6.6526 Y-3.7374 I-1.8895 J0.9048
X6.6786 Y-3.562 I-1.1002 J0.2532
G1 X6.6796 Y-3.5176
X6.6775 Y-3.476
X6.6725 Y-3.4418
X6.6652 Y-3.4119
X6.6625 Y-3.4044
G3 X6.5962 Y-3.3591 I-0.0637 J-0.0222
G1 X6.5749 Y-3.36
X6.5524
X6.5412 Y-3.3599
X6.4437 Y-3.354
G3 X6.4159 Y-3.3653 I-0.001 J-0.0375
X6.4077 Y-3.3781 I0.0269 J-0.0262 F300.
G1 X5.9228 Y-4.6512
G3 X5.9293 Y-4.6888 I0.035 J-0.0133
X5.9562 Y-4.702 I0.0286 J0.0243 F60.
G1 X5.9675 Y-4.7021
X5.9787 Y-4.7018
X6.0125 Y-4.7001
X6.1925 Y-4.6902
X6.2166 Y-4.6876
X6.2398 Y-4.6829
X6.2667 Y-4.6747
X6.2965 Y-4.6624
X6.3302 Y-4.6447
X6.3672 Y-4.6203
X6.4019 Y-4.5926
G3 X6.5208 Y-4.4612 I-0.5383 J0.6062
X6.6768 Y-4.1933 I-1.2486 J0.9063
X6.8211 Y-3.7746 I-1.8202 J0.8616
X6.8453 Y-3.5989 I-1.2051 J0.2558
G1 X6.8464 Y-3.5545
X6.8448 Y-3.5102
X6.8401 Y-3.4675
X6.8328 Y-3.4329
X6.8238 Y-3.4038
X6.8183 Y-3.3906
G3 X6.7467 Y-3.3498 I-0.0623 J-0.0261
G2 X6.6986 Y-3.3551 I-0.1114 J0.7901
G1 X6.5962 Y-3.3591
G3 X6.5696 Y-3.3732 I0.0028 J-0.0374
X6.5633 Y-3.385 I0.0293 J-0.0234 F300.
G1 X6.156 Y-4.6411
G3 X6.1647 Y-4.6787 I0.0357 J-0.0116
X6.1925 Y-4.6902 I0.027 J0.026 F60.
X6.2487 Y-4.6853 I-0.0444 J0.8418
G1 X6.4287 Y-4.664
X6.4534 Y-4.6598
X6.4766 Y-4.6535
X6.5033 Y-4.6435
X6.5328 Y-4.6291
X6.566 Y-4.6088
X6.6014 Y-4.5822
X6.6344 Y-4.5524
G3 X6.7456 Y-4.4145 I-0.5898 J0.5897
X6.9042 Y-4.0977 I-1.3684 J0.883
X7.006 Y-3.7125 I-1.592 J0.6265
X7.013 Y-3.5353 I-1.0238 J0.1295
G1 X7.0088 Y-3.4911
X7.0014 Y-3.4474
X6.992 Y-3.4122
X6.981 Y-3.3824
X6.9714 Y-3.3627
G3 X6.8947 Y-3.3265 I-0.0608 J-0.0294
G1 X6.8786 Y-3.3304
X6.8673 Y-3.3328
X6.8336 Y-3.3377
X6.7467 Y-3.3498
G3 X6.7216 Y-3.3665 I0.0065 J-0.0369
X6.7169 Y-3.3772 I0.0315 J-0.0203 F300.
G1 X6.3893 Y-4.617
G3 X6.4002 Y-4.6542 I0.0363 J-0.0096
X6.4287 Y-4.664 I0.0253 J0.0277 F60.
X6.4849 Y-4.6561 I-0.0861 J0.827
G1 X6.6649 Y-4.6232
X6.69 Y-4.6173
X6.7132 Y-4.6095
X6.7396 Y-4.5976
X6.7689 Y-4.581
X6.8014 Y-4.5582
X6.8351 Y-4.5294
X6.8662 Y-4.4977
G3 X6.9696 Y-4.3538 I-0.6399 J0.5686
X7.1234 Y-3.9863 I-1.4081 J0.8052
X7.1829 Y-3.6372 I-1.3855 J0.4159
G1 X7.1831 Y-3.5929
X7.1815 Y-3.5485
X7.1776 Y-3.5043
X7.171 Y-3.4604
X7.1614 Y-3.4171
X7.1499 Y-3.3805
X7.1372 Y-3.3505
X7.1231 Y-3.3244
X7.119 Y-3.3182
G3 X7.0488 Y-3.2897 I-0.0561 J-0.0375
G1 X7.0361 Y-3.2925
X7.0023 Y-3.3003
X6.8947 Y-3.3265
G3 X6.8714 Y-3.3456 I0.0101 J-0.0361
X6.8681 Y-3.3552 I0.0334 J-0.0171 F300.
G1 X6.6227 Y-4.5787
G3 X6.6359 Y-4.6153 I0.0368 J-0.0074
X6.6649 Y-4.6232 I0.0235 J0.0292 F60.
X6.7211 Y-4.6123 I-0.3246 J1.816
G1 X6.9011 Y-4.5674
X6.9264 Y-4.5597
X6.9493 Y-4.5503
X6.9753 Y-4.5366
X7.0041 Y-4.5177
X7.0358 Y-4.4924
X7.0677 Y-4.4615
X7.0968 Y-4.428
G3 X7.1915 Y-4.2783 I-0.6806 J0.5355
X7.3515 Y-3.6823 I-1.3928 J0.6933
X7.34 Y-3.4611 I-1.0352 J0.0574
G1 X7.3309 Y-3.4177
X7.3191 Y-3.3749
X7.3049 Y-3.3362
X7.2936 Y-3.3127
G3 X7.2401 Y-3.2748 I-0.0609 J-0.0292
X7.1711 Y-3.2731 I-0.0423 J-0.3186
X7.1036 Y-3.278 I0.0221 J-0.7652
G1 X7.0488 Y-3.2897
G3 X7.025 Y-3.3081 I0.0091 J-0.0364
X7.0208 Y-3.321 I0.0329 J-0.018 F300.
G1 X6.8561 Y-4.5256
G3 X6.8717 Y-4.5613 I0.0372 J-0.0051
X6.9011 Y-4.5674 I0.0216 J0.0306 F60.
G1 X6.9348 Y-4.559
X6.9461 Y-4.556
X6.9573 Y-4.553
X7.1373 Y-4.4959
X7.1607 Y-4.4871
X7.1832 Y-4.4762
X7.2086 Y-4.4607
X7.2365 Y-4.4398
X7.2668 Y-4.4123
X7.2966 Y-4.3794
X7.3236 Y-4.3442
G3 X7.4088 Y-4.1888 I-0.7065 J0.4885
X7.5224 Y-3.5829 I-1.3324 J0.5634
X7.4994 Y-3.4071 I-1.0389 J-0.0465
G1 X7.4923 Y-3.3803
G3 X7.455 Y-3.3361 I-0.0653 J-0.0172
G1 X7.4049 Y-3.3132
G3 X7.351 Y-3.2956 I-0.1326 J-0.3146
G1 X7.3285 Y-3.2893
X7.3173 Y-3.2864
X7.2948 Y-3.2809
X7.2833 Y-3.2795
X7.2401 Y-3.2748
G3 X7.2117 Y-3.2847 I-0.0028 J-0.0374
X7.2 Y-3.3086 I0.0256 J-0.0274 F300.
G1 X7.0899 Y-4.4562
G3 X7.1075 Y-4.4917 I0.0373 J-0.0036
X7.1373 Y-4.4959 I0.0197 J0.0319 F60.
G1 X7.1598 Y-4.4887
X7.1823 Y-4.4813
X7.1935 Y-4.4776
X7.3623 Y-4.4121
X7.3912 Y-4.3992
X7.413 Y-4.3869
X7.4373 Y-4.3698
X7.4637 Y-4.3473
X7.4921 Y-4.3181
X7.5198 Y-4.2835
X7.5444 Y-4.2466
G3 X7.6191 Y-4.0859 I-0.719 J0.4319
X7.6919 Y-3.5755 I-1.2957 J0.4451
G1 X7.6906 Y-3.565
X7.6877 Y-3.5548
X7.6832 Y-3.5452
X7.6772 Y-3.5346
X7.6719 Y-3.5268
X7.621 Y-3.4618
G3 X7.5311 Y-3.3827 I-0.5923 J-0.5821
G1 X7.486 Y-3.3529
X7.4747 Y-3.3462
X7.4635 Y-3.34
X7.455 Y-3.3361
G3 X7.425 Y-3.3367 I-0.0144 J-0.0346
X7.4033 Y-3.3674 I0.0157 J-0.0341 F300.
G1 X7.3126 Y-4.3733
G3 X7.3323 Y-4.4098 I0.0373 J-0.0034
X7.3623 Y-4.4121 I0.0176 J0.0331 F60.
G1 X7.396 Y-4.399
X7.4185 Y-4.39
X7.4298 Y-4.3843
X7.486 Y-4.3549
X7.4991 Y-4.3476
X7.5085 Y-4.3413
X7.5647 Y-4.2993
X7.5751 Y-4.2913
G3 X7.6482 Y-4.2127 I-0.7867 J0.8049
G1 X7.6797 Y-4.1677
X7.6868 Y-4.1564
X7.6937 Y-4.1452
X7.6997 Y-4.1345
X7.7272 Y-4.0777
X7.7324 Y-4.0665
G3 X7.761 Y-3.9653 I-0.8849 J0.3052
G1 X7.7628 Y-3.9541
X7.7703 Y-3.8978
X7.7715 Y-3.8866
G3 X7.7673 Y-3.7794 I-1.0189 J0.014
G1 X7.7557 Y-3.718
X7.7532 Y-3.7067
G3 X7.7166 Y-3.6055 I-0.9357 J-0.2806
G1 X7.6855 Y-3.5493
X7.6832 Y-3.5452
X7.6809 Y-3.5424 Z0.3546
X7.6786 Y-3.5396 Z0.3552
X7.6763 Y-3.5369 Z0.3563
X7.6731 Y-3.5347 Z0.3581
X7.67 Y-3.5327 Z0.3604
X7.6673 Y-3.5309 Z0.3632
X7.6648 Y-3.53 Z0.3663
X7.6626 Y-3.5293 Z0.3696
X7.6609 Y-3.5287 Z0.3733
X7.6596 Y-3.5283 Z0.3772
X7.6588 Y-3.5281 Z0.3812
X7.6586 Y-3.528 Z0.3852
G0 Z0.6903
X7.2065 Y-1.6773
Z0.5903
G3 X7.4519 Y-1.6664 Z0.5667 I0.1168 J0.1394 F40.
X7.4624 Y-1.4215 Z0.5431 I-0.1284 J0.1282
X7.2199 Y-1.3897 Z0.5195 I-0.1386 J-0.1165
X7.1672 Y-1.628 Z0.4959 I0.1037 J-0.1479
X7.3995 Y-1.7011 Z0.4723 I0.156 J0.0902
X7.4923 Y-1.4766 Z0.4487 I-0.0761 J0.1629
X7.2773 Y-1.3648 Z0.4251 I-0.1685 J-0.0614
X7.1475 Y-1.5687 Z0.4015 I0.0464 J-0.1728
X7.3389 Y-1.7156 Z0.3779 I0.1758 J0.031
X7.5015 Y-1.5381 Z0.3543 I-0.0155 J0.1775
X7.1452 I-0.1781 J0.
X7.5014 Y-1.5435 I0.1781 J0.
G1 X7.5015 Y-1.5381
X7.5016 Y-1.527 F60.
X7.5036 Y-1.5161
X7.5186 Y-1.4743
G3 X7.529 Y-1.4025 I-0.0985 J0.0509
X7.4856 Y-1.3138 I-0.1696 J-0.028
X7.3974 Y-1.2533 I-0.1669 J-0.1488
X7.2475 Y-1.2416 I-0.0948 J-0.248
X7.1016 Y-1.3193 I0.0587 J-0.2861
X7.0093 Y-1.5282 I0.2144 J-0.2195
X7.2378 Y-1.8414 I0.3133 J-0.0114
X7.5819 Y-1.7185 I0.0858 J0.303
G1 X7.6056 Y-1.6809
X7.627 Y-1.6421
X7.6459 Y-1.6019
X7.6602 Y-1.5634
X7.67 Y-1.5268
X7.6758 Y-1.4919
X7.6782 Y-1.458
X7.6773 Y-1.4247
G3 X7.6432 Y-1.2978 I-0.346 J-0.0252
G1 X7.627 Y-1.2684
X7.608 Y-1.2403
X7.586 Y-1.2137
X7.5613 Y-1.189
X7.5339 Y-1.1665
X7.5041 Y-1.1464
X7.4721 Y-1.1289
X7.438 Y-1.1143
X7.4021 Y-1.1029
X7.3647 Y-1.0948
X7.3262 Y-1.0902
X7.2867 Y-1.0893
X7.2469 Y-1.0922
X7.207 Y-1.0989
X7.1675 Y-1.1096
X7.1288 Y-1.124
X7.0913 Y-1.1423
X7.0555 Y-1.1641
X7.0216 Y-1.1895
X6.9901 Y-1.2182
X6.9614 Y-1.2499
X6.9356 Y-1.2843
X6.9131 Y-1.3212
X6.8942 Y-1.3603
X6.879 Y-1.401
X6.8677 Y-1.4432
X6.8605 Y-1.4864
X6.8574 Y-1.5301
X6.8584 Y-1.5741
X6.8637 Y-1.6178
X6.8731 Y-1.6609
X6.8865 Y-1.7029
X6.9039 Y-1.7435
X6.9251 Y-1.7824
X6.95 Y-1.819
X6.9782 Y-1.8532
X7.0095 Y-1.8845
X7.0438 Y-1.9128
X7.0805 Y-1.9376
X7.1195 Y-1.9589
X7.1602 Y-1.9764
X7.2025 Y-1.9899
X7.2459 Y-1.9993
X7.2899 Y-2.0046
X7.3343 Y-2.0057
X7.3785 Y-2.0026
X7.4223 Y-1.9953
X7.4652 Y-1.9839
X7.5068 Y-1.9684
X7.5467 Y-1.9491
X7.5847 Y-1.9261
X7.6203 Y-1.8996
X7.6533 Y-1.87
X7.6838 Y-1.8378
G3 X7.781 Y-1.6899 I-0.482 J0.4228
G1 X7.7983 Y-1.649
X7.8125 Y-1.607
X7.8232 Y-1.5639
X7.8303 Y-1.5201
X7.8339 Y-1.4759
X7.8336 Y-1.4315
X7.8296 Y-1.3873
X7.8219 Y-1.3436
X7.8104 Y-1.3008
X7.7952 Y-1.2591
X7.7766 Y-1.2188
X7.7545 Y-1.1803
X7.7292 Y-1.1439
X7.7008 Y-1.1098
X7.6696 Y-1.0782
X7.6359 Y-1.0493
X7.5999 Y-1.0234
X7.5619 Y-1.0004
X7.5222 Y-0.9806
X7.481 Y-0.9642
X7.4386 Y-0.9512
X7.3952 Y-0.9417
X7.3513 Y-0.9355
X7.307 Y-0.9327
X7.2626 Y-0.9334
X7.2185 Y-0.9377
X7.1748 Y-0.9452
X7.1317 Y-0.9561
X7.0896 Y-0.9701
X7.0487 Y-0.9873
X7.0092 Y-1.0075
X6.9714 Y-1.0306
X6.9352 Y-1.0564
X6.9011 Y-1.0848
X6.8693 Y-1.1157
X6.8398 Y-1.1488
X6.8126 Y-1.184
X6.7882 Y-1.221
G3 X6.7189 Y-1.3838 I0.5324 J-0.3225
X6.6988 Y-1.5596 I0.6068 J-0.1585
X6.7292 Y-1.7339 I0.6297 J0.0198
X6.8073 Y-1.8926 I0.6004 J0.1971
X6.9269 Y-2.0231 I0.5219 J0.3585
G1 X6.9623 Y-2.0499
X6.9994 Y-2.0742
X7.0381 Y-2.0959
X7.0783 Y-2.1147
X7.1197 Y-2.1306
X7.1622 Y-2.1435
X7.2054 Y-2.1535
X7.2492 Y-2.1604
X7.2935 Y-2.164
X7.3378 Y-2.1645
X7.3821 Y-2.162
X7.4261 Y-2.1563
X7.4696 Y-2.1475
X7.5124 Y-2.1356
X7.5542 Y-2.1208
X7.5949 Y-2.103
X7.6341 Y-2.0823
X7.6719 Y-2.059
G3 X7.8056 Y-1.943 I-0.387 J0.5812
X7.973 Y-1.6338 I-0.5497 J0.4975
X7.9954 Y-1.4581 I-0.6905 J0.1771
X7.9724 Y-1.2826 I-0.6952 J-0.0018
X7.8814 Y-1.0812 I-0.6583 J-0.1761
X7.695 Y-0.8935 I-0.5737 J-0.3833
X7.4949 Y-0.7996 I-0.3938 J-0.5792
X7.1005 Y-0.7966 I-0.2025 J-0.7004
X6.7292 Y-1.0279 I0.1973 J-0.7303
X6.5391 Y-1.4688 I0.5813 J-0.5121
X6.9606 Y-2.2393 I0.7823 J-0.0726
G1 X7.0005 Y-2.2587
X7.0415 Y-2.2758
X7.0833 Y-2.2905
G3 X7.7255 Y-2.2181 I0.2403 J0.7535
X8.0122 Y-1.9451 I-0.4441 J0.7533
X8.1598 Y-1.4419 I-0.7303 J0.4875
X8.0594 Y-1.0591 I-0.8502 J-0.0184
X7.5581 Y-0.6467 I-0.7553 J-0.4074
X7.0334 Y-0.6439 I-0.2669 J-0.8513
X6.4715 Y-1.1156 I0.2658 J-0.8873
G1 X6.4522 Y-1.1556
G3 X6.7212 Y-2.2796 I0.8671 J-0.3867
X7.4257 Y-2.4884 I0.6021 J0.7387
X7.8777 Y-2.3181 I-0.1047 J0.963
X8.3266 Y-1.4905 I-0.6009 J0.8615
X8.2053 Y-0.9782 I-1.0203 J0.029
X7.6022 Y-0.4854 I-0.9027 J-0.4894
X6.8244 Y-0.5458 I-0.3122 J-1.0181
X6.5039 Y-0.7803 I0.4688 J-0.9774
X6.3086 Y-2.0181 I0.8096 J-0.762
X6.7492 Y-2.5038 I1.0108 J0.4742
X7.8915 Y-2.5084 I0.575 J0.9668
X8.3694 Y-1.9973 I-0.6021 J1.042
G1 X8.3886 Y-1.9573
X8.4061 Y-1.9165
G3 X8.3884 Y-0.9673 I-1.1063 J0.4541
X7.6733 Y-0.3309 I-1.085 J-0.4993
G1 X7.6648 Y-0.3303
X7.6563
X7.3173 Y-0.3536
X7.306 Y-0.3543
X7.2835 Y-0.3555
X7.2723 Y-0.356
X6.9461 Y-0.3669
X6.9019 Y-0.3706
X6.858 Y-0.3771
X6.8148 Y-0.3873
G3 X6.6511 Y-0.4551 I0.2145 J-0.7495
X6.404 Y-0.6416 I0.528 J-0.9564
X6.0343 Y-1.4741 I0.895 J-0.8958
X6.0868 Y-1.9125 I1.2698 J-0.0703
X6.2199 Y-2.211 I1.2207 J0.3652
G1 X6.2262 Y-2.2195
X6.2337 Y-2.2271
X6.2423 Y-2.2333
G2 X6.296 Y-2.2677 I-0.5393 J-0.9012
G1 X6.5524 Y-2.4396
X6.5636 Y-2.4478
X6.8231 Y-2.6387
X6.8336 Y-2.6466
X6.8936 Y-2.6949
X6.9295 Y-2.7209
X6.9654 Y-2.7436
X7.005 Y-2.7636
X7.0461 Y-2.7803
G3 X7.2187 Y-2.8203 I0.2652 J0.7517
X7.572 Y-2.8065 I0.1331 J1.1239
X7.9985 Y-2.6428 I-0.2411 J1.2657
G1 X8.0084 Y-2.6355
X8.0167 Y-2.6265
X8.0234 Y-2.6162
X8.0642 Y-2.5375
X8.0703 Y-2.5262
X8.0833 Y-2.5038
X8.0904 Y-2.4925
X8.1496 Y-2.4017
X8.1569 Y-2.3913
X8.1721 Y-2.37
X8.173 Y-2.3688
X8.2509 Y-2.2723
X8.2547 Y-2.2677
X8.2642 Y-2.2564
X8.2734 Y-2.2469
X8.3638 Y-2.1552
X8.3757 Y-2.144
X8.3858 Y-2.1352
X8.4421 Y-2.0886
X8.4714 Y-2.0617
X8.4992 Y-2.0308
X8.5257 Y-1.9952
X8.549 Y-1.9574
G3 X8.6171 Y-1.7939 I-0.6933 J0.3848
X8.6635 Y-1.3991 I-1.1483 J0.3352
X8.0852 Y-0.3487 I-1.3494 J-0.0585
G1 X8.0486 Y-0.3236
X8.0244 Y-0.3083
G3 X7.9814 Y-0.2983 I-0.0359 J-0.0571
G1 X7.7222 Y-0.3252
G2 X7.6563 Y-0.3303 I-0.2034 J2.2065
G3 X7.6302 Y-0.3451 I0.0039 J-0.0373
X7.626 Y-0.383 I0.03 J-0.0225 F300.
G1 X8.385 Y-2.0742
G3 X8.4129 Y-2.0959 I0.0342 J0.0154
X8.4421 Y-2.0886 I0.0062 J0.037 F60.
G1 X8.4758 Y-2.0606
X8.4839 Y-2.054
X8.4983 Y-2.0425
X8.5208 Y-2.0273
X8.6108 Y-1.9668
X8.6333 Y-1.9532
X8.6531 Y-1.9399
X8.6727 Y-1.9238
X8.693 Y-1.9036
X8.7147 Y-1.8774
X8.7373 Y-1.8443
X8.7587 Y-1.8054
X8.7765 Y-1.7648
G3 X8.8206 Y-1.5932 I-0.7279 J0.2785
X8.8192 Y-1.2394 I-1.2382 J0.1721
X8.2879 Y-0.2884 I-1.498 J-0.213
X8.2393 Y-0.2732 I-0.0423 J-0.05
G1 X8.1159 Y-0.2843
X7.9814 Y-0.2983
G3 X7.9558 Y-0.314 I0.0052 J-0.0371
X7.9517 Y-0.3492 I0.0308 J-0.0214 F300.
G1 X8.5802 Y-1.9343
G3 X8.6034 Y-1.9561 I0.0349 J0.0138
X8.6333 Y-1.9532 I0.0117 J0.0356 F60.
G1 X8.6446 Y-1.9465
X8.7377 Y-1.8966
G2 X8.7836 Y-1.8741 I0.2501 J-0.4512
G3 X8.8601 Y-1.8235 I-0.0864 J0.2138
G1 X8.88 Y-1.8021
X8.9006 Y-1.7751
X8.9212 Y-1.7421
X8.941 Y-1.7024
X8.9571 Y-1.6611
X8.97 Y-1.6186
G3 X8.9963 Y-1.4434 I-0.8413 J0.2159
X8.9659 Y-1.0907 I-1.3293 J0.0631
X8.5303 Y-0.279 I-1.6299 J-0.352
X8.4807 Y-0.2589 I-0.0474 J-0.0457
X8.3521 Y-0.2631 I0.049 J-3.528
G1 X8.2393 Y-0.2732
G3 X8.2134 Y-0.2886 I0.0047 J-0.0372
X8.2085 Y-0.3226 I0.0305 J-0.0218 F300.
G1 X8.735 Y-1.8512
G3 X8.7536 Y-1.8725 I0.0355 J0.0122
X8.7836 Y-1.8742 I0.0169 J0.0335 F60.
G1 X8.9033 Y-1.8247
X8.9145 Y-1.8208
X8.937 Y-1.8135
X8.9483 Y-1.8102
G3 X9.0077 Y-1.7765 I-0.0637 J0.1819
G1 X9.0266 Y-1.76
X9.0464 Y-1.7389
X9.0669 Y-1.7122
X9.0872 Y-1.6802
X9.1072 Y-1.6406
X9.1234 Y-1.5993
X9.1362 Y-1.5568
G3 X9.1614 Y-1.3814 I-0.8111 J0.2061
X9.1364 Y-1.0725 I-1.3114 J0.0494
X8.8901 Y-0.4584 I-1.7338 J-0.3389
X8.7582 Y-0.276 I-1.3425 J-0.8319
X8.7156 Y-0.2592 I-0.0462 J-0.0549
G1 X8.6333 Y-0.2562
X8.6221 Y-0.2559
X8.5996 Y-0.256
X8.5883
X8.4807 Y-0.2589
G3 X8.4539 Y-0.2726 I0.0023 J-0.0374
X8.4472 Y-0.3074 I0.029 J-0.0237 F300.
G1 X8.9029 Y-1.7849
G3 X8.9186 Y-1.8055 I0.0358 J0.0111
X8.9483 Y-1.8102 I0.0202 J0.0316 F60.
G1 X9.0382 Y-1.7832
G2 X9.0832 Y-1.7716 I0.1226 J-0.3834
G3 X9.1499 Y-1.7442 I-0.0349 J0.1801
G1 X9.1689 Y-1.7307
X9.1883 Y-1.7138
X9.209 Y-1.6919
X9.2294 Y-1.6658
X9.2502 Y-1.6332
X9.2704 Y-1.5937
X9.2868 Y-1.5525
X9.2999 Y-1.5101
G3 X9.3257 Y-1.3349 I-0.7936 J0.2068
X9.3013 Y-1.0259 I-1.3265 J0.0503
X9.1066 Y-0.4854 I-1.8189 J-0.3499
X8.9881 Y-0.2931 I-1.4916 J-0.7863
X8.946 Y-0.2731 I-0.0502 J-0.0514
G1 X8.8695 Y-0.2655
X8.8583 Y-0.2646
X8.8245 Y-0.2632
X8.7156 Y-0.2592
G3 X8.688 Y-0.2712 I-0.0001 J-0.0375
X8.6791 Y-0.3059 I0.0275 J-0.0255 F300.
G1 X9.041 Y-1.7437
G3 X9.0542 Y-1.764 I0.0364 J0.0092
X9.0832 Y-1.7716 I0.0232 J0.0294 F60.
G1 X9.207 Y-1.7477
X9.2295 Y-1.7445
G3 X9.3106 Y-1.7125 I-0.0257 J0.1844
G1 X9.3302 Y-1.6982
X9.3512 Y-1.6795
X9.3726 Y-1.6562
X9.3941 Y-1.6281
X9.4158 Y-1.5931
X9.4355 Y-1.5534
X9.4516 Y-1.5121
X9.4645 Y-1.4696
G3 X9.4905 Y-1.2943 I-0.8085 J0.2093
X9.4675 Y-0.9853 I-1.352 J0.0549
X9.2997 Y-0.4817 I-1.8978 J-0.3526
X9.2203 Y-0.3329 I-1.6706 J-0.796
X9.1729 Y-0.3001 I-0.0583 J-0.0337
X9.0945 Y-0.2879 I-0.4529 J-2.6426
G1 X8.946 Y-0.2731
G3 X8.9178 Y-0.2834 I-0.0024 J-0.0374
X8.9068 Y-0.318 I0.0258 J-0.0272 F300.
G1 X9.1899 Y-1.7145
G3 X9.2011 Y-1.7345 I0.0368 J0.0075
X9.2295 Y-1.7445 I0.0256 J0.0274 F60.
G1 X9.2407 Y-1.7432
X9.3644 Y-1.7319
X9.3706 Y-1.7317
G3 X9.4509 Y-1.7064 I-0.013 J0.1817
G1 X9.4715 Y-1.6936
X9.4928 Y-1.6772
X9.5154 Y-1.656
X9.5377 Y-1.6307
X9.5607 Y-1.599
X9.5832 Y-1.5608
X9.6021 Y-1.5206
X9.6176 Y-1.4791
G3 X9.6527 Y-1.3054 I-0.7473 J0.2415
X9.6423 Y-0.9957 I-1.2898 J0.1114
X9.5106 Y-0.5271 I-1.9126 J-0.2845
X9.4416 Y-0.3756 I-1.7804 J-0.719
X9.3963 Y-0.3398 I-0.0604 J-0.0299
G1 X9.3704 Y-0.3339
X9.3419 Y-0.3281
X9.3307 Y-0.326
X9.1729 Y-0.3001
G3 X9.144 Y-0.3086 I-0.0048 J-0.0372
X9.131 Y-0.3429 I0.0241 J-0.0288 F300.
G1 X9.3335 Y-1.6997
G3 X9.3431 Y-1.7197 I0.0371 J0.0055
X9.3706 Y-1.7317 I0.0275 J0.0255 F60.
G1 X9.3757 Y-1.7315
X9.3982 Y-1.7309
X9.5107 Y-1.7319
G3 X9.5748 Y-1.7186 I-0.0027 J0.175
G1 X9.5941 Y-1.71
X9.6161 Y-1.6975
X9.638 Y-1.6822
X9.6618 Y-1.6618
X9.6857 Y-1.6371
X9.7099 Y-1.6067
X9.7342 Y-1.5695
X9.7548 Y-1.5302
X9.7722 Y-1.4894
G3 X9.8147 Y-1.3174 I-0.7262 J0.2707
X9.8157 Y-1.0076 I-1.2527 J0.159
X9.7154 Y-0.5764 I-1.8984 J-0.2143
X9.6588 Y-0.4299 I-1.8076 J-0.6145
X9.6159 Y-0.3919 I-0.0621 J-0.0268
X9.5666 Y-0.3789 I-0.2901 J-0.9987
G1 X9.3963 Y-0.3398
G3 X9.3669 Y-0.3464 I-0.0071 J-0.0368
X9.3518 Y-0.3801 I0.0222 J-0.0302 F300.
G1 X9.475 Y-1.6979
G3 X9.4837 Y-1.7187 I0.0373 J0.0035
X9.5107 Y-1.7319 I0.0286 J0.0242 F60.
G2 X9.5669 Y-1.7356 I0.0007 J-0.4214
G1 X9.6344 Y-1.7429
G3 X9.7234 Y-1.73 I0.0189 J0.1832
G1 X9.7442 Y-1.7208
X9.7678 Y-1.7076
X9.7912 Y-1.6913
X9.8164 Y-1.67
X9.8426 Y-1.6432
X9.8685 Y-1.611
X9.893 Y-1.5739
X9.914 Y-1.5349
X9.932 Y-1.4943
G3 X9.9782 Y-1.3233 I-0.7539 J0.2956
X9.9875 Y-1.0136 I-1.2527 J0.1928
X9.8997 Y-0.5796 I-1.9266 J-0.1641
G1 X9.8862 Y-0.5373
X9.8726 Y-0.498
G3 X9.8302 Y-0.4561 I-0.0638 J-0.0221
G1 X9.8144 Y-0.4509
X9.8031 Y-0.4474
X9.6159 Y-0.3919
G3 X9.5863 Y-0.3966 I-0.0094 J-0.0363
X9.569 Y-0.4292 I0.0203 J-0.0316 F300.
G1 X9.6023 Y-1.7067
G3 X9.6089 Y-1.727 I0.0375 J0.001
X9.6344 Y-1.7429 I0.0309 J0.0212 F60.
G1 X9.6794 Y-1.7478
X9.6906 Y-1.7491
X9.6987 Y-1.7505
X9.7356 Y-1.7583
X9.7694 Y-1.7654
G3 X9.8479 Y-1.7605 I0.0286 J0.1712
G1 X9.8694 Y-1.7535
X9.8927 Y-1.7433
X9.9172 Y-1.7297
X9.9429 Y-1.7121
X9.9704 Y-1.689
X9.9979 Y-1.6612
X10.0259 Y-1.6267
X10.0505 Y-1.5898
X10.072 Y-1.551
G3 X10.1317 Y-1.3843 I-0.6843 J0.3393
X10.1617 Y-1.1203 I-1.1271 J0.2614
X10.108 Y-0.681 I-1.8048 J0.0024
G1 X10.0976 Y-0.6378
X10.0861 Y-0.595
X10.0806 Y-0.5764
G3 X10.0391 Y-0.5322 I-0.0647 J-0.0192
G1 X9.8481 Y-0.4622
X9.8321 Y-0.4568
X9.8302 Y-0.4561
G3 X9.8004 Y-0.4599 I-0.0106 J-0.036
X9.7821 Y-0.4909 I0.0192 J-0.0322 F300.
G1 X9.741 Y-1.7278
G3 X9.7456 Y-1.7471 I0.0375 J-0.0012
X9.7694 Y-1.7654 I0.0329 J0.018 F60.
G1 X9.8369 Y-1.7798
G2 X9.8899 Y-1.7955 I-0.1181 J-0.4964
G3 X9.9693 Y-1.7993 I0.0477 J0.1616
G1 X9.9913 Y-1.7946
X10.014 Y-1.7873
X10.0394 Y-1.7763
X10.0651 Y-1.7622
X10.0935 Y-1.7429
X10.1224 Y-1.7189
X10.1521 Y-1.6891
X10.1803 Y-1.6548
X10.2054 Y-1.6182
X10.2276 Y-1.5798
G3 X10.2918 Y-1.4147 I-0.7027 J0.3682
X10.3316 Y-1.1075 I-1.1836 J0.3097
X10.2831 Y-0.6675 I-1.8716 J0.0163
X10.2449 Y-0.6213 I-0.0639 J-0.0139
G1 X10.0843 Y-0.5506
X10.0618 Y-0.541
X10.0502 Y-0.5363
X10.0391 Y-0.5322
G3 X10.0092 Y-0.5351 I-0.0117 J-0.0356
X9.9901 Y-0.5639 I0.0182 J-0.0328 F300.
G1 X9.8652 Y-1.7563
G3 X9.868 Y-1.7748 I0.0373 J-0.0039
X9.8899 Y-1.7955 I0.0345 J0.0147 F60.
G1 X9.9831 Y-1.8253
X9.9943 Y-1.8293
X10.0168 Y-1.8382
G3 X10.0917 Y-1.8467 I0.0558 J0.1562
G1 X10.1136 Y-1.8437
X10.1367 Y-1.8382
X10.1625 Y-1.8294
X10.1894 Y-1.8172
X10.2182 Y-1.8007
X10.2491 Y-1.7788
X10.2809 Y-1.7515
X10.3116 Y-1.7194
X10.3394 Y-1.6848
X10.3643 Y-1.6481
G3 X10.4396 Y-1.4878 I-0.663 J0.4094
X10.4948 Y-1.2279 I-1.0844 J0.3661
X10.4814 Y-0.7856 I-1.7486 J0.1683
G1 X10.4791 Y-0.7696
G3 X10.4435 Y-0.7207 I-0.0666 J-0.0111
G1 X10.298 Y-0.6455
X10.2868 Y-0.6397
X10.2755 Y-0.6347
X10.2449 Y-0.6212
G3 X10.2149 Y-0.6222 I-0.0139 J-0.0348
X10.1941 Y-0.6497 I0.0161 J-0.0338 F300.
G1 X9.9952 Y-1.7976
G3 X9.9966 Y-1.8159 I0.0369 J-0.0064
X10.0168 Y-1.8382 I0.0355 J0.012 F60.
X10.1405 Y-1.8915 I6.3221 J14.4897
X10.2239 Y-1.9027 I0.065 J0.1683
G1 X10.2462 Y-1.9
X10.2723 Y-1.8941
X10.2986 Y-1.8855
X10.3283 Y-1.8726
X10.3593 Y-1.8553
X10.3917 Y-1.8331
X10.4258 Y-1.8046
X10.457 Y-1.7731
X10.4855 Y-1.7391
G3 X10.5752 Y-1.5864 I-0.5825 J0.4451
X10.651 Y-1.3318 I-1.0079 J0.4385
X10.671 Y-0.9339 I-1.623 J0.281
G1 X10.6681 Y-0.8897
X10.6671 Y-0.8808
G3 X10.6347 Y-0.8302 I-0.0671 J-0.0073
G1 X10.5342 Y-0.7699
X10.523 Y-0.7632
X10.4893 Y-0.7444
X10.4435 Y-0.7207
G3 X10.4135 Y-0.7198 I-0.0161 J-0.0339
X10.391 Y-0.7456 I0.014 J-0.0348 F300.
G1 X10.1199 Y-1.8486
G3 X10.1207 Y-1.869 I0.0364 J-0.009
X10.1406 Y-1.8915 I0.0357 J0.0115 F60.
G1 X10.1527 Y-1.8966
X10.1631 Y-1.9008
X10.2193 Y-1.9233
G3 X10.3205 Y-1.9471 I0.2392 J0.7921
G1 X10.3318 Y-1.9489
X10.3671 Y-1.9493
X10.3882 Y-1.9475
X10.4131 Y-1.943
X10.4387 Y-1.9358
X10.4678 Y-1.9245
X10.4984 Y-1.9092
X10.531 Y-1.8887
X10.5659 Y-1.8619
X10.5984 Y-1.8317
X10.6282 Y-1.7988
G3 X10.7237 Y-1.6497 I-0.5646 J0.467
X10.8098 Y-1.3984 I-1.003 J0.484
X10.8469 Y-1.0207 I-1.5942 J0.3472
X10.8285 Y-0.9747 I-0.066 J0.0002
G1 X10.8042 Y-0.9491
G3 X10.707 Y-0.8735 I-0.582 J-0.6477
G1 X10.6347 Y-0.8302
G3 X10.6048 Y-0.8274 I-0.0182 J-0.0328
X10.5802 Y-0.8538 I0.0118 J-0.0356 F300.
G1 X10.3123 Y-1.9031
G3 X10.3188 Y-1.9351 I0.0363 J-0.0093
X10.345 Y-1.9497 I0.0298 J0.0227 F60.
G1 X10.3993 Y-1.953
G3 X10.5189 Y-1.9418 I-0.0145 J0.799
G1 X10.5792 Y-1.9257
G3 X10.6916 Y-1.8766 I-0.2198 J0.6567
G1 X10.703 Y-1.8695
X10.713 Y-1.8629
G3 X10.7776 Y-1.815 I-0.6223 J0.9059
X10.8946 Y-1.6663 I-0.3531 J0.3984
X10.9765 Y-1.4658 I-0.7688 J0.4309
G1 X10.9774 Y-1.4641
X10.9778 Y-1.4623
X10.9782 Y-1.4604
X10.9787 Y-1.4582
X10.9808 Y-1.4469
G3 X10.9846 Y-1.3345 I-0.9401 J0.0886
G1 X10.9776 Y-1.2783
G3 X10.9587 Y-1.1996 I-0.4856 J-0.0746
G1 X10.9504 Y-1.1722
X10.9485 Y-1.1659
X10.9439 Y-1.1546
X10.9167 Y-1.0969
X10.9119 Y-1.0872
X10.9057 Y-1.0759
X10.8672 Y-1.0197
X10.8589 Y-1.0085
X10.8499 Y-0.9972
X10.8285 Y-0.9747
G3 X10.8004 Y-0.964 I-0.0263 J-0.0268
X10.7651 Y-0.9966 I0.0018 J-0.0375 F300.
G1 X10.6565 Y-1.8259
G3 X10.6832 Y-1.8668 I0.0372 J-0.0049
X10.713 Y-1.8629 I0.0105 J0.036 F60.
X10.7706 Y-1.8229 I-0.2793 J0.4629
G1 X10.8042 Y-1.7921
X10.8267 Y-1.7715
X10.8351 Y-1.7617
X10.8829 Y-1.7019
X10.8882 Y-1.6943
X10.9167 Y-1.6441
G3 X10.9209 Y-1.6268 I-0.0332 J0.0174
G1 Y-1.6267
G3 X10.9187 Y-1.6141 I-0.0375 J0.
X10.8942 Y-1.5908 I-0.0353 J-0.0126 F300.
G1 X7.0828 Y-0.4913
G2 X7.0268 Y-0.4463 I0.0293 J0.094
G1 X7.0017 Y-0.4014
G3 X6.9758 Y-0.3745 I-0.0557 J-0.0279
X6.9554 Y-0.3676 I-0.0297 J-0.0547 F60.
G1 X6.9461 Y-0.3669
X6.9011 Y-0.3684
X6.8786 Y-0.3691
X6.8673
X6.6311 Y-0.3688
X6.5948 Y-0.3706
X6.5635 Y-0.3751
X6.5275 Y-0.3838
X6.4865 Y-0.3981
X6.4462 Y-0.4165
X6.4074 Y-0.4382
G3 X6.2677 Y-0.5471 I0.4369 J-0.7048
X6.0512 Y-0.8269 I0.8515 J-0.8825
X5.9307 Y-1.9846 I1.254 J-0.7157
G1 X5.9445 Y-2.0268
X5.9484 Y-2.0375
G3 X5.9784 Y-2.0728 I0.0633 J0.0234
G1 X5.9849 Y-2.0765
X6.0237 Y-2.1001
X6.2423 Y-2.2333
G3 X6.2723 Y-2.2363 I0.0184 J0.0327
X6.2975 Y-2.2082 I-0.0115 J0.0357 F300.
G1 X6.6665 Y-0.4138
G3 X6.6582 Y-0.3818 I-0.0367 J0.0076
X6.6311 Y-0.3688 I-0.0284 J-0.0244 F60.
G1 X6.4849 Y-0.3686
X6.4737 Y-0.3685
X6.4399 Y-0.3676
X6.3837 Y-0.3655
X6.3611 Y-0.3658
X6.3366 Y-0.3685
X6.3083 Y-0.3744
X6.2759 Y-0.3844
X6.2396 Y-0.3995
X6.2005 Y-0.4203
X6.1633 Y-0.4446
G3 X6.0331 Y-0.5647 I0.4579 J-0.6275
X5.8413 Y-0.862 I0.9571 J-0.8278
X5.7131 Y-1.8145 I1.4469 J-0.6797
G1 X5.7208 Y-1.8582
X5.73 Y-1.9017
X5.7324 Y-1.9117
G3 X5.7654 Y-1.955 I0.0656 J0.0158
G1 X5.9452 Y-2.054
X5.9562 Y-2.0602
X5.9784 Y-2.0728
G3 X6.0084 Y-2.0749 I0.0174 J0.0332
X6.0323 Y-2.0482 I-0.0126 J0.0353 F300.
G1 X6.4175 Y-0.4115
G3 X6.4103 Y-0.3795 I-0.0365 J0.0086
X6.3837 Y-0.3655 I-0.0293 J-0.0234 F60.
G1 X6.17 Y-0.3577
X6.1466 Y-0.3581
X6.124 Y-0.3605
X6.0982 Y-0.3659
X6.0688 Y-0.3749
X6.0366 Y-0.3883
X6.0002 Y-0.4077
X5.9632 Y-0.4322
X5.9284 Y-0.4598
G3 X5.8085 Y-0.5902 I0.5333 J-0.6104
X5.6556 Y-0.8598 I1.0476 J-0.7724
X5.5185 Y-1.5955 I1.5916 J-0.6773
X5.5366 Y-1.8038 I1.6506 J0.0385
X5.5734 Y-1.8549 I0.0668 J0.0094
G1 X5.6525 Y-1.8941
X5.6795 Y-1.9079
X5.6863 Y-1.9114
X5.7654 Y-1.955
G3 X5.7954 Y-1.9567 I0.0169 J0.0335
X5.8187 Y-1.9307 I-0.0131 J0.0352 F300.
G1 X6.2037 Y-0.4043
G3 X6.1966 Y-0.3717 I-0.0364 J0.0092
X6.17 Y-0.3577 I-0.0293 J-0.0234 F60.
G2 X5.9787 Y-0.3482 I0.0767 J3.4665
G3 X5.8839 Y-0.3602 I-0.0175 J-0.2425
G1 X5.8543 Y-0.3713
X5.8213 Y-0.3874
X5.785 Y-0.4097
X5.7495 Y-0.4363
X5.7164 Y-0.4659
G3 X5.6039 Y-0.6027 I0.5791 J-0.591
X5.4486 Y-0.9209 I1.1692 J-0.7675
X5.352 Y-1.712 I1.7863 J-0.6195
X5.3889 Y-1.7635 I0.0669 J0.009
G1 X5.5734 Y-1.8549
G3 X5.6035 Y-1.8553 I0.0155 J0.0342
X5.6251 Y-1.8304 I-0.0146 J0.0345 F300.
G1 X6.011 Y-0.3952
G3 X6.0048 Y-0.3631 I-0.0362 J0.0097
X5.9787 Y-0.3482 I-0.0301 J-0.0224 F60.
G1 X5.7875 Y-0.3345
G3 X5.6957 Y-0.3463 I-0.0161 J-0.2371
G1 X5.6675 Y-0.3569
X5.6359 Y-0.3723
X5.6009 Y-0.3937
X5.5654 Y-0.4204
X5.5325 Y-0.4501
G3 X5.4215 Y-0.5882 I0.56 J-0.5632
X5.2862 Y-0.867 I1.148 J-0.7297
X5.1722 Y-1.4751 I1.8528 J-0.662
X5.1738 Y-1.6292 I1.2761 J-0.0639
X5.2139 Y-1.6849 I0.0683 J0.0069
G1 X5.3488 Y-1.7446
X5.3616 Y-1.7505
X5.3826 Y-1.7603
X5.3889 Y-1.7635
G3 X5.419 Y-1.7638 I0.0155 J0.0342
X5.4405 Y-1.7394 I-0.0146 J0.0345 F300.
G1 X5.8197 Y-0.3819
G3 X5.8136 Y-0.3494 I-0.0361 J0.0101
X5.7875 Y-0.3345 I-0.0301 J-0.0224 F60.
G1 X5.6638 Y-0.3256
X5.6413 Y-0.324
X5.6281 Y-0.3227
X5.6076 Y-0.3205
G3 X5.5218 Y-0.3284 I-0.0228 J-0.2206
G1 X5.4948 Y-0.3375
X5.4652 Y-0.3507
X5.433 Y-0.3689
X5.3971 Y-0.3939
X5.3634 Y-0.4227
X5.332 Y-0.4541
G3 X5.227 Y-0.5968 I0.6244 J-0.5691
X5.1007 Y-0.8799 I1.2196 J-0.7138
X4.9978 Y-1.5124 I1.9699 J-0.6453
G1 X4.9984 Y-1.5235
X4.9988 Y-1.529
X5.0003 Y-1.5516
G3 X5.0431 Y-1.6098 I0.0673 J0.0046
G1 X5.0451 Y-1.6107
X5.0569 Y-1.6156
X5.0827 Y-1.6268
X5.2139 Y-1.6849
G3 X5.244 Y-1.684 I0.014 J0.0348
X5.2639 Y-1.6605 I-0.0161 J0.0339 F300.
G1 X5.6383 Y-0.368
G3 X5.6331 Y-0.3363 I-0.036 J0.0104
X5.6076 Y-0.3205 I-0.0308 J-0.0213 F60.
G1 X5.4276 Y-0.3012
G3 X5.3435 Y-0.3095 I-0.021 J-0.2188
G1 X5.3172 Y-0.3183
X5.2875 Y-0.3315
X5.2554 Y-0.3497
X5.2202 Y-0.3743
X5.1864 Y-0.403
X5.1551 Y-0.4345
G3 X5.0508 Y-0.5777 I0.6132 J-0.5559
X4.9264 Y-0.8616 I1.2258 J-0.7062
X4.8264 Y-1.4279 I2.0131 J-0.6475
X4.8282 Y-1.4667 I1.198 J0.0343
X4.8406 Y-1.5197 I0.0688 J-0.0118
G1 X4.849 Y-1.529
X4.859 Y-1.5366
X4.8702 Y-1.5422
G3 X4.9001 Y-1.54 I0.0124 J0.0354
X4.9166 Y-1.5225 I-0.0175 J0.0331 F300.
G1 X5.4563 Y-0.3541
G3 X5.4531 Y-0.317 I-0.034 J0.0157
X5.4276 Y-0.3012 I-0.0308 J-0.0213 F60.
G1 X5.2476 Y-0.282
G3 X5.1665 Y-0.2903 I-0.0191 J-0.2146
G1 X5.1405 Y-0.299
X5.111 Y-0.3121
X5.0793 Y-0.33
X5.0446 Y-0.3542
X5.0108 Y-0.383
X4.9795 Y-0.4144
G3 X4.8757 Y-0.558 I0.6069 J-0.5483
X4.7526 Y-0.8425 I1.2267 J-0.6993
X4.6563 Y-1.3648 I1.9997 J-0.6387
G1 X4.6569 Y-1.387
X4.6574 Y-1.3981
X4.6564 Y-1.4062
G3 X4.7017 Y-1.4779 I0.067 J-0.0078
X4.7315 Y-1.4743 I0.0109 J0.0359
X4.7465 Y-1.458 I-0.019 J0.0324 F300.
G1 X5.2762 Y-0.3351
G3 X5.2732 Y-0.2978 I-0.0339 J0.016
X5.2476 Y-0.282 I-0.0309 J-0.0213 F60.
G1 X5.2364 Y-0.2808
X5.2026 Y-0.2763
X5.0789 Y-0.2586
G3 X5.0035 Y-0.2641 I-0.0233 J-0.2034
G1 X4.9774 Y-0.2718
X4.9495 Y-0.2831
X4.9187 Y-0.2991
X4.8847 Y-0.3211
X4.8499 Y-0.3487
X4.8177 Y-0.3792
G3 X4.711 Y-0.5206 I0.5567 J-0.5309
X4.5852 Y-0.8039 I1.1862 J-0.6963
X4.4886 Y-1.2812 I1.9629 J-0.6456
G1 X4.4872 Y-1.3255
X4.489 Y-1.3639
G3 X4.5343 Y-1.4207 I0.0673 J0.0073
X4.5642 Y-1.4171 I0.0109 J0.0359
X4.579 Y-1.4011 I-0.019 J0.0324 F300.
G1 X5.1061 Y-0.3119
G3 X5.1039 Y-0.2753 I-0.0338 J0.0163
X5.0789 Y-0.2586 I-0.0316 J-0.0202 F60.
G1 X4.9102 Y-0.2346
G3 X4.8307 Y-0.2399 I-0.0261 J-0.2083
G1 X4.8055 Y-0.2474
X4.7767 Y-0.259
X4.7459 Y-0.275
X4.7123 Y-0.2968
X4.6775 Y-0.3243
X4.6453 Y-0.3549
X4.6156 Y-0.3878
G3 X4.5167 Y-0.5348 I0.6786 J-0.5631
X4.3996 Y-0.822 I1.32 J-0.7055
X4.3215 Y-1.2129 I1.8905 J-0.5813
G1 X4.3196 Y-1.2573
X4.3206 Y-1.2981
X4.322 Y-1.3098
G3 X4.37 Y-1.3664 I0.067 J0.0081
G1 X4.404 Y-1.3764
X4.4139 Y-1.3795
X4.4377 Y-1.3876
G3 X4.4676 Y-1.3841 I0.0109 J0.0359
X4.4832 Y-1.3663 I-0.019 J0.0324 F300.
G1 X4.9382 Y-0.2861
G3 X4.9352 Y-0.2513 I-0.0346 J0.0146
X4.9102 Y-0.2346 I-0.0316 J-0.0202 F60.
G2 X4.7527 Y-0.2098 I0.3761 J2.9017
G3 X4.6696 Y-0.2112 I-0.038 J-0.2078
G1 X4.6444 Y-0.2178
X4.617 Y-0.2277
X4.5871 Y-0.242
X4.554 Y-0.2618
X4.5182 Y-0.2882
X4.4852 Y-0.3177
X4.4545 Y-0.3498
G3 X4.3529 Y-0.495 I0.6301 J-0.5492
X4.2326 Y-0.7807 I1.2812 J-0.7075
X4.1573 Y-1.1271 I1.7963 J-0.572
G1 X4.1536 Y-1.1713
X4.1524 Y-1.2157
X4.1545 Y-1.2542
X4.1559 Y-1.2629
G3 X4.2036 Y-1.3174 I0.0667 J0.0102
G1 X4.37 Y-1.3664
G3 X4.3997 Y-1.3615 I0.0093 J0.0363
X4.4148 Y-1.342 I-0.0203 J0.0315 F300.
G1 X4.7804 Y-0.2585
G3 X4.7771 Y-0.2274 I-0.0355 J0.012
X4.7527 Y-0.2098 I-0.0323 J-0.0191 F60.
G1 X4.584 Y-0.1797
G3 X4.5012 Y-0.1815 I-0.0369 J-0.2091
G1 X4.4764 Y-0.1879
X4.4481 Y-0.1982
X4.4179 Y-0.2126
X4.3848 Y-0.2325
X4.3491 Y-0.2588
X4.316 Y-0.2883
X4.2853 Y-0.3204
G3 X4.1833 Y-0.4653 I0.637 J-0.557
X4.0622 Y-0.7507 I1.2737 J-0.7086
X3.9883 Y-1.0972 I1.6328 J-0.5295
G1 X3.9858 Y-1.1415
X3.986 Y-1.185
X3.9888 Y-1.2124
G3 X4.0398 Y-1.2712 I0.0672 J0.0068
G1 X4.0778 Y-1.2806
X4.0891 Y-1.2838
X4.2036 Y-1.3174
G3 X4.2332 Y-1.3126 I0.0093 J0.0363
X4.2484 Y-1.2932 I-0.0203 J0.0315 F300.
G1 X4.6116 Y-0.2285
G3 X4.6084 Y-0.1973 I-0.0355 J0.0121
X4.584 Y-0.1797 I-0.0323 J-0.0191 F60.
G1 X4.4377 Y-0.1536
X4.4265 Y-0.1515
X4.4153 Y-0.1494
G3 X4.3361 Y-0.1505 I-0.0368 J-0.2026
G1 X4.3113 Y-0.1566
X4.2831 Y-0.1665
X4.2533 Y-0.1802
X4.2201 Y-0.1995
X4.1841 Y-0.2254
X4.1506 Y-0.2545
X4.1196 Y-0.2863
G3 X4.0164 Y-0.4303 I0.6205 J-0.5541
X3.8936 Y-0.7149 I1.2533 J-0.7093
X3.8205 Y-1.0616 I1.5057 J-0.4985
G1 X3.8188 Y-1.1059
X3.82 Y-1.1472
X3.8232 Y-1.173
G3 X3.874 Y-1.2302 I0.067 J0.0083
G1 X4.0398 Y-1.2712
G3 X4.0692 Y-1.2651 I0.0077 J0.0367
X4.083 Y-1.2467 I-0.0217 J0.0306 F300.
G1 X4.4424 Y-0.1981
G3 X4.4394 Y-0.1672 I-0.0355 J0.0122
X4.4153 Y-0.1494 I-0.0325 J-0.0187 F60.
G1 X4.404 Y-0.1472
X4.3928 Y-0.1449
X4.2578 Y-0.1159
G3 X4.1769 Y-0.1148 I-0.0433 J-0.2035
G1 X4.1519 Y-0.1204
X4.1241 Y-0.1294
X4.0943 Y-0.1423
X4.0611 Y-0.1607
X4.025 Y-0.1854
X3.9909 Y-0.2138
X3.9593 Y-0.2449
G3 X3.8538 Y-0.3873 I0.5946 J-0.5509
X3.7279 Y-0.6705 I1.2144 J-0.7094
X3.6538 Y-1.0169 I1.4444 J-0.49
G1 X3.6521 Y-1.0612
X3.6532 Y-1.1035
X3.6563 Y-1.129
G3 X3.7034 Y-1.1853 I0.067 J0.0081
X3.8079 Y-1.2138 I0.3631 J1.1272
G1 X3.874 Y-1.2302
G3 X3.9034 Y-1.2241 I0.0077 J0.0367
X3.9171 Y-1.206 I-0.0217 J0.0306 F300.
G1 X4.284 Y-0.1648
G3 X4.2815 Y-0.1343 I-0.0354 J0.0125
X4.2578 Y-0.1159 I-0.0329 J-0.018 F60.
G1 X4.0891 Y-0.0797
G3 X4.0109 Y-0.0793 I-0.0402 J-0.201
G1 X3.9862 Y-0.0847
X3.9578 Y-0.094
X3.9277 Y-0.107
X3.8945 Y-0.1254
X3.858 Y-0.1503
X3.8239 Y-0.1788
X3.7923 Y-0.2098
G3 X3.6863 Y-0.3518 I0.6022 J-0.5601
X3.5595 Y-0.6347 I1.1962 J-0.7059
X3.4866 Y-0.9812 I1.3851 J-0.4724
G1 X3.4854 Y-1.0256
G3 X3.4963 Y-1.0672 I0.073 J-0.0031
G1 X3.5035 Y-1.0766
X3.5122 Y-1.0845
X3.5305 Y-1.0984
G3 X3.6392 Y-1.1615 I0.3136 J0.4154
G1 X3.6729 Y-1.1758
X3.6767 Y-1.1771
X3.7034 Y-1.1853
G3 X3.7331 Y-1.1809 I0.0098 J0.0362
X3.7485 Y-1.1617 I-0.0199 J0.0318 F300.
G1 X4.1152 Y-0.1286
G3 X4.1128 Y-0.0981 I-0.0353 J0.0125
X4.0891 Y-0.0797 I-0.0329 J-0.018 F60.
X3.9204 Y-0.0494 I-0.3595 J-1.5186
G1 X3.8978 Y-0.0489
X3.8866 Y-0.0486
X3.8753 Y-0.0487
G3 X3.7993 Y-0.0615 I0.0052 J-0.2626
G1 X3.7713 Y-0.072
X3.7399 Y-0.0873
X3.7053 Y-0.1084
X3.6698 Y-0.1351
X3.6369 Y-0.1648
X3.6063 Y-0.1969
G3 X3.5042 Y-0.3417 I0.6548 J-0.5703
X3.3583 Y-0.7122 I1.286 J-0.7202
G1 X3.3478 Y-0.7553
X3.3389 Y-0.7988
X3.335 Y-0.8209
X3.334 Y-0.8342
X3.3356 Y-0.8473
X3.3398 Y-0.86
G3 X3.3898 Y-0.9524 I0.7513 J0.3464
G1 X3.4235 Y-0.9972
X3.4367 Y-1.0143
X3.4418 Y-1.0197
X3.4929 Y-1.0695
X3.5009 Y-1.0759
X3.5122 Y-1.0845
G3 X3.5417 Y-1.0906 I0.0217 J0.0306
X3.5693 Y-1.0664 I-0.0078 J0.0367 F300.
G1 X3.9097 Y-0.0986
G3 X3.9025 Y-0.0615 I-0.0354 J0.0124
X3.8753 Y-0.0487 I-0.0282 J-0.0247 F60.
G1 X3.8528 Y-0.0489
X3.8191 Y-0.0502
X3.8079 Y-0.0518
X3.7516 Y-0.0612
X3.7404 Y-0.0635
G3 X3.6383 Y-0.0978 I0.2038 J-0.775
G1 X3.6279 Y-0.1031
X3.5716 Y-0.1324
X3.5604 Y-0.1394
G3 X3.4928 Y-0.1897 I2.0861 J-2.8749
X3.4253 Y-0.2594 I0.8567 J-0.8987
G1 X3.4199 Y-0.2665
X3.3879 Y-0.3114
G3 X3.3264 Y-0.435 I0.5236 J-0.3377
G1 X3.309 Y-0.4913
G3 X3.2929 Y-0.615 I0.7305 J-0.1579
G1 X3.2938 Y-0.6712
G3 X3.3131 Y-0.7836 I0.8456 J0.0869
G1 X3.3206 Y-0.8061
X3.3359 Y-0.8511
X3.3398 Y-0.86
G3 X3.3627 Y-0.8794 I0.0337 J0.0164
X3.3845 I0.0108 J0.0359 F300.
G2 X3.8654 Y-0.7772 I0.8244 J-2.6973
X3.8871 Y-0.7811 I0.0046 J-0.0372
G1 X6.6702 Y-2.2124
G2 X6.6859 Y-2.2278 I-0.0172 J-0.0333
X6.879 Y-2.6681 I-2.477 J-1.3489
G1 X6.8825 Y-2.6784 F60.
G3 X6.8936 Y-2.6949 I0.0355 J0.0119
G1 X7.0891 Y-2.8523
G3 X7.1709 Y-2.911 I0.9976 J1.3047
G1 X7.1823 Y-2.9173
X7.2385 Y-2.9459
X7.2498 Y-2.9512
G3 X7.3398 Y-2.9801 I0.6069 J1.7371
G1 X7.351 Y-2.982
X7.4073 Y-2.9912
X7.4185 Y-2.9923
X7.441 Y-2.9936
G3 X7.6775 Y-2.9576 I-0.0774 J1.3031
G1 X7.6885 Y-2.9534
X7.6997 Y-2.949
X7.7335 Y-2.9326
X7.7672 Y-2.9157
G3 X7.8461 Y-2.8604 I-0.8034 J1.2302
G1 X7.8909 Y-2.8176
G3 X7.9201 Y-2.7848 I-0.1274 J0.1428
G1 X7.9549 Y-2.7398
G3 X7.9812 Y-2.6949 I-0.3939 J0.2606
X8.0234 Y-2.6162 I-2.1823 J1.2196
X8.0243 Y-2.5861 I-0.0339 J0.0161
X7.9678 Y-2.5695 I-0.0348 J-0.014 F300.
G1 X7.4656 Y-2.9262
G3 X7.4589 Y-2.9812 I0.0217 J-0.0306
X7.486 Y-2.9942 I0.0284 J0.0245 F60.
G1 X7.5085 Y-2.9938
X7.5197 Y-2.9935
X7.531 Y-2.9919
X7.5872 Y-2.9837
G3 X7.6775 Y-2.9574 I-0.1649 J0.7343
G1 X7.6815 Y-2.9555
X7.6852 Y-2.9532
X7.6887 Y-2.9504
X7.6918 Y-2.9473
X7.6945 Y-2.9438
X7.6967 Y-2.94
X7.6986 Y-2.936
X7.7002 Y-2.9317 Z0.3546
X7.7018 Y-2.9276 Z0.3554
X7.7033 Y-2.9235 Z0.3568
X7.7048 Y-2.9197 Z0.3586
X7.7062 Y-2.9161 Z0.361
X7.7075 Y-2.9127 Z0.3638
X7.7086 Y-2.9097 Z0.367
X7.7096 Y-2.9071 Z0.3705
X7.7104 Y-2.905 Z0.3744
X7.7111 Y-2.9032 Z0.3785
X7.7116 Y-2.902 Z0.3829
X7.7119 Y-2.9012 Z0.3873
X7.712 Y-2.9009 Z0.3918
G0 Z1.0903
(ADAPTIVE1 3)
G0 X3.6742 Y-3.3636
Z1.0903
Z0.5333
G3 X3.6518 Y-3.0977 Z0.5072 I-0.1362 J0.1224 F40.
X3.3884 Y-3.1362 Z0.481 I-0.1136 J-0.1431
X3.4427 Y-3.3961 Z0.4549 I0.1494 J-0.1044
X3.6982 Y-3.3262 Z0.4287 I0.0949 J0.1551
X3.6131 Y-3.0761 Z0.4026 I-0.1602 J0.085
X3.3693 Y-3.176 Z0.3764 I-0.0749 J-0.1646
X3.4836 Y-3.4127 Z0.3503 I0.1685 J-0.0646
X3.7123 Y-3.2845 Z0.3241 I0.054 J0.1717
X3.5707 Y-3.0646 Z0.298 I-0.1742 J0.0434
X3.3604 Y-3.2189 Z0.2718 I-0.0326 J-0.1761
X3.5268 Y-3.4189 Z0.2457 I0.1773 J-0.0217
X3.7158 Y-3.2411 Z0.2195 I0.0109 J0.1778
X3.3595 I-0.1781 J0.
X3.7155 Y-3.2518 I0.1781 J0.
G1 X3.7158 Y-3.2411
X3.716 Y-3.23 F60.
X3.7207 Y-3.1859
G3 X3.7131 Y-3.1129 I-0.1017 J0.0263
X3.6258 Y-3.0249 I-0.1596 J-0.0711
X3.3991 Y-3.0445 I-0.0967 J-0.2014
X3.4663 Y-3.472 I0.137 J-0.1975
X3.7559 Y-3.3456 I0.0719 J0.23
X3.7927 Y-3.2373 I-0.3467 J0.1784
X3.6469 Y-2.9619 I-0.2503 J0.0437
X3.5004 Y-2.9365 I-0.1189 J-0.2505
X3.2264 Y-3.2579 I0.03 J-0.3031
X3.4411 Y-3.538 I0.3091 J0.0146
G1 X3.4489 Y-3.5393
X3.4826 Y-3.5453
X3.5154 Y-3.5495
G3 X3.7744 Y-3.4445 I0.0278 J0.3034
X3.8704 Y-3.1854 I-0.2763 J0.2497
X3.8592 Y-3.1304 I-0.1486 J-0.0015
G1 X3.8509 Y-3.115
X3.8406 Y-3.1009
X3.8283 Y-3.0885
X3.7974 Y-3.0614
X3.7749 Y-3.0414
X3.7637 Y-3.03
X3.7075 Y-2.9657
X3.6962 Y-2.9529
X3.687 Y-2.9418
G3 X3.593 Y-2.8944 I-0.099 J-0.0796
G1 X3.5755 Y-2.8954
X3.5583 Y-2.8988
X3.5418 Y-2.9046
G3 X3.5222 Y-2.9274 I0.0162 J-0.0338
X3.5491 Y-2.9749 I0.0358 J-0.0111 F300.
G1 X3.6467 Y-2.9988
G3 X3.6921 Y-2.9714 I0.0089 J0.0364
G1 X3.6929 Y-2.9669 F60.
X3.6932 Y-2.9624
G3 X3.687 Y-2.9418 I-0.0375 J0.
G1 X3.671 Y-2.9193
X3.6627 Y-2.9081
X3.6597 Y-2.9052
X3.6569 Y-2.903
G3 X3.6119 Y-2.8834 I-0.157 J-0.2985
X3.5854 Y-2.8856 I-0.0103 J-0.036
G1 X3.4824 Y-2.9305
X3.4714 Y-2.9352
X3.4549 Y-2.9418
X3.2915 Y-3.0055
G3 X3.2051 Y-3.0814 I0.082 J-0.1803
X3.1551 Y-3.2542 I0.2544 J-0.1673
X3.2221 Y-3.4651 I0.3631 J-0.0007
X3.3034 Y-3.5148 I0.0985 J0.0697
G2 X3.4489 Y-3.5393 I-0.4204 J-2.9364
G1 X3.4524 Y-3.5396
X3.4548 Y-3.5397
X3.4599 Y-3.5398
X3.4638 Y-3.5403
X3.4683 Y-3.5411
X3.4721 Y-3.542
X3.477 Y-3.5436
X3.4797 Y-3.5446
X3.4826 Y-3.5453
X3.6258 Y-3.5709
G3 X3.7388 Y-3.5508 I0.0231 J0.1979
X3.8602 Y-3.4523 I-0.1388 J0.2952
X3.9437 Y-3.2521 I-0.3152 J0.2489
X3.891 Y-3.1389 I-0.1206 J0.0127
G2 X3.8283 Y-3.0884 I0.2986 J0.435
G1 X3.8247 Y-3.0859
X3.8209 Y-3.0837
X3.8168 Y-3.082
X3.8125 Y-3.0809
X3.8082 Y-3.0802
X3.8038 Y-3.08
X3.7994 Y-3.0804
G3 X3.7699 Y-3.1033 I0.0052 J-0.0371 F300.
G1 X3.599 Y-3.52
G3 X3.6014 Y-3.5533 I0.0347 J-0.0142
X3.6258 Y-3.5709 I0.0323 J0.0191 F60.
G1 X3.7136 Y-3.5865
G3 X3.8168 Y-3.5679 I0.0211 J0.1775
X3.9198 Y-3.4894 I-0.1284 J0.2753
X4.0095 Y-3.3156 I-0.2904 J0.2599
X4.0009 Y-3.232 I-0.1266 J0.0293
X3.9565 Y-3.1825 I-0.1103 J-0.0541
G1 X3.9548 Y-3.1814
X3.8985 Y-3.144
X3.891 Y-3.139
G3 X3.8613 Y-3.1346 I-0.0199 J-0.0318
X3.8363 Y-3.157 I0.0099 J-0.0362 F300.
G1 X3.6866 Y-3.5361
G3 X3.6892 Y-3.569 I0.0349 J-0.0138
X3.7136 Y-3.5865 I0.0323 J0.0191 F60.
G1 X3.7412 Y-3.5915
X3.7637 Y-3.5956
X3.7862 Y-3.6004
G3 X3.8862 Y-3.5871 I0.0295 J0.1617
X4.0009 Y-3.4996 I-0.1189 J0.2748
X4.0738 Y-3.3612 I-0.2576 J0.2241
X4.079 Y-3.3 I-0.1853 J0.0465
X4.0188 Y-3.2172 I-0.1086 J-0.0157
G2 X3.9566 Y-3.1824 I0.1599 J0.3588
G1 X3.9526 Y-3.1804
X3.9485 Y-3.1789
X3.9442 Y-3.1779
X3.9398 Y-3.1774
X3.9354
X3.931 Y-3.1779
X3.9267 Y-3.179
G3 X3.9029 Y-3.2007 I0.0109 J-0.0359 F300.
G1 X3.7605 Y-3.5498
G3 X3.7624 Y-3.582 I0.0347 J-0.0142
X3.7862 Y-3.6004 I0.0329 J0.018 F60.
G1 X3.8649 Y-3.6172
G3 X3.9621 Y-3.6036 I0.027 J0.1612
X4.0727 Y-3.5198 I-0.114 J0.2655
X4.1452 Y-3.3629 I-0.2312 J0.202
G1 X4.146 Y-3.3489
G3 X4.0841 Y-3.2489 I-0.1076 J0.0025
G1 X4.0785 Y-3.2463
X4.0188 Y-3.2172
G3 X3.9888 Y-3.217 I-0.0153 J-0.0342
X3.9686 Y-3.2378 I0.0148 J-0.0345 F300.
G1 X3.8391 Y-3.5671
G3 X3.8411 Y-3.5988 I0.0349 J-0.0137
X3.8649 Y-3.6172 I0.0329 J0.018 F60.
G1 X3.9436 Y-3.634
G3 X4.0366 Y-3.6203 I0.024 J0.16
X4.0948 Y-3.5771 I-0.0431 J0.119
G1 X4.0971 Y-3.5733
X4.0989 Y-3.5692
X4.1002 Y-3.565
X4.101 Y-3.5607
X4.1013 Y-3.5563
X4.1011 Y-3.5519
X4.1003 Y-3.5475
G3 X4.0506 Y-3.5209 I-0.0365 J-0.0085 F300.
G1 X3.9395 Y-3.5625
G3 X3.9198 Y-3.6156 I0.0132 J-0.0351
X3.9436 Y-3.634 I0.0329 J0.018 F60.
G1 X3.9885 Y-3.6436
X3.9998 Y-3.6459
X4.0054 Y-3.6463
X4.011 Y-3.6458
X4.0335 Y-3.6417
G3 X4.0596 Y-3.627 I-0.0044 J0.0382
G2 X4.1087 Y-3.5595 I0.7306 J-0.4798
G1 X4.1347 Y-3.5328
G3 X4.1969 Y-3.4331 I-0.202 J0.1954
X4.2088 Y-3.3709 I-0.2117 J0.0726
X4.1358 Y-3.2688 I-0.1065 J0.001
G2 X4.0841 Y-3.249 I0.1456 J0.4573
G1 X4.08 Y-3.2475
X4.0757 Y-3.2465
X4.0713 Y-3.246
X4.0669
X4.0625 Y-3.2466
X4.0582 Y-3.2476
X4.0541 Y-3.2492
G3 X4.0325 Y-3.2899 I0.0153 J-0.0342 F300.
G1 X4.0717 Y-3.5123
G3 X4.1065 Y-3.5433 I0.0369 J0.0065
X4.1347 Y-3.5328 I0.0021 J0.0374 F60.
G2 X4.202 Y-3.4665 I0.6361 J-0.5794
G1 X4.2081 Y-3.4622
G3 X4.2533 Y-3.3726 I-0.0761 J0.0946
X4.2191 Y-3.3023 I-0.0918 J-0.0012
G1 X4.2057 Y-3.2934
X4.1909 Y-3.2871
G3 X4.1611 Y-3.2909 I-0.0105 J-0.036
X4.1429 Y-3.3252 I0.0193 J-0.0322 F300.
G1 X4.1493 Y-3.4336
G3 X4.1786 Y-3.468 I0.0374 J0.0022
X4.2081 Y-3.4622 I0.0081 J0.0366 F60.
G1 X4.2559 Y-3.4265
G3 X4.281 Y-3.3903 I-0.0414 J0.0555
X4.2278 Y-3.2986 I-0.0707 J0.0203
X4.1971 Y-3.2992 I-0.014 J-0.0675
X4.1707 Y-3.3123 I0.0166 J-0.0669 F300.
X4.2275 Y-3.4382 I0.0445 J-0.0557
X4.2559 Y-3.4265 I-0.0123 J0.0702 F60.
G1 X4.2584 Y-3.4246
X4.2696 Y-3.4164
X4.2865 Y-3.4042
X4.2911 Y-3.4005
G3 X4.3054 Y-3.3473 I-0.0394 J0.039
X4.2607 Y-3.3055 I-0.0552 J-0.0142
X4.2307 Y-3.3102 I-0.0076 J-0.0498
X4.221 Y-3.3165 I0.0225 J-0.0451 F300.
X4.2574 Y-3.4135 I0.0349 J-0.0422
X4.2865 Y-3.4042 I-0.0015 J0.0548 F60.
G1 X4.289 Y-3.4024
X4.2921 Y-3.4002
X4.3061 Y-3.3924
X4.3112 Y-3.3892
X4.3158 Y-3.3853
X4.3197 Y-3.3808
G3 X4.2902 Y-3.311 I-0.038 J0.0251
X4.2633 Y-3.3165 I-0.006 J-0.0391
G1 X4.2609 Y-3.3182
G3 X4.276 Y-3.3959 I0.0254 J-0.0354 F300.
X4.3061 Y-3.3924 I0.0103 J0.0423 F60.
X4.3274 Y-3.38 I-0.0641 J0.1353
X4.3033 Y-3.3138 I-0.0256 J0.0282
G1 X4.2471 Y-3.3029
X4.2442 Y-3.3026
X4.2412 Y-3.3025
X4.2376 Y-3.3024
X4.234 Y-3.3022
X4.2305 Y-3.3017
X4.227 Y-3.3009
X4.2193 Y-3.2988
X4.2104 Y-3.2963
X4.2071 Y-3.2952
X4.2038 Y-3.2937
X4.1975 Y-3.2902
X4.1943 Y-3.2885
X4.1909 Y-3.2871
X4.1358 Y-3.2688
G3 X4.1242 Y-3.2673 I-0.0105 J-0.036
G1 X4.105 Y-3.2677
G2 X3.9057 Y-3.2546 I-0.0176 J1.2553 F300.
G1 X3.9027 Y-3.2541
X3.8997 Y-3.2532
X3.5173 Y-3.1304
X3.5144 Y-3.1293
X3.5115 Y-3.128
G2 X3.3266 Y-3.011 I0.5759 J1.1155
G1 X3.3241 Y-3.0093
X3.3214 Y-3.0078
G3 X3.2915 Y-3.0055 I-0.0176 J-0.0331 F60.
G1 X3.2066 Y-3.0386
G3 X3.1327 Y-3.1046 I0.0727 J-0.1557
X3.087 Y-3.2345 I0.2391 J-0.1571
X3.1172 Y-3.4334 I0.3803 J-0.0439
X3.2092 Y-3.5012 I0.1093 J0.0519
G1 X3.3034 Y-3.5148
G3 X3.3321 Y-3.5058 I0.004 J0.0373
X3.3441 Y-3.4695 I-0.0246 J0.0283 F300.
G1 X3.2556 Y-3.0659
G3 X3.2366 Y-3.0408 I-0.0366 J-0.008
X3.2066 Y-3.0386 I-0.0176 J-0.0331 F60.
G1 X3.1566 Y-3.058
X3.1453 Y-3.0621
X3.136 Y-3.0653
G3 X3.0662 Y-3.1235 I0.0603 J-0.1432
X3.018 Y-3.2475 I0.2262 J-0.1593
X3.031 Y-3.4144 I0.3467 J-0.057
X3.0891 Y-3.4785 I0.1097 J0.041
G1 X3.1056 Y-3.4849
X3.1228 Y-3.4888
X3.2092 Y-3.5012
G3 X3.2379 Y-3.4922 I0.004 J0.0373
X3.2501 Y-3.4572 I-0.0246 J0.0283 F300.
G1 X3.1839 Y-3.0945
G3 X3.1658 Y-3.0688 I-0.0369 J-0.0067
X3.136 Y-3.0653 I-0.0188 J-0.0324 F60.
G1 X3.0707 Y-3.0878
G3 X2.9967 Y-3.1467 I0.0543 J-0.1442
X2.9475 Y-3.2704 I0.2249 J-0.1611
X2.9529 Y-3.3984 I0.2891 J-0.0517
X2.9941 Y-3.457 I0.1086 J0.0325
G1 X3.0096 Y-3.4666
X3.0264 Y-3.4734
X3.0441 Y-3.4775
X3.1228 Y-3.4888
G3 X3.1515 Y-3.4798 I0.004 J0.0373
X3.164 Y-3.4464 I-0.0246 J0.0283 F300.
G1 X3.1188 Y-3.1186
G3 X3.1005 Y-3.0913 I-0.0371 J-0.0051
X3.0707 Y-3.0878 I-0.0189 J-0.0324 F60.
G1 X2.9992 Y-3.1124
G3 X2.9259 Y-3.1712 I0.0558 J-0.1447
X2.8821 Y-3.3908 I0.2215 J-0.1583
X2.9217 Y-3.4472 I0.1056 J0.0322
G1 X2.9366 Y-3.4563
X2.9528 Y-3.4629
X2.9699 Y-3.4668
X3.0441 Y-3.4775
G3 X3.0728 Y-3.4685 I0.004 J0.0373
X3.0854 Y-3.4354 I-0.0246 J0.0283 F300.
G1 X3.0473 Y-3.1435
G3 X3.029 Y-3.1159 I-0.0372 J-0.0048
X2.9992 Y-3.1124 I-0.0189 J-0.0324 F60.
G1 X2.9255 Y-3.1378
G3 X2.8564 Y-3.1942 I0.0577 J-0.1412
X2.8141 Y-3.3762 I0.1941 J-0.141
X2.8904 Y-3.4554 I0.1048 J0.0246
G1 X2.9066 Y-3.4584
X2.9205 Y-3.4599
X2.9317 Y-3.4614
X2.9699 Y-3.4668
G3 X2.9985 Y-3.4578 I0.004 J0.0373
X3.011 Y-3.4241 I-0.0246 J0.0283 F300.
G1 X2.9736 Y-3.1682
G3 X2.9554 Y-3.1413 I-0.0371 J-0.0054
X2.9255 Y-3.1378 I-0.0189 J-0.0324 F60.
G1 X2.8581 Y-3.161
G3 X2.7839 Y-3.2246 I0.0542 J-0.1382
X2.7522 Y-3.3668 I0.1714 J-0.1129
X2.8418 Y-3.4513 I0.1009 J0.0172
G1 X2.9066 Y-3.4584
G3 X2.935 Y-3.4484 I0.0028 J0.0374
X2.9463 Y-3.4144 I-0.0256 J0.0274 F300.
G1 X2.9059 Y-3.1902
G3 X2.8879 Y-3.1645 I-0.0369 J-0.0066
X2.8581 Y-3.161 I-0.0189 J-0.0324 F60.
G2 X2.7968 Y-3.1807 I-0.3946 J1.1218
G3 X2.7214 Y-3.2439 I0.0437 J-0.1288
X2.6955 Y-3.3665 I0.1515 J-0.0961
X2.7796 Y-3.4445 I0.0947 J0.0178
G1 X2.8418 Y-3.4513
G3 X2.8701 Y-3.4413 I0.0028 J0.0374
X2.8813 Y-3.4068 I-0.0256 J0.0274 F300.
G1 X2.8431 Y-3.2098
G3 X2.8265 Y-3.1854 I-0.0368 J-0.0071
X2.7968 Y-3.1807 I-0.0202 J-0.0316 F60.
G1 X2.732 Y-3.2002
G3 X2.6646 Y-3.2579 I0.0427 J-0.1181
X2.641 Y-3.3589 I0.1351 J-0.0848
X2.7221 Y-3.4382 I0.091 J0.012
G1 X2.7796 Y-3.4445
G3 X2.808 Y-3.4345 I0.0028 J0.0374
X2.8189 Y-3.3984 I-0.0256 J0.0274 F300.
G1 X2.778 Y-3.2277
G3 X2.7617 Y-3.2048 I-0.0365 J-0.0087
X2.732 Y-3.2002 I-0.0202 J-0.0316 F60.
G1 X2.6731 Y-3.2178
G3 X2.6065 Y-3.2804 I0.0414 J-0.1108
X2.5925 Y-3.3621 I0.1144 J-0.0617
X2.6402 Y-3.4236 I0.0892 J0.02
G1 X2.6552 Y-3.4295
X2.6709 Y-3.4326
X2.7221 Y-3.4382
G3 X2.7505 Y-3.4283 I0.0028 J0.0374
X2.7609 Y-3.3904 I-0.0256 J0.0274 F300.
G1 X2.7187 Y-3.2437
G3 X2.7028 Y-3.2225 I-0.036 J-0.0104
X2.6731 Y-3.2178 I-0.0202 J-0.0316 F60.
G1 X2.6197 Y-3.2339
G3 X2.5531 Y-3.3043 I0.0375 J-0.1022
X2.5577 Y-3.3863 I0.0866 J-0.0363
X2.6065 Y-3.4241 I0.0746 J0.0459
G1 X2.622 Y-3.4273
X2.6709 Y-3.4326
G3 X2.6993 Y-3.4227 I0.0028 J0.0374
X2.709 Y-3.3827 I-0.0256 J0.0274 F300.
G1 X2.6646 Y-3.2576
G3 X2.6494 Y-3.2385 I-0.0353 J-0.0126
X2.6197 Y-3.2339 I-0.0202 J-0.0316 F60.
G1 X2.5719 Y-3.2482
G3 X2.5084 Y-3.3197 I0.0312 J-0.0917
X2.5772 Y-3.4223 I0.077 J-0.0227
G1 X2.622 Y-3.4273
G3 X2.6503 Y-3.4173 I0.0028 J0.0374
X2.6594 Y-3.3756 I-0.0256 J0.0274 F300.
G1 X2.6161 Y-3.2702
G3 X2.6016 Y-3.2528 I-0.0347 J-0.0142
X2.5719 Y-3.2482 I-0.0202 J-0.0316 F60.
G1 X2.527 Y-3.2617
G3 X2.4724 Y-3.3649 I0.026 J-0.0798
X2.5235 Y-3.4151 I0.0749 J0.0252
G1 X2.5381 Y-3.4181
X2.5772 Y-3.4224
G3 X2.6056 Y-3.4124 I0.0028 J0.0374
X2.6135 Y-3.3682 I-0.0256 J0.0274 F300.
G1 X2.57 Y-3.2812
G3 X2.5566 Y-3.2663 I-0.0335 J-0.0168
X2.527 Y-3.2617 I-0.0202 J-0.0316 F60.
G1 X2.5157 Y-3.2651
X2.507 Y-3.2676
X2.487 Y-3.273
G3 X2.439 Y-3.3606 I0.021 J-0.0685
X2.503 Y-3.4146 I0.0704 J0.0186
G1 X2.5157 Y-3.4158
X2.527 Y-3.4169
X2.5381 Y-3.4181
G3 X2.5664 Y-3.4081 I0.0028 J0.0374
X2.5725 Y-3.3606 I-0.0256 J0.0274 F300.
G1 X2.5273 Y-3.2894
G3 X2.5166 Y-3.2784 I-0.0317 J-0.0201
X2.487 Y-3.273 I-0.021 J-0.0311 F60.
G1 X2.482 Y-3.2744
X2.4505 Y-3.2825
G3 X2.4176 Y-3.3075 I0.0167 J-0.0562
X2.4707 Y-3.4119 I0.0583 J-0.0361
G1 X2.482 Y-3.4128
X2.4932 Y-3.4137
X2.503 Y-3.4146
G3 X2.5308 Y-3.4036 I0.002 J0.0357
G1 X2.533 Y-3.4011 F300.
X2.5349 Y-3.3985
X2.5365 Y-3.3957
G3 X2.4812 Y-3.2819 I-0.0692 J0.0367
X2.4505 Y-3.2825 I-0.0139 J-0.0771 F60.
G1 X2.4212 Y-3.29
G3 X2.392 Y-3.3098 I0.0127 J-0.0502
X2.4394 Y-3.4096 I0.0521 J-0.0364
G1 X2.4707 Y-3.4119
G3 X2.4978 Y-3.3996 I0.0013 J0.0329
G1 X2.4998 Y-3.3969 F300.
X2.5014 Y-3.394
G3 X2.4519 Y-3.2899 I-0.0646 J0.0331
X2.4212 Y-3.29 I-0.0151 J-0.071 F60.
G1 X2.392 Y-3.2975
G3 X2.3673 Y-3.3136 I0.0119 J-0.0455
X2.4097 Y-3.4074 I0.0468 J-0.0353
X2.424 Y-3.4051 I0.0015 J0.0362
X2.4382 Y-3.3971 I-0.0198 J0.0526
X2.4225 Y-3.2993 I-0.0341 J0.0447 F300.
X2.392 Y-3.2975 I-0.0184 J-0.0531 F60.
G1 X2.3662 Y-3.3042
G3 X2.3456 Y-3.316 I0.0095 J-0.0403
X2.3822 Y-3.4053 I0.0406 J-0.0355
X2.3953 Y-3.4032 I0.0014 J0.0337
X2.4104 Y-3.3944 I-0.018 J0.0485
X2.3965 Y-3.3067 I-0.0331 J0.0397 F300.
X2.3662 Y-3.3042 I-0.0192 J-0.048 F60.
G1 X2.3409 Y-3.3107
G3 X2.3125 Y-3.3381 I0.0104 J-0.0392
X2.3559 Y-3.4033 I0.0471 J-0.0157
X2.3679 Y-3.4013 I0.0012 J0.0304
X2.3836 Y-3.3915 I-0.0168 J0.0444
X2.3711 Y-3.314 I-0.0325 J0.0345 F300.
X2.3511 Y-3.3095 I-0.02 J-0.043 F60.
X2.3409 Y-3.3107 I0. J-0.0474
G1 X2.3184 Y-3.3164
G3 X2.2931 Y-3.3383 I0.008 J-0.0348
X2.3317 Y-3.4015 I0.0421 J-0.0176
X2.3428 Y-3.3997 I0.0012 J0.0286
X2.3591 Y-3.3891 I-0.015 J0.0408
X2.3484 Y-3.3206 I-0.0314 J0.0301 F300.
X2.3184 Y-3.3164 I-0.0206 J-0.0383 F60.
G1 X2.2974 Y-3.3218
X2.2917 Y-3.3236
X2.2864 Y-3.3264
G3 X2.2722 Y-3.3687 I0.0247 J-0.0318
X2.3094 Y-3.3998 I0.0403 J0.0105
X2.3195 Y-3.3982 I0.0011 J0.0265
X2.3363 Y-3.3866 I-0.0136 J0.0375
X2.3271 Y-3.327 I-0.0303 J0.0259 F300.
X2.2974 Y-3.3218 I-0.0211 J-0.0338 F60.
X2.2743 Y-3.3304 I0.0087 J-0.0588
X2.2909 Y-3.3982 I0.022 J-0.0305
G1 X2.3021 Y-3.3992
X2.4394 Y-3.4096
X2.4637 Y-3.4024 Z0.2202
X2.4686 Y-3.3998 Z0.2206
X2.5719 Y-3.3453 Z0.2286 F300.
X3.4376 Y-3.2094
G2 X3.5539 Y-3.3237 I0.0195 J-0.0965
G1 X3.5494 Y-3.3479
G3 X3.4916 Y-3.5136 I0.8713 J-0.3968
X3.4847 Y-3.5437 I0.9291 J-0.2311 F60.
G1 X3.4838 Y-3.5483
G3 X3.5139 Y-3.5832 I0.0958 J0.0522
X3.6196 Y-3.6415 I0.2156 J0.2659
G1 X3.6298 Y-3.6436
X3.7299 Y-3.6615
X3.7637 Y-3.6681
X3.9394 Y-3.7057
G3 X4.0103 Y-3.7084 I0.0431 J0.1949
X4.0547 Y-3.6935 I-0.0282 J0.1573
X4.1244 Y-3.6502 I-0.1857 J0.3765
G1 X4.1325 Y-3.6427
X4.1399 Y-3.6346
G3 X4.1471 Y-3.6054 I-0.0297 J0.0229
X4.0976 Y-3.5763 I-0.037 J-0.0062 F300.
G1 X3.9359 Y-3.634
G3 X3.9156 Y-3.6873 I0.0126 J-0.0353
X3.9394 Y-3.7057 I0.0329 J0.018 F60.
G1 X4.0284 Y-3.7247
G3 X4.0983 Y-3.6965 I0.0153 J0.0627
G1 X4.1002 Y-3.6925
X4.1018 Y-3.6884
X4.1028 Y-3.6841
X4.1033 Y-3.6797
Y-3.6753
X4.1027 Y-3.6709
X4.1017 Y-3.6666
G3 X4.0526 Y-3.6425 I-0.0358 J-0.011 F300.
G1 X4.0243 Y-3.6532
G3 X4.0047 Y-3.7063 I0.0132 J-0.0351
X4.0284 Y-3.7247 I0.0329 J0.018 F60.
G1 X4.0447 Y-3.7282
G3 X4.0897 Y-3.71 I0.0112 J0.0369
G1 X4.1207 Y-3.6607
X4.1234 Y-3.6567
G2 X4.2022 Y-3.5631 I0.6684 J-0.4825
G1 X4.2359 Y-3.5319
X4.2584 Y-3.512
X4.2689 Y-3.5035
X4.2808 Y-3.495
X4.3258 Y-3.4634
G3 X4.3831 Y-3.3755 I-0.0685 J0.1073
X4.3508 Y-3.2954 I-0.0933 J0.0089
X4.2695 Y-3.2378 I-0.2653 J-0.2884
G1 X4.2585 Y-3.2334
X4.2471 Y-3.2302
X4.2207 Y-3.2226
X4.2134 Y-3.2203
X4.1524 Y-3.2002
X4.1234 Y-3.1887
X4.1122 Y-3.1837
X4.056 Y-3.1576
X4.0515 Y-3.1552
X4.0305 Y-3.144
X4.0223 Y-3.1395
X3.966 Y-3.105
X3.9567 Y-3.099
G2 X3.8562 Y-3.0205 I0.7228 J1.0295
G1 X3.8424 Y-3.0069
X3.7974 Y-2.9622
X3.7862 Y-2.95
X3.7788 Y-2.9418
X3.747 Y-2.9019
G3 X3.6727 Y-2.8424 I-0.1628 J-0.1271
X3.5993 Y-2.8303 I-0.0658 J-0.1696
X3.5198 Y-2.8387 I0.0019 J-0.3935
G1 X3.5098 Y-2.8416
X3.5002 Y-2.8454
G3 X3.4805 Y-2.8681 I0.0162 J-0.0338
X3.5081 Y-2.9158 I0.0358 J-0.0111 F300.
G1 X3.7086 Y-2.9608
G3 X3.7537 Y-2.9312 I0.0082 J0.0366
X3.747 Y-2.9019 I-0.0369 J0.0069 F60.
G2 X3.6992 Y-2.8349 I0.3994 J0.3351
G1 X3.6957 Y-2.83
G3 X3.5923 Y-2.8052 I-0.0681 J-0.056
X3.5677 Y-2.8235 I0.0347 J-0.0724
X3.5833 Y-2.9449 I0.0593 J-0.0541 F300.
X3.7093 Y-2.8639 I0.0447 J0.0689
X3.6992 Y-2.8349 I-0.0813 J-0.012 F60.
G1 X3.6817 Y-2.807
G3 X3.6287 Y-2.7892 I-0.0352 J-0.017
G1 X3.4595 Y-2.8631
X3.4489 Y-2.8676
X3.4264 Y-2.8767
X3.4151 Y-2.8812
X3.1566 Y-2.9819
X3.144 Y-2.9867
X3.1228 Y-2.9947
X3.1138 Y-2.9979
X2.8193 Y-3.0993
X2.808 Y-3.1029
X2.7846 Y-3.1103
X2.4851 Y-3.2002
X2.482 Y-3.2011
X2.437 Y-3.2127
X2.3133 Y-3.2445
G3 X2.232 Y-3.3022 I0.0326 J-0.1321
X2.2271 Y-3.3887 I0.0804 J-0.048
X2.2702 Y-3.4313 I0.0994 J0.0576
X2.3452 Y-3.4667 I0.1784 J0.2804
X2.3875 Y-3.4768 I0.0563 J0.1417
G2 X2.527 Y-3.4882 I-0.195 J-3.2384
G1 X2.8867 Y-3.5276
X2.9092 Y-3.5302
X2.9205 Y-3.5315
X2.9317 Y-3.533
X3.3252 Y-3.5896
X3.3364 Y-3.5915
X3.3589 Y-3.5953
X3.6298 Y-3.6436
G3 X3.6526 Y-3.6397 I0.0053 J0.0371
G1 X3.6591 Y-3.6362
G2 X3.7693 Y-3.5843 I0.686 J-1.3124 F300.
G1 X3.7718 Y-3.5833
X3.7744 Y-3.5826
X4.1741 Y-3.478
X4.1767 Y-3.4774
X4.1794 Y-3.4771
G2 X4.2957 Y-3.4686 I0.1657 J-1.4716
G1 X4.3083 Y-3.4682 F60.
G3 X4.3258 Y-3.4634 I-0.0009 J0.0375
G1 X4.3337 Y-3.4585
X4.3595 Y-3.4435
X4.3763 Y-3.4348
G3 X4.4202 Y-3.3597 I-0.045 J0.0767
X4.3359 Y-3.2484 I-0.1028 J0.0097
G1 X4.3146 Y-3.2443
X4.2584 Y-3.2326
X4.2471 Y-3.2302
G3 X4.2178 Y-3.237 I-0.0068 J-0.0369
X4.2123 Y-3.292 I0.0224 J-0.0301 F300.
G1 X4.3322 Y-3.4259
G3 X4.3462 Y-3.4358 I0.0279 J0.025
X4.3763 Y-3.4348 I0.0139 J0.0348 F60.
G1 X4.3933 Y-3.4259
X4.4158 Y-3.4146
G3 X4.4552 Y-3.3565 I-0.0417 J0.0708
X4.382 Y-3.2537 I-0.0802 J0.0203
G1 X4.3483 Y-3.2504
X4.336 Y-3.2483
G3 X4.3069 Y-3.2561 I-0.0056 J-0.0371
X4.3001 Y-3.3075 I0.0234 J-0.0293 F300.
G1 X4.3698 Y-3.4027
G3 X4.3857 Y-3.4152 I0.0303 J0.0222
X4.4158 Y-3.4146 I0.0143 J0.0347 F60.
G2 X4.4451 Y-3.4024 I0.0959 J-0.1887
G3 X4.4503 Y-3.2649 I-0.0294 J0.07
G1 X4.437 Y-3.2598
X4.4229 Y-3.2572
X4.4045 Y-3.2556
X4.382 Y-3.2536
G3 X4.3539 Y-3.2641 I-0.002 J-0.0374
X4.3494 Y-3.3127 I0.0261 J-0.0269 F300.
G1 X4.403 Y-3.3883
G3 X4.4152 Y-3.3994 I0.0306 J0.0217
X4.4451 Y-3.4024 I0.0184 J0.0327 F60.
G1 X4.48 Y-3.3897
G3 X4.5215 Y-3.3265 I-0.0231 J0.0604
X4.4522 Y-3.259 I-0.069 J-0.0016
G1 X4.4475 Y-3.2594
X4.4429 Y-3.2601
X4.4384 Y-3.2613
X4.4339 Y-3.2629
G3 X4.4231 Y-3.2684 I0.0253 J-0.0626
X4.4495 Y-3.3923 I0.0361 J-0.0571 F300.
X4.48 Y-3.3897 I0.0098 J0.0668 F60.
G1 X4.4832 Y-3.3885
X4.4945 Y-3.3847
X4.5114 Y-3.3791
G3 X4.5469 Y-3.3398 I-0.0178 J0.0518
X4.4828 Y-3.2587 I-0.0627 J0.0163
G1 X4.472 Y-3.2589
X4.4522 Y-3.259
G3 X4.426 Y-3.2732 I0.0012 J-0.0335
G1 X4.4241 Y-3.2762 F300.
X4.4226 Y-3.2794
G3 X4.4808 Y-3.3814 I0.0681 J-0.0288
X4.5114 Y-3.3791 I0.0099 J0.0732 F60.
G1 X4.5169 Y-3.3772
X4.5282 Y-3.3745
X4.5359 Y-3.3727
G3 X4.5648 Y-3.3528 I-0.0101 J0.0457
X4.5114 Y-3.258 I-0.0517 J0.0333
G1 X4.4828 Y-3.2587
G3 X4.4577 Y-3.2744 I0.0017 J-0.0306
G1 X4.4565 Y-3.2767 F300.
X4.4556 Y-3.2791
G3 X4.5052 Y-3.3718 I0.0671 J-0.0237
X4.5359 Y-3.3727 I0.0175 J0.069 F60.
G1 X4.5619 Y-3.367
G3 X4.5871 Y-3.3517 I-0.0091 J0.0433
X4.539 Y-3.2572 I-0.0465 J0.0358
G1 X4.5114 Y-3.2579
G3 X4.4869 Y-3.2744 I0.0018 J-0.0291
G1 X4.4857 Y-3.2772 F300.
G3 X4.5313 Y-3.3656 I0.064 J-0.0229
X4.5619 Y-3.367 I0.0184 J0.0654 F60.
G1 X4.5844 Y-3.3621
X4.5863 Y-3.3618
G3 X4.6223 Y-3.3257 I-0.0094 J0.0455
X4.5619 Y-3.2554 I-0.0552 J0.0136
G1 X4.5507 Y-3.2563
X4.5394 Y-3.2572
X4.539
G3 X4.5151 Y-3.2743 I0.0017 J-0.0276
G1 X4.5144 Y-3.2761 F300.
G3 X4.5558 Y-3.359 I0.0624 J-0.0206
X4.5863 Y-3.3618 I0.0211 J0.0623 F60.
G1 X4.6104 Y-3.3574
X4.6117 Y-3.3572
G3 X4.6404 Y-3.3375 I-0.0075 J0.0417
X4.5838 Y-3.2528 I-0.0486 J0.0287
X4.5724 Y-3.2578 I0.0047 J-0.0263
X4.5598 Y-3.2711 I0.0333 J-0.0443
X4.5816 Y-3.352 I0.046 J-0.031 F300.
X4.6117 Y-3.3572 I0.0242 J0.0499 F60.
G1 X4.6181 Y-3.3563
X4.6328 Y-3.3551
G3 X4.6628 Y-3.3373 I-0.0043 J0.0415
X4.6076 Y-3.2495 I-0.0472 J0.0316
G1 X4.5838 Y-3.2528
G3 X4.5628 Y-3.2731 I0.0046 J-0.0258
G1 X4.5627 Y-3.2734 F300.
G3 X4.6026 Y-3.3497 I0.0666 J-0.0138
X4.6328 Y-3.3551 I0.0267 J0.0625 F60.
G1 X4.6553 Y-3.3532
G3 X4.6858 Y-3.3362 I-0.0031 J0.0417
X4.6312 Y-3.2461 I-0.0464 J0.0335
G1 X4.6076 Y-3.2495
G3 X4.5865 Y-3.2691 I0.0047 J-0.0262
G1 X4.5864 Y-3.2695
G3 X4.6251 Y-3.3477 I0.0656 J-0.0161 F300.
X4.6553 Y-3.3532 I0.0269 J0.062 F60.
G1 X4.6743 Y-3.3516
X4.6791 Y-3.3513
G3 X4.7134 Y-3.3299 I-0.0043 J0.0452
X4.6536 Y-3.2424 I-0.05 J0.03
G1 X4.6381 Y-3.2451
X4.6311 Y-3.2461
G3 X4.6099 Y-3.2661 I0.0047 J-0.0263
G1 X4.6098 Y-3.2663 F300.
G3 X4.649 Y-3.3453 I0.0673 J-0.0158
X4.6791 Y-3.3513 I0.0282 J0.0632 F60.
G1 X4.6856 Y-3.3509
X4.703 Y-3.3501
G3 X4.7408 Y-3.3242 I-0.0035 J0.0457
G1 X4.7438 Y-3.319
G3 X4.6744 Y-3.2385 I-0.0543 J0.0234
G1 X4.6631 Y-3.2408
X4.6536 Y-3.2424
G3 X4.6326 Y-3.2628 I0.0055 J-0.0267
G1 X4.6324 Y-3.2634 F300.
G3 X4.673 Y-3.3438 I0.07 J-0.0151
X4.703 Y-3.3501 I0.0294 J0.0653 F60.
G1 X4.7081 Y-3.3499
X4.7193 Y-3.3502
X4.7251 Y-3.3504
G3 X4.7652 Y-3.3281 I0.0004 J0.0464
X4.7749 Y-3.2804 I-0.0477 J0.0346
X4.697 Y-3.2325 I-0.0617 J-0.0132
G1 X4.6743 Y-3.2384
G3 X4.6549 Y-3.2604 I0.008 J-0.0267
G1 X4.6548 Y-3.2606 F300.
G3 X4.6956 Y-3.3419 I0.0766 J-0.0124
X4.7251 Y-3.3504 I0.0359 J0.0688 F60.
G1 X4.7508 Y-3.3517
G3 X4.7916 Y-3.3304 I0.0008 J0.0483
X4.8009 Y-3.2639 I-0.0498 J0.0409
X4.723 Y-3.2257 I-0.061 J-0.0258
G1 X4.697 Y-3.2325
G3 X4.6768 Y-3.254 I0.0085 J-0.0283
G1 X4.6764 Y-3.256 F300.
G3 X4.7212 Y-3.3434 I0.0813 J-0.0136
X4.7508 Y-3.3517 I0.0365 J0.0739 F60.
G1 X4.7755 Y-3.3529
X4.7774 Y-3.3531
G3 X4.8107 Y-3.3418 I0.0025 J0.0475
X4.8352 Y-3.264 I-0.0465 J0.0575
X4.7507 Y-3.2182 I-0.0662 J-0.0214
G1 X4.7347 Y-3.2226
X4.723 Y-3.2257
G3 X4.7021 Y-3.2467 I0.009 J-0.0299
G1 X4.7012 Y-3.2504 F300.
G3 X4.748 Y-3.344 I0.0873 J-0.0149
X4.7774 Y-3.3531 I0.0405 J0.0787 F60.
G1 X4.798 Y-3.3549
X4.8038 Y-3.3556
G3 X4.847 Y-3.3386 I0.0038 J0.0538
X4.8662 Y-3.247 I-0.0567 J0.0598
X4.7884 Y-3.2068 I-0.0655 J-0.0314
G1 X4.7755 Y-3.2104
G3 X4.7548 Y-3.2322 I0.0145 J-0.0346
X4.7538 Y-3.2545 I0.0352 J-0.0128 F300.
G1 X4.773 Y-3.328
G3 X4.7783 Y-3.3396 I0.0363 J0.0095
X4.8038 Y-3.3556 I0.031 J0.0212 F60.
G1 X4.8093 Y-3.3562
X4.8295 Y-3.3599
G3 X4.8831 Y-3.339 I0.0076 J0.0599
X4.9031 Y-3.2358 I-0.0674 J0.0667
X4.8083 Y-3.1979 I-0.0677 J-0.0317
G1 X4.798 Y-3.2019
X4.7755 Y-3.2104
G3 X4.7548 Y-3.2322 I0.0145 J-0.0346
X4.758 Y-3.2644 I0.0352 J-0.0128 F300.
G1 X4.8051 Y-3.3422
X4.8054 Y-3.3427 F60.
G3 X4.8295 Y-3.3599 I0.0321 J0.0194
G1 X4.8604 Y-3.3655
G3 X4.9153 Y-3.347 I0.0085 J0.0652
X4.9361 Y-3.321 I-0.0479 J0.0598
X4.9249 Y-3.2192 I-0.0826 J0.0424
G1 X4.9184 Y-3.2114
X4.8998 Y-3.1889
G3 X4.8542 Y-3.1799 I-0.0287 J-0.0257
G1 X4.8083 Y-3.1979
G3 X4.7878 Y-3.2199 I0.0149 J-0.0344
X4.7892 Y-3.2483 I0.0354 J-0.0124 F300.
G1 X4.8345 Y-3.3448
X4.8361 Y-3.3479
G3 X4.8604 Y-3.3655 I0.0324 J0.019 F60.
G2 X4.8914 Y-3.3719 I-0.1034 J-0.5825
G3 X4.9489 Y-3.3546 I0.0127 J0.0622
X4.9513 Y-3.2494 I-0.0503 J0.0537
G1 X4.9474 Y-3.246
X4.9433 Y-3.243
X4.9388 Y-3.2404
X4.9342 Y-3.2382
X4.9293 Y-3.2364
X4.9244 Y-3.2351
X4.9202 Y-3.2343 F300.
G3 X4.8644 Y-3.3573 I-0.0096 J-0.0698
X4.8914 Y-3.3719 I0.0463 J0.0532 F60.
G1 X4.8992 Y-3.3738
X4.9104 Y-3.3774
X4.9201 Y-3.3805
G3 X4.9438 Y-3.382 I0.0147 J0.0444
X4.9757 Y-3.2745 I-0.0142 J0.0627
X4.9529 Y-3.2626 I-0.0316 J-0.0329
G1 X4.948 Y-3.2618
G3 X4.8948 Y-3.3632 I-0.007 J-0.061 F300.
X4.9201 Y-3.3805 I0.0462 J0.0404 F60.
G1 X4.9468 Y-3.3892
G3 X4.9875 Y-3.3838 I0.0149 J0.0443
X4.9976 Y-3.297 I-0.0304 J0.0475
X4.9778 Y-3.2862 I-0.0299 J-0.0311
G1 X4.9738 Y-3.2854
X4.9698 Y-3.2849
G3 X4.9222 Y-3.3711 I-0.0046 J-0.0537 F300.
X4.9468 Y-3.3892 I0.0429 J0.0325 F60.
G1 X4.9667 Y-3.3956
X4.9714 Y-3.3974
G3 X5.0054 Y-3.3948 I0.0144 J0.036
X5.017 Y-3.317 I-0.0239 J0.0433
X5.0017 Y-3.3084 I-0.0245 J-0.0256
X4.9887 Y-3.3067 I-0.0123 J-0.0455
X4.9485 Y-3.3774 I0.0007 J-0.0471 F300.
X4.9714 Y-3.3974 I0.0409 J0.0235 F60.
G1 X4.9891 Y-3.4041
X4.991 Y-3.405
G3 X5.0144 Y-3.4078 I0.0156 J0.0306
X5.0345 Y-3.335 I-0.0113 J0.0423
X5.0241 Y-3.3286 I-0.0202 J-0.021
X5.0058 Y-3.3264 I-0.0141 J-0.0393
X4.971 Y-3.3824 I0.0043 J-0.0415 F300.
X4.991 Y-3.405 I0.0391 J0.0145 F60.
G1 X5.0094 Y-3.4136
X5.0116 Y-3.4144
G3 X5.0509 Y-3.3518 I0.0119 J0.0362
G1 X4.9581 Y-3.2563
G3 X4.9299 Y-3.2459 I-0.026 J-0.027
G1 X4.9253 Y-3.2462 Z0.2289
X4.9209 Y-3.2465 Z0.2297
X4.9166 Y-3.2467 Z0.231
X4.9125 Y-3.247 Z0.2329
X4.9086 Y-3.2472 Z0.2352
X4.905 Y-3.2474 Z0.238
X4.9018 Y-3.2476 Z0.2412
X4.899 Y-3.2478 Z0.2448
X4.8967 Y-3.2479 Z0.2487
X4.8949 Y-3.248 Z0.2528
X4.8935 Y-3.2481 Z0.2571
X4.8927 Z0.2616
X4.8924 Y-3.2482 Z0.2661
G0 Z0.6903
X2.3802 Y-3.2561
Z0.3036
G1 Z0.2661 F60.
X2.38 Y-3.256 Z0.2616
X2.3792 Y-3.2558 Z0.2571
X2.3779 Y-3.2554 Z0.2528
X2.3761 Y-3.2549 Z0.2487
X2.3739 Y-3.2542 Z0.2448
X2.3712 Y-3.2534 Z0.2412
X2.3681 Y-3.2525 Z0.238
X2.3647 Y-3.2515 Z0.2352
X2.361 Y-3.2504 Z0.2329
X2.357 Y-3.2493 Z0.231
X2.3529 Y-3.2481 Z0.2297
X2.3486 Y-3.2468 Z0.2289
X2.3442 Y-3.2455 Z0.2286
G3 X2.3133 Y-3.2445 I-0.0175 J-0.0598
G1 X2.2459 Y-3.2618
G3 X2.1827 Y-3.3298 I0.0259 J-0.0875
X2.2796 Y-3.4687 I0.1051 J-0.0299
G1 X2.3875 Y-3.4768
G3 X2.4155 Y-3.4659 I0.0015 J0.0375
X2.4161 Y-3.4134 I-0.0265 J0.0265 F300.
G1 X2.281 Y-3.2725
X2.2783 Y-3.2699
X2.2754 Y-3.2677
G3 X2.2459 Y-3.2618 I-0.0214 J-0.0308 F60.
G1 X2.2009 Y-3.2734
G3 X2.1488 Y-3.3214 I0.0248 J-0.0792
X2.1443 Y-3.4097 I0.0956 J-0.0491
G1 X2.1526 Y-3.4241
G3 X2.222 Y-3.4644 I0.0764 J0.0517
G1 X2.2796 Y-3.4687
G3 X2.3076 Y-3.4578 I0.0015 J0.0375
X2.3133 Y-3.4121 I-0.0265 J0.0265 F300.
G1 X2.2412 Y-3.2908
G3 X2.2304 Y-3.2792 I-0.0322 J-0.0192
X2.2009 Y-3.2734 I-0.0214 J-0.0308 F60.
G1 X2.1784 Y-3.2791
X2.161 Y-3.2835
G3 X2.1056 Y-3.3359 I0.0253 J-0.0822
X2.1079 Y-3.421 I0.0816 J-0.0404
G1 X2.1176 Y-3.4335
G3 X2.1731 Y-3.4607 I0.0618 J0.056
G1 X2.222 Y-3.4644
G3 X2.25 Y-3.4534 I0.0015 J0.0375
X2.2569 Y-3.4098 I-0.0265 J0.0265 F300.
G1 X2.2023 Y-3.3031
G3 X2.1904 Y-3.2895 I-0.0334 J-0.0171
X2.161 Y-3.2835 I-0.0216 J-0.0307 F60.
G1 X2.1559 Y-3.2848
X2.1447 Y-3.2875
X2.1222 Y-3.2923
G3 X2.0638 Y-3.3486 I0.0216 J-0.0809
X2.131 Y-3.4574 I0.0727 J-0.0303
G1 X2.1731 Y-3.4607
G3 X2.2011 Y-3.4498 I0.0015 J0.0375
X2.2083 Y-3.4068 I-0.0265 J0.0265 F300.
G1 X2.1625 Y-3.3128
G3 X2.1514 Y-3.2993 I-0.0337 J-0.0164
X2.1222 Y-3.2923 I-0.0226 J-0.0299 F60.
G1 X2.0806 Y-3.3013
G3 X2.0292 Y-3.3477 I0.0195 J-0.0733
X2.0333 Y-3.4191 I0.0662 J-0.032
X2.0917 Y-3.4545 I0.0639 J0.0396
G1 X2.131 Y-3.4575
G3 X2.159 Y-3.4466 I0.0015 J0.0375
X2.1653 Y-3.4019 I-0.0265 J0.0265 F300.
G1 X2.12 Y-3.32
G3 X2.1098 Y-3.3083 I-0.0328 J-0.0182
X2.0806 Y-3.3013 I-0.0226 J-0.0299 F60.
G1 X2.0435 Y-3.3092
G3 X1.989 Y-3.376 I0.0182 J-0.0705
G1 X1.9892 Y-3.3903
G3 X2.0576 Y-3.4528 I0.0718 J0.0099
G1 X2.0834 Y-3.454
X2.0885 Y-3.4543
X2.0917 Y-3.4546
G3 X2.1197 Y-3.4436 I0.0015 J0.0375
X2.1253 Y-3.3976 I-0.0265 J0.0265 F300.
G1 X2.0821 Y-3.3267
G3 X2.0727 Y-3.3162 I-0.032 J-0.0195
X2.0435 Y-3.3092 I-0.0226 J-0.0299 F60.
G1 X2.0064 Y-3.3172
G3 X1.958 Y-3.3815 I0.017 J-0.0631
X2.0247 Y-3.4514 I0.0692 J-0.0007
G1 X2.0288 Y-3.4512
X2.033 Y-3.4507
X2.037 Y-3.4497
G3 X2.0538 Y-3.4424 I-0.0187 J0.0655
X2.037 Y-3.3187 I-0.0355 J0.0581 F300.
X2.0064 Y-3.3172 I-0.0187 J-0.0655 F60.
G1 X1.9726 Y-3.3244
G3 X1.9336 Y-3.3611 I0.0137 J-0.0537
X1.9936 Y-3.4501 I0.0626 J-0.0225
G1 X1.9975 Y-3.4499
X2.0014 Y-3.4493
X2.0051 Y-3.4482
G3 X2.022 Y-3.4393 I-0.0213 J0.0606
X2.0032 Y-3.3264 I-0.0381 J0.0516 F300.
X1.9726 Y-3.3244 I-0.0193 J-0.0612 F60.
G1 X1.9446 Y-3.3305
G3 X1.9149 Y-3.3495 I0.0102 J-0.0485
X1.9636 Y-3.4489 I0.0512 J-0.0366
X1.9745 Y-3.4471 I0.0002 J0.0334
X1.9919 Y-3.4379 I-0.0193 J0.0572
X1.9751 Y-3.3329 I-0.0367 J0.048 F300.
X1.9446 Y-3.3305 I-0.0199 J-0.057 F60.
G1 X1.9164 Y-3.3365
G3 X1.8911 Y-3.3516 I0.0098 J-0.0452
X1.935 Y-3.4477 I0.0463 J-0.0369
X1.9452 Y-3.446 I0.0002 J0.0303
X1.9629 Y-3.4359 I-0.0188 J0.0536
X1.9468 Y-3.3394 I-0.0365 J0.0435 F300.
X1.9164 Y-3.3365 I-0.0204 J-0.053 F60.
X1.8923 Y-3.3462 I0.0042 J-0.0454
G1 X1.8889 Y-3.3494
X1.8861 Y-3.3526
X1.8829 Y-3.3574
X1.8784 Y-3.3687
X1.8685 Y-3.3967
G3 X1.8974 Y-3.4457 I0.0365 J-0.0115
G1 X1.9086 Y-3.4466
X2.0576 Y-3.4528
X2.0581
X2.0617 Y-3.4523 Z0.2289
X2.0653 Y-3.4518 Z0.2296
X2.0688 Y-3.4513 Z0.2307
X2.0724 Y-3.4496 Z0.2326
X2.0756 Y-3.4481 Z0.235
X2.0786 Y-3.4467 Z0.2379
X2.0806 Y-3.4451 Z0.2409
X2.0822 Y-3.4437 Z0.2443
X2.0836 Y-3.4426 Z0.2479
X2.0845 Y-3.4418 Z0.2516
X2.0851 Y-3.4413 Z0.2555
X2.0853 Y-3.4411 Z0.2595
G0 Z0.6903
X5.6758 Y-3.8034
Z0.5333
G3 X5.4614 Y-3.8473 Z0.5116 I-0.0885 J-0.1133 F40.
X5.5386 Y-4.0515 Z0.4898 I0.1256 J-0.0692
X5.7274 Y-3.9431 Z0.468 I0.0483 J0.1346
X5.5908 Y-3.7744 Z0.4463 I-0.1402 J0.0262
X5.4463 Y-3.9357 Z0.4245 I-0.0036 J-0.1422
X5.628 Y-4.0524 Z0.4027 I0.1406 J0.019
X5.7142 Y-3.855 Z0.381 I-0.041 J0.1354
X5.5061 Y-3.8014 Z0.3592 I-0.1268 J-0.0619
X5.4863 Y-4.0148 Z0.3374 I0.081 J-0.1151
X5.6995 Y-4.0004 Z0.3157 I0.1005 J0.098
X5.6516 Y-3.7928 Z0.2939 I-0.1124 J0.0834
X5.4547 Y-3.8729 Z0.2721 I-0.0643 J-0.1239
X5.5648 Y-4.054 Z0.2504 I0.1322 J-0.0437
X5.7257 Y-3.9169 Z0.2286 I0.0221 J0.1371
X5.448 I-0.1388 J0.
X5.7257 I0.1388 J0.
G1 X5.7263 Y-3.8726 F60.
G3 X5.7306 Y-3.8496 I-0.0532 J0.0219
X5.6799 Y-3.7769 I-0.0816 J-0.003
G2 X5.6244 Y-3.7505 I0.2253 J0.5452
G3 X5.4871 Y-3.7559 I-0.0635 J-0.1329
X5.4181 Y-3.8304 I0.0595 J-0.1242
X5.4147 Y-3.8966 I0.118 J-0.0393
G2 X5.4309 Y-3.9814 I-1.5769 J-0.3446
G3 X5.5253 Y-4.0762 I0.1076 J0.0127
G1 X5.5297 Y-4.0764
X5.5341 Y-4.0761
X5.5384 Y-4.0752
X5.5426 Y-4.0739
X5.5466 Y-4.072
X5.5504 Y-4.0697
X5.5538 Y-4.067
G3 X5.5552 Y-4.0124 I-0.025 J0.028 F300.
G1 X5.4945 Y-3.9522
G3 X5.4408 Y-3.9531 I-0.0264 J-0.0266
X5.4307 Y-3.9814 I0.0273 J-0.0257 F60.
G2 X5.4349 Y-4.0371 I-2.1035 J-0.1886
G3 X5.467 Y-4.0687 I0.0383 J0.0067
G1 X5.54 Y-4.0783
G3 X5.6187 Y-4.0845 I0.1614 J1.5361
X5.7356 Y-4.0333 I0.0062 J0.1448
X5.7716 Y-3.9768 I-0.1568 J0.1398
X5.7936 Y-3.9034 I-0.2186 J0.1054
X5.7312 Y-3.7979 I-0.101 J0.0114
G1 X5.6799 Y-3.7769
G3 X5.6499 Y-3.7787 I-0.013 J-0.0352
X5.6301 Y-3.8052 I0.017 J-0.0334 F300.
G1 X5.5857 Y-4.0403
G3 X5.5926 Y-4.0698 I0.0368 J-0.007
X5.6187 Y-4.0845 I0.03 J0.0226 F60.
G1 X5.6896 Y-4.0892
G3 X5.7655 Y-4.0635 I0.0018 J0.1197
X5.8506 Y-3.9264 I-0.1176 J0.1679
X5.7874 Y-3.8209 I-0.1023 J0.0104
G1 X5.7312 Y-3.7979
G3 X5.7012 Y-3.7997 I-0.013 J-0.0352
X5.6809 Y-3.8289 I0.017 J-0.0334 F300.
G1 X5.6561 Y-4.0477
G3 X5.6634 Y-4.0745 I0.0373 J-0.0042
X5.6896 Y-4.0892 I0.03 J0.0226 F60.
G1 X5.7424 Y-4.0927
X5.7486 Y-4.0931
G3 X5.8369 Y-4.0603 I0.0016 J0.1309
X5.9056 Y-3.9333 I-0.1096 J0.1413
X5.8413 Y-3.8416 I-0.0923 J0.0037
G2 X5.7874 Y-3.8208 I0.1806 J0.5486
G1 X5.7832 Y-3.8196
X5.7788 Y-3.8188
X5.7744 Y-3.8185
X5.77 Y-3.8188
X5.7657 Y-3.8196
X5.7614 Y-3.8209
X5.7574 Y-3.8227
G3 X5.7371 Y-3.8519 I0.017 J-0.0334 F300.
G1 X5.7148 Y-4.0516
G3 X5.7223 Y-4.0785 I0.0373 J-0.0042
X5.7486 Y-4.0931 I0.0298 J0.0228 F60.
X5.8211 Y-4.0946 I0.0591 J1.1258
X5.9036 Y-4.0572 I-0.0083 J0.1279
X5.9576 Y-3.9545 I-0.1103 J0.1235
X5.8934 Y-3.8581 I-0.092 J0.0084
G1 X5.8413 Y-3.8416
G3 X5.8116 Y-3.8458 I-0.0101 J-0.0361
X5.7938 Y-3.8759 I0.0197 J-0.0319 F300.
G1 X5.7851 Y-4.0553
G3 X5.794 Y-4.0815 I0.0375 J-0.0018
X5.8211 Y-4.0946 I0.0285 J0.0244 F60.
G1 X5.8807 Y-4.0947
G3 X5.9646 Y-4.0542 I-0.0063 J0.1201
X6.0077 Y-3.9578 I-0.1001 J0.1026
X5.9844 Y-3.8999 I-0.0927 J-0.0035
G1 X5.9728 Y-3.8891
X5.9595 Y-3.8805
X5.9448 Y-3.8744
X5.8934 Y-3.8581
G3 X5.8637 Y-3.8624 I-0.01 J-0.0361
X5.8459 Y-3.894 I0.0197 J-0.0319 F300.
G1 X5.8446 Y-4.0569
G3 X5.8537 Y-4.0816 I0.0375 J-0.0003
X5.8807 Y-4.0947 I0.0285 J0.0244 F60.
G1 X5.9397 Y-4.0948
G3 X6.018 Y-4.0553 I-0.0071 J0.1114
X6.0542 Y-3.9742 I-0.0914 J0.0894
G1 X6.0525 Y-3.9579
G3 X5.9898 Y-3.8885 I-0.0875 J-0.016
G1 X5.9673 Y-3.8815
X5.9448 Y-3.8744
G3 X5.915 Y-3.8786 I-0.01 J-0.0361
X5.8973 Y-3.9121 I0.0197 J-0.0319 F300.
G1 X5.9037 Y-4.059
G3 X5.9127 Y-4.0818 I0.0375 J0.0016
X5.9397 Y-4.0948 I0.0285 J0.0244 F60.
G1 X5.956
X5.9898 Y-4.0943
X5.9959 Y-4.094
G3 X6.0785 Y-4.0416 I-0.0107 J0.1081
X6.0965 Y-3.9616 I-0.0859 J0.0614
X6.0617 Y-3.9117 I-0.0844 J-0.0217
G1 X6.0481 Y-3.9042
X6.0334 Y-3.8993
X6.001 Y-3.8917
X5.9898 Y-3.8885
G3 X5.9602 Y-3.8934 I-0.0092 J-0.0364
X5.9433 Y-3.9289 I0.0204 J-0.0314 F300.
G1 X5.9577 Y-4.0605
G3 X5.9681 Y-4.0827 I0.0373 J0.0041
X5.9959 Y-4.094 I0.0269 J0.0262 F60.
G1 X6.0494 Y-4.0907
G3 X6.1212 Y-4.0453 I-0.0105 J0.0962
X6.1368 Y-3.9646 I-0.074 J0.0562
X6.0761 Y-3.909 I-0.0798 J-0.0262
G1 X6.0334 Y-3.8993
G3 X6.0041 Y-3.9058 I-0.0072 J-0.0368
X5.9894 Y-3.9431 I0.0221 J-0.0303 F300.
G1 X6.0115 Y-4.0601
G3 X6.0215 Y-4.0794 I0.0368 J0.007
X6.0494 Y-4.0907 I0.0268 J0.0262 F60.
G1 X6.0985 Y-4.0876
G3 X6.1658 Y-4.0413 I-0.0111 J0.0881
X6.117 Y-3.9183 I-0.0667 J0.0447
G1 X6.1126 Y-3.9177
X6.1082
X6.1038 Y-3.9182
X6.0995 Y-3.9191
X6.0953 Y-3.9206
X6.0914 Y-3.9226
X6.0877 Y-3.925
G3 X6.0728 Y-3.9503 I0.0223 J-0.0302 F300.
G1 X6.0603 Y-4.0453
G3 X6.0707 Y-4.0763 I0.0372 J-0.0049
X6.0985 Y-4.0876 I0.0268 J0.0262 F60.
G1 X6.1421 Y-4.0849
G3 X6.2068 Y-4.0372 I-0.0096 J0.0808
X6.2138 Y-3.9842 I-0.0638 J0.0353
X6.1561 Y-3.9272 I-0.0747 J-0.0179
X6.1268 Y-3.9339 I-0.007 J-0.0368
X6.1117 Y-3.9605 I0.0223 J-0.0302 F300.
G1 X6.1038 Y-4.0438
G3 X6.1143 Y-4.0736 I0.0373 J-0.0036
X6.1421 Y-4.0849 I0.0268 J0.0262 F60.
G1 X6.1809 Y-4.0825
G3 X6.2442 Y-4.0341 I-0.007 J0.0747
X6.2436 Y-3.9741 I-0.0641 J0.0293
X6.1899 Y-3.9334 I-0.066 J-0.0313
X6.161 Y-3.9417 I-0.005 J-0.0372
X6.1475 Y-3.9681 I0.0239 J-0.0289 F300.
G1 X6.1425 Y-4.0425
G3 X6.153 Y-4.0712 I0.0374 J-0.0025
X6.1809 Y-4.0825 I0.0268 J0.0262 F60.
G1 X6.1921 Y-4.0818
X6.2034 Y-4.0804
X6.2236 Y-4.0779
G3 X6.2517 Y-4.0661 I-0.0056 J0.0527
X6.2741 Y-4.009 I-0.039 J0.0482
X6.2508 Y-3.9943 I-0.0183 J-0.0032
X6.2407 Y-4.0014 I0.005 J-0.0179 F300.
G1 X6.2068 Y-4.0486
G3 X6.2033 Y-4.0593 I0.0151 J-0.0108
X6.2236 Y-4.0779 I0.0186 J-0.0001 F60.
G1 X6.2371 Y-4.0762
X6.2484 Y-4.0746
G3 X6.2778 Y-4.0314 I-0.0087 J0.0375
G2 X6.2685 Y-3.9696 I1.4281 J0.2465
G3 X6.2371 Y-3.9403 I-0.0377 J-0.0088
G2 X6.1584 Y-3.9278 I0.1497 J1.1981
G1 X6.0761 Y-3.909
G3 X6.048 Y-3.9148 I-0.007 J-0.0368
G1 X6.0468 Y-3.9157
G2 X5.9404 Y-3.9576 I-0.1491 J0.2222 F300.
X5.922 Y-3.956 I-0.006 J0.037
G1 X5.7147 Y-3.8832
G2 X5.6993 Y-3.873 I0.0124 J0.0354
X5.6426 Y-3.7744 I0.1984 J0.1796
G1 X5.642 Y-3.7723 F60.
G3 X5.6243 Y-3.7506 I-0.0358 J-0.0111
G1 X5.5625 Y-3.7192
G3 X5.4674 Y-3.7161 I-0.0512 J-0.1097
X5.4036 Y-3.7655 I0.0275 J-0.1012
X5.3977 Y-3.8415 I0.086 J-0.0449
G2 X5.4148 Y-3.8966 I-0.4783 J-0.1788
G1 X5.4162 Y-3.9008
X5.418 Y-3.9048
X5.4204 Y-3.9085
X5.4231 Y-3.912
X5.4262 Y-3.9151
X5.4297 Y-3.9178
X5.4334 Y-3.9201
G3 X5.4818 Y-3.9083 I0.0175 J0.0332 F300.
G1 X5.5752 Y-3.7733
G3 X5.5808 Y-3.743 I-0.0308 J0.0213
X5.5625 Y-3.7192 I-0.0364 J-0.0089 F60.
G1 X5.5288 Y-3.702
X5.5098 Y-3.6922
G3 X5.4006 Y-3.706 I-0.0437 J-0.0932
X5.3817 Y-3.7955 I0.0521 J-0.0577
G1 X5.3897 Y-3.818
X5.3977 Y-3.8415
G3 X5.4188 Y-3.8629 I0.035 J0.0134
X5.4654 Y-3.8467 I0.014 J0.0348 F300.
G1 X5.5241 Y-3.7436
G3 X5.528 Y-3.7162 I-0.0326 J0.0186
X5.5098 Y-3.6922 I-0.0364 J-0.0088 F60.
G2 X5.4726 Y-3.6704 I0.2534 J0.4747
G3 X5.3885 Y-3.6734 I-0.0398 J-0.0649
X5.3617 Y-3.7508 I0.0442 J-0.0587
G1 X5.3668 Y-3.7643
G3 X5.3904 Y-3.7828 I0.033 J0.0178
X5.4243 Y-3.7749 I0.0094 J0.0363 F300.
G1 X5.4763 Y-3.73
G3 X5.4888 Y-3.6957 I-0.0245 J0.0284
X5.4726 Y-3.6704 I-0.037 J-0.0059 F60.
G1 X5.4368 Y-3.6484
G3 X5.4143 Y-3.6405 I-0.0287 J-0.046
X5.3517 Y-3.7341 I-0.0046 J-0.0646
X5.3734 Y-3.7554 I0.0459 J0.0249
X5.4573 Y-3.6711 I0.0289 J0.0552 F300.
X5.4368 Y-3.6484 I-0.0551 J-0.0291 F60.
G1 X5.4102 Y-3.6319
G3 X5.3757 Y-3.6261 I-0.0242 J-0.0378
X5.3386 Y-3.7101 I0.0117 J-0.0554
X5.3554 Y-3.7254 I0.0364 J0.0232
G1 X5.359 Y-3.7271
X5.3628 Y-3.7285
G3 X5.4298 Y-3.6553 I0.0173 J0.0514 F300.
X5.4102 Y-3.6319 I-0.0497 J-0.0218 F60.
G1 X5.3871 Y-3.6177
G3 X5.353 Y-3.6118 I-0.0236 J-0.0346
X5.3245 Y-3.6868 I0.0122 J-0.0476
X5.3369 Y-3.698 I0.0332 J0.0242
X5.3499 Y-3.7032 I0.0239 J0.0409
X5.4057 Y-3.6418 I0.011 J0.0461 F300.
X5.3871 Y-3.6177 I-0.0448 J-0.0154 F60.
G1 X5.3641 Y-3.6035
G3 X5.3184 Y-3.6068 I-0.0204 J-0.0357
X5.3092 Y-3.6642 I0.0259 J-0.0336
X5.3201 Y-3.6741 I0.029 J0.0211
X5.3353 Y-3.6793 I0.0209 J0.036
X5.3815 Y-3.6282 I0.0058 J0.0412 F300.
X5.3641 Y-3.6035 I-0.0404 J-0.0099 F60.
G1 X5.3489 Y-3.5941
G3 X5.2992 Y-3.6496 I-0.0192 J-0.0328
G1 X5.3221 Y-3.6832
X5.3246 Y-3.6858 Z0.2288
X5.3272 Y-3.6884 Z0.2295
X5.3296 Y-3.6909 Z0.2306
X5.333 Y-3.6928 Z0.2323
X5.3362 Y-3.6946 Z0.2347
X5.3391 Y-3.6962 Z0.2375
X5.3417 Y-3.6968 Z0.2405
X5.3439 Y-3.6973 Z0.2439
X5.3457 Y-3.6978 Z0.2476
X5.347 Y-3.6981 Z0.2514
X5.3477 Y-3.6983 Z0.2554
X5.348 Z0.2595
G0 Z0.6903
X3.6091 Y-3.1163
Z0.3286
G1 Z0.2911 F60.
X3.6094 Y-3.1161 Z0.2866
X3.6101 Y-3.1157 Z0.2821
X3.6112 Y-3.115 Z0.2778
X3.6128 Y-3.1141 Z0.2737
X3.6149 Y-3.1129 Z0.2698
X3.6173 Y-3.1115 Z0.2662
X3.62 Y-3.1099 Z0.263
X3.6231 Y-3.1081 Z0.2602
X3.6264 Y-3.1061 Z0.2579
X3.63 Y-3.104 Z0.256
X3.6337 Y-3.1018 Z0.2547
X3.6375 Y-3.0995 Z0.2539
X3.6414 Y-3.0972 Z0.2536
G3 X3.8068 Y-2.974 I-0.4863 J0.8247
G1 X3.8104 Y-2.9703
G3 X3.8096 Y-2.9282 I-0.1316 J0.0184
X3.7882 Y-2.8485 I-0.3292 J-0.0453
G1 X3.7829 Y-2.8387
X3.7768 Y-2.8294
X3.7687 Y-2.8182
X3.7637 Y-2.8104
X3.7615 Y-2.807
G3 X3.7113 Y-2.7562 I-0.1283 J-0.0767
X3.6458 Y-2.7399 I-0.0659 J-0.1244
X3.5518 Y-2.7491 I-0.0181 J-0.2995
G1 X3.5423 Y-2.753
G3 X3.5226 Y-2.7758 I0.0162 J-0.0338
X3.5501 Y-2.8234 I0.0358 J-0.0111 F300.
G1 X3.7207 Y-2.8623
G3 X3.7648 Y-2.8368 I0.0083 J0.0366
X3.7615 Y-2.807 I-0.0358 J0.0111 F60.
G1 X3.7335 Y-2.762
X3.7266 Y-2.7508
X3.7247 Y-2.7474
X3.7215 Y-2.7423
G3 X3.6269 Y-2.7162 I-0.0633 J-0.0447
G1 X3.6215 Y-2.7191
X3.6163 Y-2.7224
X3.6114 Y-2.7262
X3.6068 Y-2.7304
X3.6026 Y-2.7349
G3 X3.6114 Y-2.8374 I0.0557 J-0.0469 F300.
X3.7327 Y-2.7771 I0.0476 J0.0564
X3.7247 Y-2.7474 I-0.0737 J-0.0039 F60.
G1 X3.7203 Y-2.7396
X3.7187 Y-2.7365
X3.7093 Y-2.7171
G3 X3.6625 Y-2.7006 I-0.033 J-0.019
G1 X3.5838 Y-2.7349
X3.4264 Y-2.8036
X3.4186 Y-2.807
X3.3814 Y-2.8215
X3.1228 Y-2.9223
X3.1116 Y-2.9266
X3.1003 Y-2.9308
X3.0891 Y-2.9348
X2.8076 Y-3.0316
X2.7855 Y-3.0392
X2.7734 Y-3.0429
X2.482 Y-3.1303
X2.4738 Y-3.1328
X2.4483 Y-3.1398
X2.1559 Y-3.2149
X2.1447 Y-3.2177
X2.1222 Y-3.2229
X2.111 Y-3.2254
X1.9423 Y-3.2616
G3 X1.8331 Y-3.3432 I0.0296 J-0.1535
X1.8366 Y-3.4451 I0.0913 J-0.0478
X1.8937 Y-3.4886 I0.119 J0.0969
X1.9726 Y-3.5168 I0.1382 J0.2624
G1 X1.9838 Y-3.5176
X2.0548 Y-3.5205
X2.0772 Y-3.5217
X2.0885 Y-3.5223
X2.482 Y-3.5519
X2.4932 Y-3.5529
X2.527 Y-3.5564
X2.8867 Y-3.5958
X2.898 Y-3.5971
X2.9205 Y-3.6
X2.9317 Y-3.6015
X3.2915 Y-3.6532
X3.3252 Y-3.6582
X3.3396 Y-3.6607
X3.7187 Y-3.7284
X3.7299 Y-3.7304
X3.7637 Y-3.7374
X3.9885 Y-3.7855
G3 X4.0739 Y-3.7793 I0.033 J0.1377
G1 X4.0831 Y-3.7749
G3 X4.1456 Y-3.735 I-0.1899 J0.3658
G1 X4.1558 Y-3.726
X4.1649 Y-3.7159
X4.1729 Y-3.7049
G3 X4.1765 Y-3.6751 I-0.0323 J0.0191
X4.1254 Y-3.6515 I-0.0359 J-0.0107 F300.
G1 X3.9825 Y-3.7148
G3 X3.9647 Y-3.7671 I0.0152 J-0.0343
X3.9885 Y-3.7855 I0.0329 J0.018 F60.
G1 X4.0622 Y-3.8012
G3 X4.1347 Y-3.7678 I0.0155 J0.0618
G1 X4.1363 Y-3.7637
X4.1375 Y-3.7594
X4.1381 Y-3.7551
X4.1382 Y-3.7506
X4.1377 Y-3.7462
X4.1368 Y-3.7419
X4.1354 Y-3.7378
G3 X4.0857 Y-3.7176 I-0.0347 J-0.0143 F300.
G1 X4.0563 Y-3.7304
G3 X4.0384 Y-3.7828 I0.015 J-0.0344
X4.0622 Y-3.8012 I0.0329 J0.018 F60.
G1 X4.0785 Y-3.8047
G3 X4.101 Y-3.8059 I0.0135 J0.0417
X4.1269 Y-3.7843 I-0.0086 J0.0368
G2 X4.1583 Y-3.7282 I0.3132 J-0.1381
X4.2022 Y-3.6655 I0.3828 J-0.221
G1 X4.2248 Y-3.6383
X4.2342 Y-3.627
G2 X4.3033 Y-3.5628 I0.6939 J-0.6772
X4.4581 Y-3.4698 I0.443 J-0.5626
X4.5394 Y-3.4415 I0.3624 J-0.9074
X4.6163 Y-3.4248 I0.407 J-1.6973
X4.7193 Y-3.4177 I0.1219 J-1.0067
X4.8087 Y-3.4247 I-0.0222 J-0.8494
X4.888 Y-3.441 I-0.1295 J-0.8313
G1 X4.9066 Y-3.4473
X4.9329 Y-3.4558
X4.9442 Y-3.4599
X4.9615 Y-3.4653
X5.0045 Y-3.4759
X5.0429 Y-3.4981
X5.0703 Y-3.5224
X5.0748 Y-3.5262
X5.0795 Y-3.5297
X5.0844 Y-3.5331
X5.0868 Y-3.5339 Z0.2538
X5.0892 Y-3.5347 Z0.2545
X5.0914 Y-3.5355 Z0.2556
X5.0936 Y-3.5357 Z0.2572
X5.0953 Y-3.5354 Z0.259
X5.0967 Y-3.5352 Z0.2611
X5.0977 Y-3.5351 Z0.2634
X5.0983 Y-3.535 Z0.2658
X5.0985 Z0.2683
G0 Z0.6903
X4.8956 Y-3.4124
Z0.3286
G1 Z0.2911 F60.
X4.8958 Y-3.4126 Z0.2866
X4.8963 Y-3.4133 Z0.2821
X4.8972 Y-3.4143 Z0.2778
X4.8983 Y-3.4158 Z0.2737
X4.8998 Y-3.4176 Z0.2698
X4.9016 Y-3.4197 Z0.2662
X4.9036 Y-3.4222 Z0.263
X4.9059 Y-3.425 Z0.2602
X4.9083 Y-3.428 Z0.2579
X4.9109 Y-3.4312 Z0.256
X4.9136 Y-3.4346 Z0.2547
X4.9165 Y-3.438 Z0.2539
X4.9193 Y-3.4415 Z0.2536
G3 X4.9442 Y-3.4599 I0.0483 J0.0393
G2 X5.0004 Y-3.4844 I-0.1333 J-0.3824
X5.0733 Y-3.526 I-0.161 J-0.367
G1 X5.0906 Y-3.5372
G2 X5.169 Y-3.6017 I-0.4234 J-0.5944
X5.2253 Y-3.6633 I-0.7056 J-0.7006
X5.2844 Y-3.7505 I-0.7841 J-0.5949
X5.3177 Y-3.818 I-4.3659 J-2.1977
X5.3506 Y-3.919 I-0.8973 J-0.3487
X5.3643 Y-3.9977 I-0.8766 J-0.1922
G3 X5.4222 Y-4.0979 I0.13 J0.0083
X5.5205 Y-4.1438 I0.1779 J0.2527
G1 X5.5297 Y-4.1453
G3 X5.5583 Y-4.1359 I0.0036 J0.0373
X5.5576 Y-4.0795 I-0.025 J0.028 F300.
G1 X5.4258 Y-3.9668
G3 X5.3743 Y-3.9695 I-0.0244 J-0.0285
X5.364 Y-3.9977 I0.0272 J-0.0258 F60.
G2 X5.3685 Y-4.0651 I-1.1861 J-0.1121
G3 X5.4336 Y-4.1326 I0.0742 J0.0065
G1 X5.4398 Y-4.133
X5.4459 Y-4.1327
X5.4521 Y-4.1319
X5.4581 Y-4.1306
X5.464 Y-4.1287
G3 X5.5006 Y-4.0324 I-0.0239 J0.0642 F300.
X5.3753 Y-4.0352 I-0.062 J-0.0329
X5.3685 Y-4.0651 I0.0634 J-0.03 F60.
G1 X5.3689 Y-4.0764
X5.3684 Y-4.0876
G3 X5.4051 Y-4.1288 I0.0381 J-0.0031
G1 X5.54 Y-4.1466
X5.5513 Y-4.1479
X5.585 Y-4.1502
X5.7424 Y-4.1606
X5.7537 Y-4.1613
X5.7761 Y-4.162
X5.7874 Y-4.1623
X5.956 Y-4.1626
X5.9898 Y-4.1622
X6.1921 Y-4.1497
X6.2208 Y-4.1451
G3 X6.3065 Y-4.0866 I-0.0187 J0.1195
X6.3271 Y-4.0121 I-0.1627 J0.085
X6.2855 Y-3.9191 I-0.113 J0.0053
X6.1984 Y-3.8669 I-0.2077 J-0.2475
G1 X6.1864 Y-3.8641
X6.1696 Y-3.8607
X6.1584 Y-3.8583
X6.0308 Y-3.8292
X6.001 Y-3.821
X5.9898 Y-3.8175
X5.8661 Y-3.7784
X5.8436 Y-3.7707
X5.8324 Y-3.7661
X5.7087 Y-3.7155
X5.6974 Y-3.7108
X5.6858 Y-3.7057
X5.675 Y-3.7003
X5.5513 Y-3.6374
X5.54 Y-3.6316
G2 X5.4221 Y-3.5595 I2.0717 J3.5219
G3 X5.3875 Y-3.544 I-0.0835 J-0.1398
G1 X5.3447 Y-3.5323
X5.3068 Y-3.5091
X5.2742 Y-3.479
X5.2455 Y-3.4452
X5.2289 Y-3.4232
X5.2237 Y-3.4167
X5.218 Y-3.4106
X5.2119 Y-3.4048
G3 X5.1847 Y-3.409 I-0.0117 J-0.0144
X5.1892 Y-3.4342 I0.0154 J-0.0103 F300.
G1 X5.4007 Y-3.59
G3 X5.4261 Y-3.5868 I0.011 J0.0149
X5.422 Y-3.5596 I-0.0144 J0.0117 F60.
G1 X5.3939 Y-3.5422
X5.3861 Y-3.5372
X5.3714 Y-3.5268
X5.259 Y-3.4439
X5.2477 Y-3.4353
X5.2365 Y-3.4263
X5.1241 Y-3.3282
X5.1192 Y-3.3237
X5.1071 Y-3.3125
X5.0088 Y-3.2114
X4.998 Y-3.2002
X4.9891 Y-3.1905
X4.9784 Y-3.1777
G3 X4.8802 Y-3.1293 I-0.1039 J-0.0871
X4.805 Y-3.1294 I-0.0373 J-0.3328
G1 X4.7923 Y-3.1322
X4.78 Y-3.1363
G3 X4.7595 Y-3.1582 I0.0149 J-0.0344
X4.7877 Y-3.2075 I0.0354 J-0.0124 F300.
G1 X4.9414 Y-3.2373
G3 X4.9855 Y-3.2069 I0.0071 J0.0368
X4.9784 Y-3.1777 I-0.037 J0.0064 F60.
G1 X4.9346 Y-3.1246
G3 X4.8505 Y-3.1066 I-0.0534 J-0.044
X4.8276 Y-3.1269 I0.0314 J-0.0584
X4.8546 Y-3.2254 I0.0543 J-0.038 F300.
X4.9472 Y-3.1525 I0.0274 J0.0605
X4.9346 Y-3.1246 I-0.0652 J-0.0124 F60.
G1 X4.9217 Y-3.1088
G3 X4.8767 Y-3.0934 I-0.0325 J-0.0215
G1 X4.8653 Y-3.099
X4.8532 Y-3.1052
X4.8317 Y-3.1158
G2 X4.7306 Y-3.1538 I-0.4953 J1.1662
G1 X4.6743 Y-3.1685
X4.6631 Y-3.1712
X4.6406 Y-3.1761
G2 X4.5394 Y-3.1895 I-0.21 J1.1978
X4.4382 Y-3.1907 I-0.0675 J1.3726
X4.337 Y-3.18 I0.0831 J1.2638
X4.2471 Y-3.1603 I0.3369 J1.7534
X4.1571 Y-3.1298 I0.6162 J1.9689
X4.0672 Y-3.0869 I0.5632 J1.2951
X3.9885 Y-3.0391 I0.7454 J1.315
X3.8953 Y-2.9645 I0.829 J1.1309
G1 X3.8616 Y-2.9305
X3.8392 Y-2.9081
X3.8311 Y-2.8988
X3.7937 Y-2.8519
X3.7862 Y-2.8424
X3.7768 Y-2.8294
G3 X3.7504 Y-2.815 I-0.0296 J-0.023
X3.7317 Y-2.8182 I-0.0032 J-0.0374 F300.
G1 X2.808 Y-3.1688
X2.4707 Y-3.2677
X2.2346 Y-3.3287
G2 X2.1784 Y-3.3293 I-0.0291 J0.094
G1 X2.0885 Y-3.3062
X1.9727 Y-3.2646
X1.9648 Y-3.2617 F60.
X1.9423 Y-3.2616
X1.8636 Y-3.2785
G3 X1.8235 Y-3.3157 I0.0078 J-0.0488
G1 X1.8227 Y-3.3208
X1.8225 Y-3.3259
X1.8228 Y-3.3311
X1.8236 Y-3.3361
X1.825 Y-3.3411
X1.8268 Y-3.3459
G3 X1.8362 Y-3.3603 I0.047 J0.0204 F300.
X1.9083 Y-3.2935 I0.0361 J0.0334
X1.8938 Y-3.2827 I-0.0361 J-0.0334
X1.8636 Y-3.2785 I-0.0215 J-0.0442 F60.
G1 X1.8524 Y-3.281
G3 X1.8243 Y-3.3125 I0.0101 J-0.0373
G2 X1.7991 Y-3.3888 I-0.544 J0.1376
G3 X1.8098 Y-3.4701 I0.0854 J-0.03
X1.8873 Y-3.5136 I0.0814 J0.0542
X1.9149 Y-3.5017 I0.0002 J0.0375
X1.9177 Y-3.4538 I-0.0274 J0.0256 F300.
G1 X1.8639 Y-3.3811
G3 X1.821 Y-3.3682 I-0.0301 J-0.0223
X1.7992 Y-3.3888 I0.0128 J-0.0353 F60.
G2 X1.7822 Y-3.4248 I-0.5398 J0.2329
G1 X1.7797 Y-3.4303
X1.7779 Y-3.436
G3 X1.8366 Y-3.5115 I0.0612 J-0.0129
X1.866 Y-3.5035 I0.0004 J0.0569
X1.8904 Y-3.4741 I-0.0291 J0.0488 F300.
X1.8034 Y-3.4028 I-0.056 J0.0204
X1.7822 Y-3.4248 I0.031 J-0.0509 F60.
G1 X1.7708 Y-3.4473
X1.7677 Y-3.4535
X1.7669 Y-3.455
X1.7664 Y-3.4561
X1.7654 Y-3.4584
X1.7645 Y-3.4608
X1.7638 Y-3.4633
G3 X1.7835 Y-3.4711 I0.0103 J-0.0027
G1 X1.7842 Y-3.4695 F300.
X1.7859 Y-3.4647
X1.786 Y-3.4642
X1.7861 Y-3.4638
G3 X1.7664 Y-3.4561 I-0.0103 J0.0026 F60.
G1 X1.7652 Y-3.4585
X1.7635 Y-3.4641
X1.7631 Y-3.4672
G3 X1.7962 Y-3.5097 I0.0377 J-0.0047
G1 X1.8074 Y-3.5103
X1.9838 Y-3.5176
G3 X1.9985 Y-3.5147 I0.0002 J0.0375
G1 X2.0112 Y-3.5051
X2.0134 Y-3.5035 F300.
X2.0592 Y-3.4361
G2 X2.1335 Y-3.3957 I0.0796 J-0.058
G1 X4.7306 Y-3.2884
X4.8205 Y-3.2942
X4.9442 Y-3.3216
X5.0139 Y-3.3462
X5.2365 Y-3.528
X5.3567 Y-3.6158
X6.1628 Y-4.1417
X6.1696 Y-4.1461 F60.
X6.1921 Y-4.1497
X6.2034 Y-4.1485
X6.2259 Y-4.1459
X6.2798 Y-4.1391
X6.2857 Y-4.138
G3 X6.3328 Y-4.1063 I-0.0202 J0.0806
X6.3478 Y-4.0336 I-0.0707 J0.0526
X6.3342 Y-4.006 I-0.0766 J-0.0208
X6.2411 Y-3.9809 I-0.063 J-0.0484 F300.
X6.2492 Y-4.1361 I0.0312 J-0.0762
X6.2798 Y-4.1391 I0.0231 J0.079 F60.
G1 X6.322 Y-4.1337
X6.3279 Y-4.1327
G3 X6.3588 Y-4.0797 I-0.0123 J0.0427
X6.3409 Y-4.0553 I-0.0408 J-0.0113
X6.3044 Y-4.0508 I-0.0229 J-0.0356 F300.
X6.2928 Y-4.1256 I0.0137 J-0.0404
X6.322 Y-4.1337 I0.0253 J0.0344 F60.
X6.361 Y-4.0879 I0.0004 J0.0391
G2 X6.3332 Y-3.9416 I0.9073 J0.2482
G3 X6.2665 Y-3.8761 I-0.0774 J-0.0122
G1 X6.2603 Y-3.8757
X6.2542 Y-3.8759
X6.248 Y-3.8765
X6.242 Y-3.8777
X6.236 Y-3.8794
G3 X6.2012 Y-3.9906 I0.0229 J-0.0682 F300.
X6.3288 Y-3.972 I0.0588 J0.0438
X6.3331 Y-3.9416 I-0.0688 J0.0252 F60.
X6.3299 Y-3.9078 I-0.5894 J-0.0392
X6.3046 Y-3.8821 I-0.0382 J-0.0122
G1 X6.2933 Y-3.8799
X6.2034 Y-3.8671
X6.1921 Y-3.8653
X6.1864 Y-3.8641
X6.1696 Y-3.8651
X6.1575 Y-3.8722
X6.1542 Y-3.8742 F300.
X6.0909 Y-3.9366 Z0.2537
G2 X5.9898 Y-3.9568 Z0.254 I-0.067 J0.0721
G1 X5.7761 Y-3.8844 Z0.255
X5.6075 Y-3.8122 Z0.2562
X5.4613 Y-3.7361 Z0.2576
X5.0229 Y-3.3506 Z0.2638
X4.9504 Y-3.3237 Z0.2647
X4.8542 Y-3.3007 Z0.2658
X4.8093 Y-3.2928 Z0.2664
X4.3258 Y-3.3112 Z0.2719
X4.2021 Y-3.283 Z0.2732
X4.0947 Y-3.2451 Z0.2743
X3.9436 Y-3.1676 Z0.2757
X3.4151 Y-2.8702 Z0.2786
X3.3962 Y-2.8503
X3.3871 Y-2.8407 F60.
X3.3769 Y-2.8263
X3.3749 Y-2.8214
G3 X3.358 Y-2.8134 I-0.0375 J-0.0572
X3.2783 Y-2.8162 I-0.0358 J-0.1154
G1 X3.1228 Y-2.8768
X3.0998 Y-2.8856
X3.0891 Y-2.8897
X3.0779 Y-2.8938
X2.7743 Y-2.9982
X2.7518 Y-3.0051
X2.476 Y-3.0878
X2.4483 Y-3.096
X2.1559 Y-3.1711
X2.1447 Y-3.174
X2.1222 Y-3.1794
X2.111 Y-3.182
X1.8574 Y-3.2364
G3 X1.8106 Y-3.2626 I0.0196 J-0.0902
X1.779 Y-3.3178 I0.0854 J-0.0857
X1.7847 Y-3.3473 I0.0366 J-0.0082
X1.8431 Y-3.3514 I0.0308 J0.0213 F300.
G1 X1.8916 Y-3.2988
G3 X1.8867 Y-3.2435 I-0.0276 J0.0254
X1.8574 Y-3.2364 I-0.0226 J-0.0299 F60.
G1 X1.8173 Y-3.2451
G3 X1.7894 Y-3.2732 I0.0094 J-0.0372
G2 X1.7369 Y-3.4203 I-0.4943 J0.0934
G3 X1.755 Y-3.5275 I0.0713 J-0.0432
X1.8254 Y-3.5535 I0.0764 J0.0988
G1 X1.8298 Y-3.5533
X1.8341 Y-3.5525
X1.8384 Y-3.5513
X1.8424 Y-3.5495
X1.8463 Y-3.5473
X1.8498 Y-3.5447
X1.853 Y-3.5416
G3 X1.8558 Y-3.4937 I-0.0274 J0.0256 F300.
G1 X1.7993 Y-3.4172
G3 X1.7613 Y-3.4028 I-0.0302 J-0.0223
X1.7369 Y-3.4203 I0.0078 J-0.0367 F60.
G1 X1.7344 Y-3.4248
X1.7213 Y-3.4473
X1.7137 Y-3.4585
X1.7106 Y-3.4637
X1.7082 Y-3.4691
X1.7064 Y-3.4749
G3 X1.7655 Y-3.551 I0.0617 J-0.0131
X1.7949 Y-3.5428 I0.0004 J0.0554
X1.815 Y-3.5211 I-0.029 J0.0472 F300.
X1.7374 Y-3.4392 I-0.053 J0.0275
X1.7137 Y-3.4585 I0.0246 J-0.0544 F60.
G1 X1.6986 Y-3.481
X1.6975 Y-3.4825
X1.6942 Y-3.4875
X1.6916 Y-3.4929
G3 X1.7316 Y-3.5496 I0.0418 J-0.013
X1.7596 Y-3.5385 I0.0003 J0.0404
G1 X1.7629 Y-3.535 F300.
X1.7658 Y-3.531
G3 X1.7235 Y-3.467 I-0.0353 J0.0226
X1.6975 Y-3.4825 I0.007 J-0.0414 F60.
X1.6861 Y-3.5035 I0.035 J-0.0326
X1.7175 Y-3.5487 I0.0372 J-0.0077
G1 X1.7287 Y-3.5495
X2.0548 Y-3.563
X2.0772 Y-3.5642
X2.0885 Y-3.5648
X2.482 Y-3.5945
X2.4932 Y-3.5955
X2.5494 Y-3.6016
X2.8867 Y-3.6385
X2.898 Y-3.6398
X2.9092 Y-3.6412
X2.9205 Y-3.6427
X3.2915 Y-3.6961
X3.3252 Y-3.7013
X3.3499 Y-3.7057
X3.6962 Y-3.7675
X3.727 Y-3.7731
X3.7299 Y-3.7736
X4.0622 Y-3.8446
G3 X4.1327 Y-3.8309 I0.0198 J0.0868
X4.174 Y-3.7843 I-0.065 J0.099
X4.1763 Y-3.7543 I-0.0331 J0.0176
X4.1217 Y-3.7345 I-0.0354 J-0.0123 F300.
G1 X4.0521 Y-3.776
G3 X4.0384 Y-3.8262 I0.0192 J-0.0322
X4.0622 Y-3.8446 I0.0329 J0.018 F60.
G1 X4.101 Y-3.8529
X4.1122 Y-3.8551
G3 X4.1528 Y-3.8292 I0.0045 J0.0377
G2 X4.3146 Y-3.6091 I0.5581 J-0.2405
G1 X4.3258 Y-3.5988
G2 X4.3973 Y-3.5483 I0.7474 J-0.982
G1 X4.4178 Y-3.5372
G2 X4.9328 Y-3.5008 I0.2965 J-0.5343
G1 X4.9442 Y-3.5047
G2 X5.023 Y-3.5435 I-0.4128 J-0.9377
X5.0952 Y-3.5932 I-0.547 J-0.8722
G1 X5.1241 Y-3.6182
X5.1353 Y-3.6281
X5.1458 Y-3.6383
X5.1565 Y-3.6495
X5.1865 Y-3.6832
X5.1961 Y-3.6944
G2 X5.2484 Y-3.7729 I-0.8525 J-0.6245
X5.2815 Y-3.8419 I-1.2775 J-0.657
X5.3069 Y-3.9191 I-1.2374 J-0.4494
X5.3229 Y-4.0089 I-0.8069 J-0.1895
X5.3265 Y-4.0746 I-2.4169 J-0.1659
G1 X5.3263 Y-4.0764
G3 X5.3486 Y-4.1374 I0.0853 J-0.0034
X5.4204 Y-4.1738 I0.0876 J0.0838
X5.449 Y-4.1644 I0.0036 J0.0373
X5.4497 Y-4.1091 I-0.025 J0.028 F300.
G1 X5.3894 Y-4.0524
G3 X5.3408 Y-4.05 I-0.0257 J-0.0273
X5.3263 Y-4.0764 I0.0229 J-0.0297 F60.
G1 X5.3251 Y-4.0988
X5.3244 Y-4.1101
X5.3237 Y-4.1213
X5.3236 Y-4.123
X5.3235 Y-4.1242
Y-4.128
X5.3236 Y-4.1303
X5.3237 Y-4.1325
G3 X5.3446 Y-4.1531 I0.0267 J0.0063
G1 X5.3476 Y-4.1535 F300.
X5.3507 Y-4.1537
G3 X5.3768 Y-4.1222 I-0.0004 J0.0269
X5.3417 Y-4.1013 I-0.0265 J-0.0046
X5.3235 Y-4.1242 I0.0086 J-0.0255 F60.
X5.3629 Y-4.166 I0.0384 J-0.0032
G1 X5.5176 Y-4.1864
X5.54 Y-4.1893
X5.5513 Y-4.1905
X5.7424 Y-4.2031
X5.7537 Y-4.2038
X5.7761 Y-4.2044
X5.7874 Y-4.2047
X5.956 Y-4.205
X5.9898 Y-4.2047
X6.1921 Y-4.1922
G3 X6.322 Y-4.1765 I-0.4139 J3.9654
X6.3885 Y-4.1285 I-0.0099 J0.0839
X6.3956 Y-4.0512 I-0.1116 J0.0492
X6.3767 Y-4.0279 I-0.0362 J-0.01
X6.3262 Y-4.0438 I-0.0172 J-0.0333 F300.
G1 X6.2854 Y-4.1217
G3 X6.2935 Y-4.167 I0.0332 J-0.0174
X6.322 Y-4.1765 I0.0251 J0.0279 F60.
G1 X6.3697 Y-4.1704
X6.3757 Y-4.1694
G3 X6.41 Y-4.1024 I-0.0153 J0.0501
X6.3908 Y-4.0788 I-0.0452 J-0.0171
X6.3497 Y-4.0736 I-0.026 J-0.0407 F300.
X6.34 Y-4.1638 I0.0156 J-0.0473
X6.3697 Y-4.1704 I0.0252 J0.0429 F60.
G1 X6.3833 Y-4.1687
G3 X6.4164 Y-4.1213 I-0.0039 J0.038
G2 X6.3742 Y-3.9242 I0.7673 J0.2673
G3 X6.3378 Y-3.8593 I-0.0876 J-0.0065
X6.2812 Y-3.8354 I-0.0731 J-0.094
G1 X6.2772 Y-3.8351
G3 X6.2525 Y-3.8444 I0. J-0.0375
X6.2524 Y-3.9008 I0.0247 J-0.0282 F300.
G1 X6.3119 Y-3.9534
G3 X6.363 Y-3.952 I0.0248 J0.0281
X6.3742 Y-3.9242 I-0.0262 J0.0268 F60.
X6.3713 Y-3.8763 I-8.0517 J-0.4655
X6.3383 Y-3.8435 I-0.0376 J-0.0049
G1 X6.2259 Y-3.8275
G2 X6.1584 Y-3.8147 I0.0698 J0.5543
G1 X6.0572 Y-3.7918
X6.0347 Y-3.7866
X6.0264 Y-3.7843
X6.001 Y-3.7766
X5.8773 Y-3.7375
X5.8661 Y-3.7338
X5.8324 Y-3.7203
X5.7143 Y-3.672
X5.7087 Y-3.6696
X5.6974 Y-3.6642
X5.585 Y-3.607
G2 X5.5288 Y-3.5757 I0.339 J0.6747
G1 X5.4164 Y-3.5063
X5.412 Y-3.5035
X5.4051 Y-3.4989
X5.3826 Y-3.4824
X5.2815 Y-3.4078
X5.2742 Y-3.4024
G2 X5.1352 Y-3.2808 I3.6771 J4.3456
G1 X5.1225 Y-3.2676
X5.0341 Y-3.1766
X5.0116 Y-3.1511
X5.0055 Y-3.144
X4.9593 Y-3.0878
G3 X4.8908 Y-3.0553 I-0.0687 J-0.0565
X4.8318 Y-3.0689 I-0.0043 J-0.1163
X4.8124 Y-3.092 I0.0167 J-0.0336
X4.8447 Y-3.1398 I0.036 J-0.0106 F300.
G1 X4.9258 Y-3.1479
G3 X4.9665 Y-3.117 I0.0037 J0.0373
X4.9593 Y-3.0878 I-0.037 J0.0064 F60.
G1 X4.9316 Y-3.0541
G3 X4.8808 Y-3.0428 I-0.0316 J-0.0224
G1 X4.8317 Y-3.0689
G2 X4.7305 Y-3.1095 I-0.503 J1.1087
X4.6406 Y-3.1332 I-0.6736 J2.3675
X4.5394 Y-3.1471 I-0.304 J1.8434
X4.4382 Y-3.1483 I-0.067 J1.4359
G1 X4.382 Y-3.1431
X4.3708 Y-3.1418
X4.3483 Y-3.1388
G2 X4.2583 Y-3.1189 I0.1938 J1.0887
G1 X4.2471 Y-3.1156
X4.1909 Y-3.097
G2 X4.0898 Y-3.0513 I0.4458 J1.1229
X3.9996 Y-2.9949 I0.7006 J1.2205
G1 X3.9885 Y-2.986
X3.9609 Y-2.9642
X3.9323 Y-2.9407
G2 X3.8659 Y-2.8744 I1.3023 J1.37
X3.8046 Y-2.7959 I1.1522 J0.964
X3.7565 Y-2.7171 I1.2241 J0.8017
G1 X3.7543 Y-2.7126
G3 X3.6821 Y-2.663 I-0.0786 J-0.0369
X3.6211 Y-2.6724 I-0.0127 J-0.1198
X3.6015 Y-2.6951 I0.0162 J-0.0338
X3.6277 Y-2.7424 I0.0358 J-0.0111 F300.
G1 X3.7105 Y-2.7644
G3 X3.7547 Y-2.7426 I0.0096 J0.0363
X3.7543 Y-2.7126 I-0.0346 J0.0145 F60.
G1 X3.7524 Y-2.7089
X3.735 Y-2.6722
X3.7335 Y-2.6691
X3.7329 Y-2.6679
X3.7324 Y-2.6669
G3 X3.7131 Y-2.6462 I-0.0428 J-0.0206
X3.683 Y-2.648 I-0.0127 J-0.038
X3.673 Y-2.6548 I0.0173 J-0.0362 F300.
X3.7238 Y-2.7093 I0.0254 J-0.0273
X3.7326 Y-2.6969 I-0.0254 J0.0273
X3.7324 Y-2.6669 I-0.0342 J0.0148 F60.
X3.685 Y-2.6446 I-0.0354 J-0.0137
G1 X3.673 Y-2.6497
X3.4151 Y-2.7622
G2 X3.2783 Y-2.8162 I-1.8274 J4.4357
G3 X3.2578 Y-2.8381 Z0.2787 I0.0148 J-0.0345
X3.2577 Y-2.8629 Z0.2788 I0.0354 J-0.0125 F300.
G1 X3.45 Y-3.6917 Z0.2982
X3.4506 Y-3.6944 F60.
X3.4525 Y-3.7225 Z0.2983
X3.4517 Y-3.727
G3 X3.491 Y-3.7555 I0.049 J0.0262
G1 X3.6962 Y-3.7921
X3.7187 Y-3.7963
X3.7299 Y-3.7984
X4.1071 Y-3.879
G3 X4.1714 Y-3.8469 I0.0117 J0.0569
X4.1753 Y-3.8167 I-0.0508 J0.022
X4.1063 Y-3.7714 I-0.0548 J-0.0082 F300.
X4.0807 Y-3.8637 I0.0144 J-0.0537
X4.1071 Y-3.879 I0.0399 J0.0386 F60.
X4.1347 Y-3.8823 I0.0257 J0.0977
X4.1635 Y-3.8629 I-0.0045 J0.0378
G2 X4.2015 Y-3.7842 I5.48 J-2.5975
X4.2373 Y-3.7281 I7.8348 J-4.9628
X4.2921 Y-3.6629 I0.969 J-0.7577
X4.4157 Y-3.5657 I0.4708 J-0.4716
X4.4832 Y-3.5316 I0.4143 J-0.7361
X4.5619 Y-3.5044 I0.3499 J-0.8851
X4.6406 Y-3.4892 I0.173 J-0.6861
X4.798 Y-3.4906 I0.0735 J-0.5915
X4.9567 Y-3.5368 I-0.0865 J-0.5924
X5.0117 Y-3.5653 I-0.3324 J-0.7088
G1 X5.0205 Y-3.5709
G2 X5.2712 Y-3.8853 I-0.3049 J-0.5002
X5.2953 Y-3.9865 I-0.5311 J-0.1802
X5.2991 Y-4.1275 I-0.5683 J-0.0857
G3 X5.3503 Y-4.189 I0.0584 J-0.0034
G1 X5.3554 Y-4.1893
X5.3606 Y-4.1891
X5.3657 Y-4.1884
X5.3707 Y-4.1873
X5.3756 Y-4.1857
X5.3803 Y-4.1836
G3 X5.4104 Y-4.1187 I-0.0247 J0.0509 F300.
X5.3101 Y-4.099 I-0.0549 J-0.0141
X5.2992 Y-4.1275 I0.0455 J-0.0338 F60.
X5.2988 Y-4.155 I0.1565 J-0.016
X5.3264 Y-4.1853 I0.0384 J0.0073
G1 X5.3377 Y-4.1874
X5.5194 Y-4.2112
X5.5288 Y-4.2123
X5.54 Y-4.2137
X5.5513 Y-4.2148
X5.7424 Y-4.2275
X5.7537 Y-4.2281
X5.7761 Y-4.2287
X5.7874 Y-4.2289
X5.956 Y-4.2293
X5.9898 Y-4.229
X6.1921 Y-4.2165
X6.2259 Y-4.2131
X6.2412 Y-4.2112
X6.3922 Y-4.192
G3 X6.4199 Y-4.1806 I-0.0055 J0.0525
X6.4394 Y-4.1137 I-0.0379 J0.0474
X6.4213 Y-4.0892 I-0.0528 J-0.02
X6.3701 Y-4.0798 I-0.0346 J-0.0446 F300.
X6.3622 Y-4.1866 I0.0169 J-0.055
X6.3922 Y-4.192 I0.0248 J0.0519 F60.
G1 X6.417 Y-4.1889
G3 X6.4489 Y-4.1438 I-0.0055 J0.0377
X6.427 Y-4.0764 I-4.7014 J-1.4927
G2 X6.3973 Y-3.9079 I0.7878 J0.2253
G1 X6.3969 Y-3.8966
X6.3958 Y-3.8742
G3 X6.3458 Y-3.8201 I-0.0587 J-0.0041
X6.3157 Y-3.8252 I-0.0062 J-0.055
X6.2908 Y-3.9013 I0.0239 J-0.0499 F300.
X6.3878 Y-3.9036 I0.0492 J0.0264
X6.3958 Y-3.8742 I-0.0478 J0.0288 F60.
X6.3916 Y-3.846 I-0.1027 J-0.0011
X6.3608 Y-3.8228 I-0.036 J-0.0155
G1 X6.3495 Y-3.8207
G2 X6.2034 Y-3.7996 I1.9914 J14.3444
X6.0234 Y-3.7584 I0.874 J4.2306
X5.8661 Y-3.708 I2.4614 J7.9472
G1 X5.7424 Y-3.6573
X5.7312 Y-3.6526
X5.7087 Y-3.6424
G2 X5.5678 Y-3.5709 I3.0734 J6.2306
X5.4062 Y-3.47 I2.0249 J3.4257
G1 X5.3149 Y-3.4024
X5.3039 Y-3.3942
X5.2815 Y-3.3768
X5.2718 Y-3.3687
X5.1688 Y-3.2788
X5.1578 Y-3.2684
G2 X5.0369 Y-3.144 I3.6914 J3.7085
G1 X4.9537 Y-3.0429
X4.9444 Y-3.0316
G3 X4.8739 Y-3.0192 I-0.0431 J-0.0385
G1 X4.8696 Y-3.022
X4.8655 Y-3.0251
X4.8618 Y-3.0287
X4.8584 Y-3.0325
X4.8554 Y-3.0367
X4.8528 Y-3.0412
G3 X4.8799 Y-3.1159 I0.0479 J-0.0249 F300.
X4.9559 Y-3.0652 I0.0211 J0.0506
G1 X4.9556 Y-3.06
G3 X4.9444 Y-3.0316 I-0.0546 J-0.0052 F60.
G1 X4.9343 Y-3.0204
G3 X4.888 Y-3.0123 I-0.0283 J-0.0254
G1 X4.8767 Y-3.0177
G2 X4.7869 Y-3.0623 I-0.479 J0.8515
G1 X4.7418 Y-3.0797
G2 X4.6631 Y-3.1024 I-0.2476 J0.7084
G1 X4.6406 Y-3.1082
G2 X4.5394 Y-3.1227 I-0.2434 J1.3379
X4.4382 Y-3.1239 I-0.0665 J1.3141
G1 X4.382 Y-3.1188
G2 X4.2696 Y-3.0972 I0.1194 J0.9256
X4.1796 Y-3.067 I0.6359 J2.0431
X4.0896 Y-3.0236 I0.5363 J1.2266
X4.0109 Y-2.9729 I0.5933 J1.0093
G1 X3.9998 Y-2.964
G2 X3.8425 Y-2.8061 I0.4663 J0.6218
X3.805 Y-2.7508 I0.3164 J0.2549
X3.7672 Y-2.6834 I0.4075 J0.2732
G1 X3.7512 Y-2.6497
X3.7482 Y-2.6444
X3.7449 Y-2.6394
G3 X3.6752 Y-2.6223 I-0.0461 J-0.0374
X3.6523 Y-2.6425 I0.0239 J-0.0502
X3.6584 Y-2.7103 I0.0468 J-0.03 F300.
X3.7552 Y-2.68 I0.0412 J0.0383
X3.7512 Y-2.6497 I-0.0557 J0.008 F60.
X3.7373 Y-2.6245 I-0.1451 J-0.0635
X3.69 Y-2.6162 I-0.029 J-0.0264
G1 X3.685 Y-2.6181
X3.6381 Y-2.6385
X3.4264 Y-2.7309
X3.4151 Y-2.7357
X3.3927 Y-2.7453
X3.3814 Y-2.75
X3.0891 Y-2.8639
X3.0779 Y-2.868
X3.0554 Y-2.8758
X2.7855 Y-2.9687
X2.7743 Y-2.9724
X2.7518 Y-2.9797
X2.7286 Y-2.9867
X2.4483 Y-3.0708
X2.4145 Y-3.0796
X2.1559 Y-3.1461
X2.1447 Y-3.1489
X2.1194 Y-3.1552
X2.111 Y-3.1572
X1.8187 Y-3.22
X1.8074 Y-3.2225
G3 X1.7669 Y-3.2641 I0.0141 J-0.0542
G1 X1.7662 Y-3.2692
X1.7659 Y-3.2744
X1.7662 Y-3.2795
X1.7669 Y-3.2846
X1.7682 Y-3.2896
X1.77 Y-3.2944
G3 X1.862 Y-3.3013 I0.0478 J0.0202 F300.
X1.8377 Y-3.2257 I-0.0447 J0.0273
X1.8074 Y-3.2225 I-0.0205 J-0.0482 F60.
G1 X1.7962 Y-3.2256
G3 X1.7688 Y-3.2563 I0.0111 J-0.0375
G2 X1.74 Y-3.3575 I-0.6255 J0.1234
X1.6698 Y-3.478 I-0.4612 J0.1877
G3 X1.6595 Y-3.525 I0.0462 J-0.0347
X1.7177 Y-3.5733 I0.0609 J0.0141
X1.7471 Y-3.5653 I0.0004 J0.0568
X1.7655 Y-3.5477 I-0.0291 J0.0487 F300.
X1.6945 Y-3.46 I-0.0495 J0.0325
X1.6698 Y-3.4781 I0.0215 J-0.0552 F60.
G1 X1.6677 Y-3.481
X1.6516 Y-3.4995
X1.6479 Y-3.5042
G3 X1.6483 Y-3.551 I0.0372 J-0.0231
X1.6845 Y-3.5719 I0.0381 J0.0241
X1.7127 Y-3.5612 I0.0003 J0.0418
G1 X1.7152 Y-3.5588 F300.
X1.7174 Y-3.5562
G3 X1.6787 Y-3.4859 I-0.034 J0.0271
X1.6516 Y-3.4995 I0.0048 J-0.0432 F60.
G1 X1.6482 Y-3.5035
X1.6397 Y-3.5147
G3 X1.6725 Y-3.5714 I0.033 J-0.0188
G1 X2.0548 Y-3.5873
X2.0772 Y-3.5885
X2.0885 Y-3.5892
X2.4595 Y-3.6171
X2.482 Y-3.6189
X2.4932 Y-3.6199
X2.8867 Y-3.6629
X2.898 Y-3.6643
X2.9205 Y-3.6673
X2.9429 Y-3.6705
X3.2915 Y-3.7206
X3.314 Y-3.7241
X3.3252 Y-3.7259
X3.3702 Y-3.7339
X3.491 Y-3.7555
X3.5008 Y-3.7506 Z0.2994
X3.4994 Y-3.7394 Z0.3023
X3.4938 Y-3.7364 Z0.3045
X3.4924 Y-3.7365 Z0.305
X3.4751 Y-3.7378 Z0.3108 F300.
X3.4556 Y-3.7394 Z0.3174 F60.
X3.4484 Y-3.7467 Z0.3183
X3.4476 Y-3.7511
G3 X3.481 Y-3.7752 I0.0417 J0.0227
G1 X3.6962 Y-3.8136
X3.7299 Y-3.8201
X4.0897 Y-3.8969
G3 X4.1324 Y-3.904 I0.0758 J0.3257
X4.1814 Y-3.8742 I0.0029 J0.0505
G1 X4.1909 Y-3.8553
G2 X4.3145 Y-3.6708 I0.5319 J-0.2225
X4.6518 Y-3.5092 I0.4011 J-0.4047
X4.7193 Y-3.5055 I0.107 J-1.3356
X4.9983 Y-3.5819 I-0.008 J-0.5772
X5.0648 Y-3.6269 I-0.5619 J-0.9025
X5.1645 Y-3.7281 I-0.3952 J-0.4891
X5.2148 Y-3.8066 I-0.7207 J-0.5168
X5.2598 Y-3.9191 I-0.6025 J-0.3067
X5.2784 Y-4.0202 I-0.8453 J-0.2077
X5.2775 Y-4.1325 I-0.6626 J-0.0507
G3 X5.2784 Y-4.1663 I0.1621 J-0.0128
X5.3152 Y-4.204 I0.0514 J0.0133
G1 X5.3264 Y-4.2069
X5.3377 Y-4.2086
G3 X5.54 Y-4.2349 I1.2233 J8.6282
G1 X5.5513 Y-4.236
X5.7424 Y-4.2487
X5.7537 Y-4.2493
X5.7761 Y-4.2499
X5.7874 Y-4.2501
X5.956 Y-4.2504
X5.9898 Y-4.2502
X6.1921 Y-4.2377
X6.2259 Y-4.2344
X6.2322 Y-4.2336
X6.4058 Y-4.2117
X6.4089 Y-4.2112
X6.4282 Y-4.2076
X6.4313 Y-4.207
X6.4342 Y-4.2063
X6.4369 Y-4.2055
X6.4395 Y-4.2047
G3 X6.4529 Y-4.1788 I-0.0126 J0.0229
G1 X6.4525 Y-4.1767 F300.
X6.452 Y-4.1746
G3 X6.4173 Y-4.158 I-0.0247 J-0.007
X6.4051 Y-4.1945 I0.01 J-0.0237
X6.4313 Y-4.207 I0.0222 J0.0129 F60.
G1 X6.4339 Y-4.2065
X6.4395 Y-4.2047
X6.4447 Y-4.2021
X6.4459 Y-4.2014
X6.4476 Y-4.2006
X6.451 Y-4.1984
X6.4572 Y-4.1931
G3 X6.4641 Y-4.1642 I-0.0235 J0.0209
X6.4034 Y-4.1802 I-0.0304 J-0.008 F300.
X6.4179 Y-4.1993 I0.0304 J0.008
X6.4285 Y-4.2031 I0.0159 J0.0271 F60.
X6.4476 Y-4.2006 I0.0055 J0.032
X6.459 Y-4.1912 I-0.0167 J0.0319
X6.4706 Y-4.1438 I-0.0362 J0.034
X6.4457 Y-4.0652 I-1.5424 J-0.4471
G2 X6.4164 Y-3.8629 I0.7931 J0.2178
G1 X6.4149 Y-3.8517
G3 X6.372 Y-3.8036 I-0.0519 J-0.0031
G1 X6.3608 Y-3.8014
G3 X6.2259 Y-3.7816 I-0.6768 J-4.1454
G1 X6.2034 Y-3.778
G2 X6.0234 Y-3.7365 I0.8036 J3.8932
X5.8773 Y-3.6893 I1.2978 J4.267
X5.7311 Y-3.6296 I1.5508 J4.006
G1 X5.7017 Y-3.6158
X5.6075 Y-3.5678
G2 X5.5522 Y-3.5372 I0.5433 J1.0441
G1 X5.4726 Y-3.488
G2 X5.4051 Y-3.4429 I0.4289 J0.7147
G1 X5.3152 Y-3.3766
G2 X5.2702 Y-3.3394 I0.5688 J0.7345
X5.169 Y-3.25 I1.9991 J2.366
G1 X5.1578 Y-3.2386
X5.142 Y-3.2226
X5.0656 Y-3.144
G2 X4.9779 Y-3.0389 I2.2535 J1.971
G3 X4.9417 Y-2.9978 I-0.3892 J-0.3065
X4.8879 Y-2.9892 I-0.0338 J-0.0388
X4.8263 Y-3.0205 I0.3325 J-0.7307
G2 X4.7418 Y-3.057 I-0.2799 J0.5325
X4.6406 Y-3.0863 I-0.2484 J0.6688
G1 X4.6354 Y-3.0878
G2 X4.5394 Y-3.1015 I-0.3199 J1.8931
X4.4382 Y-3.1028 I-0.0656 J1.2264
X4.3483 Y-3.0927 I0.0616 J0.9565
G1 X4.3146 Y-3.0857
G2 X4.2247 Y-3.06 I0.1128 J0.5654
X4.1572 Y-3.0333 I0.1228 J0.4096
X3.9915 Y-2.9306 I0.2949 J0.6603
G1 X3.9639 Y-2.9081
G2 X3.8969 Y-2.8407 I1.3073 J1.3671
X3.831 Y-2.7532 I0.7382 J0.6252
X3.7694 Y-2.6384 I0.6181 J0.4051
G3 X3.7496 Y-2.6046 I-0.1732 J-0.0791
X3.6962 Y-2.5915 I-0.0372 J-0.0365
G1 X3.685 Y-2.5954
X3.6737 Y-2.5999
X3.6512 Y-2.6096
X3.3927 Y-2.7225
X3.3814 Y-2.7272
X3.3702 Y-2.7316
X3.0891 Y-2.8411
X3.0779 Y-2.8453
X3.0554 Y-2.8534
X3.0441 Y-2.8573
X2.7855 Y-2.9463
X2.7518 Y-2.9576
X2.7406 Y-2.961
X2.4483 Y-3.0487
X2.4145 Y-3.0578
X2.1335 Y-3.13
X2.1222 Y-3.1328
X2.111 Y-3.1355
X1.8187 Y-3.1983
G3 X1.7736 Y-3.2119 I0.0313 J-0.1854
X1.7498 Y-3.2451 I0.0294 J-0.0461
G2 X1.7288 Y-3.3262 I-1.0961 J0.2408
X1.6273 Y-3.4955 I-0.449 J0.1542
G1 X1.6225 Y-3.5019
G3 X1.6101 Y-3.5417 I0.0396 J-0.0341
X1.6615 Y-3.5915 I0.0564 J0.0069
X1.6911 Y-3.5842 I0.0028 J0.0529
X1.7066 Y-3.5704 I-0.0269 J0.0457 F300.
X1.6482 Y-3.4856 I-0.0434 J0.0326
X1.6225 Y-3.5019 I0.015 J-0.0522 F60.
X1.65 Y-3.5901 I0.0367 J-0.0369
G1 X1.6613 Y-3.5914
X1.6725 Y-3.5924
X1.6837 Y-3.5931
X2.0548 Y-3.6085
X2.0772 Y-3.6097
X2.0885 Y-3.6104
X2.4595 Y-3.6384
X2.482 Y-3.6401
X2.4932 Y-3.6411
X2.8867 Y-3.6842
X2.898 Y-3.6856
X2.9205 Y-3.6887
X2.9606 Y-3.6944
X3.2915 Y-3.742
X3.314 Y-3.7456
X3.3252 Y-3.7474
X3.481 Y-3.7752
X3.4878 Y-3.7731 Z0.3192
X3.4883 Y-3.7618 Z0.3232
X3.4826 Y-3.759 Z0.3265
X3.4784 Y-3.7594 Z0.3285
X3.4712 Y-3.76 Z0.3319 F300.
X3.4483 Y-3.7618 Z0.3428 F60.
X3.4455 Y-3.7665 Z0.3433
X3.4446 Y-3.7712
G3 X3.4778 Y-3.7958 I0.0413 J0.021
G1 X3.6962 Y-3.8348
X3.7253 Y-3.8405
X3.7299 Y-3.8414
X4.0938 Y-3.9191
G3 X4.1347 Y-3.9248 I0.0669 J0.332
X4.1958 Y-3.891 I0.0001 J0.072
G2 X4.2469 Y-3.7898 I10.511 J-5.2497
G1 X4.2654 Y-3.7618
G2 X4.3202 Y-3.6944 I0.8349 J-0.622
X4.3934 Y-3.6311 I0.5006 J-0.5051
G1 X4.3987 Y-3.627
X4.427 Y-3.6081
G2 X4.4985 Y-3.5708 I1.3286 J-2.4596
X4.6181 Y-3.5349 I0.2619 J-0.6556
X4.7418 Y-3.5269 I0.1131 J-0.79
X4.843 Y-3.5418 I-0.0958 J-1.0008
X4.9555 Y-3.5826 I-0.1856 J-0.6877
X5.0568 Y-3.6469 I-0.3776 J-0.7066
X5.1383 Y-3.728 I-0.5546 J-0.6391
X5.1843 Y-3.7955 I-2.517 J-1.7629
X5.2381 Y-3.9191 I-0.5476 J-0.3118
X5.2574 Y-4.0202 I-0.9768 J-0.2393
X5.2577 Y-4.1101 I-0.585 J-0.0471
G3 X5.2571 Y-4.1663 I0.4735 J-0.0332
X5.3044 Y-4.2225 I0.0741 J0.0143
G1 X5.3152 Y-4.2248
X5.3377 Y-4.2294
X5.3489 Y-4.2312
X5.5063 Y-4.2518
X5.5176 Y-4.2532
X5.5429 Y-4.2561
X5.5513 Y-4.2569
X5.7424 Y-4.2695
X5.7537 Y-4.2702
X5.7874 Y-4.2709
X5.956 Y-4.2713
X5.9898 Y-4.2711
X6.1921 Y-4.2586
X6.2259 Y-4.2554
X6.2371 Y-4.254
X6.3945 Y-4.2341
X6.3978 Y-4.2336
X6.4282 Y-4.2288
G3 X6.4681 Y-4.2112 I-0.0127 J0.0827
X6.4914 Y-4.1437 I-0.0453 J0.0534
X6.4715 Y-4.0764 I-0.6082 J-0.1436
G2 X6.4517 Y-3.9977 I0.4875 J0.1641
X6.4394 Y-3.9017 I0.5611 J0.1206
G3 X6.4332 Y-3.8348 I-0.4925 J-0.0122
X6.4176 Y-3.8067 I-0.0757 J-0.0236
X6.372 Y-3.7825 I-0.0574 J-0.0532
X6.2258 Y-3.7603 I-0.6263 J-3.6278
G2 X6.1135 Y-3.7365 I0.164 J1.0511
G1 X6.0319 Y-3.7169
G2 X5.9673 Y-3.6971 I0.3617 J1.299
G1 X5.8661 Y-3.6626
G2 X5.7986 Y-3.6358 I0.4355 J1.1938
G1 X5.7036 Y-3.5933
G2 X5.6362 Y-3.5596 I0.5638 J1.2135
G1 X5.5362 Y-3.5035
X5.5063 Y-3.4853
X5.4951 Y-3.4783
X5.4838 Y-3.4711
X5.3939 Y-3.4091
G2 X5.3387 Y-3.3687 I0.8623 J1.2334
X5.2059 Y-3.2564 I2.9736 J3.6519
X5.079 Y-3.1279 I3.4833 J3.5685
X4.9779 Y-3.0063 I14.1243 J11.8366
G1 X4.9704 Y-2.9979
X4.9554 Y-2.9824
G3 X4.8767 Y-2.9713 I-0.0479 J-0.0551
G2 X4.7644 Y-3.0267 I-2.1745 J4.2661
X4.6407 Y-3.0655 I-0.4198 J1.1202
X4.5394 Y-3.0807 I-0.5481 J3.3108
X4.4045 Y-3.0793 I-0.0565 J1.0431
X4.292 Y-3.0596 I0.1543 J1.2117
X4.1909 Y-3.026 I0.4678 J1.5788
X4.0784 Y-2.968 I0.4418 J0.9955
X3.9885 Y-2.9016 I0.7158 J1.0633
X3.8986 Y-2.8102 I0.8311 J0.9069
X3.8311 Y-2.7147 I0.9922 J0.7736
X3.7748 Y-2.6048 I15.2543 J7.8782
G3 X3.6849 Y-2.5739 I-0.0622 J-0.0348
G1 X3.6625 Y-2.5824
X3.6512 Y-2.5869
X3.3927 Y-2.6997
X3.3814 Y-2.7045
X3.3589 Y-2.7136
X3.3477 Y-2.718
X3.0891 Y-2.8188
X3.0779 Y-2.8231
X3.0554 Y-2.8314
X2.7631 Y-2.932
X2.7518 Y-2.9358
X2.7406 Y-2.9393
X2.4483 Y-3.027
X2.4324 Y-3.0316
X2.3696 Y-3.0478
X2.1222 Y-3.1114
X2.111 Y-3.1141
X2.077 Y-3.1215
X1.8154 Y-3.1777
G3 X1.768 Y-3.1913 I0.0514 J-0.2676
X1.7285 Y-3.2451 I0.036 J-0.0678
G2 X1.7077 Y-3.3237 I-1.7994 J0.4317
X1.6571 Y-3.4249 I-0.5112 J0.1926
X1.5974 Y-3.5006 I-8.73 J6.8139
G3 X1.65 Y-3.6108 I0.0613 J-0.0384
G1 X1.6725 Y-3.6129
X1.6837 Y-3.614
X2.0548 Y-3.6293
X2.0772 Y-3.6306
X2.0885 Y-3.6313
X2.4595 Y-3.6593
X2.482 Y-3.6611
X2.4932 Y-3.6621
X2.8913 Y-3.7057
X2.9092 Y-3.7081
X3.2915 Y-3.763
X3.3027 Y-3.7649
X3.3252 Y-3.7686
X3.4778 Y-3.7958
G3 X3.5067 Y-3.7878 I0.0053 J0.0371
G1 X3.5102 Y-3.7849 Z0.3436
X3.5137 Y-3.7821 Z0.3444
X3.517 Y-3.7794 Z0.3458
X3.5202 Y-3.7768 Z0.3476
X3.5232 Y-3.7743 Z0.35
X3.526 Y-3.7721 Z0.3528
X3.5285 Y-3.7701 Z0.356
X3.5307 Y-3.7683 Z0.3595
X3.5325 Y-3.7668 Z0.3634
X3.5339 Y-3.7656 Z0.3675
X3.535 Y-3.7648 Z0.3719
X3.5356 Y-3.7643 Z0.3763
X3.5358 Y-3.7641 Z0.3808
G0 Z1.0903
(ADAPTIVE1 4)
G0 X6.8368 Y-1.4784
Z1.0903
Z0.5333
G3 X6.8145 Y-1.2125 Z0.5072 I-0.1363 J0.1224 F40.
X6.5511 Y-1.251 Z0.481 I-0.1136 J-0.1431
X6.6054 Y-1.5109 Z0.4549 I0.1494 J-0.1044
X6.8608 Y-1.441 Z0.4287 I0.0949 J0.1551
X6.7757 Y-1.1909 Z0.4026 I-0.1602 J0.085
X6.5319 Y-1.2908 Z0.3764 I-0.0749 J-0.1646
X6.6462 Y-1.5275 Z0.3503 I0.1685 J-0.0646
X6.8749 Y-1.3993 Z0.3241 I0.054 J0.1717
X6.7334 Y-1.1794 Z0.298 I-0.1742 J0.0434
X6.5231 Y-1.3337 Z0.2718 I-0.0326 J-0.1761
X6.6895 Y-1.5337 Z0.2457 I0.1773 J-0.0217
X6.8785 Y-1.3559 Z0.2195 I0.0109 J0.1778
X6.5222 I-0.1781 J0.
X6.8781 Y-1.3666 I0.1781 J0.
G1 X6.8785 Y-1.3559
X6.8786 Y-1.3448 F60.
X6.8834 Y-1.3007
G3 X6.8757 Y-1.2277 I-0.1016 J0.0263
X6.7884 Y-1.1397 I-0.1595 J-0.071
X6.5618 Y-1.1594 I-0.0967 J-0.2013
X6.629 Y-1.5868 I0.137 J-0.1975
X6.9185 Y-1.4604 I0.0719 J0.23
X6.9519 Y-1.3695 I-0.3626 J0.1849
X6.9152 Y-1.1651 I-0.2496 J0.0606
X6.6631 Y-1.0516 I-0.2228 J-0.158
X6.3976 Y-1.2822 I0.0282 J-0.3006
X6.5045 Y-1.599 I0.2995 J-0.0754
G1 X6.5109 Y-1.6027
X6.5407 Y-1.6206
X6.5694 Y-1.636
G3 X6.8638 Y-1.6215 I0.1341 J0.2719
G1 X6.8692 Y-1.6169
G3 X6.8697 Y-1.5895 I-0.0122 J0.014
X6.8568 Y-1.5844 I-0.0128 J-0.0135 F300.
G1 X6.5507 Y-1.5864
G3 X6.5363 Y-1.5935 I0.0001 J-0.0186
X6.5407 Y-1.6206 I0.0145 J-0.0116 F60.
G2 X6.6531 Y-1.6922 I-1.1201 J-1.8811
G3 X6.7885 Y-1.6838 I0.0623 J0.0911
G1 X6.7914 Y-1.6806
X6.794 Y-1.677
X6.7962 Y-1.6731
X6.7979 Y-1.669
X6.7991 Y-1.6648
X6.7997 Y-1.6604
X6.7999 Y-1.656
G3 X6.7603 Y-1.6193 I-0.0375 J-0.0007 F300.
G1 X6.6727 Y-1.6241
G3 X6.6376 Y-1.6664 I0.0021 J-0.0374
X6.6531 Y-1.6922 I0.0372 J0.0048 F60.
G1 X6.6981 Y-1.7218
G3 X6.7516 Y-1.7224 I0.0272 J0.0364
G2 X6.801 Y-1.6723 I0.5212 J-0.4636
G1 X6.8105 Y-1.6646
X6.8839 Y-1.605
X6.8892 Y-1.6011
G3 X7.0323 Y-1.2899 I-0.2228 J0.291
X6.9372 Y-1.0796 I-0.3342 J-0.0244
X6.8527 Y-1.0459 I-0.0839 J-0.0876
G1 X6.5632 Y-1.0477
G3 X6.452 Y-1.085 I0.0036 J-0.1953
X6.3412 Y-1.2251 I0.1708 J-0.2488
X6.3292 Y-1.4634 I0.3315 J-0.1363
X6.3801 Y-1.5239 I0.1157 J0.0456
G1 X6.5109 Y-1.6027
G3 X6.5291 Y-1.6074 I0.0182 J0.0328
G1 X6.541
X6.8595 Y-1.6073 F300.
X6.8685 F60.
G3 X6.8892 Y-1.6011 I0. J0.0375
G1 X6.9004 Y-1.5931
X6.9117 Y-1.5858
X6.9791 Y-1.5445
X6.9904 Y-1.5379
G3 X7.0666 Y-1.4535 I-0.1139 J0.1795
X7.1024 Y-1.2633 I-0.2911 J0.1532
X7.0508 Y-1.1044 I-0.3732 J-0.0332
X6.9461 Y-1.0453 I-0.1041 J-0.0621
G1 X6.8527 Y-1.0459
G3 X6.8257 Y-1.0591 I0.0015 J-0.0375
X6.8181 Y-1.0935 I0.0286 J-0.0243 F300.
G1 X6.9366 Y-1.5149
G3 X6.9604 Y-1.5402 I0.0361 J0.0101
X6.9904 Y-1.5379 I0.0123 J0.0354 F60.
G1 X7.0129 Y-1.5248
X7.0466 Y-1.5097
X7.0578 Y-1.5047
G3 X7.1324 Y-1.4341 I-0.0732 J0.1518
X7.1732 Y-1.2996 I-0.2499 J0.1494
X7.1329 Y-1.0991 I-0.3655 J0.0307
X7.0801 Y-1.053 I-0.1032 J-0.0649
G1 X7.0633 Y-1.0471
X7.0459 Y-1.0438
X7.0282 Y-1.0432
G2 X6.9461 Y-1.0453 I-0.0925 J1.9537
G3 X6.9191 Y-1.0585 I0.0015 J-0.0375
X6.9113 Y-1.0918 I0.0286 J-0.0243 F300.
G1 X7.0075 Y-1.4789
G3 X7.0278 Y-1.5038 I0.0364 J0.009
X7.0578 Y-1.5047 I0.0161 J0.0339 F60.
G1 X7.1106 Y-1.4814
X7.1141 Y-1.48
X7.1253 Y-1.4757
G3 X7.1964 Y-1.415 I-0.0591 J0.1412
X7.2415 Y-1.2891 I-0.2307 J0.1537
X7.2205 Y-1.1155 I-0.3393 J0.0472
G1 X7.2144 Y-1.1027
G3 X7.1048 Y-1.0401 I-0.1048 J-0.0562
G1 X7.0282 Y-1.0432
G3 X7.0016 Y-1.0572 I0.0028 J-0.0374
X6.9944 Y-1.0889 I0.0294 J-0.0233 F300.
G1 X7.0766 Y-1.4486
G3 X7.0953 Y-1.4733 I0.0366 J0.0084
X7.1253 Y-1.4757 I0.0178 J0.033 F60.
G1 X7.1399 Y-1.4702
X7.1478 Y-1.4676
X7.1877 Y-1.456
G3 X7.2554 Y-1.4059 I-0.0476 J0.1352
X7.3073 Y-1.2914 I-0.2043 J0.1617
X7.2957 Y-1.1139 I-0.3074 J0.069
X7.23 Y-1.0454 I-0.1122 J-0.042
G1 X7.2143 Y-1.0404
X7.198 Y-1.0375
X7.1815 Y-1.037
X7.1048 Y-1.0401
G3 X7.0783 Y-1.0542 I0.0028 J-0.0374
X7.0709 Y-1.0851 I0.0294 J-0.0233 F300.
G1 X7.1418 Y-1.4273
G3 X7.158 Y-1.4511 I0.0367 J0.0076
X7.1877 Y-1.456 I0.0204 J0.0314 F60.
G1 X7.2377 Y-1.4415
X7.249 Y-1.4387
G3 X7.3177 Y-1.3939 I-0.0372 J0.1322
X7.3745 Y-1.28 I-0.1785 J0.1601
X7.3549 Y-1.1946 I-0.1202 J0.0173
G1 X7.3277 Y-1.1545
G2 X7.2965 Y-1.0994 I0.2513 J0.1784
G1 X7.286 Y-1.077
X7.2827 Y-1.0703
X7.2796 Y-1.0658
G3 X7.2522 Y-1.041 I-0.2056 J-0.2
X7.2265 Y-1.0352 I-0.0211 J-0.034
G1 X7.1815 Y-1.037
G3 X7.155 Y-1.0511 I0.0028 J-0.0374
X7.1474 Y-1.0809 I0.0294 J-0.0233 F300.
G1 X7.205 Y-1.4084
G3 X7.2197 Y-1.4321 I0.0369 J0.0065
X7.249 Y-1.4387 I0.0223 J0.0302 F60.
G1 X7.2715 Y-1.4336
X7.2827 Y-1.4318
X7.3052 Y-1.4285
G3 X7.383 Y-1.383 I-0.0261 J0.1339
X7.4169 Y-1.3145 I-0.0747 J0.0797
X7.3926 Y-1.2455 I-0.0953 J0.0052
G1 X7.3894 Y-1.2425
X7.3859 Y-1.2398
X7.382 Y-1.2376
X7.378 Y-1.2359
X7.3737 Y-1.2346
X7.3694 Y-1.2339
X7.365 Y-1.2337
G3 X7.3322 Y-1.2535 I0.0003 J-0.0375 F300.
G1 X7.2678 Y-1.3735
G3 X7.2765 Y-1.4196 I0.033 J-0.0177
X7.3052 Y-1.4285 I0.0244 J0.0284 F60.
G1 X7.3614 Y-1.42
X7.3704 Y-1.4187
G3 X7.438 Y-1.3724 I-0.0133 J0.0919
X7.4333 Y-1.2904 I-0.0739 J0.037
G1 X7.4244 Y-1.2792
G3 X7.3964 Y-1.2685 I-0.0263 J-0.0267
X7.3636 Y-1.2914 I0.0018 J-0.0375 F300.
G1 X7.3318 Y-1.3669
G3 X7.3417 Y-1.4097 I0.0346 J-0.0145
X7.3704 Y-1.4187 I0.0247 J0.0282 F60.
G2 X7.4125 Y-1.4153 I0.0522 J-0.3806
G1 X7.4185 Y-1.4149
X7.4244 Y-1.4138
X7.4302 Y-1.4121
G3 X7.4522 Y-1.3085 I-0.0246 J0.0593
X7.4254 Y-1.2939 I-0.0391 J-0.0398
X7.4077 Y-1.2928 I-0.0123 J-0.0544 F300.
X7.3831 Y-1.4072 I0.006 J-0.0611
X7.4126 Y-1.4153 I0.0306 J0.0532 F60.
G1 X7.4435 Y-1.4148
X7.4495 Y-1.4144
X7.4554 Y-1.4133
X7.4611 Y-1.4113
G3 X7.4735 Y-1.3294 I-0.0216 J0.0452
X7.4452 Y-1.3185 I-0.0293 J-0.0339
G1 X7.4415 Y-1.3186 F300.
G3 X7.4148 Y-1.4047 I0.0029 J-0.0481
X7.4435 Y-1.4148 I0.0296 J0.038 F60.
G1 X7.4703 Y-1.4143
X7.4722
X7.4738
G3 X7.4851 Y-1.4119 I-0.0076 J0.0628
X7.4803 Y-1.3984 I-0.0034 J0.0064
G1 X7.4725 Y-1.4
G3 X7.4738 Y-1.4143 I0.0014 J-0.0071
X7.4868 Y-1.4111 I-0.0017 J0.0345
G1 X7.488 Y-1.4105
X7.4895 Y-1.4097
X7.4912 Y-1.4088
G3 X7.4935 Y-1.3978 I-0.0052 J0.0069
X7.4785 Y-1.406 I-0.0075 J-0.0041
X7.4895 Y-1.4097 I0.0075 J0.0041
G1 X7.4907 Y-1.4092
X7.4916 Y-1.4085
X7.493 Y-1.4075
X7.494 Y-1.4068
G3 X7.5015 Y-1.4 I-0.0326 J0.0432
X7.5025 Y-1.3707 I-0.0224 J0.0154
G1 X7.5009 Y-1.3684 F300.
X7.4991 Y-1.3662
G3 X7.4588 Y-1.367 I-0.0198 J-0.0181
X7.4648 Y-1.4069 I0.0205 J-0.0173
X7.494 Y-1.4068 I0.0145 J0.0225 F60.
X7.4963 Y-1.3474 I-0.0214 J0.0305
G1 X7.4851 Y-1.3386
G2 X7.4564 Y-1.3129 I0.1324 J0.1762
G1 X7.3951 Y-1.2483
G2 X7.3615 Y-1.2041 I0.2386 J0.2164
G1 X7.3549 Y-1.1946
G3 X7.3289 Y-1.1795 I-0.0303 J-0.0221
X7.3129 Y-1.1811 I-0.0043 J-0.0373 F300.
G2 X7.1791 Y-1.2125 I-0.2461 J0.7488
X7.1674 Y-1.2123 I-0.0053 J0.0371
G1 X6.7109 Y-1.1336
G2 X6.6998 Y-1.1299 I0.0064 J0.037
X6.5907 Y-1.0605 I0.367 J0.6976
G1 X6.5842 Y-1.0555 F60.
G3 X6.5632 Y-1.0477 I-0.023 J-0.0297
G1 X6.5519 Y-1.0475
X6.5182 Y-1.0467
X6.4732 Y-1.0454
G3 X6.3792 Y-1.077 I0.0042 J-0.1683
X6.2879 Y-1.1772 I0.1563 J-0.234
X6.2388 Y-1.3757 I0.3316 J-0.1873
X6.2994 Y-1.4755 I0.1207 J0.005
G1 X6.3046 Y-1.4785
X6.3801 Y-1.5239
G3 X6.41 Y-1.5267 I0.0182 J0.0328
X6.4352 Y-1.4977 I-0.0117 J0.0356 F300.
G1 X6.5078 Y-1.0894
G3 X6.4999 Y-1.0592 I-0.0369 J0.0066
X6.4732 Y-1.0454 I-0.0291 J-0.0237 F60.
G1 X6.3956 Y-1.0433
G3 X6.3044 Y-1.0734 I0.002 J-0.1595
X6.2132 Y-1.1739 I0.1562 J-0.2333
X6.1659 Y-1.3315 I0.2991 J-0.1756
X6.1977 Y-1.4127 I0.1173 J-0.001
G1 X6.2109 Y-1.4247
X6.2259 Y-1.4345
X6.2708 Y-1.4591
X6.2994 Y-1.4755
G3 X6.3293 Y-1.4777 I0.0175 J0.0331
X6.3536 Y-1.4501 I-0.0124 J0.0354 F300.
G1 X6.4299 Y-1.0885
G3 X6.4223 Y-1.057 I-0.0367 J0.0077
X6.3956 Y-1.0433 I-0.0291 J-0.0237 F60.
G1 X6.3158 Y-1.0411
G3 X6.2289 Y-1.071 I0.0057 J-0.1581
X6.138 Y-1.1712 I0.1572 J-0.2341
X6.0991 Y-1.2883 I0.2499 J-0.148
X6.1175 Y-1.3596 I0.116 J-0.008
G1 X6.129 Y-1.3744
X6.1428 Y-1.3871
X6.1584 Y-1.3974
X6.2259 Y-1.4345
G3 X6.2559 Y-1.4361 I0.0169 J0.0335
X6.2794 Y-1.409 I-0.0131 J0.0351 F300.
G1 X6.3501 Y-1.0866
G3 X6.3425 Y-1.0548 I-0.0366 J0.008
X6.3158 Y-1.0411 I-0.0291 J-0.0237 F60.
G1 X6.2422 Y-1.0391
G3 X6.1537 Y-1.0687 I0.0033 J-0.157
X6.0356 Y-1.2578 I0.1504 J-0.2253
X6.0532 Y-1.3252 I0.112 J-0.0068
G1 X6.0641 Y-1.3391
X6.077 Y-1.3511
X6.0918 Y-1.3609
X6.1584 Y-1.3974
G3 X6.1884 Y-1.3991 I0.0169 J0.0335
X6.2119 Y-1.3722 I-0.0131 J0.0351 F300.
G1 X6.2764 Y-1.0847
G3 X6.2689 Y-1.0528 I-0.0366 J0.0082
X6.2422 Y-1.0391 I-0.0291 J-0.0237 F60.
G1 X6.1696 Y-1.0371
G3 X6.0803 Y-1.0658 I0. J-0.1532
X5.9773 Y-1.2207 I0.1313 J-0.1991
X6.0314 Y-1.3278 I0.1058 J-0.0138
G1 X6.0918 Y-1.3609
G3 X6.1218 Y-1.3625 I0.0169 J0.0335
X6.1452 Y-1.3359 I-0.0131 J0.0351 F300.
G1 X6.2038 Y-1.083
G3 X6.1964 Y-1.0508 I-0.0365 J0.0085
X6.1696 Y-1.0371 I-0.0291 J-0.0237 F60.
G1 X6.1584 Y-1.0368
X6.1247 Y-1.0355
X6.096 Y-1.0337
G3 X6.0082 Y-1.0633 I0. J-0.1451
X5.9224 Y-1.1905 I0.1167 J-0.1713
X5.9765 Y-1.2984 I0.1011 J-0.0169
G1 X6.0043 Y-1.3129
X6.0314 Y-1.3278
G3 X6.0615 Y-1.3294 I0.0169 J0.0335
X6.0851 Y-1.3016 I-0.0131 J0.0351 F300.
G1 X6.1292 Y-1.0783
G3 X6.1223 Y-1.0484 I-0.0368 J0.0073
X6.096 Y-1.0337 I-0.0299 J-0.0227 F60.
G1 X6.0286 Y-1.0296
G3 X5.9366 Y-1.0632 I-0.0014 J-0.1387
X5.8711 Y-1.1629 I0.1082 J-0.1424
X5.9223 Y-1.2713 I0.0944 J-0.0217
G1 X5.9673 Y-1.2937
X5.9765 Y-1.2984
G3 X6.0065 Y-1.2992 I0.0159 J0.0339
X6.0294 Y-1.2706 I-0.0141 J0.0347 F300.
G1 X6.062 Y-1.073
G3 X6.0548 Y-1.0442 I-0.037 J0.0061
X6.0286 Y-1.0296 I-0.0299 J-0.0227 F60.
G1 X5.9611 Y-1.0255
G3 X5.8773 Y-1.0574 I0.0003 J-0.1269
X5.8196 Y-1.1541 I0.0952 J-0.1224
X5.8351 Y-1.2145 I0.0952 J-0.0078
G1 X5.845 Y-1.2268
X5.8569 Y-1.2373
X5.8705 Y-1.2455
X5.9223 Y-1.2713
G3 X5.9378 Y-1.2747 I0.0155 J0.0341
X5.9524 Y-1.2717 I0. J0.0375
X5.9751 Y-1.2414 I-0.0145 J0.0346 F300.
G1 X5.9948 Y-1.067
G3 X5.9873 Y-1.0401 I-0.0373 J0.0042
X5.9611 Y-1.0255 I-0.0299 J-0.0227 F60.
G1 X5.8998 Y-1.0217
G3 X5.8162 Y-1.0575 I0.001 J-0.1179
X5.7749 Y-1.1296 I0.0864 J-0.0973
X5.7987 Y-1.2035 I0.0908 J-0.0116
G1 X5.8107 Y-1.2142
X5.8243 Y-1.2225
X5.8705 Y-1.2455
G3 X5.886 Y-1.2489 I0.0155 J0.0341
X5.9005 Y-1.246 I0. J0.0375
X5.9234 Y-1.2139 I-0.0145 J0.0346 F300.
G1 X5.9336 Y-1.0615
G3 X5.9261 Y-1.0363 I-0.0374 J0.0025
X5.8998 Y-1.0217 I-0.0299 J-0.0227 F60.
G1 X5.8436 Y-1.0182
G3 X5.762 Y-1.0566 I0.0007 J-0.1074
X5.7323 Y-1.1252 I0.0722 J-0.072
X5.7665 Y-1.1922 I0.0866 J0.0019
G1 X5.7797 Y-1.2004
X5.8243 Y-1.2225
G3 X5.8398 Y-1.2259 I0.0155 J0.0341
X5.8543 Y-1.223 I0. J0.0375
X5.8773 Y-1.1884 I-0.0145 J0.0346 F300.
G1 X5.8775 Y-1.0556
G3 X5.8699 Y-1.0329 I-0.0375 J0.0001
X5.8436 Y-1.0182 I-0.0299 J-0.0227 F60.
G1 X5.7925 Y-1.0151
G3 X5.7132 Y-1.0567 I0. J-0.0962
X5.7055 Y-1.1487 I0.0612 J-0.0514
G1 X5.7145 Y-1.1613
X5.7259 Y-1.1719
X5.7391 Y-1.1801
X5.7797 Y-1.2004
G3 X5.7952 Y-1.2037 I0.0155 J0.0341
G1 X5.7953
G3 X5.8098 Y-1.2008 I0. J0.0375
X5.8327 Y-1.1641 I-0.0145 J0.0346 F300.
G1 X5.8263 Y-1.0503
G3 X5.8187 Y-1.0297 I-0.0374 J-0.0021
X5.7925 Y-1.0151 I-0.0299 J-0.0227 F60.
G1 X5.7475 Y-1.0123
G3 X5.661 Y-1.0905 I-0.0026 J-0.084
X5.6915 Y-1.1549 I0.0789 J-0.0021
G1 X5.7041 Y-1.1627
X5.7391 Y-1.1801
G3 X5.7546 Y-1.1835 I0.0155 J0.0341
X5.7691 Y-1.1805 I0. J0.0375
X5.7919 Y-1.1418 I-0.0145 J0.0346 F300.
G1 X5.7811 Y-1.0455
G3 X5.7737 Y-1.027 I-0.0373 J-0.0041
X5.7475 Y-1.0123 I-0.0299 J-0.0227 F60.
G1 X5.7312 Y-1.0113
X5.7199 Y-1.0106
X5.7052 Y-1.0093
G3 X5.631 Y-1.0759 I-0.0028 J-0.0716
X5.6732 Y-1.1478 I0.0724 J-0.0058
G1 X5.6898 Y-1.1556
X5.7041 Y-1.1627
G3 X5.7196 Y-1.1661 I0.0155 J0.0341
X5.7342 Y-1.1632 I0. J0.0375
X5.7562 Y-1.1201 I-0.0145 J0.0346 F300.
G1 X5.7372 Y-1.0381
G3 X5.7311 Y-1.0246 I-0.0365 J-0.0085
X5.7052 Y-1.0093 I-0.0304 J-0.0219 F60.
G1 X5.6862 Y-1.0076
X5.6688 Y-1.006
G3 X5.6119 Y-1.0371 I-0.0033 J-0.0616
G1 X5.6058 Y-1.0501
G3 X5.6426 Y-1.134 I0.0647 J-0.0217
G1 X5.6657 Y-1.1444
X5.6731 Y-1.1478
G3 X5.7031 Y-1.1467 I0.0137 J0.0329
G1 X5.707 Y-1.1444 F300.
X5.7106 Y-1.1415
G3 X5.6979 Y-1.0159 I-0.052 J0.0582
X5.6688 Y-1.006 I-0.0392 J-0.0675 F60.
G1 X5.6365 Y-1.0029
G3 X5.6076 Y-1.009 I-0.0045 J-0.05
X5.6145 Y-1.1214 I0.0329 J-0.0544
G1 X5.6426 Y-1.134
G3 X5.6722 Y-1.1315 I0.0124 J0.0304
G1 X5.6752 Y-1.1295 F300.
X5.6779 Y-1.1271
G3 X5.6654 Y-1.0132 I-0.0508 J0.0521
X5.6365 Y-1.0029 I-0.0383 J-0.0618 F60.
G1 X5.6075 Y-1.0001
G3 X5.5739 Y-1.0104 I-0.004 J-0.0468
X5.5872 Y-1.1092 I0.0371 J-0.0453
G1 X5.5906 Y-1.1104
X5.5941 Y-1.1112
X5.5977 Y-1.1117
X5.6013 Y-1.1118
G3 X5.6175 Y-1.1091 I-0.0011 J0.0561
X5.6356 Y-1.0122 I-0.0172 J0.0534 F300.
X5.6075 Y-1.0001 I-0.0353 J-0.0436 F60.
G1 X5.5816 Y-0.9977
G3 X5.553 Y-1.0045 I-0.0048 J-0.0435
X5.5618 Y-1.0978 I0.0308 J-0.0442
X5.5748 Y-1.1003 I0.0131 J0.0322
X5.592 Y-1.0974 I0.0002 J0.0516
X5.6093 Y-1.0104 I-0.0171 J0.0486 F300.
X5.5816 Y-0.9977 I-0.0344 J-0.0384 F60.
G1 X5.5564 Y-0.9953
G3 X5.5331 Y-0.9997 I-0.0047 J-0.0388
X5.5383 Y-1.0872 I0.0254 J-0.0424
X5.5502 Y-1.0896 I0.0119 J0.0292
X5.5684 Y-1.0859 I0. J0.0474
X5.5836 Y-1.0086 I-0.0182 J0.0437 F300.
X5.5564 Y-0.9953 I-0.0334 J-0.0336 F60.
G1 X5.5323 Y-0.993
X5.5263 Y-0.9927
X5.5204 Y-0.9936
G3 X5.4899 Y-1.0314 I0.0133 J-0.0419
X5.5165 Y-1.0775 I0.0452 J-0.0047
X5.5275 Y-1.0795 I0.0105 J0.0257
X5.5464 Y-1.0748 I-0.0008 J0.0435
X5.5591 Y-1.0071 I-0.0197 J0.0387 F300.
X5.5323 Y-0.993 I-0.0324 J-0.029 F60.
G1 X5.5114 Y-0.991
X5.5054 Y-0.9907
X5.4995 Y-0.9917
G3 X5.4718 Y-1.0265 I0.0123 J-0.0382
X5.4962 Y-1.0683 I0.0414 J-0.0038
X5.5062 Y-1.0703 I0.0101 J0.0247
X5.5259 Y-1.0651 I0. J0.0398
X5.5376 Y-1.0059 I-0.0197 J0.0346 F300.
X5.5114 Y-0.991 I-0.0314 J-0.0246 F60.
G1 X5.5007 Y-0.99
G3 X5.4838 Y-1.0629 I-0.0021 J-0.038
G1 X5.6145 Y-1.1214
X5.6412 Y-1.123 Z0.2196
X5.6453 Y-1.1225
X5.7761 Y-1.1084 Z0.22 F300.
X5.956 Y-1.1553 Z0.2216
X6.0909 Y-1.1611 Z0.2231
X6.6081 Y-1.1441 Z0.2283
G3 X6.6935 Y-1.0791 Z0.2285 I-0.0073 J0.0982
X6.6992 Y-1.0488 Z0.2286 I-0.0927 J0.0331 F60.
G1 Y-1.0441
G3 X6.663 Y-1.0151 I-0.0851 J-0.0691
X6.5634 Y-0.9782 I-0.1727 J-0.3132
G1 X6.5544 Y-0.977
X6.5454 Y-0.9764
X6.5069 Y-0.9754
X6.1584 Y-0.9658
X6.1247 Y-0.9644
X5.7312 Y-0.9403
X5.7199 Y-0.9395
X5.6862 Y-0.9364
X5.5625 Y-0.9246
G3 X5.5004 Y-0.929 I-0.0189 J-0.1714
X5.4272 Y-0.9949 I0.0269 J-0.1035
X5.4429 Y-1.0754 I0.0842 J-0.0254
X5.4873 Y-1.1259 I0.2124 J0.1422
G1 X5.5088 Y-1.1445
G3 X5.5445 Y-1.1678 I0.101 J0.1159
G1 X5.63 Y-1.2062
X5.6423 Y-1.2118
X5.6661 Y-1.223
X5.937 Y-1.3578
X5.9673 Y-1.3736
X5.9797 Y-1.3803
X6.2371 Y-1.5215
X6.2456 Y-1.5264
X6.2708 Y-1.541
X6.5294 Y-1.6966
X6.5407 Y-1.7034
X6.5744 Y-1.7253
X6.6194 Y-1.7549
G3 X6.6777 Y-1.7803 I0.0958 J0.1403
X6.7405 Y-1.7776 I0.0261 J0.1233
X6.8289 Y-1.7414 I-0.1028 J0.3771
G1 X6.8374 Y-1.7355
X6.8454 Y-1.7289
G3 X6.857 Y-1.7012 I-0.0259 J0.0271
X6.8149 Y-1.6646 I-0.0375 J-0.0006 F300.
G1 X6.6364 Y-1.6871
G3 X6.6039 Y-1.7292 I0.0047 J-0.0372
X6.6194 Y-1.7549 I0.0372 J0.0048 F60.
G1 X6.6868 Y-1.7993
G3 X6.7904 Y-1.7838 I0.0425 J0.0696
G1 X6.7941 Y-1.7789
X6.7975 Y-1.7737
X6.8004 Y-1.7683
X6.8029 Y-1.7626
X6.8049 Y-1.7567
G3 X6.7446 Y-1.6599 I-0.0731 J0.0217 F300.
X6.6658 Y-1.7769 I-0.013 J-0.0763
X6.6868 Y-1.7993 I0.0658 J0.0407 F60.
G1 X6.7159 Y-1.8184
G3 X6.7655 Y-1.8117 I0.021 J0.0315
G1 X6.7996 Y-1.7735
X6.8105 Y-1.7617
X6.8207 Y-1.751
X6.8333 Y-1.7398
X6.8838 Y-1.6949
G2 X6.9903 Y-1.6191 I0.7466 J-0.9373
X7.0803 Y-1.5707 I1.566 J-2.8017
X7.1926 Y-1.527 I0.7299 J-1.7102
G1 X7.2602 Y-1.509
X7.2715 Y-1.506
G2 X7.3951 Y-1.4873 I0.2398 J-1.1705
G1 X7.4064 Y-1.4866
X7.4289 Y-1.4858
G3 X7.518 Y-1.4515 I-0.0023 J0.1389
X7.5449 Y-1.3599 I-0.064 J0.0686
G1 X7.5412 Y-1.347
X7.536 Y-1.3314
X7.5285 Y-1.3127
X7.5124 Y-1.2786
X7.5057 Y-1.2663
X7.4976 Y-1.2548
X7.4883 Y-1.2444
G2 X7.4217 Y-1.1668 I0.3499 J0.3678
X7.3773 Y-1.0994 I0.3169 J0.2572
G1 X7.3614 Y-1.0721
X7.3604 Y-1.0702
G3 X7.267 Y-0.9897 I-0.1461 J-0.0751
X7.1826 Y-0.967 I-0.1388 J-0.3478
G1 X7.1742 Y-0.9666
X7.1658
G3 X7.1393 Y-0.9807 I0.0028 J-0.0374
X7.1513 Y-1.0373 I0.0294 J-0.0233 F300.
G1 X7.3091 Y-1.1193
G3 X7.3611 Y-1.1003 I0.0173 J0.0333
X7.3604 Y-1.0702 I-0.0347 J0.0143 F60.
G2 X7.3303 Y-1.0034 I0.5395 J0.2832
G3 X7.2648 Y-0.9627 I-0.0626 J-0.0275
G1 X7.2587 Y-0.9634
X7.2526 Y-0.9648
X7.2468 Y-0.9667
X7.2411 Y-0.9692
X7.2357 Y-0.9722
G3 X7.2364 Y-1.081 I0.0339 J-0.0542 F300.
X7.3339 Y-1.0338 I0.0334 J0.0551
X7.3303 Y-1.0034 I-0.064 J0.0079 F60.
G1 X7.3236 Y-0.9871
G3 X7.2827 Y-0.9619 I-0.0363 J-0.0131
G1 X7.0016 Y-0.9732
X6.9904 Y-0.9736
X6.9679 Y-0.9741
X6.9567 Y-0.9743
X6.5632 Y-0.9768
X6.5519 Y-0.9766
X6.5454 Y-0.9764
G3 X6.518 Y-0.9887 I0.0004 J-0.0375
X6.5292 Y-1.0476 I0.0278 J-0.0252 F300.
G1 X7.3999 Y-1.4759
X7.4123 Y-1.482 F60.
G3 X7.4289 Y-1.4858 I0.0166 J0.0336
G2 X7.4982 Y-1.4842 I0.0742 J-1.6649
G3 X7.565 Y-1.4491 I-0.0017 J0.0845
X7.5475 Y-1.2982 I-0.0808 J0.0671
G2 X7.4884 Y-1.2443 I0.2767 J0.3625
G1 X7.4849 Y-1.2415
X7.4812 Y-1.2391
X7.4772 Y-1.2372
X7.473 Y-1.2357
X7.4687 Y-1.2348
X7.4643 Y-1.2344
X7.4599 Y-1.2345
G3 X7.4262 Y-1.2799 I0.0029 J-0.0374 F300.
G1 X7.4648 Y-1.4549
G3 X7.4718 Y-1.4698 I0.0366 J0.0081
X7.4982 Y-1.4842 I0.0296 J0.023 F60.
G1 X7.5076 Y-1.4847
X7.5362 Y-1.4869
G3 X7.6003 Y-1.4585 I0.0028 J0.0802
X7.6243 Y-1.4064 I-0.0575 J0.058
X7.5868 Y-1.328 I-0.0859 J0.0071
G1 X7.5863 Y-1.3277
X7.5475 Y-1.2982
G3 X7.5181 Y-1.292 I-0.0217 J-0.0306
X7.4886 Y-1.3333 I0.0077 J-0.0367 F300.
G1 X7.5033 Y-1.4542
G3 X7.5103 Y-1.4718 I0.0372 J0.0045
X7.5362 Y-1.4869 I0.0303 J0.0221 F60.
G1 X7.5638 Y-1.4892
X7.5769 Y-1.4903
G3 X7.6432 Y-1.4562 I0.0029 J0.0759
X7.62 Y-1.3499 I-0.0593 J0.0428
G1 X7.5975 Y-1.3353
X7.5868 Y-1.328
G3 X7.557 Y-1.3235 I-0.0199 J-0.0318
X7.5293 Y-1.3597 I0.0098 J-0.0362 F300.
G1 X7.5294 Y-1.3626
X7.5298 Y-1.3655
X7.5443 Y-1.4589
G3 X7.551 Y-1.475 I0.0371 J0.0058
X7.5769 Y-1.4903 I0.0304 J0.022 F60.
G1 X7.5975 Y-1.4921
X7.6087 Y-1.4939
X7.6106 Y-1.4942
G3 X7.677 Y-1.4587 I0.0086 J0.0636
X7.6498 Y-1.3669 I-0.0611 J0.0318
G1 X7.6312 Y-1.3562
X7.6201 Y-1.3498
G3 X7.5901 Y-1.3479 I-0.0171 J-0.0322
G1 X7.586 Y-1.3497 F300.
X7.5821 Y-1.3521
G3 X7.5824 Y-1.4821 I0.0451 J-0.0649
X7.6106 Y-1.4942 I0.0449 J0.0651 F60.
G1 X7.62 Y-1.4959
X7.6425 Y-1.5004
G3 X7.6925 Y-1.4832 I0.0095 J0.0538
X7.6762 Y-1.3815 I-0.0469 J0.0446
G1 X7.6525 Y-1.3684
X7.6498 Y-1.3668
G3 X7.62 Y-1.3662 I-0.0155 J-0.0296
G1 X7.6166 Y-1.368 F300.
X7.6135 Y-1.3702
G3 X7.6147 Y-1.4873 I0.046 J-0.0581
X7.6425 Y-1.5004 I0.0448 J0.059 F60.
G1 X7.6711 Y-1.5061
G3 X7.7058 Y-1.5002 I0.0097 J0.0477
X7.6969 Y-1.3917 I-0.032 J0.052
G1 X7.6929 Y-1.3905
X7.6887 Y-1.3899
G3 X7.6665 Y-1.3926 I-0.0041 J-0.0588
X7.6442 Y-1.4916 I0.0182 J-0.0561 F300.
X7.6711 Y-1.5061 I0.0405 J0.0429 F60.
G1 X7.6874 Y-1.5094
X7.6987 Y-1.512
G3 X7.7278 Y-1.5084 I0.0096 J0.0418
X7.7217 Y-1.4018 I-0.0283 J0.0519
G1 X7.6969 Y-1.3916
G3 X7.668 Y-1.3971 I-0.0099 J-0.0269
G1 X7.6663 Y-1.3988 F300.
X7.6647 Y-1.4005
G3 X7.6721 Y-1.4967 I0.0547 J-0.0442
X7.6987 Y-1.512 I0.0474 J0.052 F60.
G1 X7.7212 Y-1.5181
G3 X7.7504 Y-1.5157 I0.0114 J0.0403
X7.7458 Y-1.4115 I-0.0259 J0.051
G1 X7.7217 Y-1.4018
G3 X7.6931 Y-1.4079 I-0.0095 J-0.0259
G1 X7.6912 Y-1.4099 F300.
G3 X7.6952 Y-1.5019 I0.052 J-0.0438
X7.7212 Y-1.5181 I0.048 J0.0481 F60.
G1 X7.7324 Y-1.5215
X7.7437 Y-1.5251
G3 X7.7919 Y-1.509 I0.0122 J0.0439
X7.768 Y-1.4202 I-0.0428 J0.0361
G1 X7.7661 Y-1.4195
X7.752 Y-1.414
X7.7458 Y-1.4115
G3 X7.7173 Y-1.4182 I-0.0091 J-0.0253
G1 X7.7164 Y-1.4191 F300.
G3 X7.718 Y-1.5083 I0.0498 J-0.0437
X7.7437 Y-1.5251 I0.0482 J0.0455 F60.
G1 X7.7661 Y-1.5324
G3 X7.8104 Y-1.5215 I0.0133 J0.0414
X7.7862 Y-1.426 I-0.0385 J0.041
X7.7759 Y-1.4257 I-0.0059 J-0.0261
X7.7567 Y-1.4327 I0.0091 J-0.0546
X7.7414 Y-1.5145 I0.0283 J-0.0476 F300.
X7.7661 Y-1.5324 I0.0436 J0.0342 F60.
G1 X7.7886 Y-1.5396
X7.7905 Y-1.5403
G3 X7.8197 Y-1.5386 I0.0124 J0.038
G1 X7.8251 Y-1.5359
X7.8302 Y-1.5328
G3 X7.8093 Y-1.4321 I-0.0354 J0.0452
G1 X7.7862 Y-1.426
G3 X7.759 Y-1.4365 I-0.0058 J-0.0256
G1 X7.7585 Y-1.4372 F300.
G3 X7.7653 Y-1.5228 I0.0585 J-0.0384
X7.7905 Y-1.5403 I0.0516 J0.0472 F60.
G1 X7.7999 Y-1.5438
X7.8111 Y-1.548
G3 X7.8512 Y-1.5427 I0.0147 J0.0429
X7.8323 Y-1.438 I-0.0336 J0.048
G1 X7.8093 Y-1.4321
G3 X7.7819 Y-1.4423 I-0.0059 J-0.0261
X7.7861 Y-1.5302 I0.0562 J-0.0414 F300.
X7.8111 Y-1.548 I0.052 J0.0466 F60.
G1 X7.8224 Y-1.5523
X7.8313 Y-1.5564
G3 X7.8717 Y-1.5536 I0.0174 J0.0416
X7.8529 Y-1.443 I-0.0314 J0.0516
X7.8237 Y-1.45 I-0.0065 J-0.0369
X7.8089 Y-1.4814 I0.0227 J-0.0299 F300.
G1 X7.8106 Y-1.5243
X7.811 Y-1.5289
X7.8121 Y-1.5333
G3 X7.8313 Y-1.5564 I0.036 J0.0105 F60.
G1 X7.8538 Y-1.5666
G3 X7.8993 Y-1.561 I0.0178 J0.0429
X7.9206 Y-1.5387 I-0.0282 J0.0482
X7.8753 Y-1.4477 I-0.055 J0.0294
X7.8465 Y-1.4563 I-0.0046 J-0.0372
X7.8333 Y-1.4848 I0.0242 J-0.0286 F300.
G1 X7.833 Y-1.5329
G3 X7.8345 Y-1.5436 I0.0375 J-0.0002
X7.8538 Y-1.5666 I0.036 J0.0105 F60.
G1 X7.8763 Y-1.5769
G3 X7.9321 Y-1.5669 I0.0202 J0.0483
X7.9569 Y-1.525 I-0.0362 J0.0497
X7.9001 Y-1.4509 I-0.0648 J0.0091
G1 X7.8786 Y-1.4482
X7.8753 Y-1.4477
G3 X7.8481 Y-1.4592 I-0.0036 J-0.0294
G1 X7.8478 Y-1.4597 F300.
G3 X7.852 Y-1.5581 I0.0637 J-0.0466
X7.8763 Y-1.5769 I0.0595 J0.0518 F60.
G1 X7.8886 Y-1.5825
X7.9011 Y-1.5885
G3 X7.9474 Y-1.5869 I0.0215 J0.0484
X7.9892 Y-1.5158 I-0.0308 J0.066
X7.9289 Y-1.4544 I-0.069 J-0.0074
G1 X7.9001 Y-1.4509
G3 X7.8728 Y-1.4626 I-0.0027 J-0.0312
G1 X7.8714 Y-1.4646 F300.
G3 X7.8773 Y-1.569 I0.0719 J-0.0483
X7.9011 Y-1.5885 I0.0659 J0.0561 F60.
G1 X7.9113 Y-1.5938
X7.9235 Y-1.6009
G3 X7.9699 Y-1.6031 I0.0256 J0.0487
X8.0234 Y-1.5389 I-0.0298 J0.0791
X8.0081 Y-1.4836 I-0.0722 J0.0098
X7.9573 Y-1.457 I-0.056 J-0.0452
G1 X7.946 Y-1.4562
X7.9348 Y-1.4551
X7.9289 Y-1.4544
G3 X7.9012 Y-1.4654 I-0.0029 J-0.0333
G1 X7.899 Y-1.4681 F300.
G3 X7.9009 Y-1.5801 I0.0756 J-0.0547
X7.9235 Y-1.6009 I0.0736 J0.0573 F60.
G1 X7.9476 Y-1.6154
G3 X8.0052 Y-1.6162 I0.0295 J0.054
X8.0624 Y-1.5282 I-0.0374 J0.0869
X7.9872 Y-1.458 I-0.0745 J-0.0044
G1 X7.9798 Y-1.4581
X7.9685 Y-1.4579
X7.9573 Y-1.457
G3 X7.9293 Y-1.4681 I-0.0014 J-0.0375
X7.9187 Y-1.4996 I0.0266 J-0.0265 F300.
G1 X7.9309 Y-1.5891
X7.931 Y-1.5897
X7.9311 Y-1.5903
G3 X7.9476 Y-1.6154 I0.037 J0.0063 F60.
G1 X7.9747 Y-1.6318
G3 X8.0032 Y-1.6401 I0.0295 J0.0484
X8.0538 Y-1.6211 I-0.0004 J0.0781
X8.0535 Y-1.5936 I-0.0126 J0.0136
X8.0383 Y-1.5891 I-0.0124 J-0.0138 F300.
G1 X7.982 Y-1.5979
G3 X7.9703 Y-1.6047 I0.0029 J-0.0183
X7.9747 Y-1.6318 I0.0145 J-0.0116 F60.
G1 X7.991 Y-1.6416
G3 X8.036 Y-1.6365 I0.0189 J0.0336
G1 X8.0594 Y-1.6162
X8.0651 Y-1.6116
G3 X8.1027 Y-1.5293 I-0.0672 J0.0804
X8.0663 Y-1.4691 I-0.0782 J-0.0063
G1 X8.0532 Y-1.4627
X8.0392 Y-1.4588
X8.0247 Y-1.4576
X7.9872 Y-1.458
G3 X7.9602 Y-1.4713 I0.0017 J-0.0375
X7.957 Y-1.5151 I0.0287 J-0.0242 F300.
G1 X8.0103 Y-1.6015
G3 X8.0359 Y-1.6188 I0.0319 J0.0197
X8.0651 Y-1.6116 I0.0063 J0.037 F60.
G2 X8.1053 Y-1.5798 I0.3874 J-0.449
G3 X8.1309 Y-1.5119 I-0.0407 J0.0541
X8.058 Y-1.4561 I-0.0685 J-0.0141
X8.0292 Y-1.4663 I0.0062 J-0.0633
G1 X8.0261 Y-1.4685 F300.
G3 X8.0767 Y-1.5908 I0.0409 J-0.0547
X8.1053 Y-1.5798 I-0.0097 J0.0676 F60.
G1 X8.135 Y-1.5581
G3 X8.156 Y-1.5223 I-0.0302 J0.0418
X8.0858 Y-1.453 I-0.0614 J0.0081
X8.0633 Y-1.4636 I0.0085 J-0.0472
G1 X8.0591 Y-1.4675
G3 X8.1061 Y-1.5682 I0.0426 J-0.0414 F300.
X8.135 Y-1.5581 I-0.0044 J0.0593 F60.
G1 X8.1596 Y-1.5402
G3 X8.1782 Y-1.5043 I-0.0269 J0.0366
X8.1161 Y-1.4486 I-0.0543 J0.0019
X8.0965 Y-1.458 I0.0073 J-0.0403
G1 X8.0933 Y-1.461
X8.0903 Y-1.4644
G3 X8.1305 Y-1.5491 I0.0403 J-0.0328 F300.
X8.1596 Y-1.5402 I0. J0.0519 F60.
G1 X8.1806 Y-1.525
G3 X8.1973 Y-1.4955 I-0.0219 J0.0319
X8.1402 Y-1.4447 I-0.0476 J0.004
X8.1255 Y-1.4521 I0.0083 J-0.0348
X8.1162 Y-1.4628 I0.0294 J-0.035
X8.1512 Y-1.5327 I0.0388 J-0.0243 F300.
X8.1806 Y-1.525 I0.0037 J0.0456 F60.
G1 X8.1999 Y-1.5109
G3 X8.2141 Y-1.4873 I-0.0178 J0.0269
X8.1615 Y-1.4403 I-0.0422 J0.0058
X8.1503 Y-1.4464 I0.0082 J-0.0285
X8.1397 Y-1.4608 I0.0267 J-0.0308
X8.1704 Y-1.5173 I0.0373 J-0.0164 F300.
X8.1999 Y-1.5109 I0.0067 J0.0402 F60.
G1 X8.2095 Y-1.5039
G3 X8.1733 Y-1.4375 I-0.0218 J0.0312
G1 X8.1692 Y-1.4391
X8.1653 Y-1.4411
X8.1616 Y-1.4436
X8.1583 Y-1.4464
X8.1553 Y-1.4497
X8.1528 Y-1.4533
X8.1506 Y-1.4572
X8.1487 Y-1.4613 Z0.2289
X8.1468 Y-1.4653 Z0.2297
X8.145 Y-1.4692 Z0.231
X8.1433 Y-1.473 Z0.2329
X8.1416 Y-1.4765 Z0.2352
X8.1401 Y-1.4797 Z0.238
X8.1388 Y-1.4826 Z0.2412
X8.1376 Y-1.4851 Z0.2448
X8.1366 Y-1.4873 Z0.2487
X8.1358 Y-1.4889 Z0.2528
X8.1353 Y-1.4902 Z0.2571
X8.1349 Y-1.4909 Z0.2616
X8.1348 Y-1.4912 Z0.2661
G0 Z0.6903
X5.6215 Y-0.9582
Z0.3036
G1 Z0.2661 F60.
X5.6213 Y-0.958 Z0.2616
X5.6206 Y-0.9576 Z0.2571
X5.6195 Y-0.9568 Z0.2528
X5.618 Y-0.9557 Z0.2487
X5.6162 Y-0.9543 Z0.2448
X5.6139 Y-0.9526 Z0.2412
X5.6113 Y-0.9507 Z0.238
X5.6084 Y-0.9486 Z0.2352
X5.6053 Y-0.9464 Z0.2329
X5.602 Y-0.9439 Z0.231
X5.5985 Y-0.9414 Z0.2297
X5.5949 Y-0.9387 Z0.2289
X5.5912 Y-0.9361 Z0.2286
G3 X5.5625 Y-0.9246 I-0.0368 J-0.0503
G1 X5.4838 Y-0.9171
G3 X5.4015 Y-0.9604 I-0.0043 J-0.0919
X5.4039 Y-1.091 I0.0892 J-0.0637
G1 X5.4158 Y-1.1039
X5.4297 Y-1.1147
X5.4451 Y-1.1232
X5.5445 Y-1.1678
G3 X5.5746 Y-1.167 I0.0141 J0.0347
X5.5929 Y-1.1178 I-0.0159 J0.034 F300.
G1 X5.5132 Y-0.939
X5.5116 Y-0.9357
X5.5096 Y-0.9326
G3 X5.4838 Y-0.9171 I-0.0306 J-0.0217 F60.
G1 X5.4389 Y-0.9128
G3 X5.3734 Y-0.9397 I-0.0042 J-0.083
X5.3382 Y-1.0218 I0.0735 J-0.0802
G1 X5.3409 Y-1.0381
G3 X5.3922 Y-1.0995 I0.0887 J0.0221
G1 X5.4451 Y-1.1232
G3 X5.4751 Y-1.1224 I0.0141 J0.0347
X5.4961 Y-1.0817 I-0.0159 J0.034 F300.
G1 X5.4709 Y-0.9432
G3 X5.4646 Y-0.9283 I-0.0369 J-0.0067
X5.4389 Y-0.9128 I-0.0306 J-0.0217 F60.
G1 X5.3963 Y-0.9087
G3 X5.3265 Y-0.9397 I-0.0033 J-0.0866
X5.2985 Y-1.0051 I0.0656 J-0.0669
X5.3225 Y-1.0622 I0.0845 J0.002
G1 X5.3346 Y-1.0723
X5.3484 Y-1.08
X5.3672 Y-1.0882
X5.3922 Y-1.0995
G3 X5.4223 Y-1.0987 I0.0141 J0.0347
X5.4436 Y-1.0601 I-0.0159 J0.034 F300.
G1 X5.4287 Y-0.9412
G3 X5.4221 Y-0.9242 I-0.0372 J-0.0047
X5.3963 Y-0.9087 I-0.0306 J-0.0217 F60.
G1 X5.354 Y-0.9047
G3 X5.2812 Y-0.9401 I-0.0039 J-0.0844
X5.3119 Y-1.0648 I0.0598 J-0.0514
G1 X5.3264 Y-1.0707
X5.3377 Y-1.0753
X5.3484 Y-1.08
G3 X5.3785 Y-1.079 I0.0138 J0.0348
X5.3995 Y-1.0404 I-0.0162 J0.0338 F300.
G1 X5.3863 Y-0.9371
G3 X5.3797 Y-0.9202 I-0.0372 J-0.0047
X5.354 Y-0.9047 I-0.0306 J-0.0217 F60.
G1 X5.3264 Y-0.902
X5.3152 Y-0.9009
X5.3118 Y-0.9005
G3 X5.2447 Y-0.9333 I-0.004 J-0.0768
X5.2282 Y-0.9843 I0.0552 J-0.0461
X5.2756 Y-1.0503 I0.0757 J0.0043
G1 X5.3119 Y-1.0649
G3 X5.3419 Y-1.0629 I0.0127 J0.0353
X5.3614 Y-1.0223 I-0.0172 J0.0333 F300.
G1 X5.3432 Y-0.9303
G3 X5.3373 Y-0.9164 I-0.0368 J-0.0073
X5.3118 Y-0.9005 I-0.0309 J-0.0212 F60.
G1 X5.2927 Y-0.8984
X5.2815 Y-0.8971
X5.2753 Y-0.8963
G3 X5.2088 Y-0.9292 I-0.0062 J-0.071
G1 X5.2018 Y-0.9416
G3 X5.2419 Y-1.0367 I0.0672 J-0.0277
G1 X5.2756 Y-1.0503
G3 X5.3056 Y-1.0483 I0.0127 J0.0353
X5.3248 Y-1.0064 I-0.0172 J0.0333 F300.
G1 X5.3057 Y-0.9247
G3 X5.3005 Y-0.9127 I-0.0365 J-0.0086
X5.2753 Y-0.8963 I-0.0313 J-0.0206 F60.
G1 X5.2388 Y-0.8916
G3 X5.1714 Y-0.9357 I-0.0055 J-0.0651
X5.2108 Y-1.0242 I0.065 J-0.0241
G1 X5.2148 Y-1.0255
X5.2189 Y-1.0264
X5.223 Y-1.0268
G3 X5.2413 Y-1.0256 I0.0046 J0.068
X5.2671 Y-0.9032 I-0.0137 J0.0668 F300.
X5.2388 Y-0.8916 I-0.0395 J-0.0556 F60.
G1 X5.205 Y-0.8872
G3 X5.1521 Y-0.9121 I-0.0054 J-0.0571
X5.1814 Y-1.0125 I0.0539 J-0.0387
G1 X5.1852 Y-1.0136
X5.189 Y-1.0143
X5.193 Y-1.0146
G3 X5.2119 Y-1.0123 I0.0016 J0.0642
X5.2332 Y-0.8992 I-0.0173 J0.0618 F300.
X5.205 Y-0.8872 I-0.0386 J-0.0513 F60.
G1 X5.1741 Y-0.8832
G3 X5.14 Y-0.892 I-0.0057 J-0.0482
X5.1537 Y-1.0013 I0.037 J-0.0509
G1 X5.1572 Y-1.0024
X5.1609 Y-1.003
X5.1646 Y-1.0032
G3 X5.184 Y-0.9999 I-0.0003 J0.0604
X5.202 Y-0.8956 I-0.0198 J0.0571 F300.
X5.1741 Y-0.8832 I-0.0378 J-0.0472 F60.
G1 X5.1465 Y-0.8796
G3 X5.1079 Y-0.8924 I-0.0055 J-0.0482
X5.0873 Y-0.9532 I0.0454 J-0.0493
G1 X5.0881 Y-0.9562
X5.0895 Y-0.959
X5.0913 Y-0.9615
X5.0935 Y-0.9636
X5.096 Y-0.9654
X5.0988 Y-0.9668
X5.1017 Y-0.9677
X5.1048 Y-0.968
X5.1079 Y-0.9679
X5.1109 Y-0.9672
G3 X5.1204 Y-0.9605 I-0.0055 J0.0177 F300.
G1 X5.1585 Y-0.9089
X5.1597 Y-0.907
X5.1607 Y-0.9049
X5.1615 Y-0.9027
G3 X5.1465 Y-0.8796 I-0.0179 J0.0048 F60.
G1 X5.1241 Y-0.8767
G3 X5.0815 Y-0.9197 I-0.0045 J-0.0381
G1 X5.0873 Y-0.9534
G3 X5.1128 Y-0.9849 I0.0382 J0.0049
G1 X5.2419 Y-1.0367
X5.2455 Y-1.0375 Z0.2288
X5.249 Y-1.0382 Z0.2295
X5.2525 Y-1.0389 Z0.2306
X5.2546 Y-1.039 Z0.2315
X5.2576 Y-1.0385 Z0.2331
X5.2604 Y-1.0381 Z0.235
X5.263 Y-1.0378 Z0.2373
X5.2653 Y-1.0374 Z0.2398
X5.2676 Y-1.0365 Z0.2433
X5.2695 Y-1.0358 Z0.2471
X5.2708 Y-1.0352 Z0.2511
X5.2716 Y-1.0349 Z0.2553
X5.2719 Y-1.0348 Z0.2595
G0 Z0.6903
X8.9229 Y-0.9238
Z0.5333
G3 X8.7086 Y-0.9686 Z0.5116 I-0.0881 J-0.1137 F40.
X8.7866 Y-1.1725 Z0.4898 I0.1259 J-0.0687
X8.975 Y-1.0635 Z0.468 I0.0478 J0.1348
X8.8378 Y-0.8951 Z0.4463 I-0.1403 J0.0257
X8.6938 Y-1.0568 Z0.4245 I-0.0031 J-0.1423
X8.8758 Y-1.1731 Z0.4027 I0.1406 J0.0194
X8.9615 Y-0.9755 Z0.381 I-0.0414 J0.1354
X8.7533 Y-0.9223 Z0.3592 I-0.1267 J-0.0621
X8.7339 Y-1.1357 Z0.3374 I0.0812 J-0.115
X8.9472 Y-1.1211 Z0.3157 I0.1004 J0.0982
X8.899 Y-0.9135 Z0.2939 I-0.1125 J0.0833
X8.7022 Y-0.9937 Z0.2721 I-0.0642 J-0.124
X8.8123 Y-1.1748 Z0.2504 I0.1322 J-0.0436
X8.9732 Y-1.0377 Z0.2286 I0.022 J0.1371
X8.6955 I-0.1389 J0.
X8.9732 I0.1389 J0.
G1 X8.9738 Y-0.9933 F60.
G3 X8.9746 Y-0.9467 I-0.0662 J0.0245
X8.8902 Y-0.8771 I-0.0945 J-0.0285
X8.8005 Y-0.8696 I-0.1417 J-1.165
X8.6924 Y-0.9439 I-0.0054 J-0.108
X8.6962 Y-0.9737 I0.036 J-0.0105
X8.7495 Y-0.9854 I0.0321 J0.0193 F300.
G1 X8.8188 Y-0.938
G3 X8.827 Y-0.8838 I-0.0211 J0.031
X8.8005 Y-0.8697 I-0.0294 J-0.0233 F60.
G1 X8.7443 Y-0.8674
G3 X8.7038 Y-0.8973 I-0.0028 J-0.0385
G2 X8.6683 Y-1.0096 I-0.5715 J0.119
G1 X8.6656 Y-1.0165
G3 X8.678 Y-1.1433 I0.135 J-0.0508
X8.7474 Y-1.2084 I0.1312 J0.0703
X8.8291 Y-1.2119 I0.0457 J0.1148
G2 X8.9129 Y-1.1885 I0.257 J-0.7608
G3 X9.0006 Y-1.1238 I-0.0326 J0.1361
X9.0413 Y-1.0136 I-0.2092 J0.1398
X9.0383 Y-0.9579 I-0.1942 J0.0176
X8.9544 Y-0.8838 I-0.094 J-0.0218
G1 X8.8902 Y-0.877
G3 X8.8677 Y-0.8827 I-0.0026 J-0.0374
G1 X8.8614 Y-0.8866
X8.6872 Y-0.9954 F300.
X8.68 Y-0.9999 F60.
G3 X8.6656 Y-1.0165 I0.0199 J-0.0318
G2 X8.6407 Y-1.0691 I-0.3226 J0.1201
G3 X8.6351 Y-1.1508 I0.1008 J-0.0479
X8.6738 Y-1.2158 I0.116 J0.025
X8.7633 Y-1.2323 I0.0606 J0.078
G1 X8.8291 Y-1.2118
G3 X8.8511 Y-1.1914 I-0.0123 J0.0354
X8.8363 Y-1.1445 I-0.0344 J0.015 F300.
G1 X8.6926 Y-1.0564
G3 X8.6652 Y-1.0516 I-0.0196 J-0.032
X8.6408 Y-1.0692 I0.0078 J-0.0367 F60.
G1 X8.6242 Y-1.0995
X8.6206 Y-1.106
X8.6145 Y-1.1169
G3 X8.6249 Y-1.2219 I0.0883 J-0.0442
X8.7183 Y-1.2464 I0.0645 J0.0557
G1 X8.7218 Y-1.2451
X8.733 Y-1.2416
X8.7633 Y-1.2322
G3 X8.7853 Y-1.2118 I-0.0123 J0.0354
X8.7697 Y-1.1644 I-0.0344 J0.015 F300.
G1 X8.6652 Y-1.104
G3 X8.6391 Y-1.0997 I-0.0188 J-0.0325
X8.6145 Y-1.1169 I0.0073 J-0.0368 F60.
G2 X8.5934 Y-1.1478 I-0.2272 J0.1323
G3 X8.6818 Y-1.26 I0.0605 J-0.0433
G1 X8.6873 Y-1.2573
X8.6926 Y-1.2541
X8.6976 Y-1.2504
X8.7022 Y-1.2463
X8.7065 Y-1.2419
X8.7099 Y-1.2378 F300.
G3 X8.6171 Y-1.1282 I-0.0587 J0.0444
X8.5934 Y-1.1478 I0.0341 J-0.0652 F60.
G1 X8.5794 Y-1.1669
X8.5691 Y-1.1808
G3 X8.5596 Y-1.2027 I0.041 J-0.0306
X8.6495 Y-1.273 I0.0652 J-0.0093
X8.6723 Y-1.253 I-0.0205 J0.0463
G1 Y-1.2529
G3 X8.5934 Y-1.1623 I-0.054 J0.0326 F300.
X8.5691 Y-1.1808 I0.0249 J-0.058 F60.
G1 X8.5627 Y-1.1893
X8.5542 Y-1.2006
X8.5523 Y-1.2027
G3 X8.541 Y-1.23 I0.0346 J-0.0303
X8.6196 Y-1.2851 I0.0572 J-0.002
X8.6357 Y-1.2719 I-0.0158 J0.0357
X8.6406 Y-1.2634 I-0.0444 J0.0313
X8.5789 Y-1.1877 I-0.0493 J0.0228 F300.
X8.5523 Y-1.2027 I0.0124 J-0.0529 F60.
G1 X8.5441 Y-1.2118
X8.5351 Y-1.2212
G3 X8.523 Y-1.2537 I0.0282 J-0.029
X8.5913 Y-1.2965 I0.0497 J0.0034
X8.6049 Y-1.2863 I-0.0154 J0.0348
X8.6121 Y-1.2747 I-0.0364 J0.0309
X8.5625 Y-1.208 I-0.0437 J0.0192 F300.
X8.5351 Y-1.2212 I0.006 J-0.0474 F60.
G1 X8.5082 Y-1.2493
G3 X8.4943 Y-1.2848 I0.0252 J-0.0303
X8.5505 Y-1.3129 I0.0381 J0.0059
G1 X8.69 Y-1.2567
X8.7183 Y-1.2464
X8.721 Y-1.2452
X8.7236 Y-1.2438
G2 X8.7454 Y-1.2316 I0.1973 J-0.328
G1 X8.7529 Y-1.2278 F300.
X8.7558 Y-1.2266
X8.7587 Y-1.2256
X8.868 Y-1.1931
X8.871 Y-1.1924
X8.8741 Y-1.1919
X8.8821 Y-1.191
G2 X8.9074 Y-1.1892 I0.0388 J-0.3808 F60.
G1 X8.9102 Y-1.189
X8.9129 Y-1.1886
X8.9804 Y-1.1737
G3 X9.056 Y-1.1219 I-0.0369 J0.135
X9.1004 Y-0.9763 I-0.154 J0.1265
X9.0302 Y-0.8932 I-0.0981 J-0.0117
G1 X9.0141 Y-0.89
X8.9544 Y-0.8838
G3 X8.9261 Y-0.8939 I-0.0026 J-0.0374
X8.9145 Y-0.9249 I0.0257 J-0.0273 F300.
G1 X8.9362 Y-1.1406
G3 X8.9511 Y-1.1669 I0.0373 J0.0038
X8.9804 Y-1.1737 I0.0224 J0.03 F60.
G1 X9.0478 Y-1.1587
G3 X9.1177 Y-1.1101 I-0.0341 J0.1235
X9.1571 Y-0.9822 I-0.1391 J0.113
X9.0775 Y-0.8989 I-0.0959 J-0.0119
X9.0141 Y-0.8901 I-0.1394 J-0.7705
G1 X9.0097 Y-0.89
X9.0053 Y-0.8905
X9.001 Y-0.8915
X8.9968 Y-0.8929
X8.9929 Y-0.8949
X8.9892 Y-0.8973
X8.9858 Y-0.9001
G3 X8.9745 Y-0.9333 I0.0257 J-0.0273 F300.
G1 X9.0054 Y-1.1275
G3 X9.0188 Y-1.1508 I0.037 J0.0059
X9.0478 Y-1.1587 I0.0236 J0.0292 F60.
G1 X9.0591 Y-1.1567
X9.0816 Y-1.1534
X9.099 Y-1.1509
G3 X9.1726 Y-1.1053 I-0.0216 J0.117
X9.2114 Y-0.996 I-0.1242 J0.1057
X9.1342 Y-0.9085 I-0.0928 J-0.004
G1 X9.0775 Y-0.8989
G3 X9.0486 Y-0.9072 I-0.005 J-0.0372
X9.0353 Y-0.9408 I0.0239 J-0.0289 F300.
G1 X9.058 Y-1.1184
G3 X9.0704 Y-1.1417 I0.0372 J0.0048
X9.099 Y-1.1509 I0.0248 J0.0281 F60.
G1 X9.1552 Y-1.1432
G3 X9.2271 Y-1.0993 I-0.0191 J0.1122
X9.2613 Y-0.9929 I-0.1091 J0.0938
G1 X9.2569 Y-0.9772
G3 X9.1855 Y-0.9172 I-0.0868 J-0.0308
G1 X9.1342 Y-0.9085
G3 X9.1053 Y-0.9168 I-0.005 J-0.0372
X9.0921 Y-0.9508 I0.0239 J-0.0289 F300.
G1 X9.1143 Y-1.1111
G3 X9.1266 Y-1.134 I0.0371 J0.0051
X9.1552 Y-1.1432 I0.0248 J0.0281 F60.
G1 X9.2114 Y-1.1356
G3 X9.284 Y-1.0873 I-0.0193 J0.1077
X9.3088 Y-0.9969 I-0.1024 J0.0768
X9.2665 Y-0.9366 I-0.0871 J-0.0162
G1 X9.2528 Y-0.9302
X9.2381 Y-0.9263
X9.2165 Y-0.9225
X9.1855 Y-0.9172
G3 X9.1566 Y-0.9255 I-0.005 J-0.0372
X9.1437 Y-0.9613 I0.0239 J-0.0289 F300.
G1 X9.1708 Y-1.1052
G3 X9.1828 Y-1.1264 I0.0369 J0.0069
X9.2114 Y-1.1356 I0.0248 J0.0281 F60.
G2 X9.2592 Y-1.1309 I0.0909 J-0.6909
G3 X9.3245 Y-1.0942 I-0.0105 J0.0951
X9.3547 Y-1.0177 I-0.0871 J0.0786
X9.3298 Y-0.9603 I-0.0874 J-0.0039
G1 X9.3176 Y-0.95
X9.3036 Y-0.9422
X9.2885 Y-0.9371
X9.2614 Y-0.9307
X9.2502 Y-0.9284
X9.2381 Y-0.9263
G3 X9.2092 Y-0.9344 I-0.0052 J-0.0371
X9.1961 Y-0.9706 I0.0237 J-0.029 F300.
G1 X9.2215 Y-1.1007
G3 X9.2314 Y-1.1196 I0.0368 J0.0072
X9.2592 Y-1.131 I0.0269 J0.0261 F60.
G1 X9.3064 Y-1.1284
G3 X9.3775 Y-1.0833 I-0.0101 J0.0944
X9.3927 Y-1.0029 I-0.0741 J0.0557
X9.3326 Y-0.9475 I-0.0799 J-0.0263
G1 X9.2885 Y-0.9371
G3 X9.2591 Y-0.9435 I-0.0074 J-0.0368
X9.2445 Y-0.9816 I0.022 J-0.0304 F300.
G1 X9.269 Y-1.0986
G3 X9.2787 Y-1.1169 I0.0367 J0.0077
X9.3064 Y-1.1284 I0.0271 J0.026 F60.
G1 X9.3514 Y-1.126
G3 X9.4234 Y-1.0765 I-0.008 J0.0887
X9.3739 Y-0.9573 I-0.0677 J0.0418
G1 X9.3695 Y-0.9567
X9.3651 Y-0.9566
X9.3607 Y-0.957
X9.3564 Y-0.958
X9.3522 Y-0.9594
X9.3482 Y-0.9613
X9.3445 Y-0.9637
G3 X9.3295 Y-0.9879 I0.022 J-0.0304 F300.
G1 X9.3137 Y-1.0823
G3 X9.3236 Y-1.1145 I0.037 J-0.0062
X9.3514 Y-1.126 I0.0271 J0.026 F60.
G1 X9.3851 Y-1.1242
X9.3964 Y-1.1237
G3 X9.4619 Y-1.0772 I-0.0079 J0.0806
X9.4697 Y-1.0242 I-0.0631 J0.0363
X9.4125 Y-0.9664 I-0.0748 J-0.0169
X9.3831 Y-0.9728 I-0.0074 J-0.0368
X9.3679 Y-0.999 I0.022 J-0.0304 F300.
G1 X9.3587 Y-1.0821
G3 X9.3687 Y-1.112 I0.0373 J-0.0041
X9.3964 Y-1.1237 I0.0272 J0.0258 F60.
G1 X9.4076 Y-1.1232
X9.4188 Y-1.1228
X9.4335 Y-1.1231
G3 X9.4927 Y-1.0878 I-0.0024 J0.0713
G1 X9.4961 Y-1.0829
G3 X9.4483 Y-0.9749 I-0.0647 J0.0359
G1 X9.4431 Y-0.9741
X9.438 Y-0.9739
G3 X9.4177 Y-0.9766 I-0.0001 J-0.0747
X9.4039 Y-1.1151 I0.0203 J-0.0719 F300.
X9.4335 Y-1.1231 I0.0341 J0.0665 F60.
G1 X9.4526 Y-1.1236
X9.47 Y-1.1241
G3 X9.5145 Y-1.0979 I-0.001 J0.0526
G1 X9.5195 Y-1.087
G3 X9.5182 Y-1.0566 I-0.0468 J0.0133
X9.4471 Y-1.0323 I-0.0456 J-0.0171 F300.
X9.4417 Y-1.113 I0.0261 J-0.0423
X9.47 Y-1.1241 I0.0315 J0.0384 F60.
X9.493 Y-1.122 I0.0066 J0.0552
X9.5154 Y-1.0995 I-0.0151 J0.0374
G1 X9.52 Y-1.0852
X9.5299 Y-1.0545
G3 X9.4955 Y-0.9885 I-0.0495 J0.0162
G1 X9.4905 Y-0.9874
X9.4853 Y-0.9869
X9.4802
X9.4751 Y-0.9874
X9.47 Y-0.9884
X9.4651 Y-0.9899
G3 X9.4325 Y-1.033 I0.0174 J-0.047 F300.
X9.5111 Y-1.0785 I0.0502 J-0.0039
X9.5299 Y-1.0545 I-0.0284 J0.0416 F60.
X9.5366 Y-1.0321 I-0.1099 J0.0453
X9.5088 Y-0.9926 I-0.0382 J0.0026
G1 X9.4638 Y-0.9788
X9.4526 Y-0.9759
X9.3326 Y-0.9475
X9.3289 Y-0.9472 Z0.2288
X9.3253 Y-0.9468 Z0.2295
X9.3215 Y-0.9473 Z0.2307
X9.3179 Y-0.9479 Z0.2324
X9.3146 Y-0.9483 Z0.2345
X9.312 Y-0.9495 Z0.2369
X9.3097 Y-0.9506 Z0.2395
X9.3077 Y-0.9515 Z0.2425
X9.3061 Y-0.9523 Z0.2456
X9.3048 Y-0.9529 Z0.249
X9.3039 Y-0.9535 Z0.2524
X9.3034 Y-0.9538 Z0.2559
X9.3033 Y-0.9539 Z0.2595
G0 Z0.6903
X6.6615 Y-1.2183
Z0.3286
G1 Z0.2911 F60.
X6.6616 Y-1.218 Z0.2866
X6.6618 Y-1.2172 Z0.2821
X6.6621 Y-1.2159 Z0.2778
X6.6626 Y-1.2141 Z0.2737
X6.6631 Y-1.2119 Z0.2698
X6.6638 Y-1.2091 Z0.2662
X6.6646 Y-1.206 Z0.263
X6.6654 Y-1.2026 Z0.2602
X6.6664 Y-1.1988 Z0.2579
X6.6674 Y-1.1948 Z0.256
X6.6684 Y-1.1906 Z0.2547
X6.6695 Y-1.1863 Z0.2539
X6.6706 Y-1.1819 Z0.2536
G3 X6.6987 Y-0.9776 I-0.9289 J0.2317
G1 X6.6986 Y-0.973
G3 X6.6621 Y-0.9439 I-0.0862 J-0.0708
X6.5678 Y-0.9094 I-0.1517 J-0.2686
G1 X6.5561 Y-0.9088
X6.5519
X6.5069 Y-0.9076
X6.1584 Y-0.898
X6.1247 Y-0.8965
X5.7537 Y-0.8737
X5.7312 Y-0.8723
X5.7199 Y-0.8715
X5.3264 Y-0.8339
G2 X5.1803 Y-0.8156 I0.5514 J4.9864
G3 X5.1025 Y-0.8248 I-0.0222 J-0.1452
X5.0422 Y-0.9007 I0.0447 J-0.0974
X5.0631 Y-0.9968 I0.1002 J-0.0285
X5.1463 Y-1.071 I0.236 J0.1807
G1 X5.1566 Y-1.0756
X5.3001 Y-1.1332
X5.3039 Y-1.1348
X5.3264 Y-1.1444
X5.3377 Y-1.1493
X5.6022 Y-1.268
X5.63 Y-1.281
X5.6412 Y-1.2864
X5.9111 Y-1.4207
X5.9201 Y-1.4252
X5.9335 Y-1.4324
X5.9448 Y-1.4385
X6.2073 Y-1.5825
X6.2146 Y-1.5866
X6.2259 Y-1.593
X6.4957 Y-1.7554
X6.507 Y-1.7623
X6.5413 Y-1.7847
X6.6419 Y-1.8508
G3 X6.732 Y-1.8738 I0.0761 J0.1104
X6.8003 Y-1.8502 I-0.0547 J0.2684
G1 X6.8194 Y-1.8405
X6.8323 Y-1.8329
X6.8442 Y-1.8238
X6.8549 Y-1.8132
G3 X6.8632 Y-1.7843 I-0.0288 J0.024
X6.819 Y-1.7524 I-0.0372 J-0.0049 F300.
G1 X6.6565 Y-1.7834
G3 X6.6264 Y-1.8251 I0.007 J-0.0368
X6.6419 Y-1.8508 I0.0372 J0.0048 F60.
G1 X6.7015 Y-1.8901
G3 X6.8014 Y-1.8737 I0.0404 J0.0664
G1 X6.805 Y-1.8687
X6.8082 Y-1.8634
X6.8109 Y-1.8578
X6.8131 Y-1.852
X6.8149 Y-1.8461
G3 X6.7582 Y-1.7574 I-0.0705 J0.0174 F300.
X6.6807 Y-1.8675 I-0.014 J-0.0724
X6.7015 Y-1.8901 I0.0635 J0.0376 F60.
G1 X6.7292 Y-1.9083
G3 X6.7837 Y-1.897 I0.0221 J0.0309
G1 X6.7917 Y-1.8858
X6.8 Y-1.8754
X6.8105 Y-1.863
X6.8555 Y-1.8126
G2 X6.9566 Y-1.724 I0.7448 J-0.748
G1 X7.0016 Y-1.6925
G2 X7.0579 Y-1.6593 I0.2584 J-0.3735
X7.1252 Y-1.6251 I0.3462 J-0.5982
X7.2065 Y-1.5937 I0.6764 J-1.6304
X7.3052 Y-1.5681 I0.4439 J-1.5084
X7.4064 Y-1.5542 I0.2547 J-1.4786
X7.5076 Y-1.5524 I0.075 J-1.3459
X7.5975 Y-1.5605 I-0.2561 J-3.3344
X7.6987 Y-1.5817 I-0.3318 J-1.8358
X7.8 Y-1.6162 I-0.4239 J-1.4113
X7.8899 Y-1.6595 I-0.6031 J-1.3668
G1 X7.9185 Y-1.6769
G3 X8.0178 Y-1.6944 I0.0715 J0.1153
X8.0991 Y-1.6679 I-0.0657 J0.3399
G1 X8.1094 Y-1.6616
X8.1191 Y-1.6544
G3 X8.1317 Y-1.6271 I-0.0249 J0.0281
X8.0896 Y-1.5891 I-0.0375 J0.0008 F300.
G1 X7.9344 Y-1.6083
G3 X7.902 Y-1.6518 I0.0046 J-0.0372
X7.9185 Y-1.6769 I0.037 J0.0063 F60.
G1 X7.9481 Y-1.6949
X7.9573 Y-1.7012
X7.9719 Y-1.7117
G3 X8.0577 Y-1.7072 I0.04 J0.0574
X8.0748 Y-1.6817 I-0.0449 J0.0485
X8.0223 Y-1.5932 I-0.062 J0.0231 F300.
X7.9527 Y-1.6879 I-0.0096 J-0.0659
X7.9719 Y-1.7117 I0.0601 J0.0287 F60.
X7.9985 Y-1.7305 I0.1546 J0.1913
X8.036 Y-1.7259 I0.0145 J0.0368
G2 X8.1259 Y-1.6488 I2.5222 J-2.8502
G1 X8.1372 Y-1.6404
X8.2159 Y-1.5831
G3 X8.2428 Y-1.5575 I-0.0938 J0.1257
G1 X8.2698 Y-1.5223
X8.3051 Y-1.4954
X8.345 Y-1.476
X8.387 Y-1.4616
X8.4129 Y-1.4544
X8.4204 Y-1.4521
X8.4277 Y-1.4492
X8.4348 Y-1.4459
G3 X8.4532 Y-1.4222 I-0.018 J0.0329
G1 X8.4543 Y-1.4178 Z0.2539
X8.4554 Y-1.4135 Z0.2547
X8.4564 Y-1.4093 Z0.256
X8.4574 Y-1.4053 Z0.2579
X8.4584 Y-1.4015 Z0.2602
X8.4593 Y-1.3981 Z0.263
X8.46 Y-1.395 Z0.2662
X8.4607 Y-1.3922 Z0.2698
X8.4613 Y-1.39 Z0.2737
X8.4617 Y-1.3882 Z0.2778
X8.4621 Y-1.3869 Z0.2821
X8.4623 Y-1.3861 Z0.2866
Y-1.3858 Z0.2911
G0 Z0.6903
X8.1494 Y-1.597
Z0.3286
G1 Z0.2911 F60.
X8.1497 Y-1.5969 Z0.2866
X8.1505 Z0.2821
X8.1518 Y-1.5967 Z0.2778
X8.1537 Y-1.5966 Z0.2737
X8.156 Y-1.5964 Z0.2698
X8.1588 Y-1.5961 Z0.2662
X8.162 Y-1.5958 Z0.263
X8.1655 Y-1.5955 Z0.2602
X8.1694 Y-1.5951 Z0.2579
X8.1735 Y-1.5947 Z0.256
X8.1778 Y-1.5943 Z0.2547
X8.1822 Y-1.5939 Z0.2539
X8.1867 Y-1.5935 Z0.2536
G3 X8.2159 Y-1.5831 I-0.0058 J0.062
G2 X8.2945 Y-1.5292 I0.4888 J-0.6298
G1 X8.3957 Y-1.4676
X8.41 Y-1.4589
X8.4182 Y-1.4544
X8.4313 Y-1.4477
X8.5531 Y-1.3866
X8.5644 Y-1.3813
X8.5869 Y-1.3714
X8.5924 Y-1.3691
X8.7218 Y-1.317
X8.7335 Y-1.3129
X8.7555 Y-1.3056
X8.8792 Y-1.2672
X8.8904 Y-1.2638
X8.9017 Y-1.2607
X8.9129 Y-1.258
X9.0478 Y-1.2281
X9.0591 Y-1.2258
X9.0816 Y-1.2219
X9.0928 Y-1.2201
X9.2165 Y-1.2032
X9.2277 Y-1.2019
X9.2502 Y-1.1994
G2 X9.4188 Y-1.1906 I0.5144 J-8.2312
G1 X9.4301 Y-1.1909
G3 X9.5059 Y-1.1736 I0.0066 J0.1455
X9.5785 Y-1.0873 I-0.0944 J0.1531
X9.5732 Y-1.0001 I-0.1036 J0.0375
X9.5081 Y-0.9367 I-0.1708 J-0.1101
X9.4533 Y-0.9068 I-0.143 J-0.1976
G1 X9.4428 Y-0.9039
X9.2952 Y-0.869
X9.2839 Y-0.8665
X9.2614 Y-0.8616
X9.2502 Y-0.8595
X9.0703 Y-0.8289
X9.0591 Y-0.827
X9.0478 Y-0.8254
X8.8567 Y-0.8054
G3 X8.7892 Y-0.8014 I-0.1009 J-1.1343
X8.6821 Y-0.8455 I-0.0084 J-0.1317
G1 X8.6682 Y-0.8609
X8.6494 Y-0.8843
G3 X8.6257 Y-0.9291 I0.1038 J-0.0837
X8.6305 Y-0.9587 I0.0363 J-0.0093
X8.6854 Y-0.9677 I0.0315 J0.0204 F300.
G1 X8.8099 Y-0.8681
G3 X8.8158 Y-0.8155 I-0.0234 J0.0293
X8.7892 Y-0.8014 I-0.0294 J-0.0233 F60.
G1 X8.7184 Y-0.7986
G3 X8.6436 Y-0.8574 I-0.0016 J-0.0749
G1 X8.6428 Y-0.8635
X8.6424 Y-0.8696
X8.6426 Y-0.8758
X8.6434 Y-0.882
X8.6447 Y-0.888
G3 X8.7399 Y-0.9359 I0.0686 J0.0177 F300.
X8.7478 Y-0.8074 I-0.0269 J0.0662
X8.7184 Y-0.7986 I-0.0347 J-0.0624 F60.
G1 X8.6881 Y-0.7973
G3 X8.6482 Y-0.8299 I-0.002 J-0.0382
G2 X8.6283 Y-0.9197 I-0.6381 J0.0937
G1 X8.6218 Y-0.9422
G2 X8.5953 Y-1.0096 I-2.1495 J0.8068
X8.5451 Y-1.0995 I-0.8583 J0.4205
X8.4936 Y-1.1669 I-0.8339 J0.5836
G1 X8.4857 Y-1.175
X8.4774 Y-1.1846
X8.4718 Y-1.1919
X8.4469 Y-1.2286
X8.4117 Y-1.2556
X8.3768 Y-1.2727
X8.3719 Y-1.2752
X8.3672 Y-1.278
X8.3625 Y-1.281
G3 X8.3473 Y-1.3069 I0.022 J-0.0303
X8.409 Y-1.3398 I0.0372 J-0.0044 F300.
G1 X8.5363 Y-1.2303
G3 X8.5138 Y-1.1644 I-0.0244 J0.0284
X8.4857 Y-1.175 I-0.0019 J-0.0374 F60.
G1 X8.4503 Y-1.2118
G2 X8.2883 Y-1.324 I-0.4723 J0.5087
G1 X8.2608 Y-1.3361
X8.2271 Y-1.3506
G2 X8.1259 Y-1.3787 I-0.2932 J0.8573
X8.036 Y-1.3899 I-0.1593 J0.9191
G1 X8.0022 Y-1.3902
G2 X7.9011 Y-1.3825 I-0.0106 J0.5336
G1 X7.8786 Y-1.3796
G2 X7.7773 Y-1.3516 I0.1983 J0.9163
X7.712 Y-1.3242 I1.7554 J4.2711
X7.6199 Y-1.2684 I0.4065 J0.7742
X7.5629 Y-1.2231 I0.5346 J0.7319
X7.5074 Y-1.1669 I1.2427 J1.2812
X7.4558 Y-1.0995 I0.844 J0.7008
X7.4012 Y-0.9985 I0.6818 J0.4335
G3 X7.3302 Y-0.925 I-0.1247 J-0.0495
X7.234 Y-0.8964 I-0.1357 J-0.2799
G1 X7.2224 Y-0.8965
G3 X7.1958 Y-0.9106 I0.0028 J-0.0374
X7.2071 Y-0.9668 I0.0294 J-0.0233 F300.
G1 X7.3482 Y-1.0443
G3 X7.3997 Y-1.0284 I0.0181 J0.0329
X7.4014 Y-0.9984 I-0.0335 J0.0169 F60.
G2 X7.3779 Y-0.9388 I1.1109 J0.4726
G3 X7.3252 Y-0.8938 I-0.0625 J-0.0198
G1 X7.3119 Y-0.8929
G3 X7.2829 Y-0.9027 I0.0046 J-0.0618
X7.273 Y-0.9989 I0.0337 J-0.0521 F300.
X7.3781 Y-0.9694 I0.0441 J0.0447
X7.378 Y-0.9388 I-0.061 J0.0152 F60.
G1 X7.3758 Y-0.931
X7.3726 Y-0.9192
G3 X7.3389 Y-0.8921 I-0.0368 J-0.0113
G1 X7.3277 Y-0.8923
X7.0016 Y-0.9054
X6.9904 Y-0.9058
X6.9679 Y-0.9063
X6.9567 Y-0.9065
X6.5632 Y-0.909
X6.5561 Y-0.9088
G3 X6.5342 Y-0.9164 I0.0007 J-0.0375
G1 X6.5283 Y-0.9208
G2 X6.3834 Y-1.0108 I-0.6087 J0.8189 F300.
X6.3638 Y-1.0148 I-0.017 J0.0334
G1 X5.3561 Y-0.9465
G2 X5.3372 Y-0.9398 I0.0025 J0.0374
X5.2061 Y-0.8314 I0.5823 J0.838
G1 X5.2006 Y-0.826 F60.
G3 X5.1803 Y-0.8156 I-0.0264 J-0.0266
G1 X5.1066 Y-0.8061
G3 X5.0475 Y-0.823 I-0.0087 J-0.0812
X5.0121 Y-0.9166 I0.057 J-0.0751
X5.0301 Y-0.9407 I0.0365 J0.0086
X5.0778 Y-0.9314 I0.0185 J0.0326 F300.
G1 X5.1298 Y-0.8665
G3 X5.1318 Y-0.8224 I-0.0293 J0.0234
X5.1066 Y-0.8061 I-0.0313 J-0.0206 F60.
G1 X5.0644 Y-0.8006
X5.0585 Y-0.8001
X5.0525
G3 X5.0012 Y-0.8771 I0.006 J-0.0596
X5.0184 Y-0.9023 I0.0538 J0.0183
X5.0523 Y-0.9155 I0.0365 J0.0435 F300.
X5.0922 Y-0.8134 I0.0027 J0.0578
X5.0644 Y-0.8006 I-0.0372 J-0.0443 F60.
G1 X5.0341 Y-0.7967
X5.0314 Y-0.7964
G3 X4.9902 Y-0.8411 I-0.0036 J-0.038
G2 X5.0129 Y-0.9197 I-0.9305 J-0.3122
X5.0229 Y-0.9863 I-0.8634 J-0.1635
G3 X5.059 Y-1.0364 I0.0582 J0.0038
G1 X5.0632 Y-1.0376
X5.0676 Y-1.0384
X5.072 Y-1.0386
X5.0764 Y-1.0383
X5.0807 Y-1.0375
X5.0849 Y-1.0362
X5.089 Y-1.0344
G3 X5.1033 Y-0.9808 I-0.0172 J0.0333 F300.
G1 X5.0918 Y-0.963
G3 X5.0326 Y-0.9579 I-0.0316 J-0.0203
X5.0229 Y-0.9863 I0.0276 J-0.0253 F60.
X5.0261 Y-1.0096 I0.0938 J0.0009
X5.0483 Y-1.0321 I0.0362 J0.0136
G1 X5.1566 Y-1.0756
X5.1803 Y-1.0762
X5.1863 Y-1.0721
X5.2621 Y-1.0208 F300.
G2 X5.3377 Y-1.0052 I0.0561 J-0.0809
G1 X7.8898 Y-1.5134
X8.0135 Y-1.5195
X8.1034 Y-1.5134
X8.1821 Y-1.4988
X8.6656 Y-1.1977
X8.8746 Y-1.1332
X9.0928 Y-1.088
X9.239 Y-1.0688
G2 X9.323 Y-1.0995 I0.0119 J-0.0977
G1 X9.3851 Y-1.1676
G3 X9.4009 Y-1.1816 I0.0486 J0.039
X9.4301 Y-1.1909 I0.0328 J0.053 F60.
G1 X9.4526 Y-1.1914
X9.5037 Y-1.1929
G3 X9.5738 Y-1.1406 I0.0024 J0.0699
X9.5681 Y-1.1111 I-0.0366 J0.0082
X9.5149 Y-1.1023 I-0.0309 J-0.0213 F300.
G1 X9.4838 Y-1.1253
G3 X9.477 Y-1.1791 I0.0223 J-0.0301
X9.5037 Y-1.1929 I0.0291 J0.0237 F60.
G1 X9.52 Y-1.1933
X9.5313 Y-1.1936
G3 X9.5669 Y-1.1669 I-0.0004 J0.0376
G2 X9.6052 Y-1.0483 I0.8189 J-0.1986
G1 X9.6074 Y-1.0427
X9.6089 Y-1.0369
G3 X9.5453 Y-0.9329 I-0.0899 J0.0165
G1 X9.541 Y-0.932
X9.5366 Y-0.9316
X9.5322 Y-0.9318
X9.5279 Y-0.9324
X9.5236 Y-0.9336
X9.5195 Y-0.9352
X9.5156 Y-0.9374
G3 X9.503 Y-0.9874 I0.02 J-0.0317 F300.
G1 X9.5386 Y-1.0509
G3 X9.5828 Y-1.0683 I0.0327 J0.0183
X9.6053 Y-1.0484 I-0.0115 J0.0357 F60.
G1 X9.61 Y-1.0373
X9.6212 Y-1.0111
G3 X9.5922 Y-0.9471 I-0.0427 J0.0191
X9.5619 Y-0.9492 I-0.0121 J-0.0452
G1 X9.5607 Y-0.9498 F300.
G3 X9.5382 Y-1.0111 I0.019 J-0.0418
X9.6 Y-1.0327 I0.0415 J0.0196
X9.6212 Y-1.0111 I-0.0203 J0.0412 F60.
G1 X9.6266 Y-0.9984
G3 X9.5987 Y-0.9493 I-0.0358 J0.0121
G1 X9.4975 Y-0.9183
G3 X9.4428 Y-0.9039 I-0.2953 J-1.0159
G1 X9.4392 Y-0.9034
X9.4355 Y-0.9032
X9.4133 Y-0.9111
X9.3964 Y-0.9172 F300.
X8.4959 Y-1.3241 Z0.2603
X8.3508 Y-1.3995 Z0.2622
X8.2046 Y-1.4892 Z0.2642
G2 X8.1622 Y-1.5039 Z0.2648 I-0.0526 J0.0832
G1 X8.0247 Y-1.5196 Z0.2665
X7.8898 Y-1.5136 Z0.2681
X7.7661 Y-1.4857 Z0.2697
X7.6471 Y-1.4365 Z0.2712
X6.7559 Y-0.9984 Z0.2785
G2 X6.7061 Y-0.9408 Z0.2786 I0.0438 J0.0881
X6.7035 Y-0.931 I0.0936 J0.0305 F60.
G1 X6.6983 Y-0.9109
X6.6982 Y-0.906
G3 X6.6855 Y-0.8924 I-0.0537 J-0.0378
X6.6096 Y-0.8663 I-0.0751 J-0.0946
G1 X6.5632 Y-0.8665
X6.5519 Y-0.8663
X6.4845 Y-0.8645
X6.1584 Y-0.8555
X6.1247 Y-0.854
X5.7537 Y-0.8312
X5.7312 Y-0.8297
X5.7199 Y-0.8289
X5.3264 Y-0.7913
X5.3152 Y-0.7901
X5.2927 Y-0.7874
X5.2702 Y-0.7845
X5.0504 Y-0.756
G3 X4.9613 Y-0.8061 I-0.0126 J-0.0819
X4.959 Y-0.8842 I0.1165 J-0.0425
G1 X4.9607 Y-0.8883
X4.9628 Y-0.8922
X4.9654 Y-0.8957
X4.9684 Y-0.899
X4.9718 Y-0.9018
X4.9755 Y-0.9043
X4.9794 Y-0.9063
G3 X5.0262 Y-0.892 I0.0151 J0.0343 F300.
G1 X5.076 Y-0.813
G3 X5.0756 Y-0.7724 I-0.0317 J0.02
X5.0504 Y-0.756 I-0.0313 J-0.0206 F60.
G1 X5.0027 Y-0.7498
X4.9967 Y-0.7493
X4.9907 Y-0.7495
X4.9847 Y-0.7503
G3 X4.9418 Y-0.8378 I0.0147 J-0.0615
X4.9622 Y-0.8605 I0.0509 J0.0252
X4.9907 Y-0.8694 I0.0305 J0.0479 F300.
X5.0306 Y-0.7623 I0.0021 J0.0602
X5.0027 Y-0.7498 I-0.0377 J-0.0469 F60.
G1 X4.9717 Y-0.7458
X4.9657 Y-0.7453
X4.9597 Y-0.7456
G3 X4.928 Y-0.8074 I0.0075 J-0.0429
X4.9505 Y-0.8276 I0.0367 J0.0183
X4.962 Y-0.83 I0.0142 J0.0385 F300.
X4.9978 Y-0.761 I0.0028 J0.0424
X4.9717 Y-0.7458 I-0.033 J-0.0266 F60.
G1 X4.961 Y-0.7445
G3 X4.9225 Y-0.7962 I-0.003 J-0.038
G2 X4.9556 Y-0.8723 I-0.6475 J-0.3262
X4.9807 Y-0.9905 I-0.5107 J-0.1704
G3 X5.0005 Y-1.0404 I0.0915 J0.0075
X5.0515 Y-1.0791 I0.096 J0.0735
X5.0815 Y-1.0771 I0.0127 J0.0353
X5.093 Y-1.0197 I-0.0172 J0.0333 F300.
G1 X5.0469 Y-0.9647
G3 X4.9915 Y-0.9625 I-0.0287 J-0.0241
X4.9807 Y-0.9905 I0.0267 J-0.0263 F60.
G1 X4.9813 Y-0.9984
X4.9824 Y-1.0208
X4.9831 Y-1.0321
G3 X5.006 Y-1.0608 I0.0377 J0.0065
G1 X5.2702 Y-1.1669
X5.2979 Y-1.1781
X5.3039 Y-1.1807
X5.5987 Y-1.3129
X5.6075 Y-1.3171
X5.6219 Y-1.3241
X5.8998 Y-1.4625
X5.9111 Y-1.4684
X5.9448 Y-1.4869
X6.1921 Y-1.6226
X6.2007 Y-1.6275
X6.2034 Y-1.629
X6.4732 Y-1.7914
X6.4981 Y-1.8072
X6.5069 Y-1.8129
X6.6981 Y-1.9386
G3 X6.7702 Y-1.9485 I0.0466 J0.0719
X6.8283 Y-1.9083 I-0.0339 J0.111
X6.8356 Y-1.8791 I-0.0297 J0.0229
X6.7883 Y-1.8493 I-0.037 J-0.0062 F300.
G1 X6.7094 Y-1.872
G3 X6.6826 Y-1.9128 I0.0103 J-0.036
X6.6981 Y-1.9386 I0.0372 J0.0048 F60.
G1 X6.7374 Y-1.9645
X6.7383 Y-1.9651
X6.7398 Y-1.966
G3 X6.7599 Y-1.9734 I0.0268 J0.0417
X6.7867 Y-1.9599 I-0.0017 J0.0366
X6.7926 Y-1.9494 I-0.0284 J0.023 F300.
X6.727 Y-1.9254 I-0.0328 J0.012
X6.725 Y-1.94 I0.0328 J-0.012
X6.7398 Y-1.966 I0.0348 J0.0026 F60.
X6.7959 Y-1.9531 I0.0226 J0.0306
G2 X6.8781 Y-1.8511 I0.6326 J-0.4253
G1 X6.8892 Y-1.8385
G2 X6.9566 Y-1.7777 I0.8759 J-0.9038
X7.0577 Y-1.7072 I0.5936 J-0.7432
G1 X7.1141 Y-1.677
G2 X7.2376 Y-1.6289 I0.3929 J-0.8258
X7.3164 Y-1.6092 I0.4197 J-1.5107
X7.4064 Y-1.5967 I0.3368 J-2.1004
X7.5076 Y-1.5948 I0.0773 J-1.445
X7.5975 Y-1.6036 I-0.1359 J-1.8604
G1 X7.6605 Y-1.6162
X7.6874 Y-1.6229
X7.6987 Y-1.6262
X7.7549 Y-1.6444
G2 X7.8662 Y-1.6947 I-0.3731 J-0.9742
X7.9542 Y-1.7509 I-0.6069 J-1.047
G3 X8.0282 Y-1.7676 I0.0543 J0.0682
X8.0839 Y-1.7406 I-0.0225 J0.1173
X8.0959 Y-1.7131 I-0.0255 J0.0275
X8.0542 Y-1.6758 I-0.0375 J0. F300.
G1 X7.9739 Y-1.6849
G3 X7.9407 Y-1.7242 I0.0042 J-0.0373
X7.9541 Y-1.751 I0.0374 J0.002 F60.
G1 X7.991 Y-1.7795
G3 X8.036 Y-1.7816 I0.0238 J0.029
G1 X8.0458 Y-1.7735
X8.1372 Y-1.6946
X8.1484 Y-1.6853
X8.1596 Y-1.6766
X8.1652 Y-1.6724
X8.2732 Y-1.5938
X8.2833 Y-1.5865
X8.2946 Y-1.5789
X8.4182 Y-1.5035
X8.4295 Y-1.4967
G2 X8.5869 Y-1.4174 I2.3976 J-4.5619
X8.7554 Y-1.3498 I2.0804 J-4.9438
G1 X8.7668 Y-1.3465
X8.8792 Y-1.3116
X8.8904 Y-1.3082
X8.9138 Y-1.3017
X8.9242 Y-1.299
X9.0478 Y-1.2715
X9.0591 Y-1.2692
X9.0816 Y-1.2648
X9.0928 Y-1.2629
X9.2203 Y-1.2455
X9.2502 Y-1.2419
G2 X9.4188 Y-1.233 I0.5064 J-8.0133
G1 X9.4526 Y-1.2338
X9.515 Y-1.2356
G3 X9.581 Y-1.2099 I0.0038 J0.0879
X9.6136 Y-1.1557 I-0.0844 J0.0878
X9.6085 Y-1.1261 I-0.0364 J0.009
X9.5528 Y-1.1183 I-0.0313 J-0.0206 F300.
G1 X9.4929 Y-1.1698
G3 X9.4883 Y-1.2218 I0.0245 J-0.0284
X9.515 Y-1.2356 I0.0291 J0.0237 F60.
G1 X9.5538 Y-1.2367
X9.565 Y-1.237
G3 X9.6001 Y-1.2118 I-0.0008 J0.0382
G1 X9.603 Y-1.2006
G2 X9.6585 Y-1.0321 I0.7696 J-0.1603
G3 X9.6536 Y-0.9493 I-0.0769 J0.037
X9.5889 Y-0.9018 I-0.1008 J-0.0694
X9.5592 Y-0.9063 I-0.0097 J-0.0362
X9.547 Y-0.9571 I0.02 J-0.0317 F300.
G1 X9.5927 Y-1.0344
G3 X9.6354 Y-1.0513 I0.0323 J0.0191
X9.6585 Y-1.0321 I-0.0104 J0.036 F60.
G1 X9.6688 Y-1.0096
X9.6745 Y-0.9984
X9.6774 Y-0.993
G3 X9.6465 Y-0.9194 I-0.0458 J0.0241
G1 X9.6415 Y-0.9184
X9.6364 Y-0.9178
X9.6312
X9.6261 Y-0.9183
X9.6211 Y-0.9194
X9.6162 Y-0.9209
G3 X9.587 Y-0.9507 I0.0176 J-0.0464 F300.
X9.6547 Y-1.0133 I0.0473 J-0.0168
X9.6774 Y-0.993 I-0.0205 J0.0458 F60.
G1 X9.6806 Y-0.9871
X9.6866 Y-0.9759
G3 X9.6662 Y-0.9256 I-0.0351 J0.0151
G1 X9.6549 Y-0.922
X9.4975 Y-0.8739
X9.4863 Y-0.8709
X9.4564 Y-0.8636
X9.2952 Y-0.8254
X9.2839 Y-0.823
X9.2614 Y-0.8185
G3 X9.0591 Y-0.7842 I-2.2341 J-12.5524
G1 X9.0478 Y-0.7828
X8.8538 Y-0.7625
X8.8455 Y-0.7617
X8.8117 Y-0.7599
X8.6993 Y-0.7554
G3 X8.643 Y-0.7744 I-0.0023 J-0.086
X8.6031 Y-0.8436 I0.0793 J-0.0918
X8.6108 Y-0.8726 I0.0371 J-0.0057
X8.6667 Y-0.8757 I0.0293 J0.0234 F300.
G1 X8.723 Y-0.8192
G3 X8.7259 Y-0.7694 I-0.0266 J0.0265
X8.6993 Y-0.7554 I-0.0294 J-0.0233 F60.
G1 X8.6543 Y-0.7535
X8.6509 Y-0.7536
X8.6496
G3 X8.6318 Y-0.7569 I0. J-0.049
X8.6151 Y-0.7818 I0.0183 J-0.0303
X8.6153 Y-0.7938 I0.035 J-0.0055 F300.
X8.682 Y-0.7812 I0.0334 J0.0063
X8.6761 Y-0.7675 I-0.0334 J-0.0063
X8.6496 Y-0.7536 I-0.0274 J-0.0201 F60.
X8.6096 Y-0.7932 I-0.0018 J-0.0382
G2 X8.5962 Y-0.8748 I-0.4905 J0.0385
G1 X8.5879 Y-0.9085
G2 X8.509 Y-1.077 I-0.62 J0.1878
X8.4668 Y-1.1332 I-0.9215 J0.6477
X8.4071 Y-1.1944 I-1.0632 J0.9776
X8.3508 Y-1.2385 I-1.4822 J1.8323
G1 X8.3216 Y-1.2567
G2 X7.7549 Y-1.2965 I-0.3212 J0.5183
X7.7182 Y-1.2792 I0.103 J0.2655
X7.5891 Y-1.1893 I0.2963 J0.5634
X7.4849 Y-1.0664 I0.4487 J0.4858
X7.4473 Y-0.9985 I1.2104 J0.7141
G1 X7.438 Y-0.9759
X7.4287 Y-0.9534
X7.4241 Y-0.9422
X7.417 Y-0.9197
G3 X7.3714 Y-0.8648 I-0.0858 J-0.0248
X7.3095 Y-0.8506 I-0.0571 J-0.1067
X7.2829 Y-0.8646 I0.0028 J-0.0374
X7.2929 Y-0.9201 I0.0294 J-0.0233 F300.
G1 X7.3614 Y-0.9614
G3 X7.4124 Y-0.9494 I0.0194 J0.0321
X7.417 Y-0.9197 I-0.0317 J0.0201 F60.
G1 X7.4136 Y-0.9085
X7.4064 Y-0.8811
G3 X7.3726 Y-0.8484 I-0.0389 J-0.0064
G1 X7.3614 Y-0.8485
X7.0016 Y-0.8629
X6.9904 Y-0.8633
X6.9679 Y-0.8639
X6.9567 Y-0.8641
X6.6096 Y-0.8663
G3 X6.5826 Y-0.8794 Z0.2787 I0.0015 J-0.0375
X6.5742 Y-0.8973 I0.0286 J-0.0243 F300.
G1 X6.457 Y-1.7453 Z0.2981
X6.4562 Y-1.751 Z0.2982 F60.
X6.4488 Y-1.775 Z0.2983
X6.4465 Y-1.7789
G3 X6.4722 Y-1.8192 I0.0548 J0.0067
G1 X6.4732 Y-1.8198
X6.4883 Y-1.8297
X6.7318 Y-1.9898
X6.737 Y-1.9928
X6.7424 Y-1.9955
G3 X6.811 Y-1.974 I0.0203 J0.0557
X6.8202 Y-1.9449 I-0.0466 J0.0306
X6.7799 Y-1.8899 I-0.0557 J0.0015 F300.
X6.7126 Y-1.9661 I-0.0156 J-0.054
X6.7318 Y-1.9898 I0.0517 J0.0221 F60.
X6.7599 Y-2.0049 I0.0643 J0.0859
X6.8015 Y-1.9869 I0.0082 J0.0382
G2 X6.859 Y-1.9081 I2.4851 J-1.7535
G1 X6.8894 Y-1.8746
G2 X6.9469 Y-1.8184 I0.3518 J-0.3027
G1 X6.9567 Y-1.8098
X6.9791 Y-1.7902
G2 X7.0505 Y-1.7398 I1.3708 J-1.8643
X7.1476 Y-1.6877 I0.6359 J-1.0694
G1 X7.204 Y-1.6655
G2 X7.2715 Y-1.6452 I0.2084 J-0.568
G1 X7.3052 Y-1.6362
G2 X7.4064 Y-1.6211 I0.2666 J-1.4409
X7.5076 Y-1.6191 I0.0772 J-1.3832
X7.5975 Y-1.6283 I-0.0762 J-1.1908
G1 X7.6537 Y-1.6396
G2 X7.7607 Y-1.6724 I-0.2132 J-0.8868
X7.9123 Y-1.7511 I-0.3246 J-0.8094
G1 X7.9235 Y-1.7584
X7.946 Y-1.7754
X7.9685 Y-1.7928
X7.9798 Y-1.8015
G3 X8.0526 Y-1.7994 I0.0352 J0.0468
X8.0687 Y-1.7735 I-0.0372 J0.041
X8.0269 Y-1.7042 I-0.0533 J0.0151 F300.
X7.9625 Y-1.7763 I-0.0115 J-0.0545
X7.9798 Y-1.8015 I0.0528 J0.0176 F60.
X8.0022 Y-1.8161 I0.0814 J0.1005
X8.0432 Y-1.8071 I0.0133 J0.0377
X8.161 Y-1.706 I-3.5121 J4.2111
G1 X8.1709 Y-1.6986
X8.1821 Y-1.6901
X8.2946 Y-1.6082
X8.3058 Y-1.6009
X8.317 Y-1.5937
X8.3283 Y-1.5867
X8.4295 Y-1.525
X8.4407 Y-1.5186
X8.452 Y-1.5123
X8.4632 Y-1.5063
X8.5869 Y-1.4442
X8.5981 Y-1.4391
G2 X8.7667 Y-1.3717 I1.6649 J-3.9183
X8.9226 Y-1.324 I2.876 J-9.1248
G1 X9.0591 Y-1.2939
X9.0759 Y-1.2904
X9.0816 Y-1.2893
G2 X9.2502 Y-1.2663 I0.8102 J-5.3024
X9.4188 Y-1.2573 I0.5799 J-9.2674
G1 X9.4526 Y-1.2581
X9.565 Y-1.2613
X9.5684
G3 X9.624 Y-1.2164 I-0.0009 J0.0579
G1 X9.6247 Y-1.2113
X9.625 Y-1.2062
X9.6248 Y-1.2011
X9.6242 Y-1.196
X9.623 Y-1.1909
X9.6214 Y-1.186
G3 X9.5455 Y-1.1572 I-0.0509 J-0.0197 F300.
X9.5395 Y-1.2517 I0.0252 J-0.049
X9.5684 Y-1.2613 I0.0313 J0.0454 F60.
X9.5988 Y-1.2579 I0.0074 J0.071
X9.6212 Y-1.2282 I-0.0177 J0.0367
G1 X9.6278 Y-1.2006
G2 X9.6703 Y-1.0658 I0.7063 J-0.1486
X9.7083 Y-0.9872 I0.5576 J-0.2213
G3 X9.7017 Y-0.9212 I-0.05 J0.0283
G1 X9.6934 Y-0.913
X9.6837 Y-0.9065
X9.6729 Y-0.9021
G3 X9.6424 Y-0.9023 I-0.0149 J-0.0555
X9.6041 Y-0.9379 I0.0157 J-0.0553 F300.
X9.6863 Y-1.0084 I0.0543 J-0.0198
X9.7082 Y-0.9871 I-0.0279 J0.0507 F60.
X9.7242 Y-0.9534 I-0.122 J0.0783
X9.6939 Y-0.9087 I-0.0372 J0.0075
G1 X9.5088 Y-0.852
X9.4975 Y-0.8486
X9.4863 Y-0.8457
X9.2952 Y-0.8005
X9.2839 Y-0.7981
X9.2614 Y-0.7939
X9.2502 Y-0.7918
X9.0928 Y-0.7651
X9.0816 Y-0.7633
X9.0591 Y-0.7599
X9.0478 Y-0.7584
X8.8567 Y-0.7384
X8.8455 Y-0.7373
X8.8117 Y-0.7356
X8.6454 Y-0.7289
X8.6394 Y-0.729
G3 X8.5864 Y-0.781 I0.0052 J-0.0582
G1 X8.5862 Y-0.7861
X8.5865 Y-0.7913
X8.5873 Y-0.7964
X8.5885 Y-0.8014
X8.5902 Y-0.8062
X8.5924 Y-0.8109
G3 X8.6578 Y-0.8381 I0.049 J0.0255 F300.
X8.674 Y-0.7394 I-0.0167 J0.0534
X8.6454 Y-0.7289 I-0.0329 J-0.0453 F60.
X8.6149 Y-0.7303 I-0.0114 J-0.0834
X8.5887 Y-0.7625 I0.013 J-0.0374
G2 X8.5768 Y-0.8524 I-1.5596 J0.1607
X8.559 Y-0.9198 I-1.1346 J0.2637
X8.4857 Y-1.0678 I-0.5885 J0.1994
G1 X8.4624 Y-1.0995
X8.452 Y-1.1127
G2 X8.2497 Y-1.2687 I-0.4585 J0.3854
X8.1934 Y-1.2919 I-0.4599 J1.0375
X8.1035 Y-1.3149 I-0.2381 J0.7433
X7.7999 Y-1.2887 I-0.1025 J0.5841
G1 X7.7549 Y-1.2703
G2 X7.6762 Y-1.2268 I0.2972 J0.6296
X7.557 Y-1.122 I0.3639 J0.5345
X7.4995 Y-1.0434 I0.4949 J0.422
X7.4689 Y-0.9872 I0.7154 J0.4268
X7.4386 Y-0.9085 I0.7119 J0.3187
G1 X7.4277 Y-0.8671
G3 X7.3691 Y-0.8239 I-0.0566 J-0.0154
X7.3404 Y-0.8342 I0.0038 J-0.0559
X7.331 Y-0.9169 I0.0325 J-0.0456 F300.
X7.4262 Y-0.8976 I0.042 J0.0372
X7.4277 Y-0.8671 I-0.0532 J0.0179 F60.
X7.4182 Y-0.8411 I-0.0961 J-0.0204
X7.3839 Y-0.8238 I-0.032 J-0.0208
G1 X7.3726
X7.3614 Y-0.8242
X7.0016 Y-0.8386
X6.9904 Y-0.839
X6.9679 Y-0.8396
X6.9567 Y-0.8398
X6.5744 Y-0.8422
X6.5632 Y-0.8423
X6.5519 Y-0.8421
X6.4507 Y-0.8393
X6.1584 Y-0.8313
X6.1247 Y-0.8297
X5.7537 Y-0.8069
X5.7312 Y-0.8053
X5.7199 Y-0.8045
X5.3264 Y-0.767
X5.3152 Y-0.7657
X5.2815 Y-0.7615
X4.9605 Y-0.7199
G3 X4.9031 Y-0.7472 I-0.0079 J-0.0572
X4.9006 Y-0.8075 I0.0533 J-0.0325
X4.9218 Y-0.8295 I0.0501 J0.0273
X4.9466 Y-0.8372 I0.0289 J0.0492 F300.
X4.9883 Y-0.7325 I0.0043 J0.059
X4.9605 Y-0.7199 I-0.0375 J-0.0457 F60.
G1 X4.9267 Y-0.7155
X4.9208 Y-0.715
X4.9148 Y-0.7155
G3 X4.886 Y-0.7829 I0.0101 J-0.0441
X4.9108 Y-0.8002 I0.0335 J0.0217
G1 X4.9142 Y-0.8008 F300.
X4.9176 Y-0.8011
G3 X4.953 Y-0.7306 I0.0021 J0.0431
X4.9267 Y-0.7155 I-0.0333 J-0.0274 F60.
G1 X4.9217 Y-0.7148
X4.9104 Y-0.714
G3 X4.8805 Y-0.7737 I0.0017 J-0.0382
G2 X4.9587 Y-1.0355 I-0.4088 J-0.2647
G3 X4.9938 Y-1.082 I0.0571 J0.0066
X5.0242 Y-1.0839 I0.0183 J0.0489
X5.0452 Y-0.9926 I-0.0122 J0.0508 F300.
X4.9667 Y-1.006 I-0.0334 J-0.0408
X4.959 Y-1.0355 I0.045 J-0.0275 F60.
X4.9638 Y-1.0592 I0.051 J-0.0021
X4.9892 Y-1.0798 I0.0388 J0.0218
G1 X5.0004 Y-1.0847
X5.261 Y-1.1893
X5.2702 Y-1.1931
X5.2927 Y-1.2025
X5.3039 Y-1.2073
X5.5645 Y-1.3241
X5.5738 Y-1.3284
X5.5963 Y-1.3387
X5.6075 Y-1.3441
X5.8661 Y-1.4728
X5.8831 Y-1.4814
X5.8998 Y-1.49
X5.9049 Y-1.4927
X6.171 Y-1.6387
X6.2034 Y-1.6573
X6.4058 Y-1.7791
X6.471 Y-1.8184
X6.4722 Y-1.8192
G3 X6.4909 Y-1.8241 I0.0186 J0.0325
X6.5021 Y-1.8224 I0. J0.0375
X6.5272 Y-1.796 Z0.2985 I-0.0113 J0.0358 F300.
G1 X6.6924 Y-0.873 Z0.3177
X6.6978 Y-0.8426 Z0.3183 F60.
Y-0.8381
G3 X6.6606 Y-0.8205 I-0.0369 J-0.0299
G1 X6.5632 Y-0.8211
X6.5519 Y-0.8209
X6.417 Y-0.8172
X6.1584 Y-0.8101
X6.1247 Y-0.8085
X5.7537 Y-0.7857
X5.7312 Y-0.7841
X5.7199 Y-0.7832
X5.3264 Y-0.7457
X5.3152 Y-0.7444
X5.2702 Y-0.7387
X4.9554 Y-0.6979
X4.9328 Y-0.6951
X4.9217 Y-0.6937
X4.9104 Y-0.6928
G3 X4.8534 Y-0.7303 I-0.0052 J-0.0542
X4.8581 Y-0.7764 I0.0533 J-0.0179
X4.8809 Y-0.7966 I0.0458 J0.0287
X4.9008 Y-0.8017 I0.023 J0.0489 F300.
X4.9385 Y-0.7047 I0.0032 J0.0546
X4.9104 Y-0.6928 I-0.0346 J-0.0424 F60.
X4.8767 Y-0.6973 I-0.0087 J-0.0636
X4.8567 Y-0.7736 I0.0225 J-0.0467
G2 X4.8938 Y-0.8411 I-0.7775 J-0.4711
X4.9374 Y-1.0321 I-0.4195 J-0.1962
G3 X4.9425 Y-1.0658 I0.1382 J0.0037
X4.9667 Y-1.0924 I0.0494 J0.0207
G1 X4.9809 Y-1.0995
X4.9891 Y-1.1029
X5.0004 Y-1.1075
X5.2602 Y-1.2118
X5.2702 Y-1.2159
X5.2873 Y-1.223
X5.2927 Y-1.2254
X5.5628 Y-1.3466
X5.585 Y-1.3567
X5.5876 Y-1.3578
X5.8661 Y-1.4964
X5.8773 Y-1.5023
X5.9017 Y-1.5151
X5.9335 Y-1.5325
X6.1696 Y-1.6621
X6.1809 Y-1.6687
X6.206 Y-1.6836
X6.4395 Y-1.8241
X6.462 Y-1.8381
X6.4732 Y-1.8451
X6.7059 Y-1.9982
G3 X6.7461 Y-2.0229 I0.3392 J0.5059
X6.8105 Y-2.01 I0.0244 J0.0451
X6.8554 Y-1.9478 I-0.911 J0.7046
G2 X7.024 Y-1.7839 I0.6031 J-0.4518
X7.294 Y-1.661 I0.4443 J-0.618
G1 X7.3052 Y-1.6579
G2 X7.4064 Y-1.6423 I0.2853 J-1.5228
X7.5638 Y-1.6449 I0.0644 J-0.8736
X7.6875 Y-1.6703 I-0.1031 J-0.8159
X7.7603 Y-1.6947 I-1.1831 J-3.6513
X7.8532 Y-1.7397 I-0.393 J-0.9308
X7.9684 Y-1.8194 I-0.4429 J-0.7629
G3 X7.9965 Y-1.8377 I0.1231 J0.1588
X8.0473 Y-1.8307 I0.019 J0.0497
G1 X8.0585 Y-1.8221
G2 X8.1811 Y-1.7172 I17.1398 J-19.9251
X8.3282 Y-1.6111 I2.5912 J-3.4343
X8.47 Y-1.5263 I2.1432 J-3.4224
X8.6093 Y-1.4572 I2.0048 J-3.8723
X8.7555 Y-1.3984 I1.2117 J-2.8019
G1 X8.7668 Y-1.3943
X8.7748 Y-1.3915
G2 X8.9214 Y-1.3466 I0.9784 J-2.9312
X9.0816 Y-1.311 I0.7455 J-2.9739
X9.2502 Y-1.2877 I0.5331 J-3.232
X9.4188 Y-1.2785 I0.3236 J-4.4009
G3 X9.5875 Y-1.2822 I0.2129 J5.8202
X9.6213 Y-1.2706 I0.0001 J0.0545
X9.6413 Y-1.2343 I-0.0386 J0.045
G2 X9.6606 Y-1.1556 I2.0523 J-0.4606
X9.7223 Y-1.0053 I0.7483 J-0.2195
G3 X9.7464 Y-0.9574 I-0.3846 J0.2238
X9.7111 Y-0.8925 I-0.0503 J0.0147
G1 X9.6999 Y-0.8883
X9.6929 Y-0.886
X9.5313 Y-0.8367
X9.52 Y-0.8334
X9.4975 Y-0.8269
X9.4863 Y-0.824
X9.2952 Y-0.7788
X9.2839 Y-0.7764
G3 X9.0816 Y-0.7418 I-1.7533 J-9.6491
G1 X9.0591 Y-0.7386
X9.0478 Y-0.7371
X8.8567 Y-0.7171
X8.8455 Y-0.7161
G3 X8.6318 Y-0.7074 I-0.5028 J-9.7406
X8.5943 Y-0.7148 I-0.0049 J-0.0737
X8.5707 Y-0.7456 I0.026 J-0.0444
X8.561 Y-0.8186 I0.6963 J-0.1294
G2 X8.5188 Y-0.9646 I-0.566 J0.0847
X8.4962 Y-1.0096 I-0.2715 J0.1083
X8.407 Y-1.1301 I-0.4473 J0.2377
G1 X8.3845 Y-1.1531
G2 X8.2496 Y-1.2451 I-0.394 J0.433
G1 X8.2225 Y-1.2567
G2 X8.0922 Y-1.295 I-0.2028 J0.4494
X8.0022 Y-1.3024 I-0.0843 J0.4743
X7.6647 Y-1.1924 I-0.0031 J0.563
G1 X7.6614 Y-1.1893
G2 X7.5186 Y-1.0339 I0.3228 J0.4396
X7.485 Y-0.9716 I0.9168 J0.5345
X7.4513 Y-0.874 I0.51 J0.2309
G3 X7.4377 Y-0.8298 I-0.3554 J-0.085
X7.3951 Y-0.8032 I-0.0447 J-0.0243
G1 X7.3839 Y-0.8027
X7.3726 Y-0.8028
X7.3614 Y-0.803
X7.0016 Y-0.8174
X6.9904 Y-0.8178
X6.9679 Y-0.8184
X6.9561 Y-0.8186
X6.6606 Y-0.8205
G3 X6.6337 Y-0.8335 Z0.3221 I0.0015 J-0.0375
G1 X6.6336 Y-0.8337 Z0.3222 F300.
X6.6307 Y-0.8411 Z0.3241
X6.6335 Y-0.8523 Z0.3274
X6.6419 Y-0.8577 Z0.3305
X6.6868 Y-0.8652 Z0.3421
X6.696 Y-0.8532 Z0.3432
X6.6969 Y-0.8521 Z0.3433 F60.
G3 X6.6982 Y-0.8226 I-0.9557 J0.0569
G1 X6.6981 Y-0.8178
G3 X6.6611 Y-0.7997 I-0.0368 J-0.0281
G1 X6.5632 Y-0.8002
X6.5519 Y-0.8
X6.3383 Y-0.7942
X6.1584 Y-0.7892
X6.1247 Y-0.7876
X5.7537 Y-0.7648
X5.7217 Y-0.7625
X5.3377 Y-0.7258
X5.3264 Y-0.7247
X5.3152 Y-0.7235
X4.9554 Y-0.6769
G3 X4.8936 Y-0.6717 I-0.0666 J-0.4246
X4.8392 Y-0.7849 I0.0057 J-0.0724
G2 X4.8814 Y-0.8635 I-1.4755 J-0.8425
X4.9107 Y-0.9636 I-0.5741 J-0.2222
X4.9188 Y-1.0546 I-3.0535 J-0.3183
G3 X4.9442 Y-1.1017 I0.0685 J0.0065
X4.9667 Y-1.1154 I0.053 J0.0613
G1 X4.9809 Y-1.1219
X4.9891 Y-1.1255
X5.2602 Y-1.2343
X5.2702 Y-1.2384
X5.3039 Y-1.2533
X5.5625 Y-1.3693
X5.5738 Y-1.3745
X5.5963 Y-1.3855
X5.6086 Y-1.3915
X5.8661 Y-1.5197
X5.8773 Y-1.5255
X6.1359 Y-1.6673
X6.1696 Y-1.6861
X6.1843 Y-1.6949
X6.4395 Y-1.8485
X6.4507 Y-1.8554
X6.4631 Y-1.8634
X6.7093 Y-2.0253
G3 X6.743 Y-2.0443 I0.2176 J0.3463
X6.8328 Y-2.0143 I0.0274 J0.0672
G1 X6.8555 Y-1.9841
X6.8892 Y-1.9383
G2 X6.923 Y-1.8998 I0.3868 J-0.3052
X6.9839 Y-1.8408 I0.861 J-0.8292
X7.0915 Y-1.7641 I0.6847 J-0.8465
X7.1815 Y-1.719 I0.6794 J-1.2435
X7.3052 Y-1.6793 I0.3688 J-0.9347
X7.4176 Y-1.6623 I0.2672 J-1.3863
X7.5525 Y-1.6647 I0.0492 J-1.0015
X7.6591 Y-1.6836 I-0.1861 J-1.3636
X7.76 Y-1.7172 I-1.0595 J-3.3498
X7.8561 Y-1.7656 I-0.424 J-0.9606
X7.9024 Y-1.7959 I-0.1889 J-0.3387
G3 X7.9685 Y-1.8448 I3.3394 J4.4472
G1 X7.9808 Y-1.8521
G3 X8.0471 Y-1.8545 I0.0353 J0.0575
G1 X8.0517 Y-1.8521
G3 X8.0921 Y-1.8208 I-0.2059 J0.3078
G1 X8.1213 Y-1.796
X8.1934 Y-1.7343
G2 X8.3283 Y-1.6369 I1.8521 J-2.4232
X8.3963 Y-1.5939 I0.4281 J-0.6008
G1 X8.4933 Y-1.5376
G2 X8.5605 Y-1.5039 I0.6579 J-1.2291
G1 X8.6577 Y-1.4589
G2 X8.733 Y-1.4295 I0.5864 J-1.3877
G1 X8.823 Y-1.3975
G2 X8.8904 Y-1.377 I0.4171 J-1.253
X9.0478 Y-1.3385 I0.821 J-3.0089
X9.2277 Y-1.3108 I0.6488 J-3.6198
G1 X9.2502 Y-1.3091
X9.3514 Y-1.3023
X9.3851 Y-1.3004
X9.4076 Y-1.2998
G2 X9.5538 Y-1.303 I-0.1331 J-9.5996
G3 X9.6044 Y-1.301 I0.0132 J0.3116
X9.6557 Y-1.2569 I-0.0145 J0.0688
G1 X9.663 Y-1.2343
X9.6662 Y-1.2211
X9.6791 Y-1.1669
G2 X9.75 Y-0.9984 I0.7382 J-0.2114
G3 X9.7675 Y-0.9572 I-0.1866 J0.1039
X9.7338 Y-0.8808 I-0.0694 J0.015
X9.6887 Y-0.8631 I-0.0879 J-0.1575
G1 X9.5313 Y-0.8149
X9.52 Y-0.8117
X9.4975 Y-0.8054
X9.4863 Y-0.8026
X9.2952 Y-0.7574
X9.2839 Y-0.7551
X9.2502 Y-0.7493
X9.0928 Y-0.7225
X9.0816 Y-0.7208
X9.0586 Y-0.7175
X9.0478 Y-0.7162
X8.8567 Y-0.6962
X8.8455 Y-0.6951
G3 X8.6318 Y-0.6865 I-0.5777 J-11.7021
G1 X8.6206 Y-0.687
X8.6037 Y-0.6894
G3 X8.5483 Y-0.7512 I0.0164 J-0.0704
G1 X8.539 Y-0.8186
G2 X8.5174 Y-0.9085 I-0.3479 J0.0359
X8.491 Y-0.9759 I-0.731 J0.2479
X8.4357 Y-1.0658 I-0.7322 J0.3881
X8.35 Y-1.1556 I-0.6111 J0.4976
X8.2478 Y-1.2232 I-0.4582 J0.5821
G1 X8.2271 Y-1.2318
X8.1709 Y-1.2549
G2 X8.036 Y-1.281 I-0.1943 J0.6418
X7.9123 Y-1.2752 I-0.026 J0.7661
X7.8223 Y-1.2526 I0.4093 J1.8192
X7.7098 Y-1.1984 I0.2929 J0.7513
X7.6197 Y-1.1276 I0.5386 J0.7782
X7.5637 Y-1.0633 I1.0792 J0.9968
X7.5234 Y-0.9984 I0.352 J0.2635
X7.4837 Y-0.9085 I0.3013 J0.1868
G3 X7.458 Y-0.8242 I-4.5577 J-1.3464
X7.3951 Y-0.7825 I-0.0657 J-0.0309
G1 X7.3839 Y-0.782
X7.3726
X7.3614 Y-0.7822
X7.0016 Y-0.7966
X6.9904 Y-0.797
X6.9679 Y-0.7976
X6.9567 Y-0.7978
X6.6611 Y-0.7997
G3 X6.634 Y-0.8128 I0.0015 J-0.0375
G1 X6.6311 Y-0.8163 Z0.3436
X6.6282 Y-0.8197 Z0.3444
X6.6254 Y-0.823 Z0.3458
X6.6228 Y-0.8261 Z0.3476
X6.6202 Y-0.829 Z0.35
X6.6179 Y-0.8318 Z0.3528
X6.6159 Y-0.8342 Z0.356
X6.614 Y-0.8363 Z0.3595
X6.6125 Y-0.8381 Z0.3634
X6.6113 Y-0.8395 Z0.3675
X6.6105 Y-0.8406 Z0.3719
X6.6099 Y-0.8412 Z0.3763
X6.6097 Y-0.8414 Z0.3808
G0 Z1.0903
M5
G53 G0 Z0.
(2D CHAMFER1 2)
M9
M1
T13 M6
T72
S7500 M3
G17 G90 G94
G54
G64 P0.0004 Q0.0004
M8
G0 X4.7556 Y-2.3468
G43 Z1.0903 H13
G0 Z0.6903
G1 Z0.2863 F80.
G3 X4.2009 Y-2.3141 I-0.2773 J0.0164 F50.
X4.7556 Y-2.3468 I0.2773 J-0.0164
G0 Z0.6903
X4.1523 Y-0.639
G1 Z0.2863 F80.
G3 X3.597 Y-0.6208 I-0.2777 J0.0091 F50.
X4.1523 Y-0.639 I0.2777 J-0.0091
G0 Z0.6903
X7.7505 Y-2.422
G1 Z0.2863 F80.
G3 X7.1952 Y-2.4038 I-0.2777 J0.0091 F50.
X7.7505 Y-2.422 I0.2777 J-0.0091
G0 Z0.6903
X7.465 Y-3.892
G1 Z0.2863 F80.
G3 X6.9146 Y-3.8158 I-0.2752 J0.0381 F50.
X7.465 Y-3.892 I0.2752 J-0.0381
G0 Z0.6903
X10.6812 Y-1.371
G1 Z0.2863 F80.
G3 X10.1256 I-0.2778 J0. F50.
X10.6812 I0.2778 J0.
G0 Z0.6903
X0.9051 Y-3.5159
G1 Z0.2863 F80.
G3 X0.3547 Y-3.4398 I-0.2752 J0.0381 F50.
X0.9051 Y-3.5159 I0.2752 J-0.0381
G0 Z1.0903
(2D CONTOUR4 2)
G0 X7.8918 Y-3.5614
Z1.0903
Z0.6903
G1 Z0.2731 F80.
X7.8916 Y-3.5615 Z0.2686 F50.
X7.8908 Y-3.5618 Z0.2641
X7.8895 Y-3.5623 Z0.2598
X7.8878 Y-3.5629 Z0.2557
X7.8856 Y-3.5637 Z0.2518
X7.883 Y-3.5646 Z0.2482
X7.8799 Y-3.5657 Z0.245
X7.8766 Y-3.5669 Z0.2422
X7.8729 Y-3.5682 Z0.2399
X7.8691 Y-3.5696 Z0.238
X7.865 Y-3.5711 Z0.2367
X7.8608 Y-3.5726 Z0.2359
X7.8565 Y-3.5741 Z0.2356
X7.8213 Y-3.5868
G3 X7.7987 Y-3.6348 I0.0127 J-0.0353
G2 X7.4428 Y-4.4495 I-0.6088 J-0.2191
X4.7344 Y-4.599 I-1.5612 J3.6757
G3 X0.6679 Y-4.1238 I-3.3767 J-11.2591
G2 X-0.0162 Y-3.5131 I-0.038 J0.6459
X0.5974 Y-2.8316 I0.6461 J0.0352
G3 X4.1516 Y-1.7719 I-0.3928 J7.8076
G2 X5.104 Y-2.1655 I0.3267 J-0.5585
G3 X7.0053 Y-3.2337 I1.4681 J0.387
G2 X7.7987 Y-3.6348 I0.1846 J-0.6202
G3 X7.8467 Y-3.6574 I0.0353 J0.0127
G1 X7.8819 Y-3.6447
X7.8862 Y-3.6432 Z0.2359
X7.8904 Y-3.6417 Z0.2367
X7.8945 Y-3.6402 Z0.238
X7.8983 Y-3.6388 Z0.2399
X7.902 Y-3.6375 Z0.2422
X7.9053 Y-3.6363 Z0.245
X7.9084 Y-3.6352 Z0.2482
X7.911 Y-3.6342 Z0.2518
X7.9132 Y-3.6334 Z0.2557
X7.9149 Y-3.6328 Z0.2598
X7.9162 Y-3.6324 Z0.2641
X7.917 Y-3.6321 Z0.2686
X7.9172 Y-3.632 Z0.2731
G0 Z0.6903
X6.2067 Y-2.4192
G1 Z0.2731 F80.
X6.2069 Y-2.419 Z0.2686 F50.
X6.2073 Y-2.4183 Z0.2641
X6.208 Y-2.4172 Z0.2598
X6.2091 Y-2.4156 Z0.2557
X6.2103 Y-2.4137 Z0.2518
X6.2118 Y-2.4113 Z0.2482
X6.2135 Y-2.4086 Z0.245
X6.2155 Y-2.4056 Z0.2422
X6.2176 Y-2.4023 Z0.2399
X6.2198 Y-2.3989 Z0.238
X6.2221 Y-2.3952 Z0.2367
X6.2245 Y-2.3915 Z0.2359
X6.2269 Y-2.3877 Z0.2356
X6.2472 Y-2.3561
G3 X6.2358 Y-2.3043 I-0.0316 J0.0202
X3.7331 Y-1.2613 I-4.213 J-6.5852
G2 X3.2439 Y-0.4857 I0.1416 J0.6314
X4.0215 Y0.0002 I0.6308 J-0.1442
G3 X8.1097 Y-0.2206 I2.6685 J11.4476
G2 X10.7536 Y-0.827 I0.4823 J-3.9643
X10.1164 Y-1.9509 I-0.3502 J-0.5441
G3 X8.0615 Y-2.6815 I-0.6735 J-1.3608
G2 X7.0563 Y-2.908 I-0.5887 J0.2686
G3 X6.2358 Y-2.3043 I-5.0335 J-5.9815
X6.184 Y-2.3156 I-0.0202 J-0.0316
G1 X6.1638 Y-2.3472
X6.1613 Y-2.351 Z0.2359
X6.1589 Y-2.3548 Z0.2367
X6.1566 Y-2.3584 Z0.238
X6.1544 Y-2.3619 Z0.2399
X6.1523 Y-2.3652 Z0.2422
X6.1504 Y-2.3682 Z0.245
X6.1486 Y-2.3709 Z0.2482
X6.1471 Y-2.3732 Z0.2518
X6.1459 Y-2.3752 Z0.2557
X6.1449 Y-2.3768 Z0.2598
X6.1441 Y-2.3779 Z0.2641
X6.1437 Y-2.3786 Z0.2686
X6.1436 Y-2.3788 Z0.2731
G0 Z1.0903
M5
G53 G0 Z0.
(SCALLOP1 2)
M9
M1
T72 M6
T35
S7500 M3
G17 G90 G94
G54
M8
G0 X1.3833 Y-3.5443
G43 Z1.0903 H72
G0 Z0.4343
G1 Z0.3731 F200.
Y-3.5446 Z0.3698 F30.
X1.3834 Y-3.5454 Z0.3667
X1.3835 Y-3.5468 Z0.3637
X1.3837 Y-3.5487 Z0.361
X1.3838 Y-3.551 Z0.3587
X1.3841 Y-3.5536 Z0.3568
X1.3843 Y-3.5566 Z0.3555
X1.3846 Y-3.5597 Z0.3546
X1.3849 Y-3.563 Z0.3543
G3 X1.6558 Y-3.8144 I0.2742 J0.0239
G2 X4.0867 Y-4.1238 I-0.3028 J-12.0822
G3 X4.3864 Y-3.9638 I0.047 J0.2727
G2 X4.412 Y-3.9069 I0.4693 J-0.1767
X5.0579 Y-4.0951 I0.3022 J-0.1654
G1 X5.0541 Y-4.1338
G3 X5.2868 Y-4.4263 I0.2746 J-0.0204
X6.4791 Y-4.4258 I0.5946 J3.6404
X6.6772 Y-4.0565 I-0.0595 J0.2697
G2 X6.6387 Y-3.8555 I0.5161 J0.2031
G3 X6.3939 Y-3.5809 I-0.2758 J0.0005
G2 X5.1237 Y-2.8657 I0.1791 J1.8038
G3 X4.7602 Y-2.8042 I-0.2161 J-0.1718
G2 X3.9658 Y-2.5333 I-0.2818 J0.4741
G3 X3.5838 Y-2.397 I-0.254 J-0.1083
G2 X1.7326 Y-2.9892 I-3.3936 J7.4196
G3 X1.5296 Y-3.206 I0.0694 J-0.2683
G2 X1.4855 Y-3.3187 I-0.2441 J0.0305
G1 X1.4769 Y-3.3297
X1.47 Y-3.3376
X1.449 Y-3.3607
G3 X1.3848 Y-3.563 I0.2108 J-0.1783
G1 X1.3856 Y-3.5685
X1.3862 Y-3.5712
X1.3869 Y-3.5738
X1.3886 Y-3.5791
X1.3907 Y-3.5843
X1.3932 Y-3.5893 Z0.3542
X1.3958 Y-3.5942 Z0.3541
X1.3987 Y-3.5991 Z0.354
X1.4017 Y-3.6038 Z0.3538
X1.4081 Y-3.6133 Z0.3533
X1.4146 Y-3.6228 Z0.3528
X1.4176 Y-3.6276 Z0.3526
X1.4206 Y-3.6326 Z0.3524
X1.4233 Y-3.6376 Z0.3522
X1.4257 Y-3.6428
G3 X1.4398 Y-3.6699 I0.2091 J0.0912
G1 X1.4446 Y-3.6776
X1.4499 Y-3.6854
X1.4553 Y-3.6931
X1.4623 Y-3.7017
X1.4681 Y-3.7086
X1.47 Y-3.7107
X1.4778 Y-3.7188
X1.4831 Y-3.724
X1.4915 Y-3.7318
X1.4933 Y-3.7332
X1.501 Y-3.7395
X1.5087 Y-3.7456
X1.5111 Y-3.7472
X1.5242 Y-3.7559
X1.532 Y-3.7605
G3 X1.5707 Y-3.7786 I0.1218 J0.21
G1 X1.5784 Y-3.7814
X1.5862 Y-3.7837
X1.5939 Y-3.786
X1.6016 Y-3.7879
X1.6094 Y-3.7895
X1.6171 Y-3.791
X1.6249 Y-3.7921
X1.6326 Y-3.7931
X1.6403 Y-3.7937
X1.6481 Y-3.7942
G2 X4.0713 Y-4.1 I-0.2952 J-12.0953
G1 X4.0791 Y-4.1017
X4.0868 Y-4.1032
X4.0946 Y-4.1046
X4.1023 Y-4.1056
X4.11 Y-4.1065
X4.1178 Y-4.1072
X4.1333 Y-4.1078
G3 X4.1642 Y-4.1059 I-0.0011 J0.2807
G1 X4.172 Y-4.1049
X4.1797 Y-4.1036
X4.1875 Y-4.1021
X4.1952 Y-4.1004
X4.2029 Y-4.0983
X4.2107 Y-4.0961
X4.2136 Y-4.0951
G3 X4.2571 Y-4.0763 I-0.0787 J0.2414
G1 X4.2649 Y-4.0719
X4.2771 Y-4.0642
X4.2804 Y-4.062
X4.2881 Y-4.0563
X4.2978 Y-4.0487
X4.3066 Y-4.041
X4.3113 Y-4.0365
X4.3147 Y-4.0333
X4.3191 Y-4.0288
X4.3221 Y-4.0256
X4.3268 Y-4.0204
X4.3346 Y-4.0112
X4.3423 Y-4.0008
X4.3466 Y-3.9946
X4.35 Y-3.9893
X4.3563 Y-3.9792
X4.3578 Y-3.9765
X4.3644 Y-3.9637
X4.3655 Y-3.9614
X4.368 Y-3.956
X4.381 Y-3.925
X4.3845 Y-3.9173
X4.3922 Y-3.9019
X4.3965 Y-3.894
X4.4056 Y-3.8787
X4.412 Y-3.869
X4.4197 Y-3.8577
X4.4275 Y-3.8477
X4.4352 Y-3.8378
X4.4471 Y-3.8245
X4.4507 Y-3.8206
X4.4544 Y-3.8168
X4.4662 Y-3.8054
X4.4705 Y-3.8013
X4.4817 Y-3.7919
X4.4894 Y-3.7854
X4.5049 Y-3.7741
X4.51 Y-3.7704
X4.5222 Y-3.7627
X4.5281 Y-3.7591
X4.5359 Y-3.7546
X4.5494 Y-3.7472
X4.5513 Y-3.7463
X4.5668 Y-3.7391
X4.5746 Y-3.7356
X4.59 Y-3.7298
X4.5978 Y-3.727
X4.6133 Y-3.7222
X4.621 Y-3.72
X4.6367 Y-3.7163
X4.6442 Y-3.7147
X4.652 Y-3.7133
X4.6597 Y-3.7121
X4.6675 Y-3.7109
X4.6752 Y-3.71
X4.6829 Y-3.7093
X4.6907 Y-3.7087
X4.6984 Y-3.7082
X4.7062 Y-3.7081
X4.7139 Y-3.7079
X4.7217 Y-3.708
X4.7371 Y-3.7086
X4.7449 Y-3.7092
X4.7526 Y-3.71
X4.7604 Y-3.7109
X4.7681 Y-3.7119
X4.7759 Y-3.7132
X4.7836 Y-3.7146
X4.7919 Y-3.7163
X4.7991 Y-3.718
X4.8068 Y-3.7199
X4.8146 Y-3.722
X4.8223 Y-3.7244
X4.8378 Y-3.7295
X4.8455 Y-3.7325
X4.861 Y-3.7387
X4.8688 Y-3.7424
X4.8787 Y-3.7472
X4.8842 Y-3.75
X4.8931 Y-3.755
X4.8997 Y-3.7587
X4.9063 Y-3.7627
X4.9181 Y-3.7704
X4.9229 Y-3.7737
X4.9293 Y-3.7782
X4.9393 Y-3.7859
X4.9462 Y-3.7913
X4.9489 Y-3.7936
X4.9577 Y-3.8013
X4.9617 Y-3.8049
X4.9661 Y-3.8091
X4.9694 Y-3.8123
X4.9771 Y-3.8202
X4.9813 Y-3.8245
X4.9849 Y-3.8284
X4.9949 Y-3.84
X5.0011 Y-3.8477
X5.0081 Y-3.8571
X5.0125 Y-3.8632
X5.0159 Y-3.8681
X5.0236 Y-3.8799
X5.0276 Y-3.8864
X5.0361 Y-3.9019
X5.0401 Y-3.9096
X5.0474 Y-3.925
X5.0507 Y-3.9328
X5.0568 Y-3.9482
X5.0594 Y-3.956
X5.0643 Y-3.9714
X5.0664 Y-3.9792
X5.0701 Y-3.9946
X5.0717 Y-4.0024
X5.0744 Y-4.0178
X5.0755 Y-4.0256
X5.0771 Y-4.041
X5.0778 Y-4.0487
X5.0785 Y-4.0719
X5.0778 Y-4.0951
X5.0763 Y-4.1106
X5.0741 Y-4.1338
X5.0736 Y-4.1415
X5.0732 Y-4.157
X5.0739 Y-4.1724
X5.0746 Y-4.1802
X5.0756 Y-4.1879
X5.0767 Y-4.1956
X5.0781 Y-4.2034
X5.0797 Y-4.2111
X5.0816 Y-4.2188
X5.0838 Y-4.2266
X5.0862 Y-4.2343
X5.0889 Y-4.242
X5.0918 Y-4.2498
X5.0986 Y-4.2652
X5.1026 Y-4.273
X5.1069 Y-4.2807
X5.1088 Y-4.284
X5.1115 Y-4.2884
X5.1165 Y-4.2963
X5.1218 Y-4.3039
X5.1276 Y-4.3116
X5.132 Y-4.3171
X5.1407 Y-4.3271
X5.1482 Y-4.3348
X5.1562 Y-4.3425
X5.1651 Y-4.3503
X5.1707 Y-4.3548
X5.1784 Y-4.3606
X5.1862 Y-4.3662
X5.1977 Y-4.3735
X5.2017 Y-4.3757
X5.2117 Y-4.3812
X5.2171 Y-4.384
X5.2326 Y-4.3909
X5.2404 Y-4.3938
X5.2485 Y-4.3967
X5.2559 Y-4.399
X5.2636 Y-4.4012
X5.2713 Y-4.4031
X5.2791 Y-4.4047
X5.2868 Y-4.4062
X5.2946 Y-4.4075
G3 X6.0223 Y-4.4519 I0.5866 J3.6286
G1 X6.092 Y-4.4486
X6.1075 Y-4.4476
X6.1694 Y-4.4434
X6.2391 Y-4.4372
X6.2574 Y-4.4353
G3 X6.4714 Y-4.4069 I-0.3242 J3.2602
G1 X6.4791 Y-4.4051
X6.4821 Y-4.4044
X6.4946 Y-4.4009
G3 X6.5262 Y-4.3889 I-0.0767 J0.2501
G1 X6.5333 Y-4.3857
X6.5417 Y-4.3812
X6.5488 Y-4.3773
X6.5565 Y-4.3726
X6.5669 Y-4.3657
X6.5773 Y-4.358
X6.5797 Y-4.3562
X6.5875 Y-4.3496
X6.5956 Y-4.3425
X6.6032 Y-4.3348
X6.6107 Y-4.3269
X6.6184 Y-4.3178
X6.6234 Y-4.3116
X6.629 Y-4.3039
X6.6339 Y-4.2968
X6.6391 Y-4.2884
X6.6417 Y-4.2842
X6.6436 Y-4.2807
X6.6494 Y-4.2697
X6.6516 Y-4.2652
X6.6572 Y-4.2525
X6.6583 Y-4.2498
X6.6611 Y-4.242
X6.6649 Y-4.2308
X6.6661 Y-4.2266
X6.6682 Y-4.2188
X6.67 Y-4.2111
X6.6715 Y-4.2034
X6.6729 Y-4.1956
X6.6739 Y-4.1879
X6.6748 Y-4.1802
X6.6754 Y-4.1724
X6.676 Y-4.157
X6.6758 Y-4.1493
X6.6755 Y-4.1415
X6.675 Y-4.1338
X6.6741 Y-4.1261
X6.6731 Y-4.1183
X6.6726 Y-4.1152
X6.6703 Y-4.1029
X6.6685 Y-4.0951
X6.6664 Y-4.0874
X6.6642 Y-4.0797
X6.6588 Y-4.0642
X6.6494 Y-4.038
X6.6478 Y-4.0333
X6.6407 Y-4.0101
X6.6385 Y-4.0024
X6.6328 Y-3.9792
X6.6311 Y-3.9714
X6.6267 Y-3.9482
X6.6262 Y-3.9452
X6.6255 Y-3.9405
X6.6224 Y-3.9173
X6.6216 Y-3.9096
X6.6198 Y-3.8864
X6.6194 Y-3.8787
G3 X6.6169 Y-3.8245 I-0.5702 J0.0003
G1 X6.6158 Y-3.8168
X6.6145 Y-3.8091
X6.613 Y-3.8013
X6.6112 Y-3.7936
G3 X6.5779 Y-3.7163 I-0.2437 J-0.0592
G1 X6.5728 Y-3.7086
X6.5642 Y-3.6968
X6.5546 Y-3.6854
X6.5488 Y-3.6791
X6.5397 Y-3.6699
X6.5311 Y-3.6622
X6.5255 Y-3.6574
X6.5219 Y-3.6545
X6.5117 Y-3.6467
X6.5001 Y-3.639
X6.4946 Y-3.6355
X6.4868 Y-3.6311
X6.4791 Y-3.6269
X6.4713 Y-3.6232
G3 X6.4302 Y-3.6081 I-0.1089 J-0.2324
G1 X6.4249 Y-3.6067
X6.4172 Y-3.6049
X6.4094 Y-3.6033
X6.4017 Y-3.602
X6.389 Y-3.6003
X6.3397 Y-3.5946
X6.332 Y-3.5936
X6.2855 Y-3.5868
X6.2701 Y-3.5842
X6.2298 Y-3.5771
X6.2081 Y-3.5727
X6.1771 Y-3.5663
X6.1574 Y-3.5617
X6.1248 Y-3.5539
X6.092 Y-3.5452
X6.0765 Y-3.541
X6.0675 Y-3.5385
X6.0223 Y-3.5249
X6.0146 Y-3.5224
G2 X5.7204 Y-3.3992 I0.5536 J1.7347
X5.5754 Y-3.3143 I0.8561 J1.6278
G1 X5.5404 Y-3.2911
X5.5268 Y-3.2816
X5.4959 Y-3.2597
X5.4804 Y-3.2481
X5.4552 Y-3.2292
X5.4452 Y-3.2215
X5.4107 Y-3.1938
X5.4067 Y-3.1906
G2 X5.1089 Y-2.8791 I1.1718 J1.4185
G1 X5.101 Y-2.8698
X5.0933 Y-2.8614
X5.0902 Y-2.8581
X5.0855 Y-2.8534
X5.0738 Y-2.8427
G3 X5.0468 Y-2.8226 I-0.1882 J-0.225
G1 X5.0419 Y-2.8195
X5.0313 Y-2.8133
X5.0284 Y-2.8117
X5.0236 Y-2.8092
X5.0127 Y-2.804
X5.0081 Y-2.8019
X4.9937 Y-2.7963
X4.9849 Y-2.7934
X4.9771 Y-2.791
X4.9694 Y-2.789
X4.9617 Y-2.7872
X4.9539 Y-2.7856
X4.9462 Y-2.7844
X4.9384 Y-2.7832
X4.9307 Y-2.7825
X4.9229 Y-2.7819
X4.9152 Y-2.7815
X4.8997 Y-2.7814
X4.892 Y-2.7819
X4.8842 Y-2.7825
X4.8765 Y-2.7833
X4.8688 Y-2.7844
X4.861 Y-2.7857
X4.8533 Y-2.7873
X4.8455 Y-2.789
X4.8378 Y-2.7912
G3 X4.8068 Y-2.8021 I0.0737 J-0.2586
G1 X4.7913 Y-2.8094
X4.7836 Y-2.8136
G2 X4.7217 Y-2.8471 I-0.4425 J0.7448
G1 X4.6984 Y-2.8573
X4.6907 Y-2.8604
X4.6675 Y-2.8693
X4.6442 Y-2.8767
X4.6365 Y-2.8791
X4.6133 Y-2.8853
X4.6055 Y-2.8871
X4.5823 Y-2.8919
X4.5746 Y-2.8932
X4.5591 Y-2.8956
X4.5509 Y-2.8968
X4.5436 Y-2.8976
X4.5281 Y-2.8992
X4.5204 Y-2.8999
X4.5049 Y-2.9007
G2 X4.4352 Y-2.8998 I-0.0279 J0.5228
G1 X4.4275 Y-2.8992
X4.4042 Y-2.8966
X4.3965 Y-2.8955
X4.3733 Y-2.8917
X4.3655 Y-2.8902
X4.3423 Y-2.8851
G2 X4.2571 Y-2.8569 I0.1446 J0.5805
G1 X4.2339 Y-2.8465
X4.226 Y-2.8427
X4.2107 Y-2.8348
X4.2029 Y-2.8307
X4.1952 Y-2.8263
G2 X4.1481 Y-2.7963 I0.2689 J0.4744
G1 X4.1272 Y-2.7808
X4.1083 Y-2.7653
X4.1023 Y-2.7602
X4.0868 Y-2.746
X4.0826 Y-2.7422
X4.0791 Y-2.7387
X4.0636 Y-2.7229
X4.0558 Y-2.7145
G2 X4.0094 Y-2.6562 I0.3951 J0.3622
G1 X4.0047 Y-2.6494
X3.9996 Y-2.6416
X3.9939 Y-2.6327
X3.9898 Y-2.6262
X3.9853 Y-2.6185
X3.9765 Y-2.603
G2 X3.9439 Y-2.5334 I0.6225 J0.334
G1 X3.9402 Y-2.5257
X3.936 Y-2.5179
X3.9316 Y-2.5102
X3.9242 Y-2.4986
X3.9216 Y-2.4948
X3.9159 Y-2.487
X3.9087 Y-2.4778
X3.901 Y-2.469
X3.8961 Y-2.4638
X3.8933 Y-2.4609
X3.8884 Y-2.4561
X3.8855 Y-2.4534
X3.8799 Y-2.4484
X3.8708 Y-2.4406
X3.8603 Y-2.4329
X3.8546 Y-2.4289
X3.8468 Y-2.4239
X3.8391 Y-2.4192
X3.8236 Y-2.411
X3.8081 Y-2.4042
G3 X3.7771 Y-2.3939 I-0.0988 J-0.2469
G1 X3.7694 Y-2.392
X3.7617 Y-2.3904
X3.7539 Y-2.3889
X3.7462 Y-2.3878
X3.7351 Y-2.3865
X3.7307 Y-2.3862
X3.7152 Y-2.3854
X3.6997 Y-2.3858
X3.692 Y-2.3863
X3.6842 Y-2.387
X3.6765 Y-2.388
X3.6687 Y-2.3892
X3.661 Y-2.3906
X3.6533 Y-2.3924
X3.6455 Y-2.3943
X3.6378 Y-2.3965
X3.63 Y-2.3991
X3.6215 Y-2.402
X3.6068 Y-2.4081
G2 X3.2042 Y-2.5805 I-3.4711 J7.5496
X1.7409 Y-3.0077 I-3.0071 J7.5801
G1 X1.7333 Y-3.01
X1.7178 Y-3.0147
X1.71 Y-3.0176
X1.7023 Y-3.0206
X1.6945 Y-3.024
X1.6857 Y-3.0282
X1.6791 Y-3.0317
G3 X1.621 Y-3.0746 I0.1223 J-0.2262
G1 X1.6094 Y-3.0868
X1.6016 Y-3.0961
X1.6003 Y-3.0978
X1.5939 Y-3.1062
G3 X1.5583 Y-3.1751 I0.2017 J-0.1478
G1 X1.5558 Y-3.1828
X1.5516 Y-3.1983
X1.55 Y-3.206
X1.5456 Y-3.2292
X1.5441 Y-3.237
X1.5421 Y-3.2447
X1.5397 Y-3.2532
X1.5376 Y-3.2602
X1.532 Y-3.2757
X1.5251 Y-3.2911
X1.5242 Y-3.2928
X1.5211 Y-3.2988
X1.5165 Y-3.3073
X1.5123 Y-3.3143
X1.5073 Y-3.322
X1.502 Y-3.3297
X1.4933 Y-3.3411
X1.4898 Y-3.3452
X1.483 Y-3.3529
X1.4689 Y-3.3684
X1.4621 Y-3.3761
X1.4545 Y-3.3858
X1.4504 Y-3.3916
X1.4452 Y-3.3993
X1.4402 Y-3.407
X1.4359 Y-3.4148
X1.4313 Y-3.4231
X1.4243 Y-3.438
X1.4213 Y-3.4457
X1.4184 Y-3.4534
X1.4157 Y-3.4612
X1.4134 Y-3.4689
X1.4113 Y-3.4766
X1.4081 Y-3.4914
X1.4067 Y-3.4998
G3 X1.4047 Y-3.5617 I0.2399 J-0.0386
G1 X1.4055 Y-3.5694
X1.4066 Y-3.5771
X1.4081 Y-3.5866
X1.4093 Y-3.5926
X1.4112 Y-3.6003
X1.4132 Y-3.6081
X1.4158 Y-3.6168
G3 X1.4257 Y-3.6428 I0.2152 J0.0671
G1 X1.4282 Y-3.6477
X1.4297 Y-3.6501 Z0.3521
X1.4312 Y-3.6524 Z0.352
X1.4345 Y-3.6568 Z0.3518
X1.4382 Y-3.661 Z0.3515
X1.4421 Y-3.665 Z0.3511
X1.4462 Y-3.6688 Z0.3507
X1.4504 Y-3.6724 Z0.3502
X1.4548 Y-3.6759 Z0.3496
X1.4639 Y-3.6828 Z0.3484
X1.4731 Y-3.6896 Z0.3472
X1.4776 Y-3.6931 Z0.3467
X1.482 Y-3.6968 Z0.3463
X1.4863 Y-3.7006 Z0.346
X1.4904 Y-3.7046 Z0.3459
X1.4944 Y-3.7086 Z0.3458
X1.5027 Y-3.7163 Z0.3459
X1.5087 Y-3.7214
X1.512 Y-3.724
X1.5165 Y-3.7275
X1.5221 Y-3.7318
X1.5338 Y-3.7395
X1.5397 Y-3.743
X1.5474 Y-3.7474
X1.5552 Y-3.7514
X1.5629 Y-3.755
X1.5707 Y-3.7583
X1.5824 Y-3.7627
X1.5862 Y-3.7639
X1.5939 Y-3.7662
X1.6016 Y-3.7683 Z0.3458
X1.6107 Y-3.7704 Z0.3459
X1.6171 Y-3.7717 Z0.3458
X1.6249 Y-3.7729 Z0.3459
X1.6326 Y-3.774
X1.6403 Y-3.7747
X1.6558 Y-3.7756
X1.7874 Y-3.7796
X1.9268 Y-3.7854
X2.0584 Y-3.7923
X2.2001 Y-3.8013
X2.3294 Y-3.8111
X2.4687 Y-3.8231
X2.6081 Y-3.8368
X2.7397 Y-3.8512
X2.8713 Y-3.8671
G2 X3.3668 Y-3.9402 I-1.5014 J-11.8901
G1 X3.4143 Y-3.9482
X3.5449 Y-3.9715
X3.6765 Y-3.9965
X3.7075 Y-4.0027
X3.8158 Y-4.0246
X3.9475 Y-4.0527
X4.0713 Y-4.0806
X4.0791 Y-4.0823
X4.0868 Y-4.0838
X4.0946 Y-4.0853
X4.1023 Y-4.0865
X4.11 Y-4.0874
X4.1178 Y-4.0881
X4.1333 Y-4.0888
X4.141 Y-4.0886
X4.1488 Y-4.0883
X4.1565 Y-4.0877
X4.1642 Y-4.0868
X4.172 Y-4.0857
X4.1797 Y-4.0843
X4.1875 Y-4.0827 Z0.3458
X4.1952 Y-4.0807 Z0.3459
X4.2029 Y-4.0786
X4.2107 Y-4.076
X4.2184 Y-4.0733
X4.222 Y-4.0719
X4.2262 Y-4.0702
X4.2339 Y-4.0668
X4.2393 Y-4.0642
X4.2417 Y-4.063
X4.2494 Y-4.0589
X4.2537 Y-4.0565 Z0.3458
X4.2571 Y-4.0544 Z0.3459
X4.2661 Y-4.0487
X4.2726 Y-4.0441
X4.2768 Y-4.041
X4.2804 Y-4.0383
X4.2866 Y-4.0333
X4.2958 Y-4.0251 Z0.3458
X4.3036 Y-4.0175 Z0.3459
X4.3113 Y-4.0092
X4.3191 Y-4.0001
X4.3232 Y-3.9946
X4.3268 Y-3.9898
X4.3288 Y-3.9869
X4.3346 Y-3.9783
X4.3388 Y-3.9714
X4.3431 Y-3.9637
X4.3471 Y-3.956
X4.3506 Y-3.9482
X4.3637 Y-3.9173
X4.3655 Y-3.9131 Z0.346
X4.3672 Y-3.9096 Z0.3459
X4.3748 Y-3.8941
X4.379 Y-3.8864
X4.3835 Y-3.8787
X4.3888 Y-3.8698
X4.393 Y-3.8632
X4.3982 Y-3.8555
X4.4042 Y-3.8468
X4.412 Y-3.8366
X4.4197 Y-3.8268
X4.4216 Y-3.8245
X4.4355 Y-3.8091
X4.4431 Y-3.8013
X4.4511 Y-3.7936
X4.4584 Y-3.7867
X4.4739 Y-3.7736
X4.4777 Y-3.7704 Z0.3458
X4.4894 Y-3.7619 Z0.3459
X4.499 Y-3.755
X4.5126 Y-3.7463
X4.5204 Y-3.7416
X4.5281 Y-3.7372
X4.5381 Y-3.7318
X4.5436 Y-3.729
X4.5591 Y-3.7218 Z0.346
X4.5668 Y-3.7183 Z0.3459
X4.5823 Y-3.7124 Z0.346
X4.59 Y-3.7096 Z0.3459
X4.5978 Y-3.7071
X4.6055 Y-3.7047 Z0.346
X4.6133 Y-3.7024 Z0.3459
X4.621 Y-3.7005
X4.6288 Y-3.6986
X4.6365 Y-3.6969
X4.6442 Y-3.6954
X4.652 Y-3.6941
X4.6597 Y-3.6929
X4.6675 Y-3.6918
X4.6752 Y-3.691
X4.6829 Y-3.6903 Z0.346
X4.6907 Y-3.6897 Z0.3459
X4.6984 Y-3.6893
X4.7062 Y-3.6891 Z0.346
X4.7139 Y-3.6889 Z0.3459
X4.7217 Y-3.689
X4.7294 Y-3.6893
X4.7371 Y-3.6896
X4.7449 Y-3.6902
X4.7526 Y-3.6909
X4.7604 Y-3.6918 Z0.346
X4.7707 Y-3.6931 Z0.3459
X4.7836 Y-3.6953 Z0.346
X4.7913 Y-3.6968 Z0.3459
X4.7991 Y-3.6985
X4.8088 Y-3.7008 Z0.346
X4.8146 Y-3.7024 Z0.3459
X4.8223 Y-3.7045
X4.83 Y-3.7069
X4.8378 Y-3.7095
X4.8455 Y-3.7121
X4.8563 Y-3.7163 Z0.346
X4.8688 Y-3.7214 Z0.3458
X4.8765 Y-3.7251 Z0.3459
X4.8842 Y-3.7288
X4.892 Y-3.7327
X4.8997 Y-3.7369 Z0.346
X4.9075 Y-3.7413 Z0.3459
X4.9152 Y-3.7459
X4.9229 Y-3.7509 Z0.346
X4.9307 Y-3.756 Z0.3459
X4.9403 Y-3.7627
X4.9462 Y-3.7672 Z0.346
X4.9539 Y-3.7732 Z0.3459
X4.9617 Y-3.7795
X4.9694 Y-3.7864
X4.9773 Y-3.7936
X4.9853 Y-3.8013
X4.9928 Y-3.8091
X5.0004 Y-3.8173 Z0.346
X5.0081 Y-3.8263 Z0.3459
X5.0159 Y-3.8358 Z0.346
X5.0248 Y-3.8477 Z0.3459
X5.0313 Y-3.8571 Z0.346
X5.0391 Y-3.8689 Z0.3459
X5.045 Y-3.8787
X5.0535 Y-3.8941
X5.0575 Y-3.9019 Z0.346
X5.0648 Y-3.9173 Z0.3459
X5.068 Y-3.925 Z0.346
X5.0741 Y-3.9405 Z0.3459
X5.0768 Y-3.9482 Z0.346
X5.0818 Y-3.9637 Z0.3459
X5.084 Y-3.9714
X5.0859 Y-3.9792
X5.0878 Y-3.9869
X5.0895 Y-3.9946
X5.091 Y-4.0024
X5.0933 Y-4.0159
X5.0946 Y-4.0256
X5.0961 Y-4.041
X5.0968 Y-4.0487
X5.0973 Y-4.0642
X5.0975 Y-4.0719
X5.0968 Y-4.0951
X5.0962 Y-4.1029
X5.0932 Y-4.1338
X5.0926 Y-4.1415
X5.0922 Y-4.157
X5.0925 Y-4.1647
X5.093 Y-4.1724
X5.0933 Y-4.1762
X5.0937 Y-4.1802
X5.0947 Y-4.1879
X5.096 Y-4.1956
X5.0975 Y-4.2034
X5.0992 Y-4.2111
X5.1013 Y-4.2188
X5.1036 Y-4.2266
X5.1063 Y-4.2343
X5.1091 Y-4.242
X5.1125 Y-4.2498
X5.1165 Y-4.2585
X5.12 Y-4.2652
X5.1243 Y-4.273 Z0.3458
X5.132 Y-4.2853 Z0.3459
X5.1341 Y-4.2884 Z0.3458
X5.1397 Y-4.2962 Z0.3459
X5.1457 Y-4.3039
X5.1524 Y-4.3116
X5.1552 Y-4.3148
X5.163 Y-4.3227
X5.1674 Y-4.3271
X5.1707 Y-4.33
X5.1784 Y-4.3367
X5.1862 Y-4.3428
X5.1939 Y-4.3484
X5.1965 Y-4.3503
X5.2017 Y-4.3535
X5.2094 Y-4.3583 Z0.3458
X5.2171 Y-4.3626 Z0.3459
X5.2249 Y-4.3666
X5.2326 Y-4.3702
X5.2404 Y-4.3736
X5.2481 Y-4.3764
X5.2559 Y-4.3791
X5.2636 Y-4.3814
X5.2713 Y-4.3835
X5.2791 Y-4.3854
X5.2868 Y-4.3869
X5.2946 Y-4.3883
X5.3565 Y-4.3978
X5.372 Y-4.4
X5.4339 Y-4.4082
X5.4494 Y-4.41
X5.5036 Y-4.4161
X5.5113 Y-4.4169
X5.581 Y-4.4233
X5.6507 Y-4.4284
G3 X6.0068 Y-4.4335 I0.2304 J3.6535
G1 X6.0223 Y-4.433
X6.092 Y-4.4296
X6.123 Y-4.4276
X6.1694 Y-4.4244
X6.2391 Y-4.4182
X6.3088 Y-4.4107
X6.3242 Y-4.4088
X6.3862 Y-4.4007
X6.4481 Y-4.3915
X6.4559 Y-4.3903
X6.4636 Y-4.3889
X6.4713 Y-4.3873
X6.4791 Y-4.3855
X6.4868 Y-4.3834
X6.4946 Y-4.381
X6.5023 Y-4.3782
X6.5101 Y-4.3753
X6.5178 Y-4.3719
X6.5255 Y-4.3683
X6.5333 Y-4.3642
X6.541 Y-4.3598 Z0.3458
X6.544 Y-4.358 Z0.3459
X6.5488 Y-4.355
X6.5565 Y-4.3498
X6.5663 Y-4.3425
X6.572 Y-4.3379
X6.5797 Y-4.3312
X6.5842 Y-4.3271
X6.5917 Y-4.3193
X6.5952 Y-4.3157 Z0.3458
X6.5988 Y-4.3116 Z0.3459
X6.603 Y-4.3067
X6.6053 Y-4.3039
X6.6112 Y-4.2961
X6.6167 Y-4.2884
X6.6184 Y-4.2858
X6.6216 Y-4.2807
X6.6262 Y-4.273
X6.6304 Y-4.2652
X6.6343 Y-4.2575
X6.6377 Y-4.2498
X6.6409 Y-4.242
X6.6437 Y-4.2343
X6.6463 Y-4.2266
X6.6485 Y-4.2188
X6.6505 Y-4.2111
X6.6522 Y-4.2034
X6.6536 Y-4.1956
X6.6548 Y-4.1879
X6.6557 Y-4.1802
X6.6564 Y-4.1724
X6.657 Y-4.157
X6.6568 Y-4.1493
X6.6565 Y-4.1415
X6.6559 Y-4.1338
X6.655 Y-4.1261
X6.6539 Y-4.1183
X6.6524 Y-4.1106
X6.6508 Y-4.1029 Z0.3458
X6.6489 Y-4.0951 Z0.3459
X6.6467 Y-4.0874
X6.6441 Y-4.0797
X6.6387 Y-4.0642
X6.6331 Y-4.0487
X6.6304 Y-4.041
X6.6279 Y-4.0333
X6.6232 Y-4.0178
X6.621 Y-4.0101 Z0.346
X6.6184 Y-4.0003 Z0.3459
X6.6151 Y-3.9869
X6.6134 Y-3.9792
X6.6118 Y-3.9714
X6.6089 Y-3.956
X6.6075 Y-3.9482
X6.6053 Y-3.9328
X6.6043 Y-3.925
X6.6033 Y-3.9173
X6.6026 Y-3.9096
X6.6008 Y-3.8864
X6.6005 Y-3.8787
X6.5998 Y-3.8555
X6.5992 Y-3.84
X6.5986 Y-3.8323
X6.5977 Y-3.8245
X6.5966 Y-3.8168
X6.5952 Y-3.8091
X6.5936 Y-3.8013
X6.5916 Y-3.7936
X6.5895 Y-3.7859 Z0.3458
X6.5869 Y-3.7782 Z0.3459
X6.5842 Y-3.7704
X6.5797 Y-3.7597
X6.5777 Y-3.755
X6.5738 Y-3.7472
X6.5697 Y-3.7395
X6.5642 Y-3.7302
X6.5603 Y-3.724
X6.5565 Y-3.7185
X6.5493 Y-3.7086
X6.541 Y-3.6987
X6.5359 Y-3.6931
X6.5284 Y-3.6854
X6.5255 Y-3.6826
X6.5178 Y-3.6757
X6.5101 Y-3.6693
X6.5007 Y-3.6622
X6.4891 Y-3.6545
X6.4868 Y-3.6531
X6.4791 Y-3.6485
X6.4713 Y-3.6443
X6.4602 Y-3.639
X6.4559 Y-3.637
X6.4481 Y-3.6339
X6.4404 Y-3.6311
X6.4326 Y-3.6286
X6.4249 Y-3.6263
X6.4172 Y-3.6244
X6.4094 Y-3.6227
X6.4017 Y-3.6213
X6.3939 Y-3.6201
X6.3862 Y-3.6191
X6.3397 Y-3.6137
X6.332 Y-3.6127
X6.2933 Y-3.6071
X6.2778 Y-3.6048
X6.2546 Y-3.6008
X6.2313 Y-3.5967
X6.2236 Y-3.5953
X6.1732 Y-3.5849
X6.1462 Y-3.5785
X6.123 Y-3.573
X6.109 Y-3.5694
X6.0688 Y-3.5586
X6.053 Y-3.5539
X6.0223 Y-3.5447
X6.0146 Y-3.5424
X5.9991 Y-3.5373
X5.9681 Y-3.527
X5.9604 Y-3.5243
X5.9139 Y-3.5073
X5.9062 Y-3.5043
X5.8597 Y-3.4857
X5.8133 Y-3.4656
X5.7668 Y-3.4439
X5.7591 Y-3.4401
X5.7204 Y-3.4206
X5.7093 Y-3.4148
X5.6739 Y-3.3956
X5.6662 Y-3.3913
X5.643 Y-3.3779
X5.6197 Y-3.3644
X5.5965 Y-3.35
X5.5763 Y-3.3375
X5.5644 Y-3.3297
X5.5294 Y-3.3065
X5.4959 Y-3.2829
X5.4855 Y-3.2756
X5.4726 Y-3.2661
X5.4417 Y-3.2428
X5.4339 Y-3.2367
X5.403 Y-3.212
X5.3952 Y-3.2057
X5.3565 Y-3.1729
X5.3488 Y-3.166
X5.3159 Y-3.1365
X5.2996 Y-3.121
X5.2791 Y-3.1014
X5.2713 Y-3.0938
X5.2404 Y-3.0624
X5.2326 Y-3.0543
X5.2012 Y-3.0205
X5.1939 Y-3.0123
X5.1671 Y-2.9818
X5.1606 Y-2.9741
X5.132 Y-2.9396
X5.1226 Y-2.9277
X5.0985 Y-2.8968
X5.0923 Y-2.889
X5.0855 Y-2.8809
X5.0778 Y-2.8726
X5.071 Y-2.8659
X5.0623 Y-2.8579
X5.0531 Y-2.8504
X5.0468 Y-2.8457 Z0.3458
X5.0426 Y-2.8427 Z0.3459
X5.0391 Y-2.8403
X5.0308 Y-2.8349
X5.0236 Y-2.8308
X5.0159 Y-2.8266
X5.0081 Y-2.8228
X5.0004 Y-2.8192
X4.9926 Y-2.8162
X4.9849 Y-2.8133
X4.9771 Y-2.8109
X4.9694 Y-2.8086 Z0.3458
X4.9617 Y-2.8067 Z0.3459
X4.9539 Y-2.805
X4.9487 Y-2.804
X4.9384 Y-2.8024
X4.9307 Y-2.8015
X4.9229 Y-2.8009
X4.9152 Y-2.8005
X4.9075 Y-2.8004
X4.8997 Y-2.8005
X4.892 Y-2.801
X4.8842 Y-2.8016
X4.8765 Y-2.8025
X4.8665 Y-2.804
X4.861 Y-2.8051
X4.8533 Y-2.8067
X4.8455 Y-2.8087
X4.8353 Y-2.8117
X4.83 Y-2.8135
X4.8223 Y-2.8164
X4.8144 Y-2.8195
X4.8068 Y-2.823
X4.7983 Y-2.8272
X4.7844 Y-2.8349
X4.7604 Y-2.8486
X4.7571 Y-2.8504
X4.7526 Y-2.8527
X4.7371 Y-2.8605
X4.7294 Y-2.8644
X4.7062 Y-2.8746
X4.6984 Y-2.8778
X4.6752 Y-2.8866
X4.6675 Y-2.8892
X4.652 Y-2.8942
X4.6435 Y-2.8968
X4.6365 Y-2.8987
X4.621 Y-2.9028
X4.6133 Y-2.9048
X4.6055 Y-2.9065
X4.59 Y-2.9097
X4.5823 Y-2.9112
X4.5746 Y-2.9124
X4.5591 Y-2.9148
X4.5513 Y-2.9159
X4.5436 Y-2.9167
X4.5281 Y-2.9183
X4.5204 Y-2.9189
X4.5049 Y-2.9197
X4.4894 Y-2.9204
X4.4662 Y-2.9203
X4.4584 Y-2.9201
X4.4352 Y-2.9188
X4.4275 Y-2.9182
X4.412 Y-2.9166
X4.4042 Y-2.9157
X4.3965 Y-2.9147
X4.381 Y-2.9122
X4.3733 Y-2.911
X4.3655 Y-2.9095
X4.35 Y-2.9062
X4.3423 Y-2.9045
X4.3346 Y-2.9027
X4.3113 Y-2.8963
X4.3036 Y-2.894
X4.2804 Y-2.8862
X4.2726 Y-2.8834
X4.2494 Y-2.8743
X4.2262 Y-2.8638
X4.2184 Y-2.8601
X4.1996 Y-2.8504
X4.1952 Y-2.8481
X4.1857 Y-2.8427
X4.172 Y-2.8346
X4.1642 Y-2.8299
X4.1484 Y-2.8195
X4.141 Y-2.8145
X4.1371 Y-2.8117
X4.1162 Y-2.7963
X4.0972 Y-2.7808
X4.0946 Y-2.7786
X4.0868 Y-2.7718
X4.0713 Y-2.7576
X4.0635 Y-2.7499
X4.0483 Y-2.7344
X4.0404 Y-2.7257
X4.0276 Y-2.7112
X4.0249 Y-2.708
X4.009 Y-2.688
X4.0017 Y-2.678
X3.9923 Y-2.6648
X3.9862 Y-2.6558
X3.9771 Y-2.6416
X3.9724 Y-2.6339
X3.9679 Y-2.6262
X3.9591 Y-2.6107
X3.9551 Y-2.603
X3.9435 Y-2.5798
X3.9299 Y-2.5489
X3.9265 Y-2.5411
X3.9242 Y-2.5364
X3.9228 Y-2.5334
X3.9165 Y-2.522
X3.9141 Y-2.5179
X3.9087 Y-2.5096
X3.9038 Y-2.5025
X3.901 Y-2.4987
X3.8979 Y-2.4948
X3.8933 Y-2.4889
X3.8847 Y-2.4793 Z0.3458
X3.8771 Y-2.4716 Z0.3459
X3.8687 Y-2.4638
X3.8597 Y-2.4561
X3.8493 Y-2.4484
X3.8468 Y-2.4466
X3.8377 Y-2.4406
X3.8313 Y-2.4367
X3.8236 Y-2.4325
X3.8158 Y-2.4284
X3.8081 Y-2.4249
X3.8004 Y-2.4215
X3.7892 Y-2.4174
X3.7849 Y-2.416
X3.7771 Y-2.4136
X3.7694 Y-2.4116
X3.7613 Y-2.4097
X3.7539 Y-2.4082
X3.7462 Y-2.407
X3.7384 Y-2.406
X3.7307 Y-2.4052
X3.7152 Y-2.4044
X3.7075 Y-2.4046
X3.6997 Y-2.4048
X3.692 Y-2.4053
X3.6842 Y-2.4062
X3.6765 Y-2.4072
X3.6687 Y-2.4085
X3.6625 Y-2.4097
X3.6533 Y-2.4119
X3.6455 Y-2.414 Z0.3458
X3.6349 Y-2.4174 Z0.3459
X3.63 Y-2.4191
X3.6223 Y-2.4222
G2 X3.3126 Y-2.5571 I-4.2101 J9.2378
G1 X3.212 Y-2.5978
X3.1113 Y-2.637
X3.0107 Y-2.6747
X2.9089 Y-2.7112
X2.8094 Y-2.7455
X2.7707 Y-2.7583
X2.701 Y-2.7812
X2.6004 Y-2.8129
X2.5694 Y-2.8222
X2.4997 Y-2.8432
X2.4687 Y-2.8521
X2.3913 Y-2.8742
X2.2907 Y-2.9015
X2.2675 Y-2.9076
X2.1823 Y-2.9294
X2.1281 Y-2.9426
X2.0739 Y-2.9557
X1.9733 Y-2.9788
X1.95 Y-2.9838
X1.8649 Y-3.0021
X1.8262 Y-3.0099
X1.7565 Y-3.024
X1.7487 Y-3.0257
X1.7385 Y-3.0282
X1.7255 Y-3.0321
X1.7151 Y-3.0359
X1.71 Y-3.0379
X1.7023 Y-3.0413
X1.6945 Y-3.045
X1.6868 Y-3.0491
X1.6791 Y-3.0535
X1.6702 Y-3.0591
X1.6636 Y-3.0637
X1.6591 Y-3.0669
X1.6492 Y-3.0746
X1.6403 Y-3.0825
X1.6324 Y-3.0901
X1.6249 Y-3.098
X1.6171 Y-3.1071
X1.6123 Y-3.1133 Z0.3458
X1.6094 Y-3.1172 Z0.3459
X1.6067 Y-3.121
X1.6014 Y-3.1287
X1.5967 Y-3.1365
X1.5939 Y-3.1412
X1.5883 Y-3.1519
X1.5862 Y-3.1565
X1.5847 Y-3.1596
X1.5814 Y-3.1674
X1.5784 Y-3.1751
X1.5758 Y-3.1828
X1.5733 Y-3.1906
X1.5707 Y-3.2004
X1.5694 Y-3.206
X1.5629 Y-3.2394
X1.5617 Y-3.2447
X1.5596 Y-3.2524
X1.5574 Y-3.2602
X1.555 Y-3.2679
X1.5493 Y-3.2833
X1.5424 Y-3.2988
X1.5397 Y-3.3042 Z0.346
X1.5343 Y-3.3143 Z0.3459
X1.532 Y-3.3184
X1.5298 Y-3.322 Z0.346
X1.5242 Y-3.3308 Z0.3459
X1.5198 Y-3.3375
X1.5165 Y-3.3421
X1.5081 Y-3.3529
X1.501 Y-3.3613
X1.4806 Y-3.3839
X1.4778 Y-3.3871
X1.47 Y-3.3968
X1.4682 Y-3.3993
X1.4623 Y-3.4079
X1.4578 Y-3.4148 Z0.3458
X1.4533 Y-3.4225 Z0.3459
X1.449 Y-3.4302
X1.4468 Y-3.4348
X1.4417 Y-3.4457
X1.4386 Y-3.4534
X1.4358 Y-3.4612
X1.4332 Y-3.4689
X1.431 Y-3.4766
X1.429 Y-3.4844
X1.4273 Y-3.4921
X1.4259 Y-3.4998
X1.4248 Y-3.5076
X1.4238 Y-3.5153
X1.4236 Y-3.5174
X1.4227 Y-3.5307
Y-3.5385
Y-3.5462
X1.4231 Y-3.5539
X1.4238 Y-3.5617
X1.4246 Y-3.5694
X1.4258 Y-3.5771
X1.4271 Y-3.5849
X1.4289 Y-3.5926
X1.4313 Y-3.6025
X1.4354 Y-3.6158
X1.4383 Y-3.6235
X1.4414 Y-3.6313
X1.4448 Y-3.639
X1.4487 Y-3.6467
X1.4527 Y-3.6545
X1.4574 Y-3.6622
X1.4623 Y-3.67
X1.47 Y-3.6811
X1.4778 Y-3.6906
X1.4799 Y-3.6931
X1.4855 Y-3.6995
X1.4904 Y-3.7046
X1.4945 Y-3.7083 Z0.3458
X1.4966 Y-3.7101 Z0.3457
X1.4988 Y-3.7117 Z0.3455
X1.5034 Y-3.7148 Z0.3452
X1.5082 Y-3.7176 Z0.3446
X1.5132 Y-3.72 Z0.344
X1.5183 Y-3.7222 Z0.3433
X1.5235 Y-3.7243 Z0.3425
X1.5287 Y-3.7261 Z0.3416
X1.5341 Y-3.7278 Z0.3406
X1.545 Y-3.7311 Z0.3387
X1.5504 Y-3.7327 Z0.3378
X1.5558 Y-3.7344 Z0.337
X1.5613 Y-3.7361 Z0.3363
X1.5667 Y-3.7381 Z0.3359
X1.572 Y-3.7401 Z0.3357
X1.5784 Y-3.7428
X1.5862 Y-3.7457
X1.5904 Y-3.7472
X1.6016 Y-3.7505
X1.6094 Y-3.7525
X1.6171 Y-3.7541
X1.6213 Y-3.755 Z0.3356
X1.6326 Y-3.7566 Z0.3357
X1.6403 Y-3.7574
X1.6481 Y-3.758
X1.6558 Y-3.7584
X1.7874 Y-3.7624
X1.9268 Y-3.7681
X2.0584 Y-3.775
G2 X2.4146 Y-3.8011 I-0.6671 J-11.5602
G1 X2.4687 Y-3.8058
X2.6081 Y-3.8195
X2.7397 Y-3.8339
X2.8791 Y-3.8507
X3.0107 Y-3.8682
X3.1423 Y-3.887
X3.1883 Y-3.8941
X3.2816 Y-3.9086
X3.4133 Y-3.9306
X3.5371 Y-3.9526
X3.5555 Y-3.956
X3.6842 Y-3.9805
X3.8158 Y-4.007
X3.87 Y-4.0185
X3.9552 Y-4.0368
X4.0791 Y-4.0646
X4.0868 Y-4.0663
X4.0946 Y-4.0678
X4.1023 Y-4.0691 Z0.3356
X4.11 Y-4.0701 Z0.3357
X4.1178 Y-4.0709 Z0.3356
X4.1255 Y-4.0713 Z0.3357
X4.1333 Y-4.0716
X4.141 Y-4.0714
X4.1488 Y-4.071
X4.1565 Y-4.0704
X4.1642 Y-4.0694
X4.172 Y-4.0682
X4.1797 Y-4.0667
X4.1875 Y-4.0649
X4.1952 Y-4.0629
X4.2029 Y-4.0605
X4.2107 Y-4.0578
X4.2143 Y-4.0565
X4.2184 Y-4.0548
X4.2262 Y-4.0514
X4.2317 Y-4.0487
X4.2339 Y-4.0477
X4.2417 Y-4.0435
X4.246 Y-4.041
X4.2494 Y-4.0389
X4.2571 Y-4.034
X4.2582 Y-4.0333
X4.2649 Y-4.0284
X4.2726 Y-4.0225 Z0.3356
X4.2781 Y-4.0178 Z0.3357
X4.2804 Y-4.0158
X4.2866 Y-4.0101 Z0.3356
X4.2942 Y-4.0024 Z0.3357
X4.2958 Y-4.0006 Z0.3356
X4.3036 Y-3.9918 Z0.3357
X4.3075 Y-3.9869 Z0.3356
X4.3132 Y-3.9792 Z0.3357
X4.3191 Y-3.9706
X4.3233 Y-3.9637
X4.3268 Y-3.9576
X4.3317 Y-3.9482
X4.3346 Y-3.9421
X4.3482 Y-3.9096
X4.35 Y-3.9056 Z0.3358
X4.3518 Y-3.9019 Z0.3357
X4.3595 Y-3.8864
X4.3636 Y-3.8787
X4.3681 Y-3.8709
X4.3733 Y-3.8621 Z0.3358
X4.3775 Y-3.8555
X4.3826 Y-3.8477 Z0.3357
X4.3888 Y-3.8389 Z0.3358
X4.3936 Y-3.8323 Z0.3357
X4.4042 Y-3.8186
X4.4056 Y-3.8168
X4.4123 Y-3.8091
X4.4197 Y-3.8009
X4.4275 Y-3.7927
X4.4352 Y-3.785
X4.4429 Y-3.7776 Z0.3358
X4.451 Y-3.7704 Z0.3357
X4.4601 Y-3.7627 Z0.3358
X4.4662 Y-3.7577 Z0.3357
X4.4739 Y-3.7519
X4.4817 Y-3.7462 Z0.3358
X4.4894 Y-3.7407 Z0.3357
X4.5049 Y-3.7308 Z0.3358
X4.5126 Y-3.7262 Z0.3357
X4.5204 Y-3.7218
X4.5281 Y-3.7176 Z0.3358
X4.5359 Y-3.7136 Z0.3357
X4.5513 Y-3.7064 Z0.3358
X4.5591 Y-3.7029 Z0.3357
X4.5668 Y-3.6999
X4.5746 Y-3.6969 Z0.3358
X4.5851 Y-3.6931 Z0.3357
X4.59 Y-3.6915
X4.5978 Y-3.6891 Z0.3358
X4.6055 Y-3.6868
X4.6133 Y-3.6847 Z0.3357
X4.621 Y-3.6828
X4.6288 Y-3.681 Z0.3358
X4.6365 Y-3.6794 Z0.3357
X4.646 Y-3.6776
X4.652 Y-3.6766 Z0.3358
X4.6597 Y-3.6755
X4.6675 Y-3.6745 Z0.3357
X4.6752 Y-3.6737 Z0.3358
X4.6829 Y-3.673
X4.6907 Y-3.6724 Z0.3357
X4.6984 Y-3.6721
X4.7062 Y-3.6718 Z0.3358
X4.7139 Y-3.6717 Z0.3357
X4.7217 Y-3.6718
X4.7294 Y-3.6721 Z0.3358
X4.7371 Y-3.6724
X4.7449 Y-3.6729 Z0.3357
X4.7526 Y-3.6736
X4.7604 Y-3.6744 Z0.3358
X4.7681 Y-3.6754 Z0.3357
X4.7759 Y-3.6765
X4.7836 Y-3.6778 Z0.3358
X4.7913 Y-3.6793
X4.7991 Y-3.6809 Z0.3357
X4.8068 Y-3.6826 Z0.3358
X4.8146 Y-3.6846
X4.8223 Y-3.6867 Z0.3357
X4.83 Y-3.6889
X4.8378 Y-3.6913 Z0.3358
X4.8455 Y-3.6939 Z0.3357
X4.8533 Y-3.6967
X4.864 Y-3.7008 Z0.3358
X4.8765 Y-3.706 Z0.3356
X4.8842 Y-3.7097 Z0.3358
X4.892 Y-3.7134
X4.8997 Y-3.7173 Z0.3357
X4.9075 Y-3.7215 Z0.3358
X4.912 Y-3.724
X4.9251 Y-3.7318 Z0.3357
X4.9307 Y-3.7353 Z0.3358
X4.9384 Y-3.7405 Z0.3357
X4.9482 Y-3.7472
X4.9539 Y-3.7514 Z0.3358
X4.9617 Y-3.7574 Z0.3357
X4.9694 Y-3.7636
X4.9774 Y-3.7704 Z0.3358
X4.9859 Y-3.7782 Z0.3357
X4.9941 Y-3.7859 Z0.3358
X5.0018 Y-3.7936 Z0.3357
X5.0091 Y-3.8013 Z0.3358
X5.016 Y-3.8091
X5.0236 Y-3.818 Z0.3357
X5.0289 Y-3.8245 Z0.3358
X5.0313 Y-3.8277
X5.0391 Y-3.8382 Z0.3357
X5.0458 Y-3.8477 Z0.3358
X5.0546 Y-3.8612 Z0.3357
X5.0604 Y-3.8709 Z0.3358
X5.0689 Y-3.8864 Z0.3357
X5.0729 Y-3.8941 Z0.3358
X5.0802 Y-3.9096 Z0.3357
X5.0835 Y-3.9173 Z0.3358
X5.0896 Y-3.9328 Z0.3357
X5.0933 Y-3.9431 Z0.3358
X5.0974 Y-3.956 Z0.3357
X5.0997 Y-3.9637
X5.101 Y-3.9686 Z0.3358
X5.1036 Y-3.9792 Z0.3357
X5.1054 Y-3.9869
X5.107 Y-3.9946 Z0.3358
X5.1097 Y-4.0101 Z0.3357
X5.1109 Y-4.0178 Z0.3358
X5.1119 Y-4.0256 Z0.3357
X5.1134 Y-4.041
X5.114 Y-4.0487
X5.1145 Y-4.0642
X5.1147 Y-4.0719
X5.114 Y-4.0951
X5.1134 Y-4.1029
X5.1105 Y-4.1338
X5.1098 Y-4.1415 Z0.3356
X5.1096 Y-4.1493 Z0.3357
X5.1094 Y-4.157
X5.1098 Y-4.1647
X5.1102 Y-4.1724
X5.1111 Y-4.1802
X5.1121 Y-4.1879 Z0.3356
X5.1135 Y-4.1956 Z0.3357
X5.1151 Y-4.2034
X5.117 Y-4.2111
X5.1193 Y-4.2188
X5.1218 Y-4.2266
X5.1246 Y-4.2343
X5.1279 Y-4.242
X5.132 Y-4.251
X5.1354 Y-4.2575
X5.1397 Y-4.2652 Z0.3356
X5.1445 Y-4.273 Z0.3357
X5.1475 Y-4.2775
X5.1555 Y-4.2884
X5.1617 Y-4.2961
X5.1686 Y-4.3039
X5.1784 Y-4.3138
X5.1862 Y-4.3207
X5.194 Y-4.3271
X5.2044 Y-4.3348
X5.2094 Y-4.3381
X5.2171 Y-4.3429
X5.2249 Y-4.3472
X5.2326 Y-4.3513
X5.2404 Y-4.3548
X5.2481 Y-4.3581
X5.2559 Y-4.3609
X5.2636 Y-4.3635 Z0.3356
X5.2714 Y-4.3657 Z0.3357
X5.2791 Y-4.3677 Z0.3356
X5.2868 Y-4.3693 Z0.3357
X5.2946 Y-4.3708
X5.3023 Y-4.3721
X5.3642 Y-4.3816
X5.3952 Y-4.3857
X5.4339 Y-4.3908
X5.4494 Y-4.3927
X5.5036 Y-4.3988
X5.5113 Y-4.3996
X5.581 Y-4.406
X5.6042 Y-4.4078
X5.6507 Y-4.4111
X5.6584 Y-4.4116
X5.7281 Y-4.4152
X5.7978 Y-4.4175
X5.821 Y-4.4178
X5.8752 Y-4.4185
X5.9449 Y-4.4179
X6.0068 Y-4.4162
X6.0223 Y-4.4157
X6.092 Y-4.4124
X6.1152 Y-4.4108
X6.1617 Y-4.4077
X6.1694 Y-4.4071
X6.2391 Y-4.4009
X6.3088 Y-4.3933
X6.3552 Y-4.3874
X6.3784 Y-4.3844
X6.3939 Y-4.3822
X6.4524 Y-4.3735
X6.4636 Y-4.3714
X6.4713 Y-4.3697 Z0.3356
X6.4791 Y-4.3677 Z0.3357
X6.4868 Y-4.3654 Z0.3356
X6.4946 Y-4.3627 Z0.3357
X6.5023 Y-4.3599
X6.5101 Y-4.3565
X6.5178 Y-4.3529
X6.5255 Y-4.3488
X6.5333 Y-4.3444
X6.541 Y-4.3395
X6.5488 Y-4.3342
X6.5565 Y-4.3283
X6.5581 Y-4.3271 Z0.3356
X6.5642 Y-4.3219 Z0.3357
X6.5671 Y-4.3193
X6.572 Y-4.3149
X6.5797 Y-4.307
X6.5827 Y-4.3039
X6.5894 Y-4.2961
X6.5955 Y-4.2884
X6.6011 Y-4.2807
X6.603 Y-4.278
X6.6061 Y-4.273
X6.6108 Y-4.2652 Z0.3356
X6.615 Y-4.2575 Z0.3357
X6.6184 Y-4.2507
X6.6223 Y-4.242
X6.6254 Y-4.2343
X6.6281 Y-4.2266
X6.6306 Y-4.2188
X6.6328 Y-4.2111
X6.6339 Y-4.2064
X6.6346 Y-4.2034 Z0.3356
X6.6361 Y-4.1956 Z0.3357
X6.6374 Y-4.1879 Z0.3356
X6.6384 Y-4.1802 Z0.3357
X6.6391 Y-4.1724 Z0.3356
X6.6395 Y-4.1647 Z0.3357
X6.6398 Y-4.157
X6.6396 Y-4.1493
X6.6392 Y-4.1415
X6.6385 Y-4.1338
X6.6376 Y-4.1261
X6.6364 Y-4.1183
X6.6349 Y-4.1106
X6.6339 Y-4.1062
X6.6331 Y-4.1029
X6.631 Y-4.0951
X6.6286 Y-4.0874
X6.6232 Y-4.0719
X6.6148 Y-4.0487 Z0.3358
X6.6123 Y-4.041
X6.6075 Y-4.0256 Z0.3357
X6.6053 Y-4.0178 Z0.3358
X6.603 Y-4.0092
X6.5993 Y-3.9946 Z0.3357
X6.5975 Y-3.9869 Z0.3358
X6.5952 Y-3.9763 Z0.3357
X6.5914 Y-3.956
X6.5901 Y-3.9482
X6.5875 Y-3.9294
X6.586 Y-3.9173 Z0.3358
X6.5853 Y-3.9096 Z0.3357
X6.5841 Y-3.8941
X6.5835 Y-3.8864 Z0.3358
X6.5832 Y-3.8787 Z0.3357
X6.5826 Y-3.8555
X6.5823 Y-3.8477
X6.5819 Y-3.84
X6.5813 Y-3.8323
X6.5803 Y-3.8245
X6.5797 Y-3.8204
X6.5791 Y-3.8168
X6.5776 Y-3.8091
X6.5758 Y-3.8013
X6.5737 Y-3.7936
X6.5714 Y-3.7859
X6.5687 Y-3.7782
X6.5642 Y-3.7672
X6.5623 Y-3.7627
X6.5584 Y-3.755
X6.5565 Y-3.7512
X6.5543 Y-3.7472
X6.5497 Y-3.7395
X6.5448 Y-3.7318
X6.5393 Y-3.724
X6.5333 Y-3.7163
X6.5255 Y-3.7072 Z0.3356
X6.5178 Y-3.6992 Z0.3357
X6.5114 Y-3.6931
X6.5023 Y-3.6852 Z0.3356
X6.4926 Y-3.6776 Z0.3357
X6.4868 Y-3.6736
X6.4791 Y-3.6685
X6.4713 Y-3.6639
X6.4636 Y-3.6596
X6.4527 Y-3.6545
X6.4481 Y-3.6524
X6.4404 Y-3.6494
X6.4326 Y-3.6466 Z0.3356
X6.4249 Y-3.6442 Z0.3357
X6.4172 Y-3.6421 Z0.3356
X6.4094 Y-3.6403 Z0.3357
X6.4017 Y-3.6387 Z0.3356
X6.3939 Y-3.6375 Z0.3357
X6.3862 Y-3.6365
X6.363 Y-3.6337
X6.332 Y-3.6301
X6.3165 Y-3.6279
X6.2855 Y-3.6234
X6.2778 Y-3.6222
X6.2623 Y-3.6196
X6.2236 Y-3.6128
X6.2081 Y-3.6097
X6.1694 Y-3.6017
X6.1384 Y-3.5944
X6.1152 Y-3.5888
X6.0842 Y-3.5806
X6.061 Y-3.5743
X6.0189 Y-3.5617
X6.0068 Y-3.5579
X5.9681 Y-3.5451
X5.9604 Y-3.5425
X5.949 Y-3.5385
X5.9139 Y-3.5257
X5.9062 Y-3.5228 Z0.3358
X5.8907 Y-3.5167 Z0.3357
X5.8597 Y-3.5043
X5.852 Y-3.5011
X5.8055 Y-3.481
X5.7591 Y-3.4593
X5.7472 Y-3.4534
X5.7126 Y-3.436
X5.7049 Y-3.432
X5.6662 Y-3.411
X5.6584 Y-3.4067 Z0.3358
X5.643 Y-3.3978 Z0.3357
X5.612 Y-3.3798
X5.6042 Y-3.3751
X5.5686 Y-3.3529
X5.5566 Y-3.3452
X5.5191 Y-3.3203
X5.4776 Y-3.2911
X5.4726 Y-3.2875 Z0.3358
X5.4494 Y-3.2701 Z0.3357
X5.4339 Y-3.2585
X5.426 Y-3.2524
X5.3952 Y-3.2278
X5.3873 Y-3.2215 Z0.3358
X5.372 Y-3.2086 Z0.3357
X5.3488 Y-3.1889
X5.341 Y-3.1822
X5.3074 Y-3.1519
X5.299 Y-3.1442
X5.2666 Y-3.1133
X5.2636 Y-3.1103
X5.2559 Y-3.1026
X5.2282 Y-3.0746
X5.2249 Y-3.0711 Z0.3358
X5.2017 Y-3.0463 Z0.3357
X5.192 Y-3.0359
X5.185 Y-3.0282
X5.1552 Y-2.9944
X5.1511 Y-2.9896
X5.119 Y-2.9509
X5.1129 Y-2.9432
X5.0855 Y-2.9081
X5.0763 Y-2.8968
X5.0696 Y-2.889
X5.0622 Y-2.8813 Z0.3356
X5.054 Y-2.8736 Z0.3357
X5.0468 Y-2.8674
X5.0391 Y-2.8614
X5.0347 Y-2.8581
X5.0313 Y-2.8558
X5.0231 Y-2.8504
X5.0159 Y-2.8462
X5.0095 Y-2.8427 Z0.3356
X5.0081 Y-2.8419 Z0.3357
X5.0004 Y-2.8382
X4.9933 Y-2.8349
X4.9849 Y-2.8317
X4.9771 Y-2.8289
X4.9694 Y-2.8265
X4.9617 Y-2.8244
X4.9539 Y-2.8226
X4.9462 Y-2.821
X4.9361 Y-2.8195
X4.9307 Y-2.8188
X4.9229 Y-2.8182
X4.9152 Y-2.8177
X4.9075 Y-2.8176
X4.8997 Y-2.8177
X4.892 Y-2.8182
X4.8842 Y-2.8189 Z0.3356
X4.8794 Y-2.8195 Z0.3357
X4.8688 Y-2.8211 Z0.3356
X4.861 Y-2.8227 Z0.3357
X4.8533 Y-2.8245 Z0.3356
X4.8436 Y-2.8272 Z0.3357
X4.8378 Y-2.829 Z0.3356
X4.83 Y-2.8318 Z0.3357
X4.8221 Y-2.8349
X4.8146 Y-2.8384
X4.8068 Y-2.8421
X4.792 Y-2.8504
X4.7759 Y-2.8596
X4.7646 Y-2.8659 Z0.3358
X4.7604 Y-2.8681 Z0.3357
X4.7449 Y-2.8759
X4.7371 Y-2.8797
X4.7139 Y-2.89
X4.7062 Y-2.8932
X4.6829 Y-2.9021
X4.6752 Y-2.9048
X4.6597 Y-2.9098
X4.6518 Y-2.9122 Z0.3358
X4.6442 Y-2.9144
X4.6288 Y-2.9186 Z0.3357
X4.621 Y-2.9206
X4.6133 Y-2.9224 Z0.3358
X4.5978 Y-2.9256 Z0.3357
X4.5875 Y-2.9277 Z0.3358
X4.5823 Y-2.9286 Z0.3357
X4.5668 Y-2.931
X4.5591 Y-2.9322 Z0.3358
X4.5513 Y-2.9332
X4.5359 Y-2.9348 Z0.3357
X4.5281 Y-2.9355
X4.5204 Y-2.9362 Z0.3358
X4.4971 Y-2.9373 Z0.3357
X4.4894 Y-2.9376
X4.4662 Y-2.9375
X4.4584 Y-2.9374
X4.4352 Y-2.9361
X4.4268 Y-2.9354 Z0.3358
X4.412 Y-2.9339 Z0.3357
X4.4042 Y-2.933
X4.3965 Y-2.9321 Z0.3358
X4.3888 Y-2.9309 Z0.3357
X4.3692 Y-2.9277
X4.3655 Y-2.9271 Z0.3358
X4.3578 Y-2.9255 Z0.3357
X4.3423 Y-2.9221
X4.3329 Y-2.92 Z0.3358
X4.3191 Y-2.9163 Z0.3357
X4.3045 Y-2.9122 Z0.3358
X4.2958 Y-2.9095 Z0.3357
X4.2804 Y-2.9044
X4.2726 Y-2.9017 Z0.3358
X4.2596 Y-2.8968 Z0.3357
X4.2417 Y-2.8897
X4.2184 Y-2.8792
X4.2107 Y-2.8755
X4.1921 Y-2.8659
X4.1875 Y-2.8634 Z0.3358
X4.178 Y-2.8581 Z0.3357
X4.1642 Y-2.85
X4.1565 Y-2.8453 Z0.3358
X4.1488 Y-2.8403 Z0.3357
X4.1406 Y-2.8349
X4.1333 Y-2.83 Z0.3358
X4.1255 Y-2.8246 Z0.3357
X4.1081 Y-2.8117
X4.1023 Y-2.8072
X4.0868 Y-2.7945
X4.0791 Y-2.7879 Z0.3358
X4.0712 Y-2.7808 Z0.3357
X4.0627 Y-2.7731
X4.0546 Y-2.7653 Z0.3358
X4.0469 Y-2.7576 Z0.3357
X4.0394 Y-2.7499 Z0.3358
X4.0321 Y-2.7422
X4.0249 Y-2.7342 Z0.3357
X4.0171 Y-2.7254
X4.0116 Y-2.719
X3.9993 Y-2.7035
X3.9933 Y-2.6958 Z0.3358
X3.9862 Y-2.6859 Z0.3357
X3.9784 Y-2.6751
X3.9767 Y-2.6726 Z0.3358
X3.9707 Y-2.6635 Z0.3357
X3.9617 Y-2.6494
X3.9569 Y-2.6416 Z0.3358
X3.9525 Y-2.6339 Z0.3357
X3.9438 Y-2.6185 Z0.3358
X3.9397 Y-2.6107 Z0.3357
X3.9281 Y-2.5875
X3.9145 Y-2.5566
X3.9087 Y-2.5438
X3.9074 Y-2.5411
X3.9032 Y-2.5334
X3.901 Y-2.5296 Z0.3356
X3.8986 Y-2.5257 Z0.3357
X3.8933 Y-2.5174
X3.8881 Y-2.5102
X3.8821 Y-2.5025 Z0.3356
X3.8778 Y-2.4974 Z0.3357
X3.8754 Y-2.4948
X3.87 Y-2.4889
X3.8682 Y-2.487
X3.8623 Y-2.4813
X3.8602 Y-2.4793 Z0.3356
X3.8513 Y-2.4716 Z0.3357
X3.8468 Y-2.4679
X3.8391 Y-2.4622
X3.8299 Y-2.4561
X3.8236 Y-2.4521
X3.8158 Y-2.4478
X3.8081 Y-2.4438
X3.8004 Y-2.4403
X3.7926 Y-2.437
X3.7849 Y-2.4342
X3.7812 Y-2.4329
X3.7771 Y-2.4316 Z0.3356
X3.7694 Y-2.4294 Z0.3357
X3.7617 Y-2.4274 Z0.3356
X3.7508 Y-2.4252 Z0.3357
X3.7462 Y-2.4244 Z0.3356
X3.7384 Y-2.4233 Z0.3357
X3.7307 Y-2.4225 Z0.3356
X3.7229 Y-2.422 Z0.3357
X3.7152 Y-2.4216
X3.7075 Y-2.4218
X3.6997 Y-2.422
X3.692 Y-2.4226
X3.6842 Y-2.4235
X3.6765 Y-2.4246
X3.6733 Y-2.4252
X3.6687 Y-2.426
X3.661 Y-2.4278
X3.6533 Y-2.4298
X3.6429 Y-2.4329
X3.6378 Y-2.4346
X3.63 Y-2.4376
X3.6223 Y-2.4408
X3.6068 Y-2.4477
X3.5199 Y-2.487
X3.421 Y-2.5302
X3.3204 Y-2.5725
X3.2197 Y-2.6133
X3.1191 Y-2.6525
X3.0184 Y-2.6902
X2.9797 Y-2.7041
X2.9168 Y-2.7267
X2.8636 Y-2.7451
X2.8094 Y-2.7637
X2.7087 Y-2.7968
X2.6081 Y-2.8285
X2.5771 Y-2.8379
X2.4997 Y-2.8611
X2.3991 Y-2.8899
X2.3681 Y-2.8983
X2.2882 Y-2.92
X2.19 Y-2.9452
X2.1745 Y-2.9491
X2.0816 Y-2.9716
X2.0507 Y-2.9787
X1.9733 Y-2.9964
X1.8726 Y-3.0181
X1.8571 Y-3.0213
X1.7642 Y-3.0399
X1.7565 Y-3.0416
X1.7477 Y-3.0437
X1.741 Y-3.0454
X1.7333 Y-3.0478
X1.7255 Y-3.0504
X1.7178 Y-3.0534
X1.71 Y-3.0567
X1.7023 Y-3.0604
X1.6945 Y-3.0645
X1.6868 Y-3.069
X1.678 Y-3.0746
X1.6713 Y-3.0792
X1.6672 Y-3.0823
X1.6636 Y-3.0852
X1.6577 Y-3.0901
X1.6492 Y-3.0978
X1.6481 Y-3.0988 Z0.3356
X1.6403 Y-3.1067 Z0.3357
X1.6345 Y-3.1133
X1.6326 Y-3.1154
X1.6281 Y-3.121 Z0.3356
X1.6249 Y-3.1252 Z0.3357
X1.6223 Y-3.1287
X1.6169 Y-3.1365
X1.6121 Y-3.1442
X1.6094 Y-3.1488
X1.6037 Y-3.1596
X1.6016 Y-3.1639
X1.6001 Y-3.1674
X1.5968 Y-3.1751
X1.5939 Y-3.1829
X1.5913 Y-3.1906
X1.5891 Y-3.1983
X1.587 Y-3.206
X1.5862 Y-3.2099
X1.581 Y-3.237
X1.5794 Y-3.2447 Z0.3358
X1.5784 Y-3.2488
X1.5753 Y-3.2602 Z0.3357
X1.5731 Y-3.2679 Z0.3358
X1.5705 Y-3.2756 Z0.3357
X1.5677 Y-3.2833
X1.5647 Y-3.2911
X1.5578 Y-3.3065
X1.5552 Y-3.3117 Z0.3358
X1.5497 Y-3.322 Z0.3357
X1.5474 Y-3.326
X1.5452 Y-3.3297 Z0.3358
X1.5397 Y-3.3386 Z0.3357
X1.5353 Y-3.3452
X1.532 Y-3.3501 Z0.3358
X1.5299 Y-3.3529 Z0.3357
X1.5239 Y-3.3607
X1.5176 Y-3.3684 Z0.3358
X1.5087 Y-3.3784 Z0.3357
X1.4933 Y-3.3955
X1.49 Y-3.3993
X1.4839 Y-3.407
X1.4778 Y-3.4157
X1.4733 Y-3.4225
X1.4687 Y-3.4302
X1.4644 Y-3.438
X1.4623 Y-3.4423
X1.4571 Y-3.4534
X1.4541 Y-3.4612
X1.4513 Y-3.4689 Z0.3356
X1.4489 Y-3.4766 Z0.3357
X1.4467 Y-3.4844 Z0.3356
X1.445 Y-3.4921 Z0.3357
X1.4434 Y-3.4998 Z0.3356
X1.4422 Y-3.5076 Z0.3357
X1.4411 Y-3.5153
X1.4405 Y-3.523
X1.44 Y-3.5307
X1.4399 Y-3.5385
X1.44 Y-3.5462
X1.4404 Y-3.5539
X1.4411 Y-3.5617
X1.442 Y-3.5694
X1.4432 Y-3.5771
X1.4447 Y-3.5849
X1.4468 Y-3.5935
X1.4486 Y-3.6003
X1.4511 Y-3.6081
X1.4538 Y-3.6158
X1.4568 Y-3.6235
X1.4602 Y-3.6313
X1.464 Y-3.639
X1.4682 Y-3.6467
X1.4728 Y-3.6545
X1.4778 Y-3.6622
X1.4832 Y-3.6699
X1.4855 Y-3.6729
X1.4894 Y-3.6776
X1.4933 Y-3.6823 Z0.3356
X1.496 Y-3.6854 Z0.3357
X1.5033 Y-3.6931
X1.5087 Y-3.6984
X1.5113 Y-3.7008
X1.5165 Y-3.7054
X1.5202 Y-3.7086
X1.5242 Y-3.7117
X1.5301 Y-3.7163
X1.532 Y-3.7177
X1.5416 Y-3.724
X1.5474 Y-3.7276
X1.5552 Y-3.732
X1.5629 Y-3.736
X1.5707 Y-3.7396
X1.572 Y-3.7401
X1.5772 Y-3.7421 Z0.3356
X1.5798 Y-3.7428 Z0.3354
X1.5825 Y-3.7435 Z0.3352
X1.5879 Y-3.7446 Z0.3345
X1.5934 Y-3.7454 Z0.3337
X1.5989 Y-3.7459 Z0.3328
X1.6043 Y-3.7461 Z0.3317
X1.6098 Z0.3305
X1.6153 Y-3.7459 Z0.3293
X1.6264 Y-3.7453 Z0.3267
X1.632 Y-3.7449 Z0.3255
X1.6376 Y-3.7445 Z0.3244
X1.6433 Y-3.7441 Z0.3235
X1.6489 Y-3.7439 Z0.3227
X1.6546 Y-3.7438 Z0.3222
X1.6603 Y-3.7439 Z0.3221
X1.7874 Y-3.7477
X1.9191 Y-3.7531
X1.9345 Y-3.7538
X2.0662 Y-3.7608
X2.1978 Y-3.7692
X2.3294 Y-3.7791
X2.3526 Y-3.7811
X2.4687 Y-3.7911
X2.6004 Y-3.804
X2.6158 Y-3.8056
X2.7397 Y-3.8192
X2.8171 Y-3.8285
X2.8791 Y-3.836
X3.0107 Y-3.8534
X3.0649 Y-3.8611
X3.15 Y-3.8734
X3.2837 Y-3.8941
X3.4133 Y-3.9157
X3.4365 Y-3.9198
X3.5526 Y-3.9405
X3.6842 Y-3.9655
X3.7694 Y-3.9827
X3.8236 Y-3.9936
X3.9552 Y-4.0217
X4.0791 Y-4.0496
X4.0868 Y-4.0513
X4.0946 Y-4.0529
X4.1023 Y-4.0543 Z0.322
X4.11 Y-4.0553 Z0.3221
X4.1178 Y-4.0562 Z0.322
X4.1255 Y-4.0566 Z0.3221
X4.1333 Y-4.0569
X4.1461 Y-4.0565
X4.1488 Y-4.0563 Z0.322
X4.1565 Y-4.0556 Z0.3221
X4.1642 Y-4.0546 Z0.322
X4.172 Y-4.0533 Z0.3221
X4.1797 Y-4.0517 Z0.322
X4.1875 Y-4.0498 Z0.3221
X4.1913 Y-4.0487
X4.1952 Y-4.0476 Z0.322
X4.2029 Y-4.045 Z0.3221
X4.2107 Y-4.0421 Z0.322
X4.2184 Y-4.0388 Z0.3221
X4.2262 Y-4.0351
X4.2339 Y-4.031
X4.2417 Y-4.0265
X4.2494 Y-4.0215
X4.2571 Y-4.0159
X4.2649 Y-4.0099 Z0.322
X4.2734 Y-4.0024
X4.2813 Y-3.9946
X4.2885 Y-3.9869
X4.2958 Y-3.9781
X4.3007 Y-3.9714 Z0.3221
X4.3036 Y-3.9674 Z0.322
X4.306 Y-3.9637
X4.3113 Y-3.9552 Z0.3221
X4.3152 Y-3.9482
X4.3191 Y-3.9405
X4.3226 Y-3.9328
X4.3346 Y-3.9043 Z0.3222
X4.3356 Y-3.9019
X4.3392 Y-3.8941 Z0.3221
X4.3469 Y-3.8787
X4.35 Y-3.8728 Z0.3222
X4.3578 Y-3.8595 Z0.3221
X4.3602 Y-3.8555 Z0.3222
X4.3655 Y-3.847
X4.3702 Y-3.84 Z0.3221
X4.3755 Y-3.8323 Z0.3222
X4.3811 Y-3.8245
X4.3888 Y-3.8146 Z0.3221
X4.3931 Y-3.8091 Z0.3222
X4.3965 Y-3.8049
X4.3996 Y-3.8013 Z0.3221
X4.4065 Y-3.7936
X4.4136 Y-3.7859 Z0.3222
X4.4213 Y-3.7782 Z0.3221
X4.4292 Y-3.7704 Z0.3222
X4.4352 Y-3.7648
X4.4429 Y-3.758 Z0.3221
X4.4507 Y-3.7514 Z0.3222
X4.4557 Y-3.7472 Z0.3221
X4.4584 Y-3.7451 Z0.322
X4.4739 Y-3.7337 Z0.3222
X4.4765 Y-3.7318
X4.4817 Y-3.7282 Z0.322
X4.4971 Y-3.7183 Z0.3222
X4.5005 Y-3.7163
X4.5049 Y-3.7137 Z0.3221
X4.514 Y-3.7086
X4.5204 Y-3.7051 Z0.3222
X4.5286 Y-3.7008 Z0.3221
X4.5359 Y-3.6974
X4.545 Y-3.6931 Z0.3222
X4.5513 Y-3.6903 Z0.3221
X4.5591 Y-3.6872
X4.5668 Y-3.6842 Z0.3222
X4.5746 Y-3.6812
X4.5852 Y-3.6776 Z0.3221
X4.5978 Y-3.6737 Z0.3222
X4.6055 Y-3.6716 Z0.3221
X4.6133 Y-3.6696
X4.621 Y-3.6677 Z0.3222
X4.6288 Y-3.666
X4.6365 Y-3.6645 Z0.3221
X4.6442 Y-3.6631 Z0.3222
X4.652 Y-3.6618 Z0.3223
X4.6597 Y-3.6607 Z0.3222
X4.6675 Y-3.6598 Z0.3221
X4.6752 Y-3.6589 Z0.3222
X4.6829 Y-3.6583
X4.6907 Y-3.6578 Z0.3221
X4.6984 Y-3.6574
X4.7062 Y-3.6571 Z0.3223
X4.7139 Z0.3221
X4.7217
X4.7294 Y-3.6574 Z0.3222
X4.7371 Y-3.6577
X4.7449 Y-3.6582 Z0.3221
X4.7526 Y-3.6589
X4.7604 Y-3.6596 Z0.3222
X4.7681 Y-3.6606
X4.779 Y-3.6622 Z0.3221
X4.7836 Y-3.6629 Z0.3222
X4.7913 Y-3.6643
X4.7991 Y-3.6659 Z0.3221
X4.8068 Y-3.6676
X4.8166 Y-3.6699 Z0.3223
X4.8223 Y-3.6714 Z0.3222
X4.83 Y-3.6736 Z0.3221
X4.8378 Y-3.6759 Z0.3222
X4.8433 Y-3.6776
X4.8533 Y-3.6811 Z0.3221
X4.861 Y-3.6839
X4.8688 Y-3.6869 Z0.3223
X4.8765 Y-3.6901 Z0.3221
X4.8842 Y-3.6935 Z0.322
X4.892 Y-3.6971 Z0.3222
X4.8997 Y-3.7009 Z0.3221
X4.9075 Y-3.7048
X4.9152 Y-3.709 Z0.3222
X4.9229 Y-3.7134
X4.9307 Y-3.718 Z0.3221
X4.9403 Y-3.724 Z0.3222
X4.9462 Y-3.728
X4.9539 Y-3.7334 Z0.3221
X4.9625 Y-3.7395 Z0.3222
X4.9724 Y-3.7472 Z0.3221
X4.9771 Y-3.751
X4.9849 Y-3.7575 Z0.3222
X4.9926 Y-3.7644
X5.0004 Y-3.7716
X5.0081 Y-3.7791
X5.0159 Y-3.7871 Z0.3221
X5.0236 Y-3.7954 Z0.3223
X5.0313 Y-3.8045 Z0.3221
X5.0352 Y-3.8091
X5.0415 Y-3.8168 Z0.3222
X5.0473 Y-3.8245
X5.0546 Y-3.8346
X5.0583 Y-3.84
X5.0633 Y-3.8477 Z0.3221
X5.0682 Y-3.8555
X5.0729 Y-3.8632 Z0.3222
X5.0814 Y-3.8787 Z0.3221
X5.0855 Y-3.8866 Z0.3222
X5.0933 Y-3.903 Z0.3221
X5.0962 Y-3.9096 Z0.3222
X5.0993 Y-3.9173
X5.1023 Y-3.925 Z0.3221
X5.1052 Y-3.9328 Z0.3222
X5.1079 Y-3.9405
X5.1103 Y-3.9482 Z0.3221
X5.1127 Y-3.956
X5.1149 Y-3.9637 Z0.3222
X5.1168 Y-3.9714
X5.1187 Y-3.9792 Z0.3221
X5.1204 Y-3.9869 Z0.3222
X5.122 Y-3.9946
X5.1242 Y-4.0079 Z0.3221
X5.1257 Y-4.0178 Z0.3222
X5.1266 Y-4.0256 Z0.3221
X5.1281 Y-4.041 Z0.3222
X5.1287 Y-4.0487 Z0.3221
X5.1292 Y-4.0642
X5.1294 Y-4.0719
X5.1287 Y-4.0951
X5.1282 Y-4.1029 Z0.3222
X5.1252 Y-4.1338 Z0.3221
X5.1245 Y-4.1415 Z0.322
X5.1242 Y-4.1493 Z0.3221
X5.1241 Y-4.157
X5.1244 Y-4.1647
X5.1249 Y-4.1724 Z0.322
X5.1259 Y-4.1802 Z0.3221
X5.127 Y-4.1879 Z0.322
X5.1285 Y-4.1956 Z0.3221
X5.1302 Y-4.2034 Z0.322
X5.1323 Y-4.2111 Z0.3221
X5.1347 Y-4.2188
X5.1374 Y-4.2266
X5.1397 Y-4.2324
X5.144 Y-4.242
X5.1479 Y-4.2498
X5.1522 Y-4.2575 Z0.322
X5.157 Y-4.2652 Z0.3221
X5.163 Y-4.2739 Z0.322
X5.168 Y-4.2807
X5.1707 Y-4.284
X5.1744 Y-4.2884 Z0.3221
X5.1784 Y-4.293 Z0.322
X5.1815 Y-4.2961 Z0.3221
X5.1893 Y-4.3039 Z0.322
X5.1939 Y-4.308 Z0.3221
X5.1982 Y-4.3116 Z0.322
X5.2017 Y-4.3145
X5.2094 Y-4.3203 Z0.3221
X5.2171 Y-4.3256
X5.2249 Y-4.3304 Z0.322
X5.2328 Y-4.3348 Z0.3221
X5.2404 Y-4.3387
X5.249 Y-4.3425
X5.2559 Y-4.3453
X5.2636 Y-4.3481 Z0.322
X5.2713 Y-4.3505 Z0.3221
X5.2791 Y-4.3526 Z0.322
X5.2868 Y-4.3544 Z0.3221
X5.2946 Y-4.3559 Z0.322
X5.3072 Y-4.358 Z0.3221
X5.3642 Y-4.3667
X5.3797 Y-4.3689
X5.4339 Y-4.3761
X5.4417 Y-4.377
X5.5113 Y-4.3849
X5.5733 Y-4.3906
X5.5888 Y-4.392
X5.654 Y-4.3967
X5.6817 Y-4.3982
X5.7281 Y-4.4006
X5.7978 Y-4.4028
X5.821 Y-4.4032
X5.8752 Y-4.4038
X5.9449 Y-4.4033
X6.0146 Y-4.4013
X6.0223 Y-4.4011
X6.092 Y-4.3977
X6.1539 Y-4.3935
X6.1617 Y-4.393
X6.1771 Y-4.3917
X6.2313 Y-4.3869
X6.2391 Y-4.3861
X6.301 Y-4.3794
X6.3088 Y-4.3786
X6.3707 Y-4.3706
X6.3784 Y-4.3696
X6.4094 Y-4.3651
X6.4481 Y-4.3593
X6.4559 Y-4.3579
X6.4636 Y-4.3564
X6.4713 Y-4.3545
X6.4791 Y-4.3524
X6.4868 Y-4.3499
X6.4946 Y-4.3471
X6.5023 Y-4.3439
X6.5101 Y-4.3404
X6.5178 Y-4.3363
X6.5255 Y-4.3319 Z0.322
X6.5333 Y-4.327 Z0.3221
X6.541 Y-4.3216
X6.5488 Y-4.3158 Z0.322
X6.5565 Y-4.3092 Z0.3221
X6.5623 Y-4.3039
X6.5699 Y-4.2961 Z0.322
X6.572 Y-4.2939
X6.5767 Y-4.2884 Z0.3221
X6.5797 Y-4.2848 Z0.322
X6.5829 Y-4.2807 Z0.3221
X6.5886 Y-4.273
X6.5937 Y-4.2652
X6.5983 Y-4.2575 Z0.322
X6.603 Y-4.2488 Z0.3221
X6.6063 Y-4.242
X6.6107 Y-4.2317
X6.6126 Y-4.2266
X6.6153 Y-4.2188
X6.6176 Y-4.2111
X6.6184 Y-4.2079
X6.6196 Y-4.2034
X6.6212 Y-4.1956
X6.6226 Y-4.1879 Z0.322
X6.6236 Y-4.1802 Z0.3221
X6.6244 Y-4.1724 Z0.322
X6.6248 Y-4.1647 Z0.3221
X6.6251 Y-4.157
X6.6249 Y-4.1493
X6.6245 Y-4.1415 Z0.322
X6.6238 Y-4.1338 Z0.3221
X6.6228 Y-4.1261 Z0.322
X6.6215 Y-4.1183 Z0.3221
X6.6199 Y-4.1106 Z0.322
X6.6179 Y-4.1029 Z0.3221
X6.6157 Y-4.0951 Z0.322
X6.6131 Y-4.0874 Z0.3221
X6.6076 Y-4.0719
X6.602 Y-4.0565 Z0.3222
X6.5993 Y-4.0487
X6.5946 Y-4.0333 Z0.3221
X6.59 Y-4.0178 Z0.3222
X6.5861 Y-4.0024 Z0.3221
X6.5824 Y-3.9869 Z0.3222
X6.5797 Y-3.9735 Z0.3221
X6.5765 Y-3.956 Z0.3222
X6.5752 Y-3.9482 Z0.3221
X6.5731 Y-3.9328
X6.572 Y-3.9239 Z0.3222
X6.5713 Y-3.9173
X6.57 Y-3.9019 Z0.3221
X6.5689 Y-3.8864 Z0.3222
X6.5684 Y-3.8709 Z0.3221
X6.5676 Y-3.8477
X6.5673 Y-3.84 Z0.322
X6.5665 Y-3.8323 Z0.3221
X6.5656 Y-3.8245 Z0.322
X6.5642 Y-3.8168 Z0.3221
X6.5626 Y-3.8091 Z0.322
X6.5606 Y-3.8013 Z0.3221
X6.5585 Y-3.7936 Z0.322
X6.5559 Y-3.7859 Z0.3221
X6.5529 Y-3.7782
X6.5488 Y-3.7684
X6.5459 Y-3.7627
X6.541 Y-3.7534 Z0.322
X6.5373 Y-3.7472 Z0.3221
X6.5333 Y-3.7409 Z0.322
X6.5268 Y-3.7318 Z0.3221
X6.5255 Y-3.7301
X6.5206 Y-3.724
X6.5178 Y-3.7207
X6.5139 Y-3.7163 Z0.322
X6.5101 Y-3.7122 Z0.3221
X6.5064 Y-3.7086
X6.5023 Y-3.7046
X6.4946 Y-3.6978 Z0.322
X6.4868 Y-3.6917 Z0.3221
X6.4791 Y-3.686
X6.4713 Y-3.681
X6.4658 Y-3.6776 Z0.322
X6.4636 Y-3.6764 Z0.3221
X6.4559 Y-3.6721
X6.4481 Y-3.6685
X6.4404 Y-3.6651
X6.4326 Y-3.6622
X6.4249 Y-3.6596 Z0.322
X6.4172 Y-3.6573 Z0.3221
X6.4094 Y-3.6553
X6.4056 Y-3.6545
X6.4017 Y-3.6537
X6.3939 Y-3.6524
X6.3862 Y-3.6513
X6.3707 Y-3.6494
X6.332 Y-3.6449
X6.3242 Y-3.6438
X6.2778 Y-3.6371
X6.2701 Y-3.6358
X6.2313 Y-3.629
X6.2236 Y-3.6277
X6.2159 Y-3.6262
X6.1771 Y-3.6182
X6.1654 Y-3.6158 Z0.3222
X6.123 Y-3.6058 Z0.3221
X6.1152 Y-3.6039
X6.1075 Y-3.602
X6.0688 Y-3.5916
X6.061 Y-3.5895
X6.0455 Y-3.585
X6.0146 Y-3.5757
X6.0068 Y-3.5733 Z0.3222
X5.9913 Y-3.5683 Z0.3221
X5.9526 Y-3.5554
X5.9217 Y-3.5441
X5.9062 Y-3.5384
X5.8984 Y-3.5355
X5.8597 Y-3.5201
X5.8478 Y-3.5153
X5.8055 Y-3.497
X5.7978 Y-3.4936
X5.7513 Y-3.4718
X5.7436 Y-3.468
X5.7049 Y-3.4485
X5.6971 Y-3.4445
X5.6584 Y-3.4235
X5.6507 Y-3.4192 Z0.3222
X5.6275 Y-3.4058 Z0.3221
X5.6031 Y-3.3916 Z0.3222
X5.5888 Y-3.3827 Z0.3221
X5.5655 Y-3.3683
X5.5578 Y-3.3635 Z0.3222
X5.55 Y-3.3584 Z0.3221
X5.5113 Y-3.3328
X5.4959 Y-3.3219
X5.4726 Y-3.3055
X5.4632 Y-3.2988 Z0.3222
X5.4323 Y-3.2756 Z0.3221
X5.4184 Y-3.2651
X5.3952 Y-3.2466
X5.3797 Y-3.2342 Z0.3222
X5.372 Y-3.2278 Z0.3221
X5.341 Y-3.2016
X5.3333 Y-3.1949 Z0.3222
X5.3023 Y-3.1671 Z0.3221
X5.2941 Y-3.1596 Z0.3222
X5.2791 Y-3.1454 Z0.3221
X5.2535 Y-3.121 Z0.3222
X5.2458 Y-3.1133 Z0.3221
X5.2153 Y-3.0823 Z0.3222
X5.208 Y-3.0746 Z0.3221
X5.1792 Y-3.0437 Z0.3222
X5.1707 Y-3.0342 Z0.3221
X5.1451 Y-3.005
X5.1384 Y-2.9973
X5.1088 Y-2.9615
X5.1064 Y-2.9586
X5.0933 Y-2.9419
X5.0762 Y-2.92
X5.07 Y-2.9122
X5.0637 Y-2.9045
X5.0623 Y-2.9029 Z0.322
X5.0567 Y-2.8968 Z0.3221
X5.0546 Y-2.8945 Z0.322
X5.0491 Y-2.889
X5.0468 Y-2.8869 Z0.3221
X5.0406 Y-2.8813 Z0.322
X5.0391 Y-2.88
X5.0309 Y-2.8736
X5.0236 Y-2.8683 Z0.3221
X5.0159 Y-2.8632 Z0.322
X5.0072 Y-2.8581 Z0.3221
X5.0004 Y-2.8545
X4.9919 Y-2.8504
X4.9849 Y-2.8474
X4.9771 Y-2.8444 Z0.322
X4.972 Y-2.8427 Z0.3221
X4.9694 Y-2.8418
X4.9617 Y-2.8395 Z0.322
X4.9539 Y-2.8376 Z0.3221
X4.9462 Y-2.8359 Z0.322
X4.9384 Y-2.8346 Z0.3221
X4.9307 Y-2.8336 Z0.322
X4.9229 Y-2.8329 Z0.3221
X4.9152 Y-2.8324
X4.9075 Y-2.8323
X4.8997 Y-2.8324
X4.892 Y-2.8329
X4.8842 Y-2.8336 Z0.322
X4.8751 Y-2.8349 Z0.3221
X4.8688 Y-2.836 Z0.322
X4.861 Y-2.8377 Z0.3221
X4.8533 Y-2.8397 Z0.322
X4.8455 Y-2.842 Z0.3221
X4.8433 Y-2.8427 Z0.322
X4.8378 Y-2.8446 Z0.3221
X4.83 Y-2.8476
X4.8223 Y-2.851
X4.8146 Y-2.8546 Z0.322
X4.8068 Y-2.8589 Z0.3221
X4.7913 Y-2.8676
X4.7759 Y-2.8764 Z0.3222
X4.7667 Y-2.8813 Z0.3221
X4.7449 Y-2.8923 Z0.3222
X4.7349 Y-2.8968 Z0.3221
X4.7173 Y-2.9045
X4.7139 Y-2.9059 Z0.3222
X4.6975 Y-2.9122 Z0.3221
X4.6907 Y-2.9148
X4.6829 Y-2.9177 Z0.3222
X4.6752 Y-2.9202 Z0.3221
X4.6597 Y-2.9251 Z0.3222
X4.6513 Y-2.9277
X4.6365 Y-2.9317 Z0.3221
X4.6288 Y-2.9337
X4.621 Y-2.9357 Z0.3222
X4.6055 Y-2.939 Z0.3221
X4.59 Y-2.9422 Z0.3222
X4.5823 Y-2.9435 Z0.3221
X4.5668 Y-2.9459
X4.5591 Y-2.947 Z0.3222
X4.5513 Y-2.9479
X4.5359 Y-2.9495 Z0.3221
X4.5281 Y-2.9503 Z0.3222
X4.5192 Y-2.9509
X4.4971 Y-2.952 Z0.3221
X4.4894 Y-2.9523
X4.4662 Y-2.9521
X4.4584 Y-2.952
X4.4429 Y-2.9512
X4.4352 Y-2.9507
X4.4275 Y-2.9502 Z0.3222
X4.412 Y-2.9486 Z0.3221
X4.4042 Y-2.9478
X4.3965 Y-2.9469 Z0.3222
X4.3888 Y-2.9458
X4.3727 Y-2.9432 Z0.3221
X4.3655 Y-2.942 Z0.3222
X4.3578 Y-2.9405
X4.3423 Y-2.9371 Z0.3221
X4.3346 Y-2.9354 Z0.3222
X4.3268 Y-2.9336
X4.3113 Y-2.9294 Z0.3221
X4.3036 Y-2.9272
X4.2958 Y-2.9249 Z0.3222
X4.2881 Y-2.9224 Z0.3221
X4.2726 Y-2.9173 Z0.3222
X4.2649 Y-2.9145
X4.2571 Y-2.9115 Z0.3221
X4.2392 Y-2.9045 Z0.3222
X4.2339 Y-2.9023 Z0.3221
X4.2184 Y-2.8953
X4.2107 Y-2.8918 Z0.3222
X4.205 Y-2.889
X4.1875 Y-2.88 Z0.3221
X4.1797 Y-2.8759 Z0.3222
X4.172 Y-2.8716 Z0.3221
X4.1565 Y-2.8625
X4.1488 Y-2.8578 Z0.3222
X4.1374 Y-2.8504 Z0.3221
X4.1257 Y-2.8427 Z0.3222
X4.1178 Y-2.8371 Z0.3221
X4.1023 Y-2.8257
X4.0942 Y-2.8195 Z0.3222
X4.0791 Y-2.8071 Z0.3221
X4.0713 Y-2.8007 Z0.3222
X4.0636 Y-2.7937 Z0.3221
X4.0558 Y-2.7866
X4.0481 Y-2.7795 Z0.3222
X4.0404 Y-2.7718 Z0.3221
X4.0326 Y-2.764
X4.0249 Y-2.756 Z0.3222
X4.0171 Y-2.7475 Z0.3221
X4.0056 Y-2.7344
X4.0017 Y-2.7299 Z0.3222
X3.9929 Y-2.719 Z0.3221
X3.9862 Y-2.7105 Z0.3222
X3.9808 Y-2.7035
X3.9752 Y-2.6958 Z0.3221
X3.9696 Y-2.688
X3.9629 Y-2.6785 Z0.3222
X3.9591 Y-2.6726 Z0.3221
X3.9492 Y-2.6571
X3.9444 Y-2.6494 Z0.3222
X3.9397 Y-2.6412 Z0.3221
X3.9313 Y-2.6262 Z0.3222
X3.9272 Y-2.6185 Z0.3221
X3.9156 Y-2.5953
X3.9121 Y-2.5875
X3.901 Y-2.5622
X3.8985 Y-2.5566
X3.8949 Y-2.5489
X3.8907 Y-2.5411
X3.8855 Y-2.5325
X3.8812 Y-2.5257
X3.8755 Y-2.5179
X3.8694 Y-2.5102
X3.8623 Y-2.5021 Z0.322
X3.8546 Y-2.4942 Z0.3221
X3.8468 Y-2.487
X3.8391 Y-2.4805
X3.8313 Y-2.4747
X3.8268 Y-2.4716 Z0.322
X3.8236 Y-2.4695 Z0.3221
X3.8158 Y-2.4646
X3.8146 Y-2.4638 Z0.322
X3.8081 Y-2.4603 Z0.3221
X3.7998 Y-2.4561
X3.7926 Y-2.4529
X3.7849 Y-2.4498
X3.7771 Y-2.447
X3.7694 Y-2.4446
X3.7617 Y-2.4425 Z0.322
X3.7534 Y-2.4406 Z0.3221
X3.7462 Y-2.4392 Z0.322
X3.7384 Y-2.4381 Z0.3221
X3.7307 Y-2.4372 Z0.322
X3.7229 Y-2.4367 Z0.3221
X3.7152 Y-2.4363
X3.7075 Y-2.4364
X3.6997 Y-2.4367 Z0.322
X3.692 Y-2.4374 Z0.3221
X3.6842 Y-2.4383 Z0.322
X3.6765 Y-2.4395 Z0.3221
X3.6687 Y-2.441 Z0.322
X3.661 Y-2.4429 Z0.3221
X3.6533 Y-2.445 Z0.322
X3.6455 Y-2.4475 Z0.3221
X3.6429 Y-2.4484
X3.6378 Y-2.4503
X3.63 Y-2.4535
X3.6223 Y-2.4568
X3.5526 Y-2.4883
X3.5294 Y-2.4989
X3.4326 Y-2.5411
X3.4055 Y-2.5526
X3.3281 Y-2.5852
X3.2352 Y-2.6228
X3.2197 Y-2.629
X3.1268 Y-2.6652
X3.0804 Y-2.6827
X3.0246 Y-2.7035
X2.9952 Y-2.7141
X2.9171 Y-2.7422
X2.8171 Y-2.7766
X2.7165 Y-2.8097
X2.6933 Y-2.8171
X2.6081 Y-2.8439
X2.5075 Y-2.8741
X2.4824 Y-2.8813
X2.3991 Y-2.9051
X2.2984 Y-2.9324
X2.2829 Y-2.9365
X2.19 Y-2.9603
X2.1436 Y-2.9717
X2.0816 Y-2.9867
X1.981 Y-3.0097
X1.9655 Y-3.0131
X1.8726 Y-3.033
X1.8339 Y-3.0409
X1.772 Y-3.0533
X1.7642 Y-3.0549
X1.7565 Y-3.0567
X1.7463 Y-3.0591 Z0.322
X1.741 Y-3.0607 Z0.3221
X1.7333 Y-3.0632 Z0.322
X1.7235 Y-3.0669 Z0.3221
X1.7178 Y-3.0693
X1.71 Y-3.0729
X1.7067 Y-3.0746 Z0.322
X1.7023 Y-3.077 Z0.3221
X1.693 Y-3.0823 Z0.322
X1.6868 Y-3.0864 Z0.3221
X1.6814 Y-3.0901 Z0.322
X1.6791 Y-3.0918 Z0.3221
X1.6713 Y-3.0978
X1.6624 Y-3.1055
X1.6558 Y-3.1118 Z0.322
X1.6481 Y-3.1199
X1.6403 Y-3.1291
X1.6348 Y-3.1365 Z0.3221
X1.6294 Y-3.1442
X1.6246 Y-3.1519
X1.6202 Y-3.1596
X1.6163 Y-3.1674
X1.6128 Y-3.1751
X1.6094 Y-3.1832 Z0.322
X1.6068 Y-3.1906 Z0.3221
X1.6043 Y-3.1983 Z0.322
X1.6016 Y-3.2081 Z0.3221
X1.6003 Y-3.2138
X1.5959 Y-3.237
X1.5939 Y-3.247 Z0.3222
X1.5926 Y-3.2524
X1.5905 Y-3.2602 Z0.3221
X1.5884 Y-3.2679 Z0.3222
X1.586 Y-3.2756
X1.5833 Y-3.2833 Z0.3221
X1.5804 Y-3.2911 Z0.3222
X1.5784 Y-3.2964
X1.5707 Y-3.3136 Z0.3221
X1.5664 Y-3.322 Z0.3222
X1.5621 Y-3.3297 Z0.3221
X1.5577 Y-3.3375 Z0.3223
X1.5529 Y-3.3452 Z0.3221
X1.5474 Y-3.3534 Z0.3222
X1.5424 Y-3.3607
X1.5365 Y-3.3684 Z0.3221
X1.5303 Y-3.3761 Z0.3222
X1.5235 Y-3.3839
X1.5087 Y-3.4002 Z0.3221
X1.5026 Y-3.407 Z0.322
X1.501 Y-3.409 Z0.3221
X1.4964 Y-3.4148
X1.4933 Y-3.419 Z0.322
X1.4909 Y-3.4225 Z0.3221
X1.4855 Y-3.4306 Z0.322
X1.4812 Y-3.438 Z0.3221
X1.4778 Y-3.4441 Z0.322
X1.4769 Y-3.4457 Z0.3221
X1.4732 Y-3.4534
X1.4698 Y-3.4612
X1.4669 Y-3.4689
X1.4643 Y-3.4766
X1.4619 Y-3.4844
X1.46 Y-3.4921
X1.4583 Y-3.4998 Z0.322
X1.457 Y-3.5076 Z0.3221
X1.4559 Y-3.5153
X1.4552 Y-3.523
X1.4546 Y-3.5307
X1.4545 Y-3.5329
Y-3.5393
X1.4546 Y-3.5462
X1.4551 Y-3.5539
X1.4558 Y-3.5617 Z0.322
X1.4569 Y-3.5694 Z0.3221
X1.4581 Y-3.5771 Z0.322
X1.4598 Y-3.5849 Z0.3221
X1.4617 Y-3.5926 Z0.322
X1.4623 Y-3.5948
X1.464 Y-3.6003 Z0.3221
X1.4665 Y-3.6081 Z0.322
X1.47 Y-3.617 Z0.3221
X1.4728 Y-3.6235
X1.4766 Y-3.6313
X1.4778 Y-3.6336
X1.4806 Y-3.639
X1.4855 Y-3.6471 Z0.322
X1.4903 Y-3.6545 Z0.3221
X1.4957 Y-3.6622
X1.502 Y-3.6699
X1.5088 Y-3.6776
X1.5165 Y-3.6856 Z0.322
X1.5247 Y-3.6931 Z0.3221
X1.532 Y-3.6992
X1.5397 Y-3.7052
X1.5474 Y-3.7104
X1.5552 Y-3.7152
X1.5629 Y-3.7195
X1.572 Y-3.724
X1.5784 Y-3.727
X1.5862 Y-3.7301
X1.5939 Y-3.733 Z0.322
X1.6016 Y-3.7353 Z0.3221
X1.6094 Y-3.7374 Z0.322
X1.6187 Y-3.7395 Z0.3221
X1.6249 Y-3.7407 Z0.322
X1.6326 Y-3.7418 Z0.3221
X1.6403 Y-3.7427 Z0.322
X1.6481 Y-3.7433 Z0.3221
X1.6558 Y-3.7437
X1.6603 Y-3.7439
X1.6658 Z0.3219
X1.6714 Y-3.7436 Z0.3214
X1.6768 Y-3.7431 Z0.3207
X1.6823 Y-3.7425 Z0.3196
X1.6877 Y-3.7417 Z0.3184
X1.6931 Y-3.7408 Z0.3171
X1.7037 Y-3.739 Z0.3142
X1.7144 Y-3.7371 Z0.3113
X1.7197 Y-3.7363 Z0.3099
X1.7252 Y-3.7356 Z0.3087
X1.7306 Y-3.735 Z0.3077
X1.7361 Y-3.7346 Z0.3069
X1.7416 Y-3.7344 Z0.3064
X1.7472 Z0.3062
X1.7874 Y-3.7356
X1.9191 Y-3.741
X2.012 Y-3.7458
X2.0584 Y-3.7483
X2.1513 Y-3.7541
X2.19 Y-3.7566
X2.2597 Y-3.7617
X2.3216 Y-3.7664
X2.3604 Y-3.7696
X2.4223 Y-3.7749
X2.4533 Y-3.7776
X2.4842 Y-3.7805
X2.5402 Y-3.7859
X2.5849 Y-3.7903
X2.6236 Y-3.7943
X2.67 Y-3.7993
X2.7242 Y-3.8053
X2.7573 Y-3.8091
X2.8016 Y-3.8143
X2.8558 Y-3.8209
X2.8868 Y-3.8248
X2.9255 Y-3.8298
X2.9875 Y-3.8381
X3.0262 Y-3.8434
X3.0572 Y-3.8477
X3.1191 Y-3.8566
X3.1578 Y-3.8624
X3.1887 Y-3.8671
X3.2584 Y-3.8779
X3.2971 Y-3.8841
X3.3204 Y-3.8879
X3.39 Y-3.8996
X3.4287 Y-3.9062
X3.452 Y-3.9102
X3.5294 Y-3.9241
X3.5681 Y-3.9311
X3.6533 Y-3.9473
X3.6983 Y-3.956
X3.7926 Y-3.975
X3.8313 Y-3.9829
X3.9397 Y-4.0061
X3.9629 Y-4.0111
X4.0791 Y-4.0373
X4.0868 Y-4.039 Z0.3061
X4.0968 Y-4.041
X4.1023 Y-4.042
X4.11 Y-4.0432
X4.1178 Y-4.0441
X4.1255 Y-4.0446
X4.1333 Y-4.0448 Z0.3062
X4.141 Y-4.0447 Z0.3061
X4.1488 Y-4.0442
X4.1565 Y-4.0435
X4.1642 Y-4.0424
X4.1722 Y-4.041
X4.1797 Y-4.0394 Z0.306
X4.1875 Y-4.0373 Z0.3061
X4.1952 Y-4.0349
X4.2029 Y-4.0322
X4.2107 Y-4.029
X4.2184 Y-4.0255
X4.2262 Y-4.0215
X4.2327 Y-4.0178
X4.2417 Y-4.0122
X4.2447 Y-4.0101
X4.2494 Y-4.0067
X4.255 Y-4.0024
X4.2571 Y-4.0006
X4.2649 Y-3.9939 Z0.306
X4.2726 Y-3.9863
X4.2793 Y-3.9792
X4.2857 Y-3.9714 Z0.3061
X4.2881 Y-3.9683
X4.2915 Y-3.9637
X4.2958 Y-3.9573
X4.3014 Y-3.9482
X4.3036 Y-3.9444
X4.3056 Y-3.9405
X4.3094 Y-3.9328
X4.3127 Y-3.925 Z0.3062
X4.3224 Y-3.9019 Z0.3063
X4.3268 Y-3.892
X4.3295 Y-3.8864 Z0.3062
X4.3346 Y-3.8763
X4.3373 Y-3.8709 Z0.3063
X4.3423 Y-3.8619
X4.3461 Y-3.8555 Z0.3062
X4.3507 Y-3.8477 Z0.3063
X4.3556 Y-3.84
X4.3608 Y-3.8323 Z0.3062
X4.3661 Y-3.8245 Z0.3063
X4.3717 Y-3.8168
X4.381 Y-3.8048 Z0.3062
X4.3838 Y-3.8013
X4.3903 Y-3.7936
X4.3971 Y-3.7859 Z0.3063
X4.4043 Y-3.7782
X4.412 Y-3.7703 Z0.3062
X4.4197 Y-3.7627 Z0.3063
X4.4281 Y-3.755
X4.4352 Y-3.7487 Z0.3062
X4.4461 Y-3.7395
X4.4507 Y-3.7358 Z0.3061
X4.4662 Y-3.7243 Z0.3063
X4.4739 Y-3.7188 Z0.3062
X4.4817 Y-3.7138
X4.4899 Y-3.7086 Z0.3063
X4.4971 Y-3.7042
X4.5049 Y-3.6998 Z0.3062
X4.5172 Y-3.6931 Z0.3063
X4.5204 Y-3.6914 Z0.3062
X4.5281 Y-3.6877
X4.5359 Y-3.684 Z0.3063
X4.5436 Y-3.6805 Z0.3062
X4.5513 Y-3.6772
X4.5591 Y-3.6741
X4.5703 Y-3.6699 Z0.3063
X4.5823 Y-3.6659 Z0.3062
X4.59 Y-3.6634 Z0.3063
X4.5978 Y-3.6611
X4.6055 Y-3.659 Z0.3062
X4.6133 Y-3.6571
X4.621 Y-3.6553 Z0.3063
X4.6288 Y-3.6536
X4.6365 Y-3.6521
X4.6442 Y-3.6508
X4.652 Y-3.6495
X4.6597 Y-3.6485 Z0.3062
X4.6675 Y-3.6476
X4.6756 Y-3.6467 Z0.3063
X4.6829 Y-3.6461
X4.6907 Y-3.6456 Z0.3062
X4.6984 Y-3.6453
X4.7062 Y-3.645 Z0.3063
X4.7139 Y-3.6449 Z0.3062
X4.7217 Y-3.645
X4.7294 Y-3.6452 Z0.3063
X4.7371 Y-3.6456
X4.7449 Y-3.6461 Z0.3062
X4.7526 Y-3.6467
X4.7604 Y-3.6475 Z0.3063
X4.7681 Y-3.6484
X4.7759 Y-3.6494 Z0.3062
X4.7836 Y-3.6506
X4.7913 Y-3.652 Z0.3063
X4.8033 Y-3.6545 Z0.3062
X4.8146 Y-3.6569 Z0.3063
X4.8223 Y-3.6589
X4.8341 Y-3.6622 Z0.3062
X4.8455 Y-3.6657 Z0.3063
X4.858 Y-3.6699 Z0.3062
X4.8688 Y-3.6739 Z0.3063
X4.878 Y-3.6776
X4.8842 Y-3.6803 Z0.3062
X4.892 Y-3.6837
X4.8956 Y-3.6854 Z0.3063
X4.9075 Y-3.6912 Z0.3062
X4.9152 Y-3.6952
X4.9254 Y-3.7008 Z0.3063
X4.9307 Y-3.704 Z0.3062
X4.9384 Y-3.7086
X4.9462 Y-3.7135 Z0.3063
X4.9505 Y-3.7163
X4.9539 Y-3.7186
X4.9617 Y-3.724 Z0.3062
X4.9694 Y-3.7296 Z0.3063
X4.9771 Y-3.7355
X4.9849 Y-3.7417 Z0.3062
X4.9926 Y-3.7482 Z0.3063
X5.0004 Y-3.7551
X5.0086 Y-3.7627
X5.0165 Y-3.7704
X5.0241 Y-3.7782
X5.0313 Y-3.786
X5.0391 Y-3.7948
X5.0446 Y-3.8013 Z0.3062
X5.0468 Y-3.8041 Z0.3063
X5.0546 Y-3.814
X5.0623 Y-3.8246
X5.0677 Y-3.8323
X5.0728 Y-3.84
X5.0778 Y-3.8479 Z0.3062
X5.0824 Y-3.8555 Z0.3063
X5.0867 Y-3.8632
X5.0933 Y-3.8752
X5.0989 Y-3.8864
X5.1025 Y-3.8941 Z0.3062
X5.106 Y-3.9019
X5.1092 Y-3.9096 Z0.3063
X5.1123 Y-3.9173 Z0.3062
X5.1165 Y-3.9284
X5.118 Y-3.9328 Z0.3063
X5.1206 Y-3.9405
X5.1242 Y-3.9524 Z0.3062
X5.1253 Y-3.956 Z0.3063
X5.1274 Y-3.9637
X5.1293 Y-3.9714
X5.1311 Y-3.9792
X5.1328 Y-3.9869
X5.1342 Y-3.9946 Z0.3062
X5.1356 Y-4.0024
X5.1369 Y-4.0101 Z0.3063
X5.1379 Y-4.0178
X5.1388 Y-4.0256 Z0.3062
X5.1403 Y-4.041 Z0.3063
X5.1408 Y-4.0487 Z0.3062
X5.1413 Y-4.0642
X5.1415 Y-4.0719
X5.1413 Y-4.0797
X5.1408 Y-4.0951
X5.1403 Y-4.1029
X5.1396 Y-4.1106
X5.1373 Y-4.1338
X5.1366 Y-4.1415 Z0.3061
X5.1363 Y-4.1493
X5.1362 Y-4.157 Z0.3062
X5.1365 Y-4.1647 Z0.3061
X5.1371 Y-4.1724
X5.138 Y-4.1802
X5.1392 Y-4.1879 Z0.306
X5.1407 Y-4.1956
X5.1426 Y-4.2034 Z0.3061
X5.1449 Y-4.2111
X5.1475 Y-4.219
X5.1503 Y-4.2266
X5.1537 Y-4.2343
X5.1552 Y-4.2375
X5.1574 Y-4.242
X5.163 Y-4.252
X5.1664 Y-4.2575
X5.1707 Y-4.2641
X5.1784 Y-4.2744 Z0.306
X5.1837 Y-4.2807 Z0.3061
X5.1862 Y-4.2835
X5.1908 Y-4.2884
X5.1939 Y-4.2916
X5.1988 Y-4.2961
X5.2017 Y-4.2988
X5.2077 Y-4.3039
X5.2171 Y-4.311
X5.2249 Y-4.3163
X5.2299 Y-4.3193
X5.2326 Y-4.321
X5.2404 Y-4.3252
X5.2441 Y-4.3271
X5.2481 Y-4.329
X5.2559 Y-4.3323
X5.2636 Y-4.3353
X5.2713 Y-4.3379 Z0.306
X5.2791 Y-4.3401 Z0.3061
X5.2868 Y-4.342
X5.2946 Y-4.3436
X5.3023 Y-4.345
X5.3642 Y-4.3545 Z0.3062
X5.3797 Y-4.3567
X5.4417 Y-4.3649 Z0.3061
X5.5113 Y-4.3727 Z0.3062
X5.5268 Y-4.3742
X5.581 Y-4.3792
X5.5965 Y-4.3804
X5.6584 Y-4.3848
X5.7281 Y-4.3885
X5.7978 Y-4.3907
X5.8133 Y-4.391
X5.8752 Y-4.3917
X5.9449 Y-4.3912
X5.9913 Y-4.3899
X6.0146 Y-4.3892
X6.0234 Y-4.3889
X6.092 Y-4.3856 Z0.3061
X6.157 Y-4.3812 Z0.3062
X6.1694 Y-4.3802
X6.2313 Y-4.3747 Z0.3061
X6.2468 Y-4.3732 Z0.3062
X6.301 Y-4.3673
X6.3088 Y-4.3664 Z0.3061
X6.3707 Y-4.3585 Z0.3062
X6.3784 Y-4.3574 Z0.3061
X6.4404 Y-4.3483 Z0.3062
X6.4481 Y-4.3471 Z0.3061
X6.4559 Y-4.3456
X6.4636 Y-4.3441
X6.4713 Y-4.3421
X6.4791 Y-4.3398
X6.4868 Y-4.3371
X6.4929 Y-4.3348
X6.5023 Y-4.3307
X6.5101 Y-4.3268
X6.5178 Y-4.3225
X6.5255 Y-4.3177
X6.5333 Y-4.3124
X6.541 Y-4.3065
X6.5442 Y-4.3039
X6.5488 Y-4.3
X6.5529 Y-4.2961
X6.5565 Y-4.2926
X6.5606 Y-4.2884
X6.5642 Y-4.2844
X6.5675 Y-4.2807
X6.572 Y-4.2752
X6.5737 Y-4.273
X6.5797 Y-4.2646
X6.5843 Y-4.2575
X6.5875 Y-4.2522
X6.5929 Y-4.242
X6.5952 Y-4.2372
X6.5998 Y-4.2266
X6.603 Y-4.2177
X6.605 Y-4.2111
X6.6072 Y-4.2034
X6.6089 Y-4.1956
X6.6104 Y-4.1879 Z0.306
X6.6115 Y-4.1802 Z0.3061
X6.6123 Y-4.1724
X6.6128 Y-4.1647
X6.613 Y-4.157 Z0.3062
X6.6129 Y-4.1493 Z0.3061
X6.6124 Y-4.1415
X6.6117 Y-4.1338
X6.6106 Y-4.1261
X6.6092 Y-4.1183
X6.6075 Y-4.1106
X6.6054 Y-4.1029
X6.603 Y-4.0951
X6.6003 Y-4.0874
X6.5919 Y-4.0642 Z0.3062
X6.5892 Y-4.0565 Z0.3063
X6.5866 Y-4.0487
X6.5819 Y-4.0333 Z0.3062
X6.5775 Y-4.0178 Z0.3063
X6.5737 Y-4.0024 Z0.3062
X6.5718 Y-3.9946 Z0.3063
X6.5685 Y-3.9792 Z0.3062
X6.5655 Y-3.9637
X6.5642 Y-3.956
X6.563 Y-3.9482
X6.5609 Y-3.9328
X6.5599 Y-3.925 Z0.3063
X6.5584 Y-3.9096 Z0.3062
X6.5572 Y-3.8941 Z0.3063
X6.5565 Y-3.8808 Z0.3062
X6.5558 Y-3.8555
X6.5556 Y-3.8477
X6.5552 Y-3.84 Z0.3061
X6.5544 Y-3.8323
X6.5533 Y-3.8245
X6.5519 Y-3.8168
X6.5502 Y-3.8091
X6.5482 Y-3.8013 Z0.306
X6.5458 Y-3.7936 Z0.3061
X6.543 Y-3.7859
X6.541 Y-3.7809
X6.5399 Y-3.7782
X6.5363 Y-3.7704
X6.5323 Y-3.7627
X6.5279 Y-3.755
X6.523 Y-3.7472
X6.5175 Y-3.7395
X6.5114 Y-3.7318 Z0.3062
X6.5046 Y-3.724 Z0.3061
X6.4971 Y-3.7163
X6.4946 Y-3.7139
X6.4868 Y-3.707
X6.479 Y-3.7008
X6.4713 Y-3.6953
X6.4636 Y-3.6903
X6.455 Y-3.6854
X6.4481 Y-3.6818
X6.439 Y-3.6776
X6.4326 Y-3.675
X6.4249 Y-3.6722
X6.4172 Y-3.6698
X6.4094 Y-3.6677
X6.4017 Y-3.666
X6.3939 Y-3.6645
X6.3862 Y-3.6634
X6.3763 Y-3.6622 Z0.3062
X6.332 Y-3.6571
X6.3088 Y-3.6538
X6.2778 Y-3.6493
X6.2546 Y-3.6455
X6.2313 Y-3.6414
X6.2159 Y-3.6385
X6.2004 Y-3.6354
X6.1771 Y-3.6307
X6.1617 Y-3.6273
X6.1452 Y-3.6235
X6.123 Y-3.6182
X6.1075 Y-3.6144
X6.0997 Y-3.6125
X6.0688 Y-3.6041
X6.0533 Y-3.5999
X6.0288 Y-3.5926
X6.0032 Y-3.5849
X5.9836 Y-3.5785
X5.9526 Y-3.5682
X5.9371 Y-3.5626
X5.9062 Y-3.5514
X5.8907 Y-3.5454
X5.8675 Y-3.5363
X5.852 Y-3.5301
X5.8352 Y-3.523
X5.8133 Y-3.5136
X5.7978 Y-3.5068
X5.7823 Y-3.4998
X5.7591 Y-3.4889
X5.7436 Y-3.4815
X5.7337 Y-3.4766
X5.7032 Y-3.4612
X5.6883 Y-3.4534
X5.6507 Y-3.433
X5.643 Y-3.4287
X5.6042 Y-3.4063
X5.5926 Y-3.3993
X5.5655 Y-3.3826
X5.5552 Y-3.3761
X5.5423 Y-3.3678
X5.5268 Y-3.3576
X5.5082 Y-3.3452
X5.4959 Y-3.3367
X5.4804 Y-3.3259
X5.464 Y-3.3143
X5.4494 Y-3.3036
X5.4262 Y-3.2862
X5.4107 Y-3.2744
X5.4024 Y-3.2679
X5.3797 Y-3.2497
X5.364 Y-3.237
X5.3333 Y-3.2109
X5.3255 Y-3.2042
X5.3017 Y-3.1828
X5.2868 Y-3.1694
X5.2683 Y-3.1519
X5.2521 Y-3.1365
X5.2404 Y-3.1249
X5.2249 Y-3.1094
X5.2135 Y-3.0978
X5.2017 Y-3.0855
X5.1914 Y-3.0746 Z0.3063
X5.177 Y-3.0591 Z0.3062
X5.163 Y-3.0437
X5.1475 Y-3.0262
X5.132 Y-3.0083
X5.1226 Y-2.9973
X5.101 Y-2.9711
X5.0933 Y-2.9616
X5.0623 Y-2.9219 Z0.3061
X5.0545 Y-2.9122
X5.0468 Y-2.9038
X5.0391 Y-2.8962
X5.031 Y-2.889
X5.0236 Y-2.8831
X5.0159 Y-2.8776
X5.0081 Y-2.8726
X5.0004 Y-2.8681
X4.9962 Y-2.8659
X4.9926 Y-2.8641
X4.9849 Y-2.8605
X4.9792 Y-2.8581
X4.9694 Y-2.8545
X4.9617 Y-2.8521
X4.9555 Y-2.8504
X4.9462 Y-2.8483
X4.9384 Y-2.8469
X4.9307 Y-2.8457
X4.9229 Y-2.845
X4.9152 Y-2.8445
X4.9075 Y-2.8443
X4.8997 Y-2.8445
X4.892 Y-2.845
X4.8842 Y-2.8458
X4.8765 Y-2.8469
X4.8688 Y-2.8483
X4.8599 Y-2.8504
X4.8533 Y-2.8522
X4.8455 Y-2.8546
X4.8361 Y-2.8581
X4.83 Y-2.8607
X4.8191 Y-2.8659
X4.8068 Y-2.8727 Z0.3062
X4.7913 Y-2.8816
X4.7836 Y-2.886 Z0.3063
X4.7759 Y-2.8902 Z0.3062
X4.7681 Y-2.8942
X4.7604 Y-2.8981
X4.7473 Y-2.9045
X4.7294 Y-2.9124
X4.7217 Y-2.9158
X4.7113 Y-2.92
X4.6984 Y-2.9249
X4.6907 Y-2.9277
X4.6829 Y-2.9304 Z0.3063
X4.6674 Y-2.9354 Z0.3062
X4.6597 Y-2.9378 Z0.3063
X4.652 Y-2.9401
X4.6407 Y-2.9432 Z0.3062
X4.6288 Y-2.9462 Z0.3063
X4.621 Y-2.9481
X4.608 Y-2.9509 Z0.3062
X4.59 Y-2.9544 Z0.3063
X4.5746 Y-2.9569 Z0.3062
X4.5634 Y-2.9586 Z0.3063
X4.5513 Y-2.9601
X4.5359 Y-2.9617 Z0.3062
X4.5281 Y-2.9624
X4.5204 Y-2.963
X4.4971 Y-2.9641
X4.4894 Y-2.9643
X4.4817 Y-2.9644
X4.4662 Y-2.9643
X4.4584 Y-2.9641
X4.4507 Y-2.9638
X4.4352 Y-2.9629
X4.4275 Y-2.9623 Z0.3063
X4.412 Y-2.9609 Z0.3062
X4.4042 Y-2.96
X4.3933 Y-2.9586
X4.381 Y-2.9568
X4.3655 Y-2.9542
X4.3578 Y-2.9528 Z0.3063
X4.3423 Y-2.9495 Z0.3062
X4.3346 Y-2.9478
X4.3268 Y-2.946
X4.3158 Y-2.9432
X4.3036 Y-2.9398
X4.2958 Y-2.9376
X4.2881 Y-2.9352
X4.2726 Y-2.93
X4.2649 Y-2.9274 Z0.3063
X4.2571 Y-2.9245 Z0.3062
X4.2417 Y-2.9185 Z0.3063
X4.2339 Y-2.9154 Z0.3062
X4.2262 Y-2.9121
X4.2095 Y-2.9045
X4.2029 Y-2.9015 Z0.3063
X4.1875 Y-2.8937 Z0.3062
X4.1786 Y-2.889 Z0.3063
X4.1646 Y-2.8813 Z0.3062
X4.1488 Y-2.872
X4.141 Y-2.8672 Z0.3063
X4.1333 Y-2.8622 Z0.3062
X4.1255 Y-2.8571
X4.1178 Y-2.8519 Z0.3063
X4.11 Y-2.8465 Z0.3062
X4.0944 Y-2.8349
X4.0868 Y-2.8291
X4.0713 Y-2.8165
X4.0657 Y-2.8117 Z0.3063
X4.0558 Y-2.8031 Z0.3062
X4.0481 Y-2.796
X4.0401 Y-2.7885 Z0.3063
X4.0322 Y-2.7808 Z0.3062
X4.0246 Y-2.7731
X4.0171 Y-2.7653 Z0.3063
X4.0094 Y-2.757 Z0.3062
X4.0017 Y-2.7484
X3.9962 Y-2.7422
X3.9897 Y-2.7344
X3.9784 Y-2.7203
X3.9707 Y-2.7102 Z0.3063
X3.9603 Y-2.6958 Z0.3062
X3.9549 Y-2.688 Z0.3063
X3.9475 Y-2.677 Z0.3062
X3.9397 Y-2.6648
X3.935 Y-2.6571
X3.9305 Y-2.6494
X3.9217 Y-2.6339
X3.9165 Y-2.6241
X3.9087 Y-2.6088
X3.9059 Y-2.603
X3.901 Y-2.5925
X3.8922 Y-2.5721
X3.8852 Y-2.5566 Z0.3061
X3.8812 Y-2.5489
X3.8778 Y-2.5429
X3.8718 Y-2.5334
X3.8663 Y-2.5257
X3.8623 Y-2.5205
X3.8602 Y-2.5179
X3.8546 Y-2.5115 Z0.306
X3.8534 Y-2.5102 Z0.3061
X3.8459 Y-2.5025
X3.8391 Y-2.4962
X3.8313 Y-2.4897
X3.8278 Y-2.487
X3.8236 Y-2.484
X3.8158 Y-2.4788
X3.8081 Y-2.4741
X3.8004 Y-2.4699
X3.7926 Y-2.4661
X3.7849 Y-2.4627
X3.7771 Y-2.4598
X3.7694 Y-2.4572
X3.7617 Y-2.455
X3.7539 Y-2.4531
X3.7462 Y-2.4515
X3.7384 Y-2.4503
X3.7307 Y-2.4493
X3.7229 Y-2.4487
X3.7152 Y-2.4484 Z0.3062
X3.7075 Y-2.4485 Z0.3061
X3.6997 Y-2.4488
X3.692 Y-2.4495
X3.6842 Y-2.4505
X3.6765 Y-2.4517
X3.6687 Y-2.4534
X3.6583 Y-2.4561 Z0.306
X3.6533 Y-2.4577 Z0.3061
X3.6455 Y-2.4603
X3.6366 Y-2.4638 Z0.3062
X3.63 Y-2.4666 Z0.3061
X3.6068 Y-2.4771 Z0.3062
X3.5294 Y-2.5121
X3.4365 Y-2.5526
X3.421 Y-2.5592
X3.3353 Y-2.5953
X3.3126 Y-2.6045
X3.2275 Y-2.639
X3.1268 Y-2.6781
X3.0339 Y-2.7129
X3.0184 Y-2.7186
X2.9255 Y-2.752
X2.8558 Y-2.776
X2.8171 Y-2.7893
X2.7165 Y-2.8224
X2.6158 Y-2.8541
X2.5926 Y-2.8612
X2.5075 Y-2.8867
X2.4068 Y-2.9155
X2.3836 Y-2.9218
X2.2984 Y-2.9449
X2.2442 Y-2.9589
X2.19 Y-2.9728
X2.0891 Y-2.9973
X2.0739 Y-3.0009
X1.981 Y-3.0221
X1.9113 Y-3.0371
X1.8726 Y-3.0454
X1.772 Y-3.0657
X1.7642 Y-3.0673 Z0.3061
X1.7565 Y-3.0691
X1.7487 Y-3.071
X1.741 Y-3.0734
X1.7372 Y-3.0746
X1.7333 Y-3.0761
X1.7255 Y-3.0791
X1.7178 Y-3.0826
X1.71 Y-3.0865
X1.7023 Y-3.0908
X1.6945 Y-3.0957
X1.6914 Y-3.0978
X1.6868 Y-3.1011
X1.6791 Y-3.107
X1.6713 Y-3.1137
X1.6636 Y-3.1211 Z0.306
X1.6558 Y-3.1294 Z0.3061
X1.6499 Y-3.1365
X1.644 Y-3.1442
X1.6387 Y-3.1519
X1.634 Y-3.1596
X1.6326 Y-3.1621
X1.6298 Y-3.1674
X1.6259 Y-3.1751
X1.6249 Y-3.1775
X1.6226 Y-3.1828
X1.6196 Y-3.1906
X1.6169 Y-3.1983
X1.6147 Y-3.206
X1.6127 Y-3.2138
X1.6097 Y-3.2292 Z0.3062
X1.6083 Y-3.237
X1.6068 Y-3.2447 Z0.3063
X1.6051 Y-3.2524
X1.6016 Y-3.2655 Z0.3062
X1.601 Y-3.2679 Z0.3063
X1.5987 Y-3.2756
X1.5961 Y-3.2833 Z0.3062
X1.5934 Y-3.2911
X1.5904 Y-3.2988
X1.5862 Y-3.3088
X1.5837 Y-3.3143
X1.58 Y-3.322 Z0.3063
X1.5784 Y-3.3251
X1.576 Y-3.3297
X1.5707 Y-3.3393
X1.5672 Y-3.3452
X1.5623 Y-3.3529
X1.5572 Y-3.3607
X1.5552 Y-3.3636
X1.5517 Y-3.3684 Z0.3062
X1.5458 Y-3.3761
X1.5396 Y-3.3839 Z0.3063
X1.532 Y-3.3927
X1.5165 Y-3.4096 Z0.3061
X1.5119 Y-3.4148
X1.5087 Y-3.4186
X1.5057 Y-3.4225
X1.5002 Y-3.4302
X1.4951 Y-3.438
X1.4906 Y-3.4457
X1.4866 Y-3.4534
X1.4829 Y-3.4612
X1.4797 Y-3.4689
X1.4778 Y-3.4742
X1.4769 Y-3.4766
X1.4745 Y-3.4844
X1.4723 Y-3.4921
X1.4706 Y-3.4998
X1.4692 Y-3.5076
X1.4681 Y-3.5153
X1.4673 Y-3.523
X1.4667 Y-3.5307 Z0.3062
X1.4666 Y-3.5385
X1.4667 Y-3.5462 Z0.3061
X1.4673 Y-3.5555
X1.4679 Y-3.5617 Z0.306
X1.469 Y-3.5694 Z0.3061
X1.47 Y-3.5753
X1.4722 Y-3.5849
X1.4742 Y-3.5926
X1.4766 Y-3.6003
X1.4778 Y-3.6036
X1.4794 Y-3.6081
X1.4826 Y-3.6158
X1.4862 Y-3.6235
X1.4901 Y-3.6313
X1.4946 Y-3.639
X1.4996 Y-3.6467
X1.505 Y-3.6545
X1.5087 Y-3.6591
X1.5112 Y-3.6622
X1.5165 Y-3.6682
X1.5181 Y-3.6699
X1.5242 Y-3.6763 Z0.306
X1.532 Y-3.6835 Z0.3061
X1.5341 Y-3.6854
X1.5397 Y-3.6899
X1.5438 Y-3.6931
X1.5474 Y-3.6958
X1.5552 Y-3.701
X1.5629 Y-3.7058
X1.5679 Y-3.7086
X1.5707 Y-3.71
X1.5784 Y-3.7138
X1.5862 Y-3.7171
X1.5939 Y-3.7202
X1.6016 Y-3.7227
X1.6061 Y-3.724
X1.6094 Y-3.7249
X1.6171 Y-3.7268
X1.6249 Y-3.7284
X1.6326 Y-3.7296
X1.6403 Y-3.7306
X1.6481 Y-3.7312 Z0.3062
X1.6558 Y-3.7316 Z0.3061
X1.7023 Y-3.733 Z0.3062
X1.7472 Y-3.7344
X1.7527 Z0.306
X1.7583 Y-3.7342 Z0.3055
X1.7638 Y-3.7337 Z0.3047
X1.7692 Y-3.7331 Z0.3037
X1.7746 Y-3.7323 Z0.3025
X1.78 Y-3.7314 Z0.3012
X1.8013 Y-3.7276 Z0.2955
X1.8067 Y-3.7268 Z0.2942
X1.8121 Y-3.726 Z0.2931
X1.8175 Y-3.7254 Z0.2921
X1.823 Y-3.725 Z0.2913
X1.8286 Y-3.7248 Z0.2908
X1.8341 Y-3.7249 Z0.2906
X1.9113 Y-3.7281 Z0.2907
X1.9345 Y-3.7292 Z0.2906
X2.0429 Y-3.7348 Z0.2907
X2.0739 Y-3.7367 Z0.2906
X2.1745 Y-3.743 Z0.2907
X2.2055 Y-3.7452 Z0.2906
X2.3062 Y-3.7526 Z0.2907
X2.3371 Y-3.7551 Z0.2906
X2.43 Y-3.7629 Z0.2907
X2.4765 Y-3.7672 Z0.2906
X2.5616 Y-3.7753 Z0.2907
X2.6158 Y-3.7809 Z0.2906
X2.6933 Y-3.7892 Z0.2907
X2.7475 Y-3.7953 Z0.2906
X2.8171 Y-3.8035 Z0.2907
X2.8791 Y-3.8112 Z0.2905
X2.9487 Y-3.8202 Z0.2907
X3.0184 Y-3.8296 Z0.2906
X3.0804 Y-3.8383 Z0.2907
X3.1578 Y-3.8497 Z0.2906
X3.2042 Y-3.8567 Z0.2907
X3.2894 Y-3.8702 Z0.2906
X3.3358 Y-3.8777 Z0.2907
X3.4287 Y-3.8935 Z0.2906
X3.4597 Y-3.8988 Z0.2907
X3.5623 Y-3.9173 Z0.2906
X3.5913 Y-3.9227 Z0.2907
X3.6997 Y-3.9435 Z0.2906
X3.7237 Y-3.9482 Z0.2907
X3.8313 Y-3.9701 Z0.2906
X3.8546 Y-3.975
X3.9629 Y-3.9982
X4.0404 Y-4.0156
X4.0843 Y-4.0256
X4.0946 Y-4.0278
X4.1023 Y-4.0293 Z0.2905
X4.11 Y-4.0305
X4.1178 Y-4.0314
X4.1255 Y-4.0319 Z0.2906
X4.1333 Y-4.0322
X4.141 Y-4.0321 Z0.2905
X4.1488 Y-4.0316 Z0.2906
X4.1565 Y-4.0308 Z0.2905
X4.1642 Y-4.0297
X4.172 Y-4.0282
X4.1797 Y-4.0264
X4.1828 Y-4.0256 Z0.2906
X4.1875 Y-4.0242 Z0.2905
X4.1952 Y-4.0216
X4.2029 Y-4.0187
X4.2049 Y-4.0178
X4.2107 Y-4.0152
X4.2184 Y-4.0114
X4.2208 Y-4.0101 Z0.2906
X4.2262 Y-4.0071 Z0.2905
X4.2339 Y-4.0022
X4.2417 Y-3.9968 Z0.2906
X4.2445 Y-3.9946 Z0.2905
X4.2494 Y-3.9907
X4.2538 Y-3.9869
X4.2571 Y-3.9838
X4.262 Y-3.9792
X4.2649 Y-3.9762
X4.2692 Y-3.9714
X4.2726 Y-3.9675
X4.2757 Y-3.9637 Z0.2906
X4.2804 Y-3.9576 Z0.2905
X4.2815 Y-3.956 Z0.2906
X4.2867 Y-3.9482 Z0.2905
X4.2913 Y-3.9405 Z0.2906
X4.2958 Y-3.9319
X4.2991 Y-3.925
X4.3056 Y-3.9096 Z0.2907
X4.3088 Y-3.9019
X4.3121 Y-3.8941
X4.3156 Y-3.8864
X4.3193 Y-3.8787
X4.3232 Y-3.8709
X4.3273 Y-3.8632
X4.3315 Y-3.8555
X4.3346 Y-3.8502
X4.3423 Y-3.8375
X4.3457 Y-3.8323
X4.3508 Y-3.8245
X4.3562 Y-3.8168
X4.3618 Y-3.8091
X4.3655 Y-3.8042
X4.3739 Y-3.7936
X4.381 Y-3.7851 Z0.2906
X4.3871 Y-3.7782 Z0.2907
X4.3965 Y-3.7682
X4.4018 Y-3.7627
X4.412 Y-3.7527
X4.4197 Y-3.7456
X4.4275 Y-3.7387
X4.4358 Y-3.7318
X4.4429 Y-3.7259 Z0.2906
X4.4507 Y-3.7201 Z0.2907
X4.4584 Y-3.7145
X4.4667 Y-3.7086 Z0.2906
X4.4739 Y-3.7038
X4.4817 Y-3.6989 Z0.2907
X4.4913 Y-3.6931
X4.4971 Y-3.6897
X4.505 Y-3.6854
X4.5126 Y-3.6813
X4.5204 Y-3.6774
X4.5281 Y-3.6737
X4.5365 Y-3.6699
X4.5436 Y-3.6668
X4.5513 Y-3.6637
X4.5591 Y-3.6607
X4.5668 Y-3.6578
X4.5767 Y-3.6545
X4.5823 Y-3.6526
X4.5978 Y-3.6481
X4.6055 Y-3.6461
X4.6133 Y-3.6442
X4.621 Y-3.6424
X4.6288 Y-3.6408
X4.6365 Y-3.6393
X4.6442 Y-3.6381
X4.652 Y-3.6368 Z0.2908
X4.6597 Y-3.6358 Z0.2907
X4.6675 Y-3.6349
X4.6829 Y-3.6335
X4.6907 Y-3.633
X4.6984 Y-3.6327
X4.7062 Y-3.6325 Z0.2908
X4.7139 Y-3.6324 Z0.2906
X4.7217
X4.7371 Y-3.633 Z0.2907
X4.7449 Y-3.6335
X4.7526 Y-3.6341
X4.7604 Y-3.6348
X4.7759 Y-3.6367
X4.7836 Y-3.6379
X4.7913 Y-3.6393
X4.7991 Y-3.6407
X4.8068 Y-3.6423
X4.8146 Y-3.644
X4.83 Y-3.6479
X4.8378 Y-3.6502
X4.8455 Y-3.6525
X4.8533 Y-3.655
X4.861 Y-3.6576
X4.8688 Y-3.6605
X4.8765 Y-3.6635
X4.8842 Y-3.6666
X4.892 Y-3.6699 Z0.2906
X4.8997 Y-3.6734 Z0.2907
X4.9152 Y-3.681
X4.9234 Y-3.6854
X4.9307 Y-3.6894 Z0.2908
X4.9384 Y-3.6939 Z0.2907
X4.9462 Y-3.6985
X4.9617 Y-3.7086
X4.9694 Y-3.714
X4.9771 Y-3.7197
X4.9849 Y-3.7256
X4.9926 Y-3.7318
X5.0018 Y-3.7395
X5.0104 Y-3.7472
X5.0159 Y-3.7522 Z0.2908
X5.0187 Y-3.755
X5.0265 Y-3.7627 Z0.2907
X5.0313 Y-3.7675
X5.0391 Y-3.7759
X5.0412 Y-3.7782
X5.0479 Y-3.7859
X5.0546 Y-3.7937
X5.0623 Y-3.8035
X5.0666 Y-3.8091
X5.0722 Y-3.8168
X5.0778 Y-3.8248
X5.0855 Y-3.8365
X5.0877 Y-3.84
X5.0933 Y-3.8493
X5.0968 Y-3.8555
X5.1011 Y-3.8632
X5.1052 Y-3.8709
X5.109 Y-3.8787
X5.1128 Y-3.8864
X5.1165 Y-3.8946
X5.1196 Y-3.9019
X5.1242 Y-3.9133
X5.1258 Y-3.9173
X5.1286 Y-3.925
X5.132 Y-3.9349
X5.1361 Y-3.9482
X5.1383 Y-3.956
X5.1403 Y-3.9637
X5.1422 Y-3.9714
X5.1456 Y-3.9869 Z0.2908
X5.1475 Y-3.9972 Z0.2907
X5.1484 Y-4.0024
X5.1495 Y-4.0101
X5.1506 Y-4.0178
X5.1515 Y-4.0256
X5.1529 Y-4.041
X5.1533 Y-4.0487 Z0.2906
X5.1537 Y-4.0565 Z0.2907
X5.154 Y-4.0719 Z0.2906
X5.1539 Y-4.0797 Z0.2907
X5.1534 Y-4.0951
X5.1529 Y-4.1029
X5.1523 Y-4.1106
X5.1499 Y-4.1338 Z0.2906
X5.1492 Y-4.1415 Z0.2905
X5.1489 Y-4.1493 Z0.2906
X5.1488 Y-4.157
X5.1491 Y-4.1647 Z0.2905
X5.1498 Y-4.1724
X5.1507 Y-4.1802
X5.152 Y-4.1879
X5.1537 Y-4.1956
X5.1552 Y-4.2018
X5.1581 Y-4.2111
X5.1609 Y-4.2188
X5.163 Y-4.2241
X5.164 Y-4.2266
X5.1676 Y-4.2343
X5.1718 Y-4.242
X5.1763 Y-4.2498
X5.1815 Y-4.2575
X5.1872 Y-4.2652
X5.1939 Y-4.2733 Z0.2906
X5.2017 Y-4.2815
X5.2094 Y-4.2888
X5.2171 Y-4.2952 Z0.2905
X5.2249 Y-4.3011
X5.2326 Y-4.3063
X5.2417 Y-4.3116
X5.2481 Y-4.315 Z0.2906
X5.2559 Y-4.3187 Z0.2905
X5.2636 Y-4.3219
X5.2713 Y-4.3246
X5.2791 Y-4.3271
X5.2868 Y-4.3291
X5.2946 Y-4.3308
X5.3023 Y-4.3323
X5.3185 Y-4.3348 Z0.2906
X5.369 Y-4.3425
X5.4184 Y-4.3492
X5.4417 Y-4.3522
X5.5036 Y-4.3592
X5.5191 Y-4.3609
X5.581 Y-4.3666
X5.5888 Y-4.3672
X5.6584 Y-4.3723
X5.7281 Y-4.3759
X5.7978 Y-4.3782
X5.8133 Y-4.3784
X5.8752 Y-4.3792
X5.9449 Y-4.3786
X5.9681 Y-4.378
X6.0146 Y-4.3767
X6.0223 Y-4.3764
X6.0842 Y-4.3734
X6.092 Y-4.373
X6.1539 Y-4.3688
X6.1617 Y-4.3683
X6.2159 Y-4.3635
X6.2313 Y-4.3621
X6.2546 Y-4.3597
X6.301 Y-4.3546
X6.3165 Y-4.3528
X6.3707 Y-4.3458
X6.3784 Y-4.3448
X6.4404 Y-4.3355
X6.4481 Y-4.3343
X6.4559 Y-4.3328 Z0.2905
X6.4636 Y-4.3311
X6.4713 Y-4.329
X6.4791 Y-4.3265
X6.4868 Y-4.3237
X6.4946 Y-4.3204
X6.4969 Y-4.3193
X6.5023 Y-4.3166 Z0.2906
X6.5101 Y-4.3124 Z0.2905
X6.5178 Y-4.3078
X6.5255 Y-4.3025
X6.5338 Y-4.2961 Z0.2906
X6.541 Y-4.29
X6.5427 Y-4.2884
X6.5488 Y-4.2826
X6.5565 Y-4.2742 Z0.2905
X6.5576 Y-4.273 Z0.2906
X6.5642 Y-4.2646 Z0.2905
X6.5693 Y-4.2575
X6.5743 Y-4.2498 Z0.2906
X6.5787 Y-4.242 Z0.2905
X6.5827 Y-4.2343
X6.5875 Y-4.2235
X6.5892 Y-4.2188
X6.5919 Y-4.2111
X6.5941 Y-4.2034 Z0.2906
X6.5952 Y-4.1995 Z0.2905
X6.5976 Y-4.1879
X6.5988 Y-4.1802
X6.5997 Y-4.1724
X6.6002 Y-4.1647
X6.6004 Y-4.157 Z0.2906
X6.6003 Y-4.1493
X6.5998 Y-4.1415 Z0.2905
X6.599 Y-4.1338 Z0.2906
X6.5979 Y-4.1261 Z0.2905
X6.5963 Y-4.1183
X6.5952 Y-4.1133
X6.5923 Y-4.1029
X6.5897 Y-4.0951 Z0.2906
X6.587 Y-4.0874
X6.5797 Y-4.0676 Z0.2907
X6.576 Y-4.0565
X6.572 Y-4.0441
X6.5666 Y-4.0256
X6.5642 Y-4.0167
X6.5607 Y-4.0024
X6.5589 Y-3.9946
X6.5557 Y-3.9792
X6.5542 Y-3.9714
X6.5515 Y-3.956
X6.5503 Y-3.9482
X6.5482 Y-3.9328
X6.5473 Y-3.925
X6.5458 Y-3.9096
X6.5452 Y-3.9019
X6.5442 Y-3.8864 Z0.2906
X6.5438 Y-3.8787 Z0.2907
X6.5433 Y-3.8555 Z0.2906
X6.543 Y-3.8477
X6.5425 Y-3.84 Z0.2905
X6.5417 Y-3.8323
X6.541 Y-3.8274
X6.5405 Y-3.8245
X6.5391 Y-3.8168
X6.5372 Y-3.8091
X6.535 Y-3.8013
X6.5333 Y-3.7958
X6.5295 Y-3.7859
X6.5255 Y-3.7771 Z0.2906
X6.5222 Y-3.7704
X6.5178 Y-3.7625 Z0.2905
X6.513 Y-3.755
X6.5101 Y-3.7507
X6.5075 Y-3.7472 Z0.2906
X6.5015 Y-3.7395
X6.4946 Y-3.7317 Z0.2905
X6.4868 Y-3.7239 Z0.2906
X6.4791 Y-3.717 Z0.2905
X6.4713 Y-3.7108
X6.4683 Y-3.7086
X6.4636 Y-3.7053 Z0.2906
X6.4559 Y-3.7004 Z0.2905
X6.4481 Y-3.6959
X6.4426 Y-3.6931 Z0.2906
X6.4404 Y-3.692 Z0.2905
X6.4326 Y-3.6886
X6.4243 Y-3.6854
X6.4172 Y-3.6829
X6.4094 Y-3.6807
X6.4017 Y-3.6788
X6.3939 Y-3.6773
X6.3862 Y-3.6761 Z0.2906
X6.3784 Y-3.6751
X6.332 Y-3.6697 Z0.2907
X6.3088 Y-3.6665 Z0.2906
X6.2855 Y-3.6632 Z0.2907
X6.2701 Y-3.6607 Z0.2906
X6.2391 Y-3.6555 Z0.2907
X6.2313 Y-3.6541
X6.2081 Y-3.6497 Z0.2906
X6.1849 Y-3.6451 Z0.2907
X6.1566 Y-3.639 Z0.2906
X6.1384 Y-3.6349 Z0.2907
X6.1075 Y-3.6273 Z0.2906
X6.092 Y-3.6234 Z0.2907
X6.061 Y-3.615 Z0.2906
X6.0455 Y-3.6107 Z0.2907
X6.0068 Y-3.5991 Z0.2906
X5.9991 Y-3.5967 Z0.2907
X5.9836 Y-3.5917 Z0.2906
X5.9526 Y-3.5814 Z0.2907
X5.9371 Y-3.576 Z0.2906
X5.9062 Y-3.5648 Z0.2907
X5.8907 Y-3.5589 Z0.2906
X5.8597 Y-3.5468 Z0.2907
X5.8365 Y-3.5372 Z0.2906
X5.8133 Y-3.5273 Z0.2907
X5.7862 Y-3.5153 Z0.2906
X5.7692 Y-3.5076 Z0.2907
X5.7436 Y-3.4954 Z0.2906
X5.7281 Y-3.4879 Z0.2907
X5.7204 Y-3.484
X5.6894 Y-3.4682 Z0.2906
X5.6817 Y-3.4642 Z0.2907
X5.6477 Y-3.4457 Z0.2906
X5.6352 Y-3.4388 Z0.2907
X5.6042 Y-3.4208 Z0.2906
X5.5939 Y-3.4148 Z0.2907
X5.581 Y-3.4069 Z0.2906
X5.5562 Y-3.3916 Z0.2907
X5.5423 Y-3.3827 Z0.2906
X5.5268 Y-3.3727
X5.5113 Y-3.3625 Z0.2907
X5.4959 Y-3.352 Z0.2906
X5.4726 Y-3.3359 Z0.2907
X5.4534 Y-3.322 Z0.2906
X5.4322 Y-3.3065 Z0.2907
X5.4107 Y-3.2902 Z0.2906
X5.3952 Y-3.2782 Z0.2907
X5.3631 Y-3.2524 Z0.2906
X5.3565 Y-3.247 Z0.2907
X5.3255 Y-3.2208 Z0.2906
X5.3174 Y-3.2138 Z0.2907
X5.3001 Y-3.1983 Z0.2906
X5.2829 Y-3.1828 Z0.2907
X5.2664 Y-3.1674 Z0.2906
X5.2481 Y-3.1501 Z0.2907
X5.2326 Y-3.1349 Z0.2906
X5.2094 Y-3.1116 Z0.2907
X5.1939 Y-3.0955 Z0.2906
X5.1784 Y-3.0792 Z0.2907
X5.1601 Y-3.0591 Z0.2906
X5.1461 Y-3.0437 Z0.2907
X5.1242 Y-3.0185 Z0.2906
X5.1127 Y-3.005 Z0.2907
X5.0873 Y-2.9741 Z0.2906
X5.081 Y-2.9664 Z0.2907
X5.0546 Y-2.9323 Z0.2906
X5.0509 Y-2.9277
X5.0445 Y-2.92 Z0.2905
X5.0375 Y-2.9122
X5.0313 Y-2.9062
X5.0296 Y-2.9045
X5.0236 Y-2.8992
X5.0206 Y-2.8968
X5.0159 Y-2.8931
X5.0081 Y-2.8875
X4.9982 Y-2.8813
X4.9926 Y-2.8783 Z0.2906
X4.9849 Y-2.8743 Z0.2905
X4.9771 Y-2.8708
X4.9694 Y-2.8679
X4.9637 Y-2.8659
X4.9539 Y-2.863
X4.9462 Y-2.8611
X4.9384 Y-2.8596
X4.9287 Y-2.8581
X4.9229 Y-2.8576 Z0.2906
X4.9152 Y-2.8571
X4.9075 Y-2.8569
X4.8997 Y-2.8571
X4.892 Y-2.8576 Z0.2905
X4.8842 Y-2.8585
X4.8765 Y-2.8597
X4.8688 Y-2.8612
X4.861 Y-2.8631
X4.8518 Y-2.8659
X4.8455 Y-2.868
X4.8378 Y-2.871
X4.83 Y-2.8746 Z0.2906
X4.8223 Y-2.8784
X4.8146 Y-2.8828
X4.7991 Y-2.8917 Z0.2907
X4.79 Y-2.8968
X4.7836 Y-2.9002 Z0.2906
X4.7755 Y-2.9045 Z0.2907
X4.7681 Y-2.9083
X4.7526 Y-2.9159
X4.7371 Y-2.9228
X4.7294 Y-2.9262
X4.7217 Y-2.9293 Z0.2906
X4.7061 Y-2.9354 Z0.2907
X4.6907 Y-2.941
X4.6829 Y-2.9437
X4.6675 Y-2.9486
X4.6597 Y-2.9509
X4.6442 Y-2.9552
X4.6365 Y-2.9573
X4.621 Y-2.9609
X4.6133 Y-2.9627
X4.5978 Y-2.9657
X4.59 Y-2.9672
X4.5746 Y-2.9697
X4.5668 Y-2.9708
X4.5513 Y-2.9727
X4.5436 Y-2.9736
X4.5281 Y-2.975
X4.5204 Y-2.9756
X4.5049 Y-2.9764
X4.4971 Y-2.9767
X4.4894 Y-2.9769 Z0.2906
X4.4739 Z0.2907
X4.4584 Y-2.9766 Z0.2906
X4.4507 Y-2.9764 Z0.2907
X4.4352 Y-2.9755 Z0.2906
X4.4275 Y-2.9749 Z0.2907
X4.412 Y-2.9735
X4.4042 Y-2.9727
X4.3888 Y-2.9707
X4.381 Y-2.9696
X4.3655 Y-2.967
X4.3578 Y-2.9656
X4.35 Y-2.964
X4.3346 Y-2.9607
X4.3257 Y-2.9586
X4.3113 Y-2.955
X4.2958 Y-2.9506
X4.2881 Y-2.9483
X4.2726 Y-2.9433
X4.2649 Y-2.9407
X4.2505 Y-2.9354
X4.2417 Y-2.9321
X4.2262 Y-2.9257 Z0.2906
X4.2184 Y-2.9224 Z0.2907
X4.2029 Y-2.9153
X4.1952 Y-2.9117
X4.1797 Y-2.9038
X4.172 Y-2.8997
X4.1642 Y-2.8955
X4.1565 Y-2.8912
X4.14 Y-2.8813
X4.1333 Y-2.8772
X4.1255 Y-2.8722
X4.116 Y-2.8659
X4.1023 Y-2.8563 Z0.2906
X4.0941 Y-2.8504 Z0.2907
X4.0839 Y-2.8427
X4.0791 Y-2.839
X4.0713 Y-2.8327
X4.0636 Y-2.8264
X4.0555 Y-2.8195
X4.0467 Y-2.8117
X4.0404 Y-2.806
X4.0301 Y-2.7963
X4.0221 Y-2.7885
X4.0146 Y-2.7808
X4.0071 Y-2.7731
X4. Y-2.7653
X3.993 Y-2.7576
X3.9862 Y-2.7497 Z0.2906
X3.9784 Y-2.7404 Z0.2907
X3.9736 Y-2.7344
X3.9616 Y-2.719
X3.9552 Y-2.7103
X3.9475 Y-2.6995
X3.9397 Y-2.688
X3.9346 Y-2.6803
X3.9298 Y-2.6726
X3.9242 Y-2.6635
X3.9204 Y-2.6571
X3.9116 Y-2.6416
X3.9075 Y-2.6339
X3.8995 Y-2.6185
X3.8933 Y-2.6055 Z0.2906
X3.8885 Y-2.5953 Z0.2907
X3.8778 Y-2.5706 Z0.2906
X3.8749 Y-2.5643 Z0.2905
X3.87 Y-2.5547 Z0.2906
X3.8667 Y-2.5489
X3.8619 Y-2.5411 Z0.2905
X3.8564 Y-2.5334 Z0.2906
X3.8546 Y-2.531 Z0.2905
X3.8502 Y-2.5257
X3.8468 Y-2.5217
X3.8434 Y-2.5179
X3.8391 Y-2.5134
X3.8313 Y-2.5062
X3.827 Y-2.5025
X3.8236 Y-2.4997 Z0.2906
X3.8158 Y-2.4939
X3.8081 Y-2.4888 Z0.2905
X3.8004 Y-2.4841
X3.7911 Y-2.4793
X3.7849 Y-2.4764 Z0.2906
X3.7771 Y-2.4732 Z0.2905
X3.7728 Y-2.4716 Z0.2906
X3.7694 Y-2.4704 Z0.2905
X3.7617 Y-2.468
X3.7539 Y-2.466
X3.7439 Y-2.4638
X3.7384 Y-2.463
X3.7307 Y-2.462
X3.7229 Y-2.4613 Z0.2906
X3.7152 Y-2.461
X3.7075 Z0.2905
X3.6997 Y-2.4615 Z0.2906
X3.692 Y-2.4621 Z0.2905
X3.6842 Y-2.4632
X3.6804 Y-2.4638
X3.6765 Y-2.4646
X3.6687 Y-2.4663
X3.661 Y-2.4684
X3.6513 Y-2.4716 Z0.2906
X3.6455 Y-2.4738 Z0.2905
X3.6378 Y-2.477 Z0.2906
X3.63 Y-2.4804
X3.5371 Y-2.5224
X3.441 Y-2.5643
X3.421 Y-2.5728
X3.3358 Y-2.6086
X3.2352 Y-2.6494
X3.1361 Y-2.688
X3.0958 Y-2.7032
X3.0329 Y-2.7267
X3.0107 Y-2.7348
X2.9254 Y-2.7653
X2.8404 Y-2.7946
X2.8249 Y-2.7999
X2.7784 Y-2.8153
X2.7242 Y-2.8331
X2.7087 Y-2.8381
X2.6158 Y-2.8673
X2.5152 Y-2.8975
X2.4909 Y-2.9045
X2.4068 Y-2.9285
X2.3139 Y-2.9538
X2.2957 Y-2.9586
X2.1978 Y-2.9838
X2.1745 Y-2.9895
X2.0894 Y-3.0102
X2.0352 Y-3.0226
X1.981 Y-3.035
X1.8804 Y-3.0566
X1.8649 Y-3.0598
X1.772 Y-3.0785
X1.7642 Y-3.0802
X1.755 Y-3.0823 Z0.2905
X1.7487 Y-3.0841
X1.741 Y-3.0866
X1.7319 Y-3.0901
X1.7255 Y-3.0929 Z0.2906
X1.7178 Y-3.0966 Z0.2905
X1.7156 Y-3.0978 Z0.2906
X1.71 Y-3.1009 Z0.2905
X1.7023 Y-3.1057 Z0.2906
X1.6945 Y-3.111
X1.6915 Y-3.1133 Z0.2905
X1.6868 Y-3.117
X1.6791 Y-3.1236
X1.6738 Y-3.1287
X1.6713 Y-3.1312
X1.6664 Y-3.1365
X1.6636 Y-3.1397
X1.6599 Y-3.1442
X1.6558 Y-3.1494
X1.654 Y-3.1519 Z0.2906
X1.6481 Y-3.1606 Z0.2905
X1.6441 Y-3.1674 Z0.2906
X1.64 Y-3.1751
X1.6362 Y-3.1828 Z0.2905
X1.6326 Y-3.1916
X1.6302 Y-3.1983
X1.6277 Y-3.206
X1.6249 Y-3.2169
X1.6225 Y-3.2292 Z0.2906
X1.6196 Y-3.2447 Z0.2907
X1.6171 Y-3.256
X1.6141 Y-3.2679
X1.6118 Y-3.2756
X1.6094 Y-3.2834 Z0.2908
X1.6067 Y-3.2911 Z0.2907
X1.6039 Y-3.2988
X1.6008 Y-3.3065
X1.5975 Y-3.3143
X1.5939 Y-3.3221
X1.5901 Y-3.3297
X1.5861 Y-3.3375
X1.5818 Y-3.3452 Z0.2908
X1.5771 Y-3.3529
X1.5723 Y-3.3607 Z0.2907
X1.5671 Y-3.3684
X1.5616 Y-3.3761
X1.5552 Y-3.3846
X1.5495 Y-3.3916 Z0.2908
X1.5429 Y-3.3993 Z0.2907
X1.5397 Y-3.4029
X1.5287 Y-3.4148 Z0.2906
X1.5218 Y-3.4225 Z0.2905
X1.5156 Y-3.4302 Z0.2906
X1.5101 Y-3.438 Z0.2905
X1.5087 Y-3.4401
X1.5052 Y-3.4457
X1.5007 Y-3.4534
X1.4968 Y-3.4612
X1.4933 Y-3.4691 Z0.2906
X1.4903 Y-3.4766 Z0.2905
X1.4876 Y-3.4844
X1.4854 Y-3.4921
X1.4835 Y-3.4998
X1.4819 Y-3.5076
X1.4808 Y-3.5153
X1.4798 Y-3.523
X1.4793 Y-3.5307 Z0.2906
X1.4791 Y-3.5385
X1.4793 Y-3.5462 Z0.2905
X1.4798 Y-3.5541 Z0.2906
X1.4806 Y-3.5617 Z0.2905
X1.4818 Y-3.5694
X1.4833 Y-3.5771
X1.4852 Y-3.5849
X1.4874 Y-3.5926
X1.49 Y-3.6003 Z0.2906
X1.4933 Y-3.6087 Z0.2905
X1.4964 Y-3.6158
X1.501 Y-3.6248 Z0.2906
X1.5047 Y-3.6313 Z0.2905
X1.5095 Y-3.639
X1.515 Y-3.6467 Z0.2906
X1.5165 Y-3.6487 Z0.2905
X1.5212 Y-3.6545 Z0.2906
X1.5242 Y-3.6581 Z0.2905
X1.5281 Y-3.6622
X1.532 Y-3.6662
X1.5358 Y-3.6699
X1.5397 Y-3.6735
X1.5445 Y-3.6776
X1.5474 Y-3.68 Z0.2906
X1.5552 Y-3.6859
X1.5629 Y-3.6911 Z0.2905
X1.5707 Y-3.6957
X1.5784 Y-3.6998 Z0.2906
X1.5805 Y-3.7008 Z0.2905
X1.5862 Y-3.7034
X1.5939 Y-3.7067
X1.599 Y-3.7086 Z0.2906
X1.6016 Y-3.7095
X1.6094 Y-3.7119 Z0.2905
X1.6171 Y-3.7139
X1.6249 Y-3.7156
X1.6285 Y-3.7163
X1.6326 Y-3.7169
X1.6403 Y-3.7179
X1.6481 Y-3.7186 Z0.2906
X1.6558 Y-3.719
X1.7487 Y-3.7219
X1.7874 Y-3.7231
X1.8341 Y-3.7249
X1.8396 Y-3.725 Z0.2905
X1.8452 Y-3.7248 Z0.29
X1.8507 Y-3.7243 Z0.2893
X1.8561 Y-3.7236 Z0.2884
X1.8616 Y-3.7228 Z0.2873
X1.8669 Y-3.7218 Z0.2861
X1.8883 Y-3.7175 Z0.2809
X1.8937 Y-3.7166 Z0.2797
X1.8991 Y-3.7157 Z0.2786
X1.9046 Y-3.7151 Z0.2777
X1.9101 Y-3.7146 Z0.277
X1.9156 Y-3.7144 Z0.2765
X1.9212 Y-3.7145 Z0.2763
X2.0429 Y-3.7208 Z0.2764
X2.0739 Y-3.7226 Z0.2763
X2.1745 Y-3.729 Z0.2764
X2.2055 Y-3.7311 Z0.2763
X2.3062 Y-3.7386 Z0.2764
X2.3371 Y-3.7411 Z0.2763
X2.4145 Y-3.7476 Z0.2764
X2.4378 Y-3.7496
X2.4765 Y-3.7531 Z0.2763
X2.5616 Y-3.7613 Z0.2764
X2.6158 Y-3.7668 Z0.2763
X2.6933 Y-3.7751 Z0.2764
X2.7552 Y-3.7821 Z0.2763
X2.8249 Y-3.7904 Z0.2764
X2.8791 Y-3.7971 Z0.2763
X2.9487 Y-3.8061 Z0.2764
X3.0184 Y-3.8155 Z0.2763
X3.0826 Y-3.8245 Z0.2764
X3.1578 Y-3.8356 Z0.2763
X3.2042 Y-3.8426 Z0.2764
X3.2894 Y-3.856 Z0.2763
X3.3358 Y-3.8635 Z0.2764
X3.4287 Y-3.8793 Z0.2763
X3.4675 Y-3.886 Z0.2764
X3.5604 Y-3.9027 Z0.2763
X3.5913 Y-3.9085 Z0.2764
X3.6997 Y-3.9292 Z0.2763
X3.7229 Y-3.9338 Z0.2764
X3.8321 Y-3.956 Z0.2763
X3.8546 Y-3.9607
X3.9629 Y-3.9839
X3.9862 Y-3.9891
X4.0868 Y-4.0118
X4.0946 Y-4.0135
X4.1023 Y-4.015
X4.11 Y-4.0163 Z0.2762
X4.1178 Y-4.0173
X4.1255 Y-4.0179 Z0.2763
X4.1333 Y-4.0183
X4.141 Y-4.0181 Z0.2762
X4.1488 Y-4.0175 Z0.2763
X4.1565 Y-4.0167 Z0.2762
X4.1642 Y-4.0155
X4.172 Y-4.0138
X4.1797 Y-4.0119 Z0.2763
X4.1875 Y-4.0095 Z0.2762
X4.1952 Y-4.0066
X4.2029 Y-4.0034
X4.2052 Y-4.0024
X4.2107 Y-3.9996
X4.2184 Y-3.9954
X4.2262 Y-3.9906
X4.2339 Y-3.9851 Z0.2763
X4.2417 Y-3.9789 Z0.2762
X4.2498 Y-3.9714
X4.2573 Y-3.9637
X4.2649 Y-3.9549 Z0.2763
X4.2699 Y-3.9482
X4.275 Y-3.9405 Z0.2762
X4.2796 Y-3.9328 Z0.2763
X4.2804 Y-3.9315 Z0.2762
X4.2836 Y-3.925 Z0.2763
X4.2872 Y-3.9173
X4.2905 Y-3.9096
X4.2968 Y-3.8941 Z0.2764
X4.3038 Y-3.8787
X4.3076 Y-3.8709
X4.3114 Y-3.8632
X4.3156 Y-3.8555
X4.3199 Y-3.8477
X4.3244 Y-3.84
X4.3291 Y-3.8323
X4.3346 Y-3.8237
X4.3392 Y-3.8168
X4.3423 Y-3.8122
X4.3502 Y-3.8013
X4.3578 Y-3.7914
X4.3621 Y-3.7859
X4.3655 Y-3.7818
X4.3733 Y-3.7728
X4.3753 Y-3.7704
X4.3824 Y-3.7627
X4.3898 Y-3.755
X4.3976 Y-3.7472
X4.4057 Y-3.7395
X4.4142 Y-3.7318
X4.4197 Y-3.727
X4.4275 Y-3.7205
X4.4326 Y-3.7163 Z0.2763
X4.4352 Y-3.7142
X4.4429 Y-3.7084 Z0.2764
X4.4534 Y-3.7008
X4.4584 Y-3.6973 Z0.2763
X4.4662 Y-3.6922
X4.477 Y-3.6854 Z0.2764
X4.4901 Y-3.6776
X4.5049 Y-3.6696
X4.5126 Y-3.6656
X4.5204 Y-3.6619
X4.5281 Y-3.6584
X4.537 Y-3.6545
X4.5436 Y-3.6517
X4.5513 Y-3.6487
X4.5591 Y-3.6458
X4.5668 Y-3.6431
X4.5746 Y-3.6404
X4.5823 Y-3.6381
X4.5978 Y-3.6336
X4.6073 Y-3.6313
X4.6133 Y-3.6298 Z0.2765
X4.6288 Y-3.6266 Z0.2764
X4.6365 Y-3.6252
X4.6467 Y-3.6235
X4.652 Y-3.6227
X4.6597 Y-3.6217
X4.6675 Y-3.6208
X4.6829 Y-3.6195
X4.6907 Y-3.619
X4.6984 Y-3.6187
X4.7062 Y-3.6185
X4.7139 Y-3.6184 Z0.2763
X4.7217
X4.7371 Y-3.619 Z0.2764
X4.7449 Y-3.6194
X4.7526 Y-3.6201
X4.7604 Y-3.6208
X4.7759 Y-3.6226
X4.7836 Y-3.6238
X4.7913 Y-3.6251
X4.7991 Y-3.6265 Z0.2765
X4.8068 Y-3.628 Z0.2764
X4.8146 Y-3.6297
X4.8223 Y-3.6316
X4.83 Y-3.6335
X4.8378 Y-3.6356
X4.8491 Y-3.639
X4.8533 Y-3.6403
X4.861 Y-3.6429
X4.8688 Y-3.6456
X4.8842 Y-3.6515
X4.892 Y-3.6547
X4.8997 Y-3.6581
X4.9085 Y-3.6622
X4.9229 Y-3.6693
X4.9307 Y-3.6734
X4.9384 Y-3.6777
X4.9462 Y-3.6823
X4.9539 Y-3.6869
X4.9694 Y-3.697
X4.9771 Y-3.7024
X4.9856 Y-3.7086
X4.9957 Y-3.7163
X5.0004 Y-3.7201
X5.0081 Y-3.7266
X5.0159 Y-3.7333
X5.0236 Y-3.7404
X5.0313 Y-3.7478
X5.0391 Y-3.7555
X5.0468 Y-3.7637
X5.053 Y-3.7704 Z0.2765
X5.0623 Y-3.7812 Z0.2764
X5.0662 Y-3.7859
X5.0723 Y-3.7936
X5.0782 Y-3.8013
X5.0855 Y-3.8115
X5.0892 Y-3.8168
X5.0944 Y-3.8245
X5.0993 Y-3.8323
X5.104 Y-3.84
X5.1088 Y-3.8482
X5.1128 Y-3.8555
X5.1169 Y-3.8632
X5.1208 Y-3.8709
X5.1246 Y-3.8787
X5.1281 Y-3.8864
X5.132 Y-3.8952
X5.1378 Y-3.9096
X5.1407 Y-3.9173
X5.1434 Y-3.925
X5.146 Y-3.9328
X5.1484 Y-3.9405
X5.1507 Y-3.9482
X5.1528 Y-3.956
X5.1552 Y-3.9656
X5.1582 Y-3.9792
X5.1598 Y-3.9869
X5.1612 Y-3.9946
X5.1625 Y-4.0024
X5.1636 Y-4.0101
X5.1646 Y-4.0178
X5.1655 Y-4.0256
X5.1662 Y-4.0333
X5.1669 Y-4.041
X5.1673 Y-4.0487 Z0.2763
X5.1677 Y-4.0565 Z0.2764
X5.168 Y-4.0719 Z0.2763
X5.1679 Y-4.0797 Z0.2764
X5.1674 Y-4.0951
X5.1663 Y-4.1106
X5.1656 Y-4.1183
X5.164 Y-4.1338 Z0.2763
X5.1632 Y-4.1415 Z0.2762
X5.1629 Y-4.1493 Z0.2763
X5.1628 Y-4.157
X5.1631 Y-4.1647 Z0.2762
X5.1638 Y-4.1724
X5.1649 Y-4.1802
X5.1663 Y-4.1879
X5.1681 Y-4.1956
X5.1707 Y-4.2045
X5.1729 Y-4.2111
X5.1759 Y-4.2188
X5.1795 Y-4.2266
X5.1835 Y-4.2343
X5.1862 Y-4.239
X5.188 Y-4.242
X5.1931 Y-4.2498
X5.1989 Y-4.2575
X5.2054 Y-4.2652
X5.2094 Y-4.2694
X5.2129 Y-4.273
X5.2171 Y-4.2769 Z0.2763
X5.2214 Y-4.2807 Z0.2762
X5.2249 Y-4.2835
X5.2313 Y-4.2884
X5.2326 Y-4.2894
X5.2404 Y-4.2947
X5.2481 Y-4.2992
X5.2559 Y-4.3032
X5.2636 Y-4.3067
X5.2713 Y-4.3098
X5.2765 Y-4.3116
X5.2791 Y-4.3124
X5.2868 Y-4.3147
X5.2946 Y-4.3165
X5.3023 Y-4.3181
X5.31 Y-4.3193 Z0.2763
X5.372 Y-4.3288
X5.4339 Y-4.3371
X5.4494 Y-4.339
X5.5113 Y-4.346
X5.5191 Y-4.3468
X5.581 Y-4.3525
X5.5888 Y-4.3532
X5.6584 Y-4.3582
X5.7281 Y-4.3619
X5.7823 Y-4.3637
X5.7978 Y-4.3642
X5.8133 Y-4.3645
X5.8752 Y-4.3652
X5.9449 Y-4.3646
X5.9836 Y-4.3636
X6.0146 Y-4.3627
X6.0301 Y-4.362
X6.0842 Y-4.3594
X6.0997 Y-4.3585
X6.1539 Y-4.3548
X6.1617 Y-4.3542
X6.2159 Y-4.3495
X6.2313 Y-4.3481
X6.2778 Y-4.3431
X6.301 Y-4.3406
X6.3165 Y-4.3387
X6.3707 Y-4.3317
X6.3862 Y-4.3295
X6.4404 Y-4.3214
X6.4481 Y-4.3201
X6.4559 Y-4.3185 Z0.2762
X6.4636 Y-4.3166
X6.4713 Y-4.3143
X6.4792 Y-4.3116
X6.4868 Y-4.3085
X6.4946 Y-4.3049 Z0.2763
X6.5023 Y-4.3007 Z0.2762
X6.5101 Y-4.2961
X6.5178 Y-4.2908
X6.5209 Y-4.2884
X6.5255 Y-4.2848 Z0.2763
X6.5304 Y-4.2807
X6.5333 Y-4.2781
X6.5386 Y-4.273
X6.5457 Y-4.2652 Z0.2762
X6.5521 Y-4.2575
X6.5577 Y-4.2498
X6.5626 Y-4.242 Z0.2763
X6.5642 Y-4.2392 Z0.2762
X6.5669 Y-4.2343
X6.5708 Y-4.2266
X6.5742 Y-4.2188
X6.5771 Y-4.2111
X6.5797 Y-4.2028
X6.5817 Y-4.1956
X6.5833 Y-4.1879
X6.5847 Y-4.1802
X6.5856 Y-4.1724
X6.5862 Y-4.1647
X6.5865 Y-4.157 Z0.2763
X6.5863 Y-4.1493
X6.5857 Y-4.1415 Z0.2762
X6.5848 Y-4.1338
X6.5836 Y-4.1261
X6.582 Y-4.1183
X6.5797 Y-4.1099
X6.5775 Y-4.1029
X6.5749 Y-4.0951 Z0.2763
X6.5664 Y-4.0719 Z0.2764
X6.5613 Y-4.0565
X6.5588 Y-4.0487
X6.5543 Y-4.0333
X6.5521 Y-4.0256
X6.5482 Y-4.0101
X6.5463 Y-4.0024
X6.543 Y-3.9869
X6.541 Y-3.9772
X6.5386 Y-3.9637
X6.5374 Y-3.956
X6.5362 Y-3.9482
X6.5342 Y-3.9328
X6.5333 Y-3.925
X6.5318 Y-3.9096
X6.5312 Y-3.9019
X6.5302 Y-3.8864
X6.5298 Y-3.8787
X6.5293 Y-3.8555 Z0.2763
X6.529 Y-3.8477
X6.5285 Y-3.84 Z0.2762
X6.5276 Y-3.8323
X6.5263 Y-3.8245
X6.5255 Y-3.8205
X6.5247 Y-3.8168
X6.5227 Y-3.8091
X6.5203 Y-3.8013
X6.5175 Y-3.7936
X6.5142 Y-3.7859
X6.5101 Y-3.7774 Z0.2763
X6.5062 Y-3.7704 Z0.2762
X6.5013 Y-3.7627
X6.4959 Y-3.755 Z0.2763
X6.4946 Y-3.7533 Z0.2762
X6.4897 Y-3.7472 Z0.2763
X6.4868 Y-3.7439 Z0.2762
X6.4827 Y-3.7395
X6.4791 Y-3.7359
X6.4747 Y-3.7318
X6.4713 Y-3.7288
X6.4636 Y-3.7225
X6.4559 Y-3.717 Z0.2763
X6.4481 Y-3.7121 Z0.2762
X6.442 Y-3.7086
X6.4404 Y-3.7077 Z0.2763
X6.4326 Y-3.7039 Z0.2762
X6.4249 Y-3.7006
X6.4172 Y-3.6977
X6.4094 Y-3.6953
X6.4015 Y-3.6931
X6.3939 Y-3.6915
X6.3862 Y-3.6903
X6.3784 Y-3.6892 Z0.2763
X6.3456 Y-3.6854
X6.332 Y-3.6838 Z0.2764
X6.3165 Y-3.6817 Z0.2763
X6.2855 Y-3.6773 Z0.2764
X6.2701 Y-3.6749 Z0.2763
X6.2391 Y-3.6697 Z0.2764
X6.2313 Y-3.6684
X6.2081 Y-3.664 Z0.2763
X6.1849 Y-3.6594 Z0.2764
X6.1617 Y-3.6544 Z0.2763
X6.1462 Y-3.651
X6.1384 Y-3.6492 Z0.2764
X6.1075 Y-3.6417 Z0.2763
X6.092 Y-3.6378 Z0.2764
X6.0765 Y-3.6337 Z0.2763
X6.0533 Y-3.6274
X6.0378 Y-3.623 Z0.2764
X5.9991 Y-3.6113 Z0.2763
X5.9886 Y-3.6081
X5.9449 Y-3.5936 Z0.2764
X5.9294 Y-3.588 Z0.2763
X5.8984 Y-3.5768 Z0.2764
X5.8752 Y-3.5679 Z0.2763
X5.852 Y-3.5587 Z0.2764
X5.8288 Y-3.5491 Z0.2763
X5.8055 Y-3.5392 Z0.2764
X5.7823 Y-3.5289 Z0.2763
X5.7668 Y-3.5218 Z0.2764
X5.7513 Y-3.5145
X5.7359 Y-3.5072 Z0.2763
X5.7204 Y-3.4996 Z0.2764
X5.6894 Y-3.4839 Z0.2763
X5.6739 Y-3.4759 Z0.2764
X5.643 Y-3.459 Z0.2763
X5.6328 Y-3.4534 Z0.2764
X5.612 Y-3.4415 Z0.2763
X5.5888 Y-3.428 Z0.2764
X5.5733 Y-3.4186 Z0.2763
X5.55 Y-3.4042 Z0.2764
X5.5422 Y-3.3993 Z0.2763
X5.5191 Y-3.3843
X5.5036 Y-3.3741 Z0.2764
X5.4881 Y-3.3636 Z0.2763
X5.4649 Y-3.3475 Z0.2764
X5.4494 Y-3.3364 Z0.2763
X5.4262 Y-3.3195 Z0.2764
X5.399 Y-3.2988 Z0.2763
X5.3875 Y-3.2899 Z0.2764
X5.3642 Y-3.2713 Z0.2763
X5.3488 Y-3.2588 Z0.2764
X5.3178 Y-3.2326 Z0.2763
X5.31 Y-3.2259 Z0.2764
X5.2946 Y-3.2121 Z0.2763
X5.2707 Y-3.1906 Z0.2764
X5.2542 Y-3.1751 Z0.2763
X5.2379 Y-3.1596 Z0.2764
X5.2221 Y-3.1442 Z0.2763
X5.2017 Y-3.1237 Z0.2764
X5.1862 Y-3.1077 Z0.2763
X5.1695 Y-3.0901 Z0.2764
X5.1552 Y-3.0746 Z0.2763
X5.1397 Y-3.0575 Z0.2764
X5.132 Y-3.0488
X5.1141 Y-3.0282 Z0.2763
X5.1009 Y-3.0128 Z0.2764
X5.0778 Y-2.9846 Z0.2763
X5.0694 Y-2.9741 Z0.2764
X5.0453 Y-2.9432 Z0.2763
X5.0391 Y-2.9354
X5.0327 Y-2.9277 Z0.2762
X5.0255 Y-2.92
X5.0236 Y-2.9181
X5.0173 Y-2.9122
X5.0159 Y-2.911
X5.0078 Y-2.9045
X5.0004 Y-2.8991
X4.9926 Y-2.8943
X4.9849 Y-2.89
X4.9831 Y-2.889
X4.9771 Y-2.8862 Z0.2763
X4.9694 Y-2.8828 Z0.2762
X4.9617 Y-2.88
X4.9539 Y-2.8776
X4.9462 Y-2.8755
X4.9384 Y-2.8738
X4.9307 Y-2.8726
X4.9229 Y-2.8716 Z0.2763
X4.9152 Y-2.8711
X4.9075 Y-2.8709
X4.8997 Y-2.8711
X4.892 Y-2.8717 Z0.2762
X4.8842 Y-2.8726
X4.8765 Y-2.8739
X4.8688 Y-2.8756
X4.861 Y-2.8777
X4.8533 Y-2.8801
X4.8499 Y-2.8813
X4.8455 Y-2.883
X4.8378 Y-2.8864 Z0.2763
X4.83 Y-2.8902 Z0.2762
X4.8182 Y-2.8968 Z0.2763
X4.7991 Y-2.9077 Z0.2764
X4.7908 Y-2.9122 Z0.2763
X4.7836 Y-2.9161 Z0.2764
X4.7759 Y-2.9201
X4.7602 Y-2.9277
X4.7526 Y-2.9312
X4.7371 Y-2.9381
X4.7294 Y-2.9413
X4.7139 Y-2.9474
X4.7045 Y-2.9509
X4.6907 Y-2.9558
X4.682 Y-2.9586
X4.6675 Y-2.9632
X4.652 Y-2.9676
X4.6442 Y-2.9697
X4.6365 Y-2.9716
X4.621 Y-2.9753
X4.6133 Y-2.9769
X4.5978 Y-2.98
X4.5871 Y-2.9818
X4.5746 Y-2.9838
X4.5668 Y-2.9849
X4.5513 Y-2.9868
X4.5436 Y-2.9876
X4.5281 Y-2.989
X4.5204 Y-2.9896
X4.5049 Y-2.9904
X4.4971 Y-2.9907
X4.4894 Y-2.9909 Z0.2763
X4.4739 Z0.2764
X4.4584 Y-2.9906 Z0.2763
X4.4507 Y-2.9904 Z0.2764
X4.4352 Y-2.9895
X4.4275 Y-2.9889
X4.412 Y-2.9875
X4.4042 Y-2.9867
X4.3965 Y-2.9858
X4.381 Y-2.9837
X4.3694 Y-2.9818
X4.3578 Y-2.9798
X4.35 Y-2.9783
X4.3302 Y-2.9741
X4.3191 Y-2.9714
X4.3113 Y-2.9694
X4.3036 Y-2.9674
X4.2881 Y-2.9629
X4.2804 Y-2.9606
X4.2649 Y-2.9554
X4.2571 Y-2.9528
X4.2417 Y-2.947
X4.2318 Y-2.9432
X4.2184 Y-2.9376
X4.2133 Y-2.9354
X4.1964 Y-2.9277
X4.1875 Y-2.9234
X4.172 Y-2.9156
X4.1642 Y-2.9114
X4.1517 Y-2.9045
X4.1488 Y-2.9028
X4.1333 Y-2.8936
X4.1255 Y-2.8888
X4.114 Y-2.8813
X4.11 Y-2.8787
X4.1023 Y-2.8734
X4.0946 Y-2.868 Z0.2763
X4.0868 Y-2.8624 Z0.2764
X4.0791 Y-2.8566
X4.071 Y-2.8504
X4.0614 Y-2.8427
X4.052 Y-2.8349
X4.0481 Y-2.8316
X4.0404 Y-2.8248
X4.0326 Y-2.8179
X4.0249 Y-2.8106
X4.0171 Y-2.8032
X4.0094 Y-2.7955
X4.0017 Y-2.7876
X3.9939 Y-2.7794
X3.9862 Y-2.7709
X3.9812 Y-2.7653
X3.9707 Y-2.753 Z0.2763
X3.9629 Y-2.7435 Z0.2764
X3.9499 Y-2.7267
X3.9397 Y-2.7127
X3.932 Y-2.7015
X3.9242 Y-2.6899
X3.9181 Y-2.6803
X3.9134 Y-2.6726
X3.9087 Y-2.6648
X3.9 Y-2.6494
X3.8957 Y-2.6416
X3.8877 Y-2.6262
X3.8839 Y-2.6185
X3.8778 Y-2.6054
X3.8767 Y-2.603
X3.8666 Y-2.5798 Z0.2763
X3.8623 Y-2.5703
X3.8593 Y-2.5643
X3.8546 Y-2.5558
X3.8502 Y-2.5489 Z0.2762
X3.8447 Y-2.5411
X3.8384 Y-2.5334
X3.8313 Y-2.5256
X3.8234 Y-2.5179
X3.8144 Y-2.5102 Z0.2763
X3.8081 Y-2.5056
X3.8035 Y-2.5025 Z0.2762
X3.8004 Y-2.5005
X3.7926 Y-2.4958
X3.7849 Y-2.4918
X3.7771 Y-2.4883
X3.7741 Y-2.487
X3.7694 Y-2.4852 Z0.2763
X3.7617 Y-2.4826 Z0.2762
X3.7539 Y-2.4804
X3.7493 Y-2.4793
X3.7462 Y-2.4786
X3.7384 Y-2.4771
X3.7307 Y-2.4761
X3.7229 Y-2.4754 Z0.2763
X3.7152 Y-2.475
X3.7075 Z0.2762
X3.6997 Y-2.4755
X3.692 Y-2.4763
X3.6842 Y-2.4774
X3.6747 Y-2.4793
X3.6687 Y-2.4808
X3.661 Y-2.4831
X3.6533 Y-2.4857
X3.6455 Y-2.4889 Z0.2763
X3.6378 Y-2.4922
X3.5449 Y-2.5342
X3.4675 Y-2.5681
X3.4404 Y-2.5798 Z0.2764
X3.3746 Y-2.6075 Z0.2763
X3.3436 Y-2.6206
X3.3049 Y-2.6363
X3.2429 Y-2.6614
X3.2143 Y-2.6726
X3.1423 Y-2.7006
X3.1191 Y-2.7094
X3.0339 Y-2.7412
X2.941 Y-2.7746
X2.9255 Y-2.7801
X2.8336 Y-2.8117
X2.8094 Y-2.8198
X2.7242 Y-2.8478
X2.6313 Y-2.8771
X2.6158 Y-2.8819
X2.5229 Y-2.9098
X2.5075 Y-2.9143
X2.4145 Y-2.9409
X2.3913 Y-2.9473
X2.3062 Y-2.9703
X2.2752 Y-2.9784
X2.1978 Y-2.9982 Z0.2764
X2.1513 Y-3.0095 Z0.2763
X2.0894 Y-3.0245
X1.9887 Y-3.0475
X1.9655 Y-3.0526
X1.8804 Y-3.0709
X1.8416 Y-3.0787
X1.7797 Y-3.0912
X1.772 Y-3.0928
X1.7642 Y-3.0945 Z0.2762
X1.7565 Y-3.0965
X1.7487 Y-3.0988
X1.741 Y-3.1016
X1.7333 Y-3.1047
X1.7255 Y-3.1084
X1.7166 Y-3.1133
X1.71 Y-3.1173 Z0.2763
X1.7046 Y-3.121 Z0.2762
X1.7023 Y-3.1227 Z0.2763
X1.6945 Y-3.1287 Z0.2762
X1.6868 Y-3.1356
X1.6783 Y-3.1442
X1.6713 Y-3.1523
X1.6656 Y-3.1596
X1.6604 Y-3.1674 Z0.2763
X1.6558 Y-3.1751
X1.6518 Y-3.1828
X1.6481 Y-3.1908 Z0.2762
X1.645 Y-3.1983
X1.6424 Y-3.206
X1.6401 Y-3.2138
X1.6382 Y-3.2215
X1.6338 Y-3.2447 Z0.2764
X1.6322 Y-3.2524
X1.6305 Y-3.2602
X1.6285 Y-3.2679
X1.6264 Y-3.2756 Z0.2765
X1.624 Y-3.2833 Z0.2764
X1.6215 Y-3.2911
X1.6188 Y-3.2988
X1.6159 Y-3.3065
X1.6127 Y-3.3143
X1.6093 Y-3.322
X1.6057 Y-3.3297
X1.6016 Y-3.3379
X1.5978 Y-3.3452
X1.5934 Y-3.3529 Z0.2765
X1.5862 Y-3.3649
X1.5839 Y-3.3684 Z0.2764
X1.5784 Y-3.3766
X1.5733 Y-3.3839
X1.5675 Y-3.3916
X1.5612 Y-3.3993
X1.5546 Y-3.407
X1.5474 Y-3.4151
X1.5397 Y-3.4235 Z0.2763
X1.5336 Y-3.4302 Z0.2762
X1.532 Y-3.4322
X1.5273 Y-3.438 Z0.2763
X1.5242 Y-3.4422 Z0.2762
X1.5218 Y-3.4457 Z0.2763
X1.5165 Y-3.4541 Z0.2762
X1.5125 Y-3.4612
X1.5086 Y-3.4689
X1.5053 Y-3.4766
X1.5024 Y-3.4844
X1.501 Y-3.4885
X1.4999 Y-3.4921
X1.4979 Y-3.4998
X1.4962 Y-3.5076
X1.4949 Y-3.5153
X1.4939 Y-3.523
X1.4933 Y-3.5307 Z0.2763
Y-3.5325
X1.4931 Y-3.5385
X1.4933 Y-3.5462 Z0.2762
X1.4939 Y-3.5539
X1.4948 Y-3.5617
X1.496 Y-3.5694
X1.4977 Y-3.5771
X1.4997 Y-3.5849
X1.501 Y-3.5893
X1.5021 Y-3.5926
X1.5049 Y-3.6003
X1.5087 Y-3.6091 Z0.2763
X1.5121 Y-3.6158
X1.5165 Y-3.6238
X1.5212 Y-3.6313 Z0.2762
X1.5267 Y-3.639 Z0.2763
X1.533 Y-3.6467 Z0.2762
X1.54 Y-3.6545
X1.548 Y-3.6622
X1.5552 Y-3.6683 Z0.2763
X1.5572 Y-3.6699
X1.5629 Y-3.6742
X1.568 Y-3.6776 Z0.2762
X1.5707 Y-3.6794
X1.5784 Y-3.684
X1.5862 Y-3.688 Z0.2763
X1.5939 Y-3.6915 Z0.2762
X1.5977 Y-3.6931
X1.6016 Y-3.6947
X1.6094 Y-3.6973
X1.6171 Y-3.6995
X1.6227 Y-3.7008
X1.6326 Y-3.7028
X1.6403 Y-3.7038
X1.6481 Y-3.7046 Z0.2763
X1.6558 Y-3.705
X1.6945 Y-3.7063
X1.7874 Y-3.7091
X1.8804 Y-3.7128
X1.9212 Y-3.7145
X1.9267 Y-3.7146 Z0.2762
X1.9322 Y-3.7144 Z0.2757
X1.9377 Y-3.7139 Z0.2751
X1.9432 Y-3.7132 Z0.2743
X1.9486 Y-3.7124 Z0.2733
X1.954 Y-3.7114 Z0.2722
X1.9755 Y-3.7069 Z0.2675
X1.9809 Y-3.7059 Z0.2664
X1.9863 Y-3.705 Z0.2654
X1.9918 Y-3.7043 Z0.2646
X1.9973 Y-3.7039 Z0.264
X2.0028 Y-3.7037 Z0.2635
X2.0084 Y-3.7038 Z0.2634
X2.0507 Y-3.706
X2.0816 Y-3.7078 Z0.2633
X2.1745 Y-3.7137 Z0.2634
X2.2055 Y-3.7158 Z0.2633
X2.3062 Y-3.7233 Z0.2634
X2.3371 Y-3.7258
X2.4223 Y-3.733
X2.4455 Y-3.735
X2.4765 Y-3.7378 Z0.2633
X2.5616 Y-3.746 Z0.2634
X2.6158 Y-3.7515 Z0.2633
X2.6933 Y-3.7598 Z0.2634
X2.7552 Y-3.7668 Z0.2633
X2.8249 Y-3.7751 Z0.2634
X2.8868 Y-3.7827 Z0.2633
X2.9487 Y-3.7907 Z0.2634
X3.0184 Y-3.8001 Z0.2633
X3.0822 Y-3.8091 Z0.2634
X3.1578 Y-3.8201 Z0.2633
X3.212 Y-3.8284 Z0.2634
X3.2971 Y-3.8418 Z0.2633
X3.3358 Y-3.8481 Z0.2634
X3.4287 Y-3.8638 Z0.2633
X3.4697 Y-3.8709 Z0.2634
X3.5681 Y-3.8887 Z0.2633
X3.5991 Y-3.8944 Z0.2634
X3.6997 Y-3.9137
X3.7229 Y-3.9183
X3.8325 Y-3.9405
X3.8546 Y-3.9451
X3.9707 Y-3.97
X4.0868 Y-3.9962
X4.1023 Y-3.9995 Z0.2633
X4.11 Y-4.0009 Z0.2632
X4.1178 Y-4.002 Z0.2633
X4.1215 Y-4.0024
X4.1255 Y-4.0026
X4.1333 Y-4.003 Z0.2634
X4.141 Y-4.0028 Z0.2633
X4.1474 Y-4.0024
X4.1565 Y-4.0013
X4.1642 Y-3.9999 Z0.2632
X4.172 Y-3.9982
X4.1797 Y-3.9959 Z0.2633
X4.1837 Y-3.9946
X4.1875 Y-3.9932
X4.1952 Y-3.9901
X4.2029 Y-3.9865
X4.2107 Y-3.9823
X4.2184 Y-3.9774
X4.2267 Y-3.9714 Z0.2632
X4.2339 Y-3.9654
X4.2358 Y-3.9637
X4.2417 Y-3.9581
X4.2437 Y-3.956
X4.2494 Y-3.9497
X4.2506 Y-3.9482
X4.2571 Y-3.9398 Z0.2633
X4.2619 Y-3.9328
X4.2665 Y-3.925
X4.2704 Y-3.9173
X4.2726 Y-3.9126
X4.2772 Y-3.9019 Z0.2634
X4.2836 Y-3.8864 Z0.2635
X4.2906 Y-3.8709
X4.2958 Y-3.8603 Z0.2634
X4.2983 Y-3.8555
X4.3036 Y-3.8456
X4.3067 Y-3.84
X4.3113 Y-3.8321
X4.316 Y-3.8245
X4.3191 Y-3.8196 Z0.2635
X4.3268 Y-3.8079 Z0.2634
X4.3314 Y-3.8013 Z0.2635
X4.337 Y-3.7936 Z0.2634
X4.3428 Y-3.7859 Z0.2635
X4.35 Y-3.7766 Z0.2634
X4.3552 Y-3.7704
X4.3618 Y-3.7627
X4.3655 Y-3.7585 Z0.2635
X4.3761 Y-3.7472
X4.3837 Y-3.7395
X4.3917 Y-3.7318
X4.4 Y-3.724 Z0.2634
X4.4042 Y-3.7202
X4.4088 Y-3.7163
X4.4197 Y-3.7071
X4.4277 Y-3.7008
X4.4352 Y-3.6952
X4.4489 Y-3.6854
X4.4507 Y-3.6841
X4.4607 Y-3.6776
X4.4662 Y-3.6742 Z0.2635
X4.4739 Y-3.6695 Z0.2634
X4.4817 Y-3.6649
X4.4894 Y-3.6606 Z0.2635
X4.4971 Y-3.6565 Z0.2634
X4.501 Y-3.6545 Z0.2635
X4.5049 Y-3.6525 Z0.2634
X4.5169 Y-3.6467 Z0.2635
X4.5204 Y-3.6451
X4.5281 Y-3.6417 Z0.2634
X4.5359 Y-3.6384
X4.5436 Y-3.6354
X4.5544 Y-3.6313 Z0.2635
X4.5668 Y-3.627 Z0.2634
X4.5746 Y-3.6245 Z0.2635
X4.59 Y-3.62
X4.5978 Y-3.6179 Z0.2634
X4.6064 Y-3.6158 Z0.2635
X4.6133 Y-3.6142
X4.621 Y-3.6126
X4.6288 Y-3.6111
X4.6365 Y-3.6097
X4.647 Y-3.6081
X4.6597 Y-3.6064 Z0.2634
X4.6675 Y-3.6055 Z0.2635
X4.6829 Y-3.6042 Z0.2634
X4.6907 Y-3.6038
X4.6984 Y-3.6035
X4.7062 Y-3.6033 Z0.2635
X4.7139 Y-3.6032 Z0.2634
X4.7217
X4.7371 Y-3.6038
X4.7449 Y-3.6042
X4.7526 Y-3.6048
X4.7604 Y-3.6055 Z0.2635
X4.7681 Y-3.6064
X4.7759 Y-3.6073 Z0.2634
X4.7836 Y-3.6084 Z0.2635
X4.7913 Y-3.6096 Z0.2634
X4.7991 Y-3.611 Z0.2635
X4.8068 Y-3.6125
X4.8146 Y-3.6141
X4.8223 Y-3.6159
X4.8378 Y-3.6198
X4.8455 Y-3.622
X4.8533 Y-3.6243
X4.861 Y-3.6268
X4.874 Y-3.6313
X4.8842 Y-3.6352
X4.8939 Y-3.639
X4.8997 Y-3.6415 Z0.2634
X4.9075 Y-3.6449
X4.9152 Y-3.6485
X4.9274 Y-3.6545 Z0.2635
X4.9307 Y-3.6561 Z0.2634
X4.9418 Y-3.6622 Z0.2635
X4.9462 Y-3.6646
X4.9552 Y-3.6699 Z0.2634
X4.9617 Y-3.6738 Z0.2635
X4.9771 Y-3.6838
X4.9849 Y-3.6892 Z0.2634
X4.9926 Y-3.6948 Z0.2635
X5.0006 Y-3.7008 Z0.2634
X5.0081 Y-3.7067 Z0.2635
X5.0159 Y-3.7132 Z0.2634
X5.0236 Y-3.7198 Z0.2635
X5.0313 Y-3.7268
X5.0367 Y-3.7318
X5.0468 Y-3.7417
X5.0523 Y-3.7472
X5.0623 Y-3.758
X5.07 Y-3.7668
X5.0778 Y-3.776
X5.0856 Y-3.7859
X5.0914 Y-3.7936 Z0.2634
X5.097 Y-3.8013 Z0.2635
X5.1024 Y-3.8091
X5.1088 Y-3.8187
X5.1125 Y-3.8245 Z0.2634
X5.1171 Y-3.8323
X5.1216 Y-3.84 Z0.2635
X5.1259 Y-3.8477 Z0.2634
X5.1301 Y-3.8555 Z0.2635
X5.134 Y-3.8632 Z0.2634
X5.1378 Y-3.8709 Z0.2635
X5.1413 Y-3.8787 Z0.2634
X5.1448 Y-3.8864 Z0.2635
X5.148 Y-3.8941
X5.1511 Y-3.9019 Z0.2634
X5.1541 Y-3.9096
X5.1568 Y-3.9173
X5.1595 Y-3.925 Z0.2635
X5.163 Y-3.9361 Z0.2634
X5.1643 Y-3.9405
X5.1665 Y-3.9482
X5.1685 Y-3.956 Z0.2635
X5.1707 Y-3.965
X5.1738 Y-3.9792
X5.1753 Y-3.9869
X5.1767 Y-3.9946 Z0.2634
X5.1779 Y-4.0024 Z0.2635
X5.18 Y-4.0178
X5.1808 Y-4.0256 Z0.2634
X5.1815 Y-4.0333
X5.1821 Y-4.041
X5.1826 Y-4.0487
X5.1829 Y-4.0565
X5.1832 Y-4.0719
X5.1831 Y-4.0797
X5.1826 Y-4.0951
X5.1821 Y-4.1029
X5.1816 Y-4.1106
X5.1809 Y-4.1183
X5.1793 Y-4.1338 Z0.2633
X5.1784 Y-4.1428
X5.1781 Y-4.1493
X5.178 Y-4.157
X5.1784 Y-4.1651
X5.1792 Y-4.1724
X5.1804 Y-4.1802
X5.182 Y-4.1879
X5.1839 Y-4.1956 Z0.2632
X5.1864 Y-4.2034
X5.1893 Y-4.2111 Z0.2633
X5.1927 Y-4.2188
X5.1939 Y-4.2214
X5.1966 Y-4.2266
X5.2017 Y-4.2351
X5.2064 Y-4.242
X5.2094 Y-4.2461
X5.2123 Y-4.2498
X5.2171 Y-4.2554
X5.2249 Y-4.2633
X5.2269 Y-4.2652
X5.2326 Y-4.2702
X5.2404 Y-4.2762
X5.2481 Y-4.2815
X5.2559 Y-4.286
X5.2636 Y-4.29
X5.2713 Y-4.2934
X5.2791 Y-4.2964
X5.2868 Y-4.2988 Z0.2632
X5.2946 Y-4.3009
X5.3023 Y-4.3025 Z0.2633
X5.31 Y-4.3039
X5.341 Y-4.3087 Z0.2634
X5.372 Y-4.3134
X5.3952 Y-4.3166
X5.4417 Y-4.3227 Z0.2633
X5.4571 Y-4.3246 Z0.2634
X5.5113 Y-4.3307
X5.5191 Y-4.3315
X5.581 Y-4.3372
X5.5888 Y-4.3379
X5.6522 Y-4.3425
X5.6662 Y-4.3434
X5.7281 Y-4.3466
X5.7591 Y-4.3477
X5.7978 Y-4.3489
X5.8133 Y-4.3492
X5.8752 Y-4.3499
X5.9449 Y-4.3494
X5.9836 Y-4.3483
X6.0146 Y-4.3474
X6.0378 Y-4.3464
X6.0842 Y-4.3441
X6.0997 Y-4.3432
X6.1539 Y-4.3395
X6.1617 Y-4.3389
X6.2159 Y-4.3342
X6.2313 Y-4.3328 Z0.2633
X6.2933 Y-4.3261 Z0.2634
X6.3088 Y-4.3243
X6.3707 Y-4.3163
X6.4028 Y-4.3116
X6.4326 Y-4.3072
X6.4404 Y-4.3059 Z0.2633
X6.4481 Y-4.3046
X6.4514 Y-4.3039
X6.4559 Y-4.3028 Z0.2632
X6.4636 Y-4.3008
X6.4713 Y-4.2982 Z0.2633
X6.4767 Y-4.2961
X6.4791 Y-4.2952
X6.4868 Y-4.2917
X6.4931 Y-4.2884
X6.4946 Y-4.2876
X6.5023 Y-4.2829
X6.5101 Y-4.2776
X6.516 Y-4.273
X6.5178 Y-4.2714
X6.5255 Y-4.2644
X6.5333 Y-4.2563
X6.5387 Y-4.2498
X6.541 Y-4.2468
X6.5444 Y-4.242
X6.5495 Y-4.2343
X6.5538 Y-4.2266
X6.5565 Y-4.2212
X6.5576 Y-4.2188
X6.5608 Y-4.2111
X6.5636 Y-4.2034 Z0.2632
X6.5659 Y-4.1956 Z0.2633
X6.5678 Y-4.1879
X6.5692 Y-4.1802
X6.5703 Y-4.1724 Z0.2632
X6.5709 Y-4.1647 Z0.2633
X6.5712 Y-4.157
X6.571 Y-4.1493
X6.5704 Y-4.1415 Z0.2632
X6.5694 Y-4.1338 Z0.2633
X6.568 Y-4.1261
X6.5662 Y-4.1183
X6.564 Y-4.1106 Z0.2632
X6.5614 Y-4.1029 Z0.2633
X6.553 Y-4.0797 Z0.2635
X6.5488 Y-4.0671 Z0.2634
X6.5453 Y-4.0565 Z0.2635
X6.5429 Y-4.0487
X6.5385 Y-4.0333
X6.5364 Y-4.0256
X6.5325 Y-4.0101 Z0.2634
X6.5307 Y-4.0024 Z0.2635
X6.5274 Y-3.9869 Z0.2634
X6.5255 Y-3.9772
X6.5232 Y-3.9637
X6.5219 Y-3.956 Z0.2635
X6.5198 Y-3.9405 Z0.2634
X6.5188 Y-3.9328
X6.5178 Y-3.9235
X6.5165 Y-3.9096
X6.5159 Y-3.9019
X6.515 Y-3.8864
X6.5146 Y-3.8787
X6.514 Y-3.8555 Z0.2633
X6.5137 Y-3.8477
X6.5131 Y-3.84
X6.5122 Y-3.8323
X6.5108 Y-3.8245 Z0.2632
X6.5101 Y-3.8211 Z0.2633
X6.509 Y-3.8168 Z0.2632
X6.5068 Y-3.8091 Z0.2633
X6.5041 Y-3.8013
X6.5023 Y-3.7968
X6.5009 Y-3.7936
X6.4973 Y-3.7859
X6.493 Y-3.7782
X6.4881 Y-3.7704
X6.4868 Y-3.7685
X6.4826 Y-3.7627
X6.4791 Y-3.7583
X6.4762 Y-3.755
X6.4713 Y-3.7497
X6.4689 Y-3.7472
X6.4636 Y-3.7423
X6.4604 Y-3.7395 Z0.2632
X6.4559 Y-3.7358 Z0.2633
X6.4504 Y-3.7318
X6.4481 Y-3.7301
X6.4404 Y-3.7252
X6.4384 Y-3.724
X6.4326 Y-3.7209
X6.4249 Y-3.7171
X6.4172 Y-3.7139 Z0.2632
X6.4094 Y-3.7112
X6.4002 Y-3.7086 Z0.2633
X6.3939 Y-3.7071
X6.3862 Y-3.7057
X6.3784 Y-3.7046
X6.363 Y-3.7027 Z0.2634
X6.332 Y-3.6991
X6.3165 Y-3.6971
X6.2883 Y-3.6931
X6.2778 Y-3.6916
X6.2623 Y-3.6891
X6.2313 Y-3.6838
X6.2081 Y-3.6795
X6.1849 Y-3.6749
X6.1694 Y-3.6717
X6.1462 Y-3.6666
X6.1307 Y-3.6631
X6.0997 Y-3.6555
X6.0842 Y-3.6516
X6.0533 Y-3.6432
X6.0378 Y-3.6389
X6.0068 Y-3.6296
X5.9869 Y-3.6235
X5.9526 Y-3.6122
X5.9402 Y-3.6081
X5.9294 Y-3.6042
X5.8973 Y-3.5926
X5.883 Y-3.5872
X5.8597 Y-3.5781
X5.8442 Y-3.572
X5.821 Y-3.5624
X5.8012 Y-3.5539
X5.7746 Y-3.5421 Z0.2633
X5.7591 Y-3.535 Z0.2634
X5.7281 Y-3.5203
X5.7126 Y-3.5128
X5.6817 Y-3.4971
X5.6662 Y-3.489
X5.6293 Y-3.4689
X5.6156 Y-3.4612
X5.581 Y-3.4411
X5.5632 Y-3.4302
X5.5381 Y-3.4148
X5.5191 Y-3.4025
X5.4959 Y-3.3873
X5.4794 Y-3.3761 Z0.2633
X5.4571 Y-3.3607 Z0.2634
X5.4356 Y-3.3452
X5.4184 Y-3.3327
X5.4107 Y-3.3269
X5.3941 Y-3.3143
X5.3797 Y-3.3032
X5.372 Y-3.2971
X5.3453 Y-3.2756
X5.3359 Y-3.2679
X5.3085 Y-3.2447
X5.2995 Y-3.237
X5.2791 Y-3.2187
X5.2636 Y-3.2048
X5.2481 Y-3.1903
X5.224 Y-3.1674
X5.2083 Y-3.1519
X5.1929 Y-3.1365
X5.1778 Y-3.121
X5.163 Y-3.1053
X5.1552 Y-3.0971 Z0.2635
X5.1346 Y-3.0746 Z0.2634
X5.1208 Y-3.0591
X5.1007 Y-3.0359
X5.0933 Y-3.0273
X5.0855 Y-3.018
X5.0685 Y-2.9973
X5.0622 Y-2.9896
X5.0546 Y-2.9799
X5.0313 Y-2.9501 Z0.2633
X5.0236 Y-2.9406
X5.0191 Y-2.9354
X5.0159 Y-2.932 Z0.2632
X5.0115 Y-2.9277 Z0.2633
X5.0081 Y-2.9245 Z0.2632
X5.0004 Y-2.9181
X4.9925 Y-2.9122 Z0.2633
X4.9849 Y-2.9074
X4.9771 Y-2.9032
X4.9694 Y-2.8994
X4.9632 Y-2.8968
X4.9539 Y-2.8935 Z0.2632
X4.9462 Y-2.8912
X4.9368 Y-2.889
X4.9307 Y-2.888 Z0.2633
X4.9229 Y-2.887
X4.9152 Y-2.8863
X4.9075 Y-2.8861
X4.8997 Y-2.8864
X4.892 Y-2.887
X4.8842 Y-2.888
X4.8787 Y-2.889
X4.8765 Y-2.8895 Z0.2632
X4.8688 Y-2.8914
X4.861 Y-2.8937 Z0.2633
X4.8522 Y-2.8968
X4.8455 Y-2.8996
X4.8378 Y-2.9033
X4.83 Y-2.9076
X4.8068 Y-2.9209 Z0.2635
X4.7942 Y-2.9277 Z0.2634
X4.7836 Y-2.9332
X4.7681 Y-2.9408
X4.7631 Y-2.9432
X4.7449 Y-2.9513
X4.7371 Y-2.9546
X4.7217 Y-2.9607
X4.7139 Y-2.9637
X4.6984 Y-2.9692
X4.6907 Y-2.9718
X4.6752 Y-2.9767
X4.6675 Y-2.9791 Z0.2635
X4.652 Y-2.9834 Z0.2634
X4.6442 Y-2.9854 Z0.2635
X4.6268 Y-2.9896 Z0.2634
X4.621 Y-2.9909 Z0.2635
X4.6055 Y-2.994 Z0.2634
X4.5978 Y-2.9955 Z0.2635
X4.587 Y-2.9973 Z0.2634
X4.5746 Y-2.9992 Z0.2635
X4.5591 Y-3.0012 Z0.2634
X4.5513 Y-3.0022
X4.5436 Y-3.0029
X4.5281 Y-3.0043
X4.5166 Y-3.005
X4.5049 Y-3.0056
X4.4971 Y-3.0059
X4.4894 Y-3.0061 Z0.2633
X4.4739 Z0.2634
X4.4584 Y-3.0059
X4.4507 Y-3.0056
X4.4352 Y-3.0047
X4.4275 Y-3.0042
X4.4197 Y-3.0036
X4.4042 Y-3.002
X4.3965 Y-3.0012
X4.381 Y-2.9991
X4.3733 Y-2.9979 Z0.2635
X4.3578 Y-2.9953 Z0.2634
X4.35 Y-2.9938 Z0.2635
X4.3346 Y-2.9906 Z0.2634
X4.3268 Y-2.9889
X4.3113 Y-2.9851
X4.3036 Y-2.9832
X4.2958 Y-2.981
X4.2804 Y-2.9765
X4.2726 Y-2.9741
X4.2571 Y-2.9689 Z0.2635
X4.2494 Y-2.9662 Z0.2634
X4.2339 Y-2.9604
X4.2262 Y-2.9573
X4.2107 Y-2.9509
X4.2029 Y-2.9475
X4.1875 Y-2.9403
X4.1775 Y-2.9354
X4.1623 Y-2.9277 Z0.2635
X4.1482 Y-2.92 Z0.2634
X4.141 Y-2.916 Z0.2635
X4.1255 Y-2.9067 Z0.2634
X4.1178 Y-2.9019
X4.1098 Y-2.8968
X4.0982 Y-2.889 Z0.2635
X4.0868 Y-2.8812 Z0.2634
X4.0791 Y-2.8756 Z0.2635
X4.0661 Y-2.8659 Z0.2634
X4.0558 Y-2.8578
X4.0468 Y-2.8504
X4.0376 Y-2.8427
X4.0249 Y-2.8314
X4.0203 Y-2.8272 Z0.2635
X4.0094 Y-2.8169 Z0.2634
X4.0017 Y-2.8093 Z0.2635
X3.9939 Y-2.8015 Z0.2634
X3.9862 Y-2.7934 Z0.2635
X3.9784 Y-2.785 Z0.2634
X3.9677 Y-2.7731
X3.9612 Y-2.7653
X3.9547 Y-2.7576
X3.9475 Y-2.7485
X3.9397 Y-2.7385
X3.9367 Y-2.7344 Z0.2635
X3.931 Y-2.7267 Z0.2634
X3.9242 Y-2.7172 Z0.2635
X3.9165 Y-2.7058 Z0.2634
X3.9087 Y-2.694 Z0.2635
X3.901 Y-2.6816 Z0.2634
X3.8956 Y-2.6726
X3.8868 Y-2.6571
X3.8826 Y-2.6494
X3.8746 Y-2.6339
X3.87 Y-2.6247
X3.8635 Y-2.6107
X3.86 Y-2.603
X3.8533 Y-2.5875 Z0.2633
X3.8499 Y-2.5798
X3.8461 Y-2.5721
X3.8419 Y-2.5643
X3.837 Y-2.5566
X3.8313 Y-2.5488
X3.8249 Y-2.5411 Z0.2632
X3.8176 Y-2.5334
X3.8158 Y-2.5318
X3.8091 Y-2.5257 Z0.2633
X3.8081 Y-2.5248
X3.8004 Y-2.5188
X3.7992 Y-2.5179
X3.7926 Y-2.5136
X3.7849 Y-2.509
X3.7771 Y-2.505
X3.7694 Y-2.5016
X3.7617 Y-2.4987
X3.7539 Y-2.4963
X3.7485 Y-2.4948 Z0.2632
X3.7462 Y-2.4942 Z0.2633
X3.7384 Y-2.4926 Z0.2632
X3.7307 Y-2.4914 Z0.2633
X3.7229 Y-2.4907
X3.7152 Y-2.4902
X3.7075 Y-2.4903
X3.6997 Y-2.4908
X3.692 Y-2.4917
X3.6842 Y-2.4929
X3.6757 Y-2.4948
X3.6687 Y-2.4967 Z0.2632
X3.661 Y-2.4992 Z0.2633
X3.6525 Y-2.5025
X3.6455 Y-2.5055
X3.5666 Y-2.5411 Z0.2634
X3.5449 Y-2.5509
X3.452 Y-2.5914
X3.4055 Y-2.6111
X3.3511 Y-2.6339
X3.3204 Y-2.6465
X3.2507 Y-2.6747
X3.2352 Y-2.6808
X3.15 Y-2.714
X3.1346 Y-2.7199
X3.0416 Y-2.7546
X3.0107 Y-2.7658
X2.941 Y-2.7908
X2.91 Y-2.8016
X2.8326 Y-2.8282
X2.7629 Y-2.8512
X2.732 Y-2.8613
X2.701 Y-2.8712
X2.6236 Y-2.8955
X2.5229 Y-2.9257
X2.4842 Y-2.9368
X2.4145 Y-2.9567
X2.3294 Y-2.9798
X2.3062 Y-2.9861
X2.2442 Y-3.002
X2.1978 Y-3.0139
X2.0971 Y-3.0383
X2.0662 Y-3.0455
X1.9887 Y-3.0632
X1.9345 Y-3.0749
X1.8804 Y-3.0865
X1.7797 Y-3.1067 Z0.2633
X1.772 Y-3.1084
X1.7642 Y-3.1102
X1.7565 Y-3.1123
X1.7535 Y-3.1133
X1.7487 Y-3.115
X1.741 Y-3.118
X1.7333 Y-3.1216
X1.7255 Y-3.1257
X1.7205 Y-3.1287
X1.7178 Y-3.1305
X1.7094 Y-3.1365
X1.7023 Y-3.1422
X1.7 Y-3.1442 Z0.2632
X1.6945 Y-3.1494
X1.692 Y-3.1519
X1.6868 Y-3.1576
X1.685 Y-3.1596
X1.6789 Y-3.1674 Z0.2633
X1.6736 Y-3.1751
X1.669 Y-3.1828
X1.665 Y-3.1906
X1.6636 Y-3.1935
X1.6615 Y-3.1983
X1.6585 Y-3.206 Z0.2632
X1.6558 Y-3.2142
X1.6539 Y-3.2215 Z0.2633
X1.6522 Y-3.2292
X1.6481 Y-3.2509 Z0.2635
X1.6461 Y-3.2602
X1.6442 Y-3.2679
X1.6422 Y-3.2756
X1.6399 Y-3.2833
X1.6375 Y-3.2911
X1.6349 Y-3.2988
X1.6322 Y-3.3065
X1.6292 Y-3.3143 Z0.2634
X1.626 Y-3.322 Z0.2635
X1.6225 Y-3.3297 Z0.2634
X1.6189 Y-3.3375 Z0.2635
X1.615 Y-3.3452
X1.6094 Y-3.3556
X1.6065 Y-3.3607
X1.6016 Y-3.3688
X1.5971 Y-3.3761
X1.5919 Y-3.3839 Z0.2634
X1.5862 Y-3.392
X1.5807 Y-3.3993 Z0.2635
X1.5746 Y-3.407
X1.5707 Y-3.4117
X1.5613 Y-3.4225
X1.5472 Y-3.438 Z0.2633
X1.5397 Y-3.4469
X1.535 Y-3.4534
X1.532 Y-3.458
X1.53 Y-3.4612
X1.5257 Y-3.4689
X1.5219 Y-3.4766
X1.5186 Y-3.4844 Z0.2632
X1.5159 Y-3.4921 Z0.2633
X1.5137 Y-3.4998 Z0.2632
X1.5118 Y-3.5076 Z0.2633
X1.5103 Y-3.5153 Z0.2632
X1.5093 Y-3.523 Z0.2633
X1.5086 Y-3.5307
X1.5084 Y-3.5385
X1.5086 Y-3.5462
X1.5092 Y-3.5539
X1.5102 Y-3.5617
X1.5116 Y-3.5694
X1.5134 Y-3.5771 Z0.2632
X1.5156 Y-3.5849 Z0.2633
X1.5165 Y-3.5875
X1.5183 Y-3.5926
X1.5215 Y-3.6003
X1.5242 Y-3.6061
X1.5252 Y-3.6081
X1.5295 Y-3.6158
X1.5344 Y-3.6235
X1.54 Y-3.6313
X1.5465 Y-3.639 Z0.2632
X1.5539 Y-3.6467
X1.5552 Y-3.648
X1.5629 Y-3.6549 Z0.2633
X1.5707 Y-3.661
X1.5723 Y-3.6622
X1.5784 Y-3.6662
X1.5862 Y-3.6708
X1.5939 Y-3.6748
X1.6016 Y-3.6782
X1.6094 Y-3.6812
X1.6171 Y-3.6836 Z0.2632
X1.6249 Y-3.6857
X1.6326 Y-3.6873 Z0.2633
X1.6403 Y-3.6885
X1.6481 Y-3.6893
X1.6558 Y-3.6898
X1.6713 Y-3.6903 Z0.2634
X1.7874 Y-3.6938
X1.8804 Y-3.6976
X1.9219 Y-3.6993
X2.0084 Y-3.7038
X2.0139 Y-3.7039 Z0.2633
X2.0195 Y-3.7036 Z0.2629
X2.025 Y-3.7031 Z0.2623
X2.0304 Y-3.7023 Z0.2615
X2.0359 Y-3.7014 Z0.2607
X2.0413 Y-3.7003 Z0.2597
X2.0628 Y-3.6956 Z0.2554
X2.0682 Y-3.6945 Z0.2545
X2.0736 Y-3.6936 Z0.2536
X2.0791 Y-3.6929 Z0.2528
X2.0846 Y-3.6924 Z0.2523
X2.0901 Y-3.6922 Z0.2519
X2.0957 Y-3.6924 Z0.2518
X2.1823 Y-3.6979
X2.221 Y-3.7006 Z0.2517
X2.3062 Y-3.707 Z0.2518
X2.3371 Y-3.7094
X2.4223 Y-3.7166
X2.4455 Y-3.7186
X2.4842 Y-3.7222 Z0.2517
X2.5694 Y-3.7304 Z0.2518
X2.6236 Y-3.7359 Z0.2517
X2.6933 Y-3.7434 Z0.2518
X2.7552 Y-3.7504 Z0.2517
X2.8249 Y-3.7586 Z0.2518
X2.8946 Y-3.7673 Z0.2517
X2.9565 Y-3.7753 Z0.2518
X3.0262 Y-3.7848 Z0.2517
X3.0804 Y-3.7924 Z0.2518
X3.1578 Y-3.8037 Z0.2517
X3.212 Y-3.8119 Z0.2518
X3.2971 Y-3.8253 Z0.2517
X3.3436 Y-3.8329 Z0.2518
X3.4365 Y-3.8486
X3.4675 Y-3.854
X3.5681 Y-3.8721 Z0.2517
X3.6034 Y-3.8787 Z0.2518
X3.7075 Y-3.8986
X3.7307 Y-3.9032
X3.8391 Y-3.9252
X3.8623 Y-3.9301
X3.9707 Y-3.9533
X4.0017 Y-3.9603
X4.0946 Y-3.9812
X4.1023 Y-3.9828 Z0.2517
X4.11 Y-3.9843
X4.1178 Y-3.9855
X4.1255 Y-3.9863
X4.1333 Y-3.9867
X4.141 Y-3.9865
X4.1488 Y-3.9858
X4.1565 Y-3.9847 Z0.2516
X4.1642 Y-3.9832
X4.172 Y-3.9812 Z0.2517
X4.1785 Y-3.9792
X4.1875 Y-3.9757
X4.1952 Y-3.9721
X4.2029 Y-3.9679
X4.2096 Y-3.9637
X4.2184 Y-3.9571 Z0.2516
X4.2198 Y-3.956
X4.2262 Y-3.9503
X4.2284 Y-3.9482
X4.2339 Y-3.9425
X4.2357 Y-3.9405
X4.242 Y-3.9328 Z0.2517
X4.2475 Y-3.925
X4.2494 Y-3.9219
X4.2522 Y-3.9173
X4.2561 Y-3.9096
X4.2571 Y-3.9073
X4.2595 Y-3.9019
X4.2659 Y-3.8864 Z0.2518
X4.2692 Y-3.8787 Z0.2519
X4.2727 Y-3.8709 Z0.2518
X4.2763 Y-3.8632 Z0.2519
X4.2804 Y-3.8549 Z0.2518
X4.284 Y-3.8477
X4.2881 Y-3.84
X4.2924 Y-3.8323
X4.2969 Y-3.8245
X4.3036 Y-3.8136 Z0.2519
X4.3065 Y-3.8091
X4.3116 Y-3.8013 Z0.2518
X4.3169 Y-3.7936 Z0.2519
X4.3224 Y-3.7859 Z0.2518
X4.3282 Y-3.7782 Z0.2519
X4.3346 Y-3.77 Z0.2518
X4.3404 Y-3.7627
X4.347 Y-3.755
X4.35 Y-3.7514
X4.3538 Y-3.7472 Z0.2519
X4.361 Y-3.7395 Z0.2518
X4.3684 Y-3.7318 Z0.2519
X4.3762 Y-3.724
X4.381 Y-3.7194
X4.3888 Y-3.7123 Z0.2518
X4.3965 Y-3.7054 Z0.2519
X4.4042 Y-3.6988 Z0.2518
X4.412 Y-3.6924
X4.4212 Y-3.6854
X4.4275 Y-3.6807 Z0.2519
X4.4352 Y-3.6751 Z0.2518
X4.4429 Y-3.6697
X4.4507 Y-3.6647
X4.4584 Y-3.6598 Z0.2519
X4.4673 Y-3.6545 Z0.2518
X4.4739 Y-3.6506
X4.4817 Y-3.6463 Z0.2519
X4.4894 Y-3.6421 Z0.2518
X4.4971 Y-3.6381
X4.5049 Y-3.6344
X4.5126 Y-3.6308 Z0.2519
X4.5204 Y-3.6273 Z0.2518
X4.5292 Y-3.6235
X4.5359 Y-3.6209
X4.5493 Y-3.6158 Z0.2519
X4.5591 Y-3.6124 Z0.2518
X4.5668 Y-3.6098 Z0.2519
X4.5746 Y-3.6075 Z0.2518
X4.5823 Y-3.6052 Z0.2519
X4.59 Y-3.6031
X4.6011 Y-3.6003
X4.6055 Y-3.5993
X4.6133 Y-3.5976
X4.621 Y-3.596
X4.6288 Y-3.5945
X4.6405 Y-3.5926
X4.6442 Y-3.592
X4.652 Y-3.591
X4.6597 Y-3.59 Z0.2518
X4.6675 Y-3.5892 Z0.2519
X4.6829 Y-3.5879 Z0.2518
X4.6907 Y-3.5875
X4.6984 Y-3.5872
X4.7062 Y-3.587 Z0.2519
X4.7139 Y-3.5869 Z0.2518
X4.7217
X4.7371 Y-3.5875
X4.7449 Y-3.5879 Z0.2519
X4.7526 Y-3.5885 Z0.2518
X4.7604 Y-3.5891
X4.7681 Y-3.59 Z0.2519
X4.7759 Y-3.5909 Z0.2518
X4.7836 Y-3.5919 Z0.2519
X4.7913 Y-3.5931 Z0.2518
X4.7991 Y-3.5944 Z0.2519
X4.8068 Y-3.5959
X4.8146 Y-3.5975
X4.8223 Y-3.5992
X4.83 Y-3.601
X4.8378 Y-3.603
X4.8455 Y-3.6051
X4.8557 Y-3.6081
X4.861 Y-3.6097
X4.8765 Y-3.6149 Z0.2518
X4.8791 Y-3.6158 Z0.2519
X4.892 Y-3.6207
X4.8997 Y-3.6238
X4.9075 Y-3.6271 Z0.2518
X4.9169 Y-3.6313 Z0.2519
X4.9229 Y-3.6341 Z0.2518
X4.9329 Y-3.639
X4.9384 Y-3.6418
X4.9475 Y-3.6467
X4.9539 Y-3.6503 Z0.2519
X4.9617 Y-3.6548 Z0.2518
X4.9694 Y-3.6594 Z0.2519
X4.9856 Y-3.6699
X4.9926 Y-3.6748 Z0.2518
X5.0004 Y-3.6803
X5.0081 Y-3.6861
X5.0171 Y-3.6931 Z0.2519
X5.0265 Y-3.7008 Z0.2518
X5.0313 Y-3.705 Z0.2519
X5.0355 Y-3.7086
X5.0468 Y-3.719
X5.0546 Y-3.7265
X5.0623 Y-3.7342
X5.07 Y-3.7424
X5.0745 Y-3.7472
X5.0813 Y-3.755
X5.0879 Y-3.7627
X5.0942 Y-3.7704 Z0.2518
X5.101 Y-3.7793 Z0.2519
X5.1059 Y-3.7859 Z0.2518
X5.1115 Y-3.7936 Z0.2519
X5.1168 Y-3.8013 Z0.2518
X5.1242 Y-3.8127 Z0.2519
X5.1268 Y-3.8168 Z0.2518
X5.132 Y-3.8254
X5.136 Y-3.8323 Z0.2519
X5.1402 Y-3.84 Z0.2518
X5.1444 Y-3.8477 Z0.2519
X5.1483 Y-3.8555 Z0.2518
X5.1521 Y-3.8632 Z0.2519
X5.1557 Y-3.8709 Z0.2518
X5.1592 Y-3.8787
X5.163 Y-3.8876
X5.1656 Y-3.8941
X5.1686 Y-3.9019 Z0.2519
X5.1714 Y-3.9096 Z0.2518
X5.174 Y-3.9173 Z0.2519
X5.1766 Y-3.925 Z0.2518
X5.179 Y-3.9328
X5.1812 Y-3.9405 Z0.2519
X5.1833 Y-3.9482 Z0.2518
X5.1862 Y-3.9596 Z0.2519
X5.1888 Y-3.9714
X5.1904 Y-3.9792
X5.1918 Y-3.9869 Z0.2518
X5.1932 Y-3.9946 Z0.2519
X5.1944 Y-4.0024 Z0.2518
X5.1964 Y-4.0178 Z0.2519
X5.1979 Y-4.0333 Z0.2518
X5.1985 Y-4.041
X5.1989 Y-4.0487
X5.1992 Y-4.0565
X5.1995 Y-4.0719
X5.1994 Y-4.0797
X5.1989 Y-4.0951
X5.1985 Y-4.1029
X5.1979 Y-4.1106
X5.1972 Y-4.1183 Z0.2519
X5.1949 Y-4.1415 Z0.2517
X5.1944 Y-4.1493
X5.1943 Y-4.157
X5.1948 Y-4.1647
X5.1957 Y-4.1724 Z0.2516
X5.197 Y-4.1802
X5.1988 Y-4.1879
X5.2017 Y-4.1977
X5.2038 Y-4.2034 Z0.2517
X5.207 Y-4.2111
X5.2094 Y-4.2159
X5.211 Y-4.2188
X5.2156 Y-4.2266
X5.2171 Y-4.2289
X5.221 Y-4.2343
X5.2249 Y-4.2394
X5.2271 Y-4.242
X5.2326 Y-4.248
X5.2344 Y-4.2498
X5.2404 Y-4.2553
X5.2429 Y-4.2575
X5.2481 Y-4.2616
X5.2559 Y-4.2671
X5.2636 Y-4.2717
X5.266 Y-4.273
X5.2713 Y-4.2756
X5.2791 Y-4.279
X5.2836 Y-4.2807
X5.2868 Y-4.2818 Z0.2516
X5.2946 Y-4.284
X5.3023 Y-4.2859 Z0.2517
X5.31 Y-4.2874
X5.3255 Y-4.2898 Z0.2518
X5.372 Y-4.2969
X5.3875 Y-4.2991
X5.4417 Y-4.3063
X5.4494 Y-4.3073 Z0.2517
X5.5113 Y-4.3143 Z0.2518
X5.5191 Y-4.3151
X5.581 Y-4.3209
X5.5965 Y-4.3222
X5.6584 Y-4.3266
X5.6739 Y-4.3275
X5.7281 Y-4.3303
X5.7436 Y-4.3309
X5.7978 Y-4.3326
X5.8133 Y-4.3329
X5.8752 Y-4.3337
X5.9449 Y-4.3331
X6.0068 Y-4.3314
X6.0146 Y-4.3311
X6.0378 Y-4.3301
X6.0842 Y-4.3278
X6.0997 Y-4.3269
X6.1539 Y-4.3232
X6.1694 Y-4.3219
X6.2236 Y-4.3171
X6.2391 Y-4.3156
X6.2933 Y-4.3097
X6.301 Y-4.3088 Z0.2517
X6.363 Y-4.3009 Z0.2518
X6.3707 Y-4.2999 Z0.2517
X6.4172 Y-4.293 Z0.2518
X6.4326 Y-4.2907
X6.4404 Y-4.2894 Z0.2517
X6.4481 Y-4.2879
X6.4559 Y-4.286 Z0.2516
X6.4636 Y-4.2836 Z0.2517
X6.4715 Y-4.2807
X6.4791 Y-4.2773
X6.4873 Y-4.273
X6.4946 Y-4.2685
X6.4993 Y-4.2652
X6.5023 Y-4.2629
X6.509 Y-4.2575
X6.5101 Y-4.2565
X6.5178 Y-4.249
X6.524 Y-4.242
X6.5255 Y-4.2401
X6.5299 Y-4.2343
X6.5333 Y-4.2294
X6.5351 Y-4.2266
X6.5394 Y-4.2188
X6.541 Y-4.2157
X6.5432 Y-4.2111
X6.5463 Y-4.2034
X6.5489 Y-4.1956
X6.551 Y-4.1879 Z0.2516
X6.5527 Y-4.1802
X6.5538 Y-4.1724 Z0.2517
X6.5546 Y-4.1647
X6.5549 Y-4.157
X6.5547 Y-4.1493
X6.554 Y-4.1415
X6.5529 Y-4.1338 Z0.2516
X6.5513 Y-4.1261
X6.5488 Y-4.1165
X6.5468 Y-4.1106 Z0.2517
X6.5441 Y-4.1029
X6.5385 Y-4.0874 Z0.2518
X6.5358 Y-4.0797 Z0.2519
X6.5307 Y-4.0642 Z0.2518
X6.5283 Y-4.0565 Z0.2519
X6.5237 Y-4.041 Z0.2518
X6.5216 Y-4.0333 Z0.2519
X6.5177 Y-4.0178 Z0.2518
X6.5158 Y-4.0101 Z0.2519
X6.514 Y-4.0024 Z0.2518
X6.5108 Y-3.9869
X6.5093 Y-3.9792
X6.5067 Y-3.9637
X6.5055 Y-3.956
X6.5034 Y-3.9405
X6.5023 Y-3.9319 Z0.2519
X6.5016 Y-3.925 Z0.2518
X6.5001 Y-3.9096
X6.4996 Y-3.9019
X6.4987 Y-3.8864
X6.4983 Y-3.8787
X6.4977 Y-3.8555 Z0.2517
X6.4974 Y-3.8477
X6.4967 Y-3.84
X6.4956 Y-3.8323
X6.4946 Y-3.8265
X6.4941 Y-3.8245
X6.492 Y-3.8168 Z0.2516
X6.4896 Y-3.8091 Z0.2517
X6.4865 Y-3.8013
X6.4829 Y-3.7936
X6.4787 Y-3.7859
X6.4737 Y-3.7782
X6.4713 Y-3.7749
X6.4679 Y-3.7704
X6.4636 Y-3.7653
X6.4612 Y-3.7627
X6.4559 Y-3.7573
X6.4533 Y-3.755
X6.4481 Y-3.7505
X6.4439 Y-3.7472
X6.4404 Y-3.7446
X6.4325 Y-3.7395
X6.4249 Y-3.7352
X6.4172 Y-3.7316
X6.4094 Y-3.7285 Z0.2516
X6.4017 Y-3.7259
X6.3939 Y-3.7238
X6.3862 Y-3.7222
X6.3784 Y-3.721 Z0.2517
X6.363 Y-3.7191 Z0.2518
X6.332 Y-3.7155
X6.3242 Y-3.7146
X6.301 Y-3.7114
X6.2778 Y-3.708
X6.2546 Y-3.7043
X6.2313 Y-3.7004
X6.2159 Y-3.6975
X6.1926 Y-3.6931
X6.1771 Y-3.69 Z0.2519
X6.1539 Y-3.685 Z0.2518
X6.1307 Y-3.6798
X6.0997 Y-3.6723
X6.0842 Y-3.6684
X6.0688 Y-3.6643
X6.0455 Y-3.658
X6.0301 Y-3.6536
X5.9991 Y-3.6443
X5.9819 Y-3.639
X5.9526 Y-3.6294
X5.9351 Y-3.6235
X5.9217 Y-3.6188
X5.8907 Y-3.6075
X5.8717 Y-3.6003
X5.8442 Y-3.5895
X5.8288 Y-3.5832
X5.8055 Y-3.5735
X5.796 Y-3.5694
X5.7746 Y-3.56
X5.7591 Y-3.553
X5.7513 Y-3.5494
X5.7204 Y-3.5347
X5.7049 Y-3.5271
X5.6739 Y-3.5114
X5.6584 Y-3.5033
X5.6236 Y-3.4844
X5.6098 Y-3.4766
X5.581 Y-3.46
X5.5699 Y-3.4534
X5.5572 Y-3.4457
X5.5322 Y-3.4302
X5.5191 Y-3.4219
X5.5036 Y-3.4119
X5.4881 Y-3.4017
X5.4726 Y-3.3912 Z0.2517
X5.4494 Y-3.3751 Z0.2518
X5.4339 Y-3.3641
X5.4107 Y-3.3472
X5.3977 Y-3.3375
X5.3774 Y-3.322
X5.3642 Y-3.3117
X5.3385 Y-3.2911
X5.3255 Y-3.2804
X5.2925 Y-3.2524
X5.2837 Y-3.2447
X5.2559 Y-3.2197
X5.2481 Y-3.2126
X5.2326 Y-3.1981
X5.2165 Y-3.1828
X5.2086 Y-3.1751
X5.193 Y-3.1596
X5.1776 Y-3.1442
X5.1627 Y-3.1287
X5.1475 Y-3.1126
X5.1397 Y-3.1043
X5.1242 Y-3.0874
X5.1088 Y-3.0701
X5.0925 Y-3.0514
X5.0793 Y-3.0359
X5.0546 Y-3.006
X5.0468 Y-2.9964
X5.0173 Y-2.9586 Z0.2517
X5.011 Y-2.9509
X5.0081 Y-2.9476
X5.004 Y-2.9432 Z0.2516
X5.0004 Y-2.9396 Z0.2517
X4.9958 Y-2.9354 Z0.2516
X4.9926 Y-2.9328 Z0.2517
X4.9849 Y-2.9269
X4.9771 Y-2.9218
X4.974 Y-2.92
X4.9694 Y-2.9175
X4.9617 Y-2.9138
X4.958 Y-2.9122
X4.9539 Y-2.9107
X4.9462 Y-2.9082 Z0.2516
X4.9384 Y-2.9062
X4.9307 Y-2.9045 Z0.2517
X4.9229 Y-2.9034
X4.9152 Y-2.9027
X4.9075 Y-2.9024
X4.8997 Y-2.9027
X4.892 Y-2.9034
X4.8842 Y-2.9046
X4.8765 Y-2.9063 Z0.2516
X4.8688 Y-2.9083
X4.861 Y-2.9109
X4.8574 Y-2.9122 Z0.2517
X4.8533 Y-2.914
X4.8455 Y-2.9177
X4.8378 Y-2.9219
X4.8141 Y-2.9354 Z0.2518
X4.8068 Y-2.9394
X4.7991 Y-2.9435
X4.7913 Y-2.9475
X4.7759 Y-2.9552
X4.7681 Y-2.9588
X4.751 Y-2.9664
X4.7449 Y-2.969
X4.7294 Y-2.9752
X4.7217 Y-2.9782 Z0.2519
X4.7062 Y-2.9838 Z0.2518
X4.6984 Y-2.9864 Z0.2519
X4.6829 Y-2.9914 Z0.2518
X4.6752 Y-2.9938 Z0.2519
X4.6597 Y-2.9981 Z0.2518
X4.652 Y-3.0002 Z0.2519
X4.6442 Y-3.0022 Z0.2518
X4.6288 Y-3.0058 Z0.2519
X4.621 Y-3.0075 Z0.2518
X4.6055 Y-3.0106
X4.5933 Y-3.0128
X4.5823 Y-3.0145
X4.5746 Y-3.0157 Z0.2519
X4.5591 Y-3.0176 Z0.2518
X4.5513 Y-3.0185 Z0.2519
X4.5359 Y-3.02 Z0.2518
X4.5281 Y-3.0206
X4.5204 Y-3.0211
X4.5049 Y-3.0219
X4.4971 Y-3.0222
X4.4894 Y-3.0224 Z0.2517
X4.4739 Z0.2518
X4.4584 Y-3.0222
X4.4507 Y-3.0219
X4.4352 Y-3.021
X4.4266 Y-3.0205
X4.4197 Y-3.0199
X4.4042 Y-3.0184
X4.3965 Y-3.0176 Z0.2519
X4.381 Y-3.0155 Z0.2518
X4.3733 Y-3.0144 Z0.2519
X4.3633 Y-3.0128 Z0.2518
X4.35 Y-3.0104
X4.3423 Y-3.0089
X4.3241 Y-3.005
X4.3113 Y-3.0019
X4.2958 Y-2.9979
X4.2804 Y-2.9935
X4.2726 Y-2.9911 Z0.2519
X4.2571 Y-2.9861 Z0.2518
X4.2494 Y-2.9834 Z0.2519
X4.2417 Y-2.9807 Z0.2518
X4.2262 Y-2.9748 Z0.2519
X4.2184 Y-2.9717 Z0.2518
X4.2029 Y-2.9653
X4.1952 Y-2.9618
X4.1797 Y-2.9547 Z0.2519
X4.172 Y-2.9509 Z0.2518
X4.1565 Y-2.943
X4.141 Y-2.9346
X4.1333 Y-2.9303
X4.116 Y-2.92
X4.11 Y-2.9163
X4.1023 Y-2.9113
X4.092 Y-2.9045
X4.0791 Y-2.8956
X4.0699 Y-2.889
X4.0558 Y-2.8785
X4.0481 Y-2.8725 Z0.2519
X4.04 Y-2.8659 Z0.2518
X4.0307 Y-2.8581
X4.0217 Y-2.8504
X4.0094 Y-2.8393 Z0.2519
X4.0017 Y-2.832 Z0.2518
X3.9939 Y-2.8246 Z0.2519
X3.9862 Y-2.8168 Z0.2518
X3.9784 Y-2.8089
X3.9738 Y-2.804 Z0.2519
X3.9629 Y-2.7922 Z0.2518
X3.9552 Y-2.7835
X3.9464 Y-2.7731
X3.9397 Y-2.765
X3.928 Y-2.7499
X3.9242 Y-2.745 Z0.2519
X3.9165 Y-2.7344 Z0.2518
X3.9087 Y-2.7234 Z0.2519
X3.9005 Y-2.7112 Z0.2518
X3.8955 Y-2.7035
X3.8906 Y-2.6958
X3.8812 Y-2.6803
X3.8725 Y-2.6648
X3.8682 Y-2.6571
X3.8623 Y-2.6457
X3.8564 Y-2.6339
X3.8527 Y-2.6262
X3.8468 Y-2.6135
X3.8389 Y-2.5953
X3.8355 Y-2.5875 Z0.2517
X3.8318 Y-2.5798
X3.8275 Y-2.5721
X3.8236 Y-2.5659
X3.8166 Y-2.5566
X3.8098 Y-2.5489 Z0.2516
X3.8081 Y-2.547
X3.8019 Y-2.5411
X3.8004 Y-2.5397
X3.7926 Y-2.5334 Z0.2517
X3.7849 Y-2.528
X3.7771 Y-2.5233
X3.7694 Y-2.5194
X3.7662 Y-2.5179
X3.7617 Y-2.5161 Z0.2516
X3.7539 Y-2.5133
X3.7462 Y-2.511 Z0.2517
X3.7431 Y-2.5102
X3.7384 Y-2.5093 Z0.2516
X3.7307 Y-2.5079 Z0.2517
X3.7229 Y-2.507
X3.7152 Y-2.5065
X3.7075 Y-2.5066
X3.6997 Y-2.5072 Z0.2516
X3.692 Y-2.5081
X3.6842 Y-2.5095 Z0.2517
X3.6811 Y-2.5102 Z0.2516
X3.6765 Y-2.5114
X3.6687 Y-2.5138 Z0.2517
X3.661 Y-2.5167
X3.6578 Y-2.5179
X3.6455 Y-2.5233 Z0.2518
X3.5548 Y-2.5643
X3.4597 Y-2.6058
X3.421 Y-2.6222
X3.3513 Y-2.6515
X3.2816 Y-2.6797
X3.2507 Y-2.6922
X3.202 Y-2.7112
X3.15 Y-2.7314
X3.0881 Y-2.7547
X3.0494 Y-2.7691
X3.0262 Y-2.7776
X2.941 Y-2.8081
X2.8558 Y-2.8374
X2.8326 Y-2.8453
X2.7397 Y-2.8759
X2.7165 Y-2.8834
X2.6313 Y-2.9101
X2.5384 Y-2.9381
X2.5212 Y-2.9432
X2.43 Y-2.9692
X2.4127 Y-2.9741
X2.3139 Y-3.0009
X2.2752 Y-3.0109
X2.2055 Y-3.0288
X2.1591 Y-3.0401
X2.0971 Y-3.0551
X2.0507 Y-3.0657
X1.9887 Y-3.0798
X1.8958 Y-3.0998
X1.8804 Y-3.1031
X1.7874 Y-3.1218
X1.7797 Y-3.1234 Z0.2517
X1.772 Y-3.1251
X1.7642 Y-3.1271
X1.7587 Y-3.1287
X1.7565 Y-3.1295
X1.7487 Y-3.1324 Z0.2516
X1.74 Y-3.1365 Z0.2517
X1.7333 Y-3.1401
X1.7266 Y-3.1442
X1.7255 Y-3.1449
X1.7178 Y-3.1506 Z0.2516
X1.7161 Y-3.1519
X1.71 Y-3.1571
X1.7074 Y-3.1596
X1.7023 Y-3.1648
X1.7 Y-3.1674
X1.6945 Y-3.1739 Z0.2517
X1.6936 Y-3.1751
X1.688 Y-3.1828
X1.6868 Y-3.1847
X1.6833 Y-3.1906
X1.6791 Y-3.1989
X1.676 Y-3.206
X1.6731 Y-3.2138
X1.6713 Y-3.2194
X1.6689 Y-3.2292
X1.6673 Y-3.237
X1.6644 Y-3.2524 Z0.2519
X1.6628 Y-3.2602
X1.661 Y-3.2679
X1.659 Y-3.2756
X1.6569 Y-3.2833
X1.6546 Y-3.2911
X1.6521 Y-3.2988
X1.6481 Y-3.3104
X1.6467 Y-3.3143
X1.6436 Y-3.322 Z0.2518
X1.6403 Y-3.3297 Z0.2519
X1.6369 Y-3.3375 Z0.2518
X1.6326 Y-3.3465
X1.6294 Y-3.3529 Z0.2519
X1.6249 Y-3.3613
X1.6209 Y-3.3684
X1.6162 Y-3.3761
X1.6115 Y-3.3839
X1.6063 Y-3.3916 Z0.2518
X1.601 Y-3.3993
X1.5939 Y-3.4089 Z0.2519
X1.5862 Y-3.4186
X1.5829 Y-3.4225
X1.5762 Y-3.4302
X1.5692 Y-3.438 Z0.2518
X1.5622 Y-3.4457 Z0.2517
X1.5552 Y-3.4537
X1.5495 Y-3.4612
X1.5474 Y-3.4641
X1.5444 Y-3.4689
X1.5397 Y-3.4772
X1.5363 Y-3.4844
X1.5332 Y-3.4921
X1.532 Y-3.4954
X1.5306 Y-3.4998 Z0.2516
X1.5285 Y-3.5076
X1.5269 Y-3.5153
X1.5257 Y-3.523 Z0.2517
X1.5249 Y-3.5307
X1.5247 Y-3.5385
X1.5249 Y-3.5462
X1.5256 Y-3.5539 Z0.2516
X1.5267 Y-3.5617
X1.5283 Y-3.5694
X1.5303 Y-3.5771 Z0.2517
X1.532 Y-3.5824
X1.5329 Y-3.5849
X1.5359 Y-3.5926
X1.5397 Y-3.6006
X1.5439 Y-3.6081
X1.5474 Y-3.6138
X1.5489 Y-3.6158
X1.5552 Y-3.624
X1.5616 Y-3.6313 Z0.2516
X1.5629 Y-3.6326
X1.5707 Y-3.64
X1.5788 Y-3.6467 Z0.2517
X1.5862 Y-3.6518
X1.5939 Y-3.6565
X1.6016 Y-3.6604
X1.6055 Y-3.6622
X1.6094 Y-3.6638
X1.6171 Y-3.6666
X1.6249 Y-3.6688 Z0.2516
X1.629 Y-3.6699
X1.6326 Y-3.6706
X1.6403 Y-3.672 Z0.2517
X1.6481 Y-3.6729
X1.6558 Y-3.6734
X1.6636 Y-3.6738 Z0.2518
X1.7874 Y-3.6775
X1.8649 Y-3.6806
X1.9191 Y-3.6829
X1.9655 Y-3.6852
X2.0507 Y-3.6897
X2.0816 Y-3.6915 Z0.2517
X2.0957 Y-3.6924 Z0.2518
X2.1012 Y-3.6926 Z0.2516
X2.1068 Y-3.6923 Z0.2513
X2.1123 Y-3.6918 Z0.2508
X2.1178 Y-3.691 Z0.2502
X2.1232 Y-3.6901 Z0.2494
X2.1286 Y-3.689 Z0.2486
X2.1502 Y-3.684 Z0.2449
X2.1556 Y-3.6829 Z0.2441
X2.1611 Y-3.6819 Z0.2433
X2.1665 Y-3.6812 Z0.2427
X2.1721 Y-3.6807 Z0.2422
X2.1776 Y-3.6805 Z0.2418
X2.1832 Y-3.6807 Z0.2417
X2.221 Y-3.6833
X2.3139 Y-3.6902
X2.3449 Y-3.6927
X2.4404 Y-3.7008
X2.4842 Y-3.7048
X2.5694 Y-3.713
X2.6236 Y-3.7186
X2.701 Y-3.7269
X2.7629 Y-3.7339
X2.8326 Y-3.7422
X2.8946 Y-3.7499
X2.9565 Y-3.7579
X3.0262 Y-3.7673
X3.0881 Y-3.776
X3.1655 Y-3.7874
X3.2197 Y-3.7956
X3.2971 Y-3.8078
X3.3436 Y-3.8154
X3.4365 Y-3.8311
X3.4752 Y-3.8378
X3.5758 Y-3.8559
X3.6068 Y-3.8617
X3.7075 Y-3.881
X3.7384 Y-3.8872
X3.8391 Y-3.9076
X3.8623 Y-3.9124
X3.9784 Y-3.9374
X4.0955 Y-3.9637
X4.1023 Y-3.9652
X4.11 Y-3.9667 Z0.2416
X4.1178 Y-3.9681
X4.1255 Y-3.969
X4.1333 Y-3.9694 Z0.2417
X4.141 Y-3.9691 Z0.2416
X4.1488 Y-3.9684
X4.1565 Y-3.9671 Z0.2415
X4.1642 Y-3.9654 Z0.2416
X4.172 Y-3.9631
X4.1797 Y-3.9602
X4.1875 Y-3.9566
X4.1952 Y-3.9523
X4.2015 Y-3.9482
X4.2029 Y-3.9471
X4.2112 Y-3.9405 Z0.2415
X4.2184 Y-3.9337
X4.2193 Y-3.9328
X4.2262 Y-3.9249 Z0.2416
X4.2318 Y-3.9173
X4.2339 Y-3.9141
X4.2366 Y-3.9096
X4.2406 Y-3.9019
X4.244 Y-3.8941 Z0.2417
X4.2505 Y-3.8787 Z0.2418
X4.2538 Y-3.8709
X4.2572 Y-3.8632 Z0.2417
X4.2608 Y-3.8555 Z0.2418
X4.2649 Y-3.8472 Z0.2417
X4.2685 Y-3.84
X4.2727 Y-3.8323
X4.2769 Y-3.8245
X4.2814 Y-3.8168 Z0.2418
X4.2881 Y-3.8058
X4.2909 Y-3.8013
X4.296 Y-3.7936 Z0.2417
X4.3012 Y-3.7859 Z0.2418
X4.3067 Y-3.7782 Z0.2417
X4.3124 Y-3.7704 Z0.2418
X4.3191 Y-3.7618 Z0.2417
X4.3268 Y-3.7521 Z0.2418
X4.3346 Y-3.7429 Z0.2417
X4.3376 Y-3.7395
X4.3446 Y-3.7318 Z0.2418
X4.3519 Y-3.724
X4.3595 Y-3.7163
X4.3674 Y-3.7086
X4.3757 Y-3.7008 Z0.2417
X4.381 Y-3.696
X4.3843 Y-3.6931 Z0.2418
X4.3965 Y-3.6828 Z0.2417
X4.4042 Y-3.6766
X4.413 Y-3.6699
X4.4236 Y-3.6622
X4.4347 Y-3.6545
X4.4468 Y-3.6467
X4.4507 Y-3.6443 Z0.2418
X4.4596 Y-3.639 Z0.2417
X4.4662 Y-3.6351
X4.4817 Y-3.6267
X4.4894 Y-3.6227
X4.4971 Y-3.619
X4.5049 Y-3.6153 Z0.2418
X4.5204 Y-3.6085 Z0.2417
X4.5281 Y-3.6054
X4.5436 Y-3.5995 Z0.2418
X4.5513 Y-3.5968 Z0.2417
X4.5641 Y-3.5926 Z0.2418
X4.5746 Y-3.5895
X4.5823 Y-3.5873
X4.5918 Y-3.5849
X4.5978 Y-3.5834
X4.6055 Y-3.5816
X4.6133 Y-3.58
X4.621 Y-3.5784
X4.6288 Y-3.577
X4.6365 Y-3.5758
X4.6442 Y-3.5746
X4.652 Y-3.5736
X4.6597 Y-3.5727
X4.6675 Y-3.5719
X4.6829 Y-3.5706
X4.6907 Y-3.5702 Z0.2417
X4.7062 Y-3.5697 Z0.2418
X4.7139 Y-3.5696 Z0.2417
X4.7217
X4.7371 Y-3.5702
X4.7449 Y-3.5706 Z0.2418
X4.7526 Y-3.5711 Z0.2417
X4.7604 Y-3.5718
X4.7681 Y-3.5726 Z0.2418
X4.7759 Y-3.5735 Z0.2417
X4.7836 Y-3.5745 Z0.2418
X4.7913 Y-3.5756 Z0.2417
X4.8002 Y-3.5771 Z0.2418
X4.8068 Y-3.5783
X4.8146 Y-3.5799
X4.8223 Y-3.5815
X4.83 Y-3.5833
X4.8378 Y-3.5852
X4.8455 Y-3.5872
X4.8533 Y-3.5894
X4.8641 Y-3.5926
X4.8688 Y-3.5941
X4.8842 Y-3.5993
X4.892 Y-3.6022
X4.9068 Y-3.6081
X4.9152 Y-3.6116 Z0.2417
X4.9245 Y-3.6158 Z0.2418
X4.9307 Y-3.6187 Z0.2417
X4.9405 Y-3.6235
X4.9462 Y-3.6264
X4.9552 Y-3.6313
X4.9617 Y-3.6348 Z0.2418
X4.9694 Y-3.6393 Z0.2417
X4.9771 Y-3.644 Z0.2418
X4.9849 Y-3.6489 Z0.2417
X4.9935 Y-3.6545 Z0.2418
X5.0004 Y-3.6591 Z0.2417
X5.0081 Y-3.6646
X5.0159 Y-3.6703 Z0.2418
X5.0254 Y-3.6776
X5.0313 Y-3.6824
X5.0391 Y-3.6889 Z0.2417
X5.0468 Y-3.6956 Z0.2418
X5.0546 Y-3.7026
X5.0623 Y-3.7099
X5.07 Y-3.7175
X5.0778 Y-3.7254
X5.0855 Y-3.7337
X5.0907 Y-3.7395
X5.101 Y-3.7514
X5.1088 Y-3.7611
X5.1165 Y-3.7712
X5.1242 Y-3.7818
X5.1271 Y-3.7859
X5.1324 Y-3.7936 Z0.2417
X5.1375 Y-3.8013 Z0.2418
X5.1423 Y-3.8091 Z0.2417
X5.1475 Y-3.8177 Z0.2418
X5.1514 Y-3.8245
X5.1557 Y-3.8323 Z0.2417
X5.1598 Y-3.84 Z0.2418
X5.1637 Y-3.8477 Z0.2417
X5.1675 Y-3.8555 Z0.2418
X5.1711 Y-3.8632 Z0.2417
X5.1746 Y-3.8709
X5.1784 Y-3.8799 Z0.2418
X5.1811 Y-3.8864 Z0.2417
X5.1841 Y-3.8941 Z0.2418
X5.1869 Y-3.9019 Z0.2417
X5.1896 Y-3.9096 Z0.2418
X5.1922 Y-3.9173
X5.1946 Y-3.925 Z0.2417
X5.197 Y-3.9328 Z0.2418
X5.1991 Y-3.9405
X5.203 Y-3.956
X5.2064 Y-3.9714
X5.2079 Y-3.9792
X5.2094 Y-3.9872
X5.2107 Y-3.9946
X5.2118 Y-4.0024 Z0.2417
X5.2128 Y-4.0101
X5.2137 Y-4.0178 Z0.2418
X5.2152 Y-4.0333 Z0.2417
X5.2158 Y-4.041
X5.2162 Y-4.0487
X5.2165 Y-4.0565
X5.2168 Y-4.0719
X5.2167 Y-4.0797
X5.2162 Y-4.0951
X5.2158 Y-4.1029
X5.2152 Y-4.1106
X5.2146 Y-4.1183 Z0.2418
X5.2123 Y-4.1415 Z0.2417
X5.2117 Y-4.1493 Z0.2416
X5.2116 Y-4.157
X5.2122 Y-4.1647
X5.2132 Y-4.1724
X5.2147 Y-4.1802
X5.2171 Y-4.1892
X5.2193 Y-4.1956
X5.2225 Y-4.2034
X5.2249 Y-4.2082
X5.2265 Y-4.2111
X5.2312 Y-4.2188
X5.2326 Y-4.2209
X5.2368 Y-4.2266
X5.2404 Y-4.2309
X5.2435 Y-4.2343
X5.2481 Y-4.239
X5.2514 Y-4.242
X5.2559 Y-4.2457
X5.2613 Y-4.2498
X5.2636 Y-4.2514
X5.2713 Y-4.2562
X5.2737 Y-4.2575
X5.2791 Y-4.2602
X5.2868 Y-4.2634
X5.2919 Y-4.2652
X5.2946 Y-4.266 Z0.2415
X5.3023 Y-4.2681
X5.31 Y-4.2698 Z0.2416
X5.3178 Y-4.2711 Z0.2417
X5.3488 Y-4.2759
X5.3801 Y-4.2807
X5.4339 Y-4.2879
X5.4494 Y-4.2899
X5.4881 Y-4.2943
X5.5191 Y-4.2978
X5.5847 Y-4.3039
X5.5965 Y-4.3049
X5.6584 Y-4.3093
X5.6739 Y-4.3102
X5.7281 Y-4.313
X5.7436 Y-4.3136
X5.7978 Y-4.3154
X5.8133 Y-4.3156
X5.8752 Y-4.3164
X5.9449 Y-4.3158
X6.0068 Y-4.3141
X6.0146 Y-4.3139
X6.0455 Y-4.3124
X6.0842 Y-4.3105
X6.1075 Y-4.309
X6.1539 Y-4.3059
X6.1694 Y-4.3046
X6.2236 Y-4.2998
X6.2468 Y-4.2974
X6.2933 Y-4.2923
X6.3088 Y-4.2905
X6.363 Y-4.2835
X6.3826 Y-4.2807
X6.4249 Y-4.2744
X6.434 Y-4.273
X6.4404 Y-4.2718 Z0.2416
X6.4481 Y-4.2701
X6.4559 Y-4.2679
X6.4636 Y-4.2652
X6.4713 Y-4.2618
X6.4795 Y-4.2575
X6.4868 Y-4.2528
X6.4911 Y-4.2498
X6.4946 Y-4.247
X6.5002 Y-4.242
X6.5023 Y-4.24
X6.5078 Y-4.2343
X6.5101 Y-4.2317
X6.5141 Y-4.2266
X6.5178 Y-4.2214
X6.5195 Y-4.2188
X6.524 Y-4.2111
X6.5255 Y-4.2081
X6.5277 Y-4.2034
X6.5307 Y-4.1956
X6.5333 Y-4.1874
X6.535 Y-4.1802
X6.5364 Y-4.1724
X6.5372 Y-4.1647
X6.5376 Y-4.157 Z0.2417
X6.5373 Y-4.1493 Z0.2416
X6.5366 Y-4.1415
X6.5353 Y-4.1338
X6.5333 Y-4.1253
X6.5312 Y-4.1183
X6.5285 Y-4.1106
X6.5202 Y-4.0874 Z0.2418
X6.5151 Y-4.0719 Z0.2417
X6.5126 Y-4.0642 Z0.2418
X6.508 Y-4.0487 Z0.2417
X6.5058 Y-4.041 Z0.2418
X6.5023 Y-4.0276 Z0.2417
X6.4999 Y-4.0178
X6.4981 Y-4.0101 Z0.2418
X6.4948 Y-3.9946 Z0.2417
X6.4932 Y-3.9869 Z0.2418
X6.4905 Y-3.9714 Z0.2417
X6.4892 Y-3.9637
X6.488 Y-3.956
X6.486 Y-3.9405
X6.485 Y-3.9328 Z0.2418
X6.4835 Y-3.9173 Z0.2417
X6.4828 Y-3.9096
X6.4818 Y-3.8941
X6.4814 Y-3.8864
X6.481 Y-3.8787
X6.4804 Y-3.8555
X6.4801 Y-3.8477 Z0.2416
X6.4793 Y-3.84
X6.4781 Y-3.8323
X6.4762 Y-3.8245
X6.4739 Y-3.8168
X6.471 Y-3.8091
X6.4674 Y-3.8013
X6.4636 Y-3.7944
X6.4579 Y-3.7859
X6.4559 Y-3.7831
X6.4518 Y-3.7782
X6.4481 Y-3.7741
X6.4445 Y-3.7704
X6.4404 Y-3.7666
X6.4356 Y-3.7627
X6.4326 Y-3.7604
X6.4246 Y-3.755
X6.4172 Y-3.7507
X6.4094 Y-3.7471
X6.4017 Y-3.7441
X6.3939 Y-3.7417
X6.3862 Y-3.7399
X6.3844 Y-3.7395
X6.3784 Y-3.7385
X6.3707 Y-3.7375
X6.3475 Y-3.7347 Z0.2417
X6.3225 Y-3.7318
X6.2933 Y-3.7277
X6.2701 Y-3.7243
X6.2468 Y-3.7205
X6.2224 Y-3.7163
X6.2004 Y-3.7122
X6.1771 Y-3.7076
X6.1539 Y-3.7027
X6.1307 Y-3.6975
X6.1122 Y-3.6931
X6.0842 Y-3.6862
X6.0765 Y-3.6842 Z0.2418
X6.0521 Y-3.6776 Z0.2417
X6.0301 Y-3.6716
X6.0068 Y-3.6647
X5.9836 Y-3.6576
X5.9681 Y-3.6527
X5.9371 Y-3.6424
X5.9271 Y-3.639
X5.9139 Y-3.6343
X5.883 Y-3.6231
X5.8638 Y-3.6158
X5.8365 Y-3.605
X5.821 Y-3.5987
X5.7978 Y-3.589
X5.7883 Y-3.5849 Z0.2418
X5.7668 Y-3.5754 Z0.2417
X5.7513 Y-3.5684
X5.7436 Y-3.5648
X5.7126 Y-3.5501
X5.6971 Y-3.5425 Z0.2418
X5.6662 Y-3.5268 Z0.2417
X5.6507 Y-3.5188
X5.612 Y-3.4977
X5.5965 Y-3.4889
X5.5655 Y-3.4709
X5.5494 Y-3.4612
X5.5191 Y-3.4424
X5.4959 Y-3.4274
X5.4767 Y-3.4148
X5.4649 Y-3.4068
X5.4417 Y-3.3908
X5.4262 Y-3.3798
X5.403 Y-3.3629
X5.3952 Y-3.3572
X5.3692 Y-3.3375
X5.3565 Y-3.3276
X5.3333 Y-3.309
X5.3178 Y-3.2965
X5.2868 Y-3.2703
X5.2751 Y-3.2602
X5.2492 Y-3.237
X5.2404 Y-3.229
X5.2241 Y-3.2138
X5.2017 Y-3.1925
X5.1841 Y-3.1751
X5.1686 Y-3.1596
X5.1536 Y-3.1442
X5.1389 Y-3.1287
X5.1316 Y-3.121 Z0.2418
X5.1165 Y-3.1045 Z0.2417
X5.101 Y-3.0874
X5.0933 Y-3.0786
X5.0764 Y-3.0591
X5.0623 Y-3.0426
X5.0391 Y-3.0143
X5.0313 Y-3.0046
X5.0075 Y-2.9741
X5.0004 Y-2.9652 Z0.2416
X4.9948 Y-2.9586
X4.9926 Y-2.9563
X4.9871 Y-2.9509
X4.9849 Y-2.9489
X4.9771 Y-2.9427
X4.9694 Y-2.9374
X4.9662 Y-2.9354
X4.9617 Y-2.933
X4.9539 Y-2.9293
X4.95 Y-2.9277
X4.9462 Y-2.9264
X4.9384 Y-2.924 Z0.2415
X4.9307 Y-2.9222 Z0.2416
X4.9229 Y-2.9208
X4.9147 Y-2.92
X4.9075 Y-2.9197
X4.9006 Y-2.92
X4.892 Y-2.9209
X4.8842 Y-2.9223
X4.8765 Y-2.9241 Z0.2415
X4.8688 Y-2.9265 Z0.2416
X4.8654 Y-2.9277
X4.861 Y-2.9295
X4.8533 Y-2.9331
X4.8455 Y-2.9374 Z0.2417
X4.8218 Y-2.9509
X4.8075 Y-2.9586
X4.7991 Y-2.963
X4.7836 Y-2.9706
X4.7759 Y-2.9742
X4.7588 Y-2.9818
X4.7526 Y-2.9845 Z0.2418
X4.7371 Y-2.9907 Z0.2417
X4.7294 Y-2.9937 Z0.2418
X4.7139 Y-2.9993 Z0.2417
X4.7062 Y-3.002 Z0.2418
X4.6907 Y-3.007 Z0.2417
X4.6829 Y-3.0094 Z0.2418
X4.6716 Y-3.0128 Z0.2417
X4.6597 Y-3.016 Z0.2418
X4.652 Y-3.018
X4.6365 Y-3.0218 Z0.2417
X4.6288 Y-3.0235 Z0.2418
X4.6133 Y-3.0267 Z0.2417
X4.605 Y-3.0282 Z0.2418
X4.5978 Y-3.0295 Z0.2417
X4.5823 Y-3.032
X4.5746 Y-3.0331 Z0.2418
X4.5591 Y-3.035 Z0.2417
X4.5508 Y-3.0359 Z0.2418
X4.5359 Y-3.0373 Z0.2417
X4.5281 Y-3.0379
X4.5126 Y-3.0388
X4.4971 Y-3.0395
X4.4894 Y-3.0397
X4.4739
X4.4584 Y-3.0394
X4.4507 Y-3.0392
X4.4352 Y-3.0383
X4.4275 Y-3.0378
X4.4197 Y-3.0372 Z0.2418
X4.4042 Y-3.0357 Z0.2417
X4.3965 Y-3.0349 Z0.2418
X4.381 Y-3.0329 Z0.2417
X4.3733 Y-3.0318 Z0.2418
X4.3655 Y-3.0306 Z0.2417
X4.35 Y-3.0279
X4.3423 Y-3.0265 Z0.2418
X4.3268 Y-3.0233 Z0.2417
X4.3191 Y-3.0216 Z0.2418
X4.3036 Y-3.0178 Z0.2417
X4.2958 Y-3.0158 Z0.2418
X4.2848 Y-3.0128 Z0.2417
X4.2726 Y-3.0092
X4.2649 Y-3.0068
X4.2494 Y-3.0017
X4.2417 Y-2.999 Z0.2418
X4.2339 Y-2.9962 Z0.2417
X4.2184 Y-2.9904 Z0.2418
X4.2029 Y-2.984 Z0.2417
X4.1952 Y-2.9807
X4.1805 Y-2.9741
X4.172 Y-2.9701 Z0.2418
X4.1642 Y-2.9663 Z0.2417
X4.1565 Y-2.9624
X4.1488 Y-2.9585
X4.1348 Y-2.9509
X4.1255 Y-2.9457
X4.11 Y-2.9366
X4.1023 Y-2.9318 Z0.2418
X4.0946 Y-2.9269 Z0.2417
X4.0841 Y-2.92
X4.0791 Y-2.9166 Z0.2418
X4.0636 Y-2.9058 Z0.2417
X4.0558 Y-2.9001
X4.0481 Y-2.8943
X4.0404 Y-2.8883
X4.0316 Y-2.8813
X4.0222 Y-2.8736
X4.0171 Y-2.8693 Z0.2418
X4.0044 Y-2.8581 Z0.2417
X3.9939 Y-2.8484
X3.9862 Y-2.8411
X3.9784 Y-2.8335 Z0.2418
X3.9707 Y-2.8257 Z0.2417
X3.9629 Y-2.8176 Z0.2418
X3.9552 Y-2.8093 Z0.2417
X3.9475 Y-2.8008
X3.9435 Y-2.7963 Z0.2418
X3.9369 Y-2.7885 Z0.2417
X3.9304 Y-2.7808
X3.9241 Y-2.7731
X3.9165 Y-2.7633
X3.9121 Y-2.7576 Z0.2418
X3.9064 Y-2.7499 Z0.2417
X3.9008 Y-2.7422
X3.8954 Y-2.7344 Z0.2418
X3.8901 Y-2.7267 Z0.2417
X3.885 Y-2.719
X3.8799 Y-2.7112
X3.8704 Y-2.6958
X3.8658 Y-2.688
X3.857 Y-2.6726
X3.8528 Y-2.6648
X3.8468 Y-2.6533
X3.841 Y-2.6416
X3.8373 Y-2.6339
X3.8313 Y-2.6211 Z0.2418
X3.8234 Y-2.603 Z0.2417
X3.82 Y-2.5953 Z0.2416
X3.8163 Y-2.5875
X3.812 Y-2.5798
X3.8081 Y-2.574
X3.8067 Y-2.5721
X3.8004 Y-2.5642 Z0.2415
X3.7926 Y-2.5561 Z0.2416
X3.7843 Y-2.5489
X3.7771 Y-2.5436
X3.7733 Y-2.5411
X3.7694 Y-2.5388
X3.7617 Y-2.5349
X3.7583 Y-2.5334
X3.7539 Y-2.5317
X3.7462 Y-2.529
X3.7384 Y-2.5269
X3.7307 Y-2.5254
X3.7229 Y-2.5244
X3.7152 Y-2.5238
X3.7075 Y-2.5239
X3.6997 Y-2.5246
X3.692 Y-2.5257
X3.6842 Y-2.5273
X3.6765 Y-2.5295
X3.6687 Y-2.5322
X3.6656 Y-2.5334
X3.661 Y-2.5354 Z0.2417
X3.648 Y-2.5411
X3.5625 Y-2.5798
X3.4675 Y-2.6213
X3.4287 Y-2.6377
X3.3591 Y-2.6669
X3.2971 Y-2.6921
X3.2584 Y-2.7077
X3.2099 Y-2.7267
X3.1578 Y-2.7469
X3.1295 Y-2.7576
X3.0571 Y-2.7847
X3.0339 Y-2.7931
X2.9487 Y-2.8237
X2.91 Y-2.8371
X2.8481 Y-2.8583
X2.8249 Y-2.8661
X2.7475 Y-2.8916
X2.7242 Y-2.899
X2.6391 Y-2.9258
X2.6158 Y-2.9329
X2.5298 Y-2.9586
X2.4765 Y-2.9739
X2.4216 Y-2.9896
X2.3681 Y-3.0041
X2.3139 Y-3.0187
X2.2597 Y-3.0327
X2.2133 Y-3.0446
X2.19 Y-3.0503
X2.1049 Y-3.071
X2.0739 Y-3.0782
X1.9965 Y-3.0958
X1.9578 Y-3.1042
X1.8881 Y-3.1191
X1.8262 Y-3.1316
X1.7874 Y-3.1394
X1.7797 Y-3.1411 Z0.2416
X1.772 Y-3.1429
X1.7673 Y-3.1442
X1.7642 Y-3.1451
X1.7565 Y-3.148
X1.7477 Y-3.1519
X1.741 Y-3.1556
X1.7346 Y-3.1596
X1.7255 Y-3.1666
X1.7178 Y-3.1737
X1.7164 Y-3.1751
X1.7095 Y-3.1828
X1.7037 Y-3.1906
X1.7023 Y-3.1926
X1.6988 Y-3.1983
X1.6945 Y-3.2066
X1.6915 Y-3.2138
X1.6888 Y-3.2215
X1.6866 Y-3.2292
X1.6849 Y-3.237
X1.682 Y-3.2524 Z0.2418
X1.6804 Y-3.2602 Z0.2417
X1.6787 Y-3.2679 Z0.2418
X1.6768 Y-3.2756
X1.6748 Y-3.2833
X1.6726 Y-3.2911
X1.6703 Y-3.2988
X1.6677 Y-3.3065
X1.665 Y-3.3143
X1.6622 Y-3.322
X1.6591 Y-3.3297
X1.6558 Y-3.3375
X1.6523 Y-3.3452
X1.6481 Y-3.3541 Z0.2417
X1.6448 Y-3.3607 Z0.2418
X1.6403 Y-3.369
X1.6363 Y-3.3761
X1.6317 Y-3.3839
X1.627 Y-3.3916
X1.6219 Y-3.3993 Z0.2417
X1.6166 Y-3.407 Z0.2418
X1.6094 Y-3.417
X1.6051 Y-3.4225 Z0.2417
X1.5989 Y-3.4302 Z0.2418
X1.5923 Y-3.438
X1.5855 Y-3.4457
X1.5784 Y-3.4535 Z0.2417
X1.5707 Y-3.4622 Z0.2416
X1.5653 Y-3.4689
X1.5629 Y-3.4721
X1.5599 Y-3.4766
X1.5552 Y-3.4849
X1.5518 Y-3.4921
X1.5488 Y-3.4998
X1.5474 Y-3.5038
X1.5464 Y-3.5076
X1.5446 Y-3.5153
X1.5432 Y-3.523
X1.5423 Y-3.5307
X1.542 Y-3.5385
X1.5422 Y-3.5462
X1.5431 Y-3.5539
X1.5444 Y-3.5617
X1.5462 Y-3.5694
X1.5474 Y-3.574
X1.5484 Y-3.5771
X1.5514 Y-3.5849
X1.5552 Y-3.5929
X1.5594 Y-3.6003
X1.5629 Y-3.6057
X1.5647 Y-3.6081
X1.5709 Y-3.6158 Z0.2415
X1.5784 Y-3.6236
X1.5872 Y-3.6313 Z0.2416
X1.5939 Y-3.6362
X1.5983 Y-3.639
X1.6016 Y-3.641
X1.6094 Y-3.645
X1.6134 Y-3.6467
X1.6171 Y-3.6482
X1.6249 Y-3.6508 Z0.2415
X1.6326 Y-3.653 Z0.2416
X1.6403 Y-3.6545 Z0.2415
X1.6481 Y-3.6555 Z0.2416
X1.6558 Y-3.6561
X1.6636 Y-3.6565 Z0.2417
X1.7874 Y-3.6602
X1.8339 Y-3.6621
X1.9191 Y-3.6656
X1.9965 Y-3.6695
X2.0507 Y-3.6724
X2.0816 Y-3.6742
X2.1832 Y-3.6807
X2.1887 Y-3.6808 Z0.2416
X2.1942 Y-3.6806 Z0.2413
X2.1998 Y-3.6801 Z0.2409
X2.2053 Y-3.6793 Z0.2404
X2.2107 Y-3.6783 Z0.2397
X2.2162 Y-3.6772 Z0.239
X2.2378 Y-3.6721 Z0.236
X2.2432 Y-3.671 Z0.2353
X2.2487 Y-3.67 Z0.2347
X2.2542 Y-3.6693 Z0.2341
X2.2597 Y-3.6688 Z0.2337
X2.2652 Y-3.6686 Z0.2334
X2.2708 Y-3.6688 Z0.2333
X2.3139 Y-3.672 Z0.2334
X2.3449 Y-3.6745 Z0.2333
X2.43 Y-3.6817 Z0.2334
X2.4765 Y-3.6859 Z0.2333
X2.5694 Y-3.6948 Z0.2334
X2.6288 Y-3.7008 Z0.2333
X2.701 Y-3.7086 Z0.2334
X2.7629 Y-3.7156 Z0.2333
X2.8336 Y-3.724 Z0.2334
X2.896 Y-3.7318 Z0.2333
X2.9642 Y-3.7406 Z0.2334
X3.0262 Y-3.749 Z0.2333
X3.0881 Y-3.7577 Z0.2334
X3.1655 Y-3.769 Z0.2333
X3.2197 Y-3.7772 Z0.2334
X3.3049 Y-3.7906 Z0.2333
X3.3513 Y-3.7983 Z0.2334
X3.4365 Y-3.8126 Z0.2333
X3.4752 Y-3.8194 Z0.2334
X3.5758 Y-3.8375 Z0.2333
X3.6146 Y-3.8447 Z0.2334
X3.7152 Y-3.864 Z0.2333
X3.7462 Y-3.8702 Z0.2334
X3.8391 Y-3.889 Z0.2333
X3.8635 Y-3.8941
X3.9784 Y-3.9188
X4.0326 Y-3.9309
X4.1023 Y-3.9466
X4.1101 Y-3.9482
X4.1178 Y-3.9496 Z0.2332
X4.1255 Y-3.9507
X4.1333 Y-3.9512 Z0.2333
X4.141 Y-3.9509 Z0.2332
X4.1488 Y-3.95
X4.1576 Y-3.9482
X4.1642 Y-3.9465
X4.172 Y-3.9437
X4.1797 Y-3.9402 Z0.2333
X4.1875 Y-3.9357 Z0.2332
X4.1918 Y-3.9328
X4.1952 Y-3.9301
X4.2011 Y-3.925
X4.2029 Y-3.9233
X4.2087 Y-3.9173
X4.2107 Y-3.915
X4.2149 Y-3.9096
X4.2184 Y-3.9046 Z0.2333
X4.2201 Y-3.9019
X4.2242 Y-3.8941
X4.2276 Y-3.8864
X4.234 Y-3.8709 Z0.2334
X4.2373 Y-3.8632
X4.2417 Y-3.8536
X4.2444 Y-3.8477
X4.2521 Y-3.8323
X4.2571 Y-3.8228
X4.2605 Y-3.8168
X4.2649 Y-3.8091
X4.2726 Y-3.7964
X4.2794 Y-3.7859
X4.2845 Y-3.7782
X4.2899 Y-3.7704
X4.2958 Y-3.7623
X4.3036 Y-3.7521
X4.3113 Y-3.7423
X4.3136 Y-3.7395
X4.3202 Y-3.7318
X4.327 Y-3.724
X4.3346 Y-3.7159
X4.3423 Y-3.7078
X4.35 Y-3.7001
X4.3578 Y-3.6927
X4.3657 Y-3.6854
X4.3744 Y-3.6776
X4.3836 Y-3.6699
X4.3888 Y-3.6657
X4.3932 Y-3.6622
X4.4042 Y-3.6538
X4.414 Y-3.6467
X4.4252 Y-3.639
X4.4373 Y-3.6313
X4.4429 Y-3.6278
X4.4507 Y-3.6232
X4.4584 Y-3.6187
X4.4739 Y-3.6103
X4.4817 Y-3.6063
X4.4941 Y-3.6003
X4.4971 Y-3.5989
X4.5126 Y-3.5921
X4.5204 Y-3.5889
X4.531 Y-3.5849
X4.5359 Y-3.583
X4.5436 Y-3.5803
X4.5529 Y-3.5771
X4.5591 Y-3.5751
X4.5746 Y-3.5706
X4.5823 Y-3.5685
X4.59 Y-3.5666
X4.5978 Y-3.5648
X4.6133 Y-3.5615
X4.621 Y-3.56
X4.6365 Y-3.5574
X4.6442 Y-3.5563
X4.652 Y-3.5553
X4.6597 Y-3.5544
X4.6675 Y-3.5536
X4.6752 Y-3.553
X4.6829 Y-3.5524
X4.6907 Y-3.552
X4.7062 Y-3.5516
X4.7139 Y-3.5514 Z0.2333
X4.7217
X4.7294 Y-3.5517 Z0.2334
X4.7449 Y-3.5524
X4.7526 Y-3.5529
X4.7641 Y-3.5539
X4.7681 Y-3.5543
X4.7759 Y-3.5552
X4.7836 Y-3.5562
X4.7913 Y-3.5573
X4.7991 Y-3.5585
X4.8068 Y-3.5599
X4.8162 Y-3.5617
X4.8223 Y-3.5629
X4.83 Y-3.5646
X4.8378 Y-3.5665
X4.8492 Y-3.5694
X4.8533 Y-3.5705
X4.861 Y-3.5727
X4.8688 Y-3.575
X4.8765 Y-3.5775
X4.8842 Y-3.5801
X4.892 Y-3.5828
X4.8997 Y-3.5857
X4.9152 Y-3.5919
X4.9229 Y-3.5952
X4.9307 Y-3.5986
X4.9384 Y-3.6023
X4.9502 Y-3.6081
X4.9539 Y-3.61
X4.9648 Y-3.6158
X4.9694 Y-3.6184
X4.9784 Y-3.6235
X4.9849 Y-3.6274
X4.9926 Y-3.6322
X5.003 Y-3.639
X5.0081 Y-3.6424
X5.0159 Y-3.6478
X5.025 Y-3.6545
X5.0351 Y-3.6622
X5.0447 Y-3.6699
X5.0546 Y-3.6782
X5.0626 Y-3.6854
X5.071 Y-3.6931
X5.079 Y-3.7008
X5.0867 Y-3.7086
X5.0941 Y-3.7163
X5.1013 Y-3.724
X5.1088 Y-3.7325
X5.1165 Y-3.7417
X5.1242 Y-3.7514
X5.1328 Y-3.7627
X5.1397 Y-3.7722
X5.1475 Y-3.7835
X5.1552 Y-3.7954
X5.1589 Y-3.8013
X5.1635 Y-3.8091
X5.1679 Y-3.8168
X5.1722 Y-3.8245
X5.1763 Y-3.8323
X5.1802 Y-3.84
X5.184 Y-3.8477
X5.1876 Y-3.8555
X5.191 Y-3.8632
X5.1944 Y-3.8709
X5.1975 Y-3.8787
X5.2017 Y-3.8893
X5.2034 Y-3.8941
X5.2062 Y-3.9019
X5.2094 Y-3.9115
X5.2136 Y-3.925
X5.2158 Y-3.9328
X5.2198 Y-3.9482
X5.2216 Y-3.956
X5.2233 Y-3.9637
X5.2249 Y-3.9714
X5.2264 Y-3.9792
X5.2278 Y-3.9869
X5.229 Y-3.9946
X5.2301 Y-4.0024
X5.2311 Y-4.0101
X5.232 Y-4.0178
X5.2334 Y-4.0333
X5.2339 Y-4.041
X5.2343 Y-4.0487
X5.2347 Y-4.0565
X5.235 Y-4.0719 Z0.2333
X5.2348 Y-4.0797 Z0.2334
X5.2344 Y-4.0951
X5.234 Y-4.1029
X5.2334 Y-4.1106
X5.2326 Y-4.1202
X5.2305 Y-4.1415 Z0.2333
X5.2299 Y-4.1493
X5.2298 Y-4.157
X5.2305 Y-4.1647 Z0.2332
X5.2317 Y-4.1724
X5.2326 Y-4.1769
X5.2335 Y-4.1802
X5.2359 Y-4.1879
X5.239 Y-4.1956 Z0.2333
X5.2404 Y-4.1985 Z0.2332
X5.243 Y-4.2034
X5.2481 Y-4.2113
X5.254 Y-4.2188 Z0.2333
X5.2559 Y-4.2209 Z0.2332
X5.2615 Y-4.2266
X5.2636 Y-4.2285 Z0.2333
X5.2713 Y-4.2346 Z0.2332
X5.2791 Y-4.2396
X5.2834 Y-4.242 Z0.2333
X5.2868 Y-4.2437 Z0.2332
X5.2946 Y-4.2469
X5.3023 Y-4.2493
X5.304 Y-4.2498
X5.31 Y-4.2512
X5.3178 Y-4.2527 Z0.2333
X5.3333 Y-4.2552
X5.3797 Y-4.2623
X5.4013 Y-4.2652
X5.4417 Y-4.2706
X5.4612 Y-4.273
X5.5191 Y-4.2795
X5.5423 Y-4.2817
X5.5888 Y-4.286
X5.6042 Y-4.2872
X5.6584 Y-4.2911
G3 X5.7978 Y-4.2972 I0.2309 J3.6976
G1 X5.8055 Y-4.2974
X5.8675 Y-4.2981
X5.8752 Y-4.2982
X5.9371 Y-4.2977
X5.9449 Y-4.2976
X6.0068 Y-4.2959
X6.0146 Y-4.2957
X6.0455 Y-4.2942
X6.0842 Y-4.2923
X6.1075 Y-4.2908
X6.1462 Y-4.2882
X6.1617 Y-4.287
X6.2159 Y-4.2822
X6.2318 Y-4.2807
X6.2855 Y-4.2749
X6.3023 Y-4.273
X6.3623 Y-4.2652
X6.3862 Y-4.2618
X6.4249 Y-4.256
X6.4326 Y-4.2547
X6.4404 Y-4.2532 Z0.2332
X6.4481 Y-4.2512
X6.4528 Y-4.2498
X6.4559 Y-4.2487
X6.4636 Y-4.2454 Z0.2333
X6.4699 Y-4.242
X6.4791 Y-4.236 Z0.2332
X6.4813 Y-4.2343
X6.4868 Y-4.2296
X6.49 Y-4.2266
X6.4946 Y-4.2218
X6.4971 Y-4.2188
X6.5028 Y-4.2111
X6.5075 Y-4.2034 Z0.2333
X6.5101 Y-4.1982 Z0.2332
X6.5112 Y-4.1956
X6.5141 Y-4.1879
X6.5163 Y-4.1802
X6.5179 Y-4.1724
X6.519 Y-4.1647
X6.5194 Y-4.157 Z0.2333
X6.5191 Y-4.1493 Z0.2332
X6.5182 Y-4.1415
X6.5178 Y-4.1393
X6.5166 Y-4.1338
X6.5145 Y-4.1261
X6.512 Y-4.1183 Z0.2333
X6.5037 Y-4.0951 Z0.2334
X6.4985 Y-4.0797
X6.4946 Y-4.0674
X6.4913 Y-4.0565
X6.4868 Y-4.0403
X6.4831 Y-4.0256
X6.4812 Y-4.0178
X6.4778 Y-4.0024
X6.4748 Y-3.9869
X6.4721 Y-3.9714
X6.4708 Y-3.9637
X6.4697 Y-3.956
X6.4677 Y-3.9405
X6.4668 Y-3.9328
X6.4653 Y-3.9173
X6.4646 Y-3.9096
X6.4636 Y-3.8941
X6.4632 Y-3.8864
X6.4629 Y-3.8787
X6.4623 Y-3.8555 Z0.2333
X6.4618 Y-3.8477 Z0.2332
X6.4609 Y-3.84
X6.4594 Y-3.8323
X6.4573 Y-3.8245
X6.4559 Y-3.8204
X6.4545 Y-3.8168
X6.451 Y-3.8091
X6.4481 Y-3.804
X6.4464 Y-3.8013
X6.441 Y-3.7936
X6.4342 Y-3.7859
X6.4326 Y-3.7843
X6.4258 Y-3.7782
X6.4249 Y-3.7774
X6.4172 Y-3.7718
X6.415 Y-3.7704
X6.4094 Y-3.7672
X6.4017 Y-3.7636
X6.3994 Y-3.7627
X6.3939 Y-3.7607
X6.3862 Y-3.7585
X6.3784 Y-3.7569
X6.3707 Y-3.7558 Z0.2333
X6.363 Y-3.7548
X6.3242 Y-3.7503 Z0.2334
X6.301 Y-3.7472 Z0.2333
X6.2701 Y-3.7427 Z0.2334
X6.2468 Y-3.7389 Z0.2333
X6.2236 Y-3.735 Z0.2334
X6.2004 Y-3.7307 Z0.2333
X6.1771 Y-3.7261 Z0.2334
X6.1617 Y-3.7229
X6.1384 Y-3.7179 Z0.2333
X6.123 Y-3.7143 Z0.2334
X6.0989 Y-3.7086 Z0.2333
X6.0765 Y-3.703 Z0.2334
X6.061 Y-3.6989
X6.0301 Y-3.6904 Z0.2333
X6.0223 Y-3.6882 Z0.2334
X5.9913 Y-3.679 Z0.2333
X5.9759 Y-3.6742 Z0.2334
X5.9604 Y-3.6692 Z0.2333
X5.9294 Y-3.659 Z0.2334
X5.9139 Y-3.6536 Z0.2333
X5.883 Y-3.6424 Z0.2334
X5.8736 Y-3.639
X5.852 Y-3.6307 Z0.2333
X5.8288 Y-3.6215 Z0.2334
X5.8055 Y-3.612 Z0.2333
X5.7823 Y-3.6021 Z0.2334
X5.7591 Y-3.5919 Z0.2333
X5.7359 Y-3.5813 Z0.2334
X5.7049 Y-3.5666 Z0.2333
X5.6894 Y-3.559 Z0.2334
X5.6584 Y-3.5433 Z0.2333
X5.643 Y-3.5352 Z0.2334
X5.6042 Y-3.5142
X5.5925 Y-3.5076
X5.5655 Y-3.492 Z0.2333
X5.55 Y-3.4828 Z0.2334
X5.5346 Y-3.4734 Z0.2333
X5.5113 Y-3.459 Z0.2334
X5.4881 Y-3.4441 Z0.2333
X5.4649 Y-3.4288 Z0.2334
X5.4494 Y-3.4182 Z0.2333
X5.4262 Y-3.4021 Z0.2334
X5.4107 Y-3.391 Z0.2333
X5.3902 Y-3.3761 Z0.2334
X5.372 Y-3.3624 Z0.2333
X5.3495 Y-3.3452
X5.3333 Y-3.3323 Z0.2334
X5.31 Y-3.3136
X5.3016 Y-3.3065
X5.2713 Y-3.2809 Z0.2333
X5.2636 Y-3.2742 Z0.2334
X5.2392 Y-3.2524
X5.2249 Y-3.2394
X5.2017 Y-3.2176 Z0.2333
X5.1862 Y-3.2027 Z0.2334
X5.1661 Y-3.1828 Z0.2333
X5.1508 Y-3.1674 Z0.2334
X5.1359 Y-3.1519 Z0.2333
X5.1212 Y-3.1365 Z0.2334
X5.1069 Y-3.121
X5.0929 Y-3.1055 Z0.2333
X5.0855 Y-3.0973 Z0.2334
X5.07 Y-3.0796 Z0.2333
X5.0591 Y-3.0669
X5.0468 Y-3.0524 Z0.2334
X5.027 Y-3.0282 Z0.2333
X5.0207 Y-3.0205 Z0.2334
X5.0081 Y-3.0044
X4.9926 Y-2.9846 Z0.2333
X4.9841 Y-2.9741 Z0.2332
X4.9769 Y-2.9664
X4.9694 Y-2.9597
X4.968 Y-2.9586
X4.9617 Y-2.9541
X4.9566 Y-2.9509 Z0.2333
X4.9539 Y-2.9494
X4.9462 Y-2.9458
X4.9384 Y-2.943 Z0.2332
X4.9307 Y-2.9408
X4.9229 Y-2.9393
X4.9152 Y-2.9383 Z0.2333
X4.9075 Y-2.9379
X4.8997 Y-2.9383 Z0.2332
X4.892 Y-2.9393
X4.8842 Y-2.941
X4.8764 Y-2.9432
X4.8688 Y-2.946
X4.861 Y-2.9496 Z0.2333
X4.8533 Y-2.9539
X4.8314 Y-2.9664 Z0.2334
X4.8171 Y-2.9741
X4.8068 Y-2.9794
X4.7913 Y-2.987
X4.7836 Y-2.9907
X4.7681 Y-2.9976
X4.7604 Y-3.0009
X4.7449 Y-3.0072
X4.7371 Y-3.0102
X4.7217 Y-3.0158
X4.7139 Y-3.0186
X4.7062 Y-3.0211
X4.6907 Y-3.026
X4.6829 Y-3.0284
X4.6752 Y-3.0306
X4.6597 Y-3.0348
X4.6442 Y-3.0386
X4.6365 Y-3.0404
X4.6288 Y-3.042
X4.6133 Y-3.0451
X4.6055 Y-3.0466
X4.5978 Y-3.0479
X4.5823 Y-3.0503
X4.5744 Y-3.0514
X4.5591 Y-3.0533
X4.5513 Y-3.0541
X4.5359 Y-3.0555
X4.5281 Y-3.0561
X4.5126 Y-3.057
X4.4971 Y-3.0577 Z0.2333
X4.4894 Y-3.0578
X4.4739 Y-3.0579 Z0.2334
X4.4584 Y-3.0576 Z0.2333
X4.4507 Y-3.0573 Z0.2334
X4.4352 Y-3.0565
X4.4275 Y-3.056
X4.4197 Y-3.0555
X4.4042 Y-3.054
X4.3965 Y-3.0532
X4.3888 Y-3.0523
X4.3733 Y-3.0502
X4.3655 Y-3.049
X4.3578 Y-3.0477
X4.35 Y-3.0464
X4.3423 Y-3.045
X4.3346 Y-3.0434
X4.3191 Y-3.0402
X4.3113 Y-3.0384
X4.2958 Y-3.0345
X4.2881 Y-3.0325
X4.2804 Y-3.0304
X4.2649 Y-3.0258
X4.2571 Y-3.0234
X4.2417 Y-3.0182
X4.2339 Y-3.0155
X4.2184 Y-3.0098
X4.2107 Y-3.0068
X4.2029 Y-3.0037
X4.1875 Y-2.9972
X4.1797 Y-2.9937
X4.1642 Y-2.9865
X4.1546 Y-2.9818
X4.1394 Y-2.9741
X4.1252 Y-2.9664
X4.1178 Y-2.9622
X4.11 Y-2.9577
X4.0987 Y-2.9509
X4.0946 Y-2.9484
X4.0863 Y-2.9432
X4.0745 Y-2.9354
X4.0636 Y-2.928
X4.0522 Y-2.92
X4.0481 Y-2.917
X4.0404 Y-2.9112
X4.0316 Y-2.9045
X4.0219 Y-2.8968
X4.0094 Y-2.8865
X4.0017 Y-2.8799
X3.9939 Y-2.8731
X3.986 Y-2.8659
X3.9777 Y-2.8581
X3.9697 Y-2.8504
X3.9619 Y-2.8427
X3.9544 Y-2.8349
X3.947 Y-2.8272
X3.9397 Y-2.8193
X3.932 Y-2.8107
X3.9242 Y-2.8017
X3.9165 Y-2.7925
X3.9087 Y-2.7829
X3.901 Y-2.7729
X3.8952 Y-2.7653
X3.8841 Y-2.7499
X3.8778 Y-2.7409
X3.87 Y-2.7293
X3.8623 Y-2.7173
X3.8538 Y-2.7035
X3.8493 Y-2.6958
X3.8391 Y-2.6776
X3.8363 Y-2.6726
X3.8313 Y-2.6629
X3.8236 Y-2.6474
X3.8172 Y-2.6339
X3.8137 Y-2.6262
X3.807 Y-2.6107 Z0.2333
X3.8036 Y-2.603
X3.7998 Y-2.5953
X3.7953 Y-2.5875 Z0.2332
X3.7926 Y-2.5836
X3.7896 Y-2.5798
X3.7849 Y-2.5743
X3.7828 Y-2.5721
X3.7771 Y-2.5667
X3.7744 Y-2.5643
X3.7694 Y-2.5605
X3.7637 Y-2.5566 Z0.2333
X3.7617 Y-2.5554
X3.7539 Y-2.5513
X3.7481 Y-2.5489 Z0.2332
X3.7384 Y-2.5457
X3.7307 Y-2.5439
X3.7229 Y-2.5427
X3.7152 Y-2.5421 Z0.2333
X3.7075 Y-2.5422
X3.6997 Y-2.5429 Z0.2332
X3.692 Y-2.5442
X3.6842 Y-2.5462
X3.6761 Y-2.5489
X3.6687 Y-2.5518 Z0.2333
X3.6579 Y-2.5566
X3.5681 Y-2.5972
X3.4752 Y-2.6377
X3.4442 Y-2.6509
X3.3668 Y-2.6834 Z0.2334
X3.3204 Y-2.7023 Z0.2333
X3.2662 Y-2.7242 Z0.2334
X3.2401 Y-2.7344 Z0.2333
X3.1655 Y-2.7634
X3.14 Y-2.7731
X3.0649 Y-2.8012
X3.0416 Y-2.8097
X2.9565 Y-2.8402 Z0.2334
X2.9178 Y-2.8536 Z0.2333
X2.8481 Y-2.8775 Z0.2334
X2.7552 Y-2.9082 Z0.2333
X2.732 Y-2.9156
X2.6444 Y-2.9432
X2.6081 Y-2.9541
X2.5384 Y-2.975
X2.4997 Y-2.9862
X2.43 Y-3.0061
X2.3991 Y-3.0145
X2.3216 Y-3.0355 Z0.2334
X2.2829 Y-3.0455 Z0.2333
X2.2133 Y-3.0633 Z0.2334
X2.1358 Y-3.0822 Z0.2333
X2.1031 Y-3.0901 Z0.2334
X2.012 Y-3.1109 Z0.2333
X1.9887 Y-3.1161
X1.8958 Y-3.136
X1.8571 Y-3.1439
X1.7952 Y-3.1564
X1.7874 Y-3.158
X1.7797 Y-3.1598 Z0.2332
X1.772 Y-3.1618 Z0.2333
X1.7642 Y-3.1645 Z0.2332
X1.7565 Y-3.1678 Z0.2333
X1.7487 Y-3.1722 Z0.2332
X1.7443 Y-3.1751
X1.741 Y-3.1776
X1.7347 Y-3.1828
X1.7333 Y-3.1841
X1.7269 Y-3.1906
X1.7255 Y-3.1922
X1.7206 Y-3.1983
X1.7178 Y-3.2022 Z0.2333
X1.7154 Y-3.206
X1.7112 Y-3.2138
X1.71 Y-3.2166 Z0.2332
X1.708 Y-3.2215
X1.7055 Y-3.2292
X1.7035 Y-3.237
X1.7019 Y-3.2447 Z0.2333
X1.699 Y-3.2602 Z0.2334
X1.6973 Y-3.2679
X1.6955 Y-3.2756
X1.6936 Y-3.2833
X1.6915 Y-3.2911
X1.6893 Y-3.2988
X1.6868 Y-3.3066
X1.6843 Y-3.3143
X1.6816 Y-3.322
X1.6786 Y-3.3297
X1.6755 Y-3.3375
X1.6713 Y-3.3472
X1.6688 Y-3.3529
X1.6651 Y-3.3607
X1.6612 Y-3.3684
X1.6558 Y-3.3785
X1.6528 Y-3.3839
X1.6481 Y-3.3919
X1.6403 Y-3.4044
X1.6326 Y-3.4159
X1.6249 Y-3.4266
X1.6221 Y-3.4302
X1.616 Y-3.438
X1.6094 Y-3.446
X1.6016 Y-3.4549
X1.5862 Y-3.4721 Z0.2333
X1.5824 Y-3.4766 Z0.2332
X1.5784 Y-3.4817 Z0.2333
X1.5766 Y-3.4844 Z0.2332
X1.572 Y-3.4921
X1.5707 Y-3.4947 Z0.2333
X1.5683 Y-3.4998 Z0.2332
X1.5653 Y-3.5076
X1.5629 Y-3.5165
X1.5616 Y-3.523
X1.5606 Y-3.5307
X1.5601 Y-3.5385 Z0.2333
X1.5605 Y-3.5462 Z0.2332
X1.5615 Y-3.5539
X1.563 Y-3.5617
X1.565 Y-3.5694
X1.5679 Y-3.5771
X1.5707 Y-3.5832
X1.5715 Y-3.5849 Z0.2333
X1.5761 Y-3.5926 Z0.2332
X1.5784 Y-3.5961 Z0.2333
X1.5818 Y-3.6003 Z0.2332
X1.5862 Y-3.6054
X1.5887 Y-3.6081
X1.5939 Y-3.613
X1.5971 Y-3.6158
X1.6016 Y-3.6193
X1.6078 Y-3.6235 Z0.2333
X1.6094 Y-3.6245
X1.6171 Y-3.6285 Z0.2332
X1.6237 Y-3.6313
X1.6326 Y-3.6341
X1.6403 Y-3.636
X1.6481 Y-3.6372
X1.6558 Y-3.6379 Z0.2333
X1.6636 Y-3.6383
X1.7874 Y-3.642
X1.8339 Y-3.6439
X1.9191 Y-3.6474
X1.981 Y-3.6505
X2.0554 Y-3.6545
X2.0894 Y-3.6565
X2.1843 Y-3.6625 Z0.2334
X2.221 Y-3.6651 Z0.2333
X2.2708 Y-3.6688
X2.2763 Y-3.669
X2.2819 Y-3.6688 Z0.2331
X2.2874 Y-3.6683 Z0.2327
X2.2929 Y-3.6675 Z0.2323
X2.2984 Y-3.6664 Z0.2318
X2.3038 Y-3.6653 Z0.2312
X2.3255 Y-3.6601 Z0.2287
X2.3309 Y-3.6589 Z0.2281
X2.3364 Y-3.6579 Z0.2276
X2.3419 Y-3.6572 Z0.2272
X2.3474 Y-3.6567 Z0.2268
X2.3529 Y-3.6565 Z0.2266
X2.3585 Y-3.6567 Z0.2265
X2.4455 Y-3.6642 Z0.2266
X2.4842 Y-3.6677 Z0.2265
X2.5771 Y-3.6766 Z0.2266
X2.6313 Y-3.6822 Z0.2265
X2.701 Y-3.6897 Z0.2266
X2.7629 Y-3.6967 Z0.2265
X2.8326 Y-3.7049 Z0.2266
X2.8946 Y-3.7126 Z0.2265
X2.9565 Y-3.7206 Z0.2266
X3.0262 Y-3.73 Z0.2265
X3.0881 Y-3.7387 Z0.2266
X3.1733 Y-3.7511 Z0.2265
X3.2197 Y-3.7582 Z0.2266
X3.3049 Y-3.7716 Z0.2265
X3.3513 Y-3.7792 Z0.2266
X3.4442 Y-3.7949
X3.4907 Y-3.803
X3.5836 Y-3.8198
X3.6223 Y-3.8271
X3.7152 Y-3.8449
X3.7462 Y-3.851
X3.8468 Y-3.8714
X3.87 Y-3.8763
X3.9862 Y-3.9012
X4.1023 Y-3.9273
X4.11 Y-3.929 Z0.2265
X4.1178 Y-3.9305
X4.1255 Y-3.9317
X4.1333 Y-3.9323
X4.141 Y-3.9319
X4.1488 Y-3.9308 Z0.2264
X4.1565 Y-3.9291
X4.1642 Y-3.9265 Z0.2265
X4.1675 Y-3.925
X4.172 Y-3.9229
X4.1797 Y-3.9182
X4.181 Y-3.9173
X4.1875 Y-3.912 Z0.2264
X4.19 Y-3.9096
X4.1952 Y-3.9042
X4.1971 Y-3.9019
X4.2029 Y-3.8938 Z0.2265
X4.207 Y-3.8864
X4.2107 Y-3.878
X4.2184 Y-3.8596 Z0.2266
X4.2202 Y-3.8555
X4.2237 Y-3.8477
X4.2272 Y-3.84
X4.2349 Y-3.8245
X4.239 Y-3.8168
X4.2433 Y-3.8091
X4.2494 Y-3.7984
X4.2571 Y-3.7857
X4.2649 Y-3.7737
X4.2726 Y-3.7623
X4.2804 Y-3.7516
X4.2896 Y-3.7395
X4.2958 Y-3.7316
X4.3036 Y-3.7223
X4.3113 Y-3.7134
X4.3191 Y-3.705
X4.3268 Y-3.6968
X4.3346 Y-3.689
X4.3423 Y-3.6815
X4.35 Y-3.6742
X4.3578 Y-3.6672
X4.3655 Y-3.6605
X4.3733 Y-3.6541
X4.3824 Y-3.6467
X4.3927 Y-3.639
X4.4042 Y-3.6306
X4.4145 Y-3.6235
X4.4275 Y-3.6152
X4.4393 Y-3.6081
X4.4507 Y-3.6014
X4.4662 Y-3.5931
X4.4739 Y-3.5892
X4.4828 Y-3.5849
X4.4894 Y-3.5817
X4.5049 Y-3.5749
X4.5126 Y-3.5718
X4.5204 Y-3.5688
X4.5281 Y-3.5658
X4.5399 Y-3.5617
X4.5513 Y-3.5579
X4.5645 Y-3.5539
X4.5746 Y-3.5511
X4.5823 Y-3.5491
X4.5945 Y-3.5462
X4.6055 Y-3.5438
X4.6133 Y-3.5423
X4.621 Y-3.5409
X4.6288 Y-3.5396
X4.6365 Y-3.5384
X4.6442 Y-3.5373
X4.652 Y-3.5364
X4.6597 Y-3.5355
X4.6675 Y-3.5348
X4.6752 Y-3.5341
X4.6829 Y-3.5336
X4.6907 Y-3.5332
X4.7062 Y-3.5328
X4.7139 Y-3.5326
X4.7217
X4.7294 Y-3.5329
X4.7449 Y-3.5336
X4.7526 Y-3.5341
X4.7604 Y-3.5347
X4.7681 Y-3.5354
X4.7759 Y-3.5363
X4.7913 Y-3.5383
X4.7991 Y-3.5395
X4.8068 Y-3.5408
X4.8146 Y-3.5422
X4.8223 Y-3.5437
X4.8378 Y-3.5471
X4.8455 Y-3.549
X4.8533 Y-3.551
X4.8638 Y-3.5539
X4.8688 Y-3.5554
X4.8765 Y-3.5577
X4.8884 Y-3.5617
X4.8997 Y-3.5656
X4.9096 Y-3.5694
X4.9229 Y-3.5747
X4.9307 Y-3.5781
X4.9384 Y-3.5815
X4.9462 Y-3.5851
X4.9539 Y-3.5889
X4.9617 Y-3.5928
X4.9694 Y-3.5969
X4.9771 Y-3.6011
X4.9891 Y-3.6081
X5.0018 Y-3.6158
X5.0137 Y-3.6235
X5.025 Y-3.6313
X5.0357 Y-3.639
X5.0468 Y-3.6475
X5.0555 Y-3.6545
X5.0647 Y-3.6622
X5.07 Y-3.6668
X5.0778 Y-3.6738
X5.0855 Y-3.681 Z0.2267
X5.0933 Y-3.6885 Z0.2266
X5.101 Y-3.6963
X5.1088 Y-3.7044
X5.1165 Y-3.7128
X5.1262 Y-3.724
X5.1327 Y-3.7318
X5.1397 Y-3.7407
X5.1475 Y-3.7509
X5.156 Y-3.7627
X5.163 Y-3.7728
X5.1715 Y-3.7859
X5.1784 Y-3.7974
X5.1807 Y-3.8013
X5.1862 Y-3.811
X5.1894 Y-3.8168
X5.1939 Y-3.8254
X5.1973 Y-3.8323
X5.2017 Y-3.8412
X5.2047 Y-3.8477
X5.2094 Y-3.8583
X5.2115 Y-3.8632
X5.2171 Y-3.8771
X5.2206 Y-3.8864
X5.2249 Y-3.8985
X5.2285 Y-3.9096
X5.2309 Y-3.9173
X5.2332 Y-3.925
X5.2353 Y-3.9328
X5.2373 Y-3.9405
X5.2392 Y-3.9482
X5.2409 Y-3.956
X5.2426 Y-3.9637
X5.2441 Y-3.9714
X5.2468 Y-3.9869
X5.2481 Y-3.9953
X5.2491 Y-4.0024
X5.25 Y-4.0101
X5.2509 Y-4.0178
X5.2523 Y-4.0333
X5.2528 Y-4.041
X5.2532 Y-4.0487
X5.2535 Y-4.0565
X5.2538 Y-4.0719
X5.2537 Y-4.0797
X5.2532 Y-4.0951
X5.2528 Y-4.1029
X5.2523 Y-4.1106
X5.2517 Y-4.1183
X5.2502 Y-4.1338
X5.2494 Y-4.1415 Z0.2265
X5.2488 Y-4.1493
X5.2487 Y-4.157
X5.2495 Y-4.1647 Z0.2264
X5.2509 Y-4.1724
X5.2532 Y-4.1802
X5.2562 Y-4.1879 Z0.2265
X5.2604 Y-4.1956 Z0.2264
X5.2636 Y-4.2006 Z0.2265
X5.2658 Y-4.2034 Z0.2264
X5.2713 Y-4.2098 Z0.2265
X5.2726 Y-4.2111
X5.2791 Y-4.2168
X5.2817 Y-4.2188
X5.2868 Y-4.2222 Z0.2264
X5.2946 Y-4.2266 Z0.2265
X5.3023 Y-4.2296
X5.31 Y-4.2319 Z0.2264
X5.3178 Y-4.2335 Z0.2265
X5.322 Y-4.2343
X5.3488 Y-4.2385 Z0.2266
X5.3797 Y-4.2432
X5.3952 Y-4.2454
X5.4494 Y-4.2526 Z0.2265
X5.4726 Y-4.2553 Z0.2266
X5.5191 Y-4.2606
X5.5346 Y-4.2621
X5.5888 Y-4.2671
X5.6042 Y-4.2684
X5.6584 Y-4.2723
X5.6739 Y-4.2732
X5.7281 Y-4.276
X5.7436 Y-4.2766
X5.7978 Y-4.2784
X5.8055 Y-4.2785 Z0.2265
X5.8675 Y-4.2793 Z0.2266
X5.8752 Y-4.2794
X5.9371 Y-4.2789
X5.9526 Y-4.2786
X6.0146 Y-4.2768 Z0.2265
X6.0765 Y-4.2739
X6.0928 Y-4.273 Z0.2266
X6.1462 Y-4.2693
X6.1617 Y-4.2681
X6.2159 Y-4.2633 Z0.2265
X6.2313 Y-4.2618
X6.2855 Y-4.256 Z0.2266
X6.301 Y-4.2541
X6.3552 Y-4.2472
X6.3707 Y-4.245
X6.4172 Y-4.2381
X6.4249 Y-4.2369 Z0.2265
X6.4326 Y-4.2356
X6.4385 Y-4.2343 Z0.2264
X6.4404 Y-4.2338
X6.4481 Y-4.2315 Z0.2265
X6.4559 Y-4.2282
X6.459 Y-4.2266
X6.4636 Y-4.2237 Z0.2264
X6.4704 Y-4.2188 Z0.2265
X6.4713 Y-4.2181
X6.4791 Y-4.2108
X6.4851 Y-4.2034
X6.4868 Y-4.2011
X6.4902 Y-4.1956
X6.494 Y-4.1879
X6.4946 Y-4.1864 Z0.2264
X6.4968 Y-4.1802
X6.4987 Y-4.1724
X6.5 Y-4.1647
X6.5006 Y-4.157 Z0.2265
X6.5001 Y-4.1493
X6.499 Y-4.1415 Z0.2264
X6.4971 Y-4.1338
X6.4946 Y-4.1256 Z0.2265
X6.4865 Y-4.1029 Z0.2266
X6.4838 Y-4.0951
X6.4787 Y-4.0797
X6.4763 Y-4.0719
X6.4713 Y-4.0549
X6.4696 Y-4.0487
X6.4676 Y-4.041
X6.4636 Y-4.025
X6.4619 Y-4.0178
X6.4586 Y-4.0024
X6.4571 Y-3.9946
X6.4556 Y-3.9869
X6.453 Y-3.9714
X6.4518 Y-3.9637
X6.4497 Y-3.9482
X6.4481 Y-3.935
X6.4464 Y-3.9173
X6.4458 Y-3.9096
X6.4448 Y-3.8941
X6.4444 Y-3.8864
X6.4441 Y-3.8787
X6.4437 Y-3.8632
X6.4434 Y-3.8555 Z0.2265
X6.4429 Y-3.8477
X6.4417 Y-3.84 Z0.2264
X6.4404 Y-3.8341
X6.4399 Y-3.8323
X6.4373 Y-3.8245 Z0.2265
X6.4337 Y-3.8168
X6.4326 Y-3.8148
X6.4289 Y-3.8091 Z0.2264
X6.4249 Y-3.8037 Z0.2265
X6.4228 Y-3.8013 Z0.2264
X6.4172 Y-3.7956 Z0.2265
X6.4149 Y-3.7936 Z0.2264
X6.4094 Y-3.7894
X6.4042 Y-3.7859 Z0.2265
X6.4017 Y-3.7844
X6.3939 Y-3.7808
X6.3862 Y-3.7781 Z0.2264
X6.3784 Y-3.7761
X6.3707 Y-3.7748 Z0.2265
X6.363 Y-3.7738
X6.3242 Y-3.7692 Z0.2266
X6.3088 Y-3.7672
X6.2778 Y-3.7628
X6.2623 Y-3.7605
X6.2391 Y-3.7567
X6.2159 Y-3.7527
X6.1926 Y-3.7483
X6.1694 Y-3.7437
X6.1462 Y-3.7388
X6.123 Y-3.7336
X6.1075 Y-3.73
X6.083 Y-3.724
X6.0688 Y-3.7204
X6.0378 Y-3.7121
X6.0223 Y-3.7078
X6.0068 Y-3.7033
X5.9732 Y-3.6931
X5.9604 Y-3.689
X5.9217 Y-3.6762
X5.9036 Y-3.6699
X5.8752 Y-3.6596
X5.8597 Y-3.6538
X5.8365 Y-3.6448
X5.821 Y-3.6387
X5.7978 Y-3.6291
X5.7746 Y-3.6192
X5.7492 Y-3.6081 Z0.2265
X5.7281 Y-3.5984 Z0.2266
X5.6971 Y-3.5837 Z0.2265
X5.6817 Y-3.5761 Z0.2266
X5.6507 Y-3.5605
X5.6352 Y-3.5524
X5.612 Y-3.5398
X5.5953 Y-3.5307
X5.581 Y-3.5227
X5.55 Y-3.5047
X5.5418 Y-3.4998
X5.5191 Y-3.4859
X5.5036 Y-3.4763
X5.4881 Y-3.4665
X5.4726 Y-3.4564
X5.4564 Y-3.4457
X5.4417 Y-3.4358
X5.4184 Y-3.4196
X5.4008 Y-3.407
X5.3795 Y-3.3916
X5.3642 Y-3.3801
X5.3488 Y-3.3684
X5.3333 Y-3.3564
X5.3178 Y-3.344
X5.3001 Y-3.3297
X5.2868 Y-3.3187
X5.2633 Y-3.2988
X5.2543 Y-3.2911
X5.2404 Y-3.2787
X5.2171 Y-3.2578
X5.2094 Y-3.2507
X5.1862 Y-3.2288
X5.1784 Y-3.2214
X5.1706 Y-3.2138
X5.155 Y-3.1983
X5.1396 Y-3.1828
X5.1242 Y-3.167
X5.1088 Y-3.1506
X5.0933 Y-3.1339
X5.0746 Y-3.1133
X5.0677 Y-3.1055
X5.0468 Y-3.0815
X5.0344 Y-3.0669
X5.0153 Y-3.0437
X5.0081 Y-3.0348
X4.9968 Y-3.0205
X4.9771 Y-2.9954 Z0.2265
X4.9724 Y-2.9896
X4.9694 Y-2.9859
X4.9656 Y-2.9818 Z0.2264
X4.9617 Y-2.978
X4.9572 Y-2.9741 Z0.2265
X4.9539 Y-2.9717 Z0.2264
X4.9462 Y-2.9667 Z0.2265
X4.9384 Y-2.963
X4.9307 Y-2.9604 Z0.2264
X4.9229 Y-2.9585
X4.9152 Y-2.9572 Z0.2265
X4.9075 Y-2.9567
X4.8997 Y-2.9573
X4.8916 Y-2.9586 Z0.2264
X4.8842 Y-2.9605
X4.8765 Y-2.9632 Z0.2265
X4.8696 Y-2.9664
X4.8533 Y-2.9756 Z0.2266
X4.8423 Y-2.9818
X4.828 Y-2.9896
X4.8223 Y-2.9926
X4.8131 Y-2.9973
X4.8068 Y-3.0004
X4.7913 Y-3.0078
X4.7759 Y-3.0147
X4.7681 Y-3.018
X4.7526 Y-3.0243
X4.7426 Y-3.0282
X4.7294 Y-3.0331
X4.7212 Y-3.0359
X4.7139 Y-3.0384
X4.6973 Y-3.0437
X4.6907 Y-3.0457
X4.6829 Y-3.048
X4.6675 Y-3.0522
X4.6597 Y-3.0542
X4.652 Y-3.0561
X4.6365 Y-3.0596
X4.621 Y-3.0628
X4.6055 Y-3.0657
X4.59 Y-3.0682
X4.5823 Y-3.0693
X4.5668 Y-3.0713
X4.5591 Y-3.0722
X4.5513 Y-3.073
X4.5359 Y-3.0744
X4.5281 Y-3.075
X4.5126 Y-3.0758
X4.4971 Y-3.0765
X4.4894 Y-3.0766 Z0.2265
X4.4739 Y-3.0767 Z0.2266
X4.4584 Y-3.0764
X4.4507 Y-3.0762
X4.4352 Y-3.0754
X4.4234 Y-3.0746
X4.412 Y-3.0736
X4.3965 Y-3.0721
X4.3888 Y-3.0712
X4.3733 Y-3.0692
X4.3655 Y-3.068
X4.3578 Y-3.0668
X4.3423 Y-3.0641
X4.3346 Y-3.0626
X4.3178 Y-3.0591
X4.3113 Y-3.0577
X4.2958 Y-3.054
X4.2804 Y-3.0499
X4.2726 Y-3.0477
X4.2571 Y-3.0431
X4.2494 Y-3.0406
X4.2339 Y-3.0355
X4.2262 Y-3.0327
X4.2107 Y-3.027
X4.2029 Y-3.024
X4.1943 Y-3.0205
X4.1797 Y-3.0143
X4.172 Y-3.0109
X4.1565 Y-3.0037
X4.1488 Y-2.9999
X4.1333 Y-2.9921
X4.1255 Y-2.988
X4.1143 Y-2.9818
X4.11 Y-2.9795
X4.1008 Y-2.9741
X4.0868 Y-2.9657
X4.0756 Y-2.9586
X4.0636 Y-2.9507
X4.0525 Y-2.9432
X4.0404 Y-2.9346
X4.031 Y-2.9277
X4.0208 Y-2.92
X4.0094 Y-2.9109
X4.0016 Y-2.9045
X3.9924 Y-2.8968
X3.9836 Y-2.889
X3.975 Y-2.8813
X3.9629 Y-2.87
X3.9552 Y-2.8625
X3.9475 Y-2.8548
X3.9397 Y-2.8468
X3.932 Y-2.8386
X3.9215 Y-2.8272
X3.9147 Y-2.8195
X3.9081 Y-2.8117
X3.901 Y-2.8033
X3.8933 Y-2.7936
X3.8834 Y-2.7808
X3.8776 Y-2.7731
X3.87 Y-2.7626
X3.8612 Y-2.7499
X3.8546 Y-2.74
X3.8509 Y-2.7344
X3.846 Y-2.7267
X3.8391 Y-2.7154
X3.8313 Y-2.7022
X3.8233 Y-2.688
X3.8192 Y-2.6803
X3.8151 Y-2.6726
X3.8074 Y-2.6571
X3.8037 Y-2.6494
X3.8001 Y-2.6416
X3.7965 Y-2.6339
X3.7898 Y-2.6185
X3.7864 Y-2.6107 Z0.2265
X3.7849 Y-2.6075
X3.7826 Y-2.603
X3.7778 Y-2.5953
X3.7771 Y-2.5944
X3.7714 Y-2.5875 Z0.2264
X3.7694 Y-2.5853
X3.7635 Y-2.5798
X3.7617 Y-2.5783
X3.7539 Y-2.5727 Z0.2265
X3.7529 Y-2.5721
X3.7462 Y-2.5685
X3.7384 Y-2.5655 Z0.2264
X3.7348 Y-2.5643
X3.7307 Y-2.5632
X3.7229 Y-2.5618
X3.7152 Y-2.5609 Z0.2265
X3.7075 Y-2.5611
X3.6997 Y-2.562 Z0.2264
X3.692 Y-2.5636
X3.6893 Y-2.5643
X3.6842 Y-2.566
X3.6765 Y-2.569 Z0.2265
X3.6687 Y-2.5724 Z0.2266
X3.5758 Y-2.6143
X3.5062 Y-2.6448
X3.4752 Y-2.6582
X3.4287 Y-2.6778
X3.3746 Y-2.7006
X3.3358 Y-2.7163
X3.2719 Y-2.7422
X3.2324 Y-2.7576
X3.1727 Y-2.7808
X3.15 Y-2.7894
X3.0726 Y-2.8184
X3.0485 Y-2.8272
X2.9622 Y-2.8581
X2.9255 Y-2.8708
X2.8558 Y-2.8948
X2.7862 Y-2.9178
X2.7475 Y-2.9305
X2.6545 Y-2.9597
X2.6313 Y-2.9668
X2.5462 Y-2.9924
X2.5152 Y-3.0013
X2.4378 Y-3.0234
X2.4068 Y-3.0319
X2.3294 Y-3.0529
X2.2984 Y-3.061
X2.221 Y-3.0808
X2.19 Y-3.0884
X2.1126 Y-3.1071
X2.0584 Y-3.1196
X2.0042 Y-3.132
X1.9655 Y-3.1404
X1.8958 Y-3.1553
X1.8494 Y-3.1647
X1.7952 Y-3.1756 Z0.2265
X1.7874 Y-3.1773
X1.7797 Y-3.1792
X1.772 Y-3.1817
X1.7691 Y-3.1828
X1.7642 Y-3.1851
X1.7565 Y-3.1896
X1.755 Y-3.1906
X1.7487 Y-3.1956 Z0.2264
X1.7457 Y-3.1983
X1.741 Y-3.2031
X1.7385 Y-3.206
X1.7333 Y-3.2129 Z0.2265
X1.7327 Y-3.2138
X1.7284 Y-3.2215
X1.7255 Y-3.2286 Z0.2264
X1.7229 Y-3.237
X1.7212 Y-3.2447 Z0.2265
X1.7178 Y-3.262 Z0.2266
X1.7148 Y-3.2756
X1.713 Y-3.2833
X1.71 Y-3.2946
X1.7089 Y-3.2988
X1.7066 Y-3.3065
X1.7041 Y-3.3143
X1.7015 Y-3.322
X1.6987 Y-3.3297
X1.6945 Y-3.3406
X1.6927 Y-3.3452
X1.6894 Y-3.3529
X1.6859 Y-3.3607
X1.6823 Y-3.3684
X1.6784 Y-3.3761
X1.6743 Y-3.3839
X1.67 Y-3.3916
X1.6636 Y-3.4026
X1.6558 Y-3.4151
X1.6481 Y-3.4265
X1.6399 Y-3.438
X1.6326 Y-3.4474
X1.6249 Y-3.4568
X1.6171 Y-3.4658
X1.6074 Y-3.4766
X1.6005 Y-3.4844 Z0.2265
X1.5939 Y-3.4925
X1.5893 Y-3.4998
X1.5862 Y-3.506
X1.5855 Y-3.5076
X1.5827 Y-3.5153 Z0.2264
X1.5808 Y-3.523
X1.5796 Y-3.5307
X1.579 Y-3.5385 Z0.2265
X1.5795 Y-3.5462
X1.5807 Y-3.5539 Z0.2264
X1.5825 Y-3.5617 Z0.2265
X1.5851 Y-3.5694
X1.5862 Y-3.5718
X1.5888 Y-3.5771
X1.5936 Y-3.5849
X1.5999 Y-3.5926 Z0.2264
X1.6016 Y-3.5944
X1.608 Y-3.6003
X1.6094 Y-3.6015 Z0.2265
X1.6171 Y-3.6071
X1.6186 Y-3.6081
X1.6249 Y-3.6113
X1.6326 Y-3.6144 Z0.2264
X1.6371 Y-3.6158
X1.6403 Y-3.6166
X1.6481 Y-3.6181
X1.6558 Y-3.619 Z0.2265
X1.6636 Y-3.6195
X1.772 Y-3.6228 Z0.2266
X1.7956 Y-3.6235
X1.9191 Y-3.6286
X1.9725 Y-3.6313
X2.0584 Y-3.6358
X2.1126 Y-3.6391
X2.19 Y-3.644
X2.2365 Y-3.6474
X2.3139 Y-3.6531
X2.3371 Y-3.655 Z0.2265
X2.3585 Y-3.6567
X2.364 Y-3.657
X2.3696 Y-3.6568 Z0.2263
X2.3751 Y-3.6563 Z0.2261
X2.3806 Y-3.6555 Z0.2257
X2.3861 Y-3.6545 Z0.2254
X2.3916 Y-3.6534 Z0.2249
X2.4133 Y-3.6481 Z0.2231
X2.4187 Y-3.647 Z0.2227
X2.4242 Y-3.646 Z0.2223
X2.4297 Y-3.6452 Z0.2219
X2.4353 Y-3.6447 Z0.2217
X2.4408 Y-3.6446 Z0.2215
X2.4464 Y-3.6449 Z0.2214
X2.4842 Y-3.6483
X2.5771 Y-3.6572
X2.6313 Y-3.6627
X2.7087 Y-3.6711
X2.7666 Y-3.6776
X2.8326 Y-3.6855 Z0.2215
X2.9023 Y-3.6941 Z0.2214
X2.9642 Y-3.7021
X3.0339 Y-3.7115
X3.0958 Y-3.7203
X3.1655 Y-3.7304
X3.2275 Y-3.7398
X3.3049 Y-3.752
X3.3591 Y-3.7609
X3.4442 Y-3.7753
X3.4907 Y-3.7834
X3.5836 Y-3.8001
X3.6223 Y-3.8074
X3.7229 Y-3.8267
X3.7539 Y-3.8329
X3.8468 Y-3.8517
X3.8778 Y-3.8582
X3.9862 Y-3.8814
X4.0326 Y-3.8918
X4.1023 Y-3.9075
X4.1117 Y-3.9096
X4.1178 Y-3.9108
X4.1255 Y-3.9121 Z0.2213
X4.1333 Y-3.9129 Z0.2214
X4.141 Y-3.9124 Z0.2213
X4.1488 Y-3.911
X4.1538 Y-3.9096
X4.1565 Y-3.9087
X4.1642 Y-3.905
X4.1694 Y-3.9019 Z0.2214
X4.172 Y-3.8997 Z0.2213
X4.1781 Y-3.8941
X4.1797 Y-3.8924
X4.1845 Y-3.8864
X4.1875 Y-3.8819 Z0.2214
X4.1892 Y-3.8787
X4.1927 Y-3.8709
X4.1992 Y-3.8555 Z0.2215
X4.2029 Y-3.8467
X4.2059 Y-3.84 Z0.2214
X4.2095 Y-3.8323 Z0.2215
X4.2172 Y-3.8168 Z0.2214
X4.2212 Y-3.8091 Z0.2215
X4.2262 Y-3.8 Z0.2214
X4.2298 Y-3.7936 Z0.2215
X4.2344 Y-3.7859
X4.2417 Y-3.774
X4.2494 Y-3.762 Z0.2214
X4.2571 Y-3.7507 Z0.2215
X4.2653 Y-3.7395
X4.2726 Y-3.7298
X4.2804 Y-3.72 Z0.2214
X4.2881 Y-3.7106
X4.2966 Y-3.7008 Z0.2215
X4.3037 Y-3.6931
X4.3113 Y-3.685
X4.3191 Y-3.6771
X4.3268 Y-3.6695
X4.3346 Y-3.6622
X4.3431 Y-3.6545
X4.3519 Y-3.6467 Z0.2214
X4.3612 Y-3.639
X4.3709 Y-3.6313
X4.3811 Y-3.6235 Z0.2215
X4.3917 Y-3.6158 Z0.2214
X4.4042 Y-3.6071
X4.4148 Y-3.6003
X4.4197 Y-3.5973 Z0.2215
X4.4275 Y-3.5926
X4.4407 Y-3.5849
X4.4584 Y-3.5753
X4.4662 Y-3.5714 Z0.2214
X4.4817 Y-3.564 Z0.2215
X4.4971 Y-3.5572 Z0.2214
X4.5052 Y-3.5539 Z0.2215
X4.5204 Y-3.5481
X4.5281 Y-3.5453
X4.5359 Y-3.5426 Z0.2214
X4.5436 Y-3.5401 Z0.2215
X4.5513 Y-3.5377
X4.5668 Y-3.5332
X4.5763 Y-3.5307
X4.59 Y-3.5274
X4.6055 Y-3.5241
X4.6133 Y-3.5227
X4.621 Y-3.5213
X4.6288 Y-3.52
X4.6365 Y-3.5189
X4.6442 Y-3.5178
X4.652 Y-3.5169
X4.6597 Y-3.5161
X4.6687 Y-3.5153
X4.6829 Y-3.5143
X4.6907 Y-3.5138 Z0.2214
X4.7062 Y-3.5134 Z0.2215
X4.7139 Y-3.5133 Z0.2214
X4.7217
X4.7294 Y-3.5135
X4.7449 Y-3.5142
X4.7526 Y-3.5147 Z0.2215
X4.7604 Y-3.5153 Z0.2214
X4.7681 Y-3.516 Z0.2215
X4.7759 Y-3.5168
X4.7913 Y-3.5188
X4.7991 Y-3.5199
X4.8068 Y-3.5212
X4.8171 Y-3.523
X4.83 Y-3.5256
X4.8378 Y-3.5273
X4.8455 Y-3.5291
X4.8533 Y-3.5311
X4.861 Y-3.5331
X4.8688 Y-3.5353
X4.8796 Y-3.5385
X4.8842 Y-3.5399
X4.892 Y-3.5425
X4.9028 Y-3.5462
X4.9075 Y-3.5479
X4.9152 Y-3.5508
X4.9231 Y-3.5539
X4.9307 Y-3.557
X4.9462 Y-3.5638 Z0.2214
X4.958 Y-3.5694
X4.9694 Y-3.5751 Z0.2215
X4.9771 Y-3.5791 Z0.2214
X4.9876 Y-3.5849 Z0.2215
X5.0009 Y-3.5926 Z0.2214
X5.0081 Y-3.597 Z0.2215
X5.0159 Y-3.6019
X5.0254 Y-3.6081
X5.0366 Y-3.6158 Z0.2214
X5.0473 Y-3.6235 Z0.2215
X5.0574 Y-3.6313
X5.0671 Y-3.639
X5.0778 Y-3.6479
X5.0855 Y-3.6547
X5.0937 Y-3.6622
X5.1019 Y-3.6699
X5.1097 Y-3.6776
X5.1173 Y-3.6854
X5.1246 Y-3.6931
X5.132 Y-3.7012
X5.1397 Y-3.7101
X5.1475 Y-3.7193
X5.1552 Y-3.7291
X5.1631 Y-3.7395
X5.1707 Y-3.75
X5.1794 Y-3.7627 Z0.2214
X5.1862 Y-3.773 Z0.2215
X5.1894 Y-3.7782 Z0.2214
X5.194 Y-3.7859
X5.1986 Y-3.7936 Z0.2215
X5.2029 Y-3.8013 Z0.2214
X5.2094 Y-3.8133 Z0.2215
X5.2112 Y-3.8168
X5.2171 Y-3.8288
X5.2188 Y-3.8323
X5.2224 Y-3.84 Z0.2214
X5.2259 Y-3.8477
X5.2292 Y-3.8555 Z0.2215
X5.2326 Y-3.8638 Z0.2214
X5.2355 Y-3.8709 Z0.2215
X5.2384 Y-3.8787
X5.2411 Y-3.8864 Z0.2214
X5.2438 Y-3.8941 Z0.2215
X5.2481 Y-3.9075
X5.251 Y-3.9173
X5.2532 Y-3.925
X5.2559 Y-3.9352
X5.259 Y-3.9482
X5.2607 Y-3.956
X5.2623 Y-3.9637
X5.2637 Y-3.9714
X5.2651 Y-3.9792
X5.2664 Y-3.9869
X5.2675 Y-3.9946
X5.2686 Y-4.0024
X5.2695 Y-4.0101
X5.2703 Y-4.0178 Z0.2214
X5.2713 Y-4.0294 Z0.2215
X5.2721 Y-4.041 Z0.2214
X5.2725 Y-4.0487
X5.2728 Y-4.0565
X5.2731 Y-4.0719
X5.2728 Y-4.0874
X5.2725 Y-4.0951
X5.2721 Y-4.1029
X5.2713 Y-4.1147
X5.2704 Y-4.1261 Z0.2215
X5.2688 Y-4.1415 Z0.2214
X5.2682 Y-4.1493
Y-4.157
X5.2692 Y-4.1647 Z0.2213
X5.2711 Y-4.1724
X5.2713 Y-4.1734
X5.274 Y-4.1802 Z0.2214
X5.2784 Y-4.1879 Z0.2213
X5.2791 Y-4.1889
X5.2847 Y-4.1956
X5.2868 Y-4.1978
X5.2933 Y-4.2034
X5.2946 Y-4.2042
X5.3023 Y-4.2087 Z0.2214
X5.3081 Y-4.2111 Z0.2213
X5.31 Y-4.2117
X5.3178 Y-4.2138
X5.3255 Y-4.2153 Z0.2214
X5.3488 Y-4.219
X5.3875 Y-4.2248
X5.4184 Y-4.229
X5.4494 Y-4.2331
X5.4649 Y-4.235
X5.5191 Y-4.2411
G3 X5.7978 Y-4.259 I0.3625 J3.4658
G1 X5.8055 Y-4.2592
X5.8597 Y-4.2599
X5.8752 Y-4.2601
X5.9371 Y-4.2596
X5.9526 Y-4.2593
X6.015 Y-4.2575
X6.0765 Y-4.2545
X6.092 Y-4.2536
X6.1488 Y-4.2498
X6.1694 Y-4.2481
X6.2159 Y-4.2439
X6.2348 Y-4.242
X6.2855 Y-4.2365
X6.3039 Y-4.2343
X6.3552 Y-4.2277
X6.3707 Y-4.2255
X6.4172 Y-4.2186
X6.4249 Y-4.2173
X6.4326 Y-4.2158 Z0.2213
X6.4404 Y-4.2136
X6.4466 Y-4.2111 Z0.2214
X6.4481 Y-4.2104
X6.4559 Y-4.2055 Z0.2213
X6.4588 Y-4.2034
X6.4636 Y-4.1988
X6.4665 Y-4.1956
X6.4713 Y-4.1894 Z0.2214
X6.4722 Y-4.1879 Z0.2213
X6.4762 Y-4.1802 Z0.2214
X6.4788 Y-4.1724 Z0.2213
X6.4791 Y-4.1713
X6.4804 Y-4.1647
X6.4812 Y-4.157 Z0.2214
X6.4806 Y-4.1493 Z0.2213
X6.4791 Y-4.1413
X6.4769 Y-4.1338 Z0.2214
X6.4742 Y-4.1261
X6.4687 Y-4.1106 Z0.2215
X6.466 Y-4.1029
X6.4609 Y-4.0874
X6.4585 Y-4.0797
X6.4539 Y-4.0642
X6.4496 Y-4.0487
X6.4457 Y-4.0333 Z0.2214
X6.4439 Y-4.0256 Z0.2215
X6.4404 Y-4.0094 Z0.2214
X6.4374 Y-3.9946 Z0.2215
X6.4347 Y-3.9792 Z0.2214
X6.4326 Y-3.966 Z0.2215
X6.4312 Y-3.956 Z0.2214
X6.4293 Y-3.9405 Z0.2215
X6.4277 Y-3.925 Z0.2214
X6.427 Y-3.9173
X6.4264 Y-3.9096 Z0.2215
X6.4254 Y-3.8941 Z0.2214
X6.4249 Y-3.883 Z0.2215
X6.4245 Y-3.8709 Z0.2214
X6.4243 Y-3.8632
X6.424 Y-3.8555
X6.4233 Y-3.8477 Z0.2213
X6.4219 Y-3.84
X6.4195 Y-3.8323
X6.4172 Y-3.827
X6.4159 Y-3.8245 Z0.2214
X6.4105 Y-3.8168 Z0.2213
X6.4094 Y-3.8154 Z0.2214
X6.4032 Y-3.8091 Z0.2213
X6.4017 Y-3.8078
X6.3939 Y-3.8023 Z0.2214
X6.3922 Y-3.8013 Z0.2213
X6.3862 Y-3.7985
X6.3784 Y-3.7961
X6.3707 Y-3.7944
X6.363 Y-3.7933 Z0.2214
X6.3397 Y-3.7905
X6.3165 Y-3.7877
X6.2933 Y-3.7846
X6.2701 Y-3.7812
X6.2502 Y-3.7782
X6.2236 Y-3.7737
X6.2054 Y-3.7704
X6.1849 Y-3.7665
X6.1617 Y-3.7619 Z0.2215
X6.1384 Y-3.7569 Z0.2214
X6.1152 Y-3.7517
X6.0842 Y-3.7442
X6.061 Y-3.7384 Z0.2215
X6.0301 Y-3.73 Z0.2214
X6.0089 Y-3.724
X5.9759 Y-3.7141
X5.9604 Y-3.7093
X5.9449 Y-3.7043
X5.9139 Y-3.694
X5.8984 Y-3.6886
X5.8675 Y-3.6774
X5.852 Y-3.6716
X5.8279 Y-3.6622
X5.8133 Y-3.6564
X5.7898 Y-3.6467
X5.7668 Y-3.6369 Z0.2215
X5.7436 Y-3.6267 Z0.2214
X5.7197 Y-3.6158
X5.6871 Y-3.6003
X5.6714 Y-3.5926 Z0.2215
X5.643 Y-3.5782 Z0.2214
X5.6275 Y-3.5702
X5.6117 Y-3.5617
G2 X5.53 Y-3.5153 I0.9218 J1.7175
G1 X5.5113 Y-3.5039
X5.4923 Y-3.4921
X5.4726 Y-3.4795
X5.4447 Y-3.4612
X5.4333 Y-3.4534
X5.4107 Y-3.4378
X5.3952 Y-3.4269
X5.372 Y-3.41
X5.3565 Y-3.3985
X5.3333 Y-3.3808
X5.3178 Y-3.3687
X5.298 Y-3.3529
X5.2868 Y-3.3439
X5.2791 Y-3.3375
X5.2517 Y-3.3143
X5.2404 Y-3.3046
X5.2249 Y-3.2908
X5.2017 Y-3.2698 Z0.2215
X5.183 Y-3.2524 Z0.2214
X5.163 Y-3.2333 Z0.2215
X5.1475 Y-3.2181 Z0.2214
X5.1277 Y-3.1983 Z0.2215
X5.1127 Y-3.1828 Z0.2214
X5.0933 Y-3.1624 Z0.2215
X5.0765 Y-3.1442 Z0.2214
X5.0623 Y-3.1285
X5.0546 Y-3.1199 Z0.2215
X5.0353 Y-3.0978 Z0.2214
X5.0222 Y-3.0823 Z0.2215
X5.0094 Y-3.0669 Z0.2214
X4.9967 Y-3.0514
X4.9844 Y-3.0359
X4.9617 Y-3.0069
X4.9539 Y-2.9976 Z0.2213
X4.9455 Y-2.9896
X4.9384 Y-2.9847
X4.9331 Y-2.9818
X4.9307 Y-2.9808
X4.9229 Y-2.9784
X4.9152 Y-2.9768
X4.9075 Y-2.9761 Z0.2214
X4.8997 Y-2.9769 Z0.2213
X4.892 Y-2.9785
X4.8842 Y-2.981
X4.8822 Y-2.9818 Z0.2214
X4.8765 Y-2.9846
X4.861 Y-2.9934
X4.8533 Y-2.9978 Z0.2215
X4.8401 Y-3.005 Z0.2214
X4.83 Y-3.0103
X4.8223 Y-3.0143
X4.8097 Y-3.0205
X4.7991 Y-3.0255
X4.7836 Y-3.0324
X4.7754 Y-3.0359 Z0.2215
X4.7604 Y-3.0421 Z0.2214
X4.7526 Y-3.0451 Z0.2215
X4.7449 Y-3.048
X4.7294 Y-3.0535 Z0.2214
X4.7217 Y-3.0562 Z0.2215
X4.7126 Y-3.0591 Z0.2214
X4.6984 Y-3.0635 Z0.2215
X4.687 Y-3.0669 Z0.2214
X4.6752 Y-3.0701 Z0.2215
X4.6675 Y-3.0721
X4.6575 Y-3.0746 Z0.2214
X4.6442 Y-3.0777 Z0.2215
X4.6288 Y-3.0809 Z0.2214
X4.6133 Y-3.0839 Z0.2215
X4.6055 Y-3.0853 Z0.2214
X4.59 Y-3.0877 Z0.2215
X4.5823 Y-3.0888
X4.5668 Y-3.0908 Z0.2214
X4.5591 Y-3.0917 Z0.2215
X4.5436 Y-3.0932 Z0.2214
X4.5359 Y-3.0938
X4.5281 Y-3.0943 Z0.2215
X4.5126 Y-3.0952 Z0.2214
X4.4971 Y-3.0958
X4.4894 Y-3.096
X4.4739
X4.4584 Y-3.0957
X4.4507 Y-3.0955
X4.4352 Y-3.0947
X4.4275 Y-3.0943
X4.4197 Y-3.0937 Z0.2215
X4.4042 Y-3.0923 Z0.2214
X4.3965 Y-3.0915
X4.3838 Y-3.0901 Z0.2215
X4.3733 Y-3.0887 Z0.2214
X4.3578 Y-3.0864 Z0.2215
X4.35 Y-3.0851 Z0.2214
X4.3346 Y-3.0823 Z0.2215
X4.3191 Y-3.0792 Z0.2214
X4.3113 Y-3.0775
X4.2989 Y-3.0746
X4.2881 Y-3.0719
X4.2804 Y-3.0699 Z0.2215
X4.2694 Y-3.0669 Z0.2214
X4.2571 Y-3.0633
X4.2494 Y-3.0609 Z0.2215
X4.2339 Y-3.0559 Z0.2214
X4.221 Y-3.0514 Z0.2215
X4.2107 Y-3.0476 Z0.2214
X4.1952 Y-3.0417 Z0.2215
X4.1812 Y-3.0359 Z0.2214
X4.172 Y-3.032 Z0.2215
X4.1565 Y-3.025 Z0.2214
X4.1468 Y-3.0205 Z0.2215
X4.1333 Y-3.0138 Z0.2214
X4.1255 Y-3.0098
X4.1164 Y-3.005
X4.1023 Y-2.9972
X4.0946 Y-2.9928 Z0.2215
X4.0791 Y-2.9836 Z0.2214
X4.0713 Y-2.9788 Z0.2215
X4.0636 Y-2.9739 Z0.2214
X4.0522 Y-2.9664 Z0.2215
X4.0404 Y-2.9583 Z0.2214
X4.0299 Y-2.9509
X4.0194 Y-2.9432
X4.0093 Y-2.9354
X3.9995 Y-2.9277 Z0.2215
X3.99 Y-2.92 Z0.2214
X3.9784 Y-2.9102 Z0.2215
X3.9707 Y-2.9034 Z0.2214
X3.9629 Y-2.8964 Z0.2215
X3.955 Y-2.889
X3.9468 Y-2.8813
X3.9389 Y-2.8736
X3.9313 Y-2.8659
X3.9238 Y-2.8581
X3.9165 Y-2.8504
X3.9087 Y-2.8419 Z0.2214
X3.901 Y-2.8332 Z0.2215
X3.8933 Y-2.8242 Z0.2214
X3.8855 Y-2.8149
X3.8769 Y-2.804
X3.87 Y-2.7952
X3.8623 Y-2.7849 Z0.2215
X3.8538 Y-2.7731 Z0.2214
X3.8468 Y-2.7631 Z0.2215
X3.838 Y-2.7499 Z0.2214
X3.8313 Y-2.7397
X3.8233 Y-2.7267
X3.8158 Y-2.7141
X3.8081 Y-2.7004
X3.8056 Y-2.6958 Z0.2215
X3.8004 Y-2.686 Z0.2214
X3.7974 Y-2.6803
X3.7896 Y-2.6648
X3.7823 Y-2.6494
X3.7788 Y-2.6416
X3.7721 Y-2.6262
X3.7687 Y-2.6185
X3.7646 Y-2.6107 Z0.2213
X3.7617 Y-2.606 Z0.2214
X3.7592 Y-2.603 Z0.2213
X3.7539 Y-2.5973
X3.7517 Y-2.5953
X3.7462 Y-2.5909
X3.7408 Y-2.5875 Z0.2214
X3.7384 Y-2.5863
X3.7307 Y-2.5833 Z0.2213
X3.7229 Y-2.5814
X3.7152 Y-2.5804 Z0.2214
X3.7075 Y-2.5805 Z0.2213
X3.6997 Y-2.5817
X3.692 Y-2.5838
X3.6842 Y-2.5867 Z0.2214
X3.6765 Y-2.5901
X3.5913 Y-2.6286
X3.5616 Y-2.6416
X3.5139 Y-2.6625
X3.4829 Y-2.6759
X3.4359 Y-2.6958
X3.3806 Y-2.719
X3.3426 Y-2.7344
X3.2816 Y-2.759
X3.2584 Y-2.7682
X3.181 Y-2.7983
X3.1578 Y-2.8071
X3.0804 Y-2.8361
X3.0571 Y-2.8446
X2.972 Y-2.8752
X2.9487 Y-2.8833
X2.8636 Y-2.9125
X2.8249 Y-2.9254
X2.7552 Y-2.9483
X2.6778 Y-2.9727
X2.6468 Y-2.9823
X2.5539 Y-3.0102
X2.5307 Y-3.017
G2 X2.3139 Y-3.0769 I-2.2955 J7.8818
G1 X2.2287 Y-3.0988
X2.2133 Y-3.1026
X2.1204 Y-3.1252
X2.0894 Y-3.1324
X2.012 Y-3.15
X1.981 Y-3.1568
X1.9036 Y-3.1734
X1.8649 Y-3.1813
X1.8029 Y-3.1937
X1.7952 Y-3.1954
X1.7874 Y-3.1972
X1.7834 Y-3.1983 Z0.2213
X1.7797 Y-3.1995
X1.772 Y-3.2029 Z0.2214
X1.7667 Y-3.206
X1.7642 Y-3.208 Z0.2213
X1.7576 Y-3.2138
X1.7565 Y-3.2149
X1.751 Y-3.2215
X1.7487 Y-3.2247 Z0.2214
X1.7462 Y-3.2292
X1.7432 Y-3.237 Z0.2213
X1.741 Y-3.2447
X1.7393 Y-3.2524 Z0.2214
X1.7363 Y-3.2679 Z0.2215
X1.7333 Y-3.2817
X1.731 Y-3.2911
X1.7289 Y-3.2988
X1.7255 Y-3.3106
X1.7219 Y-3.322
X1.7193 Y-3.3297
X1.7165 Y-3.3375
X1.7135 Y-3.3452
X1.71 Y-3.3538
X1.7071 Y-3.3607
X1.7036 Y-3.3684 Z0.2214
X1.7 Y-3.3761 Z0.2215
X1.6945 Y-3.3869
X1.6921 Y-3.3916
X1.6868 Y-3.4012
X1.6834 Y-3.407
X1.6788 Y-3.4148
X1.674 Y-3.4225
X1.6689 Y-3.4302
X1.6636 Y-3.4381
X1.6558 Y-3.4489 Z0.2214
X1.6481 Y-3.4589 Z0.2215
X1.6399 Y-3.4689
X1.6326 Y-3.4774
X1.6249 Y-3.4861 Z0.2214
X1.6171 Y-3.4947
X1.6128 Y-3.4998 Z0.2213
X1.6094 Y-3.5041 Z0.2214
X1.6072 Y-3.5076 Z0.2213
X1.6033 Y-3.5153 Z0.2214
X1.6016 Y-3.5198 Z0.2213
X1.6007 Y-3.523
X1.5992 Y-3.5307
X1.5984 Y-3.5385 Z0.2214
X1.599 Y-3.5462 Z0.2213
X1.6005 Y-3.5539
X1.6016 Y-3.558
X1.6029 Y-3.5617
X1.6067 Y-3.5694
X1.6094 Y-3.5737 Z0.2214
X1.6122 Y-3.5771 Z0.2213
X1.6171 Y-3.5824
X1.6198 Y-3.5849
X1.6249 Y-3.5889
X1.6308 Y-3.5926 Z0.2214
X1.6326 Y-3.5936
X1.6403 Y-3.5965 Z0.2213
X1.6481 Y-3.5984
X1.6558 Y-3.5995 Z0.2214
X1.6636 Y-3.6001
X1.741 Y-3.6025
X1.7874 Y-3.6039
X1.8339 Y-3.6057
X1.9268 Y-3.6096
X2.0042 Y-3.6136
X2.0584 Y-3.6164
X2.1049 Y-3.6192
X2.19 Y-3.6247
X2.2365 Y-3.628
X2.3216 Y-3.6344
X2.3526 Y-3.6369
X2.4378 Y-3.6441
X2.4464 Y-3.6449
X2.4519 Y-3.6451
X2.4575 Y-3.645 Z0.2213
X2.463 Y-3.6445 Z0.2211
X2.4685 Y-3.6437 Z0.2209
X2.474 Y-3.6427 Z0.2207
X2.4795 Y-3.6416 Z0.2204
X2.5012 Y-3.6364 Z0.2193
X2.5067 Y-3.6352 Z0.219
X2.5122 Y-3.6343 Z0.2188
X2.5177 Y-3.6335 Z0.2186
X2.5233 Y-3.633 Z0.2184
X2.5288 Y-3.6329 Z0.2183
X2.5343 Y-3.6332
X2.5849 Y-3.6382
X2.6313 Y-3.6429
X2.7087 Y-3.6512
X2.7707 Y-3.6582
X2.8404 Y-3.6665
X2.9023 Y-3.6742
X2.9642 Y-3.6822
X3.0339 Y-3.6916
X3.0958 Y-3.7003
X3.1733 Y-3.7116
X3.2352 Y-3.7211
X3.3126 Y-3.7333
X3.3591 Y-3.7409
X3.452 Y-3.7566
X3.4984 Y-3.7647
X3.5836 Y-3.7801
X3.6223 Y-3.7873
X3.7229 Y-3.8066
X3.7617 Y-3.8143
X3.8546 Y-3.8331
X3.8778 Y-3.838
X3.9939 Y-3.8629
X4.11 Y-3.889
X4.1178 Y-3.8907 Z0.2182
X4.1255 Y-3.8921
X4.1333 Y-3.8931
X4.141 Y-3.8923
X4.1488 Y-3.8905
X4.1568 Y-3.8864
X4.1642 Y-3.88
X4.1654 Y-3.8787
X4.1709 Y-3.8709
X4.172 Y-3.8688
X4.1745 Y-3.8632 Z0.2183
X4.181 Y-3.8477
X4.1843 Y-3.84
X4.1878 Y-3.8323
X4.1913 Y-3.8245
X4.1989 Y-3.8091
X4.203 Y-3.8013
X4.2072 Y-3.7936
X4.2115 Y-3.7859
X4.216 Y-3.7782
X4.2207 Y-3.7704
X4.2262 Y-3.7616
X4.2339 Y-3.7497
X4.2417 Y-3.7384
X4.2494 Y-3.7278
X4.2581 Y-3.7163
X4.2649 Y-3.7078
X4.2726 Y-3.6984
X4.2804 Y-3.6895
X4.2881 Y-3.6809
X4.2985 Y-3.6699
X4.3061 Y-3.6622
X4.314 Y-3.6545
X4.3223 Y-3.6467
X4.3308 Y-3.639
X4.3397 Y-3.6313
X4.35 Y-3.6226
X4.3586 Y-3.6158
X4.3688 Y-3.6081
X4.381 Y-3.5992
X4.3905 Y-3.5926
X4.3965 Y-3.5886
X4.4042 Y-3.5837
X4.4149 Y-3.5771
X4.428 Y-3.5694
X4.4352 Y-3.5654
X4.4507 Y-3.5571
X4.4584 Y-3.5532
X4.4739 Y-3.5459
X4.4894 Y-3.5391
X4.4971 Y-3.5359
G2 X4.5513 Y-3.5171 I0.2186 J-0.5426
G1 X4.5591 Y-3.5149
X4.5668 Y-3.5128
X4.5746 Y-3.5108
X4.5823 Y-3.509
G2 X4.6133 Y-3.5026 I0.1404 J-0.6066
G1 X4.621 Y-3.5013
X4.6305 Y-3.4998
X4.6365 Y-3.499
X4.6442 Y-3.498
X4.652 Y-3.4971
X4.6597 Y-3.4963
X4.6675 Y-3.4956
X4.6829 Y-3.4945
X4.6907 Y-3.4941
X4.7062 Y-3.4937
X4.7139 Y-3.4936
X4.7217
X4.7371 Y-3.4941
X4.7449 Y-3.4944
X4.7526 Y-3.4949
X4.7604 Y-3.4955
X4.7681 Y-3.4962
X4.7759 Y-3.497
X4.7836 Y-3.4979
X4.7913 Y-3.4989
X4.7991 Y-3.4999
X4.8068 Y-3.5012
X4.8223 Y-3.5039
X4.8378 Y-3.5071
X4.8455 Y-3.5089
X4.8533 Y-3.5107
X4.861 Y-3.5127
X4.8706 Y-3.5153
X4.8765 Y-3.517
G2 X4.9375 Y-3.5385 I-0.1622 J-0.5568
G1 X4.9539 Y-3.5456
X4.9617 Y-3.5492
X4.9713 Y-3.5539
X4.9771 Y-3.5569
X4.9864 Y-3.5617
X4.9926 Y-3.5651
X5.0004 Y-3.5694
X5.0135 Y-3.5771
X5.0236 Y-3.5834
X5.0313 Y-3.5884
X5.0391 Y-3.5935
X5.0489 Y-3.6003
X5.0596 Y-3.6081
X5.07 Y-3.6161
X5.0794 Y-3.6235
X5.0886 Y-3.6313
X5.0975 Y-3.639
G2 X5.132 Y-3.6722 I-0.4069 J-0.4571
G1 X5.1397 Y-3.6804
X5.1475 Y-3.6889
X5.1552 Y-3.6978
X5.1641 Y-3.7086
G2 X5.203 Y-3.7627 I-0.4707 J-0.379
G1 X5.2094 Y-3.7731
X5.2124 Y-3.7782
G2 X5.2333 Y-3.8168 I-0.4929 J-0.2912
G1 X5.237 Y-3.8245
X5.2406 Y-3.8323
X5.2441 Y-3.84
X5.2481 Y-3.8495
X5.2536 Y-3.8632
X5.2565 Y-3.8709
X5.2593 Y-3.8787
X5.2636 Y-3.8911
X5.267 Y-3.9019
X5.2693 Y-3.9096
G2 X5.2792 Y-3.9482 I-0.56 J-0.1633
G1 X5.2808 Y-3.956
X5.2824 Y-3.9637
X5.2838 Y-3.9714
G2 X5.2893 Y-4.0101 I-0.54 J-0.0972
G1 X5.2901 Y-4.0178
X5.2908 Y-4.0256
X5.2914 Y-4.0333
X5.2919 Y-4.041
X5.2923 Y-4.0487
X5.2926 Y-4.0565
X5.2929 Y-4.0719
X5.2925 Y-4.0874
X5.2923 Y-4.0951
X5.2919 Y-4.1029
X5.2914 Y-4.1106
X5.2902 Y-4.1261
X5.2887 Y-4.1415
X5.288 Y-4.1493 Z0.2182
X5.2881 Y-4.157
X5.2895 Y-4.1647
X5.2923 Y-4.1724
X5.2946 Y-4.1763
X5.2975 Y-4.1802
X5.3023 Y-4.1851
X5.3059 Y-4.1879
X5.31 Y-4.1904
X5.3178 Y-4.1933
X5.3255 Y-4.1952
X5.3333 Y-4.1966 Z0.2183
X5.3797 Y-4.2037
X5.403 Y-4.207
X5.4494 Y-4.2132
G3 X6.4172 Y-4.1986 I0.4322 J3.434
G1 X6.4249 Y-4.1972 Z0.2182
X6.4313 Y-4.1956
X6.4326 Y-4.1953
X6.4404 Y-4.1919
X6.4464 Y-4.1879
X6.4481 Y-4.1863
X6.4535 Y-4.1802
X6.4559 Y-4.1766
X6.458 Y-4.1724
X6.4603 Y-4.1647
X6.4613 Y-4.157
X6.4605 Y-4.1493
X6.4586 Y-4.1415
X6.4559 Y-4.1334
X6.4478 Y-4.1106 Z0.2183
X6.4427 Y-4.0951
X6.4402 Y-4.0874
X6.4356 Y-4.0719
X6.4326 Y-4.0615
X6.4293 Y-4.0487
X6.4254 Y-4.0333
X6.422 Y-4.0178
X6.4188 Y-4.0024
X6.4172 Y-3.9934
X6.4147 Y-3.9792
X6.4135 Y-3.9714
X6.4113 Y-3.956
X6.4094 Y-3.9401
X6.4079 Y-3.925
X6.4072 Y-3.9173
X6.4061 Y-3.9019
X6.4053 Y-3.8864
X6.405 Y-3.8787
X6.4046 Y-3.8632
X6.4042 Y-3.8555 Z0.2182
X6.4032 Y-3.8477
X6.4017 Y-3.8414
X6.4012 Y-3.84
X6.3996 Y-3.8361
X6.3972 Y-3.8323
X6.3939 Y-3.8278
X6.3907 Y-3.8245
X6.3862 Y-3.821
X6.3823 Y-3.8185
X6.3784 Y-3.8168
X6.3707 Y-3.8146
X6.363 Y-3.8132
X6.3475 Y-3.8113 Z0.2183
X6.3165 Y-3.8076
X6.301 Y-3.8056
X6.2701 Y-3.8012
X6.2546 Y-3.7988
X6.2391 Y-3.7963
X6.2159 Y-3.7924
X6.1926 Y-3.7881
X6.1694 Y-3.7836
X6.1462 Y-3.7788
X6.123 Y-3.7737
X6.1075 Y-3.7701
X6.0842 Y-3.7646
X6.061 Y-3.7588
X6.0455 Y-3.7547
X6.0183 Y-3.7472
X6.0068 Y-3.744
X5.9759 Y-3.7348
X5.9604 Y-3.73
X5.9417 Y-3.724
G2 X5.852 Y-3.6927 I0.6016 J1.865
G1 X5.8288 Y-3.6837
X5.8055 Y-3.6746
X5.7823 Y-3.665
X5.7576 Y-3.6545
X5.7359 Y-3.6449
X5.7126 Y-3.6343
X5.6817 Y-3.6196
X5.6662 Y-3.6121
X5.6352 Y-3.5964
X5.6197 Y-3.5884
X5.6042 Y-3.5801
G2 X5.4959 Y-3.5175 I0.9258 J1.7287
G1 X5.4799 Y-3.5076
X5.4571 Y-3.493
X5.4324 Y-3.4766
X5.4184 Y-3.4672
X5.3952 Y-3.4511
X5.3797 Y-3.44
X5.3642 Y-3.4288
X5.3488 Y-3.4174
X5.3249 Y-3.3993
X5.31 Y-3.3878
X5.2946 Y-3.3755
X5.2762 Y-3.3607
X5.2636 Y-3.3502
X5.2394 Y-3.3297
X5.2303 Y-3.322
X5.2171 Y-3.3104
X5.1939 Y-3.2895
X5.1862 Y-3.2824
X5.1624 Y-3.2602
X5.1463 Y-3.2447
X5.1306 Y-3.2292
X5.1152 Y-3.2138
X5.1002 Y-3.1983
X5.0854 Y-3.1828
X5.071 Y-3.1674
X5.0568 Y-3.1519
X5.0429 Y-3.1365
X5.0236 Y-3.1144
X5.0159 Y-3.1054
X5.0004 Y-3.087
X4.9838 Y-3.0669
X4.9771 Y-3.0586
X4.9617 Y-3.039
X4.9462 Y-3.0192
X4.9408 Y-3.0128 Z0.2182
X4.9384 Y-3.0101
X4.9332 Y-3.005
X4.9307 Y-3.0033
X4.9229 Y-2.999
X4.9168 Y-2.9973
X4.9152 Y-2.997
X4.9075 Y-2.996
X4.8997 Y-2.997
X4.8986 Y-2.9973
X4.892 Y-2.9992
X4.8842 Y-3.0029
X4.861 Y-3.0161 Z0.2183
X4.853 Y-3.0205
X4.8378 Y-3.0286
X4.8231 Y-3.0359
X4.8146 Y-3.0401
X4.8068 Y-3.0437
X4.7895 Y-3.0514
X4.7836 Y-3.0539
X4.7681 Y-3.0602
X4.7604 Y-3.0632
X4.7507 Y-3.0669
X4.7371 Y-3.0717
X4.7288 Y-3.0746
X4.7139 Y-3.0794
X4.7045 Y-3.0823
X4.6907 Y-3.0863
X4.6752 Y-3.0905
X4.6675 Y-3.0925
X4.652 Y-3.0962
X4.6442 Y-3.0979
X4.6288 Y-3.1011
X4.6133 Y-3.104
X4.5978 Y-3.1065
X4.59 Y-3.1076
X4.5746 Y-3.1097
X4.5591 Y-3.1115
X4.5436 Y-3.113
X4.5359 Y-3.1136
X4.5281 Y-3.1141
X4.5126 Y-3.115
X4.4971 Y-3.1156
X4.4894 Y-3.1157
X4.4739
X4.4584 Y-3.1155
X4.4507 Y-3.1153
X4.4352 Y-3.1145
X4.4197 Y-3.1135
X4.4042 Y-3.1121
X4.3965 Y-3.1114
X4.3888 Y-3.1105
X4.3733 Y-3.1086
X4.3578 Y-3.1063
X4.3423 Y-3.1038
X4.3346 Y-3.1024
G2 X4.2794 Y-3.0901 I0.1432 J0.7709
G1 X4.2726 Y-3.0883
X4.2649 Y-3.0861
X4.2494 Y-3.0816
X4.2417 Y-3.0792
X4.2262 Y-3.0741
X4.2184 Y-3.0714
X4.2058 Y-3.0669
X4.1875 Y-3.0599
X4.172 Y-3.0535
X4.1642 Y-3.0502
X4.1488 Y-3.0432
X4.141 Y-3.0396
X4.1333 Y-3.0358
X4.1178 Y-3.028
X4.11 Y-3.024
X4.1023 Y-3.0198
X4.0896 Y-3.0128
X4.0764 Y-3.005
X4.0636 Y-2.9972
X4.0515 Y-2.9896
X4.0398 Y-2.9818
X4.0285 Y-2.9741
G2 X3.9777 Y-2.9354 I0.4282 J0.6156
G1 X3.9685 Y-2.9277
X3.9596 Y-2.92
X3.951 Y-2.9122
X3.9397 Y-2.9018
X3.932 Y-2.8944
X3.9242 Y-2.8868
X3.9165 Y-2.879
X3.9087 Y-2.8709
X3.901 Y-2.8627
X3.8933 Y-2.8542
X3.8831 Y-2.8427
X3.8765 Y-2.8349
X3.87 Y-2.8271
G2 X3.8049 Y-2.7344 I0.6212 J0.5056
G1 X3.8004 Y-2.7267
X3.7926 Y-2.7131
G2 X3.7607 Y-2.6494 I0.6791 J0.3802
G1 X3.7539 Y-2.6338
X3.7504 Y-2.6262 Z0.2182
X3.7462 Y-2.6185
X3.7394 Y-2.6107
X3.7384 Y-2.6099
X3.7307 Y-2.6045
X3.7268 Y-2.603
X3.7229 Y-2.6018
X3.7152 Y-2.6003
X3.7075 Y-2.6005
X3.6997 Y-2.6022
X3.6971 Y-2.603
X3.692 Y-2.6049
X3.6842 Y-2.6082 Z0.2183
X3.5991 Y-2.6468
X3.5756 Y-2.6571
X3.5047 Y-2.688
G2 X2.4146 Y-3.0703 I-3.2995 J7.6629
G1 X2.3371 Y-3.0913
X2.2984 Y-3.1013
X2.2287 Y-3.1191
X2.1668 Y-3.1343
X2.1204 Y-3.1455
X2.0739 Y-3.1562
X2.012 Y-3.1703
X1.9733 Y-3.1787
X1.9036 Y-3.1936
X1.8494 Y-3.2045
X1.8107 Y-3.2123
X1.8029 Y-3.2139
X1.7952 Y-3.2157 Z0.2182
X1.7874 Y-3.2178
X1.7794 Y-3.2215
X1.772 Y-3.2275
X1.7703 Y-3.2292
X1.7645 Y-3.237
X1.7642 Y-3.2375
X1.7615 Y-3.2447
X1.7595 Y-3.2524
X1.7548 Y-3.2756 Z0.2183
X1.7531 Y-3.2833
X1.7513 Y-3.2911
X1.7487 Y-3.301
X1.7472 Y-3.3065
X1.745 Y-3.3143
X1.741 Y-3.3271
X1.7375 Y-3.3375
X1.7346 Y-3.3452
X1.7317 Y-3.3529
G2 X1.7143 Y-3.3916 I-0.4247 J0.1673
G1 X1.71 Y-3.3999
X1.7061 Y-3.407
X1.7017 Y-3.4148
X1.6972 Y-3.4225
X1.6924 Y-3.4302
X1.6868 Y-3.439
X1.6791 Y-3.4504
X1.6713 Y-3.4612
X1.6636 Y-3.4712
X1.6558 Y-3.4806
X1.6481 Y-3.4897
X1.6391 Y-3.4998
X1.6321 Y-3.5076 Z0.2182
X1.6258 Y-3.5153
X1.6249 Y-3.5166
X1.6215 Y-3.523
X1.6193 Y-3.5307
X1.6182 Y-3.5385
X1.6191 Y-3.5462
X1.6211 Y-3.5539
X1.6249 Y-3.5612
X1.6252 Y-3.5617
X1.6321 Y-3.5694
X1.6326 Y-3.5698
X1.6403 Y-3.5753
X1.6449 Y-3.5771
X1.6481 Y-3.5781
X1.6558 Y-3.5796
X1.6636 Y-3.5803
X1.6791 Y-3.5809 Z0.2183
G2 X2.1358 Y-3.6014 I-0.3119 J-12.0355
G1 X2.19 Y-3.6049
X2.2287 Y-3.6076
X2.3216 Y-3.6146
X2.3526 Y-3.6171
X2.4455 Y-3.625
X2.492 Y-3.6292
X2.5343 Y-3.6332
X2.5399 Y-3.6335 Z0.2182
X2.5454 Y-3.6334
X2.551 Y-3.633 Z0.2181
X2.5565 Y-3.6322 Z0.218
X2.562 Y-3.6312 Z0.2179
X2.5675 Y-3.6301 Z0.2178
X2.5893 Y-3.6249 Z0.2173
X2.5948 Y-3.6238 Z0.2172
X2.6003 Y-3.6228 Z0.217
X2.6058 Y-3.6221 Z0.2169
X2.6113 Y-3.6217
X2.6169 Y-3.6216 Z0.2168
X2.6224 Y-3.6219
G2 X4.11 Y-3.8686 I-1.2675 J-12.2539
G1 X4.1209 Y-3.8709
X4.1255 Y-3.8718
X4.1333 Y-3.873
X4.141 Y-3.8718
G3 X4.1519 Y-3.8632 I-0.0058 J0.0186
G1 X4.1561 Y-3.8555
X4.1659 Y-3.8323
G2 X4.3778 Y-3.5772 I0.5494 J-0.2407
X4.5513 Y-3.4963 I0.3365 J-0.4958
X4.5823 Y-3.4885 I0.1803 J-0.6475
X4.7062 Y-3.4737 I0.1337 J-0.5939
G1 X4.7139 Y-3.4736
G2 X4.7604 Y-3.4755 I-0.0008 J-0.5841
X4.8146 Y-3.4823 I-0.0476 J-0.6047
X5.1349 Y-3.6467 I-0.0998 J-0.5887
X5.2217 Y-3.755 I-0.4195 J-0.4249
G1 X5.2264 Y-3.7627
X5.2326 Y-3.7733
G2 X5.2636 Y-3.8349 I-0.5146 J-0.2972
X5.3119 Y-4.041 I-0.5544 J-0.2385
X5.31 Y-4.1279 I-0.5731 J-0.0313
G1 X5.308 Y-4.1493
X5.3084 Y-4.157
X5.31 Y-4.1628
X5.3109 Y-4.1647
X5.3137 Y-4.1683
X5.3178 Y-4.1718
X5.319 Y-4.1724
X5.3255 Y-4.1747
X5.3333 Y-4.1763
X5.3577 Y-4.1802
G3 X6.4094 Y-4.1796 I0.524 J3.4002
G1 X6.4172 Y-4.1783
X6.4249 Y-4.1767
X6.4326 Y-4.1731
X6.4336 Y-4.1724
X6.4371 Y-4.1686
G3 X6.4399 Y-4.1493 I-0.0165 J0.0122
G1 X6.4376 Y-4.1415
X6.4294 Y-4.1183
G2 X6.3872 Y-3.9173 I0.7661 J0.2657
G1 X6.3861 Y-3.9019
X6.3853 Y-3.8864
X6.3848 Y-3.8709
X6.3846 Y-3.8632
X6.3841 Y-3.8555
X6.3827 Y-3.8477
X6.3811 Y-3.8441
X6.3784 Y-3.8405
X6.3779 Y-3.84
X6.3743 Y-3.8371
X6.3707 Y-3.8353
X6.363 Y-3.8335
X6.3549 Y-3.8323
X6.3165 Y-3.8277
G2 X4.9521 Y-3.0591 I0.2556 J2.0491
G1 X4.9307 Y-3.0318
X4.9277 Y-3.0282
X4.9229 Y-3.0229
G3 X4.8997 Y-3.0177 I-0.0152 J-0.0138
G1 X4.8937 Y-3.0205
X4.8688 Y-3.0346
X4.861 Y-3.0388
G2 X4.7217 Y-3.0979 I-0.3775 J0.6969
G1 X4.7062 Y-3.1026
G2 X4.5746 Y-3.1298 I-0.2288 J0.7759
G1 X4.5591 Y-3.1315
G2 X4.4971 Y-3.1355 I-0.0848 J0.8428
X4.4197 Y-3.1335 I-0.0184 J0.7855
X3.9383 Y-2.9277 I0.0586 J0.8032
G1 X3.9299 Y-2.92
G2 X3.8769 Y-2.8659 I0.572 J0.6131
X3.7607 Y-2.6958 I0.6022 J0.5362
G1 X3.753 Y-2.6803
X3.7458 Y-2.6648
X3.7423 Y-2.6571
X3.7356 Y-2.6416
X3.7319 Y-2.6339
X3.7307 Y-2.6317
X3.7264 Y-2.6262
G3 X3.7075 Y-2.6209 I-0.0143 J-0.0147
G1 X3.6997 Y-2.6233
X3.692 Y-2.6266
G2 X1.8107 Y-3.2326 I-3.4895 J7.6096
G1 X1.8029 Y-3.2344
X1.7952 Y-3.2363
X1.7934 Y-3.237
X1.7917 Y-3.2377
G3 X1.7801 Y-3.2524 I0.0101 J-0.02
G1 X1.7783 Y-3.2602
X1.7735 Y-3.2833
G2 X1.7487 Y-3.364 I-0.4933 J0.1076
X1.7246 Y-3.4148 I-0.4323 J0.1742
X1.6636 Y-3.5023 I-0.429 J0.2342
G1 X1.6481 Y-3.5196
X1.642 Y-3.5269
X1.6403 Y-3.53
G3 X1.6414 Y-3.5497 I0.0195 J-0.0088
G1 X1.6451 Y-3.5539
X1.6481 Y-3.5563
X1.652 Y-3.5584
X1.6558 Y-3.5593
X1.6636 Y-3.5603
X1.6713 Y-3.5607
G2 X2.6224 Y-3.6219 I-0.3185 J-12.3608
G1 X2.628 Y-3.6223
X2.6335 Y-3.6222
X2.6391 Y-3.6218
X2.6446 Y-3.6211
X2.6501 Y-3.6201 Z0.2167
X2.6556 Y-3.619
X2.6775 Y-3.614 Z0.2166
X2.6829 Y-3.6129
X2.6885 Y-3.612
X2.694 Y-3.6113
X2.6995 Y-3.6109 Z0.2165
X2.7051
X2.7106 Y-3.6113
G2 X4.1255 Y-3.8516 I-1.3554 J-12.2657
G1 X4.1333 Y-3.8528
X4.1344 Y-3.8526
X4.1354 Y-3.8516
G2 X4.1659 Y-3.7858 I1.3529 J-0.586
X5.3279 Y-4.1492 I0.5482 J-0.2865
G1 X5.3282 Y-4.1526
X5.3287 Y-4.1546
G3 X5.4107 Y-4.1677 I0.2276 J1.1638
X6.4172 Y-4.1581 I0.4709 J3.3817
G1 X6.4198 Y-4.157
X6.4209 Y-4.156
G3 X6.4057 Y-4.1106 I-0.7375 J-0.2213
G2 X6.3646 Y-3.8632 I0.7916 J0.2585
G1 X6.3638 Y-3.8555
X6.363 Y-3.8541
X6.3552 Y-3.8525
G2 X4.9146 Y-3.0436 I0.2185 J2.0763
G1 X4.9095 Y-3.0378
X4.9085 Y-3.0367
X4.9075 Y-3.0365
X4.8997 Y-3.04
G2 X3.7154 Y-2.6453 I-0.4212 J0.71
G1 X3.7131 Y-2.6416
X3.7123 Y-2.6406
X3.7103 Y-2.6409
X3.7075 Y-2.6418
G2 X1.8011 Y-3.2551 I-3.5182 J7.667
G1 X1.7995 Y-3.2576
G2 X1.7623 Y-3.3839 I-0.5944 J0.1063
X1.6635 Y-3.5323 I-0.4839 J0.215
G1 X1.6588 Y-3.5385
Y-3.5389
X1.6595 Y-3.5396
X1.6636 Y-3.5401
G2 X2.7106 Y-3.6112 I-0.3324 J-12.6512
G3 X2.7438 Y-3.6085 I0.0086 J0.1006
G2 X2.7878 Y-3.6007 I0.0654 J-0.24
G1 X2.7933 Y-3.6008
X2.7989 Y-3.6012
G2 X4.1226 Y-3.8304 I-1.4406 J-12.2572
G1 X4.1236 Y-3.8297
G2 X5.3492 Y-4.138 I0.5906 J-0.2425
G3 X6.395 Y-4.1412 I0.5329 J3.3309
G2 X6.3448 Y-3.8718 I0.806 J0.2894
G1 X6.3432 Y-3.8711
G2 X4.9029 Y-3.0612 I0.2293 J2.0933
X3.7026 Y-2.666 I-0.4246 J0.7307
X1.817 Y-3.2722 I-3.5077 J7.6753
X1.7721 Y-3.4103 I-0.5754 J0.1106
X1.7003 Y-3.521 I-0.501 J0.2465
G1 X1.7023 Y-3.5216
G2 X2.7989 Y-3.6012 I-0.3412 J-12.2919
G3 X2.832 Y-3.5987 I0.009 J0.1013
G2 X2.8761 Y-3.5912 I0.0643 J-0.2426
G1 X2.8816 Y-3.5913
X2.8872 Y-3.5918
G2 X4.1114 Y-3.8073 I-1.5301 J-12.2725
X5.3708 Y-4.121 I0.6028 J-0.2649
G1 X5.372 Y-4.1217
G3 X6.3683 Y-4.125 I0.5094 J3.3365
G2 X6.3254 Y-3.8897 I0.8322 J0.2732
G1 X6.3242 Y-3.889
G2 X4.8979 Y-3.0872 I0.2477 J2.1102
X3.694 Y-2.6958 I-0.4194 J0.7571
G1 X3.692 Y-2.6925
G2 X1.8339 Y-3.2892 I-3.4855 J7.6623
X1.7401 Y-3.5024 I-0.5471 J0.1133
X2.8872 Y-3.5917 I-0.3976 J-12.5177
G3 X2.9204 Y-3.5895 I0.01 J0.0992
G2 X2.9645 Y-3.5822 I0.0626 J-0.2441
G1 X2.97 Y-3.5824
X2.9755 Y-3.5829
G2 X4.0994 Y-3.7841 I-1.6159 J-12.2651
G1 X4.1004 Y-3.7832
G2 X5.3919 Y-4.1041 I0.6138 J-0.2891
G3 X5.5423 Y-4.1231 I0.4005 J2.5588
X6.3421 Y-4.1085 I0.3392 J3.3327
G2 X6.3064 Y-3.9081 I0.8581 J0.2566
G1 X6.3057 Y-3.907
G2 X4.8929 Y-3.1133 I0.2664 J2.1284
G1 X4.892 Y-3.113
G2 X3.683 Y-2.7189 I-0.4137 J0.7825
X3.4907 Y-2.8026 I-5.0066 J11.241
X1.8502 Y-3.3064 I-3.2868 J7.7807
X1.7771 Y-3.4832 I-0.5465 J0.1224
G1 X1.7786 Y-3.4839
G2 X2.9755 Y-3.5829 I-0.4218 J-12.3797
G3 X3.0088 Y-3.5809 I0.0104 J0.102
G2 X3.0529 Y-3.574 I0.061 J-0.2446
G1 X3.0585 Y-3.5742
X3.064 Y-3.5747
G2 X4.0887 Y-3.7612 I-1.707 J-12.287
X5.4125 Y-4.0869 I0.6254 J-0.3111
G3 X6.3165 Y-4.0918 I0.4697 J3.2793
G2 X6.2875 Y-3.925 I0.8974 J0.2418
X4.8871 Y-3.1381 I0.2863 J2.149
X3.6735 Y-2.7447 I-0.4087 J0.8078
X1.8666 Y-3.3235 I-3.4695 J7.7218
X1.8114 Y-3.4645 I-0.5538 J0.1357
G1 X1.8139 Y-3.4651
G2 X3.064 Y-3.5747 I-0.4574 J-12.401
G3 X3.0972 Y-3.5729 I0.0111 J0.1028
G2 X3.1414 Y-3.5663 I0.0593 J-0.2468
G1 X3.147 Y-3.5666
X3.1525 Y-3.5672
G2 X4.0781 Y-3.7383 I-1.7846 J-12.2383
X5.4325 Y-4.0693 I0.6361 J-0.3338
G1 X5.4339 Y-4.07
G3 X6.2906 Y-4.075 I0.4476 J3.288
G1 X6.2915 Y-4.0744
G2 X6.2688 Y-3.9423 I0.9389 J0.2288
X4.8816 Y-3.1629 I0.3026 J2.1629
X3.6646 Y-2.7707 I-0.4034 J0.8323
X1.8828 Y-3.3406 I-3.4603 J7.7476
X1.8436 Y-3.4457 I-0.5716 J0.1533
G1 X1.8494 Y-3.4466
G2 X3.1525 Y-3.5672 I-0.4871 J-12.3637
G3 X3.1857 Y-3.5656 I0.0117 J0.1021
G2 X3.2299 Y-3.5593 I0.0575 J-0.2453
G1 X3.2355 Y-3.5595
X3.241 Y-3.5602
G2 X4.0675 Y-3.7155 I-1.8803 J-12.2839
X5.4523 Y-4.0507 I0.6466 J-0.3569
G1 X5.453 Y-4.0524
G3 X6.2661 Y-4.0578 I0.4286 J3.2696
G1 X6.267 Y-4.0572
G2 X6.2508 Y-3.9604 I0.901 J0.1999
X5.0049 Y-3.3298 I0.3243 J2.187
X4.8765 Y-3.1881 I1.6547 J1.6293
X4.7139 Y-3.2457 I-0.4295 J0.9537
X3.656 Y-2.7964 I-0.2356 J0.9154
X1.8992 Y-3.3577 I-3.4525 J7.7766
X1.8742 Y-3.427 I-0.7704 J0.238
G1 X1.8756 Y-3.4276
G2 X3.241 Y-3.5602 I-0.5128 J-12.3807
G3 X3.2743 Y-3.5588 I0.0124 J0.1034
G2 X3.3185 Y-3.5528 I0.0561 J-0.2475
G1 X3.3241 Y-3.5531
X3.3296 Y-3.5538
G2 X4.0578 Y-3.6926 I-2.0191 J-12.5663
X5.0282 Y-3.3819 I0.6563 J-0.3791
G1 X5.0291 Y-3.3815
G2 X4.871 Y-3.2127 I1.551 J1.6109
G1 X4.8688 Y-3.2131
G2 X3.6477 Y-2.8219 I-0.3904 J0.8828
X1.9148 Y-3.3749 I-3.442 J7.7951
G3 X1.9033 Y-3.4087 I0.8929 J-0.3222
G2 X3.3296 Y-3.5538 I-0.5483 J-12.4715
G3 X3.3629 Y-3.5526 I0.0131 J0.1036
G2 X3.4072 Y-3.547 I0.0533 J-0.2435
G1 X3.4127 Y-3.5474
X3.4182 Y-3.5481
G2 X4.0479 Y-3.6701 I-2.0567 J-12.3066
X4.5373 Y-3.3142 I0.6656 J-0.401
G3 X4.4971 Y-3.3155 I0.0022 J-0.6981
G2 X3.6396 Y-2.8473 I-0.0183 J0.9859
X1.9405 Y-3.39 I-3.4356 J7.8255
X3.4183 Y-3.548 I-0.6004 J-12.6096
G3 X3.4515 Y-3.5473 I0.0145 J0.0975
G2 X3.4958 Y-3.5418 I0.0528 J-0.2455
G1 X3.5014 Y-3.5422
X3.5069 Y-3.5429
G2 X4.0377 Y-3.6474 I-2.1623 J-12.3869
G1 X4.0387 Y-3.6467
G2 X4.4105 Y-3.3338 I0.6754 J-0.425
G1 X4.4081 Y-3.3331
G2 X3.6319 Y-2.8725 I0.0703 J1.0028
X2.0908 Y-3.3779 I-3.4222 J7.8329
X2.7862 Y-3.4386 I-0.8167 J-13.3719
X3.5069 Y-3.5429 I-1.4592 J-12.6204
G3 X3.5402 Y-3.5423 I0.0147 J0.1015
G2 X3.5846 Y-3.5372 I0.0508 J-0.2499
G1 X3.5901 Y-3.5377
X3.5956 Y-3.5384
G2 X4.0291 Y-3.6249 I-2.3399 J-12.8596
X4.3372 Y-3.3459 I0.6826 J-0.4443
X3.6243 Y-2.8976 I0.1417 J1.0164
X2.2266 Y-3.3666 I-3.4119 J7.8497
X3.5956 Y-3.5383 I-0.8938 J-12.6703
G3 X3.6289 Y-3.538 I0.0156 J0.0997
G2 X3.6733 Y-3.5332 I0.0485 J-0.2435
G1 X3.6788 Y-3.5337
X3.6843 Y-3.5345
G2 X4.0192 Y-3.6025 I-2.242 J-11.9068
G3 X4.0404 Y-3.5734 I-0.654 J0.4982
G2 X4.2782 Y-3.3561 I0.6736 J-0.4984
X3.6171 Y-2.9225 I0.1999 J1.0255
X2.3526 Y-3.3557 I-3.4023 J7.8681
G1 Y-3.3563
G2 X3.6843 Y-3.5345 I-0.9964 J-12.5101
G3 X3.7176 Y-3.5343 I0.0161 J0.1002
G2 X3.7621 Y-3.5298 I0.0476 J-0.2491
G1 X3.7676 Y-3.5303
X3.7731 Y-3.5312
G2 X4.0112 Y-3.58 I-3.6944 J-18.6244
X4.2268 Y-3.3656 I0.6999 J-0.4884
X3.61 Y-2.9474 I0.2533 J1.0376
X2.4687 Y-3.3458 I-3.4069 J7.9264
X3.7731 Y-3.5312 I-1.1343 J-12.6625
G3 X3.8064 I0.0169 J0.1009
G2 X3.8509 Y-3.5272 I0.0454 J-0.2515
G1 X3.8564 Y-3.5277
X3.8619 Y-3.5286
X3.9165 Y-3.5397
X3.9475 Y-3.5462
X4.0017 Y-3.5578
G2 X4.0557 Y-3.4907 I1.0665 J-0.8036
X4.1807 Y-3.3742 I0.6882 J-0.6133
X3.6031 Y-2.9721 I0.3004 J1.0474
X2.578 Y-3.3359 I-3.3911 J7.9275
X3.8619 Y-3.5285 I-1.2372 J-12.6251
G3 X3.8952 Y-3.5288 I0.0174 J0.0969
G2 X3.9397 Y-3.5249 I0.0437 J-0.2464
G1 X3.9452 Y-3.5255
X3.9507 Y-3.5265
X3.9862 Y-3.5341
X3.9939 Y-3.5354
G2 X4.1389 Y-3.3821 I0.726 J-0.5417
X3.5971 Y-2.9973 I0.3398 J1.0523
G1 X3.5961 Y-2.9968
G2 X2.6817 Y-3.3265 I-3.383 J7.9501
X3.9507 Y-3.5264 I-1.3286 J-12.5602
G3 X3.9847 Y-3.513 I0.0041 J0.0395
X4.0123 Y-3.4803 I-0.1293 J0.1372
G1 X4.0162 Y-3.4755
X4.0202 Y-3.4707
G2 X4.0995 Y-3.3899 I0.7325 J-0.639
X3.5903 Y-3.0214 I0.3794 J1.0604
X2.7813 Y-3.3172 I-3.46 J8.2082
X3.9852 Y-3.5133 I-1.4375 J-12.6188
X4.0202 Y-3.4707 I0.8734 J-0.6815
G3 X4.0299 Y-3.4503 I-0.0364 J0.0297
G2 X4.0394 Y-3.4216 I0.0995 J-0.0169
G1 X4.0404 Y-3.42
X4.0415 Y-3.4185
X4.0427 Y-3.417
X4.0439 Y-3.4156
X4.0558 Y-3.4037
X4.0621 Y-3.3976
G2 X3.5837 Y-3.0454 I0.4233 J1.076
X2.8769 Y-3.3078 I-3.3552 J7.9554
G1 X2.8791 Y-3.3087
G2 X3.9774 Y-3.4912 I-1.5241 J-12.5684
X4.044 Y-3.4157 I0.6808 J-0.5324
G1 X4.0439 Y-3.4155
X4.0436 Y-3.4152
G3 X4.0299 Y-3.4202 I0.0014 J-0.0253
X3.9713 Y-3.4663 I0.1236 J-0.2173
G1 X3.9695 Y-3.4689
G3 X2.967 Y-3.2994 I-2.6553 J-12.6566
X3.5774 Y-3.0699 I-2.801 J8.3767
X3.661 Y-3.1607 I1.1223 J0.9495
X4.0266 Y-3.4044 I0.8198 J0.8337
X3.9715 Y-3.4665 I0.8654 J-0.8252
G2 X3.9512 Y-3.4687 I-0.0118 J0.0134
X3.9289 Y-3.456 I0.0167 J0.055
G3 X3.8957 Y-3.4338 I-0.0913 J-0.1007
G1 X3.8924 Y-3.4329
X3.8892 Y-3.4321
G3 X3.055 Y-3.2908 I-2.5459 J-12.4965
X3.5717 Y-3.094 I-2.9993 J8.6497
X3.9926 Y-3.4115 I0.9128 J0.7724
G1 X3.9862 Y-3.4187
X3.9707 Y-3.4363
X3.9619 Y-3.4467
X3.9606 Y-3.4468
X3.9165 Y-3.4377
X3.8892 Y-3.4321
G2 X3.8585 Y-3.4193 I0.0235 J0.0996
G3 X3.8191 Y-3.3984 I-0.1372 J-0.2104
G1 X3.8137 Y-3.3968
X3.8083 Y-3.3955
G3 X3.1392 Y-3.2823 I-2.4857 J-12.6661
X3.5662 Y-3.118 I-2.9978 J8.4229
X3.9598 Y-3.4183 I0.9138 J0.7896
G1 X3.9542 Y-3.4248
X3.8083 Y-3.3955
G2 X3.7775 Y-3.3829 I0.023 J0.1009
G3 X3.7379 Y-3.3623 I-0.1375 J-0.2161
G1 X3.7325 Y-3.3608
X3.7271 Y-3.3595
G3 X3.2213 Y-3.274 I-2.3785 J-12.539
X3.5603 Y-3.142 I-3.1386 J8.5609
G1 X3.5626 Y-3.1442
X3.5695 Y-3.1519
X3.5766 Y-3.1596
X3.5913 Y-3.1754
X3.6061 Y-3.1906
X3.6146 Y-3.1991
X3.6223 Y-3.2067
X3.63 Y-3.2142
X3.6378 Y-3.2216
X3.6459 Y-3.2292
X3.661 Y-3.243
X3.6765 Y-3.2566
X3.692 Y-3.2699
X3.6997 Y-3.2763
X3.7083 Y-3.2833
X3.7229 Y-3.2949
X3.7384 Y-3.3068
X3.7539 Y-3.3183
X3.7698 Y-3.3297
X3.7849 Y-3.3402
X3.7926 Y-3.3455
G3 X3.8531 Y-3.3839 I0.7155 J1.0618
X3.7271 Y-3.3595 I-3.5197 J-17.8544
G2 X3.6962 Y-3.3471 I0.0227 J0.1011
G3 X3.6565 Y-3.3267 I-0.1337 J-0.2118
G1 X3.6511 Y-3.3252
X3.6457 Y-3.324
G3 X3.3008 Y-3.2658 I-2.366 J-12.9777
X3.5546 Y-3.166 I-3.1193 J8.3046
G1 X3.5566 Y-3.1674
G3 X3.7553 Y-3.3441 I0.9215 J0.8365
G1 X3.7544 Y-3.3443
X3.692 Y-3.3325
X3.6533 Y-3.3253
X3.6457 Y-3.324
G2 X3.6147 Y-3.3118 I0.0214 J0.1005
G3 X3.5748 Y-3.2917 I-0.1338 J-0.2156
G1 X3.5695 Y-3.2902
X3.5641 Y-3.289
G3 X3.3813 Y-3.2583 I-2.2902 J-13.055
G1 X3.3785 Y-3.2576
G3 X3.5498 Y-3.1896 I-3.4184 J8.8553
X3.6766 Y-3.3092 I0.9609 J0.8917
G1 X3.6189 Y-3.2988
X3.5641 Y-3.289
G2 X3.533 Y-3.2771 I0.0211 J0.1014
G3 X3.493 Y-3.2573 I-0.1318 J-0.2161
G1 X3.4876 Y-3.2558
X3.4822 Y-3.2547
X3.4541 Y-3.25
G2 X3.5448 Y-3.2134 I2.1781 J-5.2643
G3 X3.6083 Y-3.2761 I0.9122 J0.8594
G1 X3.6073 Y-3.2764
X3.5526 Y-3.2667
X3.5139 Y-3.2601
X3.4822 Y-3.2547
X3.4819 Y-3.2545
X3.4818 Y-3.2539
X3.482 Y-3.253
X3.4823 Y-3.2525
G2 X3.4959 Y-3.2446 I0.0223 J-0.0227
X3.5395 Y-3.2368 I0.0511 J-0.1612
G1 X3.5397 Y-3.237
X3.5477 Y-3.2452
X3.5466 Y-3.2454
X3.5294 Y-3.2424
X3.5276 Y-3.2416
X3.5392 Y-3.237
X3.5395
G18 G2 X3.5582 Z0.2353 I0. K0.0188
G0 Z0.6903
X4.6829 Y-3.2752
Z0.2965
G1 Z0.2353 F200.
G19 G2 Y-3.294 Z0.2165 J-0.0187 K0. F30.
G1 Y-3.2944
G17 G2 X4.9491 Y-3.3301 I0.0303 J-0.783
X4.8653 Y-3.237 I2.2573 J2.1165
G1 X4.864
G2 X4.6829 Y-3.294 I-0.3883 J0.9171
G3 X4.6995 Y-3.3092 I0.019 J0.004
X4.7329 Y-3.3103 I0.0189 J0.0682
X4.7839 Y-3.2917 I-0.0738 J0.2813
G2 X4.8374 Y-3.2692 I0.5115 J-1.1405
G1 X4.8533 Y-3.263
X4.8591 Y-3.2606
X4.861 Y-3.2625
X4.8724 Y-3.2756
X4.8873 Y-3.2923
X4.8864 Y-3.2927
G3 X4.8092 Y-3.2795 I-0.1798 J-0.8144
G1 X4.82 Y-3.2756
X4.83 Y-3.272
X4.8375 Y-3.2692
X4.8405 Y-3.268 Z0.2168
X4.8435 Y-3.2669 Z0.2177
X4.8462 Y-3.2659 Z0.219
X4.8487 Y-3.2649 Z0.2209
X4.8509 Y-3.2641 Z0.2232
X4.8526 Y-3.2635 Z0.2259
X4.8539 Y-3.263 Z0.2289
X4.8547 Y-3.2627 Z0.232
X4.855 Y-3.2626 Z0.2353
G0 Z0.6903
X5.3306 Y-3.603
Z0.2965
G1 Z0.2353 F200.
X5.3305 Y-3.6033 Z0.232 F30.
X5.3302 Y-3.6041 Z0.2289
X5.3298 Y-3.6054 Z0.2259
X5.3291 Y-3.6071 Z0.2232
X5.3283 Y-3.6093 Z0.2209
X5.3274 Y-3.6118 Z0.219
X5.3263 Y-3.6146 Z0.2177
X5.3252 Y-3.6175 Z0.2168
X5.3241 Y-3.6206 Z0.2165
X5.3239 Y-3.6212
G2 X5.4716 Y-4.0341 I-0.6097 J-0.451
G1 X5.4726 Y-4.0347
G3 X6.242 Y-4.0404 I0.4088 J3.2536
G1 X6.2429 Y-4.0398
G2 X6.2328 Y-3.9779 I0.9518 J0.1868
G3 X6.1617 Y-3.9653 I-3.5832 J-20.0401
G2 X5.3241 Y-3.6206 I0.4101 J2.186
G3 X5.3322 Y-3.6503 I0.0305 J-0.0077
X5.368 Y-3.6777 I0.0701 J0.0545
G2 X5.4172 Y-3.7036 I-0.6617 J-1.3197
G3 X6.2144 Y-3.9948 I1.1529 J1.9192
G1 X6.2151 Y-3.9957
X6.2173 Y-4.0101
X6.2193 Y-4.0223
G2 X6.1462 Y-4.0296 I-0.1354 J0.9899
X5.4912 Y-4.0169 I-0.2646 J3.2502
G1 X5.4905 Y-4.0154
G3 X5.3916 Y-3.6887 I-0.7802 J-0.0579
G1 X5.3921 Y-3.6884
X5.4172 Y-3.7036
G2 X5.4451 Y-3.7444 I-0.0411 J-0.0581
G1 X5.4474 Y-3.7499
X5.4545 Y-3.7723
X5.4564 Y-3.7779
X5.4585 Y-3.7834
G2 X5.5093 Y-3.9989 I-0.7623 J-0.2933
G3 X6.1694 Y-4.0075 I0.372 J3.2198
G2 X5.4416 Y-3.7413 I0.4035 J2.2308
G1 X5.4409 Y-3.7415
G2 X5.4585 Y-3.7834 I-0.6236 J-0.2872
G3 X5.4861 Y-3.8251 I0.1532 J0.0712
G2 X5.5042 Y-3.8591 I-0.0813 J-0.0653
X5.5276 Y-3.9808 I-0.8549 J-0.2271
G3 X6.024 Y-3.9971 I0.3526 J3.1836
G2 X5.4817 Y-3.7866 I0.5565 J2.238
G1 X5.4815 Y-3.7876
G2 X5.5042 Y-3.8591 I-0.7833 J-0.2888
G3 X5.5271 Y-3.9036 I0.1546 J0.0515
G2 X5.5418 Y-3.9392 I-0.0894 J-0.0577
G1 X5.5432 Y-3.9482
X5.5451 Y-3.9612
X5.5458 Y-3.9627
G3 X5.8867 Y-3.9803 I0.3372 J3.2085
G1 X5.888 Y-3.9797
G2 X5.5166 Y-3.8277 I0.6806 J2.1928
G1 X5.5163 Y-3.8286
G2 X5.5418 Y-3.9392 I-0.8138 J-0.2458
G3 X5.5597 Y-3.9498 I0.0161 J0.0069
X5.5877 Y-3.9479 I0.0072 J0.1038
G1 X5.5922 Y-3.9478
X5.5967 Y-3.9477
X5.6012 Y-3.9479
G3 X5.7618 Y-3.9579 I0.2495 J2.7236
G2 X5.5482 Y-3.866 I0.8344 J2.2332
G1 X5.5473 Y-3.8662
G2 X5.5628 Y-3.9438 I-0.8767 J-0.2149
G1 X5.5641 Y-3.9444
X5.5965 Y-3.9475
X5.6012 Y-3.9479
X5.6026 Y-3.9468
X5.6036 Y-3.9453
X5.6043 Y-3.9436
X5.6044 Y-3.9418
X5.6041 Y-3.94
X5.6034 Y-3.9383
G3 X5.5781 Y-3.9013 I-0.0795 J-0.027
G1 X5.5768
X5.5762 Y-3.9014
X5.5758 Y-3.9016
X5.5757 Y-3.9019
X5.5772 Y-3.9096
X5.58 Y-3.925
X5.5806 Y-3.926
X5.6197 Y-3.9295
X5.6385 Y-3.9309
X5.6403 Y-3.9305
G3 X5.5758 Y-3.9017 I-2.2597 J-4.9796
G18 G3 X5.5569 Y-3.9019 Z0.2353 I-0.0001 K0.0188
G0 Z0.6903
X6.6101 Y-2.2019
Z0.4343
G1 Z0.3731 F200.
X6.6104 Y-2.2021 Z0.3698 F30.
X6.6111 Y-2.2025 Z0.3667
X6.6123 Y-2.2032 Z0.3637
X6.6139 Y-2.2042 Z0.361
X6.6159 Y-2.2054 Z0.3587
X6.6182 Y-2.2068 Z0.3568
X6.6207 Y-2.2083 Z0.3555
X6.6234 Y-2.2099 Z0.3546
X6.6262 Y-2.2116 Z0.3543
G17 G3 X7.0055 Y-2.1207 I0.1443 J0.2346
G2 X7.8381 Y-2.0001 I0.4674 J-0.2927
G3 X8.2055 Y-1.9892 I0.1777 J0.2112
G2 X9.5713 Y-1.5052 I1.2375 J-1.323
G3 X9.8609 Y-1.2732 I0.0171 J0.2755
G2 X9.932 Y-1.0854 I0.5493 J-0.1005
G3 X9.7849 Y-0.6817 I-0.2358 J0.1427
X8.6081 Y-0.4843 I-1.1914 J-3.4968
X8.346 Y-0.732 I0.0128 J-0.2761
G1 X8.3433 Y-0.7707
G2 X7.6677 Y-0.8248 I-0.3427 J0.0343
G1 X7.6586 Y-0.7861
G3 X7.3772 Y-0.5799 I-0.2667 J-0.0688
G2 X4.9384 Y-0.4714 I-0.6861 J12.0451
G3 X4.6635 Y-0.8867 I-0.0389 J-0.2728
G1 X4.6829 Y-0.9169
G2 X4.715 Y-1.0258 I-0.2062 J-0.1198
G3 X4.7197 Y-1.0954 I0.3622 J-0.0106
X4.8932 Y-1.3041 I0.2714 J0.0492
G2 X6.626 Y-2.2119 I-2.8805 J-7.6055
G1 X6.6311 Y-2.2142
X6.6336 Y-2.2154
X6.6362 Y-2.2164
X6.6415 Y-2.2181
X6.6468 Y-2.2195
X6.6523 Y-2.2206 Z0.3542
X6.6579 Y-2.2214 Z0.3541
X6.6635 Y-2.222 Z0.354
X6.669 Y-2.2224 Z0.3538
X6.6805 Y-2.223 Z0.3534
X6.6919 Y-2.2235 Z0.3528
X6.6976 Y-2.2239 Z0.3526
X6.7033 Y-2.2245 Z0.3524
X6.709 Y-2.2253 Z0.3522
X6.7146 Y-2.2263
X6.7191 Y-2.2273
X6.7268 Y-2.2288
X6.7346 Y-2.23
X6.7423 Y-2.2309
X6.7501 Y-2.2317
X6.7655 Y-2.2325
G3 X6.7965 Y-2.2311 I0.0029 J0.2795
G1 X6.8042 Y-2.2303
X6.812 Y-2.229
X6.8197 Y-2.2277
X6.8275 Y-2.226
X6.8352 Y-2.2241
X6.843 Y-2.222
X6.8507 Y-2.2195
X6.8599 Y-2.2164
X6.8739 Y-2.2106
X6.8817 Y-2.207
X6.8894 Y-2.2031
X6.8934 Y-2.201
X6.8972 Y-2.1988
G3 X6.99 Y-2.108 I-0.1283 J0.2239
G2 X7.0365 Y-2.0447 I0.5007 J-0.3194
G1 X7.0417 Y-2.0386
X7.0557 Y-2.0231
X7.0597 Y-2.0187
X7.0629 Y-2.0154
X7.0786 Y-1.9999
X7.083 Y-1.9958
X7.0868 Y-1.9922
X7.1043 Y-1.9768
X7.1235 Y-1.9613
X7.1294 Y-1.9568
X7.1338 Y-1.9536
X7.1449 Y-1.9456
X7.1526 Y-1.9402
X7.1604 Y-1.9351
X7.1759 Y-1.9253
X7.1802 Y-1.9226
X7.1991 Y-1.9119
X7.2078 Y-1.9072
X7.2301 Y-1.8961
X7.2455 Y-1.8892
X7.2533 Y-1.8858
G2 X7.3075 Y-1.8665 I0.204 J-0.4846
G1 X7.3152 Y-1.8641
X7.3307 Y-1.86
X7.3384 Y-1.858
X7.3462 Y-1.8561
X7.3694 Y-1.8514
X7.3772 Y-1.85
X7.4004 Y-1.8466
X7.4081 Y-1.8456
X7.4314 Y-1.8434
X7.4391 Y-1.843
X7.4623 Y-1.8419
X7.4855 Y-1.8421
X7.4933 Y-1.8422
X7.5165 Y-1.8436
X7.5243 Y-1.8442
X7.5475 Y-1.8468
X7.5552 Y-1.8479
X7.5784 Y-1.8518
X7.5862 Y-1.8533
X7.6017 Y-1.8567
X7.6094 Y-1.8585
X7.6181 Y-1.8608
X7.6326 Y-1.8648
X7.6404 Y-1.867
X7.6559 Y-1.8721
X7.6636 Y-1.8748
X7.6714 Y-1.8775
X7.6946 Y-1.8867
X7.7058 Y-1.8917
X7.7178 Y-1.8972
X7.7255 Y-1.9009
X7.7488 Y-1.913
X7.7522 Y-1.9149
G2 X7.8601 Y-1.9924 I-0.3119 J-0.5476
G1 X7.8649 Y-1.9956
X7.8726 Y-2.0011
X7.8804 Y-2.0062
X7.8881 Y-2.0107
X7.8965 Y-2.0154
G3 X7.9501 Y-2.0364 I0.1225 J0.2345
G1 X7.9593 Y-2.0386
X7.9655 Y-2.04
X7.9733 Y-2.0413
X7.981 Y-2.0426
X7.9888 Y-2.0435
X7.9965 Y-2.0442
X8.0043 Y-2.0447
G3 X8.0507 Y-2.0425 I0.0114 J0.2515
G1 X8.0585 Y-2.0414
X8.0662 Y-2.0399
X8.0739 Y-2.0383
X8.0817 Y-2.0363
X8.0894 Y-2.0341
X8.0972 Y-2.0316
X8.1049 Y-2.0289
X8.1126 Y-2.026
X8.1281 Y-2.019
X8.1359 Y-2.0149
X8.1436 Y-2.0107
X8.1487 Y-2.0077
X8.1607 Y-1.9999
X8.1712 Y-1.9922
X8.1746 Y-1.9896
X8.1808 Y-1.9845
X8.1901 Y-1.9765
X8.2288 Y-1.9413
X8.2365 Y-1.9345
X8.2684 Y-1.9072
G2 X8.357 Y-1.8376 I1.2606 J-1.5131
G1 X8.4003 Y-1.8067
X8.4378 Y-1.7814
X8.4464 Y-1.7757
X8.4843 Y-1.7519
G2 X8.5849 Y-1.6943 I0.9178 J-1.4877
G1 X8.6314 Y-1.6705
X8.6778 Y-1.6483
G2 X8.9255 Y-1.5554 I0.7651 J-1.6637
G1 X8.9333 Y-1.5532
X8.9797 Y-1.5404
X8.9875 Y-1.5384
X9.0339 Y-1.5271
X9.0494 Y-1.5237
X9.0881 Y-1.5155
X9.1036 Y-1.5126
X9.1346 Y-1.507
X9.1456 Y-1.5051
X9.1888 Y-1.4986
X9.197 Y-1.4974
X9.243 Y-1.4918
G2 X9.5836 Y-1.486 I0.2018 J-1.8522
G1 X9.5914 Y-1.4858
X9.6068 Y-1.4851
X9.6146 Y-1.4844
X9.6223 Y-1.4835
X9.6301 Y-1.4824
X9.6378 Y-1.4809
X9.6456 Y-1.4793
X9.6533 Y-1.4774
X9.661 Y-1.4753
X9.6648 Y-1.4742
X9.6765 Y-1.4702
G3 X9.7075 Y-1.4564 I-0.0814 J0.2255
G1 X9.7152 Y-1.4522
X9.723 Y-1.4476
X9.7307 Y-1.4428
X9.7407 Y-1.4356
X9.7462 Y-1.4314
X9.7507 Y-1.4278
X9.7598 Y-1.4201
X9.7679 Y-1.4124
X9.7755 Y-1.4046
X9.7849 Y-1.394
G3 X9.8052 Y-1.366 I-0.2019 J0.1674
G1 X9.8081 Y-1.3612
X9.8141 Y-1.3505
X9.8182 Y-1.3428
X9.8252 Y-1.3273
X9.8309 Y-1.3119
X9.8333 Y-1.3041
G3 X9.8454 Y-1.25 I-0.4212 J0.1228
G1 X9.8471 Y-1.2423
X9.8511 Y-1.2268
X9.8546 Y-1.2133
X9.8625 Y-1.1882
X9.8652 Y-1.1804
X9.8739 Y-1.1572
X9.8839 Y-1.134
X9.8875 Y-1.1263
X9.8991 Y-1.1031
X9.901 Y-1.0996
X9.9166 Y-1.0722
X9.9209 Y-1.0645
X9.925 Y-1.0567
X9.9322 Y-1.0413
X9.9379 Y-1.0258
X9.9398 Y-1.0204
X9.9427 Y-1.0103
X9.9448 Y-1.0026
X9.9475 Y-0.9896
X9.9479 Y-0.9871
X9.9492 Y-0.9794
X9.9502 Y-0.9717
X9.951 Y-0.964
X9.9519 Y-0.9485
X9.9517 Y-0.933
X9.9513 Y-0.9253
X9.9506 Y-0.9176
X9.9498 Y-0.9098
X9.9486 Y-0.9021
X9.9473 Y-0.8944
X9.9457 Y-0.8866
X9.9438 Y-0.8789
X9.9417 Y-0.8712
X9.9368 Y-0.8557
G3 X9.9144 Y-0.8093 I-0.249 J-0.0916
G1 X9.9095 Y-0.8016
X9.901 Y-0.7895
X9.8921 Y-0.7784
G3 X9.8517 Y-0.7397 I-0.1943 J-0.1626
G1 X9.8468 Y-0.7361
X9.8411 Y-0.732
G3 X9.8081 Y-0.7128 I-0.1263 J-0.1791
G1 X9.7996 Y-0.7088
X9.7927 Y-0.7058
X9.7802 Y-0.7011
X9.7772 Y-0.7
X9.7075 Y-0.6771
X9.6378 Y-0.6557
X9.5681 Y-0.6358
X9.4985 Y-0.6174
X9.4907 Y-0.6154
X9.4288 Y-0.6004
X9.4133 Y-0.5969
X9.3591 Y-0.5849
X9.3514 Y-0.5832
X9.2817 Y-0.5692
X9.212 Y-0.5566
G3 X8.6081 Y-0.5042 I-0.6175 J-3.6111
G1 X8.6004 Y-0.505
X8.5926 Y-0.5058
X8.5849 Y-0.5067
X8.5772 Y-0.5079
X8.5694 Y-0.5093
X8.5617 Y-0.511
X8.5539 Y-0.513
X8.545 Y-0.5155
X8.5307 Y-0.5203
X8.5152 Y-0.5267
X8.5064 Y-0.531
X8.4997 Y-0.5344
X8.492 Y-0.5387
G3 X8.4336 Y-0.5851 I0.1267 J-0.2195
G1 X8.4267 Y-0.5928
X8.4223 Y-0.598
X8.4143 Y-0.6083
X8.4089 Y-0.616
X8.4038 Y-0.6238
X8.3991 Y-0.6317
X8.3948 Y-0.6392
X8.3909 Y-0.647
X8.3872 Y-0.6547
X8.3836 Y-0.6631
X8.3809 Y-0.6702
X8.378 Y-0.6779
X8.3757 Y-0.6856
X8.3734 Y-0.6934
X8.3715 Y-0.7011
X8.3697 Y-0.7088
X8.3681 Y-0.7176
X8.3671 Y-0.7243
X8.3661 Y-0.732
X8.3655 Y-0.7397
X8.3632 Y-0.7707
X8.3623 Y-0.7784
G2 X8.3496 Y-0.8403 I-0.356 J0.041
G1 X8.3473 Y-0.848
X8.3419 Y-0.8634
X8.3391 Y-0.8712
X8.3323 Y-0.8866
X8.3288 Y-0.8944
X8.3208 Y-0.9098
X8.3165 Y-0.9176
X8.3072 Y-0.933
X8.3062 Y-0.9347
X8.2985 Y-0.9459
X8.2907 Y-0.9567
X8.2786 Y-0.9717
X8.2752 Y-0.9757
X8.2647 Y-0.9871
X8.2597 Y-0.9924
X8.2573 Y-0.9949
X8.2443 Y-1.0071
X8.2407 Y-1.0103
X8.2288 Y-1.0202
X8.221 Y-1.0264
X8.2055 Y-1.0374
X8.2 Y-1.0413
X8.1874 Y-1.049
X8.1823 Y-1.052
X8.1738 Y-1.0567
X8.1668 Y-1.0604
X8.1589 Y-1.0645
X8.1436 Y-1.0713
X8.1359 Y-1.0747
X8.1204 Y-1.0803
X8.1126 Y-1.083
X8.0972 Y-1.0875
X8.0894 Y-1.0896
X8.0817 Y-1.0914
X8.0739 Y-1.0931
X8.0662 Y-1.0947
X8.0622 Y-1.0954
X8.0507 Y-1.0971
X8.043 Y-1.0981
X8.0352 Y-1.099
X8.0275 Y-1.0996
X8.0197 Y-1.1001
X8.012 Y-1.1005
X8.0043
X7.9965 Y-1.1006
X7.9888 Y-1.1005
X7.981 Y-1.1
X7.9733 Y-1.0996
X7.9655 Y-1.0989
X7.9578 Y-1.098
X7.9501 Y-1.0971
X7.9389 Y-1.0954
X7.9268 Y-1.093
X7.9191 Y-1.0915
X7.9114 Y-1.0895
X7.9036 Y-1.0874
X7.8959 Y-1.0853
X7.8881 Y-1.0828
X7.8726 Y-1.0775
X7.8649 Y-1.0744
X7.8494 Y-1.0679
X7.8417 Y-1.0641
X7.8339 Y-1.0602
X7.8262 Y-1.0562
X7.8184 Y-1.0518
X7.8107 Y-1.0472
X7.803 Y-1.0424
X7.79 Y-1.0335
X7.7875 Y-1.0318
X7.7794 Y-1.0258
X7.7696 Y-1.0181
X7.7643 Y-1.0136
X7.7565 Y-1.0067
X7.752 Y-1.0026
X7.7488 Y-0.9996
X7.744 Y-0.9949
X7.7364 Y-0.9871
X7.7333 Y-0.9838
X7.7293 Y-0.9794
X7.7255 Y-0.9752
X7.7161 Y-0.964
X7.7101 Y-0.9561
X7.7023 Y-0.9455
X7.6991 Y-0.9408
X7.694 Y-0.933
X7.6868 Y-0.9215
X7.6845 Y-0.9176
X7.6762 Y-0.9021
X7.6724 Y-0.8944
X7.6653 Y-0.8789
X7.6622 Y-0.8712
X7.6559 Y-0.8545
X7.6492 Y-0.8325
X7.6481 Y-0.8288
X7.64 Y-0.7939
X7.638 Y-0.7861
X7.6357 Y-0.7784
X7.6326 Y-0.7689
X7.6272 Y-0.7552
X7.6238 Y-0.7475
X7.6172 Y-0.734
X7.6094 Y-0.7208
X7.6068 Y-0.7165
X7.6015 Y-0.7088
X7.5959 Y-0.7011
X7.5939 Y-0.6984
X7.5862 Y-0.6889
X7.5833 Y-0.6856
X7.5761 Y-0.6779
X7.5707 Y-0.6723
X7.5684 Y-0.6702
X7.56 Y-0.6624
X7.5552 Y-0.6584
X7.5475 Y-0.6523
X7.5405 Y-0.647
X7.5289 Y-0.6392
X7.5243 Y-0.6364
X7.5158 Y-0.6315
X7.5088 Y-0.6276
X7.5007 Y-0.6238
G3 X7.4587 Y-0.6083 I-0.1065 J-0.2242
G1 X7.4546 Y-0.6072
X7.4468 Y-0.6054
X7.4391 Y-0.6038
X7.4314 Y-0.6025
X7.4236 Y-0.6014
X7.4159 Y-0.6005
X7.4081 Y-0.6
X7.4004 Y-0.5995
X7.3926 Y-0.5994
X7.3772 Y-0.5997
X7.2378 Y-0.6068
G2 X6.1539 Y-0.6073 I-0.5478 J12.0492
X5.07 Y-0.51 I0.5388 J12.0864
G1 X4.9384 Y-0.4915
X4.9229 Y-0.4897
X4.9152 Y-0.4891
X4.8997 Y-0.4885
G3 X4.8688 Y-0.4905 I0.002 J-0.2807
G1 X4.861 Y-0.4915
X4.8559 Y-0.4923
X4.8455 Y-0.4944
X4.8378 Y-0.4961
X4.83 Y-0.4983
X4.8223 Y-0.5005
X4.8146 Y-0.5032
X4.8068 Y-0.5059
G3 X4.7584 Y-0.531 I0.0938 J-0.2405
G1 X4.7526 Y-0.535
X4.7449 Y-0.5407
X4.7371 Y-0.5466
X4.7285 Y-0.5542
X4.7217 Y-0.5605
X4.7127 Y-0.5697
X4.7058 Y-0.5774
X4.6984 Y-0.5861
X4.6907 Y-0.5967
X4.688 Y-0.6006
X4.6829 Y-0.6084
G3 X4.6573 Y-0.6624 I0.2089 J-0.1323
G1 X4.6547 Y-0.6702
X4.652 Y-0.6803
X4.6506 Y-0.6856
X4.6489 Y-0.6934
X4.6475 Y-0.7011
X4.6463 Y-0.7088
X4.6454 Y-0.7165
X4.6445 Y-0.7243
X4.6442 Y-0.729
X4.6439 Y-0.7397
X4.6437 Y-0.7475
X4.6442 Y-0.7586
X4.6445 Y-0.7629
X4.6452 Y-0.7707
X4.6461 Y-0.7784
X4.6473 Y-0.7861
X4.6487 Y-0.7939
X4.6503 Y-0.8016
X4.6523 Y-0.8093
X4.6544 Y-0.8171
X4.6568 Y-0.8248
X4.6597 Y-0.8329
X4.6625 Y-0.8402
G3 X4.6829 Y-0.88 I0.2515 J0.1044
G1 X4.6984 Y-0.9042
X4.7017 Y-0.9098
X4.7062 Y-0.9182
X4.7099 Y-0.9253
X4.7166 Y-0.9408
X4.7195 Y-0.9485
X4.7222 Y-0.9562
X4.7246 Y-0.964
X4.7267 Y-0.9717
X4.7294 Y-0.9824
X4.7317 Y-0.9949
X4.7329 Y-1.0026
X4.7337 Y-1.0103
X4.7344 Y-1.0181
X4.7349 Y-1.0258
X4.7354 Y-1.0567
X4.7359 Y-1.0645
X4.7371 Y-1.0782
X4.7386 Y-1.0877
X4.74 Y-1.0954
X4.7416 Y-1.1031
X4.7435 Y-1.1108
X4.7449 Y-1.116
X4.7481 Y-1.1263
X4.7507 Y-1.134
X4.7568 Y-1.1495
X4.7644 Y-1.165
X4.7687 Y-1.1727
X4.7732 Y-1.1804
X4.7759 Y-1.1847
X4.7836 Y-1.1962
X4.7913 Y-1.2061
X4.7956 Y-1.2114
X4.7991 Y-1.2154
X4.8068 Y-1.2238
X4.8098 Y-1.2268
X4.8178 Y-1.2345
X4.8223 Y-1.2386
X4.83 Y-1.245
X4.8362 Y-1.25
X4.8471 Y-1.2577
X4.8533 Y-1.2618
X4.861 Y-1.2665
X4.8688 Y-1.271
X4.8842 Y-1.2788
X4.8997 Y-1.2853
G2 X5.6963 Y-1.6366 I-2.8829 J-7.616
G1 X5.7901 Y-1.6848
X5.883 Y-1.7342
X5.9759 Y-1.7851
X5.9913 Y-1.7938
X6.0765 Y-1.842
X6.1694 Y-1.8963
X6.2623 Y-1.9522
X6.3552 Y-2.0099
G2 X6.5652 Y-2.1468 I-4.2217 J-6.7039
G1 X6.6223 Y-2.1855
X6.6343 Y-2.1932
X6.6417 Y-2.1977
X6.6494 Y-2.202
G3 X6.7056 Y-2.2241 I0.1183 J0.218
G1 X6.7113 Y-2.2256
X6.7146 Y-2.2263
X6.7201 Y-2.2272 Z0.3521
X6.7228 Y-2.2274
X6.7256 Y-2.2276 Z0.352
X6.7312 Y-2.2275 Z0.3518
X6.7367 Y-2.227 Z0.3515
X6.7422 Y-2.2263 Z0.3511
X6.7477 Y-2.2252 Z0.3506
X6.7531 Y-2.2239 Z0.3501
X6.7585 Y-2.2225 Z0.3496
X6.7695 Y-2.2193 Z0.3483
X6.7805 Y-2.2161 Z0.3471
X6.786 Y-2.2146 Z0.3466
X6.7915 Y-2.2132 Z0.3462
X6.7971 Y-2.2121 Z0.346
X6.8028 Y-2.2112 Z0.3459
X6.8042 Y-2.2111
X6.812 Y-2.2098
X6.818 Y-2.2087
X6.8275 Y-2.2065
X6.8352 Y-2.2045 Z0.3458
X6.843 Y-2.2021 Z0.3459
X6.8507 Y-2.1995
X6.8584 Y-2.1965
X6.8663 Y-2.1932
X6.8739 Y-2.1896
X6.882 Y-2.1855
X6.8894 Y-2.1814
X6.8972 Y-2.1767
X6.9049 Y-2.1715
X6.9126 Y-2.166 Z0.3458
X6.9174 Y-2.1623 Z0.3459
X6.9267 Y-2.1546
X6.9359 Y-2.146
X6.9426 Y-2.1391
X6.9513 Y-2.1294
X6.9591 Y-2.1196
X6.9618 Y-2.1159 Z0.3458
X6.9672 Y-2.1082 Z0.3459
X6.9774 Y-2.0927
X6.9877 Y-2.0773
X6.9901 Y-2.0738
X7.0055 Y-2.0528
X7.0133 Y-2.0431
X7.0234 Y-2.0309
X7.03 Y-2.0231
X7.0443 Y-2.0075
X7.052 Y-1.9995
X7.0675 Y-1.9843
X7.0757 Y-1.9768
X7.0907 Y-1.9634
X7.0932 Y-1.9613
X7.1125 Y-1.9458
X7.1228 Y-1.9381
X7.1372 Y-1.9278
X7.1449 Y-1.9225
X7.1604 Y-1.9126
X7.1691 Y-1.9072
X7.1759 Y-1.9032
X7.1913 Y-1.8945
X7.1991 Y-1.8903
X7.2146 Y-1.8825
X7.2223 Y-1.8787
X7.2378 Y-1.8719
X7.2456 Y-1.8685
X7.2533 Y-1.8653
X7.2765 Y-1.8565
X7.2869 Y-1.8531
X7.3075 Y-1.8466
X7.3152 Y-1.8444
X7.3307 Y-1.8404
X7.3384 Y-1.8385
X7.3422 Y-1.8376
X7.3617 Y-1.8336
X7.3694 Y-1.8321
X7.3772 Y-1.8308
X7.3926 Y-1.8285
X7.4004 Y-1.8274
X7.4081 Y-1.8266
X7.4236 Y-1.8251
X7.4314 Y-1.8244
X7.4391 Y-1.824
X7.4623 Y-1.823
X7.4855 Y-1.8231
X7.4933 Y-1.8233
X7.5165 Y-1.8246
X7.5243 Y-1.8252
X7.532 Y-1.826
X7.5475 Y-1.8277
X7.5552 Y-1.8287
X7.563 Y-1.8299
X7.5784 Y-1.8325
X7.5862 Y-1.8339
X7.603 Y-1.8376
X7.6094 Y-1.839
X7.6172 Y-1.8409
X7.6334 Y-1.8453
X7.6404 Y-1.8473
X7.6481 Y-1.8496
X7.6636 Y-1.8547
X7.6714 Y-1.8574
X7.6791 Y-1.8602
X7.7023 Y-1.8694
X7.7101 Y-1.8728
X7.7255 Y-1.8798
X7.7342 Y-1.884
X7.7565 Y-1.8956
X7.7643 Y-1.9
X7.7797 Y-1.9091
X7.7892 Y-1.9149
X7.8107 Y-1.9292
X7.8124 Y-1.9304
X7.8339 Y-1.9463
X7.843 Y-1.9536
X7.8649 Y-1.9716
X7.8726 Y-1.9778
X7.8821 Y-1.9845
X7.8881 Y-1.9886 Z0.3458
X7.8959 Y-1.9933 Z0.3459
X7.9036 Y-1.9977
X7.9114 Y-2.0016
X7.9191 Y-2.0054
X7.9268 Y-2.0086
X7.9346 Y-2.0116
X7.946 Y-2.0154
X7.9501 Y-2.0166
X7.9578 Y-2.0187
X7.9655 Y-2.0205
X7.9733 Y-2.0221
X7.981 Y-2.0234
X7.9888 Y-2.0244
X7.9965 Y-2.0251
X8.0043 Y-2.0257
X8.0197 Y-2.026
X8.0275 Y-2.0256
X8.0352 Y-2.0251
X8.043 Y-2.0244
X8.052 Y-2.0231
X8.0585 Y-2.022
X8.0662 Y-2.0205
X8.0739 Y-2.0187
X8.0817 Y-2.0166
X8.0856 Y-2.0154
X8.0894 Y-2.0142
X8.0972 Y-2.0115
X8.1049 Y-2.0086
X8.1126 Y-2.0052
X8.1204 Y-2.0016
X8.1281 Y-1.9975
X8.1359 Y-1.9932 Z0.3458
X8.1376 Y-1.9922 Z0.3459
X8.1497 Y-1.9845
X8.1602 Y-1.9768
X8.1668 Y-1.9714
X8.1746 Y-1.9648
X8.1823 Y-1.9579
X8.2133 Y-1.9297
X8.2213 Y-1.9226
X8.2573 Y-1.8917
X8.2675 Y-1.8834
X8.2985 Y-1.8584
X8.3062 Y-1.8523
X8.346 Y-1.8221
X8.3893 Y-1.7912
X8.4301 Y-1.7638
X8.4378 Y-1.7587
X8.4765 Y-1.7343
X8.4847 Y-1.7294
X8.5241 Y-1.7062
G2 X8.6159 Y-1.657 I0.901 J-1.5741
G1 X8.6259 Y-1.652
X8.6701 Y-1.631
X8.6856 Y-1.6241
X8.7165 Y-1.6104
X8.7243 Y-1.6071
X8.7707 Y-1.5883
X8.7939 Y-1.5796
X8.8172 Y-1.5709
X8.8282 Y-1.567
X8.8738 Y-1.5515
X8.9178 Y-1.538
X8.9256 Y-1.5357
X8.9333 Y-1.5335
X8.972 Y-1.5228
X8.9804 Y-1.5206
X9.0185 Y-1.5113
X9.0339 Y-1.5076
X9.0726 Y-1.4994
X9.082 Y-1.4974
X9.0959 Y-1.4947
X9.1346 Y-1.4877
G2 X9.243 Y-1.4727 I0.3079 J-1.8203
G1 X9.2507 Y-1.4719
X9.2972 Y-1.4676
X9.3049 Y-1.467
X9.3514 Y-1.4641
X9.3591 Y-1.4637
X9.4056 Y-1.4622
X9.4133 Y-1.4621
X9.4597 Y-1.4619
X9.4675 Y-1.462
X9.5139 Y-1.4632
X9.5217 Y-1.4635
X9.5681 Y-1.4661
X9.5836 Y-1.4667
X9.5914 Y-1.4668
X9.5991 Y-1.4665
X9.6068 Y-1.4661 Z0.3458
X9.6146 Y-1.4653 Z0.3459
X9.6223 Y-1.4643
X9.6301 Y-1.4631
X9.6378 Y-1.4616
X9.6456 Y-1.4598
X9.6533 Y-1.4578
X9.661 Y-1.4554
X9.6688 Y-1.4528
X9.6765 Y-1.4499
X9.6843 Y-1.4466
X9.692 Y-1.4431
X9.6998 Y-1.439
X9.7062 Y-1.4356
X9.7188 Y-1.4278
X9.723 Y-1.425
X9.7307 Y-1.4193
X9.7396 Y-1.4124
X9.7462 Y-1.4067
X9.7486 Y-1.4046
X9.7565 Y-1.3969
X9.7617 Y-1.3916
X9.7707 Y-1.3814
X9.7772 Y-1.3731
X9.7824 Y-1.366 Z0.3458
X9.7849 Y-1.3624 Z0.3459
X9.7876 Y-1.3582
X9.7927 Y-1.35
X9.7967 Y-1.3428
X9.8008 Y-1.3351
X9.8044 Y-1.3273
X9.8078 Y-1.3196
X9.8107 Y-1.3119
X9.8135 Y-1.3041 Z0.3458
X9.8159 Y-1.2961 Z0.3459
X9.818 Y-1.2887
X9.8198 Y-1.2809
X9.8245 Y-1.2577
X9.8277 Y-1.2423
X9.8295 Y-1.2345
X9.8355 Y-1.2114
X9.8377 Y-1.2036
X9.8451 Y-1.1804
X9.8478 Y-1.1727
X9.8565 Y-1.1495
X9.8666 Y-1.1263
X9.8702 Y-1.1186
X9.8818 Y-1.0954
X9.886 Y-1.0877
X9.901 Y-1.0611
X9.9035 Y-1.0567
X9.9076 Y-1.049
X9.9113 Y-1.0413
X9.9148 Y-1.0335
X9.9177 Y-1.0258
X9.9205 Y-1.0181
X9.9229 Y-1.0103
X9.9251 Y-1.0026
X9.927 Y-0.9949
X9.9286 Y-0.9871
X9.93 Y-0.9794
X9.9311 Y-0.9717
X9.932 Y-0.9631
X9.9329 Y-0.9485
X9.9328 Y-0.9408
X9.9327 Y-0.933
X9.9322 Y-0.9253
X9.9315 Y-0.9176
X9.9306 Y-0.9098
X9.9294 Y-0.9021
X9.9279 Y-0.8944
X9.9261 Y-0.8866
X9.9241 Y-0.8789 Z0.3458
X9.9218 Y-0.8712 Z0.3459
X9.9193 Y-0.8634
X9.9163 Y-0.8557
X9.9132 Y-0.848
X9.9088 Y-0.8386
X9.9057 Y-0.8325
X9.901 Y-0.8241
X9.8968 Y-0.8171
X9.8933 Y-0.8115
X9.8856 Y-0.8005
X9.8778 Y-0.7909
X9.8738 Y-0.7861 Z0.3458
X9.8701 Y-0.7821 Z0.3459
X9.8666 Y-0.7784
X9.8623 Y-0.7741 Z0.3458
X9.8588 Y-0.7707 Z0.3459
X9.8504 Y-0.7629
X9.8468 Y-0.76
X9.8391 Y-0.754
X9.8301 Y-0.7475
X9.8236 Y-0.7432
X9.8182 Y-0.7397
X9.8081 Y-0.7341
X9.8042 Y-0.732
X9.7927 Y-0.7265
X9.7875 Y-0.7243
X9.7849 Y-0.7232
X9.7772 Y-0.7203
X9.7694 Y-0.7174
X9.7075 Y-0.697
X9.6959 Y-0.6934
X9.6378 Y-0.6755
X9.6301 Y-0.6732
X9.5653 Y-0.6547
X9.5363 Y-0.647
X9.4907 Y-0.635
X9.421 Y-0.6181
X9.3591 Y-0.6043
X9.3514 Y-0.6026
X9.3127 Y-0.5947
X9.2817 Y-0.5885
X9.2633 Y-0.5851
X9.2043 Y-0.5745
X9.1423 Y-0.5646
X9.1268 Y-0.5623
X9.0649 Y-0.5537
X9.0494 Y-0.5517
X8.9875 Y-0.5444
X8.9178 Y-0.5375
X8.8946 Y-0.5356
X8.8404 Y-0.5314
X8.7707 Y-0.5273
X8.701 Y-0.5246
X8.6933 Y-0.5244
X8.6236 Y-0.5231
X8.6081 Y-0.5235
X8.6004 Y-0.5241
X8.5926 Y-0.5249
X8.5849 Y-0.5259
X8.5772 Y-0.5272
X8.5694 Y-0.5287
X8.5602 Y-0.531
X8.5539 Y-0.5327 Z0.3458
X8.5462 Y-0.5351 Z0.3459
X8.5385 Y-0.5377
X8.5358 Y-0.5387
X8.523 Y-0.5441
X8.5152 Y-0.5478
X8.5075 Y-0.5518
X8.5032 Y-0.5542
X8.4997 Y-0.5562
X8.4904 Y-0.5619
X8.4794 Y-0.5697
X8.4765 Y-0.5719 Z0.3458
X8.4688 Y-0.5781 Z0.3459
X8.4606 Y-0.5851
X8.4525 Y-0.5928
X8.4452 Y-0.6006
X8.4378 Y-0.6091
X8.4301 Y-0.6189
X8.4266 Y-0.6238
X8.4214 Y-0.6315
X8.4167 Y-0.6392
X8.4122 Y-0.647
X8.4082 Y-0.6547
X8.4046 Y-0.6624
X8.4012 Y-0.6702
X8.3982 Y-0.6779
X8.3955 Y-0.6856
X8.3932 Y-0.6934
X8.3914 Y-0.6997 Z0.3458
X8.3892 Y-0.7088 Z0.3459
X8.3876 Y-0.7165 Z0.3458
X8.3863 Y-0.7243 Z0.3459
X8.3852 Y-0.732
X8.3845 Y-0.7397
X8.3822 Y-0.7707
X8.3814 Y-0.7784
X8.3805 Y-0.7861
X8.3794 Y-0.7939
X8.3782 Y-0.8016 Z0.346
X8.3759 Y-0.8135 Z0.3459
X8.3734 Y-0.8248 Z0.346
X8.3715 Y-0.8325 Z0.3459
X8.3671 Y-0.848
X8.3647 Y-0.8557
X8.3593 Y-0.8712
X8.3564 Y-0.8789
X8.3497 Y-0.8944
X8.3461 Y-0.9021
X8.3382 Y-0.9176
X8.3372 Y-0.9195
X8.3339 Y-0.9253
X8.3294 Y-0.933
X8.3247 Y-0.9408
X8.3217 Y-0.9456
X8.3139 Y-0.9568
X8.3089 Y-0.964
X8.3062 Y-0.9677 Z0.3458
X8.2968 Y-0.9794 Z0.3459
X8.2904 Y-0.9871
X8.283 Y-0.9953
X8.2752 Y-1.0037
X8.2675 Y-1.0113
X8.2597 Y-1.0186 Z0.346
X8.2518 Y-1.0258 Z0.3459
X8.2424 Y-1.0335
X8.2365 Y-1.0384
X8.2329 Y-1.0413 Z0.3458
X8.221 Y-1.0498 Z0.346
X8.211 Y-1.0567 Z0.3459
X8.1978 Y-1.0649 Z0.346
X8.1901 Y-1.0694 Z0.3459
X8.1823 Y-1.0737
X8.1746 Y-1.0778 Z0.346
X8.1668 Y-1.0817 Z0.3459
X8.1514 Y-1.0886 Z0.346
X8.1436 Y-1.092 Z0.3458
X8.1281 Y-1.0977 Z0.346
X8.1204 Y-1.1004 Z0.3459
X8.1116 Y-1.1031
X8.1049 Y-1.1051 Z0.346
X8.0972 Y-1.1072 Z0.3459
X8.0894 Y-1.1091
X8.0817 Y-1.1109 Z0.346
X8.0739 Y-1.1125 Z0.3459
X8.0662 Y-1.1139
X8.0585 Y-1.1152
X8.0507 Y-1.1163
X8.043 Y-1.1172
X8.0352 Y-1.118
X8.0275 Y-1.1186 Z0.346
X8.0197 Y-1.1191 Z0.3459
X8.012 Y-1.1194
X8.0043 Y-1.1195 Z0.346
X7.9965 Y-1.1196 Z0.3459
X7.9888 Y-1.1194
X7.981 Y-1.1191 Z0.346
X7.9731 Y-1.1186 Z0.3459
X7.9655 Y-1.118
X7.9578 Y-1.1172
X7.9501 Y-1.1162
X7.9423 Y-1.1151
X7.9346 Y-1.1139
X7.9268 Y-1.1124 Z0.346
X7.9191 Y-1.1108 Z0.3459
X7.9114 Y-1.1091
X7.9036 Y-1.1071 Z0.346
X7.8959 Y-1.105 Z0.3459
X7.8881 Y-1.1027
X7.8804 Y-1.1002 Z0.346
X7.8664 Y-1.0954 Z0.3459
X7.8572 Y-1.0917 Z0.346
X7.8417 Y-1.0852 Z0.3458
X7.8339 Y-1.0815 Z0.346
X7.8184 Y-1.0736 Z0.3459
X7.8107 Y-1.0692 Z0.346
X7.8026 Y-1.0645 Z0.3459
X7.7952 Y-1.06
X7.7902 Y-1.0567
X7.779 Y-1.049
X7.7684 Y-1.0413 Z0.346
X7.7565 Y-1.0318 Z0.3459
X7.7488 Y-1.0253 Z0.346
X7.7408 Y-1.0181 Z0.3459
X7.7326 Y-1.0103
X7.725 Y-1.0026
X7.7177 Y-0.9949
X7.7101 Y-0.9863
X7.7023 Y-0.977
X7.6981 Y-0.9717
X7.6923 Y-0.964
X7.6867 Y-0.9562
X7.6814 Y-0.9485 Z0.346
X7.6765 Y-0.9408 Z0.3459
X7.6714 Y-0.9326
X7.6671 Y-0.9253
X7.6629 Y-0.9176
X7.6588 Y-0.9098
X7.655 Y-0.9021
X7.6479 Y-0.8866
X7.6448 Y-0.8789
X7.639 Y-0.8634
X7.6364 Y-0.8557
X7.6317 Y-0.8402
X7.6295 Y-0.8325
X7.6223 Y-0.8016
X7.6204 Y-0.7939
X7.6182 Y-0.7861
X7.6158 Y-0.7784
X7.613 Y-0.7707
X7.6094 Y-0.7619
X7.6065 Y-0.7552
X7.6017 Y-0.7455
X7.5986 Y-0.7397
X7.5939 Y-0.7319
X7.5891 Y-0.7243
X7.5862 Y-0.7201
X7.5837 Y-0.7165
X7.5779 Y-0.7088
X7.5707 Y-0.7
X7.563 Y-0.6916
X7.5572 Y-0.6856
X7.5475 Y-0.6767
X7.5396 Y-0.6702
X7.5295 Y-0.6624
X7.5178 Y-0.6547
X7.5088 Y-0.6493
G3 X7.4778 Y-0.6346 I-0.1091 J-0.1889
G1 X7.4695 Y-0.6315
X7.4623 Y-0.6291
X7.4546 Y-0.6269
X7.4468 Y-0.6249
X7.4391 Y-0.6232
X7.4314 Y-0.6217 Z0.3458
X7.4236 Y-0.6206 Z0.3459
X7.4159 Y-0.6196
X7.4081 Y-0.619
X7.4004 Y-0.6185
X7.3926 Y-0.6184
X7.3772 Y-0.6187
X7.2455 Y-0.6254
X7.1913 Y-0.6277
X7.1062 Y-0.6311
X6.9668 Y-0.6351
X6.8352 Y-0.6374
X6.6959 Y-0.6382
X6.5642 Y-0.6376
X6.4249 Y-0.6353
X6.2933 Y-0.6317
G2 X5.612 Y-0.5901 I0.3981 J12.1061
G1 X5.4726 Y-0.5768
X5.341 Y-0.5627
X5.2017 Y-0.5462
X5.07 Y-0.5292
X4.9384 Y-0.5106
X4.9307 Y-0.5097
X4.9229 Y-0.5088
X4.9152 Y-0.5081
X4.9075 Y-0.5078
X4.8997 Y-0.5075
X4.8906 Y-0.5078
X4.8842 Y-0.5081
X4.8765 Y-0.5087
X4.8688 Y-0.5097
X4.861 Y-0.5107
X4.8533 Y-0.5122
X4.8455 Y-0.5138 Z0.3458
X4.8378 Y-0.5158 Z0.3459
X4.83 Y-0.518
X4.8223 Y-0.5206
X4.8146 Y-0.5233
X4.8068 Y-0.5265
X4.7991 Y-0.5299
X4.7968 Y-0.531
X4.7913 Y-0.5337
X4.782 Y-0.5387
X4.7759 Y-0.5424
X4.7681 Y-0.5474
X4.7585 Y-0.5542
X4.7526 Y-0.5586
X4.7485 Y-0.5619
X4.7397 Y-0.5697
X4.7371 Y-0.572 Z0.3458
X4.7317 Y-0.5774 Z0.3459
X4.7294 Y-0.5797
X4.7243 Y-0.5851 Z0.3458
X4.7217 Y-0.5881 Z0.3459
X4.7139 Y-0.5972
X4.7062 Y-0.6077
X4.7006 Y-0.616
X4.6957 Y-0.6238
X4.6907 Y-0.6328
X4.6873 Y-0.6392
X4.6837 Y-0.647
X4.6804 Y-0.6547
X4.6774 Y-0.6624
X4.6747 Y-0.6702
X4.6723 Y-0.6779
X4.6702 Y-0.6856
X4.6683 Y-0.6934 Z0.3458
X4.6675 Y-0.6974 Z0.3459
X4.6655 Y-0.7088
X4.6645 Y-0.7165
X4.6636 Y-0.7243
X4.6631 Y-0.732
X4.6629 Y-0.7397
X4.6627 Y-0.7475
X4.6631 Y-0.7552
X4.6635 Y-0.7629
X4.6643 Y-0.7707
X4.6653 Y-0.7784
X4.6666 Y-0.7861
X4.6681 Y-0.7939
X4.6699 Y-0.8016
X4.672 Y-0.8093
X4.6743 Y-0.8171
X4.6752 Y-0.8198
X4.6798 Y-0.8325
X4.6832 Y-0.8402
X4.6867 Y-0.848
X4.6908 Y-0.8557
X4.6951 Y-0.8634
X4.6984 Y-0.869
X4.7146 Y-0.8944
X4.7191 Y-0.9021
X4.7232 Y-0.9098
X4.7272 Y-0.9176
X4.734 Y-0.933
X4.7371 Y-0.9415
X4.7396 Y-0.9485
X4.7421 Y-0.9562 Z0.346
X4.7449 Y-0.9661 Z0.3459
X4.7482 Y-0.9794
X4.7509 Y-0.9949
X4.752 Y-1.0026
X4.7528 Y-1.0103
X4.7534 Y-1.0181
X4.7539 Y-1.0258
X4.7544 Y-1.0567
X4.7549 Y-1.0645
X4.7556 Y-1.0722
X4.7566 Y-1.0799
X4.7579 Y-1.0877
X4.7594 Y-1.0954
X4.7611 Y-1.1031
X4.7631 Y-1.1108
X4.7655 Y-1.1186
X4.7681 Y-1.1263
X4.7711 Y-1.134
X4.7742 Y-1.1418
X4.7779 Y-1.1495
X4.7818 Y-1.1572
X4.7861 Y-1.165
X4.7913 Y-1.1737
X4.7991 Y-1.1852
X4.8075 Y-1.1959
X4.8146 Y-1.2042
X4.8212 Y-1.2114
X4.83 Y-1.22
X4.8378 Y-1.2268
X4.8472 Y-1.2345
X4.8581 Y-1.2423
X4.861 Y-1.2442 Z0.3458
X4.8704 Y-1.25 Z0.3459
X4.8765 Y-1.2536
X4.8845 Y-1.2577
X4.892 Y-1.2615
X4.9075 Y-1.268
X5.0081 Y-1.3069
G2 X5.5989 Y-1.567 I-2.9766 J-7.5616
G1 X5.612 Y-1.5734
X5.7049 Y-1.6197
X5.7978 Y-1.6675
X5.8907 Y-1.7168
X5.9139 Y-1.7295
X5.9913 Y-1.772
X6.0842 Y-1.8246
X6.1694 Y-1.8743
X6.1858 Y-1.884
X6.2701 Y-1.9347
X6.363 Y-1.9923
X6.4559 Y-2.0517
X6.5418 Y-2.1082
X6.5648 Y-2.1236
X6.6339 Y-2.1704
X6.6465 Y-2.1784
X6.6494 Y-2.1802
X6.6588 Y-2.1855
X6.6649 Y-2.1888
X6.6746 Y-2.1932
X6.6804 Y-2.1958
X6.6881 Y-2.1987
X6.6959 Y-2.2015
X6.7036 Y-2.2039
X6.7113 Y-2.206
X6.7191 Y-2.2079
X6.7268 Y-2.2095
X6.7346 Y-2.2108
X6.7423 Y-2.2118
X6.7501 Y-2.2127
X6.7578 Y-2.2131
X6.7655 Y-2.2135
X6.7733
X6.781 Y-2.2133
X6.7888 Y-2.2128
X6.7965 Y-2.212
X6.8028 Y-2.2112
X6.8082 Y-2.2103 Z0.3458
X6.8109 Y-2.2096 Z0.3457
X6.8136 Y-2.2088 Z0.3456
X6.8188 Y-2.2069 Z0.3452
X6.8238 Y-2.2047 Z0.3446
X6.8287 Y-2.2021 Z0.344
X6.8335 Y-2.1993 Z0.3432
X6.8382 Y-2.1963 Z0.3424
X6.8427 Y-2.1932 Z0.3415
X6.8473 Y-2.1899 Z0.3405
X6.8564 Y-2.183 Z0.3385
X6.861 Y-2.1796 Z0.3376
X6.8656 Y-2.1763 Z0.3368
X6.8702 Y-2.173 Z0.3362
X6.875 Y-2.1699 Z0.3358
X6.88 Y-2.1669 Z0.3357
X6.8877 Y-2.1623
X6.8894 Y-2.1612 Z0.3356
X6.8972 Y-2.1559 Z0.3357
X6.9049 Y-2.1502
X6.9091 Y-2.1468
X6.9126 Y-2.1439
X6.9181 Y-2.1391
X6.9262 Y-2.1314
X6.9281 Y-2.1294
X6.9359 Y-2.1209
X6.9401 Y-2.1159
X6.9461 Y-2.1082
X6.9516 Y-2.1005
X6.9619 Y-2.085
X6.9722 Y-2.0695 Z0.3358
X6.9746 Y-2.0659
X6.9775 Y-2.0618 Z0.3357
X6.9901 Y-2.0448
X6.9948 Y-2.0386 Z0.3358
X7.0074 Y-2.0231 Z0.3357
X7.0139 Y-2.0154 Z0.3358
X7.021 Y-2.0074 Z0.3357
X7.0288 Y-1.9989
X7.035 Y-1.9922 Z0.3358
X7.0443 Y-1.983 Z0.3357
X7.052 Y-1.9754
X7.0597 Y-1.968 Z0.3358
X7.0675 Y-1.961 Z0.3357
X7.0759 Y-1.9536
X7.083 Y-1.9474
X7.0984 Y-1.935
X7.1062 Y-1.929 Z0.3358
X7.1148 Y-1.9226 Z0.3357
X7.1256 Y-1.9149
X7.1294 Y-1.9123 Z0.3358
X7.1372 Y-1.907 Z0.3357
X7.149 Y-1.8994
X7.1614 Y-1.8917 Z0.3358
X7.1759 Y-1.8834 Z0.3357
X7.1836 Y-1.8791 Z0.3358
X7.1913 Y-1.8749 Z0.3357
X7.2146 Y-1.8634
X7.2223 Y-1.8599
X7.238 Y-1.8531
X7.2455 Y-1.8499 Z0.3358
X7.2688 Y-1.8411 Z0.3357
X7.2765 Y-1.8384 Z0.3358
X7.292 Y-1.8334 Z0.3357
X7.3034 Y-1.8299 Z0.3358
X7.3075 Y-1.8287 Z0.3357
X7.323 Y-1.8246
X7.3328 Y-1.8221 Z0.3358
X7.3384 Y-1.8208 Z0.3357
X7.3617 Y-1.816
X7.3709 Y-1.8144 Z0.3358
X7.3849 Y-1.8122 Z0.3357
X7.3926 Y-1.8111
X7.4004 Y-1.8101 Z0.3358
X7.4081 Y-1.8093 Z0.3357
X7.4236 Y-1.8078
X7.4314 Y-1.8071 Z0.3358
X7.4408 Y-1.8067 Z0.3357
X7.4623 Y-1.8057
X7.4855 Y-1.8059
X7.4933 Y-1.806
X7.5165 Y-1.8074
X7.5243 Y-1.8079 Z0.3358
X7.532 Y-1.8087 Z0.3357
X7.5475 Y-1.8104
X7.5552 Y-1.8114 Z0.3358
X7.563 Y-1.8125 Z0.3357
X7.5784 Y-1.8151
X7.5862 Y-1.8164 Z0.3358
X7.5939 Y-1.818 Z0.3357
X7.6127 Y-1.8221
X7.6172 Y-1.8232 Z0.3358
X7.6249 Y-1.8251 Z0.3357
X7.642 Y-1.8299
X7.6481 Y-1.8316 Z0.3358
X7.6559 Y-1.834 Z0.3357
X7.6714 Y-1.8392
X7.6791 Y-1.8418 Z0.3358
X7.6884 Y-1.8453 Z0.3357
X7.7079 Y-1.8531
X7.7101 Y-1.8539 Z0.3358
X7.7255 Y-1.8609 Z0.3357
X7.7333 Y-1.8645
X7.7417 Y-1.8685
X7.7643 Y-1.8802
X7.772 Y-1.8845
X7.7875 Y-1.8937
X7.7952 Y-1.8984 Z0.3358
X7.803 Y-1.9034 Z0.3357
X7.8203 Y-1.9149 Z0.3358
X7.8262 Y-1.9192 Z0.3357
X7.8417 Y-1.9306
X7.8512 Y-1.9381
X7.8726 Y-1.9557
X7.8804 Y-1.962
X7.8881 Y-1.9677
X7.8959 Y-1.973
X7.9036 Y-1.9778
X7.9114 Y-1.9823 Z0.3356
X7.9156 Y-1.9845 Z0.3357
X7.9268 Y-1.99
X7.9346 Y-1.9931
X7.9423 Y-1.9961
X7.9501 Y-1.9986
X7.9543 Y-1.9999
X7.9578 Y-2.0009
X7.9655 Y-2.0029
X7.9733 Y-2.0046 Z0.3356
X7.981 Y-2.0059 Z0.3357
X7.9888 Y-2.0071
X7.9965 Y-2.0079
X8.0043 Y-2.0085
X8.012 Y-2.0087
X8.0197 Y-2.0088
X8.0275 Y-2.0084
X8.0352 Y-2.0079 Z0.3356
X8.043 Y-2.007 Z0.3357
X8.0507 Y-2.0059 Z0.3356
X8.0585 Y-2.0045 Z0.3357
X8.0662 Y-2.0028 Z0.3356
X8.0772 Y-1.9999 Z0.3357
X8.0817 Y-1.9986
X8.0894 Y-1.996
X8.0972 Y-1.9931
X8.0995 Y-1.9922
X8.1126 Y-1.9862
X8.1204 Y-1.9821
X8.1281 Y-1.9778
X8.1359 Y-1.9729
X8.1417 Y-1.969
X8.152 Y-1.9613
X8.1591 Y-1.9554
X8.1668 Y-1.9487
X8.204 Y-1.9149
X8.2133 Y-1.9068
X8.2443 Y-1.8802
X8.252 Y-1.8738
X8.283 Y-1.8488
X8.2907 Y-1.8426 Z0.3358
X8.2985 Y-1.8366 Z0.3357
X8.3294 Y-1.8131
X8.338 Y-1.8067
X8.3759 Y-1.7796
X8.3836 Y-1.7742
X8.4223 Y-1.7483
X8.4301 Y-1.7433
X8.4688 Y-1.7189
X8.477 Y-1.7139
X8.5164 Y-1.6907
X8.523 Y-1.687
X8.5617 Y-1.6657
X8.5694 Y-1.6615
X8.6081 Y-1.6417
X8.6159 Y-1.6378
X8.6623 Y-1.6156
X8.6778 Y-1.6087
X8.7088 Y-1.595
X8.7165 Y-1.5917
X8.763 Y-1.5728
X8.7707 Y-1.5698
X8.8094 Y-1.5554
X8.8202 Y-1.5515
X8.8657 Y-1.5361
X8.8714 Y-1.5342
X8.9178 Y-1.52
X8.9256 Y-1.5178
X8.9643 Y-1.5071
X8.972 Y-1.505
X8.9875 Y-1.5011
X9.0185 Y-1.4936
X9.0262 Y-1.4917
X9.0417 Y-1.4883
X9.0804 Y-1.4802 Z0.3358
X9.0959 Y-1.4773 Z0.3357
X9.1268 Y-1.4716
X9.1346 Y-1.4703 Z0.3358
X9.1501 Y-1.4678 Z0.3357
X9.1888 Y-1.462
X9.2043 Y-1.46
X9.2352 Y-1.4563
X9.243 Y-1.4554 Z0.3358
X9.2507 Y-1.4546 Z0.3357
X9.2972 Y-1.4503
X9.3127 Y-1.4493
X9.3514 Y-1.4469
X9.3591 Y-1.4465
X9.4056 Y-1.445
X9.4133 Y-1.4449
X9.4597 Y-1.4447
X9.4675 Y-1.4448
X9.5139 Y-1.446
X9.5217 Y-1.4463
X9.5681 Y-1.4488
X9.5836 Y-1.4495
X9.5914 Y-1.4496
X9.5991 Y-1.4492
X9.6068 Y-1.4488
X9.6146 Y-1.448
X9.6223 Y-1.4469 Z0.3356
X9.6301 Y-1.4455 Z0.3357
X9.6378 Y-1.4439 Z0.3356
X9.6456 Y-1.442 Z0.3357
X9.6533 Y-1.4398
X9.661 Y-1.4372
X9.6688 Y-1.4344
X9.6765 Y-1.4312
X9.6843 Y-1.4277
X9.692 Y-1.4237
X9.6985 Y-1.4201
X9.7075 Y-1.4146
X9.711 Y-1.4124
X9.7152 Y-1.4093
X9.723 Y-1.4036 Z0.3356
X9.7312 Y-1.3969 Z0.3357
X9.7385 Y-1.3905
X9.7476 Y-1.3814
X9.7546 Y-1.3737
X9.7617 Y-1.365
X9.7668 Y-1.3582
X9.7694 Y-1.3545
X9.7721 Y-1.3505
X9.7772 Y-1.3425 Z0.3356
X9.7813 Y-1.3351 Z0.3357
X9.7849 Y-1.3283
X9.789 Y-1.3196
X9.7923 Y-1.3119
X9.7952 Y-1.3041
X9.7978 Y-1.2964
X9.8004 Y-1.2876
X9.8021 Y-1.2809
X9.8038 Y-1.2732
X9.8101 Y-1.2423
X9.8118 Y-1.2345 Z0.3358
X9.8157 Y-1.2191 Z0.3357
X9.8177 Y-1.2114
X9.8198 Y-1.2036 Z0.3358
X9.8246 Y-1.1882 Z0.3357
X9.8296 Y-1.1727 Z0.3358
X9.8323 Y-1.165 Z0.3357
X9.8391 Y-1.1469
X9.8411 Y-1.1418
X9.8512 Y-1.1186
X9.8548 Y-1.1108
X9.8664 Y-1.0877
X9.8706 Y-1.0799
X9.8856 Y-1.0536
X9.8923 Y-1.0413
X9.8959 Y-1.0335
X9.8993 Y-1.0258
X9.9022 Y-1.0181
X9.9049 Y-1.0103
X9.9073 Y-1.0026
X9.9088 Y-0.9971
X9.911 Y-0.9871
X9.9125 Y-0.9794 Z0.3356
X9.9137 Y-0.9717 Z0.3357
X9.9146 Y-0.964 Z0.3356
X9.9152 Y-0.9562 Z0.3357
X9.9156 Y-0.9485
Y-0.9408
X9.9155 Y-0.933
X9.915 Y-0.9253
X9.9142 Y-0.9176
X9.9132 Y-0.9098
X9.9119 Y-0.9021
X9.9103 Y-0.8944
X9.9084 Y-0.8866
X9.9062 Y-0.8789
X9.9037 Y-0.8712
X9.9009 Y-0.8634
X9.8978 Y-0.8557
X9.8942 Y-0.848
X9.8903 Y-0.8402
X9.8856 Y-0.8317
X9.8814 Y-0.8248 Z0.3356
X9.8778 Y-0.8194 Z0.3357
X9.8706 Y-0.8093
X9.8643 Y-0.8016
X9.8623 Y-0.7992
X9.8575 Y-0.7939
X9.8546 Y-0.7907
X9.8501 Y-0.7861 Z0.3356
X9.8468 Y-0.7831 Z0.3357
X9.8391 Y-0.776
X9.8314 Y-0.7698
X9.8236 Y-0.764 Z0.3356
X9.8222 Y-0.7629 Z0.3357
X9.8159 Y-0.7587
X9.8105 Y-0.7552
X9.8004 Y-0.7495
X9.7967 Y-0.7475
X9.7849 Y-0.7419
X9.7799 Y-0.7397
X9.7694 Y-0.7357
X9.7617 Y-0.733
X9.6998 Y-0.7126
X9.6765 Y-0.7054
X9.6301 Y-0.6912
X9.5991 Y-0.6822
X9.5567 Y-0.6702
X9.4907 Y-0.6528
X9.4752 Y-0.6489
X9.421 Y-0.6358
X9.4024 Y-0.6315
X9.3514 Y-0.6202
X9.3359 Y-0.617
X9.2817 Y-0.6061
X9.2739 Y-0.6046
X9.2352 Y-0.5976
X9.2043 Y-0.592
X9.1733 Y-0.587
X9.1346 Y-0.5808
X9.1191 Y-0.5786
X9.0649 Y-0.571
X9.0544 Y-0.5697
X8.9875 Y-0.5617
X8.9178 Y-0.5548
X8.9023 Y-0.5535
X8.8404 Y-0.5487
X8.7707 Y-0.5446
X8.732 Y-0.543
X8.6933 Y-0.5416
X8.6236 Y-0.5403
X8.6081 Y-0.5408
X8.6004 Y-0.5414
X8.5926 Y-0.5422
X8.5849 Y-0.5433
X8.5772 Y-0.5447
X8.5693 Y-0.5465
X8.5617 Y-0.5484
X8.5539 Y-0.5507
X8.5435 Y-0.5542
X8.5307 Y-0.5595
X8.523 Y-0.5632
X8.5152 Y-0.5672
X8.5109 Y-0.5697
X8.4997 Y-0.5764
X8.492 Y-0.5818
X8.4875 Y-0.5851 Z0.3356
X8.4779 Y-0.5928 Z0.3357
X8.4765 Y-0.5941
X8.4688 Y-0.6011
X8.461 Y-0.6089
X8.4533 Y-0.6175
X8.4481 Y-0.6238
X8.4455 Y-0.6271
X8.4422 Y-0.6315 Z0.3356
X8.4369 Y-0.6392 Z0.3357
X8.4321 Y-0.647
X8.4276 Y-0.6547
X8.4236 Y-0.6624
X8.42 Y-0.6702
X8.4167 Y-0.6779
X8.4137 Y-0.6856
X8.4111 Y-0.6934
X8.4089 Y-0.7011
X8.4068 Y-0.7089
X8.4051 Y-0.7165
X8.4037 Y-0.7243
X8.4026 Y-0.732
X8.4018 Y-0.7397
X8.3995 Y-0.7707
X8.3988 Y-0.7784 Z0.3358
X8.3978 Y-0.7861 Z0.3357
X8.3968 Y-0.7939
X8.3956 Y-0.8016 Z0.3358
X8.3942 Y-0.8093
X8.3927 Y-0.8171 Z0.3357
X8.391 Y-0.8248 Z0.3358
X8.3893 Y-0.8325
X8.3872 Y-0.8402 Z0.3357
X8.3836 Y-0.853 Z0.3358
X8.3828 Y-0.8557
X8.3803 Y-0.8634 Z0.3357
X8.3748 Y-0.8789 Z0.3358
X8.3718 Y-0.8866 Z0.3357
X8.3651 Y-0.9021 Z0.3358
X8.3615 Y-0.9098 Z0.3357
X8.3526 Y-0.9271 Z0.3358
X8.3494 Y-0.933 Z0.3357
X8.3448 Y-0.9408
X8.3402 Y-0.9485 Z0.3358
X8.3372 Y-0.9533 Z0.3357
X8.3353 Y-0.9562
X8.3294 Y-0.9647
X8.3246 Y-0.9717 Z0.3358
X8.3217 Y-0.9757 Z0.3357
X8.3189 Y-0.9794 Z0.3356
X8.3062 Y-0.9951 Z0.3358
X8.2985 Y-1.0039 Z0.3357
X8.2907 Y-1.0123 Z0.3358
X8.2852 Y-1.0181 Z0.3357
X8.2772 Y-1.0258
X8.269 Y-1.0335 Z0.3358
X8.2597 Y-1.0416 Z0.3357
X8.2508 Y-1.049 Z0.3358
X8.2443 Y-1.0542 Z0.3357
X8.2365 Y-1.0598
X8.2288 Y-1.0654 Z0.3358
X8.221 Y-1.0707 Z0.3357
X8.2133 Y-1.0756
X8.2055 Y-1.0803 Z0.3358
X8.1978 Y-1.0848 Z0.3357
X8.1901 Y-1.0891
X8.1823 Y-1.0932 Z0.3358
X8.1746 Y-1.097 Z0.3357
X8.1591 Y-1.1041 Z0.3358
X8.1514 Y-1.1074 Z0.3357
X8.1423 Y-1.1108
X8.1359 Y-1.1132 Z0.3358
X8.1281 Y-1.1159 Z0.3357
X8.1199 Y-1.1186
X8.1126 Y-1.1208 Z0.3358
X8.1049 Y-1.1229
X8.0972 Y-1.1249 Z0.3357
X8.0894 Y-1.1268 Z0.3358
X8.0817 Y-1.1285
X8.0739 Y-1.13 Z0.3357
X8.0662 Y-1.1314
X8.0585 Y-1.1326 Z0.3358
X8.0472 Y-1.134 Z0.3357
X8.043 Y-1.1345
X8.0352 Y-1.1353 Z0.3358
X8.0275 Y-1.1359
X8.0197 Y-1.1363 Z0.3357
X8.012 Y-1.1366
X8.0043 Y-1.1368 Z0.3358
X7.9965 Z0.3357
X7.9888 Y-1.1366
X7.981 Y-1.1363 Z0.3358
X7.9733 Y-1.1359 Z0.3357
X7.9655 Y-1.1352
X7.9537 Y-1.134 Z0.3358
X7.9501 Y-1.1336
X7.9423 Y-1.1325 Z0.3357
X7.9346 Y-1.1313
X7.9268 Y-1.1299 Z0.3358
X7.9191 Y-1.1284 Z0.3357
X7.9095 Y-1.1263
X7.9036 Y-1.1249 Z0.3358
X7.8959 Y-1.1228
X7.8881 Y-1.1206 Z0.3357
X7.8804 Y-1.1183
X7.8726 Y-1.1158 Z0.3358
X7.8649 Y-1.1131 Z0.3357
X7.8572 Y-1.1103
X7.8494 Y-1.1072 Z0.3358
X7.8339 Y-1.1006 Z0.3356
X7.8262 Y-1.0969 Z0.3358
X7.8107 Y-1.0889 Z0.3357
X7.803 Y-1.0847 Z0.3358
X7.7949 Y-1.0799 Z0.3357
X7.7875 Y-1.0754
X7.7797 Y-1.0705 Z0.3358
X7.7711 Y-1.0645 Z0.3357
X7.7603 Y-1.0567 Z0.3358
X7.7565 Y-1.0539
X7.7488 Y-1.0477 Z0.3357
X7.741 Y-1.0413 Z0.3358
X7.7322 Y-1.0335 Z0.3357
X7.7239 Y-1.0258
X7.7178 Y-1.0199 Z0.3358
X7.7086 Y-1.0103 Z0.3357
X7.7015 Y-1.0026 Z0.3358
X7.6946 Y-0.9946 Z0.3357
X7.6884 Y-0.9871
X7.6823 Y-0.9794 Z0.3358
X7.6766 Y-0.9717 Z0.3357
X7.6711 Y-0.964
X7.6659 Y-0.9562 Z0.3358
X7.661 Y-0.9485 Z0.3357
X7.6559 Y-0.9402
X7.6517 Y-0.933 Z0.3358
X7.6435 Y-0.9176 Z0.3357
X7.6396 Y-0.9098
X7.6326 Y-0.8944
X7.6294 Y-0.8866 Z0.3358
X7.6235 Y-0.8712 Z0.3357
X7.6208 Y-0.8634 Z0.3358
X7.616 Y-0.848 Z0.3357
X7.6138 Y-0.8402 Z0.3358
X7.6118 Y-0.8325 Z0.3357
X7.6065 Y-0.8093
X7.6046 Y-0.8016
X7.6025 Y-0.7939
X7.6002 Y-0.7861
X7.5975 Y-0.7784
X7.5939 Y-0.7695
X7.5911 Y-0.7629
X7.5862 Y-0.753
X7.5831 Y-0.7475
X7.5784 Y-0.7396
X7.5735 Y-0.732
X7.5707 Y-0.728
X7.568 Y-0.7243 Z0.3356
X7.562 Y-0.7165 Z0.3357
X7.5552 Y-0.7086
X7.5475 Y-0.7003
X7.5397 Y-0.693
X7.5313 Y-0.6856
X7.5214 Y-0.6779
X7.5165 Y-0.6745
X7.5088 Y-0.6693
X7.501 Y-0.6647
X7.4933 Y-0.6604
X7.4814 Y-0.6547
X7.4778 Y-0.6531
X7.4701 Y-0.65
X7.4616 Y-0.647 Z0.3356
X7.4546 Y-0.6448 Z0.3357
X7.4468 Y-0.6426
X7.4391 Y-0.6408
X7.4314 Y-0.6392
X7.4236 Y-0.638
X7.4159 Y-0.6369
X7.4081 Y-0.6362
X7.4004 Y-0.6358
X7.3926 Y-0.6356
X7.3772 Y-0.6359
X7.2455 Y-0.6427
X7.1913 Y-0.6449
X7.1062 Y-0.6483
X6.9668 Y-0.6523
X6.8352 Y-0.6546
G2 X6.4094 Y-0.6521 I-0.1444 J11.9561
G1 X6.2855 Y-0.6487
X6.1539 Y-0.6436
X6.0146 Y-0.6366
X5.883 Y-0.6285
X5.7436 Y-0.6184
X5.612 Y-0.6073
X5.4804 Y-0.5948
X5.4611 Y-0.5928
X5.341 Y-0.58
X5.2868 Y-0.5737
X5.2017 Y-0.5636
X5.0696 Y-0.5465
X5.0391 Y-0.5422
X4.9384 Y-0.528
X4.9307 Y-0.527
X4.9229 Y-0.5261
X4.9152 Y-0.5254 Z0.3356
X4.9075 Y-0.525 Z0.3357
X4.8997 Y-0.5247
X4.892 Y-0.525
X4.8842 Y-0.5254
X4.8765 Y-0.5261
X4.8688 Y-0.527
X4.861 Y-0.5282
X4.8533 Y-0.5298
X4.8478 Y-0.531
X4.8378 Y-0.5337
X4.83 Y-0.5361
X4.8223 Y-0.5388
X4.8146 Y-0.5419
X4.8043 Y-0.5465
X4.7991 Y-0.5491
X4.7913 Y-0.5532
X4.7896 Y-0.5542
X4.7836 Y-0.5579
X4.7773 Y-0.5619
X4.7759 Y-0.5629 Z0.3356
X4.7681 Y-0.5685 Z0.3357
X4.7604 Y-0.5745
X4.7569 Y-0.5774
X4.7526 Y-0.5812
X4.7483 Y-0.5851 Z0.3356
X4.7449 Y-0.5885 Z0.3357
X4.7406 Y-0.5928
X4.7371 Y-0.5965 Z0.3356
X4.7336 Y-0.6006 Z0.3357
X4.7271 Y-0.6083
X4.7214 Y-0.616
X4.7161 Y-0.6238 Z0.3356
X4.7112 Y-0.6315 Z0.3357
X4.7062 Y-0.6403
X4.7027 Y-0.647
X4.6984 Y-0.6563
X4.6958 Y-0.6624
X4.6929 Y-0.6702
X4.6903 Y-0.6779
X4.688 Y-0.6856
X4.686 Y-0.6934
X4.6843 Y-0.7011
X4.6829 Y-0.7088
X4.6818 Y-0.7165
X4.6809 Y-0.7243
X4.6804 Y-0.732
X4.6801 Y-0.7397
X4.68 Y-0.7475
X4.6803 Y-0.7552
X4.6808 Y-0.7629 Z0.3356
X4.6817 Y-0.7707 Z0.3357
X4.6827 Y-0.7784 Z0.3356
X4.6841 Y-0.7861 Z0.3357
X4.6857 Y-0.7939 Z0.3356
X4.6877 Y-0.8016 Z0.3357
X4.6899 Y-0.8093
X4.6907 Y-0.8118
X4.6925 Y-0.8171
X4.6953 Y-0.8248
X4.6986 Y-0.8325
X4.7021 Y-0.8402
X4.7062 Y-0.848
X4.7105 Y-0.8557 Z0.3356
X4.7153 Y-0.8634 Z0.3357
X4.7294 Y-0.8855
X4.7345 Y-0.8944
X4.7386 Y-0.9021
X4.7426 Y-0.9098 Z0.3358
X4.7494 Y-0.9253 Z0.3357
X4.7526 Y-0.9337 Z0.3358
X4.7551 Y-0.9408 Z0.3357
X4.7577 Y-0.9485 Z0.3358
X4.7604 Y-0.9575
X4.7621 Y-0.964 Z0.3357
X4.764 Y-0.9717 Z0.3358
X4.7656 Y-0.9794 Z0.3357
X4.767 Y-0.9871
X4.7683 Y-0.9949 Z0.3358
X4.7693 Y-1.0026 Z0.3357
X4.7701 Y-1.0103
X4.7707 Y-1.0181 Z0.3358
X4.7711 Y-1.0258 Z0.3357
X4.7715 Y-1.049
X4.7717 Y-1.0567
X4.7722 Y-1.0645
X4.773 Y-1.0722
X4.7741 Y-1.0799
X4.7759 Y-1.0901 Z0.3356
X4.777 Y-1.0954 Z0.3357
X4.7789 Y-1.1031
X4.7812 Y-1.1108
X4.7837 Y-1.1186
X4.7865 Y-1.1263
X4.7896 Y-1.134
X4.7913 Y-1.1378
X4.7971 Y-1.1495
X4.8016 Y-1.1572
X4.8062 Y-1.165
X4.8114 Y-1.1727
X4.8146 Y-1.1771
X4.8223 Y-1.1868
X4.8234 Y-1.1882 Z0.3356
X4.8303 Y-1.1959 Z0.3357
X4.8379 Y-1.2036
X4.8462 Y-1.2114 Z0.3356
X4.8555 Y-1.2191 Z0.3357
X4.861 Y-1.2233
X4.8688 Y-1.2287
X4.878 Y-1.2345
X4.8842 Y-1.2382
X4.8921 Y-1.2423
X4.8997 Y-1.2461
X4.9152 Y-1.2525
X5.0159 Y-1.2914
X5.1165 Y-1.3318
X5.2171 Y-1.3738
X5.3178 Y-1.4174
G2 X5.6222 Y-1.5593 I-3.2692 J-7.4142
G1 X5.7126 Y-1.6043
X5.8055 Y-1.6521
X5.8984 Y-1.7014
X5.9139 Y-1.7098
X5.9991 Y-1.7566
X6.092 Y-1.8092
X6.1771 Y-1.8589
X6.1935 Y-1.8685
X6.2778 Y-1.9193
X6.3082 Y-1.9381
X6.3707 Y-1.9769
X6.4432 Y-2.0231
X6.4674 Y-2.0386
X6.5565 Y-2.0973
X6.6417 Y-2.1549
X6.6531 Y-2.1623
X6.6572 Y-2.1648
X6.6663 Y-2.17
X6.6726 Y-2.1734
X6.6822 Y-2.1778
X6.6881 Y-2.1803
X6.6959 Y-2.1832
X6.7036 Y-2.1859 Z0.3356
X6.7113 Y-2.1882 Z0.3357
X6.7191 Y-2.1902 Z0.3356
X6.7268 Y-2.1919 Z0.3357
X6.7346 Y-2.1934 Z0.3356
X6.7423 Y-2.1945 Z0.3357
X6.7501 Y-2.1954
X6.7578 Y-2.1959
X6.7655 Y-2.1963
X6.7733
X6.781 Y-2.196
X6.7888 Y-2.1955
X6.7965 Y-2.1947
X6.8042 Y-2.1936
X6.812 Y-2.1923
X6.8197 Y-2.1906
X6.8275 Y-2.1887
X6.8352 Y-2.1865
X6.843 Y-2.184
X6.8507 Y-2.181
X6.8587 Y-2.1778
X6.8662 Y-2.1742
X6.8744 Y-2.17
X6.88 Y-2.1669
X6.8846 Y-2.164 Z0.3356
X6.8869 Y-2.1623 Z0.3355
X6.889 Y-2.1606 Z0.3353
X6.8932 Y-2.157 Z0.3347
X6.8971 Y-2.1531 Z0.3339
X6.9008 Y-2.149 Z0.333
X6.9042 Y-2.1448 Z0.332
X6.9075 Y-2.1404 Z0.3308
X6.9106 Y-2.1359 Z0.3295
X6.9137 Y-2.1312 Z0.3283
X6.9167 Y-2.1265 Z0.327
X6.9197 Y-2.1217 Z0.3258
X6.9227 Y-2.1169 Z0.3246
X6.9257 Y-2.1122 Z0.3237
X6.9288 Y-2.1074 Z0.3229
X6.932 Y-2.1027 Z0.3223
X6.9354 Y-2.0981 Z0.322
X6.9391 Y-2.0927 Z0.3221
X6.9495 Y-2.0773
X6.9597 Y-2.0618 Z0.3222
X6.965 Y-2.0541 Z0.3221
X6.9764 Y-2.0386
X6.9823 Y-2.0307 Z0.3222
X6.9948 Y-2.0154 Z0.3221
X7.0012 Y-2.0077 Z0.3222
X7.0081 Y-1.9999 Z0.3221
X7.0151 Y-1.9922
X7.0222 Y-1.9845 Z0.3222
X7.0297 Y-1.9768 Z0.3221
X7.0443 Y-1.9625 Z0.3222
X7.052 Y-1.9552
X7.0625 Y-1.9458 Z0.3221
X7.0713 Y-1.9381 Z0.3222
X7.0808 Y-1.9304 Z0.3221
X7.0907 Y-1.9225
X7.0984 Y-1.9164 Z0.3222
X7.1062 Y-1.9108 Z0.3221
X7.1139 Y-1.9052
X7.1221 Y-1.8994 Z0.3222
X7.1294 Y-1.8946 Z0.3221
X7.1372 Y-1.8896
X7.1526 Y-1.8798 Z0.3222
X7.1681 Y-1.871 Z0.3221
X7.1759 Y-1.8666 Z0.3222
X7.1836 Y-1.8624 Z0.3221
X7.2068 Y-1.8508
X7.2146 Y-1.8473
X7.2301 Y-1.8405
X7.2378 Y-1.8372 Z0.3222
X7.2455 Y-1.8342 Z0.3221
X7.261 Y-1.8283
X7.2688 Y-1.8255 Z0.3222
X7.279 Y-1.8221 Z0.3221
X7.292 Y-1.818
X7.2997 Y-1.8156 Z0.3222
X7.3075 Y-1.8135 Z0.3221
X7.323 Y-1.8095
X7.3307 Y-1.8075 Z0.3222
X7.3344 Y-1.8067
X7.3539 Y-1.8026 Z0.3221
X7.3617 Y-1.8011 Z0.3222
X7.3694 Y-1.7998
X7.3849 Y-1.7974 Z0.3221
X7.3926 Y-1.7963 Z0.3222
X7.4004 Y-1.7953
X7.4081 Y-1.7945 Z0.3221
X7.4236 Y-1.7931
X7.4314 Y-1.7924 Z0.3222
X7.4468 Y-1.7917 Z0.3221
X7.4623 Y-1.7911
X7.4855 Y-1.7912
X7.4933 Y-1.7914 Z0.3222
X7.5088 Y-1.7922 Z0.3221
X7.5165 Y-1.7927
X7.5243 Y-1.7932 Z0.3222
X7.532 Y-1.7939 Z0.3221
X7.5475 Y-1.7956
X7.5552 Y-1.7966 Z0.3222
X7.563 Y-1.7977
X7.5784 Y-1.8002 Z0.3221
X7.5862 Y-1.8015 Z0.3222
X7.5939 Y-1.803
X7.6094 Y-1.8064 Z0.3221
X7.6172 Y-1.8081 Z0.3222
X7.6249 Y-1.81
X7.6404 Y-1.8142 Z0.3221
X7.6481 Y-1.8163
X7.6559 Y-1.8186 Z0.3222
X7.6714 Y-1.8237 Z0.3221
X7.6791 Y-1.8263
X7.6868 Y-1.829 Z0.3222
X7.6946 Y-1.832 Z0.3221
X7.7101 Y-1.8381
X7.7178 Y-1.8413 Z0.3222
X7.7333 Y-1.8483 Z0.3221
X7.7435 Y-1.8531 Z0.3222
X7.7488 Y-1.8556 Z0.3221
X7.772 Y-1.8677
X7.7735 Y-1.8685 Z0.3222
X7.7797 Y-1.8721 Z0.3221
X7.7998 Y-1.884 Z0.3222
X7.803 Y-1.8859
X7.8119 Y-1.8917 Z0.3221
X7.8262 Y-1.9012
X7.8346 Y-1.9072
X7.8494 Y-1.9181
X7.8572 Y-1.924 Z0.3222
X7.8649 Y-1.9304 Z0.3221
X7.8838 Y-1.9458
X7.8881 Y-1.9494
X7.8935 Y-1.9536 Z0.322
X7.8959 Y-1.9552 Z0.3221
X7.9047 Y-1.9613 Z0.322
X7.9114 Y-1.9654 Z0.3221
X7.9191 Y-1.9698 Z0.322
X7.9268 Y-1.9737 Z0.3221
X7.9333 Y-1.9768
X7.9423 Y-1.9804
X7.9501 Y-1.9832
X7.954 Y-1.9845
X7.9578 Y-1.9857
X7.9655 Y-1.9877
X7.9733 Y-1.9896 Z0.322
X7.981 Y-1.991 Z0.3221
X7.9888 Y-1.9923 Z0.322
X7.9965 Y-1.9931 Z0.3221
X8.0043 Y-1.9938 Z0.322
X8.012 Y-1.994 Z0.3221
X8.0197 Y-1.9941
X8.0275 Y-1.9937
X8.0352 Y-1.9932 Z0.322
X8.043 Y-1.9922 Z0.3221
X8.0507 Y-1.9911 Z0.322
X8.0585 Y-1.9895 Z0.3221
X8.0662 Y-1.9877 Z0.322
X8.0739 Y-1.9856 Z0.3221
X8.0778 Y-1.9845 Z0.322
X8.0894 Y-1.9804 Z0.3221
X8.0982 Y-1.9768
X8.1049 Y-1.9737
X8.1138 Y-1.969
X8.1204 Y-1.9654 Z0.322
X8.1281 Y-1.9605 Z0.3221
X8.1359 Y-1.9551
X8.1436 Y-1.9493 Z0.322
X8.1514 Y-1.9427 Z0.3221
X8.1591 Y-1.9359
X8.1907 Y-1.9072
X8.1994 Y-1.8994 Z0.3222
X8.2264 Y-1.8762 Z0.3221
X8.2365 Y-1.8676
X8.252 Y-1.8549
X8.2752 Y-1.8362
X8.2831 Y-1.8299 Z0.3222
X8.3062 Y-1.8123 Z0.3221
X8.3238 Y-1.7989 Z0.3222
X8.3294 Y-1.7948 Z0.3221
X8.3681 Y-1.7671
X8.3781 Y-1.7603
X8.4068 Y-1.741
X8.4146 Y-1.7358
X8.4246 Y-1.7294
X8.4615 Y-1.7062
X8.4688 Y-1.7017
X8.5075 Y-1.6789
X8.5152 Y-1.6745
X8.5561 Y-1.652
X8.5617 Y-1.649
X8.601 Y-1.6288
X8.6081 Y-1.6252
X8.6329 Y-1.6134
X8.6546 Y-1.6031
X8.6659 Y-1.5979
X8.7088 Y-1.5791
X8.7552 Y-1.5602
X8.763 Y-1.5571
X8.8094 Y-1.5398
X8.8201 Y-1.5361
X8.8636 Y-1.5213
X8.8946 Y-1.5118
X8.9178 Y-1.5047 Z0.3222
X8.9565 Y-1.494 Z0.3221
X8.9726 Y-1.4897 Z0.3222
X9.0107 Y-1.4804 Z0.3221
X9.0262 Y-1.4767 Z0.3222
X9.0649 Y-1.4684 Z0.3221
X9.0804 Y-1.4652 Z0.3222
X9.1114 Y-1.4595 Z0.3221
X9.1346 Y-1.4554 Z0.3222
X9.1578 Y-1.4518 Z0.3221
X9.181 Y-1.4483
X9.1888 Y-1.4472 Z0.3222
X9.2043 Y-1.4453 Z0.3221
X9.2352 Y-1.4415
X9.243 Y-1.4406 Z0.3222
X9.2507 Y-1.4398 Z0.3221
X9.2972 Y-1.4356 Z0.3222
X9.3204 Y-1.4341 Z0.3221
X9.3514 Y-1.4322
X9.3668 Y-1.4316
X9.4056 Y-1.4303
X9.4133 Y-1.4302
X9.4597 Y-1.43
X9.4675 Y-1.4301
X9.5139 Y-1.4313
X9.5217 Y-1.4316
X9.5681 Y-1.4342
X9.5836 Y-1.4348
X9.5914 Y-1.4349
X9.5991 Y-1.4346
X9.6068 Y-1.434
X9.6146 Y-1.4332
X9.6223 Y-1.4321 Z0.322
X9.6301 Y-1.4306
X9.6378 Y-1.4289 Z0.3221
X9.6418 Y-1.4278
X9.6456 Y-1.4268
X9.6533 Y-1.4244
X9.661 Y-1.4217
X9.6651 Y-1.4201
X9.6765 Y-1.4152
X9.6843 Y-1.4112
X9.692 Y-1.4069
X9.6998 Y-1.4022
X9.7075 Y-1.3968
X9.7152 Y-1.3911 Z0.322
X9.723 Y-1.3846 Z0.3221
X9.7267 Y-1.3814 Z0.322
X9.7307 Y-1.3776 Z0.3221
X9.7346 Y-1.3737
X9.7385 Y-1.3697
X9.7418 Y-1.366
X9.7462 Y-1.3609 Z0.322
X9.7484 Y-1.3582
X9.7542 Y-1.3505
X9.7596 Y-1.3428 Z0.3221
X9.7645 Y-1.3351 Z0.322
X9.7694 Y-1.3262 Z0.3221
X9.7728 Y-1.3196
X9.7772 Y-1.3101
X9.7796 Y-1.3041
X9.7824 Y-1.2964 Z0.322
X9.7849 Y-1.2884 Z0.3221
X9.787 Y-1.2809 Z0.322
X9.7888 Y-1.2732 Z0.3221
X9.7927 Y-1.2546
X9.7951 Y-1.2423
X9.7967 Y-1.2345 Z0.3222
X9.7986 Y-1.2268
X9.8025 Y-1.2114 Z0.3221
X9.8046 Y-1.2036 Z0.3222
X9.8068 Y-1.1959
X9.8116 Y-1.1804 Z0.3221
X9.8159 Y-1.1674 Z0.3222
X9.8196 Y-1.1572 Z0.3221
X9.8254 Y-1.1418
X9.8285 Y-1.134
X9.8386 Y-1.1108
X9.8423 Y-1.1031
X9.8539 Y-1.0799
X9.8581 Y-1.0722
X9.8713 Y-1.049
X9.8778 Y-1.0372
X9.8797 Y-1.0335
X9.8833 Y-1.0258
X9.8856 Y-1.0208
X9.8894 Y-1.0103 Z0.322
X9.892 Y-1.0026 Z0.3221
X9.8933 Y-0.9981
X9.8942 Y-0.9949
X9.896 Y-0.9871
X9.8976 Y-0.9794 Z0.322
X9.8989 Y-0.9717 Z0.3221
X9.8999 Y-0.964 Z0.322
X9.9005 Y-0.9562 Z0.3221
X9.901 Y-0.9485
Y-0.9408
X9.9008 Y-0.933 Z0.322
X9.9002 Y-0.9253 Z0.3221
X9.8995 Y-0.9176 Z0.322
X9.8983 Y-0.9098 Z0.3221
X9.897 Y-0.9021 Z0.322
X9.8952 Y-0.8944 Z0.3221
X9.8932 Y-0.8866 Z0.322
X9.8908 Y-0.8789 Z0.3221
X9.8882 Y-0.8712
X9.8851 Y-0.8634
X9.8817 Y-0.8557
X9.8778 Y-0.8479
X9.8736 Y-0.8402
X9.8689 Y-0.8325 Z0.322
X9.8637 Y-0.8248 Z0.3221
X9.858 Y-0.8171
X9.8517 Y-0.8093
X9.8468 Y-0.8039
X9.8447 Y-0.8016
X9.8391 Y-0.7959 Z0.322
X9.8314 Y-0.7887 Z0.3221
X9.8284 Y-0.7861
X9.8236 Y-0.7823
X9.8159 Y-0.7764 Z0.322
X9.8074 Y-0.7707 Z0.3221
X9.8004 Y-0.7663
X9.7927 Y-0.762
X9.7849 Y-0.7581
X9.7788 Y-0.7552
X9.7772 Y-0.7545
X9.7694 Y-0.7514
X9.7617 Y-0.7485
X9.7539 Y-0.7459
X9.692 Y-0.7255
X9.6301 Y-0.7065
X9.6223 Y-0.7042
X9.5576 Y-0.6856
X9.5449 Y-0.6822
X9.483 Y-0.6659
X9.421 Y-0.6508
X9.4133 Y-0.649
X9.3514 Y-0.6352
X9.3436 Y-0.6335
X9.2972 Y-0.6241
X9.2739 Y-0.6195
X9.2507 Y-0.6152
X9.2043 Y-0.6069
X9.1888 Y-0.6043
X9.1346 Y-0.5957
X9.1268 Y-0.5945
X9.0572 Y-0.5848
X8.9875 Y-0.5765
X8.9643 Y-0.5741
X8.9178 Y-0.5695
X8.9101 Y-0.5688
X8.8404 Y-0.5634
X8.7939 Y-0.5606
X8.7707 Y-0.5593
X8.7475 Y-0.5583
X8.6933 Y-0.5563
X8.6236 Y-0.555
X8.6081 Y-0.5554
X8.6004 Y-0.5561
X8.5926 Y-0.557 Z0.322
X8.5849 Y-0.5582 Z0.3221
X8.5772 Y-0.5597 Z0.322
X8.568 Y-0.5619 Z0.3221
X8.5617 Y-0.5637 Z0.322
X8.5539 Y-0.5662 Z0.3221
X8.5462 Y-0.5689
X8.5385 Y-0.5721
X8.5307 Y-0.5757
X8.523 Y-0.5797
X8.5152 Y-0.5841
X8.5075 Y-0.5888
X8.4997 Y-0.5943
X8.4916 Y-0.6006
X8.4843 Y-0.6067 Z0.322
X8.4765 Y-0.614 Z0.3221
X8.4745 Y-0.616 Z0.322
X8.4673 Y-0.6238 Z0.3221
X8.4607 Y-0.6315
X8.4547 Y-0.6392 Z0.322
X8.4494 Y-0.647 Z0.3221
X8.4455 Y-0.653 Z0.322
X8.4445 Y-0.6547 Z0.3221
X8.4401 Y-0.6624
X8.4378 Y-0.6668
X8.4362 Y-0.6702
X8.4326 Y-0.6779
X8.4294 Y-0.6856
X8.4265 Y-0.6934 Z0.322
X8.4241 Y-0.7011 Z0.3221
X8.4223 Y-0.7073 Z0.322
X8.4202 Y-0.7165 Z0.3221
X8.4186 Y-0.7243 Z0.322
X8.4174 Y-0.732 Z0.3221
X8.4165 Y-0.7397 Z0.322
X8.4153 Y-0.7552 Z0.3221
X8.4142 Y-0.7707
X8.4135 Y-0.7784 Z0.3222
X8.4126 Y-0.7861
X8.4116 Y-0.7939 Z0.3221
X8.4104 Y-0.8016 Z0.3222
X8.4092 Y-0.8093
X8.4068 Y-0.821 Z0.3221
X8.4044 Y-0.8325 Z0.3222
X8.4024 Y-0.8402
X8.3991 Y-0.8522 Z0.3221
X8.3981 Y-0.8557 Z0.3222
X8.3957 Y-0.8634
X8.3931 Y-0.8712 Z0.3221
X8.3876 Y-0.8866 Z0.3222
X8.3836 Y-0.8962 Z0.3221
X8.3777 Y-0.9098 Z0.3222
X8.3759 Y-0.9137
X8.374 Y-0.9176 Z0.3221
X8.3661 Y-0.933 Z0.3222
X8.3618 Y-0.9408 Z0.3221
X8.3573 Y-0.9485
X8.3526 Y-0.9562 Z0.3222
X8.3477 Y-0.964 Z0.3221
X8.3424 Y-0.9717
X8.3371 Y-0.9794 Z0.3222
X8.3314 Y-0.9871 Z0.3221
X8.3253 Y-0.9949
X8.319 Y-1.0026 Z0.3222
X8.3123 Y-1.0103 Z0.3221
X8.3053 Y-1.0181 Z0.3222
X8.2981 Y-1.0258
X8.2903 Y-1.0335 Z0.3221
X8.2822 Y-1.0413 Z0.3222
X8.2736 Y-1.049 Z0.3221
X8.2675 Y-1.0542
X8.2597 Y-1.0606 Z0.3222
X8.252 Y-1.0667 Z0.322
X8.2443 Y-1.0723 Z0.3221
X8.2365 Y-1.0779 Z0.3222
X8.2288 Y-1.0831 Z0.322
X8.221 Y-1.088 Z0.3221
X8.2133 Y-1.0928 Z0.3222
X8.2055 Y-1.0973 Z0.3221
X8.1978 Y-1.1016
X8.1901 Y-1.1057 Z0.3222
X8.1823 Y-1.1096 Z0.3221
X8.1796 Y-1.1108
X8.1668 Y-1.1167 Z0.3222
X8.1591 Y-1.12 Z0.3221
X8.1514 Y-1.1231
X8.1428 Y-1.1263 Z0.3222
X8.1359 Y-1.1288
X8.1281 Y-1.1313 Z0.3221
X8.1194 Y-1.134 Z0.3222
X8.1126 Y-1.1361
X8.1049 Y-1.1381
X8.0972 Y-1.14 Z0.3221
X8.0894 Y-1.1418 Z0.3222
X8.0817 Y-1.1434
X8.0739 Y-1.1449 Z0.3221
X8.0662 Y-1.1462
X8.0585 Y-1.1474 Z0.3222
X8.0507 Y-1.1484 Z0.3221
X8.0404 Y-1.1495
X8.0352 Y-1.15 Z0.3222
X8.0275 Y-1.1506
X8.0197 Y-1.151 Z0.3221
X8.012 Y-1.1513
X8.0043 Y-1.1514 Z0.3223
X7.9965 Z0.3221
X7.9888 Y-1.1513
X7.981 Y-1.151 Z0.3222
X7.9733 Y-1.1506
X7.9655 Y-1.1499 Z0.3221
X7.9578 Y-1.1492
X7.9501 Y-1.1484 Z0.3223
X7.9423 Y-1.1473 Z0.3221
X7.9346 Y-1.1461
X7.9268 Y-1.1449 Z0.3222
X7.9191 Y-1.1434
X7.9114 Y-1.1417 Z0.3221
X7.9036 Y-1.14
X7.8959 Y-1.1381 Z0.3222
X7.8817 Y-1.134 Z0.3221
X7.8726 Y-1.1313 Z0.3222
X7.8649 Y-1.1286
X7.8572 Y-1.1259 Z0.3221
X7.8494 Y-1.123
X7.8417 Y-1.1198 Z0.3222
X7.8339 Y-1.1165 Z0.3221
X7.8262 Y-1.1131 Z0.322
X7.8184 Y-1.1094 Z0.3222
X7.8062 Y-1.1031 Z0.3221
X7.803 Y-1.1014
X7.7952 Y-1.0971 Z0.3222
X7.7875 Y-1.0926 Z0.3221
X7.7794 Y-1.0877
X7.772 Y-1.0829 Z0.3222
X7.7643 Y-1.0776 Z0.3221
X7.7565 Y-1.0721
X7.7488 Y-1.0664 Z0.3222
X7.741 Y-1.0603 Z0.3221
X7.7333 Y-1.0539 Z0.3222
X7.7275 Y-1.049 Z0.3223
X7.7178 Y-1.0402 Z0.3222
X7.7101 Y-1.0328
X7.7023 Y-1.025
X7.6946 Y-1.0168
X7.6887 Y-1.0103 Z0.3223
X7.6791 Y-0.9989 Z0.3221
X7.6758 Y-0.9949
X7.6714 Y-0.9893 Z0.3222
X7.6636 Y-0.9787 Z0.3221
X7.6586 Y-0.9717 Z0.3222
X7.6559 Y-0.9677 Z0.3223
X7.6485 Y-0.9562 Z0.3221
X7.6437 Y-0.9485
X7.6404 Y-0.9428 Z0.3222
X7.6326 Y-0.9285 Z0.3221
X7.631 Y-0.9253
X7.6271 Y-0.9176 Z0.3222
X7.62 Y-0.9021 Z0.3221
X7.6166 Y-0.8944 Z0.3222
X7.6107 Y-0.8789 Z0.3221
X7.6079 Y-0.8712 Z0.3222
X7.6054 Y-0.8634
X7.6017 Y-0.8511 Z0.3221
X7.5986 Y-0.8402 Z0.3222
X7.5968 Y-0.8325 Z0.3221
X7.5914 Y-0.8093
X7.5895 Y-0.8016 Z0.322
X7.5872 Y-0.7939 Z0.3221
X7.5862 Y-0.7905
X7.5847 Y-0.7861 Z0.322
X7.5817 Y-0.7784 Z0.3221
X7.5784 Y-0.7706
X7.5747 Y-0.7629
X7.5707 Y-0.7552
X7.5661 Y-0.7475
X7.563 Y-0.7426 Z0.322
X7.561 Y-0.7397 Z0.3221
X7.5552 Y-0.7316 Z0.322
X7.5494 Y-0.7243 Z0.3221
X7.5475 Y-0.722 Z0.322
X7.5426 Y-0.7165
X7.5397 Y-0.7135 Z0.3221
X7.5352 Y-0.7088 Z0.322
X7.532 Y-0.7058 Z0.3221
X7.5243 Y-0.6988 Z0.322
X7.5165 Y-0.6926 Z0.3221
X7.5088 Y-0.6869
X7.501 Y-0.6818
X7.4933 Y-0.6772
X7.4855 Y-0.6729
X7.4778 Y-0.6692
X7.4701 Y-0.6658 Z0.322
X7.4613 Y-0.6624 Z0.3221
X7.4546 Y-0.6601 Z0.322
X7.4468 Y-0.6578 Z0.3221
X7.4391 Y-0.6558 Z0.322
X7.4314 Y-0.6542 Z0.3221
X7.4236 Y-0.6528 Z0.322
X7.4159 Y-0.6517 Z0.3221
X7.4081 Y-0.6509
X7.4004 Y-0.6505
X7.3926 Y-0.6503
X7.3772 Y-0.6506
X7.2455 Y-0.6574
X7.1062 Y-0.663
X6.9746 Y-0.6668
X6.8662 Y-0.6687
X6.8352 Y-0.6692
X6.6959 Y-0.6701
X6.5642 Y-0.6694
X6.4713 Y-0.668
X6.4249 Y-0.6672
X6.2933 Y-0.6636
X6.2391 Y-0.6616
X6.1539 Y-0.6582
X6.0146 Y-0.6513
X5.883 Y-0.6432
X5.7513 Y-0.6337
X5.7359 Y-0.6325
X5.6042 Y-0.6214
X5.4726 Y-0.6088
X5.341 Y-0.5948
X5.3178 Y-0.5921
X5.2017 Y-0.5783
X5.07 Y-0.5613
X5.0468 Y-0.5581
X4.9384 Y-0.5428
X4.9307 Y-0.5418
X4.9229 Y-0.5409
X4.9152 Y-0.5401 Z0.322
X4.9075 Y-0.5397 Z0.3221
X4.8997 Y-0.5394
X4.892 Y-0.5397
X4.8842 Y-0.54 Z0.322
X4.8765 Y-0.5408 Z0.3221
X4.8688 Y-0.5418 Z0.322
X4.861 Y-0.5432 Z0.3221
X4.8533 Y-0.5447 Z0.322
X4.8455 Y-0.5468 Z0.3221
X4.8378 Y-0.549 Z0.322
X4.83 Y-0.5516 Z0.3221
X4.8231 Y-0.5542 Z0.322
X4.8146 Y-0.5579 Z0.3221
X4.8062 Y-0.5619
X4.7991 Y-0.5657
X4.7913 Y-0.5703
X4.7836 Y-0.5754 Z0.322
X4.7759 Y-0.581 Z0.3221
X4.7705 Y-0.5851 Z0.322
X4.7681 Y-0.5871 Z0.3221
X4.7604 Y-0.5939 Z0.322
X4.7526 Y-0.6015 Z0.3221
X4.7463 Y-0.6083
X4.7397 Y-0.616
X4.7371 Y-0.6193
X4.7339 Y-0.6238
X4.7294 Y-0.6302 Z0.322
X4.7237 Y-0.6392 Z0.3221
X4.7217 Y-0.6426 Z0.322
X4.7192 Y-0.647 Z0.3221
X4.7153 Y-0.6547
X4.7139 Y-0.6575
X4.7117 Y-0.6624
X4.7085 Y-0.6702 Z0.322
X4.7058 Y-0.6779 Z0.3221
X4.7032 Y-0.6856 Z0.322
X4.7012 Y-0.6934 Z0.3221
X4.6993 Y-0.7011 Z0.322
X4.6984 Y-0.7053 Z0.3221
X4.6966 Y-0.7165 Z0.322
X4.6957 Y-0.7243 Z0.3221
X4.695 Y-0.732
X4.6948 Y-0.7397
X4.6946 Y-0.7475
X4.695 Y-0.7552
X4.6956 Y-0.7629 Z0.322
X4.6965 Y-0.7707 Z0.3221
X4.6976 Y-0.7784 Z0.322
X4.6984 Y-0.783 Z0.3221
X4.6991 Y-0.7861
X4.7008 Y-0.7939 Z0.322
X4.703 Y-0.8016 Z0.3221
X4.7053 Y-0.8093
X4.7081 Y-0.8171
X4.7112 Y-0.8248
X4.7147 Y-0.8325
X4.7187 Y-0.8402
X4.7229 Y-0.848 Z0.322
X4.7294 Y-0.8583 Z0.3221
X4.7426 Y-0.8789
X4.7449 Y-0.8829 Z0.3222
X4.747 Y-0.8866 Z0.3221
X4.7526 Y-0.8973 Z0.3222
X4.7551 Y-0.9021
X4.7586 Y-0.9098 Z0.3221
X4.762 Y-0.9176
X4.7652 Y-0.9253 Z0.3222
X4.7681 Y-0.9335 Z0.3221
X4.7706 Y-0.9408 Z0.3222
X4.7731 Y-0.9485 Z0.3223
X4.7759 Y-0.9587 Z0.3221
X4.7772 Y-0.964 Z0.3222
X4.7791 Y-0.9717
X4.7805 Y-0.9794 Z0.3221
X4.7819 Y-0.9871 Z0.3222
X4.7831 Y-0.9949
X4.784 Y-1.0026 Z0.3221
X4.7848 Y-1.0103
X4.7854 Y-1.0181 Z0.3222
X4.7857 Y-1.0258 Z0.3221
X4.7861 Y-1.049
X4.7863 Y-1.0567 Z0.322
X4.7869 Y-1.0645 Z0.3221
X4.7877 Y-1.0722 Z0.322
X4.7889 Y-1.0799 Z0.3221
X4.7903 Y-1.0877 Z0.322
X4.7913 Y-1.0923 Z0.3221
X4.7941 Y-1.1031 Z0.322
X4.7966 Y-1.1108 Z0.3221
X4.7993 Y-1.1186
X4.8023 Y-1.1263
X4.8058 Y-1.134
X4.8096 Y-1.1418 Z0.322
X4.8146 Y-1.1505 Z0.3221
X4.8187 Y-1.1572
X4.8239 Y-1.165
X4.83 Y-1.173
X4.8361 Y-1.1804 Z0.322
X4.8432 Y-1.1882
X4.8455 Y-1.1906
X4.8511 Y-1.1959
X4.8533 Y-1.198
X4.861 Y-1.2046 Z0.3221
X4.8696 Y-1.2114
X4.8765 Y-1.2162
X4.8809 Y-1.2191 Z0.322
X4.8842 Y-1.2211 Z0.3221
X4.892 Y-1.2257 Z0.322
X4.8997 Y-1.2297 Z0.3221
X4.9075 Y-1.2334
X4.9152 Y-1.2367
X4.9229 Y-1.2398
X5.0159 Y-1.2757
X5.0484 Y-1.2887
X5.1165 Y-1.316
X5.132 Y-1.3224
X5.2179 Y-1.3582
X5.236 Y-1.366
X5.3178 Y-1.4014
X5.3333 Y-1.4083
X5.4184 Y-1.4465
X5.4449 Y-1.4588
X5.5191 Y-1.4932
X5.612 Y-1.5379
X5.6241 Y-1.5438
X5.7172 Y-1.5902
X5.8133 Y-1.6396
X5.9094 Y-1.6907
X6.0068 Y-1.7441
X6.0997 Y-1.7967
X6.1849 Y-1.8464
X6.2004 Y-1.8556
X6.2861 Y-1.9072
X6.3475 Y-1.9452
X6.3784 Y-1.9644
X6.4404 Y-2.0039
X6.4713 Y-2.0237
X6.5255 Y-2.0593
X6.5645 Y-2.085
X6.6494 Y-2.1424
X6.6572 Y-2.1475
X6.6649 Y-2.1524
X6.6687 Y-2.1546 Z0.322
X6.6726 Y-2.1568 Z0.3221
X6.6804 Y-2.1609
X6.6881 Y-2.1644
X6.6959 Y-2.1676
X6.7036 Y-2.1704
X6.7113 Y-2.1729 Z0.322
X6.7191 Y-2.1751 Z0.3221
X6.7268 Y-2.1769
X6.7309 Y-2.1778
X6.7346 Y-2.1785
X6.7423 Y-2.1797
X6.7501 Y-2.1806 Z0.322
X6.7578 Y-2.1812 Z0.3221
X6.7655 Y-2.1816
X6.7733
X6.781 Y-2.1814
X6.7888 Y-2.1808
X6.7965 Y-2.1799 Z0.322
X6.8042 Y-2.1788 Z0.3221
X6.812 Y-2.1774 Z0.322
X6.8197 Y-2.1755 Z0.3221
X6.8275 Y-2.1735 Z0.322
X6.8352 Y-2.1711 Z0.3221
X6.8384 Y-2.17
X6.843 Y-2.1683
X6.8507 Y-2.1652
X6.8572 Y-2.1623
X6.8662 Y-2.1578
X6.8739 Y-2.1535
X6.8817 Y-2.1488 Z0.322
X6.8894 Y-2.1434 Z0.3221
X6.8953 Y-2.1391 Z0.322
X6.8972 Y-2.1376 Z0.3221
X6.9049 Y-2.1312 Z0.322
X6.9131 Y-2.1236 Z0.3221
X6.9206 Y-2.1159
X6.9275 Y-2.1082 Z0.322
X6.9336 Y-2.1005 Z0.3221
X6.9354 Y-2.0981 Z0.322
X6.9369 Y-2.0958 Z0.3219
X6.9383 Y-2.0934 Z0.3218
X6.941 Y-2.0886 Z0.3212
X6.9434 Y-2.0837 Z0.3203
X6.9457 Y-2.0787 Z0.3193
X6.9479 Y-2.0737 Z0.3181
X6.95 Y-2.0687 Z0.3168
X6.9561 Y-2.0536 Z0.3126
X6.9583 Y-2.0486 Z0.3112
X6.9606 Y-2.0437 Z0.3099
X6.9631 Y-2.0389 Z0.3088
X6.9657 Y-2.0341 Z0.3078
X6.9686 Y-2.0294 Z0.307
X6.9717 Y-2.0248 Z0.3065
X6.9751 Y-2.0204 Z0.3063
X6.9855 Y-2.0077 Z0.3062
X6.9919 Y-1.9999 Z0.3063
X6.9987 Y-1.9922
X7.0057 Y-1.9845 Z0.3062
X7.0133 Y-1.9763
X7.021 Y-1.9683
X7.0288 Y-1.9606
X7.0365 Y-1.9531 Z0.3063
X7.0443 Y-1.9458 Z0.3062
X7.0529 Y-1.9381
X7.0618 Y-1.9304
X7.0675 Y-1.9255
X7.0807 Y-1.9149
X7.0907 Y-1.9071 Z0.3063
X7.1013 Y-1.8994 Z0.3062
X7.112 Y-1.8917 Z0.3063
X7.1234 Y-1.884 Z0.3062
X7.1372 Y-1.8752 Z0.3063
X7.148 Y-1.8685
X7.1615 Y-1.8608 Z0.3062
X7.1681 Y-1.8571
X7.1759 Y-1.8529
X7.1836 Y-1.8488
X7.1991 Y-1.8411
X7.2068 Y-1.8375
X7.2223 Y-1.8306
X7.2301 Y-1.8273
X7.2378 Y-1.8242 Z0.3063
X7.2533 Y-1.8183 Z0.3062
X7.264 Y-1.8144
X7.2688 Y-1.8127
X7.2765 Y-1.8102
X7.292 Y-1.8054
X7.2997 Y-1.8031
X7.3154 Y-1.7989
X7.323 Y-1.797 Z0.3063
X7.3307 Y-1.7951 Z0.3062
X7.3384 Y-1.7934 Z0.3063
X7.3539 Y-1.7903 Z0.3062
X7.3617 Y-1.7888 Z0.3063
X7.3694 Y-1.7875 Z0.3062
X7.3849 Y-1.7852
X7.3926 Y-1.7841 Z0.3063
X7.4081 Y-1.7823 Z0.3062
X7.4236 Y-1.7809
X7.4314 Y-1.7803
X7.4468 Y-1.7796
X7.4623 Y-1.779
X7.4855 Y-1.7791
X7.4933 Y-1.7793
X7.501 Y-1.7796
X7.5165 Y-1.7805
X7.5243 Y-1.7811
X7.532 Y-1.7818
X7.5475 Y-1.7835
X7.5552 Y-1.7844 Z0.3063
X7.5707 Y-1.7866
X7.5862 Y-1.7892 Z0.3062
X7.5968 Y-1.7912 Z0.3063
X7.6172 Y-1.7957 Z0.3062
X7.6249 Y-1.7975 Z0.3063
X7.6404 Y-1.8016 Z0.3062
X7.6481 Y-1.8037 Z0.3063
X7.6581 Y-1.8067 Z0.3062
X7.6636 Y-1.8084 Z0.3063
X7.6816 Y-1.8144 Z0.3062
X7.6868 Y-1.8162 Z0.3063
X7.6946 Y-1.819 Z0.3062
G2 X7.741 Y-1.8385 I-0.2142 J-0.5759
G1 X7.7488 Y-1.8422
X7.7565 Y-1.846
X7.772 Y-1.854
X7.7797 Y-1.8582
X7.7875 Y-1.8626
X7.803 Y-1.8717
X7.8107 Y-1.8765
X7.8222 Y-1.884
X7.8339 Y-1.8918
X7.8417 Y-1.8973
X7.8572 Y-1.9087
X7.8651 Y-1.9149
X7.8746 Y-1.9226
X7.8881 Y-1.9338
X7.8959 Y-1.9401
X7.9036 Y-1.9459 Z0.3061
X7.9114 Y-1.9513
X7.9151 Y-1.9536
X7.9191 Y-1.956
X7.9268 Y-1.9602
X7.9346 Y-1.9641
X7.9423 Y-1.9675
X7.9462 Y-1.969
X7.9501 Y-1.9704
X7.9578 Y-1.9731
X7.9655 Y-1.9753
X7.9733 Y-1.9772
X7.981 Y-1.9788
X7.9888 Y-1.9801
X7.9965 Y-1.981
X8.0043 Y-1.9817
X8.012 Y-1.9819
X8.0197 Y-1.982
X8.0275 Y-1.9816
X8.0352 Y-1.981
X8.043 Y-1.9801
X8.0507 Y-1.9788
X8.0585 Y-1.9772 Z0.306
X8.0662 Y-1.9753 Z0.3061
X8.0739 Y-1.973
X8.0817 Y-1.9704
X8.0854 Y-1.969
X8.0894 Y-1.9674
X8.0972 Y-1.964
X8.1049 Y-1.9602
X8.1126 Y-1.9559
X8.1166 Y-1.9536
X8.1204 Y-1.9511
X8.1282 Y-1.9458
X8.1359 Y-1.94
X8.1382 Y-1.9381
X8.1436 Y-1.9335 Z0.3062
X8.1514 Y-1.9266
X8.1823 Y-1.8984
X8.1901 Y-1.8915
X8.2077 Y-1.8762
X8.2258 Y-1.8608
X8.2445 Y-1.8453
X8.2675 Y-1.8268
X8.2834 Y-1.8144
X8.3062 Y-1.797
X8.3217 Y-1.7855
X8.3294 Y-1.7798
X8.3526 Y-1.7633
X8.3681 Y-1.7524
X8.3914 Y-1.7367
X8.4146 Y-1.7214
X8.4533 Y-1.697
X8.4637 Y-1.6907
X8.4997 Y-1.6694
X8.5075 Y-1.665
X8.545 Y-1.6443
X8.5617 Y-1.6354
X8.5772 Y-1.6274
X8.5926 Y-1.6195
X8.6081 Y-1.6118
X8.6236 Y-1.6043
X8.6391 Y-1.597
X8.6546 Y-1.5898
X8.6623 Y-1.5862
X8.6884 Y-1.5747
X8.7064 Y-1.567
X8.7165 Y-1.5628
X8.7475 Y-1.5502
X8.7552 Y-1.5472
X8.7639 Y-1.5438
X8.8017 Y-1.5298
X8.8094 Y-1.527
X8.8559 Y-1.5112
X8.8714 Y-1.5063
X8.9023 Y-1.4967
X8.9101 Y-1.4944
X8.9333 Y-1.4878
X8.9565 Y-1.4814
X8.9797 Y-1.4754
X9.0107 Y-1.4679
X9.0339 Y-1.4626
X9.0572 Y-1.4577
X9.0804 Y-1.4529
X9.0959 Y-1.45
X9.1268 Y-1.4445
X9.1346 Y-1.4432
X9.1656 Y-1.4384
X9.1848 Y-1.4356
X9.1965 Y-1.434
X9.2352 Y-1.4293
X9.2507 Y-1.4277
X9.2817 Y-1.4248
X9.2894 Y-1.4241
X9.3049 Y-1.423
X9.3281 Y-1.4214
X9.3436 Y-1.4205
X9.3591 Y-1.4198
X9.3746 Y-1.4192
X9.3978 Y-1.4185
X9.4133 Y-1.4181
X9.421 Y-1.418
X9.452
X9.4675
X9.483 Y-1.4184
X9.5139 Y-1.4192
X9.5217 Y-1.4195
X9.5604 Y-1.4216
X9.5759 Y-1.4224 Z0.3061
X9.5836 Y-1.4227 Z0.3062
X9.5914 Y-1.4228
X9.5991 Y-1.4225 Z0.3061
X9.6068 Y-1.4219
X9.6146 Y-1.4211
X9.6223 Y-1.4198
X9.6301 Y-1.4183
X9.6378 Y-1.4165
X9.6456 Y-1.4142
X9.6533 Y-1.4117
X9.661 Y-1.4088
X9.6705 Y-1.4046
X9.6765 Y-1.4016
X9.6853 Y-1.3969
X9.692 Y-1.3928 Z0.3062
X9.6975 Y-1.3892 Z0.3061
X9.6998 Y-1.3875
X9.708 Y-1.3814
X9.7152 Y-1.3754
X9.7172 Y-1.3737
X9.723 Y-1.3683
X9.7253 Y-1.366
X9.7307 Y-1.3603
X9.7326 Y-1.3582
X9.7391 Y-1.3505
X9.745 Y-1.3428
X9.7503 Y-1.3351
X9.7551 Y-1.3273
X9.7593 Y-1.3196
X9.7617 Y-1.315
X9.7632 Y-1.3119
X9.7666 Y-1.3041
X9.7696 Y-1.2964
X9.7723 Y-1.2887 Z0.306
X9.7745 Y-1.2809 Z0.3061
X9.7764 Y-1.2732
X9.7781 Y-1.2655
X9.7828 Y-1.2423 Z0.3062
X9.7849 Y-1.2321 Z0.3063
X9.788 Y-1.2191
X9.792 Y-1.2036 Z0.3062
X9.7942 Y-1.1959 Z0.3063
X9.7965 Y-1.1882 Z0.3062
X9.8014 Y-1.1727 Z0.3063
X9.8039 Y-1.165
X9.8081 Y-1.1531 Z0.3062
X9.8124 Y-1.1418
X9.8159 Y-1.1329
X9.8186 Y-1.1263
X9.8254 Y-1.1108
X9.8289 Y-1.1031
X9.8326 Y-1.0954
X9.8403 Y-1.0799
X9.8468 Y-1.0675
X9.8623 Y-1.0403
X9.8661 Y-1.0335 Z0.3061
X9.8701 Y-1.0257
X9.8736 Y-1.0181
X9.8766 Y-1.0103
X9.8778 Y-1.007
X9.8793 Y-1.0026
X9.8817 Y-0.9949
X9.8837 Y-0.9871
X9.8856 Y-0.9785 Z0.306
X9.8867 Y-0.9717 Z0.3061
X9.8877 Y-0.964
X9.8885 Y-0.9562
X9.8889 Y-0.9485
Y-0.9408
X9.8887 Y-0.933
X9.8882 Y-0.9253
X9.8873 Y-0.9176 Z0.306
X9.8861 Y-0.9098 Z0.3061
X9.8846 Y-0.9021 Z0.306
X9.8828 Y-0.8944 Z0.3061
X9.8806 Y-0.8866
X9.8778 Y-0.8781
X9.8752 Y-0.8712
X9.872 Y-0.8634
X9.8682 Y-0.8557
X9.8641 Y-0.848
X9.8595 Y-0.8402
X9.8544 Y-0.8325
X9.8487 Y-0.8248
X9.8468 Y-0.8224
X9.8425 Y-0.8171
X9.8391 Y-0.8133
X9.8354 Y-0.8093
X9.8314 Y-0.8052
X9.8276 Y-0.8016
X9.8236 Y-0.7979
X9.8188 Y-0.7939
X9.8159 Y-0.7915
X9.8081 Y-0.7857
X9.8004 Y-0.7805
X9.7971 Y-0.7784
X9.7927 Y-0.7758
X9.7833 Y-0.7707
X9.7772 Y-0.7677
X9.7694 Y-0.7644
X9.7617 Y-0.7614
X9.7539 Y-0.7586 Z0.3062
X9.692 Y-0.7382
X9.6688 Y-0.731
X9.6217 Y-0.7165 Z0.3061
X9.5677 Y-0.7011 Z0.3062
X9.5527 Y-0.6968
X9.4985 Y-0.6824
X9.4812 Y-0.6779 Z0.3061
X9.4176 Y-0.6624 Z0.3062
X9.4056 Y-0.6596
X9.3436 Y-0.6459 Z0.3061
X9.3281 Y-0.6427 Z0.3062
X9.2724 Y-0.6315 Z0.3061
X9.2507 Y-0.6275 Z0.3062
X9.2043 Y-0.6191
X9.1965 Y-0.6178
X9.1346 Y-0.6079
X9.1268 Y-0.6067 Z0.3061
X9.0832 Y-0.6006 Z0.3062
X9.0572 Y-0.597
X9.0339 Y-0.5942
X8.9875 Y-0.5886
X8.972 Y-0.587
X8.9178 Y-0.5817
X8.9101 Y-0.5809 Z0.3061
X8.8404 Y-0.5755 Z0.3062
X8.8172 Y-0.5741
X8.7707 Y-0.5714
X8.7552 Y-0.5707
X8.6933 Y-0.5684
X8.6236 Y-0.5671
X8.6159 Y-0.5672 Z0.3061
X8.6081 Y-0.5675
X8.6004 Y-0.5682
X8.5926 Y-0.5692
X8.5849 Y-0.5705
X8.5772 Y-0.5721
X8.5694 Y-0.574
X8.5617 Y-0.5763
X8.5583 Y-0.5774
X8.5539 Y-0.5789
X8.5462 Y-0.5819
X8.5385 Y-0.5853
X8.5307 Y-0.5892
X8.523 Y-0.5935
X8.5152 Y-0.5982
X8.5117 Y-0.6006
X8.5075 Y-0.6036
X8.5012 Y-0.6083
X8.492 Y-0.616
X8.4838 Y-0.6238
X8.4765 Y-0.6315
X8.47 Y-0.6392
X8.464 Y-0.647
X8.4587 Y-0.6547
X8.4533 Y-0.6636
X8.4497 Y-0.6702
X8.4455 Y-0.6785
X8.4424 Y-0.6856
X8.4394 Y-0.6934
X8.4378 Y-0.6977
X8.4367 Y-0.7011
X8.4344 Y-0.7088
X8.4325 Y-0.7165
X8.4309 Y-0.7243
X8.4296 Y-0.732
X8.4286 Y-0.7397
X8.4274 Y-0.7552 Z0.3062
X8.4263 Y-0.7707
X8.4257 Y-0.7784 Z0.3063
X8.4248 Y-0.7861
X8.4238 Y-0.7939 Z0.3062
X8.4223 Y-0.8041 Z0.3063
X8.4214 Y-0.8093
X8.42 Y-0.8171
X8.4185 Y-0.8248
X8.4168 Y-0.8325
X8.4146 Y-0.8415
X8.4107 Y-0.8557 Z0.3062
X8.4068 Y-0.8684 Z0.3063
X8.4032 Y-0.8789 Z0.3062
X8.3991 Y-0.8903 Z0.3063
X8.3943 Y-0.9021 Z0.3062
X8.3909 Y-0.9098 Z0.3063
X8.3874 Y-0.9176
X8.3836 Y-0.9254 Z0.3062
X8.3797 Y-0.933
X8.3757 Y-0.9408 Z0.3063
X8.3714 Y-0.9485
X8.3668 Y-0.9562 Z0.3062
X8.3604 Y-0.9667 Z0.3063
X8.3571 Y-0.9717 Z0.3062
X8.3518 Y-0.9794
X8.3464 Y-0.9871 Z0.3063
X8.3407 Y-0.9949 Z0.3062
X8.3346 Y-1.0026
X8.3283 Y-1.0103 Z0.3063
X8.3217 Y-1.0181 Z0.3062
X8.3139 Y-1.0267 Z0.3063
X8.3062 Y-1.0349
X8.2985 Y-1.0425 Z0.3062
X8.2907 Y-1.0499 Z0.3063
X8.283 Y-1.0569 Z0.3062
X8.2741 Y-1.0645
X8.2675 Y-1.0699 Z0.3063
X8.2646 Y-1.0722 Z0.3062
X8.2597 Y-1.076 Z0.3061
X8.252 Y-1.0817 Z0.3062
X8.2436 Y-1.0877 Z0.3063
X8.2365 Y-1.0925 Z0.3062
X8.2288 Y-1.0975
X8.2196 Y-1.1031 Z0.3063
X8.2133 Y-1.1068
X8.2055 Y-1.1111 Z0.3062
X8.1978 Y-1.1153 Z0.3063
X8.1901 Y-1.1192 Z0.3062
X8.1823 Y-1.1229
X8.1746 Y-1.1265 Z0.3063
X8.1668 Y-1.1299
X8.1566 Y-1.134 Z0.3062
X8.1436 Y-1.1389 Z0.3063
X8.1352 Y-1.1418 Z0.3062
X8.1281 Y-1.144
X8.1204 Y-1.1464 Z0.3063
X8.1126 Y-1.1486
X8.1049 Y-1.1506 Z0.3062
X8.0972 Y-1.1525 Z0.3063
X8.0894 Y-1.1542
X8.0817 Y-1.1558
X8.0738 Y-1.1572 Z0.3062
X8.0662 Y-1.1585 Z0.3063
X8.0585 Y-1.1596
X8.0507 Y-1.1606 Z0.3062
X8.043 Y-1.1614
X8.0352 Y-1.1621 Z0.3063
X8.0275 Y-1.1627
X8.0197 Y-1.1631 Z0.3062
X8.012 Y-1.1634
X8.0043 Y-1.1635 Z0.3063
X7.9965 Y-1.1636 Z0.3062
X7.9888 Y-1.1634
X7.981 Y-1.1631 Z0.3063
X7.9733 Y-1.1627
X7.9655 Y-1.1621 Z0.3062
X7.9578 Y-1.1614
X7.9501 Y-1.1606 Z0.3063
X7.9423 Y-1.1596
X7.9346 Y-1.1584 Z0.3062
X7.9268 Y-1.1571 Z0.3063
X7.9191 Y-1.1557
X7.9114 Y-1.1541 Z0.3062
X7.9036 Y-1.1524
X7.8959 Y-1.1505 Z0.3063
X7.8881 Y-1.1485
X7.8804 Y-1.1463 Z0.3062
X7.8726 Y-1.1439 Z0.3063
X7.8649 Y-1.1415
X7.8572 Y-1.1388
X7.8494 Y-1.1359 Z0.3062
X7.8417 Y-1.1329 Z0.3063
X7.8339 Y-1.1297
X7.8261 Y-1.1263 Z0.3062
X7.8184 Y-1.1229
X7.8097 Y-1.1186 Z0.3063
X7.803 Y-1.1151 Z0.3062
X7.795 Y-1.1108
X7.7875 Y-1.1066 Z0.3063
X7.7797 Y-1.1021 Z0.3062
X7.772 Y-1.0973
X7.7643 Y-1.0923 Z0.3063
X7.7565 Y-1.087 Z0.3062
X7.7467 Y-1.0799 Z0.3063
X7.741 Y-1.0757
X7.7333 Y-1.0696 Z0.3062
X7.7255 Y-1.0633 Z0.3063
X7.7178 Y-1.0566
X7.7095 Y-1.049 Z0.3062
X7.7014 Y-1.0413 Z0.3063
X7.6937 Y-1.0335
X7.6864 Y-1.0258
X7.6791 Y-1.0177
X7.6714 Y-1.0086 Z0.3062
X7.6664 Y-1.0026
X7.6604 Y-0.9949 Z0.3063
X7.6548 Y-0.9871 Z0.3062
X7.6481 Y-0.9778 Z0.3063
X7.644 Y-0.9717
X7.6391 Y-0.964
X7.6326 Y-0.9535 Z0.3062
X7.6297 Y-0.9485 Z0.3063
X7.6249 Y-0.9396 Z0.3062
X7.6213 Y-0.933
X7.6172 Y-0.9248 Z0.3063
X7.6137 Y-0.9176 Z0.3062
X7.6094 Y-0.9082
X7.6068 Y-0.9021 Z0.3063
X7.6017 Y-0.8893 Z0.3062
X7.5978 Y-0.8789
X7.5952 Y-0.8712 Z0.3063
X7.5904 Y-0.8557 Z0.3062
X7.5882 Y-0.848 Z0.3063
X7.5861 Y-0.8402 Z0.3062
X7.5826 Y-0.8248
X7.579 Y-0.8093 Z0.3061
X7.5784 Y-0.8071
X7.577 Y-0.8016
X7.5746 Y-0.7939
X7.5718 Y-0.7861
X7.5707 Y-0.7833
X7.5687 Y-0.7784
X7.5651 Y-0.7707
X7.563 Y-0.7663
X7.5612 Y-0.7629
X7.5567 Y-0.7552
X7.5518 Y-0.7475
X7.5462 Y-0.7397 Z0.306
X7.5397 Y-0.7315 Z0.3061
X7.5334 Y-0.7243
X7.5259 Y-0.7165 Z0.306
X7.5243 Y-0.715 Z0.3061
X7.5165 Y-0.7081
X7.5077 Y-0.7011
X7.501 Y-0.6962
X7.4933 Y-0.6911
X7.4837 Y-0.6856
X7.4778 Y-0.6825
X7.4701 Y-0.6789
X7.4678 Y-0.6779
X7.4623 Y-0.6757
X7.4546 Y-0.6728
X7.4462 Y-0.6702
X7.4391 Y-0.6682
X7.4314 Y-0.6664
X7.4236 Y-0.665
X7.4159 Y-0.6639
X7.4081 Y-0.663
X7.3979 Y-0.6624
X7.3926 Y-0.6623
X7.3849 Y-0.6625 Z0.3062
X7.3772 Y-0.6627
X7.292 Y-0.6671
X7.2455 Y-0.6694
X7.1372 Y-0.6739
X7.1139 Y-0.6748
X7.0365 Y-0.6771
X6.9823 Y-0.6786
X6.9436 Y-0.6794
X6.8507 Y-0.6811
X6.8275 Y-0.6814 Z0.3061
X6.7655 Y-0.6818 Z0.3062
X6.7191 Y-0.6821
X6.6959 Z0.3061
X6.6262 Y-0.6819 Z0.3062
X6.5797 Y-0.6816
X6.5488 Y-0.6813 Z0.3061
X6.4946 Y-0.6805 Z0.3062
X6.4481 Y-0.6797
X6.4172 Y-0.6791
X6.3707 Y-0.6779
X6.3088 Y-0.6761
X6.2778 Y-0.6751
X6.2313 Y-0.6734
X6.1771 Y-0.6713
X6.1462 Y-0.6699 Z0.3061
X6.1075 Y-0.6681 Z0.3062
X6.0455 Y-0.665
X6.0146 Y-0.6633 Z0.3061
X5.9759 Y-0.6611 Z0.3062
X5.9139 Y-0.6572
X5.8747 Y-0.6547
X5.8442 Y-0.6526
X5.7746 Y-0.6475
X5.7359 Y-0.6446
X5.7049 Y-0.642
X5.643 Y-0.6368
X5.6042 Y-0.6335
X5.581 Y-0.6313
X5.5022 Y-0.6238
X5.4649 Y-0.6201
X5.4339 Y-0.6169
X5.341 Y-0.6069
X5.3178 Y-0.6043
X5.2094 Y-0.5914
X5.1862 Y-0.5886
X5.0623 Y-0.5725
X4.9384 Y-0.555
X4.9307 Y-0.554 Z0.3061
X4.9229 Y-0.553
X4.9152 Y-0.5522
X4.9075 Y-0.5517
X4.8997 Y-0.5515
X4.892 Y-0.5517
X4.8842 Y-0.5522
X4.8765 Y-0.5529
X4.8678 Y-0.5542
X4.861 Y-0.5554
X4.8533 Y-0.5572
X4.8455 Y-0.5592 Z0.306
X4.8371 Y-0.5619 Z0.3061
X4.83 Y-0.5645
X4.8223 Y-0.5677
X4.8146 Y-0.5712
X4.8068 Y-0.5752 Z0.3062
X4.803 Y-0.5774 Z0.3061
X4.7991 Y-0.5797
X4.7908 Y-0.5851
X4.7836 Y-0.5903
X4.7802 Y-0.5928
X4.7759 Y-0.5964 Z0.3062
X4.7681 Y-0.6032 Z0.3061
X4.7629 Y-0.6083
X4.7604 Y-0.6108
X4.7556 Y-0.616
X4.7526 Y-0.6194
X4.749 Y-0.6238
X4.7449 Y-0.6291
X4.7431 Y-0.6315
X4.7371 Y-0.6403
X4.7331 Y-0.647
X4.7288 Y-0.6547
X4.7249 Y-0.6624
X4.7215 Y-0.6702
X4.7185 Y-0.6779
X4.7159 Y-0.6856
X4.7136 Y-0.6934
X4.7116 Y-0.7011
X4.7101 Y-0.7088
X4.7087 Y-0.7165 Z0.306
X4.7078 Y-0.7243 Z0.3061
X4.7071 Y-0.732
X4.7068 Y-0.7397
X4.7067 Y-0.7475 Z0.3062
X4.7071 Y-0.7552 Z0.3061
X4.7077 Y-0.7629
X4.7086 Y-0.7707
X4.7098 Y-0.7784
X4.7114 Y-0.7861
X4.7133 Y-0.7939
X4.7155 Y-0.8016
X4.7181 Y-0.8093
X4.7217 Y-0.8186
X4.7244 Y-0.8248
X4.7282 Y-0.8325
X4.7294 Y-0.8348
X4.7324 Y-0.8402
X4.7371 Y-0.848
X4.7471 Y-0.8634 Z0.3062
X4.7526 Y-0.8722
X4.7565 Y-0.8789
X4.7607 Y-0.8866
X4.7647 Y-0.8944 Z0.3063
X4.7684 Y-0.9021 Z0.3062
X4.7718 Y-0.9098
X4.7759 Y-0.9194 Z0.3063
X4.7781 Y-0.9253
X4.7808 Y-0.933
X4.7836 Y-0.9415
X4.7857 Y-0.9485
X4.7878 Y-0.9562
X4.7897 Y-0.964
X4.7914 Y-0.9717
X4.7929 Y-0.9794
X4.7942 Y-0.9871
X4.7953 Y-0.9949
X4.7962 Y-1.0026 Z0.3062
X4.7969 Y-1.0103 Z0.3063
X4.7975 Y-1.0181
X4.7979 Y-1.0258 Z0.3062
X4.798 Y-1.0335
X4.7982 Y-1.049
X4.7984 Y-1.0567 Z0.3061
X4.7991 Y-1.0648
X4.7999 Y-1.0722
X4.8011 Y-1.0799
X4.8027 Y-1.0877
X4.8045 Y-1.0954
X4.8068 Y-1.1034
X4.8093 Y-1.1108
X4.8122 Y-1.1186
X4.8146 Y-1.1242
X4.8155 Y-1.1263
X4.8192 Y-1.134
X4.8234 Y-1.1418
X4.828 Y-1.1495
X4.83 Y-1.1526
X4.8332 Y-1.1572
X4.8378 Y-1.1634
X4.839 Y-1.165
X4.8455 Y-1.1729 Z0.306
X4.8533 Y-1.1813 Z0.3061
X4.861 Y-1.1887
X4.8693 Y-1.1959
X4.8765 Y-1.2015
X4.8842 Y-1.2069
X4.892 Y-1.2117
X4.8997 Y-1.2162
X4.9054 Y-1.2191 Z0.3062
X4.9075 Y-1.2201 Z0.3061
X4.9152 Y-1.2236 Z0.3062
X4.9229 Y-1.2268
X4.9629 Y-1.2423
X5.0236 Y-1.2657
X5.1242 Y-1.3061
X5.2249 Y-1.3481
X5.32 Y-1.3892
X5.3333 Y-1.395
X5.4262 Y-1.4367
X5.5235 Y-1.4819
X5.62 Y-1.5283
X5.643 Y-1.5397
X5.7204 Y-1.5782
X5.8188 Y-1.6288
X5.9139 Y-1.6794
X6.0068 Y-1.7303
X6.0223 Y-1.739
X6.1075 Y-1.7873
X6.1937 Y-1.8376
X6.2068 Y-1.8453
X6.2933 Y-1.8974
X6.3862 Y-1.955
X6.4791 Y-2.0143
X6.572 Y-2.0755
X6.6572 Y-2.1331
X6.6665 Y-2.1391 Z0.3061
X6.6726 Y-2.143
X6.6804 Y-2.1472
X6.6881 Y-2.1511
X6.6959 Y-2.1546
X6.7036 Y-2.1576
X6.7113 Y-2.1603
X6.7191 Y-2.1626
X6.7268 Y-2.1646
X6.7346 Y-2.1662
X6.7423 Y-2.1675
X6.7501 Y-2.1685
X6.7578 Y-2.1692
X6.7655 Y-2.1696 Z0.3062
X6.7733 Z0.3061
X6.781 Y-2.1693
X6.7888 Y-2.1687
X6.7965 Y-2.1678
X6.8042 Y-2.1665
X6.812 Y-2.165
X6.8228 Y-2.1623 Z0.306
X6.8275 Y-2.1609 Z0.3061
X6.8352 Y-2.1584
X6.8449 Y-2.1546
X6.8507 Y-2.152
X6.8584 Y-2.1483
X6.8612 Y-2.1468
X6.8662 Y-2.1441
X6.8743 Y-2.1391
X6.8817 Y-2.1342
X6.8894 Y-2.1284
X6.8972 Y-2.122
X6.9049 Y-2.1148
X6.9113 Y-2.1082
X6.9182 Y-2.1005
X6.9243 Y-2.0927
X6.9281 Y-2.0874
X6.9359 Y-2.0759 Z0.3062
X6.9451 Y-2.0618
X6.9513 Y-2.0525
X6.9557 Y-2.0463
X6.9668 Y-2.0311
X6.9729 Y-2.0231 Z0.3063
X6.9751 Y-2.0204
X6.9784 Y-2.016 Z0.306
X6.9816 Y-2.0115 Z0.3055
X6.9846 Y-2.0069 Z0.3047
X6.9875 Y-2.0022 Z0.3037
X6.9903 Y-1.9975 Z0.3025
X6.993 Y-1.9928 Z0.3012
X7.001 Y-1.9787 Z0.2969
X7.0038 Y-1.9741 Z0.2955
X7.0066 Y-1.9695 Z0.2942
X7.0096 Y-1.9649 Z0.2931
X7.0127 Y-1.9605 Z0.2921
X7.0162 Y-1.9562 Z0.2913
X7.0198 Y-1.9521 Z0.2908
X7.0236 Y-1.9481 Z0.2907
X7.0288 Y-1.9431
X7.0365 Y-1.936
X7.0443 Y-1.9289
X7.052 Y-1.9222 Z0.2906
X7.0606 Y-1.9149 Z0.2907
X7.0702 Y-1.9072
X7.0752 Y-1.9032
X7.083 Y-1.8973
X7.0907 Y-1.8915
X7.1012 Y-1.884
X7.1139 Y-1.8753
X7.1217 Y-1.8701
X7.1372 Y-1.8605
X7.1449 Y-1.8558
X7.1604 Y-1.847
X7.1633 Y-1.8453
X7.1781 Y-1.8376
X7.1836 Y-1.8347
X7.1936 Y-1.8299 Z0.2906
X7.2068 Y-1.8237 Z0.2907
X7.2223 Y-1.817
X7.2301 Y-1.8138
X7.2483 Y-1.8067
X7.261 Y-1.8022
X7.2705 Y-1.7989
X7.2843 Y-1.7946
X7.2955 Y-1.7912
X7.3152 Y-1.786
X7.3255 Y-1.7835
X7.3384 Y-1.7806
X7.3462 Y-1.779
X7.3635 Y-1.7757
X7.3772 Y-1.7736
X7.3849 Y-1.7725
X7.3926 Y-1.7714
X7.4081 Y-1.7697
X7.4159 Y-1.769
X7.4314 Y-1.7678
X7.4391 Y-1.7673
X7.4546 Y-1.7667 Z0.2906
X7.4623 Y-1.7665
X7.4778 Z0.2907
X7.4855
X7.4933 Y-1.7668 Z0.2906
X7.5088 Y-1.7674 Z0.2907
X7.5176 Y-1.768 Z0.2906
X7.532 Y-1.7691 Z0.2907
X7.5475 Y-1.7708
X7.5552 Y-1.7717
X7.5707 Y-1.7739
X7.5784 Y-1.7751
X7.5939 Y-1.7779
X7.6017 Y-1.7794
X7.6202 Y-1.7835
X7.6249 Y-1.7846
X7.6404 Y-1.7886
X7.6501 Y-1.7912
X7.6636 Y-1.7952
X7.6714 Y-1.7977
X7.6868 Y-1.8029
X7.6946 Y-1.8056
X7.7101 Y-1.8116
X7.7178 Y-1.8146
X7.7255 Y-1.8179 Z0.2906
X7.7354 Y-1.8221 Z0.2907
X7.741 Y-1.8247
X7.7565 Y-1.832
X7.7676 Y-1.8376
X7.7797 Y-1.8439
X7.7875 Y-1.8482 Z0.2906
X7.7961 Y-1.8531 Z0.2907
X7.803 Y-1.8571
X7.8107 Y-1.8618
X7.8216 Y-1.8685
X7.8339 Y-1.8767
X7.8417 Y-1.8819
X7.8494 Y-1.8874 Z0.2906
X7.8572 Y-1.8931 Z0.2907
X7.8656 Y-1.8994 Z0.2906
X7.8804 Y-1.911 Z0.2907
X7.8959 Y-1.9239 Z0.2906
X7.9038 Y-1.9304
X7.9114 Y-1.936 Z0.2905
X7.9144 Y-1.9381
X7.9191 Y-1.9412
X7.9268 Y-1.9459
X7.9346 Y-1.9501
X7.9423 Y-1.9537 Z0.2906
X7.9501 Y-1.957 Z0.2905
X7.9578 Y-1.9598
X7.9622 Y-1.9613 Z0.2906
X7.9733 Y-1.9643 Z0.2905
X7.981 Y-1.966
X7.9888 Y-1.9673
X7.9965 Y-1.9684
X8.0043 Y-1.9691
X8.012 Y-1.9694 Z0.2906
X8.0197
X8.0277 Y-1.969 Z0.2905
X8.0352 Y-1.9683
X8.043 Y-1.9674
X8.0507 Y-1.9659
X8.0585 Y-1.9643
X8.0662 Y-1.9622
X8.0693 Y-1.9613
X8.0739 Y-1.9597
X8.0817 Y-1.9569 Z0.2906
X8.0898 Y-1.9536 Z0.2905
X8.0972 Y-1.95
X8.1049 Y-1.9458
X8.1126 Y-1.9412
X8.1204 Y-1.936
X8.1281 Y-1.9301
X8.137 Y-1.9226 Z0.2906
X8.1456 Y-1.9149
X8.1746 Y-1.8885 Z0.2907
X8.1901 Y-1.8749 Z0.2906
X8.2133 Y-1.8549 Z0.2907
X8.2288 Y-1.8421 Z0.2906
X8.2443 Y-1.8294 Z0.2907
X8.2533 Y-1.8221
X8.2675 Y-1.8109 Z0.2906
X8.283 Y-1.7989 Z0.2907
X8.2931 Y-1.7912
X8.3139 Y-1.7756 Z0.2906
X8.3294 Y-1.7644 Z0.2907
X8.3526 Y-1.7479 Z0.2906
X8.3683 Y-1.7371 Z0.2907
X8.3991 Y-1.7165 Z0.2906
X8.4068 Y-1.7114
X8.4223 Y-1.7016
X8.4455 Y-1.6871
X8.4533 Y-1.6823
X8.492 Y-1.6594 Z0.2907
X8.505 Y-1.652 Z0.2906
X8.5329 Y-1.6366 Z0.2907
X8.5385 Y-1.6335
X8.5539 Y-1.6254 Z0.2906
X8.5772 Y-1.6133 Z0.2907
X8.5926 Y-1.6055 Z0.2906
X8.6159 Y-1.5941 Z0.2907
X8.624 Y-1.5902
X8.6468 Y-1.5796 Z0.2906
X8.6701 Y-1.569 Z0.2907
X8.701 Y-1.5556 Z0.2906
X8.7108 Y-1.5515 Z0.2907
X8.7492 Y-1.5361 Z0.2906
X8.7552 Y-1.5337 Z0.2907
X8.7707 Y-1.5279 Z0.2906
X8.8017 Y-1.5164 Z0.2907
X8.8172 Y-1.511 Z0.2906
X8.8481 Y-1.5005 Z0.2907
X8.8576 Y-1.4974 Z0.2906
X8.8946 Y-1.4859 Z0.2907
X8.9101 Y-1.4814 Z0.2906
X8.941 Y-1.4726 Z0.2907
X8.9565 Y-1.4685 Z0.2906
X8.9797 Y-1.4625
X8.9952 Y-1.4587 Z0.2907
X9.0185 Y-1.4533 Z0.2906
X9.0417 Y-1.4481 Z0.2907
X9.0726 Y-1.4417 Z0.2906
X9.0881 Y-1.4386 Z0.2907
X9.1268 Y-1.4318 Z0.2906
X9.1346 Y-1.4304 Z0.2907
X9.1733 Y-1.4246 Z0.2906
X9.181 Y-1.4234 Z0.2907
X9.1965 Y-1.4214 Z0.2906
X9.2352 Y-1.4167 Z0.2907
X9.2507 Y-1.4151 Z0.2906
X9.2817 Y-1.4122 Z0.2907
X9.3049 Y-1.4104 Z0.2906
X9.3281 Y-1.4088 Z0.2907
X9.3436 Y-1.408 Z0.2906
X9.3591 Y-1.4072
X9.3823 Y-1.4063 Z0.2907
X9.4056 Y-1.4058 Z0.2906
X9.421 Y-1.4055
X9.4288 Y-1.4054 Z0.2907
X9.4597 Y-1.4055 Z0.2906
X9.4752 Y-1.4056 Z0.2907
X9.4985 Y-1.4062 Z0.2906
X9.5139 Y-1.4067
X9.5294 Y-1.4073 Z0.2907
X9.5681 Y-1.4095 Z0.2906
X9.5759 Y-1.4099
X9.5836 Y-1.4102
X9.5914
X9.5991 Y-1.4099 Z0.2905
X9.6068 Y-1.4093
X9.6146 Y-1.4083
X9.6223 Y-1.407
X9.6332 Y-1.4046 Z0.2906
X9.6378 Y-1.4034 Z0.2905
X9.6456 Y-1.401
X9.6567 Y-1.3969 Z0.2906
X9.661 Y-1.3951
X9.6688 Y-1.3915
X9.6765 Y-1.3873
X9.6843 Y-1.3828
X9.692 Y-1.3777
X9.6998 Y-1.3719 Z0.2905
X9.7075 Y-1.3655
X9.7153 Y-1.3582 Z0.2906
X9.723 Y-1.3501
X9.7292 Y-1.3428
X9.735 Y-1.3351 Z0.2905
X9.7403 Y-1.3273
X9.7462 Y-1.3175
X9.7491 Y-1.3119 Z0.2906
X9.7529 Y-1.3041 Z0.2905
X9.7562 Y-1.2964
X9.7589 Y-1.2887
X9.7617 Y-1.28
X9.7635 Y-1.2732
X9.7653 Y-1.2655 Z0.2906
X9.7684 Y-1.25 Z0.2907
X9.7699 Y-1.2423
X9.7715 Y-1.2345
X9.7751 Y-1.2191
X9.7772 Y-1.2107
X9.7811 Y-1.1959
X9.7833 Y-1.1882
X9.7882 Y-1.1727
X9.7907 Y-1.165
X9.7961 Y-1.1495
X9.7989 Y-1.1418
X9.802 Y-1.134 Z0.2906
X9.805 Y-1.1263
X9.8083 Y-1.1186 Z0.2907
X9.8159 Y-1.1013
X9.8186 Y-1.0954
X9.8262 Y-1.0799
X9.8314 Y-1.0699 Z0.2906
X9.8343 Y-1.0645
X9.8391 Y-1.0556 Z0.2907
X9.8517 Y-1.0335 Z0.2906
X9.856 Y-1.0258 Z0.2905
X9.8597 Y-1.0181 Z0.2906
X9.8623 Y-1.0123
X9.8661 Y-1.0026 Z0.2905
X9.8686 Y-0.9949
X9.8701 Y-0.9898
X9.8725 Y-0.9794
X9.8739 Y-0.9717
X9.8751 Y-0.964
X9.8758 Y-0.9562
X9.8763 Y-0.9485 Z0.2906
X9.8764 Y-0.9408 Z0.2905
X9.8761 Y-0.933 Z0.2906
X9.8755 Y-0.9253 Z0.2905
X9.8746 Y-0.9176
X9.8733 Y-0.9098
X9.8717 Y-0.9021
X9.8698 Y-0.8944
X9.8674 Y-0.8866
X9.8647 Y-0.8789
X9.8616 Y-0.8712
X9.858 Y-0.8634 Z0.2906
X9.854 Y-0.8557 Z0.2905
X9.8495 Y-0.848
X9.8444 Y-0.8402
X9.8388 Y-0.8325 Z0.2906
X9.8325 Y-0.8248
X9.8254 Y-0.8171 Z0.2905
X9.8175 Y-0.8093
X9.8159 Y-0.8079 Z0.2906
X9.8081 Y-0.8014 Z0.2905
X9.8004 Y-0.7957
X9.7978 Y-0.7939
X9.7927 Y-0.7905 Z0.2906
X9.7849 Y-0.7858
X9.7772 Y-0.7817 Z0.2905
X9.7694 Y-0.7781 Z0.2906
X9.7617 Y-0.7748
X9.7539 Y-0.7719 Z0.2905
X9.7462 Y-0.7693 Z0.2906
X9.692 Y-0.7514
X9.6796 Y-0.7475
X9.6223 Y-0.7299
X9.6146 Y-0.7276
X9.549 Y-0.7088
X9.4906 Y-0.6934
X9.4752 Y-0.6894
X9.4133 Y-0.6743
X9.4056 Y-0.6725
X9.3436 Y-0.6587
X9.3359 Y-0.6571
X9.2857 Y-0.647
X9.2662 Y-0.6431
X9.2197 Y-0.6347
X9.1965 Y-0.6305
X9.1346 Y-0.6206
X9.1268 Y-0.6194
X9.1032 Y-0.616
X9.0572 Y-0.6097
X9.0417 Y-0.6077
X8.9813 Y-0.6006
X8.9178 Y-0.5943
X8.9101 Y-0.5936
X8.8404 Y-0.5881
X8.8249 Y-0.5871
X8.7707 Y-0.584
X8.7552 Y-0.5833
X8.6933 Y-0.5809
X8.6236 Y-0.5796
X8.6159 Y-0.5798
X8.6081 Y-0.5801 Z0.2905
X8.6004 Y-0.5809
X8.5926 Y-0.5819
X8.5849 Y-0.5833
X8.5767 Y-0.5851
X8.5694 Y-0.5871
X8.5617 Y-0.5895
X8.5527 Y-0.5928
X8.5462 Y-0.5957 Z0.2906
X8.5385 Y-0.5994 Z0.2905
X8.5361 Y-0.6006 Z0.2906
X8.5307 Y-0.6035 Z0.2905
X8.5229 Y-0.6083 Z0.2906
X8.5152 Y-0.6135
X8.5118 Y-0.616 Z0.2905
X8.5075 Y-0.6194
X8.4997 Y-0.626
X8.4939 Y-0.6315
X8.492 Y-0.6334
X8.4865 Y-0.6392
X8.4843 Y-0.6417
X8.4799 Y-0.647
X8.4765 Y-0.6513
X8.474 Y-0.6547 Z0.2906
X8.4687 Y-0.6624 Z0.2905
X8.464 Y-0.6702
X8.461 Y-0.6756 Z0.2906
X8.4561 Y-0.6856 Z0.2905
X8.4528 Y-0.6934
X8.45 Y-0.7011 Z0.2906
X8.4475 Y-0.7088 Z0.2905
X8.4454 Y-0.7165
X8.4437 Y-0.7243
X8.4423 Y-0.732
X8.4413 Y-0.7397
X8.4406 Y-0.7475 Z0.2906
X8.4395 Y-0.7629
X8.439 Y-0.7707 Z0.2907
X8.4378 Y-0.7828
X8.4375 Y-0.7861
X8.4365 Y-0.7939
X8.4354 Y-0.8016
X8.4342 Y-0.8093
X8.4313 Y-0.8248
X8.4296 Y-0.8325
X8.4278 Y-0.8402
X8.4259 Y-0.848
X8.4223 Y-0.8608
X8.4191 Y-0.8712
X8.4166 Y-0.8789
X8.411 Y-0.8944
X8.4068 Y-0.9047 Z0.2906
X8.4047 Y-0.9098 Z0.2907
X8.3977 Y-0.9253
X8.3939 Y-0.933
X8.3899 Y-0.9408
X8.3836 Y-0.9523
X8.3814 Y-0.9562
X8.3759 Y-0.9655
X8.3721 Y-0.9717
X8.3671 Y-0.9794 Z0.2906
X8.3604 Y-0.9892 Z0.2907
X8.3507 Y-1.0026 Z0.2906
X8.3445 Y-1.0103 Z0.2907
X8.3372 Y-1.0193
X8.3316 Y-1.0258
X8.3247 Y-1.0335
X8.3139 Y-1.0449
X8.3062 Y-1.0525
X8.3018 Y-1.0567
X8.2907 Y-1.0668
X8.283 Y-1.0734
X8.2751 Y-1.0799
X8.2675 Y-1.0859 Z0.2906
X8.2597 Y-1.0917 Z0.2907
X8.2443 Y-1.1025
X8.2365 Y-1.1075
X8.2288 Y-1.1123
X8.218 Y-1.1186
X8.2133 Y-1.1213
X8.1978 Y-1.1294
X8.1883 Y-1.134 Z0.2906
X8.1823 Y-1.1368 Z0.2907
X8.1668 Y-1.1435
X8.1591 Y-1.1466
X8.1512 Y-1.1495
X8.1436 Y-1.1522
X8.1359 Y-1.1548
X8.128 Y-1.1572
X8.1204 Y-1.1594
X8.1126 Y-1.1616
X8.1049 Y-1.1635
X8.0972 Y-1.1654 Z0.2908
X8.0817 Y-1.1686 Z0.2907
X8.0739 Y-1.1699
X8.0662 Y-1.1712
X8.0585 Y-1.1723
X8.0507 Y-1.1732
X8.043 Y-1.1741
X8.0275 Y-1.1753
X8.0197 Y-1.1757 Z0.2906
X8.012 Y-1.176 Z0.2907
X8.0043 Y-1.1761
X7.9965 Z0.2906
X7.9888 Y-1.176
X7.9733 Y-1.1753 Z0.2907
X7.9655 Y-1.1747
X7.9578 Y-1.174
X7.9501 Y-1.1732
X7.9346 Y-1.1712
X7.9268 Y-1.1699
X7.9191 Y-1.1685
X7.9114 Y-1.167
X7.902 Y-1.165
X7.8959 Y-1.1635
X7.8881 Y-1.1615
X7.8804 Y-1.1594
X7.8726 Y-1.1571
X7.8649 Y-1.1547
X7.8494 Y-1.1494
X7.8417 Y-1.1464
X7.8301 Y-1.1418
X7.8184 Y-1.1367
X7.8127 Y-1.134
X7.803 Y-1.1292
X7.7972 Y-1.1263
X7.7875 Y-1.121
X7.7831 Y-1.1186
X7.77 Y-1.1108
X7.7643 Y-1.1073
X7.7565 Y-1.1022
X7.7467 Y-1.0954
X7.741 Y-1.0914
X7.736 Y-1.0877
X7.7255 Y-1.0796
X7.7167 Y-1.0722
X7.7101 Y-1.0665 Z0.2908
X7.6993 Y-1.0567 Z0.2907
X7.6946 Y-1.0522 Z0.2908
X7.6837 Y-1.0413
X7.6764 Y-1.0335 Z0.2907
X7.6714 Y-1.0279 Z0.2908
X7.6629 Y-1.0181 Z0.2907
X7.6559 Y-1.0095
X7.6481 Y-0.9994 Z0.2908
X7.6448 Y-0.9949 Z0.2907
X7.6393 Y-0.9871
X7.6326 Y-0.9771
X7.6291 Y-0.9717
X7.6243 Y-0.964
X7.6197 Y-0.9562
X7.6154 Y-0.9485
X7.6112 Y-0.9408
X7.6072 Y-0.933
X7.6034 Y-0.9253
X7.5999 Y-0.9176
X7.5964 Y-0.9098
X7.5932 Y-0.9021
X7.5902 Y-0.8944
X7.5873 Y-0.8866
X7.5845 Y-0.8789
X7.5819 Y-0.8712
X7.5784 Y-0.8597
X7.5773 Y-0.8557
X7.5732 Y-0.8402
X7.5679 Y-0.8171 Z0.2906
X7.5661 Y-0.8093 Z0.2905
X7.563 Y-0.7987 Z0.2906
X7.5613 Y-0.7939
X7.5583 Y-0.7861 Z0.2905
X7.5548 Y-0.7784 Z0.2906
X7.551 Y-0.7707
X7.5467 Y-0.7629 Z0.2905
X7.5418 Y-0.7552
X7.5397 Y-0.7522
X7.5363 Y-0.7475
X7.532 Y-0.7419
X7.5302 Y-0.7397
X7.5243 Y-0.7329
X7.5165 Y-0.725
X7.5071 Y-0.7165
X7.501 Y-0.7118
X7.4971 Y-0.7088
X7.4933 Y-0.7062 Z0.2906
X7.4854 Y-0.7011 Z0.2905
X7.4778 Y-0.6967
X7.4701 Y-0.6928 Z0.2906
X7.4623 Y-0.6893 Z0.2905
X7.4546 Y-0.6862
X7.4468 Y-0.6836
X7.4391 Y-0.6813
X7.4314 Y-0.6793
X7.4236 Y-0.6778
X7.4159 Y-0.6765
X7.4081 Y-0.6757
X7.4004 Y-0.6751 Z0.2906
X7.3926 Y-0.6749
X7.3849 Y-0.675
X7.3772 Y-0.6753
X7.2533 Y-0.6817
X7.2068 Y-0.6836
X7.1217 Y-0.6871
X7.0907 Y-0.688
X6.9901 Y-0.691
X6.9668 Y-0.6915
X6.8662 Y-0.6934 Z0.2907
X6.8275 Y-0.6939 Z0.2906
X6.7346 Y-0.6946 Z0.2907
X6.6959 Y-0.6947 Z0.2905
X6.603 Y-0.6944 Z0.2907
X6.5565 Y-0.6939 Z0.2905
X6.4713 Y-0.6927 Z0.2907
X6.4249 Y-0.6918 Z0.2906
X6.3475 Y-0.6899 Z0.2907
X6.2855 Y-0.6879 Z0.2906
X6.2159 Y-0.6854 Z0.2907
X6.1462 Y-0.6825 Z0.2905
X6.0842 Y-0.6796 Z0.2907
X6.0146 Y-0.6758 Z0.2905
X5.9526 Y-0.6723 Z0.2907
X5.8752 Y-0.6673 Z0.2906
X5.8288 Y-0.6641 Z0.2907
X5.7436 Y-0.6577 Z0.2906
X5.6971 Y-0.654 Z0.2907
X5.6042 Y-0.646 Z0.2906
X5.5655 Y-0.6425 Z0.2907
X5.4649 Y-0.6327 Z0.2906
X5.4339 Y-0.6295 Z0.2907
X5.3333 Y-0.6186 Z0.2906
X5.31 Y-0.616 Z0.2907
X5.1939 Y-0.6022 Z0.2906
X5.1784 Y-0.6003
X5.0622 Y-0.5851
X5.0468 Y-0.583
X4.9307 Y-0.5666
X4.9229 Y-0.5657
X4.9152 Y-0.5648 Z0.2905
X4.9075 Y-0.5643 Z0.2906
X4.8997 Y-0.5641
X4.892 Y-0.5643
X4.8842 Y-0.5648 Z0.2905
X4.8765 Y-0.5656
X4.8688 Y-0.5668
X4.861 Y-0.5683
X4.8533 Y-0.5702
X4.8455 Y-0.5724
X4.8378 Y-0.575
X4.83 Y-0.578
X4.8223 Y-0.5815 Z0.2906
X4.8146 Y-0.5854
X4.8068 Y-0.5897 Z0.2905
X4.7991 Y-0.5947
X4.7908 Y-0.6006 Z0.2906
X4.7836 Y-0.6063
X4.7759 Y-0.6132 Z0.2905
X4.7729 Y-0.616
X4.7681 Y-0.6209
X4.7604 Y-0.6297
X4.7589 Y-0.6315 Z0.2906
X4.7526 Y-0.6398 Z0.2905
X4.7479 Y-0.647
X4.7449 Y-0.6518
X4.7432 Y-0.6547 Z0.2906
X4.739 Y-0.6624
X4.7352 Y-0.6702 Z0.2905
X4.732 Y-0.6779
X4.7292 Y-0.6856
X4.7267 Y-0.6934
X4.7246 Y-0.7011
X4.7228 Y-0.7088
X4.7215 Y-0.7165
X4.7205 Y-0.7243
X4.7197 Y-0.732
X4.7194 Y-0.7397 Z0.2906
X4.7193 Y-0.7475
X4.7196 Y-0.7552 Z0.2905
X4.7203 Y-0.7629
X4.7213 Y-0.7707
X4.7226 Y-0.7784
X4.7243 Y-0.7861
X4.7263 Y-0.7939
X4.7294 Y-0.8037
X4.7316 Y-0.8093 Z0.2906
X4.7347 Y-0.8171
X4.7384 Y-0.8248 Z0.2905
X4.7425 Y-0.8325 Z0.2906
X4.7449 Y-0.8367 Z0.2905
X4.7521 Y-0.848 Z0.2906
X4.7571 Y-0.8557 Z0.2907
X4.762 Y-0.8634
X4.7666 Y-0.8712
X4.7708 Y-0.8789
X4.7759 Y-0.8886
X4.7787 Y-0.8944
X4.7836 Y-0.9052
X4.7855 Y-0.9098
X4.7886 Y-0.9176
X4.7914 Y-0.9253
X4.7941 Y-0.933 Z0.2908
X4.7965 Y-0.9408 Z0.2907
X4.7991 Y-0.9498
X4.8007 Y-0.9562
X4.8026 Y-0.964
X4.8042 Y-0.9717
X4.8056 Y-0.9794
X4.8069 Y-0.9871 Z0.2908
X4.808 Y-0.9949 Z0.2907
X4.8089 Y-1.0026
X4.8095 Y-1.0103
X4.8101 Y-1.0181
X4.8104 Y-1.0258
X4.8106 Y-1.0335
X4.8108 Y-1.049 Z0.2906
X4.811 Y-1.0567 Z0.2905
X4.8117 Y-1.0645
X4.8127 Y-1.0722
X4.8139 Y-1.0799
X4.8156 Y-1.0877
X4.8176 Y-1.0954
X4.8199 Y-1.1031
X4.8227 Y-1.1108
X4.8258 Y-1.1186 Z0.2906
X4.8294 Y-1.1263 Z0.2905
X4.8335 Y-1.134 Z0.2906
X4.8381 Y-1.1418
X4.8432 Y-1.1495
X4.8488 Y-1.1572 Z0.2905
X4.8553 Y-1.165
X4.8625 Y-1.1727
X4.8688 Y-1.1787
X4.8765 Y-1.1855
X4.8842 Y-1.1916
X4.892 Y-1.1969 Z0.2906
X4.8997 Y-1.2017 Z0.2905
X4.9031 Y-1.2036
X4.9075 Y-1.206 Z0.2906
X4.9152 Y-1.2099 Z0.2905
X4.9186 Y-1.2114 Z0.2906
X4.9307 Y-1.2164
X5.0236 Y-1.2523
X5.0391 Y-1.2584
X5.1242 Y-1.2926
X5.1397 Y-1.2989
X5.2326 Y-1.3377
X5.3336 Y-1.3814
X5.4262 Y-1.423
X5.4417 Y-1.4301
X5.5268 Y-1.4697
X5.5578 Y-1.4845
X5.6275 Y-1.518
X5.7204 Y-1.5642
X5.7281 Y-1.5681
X5.821 Y-1.6159
X5.8442 Y-1.6281
X5.9217 Y-1.6693
X6.0171 Y-1.7216
X6.1075 Y-1.7728
X6.123 Y-1.7817
X6.2081 Y-1.8315
X6.2954 Y-1.884
X6.3088 Y-1.8922
X6.3952 Y-1.9458
X6.4868 Y-2.0044
X6.5741 Y-2.0618
X6.5952 Y-2.076
X6.6649 Y-2.1231
X6.6726 Y-2.1281
X6.6778 Y-2.1314 Z0.2905
X6.6804 Y-2.1329
X6.6881 Y-2.1371
X6.6921 Y-2.1391 Z0.2906
X6.6959 Y-2.1408
X6.7036 Y-2.1441 Z0.2905
X6.7113 Y-2.1471
X6.7191 Y-2.1495
X6.7268 Y-2.1516
X6.7346 Y-2.1534
X6.7423 Y-2.1548
X6.7501 Y-2.1558
X6.7578 Y-2.1566
X6.7655 Y-2.157 Z0.2906
X6.7733
X6.781 Y-2.1567 Z0.2905
X6.7888 Y-2.156
X6.7965 Y-2.1551
X6.8042 Y-2.1538
X6.812 Y-2.1521
X6.8197 Y-2.1501
X6.8301 Y-2.1468 Z0.2906
X6.8352 Y-2.1449
X6.843 Y-2.1417 Z0.2905
X6.8507 Y-2.1381
X6.8584 Y-2.134 Z0.2906
X6.8629 Y-2.1314 Z0.2905
X6.8662 Y-2.1294
X6.8739 Y-2.1243
X6.8817 Y-2.1185 Z0.2906
X6.8848 Y-2.1159 Z0.2905
X6.8894 Y-2.112
X6.8936 Y-2.1082
X6.8972 Y-2.1047
X6.9014 Y-2.1005
X6.9083 Y-2.0927
X6.9144 Y-2.085 Z0.2906
X6.9204 Y-2.0765
X6.9281 Y-2.0648
X6.9359 Y-2.053 Z0.2907
X6.9458 Y-2.0386 Z0.2906
X6.9513 Y-2.0309 Z0.2907
X6.9591 Y-2.0206
X6.963 Y-2.0154
X6.9692 Y-2.0077
X6.9755 Y-1.9999
X6.9823 Y-1.9919
X6.9901 Y-1.9831
X6.9957 Y-1.9768
X7.0055 Y-1.9663
X7.0103 Y-1.9613
X7.0133 Y-1.9582
X7.0236 Y-1.9481
X7.0275 Y-1.9441 Z0.2905
X7.0312 Y-1.94 Z0.2901
X7.0347 Y-1.9358 Z0.2894
X7.0381 Y-1.9314 Z0.2885
X7.0414 Y-1.927 Z0.2874
X7.0447 Y-1.9226 Z0.2863
X7.0542 Y-1.9094 Z0.2823
X7.0575 Y-1.9051 Z0.2811
X7.0609 Y-1.9009 Z0.2798
X7.0644 Y-1.8967 Z0.2787
X7.0681 Y-1.8927 Z0.2778
X7.072 Y-1.8888 Z0.2771
X7.0761 Y-1.8852 Z0.2766
X7.0804 Y-1.8818 Z0.2764
X7.0907 Y-1.8743
X7.099 Y-1.8685
X7.1062 Y-1.8636
X7.1139 Y-1.8585
X7.1294 Y-1.8488
X7.1372 Y-1.8441
X7.1526 Y-1.8353
X7.1627 Y-1.8299
X7.1776 Y-1.8221
X7.1936 Y-1.8144 Z0.2763
X7.1991 Y-1.8118 Z0.2764
X7.2146 Y-1.8051
X7.2223 Y-1.8018
X7.2378 Y-1.7957
X7.2455 Y-1.7928
X7.261 Y-1.7874
X7.2688 Y-1.7848
X7.2843 Y-1.78
X7.292 Y-1.7777
X7.3075 Y-1.7736
X7.3152 Y-1.7715
X7.323 Y-1.7697
X7.3384 Y-1.7663
X7.3539 Y-1.7633
X7.3617 Y-1.7619
X7.3772 Y-1.7595
X7.3849 Y-1.7583
X7.4004 Y-1.7565
X7.4081 Y-1.7556
X7.4236 Y-1.7543 Z0.2763
X7.4314 Y-1.7538 Z0.2764
X7.4391 Y-1.7533
X7.4592 Y-1.7525
X7.4623 Z0.2763
X7.4855 Z0.2764
X7.4933 Y-1.7528 Z0.2763
X7.5088 Y-1.7534 Z0.2764
X7.5243 Y-1.7545
X7.532 Y-1.7551
X7.5475 Y-1.7567
X7.5552 Y-1.7576
X7.5707 Y-1.7598
X7.5784 Y-1.761
X7.5862 Y-1.7623
X7.6017 Y-1.7652
X7.6094 Y-1.7668
X7.6249 Y-1.7702
X7.6326 Y-1.7721
X7.6481 Y-1.7762
X7.6559 Y-1.7783
X7.6714 Y-1.783
X7.6791 Y-1.7855
X7.6957 Y-1.7912
X7.7023 Y-1.7936
X7.7178 Y-1.7996
X7.7255 Y-1.8027
X7.7348 Y-1.8067
X7.741 Y-1.8094
X7.7565 Y-1.8165
X7.7643 Y-1.8202
X7.772 Y-1.8241
X7.7875 Y-1.8322
X7.7972 Y-1.8376 Z0.2763
X7.803 Y-1.8409 Z0.2764
X7.8107 Y-1.8454
X7.8232 Y-1.8531
X7.8262 Y-1.8549
X7.8352 Y-1.8608
X7.8494 Y-1.8703
X7.8578 Y-1.8762 Z0.2763
X7.8684 Y-1.884 Z0.2764
X7.8726 Y-1.8872
X7.8883 Y-1.8994
X7.9069 Y-1.9149 Z0.2763
X7.9114 Y-1.9185
X7.9167 Y-1.9226 Z0.2762
X7.9191 Y-1.9243 Z0.2763
X7.9268 Y-1.9296 Z0.2762
X7.9346 Y-1.9342
X7.9423 Y-1.9383
X7.9501 Y-1.9418
X7.9578 Y-1.9449
X7.9655 Y-1.9477 Z0.2763
X7.9733 Y-1.9499 Z0.2762
X7.981 Y-1.9517
X7.9888 Y-1.9532
X7.9912 Y-1.9536
X7.9965 Y-1.9543
X8.0043 Y-1.955 Z0.2763
X8.012 Y-1.9554
X8.0197
X8.0275 Y-1.955 Z0.2762
X8.0352 Y-1.9542
X8.0406 Y-1.9536
X8.0507 Y-1.9517
X8.0585 Y-1.9498
X8.0662 Y-1.9476 Z0.2763
X8.0739 Y-1.9449 Z0.2762
X8.0817 Y-1.9418
X8.0896 Y-1.9381
X8.0972 Y-1.9341
X8.1035 Y-1.9304
X8.1049 Y-1.9295
X8.1126 Y-1.9243
X8.1204 Y-1.9183
X8.1281 Y-1.9118 Z0.2763
X8.1418 Y-1.8994
X8.1673 Y-1.8762 Z0.2764
X8.185 Y-1.8608 Z0.2763
X8.203 Y-1.8453 Z0.2764
X8.2133 Y-1.8367 Z0.2763
X8.2311 Y-1.8221 Z0.2764
X8.2405 Y-1.8144
X8.252 Y-1.8053 Z0.2763
X8.2701 Y-1.7912
X8.2801 Y-1.7835 Z0.2764
X8.3062 Y-1.764 Z0.2763
X8.3219 Y-1.7525 Z0.2764
X8.3449 Y-1.7363 Z0.2763
X8.3604 Y-1.7255 Z0.2764
X8.3914 Y-1.7049 Z0.2763
X8.4012 Y-1.6984 Z0.2764
X8.4381 Y-1.6752 Z0.2763
X8.4455 Y-1.6706 Z0.2764
X8.4843 Y-1.6477
X8.492 Y-1.6433 Z0.2763
X8.5307 Y-1.6218 Z0.2764
X8.5467 Y-1.6134 Z0.2763
X8.5694 Y-1.6015 Z0.2764
X8.5849 Y-1.5937 Z0.2763
X8.6004 Y-1.5861
X8.6159 Y-1.5786 Z0.2764
X8.6407 Y-1.567 Z0.2763
X8.6623 Y-1.5572 Z0.2764
X8.6933 Y-1.5437 Z0.2763
X8.7088 Y-1.5372 Z0.2764
X8.7397 Y-1.5248 Z0.2763
X8.7503 Y-1.5206 Z0.2764
X8.763 Y-1.5158
X8.7939 Y-1.5044
X8.8017 Y-1.5016
X8.8404 Y-1.4884
X8.8481 Y-1.4858
X8.8636 Y-1.4809 Z0.2763
X8.8946 Y-1.4713 Z0.2764
X8.9113 Y-1.4665 Z0.2763
X8.941 Y-1.4581 Z0.2764
X8.9643 Y-1.452 Z0.2763
X8.9875 Y-1.4462 Z0.2764
X9.0107 Y-1.4407 Z0.2763
X9.0339 Y-1.4354 Z0.2764
X9.0572 Y-1.4306 Z0.2763
X9.0804 Y-1.4259 Z0.2764
X9.0881 Y-1.4244
X9.1268 Y-1.4176 Z0.2763
X9.1346 Y-1.4163 Z0.2764
X9.1733 Y-1.4104 Z0.2763
X9.181 Y-1.4093 Z0.2764
X9.1965 Y-1.4073 Z0.2763
X9.2275 Y-1.4035 Z0.2764
X9.2352 Y-1.4026
X9.2585 Y-1.4003 Z0.2763
X9.2817 Y-1.3981 Z0.2764
X9.3049 Y-1.3964 Z0.2763
X9.3281 Y-1.3948 Z0.2764
X9.3514 Y-1.3936 Z0.2763
X9.3668 Y-1.3929
X9.3823 Y-1.3924 Z0.2764
X9.4056 Y-1.3918 Z0.2763
X9.421 Y-1.3915 Z0.2764
X9.4288 Y-1.3914
X9.4597 Y-1.3915 Z0.2763
X9.4752 Y-1.3916
X9.5062 Y-1.3925
X9.5217 Y-1.393
X9.5294 Y-1.3933 Z0.2764
X9.5681 Y-1.3955 Z0.2763
X9.5759 Y-1.3959
X9.5836 Y-1.3962
X9.5914 Y-1.3963
X9.5991 Y-1.3959 Z0.2762
X9.6068 Y-1.3952
X9.6146 Y-1.3941
X9.6223 Y-1.3927
X9.6301 Y-1.391 Z0.2763
X9.6378 Y-1.3888 Z0.2762
X9.6456 Y-1.3862
X9.6533 Y-1.3832
X9.661 Y-1.3797 Z0.2763
X9.6688 Y-1.3756
X9.6722 Y-1.3737 Z0.2762
X9.6765 Y-1.3711 Z0.2763
X9.6843 Y-1.366
X9.692 Y-1.3602 Z0.2762
X9.6998 Y-1.3537
X9.7031 Y-1.3505
X9.7075 Y-1.3462
X9.7107 Y-1.3428 Z0.2763
X9.7152 Y-1.3377 Z0.2762
X9.7174 Y-1.3351
X9.7234 Y-1.3273
X9.7287 Y-1.3196
X9.7333 Y-1.3119
X9.7374 Y-1.3041
X9.7385 Y-1.3019
X9.741 Y-1.2964
X9.7441 Y-1.2887
X9.7468 Y-1.2809
X9.749 Y-1.2732
X9.7509 Y-1.2655
X9.7539 Y-1.2511 Z0.2763
X9.7572 Y-1.2345 Z0.2764
X9.7607 Y-1.2191
X9.7626 Y-1.2114
X9.7667 Y-1.1959
X9.7694 Y-1.1859
X9.7735 Y-1.1727
X9.7772 Y-1.1613
X9.784 Y-1.1418
X9.787 Y-1.134
X9.7927 Y-1.1197
X9.7964 Y-1.1108
X9.8032 Y-1.0954
X9.8081 Y-1.0851
X9.8144 Y-1.0722
X9.8184 Y-1.0645 Z0.2763
X9.8236 Y-1.0547 Z0.2764
X9.8268 Y-1.049
X9.84 Y-1.0258 Z0.2763
X9.8442 Y-1.0181 Z0.2762
X9.8479 Y-1.0103 Z0.2763
X9.8511 Y-1.0026 Z0.2762
X9.8539 Y-0.9949
X9.8563 Y-0.9871
X9.8582 Y-0.9794
X9.8597 Y-0.9717
X9.861 Y-0.964
X9.8618 Y-0.9562
X9.8623 Y-0.9485 Z0.2763
X9.8624 Y-0.9408
X9.8621 Y-0.933
X9.8614 Y-0.9253 Z0.2762
X9.8604 Y-0.9176
X9.859 Y-0.9098
X9.8573 Y-0.9021
X9.8551 Y-0.8944
X9.8526 Y-0.8866
X9.8496 Y-0.8789 Z0.2763
X9.8462 Y-0.8712 Z0.2762
X9.8423 Y-0.8634
X9.8379 Y-0.8557
X9.8328 Y-0.848
X9.8314 Y-0.846
X9.8271 Y-0.8402 Z0.2763
X9.8236 Y-0.836 Z0.2762
X9.8206 Y-0.8325 Z0.2763
X9.8159 Y-0.8273 Z0.2762
X9.8081 Y-0.8198
X9.8004 Y-0.8132
X9.7927 Y-0.8074
X9.7849 Y-0.8021 Z0.2763
X9.7772 Y-0.7976
X9.7694 Y-0.7935 Z0.2762
X9.7617 Y-0.7899
X9.752 Y-0.7861 Z0.2763
X9.7462 Y-0.784
X9.6822 Y-0.7629
X9.6223 Y-0.7445
X9.6146 Y-0.7422
X9.5914 Y-0.7355
X9.5449 Y-0.7222
X9.4907 Y-0.7079
X9.4752 Y-0.7038
X9.4365 Y-0.6943
X9.4056 Y-0.6869
X9.3654 Y-0.6779
X9.3359 Y-0.6714
X9.2894 Y-0.662
X9.2662 Y-0.6574
X9.2352 Y-0.6517
X9.1965 Y-0.6447
X9.1625 Y-0.6392
X9.1268 Y-0.6336
X9.1114 Y-0.6313
X9.0572 Y-0.6238
X9.0494 Y-0.6227
X8.9875 Y-0.6154
X8.9797 Y-0.6145
X8.9175 Y-0.6083
X8.9101 Y-0.6076
X8.8481 Y-0.6027
X8.8326 Y-0.6016
X8.7707 Y-0.598
X8.763 Y-0.5976
X8.701 Y-0.5952
X8.6933 Y-0.5949
X8.6236 Y-0.5936
X8.6159 Y-0.5938
X8.6081 Y-0.5942 Z0.2762
X8.6004 Y-0.5949
X8.5926 Y-0.5961
X8.5849 Y-0.5976
X8.5772 Y-0.5995
X8.5732 Y-0.6006
X8.5694 Y-0.6017
X8.5617 Y-0.6044
X8.5539 Y-0.6075
X8.5522 Y-0.6083 Z0.2763
X8.5462 Y-0.6111 Z0.2762
X8.537 Y-0.616
X8.5307 Y-0.6199 Z0.2763
X8.5249 Y-0.6238
X8.523 Y-0.6252
X8.5148 Y-0.6315 Z0.2762
X8.5075 Y-0.6379
X8.4997 Y-0.6456
X8.4984 Y-0.647
X8.4917 Y-0.6547
X8.4857 Y-0.6624 Z0.2763
X8.4803 Y-0.6702
X8.4757 Y-0.6779 Z0.2762
X8.4716 Y-0.6856
X8.4688 Y-0.6916 Z0.2763
X8.4649 Y-0.7011 Z0.2762
X8.4622 Y-0.7088
X8.461 Y-0.7125
X8.4599 Y-0.7165
X8.458 Y-0.7243
X8.4565 Y-0.732
X8.4554 Y-0.7397
X8.4546 Y-0.7475
X8.4535 Y-0.7629 Z0.2763
X8.453 Y-0.7707 Z0.2764
X8.4523 Y-0.7784
X8.4515 Y-0.7861
X8.4506 Y-0.7939
X8.4495 Y-0.8016
X8.4483 Y-0.8093
X8.447 Y-0.8171
X8.4455 Y-0.8248
X8.4439 Y-0.8325
X8.4422 Y-0.8402
X8.4403 Y-0.848
X8.4378 Y-0.8573
X8.4361 Y-0.8634
X8.4337 Y-0.8712
X8.4301 Y-0.8826
X8.4259 Y-0.8944
X8.4223 Y-0.9036
X8.4198 Y-0.9098 Z0.2763
X8.4165 Y-0.9176 Z0.2764
X8.4095 Y-0.933
X8.4056 Y-0.9408
X8.4016 Y-0.9485
X8.3974 Y-0.9562
X8.3931 Y-0.964
X8.3885 Y-0.9717
X8.3836 Y-0.9796
X8.3787 Y-0.9871 Z0.2763
X8.3734 Y-0.9949 Z0.2764
X8.3623 Y-1.0103 Z0.2763
X8.3604 Y-1.0129
X8.3526 Y-1.0225 Z0.2764
X8.35 Y-1.0258
X8.3434 Y-1.0335
X8.3366 Y-1.0413
X8.3293 Y-1.049
X8.3217 Y-1.0569
X8.3139 Y-1.0645
X8.3056 Y-1.0722
X8.297 Y-1.0799
X8.2907 Y-1.0852
X8.283 Y-1.0915
X8.2752 Y-1.0976 Z0.2763
X8.2675 Y-1.1033 Z0.2764
X8.252 Y-1.1141
X8.2443 Y-1.1191
X8.2365 Y-1.1239
X8.2288 Y-1.1285
X8.221 Y-1.133
X8.2044 Y-1.1418
X8.1978 Y-1.145
X8.1881 Y-1.1495
X8.1746 Y-1.1554
X8.1702 Y-1.1572
X8.1591 Y-1.1615
X8.1494 Y-1.165
X8.1436 Y-1.1669
X8.1359 Y-1.1694
X8.1248 Y-1.1727
X8.1204 Y-1.1739
X8.1126 Y-1.176
X8.1049 Y-1.1779
X8.0972 Y-1.1796
X8.0817 Y-1.1828
X8.0739 Y-1.1841
X8.0662 Y-1.1853
X8.0585 Y-1.1864
X8.0507 Y-1.1873
X8.0424 Y-1.1882
X8.0275 Y-1.1893
X8.0197 Y-1.1897 Z0.2763
X8.012 Y-1.19 Z0.2764
X8.0043
X7.9965 Y-1.1901 Z0.2763
X7.9888 Y-1.19 Z0.2764
X7.9733 Y-1.1893
X7.9655 Y-1.1888
X7.9578 Y-1.1881
X7.9501 Y-1.1873
X7.9346 Y-1.1853
X7.9268 Y-1.184
X7.9191 Y-1.1827
X7.9114 Y-1.1812
X7.9036 Y-1.1796
X7.8959 Y-1.1779
X7.8804 Y-1.1739
X7.8726 Y-1.1717
X7.8649 Y-1.1693
X7.8572 Y-1.1668
X7.8494 Y-1.1642
X7.8417 Y-1.1614
X7.8311 Y-1.1572
X7.8262 Y-1.1553
X7.8129 Y-1.1495
X7.8107 Y-1.1485
X7.803 Y-1.1448
X7.7952 Y-1.141
X7.7875 Y-1.1369
X7.7797 Y-1.1327
X7.7686 Y-1.1263
X7.7643 Y-1.1237
X7.756 Y-1.1186
X7.7488 Y-1.1138
X7.7443 Y-1.1108
X7.7333 Y-1.103
X7.7231 Y-1.0954
X7.7178 Y-1.0913
X7.7134 Y-1.0877
X7.7023 Y-1.0783
X7.6946 Y-1.0713
X7.6868 Y-1.0641 Z0.2765
X7.6791 Y-1.0565 Z0.2764
X7.6714 Y-1.0486
X7.6636 Y-1.0402
X7.6559 Y-1.0314
X7.6511 Y-1.0258
X7.6481 Y-1.0222
X7.6449 Y-1.0181
X7.6389 Y-1.0103
X7.6326 Y-1.0018
X7.6277 Y-0.9949
X7.6225 Y-0.9871
X7.6172 Y-0.979
X7.6126 Y-0.9717
X7.608 Y-0.964
X7.6017 Y-0.9526
X7.5995 Y-0.9485
X7.5939 Y-0.9376
X7.5917 Y-0.933
X7.588 Y-0.9253
X7.5846 Y-0.9176
X7.5813 Y-0.9098
X7.5752 Y-0.8944
X7.5724 Y-0.8866
X7.5698 Y-0.8789
X7.5673 Y-0.8712
X7.565 Y-0.8634
X7.5628 Y-0.8557
X7.5588 Y-0.8402
X7.5552 Y-0.8241 Z0.2763
X7.5535 Y-0.8171 Z0.2762
X7.5515 Y-0.8093
X7.5492 Y-0.8016
X7.5463 Y-0.7939
X7.543 Y-0.7861 Z0.2763
X7.5393 Y-0.7784
X7.535 Y-0.7707 Z0.2762
X7.5301 Y-0.7629
X7.5243 Y-0.7548
X7.5184 Y-0.7475
X7.5165 Y-0.7453
X7.5114 Y-0.7397
X7.5088 Y-0.7371
X7.5034 Y-0.732
X7.501 Y-0.7299
X7.4933 Y-0.7235
X7.4855 Y-0.7178 Z0.2763
X7.4778 Y-0.7129
X7.4701 Y-0.7084 Z0.2762
X7.4623 Y-0.7046
X7.4542 Y-0.7011
X7.4468 Y-0.6983
X7.4391 Y-0.6958
X7.4299 Y-0.6934
X7.4236 Y-0.692
X7.4159 Y-0.6907
X7.4081 Y-0.6897
X7.4004 Y-0.6891 Z0.2763
X7.3926 Y-0.6889
X7.3849 Y-0.689
X7.3772 Y-0.6893
X7.2533 Y-0.6957
X7.2068 Y-0.6976
X7.1205 Y-0.7011
X7.0907 Y-0.702
X6.9901 Y-0.705
X6.9668 Y-0.7055
X6.8584 Y-0.7075
X6.8275 Y-0.7079
X6.7346 Y-0.7086 Z0.2764
X6.6959 Y-0.7087 Z0.2763
X6.603 Y-0.7084 Z0.2764
X6.5565 Y-0.7079 Z0.2763
X6.4713 Y-0.7067 Z0.2764
X6.4249 Y-0.7057 Z0.2763
X6.3397 Y-0.7036 Z0.2764
X6.2855 Y-0.7019 Z0.2763
X6.2159 Y-0.6994 Z0.2764
X6.1462 Y-0.6965 Z0.2763
X6.0805 Y-0.6934 Z0.2764
X6.0146 Y-0.6899 Z0.2763
X5.9526 Y-0.6863 Z0.2764
X5.8752 Y-0.6813 Z0.2763
X5.821 Y-0.6776 Z0.2764
X5.7359 Y-0.6711 Z0.2763
X5.6971 Y-0.6681 Z0.2764
X5.6042 Y-0.6601 Z0.2763
X5.5655 Y-0.6566 Z0.2764
X5.4668 Y-0.647 Z0.2763
X5.4339 Y-0.6436 Z0.2764
X5.3333 Y-0.6327 Z0.2763
X5.31 Y-0.6301 Z0.2764
X5.192 Y-0.616 Z0.2763
X5.1707 Y-0.6134
X5.0546 Y-0.5982
X4.9307 Y-0.5808
X4.9229 Y-0.5797
X4.9152 Y-0.5789 Z0.2762
X4.9075 Y-0.5783 Z0.2763
X4.8997 Y-0.5781
X4.892 Y-0.5783
X4.8842 Y-0.5789 Z0.2762
X4.8765 Y-0.5797
X4.8688 Y-0.581
X4.861 Y-0.5827
X4.852 Y-0.5851
X4.8455 Y-0.5871
X4.8378 Y-0.59
X4.83 Y-0.5933 Z0.2763
X4.8223 Y-0.5971
X4.8146 Y-0.6014
X4.8068 Y-0.6064 Z0.2762
X4.804 Y-0.6083
X4.7991 Y-0.6119 Z0.2763
X4.7938 Y-0.616
X4.7913 Y-0.6181
X4.7851 Y-0.6238 Z0.2762
X4.7774 Y-0.6315
X4.7706 Y-0.6392 Z0.2763
X4.7647 Y-0.647 Z0.2762
X4.7595 Y-0.6547
X4.7549 Y-0.6624 Z0.2763
X4.7526 Y-0.6665 Z0.2762
X4.7507 Y-0.6702 Z0.2763
X4.7471 Y-0.6779 Z0.2762
X4.7449 Y-0.6834
X4.744 Y-0.6856
X4.7414 Y-0.6934
X4.7391 Y-0.7011
X4.7371 Y-0.7088
X4.7357 Y-0.7165
X4.7346 Y-0.7243
X4.7338 Y-0.732
X4.7334 Y-0.7397 Z0.2763
X4.7333 Y-0.7475
X4.7337 Y-0.7552 Z0.2762
X4.7344 Y-0.7629
X4.7355 Y-0.7707
X4.7371 Y-0.7793
X4.7388 Y-0.7861
X4.741 Y-0.7939
X4.7436 Y-0.8016
X4.7466 Y-0.8093
X4.7502 Y-0.8171 Z0.2763
X4.7526 Y-0.8218 Z0.2762
X4.7542 Y-0.8248
X4.7588 Y-0.8325 Z0.2763
X4.7681 Y-0.847 Z0.2764
X4.7736 Y-0.8557
X4.7782 Y-0.8634
X4.7836 Y-0.8731
X4.7866 Y-0.8789
X4.7913 Y-0.8884
X4.794 Y-0.8944
X4.7974 Y-0.9021
X4.8005 Y-0.9098
X4.8035 Y-0.9176
X4.8068 Y-0.9272
X4.8087 Y-0.933
X4.811 Y-0.9408 Z0.2765
X4.8132 Y-0.9485 Z0.2764
X4.8151 Y-0.9562 Z0.2765
X4.8168 Y-0.964 Z0.2764
X4.8184 Y-0.9717
X4.8198 Y-0.9794
X4.821 Y-0.9871
X4.8223 Y-0.9972
X4.8229 Y-1.0026
X4.8236 Y-1.0103
X4.8241 Y-1.0181
X4.8244 Y-1.0258
X4.8246 Y-1.0335
X4.8248 Y-1.049 Z0.2763
X4.8251 Y-1.0567 Z0.2762
X4.8257 Y-1.0645
X4.8268 Y-1.0722
X4.8282 Y-1.0799
X4.83 Y-1.088
X4.8322 Y-1.0954
X4.8348 Y-1.1031
X4.8378 Y-1.1109
X4.8412 Y-1.1186
X4.8455 Y-1.1268 Z0.2763
X4.8498 Y-1.134
X4.8533 Y-1.1395 Z0.2762
X4.8548 Y-1.1418 Z0.2763
X4.861 Y-1.15 Z0.2762
X4.8672 Y-1.1572
X4.8746 Y-1.165
X4.8765 Y-1.1668
X4.883 Y-1.1727
X4.8842 Y-1.1737
X4.8927 Y-1.1804 Z0.2763
X4.8997 Y-1.1853
X4.9044 Y-1.1882 Z0.2762
X4.9075 Y-1.19
X4.9152 Y-1.1942 Z0.2763
X4.9229 Y-1.198
X4.9307 Y-1.2013
X4.9384 Y-1.2044
X5.0313 Y-1.2403
X5.075 Y-1.2577
X5.1327 Y-1.2809
X5.1784 Y-1.2999
X5.2326 Y-1.3225
X5.2559 Y-1.3325
X5.3333 Y-1.366
X5.3506 Y-1.3737
X5.4367 Y-1.4124
X5.5346 Y-1.4578
X5.612 Y-1.495
X5.6352 Y-1.5062
X5.7281 Y-1.5524
X5.7436 Y-1.5603
X5.8317 Y-1.6057
X5.9294 Y-1.6576
X6.0223 Y-1.7085
X6.1075 Y-1.7567
X6.1272 Y-1.768
X6.2159 Y-1.8198
X6.3088 Y-1.8757
X6.4017 Y-1.9334
X6.4868 Y-1.9878
X6.4946 Y-1.9927
X6.5797 Y-2.0487
X6.5952 Y-2.0591
X6.6677 Y-2.1082
X6.6726 Y-2.1115
X6.6804 Y-2.1165
X6.6881 Y-2.1212 Z0.2762
X6.6959 Y-2.1254
X6.7036 Y-2.129
X6.7094 Y-2.1314
X6.7191 Y-2.1348
X6.7268 Y-2.1372
X6.7348 Y-2.1391
X6.7423 Y-2.1406
X6.7501 Y-2.1417
X6.7578 Y-2.1425
X6.7655 Y-2.143 Z0.2763
X6.7733
X6.781 Y-2.1427 Z0.2762
X6.7888 Y-2.1419
X6.7965 Y-2.1409
X6.8042 Y-2.1395
X6.812 Y-2.1376
X6.8197 Y-2.1354
X6.8275 Y-2.1329
X6.8352 Y-2.1298
X6.843 Y-2.1263
X6.8481 Y-2.1236
X6.8507 Y-2.1222 Z0.2763
X6.8584 Y-2.1177 Z0.2762
X6.8662 Y-2.1126
X6.8739 Y-2.1068
X6.8817 Y-2.1002
X6.8894 Y-2.0927
X6.8972 Y-2.0842
X6.9027 Y-2.0773 Z0.2763
X6.9049 Y-2.0743 Z0.2762
X6.9082 Y-2.0695 Z0.2763
X6.9134 Y-2.0618
X6.9235 Y-2.0463 Z0.2764
X6.9288 Y-2.0386
X6.9359 Y-2.0284
X6.9397 Y-2.0231
X6.9455 Y-2.0154
X6.9513 Y-2.0077
X6.9591 Y-1.998
X6.9668 Y-1.9885
X6.9702 Y-1.9845
X6.9823 Y-1.9707
X6.9838 Y-1.969
X6.991 Y-1.9613
X6.9984 Y-1.9536
X7.006 Y-1.9458
X7.014 Y-1.938
X7.022 Y-1.9304
X7.0365 Y-1.9171
X7.0481 Y-1.9072 Z0.2763
X7.052 Y-1.9039 Z0.2764
X7.0597 Y-1.8977
X7.0675 Y-1.8916
X7.0752 Y-1.8856
X7.0804 Y-1.8818
X7.0848 Y-1.8783 Z0.2762
X7.089 Y-1.8747 Z0.2758
X7.093 Y-1.871 Z0.2752
X7.0969 Y-1.8671 Z0.2743
X7.1007 Y-1.8631 Z0.2733
X7.1044 Y-1.859 Z0.2722
X7.1155 Y-1.8469 Z0.2686
X7.1192 Y-1.843 Z0.2675
X7.1231 Y-1.8391 Z0.2664
X7.127 Y-1.8354 Z0.2654
X7.1312 Y-1.8318 Z0.2646
X7.1355 Y-1.8284 Z0.264
X7.1399 Y-1.8252 Z0.2636
X7.1446 Y-1.8223 Z0.2634
X7.1526 Y-1.8179
X7.1604 Y-1.8139
X7.1681 Y-1.8099
X7.1759 Y-1.806
X7.1836 Y-1.8023
X7.1913 Y-1.7987
X7.1991 Y-1.7952
X7.2083 Y-1.7912
X7.2146 Y-1.7886 Z0.2635
X7.2273 Y-1.7835 Z0.2634
X7.2378 Y-1.7794
X7.2481 Y-1.7757
X7.261 Y-1.7713
X7.2714 Y-1.768
X7.2843 Y-1.7641
X7.292 Y-1.7619
X7.3075 Y-1.7578
X7.3152 Y-1.7559
X7.3307 Y-1.7524
X7.3384 Y-1.7508 Z0.2635
X7.3539 Y-1.7478 Z0.2634
X7.3617 Y-1.7464 Z0.2635
X7.3772 Y-1.7441 Z0.2634
X7.3849 Y-1.743 Z0.2635
X7.4004 Y-1.7412 Z0.2634
X7.4081 Y-1.7403
X7.4236 Y-1.739
X7.4314 Y-1.7385
X7.4391 Y-1.7381
X7.4546 Y-1.7374
X7.4623 Y-1.7372
X7.4855 Y-1.7373
X7.4933 Y-1.7375
X7.5088 Y-1.7382
X7.5243 Y-1.7392
X7.532 Y-1.7398
X7.5475 Y-1.7414
X7.5552 Y-1.7423
X7.563 Y-1.7433
X7.5784 Y-1.7456
X7.5862 Y-1.7468
X7.6017 Y-1.7496
X7.6094 Y-1.7512 Z0.2635
X7.6249 Y-1.7546 Z0.2634
X7.6326 Y-1.7564 Z0.2635
X7.6481 Y-1.7604 Z0.2634
X7.6559 Y-1.7625 Z0.2635
X7.6714 Y-1.7671 Z0.2634
X7.6791 Y-1.7695 Z0.2635
X7.6946 Y-1.7747 Z0.2634
X7.7023 Y-1.7774 Z0.2635
X7.7101 Y-1.7803 Z0.2634
X7.7255 Y-1.7863 Z0.2635
X7.7374 Y-1.7912 Z0.2634
X7.7488 Y-1.7961 Z0.2635
X7.7643 Y-1.8033 Z0.2634
X7.772 Y-1.807
X7.7875 Y-1.815
X7.7952 Y-1.8191
X7.803 Y-1.8234
X7.8143 Y-1.8299 Z0.2635
X7.8271 Y-1.8376 Z0.2634
X7.8339 Y-1.8418
X7.8417 Y-1.8468
X7.8572 Y-1.8571
X7.8649 Y-1.8626
X7.8731 Y-1.8685
X7.8804 Y-1.8739
X7.8933 Y-1.884
X7.8959 Y-1.886
X7.9114 Y-1.8988
X7.9216 Y-1.9072 Z0.2633
X7.9268 Y-1.9111
X7.9323 Y-1.9149
X7.9346 Y-1.9164
X7.9423 Y-1.9211
X7.9501 Y-1.9251
X7.9578 Y-1.9285
X7.9624 Y-1.9304
X7.9655 Y-1.9315
X7.9733 Y-1.934
X7.981 Y-1.936 Z0.2632
X7.9888 Y-1.9377
X7.9911 Y-1.9381 Z0.2633
X7.9965 Y-1.9389
X8.0043 Y-1.9397
X8.012 Y-1.9401
X8.0197 Y-1.9402
X8.0275 Y-1.9397
X8.0352 Y-1.9389
X8.0405 Y-1.9381
X8.0507 Y-1.936 Z0.2632
X8.0585 Y-1.934
X8.0662 Y-1.9315 Z0.2633
X8.0693 Y-1.9304
X8.0739 Y-1.9285
X8.0817 Y-1.925
X8.0864 Y-1.9226 Z0.2632
X8.0894 Y-1.921 Z0.2633
X8.0972 Y-1.9163
X8.1049 Y-1.911
X8.1099 Y-1.9072
X8.1126 Y-1.905
X8.1204 Y-1.8983 Z0.2634
X8.1531 Y-1.8685
X8.1618 Y-1.8608
X8.1823 Y-1.843
X8.1901 Y-1.8363
X8.1978 Y-1.8298
X8.2164 Y-1.8144
X8.2288 Y-1.8043
X8.2443 Y-1.792
X8.2597 Y-1.7799
X8.2752 Y-1.7681
X8.296 Y-1.7525
X8.3066 Y-1.7448
X8.3174 Y-1.7371
X8.3393 Y-1.7216
X8.3526 Y-1.7124
X8.3759 Y-1.6969
X8.3914 Y-1.6866
X8.4223 Y-1.6671
X8.4378 Y-1.6575
X8.4765 Y-1.6346
X8.4866 Y-1.6288
X8.523 Y-1.6087
X8.5434 Y-1.5979
X8.5617 Y-1.5884
X8.5772 Y-1.5806
X8.5926 Y-1.5729
X8.6081 Y-1.5654
X8.6236 Y-1.5581
X8.6391 Y-1.551
X8.6549 Y-1.5438
X8.6856 Y-1.5305
X8.701 Y-1.5239
X8.732 Y-1.5115
X8.7481 Y-1.5051
X8.7862 Y-1.491
X8.7939 Y-1.4881
X8.8172 Y-1.4802
X8.8404 Y-1.4723
X8.8586 Y-1.4665
X8.8868 Y-1.4577
X8.9023 Y-1.4532
X8.9375 Y-1.4433
X8.9565 Y-1.4383
X8.9797 Y-1.4324
X8.9875 Y-1.4305
X9.0107 Y-1.4251
X9.0339 Y-1.4198 Z0.2635
X9.0649 Y-1.4135 Z0.2634
X9.0804 Y-1.4104
X9.1124 Y-1.4046
X9.1268 Y-1.4021
X9.1423 Y-1.3997
X9.1733 Y-1.395
X9.181 Y-1.3939
X9.2043 Y-1.391
X9.2275 Y-1.3882
X9.243 Y-1.3865
X9.2817 Y-1.3829
X9.3049 Y-1.3811
X9.3281 Y-1.3795
X9.3514 Y-1.3783 Z0.2633
X9.3668 Y-1.3777 Z0.2634
X9.3823 Y-1.3771
X9.4056 Y-1.3765 Z0.2633
X9.421 Y-1.3763 Z0.2634
X9.4288 Y-1.3762
X9.4597 Z0.2633
X9.4752 Y-1.3764 Z0.2634
X9.4985 Y-1.377
X9.5139 Y-1.3775 Z0.2633
X9.5294 Y-1.378 Z0.2634
X9.5759 Y-1.3806 Z0.2633
X9.5836 Y-1.3809
X9.5914 Y-1.381
X9.5991 Y-1.3806
X9.6068 Y-1.3798
X9.6146 Y-1.3787
X9.6223 Y-1.3771
X9.6301 Y-1.3752
X9.6348 Y-1.3737
X9.6378 Y-1.3727 Z0.2632
X9.6456 Y-1.3698 Z0.2633
X9.6543 Y-1.366
X9.661 Y-1.3625
X9.6688 Y-1.358
X9.6765 Y-1.3527
X9.6795 Y-1.3505
X9.6843 Y-1.3468
X9.689 Y-1.3428
X9.692 Y-1.34
X9.6971 Y-1.3351
X9.6998 Y-1.3322
X9.704 Y-1.3273
X9.7101 Y-1.3196 Z0.2632
X9.7155 Y-1.3119 Z0.2633
X9.7201 Y-1.3041
X9.7242 Y-1.2964
X9.7277 Y-1.2887
X9.7307 Y-1.2807
X9.7332 Y-1.2732 Z0.2632
X9.7353 Y-1.2655
X9.737 Y-1.2577 Z0.2633
X9.7417 Y-1.2345 Z0.2635
X9.7433 Y-1.2268 Z0.2634
X9.7469 Y-1.2114
X9.7488 Y-1.2036 Z0.2635
X9.7539 Y-1.1847 Z0.2634
X9.7552 Y-1.1804
X9.76 Y-1.165
X9.7625 Y-1.1572 Z0.2635
X9.7679 Y-1.1418 Z0.2634
X9.7706 Y-1.134 Z0.2635
X9.7736 Y-1.1263 Z0.2634
X9.7772 Y-1.1174
X9.7798 Y-1.1108
X9.7866 Y-1.0954
X9.79 Y-1.0877
X9.7937 Y-1.0799
X9.8013 Y-1.0645
X9.8081 Y-1.0514
X9.8136 Y-1.0413
X9.8236 Y-1.0239 Z0.2633
X9.8269 Y-1.0181
X9.8314 Y-1.0096
X9.8346 Y-1.0026
X9.8377 Y-0.9949
X9.8391 Y-0.9909
X9.8403 Y-0.9871
X9.8425 Y-0.9794
X9.8442 Y-0.9717 Z0.2632
X9.8455 Y-0.964
X9.8465 Y-0.9562 Z0.2633
X9.8468 Y-0.9516
X9.847 Y-0.9485
X9.8471 Y-0.9408
X9.8468 Y-0.933
X9.8461 Y-0.9253
X9.8449 Y-0.9176
X9.8434 Y-0.9098 Z0.2632
X9.8415 Y-0.9021
X9.8391 Y-0.8943 Z0.2633
X9.8363 Y-0.8866
X9.833 Y-0.8789
X9.8291 Y-0.8712
X9.8247 Y-0.8634
X9.8196 Y-0.8557
X9.8159 Y-0.8507
X9.8137 Y-0.848
X9.8081 Y-0.8414
X9.8071 Y-0.8402
X9.7994 Y-0.8325
X9.7927 Y-0.8266
X9.7905 Y-0.8248
X9.7849 Y-0.8206
X9.7798 Y-0.8171
X9.7772 Y-0.8153
X9.7694 Y-0.8107
X9.7669 Y-0.8093
X9.7617 Y-0.8067
X9.7539 Y-0.8032
X9.7462 Y-0.8002
X9.7385 Y-0.7975 Z0.2634
X9.6805 Y-0.7784
X9.6688 Y-0.7747
X9.6146 Y-0.7581
X9.6049 Y-0.7552
X9.5449 Y-0.738
X9.5294 Y-0.7338
X9.4752 Y-0.7195
X9.4597 Y-0.7157
X9.4056 Y-0.7025
X9.3978 Y-0.7007 Z0.2633
X9.3359 Y-0.687 Z0.2634
X9.3204 Y-0.6838
X9.2662 Y-0.6729 Z0.2633
X9.2507 Y-0.67 Z0.2634
X9.1965 Y-0.6602
X9.181 Y-0.6576
X9.1268 Y-0.649
X9.1133 Y-0.647
X9.0494 Y-0.6381 Z0.2633
X8.9875 Y-0.6307 Z0.2634
X8.9797 Y-0.6298 Z0.2633
X8.9178 Y-0.6237 Z0.2634
X8.9023 Y-0.6223
X8.8404 Y-0.6174
X8.8249 Y-0.6164
X8.7707 Y-0.6132
X8.763 Y-0.6128 Z0.2633
X8.701 Y-0.6104 Z0.2634
X8.6933 Y-0.6102 Z0.2633
X8.6236 Y-0.6089 Z0.2634
X8.6159 Y-0.6091 Z0.2633
X8.6081 Y-0.6095
X8.6004 Y-0.6103 Z0.2632
X8.5926 Y-0.6116
X8.5849 Y-0.6133
X8.5772 Y-0.6153 Z0.2633
X8.5748 Y-0.616
X8.5694 Y-0.6179
X8.5617 Y-0.6208
X8.5539 Y-0.6243
X8.5462 Y-0.6284
X8.5409 Y-0.6315
X8.5385 Y-0.633
X8.5307 Y-0.6384
X8.523 Y-0.6446
X8.5202 Y-0.647 Z0.2632
X8.5152 Y-0.6516 Z0.2633
X8.5121 Y-0.6547 Z0.2632
X8.5075 Y-0.6597
X8.5051 Y-0.6624
X8.4989 Y-0.6702 Z0.2633
X8.4935 Y-0.6779
X8.4889 Y-0.6856
X8.4843 Y-0.6945
X8.4813 Y-0.7011
X8.4783 Y-0.7088
X8.4765 Y-0.714
X8.4757 Y-0.7165
X8.4737 Y-0.7243 Z0.2632
X8.472 Y-0.732 Z0.2633
X8.4708 Y-0.7397
X8.4699 Y-0.7475
X8.4688 Y-0.7629 Z0.2634
X8.4683 Y-0.7707
X8.4676 Y-0.7784
X8.4668 Y-0.7861
X8.466 Y-0.7939 Z0.2635
X8.4649 Y-0.8016 Z0.2634
X8.4637 Y-0.8093 Z0.2635
X8.4624 Y-0.8171
X8.461 Y-0.8248
X8.4595 Y-0.8325
X8.4578 Y-0.8402
X8.456 Y-0.848
X8.4533 Y-0.8584 Z0.2634
X8.4519 Y-0.8634 Z0.2635
X8.4497 Y-0.8712
X8.4455 Y-0.8843
X8.4448 Y-0.8866
X8.4392 Y-0.9021
X8.4363 Y-0.9098 Z0.2634
X8.4331 Y-0.9176
X8.4298 Y-0.9253
X8.4226 Y-0.9408
X8.4188 Y-0.9485
X8.4146 Y-0.9566 Z0.2635
X8.4106 Y-0.964 Z0.2634
X8.4062 Y-0.9717 Z0.2635
X8.4016 Y-0.9794 Z0.2634
X8.3968 Y-0.9871
X8.3914 Y-0.9956
X8.3836 Y-1.0069 Z0.2635
X8.3756 Y-1.0181 Z0.2634
X8.3681 Y-1.0276
X8.3604 Y-1.0371 Z0.2635
X8.3526 Y-1.0461 Z0.2634
X8.3501 Y-1.049 Z0.2635
X8.343 Y-1.0567 Z0.2634
X8.3356 Y-1.0645 Z0.2635
X8.3278 Y-1.0722 Z0.2634
X8.3217 Y-1.0781 Z0.2635
X8.3112 Y-1.0877 Z0.2634
X8.3062 Y-1.092 Z0.2635
X8.2985 Y-1.0985 Z0.2634
X8.2907 Y-1.1048
X8.2829 Y-1.1108
X8.2752 Y-1.1165
X8.2597 Y-1.1273
X8.2491 Y-1.134
X8.2443 Y-1.137 Z0.2635
X8.2362 Y-1.1418 Z0.2634
X8.2288 Y-1.1461 Z0.2635
X8.2133 Y-1.1543
X8.2055 Y-1.1581 Z0.2634
X8.1978 Y-1.1618
X8.1901 Y-1.1653 Z0.2635
X8.1823 Y-1.1687 Z0.2634
X8.1746 Y-1.1719
X8.1591 Y-1.1777 Z0.2635
X8.1512 Y-1.1804
X8.1436 Y-1.1829
X8.1359 Y-1.1853
X8.1261 Y-1.1882
X8.1204 Y-1.1897
X8.1126 Y-1.1917
X8.1049 Y-1.1935
X8.0938 Y-1.1959
X8.0817 Y-1.1982
X8.0739 Y-1.1995 Z0.2634
X8.0662 Y-1.2007 Z0.2635
X8.0585 Y-1.2017 Z0.2634
X8.0507 Y-1.2026
X8.0401 Y-1.2036
X8.0275 Y-1.2046 Z0.2635
X8.0197 Y-1.205 Z0.2634
X8.012 Y-1.2052
X8.0043 Y-1.2053 Z0.2635
X7.9965 Y-1.2054 Z0.2634
X7.9888 Y-1.2053
X7.9733 Y-1.2045 Z0.2635
X7.9655 Y-1.204 Z0.2634
X7.9578 Y-1.2034
X7.9501 Y-1.2026 Z0.2635
X7.9423 Y-1.2016
X7.9346 Y-1.2006
X7.9268 Y-1.1995
X7.9191 Y-1.1982
X7.9114 Y-1.1968
X7.9036 Y-1.1952 Z0.2634
X7.8959 Y-1.1935 Z0.2635
X7.8881 Y-1.1916
X7.8749 Y-1.1882
X7.8649 Y-1.1852
X7.8572 Y-1.1828
X7.8494 Y-1.1803 Z0.2634
X7.8417 Y-1.1776 Z0.2635
X7.8339 Y-1.1747 Z0.2634
X7.8262 Y-1.1717
X7.8184 Y-1.1685 Z0.2635
X7.8102 Y-1.165 Z0.2634
X7.803 Y-1.1617
X7.7937 Y-1.1572
X7.7875 Y-1.1541 Z0.2635
X7.7787 Y-1.1495 Z0.2634
X7.772 Y-1.1459
X7.7643 Y-1.1414 Z0.2635
X7.7565 Y-1.1368 Z0.2634
X7.7519 Y-1.134 Z0.2635
X7.7488 Y-1.132 Z0.2634
X7.74 Y-1.1263
X7.7333 Y-1.1217 Z0.2635
X7.7255 Y-1.1162 Z0.2634
X7.7178 Y-1.1105 Z0.2635
X7.7082 Y-1.1031 Z0.2634
X7.7023 Y-1.0983
X7.6946 Y-1.0917 Z0.2635
X7.6899 Y-1.0877
X7.6791 Y-1.0777
X7.6714 Y-1.0702
X7.6636 Y-1.0625
X7.6559 Y-1.0543
X7.651 Y-1.049
X7.6443 Y-1.0413 Z0.2634
X7.6377 Y-1.0335 Z0.2635
X7.6316 Y-1.0258 Z0.2634
X7.6249 Y-1.0171 Z0.2635
X7.6172 Y-1.0064
X7.6145 Y-1.0026
X7.6043 Y-0.9871
X7.5995 Y-0.9794 Z0.2634
X7.5939 Y-0.97 Z0.2635
X7.5905 Y-0.964 Z0.2634
X7.5862 Y-0.956
X7.5823 Y-0.9485
X7.5784 Y-0.9407
X7.5748 Y-0.933
X7.5707 Y-0.9239
X7.568 Y-0.9176 Z0.2635
X7.5618 Y-0.9021
X7.559 Y-0.8944 Z0.2634
X7.5552 Y-0.8834 Z0.2635
X7.5514 Y-0.8712 Z0.2634
X7.5491 Y-0.8634 Z0.2635
X7.5451 Y-0.848
X7.5432 Y-0.8402 Z0.2634
X7.5397 Y-0.8248 Z0.2633
X7.5378 Y-0.8171 Z0.2632
X7.5356 Y-0.8093 Z0.2633
X7.5329 Y-0.8016
X7.532 Y-0.7992
X7.5297 Y-0.7939
X7.5261 Y-0.7861
X7.5219 Y-0.7784
X7.5165 Y-0.77
X7.5113 Y-0.7629 Z0.2632
X7.5088 Y-0.7598
X7.5049 Y-0.7552 Z0.2633
X7.501 Y-0.751
X7.4976 Y-0.7475
X7.4933 Y-0.7434
X7.4891 Y-0.7397 Z0.2632
X7.4855 Y-0.7368 Z0.2633
X7.4792 Y-0.732
X7.4778 Y-0.731
X7.4701 Y-0.726
X7.4623 Y-0.7216
X7.4546 Y-0.7178
X7.4468 Y-0.7146
X7.4391 Y-0.7118
X7.4314 Y-0.7095 Z0.2632
X7.4287 Y-0.7088 Z0.2633
X7.4236 Y-0.7076 Z0.2632
X7.4159 Y-0.7061
X7.4081 Y-0.7051 Z0.2633
X7.4004 Y-0.7044
X7.3926 Y-0.7041
X7.3849 Y-0.7043
X7.3772 Y-0.7046 Z0.2634
X7.2533 Y-0.7109
X7.2068 Y-0.7129
X7.1217 Y-0.7163
X7.0907 Y-0.7173 Z0.2633
X6.9901 Y-0.7202 Z0.2634
X6.9668 Y-0.7208 Z0.2633
X6.8584 Y-0.7228 Z0.2634
X6.8275 Y-0.7231 Z0.2633
X6.7346 Y-0.7238 Z0.2634
X6.6959 Y-0.7239 Z0.2633
X6.603 Y-0.7236 Z0.2634
X6.5565 Y-0.7232 Z0.2633
X6.4713 Y-0.7219 Z0.2634
X6.4249 Y-0.721 Z0.2633
X6.3397 Y-0.7188 Z0.2634
X6.2855 Y-0.7171 Z0.2633
X6.2159 Y-0.7147 Z0.2634
X6.1462 Y-0.7117 Z0.2633
X6.0842 Y-0.7088 Z0.2634
X6.0146 Y-0.7051 Z0.2633
X5.9526 Y-0.7015 Z0.2634
X5.8752 Y-0.6966 Z0.2633
X5.821 Y-0.6928 Z0.2634
X5.7359 Y-0.6864 Z0.2633
X5.6971 Y-0.6833 Z0.2634
X5.6042 Y-0.6754 Z0.2633
X5.5655 Y-0.6719 Z0.2634
X5.4683 Y-0.6624 Z0.2633
X5.4339 Y-0.6589 Z0.2634
X5.3333 Y-0.6481
X5.3023 Y-0.6445
X5.1929 Y-0.6315
X5.1707 Y-0.6287
X5.0546 Y-0.6136
X4.9307 Y-0.5961
X4.9229 Y-0.5951 Z0.2633
X4.9152 Y-0.5942
X4.9075 Y-0.5936
X4.8997 Y-0.5933
X4.892 Y-0.5936
X4.8842 Y-0.5942
X4.8765 Y-0.5952
X4.8688 Y-0.5966 Z0.2632
X4.861 Y-0.5984
X4.8533 Y-0.6007
X4.8455 Y-0.6034 Z0.2633
X4.8378 Y-0.6066
X4.83 Y-0.6102
X4.8223 Y-0.6145
X4.8146 Y-0.6195
X4.8086 Y-0.6238
X4.8068 Y-0.6251
X4.7991 Y-0.6316
X4.7911 Y-0.6392
X4.7836 Y-0.6475
X4.778 Y-0.6547
X4.7759 Y-0.6577
X4.7727 Y-0.6624
X4.768 Y-0.6702
X4.7639 Y-0.6779
X4.7604 Y-0.6858
X4.7575 Y-0.6934 Z0.2632
X4.7549 Y-0.7011
X4.7526 Y-0.7097 Z0.2633
X4.7512 Y-0.7165
X4.7499 Y-0.7243
X4.7491 Y-0.732
X4.7486 Y-0.7397
Y-0.7475
X4.749 Y-0.7552
X4.7498 Y-0.7629 Z0.2632
X4.751 Y-0.7707 Z0.2633
X4.7526 Y-0.7786
X4.7546 Y-0.7861 Z0.2632
X4.757 Y-0.7939
X4.7604 Y-0.8027 Z0.2633
X4.7634 Y-0.8093
X4.7674 Y-0.8171
X4.7719 Y-0.8248
X4.7836 Y-0.8429 Z0.2635
X4.7867 Y-0.848 Z0.2634
X4.7914 Y-0.8557 Z0.2635
X4.7957 Y-0.8634 Z0.2634
X4.7998 Y-0.8712 Z0.2635
X4.8036 Y-0.8789 Z0.2634
X4.8072 Y-0.8866 Z0.2635
X4.8107 Y-0.8944
X4.8146 Y-0.9039
X4.8169 Y-0.9098
X4.8196 Y-0.9176
X4.8223 Y-0.9255
X4.8246 Y-0.933
X4.8268 Y-0.9408
X4.8289 Y-0.9485
X4.8307 Y-0.9562
X4.8324 Y-0.964
X4.8339 Y-0.9717
X4.8352 Y-0.9794
X4.8364 Y-0.9871
X4.8378 Y-0.9985
X4.8388 Y-1.0103
X4.8393 Y-1.0181 Z0.2634
X4.8397 Y-1.0258
X4.84 Y-1.049 Z0.2633
X4.8404 Y-1.0567
X4.8411 Y-1.0645 Z0.2632
X4.8423 Y-1.0722 Z0.2633
X4.8438 Y-1.0799
X4.8458 Y-1.0877
X4.8482 Y-1.0954 Z0.2632
X4.8511 Y-1.1031 Z0.2633
X4.8545 Y-1.1108
X4.8584 Y-1.1186
X4.861 Y-1.1232
X4.8629 Y-1.1263
X4.8681 Y-1.134
X4.874 Y-1.1418
X4.8765 Y-1.1447
X4.8808 Y-1.1495
X4.8842 Y-1.153 Z0.2632
X4.8887 Y-1.1572
X4.892 Y-1.1602
X4.8997 Y-1.1666 Z0.2633
X4.9083 Y-1.1727
X4.9152 Y-1.1769
X4.9229 Y-1.1811
X4.9307 Y-1.1847
X4.9389 Y-1.1882
X4.9462 Y-1.191 Z0.2634
X5.0391 Y-1.2269
X5.1397 Y-1.2673
X5.2326 Y-1.306
X5.2481 Y-1.3126
X5.341 Y-1.3528
X5.3565 Y-1.3596
X5.4417 Y-1.3979
X5.4959 Y-1.423
X5.5423 Y-1.4446
X5.636 Y-1.4897
X5.6517 Y-1.4974
X5.7359 Y-1.5393
X5.7513 Y-1.5472
X5.8365 Y-1.591
X5.8984 Y-1.6238
X5.9371 Y-1.6444
X6.0301 Y-1.6954
X6.123 Y-1.748
X6.1462 Y-1.7614
X6.2235 Y-1.8067
X6.3135 Y-1.8608
X6.3397 Y-1.877
X6.4094 Y-1.9202
X6.5023 Y-1.9796
X6.5686 Y-2.0231
X6.5952 Y-2.0407
X6.6804 Y-2.0983
X6.6881 Y-2.1034 Z0.2633
X6.6961 Y-2.1082
X6.7036 Y-2.1122
X6.7118 Y-2.1159
X6.7191 Y-2.1187
X6.7268 Y-2.1212
X6.7357 Y-2.1236
X6.7423 Y-2.1251
X6.7501 Y-2.1263 Z0.2632
X6.7578 Y-2.1272 Z0.2633
X6.7655 Y-2.1277
X6.7733
X6.781 Y-2.1274
X6.7888 Y-2.1266
X6.7965 Y-2.1254
X6.805 Y-2.1236
X6.812 Y-2.1218 Z0.2632
X6.8197 Y-2.1194 Z0.2633
X6.8289 Y-2.1159
X6.8352 Y-2.113
X6.843 Y-2.1091
X6.8507 Y-2.1045
X6.857 Y-2.1005
X6.8584 Y-2.0994
X6.8662 Y-2.0934
X6.8739 Y-2.0865
X6.8755 Y-2.085
X6.8817 Y-2.0786
X6.8829 Y-2.0773
X6.8894 Y-2.0695
X6.895 Y-2.0618
X6.9002 Y-2.0541
X6.9126 Y-2.0352 Z0.2635
X6.9209 Y-2.0231 Z0.2634
X6.9265 Y-2.0154 Z0.2635
X6.9381 Y-1.9999 Z0.2634
X6.9442 Y-1.9922
X6.9513 Y-1.9833
X6.9568 Y-1.9768 Z0.2635
X6.9703 Y-1.9613 Z0.2634
X6.9746 Y-1.9566 Z0.2635
X6.9847 Y-1.9458 Z0.2634
X6.9922 Y-1.9381 Z0.2635
X7. Y-1.9304 Z0.2634
X7.0079 Y-1.9226 Z0.2635
X7.0163 Y-1.9149 Z0.2634
X7.0248 Y-1.9072
X7.0288 Y-1.9037
X7.0365 Y-1.897
X7.0443 Y-1.8906
X7.0525 Y-1.884
X7.0624 Y-1.8762
X7.0712 Y-1.8696
X7.0834 Y-1.8608
X7.0946 Y-1.8531
X7.1062 Y-1.8453
X7.1217 Y-1.8357
X7.1294 Y-1.831
X7.1446 Y-1.8223
X7.1494 Y-1.8194 Z0.2633
X7.154 Y-1.8163 Z0.2629
X7.1584 Y-1.813 Z0.2624
X7.1627 Y-1.8096 Z0.2616
X7.167 Y-1.806 Z0.2608
X7.1753 Y-1.7987 Z0.2588
X7.1835 Y-1.7915 Z0.2566
X7.1877 Y-1.788 Z0.2556
X7.192 Y-1.7846 Z0.2546
X7.1964 Y-1.7813 Z0.2537
X7.2009 Y-1.7783 Z0.253
X7.2056 Y-1.7754 Z0.2524
X7.2104 Y-1.7729 Z0.252
X7.2155 Y-1.7706 Z0.2518
X7.2223 Y-1.7679
X7.2301 Y-1.765
X7.2378 Y-1.7621
X7.2455 Y-1.7594
X7.2533 Y-1.7567
X7.261 Y-1.7542
X7.2765 Y-1.7494
X7.2843 Y-1.7472 Z0.2519
X7.2997 Y-1.743 Z0.2518
X7.3075 Y-1.741 Z0.2519
X7.3152 Y-1.7392 Z0.2518
X7.3307 Y-1.7357 Z0.2519
X7.3462 Y-1.7327 Z0.2518
X7.3539 Y-1.7313
X7.3656 Y-1.7294
X7.3772 Y-1.7276
X7.3849 Y-1.7266
X7.4004 Y-1.7248
X7.4081 Y-1.724
X7.4236 Y-1.7227
X7.4314 Y-1.7222
X7.4468 Y-1.7215
X7.4546 Y-1.7211
X7.4623 Y-1.721
X7.4855
X7.4933 Y-1.7212
X7.5088 Y-1.7219
X7.5243 Y-1.7229
X7.532 Y-1.7235
X7.5397 Y-1.7242
X7.5552 Y-1.7259
X7.563 Y-1.7269
X7.5802 Y-1.7294
X7.5862 Y-1.7303 Z0.2519
X7.6017 Y-1.7331 Z0.2518
X7.6094 Y-1.7346 Z0.2519
X7.6249 Y-1.7379 Z0.2518
X7.6326 Y-1.7397 Z0.2519
X7.6404 Y-1.7416 Z0.2518
X7.6559 Y-1.7456 Z0.2519
X7.6636 Y-1.7478 Z0.2518
X7.6795 Y-1.7525
X7.6868 Y-1.7549 Z0.2519
X7.7027 Y-1.7603 Z0.2518
X7.7101 Y-1.7629
X7.7236 Y-1.768
X7.7333 Y-1.7718 Z0.2519
X7.7427 Y-1.7757 Z0.2518
X7.7565 Y-1.7818 Z0.2519
X7.772 Y-1.789 Z0.2518
X7.7797 Y-1.7927
X7.7919 Y-1.7989
X7.803 Y-1.8047
X7.8107 Y-1.809
X7.8201 Y-1.8144
X7.8262 Y-1.818
X7.8417 Y-1.8274
X7.8455 Y-1.8299
X7.8573 Y-1.8376
X7.8687 Y-1.8453
X7.8804 Y-1.8537
X7.89 Y-1.8608
X7.9036 Y-1.8714
X7.9114 Y-1.8776
X7.9284 Y-1.8917 Z0.2517
X7.9346 Y-1.8966
X7.9386 Y-1.8994
X7.9423 Y-1.902
X7.9509 Y-1.9072
X7.9578 Y-1.9107
X7.9655 Y-1.9141 Z0.2516
X7.9676 Y-1.9149 Z0.2517
X7.9733 Y-1.9169
X7.981 Y-1.9192 Z0.2516
X7.9888 Y-1.921
X7.9978 Y-1.9226 Z0.2517
X8.0043 Y-1.9234
X8.012 Y-1.9238
X8.0197 Y-1.9239
X8.0275 Y-1.9234
X8.0338 Y-1.9226
X8.0352 Y-1.9224
X8.043 Y-1.921 Z0.2516
X8.0507 Y-1.9192
X8.0585 Y-1.9169 Z0.2517
X8.0641 Y-1.9149
X8.0662 Y-1.914
X8.0739 Y-1.9106
X8.0817 Y-1.9066
X8.0894 Y-1.9019
X8.0931 Y-1.8994
X8.0972 Y-1.8964
X8.1031 Y-1.8917
X8.1126 Y-1.8833 Z0.2518
X8.1459 Y-1.8531
X8.1637 Y-1.8376
X8.1823 Y-1.8215
X8.1978 Y-1.8086
X8.221 Y-1.7896 Z0.2519
X8.2386 Y-1.7757 Z0.2518
X8.2585 Y-1.7603
X8.2791 Y-1.7448
X8.2907 Y-1.7362
X8.3002 Y-1.7294
X8.3294 Y-1.7086
X8.3449 Y-1.698
X8.3759 Y-1.6773
X8.3836 Y-1.6723
X8.4223 Y-1.6479
X8.4301 Y-1.6432
X8.4688 Y-1.6203
X8.4843 Y-1.6115
X8.5152 Y-1.5944
X8.5307 Y-1.5861
X8.5539 Y-1.5741
X8.5679 Y-1.567
X8.5849 Y-1.5586
X8.6004 Y-1.5511
X8.6159 Y-1.5438
X8.6325 Y-1.5361
X8.6496 Y-1.5283 Z0.2519
X8.6778 Y-1.5161 Z0.2518
X8.6933 Y-1.5095
X8.7243 Y-1.497
X8.7429 Y-1.4897
X8.7785 Y-1.4765
X8.7862 Y-1.4736
X8.8068 Y-1.4665
X8.8326 Y-1.4577
X8.8481 Y-1.4527
X8.8791 Y-1.4431
X8.8868 Y-1.4407
X8.9101 Y-1.4341
X8.9333 Y-1.4275
X8.9565 Y-1.4215
X8.9797 Y-1.4156
X9.003 Y-1.4101
X9.0273 Y-1.4046
X9.0494 Y-1.4
X9.0726 Y-1.3953
X9.0804 Y-1.3938
X9.1114 Y-1.3883
X9.1268 Y-1.3856
X9.1539 Y-1.3814
X9.1733 Y-1.3786
X9.181 Y-1.3775
X9.212 Y-1.3736
X9.2275 Y-1.3718
X9.243 Y-1.3702
X9.2739 Y-1.3672
X9.2894 Y-1.3659
X9.3127 Y-1.3643
X9.3281 Y-1.3632
X9.3514 Y-1.362
X9.3668 Y-1.3614
X9.3823 Y-1.3608
X9.4056 Y-1.3602 Z0.2517
X9.421 Y-1.36 Z0.2518
X9.4288 Y-1.3599
X9.4597 Z0.2517
X9.4752 Y-1.3601 Z0.2518
X9.4985 Y-1.3607
X9.5139 Y-1.3612
X9.5294 Y-1.3617
X9.5759 Y-1.3643 Z0.2517
X9.5836 Y-1.3646
X9.5914 Y-1.3647
X9.5991 Y-1.3642
X9.6068 Y-1.3634 Z0.2516
X9.6146 Y-1.3621
X9.6223 Y-1.3603
X9.6301 Y-1.3581 Z0.2517
X9.6378 Y-1.3553
X9.6456 Y-1.3521
X9.6488 Y-1.3505
X9.6533 Y-1.3481
X9.661 Y-1.3435
X9.6688 Y-1.3382
X9.6729 Y-1.3351
X9.6765 Y-1.332
X9.6817 Y-1.3273
X9.6843 Y-1.3248
X9.6891 Y-1.3196
X9.692 Y-1.3163
X9.6955 Y-1.3119
X9.701 Y-1.3041
X9.7058 Y-1.2964
X9.7075 Y-1.2932
X9.7098 Y-1.2887
X9.7132 Y-1.2809
X9.7152 Y-1.2756
X9.7161 Y-1.2732
X9.7184 Y-1.2655 Z0.2516
X9.7203 Y-1.2577 Z0.2517
X9.723 Y-1.2452 Z0.2518
X9.7267 Y-1.2268 Z0.2519
X9.7302 Y-1.2114 Z0.2518
X9.732 Y-1.2036 Z0.2519
X9.7361 Y-1.1882 Z0.2518
X9.7385 Y-1.1796
X9.7405 Y-1.1727
X9.7462 Y-1.1545 Z0.2519
X9.7506 Y-1.1418 Z0.2518
X9.7539 Y-1.1323
X9.7562 Y-1.1263
X9.7622 Y-1.1108
X9.7654 Y-1.1031
X9.7694 Y-1.0938
X9.7756 Y-1.0799
X9.7831 Y-1.0645
X9.7869 Y-1.0567
X9.7927 Y-1.0458
X9.7951 Y-1.0413
X9.7993 Y-1.0335
X9.8082 Y-1.0181
X9.8125 Y-1.0103 Z0.2517
X9.8159 Y-1.0041
X9.8167 Y-1.0026
X9.8202 Y-0.9949
X9.8232 Y-0.9871 Z0.2516
X9.8236 Y-0.9859 Z0.2517
X9.8256 Y-0.9794 Z0.2516
X9.8275 Y-0.9717
X9.829 Y-0.964
X9.8301 Y-0.9562 Z0.2517
X9.8307 Y-0.9485
X9.8308 Y-0.9408
X9.8304 Y-0.933
X9.8296 Y-0.9253 Z0.2516
X9.8284 Y-0.9176
X9.8266 Y-0.9098
X9.8245 Y-0.9021
X9.8236 Y-0.8994 Z0.2517
X9.8218 Y-0.8944
X9.8186 Y-0.8866
X9.8148 Y-0.8789
X9.8103 Y-0.8712
X9.805 Y-0.8634
X9.8004 Y-0.8574
X9.799 Y-0.8557
X9.7927 Y-0.8488
X9.7849 Y-0.8414
X9.7836 Y-0.8402
X9.7772 Y-0.8351
X9.7736 Y-0.8325
X9.7694 Y-0.8297
X9.7612 Y-0.8248
X9.7539 Y-0.8211
X9.7462 Y-0.8177
X9.7385 Y-0.8148
X9.7307 Y-0.8121 Z0.2518
X9.6754 Y-0.7939
X9.6456 Y-0.7846
X9.6068 Y-0.7728 Z0.2517
X9.5914 Y-0.7682 Z0.2518
X9.5449 Y-0.755
X9.5294 Y-0.7507
X9.4752 Y-0.7364
X9.4675 Y-0.7344 Z0.2517
X9.4443 Y-0.7287 Z0.2518
X9.4056 Y-0.7193
X9.3939 Y-0.7165
X9.3359 Y-0.7037
X9.3238 Y-0.7011
X9.2739 Y-0.691
X9.2585 Y-0.688 Z0.2517
X9.2197 Y-0.6809 Z0.2518
X9.1888 Y-0.6754 Z0.2517
X9.1562 Y-0.6702 Z0.2518
X9.1191 Y-0.6643 Z0.2517
X9.0959 Y-0.661 Z0.2518
X9.0494 Y-0.6545
X9.003 Y-0.649
X8.9797 Y-0.6462
X8.941 Y-0.6423
X8.9096 Y-0.6392
X8.8868 Y-0.6374
X8.8404 Y-0.6337
X8.8249 Y-0.6327
X8.763 Y-0.6291
X8.701 Y-0.6267
X8.6933 Y-0.6265
X8.6314 Y-0.6253
X8.6236 Y-0.6252
X8.6159 Y-0.6254 Z0.2517
X8.6081 Y-0.6259
X8.6004 Y-0.6269
X8.5926 Y-0.6283 Z0.2516
X8.5849 Y-0.6301
X8.5799 Y-0.6315 Z0.2517
X8.5772 Y-0.6324 Z0.2516
X8.5694 Y-0.6353 Z0.2517
X8.5617 Y-0.6387
X8.5539 Y-0.6427
X8.5462 Y-0.6475
X8.5385 Y-0.653
X8.5364 Y-0.6547 Z0.2516
X8.5307 Y-0.6594
X8.5275 Y-0.6624 Z0.2517
X8.523 Y-0.667 Z0.2516
X8.52 Y-0.6702 Z0.2517
X8.5152 Y-0.6758
X8.5136 Y-0.6779
X8.5075 Y-0.6863
X8.5032 Y-0.6934
X8.4992 Y-0.7011
X8.4958 Y-0.7088
X8.492 Y-0.719
X8.4905 Y-0.7243
X8.4887 Y-0.732 Z0.2516
X8.4873 Y-0.7397 Z0.2517
X8.4863 Y-0.7475
X8.4857 Y-0.7552
X8.4843 Y-0.7748 Z0.2519
X8.4832 Y-0.7861 Z0.2518
X8.4824 Y-0.7939 Z0.2519
X8.4813 Y-0.8016 Z0.2518
X8.4802 Y-0.8093 Z0.2519
X8.479 Y-0.8171
X8.4765 Y-0.8304
X8.4745 Y-0.8402
X8.4727 Y-0.848
X8.4708 Y-0.8557
X8.4688 Y-0.8635 Z0.2518
X8.4667 Y-0.8712 Z0.2519
X8.4619 Y-0.8866
X8.4593 Y-0.8944
X8.4537 Y-0.9098
X8.4507 Y-0.9176 Z0.2518
X8.4475 Y-0.9253
X8.4441 Y-0.933
X8.4378 Y-0.9468 Z0.2519
X8.4331 Y-0.9562 Z0.2518
X8.4291 Y-0.964 Z0.2519
X8.4249 Y-0.9717 Z0.2518
X8.4205 Y-0.9794
X8.4146 Y-0.9894
X8.4112 Y-0.9949
X8.4063 Y-1.0026
X8.3991 Y-1.0132
X8.3901 Y-1.0258
X8.3836 Y-1.0343
X8.3759 Y-1.0439 Z0.2519
X8.3716 Y-1.049
X8.365 Y-1.0567 Z0.2518
X8.3604 Y-1.0619 Z0.2519
X8.3508 Y-1.0722
X8.3432 Y-1.0799
X8.3352 Y-1.0877
X8.3269 Y-1.0954 Z0.2518
X8.3183 Y-1.1031 Z0.2519
X8.3091 Y-1.1108 Z0.2518
X8.2985 Y-1.1194
X8.2894 Y-1.1263
X8.283 Y-1.1309
X8.2752 Y-1.1364
X8.2673 Y-1.1418
X8.2597 Y-1.1466
X8.252 Y-1.1514 Z0.2519
X8.242 Y-1.1572 Z0.2518
X8.2365 Y-1.1604 Z0.2519
X8.221 Y-1.1686 Z0.2518
X8.2129 Y-1.1727
X8.2055 Y-1.1762
X8.1961 Y-1.1804
X8.1901 Y-1.1831
X8.1823 Y-1.1863 Z0.2519
X8.1746 Y-1.1893 Z0.2518
X8.1668 Y-1.1922 Z0.2519
X8.1563 Y-1.1959 Z0.2518
X8.1436 Y-1.2 Z0.2519
X8.1312 Y-1.2036
X8.1281 Y-1.2045
X8.1204 Y-1.2065
X8.1126 Y-1.2084
X8.1049 Y-1.2102
X8.0972 Y-1.2118
X8.0894 Y-1.2134
X8.0817 Y-1.2147 Z0.2518
X8.0739 Y-1.216
X8.0662 Y-1.2171 Z0.2519
X8.0585 Y-1.2181 Z0.2518
X8.0499 Y-1.2191 Z0.2519
X8.043 Y-1.2197 Z0.2518
X8.0275 Y-1.2209 Z0.2519
X8.0197 Y-1.2213 Z0.2518
X8.012 Y-1.2215
X8.0043 Y-1.2216 Z0.2519
X7.9965 Y-1.2217 Z0.2518
X7.9888 Y-1.2216
X7.9733 Y-1.2208
X7.9655 Y-1.2203
X7.9578 Y-1.2197
X7.9501 Y-1.219 Z0.2519
X7.9423 Y-1.2181
X7.9346 Y-1.2171
X7.9268 Y-1.2159
X7.9191 Y-1.2147 Z0.2518
X7.9114 Y-1.2133 Z0.2519
X7.9015 Y-1.2114 Z0.2518
X7.8881 Y-1.2084 Z0.2519
X7.8804 Y-1.2064
X7.8697 Y-1.2036
X7.8572 Y-1.1999
X7.8494 Y-1.1974
X7.8417 Y-1.1948 Z0.2518
X7.8339 Y-1.1921 Z0.2519
X7.8235 Y-1.1882 Z0.2518
X7.8107 Y-1.1829
X7.803 Y-1.1796
X7.7952 Y-1.1761
X7.7875 Y-1.1723
X7.7797 Y-1.1685 Z0.2519
X7.772 Y-1.1644 Z0.2518
X7.7643 Y-1.1602
X7.7565 Y-1.1558
X7.746 Y-1.1495
X7.741 Y-1.1464
X7.7333 Y-1.1414
X7.7255 Y-1.1362 Z0.2519
X7.7178 Y-1.1307 Z0.2518
X7.7101 Y-1.125 Z0.2519
X7.7016 Y-1.1186 Z0.2518
X7.6946 Y-1.113 Z0.2519
X7.6829 Y-1.1031
X7.6791 Y-1.0998
X7.6714 Y-1.0928
X7.6636 Y-1.0855
X7.6559 Y-1.0778
X7.6504 Y-1.0722
X7.6404 Y-1.0615
X7.6361 Y-1.0567
X7.6295 Y-1.049
X7.6249 Y-1.0436
X7.617 Y-1.0335 Z0.2518
X7.6111 Y-1.0258 Z0.2519
X7.6055 Y-1.0181 Z0.2518
X7.6001 Y-1.0103 Z0.2519
X7.5899 Y-0.9949
X7.5851 Y-0.9871 Z0.2518
X7.5806 Y-0.9794 Z0.2519
X7.5762 Y-0.9717 Z0.2518
X7.5707 Y-0.9615 Z0.2519
X7.568 Y-0.9562 Z0.2518
X7.563 Y-0.9461
X7.5604 Y-0.9408
X7.5552 Y-0.9291
X7.5536 Y-0.9253
X7.5474 Y-0.9098
X7.5445 Y-0.9021
X7.5397 Y-0.8884 Z0.2519
X7.5368 Y-0.8789 Z0.2518
X7.5344 Y-0.8712
X7.532 Y-0.8624
X7.5283 Y-0.848 Z0.2519
X7.5243 Y-0.8302 Z0.2517
X7.5229 Y-0.8248
X7.5209 Y-0.8171
X7.5184 Y-0.8093
X7.5165 Y-0.8043
X7.5153 Y-0.8016
X7.5117 Y-0.7939
X7.5088 Y-0.7884
X7.5075 Y-0.7861
X7.5024 Y-0.7784 Z0.2516
X7.4966 Y-0.7707
X7.4933 Y-0.7667 Z0.2517
X7.4899 Y-0.7629
X7.4855 Y-0.7585
X7.482 Y-0.7552
X7.4778 Y-0.7515 Z0.2516
X7.4701 Y-0.7455 Z0.2517
X7.4623 Y-0.7404
X7.4546 Y-0.7359
X7.4464 Y-0.732
X7.4391 Y-0.7291 Z0.2516
X7.4314 Y-0.7265
X7.4234 Y-0.7243 Z0.2517
X7.4159 Y-0.7227 Z0.2516
X7.4081 Y-0.7215 Z0.2517
X7.4004 Y-0.7208
X7.3926 Y-0.7204
X7.3849 Y-0.7206
X7.3772 Y-0.7209 Z0.2518
X7.2533 Y-0.7272
X7.1449 Y-0.7317
X7.1139 Y-0.7329
X6.9978 Y-0.7363
X6.9668 Y-0.7371
X6.8584 Y-0.7391
X6.8275 Y-0.7394 Z0.2517
X6.7423 Y-0.7401 Z0.2518
X6.7191 Y-0.7402
X6.6959 Z0.2517
X6.603 Y-0.7399 Z0.2518
X6.5565 Y-0.7395 Z0.2517
X6.4713 Y-0.7382 Z0.2518
X6.4172 Y-0.7371 Z0.2517
X6.3397 Y-0.7351 Z0.2518
X6.2855 Y-0.7335 Z0.2517
X6.2081 Y-0.7306 Z0.2518
X6.1462 Y-0.7281 Z0.2517
X6.0765 Y-0.7247 Z0.2518
X6.0068 Y-0.721 Z0.2517
X5.9526 Y-0.7178 Z0.2518
X5.8752 Y-0.7129 Z0.2517
X5.821 Y-0.7092 Z0.2518
X5.7359 Y-0.7028 Z0.2517
X5.6894 Y-0.699 Z0.2518
X5.6042 Y-0.6917 Z0.2517
X5.5655 Y-0.6882 Z0.2518
X5.4649 Y-0.6785
X5.4339 Y-0.6753
X5.3333 Y-0.6644
X5.3023 Y-0.6609
X5.1862 Y-0.6471
X5.1552 Y-0.6431
X5.0546 Y-0.63
X5.0159 Y-0.6246
X4.9307 Y-0.6126
X4.9229 Y-0.6115 Z0.2517
X4.9152 Y-0.6106
X4.9075 Y-0.61
X4.8997 Y-0.6096
X4.892 Y-0.6099
X4.8842 Y-0.6106
X4.8765 Y-0.6117 Z0.2516
X4.8688 Y-0.6133
X4.861 Y-0.6154
X4.8588 Y-0.616 Z0.2517
X4.8533 Y-0.6179
X4.8455 Y-0.621
X4.8394 Y-0.6238
X4.8378 Y-0.6246
X4.83 Y-0.6289
X4.8223 Y-0.634
X4.8153 Y-0.6392
X4.8066 Y-0.647 Z0.2516
X4.7991 Y-0.6547 Z0.2517
X4.7926 Y-0.6624
X4.7913 Y-0.6641
X4.7871 Y-0.6702
X4.7836 Y-0.6758
X4.7824 Y-0.6779
X4.7783 Y-0.6856
X4.7759 Y-0.691
X4.7749 Y-0.6934
X4.7721 Y-0.7011 Z0.2516
X4.7697 Y-0.7088
X4.7681 Y-0.7151
X4.7664 Y-0.7243
X4.7655 Y-0.732 Z0.2517
X4.7649 Y-0.7397
Y-0.7475
X4.7654 Y-0.7552
X4.7663 Y-0.7629 Z0.2516
X4.7676 Y-0.7707
X4.7681 Y-0.7731
X4.7694 Y-0.7784
X4.7717 Y-0.7861
X4.7744 Y-0.7939 Z0.2517
X4.7759 Y-0.7974
X4.7778 Y-0.8016
X4.7817 Y-0.8093
X4.7836 Y-0.8126
X4.7863 Y-0.8171
X4.7963 Y-0.8325 Z0.2518
X4.8011 Y-0.8402
X4.8057 Y-0.848 Z0.2519
X4.81 Y-0.8557 Z0.2518
X4.8146 Y-0.8644 Z0.2519
X4.818 Y-0.8712 Z0.2518
X4.8223 Y-0.8804 Z0.2519
X4.8251 Y-0.8866
X4.8283 Y-0.8944
X4.8313 Y-0.9021
X4.8341 Y-0.9098
X4.8378 Y-0.9205
X4.8416 Y-0.933
X4.8437 Y-0.9408
X4.8456 Y-0.9485
X4.8474 Y-0.9562
X4.849 Y-0.964
X4.8504 Y-0.9717
X4.8517 Y-0.9794
X4.8533 Y-0.9909
X4.8538 Y-0.9949
X4.8545 Y-1.0026 Z0.2518
X4.8552 Y-1.0103 Z0.2519
X4.8556 Y-1.0181 Z0.2518
X4.856 Y-1.0258
X4.8563 Y-1.049 Z0.2517
X4.8567 Y-1.0567
X4.8576 Y-1.0645
X4.8589 Y-1.0722 Z0.2516
X4.8606 Y-1.0799
X4.861 Y-1.0815
X4.8629 Y-1.0877
X4.8656 Y-1.0954 Z0.2517
X4.8689 Y-1.1031
X4.8727 Y-1.1108
X4.8765 Y-1.1173
X4.8773 Y-1.1186
X4.8826 Y-1.1263
X4.8842 Y-1.1284
X4.8888 Y-1.134
X4.892 Y-1.1375 Z0.2516
X4.8961 Y-1.1418
X4.8997 Y-1.1453 Z0.2517
X4.9045 Y-1.1495 Z0.2516
X4.9075 Y-1.1519 Z0.2517
X4.9152 Y-1.1576
X4.9229 Y-1.1625
X4.9273 Y-1.165
X4.9307 Y-1.1667
X4.9384 Y-1.1703
X4.9462 Y-1.1735
X4.9639 Y-1.1804 Z0.2518
X5.0468 Y-1.2125
X5.1404 Y-1.25
X5.1592 Y-1.2577
X5.2481 Y-1.2948
X5.3255 Y-1.3283
X5.3488 Y-1.3384
X5.3797 Y-1.3522
X5.4494 Y-1.3835
X5.5448 Y-1.4278
X5.5611 Y-1.4356
X5.643 Y-1.4749
X5.6662 Y-1.4864
X5.7436 Y-1.5249
X5.7591 Y-1.5328
X5.8442 Y-1.5766
X5.9371 Y-1.626
X5.9526 Y-1.6343
X6.0378 Y-1.6811
X6.092 Y-1.7117
X6.1367 Y-1.7371
X6.2236 Y-1.7878
X6.2391 Y-1.797
X6.3242 Y-1.8482
X6.4192 Y-1.9072
X6.5101 Y-1.9652
X6.5488 Y-1.9906
X6.603 Y-2.0263
X6.6898 Y-2.085
X6.6959 Y-2.089 Z0.2517
X6.702 Y-2.0927
X6.7036 Y-2.0937
X6.7113 Y-2.0978
X6.7172 Y-2.1005
X6.7191 Y-2.1012
X6.7268 Y-2.1041 Z0.2516
X6.7346 Y-2.1065
X6.7423 Y-2.1084
X6.7501 Y-2.1098 Z0.2517
X6.7578 Y-2.1108
X6.7655 Y-2.1114
X6.7733
X6.781 Y-2.111
X6.7888 Y-2.1101 Z0.2516
X6.7965 Y-2.1088
X6.7995 Y-2.1082 Z0.2517
X6.8042 Y-2.107
X6.812 Y-2.1048
X6.8197 Y-2.102
X6.8236 Y-2.1005
X6.8275 Y-2.0987
X6.8352 Y-2.0948
X6.8387 Y-2.0927
X6.843 Y-2.0901
X6.8507 Y-2.0848
X6.8584 Y-2.0785
X6.8598 Y-2.0773 Z0.2516
X6.8662 Y-2.0712
X6.8678 Y-2.0695
X6.8746 Y-2.0618
X6.8805 Y-2.0541 Z0.2517
X6.8858 Y-2.0463
X6.8972 Y-2.029 Z0.2518
X6.9049 Y-2.0177
X6.912 Y-2.0077
X6.9204 Y-1.9963
X6.9295 Y-1.9845 Z0.2519
X6.9359 Y-1.9766 Z0.2518
X6.9436 Y-1.9672
X6.9513 Y-1.9582
X6.9623 Y-1.9458
X6.9696 Y-1.9381
X6.977 Y-1.9304 Z0.2519
X6.9846 Y-1.9226 Z0.2518
X6.9925 Y-1.9149
X6.9978 Y-1.9098 Z0.2519
X7.0091 Y-1.8994 Z0.2518
X7.0177 Y-1.8917
X7.0288 Y-1.8823
X7.0365 Y-1.8759 Z0.2519
X7.0458 Y-1.8685 Z0.2518
X7.0558 Y-1.8608 Z0.2519
X7.0675 Y-1.8522 Z0.2518
X7.0771 Y-1.8453 Z0.2519
X7.0907 Y-1.8361 Z0.2518
X7.1002 Y-1.8299
X7.1139 Y-1.8213
X7.1217 Y-1.8167
X7.1372 Y-1.8078
X7.1449 Y-1.8036
X7.1538 Y-1.7989
X7.1604 Y-1.7955
X7.1691 Y-1.7912
X7.1759 Y-1.7879
X7.1854 Y-1.7835
X7.1991 Y-1.7774
X7.2068 Y-1.7741
X7.2155 Y-1.7706
X7.2206 Y-1.7684 Z0.2517
X7.2255 Y-1.7659 Z0.2514
X7.2303 Y-1.7632 Z0.2509
X7.235 Y-1.7603 Z0.2502
X7.2397 Y-1.7573 Z0.2494
X7.2487 Y-1.7509 Z0.2477
X7.2577 Y-1.7446 Z0.2458
X7.2623 Y-1.7415 Z0.2449
X7.2669 Y-1.7386 Z0.2441
X7.2717 Y-1.7358 Z0.2433
X7.2765 Y-1.7332 Z0.2427
X7.2815 Y-1.7309 Z0.2422
X7.2866 Y-1.7289 Z0.2419
X7.2918 Y-1.7272 Z0.2417
X7.2997 Y-1.7252 Z0.2418
X7.3075 Y-1.7233 Z0.2417
X7.323 Y-1.7197
X7.3307 Y-1.7181 Z0.2418
X7.3462 Y-1.7151 Z0.2417
X7.3539 Y-1.7137 Z0.2418
X7.3694 Y-1.7113 Z0.2417
X7.3772 Y-1.7102 Z0.2418
X7.3926 Y-1.7083 Z0.2417
X7.4081 Y-1.7066
X7.4236 Y-1.7054
X7.4314 Y-1.7049
X7.4468 Y-1.7042
X7.4546 Y-1.7039
X7.4623 Y-1.7037
X7.4855
X7.4933 Y-1.7039
X7.5088 Y-1.7046
X7.5243 Y-1.7056
X7.532 Y-1.7062
X7.5397 Y-1.7068
X7.5552 Y-1.7085
X7.563 Y-1.7094 Z0.2418
X7.5784 Y-1.7116 Z0.2417
X7.5862 Y-1.7128 Z0.2418
X7.5939 Y-1.7141 Z0.2417
X7.6094 Y-1.717
X7.6172 Y-1.7186 Z0.2418
X7.6311 Y-1.7216 Z0.2417
X7.6404 Y-1.7238 Z0.2418
X7.6559 Y-1.7278 Z0.2417
X7.6636 Y-1.7299 Z0.2418
X7.6714 Y-1.7321 Z0.2417
X7.6878 Y-1.7371 Z0.2418
X7.6946 Y-1.7393 Z0.2417
X7.7108 Y-1.7448
X7.7178 Y-1.7473
X7.7314 Y-1.7525
X7.741 Y-1.7564 Z0.2418
X7.7504 Y-1.7603 Z0.2417
X7.7643 Y-1.7663 Z0.2418
X7.7797 Y-1.7735 Z0.2417
X7.7875 Y-1.7773 Z0.2418
X7.7996 Y-1.7835 Z0.2417
X7.8107 Y-1.7893
X7.8184 Y-1.7936
X7.8278 Y-1.7989
X7.8339 Y-1.8025
X7.8494 Y-1.8119
X7.8572 Y-1.8168
X7.8726 Y-1.8271
X7.8767 Y-1.8299
X7.8881 Y-1.838
X7.8981 Y-1.8453 Z0.2418
X7.9082 Y-1.8531 Z0.2417
X7.9191 Y-1.8617 Z0.2418
X7.9367 Y-1.8762 Z0.2417
X7.9423 Y-1.8807 Z0.2416
X7.9467 Y-1.884
X7.9501 Y-1.8864
X7.9586 Y-1.8917
X7.9655 Y-1.8953
X7.9733 Y-1.8986
X7.9756 Y-1.8994
X7.981 Y-1.9012
X7.9888 Y-1.9033
X7.9965 Y-1.9049
X8.0043 Y-1.906
X8.012 Y-1.9065
X8.0197
X8.0275 Y-1.906
X8.0352 Y-1.9049
X8.043 Y-1.9032
X8.0507 Y-1.9012
X8.056 Y-1.8994
X8.0585 Y-1.8985
X8.0662 Y-1.8952
X8.0729 Y-1.8917
X8.0817 Y-1.8863
X8.0849 Y-1.884
X8.0894 Y-1.8805
X8.0946 Y-1.8762
X8.1049 Y-1.867 Z0.2417
X8.1287 Y-1.8453
X8.1374 Y-1.8376
X8.1514 Y-1.8254
X8.1746 Y-1.8055
X8.1918 Y-1.7912
X8.2133 Y-1.7737
X8.2303 Y-1.7603
X8.2503 Y-1.7448 Z0.2418
X8.2709 Y-1.7294 Z0.2417
X8.283 Y-1.7205
X8.2921 Y-1.7139 Z0.2418
X8.3139 Y-1.6984 Z0.2417
X8.3294 Y-1.6876
X8.3449 Y-1.6772
X8.3681 Y-1.6618
X8.3759 Y-1.6567
X8.4146 Y-1.6324
X8.4223 Y-1.6277
X8.461 Y-1.6048
X8.4765 Y-1.5961
X8.5075 Y-1.5789
X8.523 Y-1.5707
X8.5462 Y-1.5586
X8.5617 Y-1.5508
X8.5772 Y-1.5432
X8.5926 Y-1.5356
X8.6159 Y-1.5247
X8.6391 Y-1.5141
X8.6623 Y-1.504
X8.6778 Y-1.4973
X8.6933 Y-1.4909
X8.7243 Y-1.4784
X8.735 Y-1.4742
X8.763 Y-1.4638
X8.7785 Y-1.4581
X8.7939 Y-1.4526
X8.8249 Y-1.4421
X8.8326 Y-1.4395
X8.8481 Y-1.4346
X8.8791 Y-1.425
X8.8961 Y-1.4201
X8.9256 Y-1.4118
X8.941 Y-1.4077
X8.9565 Y-1.4037
X8.9797 Y-1.3979
X9.003 Y-1.3924
X9.0262 Y-1.3872 Z0.2418
X9.054 Y-1.3814 Z0.2417
X9.0726 Y-1.3777
X9.0881 Y-1.3749
X9.1191 Y-1.3694
X9.1268 Y-1.3681
X9.1578 Y-1.3634
X9.1733 Y-1.3611
X9.1888 Y-1.3591
X9.2197 Y-1.3553
X9.2275 Y-1.3544
X9.243 Y-1.3528
X9.2739 Y-1.3499
X9.2894 Y-1.3486
X9.3127 Y-1.347
X9.3281 Y-1.3459
X9.3514 Y-1.3447
X9.3668 Y-1.3441
X9.3823 Y-1.3436
X9.4056 Y-1.343
X9.421 Y-1.3427
X9.4288 Y-1.3426
X9.4597 Y-1.3427
X9.4752 Y-1.3428
X9.5062 Y-1.3437
X9.5217 Y-1.3442
X9.5294 Y-1.3445
X9.5759 Y-1.347
X9.5836 Y-1.3473
X9.5914 Y-1.3474 Z0.2416
X9.5991 Y-1.3468
X9.6068 Y-1.3458
X9.6146 Y-1.3444
X9.6209 Y-1.3428
X9.6223 Y-1.3424
X9.6301 Y-1.3398
X9.6378 Y-1.3366
X9.6411 Y-1.3351
X9.6456 Y-1.3327
X9.6533 Y-1.3279
X9.661 Y-1.3224
X9.6644 Y-1.3196
X9.6688 Y-1.3157
X9.6727 Y-1.3119
X9.6765 Y-1.3078
X9.6796 Y-1.3041
X9.6843 Y-1.2979
X9.6853 Y-1.2964
X9.6902 Y-1.2887
X9.692 Y-1.2855
X9.6943 Y-1.2809
X9.6977 Y-1.2732
X9.6998 Y-1.2674
X9.7004 Y-1.2655 Z0.2415
X9.7025 Y-1.2577 Z0.2416
X9.7043 Y-1.25
X9.7075 Y-1.2345 Z0.2417
X9.709 Y-1.2268 Z0.2418
X9.7107 Y-1.2191 Z0.2417
X9.7143 Y-1.2036 Z0.2418
X9.7162 Y-1.1959
X9.7203 Y-1.1804 Z0.2417
X9.723 Y-1.1711 Z0.2418
X9.7272 Y-1.1572 Z0.2417
X9.7307 Y-1.1464 Z0.2418
X9.7378 Y-1.1263 Z0.2417
X9.7406 Y-1.1186
X9.7462 Y-1.1044
X9.7499 Y-1.0954
X9.7539 Y-1.0862
X9.7602 Y-1.0722
X9.7677 Y-1.0567
X9.7715 Y-1.049
X9.7772 Y-1.0382
X9.7796 Y-1.0335
X9.7849 Y-1.0239
X9.7971 Y-1.0026
X9.8004 Y-0.9965 Z0.2416
X9.8012 Y-0.9949
X9.8046 Y-0.9871
X9.8075 Y-0.9794
X9.8081 Y-0.9774
X9.8097 Y-0.9717
X9.8114 Y-0.964
X9.8126 Y-0.9562
X9.8134 Y-0.9485
X9.8135 Y-0.9408
X9.8131 Y-0.933
X9.8121 Y-0.9253
X9.8107 Y-0.9176 Z0.2415
X9.8087 Y-0.9098
X9.8081 Y-0.9079 Z0.2416
X9.8062 Y-0.9021
X9.8031 Y-0.8944
X9.8004 Y-0.8887
X9.7993 Y-0.8866
X9.7947 Y-0.8789
X9.7927 Y-0.8759
X9.7892 Y-0.8712
X9.7849 Y-0.8659
X9.7826 Y-0.8634
X9.7772 Y-0.8579
X9.7749 Y-0.8557
X9.7694 Y-0.851
X9.7654 Y-0.848
X9.7617 Y-0.8453
X9.7535 Y-0.8402
X9.7462 Y-0.8365
X9.7385 Y-0.8332
X9.7307 Y-0.8304
X9.7075 Y-0.8226 Z0.2417
X9.667 Y-0.8093
X9.6168 Y-0.7939
X9.5991 Y-0.7885
X9.5681 Y-0.7796
X9.537 Y-0.7707
X9.5217 Y-0.7665
X9.4675 Y-0.7522
X9.4485 Y-0.7475
X9.3978 Y-0.7352
X9.3823 Y-0.7317
X9.3281 Y-0.7197
X9.3049 Y-0.7149
X9.2585 Y-0.7056
X9.2341 Y-0.7011
X9.1888 Y-0.693
X9.1656 Y-0.6891
X9.1191 Y-0.6818
X9.1036 Y-0.6795
X9.0494 Y-0.672
X9.0339 Y-0.67
G3 X8.8946 Y-0.6553 I-0.4438 J-3.5277
G1 X8.8326 Y-0.6505
X8.7707 Y-0.6469
X8.763 Y-0.6464
X8.7088 Y-0.6443
X8.6933 Y-0.6438
X8.6623 Y-0.6431
X8.6236 Y-0.6424
X8.6159 Y-0.6427 Z0.2416
X8.6081 Y-0.6433
X8.6004 Y-0.6444
X8.5926 Y-0.646
X8.5887 Y-0.647
X8.5849 Y-0.6481
X8.5772 Y-0.6509
X8.5694 Y-0.6542
X8.5683 Y-0.6547
X8.5617 Y-0.6582
X8.555 Y-0.6624
X8.5462 Y-0.669
X8.5448 Y-0.6702
X8.5385 Y-0.6759
X8.5365 Y-0.6779
X8.5307 Y-0.6842
X8.5296 Y-0.6856
X8.523 Y-0.6944
X8.5187 Y-0.7011
X8.5147 Y-0.7088
X8.5113 Y-0.7165
X8.5085 Y-0.7243
X8.5075 Y-0.7279
X8.5064 Y-0.732 Z0.2415
X8.5048 Y-0.7397
X8.5037 Y-0.7475 Z0.2416
X8.503 Y-0.7552
X8.5013 Y-0.7784 Z0.2418
X8.5005 Y-0.7861 Z0.2417
X8.4997 Y-0.7939 Z0.2418
X8.4987 Y-0.8016
X8.4976 Y-0.8093
X8.4965 Y-0.8171
X8.4951 Y-0.8248
X8.4937 Y-0.8325
X8.492 Y-0.8407
X8.4904 Y-0.848
X8.4886 Y-0.8557
X8.4866 Y-0.8634
X8.4843 Y-0.8723
X8.4824 Y-0.8789
X8.4775 Y-0.8944
X8.4749 Y-0.9021
X8.4693 Y-0.9176 Z0.2417
X8.4662 Y-0.9253
X8.463 Y-0.933
X8.4596 Y-0.9408
X8.4533 Y-0.9544 Z0.2418
X8.4485 Y-0.964 Z0.2417
X8.4445 Y-0.9717 Z0.2418
X8.4403 Y-0.9794 Z0.2417
X8.436 Y-0.9871
X8.4301 Y-0.9971
X8.4267 Y-1.0026
X8.4218 Y-1.0103
X8.4146 Y-1.0211
X8.4113 Y-1.0258 Z0.2418
X8.4058 Y-1.0335 Z0.2417
X8.3991 Y-1.0425
X8.3914 Y-1.0522
X8.3877 Y-1.0567 Z0.2418
X8.3811 Y-1.0645 Z0.2417
X8.3743 Y-1.0722 Z0.2418
X8.3672 Y-1.0799
X8.3598 Y-1.0877
X8.352 Y-1.0954
X8.344 Y-1.1031
X8.3356 Y-1.1108 Z0.2417
X8.3294 Y-1.1163 Z0.2418
X8.3217 Y-1.1228 Z0.2417
X8.3139 Y-1.1292 Z0.2418
X8.3062 Y-1.1352 Z0.2417
X8.2975 Y-1.1418 Z0.2418
X8.283 Y-1.152 Z0.2417
X8.2752 Y-1.1572
X8.2628 Y-1.165 Z0.2418
X8.2497 Y-1.1727 Z0.2417
X8.2443 Y-1.1758 Z0.2418
X8.2288 Y-1.1841
X8.2206 Y-1.1882 Z0.2417
X8.2133 Y-1.1916
X8.2038 Y-1.1959 Z0.2418
X8.1978 Y-1.1985 Z0.2417
X8.1901 Y-1.2018 Z0.2418
X8.1823 Y-1.2048 Z0.2417
X8.1746 Y-1.2077 Z0.2418
X8.1644 Y-1.2114
X8.1591 Y-1.2132 Z0.2417
X8.1514 Y-1.2157 Z0.2418
X8.1399 Y-1.2191
X8.1359 Y-1.2202
X8.1281 Y-1.2223
X8.1204 Y-1.2243
X8.1096 Y-1.2268
X8.1049 Y-1.2278
X8.0972 Y-1.2294
X8.0894 Y-1.2309
X8.0817 Y-1.2322 Z0.2417
X8.0739 Y-1.2334 Z0.2418
X8.066 Y-1.2345
X8.0585 Y-1.2355 Z0.2417
X8.0507 Y-1.2364 Z0.2418
X8.043 Y-1.237 Z0.2417
X8.0275 Y-1.2382
X8.0197 Y-1.2385
X8.012 Y-1.2388
X8.0043 Z0.2418
X7.9965 Y-1.2389 Z0.2417
X7.9888 Y-1.2388
X7.9733 Y-1.2381
X7.9655 Y-1.2377 Z0.2418
X7.9578 Y-1.237 Z0.2417
X7.9501 Y-1.2363 Z0.2418
X7.9423 Y-1.2354
X7.9346 Y-1.2345
X7.9268 Y-1.2334
X7.9191 Y-1.2322
X7.9114 Y-1.2308
X7.9036 Y-1.2294
X7.8959 Y-1.2278 Z0.2417
X7.8881 Y-1.2261 Z0.2418
X7.8804 Y-1.2242
X7.8649 Y-1.2202
X7.8572 Y-1.2179
X7.8494 Y-1.2155
X7.8417 Y-1.213
X7.8339 Y-1.2104 Z0.2417
X7.8262 Y-1.2076 Z0.2418
X7.8184 Y-1.2047 Z0.2417
X7.8107 Y-1.2016 Z0.2418
X7.7972 Y-1.1959 Z0.2417
X7.7875 Y-1.1915
X7.7797 Y-1.1877
X7.772 Y-1.1839 Z0.2418
X7.7643 Y-1.1798 Z0.2417
X7.7565 Y-1.1756
X7.7488 Y-1.1712 Z0.2418
X7.7382 Y-1.165 Z0.2417
X7.7333 Y-1.1619 Z0.2418
X7.7255 Y-1.1569 Z0.2417
X7.7178 Y-1.1518 Z0.2418
X7.7101 Y-1.1463 Z0.2417
X7.7023 Y-1.1408 Z0.2418
X7.6934 Y-1.134
X7.6836 Y-1.1263
X7.6714 Y-1.116
X7.6636 Y-1.1091
X7.6559 Y-1.1019
X7.6481 Y-1.0944
X7.6404 Y-1.0867
X7.6326 Y-1.0785
X7.6249 Y-1.0701
X7.62 Y-1.0645
X7.6134 Y-1.0567
X7.6094 Y-1.0519 Z0.2417
X7.6012 Y-1.0413 Z0.2418
X7.5939 Y-1.0315 Z0.2417
X7.5898 Y-1.0258
X7.5862 Y-1.0206 Z0.2418
X7.5784 Y-1.0089
X7.5744 Y-1.0026
X7.5696 Y-0.9949 Z0.2417
X7.5651 Y-0.9871 Z0.2418
X7.5608 Y-0.9794 Z0.2417
X7.5552 Y-0.9692 Z0.2418
X7.5487 Y-0.9562 Z0.2417
X7.545 Y-0.9485 Z0.2418
X7.5397 Y-0.9368 Z0.2417
X7.5381 Y-0.933
X7.5319 Y-0.9176
X7.5289 Y-0.9098 Z0.2418
X7.5243 Y-0.8965
X7.5235 Y-0.8944
X7.5211 Y-0.8866
X7.5187 Y-0.8789 Z0.2417
X7.5165 Y-0.8712 Z0.2418
X7.5144 Y-0.8634 Z0.2417
X7.5124 Y-0.8557 Z0.2418
X7.5088 Y-0.8402 Z0.2417
X7.507 Y-0.8325 Z0.2416
X7.5051 Y-0.8248
X7.5027 Y-0.8171
X7.501 Y-0.8122
X7.4999 Y-0.8093
X7.4963 Y-0.8016
X7.4933 Y-0.7961
X7.4919 Y-0.7939
X7.4867 Y-0.7861
X7.4855 Y-0.7847
X7.4806 Y-0.7784
X7.4778 Y-0.7753
X7.4733 Y-0.7707
X7.4701 Y-0.7677
X7.4644 Y-0.7629
X7.4623 Y-0.7613
X7.4534 Y-0.7552
X7.4468 Y-0.7514
X7.4385 Y-0.7475
X7.4314 Y-0.7447
X7.4236 Y-0.7423
X7.4159 Y-0.7404
X7.4129 Y-0.7397
X7.4081 Y-0.739
X7.4004 Y-0.7381
X7.3926 Y-0.7377
X7.3849 Y-0.7378 Z0.2417
X7.3772 Y-0.7382
X7.2533 Y-0.7445
X7.1449 Y-0.749
X7.1139 Y-0.7501
X6.9901 Y-0.7538
X6.9668 Y-0.7543
X6.8584 Y-0.7563
X6.8275 Y-0.7567
X6.7346 Y-0.7574
X6.6959 Y-0.7575
X6.603 Y-0.7571
X6.5565 Y-0.7567
X6.4713 Y-0.7555
X6.4172 Y-0.7544
X6.3397 Y-0.7524
X6.2855 Y-0.7507
X6.2081 Y-0.7479
X6.1462 Y-0.7453 Z0.2416
X6.0765 Y-0.742 Z0.2417
X6.0068 Y-0.7383
X5.9449 Y-0.7347
X5.8752 Y-0.7302
X5.821 Y-0.7265
X5.7359 Y-0.7201
X5.6894 Y-0.7164
X5.6014 Y-0.7088
X5.5578 Y-0.7048
X5.4649 Y-0.6958
X5.4262 Y-0.6918
X5.3255 Y-0.681
X5.2946 Y-0.6774
X5.1862 Y-0.6645
X5.1552 Y-0.6606
X5.051 Y-0.647
X4.9307 Y-0.63
X4.9229 Y-0.629
X4.9152 Y-0.628 Z0.2416
X4.9075 Y-0.6273
X4.8997 Y-0.6269 Z0.2417
X4.892 Y-0.6272 Z0.2416
X4.8842 Y-0.6281
X4.8765 Y-0.6294 Z0.2415
X4.8676 Y-0.6315 Z0.2416
X4.861 Y-0.6335
X4.8533 Y-0.6365
X4.8472 Y-0.6392
X4.8455 Y-0.6401
X4.8378 Y-0.6445
X4.834 Y-0.647
X4.83 Y-0.6498
X4.8239 Y-0.6547
X4.8223 Y-0.6561
X4.8156 Y-0.6624 Z0.2415
X4.8146 Y-0.6635
X4.8086 Y-0.6702 Z0.2416
X4.8068 Y-0.6724
X4.8028 Y-0.6779
X4.7991 Y-0.6836
X4.7979 Y-0.6856
X4.7938 Y-0.6934
X4.7913 Y-0.6989
X4.7905 Y-0.7011
X4.7878 Y-0.7088
X4.7856 Y-0.7165
X4.784 Y-0.7243
X4.7836 Y-0.7264
X4.7829 Y-0.732
X4.7823 Y-0.7397
X4.7822 Y-0.7475
X4.7828 Y-0.7552
X4.7836 Y-0.7618
X4.7853 Y-0.7707
X4.7874 Y-0.7784
X4.79 Y-0.7861
X4.7913 Y-0.7896
X4.7932 Y-0.7939
X4.7972 Y-0.8016
X4.7991 Y-0.8048
X4.8019 Y-0.8093
X4.8118 Y-0.8248 Z0.2418
X4.8166 Y-0.8325 Z0.2417
X4.8211 Y-0.8402 Z0.2418
X4.8254 Y-0.848 Z0.2417
X4.83 Y-0.8568 Z0.2418
X4.8334 Y-0.8634 Z0.2417
X4.8378 Y-0.8728 Z0.2418
X4.8405 Y-0.8789
X4.8438 Y-0.8866
X4.8468 Y-0.8944
X4.8497 Y-0.9021
X4.8533 Y-0.9124
X4.8549 Y-0.9176
X4.8573 Y-0.9253
X4.8595 Y-0.933
X4.8615 Y-0.9408
X4.8633 Y-0.9485
X4.865 Y-0.9562
X4.8666 Y-0.964
X4.8688 Y-0.9768
X4.8702 Y-0.9871
X4.8711 Y-0.9949
X4.8719 Y-1.0026 Z0.2417
X4.8725 Y-1.0103 Z0.2418
X4.8729 Y-1.0181 Z0.2417
X4.8732 Y-1.0258
X4.8736 Y-1.049 Z0.2416
X4.8741 Y-1.0567
X4.8751 Y-1.0645
X4.8766 Y-1.0722
X4.8786 Y-1.0799
X4.8812 Y-1.0877
X4.8843 Y-1.0954
X4.8882 Y-1.1031
X4.892 Y-1.1095
X4.8985 Y-1.1186
X4.9052 Y-1.1263
X4.9075 Y-1.1287
X4.9131 Y-1.134
X4.9152 Y-1.1359
X4.9229 Y-1.1419
X4.9307 Y-1.147
X4.935 Y-1.1495
X4.9384 Y-1.1513
X4.9462 Y-1.1548 Z0.2417
X4.9539 Y-1.158
X5.0519 Y-1.1959
X5.1397 Y-1.2311
X5.163 Y-1.2406
X5.2481 Y-1.2761
X5.2636 Y-1.2827
X5.3565 Y-1.3229
X5.403 Y-1.3437
X5.4571 Y-1.3681
X5.5525 Y-1.4124
X5.5655 Y-1.4185
X5.6507 Y-1.4595
X5.6739 Y-1.471
G2 X5.9067 Y-1.5902 I-3.3444 J-6.8161
G1 X5.9526 Y-1.6147
X6.0301 Y-1.6571
X6.0489 Y-1.6675
X6.1384 Y-1.7182
X6.1539 Y-1.7271
X6.2391 Y-1.7769
X6.3242 Y-1.8281
X6.3399 Y-1.8376
X6.4271 Y-1.8917
X6.5178 Y-1.9497
X6.541 Y-1.9649
X6.6107 Y-2.0107
X6.6572 Y-2.0421
X6.6977 Y-2.0695
X6.7036 Y-2.0734 Z0.2416
X6.7113 Y-2.0782
X6.7191 Y-2.0823
X6.725 Y-2.085
X6.7346 Y-2.0884
X6.7423 Y-2.0906
X6.7501 Y-2.0923
X6.7526 Y-2.0927
X6.7578 Y-2.0934
X6.7655 Y-2.0941
X6.7733
X6.781 Y-2.0936
X6.7888 Y-2.0926
X6.7965 Y-2.0911
X6.8042 Y-2.089
X6.812 Y-2.0864
X6.8157 Y-2.085
X6.8197 Y-2.0832
X6.8275 Y-2.0793
X6.8309 Y-2.0773
X6.8352 Y-2.0745
X6.8421 Y-2.0695
X6.843 Y-2.0688
X6.851 Y-2.0618
X6.8584 Y-2.0541
X6.8647 Y-2.0463
X6.8662 Y-2.0444
X6.8702 Y-2.0386
X6.8855 Y-2.0154 Z0.2417
X6.8909 Y-2.0077
X6.8972 Y-1.9987
X6.9049 Y-1.9882
X6.9136 Y-1.9768
X6.9204 Y-1.9683
X6.9281 Y-1.9588
X6.9325 Y-1.9536 Z0.2418
X6.9436 Y-1.9409 Z0.2417
X6.9513 Y-1.9323
X6.9605 Y-1.9226
X6.9679 Y-1.9149 Z0.2418
X6.9757 Y-1.9072 Z0.2417
X6.9837 Y-1.8994 Z0.2418
X6.992 Y-1.8917 Z0.2417
X7.0004 Y-1.884
X7.0055 Y-1.8794 Z0.2418
X7.0133 Y-1.8728 Z0.2417
X7.021 Y-1.8663
X7.0288 Y-1.86
X7.0376 Y-1.8531
X7.0476 Y-1.8453 Z0.2418
X7.0597 Y-1.8365 Z0.2417
X7.0691 Y-1.8299 Z0.2418
X7.0805 Y-1.8221 Z0.2417
X7.0924 Y-1.8144
X7.1062 Y-1.8058
X7.1139 Y-1.8012
X7.1294 Y-1.7924
X7.1372 Y-1.7882
X7.1526 Y-1.7801
X7.1614 Y-1.7757
X7.1681 Y-1.7725
X7.1777 Y-1.768
X7.1913 Y-1.762
X7.1991 Y-1.7587
X7.2091 Y-1.7546
X7.2223 Y-1.7494
X7.2301 Y-1.7466 Z0.2418
X7.2378 Y-1.7438 Z0.2417
X7.2533 Y-1.7385 Z0.2418
X7.261 Y-1.7361 Z0.2417
X7.2765 Y-1.7314 Z0.2418
X7.2918 Y-1.7272 Z0.2417
X7.2972 Y-1.7256 Z0.2416
X7.3024 Y-1.7237 Z0.2414
X7.3075 Y-1.7215 Z0.2409
X7.3125 Y-1.7191 Z0.2404
X7.3174 Y-1.7166 Z0.2398
X7.3272 Y-1.7113 Z0.2383
X7.3368 Y-1.7059 Z0.2367
X7.3417 Y-1.7034 Z0.236
X7.3467 Y-1.7009 Z0.2353
X7.3517 Y-1.6987 Z0.2347
X7.3568 Y-1.6966 Z0.2341
X7.362 Y-1.6949 Z0.2337
X7.3673 Y-1.6935 Z0.2335
X7.3727 Y-1.6925 Z0.2334
X7.3772 Y-1.6919
X7.3926 Y-1.69
X7.4004 Y-1.6892
X7.4081 Y-1.6884
X7.4236 Y-1.6872
X7.4314 Y-1.6867
X7.4468 Y-1.686 Z0.2333
X7.4546 Y-1.6857 Z0.2334
X7.4623 Y-1.6855 Z0.2333
X7.4855 Y-1.6856 Z0.2334
X7.4933 Y-1.6858 Z0.2333
X7.5088 Y-1.6864 Z0.2334
X7.5243 Y-1.6874
X7.532 Y-1.6879
X7.5397 Y-1.6886
X7.5552 Y-1.6902
X7.563 Y-1.6911
X7.5784 Y-1.6933
X7.5862 Y-1.6944
X7.5939 Y-1.6957
X7.6094 Y-1.6985
X7.6172 Y-1.7
X7.6326 Y-1.7033
X7.6447 Y-1.7062
X7.6559 Y-1.709
X7.6636 Y-1.711
X7.6738 Y-1.7139
X7.6868 Y-1.7178
X7.6946 Y-1.7202
X7.7101 Y-1.7253
X7.7215 Y-1.7294
X7.7333 Y-1.7338
X7.7488 Y-1.7399
X7.7604 Y-1.7448
X7.772 Y-1.7499
X7.7875 Y-1.7571
X7.7952 Y-1.7608
X7.803 Y-1.7648
X7.8184 Y-1.7729
X7.8262 Y-1.7771 Z0.2333
X7.8374 Y-1.7835 Z0.2334
X7.8417 Y-1.786
X7.8572 Y-1.7953
X7.8649 Y-1.8002
X7.8804 Y-1.8104
X7.8881 Y-1.8157
X7.8972 Y-1.8221
X7.9078 Y-1.8299
X7.9191 Y-1.8385
X7.9277 Y-1.8453
X7.9501 Y-1.8637 Z0.2333
X7.9563 Y-1.8685 Z0.2332
X7.9578 Y-1.8696 Z0.2333
X7.9655 Y-1.8746 Z0.2332
X7.9683 Y-1.8762 Z0.2333
X7.9733 Y-1.8788
X7.981 Y-1.8821
X7.9869 Y-1.884 Z0.2332
X7.9888 Y-1.8845
X7.9965 Y-1.8863
X8.0043 Y-1.8876
X8.012 Y-1.8883 Z0.2333
X8.0197
X8.0275 Y-1.8876 Z0.2332
X8.0352 Y-1.8863
X8.043 Y-1.8844
X8.0446 Y-1.884
X8.0507 Y-1.882 Z0.2333
X8.0585 Y-1.8787
X8.0633 Y-1.8762
X8.0662 Y-1.8745 Z0.2332
X8.0739 Y-1.8695
X8.0817 Y-1.8633 Z0.2333
X8.0846 Y-1.8608
X8.0972 Y-1.8495
X8.1204 Y-1.8284 Z0.2334
X8.1281 Y-1.8215
X8.1453 Y-1.8067 Z0.2333
X8.1633 Y-1.7912 Z0.2334
X8.1823 Y-1.7755 Z0.2333
X8.201 Y-1.7603 Z0.2334
X8.221 Y-1.7445 Z0.2333
X8.2365 Y-1.7325 Z0.2334
X8.2597 Y-1.715 Z0.2333
X8.2752 Y-1.7037 Z0.2334
X8.283 Y-1.6981
X8.3062 Y-1.6817 Z0.2333
X8.3154 Y-1.6752
X8.3294 Y-1.6657 Z0.2334
X8.3526 Y-1.6502 Z0.2333
X8.3681 Y-1.6401 Z0.2334
X8.3991 Y-1.6207 Z0.2333
X8.4108 Y-1.6134 Z0.2334
X8.4455 Y-1.5928
X8.4533 Y-1.5883
X8.4688 Y-1.5796 Z0.2333
X8.4997 Y-1.5625 Z0.2334
X8.5204 Y-1.5515 Z0.2333
X8.5385 Y-1.5422 Z0.2334
X8.5539 Y-1.5344 Z0.2333
X8.5694 Y-1.5267
X8.5926 Y-1.5155 Z0.2334
X8.6081 Y-1.5083 Z0.2333
X8.632 Y-1.4974 Z0.2334
X8.6623 Y-1.4842 Z0.2333
X8.6778 Y-1.4776 Z0.2334
X8.6933 Y-1.4713
X8.7165 Y-1.462 Z0.2333
X8.732 Y-1.4559 Z0.2334
X8.763 Y-1.4444 Z0.2333
X8.7785 Y-1.4388 Z0.2334
X8.8017 Y-1.4308 Z0.2333
X8.8249 Y-1.4229 Z0.2334
X8.8404 Y-1.418 Z0.2333
X8.8714 Y-1.4084 Z0.2334
X8.8868 Y-1.4038 Z0.2333
X8.9178 Y-1.3951 Z0.2334
X8.9256 Y-1.393
X8.9488 Y-1.3869 Z0.2333
X8.972 Y-1.3811 Z0.2334
X8.9952 Y-1.3756 Z0.2333
X9.0185 Y-1.3703 Z0.2334
X9.0417 Y-1.3654 Z0.2333
X9.0649 Y-1.3607 Z0.2334
X9.078 Y-1.3582
X9.1114 Y-1.3523 Z0.2333
X9.1268 Y-1.3497 Z0.2334
X9.1578 Y-1.345 Z0.2333
X9.1734 Y-1.3428 Z0.2334
X9.1965 Y-1.3398 Z0.2333
X9.2197 Y-1.337 Z0.2334
X9.2352 Y-1.3353 Z0.2333
X9.2739 Y-1.3316 Z0.2334
X9.2894 Y-1.3304 Z0.2333
X9.3127 Y-1.3288
X9.3281 Y-1.3277 Z0.2334
X9.3514 Y-1.3265 Z0.2333
X9.3668 Y-1.3259
X9.3823 Y-1.3254 Z0.2334
X9.4056 Y-1.3248 Z0.2333
X9.421 Y-1.3246 Z0.2334
X9.4288 Y-1.3245
X9.4597 Z0.2333
X9.4752 Y-1.3247 Z0.2334
X9.4985 Y-1.3253 Z0.2333
X9.5139 Y-1.3257
X9.5294 Y-1.3263 Z0.2334
X9.5759 Y-1.3288 Z0.2333
X9.5836 Y-1.3292
X9.5914
X9.5991 Y-1.3285 Z0.2332
X9.607 Y-1.3273
X9.6146 Y-1.3256
X9.6223 Y-1.3232
X9.6301 Y-1.3201 Z0.2333
X9.6313 Y-1.3196
X9.6378 Y-1.3161 Z0.2332
X9.6446 Y-1.3119
X9.6533 Y-1.3052 Z0.2333
X9.6545 Y-1.3041 Z0.2332
X9.661 Y-1.2977 Z0.2333
X9.6623 Y-1.2964
X9.6688 Y-1.2883 Z0.2332
X9.6736 Y-1.2809
X9.6765 Y-1.2758 Z0.2333
X9.6779 Y-1.2732
X9.6812 Y-1.2655 Z0.2332
X9.6837 Y-1.2577
X9.6843 Y-1.2556
X9.6857 Y-1.25
X9.6874 Y-1.2423 Z0.2333
X9.6921 Y-1.2191 Z0.2334
X9.6956 Y-1.2036
X9.6975 Y-1.1959
X9.7015 Y-1.1804
X9.7036 Y-1.1727
X9.7058 Y-1.165
X9.7106 Y-1.1495
X9.7131 Y-1.1418
X9.7185 Y-1.1263
X9.723 Y-1.114
X9.7272 Y-1.1031
X9.7307 Y-1.0943
X9.7335 Y-1.0877
X9.7385 Y-1.0763
X9.7438 Y-1.0645
X9.7512 Y-1.049
X9.7551 Y-1.0413
X9.7591 Y-1.0335 Z0.2333
X9.7632 Y-1.0258
X9.7694 Y-1.0144 Z0.2334
X9.7806 Y-0.9949 Z0.2333
X9.7849 Y-0.9868
X9.7881 Y-0.9794 Z0.2332
X9.7909 Y-0.9717
X9.7928 Y-0.964
X9.7942 Y-0.9562
X9.7951 Y-0.9485
X9.7953 Y-0.9408 Z0.2333
X9.7948 Y-0.933 Z0.2332
X9.7936 Y-0.9253
X9.7927 Y-0.9205
X9.7919 Y-0.9176
X9.7896 Y-0.9098
X9.7866 Y-0.9021
X9.7849 Y-0.8984 Z0.2333
X9.7828 Y-0.8944
X9.778 Y-0.8866
X9.7772 Y-0.8855 Z0.2332
X9.772 Y-0.8789
X9.7694 Y-0.8759
X9.7648 Y-0.8712
X9.7617 Y-0.8683
X9.7557 Y-0.8634
X9.7539 Y-0.8621
X9.7462 Y-0.8571
X9.7438 Y-0.8557 Z0.2333
X9.7385 Y-0.853
X9.7307 Y-0.8497
X9.723 Y-0.8469
X9.7029 Y-0.8402
X9.661 Y-0.8265
X9.6146 Y-0.8122
X9.5914 Y-0.8051
X9.552 Y-0.7939
X9.5247 Y-0.7861
X9.4752 Y-0.773
X9.4597 Y-0.769
X9.4288 Y-0.7614
X9.3978 Y-0.7539
X9.3823 Y-0.7503
G3 X9.1191 Y-0.7002 I-0.791 J-3.4383
G1 X9.1036 Y-0.6979
X9.0494 Y-0.6903
X9.0339 Y-0.6883
X8.9797 Y-0.6819
X8.9643 Y-0.6802
X8.9101 Y-0.6749
G3 X8.7552 Y-0.6643 I-0.322 J-3.5647
G1 X8.6933 Y-0.6619
X8.6623 Y-0.6613
X8.6236 Y-0.6606
X8.6159 Y-0.6609
X8.6081 Y-0.6616 Z0.2332
X8.603 Y-0.6624
X8.6004 Y-0.663
X8.5926 Y-0.6647
X8.5849 Y-0.6674
X8.5772 Y-0.6706 Z0.2333
X8.5694 Y-0.6748 Z0.2332
X8.5646 Y-0.6779
X8.5617 Y-0.6801
X8.5548 Y-0.6856
X8.5539 Y-0.6864
X8.547 Y-0.6934
X8.5462 Y-0.6942
X8.5406 Y-0.7011
X8.5385 Y-0.704
X8.5353 Y-0.7088 Z0.2333
X8.5311 Y-0.7165
X8.5278 Y-0.7243 Z0.2332
X8.5252 Y-0.732
X8.523 Y-0.7417
X8.5221 Y-0.7475
X8.5212 Y-0.7552 Z0.2333
X8.5195 Y-0.7784 Z0.2334
X8.5188 Y-0.7861
X8.518 Y-0.7939
X8.5171 Y-0.8016
X8.5152 Y-0.8145
X8.5135 Y-0.8248
X8.5122 Y-0.8325
X8.5107 Y-0.8402
X8.509 Y-0.848
X8.5072 Y-0.8557
X8.5054 Y-0.8634
X8.5034 Y-0.8712
X8.5013 Y-0.8789
X8.499 Y-0.8866
X8.4966 Y-0.8944
X8.4941 Y-0.9021
X8.4886 Y-0.9176
X8.4857 Y-0.9253
X8.4826 Y-0.933
X8.4794 Y-0.9408
X8.476 Y-0.9485
X8.4725 Y-0.9562
X8.4688 Y-0.9641
X8.465 Y-0.9717
X8.461 Y-0.9794
X8.4568 Y-0.9871
X8.4525 Y-0.9949
X8.4455 Y-1.0066
X8.4378 Y-1.019
X8.4301 Y-1.0306
X8.4223 Y-1.0416
X8.4146 Y-1.0521
X8.4048 Y-1.0645
X8.3984 Y-1.0722
X8.3914 Y-1.0803
X8.3836 Y-1.0889
X8.3759 Y-1.0971
X8.3681 Y-1.105
X8.3604 Y-1.1126
X8.3526 Y-1.1198
X8.3449 Y-1.1268
X8.3366 Y-1.134
X8.3272 Y-1.1418
X8.3174 Y-1.1495
X8.3062 Y-1.1579
X8.2961 Y-1.165
X8.2907 Y-1.1687
X8.283 Y-1.1738
X8.2723 Y-1.1804
X8.2593 Y-1.1882
X8.252 Y-1.1923
X8.2443 Y-1.1964
X8.2365 Y-1.2005
X8.2288 Y-1.2044
X8.221 Y-1.208
X8.2133 Y-1.2116
X8.2055 Y-1.215
X8.1957 Y-1.2191
X8.1901 Y-1.2213
X8.1823 Y-1.2242
X8.1746 Y-1.227
X8.1668 Y-1.2297
X8.1591 Y-1.2322
X8.1514 Y-1.2346
X8.1436 Y-1.2369
X8.1359 Y-1.2391
X8.1232 Y-1.2423
X8.1126 Y-1.2447
X8.1049 Y-1.2464
X8.0972 Y-1.2479
X8.0855 Y-1.25
X8.0739 Y-1.2518
X8.0662 Y-1.2528
X8.0585 Y-1.2538
X8.0507 Y-1.2546
X8.043 Y-1.2553
X8.0352 Y-1.2559
X8.0275 Y-1.2564
X8.0197 Y-1.2567 Z0.2333
X8.012 Y-1.2569 Z0.2334
X8.0043 Y-1.257
X7.9965 Y-1.2571 Z0.2333
X7.9888 Y-1.257
X7.9733 Y-1.2563 Z0.2334
X7.9655 Y-1.2559
X7.9578 Y-1.2553
X7.9501 Y-1.2545
X7.9423 Y-1.2537
X7.9346 Y-1.2528
X7.9268 Y-1.2517
X7.9157 Y-1.25
X7.9036 Y-1.2479
X7.8959 Y-1.2463
X7.8881 Y-1.2447
X7.8777 Y-1.2423
X7.8649 Y-1.239
X7.8572 Y-1.2368
X7.8494 Y-1.2345
X7.8417 Y-1.2321
X7.8339 Y-1.2296
X7.8259 Y-1.2268
X7.8184 Y-1.2241
X7.8107 Y-1.2212
X7.803 Y-1.2181
X7.7952 Y-1.2148
X7.7873 Y-1.2114
X7.7797 Y-1.2079
X7.7709 Y-1.2036
X7.7643 Y-1.2003
X7.7558 Y-1.1959
X7.7488 Y-1.1921
X7.741 Y-1.1877
X7.7287 Y-1.1804
X7.7255 Y-1.1785
X7.7165 Y-1.1727
X7.705 Y-1.165
X7.6941 Y-1.1572
X7.6837 Y-1.1495
X7.6714 Y-1.1398
X7.6636 Y-1.1332
X7.6556 Y-1.1263
X7.6471 Y-1.1186
X7.639 Y-1.1108
X7.6311 Y-1.1031
X7.6236 Y-1.0954
X7.6164 Y-1.0877
X7.6094 Y-1.0799
X7.6017 Y-1.0709
X7.5963 Y-1.0645
X7.5902 Y-1.0567
X7.5843 Y-1.049
X7.5784 Y-1.0411
X7.5707 Y-1.0301
X7.5627 Y-1.0181
X7.5578 Y-1.0103
X7.5552 Y-1.0061
X7.5486 Y-0.9949
X7.5443 Y-0.9871
X7.5397 Y-0.9787
X7.5361 Y-0.9717
X7.532 Y-0.9634
X7.5286 Y-0.9562
X7.5243 Y-0.9467
X7.5217 Y-0.9408
X7.5165 Y-0.9281
X7.5124 Y-0.9176
X7.5088 Y-0.9073
X7.507 Y-0.9021
X7.5045 Y-0.8944
X7.501 Y-0.8831
X7.4998 Y-0.8789
X7.4977 Y-0.8712
X7.4957 Y-0.8634
X7.4933 Y-0.8537
X7.4902 Y-0.8402 Z0.2333
X7.4883 Y-0.8325 Z0.2332
X7.4855 Y-0.823
X7.4834 Y-0.8171 Z0.2333
X7.4798 Y-0.8093
X7.4778 Y-0.8056
X7.4752 Y-0.8016 Z0.2332
X7.4697 Y-0.7939
X7.463 Y-0.7861
X7.4623 Y-0.7854
X7.4546 Y-0.7784
X7.4468 Y-0.7727
X7.4439 Y-0.7707 Z0.2333
X7.4391 Y-0.7679
X7.4314 Y-0.7642 Z0.2332
X7.4281 Y-0.7629
X7.4236 Y-0.7613
X7.4159 Y-0.7591
X7.4081 Y-0.7574
X7.4004 Y-0.7564
X7.3926 Y-0.7559 Z0.2333
X7.3849 Y-0.756
X7.3772 Y-0.7563
X7.2533 Y-0.7627
X7.1991 Y-0.7649
X7.1217 Y-0.7681
X7.083 Y-0.7693
X6.9901 Y-0.772
X6.9513 Y-0.7728
X6.8584 Y-0.7745
X6.8275 Y-0.7749
X6.7423 Y-0.7755 Z0.2334
X6.7191 Y-0.7756 Z0.2333
X6.6959 Y-0.7757
X6.603 Y-0.7753 Z0.2334
X6.5565 Y-0.7749 Z0.2333
X6.4713 Y-0.7736 Z0.2334
X6.4172 Y-0.7726 Z0.2333
X6.3397 Y-0.7706 Z0.2334
X6.2855 Y-0.7689 Z0.2333
X6.2081 Y-0.7661 Z0.2334
X6.1462 Y-0.7635 Z0.2333
X6.0765 Y-0.7602 Z0.2334
X6.0068 Y-0.7565 Z0.2333
X5.9449 Y-0.7529 Z0.2334
X5.8752 Y-0.7484 Z0.2333
X5.821 Y-0.7447 Z0.2334
X5.7281 Y-0.7377 Z0.2333
X5.6894 Y-0.7346 Z0.2334
X5.5965 Y-0.7266 Z0.2333
X5.5578 Y-0.7231 Z0.2334
X5.4649 Y-0.7141 Z0.2333
X5.4262 Y-0.7101 Z0.2334
X5.3255 Y-0.6992 Z0.2333
X5.2946 Y-0.6957 Z0.2334
X5.1862 Y-0.6828 Z0.2333
X5.1552 Y-0.6789
X5.0468 Y-0.6647
X4.9307 Y-0.6484
X4.9203 Y-0.647
X4.9152 Y-0.6463
X4.9075 Y-0.6455 Z0.2332
X4.8997 Y-0.6451 Z0.2333
X4.892 Y-0.6455 Z0.2332
X4.8842 Y-0.6465
X4.8814 Y-0.647
X4.8765 Y-0.648
X4.8688 Y-0.6502
X4.861 Y-0.653
X4.8571 Y-0.6547 Z0.2333
X4.8533 Y-0.6565
X4.8455 Y-0.6611
X4.8436 Y-0.6624 Z0.2332
X4.8378 Y-0.6668
X4.8338 Y-0.6702
X4.83 Y-0.6738
X4.8261 Y-0.6779
X4.8223 Y-0.6821
X4.8196 Y-0.6856
X4.8144 Y-0.6934 Z0.2333
X4.8103 Y-0.7011
X4.8068 Y-0.7094 Z0.2332
X4.8045 Y-0.7165
X4.8025 Y-0.7243
X4.8012 Y-0.732
X4.8005 Y-0.7397 Z0.2333
X4.8004 Y-0.7475
X4.8011 Y-0.7552 Z0.2332
X4.8023 Y-0.7629
X4.8041 Y-0.7707
X4.8068 Y-0.7791
X4.8097 Y-0.7861 Z0.2333
X4.8137 Y-0.7939
X4.8185 Y-0.8016
X4.8284 Y-0.8171 Z0.2334
X4.8331 Y-0.8248
X4.8378 Y-0.8328
X4.8419 Y-0.8402
X4.846 Y-0.848
X4.8498 Y-0.8557
X4.8535 Y-0.8634
X4.857 Y-0.8712
X4.861 Y-0.8808
X4.8633 Y-0.8866
X4.8662 Y-0.8944
X4.8689 Y-0.9021
X4.8715 Y-0.9098
X4.8739 Y-0.9176
X4.8765 Y-0.9265
X4.8782 Y-0.933
X4.8802 Y-0.9408
X4.8819 Y-0.9485
X4.8842 Y-0.9598
X4.8863 Y-0.9717
X4.8875 Y-0.9794
X4.8885 Y-0.9871
X4.8894 Y-0.9949
X4.8901 Y-1.0026
X4.8907 Y-1.0103
X4.8911 Y-1.0181
X4.8914 Y-1.0258
X4.8916 Y-1.0413 Z0.2333
X4.8918 Y-1.049
X4.892 Y-1.0519 Z0.2332
X4.8924 Y-1.0567
X4.8936 Y-1.0645
X4.8954 Y-1.0722
X4.8978 Y-1.0799
X4.8997 Y-1.085
X4.9008 Y-1.0877 Z0.2333
X4.9047 Y-1.0954
X4.9075 Y-1.0999
X4.9097 Y-1.1031 Z0.2332
X4.9152 Y-1.1102
X4.9229 Y-1.1184
X4.9307 Y-1.125
X4.9324 Y-1.1263
X4.9384 Y-1.1303
X4.9447 Y-1.134 Z0.2333
X4.9462 Y-1.1348
X4.9539 Y-1.1384
X4.9623 Y-1.1418
X5.0546 Y-1.1775
X5.07 Y-1.1836
X5.1552 Y-1.2178
X5.1784 Y-1.2274
X5.2559 Y-1.2597
X5.2791 Y-1.2696
X5.3642 Y-1.3065
X5.4107 Y-1.3273
X5.4649 Y-1.3516
X5.5623 Y-1.3969
X5.5888 Y-1.4095
X5.6589 Y-1.4433
X5.6971 Y-1.4622
X5.7591 Y-1.4931
X5.7746 Y-1.5009
X5.8597 Y-1.5448
X5.883 Y-1.557
X5.9604 Y-1.5982
X6.0533 Y-1.6491
X6.1075 Y-1.6798
X6.154 Y-1.7062 Z0.2334
X6.2313 Y-1.7513 Z0.2333
X6.2546 Y-1.7649
X6.3397 Y-1.8162
X6.3784 Y-1.8401
X6.4366 Y-1.8762
X6.5255 Y-1.933
X6.5488 Y-1.9482
X6.6184 Y-1.9941
X6.6417 Y-2.0097
X6.7073 Y-2.0541
X6.7113 Y-2.0567
X6.7194 Y-2.0618
X6.7268 Y-2.0659
X6.7346 Y-2.0691 Z0.2332
X6.7423 Y-2.0717
X6.7501 Y-2.0737
X6.7578 Y-2.0751
X6.7655 Y-2.0758 Z0.2333
X6.7733 Y-2.0759
X6.781 Y-2.0753 Z0.2332
X6.7888 Y-2.0741
X6.7965 Y-2.0723
X6.8053 Y-2.0695
X6.812 Y-2.0668 Z0.2333
X6.8197 Y-2.0628
X6.8214 Y-2.0618 Z0.2332
X6.8275 Y-2.0577
X6.8323 Y-2.0541
X6.8352 Y-2.0515
X6.8407 Y-2.0463
X6.843 Y-2.044
X6.8476 Y-2.0386
X6.8507 Y-2.0347
X6.8534 Y-2.0309 Z0.2333
X6.8586 Y-2.0231
X6.8688 Y-2.0077 Z0.2334
X6.8741 Y-1.9999
X6.8817 Y-1.9892
X6.8851 Y-1.9845
X6.8908 Y-1.9768
X6.8972 Y-1.9684
X6.9049 Y-1.9585
X6.9153 Y-1.9458
X6.9219 Y-1.9381
X6.9286 Y-1.9304
X6.9359 Y-1.9223
X6.9436 Y-1.914
X6.9513 Y-1.9059
X6.9591 Y-1.8981
X6.9668 Y-1.8905
X6.9746 Y-1.8831
X6.9823 Y-1.8759
X6.9905 Y-1.8685
X6.9993 Y-1.8608
X7.0085 Y-1.8531
X7.0133 Y-1.8491
X7.0288 Y-1.8369
X7.038 Y-1.8299
X7.0486 Y-1.8221
X7.0597 Y-1.8143
X7.0709 Y-1.8067
X7.083 Y-1.7989
X7.0953 Y-1.7912
X7.1084 Y-1.7835
X7.122 Y-1.7757
X7.1294 Y-1.7717
X7.1449 Y-1.7636
X7.1526 Y-1.7598
X7.1681 Y-1.7524
X7.1759 Y-1.7489
X7.1913 Y-1.7422
X7.1991 Y-1.739
X7.2146 Y-1.733
X7.2242 Y-1.7294
X7.2301 Y-1.7273
X7.2466 Y-1.7216
X7.261 Y-1.7171
X7.2718 Y-1.7139
X7.2872 Y-1.7097
X7.301 Y-1.7062
X7.3152 Y-1.7029
X7.323 Y-1.7012
X7.3384 Y-1.6981
X7.3462 Y-1.6967
X7.3539 Y-1.6953
X7.3617 Y-1.6941
X7.3727 Y-1.6925
X7.3782 Y-1.6915 Z0.2333
X7.3836 Y-1.6902 Z0.2331
X7.3889 Y-1.6886 Z0.2328
X7.3942 Y-1.6868 Z0.2324
X7.3994 Y-1.6848 Z0.2319
X7.4097 Y-1.6805 Z0.2307
X7.4199 Y-1.6762 Z0.2294
X7.425 Y-1.6742 Z0.2288
X7.4302 Y-1.6723 Z0.2282
X7.4355 Y-1.6706 Z0.2277
X7.4408 Y-1.6691 Z0.2272
X7.4462 Y-1.668 Z0.2269
X7.4516 Y-1.6672 Z0.2267
X7.4571 Y-1.6668 Z0.2266
X7.4623 Y-1.6667
X7.4855 Y-1.6668
X7.4933 Y-1.6669
X7.5088 Y-1.6676
X7.5243 Y-1.6685
X7.5397 Y-1.6697
X7.5552 Y-1.6713
X7.563 Y-1.6722
X7.5707 Y-1.6732
X7.5862 Y-1.6754
X7.5939 Y-1.6766
X7.6094 Y-1.6794
X7.6172 Y-1.6808
X7.6275 Y-1.683
X7.6404 Y-1.6858
X7.6481 Y-1.6876
X7.6636 Y-1.6916
X7.6714 Y-1.6937
X7.6791 Y-1.6958
X7.6946 Y-1.7005
X7.7023 Y-1.7029
X7.7178 Y-1.7081
X7.7255 Y-1.7108
X7.7339 Y-1.7139
X7.741 Y-1.7166
X7.7565 Y-1.7228
X7.7643 Y-1.726
X7.7721 Y-1.7294
X7.7797 Y-1.7327
X7.7952 Y-1.7399
X7.8052 Y-1.7448
X7.8202 Y-1.7525
X7.8262 Y-1.7557
X7.8347 Y-1.7603
X7.8417 Y-1.7642
X7.8494 Y-1.7687
X7.8649 Y-1.778
X7.8737 Y-1.7835
X7.8881 Y-1.793
X7.897 Y-1.7989
X7.9114 Y-1.8092
X7.9191 Y-1.8148
X7.9287 Y-1.8221
X7.9385 Y-1.8299
X7.9501 Y-1.8393
X7.9578 Y-1.8457
X7.9671 Y-1.8531 Z0.2265
X7.9733 Y-1.8572
X7.9794 Y-1.8608
X7.981 Y-1.8617
X7.9888 Y-1.8648
X7.9965 Y-1.867 Z0.2264
X8.0043 Y-1.8686
X8.012 Y-1.8694 Z0.2265
X8.0197
X8.0276 Y-1.8685 Z0.2264
X8.0352 Y-1.8669
X8.043 Y-1.8647 Z0.2265
X8.0507 Y-1.8615
X8.0522 Y-1.8608
X8.0585 Y-1.8571 Z0.2264
X8.0644 Y-1.8531 Z0.2265
X8.0662 Y-1.8517
X8.0739 Y-1.8451
X8.0908 Y-1.8299 Z0.2266
X8.1079 Y-1.8144
X8.1204 Y-1.8033
X8.1436 Y-1.7833
X8.1525 Y-1.7757
X8.1712 Y-1.7603
X8.1903 Y-1.7448
X8.2099 Y-1.7294
X8.221 Y-1.7207
X8.2299 Y-1.7139
X8.252 Y-1.6974
X8.2675 Y-1.6861
X8.2936 Y-1.6675
X8.3062 Y-1.6587
X8.3217 Y-1.6482
X8.3449 Y-1.6328
X8.3604 Y-1.6228
X8.3914 Y-1.6033
X8.4001 Y-1.5979
X8.4378 Y-1.5756
X8.4455 Y-1.5711
X8.461 Y-1.5624
X8.492 Y-1.5453
X8.5094 Y-1.5361 Z0.2265
X8.5307 Y-1.525 Z0.2266
X8.5462 Y-1.5172
X8.5694 Y-1.5058
X8.5869 Y-1.4974
X8.6081 Y-1.4876
X8.6236 Y-1.4806
X8.6546 Y-1.467
X8.6742 Y-1.4588
X8.7088 Y-1.4448
X8.7243 Y-1.4388
X8.7552 Y-1.4272
X8.7707 Y-1.4216
X8.7939 Y-1.4136
X8.8204 Y-1.4046
X8.8326 Y-1.4007
X8.8636 Y-1.3911
X8.8791 Y-1.3865
X8.9101 Y-1.3777
X8.9256 Y-1.3735
X8.941 Y-1.3694
X8.9643 Y-1.3636
X8.9797 Y-1.3599
X9.003 Y-1.3545
X9.021 Y-1.3505
X9.0494 Y-1.3446
X9.0649 Y-1.3416
X9.0804 Y-1.3387
X9.1114 Y-1.3332
X9.1268 Y-1.3307
X9.1578 Y-1.326
X9.1733 Y-1.3238
X9.1965 Y-1.3209
X9.2197 Y-1.3181
X9.2352 Y-1.3164
X9.2739 Y-1.3127
X9.2972 Y-1.311
X9.3281 Y-1.3089
X9.3514 Y-1.3077 Z0.2265
X9.3668 Y-1.3071 Z0.2266
X9.3823 Y-1.3066
X9.4056 Y-1.306 Z0.2265
X9.421 Y-1.3058 Z0.2266
X9.4288 Y-1.3057
X9.4597 Z0.2265
X9.483 Y-1.306 Z0.2266
X9.5139 Y-1.3069 Z0.2265
X9.5294 Y-1.3074 Z0.2266
X9.5759 Y-1.31 Z0.2265
X9.5836 Y-1.3103
X9.5914
X9.5991 Y-1.3095 Z0.2264
X9.6068 Y-1.3081
X9.6146 Y-1.3059
X9.6194 Y-1.3041 Z0.2265
X9.6223 Y-1.3029
X9.6301 Y-1.2988
X9.6338 Y-1.2964
X9.6378 Y-1.2934 Z0.2264
X9.6434 Y-1.2887 Z0.2265
X9.6456 Y-1.2866
X9.6506 Y-1.2809 Z0.2264
X9.6533 Y-1.2775 Z0.2265
X9.6562 Y-1.2732 Z0.2264
X9.6607 Y-1.2655 Z0.2265
X9.6639 Y-1.2577
X9.6663 Y-1.25 Z0.2264
X9.6688 Y-1.2393 Z0.2265
X9.6729 Y-1.2191 Z0.2266
X9.6746 Y-1.2114
X9.6781 Y-1.1959
X9.68 Y-1.1882
X9.6843 Y-1.1722
X9.6863 Y-1.165
X9.6885 Y-1.1572
X9.6934 Y-1.1418
X9.6959 Y-1.134
X9.7013 Y-1.1186
X9.7041 Y-1.1108
X9.71 Y-1.0954
X9.7152 Y-1.0826
X9.7197 Y-1.0722
X9.7266 Y-1.0567
X9.7341 Y-1.0413
X9.7385 Y-1.0324
X9.7462 Y-1.0176
X9.7502 Y-1.0103
X9.7633 Y-0.9871 Z0.2265
X9.7675 Y-0.9794
X9.7694 Y-0.9753
X9.7709 Y-0.9717
X9.7734 Y-0.964 Z0.2264
X9.7751 Y-0.9562
X9.7762 Y-0.9485 Z0.2265
X9.7765 Y-0.9408
X9.7757 Y-0.933 Z0.2264
X9.7744 Y-0.9253
X9.7723 Y-0.9176
X9.7694 Y-0.9098 Z0.2265
X9.7654 Y-0.9021
X9.7617 Y-0.8962
X9.7602 Y-0.8944
X9.7536 Y-0.8866
X9.7462 Y-0.8799 Z0.2264
X9.7449 Y-0.8789 Z0.2265
X9.7385 Y-0.8745
X9.7327 Y-0.8712
X9.7307 Y-0.8702
X9.723 Y-0.8669
X9.7131 Y-0.8634
X9.6688 Y-0.8488 Z0.2266
X9.6533 Y-0.8438 Z0.2265
X9.6068 Y-0.8295 Z0.2266
X9.5836 Y-0.8225 Z0.2265
X9.5294 Y-0.807 Z0.2266
X9.5217 Y-0.8048 Z0.2265
X9.4804 Y-0.7939 Z0.2266
X9.4508 Y-0.7861 Z0.2265
X9.3978 Y-0.7732 Z0.2266
X9.3823 Y-0.7696 Z0.2265
X9.3281 Y-0.7575 Z0.2266
X9.3127 Y-0.7542 Z0.2265
X9.2739 Y-0.7464 Z0.2266
X9.2507 Y-0.7418 Z0.2265
X9.2275 Y-0.7375 Z0.2266
X9.1888 Y-0.7305
X9.1733 Y-0.7279 Z0.2265
X9.1268 Y-0.7204 Z0.2266
X9.1114 Y-0.718 Z0.2265
X9.0959 Y-0.7158 Z0.2266
X9.0459 Y-0.7088
X9.0185 Y-0.7054
X8.9797 Y-0.7008
X8.9643 Y-0.6991
X8.9101 Y-0.6938
X8.8946 Y-0.6924 Z0.2265
X8.8404 Y-0.6881 Z0.2266
X8.8249 Y-0.6871
X8.7707 Y-0.6839
X8.7552 Y-0.6831
X8.701 Y-0.681
X8.6856 Y-0.6806
X8.6236 Y-0.6795 Z0.2265
X8.6159 Y-0.6798
X8.6081 Y-0.6807 Z0.2264
X8.6004 Y-0.6823
X8.5926 Y-0.6846 Z0.2265
X8.59 Y-0.6856
X8.5849 Y-0.6878
X8.5772 Y-0.6922
X8.5753 Y-0.6934
X8.5694 Y-0.698 Z0.2264
X8.5659 Y-0.7011
X8.5617 Y-0.7053
X8.5586 Y-0.7088
X8.5539 Y-0.7147 Z0.2265
X8.5527 Y-0.7165
X8.5483 Y-0.7243
X8.5462 Y-0.7291
X8.5451 Y-0.732
X8.5427 Y-0.7397 Z0.2264
X8.5411 Y-0.7475
X8.5402 Y-0.7552 Z0.2265
X8.5395 Y-0.7629
X8.5384 Y-0.7784 Z0.2266
X8.5377 Y-0.7861
X8.5369 Y-0.7939
X8.536 Y-0.8016
X8.535 Y-0.8093
X8.5339 Y-0.8171
X8.5326 Y-0.8248
X8.5307 Y-0.8355
X8.5298 Y-0.8402
X8.5282 Y-0.848
X8.5247 Y-0.8634
X8.5228 Y-0.8712
X8.5208 Y-0.8789
X8.5186 Y-0.8866
X8.5139 Y-0.9021
X8.5113 Y-0.9098
X8.5058 Y-0.9253
X8.5029 Y-0.933
X8.4997 Y-0.9409
X8.4966 Y-0.9485
X8.492 Y-0.9588
X8.486 Y-0.9717
X8.4822 Y-0.9794
X8.4765 Y-0.9902
X8.4697 Y-1.0026
X8.4653 Y-1.0103
X8.4606 Y-1.0181
X8.4533 Y-1.0297
X8.4455 Y-1.0413
X8.4378 Y-1.0523
X8.4288 Y-1.0645
X8.4223 Y-1.0727
X8.4146 Y-1.0822
X8.4068 Y-1.0912
X8.3991 Y-1.0998
X8.3888 Y-1.1108
X8.3811 Y-1.1186
X8.3732 Y-1.1263
X8.365 Y-1.134
X8.3564 Y-1.1418
X8.3474 Y-1.1495
X8.3372 Y-1.1579
X8.3282 Y-1.165
X8.3178 Y-1.1727
X8.3062 Y-1.1809
X8.2954 Y-1.1882
X8.283 Y-1.196
X8.2701 Y-1.2036
X8.2597 Y-1.2095
X8.252 Y-1.2136
X8.2443 Y-1.2176
X8.2365 Y-1.2215
X8.2288 Y-1.2252
X8.221 Y-1.2287
X8.2133 Y-1.2321
X8.2055 Y-1.2354
X8.1978 Y-1.2385
X8.1877 Y-1.2423
X8.1823 Y-1.2442
X8.1746 Y-1.2469
X8.1652 Y-1.25
X8.1591 Y-1.2519
X8.1514 Y-1.2542
X8.1388 Y-1.2577
X8.1281 Y-1.2604
X8.1204 Y-1.2623
X8.1126 Y-1.264
X8.1049 Y-1.2656
X8.0972 Y-1.2671
X8.0894 Y-1.2684
X8.0817 Y-1.2696
X8.0739 Y-1.2708
X8.0662 Y-1.2718
X8.0536 Y-1.2732
X8.043 Y-1.2741
X8.0352 Y-1.2747
X8.0275 Y-1.2752
X8.0197 Y-1.2755
X8.012 Y-1.2758
X8.0043
X7.9965 Y-1.2759
X7.9888 Y-1.2758
X7.9733 Y-1.2751
X7.9655 Y-1.2747
X7.9578 Y-1.2741
X7.9476 Y-1.2732
X7.9423 Y-1.2726
X7.9346 Y-1.2717
X7.9268 Y-1.2707
X7.9191 Y-1.2696
X7.9114 Y-1.2684
X7.9036 Y-1.267
X7.8957 Y-1.2655
X7.8881 Y-1.2639
X7.8804 Y-1.2622
X7.8726 Y-1.2604
X7.8572 Y-1.2564
X7.8494 Y-1.2542
X7.8358 Y-1.25
X7.8262 Y-1.2468
X7.8133 Y-1.2423
X7.803 Y-1.2383
X7.7936 Y-1.2345
X7.7875 Y-1.232
X7.7797 Y-1.2286
X7.772 Y-1.2251
X7.7598 Y-1.2191
X7.7488 Y-1.2135
X7.741 Y-1.2093
X7.731 Y-1.2036
X7.7178 Y-1.1958
X7.7058 Y-1.1882
X7.6943 Y-1.1804
X7.6834 Y-1.1727
X7.673 Y-1.165
X7.6631 Y-1.1572
X7.6537 Y-1.1495
X7.6447 Y-1.1418
X7.6362 Y-1.134
X7.6279 Y-1.1263 Z0.2267
X7.62 Y-1.1186 Z0.2266
X7.6124 Y-1.1108
X7.6051 Y-1.1031
X7.598 Y-1.0954
X7.5912 Y-1.0877
X7.5847 Y-1.0799
X7.5784 Y-1.0722
X7.5707 Y-1.0622
X7.563 Y-1.0518
X7.5552 Y-1.0408
X7.5454 Y-1.0258
X7.5397 Y-1.0169
X7.532 Y-1.0037
X7.5243 Y-0.9897
X7.519 Y-0.9794
X7.5151 Y-0.9717
X7.5114 Y-0.964
X7.5045 Y-0.9485
X7.501 Y-0.94
X7.4982 Y-0.933
X7.4952 Y-0.9253
X7.4924 Y-0.9176
X7.4898 Y-0.9098
X7.4872 Y-0.9021
X7.4848 Y-0.8944
X7.4825 Y-0.8866
X7.4803 Y-0.8789
X7.4778 Y-0.8694
X7.4763 Y-0.8634
X7.4701 Y-0.8372 Z0.2265
X7.4687 Y-0.8325 Z0.2264
X7.4662 Y-0.8248 Z0.2265
X7.4623 Y-0.8166
X7.4576 Y-0.8093 Z0.2264
X7.4546 Y-0.8052
X7.4515 Y-0.8016
X7.4468 Y-0.7968
X7.4436 Y-0.7939
X7.4391 Y-0.7904
X7.433 Y-0.7861 Z0.2265
X7.4314 Y-0.7852
X7.4236 Y-0.7814
X7.415 Y-0.7784 Z0.2264
X7.4081 Y-0.7766
X7.4004 Y-0.7754 Z0.2265
X7.3926 Y-0.7747
X7.3849 Y-0.7749
X7.3694 Y-0.7756 Z0.2266
X7.2533 Y-0.7815
X7.1913 Y-0.7841
X7.1217 Y-0.7869
X7.083 Y-0.7881
X6.9901 Y-0.7908
X6.9436 Y-0.7918
X6.8584 Y-0.7933
X6.8275 Y-0.7937 Z0.2265
X6.7888 Y-0.794 Z0.2266
X6.781
X6.7346 Y-0.7944
X6.6959 Y-0.7945 Z0.2265
X6.5952 Y-0.7941 Z0.2266
X6.5565 Y-0.7937 Z0.2265
X6.4713 Y-0.7925 Z0.2266
X6.4172 Y-0.7914 Z0.2265
X6.3397 Y-0.7894 Z0.2266
X6.2855 Y-0.7878 Z0.2265
X6.2081 Y-0.7849 Z0.2266
X6.1462 Y-0.7824 Z0.2265
X6.0688 Y-0.7786 Z0.2266
X6.0068 Y-0.7754 Z0.2265
X5.9449 Y-0.7717 Z0.2266
X5.8752 Y-0.7673 Z0.2265
X5.821 Y-0.7636 Z0.2266
X5.7281 Y-0.7566 Z0.2265
X5.6817 Y-0.7528 Z0.2266
X5.5965 Y-0.7455 Z0.2265
X5.5578 Y-0.742 Z0.2266
X5.4571 Y-0.7322
X5.4184 Y-0.7282
X5.3255 Y-0.7182
X5.2946 Y-0.7146
X5.1862 Y-0.7018
X5.163 Y-0.6988
X5.0468 Y-0.6837
X5.0159 Y-0.6794
X4.9229 Y-0.6663
X4.9152 Y-0.6653 Z0.2265
X4.9075 Y-0.6645
X4.8997 Y-0.6639
X4.892 Y-0.6645
X4.8842 Y-0.6656 Z0.2264
X4.8765 Y-0.6675
X4.8688 Y-0.6702 Z0.2265
X4.861 Y-0.6738
X4.8543 Y-0.6779
X4.8533 Y-0.6787
X4.8455 Y-0.685 Z0.2264
X4.8449 Y-0.6856
X4.8375 Y-0.6934
X4.8319 Y-0.7011 Z0.2265
X4.83 Y-0.704
X4.8275 Y-0.7088
X4.8243 Y-0.7165 Z0.2264
X4.8223 Y-0.7228
X4.8203 Y-0.732
X4.8194 Y-0.7397 Z0.2265
X4.8193 Y-0.7475
X4.8201 Y-0.7552 Z0.2264
X4.8216 Y-0.7629
X4.8223 Y-0.7658
X4.8239 Y-0.7707
X4.8269 Y-0.7784 Z0.2265
X4.83 Y-0.7845
X4.8359 Y-0.7939
X4.8458 Y-0.8093 Z0.2266
X4.8533 Y-0.822
X4.8591 Y-0.8325
X4.8631 Y-0.8402
X4.867 Y-0.848
X4.8706 Y-0.8557
X4.8741 Y-0.8634
X4.8774 Y-0.8712
X4.8805 Y-0.8789
X4.8842 Y-0.8889
X4.8862 Y-0.8944
X4.8888 Y-0.9021
X4.892 Y-0.9123
X4.8956 Y-0.9253
X4.8976 Y-0.933
X4.8997 Y-0.942
X4.9011 Y-0.9485
X4.9027 Y-0.9562
X4.9041 Y-0.964
X4.9053 Y-0.9717
X4.9064 Y-0.9794
X4.9075 Y-0.9875
X4.9083 Y-0.9949
X4.9089 Y-1.0026
X4.9095 Y-1.0103
X4.9099 Y-1.0181
X4.9102 Y-1.0258
X4.9104 Y-1.0413 Z0.2265
X4.9107 Y-1.049
X4.9114 Y-1.0567 Z0.2264
X4.9129 Y-1.0645
X4.9152 Y-1.0726
X4.918 Y-1.0799 Z0.2265
X4.9221 Y-1.0877
X4.9229 Y-1.0891
X4.9275 Y-1.0954 Z0.2264
X4.9307 Y-1.0992
X4.9344 Y-1.1031
X4.9384 Y-1.1068
X4.9432 Y-1.1108 Z0.2265
X4.9462 Y-1.1129
X4.9539 Y-1.1176
X4.9617 Y-1.1212
X4.9744 Y-1.1263 Z0.2266
X5.0623 Y-1.1603
X5.0855 Y-1.1695
X5.163 Y-1.2006
X5.1862 Y-1.2102
X5.2636 Y-1.2425
X5.2868 Y-1.2524
X5.372 Y-1.2893
X5.4184 Y-1.3101
X5.4739 Y-1.3351
X5.5655 Y-1.3776
X5.581 Y-1.3849
X5.6701 Y-1.4278
X5.7049 Y-1.445
X5.7668 Y-1.4759
X5.7823 Y-1.4838
X5.8689 Y-1.5283
X5.9062 Y-1.5481
X5.9708 Y-1.5825
X6.061 Y-1.6319
X6.0842 Y-1.645
X6.1617 Y-1.6889
X6.2081 Y-1.7159
X6.2575 Y-1.7448
X6.301 Y-1.7709
X6.3475 Y-1.7989
X6.363 Y-1.8084
X6.4481 Y-1.8613
X6.5333 Y-1.9156
X6.5565 Y-1.9308
X6.6264 Y-1.9768
X6.6494 Y-1.9922
X6.7191 Y-2.0393 Z0.2265
X6.7268 Y-2.0443
X6.7303 Y-2.0463
X6.7346 Y-2.0487
X6.7423 Y-2.0519
X6.7491 Y-2.0541 Z0.2264
X6.7578 Y-2.056
X6.7655 Y-2.0569 Z0.2265
X6.7733 Y-2.057
X6.781 Y-2.0563 Z0.2264
X6.7888 Y-2.0548
X6.7918 Y-2.0541
X6.7965 Y-2.0526
X6.8042 Y-2.0496 Z0.2265
X6.8105 Y-2.0463
X6.812 Y-2.0454
X6.8197 Y-2.04 Z0.2264
X6.8214 Y-2.0386
X6.8275 Y-2.033
X6.8294 Y-2.0309
X6.8359 Y-2.0231 Z0.2265
X6.843 Y-2.0127 Z0.2266
X6.8514 Y-1.9999
X6.8584 Y-1.9895
X6.8674 Y-1.9768
X6.8739 Y-1.9679
X6.8817 Y-1.9577
X6.891 Y-1.9458
X6.8973 Y-1.9381
X6.9049 Y-1.929
X6.9126 Y-1.9201
X6.9204 Y-1.9114
X6.9281 Y-1.903
X6.9389 Y-1.8917
X6.9466 Y-1.884
X6.9545 Y-1.8762
X6.9626 Y-1.8685
X6.9746 Y-1.8575
X6.9823 Y-1.8506
X6.9901 Y-1.844
X6.9978 Y-1.8375
X7.0073 Y-1.8299
X7.0171 Y-1.8221
X7.0288 Y-1.8133
X7.0378 Y-1.8067
X7.0488 Y-1.7989
X7.0602 Y-1.7912
X7.0721 Y-1.7835
X7.0845 Y-1.7757
X7.0907 Y-1.772
X7.0984 Y-1.7675
X7.1139 Y-1.7587
X7.1255 Y-1.7525
X7.1372 Y-1.7465
X7.1449 Y-1.7426
X7.1566 Y-1.7371
X7.1681 Y-1.7318
X7.1759 Y-1.7284
X7.1913 Y-1.7219
X7.2068 Y-1.7158
X7.2146 Y-1.7129
X7.2223 Y-1.71
X7.2378 Y-1.7047
X7.2455 Y-1.7022
X7.261 Y-1.6975
X7.2688 Y-1.6952
X7.2843 Y-1.691
X7.292 Y-1.689
X7.3075 Y-1.6853
X7.3182 Y-1.683
X7.3307 Y-1.6805
X7.3462 Y-1.6776
X7.3608 Y-1.6752
X7.3772 Y-1.6729
X7.3926 Y-1.6711
X7.4004 Y-1.6703
X7.4081 Y-1.6695
X7.4236 Y-1.6683
X7.4314 Y-1.6678
X7.4468 Y-1.6672
X7.4571 Y-1.6668
X7.4626 Y-1.6665 Z0.2265
X7.4682 Y-1.6658 Z0.2263
X7.4736 Y-1.6648 Z0.2261
X7.4791 Y-1.6636 Z0.2257
X7.4845 Y-1.6622 Z0.2254
X7.4952 Y-1.6591 Z0.2245
X7.5058 Y-1.6559 Z0.2235
X7.5112 Y-1.6545 Z0.2231
X7.5166 Y-1.6531 Z0.2227
X7.522 Y-1.652 Z0.2223
X7.5274 Y-1.6512 Z0.2219
X7.5329 Y-1.6506 Z0.2217
X7.5384 Y-1.6504 Z0.2215
X7.5439 Y-1.6507 Z0.2214
X7.5566 Y-1.652
X7.563 Y-1.6528
X7.5707 Y-1.6537 Z0.2215
X7.5862 Y-1.6559 Z0.2214
X7.5939 Y-1.6571 Z0.2215
X7.6017 Y-1.6584
X7.6172 Y-1.6612 Z0.2214
X7.6249 Y-1.6627 Z0.2215
X7.6404 Y-1.666 Z0.2214
X7.6481 Y-1.6678 Z0.2215
X7.6636 Y-1.6716 Z0.2214
X7.6791 Y-1.6758 Z0.2215
X7.6946 Y-1.6803 Z0.2214
X7.7033 Y-1.683 Z0.2215
X7.7101 Y-1.6851
X7.7255 Y-1.6903 Z0.2214
X7.7333 Y-1.6931 Z0.2215
X7.7476 Y-1.6984 Z0.2214
X7.7643 Y-1.705
X7.7797 Y-1.7116
X7.7875 Y-1.715 Z0.2215
X7.803 Y-1.7222 Z0.2214
X7.8107 Y-1.726 Z0.2215
X7.8184 Y-1.7299 Z0.2214
X7.8339 Y-1.7379
X7.8466 Y-1.7448
X7.86 Y-1.7525 Z0.2215
X7.8729 Y-1.7603 Z0.2214
X7.8853 Y-1.768 Z0.2215
X7.8971 Y-1.7757 Z0.2214
X7.9086 Y-1.7835
X7.9195 Y-1.7912
X7.9301 Y-1.7989
X7.9423 Y-1.8083
X7.9501 Y-1.8144
X7.9655 Y-1.827
X7.9733 Y-1.8333
X7.9787 Y-1.8376
X7.981 Y-1.8391 Z0.2213
X7.9888 Y-1.8439 Z0.2214
X7.9922 Y-1.8453 Z0.2213
X7.9965 Y-1.8469
X8.0043 Y-1.8488
X8.012 Y-1.85
X8.0197
X8.0275 Y-1.8488
X8.0352 Y-1.8468
X8.0394 Y-1.8453
X8.043 Y-1.8438 Z0.2214
X8.0507 Y-1.839 Z0.2213
X8.0528 Y-1.8376 Z0.2214
X8.0585 Y-1.8329
X8.062 Y-1.8299
X8.0817 Y-1.812
X8.0972 Y-1.798 Z0.2215
X8.1138 Y-1.7835 Z0.2214
X8.1359 Y-1.7645 Z0.2215
X8.1514 Y-1.7516 Z0.2214
X8.1691 Y-1.7371
X8.1823 Y-1.7264
X8.2055 Y-1.7082
X8.221 Y-1.6964
X8.239 Y-1.683
X8.252 Y-1.6734
X8.2602 Y-1.6675 Z0.2215
X8.283 Y-1.6514 Z0.2214
X8.2931 Y-1.6443
X8.3062 Y-1.6354
X8.3294 Y-1.6198
X8.3449 Y-1.6097 Z0.2215
X8.3681 Y-1.5951 Z0.2214
X8.3883 Y-1.5825
X8.4068 Y-1.5714
X8.4301 Y-1.5577
X8.4455 Y-1.5489
X8.4765 Y-1.5317
X8.4843 Y-1.5275
X8.4997 Y-1.5193
X8.5271 Y-1.5051
X8.5462 Y-1.4956
X8.5694 Y-1.4843
X8.5926 Y-1.4734
X8.6159 Y-1.4629
X8.6468 Y-1.4493
X8.6623 Y-1.4427
X8.6856 Y-1.4333
X8.7088 Y-1.424
X8.7243 Y-1.4181
X8.7552 Y-1.4066
X8.763 Y-1.4038
X8.7862 Y-1.3958
X8.8094 Y-1.3879
X8.8249 Y-1.3829
X8.8559 Y-1.3733
X8.8714 Y-1.3686
X8.9023 Y-1.3598
X8.9178 Y-1.3556
X8.941 Y-1.3495
X8.968 Y-1.3428
X8.9952 Y-1.3364
X9.0185 Y-1.3313
X9.0494 Y-1.3249
X9.0649 Y-1.3219 Z0.2215
X9.0881 Y-1.3177 Z0.2214
X9.1114 Y-1.3136
X9.1268 Y-1.3111
X9.1578 Y-1.3065
X9.1748 Y-1.3041
X9.2043 Y-1.3005
X9.2197 Y-1.2986 Z0.2215
X9.2352 Y-1.297 Z0.2214
X9.2739 Y-1.2933
X9.2972 Y-1.2916
X9.3281 Y-1.2895
X9.3514 Y-1.2884
X9.3668 Y-1.2877
X9.3901 Y-1.287
X9.4056 Y-1.2866
X9.4288 Y-1.2864
X9.4597
X9.483 Y-1.2867
X9.5139 Y-1.2875
X9.5294 Y-1.2881
X9.5759 Y-1.2906
X9.5836 Y-1.291
X9.5914 Y-1.2909
X9.5991 Y-1.2899 Z0.2213
X9.6045 Y-1.2887
X9.6068 Y-1.288
X9.6146 Y-1.2852 Z0.2214
X9.6223 Y-1.2808
X9.6301 Y-1.2746 Z0.2213
X9.6316 Y-1.2732
X9.6378 Y-1.2659
X9.6428 Y-1.2577 Z0.2214
X9.6456 Y-1.2515 Z0.2213
X9.646 Y-1.25
X9.6482 Y-1.2423 Z0.2214
X9.65 Y-1.2345
X9.6548 Y-1.2114 Z0.2215
X9.6583 Y-1.1959 Z0.2214
X9.661 Y-1.1845 Z0.2215
X9.6641 Y-1.1727 Z0.2214
X9.6684 Y-1.1572 Z0.2215
X9.6731 Y-1.1418 Z0.2214
X9.6765 Y-1.1311 Z0.2215
X9.6808 Y-1.1186 Z0.2214
X9.6863 Y-1.1031 Z0.2215
X9.6923 Y-1.0877 Z0.2214
X9.6954 Y-1.0799
X9.6998 Y-1.0696
X9.702 Y-1.0645
X9.7089 Y-1.049
X9.7163 Y-1.0335
X9.7201 Y-1.0258
X9.7282 Y-1.0103
X9.7324 Y-1.0026
X9.7385 Y-0.9918
X9.7462 Y-0.9782
X9.7497 Y-0.9717
X9.7531 Y-0.964 Z0.2213
X9.7539 Y-0.9613
X9.7553 Y-0.9562
X9.7567 Y-0.9485
X9.7571 Y-0.9408 Z0.2214
X9.7561 Y-0.933 Z0.2213
X9.7544 Y-0.9253
X9.7539 Y-0.9237
X9.7517 Y-0.9176 Z0.2214
X9.7474 Y-0.9098 Z0.2213
X9.7462 Y-0.9079 Z0.2214
X9.7414 Y-0.9021 Z0.2213
X9.7385 Y-0.899
X9.7333 Y-0.8944 Z0.2214
X9.7307 Y-0.8926 Z0.2213
X9.723 Y-0.8879 Z0.2214
X9.7201 Y-0.8866
X9.7152 Y-0.8847
X9.7075 Y-0.882
X9.6749 Y-0.8712
X9.6513 Y-0.8634
X9.6265 Y-0.8557
X9.5836 Y-0.8427
X9.5604 Y-0.8359
X9.5214 Y-0.8248
X9.4985 Y-0.8186
X9.452 Y-0.8064
X9.4327 Y-0.8016
X9.3901 Y-0.7912
X9.3746 Y-0.7876
X9.3204 Y-0.7756
X9.3049 Y-0.7723
X9.2583 Y-0.7629
X9.2352 Y-0.7585
X9.1888 Y-0.7501
X9.1733 Y-0.7475
X9.1346 Y-0.7412
X9.1114 Y-0.7376
X9.0881 Y-0.7342
X9.0417 Y-0.7278
X9.0107 Y-0.724
X8.972 Y-0.7194
X8.9565 Y-0.7178
X8.9101 Y-0.7132
X8.8946 Y-0.7118
X8.8326 Y-0.7069
X8.7939 Y-0.7046
X8.763 Y-0.7028
X8.7475 Y-0.7022
X8.6933 Y-0.7001
X8.6778 Y-0.6997
X8.6314 Y-0.6989
X8.6236 Y-0.6988
X8.6159 Y-0.6993 Z0.2213
X8.6081 Y-0.7004
X8.605 Y-0.7011
X8.6004 Y-0.7025
X8.5926 Y-0.7056 Z0.2214
X8.5871 Y-0.7088
X8.5849 Y-0.7104 Z0.2213
X8.5777 Y-0.7165
X8.5772 Y-0.7171
X8.571 Y-0.7243
X8.5694 Y-0.7263 Z0.2214
X8.5662 Y-0.732
X8.5629 Y-0.7397 Z0.2213
X8.5617 Y-0.7438
X8.5608 Y-0.7475
X8.5596 Y-0.7552
X8.5589 Y-0.7629 Z0.2214
X8.5577 Y-0.7784 Z0.2215
X8.5563 Y-0.7939
X8.5555 Y-0.8016
X8.5539 Y-0.8132
X8.5522 Y-0.8248
X8.5509 Y-0.8325
X8.5495 Y-0.8402
X8.5479 Y-0.848
X8.5462 Y-0.8562
X8.5446 Y-0.8634
X8.5427 Y-0.8712
X8.5408 Y-0.8789
X8.5385 Y-0.8874
X8.5365 Y-0.8944
X8.5341 Y-0.9021
X8.5307 Y-0.9127
X8.5291 Y-0.9176
X8.5236 Y-0.933
X8.5206 Y-0.9408 Z0.2214
X8.5175 Y-0.9485
X8.5143 Y-0.9562
X8.5109 Y-0.964
X8.5074 Y-0.9717
X8.5037 Y-0.9794 Z0.2215
X8.4997 Y-0.9874 Z0.2214
X8.4959 Y-0.9949 Z0.2215
X8.4918 Y-1.0026
X8.4875 Y-1.0103 Z0.2214
X8.4831 Y-1.0181 Z0.2215
X8.4765 Y-1.0291 Z0.2214
X8.4688 Y-1.0413 Z0.2215
X8.461 Y-1.0529 Z0.2214
X8.4529 Y-1.0645
X8.4455 Y-1.0744
X8.4378 Y-1.0843
X8.4287 Y-1.0954 Z0.2215
X8.4221 Y-1.1031 Z0.2214
X8.4146 Y-1.1115 Z0.2215
X8.4068 Y-1.1199
X8.3991 Y-1.1279
X8.3914 Y-1.1356
X8.3836 Y-1.1431
X8.3759 Y-1.1503
X8.3681 Y-1.1572
X8.359 Y-1.165 Z0.2214
X8.3496 Y-1.1727 Z0.2215
X8.3398 Y-1.1804 Z0.2214
X8.3294 Y-1.1882 Z0.2215
X8.3185 Y-1.1959 Z0.2214
X8.3062 Y-1.2042
X8.2948 Y-1.2114 Z0.2215
X8.2907 Y-1.2139
X8.2819 Y-1.2191 Z0.2214
X8.2683 Y-1.2268 Z0.2215
X8.2597 Y-1.2314 Z0.2214
X8.252 Y-1.2354 Z0.2215
X8.2443 Y-1.2392 Z0.2214
X8.2365 Y-1.2429
X8.2288 Y-1.2464 Z0.2215
X8.2205 Y-1.25 Z0.2214
X8.2133 Y-1.2531 Z0.2215
X8.2055 Y-1.2562 Z0.2214
X8.1978 Y-1.2591
X8.1901 Y-1.262 Z0.2215
X8.1801 Y-1.2655
X8.1668 Y-1.2698
X8.1553 Y-1.2732
X8.1436 Y-1.2764
X8.1359 Y-1.2784
X8.1254 Y-1.2809
X8.1126 Y-1.2837
X8.1049 Y-1.2852
X8.0972 Y-1.2867
X8.085 Y-1.2887
X8.0739 Y-1.2902
X8.0662 Y-1.2912
X8.0585 Y-1.2921
X8.0507 Y-1.2929
X8.043 Y-1.2935 Z0.2214
X8.0352 Y-1.2941 Z0.2215
X8.0275 Y-1.2945 Z0.2214
X8.0197 Y-1.2949
X8.012 Y-1.2951
X8.0043 Z0.2215
X7.9965 Y-1.2952 Z0.2214
X7.9888 Y-1.2951
X7.9733 Y-1.2945
X7.9655 Y-1.294 Z0.2215
X7.9578 Y-1.2935 Z0.2214
X7.9501 Y-1.2928
X7.9423 Y-1.2921 Z0.2215
X7.9346 Y-1.2912
X7.9268 Y-1.2902
X7.9162 Y-1.2887
X7.9036 Y-1.2866
X7.8959 Y-1.2852
X7.8881 Y-1.2837
X7.8755 Y-1.2809
X7.8649 Y-1.2784
X7.8572 Y-1.2764
X7.8457 Y-1.2732
X7.8339 Y-1.2697
X7.821 Y-1.2655
X7.8107 Y-1.2619
X7.7996 Y-1.2577 Z0.2214
X7.7875 Y-1.2529 Z0.2215
X7.7797 Y-1.2497 Z0.2214
X7.772 Y-1.2463
X7.7631 Y-1.2423
X7.7565 Y-1.2391
X7.7475 Y-1.2345 Z0.2215
X7.741 Y-1.2312
X7.7328 Y-1.2268 Z0.2214
X7.7255 Y-1.2228 Z0.2215
X7.7178 Y-1.2183
X7.7062 Y-1.2114
X7.6941 Y-1.2036 Z0.2214
X7.6827 Y-1.1959 Z0.2215
X7.6714 Y-1.1878
X7.6614 Y-1.1804
X7.6515 Y-1.1727
X7.6421 Y-1.165
X7.6326 Y-1.1569
X7.6245 Y-1.1495
X7.6161 Y-1.1418
X7.6082 Y-1.134
X7.6005 Y-1.1263
X7.5931 Y-1.1186
X7.5859 Y-1.1108
X7.5784 Y-1.1024
X7.5707 Y-1.0933
X7.563 Y-1.0838 Z0.2214
X7.554 Y-1.0722 Z0.2215
X7.5475 Y-1.0633
X7.5397 Y-1.0524
X7.532 Y-1.0407
X7.5274 Y-1.0335
X7.5226 Y-1.0258 Z0.2214
X7.5165 Y-1.0155 Z0.2215
X7.5136 Y-1.0103
X7.5088 Y-1.0016 Z0.2214
X7.5052 Y-0.9949 Z0.2215
X7.501 Y-0.9868 Z0.2214
X7.4974 Y-0.9794
X7.4933 Y-0.9708
X7.4868 Y-0.9562
X7.4836 Y-0.9485 Z0.2215
X7.4805 Y-0.9408 Z0.2214
X7.4775 Y-0.933 Z0.2215
X7.4747 Y-0.9253 Z0.2214
X7.472 Y-0.9176
X7.4694 Y-0.9098 Z0.2215
X7.4646 Y-0.8944
X7.4623 Y-0.8863
X7.4603 Y-0.8789
X7.4583 Y-0.8712
X7.4564 Y-0.8634
X7.4528 Y-0.848 Z0.2214
X7.4508 Y-0.8402 Z0.2213
X7.4484 Y-0.8325 Z0.2214
X7.4468 Y-0.829
X7.4446 Y-0.8248 Z0.2213
X7.4391 Y-0.8168
X7.4319 Y-0.8093
X7.4314 Y-0.8088
X7.4236 Y-0.8031 Z0.2214
X7.4209 Y-0.8016
X7.4159 Y-0.7992 Z0.2213
X7.4081 Y-0.7966
X7.4004 Y-0.795
X7.3926 Y-0.7941 Z0.2214
X7.3849 Y-0.7942
X7.3617 Y-0.7953
G2 X6.9901 Y-0.8101 I-0.6729 J12.2522
G1 X6.9436 Y-0.8111
X6.8584 Y-0.8126
X6.8275 Y-0.813
X6.7888 Y-0.8133
X6.781
X6.7346 Y-0.8137
X6.6959 Y-0.8138
X6.5952 Y-0.8134
X6.5565 Y-0.8131
X6.4713 Y-0.8118
X6.4172 Y-0.8107
X6.3397 Y-0.8087
X6.2855 Y-0.8071
X6.2081 Y-0.8043
X6.1435 Y-0.8016
X6.0688 Y-0.798
X6.0068 Y-0.7947
X5.9371 Y-0.7906
X5.8673 Y-0.7861
X5.8133 Y-0.7824
X5.7281 Y-0.776
X5.6817 Y-0.7722
X5.5965 Y-0.7649
X5.55 Y-0.7606
X5.4571 Y-0.7516
X5.4169 Y-0.7475
X5.3255 Y-0.7376
X5.2946 Y-0.7341
X5.1862 Y-0.7212
X5.163 Y-0.7183
X5.0468 Y-0.7032
X5.0081 Y-0.6978
X4.9216 Y-0.6856
X4.9152 Y-0.6848
X4.9075 Y-0.6839
X4.8997 Y-0.6833
X4.892 Y-0.684 Z0.2213
X4.8838 Y-0.6856
X4.8765 Y-0.688
X4.8688 Y-0.6917
X4.8661 Y-0.6934 Z0.2214
X4.861 Y-0.6973 Z0.2213
X4.8568 Y-0.7011
X4.8533 Y-0.7048
X4.8502 Y-0.7088
X4.8455 Y-0.716 Z0.2214
X4.8452 Y-0.7165
X4.8421 Y-0.7243 Z0.2213
X4.8401 Y-0.732
X4.8388 Y-0.7397
X4.8387 Y-0.7475
X4.8398 Y-0.7552
X4.8417 Y-0.7629
X4.8446 Y-0.7707 Z0.2214
X4.8455 Y-0.7724
X4.849 Y-0.7784
X4.861 Y-0.7973 Z0.2215
X4.8688 Y-0.8102
X4.8726 Y-0.8171
X4.8769 Y-0.8248
X4.8809 Y-0.8325
X4.8847 Y-0.8402
X4.8884 Y-0.848
X4.892 Y-0.8561
X4.8951 Y-0.8634
X4.8982 Y-0.8712
X4.9011 Y-0.8789
X4.9039 Y-0.8866
X4.9075 Y-0.8971
X4.9114 Y-0.9098
X4.9135 Y-0.9176
X4.9156 Y-0.9253
X4.9175 Y-0.933
X4.9192 Y-0.9408
X4.9208 Y-0.9485
X4.9229 Y-0.9597
X4.9249 Y-0.9717
X4.9259 Y-0.9794
X4.9269 Y-0.9871
X4.9277 Y-0.9949
X4.9283 Y-1.0026
X4.9289 Y-1.0103
X4.9293 Y-1.0181 Z0.2214
X4.9295 Y-1.0258 Z0.2215
X4.9298 Y-1.0413 Z0.2214
X4.9301 Y-1.049
X4.9307 Y-1.0545 Z0.2213
X4.9311 Y-1.0567
X4.933 Y-1.0645
X4.9358 Y-1.0722 Z0.2214
X4.9384 Y-1.0773
X4.9402 Y-1.0799 Z0.2213
X4.9464 Y-1.0877
X4.9539 Y-1.0946
X4.9549 Y-1.0954
X4.9617 Y-1.0997
X4.9694 Y-1.1035 Z0.2214
X4.9771 Y-1.1066
X5.07 Y-1.1426
X5.0933 Y-1.1518
X5.1707 Y-1.1829
X5.1862 Y-1.1893
X5.2713 Y-1.2248
X5.2941 Y-1.2345
X5.3797 Y-1.2716
X5.4107 Y-1.2855
X5.4804 Y-1.3168
X5.5733 Y-1.3599
X5.5888 Y-1.3672
X5.6739 Y-1.4082
X5.6981 Y-1.4201
X5.7823 Y-1.4621
X5.8752 Y-1.5098
X5.8984 Y-1.5221
X5.9759 Y-1.5632
X6.0146 Y-1.5844
X6.0688 Y-1.6141
X6.0842 Y-1.6228
X6.1694 Y-1.671
X6.2081 Y-1.6935
X6.2623 Y-1.7252
X6.2855 Y-1.7391
X6.3593 Y-1.7835
X6.3719 Y-1.7912
X6.4559 Y-1.8433
X6.5438 Y-1.8994
X6.5675 Y-1.9149
X6.6417 Y-1.9637
X6.6839 Y-1.9922
X6.7297 Y-2.0231
X6.7346 Y-2.0263
X6.7423 Y-2.0309
X6.7501 Y-2.0341 Z0.2213
X6.7578 Y-2.0362
X6.7655 Y-2.0375
X6.7733 Y-2.0376 Z0.2214
X6.781 Y-2.0366 Z0.2213
X6.7888 Y-2.0347
X6.7965 Y-2.0318 Z0.2214
X6.7984 Y-2.0309
X6.8042 Y-2.0272 Z0.2213
X6.8096 Y-2.0231
X6.812 Y-2.0209
X6.8172 Y-2.0154
X6.8197 Y-2.0123
X6.823 Y-2.0077 Z0.2214
X6.8282 Y-1.9999
X6.8352 Y-1.9893
G2 X6.8664 Y-1.9458 I0.661 J-0.4407
G1 X6.8739 Y-1.9362
X6.8817 Y-1.9267
X6.8915 Y-1.9149 Z0.2215
X6.8983 Y-1.9072 Z0.2214
X6.9051 Y-1.8994 Z0.2215
X6.9126 Y-1.8913 Z0.2214
X6.9204 Y-1.8831
X6.9281 Y-1.8752 Z0.2215
X6.9359 Y-1.8675 Z0.2214
X6.9436 Y-1.8599 Z0.2215
X6.9513 Y-1.8526
X6.9593 Y-1.8453 Z0.2214
X6.9679 Y-1.8376 Z0.2215
X6.9768 Y-1.8299 Z0.2214
X6.9861 Y-1.8221 Z0.2215
X6.9978 Y-1.8127 Z0.2214
X7.0055 Y-1.8066
X7.0157 Y-1.7989
X7.0288 Y-1.7894
X7.0372 Y-1.7835 Z0.2215
X7.052 Y-1.7735 Z0.2214
X7.0605 Y-1.768 Z0.2215
X7.0752 Y-1.7588 Z0.2214
X7.0857 Y-1.7525
X7.0992 Y-1.7448
X7.1062 Y-1.7409 Z0.2215
X7.1139 Y-1.7368 Z0.2214
X7.1294 Y-1.7287
X7.144 Y-1.7216
X7.1526 Y-1.7176
X7.1608 Y-1.7139
X7.1759 Y-1.7074
X7.1836 Y-1.7042 Z0.2215
X7.1982 Y-1.6984 Z0.2214
X7.2068 Y-1.6951 Z0.2215
X7.2191 Y-1.6907 Z0.2214
X7.2301 Y-1.6869
X7.2424 Y-1.683
X7.2533 Y-1.6796
X7.261 Y-1.6773 Z0.2215
X7.2765 Y-1.6731 Z0.2214
X7.2843 Y-1.6711 Z0.2215
X7.292 Y-1.6691
X7.2997 Y-1.6673 Z0.2214
X7.3152 Y-1.6638 Z0.2215
X7.3307 Y-1.6608 Z0.2214
X7.3384 Y-1.6593 Z0.2215
X7.3462 Y-1.658
X7.3539 Y-1.6567 Z0.2214
X7.3694 Y-1.6545 Z0.2215
X7.3772 Y-1.6534
X7.3926 Y-1.6516 Z0.2214
X7.4004 Y-1.6508 Z0.2215
X7.4081 Y-1.6501 Z0.2214
X7.4236 Y-1.649
X7.4314 Y-1.6485
X7.4468 Y-1.6478
X7.4566 Y-1.6475
X7.4623 Y-1.6474
X7.4855
X7.4933 Y-1.6476
X7.5088 Y-1.6482
X7.5165 Y-1.6486
X7.532 Y-1.6497
X7.5439 Y-1.6507
X7.5494 Y-1.651
X7.555 Z0.2213
X7.5605 Y-1.6506 Z0.2211
X7.5661 Y-1.65 Z0.2209
X7.5716 Y-1.6492 Z0.2207
X7.5826 Y-1.6472 Z0.2201
X7.5936 Y-1.6452 Z0.2196
X7.5991 Y-1.6443 Z0.2193
X7.6046 Y-1.6436 Z0.219
X7.6101 Y-1.643 Z0.2188
X7.6156 Y-1.6427 Z0.2186
X7.6211 Y-1.6428 Z0.2184
X7.6266 Y-1.6432 Z0.2183
X7.632 Y-1.644
X7.6481 Y-1.6475
X7.6559 Y-1.6493
X7.6714 Y-1.6532
X7.6868 Y-1.6574
X7.7023 Y-1.662
X7.7101 Y-1.6644
X7.7255 Y-1.6695
X7.741 Y-1.6749
X7.7565 Y-1.6807
X7.772 Y-1.6869
X7.7875 Y-1.6934
X7.7986 Y-1.6984
X7.8107 Y-1.7041
X7.8184 Y-1.7078
X7.8262 Y-1.7116
X7.8417 Y-1.7197
X7.8494 Y-1.7238
X7.8593 Y-1.7294
X7.8727 Y-1.7371
X7.8881 Y-1.7465
X7.8978 Y-1.7525
X7.9114 Y-1.7615
X7.9209 Y-1.768
X7.9346 Y-1.7778
X7.9424 Y-1.7835
X7.9525 Y-1.7912
X7.9624 Y-1.7989
X7.9813 Y-1.8144
X7.9888 Y-1.8204 Z0.2182
X7.9911 Y-1.8221
X7.9965 Y-1.8255
X8.0043 Y-1.8285
X8.0109 Y-1.8299
X8.012 Y-1.83
X8.0197
X8.0275 Y-1.8284
X8.0352 Y-1.8254
X8.0404 Y-1.8221
X8.043 Y-1.8201
X8.0507 Y-1.8134 Z0.2183
X8.0662 Y-1.7994
X8.0838 Y-1.7835
X8.0972 Y-1.7717
X8.1204 Y-1.7517
X8.1286 Y-1.7448
X8.1473 Y-1.7294
X8.1668 Y-1.7135
X8.186 Y-1.6984
X8.2061 Y-1.683
X8.2288 Y-1.666
X8.2443 Y-1.6547
X8.2675 Y-1.6381
X8.283 Y-1.6273
X8.2985 Y-1.6168
X8.3217 Y-1.6013
X8.3372 Y-1.5913
X8.3681 Y-1.5718
X8.3759 Y-1.5669
X8.3914 Y-1.5576
X8.4223 Y-1.5394
X8.4301 Y-1.5349
G2 X8.523 Y-1.4851 I1.0561 J-1.8582
G1 X8.5385 Y-1.4774
X8.5617 Y-1.4662
X8.5849 Y-1.4552
X8.6081 Y-1.4447
X8.6391 Y-1.4312
X8.6546 Y-1.4246
G2 X8.813 Y-1.366 I0.8024 J-1.9255
G1 X8.8326 Y-1.3598
X8.8559 Y-1.3526
X8.8714 Y-1.3481
X8.9023 Y-1.3393
X8.9182 Y-1.3351
X8.941 Y-1.3291
X8.9643 Y-1.3234
X8.9952 Y-1.3162
X9.0185 Y-1.3111
X9.0417 Y-1.3063
X9.0572 Y-1.3033
X9.0804 Y-1.299
X9.1036 Y-1.2949
G2 X9.2013 Y-1.2809 I0.3299 J-1.9538
G1 X9.2197 Y-1.2788
X9.2352 Y-1.2771
X9.2662 Y-1.2742
X9.2817 Y-1.2729
X9.3049 Y-1.2713
X9.3281 Y-1.2698
X9.3514 Y-1.2686
X9.3746 Y-1.2677
X9.3978 Y-1.2671
X9.4133 Y-1.2667
X9.4288 Y-1.2666
X9.4597
X9.483 Y-1.2669
X9.5139 Y-1.2678
X9.5294 Y-1.2683
X9.5604 Y-1.27
X9.5836 Y-1.2712 Z0.2182
X9.5914 Y-1.2709
X9.5991 Y-1.2696
X9.6068 Y-1.2669
X9.6093 Y-1.2655
X9.6146 Y-1.2617
X9.6188 Y-1.2577
X9.6223 Y-1.2534
X9.6244 Y-1.25
X9.6277 Y-1.2423
X9.6301 Y-1.2332
X9.633 Y-1.2191 Z0.2183
X9.6363 Y-1.2036
X9.6398 Y-1.1882
X9.6417 Y-1.1804
X9.6458 Y-1.165
X9.6501 Y-1.1495
X9.6548 Y-1.134
X9.6573 Y-1.1263
X9.661 Y-1.1153
X9.6653 Y-1.1031
X9.6688 Y-1.0937
X9.6741 Y-1.0799
X9.6772 Y-1.0722
X9.6805 Y-1.0645
X9.6843 Y-1.0557
X9.6907 Y-1.0413
X9.6981 Y-1.0258
X9.7019 Y-1.0181
X9.7075 Y-1.0073
X9.7152 Y-0.9928
X9.7307 Y-0.9653 Z0.2182
X9.7315 Y-0.964
X9.7348 Y-0.9562
X9.7366 Y-0.9485
X9.7372 Y-0.9408
X9.7359 Y-0.933
X9.7334 Y-0.9253
X9.7307 Y-0.9204
X9.7286 Y-0.9176
X9.723 Y-0.9116
X9.7209 Y-0.9098
X9.7152 Y-0.9063
X9.7075 Y-0.9029
X9.6998 Y-0.9002 Z0.2183
X9.6587 Y-0.8866
X9.6456 Y-0.8823
X9.6223 Y-0.8751
X9.5836 Y-0.8633
X9.5604 Y-0.8564
X9.5139 Y-0.8432
X9.4907 Y-0.837
X9.4443 Y-0.8248
X9.3978 Y-0.8134
X9.3808 Y-0.8093
X9.3514 Y-0.8027
X9.3114 Y-0.7939
X9.2817 Y-0.7878
X9.2507 Y-0.7816
G3 X8.9101 Y-0.733 I-0.6596 J-3.4098
G1 X8.8946 Y-0.7316
X8.8404 Y-0.7273
X8.8249 Y-0.7262
X8.7707 Y-0.723
G3 X8.6314 Y-0.7186 I-0.1772 J-3.4118
G1 X8.6236
X8.6159 Y-0.7192 Z0.2182
X8.6081 Y-0.7208
X8.6004 Y-0.724
X8.5998 Y-0.7243
X8.5926 Y-0.7298
X8.5904 Y-0.732
X8.5849 Y-0.739
X8.5845 Y-0.7397
X8.5812 Y-0.7475
X8.5796 Y-0.7552
X8.5787 Y-0.7629
X8.5772 Y-0.7829 Z0.2183
X8.5761 Y-0.7939
X8.5753 Y-0.8016
X8.5744 Y-0.8093
X8.5733 Y-0.8171
X8.5722 Y-0.8248
G2 X8.5648 Y-0.8634 I-0.5865 J0.0916
G1 X8.5617 Y-0.8767
X8.5591 Y-0.8866
X8.557 Y-0.8944
X8.5539 Y-0.9048
X8.5499 Y-0.9176
X8.5462 Y-0.9285
X8.5417 Y-0.9408
X8.5385 Y-0.9493
X8.5357 Y-0.9562
X8.5325 Y-0.964
X8.5291 Y-0.9717
X8.523 Y-0.9849
X8.5181 Y-0.9949
X8.5141 Y-1.0026
X8.51 Y-1.0103
X8.5058 Y-1.0181
X8.4997 Y-1.0287
X8.492 Y-1.0416
X8.4843 Y-1.0537
X8.4765 Y-1.0652
X8.4688 Y-1.0761
X8.4603 Y-1.0877
X8.4533 Y-1.0965
X8.4455 Y-1.106
X8.4378 Y-1.1151
X8.4278 Y-1.1263
X8.4206 Y-1.134
X8.4132 Y-1.1418
X8.4054 Y-1.1495
X8.3974 Y-1.1572
X8.389 Y-1.165
X8.3804 Y-1.1727
X8.3713 Y-1.1804
X8.3604 Y-1.1894
X8.3521 Y-1.1959
X8.3417 Y-1.2036
X8.3294 Y-1.2123
X8.3195 Y-1.2191
X8.3139 Y-1.2227
X8.3062 Y-1.2275
X8.2946 Y-1.2345
X8.2811 Y-1.2423
X8.2752 Y-1.2455
X8.2667 Y-1.25
X8.2597 Y-1.2536
X8.2513 Y-1.2577
X8.2443 Y-1.2611
G2 X8.2056 Y-1.2773 I-0.2398 J0.5162
G1 X8.1957 Y-1.2809
X8.1901 Y-1.2829
X8.1823 Y-1.2855
X8.1725 Y-1.2887
X8.1591 Y-1.2927
X8.1514 Y-1.2948
X8.1436 Y-1.2968
X8.1359 Y-1.2987
X8.1281 Y-1.3005
X8.1204 Y-1.3022
X8.1111 Y-1.3041
X8.1049 Y-1.3053
X8.0972 Y-1.3067
X8.0894 Y-1.308
X8.0817 Y-1.3091
X8.0739 Y-1.3101
X8.0594 Y-1.3119
X8.0507 Y-1.3127
X8.043 Y-1.3133
X8.0352 Y-1.3138
X8.0275 Y-1.3143
X8.0197 Y-1.3146
X8.012 Y-1.3148
X7.9965 Y-1.315
X7.9888 Y-1.3149
X7.981 Y-1.3146
X7.9655 Y-1.3138
X7.9578 Y-1.3133
X7.9501 Y-1.3127
X7.9418 Y-1.3119
X7.9346 Y-1.3111
G2 X7.9036 Y-1.3066 I0.0714 J0.6094
G1 X7.8899 Y-1.3041
X7.8804 Y-1.3022
X7.8726 Y-1.3005
G2 X7.8184 Y-1.2854 I0.1312 J0.5763
G1 X7.8107 Y-1.2828
X7.803 Y-1.2801
X7.7952 Y-1.2772
X7.785 Y-1.2732
X7.7797 Y-1.2711
X7.7643 Y-1.2645
X7.7565 Y-1.261
X7.7488 Y-1.2573
X7.7333 Y-1.2494
X7.7255 Y-1.2453
X7.7178 Y-1.2411
X7.7065 Y-1.2345
X7.6937 Y-1.2268
X7.6868 Y-1.2224
X7.6791 Y-1.2173
X7.6703 Y-1.2114
G2 X7.6298 Y-1.1804 I0.3263 J0.4701
G1 X7.6208 Y-1.1727
X7.6121 Y-1.165
X7.6017 Y-1.1552
X7.5939 Y-1.1477
X7.5862 Y-1.1399
X7.5784 Y-1.1318
X7.5707 Y-1.1234
X7.563 Y-1.1147
X7.5552 Y-1.1056
X7.5469 Y-1.0954
X7.5397 Y-1.086
X7.532 Y-1.0756
X7.5241 Y-1.0645
X7.5165 Y-1.0531
X7.5088 Y-1.041
X7.5042 Y-1.0335
X7.4997 Y-1.0258
X7.4933 Y-1.0144
X7.4869 Y-1.0026
X7.483 Y-0.9949
X7.4778 Y-0.9842
X7.4755 Y-0.9794
G2 X7.4546 Y-0.9276 I0.5266 J0.243
G1 X7.4512 Y-0.9176
X7.4468 Y-0.9038
X7.4441 Y-0.8944
X7.4399 Y-0.8789
X7.438 Y-0.8712
X7.4343 Y-0.8557
X7.4324 Y-0.848 Z0.2182
X7.4314 Y-0.8442
X7.4301 Y-0.8402
X7.426 Y-0.8325
X7.4236 Y-0.8292
X7.4194 Y-0.8248
X7.4159 Y-0.822
X7.412 Y-0.8192
X7.4081 Y-0.8174
X7.4004 Y-0.8151
X7.3926 Y-0.814
X7.3849 Z0.2183
X7.3694 Y-0.8147
X7.261 Y-0.8203
X7.2301 Y-0.8216
X7.1294 Y-0.8257
X7.0907 Y-0.827
X6.9901 Y-0.8299
X6.9436 Y-0.8308
X6.8584 Y-0.8324
X6.8275 Y-0.8328
X6.7888 Y-0.8331
X6.781
X6.7268 Y-0.8335
X6.6881
X6.5952 Y-0.8331
X6.5565 Y-0.8328 Z0.2182
X6.4713 Y-0.8315 Z0.2183
X6.4172 Y-0.8305
X6.3397 Y-0.8285
X6.301 Y-0.8273
X6.2546 Y-0.8258
X6.2004 Y-0.8237
X6.1384 Y-0.8211
X6.0688 Y-0.8178
X6.0068 Y-0.8145
X5.9371 Y-0.8104
X5.8675 Y-0.8059
X5.8133 Y-0.8022
X5.7281 Y-0.7958
X5.6817 Y-0.792
X5.5888 Y-0.7841
X5.5423 Y-0.7797
X5.4571 Y-0.7715
X5.4184 Y-0.7675
X5.3178 Y-0.7566
X5.2791 Y-0.7521
X5.1784 Y-0.7402
G2 X4.9229 Y-0.7058 I1.5765 J12.6707
G1 X4.9152 Y-0.7047
X4.9075 Y-0.7038 Z0.2182
X4.8997 Y-0.7031
X4.892 Y-0.7041
X4.8842 Y-0.7062
X4.8788 Y-0.7088
X4.8765 Y-0.7103
X4.8694 Y-0.7165
X4.8688 Y-0.7172
X4.8637 Y-0.7243
X4.861 Y-0.7302
X4.8605 Y-0.732
X4.8588 Y-0.7397
X4.8587 Y-0.7475
X4.8601 Y-0.7552
X4.861 Y-0.7582
X4.8629 Y-0.7629
X4.8675 Y-0.7707
X4.8773 Y-0.7861 Z0.2183
X4.8842 Y-0.7976
X4.8866 Y-0.8016
X4.892 Y-0.8113
X4.8951 Y-0.8171
X4.8997 Y-0.8261
X4.9029 Y-0.8325
X4.9075 Y-0.8423
X4.91 Y-0.848
X4.9133 Y-0.8557
X4.9164 Y-0.8634
X4.9193 Y-0.8712
G2 X4.9384 Y-0.9362 I-0.4545 J-0.1689
G1 X4.9409 Y-0.9485
X4.9424 Y-0.9562
X4.9436 Y-0.964
X4.9448 Y-0.9717
X4.9462 Y-0.9825
X4.9475 Y-0.9949
X4.9481 Y-1.0026
X4.9486 Y-1.0103
X4.949 Y-1.0181
X4.9493 Y-1.0258
X4.9495 Y-1.0413 Z0.2182
X4.95 Y-1.049
X4.9514 Y-1.0567
X4.954 Y-1.0645
X4.9562 Y-1.0683
X4.9593 Y-1.0722
X4.9617 Y-1.0749
X4.9674 Y-1.0799
X4.9694 Y-1.0812
X4.9771 Y-1.0853
X4.9849 Y-1.0884 Z0.2183
X5.0778 Y-1.1244
X5.1021 Y-1.134
X5.1789 Y-1.165
X5.1977 Y-1.1727
G2 X6.7346 Y-2.0027 I-3.1726 J-7.7125
G1 X6.7423 Y-2.0078 Z0.2182
X6.7501 Y-2.0125
X6.7566 Y-2.0154
X6.7578 Y-2.0157
X6.7655 Y-2.0174
X6.7733 Y-2.0177
X6.781 Y-2.0163
X6.7841 Y-2.0154
X6.7888 Y-2.0136
X6.7965 Y-2.0083
X6.7972 Y-2.0077
X6.8043 Y-1.9999
X6.8096 Y-1.9922 Z0.2183
X6.8199 Y-1.9768
X6.8275 Y-1.9656
X6.836 Y-1.9536
X6.843 Y-1.9441
X6.8507 Y-1.9338
X6.8595 Y-1.9226
X6.8662 Y-1.9144
X6.8739 Y-1.9051
X6.8856 Y-1.8917
X6.8925 Y-1.884
X6.9049 Y-1.8707
X6.9146 Y-1.8608
X6.9224 Y-1.8531
X6.9303 Y-1.8453
X6.9385 Y-1.8376
X6.9513 Y-1.8259
X6.9591 Y-1.8191
X6.9668 Y-1.8125
X6.9746 Y-1.8061
X6.9834 Y-1.7989
X6.9932 Y-1.7912
X7.0055 Y-1.7819
X7.014 Y-1.7757
X7.0249 Y-1.768
X7.0365 Y-1.7601
X7.048 Y-1.7525
X7.0603 Y-1.7448
X7.073 Y-1.7371
X7.0865 Y-1.7294
X7.0984 Y-1.7227
X7.1062 Y-1.7185
X7.1217 Y-1.7105
X7.1306 Y-1.7062
X7.1372 Y-1.703
X7.1471 Y-1.6984
X7.1604 Y-1.6925
X7.1681 Y-1.6892
X7.1836 Y-1.6829
X7.1991 Y-1.6769
X7.2068 Y-1.6741
X7.2223 Y-1.6687
X7.2301 Y-1.6662
X7.2455 Y-1.6613
X7.2533 Y-1.659
X7.2688 Y-1.6547
X7.2789 Y-1.652
X7.292 Y-1.6488
X7.3075 Y-1.6453
X7.3152 Y-1.6437
X7.3307 Y-1.6407
X7.3462 Y-1.638
X7.3552 Y-1.6366
X7.3694 Y-1.6346
X7.3849 Y-1.6326
X7.4004 Y-1.631
X7.4081 Y-1.6303
G2 X7.4546 Y-1.6278 I0.0667 J-0.7996
G1 X7.4623 Y-1.6276
X7.4855 Y-1.6277
X7.4933 Y-1.6279
X7.5088 Y-1.6285
X7.5243 Y-1.6293
X7.5397 Y-1.6305
X7.5475 Y-1.6312
X7.563 Y-1.6329
X7.5707 Y-1.6338
X7.5862 Y-1.6359
X7.6017 Y-1.6383
X7.6172 Y-1.6411
X7.6249 Y-1.6426
X7.632 Y-1.644
X7.6375 Y-1.6449
X7.643 Y-1.6455 Z0.2182
X7.6486 Y-1.6457 Z0.2181
X7.6542 Y-1.6456 Z0.218
X7.6598 Y-1.6454 Z0.2179
X7.671 Y-1.6446 Z0.2177
X7.6821 Y-1.6438 Z0.2174
X7.6876 Y-1.6435 Z0.2173
X7.6932 Y-1.6433 Z0.2172
X7.6987 Z0.217
X7.7042 Y-1.6437 Z0.2169
X7.7097 Y-1.6443
X7.7151 Y-1.6453 Z0.2168
X7.7204 Y-1.6468
G2 X7.975 Y-1.7835 I-0.2465 J-0.7644
G1 X7.9965 Y-1.801
X8.0043 Y-1.8068
X8.012 Y-1.8097
X8.0159 Y-1.81
X8.0197 Y-1.8097
X8.0275 Y-1.8067
X8.0352 Y-1.8005
X8.0456 Y-1.7912
G2 X9.5527 Y-1.2496 I1.3972 J-1.5201
G1 X9.5836 Y-1.2512
X9.5914 Y-1.2507
X9.5948 Y-1.25
X9.5991 Y-1.2482
G3 X9.6091 Y-1.2345 I-0.0106 J0.0182
G1 X9.611 Y-1.2268
X9.6159 Y-1.2036
G2 X9.6441 Y-1.1031 I0.7943 J-0.1691
X9.6999 Y-0.9794 I0.7512 J-0.264
G1 X9.713 Y-0.9562
X9.7152 Y-0.9513
X9.7162 Y-0.9485
X9.7169 Y-0.9446
Y-0.9408
X9.7152 Y-0.934
X9.7149 Y-0.933
X9.7121 Y-0.9292
X9.708 Y-0.9253
X9.7075 Y-0.925
X9.6998 Y-0.9213
X9.6888 Y-0.9176
G3 X8.6314 Y-0.7386 I-1.0969 J-3.2673
G1 X8.6236
X8.6159 Y-0.7396
G3 X8.6 Y-0.7552 I0.004 J-0.02
G1 X8.5988 Y-0.7629
X8.5981 Y-0.7707
X8.5969 Y-0.7861
G2 X8.5539 Y-0.9643 I-0.6067 J0.0521
X8.1436 Y-1.3174 I-0.5535 J0.2282
X8.043 Y-1.3333 I-0.1463 J0.6005
G1 X8.0275 Y-1.3343
G2 X7.9655 Y-1.3338 I-0.027 J0.5345
X7.9346 Y-1.3311 I0.0331 J0.5644
X7.7488 Y-1.2793 I0.0671 J0.6001
G1 X7.741 Y-1.2757
X7.7255 Y-1.2679
G2 X7.5398 Y-1.1181 I0.2754 J0.5317
G1 X7.532 Y-1.1087
X7.5243 Y-1.0986
G2 X7.4572 Y-0.9871 I0.4783 J0.3638
G1 X7.4503 Y-0.9717
X7.4468 Y-0.9634
G2 X7.4194 Y-0.8789 I0.5597 J0.2286
G1 X7.4138 Y-0.8557
X7.4116 Y-0.848
X7.4081 Y-0.8419
X7.4066 Y-0.8402
X7.4035 Y-0.8376
X7.4004 Y-0.8359
X7.3926 Y-0.8342
X7.3849 Y-0.8339
G2 X4.9152 Y-0.7248 I-0.6936 J12.3025
G1 X4.9075 Y-0.7239
X4.8997 Y-0.7233
X4.8939 Y-0.7243
X4.892 Y-0.7248
X4.8881 Y-0.7266
X4.8842 Y-0.73
X4.8827 Y-0.732
X4.8804 Y-0.7359
X4.8792 Y-0.7397
X4.8787 Y-0.7436
X4.879 Y-0.7475
X4.8798 Y-0.7513
X4.8815 Y-0.7552
X4.8842 Y-0.7599
X4.892 Y-0.772
G2 X4.9348 Y-0.8557 I-0.418 J-0.2667
G1 X4.9384 Y-0.8654
G2 X4.9681 Y-1.0026 I-0.4687 J-0.1731
G1 X4.9686 Y-1.0103
X4.969 Y-1.0181
X4.9692 Y-1.0258
X4.9695 Y-1.0413
X4.9703 Y-1.049
X4.9725 Y-1.0567
X4.9771 Y-1.0619
X4.9803 Y-1.0645
X4.9849 Y-1.0669
X4.9926 Y-1.0701
G2 X6.75 Y-1.9891 I-2.9734 J-7.8256
G1 X6.7551 Y-1.9922
X6.7579 Y-1.9939
X6.7617 Y-1.9958
X6.7655 Y-1.997
X6.7694 Y-1.9976
X6.7733 Y-1.9974
X6.7772 Y-1.9966
X6.781 Y-1.9947
X6.7844 Y-1.9922
X6.7888 Y-1.9874
X6.7965 Y-1.976
X6.8063 Y-1.9613
X6.812 Y-1.953
G2 X6.8869 Y-1.8608 I0.6554 J-0.4556
G1 X6.8972 Y-1.8501
X6.9049 Y-1.8423
G2 X7.6868 Y-1.6367 I0.5679 J-0.5702
G1 X7.6946 Y-1.6389
X7.7101 Y-1.6435
X7.7204 Y-1.6468
X7.7258 Y-1.6483
X7.7312 Y-1.6494
X7.7367 Y-1.6503
X7.7423 Y-1.6508
X7.7478 Y-1.6512
X7.759 Y-1.6516 Z0.2167
X7.7702 Y-1.6519
X7.7757 Y-1.6522 Z0.2166
X7.7813 Y-1.6526
X7.7868 Y-1.6532
X7.7923 Y-1.6541
X7.7976 Y-1.6553 Z0.2165
X7.8029 Y-1.6569
X7.808 Y-1.6589
G2 X8.0118 Y-1.7878 I-0.3405 J-0.7635
G1 X8.0159 Y-1.7897
X8.0197 Y-1.7873
G2 X8.461 Y-1.4722 I1.4472 J-1.56
X9.5836 Y-1.2313 I0.9827 J-1.8437
G1 X9.5884 Y-1.2309
X9.5899 Y-1.2289
G2 X9.6283 Y-1.0876 I0.9786 J-0.1904
X9.6965 Y-0.9447 I0.8318 J-0.3093
G1 X9.6968 Y-0.9427
X9.6941 Y-0.9408
G3 X8.6236 Y-0.7586 I-1.0993 J-3.2241
G1 X8.62 Y-0.7592
X8.6193 Y-0.761
G2 X8.6058 Y-0.8635 I-0.8367 J0.0585
X7.3953 Y-0.8634 I-0.6052 J0.1271
G1 X7.393 Y-0.8557
X7.3926 Y-0.8551
X7.3907 Y-0.8542
X7.3888 Y-0.8541
G2 X6.8275 Y-0.8727 I-0.725 J13.3347
X4.9075 Y-0.7439 I-0.1355 J12.3498
G1 X4.8997 Y-0.7436
X4.8988 Y-0.7442
X4.899 Y-0.7454
G2 X4.9668 Y-0.8866 I-0.4569 J-0.3063
X4.9896 Y-1.0448 I-0.5201 J-0.1556
G1 X4.9904 Y-1.0466
X4.9926 Y-1.0483
G2 X5.9064 Y-1.4587 I-3.039 J-7.9892
X6.7681 Y-1.977 I-3.9295 J-7.5083
G1 X6.7699 Y-1.9775
X6.7714 Y-1.9768
G2 X6.8351 Y-1.8891 I1.0572 J-0.7013
X7.8081 Y-1.6588 I0.6378 J-0.5245
G3 X7.857 Y-1.669 I0.0575 J0.1536
G2 X7.894 Y-1.68 I-0.015 J-0.1186
X8.0149 Y-1.7644 I-0.4411 J-0.7607
G1 X8.0159 Y-1.7642
G2 X9.5733 Y-1.2107 I1.4271 J-1.5477
X9.6687 Y-0.953 I0.8503 J-0.1685
G3 X8.6382 Y-0.7787 I-1.0768 J-3.232
G1 X8.6376 Y-0.7794
G2 X7.3772 Y-0.8744 I-0.637 J0.0431
X4.9367 Y-0.7683 I-0.6855 J12.3505
X5.0093 Y-1.0335 I-0.4654 J-0.2699
X6.7646 Y-1.9506 I-2.9948 J-7.8707
G1 X6.7655 Y-1.9503
G2 X7.8939 Y-1.6801 I0.7073 J-0.4628
G3 X7.9416 Y-1.6952 I0.0726 J0.1466
G2 X7.9773 Y-1.7098 I-0.0268 J-0.1162
X8.0141 Y-1.7379 I-0.6941 J-0.9463
G1 X8.0159 Y-1.7371
G2 X9.5572 Y-1.1897 I1.4269 J-1.5743
X9.6396 Y-0.9646 I0.8694 J-0.1904
G3 X8.6565 Y-0.799 I-1.0468 J-3.2145
G1 X8.6559 Y-0.7997
G2 X7.3617 Y-0.8954 I-0.6553 J0.0633
X4.973 Y-0.7937 I-0.6694 J12.3803
X5.0292 Y-1.02 I-0.5071 J-0.246
X6.7589 Y-1.9226 I-2.9966 J-7.8516
G1 X6.7601
G2 X7.9772 Y-1.71 I0.7128 J-0.4902
G3 X8.0101 Y-1.7091 I0.0157 J0.029
X8.0349 Y-1.6935 I-0.0334 J0.0805
G2 X9.5415 Y-1.1689 I1.408 J-1.618
X9.6109 Y-0.9766 I0.8802 J-0.2088
G3 X8.6743 Y-0.8194 I-1.0162 J-3.1868
G1 X8.6736 Y-0.8208
G2 X7.3464 Y-0.9159 I-0.6731 J0.0843
X5.0071 Y-0.8185 I-0.6577 J12.3418
G1 X5.0062 Y-0.8189
G2 X5.0484 Y-1.0057 I-0.5393 J-0.2201
X6.7547 Y-1.8955 I-3.0275 J-7.8864
X8.0137 Y-1.7122 I0.7182 J-0.5175
G1 X8.0292 Y-1.6984
X8.0349 Y-1.6935
G3 X8.0641 Y-1.653 I-0.1042 J0.106
G2 X8.0884 Y-1.6227 I0.099 J-0.0545
X9.526 Y-1.1482 I1.3546 J-1.689
X9.5827 Y-0.9891 I0.9127 J-0.2358
G1 X9.5786 Y-0.9871
G3 X8.6911 Y-0.8399 I-0.9854 J-3.1913
G2 X7.3318 Y-0.9374 I-0.6906 J0.1034
G1 X7.3311 Y-0.9368
G2 X5.0366 Y-0.8428 I-0.6419 J12.3809
X5.0675 Y-0.9914 I-0.5825 J-0.1986
X5.3421 Y-1.1031 I-3.7365 J-9.5796
X6.75 Y-1.8682 I-3.3271 J-7.8
X8.012 Y-1.6859 I0.7229 J-0.5447
G1 X8.0131
G2 X8.0884 Y-1.6227 I1.3818 J-1.5689
G3 X8.1192 Y-1.5833 I-0.1035 J0.1125
G2 X8.1447 Y-1.5542 I0.0961 J-0.0583
X9.5106 Y-1.1277 I1.2983 J-1.7576
X9.5552 Y-1.0009 I1.0301 J-0.2912
G3 X8.7083 Y-0.8604 I-0.9625 J-3.1786
G2 X7.317 Y-0.9575 I-0.7077 J0.1243
X5.0654 Y-0.8667 I-0.628 J12.3854
X5.0778 Y-0.9196 I-1.194 J-0.3076
X5.0863 Y-0.9771 I-0.6456 J-0.1242
G1 X5.0891 Y-0.9787
G2 X6.7453 Y-1.841 I-3.0626 J-7.9038
X8.0102 Y-1.6597 I0.7275 J-0.5727
G1 X8.012 Y-1.6604
G2 X8.1447 Y-1.5542 I1.4005 J-1.6129
G3 X8.177 Y-1.5161 I-0.0975 J0.1155
G2 X8.2036 Y-1.4879 I0.0942 J-0.0623
X9.4958 Y-1.1073 I1.2394 J-1.8241
X9.5283 Y-1.0138 I0.9566 J-0.2804
G3 X8.7247 Y-0.8811 I-0.9354 J-3.1647
G2 X7.3028 Y-0.9782 I-0.7242 J0.1449
X5.092 Y-0.8904 I-0.6142 J12.4107
X5.1048 Y-0.963 I-0.6799 J-0.1574
X6.7414 Y-1.8142 I-3.1014 J-7.9612
X8.0101 Y-1.6353 I0.7315 J-0.5991
X8.2036 Y-1.4878 I1.5176 J-1.7911
G1 X8.2039 Y-1.4875
X8.204 Y-1.4869
G3 X8.1929 Y-1.4804 I-0.0108 J-0.0059
X8.163 Y-1.4802 I-0.0156 J-0.0767
X8.1145 Y-1.4861 I0.0407 J-0.5391
G2 X7.2891 Y-0.999 I-0.114 J0.7497
X5.1182 Y-0.9139 I-0.5997 J12.436
G1 X5.1175 Y-0.9143
G2 X5.1231 Y-0.9485 I-0.6309 J-0.1208
G1 X5.1242 Y-0.9494
G2 X6.7346 Y-1.7858 I-3.1013 J-7.9398
G1 X6.7379 Y-1.7874
G2 X8.009 Y-1.6104 I0.7349 J-0.6255
X8.1942 Y-1.4701 I1.4216 J-1.6844
G1 X8.1929 Y-1.4698
G2 X8.1145 Y-1.486 I-0.1946 J0.7432
G1 X8.1113 Y-1.4865 Z0.2168
X8.1081 Y-1.487 Z0.2177
X8.1052 Y-1.4875 Z0.219
X8.1026 Y-1.4879 Z0.2209
X8.1003 Y-1.4883 Z0.2232
X8.0984 Y-1.4886 Z0.2259
X8.0971 Y-1.4888 Z0.2289
X8.0962 Y-1.4889 Z0.232
X8.0959 Y-1.489 Z0.2353
G0 Z0.6903
X7.714 Y-1.4602
Z0.2965
G1 Z0.2353 F200.
X7.7138 Y-1.4601 Z0.232 F30.
X7.713 Y-1.4598 Z0.2289
X7.7117 Y-1.4592 Z0.2259
X7.71 Y-1.4585 Z0.2232
X7.7079 Y-1.4576 Z0.2209
X7.7054 Y-1.4566 Z0.219
X7.7027 Y-1.4555 Z0.2177
X7.6997 Y-1.4543 Z0.2168
X7.6967 Y-1.453 Z0.2165
G2 X7.2755 Y-1.0197 I0.3049 J0.7178
X5.1542 Y-0.9386 I-0.5857 J12.462
G1 X5.1526 Y-0.939
G2 X6.734 Y-1.7614 I-3.1325 J-7.9551
X7.6952 Y-1.4533 I0.7388 J-0.6512
G1 X7.6967 Y-1.453
G3 X7.5711 Y-1.413 I-0.2406 J-0.5382
X7.5468 Y-1.4105 I-0.1111 J-0.9582
X6.7307 Y-1.7351 I-0.0738 J-1.0026
X5.2981 Y-0.9762 I-4.7167 J-7.1719
G1 X5.2997 Y-0.9759
G3 X7.2619 Y-1.0404 I1.391 J12.4337
X7.5766 Y-1.413 I0.7441 J0.3093
G1 X7.5755 Y-1.4131
X7.563 Y-1.4119
X7.5468 Y-1.4105
G2 X7.5024 Y-1.3883 I0.0105 J0.0764
G3 X7.4719 Y-1.361 I-3.7199 J-4.1306
G2 X7.2493 Y-1.0611 I0.5306 J0.6263
X5.4298 Y-1.01 I-0.5576 J12.5694
X6.7275 Y-1.7092 I-3.4327 J-7.9245
X7.5054 Y-1.3882 I0.7458 J-0.7043
X7.4719 Y-1.361 I0.9154 J1.1637
G3 X7.4278 Y-1.3375 I-0.0974 J-0.1292
G2 X7.3954 Y-1.3166 I0.0476 J0.1094
X7.2378 Y-1.0844 I0.611 J0.5841
G1 X7.2359 Y-1.0815
G2 X5.5512 Y-1.0417 I-0.5461 J12.5426
X6.7245 Y-1.6833 I-3.5605 J-7.9036
X7.4468 Y-1.3681 I0.7489 J-0.731
G1 X7.4487 Y-1.3674
G2 X7.3955 Y-1.3164 I0.5809 J0.6598
G3 X7.3539 Y-1.2886 I-0.1099 J-0.1194
G2 X7.3239 Y-1.2645 I0.049 J0.0915
X7.2239 Y-1.102 I0.6962 J0.5407
X5.6642 Y-1.0715 I-0.5352 J12.5176
X6.7219 Y-1.6578 I-3.6736 J-7.8747
X7.4004 Y-1.3504 I0.7503 J-0.7536
G3 X7.3772 Y-1.3262 I-0.7013 J-0.6507
G2 X7.3239 Y-1.2645 I0.6075 J0.5782
G3 X7.2855 Y-1.2325 I-0.1209 J-0.1058
G2 X7.258 Y-1.2054 I0.06 J0.0883
X7.2119 Y-1.123 I0.7547 J0.4768
G1 X7.2102 Y-1.1226
G2 X5.7711 Y-1.0999 I-0.5213 J12.5607
X6.7191 Y-1.6321 I-3.8019 J-7.8816
X7.3552 Y-1.3343 I0.7544 J-0.7828
G1 X7.3567 Y-1.3336
G2 X7.2581 Y-1.2054 I0.6276 J0.5845
G3 X7.2412 Y-1.1903 I-0.0404 J-0.0282
G2 X7.2165 Y-1.1728 I0.0454 J0.0907
G1 X7.2153 Y-1.1714
X7.2141 Y-1.1699
X7.2131 Y-1.1684
X7.2121 Y-1.1668
X7.2029 Y-1.1495
X7.1991 Y-1.143
G2 X5.872 Y-1.1269 I-0.5105 J12.5776
X6.7171 Y-1.6069 I-3.9372 J-7.9163
X7.3152 Y-1.3193 I0.7543 J-0.8029
G1 X7.3164 Y-1.3186
G2 X7.2121 Y-1.1668 I0.6866 J0.5836
G3 X7.1898 Y-1.159 I-0.0173 J-0.0139
X7.1607 Y-1.1643 I0.0167 J-0.1746
G1 X7.1564 Y-1.1647
X7.1521 Y-1.165
X7.1139 Y-1.1663
X6.9978 Y-1.1697
X6.9668 Y-1.1704
X6.8662 Y-1.1722
X6.8275 Y-1.1727
X6.7965 Y-1.1729
X6.7268 Y-1.1734
X6.6881
X6.6649 Y-1.1733
X6.5875 Y-1.173
X6.541 Y-1.1725
X6.4636 Y-1.1714
X6.4094 Y-1.1703
X6.3242 Y-1.1681
X6.2623 Y-1.1662
X6.1771 Y-1.1629
X6.1307 Y-1.161
X6.061 Y-1.1577
X5.9913 Y-1.1541
X5.9681 Y-1.1527
G2 X6.363 Y-1.3675 I-4.3377 J-8.4451
X6.7143 Y-1.5815 I-4.3938 J-7.6067
G1 X6.7152 Y-1.5813
G2 X7.2792 Y-1.3047 I0.757 J-0.8304
X7.1877 Y-1.1636 I0.7442 J0.5825
G1 X7.1759 Y-1.164
X7.1521 Y-1.165
G3 X7.1197 Y-1.1724 I0.006 J-0.1004
G2 X7.0774 Y-1.1866 I-0.1015 J0.2323
G1 X7.0718 Y-1.1873
X7.0663 Y-1.1877
G2 X6.0602 Y-1.1778 I-0.3786 J12.6212
X6.7123 Y-1.5564 I-4.1867 J-7.9617
X7.2436 Y-1.291 I0.764 J-0.8648
X7.1759 Y-1.184 I0.8088 J0.587
G1 X7.1294 Y-1.1858
X7.083 Y-1.1872
X7.0663 Y-1.1877
G3 X7.0339 Y-1.1951 I0.006 J-0.1018
G2 X6.9914 Y-1.2091 I-0.0994 J0.2305
G1 X6.9859 Y-1.2097
X6.9804 Y-1.2101
G2 X6.148 Y-1.2019 I-0.2904 J12.7574
X6.7106 Y-1.5317 I-4.2384 J-7.8744
X7.21 Y-1.2779 I0.7627 J-0.8827
X7.1643 Y-1.2045 I0.9242 J0.6252
X6.9804 Y-1.2101 I-0.4791 J12.6445
G3 X6.9478 Y-1.2172 I0.0054 J-0.1029
G2 X6.9053 Y-1.2307 I-0.0985 J0.2356
G1 X6.8997 Y-1.2314
X6.8942 Y-1.2317
G2 X6.2328 Y-1.2252 I-0.2058 J12.7406
X6.7086 Y-1.5067 I-4.3355 J-7.8719
X6.8816 Y-1.3858 I0.8186 J-0.988
X7.1771 Y-1.2655 I0.5884 J-1.0217
G3 X7.1527 Y-1.2249 I-0.8236 J-0.4677
G2 X6.8942 Y-1.2317 I-0.4295 J11.4162
G3 X6.8617 Y-1.2387 I0.005 J-0.1035
G2 X6.819 Y-1.2519 I-0.0952 J0.2306
G1 X6.8135 Y-1.2525
X6.808 Y-1.2528
G2 X6.3165 Y-1.2479 I-0.1225 J12.2994
G1 X6.3154 Y-1.2485
G2 X6.7076 Y-1.4821 I-4.7841 J-8.4772
X7.1463 Y-1.2529 I0.7649 J-0.9298
G1 X7.1425 Y-1.2464
X7.1417 Y-1.2454
G2 X6.808 Y-1.2528 I-0.4468 J12.5497
G3 X6.7754 Y-1.2595 I0.0033 J-0.0992
G2 X6.7326 Y-1.2726 I-0.0945 J0.2322
G1 X6.7271 Y-1.2732
X6.7216 Y-1.2734
X6.6959 Y-1.2735
X6.5952 Y-1.273
X6.5488 Y-1.2726
X6.4791 Y-1.2716
X6.4559 Y-1.2712
X6.4017 Y-1.2701
X6.3939 Y-1.27
G2 X6.7055 Y-1.4575 I-4.4844 J-7.8051
X6.9668 Y-1.2971 I0.7947 J-1.0018
X7.0345 Y-1.269 I0.5245 J-1.1658
X6.7216 Y-1.2734 I-0.378 J15.6106
G3 X6.6889 Y-1.2798 I0.0029 J-0.1019
G2 X6.646 Y-1.2925 I-0.094 J0.239
G1 X6.6405 Y-1.293
X6.635 Y-1.2932
G2 X6.4713 Y-1.2915 I0.0251 J10.207
X6.7046 Y-1.4332 I-5.3361 J-9.0443
X6.9323 Y-1.2913 I0.7749 J-0.99
X6.635 Y-1.2933 I-0.2517 J15.6097
G3 X6.6023 Y-1.2995 I0.0018 J-0.0983
G2 X6.5594 Y-1.312 I-0.0911 J0.2339
G1 X6.5538 Y-1.3125
X6.5483 Y-1.3126
X6.5481
X6.5467 Y-1.3131
G2 X6.7035 Y-1.4088 I-5.456 J-9.118
X6.8485 Y-1.3128 I0.7633 J-0.9949
X6.5483 Y-1.3127 I-0.1415 J19.1027
G1 X6.5482 Y-1.3128
G3 X6.5587 Y-1.3186 I0.0136 J0.0125
X6.6491 Y-1.3334 I0.1032 J0.3463
G1 X6.776 Y-1.3333
G3 X6.702 Y-1.3846 I0.8091 J-1.246
G1 X6.6471 Y-1.3505
X6.6191 Y-1.3334
X6.6204 Y-1.3332
X6.6491 Y-1.3333
G2 X6.6756 Y-1.3438 I-0.0034 J-0.0474
G1 X6.6855 Y-1.3505
X6.6904 Y-1.3538
X6.7006 Y-1.3601
X6.7013 Y-1.3604
X6.7107 Y-1.3536
X6.7096 Y-1.3534
X6.6915
X6.6902 Y-1.3536
X6.6904 Y-1.3538
X6.6932 Y-1.3555 Z0.2168
X6.6958 Y-1.3572 Z0.2177
X6.6983 Y-1.3588 Z0.219
X6.7006 Y-1.3603 Z0.2209
X6.7025 Y-1.3615 Z0.2232
X6.7041 Y-1.3626 Z0.2259
X6.7052 Y-1.3633 Z0.2289
X6.7059 Y-1.3638 Z0.232
X6.7062 Y-1.3639 Z0.2353
G0 Z0.6903
X7.8192 Y-1.4905
Z0.2965
G1 Z0.2353 F200.
X7.8195 Y-1.4906 Z0.232 F30.
X7.8203 Y-1.4909 Z0.2289
X7.8216 Y-1.4914 Z0.2259
X7.8233 Y-1.4921 Z0.2232
X7.8254 Y-1.4929 Z0.2209
X7.8279 Y-1.4939 Z0.219
X7.8307 Y-1.495 Z0.2177
X7.8336 Y-1.4962 Z0.2168
X7.8366 Y-1.4974 Z0.2165
G2 X8.0076 Y-1.5855 I-0.3689 J-0.9262
X8.1063 Y-1.5079 I1.4037 J-1.6852
G1 X8.1054 Y-1.5076
G2 X7.8367 Y-1.4972 I-0.1051 J0.762
G3 X7.9759 Y-1.5345 I0.1911 J0.4337
G1 X7.9809
X7.9859 Y-1.5347
X7.9908 Y-1.5348
G3 X8.0381 Y-1.5339 I0.0094 J0.7063
G1 X8.039 Y-1.5343
X8.027 Y-1.5438
X8.0068 Y-1.5601
X8.0055 Y-1.5606
X7.9888 Y-1.5503
X7.9733 Y-1.5413
X7.9609 Y-1.5343
X7.9623 Y-1.5338
X7.9733 Y-1.5344
X7.981 Y-1.5346
X7.9908 Y-1.5348
X7.9941 Y-1.5349 Z0.2168
X7.9972 Z0.2177
X8.0002 Y-1.535 Z0.219
X8.0029 Z0.2209
X8.0052 Z0.2232
X8.0071 Y-1.5351 Z0.2259
X8.0085 Z0.2289
X8.0093 Z0.232
X8.0096 Z0.2353
G0 Z0.6903
X8.5085 Y-1.2751
Z0.2965
G1 Z0.2353 F200.
X8.5087 Y-1.2753 Z0.232 F30.
X8.5095 Y-1.2757 Z0.2289
X8.5107 Y-1.2763 Z0.2259
X8.5123 Y-1.2772 Z0.2232
X8.5143 Y-1.2783 Z0.2209
X8.5167 Y-1.2796 Z0.219
X8.5193 Y-1.281 Z0.2177
X8.5221 Y-1.2826 Z0.2168
X8.5249 Y-1.2841 Z0.2165
X8.5256 Y-1.2845
G2 X9.481 Y-1.0869 I0.9179 J-2.0301
X9.5017 Y-1.027 I1.1583 J-0.3658
G3 X8.7405 Y-0.9018 I-0.9059 J-3.1328
G2 X8.5249 Y-1.2841 I-0.7366 J0.1634
G3 X8.556 Y-1.2811 I0.0127 J0.0301
X8.5863 Y-1.2541 I-0.0374 J0.0728
X8.6215 Y-1.2055 I-0.5738 J0.4515
X8.7563 Y-0.9224 I-0.6152 J0.4665
G2 X9.4752 Y-1.04 I-0.1662 J-3.2734
X9.4662 Y-1.0668 I-0.3341 J0.0976
G3 X8.6036 Y-1.2295 I-0.0232 J-2.2456
G1 X8.6031 Y-1.2291
X8.6081 Y-1.223
X8.6173 Y-1.2114
X8.6216 Y-1.2056
G2 X8.6648 Y-1.1814 I0.0556 J-0.0489
G3 X8.7044 Y-1.1706 I-0.2923 J1.1433
G2 X9.4224 Y-1.0467 I0.7392 J-2.1416
G3 X8.7717 Y-0.9434 I-0.8245 J-3.0935
G2 X8.6606 Y-1.1853 I-0.7735 J0.2087
G1 X8.6609 Y-1.186
X8.6778 Y-1.1798
X8.701 Y-1.1716
X8.7044 Y-1.1705
G3 X8.7467 Y-1.1438 I-0.0579 J0.1385
G2 X8.7805 Y-1.1249 I0.0711 J-0.0873
X9.2789 Y-1.0325 I0.6638 J-2.1917
G3 X8.7867 Y-0.9643 I-0.6813 J-3.1047
G2 X8.7081 Y-1.1475 I-0.7909 J0.2308
G1 X8.7088 Y-1.1479
X8.732 Y-1.1401
X8.7552 Y-1.1326
X8.7805 Y-1.1249
G3 X8.8237 Y-1.0997 I-0.0527 J0.1404
G2 X8.8582 Y-1.0821 I0.0675 J-0.0894
X9.1424 Y-1.0262 I0.5975 J-2.2891
G3 X8.8017 Y-0.9853 I-0.5366 J-3.0257
G1 X8.8004 Y-0.9871
G2 X8.7496 Y-1.1128 I-0.7724 J0.2392
G1 X8.7507 Y-1.1131
G2 X8.8582 Y-1.0821 I0.7224 J-2.3028
G3 X8.9024 Y-1.0587 I-0.0472 J0.1423
G2 X8.9375 Y-1.0423 I0.0645 J-0.0928
G1 X8.9643 Y-1.0365
X8.9875 Y-1.0318
X9.014 Y-1.0266
G3 X8.8153 Y-1.0062 I-0.4035 J-2.9499
G2 X8.7871 Y-1.0809 I-0.9569 J0.3186
X8.9375 Y-1.0423 I0.7202 J-2.494
G1 X8.9376 Y-1.0421
G3 X8.9233 Y-1.0382 I-0.0123 J-0.0171
X8.8488 Y-1.043 I-0.0206 J-0.2638
G1 X8.8221 Y-1.0504
X8.8218 Y-1.0505
X8.8209 Y-1.0502
X8.8249 Y-1.0395
X8.8287 Y-1.029
X8.8294 Y-1.0273
G2 X8.8902 Y-1.0327 I-0.0816 J-1.2711
G1 X8.8636 Y-1.0394
X8.8488 Y-1.0432
X8.8456 Y-1.044 Z0.2168
X8.8426 Y-1.0448 Z0.2177
X8.8397 Y-1.0456 Z0.219
X8.8371 Y-1.0462 Z0.2209
X8.8349 Y-1.0468 Z0.2232
X8.8331 Y-1.0473 Z0.2259
X8.8317 Y-1.0476 Z0.2289
X8.8309 Y-1.0479 Z0.232
X8.8306 Z0.2353
G0 Z1.0903
M5
M9
G53 G0 Z0.
M30
%
