%
(FIXTURE PLATE SETUP, 2,875X4,57)
(MACHINE)
(  VENDOR CALLUM)
(  MODEL MILL R1)
(  DESCRIPTION 14X8X14 MILL)
(T12 D=0.2362 CR=0. TAPER=45DEG - ZMIN=0.2 - CHAMFER MILL)
(T32 D=0.1875 CR=0. - ZMIN=0. - FLAT END MILL)
(T33 D=0.25 CR=0. - ZMIN=0.31 - FLAT END MILL)
(T51 D=0.201 CR=0. TAPER=118DEG - ZMIN=-0.0804 - DRILL)
(T52 D=0.5 CR=0. TAPER=135DEG - ZMIN=-0.1036 - DRILL)
G90 G94 G17 G91.1
G20
G53 G0 Z-0.6
(ADAPTIVE33)
T33 M6
T52
S7500 M3
G17 G90 G94
G54
G64 P0.004 Q0.004
M8
G0 X4.8555 Y-2.9053
G43 Z1.09 H33
G0 Z0.36
G1 Z0.335 F50.
X4.8552 Y-2.9052 Z0.3311
X4.8543 Y-2.905 Z0.3273
X4.8528 Y-2.9046 Z0.3237
X4.8508 Y-2.9041 Z0.3203
X4.8484 Y-2.9035 Z0.3173
X4.8455 Y-2.9027 Z0.3148
X4.8422 Y-2.9019 Z0.3127
X4.8387 Y-2.901 Z0.3112
X4.835 Y-2.9 Z0.3103
X4.8312 Y-2.8991 Z0.31
G3 X4.6951 Y-2.8795 I-0.1584 J-0.6183
G1 X4.692
X4.6582 Y-2.8924
X4.6232 Y-2.9017
G2 X4.4796 Y-2.9186 I-0.1745 J0.8639
X4.1541 Y-2.9235 I-0.2627 J6.6074
G1 X4.0455 Y-2.9239
X3.7561 Y-2.924
X2.7068 Y-2.9242
X0.7168 Y-2.9244
X0.1017 Y-2.9245
X0.0842 Y-2.9198
X0.0519 Y-2.9036
X0.026 Y-2.8783
X0.0063 Y-2.848
X-0.0084 Y-2.815
X-0.0192 Y-2.7804
G2 X-0.0387 Y-2.6372 I0.7436 J0.1746
X-0.0443 Y-2.3479 I4.9792 J0.2412
G1 X-0.0447 Y-2.2755
X-0.0448 Y-2.2318
G3 X-0.0607 Y-2.1849 I-0.0772 J-0.0001
G2 X-0.0772 Y-2.156 I0.1135 J0.0838
X-0.0943 Y-2.0767 I0.245 J0.0942
G1 X-0.0941 Y-1.9946
Y-1.6659
G2 X-0.0873 Y-1.592 I0.4159 J-0.0008
G1 X-0.0849 Y-1.5756
X-0.0833 Y-1.5673
X-0.0779 Y-1.5509
G3 X-0.0512 Y-1.3907 I-0.6366 J0.1887
X-0.0454 Y-1.1375 I-4.1535 J0.2217
X-0.0453 Y-0.9781 I-4.9825 J0.0813
G1 X-0.0482 Y-0.9672
X-0.0525 Y-0.9569
X-0.0554 Y-0.9512
X-0.0589 Y-0.943
X-0.0772 Y-0.8991
G2 X-0.0888 Y-0.8444 I0.1862 J0.0681
X-0.0941 Y-0.7951 I0.4682 J0.0754
G1 Y-0.4665
G2 X-0.0819 Y-0.3843 I0.2139 J0.0102
G1 X-0.0772 Y-0.37
X-0.07 Y-0.3467
G3 X-0.0505 Y-0.2087 I-0.6504 J0.1623
G1 X-0.0485 Y-0.1726
X-0.0473 Y-0.1364
X-0.0464 Y-0.1003
X-0.0413 Y-0.0829
X-0.0243 Y-0.051
X0.0014 Y-0.0255
X0.032 Y-0.0062
X0.0652 Y0.0082
X0.0998 Y0.0187
G2 X0.233 Y0.0372 I0.1675 J-0.7193
G3 X0.2749 Y0.0547 I-0.0058 J0.0726
G2 X0.3354 Y0.0838 I0.0874 J-0.1042
X0.3912 Y0.0926 I0.0557 J-0.1716
G1 X0.4651
G2 X0.5554 Y0.0767 I0.0088 J-0.2146
G3 X0.6847 Y0.0524 I0.1652 J0.521
X0.9016 Y0.0451 I0.2029 J2.8145
X1.3433 Y0.0442 I0.2891 J35.1968
X1.3826 Y0.0594 I0.0006 J0.057
G2 X1.4264 Y0.0805 I0.0797 J-0.109
X1.5086 Y0.0926 I0.0715 J-0.2018
G1 X1.5825
G2 X1.6621 Y0.0756 I-0.0101 J-0.2414
G3 X1.7632 Y0.0547 I0.149 J0.4675
X1.9438 Y0.0459 I0.1852 J1.9383
X2.4411 Y0.0444 I0.3443 J30.5715
X2.4837 Y0.0583 I0.0006 J0.0701
G2 X2.5521 Y0.0867 I0.0939 J-0.1294
X2.6013 Y0.0925 I0.0426 J-0.1508
G1 X2.6753 Y0.0926
G2 X2.7491 Y0.0808 I0.0031 J-0.2173
G1 X2.7574 Y0.0785
X2.7613 Y0.077
X2.7774 Y0.0717
G3 X2.9124 Y0.0509 I0.1613 J0.598
X3.1656 Y0.045 I0.2206 J4.0515
G1 X3.2926 Y0.0445
X3.4196 Y0.0443
X3.5466 Y0.0444
G3 X3.5873 Y0.0593 I0.0001 J0.0628
G2 X3.6448 Y0.0845 I0.0869 J-0.1199
X3.7105 Y0.0926 I0.0558 J-0.1827
G1 X3.7762
G2 X3.8502 Y0.0814 I0.0057 J-0.2124
G1 X3.8584 Y0.0789
X3.8629 Y0.0772
X3.8829 Y0.0709
G3 X4.0194 Y0.0507 I0.1618 J0.6236
X4.2726 Y0.0451 I0.2204 J4.2467
G1 X4.4625 Y0.0443
X4.4714 Y0.043
X4.4888 Y0.038
X4.5205 Y0.0204
X4.5456 Y-0.0057
X4.5647 Y-0.0364
X4.5788 Y-0.0697
X4.5891 Y-0.1044
G2 X4.608 Y-0.2477 I-0.7756 J-0.1748
X4.6135 Y-0.537 I-5.2006 J-0.2431
G1 X4.6139 Y-0.6094
X4.614 Y-0.7541
X4.6142 Y-1.2968
X4.6144 Y-2.6717
X4.6134 Y-2.6898
X4.6031 Y-2.7245
X4.5818 Y-2.7538
X4.5541 Y-2.777
X4.5227 Y-2.7949
X4.4891 Y-2.8084
X4.4543 Y-2.8184
G2 X4.311 Y-2.8373 I-0.1806 J0.8148
X4.094 Y-2.8431 I-0.2179 J4.0871
X3.8408 Y-2.844 I-0.2254 J30.5616
G1 X3.5875
X2.104 Y-2.8442
X0.2226 Y-2.8445
X0.1868 Y-2.8391
X0.1543 Y-2.8232
X0.1267 Y-2.7998
X0.1044 Y-2.7713
X0.0869 Y-2.7396
X0.0734 Y-2.706
X0.0632 Y-2.6713
G2 X0.0429 Y-2.5282 I0.8063 J0.1874
X0.0359 Y-2.2993 I3.8987 J0.2327
G3 X0.0117 Y-2.2487 I-0.0741 J-0.0044
G1 X0.0001 Y-2.2403
X-0.0032 Y-2.2384
X-0.0121 Y-2.2328
G2 X-0.0607 Y-2.1849 I0.1951 J0.2464
X-0.0762 Y-2.1582 I0.1101 J0.0817
X-0.0941 Y-2.0767 I0.2284 J0.0928
G1 Y-1.6741
G2 X-0.0855 Y-1.5808 I0.4618 J0.0044
G1 X-0.0849 Y-1.5756
X-0.0833 Y-1.5673
X-0.0779 Y-1.5509
X-0.0772 Y-1.5486
G2 X-0.0526 Y-1.49 I0.5878 J-0.2124
X-0.0329 Y-1.4605 I0.1618 J-0.0869
G3 X0.0033 Y-1.3878 I-0.1836 J0.1365
G1 X0.0108 Y-1.3611
G3 X0.0293 Y-1.2178 I-0.7596 J0.1706
X0.0331 Y-1.0796 I-1.8734 J0.1209
X0.0098 Y-1.0373 I-0.0747 J-0.0135
G1 X0.0054 Y-1.0333
X-0.0025 Y-1.0251
G2 X-0.0465 Y-0.9677 I0.616 J0.5167
G1 X-0.0512 Y-0.9594
X-0.0525 Y-0.9569
G3 X-0.0786 Y-0.9443 I-0.0219 J-0.0121
X-0.0994 Y-0.9701 I0.0042 J-0.0246 F300.
G1 X-0.0771 Y-1.4457
G3 X-0.0609 Y-1.4679 I0.025 J0.0012
X-0.0329 Y-1.4605 I0.0088 J0.0234 F50.
G1 X-0.0074 Y-1.4277
G2 X0.0214 Y-1.4 I0.1317 J-0.1083
G3 X0.0653 Y-1.3393 I-0.1067 J0.1233
G1 X0.0733 Y-1.3208
X0.0813 Y-1.2979
G3 X0.1057 Y-1.1504 I-0.5794 J0.1716
X0.0699 Y-1.0826 I-0.0777 J0.0023
G1 X0.0625 Y-1.0779
G2 X0.0132 Y-1.0404 I1.0866 J1.4799
G1 X0.0098 Y-1.0373
G3 X-0.0191 Y-1.035 I-0.016 J-0.0192
X-0.0313 Y-1.0575 I0.0129 J-0.0214 F300.
G1 X-0.018 Y-1.3806
G3 X-0.0076 Y-1.3999 I0.025 J0.001
X0.0214 Y-1.4 I0.0146 J0.0203 F50.
G2 X0.0744 Y-1.3617 I0.4497 J-0.5664
G3 X0.1196 Y-1.319 I-0.0594 J0.1081
X0.1676 Y-1.1749 I-0.2245 J0.1548
G1 X0.1672 Y-1.1706
G3 X0.1218 Y-1.1058 I-0.0716 J-0.002
G1 X0.0954 Y-1.0952
X0.0863 Y-1.0908
X0.0699 Y-1.0826
G3 X0.0414 Y-1.0881 I-0.0104 J-0.0227
X0.0345 Y-1.1059 I0.0181 J-0.0173 F300.
G1 X0.0392 Y-1.3397
G3 X0.0461 Y-1.3565 I0.025 J0.0005
X0.0746 Y-1.362 I0.0181 J0.0173 F50.
G2 X0.1283 Y-1.3386 I0.186 J-0.3545
G3 X0.198 Y-1.272 I-0.0582 J0.1308
X0.2217 Y-1.1906 I-0.145 J0.0862
X0.1624 Y-1.1195 I-0.0719 J0.0004
X0.1367 Y-1.1329 I-0.0035 J-0.0248
G1 X0.1354 Y-1.1357 F300.
X0.1346 Y-1.1387
X0.0956 Y-1.3094
G3 X0.1004 Y-1.3305 I0.0244 J-0.0056
X0.1282 Y-1.3385 I0.0196 J0.0155 F50.
G2 X0.1718 Y-1.3259 I0.0622 J-0.1337
G3 X0.2257 Y-1.2987 I-0.0107 J0.0882
X0.2697 Y-1.1794 I-0.0944 J0.1025
X0.194 Y-1.1219 I-0.0682 J-0.0112
G1 X0.1857 Y-1.1217
X0.1693 Y-1.1207
X0.1624 Y-1.1195
G3 X0.1367 Y-1.1329 I-0.0035 J-0.0248
X0.134 Y-1.1462 I0.0222 J-0.0114 F300.
G1 X0.1462 Y-1.303
X0.1468 Y-1.3065
X0.1478 Y-1.3098
G3 X0.1718 Y-1.326 I0.0234 J0.0088 F50.
G1 X0.1857 Y-1.3252
X0.194 Y-1.325
X0.2067 Y-1.3265
G3 X0.2725 Y-1.302 I0.0059 J0.0849
X0.3125 Y-1.1547 I-0.0889 J0.1032
X0.2606 Y-1.1137 I-0.0631 J-0.0265
G1 X0.2469 Y-1.1129
X0.2333 Y-1.1149
X0.2186 Y-1.1187
X0.2104 Y-1.12
X0.194 Y-1.1219
G3 X0.1731 Y-1.142 I0.0037 J-0.0247
G1 X0.1727 Y-1.1453 F300.
Y-1.1487
X0.1854 Y-1.3038
X0.1855 Y-1.3047
X0.1856 Y-1.3055
X0.1858 Y-1.3064
G3 X0.2067 Y-1.3265 I0.0246 J0.0047 F50.
G2 X0.2416 Y-1.3343 I-0.0216 J-0.1773
G3 X0.3089 Y-1.3181 I0.0163 J0.0805
X0.3668 Y-1.2306 I-0.0801 J0.1159
X0.3534 Y-1.1276 I-0.1331 J0.035
X0.3085 Y-1.0973 I-0.0557 J-0.0341
G1 X0.2946 Y-1.0966
X0.2809 Y-1.0988
X0.2679 Y-1.104
G2 X0.2333 Y-1.1149 I-0.1298 J0.3506
G3 X0.2153 Y-1.1377 I0.007 J-0.024
G1 Y-1.1402 F300.
X0.224 Y-1.3112
Y-1.3116 F50.
G3 X0.2416 Y-1.3342 I0.025 J0.0013
G2 X0.2732 Y-1.3455 I-0.0347 J-0.1472
G3 X0.3274 Y-1.3452 I0.0268 J0.0652
X0.4033 Y-1.2772 I-0.0475 J0.1293
X0.407 Y-1.1161 I-0.1493 J0.0841
X0.3749 Y-1.0793 I-0.1014 J-0.056
X0.2998 Y-1.0836 I-0.0344 J-0.0563
G2 X0.2679 Y-1.1039 I-0.0902 J0.1062
G1 X0.2647 Y-1.1061
X0.2619 Y-1.1087
X0.2596 Y-1.1117
X0.2577 Y-1.1151
X0.2564 Y-1.1186
X0.2556 Y-1.1224
X0.2554 Y-1.1262
X0.2555 Y-1.1304
X0.2596 Y-1.3197 F300.
Y-1.3238 F50.
G3 X0.2732 Y-1.3455 I0.025 J0.0005
G2 X0.2959 Y-1.3599 I-0.0461 J-0.0977
G3 X0.3553 Y-1.3696 I0.04 J0.0586
X0.4281 Y-1.3275 I-0.0278 J0.1321
X0.4538 Y-1.0852 I-0.148 J0.1382
X0.4071 Y-1.0412 I-0.1102 J-0.0701
G1 X0.3931 Y-1.037
G3 X0.3266 Y-1.058 I-0.0148 J-0.0691
G2 X0.2998 Y-1.0836 I-0.1905 J0.1721
G3 X0.291 Y-1.1022 I0.0162 J-0.019
G1 X0.2908 Y-1.1119
X0.2868 Y-1.3318 F300.
X0.2866 Y-1.34 F50.
G3 X0.2959 Y-1.3599 I0.025 J-0.0005
G2 X0.3193 Y-1.3816 I-0.1244 J-0.1578
G3 X0.3778 Y-1.3991 I0.0485 J0.0557
X0.4597 Y-1.3658 I-0.0097 J0.1412
X0.5391 Y-1.2263 I-0.138 J0.1709
X0.5003 Y-1.0486 I-0.2309 J0.0427
X0.4353 Y-0.997 I-0.1303 J-0.0973
X0.3577 Y-1.016 I-0.0248 J-0.0667
G1 X0.3494 Y-1.0274
G2 X0.3266 Y-1.058 I-0.1249 J0.069
G1 X0.3245 Y-1.0607
X0.3229 Y-1.0637
X0.3216 Y-1.0669
X0.3208 Y-1.0703
X0.3205 Y-1.0737
X0.3201 Y-1.0874
X0.313 Y-1.3524 F300.
X0.3127 Y-1.3639 F50.
G3 X0.3194 Y-1.3816 I0.025 J-0.0007
G2 X0.3405 Y-1.4054 I-0.1309 J-0.1374
G3 X0.3884 Y-1.4308 I0.0534 J0.043
X0.473 Y-1.4161 I0.0199 J0.1366
X0.5693 Y-1.3229 I-0.0977 J0.1971
X0.5659 Y-1.0344 I-0.2498 J0.1413
X0.4969 Y-0.964 I-0.1899 J-0.1171
X0.4388 Y-0.943 I-0.0822 J-0.1366
X0.3621 Y-0.9954 I-0.0075 J-0.0713
G1 X0.3617 Y-0.9974
X0.3615 Y-0.9995
X0.3598 Y-1.0262
X0.3374 Y-1.3753 F300.
X0.3364 Y-1.3901 F50.
G3 X0.3405 Y-1.4054 I0.0249 J-0.0016
G2 X0.3546 Y-1.4302 I-0.0969 J-0.0719
G3 X0.3968 Y-1.464 I0.0597 J0.0312
X0.4824 Y-1.4651 I0.0445 J0.1302
X0.5853 Y-1.4023 I-0.059 J0.2126
X0.6673 Y-1.2357 I-0.2227 J0.213
X0.6098 Y-0.983 I-0.3293 J0.0579
X0.5212 Y-0.9072 I-0.2112 J-0.1571
X0.4342 Y-0.8888 I-0.0775 J-0.1522
X0.3715 Y-0.9524 I0.0082 J-0.0708
G2 X0.362 Y-0.9953 I-0.2552 J0.0339
G1 X0.3616 Y-0.998
X0.3614 Y-1.0006
X0.3609 Y-1.0262
X0.3533 Y-1.3995 F300.
X0.3529 Y-1.4204 F50.
G3 X0.3546 Y-1.4302 I0.025 J-0.0005
G2 X0.3635 Y-1.4569 I-0.1303 J-0.0581
G3 X0.4052 Y-1.5014 I0.069 J0.0228
X0.4823 Y-1.5151 I0.062 J0.1251
X0.597 Y-1.4719 I-0.019 J0.2245
X0.7062 Y-1.3366 I-0.1861 J0.2619
X0.6777 Y-0.9625 I-0.3592 J0.1607
X0.571 Y-0.8608 I-0.2726 J-0.1791
X0.4715 Y-0.83 I-0.1169 J-0.2021
X0.4135 Y-0.839 I-0.0081 J-0.1392
X0.3727 Y-0.9039 I0.0318 J-0.0653
G2 X0.3715 Y-0.9524 I-0.4516 J-0.0133
G1 X0.371 Y-0.9833
X0.3633 Y-1.426 F300.
X0.3629 Y-1.4507 F50.
X0.363 Y-1.4538
X0.3635 Y-1.4568
X0.3645 Y-1.4605
X0.3706 Y-1.4852
X0.3708 Y-1.4877
G3 X0.399 Y-1.5337 I0.0674 J0.0096
X0.4803 Y-1.5642 I0.0873 J0.1094
X0.6041 Y-1.5385 I0.0168 J0.2306
X0.7249 Y-1.4369 I-0.1474 J0.2978
X0.8075 Y-1.224 I-0.3424 J0.2554
X0.7267 Y-0.9115 I-0.4468 J0.0512
X0.6162 Y-0.8094 I-0.3118 J-0.2267
X0.4919 Y-0.7684 I-0.1508 J-0.2482
X0.4186 Y-0.7775 I-0.0138 J-0.1876
X0.3727 Y-0.8444 I0.0261 J-0.067
G1 X0.3728 Y-0.9039
G3 X0.3749 Y-0.9139 I0.025 J0.
G2 X0.3769 Y-0.9238 I-0.0229 J-0.01
G1 X0.377 Y-0.9343
X0.3793 Y-1.4464 F300.
G2 X0.3768 Y-1.4573 I-0.025 J-0.0001
G1 X0.3767 Y-1.4576
G3 X0.3708 Y-1.4877 I0.0563 J-0.0267 F50.
G1 X0.3728 Y-1.5098
Y-1.5226
G3 X0.3964 Y-1.5723 I0.0728 J0.0041
X0.4771 Y-1.6142 I0.1048 J0.1032
X0.6098 Y-1.6031 I0.0468 J0.239
X0.7312 Y-1.5299 I-0.1131 J0.3249
X0.8353 Y-1.3865 I-0.294 J0.3227
X0.8175 Y-0.9221 I-0.4703 J0.2145
X0.6751 Y-0.7645 I-0.4037 J-0.2218
X0.5423 Y-0.7084 I-0.207 J-0.3049
X0.4438 Y-0.7077 I-0.0511 J-0.2528
X0.4052 Y-0.7222 I0.0233 J-0.1214
X0.3727 Y-0.7822 I0.0396 J-0.0601
G1 X0.3728 Y-0.8444
G3 X0.3904 Y-0.8674 I0.025 J0.0009
G1 X0.3941 Y-0.8686 Z0.3103
X0.3978 Y-0.8697 Z0.3112
X0.4012 Y-0.8708 Z0.3127
X0.4044 Y-0.8718 Z0.3148
X0.4073 Y-0.8726 Z0.3173
X0.4097 Y-0.8734 Z0.3203
X0.4117 Y-0.874 Z0.3237
X0.4131 Y-0.8744 Z0.3273
X0.414 Y-0.8747 Z0.3311
X0.4143 Y-0.8748 Z0.335
G0 Z0.69
X-0.1148 Y-0.4108
Z0.36
G1 Z0.335 F50.
X-0.1146 Y-0.4106 Z0.3311
X-0.1139 Y-0.41 Z0.3273
X-0.1127 Y-0.409 Z0.3237
X-0.1111 Y-0.4077 Z0.3203
X-0.1092 Y-0.4061 Z0.3173
X-0.1068 Y-0.4042 Z0.3148
X-0.1043 Y-0.4021 Z0.3127
X-0.1015 Y-0.3998 Z0.3112
X-0.0985 Y-0.3974 Z0.3103
X-0.0955 Y-0.3949 Z0.31
G3 X-0.0772 Y-0.37 I-0.0395 J0.0482
G2 X-0.0608 Y-0.3408 I0.1282 J-0.0528
G1 X-0.0443 Y-0.3223
X-0.0407 Y-0.3186
G3 X-0.0039 Y-0.2561 I-0.1356 J0.122
G1 X0.0037 Y-0.2347
X0.0132 Y-0.1998
X0.0281 Y-0.1668
X0.0501 Y-0.1381
X0.0774 Y-0.1143
X0.1081 Y-0.0952
X0.1411 Y-0.0803
X0.1704 Y-0.07
G3 X0.2152 Y-0.0232 I-0.0237 J0.0676
G1 X0.2159 Y-0.0199
X0.2161 Y-0.0165
G2 X0.2247 Y0.0026 I0.025 J0.0002
G3 X0.2319 Y0.01 I-0.0409 J0.047
G2 X0.2749 Y0.0546 I0.2248 J-0.1736
X0.3006 Y0.0717 I0.0733 J-0.0826
X0.3911 Y0.0928 I0.0989 J-0.2191
G1 X0.4651 Y0.0926
X0.4897 Y0.0924
G2 X0.526 Y0.086 I-0.0105 J-0.1667
G1 X0.539 Y0.0826
X0.5473 Y0.0798
X0.5555 Y0.0769
G2 X0.589 Y0.0593 I-0.0352 J-0.1078
G1 X0.613 Y0.0374
G3 X0.6782 Y0.0011 I0.1226 J0.1435
G1 X0.7014 Y-0.0066
G3 X0.8399 Y-0.0282 I0.1713 J0.6412
X1.093 Y-0.035 I0.2283 J3.7856
X1.2646 Y-0.0357 I0.1258 J10.9471
X1.3278 Y-0.0004 I-0.0002 J0.0747
G2 X1.3607 Y0.0392 I0.1378 J-0.081
G1 X1.3826 Y0.0593
G3 X1.3878 Y0.0879 I-0.0175 J0.0179
X1.3644 Y0.1022 I-0.0226 J-0.0107 F300.
G1 X0.6305 Y0.0794
G3 X0.6092 Y0.0661 I0.0008 J-0.025
X0.613 Y0.0374 I0.0221 J-0.0117 F50.
G2 X0.6459 Y-0.0043 I-0.11 J-0.1208
G3 X0.6903 Y-0.0479 I0.1062 J0.0636
X0.7618 Y-0.0804 I0.149 J0.2333
X0.8999 Y-0.1054 I0.182 J0.6109
X1.1529 Y-0.1146 I0.238 J3.0729
G1 X1.1891 Y-0.115
X1.2164 Y-0.1141
X1.2368 Y-0.112
X1.2512 Y-0.1095
G3 X1.3085 Y-0.0557 I-0.012 J0.0702
G2 X1.3276 Y-0.0003 I0.2527 J-0.0562
G1 X1.329 Y0.0033
X1.3298 Y0.007
X1.3301 Y0.0108
X1.3297 Y0.0147
X1.3288 Y0.0184
X1.3273 Y0.022
X1.3253 Y0.0252
X1.3228 Y0.0282
G3 X1.3051 Y0.0354 I-0.0175 J-0.0178 F300.
G1 X0.6685 Y0.031
G3 X0.6515 Y0.0241 I0.0002 J-0.025
X0.6459 Y-0.0043 I0.0172 J-0.0182 F50.
G2 X0.6599 Y-0.0438 I-0.1878 J-0.0891
G3 X0.705 Y-0.1056 I0.1164 J0.0375
X0.7891 Y-0.151 I0.1684 J0.2111
G1 X0.8184 Y-0.1606
G3 X0.9609 Y-0.1846 I0.1969 J0.7337
X1.1777 Y-0.1922 I0.1773 J1.9614
X1.2571 Y-0.1767 I-0.0133 J0.2789
X1.3036 Y-0.1098 I-0.0257 J0.0675
G2 X1.3084 Y-0.0557 I0.1988 J0.0095
G1 X1.3089 Y-0.0518
X1.3088 Y-0.048
X1.3081 Y-0.0442
X1.3068 Y-0.0406
X1.3049 Y-0.0372
X1.3026 Y-0.0341
X1.2998 Y-0.0314
X1.2966 Y-0.0292
G3 X1.2845 Y-0.0258 I-0.0127 J-0.0216 F300.
G1 X0.6849 Y-0.0132
G3 X0.6711 Y-0.017 I-0.0005 J-0.025
X0.66 Y-0.0438 I0.0133 J-0.0212 F50.
G2 X0.6679 Y-0.0899 I-0.1875 J-0.0561
G3 X0.6852 Y-0.1354 I0.0877 J0.0073
X0.7425 Y-0.1901 I0.1574 J0.1074
X0.8318 Y-0.2318 I0.1942 J0.2999
X0.9735 Y-0.2603 I0.2094 J0.6749
X1.1517 Y-0.2681 I0.1373 J1.0917
G1 X1.1553 Y-0.2669
X1.1799 Y-0.2624
X1.1813 Y-0.2623
G3 X1.2607 Y-0.2432 I-0.0151 J0.2371
X1.3036 Y-0.1773 I-0.0292 J0.0659
X1.2859 Y-0.1543 I-0.025 J-0.0009
X1.2656 Y-0.1569 I-0.0073 J-0.0239 F300.
G1 X1.1685 Y-0.216
G3 X1.1578 Y-0.2453 I0.013 J-0.0214
X1.1813 Y-0.2623 I0.0237 J0.008 F50.
G1 X1.2046 Y-0.2617
X1.2666
G3 X1.3063 Y-0.2156 I0.0001 J0.0401
G1 X1.3053 Y-0.2113
X1.3037 Y-0.2071
X1.3018 Y-0.2032
X1.2994 Y-0.1995
X1.2966 Y-0.1961
X1.2934 Y-0.193
X1.2899 Y-0.1903
G3 X1.2614 Y-0.1841 I-0.022 J-0.0322 F300.
X1.2392 Y-0.2491 I0.0066 J-0.0385
X1.2666 Y-0.2617 I0.0287 J0.0265 F50.
X1.2927 Y-0.2606 I0.0081 J0.1216
X1.3087 Y-0.2268 I-0.0088 J0.0248
G2 X1.3036 Y-0.1871 I0.1655 J0.0415
G1 X1.3035 Y-0.1543
X1.3036 Y-0.1098
G3 X1.286 Y-0.0867 I-0.025 J-0.0008
G1 X1.2828 Y-0.0859 F300.
X1.2794 Y-0.0856
X0.6938 Y-0.0657
X0.691
X0.6882 Y-0.0661
X0.6854 Y-0.0668
G3 X0.6679 Y-0.0899 I0.0075 J-0.0239 F50.
G1 X0.668 Y-0.1132
Y-0.1378
G3 X0.6932 Y-0.2056 I0.1132 J0.0035
X0.7655 Y-0.2691 I0.1846 J0.1372
G1 X0.7862 Y-0.2808
G3 X0.9099 Y-0.3233 I0.2248 J0.453
X1.0165 Y-0.3389 I0.1484 J0.6435
X1.0625 Y-0.3178 I-0.0061 J0.0742
G2 X1.1306 Y-0.2734 I0.1139 J-0.1001
G1 X1.1553 Y-0.2669
G3 X1.1729 Y-0.2439 I-0.0073 J0.0239
X1.1535 Y-0.2186 I-0.025 J0.0009 F300.
G1 X0.6986 Y-0.1143
G3 X0.6857 Y-0.1148 I-0.0056 J-0.0244
X0.668 Y-0.1378 I0.0074 J-0.0239 F50.
G2 X0.6676 Y-0.1967 I-1.0907 J-0.0219
G3 X0.6827 Y-0.2542 I0.1009 J-0.0042
X0.7395 Y-0.3188 I0.1793 J0.1002
X0.8255 Y-0.3686 I0.2221 J0.2847
X0.942 Y-0.4024 I0.1977 J0.4632
G1 X0.9589 Y-0.4041
G3 X1.0274 Y-0.3652 I0.0046 J0.0716
G2 X1.0626 Y-0.3179 I0.1273 J-0.058
G1 X1.065 Y-0.3149
X1.0669 Y-0.3115
X1.0683 Y-0.3078
X1.069 Y-0.304
X1.0692 Y-0.3002
X1.0688 Y-0.2963
X1.0678 Y-0.2926
X1.0663 Y-0.289
G3 X1.051 Y-0.2767 I-0.0221 J-0.0117 F300.
G1 X0.6991 Y-0.1764
G3 X0.6877 Y-0.1759 I-0.0069 J-0.024
X0.6676 Y-0.1967 I0.0046 J-0.0246 F50.
G2 X0.6596 Y-0.2389 I-0.1851 J0.0129
G3 X0.6681 Y-0.3032 I0.097 J-0.0199
X0.7172 Y-0.3712 I0.1811 J0.0789
X0.8172 Y-0.4369 I0.2402 J0.2569
X0.9015 Y-0.4639 I0.144 J0.3049
X0.9614 Y-0.464 I0.0302 J0.1666
X1.0127 Y-0.4123 I-0.0188 J0.07
G2 X1.0272 Y-0.3652 I0.3211 J-0.073
G1 X1.0286 Y-0.3616
X1.0294 Y-0.3578
X1.0296 Y-0.354
X1.0293 Y-0.3502
X1.0283 Y-0.3464
X1.0268 Y-0.3429
X1.0247 Y-0.3396
X1.0222 Y-0.3367
G3 X1.0127 Y-0.3309 I-0.0174 J-0.0179 F300.
G1 X0.6914 Y-0.2229
X0.6886 Y-0.2221
X0.6858 Y-0.2217
X0.6829 Y-0.2216
G3 X0.6597 Y-0.2389 I0.0006 J-0.025 F50.
G2 X0.6459 Y-0.2774 I-0.2089 J0.0527
G3 X0.6441 Y-0.3395 I0.0842 J-0.0336
X0.6894 Y-0.4206 I0.1834 J0.0493
X0.8902 Y-0.5282 I0.2484 J0.2224
X0.955 Y-0.5243 I0.0209 J0.197
X1.0083 Y-0.4552 I-0.0186 J0.0695
G2 X1.0126 Y-0.4123 I0.1614 J0.0053
G1 X1.0132 Y-0.4085
X1.0131 Y-0.4047
X1.0125 Y-0.4009
X1.0113 Y-0.3972
X1.0095 Y-0.3938
X1.0072 Y-0.3907
X1.0045 Y-0.3879
X1.0014 Y-0.3857
X0.9992 Y-0.3845 F300.
X0.9969 Y-0.3835
X0.6767 Y-0.2655
X0.6742 Y-0.2647
X0.6717 Y-0.2642
G3 X0.6459 Y-0.2774 I-0.0037 J-0.0247 F50.
G2 X0.6279 Y-0.3035 I-0.1189 J0.0624
G3 X0.6105 Y-0.3594 I0.0604 J-0.0494
X0.6363 Y-0.4444 I0.1647 J0.0036
X0.7471 Y-0.5517 I0.2541 J0.1516
X0.9067 Y-0.597 I0.1606 J0.2615
X0.9601 Y-0.5877 I-0.0098 J0.2143
X1.0068 Y-0.5346 I-0.024 J0.0681
G1 X1.0083 Y-0.5199
Y-0.4665
Y-0.4552
G3 X0.9926 Y-0.4327 I-0.025 J-0.0008
G1 X0.9908 Y-0.432
X0.6565 Y-0.2987 F300.
X0.6547 Y-0.298 F50.
G3 X0.6279 Y-0.3035 I-0.0093 J-0.0232
G1 X0.6212 Y-0.3106
X0.613 Y-0.319
X0.6002 Y-0.3309
G3 X0.5735 Y-0.3956 I0.0624 J-0.0635
X0.5876 Y-0.4716 I0.1652 J-0.0087
G2 X0.5708 Y-0.5471 I-0.0685 J-0.0244
G1 X0.5437 Y-0.571
X0.5107 Y-0.5858
G3 X0.4188 Y-0.6257 I0.2645 J-0.7338
X0.3853 Y-0.6533 I0.0485 J-0.0928
G1 X0.3785 Y-0.6661
X0.3742 Y-0.6798
X0.3728 Y-0.6942
Y-0.7822
G3 X0.3904 Y-0.8052 I0.025 J0.0009
X0.4158 Y-0.7986 I0.0074 J0.0239 F300.
G1 X0.6212 Y-0.5974
X0.6478 Y-0.5486
X0.6989 Y-0.4007
G3 X0.6275 Y-0.3172 I-0.058 J0.0227
X0.6002 Y-0.3309 I0.0133 J-0.0609 F50.
G2 X0.5721 Y-0.3514 I-0.0777 J0.0766
G3 X0.5446 Y-0.3833 I0.0337 J-0.057
G1 X0.5299 Y-0.4164
X0.5089 Y-0.4458
X0.4836 Y-0.4717
X0.456 Y-0.4951
X0.4272 Y-0.5171
X0.3997 Y-0.5384
G3 X0.3727 Y-0.5946 I0.0455 J-0.0564
G1 X0.3728 Y-0.6942
G3 X0.3904 Y-0.7172 I0.025 J0.0009
X0.4158 Y-0.7106 I0.0074 J0.0239 F300.
G1 X0.6459 Y-0.4487
G3 X0.6022 Y-0.3454 I-0.0468 J0.0411
X0.5801 Y-0.3483 I-0.0031 J-0.0622 F50.
G1 X0.5721 Y-0.3514
X0.5637 Y-0.3556
X0.5473 Y-0.3617
X0.5427 Y-0.3631
X0.5315 Y-0.367
X0.5138 Y-0.3746
G3 X0.3983 Y-0.4455 I0.2931 J-0.6069
X0.3727 Y-0.5005 I0.0464 J-0.055
X0.3904 Y-0.5235 I0.025 J0.0009
X0.4126 Y-0.5197 I0.0074 J0.0239 F300.
G1 X0.5639 Y-0.4073
G3 X0.5698 Y-0.3734 I-0.0149 J0.0201
X0.5427 Y-0.3631 I-0.0208 J-0.0139 F50.
G2 X0.4651 Y-0.3743 I-0.0697 J0.2086
G1 X0.4569 Y-0.3742
G3 X0.4137 Y-0.3825 I-0.0014 J-0.1092
X0.3727 Y-0.4483 I0.031 J-0.065
X0.3906 Y-0.4711 I0.025 J0.0012
X0.4135 Y-0.4664 I0.0071 J0.024 F300.
G1 X0.4719 Y-0.4185
G3 X0.4799 Y-0.3918 I-0.0159 J0.0193
X0.4569 Y-0.3742 I-0.0239 J-0.0074 F50.
G1 X0.4031
G3 X0.3693 Y-0.4159 I-0.0011 J-0.0336
X0.3809 Y-0.4335 I0.0335 J0.0094
G1 X0.3835 Y-0.4354
X0.3862 Y-0.437
X0.3891 Y-0.4384
G3 X0.4293 Y-0.3885 I0.0129 J0.0308 F300.
X0.4031 Y-0.3742 I-0.0274 J-0.0191 F50.
G1 X0.3912
G3 X0.3676 Y-0.4089 I0.0006 J-0.0257
G2 X0.3727 Y-0.45 I-0.1712 J-0.0422
G1 X0.3728 Y-0.4829
Y-0.5946
G3 X0.3904 Y-0.6176 I0.025 J0.0009
G1 X0.3941 Y-0.6187 Z0.3103
X0.3978 Y-0.6199 Z0.3112
X0.4012 Y-0.6209 Z0.3127
X0.4044 Y-0.6219 Z0.3148
X0.4073 Y-0.6228 Z0.3173
X0.4097 Y-0.6235 Z0.3203
X0.4117 Y-0.6241 Z0.3237
X0.4131 Y-0.6246 Z0.3273
X0.414 Y-0.6249 Z0.3311
X0.4143 Z0.335
G0 Z0.69
X-0.0921 Y-0.3395
Z0.36
G1 Z0.335 F50.
X-0.0918 Y-0.3394 Z0.3311
X-0.0909 Y-0.3392 Z0.3273
X-0.0894 Y-0.3388 Z0.3237
X-0.0875 Y-0.3383 Z0.3203
X-0.085 Y-0.3377 Z0.3173
X-0.0821 Y-0.337 Z0.3148
X-0.0789 Y-0.3361 Z0.3127
X-0.0753 Y-0.3353 Z0.3112
X-0.0716 Y-0.3343 Z0.3103
X-0.0679 Y-0.3334 Z0.31
G3 X-0.0407 Y-0.3186 I-0.0153 J0.0604
G2 X-0.0115 Y-0.2924 I0.1953 J-0.1885
G1 X-0.0007 Y-0.2857
X0.001 Y-0.2848
X0.0062 Y-0.2819
X0.0116 Y-0.2782
X0.0262 Y-0.2668
X0.0532 Y-0.2428
X0.0812 Y-0.2198
X0.111 Y-0.1994
X0.1421 Y-0.1808
X0.1666 Y-0.166
G3 X0.2012 Y-0.105 I-0.0371 J0.0613
X0.1837 Y-0.0819 I-0.025 J-0.0008
X0.1601 Y-0.0866 I-0.0075 J-0.0239 F300.
G1 X-0.0256 Y-0.243
G3 X-0.0275 Y-0.2795 I0.0161 J-0.0191
X0.001 Y-0.2848 I0.018 J0.0174 F50.
G2 X0.0789 Y-0.2626 I0.1023 J-0.211
G3 X0.1628 Y-0.2388 I-0.0263 J0.2526
X0.2012 Y-0.175 I-0.0337 J0.0638
X0.1835 Y-0.1521 I-0.025 J-0.0009
X0.163 Y-0.1548 I-0.0073 J-0.0239 F300.
G1 X0.0642 Y-0.2165
G3 X0.0543 Y-0.2473 I0.0132 J-0.0212
X0.0789 Y-0.2626 I0.0231 J0.0096 F50.
G1 X0.0872 Y-0.2618
X0.1118 Y-0.2617
X0.1775
G3 X0.2065 Y-0.2447 I0.0038 J0.0267
X0.2067 Y-0.2282 I-0.025 J0.0084
G2 X0.2012 Y-0.1871 I0.1678 J0.0431
X0.2019 Y-0.0799 I2.6815 J0.0374
X0.2154 Y-0.0233 I0.2807 J-0.037
G1 X0.2138 Y-0.0064
X0.2102 Y0.0071
X0.194 Y0.0676 F300.
G2 Y0.1336 I0.0927 J0.033
G1 X0.1991 Y0.1497
G2 X0.2843 Y0.2179 I0.0938 J-0.0298
G1 X0.4651 Y0.2227
X1.5168 Y0.2226
G2 X1.6127 Y0.1579 I0.0035 J-0.0984
G1 X1.6318 Y0.1086
G3 X1.6389 Y0.0956 I0.0579 J0.023
X1.6622 Y0.0758 I0.0508 J0.036 F50.
G2 X1.712 Y0.0406 I-0.0539 J-0.1292
G3 X1.7753 Y0.0032 I0.1244 J0.1386
G1 X1.7966 Y-0.0042
G3 X1.9322 Y-0.0273 I0.1705 J0.5913
X2.1853 Y-0.0348 I0.2286 J3.4504
X2.3716 Y-0.0355 I0.1298 J10.4431
X2.431 Y0.0009 I-0.0033 J0.0721
G2 X2.4583 Y0.0347 I0.1235 J-0.0721
G1 X2.4781 Y0.0537
X2.4816 Y0.0567
X2.4837 Y0.0583
G3 X2.4917 Y0.0861 I-0.0156 J0.0196
X2.4675 Y0.1028 I-0.0236 J-0.0083 F300.
G1 X1.7297 Y0.0827
G3 X1.7083 Y0.0694 I0.0007 J-0.025
X1.7121 Y0.0406 I0.0221 J-0.0117 F50.
G2 X1.7397 Y0.0101 I-0.1515 J-0.1642
G1 X1.7468 Y-0.0015
X1.7476 Y-0.003
G3 X1.7903 Y-0.0462 I0.1066 J0.0627
X1.8586 Y-0.0784 I0.1471 J0.2233
X1.9946 Y-0.1045 I0.1817 J0.5783
X2.2476 Y-0.1143 I0.2382 J2.8822
G1 X2.2838 Y-0.1149
G3 X2.3572 Y-0.1088 I0.0089 J0.3374
X2.4109 Y-0.0557 I-0.0162 J0.0701
G2 X2.4308 Y0.0011 I0.232 J-0.0494
G1 X2.4323 Y0.0046
X2.4333 Y0.0083
X2.4337 Y0.0121
X2.4335 Y0.0159
X2.4327 Y0.0197
X2.4313 Y0.0233
X2.4294 Y0.0266
X2.427 Y0.0297
G3 X2.4086 Y0.0375 I-0.0182 J-0.0172 F300.
G1 X1.7701 Y0.0323
G3 X1.7531 Y0.0255 I0.0002 J-0.025
X1.7476 Y-0.003 I0.0172 J-0.0181 F50.
G2 X1.7622 Y-0.0438 I-0.1418 J-0.0738
G3 X1.8061 Y-0.1045 I0.1161 J0.0377
X1.8893 Y-0.1501 I0.1682 J0.2083
G1 X1.9183 Y-0.1598
G3 X2.0607 Y-0.1843 I0.1964 J0.7153
X2.2776 Y-0.1922 I0.1816 J1.9947
X2.3591 Y-0.1768 I-0.0107 J0.2796
X2.4044 Y-0.1241 I-0.0255 J0.0678
G1 X2.4059 Y-0.1097
G2 X2.4108 Y-0.0557 I0.1983 J0.0093
G1 X2.4113 Y-0.0518
X2.4112 Y-0.048
X2.4105 Y-0.0442
X2.4092 Y-0.0406
X2.4074 Y-0.0372
X2.4051 Y-0.0341
X2.4023 Y-0.0314
X2.3991 Y-0.0292
G3 X2.3869 Y-0.0257 I-0.0127 J-0.0215 F300.
G1 X1.7872 Y-0.0133
G3 X1.7735 Y-0.017 I-0.0005 J-0.025
X1.7623 Y-0.0438 I0.0131 J-0.0213 F50.
G2 X1.7703 Y-0.0899 I-0.1837 J-0.0556
G3 X1.7827 Y-0.1276 I0.0797 J0.0054
X1.8456 Y-0.1904 I0.1586 J0.0958
X1.9351 Y-0.232 I0.1926 J0.2975
X2.0768 Y-0.2603 I0.2092 J0.6786
X2.2556 Y-0.2679 I0.1359 J1.0836
G1 X2.2602 Y-0.2666
X2.2727 Y-0.2638
X2.2809 Y-0.2629
G3 X2.3654 Y-0.2422 I-0.0157 J0.2473
X2.406 Y-0.1773 I-0.0318 J0.0649
G1 X2.4055 Y-0.1735
X2.4045 Y-0.1698
X2.4029 Y-0.1662
X2.4008 Y-0.163
X2.3982 Y-0.1601
X2.3952 Y-0.1577
X2.3918 Y-0.1558
X2.3883 Y-0.1543
G3 X2.3682 Y-0.1567 I-0.0073 J-0.0239 F300.
G1 X2.2674 Y-0.2164
G3 X2.2568 Y-0.2467 I0.0127 J-0.0215
X2.2809 Y-0.2629 I0.0234 J0.0089 F50.
G1 X2.2973 Y-0.2618
X2.3055 Y-0.2617
X2.3676
G3 X2.4086 Y-0.2149 I0.0006 J0.0408
X2.3954 Y-0.1916 I-0.04 J-0.0073
G1 X2.3926 Y-0.1893
G3 X2.34 Y-0.2494 I-0.0236 J-0.0323 F300.
X2.3676 Y-0.2617 I0.0289 J0.0277 F50.
G1 X2.3877
G3 X2.411 Y-0.2268 I-0.0008 J0.0258
G2 X2.4059 Y-0.1871 I0.1714 J0.0421
G1 Y-0.1543
Y-0.1097
G3 X2.3884 Y-0.0866 I-0.025 J-0.0008
G1 X2.3851 Y-0.0858 F300.
X2.3818 Y-0.0855
X1.7961 Y-0.0657
X1.7933
X1.7905 Y-0.0661
X1.7878 Y-0.0668
G3 X1.7703 Y-0.0899 I0.0075 J-0.0239 F50.
G1 X1.7704 Y-0.1132
Y-0.1378
G3 X1.7956 Y-0.2056 I0.1133 J0.0036
X1.868 Y-0.2691 I0.1846 J0.1374
G1 X1.8886 Y-0.2808
G3 X2.0124 Y-0.3233 I0.2249 J0.4535
X2.1189 Y-0.3388 I0.1486 J0.6455
X2.1647 Y-0.318 I-0.0061 J0.0742
G2 X2.2488 Y-0.2694 I0.1134 J-0.0993
G1 X2.2602 Y-0.2666
G3 X2.2787 Y-0.2443 I-0.0064 J0.0242
X2.2593 Y-0.2181 I-0.0249 J0.0019 F300.
G1 X1.8009 Y-0.1143
G3 X1.788 Y-0.1148 I-0.0055 J-0.0244
X1.7704 Y-0.1378 I0.0074 J-0.0239 F50.
G2 X1.77 Y-0.1967 I-1.0898 J-0.0219
G3 X1.7852 Y-0.2542 I0.101 J-0.0041
X1.8421 Y-0.3189 I0.1794 J0.1005
X1.9284 Y-0.3687 I0.2222 J0.2856
X2.0449 Y-0.4024 I0.1969 J0.4625
G1 X2.0617 Y-0.404
G3 X2.1294 Y-0.3657 I0.0042 J0.0716
G2 X2.1647 Y-0.318 I0.1409 J-0.0674
G1 X2.1671 Y-0.315
X2.1691 Y-0.3116
X2.1705 Y-0.308
X2.1713 Y-0.3042
X2.1715 Y-0.3004
X2.1711 Y-0.2965
X2.1702 Y-0.2928
X2.1687 Y-0.2892
G3 X2.1533 Y-0.2768 I-0.0222 J-0.0116 F300.
G1 X1.8015 Y-0.1764
G3 X1.7901 Y-0.1759 I-0.0069 J-0.024
X1.7699 Y-0.1967 I0.0046 J-0.0246 F50.
G2 X1.7619 Y-0.2389 I-0.1835 J0.0128
G3 X1.7706 Y-0.3032 I0.0987 J-0.0195
X1.8197 Y-0.3712 I0.1818 J0.0795
X1.9198 Y-0.4369 I0.2404 J0.2573
X2.004 Y-0.4638 I0.1436 J0.3046
X2.0638 Y-0.4639 I0.0301 J0.1664
X2.1151 Y-0.4122 I-0.0188 J0.07
G2 X2.1293 Y-0.3657 I0.346 J-0.0796
G1 X2.1307 Y-0.3621
X2.1315 Y-0.3583
X2.1318 Y-0.3545
X2.1314 Y-0.3507
X2.1305 Y-0.3469
X2.129 Y-0.3434
X2.127 Y-0.3401
X2.1245 Y-0.3371
G3 X2.1149 Y-0.3312 I-0.0176 J-0.0178 F300.
G1 X1.7939 Y-0.2225
X1.791 Y-0.2217
X1.788 Y-0.2213
X1.7849 Y-0.2212
G3 X1.762 Y-0.2389 I0.0009 J-0.025 F50.
G2 X1.749 Y-0.2758 I-0.1511 J0.0324
G3 X1.7459 Y-0.3369 I0.0833 J-0.0349
X1.7887 Y-0.4168 I0.1804 J0.0452
X1.9886 Y-0.5275 I0.2516 J0.2187
X2.0561 Y-0.5245 I0.0253 J0.1948
X2.1107 Y-0.455 I-0.0174 J0.0699
G2 X2.115 Y-0.4122 I0.1733 J0.004
G1 X2.1156 Y-0.4084
X2.1155 Y-0.4046
X2.1149 Y-0.4008
X2.1137 Y-0.3971
X2.1119 Y-0.3937
X2.1096 Y-0.3906
X2.1069 Y-0.3878
X2.1038 Y-0.3856
X2.1017 Y-0.3844 F300.
X2.0994 Y-0.3834
X1.7799 Y-0.264
X1.7774 Y-0.2632
X1.7748 Y-0.2627
G3 X1.749 Y-0.2758 I-0.0037 J-0.0247 F50.
G2 X1.7304 Y-0.3032 I-0.1209 J0.0618
G3 X1.7165 Y-0.3364 I0.0468 J-0.0392
X1.7322 Y-0.4246 I0.1453 J-0.0195
X1.8146 Y-0.5236 I0.2414 J0.1171
X1.9894 Y-0.5926 I0.2012 J0.2538
X2.0657 Y-0.582 I0.0114 J0.1981
X2.1106 Y-0.5154 I-0.0271 J0.0667
G1 X2.1107 Y-0.4582
Y-0.455
G3 X2.095 Y-0.4326 I-0.025 J-0.0008
G1 X2.0931 Y-0.4319
X1.759 Y-0.2984 F300.
X1.7573 Y-0.2977 F50.
G3 X1.7304 Y-0.3032 I-0.0093 J-0.0232
G2 X1.7058 Y-0.3284 I-0.4159 J0.3818
G3 X1.6821 Y-0.3812 I0.057 J-0.0573
X1.698 Y-0.4722 I0.1661 J-0.018
X1.7646 Y-0.564 I0.2497 J0.1113
X1.9884 Y-0.658 I0.237 J0.2509
X2.064 Y-0.6455 I0.0025 J0.2202
X2.1092 Y-0.5926 I-0.0257 J0.0677
G1 X2.1106 Y-0.5782
Y-0.5154
G3 X2.0962 Y-0.4936 I-0.025 J-0.0009
G1 X2.0931 Y-0.4922
X1.7347 Y-0.3262 F300.
X1.7322 Y-0.325 F50.
G3 X1.7058 Y-0.3284 I-0.0105 J-0.0227
G2 X1.6792 Y-0.3489 I-0.1022 J0.1054
G3 X1.647 Y-0.3954 I0.0417 J-0.0632
X1.6469 Y-0.4831 I0.1513 J-0.0441
X1.7078 Y-0.5961 I0.2595 J0.0671
X1.9866 Y-0.7244 I0.2825 J0.2468
X2.0659 Y-0.7093 I-0.0033 J0.2329
X2.1107 Y-0.6427 I-0.0276 J0.0669
G1 X2.1106 Y-0.5782
G3 X2.0973 Y-0.557 I-0.025 J-0.0009
G1 X2.0932 Y-0.5548
X1.7083 Y-0.352 F300.
X1.7024 Y-0.3488 F50.
G3 X1.6791 I-0.0117 J-0.0221
G2 X1.6517 Y-0.3611 I-0.0653 J0.1094
G3 X1.6117 Y-0.3994 I0.0274 J-0.0687
X1.5965 Y-0.4946 I0.1391 J-0.071
X1.6419 Y-0.6141 I0.2633 J0.0318
X1.7759 Y-0.7374 I0.321 J0.2143
X1.9792 Y-0.7921 I0.2029 J0.3487
X2.0706 Y-0.7734 I-0.0023 J0.2433
X2.1107 Y-0.7089 I-0.0324 J0.0648
G1 X2.1106 Y-0.6427
G3 X2.0986 Y-0.6222 I-0.025 J-0.0009
G1 X2.0933 Y-0.619
X1.6804 Y-0.3688 F300.
X1.6719 Y-0.3637 F50.
G3 X1.6517 Y-0.3611 I-0.013 J-0.0214
G2 X1.6154 Y-0.3707 I-0.1475 J0.4838
G3 X1.5799 Y-0.394 I0.0174 J-0.0652
X1.5459 Y-0.4754 I0.1092 J-0.0935
X1.5604 Y-0.591 I0.24 J-0.0284
X1.6379 Y-0.7156 I0.3361 J0.1224
X1.9311 Y-0.8598 I0.337 J0.3152
X2.0366 Y-0.8527 I0.0307 J0.3293
X2.0801 Y-0.8348 I-0.035 J0.1474
X2.1106 Y-0.7761 I-0.0416 J0.0589
G1 Y-0.7089
G3 X2.0996 Y-0.689 I-0.025 J-0.0009
G1 X2.0935 Y-0.6849
X1.6433 Y-0.3817 F300.
X1.633 Y-0.3747 F50.
G3 X1.6154 Y-0.3707 I-0.014 J-0.0207
G1 X1.6072 Y-0.3722
X1.5907 Y-0.3738
X1.5862 Y-0.374
G3 X1.5309 Y-0.4042 I0.0071 J-0.0787
X1.4935 Y-0.483 I0.117 J-0.1038
X1.5003 Y-0.6072 I0.255 J-0.0485
X1.5729 Y-0.7452 I0.3666 J0.1048
X1.7267 Y-0.8717 I0.384 J0.3103
X1.9171 Y-0.9297 I0.2379 J0.4392
X2.0327 Y-0.9224 I0.0354 J0.358
X2.0887 Y-0.8979 I-0.0366 J0.1602
X2.1147 Y-0.8475 I-0.0469 J0.0561
G1 X2.1143 Y-0.8329
G2 X2.1106 Y-0.7761 I0.34 J0.0505
G1 X2.1102 Y-0.7724
X2.1093 Y-0.7688
X2.1078 Y-0.7655
X2.1059 Y-0.7623
X2.1035 Y-0.7595
X2.1007 Y-0.757
X2.0938 Y-0.7518
X1.6131 Y-0.3877 F300.
X1.6017 Y-0.3791 F50.
G3 X1.5862 Y-0.374 I-0.0151 J-0.0199
G1 X1.5825 Y-0.3742
X1.5451
G3 X1.4936 Y-0.3966 I-0.0017 J-0.0668
X1.475 Y-0.4452 I0.0518 J-0.0476
X1.4929 Y-0.468 I0.025 J0.0012
X1.5178 Y-0.4615 I0.0071 J0.024 F300.
G1 X1.562 Y-0.4168
G3 X1.5681 Y-0.3918 I-0.0178 J0.0176
X1.5451 Y-0.3742 I-0.0239 J-0.0074 F50.
G1 X1.5003
G3 X1.4757 Y-0.3819 I-0.0045 J-0.0289
X1.47 Y-0.4089 I0.0184 J-0.0179
G2 X1.4751 Y-0.45 I-0.1746 J-0.0425
G1 Y-0.4829
Y-0.6472
G3 X1.4961 Y-0.7346 I0.2197 J0.0065
X1.5662 Y-0.8374 I0.335 J0.1531
X1.7039 Y-0.9406 I0.373 J0.3541
X1.906 Y-1.0008 I0.2526 J0.4791
X2.0318 Y-0.9924 I0.0372 J0.3915
X2.0975 Y-0.9638 I-0.0513 J0.2072
X2.1228 Y-0.8854 I-0.0403 J0.0563
G2 X2.1143 Y-0.8329 I0.3952 J0.0905
G1 X2.1134 Y-0.8291
X2.1118 Y-0.8255
X2.1098 Y-0.8222
X2.1072 Y-0.8192
X2.1042 Y-0.8167
X2.1009 Y-0.8147
X2.0972 Y-0.8133
X2.0938 Y-0.8122
X1.5077 Y-0.6243 F300.
G3 X1.4927 Y-0.6242 I-0.0076 J-0.0238
X1.4751 Y-0.6472 I0.0074 J-0.0239 F50.
G1 Y-0.754
G3 X1.4992 Y-0.8403 I0.1845 J0.0049
X1.5712 Y-0.9319 I0.2987 J0.1609
X1.7154 Y-1.0256 I0.3495 J0.3802
X1.9227 Y-1.0739 I0.23 J0.5173
X2.0501 Y-1.0581 I0.0156 J0.3944
X2.1255 Y-1.0172 I-0.0601 J0.2007
X2.1474 Y-0.9505 I-0.0492 J0.0531
G1 X2.1431 Y-0.9365
X2.1287 Y-0.9019
X2.1256 Y-0.8937
X2.1228 Y-0.8854
G3 X2.1051 Y-0.8699 I-0.0234 J-0.0088
G1 X2.0988 Y-0.8685
X1.5058 Y-0.7305 F300.
G3 X1.4927 Y-0.731 I-0.0057 J-0.0244
X1.4751 Y-0.754 I0.0074 J-0.0239 F50.
G1 Y-0.8526
G3 X1.4967 Y-0.9255 I0.1654 J0.0093
X1.5618 Y-1.0077 I0.2696 J0.1465
X1.6672 Y-1.081 I0.3206 J0.3491
X1.9436 Y-1.1462 I0.2685 J0.519
X2.0733 Y-1.1225 I-0.0073 J0.4067
X2.159 Y-1.0674 I-0.0749 J0.2108
G1 X2.1616 Y-1.0641
G3 X2.1638 Y-0.9758 I-0.0534 J0.0455
G2 X2.1432 Y-0.9364 I0.1357 J0.0962
G1 X2.1415 Y-0.9333
X2.1393 Y-0.9305
X2.1368 Y-0.928
X2.134 Y-0.9259
X2.1309 Y-0.9242
X2.1276 Y-0.923
X2.1241 Y-0.9222
X2.118 Y-0.9213
X1.5038 Y-0.8287 F300.
G3 X1.4927 Y-0.8296 I-0.0037 J-0.0247
X1.4751 Y-0.8526 I0.0074 J-0.0239 F50.
G1 Y-0.9265
X1.475 Y-0.9347
G3 X1.498 Y-1.0124 I0.1513 J0.0025
X1.5633 Y-1.0906 I0.2527 J0.1447
X1.669 Y-1.1597 I0.3031 J0.3481
X1.9489 Y-1.2185 I0.2607 J0.5458
X2.0678 Y-1.1982 I-0.018 J0.4631
X2.1704 Y-1.1435 I-0.0888 J0.2903
X2.2112 Y-1.0913 I-0.0982 J0.1189
G1 X2.2145 Y-1.077
G3 X2.1998 Y-1.022 I-0.0709 J0.0105
G1 X2.1823 Y-0.9999
X2.1638 Y-0.9758
G3 X2.1466 Y-0.9668 I-0.0193 J-0.0159
G1 X2.1357 Y-0.9659
X1.502 Y-0.9122 F300.
X1.4993 Y-0.9121
X1.4966 Y-0.9123
X1.494 Y-0.9128
G3 X1.475 Y-0.9347 I0.0059 J-0.0243 F50.
G2 X1.4674 Y-0.984 I-0.1741 J0.0016
G3 X1.4747 Y-1.0564 I0.1168 J-0.0249
X1.5299 Y-1.141 I0.2264 J0.0875
X1.6168 Y-1.2096 I0.2893 J0.2774
X1.7822 Y-1.275 I0.2879 J0.4857
X1.9972 Y-1.2871 I0.1412 J0.5935
X2.1154 Y-1.2558 I-0.06 J0.4647
X2.2176 Y-1.1885 I-0.1193 J0.2926
X2.2572 Y-1.126 I-0.1261 J0.1236
X2.2316 Y-1.051 I-0.0688 J0.0184
G1 X2.2069 Y-1.0303
X2.2045 Y-1.0277
X2.2023 Y-1.0251
X2.1998 Y-1.022
G3 X2.1825 Y-1.0133 I-0.019 J-0.0162
G1 X2.1715 Y-1.0125
X1.493 Y-0.9668 F300.
X1.4922
X1.4915 Y-0.9667
X1.4908
G3 X1.4675 Y-0.984 I0.0005 J-0.025 F50.
G2 X1.452 Y-1.0272 I-0.1774 J0.0394
G3 X1.4471 Y-1.0928 I0.0914 J-0.0399
X1.4817 Y-1.1712 I0.1972 J0.0402
X1.5659 Y-1.2561 I0.2865 J0.2001
X1.6863 Y-1.3213 I0.2996 J0.4095
X2.0421 Y-1.3536 I0.235 J0.6116
X2.1627 Y-1.312 I-0.1013 J0.4887
X2.2678 Y-1.2312 I-0.1503 J0.3044
X2.3061 Y-1.1618 I-0.15 J0.128
X2.2743 Y-1.0822 I-0.0697 J0.0184
G1 X2.2727 Y-1.0812
X2.2645 Y-1.0759
X2.248 Y-1.0635
X2.2316 Y-1.0511
G3 X2.2183 Y-1.0465 I-0.0144 J-0.0204
G1 X2.2016 Y-1.0458
X1.4783 Y-1.0148 F300.
X1.4747 Y-1.0146 F50.
G3 X1.4519 Y-1.0272 I-0.0011 J-0.025
G2 X1.4329 Y-1.0537 I-0.1079 J0.0573
G3 X1.4139 Y-1.1102 I0.0661 J-0.0536
X1.433 Y-1.1943 I0.176 J-0.0042
X1.4927 Y-1.2786 I0.2702 J0.1278
X1.5892 Y-1.3532 I0.32 J0.3145
X1.757 Y-1.419 I0.3049 J0.5307
X2.0443 Y-1.4275 I0.1637 J0.6697
X2.1784 Y-1.3842 I-0.1048 J0.5536
X2.2907 Y-1.3066 I-0.1775 J0.3768
X2.3504 Y-1.2208 I-0.1888 J0.195
X2.3622 Y-1.1616 I-0.1359 J0.0578
X2.3175 Y-1.1022 I-0.0726 J-0.008
G2 X2.2742 Y-1.0824 I0.1072 J0.2913
G1 X2.2707 Y-1.0806
X2.2669 Y-1.0795
X2.263 Y-1.0789
X2.244 Y-1.0782
X1.4618 Y-1.0468 F300.
X1.4517 Y-1.0463 F50.
G3 X1.4329 Y-1.0537 I-0.001 J-0.025
G2 X1.4037 Y-1.0827 I-0.3348 J0.3089
G3 X1.3839 Y-1.1136 I0.0455 J-0.0509
X1.3831 Y-1.2071 I0.1462 J-0.048
X1.4351 Y-1.3089 I0.2641 J0.0708
X1.517 Y-1.3886 I0.3272 J0.254
X1.6757 Y-1.4714 I0.3448 J0.4675
X2.1033 Y-1.4896 I0.2438 J0.698
G1 X2.1379 Y-1.479
G3 X2.1781 Y-1.4526 I-0.0209 J0.0757
G1 X2.1846 Y-1.4441
G2 X2.2151 Y-1.4089 I0.2163 J-0.1567
X2.2807 Y-1.3603 I0.4629 J-0.5567
G1 X2.2891 Y-1.3568
X2.2961 Y-1.3537
G3 X2.4129 Y-1.2134 I-0.0837 J0.1885
X2.4116 Y-1.1632 I-0.0935 J0.0226
X2.3629 Y-1.1184 I-0.068 J-0.0251
G2 X2.3175 Y-1.1022 I0.0939 J0.3343
G1 X2.3137 Y-1.1011
X2.3099 Y-1.1007
X2.306 Y-1.1008
X2.3022 Y-1.1016
X2.2986 Y-1.1029
X2.2952 Y-1.1047
X2.2922 Y-1.1071
X2.2895 Y-1.1099
G3 X2.284 Y-1.123 I0.0194 J-0.0158 F300.
G1 X2.2621 Y-1.3278
G3 X2.2679 Y-1.3467 I0.0249 J-0.0027
X2.2961 Y-1.3537 I0.019 J0.0163 F50.
G2 X2.363 Y-1.3282 I0.2437 J-0.5388
G3 X2.4289 Y-1.2881 I-0.0205 J0.1077
X2.4646 Y-1.1816 I-0.1042 J0.0942
X2.3959 Y-1.1216 I-0.0683 J-0.0089
X2.373 Y-1.1394 I0.0011 J-0.025
G1 X2.3726 Y-1.1409 F300.
X2.3355 Y-1.2979
G3 X2.3375 Y-1.3149 I0.0243 J-0.0058
X2.3631 Y-1.3285 I0.0224 J0.0112 F50.
G2 X2.4055 Y-1.3255 I0.0309 J-0.1373
G3 X2.4408 Y-1.3183 I0.0056 J0.062
X2.5114 Y-1.2234 I-0.0593 J0.1178
X2.5041 Y-1.1501 I-0.1129 J0.0259
X2.4288 Y-1.1173 I-0.059 J-0.0328
G1 X2.4124 Y-1.1204
X2.4041 Y-1.1216
X2.3959
G3 X2.373 Y-1.1394 I0.0011 J-0.025
G1 X2.3723 Y-1.1425 F300.
X2.372 Y-1.1456
X2.3721 Y-1.1487
X2.3851 Y-1.3031
X2.3852 Y-1.3039
X2.3853 Y-1.3048
G3 X2.4055 Y-1.3255 I0.0247 J0.0038 F50.
G1 X2.4124 Y-1.3266
X2.4288 Y-1.3295
X2.437 Y-1.3317
G3 X2.4976 Y-1.3199 I0.0168 J0.0753
X2.5609 Y-1.229 I-0.0723 J0.1179
X2.5523 Y-1.1388 I-0.1302 J0.0332
X2.4665 Y-1.106 I-0.0613 J-0.0318
G2 X2.4288 Y-1.1173 I-0.0851 J0.2161
G1 X2.4251 Y-1.1187
X2.4218 Y-1.1206
X2.4188 Y-1.123
X2.4162 Y-1.1259
X2.414 Y-1.1291
X2.4124 Y-1.1326
X2.4113 Y-1.1363
X2.4109 Y-1.1402
Y-1.1427 F300.
X2.4194 Y-1.3087
Y-1.309 F50.
G3 X2.437 Y-1.3317 I0.025 J0.0013
G2 X2.4712 Y-1.3425 I-0.0443 J-0.2
G3 X2.5255 Y-1.3407 I0.025 J0.066
X2.5992 Y-1.2708 I-0.0507 J0.1274
X2.6031 Y-1.1253 I-0.1441 J0.0766
X2.5784 Y-1.0929 I-0.1009 J-0.0512
X2.4955 Y-1.0908 I-0.0428 J-0.0535
G1 X2.4926 Y-1.0934
X2.4901 Y-1.0965
X2.4882 Y-1.0998
X2.4868 Y-1.1035
X2.4859 Y-1.1073
X2.4844 Y-1.1186
X2.4574 Y-1.3166 F300.
X2.4573 Y-1.3171
G3 X2.4712 Y-1.3425 I0.0248 J-0.0029 F50.
G2 X2.4959 Y-1.3564 I-0.0453 J-0.1093
G3 X2.5487 Y-1.3651 I0.0365 J0.0563
X2.627 Y-1.3184 I-0.0253 J0.1313
X2.6497 Y-1.0954 I-0.1461 J0.1276
X2.6116 Y-1.0548 I-0.1304 J-0.0843
X2.526 Y-1.0634 I-0.0374 J-0.0573
G2 X2.4955 Y-1.0909 I-0.1411 J0.1259
G1 X2.4927 Y-1.0934
X2.4904 Y-1.0963
X2.4884 Y-1.0996
X2.487 Y-1.1031
X2.4862 Y-1.1068
X2.4859 Y-1.1106
Y-1.1188
X2.4862 Y-1.3285 F300.
Y-1.3366 F50.
G3 X2.4959 Y-1.3564 I0.025 J0.
G1 X2.5027 Y-1.3613
X2.5035 Y-1.362
X2.5122 Y-1.3702
X2.5192 Y-1.3769
G3 X2.5638 Y-1.3932 I0.0433 J0.0495
X2.6489 Y-1.3644 I0.0027 J0.1324
X2.7292 Y-1.2343 I-0.125 J0.1669
X2.6899 Y-1.0513 I-0.2191 J0.0487
X2.6329 Y-1.0068 I-0.1237 J-0.0997
X2.5509 Y-1.0333 I-0.0254 J-0.0614
G1 X2.5478 Y-1.0378
G3 X2.5441 Y-1.0486 I0.0212 J-0.0133
G1 X2.5421 Y-1.0679
X2.5132 Y-1.3479 F300.
X2.5123 Y-1.357 F50.
G3 X2.5192 Y-1.3769 I0.0249 J-0.0026
G2 X2.5421 Y-1.4014 I-0.1505 J-0.1642
G3 X2.5846 Y-1.4232 I0.0504 J0.0459
X2.6762 Y-1.4051 I0.0206 J0.1363
X2.7674 Y-1.3079 I-0.1059 J0.1909
X2.7513 Y-1.031 I-0.246 J0.1247
X2.6841 Y-0.969 I-0.1706 J-0.1175
X2.6378 Y-0.9533 I-0.0723 J-0.1373
X2.5651 Y-1.0005 I-0.0083 J-0.0667
G1 X2.5647 Y-1.0028
X2.5644 Y-1.0051
X2.5625 Y-1.0313
X2.5378 Y-1.3717 F300.
X2.5369 Y-1.3842 F50.
G3 X2.5421 Y-1.4014 I0.0249 J-0.0018
G2 X2.5564 Y-1.424 I-0.0859 J-0.0701
G3 X2.5928 Y-1.4542 I0.0568 J0.0314
X2.6843 Y-1.455 I0.0468 J0.1265
X2.7957 Y-1.3763 I-0.0667 J0.2126
X2.8621 Y-1.181 I-0.2423 J0.1913
X2.7852 Y-0.9703 I-0.3142 J0.0046
X2.6997 Y-0.9099 I-0.1769 J-0.1598
X2.6263 Y-0.9009 I-0.0544 J-0.1389
X2.5835 Y-0.9331 I0.0152 J-0.0646
G1 X2.5782 Y-0.9459
X2.5757 Y-0.9594
G2 X2.5651 Y-1.0005 I-0.438 J0.0908
G1 X2.5646 Y-1.0034
X2.5643 Y-1.0063
X2.5637 Y-1.0314
X2.5546 Y-1.3934 F300.
X2.5541 Y-1.4128 F50.
G3 X2.5564 Y-1.424 I0.025 J-0.0006
G2 X2.5663 Y-1.4507 I-0.1 J-0.0522
G3 X2.6095 Y-1.4937 I0.0678 J0.0248
X2.6869 Y-1.5046 I0.0574 J0.1265
X2.7993 Y-1.4578 I-0.0267 J0.2222
X2.902 Y-1.3211 I-0.1922 J0.2514
X2.862 Y-0.9595 I-0.3539 J0.1438
X2.7574 Y-0.8667 I-0.2524 J-0.1791
X2.6647 Y-0.8415 I-0.1016 J-0.1905
X2.62 Y-0.8488 I-0.0039 J-0.1167
X2.5775 Y-0.9144 I0.0297 J-0.0659
G2 X2.5757 Y-0.9594 I-0.3868 J-0.0075
G1 X2.5751 Y-0.9903
X2.566 Y-1.4198 F300.
X2.5654 Y-1.4437 F50.
X2.5656 Y-1.4472
X2.5663 Y-1.4507
X2.5693 Y-1.4605
X2.5734 Y-1.477
X2.5753 Y-1.4852
G3 X2.6024 Y-1.5249 I0.0659 J0.0159
X2.6953 Y-1.5539 I0.0867 J0.1141
X2.8203 Y-1.5174 I-0.0013 J0.2366
X2.9344 Y-1.4046 I-0.1718 J0.2879
X2.9991 Y-1.1581 I-0.3601 J0.2263
X2.8985 Y-0.8945 I-0.4309 J-0.0134
X2.7885 Y-0.8081 I-0.274 J-0.2354
X2.6759 Y-0.7802 I-0.1174 J-0.2328
X2.6151 Y-0.7928 I-0.0001 J-0.152
X2.5774 Y-0.8561 I0.0352 J-0.0637
G1 X2.5775 Y-0.9144
G3 X2.5796 Y-0.9244 I0.025 J0.
G2 X2.5817 Y-0.9343 I-0.0229 J-0.01
G1 Y-0.9447
X2.5838 Y-1.4439 F300.
G2 X2.5814 Y-1.4549 I-0.025 J-0.0001
G1 X2.5812 Y-1.4552
G3 X2.5753 Y-1.4852 I0.0563 J-0.0267 F50.
G1 X2.5775 Y-1.5098
Y-1.5144
G3 X2.5965 Y-1.5582 I0.067 J0.003
X2.6816 Y-1.6032 I0.1049 J0.0954
X2.8117 Y-1.5901 I0.0421 J0.2339
X2.9294 Y-1.5164 I-0.1152 J0.3148
X3.029 Y-1.3741 I-0.2932 J0.3113
X3.0538 Y-1.0439 I-0.4611 J0.2007
X2.9283 Y-0.8237 I-0.4635 J-0.1185
X2.7975 Y-0.7376 I-0.2799 J-0.2826
X2.6691 Y-0.7171 I-0.1088 J-0.2687
X2.6213 Y-0.7283 I0.0206 J-0.1951
X2.5775 Y-0.7944 I0.028 J-0.0661
G1 Y-0.8561
G3 X2.5796 Y-0.8662 I0.025 J0.
G2 X2.5817 Y-0.8758 I-0.0229 J-0.01
G1 X2.5818 Y-0.8865
X2.5897 Y-1.4716 F300.
G2 X2.5862 Y-1.4847 I-0.025 J-0.0003
G1 X2.586 Y-1.485
G3 X2.5775 Y-1.5144 I0.0537 J-0.0316 F50.
G1 Y-1.5554
G3 X2.606 Y-1.6136 I0.0843 J0.0052
X2.684 Y-1.6563 I0.1128 J0.1134
X2.8061 Y-1.6568 I0.0619 J0.247
X2.961 Y-1.5792 I-0.0823 J0.3578
X3.0643 Y-1.4595 I-0.2947 J0.3585
X3.1408 Y-1.2225 I-0.4619 J0.2801
X3.0408 Y-0.8456 I-0.5708 J0.0502
X2.9229 Y-0.7265 I-0.4179 J-0.2956
X2.7721 Y-0.6577 I-0.2461 J-0.3399
X2.6571 Y-0.6538 I-0.0675 J-0.2928
X2.6078 Y-0.6716 I0.0229 J-0.14
X2.5775 Y-0.7305 I0.0424 J-0.0592
G1 Y-0.7944
X2.5851 Y-0.8115
X2.5948 Y-0.8188
X2.6727 Y-0.8772 F300.
G2 X2.7119 Y-0.9594 I-0.0591 J-0.0787
G1 X2.6846 Y-1.403
G2 X2.6431 Y-1.477 I-0.0982 J0.0065
G1 X2.6013 Y-1.5086
G3 X2.586 Y-1.526 I0.0384 J-0.049
X2.5775 Y-1.5554 I0.0537 J-0.0316 F50.
G1 Y-1.6002
G3 X2.6046 Y-1.6619 I0.0918 J0.0035
X2.6858 Y-1.7118 I0.1275 J0.1165
X2.818 Y-1.719 I0.0808 J0.2647
X2.9666 Y-1.6605 I-0.0665 J0.3868
X3.0906 Y-1.5469 I-0.2692 J0.4183
X3.1987 Y-1.32 I-0.4571 J0.3569
X3.0996 Y-0.8026 I-0.6251 J0.1485
X2.9442 Y-0.6539 I-0.4687 J-0.3341
X2.8005 Y-0.5923 I-0.2565 J-0.3995
X2.6657 Y-0.5856 I-0.0844 J-0.3393
G1 X2.6513 Y-0.5887
X2.6378 Y-0.5925
X2.6258 Y-0.5967
G3 X2.5774 Y-0.6625 I0.0211 J-0.0662
G1 X2.5775 Y-0.7305
G3 X2.5951 Y-0.7535 I0.025 J0.0009
G1 X2.5988 Y-0.7546 Z0.3103
X2.6025 Y-0.7557 Z0.3112
X2.6059 Y-0.7568 Z0.3127
X2.6091 Y-0.7578 Z0.3148
X2.612 Y-0.7587 Z0.3173
X2.6144 Y-0.7594 Z0.3203
X2.6164 Y-0.76 Z0.3237
X2.6178 Y-0.7605 Z0.3273
X2.6187 Y-0.7607 Z0.3311
X2.619 Y-0.7608 Z0.335
G0 Z0.69
X2.7213 Y0.1154
Z0.36
G1 Z0.335 F50.
X2.7214 Y0.1152 Z0.3311
X2.722 Y0.1144 Z0.3273
X2.7229 Y0.1133 Z0.3237
X2.7242 Y0.1116 Z0.3203
X2.7258 Y0.1096 Z0.3173
X2.7276 Y0.1073 Z0.3148
X2.7297 Y0.1047 Z0.3127
X2.7319 Y0.1018 Z0.3112
X2.7343 Y0.0988 Z0.3103
X2.7367 Y0.0958 Z0.31
G3 X2.7613 Y0.077 I0.0489 J0.0386
G2 X2.812 Y0.0429 I-0.0485 J-0.1269
G3 X2.8814 Y0.002 I0.1287 J0.1391
G1 X2.9038 Y-0.0055
G3 X3.0412 Y-0.0277 I0.171 J0.6232
X3.2943 Y-0.0347 I0.2284 J3.6619
X3.4712 Y-0.0354 I0.1317 J11.4297
X3.5338 Y0.0016 I-0.0001 J0.0716
G2 X3.5778 Y0.051 I0.1799 J-0.116
G1 X3.5873 Y0.0593
G3 X3.5935 Y0.0876 I-0.0168 J0.0185
X3.5699 Y0.1028 I-0.023 J-0.0098 F300.
G1 X2.8294 Y0.0852
G3 X2.8078 Y0.0716 I0.0006 J-0.025
X2.812 Y0.0429 I0.0222 J-0.0114 F50.
G2 X2.8518 Y-0.0063 I-0.1265 J-0.1433
G3 X2.871 Y-0.0297 I0.0762 J0.0429
X2.953 Y-0.0755 I0.1521 J0.1759
G1 X2.98 Y-0.0842
G3 X3.1228 Y-0.1067 I0.1835 J0.7022
X3.4118 Y-0.1143 I0.2441 J3.7441
G1 X3.4336 Y-0.1129
X3.4523 Y-0.1102
G3 X3.4936 Y-0.0902 I-0.0106 J0.0747
G1 X3.5023 Y-0.08
X3.5089 Y-0.0684
X3.5133 Y-0.0557
X3.5175 Y-0.0392
G2 X3.5337 Y0.0017 I0.1523 J-0.0366
G1 X3.5352 Y0.0052
X3.5361 Y0.0089
X3.5364 Y0.0128
X3.5362 Y0.0166
X3.5353 Y0.0204
X3.5339 Y0.024
X3.5319 Y0.0273
X3.5295 Y0.0303
G3 X3.5111 Y0.0379 I-0.018 J-0.0174 F300.
G1 X2.8745 Y0.0279
G3 X2.8585 Y0.0218 I0.0004 J-0.025
X2.8517 Y-0.0064 I0.0164 J-0.0189 F50.
G2 X2.865 Y-0.0451 I-0.2199 J-0.0969
G3 X2.9091 Y-0.105 I0.115 J0.0385
X2.9928 Y-0.1505 I0.1676 J0.2088
X3.1289 Y-0.1805 I0.1941 J0.5563
X3.3817 Y-0.1919 I0.2132 J1.9105
X3.4617 Y-0.1766 I-0.0114 J0.2752
X3.5083 Y-0.1096 I-0.0256 J0.0675
G2 X3.5133 Y-0.0557 I0.206 J0.0083
G3 X3.5015 Y-0.0292 I-0.0245 J0.005
X3.4892 Y-0.0257 I-0.0127 J-0.0215 F300.
G1 X2.8899 Y-0.0146
G3 X2.8762 Y-0.0184 I-0.0005 J-0.025
X2.865 Y-0.0451 I0.0131 J-0.0213 F50.
G2 X2.8727 Y-0.0885 I-0.1756 J-0.0533
G3 X2.8942 Y-0.1411 I0.0944 J0.008
X2.9598 Y-0.1977 I0.1644 J0.1244
G1 X2.9789 Y-0.2082
G3 X3.0991 Y-0.2478 I0.2096 J0.4337
X3.3523 Y-0.2683 I0.2223 J1.1711
G1 X3.3578 Y-0.2674
X3.3633 Y-0.2662
X3.3654 Y-0.2657
X3.3737 Y-0.2641
X3.3819 Y-0.2632
X3.4176 Y-0.2572
G3 X3.4779 Y-0.2356 I-0.0279 J0.173
X3.5083 Y-0.1767 I-0.0422 J0.0591
G1 X3.5079 Y-0.1728
X3.5068 Y-0.1691
X3.5052 Y-0.1656
X3.5031 Y-0.1623
X3.5005 Y-0.1595
X3.4975 Y-0.157
X3.4942 Y-0.1551
X3.4906 Y-0.1537
G3 X3.4707 Y-0.156 I-0.0073 J-0.0239 F300.
G1 X3.3672 Y-0.2167
G3 X3.357 Y-0.2483 I0.0126 J-0.0216
X3.3819 Y-0.2632 I0.0229 J0.01 F50.
G1 X3.3901 Y-0.2622
X3.3983 Y-0.2617
X3.4312
X3.4686
G3 X3.5108 Y-0.214 I0.001 J0.0417
X3.4901 Y-0.1938 I-0.0246 J-0.0045
X3.4678 Y-0.2015 I-0.0038 J-0.0247 F300.
G1 X3.451 Y-0.2198
G3 X3.4455 Y-0.2441 I0.0184 J-0.0169
X3.4686 Y-0.2617 I0.0239 J0.0074 F50.
G1 X3.4887
G3 X3.5133 Y-0.2267 I0.0007 J0.0256
G2 X3.5083 Y-0.1871 I0.1831 J0.043
G1 Y-0.1543
Y-0.1096
G3 X3.4908 Y-0.0865 I-0.025 J-0.0008
G1 X3.4875 Y-0.0857 F300.
X3.4842 Y-0.0854
X2.8985 Y-0.0643
X2.8957 Y-0.0644
X2.8929 Y-0.0647
X2.8902 Y-0.0654
G3 X2.8726 Y-0.0885 I0.0075 J-0.0239 F50.
G1 X2.8728 Y-0.1132
Y-0.1378
G3 X2.8975 Y-0.2048 I0.113 J0.0037
X2.9693 Y-0.2683 I0.1844 J0.1362
G1 X2.9905 Y-0.2803
G3 X3.1134 Y-0.3228 I0.2241 J0.4491
X3.2212 Y-0.3387 I0.1518 J0.6574
X3.2669 Y-0.3181 I-0.0059 J0.0742
G1 X3.2751 Y-0.3101
X3.2838 Y-0.3021
X3.2881 Y-0.2985
G3 X3.2938 Y-0.27 I-0.0171 J0.0182
X3.2798 Y-0.2569 I-0.0228 J-0.0102 F300.
G1 X2.9066 Y-0.1153
G3 X2.8904 Y-0.1148 I-0.0089 J-0.0234
X2.8728 Y-0.1378 I0.0074 J-0.0239 F50.
G1 X2.8727 Y-0.1789
Y-0.1871
X2.8724 Y-0.1953
G3 X2.8919 Y-0.2612 I0.1077 J-0.004
X2.957 Y-0.3281 I0.1873 J0.1173
G1 X2.976 Y-0.3407
G3 X3.0897 Y-0.3892 I0.2364 J0.397
G1 X3.1219 Y-0.3975
X3.1431 Y-0.4015
X3.1609 Y-0.4036
G3 X3.2256 Y-0.3752 I0.007 J0.0719
G1 X3.2329 Y-0.3633
G3 X3.227 Y-0.3349 I-0.0229 J0.01
G1 X3.2242 Y-0.3326 F300.
X3.221 Y-0.3308
X2.9082 Y-0.1767
G3 X2.8926 Y-0.1745 I-0.0111 J-0.0224
X2.8724 Y-0.1953 I0.0046 J-0.0246 F50.
G1 X2.8705 Y-0.2118
X2.8692 Y-0.22
X2.865 Y-0.2364
G3 X2.875 Y-0.3131 I0.1018 J-0.0258
X2.9397 Y-0.3907 I0.1926 J0.0948
X3.1069 Y-0.4678 I0.2403 J0.3013
X3.1641 Y-0.4682 I0.0299 J0.1875
X3.2165 Y-0.4162 I-0.0182 J0.0707
G1 X3.2225 Y-0.3925
G2 X3.2329 Y-0.3633 I0.1695 J-0.0435
G3 X3.227 Y-0.3349 I-0.0229 J0.01
X3.2181 Y-0.3296 I-0.017 J-0.0183 F300.
G1 X2.8971 Y-0.2198
X2.894 Y-0.219
X2.8909 Y-0.2186
X2.8878 Y-0.2185
G3 X2.865 Y-0.2364 I0.0012 J-0.025 F50.
G2 X2.8506 Y-0.2775 I-0.1934 J0.0446
G3 X2.8462 Y-0.3377 I0.0777 J-0.0359
G1 X2.8471 Y-0.3425
G2 X2.8361 Y-0.411 I-0.0674 J-0.0243
G1 X2.8121 Y-0.438
X2.7808 Y-0.4562
X2.7476 Y-0.4705
X2.7135 Y-0.4826
X2.6792 Y-0.4942
X2.6502 Y-0.5048
X2.631 Y-0.5134
X2.6159 Y-0.5213
X2.6115 Y-0.5241
G3 X2.5775 Y-0.5851 I0.0377 J-0.061
G1 Y-0.6625
G3 X2.5951 Y-0.6855 I0.025 J0.0009
X2.6178 Y-0.6814 I0.0074 J0.0239 F300.
G1 X2.8577 Y-0.4993
X2.8934 Y-0.4582
X2.9564 Y-0.3432
G3 X2.8729 Y-0.2566 I-0.0535 J0.032
X2.8505 Y-0.2775 I0.03 J-0.0546 F50.
G2 X2.8232 Y-0.3135 I-0.1312 J0.0713
G1 X2.8067 Y-0.3296
G2 X2.7739 Y-0.353 I-0.0934 J0.0965
X2.6447 Y-0.4183 I-1.1678 J2.1483
G1 X2.6233 Y-0.4304
X2.6101 Y-0.439
G3 X2.5775 Y-0.4991 I0.0391 J-0.0601
X2.5951 Y-0.5221 I0.025 J0.0009
X2.6164 Y-0.5189 I0.0074 J0.0239 F300.
G1 X2.7978 Y-0.3967
G3 X2.8022 Y-0.3591 I-0.014 J0.0207
X2.7739 Y-0.353 I-0.0184 J-0.0169 F50.
G2 X2.6589 Y-0.374 I-0.099 J0.2171
G3 X2.6195 Y-0.3802 I0.0007 J-0.1324
X2.5773 Y-0.4439 I0.0263 J-0.0632
G1 X2.5778 Y-0.4478
X2.5789 Y-0.4515
X2.5805 Y-0.455
X2.5827 Y-0.4582
X2.5853 Y-0.4611
X2.5883 Y-0.4635
X2.5916 Y-0.4654
X2.5952 Y-0.4668
G3 X2.6178 Y-0.4625 I0.0071 J0.024 F300.
G1 X2.6734 Y-0.4189
G3 X2.6819 Y-0.3918 I-0.0154 J0.0197
X2.6588 Y-0.3742 I-0.0239 J-0.0074 F50.
G1 X2.6013
G3 X2.5717 Y-0.3925 I-0.0039 J-0.0268
X2.5723 Y-0.4089 I0.027 J-0.0072
G2 X2.5775 Y-0.45 I-0.1622 J-0.041
G1 Y-0.4829
Y-0.5851
X2.5849 Y-0.602
X2.5933 Y-0.6112
X2.6835 Y-0.7102 F300.
G2 X2.6917 Y-0.7211 I-0.0745 J-0.0643
G1 Y-0.7212
G2 X2.7073 Y-0.7704 I-0.0827 J-0.0533
G1 X2.7036 Y-1.0087
X2.6905 Y-1.4195
G2 X2.6671 Y-1.4776 I-0.0983 J0.0058
G1 X2.5862 Y-1.5705
X2.586 Y-1.5708
G3 X2.5775 Y-1.6002 I0.0537 J-0.0316 F50.
G1 Y-1.654
G3 X2.608 Y-1.7189 I0.1003 J0.0076
X2.7002 Y-1.7736 I0.141 J0.1323
X2.825 Y-1.7834 I0.0855 J0.29
X2.96 Y-1.7438 I-0.0471 J0.4099
X3.1019 Y-1.6426 I-0.2289 J0.4709
X3.2397 Y-1.4322 I-0.4362 J0.4361
X3.2588 Y-0.9645 I-0.6537 J0.261
G1 X3.2559 Y-0.9594
G2 X3.228 Y-0.8936 I0.7013 J0.3362
G3 X3.1832 Y-0.7953 I-0.6364 J-0.2301
X3.111 Y-0.6959 I-0.5237 J-0.3049
G2 X3.1142 Y-0.6042 I0.0566 J0.0439
G1 X3.14 Y-0.5788
G3 X3.1916 Y-0.547 I-0.131 J0.2697
X3.213 Y-0.4955 I-0.0526 J0.0521
G1 Y-0.4582
G2 X3.2164 Y-0.4162 I0.1987 J0.005
G3 X3.2051 Y-0.3895 I-0.0244 J0.0054
X3.1765 Y-0.3912 I-0.0131 J-0.0213 F300.
G1 X3.0532 Y-0.497
G3 X3.0451 Y-0.5047 I0.0636 J-0.0752
G1 X3.0254 Y-0.5322
X3.0228 Y-0.5362
X3.0204 Y-0.5404
X3.0007 Y-0.5897
X2.7081 Y-1.516
G2 X2.6588 Y-1.577 I-0.0949 J0.0262
G1 X2.6124 Y-1.6002
G3 X2.586 Y-1.6246 I0.0273 J-0.056
X2.5775 Y-1.654 I0.0537 J-0.0316 F50.
G1 Y-1.707
G3 X2.6078 Y-1.7745 I0.1058 J0.007
X2.6875 Y-1.8287 I0.147 J0.1306
X2.8134 Y-1.8498 I0.1135 J0.2902
X2.9576 Y-1.8209 I-0.0119 J0.4338
X3.1107 Y-1.7319 I-0.1929 J0.5077
X3.2023 Y-1.6399 I-0.3829 J0.473
G1 X3.2097 Y-1.6289
X3.215 Y-1.6167
X3.218 Y-1.6038
G2 X3.2256 Y-1.5597 I0.3393 J-0.0361
X3.2584 Y-1.4825 I0.6648 J-0.2368
G1 X3.2622 Y-1.477
X3.2679 Y-1.4688
X3.2806 Y-1.4523
G3 X3.3369 Y-1.3408 I-0.2851 J0.214
X3.3615 Y-1.2012 I-0.5323 J0.166
G1 X3.3627 Y-1.1651
X3.362 Y-1.1289
X3.3601 Y-1.1019
G3 X3.3322 Y-1.0498 I-0.072 J-0.005
G2 X3.2997 Y-1.0192 I0.0922 J0.131
X3.2556 Y-0.9596 I0.5254 J0.4345
G1 X3.2534 Y-0.9565
X3.2507 Y-0.9537
X3.2477 Y-0.9514
X3.2443 Y-0.9496
X3.2407 Y-0.9483
X3.2369 Y-0.9475
X3.2331 Y-0.9474
X3.2293 Y-0.9479
G3 X3.2095 Y-0.9738 I0.0052 J-0.0244 F300.
G1 X3.2364 Y-1.4378
G3 X3.2526 Y-1.4597 I0.025 J0.0014
X3.2806 Y-1.4523 I0.0088 J0.0234 F50.
G2 X3.3079 Y-1.4181 I0.5418 J-0.4045
X3.3462 Y-1.3866 I0.2497 J-0.2645
G3 X3.3975 Y-1.3176 I-0.1162 J0.14
X3.426 Y-1.2229 I-0.3207 J0.148
G1 X3.4302 Y-1.1916
X3.4319 Y-1.167
Y-1.1543
G3 X3.3913 Y-1.0898 I-0.0717 J0.
G2 X3.3654 Y-1.0749 I0.0445 J0.1071
G1 X3.3408 Y-1.0562
X3.3322 Y-1.0498
G3 X3.3032 Y-1.0499 I-0.0144 J-0.0204
X3.2929 Y-1.0714 I0.0146 J-0.0203 F300.
G1 X3.3068 Y-1.3673
G3 X3.3172 Y-1.3864 I0.025 J0.0012
X3.3462 Y-1.3866 I0.0146 J0.0203 F50.
G2 X3.3774 Y-1.3637 I0.6645 J-0.876
G1 X3.3983 Y-1.3538
G3 X3.4537 Y-1.3007 I-0.0641 J0.1223
X3.4919 Y-1.1791 I-0.1973 J0.1287
X3.4586 Y-1.1188 I-0.0729 J-0.0009
G1 X3.4458 Y-1.1124
G2 X3.3912 Y-1.0898 I0.2377 J0.6525
G1 X3.3876 Y-1.0886
X3.3838 Y-1.0879
X3.38 Y-1.0877
X3.3762 Y-1.0882
X3.3724 Y-1.0893
X3.369 Y-1.0909
X3.3657 Y-1.0931
X3.3629 Y-1.0957
G3 X3.3562 Y-1.1135 I0.0183 J-0.017 F300.
G1 X3.3633 Y-1.3317
G3 X3.3699 Y-1.3479 I0.025 J0.0008
X3.3983 Y-1.3538 I0.0183 J0.017 F50.
G2 X3.4558 Y-1.3308 I0.3725 J-0.8483
G3 X3.5198 Y-1.2729 I-0.0494 J0.119
X3.5438 Y-1.1814 I-0.1294 J0.0828
X3.4805 Y-1.1211 I-0.0664 J-0.0064
X3.4554 Y-1.1356 I-0.0023 J-0.0249
G1 X3.4543 Y-1.1386 F300.
X3.4535 Y-1.1417
X3.4256 Y-1.3021
G3 X3.429 Y-1.3197 I0.0246 J-0.0043
X3.4558 Y-1.3308 I0.0212 J0.0133 F50.
G2 X3.4932 Y-1.3252 I0.0367 J-0.1192
G3 X3.5531 Y-1.2934 I-0.0108 J0.0928
X3.5918 Y-1.175 I-0.0984 J0.0977
X3.5149 Y-1.1202 I-0.0683 J-0.0146
G1 X3.5112 Y-1.1212
X3.5076 Y-1.1226
X3.5043 Y-1.1247
X3.5014 Y-1.1272
X3.4989 Y-1.1301
X3.4968 Y-1.1334
X3.4953 Y-1.1369
X3.4943 Y-1.1407
Y-1.1408 F300.
X3.4683 Y-1.2961
G3 X3.4694 Y-1.3087 I0.0247 J-0.0041
X3.4932 Y-1.3252 I0.0235 J0.0084 F50.
G2 X3.5239 Y-1.328 I0.0043 J-0.1251
G3 X3.5839 Y-1.312 I0.0116 J0.0772
X3.6347 Y-1.151 I-0.0795 J0.1136
G1 X3.6274 Y-1.1385
G3 X3.5505 Y-1.1121 I-0.0567 J-0.0401
G2 X3.515 Y-1.1203 I-0.0619 J0.187
G1 X3.5112 Y-1.1212
X3.5076 Y-1.1227
X3.5044 Y-1.1247
X3.5014 Y-1.1272
X3.4989 Y-1.1301
X3.4968 Y-1.1334
X3.4953 Y-1.1369
X3.4943 Y-1.1407
X3.494 Y-1.1436 F300.
Y-1.1466
X3.5048 Y-1.3054
X3.5049 Y-1.3061
G3 X3.5239 Y-1.328 I0.0249 J0.0024 F50.
G2 X3.559 Y-1.3373 I-0.0736 J-0.3475
G3 X3.6202 Y-1.3279 I0.0197 J0.0757
X3.6889 Y-1.2376 I-0.0692 J0.1239
X3.6717 Y-1.1168 I-0.1365 J0.0422
X3.6107 Y-1.0902 I-0.054 J-0.0407
G1 X3.5972 Y-1.0931
X3.5845 Y-1.0988
G3 X3.5731 Y-1.1161 I0.0133 J-0.0212
G1 X3.5716 Y-1.1255
X3.5426 Y-1.3098 F300.
X3.5423 Y-1.3136
G3 X3.559 Y-1.3373 I0.025 J-0.0001 F50.
G2 X3.5885 Y-1.35 I-0.033 J-0.1171
G3 X3.6232 Y-1.3567 I0.0279 J0.0513
X3.7092 Y-1.3067 I-0.0153 J0.1252
X3.7293 Y-1.1088 I-0.139 J0.1141
X3.695 Y-1.0707 I-0.1081 J-0.0627
X3.6119 Y-1.0796 I-0.0357 J-0.0584
G1 X3.598 Y-1.0908
X3.5955 Y-1.0924
X3.5845 Y-1.0988
G3 X3.5728 Y-1.1205 I0.0133 J-0.0212
G1 X3.5729 Y-1.1256
X3.5773 Y-1.3228 F300.
X3.5774 Y-1.3298 F50.
G3 X3.5885 Y-1.35 I0.025 J0.0006
G2 X3.6092 Y-1.365 I-0.0592 J-0.1031
G3 X3.6537 Y-1.38 I0.0409 J0.0476
X3.7427 Y-1.3417 I-0.0036 J0.131
X3.805 Y-1.2232 I-0.134 J0.1461
X3.771 Y-1.069 I-0.2018 J0.0362
X3.7277 Y-1.0307 I-0.1234 J-0.0956
X3.6431 Y-1.0474 I-0.032 J-0.0605
G2 X3.6119 Y-1.0796 I-0.2629 J0.2239
G1 X3.6095 Y-1.0825
X3.6075 Y-1.0857
X3.6061 Y-1.0892
X3.6052 Y-1.0929
X3.6049 Y-1.0967
X3.6048 Y-1.1087
X3.6017 Y-1.3362 F300.
X3.6015 Y-1.3467 F50.
G3 X3.6091 Y-1.365 I0.025 J-0.0003
G2 X3.633 Y-1.3883 I-0.3192 J-0.352
G3 X3.6903 Y-1.4091 I0.0513 J0.0519
X3.7739 Y-1.3804 I-0.0019 J0.1415
X3.8584 Y-1.2588 I-0.1287 J0.1796
X3.8221 Y-1.0372 I-0.2403 J0.0744
X3.7536 Y-0.9835 I-0.1379 J-0.1054
X3.7136 Y-0.9774 I-0.0321 J-0.076
X3.6612 Y-1.0182 I0.0091 J-0.0657
G2 X3.6431 Y-1.0474 I-0.1248 J0.0572
G3 X3.6379 Y-1.0618 I0.0198 J-0.0153
G1 X3.6373 Y-1.0772
X3.6275 Y-1.3588 F300.
X3.6271 Y-1.3712 F50.
G3 X3.633 Y-1.3883 I0.025 J-0.0009
G2 X3.653 Y-1.4133 I-0.1055 J-0.1048
G3 X3.6805 Y-1.4357 I0.0478 J0.0307
X3.7736 Y-1.4353 I0.0461 J0.1194
X3.8665 Y-1.3701 I-0.0673 J0.1947
X3.9332 Y-1.1709 I-0.2217 J0.185
X3.8571 Y-0.9822 I-0.2843 J-0.005
X3.7817 Y-0.9329 I-0.147 J-0.1422
X3.7292 Y-0.9261 I-0.0417 J-0.116
X3.6735 Y-0.9787 I0.0123 J-0.0688
G2 X3.6613 Y-1.0182 I-0.2286 J0.0491
G1 X3.6605 Y-1.0208
X3.6599 Y-1.0234
X3.6597 Y-1.0261
X3.6591 Y-1.0489
X3.6507 Y-1.3829 F300.
X3.6502 Y-1.4012 F50.
G3 X3.653 Y-1.4133 I0.025 J-0.0006
G2 X3.6646 Y-1.4373 I-0.121 J-0.0736
G3 X3.6916 Y-1.4683 I0.057 J0.0223
X3.7878 Y-1.4814 I0.0649 J0.1163
X3.8945 Y-1.4267 I-0.0419 J0.2133
X3.9834 Y-1.2868 I-0.204 J0.2277
X3.9352 Y-0.9734 I-0.3373 J0.1085
X3.8392 Y-0.8905 I-0.2275 J-0.1662
X3.7377 Y-0.8711 I-0.0827 J-0.1572
X3.6817 Y-0.9228 I0.0127 J-0.0699
G1 X3.6797 Y-0.9361
X3.6787 Y-0.9512
X3.6779 Y-0.9594
X3.6735 Y-0.9787
X3.6732 Y-0.9809
X3.6731 Y-0.983
X3.6725 Y-1.0096
X3.6642 Y-1.4064 F300.
X3.6637 Y-1.43 F50.
X3.6639 Y-1.4337
X3.6646 Y-1.4373
X3.6694 Y-1.4524
X3.6716 Y-1.4605
X3.6736 Y-1.4688
G3 X3.7025 Y-1.5069 I0.0648 J0.019
X3.7945 Y-1.5304 I0.0786 J0.116
X3.9139 Y-1.4886 I-0.0134 J0.2297
X4.018 Y-1.3742 I-0.1808 J0.269
X4.0636 Y-1.1102 I-0.354 J0.197
X3.9626 Y-0.9009 I-0.3884 J-0.0582
X3.8452 Y-0.8229 I-0.2264 J-0.2137
X3.7527 Y-0.8114 I-0.0713 J-0.1954
X3.7073 Y-0.8281 I0.0087 J-0.0934
X3.6798 Y-0.8847 I0.045 J-0.0568
G1 Y-0.9265
X3.6797 Y-0.9347
Y-0.9361
X3.6793 Y-0.967
X3.6734 Y-1.4379 F300.
X3.6731 Y-1.4633 F50.
X3.6732 Y-1.4661
X3.6736 Y-1.4688
X3.6777 Y-1.4852
X3.679 Y-1.5
G3 X3.7016 Y-1.5423 I0.0674 J0.0088
X3.7897 Y-1.5803 I0.0969 J0.1037
X3.8997 Y-1.5647 I0.0239 J0.2273
X4.0274 Y-1.4756 I-0.1193 J0.3071
X4.1226 Y-1.2996 I-0.3155 J0.2844
X4.058 Y-0.9077 I-0.4575 J0.1259
X3.9424 Y-0.7957 I-0.3391 J-0.2344
X3.8083 Y-0.7481 I-0.1688 J-0.2628
X3.7273 Y-0.7569 I-0.0196 J-0.1972
X3.6813 Y-0.8099 I0.0248 J-0.0679
G1 X3.6798 Y-0.8245
Y-0.8847
X3.6875 Y-0.9019
X3.6963 Y-0.9102
X3.768 Y-0.9778 F300.
X3.7809 Y-1.0005
G2 X3.7598 Y-1.1229 I-0.0858 J-0.0483
G1 X3.6777 Y-1.1919
X3.6366 Y-1.2174
X3.5935 Y-1.2352
X3.4558 Y-1.2448
G2 X3.4111 Y-1.2387 I-0.0094 J0.098
G1 X3.3244 Y-1.2025
X3.2668 Y-1.1635
X3.2154 Y-1.1209
X3.2093 Y-1.1142
G2 X3.1928 Y-0.9923 I0.0679 J0.0713
G1 X3.2262 Y-0.9347
X3.2281 Y-0.9242
X3.2306 Y-0.9101 F50.
X3.2279 Y-0.8937
G2 X3.2193 Y-0.8526 I0.1563 J0.0541
X3.2129 Y-0.7906 I0.5454 J0.0882
G1 X3.213 Y-0.4955
G3 X3.1954 Y-0.4725 I-0.025 J-0.0009
X3.1655 Y-0.4855 I-0.0074 J-0.0239 F300.
G1 X2.5852 Y-1.6792
G3 X2.6302 Y-1.701 I0.0225 J-0.0109
X2.5862 Y-1.6773 I-0.0225 J0.0109
G1 X2.586 Y-1.6776
G3 X2.5775 Y-1.707 I0.0537 J-0.0316 F50.
G1 Y-1.7645
G3 X2.6098 Y-1.8349 I0.1119 J0.0088
X2.6959 Y-1.8929 I0.1579 J0.1414
X2.8073 Y-1.9155 I0.1196 J0.3044
X2.9598 Y-1.8946 I0.0154 J0.4554
X3.1214 Y-1.815 I-0.1658 J0.5401
G1 X3.1505 Y-1.7935
X3.1784 Y-1.7704
X3.1899 Y-1.7597
G3 X3.213 Y-1.707 I-0.0486 J0.0527
G1 Y-1.6659
G2 X3.2181 Y-1.6038 I0.3493 J0.0026
G1 X3.2182 Y-1.5999
X3.2176 Y-1.5961
X3.2165 Y-1.5923
X3.2148 Y-1.5889
X3.2126 Y-1.5857
X3.21 Y-1.5829
X3.2069 Y-1.5805
X3.2035 Y-1.5786
G3 X3.1864 Y-1.5772 I-0.0104 J-0.0227 F300.
G1 X2.5958 Y-1.7413
X2.5951 Y-1.7415
G3 X2.5775 Y-1.7645 I0.0074 J-0.0239 F50.
G1 Y-1.822
G3 X2.6094 Y-1.8944 I0.1156 J0.0078
X2.6806 Y-1.9485 I0.1598 J0.1365
X2.815 Y-1.9822 I0.1486 J0.307
X2.979 Y-1.9633 I0.0269 J0.486
X3.1853 Y-1.8589 I-0.1748 J0.6015
X3.213 Y-1.8022 I-0.0445 J0.0569
G1 Y-1.707
G3 X3.1954 Y-1.684 I-0.025 J-0.0009
X3.1832 Y-1.6834 I-0.0074 J-0.0239 F300.
G1 X2.5976 Y-1.7984
X2.5968 Y-1.7985
X2.5959 Y-1.7988
X2.5951 Y-1.799
G3 X2.5775 Y-1.822 I0.0074 J-0.0239 F50.
G1 Y-1.8795
G3 X2.6093 Y-1.9557 I0.1189 J0.0049
X2.6822 Y-2.0127 I0.1677 J0.1397
X2.7946 Y-2.0472 I0.1561 J0.3078
X2.9599 Y-2.0415 I0.0661 J0.487
X3.1842 Y-1.9485 I-0.1253 J0.6193
X3.213 Y-1.8908 I-0.0447 J0.0584
G1 Y-1.8022
G3 X3.1954 Y-1.7792 I-0.025 J-0.0009
X3.1847 Y-1.7783 I-0.0074 J-0.0239 F300.
G1 X2.5992 Y-1.8556
X2.5971 Y-1.856
X2.5951 Y-1.8565
G3 X2.5775 Y-1.8795 I0.0074 J-0.0239 F50.
G1 Y-1.9453
G3 X2.6045 Y-2.013 I0.1185 J0.0081
X2.6919 Y-2.0822 I0.1825 J0.1407
X2.815 Y-2.1176 I0.1634 J0.3369
X2.9532 Y-2.1154 I0.061 J0.5098
X3.1723 Y-2.0409 I-0.0932 J0.6339
G1 X3.1808 Y-2.035
G3 X3.213 Y-1.9752 I-0.0395 J0.0598
G1 Y-1.8908
G3 X3.1954 Y-1.8677 I-0.025 J-0.0009
G1 X3.1922 Y-1.867 F300.
X3.189 Y-1.8666
X3.1857 Y-1.8667
X2.6001 Y-1.9212
X2.5976 Y-1.9216
X2.5951 Y-1.9222
G3 X2.5775 Y-1.9453 I0.0074 J-0.0239 F50.
G1 Y-2.0073
G3 X2.6109 Y-2.0851 I0.1264 J0.0082
X2.6902 Y-2.1473 I0.1833 J0.1523
X2.7865 Y-2.1811 I0.1681 J0.325
X2.9217 Y-2.1906 I0.1026 J0.4911
X3.1556 Y-2.1312 I-0.0418 J0.655
G1 X3.1719 Y-2.1222
X3.1796 Y-2.1173
G3 X3.213 Y-2.0567 I-0.0383 J0.0606
G1 Y-1.9752
G3 X3.1954 Y-1.9521 I-0.025 J-0.0009
G1 X3.1925 Y-1.9514 F300.
X3.1896 Y-1.9511
X3.1866
X2.6011 Y-1.9832
X2.5981 Y-1.9835
X2.5951 Y-1.9843
G3 X2.5775 Y-2.0073 I0.0074 J-0.0239 F50.
G1 Y-2.0685
G3 X2.6038 Y-2.1413 I0.1228 J0.0032
X2.6748 Y-2.2052 I0.1852 J0.1343
X2.7938 Y-2.2512 I0.1926 J0.3214
X2.9696 Y-2.2589 I0.1111 J0.5302
X3.1375 Y-2.2182 I-0.0708 J0.6595
X3.1902 Y-2.1901 I-0.104 J0.2586
X3.2177 Y-2.1143 I-0.0422 J0.0583
G2 X3.2131 Y-2.0567 I0.2042 J0.0456
G1 X3.2126 Y-2.0529
X3.2116 Y-2.0491
X3.21 Y-2.0456
X3.2079 Y-2.0424
X3.2053 Y-2.0395
X3.2023 Y-2.037
X3.199 Y-2.0351
X3.1954 Y-2.0337
X3.1928 Y-2.033 F300.
X3.1902 Y-2.0327
X3.1875 Y-2.0326
X2.6019 Y-2.0444
X2.5985 Y-2.0447
X2.5951 Y-2.0455
G3 X2.5775 Y-2.0685 I0.0073 J-0.0239 F50.
G2 X2.5729 Y-2.1141 I-0.1827 J-0.0047
G3 X2.5824 Y-2.177 I0.0942 J-0.0179
X2.6432 Y-2.2517 I0.179 J0.0836
X2.7449 Y-2.3067 I0.2072 J0.2616
X2.8747 Y-2.3328 I0.1605 J0.4621
X3.1476 Y-2.292 I0.0425 J0.648
X3.219 Y-2.2477 I-0.0944 J0.2318
X3.2343 Y-2.1654 I-0.0502 J0.0519
G2 X3.2179 Y-2.1143 I0.1985 J0.092
G1 X3.2165 Y-2.1106
X3.2146 Y-2.1073
X3.2121 Y-2.1042
X3.2093 Y-2.1016
X3.2061 Y-2.0995
X3.2025 Y-2.0978
X3.1988 Y-2.0968
X3.195 Y-2.0963
X3.1937 F300.
X2.5968 Y-2.0961
X2.5962
X2.5955
G3 X2.5728 Y-2.1141 I0.0013 J-0.025 F50.
G1 X2.5685 Y-2.1311
X2.5623 Y-2.1506
X2.5602 Y-2.1565
G3 X2.5619 Y-2.2186 I0.0886 J-0.0287
X2.6105 Y-2.2958 I0.1778 J0.0583
X2.6983 Y-2.3578 I0.2203 J0.2185
X2.8159 Y-2.3964 I0.199 J0.4075
X3.032 Y-2.3984 I0.1138 J0.6262
X3.1599 Y-2.3641 I-0.0734 J0.5292
X3.237 Y-2.3171 I-0.1052 J0.2591
X3.2706 Y-2.2747 I-0.0956 J0.1102
X3.2579 Y-2.1981 I-0.0665 J0.0283
G1 X3.2547 Y-2.1946
G3 X3.2384 Y-2.187 I-0.018 J-0.0174
G1 X3.2259 Y-2.1862
X2.5864 Y-2.1439 F300.
X2.5838 Y-2.1437 F50.
G3 X2.5602 Y-2.1565 I-0.0017 J-0.0249
G1 X2.5507 Y-2.1753
X2.545 Y-2.1835
G3 X2.5325 Y-2.2399 I0.0672 J-0.0445
X2.567 Y-2.327 I0.1689 J0.0166
X2.6375 Y-2.3959 I0.2284 J0.1631
X2.7374 Y-2.4471 I0.2366 J0.3386
X2.8755 Y-2.4769 I0.1824 J0.5112
X3.1262 Y-2.4532 I0.0613 J0.691
X3.2274 Y-2.4084 I-0.1193 J0.4062
X3.2985 Y-2.3436 I-0.1284 J0.2125
X3.3193 Y-2.3002 I-0.1041 J0.0765
X3.2915 Y-2.2301 I-0.0703 J0.0127
G2 X3.2579 Y-2.1981 I0.2026 J0.2466
G3 X3.2405 Y-2.1905 I-0.018 J-0.0174
G1 X3.229 Y-2.1902
X2.573 Y-2.1743 F300.
X2.5652 Y-2.1741 F50.
G3 X2.545 Y-2.1835 I-0.0006 J-0.025
G2 X2.5209 Y-2.2102 I-0.1669 J0.1264
G3 X2.5005 Y-2.2646 I0.0618 J-0.0542
X2.5218 Y-2.3542 I0.1664 J-0.0078
X2.5961 Y-2.444 I0.249 J0.1305
X2.6927 Y-2.5034 I0.2618 J0.3171
X2.8644 Y-2.5488 I0.2259 J0.508
X3.1507 Y-2.5223 I0.0785 J0.7116
X3.2598 Y-2.471 I-0.1445 J0.449
X3.3438 Y-2.3908 I-0.1626 J0.2544
X3.3706 Y-2.3261 I-0.1508 J0.1005
X3.3248 Y-2.2485 I-0.0708 J0.0105
G1 X3.3216 Y-2.2476
X3.3183 Y-2.2472
X3.294 Y-2.2459
X2.5501 Y-2.2042 F300.
X2.5393 Y-2.2036 F50.
G3 X2.5209 Y-2.2103 I-0.0014 J-0.025
G2 X2.4952 Y-2.2329 I-0.1473 J0.1413
G3 X2.4624 Y-2.288 I0.0479 J-0.0658
X2.4726 Y-2.3821 I0.1624 J-0.0299
X2.5506 Y-2.4944 I0.2672 J0.1023
X2.703 Y-2.5877 I0.3061 J0.3288
X2.9437 Y-2.6309 I0.234 J0.611
X3.2189 Y-2.5792 I0.0136 J0.6859
X3.3536 Y-2.4905 I-0.1883 J0.4325
X3.4201 Y-2.3916 I-0.2115 J0.214
X3.4306 Y-2.32 I-0.1752 J0.0622
X3.3737 Y-2.2615 I-0.0645 J-0.0058
G2 X3.3248 Y-2.2485 I0.0679 J0.3531
G1 X3.3212 Y-2.2476
X3.3175 Y-2.2472
X3.294 Y-2.2467
X2.5253 Y-2.229 F300.
X2.5095 Y-2.2287 F50.
G3 X2.4952 Y-2.2328 I-0.0006 J-0.025
G2 X2.4661 Y-2.248 I-0.067 J0.0928
G3 X2.4284 Y-2.2887 I0.0316 J-0.0672
X2.4188 Y-2.3851 I0.1435 J-0.0628
X2.4598 Y-2.4859 I0.2558 J0.0451
X2.5953 Y-2.6133 I0.3409 J0.2271
G1 X2.6108 Y-2.6226
X2.6188 Y-2.6268
G3 X2.6473 Y-2.6218 I0.0108 J0.0226
X2.6522 Y-2.5937 I-0.0178 J0.0176 F300.
G1 X2.4975 Y-2.2609
X2.4959 Y-2.2581
X2.4941 Y-2.2555
G3 X2.4661 Y-2.248 I-0.0193 J-0.0159 F50.
G1 X2.4616 Y-2.2498
X2.4534 Y-2.2526
X2.4354 Y-2.2575
G3 X2.382 Y-2.3023 I0.0214 J-0.0795
X2.363 Y-2.3891 I0.1406 J-0.0763
X2.402 Y-2.5199 I0.2717 J0.0097
X2.4713 Y-2.6098 I0.3283 J0.1814
G2 X2.458 Y-2.72 I-0.0522 J-0.0496
G1 X2.4262 Y-2.7375
G2 X2.2462 Y-2.7535 I-0.1935 J1.1524
X1.8483 Y-2.757 I-0.3147 J13.2223
G1 X1.5588 Y-2.7571
X1.0161 Y-2.7572
X0.9799
G2 X0.6906 Y-2.7637 I-0.2452 J4.4245
G1 X0.6182 Y-2.7642
X0.5097 Y-2.7644
X0.3287
X0.2927 Y-2.7617
X0.2586 Y-2.7496
X0.2285 Y-2.7296
X0.2031 Y-2.7037
X0.1825 Y-2.674
X0.1662 Y-2.6417
X0.1535 Y-2.6078
G2 X0.1267 Y-2.4659 I0.6481 J0.1956
G1 X0.1235 Y-2.4298
X0.1212 Y-2.3937
X0.1188 Y-2.3576
X0.1158 Y-2.3332
X0.1122 Y-2.3147
G3 X0.0582 Y-2.2599 I-0.0704 J-0.0153
G1 X0.0543 Y-2.259
X0.0379 Y-2.2547
X0.0296 Y-2.2524
G3 X0.0028 Y-2.2633 I-0.0058 J-0.0243
G1 X0.0006 Y-2.2666 Z0.3103
X-0.0014 Y-2.2698 Z0.3112
X-0.0034 Y-2.2728 Z0.3127
X-0.0052 Y-2.2757 Z0.3148
X-0.0068 Y-2.2782 Z0.3173
X-0.0081 Y-2.2803 Z0.3203
X-0.0092 Y-2.282 Z0.3237
X-0.0101 Y-2.2833 Z0.3273
X-0.0106 Y-2.2841 Z0.3311
X-0.0107 Y-2.2843 Z0.335
G0 Z0.69
X0.3942 Y-1.4714
Z0.36
G1 Z0.335 F50.
X0.3941 Y-1.4717 Z0.3311
X0.3936 Y-1.4725 Z0.3273
X0.3929 Y-1.4738 Z0.3237
X0.3918 Y-1.4755 Z0.3203
X0.3905 Y-1.4777 Z0.3173
X0.389 Y-1.4803 Z0.3148
X0.3873 Y-1.4831 Z0.3127
X0.3854 Y-1.4863 Z0.3112
X0.3835 Y-1.4895 Z0.3103
X0.3815 Y-1.4929 Z0.31
G3 X0.3728 Y-1.5226 I0.0536 J-0.0318
G1 Y-1.5636
G3 X0.4012 Y-1.6276 I0.0875 J0.0007
X0.4902 Y-1.6741 I0.1186 J0.1184
X0.6323 Y-1.6664 I0.0569 J0.266
X0.7955 Y-1.569 I-0.1136 J0.3755
X0.933 Y-1.3403 I-0.3557 J0.3696
X0.8447 Y-0.824 I-0.5602 J0.1699
G2 X0.8563 Y-0.7332 I0.0596 J0.0386
G1 X0.8842 Y-0.7102
G3 X0.9755 Y-0.6682 I-0.1778 J0.5067
X1.0069 Y-0.6219 I-0.0412 J0.0616
G1 X1.0083 Y-0.6077
Y-0.5199
G3 X0.9906 Y-0.4969 I-0.025 J-0.0009
X0.9663 Y-0.5024 I-0.0074 J-0.0239 F300.
G1 X0.7855 Y-0.6427
X0.7514 Y-0.6965
X0.3814 Y-1.534
X0.3812 Y-1.5345 F50.
X0.3728 Y-1.5636
Y-1.6166
G3 X0.4018 Y-1.6789 I0.0944 J0.0061
X0.4876 Y-1.7296 I0.1308 J0.1234
X0.6263 Y-1.7347 I0.0797 J0.2786
X0.7542 Y-1.6871 I-0.0729 J0.3912
X0.8839 Y-1.5797 I-0.249 J0.4328
X1.004 Y-1.3589 I-0.4506 J0.388
X0.9804 Y-0.916 I-0.6302 J0.1885
G1 X0.9746 Y-0.8803
X0.9815 Y-0.8448
X0.9953 Y-0.8114
G3 X1.0083 Y-0.7693 I-0.0681 J0.0441
G1 Y-0.6077
G3 X0.9906 Y-0.5847 I-0.025 J-0.0009
X0.9617 Y-0.596 I-0.0074 J-0.0239 F300.
G1 X0.3855 Y-1.5888
X0.3761 Y-1.605 F50.
G3 X0.3728 Y-1.6166 I0.0216 J-0.0125
G1 Y-1.6659
G3 X0.4007 Y-1.7314 I0.1002 J0.0041
X0.4901 Y-1.7883 I0.1437 J0.1269
X0.6138 Y-1.8021 I0.0946 J0.287
X0.7808 Y-1.7523 I-0.037 J0.4286
X0.9225 Y-1.6446 I-0.2527 J0.4796
X1.0565 Y-1.4316 I-0.4642 J0.4408
X1.0907 Y-1.0258 I-0.6712 J0.261
G1 X1.0877 Y-1.0153
X1.0832 Y-1.0055
X1.0773 Y-0.9964
X1.0614 Y-0.9758
G2 X1.0435 Y-0.943 I0.1285 J0.0915
X1.0203 Y-0.8855 I0.8095 J0.3596
X1.008 Y-0.7693 I0.545 J0.1164
G1 X1.0076 Y-0.7655
X1.0066 Y-0.7617
X1.0051 Y-0.7582
X1.003 Y-0.755
X1.0005 Y-0.7521
X0.9975 Y-0.7497
X0.9942 Y-0.7477
X0.9906 Y-0.7462
G3 X0.9624 Y-0.7565 I-0.0074 J-0.0239 F300.
G1 X0.3863 Y-1.6386
X0.3768 Y-1.6531 F50.
G3 X0.3728 Y-1.6659 I0.0209 J-0.0137
G1 Y-1.7234
G3 X0.4045 Y-1.792 I0.1078 J0.0082
X0.4864 Y-1.8468 I0.1497 J0.1353
X0.6168 Y-1.8676 I0.1147 J0.2994
X0.765 Y-1.8368 I-0.0148 J0.4424
X0.9473 Y-1.7222 I-0.2071 J0.5319
G1 X0.9734 Y-1.697
X0.9907 Y-1.6782
G3 X1.0093 Y-1.6368 I-0.0527 J0.0486
G2 X1.019 Y-1.5673 I0.825 J-0.0798
X1.0485 Y-1.4927 I0.5838 J-0.1877
G1 X1.0578 Y-1.477
G2 X1.1023 Y-1.4195 I0.5476 J-0.3781
G3 X1.1634 Y-1.2952 I-0.2319 J0.191
X1.1805 Y-1.1227 I-0.5369 J0.1406
X1.1524 Y-1.0686 I-0.0694 J-0.0018
G2 X1.0997 Y-1.0253 I0.2396 J0.3455
G1 X1.0868 Y-1.0087
X1.0773 Y-0.9964
G3 X1.0493 Y-0.9889 I-0.0193 J-0.0159
X1.0331 Y-1.014 I0.0088 J-0.0234 F300.
G1 X1.0591 Y-1.4041
G3 X1.0739 Y-1.4253 I0.0249 J0.0017
X1.1023 Y-1.4195 I0.0101 J0.0229 F50.
G1 X1.106 Y-1.4152
G2 X1.1633 Y-1.3702 I0.5092 J-0.5896
G1 X1.1725 Y-1.3625
G2 X1.223 Y-1.3392 I0.0535 J-0.0497
G1 X1.2282 Y-1.3383
X1.2334 Y-1.337
X1.2384 Y-1.3353
G3 X1.2539 Y-1.3108 I-0.0095 J0.0231
X1.2195 Y-1.2891 I-0.025 J-0.0014 F300.
X1.1563 Y-1.3503 I0.0447 J-0.1093
X1.1519 Y-1.3617 I0.1079 J-0.0481 F50.
X1.1633 Y-1.3702 I0.0071 J-0.0023
G1 X1.1717 Y-1.3646
X1.1881 Y-1.3558
G2 X1.2538 Y-1.3298 I0.4686 J-1.0896
X1.336 Y-1.3322 I0.0369 J-0.1436
G1 X1.3607 Y-1.3391
G2 X1.4102 Y-1.3701 I-0.0499 J-0.1349
G1 X1.4267 Y-1.3866
X1.4346 Y-1.395
G3 X1.5572 Y-1.4962 I0.3449 J0.2933
X1.7601 Y-1.5708 I0.3295 J0.5828
X2.0876 Y-1.5694 I0.1605 J0.7788
X2.136 Y-1.5274 I-0.0185 J0.0703
G2 X2.1575 Y-1.4803 I0.3178 J-0.1164
G1 X2.1659 Y-1.4683
X2.178 Y-1.4526
G3 X2.1782 Y-1.4236 I-0.0203 J0.0146
X2.1598 Y-1.4131 I-0.0205 J-0.0144 F300.
G1 X1.4565 Y-1.3548
G3 X1.4335 Y-1.3661 I-0.0021 J-0.0249
X1.4346 Y-1.395 I0.0209 J-0.0137 F50.
G2 X1.4593 Y-1.4353 I-0.1021 J-0.0901
G1 X1.4669 Y-1.4605
G3 X1.509 Y-1.5253 I0.1525 J0.0532
X1.5812 Y-1.5803 I0.2297 J0.2262
X1.7103 Y-1.6336 I0.2683 J0.4669
X2.0491 Y-1.6517 I0.2115 J0.7813
G1 X2.0667 Y-1.647
G3 X2.1177 Y-1.5893 I-0.02 J0.069
G2 X2.1361 Y-1.5275 I0.1982 J-0.0255
G1 X2.1372 Y-1.5238
X2.1377 Y-1.5199
X2.1376 Y-1.516
X2.1369 Y-1.5122
X2.1356 Y-1.5086
X2.1337 Y-1.5052
X2.1314 Y-1.5021
X2.1286 Y-1.4994
G3 X2.1151 Y-1.4937 I-0.016 J-0.0192 F300.
G1 X1.4939 Y-1.4306
G3 X1.4785 Y-1.434 I-0.0025 J-0.0249
X1.4669 Y-1.4605 I0.0128 J-0.0215 F50.
G1 X1.4729 Y-1.4852
X1.4751 Y-1.5098
Y-1.5112
G3 X1.4979 Y-1.5729 I0.118 J0.0085
X1.5563 Y-1.6335 I0.1994 J0.1338
X1.6565 Y-1.6889 I0.2525 J0.3378
X1.8319 Y-1.7309 I0.2417 J0.6229
X2.0046 Y-1.7322 I0.0922 J0.7826
X2.0647 Y-1.7173 I-0.0331 J0.2631
X2.1107 Y-1.6505 I-0.0259 J0.0671
G2 X2.1177 Y-1.5893 I0.6607 J-0.0442
G3 X2.1039 Y-1.5638 I-0.0248 J0.0031
G1 X2.1013 Y-1.5627 F300.
X2.0987 Y-1.5619
X2.0959 Y-1.5615
X1.5032 Y-1.4873
G3 X1.4927 Y-1.4882 I-0.0031 J-0.0248
X1.4751 Y-1.5112 I0.0074 J-0.0239 F50.
G1 Y-1.5756
G3 X1.5053 Y-1.6525 I0.1367 J0.0093
X1.5731 Y-1.7171 I0.214 J0.1564
G1 X1.5941 Y-1.7309
G3 X1.7176 Y-1.783 I0.2578 J0.4379
X1.9952 Y-1.8067 I0.2013 J0.7217
X2.0698 Y-1.7851 I-0.0383 J0.2714
X2.1107 Y-1.7202 I-0.0314 J0.0652
G1 X2.1106 Y-1.6659
X2.1107 Y-1.6505
G3 X2.0931 Y-1.6275 I-0.025 J-0.0008
G1 X2.091 Y-1.6269 F300.
X2.0889 Y-1.6265
X1.5033 Y-1.5516
G3 X1.4927 Y-1.5525 I-0.0032 J-0.0248
X1.4751 Y-1.5756 I0.0074 J-0.0239 F50.
G1 Y-1.6413
G3 X1.5054 Y-1.7239 I0.1398 J0.0043
X1.5736 Y-1.79 I0.217 J0.1558
G1 X1.5948 Y-1.804
G3 X1.7171 Y-1.8566 I0.2585 J0.4329
X1.9646 Y-1.8831 I0.1993 J0.6929
X2.0508 Y-1.8645 I-0.0304 J0.3514
X2.092 Y-1.8398 I-0.0332 J0.1021
X2.1106 Y-1.7914 I-0.0543 J0.0487
G1 Y-1.7202
G3 X2.093 Y-1.6971 I-0.025 J-0.0009
G1 X2.091 Y-1.6966 F300.
X2.089 Y-1.6963
X1.5034 Y-1.6174
G3 X1.4927 Y-1.6183 I-0.0033 J-0.0248
X1.4751 Y-1.6413 I0.0074 J-0.0239 F50.
G1 Y-1.7152
G3 X1.5058 Y-1.797 I0.1421 J0.0066
X1.5747 Y-1.8638 I0.2195 J0.1575
G1 X1.5965 Y-1.8782
G3 X1.719 Y-1.9309 I0.2596 J0.435
X1.9335 Y-1.9582 I0.1942 J0.6706
G1 X1.9666 Y-1.9556
G3 X2.0531 Y-1.9357 I-0.0323 J0.3382
X2.0925 Y-1.9112 I-0.0334 J0.0976
X2.1106 Y-1.8634 I-0.0547 J0.0481
G1 Y-1.7914
G3 X2.093 Y-1.7684 I-0.025 J-0.0009
G1 X2.091 Y-1.7679 F300.
X2.0889 Y-1.7675
X1.5033 Y-1.6913
G3 X1.4927 Y-1.6922 I-0.0032 J-0.0248
X1.4751 Y-1.7152 I0.0074 J-0.0239 F50.
G1 Y-1.7892
G3 X1.506 Y-1.8704 I0.1435 J0.0081
X1.5756 Y-1.9378 I0.2218 J0.1593
G1 X1.5974 Y-1.9522
G3 X1.7204 Y-2.0052 I0.261 J0.437
X1.9679 Y-2.0287 I0.1843 J0.6263
X2.0546 Y-2.0076 I-0.0408 J0.3563
X2.0928 Y-1.9832 I-0.0339 J0.0952
X2.1106 Y-1.9357 I-0.0549 J0.0477
G1 Y-1.8634
G3 X2.093 Y-1.8403 I-0.025 J-0.0009
G1 X2.0909 Y-1.8398 F300.
X2.0888 Y-1.8394
X1.5032 Y-1.7652
G3 X1.4927 Y-1.7661 I-0.0031 J-0.0248
X1.4751 Y-1.7892 I0.0074 J-0.0239 F50.
G1 Y-1.8631
G3 X1.5062 Y-1.944 I0.1446 J0.0092
X1.5762 Y-2.0118 I0.2236 J0.1608
X1.6869 Y-2.0682 I0.2601 J0.3739
X1.9687 Y-2.1015 I0.2143 J0.6033
X2.0555 Y-2.0798 I-0.0427 J0.3553
X2.093 Y-2.0555 I-0.0338 J0.0933
X2.1106 Y-2.0084 I-0.0551 J0.0474
G1 Y-1.9357
G3 X2.093 Y-1.9127 I-0.025 J-0.0009
G1 X2.0909 Y-1.9122 F300.
X2.0887 Y-1.9118
X1.5032 Y-1.8392
G3 X1.4927 Y-1.8401 I-0.0031 J-0.0248
X1.4751 Y-1.8631 I0.0074 J-0.0239 F50.
G1 Y-1.937
G3 X1.5068 Y-2.0184 I0.1457 J0.0099
X1.5778 Y-2.0866 I0.225 J0.1631
X1.6891 Y-2.1428 I0.2593 J0.3756
X1.9711 Y-2.1743 I0.2096 J0.5981
X2.0571 Y-2.152 I-0.0449 J0.3509
X2.0941 Y-2.1272 I-0.0333 J0.0897
X2.1107 Y-2.0781 I-0.0559 J0.0463
G1 Y-2.0767
X2.1106 Y-2.0084
G3 X2.093 Y-1.9853 I-0.025 J-0.0009
G1 X2.0909 Y-1.9848 F300.
X2.0887 Y-1.9844
X1.5031 Y-1.9131
G3 X1.4927 Y-1.914 I-0.003 J-0.0248
X1.4751 Y-1.937 I0.0074 J-0.0239 F50.
G1 Y-2.011
G3 X1.4992 Y-2.0809 I0.1381 J0.0084
X1.5791 Y-2.1612 I0.2298 J0.1489
G1 X1.6013 Y-2.1757
G3 X1.725 Y-2.2279 I0.2573 J0.4375
X1.9724 Y-2.2471 I0.1717 J0.6068
X2.0579 Y-2.2246 I-0.0463 J0.3487
X2.0992 Y-2.1998 I-0.0608 J0.1481
X2.119 Y-2.1284 I-0.0496 J0.0522
G2 X2.1107 Y-2.0781 I0.1738 J0.0545
G3 X2.0922 Y-2.0558 I-0.0249 J-0.0019
G1 X2.0887 Y-2.0552 F300.
X1.503 Y-1.987
G3 X1.4927 Y-1.988 I-0.0029 J-0.0248
X1.4751 Y-2.011 I0.0074 J-0.0239 F50.
G1 Y-2.0767
X1.4749 Y-2.0812
G3 X1.5029 Y-2.1604 I0.1388 J0.0045
X1.5678 Y-2.227 I0.218 J0.1475
X1.6717 Y-2.2838 I0.2592 J0.3505
X1.9553 Y-2.3221 I0.2235 J0.587
X2.0562 Y-2.2989 I-0.0369 J0.3921
X2.1215 Y-2.2594 I-0.0744 J0.1966
X2.1356 Y-2.1714 I-0.0489 J0.0529
G1 X2.133 Y-2.1669
G2 X2.1191 Y-2.1284 I0.1333 J0.0698
G1 X2.1177 Y-2.125
X2.1159 Y-2.1218
X2.1136 Y-2.1189
X2.1109 Y-2.1164
X2.1078 Y-2.1143
X2.1045 Y-2.1127
X2.101 Y-2.1116
X2.0974 Y-2.1111
X2.0959 Y-2.1109
X1.502 Y-2.0582 F300.
X1.4992 Y-2.0581
X1.4963 Y-2.0584
X1.4935 Y-2.059
G3 X1.4749 Y-2.0812 I0.0064 J-0.0242 F50.
G2 X1.4675 Y-2.1257 I-0.1752 J0.0063
G3 X1.4765 Y-2.2016 I0.1089 J-0.0255
X1.5419 Y-2.2863 I0.2096 J0.0944
X1.6821 Y-2.3653 I0.2714 J0.3173
X1.9954 Y-2.3937 I0.2108 J0.5835
X2.1132 Y-2.3509 I-0.0702 J0.3764
X2.1376 Y-2.3333 I-0.2294 J0.3436
G1 X2.1652 Y-2.31
G3 X2.186 Y-2.2565 I-0.0616 J0.0546
X2.1649 Y-2.2079 I-0.0728 J-0.0027
G1 X2.1576 Y-2.2007
G3 X2.1439 Y-2.1942 I-0.017 J-0.0183
G1 X2.1286 Y-2.1921
X1.4948 Y-2.1079 F300.
X1.4925 Y-2.1077
X1.4902
G3 X1.4675 Y-2.1257 I0.0013 J-0.025 F50.
G1 X1.4651 Y-2.1342
X1.4593 Y-2.1526
X1.457 Y-2.1589
X1.4527 Y-2.1671
G3 X1.4469 Y-2.2371 I0.0845 J-0.0423
X1.4872 Y-2.3166 I0.186 J0.0444
X1.6032 Y-2.4099 I0.2738 J0.2215
X1.7844 Y-2.4704 I0.2661 J0.4955
X2.0403 Y-2.4615 I0.1075 J0.5919
X2.1211 Y-2.4295 I-0.1317 J0.4502
G2 X2.1654 Y-2.4254 I0.0282 J-0.0643
G1 X2.1827 Y-2.4306
X2.2138 Y-2.4492
X2.2412 Y-2.4728
X2.2659 Y-2.4992
G2 X2.2878 Y-2.561 I-0.0519 J-0.0532
X2.262 Y-2.6074 I-0.0717 J0.0096
G1 X2.2326 Y-2.6284
X2.1984 Y-2.6401
G2 X2.0556 Y-2.6622 I-0.1789 J0.6847
X1.8025 Y-2.669 I-0.2283 J3.7748
X1.4406 Y-2.6699 I-0.273 J38.8524
G1 X1.4045
G2 X1.1151 Y-2.6765 I-0.2453 J4.4168
G3 X0.8619 Y-2.682 I0.1325 J-11.9573
G2 X0.4277 Y-2.6843 I-0.3715 J28.7706
G1 X0.3916 Y-2.6832
X0.3566 Y-2.674
X0.3249 Y-2.6566
X0.2975 Y-2.6329
X0.2747 Y-2.6048
X0.2563 Y-2.5736
X0.2418 Y-2.5405
X0.2304 Y-2.5062
X0.2216 Y-2.4711
X0.2147 Y-2.4355
X0.2085 Y-2.3999
X0.2019 Y-2.3643
G3 X0.1824 Y-2.3046 I-0.2692 J-0.055
X0.1177 Y-2.264 I-0.0648 J-0.0314
G2 X0.0582 Y-2.2601 I-0.0129 J0.259
G1 X0.0544 Y-2.2596
X0.0505 Y-2.2597
X0.0468 Y-2.2605
X0.0431 Y-2.2617
X0.0397 Y-2.2636
X0.0367 Y-2.2659
X0.034 Y-2.2687
X0.0318 Y-2.2719
X0.0298 Y-2.2753 Z0.3103
X0.0279 Y-2.2786 Z0.3112
X0.0261 Y-2.2817 Z0.3127
X0.0244 Y-2.2846 Z0.3148
X0.0229 Y-2.2872 Z0.3173
X0.0216 Y-2.2894 Z0.3203
X0.0206 Y-2.2911 Z0.3237
X0.0198 Y-2.2924 Z0.3273
X0.0194 Y-2.2932 Z0.3311
X0.0192 Y-2.2935 Z0.335
G0 Z0.69
X0.3942 Y-1.6723
Z0.36
G1 Z0.335 F50.
X0.3941 Y-1.6725 Z0.3311
X0.3936 Y-1.6733 Z0.3273
X0.3929 Y-1.6746 Z0.3237
X0.3918 Y-1.6764 Z0.3203
X0.3905 Y-1.6786 Z0.3173
X0.389 Y-1.6811 Z0.3148
X0.3873 Y-1.684 Z0.3127
X0.3854 Y-1.6871 Z0.3112
X0.3835 Y-1.6904 Z0.3103
X0.3815 Y-1.6938 Z0.31
G3 X0.3728 Y-1.7234 I0.0536 J-0.0318
G1 Y-1.7772
G3 X0.4027 Y-1.8485 I0.1111 J0.0048
X0.4858 Y-1.9078 I0.1597 J0.1358
X0.6228 Y-1.9341 I0.1311 J0.3136
X0.748 Y-1.9168 I0.0006 J0.4589
X0.9417 Y-1.8214 I-0.1611 J0.5715
G1 X0.9704 Y-1.7994
X0.9836 Y-1.7878
G3 X1.0083 Y-1.7338 I-0.047 J0.0541
G1 Y-1.6659
Y-1.6495
X1.0089 Y-1.6413
X1.0093 Y-1.6368
G3 X0.9941 Y-1.6121 I-0.0249 J0.0016
X0.9785 Y-1.6108 I-0.0097 J-0.023 F300.
G1 X0.3918 Y-1.7538
X0.3911 Y-1.754
X0.3904 Y-1.7542
G3 X0.3728 Y-1.7772 I0.0074 J-0.0239 F50.
G1 Y-1.8385
G3 X0.4046 Y-1.9111 I0.1167 J0.0078
X0.4944 Y-1.9742 I0.1701 J0.1466
X0.613 Y-2.0009 I0.1361 J0.3277
X0.7445 Y-1.9907 I0.0284 J0.4853
X0.9442 Y-1.9083 I-0.1303 J0.5991
G1 X0.9707 Y-1.8909
X0.9801 Y-1.8837
G3 X1.0083 Y-1.8268 I-0.0435 J0.057
G1 Y-1.7338
G3 X0.9906 Y-1.7107 I-0.025 J-0.0009
X0.9789 Y-1.71 I-0.0074 J-0.0239 F300.
G1 X0.3933 Y-1.8147
X0.3904 Y-1.8154
G3 X0.3728 Y-1.8385 I0.0074 J-0.0239 F50.
G1 Y-1.896
G3 X0.4048 Y-1.9733 I0.1199 J0.0045
X0.4785 Y-2.0308 I0.1695 J0.1409
X0.5924 Y-2.066 I0.1586 J0.3118
X0.7605 Y-2.0604 I0.0678 J0.4964
X0.9793 Y-1.9721 I-0.1227 J0.6186
X1.0083 Y-1.9141 I-0.0447 J0.0587
G1 Y-1.8268
G3 X0.9906 Y-1.8038 I-0.025 J-0.0009
X0.9803 Y-1.8028 I-0.0074 J-0.0239 F300.
G1 X0.3948 Y-1.872
X0.3926 Y-1.8724
X0.3904 Y-1.8729
G3 X0.3728 Y-1.896 I0.0074 J-0.0239 F50.
G1 Y-1.9617
G3 X0.3987 Y-2.029 I0.1185 J0.007
X0.4669 Y-2.0893 I0.1749 J0.1293
X0.578 Y-2.1309 I0.176 J0.3003
X0.7106 Y-2.1391 I0.0963 J0.4811
X0.966 Y-2.0642 I-0.0471 J0.6331
G1 X0.9753 Y-2.0579
G3 X1.0083 Y-1.9976 I-0.0387 J0.0603
G1 Y-1.9141
G3 X0.9906 Y-1.8911 I-0.025 J-0.0009
G1 X0.9876 Y-1.8903 F300.
X0.9844 Y-1.89
X0.9813
X0.3957 Y-1.9376
X0.393 Y-1.938
X0.3904 Y-1.9387
G3 X0.3728 Y-1.9617 I0.0074 J-0.0239 F50.
G1 Y-2.0237
G3 X0.3988 Y-2.0935 I0.1209 J0.0053
X0.4685 Y-2.1559 I0.1808 J0.1318
X0.5837 Y-2.2001 I0.1855 J0.3113
X0.7575 Y-2.2068 I0.1067 J0.5134
X0.9523 Y-2.1522 I-0.0761 J0.6467
G1 X0.9682 Y-2.1433
G3 X1.0003 Y-2.1121 I-0.035 J0.0678
G1 X1.005 Y-2.1008
X1.0077 Y-2.0889
X1.0083 Y-2.0767
Y-1.9976
G3 X0.9906 Y-1.9746 I-0.025 J-0.0009
G1 X0.9879 Y-1.9739 F300.
X0.985 Y-1.9735
X0.9822
X0.3966 Y-1.9996
X0.3935 Y-2.
X0.3904 Y-2.0007
G3 X0.3728 Y-2.0237 I0.0074 J-0.0239 F50.
G1 X0.3727 Y-2.0767
X0.3724 Y-2.0849
G3 X0.3938 Y-2.1523 I0.1123 J-0.0013
X0.4581 Y-2.216 I0.1804 J0.1175
X0.5699 Y-2.2656 I0.1987 J0.2976
X0.7057 Y-2.2821 I0.1288 J0.4911
X0.9419 Y-2.2359 I-0.0056 J0.6554
X0.9914 Y-2.2075 I-0.1084 J0.2465
X1.0174 Y-2.1309 I-0.0434 J0.0574
G2 X1.0083 Y-2.0767 I0.175 J0.0572
G3 X0.9898 Y-2.0544 I-0.0249 J-0.0018
G1 X0.9864 Y-2.0537 F300.
X0.9829 Y-2.0535
X0.3967 Y-2.0635
X0.3945 Y-2.0636
X0.3924 Y-2.0639
G3 X0.3724 Y-2.0849 I0.0048 J-0.0245 F50.
G2 X0.3508 Y-2.1671 I-0.2473 J0.021
X0.3006 Y-2.2245 I-0.1829 J0.1095
X0.235 Y-2.2559 I-0.0877 J0.0991
X0.1857 Y-2.2639 I-0.0503 J0.1527
G1 X0.1365 Y-2.264
X0.1177
G3 X0.0947 Y-2.2816 I0.0009 J-0.025
G1 X0.0935 Y-2.2853 Z0.3103
X0.0924 Y-2.289 Z0.3112
X0.0913 Y-2.2924 Z0.3127
X0.0904 Y-2.2956 Z0.3148
X0.0895 Y-2.2985 Z0.3173
X0.0887 Y-2.3009 Z0.3203
X0.0881 Y-2.3029 Z0.3237
X0.0877 Y-2.3043 Z0.3273
X0.0874 Y-2.3052 Z0.3311
X0.0873 Y-2.3055 Z0.335
G0 Z0.69
X1.4965 Y-2.1331
Z0.36
G1 Z0.335 F50.
X1.4963 Y-2.1332 Z0.3311
X1.4955 Y-2.1337 Z0.3273
X1.4942 Y-2.1344 Z0.3237
X1.4924 Y-2.1354 Z0.3203
X1.4902 Y-2.1367 Z0.3173
X1.4876 Y-2.1382 Z0.3148
X1.4847 Y-2.1399 Z0.3127
X1.4815 Y-2.1417 Z0.3112
X1.4782 Y-2.1436 Z0.3103
X1.4748 Y-2.1455 Z0.31
G3 X1.4527 Y-2.1671 I0.031 J-0.054
G2 X1.4314 Y-2.197 I-0.1242 J0.066
G3 X1.4119 Y-2.2642 I0.069 J-0.0565
X1.4391 Y-2.349 I0.1781 J0.0104
X1.5264 Y-2.4447 I0.2708 J0.1594
G2 X1.5543 Y-2.5041 I-0.0469 J-0.0582
X1.5108 Y-2.5678 I-0.0721 J0.0025
G1 X1.4767 Y-2.5799
G2 X1.0788 Y-2.5896 I-0.4105 J8.6767
X0.5 Y-2.5968 I-0.5409 J20.199
G1 X0.4641 Y-2.5923
X0.4303 Y-2.5792
X0.4005 Y-2.5587
X0.3753 Y-2.5328
X0.3545 Y-2.5032
X0.3375 Y-2.4712
X0.333 Y-2.4537
X0.3322 Y-2.4356
G2 X0.3677 Y-2.376 I0.0716 J-0.0022
G1 X0.4 Y-2.3597
X0.4359 Y-2.3551
X0.472 Y-2.3544
X0.5082 Y-2.356
X0.5443 Y-2.3587
X0.5803 Y-2.3616
G3 X0.848 Y-2.3469 I0.0811 J0.9683
X0.9673 Y-2.3073 I-0.1203 J0.5612
X1.0276 Y-2.2644 I-0.115 J0.2256
X1.035 Y-2.1753 I-0.0505 J0.0491
G2 X1.0174 Y-2.1309 I0.1419 J0.0821
G1 X1.0159 Y-2.1274
X1.014 Y-2.124
X1.0115 Y-2.1211
X1.0086 Y-2.1185
X1.0053 Y-2.1164
X1.0018 Y-2.1149
X0.998 Y-2.1139
X0.9942 Y-2.1135
X0.9903 Y-2.1134 Z0.3103
X0.9865 Y-2.1133 Z0.3112
X0.9829 Y-2.1132 Z0.3127
X0.9795 Y-2.1131 Z0.3148
X0.9765 Y-2.113 Z0.3173
X0.974 Z0.3203
X0.9719 Y-2.1129 Z0.3237
X0.9704 Z0.3273
X0.9695 Y-2.1128 Z0.3311
X0.9692 Z0.335
G0 Z0.69
X1.4813 Y-2.1728
Z0.36
G1 Z0.335 F50.
X1.4811 Z0.3311
X1.4802 Y-2.1731 Z0.3273
X1.4788 Y-2.1736 Z0.3237
X1.4768 Y-2.1742 Z0.3203
X1.4744 Y-2.175 Z0.3173
X1.4715 Y-2.1759 Z0.3148
X1.4684 Y-2.177 Z0.3127
X1.4649 Y-2.1781 Z0.3112
X1.4613 Y-2.1792 Z0.3103
X1.4576 Y-2.1805 Z0.31
G3 X1.4314 Y-2.197 I0.0192 J-0.0593
G2 X1.4026 Y-2.2254 I-0.2724 J0.2472
G3 X1.3772 Y-2.278 I0.0578 J-0.0603
X1.3802 Y-2.3395 I0.1474 J-0.0237
G1 X1.381 Y-2.3486
X1.3808 Y-2.3576
X1.3795 Y-2.3665
X1.3745 Y-2.3839
X1.3563 Y-2.4152
X1.33 Y-2.4401
X1.2993 Y-2.4591
X1.266 Y-2.4734
X1.2314 Y-2.4838
G2 X1.0928 Y-2.5036 I-0.1868 J0.8151
X0.9889 Y-2.5096 I-0.1754 J2.1148
G1 X0.9745 Y-2.5156
X0.9665 Y-2.5287
X0.9663 Y-2.529 F300.
X0.968 Y-2.545
X0.9745 Y-2.5536
X1.1029 Y-2.6189
G3 X1.1553 Y-2.6283 I0.0429 J0.0886
G1 X1.2703 Y-2.6083
X1.336 Y-2.5854
X1.3795 Y-2.5614
X1.4346 Y-2.5197
X1.4586 Y-2.4911
G3 X1.4675 Y-2.4794 I-0.0739 J0.0651
G1 X1.4757 Y-2.4649
G3 X1.4912 Y-2.4218 I-0.0823 J0.054
G1 X1.5032 Y-2.2821
G3 X1.4305 Y-2.2128 I-0.0618 J0.0079
X1.4182 Y-2.2164 I0.0109 J-0.0614 F50.
G1 X1.4026 Y-2.2254
G2 X1.3771 Y-2.2424 I-0.1125 J0.1418
G3 X1.3503 Y-2.2657 I0.028 J-0.0591
G1 X1.3296 Y-2.2954
X1.3049 Y-2.3218
X1.2764 Y-2.3441
X1.2686 Y-2.3486
X1.2646 Y-2.3508
X1.2327 Y-2.3678
X1.2158 Y-2.3745
X1.2116 Y-2.376
X1.2073 Y-2.3775
G3 X1.1912 Y-2.4016 I0.0089 J-0.0234
X1.2318 Y-2.4204 I0.025 J0.0008 F300.
G1 X1.4026 Y-2.2848
G3 X1.4055 Y-2.2483 I-0.0155 J0.0196
X1.3771 Y-2.2423 I-0.0184 J-0.0169 F50.
G2 X1.3278 Y-2.2584 I-0.0822 J0.168
G1 X1.3104 Y-2.2634
X1.3017 Y-2.2658
G2 X1.243 Y-2.2654 I-0.0288 J0.0723
G1 X1.2353 Y-2.2644
X1.2275 Y-2.264
G3 X1.2045 Y-2.2816 I0.0009 J-0.025
X1.2298 Y-2.3139 I0.0239 J-0.0074 F300.
G1 X1.3339 Y-2.3081
G3 X1.3542 Y-2.2706 I-0.0014 J0.025
X1.3278 Y-2.2585 I-0.0217 J-0.0125 F50.
G2 X1.2785 Y-2.2639 I-0.0423 J0.16
G1 X1.2046 Y-2.264
X1.1799 Y-2.2633
G2 X1.106 Y-2.2423 I0.0335 J0.2581
X1.0568 Y-2.2019 I0.089 J0.1587
G1 X1.0471 Y-2.1917
X1.0402 Y-2.1828
X1.035 Y-2.1753
X1.012 Y-2.1546
X0.9088 Y-2.0616 F300.
G2 X0.8784 Y-1.9946 I0.068 J0.0712
G1 X0.8809 Y-1.6084
X0.8977 Y-1.518
X0.9416 Y-1.4165
X1.0074 Y-1.3306
X1.0746 Y-1.2739
X1.106 Y-1.2527
G2 X1.1635 Y-1.2378 I0.0523 J-0.0834
G1 X1.3196 Y-1.2387
X1.4593 Y-1.1919
G3 X1.4319 Y-1.0706 I-0.0179 J0.0597
X1.4182 Y-1.0744 I0.0095 J-0.0616 F50.
G1 X1.4037 Y-1.0826
G2 X1.3607 Y-1.1078 I-0.0884 J0.1018
X1.3032 Y-1.1214 I-0.1027 J0.3051
X1.2374 Y-1.1112 I-0.0121 J0.1397
G1 X1.2074 Y-1.0991
X1.1918 Y-1.0927
G3 X1.1639 Y-1.1003 I-0.0087 J-0.0235
X1.1717 Y-1.1383 I0.0193 J-0.0159 F300.
G1 X1.3196 Y-1.2038
X1.41 Y-1.2203
G2 X1.4503 Y-1.2387 I-0.0197 J-0.0964
G1 X1.5114 Y-1.288
X1.5591 Y-1.3455
X2.0939 Y-2.3478
X2.1303 Y-2.3889
X2.1823 Y-2.4258
X2.2398 Y-2.4477
X2.2863 Y-2.4545
X2.3384 Y-2.4532
G3 X2.3823 Y-2.4382 I-0.009 J0.098
G1 X2.4863 Y-2.3679
G3 X2.4659 Y-2.2585 I-0.0377 J0.0496
X2.437 Y-2.2571 I-0.0174 J-0.0598 F50.
G1 X2.4354 Y-2.2575
G2 X2.3795 Y-2.264 I-0.0493 J0.1787
G1 X2.3055
G2 X2.2069 Y-2.2416 I0.0007 J0.2316
G1 X2.1987 Y-2.2393
G3 X2.1784 Y-2.2469 I-0.0022 J-0.0249
X2.1791 Y-2.2821 I0.0181 J-0.0172 F300.
G1 X2.2809 Y-2.3725
G3 X2.3487 Y-2.3957 I0.0636 J0.0751
G1 X2.437 Y-2.3903
X2.5109 Y-2.3705
X2.5687 Y-2.3401
X2.6173 Y-2.2985
X2.6448 Y-2.2657
X3.1543 Y-1.403
X3.2175 Y-1.3252
X3.2915 Y-1.2648
X3.3654 Y-1.2261
X3.423 Y-1.2066
X3.5708 Y-1.2084
G2 X3.6036 Y-1.2141 I-0.0001 J-0.0984
G1 X3.6612 Y-1.2414
X3.7088 Y-1.2798
G2 X3.7434 Y-1.3373 I-0.062 J-0.0765
X3.7223 Y-1.4195 I-0.0966 J-0.019
G1 X3.6852 Y-1.4698
X3.6846 Y-1.4705 F50.
X3.679 Y-1.5
X3.6798 Y-1.5098
Y-1.5345
G3 X3.7076 Y-1.5908 I0.0792 J0.004
X3.7824 Y-1.6304 I0.1055 J0.1087
X3.9177 Y-1.6238 I0.0558 J0.2428
X4.0645 Y-1.5349 I-0.1087 J0.3453
X4.1701 Y-1.3789 I-0.3233 J0.3326
X4.2003 Y-1.0631 I-0.4928 J0.2064
X4.0776 Y-0.818 I-0.508 J-0.1011
X3.9364 Y-0.7135 I-0.3309 J-0.2994
X3.8061 Y-0.6819 I-0.1444 J-0.3106
X3.7229 Y-0.6956 I-0.0077 J-0.2125
X3.6798 Y-0.7614 I0.029 J-0.066
G1 Y-0.8245
X3.6859 Y-0.8399
X3.6971 Y-0.8489
X3.7735 Y-0.9101 F300.
G2 X3.8108 Y-1.0005 I-0.0603 J-0.0778
G1 X3.7756 Y-1.3866
G2 X3.7434 Y-1.4497 I-0.0979 J0.0103
G1 X3.6973 Y-1.4934
G3 X3.6885 Y-1.5049 I0.0448 J-0.0433
G1 X3.6859 Y-1.5098 F50.
X3.6798 Y-1.5345
Y-1.5801
G3 X3.7087 Y-1.6401 I0.0891 J0.0059
X3.7905 Y-1.6863 I0.1209 J0.1182
X3.9197 Y-1.6886 I0.0691 J0.2604
X4.0613 Y-1.6264 I-0.0779 J0.3697
X4.1759 Y-1.5135 I-0.2696 J0.3883
X4.274 Y-1.2825 I-0.4603 J0.3317
X4.1816 Y-0.8331 I-0.5982 J0.1112
X4.0591 Y-0.7041 I-0.4605 J-0.3145
X3.8957 Y-0.6251 I-0.2774 J-0.3654
X3.7677 Y-0.6178 I-0.0827 J-0.3226
X3.7114 Y-0.6369 I0.0235 J-0.1621
X3.6798 Y-0.6965 I0.0411 J-0.0599
G1 Y-0.7614
X3.6876 Y-0.7786
X3.6975 Y-0.7855
X3.768 Y-0.8337 F300.
G2 X3.8091 Y-0.9255 I-0.0567 J-0.0805
G1 X3.7486 Y-1.4359
X3.6898 Y-1.5512
X3.6816 Y-1.5673 F50.
X3.6798 Y-1.5801
Y-1.6294
G3 X3.7096 Y-1.6928 I0.0969 J0.0068
X3.7977 Y-1.7449 I0.1345 J0.127
X3.9172 Y-1.7539 I0.0811 J0.2767
X4.0454 Y-1.7156 I-0.0466 J0.3895
X4.1802 Y-1.6187 I-0.2146 J0.4408
X4.315 Y-1.4065 I-0.4272 J0.4204
X4.2371 Y-0.7849 I-0.6338 J0.2363
X4.0534 Y-0.6133 I-0.4955 J-0.3462
X3.9002 Y-0.5535 I-0.2568 J-0.4322
G1 X3.8723 Y-0.549
X3.8458 Y-0.5464
G3 X3.7351 Y-0.559 I-0.0235 J-0.2857
X3.6992 Y-0.5807 I0.0278 J-0.0864
X3.6798 Y-0.6298 I0.053 J-0.0493
G1 Y-0.6965
G3 X3.6975 Y-0.7195 I0.025 J0.0009
G1 X3.7012 Y-0.7206 Z0.3103
X3.7048 Y-0.7218 Z0.3112
X3.7083 Y-0.7228 Z0.3127
X3.7115 Y-0.7238 Z0.3148
X3.7144 Y-0.7247 Z0.3173
X3.7168 Y-0.7255 Z0.3203
X3.7187 Y-0.7261 Z0.3237
X3.7202 Y-0.7265 Z0.3273
X3.7211 Y-0.7268 Z0.3311
X3.7214 Y-0.7269 Z0.335
G0 Z0.69
X3.8225 Y0.1152
Z0.36
G1 Z0.335 F50.
X3.8227 Y0.115 Z0.3311
X3.8233 Y0.1143 Z0.3273
X3.8242 Y0.1131 Z0.3237
X3.8255 Y0.1115 Z0.3203
X3.8271 Y0.1095 Z0.3173
X3.829 Y0.1072 Z0.3148
X3.8311 Y0.1046 Z0.3127
X3.8333 Y0.1018 Z0.3112
X3.8357 Y0.0988 Z0.3103
X3.8382 Y0.0957 Z0.31
G3 X3.8629 Y0.0772 I0.0486 J0.039
G2 X3.9159 Y0.0415 I-0.0481 J-0.1284
G3 X4.0019 Y-0.0063 I0.1376 J0.1465
X4.1204 Y-0.0292 I0.1607 J0.5128
X4.3049 Y-0.0398 I0.1943 J1.7779
G1 X4.341 Y-0.0409
X4.3769 Y-0.0459
X4.4093 Y-0.0619
X4.4366 Y-0.0856
X4.4586 Y-0.1144
X4.4758 Y-0.1462
X4.489 Y-0.1799
G2 X4.5159 Y-0.3218 I-0.6121 J-0.1896
X4.5255 Y-0.5748 I-2.903 J-0.2364
X4.5268 Y-0.8688 I-20.6199 J-0.2393
G1 X4.5269 Y-1.1582
X4.527 Y-1.52
Y-1.5562
G2 X4.5336 Y-1.8455 I-4.4244 J-0.2456
G1 X4.5341 Y-1.9179
X4.5343 Y-2.0265
X4.5344 Y-2.3159
Y-2.5692
X4.5296 Y-2.605
X4.5145 Y-2.6379
X4.4919 Y-2.6661
X4.464 Y-2.6893
X4.4329 Y-2.7076
X4.3996 Y-2.7219
X4.3651 Y-2.7328
G2 X4.2223 Y-2.755 I-0.1908 J0.758
X3.933 Y-2.7631 I-0.2554 J3.9688
X3.6797 Y-2.7639 I-0.1931 J19.5465
G1 X3.3677 Y-2.7641
X3.3134
G3 X3.2904 Y-2.7817 I0.0009 J-0.025
G1 X3.2892 Y-2.7854 Z0.3103
X3.2881 Y-2.7891 Z0.3112
X3.287 Y-2.7925 Z0.3127
X3.2861 Y-2.7957 Z0.3148
X3.2852 Y-2.7986 Z0.3173
X3.2844 Y-2.801 Z0.3203
X3.2838 Y-2.803 Z0.3237
X3.2834 Y-2.8044 Z0.3273
X3.2831 Y-2.8053 Z0.3311
X3.283 Y-2.8056 Z0.335
G0 Z0.69
X3.7013 Y-1.5782
Z0.36
G1 Z0.335 F50.
X3.7012 Y-1.5785 Z0.3311
X3.7007 Y-1.5793 Z0.3273
X3.6999 Y-1.5806 Z0.3237
X3.6989 Y-1.5823 Z0.3203
X3.6976 Y-1.5845 Z0.3173
X3.6961 Y-1.5871 Z0.3148
X3.6944 Y-1.5899 Z0.3127
X3.6925 Y-1.5931 Z0.3112
X3.6906 Y-1.5963 Z0.3103
X3.6886 Y-1.5997 Z0.31
G3 X3.6798 Y-1.6294 I0.0536 J-0.0318
G1 Y-1.6824
G3 X3.7103 Y-1.7521 I0.1035 J0.0037
X3.801 Y-1.8083 I0.145 J0.1328
X3.9551 Y-1.8187 I0.098 J0.3054
X4.1535 Y-1.7383 I-0.0713 J0.461
X4.3026 Y-1.5921 I-0.3262 J0.4819
G2 X4.4238 Y-1.6033 I0.057 J-0.044
G1 X4.438 Y-1.6366
G2 X4.4459 Y-1.8897 I-3.6959 J-0.2429
X4.447 Y-2.143 I-20.7252 J-0.2169
G1 X4.4472 Y-2.3601
Y-2.4686
X4.4432 Y-2.5046
X4.4298 Y-2.5382
X4.4086 Y-2.5675
X4.382 Y-2.592
X4.3517 Y-2.6117
X4.319 Y-2.6273
X4.2849 Y-2.6395
G2 X4.1428 Y-2.6652 I-0.198 J0.6887
X3.8898 Y-2.6752 I-0.2439 J2.9505
X3.4827 Y-2.6767 I-0.3033 J27.3976
X3.418 Y-2.5869 I0.0043 J0.0713
G1 X3.4294 Y-2.5526
G3 X3.4871 Y-2.4297 I-0.4944 J0.3069
X3.4977 Y-2.3407 I-0.254 J0.0753
X3.4835 Y-2.295 I-0.1046 J-0.0073
X3.4243 Y-2.264 I-0.0596 J-0.0417
G1 X3.3983 Y-2.2639
X3.3901 Y-2.2634
X3.3737 Y-2.2616
X3.3717 Y-2.2615
X3.3678 Y-2.2618
X3.3649 Y-2.2628 Z0.3102
X3.3621 Y-2.2637 Z0.3107
X3.3594 Y-2.2647 Z0.3116
X3.357 Y-2.2667 Z0.3131
X3.3547 Y-2.2686 Z0.315
X3.3527 Y-2.2703 Z0.3173
X3.3513 Y-2.2724 Z0.3203
X3.3502 Y-2.2741 Z0.3236
X3.3494 Y-2.2754 Z0.3273
X3.3489 Y-2.2762 Z0.3311
X3.3488 Y-2.2764 Z0.335
G0 Z0.69
X3.7013 Y-1.6312
Z0.36
G1 Z0.335 F50.
X3.7012 Y-1.6315 Z0.3311
X3.7007 Y-1.6323 Z0.3273
X3.6999 Y-1.6335 Z0.3237
X3.6989 Y-1.6353 Z0.3203
X3.6976 Y-1.6375 Z0.3173
X3.6961 Y-1.6401 Z0.3148
X3.6944 Y-1.6429 Z0.3127
X3.6925 Y-1.6461 Z0.3112
X3.6906 Y-1.6493 Z0.3103
X3.6886 Y-1.6527 Z0.31
G3 X3.6798 Y-1.6824 I0.0536 J-0.0318
G1 Y-1.7399
G3 X3.7122 Y-1.8151 I0.1092 J0.0023
X3.7963 Y-1.8709 I0.1511 J0.1367
X3.9555 Y-1.8902 I0.1192 J0.3164
X4.1488 Y-1.8299 I-0.0457 J0.4862
X4.2003 Y-1.7991 I-0.2022 J0.3958
G2 X4.2913 Y-1.8107 I0.0385 J-0.0607
G1 X4.3143 Y-1.8387
X4.3272 Y-1.8724
X4.3366 Y-1.9074
G2 X4.3541 Y-2.0509 I-0.8632 J-0.1775
X4.3594 Y-2.3764 I-6.2184 J-0.2658
G1 X4.3554 Y-2.4124
X4.3421 Y-2.446
X4.3212 Y-2.4755
X4.2948 Y-2.5003
X4.2648 Y-2.5205
X4.2324 Y-2.5366
X4.1985 Y-2.5493
G2 X4.0566 Y-2.5766 I-0.2019 J0.667
X3.8037 Y-2.5878 I-0.2481 J2.7404
G1 X3.7675 Y-2.5884
X3.7314 Y-2.5888
X3.6953 Y-2.5912
G2 X3.6312 Y-2.5645 I-0.0079 J0.0712
G1 X3.6106 Y-2.5348
X3.5998 Y-2.5003
X3.5932 Y-2.4647
X3.5885 Y-2.4288
X3.5841 Y-2.3929
G3 X3.5645 Y-2.3149 I-0.3022 J-0.0345
X3.542 Y-2.2813 I-0.0806 J-0.0297
X3.4948 Y-2.2639 I-0.047 J-0.0548
G1 X3.4722 Y-2.264
X3.4243
G3 X3.4012 Y-2.2816 I0.0009 J-0.025
G1 X3.4001 Y-2.2853 Z0.3103
X3.399 Y-2.289 Z0.3112
X3.3979 Y-2.2924 Z0.3127
X3.3969 Y-2.2956 Z0.3148
X3.396 Y-2.2985 Z0.3173
X3.3953 Y-2.3009 Z0.3203
X3.3947 Y-2.3029 Z0.3237
X3.3942 Y-2.3043 Z0.3273
X3.394 Y-2.3052 Z0.3311
X3.3939 Y-2.3055 Z0.335
G0 Z0.69
X3.7013 Y-1.6887
Z0.36
G1 Z0.335 F50.
X3.7012 Y-1.689 Z0.3311
X3.7007 Y-1.6898 Z0.3273
X3.6999 Y-1.6911 Z0.3237
X3.6989 Y-1.6928 Z0.3203
X3.6976 Y-1.695 Z0.3173
X3.6961 Y-1.6976 Z0.3148
X3.6944 Y-1.7004 Z0.3127
X3.6925 Y-1.7036 Z0.3112
X3.6906 Y-1.7068 Z0.3103
X3.6886 Y-1.7102 Z0.31
G3 X3.6798 Y-1.7399 I0.0536 J-0.0318
G1 Y-1.8019
G3 X3.7109 Y-1.8729 I0.113 J0.0072
X3.7969 Y-1.9331 I0.1628 J0.1409
X3.9105 Y-1.9584 I0.129 J0.3113
X4.0352 Y-1.9485 I0.0262 J0.4591
G1 X4.0703 Y-1.9399
X4.1047 Y-1.9288
X4.1228
X4.1404 Y-1.9332
X4.1731 Y-1.9486
X4.2 Y-1.9728
X4.221 Y-2.0023
X4.237 Y-2.0347
X4.2489 Y-2.0689
G2 X4.2718 Y-2.2115 I-0.6718 J-0.1811
G1 X4.2743 Y-2.2476
X4.276 Y-2.2838
X4.2733 Y-2.3199
X4.2618 Y-2.3542
X4.2427 Y-2.3849
X4.2178 Y-2.4111
X4.1888 Y-2.4328
X4.1572 Y-2.4503
X4.1237 Y-2.4641
G2 X3.9825 Y-2.4946 I-0.2041 J0.6037
X3.8201 Y-2.5055 I-0.2024 J1.8028
G1 X3.8025 Y-2.5017
X3.7692 Y-2.4876
X3.7413 Y-2.4645
X3.7186 Y-2.4363
X3.6996 Y-2.4055
X3.6828 Y-2.3735
X3.6669 Y-2.341
G3 X3.6268 Y-2.2769 I-0.2855 J-0.134
X3.5526 Y-2.2534 I-0.0554 J-0.0461
G1 X3.5462 Y-2.2552
X3.5298 Y-2.2594
G3 X3.5119 Y-2.2823 I0.0071 J-0.024
G1 X3.5118 Y-2.2862 Z0.3103
X3.5116 Y-2.29 Z0.3112
X3.5114 Y-2.2936 Z0.3127
X3.5113 Y-2.297 Z0.3148
X3.5112 Y-2.3 Z0.3173
X3.511 Y-2.3025 Z0.3203
Y-2.3046 Z0.3237
X3.5109 Y-2.3061 Z0.3273
Y-2.307 Z0.3311
X3.5108 Y-2.3073 Z0.335
G0 Z0.69
X3.7013 Y-1.7507
Z0.36
G1 Z0.335 F50.
X3.7012 Y-1.751 Z0.3311
X3.7007 Y-1.7518 Z0.3273
X3.6999 Y-1.7531 Z0.3237
X3.6989 Y-1.7548 Z0.3203
X3.6976 Y-1.757 Z0.3173
X3.6961 Y-1.7596 Z0.3148
X3.6944 Y-1.7625 Z0.3127
X3.6925 Y-1.7656 Z0.3112
X3.6906 Y-1.7689 Z0.3103
X3.6886 Y-1.7722 Z0.31
G3 X3.6798 Y-1.8019 I0.0536 J-0.0318
G1 Y-1.8594
G3 X3.7109 Y-1.9336 I0.1168 J0.0054
X3.7823 Y-1.9893 I0.164 J0.1363
X3.9199 Y-2.0259 I0.1569 J0.3133
G1 X3.951 Y-2.0273
X3.9842 Y-2.0263
X4.0202 Y-2.0229
X4.0556 Y-2.0307
X4.087 Y-2.0485
X4.1133 Y-2.0734
X4.1344 Y-2.1028
X4.151 Y-2.135
X4.1636 Y-2.1689
X4.1729 Y-2.2038
X4.1734 Y-2.24
X4.1634 Y-2.2748
X4.1447 Y-2.3058
X4.12 Y-2.3322
X4.091 Y-2.3539
X4.0593 Y-2.3713
X4.0259 Y-2.3851
X3.9913 Y-2.3958
X3.9561 Y-2.404
X3.9204 Y-2.4099
X3.8846 Y-2.4047
X3.8513 Y-2.3906
X3.8213 Y-2.3703
X3.7944 Y-2.3461
X3.7697 Y-2.3197
X3.7459 Y-2.2924
X3.7233 Y-2.267
G3 X3.68 Y-2.2297 I-0.2012 J-0.1895
X3.5983 Y-2.2325 I-0.0389 J-0.0604
X3.5903 Y-2.2604 I0.0156 J-0.0195
G1 X3.5916 Y-2.2641 Z0.3103
X3.5929 Y-2.2677 Z0.3112
X3.5941 Y-2.2711 Z0.3127
X3.5953 Y-2.2742 Z0.3148
X3.5963 Y-2.277 Z0.3173
X3.5971 Y-2.2794 Z0.3203
X3.5978 Y-2.2814 Z0.3237
X3.5983 Y-2.2828 Z0.3273
X3.5986 Y-2.2836 Z0.3311
X3.5987 Y-2.2839 Z0.335
G0 Z0.69
X3.7013 Y-1.8082
Z0.36
G1 Z0.335 F50.
X3.7012 Y-1.8085 Z0.3311
X3.7007 Y-1.8093 Z0.3273
X3.6999 Y-1.8106 Z0.3237
X3.6989 Y-1.8124 Z0.3203
X3.6976 Y-1.8145 Z0.3173
X3.6961 Y-1.8171 Z0.3148
X3.6944 Y-1.82 Z0.3127
X3.6925 Y-1.8231 Z0.3112
X3.6906 Y-1.8264 Z0.3103
X3.6886 Y-1.8297 Z0.31
G3 X3.6798 Y-1.8594 I0.0536 J-0.0318
G1 Y-1.9206
G3 X3.7098 Y-1.9987 I0.1192 J0.0009
X3.8003 Y-2.066 I0.1781 J0.145
X3.8978 Y-2.0945 I0.1445 J0.3131
G1 X3.9336 Y-2.0999
X3.9675 Y-2.1126
X3.9825 Y-2.1227
G2 X3.9609 Y-2.2445 I-0.0464 J-0.0546
G1 X3.9574 Y-2.2462
X3.9543 Y-2.2484
X3.9515 Y-2.2511
X3.9492 Y-2.2542
X3.9474 Y-2.2576
X3.9461 Y-2.2612
X3.9454 Y-2.265
X3.9453 Y-2.2689
G3 X3.9953 Y-2.2662 I0.025 J0.0014 F300.
X3.9906 Y-2.253 I-0.025 J-0.0014
G1 X3.7304 Y-1.8892
G3 X3.6886 Y-1.8909 I-0.0203 J-0.0145
G1 X3.6884 Y-1.8912
G3 X3.6798 Y-1.9206 I0.0537 J-0.0316 F50.
G1 Y-2.0685
G2 X3.6577 Y-2.1671 I-0.2325 J0.0004
X3.62 Y-2.2131 I-0.1494 J0.084
G1 X3.6079 Y-2.2246
X3.6037 Y-2.2284
X3.5983 Y-2.2325
G3 X3.5903 Y-2.2604 I0.0156 J-0.0195
G1 X3.5916 Y-2.2641 Z0.3103
X3.5929 Y-2.2677 Z0.3112
X3.5941 Y-2.2711 Z0.3127
X3.5953 Y-2.2742 Z0.3148
X3.5963 Y-2.277 Z0.3173
X3.5971 Y-2.2794 Z0.3203
X3.5978 Y-2.2814 Z0.3237
X3.5983 Y-2.2828 Z0.3273
X3.5986 Y-2.2836 Z0.3311
X3.5987 Y-2.2839 Z0.335
G0 Z0.69
X3.8949 Y0.0929
Z0.36
G1 Z0.335 F50.
Y0.0926 Z0.3311
X3.8952 Y0.0917 Z0.3273
X3.8955 Y0.0902 Z0.3237
X3.896 Y0.0882 Z0.3203
X3.8967 Y0.0858 Z0.3173
X3.8974 Y0.0829 Z0.3148
X3.8982 Y0.0796 Z0.3127
X3.8991 Y0.0761 Z0.3112
X3.9001 Y0.0724 Z0.3103
X3.9011 Y0.0686 Z0.31
G3 X3.9159 Y0.0415 I0.0604 J0.0155
G2 X3.9493 Y0.002 I-0.1202 J-0.1352
G1 X3.9536 Y-0.0064
G3 X3.9976 Y-0.0502 I0.1125 J0.0691
X4.0693 Y-0.0836 I0.1547 J0.2384
X4.2074 Y-0.1102 I0.1891 J0.6086
G1 X4.2434 Y-0.1135
X4.2791 Y-0.1199
X4.3119 Y-0.135
X4.3406 Y-0.1571
X4.3645 Y-0.1843
X4.3838 Y-0.2149
X4.399 Y-0.2477
X4.4109 Y-0.2819
G2 X4.4358 Y-0.4242 I-0.7038 J-0.1968
X4.4455 Y-0.6863 I-3.1351 J-0.2465
G1 X4.4459 Y-0.7044
G3 X4.4637 Y-0.7273 I0.025 J0.0011
X4.4939 Y-0.7129 I0.0072 J0.0239 F300.
G1 X4.5624 Y-0.5733
G3 X4.5722 Y-0.524 I-0.0884 J0.0432
G1 X4.5597 Y-0.3597
X4.5359 Y-0.2446
X4.5035 Y-0.1625
X4.4664 Y-0.104
X4.4171 Y-0.0527
X4.3596 Y-0.0132
X4.3021 Y0.0058
X4.0227 Y0.0822
G3 X3.9471 Y0.0235 I-0.0134 J-0.0608
X3.9536 Y-0.0064 I0.0623 J-0.0021 F50.
G1 X3.957 Y-0.0127
G2 X3.9681 Y-0.0475 I-0.2828 J-0.1092
G3 X4.0118 Y-0.1112 I0.1167 J0.0332
X4.1064 Y-0.1617 I0.1734 J0.211
X4.171 Y-0.1811 I0.2289 J0.6459
G1 X4.2043 Y-0.1952
X4.2343 Y-0.2153
X4.2602 Y-0.2406
X4.2817 Y-0.2697
X4.2992 Y-0.3014
X4.3132 Y-0.3348
G2 X4.3443 Y-0.4758 I-0.5996 J-0.2059
X4.3522 Y-0.5704 I-1.2543 J-0.1529
X4.2573 Y-0.6377 I-0.0716 J0.0004
G1 X4.2239 Y-0.6238
G3 X4.0501 Y-0.5207 I-0.6443 J-0.8871
X3.8652 Y-0.472 I-0.2406 J-0.5387
X3.7462 Y-0.4826 I-0.0267 J-0.3741
X3.7102 Y-0.4985 I0.0499 J-0.1617
X3.6798 Y-0.5572 I0.0421 J-0.059
G1 Y-0.6298
G3 X3.6975 Y-0.6528 I0.025 J0.0009
G1 X3.7012 Y-0.654 Z0.3103
X3.7048 Y-0.6551 Z0.3112
X3.7083 Y-0.6562 Z0.3127
X3.7115 Y-0.6572 Z0.3148
X3.7144 Y-0.658 Z0.3173
X3.7168 Y-0.6588 Z0.3203
X3.7187 Y-0.6594 Z0.3237
X3.7202 Y-0.6598 Z0.3273
X3.7211 Y-0.6601 Z0.3311
X3.7214 Y-0.6602 Z0.335
G0 Z0.69
X3.9756 Y0.0075
Z0.36
G1 Z0.335 F50.
X3.9755 Y0.0072 Z0.3311
X3.9753 Y0.0063 Z0.3273
X3.9749 Y0.0049 Z0.3237
X3.9743 Y0.0029 Z0.3203
X3.9736 Y0.0005 Z0.3173
X3.9728 Y-0.0024 Z0.3148
X3.9719 Y-0.0056 Z0.3127
X3.9709 Y-0.0091 Z0.3112
X3.9699 Y-0.0128 Z0.3103
X3.9688 Y-0.0165 Z0.31
G3 X3.9681 Y-0.0475 I0.06 J-0.0169
G2 X3.975 Y-0.0931 I-0.1684 J-0.0491
G3 X4.0018 Y-0.1583 I0.1026 J0.004
X4.0609 Y-0.2085 I0.1631 J0.1321
G1 X4.0914 Y-0.228
X4.1212 Y-0.2485
X4.1485 Y-0.2723
X4.1723 Y-0.2995
X4.1749 Y-0.3032
X4.1774 Y-0.307
X4.1969 Y-0.3375
G2 X4.1402 Y-0.4448 I-0.062 J-0.0359
G1 X4.104 Y-0.4452
G3 X3.9148 Y-0.398 I-0.3217 J-0.8854
X3.7773 Y-0.4006 I-0.059 J-0.5053
X3.7222 Y-0.4177 I0.0581 J-0.2847
X3.6798 Y-0.4832 I0.0298 J-0.0657
G1 Y-0.5572
G3 X3.6975 Y-0.5802 I0.025 J0.0009
X3.7105 Y-0.5807 I0.0074 J0.0239 F300.
G1 X4.0217 Y-0.5157
G3 X4.0619 Y-0.4993 I-0.0162 J0.0971
G1 X4.1194 Y-0.4582
X4.1542 Y-0.417
X4.1826 Y-0.3597
X4.1939 Y-0.3186
X4.1952 Y-0.2446
X4.1824 Y-0.1953
X4.0885 Y-0.0594
G3 X3.9834 Y-0.0636 I-0.0512 J-0.0356
X3.975 Y-0.0931 I0.0539 J-0.0313 F50.
G1 X3.9751 Y-0.1132
Y-0.1506
Y-0.1871
G2 X3.9529 Y-0.2775 I-0.2377 J0.0103
X3.9203 Y-0.3185 I-0.1369 J0.0755
G1 X3.8995 Y-0.338
G2 X3.8501 Y-0.3629 I-0.0848 J0.1068
G1 X3.8255 Y-0.3697
X3.8173 Y-0.3711
X3.8009 Y-0.3738
X3.7762 Y-0.3742
X3.6982
G3 X3.6747 Y-0.4089 I0.0006 J-0.0257
G2 X3.6798 Y-0.45 I-0.1707 J-0.0421
G1 Y-0.4832
G3 X3.6975 Y-0.5062 I0.025 J0.0009
G1 X3.7012 Y-0.5074 Z0.3103
X3.7048 Y-0.5085 Z0.3112
X3.7083 Y-0.5096 Z0.3127
X3.7115 Y-0.5106 Z0.3148
X3.7144 Y-0.5114 Z0.3173
X3.7168 Y-0.5122 Z0.3203
X3.7187 Y-0.5128 Z0.3237
X3.7202 Y-0.5132 Z0.3273
X3.7211 Y-0.5135 Z0.3311
X3.7214 Y-0.5136 Z0.335
G0 Z1.09
M5
G53 G0 Z-0.6
(DRILL19)
M9
M1
T52 M6
T51
S1600 M3
G17 G90 G94
G54
M8
G0 X0.4346 Y-2.4046
G43 Z1.09 H52
G0 Z0.69
G98 G81 X0.4346 Y-2.4046 Z-0.1036 R0.5 F18.
X1.537
X2.6393
X3.7417
G80
G0 Z1.09
M5
G53 G0 Z-0.6
(DRILL20)
M9
M1
T51 M6
T32
S5000 M3
G17 G90 G94
G54
M8
G0 X0.9395 Y-1.2235
G43 Z1.09 H51
G0 Z0.69
G81 X0.9395 Y-1.2235 Z-0.0804 R0.5 F25.
X2.0418
X3.1442
X4.2465
G80
G0 Z1.09
M5
G53 G0 Z-0.6
(FLAT1 2)
M9
M1
T32 M6
T12
S7500 M3
G17 G90 G94
G54
G64 P0.0004 Q0.0004
M8
G0 X3.1478 Y0.1383
G43 Z1.09 H32
G0 Z0.3597
G1 Z0.3203 F16.667
X3.1477 Z0.3187 F50.
X3.1475 Y0.138 Z0.3154
X3.1474 Y0.1371 Z0.3123
X3.1473 Y0.1357 Z0.3093
X3.1474 Y0.1338 Z0.3067
X3.1475 Y0.1315 Z0.3044
X3.1477 Y0.1288 Z0.3025
X3.1481 Y0.1259 Z0.3011
X3.1485 Y0.1227 Z0.3003
X3.1489 Y0.1195 Z0.3
X3.1517 Y0.101
X3.1594 Y0.0495
G3 X3.2004 Y0.0282 I0.0282 J0.0042
G1 X3.2086 Y0.0323
G3 X3.2243 Y0.0548 I-0.0127 J0.0256
G1 X3.2293 Y0.101
X3.2313 Y0.1196
X3.2316 Y0.1228 Z0.3003
X3.2319 Y0.126 Z0.3011
X3.2321 Y0.1289 Z0.3025
X3.2322 Y0.1316 Z0.3044
X3.2323 Y0.1339 Z0.3067
Y0.1358 Z0.3093
X3.2322 Y0.1372 Z0.3123
X3.232 Y0.1381 Z0.3154
X3.2317 Y0.1384 Z0.3187
Z0.3203
G0 Z0.69
X3.0019 Y0.1369
Z0.3597
G1 Z0.3203 F16.667
Z0.3187 F50.
X3.0017 Y0.1365 Z0.3154
Y0.1356 Z0.3123
X3.0019 Y0.1343 Z0.3093
X3.0023 Y0.1324 Z0.3067
X3.0029 Y0.1302 Z0.3044
X3.0036 Y0.1276 Z0.3025
X3.0045 Y0.1247 Z0.3011
X3.0054 Y0.1217 Z0.3003
X3.0065 Y0.1187 Z0.3
X3.0127 Y0.101
X3.0379 Y0.0287
G2 X3.0595 Y-0.1059 I-0.3656 J-0.1277
G1 X3.0576 Y-0.2083
X3.0568 Y-0.2276
G3 X3.09 Y-0.2395 I0.0184 J-0.0008
G1 X3.1005 Y-0.2254
G2 X3.2826 Y-0.0867 I0.3364 J-0.2526
G1 X3.2935 Y-0.0824
G3 X3.3155 Y-0.0588 I-0.0138 J0.0349
G1 X3.3435 Y0.0301
X3.3684 Y0.101
X3.3747 Y0.1186
X3.3757 Y0.1217 Z0.3003
X3.3767 Y0.1247 Z0.3011
X3.3776 Y0.1276 Z0.3025
X3.3783 Y0.1301 Z0.3044
X3.3789 Y0.1324 Z0.3067
X3.3793 Y0.1342 Z0.3093
X3.3795 Y0.1356 Z0.3123
Y0.1365 Z0.3154
X3.3793 Y0.1369 Z0.3187
Z0.3203
G0 Z0.69
X0.7388 Y-1.2571
Z0.3597
G1 Z0.3203 F16.667
Z0.3187 F50.
X0.739 Y-1.2567 Z0.3154
X0.7388 Y-1.2559 Z0.3123
X0.7384 Y-1.2545 Z0.3093
X0.7378 Y-1.2527 Z0.3067
X0.737 Y-1.2506 Z0.3044
X0.7359 Y-1.2481 Z0.3025
X0.7347 Y-1.2454 Z0.3011
X0.7333 Y-1.2425 Z0.3003
X0.7319 Y-1.2396 Z0.3
X0.7235 Y-1.2228
X0.7228 Y-1.222
X0.7218 Y-1.2216
X0.7207 Y-1.2217
X0.7197 Y-1.2223
X0.7192 Y-1.2233
Y-1.2244
X0.7197 Y-1.2254
X0.7206 Y-1.226
X0.7217 Y-1.2262
X0.7228 Y-1.2258
X0.7235 Y-1.225
X0.7238 Y-1.2239
X0.7237 Y-1.2233
X0.7235 Y-1.2228
X0.7171 Y-1.2052
X0.716 Y-1.2022 Z0.3003
X0.7148 Y-1.1992 Z0.3011
X0.7137 Y-1.1965 Z0.3025
X0.7127 Y-1.194 Z0.3044
X0.7117 Y-1.1919 Z0.3067
X0.7108 Y-1.1902 Z0.3093
X0.7101 Y-1.189 Z0.3123
X0.7096 Y-1.1883 Z0.3154
X0.7092 Y-1.1882 Z0.3187
X0.7091 Z0.3203
G0 Z0.69
X1.8082 Y-1.1889
Z0.3597
G1 Z0.3203 F16.667
X1.8081 Z0.3187 F50.
X1.808 Y-1.1893 Z0.3154
X1.8081 Y-1.1902 Z0.3123
X1.8085 Y-1.1915 Z0.3093
X1.8091 Y-1.1933 Z0.3067
X1.81 Y-1.1955 Z0.3044
X1.8111 Y-1.1979 Z0.3025
X1.8123 Y-1.2006 Z0.3011
X1.8136 Y-1.2035 Z0.3003
X1.815 Y-1.2064 Z0.3
X1.8234 Y-1.2232
X1.8236 Y-1.2236
X1.8239 Y-1.2233
X1.8234 Y-1.2232
X1.8056 Y-1.2173
X1.8025 Y-1.2163 Z0.3003
X1.7995 Y-1.2153 Z0.3011
X1.7967 Y-1.2145 Z0.3025
X1.7941 Y-1.2138 Z0.3044
X1.7918 Y-1.2133 Z0.3067
X1.79 Y-1.2129 Z0.3093
X1.7886 Y-1.2127 Z0.3123
X1.7877 Z0.3154
X1.7873 Y-1.2129 Z0.3187
Z0.3203
G0 Z0.69
X2.9258 Y-1.1849
Z0.3597
G1 Z0.3203 F16.667
Z0.3187 F50.
X2.9255 Y-1.1852 Z0.3154
X2.9252 Y-1.1861 Z0.3123
X2.9249 Y-1.1874 Z0.3093
X2.9247 Y-1.1893 Z0.3067
X2.9245 Y-1.1916 Z0.3044
X2.9244 Y-1.1943 Z0.3025
X2.9242 Y-1.1973 Z0.3011
Y-1.2004 Z0.3003
X2.9241 Y-1.2037 Z0.3
X2.9242 Y-1.2224
X2.9245 Y-1.2236
X2.9253 Y-1.2244
X2.9265 Y-1.2247
X2.9276 Y-1.2244
X2.9285 Y-1.2236
X2.9288 Y-1.2224
X2.9285 Y-1.2213
X2.9276 Y-1.2204
X2.9265 Y-1.2201
X2.9253 Y-1.2204
X2.9245 Y-1.2213
X2.9242 Y-1.2224
Y-1.2412
Y-1.2444 Z0.3003
X2.9243 Y-1.2476 Z0.3011
X2.9244 Y-1.2506 Z0.3025
X2.9245 Y-1.2532 Z0.3044
X2.9247 Y-1.2555 Z0.3067
X2.925 Y-1.2574 Z0.3093
X2.9252 Y-1.2588 Z0.3123
X2.9255 Y-1.2596 Z0.3154
X2.9258 Y-1.2599 Z0.3187
X2.9259 Z0.3203
G0 Z0.69
X4.6876 Y-2.8896
Z0.3597
G1 Z0.3203 F16.667
X4.6875 Y-2.8895 Z0.3187 F50.
X4.6871 Y-2.8896 Z0.3154
X4.6864 Y-2.8901 Z0.3123
X4.6854 Y-2.891 Z0.3093
X4.6841 Y-2.8924 Z0.3067
X4.6825 Y-2.8941 Z0.3044
X4.6808 Y-2.8962 Z0.3025
X4.6789 Y-2.8985 Z0.3011
X4.677 Y-2.901 Z0.3003
X4.675 Y-2.9036 Z0.3
X4.6637 Y-2.9186
X4.6352 Y-2.9567
X4.624 Y-2.9717
X4.6221 Y-2.9743 Z0.3003
X4.6202 Y-2.9769 Z0.3011
X4.6185 Y-2.9794 Z0.3025
X4.6171 Y-2.9816 Z0.3044
X4.6158 Y-2.9836 Z0.3067
X4.6149 Y-2.9852 Z0.3093
X4.6143 Y-2.9865 Z0.3123
X4.614 Y-2.9873 Z0.3154
X4.6141 Y-2.9877 Z0.3187
Z0.3203
G0 Z0.69
X4.6957 Y-2.653
Z0.3597
G1 Z0.3203 F16.667
Y-2.6529 Z0.3187 F50.
X4.6953 Y-2.653 Z0.3154
X4.6946 Y-2.6535 Z0.3123
X4.6936 Y-2.6545 Z0.3093
X4.6923 Y-2.6559 Z0.3067
X4.6908 Y-2.6576 Z0.3044
X4.6891 Y-2.6597 Z0.3025
X4.6872 Y-2.662 Z0.3011
X4.6853 Y-2.6645 Z0.3003
X4.6834 Y-2.6672 Z0.3
X4.6724 Y-2.6824
X4.5576 Y-2.8413
X4.4531 Y-2.981
X4.4419 Y-2.996
X4.4399 Y-2.9986 Z0.3003
X4.4381 Y-3.0012 Z0.3011
X4.4364 Y-3.0036 Z0.3025
X4.4349 Y-3.0058 Z0.3044
X4.4337 Y-3.0078 Z0.3067
X4.4328 Y-3.0095 Z0.3093
X4.4322 Y-3.0107 Z0.3123
X4.4319 Y-3.0116 Z0.3154
Y-3.012 Z0.3187
X4.432 Z0.3203
G0 Z0.69
X4.6887 Y-2.3313
Z0.3597
G1 Z0.3203 F16.667
X4.6886 Z0.3187 F50.
X4.6882 Y-2.3315 Z0.3154
X4.6876 Y-2.3321 Z0.3123
X4.6869 Y-2.3333 Z0.3093
X4.6859 Y-2.3349 Z0.3067
X4.6848 Y-2.337 Z0.3044
X4.6836 Y-2.3394 Z0.3025
X4.6824 Y-2.3421 Z0.3011
X4.6811 Y-2.3449 Z0.3003
X4.6798 Y-2.3479 Z0.3
X4.6724 Y-2.3652
X4.613 Y-2.5047
G2 X4.3799 Y-2.8666 I-1.1714 J0.4986
G1 X4.275 Y-2.981
X4.2623 Y-2.9948
X4.2602 Y-2.9972 Z0.3003
X4.2581 Y-2.9996 Z0.3011
X4.2562 Y-3.0018 Z0.3025
X4.2545 Y-3.0039 Z0.3044
X4.2531 Y-3.0058 Z0.3067
X4.252 Y-3.0073 Z0.3093
X4.2512 Y-3.0085 Z0.3123
X4.2509 Y-3.0093 Z0.3154
Y-3.0097 Z0.3187
Z0.3203
G0 Z0.69
X4.6871 Y-0.8123
Z0.3597
G1 Z0.3203 F16.667
X4.687 Z0.3187 F50.
X4.6867 Y-0.8124 Z0.3154
X4.6861 Y-0.8131 Z0.3123
X4.6854 Y-0.8143 Z0.3093
X4.6845 Y-0.816 Z0.3067
X4.6835 Y-0.8181 Z0.3044
X4.6824 Y-0.8206 Z0.3025
X4.6813 Y-0.8233 Z0.3011
X4.6801 Y-0.8262 Z0.3003
X4.679 Y-0.8293 Z0.3
X4.6724 Y-0.8468
X4.644 Y-0.9231
X4.5973 Y-1.2369
X4.6112 Y-1.9829
G2 X4.2237 Y-2.8758 I-1.1713 J-0.0221
G1 X4.1069 Y-2.981
X4.0929 Y-2.9935
X4.0905 Y-2.9957 Z0.3003
X4.0882 Y-2.9979 Z0.3011
X4.0861 Y-2.9999 Z0.3025
X4.0842 Y-3.0018 Z0.3044
X4.0826 Y-3.0035 Z0.3067
X4.0814 Y-3.005 Z0.3093
X4.0805 Y-3.0061 Z0.3123
X4.0801 Y-3.0069 Z0.3154
Y-3.0073 Z0.3187
Z0.3203
G0 Z0.69
X4.6916 Y-0.5363
Z0.3597
G1 Z0.3203 F16.667
X4.6915 Y-0.5362 Z0.3187 F50.
X4.6912 Y-0.5364 Z0.3154
X4.6905 Y-0.537 Z0.3123
X4.6896 Y-0.5381 Z0.3093
X4.6885 Y-0.5396 Z0.3067
X4.6873 Y-0.5416 Z0.3044
X4.6859 Y-0.5438 Z0.3025
X4.6844 Y-0.5464 Z0.3011
X4.6828 Y-0.5492 Z0.3003
X4.6813 Y-0.552 Z0.3
X4.6724 Y-0.5685
X4.5113 Y-0.8698
G3 X4.5073 Y-0.8819 I0.0331 J-0.0177
G1 X4.4551 Y-1.2303
X4.4895 Y-1.9546
G2 X4.0081 Y-2.889 I-1.0503 J-0.0501
G1 X3.9795 Y-2.907
X3.858 Y-2.981
X3.842 Y-2.9907
X3.8393 Y-2.9924 Z0.3003
X3.8366 Y-2.9941 Z0.3011
X3.8341 Y-2.9958 Z0.3025
X3.8319 Y-2.9973 Z0.3044
X3.8301 Y-2.9987 Z0.3067
X3.8286 Y-2.9998 Z0.3093
X3.8275 Y-3.0008 Z0.3123
X3.827 Y-3.0015 Z0.3154
X3.8269 Y-3.0019 Z0.3187
Z0.3203
G0 Z0.69
X3.0367 Y-2.9977
Z0.3597
G1 Z0.3203 F16.667
Z0.3187 F50.
X3.0366 Y-2.9973 Z0.3154
X3.0359 Y-2.9967 Z0.3123
X3.0348 Y-2.9959 Z0.3093
X3.0331 Y-2.9949 Z0.3067
X3.0311 Y-2.9938 Z0.3044
X3.0287 Y-2.9926 Z0.3025
X3.0261 Y-2.9913 Z0.3011
X3.0232 Y-2.9899 Z0.3003
X3.0203 Y-2.9886 Z0.3
X3.0031 Y-2.981
X2.9004 Y-2.9353
G3 X2.8714 Y-2.9347 I-0.0152 J-0.0343
G1 X2.7543 Y-2.981
X2.7369 Y-2.9878
X2.7339 Y-2.9891 Z0.3003
X2.7309 Y-2.9903 Z0.3011
X2.7282 Y-2.9915 Z0.3025
X2.7258 Y-2.9926 Z0.3044
X2.7237 Y-2.9937 Z0.3067
X2.7221 Y-2.9946 Z0.3093
X2.7209 Y-2.9953 Z0.3123
X2.7202 Y-2.9959 Z0.3154
X2.72 Y-2.9962 Z0.3187
X2.7201 Y-2.9963 Z0.3203
G0 Z0.69
X1.9678 Y-2.9965
Z0.3597
G1 Z0.3203 F16.667
Y-2.9964 Z0.3187 F50.
X1.9677 Y-2.9961 Z0.3154
X1.967 Y-2.9955 Z0.3123
X1.9658 Y-2.9947 Z0.3093
X1.9641 Y-2.9938 Z0.3067
X1.9621 Y-2.9928 Z0.3044
X1.9597 Y-2.9916 Z0.3025
X1.9569 Y-2.9904 Z0.3011
X1.954 Y-2.9892 Z0.3003
X1.951 Y-2.9879 Z0.3
X1.9336 Y-2.981
X1.8089 Y-2.931
G3 X1.7806 Y-2.9312 I-0.014 J-0.0348
G1 X1.6608 Y-2.981
X1.6435 Y-2.9882
X1.6405 Y-2.9894 Z0.3003
X1.6376 Y-2.9907 Z0.3011
X1.6349 Y-2.992 Z0.3025
X1.6325 Y-2.9931 Z0.3044
X1.6304 Y-2.9942 Z0.3067
X1.6288 Y-2.9951 Z0.3093
X1.6276 Y-2.9959 Z0.3123
X1.627 Y-2.9965 Z0.3154
X1.6268 Y-2.9969 Z0.3187
Z0.3203
G0 Z0.69
X0.8561 Y-2.9972
Z0.3597
G1 Z0.3203 F16.667
Z0.3187 F50.
X0.856 Y-2.9968 Z0.3154
X0.8553 Y-2.9962 Z0.3123
X0.8541 Y-2.9954 Z0.3093
X0.8525 Y-2.9945 Z0.3067
X0.8505 Y-2.9934 Z0.3044
X0.8481 Y-2.9922 Z0.3025
X0.8454 Y-2.9909 Z0.3011
X0.8425 Y-2.9896 Z0.3003
X0.8395 Y-2.9883 Z0.3
X0.8223 Y-2.981
X0.6922 Y-2.9255
G3 X0.6643 Y-2.9249 I-0.0147 J-0.0345
G1 X0.5157 Y-2.981
X0.4981 Y-2.9876
X0.4951 Y-2.9887 Z0.3003
X0.4922 Y-2.9899 Z0.3011
X0.4894 Y-2.9911 Z0.3025
X0.487 Y-2.9922 Z0.3044
X0.4849 Y-2.9932 Z0.3067
X0.4832 Y-2.9941 Z0.3093
X0.482 Y-2.9948 Z0.3123
X0.4813 Y-2.9953 Z0.3154
X0.4811 Y-2.9957 Z0.3187
X0.4812 Y-2.9958 Z0.3203
G0 Z0.69
X4.6291 Y0.1184
Z0.3597
G1 Z0.3203 F16.667
Z0.3187 F50.
X4.6288 Y0.1181 Z0.3154
X4.6286 Y0.1172 Z0.3123
X4.6284 Y0.1158 Z0.3093
X4.6283 Y0.1139 Z0.3067
Y0.1116 Z0.3044
Y0.1089 Z0.3025
X4.6284 Y0.106 Z0.3011
X4.6286 Y0.1028 Z0.3003
X4.6288 Y0.0996 Z0.3
X4.6301 Y0.0809
X4.6396 Y-0.055
G2 X4.4938 Y-0.6486 I-0.9965 J-0.07
G1 X4.3871 Y-0.8219
G3 X4.382 Y-0.8359 I0.0319 J-0.0197
G1 X4.3231 Y-1.224
Y-1.2297
X4.3533 Y-1.6206
X4.376 Y-1.9374
G2 X3.9564 Y-2.7887 I-0.9369 J-0.0673
G1 X3.9511 Y-2.7922
G2 X2.9252 Y-2.802 I-0.5205 J0.7891
G1 X2.9092 Y-2.7919
G3 X2.8713 Y-2.7906 I-0.02 J-0.0317
G1 X2.835 Y-2.8102
G2 X1.8297 Y-2.7973 I-0.4911 J0.9083
G1 X1.8126 Y-2.7875
G3 X1.7747 Y-2.7878 I-0.0187 J-0.0325
G1 X1.758 Y-2.7977
G2 X1.2271 Y-2.9377 I-0.5098 J0.8561
G1 X1.2109 Y-2.9374
G2 X0.7539 Y-2.8139 I0.0209 J0.9849
G1 X0.701 Y-2.7846
G3 X0.6675 Y-2.7832 I-0.0182 J-0.0328
G1 X0.5501 Y-2.8358
G2 X0.049 Y-2.9259 I-0.4319 J0.9631
G1 X-0.0948 Y-2.9165
X-0.1135 Y-2.9153
X-0.1168 Y-2.9151 Z0.3003
X-0.1199 Y-2.9149 Z0.3011
X-0.1229 Z0.3025
X-0.1256 Z0.3044
X-0.1279 Z0.3067
X-0.1298 Y-2.915 Z0.3093
X-0.1312 Y-2.9152 Z0.3123
X-0.132 Y-2.9154 Z0.3154
X-0.1324 Y-2.9157 Z0.3187
Z0.3203
G0 Z0.69
X4.4926 Y0.1384
Z0.3597
G1 Z0.3203 F16.667
X4.4925 Z0.3187 F50.
X4.4922 Y0.1381 Z0.3154
X4.4921 Y0.1372 Z0.3123
X4.492 Y0.1358 Z0.3093
Y0.1339 Z0.3067
X4.4921 Y0.1316 Z0.3044
X4.4922 Y0.1289 Z0.3025
X4.4925 Y0.1259 Z0.3011
X4.4928 Y0.1228 Z0.3003
X4.4931 Y0.1196 Z0.3
X4.4954 Y0.101
X4.5122 Y-0.0368
G2 X4.3554 Y-0.6306 I-0.823 J-0.1003
G1 X4.2566 Y-0.764
G3 X4.2496 Y-0.7806 I0.0301 J-0.0223
G1 X4.1816 Y-1.2229
X4.1819 Y-1.2302
X4.2143 Y-1.4657
G2 X4.2349 Y-1.6869 I-2.5047 J-0.3448
G1 X4.249 Y-1.9756
G2 X3.6791 Y-2.7834 I-0.8018 J-0.0393
G1 X3.6653 Y-2.7875
G2 X2.9301 Y-2.6402 I-0.2298 J0.7615
G1 X2.9156 Y-2.6283
G3 X2.869 Y-2.6275 I-0.0238 J-0.029
G1 X2.8538 Y-2.6392
G2 X1.8805 Y-2.6718 I-0.5094 J0.663
G1 X1.8111 Y-2.6255
G3 X1.7672 Y-2.6271 I-0.0208 J-0.0312
G1 X1.7522 Y-2.6388
G2 X1.3804 Y-2.8014 I-0.5035 J0.6446
G1 X1.367 Y-2.8036
G2 X0.7277 Y-2.6375 I-0.1316 J0.8069
G1 X0.7128 Y-2.6258
G3 X0.6697 Y-2.6233 I-0.0233 J-0.0294
G1 X0.587 Y-2.6749
G2 X0.0509 Y-2.7994 I-0.4498 J0.7206
G1 X-0.1024 Y-2.7838
X-0.1211 Y-2.7819
X-0.1243 Y-2.7816 Z0.3003
X-0.1275 Y-2.7813 Z0.3011
X-0.1304 Y-2.7812 Z0.3025
X-0.1331 Y-2.781 Z0.3044
X-0.1354 Z0.3067
X-0.1373 Z0.3093
X-0.1387 Y-2.7812 Z0.3123
X-0.1396 Y-2.7814 Z0.3154
X-0.1399 Y-2.7816 Z0.3187
Y-2.7817 Z0.3203
G0 Z0.69
X4.3562 Y0.1381
Z0.3597
G1 Z0.3203 F16.667
X4.3561 Z0.3187 F50.
X4.3559 Y0.1377 Z0.3154
X4.3558 Y0.1369 Z0.3123
Y0.1355 Z0.3093
X4.3559 Y0.1336 Z0.3067
X4.3561 Y0.1313 Z0.3044
X4.3565 Y0.1286 Z0.3025
X4.3569 Y0.1257 Z0.3011
X4.3575 Y0.1226 Z0.3003
X4.3581 Y0.1194 Z0.3
X4.3617 Y0.101
X4.3837 Y-0.0121
G2 X4.1927 Y-0.6316 I-0.6736 J-0.1315
G1 X4.1203 Y-0.7032
G3 X4.1091 Y-0.7311 I0.0264 J-0.0267
G1 X4.1098 Y-0.7518
G2 X4.0714 Y-1.0882 I-1.153 J-0.0386
G1 X4.0377 Y-1.2145
G3 X4.0375 Y-1.2334 I0.0362 J-0.0097
G1 X4.0703 Y-1.3621
G2 X4.1077 Y-1.659 I-1.1768 J-0.2991
G1 X4.1084 Y-2.0305
G2 X2.9326 Y-2.4567 I-0.6647 J-0.0012
G1 X2.9224 Y-2.4445
G3 X2.8663 Y-2.4428 I-0.0288 J-0.024
G1 X2.8255 Y-2.4862
G2 X2.5387 Y-2.6549 I-0.431 J0.4046
G1 X2.4804 Y-2.6696
G2 X1.8317 Y-2.4562 I-0.1557 J0.6193
G1 X1.8218 Y-2.4442
G3 X1.7656 Y-2.4422 I-0.0289 J-0.0238
G1 X1.7238 Y-2.4865
G2 X1.6729 Y-2.5347 I-0.4595 J0.4341
G1 X1.6689 Y-2.5381
G2 X1.2513 Y-2.6901 I-0.4145 J0.4892
G1 X1.2391 Y-2.69
G2 X0.739 Y-2.4671 I0.0032 J0.6797
G1 X0.7173 Y-2.4432
G3 X0.6623 Y-2.4425 I-0.0278 J-0.0252
G1 X0.6199 Y-2.4872
G2 X0.1922 Y-2.6734 I-0.4337 J0.4119
G1 X0.1035 Y-2.6743
G2 X0.0029 Y-2.6671 I-0.0062 J0.6244
G1 X-0.1024 Y-2.651
X-0.1209 Y-2.6482
X-0.1242 Y-2.6477 Z0.3003
X-0.1273 Y-2.6473 Z0.3011
X-0.1302 Y-2.647 Z0.3025
X-0.1329 Y-2.6467 Z0.3044
X-0.1352 Y-2.6466 Z0.3067
X-0.1371 Y-2.6465 Z0.3093
X-0.1385 Y-2.6466 Z0.3123
X-0.1394 Y-2.6467 Z0.3154
X-0.1397 Y-2.647 Z0.3187
Z0.3203
G0 Z0.69
X4.2349 Y0.1373
Z0.3597
G1 Z0.3203 F16.667
Z0.3187 F50.
X4.2347 Y0.137 Z0.3154
Y0.1361 Z0.3123
X4.2348 Y0.1347 Z0.3093
X4.2351 Y0.1328 Z0.3067
X4.2356 Y0.1306 Z0.3044
X4.2362 Y0.1279 Z0.3025
X4.237 Y0.1251 Z0.3011
X4.2378 Y0.122 Z0.3003
X4.2387 Y0.1189 Z0.3
X4.2441 Y0.101
X4.2589 Y0.0522
G2 X4.2806 Y-0.0633 I-0.5227 J-0.1579
G1 X4.2855 Y-0.127
G2 X4.0112 Y-0.6318 I-0.5263 J-0.041
G1 X4.0055 Y-0.635
G3 X3.9921 Y-0.6575 I0.0122 J-0.0225
G1 X3.9926 Y-0.906
G2 X3.9063 Y-1.2072 I-0.5639 J-0.0013
G1 X3.9027 Y-1.2129
G3 X3.9028 Y-1.2364 I0.0185 J-0.0116
G1 X3.9063 Y-1.2417
G2 X3.9853 Y-1.5071 I-0.4173 J-0.2687
G1 X3.989 Y-2.0711
G2 X3.5686 Y-2.564 I-0.4953 J-0.0033
G1 X3.4974 Y-2.5749
G2 X3.0821 Y-2.4574 I-0.0787 J0.5147
G1 X3.0797 Y-2.4554
G2 X2.8958 Y-2.043 I0.3367 J0.3973
G1 X2.9076 Y-1.6344
G2 X3.0584 Y-1.2386 I0.6437 J-0.0186
G1 X3.063 Y-1.2331
G3 Y-1.2135 I-0.0116 J0.0098
G1 X3.0584 Y-1.208
G2 X2.9487 Y-1.0212 I0.4834 J0.4093
G1 X2.9485 Y-1.0205
G2 X2.9079 Y-0.7971 I0.5968 J0.2239
G1 X2.9078 Y-0.6434
G3 X2.8915 Y-0.6433 I-0.0081 J0.
G1 X2.8885 Y-0.9187
G2 X2.8049 Y-1.2058 I-0.5556 J0.0061
G1 X2.8013 Y-1.2116
G3 X2.8014 Y-1.2355 I0.0192 J-0.0119
G1 X2.8048 Y-1.2411
G2 X2.8843 Y-1.5172 I-0.4418 J-0.2767
G1 X2.8849 Y-2.0745
G2 X2.8056 Y-2.3439 I-0.4955 J-0.0005
G1 X2.8044 Y-2.3458
G2 X2.4993 Y-2.5579 I-0.4106 J0.2653
G1 X2.4328 Y-2.5726
G2 X1.9889 Y-2.4647 I-0.1119 J0.5065
G1 X1.9855 Y-2.4618
G2 X1.7988 Y-2.0691 I0.3319 J0.3986
G1 X1.7944 Y-1.687
G2 X1.9559 Y-1.2389 I0.6809 J0.0077
G1 X1.9607 Y-1.2333
G3 Y-1.2137 I-0.0116 J0.0098
G1 X1.9561 Y-1.2082
G2 X1.8071 Y-0.8426 I0.4871 J0.4117
G1 X1.7999 Y-0.7432
G2 X1.7956 Y-0.6528 I1.8291 J0.1325
G1 X1.7953 Y-0.6434
X1.7951 Y-0.6421
X1.7944 Y-0.641
X1.7934 Y-0.6401
X1.7922 Y-0.6397
X1.7909 Y-0.6396
X1.7896 Y-0.64
X1.7889 Y-0.6404
X1.7878 Y-0.6412
X1.7871 Y-0.6424
X1.7868 Y-0.6438
X1.7846 Y-0.9206
G2 X1.7018 Y-1.2057 I-0.5467 J0.0043
G1 X1.6983 Y-1.2114
G3 Y-1.2351 I0.019 J-0.0119
G1 X1.7018 Y-1.2407
G2 X1.783 Y-1.511 I-0.4505 J-0.2826
G1 X1.7951 Y-2.0337
G2 X1.5984 Y-2.462 I-0.5374 J-0.0125
G1 X1.5951 Y-2.4647
G2 X1.1412 Y-2.5745 I-0.3407 J0.4158
G1 X1.1046 Y-2.5666
G2 X0.6878 Y-2.0321 I0.1112 J0.5165
G1 X0.7013 Y-1.6338
G2 X0.8534 Y-1.2381 I0.6481 J-0.022
G1 X0.858 Y-1.2326
G3 Y-1.213 I-0.0117 J0.0098
G1 X0.8534 Y-1.2075
G2 X0.7054 Y-0.8512 I0.4861 J0.4107
G1 X0.6968 Y-0.7511
X0.6945 Y-0.721
X0.6927 Y-0.6909
X0.6923 Y-0.6818
X0.6919 Y-0.6804
X0.691 Y-0.6791
X0.6897 Y-0.6783
X0.6882 Y-0.6781
X0.6868 Y-0.6784
X0.6855 Y-0.6792
X0.6847 Y-0.6805
X0.6844 Y-0.682
X0.6835 Y-0.915
G2 X0.5996 Y-1.2055 I-0.5529 J0.0021
G1 X0.5961 Y-1.2112
G3 Y-1.235 I0.019 J-0.0118
G1 X0.5996 Y-1.2405
G2 X0.68 Y-1.5185 I-0.4439 J-0.279
G1 X0.6812 Y-2.0735
G2 X0.1903 Y-2.5699 I-0.4953 J-0.001
G1 X0.1019 Y-2.5707
G2 X-0.0577 Y-2.5471 I-0.0047 J0.5209
G1 X-0.1024 Y-2.5332
X-0.1203 Y-2.5276
X-0.1234 Y-2.5267 Z0.3003
X-0.1265 Y-2.5258 Z0.3011
X-0.1293 Y-2.525 Z0.3025
X-0.1319 Y-2.5244 Z0.3044
X-0.1342 Y-2.5239 Z0.3067
X-0.1361 Y-2.5236 Z0.3093
X-0.1375 Y-2.5234 Z0.3123
X-0.1383 Z0.3154
X-0.1387 Y-2.5236 Z0.3187
Y-2.5237 Z0.3203
G0 Z0.69
X4.1042 Y0.1369
Z0.3597
G1 Z0.3203 F16.667
X4.1041 Z0.3187 F50.
X4.104 Y0.1365 Z0.3154
Y0.1356 Z0.3123
X4.1042 Y0.1342 Z0.3093
X4.1046 Y0.1324 Z0.3067
X4.1052 Y0.1301 Z0.3044
X4.1059 Y0.1276 Z0.3025
X4.1068 Y0.1247 Z0.3011
X4.1078 Y0.1217 Z0.3003
X4.1088 Y0.1186 Z0.3
X4.115 Y0.101
X4.14 Y0.0296
G2 X4.1547 Y-0.0266 I-0.3339 J-0.117
G1 X4.155 Y-0.0286
X4.1574 Y-0.0444
X4.1592 Y-0.0602
X4.1655 Y-0.1331
G2 X3.9068 Y-0.5481 I-0.4054 J-0.0354
G1 X3.896 Y-0.5522
G3 X3.872 Y-0.5873 I0.0135 J-0.035
G1 X3.8726 Y-0.9075
G2 X3.7699 Y-1.191 I-0.4405 J-0.0008
G1 X3.7622 Y-1.2002
G3 X3.7611 Y-1.247 I0.0288 J-0.0241
G1 X3.789 Y-1.2835
G2 X3.8652 Y-1.5076 I-0.2963 J-0.2257
G1 X3.8653 Y-2.0803
G2 X3.8571 Y-2.1562 I-0.3536 J-0.0001
G1 X3.8561 Y-2.1609
G2 X3.8329 Y-2.2308 I-0.3464 J0.076
G1 X3.8323 Y-2.2323
G2 X3.7863 Y-2.308 I-0.3331 J0.1505
G1 X3.7857 Y-2.3087
G2 X3.6972 Y-2.3895 I-0.2893 J0.228
G1 X3.6966 Y-2.3899
G2 X3.5349 Y-2.4472 I-0.1999 J0.3073
G1 X3.4516 Y-2.456
G2 X3.1402 Y-2.3467 I-0.0402 J0.3836
G1 X3.1336 Y-2.3402
G2 X3.0191 Y-2.0582 I0.2712 J0.2743
G1 X3.0274 Y-1.6421
G2 X3.2053 Y-1.2596 I0.5227 J-0.0104
G1 X3.215 Y-1.2511
G3 X3.2158 Y-1.197 I-0.0241 J0.0274
G1 X3.1852 Y-1.1683
X3.1658 Y-1.1482
G2 X3.0893 Y-1.0412 I0.3644 J0.3414
G1 X3.0882 Y-1.0391
G2 X3.0285 Y-0.8233 I0.4551 J0.2419
G1 X3.028 Y-0.8128
X3.0273 Y-0.4387
X3.0288 Y-0.4088
G3 X2.9954 Y-0.3968 I-0.0185 J0.001
G1 X2.9887 Y-0.4059
G2 X2.8273 Y-0.5361 I-0.3298 J0.2437
G1 X2.7925 Y-0.5518
G3 X2.7704 Y-0.5857 I0.0154 J-0.0342
G1 X2.7681 Y-0.9205
G2 X2.7357 Y-1.0776 I-0.4107 J0.0028
G1 X2.7326 Y-1.0848
G2 X2.6678 Y-1.1913 I-0.3914 J0.1654
G1 X2.6602 Y-1.2003
G3 X2.6606 Y-1.2488 I0.0288 J-0.024
G1 X2.6681 Y-1.2574
G2 X2.7642 Y-1.5174 I-0.3013 J-0.2592
G1 X2.7631 Y-2.0803
G2 X2.7515 Y-2.1697 I-0.3577 J0.0007
G1 X2.7506 Y-2.1733
G2 X2.6956 Y-2.2922 I-0.3563 J0.0928
G1 X2.6938 Y-2.2947
G2 X2.6498 Y-2.3454 I-0.2693 J0.1891
G1 X2.6463 Y-2.3487
G2 X2.6185 Y-2.3725 I-0.2751 J0.2929
G1 X2.616 Y-2.3745
G2 X2.5175 Y-2.4276 I-0.2058 J0.2636
G1 X2.5089 Y-2.4305
G2 X2.4497 Y-2.4453 I-0.118 J0.3481
G1 X2.3789 Y-2.4567
G2 X1.9227 Y-2.0768 I-0.0629 J0.3883
G1 X1.9145 Y-1.6908
G2 X2.0951 Y-1.2669 I0.5598 J0.0119
G1 X2.1132 Y-1.2503
G3 X2.1135 Y-1.1971 I-0.0246 J0.0267
G1 X2.0868 Y-1.172
G2 X1.9563 Y-0.9727 I0.3522 J0.373
G1 X1.956 Y-0.9719
G2 X1.9269 Y-0.8352 I0.4861 J0.1749
G1 X1.9197 Y-0.7374
G2 X1.9226 Y-0.4497 I1.7094 J0.1267
G1 X1.9263 Y-0.4098
G3 X1.8932 Y-0.397 I-0.0184 J0.0017
G1 X1.8812 Y-0.4129
G2 X1.7965 Y-0.4941 I-0.2917 J0.2197
G1 X1.7942 Y-0.4956
G2 X1.7555 Y-0.5188 I-0.2023 J0.2941
G1 X1.6876 Y-0.5538
G3 X1.6673 Y-0.5868 I0.0172 J-0.0333
G1 X1.6645 Y-0.921
G2 X1.5647 Y-1.1904 I-0.4229 J0.0035
G1 X1.5572 Y-1.1993
G3 X1.5573 Y-1.2479 I0.0286 J-0.0242
G1 X1.5649 Y-1.2567
G2 X1.6629 Y-1.5155 I-0.3097 J-0.2654
G1 X1.6715 Y-2.0442
G2 X1.1711 Y-2.4543 I-0.4127 J-0.0067
G1 X1.1193 Y-2.4431
G2 X0.8111 Y-2.0509 I0.0832 J0.3826
G1 X0.8211 Y-1.6424
G2 X1.0003 Y-1.2591 I0.5271 J-0.0129
G1 X1.0101 Y-1.2506
G3 X1.0109 Y-1.1963 I-0.0241 J0.0275
G1 X0.9872 Y-1.1743
G2 X0.8251 Y-0.8419 I0.3508 J0.3768
G1 X0.8164 Y-0.7421
G2 X0.8207 Y-0.436 I1.5185 J0.1317
G1 X0.8235 Y-0.412
G3 X0.7902 Y-0.3984 I-0.0185 J0.0021
G1 X0.778 Y-0.4142
G2 X0.7391 Y-0.457 I-0.2845 J0.2195
G1 X0.7348 Y-0.461
G2 X0.6539 Y-0.5183 I-0.2489 J0.2659
G1 X0.585 Y-0.5541
G3 X0.5648 Y-0.5872 I0.0173 J-0.0333
G1 X0.5634 Y-0.9158
G2 X0.4625 Y-1.1904 I-0.4293 J0.0019
G1 X0.4549 Y-1.1994
G3 X0.4552 Y-1.2481 I0.0287 J-0.0242
G1 X0.4627 Y-1.2568
G2 X0.5599 Y-1.5197 I-0.3034 J-0.2617
G1 X0.5582 Y-2.0821
G2 X0.5498 Y-2.1573 I-0.3503 J0.0011
G1 X0.5486 Y-2.1626
G2 X0.5279 Y-2.2259 I-0.3351 J0.0747
G1 X0.5256 Y-2.231
G2 X0.4822 Y-2.3041 I-0.3184 J0.1397
G1 X0.4801 Y-2.3068
G2 X0.4208 Y-2.3671 I-0.2806 J0.2171
G1 X0.4178 Y-2.3694
G2 X0.297 Y-2.4329 I-0.2257 J0.2829
G1 X0.2934 Y-2.434
G2 X0.1944 Y-2.4492 I-0.103 J0.3402
G1 X0.0963 Y-2.4503
G2 X-0.0319 Y-2.4289 I-0.0042 J0.3697
G1 X-0.1024 Y-2.4038
X-0.1201 Y-2.3975
X-0.1232 Y-2.3964 Z0.3003
X-0.1261 Y-2.3955 Z0.3011
X-0.129 Y-2.3946 Z0.3025
X-0.1316 Y-2.3938 Z0.3044
X-0.1338 Y-2.3932 Z0.3067
X-0.1356 Y-2.3928 Z0.3093
X-0.137 Y-2.3926 Z0.3123
X-0.1379 Z0.3154
X-0.1383 Y-2.3928 Z0.3187
Z0.3203
G0 Z0.69
X3.9781 Y0.1316
Z0.3597
G1 Z0.3203 F16.667
Y0.1315 Z0.3187 F50.
X3.978 Y0.1311 Z0.3154
X3.9783 Y0.1303 Z0.3123
X3.979 Y0.129 Z0.3093
X3.9799 Y0.1274 Z0.3067
X3.9812 Y0.1255 Z0.3044
X3.9827 Y0.1233 Z0.3025
X3.9844 Y0.1208 Z0.3011
X3.9863 Y0.1183 Z0.3003
X3.9883 Y0.1157 Z0.3
X3.9999 Y0.101
X4.0144 Y0.0824
X4.0187 Y0.0767
X4.0229 Y0.0709
X4.025 Y0.0678
X4.0287 Y0.0622
G2 X4.0543 Y0.0124 I-0.2264 J-0.1478
G1 X4.0554 Y0.0095
G2 X4.0696 Y-0.0414 I-0.2494 J-0.097
G1 X4.07 Y-0.0435
G2 X4.0742 Y-0.0929 I-0.2808 J-0.0491
G1 X4.0741 Y-0.1925
X4.0736 Y-0.2054
G2 X4.0684 Y-0.2464 I-0.2435 J0.0099
G1 X4.0674 Y-0.2513
G2 X4.0568 Y-0.2874 I-0.2478 J0.0529
G1 X4.0552 Y-0.2916
G2 X4.0334 Y-0.3363 I-0.2455 J0.0922
G1 X4.0314 Y-0.3396
X4.0253 Y-0.349
X4.0188 Y-0.3582
X4.0168 Y-0.3609
X4.0127 Y-0.3662
X4.0084 Y-0.3714
X4.0077 Y-0.3723
G2 X3.9388 Y-0.4315 I-0.2136 J0.1789
G1 X3.9376 Y-0.4322
G2 X3.7983 Y-0.4732 I-0.1467 J0.2414
G1 X3.7913 Y-0.4733
X3.7854
X3.7837 Y-0.4735
X3.7822 Y-0.4742
X3.7808 Y-0.4752
X3.7798 Y-0.4765
X3.7791 Y-0.4781
X3.7789 Y-0.4798
X3.7791 Y-0.9305
X3.779 Y-0.9379
X3.7788 Y-0.9454
X3.7785 Y-0.9524
G2 X3.5667 Y-1.2121 I-0.2792 J0.0115
G1 X3.5619 Y-1.2133
G2 X3.5107 Y-1.2208 I-0.0634 J0.2549
G1 X3.5061 Y-1.221
G2 X3.4016 Y-1.2034 I-0.0116 J0.2496
G1 X3.3786 Y-1.1942
X3.3739 Y-1.1921
X3.3627 Y-1.187
X3.3516 Y-1.1817
X3.3469 Y-1.1794
X3.3439 Y-1.1777
X3.3315 Y-1.1709
X3.3193 Y-1.1636
X3.3175 Y-1.1626
G2 X3.2688 Y-1.1274 I0.2006 J0.3293
G1 X3.263 Y-1.1225
G2 X3.2331 Y-1.0938 I0.223 J0.263
G1 X3.2272 Y-1.0875
G2 X3.1723 Y-1.013 I0.303 J0.2807
G1 X3.1674 Y-1.0044
X3.1646 Y-0.9991
X3.159 Y-0.9882
X3.1537 Y-0.9773
X3.1514 Y-0.9723
X3.1499 Y-0.9688
X3.145 Y-0.9569
X3.1403 Y-0.9448
X3.1382 Y-0.9392
X3.1287 Y-0.9081
X3.1233 Y-0.8858
X3.123 Y-0.8839
X3.117 Y-0.8465
X3.1164 Y-0.8404
X3.1154 Y-0.8297
X3.1147 Y-0.8189
X3.1144 Y-0.8133
X3.1135 Y-0.4506
G2 X3.1174 Y-0.4015 I0.2961 J0.0007
G1 X3.1181 Y-0.3975
G2 X3.1503 Y-0.3073 I0.2659 J-0.0441
G1 X3.1526 Y-0.3033
G2 X3.2019 Y-0.2411 I0.2323 J-0.1335
G1 X3.2036 Y-0.2395
X3.2072 Y-0.2362
X3.2109 Y-0.2329
X3.2142 Y-0.23
G2 X3.2499 Y-0.2041 I0.156 J-0.1779
G1 X3.2557 Y-0.2007
G2 X3.3994 Y-0.1626 I0.1397 J-0.2365
G1 X3.4027
X3.4044 Y-0.1624
X3.406 Y-0.1618
X3.4073 Y-0.1607
X3.4084 Y-0.1594
X3.4091 Y-0.1578
X3.4093 Y-0.1561
X3.4092 Y-0.0916
G2 X3.4177 Y-0.0233 I0.2771 J0.0004
G1 X3.4184 Y-0.0204
X3.4212 Y-0.0103
X3.4243 Y-0.0004
X3.4248 Y0.001
G2 X3.4558 Y0.0637 I0.2524 J-0.086
G1 X3.4604 Y0.0706
X3.4655 Y0.0778
X3.4708 Y0.0848
X3.4838 Y0.101
X3.4955 Y0.1156
X3.4975 Y0.1182 Z0.3003
X3.4994 Y0.1207 Z0.3011
X3.5012 Y0.123 Z0.3025
X3.5027 Y0.1252 Z0.3044
X3.504 Y0.1272 Z0.3067
X3.505 Y0.1288 Z0.3093
X3.5057 Y0.13 Z0.3123
X3.506 Y0.1309 Z0.3154
Y0.1313 Z0.3187
X3.5059 Z0.3203
G0 Z0.69
X3.4124 Y-0.0494
Z0.3394
G1 Z0.3 F16.667
G2 X3.4997 Y-0.0283 I0.1343 J-0.3647 F50.
G1 X3.4999
G3 X3.5803 Y0.0124 I-0.0159 J0.1312
G1 X3.5843 Y0.0166
X3.5847 Y0.0169
X3.5952 Y0.0263
X3.6065 Y0.0349
X3.6128 Y0.0389
X3.6176 Y0.0418
X3.6287 Y0.0474
X3.633 Y0.0492
X3.6398 Y0.052
X3.6509 Y0.0556
X3.652 Y0.0559
X3.655 Y0.0567
X3.6714 Y0.0598
X3.6731 Y0.0602
X3.6767 Y0.0604
X3.6953 Y0.0614
X3.7428
X3.7841
X3.8063 Y0.0605
X3.8108 Y0.06
X3.8161 Y0.0593
X3.8214 Y0.0582
X3.8306 Y0.056
X3.8397 Y0.0534
X3.8509 Y0.049
X3.8619 Y0.0439
X3.8716 Y0.0383
X3.873 Y0.0375
X3.8775 Y0.0345
X3.8862 Y0.0281
G2 X3.9174 Y-0.0056 I-0.0992 J-0.1232
G1 X3.9221 Y-0.0132
X3.9265 Y-0.0209
X3.9318 Y-0.032
X3.933 Y-0.0354
X3.936 Y-0.0431
X3.9392 Y-0.0542
X3.9394 Y-0.0551
X3.9396 Y-0.0558
X3.9431 Y-0.0763
X3.9439 Y-0.0985
Y-0.1387
Y-0.1872
X3.9426 Y-0.2094
X3.9406 Y-0.2198
G2 X3.9364 Y-0.2369 I-0.0914 J0.0138
G1 X3.9345 Y-0.2426
X3.93 Y-0.2537
X3.9242 Y-0.2648
X3.9234 Y-0.2662
X3.9174 Y-0.276
X3.9092 Y-0.287
X3.9035 Y-0.2933
G2 X3.8904 Y-0.306 I-0.068 J0.0572
G1 X3.8841 Y-0.3113
X3.873 Y-0.319
X3.8719 Y-0.3197
X3.871 Y-0.3202
X3.8609 Y-0.326
X3.8508 Y-0.3307
X3.8398 Y-0.3349
X3.8286 Y-0.3383
X3.8099 Y-0.3415
X3.8064 Y-0.3422
X3.8028 Y-0.3424
X3.7962 Y-0.3426
X3.7841 Y-0.343
X3.7301
X3.6953
X3.6811 Y-0.3424
X3.6793 Y-0.3423
X3.6731 Y-0.3418
X3.662 Y-0.3398
X3.6602 Y-0.3394
X3.6509 Y-0.3372
X3.6397 Y-0.3334
X3.6287 Y-0.329
X3.6123 Y-0.3202
X3.6066 Y-0.3165
X3.6011 Y-0.3125
X3.5954 Y-0.3082
X3.5906 Y-0.3039
X3.5842 Y-0.2981
X3.5797 Y-0.293
X3.5743 Y-0.287
X3.5659 Y-0.2759
X3.5639 Y-0.2727
X3.562 Y-0.2698
X3.5534 Y-0.2537
X3.5489 Y-0.2426
X3.5475 Y-0.2383
X3.5453 Y-0.2315
X3.5407 Y-0.2094
X3.5399 Y-0.1983
X3.5395 Y-0.1872
Y-0.0985
X3.5396 Y-0.0945
X3.5398 Y-0.0835
X3.5406 Y-0.0743
X3.5418 Y-0.0652
X3.5443 Y-0.0542
X3.5474 Y-0.0431
X3.5515 Y-0.0323
X3.5563 Y-0.0218
X3.5601 Y-0.0152
X3.5632 Y-0.0099
X3.5667 Y-0.0048
X3.571 Y0.0013
X3.5803 Y0.0124
X3.5822 Y0.015 Z0.3001
X3.5837 Y0.0179 Z0.3006
X3.5847 Y0.0209 Z0.3013
X3.5852 Y0.024 Z0.3022
X3.5851 Y0.0271 Z0.3033
X3.5846 Y0.03 Z0.3047
X3.5835 Y0.0327 Z0.3062
X3.582 Y0.0351 Z0.3077
X3.58 Y0.0372 Z0.3094
X3.578 Y0.0389 Z0.3112
X3.5762 Y0.0404 Z0.3136
X3.5748 Y0.0416 Z0.3162
X3.5737 Y0.0425 Z0.3192
X3.5731 Y0.043 Z0.3224
X3.5728 Y0.0432 Z0.3256
G0 Z0.69
X3.3889 Y-0.1626
Z0.3394
G1 Z0.3 F16.667
G2 X3.4557 Y-0.2394 I-0.2963 J-0.3252 F50.
G1 X3.4558 Y-0.2396
G3 X3.5386 Y-0.2991 I0.1235 J0.0845
G1 X3.5392 Y-0.2993
X3.5398 Y-0.2995
X3.5622 Y-0.3082
G2 X3.5843 Y-0.3212 I-0.0871 J-0.1726
G1 X3.5878 Y-0.324
X3.5954 Y-0.33
X3.6034 Y-0.3376
X3.6059 Y-0.3399
X3.6082 Y-0.3424
X3.6129 Y-0.348
X3.6175 Y-0.3535
X3.6233 Y-0.3619
X3.6287 Y-0.3704
X3.6323 Y-0.3778
X3.6367 Y-0.3868
X3.6408 Y-0.3978
X3.644 Y-0.4088
X3.6464 Y-0.42
X3.6479 Y-0.4311
X3.648 Y-0.4351
X3.6486 Y-0.4533
Y-0.9189
Y-0.934
Y-0.9411
X3.6465 Y-0.9633
X3.6411 Y-0.9854
G2 X3.631 Y-1.0092 I-0.162 J0.0548
X3.618 Y-1.0298 I-0.1397 J0.0737
G1 X3.6065 Y-1.0434
X3.5983 Y-1.0513
X3.5977 Y-1.052
X3.5843 Y-1.0627
G2 X3.562 Y-1.0758 I-0.1016 J0.1465
G1 X3.5558 Y-1.0786
X3.5509 Y-1.0806
X3.5398 Y-1.0845
X3.5296 Y-1.0871
X3.5287 Y-1.0873
X3.5176 Y-1.0894
X3.4954 Y-1.091
X3.4886 Y-1.0906
X3.4843 Y-1.0904
X3.4732 Y-1.0886
X3.4729 Y-1.0885
X3.451 Y-1.0822
X3.4293 Y-1.0741
X3.4072 Y-1.0638
X3.4066 Y-1.0635
X3.387 Y-1.0523
X3.3863 Y-1.052
X3.3852 Y-1.0513
X3.3844 Y-1.0508
X3.3733 Y-1.0435
X3.3622 Y-1.0354
X3.3509 Y-1.0262
X3.3399 Y-1.0166
X3.3325 Y-1.0093
X3.3253 Y-1.0016
G2 X3.2947 Y-0.9633 I0.2049 J0.1948
G1 X3.2835 Y-0.9448
X3.2813 Y-0.9411
X3.2756 Y-0.9301
X3.2702 Y-0.9189
X3.2614 Y-0.8967
X3.2546 Y-0.8746
X3.2511 Y-0.8604
X3.2495 Y-0.8518
X3.2482 Y-0.8432
X3.2462 Y-0.8302
X3.2446 Y-0.8081
X3.2444 Y-0.7953
X3.2442 Y-0.7859
Y-0.4533
X3.245 Y-0.4311
X3.2453 Y-0.4288
X3.2465 Y-0.42
X3.2489 Y-0.4089
X3.2503 Y-0.4034
X3.2511 Y-0.4006
X3.2562 Y-0.3868
X3.2613 Y-0.3757
X3.267 Y-0.3657
X3.2733 Y-0.3562
G2 X3.2913 Y-0.3358 I0.1116 J-0.0806
G1 X3.2955 Y-0.3317
X3.2986 Y-0.3293
X3.31 Y-0.3202
X3.3177 Y-0.3153
X3.319 Y-0.3146
X3.3288 Y-0.3091
X3.3353 Y-0.3061
X3.3399 Y-0.3041
X3.3515 Y-0.3002
X3.358 Y-0.2981
G2 X3.3844 Y-0.2935 I0.0388 J-0.1465
G1 X3.4066 Y-0.2929
X3.4954
X3.4998 Y-0.2932
X3.5176 Y-0.2945
X3.5283 Y-0.2967
X3.5334 Y-0.2978
X3.5386 Y-0.2991
X3.5418 Y-0.2997 Z0.3001
X3.545 Z0.3006
X3.5482 Y-0.2993 Z0.3013
X3.5512 Y-0.2984 Z0.3022
X3.5539 Y-0.297 Z0.3033
X3.5563 Y-0.2952 Z0.3047
X3.5583 Y-0.2931 Z0.3062
X3.5598 Y-0.2907 Z0.3077
X3.5608 Y-0.288 Z0.3094
X3.5614 Y-0.2854 Z0.3112
X3.562 Y-0.2832 Z0.3136
X3.5625 Y-0.2814 Z0.3162
X3.5628 Y-0.28 Z0.3192
X3.563 Y-0.2792 Z0.3224
X3.5631 Y-0.2789 Z0.3256
G0 Z0.69
X1.5484 Y-1.2254
Z0.3394
G1 Z0.3 F16.667
G2 X1.5382 Y-1.3069 I-0.355 J0.0027 F50.
G3 X1.5471 Y-1.3885 I0.117 J-0.0286
G2 X1.5695 Y-1.4575 I-0.2283 J-0.112
G1 X1.5704 Y-1.4628
G2 X1.5745 Y-1.5121 I-0.2863 J-0.0491
G1 X1.5743 Y-2.0804
G2 X1.5666 Y-2.1442 I-0.2682 J0.0001
G1 X1.5648 Y-2.1516
G2 X1.5552 Y-2.1818 I-0.2301 J0.0564
G1 X1.5543 Y-2.1841
G2 X1.5388 Y-2.2165 I-0.2384 J0.0937
G1 X1.5354 Y-2.2226
G2 X1.5174 Y-2.2499 I-0.2114 J0.1196
G1 X1.5162 Y-2.2514
X1.5092 Y-2.2602
X1.5018 Y-2.2687
X1.4972 Y-2.2737
G2 X1.471 Y-2.2983 I-0.1779 J0.1635
G1 X1.4666 Y-2.3018
G2 X1.4363 Y-2.3228 I-0.1567 J0.1941
G1 X1.4317 Y-2.3255
X1.4238 Y-2.3299
X1.4157 Y-2.334
X1.4128 Y-2.3354
X1.4036 Y-2.3396
X1.3942 Y-2.3433
X1.385 Y-2.3467
G2 X1.3459 Y-2.3575 I-0.0831 J0.2245
G1 X1.3415 Y-2.3583
X1.3329 Y-2.3598
X1.3242 Y-2.3608
X1.3147 Y-2.3618
X1.3044 Y-2.3626
X1.2942 Y-2.363
X1.197 Y-2.3639
G2 X0.9778 Y-2.2644 I-0.0027 J0.2853
G1 X0.9766 Y-2.263
G2 X0.9468 Y-2.2204 I0.2003 J0.1719
G1 X0.9411 Y-2.2102
X0.9393 Y-2.2066
G2 X0.925 Y-2.1729 I0.2642 J0.1316
G1 X0.9236 Y-2.1689
X0.9214 Y-2.1618
X0.9181 Y-2.1501
X0.9154 Y-2.1382
X0.9142 Y-2.132
G2 X0.9098 Y-2.0919 I0.243 J0.0471
G1 X0.9092 Y-2.0712
X0.9079 Y-1.6534
G2 X1.03 Y-1.351 I0.4323 J0.0013
G1 X1.0322 Y-1.3487
G2 X1.1737 Y-1.2529 I0.3006 J-0.2917
G1 X1.1831 Y-1.2491
X1.1962 Y-1.244
G2 X1.2581 Y-1.228 I0.0991 J-0.2555
G1 X1.2611 Y-1.2276
G2 X1.2903 Y-1.2256 I0.0286 J-0.209
G1 X1.2925 Y-1.2257
X1.3006 Y-1.2258
X1.3087 Y-1.2263
X1.3157 Y-1.2269
G2 X1.3687 Y-1.2367 I-0.0201 J-0.2562
G1 X1.3761 Y-1.2389
X1.3844 Y-1.2415
X1.3925 Y-1.2445
X1.3956 Y-1.2457
X1.4051 Y-1.2497
X1.4144 Y-1.2541
X1.4229 Y-1.2585
G2 X1.4578 Y-1.2801 I-0.1117 J-0.2193
G1 X1.4613 Y-1.2827
X1.4678 Y-1.2877
X1.4742 Y-1.293
X1.4765 Y-1.295
X1.4856 Y-1.3033
X1.4943 Y-1.3121
X1.5032 Y-1.3216
X1.5056 Y-1.3243
X1.508 Y-1.3271
X1.5107 Y-1.3304
X1.5193 Y-1.3413
X1.5272 Y-1.3527
X1.5279 Y-1.3538
X1.5334 Y-1.3626
X1.5384 Y-1.3717
X1.5441 Y-1.3827
X1.5457 Y-1.3856
X1.5471 Y-1.3885
G2 X1.5124 Y-1.5404 I-0.1109 J-0.0545
G1 X1.5122 Y-1.5405
G3 X1.4439 Y-1.6807 I0.1095 J-0.1401
G1 Y-2.0719
Y-2.0729
X1.4431 Y-2.0941
X1.4421 Y-2.102
X1.4417 Y-2.1052
X1.4394 Y-2.1163
X1.4363 Y-2.1274
X1.4333 Y-2.1355
X1.4299 Y-2.1435
X1.4207 Y-2.1606
X1.4203 Y-2.1613
X1.4147 Y-2.1696
X1.408 Y-2.1781
X1.4029 Y-2.1839
X1.3974 Y-2.1894
X1.3947 Y-2.1921
X1.3855 Y-2.1999
X1.3788 Y-2.205
X1.3633 Y-2.2145
X1.3522 Y-2.2199
X1.3411 Y-2.2242
X1.3404 Y-2.2244
X1.3317 Y-2.2272
X1.3218 Y-2.2294
X1.3185 Y-2.2302
X1.3153 Y-2.2306
X1.3079 Y-2.2318
X1.3004 Y-2.2323
X1.2967 Y-2.2326
X1.2412 Y-2.2328
X1.1856 Y-2.2325
X1.1774 Y-2.2319
X1.1745 Y-2.2316
X1.1634 Y-2.2299
X1.1517 Y-2.2272
X1.1417 Y-2.224
X1.132 Y-2.2202
X1.1301 Y-2.2194
X1.1241 Y-2.2164
X1.119 Y-2.2139
X1.1173 Y-2.2128
X1.1046 Y-2.205
X1.0968 Y-2.1991
G2 X1.0761 Y-2.1788 I0.0975 J0.1205
X1.0628 Y-2.1606 I0.1008 J0.0877
G1 X1.0571 Y-2.1508
G2 X1.0471 Y-2.1274 I0.1494 J0.0771
G1 X1.0443 Y-2.1174
X1.044 Y-2.1163
X1.0417 Y-2.1052
X1.0407 Y-2.0976
X1.0402 Y-2.0941
X1.0395 Y-2.0719
Y-1.6506
X1.0396 Y-1.6468
X1.0403 Y-1.6285
X1.0428 Y-1.6063
X1.045 Y-1.5943
X1.0469 Y-1.5841
X1.0524 Y-1.5635
X1.0528 Y-1.562
X1.0564 Y-1.552
X1.0607 Y-1.5398
X1.0698 Y-1.5191
X1.0705 Y-1.5176
X1.0763 Y-1.5062
X1.0828 Y-1.4951
X1.0972 Y-1.4733
X1.1078 Y-1.4597
X1.119 Y-1.4466
X1.1368 Y-1.4289
G2 X1.1641 Y-1.4067 I0.2035 J-0.2232
G1 X1.1749 Y-1.3992
X1.1856 Y-1.3925
X1.1996 Y-1.3846
X1.2078 Y-1.3804
X1.2122 Y-1.3785
X1.2301 Y-1.3706
X1.2473 Y-1.3646
G2 X1.2745 Y-1.3572 I0.0587 J-0.1618
G1 X1.2856 Y-1.356
X1.2967 Y-1.3561
X1.3189 Y-1.3585
X1.3349 Y-1.3624
X1.3379 Y-1.3634
X1.3411 Y-1.3644
X1.3522 Y-1.3688
X1.3633 Y-1.3742
X1.3715 Y-1.3789
X1.38 Y-1.3846
X1.3831 Y-1.3869
X1.3855 Y-1.3887
X1.3951 Y-1.3969
X1.4011 Y-1.403
X1.4045 Y-1.4065
X1.4077 Y-1.4103
X1.4152 Y-1.4197
X1.4192 Y-1.4259
X1.4212 Y-1.4289
X1.4299 Y-1.4452
X1.4313 Y-1.4483
X1.4325 Y-1.4511
X1.4366 Y-1.4622
X1.4397 Y-1.4733
X1.4415 Y-1.4824
X1.4419 Y-1.4843
X1.4431 Y-1.4948
X1.4432 Y-1.4954
X1.4439 Y-1.5176
Y-1.6807
X1.4441 Y-1.6839 Z0.3001
X1.4449 Y-1.6871 Z0.3006
X1.4461 Y-1.69 Z0.3013
X1.4477 Y-1.6927 Z0.3022
X1.4497 Y-1.695 Z0.3033
X1.452 Y-1.6969 Z0.3047
X1.4546 Y-1.6983 Z0.3062
X1.4573 Y-1.6991 Z0.3077
X1.4601 Y-1.6994 Z0.3094
G18 G2 X1.4695 Z0.3256 I-0.0094 K0.0162
G0 Z0.69
X1.9173 Y-1.8215
Z0.3394
G1 Z0.3 F16.667
G17 G2 X1.9746 Y-1.7404 I0.3771 J-0.2054 F50.
G3 X2.0117 Y-1.6483 I-0.1085 J0.0973
G1 X2.0127 Y-1.6194
X2.0128 Y-1.6175
X2.0161 Y-1.5884
X2.0165 Y-1.5857
X2.0219 Y-1.5566
X2.024 Y-1.5477
G2 X2.0364 Y-1.5069 I0.3472 J-0.0831
G1 X2.0416 Y-1.4931
G2 X2.0683 Y-1.4366 I0.3299 J-0.1221
G1 X2.074 Y-1.4271
X2.0822 Y-1.4142
G2 X2.1044 Y-1.3833 I0.2878 J-0.1837
G1 X2.1095 Y-1.3771
X2.1201 Y-1.3646
X2.1312 Y-1.3526
X2.1387 Y-1.3449
G2 X2.1639 Y-1.3216 I0.2387 J-0.2327
G1 X2.1672 Y-1.3188
G2 X2.2187 Y-1.2822 I0.2637 J-0.3161
G1 X2.2227 Y-1.2798
G2 X2.2775 Y-1.2523 I0.2058 J-0.3421
G1 X2.2813 Y-1.2507
X2.2967 Y-1.2448
X2.3124 Y-1.2397
X2.3255 Y-1.2358
G2 X2.4311 Y-1.2281 I0.07 J-0.2325
G1 X2.4352 Y-1.2287
G2 X2.5937 Y-1.3089 I-0.0415 J-0.2788
G1 X2.5969 Y-1.3121
X2.6031 Y-1.3186
X2.609 Y-1.3254
X2.6127 Y-1.3298
G2 X2.6338 Y-1.3595 I-0.182 J-0.1517
G1 X2.6375 Y-1.3657
G2 X2.6765 Y-1.5051 I-0.2342 J-0.1407
G1 X2.6766 Y-1.5176
X2.6767 Y-2.0795
G2 X2.6676 Y-2.1493 I-0.2714 J-0.0001
G1 X2.6661 Y-2.1551
X2.6636 Y-2.1638
X2.6608 Y-2.1724
X2.6592 Y-2.1768
X2.6549 Y-2.1882
X2.65 Y-2.1994
X2.6491 Y-2.2013
X2.645 Y-2.2096
X2.6406 Y-2.2178
X2.6392 Y-2.2203
X2.6337 Y-2.2295
X2.6278 Y-2.2384
X2.6238 Y-2.2442
G2 X2.593 Y-2.2803 I-0.1993 J0.1387
G1 X2.5878 Y-2.2853
X2.578 Y-2.2943
X2.5676 Y-2.3028
X2.5577 Y-2.3104
X2.5537 Y-2.3133
G2 X2.4898 Y-2.3459 I-0.1435 J0.2024
G1 X2.4812 Y-2.3488
G2 X2.389 Y-2.3637 I-0.0903 J0.2663
G1 X2.293 Y-2.363
X2.2856 Y-2.3628
G2 X2.2372 Y-2.3571 I0.0073 J0.2708
G1 X2.2357 Y-2.3568
G2 X2.1951 Y-2.3447 I0.053 J0.2516
G1 X2.1874 Y-2.3417
G2 X2.1415 Y-2.3179 I0.09 J0.2304
G1 X2.138 Y-2.3156
X2.1305 Y-2.3105
X2.1232 Y-2.3051
X2.1197 Y-2.3024
X2.1108 Y-2.2951
X2.1023 Y-2.2873
X2.0944 Y-2.2797
X2.0863 Y-2.2714
X2.0787 Y-2.2628
X2.0754 Y-2.2588
X2.0681 Y-2.2496
X2.0613 Y-2.24
X2.0597 Y-2.2376
X2.0526 Y-2.2264
X2.046 Y-2.2149
X2.0432 Y-2.2097
X2.0409 Y-2.2053
X2.0388 Y-2.2008
X2.0329 Y-2.1875
X2.0316 Y-2.1841
G2 X2.0211 Y-2.1525 I0.2757 J0.1086
G1 X2.0201 Y-2.1488
X2.0166 Y-2.1326
X2.0154 Y-2.126
X2.0145 Y-2.1193
X2.0125 Y-2.1014
X2.0124 Y-2.0994
X2.0116 Y-2.0713
Y-1.65
X2.0117 Y-1.6483
G2 X2.091 Y-1.5526 I0.1015 J-0.0035
G1 X2.0912
G3 X2.1937 Y-1.4821 I-0.036 J0.1621
G1 X2.1996 Y-1.4733
Y-1.4732
X2.2073 Y-1.4632
X2.2175 Y-1.4511
X2.2295 Y-1.4383
X2.2327 Y-1.4351
X2.2391 Y-1.4289
X2.2517 Y-1.4181
X2.254 Y-1.4163
X2.2665 Y-1.4067
X2.2708 Y-1.4036
X2.2739 Y-1.4014
X2.2877 Y-1.393
X2.2947 Y-1.3886
X2.3019 Y-1.3846
X2.3183 Y-1.3766
X2.3231 Y-1.3746
X2.3405 Y-1.3676
X2.3516 Y-1.3639
X2.3627 Y-1.3605
X2.3704 Y-1.3586
X2.3738 Y-1.3577
X2.3849 Y-1.3563
X2.396 Y-1.356
X2.4072 Y-1.3567
X2.4183 Y-1.358
X2.4278 Y-1.36
X2.4373 Y-1.3624
X2.445 Y-1.3652
X2.4514 Y-1.3675
X2.4576 Y-1.3703
X2.4627 Y-1.3726
X2.4738 Y-1.3788
G2 X2.496 Y-1.3957 I-0.0801 J-0.1287
G1 X2.505 Y-1.4046
X2.5071 Y-1.4067
X2.5182 Y-1.4206
X2.5236 Y-1.4289
X2.5298 Y-1.44
X2.5309 Y-1.4424
X2.5349 Y-1.4511
X2.5404 Y-1.4671
G2 X2.5456 Y-1.4954 I-0.1499 J-0.0421
G1 X2.5463 Y-1.5176
Y-2.0719
X2.5455 Y-2.0924
Y-2.0941
X2.5441 Y-2.1052
X2.5424 Y-2.1134
X2.5404 Y-2.1215
X2.5394 Y-2.1245
X2.5345 Y-2.1385
X2.5303 Y-2.1475
X2.5294 Y-2.1496
X2.5231 Y-2.1606
X2.5181 Y-2.1681
X2.5127 Y-2.1753
X2.5062 Y-2.1828
X2.496 Y-2.1931
X2.4935 Y-2.195
X2.4811 Y-2.205
G2 X2.4516 Y-2.2212 I-0.098 J0.1438
G1 X2.4341 Y-2.2272
X2.4294 Y-2.2284
X2.4183 Y-2.2307
X2.4072 Y-2.2321
X2.3849 Y-2.2327
X2.368
X2.2961
X2.2828 Y-2.2319
X2.2739 Y-2.2313
X2.2541 Y-2.2272
X2.2533 Y-2.227
X2.2517 Y-2.2265
X2.2405 Y-2.2226
X2.2295 Y-2.218
X2.2216 Y-2.2139
X2.2184 Y-2.2122
X2.207 Y-2.205
X2.2004 Y-2.1999
X2.196 Y-2.1965
X2.1872 Y-2.1883
X2.1844 Y-2.1856
X2.1818 Y-2.1828
X2.1726 Y-2.1717
X2.1651 Y-2.1606
X2.1619 Y-2.1554
X2.159 Y-2.1499
X2.1578 Y-2.1477
X2.1536 Y-2.1385
G2 X2.1463 Y-2.1163 I0.1575 J0.0642
G1 X2.1459 Y-2.1144
X2.144 Y-2.1052
X2.1426 Y-2.0941
X2.1425 Y-2.0924
X2.1419 Y-2.0719
Y-1.7176
Y-1.6506
X2.1427 Y-1.6285
X2.1451 Y-1.6063
X2.1493 Y-1.5841
X2.1535 Y-1.5685
X2.1552 Y-1.562
X2.163 Y-1.5398
X2.1675 Y-1.5287
X2.1729 Y-1.5176
X2.1851 Y-1.4952
X2.1937 Y-1.4821
X2.1953 Y-1.4792 Z0.3001
X2.1965 Y-1.4762 Z0.3006
X2.1971 Y-1.4731 Z0.3013
X2.1972 Y-1.4699 Z0.3022
X2.1968 Y-1.4669 Z0.3033
X2.1959 Y-1.4641 Z0.3047
X2.1945 Y-1.4615 Z0.3062
X2.1927 Y-1.4593 Z0.3077
X2.1905 Y-1.4575 Z0.3094
X2.1883 Y-1.456 Z0.3112
X2.1864 Y-1.4547 Z0.3136
X2.1848 Y-1.4537 Z0.3162
X2.1836 Y-1.4529 Z0.3192
X2.1829 Y-1.4525 Z0.3224
X2.1827 Y-1.4523 Z0.3256
G0 Z0.69
X3.0256 Y-1.7321
Z0.3394
G1 Z0.3 F16.667
G2 X3.0797 Y-1.6653 I0.3397 J-0.2195 F50.
G3 X3.1184 Y-1.5885 I-0.0967 J0.0969
G1 X3.1189 Y-1.5857
X3.1245 Y-1.5557
X3.1249 Y-1.5539
X3.1327 Y-1.5248
X3.1333 Y-1.5231
X3.1433 Y-1.4944
X3.1452 Y-1.4896
X3.1505 Y-1.4771
X3.1561 Y-1.4647
X3.1582 Y-1.4604
X3.1598 Y-1.4571
X3.165 Y-1.4473
X3.1704 Y-1.4376
X3.1736 Y-1.4318
X3.1755 Y-1.4285
X3.1774 Y-1.4254
X3.1845 Y-1.4143
G2 X3.2076 Y-1.3823 I0.2869 J-0.183
G1 X3.2126 Y-1.3762
G2 X3.2766 Y-1.3132 I0.3181 J-0.2592
G1 X3.2824 Y-1.3086
X3.2856 Y-1.3061
X3.2889 Y-1.3038
X3.3101 Y-1.289
X3.3149 Y-1.2859
X3.3198 Y-1.2829
X3.3457 Y-1.2682
X3.3512 Y-1.2655
X3.3623 Y-1.2601
X3.3736 Y-1.255
X3.3789 Y-1.2527
X3.405 Y-1.2425
G2 X3.5061 Y-1.2259 I0.0895 J-0.2297
G1 X3.5107 Y-1.2261
G2 X3.5555 Y-1.2321 I-0.0123 J-0.2628
G1 X3.559 Y-1.2329
G2 X3.6002 Y-1.2458 I-0.0547 J-0.2465
G1 X3.6065 Y-1.2484
G2 X3.6638 Y-1.281 I-0.0989 J-0.2408
G1 X3.6672 Y-1.2836
X3.6728 Y-1.2879
X3.6816 Y-1.2952
X3.6899 Y-1.303
X3.6976 Y-1.3105
X3.7056 Y-1.3188
X3.7131 Y-1.3275
X3.7166 Y-1.3318
X3.7225 Y-1.3393
X3.728 Y-1.347
X3.7312 Y-1.3517
G2 X3.7514 Y-1.3874 I-0.2109 J-0.1429
G1 X3.7542 Y-1.3934
X3.759 Y-1.4045
X3.7632 Y-1.4159
X3.7659 Y-1.4241
X3.7667 Y-1.4269
G2 X3.7774 Y-1.4804 I-0.2741 J-0.0824
G1 X3.7778 Y-1.4844
X3.778 Y-1.4877
X3.7786 Y-1.501
X3.7789 Y-1.5144
X3.779 Y-2.0804
G2 X3.7728 Y-2.1377 I-0.2673 J-0.0001
G1 X3.7718 Y-2.1424
G2 X3.754 Y-2.1958 I-0.262 J0.0575
G1 X3.7528 Y-2.1984
G2 X3.7364 Y-2.229 I-0.238 J0.1081
G1 X3.7356 Y-2.2303
X3.7329 Y-2.2345
X3.7301 Y-2.2386
X3.728 Y-2.2417
X3.7238 Y-2.2475
X3.7195 Y-2.2533
X3.7181 Y-2.255
G2 X3.6501 Y-2.3172 I-0.2218 J0.1743
G1 X3.6495 Y-2.3176
G2 X3.5051 Y-2.3628 I-0.1528 J0.2349
G1 X3.4992 Y-2.363
X3.4047 Y-2.3644
G2 X3.1129 Y-2.076 I-0.0043 J0.2875
G1 X3.1143 Y-1.6396
X3.1151 Y-1.6194
X3.1152 Y-1.6176
X3.1184 Y-1.5885
G2 X3.2019 Y-1.521 I0.0757 J-0.0083
G1 X3.2021
G3 X3.2998 Y-1.4763 I0.0109 J0.1051
G1 X3.3009 Y-1.4748
X3.3019 Y-1.4733
X3.3108 Y-1.4621
X3.3198 Y-1.4511
X3.3292 Y-1.4409
X3.3294 Y-1.4407
X3.3415 Y-1.4289
X3.3622 Y-1.4115
X3.3631 Y-1.4108
X3.3688 Y-1.4067
X3.3844 Y-1.3961
X3.3966 Y-1.389
X3.4043 Y-1.3846
X3.4066 Y-1.3834
X3.4208 Y-1.3768
X3.4288 Y-1.373
X3.4362 Y-1.3703
X3.451 Y-1.3647
X3.4621 Y-1.3615
X3.4732 Y-1.3584
X3.4793 Y-1.3574
X3.4843 Y-1.3566
X3.4922 Y-1.3561
X3.4954 Y-1.3559
X3.5086 Y-1.3569
X3.5176 Y-1.3575
X3.5398 Y-1.3624
X3.5511 Y-1.3665
X3.562 Y-1.3711
X3.5676 Y-1.3741
X3.5731 Y-1.3771
X3.5848 Y-1.3846
X3.5908 Y-1.3893
X3.5954 Y-1.393
X3.6065 Y-1.4035
X3.6094 Y-1.4067
X3.6114 Y-1.4092
X3.6185 Y-1.4178
X3.625 Y-1.4276
X3.6259 Y-1.4289
X3.6278 Y-1.432
X3.6287 Y-1.4334
X3.6372 Y-1.4511
X3.6413 Y-1.4622
G2 X3.648 Y-1.4954 I-0.1503 J-0.0474
G1 X3.6486 Y-1.5176
Y-1.8984
Y-2.0719
X3.6478 Y-2.0941
X3.6469 Y-2.1018
X3.6465 Y-2.1052
X3.644 Y-2.1164
X3.641 Y-2.1274
X3.6368 Y-2.1385
X3.636 Y-2.1404
X3.6331 Y-2.1468
X3.6294 Y-2.1538
X3.6255 Y-2.1606
X3.6178 Y-2.1717
X3.6086 Y-2.1828
X3.6081 Y-2.1833
X3.6065 Y-2.1852
X3.5959 Y-2.1951
X3.5954 Y-2.1957
X3.5951 Y-2.1958
X3.5843 Y-2.2044
X3.5842
X3.5728 Y-2.2118
X3.562 Y-2.2176
X3.5509 Y-2.2224
X3.5475 Y-2.2236
X3.5398 Y-2.2262
X3.5375 Y-2.2269
X3.5364 Y-2.2272
X3.5276 Y-2.229
X3.5176 Y-2.2312
X3.505 Y-2.2321
X3.4954 Y-2.2327
X3.4066
X3.3986 Y-2.2325
X3.3844 Y-2.2321
G2 X3.36 Y-2.228 I0.0108 J0.1396
G1 X3.3564 Y-2.2272
X3.3422 Y-2.2223
X3.3399 Y-2.2215
X3.3331 Y-2.2185
X3.3288 Y-2.2166
X3.3177 Y-2.2104
X3.3093 Y-2.205
X3.3043 Y-2.2009
X3.2955 Y-2.194
X3.2871 Y-2.1856
X3.2842 Y-2.1828
X3.278 Y-2.1753
X3.2733 Y-2.1695
X3.2669 Y-2.1597
X3.2611 Y-2.1496
X3.256 Y-2.1385
X3.2511 Y-2.1251
X3.2505 Y-2.1228
X3.2487 Y-2.1163
X3.2464 Y-2.1052
X3.2456 Y-2.0992
X3.2449 Y-2.0941
X3.2442 Y-2.0719
Y-1.6506
X3.2446 Y-1.6404
X3.245 Y-1.6285
X3.2475 Y-1.6063
X3.2494 Y-1.5952
X3.2517 Y-1.5841
X3.2546 Y-1.5733
X3.2576 Y-1.562
X3.2654 Y-1.5398
X3.2733 Y-1.5216
X3.2735 Y-1.5211
X3.2752 Y-1.5176
X3.2873 Y-1.4954
X3.2934 Y-1.4858
X3.2998 Y-1.4763
X3.3014 Y-1.4734 Z0.3001
X3.3026 Y-1.4704 Z0.3006
X3.3033 Y-1.4673 Z0.3013
X3.3034 Y-1.4641 Z0.3022
X3.303 Y-1.4611 Z0.3033
X3.3022 Y-1.4583 Z0.3047
X3.3008 Y-1.4557 Z0.3062
X3.299 Y-1.4534 Z0.3077
X3.2968 Y-1.4516 Z0.3094
X3.2946 Y-1.4501 Z0.3112
X3.2927 Y-1.4488 Z0.3136
X3.2912 Y-1.4478 Z0.3162
X3.29 Y-1.447 Z0.3192
X3.2893 Y-1.4466 Z0.3224
X3.2891 Y-1.4464 Z0.3256
G0 Z0.69
X2.0451 Y0.1383
Z0.3597
G1 Z0.3203 F16.667
Z0.3187 F50.
X2.0448 Y0.1379 Z0.3154
X2.0447 Y0.137 Z0.3123
Y0.1356 Z0.3093
Y0.1338 Z0.3067
X2.0449 Y0.1314 Z0.3044
X2.0451 Y0.1288 Z0.3025
X2.0455 Y0.1258 Z0.3011
X2.0459 Y0.1227 Z0.3003
X2.0464 Y0.1195 Z0.3
X2.0493 Y0.101
X2.0581 Y0.0451
G3 X2.0992 Y0.0244 I0.028 J0.0044
G1 X2.1053 Y0.0276
G3 X2.1201 Y0.0489 I-0.0132 J0.0251
G1 X2.127 Y0.101
X2.1295 Y0.1195
X2.1299 Y0.1228 Z0.3003
X2.1302 Y0.1259 Z0.3011
X2.1305 Y0.1289 Z0.3025
X2.1307 Y0.1315 Z0.3044
X2.1308 Y0.1339 Z0.3067
Y0.1357 Z0.3093
X2.1307 Y0.1372 Z0.3123
X2.1305 Y0.138 Z0.3154
X2.1303 Y0.1383 Z0.3187
X2.1302 Y0.1384 Z0.3203
G0 Z0.69
X1.8996 Y0.1369
Z0.3597
G1 Z0.3203 F16.667
X1.8995 Z0.3187 F50.
X1.8993 Y0.1365 Z0.3154
Y0.1356 Z0.3123
X1.8995 Y0.1343 Z0.3093
X1.8999 Y0.1324 Z0.3067
X1.9005 Y0.1302 Z0.3044
X1.9012 Y0.1276 Z0.3025
X1.9021 Y0.1247 Z0.3011
X1.9031 Y0.1217 Z0.3003
X1.9041 Y0.1187 Z0.3
X1.9103 Y0.101
X1.9349 Y0.0303
G2 X1.9472 Y-0.0135 I-0.3493 J-0.1218
G1 X1.9476 Y-0.0153
G2 X1.9557 Y-0.0919 I-0.3516 J-0.0759
G1 X1.9555 Y-0.2004
X1.9545 Y-0.2271
G3 X1.988 Y-0.2387 I0.0185 J-0.0007
G1 X1.9944 Y-0.23
G2 X2.1228 Y-0.1188 I0.3022 J-0.2194
G1 X2.1947 Y-0.081
G3 X2.213 Y-0.0591 I-0.0175 J0.0332
G1 X2.2401 Y0.0271
X2.2662 Y0.101
X2.2725 Y0.1186
X2.2736 Y0.1217 Z0.3003
X2.2745 Y0.1247 Z0.3011
X2.2754 Y0.1275 Z0.3025
X2.2762 Y0.1301 Z0.3044
X2.2767 Y0.1324 Z0.3067
X2.2771 Y0.1342 Z0.3093
X2.2774 Y0.1356 Z0.3123
Y0.1365 Z0.3154
X2.2772 Y0.1369 Z0.3187
X2.2771 Z0.3203
G0 Z0.69
X2.8757 Y0.1315
Z0.3597
G1 Z0.3203 F16.667
Z0.3187 F50.
X2.8756 Y0.1311 Z0.3154
X2.8759 Y0.1302 Z0.3123
X2.8766 Y0.129 Z0.3093
X2.8776 Y0.1274 Z0.3067
X2.8788 Y0.1254 Z0.3044
X2.8803 Y0.1232 Z0.3025
X2.8821 Y0.1208 Z0.3011
X2.884 Y0.1183 Z0.3003
X2.886 Y0.1157 Z0.3
X2.8975 Y0.101
X2.913 Y0.0812
X2.9185 Y0.0739
X2.9237 Y0.0663
X2.9253 Y0.0638
G2 X2.9542 Y0.0063 I-0.23 J-0.1516
G1 X2.9552 Y0.0037
G2 X2.9732 Y-0.1041 I-0.2829 J-0.1027
G1 X2.9717 Y-0.1963
G2 X2.9663 Y-0.2452 I-0.2672 J0.0045
G1 X2.9657 Y-0.2484
G2 X2.9534 Y-0.29 I-0.2499 J0.0509
G1 X2.9511 Y-0.296
G2 X2.9283 Y-0.3408 I-0.2364 J0.092
G1 X2.9263 Y-0.3439
X2.9216 Y-0.351
X2.9166 Y-0.358
X2.9145 Y-0.3607
X2.9076 Y-0.3695
X2.9003 Y-0.378
X2.8966 Y-0.3821
X2.8892 Y-0.39
X2.8814 Y-0.3974
X2.8781 Y-0.4004
X2.8731 Y-0.4048
X2.868 Y-0.4091
X2.8659 Y-0.4108
X2.8603 Y-0.4152
X2.8546 Y-0.4195
X2.8523 Y-0.4211
G2 X2.7856 Y-0.4557 I-0.1488 J0.2056
G1 X2.7732 Y-0.46
G2 X2.7298 Y-0.47 I-0.0701 J0.2051
G1 X2.717 Y-0.4716
G2 X2.6861 Y-0.4731 I-0.0261 J0.2096
G1 X2.6832 Y-0.473
X2.6815 Y-0.4732
X2.6799 Y-0.4739
X2.6785 Y-0.4749
X2.6775 Y-0.4763
X2.6768 Y-0.4778
X2.6766 Y-0.4795
X2.6768 Y-0.9308
X2.6766 Y-0.9414
X2.6761 Y-0.952
X2.6758 Y-0.957
G2 X2.6672 Y-1.0098 I-0.2649 J0.0162
G1 X2.6659 Y-1.0147
G2 X2.6502 Y-1.0571 I-0.2445 J0.0658
G1 X2.6492 Y-1.0593
G2 X2.6307 Y-1.0924 I-0.2501 J0.1183
G1 X2.627 Y-1.098
G2 X2.3926 Y-1.2215 I-0.2284 J0.1494
G1 X2.3882 Y-1.2214
G2 X2.3284 Y-1.2119 I0.005 J0.2247
G1 X2.3106 Y-1.2066
X2.2787 Y-1.1952
X2.2709 Y-1.1918
G2 X2.2106 Y-1.1597 I0.1666 J0.3852
G1 X2.2 Y-1.1528
X2.1715 Y-1.1316
X2.1526 Y-1.1154
X2.144 Y-1.1072
G2 X2.0977 Y-1.0551 I0.2951 J0.3082
G1 X2.0934 Y-1.0492
X2.0918 Y-1.0469
G2 X2.0672 Y-1.0083 I0.3605 J0.2561
G1 X2.0649 Y-1.0042
X2.0493 Y-0.9729
X2.0468 Y-0.9671
X2.0422 Y-0.9559
X2.0379 Y-0.9447
X2.0359 Y-0.9391
X2.0265 Y-0.9087
X2.026 Y-0.9069
X2.0192 Y-0.877
X2.0189 Y-0.8752
X2.0151 Y-0.8499
X2.0143 Y-0.8439
X2.0138 Y-0.8378
X2.0118 Y-0.804
X2.0113 Y-0.447
G2 X2.0194 Y-0.3804 I0.2737 J0.0004
G1 X2.021 Y-0.3741
G2 X2.0665 Y-0.2784 I0.2609 J-0.0651
G1 X2.0677 Y-0.2767
X2.0707 Y-0.2728
X2.0737 Y-0.269
X2.0765 Y-0.2656
G2 X2.1082 Y-0.2329 I0.2106 J-0.1722
G1 X2.1094 Y-0.2317
G2 X2.1468 Y-0.2045 I0.1725 J-0.1975
G1 X2.1483 Y-0.2036
G2 X2.1764 Y-0.1888 I0.1499 J-0.2493
G1 X2.1788 Y-0.1877
G2 X2.2318 Y-0.1698 I0.1086 J-0.2353
G1 X2.237 Y-0.1687
G2 X2.2767 Y-0.1634 I0.0512 J-0.2333
G1 X2.2921 Y-0.1627
X2.3003 Y-0.1626
X2.302 Y-0.1624
X2.3036 Y-0.1617
X2.305 Y-0.1607
X2.306 Y-0.1593
X2.3066 Y-0.1578
X2.3069 Y-0.1561
X2.3066 Y-0.0927
G2 X2.3149 Y-0.0253 I0.2709 J0.001
G1 X2.3167 Y-0.018
G2 X2.3265 Y0.0121 I0.2321 J-0.0588
G1 X2.3274 Y0.0143
G2 X2.3424 Y0.0456 I0.2445 J-0.0978
G1 X2.344 Y0.0485
X2.3468 Y0.0533
X2.3496 Y0.058
X2.3513 Y0.0608
X2.3525 Y0.0626
X2.3594 Y0.0726
X2.3666 Y0.0824
X2.3811 Y0.101
X2.3926 Y0.1157
X2.3946 Y0.1183 Z0.3003
X2.3965 Y0.1209 Z0.3011
X2.3982 Y0.1233 Z0.3025
X2.3997 Y0.1255 Z0.3044
X2.401 Y0.1274 Z0.3067
X2.4019 Y0.1291 Z0.3093
X2.4026 Y0.1303 Z0.3123
X2.4029 Y0.1311 Z0.3154
X2.4028 Y0.1315 Z0.3187
Y0.1316 Z0.3203
G0 Z0.69
X2.3096 Y-0.0519
Z0.3394
G1 Z0.3 F16.667
G2 X2.3972 Y-0.0297 I0.1392 J-0.3651 F50.
G1 X2.3974
G3 X2.4777 Y0.0121 I-0.0175 J0.1318
G1 X2.4778 Y0.0123
X2.4779 Y0.0124
X2.487 Y0.0214
X2.4951 Y0.0282
X2.5035 Y0.0345
X2.5182 Y0.0434
G2 X2.5404 Y0.0531 I0.0819 J-0.1583
G1 X2.5527 Y0.0567
G2 X2.5848 Y0.0613 I0.0381 J-0.1526
G1 X2.6292 Y0.0615
X2.6737 Y0.0614
X2.6959 Y0.0611
X2.6967
X2.707 Y0.0603
X2.7164 Y0.0587
X2.7257 Y0.0567
X2.734 Y0.0542
X2.7403 Y0.0523
X2.7511 Y0.048
X2.7514 Y0.0479
X2.7625 Y0.0423
X2.7636 Y0.0416
X2.7751 Y0.0345
X2.7847 Y0.0274
X2.7925 Y0.0205
X2.7999 Y0.0132
X2.8066 Y0.0056
X2.8128 Y-0.0024
X2.8187 Y-0.0114
X2.8241 Y-0.0207
X2.8294 Y-0.032
X2.8322 Y-0.0394
X2.8336 Y-0.0431
X2.8368 Y-0.0542
X2.8392 Y-0.0652
X2.8407 Y-0.0763
X2.8415 Y-0.0985
Y-0.1191
Y-0.1872
X2.8403 Y-0.2094
X2.8377 Y-0.222
X2.8358 Y-0.2315
X2.8291 Y-0.2502
X2.8284 Y-0.2519
X2.8276 Y-0.2537
X2.8219 Y-0.2648
X2.8151 Y-0.2759
X2.8069 Y-0.2868
X2.7968 Y-0.2981
X2.7904 Y-0.3037
X2.7847 Y-0.3089
X2.7766 Y-0.3151
X2.7696 Y-0.3196
X2.7625 Y-0.3239
X2.7514 Y-0.3294
X2.7404 Y-0.3338
X2.7292 Y-0.3374
X2.7268 Y-0.338
X2.7181 Y-0.34
X2.7004 Y-0.3424
X2.6979 Y-0.3426
X2.6959 Y-0.3427
X2.6737 Y-0.343
X2.607
X2.5943 Y-0.3429
X2.5848 Y-0.3428
X2.5788 Y-0.3424
X2.5626 Y-0.3405
X2.5562 Y-0.3388
X2.5404 Y-0.3347
X2.5293 Y-0.3303
X2.5195 Y-0.3256
X2.5099 Y-0.3202
X2.502 Y-0.3147
X2.496 Y-0.3105
X2.4836 Y-0.2997
X2.4818 Y-0.2981
X2.4738 Y-0.2892
X2.4636 Y-0.2759
X2.457 Y-0.2653
X2.4553 Y-0.262
X2.4516 Y-0.2548
G2 X2.4429 Y-0.2315 I0.1576 J0.0719
G1 X2.4384 Y-0.2094
X2.4378 Y-0.1995
X2.4372 Y-0.1872
Y-0.0985
X2.4377 Y-0.0837
X2.438 Y-0.0763
X2.4394 Y-0.0652
X2.4419 Y-0.0541
X2.445 Y-0.0431
X2.4493 Y-0.032
X2.4497 Y-0.031
X2.4516 Y-0.0267
X2.4608 Y-0.0098
G2 X2.4777 Y0.0121 I0.1337 J-0.0854
G1 X2.4797 Y0.0147 Z0.3001
X2.4813 Y0.0175 Z0.3006
X2.4825 Y0.0205 Z0.3013
X2.4831 Y0.0236 Z0.3022
X2.4832 Y0.0266 Z0.3033
X2.4827 Y0.0296 Z0.3047
X2.4818 Y0.0323 Z0.3062
X2.4803 Y0.0348 Z0.3077
X2.4785 Y0.0369 Z0.3094
X2.4765 Y0.0388 Z0.3112
X2.4748 Y0.0403 Z0.3136
X2.4734 Y0.0416 Z0.3162
X2.4724 Y0.0425 Z0.3192
X2.4718 Y0.0431 Z0.3224
X2.4716 Y0.0433 Z0.3256
G0 Z0.69
X2.2843 Y-0.1631
Z0.3394
G1 Z0.3 F16.667
G2 X2.3517 Y-0.2395 I-0.2948 J-0.3275 F50.
G1 X2.3518 Y-0.2397
G3 X2.4351 Y-0.2988 I0.1232 J0.0853
G1 X2.4384 Y-0.2998
X2.4417 Y-0.3008
X2.4516 Y-0.3046
X2.4525 Y-0.305
X2.4627 Y-0.3096
X2.4738 Y-0.3159
G2 X2.5017 Y-0.3382 I-0.077 J-0.1246
G1 X2.5059 Y-0.3424
X2.5156 Y-0.3544
X2.5182 Y-0.3576
X2.5227 Y-0.3646
X2.5292 Y-0.3757
X2.5309 Y-0.3793
X2.5343 Y-0.3868
X2.5404 Y-0.4042
X2.5411 Y-0.4068
X2.5417 Y-0.4089
X2.544 Y-0.42
X2.5455 Y-0.4311
X2.5458 Y-0.4414
X2.5463 Y-0.4533
Y-0.9189
X2.5462 Y-0.933
Y-0.9411
X2.5441 Y-0.9633
X2.5423 Y-0.9712
X2.5404 Y-0.9798
X2.5387 Y-0.9854
X2.5345 Y-0.9965
X2.5341 Y-0.9976
X2.5295 Y-1.0076
X2.5243 Y-1.017
X2.5201 Y-1.0235
X2.5156 Y-1.0298
X2.5114 Y-1.0349
X2.5067 Y-1.0406
X2.496 Y-1.0513
X2.4845 Y-1.0608
X2.4738 Y-1.068
X2.4631 Y-1.0741
X2.4616 Y-1.0748
X2.4516 Y-1.0794
G2 X2.4294 Y-1.0867 I-0.0636 J0.1575
G1 X2.4226 Y-1.0881
X2.4183 Y-1.089
X2.4072 Y-1.0903
G2 X2.3849 Y-1.0907 I-0.0135 J0.1533
G1 X2.3779 Y-1.0897
X2.3738 Y-1.0892
X2.3673 Y-1.0876
X2.3627 Y-1.0864
X2.3506 Y-1.0826
X2.3405 Y-1.0794
X2.3269 Y-1.0741
X2.3225 Y-1.0722
G2 X2.2852 Y-1.0527 I0.115 J0.2655
G1 X2.284 Y-1.052
X2.2739 Y-1.0455
X2.267 Y-1.0403
X2.2528 Y-1.0298
X2.2406 Y-1.0193
X2.2291 Y-1.0082
X2.2181 Y-0.9965
X2.2073 Y-0.9838
X2.1994 Y-0.9734
G2 X2.1789 Y-0.9411 I0.2574 J0.1855
G1 X2.1761 Y-0.9354
X2.1678 Y-0.9189
X2.1634 Y-0.9079
X2.1591 Y-0.8967
X2.1522 Y-0.8746
X2.1491 Y-0.8607
X2.1472 Y-0.8524
X2.1439 Y-0.8302
X2.1422 Y-0.8081
X2.1421 Y-0.8019
X2.1419 Y-0.7859
Y-0.4533
X2.1423 Y-0.4412
X2.1427 Y-0.4311
X2.1441 Y-0.42
X2.1465 Y-0.4089
X2.148 Y-0.4036
X2.1496 Y-0.3978
X2.1538 Y-0.3868
G2 X2.1653 Y-0.3646 I0.1437 J-0.0602
G1 X2.173 Y-0.3535
X2.1823 Y-0.3424
X2.1824 Y-0.3423
X2.1851 Y-0.3394
X2.1962 Y-0.3291
X2.2024 Y-0.3242
X2.2073 Y-0.3205
X2.2185 Y-0.3133
X2.2231 Y-0.311
X2.2295 Y-0.3076
X2.2406 Y-0.3029
X2.2481 Y-0.3003
X2.2556 Y-0.2981
X2.2739 Y-0.2944
X2.286 Y-0.2936
X2.2961 Y-0.2929
X2.3849
X2.3987 Y-0.2934
X2.4072 Y-0.2936
G2 X2.4351 Y-0.2988 I-0.0157 J-0.1631
G1 X2.4383 Y-0.2994 Z0.3001
X2.4415 Y-0.2996 Z0.3006
X2.4447 Y-0.2992 Z0.3013
X2.4477 Y-0.2984 Z0.3022
X2.4505 Y-0.297 Z0.3033
X2.4529 Y-0.2953 Z0.3047
X2.4549 Y-0.2932 Z0.3062
X2.4564 Y-0.2908 Z0.3077
X2.4575 Y-0.2881 Z0.3094
X2.4582 Y-0.2856 Z0.3112
X2.4588 Y-0.2833 Z0.3136
X2.4593 Y-0.2815 Z0.3162
X2.4597 Y-0.2802 Z0.3192
X2.4599 Y-0.2794 Z0.3224
X2.46 Y-0.2791 Z0.3256
G0 Z0.69
X0.9425 Y0.1382
Z0.3597
G1 Z0.3203 F16.667
X0.9424 Z0.3187 F50.
X0.9422 Y0.1379 Z0.3154
X0.942 Y0.137 Z0.3123
Y0.1356 Z0.3093
X0.9421 Y0.1337 Z0.3067
X0.9423 Y0.1314 Z0.3044
X0.9425 Y0.1287 Z0.3025
X0.9429 Y0.1258 Z0.3011
X0.9433 Y0.1227 Z0.3003
X0.9438 Y0.1195 Z0.3
X0.9468 Y0.101
X0.956 Y0.0449
G3 X0.9972 Y0.0245 I0.0279 J0.0046
G1 X1.0024 Y0.0272
G3 X1.0172 Y0.0484 I-0.0132 J0.025
G1 X1.0244 Y0.101
X1.0269 Y0.1195
X1.0274 Y0.1228 Z0.3003
X1.0277 Y0.1259 Z0.3011
X1.028 Y0.1288 Z0.3025
X1.0282 Y0.1315 Z0.3044
X1.0283 Y0.1338 Z0.3067
Y0.1357 Z0.3093
Y0.1371 Z0.3123
X1.0281 Y0.138 Z0.3154
X1.0279 Y0.1383 Z0.3187
X1.0278 Z0.3203
G0 Z0.69
X0.7968 Y0.1369
Z0.3597
G1 Z0.3203 F16.667
X0.7967 Z0.3187 F50.
X0.7966 Y0.1365 Z0.3154
Y0.1356 Z0.3123
X0.7968 Y0.1342 Z0.3093
X0.7972 Y0.1324 Z0.3067
X0.7978 Y0.1301 Z0.3044
X0.7985 Y0.1276 Z0.3025
X0.7994 Y0.1247 Z0.3011
X0.8004 Y0.1217 Z0.3003
X0.8014 Y0.1186 Z0.3
X0.8077 Y0.101
X0.8334 Y0.0281
G2 X0.8469 Y-0.023 I-0.3093 J-0.1091
G1 X0.8479 Y-0.0285
G2 X0.8521 Y-0.0618 I-0.3202 J-0.0575
G1 X0.855 Y-0.1004
G2 Y-0.1997 I-0.6693 J-0.05
G1 X0.8532 Y-0.2248
G3 X0.8865 Y-0.2375 I0.0186 J-0.0014
G1 X0.8987 Y-0.2216
G2 X0.9661 Y-0.1539 I0.2925 J-0.2239
G1 X0.9788 Y-0.1445
G2 X1.0194 Y-0.1195 I0.2146 J-0.3034
G1 X1.0917 Y-0.0813
G3 X1.1099 Y-0.0594 I-0.0176 J0.0331
G1 X1.1364 Y0.0243
X1.1637 Y0.101
X1.1699 Y0.1186
X1.171 Y0.1217 Z0.3003
X1.172 Y0.1247 Z0.3011
X1.1729 Y0.1275 Z0.3025
X1.1736 Y0.1301 Z0.3044
X1.1742 Y0.1324 Z0.3067
X1.1746 Y0.1342 Z0.3093
X1.1748 Y0.1356 Z0.3123
Y0.1365 Z0.3154
X1.1747 Y0.1368 Z0.3187
X1.1746 Y0.1369 Z0.3203
G0 Z0.69
X1.7736 Y0.1316
Z0.3597
G1 Z0.3203 F16.667
X1.7735 Y0.1315 Z0.3187 F50.
Y0.1311 Z0.3154
X1.7738 Y0.1303 Z0.3123
X1.7744 Y0.1291 Z0.3093
X1.7754 Y0.1274 Z0.3067
X1.7766 Y0.1255 Z0.3044
X1.7782 Y0.1233 Z0.3025
X1.7799 Y0.1209 Z0.3011
X1.7818 Y0.1183 Z0.3003
X1.7837 Y0.1157 Z0.3
X1.7953 Y0.101
X1.8096 Y0.0825
X1.8133 Y0.0777
X1.8169 Y0.0727
X1.8209 Y0.0668
G2 X1.8411 Y0.0317 I-0.208 J-0.1431
G1 X1.8436 Y0.0264
X1.8478 Y0.017
X1.8515 Y0.0075
X1.8524 Y0.0051
X1.8547 Y-0.0015
X1.8569 Y-0.0082
X1.8578 Y-0.0112
X1.8601 Y-0.0196
X1.8622 Y-0.0281
X1.8631 Y-0.0325
G2 X1.8695 Y-0.093 I-0.2799 J-0.0601
G1 X1.8694 Y-0.1918
X1.8693 Y-0.1976
G2 X1.8638 Y-0.2455 I-0.2582 J0.005
G1 X1.863 Y-0.2496
G2 X1.8523 Y-0.2867 I-0.258 J0.0539
G1 X1.8514 Y-0.2891
G2 X1.7404 Y-0.4278 I-0.2631 J0.0969
G1 X1.7387 Y-0.4289
G2 X1.6561 Y-0.4644 I-0.1468 J0.2274
G1 X1.6513 Y-0.4656
G2 X1.5974 Y-0.473 I-0.0623 J0.2555
G1 X1.5884 Y-0.4732
X1.5807
X1.579 Y-0.4735
X1.5774 Y-0.4741
X1.5761 Y-0.4752
X1.5751 Y-0.4765
X1.5744 Y-0.4781
X1.5742 Y-0.4798
X1.5744 Y-0.9306
X1.5742 Y-0.9412
X1.5737 Y-0.9518
X1.5734 Y-0.9569
G2 X1.565 Y-1.0092 I-0.2638 J0.0158
G1 X1.5636 Y-1.0143
G2 X1.5534 Y-1.0443 I-0.2266 J0.0604
G1 X1.5513 Y-1.0495
X1.5476 Y-1.0579
X1.5435 Y-1.0661
X1.5424 Y-1.0682
X1.5401 Y-1.0725
X1.5377 Y-1.0768
X1.5356 Y-1.0805
G2 X1.5054 Y-1.123 I-0.2316 J0.1326
G1 X1.5043 Y-1.1242
G2 X1.4716 Y-1.1559 I-0.2008 J0.1747
G1 X1.4679 Y-1.1589
X1.4617 Y-1.1638
X1.4553 Y-1.1685
X1.4495 Y-1.1728
G2 X1.2246 Y-1.2117 I-0.1522 J0.2105
G1 X1.2144 Y-1.2087
X1.2098 Y-1.2072
X1.1984 Y-1.2034
X1.1871 Y-1.1993
X1.1825 Y-1.1976
X1.1793 Y-1.1963
X1.1666 Y-1.1909
X1.1541 Y-1.1852
X1.1487 Y-1.1827
X1.1315 Y-1.1734
G2 X1.0961 Y-1.1516 I0.1666 J0.3094
G1 X1.0922 Y-1.1488
X1.0809 Y-1.1406
X1.0698 Y-1.1321
X1.0662 Y-1.1292
X1.0635 Y-1.1269
G2 X1.0275 Y-1.0931 I0.3629 J0.4226
G1 X1.0239 Y-1.0894
X1.0216 Y-1.0868
X1.0146 Y-1.0788
X1.0077 Y-1.0707
X1.0041 Y-1.0662
X0.9943 Y-1.0534
G2 X0.9705 Y-1.0178 I0.2739 J0.2087
G1 X0.962 Y-1.0031
X0.9595 Y-0.9987
X0.9573 Y-0.9943
X0.9463 Y-0.9716
X0.9341 Y-0.9408
X0.9321 Y-0.935
X0.9288 Y-0.9245
X0.9256 Y-0.9139
X0.924 Y-0.9083
X0.9169 Y-0.877
X0.9166 Y-0.8752
X0.9121 Y-0.8453
X0.9119 Y-0.8435
X0.9096 Y-0.8135
Y-0.8117
X0.9087 Y-0.4475
G2 X1.0237 Y-0.2184 I0.2842 J0.0007
G1 X1.0255 Y-0.2171
G2 X1.0512 Y-0.2004 I0.1497 J-0.2021
G1 X1.0537 Y-0.199
X1.0598 Y-0.1957
X1.0659 Y-0.1925
X1.0679 Y-0.1915
X1.0783 Y-0.1868
X1.0888 Y-0.1824
X1.0922 Y-0.1812
X1.105 Y-0.1766
X1.118 Y-0.1727
X1.1214 Y-0.1717
X1.1236 Y-0.1712
G2 X1.1746 Y-0.1633 I0.0699 J-0.2823
G1 X1.1788 Y-0.163
X1.198 Y-0.1629
X1.1997 Y-0.1626
X1.2013 Y-0.162
X1.2026 Y-0.1609
X1.2036 Y-0.1595
X1.2043 Y-0.1579
X1.2045 Y-0.1562
X1.2036 Y-0.0978
G2 X1.2412 Y0.0477 I0.2833 J0.0044
G1 X1.2435 Y0.0518
G2 X1.2649 Y0.0831 I0.2149 J-0.1234
G1 X1.2791 Y0.101
X1.2908 Y0.1156
X1.2928 Y0.1182 Z0.3003
X1.2948 Y0.1207 Z0.3011
X1.2965 Y0.1231 Z0.3025
X1.2981 Y0.1253 Z0.3044
X1.2993 Y0.1272 Z0.3067
X1.3003 Y0.1288 Z0.3093
X1.301 Y0.13 Z0.3123
X1.3013 Y0.1309 Z0.3154
Y0.1313 Z0.3187
X1.3012 Z0.3203
G0 Z0.69
X1.2066 Y-0.0518
Z0.3394
G1 Z0.3 F16.667
G2 X1.2945 Y-0.0297 I0.1388 J-0.3664 F50.
G1 X1.2947 Y-0.0296
G3 X1.3754 Y0.0121 I-0.0173 J0.1321
G1 X1.3755 Y0.0123
X1.3756 Y0.0124
X1.3786 Y0.0154
X1.3855 Y0.0222
X1.3938 Y0.0291
X1.4026 Y0.0354
X1.4106 Y0.0404
X1.4188 Y0.045
X1.4293 Y0.0497
X1.4401 Y0.0538
X1.4503 Y0.0567
X1.4519 Y0.0571
X1.4521 Y0.0572
X1.4529 Y0.0573
X1.4633 Y0.0594
X1.4744 Y0.0607
X1.4841 Y0.061
X1.4966 Y0.0614
X1.5854
X1.6076 Y0.0599
X1.6135 Y0.0587
X1.6217 Y0.0571
X1.6298 Y0.055
X1.641 Y0.0511
X1.652 Y0.0465
G2 X1.6742 Y0.0335 I-0.091 J-0.1811
G1 X1.6758 Y0.0323
X1.6853 Y0.0249
X1.6906 Y0.02
X1.6964 Y0.0145
X1.6973 Y0.0135
X1.6984 Y0.0124
X1.7061 Y0.0033
X1.7077 Y0.0013
X1.7134 Y-0.0068
X1.7187 Y-0.0151
X1.723 Y-0.0238
X1.727 Y-0.032
X1.7312 Y-0.0431
X1.7345 Y-0.0542
X1.7368 Y-0.0652
X1.7383 Y-0.0763
X1.7388 Y-0.0882
X1.7392 Y-0.0985
Y-0.1449
Y-0.1872
X1.7379 Y-0.2094
X1.7334 Y-0.2314
Y-0.2315
X1.7331 Y-0.2324
X1.7297 Y-0.2426
X1.7252 Y-0.2537
X1.7187 Y-0.2664
X1.7174 Y-0.2683
X1.7127 Y-0.2759
X1.7061 Y-0.2849
X1.7053 Y-0.286
X1.6964 Y-0.296
X1.6937 Y-0.2988
X1.6908 Y-0.3014
X1.6843 Y-0.3072
X1.6764 Y-0.3134
X1.6742 Y-0.3151
X1.6662 Y-0.3202
X1.652 Y-0.3281
X1.6409 Y-0.3328
X1.6298 Y-0.3366
X1.6188 Y-0.3394
X1.6076 Y-0.3415
X1.5981 Y-0.3424
X1.5854 Y-0.343
X1.5552
X1.4966
X1.4833 Y-0.3426
X1.4764 Y-0.3424
X1.4744 Y-0.3423
X1.4633 Y-0.341
X1.4521 Y-0.3386
X1.441 Y-0.3357
X1.4356 Y-0.3336
X1.4299 Y-0.3315
X1.4188 Y-0.3266
X1.4089 Y-0.321
X1.4076 Y-0.3202
X1.3968 Y-0.313
X1.3965 Y-0.3128
X1.3855 Y-0.3037
X1.3799 Y-0.2984
X1.3746 Y-0.2927
X1.3719 Y-0.2897
X1.3693 Y-0.2866
X1.3633 Y-0.279
X1.362 Y-0.277
X1.3612 Y-0.2759
X1.3543 Y-0.2648
G2 X1.3405 Y-0.2315 I0.1406 J0.0778
G1 X1.336 Y-0.2094
X1.3348 Y-0.1872
Y-0.1481
Y-0.0985
X1.3356 Y-0.0763
X1.3363 Y-0.0709
X1.3371 Y-0.0652
X1.3389 Y-0.0566
X1.3411 Y-0.0481
X1.3439 Y-0.0405
X1.3469 Y-0.032
X1.3495 Y-0.0264
X1.3521 Y-0.0209
X1.3585 Y-0.0098
X1.3633 Y-0.0026
X1.3691 Y0.0049
X1.3754 Y0.0121
X1.3773 Y0.0148 Z0.3001
X1.3788 Y0.0176 Z0.3006
X1.3799 Y0.0206 Z0.3013
X1.3804 Y0.0237 Z0.3022
Y0.0268 Z0.3033
X1.3799 Y0.0297 Z0.3047
X1.3789 Y0.0324 Z0.3062
X1.3774 Y0.0349 Z0.3077
X1.3754 Y0.0369 Z0.3094
X1.3734 Y0.0387 Z0.3112
X1.3717 Y0.0402 Z0.3136
X1.3702 Y0.0414 Z0.3162
X1.3692 Y0.0423 Z0.3192
X1.3686 Y0.0429 Z0.3224
X1.3683 Y0.0431 Z0.3256
G0 Z0.69
X1.1596 Y-0.1647
Z0.3394
G1 Z0.3 F16.667
G2 X1.2315 Y-0.2392 I-0.2842 J-0.3461 F50.
G1 X1.2316 Y-0.2394
G3 X1.3189 Y-0.2955 I0.1211 J0.0923
G1 X1.3299 Y-0.2981
X1.3411 Y-0.3014
X1.3522 Y-0.3058
X1.3633 Y-0.3112
X1.3709 Y-0.3158
X1.3781 Y-0.3202
X1.3855 Y-0.3257
G2 X1.4035 Y-0.3424 I-0.1146 J-0.1419
G1 X1.4092 Y-0.3491
X1.4147 Y-0.356
G2 X1.4299 Y-0.3822 I-0.1398 J-0.099
X1.4431 Y-0.4311 I-0.1413 J-0.0643
G1 X1.4437 Y-0.449
X1.4439 Y-0.4533
Y-0.6492
Y-0.9189
Y-0.9283
X1.4438 Y-0.9411
X1.4418 Y-0.9633
X1.4387 Y-0.9759
X1.4364 Y-0.9854
X1.4299 Y-1.0018
X1.4273 Y-1.0073
X1.4243 Y-1.0126
X1.4209 Y-1.0186
X1.4171 Y-1.0242
X1.4133 Y-1.0298
X1.4077 Y-1.0368
X1.4009 Y-1.0443
X1.3993 Y-1.0459
X1.3926 Y-1.0523
X1.3855 Y-1.0582
X1.382 Y-1.0607
X1.3744 Y-1.0661
X1.3706 Y-1.0685
X1.3633 Y-1.0728
X1.3572 Y-1.0759
X1.3509 Y-1.0787
G2 X1.2967 Y-1.0908 I-0.0604 J0.1428
G1 X1.2856 Y-1.0909
X1.2745 Y-1.0897
X1.2633 Y-1.0872
X1.2523 Y-1.084
X1.2301 Y-1.0763
X1.2238 Y-1.0738
X1.2176 Y-1.071
X1.2078 Y-1.0666
X1.1956 Y-1.0599
X1.1834 Y-1.0531
X1.1816 Y-1.052
X1.1634 Y-1.0397
X1.1608 Y-1.0377
X1.1504 Y-1.0298
X1.1422 Y-1.0228
X1.1344 Y-1.0155
X1.1265 Y-1.008
X1.119 Y-1.0003
X1.109 Y-0.9887
X1.1063 Y-0.9854
X1.0968 Y-0.9731
X1.09 Y-0.9633
X1.0765 Y-0.9411
X1.0746 Y-0.9376
X1.069 Y-0.9261
X1.0655 Y-0.9189
X1.0567 Y-0.8967
X1.0531 Y-0.8857
X1.0499 Y-0.8746
X1.0448 Y-0.8524
X1.042 Y-0.8333
X1.0415 Y-0.8302
X1.0398 Y-0.8081
X1.0395 Y-0.7859
Y-0.4787
Y-0.4533
X1.0403 Y-0.4311
X1.0413 Y-0.4233
X1.0417 Y-0.42
X1.0441 Y-0.4089
X1.0473 Y-0.3978
X1.0515 Y-0.3868
X1.0522 Y-0.385
X1.0524 Y-0.3845
X1.0608 Y-0.3686
X1.0629 Y-0.3646
X1.0638 Y-0.3632
X1.0683 Y-0.3565
X1.0746 Y-0.3485
X1.0799 Y-0.3424
X1.0811 Y-0.3412
X1.0883 Y-0.3339
X1.0966 Y-0.3268
X1.1052 Y-0.3202
X1.119 Y-0.3117
X1.1301 Y-0.3063
X1.1412 Y-0.3018
X1.1442 Y-0.3009
X1.1533 Y-0.2981
G2 X1.1856 Y-0.2931 I0.0405 J-0.1573
G1 X1.2412 Y-0.2928
X1.2967 Y-0.2931
X1.3078 Y-0.2939
X1.3189 Y-0.2955
X1.3221 Y-0.2958 Z0.3001
X1.3254 Y-0.2955 Z0.3006
X1.3285 Y-0.2947 Z0.3013
X1.3314 Y-0.2935 Z0.3022
X1.3339 Y-0.2919 Z0.3033
X1.3361 Y-0.2898 Z0.3047
X1.3379 Y-0.2875 Z0.3062
X1.3391 Y-0.2849 Z0.3077
X1.3398 Y-0.2822 Z0.3094
X1.3401 Y-0.2795 Z0.3112
X1.3405 Y-0.2772 Z0.3136
X1.3407 Y-0.2754 Z0.3162
X1.3409 Y-0.274 Z0.3192
X1.3411 Y-0.2732 Z0.3224
Y-0.2729 Z0.3256
G0 Z0.69
X-0.1337 Y-1.2716
Z0.3597
G1 Z0.3203 F16.667
Z0.3187 F50.
X-0.1333 Y-1.2717 Z0.3154
X-0.1324 Y-1.2714 Z0.3123
X-0.1312 Y-1.2708 Z0.3093
X-0.1295 Y-1.2699 Z0.3067
X-0.1275 Y-1.2687 Z0.3044
X-0.1253 Y-1.2673 Z0.3025
X-0.1228 Y-1.2656 Z0.3011
X-0.1202 Y-1.2638 Z0.3003
X-0.1176 Y-1.2619 Z0.3
X-0.1024 Y-1.2509
X-0.0874 Y-1.2399
G3 X-0.0875 Y-1.2065 I-0.0121 J0.0167
G1 X-0.1024 Y-1.1958
X-0.1177 Y-1.1849
X-0.1203 Y-1.1831 Z0.3003
X-0.1229 Y-1.1813 Z0.3011
X-0.1254 Y-1.1797 Z0.3025
X-0.1277 Y-1.1782 Z0.3044
X-0.1297 Y-1.1771 Z0.3067
X-0.1313 Y-1.1761 Z0.3093
X-0.1326 Y-1.1756 Z0.3123
X-0.1335 Y-1.1753 Z0.3154
X-0.1339 Y-1.1754 Z0.3187
Z0.3203
G0 Z0.69
X0.6707 Y0.1314
Z0.3597
G1 Z0.3203 F16.667
Z0.3187 F50.
X0.6706 Y0.131 Z0.3154
X0.671 Y0.1302 Z0.3123
X0.6716 Y0.1289 Z0.3093
X0.6726 Y0.1273 Z0.3067
X0.6739 Y0.1254 Z0.3044
X0.6754 Y0.1232 Z0.3025
X0.6771 Y0.1208 Z0.3011
X0.679 Y0.1182 Z0.3003
X0.681 Y0.1157 Z0.3
X0.6927 Y0.101
X0.7071 Y0.0827
G2 X0.7256 Y0.0557 I-0.1866 J-0.1475
G1 X0.7332 Y0.0427
X0.7357 Y0.038
X0.7367 Y0.036
G2 X0.7487 Y0.0084 I-0.2412 J-0.1209
G1 X0.7508 Y0.0026
G2 X0.7619 Y-0.0383 I-0.2267 J-0.0836
G1 X0.7629 Y-0.0438
G2 X0.7666 Y-0.0795 I-0.2352 J-0.0422
G1 X0.7671 Y-0.0988
X0.7682 Y-0.1834
G2 X0.7585 Y-0.2611 I-0.2869 J-0.0038
G1 X0.7578 Y-0.264
G2 X0.6771 Y-0.3969 I-0.267 J0.0712
G1 X0.6732 Y-0.4004
G2 X0.518 Y-0.4712 I-0.1873 J0.2053
G1 X0.5171 Y-0.4713
X0.5048 Y-0.4724
X0.4925 Y-0.4729
X0.4784 Y-0.4732
X0.4767 Y-0.4734
X0.4751 Y-0.4741
X0.4737 Y-0.4752
X0.4727 Y-0.4765
X0.472 Y-0.4781
X0.4718 Y-0.4798
X0.4716 Y-0.9414
X0.4715 Y-0.9467
X0.4714 Y-0.9502
G2 X0.4625 Y-1.0098 I-0.2611 J0.0087
G1 X0.4611 Y-1.0148
G2 X0.4262 Y-1.0922 I-0.2584 J0.0699
G1 X0.4249 Y-1.0942
G2 X0.32 Y-1.1889 I-0.235 J0.1549
G1 X0.316 Y-1.191
X0.3129 Y-1.1925
X0.3107 Y-1.1935
G2 X0.2715 Y-1.2088 I-0.1289 J0.2721
G1 X0.2681 Y-1.2099
X0.2558 Y-1.2131
G2 X0.2181 Y-1.2198 I-0.0646 J0.2537
G1 X0.2131 Y-1.2203
G2 X0.1717 Y-1.2208 I-0.0235 J0.2271
G1 X0.169 Y-1.2206
G2 X0.1141 Y-1.2096 I0.0183 J0.2336
G1 X0.1022 Y-1.2057
X0.0912 Y-1.2018
X0.0802 Y-1.1977
X0.0717 Y-1.1943
X0.0677 Y-1.1925
X0.0545 Y-1.1865
X0.0414 Y-1.1801
X0.037 Y-1.1779
X0.0337 Y-1.1761
X0.0237 Y-1.1704
X0.0138 Y-1.1646
X0.008 Y-1.1611
X0.0038 Y-1.1585
X-0.0004 Y-1.1556
X-0.0258 Y-1.1375
X-0.0295 Y-1.1346
X-0.0321 Y-1.1325
G2 X-0.0639 Y-1.1042 I0.3357 J0.4086
G1 X-0.0676 Y-1.1006
X-0.0837 Y-1.0833
X-0.1024 Y-1.0626
X-0.115 Y-1.0487
X-0.1172 Y-1.0463 Z0.3003
X-0.1194 Y-1.044 Z0.3011
X-0.1214 Y-1.0419 Z0.3025
X-0.1233 Y-1.04 Z0.3044
X-0.125 Y-1.0384 Z0.3067
X-0.1265 Y-1.0372 Z0.3093
X-0.1276 Y-1.0363 Z0.3123
X-0.1284 Y-1.0359 Z0.3154
X-0.1288 Z0.3187
Z0.3203
G0 Z0.69
X-0.1362 Y-0.0951
Z0.3597
G1 Z0.3203 F16.667
Y-0.0952 Z0.3187 F50.
X-0.1358 Y-0.0953 Z0.3154
X-0.1349 Y-0.0952 Z0.3123
X-0.1336 Y-0.0947 Z0.3093
X-0.1318 Y-0.094 Z0.3067
X-0.1297 Y-0.0931 Z0.3044
X-0.1273 Y-0.092 Z0.3025
X-0.1246 Y-0.0907 Z0.3011
X-0.1218 Y-0.0893 Z0.3003
X-0.1189 Y-0.0877 Z0.3
X-0.1024 Y-0.0788
X-0.0481 Y-0.0495
G3 X-0.0308 Y-0.0297 I-0.0178 J0.033
G1 X0.0182 Y0.101
X0.0248 Y0.1185
X0.0259 Y0.1216 Z0.3003
X0.0269 Y0.1245 Z0.3011
X0.0279 Y0.1274 Z0.3025
X0.0287 Y0.1299 Z0.3044
X0.0293 Y0.1322 Z0.3067
X0.0297 Y0.134 Z0.3093
X0.03 Y0.1354 Z0.3123
Y0.1363 Z0.3154
X0.0298 Y0.1366 Z0.3187
Y0.1367 Z0.3203
G0 Z0.69
X-0.1328 Y-0.2593
Z0.3597
G1 Z0.3203 F16.667
X-0.1327 Y-0.2594 Z0.3187 F50.
X-0.1323 Z0.3154
X-0.1315 Y-0.2591 Z0.3123
X-0.1303 Y-0.2584 Z0.3093
X-0.1287 Y-0.2574 Z0.3067
X-0.1267 Y-0.2562 Z0.3044
X-0.1245 Y-0.2546 Z0.3025
X-0.1221 Y-0.2529 Z0.3011
X-0.1196 Y-0.2509 Z0.3003
X-0.1171 Y-0.2489 Z0.3
X-0.1024 Y-0.2372
X-0.0866 Y-0.2246
X-0.0834 Y-0.2221
X-0.0802 Y-0.2197
X-0.0749 Y-0.2158
G2 X-0.0199 Y-0.1851 I0.149 J-0.2026
G1 X-0.0041 Y-0.1788
X0.0001 Y-0.1773
X0.0023 Y-0.1766
G2 X0.0584 Y-0.1645 I0.0889 J-0.2745
G1 X0.0625 Y-0.164
X0.0658 Y-0.1638
X0.0776 Y-0.1631
X0.0894 Y-0.1627
X0.0959 Y-0.1626
X0.0975 Y-0.1623
X0.0991 Y-0.1617
X0.1004 Y-0.1606
X0.1014 Y-0.1592
X0.102 Y-0.1577
X0.1022 Y-0.156
X0.1014 Y-0.0962
G2 X0.1197 Y0.007 I0.2765 J0.0041
G1 X0.1213 Y0.0112
G2 X0.1432 Y0.0553 I0.2454 J-0.0942
G1 X0.1456 Y0.0592
X0.1484 Y0.0636
X0.1513 Y0.0678
X0.1546 Y0.0725
X0.1587 Y0.0782
X0.1629 Y0.0837
X0.1769 Y0.101
X0.1886 Y0.1155
X0.1907 Y0.1181 Z0.3003
X0.1926 Y0.1206 Z0.3011
X0.1944 Y0.123 Z0.3025
X0.1959 Y0.1252 Z0.3044
X0.1972 Y0.1271 Z0.3067
X0.1982 Y0.1287 Z0.3093
X0.1989 Y0.1299 Z0.3123
X0.1992 Y0.1308 Z0.3154
X0.1991 Y0.1312 Z0.3187
Z0.3203
G0 Z0.69
X0.1041 Y-0.0528
Z0.3394
G1 Z0.3 F16.667
G2 X0.1926 Y-0.0298 I0.1431 J-0.3684 F50.
G1 X0.1928
G3 X0.2738 Y0.013 I-0.0185 J0.1331
G1 X0.2757 Y0.0149
X0.2776 Y0.0168
X0.2862 Y0.0247
X0.2924 Y0.0297
X0.2988 Y0.0345
X0.3092 Y0.041
X0.3195 Y0.0464
X0.3306 Y0.0512
X0.3392 Y0.0542
X0.3479 Y0.0567
X0.3512 Y0.0574
X0.3639 Y0.0599
X0.3738 Y0.0606
X0.3861 Y0.0614
X0.4749
X0.4867 Y0.061
X0.4971 Y0.0607
X0.5082 Y0.0595
X0.5197 Y0.057
X0.5311 Y0.0539
X0.542 Y0.0498
X0.5527 Y0.045
X0.5619 Y0.0399
X0.5638 Y0.0388
G2 X0.5983 Y0.0097 I-0.0801 J-0.1296
G1 X0.6082 Y-0.0025
X0.6112 Y-0.007
X0.613 Y-0.0098
X0.6195 Y-0.0209
G2 X0.6281 Y-0.0415 I-0.1268 J-0.0652
G1 X0.6304 Y-0.0478
X0.631 Y-0.0502
X0.6321 Y-0.0542
X0.6345 Y-0.0652
X0.6357 Y-0.0739
X0.636 Y-0.0763
X0.6363 Y-0.0843
X0.6368 Y-0.0985
Y-0.1369
Y-0.1872
X0.6356 Y-0.2094
G2 X0.6304 Y-0.2337 I-0.1874 J0.0269
G1 X0.6268 Y-0.2434
X0.6229 Y-0.2537
G2 X0.6082 Y-0.2791 I-0.1678 J0.0803
G1 X0.6069 Y-0.2807
X0.6009 Y-0.2884
X0.5929 Y-0.2972
X0.5879 Y-0.302
X0.5827 Y-0.3065
X0.5749 Y-0.3129
X0.5638 Y-0.3203
X0.5618 Y-0.3214
X0.5527 Y-0.3266
G2 X0.5193 Y-0.3388 I-0.0728 J0.1477
G1 X0.5082 Y-0.341
X0.4994 Y-0.3421
X0.4971 Y-0.3423
X0.4749 Y-0.343
X0.4143
X0.3861
X0.374 Y-0.3424
X0.3729 Y-0.3423
X0.3639 Y-0.3414
X0.3536 Y-0.3392
X0.3417 Y-0.3366
X0.3305 Y-0.3326
X0.3195 Y-0.328
X0.3112 Y-0.3235
X0.3052 Y-0.3202
X0.2973 Y-0.315
G2 X0.275 Y-0.2959 I0.1055 J0.1451
G1 X0.2669 Y-0.2865
X0.2663 Y-0.2859
X0.2603 Y-0.2778
X0.2588 Y-0.2759
X0.2528 Y-0.2663
X0.2497 Y-0.2603
X0.2464 Y-0.2537
X0.2418 Y-0.2426
X0.2416 Y-0.242
X0.2382 Y-0.2315
X0.2351 Y-0.2163
X0.2336 Y-0.2094
X0.2324 Y-0.1872
Y-0.1412
Y-0.0985
X0.2329 Y-0.087
X0.2333 Y-0.0763
X0.2347 Y-0.0652
X0.2371 Y-0.0542
X0.2373 Y-0.0534
X0.2403 Y-0.0431
X0.2446 Y-0.032
X0.2528 Y-0.0154
X0.2533 Y-0.0147
X0.2561 Y-0.0098
X0.2623 Y-0.001
X0.2639 Y0.0013
X0.2732 Y0.0124
X0.2735 Y0.0127
X0.2738 Y0.013
X0.2758 Y0.0156 Z0.3001
X0.2773 Y0.0184 Z0.3006
X0.2784 Y0.0214 Z0.3013
X0.279 Y0.0245 Z0.3022
X0.2791 Y0.0276 Z0.3033
X0.2786 Y0.0305 Z0.3047
X0.2776 Y0.0333 Z0.3062
X0.2762 Y0.0357 Z0.3077
X0.2742 Y0.0378 Z0.3094
X0.2723 Y0.0396 Z0.3112
X0.2705 Y0.0411 Z0.3136
X0.2691 Y0.0424 Z0.3162
X0.2681 Y0.0433 Z0.3192
X0.2675 Y0.0439 Z0.3224
X0.2673 Y0.0441 Z0.3256
G0 Z0.69
X0.08 Y-0.163
Z0.3394
G1 Z0.3 F16.667
G2 X0.1469 Y-0.2394 I-0.2946 J-0.3252 F50.
G1 X0.147 Y-0.2395
G3 X0.2297 Y-0.2987 I0.1229 J0.0846
G2 X0.2702 Y-0.3167 I-0.0404 J-0.1445
G1 X0.275 Y-0.3197
X0.2864 Y-0.3283
X0.2973 Y-0.3383
X0.2985 Y-0.3396
X0.3012 Y-0.3424
X0.3082 Y-0.3509
X0.3104 Y-0.3535
X0.318 Y-0.3646
X0.3195 Y-0.3669
X0.3251 Y-0.3769
G2 X0.337 Y-0.4089 I-0.1477 J-0.0731
G1 X0.3393 Y-0.42
X0.3404 Y-0.4287
X0.3408 Y-0.4311
X0.3415 Y-0.4533
Y-0.7764
Y-0.9189
Y-0.935
Y-0.9411
X0.3412 Y-0.9439
X0.3394 Y-0.9633
X0.3377 Y-0.9701
X0.334 Y-0.9854
X0.3298 Y-0.9965
G2 X0.3195 Y-1.0171 I-0.1446 J0.0599
G1 X0.3109 Y-1.0298
X0.3098 Y-1.0312
X0.3045 Y-1.0377
X0.2973 Y-1.0456
X0.293 Y-1.0496
X0.2906 Y-1.052
X0.275 Y-1.0642
X0.2659 Y-1.0697
X0.2566 Y-1.075
G2 X0.2306 Y-1.0851 I-0.0758 J0.1564
G1 X0.2183 Y-1.0877
X0.2084 Y-1.0897
X0.1862 Y-1.091
X0.1751 Y-1.0901
X0.164 Y-1.0881
X0.1587 Y-1.0865
X0.1418 Y-1.0815
X0.1304 Y-1.0772
X0.1222 Y-1.0741
X0.121 Y-1.0736
X0.1196 Y-1.0731
X0.1093 Y-1.0681
X0.0974 Y-1.0624
X0.0833 Y-1.0543
X0.0792 Y-1.052
X0.0761 Y-1.0501
X0.0752 Y-1.0495
X0.053 Y-1.0337
G2 X0.0237 Y-1.0076 I0.2561 J0.3158
G1 X0.0154 Y-0.9985
G2 X-0.0017 Y-0.9782 I0.1455 J0.1396
G1 X-0.0078 Y-0.9699
X-0.0137 Y-0.9614
X-0.0258 Y-0.9411
X-0.0337 Y-0.9253
X-0.0359 Y-0.921
X-0.0368 Y-0.9189
X-0.0457 Y-0.8967
X-0.0502 Y-0.8821
X-0.0525 Y-0.8746
X-0.0575 Y-0.8524
X-0.0593 Y-0.8413
X-0.0609 Y-0.8302
X-0.0614 Y-0.8224
X-0.0625 Y-0.8081
X-0.0628 Y-0.7859
Y-0.7289
Y-0.4533
X-0.0622 Y-0.4348
X-0.0621 Y-0.4311
X-0.0606 Y-0.42
X-0.0581 Y-0.4085
X-0.0551 Y-0.3978
X-0.0549 Y-0.3972
X-0.0509 Y-0.3868
X-0.0468 Y-0.3779
X-0.0458 Y-0.3757
X-0.0394 Y-0.3646
X-0.0361 Y-0.3595
X-0.0359 Y-0.3592
X-0.0298 Y-0.3509
X-0.0224 Y-0.3424
X-0.0174 Y-0.3373
X-0.0137 Y-0.3335
X-0.0053 Y-0.3264
X0.0029 Y-0.3202
X0.0035 Y-0.3198
X0.0085 Y-0.3166
X0.0196 Y-0.3101
X0.0301 Y-0.3053
X0.0408 Y-0.3011
G2 X0.0752 Y-0.2937 I0.0508 J-0.1516
G1 X0.0871 Y-0.2933
X0.0974 Y-0.2929
X0.1621
X0.1862
X0.1962 Y-0.2935
X0.2084 Y-0.2942
X0.2276 Y-0.2981
X0.2287 Y-0.2984
X0.2297 Y-0.2987
X0.233 Y-0.2993 Z0.3001
X0.2362 Y-0.2994 Z0.3006
X0.2394 Y-0.299 Z0.3013
X0.2424 Y-0.2982 Z0.3022
X0.2451 Y-0.2969 Z0.3033
X0.2476 Y-0.2951 Z0.3047
X0.2496 Y-0.293 Z0.3062
X0.2511 Y-0.2906 Z0.3077
X0.2521 Y-0.288 Z0.3094
X0.2528 Y-0.2854 Z0.3112
X0.2535 Y-0.2832 Z0.3136
X0.254 Y-0.2814 Z0.3162
X0.2543 Y-0.28 Z0.3192
X0.2545 Y-0.2792 Z0.3224
X0.2546 Y-0.2789 Z0.3256
G0 Z0.69
X-0.1284 Y-1.4118
Z0.3597
G1 Z0.3203 F16.667
Y-1.4119 Z0.3187 F50.
X-0.128 Z0.3154
X-0.1272 Y-1.4114 Z0.3123
X-0.1261 Y-1.4105 Z0.3093
X-0.1247 Y-1.4093 Z0.3067
X-0.123 Y-1.4077 Z0.3044
X-0.1211 Y-1.4058 Z0.3025
X-0.1191 Y-1.4036 Z0.3011
X-0.117 Y-1.4013 Z0.3003
X-0.1148 Y-1.3989 Z0.3
X-0.1024 Y-1.3848
X-0.0843 Y-1.3642
X-0.0806 Y-1.3601
X-0.0768 Y-1.356
X-0.0684 Y-1.3473
G2 X-0.0362 Y-1.3178 I0.2544 J-0.2449
G1 X-0.0272 Y-1.3105
X-0.0236 Y-1.3077
G2 X0.0162 Y-1.2808 I0.2819 J-0.3734
G1 X0.0201 Y-1.2784
X0.0375 Y-1.2687
X0.0391 Y-1.2679
X0.0706 Y-1.2532
X0.0723 Y-1.2525
X0.099 Y-1.2423
X0.1094 Y-1.2387
G2 X0.1957 Y-1.2258 I0.0778 J-0.2248
G1 X0.2011 Y-1.226
G2 X0.2449 Y-1.2314 I-0.0091 J-0.2526
G1 X0.2506 Y-1.2327
G2 X0.2942 Y-1.2462 I-0.0533 J-0.2492
G1 X0.2984 Y-1.2479
G2 X0.3666 Y-1.2887 I-0.1019 J-0.2478
G1 X0.3678 Y-1.2897
G2 X0.3965 Y-1.3166 I-0.1877 J-0.2283
G1 X0.399 Y-1.3194
X0.4043 Y-1.3255
X0.4074 Y-1.3292
X0.4154 Y-1.3393
X0.4229 Y-1.3499
X0.4257 Y-1.3541
X0.4293 Y-1.3598
X0.4328 Y-1.3657
X0.4354 Y-1.3702
G2 X0.456 Y-1.4155 I-0.2266 J-0.1303
G1 X0.4572 Y-1.4191
G2 X0.4734 Y-1.5165 I-0.2812 J-0.0966
G1 X0.4719 Y-2.0817
G2 X0.4655 Y-2.1385 I-0.264 J0.0007
G1 X0.4644 Y-2.1438
G2 X0.4489 Y-2.1912 I-0.2509 J0.0559
G1 X0.4466 Y-2.1963
G2 X0.414 Y-2.2513 I-0.2394 J0.1051
G1 X0.4118 Y-2.254
G2 X0.3658 Y-2.3005 I-0.2123 J0.1642
G1 X0.36 Y-2.3051
X0.3517 Y-2.3113
X0.3431 Y-2.3171
X0.3419 Y-2.3179
G2 X0.3122 Y-2.3346 I-0.1584 J0.247
G1 X0.3083 Y-2.3365
X0.3006 Y-2.3398
X0.2888 Y-2.3447
X0.2768 Y-2.3488
X0.2697 Y-2.351
G2 X0.196 Y-2.3628 I-0.0793 J0.2572
G1 X0.1875 Y-2.363
X0.0959 Y-2.3641
G2 X-0.0555 Y-2.3226 I-0.0032 J0.2854
G1 X-0.0595 Y-2.3202
X-0.0708 Y-2.3128
X-0.0818 Y-2.3048
X-0.1024 Y-2.2888
X-0.1172 Y-2.2772
X-0.1198 Y-2.2753 Z0.3003
X-0.1223 Y-2.2734 Z0.3011
X-0.1247 Y-2.2716 Z0.3025
X-0.1269 Y-2.2701 Z0.3044
X-0.1289 Y-2.2689 Z0.3067
X-0.1305 Y-2.2679 Z0.3093
X-0.1318 Y-2.2673 Z0.3123
X-0.1326 Y-2.267 Z0.3154
X-0.133 Z0.3187
Y-2.2671 Z0.3203
G0 Z0.69
X0.0504 Y-2.3609
Z0.3394
G1 Z0.3 F16.667
G2 X0.0284 Y-2.2731 I0.3662 J0.1388 F50.
G1 X0.0283 Y-2.2729
G3 X-0.0134 Y-2.1923 I-0.1321 J-0.0173
G1 X-0.0135 Y-2.1922
X-0.0137 Y-2.192
X-0.0229 Y-2.1828
G2 X-0.0396 Y-2.1606 I0.1157 J0.1044
G1 X-0.0449 Y-2.1515
X-0.046 Y-2.1496
X-0.0511 Y-2.1385
G2 X-0.0584 Y-2.1163 I0.1525 J0.0624
G1 X-0.059 Y-2.1134
X-0.0607 Y-2.1052
X-0.0621 Y-2.0941
X-0.0625 Y-2.082
X-0.0628 Y-2.0719
Y-1.6506
X-0.0621 Y-1.6285
X-0.0606 Y-1.6145
X-0.0586 Y-1.6006
X-0.0581 Y-1.5976
X-0.0554 Y-1.5841
X-0.0507 Y-1.5666
X-0.0495 Y-1.562
X-0.0417 Y-1.5398
X-0.0359 Y-1.5259
X-0.0322 Y-1.5184
X-0.0319 Y-1.5176
X-0.0198 Y-1.4954
X-0.0137 Y-1.4855
X-0.0052 Y-1.4733
X0.0043 Y-1.4611
X0.0143 Y-1.4494
X0.0213 Y-1.4417
X0.0288 Y-1.4344
X0.0344 Y-1.4289
X0.053 Y-1.4132
G2 X0.0863 Y-1.3907 I0.2085 J-0.2725
G1 X0.0974 Y-1.3845
X0.1196 Y-1.3739
X0.1219 Y-1.373
X0.1418 Y-1.3654
X0.1529 Y-1.3621
X0.164 Y-1.3589
X0.173 Y-1.3572
X0.1751 Y-1.3568
X0.181 Y-1.3564
X0.1862 Y-1.356
X0.2084 Y-1.3572
X0.2205 Y-1.3597
X0.2325 Y-1.3624
X0.2456 Y-1.3673
X0.2528 Y-1.3701
X0.2639 Y-1.3759
X0.2709 Y-1.3801
X0.2777 Y-1.3846
G2 X0.3024 Y-1.4067 I-0.0988 J-0.1349
G1 X0.3073 Y-1.4128
X0.3115 Y-1.4178
X0.3116 Y-1.418
X0.3194 Y-1.4299
X0.3195
X0.3237 Y-1.4376
X0.3254 Y-1.4406
X0.3283 Y-1.447
X0.3302 Y-1.4511
X0.3342 Y-1.4622
X0.3372 Y-1.4732
X0.3395 Y-1.4843
X0.3399 Y-1.4873
X0.3409 Y-1.4954
X0.3414 Y-1.513
X0.3415 Y-1.5176
Y-2.0719
X0.3411 Y-2.0833
X0.3407 Y-2.0941
X0.3394 Y-2.1052
X0.3369 Y-2.1164
X0.3339 Y-2.1274
X0.3298 Y-2.1381
X0.3251 Y-2.1486
X0.3195 Y-2.1588
X0.3184 Y-2.1606
X0.3108 Y-2.1717
X0.31 Y-2.1726
X0.3015 Y-2.1828
X0.2973 Y-2.1874
X0.2868 Y-2.1969
X0.2818 Y-2.2008
X0.2764 Y-2.205
X0.275 Y-2.2059
G2 X0.2528 Y-2.2186 I-0.0931 J0.1378
G1 X0.2417 Y-2.2232
X0.2306 Y-2.2268
X0.2293 Y-2.2272
X0.2257 Y-2.2279
X0.2084 Y-2.2314
X0.1949 Y-2.2322
X0.1862 Y-2.2327
X0.1384
X0.0974
X0.0758 Y-2.2319
X0.0752
X0.0741 Y-2.2318
X0.0641 Y-2.2305
X0.059 Y-2.2294
X0.053 Y-2.228
X0.0493 Y-2.2272
X0.0416 Y-2.2245
X0.0307 Y-2.2207
X0.0268 Y-2.2188
X0.0196 Y-2.2155
X0.0108 Y-2.2105
X0.0023 Y-2.205
X-0.0058 Y-2.1989
X-0.0134 Y-2.1923
X-0.016 Y-2.1904 Z0.3001
X-0.0189 Y-2.1888 Z0.3006
X-0.0219 Y-2.1878 Z0.3013
X-0.025 Y-2.1873 Z0.3022
X-0.0281 Z0.3033
X-0.031 Y-2.1878 Z0.3047
X-0.0337 Y-2.1889 Z0.3062
X-0.0362 Y-2.1904 Z0.3077
X-0.0382 Y-2.1923 Z0.3094
X-0.04 Y-2.1943 Z0.3112
X-0.0415 Y-2.1961 Z0.3136
X-0.0427 Y-2.1975 Z0.3162
X-0.0436 Y-2.1986 Z0.3192
X-0.0442 Y-2.1992 Z0.3224
X-0.0443 Y-2.1994 Z0.3256
G0 Z0.69
X1.6075 Y-0.3742
Z0.5497
G1 Z0.5103 F16.667
X1.6076 Z0.5087 F50.
Y-0.3738 Z0.5054
X1.6073 Y-0.373 Z0.5023
X1.6067 Y-0.3717 Z0.4993
X1.6058 Y-0.3701 Z0.4967
X1.6045 Y-0.3681 Z0.4944
X1.6031 Y-0.3659 Z0.4925
X1.6014 Y-0.3634 Z0.4911
X1.5995 Y-0.3609 Z0.4903
X1.5976 Y-0.3582 Z0.49
X1.5863 Y-0.3433
G2 X1.5341 Y-0.2659 I0.7354 J0.5535
G3 X1.4742 Y-0.1943 I-0.2634 J-0.1593
G2 X1.4598 Y-0.1491 I0.0306 J0.0347
G1 X1.4704 Y-0.1033
G2 X1.5291 Y-0.0611 I0.0535 J-0.0125
G1 X1.5502 Y-0.0631
G2 X1.6094 Y-0.1688 I-0.0069 J-0.0733
G1 X1.5966 Y-0.1949
G2 X1.54 Y-0.2192 I-0.0424 J0.0208
G1 X1.491 Y-0.2038
G2 X1.4742 Y-0.1943 I0.0139 J0.0442
G1 X1.4602 Y-0.1819
X1.4577 Y-0.1798 Z0.4903
X1.4553 Y-0.1778 Z0.4911
X1.453 Y-0.1759 Z0.4925
X1.4509 Y-0.1742 Z0.4944
X1.449 Y-0.1729 Z0.4967
X1.4474 Y-0.1718 Z0.4993
X1.4462 Y-0.1711 Z0.5023
X1.4454 Y-0.1707 Z0.5054
X1.445 Y-0.1708 Z0.5087
Z0.5103
G0 Z0.69
X0.6667 Y-0.057
Z0.5497
G1 Z0.5103 F16.667
X0.6666 Y-0.0569 Z0.5087 F50.
X0.6662 Z0.5054
X0.6654 Y-0.0572 Z0.5023
X0.6642 Y-0.0579 Z0.4993
X0.6626 Y-0.0589 Z0.4967
X0.6606 Y-0.0602 Z0.4944
X0.6585 Y-0.0618 Z0.4925
X0.6561 Y-0.0636 Z0.4911
X0.6536 Y-0.0655 Z0.4903
X0.6511 Y-0.0676 Z0.49
X0.6366 Y-0.0794
G2 X0.5625 Y-0.135 I-0.6909 J0.8434
G3 X0.4935 Y-0.1967 I0.2061 J-0.3004
G2 X0.4094 Y-0.2153 I-0.0546 J0.0474
G1 X0.3917 Y-0.2074
G2 X0.3597 Y-0.1637 I0.0223 J0.0498
G1 X0.357 Y-0.1388
G2 X0.4362 Y-0.0672 I0.0654 J0.0073
G1 X0.4737 Y-0.0753
G2 X0.5144 Y-0.1351 I-0.0111 J-0.0514
G1 X0.5102 Y-0.161
G2 X0.4935 Y-0.1967 I-0.0713 J0.0117
G1 X0.4812 Y-0.2108
X0.4791 Y-0.2133 Z0.4903
X0.4771 Y-0.2157 Z0.4911
X0.4752 Y-0.2181 Z0.4925
X0.4736 Y-0.2202 Z0.4944
X0.4722 Y-0.2221 Z0.4967
X0.4712 Y-0.2236 Z0.4993
X0.4704 Y-0.2248 Z0.5023
X0.4701 Y-0.2257 Z0.5054
Y-0.2261 Z0.5087
X0.4702 Z0.5103
G0 Z0.69
X0.3602 Y-0.5504
Z0.5497
G1 Z0.5103 F16.667
X0.3601 Z0.5087 F50.
X0.3598 Y-0.5505 Z0.5054
X0.3591 Y-0.5511 Z0.5023
X0.3583 Y-0.5522 Z0.4993
X0.3572 Y-0.5538 Z0.4967
X0.356 Y-0.5558 Z0.4944
X0.3547 Y-0.5581 Z0.4925
X0.3532 Y-0.5607 Z0.4911
X0.3518 Y-0.5635 Z0.4903
X0.3503 Y-0.5664 Z0.49
X0.3419 Y-0.5832
G2 X0.2636 Y-0.7033 I-0.5629 J0.2814
G3 X0.2145 Y-0.838 I0.1644 J-0.1362
G1 X0.214 Y-0.9115
G2 X0.129 Y-0.9321 I-0.0451 J0.0003
G1 X0.0968 Y-0.8708
G2 X0.0816 Y-0.8274 I0.1401 J0.0735
G1 X0.0798 Y-0.8177
X0.0714 Y-0.4707
G2 X0.1236 Y-0.416 I0.0534 J0.0013
G1 X0.1429 Y-0.4155
G2 X0.2169 Y-0.4884 I0.0017 J-0.0723
G1 X0.2145 Y-0.838
X0.2144 Y-0.8568
Y-0.86 Z0.4903
Y-0.8632 Z0.4911
X0.2145 Y-0.8661 Z0.4925
X0.2146 Y-0.8688 Z0.4944
X0.2148 Y-0.8711 Z0.4967
X0.2151 Y-0.873 Z0.4993
X0.2153 Y-0.8744 Z0.5023
X0.2156 Y-0.8752 Z0.5054
X0.2159 Y-0.8755 Z0.5087
Z0.5103
G0 Z0.69
X1.4624 Y-0.4208
Z0.5497
G1 Z0.5103 F16.667
Y-0.4207 Z0.5087 F50.
X1.462 Y-0.4209 Z0.5054
X1.4614 Y-0.4215 Z0.5023
X1.4605 Y-0.4226 Z0.4993
X1.4595 Y-0.4242 Z0.4967
X1.4583 Y-0.4262 Z0.4944
X1.4569 Y-0.4285 Z0.4925
X1.4555 Y-0.4311 Z0.4911
X1.4541 Y-0.4339 Z0.4903
X1.4526 Y-0.4368 Z0.49
X1.4443 Y-0.4536
G2 X1.3637 Y-0.5802 I-0.6333 J0.3139
G3 X1.3117 Y-0.721 I0.1871 J-0.1491
G1 X1.3044 Y-0.931
G2 X1.2777 Y-0.9573 I-0.0272 J0.0009
G1 X1.2719 Y-0.9574
G2 X1.2394 Y-0.9396 I-0.0006 J0.0375
G1 X1.2035 Y-0.8814
G2 X1.1823 Y-0.8192 I0.1266 J0.078
G1 X1.1817 Y-0.814
X1.1751 Y-0.4678
G2 X1.2295 Y-0.415 I0.0519 J0.001
G1 X1.2505 Y-0.416
G2 X1.3197 Y-0.4911 I-0.0034 J-0.0726
G1 X1.3117 Y-0.721
X1.3111 Y-0.7397
X1.311 Y-0.743 Z0.4903
Y-0.7461 Z0.4911
Y-0.7491 Z0.4925
X1.3111 Y-0.7518 Z0.4944
X1.3112 Y-0.7541 Z0.4967
X1.3113 Y-0.756 Z0.4993
X1.3116 Y-0.7574 Z0.5023
X1.3118 Y-0.7582 Z0.5054
X1.3121 Y-0.7585 Z0.5087
Z0.5103
G0 Z0.69
X2.5649 Y-0.4658
Z0.5497
G1 Z0.5103 F16.667
Z0.5087 F50.
X2.5645 Y-0.4659 Z0.5054
X2.5639 Y-0.4665 Z0.5023
X2.563 Y-0.4677 Z0.4993
X2.562 Y-0.4692 Z0.4967
X2.5607 Y-0.4712 Z0.4944
X2.5594 Y-0.4735 Z0.4925
X2.558 Y-0.4761 Z0.4911
X2.5565 Y-0.4789 Z0.4903
X2.555 Y-0.4818 Z0.49
X2.5466 Y-0.4986
G2 X2.4658 Y-0.6243 I-0.6213 J0.3107
G3 X2.4138 Y-0.7643 I0.183 J-0.1477
G1 X2.4084 Y-0.9276
G2 X2.3697 Y-0.9566 I-0.031 J0.001
G1 X2.3648 Y-0.9554
G2 X2.342 Y-0.9385 I0.0093 J0.0363
G1 X2.3061 Y-0.879
G2 X2.2854 Y-0.823 I0.1349 J0.0816
G1 X2.2841 Y-0.8142
X2.2776 Y-0.4674
G2 X2.3418 Y-0.4162 I0.0518 J0.0009
G1 X2.376 Y-0.4246
G2 X2.4228 Y-0.4865 I-0.0148 J-0.0598
G1 X2.4138 Y-0.7643
X2.4132 Y-0.783
X2.4131 Y-0.7863 Z0.4903
X2.413 Y-0.7895 Z0.4911
X2.4131 Y-0.7924 Z0.4925
Y-0.7951 Z0.4944
X2.4133 Y-0.7974 Z0.4967
X2.4134 Y-0.7993 Z0.4993
X2.4137 Y-0.8007 Z0.5023
X2.4139 Y-0.8015 Z0.5054
X2.4142 Y-0.8018 Z0.5087
X2.4143 Z0.5103
G0 Z0.69
X2.7249 Y-0.3725
Z0.5497
G1 Z0.5103 F16.667
X2.725 Z0.5087 F50.
Y-0.3721 Z0.5054
X2.7247 Y-0.3713 Z0.5023
X2.724 Y-0.37 Z0.4993
X2.723 Y-0.3684 Z0.4967
X2.7217 Y-0.3665 Z0.4944
X2.7201 Y-0.3644 Z0.4925
X2.7183 Y-0.362 Z0.4911
X2.7163 Y-0.3595 Z0.4903
X2.7142 Y-0.357 Z0.49
X2.7023 Y-0.3426
X2.6709 Y-0.3048
X2.64 Y-0.2667
G3 X2.5758 Y-0.1924 I-1.004 J-0.8026
G2 X2.5629 Y-0.1309 I0.0443 J0.0413
G1 X2.5754 Y-0.0955
G2 X2.6336 Y-0.0632 I0.0474 J-0.0168
G1 X2.6724 Y-0.0717
G2 X2.7157 Y-0.1522 I-0.013 J-0.0589
G1 X2.7005 Y-0.1917
G2 X2.6455 Y-0.2201 I-0.0435 J0.0167
G1 X2.605 Y-0.2097
G2 X2.5758 Y-0.1924 I0.015 J0.0587
G1 X2.563 Y-0.1787
X2.5607 Y-0.1763 Z0.4903
X2.5585 Y-0.174 Z0.4911
X2.5564 Y-0.172 Z0.4925
X2.5545 Y-0.1701 Z0.4944
X2.5527 Y-0.1686 Z0.4967
X2.5513 Y-0.1673 Z0.4993
X2.5502 Y-0.1665 Z0.5023
X2.5494 Y-0.1661 Z0.5054
X2.549 Z0.5087
X2.5489 Z0.5103
G0 Z0.69
X3.5083 Y-0.2123
Z0.5497
G1 Z0.5103 F16.667
X3.5084 Z0.5087 F50.
X3.5088 Y-0.2124 Z0.5054
X3.5096 Y-0.2121 Z0.5023
X3.5109 Y-0.2114 Z0.4993
X3.5125 Y-0.2105 Z0.4967
X3.5145 Y-0.2093 Z0.4944
X3.5167 Y-0.2078 Z0.4925
X3.5191 Y-0.2061 Z0.4911
X3.5217 Y-0.2042 Z0.4903
X3.5243 Y-0.2023 Z0.49
X3.5392 Y-0.191
G2 X3.6166 Y-0.1387 I0.5162 J-0.6809
G3 X3.6877 Y-0.0784 I-0.1469 J0.2453
G2 X3.7404 Y-0.0631 I0.038 J-0.0322
G1 X3.788 Y-0.0778
G2 X3.8179 Y-0.1301 I-0.0131 J-0.0421
G1 X3.8051 Y-0.1841
G2 X3.748 Y-0.219 I-0.0459 J0.0109
G1 X3.7048 Y-0.2085
G2 X3.6673 Y-0.1501 I0.0119 J0.0489
G1 X3.6768 Y-0.1011
G2 X3.6877 Y-0.0784 I0.0489 J-0.0095
G1 X3.6999 Y-0.0641
X3.7019 Y-0.0616 Z0.4903
X3.7039 Y-0.0591 Z0.4911
X3.7058 Y-0.0568 Z0.4925
X3.7074 Y-0.0547 Z0.4944
X3.7087 Y-0.0528 Z0.4967
X3.7097 Y-0.0512 Z0.4993
X3.7104 Y-0.05 Z0.5023
X3.7108 Y-0.0491 Z0.5054
X3.7107 Y-0.0487 Z0.5087
Z0.5103
G0 Z0.69
X3.6672 Y-0.4208
Z0.5497
G1 Z0.5103 F16.667
X3.6671 Y-0.4207 Z0.5087 F50.
X3.6667 Y-0.4209 Z0.5054
X3.6661 Y-0.4215 Z0.5023
X3.6653 Y-0.4226 Z0.4993
X3.6642 Y-0.4242 Z0.4967
X3.663 Y-0.4262 Z0.4944
X3.6617 Y-0.4285 Z0.4925
X3.6602 Y-0.4311 Z0.4911
X3.6588 Y-0.4339 Z0.4903
X3.6573 Y-0.4368 Z0.49
X3.649 Y-0.4536
G2 X3.5726 Y-0.5722 I-0.5663 J0.2807
G3 X3.5245 Y-0.7048 I0.1661 J-0.1354
G1 X3.5218 Y-0.9108
G2 X3.5139 Y-0.9334 I-0.0375 J0.0005
G1 X3.5058 Y-0.9437
G2 X3.445 Y-0.9399 I-0.0291 J0.0228
G1 X3.4082 Y-0.8785
G2 X3.3879 Y-0.8234 I0.1355 J0.0813
G1 X3.3865 Y-0.8145
X3.3799 Y-0.4674
G2 X3.4353 Y-0.4154 I0.0513 J0.001
G1 X3.4575 Y-0.4172
G2 X3.5272 Y-0.4937 I-0.0062 J-0.0756
G1 X3.5245 Y-0.7048
X3.5242 Y-0.7236
Y-0.7268 Z0.4903
Y-0.73 Z0.4911
X3.5243 Y-0.733 Z0.4925
X3.5244 Y-0.7356 Z0.4944
X3.5246 Y-0.738 Z0.4967
X3.5248 Y-0.7398 Z0.4993
X3.5251 Y-0.7412 Z0.5023
X3.5253 Y-0.7421 Z0.5054
X3.5256 Y-0.7424 Z0.5087
X3.5257 Z0.5103
G0 Z0.69
X3.6673 Y-1.6901
Z0.5497
G1 Z0.5103 F16.667
X3.6672 Z0.5087 F50.
X3.6668 Y-1.6902 Z0.5054
X3.6662 Y-1.6909 Z0.5023
X3.6654 Y-1.692 Z0.4993
X3.6643 Y-1.6936 Z0.4967
X3.6631 Y-1.6955 Z0.4944
X3.6617 Y-1.6979 Z0.4925
X3.6603 Y-1.7004 Z0.4911
X3.6588 Y-1.7032 Z0.4903
X3.6574 Y-1.7061 Z0.49
X3.649 Y-1.7229
G2 X3.5658 Y-1.8513 I-0.6177 J0.3089
G3 X3.513 Y-1.9949 I0.1811 J-0.1482
G1 X3.5116 Y-2.0629
G2 X3.4471 Y-2.109 I-0.0494 J0.001
G1 X3.4018 Y-2.0944
G2 X3.3665 Y-2.0435 I0.0155 J0.0485
G1 X3.3857 Y-1.6429
G2 X3.4056 Y-1.5731 I0.159 J-0.0076
G1 X3.4409 Y-1.5097
G2 X3.5066 Y-1.504 I0.0348 J-0.0194
G1 X3.5136 Y-1.5125
G2 X3.522 Y-1.537 I-0.0291 J-0.0237
G1 X3.513 Y-1.9949
X3.5126 Y-2.0136
Y-2.0169 Z0.4903
Y-2.0201 Z0.4911
Y-2.023 Z0.4925
X3.5127 Y-2.0257 Z0.4944
X3.5129 Y-2.028 Z0.4967
X3.5131 Y-2.0299 Z0.4993
X3.5133 Y-2.0313 Z0.5023
X3.5136 Y-2.0321 Z0.5054
X3.5139 Y-2.0324 Z0.5087
Z0.5103
G0 Z0.69
X2.5649 Y-1.7292
Z0.5497
G1 Z0.5103 F16.667
X2.5648 Z0.5087 F50.
X2.5645 Y-1.7293 Z0.5054
X2.5638 Y-1.7299 Z0.5023
X2.563 Y-1.7311 Z0.4993
X2.5619 Y-1.7326 Z0.4967
X2.5607 Y-1.7346 Z0.4944
X2.5594 Y-1.7369 Z0.4925
X2.5579 Y-1.7395 Z0.4911
X2.5565 Y-1.7423 Z0.4903
X2.555 Y-1.7452 Z0.49
X2.5466 Y-1.762
G2 X2.4679 Y-1.8823 I-0.5575 J0.2788
G3 X2.4189 Y-2.0174 I0.1625 J-0.1354
G1 Y-2.0436
G2 X2.3523 Y-2.1085 I-0.065 J0.0001
G1 X2.3344 Y-2.1081
G2 X2.2666 Y-2.0355 I0.0017 J0.0696
G1 X2.2833 Y-1.644
G2 X2.306 Y-1.5685 I0.1597 J-0.0068
G1 X2.3419 Y-1.5087
G2 X2.3783 Y-1.4908 I0.0321 J-0.0193
G1 X2.3809 Y-1.4911
G2 X2.4035 Y-1.5032 I-0.0039 J-0.0344
G1 X2.4108 Y-1.5118
G2 X2.4196 Y-1.536 I-0.0287 J-0.0242
G1 X2.4189 Y-2.0174
Y-2.0361
Y-2.0394 Z0.4903
X2.419 Y-2.0426 Z0.4911
X2.4191 Y-2.0455 Z0.4925
X2.4192 Y-2.0482 Z0.4944
X2.4194 Y-2.0505 Z0.4967
X2.4197 Y-2.0524 Z0.4993
X2.4199 Y-2.0538 Z0.5023
X2.4202 Y-2.0546 Z0.5054
X2.4205 Y-2.0549 Z0.5087
Z0.5103
G0 Z0.69
X1.4626 Y-1.4929
Z0.5497
G1 Z0.5103 F16.667
X1.4625 Z0.5087 F50.
X1.4621 Y-1.493 Z0.5054
X1.4615 Y-1.4937 Z0.5023
X1.4606 Y-1.4948 Z0.4993
X1.4596 Y-1.4964 Z0.4967
X1.4584 Y-1.4983 Z0.4944
X1.457 Y-1.5007 Z0.4925
X1.4556 Y-1.5032 Z0.4911
X1.4541 Y-1.506 Z0.4903
X1.4526 Y-1.5089 Z0.49
X1.4443 Y-1.5257
G2 X1.3635 Y-1.6503 I-0.5991 J0.2996
G3 X1.3123 Y-1.7896 I0.1757 J-0.1438
G1 X1.3069 Y-2.0633
G2 X1.2581 Y-2.11 I-0.0476 J0.0009
G1 X1.2342 Y-2.1093
G2 X1.1633 Y-2.0333 I0.0019 J0.0728
G1 X1.1809 Y-1.6431
G2 X1.204 Y-1.5676 I0.1583 J-0.0071
G1 X1.24 Y-1.5086
G2 X1.2805 Y-1.4917 I0.032 J-0.0196
G1 X1.2843 Y-1.4925
G2 X1.301 Y-1.5029 I-0.0068 J-0.0295
G1 X1.3088 Y-1.5125
G2 X1.3172 Y-1.5369 I-0.0291 J-0.0237
G1 X1.3123 Y-1.7896
X1.3119 Y-1.8084
Y-1.8117 Z0.4903
Y-1.8148 Z0.4911
Y-1.8178 Z0.4925
X1.3121 Y-1.8205 Z0.4944
X1.3122 Y-1.8228 Z0.4967
X1.3124 Y-1.8246 Z0.4993
X1.3126 Y-1.826 Z0.5023
X1.3129 Y-1.8269 Z0.5054
X1.3132 Y-1.8272 Z0.5087
Z0.5103
G0 Z0.69
X0.3602 Y-1.7568
Z0.5497
G1 Z0.5103 F16.667
X0.3601 Z0.5087 F50.
X0.3597 Y-1.7569 Z0.5054
X0.3591 Y-1.7576 Z0.5023
X0.3583 Y-1.7587 Z0.4993
X0.3572 Y-1.7603 Z0.4967
X0.356 Y-1.7622 Z0.4944
X0.3547 Y-1.7646 Z0.4925
X0.3532 Y-1.7672 Z0.4911
X0.3517 Y-1.7699 Z0.4903
X0.3503 Y-1.7728 Z0.49
X0.3419 Y-1.7896
G2 X0.2651 Y-1.9065 I-0.5338 J0.2669
G3 X0.2177 Y-2.0381 I0.1552 J-0.1303
G1 Y-2.041
G2 X0.1759 Y-2.1 I-0.062 J-0.0004
G1 X0.1591 Y-2.1058
G2 X0.0605 Y-2.0319 I-0.0243 J0.0704
G1 X0.0786 Y-1.6432
G2 X0.1014 Y-1.5682 I0.1591 J-0.0074
G1 X0.1373 Y-1.5088
G2 X0.1811 Y-1.4925 I0.0321 J-0.0194
G1 X0.1847 Y-1.4937
G2 X0.1993 Y-1.5034 I-0.0102 J-0.031
G1 X0.2055 Y-1.5106
G2 X0.2146 Y-1.5349 I-0.0284 J-0.0245
G1 X0.2177 Y-2.0381
X0.2178 Y-2.0568
Y-2.0601 Z0.4903
X0.2179 Y-2.0632 Z0.4911
X0.218 Y-2.0662 Z0.4925
X0.2182 Y-2.0689 Z0.4944
X0.2184 Y-2.0712 Z0.4967
X0.2187 Y-2.073 Z0.4993
X0.2189 Y-2.0744 Z0.5023
X0.2192 Y-2.0753 Z0.5054
X0.2195 Y-2.0755 Z0.5087
X0.2196 Z0.5103
G0 Z1.09
(2D CONTOUR22)
G0 X2.1676 Y-1.009
Z1.09
Z0.69
G1 Z0.5275 F200.
Z0.3187
X2.1678 Y-1.0088 Z0.3155 F40.
X2.1685 Y-1.0083 Z0.3123
X2.1696 Y-1.0076 Z0.3094
X2.1712 Y-1.0065 Z0.3067
X2.1731 Y-1.0052 Z0.3044
X2.1753 Y-1.0037 Z0.3025
X2.1777 Y-1.002 Z0.3011
X2.1803 Y-1.0002 Z0.3003
X2.183 Y-0.9983 Z0.3
X2.1984 Y-0.9877
G3 X2.2032 Y-0.9616 I-0.0106 J0.0154
G2 X2.1519 Y-0.7966 I0.2392 J0.165
G1 Y-0.4459
G2 X2.2948 Y-0.3029 I0.143 J0.
G1 X2.3933
G2 X2.5362 Y-0.4459 I0. J-0.143
G1 Y-0.938
G2 X2.3933 Y-1.081 I-0.143 J0.
X2.3698 Y-1.078 I0. J0.0938
X2.1519 Y-0.7966 I0.0726 J0.2814
G1 Y-0.4459
G2 X2.2948 Y-0.3029 I0.143 J0.
G1 X2.3933
G2 X2.5362 Y-0.4459 I0. J-0.143
G1 Y-0.938
G2 X2.3933 Y-1.081 I-0.143 J0.
X2.3698 Y-1.078 I0. J0.0938
X2.2032 Y-0.9616 I0.0726 J0.2814
G3 X2.1772 Y-0.9568 I-0.0154 J-0.0106
G1 X2.1617 Y-0.9675
X2.159 Y-0.9693 Z0.3003
X2.1564 Y-0.9711 Z0.3011
X2.154 Y-0.9728 Z0.3025
X2.1518 Y-0.9743 Z0.3044
X2.1499 Y-0.9756 Z0.3067
X2.1484 Y-0.9767 Z0.3094
X2.1472 Y-0.9775 Z0.3123
X2.1465 Y-0.9779 Z0.3155
X2.1463 Y-0.9781 Z0.3187
G0 Z0.69
Y-1.4688
G1 Z0.5275 F200.
Z0.3187
X2.1465 Y-1.469 Z0.3155 F40.
X2.1472 Y-1.4695 Z0.3123
X2.1484 Y-1.4703 Z0.3094
X2.1499 Y-1.4713 Z0.3067
X2.1518 Y-1.4726 Z0.3044
X2.154 Y-1.4741 Z0.3025
X2.1564 Y-1.4758 Z0.3011
X2.159 Y-1.4776 Z0.3003
X2.1617 Y-1.4795 Z0.3
X2.1772 Y-1.4901
G3 X2.2032 Y-1.4853 I0.0106 J0.0154
G2 X2.3698 Y-1.3689 I0.2392 J-0.165
X2.3933 Y-1.3659 I0.0234 J-0.0908
X2.5362 Y-1.5089 I0. J-0.143
G1 Y-2.0798
G2 X2.3933 Y-2.2227 I-0.143 J0.
G1 X2.2948
G2 X2.1519 Y-2.0798 I0. J0.143
G1 Y-1.6503
G2 X2.3698 Y-1.3689 I0.2906 J0.
X2.3933 Y-1.3659 I0.0234 J-0.0908
X2.5362 Y-1.5089 I0. J-0.143
G1 Y-2.0798
G2 X2.3933 Y-2.2227 I-0.143 J0.
G1 X2.2948
G2 X2.1519 Y-2.0798 I0. J0.143
G1 Y-1.6503
G2 X2.2032 Y-1.4853 I0.2906 J0.
G3 X2.1984 Y-1.4592 I-0.0154 J0.0106
G1 X2.183 Y-1.4486
X2.1803 Y-1.4467 Z0.3003
X2.1777 Y-1.445 Z0.3011
X2.1753 Y-1.4433 Z0.3025
X2.1731 Y-1.4418 Z0.3044
X2.1712 Y-1.4404 Z0.3067
X2.1696 Y-1.4394 Z0.3094
X2.1685 Y-1.4386 Z0.3123
X2.1678 Y-1.4381 Z0.3155
X2.1676 Y-1.438 Z0.3187
G0 Z0.69
X1.4576 Y-1.3983
G1 Z0.5275 F200.
Z0.3187
X1.4574 Y-1.3984 Z0.3155 F40.
X1.4566 Y-1.3988 Z0.3123
X1.4554 Y-1.3995 Z0.3094
X1.4538 Y-1.4003 Z0.3067
X1.4517 Y-1.4014 Z0.3044
X1.4494 Y-1.4027 Z0.3025
X1.4468 Y-1.4041 Z0.3011
X1.444 Y-1.4056 Z0.3003
X1.4411 Y-1.4071 Z0.3
X1.4246 Y-1.416
G3 X1.4169 Y-1.4414 I0.0089 J-0.0165
G2 X1.4339 Y-1.5089 I-0.126 J-0.0675
G1 Y-2.0798
G2 X1.2909 Y-2.2227 I-0.143 J0.
G1 X1.1925
G2 X1.0495 Y-2.0798 I0. J0.143
G1 Y-1.6503
G2 X1.2675 Y-1.3689 I0.2906 J0.
X1.2909 Y-1.3659 I0.0234 J-0.0908
X1.4339 Y-1.5089 I0. J-0.143
G1 Y-2.0798
G2 X1.2909 Y-2.2227 I-0.143 J0.
G1 X1.1925
G2 X1.0495 Y-2.0798 I0. J0.143
G1 Y-1.6503
G2 X1.2675 Y-1.3689 I0.2906 J0.
X1.2909 Y-1.3659 I0.0234 J-0.0908
X1.4169 Y-1.4414 I0. J-0.143
G3 X1.4423 Y-1.449 I0.0165 J0.0089
G1 X1.4588 Y-1.4402
X1.4617 Y-1.4386 Z0.3003
X1.4645 Y-1.4371 Z0.3011
X1.4671 Y-1.4357 Z0.3025
X1.4694 Y-1.4345 Z0.3044
X1.4715 Y-1.4334 Z0.3067
X1.4731 Y-1.4325 Z0.3094
X1.4744 Y-1.4319 Z0.3123
X1.4751 Y-1.4315 Z0.3155
X1.4753 Y-1.4313 Z0.3187
G0 Z0.69
Y-1.0156
G1 Z0.5275 F200.
Z0.3187
X1.4751 Y-1.0155 Z0.3155 F40.
X1.4744 Y-1.0151 Z0.3123
X1.4731 Y-1.0144 Z0.3094
X1.4715 Y-1.0135 Z0.3067
X1.4694 Y-1.0124 Z0.3044
X1.4671 Y-1.0112 Z0.3025
X1.4645 Y-1.0098 Z0.3011
X1.4617 Y-1.0083 Z0.3003
X1.4588 Y-1.0068 Z0.3
X1.4423 Y-0.9979
G3 X1.4169 Y-1.0056 I-0.0089 J-0.0165
G2 X1.2909 Y-1.081 I-0.126 J0.0675
X1.2675 Y-1.078 I0. J0.0938
X1.0495 Y-0.7966 I0.0726 J0.2814
G1 Y-0.4459
G2 X1.1925 Y-0.3029 I0.143 J0.
G1 X1.2909
G2 X1.4339 Y-0.4459 I0. J-0.143
G1 Y-0.938
G2 X1.2909 Y-1.081 I-0.143 J0.
X1.2675 Y-1.078 I0. J0.0938
X1.0495 Y-0.7966 I0.0726 J0.2814
G1 Y-0.4459
G2 X1.1925 Y-0.3029 I0.143 J0.
G1 X1.2909
G2 X1.4339 Y-0.4459 I0. J-0.143
G1 Y-0.938
G2 X1.4169 Y-1.0056 I-0.143 J0.
G3 X1.4246 Y-1.0309 I0.0165 J-0.0089
G1 X1.4411 Y-1.0398
X1.444 Y-1.0413 Z0.3003
X1.4468 Y-1.0428 Z0.3011
X1.4494 Y-1.0442 Z0.3025
X1.4517 Y-1.0455 Z0.3044
X1.4538 Y-1.0466 Z0.3067
X1.4554 Y-1.0475 Z0.3094
X1.4566 Y-1.0481 Z0.3123
X1.4574 Y-1.0485 Z0.3155
X1.4576 Y-1.0487 Z0.3187
G0 Z0.69
X1.6853 Y-0.3638
G1 Z0.5275 F200.
Z0.3187
X1.6852 Y-0.3636 Z0.3155 F40.
X1.6848 Y-0.3628 Z0.3123
X1.6843 Y-0.3615 Z0.3094
X1.6835 Y-0.3598 Z0.3067
X1.6825 Y-0.3577 Z0.3044
X1.6814 Y-0.3553 Z0.3025
X1.6802 Y-0.3526 Z0.3011
X1.6789 Y-0.3497 Z0.3003
X1.6776 Y-0.3467 Z0.3
X1.6699 Y-0.3296
G3 X1.645 Y-0.3203 I-0.0171 J-0.0077
G2 X1.5862 Y-0.333 I-0.0589 J0.1303
G1 X1.4878
G2 X1.3448 Y-0.19 I0. J0.143
G1 Y-0.0916
G2 X1.4878 Y0.0514 I0.143 J0.
G1 X1.5862
G2 X1.7291 Y-0.0916 I0. J-0.143
G1 Y-0.19
G2 X1.5862 Y-0.333 I-0.143 J0.
G1 X1.4878
G2 X1.3448 Y-0.19 I0. J0.143
G1 Y-0.0916
G2 X1.4878 Y0.0514 I0.143 J0.
G1 X1.5862
G2 X1.7291 Y-0.0916 I0. J-0.143
G1 Y-0.19
G2 X1.645 Y-0.3203 I-0.143 J0.
G3 X1.6357 Y-0.3451 I0.0077 J-0.0171
G1 X1.6434 Y-0.3622
X1.6447 Y-0.3651 Z0.3003
X1.646 Y-0.368 Z0.3011
X1.6473 Y-0.3707 Z0.3025
X1.6484 Y-0.3732 Z0.3044
X1.6493 Y-0.3753 Z0.3067
X1.6501 Y-0.377 Z0.3094
X1.6507 Y-0.3782 Z0.3123
X1.651 Y-0.379 Z0.3155
X1.6511 Y-0.3793 Z0.3187
G0 Z0.69
X2.7877 Y-0.3638
G1 Z0.5275 F200.
Z0.3187
X2.7875 Y-0.3636 Z0.3155 F40.
X2.7872 Y-0.3628 Z0.3123
X2.7866 Y-0.3615 Z0.3094
X2.7859 Y-0.3598 Z0.3067
X2.7849 Y-0.3577 Z0.3044
X2.7838 Y-0.3553 Z0.3025
X2.7826 Y-0.3526 Z0.3011
X2.7813 Y-0.3497 Z0.3003
X2.7799 Y-0.3467 Z0.3
X2.7722 Y-0.3296
G3 X2.7474 Y-0.3203 I-0.0171 J-0.0077
G2 X2.6885 Y-0.333 I-0.0589 J0.1303
G1 X2.5901
G2 X2.4472 Y-0.19 I0. J0.143
G1 Y-0.0916
G2 X2.5901 Y0.0514 I0.143 J0.
G1 X2.6885
G2 X2.8315 Y-0.0916 I0. J-0.143
G1 Y-0.19
G2 X2.6885 Y-0.333 I-0.143 J0.
G1 X2.5901
G2 X2.4472 Y-0.19 I0. J0.143
G1 Y-0.0916
G2 X2.5901 Y0.0514 I0.143 J0.
G1 X2.6885
G2 X2.8315 Y-0.0916 I0. J-0.143
G1 Y-0.19
G2 X2.7474 Y-0.3203 I-0.143 J0.
G3 X2.738 Y-0.3451 I0.0077 J-0.0171
G1 X2.7458 Y-0.3622
X2.7471 Y-0.3651 Z0.3003
X2.7484 Y-0.368 Z0.3011
X2.7496 Y-0.3707 Z0.3025
X2.7507 Y-0.3732 Z0.3044
X2.7517 Y-0.3753 Z0.3067
X2.7525 Y-0.377 Z0.3094
X2.753 Y-0.3782 Z0.3123
X2.7534 Y-0.379 Z0.3155
X2.7535 Y-0.3793 Z0.3187
G0 Z0.69
X3.3002 Y-0.2709
G1 Z0.5275 F200.
Z0.3187
X3.3003 Y-0.2712 Z0.3155 F40.
X3.3006 Y-0.2719 Z0.3123
X3.3012 Y-0.2732 Z0.3094
X3.3019 Y-0.2749 Z0.3067
X3.3029 Y-0.277 Z0.3044
X3.3039 Y-0.2795 Z0.3025
X3.3051 Y-0.2822 Z0.3011
X3.3064 Y-0.2851 Z0.3003
X3.3077 Y-0.2881 Z0.3
X3.3152 Y-0.3053
G3 X3.3399 Y-0.3149 I0.0172 J0.0075
G2 X3.3972 Y-0.3029 I0.0573 J-0.131
G1 X3.4956
G2 X3.6386 Y-0.4459 I0. J-0.143
G1 Y-0.938
G2 X3.4956 Y-1.081 I-0.143 J0.
X3.4722 Y-1.078 I0. J0.0938
X3.2542 Y-0.7966 I0.0726 J0.2814
G1 Y-0.4459
G2 X3.3972 Y-0.3029 I0.143 J0.
G1 X3.4956
G2 X3.6386 Y-0.4459 I0. J-0.143
G1 Y-0.938
G2 X3.4956 Y-1.081 I-0.143 J0.
X3.4722 Y-1.078 I0. J0.0938
X3.2542 Y-0.7966 I0.0726 J0.2814
G1 Y-0.4459
G2 X3.3399 Y-0.3149 I0.143 J0.
G3 X3.3496 Y-0.2902 I-0.0075 J0.0172
G1 X3.342 Y-0.2731
X3.3407 Y-0.2701 Z0.3003
X3.3395 Y-0.2672 Z0.3011
X3.3383 Y-0.2645 Z0.3025
X3.3372 Y-0.262 Z0.3044
X3.3363 Y-0.2599 Z0.3067
X3.3355 Y-0.2582 Z0.3094
X3.335 Y-0.2569 Z0.3123
X3.3346 Y-0.2561 Z0.3155
X3.3345 Y-0.2559 Z0.3187
G0 Z0.69
X3.9877 Y-0.2263
G1 Z0.5275 F200.
Z0.3187
X3.9874 Y-0.2262 Z0.3155 F40.
X3.9866 Y-0.226 Z0.3123
X3.9853 Y-0.2256 Z0.3094
X3.9835 Y-0.2251 Z0.3067
X3.9812 Y-0.2245 Z0.3044
X3.9787 Y-0.2238 Z0.3025
X3.9758 Y-0.2229 Z0.3011
X3.9728 Y-0.2221 Z0.3003
X3.9696 Y-0.2212 Z0.3
X3.9516 Y-0.2161
G3 X3.9284 Y-0.229 I-0.0051 J-0.018
G2 X3.7909 Y-0.333 I-0.1375 J0.039
G1 X3.6925
G2 X3.5495 Y-0.19 I0. J0.143
G1 Y-0.0916
G2 X3.6925 Y0.0514 I0.143 J0.
G1 X3.7909
G2 X3.9339 Y-0.0916 I0. J-0.143
G1 Y-0.19
G2 X3.7909 Y-0.333 I-0.143 J0.
G1 X3.6925
G2 X3.5495 Y-0.19 I0. J0.143
G1 Y-0.0916
G2 X3.6925 Y0.0514 I0.143 J0.
G1 X3.7909
G2 X3.9339 Y-0.0916 I0. J-0.143
G1 Y-0.19
G2 X3.9284 Y-0.229 I-0.143 J0.
G3 X3.9414 Y-0.2522 I0.018 J-0.0051
G1 X3.9594 Y-0.2573
X3.9625 Y-0.2582 Z0.3003
X3.9656 Y-0.259 Z0.3011
X3.9684 Y-0.2598 Z0.3025
X3.971 Y-0.2606 Z0.3044
X3.9732 Y-0.2612 Z0.3067
X3.975 Y-0.2617 Z0.3094
X3.9764 Y-0.2621 Z0.3123
X3.9772 Y-0.2623 Z0.3155
X3.9774 Y-0.2624 Z0.3187
G0 Z0.69
X3.198 Y-1.669
G1 Z0.5275 F200.
Z0.3187
G18 G2 X3.2167 Z0.3 I0.0187 K0. F40.
G1 X3.2355
G17 G3 X3.2542 Y-1.6503 I0. J0.0187
G2 X3.4722 Y-1.3689 I0.2906 J0.
X3.4956 Y-1.3659 I0.0234 J-0.0908
X3.6386 Y-1.5089 I0. J-0.143
G1 Y-2.0798
G2 X3.4956 Y-2.2227 I-0.143 J0.
G1 X3.3972
G2 X3.2542 Y-2.0798 I0. J0.143
G1 Y-1.6503
G2 X3.4722 Y-1.3689 I0.2906 J0.
X3.4956 Y-1.3659 I0.0234 J-0.0908
X3.6386 Y-1.5089 I0. J-0.143
G1 Y-2.0798
G2 X3.4956 Y-2.2227 I-0.143 J0.
G1 X3.3972
G2 X3.2542 Y-2.0798 I0. J0.143
G1 Y-1.6503
G3 X3.2355 Y-1.6315 I-0.0187 J0.
G1 X3.2167
G18 G3 X3.198 Z0.3187 I0. K0.0187
G0 Z0.69
X0.3553 Y-1.3983
G1 Z0.5275 F200.
Z0.3187
X0.355 Y-1.3984 Z0.3155 F40.
X0.3543 Y-1.3988 Z0.3123
X0.3531 Y-1.3995 Z0.3094
X0.3514 Y-1.4003 Z0.3067
X0.3494 Y-1.4014 Z0.3044
X0.347 Y-1.4027 Z0.3025
X0.3444 Y-1.4041 Z0.3011
X0.3416 Y-1.4056 Z0.3003
X0.3387 Y-1.4071 Z0.3
X0.3222 Y-1.416
G17 G3 X0.3145 Y-1.4414 I0.0089 J-0.0165
G2 X0.3315 Y-1.5089 I-0.126 J-0.0675
G1 Y-2.0798
G2 X0.1885 Y-2.2227 I-0.143 J0.
G1 X0.0901
G2 X-0.0528 Y-2.0798 I0. J0.143
G1 Y-1.6503
G2 X0.1651 Y-1.3689 I0.2906 J0.
X0.1885 Y-1.3659 I0.0234 J-0.0908
X0.3315 Y-1.5089 I0. J-0.143
G1 Y-2.0798
G2 X0.1885 Y-2.2227 I-0.143 J0.
G1 X0.0901
G2 X-0.0528 Y-2.0798 I0. J0.143
G1 Y-1.6503
G2 X0.1651 Y-1.3689 I0.2906 J0.
X0.1885 Y-1.3659 I0.0234 J-0.0908
X0.3145 Y-1.4414 I0. J-0.143
G3 X0.3399 Y-1.449 I0.0165 J0.0089
G1 X0.3565 Y-1.4402
X0.3593 Y-1.4386 Z0.3003
X0.3621 Y-1.4371 Z0.3011
X0.3647 Y-1.4357 Z0.3025
X0.3671 Y-1.4345 Z0.3044
X0.3691 Y-1.4334 Z0.3067
X0.3708 Y-1.4325 Z0.3094
X0.372 Y-1.4319 Z0.3123
X0.3727 Y-1.4315 Z0.3155
X0.373 Y-1.4313 Z0.3187
G0 Z0.69
Y-1.0156
G1 Z0.5275 F200.
Z0.3187
X0.3727 Y-1.0155 Z0.3155 F40.
X0.372 Y-1.0151 Z0.3123
X0.3708 Y-1.0144 Z0.3094
X0.3691 Y-1.0135 Z0.3067
X0.3671 Y-1.0124 Z0.3044
X0.3647 Y-1.0112 Z0.3025
X0.3621 Y-1.0098 Z0.3011
X0.3593 Y-1.0083 Z0.3003
X0.3565 Y-1.0068 Z0.3
X0.3399 Y-0.9979
G3 X0.3145 Y-1.0056 I-0.0089 J-0.0165
G2 X0.1885 Y-1.081 I-0.126 J0.0675
X0.1651 Y-1.078 I0. J0.0938
X-0.0528 Y-0.7966 I0.0726 J0.2814
G1 Y-0.4459
G2 X0.0901 Y-0.3029 I0.143 J0.
G1 X0.1885
G2 X0.3315 Y-0.4459 I0. J-0.143
G1 Y-0.938
G2 X0.1885 Y-1.081 I-0.143 J0.
X0.1651 Y-1.078 I0. J0.0938
X-0.0528 Y-0.7966 I0.0726 J0.2814
G1 Y-0.4459
G2 X0.0901 Y-0.3029 I0.143 J0.
G1 X0.1885
G2 X0.3315 Y-0.4459 I0. J-0.143
G1 Y-0.938
G2 X0.3145 Y-1.0056 I-0.143 J0.
G3 X0.3222 Y-1.0309 I0.0165 J-0.0089
G1 X0.3387 Y-1.0398
X0.3416 Y-1.0413 Z0.3003
X0.3444 Y-1.0428 Z0.3011
X0.347 Y-1.0442 Z0.3025
X0.3494 Y-1.0455 Z0.3044
X0.3514 Y-1.0466 Z0.3067
X0.3531 Y-1.0475 Z0.3094
X0.3543 Y-1.0481 Z0.3123
X0.355 Y-1.0485 Z0.3155
X0.3553 Y-1.0487 Z0.3187
G0 Z0.69
X0.5829 Y-0.3638
G1 Z0.5275 F200.
Z0.3187
X0.5828 Y-0.3636 Z0.3155 F40.
X0.5825 Y-0.3628 Z0.3123
X0.5819 Y-0.3615 Z0.3094
X0.5811 Y-0.3598 Z0.3067
X0.5802 Y-0.3577 Z0.3044
X0.5791 Y-0.3553 Z0.3025
X0.5779 Y-0.3526 Z0.3011
X0.5766 Y-0.3497 Z0.3003
X0.5752 Y-0.3467 Z0.3
X0.5675 Y-0.3296
G3 X0.5427 Y-0.3203 I-0.0171 J-0.0077
G2 X0.4838 Y-0.333 I-0.0589 J0.1303
G1 X0.3854
G2 X0.2424 Y-0.19 I0. J0.143
G1 Y-0.0916
G2 X0.3854 Y0.0514 I0.143 J0.
G1 X0.4838
G2 X0.6268 Y-0.0916 I0. J-0.143
G1 Y-0.19
G2 X0.4838 Y-0.333 I-0.143 J0.
G1 X0.3854
G2 X0.2424 Y-0.19 I0. J0.143
G1 Y-0.0916
G2 X0.3854 Y0.0514 I0.143 J0.
G1 X0.4838
G2 X0.6268 Y-0.0916 I0. J-0.143
G1 Y-0.19
G2 X0.5427 Y-0.3203 I-0.143 J0.
G3 X0.5333 Y-0.3451 I0.0077 J-0.0171
G1 X0.541 Y-0.3622
X0.5424 Y-0.3651 Z0.3003
X0.5437 Y-0.368 Z0.3011
X0.5449 Y-0.3707 Z0.3025
X0.546 Y-0.3732 Z0.3044
X0.547 Y-0.3753 Z0.3067
X0.5477 Y-0.377 Z0.3094
X0.5483 Y-0.3782 Z0.3123
X0.5486 Y-0.379 Z0.3155
X0.5488 Y-0.3793 Z0.3187
G0 Z1.09
X1.6626 Y-2.4233
Z0.69
G1 Z0.5275 F200.
Z0.0187
G18 G2 X1.6813 Z0. I0.0187 K0. F40.
G1 X1.7001
G17 G3 X1.7188 Y-2.4046 I0. J0.0187
X1.3551 I-0.1818 J0.
X1.7188 I0.1818 J0.
X1.3551 I-0.1818 J0.
X1.7188 I0.1818 J0.
X1.7001 Y-2.3858 I-0.0187 J0.
G1 X1.6813
G18 G3 X1.6626 Z0.0187 I0. K0.0187
G0 Z0.69
X2.7661 Y-2.4115
G1 Z0.5275 F200.
Z0.0187
X2.7664 Y-2.4114 Z0.0155 F40.
X2.7673 Z0.0123
X2.7686 Y-2.4112 Z0.0094
X2.7705 Y-2.4111 Z0.0067
X2.7728 Y-2.4108 Z0.0044
X2.7755 Y-2.4106 Z0.0025
X2.7784 Y-2.4103 Z0.0011
X2.7816 Y-2.41 Z0.0003
X2.7848 Y-2.4097 Z0.
X2.8035 Y-2.408
G17 G3 X2.8204 Y-2.3875 I-0.0018 J0.0187
X2.4583 Y-2.4216 I-0.181 J-0.017
X2.8204 Y-2.3875 I0.181 J0.017
X2.4583 Y-2.4216 I-0.181 J-0.017
X2.8204 Y-2.3875 I0.181 J0.017
X2.7999 Y-2.3706 I-0.0187 J-0.0018
G1 X2.7813 Y-2.3724
X2.778 Y-2.3727 Z0.0003
X2.7749 Y-2.373 Z0.0011
X2.7719 Y-2.3733 Z0.0025
X2.7693 Y-2.3735 Z0.0044
X2.767 Y-2.3737 Z0.0067
X2.7651 Y-2.3739 Z0.0094
X2.7637 Y-2.374 Z0.0123
X2.7629 Y-2.3741 Z0.0155
X2.7626 Z0.0187
G0 Z0.69
X3.8685 Y-2.4115
G1 Z0.5275 F200.
Z0.0187
X3.8688 Y-2.4114 Z0.0155 F40.
X3.8696 Z0.0123
X3.871 Y-2.4112 Z0.0094
X3.8729 Y-2.4111 Z0.0067
X3.8752 Y-2.4108 Z0.0044
X3.8778 Y-2.4106 Z0.0025
X3.8808 Y-2.4103 Z0.0011
X3.8839 Y-2.41 Z0.0003
X3.8872 Y-2.4097 Z0.
X3.9058 Y-2.408
G3 X3.9227 Y-2.3875 I-0.0018 J0.0187
X3.5607 Y-2.4216 I-0.181 J-0.017
X3.9227 Y-2.3875 I0.181 J0.017
X3.5607 Y-2.4216 I-0.181 J-0.017
X3.9227 Y-2.3875 I0.181 J0.017
X3.9023 Y-2.3706 I-0.0187 J-0.0018
G1 X3.8836 Y-2.3724
X3.8804 Y-2.3727 Z0.0003
X3.8773 Y-2.373 Z0.0011
X3.8743 Y-2.3733 Z0.0025
X3.8716 Y-2.3735 Z0.0044
X3.8693 Y-2.3737 Z0.0067
X3.8675 Y-2.3739 Z0.0094
X3.8661 Y-2.374 Z0.0123
X3.8653 Y-2.3741 Z0.0155
X3.865 Z0.0187
G0 Z0.69
X0.5602 Y-2.4233
G1 Z0.5275 F200.
Z0.0187
G18 G2 X0.5789 Z0. I0.0187 K0. F40.
G1 X0.5977
G17 G3 X0.6164 Y-2.4046 I0. J0.0187
X0.2528 I-0.1818 J0.
X0.6164 I0.1818 J0.
X0.2528 I-0.1818 J0.
X0.6164 I0.1818 J0.
X0.5977 Y-2.3858 I-0.0187 J0.
G1 X0.5789
G18 G3 X0.5602 Z0.0187 I0. K0.0187
G0 Z1.09
G17
M5
G53 G0 Z-0.6
(2D CHAMFER43)
M9
M1
T12 M6
T33
S7500 M3
G17 G90 G94
G54
M8
G0 X2.2063 Y-0.9595
G43 Z1.09 H12
G0 Z0.69
G1 Z0.39 F80.
G2 X2.1556 Y-0.7966 I0.2362 J0.1628 F40.
G1 Y-0.4459
G2 X2.2948 Y-0.3067 I0.1392 J0.
G1 X2.3933
G2 X2.5325 Y-0.4459 I0. J-0.1392
G1 Y-0.938
G2 X2.3933 Y-1.0772 I-0.1392 J0.
X2.3708 Y-1.0744 I0. J0.09
X2.2063 Y-0.9595 I0.0717 J0.2777
G0 Z0.69
Y-1.4874
G1 Z0.39 F80.
G2 X2.3708 Y-1.3725 I0.2362 J-0.1628 F40.
X2.3933 Y-1.3697 I0.0225 J-0.0871
X2.5325 Y-1.5089 I0. J-0.1392
G1 Y-2.0798
G2 X2.3933 Y-2.219 I-0.1392 J0.
G1 X2.2948
G2 X2.1556 Y-2.0798 I0. J0.1392
G1 Y-1.6503
G2 X2.2063 Y-1.4874 I0.2868 J0.
G0 Z0.69
X1.4136 Y-1.4431
G1 Z0.39 F80.
G2 X1.4301 Y-1.5089 I-0.1227 J-0.0658 F40.
G1 Y-2.0798
G2 X1.2909 Y-2.219 I-0.1392 J0.
G1 X1.1925
G2 X1.0533 Y-2.0798 I0. J0.1392
G1 Y-1.6503
G2 X1.2684 Y-1.3725 I0.2868 J0.
X1.2909 Y-1.3697 I0.0225 J-0.0871
X1.4136 Y-1.4431 I0. J-0.1392
G0 Z0.69
Y-1.0038
G1 Z0.39 F80.
G2 X1.2909 Y-1.0772 I-0.1227 J0.0658 F40.
X1.2684 Y-1.0744 I0. J0.09
X1.0533 Y-0.7966 I0.0717 J0.2777
G1 Y-0.4459
G2 X1.1925 Y-0.3067 I0.1392 J0.
G1 X1.2909
G2 X1.4301 Y-0.4459 I0. J-0.1392
G1 Y-0.938
G2 X1.4136 Y-1.0038 I-0.1392 J0.
G0 Z0.69
X1.6435 Y-0.3169
G1 Z0.39 F80.
G2 X1.5862 Y-0.3292 I-0.0573 J0.1269 F40.
G1 X1.4878
G2 X1.3485 Y-0.19 I0. J0.1392
G1 Y-0.0916
G2 X1.4878 Y0.0476 I0.1392 J0.
G1 X1.5862
G2 X1.7254 Y-0.0916 I0. J-0.1392
G1 Y-0.19
G2 X1.6435 Y-0.3169 I-0.1392 J0.
G0 Z0.69
X2.7459
G1 Z0.39 F80.
G2 X2.6885 Y-0.3292 I-0.0573 J0.1269 F40.
G1 X2.5901
G2 X2.4509 Y-0.19 I0. J0.1392
G1 Y-0.0916
G2 X2.5901 Y0.0476 I0.1392 J0.
G1 X2.6885
G2 X2.8278 Y-0.0916 I0. J-0.1392
G1 Y-0.19
G2 X2.7459 Y-0.3169 I-0.1392 J0.
G0 Z0.69
X3.3414 Y-0.3184
G1 Z0.39 F80.
G2 X3.3972 Y-0.3067 I0.0558 J-0.1275 F40.
G1 X3.4956
G2 X3.6348 Y-0.4459 I0. J-0.1392
G1 Y-0.938
G2 X3.4956 Y-1.0772 I-0.1392 J0.
X3.4731 Y-1.0744 I0. J0.09
X3.258 Y-0.7966 I0.0717 J0.2777
G1 Y-0.4459
G2 X3.3414 Y-0.3184 I0.1392 J0.
G0 Z0.69
X3.9248 Y-0.228
G1 Z0.39 F80.
G2 X3.7909 Y-0.3292 I-0.1339 J0.038 F40.
G1 X3.6925
G2 X3.5533 Y-0.19 I0. J0.1392
G1 Y-0.0916
G2 X3.6925 Y0.0476 I0.1392 J0.
G1 X3.7909
G2 X3.9301 Y-0.0916 I0. J-0.1392
G1 Y-0.19
G2 X3.9248 Y-0.228 I-0.1392 J0.
G0 Z0.69
X3.258 Y-1.6503
G1 Z0.39 F80.
G2 X3.4731 Y-1.3725 I0.2868 J0. F40.
X3.4956 Y-1.3697 I0.0225 J-0.0871
X3.6348 Y-1.5089 I0. J-0.1392
G1 Y-2.0798
G2 X3.4956 Y-2.219 I-0.1392 J0.
G1 X3.3972
G2 X3.258 Y-2.0798 I0. J0.1392
G1 Y-1.6503
G0 Z0.69
X0.3112 Y-1.4431
G1 Z0.39 F80.
G2 X0.3278 Y-1.5089 I-0.1227 J-0.0658 F40.
G1 Y-2.0798
G2 X0.1885 Y-2.219 I-0.1392 J0.
G1 X0.0901
G2 X-0.0491 Y-2.0798 I0. J0.1392
G1 Y-1.6503
G2 X0.166 Y-1.3725 I0.2868 J0.
X0.1885 Y-1.3697 I0.0225 J-0.0871
X0.3112 Y-1.4431 I0. J-0.1392
G0 Z0.69
Y-1.0038
G1 Z0.39 F80.
G2 X0.1885 Y-1.0772 I-0.1227 J0.0658 F40.
X0.166 Y-1.0744 I0. J0.09
X-0.0491 Y-0.7966 I0.0717 J0.2777
G1 Y-0.4459
G2 X0.0901 Y-0.3067 I0.1392 J0.
G1 X0.1885
G2 X0.3278 Y-0.4459 I0. J-0.1392
G1 Y-0.938
G2 X0.3112 Y-1.0038 I-0.1392 J0.
G0 Z0.69
X0.5411 Y-0.3169
G1 Z0.39 F80.
G2 X0.4838 Y-0.3292 I-0.0573 J0.1269 F40.
G1 X0.3854
G2 X0.2462 Y-0.19 I0. J0.1392
G1 Y-0.0916
G2 X0.3854 Y0.0476 I0.1392 J0.
G1 X0.4838
G2 X0.623 Y-0.0916 I0. J-0.1392
G1 Y-0.19
G2 X0.5411 Y-0.3169 I-0.1392 J0.
G0 Z1.09
X1.7226 Y-2.4046
Z0.69
G1 Z0.2 F80.
G3 X1.3514 I-0.1856 J0. F40.
X1.7226 I0.1856 J0.
G0 Z0.69
X2.8241 Y-2.3874
G1 Z0.2 F80.
G3 X2.4545 Y-2.4217 I-0.1848 J-0.0171 F40.
X2.8241 Y-2.3874 I0.1848 J0.0171
G0 Z0.69
X3.9265
G1 Z0.2 F80.
G3 X3.5569 Y-2.4217 I-0.1848 J-0.0171 F40.
X3.9265 Y-2.3874 I0.1848 J0.0171
G0 Z0.69
X0.6202 Y-2.4046
G1 Z0.2 F80.
G3 X0.249 I-0.1856 J0. F40.
X0.6202 I0.1856 J0.
G0 Z1.09
(2D CHAMFER44)
G0 X3.1947 Y-1.2235
Z1.09
Z0.69
G1 Z0.22 F80.
G3 X3.0937 I-0.0505 J0. F20.
X3.1947 I0.0505 J0.
G0 Z0.69
X4.2466 Y-1.2739
G1 Z0.22 F80.
G3 X4.297 Y-1.2235 I0. J0.0505 F20.
X4.1961 I-0.0505 J0.
X4.2466 Y-1.2739 I0.0505 J0.
G0 Z0.69
X2.0896 Y-1.2071
G1 Z0.22 F80.
G3 X1.9941 Y-1.2399 I-0.0478 J-0.0164 F20.
X2.0896 Y-1.2071 I0.0478 J0.0164
G0 Z0.69
X0.9872
G1 Z0.22 F80.
G3 X0.8917 Y-1.2399 I-0.0478 J-0.0164 F20.
X0.9872 Y-1.2071 I0.0478 J0.0164
G0 Z1.09
M5
M9
G53 G0 Z-0.6
M30
%
